datetime,outdoor_temperature,outdoor_feels_like,outdoor_app_temp,outdoor_dew_point,outdoor_humidity,indoor_temperature,indoor_humidity,solar_and_uvi_solar,solar_and_uvi_uvi,rainfall_piezo_rain_rate,rainfall_piezo_daily,rainfall_piezo_event,rainfall_piezo_hourly,rainfall_piezo_weekly,rainfall_piezo_monthly,rainfall_piezo_yearly,wind_wind_speed,wind_wind_gust,wind_wind_direction,pressure_relative,pressure_absolute,battery_haptic_array_battery,battery_haptic_array_capacitor
2024-03-20 00:00:16+01:00,12.2,12.2,10.4,6.8,69.0,13.5,99.0,0.0,0.0,0.0,0.0,0.0,0.0,3.0,25.8,344.6,5.4,8.6,42.0,1009.9,1009.9,2.74,4.9
2024-03-20 00:04:32+01:00,12.2,12.2,10.6,6.7,69.0,13.4,99.0,0.0,0.0,0.0,0.0,0.0,0.0,3.0,25.8,344.6,4.5,9.7,25.0,1010.0,1010.0,2.74,4.9
2024-03-20 00:10:56+01:00,12.2,12.2,10.4,6.7,69.0,13.4,99.0,0.0,0.0,0.0,0.0,0.0,0.0,3.0,25.8,344.6,5.4,8.6,22.0,1010.1,1010.1,2.74,4.9
2024-03-20 00:15:12+01:00,12.2,12.2,10.2,6.7,69.0,13.3,99.0,0.0,0.0,0.0,0.0,0.0,0.0,3.0,25.8,344.6,6.2,10.1,37.0,1010.1,1010.1,2.74,4.9
2024-03-20 00:19:28+01:00,12.2,12.2,10.0,6.7,69.0,13.3,99.0,0.0,0.0,0.0,0.0,0.0,0.0,3.0,25.8,344.6,7.1,9.7,31.0,1009.9,1009.9,2.74,4.9
2024-03-20 00:25:52+01:00,12.2,12.2,10.2,6.7,69.0,13.2,99.0,0.0,0.0,0.0,0.0,0.0,0.0,3.0,25.8,344.6,6.2,8.6,41.0,1009.9,1009.9,2.74,4.9
2024-03-20 00:30:08+01:00,12.1,12.1,10.2,6.7,69.0,13.2,99.0,0.0,0.0,0.0,0.0,0.0,0.0,3.0,25.8,344.6,6.0,11.5,44.0,1010.0,1010.0,2.74,4.9
2024-03-20 00:34:24+01:00,12.1,12.1,10.1,6.7,69.0,13.2,99.0,0.0,0.0,0.0,0.0,0.0,0.0,3.0,25.8,344.6,5.8,11.2,38.0,1009.9,1009.9,2.74,4.9
2024-03-20 00:40:48+01:00,12.0,12.0,10.2,6.6,69.0,13.1,99.0,0.0,0.0,0.0,0.0,0.0,0.0,3.0,25.8,344.6,5.4,10.4,50.0,1009.9,1009.9,2.74,4.9
2024-03-20 00:45:04+01:00,11.9,11.9,10.3,6.6,70.0,13.1,99.0,0.0,0.0,0.0,0.0,0.0,0.0,3.0,25.8,344.6,4.6,9.4,41.0,1009.9,1009.9,2.74,4.9
2024-03-20 00:49:20+01:00,11.9,11.9,10.1,6.6,70.0,13.0,99.0,0.0,0.0,0.0,0.0,0.0,0.0,3.0,25.8,344.6,5.0,9.0,34.0,1010.0,1010.0,2.74,4.9
2024-03-20 00:55:44+01:00,11.9,11.9,9.9,6.6,70.0,13.0,99.0,0.0,0.0,0.0,0.0,0.0,0.0,3.0,25.8,344.6,6.2,9.7,48.0,1010.0,1010.0,2.74,4.9
2024-03-20 01:00:00+01:00,11.9,11.9,10.0,6.6,70.0,13.0,99.0,0.0,0.0,0.0,0.0,0.0,0.0,3.0,25.8,344.6,5.8,9.7,45.0,1010.0,1010.0,2.74,4.9
2024-03-20 01:04:16+01:00,11.8,11.8,10.0,6.6,70.0,12.9,99.0,0.0,0.0,0.0,0.0,0.0,0.0,3.0,25.8,344.6,5.0,7.9,29.0,1010.0,1010.0,2.74,4.9
2024-03-20 01:10:40+01:00,11.7,11.7,9.9,6.6,71.0,12.9,99.0,0.0,0.0,0.0,0.0,0.0,0.0,3.0,25.8,344.6,5.5,8.3,37.0,1009.8,1009.8,2.74,4.9
2024-03-20 01:14:56+01:00,11.7,11.7,9.9,6.6,71.0,12.8,99.0,0.0,0.0,0.0,0.0,0.0,0.0,3.0,25.8,344.6,5.2,8.6,30.0,1009.9,1009.9,2.74,4.9
2024-03-20 01:19:12+01:00,11.7,11.7,9.7,6.6,71.0,12.8,99.0,0.0,0.0,0.0,0.0,0.0,0.0,3.0,25.8,344.6,6.3,9.4,39.0,1009.8,1009.8,2.74,4.9
2024-03-20 01:25:36+01:00,11.6,11.6,9.7,6.6,71.0,12.8,99.0,0.0,0.0,0.0,0.0,0.0,0.0,3.0,25.8,344.6,5.3,6.8,31.0,1009.8,1009.8,2.74,4.9
2024-03-20 01:29:52+01:00,11.6,11.6,9.7,6.6,71.0,12.7,99.0,0.0,0.0,0.0,0.0,0.0,0.0,3.0,25.8,344.6,5.5,7.6,29.0,1009.8,1009.8,2.74,4.9
2024-03-20 01:34:08+01:00,11.6,11.6,9.7,6.6,71.0,12.7,99.0,0.0,0.0,0.0,0.0,0.0,0.0,3.0,25.8,344.6,5.7,7.6,34.0,1009.8,1009.8,2.74,4.9
2024-03-20 01:40:32+01:00,11.5,11.5,9.7,6.5,72.0,12.6,99.0,0.0,0.0,0.0,0.0,0.0,0.0,3.0,25.8,344.6,5.0,7.9,42.0,1009.7,1009.7,2.74,4.9
2024-03-20 01:44:48+01:00,11.4,11.4,9.6,6.5,72.0,12.6,99.0,0.0,0.0,0.0,0.0,0.0,0.0,3.0,25.8,344.6,5.2,7.9,42.0,1009.8,1009.8,2.74,4.8
2024-03-20 01:49:04+01:00,11.3,11.3,9.4,6.5,72.0,12.6,99.0,0.0,0.0,0.0,0.0,0.0,0.0,3.0,25.8,344.6,5.8,7.9,38.0,1009.8,1009.8,2.74,4.8
2024-03-20 01:55:28+01:00,11.3,11.3,9.7,6.5,72.0,12.5,99.0,0.0,0.0,0.0,0.0,0.0,0.0,3.0,25.8,344.6,4.3,7.2,53.0,1009.7,1009.7,2.74,4.8
2024-03-20 01:59:44+01:00,11.3,11.3,9.6,6.5,72.0,12.5,99.0,0.0,0.0,0.0,0.0,0.0,0.0,3.0,25.8,344.6,4.6,8.3,42.0,1009.6,1009.6,2.74,4.8
2024-03-20 02:04:00+01:00,11.3,11.3,9.9,6.5,72.0,12.4,99.0,0.0,0.0,0.0,0.0,0.0,0.0,3.0,25.8,344.6,3.2,6.5,46.0,1009.7,1009.7,2.74,4.8
2024-03-20 02:10:24+01:00,11.3,11.3,10.2,6.6,73.0,12.4,99.0,0.0,0.0,0.0,0.0,0.0,0.0,3.0,25.8,344.6,1.9,4.0,27.0,1009.7,1009.7,2.74,4.8
2024-03-20 02:14:40+01:00,11.0,11.0,10.1,6.5,74.0,12.4,99.0,0.0,0.0,0.0,0.0,0.0,0.0,3.0,25.8,344.6,0.4,2.5,235.0,1009.6,1009.6,2.74,4.8
2024-03-20 02:21:04+01:00,11.0,11.0,9.9,6.4,74.0,12.3,99.0,0.0,0.0,0.0,0.0,0.0,0.0,3.0,25.8,344.6,1.2,3.2,52.0,1009.6,1009.6,2.74,4.8
2024-03-20 02:25:20+01:00,11.1,11.1,9.8,6.4,73.0,12.3,99.0,0.0,0.0,0.0,0.0,0.0,0.0,3.0,25.8,344.6,2.4,3.2,51.0,1009.6,1009.6,2.74,4.8
2024-03-20 02:29:36+01:00,11.1,11.1,9.9,6.5,73.0,12.3,99.0,0.0,0.0,0.0,0.0,0.0,0.0,3.0,25.8,344.6,2.0,4.0,41.0,1009.6,1009.6,2.74,4.8
2024-03-20 02:36:00+01:00,11.0,11.0,9.8,6.5,74.0,12.2,99.0,0.0,0.0,0.0,0.0,0.0,0.0,3.0,25.8,344.6,2.0,4.3,30.0,1009.6,1009.6,2.74,4.8
2024-03-20 02:40:16+01:00,10.9,10.9,9.7,6.5,74.0,12.2,99.0,0.0,0.0,0.0,0.0,0.0,0.0,3.0,25.8,344.6,2.1,2.9,86.0,1009.5,1009.5,2.74,4.8
2024-03-20 02:44:32+01:00,10.5,10.5,9.4,6.3,75.0,12.2,99.0,0.0,0.0,0.0,0.0,0.0,0.0,3.0,25.8,344.6,1.4,3.2,165.0,1009.5,1009.5,2.74,4.8
2024-03-20 02:50:56+01:00,10.3,10.3,9.3,6.3,76.0,12.1,99.0,0.0,0.0,0.0,0.0,0.0,0.0,3.0,25.8,344.6,0.8,2.5,125.0,1009.6,1009.6,2.74,4.8
2024-03-20 02:55:12+01:00,10.2,10.2,9.1,6.2,76.0,12.1,99.0,0.0,0.0,0.0,0.0,0.0,0.0,3.0,25.8,344.6,1.3,3.2,104.0,1009.6,1009.6,2.74,4.8
2024-03-20 02:59:28+01:00,10.4,10.4,9.3,6.4,76.0,12.1,99.0,0.0,0.0,0.0,0.0,0.0,0.0,3.0,25.8,344.6,1.7,3.2,49.0,1009.5,1009.5,2.74,4.8
2024-03-20 03:05:52+01:00,10.4,10.4,9.5,6.4,76.0,12.0,99.0,0.0,0.0,0.0,0.0,0.0,0.0,3.0,25.8,344.6,0.8,2.9,64.0,1009.5,1009.5,2.74,4.8
2024-03-20 03:10:08+01:00,10.3,10.3,9.2,6.4,77.0,12.0,99.0,0.0,0.0,0.0,0.0,0.0,0.0,3.0,25.8,344.6,1.4,2.9,146.0,1009.5,1009.5,2.74,4.8
2024-03-20 03:14:24+01:00,10.1,10.1,8.9,6.3,77.0,12.0,99.0,0.0,0.0,0.0,0.0,0.0,0.0,3.0,25.8,344.6,1.8,3.2,134.0,1009.5,1009.5,2.74,4.8
2024-03-20 03:20:48+01:00,10.0,10.0,9.1,6.3,78.0,11.9,99.0,0.0,0.0,0.0,0.0,0.0,0.0,3.0,25.8,344.6,0.4,2.2,99.0,1009.5,1009.5,2.74,4.8
2024-03-20 03:25:04+01:00,10.2,10.2,9.1,6.4,77.0,11.9,99.0,0.0,0.0,0.0,0.0,0.0,0.0,3.0,25.8,344.6,1.1,2.5,103.0,1009.5,1009.5,2.74,4.8
2024-03-20 03:29:20+01:00,10.3,10.3,9.4,6.4,77.0,11.8,99.0,0.0,0.0,0.0,0.0,0.0,0.0,3.0,25.8,344.6,0.4,2.2,152.0,1009.6,1009.6,2.74,4.8
2024-03-20 03:35:44+01:00,10.3,10.3,9.5,6.4,77.0,11.8,99.0,0.0,0.0,0.0,0.0,0.0,0.0,3.0,25.8,344.6,0.0,2.2,126.0,1009.6,1009.6,2.74,4.8
2024-03-20 03:40:00+01:00,10.5,10.5,9.4,6.4,76.0,11.8,99.0,0.0,0.0,0.0,0.0,0.0,0.0,3.0,25.8,344.6,1.2,3.6,52.0,1009.5,1009.5,2.74,4.8
2024-03-20 03:44:16+01:00,10.5,10.5,9.2,6.5,76.0,11.8,99.0,0.0,0.0,0.0,0.0,0.0,0.0,3.0,25.8,344.6,2.8,4.7,56.0,1009.5,1009.5,2.74,4.7
2024-03-20 03:50:40+01:00,10.4,10.4,9.2,6.4,76.0,11.7,99.0,0.0,0.0,0.0,0.0,0.0,0.0,3.0,25.8,344.6,2.0,4.0,49.0,1009.6,1009.6,2.74,4.7
2024-03-20 03:54:56+01:00,10.4,10.4,9.4,6.5,77.0,11.7,99.0,0.0,0.0,0.0,0.0,0.0,0.0,3.0,25.8,344.6,1.0,3.6,41.0,1009.5,1009.5,2.74,4.7
2024-03-20 03:59:12+01:00,10.4,10.4,9.5,6.5,77.0,11.7,99.0,0.0,0.0,0.0,0.0,0.0,0.0,3.0,25.8,344.6,0.8,2.2,36.0,1009.5,1009.5,2.74,4.7
2024-03-20 04:05:36+01:00,10.5,10.5,9.4,6.5,76.0,11.7,99.0,0.0,0.0,0.0,0.0,0.0,0.0,3.0,25.8,344.6,1.6,2.9,66.0,1009.6,1009.6,2.74,4.7
2024-03-20 04:09:52+01:00,10.4,10.4,9.6,6.6,77.0,11.6,99.0,0.0,0.0,0.0,0.0,0.0,0.0,3.0,25.8,344.6,0.0,4.0,67.0,1009.5,1009.5,2.74,4.7
2024-03-20 04:14:08+01:00,10.2,10.2,9.2,6.5,78.0,11.6,99.0,0.0,0.0,0.0,0.0,0.0,0.0,3.0,25.8,344.6,0.9,2.9,162.0,1009.6,1009.6,2.74,4.7
2024-03-20 04:20:32+01:00,10.0,10.0,8.7,6.4,78.0,11.6,99.0,0.0,0.0,0.0,0.0,0.0,0.0,3.0,25.8,344.6,2.4,5.4,40.0,1009.5,1009.5,2.74,4.7
2024-03-20 04:24:48+01:00,10.3,10.3,8.5,6.5,78.0,11.5,99.0,0.0,0.0,0.0,0.0,0.0,0.0,3.0,25.8,344.6,4.8,6.1,42.0,1009.5,1009.5,2.74,4.7
2024-03-20 04:29:04+01:00,10.6,10.6,9.0,6.8,77.0,11.5,99.0,0.0,0.0,0.0,0.0,0.0,0.0,3.0,25.8,344.6,4.3,6.1,40.0,1009.4,1009.4,2.74,4.7
2024-03-20 04:35:28+01:00,10.3,10.3,8.9,6.7,78.0,11.5,99.0,0.0,0.0,0.0,0.0,0.0,0.0,3.0,25.8,344.6,3.5,4.7,43.0,1009.4,1009.4,2.74,4.7
2024-03-20 04:39:44+01:00,10.5,10.5,8.9,6.8,78.0,11.5,99.0,0.0,0.0,0.0,0.0,0.0,0.0,3.0,25.8,344.6,4.1,5.4,47.0,1009.5,1009.5,2.74,4.7
2024-03-20 04:44:00+01:00,10.5,10.5,9.0,6.7,77.0,11.4,99.0,0.0,0.0,0.0,0.0,0.0,0.0,3.0,25.8,344.6,3.6,5.8,51.0,1009.4,1009.4,2.74,4.7
2024-03-20 04:50:24+01:00,10.4,10.4,9.2,6.8,78.0,11.4,99.0,0.0,0.0,0.0,0.0,0.0,0.0,3.0,25.8,344.6,2.3,4.0,104.0,1009.5,1009.5,2.74,4.7
2024-03-20 04:54:40+01:00,10.1,10.1,9.2,6.6,79.0,11.4,99.0,0.0,0.0,0.0,0.0,0.0,0.0,3.0,25.8,344.6,0.4,3.2,128.0,1009.5,1009.5,2.74,4.7
2024-03-20 04:58:56+01:00,10.0,10.0,9.1,6.6,79.0,11.3,99.0,0.0,0.0,0.0,0.0,0.0,0.0,3.0,25.8,344.6,0.4,2.2,43.0,1009.5,1009.5,2.74,4.7
2024-03-20 05:05:20+01:00,10.2,10.2,9.0,6.6,78.0,11.3,99.0,0.0,0.0,0.0,0.0,0.0,0.0,3.0,25.8,344.6,2.2,5.4,46.0,1009.5,1009.5,2.74,4.7
2024-03-20 05:09:36+01:00,10.5,10.5,8.7,6.7,77.0,11.3,99.0,0.0,0.0,0.0,0.0,0.0,0.0,3.0,25.8,344.6,5.4,6.5,44.0,1009.5,1009.5,2.74,4.7
2024-03-20 05:16:00+01:00,10.7,10.7,8.9,6.8,77.0,11.3,99.0,0.0,0.0,0.0,0.0,0.0,0.0,3.0,25.8,344.6,5.2,6.1,35.0,1009.5,1009.5,2.74,4.7
2024-03-20 05:20:16+01:00,10.5,10.5,8.8,6.7,77.0,11.2,99.0,0.0,0.0,0.0,0.0,0.0,0.0,3.0,25.8,344.6,4.6,6.5,33.0,1009.4,1009.4,2.74,4.7
2024-03-20 05:24:32+01:00,10.5,10.5,8.8,6.7,77.0,11.2,99.0,0.0,0.0,0.0,0.0,0.0,0.0,3.0,25.8,344.6,4.8,6.5,32.0,1009.4,1009.4,2.74,4.7
2024-03-20 05:30:56+01:00,10.5,10.5,8.8,6.7,77.0,11.2,99.0,0.0,0.0,0.0,0.0,0.0,0.0,3.0,25.8,344.6,4.8,6.5,35.0,1009.4,1009.4,2.74,4.7
2024-03-20 05:35:12+01:00,10.5,10.5,9.0,6.7,77.0,11.2,99.0,0.0,0.0,0.0,0.0,0.0,0.0,3.0,25.8,344.6,4.0,6.1,47.0,1009.4,1009.4,2.74,4.6
2024-03-20 05:39:28+01:00,10.4,10.4,8.8,6.6,78.0,11.1,99.0,0.0,0.0,0.0,0.0,0.0,0.0,3.0,25.8,344.6,4.2,6.1,43.0,1009.4,1009.4,2.74,4.6
2024-03-20 05:45:52+01:00,10.4,10.4,8.9,6.7,78.0,11.1,99.0,0.0,0.0,0.0,0.0,0.0,0.0,3.0,25.8,344.6,3.7,5.8,49.0,1009.3,1009.3,2.74,4.6
2024-03-20 05:50:08+01:00,10.2,10.2,9.3,6.6,78.0,11.1,99.0,0.0,0.0,0.0,0.0,0.0,0.0,3.0,25.8,344.6,0.8,4.7,38.0,1009.4,1009.4,2.74,4.6
2024-03-20 05:54:24+01:00,9.9,9.9,9.1,6.5,79.0,11.0,99.0,0.0,0.0,0.0,0.0,0.0,0.0,3.0,25.8,344.6,0.0,1.8,86.0,1009.5,1009.5,2.74,4.6
2024-03-20 06:00:48+01:00,9.8,9.8,9.0,6.5,79.0,11.0,99.0,0.0,0.0,0.0,0.0,0.0,0.0,3.0,25.8,344.6,0.0,2.2,88.0,1009.5,1009.5,2.74,4.6
2024-03-20 06:05:04+01:00,9.8,9.8,8.7,6.5,80.0,11.0,99.0,0.0,0.0,0.0,0.0,0.0,0.0,3.0,25.8,344.6,1.3,2.9,55.0,1009.5,1009.5,2.74,4.6
2024-03-20 06:09:20+01:00,9.7,9.7,8.8,6.4,80.0,11.0,99.0,0.2,0.0,0.0,0.0,0.0,0.0,3.0,25.8,344.6,0.0,2.5,159.0,1009.5,1009.5,2.74,4.6
2024-03-20 06:15:44+01:00,9.6,9.6,8.7,6.5,81.0,10.9,99.0,0.4,0.0,0.0,0.0,0.0,0.0,3.0,25.8,344.6,0.4,2.5,121.0,1009.5,1009.5,2.74,4.6
2024-03-20 06:20:00+01:00,9.5,9.5,8.5,6.3,81.0,10.9,99.0,0.8,0.0,0.0,0.0,0.0,0.0,3.0,25.8,344.6,0.7,2.5,76.0,1009.5,1009.5,2.74,4.6
2024-03-20 06:24:16+01:00,9.7,9.7,8.7,6.5,81.0,10.9,99.0,1.5,0.0,0.0,0.0,0.0,0.0,3.0,25.8,344.6,0.4,2.5,118.0,1009.5,1009.5,2.74,4.6
2024-03-20 06:30:40+01:00,9.5,9.5,8.5,6.3,81.0,10.8,99.0,2.4,0.0,0.0,0.0,0.0,0.0,3.0,25.8,344.6,0.4,2.5,107.0,1009.6,1009.6,2.74,4.6
2024-03-20 06:34:56+01:00,9.3,9.3,8.3,6.4,82.0,10.8,99.0,3.5,0.0,0.0,0.0,0.0,0.0,3.0,25.8,344.6,0.5,4.0,100.0,1009.6,1009.6,2.74,4.6
2024-03-20 06:39:12+01:00,9.2,9.2,8.4,6.4,82.0,10.8,99.0,5.6,0.0,0.0,0.0,0.0,0.0,3.0,25.8,344.6,0.0,4.0,104.0,1009.6,1009.6,2.74,4.6
2024-03-20 06:45:36+01:00,9.4,9.4,8.5,6.4,81.0,10.8,99.0,8.8,0.0,0.0,0.0,0.0,0.0,3.0,25.8,344.6,0.5,2.5,39.0,1009.6,1009.6,2.74,4.6
2024-03-20 06:49:52+01:00,9.7,9.7,8.2,6.5,80.0,10.7,99.0,13.2,0.0,0.0,0.0,0.0,0.0,3.0,25.8,344.6,3.9,5.0,34.0,1009.6,1009.6,2.74,4.6
2024-03-20 06:54:08+01:00,10.0,10.0,8.4,6.7,80.0,10.7,99.0,18.1,0.0,0.0,0.0,0.0,0.0,3.0,25.8,344.6,4.0,5.8,30.0,1009.6,1009.6,2.74,4.6
2024-03-20 07:00:32+01:00,10.0,10.0,8.9,6.6,80.0,10.7,99.0,22.6,0.0,0.0,0.0,0.0,0.0,3.0,25.8,344.6,1.6,5.0,36.0,1009.7,1009.7,2.74,4.6
2024-03-20 07:04:48+01:00,9.8,9.8,8.6,6.6,80.0,10.7,99.0,27.3,0.0,0.0,0.0,0.0,0.0,3.0,25.8,344.6,2.0,3.6,136.0,1009.7,1009.7,2.74,4.6
2024-03-20 07:09:04+01:00,9.7,9.7,8.9,6.6,81.0,10.7,99.0,32.3,0.0,0.0,0.0,0.0,0.0,3.0,25.8,344.6,0.0,2.5,71.0,1009.8,1009.8,2.74,4.6
2024-03-20 07:15:28+01:00,9.7,9.7,8.8,6.6,81.0,10.7,99.0,37.7,0.0,0.0,0.0,0.0,0.0,3.0,25.8,344.6,0.4,2.5,147.0,1009.7,1009.7,2.74,4.6
2024-03-20 07:19:44+01:00,10.0,10.0,8.6,6.7,80.0,10.7,99.0,41.7,0.0,0.0,0.0,0.0,0.0,3.0,25.8,344.6,3.0,4.7,54.0,1009.8,1009.8,2.74,4.6
2024-03-20 07:24:00+01:00,10.3,10.3,9.4,6.8,79.0,10.7,99.0,46.9,0.0,0.0,0.0,0.0,0.0,3.0,25.8,344.6,0.9,4.3,62.0,1009.7,1009.7,2.74,4.6
2024-03-20 07:30:24+01:00,10.4,10.4,9.4,6.8,79.0,10.7,99.0,49.1,0.0,0.0,0.0,0.0,0.0,3.0,25.8,344.6,1.4,3.2,64.0,1009.8,1009.8,2.74,4.6
2024-03-20 07:34:40+01:00,10.5,10.5,9.4,7.0,79.0,10.7,99.0,53.8,0.0,0.0,0.0,0.0,0.0,3.0,25.8,344.6,2.1,2.9,129.0,1009.8,1009.8,2.74,4.6
2024-03-20 07:41:04+01:00,10.4,10.4,9.5,6.9,79.0,10.7,99.0,57.9,0.0,0.0,0.0,0.0,0.0,3.0,25.8,344.6,0.9,2.9,128.0,1010.0,1010.0,2.74,4.6
2024-03-20 07:45:20+01:00,10.4,10.4,9.4,6.8,78.0,10.7,99.0,65.0,0.0,0.0,0.0,0.0,0.0,3.0,25.8,344.6,1.6,3.2,131.0,1010.0,1010.0,2.74,4.6
2024-03-20 07:49:36+01:00,10.6,10.6,9.7,6.9,78.0,10.7,99.0,70.3,0.0,0.0,0.0,0.0,0.0,3.0,25.8,344.6,0.8,2.5,116.0,1010.1,1010.1,2.74,4.6
2024-03-20 07:56:00+01:00,10.8,10.8,9.9,7.0,77.0,10.7,99.0,79.4,0.0,0.0,0.0,0.0,0.0,3.0,25.8,344.6,0.8,2.5,123.0,1010.0,1010.0,2.74,4.6
2024-03-20 08:00:16+01:00,11.1,11.1,10.3,7.1,77.0,10.8,99.0,87.5,0.0,0.0,0.0,0.0,0.0,3.0,25.8,344.6,0.4,1.8,44.0,1010.1,1010.1,2.74,4.6
2024-03-20 08:04:32+01:00,11.3,11.3,10.7,7.3,76.0,10.8,99.0,88.7,0.0,0.0,0.0,0.0,0.0,3.0,25.8,344.6,0.0,2.5,67.0,1010.1,1010.1,2.74,4.7
2024-03-20 08:10:56+01:00,11.5,11.5,10.8,7.5,77.0,10.8,99.0,91.3,0.0,0.0,0.0,0.0,0.0,3.0,25.8,344.6,0.7,2.2,113.0,1010.2,1010.2,2.74,4.7
2024-03-20 08:15:12+01:00,11.6,11.6,10.8,7.4,75.0,10.9,99.0,93.8,0.0,0.0,0.0,0.0,0.0,3.0,25.8,344.6,0.9,2.9,136.0,1010.2,1010.2,2.74,4.7
2024-03-20 08:19:28+01:00,11.7,11.7,11.0,7.3,74.0,10.9,99.0,105.6,0.0,0.0,0.0,0.0,0.0,3.0,25.8,344.6,0.7,2.5,141.0,1010.2,1010.2,2.74,4.7
2024-03-20 08:25:52+01:00,12.0,12.0,11.1,7.4,73.0,11.0,99.0,119.8,1.0,0.0,0.0,0.0,0.0,3.0,25.8,344.6,1.3,3.2,162.0,1010.1,1010.1,2.74,4.7
2024-03-20 08:30:08+01:00,12.3,12.3,11.7,7.6,73.0,11.1,99.0,134.7,1.0,0.0,0.0,0.0,0.0,3.0,25.8,344.6,0.0,2.9,139.0,1010.2,1010.2,2.74,4.7
2024-03-20 08:34:24+01:00,12.6,12.6,11.7,7.6,71.0,11.2,99.0,139.7,1.0,0.0,0.0,0.0,0.0,3.0,25.8,344.6,1.6,3.2,163.0,1010.2,1010.2,2.74,4.8
2024-03-20 08:40:48+01:00,12.6,12.6,11.8,7.5,71.0,11.3,99.0,148.5,1.0,0.0,0.0,0.0,0.0,3.0,25.8,344.6,0.9,2.5,175.0,1010.2,1010.2,2.74,4.8
2024-03-20 08:45:04+01:00,13.0,13.0,12.2,7.8,71.0,11.4,99.0,153.1,1.0,0.0,0.0,0.0,0.0,3.0,25.8,344.6,1.4,3.2,139.0,1010.2,1010.2,2.74,4.8
2024-03-20 08:49:20+01:00,13.3,13.3,12.5,8.1,71.0,11.5,99.0,163.5,1.0,0.0,0.0,0.0,0.0,3.0,25.8,344.6,1.7,3.2,131.0,1010.2,1010.2,2.74,4.8
2024-03-20 08:55:44+01:00,13.6,13.6,12.7,8.2,70.0,11.7,99.0,169.6,1.0,0.0,0.0,0.0,0.0,3.0,25.8,344.6,2.2,3.6,124.0,1010.3,1010.3,2.74,4.9
2024-03-20 09:00:00+01:00,13.7,13.7,12.7,8.3,70.0,11.8,99.0,175.7,1.0,0.0,0.0,0.0,0.0,3.0,25.8,344.6,3.1,5.8,136.0,1010.4,1010.4,2.74,4.9
2024-03-20 09:04:16+01:00,13.8,13.8,12.9,8.2,69.0,11.9,99.0,191.6,1.0,0.0,0.0,0.0,0.0,3.0,25.8,344.6,2.8,5.8,103.0,1010.4,1010.4,2.74,4.9
2024-03-20 09:10:40+01:00,13.7,13.7,12.6,8.1,69.0,12.1,99.0,175.0,1.0,0.0,0.0,0.0,0.0,3.0,25.8,344.6,3.3,7.6,115.0,1010.4,1010.4,2.74,4.9
2024-03-20 09:14:56+01:00,13.8,13.8,12.6,8.2,69.0,12.2,99.0,188.9,1.0,0.0,0.0,0.0,0.0,3.0,25.8,344.6,3.6,6.8,85.0,1010.5,1010.5,2.74,5.0
2024-03-20 09:19:12+01:00,13.7,13.7,12.3,8.3,70.0,12.3,99.0,188.9,1.0,0.0,0.0,0.0,0.0,3.0,25.8,344.6,5.1,7.2,48.0,1010.5,1010.5,2.74,5.0
2024-03-20 09:25:36+01:00,13.7,13.7,12.3,8.2,69.0,12.5,99.0,217.6,2.0,0.0,0.0,0.0,0.0,3.0,25.8,344.6,5.2,7.6,48.0,1010.5,1010.5,2.74,5.1
2024-03-20 09:29:52+01:00,13.9,13.9,12.8,8.4,69.0,12.7,99.0,239.0,2.0,0.0,0.0,0.0,0.0,3.0,25.8,344.6,3.9,7.6,52.0,1010.7,1010.7,2.74,5.1
2024-03-20 09:34:08+01:00,14.6,14.6,13.7,8.6,67.0,12.8,99.0,251.8,2.0,0.0,0.0,0.0,0.0,3.0,25.8,344.6,2.7,6.5,123.0,1010.6,1010.6,2.74,5.1
2024-03-20 09:40:32+01:00,15.2,15.2,14.2,8.8,66.0,13.0,99.0,254.2,2.0,0.0,0.0,0.0,0.0,3.0,25.8,344.6,3.5,5.8,106.0,1010.7,1010.7,2.74,5.1
2024-03-20 09:44:48+01:00,15.3,15.3,14.6,8.7,65.0,13.2,99.0,263.1,2.0,0.0,0.0,0.0,0.0,3.0,25.8,344.6,1.9,5.8,105.0,1010.7,1010.7,2.74,5.2
2024-03-20 09:49:04+01:00,15.8,15.8,14.9,8.9,64.0,13.3,99.0,279.9,2.0,0.0,0.0,0.0,0.0,3.0,25.8,344.6,3.5,5.8,114.0,1010.8,1010.8,2.74,5.2
2024-03-20 09:55:28+01:00,16.1,16.1,15.3,9.2,64.0,13.6,99.0,281.8,2.0,0.0,0.0,0.0,0.0,3.0,25.8,344.6,3.2,5.8,83.0,1010.7,1010.7,2.74,5.2
2024-03-20 09:59:44+01:00,16.0,16.0,14.8,9.0,63.0,13.8,99.0,293.1,2.0,0.0,0.0,0.0,0.0,3.0,25.8,344.6,5.0,9.0,106.0,1010.7,1010.7,2.74,5.2
2024-03-20 10:04:00+01:00,15.8,15.8,14.5,8.9,63.0,14.0,99.0,299.0,2.0,0.0,0.0,0.0,0.0,3.0,25.8,344.6,5.4,9.0,122.0,1010.8,1010.8,2.74,5.2
2024-03-20 10:10:24+01:00,16.5,16.5,15.6,9.1,62.0,14.2,99.0,317.7,2.0,0.0,0.0,0.0,0.0,3.0,25.8,344.6,3.6,6.1,117.0,1010.7,1010.7,2.74,5.2
2024-03-20 10:14:40+01:00,16.9,16.9,15.9,9.4,61.0,14.5,99.0,327.0,3.0,0.0,0.0,0.0,0.0,3.0,25.8,344.6,4.4,9.0,100.0,1010.7,1010.7,2.74,5.3
2024-03-20 10:18:56+01:00,16.1,16.1,14.9,9.1,63.0,14.7,99.0,321.1,2.0,0.0,0.0,0.0,0.0,3.0,25.8,344.6,5.3,9.4,67.0,1010.7,1010.7,2.74,5.3
2024-03-20 10:25:20+01:00,15.9,15.9,14.8,9.0,64.0,14.9,99.0,346.0,3.0,0.0,0.0,0.0,0.0,3.0,25.8,344.6,4.6,7.9,63.0,1010.7,1010.7,2.72,5.3
2024-03-20 10:29:36+01:00,16.1,16.1,15.1,9.1,63.0,15.2,99.0,357.2,3.0,0.0,0.0,0.0,0.0,3.0,25.8,344.6,4.5,7.9,76.0,1010.6,1010.6,2.72,5.3
2024-03-20 10:36:00+01:00,16.6,16.6,15.4,9.3,62.0,15.4,99.0,312.8,2.0,0.0,0.0,0.0,0.0,3.0,25.8,344.6,5.3,10.1,74.0,1010.7,1010.7,2.72,5.3
2024-03-20 10:40:16+01:00,16.8,16.8,16.2,9.7,63.0,15.7,99.0,302.5,2.0,0.0,0.0,0.0,0.0,3.0,25.8,344.6,3.1,7.9,89.0,1010.7,1010.7,2.72,5.3
2024-03-20 10:44:32+01:00,16.8,16.8,15.6,9.6,63.0,15.8,99.0,339.3,3.0,0.0,0.0,0.0,0.0,3.0,25.8,344.6,6.0,13.7,72.0,1010.8,1010.8,2.72,5.3
2024-03-20 10:50:56+01:00,16.9,16.9,16.0,9.5,62.0,16.1,99.0,388.2,3.0,0.0,0.0,0.0,0.0,3.0,25.8,344.6,4.0,6.8,98.0,1010.6,1010.6,2.72,5.3
2024-03-20 10:55:12+01:00,17.5,17.5,16.6,9.5,59.0,16.3,99.0,402.6,3.0,0.0,0.0,0.0,0.0,3.0,25.8,344.6,4.1,6.8,117.0,1010.7,1010.7,2.72,5.3
2024-03-20 10:59:28+01:00,17.9,17.9,17.3,10.0,60.0,16.5,99.0,378.5,3.0,0.0,0.0,0.0,0.0,3.0,25.8,344.6,3.2,10.8,76.0,1010.7,1010.7,2.72,5.3
2024-03-20 11:05:52+01:00,17.2,17.2,16.1,9.7,62.0,16.8,99.0,400.1,3.0,0.0,0.0,0.0,0.0,3.0,25.8,344.6,5.0,9.4,59.0,1010.6,1010.6,2.72,5.3
2024-03-20 11:10:08+01:00,17.7,17.7,16.6,9.7,60.0,17.0,99.0,371.1,3.0,0.0,0.0,0.0,0.0,3.0,25.8,344.6,5.3,10.1,107.0,1010.5,1010.5,2.72,5.3
2024-03-20 11:14:24+01:00,17.6,17.6,17.3,9.7,60.0,17.3,99.0,385.9,3.0,0.0,0.0,0.0,0.0,3.0,25.8,344.6,1.6,6.1,84.0,1010.6,1010.6,2.72,5.3
2024-03-20 11:20:48+01:00,18.4,18.4,17.9,9.7,57.0,17.5,99.0,433.5,4.0,0.0,0.0,0.0,0.0,3.0,25.8,344.6,2.2,8.3,148.0,1010.6,1010.6,2.72,5.3
2024-03-20 11:25:04+01:00,19.0,19.0,18.3,9.8,55.0,17.8,99.0,403.6,3.0,0.0,0.0,0.0,0.0,3.0,25.8,344.6,3.5,5.8,163.0,1010.5,1010.5,2.72,5.3
2024-03-20 11:29:20+01:00,18.6,18.6,18.1,10.0,57.0,18.1,99.0,400.8,3.0,0.0,0.0,0.0,0.0,3.0,25.8,344.6,2.7,9.4,131.0,1010.6,1010.6,2.72,5.3
2024-03-20 11:35:44+01:00,18.4,18.4,17.7,9.7,57.0,18.3,98.0,402.7,3.0,0.0,0.0,0.0,0.0,3.0,25.8,344.6,3.2,10.4,119.0,1010.6,1010.6,2.72,5.3
2024-03-20 11:40:00+01:00,18.6,18.6,18.2,9.9,57.0,18.6,98.0,382.4,3.0,0.0,0.0,0.0,0.0,3.0,25.8,344.6,2.2,8.6,81.0,1010.6,1010.6,2.72,5.3
2024-03-20 11:44:16+01:00,18.9,18.9,18.4,10.0,56.0,18.7,98.0,383.4,3.0,0.0,0.0,0.0,0.0,3.0,25.8,344.6,2.9,7.9,110.0,1010.7,1010.7,2.72,5.3
2024-03-20 11:50:40+01:00,18.8,18.8,17.9,9.9,56.0,19.0,98.0,417.4,3.0,0.0,0.0,0.0,0.0,3.0,25.8,344.6,4.2,9.7,125.0,1010.7,1010.7,2.72,5.3
2024-03-20 11:54:56+01:00,18.4,18.4,17.8,9.8,57.0,19.2,98.0,456.2,4.0,0.0,0.0,0.0,0.0,3.0,25.8,344.6,2.6,7.6,73.0,1010.6,1010.6,2.72,5.3
2024-03-20 11:59:12+01:00,18.6,18.6,17.8,10.0,57.0,19.5,98.0,405.8,3.0,0.0,0.0,0.0,0.0,3.0,25.8,344.6,4.2,9.7,58.0,1010.6,1010.6,2.72,5.3
2024-03-20 12:05:36+01:00,18.7,18.7,18.0,10.0,57.0,19.7,98.0,435.1,4.0,0.0,0.0,0.0,0.0,3.0,25.8,344.6,3.6,9.4,31.0,1010.6,1010.6,2.72,5.3
2024-03-20 12:09:52+01:00,18.9,18.9,18.3,10.0,56.0,19.9,98.0,403.1,3.0,0.0,0.0,0.0,0.0,3.0,25.8,344.6,3.2,7.9,100.0,1010.5,1010.5,2.72,5.3
2024-03-20 12:14:08+01:00,18.6,18.6,18.2,9.8,57.0,20.2,98.0,377.8,3.0,0.0,0.0,0.0,0.0,3.0,25.8,344.6,1.9,6.8,44.0,1010.5,1010.5,2.72,5.3
2024-03-20 12:20:32+01:00,18.5,18.5,17.8,10.0,58.0,20.3,97.0,414.5,3.0,0.0,0.0,0.0,0.0,3.0,25.8,344.6,3.7,7.6,79.0,1010.5,1010.5,2.72,5.3
2024-03-20 12:24:48+01:00,19.3,19.3,19.2,10.0,55.0,20.5,97.0,366.2,3.0,0.0,0.0,0.0,0.0,3.0,25.8,344.6,0.8,7.6,175.0,1010.4,1010.4,2.72,5.3
2024-03-20 12:29:04+01:00,19.8,19.8,19.4,10.0,53.0,20.7,97.0,405.1,3.0,0.0,0.0,0.0,0.0,3.0,25.8,344.6,1.9,7.2,167.0,1010.4,1010.4,2.72,5.3
2024-03-20 12:35:28+01:00,19.4,19.4,18.3,9.9,54.0,20.9,97.0,318.5,2.0,0.0,0.0,0.0,0.0,3.0,25.8,344.6,6.0,9.4,144.0,1010.5,1010.5,2.72,5.3
2024-03-20 12:39:44+01:00,18.8,18.8,18.2,9.8,56.0,21.1,97.0,344.3,3.0,0.0,0.0,0.0,0.0,3.0,25.8,344.6,3.2,9.4,114.0,1010.5,1010.5,2.72,5.3
2024-03-20 12:44:00+01:00,19.1,19.1,18.6,9.8,55.0,21.2,97.0,356.7,3.0,0.0,0.0,0.0,0.0,3.0,25.8,344.6,2.9,9.0,109.0,1010.5,1010.5,2.72,5.3
2024-03-20 12:50:24+01:00,19.0,19.0,18.2,9.6,54.0,21.3,97.0,363.8,3.0,0.0,0.0,0.0,0.0,3.0,25.8,344.6,3.8,7.6,137.0,1010.5,1010.5,2.72,5.3
2024-03-20 12:54:40+01:00,19.3,19.3,18.7,9.8,54.0,21.5,96.0,368.8,3.0,0.0,0.0,0.0,0.0,3.0,25.8,344.6,3.3,15.5,141.0,1010.5,1010.5,2.72,5.3
2024-03-20 13:01:04+01:00,19.6,19.6,19.1,9.7,53.0,21.6,96.0,372.8,3.0,0.0,0.0,0.0,0.0,3.0,25.8,344.6,2.2,7.2,132.0,1010.5,1010.5,2.72,5.3
2024-03-20 13:05:20+01:00,19.4,19.4,18.3,10.1,55.0,21.8,96.0,382.6,3.0,0.0,0.0,0.0,0.0,3.0,25.8,344.6,5.9,15.1,91.0,1010.5,1010.5,2.72,5.3
2024-03-20 13:09:36+01:00,18.8,18.8,17.5,9.7,55.0,21.8,96.0,411.1,3.0,0.0,0.0,0.0,0.0,3.0,25.8,344.6,6.4,12.2,73.0,1010.6,1010.6,2.72,5.3
2024-03-20 13:16:00+01:00,18.8,18.8,17.3,9.6,55.0,22.0,96.0,394.2,3.0,0.0,0.0,0.0,0.0,3.0,25.8,344.6,7.6,20.2,69.0,1010.5,1010.5,2.72,5.3
2024-03-20 13:20:16+01:00,19.3,19.3,18.6,9.9,55.0,22.2,96.0,374.4,3.0,0.0,0.0,0.0,0.0,3.0,25.8,344.6,3.6,9.4,98.0,1010.5,1010.5,2.72,5.3
2024-03-20 13:24:32+01:00,19.5,19.5,18.9,9.8,53.0,22.3,96.0,399.6,3.0,0.0,0.0,0.0,0.0,3.0,25.8,344.6,3.1,8.6,212.0,1010.3,1010.3,2.72,5.3
2024-03-20 13:30:56+01:00,20.1,20.1,19.5,10.1,52.0,22.4,96.0,386.3,3.0,0.0,0.0,0.0,0.0,3.0,25.8,344.6,3.3,15.1,151.0,1010.3,1010.3,2.72,5.3
2024-03-20 13:35:12+01:00,19.8,19.8,19.3,10.0,53.0,22.5,96.0,342.5,3.0,0.0,0.0,0.0,0.0,3.0,25.8,344.6,3.1,9.4,358.0,1010.3,1010.3,2.72,5.3
2024-03-20 13:39:28+01:00,19.7,19.7,18.8,9.7,53.0,22.6,95.0,359.4,3.0,0.0,0.0,0.0,0.0,3.0,25.8,344.6,4.2,10.8,89.0,1010.3,1010.3,2.72,5.3
2024-03-20 13:45:52+01:00,19.1,19.1,18.3,9.5,54.0,22.7,95.0,386.7,3.0,0.0,0.0,0.0,0.0,3.0,25.8,344.6,3.9,8.3,66.0,1010.3,1010.3,2.72,5.3
2024-03-20 13:50:08+01:00,19.7,19.7,19.2,9.7,52.0,22.8,95.0,414.9,3.0,0.0,0.0,0.0,0.0,3.0,25.8,344.6,2.4,9.7,46.0,1010.3,1010.3,2.72,5.3
2024-03-20 13:54:24+01:00,19.3,19.3,18.0,9.8,54.0,22.9,95.0,424.6,3.0,0.0,0.0,0.0,0.0,3.0,25.8,344.6,6.5,15.1,60.0,1010.3,1010.3,2.72,5.3
2024-03-20 14:00:48+01:00,19.4,19.4,18.3,9.6,53.0,23.0,95.0,370.4,3.0,0.0,0.0,0.0,0.0,3.0,25.8,344.6,5.7,10.1,78.0,1010.1,1010.1,2.72,5.3
2024-03-20 14:05:04+01:00,19.0,19.0,18.0,9.4,53.0,23.1,95.0,397.2,3.0,0.0,0.0,0.0,0.0,3.0,25.8,344.6,4.6,11.2,52.0,1010.2,1010.2,2.72,5.3
2024-03-20 14:09:20+01:00,19.2,19.2,18.4,9.6,54.0,23.2,95.0,276.2,2.0,0.0,0.0,0.0,0.0,3.0,25.8,344.6,3.5,9.0,204.0,1010.2,1010.2,2.72,5.3
2024-03-20 14:15:44+01:00,19.4,19.4,18.9,9.7,53.0,23.2,95.0,394.9,3.0,0.0,0.0,0.0,0.0,3.0,25.8,344.6,2.3,13.7,82.0,1010.1,1010.1,2.72,5.3
2024-03-20 14:20:00+01:00,19.9,19.9,19.4,9.8,52.0,23.3,95.0,371.3,3.0,0.0,0.0,0.0,0.0,3.0,25.8,344.6,2.5,11.2,222.0,1010.1,1010.1,2.72,5.3
2024-03-20 14:24:16+01:00,19.6,19.6,18.9,9.6,52.0,23.3,95.0,189.7,1.0,0.0,0.0,0.0,0.0,3.0,25.8,344.6,3.5,11.2,126.0,1010.1,1010.1,2.72,5.3
2024-03-20 14:30:40+01:00,19.2,19.2,18.3,9.4,53.0,23.3,95.0,255.3,2.0,0.0,0.0,0.0,0.0,3.0,25.8,344.6,3.8,6.1,82.0,1010.1,1010.1,2.72,5.3
2024-03-20 14:34:56+01:00,19.2,19.2,18.5,9.6,54.0,23.3,94.0,352.7,3.0,0.0,0.0,0.0,0.0,3.0,25.8,344.6,3.4,8.6,42.0,1010.1,1010.1,2.72,5.3
2024-03-20 14:39:12+01:00,19.2,19.2,18.8,9.3,53.0,23.3,94.0,150.4,1.0,0.0,0.0,0.0,0.0,3.0,25.8,344.6,1.3,5.8,1.0,1010.1,1010.1,2.72,5.3
2024-03-20 14:45:36+01:00,19.3,19.3,18.6,9.7,54.0,23.3,94.0,217.8,2.0,0.0,0.0,0.0,0.0,3.0,25.8,344.6,3.2,7.2,102.0,1009.8,1009.8,2.72,5.3
2024-03-20 14:49:52+01:00,19.1,19.1,18.3,9.6,54.0,23.3,94.0,263.4,2.0,0.0,0.0,0.0,0.0,3.0,25.8,344.6,3.5,11.9,118.0,1010.0,1010.0,2.72,5.3
2024-03-20 14:54:08+01:00,19.1,19.1,18.8,9.8,55.0,23.3,94.0,179.6,1.0,0.0,0.0,0.0,0.0,3.0,25.8,344.6,1.4,5.0,151.0,1010.0,1010.0,2.72,5.3
2024-03-20 15:00:32+01:00,19.5,19.5,19.1,9.8,53.0,23.2,94.0,362.3,3.0,0.0,0.0,0.0,0.0,3.0,25.8,344.6,2.2,7.9,104.0,1010.0,1010.0,2.72,5.3
2024-03-20 15:04:48+01:00,19.6,19.6,18.6,9.4,51.0,23.2,94.0,417.5,3.0,0.0,0.0,0.0,0.0,3.0,25.8,344.6,4.7,10.1,87.0,1009.9,1009.9,2.72,5.3
2024-03-20 15:09:04+01:00,20.6,20.6,19.7,9.7,50.0,23.2,94.0,411.0,3.0,0.0,0.0,0.0,0.0,3.0,25.8,344.6,4.2,12.2,95.0,1010.0,1010.0,2.72,5.3
2024-03-20 15:15:28+01:00,20.1,20.1,19.2,9.7,51.0,23.2,94.0,313.7,2.0,0.0,0.0,0.0,0.0,3.0,25.8,344.6,4.1,12.2,147.0,1009.9,1009.9,2.72,5.3
2024-03-20 15:19:44+01:00,20.3,20.3,19.5,9.4,50.0,23.2,94.0,342.8,3.0,0.0,0.0,0.0,0.0,3.0,25.8,344.6,3.6,11.2,118.0,1010.0,1010.0,2.72,5.3
2024-03-20 15:24:00+01:00,20.7,20.7,20.1,9.5,49.0,23.2,94.0,333.4,3.0,0.0,0.0,0.0,0.0,3.0,25.8,344.6,2.2,6.5,126.0,1009.8,1009.8,2.72,5.3
2024-03-20 15:30:24+01:00,20.7,20.7,20.1,9.6,49.0,23.2,94.0,279.6,2.0,0.0,0.0,0.0,0.0,3.0,25.8,344.6,2.9,5.4,99.0,1009.8,1009.8,2.72,5.3
2024-03-20 15:34:40+01:00,20.2,20.2,19.4,9.3,50.0,23.2,94.0,201.3,1.0,0.0,0.0,0.0,0.0,3.0,25.8,344.6,3.2,8.3,116.0,1009.9,1009.9,2.72,5.3
2024-03-20 15:38:56+01:00,20.0,20.0,19.4,9.3,50.0,23.2,94.0,263.6,2.0,0.0,0.0,0.0,0.0,3.0,25.8,344.6,2.5,6.5,114.0,1009.9,1009.9,2.72,5.3
2024-03-20 15:45:20+01:00,20.2,20.2,19.5,9.2,49.0,23.1,94.0,286.4,2.0,0.0,0.0,0.0,0.0,3.0,25.8,344.6,2.6,7.6,75.0,1009.9,1009.9,2.72,5.3
2024-03-20 15:49:36+01:00,20.3,20.3,19.6,9.5,50.0,23.1,94.0,280.0,2.0,0.0,0.0,0.0,0.0,3.0,25.8,344.6,2.7,7.6,112.0,1009.8,1009.8,2.72,5.3
2024-03-20 15:56:00+01:00,20.6,20.6,20.1,9.6,49.0,23.1,94.0,255.5,2.0,0.0,0.0,0.0,0.0,3.0,25.8,344.6,1.8,9.0,148.0,1009.8,1009.8,2.72,5.3
2024-03-20 16:00:16+01:00,20.4,20.4,19.6,9.2,49.0,23.1,94.0,244.4,2.0,0.0,0.0,0.0,0.0,3.0,25.8,344.6,3.2,9.4,57.0,1009.9,1009.9,2.72,5.3
2024-03-20 16:04:32+01:00,19.7,19.7,18.2,8.6,49.0,23.1,94.0,236.2,2.0,0.0,0.0,0.0,0.0,3.0,25.8,344.6,5.9,10.8,72.0,1009.9,1009.9,2.72,5.3
2024-03-20 16:10:56+01:00,19.3,19.3,18.3,8.2,49.0,23.1,94.0,190.6,1.0,0.0,0.0,0.0,0.0,3.0,25.8,344.6,2.8,7.9,61.0,1009.8,1009.8,2.72,5.3
2024-03-20 16:15:12+01:00,19.9,19.9,19.3,8.7,48.0,23.0,94.0,182.1,1.0,0.0,0.0,0.0,0.0,3.0,25.8,344.6,1.4,6.8,147.0,1009.8,1009.8,2.72,5.3
2024-03-20 16:19:28+01:00,20.2,20.2,19.3,8.9,48.0,23.0,94.0,167.5,1.0,0.0,0.0,0.0,0.0,3.0,25.8,344.6,3.2,6.5,152.0,1009.7,1009.7,2.72,5.3
2024-03-20 16:25:52+01:00,19.7,19.7,18.7,8.8,49.0,23.0,94.0,151.5,1.0,0.0,0.0,0.0,0.0,3.0,25.8,344.6,3.5,8.6,97.0,1009.7,1009.7,2.72,5.3
2024-03-20 16:30:08+01:00,19.0,19.0,17.6,8.3,50.0,23.0,94.0,138.0,1.0,0.0,0.0,0.0,0.0,3.0,25.8,344.6,5.2,11.2,66.0,1009.7,1009.7,2.72,5.3
2024-03-20 16:34:24+01:00,18.9,18.9,17.9,8.6,51.0,22.9,94.0,132.8,1.0,0.0,0.0,0.0,0.0,3.0,25.8,344.6,3.8,10.4,111.0,1009.7,1009.7,2.72,5.3
2024-03-20 16:40:48+01:00,19.0,19.0,17.6,8.6,51.0,22.8,94.0,110.1,1.0,0.0,0.0,0.0,0.0,3.0,25.8,344.6,5.1,10.4,93.0,1009.6,1009.6,2.72,5.3
2024-03-20 16:45:04+01:00,18.7,18.7,17.4,8.3,51.0,22.8,94.0,115.6,1.0,0.0,0.0,0.0,0.0,3.0,25.8,344.6,4.6,8.3,104.0,1009.6,1009.6,2.74,5.3
2024-03-20 16:49:20+01:00,19.1,19.1,18.1,8.9,52.0,22.7,94.0,114.5,1.0,0.0,0.0,0.0,0.0,3.0,25.8,344.6,3.9,6.1,116.0,1009.8,1009.8,2.74,5.3
2024-03-20 16:55:44+01:00,19.1,19.1,18.0,8.7,51.0,22.7,94.0,110.2,1.0,0.0,0.0,0.0,0.0,3.0,25.8,344.6,3.9,6.5,91.0,1009.7,1009.7,2.74,5.3
2024-03-20 17:00:00+01:00,19.1,19.1,17.9,8.4,50.0,22.6,94.0,106.5,0.0,0.0,0.0,0.0,0.0,3.0,25.8,344.6,4.2,9.7,103.0,1009.7,1009.7,2.74,5.3
2024-03-20 17:04:16+01:00,19.1,19.1,18.2,8.7,51.0,22.6,94.0,99.4,0.0,0.0,0.0,0.0,0.0,3.0,25.8,344.6,2.8,7.6,112.0,1009.8,1009.8,2.74,5.3
2024-03-20 17:10:40+01:00,18.9,18.9,18.1,8.8,52.0,22.5,94.0,85.9,0.0,0.0,0.0,0.0,0.0,3.0,25.8,344.6,2.7,6.5,108.0,1009.7,1009.7,2.74,5.3
2024-03-20 17:14:56+01:00,18.6,18.6,17.4,8.2,51.0,22.4,94.0,73.8,0.0,0.0,0.0,0.0,0.0,3.0,25.8,344.6,4.0,5.4,109.0,1009.7,1009.7,2.74,5.3
2024-03-20 17:19:12+01:00,18.5,18.5,17.5,8.3,52.0,22.4,94.0,64.9,0.0,0.0,0.0,0.0,0.0,3.0,25.8,344.6,2.9,6.1,108.0,1009.7,1009.7,2.74,5.3
2024-03-20 17:25:36+01:00,18.2,18.2,17.0,8.6,53.0,22.3,94.0,57.1,0.0,0.0,0.0,0.0,0.0,3.0,25.8,344.6,4.4,6.5,98.0,1009.6,1009.6,2.74,5.3
2024-03-20 17:29:52+01:00,18.0,18.0,16.8,8.6,54.0,22.2,94.0,52.7,0.0,0.0,0.0,0.0,0.0,3.0,25.8,344.6,4.4,7.9,100.0,1009.7,1009.7,2.74,5.3
2024-03-20 17:34:08+01:00,17.9,17.9,16.6,8.6,55.0,22.1,94.0,50.3,0.0,0.0,0.0,0.0,0.0,3.0,25.8,344.6,4.8,8.6,94.0,1009.7,1009.7,2.74,5.3
2024-03-20 17:40:32+01:00,17.8,17.8,16.5,8.5,54.0,22.0,94.0,47.2,0.0,0.0,0.0,0.0,0.0,3.0,25.8,344.6,4.9,8.6,99.0,1009.6,1009.6,2.74,5.3
2024-03-20 17:44:48+01:00,17.7,17.7,16.3,8.4,54.0,21.9,94.0,42.5,0.0,0.0,0.0,0.0,0.0,3.0,25.8,344.6,5.5,9.0,99.0,1009.7,1009.7,2.74,5.3
2024-03-20 17:49:04+01:00,17.7,17.7,16.2,8.3,54.0,21.8,94.0,39.1,0.0,0.0,0.0,0.0,0.0,3.0,25.8,344.6,5.2,9.0,117.0,1009.7,1009.7,2.74,5.3
2024-03-20 17:55:28+01:00,17.6,17.6,15.8,8.2,54.0,21.7,94.0,36.8,0.0,0.0,0.0,0.0,0.0,3.0,25.8,344.6,7.0,11.9,111.0,1009.7,1009.7,2.74,5.3
2024-03-20 17:59:44+01:00,17.5,17.5,15.9,8.1,54.0,21.7,94.0,33.0,0.0,0.0,0.0,0.0,0.0,3.0,25.8,344.6,5.9,9.7,111.0,1009.7,1009.7,2.74,5.3
2024-03-20 18:04:00+01:00,17.4,17.4,16.1,8.3,55.0,21.5,94.0,27.6,0.0,0.0,0.0,0.0,0.0,3.0,25.8,344.6,4.4,7.9,113.0,1009.7,1009.7,2.74,5.3
2024-03-20 18:10:24+01:00,17.2,17.2,15.9,8.3,56.0,21.4,94.0,22.2,0.0,0.0,0.0,0.0,0.0,3.0,25.8,344.6,4.4,6.5,115.0,1009.8,1009.8,2.74,5.3
2024-03-20 18:14:40+01:00,17.1,17.1,15.7,8.1,56.0,21.3,94.0,17.3,0.0,0.0,0.0,0.0,0.0,3.0,25.8,344.6,4.8,8.3,122.0,1009.8,1009.8,2.74,5.3
2024-03-20 18:21:04+01:00,16.9,16.9,15.6,8.1,56.0,21.2,94.0,13.3,0.0,0.0,0.0,0.0,0.0,3.0,25.8,344.6,4.5,6.5,115.0,1009.8,1009.8,2.74,5.3
2024-03-20 18:25:20+01:00,16.9,16.9,15.8,8.2,56.0,21.2,94.0,10.3,0.0,0.0,0.0,0.0,0.0,3.0,25.8,344.6,3.5,5.0,116.0,1009.8,1009.8,2.74,5.2
2024-03-20 18:29:36+01:00,16.9,16.9,15.8,8.1,56.0,21.1,94.0,7.9,0.0,0.0,0.0,0.0,0.0,3.0,25.8,344.6,3.4,5.8,117.0,1009.7,1009.7,2.74,5.2
2024-03-20 18:36:00+01:00,16.9,16.9,15.8,8.1,56.0,20.9,95.0,5.5,0.0,0.0,0.0,0.0,0.0,3.0,25.8,344.6,3.2,5.8,115.0,1009.9,1009.9,2.74,5.2
2024-03-20 18:40:16+01:00,16.7,16.7,15.9,8.2,57.0,20.8,95.0,3.3,0.0,0.0,0.0,0.0,0.0,3.0,25.8,344.6,1.6,3.2,102.0,1009.8,1009.8,2.74,5.2
2024-03-20 18:44:32+01:00,16.5,16.5,15.6,8.1,57.0,20.7,95.0,1.9,0.0,0.0,0.0,0.0,0.0,3.0,25.8,344.6,2.3,3.2,99.0,1009.8,1009.8,2.74,5.2
2024-03-20 18:50:56+01:00,16.5,16.5,15.6,8.0,57.0,20.7,95.0,1.1,0.0,0.0,0.0,0.0,0.0,3.0,25.8,344.6,2.2,2.9,86.0,1009.7,1009.7,2.74,5.2
2024-03-20 18:55:12+01:00,16.5,16.5,15.4,8.0,57.0,20.6,95.0,0.6,0.0,0.0,0.0,0.0,0.0,3.0,25.8,344.6,3.3,4.0,38.0,1009.6,1009.6,2.74,5.2
2024-03-20 18:59:28+01:00,16.6,16.6,15.6,8.0,57.0,20.4,95.0,0.3,0.0,0.0,0.0,0.0,0.0,3.0,25.8,344.6,2.5,3.6,36.0,1009.6,1009.6,2.74,5.2
2024-03-20 19:05:52+01:00,16.6,16.6,15.6,8.0,57.0,20.3,95.0,0.1,0.0,0.0,0.0,0.0,0.0,3.0,25.8,344.6,2.3,3.2,38.0,1009.6,1009.6,2.74,5.2
2024-03-20 19:10:08+01:00,16.6,16.6,15.7,8.0,57.0,20.2,95.0,0.0,0.0,0.0,0.0,0.0,0.0,3.0,25.8,344.6,2.1,2.9,36.0,1009.6,1009.6,2.74,5.2
2024-03-20 19:14:24+01:00,16.4,16.4,15.7,8.0,58.0,20.1,95.0,0.0,0.0,0.0,0.0,0.0,0.0,3.0,25.8,344.6,1.7,2.9,25.0,1009.6,1009.6,2.74,5.2
2024-03-20 19:20:48+01:00,16.1,16.1,15.2,8.2,59.0,20.0,95.0,0.0,0.0,0.0,0.0,0.0,0.0,3.0,25.8,344.6,2.3,3.2,34.0,1009.6,1009.6,2.74,5.2
2024-03-20 19:25:04+01:00,16.2,16.2,15.3,8.1,59.0,19.9,95.0,0.0,0.0,0.0,0.0,0.0,0.0,3.0,25.8,344.6,2.2,3.2,40.0,1009.7,1009.7,2.74,5.2
2024-03-20 19:29:20+01:00,16.1,16.1,15.2,8.1,59.0,19.8,95.0,0.0,0.0,0.0,0.0,0.0,0.0,3.0,25.8,344.6,2.3,3.2,38.0,1009.7,1009.7,2.74,5.2
2024-03-20 19:35:44+01:00,16.0,16.0,15.1,8.1,59.0,19.7,95.0,0.0,0.0,0.0,0.0,0.0,0.0,3.0,25.8,344.6,2.7,3.6,20.0,1009.8,1009.8,2.74,5.2
2024-03-20 19:40:00+01:00,15.9,15.9,14.9,8.2,60.0,19.5,95.0,0.0,0.0,0.0,0.0,0.0,0.0,3.0,25.8,344.6,3.3,4.3,15.0,1009.7,1009.7,2.74,5.2
2024-03-20 19:44:16+01:00,15.8,15.8,14.9,8.3,61.0,19.4,96.0,0.0,0.0,0.0,0.0,0.0,0.0,3.0,25.8,344.6,2.7,4.0,18.0,1009.6,1009.6,2.74,5.2
2024-03-20 19:50:40+01:00,15.5,15.5,14.6,8.3,62.0,19.3,96.0,0.0,0.0,0.0,0.0,0.0,0.0,3.0,25.8,344.6,2.8,3.6,19.0,1009.7,1009.7,2.74,5.2
2024-03-20 19:54:56+01:00,15.5,15.5,14.5,8.3,62.0,19.2,96.0,0.0,0.0,0.0,0.0,0.0,0.0,3.0,25.8,344.6,3.0,4.0,32.0,1009.6,1009.6,2.74,5.2
2024-03-20 19:59:12+01:00,15.4,15.4,14.7,8.4,63.0,19.1,96.0,0.0,0.0,0.0,0.0,0.0,0.0,3.0,25.8,344.6,1.8,4.0,11.0,1009.7,1009.7,2.74,5.2
2024-03-20 20:05:36+01:00,15.3,15.3,14.7,8.2,63.0,19.0,96.0,0.0,0.0,0.0,0.0,0.0,0.0,3.0,25.8,344.6,1.1,2.9,16.0,1009.7,1009.7,2.74,5.2
2024-03-20 20:09:52+01:00,15.4,15.4,14.6,8.1,62.0,18.9,96.0,0.0,0.0,0.0,0.0,0.0,0.0,3.0,25.8,344.6,1.9,2.9,20.0,1009.8,1009.8,2.74,5.2
2024-03-20 20:14:08+01:00,15.6,15.6,14.7,8.1,61.0,18.8,96.0,0.0,0.0,0.0,0.0,0.0,0.0,3.0,25.8,344.6,2.3,3.2,23.0,1009.7,1009.7,2.74,5.1
2024-03-20 20:20:32+01:00,15.7,15.7,15.1,8.3,61.0,18.7,96.0,0.0,0.0,0.0,0.0,0.0,0.0,3.0,25.8,344.6,0.9,2.9,26.0,1009.8,1009.8,2.74,5.1
2024-03-20 20:24:48+01:00,15.5,15.5,15.1,8.5,63.0,18.7,96.0,0.0,0.0,0.0,0.0,0.0,0.0,3.0,25.8,344.6,0.0,2.2,33.0,1009.8,1009.8,2.74,5.1
2024-03-20 20:29:04+01:00,15.0,15.0,14.6,8.3,64.0,18.5,96.0,0.0,0.0,0.0,0.0,0.0,0.0,3.0,25.8,344.6,0.0,0.0,215.0,1009.8,1009.8,2.74,5.1
2024-03-20 20:35:28+01:00,14.7,14.7,14.3,8.4,66.0,18.4,96.0,0.0,0.0,0.0,0.0,0.0,0.0,3.0,25.8,344.6,0.0,1.8,70.0,1009.9,1009.9,2.74,5.1
2024-03-20 20:39:44+01:00,14.5,14.5,14.2,8.5,67.0,18.3,96.0,0.0,0.0,0.0,0.0,0.0,0.0,3.0,25.8,344.6,0.0,2.2,35.0,1009.8,1009.8,2.74,5.1
2024-03-20 20:44:00+01:00,14.3,14.3,13.6,8.6,69.0,18.2,96.0,0.0,0.0,0.0,0.0,0.0,0.0,3.0,25.8,344.6,1.8,6.1,226.0,1009.9,1009.9,2.74,5.1
2024-03-20 20:50:24+01:00,13.7,13.7,13.0,8.4,70.0,18.2,96.0,0.0,0.0,0.0,0.0,0.0,0.0,3.0,25.8,344.6,1.7,6.1,228.0,1009.9,1009.9,2.74,5.1
2024-03-20 20:54:40+01:00,13.7,13.7,13.2,8.4,70.0,18.1,96.0,0.0,0.0,0.0,0.0,0.0,0.0,3.0,25.8,344.6,1.1,2.9,201.0,1009.7,1009.7,2.74,5.1
2024-03-20 20:58:56+01:00,13.7,13.7,13.4,8.4,70.0,18.0,96.0,0.0,0.0,0.0,0.0,0.0,0.0,3.0,25.8,344.6,0.0,2.9,186.0,1009.9,1009.9,2.74,5.1
2024-03-20 21:05:20+01:00,13.6,13.6,13.1,8.2,70.0,17.9,96.0,0.0,0.0,0.0,0.0,0.0,0.0,3.0,25.8,344.6,0.0,0.0,175.0,1009.8,1009.8,2.74,5.1
2024-03-20 21:09:36+01:00,13.8,13.8,13.2,8.3,69.0,17.8,96.0,0.0,0.0,0.0,0.0,0.0,0.0,3.0,25.8,344.6,1.6,2.2,6.0,1009.9,1009.9,2.74,5.1
2024-03-20 21:16:00+01:00,14.1,14.1,13.3,8.2,68.0,17.8,96.0,0.0,0.0,0.0,0.0,0.0,0.0,3.0,25.8,344.6,1.5,2.9,7.0,1009.8,1009.8,2.74,5.1
2024-03-20 21:20:16+01:00,14.1,14.1,13.5,8.2,67.0,17.7,96.0,0.0,0.0,0.0,0.0,0.0,0.0,3.0,25.8,344.6,0.8,2.5,352.0,1009.8,1009.8,2.74,5.1
2024-03-20 21:24:32+01:00,13.8,13.8,13.5,8.6,71.0,17.6,96.0,0.0,0.0,0.0,0.0,0.0,0.0,3.0,25.8,344.6,0.0,1.8,45.0,1010.1,1010.1,2.74,5.1
2024-03-20 21:30:56+01:00,13.5,13.5,13.2,8.4,71.0,17.5,96.0,0.0,0.0,0.0,0.0,0.0,0.0,3.0,25.8,344.6,0.0,0.0,43.0,1010.0,1010.0,2.74,5.1
2024-03-20 21:35:12+01:00,13.5,13.5,12.8,8.6,72.0,17.4,96.0,0.0,0.0,0.0,0.0,0.0,0.0,3.0,25.8,344.6,1.5,2.5,38.0,1010.0,1010.0,2.74,5.1
2024-03-20 21:39:28+01:00,13.3,13.3,12.7,8.5,73.0,17.3,96.0,0.0,0.0,0.0,0.0,0.0,0.0,3.0,25.8,344.6,1.2,2.5,326.0,1010.0,1010.0,2.74,5.1
2024-03-20 21:45:52+01:00,13.1,13.1,12.7,8.6,74.0,17.2,96.0,0.0,0.0,0.0,0.0,0.0,0.0,3.0,25.8,344.6,0.0,2.5,13.0,1010.1,1010.1,2.74,5.1
2024-03-20 21:54:24+01:00,12.8,12.8,12.0,8.7,76.0,17.0,96.0,0.0,0.0,0.0,0.0,0.0,0.0,3.0,25.8,344.6,2.9,4.3,27.0,1010.0,1010.0,2.74,5.1
2024-03-20 22:00:48+01:00,12.7,12.7,11.8,8.6,77.0,16.9,97.0,0.0,0.0,0.0,0.0,0.0,0.0,3.0,25.8,344.6,2.6,4.0,4.0,1010.1,1010.1,2.74,5.1
2024-03-20 22:05:04+01:00,12.7,12.7,12.0,8.6,77.0,16.8,97.0,0.0,0.0,0.0,0.0,0.0,0.0,3.0,25.8,344.6,1.9,3.6,3.0,1010.2,1010.2,2.74,5.1
2024-03-20 22:09:20+01:00,12.7,12.7,12.1,8.6,76.0,16.8,97.0,0.0,0.0,0.0,0.0,0.0,0.0,3.0,25.8,344.6,1.4,3.2,15.0,1010.3,1010.3,2.74,5.1
2024-03-20 22:15:44+01:00,12.8,12.8,12.1,8.7,76.0,16.7,97.0,0.0,0.0,0.0,0.0,0.0,0.0,3.0,25.8,344.6,1.8,3.2,26.0,1010.1,1010.1,2.74,5.0
2024-03-20 22:20:00+01:00,12.5,12.5,11.9,8.7,78.0,16.6,97.0,0.0,0.0,0.0,0.0,0.0,0.0,3.0,25.8,344.6,1.4,2.9,54.0,1010.2,1010.2,2.74,5.0
2024-03-20 22:24:16+01:00,12.3,12.3,11.4,8.5,78.0,16.5,97.0,0.0,0.0,0.0,0.0,0.0,0.0,3.0,25.8,344.6,2.5,3.6,36.0,1010.2,1010.2,2.74,5.0
2024-03-20 22:30:40+01:00,12.2,12.2,11.5,8.6,79.0,16.4,97.0,0.0,0.0,0.0,0.0,0.0,0.0,3.0,25.8,344.6,1.9,3.2,23.0,1010.2,1010.2,2.74,5.0
2024-03-20 22:34:56+01:00,12.3,12.3,11.3,8.5,78.0,16.3,97.0,0.0,0.0,0.0,0.0,0.0,0.0,3.0,25.8,344.6,3.4,4.3,13.0,1010.1,1010.1,2.74,5.0
2024-03-20 22:39:12+01:00,12.3,12.3,11.5,8.5,78.0,16.2,97.0,0.0,0.0,0.0,0.0,0.0,0.0,3.0,25.8,344.6,2.8,4.3,27.0,1010.2,1010.2,2.74,5.0
2024-03-20 22:45:36+01:00,12.2,12.2,11.7,8.5,78.0,16.2,97.0,0.0,0.0,0.0,0.0,0.0,0.0,3.0,25.8,344.6,0.8,3.6,22.0,1010.2,1010.2,2.74,5.0
2024-03-20 22:49:52+01:00,12.1,12.1,11.4,8.5,79.0,16.1,97.0,0.0,0.0,0.0,0.0,0.0,0.0,3.0,25.8,344.6,2.0,3.2,41.0,1010.2,1010.2,2.74,5.0
2024-03-20 22:54:08+01:00,11.9,11.9,10.9,8.4,79.0,16.0,97.0,0.0,0.0,0.0,0.0,0.0,0.0,3.0,25.8,344.6,3.1,3.6,34.0,1010.3,1010.3,2.74,5.0
2024-03-20 23:00:32+01:00,12.0,12.0,11.0,8.3,78.0,15.9,97.0,0.0,0.0,0.0,0.0,0.0,0.0,3.0,25.8,344.6,3.0,4.3,6.0,1010.2,1010.2,2.74,5.0
2024-03-20 23:04:48+01:00,11.9,11.9,11.5,8.4,79.0,15.8,97.0,0.0,0.0,0.0,0.0,0.0,0.0,3.0,25.8,344.6,0.6,3.6,16.0,1010.2,1010.2,2.74,5.0
2024-03-20 23:09:04+01:00,11.8,11.8,11.3,8.3,79.0,15.7,97.0,0.0,0.0,0.0,0.0,0.0,0.0,3.0,25.8,344.6,0.9,2.9,13.0,1010.1,1010.1,2.74,5.0
2024-03-20 23:15:28+01:00,12.1,12.1,11.4,8.4,78.0,15.7,97.0,0.0,0.0,0.0,0.0,0.0,0.0,3.0,25.8,344.6,1.8,3.6,18.0,1010.2,1010.2,2.74,5.0
2024-03-20 23:19:44+01:00,12.2,12.2,11.6,8.4,78.0,15.6,97.0,0.0,0.0,0.0,0.0,0.0,0.0,3.0,25.8,344.6,1.3,2.9,22.0,1010.2,1010.2,2.74,5.0
2024-03-20 23:24:00+01:00,12.1,12.1,11.4,8.4,78.0,15.5,97.0,0.0,0.0,0.0,0.0,0.0,0.0,3.0,25.8,344.6,1.7,2.9,20.0,1010.2,1010.2,2.74,5.0
2024-03-20 23:30:24+01:00,12.1,12.1,11.2,8.5,78.0,15.5,97.0,0.0,0.0,0.0,0.0,0.0,0.0,3.0,25.8,344.6,2.8,4.0,18.0,1010.3,1010.3,2.74,5.0
2024-03-20 23:34:40+01:00,12.0,12.0,11.1,8.5,79.0,15.4,97.0,0.0,0.0,0.0,0.0,0.0,0.0,3.0,25.8,344.6,2.7,3.6,15.0,1010.0,1010.0,2.74,5.0
2024-03-20 23:41:04+01:00,12.0,12.0,11.0,8.5,79.0,15.3,97.0,0.0,0.0,0.0,0.0,0.0,0.0,3.0,25.8,344.6,3.3,4.0,17.0,1010.0,1010.0,2.74,5.0
2024-03-20 23:45:20+01:00,12.0,12.0,11.5,8.3,78.0,15.3,97.0,0.0,0.0,0.0,0.0,0.0,0.0,3.0,25.8,344.6,0.4,3.2,10.0,1010.0,1010.0,2.74,5.0
2024-03-20 23:49:36+01:00,11.9,11.9,11.4,8.4,79.0,15.2,97.0,0.0,0.0,0.0,0.0,0.0,0.0,3.0,25.8,344.6,0.4,2.2,29.0,1009.8,1009.8,2.74,5.0
2024-03-20 23:56:00+01:00,11.9,11.9,11.1,8.4,79.0,15.1,97.0,0.0,0.0,0.0,0.0,0.0,0.0,3.0,25.8,344.6,2.4,3.2,19.0,1009.9,1009.9,2.74,5.0
