datetime,outdoor_temperature,outdoor_feels_like,outdoor_app_temp,outdoor_dew_point,outdoor_humidity,indoor_temperature,indoor_humidity,solar_and_uvi_solar,solar_and_uvi_uvi,rainfall_piezo_rain_rate,rainfall_piezo_daily,rainfall_piezo_event,rainfall_piezo_hourly,rainfall_piezo_weekly,rainfall_piezo_monthly,rainfall_piezo_yearly,wind_wind_speed,wind_wind_gust,wind_wind_direction,pressure_relative,pressure_absolute,battery_haptic_array_battery,battery_haptic_array_capacitor
2024-06-30 00:00:00+02:00,17.0,17.0,18.8,16.4,96.0,26.3,77.0,0.0,0.0,0.6,0.0,11.7,0.1,0.0,75.1,227.9,1.7,4.7,127.0,997.6,997.6,2.7,4.9
2024-06-30 00:05:00+02:00,17.0,17.0,19.0,16.5,97.0,26.2,77.0,0.0,0.0,0.6,0.0,11.7,0.1,0.0,75.1,227.9,1.2,2.9,103.0,997.5,997.5,2.7,4.8
2024-06-30 00:10:00+02:00,17.0,17.0,19.1,16.5,97.0,26.2,77.0,0.0,0.0,0.6,0.1,11.8,0.2,0.1,75.2,228.0,0.4,3.6,103.0,997.3,997.3,2.7,4.8
2024-06-30 00:15:00+02:00,17.0,17.0,19.2,16.5,97.0,26.1,77.0,0.0,0.0,1.2,0.2,11.9,0.3,0.2,75.3,228.1,0.0,2.2,122.0,997.3,997.3,2.7,4.8
2024-06-30 00:20:00+02:00,17.0,17.0,19.0,16.5,97.0,26.0,77.0,0.0,0.0,1.8,0.4,12.1,0.5,0.4,75.5,228.3,0.7,2.2,215.0,997.3,997.3,2.7,4.8
2024-06-30 00:25:00+02:00,17.1,17.1,18.9,16.6,97.0,25.9,77.0,0.0,0.0,1.8,0.5,12.2,0.6,0.5,75.6,228.4,2.0,2.9,199.0,997.2,997.2,2.7,4.8
2024-06-30 00:30:00+02:00,17.0,17.0,18.2,16.5,97.0,25.8,77.0,0.0,0.0,2.4,0.8,12.5,0.9,0.8,75.9,228.7,5.5,10.1,125.0,997.5,997.5,2.7,4.8
2024-06-30 00:35:00+02:00,17.1,17.1,17.8,16.6,97.0,25.8,77.0,0.0,0.0,4.2,1.2,12.9,1.3,1.2,76.3,229.1,7.8,13.0,121.0,997.7,997.7,2.7,4.7
2024-06-30 00:40:00+02:00,17.2,17.2,18.7,16.5,96.0,25.7,77.0,0.0,0.0,14.4,3.3,15.0,3.4,3.3,78.4,231.2,3.5,10.8,93.0,997.5,997.5,2.7,4.7
2024-06-30 00:45:00+02:00,17.1,17.1,17.2,16.4,96.0,25.6,77.0,0.0,0.0,16.2,3.9,15.6,4.0,3.9,79.0,231.8,10.2,16.6,134.0,998.4,998.4,2.7,4.7
2024-06-30 00:50:00+02:00,17.1,17.1,17.1,16.4,96.0,25.5,76.0,0.0,0.0,15.0,5.2,16.9,5.3,5.2,80.3,233.1,11.2,20.5,136.0,998.6,998.6,2.7,4.7
2024-06-30 00:55:00+02:00,17.0,17.0,18.3,16.3,96.0,25.4,76.0,0.0,0.0,19.8,7.1,18.8,7.1,7.1,82.2,235.0,3.8,13.3,140.0,998.0,998.0,2.7,4.6
2024-06-30 01:00:00+02:00,16.8,16.8,18.7,16.2,96.0,25.3,76.0,0.0,0.0,22.2,8.7,20.4,8.7,8.7,83.8,236.6,1.4,7.6,295.0,997.5,997.5,2.7,4.6
2024-06-30 01:05:00+02:00,16.8,16.8,18.5,16.3,97.0,25.2,76.0,0.0,0.0,16.8,8.8,20.5,8.8,8.8,83.9,236.7,2.4,6.5,10.0,996.7,996.7,2.7,4.6
2024-06-30 01:10:00+02:00,16.8,16.8,18.6,16.3,97.0,25.1,76.0,0.0,0.0,5.4,8.9,20.6,8.8,8.9,84.0,236.8,1.7,6.1,112.0,997.0,997.0,2.7,4.6
2024-06-30 01:15:00+02:00,16.8,16.8,18.6,16.3,97.0,25.0,76.0,0.0,0.0,1.2,8.9,20.6,8.6,8.9,84.0,236.8,1.8,4.0,287.0,996.9,996.9,2.7,4.6
2024-06-30 01:20:00+02:00,16.9,16.9,18.6,16.4,97.0,24.9,76.0,0.0,0.0,1.2,9.1,20.8,8.7,9.1,84.2,237.0,2.4,4.7,263.0,996.8,996.8,2.7,4.6
2024-06-30 01:25:00+02:00,16.9,16.9,18.2,16.4,97.0,24.8,76.0,0.0,0.0,1.8,9.3,21.0,8.8,9.3,84.4,237.2,4.4,9.4,262.0,996.6,996.6,2.7,4.5
2024-06-30 01:30:00+02:00,16.9,16.9,17.8,16.4,97.0,24.7,77.0,0.0,0.0,4.2,9.8,21.5,8.9,9.8,84.9,237.7,6.3,10.8,265.0,996.6,996.6,2.7,4.5
2024-06-30 01:35:00+02:00,17.0,17.0,17.4,16.5,97.0,24.5,77.0,0.0,0.0,6.0,10.3,22.0,9.0,10.3,85.4,238.2,9.0,11.5,271.0,996.7,996.7,2.7,4.5
2024-06-30 01:40:00+02:00,16.9,16.9,17.2,16.5,98.0,24.5,77.0,0.0,0.0,7.2,11.0,22.7,7.7,11.0,86.1,238.9,9.8,22.0,290.0,996.5,996.5,2.7,4.5
2024-06-30 01:45:00+02:00,16.9,16.9,17.6,16.6,98.0,24.3,77.0,0.0,0.0,8.4,11.8,23.5,7.9,11.8,86.9,239.7,7.7,15.5,264.0,996.3,996.3,2.68,4.5
2024-06-30 01:50:00+02:00,16.9,16.9,17.5,16.5,98.0,24.2,77.0,0.0,0.0,8.4,12.2,23.9,7.0,12.2,87.3,240.1,8.2,18.4,274.0,996.1,996.1,2.69,4.5
2024-06-30 01:55:00+02:00,16.8,16.8,17.9,16.4,98.0,24.1,77.0,0.0,0.0,6.6,12.5,24.2,5.1,12.5,87.6,240.4,5.3,18.4,255.0,996.2,996.2,2.72,4.4
2024-06-30 02:00:00+02:00,16.8,16.8,17.8,16.4,98.0,24.1,77.0,0.0,0.0,4.2,12.8,24.5,4.1,12.8,87.9,240.7,5.5,12.6,299.0,996.1,996.1,2.72,4.4
2024-06-30 02:05:00+02:00,16.6,16.6,17.7,16.3,98.0,24.0,77.0,0.0,0.0,3.6,13.1,24.8,4.3,13.1,88.2,241.0,5.3,11.5,267.0,996.2,996.2,2.7,4.4
2024-06-30 02:10:00+02:00,16.6,16.6,17.9,16.3,98.0,23.9,77.0,0.0,0.0,3.0,13.2,24.9,4.3,13.2,88.3,241.1,4.1,9.4,254.0,996.0,996.0,2.7,4.4
2024-06-30 02:15:00+02:00,16.5,16.5,17.8,16.2,98.0,23.8,77.0,0.0,0.0,1.8,13.3,25.0,4.3,13.3,88.4,241.2,4.3,9.4,267.0,996.0,996.0,2.7,4.4
2024-06-30 02:20:00+02:00,16.5,16.5,18.4,16.1,98.0,23.7,78.0,0.0,0.0,1.2,13.4,25.1,4.3,13.4,88.5,241.3,0.6,8.3,220.0,996.2,996.2,2.7,4.4
2024-06-30 02:25:00+02:00,16.5,16.5,17.9,16.1,98.0,23.6,78.0,0.0,0.0,1.2,13.5,25.2,4.2,13.5,88.6,241.4,2.9,6.5,245.0,996.3,996.3,2.7,4.3
2024-06-30 02:30:00+02:00,16.5,16.5,18.0,16.2,98.0,23.6,78.0,0.0,0.0,1.2,13.6,25.3,3.8,13.6,88.7,241.5,2.7,7.9,347.0,996.2,996.2,2.7,4.3
2024-06-30 02:35:00+02:00,16.4,16.4,18.3,16.1,98.0,23.5,78.0,0.0,0.0,1.2,13.7,25.4,3.3,13.7,88.8,241.6,1.2,4.7,112.0,996.2,996.2,2.7,4.3
2024-06-30 02:40:00+02:00,16.4,16.4,18.0,16.1,98.0,23.4,78.0,0.0,0.0,1.2,13.8,25.5,2.8,13.8,88.9,241.7,2.2,4.7,18.0,996.0,996.0,2.7,4.3
2024-06-30 02:45:00+02:00,16.4,16.4,17.9,16.1,98.0,23.3,78.0,0.0,0.0,1.2,13.9,25.6,2.1,13.9,89.0,241.8,2.7,5.4,341.0,995.6,995.6,2.7,4.2
2024-06-30 02:50:00+02:00,16.4,16.4,18.3,16.1,98.0,23.3,78.0,0.0,0.0,1.2,14.0,25.7,1.8,14.0,89.1,241.9,0.5,4.0,263.0,995.8,995.8,2.7,4.2
2024-06-30 02:55:00+02:00,16.4,16.4,18.3,16.1,98.0,23.2,78.0,0.0,0.0,1.2,14.0,25.7,1.4,14.0,89.1,241.9,0.7,4.0,327.0,995.9,995.9,2.7,4.2
2024-06-30 03:00:00+02:00,16.5,16.5,18.2,16.2,98.0,23.2,78.0,0.0,0.0,1.2,14.1,25.8,1.2,14.1,89.2,242.0,1.8,4.3,288.0,995.8,995.8,2.7,4.2
2024-06-30 03:05:00+02:00,16.4,16.4,18.2,16.1,98.0,23.2,78.0,0.0,0.0,1.2,14.2,25.9,1.1,14.2,89.3,242.1,1.2,2.9,221.0,995.8,995.8,2.7,4.2
2024-06-30 03:10:00+02:00,16.4,16.4,18.1,16.1,98.0,23.1,78.0,0.0,0.0,1.2,14.3,26.0,1.0,14.3,89.4,242.2,1.9,4.0,257.0,995.8,995.8,2.7,4.2
2024-06-30 03:15:00+02:00,16.5,16.5,18.2,16.2,98.0,23.0,79.0,0.0,0.0,0.6,14.3,26.0,0.9,14.3,89.4,242.2,1.9,4.0,265.0,995.7,995.7,2.7,4.1
2024-06-30 03:20:00+02:00,16.6,16.6,18.4,16.3,98.0,23.0,79.0,0.0,0.0,0.6,14.3,26.0,0.9,14.3,89.4,242.2,1.5,4.0,171.0,995.6,995.6,2.7,4.1
2024-06-30 03:25:00+02:00,16.6,16.6,18.6,16.3,98.0,23.0,79.0,0.0,0.0,0.0,14.3,26.0,0.8,14.3,89.4,242.2,0.8,3.2,151.0,995.8,995.8,2.7,4.1
2024-06-30 03:30:00+02:00,16.7,16.7,18.6,16.4,98.0,22.9,79.0,0.0,0.0,0.0,14.3,26.0,0.7,14.3,89.4,242.2,1.4,4.3,138.0,995.8,995.8,2.7,4.1
2024-06-30 03:35:00+02:00,16.6,16.6,18.5,16.3,98.0,22.9,79.0,0.0,0.0,0.0,14.3,26.0,0.6,14.3,89.4,242.2,1.0,3.6,143.0,995.8,995.8,2.7,4.1
2024-06-30 03:40:00+02:00,16.5,16.5,18.1,16.2,98.0,22.9,79.0,0.0,0.0,0.0,14.3,26.0,0.5,14.3,89.4,242.2,2.4,8.6,232.0,995.6,995.6,2.7,4.1
2024-06-30 03:45:00+02:00,16.5,16.5,18.3,16.2,98.0,22.9,79.0,0.0,0.0,0.0,14.3,26.0,0.4,14.3,89.4,242.2,1.4,5.8,261.0,995.7,995.7,2.7,4.1
2024-06-30 03:50:00+02:00,16.4,16.4,17.6,16.1,98.0,22.8,79.0,0.0,0.0,0.6,14.4,26.1,0.4,14.4,89.5,242.3,4.3,7.6,285.0,995.9,995.9,2.7,4.1
2024-06-30 03:55:00+02:00,16.2,16.2,17.6,15.9,98.0,22.8,79.0,0.0,0.0,0.6,14.4,26.1,0.4,14.4,89.5,242.3,2.9,9.7,303.0,995.9,995.9,2.7,4.1
2024-06-30 04:00:00+02:00,16.2,16.2,17.4,15.9,98.0,22.8,79.0,0.0,0.0,0.6,14.4,26.1,0.3,14.4,89.5,242.3,3.8,9.0,291.0,995.8,995.8,2.7,4.1
2024-06-30 04:05:00+02:00,16.2,16.2,17.2,15.8,98.0,22.7,79.0,0.0,0.0,0.0,14.4,26.1,0.2,14.4,89.5,242.3,4.4,11.5,284.0,995.7,995.7,2.7,4.1
2024-06-30 04:10:00+02:00,16.1,16.1,17.2,15.8,98.0,22.7,79.0,0.0,0.0,0.0,14.4,26.1,0.1,14.4,89.5,242.3,4.2,10.1,287.0,995.5,995.5,2.7,4.1
2024-06-30 04:15:00+02:00,16.0,16.0,16.7,15.6,98.0,22.7,79.0,0.0,0.0,0.0,14.4,26.1,0.1,14.4,89.5,242.3,5.5,10.1,285.0,995.6,995.6,2.7,4.1
2024-06-30 04:20:00+02:00,15.8,15.8,16.6,15.5,98.0,22.6,79.0,0.0,0.0,0.0,14.4,26.1,0.1,14.4,89.5,242.3,5.6,9.0,289.0,995.4,995.4,2.7,4.1
2024-06-30 04:25:00+02:00,15.9,15.9,17.3,15.6,98.0,22.5,79.0,0.0,0.0,0.0,14.4,26.1,0.1,14.4,89.5,242.3,2.0,8.6,358.0,995.5,995.5,2.7,4.0
2024-06-30 04:30:00+02:00,15.9,15.9,17.3,15.4,97.0,22.5,79.0,0.0,0.0,0.0,14.4,26.1,0.1,14.4,89.5,242.3,2.2,7.9,324.0,995.7,995.7,2.7,4.0
2024-06-30 04:35:00+02:00,15.8,15.8,17.1,15.3,97.0,22.5,79.0,0.0,0.0,0.0,14.4,26.1,0.1,14.4,89.5,242.3,2.6,9.0,308.0,995.7,995.7,2.7,4.0
2024-06-30 04:40:00+02:00,16.0,16.0,17.1,15.5,97.0,22.5,79.0,0.0,0.0,0.0,14.4,26.1,0.1,14.4,89.5,242.3,3.2,6.5,316.0,995.7,995.7,2.7,4.0
2024-06-30 04:45:00+02:00,15.9,15.9,17.1,15.4,97.0,22.4,79.0,0.0,0.0,0.0,14.4,26.1,0.1,14.4,89.5,242.3,2.8,5.8,285.0,995.6,995.6,2.7,4.0
2024-06-30 04:50:00+02:00,15.9,15.9,17.6,15.4,97.0,22.4,79.0,0.0,0.0,0.0,14.4,26.1,0.0,14.4,89.5,242.3,0.9,5.4,281.0,995.9,995.9,2.7,4.0
2024-06-30 04:55:00+02:00,16.0,16.0,17.6,15.5,97.0,22.4,79.0,0.0,0.0,0.0,14.4,26.1,0.0,14.4,89.5,242.3,0.8,2.9,313.0,995.8,995.8,2.7,4.0
2024-06-30 05:00:00+02:00,16.1,16.1,17.5,15.6,97.0,22.4,80.0,0.1,0.0,0.0,14.4,26.1,0.0,14.4,89.5,242.3,2.1,4.0,254.0,995.7,995.7,2.7,4.0
2024-06-30 05:05:00+02:00,16.0,16.0,17.7,15.5,97.0,22.4,79.0,0.1,0.0,0.0,14.4,26.1,0.0,14.4,89.5,242.3,0.9,4.0,273.0,995.7,995.7,2.7,4.0
2024-06-30 05:10:00+02:00,16.1,16.1,17.7,15.6,97.0,22.4,79.0,0.2,0.0,0.0,14.4,26.1,0.0,14.4,89.5,242.3,1.2,3.6,297.0,995.9,995.9,2.7,4.0
2024-06-30 05:15:00+02:00,16.1,16.1,17.8,15.6,97.0,22.4,79.0,0.2,0.0,0.0,14.4,26.1,0.0,14.4,89.5,242.3,0.6,4.0,349.0,995.8,995.8,2.7,4.0
2024-06-30 05:20:00+02:00,16.1,16.1,17.8,15.6,97.0,22.4,79.0,0.3,0.0,0.0,14.4,26.1,0.0,14.4,89.5,242.3,0.6,4.0,324.0,995.9,995.9,2.7,4.0
2024-06-30 05:25:00+02:00,16.0,16.0,17.6,15.5,97.0,22.4,79.0,0.4,0.0,0.0,14.4,26.1,0.0,14.4,89.5,242.3,1.2,3.2,74.0,995.8,995.8,2.7,4.0
2024-06-30 05:30:00+02:00,16.1,16.1,17.8,15.6,97.0,22.4,80.0,0.6,0.0,0.0,14.4,26.1,0.0,14.4,89.5,242.3,0.7,3.2,290.0,995.7,995.7,2.7,4.0
2024-06-30 05:35:00+02:00,16.1,16.1,17.9,15.7,97.0,22.4,79.0,0.7,0.0,0.0,14.4,26.1,0.0,14.4,89.5,242.3,0.4,2.2,282.0,995.8,995.8,2.7,4.0
2024-06-30 05:40:00+02:00,16.2,16.2,17.8,15.8,98.0,22.4,79.0,1.1,0.0,0.0,14.4,26.1,0.0,14.4,89.5,242.3,1.7,4.7,276.0,995.7,995.7,2.7,4.0
2024-06-30 05:45:00+02:00,16.1,16.1,17.8,15.8,98.0,22.3,80.0,1.3,0.0,0.0,14.4,26.1,0.0,14.4,89.5,242.3,0.9,5.4,254.0,995.6,995.6,2.7,4.0
2024-06-30 05:50:00+02:00,16.1,16.1,17.3,15.6,97.0,22.3,80.0,1.7,0.0,0.0,14.4,26.1,0.0,14.4,89.5,242.3,3.4,5.8,263.0,995.6,995.6,2.7,4.0
2024-06-30 05:55:00+02:00,16.1,16.1,17.2,15.6,97.0,22.3,80.0,2.1,0.0,0.0,14.4,26.1,0.0,14.4,89.5,242.3,3.7,7.2,270.0,995.6,995.6,2.7,3.9
2024-06-30 06:00:00+02:00,16.2,16.2,17.3,15.7,97.0,22.2,80.0,2.5,0.0,0.0,14.4,26.1,0.0,14.4,89.5,242.3,4.2,7.9,272.0,995.8,995.8,2.7,3.9
2024-06-30 06:05:00+02:00,16.2,16.2,17.7,15.7,97.0,22.2,80.0,2.9,0.0,0.0,14.4,26.1,0.0,14.4,89.5,242.3,2.2,7.6,267.0,995.8,995.8,2.7,3.9
2024-06-30 06:10:00+02:00,16.2,16.2,17.7,15.7,97.0,22.2,80.0,3.0,0.0,0.0,14.4,26.1,0.0,14.4,89.5,242.3,1.7,4.3,233.0,995.8,995.8,2.7,3.9
2024-06-30 06:15:00+02:00,16.2,16.2,17.0,15.7,97.0,22.2,80.0,3.1,0.0,0.0,14.4,26.1,0.0,14.4,89.5,242.3,5.4,11.5,270.0,995.9,995.9,2.7,3.9
2024-06-30 06:20:00+02:00,16.2,16.2,17.2,15.7,97.0,22.2,80.0,3.1,0.0,0.0,14.4,26.1,0.0,14.4,89.5,242.3,4.4,11.5,270.0,996.0,996.0,2.7,3.9
2024-06-30 06:25:00+02:00,16.2,16.2,17.3,15.8,97.0,22.2,80.0,2.5,0.0,0.0,14.4,26.1,0.0,14.4,89.5,242.3,4.1,10.1,268.0,996.1,996.1,2.7,3.9
2024-06-30 06:30:00+02:00,16.3,16.3,18.0,15.9,98.0,22.2,80.0,1.9,0.0,0.0,14.4,26.1,0.0,14.4,89.5,242.3,1.4,5.8,242.0,996.2,996.2,2.7,3.9
2024-06-30 06:35:00+02:00,16.3,16.3,17.9,16.0,98.0,22.2,80.0,3.2,0.0,0.0,14.4,26.1,0.0,14.4,89.5,242.3,2.1,5.8,248.0,996.4,996.4,2.7,3.9
2024-06-30 06:40:00+02:00,16.3,16.3,17.4,16.0,98.0,22.2,80.0,5.1,0.0,0.0,14.4,26.1,0.0,14.4,89.5,242.3,4.7,13.7,281.0,996.4,996.4,2.7,3.9
2024-06-30 06:45:00+02:00,16.4,16.4,17.5,16.1,98.0,22.2,80.0,6.6,0.0,0.0,14.4,26.1,0.0,14.4,89.5,242.3,4.5,10.1,282.0,996.4,996.4,2.7,3.9
2024-06-30 06:50:00+02:00,16.3,16.3,17.2,16.0,98.0,22.2,80.0,8.3,0.0,0.0,14.4,26.1,0.0,14.4,89.5,242.3,5.6,14.4,255.0,996.4,996.4,2.7,3.9
2024-06-30 06:55:00+02:00,16.1,16.1,17.0,15.8,98.0,22.1,80.0,11.4,0.0,0.0,14.4,26.1,0.0,14.4,89.5,242.3,5.5,14.4,278.0,996.4,996.4,2.7,3.9
2024-06-30 07:00:00+02:00,15.9,15.9,17.1,15.6,98.0,22.1,80.0,13.4,0.0,0.0,14.4,26.1,0.0,14.4,89.5,242.3,3.3,14.8,243.0,996.5,996.5,2.7,3.9
2024-06-30 07:05:00+02:00,15.9,15.9,17.2,15.6,98.0,22.1,80.0,13.3,0.0,0.0,14.4,26.1,0.0,14.4,89.5,242.3,2.7,7.2,274.0,996.6,996.6,2.7,3.9
2024-06-30 07:10:00+02:00,15.8,15.8,16.4,15.3,97.0,22.1,80.0,12.4,0.0,0.0,14.4,26.1,0.0,14.4,89.5,242.3,5.8,16.9,273.0,996.7,996.7,2.7,3.9
2024-06-30 07:15:00+02:00,15.7,15.7,16.3,15.2,97.0,22.0,80.0,12.9,0.0,0.0,14.4,26.1,0.0,14.4,89.5,242.3,5.6,13.0,282.0,996.7,996.7,2.7,3.8
2024-06-30 07:20:00+02:00,15.6,15.6,16.5,15.1,97.0,22.0,80.0,13.2,0.0,0.0,14.4,26.1,0.0,14.4,89.5,242.3,3.9,9.0,268.0,996.7,996.7,2.7,3.8
2024-06-30 07:25:00+02:00,15.5,15.5,16.6,15.0,97.0,22.0,80.0,17.4,0.0,0.6,14.5,26.2,0.1,14.5,89.6,242.4,2.6,7.2,283.0,996.7,996.7,2.7,3.8
2024-06-30 07:30:00+02:00,15.5,15.5,16.4,15.0,97.0,21.9,80.0,17.0,0.0,1.2,14.6,26.3,0.2,14.6,89.7,242.5,4.0,8.3,277.0,996.9,996.9,2.7,3.8
2024-06-30 07:35:00+02:00,15.5,15.5,16.9,15.0,97.0,21.9,80.0,17.8,0.0,1.2,14.7,26.4,0.3,14.7,89.8,242.6,1.3,7.6,289.0,996.9,996.9,2.7,3.8
2024-06-30 07:40:00+02:00,15.5,15.5,16.8,15.2,98.0,21.9,80.0,18.1,0.0,1.2,14.7,26.4,0.3,14.7,89.8,242.6,2.1,5.8,289.0,996.9,996.9,2.7,3.8
2024-06-30 07:45:00+02:00,15.5,15.5,16.3,15.2,98.0,21.9,80.0,16.8,0.0,0.6,14.8,26.5,0.4,14.8,89.9,242.7,4.5,7.2,278.0,997.0,997.0,2.7,3.8
2024-06-30 07:50:00+02:00,15.4,15.4,16.5,15.1,98.0,21.8,80.0,17.9,0.0,0.6,14.8,26.5,0.4,14.8,89.9,242.7,3.0,10.4,296.0,997.0,997.0,2.7,3.8
2024-06-30 07:55:00+02:00,15.3,15.3,16.4,15.0,98.0,21.8,80.0,19.6,0.0,0.6,14.9,26.6,0.5,14.9,90.0,242.8,3.2,7.2,304.0,996.9,996.9,2.7,3.7
2024-06-30 08:00:00+02:00,15.3,15.3,16.6,15.0,98.0,21.7,80.0,21.5,0.0,0.6,14.9,26.6,0.5,14.9,90.0,242.8,2.2,5.8,269.0,996.9,996.9,2.7,3.7
2024-06-30 08:05:00+02:00,15.4,15.4,16.8,15.1,98.0,21.7,80.0,21.6,0.0,0.6,15.0,26.7,0.6,15.0,90.1,242.9,1.1,3.6,344.0,997.0,997.0,2.7,3.7
2024-06-30 08:10:00+02:00,15.4,15.4,16.9,15.1,98.0,21.7,80.0,29.6,0.0,0.6,15.0,26.7,0.6,15.0,90.1,242.9,0.9,7.6,247.0,997.1,997.1,2.7,3.7
2024-06-30 08:15:00+02:00,15.4,15.4,16.3,15.1,98.0,21.7,80.0,33.9,0.0,0.6,15.1,26.8,0.7,15.1,90.2,243.0,3.7,11.2,264.0,997.1,997.1,2.7,3.7
2024-06-30 08:20:00+02:00,15.3,15.3,16.5,15.0,98.0,21.6,80.0,33.1,0.0,1.2,15.2,26.9,0.8,15.2,90.3,243.1,2.4,5.8,260.0,997.3,997.3,2.7,3.7
2024-06-30 08:25:00+02:00,15.3,15.3,16.5,15.0,98.0,21.6,80.0,27.2,0.0,1.2,15.2,26.9,0.7,15.2,90.3,243.1,2.5,5.0,299.0,997.4,997.4,2.7,3.6
2024-06-30 08:30:00+02:00,15.2,15.2,16.4,14.8,97.0,21.6,80.0,58.6,0.0,1.2,15.3,27.0,0.7,15.3,90.4,243.2,1.6,6.1,90.0,997.4,997.4,2.7,3.6
2024-06-30 08:35:00+02:00,15.2,15.2,16.6,14.8,97.0,21.5,80.0,58.3,0.0,1.2,15.4,27.1,0.7,15.4,90.5,243.3,0.7,3.6,273.0,997.5,997.5,2.7,3.6
2024-06-30 08:40:00+02:00,15.3,15.3,16.7,14.9,98.0,21.5,80.0,55.1,0.0,0.6,15.4,27.1,0.7,15.4,90.5,243.3,1.1,4.3,260.0,997.5,997.5,2.7,3.6
2024-06-30 08:45:00+02:00,15.3,15.3,16.7,14.9,98.0,21.5,80.0,63.5,0.0,0.6,15.5,27.2,0.7,15.5,90.6,243.4,0.8,4.7,297.0,997.5,997.5,2.7,3.6
2024-06-30 08:50:00+02:00,15.3,15.3,16.4,14.9,98.0,21.5,80.0,55.6,0.0,0.6,15.5,27.2,0.7,15.5,90.6,243.4,2.5,5.0,220.0,997.7,997.7,2.7,3.6
2024-06-30 08:55:00+02:00,15.3,15.3,16.6,14.9,98.0,21.4,80.0,70.3,0.0,1.2,15.6,27.3,0.7,15.6,90.7,243.5,1.7,5.0,238.0,997.6,997.6,2.7,3.6
2024-06-30 09:00:00+02:00,15.4,15.4,17.0,15.1,98.0,21.4,80.0,79.1,0.0,1.2,15.7,27.4,0.8,15.7,90.8,243.6,0.4,5.0,326.0,997.7,997.7,2.7,3.6
2024-06-30 09:05:00+02:00,15.4,15.4,16.5,15.0,98.0,21.4,80.0,61.6,0.0,1.2,15.8,27.5,0.8,15.8,90.9,243.7,2.4,6.1,177.0,997.8,997.8,2.7,3.5
2024-06-30 09:10:00+02:00,15.3,15.3,16.5,14.9,97.0,21.4,80.0,51.5,0.0,1.8,15.9,27.6,0.9,15.9,91.0,243.8,1.7,6.1,59.0,997.8,997.8,2.7,3.5
2024-06-30 09:15:00+02:00,15.3,15.3,16.7,14.9,97.0,21.4,80.0,67.6,0.0,1.8,16.1,27.8,1.0,16.1,91.2,244.0,0.9,5.0,84.0,997.8,997.8,2.7,3.5
2024-06-30 09:20:00+02:00,15.4,15.4,16.9,14.9,97.0,21.4,80.0,80.5,0.0,1.2,16.1,27.8,0.9,16.1,91.2,244.0,0.7,2.9,16.0,997.8,997.8,2.7,3.5
2024-06-30 09:25:00+02:00,15.4,15.4,17.0,14.9,97.0,21.4,80.0,83.3,0.0,1.2,16.2,27.9,0.9,16.2,91.3,244.1,0.0,3.2,11.0,997.8,997.8,2.7,3.5
2024-06-30 09:30:00+02:00,15.5,15.5,16.8,15.0,97.0,21.4,81.0,91.2,0.0,0.6,16.2,27.9,0.9,16.2,91.3,244.1,1.2,2.9,149.0,997.8,997.8,2.7,3.5
2024-06-30 09:35:00+02:00,15.7,15.7,16.9,15.2,97.0,21.4,81.0,108.0,1.0,0.6,16.2,27.9,0.8,16.2,91.3,244.1,2.1,4.0,130.0,997.8,997.8,2.7,3.5
2024-06-30 09:40:00+02:00,15.7,15.7,16.8,15.2,97.0,21.4,81.0,85.7,0.0,0.6,16.3,28.0,0.9,16.3,91.4,244.2,2.8,5.0,125.0,997.7,997.7,2.7,3.5
2024-06-30 09:45:00+02:00,15.7,15.7,16.9,15.2,97.0,21.4,81.0,98.7,0.0,1.2,16.4,28.1,0.9,16.4,91.5,244.3,2.4,5.8,116.0,997.8,997.8,2.7,3.5
2024-06-30 09:50:00+02:00,15.8,15.8,17.3,15.3,97.0,21.4,81.0,95.1,0.0,0.6,16.4,28.1,0.9,16.4,91.5,244.3,1.2,5.8,97.0,997.8,997.8,2.7,3.5
2024-06-30 09:55:00+02:00,15.7,15.7,16.8,15.2,97.0,21.4,81.0,75.6,0.0,0.6,16.5,28.2,0.9,16.5,91.6,244.4,3.0,5.4,133.0,997.9,997.9,2.7,3.5
2024-06-30 10:00:00+02:00,15.7,15.7,17.0,15.2,97.0,21.4,81.0,70.4,0.0,0.6,16.5,28.2,0.8,16.5,91.6,244.4,2.0,5.4,149.0,998.0,998.0,2.7,3.5
2024-06-30 10:05:00+02:00,15.7,15.7,17.0,15.2,97.0,21.4,81.0,72.6,0.0,0.6,16.5,28.2,0.7,16.5,91.6,244.4,1.9,5.0,103.0,998.1,998.1,2.7,3.5
2024-06-30 10:10:00+02:00,15.7,15.7,17.2,15.2,97.0,21.5,81.0,50.3,0.0,0.6,16.6,28.3,0.6,16.6,91.7,244.5,1.1,3.6,128.0,998.0,998.0,2.7,3.5
2024-06-30 10:15:00+02:00,15.6,15.6,16.7,15.1,97.0,21.5,81.0,64.7,0.0,1.2,16.8,28.5,0.7,16.8,91.9,244.7,2.7,7.6,125.0,998.0,998.0,2.7,3.4
2024-06-30 10:20:00+02:00,15.7,15.7,16.9,15.2,97.0,21.5,81.0,52.9,0.0,1.8,16.9,28.6,0.8,16.9,92.0,244.8,1.9,6.1,119.0,998.1,998.1,2.7,3.4
2024-06-30 10:25:00+02:00,15.7,15.7,16.4,15.2,97.0,21.5,81.0,70.7,0.0,1.2,16.9,28.6,0.7,16.9,92.0,244.8,5.0,7.6,123.0,998.3,998.3,2.7,3.4
2024-06-30 10:30:00+02:00,15.7,15.7,16.8,15.2,97.0,21.5,81.0,79.9,0.0,1.2,17.0,28.7,0.8,17.0,92.1,244.9,3.5,7.6,108.0,998.3,998.3,2.7,3.4
2024-06-30 10:35:00+02:00,15.8,15.8,16.8,15.3,97.0,21.5,81.0,80.0,0.0,0.6,17.0,28.7,0.8,17.0,92.1,244.9,3.4,8.6,116.0,998.2,998.2,2.7,3.4
2024-06-30 10:40:00+02:00,15.8,15.8,16.7,15.3,97.0,21.5,81.0,95.7,0.0,0.0,17.0,28.7,0.7,17.0,92.1,244.9,4.8,7.6,114.0,998.2,998.2,2.7,3.4
2024-06-30 10:45:00+02:00,15.9,15.9,16.7,15.4,97.0,21.5,81.0,118.5,1.0,0.0,17.0,28.7,0.6,17.0,92.1,244.9,4.9,7.9,127.0,998.3,998.3,2.7,3.4
2024-06-30 10:50:00+02:00,16.0,16.0,17.0,15.5,97.0,21.5,81.0,133.2,1.0,0.0,17.0,28.7,0.6,17.0,92.1,244.9,4.5,7.9,140.0,998.3,998.3,2.7,3.4
2024-06-30 10:55:00+02:00,16.2,16.2,17.1,15.7,97.0,21.5,81.0,165.2,1.0,0.0,17.0,28.7,0.5,17.0,92.1,244.9,4.7,6.8,117.0,998.2,998.2,2.7,3.4
2024-06-30 11:00:00+02:00,16.3,16.3,17.5,15.8,97.0,21.5,81.0,170.6,1.0,0.0,17.0,28.7,0.5,17.0,92.1,244.9,4.0,7.2,121.0,998.3,998.3,2.7,3.4
2024-06-30 11:05:00+02:00,16.5,16.5,17.7,16.0,97.0,21.6,81.0,164.7,1.0,0.0,17.0,28.7,0.4,17.0,92.1,244.9,4.0,5.8,110.0,998.3,998.3,2.7,3.5
2024-06-30 11:10:00+02:00,16.5,16.5,17.6,16.0,97.0,21.6,81.0,102.6,0.0,0.0,17.0,28.7,0.4,17.0,92.1,244.9,4.5,8.3,119.0,998.3,998.3,2.7,3.5
2024-06-30 11:15:00+02:00,16.5,16.5,17.7,16.0,97.0,21.7,81.0,120.4,1.0,0.0,17.0,28.7,0.2,17.0,92.1,244.9,4.3,7.9,122.0,998.4,998.4,2.7,3.5
2024-06-30 11:20:00+02:00,16.7,16.7,18.2,16.2,97.0,21.7,82.0,157.7,1.0,0.6,17.1,28.8,0.2,17.1,92.2,245.0,3.0,7.2,114.0,998.4,998.4,2.7,3.5
2024-06-30 11:25:00+02:00,17.0,17.0,18.9,16.5,97.0,21.7,82.0,202.5,1.0,0.6,17.1,28.8,0.2,17.1,92.2,245.0,1.5,5.4,166.0,998.4,998.4,2.7,3.6
2024-06-30 11:30:00+02:00,17.3,17.3,19.4,16.8,97.0,21.7,82.0,242.5,2.0,0.6,17.1,28.8,0.1,17.1,92.2,245.0,1.2,5.4,199.0,998.6,998.6,2.7,3.6
2024-06-30 11:35:00+02:00,17.9,17.9,20.0,17.2,96.0,21.8,82.0,280.7,2.0,0.0,17.1,28.8,0.1,17.1,92.2,245.0,1.6,5.0,111.0,998.5,998.5,2.7,3.7
2024-06-30 11:40:00+02:00,17.9,17.9,19.7,17.0,95.0,21.9,82.0,235.8,2.0,0.0,17.1,28.8,0.1,17.1,92.2,245.0,2.8,7.9,117.0,998.5,998.5,2.7,3.7
2024-06-30 11:45:00+02:00,17.9,17.9,19.6,17.0,94.0,21.9,82.0,228.2,2.0,0.0,17.1,28.8,0.1,17.1,92.2,245.0,3.8,7.6,93.0,998.7,998.7,2.7,3.8
2024-06-30 11:50:00+02:00,18.2,18.2,20.1,17.2,94.0,22.0,83.0,232.8,2.0,0.0,17.1,28.8,0.1,17.1,92.2,245.0,2.9,7.6,206.0,998.7,998.7,2.7,3.8
2024-06-30 11:55:00+02:00,18.4,18.4,20.3,17.2,93.0,22.1,83.0,244.7,2.0,0.0,17.1,28.8,0.1,17.1,92.2,245.0,3.0,7.6,117.0,998.7,998.7,2.7,3.8
2024-06-30 12:00:00+02:00,18.5,18.5,20.4,17.2,92.0,22.2,83.0,436.9,4.0,0.0,17.1,28.8,0.1,17.1,92.2,245.0,3.2,7.2,162.0,998.8,998.8,2.7,3.8
2024-06-30 12:05:00+02:00,18.6,18.6,20.0,17.0,90.0,22.3,83.0,412.6,3.0,0.0,17.1,28.8,0.1,17.1,92.2,245.0,5.0,15.5,278.0,998.7,998.7,2.7,3.9
2024-06-30 12:10:00+02:00,18.8,18.8,20.5,17.1,90.0,22.3,83.0,355.0,3.0,0.0,17.1,28.8,0.1,17.1,92.2,245.0,3.7,9.4,266.0,998.8,998.8,2.7,3.9
2024-06-30 12:15:00+02:00,19.0,19.0,20.4,16.7,87.0,22.5,83.0,497.4,4.0,0.0,17.1,28.8,0.1,17.1,92.2,245.0,4.4,20.2,258.0,998.8,998.8,2.7,4.1
2024-06-30 12:20:00+02:00,19.6,19.6,21.6,16.9,85.0,22.6,83.0,518.3,4.0,0.0,17.1,28.8,0.0,17.1,92.2,245.0,2.2,6.5,223.0,999.0,999.0,2.7,4.1
2024-06-30 12:25:00+02:00,19.8,19.8,21.0,16.9,83.0,22.7,83.0,378.1,3.0,0.0,17.1,28.8,0.0,17.1,92.2,245.0,5.8,19.1,260.0,999.0,999.0,2.7,4.2
2024-06-30 12:30:00+02:00,19.7,19.7,20.5,16.7,83.0,22.8,83.0,447.0,4.0,0.0,17.1,28.8,0.0,17.1,92.2,245.0,7.2,12.6,255.0,999.0,999.0,2.7,4.2
2024-06-30 12:35:00+02:00,19.7,19.7,21.0,16.8,83.0,23.0,83.0,460.8,4.0,0.0,17.1,28.8,0.0,17.1,92.2,245.0,4.9,13.7,311.0,999.0,999.0,2.7,4.4
2024-06-30 12:40:00+02:00,20.1,20.1,22.0,16.7,81.0,23.1,83.0,444.1,4.0,0.0,17.1,28.8,0.0,17.1,92.2,245.0,2.2,7.6,204.0,998.9,998.9,2.7,4.4
2024-06-30 12:45:00+02:00,19.9,19.9,20.0,16.1,79.0,23.3,84.0,514.0,4.0,0.0,17.1,28.8,0.0,17.1,92.2,245.0,9.9,19.1,282.0,999.0,999.0,2.7,4.5
2024-06-30 12:50:00+02:00,19.7,19.7,20.4,16.2,81.0,23.4,83.0,397.3,3.0,0.0,17.1,28.8,0.0,17.1,92.2,245.0,7.2,14.4,275.0,999.1,999.1,2.7,4.5
2024-06-30 12:55:00+02:00,20.0,20.0,21.4,16.6,81.0,23.6,83.0,410.0,3.0,0.0,17.1,28.8,0.0,17.1,92.2,245.0,3.8,10.1,275.0,999.1,999.1,2.7,4.7
2024-06-30 13:00:00+02:00,20.4,20.4,21.4,16.7,79.0,23.7,83.0,678.1,6.0,0.0,17.1,28.8,0.0,17.1,92.2,245.0,6.2,15.1,260.0,999.1,999.1,2.7,4.7
2024-06-30 13:05:00+02:00,21.0,21.0,22.4,16.9,77.0,23.8,84.0,890.9,8.0,0.0,17.1,28.8,0.0,17.1,92.2,245.0,4.4,17.6,247.0,999.3,999.3,2.7,4.9
2024-06-30 13:10:00+02:00,21.4,21.4,23.0,16.8,75.0,24.0,84.0,733.2,6.0,0.0,17.1,28.8,0.0,17.1,92.2,245.0,3.3,13.3,248.0,999.4,999.4,2.7,4.9
2024-06-30 13:15:00+02:00,21.4,21.4,22.4,16.1,72.0,24.2,84.0,647.0,6.0,0.0,17.1,28.8,0.0,17.1,92.2,245.0,5.5,18.7,257.0,999.2,999.2,2.7,5.1
2024-06-30 13:20:00+02:00,20.8,20.8,21.4,15.9,73.0,24.3,84.0,442.4,4.0,0.0,17.1,28.8,0.0,17.1,92.2,245.0,7.1,19.8,275.0,999.4,999.4,2.7,5.1
2024-06-30 13:25:00+02:00,21.1,21.1,21.9,16.1,73.0,24.4,84.0,354.9,3.0,0.0,17.1,28.8,0.0,17.1,92.2,245.0,5.8,14.8,257.0,999.4,999.4,2.7,5.2
2024-06-30 13:30:00+02:00,21.2,21.2,22.6,16.1,73.0,24.6,84.0,447.2,4.0,0.0,17.1,28.8,0.0,17.1,92.2,245.0,2.7,9.7,321.0,999.4,999.4,2.7,5.2
2024-06-30 13:35:00+02:00,21.5,21.5,22.6,16.1,71.0,24.7,84.0,829.8,7.0,0.0,17.1,28.8,0.0,17.1,92.2,245.0,4.4,11.2,266.0,999.5,999.5,2.7,5.2
2024-06-30 13:40:00+02:00,22.1,22.1,23.5,16.1,69.0,24.9,84.0,551.0,5.0,0.0,17.1,28.8,0.0,17.1,92.2,245.0,3.2,11.2,313.0,999.6,999.6,2.7,5.2
2024-06-30 13:45:00+02:00,21.1,21.1,21.8,15.9,72.0,25.0,84.0,257.1,2.0,0.0,17.1,28.8,0.0,17.1,92.2,245.0,6.5,18.4,298.0,999.6,999.6,2.7,5.3
2024-06-30 13:50:00+02:00,20.9,20.9,22.1,16.1,74.0,25.2,83.0,303.6,2.0,0.0,17.1,28.8,0.0,17.1,92.2,245.0,4.7,18.0,221.0,999.6,999.6,2.7,5.3
2024-06-30 13:55:00+02:00,21.0,21.0,22.3,15.6,71.0,25.3,83.0,324.1,3.0,0.0,17.1,28.8,0.0,17.1,92.2,245.0,2.7,14.4,278.0,999.7,999.7,2.7,5.3
2024-06-30 14:00:00+02:00,21.5,21.5,23.0,15.9,70.0,25.3,83.0,781.1,7.0,0.0,17.1,28.8,0.0,17.1,92.2,245.0,2.2,4.7,300.0,999.7,999.7,2.7,5.3
2024-06-30 14:05:00+02:00,22.8,22.8,24.3,16.5,68.0,25.5,84.0,780.4,7.0,0.0,17.1,28.8,0.0,17.1,92.2,245.0,3.6,9.7,238.0,999.7,999.7,2.7,5.3
2024-06-30 14:10:00+02:00,23.0,23.0,24.5,16.3,66.0,25.6,84.0,699.7,6.0,0.0,17.1,28.8,0.0,17.1,92.2,245.0,2.7,17.3,311.0,999.7,999.7,2.7,5.3
2024-06-30 14:15:00+02:00,23.1,23.1,23.4,15.9,64.0,25.7,84.0,681.9,6.0,0.0,17.1,28.8,0.0,17.1,92.2,245.0,8.2,17.3,279.0,999.6,999.6,2.7,5.3
2024-06-30 14:20:00+02:00,22.8,22.8,24.2,15.8,65.0,25.9,84.0,731.4,6.0,0.0,17.1,28.8,0.0,17.1,92.2,245.0,2.9,16.9,236.0,999.7,999.7,2.7,5.3
2024-06-30 14:25:00+02:00,23.3,23.3,24.8,16.0,63.0,26.0,84.0,627.9,5.0,0.0,17.1,28.8,0.0,17.1,92.2,245.0,2.7,6.8,155.0,999.7,999.7,2.7,5.3
2024-06-30 14:30:00+02:00,23.3,23.3,24.9,16.1,64.0,26.1,84.0,274.7,2.0,0.0,17.1,28.8,0.0,17.1,92.2,245.0,2.4,6.8,304.0,999.7,999.7,2.7,5.3
2024-06-30 14:35:00+02:00,22.7,22.7,23.7,15.7,65.0,26.2,83.0,240.5,2.0,0.0,17.1,28.8,0.0,17.1,92.2,245.0,4.5,8.6,292.0,999.7,999.7,2.7,5.3
2024-06-30 14:40:00+02:00,22.3,22.3,23.6,15.5,65.0,26.3,83.0,205.8,1.0,0.0,17.1,28.8,0.0,17.1,92.2,245.0,3.0,9.0,272.0,999.8,999.8,2.7,5.3
2024-06-30 14:45:00+02:00,21.9,21.9,22.7,15.7,68.0,26.3,83.0,111.2,1.0,0.0,17.1,28.8,0.0,17.1,92.2,245.0,5.7,13.0,283.0,999.7,999.7,2.7,5.3
2024-06-30 14:50:00+02:00,21.4,21.4,22.2,15.3,68.0,26.3,83.0,69.8,0.0,0.0,17.1,28.8,0.0,17.1,92.2,245.0,4.8,13.0,269.0,999.9,999.9,2.7,5.3
2024-06-30 14:55:00+02:00,21.4,21.4,22.0,15.4,69.0,26.4,83.0,50.5,0.0,0.0,17.1,28.8,0.0,17.1,92.2,245.0,5.9,12.2,257.0,999.8,999.8,2.7,5.3
2024-06-30 15:00:00+02:00,20.8,20.8,21.3,15.4,71.0,26.4,83.0,41.4,0.0,0.0,17.1,28.8,0.0,17.1,92.2,245.0,6.8,20.9,268.0,1000.1,1000.1,2.7,5.3
2024-06-30 15:05:00+02:00,19.8,19.8,19.7,15.0,74.0,26.4,83.0,61.1,0.0,0.0,17.1,28.8,0.0,17.1,92.2,245.0,8.9,19.4,267.0,1000.1,1000.1,2.7,5.3
2024-06-30 15:10:00+02:00,19.6,19.6,20.2,14.9,74.0,26.4,82.0,63.1,0.0,0.0,17.1,28.8,0.0,17.1,92.2,245.0,5.0,16.2,258.0,1000.2,1000.2,2.7,5.3
2024-06-30 15:15:00+02:00,19.7,19.7,20.2,14.9,74.0,26.4,82.0,60.1,0.0,0.0,17.1,28.8,0.0,17.1,92.2,245.0,5.2,12.6,269.0,1000.3,1000.3,2.7,5.3
2024-06-30 15:20:00+02:00,19.7,19.7,20.8,15.0,74.0,26.4,82.0,59.4,0.0,0.0,17.1,28.8,0.0,17.1,92.2,245.0,2.4,5.8,283.0,1000.4,1000.4,2.7,5.3
2024-06-30 15:25:00+02:00,19.8,19.8,21.1,14.8,73.0,26.3,82.0,76.2,0.0,0.0,17.1,28.8,0.0,17.1,92.2,245.0,1.2,6.8,253.0,1000.5,1000.5,2.7,5.3
2024-06-30 15:30:00+02:00,19.9,19.9,21.1,15.0,73.0,26.3,82.0,77.6,0.0,0.0,17.1,28.8,0.0,17.1,92.2,245.0,2.1,5.8,273.0,1000.4,1000.4,2.7,5.3
2024-06-30 15:35:00+02:00,20.0,20.0,21.3,15.1,73.0,26.3,82.0,70.5,0.0,0.0,17.1,28.8,0.0,17.1,92.2,245.0,1.7,5.0,284.0,1000.5,1000.5,2.7,5.2
2024-06-30 15:40:00+02:00,20.0,20.0,21.5,15.5,75.0,26.3,82.0,54.9,0.0,0.0,17.1,28.8,0.0,17.1,92.2,245.0,1.6,6.1,176.0,1000.5,1000.5,2.7,5.2
2024-06-30 15:45:00+02:00,19.9,19.9,21.4,15.5,76.0,26.2,82.0,64.4,0.0,0.0,17.1,28.8,0.0,17.1,92.2,245.0,1.5,6.1,127.0,1000.6,1000.6,2.7,5.2
2024-06-30 15:50:00+02:00,20.0,20.0,21.3,15.2,74.0,26.2,82.0,89.5,0.0,0.0,17.1,28.8,0.0,17.1,92.2,245.0,1.7,5.8,198.0,1000.5,1000.5,2.7,5.2
2024-06-30 15:55:00+02:00,20.1,20.1,21.6,15.5,75.0,26.2,82.0,103.6,0.0,0.0,17.1,28.8,0.0,17.1,92.2,245.0,1.5,7.6,210.0,1000.5,1000.5,2.7,5.2
2024-06-30 16:00:00+02:00,20.2,20.2,21.9,15.5,74.0,26.1,82.0,87.1,0.0,0.0,17.1,28.8,0.0,17.1,92.2,245.0,0.7,7.6,83.0,1000.6,1000.6,2.7,5.2
2024-06-30 16:05:00+02:00,20.3,20.3,22.0,15.8,75.0,26.1,82.0,61.4,0.0,0.0,17.1,28.8,0.0,17.1,92.2,245.0,1.4,3.2,219.0,1000.6,1000.6,2.7,5.2
2024-06-30 16:10:00+02:00,20.2,20.2,21.6,15.9,77.0,26.1,82.0,26.7,0.0,0.0,17.1,28.8,0.0,17.1,92.2,245.0,2.6,7.9,253.0,1000.7,1000.7,2.7,5.2
2024-06-30 16:15:00+02:00,19.9,19.9,21.7,15.8,77.0,26.1,82.0,44.9,0.0,0.0,17.1,28.8,0.0,17.1,92.2,245.0,0.8,4.3,258.0,1000.6,1000.6,2.7,5.2
2024-06-30 16:20:00+02:00,19.9,19.9,21.8,15.8,77.0,26.0,82.0,145.4,1.0,0.0,17.1,28.8,0.0,17.1,92.2,245.0,0.4,6.5,213.0,1000.7,1000.7,2.7,5.2
2024-06-30 16:25:00+02:00,20.2,20.2,22.0,16.0,77.0,26.0,82.0,314.9,2.0,0.0,17.1,28.8,0.0,17.1,92.2,245.0,0.7,4.7,249.0,1000.7,1000.7,2.7,5.2
2024-06-30 16:30:00+02:00,20.7,20.7,21.9,15.8,74.0,26.0,82.0,257.1,2.0,0.0,17.1,28.8,0.0,17.1,92.2,245.0,3.9,9.4,275.0,1000.8,1000.8,2.7,5.2
2024-06-30 16:35:00+02:00,21.0,21.0,22.2,15.6,71.0,26.0,82.0,183.5,1.0,0.0,17.1,28.8,0.0,17.1,92.2,245.0,3.0,11.2,256.0,1000.7,1000.7,2.7,5.2
2024-06-30 16:40:00+02:00,21.1,21.1,22.2,15.4,70.0,26.0,82.0,173.4,1.0,0.0,17.1,28.8,0.0,17.1,92.2,245.0,3.7,6.8,265.0,1000.8,1000.8,2.7,5.2
2024-06-30 16:45:00+02:00,21.1,21.1,22.3,15.2,69.0,26.0,82.0,74.3,0.0,0.0,17.1,28.8,0.0,17.1,92.2,245.0,2.4,6.8,278.0,1000.8,1000.8,2.7,5.2
2024-06-30 16:50:00+02:00,20.8,20.8,22.3,15.4,71.0,26.0,82.0,50.2,0.0,0.0,17.1,28.8,0.0,17.1,92.2,245.0,1.8,6.5,245.0,1000.9,1000.9,2.7,5.2
2024-06-30 16:55:00+02:00,20.7,20.7,21.9,15.1,70.0,26.0,82.0,59.1,0.0,0.0,17.1,28.8,0.0,17.1,92.2,245.0,2.2,5.8,286.0,1000.9,1000.9,2.7,5.2
2024-06-30 17:00:00+02:00,20.6,20.6,21.8,15.0,70.0,26.0,82.0,55.9,0.0,0.0,17.1,28.8,0.0,17.1,92.2,245.0,2.3,5.8,249.0,1000.9,1000.9,2.7,5.2
2024-06-30 17:05:00+02:00,20.5,20.5,21.5,15.0,71.0,26.0,82.0,98.7,0.0,0.0,17.1,28.8,0.0,17.1,92.2,245.0,3.2,10.1,257.0,1000.9,1000.9,2.7,5.2
2024-06-30 17:10:00+02:00,20.4,20.4,20.9,14.6,69.0,25.9,82.0,129.7,1.0,0.0,17.1,28.8,0.0,17.1,92.2,245.0,4.9,10.1,256.0,1000.9,1000.9,2.7,5.2
2024-06-30 17:15:00+02:00,20.5,20.5,21.5,14.5,68.0,25.9,82.0,116.1,1.0,0.0,17.1,28.8,0.0,17.1,92.2,245.0,2.2,9.4,270.0,1000.9,1000.9,2.7,5.2
2024-06-30 17:20:00+02:00,20.6,20.6,21.8,14.6,68.0,25.9,82.0,70.7,0.0,0.0,17.1,28.8,0.0,17.1,92.2,245.0,1.4,5.8,247.0,1001.0,1001.0,2.7,5.2
2024-06-30 17:25:00+02:00,20.5,20.5,20.8,14.3,68.0,25.9,82.0,99.3,0.0,0.0,17.1,28.8,0.0,17.1,92.2,245.0,4.9,15.1,270.0,1001.0,1001.0,2.7,5.2
2024-06-30 17:30:00+02:00,20.5,20.5,21.8,14.6,69.0,25.9,82.0,94.3,0.0,0.0,17.1,28.8,0.0,17.1,92.2,245.0,1.0,4.7,267.0,1001.0,1001.0,2.7,5.2
2024-06-30 17:35:00+02:00,20.5,20.5,21.6,14.7,69.0,25.9,82.0,57.1,0.0,0.0,17.1,28.8,0.0,17.1,92.2,245.0,2.3,7.2,277.0,1001.1,1001.1,2.7,5.2
2024-06-30 17:40:00+02:00,20.5,20.5,21.3,14.5,69.0,25.9,82.0,73.9,0.0,0.0,17.1,28.8,0.0,17.1,92.2,245.0,3.3,7.2,237.0,1001.2,1001.2,2.7,5.2
2024-06-30 17:45:00+02:00,20.4,20.4,21.0,14.5,69.0,25.8,82.0,78.1,0.0,0.0,17.1,28.8,0.0,17.1,92.2,245.0,4.2,7.2,276.0,1001.2,1001.2,2.7,5.2
2024-06-30 17:50:00+02:00,20.4,20.4,21.6,14.5,69.0,25.9,82.0,72.7,0.0,0.0,17.1,28.8,0.0,17.1,92.2,245.0,1.2,6.8,253.0,1001.3,1001.3,2.7,5.2
2024-06-30 17:55:00+02:00,20.3,20.3,21.4,14.7,70.0,25.8,82.0,93.9,0.0,0.0,17.1,28.8,0.0,17.1,92.2,245.0,2.4,10.4,131.0,1001.3,1001.3,2.7,5.2
2024-06-30 18:00:00+02:00,20.3,20.3,21.7,15.0,71.0,25.8,82.0,90.1,0.0,0.0,17.1,28.8,0.0,17.1,92.2,245.0,1.3,4.3,124.0,1001.3,1001.3,2.7,5.2
2024-06-30 18:05:00+02:00,20.3,20.3,21.6,14.6,70.0,25.8,82.0,38.6,0.0,0.0,17.1,28.8,0.0,17.1,92.2,245.0,1.1,4.3,99.0,1001.4,1001.4,2.7,5.2
2024-06-30 18:10:00+02:00,20.3,20.3,21.6,14.7,71.0,25.8,82.0,32.3,0.0,0.0,17.1,28.8,0.0,17.1,92.2,245.0,0.9,5.0,146.0,1001.3,1001.3,2.7,5.2
2024-06-30 18:15:00+02:00,20.2,20.2,21.5,14.8,71.0,25.8,82.0,37.1,0.0,0.0,17.1,28.8,0.0,17.1,92.2,245.0,1.7,4.7,210.0,1001.3,1001.3,2.7,5.2
2024-06-30 18:20:00+02:00,20.2,20.2,21.5,14.6,70.0,25.7,82.0,36.4,0.0,0.0,17.1,28.8,0.0,17.1,92.2,245.0,0.9,5.8,104.0,1001.4,1001.4,2.7,5.2
2024-06-30 18:25:00+02:00,20.2,20.2,21.3,14.7,71.0,25.7,82.0,36.5,0.0,0.0,17.1,28.8,0.0,17.1,92.2,245.0,1.7,4.7,102.0,1001.4,1001.4,2.7,5.2
2024-06-30 18:30:00+02:00,20.2,20.2,21.6,14.7,71.0,25.7,82.0,74.1,0.0,0.0,17.1,28.8,0.0,17.1,92.2,245.0,0.5,4.3,175.0,1001.5,1001.5,2.7,5.2
2024-06-30 18:35:00+02:00,20.2,20.2,20.7,14.3,69.0,25.7,82.0,94.4,0.0,0.0,17.1,28.8,0.0,17.1,92.2,245.0,4.8,9.0,261.0,1001.4,1001.4,2.7,5.2
2024-06-30 18:40:00+02:00,20.4,20.4,21.2,14.3,68.0,25.7,82.0,88.5,0.0,0.0,17.1,28.8,0.0,17.1,92.2,245.0,3.2,5.8,320.0,1001.4,1001.4,2.7,5.2
2024-06-30 18:45:00+02:00,20.5,20.5,21.1,14.1,67.0,25.6,82.0,68.2,0.0,0.0,17.1,28.8,0.0,17.1,92.2,245.0,3.5,7.6,268.0,1001.5,1001.5,2.7,5.2
2024-06-30 18:50:00+02:00,20.4,20.4,21.3,14.0,67.0,25.6,82.0,39.9,0.0,0.0,17.1,28.8,0.0,17.1,92.2,245.0,1.9,7.2,287.0,1001.5,1001.5,2.7,5.2
2024-06-30 18:55:00+02:00,20.3,20.3,20.9,14.0,67.0,25.6,82.0,41.8,0.0,0.0,17.1,28.8,0.0,17.1,92.2,245.0,3.5,9.4,256.0,1001.5,1001.5,2.7,5.2
2024-06-30 19:00:00+02:00,20.3,20.3,21.0,14.1,68.0,25.6,82.0,46.5,0.0,0.0,17.1,28.8,0.0,17.1,92.2,245.0,3.0,9.4,251.0,1001.6,1001.6,2.7,5.2
2024-06-30 19:05:00+02:00,20.3,20.3,21.1,14.0,67.0,25.6,82.0,50.1,0.0,0.0,17.1,28.8,0.0,17.1,92.2,245.0,2.4,5.0,260.0,1001.6,1001.6,2.7,5.2
2024-06-30 19:10:00+02:00,20.3,20.3,21.2,14.1,68.0,25.5,82.0,37.8,0.0,0.0,17.1,28.8,0.0,17.1,92.2,245.0,1.9,7.9,300.0,1001.6,1001.6,2.7,5.2
2024-06-30 19:15:00+02:00,20.2,20.2,21.3,14.1,68.0,25.5,82.0,42.5,0.0,0.0,17.1,28.8,0.0,17.1,92.2,245.0,1.2,8.3,266.0,1001.6,1001.6,2.7,5.2
2024-06-30 19:20:00+02:00,20.2,20.2,21.2,14.1,68.0,25.5,82.0,47.7,0.0,0.0,17.1,28.8,0.0,17.1,92.2,245.0,1.9,5.8,194.0,1001.6,1001.6,2.7,5.2
2024-06-30 19:25:00+02:00,20.2,20.2,21.4,14.1,68.0,25.5,82.0,40.6,0.0,0.0,17.1,28.8,0.0,17.1,92.2,245.0,0.5,4.7,235.0,1001.6,1001.6,2.7,5.2
2024-06-30 19:30:00+02:00,20.2,20.2,20.9,14.2,69.0,25.4,82.0,25.1,0.0,0.0,17.1,28.8,0.0,17.1,92.2,245.0,3.1,6.1,306.0,1001.5,1001.5,2.7,5.2
2024-06-30 19:35:00+02:00,20.1,20.1,21.0,14.2,69.0,25.4,82.0,23.9,0.0,0.0,17.1,28.8,0.0,17.1,92.2,245.0,2.1,8.3,252.0,1001.5,1001.5,2.7,5.2
2024-06-30 19:40:00+02:00,20.0,20.0,20.9,14.3,69.0,25.4,82.0,24.0,0.0,0.0,17.1,28.8,0.0,17.1,92.2,245.0,2.2,6.8,288.0,1001.6,1001.6,2.7,5.2
2024-06-30 19:45:00+02:00,20.0,20.0,20.2,14.0,68.0,25.4,82.0,22.8,0.0,0.0,17.1,28.8,0.0,17.1,92.2,245.0,5.2,9.0,278.0,1001.6,1001.6,2.7,5.2
2024-06-30 19:50:00+02:00,19.9,19.9,20.6,13.8,68.0,25.3,82.0,24.6,0.0,0.0,17.1,28.8,0.0,17.1,92.2,245.0,2.4,8.3,318.0,1001.6,1001.6,2.7,5.2
2024-06-30 19:55:00+02:00,19.9,19.9,20.4,13.7,67.0,25.3,82.0,18.6,0.0,0.0,17.1,28.8,0.0,17.1,92.2,245.0,3.2,6.8,254.0,1001.4,1001.4,2.7,5.2
2024-06-30 20:00:00+02:00,19.9,19.9,20.7,13.8,68.0,25.3,82.0,18.9,0.0,0.0,17.1,28.8,0.0,17.1,92.2,245.0,2.2,8.6,275.0,1001.6,1001.6,2.7,5.2
2024-06-30 20:05:00+02:00,19.8,19.8,20.6,13.8,68.0,25.2,82.0,18.9,0.0,0.0,17.1,28.8,0.0,17.1,92.2,245.0,2.5,7.9,294.0,1001.6,1001.6,2.7,5.2
2024-06-30 20:10:00+02:00,19.8,19.8,20.7,13.7,68.0,25.2,82.0,20.3,0.0,0.0,17.1,28.8,0.0,17.1,92.2,245.0,1.6,5.0,272.0,1001.6,1001.6,2.7,5.2
2024-06-30 20:15:00+02:00,19.8,19.8,21.1,14.1,70.0,25.2,82.0,20.4,0.0,0.0,17.1,28.8,0.0,17.1,92.2,245.0,0.0,2.5,96.0,1001.7,1001.7,2.7,5.2
2024-06-30 20:20:00+02:00,19.7,19.7,20.8,14.0,69.0,25.2,82.0,17.4,0.0,0.0,17.1,28.8,0.0,17.1,92.2,245.0,0.7,4.0,283.0,1001.6,1001.6,2.7,5.2
2024-06-30 20:25:00+02:00,19.7,19.7,20.8,14.2,70.0,25.2,82.0,14.0,0.0,0.0,17.1,28.8,0.0,17.1,92.2,245.0,0.9,2.9,279.0,1001.7,1001.7,2.7,5.2
2024-06-30 20:30:00+02:00,19.7,19.7,20.4,13.9,69.0,25.1,82.0,9.6,0.0,0.0,17.1,28.8,0.0,17.1,92.2,245.0,2.2,3.6,265.0,1001.9,1001.9,2.7,5.2
2024-06-30 20:35:00+02:00,19.6,19.6,20.1,13.8,69.0,25.1,82.0,8.4,0.0,0.0,17.1,28.8,0.0,17.1,92.2,245.0,3.5,6.5,271.0,1001.8,1001.8,2.7,5.2
2024-06-30 20:40:00+02:00,19.6,19.6,20.2,13.8,69.0,25.1,82.0,9.2,0.0,0.0,17.1,28.8,0.0,17.1,92.2,245.0,3.1,6.5,281.0,1001.9,1001.9,2.7,5.2
2024-06-30 20:45:00+02:00,19.5,19.5,20.6,14.0,70.0,25.0,82.0,7.5,0.0,0.0,17.1,28.8,0.0,17.1,92.2,245.0,0.8,4.7,5.0,1001.9,1001.9,2.7,5.2
2024-06-30 20:50:00+02:00,19.4,19.4,20.6,13.9,70.0,25.0,82.0,8.0,0.0,0.0,17.1,28.8,0.0,17.1,92.2,245.0,0.4,2.9,181.0,1002.0,1002.0,2.7,5.2
2024-06-30 20:55:00+02:00,19.4,19.4,20.5,14.0,71.0,25.0,82.0,8.5,0.0,0.0,17.1,28.8,0.0,17.1,92.2,245.0,1.0,5.8,163.0,1001.9,1001.9,2.7,5.2
2024-06-30 21:00:00+02:00,19.3,19.3,20.6,14.0,72.0,24.9,82.0,4.7,0.0,0.0,17.1,28.8,0.0,17.1,92.2,245.0,0.0,5.8,149.0,1002.1,1002.1,2.7,5.2
2024-06-30 21:05:00+02:00,19.2,19.2,20.3,14.0,72.0,24.9,82.0,3.2,0.0,0.0,17.1,28.8,0.0,17.1,92.2,245.0,0.9,3.2,172.0,1002.1,1002.1,2.7,5.2
2024-06-30 21:10:00+02:00,19.2,19.2,20.4,14.2,73.0,24.9,82.0,2.8,0.0,0.0,17.1,28.8,0.0,17.1,92.2,245.0,0.9,4.0,222.0,1002.1,1002.1,2.7,5.2
2024-06-30 21:15:00+02:00,19.2,19.2,19.8,14.1,72.0,24.8,82.0,3.2,0.0,0.0,17.1,28.8,0.0,17.1,92.2,245.0,3.3,7.9,346.0,1002.2,1002.2,2.7,5.2
2024-06-30 21:20:00+02:00,19.0,19.0,19.0,13.7,71.0,24.8,82.0,5.0,0.0,0.0,17.1,28.8,0.0,17.1,92.2,245.0,6.0,16.6,253.0,1002.2,1002.2,2.7,5.2
2024-06-30 21:25:00+02:00,18.9,18.9,18.9,13.5,71.0,24.8,82.0,5.2,0.0,0.0,17.1,28.8,0.0,17.1,92.2,245.0,5.5,9.4,277.0,1002.2,1002.2,2.7,5.2
2024-06-30 21:30:00+02:00,18.8,18.8,19.6,13.4,71.0,24.7,82.0,4.3,0.0,0.0,17.1,28.8,0.0,17.1,92.2,245.0,1.6,9.4,249.0,1002.1,1002.1,2.7,5.2
2024-06-30 21:35:00+02:00,18.7,18.7,19.4,13.6,72.0,24.7,82.0,3.6,0.0,0.0,17.1,28.8,0.0,17.1,92.2,245.0,2.5,11.5,282.0,1002.3,1002.3,2.7,5.1
2024-06-30 21:40:00+02:00,18.6,18.6,19.2,13.6,73.0,24.6,82.0,1.4,0.0,0.0,17.1,28.8,0.0,17.1,92.2,245.0,3.2,5.8,267.0,1002.4,1002.4,2.7,5.1
2024-06-30 21:45:00+02:00,18.5,18.5,19.7,13.6,73.0,24.6,82.0,1.2,0.0,0.0,17.1,28.8,0.0,17.1,92.2,245.0,0.0,3.6,160.0,1002.3,1002.3,2.7,5.1
2024-06-30 21:50:00+02:00,18.5,18.5,19.6,13.7,74.0,24.6,82.0,1.2,0.0,0.0,17.1,28.8,0.0,17.1,92.2,245.0,0.4,2.5,175.0,1002.3,1002.3,2.7,5.1
2024-06-30 21:55:00+02:00,18.4,18.4,19.6,13.7,74.0,24.5,82.0,0.8,0.0,0.0,17.1,28.8,0.0,17.1,92.2,245.0,0.0,1.8,141.0,1002.3,1002.3,2.7,5.1
2024-06-30 22:00:00+02:00,18.3,18.3,19.5,13.8,75.0,24.5,82.0,0.5,0.0,0.0,17.1,28.8,0.0,17.1,92.2,245.0,0.0,1.8,61.0,1002.4,1002.4,2.7,5.1
2024-06-30 22:05:00+02:00,18.3,18.3,19.4,13.8,75.0,24.4,82.0,0.2,0.0,0.0,17.1,28.8,0.0,17.1,92.2,245.0,0.4,4.0,280.0,1002.3,1002.3,2.7,5.1
2024-06-30 22:10:00+02:00,18.2,18.2,19.0,14.0,76.0,24.4,82.0,0.2,0.0,0.0,17.1,28.8,0.0,17.1,92.2,245.0,2.4,4.7,293.0,1002.4,1002.4,2.7,5.1
2024-06-30 22:15:00+02:00,18.2,18.2,18.6,13.9,76.0,24.4,82.0,0.1,0.0,0.0,17.1,28.8,0.0,17.1,92.2,245.0,4.1,7.2,287.0,1002.5,1002.5,2.7,5.1
2024-06-30 22:20:00+02:00,18.2,18.2,19.2,13.9,76.0,24.3,82.0,0.0,0.0,0.0,17.1,28.8,0.0,17.1,92.2,245.0,1.2,6.8,266.0,1002.5,1002.5,2.7,5.1
2024-06-30 22:25:00+02:00,18.1,18.1,19.0,13.9,76.0,24.3,82.0,0.0,0.0,0.0,17.1,28.8,0.0,17.1,92.2,245.0,1.9,6.5,291.0,1002.5,1002.5,2.7,5.1
2024-06-30 22:30:00+02:00,18.0,18.0,19.1,13.9,77.0,24.3,82.0,0.0,0.0,0.0,17.1,28.8,0.0,17.1,92.2,245.0,0.7,4.7,309.0,1002.5,1002.5,2.7,5.1
2024-06-30 22:35:00+02:00,17.9,17.9,19.2,14.0,78.0,24.2,82.0,0.0,0.0,0.0,17.1,28.8,0.0,17.1,92.2,245.0,0.0,0.0,279.0,1002.4,1002.4,2.7,5.1
2024-06-30 22:40:00+02:00,17.8,17.8,19.1,14.0,79.0,24.2,82.0,0.0,0.0,0.0,17.1,28.8,0.0,17.1,92.2,245.0,0.0,2.5,16.0,1002.6,1002.6,2.7,5.1
2024-06-30 22:45:00+02:00,17.7,17.7,19.0,14.1,79.0,24.2,82.0,0.0,0.0,0.0,17.1,28.8,0.0,17.1,92.2,245.0,0.0,2.2,79.0,1002.5,1002.5,2.7,5.1
2024-06-30 22:50:00+02:00,17.7,17.7,18.5,14.1,79.0,24.1,82.0,0.0,0.0,0.0,17.1,28.8,0.0,17.1,92.2,245.0,2.6,5.4,137.0,1002.6,1002.6,2.7,5.1
2024-06-30 22:55:00+02:00,17.7,17.7,18.9,13.9,79.0,24.1,82.0,0.0,0.0,0.0,17.1,28.8,0.0,17.1,92.2,245.0,0.0,4.0,311.0,1002.6,1002.6,2.7,5.1
2024-06-30 23:00:00+02:00,17.7,17.7,19.0,14.1,79.0,24.1,82.0,0.0,0.0,0.0,17.1,28.8,0.0,17.1,92.2,245.0,0.0,2.2,23.0,1002.7,1002.7,2.7,5.1
2024-06-30 23:05:00+02:00,17.7,17.7,18.7,14.1,79.0,24.0,82.0,0.0,0.0,0.0,17.1,28.8,0.0,17.1,92.2,245.0,1.3,6.5,280.0,1002.7,1002.7,2.7,5.1
2024-06-30 23:10:00+02:00,17.7,17.7,18.8,14.0,79.0,24.0,82.0,0.0,0.0,0.0,17.1,28.8,0.0,17.1,92.2,245.0,0.7,4.3,258.0,1002.7,1002.7,2.7,5.1
2024-06-30 23:15:00+02:00,17.6,17.6,18.6,14.0,79.0,23.9,82.0,0.0,0.0,0.0,17.1,28.8,0.0,17.1,92.2,245.0,1.2,4.3,278.0,1002.8,1002.8,2.7,5.1
2024-06-30 23:20:00+02:00,17.6,17.6,18.6,14.1,80.0,23.9,82.0,0.0,0.0,0.0,17.1,28.8,0.0,17.1,92.2,245.0,1.4,3.6,215.0,1002.7,1002.7,2.7,5.1
2024-06-30 23:25:00+02:00,17.5,17.5,18.8,14.3,81.0,23.9,82.0,0.0,0.0,0.0,17.1,28.8,0.0,17.1,92.2,245.0,0.4,5.0,325.0,1002.7,1002.7,2.7,5.0
2024-06-30 23:30:00+02:00,17.4,17.4,18.8,14.5,83.0,23.8,82.0,0.0,0.0,0.0,17.1,28.8,0.0,17.1,92.2,245.0,0.0,5.0,152.0,1002.9,1002.9,2.7,5.0
2024-06-30 23:35:00+02:00,17.2,17.2,18.5,14.5,84.0,23.8,82.0,0.0,0.0,1.2,17.3,29.0,0.2,17.3,92.4,245.2,0.8,4.7,143.0,1003.0,1003.0,2.7,5.0
2024-06-30 23:40:00+02:00,17.1,17.1,18.4,14.7,86.0,23.8,82.0,0.0,0.0,3.0,17.6,29.3,0.5,17.6,92.7,245.5,0.7,2.5,139.0,1003.1,1003.1,2.7,5.0
2024-06-30 23:45:00+02:00,16.8,16.8,18.2,15.0,89.0,23.7,82.0,0.0,0.0,3.0,17.8,29.5,0.7,17.8,92.9,245.7,1.5,4.0,121.0,1003.0,1003.0,2.7,5.0
2024-06-30 23:50:00+02:00,16.5,16.5,17.4,14.9,91.0,23.7,82.0,0.0,0.0,2.4,17.9,29.6,0.8,17.9,93.0,245.8,3.1,5.0,123.0,1003.0,1003.0,2.7,5.0
2024-06-30 23:55:00+02:00,16.3,16.3,17.4,15.0,92.0,23.7,82.0,0.0,0.0,1.8,18.0,29.7,0.9,18.0,93.1,245.9,2.3,4.7,125.0,1003.1,1003.1,2.7,4.9
