datetime,outdoor_temperature,outdoor_feels_like,outdoor_app_temp,outdoor_dew_point,outdoor_humidity,indoor_temperature,indoor_humidity,solar_and_uvi_solar,solar_and_uvi_uvi,rainfall_piezo_rain_rate,rainfall_piezo_daily,rainfall_piezo_event,rainfall_piezo_hourly,rainfall_piezo_weekly,rainfall_piezo_monthly,rainfall_piezo_yearly,wind_wind_speed,wind_wind_gust,wind_wind_direction,pressure_relative,pressure_absolute,battery_haptic_array_battery,battery_haptic_array_capacitor
2024-04-12 16:56:00+02:00,21.0,21.0,20.6,12.5,58.0,20.7,87.0,345.9,3.0,0.0,0.0,0.0,0.0,0.0,0.0,0.0,5.9,12.2,223.0,1019.8,1019.8,2.68,5.3
2024-04-12 17:00:16+02:00,21.0,21.0,20.9,12.7,59.0,21.5,94.0,237.4,2.0,0.0,0.0,0.0,0.0,0.0,0.0,0.0,5.0,11.9,137.0,1019.6,1019.6,2.68,5.3
2024-04-12 17:04:32+02:00,20.7,20.7,20.3,12.7,60.0,21.7,96.0,227.4,2.0,0.0,0.0,0.0,0.0,0.0,0.0,0.0,6.3,14.0,145.0,1019.5,1019.5,2.68,5.3
2024-04-12 17:10:56+02:00,20.4,20.4,19.6,12.7,61.0,21.9,96.0,211.8,1.0,0.0,0.0,0.0,0.0,0.0,0.0,0.0,8.2,14.8,140.0,1019.6,1019.6,2.68,5.3
2024-04-12 17:15:12+02:00,20.2,20.2,19.4,12.5,61.0,22.0,96.0,233.2,2.0,0.0,0.0,0.0,0.0,0.0,0.0,0.0,8.3,19.4,128.0,1019.4,1019.4,2.68,5.3
2024-04-12 17:19:28+02:00,20.2,20.2,20.1,12.5,61.0,22.2,96.0,148.1,1.0,0.0,0.0,0.0,0.0,0.0,0.0,0.0,4.5,14.8,138.0,1019.3,1019.3,2.68,5.3
2024-04-12 17:25:52+02:00,20.4,20.4,20.2,12.2,60.0,22.3,95.0,128.3,1.0,0.0,0.0,0.0,0.0,0.0,0.0,0.0,4.7,9.0,155.0,1019.3,1019.3,2.68,5.3
2024-04-12 17:30:08+02:00,20.2,20.2,20.0,12.3,61.0,22.3,95.0,86.9,0.0,0.0,0.0,0.0,0.0,0.0,0.0,0.0,4.2,15.5,116.0,1019.3,1019.3,2.68,5.3
2024-04-12 17:34:24+02:00,20.2,20.2,20.0,12.2,60.0,22.5,95.0,138.7,1.0,0.0,0.0,0.0,0.0,0.0,0.0,0.0,4.5,9.4,146.0,1019.3,1019.3,2.68,5.3
2024-04-12 17:40:48+02:00,20.1,20.1,19.8,12.6,62.0,22.5,95.0,110.3,1.0,0.0,0.0,0.0,0.0,0.0,0.0,0.0,5.8,13.3,115.0,1019.0,1019.0,2.68,5.3
2024-04-12 17:45:04+02:00,20.0,20.0,20.0,12.7,63.0,22.6,94.0,84.8,0.0,0.0,0.0,0.0,0.0,0.0,0.0,0.0,4.2,9.0,137.0,1019.0,1019.0,2.68,5.3
2024-04-12 17:49:20+02:00,19.9,19.9,19.9,12.7,63.0,22.6,94.0,101.7,0.0,0.0,0.0,0.0,0.0,0.0,0.0,0.0,4.3,7.9,140.0,1019.1,1019.1,2.68,5.3
2024-04-12 17:55:44+02:00,20.0,20.0,19.7,12.7,63.0,22.7,94.0,136.2,1.0,0.0,0.0,0.0,0.0,0.0,0.0,0.0,6.0,10.1,140.0,1019.1,1019.1,2.68,5.2
2024-04-12 18:00:00+02:00,20.2,20.2,20.0,12.7,62.0,22.7,94.0,139.3,1.0,0.0,0.0,0.0,0.0,0.0,0.0,0.0,5.0,10.1,136.0,1019.1,1019.1,2.68,5.2
2024-04-12 18:04:16+02:00,20.0,20.0,19.6,12.5,62.0,22.7,94.0,109.2,1.0,0.0,0.0,0.0,0.0,0.0,0.0,0.0,6.1,16.9,141.0,1019.0,1019.0,2.68,5.2
2024-04-12 18:10:40+02:00,20.0,20.0,19.7,12.5,62.0,22.7,94.0,100.0,0.0,0.0,0.0,0.0,0.0,0.0,0.0,0.0,5.5,11.2,162.0,1019.0,1019.0,2.68,5.2
2024-04-12 18:14:56+02:00,20.3,20.3,20.4,12.5,61.0,22.8,94.0,100.6,0.0,0.0,0.0,0.0,0.0,0.0,0.0,0.0,3.6,9.4,206.0,1019.0,1019.0,2.68,5.2
2024-04-12 18:19:12+02:00,20.2,20.2,20.5,12.5,61.0,22.8,93.0,79.2,0.0,0.0,0.0,0.0,0.0,0.0,0.0,0.0,2.3,6.8,138.0,1019.0,1019.0,2.68,5.2
2024-04-12 18:25:36+02:00,20.0,20.0,19.7,12.5,62.0,22.8,93.0,71.3,0.0,0.0,0.0,0.0,0.0,0.0,0.0,0.0,5.7,10.8,140.0,1018.8,1018.8,2.68,5.2
2024-04-12 18:29:52+02:00,19.8,19.8,19.7,12.6,63.0,22.8,93.0,61.0,0.0,0.0,0.0,0.0,0.0,0.0,0.0,0.0,4.5,12.2,159.0,1018.7,1018.7,2.68,5.2
2024-04-12 18:34:08+02:00,19.8,19.8,19.5,12.5,62.0,22.8,93.0,55.6,0.0,0.0,0.0,0.0,0.0,0.0,0.0,0.0,5.6,11.9,177.0,1018.7,1018.7,2.7,5.2
2024-04-12 18:40:32+02:00,19.7,19.7,19.6,12.4,62.0,22.8,93.0,51.5,0.0,0.0,0.0,0.0,0.0,0.0,0.0,0.0,4.5,13.0,180.0,1018.9,1018.9,2.7,5.2
2024-04-12 18:44:48+02:00,19.7,19.7,20.0,12.6,63.0,22.8,93.0,51.9,0.0,0.0,0.0,0.0,0.0,0.0,0.0,0.0,3.0,7.6,114.0,1018.8,1018.8,2.68,5.2
2024-04-12 18:49:04+02:00,19.6,19.6,19.4,12.5,64.0,22.8,93.0,46.5,0.0,0.0,0.0,0.0,0.0,0.0,0.0,0.0,4.9,11.2,135.0,1018.8,1018.8,2.68,5.2
2024-04-12 18:55:28+02:00,19.5,19.5,18.9,12.6,64.0,22.7,93.0,42.5,0.0,0.0,0.0,0.0,0.0,0.0,0.0,0.0,7.0,12.2,125.0,1018.7,1018.7,2.7,5.2
2024-04-12 18:59:44+02:00,19.4,19.4,19.0,12.6,65.0,22.7,92.0,33.4,0.0,0.0,0.0,0.0,0.0,0.0,0.0,0.0,6.3,14.8,137.0,1018.8,1018.8,2.7,5.2
2024-04-12 19:04:00+02:00,19.4,19.4,19.2,12.6,65.0,22.7,92.0,35.2,0.0,0.0,0.0,0.0,0.0,0.0,0.0,0.0,5.3,11.5,133.0,1018.7,1018.7,2.7,5.2
2024-04-12 19:10:24+02:00,19.3,19.3,18.7,12.5,65.0,22.7,92.0,32.0,0.0,0.0,0.0,0.0,0.0,0.0,0.0,0.0,7.3,12.6,127.0,1018.6,1018.6,2.7,5.2
2024-04-12 19:14:40+02:00,19.3,19.3,18.9,12.7,66.0,22.7,92.0,23.6,0.0,0.0,0.0,0.0,0.0,0.0,0.0,0.0,6.1,11.5,128.0,1018.5,1018.5,2.7,5.2
2024-04-12 19:18:56+02:00,19.2,19.2,18.7,12.9,67.0,22.6,92.0,23.5,0.0,0.0,0.0,0.0,0.0,0.0,0.0,0.0,6.7,13.0,149.0,1018.5,1018.5,2.7,5.2
2024-04-12 19:25:20+02:00,19.1,19.1,18.7,12.7,67.0,22.6,92.0,23.8,0.0,0.0,0.0,0.0,0.0,0.0,0.0,0.0,6.3,10.8,131.0,1018.5,1018.5,2.7,5.2
2024-04-12 19:29:36+02:00,19.0,19.0,19.1,12.7,67.0,22.6,92.0,20.8,0.0,0.0,0.0,0.0,0.0,0.0,0.0,0.0,3.7,9.7,128.0,1018.5,1018.5,2.7,5.2
2024-04-12 19:36:00+02:00,18.9,18.9,18.8,12.8,68.0,22.5,92.0,13.7,0.0,0.0,0.0,0.0,0.0,0.0,0.0,0.0,5.0,10.4,140.0,1018.5,1018.5,2.7,5.2
2024-04-12 19:40:16+02:00,18.9,18.9,19.0,12.8,68.0,22.5,92.0,14.8,0.0,0.0,0.0,0.0,0.0,0.0,0.0,0.0,4.0,10.4,137.0,1018.4,1018.4,2.7,5.2
2024-04-12 19:44:32+02:00,18.8,18.8,18.8,12.8,68.0,22.5,92.0,12.6,0.0,0.0,0.0,0.0,0.0,0.0,0.0,0.0,4.8,9.4,141.0,1018.5,1018.5,2.7,5.2
2024-04-12 19:50:56+02:00,18.7,18.7,18.5,12.7,68.0,22.4,91.0,9.1,0.0,0.0,0.0,0.0,0.0,0.0,0.0,0.0,5.5,9.0,133.0,1018.6,1018.6,2.7,5.2
2024-04-12 19:55:12+02:00,18.7,18.7,18.7,13.0,69.0,22.4,91.0,6.8,0.0,0.0,0.0,0.0,0.0,0.0,0.0,0.0,4.5,9.0,132.0,1018.4,1018.4,2.7,5.2
2024-04-12 19:59:28+02:00,18.6,18.6,18.7,13.0,70.0,22.3,91.0,4.7,0.0,0.0,0.0,0.0,0.0,0.0,0.0,0.0,4.2,8.3,140.0,1018.4,1018.4,2.7,5.2
2024-04-12 20:05:52+02:00,18.5,18.5,18.3,12.9,70.0,22.3,91.0,4.2,0.0,0.0,0.0,0.0,0.0,0.0,0.0,0.0,5.5,10.1,116.0,1018.3,1018.3,2.7,5.2
2024-04-12 20:10:08+02:00,18.4,18.4,18.4,13.0,71.0,22.2,91.0,3.1,0.0,0.0,0.0,0.0,0.0,0.0,0.0,0.0,4.5,8.3,128.0,1018.4,1018.4,2.7,5.2
2024-04-12 20:14:24+02:00,18.4,18.4,18.4,13.0,71.0,22.2,91.0,2.0,0.0,0.0,0.0,0.0,0.0,0.0,0.0,0.0,4.5,10.4,134.0,1018.4,1018.4,2.7,5.2
2024-04-12 20:20:48+02:00,18.3,18.3,18.4,13.0,71.0,22.2,91.0,1.6,0.0,0.0,0.0,0.0,0.0,0.0,0.0,0.0,4.0,8.6,128.0,1018.3,1018.3,2.7,5.2
2024-04-12 20:25:04+02:00,18.2,18.2,18.3,12.9,71.0,22.1,91.0,1.1,0.0,0.0,0.0,0.0,0.0,0.0,0.0,0.0,4.3,9.4,122.0,1018.5,1018.5,2.7,5.2
2024-04-12 20:29:20+02:00,18.2,18.2,18.1,13.0,71.0,22.1,91.0,0.6,0.0,0.0,0.0,0.0,0.0,0.0,0.0,0.0,5.3,8.3,128.0,1018.4,1018.4,2.7,5.2
2024-04-12 20:35:44+02:00,18.1,18.1,18.1,13.0,72.0,22.0,91.0,0.3,0.0,0.0,0.0,0.0,0.0,0.0,0.0,0.0,4.6,11.9,119.0,1018.5,1018.5,2.7,5.2
2024-04-12 20:40:00+02:00,18.1,18.1,17.9,13.0,72.0,21.9,90.0,0.1,0.0,0.0,0.0,0.0,0.0,0.0,0.0,0.0,5.9,9.0,122.0,1018.6,1018.6,2.7,5.2
2024-04-12 20:44:16+02:00,18.2,18.2,18.2,13.0,72.0,21.9,90.0,0.0,0.0,0.0,0.0,0.0,0.0,0.0,0.0,0.0,4.5,10.4,123.0,1018.6,1018.6,2.7,5.2
2024-04-12 20:50:40+02:00,18.2,18.2,18.2,13.1,72.0,21.8,90.0,0.0,0.0,0.0,0.0,0.0,0.0,0.0,0.0,0.0,4.5,10.4,120.0,1018.5,1018.5,2.7,5.2
2024-04-12 20:54:56+02:00,18.0,18.0,17.9,13.1,73.0,21.8,90.0,0.0,0.0,0.0,0.0,0.0,0.0,0.0,0.0,0.0,5.7,11.5,125.0,1018.5,1018.5,2.7,5.2
2024-04-12 20:59:12+02:00,17.9,17.9,17.8,13.0,73.0,21.8,90.0,0.0,0.0,0.0,0.0,0.0,0.0,0.0,0.0,0.0,5.7,10.4,119.0,1018.5,1018.5,2.7,5.2
2024-04-12 21:05:36+02:00,17.8,17.8,17.9,13.0,73.0,21.7,90.0,0.0,0.0,0.0,0.0,0.0,0.0,0.0,0.0,0.0,4.7,10.4,126.0,1018.4,1018.4,2.7,5.1
2024-04-12 21:09:52+02:00,17.7,17.7,17.8,13.1,74.0,21.7,90.0,0.0,0.0,0.0,0.0,0.0,0.0,0.0,0.0,0.0,4.5,7.9,117.0,1018.5,1018.5,2.7,5.1
2024-04-12 21:14:08+02:00,17.7,17.7,17.5,13.0,74.0,21.6,90.0,0.0,0.0,0.0,0.0,0.0,0.0,0.0,0.0,0.0,5.5,12.6,127.0,1018.4,1018.4,2.7,5.1
2024-04-12 21:20:32+02:00,17.6,17.6,17.8,12.9,74.0,21.6,90.0,0.0,0.0,0.0,0.0,0.0,0.0,0.0,0.0,0.0,3.3,6.8,130.0,1018.4,1018.4,2.7,5.1
2024-04-12 21:24:48+02:00,17.5,17.5,17.6,13.0,75.0,21.5,90.0,0.0,0.0,0.0,0.0,0.0,0.0,0.0,0.0,0.0,4.5,9.7,120.0,1018.5,1018.5,2.7,5.1
2024-04-12 21:29:04+02:00,17.5,17.5,17.1,12.9,74.0,21.5,90.0,0.0,0.0,0.0,0.0,0.0,0.0,0.0,0.0,0.0,6.7,11.2,106.0,1018.4,1018.4,2.7,5.1
2024-04-12 21:35:28+02:00,17.5,17.5,17.5,12.9,74.0,21.4,90.0,0.0,0.0,0.0,0.0,0.0,0.0,0.0,0.0,0.0,5.0,10.8,121.0,1018.4,1018.4,2.7,5.1
2024-04-12 21:39:44+02:00,17.4,17.4,17.5,12.9,75.0,21.3,90.0,0.0,0.0,0.0,0.0,0.0,0.0,0.0,0.0,0.0,3.9,9.4,114.0,1018.4,1018.4,2.7,5.1
2024-04-12 21:44:00+02:00,17.3,17.3,17.1,12.9,75.0,21.3,90.0,0.0,0.0,0.0,0.0,0.0,0.0,0.0,0.0,0.0,5.3,15.8,123.0,1018.4,1018.4,2.7,5.1
2024-04-12 21:50:24+02:00,17.4,17.4,17.6,12.9,75.0,21.2,90.0,0.0,0.0,0.0,0.0,0.0,0.0,0.0,0.0,0.0,3.5,8.3,125.0,1018.5,1018.5,2.7,5.1
2024-04-12 21:54:40+02:00,17.4,17.4,17.3,12.9,75.0,21.2,90.0,0.0,0.0,0.0,0.0,0.0,0.0,0.0,0.0,0.0,5.3,10.1,125.0,1018.5,1018.5,2.7,5.1
2024-04-12 22:01:04+02:00,17.3,17.3,17.4,12.9,75.0,21.1,89.0,0.0,0.0,0.0,0.0,0.0,0.0,0.0,0.0,0.0,4.4,15.1,116.0,1018.4,1018.4,2.7,5.1
2024-04-12 22:05:20+02:00,17.3,17.3,17.2,12.9,75.0,21.1,89.0,0.0,0.0,0.0,0.0,0.0,0.0,0.0,0.0,0.0,5.4,15.1,127.0,1018.4,1018.4,2.7,5.1
2024-04-12 22:09:36+02:00,17.3,17.3,17.3,12.8,75.0,21.0,89.0,0.0,0.0,0.0,0.0,0.0,0.0,0.0,0.0,0.0,4.6,7.9,131.0,1018.4,1018.4,2.7,5.1
2024-04-12 22:16:00+02:00,17.3,17.3,17.5,12.9,75.0,21.0,89.0,0.0,0.0,0.0,0.0,0.0,0.0,0.0,0.0,0.0,3.7,9.4,128.0,1018.5,1018.5,2.7,5.1
2024-04-12 22:20:16+02:00,17.3,17.3,17.8,12.8,75.0,20.9,89.0,0.0,0.0,0.0,0.0,0.0,0.0,0.0,0.0,0.0,1.7,6.5,123.0,1018.3,1018.3,2.7,5.1
2024-04-12 22:24:32+02:00,17.2,17.2,17.3,12.8,75.0,20.8,89.0,0.0,0.0,0.0,0.0,0.0,0.0,0.0,0.0,0.0,4.0,9.7,132.0,1018.4,1018.4,2.7,5.1
2024-04-12 22:30:56+02:00,17.3,17.3,17.4,12.8,75.0,20.8,89.0,0.0,0.0,0.0,0.0,0.0,0.0,0.0,0.0,0.0,3.7,10.1,135.0,1018.4,1018.4,2.7,5.1
2024-04-12 22:35:12+02:00,17.3,17.3,17.5,12.8,75.0,20.8,89.0,0.0,0.0,0.0,0.0,0.0,0.0,0.0,0.0,0.0,3.4,6.1,131.0,1018.3,1018.3,2.7,5.1
2024-04-12 22:39:28+02:00,17.4,17.4,17.4,12.9,75.0,20.7,89.0,0.0,0.0,0.0,0.0,0.0,0.0,0.0,0.0,0.0,4.5,9.7,132.0,1018.3,1018.3,2.7,5.1
2024-04-12 22:45:52+02:00,17.3,17.3,17.0,12.9,75.0,20.7,89.0,0.0,0.0,0.0,0.0,0.0,0.0,0.0,0.0,0.0,6.5,10.1,117.0,1018.3,1018.3,2.7,5.1
2024-04-12 22:50:08+02:00,17.3,17.3,17.0,12.9,75.0,20.7,89.0,0.0,0.0,0.0,0.0,0.0,0.0,0.0,0.0,0.0,6.5,14.0,131.0,1018.3,1018.3,2.7,5.1
2024-04-12 22:54:24+02:00,17.3,17.3,17.2,12.9,75.0,20.6,89.0,0.0,0.0,0.0,0.0,0.0,0.0,0.0,0.0,0.0,5.6,9.4,127.0,1018.3,1018.3,2.7,5.0
2024-04-12 23:00:48+02:00,17.2,17.2,17.1,12.8,75.0,20.6,89.0,0.0,0.0,0.0,0.0,0.0,0.0,0.0,0.0,0.0,4.9,9.7,119.0,1018.3,1018.3,2.7,5.0
2024-04-12 23:05:04+02:00,17.2,17.2,17.5,12.8,75.0,20.5,89.0,0.0,0.0,0.0,0.0,0.0,0.0,0.0,0.0,0.0,2.7,7.9,135.0,1018.2,1018.2,2.7,5.0
2024-04-12 23:09:20+02:00,17.0,17.0,17.3,12.7,76.0,20.5,89.0,0.0,0.0,0.0,0.0,0.0,0.0,0.0,0.0,0.0,3.2,6.8,120.0,1018.2,1018.2,2.7,5.0
2024-04-12 23:15:44+02:00,17.0,17.0,17.1,12.7,76.0,20.5,89.0,0.0,0.0,0.0,0.0,0.0,0.0,0.0,0.0,0.0,3.7,7.9,132.0,1018.3,1018.3,2.7,5.0
2024-04-12 23:20:00+02:00,17.0,17.0,16.9,12.7,76.0,20.4,89.0,0.0,0.0,0.0,0.0,0.0,0.0,0.0,0.0,0.0,4.9,6.5,109.0,1018.2,1018.2,2.7,5.0
2024-04-12 23:24:16+02:00,16.9,16.9,17.1,12.7,76.0,20.4,89.0,0.0,0.0,0.0,0.0,0.0,0.0,0.0,0.0,0.0,3.8,7.6,125.0,1018.5,1018.5,2.7,5.0
2024-04-12 23:34:56+02:00,16.8,16.8,16.7,12.7,77.0,20.3,89.0,0.0,0.0,0.0,0.0,0.0,0.0,0.0,0.0,0.0,4.8,7.6,110.0,1018.3,1018.3,2.7,5.0
2024-04-12 23:39:12+02:00,16.7,16.7,16.8,12.7,77.0,20.3,89.0,0.0,0.0,0.0,0.0,0.0,0.0,0.0,0.0,0.0,3.7,7.6,128.0,1018.2,1018.2,2.7,5.0
2024-04-12 23:45:36+02:00,16.7,16.7,16.8,12.7,77.0,20.2,89.0,0.0,0.0,0.0,0.0,0.0,0.0,0.0,0.0,0.0,3.6,6.1,123.0,1018.3,1018.3,2.7,5.0
2024-04-12 23:49:52+02:00,16.7,16.7,16.7,12.7,77.0,20.2,89.0,0.0,0.0,0.0,0.0,0.0,0.0,0.0,0.0,0.0,4.3,8.3,122.0,1018.2,1018.2,2.7,5.0
2024-04-12 23:54:08+02:00,16.7,16.7,16.8,12.7,77.0,20.2,89.0,0.0,0.0,0.0,0.0,0.0,0.0,0.0,0.0,0.0,3.7,7.2,135.0,1018.3,1018.3,2.7,5.0
2024-04-13 00:00:32+02:00,16.7,16.7,17.0,12.8,78.0,20.1,89.0,0.0,0.0,0.0,0.0,0.0,0.0,0.0,0.0,0.0,2.8,5.8,121.0,1018.4,1018.4,2.7,5.0
2024-04-13 00:04:48+02:00,16.5,16.5,16.7,12.7,78.0,20.1,89.0,0.0,0.0,0.0,0.0,0.0,0.0,0.0,0.0,0.0,3.2,5.8,128.0,1018.4,1018.4,2.7,5.0
2024-04-13 00:09:04+02:00,16.5,16.5,16.3,12.7,78.0,20.1,89.0,0.0,0.0,0.0,0.0,0.0,0.0,0.0,0.0,0.0,5.4,9.7,123.0,1018.4,1018.4,2.7,5.0
2024-04-13 00:15:28+02:00,16.5,16.5,16.4,12.7,78.0,20.0,89.0,0.0,0.0,0.0,0.0,0.0,0.0,0.0,0.0,0.0,5.0,9.0,120.0,1018.3,1018.3,2.7,5.0
2024-04-13 00:19:44+02:00,16.4,16.4,16.4,12.6,78.0,20.0,89.0,0.0,0.0,0.0,0.0,0.0,0.0,0.0,0.0,0.0,4.5,8.3,115.0,1018.4,1018.4,2.7,5.0
2024-04-13 00:24:00+02:00,16.4,16.4,16.3,12.7,78.0,19.9,89.0,0.0,0.0,0.0,0.0,0.0,0.0,0.0,0.0,0.0,4.8,8.3,116.0,1018.4,1018.4,2.7,5.0
2024-04-13 00:30:24+02:00,16.3,16.3,16.3,12.6,79.0,19.9,89.0,0.0,0.0,0.0,0.0,0.0,0.0,0.0,0.0,0.0,4.1,7.6,122.0,1018.3,1018.3,2.7,5.0
2024-04-13 00:34:40+02:00,16.3,16.3,16.3,12.6,79.0,19.8,89.0,0.0,0.0,0.0,0.0,0.0,0.0,0.0,0.0,0.0,4.4,7.2,114.0,1018.4,1018.4,2.7,5.0
2024-04-13 00:38:56+02:00,16.3,16.3,16.3,12.6,79.0,19.8,89.0,0.0,0.0,0.0,0.0,0.0,0.0,0.0,0.0,0.0,4.1,7.6,119.0,1018.3,1018.3,2.7,5.0
2024-04-13 00:45:20+02:00,16.2,16.2,16.2,12.6,79.0,19.8,89.0,0.0,0.0,0.0,0.0,0.0,0.0,0.0,0.0,0.0,3.9,8.3,114.0,1018.5,1018.5,2.7,5.0
2024-04-13 00:49:36+02:00,16.2,16.2,16.2,12.6,80.0,19.7,89.0,0.0,0.0,0.0,0.0,0.0,0.0,0.0,0.0,0.0,3.7,7.2,124.0,1018.5,1018.5,2.7,5.0
2024-04-13 00:56:00+02:00,16.1,16.1,16.0,12.7,80.0,19.7,89.0,0.0,0.0,0.0,0.0,0.0,0.0,0.0,0.0,0.0,4.5,7.9,131.0,1018.4,1018.4,2.7,4.9
2024-04-13 01:00:16+02:00,16.2,16.2,16.0,12.6,80.0,19.7,89.0,0.0,0.0,0.0,0.0,0.0,0.0,0.0,0.0,0.0,5.0,8.3,121.0,1018.4,1018.4,2.7,4.9
2024-04-13 01:04:32+02:00,16.0,16.0,15.9,12.6,80.0,19.6,89.0,0.0,0.0,0.0,0.0,0.0,0.0,0.0,0.0,0.0,4.9,7.6,122.0,1018.4,1018.4,2.7,4.9
2024-04-13 01:10:56+02:00,16.0,16.0,16.1,12.6,80.0,19.6,89.0,0.0,0.0,0.0,0.0,0.0,0.0,0.0,0.0,0.0,3.5,8.3,123.0,1018.4,1018.4,2.7,4.9
2024-04-13 01:15:12+02:00,16.0,16.0,16.2,12.6,80.0,19.5,89.0,0.0,0.0,0.0,0.0,0.0,0.0,0.0,0.0,0.0,3.2,5.8,128.0,1018.4,1018.4,2.7,4.9
2024-04-13 01:19:28+02:00,15.9,15.9,15.8,12.5,80.0,19.5,89.0,0.0,0.0,0.0,0.0,0.0,0.0,0.0,0.0,0.0,4.6,10.4,122.0,1018.6,1018.6,2.7,4.9
2024-04-13 01:25:52+02:00,16.0,16.0,15.8,12.6,80.0,19.4,89.0,0.0,0.0,0.0,0.0,0.0,0.0,0.0,0.0,0.0,5.2,7.9,126.0,1018.4,1018.4,2.7,4.9
2024-04-13 01:30:08+02:00,15.9,15.9,15.6,12.6,80.0,19.4,89.0,0.0,0.0,0.0,0.0,0.0,0.0,0.0,0.0,0.0,5.6,7.9,121.0,1018.3,1018.3,2.7,4.9
2024-04-13 01:34:24+02:00,15.8,15.8,15.6,12.5,81.0,19.4,89.0,0.0,0.0,0.0,0.0,0.0,0.0,0.0,0.0,0.0,5.2,7.6,126.0,1018.4,1018.4,2.7,4.9
2024-04-13 01:40:48+02:00,15.8,15.8,15.6,12.6,81.0,19.3,89.0,0.0,0.0,0.0,0.0,0.0,0.0,0.0,0.0,0.0,5.5,7.9,118.0,1018.3,1018.3,2.7,4.9
2024-04-13 01:45:04+02:00,15.8,15.8,15.6,12.6,81.0,19.3,89.0,0.0,0.0,0.0,0.0,0.0,0.0,0.0,0.0,0.0,5.5,7.9,117.0,1018.3,1018.3,2.7,4.9
2024-04-13 01:49:20+02:00,15.8,15.8,15.8,12.5,81.0,19.2,89.0,0.0,0.0,0.0,0.0,0.0,0.0,0.0,0.0,0.0,4.0,7.2,115.0,1018.3,1018.3,2.7,4.9
2024-04-13 01:55:44+02:00,15.7,15.7,15.8,12.5,81.0,19.2,89.0,0.0,0.0,0.0,0.0,0.0,0.0,0.0,0.0,0.0,3.5,5.8,114.0,1018.2,1018.2,2.7,4.9
2024-04-13 02:00:00+02:00,15.7,15.7,15.8,12.5,81.0,19.2,89.0,0.0,0.0,0.0,0.0,0.0,0.0,0.0,0.0,0.0,3.1,6.1,112.0,1018.2,1018.2,2.7,4.9
2024-04-13 02:04:16+02:00,15.7,15.7,15.5,12.5,81.0,19.1,89.0,0.0,0.0,0.0,0.0,0.0,0.0,0.0,0.0,0.0,4.4,7.2,130.0,1018.2,1018.2,2.7,4.9
2024-04-13 02:10:40+02:00,15.7,15.7,15.7,12.5,81.0,19.1,89.0,0.0,0.0,0.0,0.0,0.0,0.0,0.0,0.0,0.0,4.0,7.2,127.0,1018.1,1018.1,2.7,4.9
2024-04-13 02:14:56+02:00,15.7,15.7,15.7,12.5,81.0,19.0,89.0,0.0,0.0,0.0,0.0,0.0,0.0,0.0,0.0,0.0,3.7,9.0,122.0,1018.1,1018.1,2.7,4.9
2024-04-13 02:19:12+02:00,15.5,15.5,15.5,12.4,82.0,19.0,89.0,0.0,0.0,0.0,0.0,0.0,0.0,0.0,0.0,0.0,3.6,6.5,123.0,1018.0,1018.0,2.7,4.9
2024-04-13 02:25:36+02:00,15.5,15.5,15.1,12.4,82.0,19.0,89.0,0.0,0.0,0.0,0.0,0.0,0.0,0.0,0.0,0.0,5.6,9.0,122.0,1018.1,1018.1,2.7,4.9
2024-04-13 02:29:52+02:00,15.6,15.6,15.5,12.4,82.0,18.9,89.0,0.0,0.0,0.0,0.0,0.0,0.0,0.0,0.0,0.0,4.2,7.6,115.0,1017.9,1017.9,2.7,4.9
2024-04-13 02:34:08+02:00,15.3,15.3,15.3,12.3,82.0,18.9,89.0,0.0,0.0,0.0,0.0,0.0,0.0,0.0,0.0,0.0,4.0,8.6,119.0,1018.0,1018.0,2.7,4.9
2024-04-13 02:40:32+02:00,15.3,15.3,15.1,12.2,82.0,18.8,89.0,0.0,0.0,0.0,0.0,0.0,0.0,0.0,0.0,0.0,4.5,7.6,129.0,1017.9,1017.9,2.7,4.9
2024-04-13 02:44:48+02:00,15.3,15.3,15.1,12.2,82.0,18.8,89.0,0.0,0.0,0.0,0.0,0.0,0.0,0.0,0.0,0.0,4.3,7.6,123.0,1018.0,1018.0,2.7,4.8
2024-04-13 02:49:04+02:00,15.2,15.2,15.2,12.3,83.0,18.8,89.0,0.0,0.0,0.0,0.0,0.0,0.0,0.0,0.0,0.0,3.9,6.8,119.0,1017.9,1017.9,2.7,4.8
2024-04-13 02:55:28+02:00,15.2,15.2,15.1,12.3,83.0,18.7,89.0,0.0,0.0,0.0,0.0,0.0,0.0,0.0,0.0,0.0,4.1,8.6,132.0,1018.0,1018.0,2.7,4.8
2024-04-13 02:59:44+02:00,15.2,15.2,14.9,12.2,83.0,18.7,89.0,0.0,0.0,0.0,0.0,0.0,0.0,0.0,0.0,0.0,5.3,9.7,119.0,1018.0,1018.0,2.7,4.8
2024-04-13 03:04:00+02:00,15.1,15.1,14.9,12.2,83.0,18.6,89.0,0.0,0.0,0.0,0.0,0.0,0.0,0.0,0.0,0.0,4.7,8.3,115.0,1017.9,1017.9,2.7,4.8
2024-04-13 03:10:24+02:00,15.1,15.1,14.8,12.2,83.0,18.6,89.0,0.0,0.0,0.0,0.0,0.0,0.0,0.0,0.0,0.0,5.1,9.7,125.0,1017.9,1017.9,2.7,4.8
2024-04-13 03:14:40+02:00,15.1,15.1,14.9,12.1,82.0,18.6,89.0,0.0,0.0,0.0,0.0,0.0,0.0,0.0,0.0,0.0,4.5,10.4,123.0,1017.8,1017.8,2.7,4.8
2024-04-13 03:21:04+02:00,15.2,15.2,14.9,12.2,82.0,18.5,89.0,0.0,0.0,0.0,0.0,0.0,0.0,0.0,0.0,0.0,5.4,9.0,123.0,1017.8,1017.8,2.7,4.8
2024-04-13 03:25:20+02:00,15.2,15.2,15.2,12.1,82.0,18.5,89.0,0.0,0.0,0.0,0.0,0.0,0.0,0.0,0.0,0.0,3.1,6.1,126.0,1017.9,1017.9,2.7,4.8
2024-04-13 03:29:36+02:00,15.1,15.1,14.6,12.1,82.0,18.5,89.0,0.0,0.0,0.0,0.0,0.0,0.0,0.0,0.0,0.0,5.9,10.1,110.0,1017.9,1017.9,2.7,4.8
2024-04-13 03:36:00+02:00,15.2,15.2,15.2,12.1,82.0,18.4,89.0,0.0,0.0,0.0,0.0,0.0,0.0,0.0,0.0,0.0,2.8,7.2,128.0,1017.9,1017.9,2.7,4.8
2024-04-13 03:40:16+02:00,15.1,15.1,14.9,12.0,82.0,18.4,89.0,0.0,0.0,0.0,0.0,0.0,0.0,0.0,0.0,0.0,4.0,7.2,119.0,1017.8,1017.8,2.7,4.8
2024-04-13 03:44:32+02:00,15.1,15.1,14.6,12.0,82.0,18.4,89.0,0.0,0.0,0.0,0.0,0.0,0.0,0.0,0.0,0.0,5.6,7.9,121.0,1017.8,1017.8,2.7,4.8
2024-04-13 03:50:56+02:00,15.0,15.0,14.7,12.0,82.0,18.3,89.0,0.0,0.0,0.0,0.0,0.0,0.0,0.0,0.0,0.0,4.8,7.9,124.0,1017.8,1017.8,2.7,4.8
2024-04-13 03:55:12+02:00,15.2,15.2,14.9,12.1,82.0,18.3,89.0,0.0,0.0,0.0,0.0,0.0,0.0,0.0,0.0,0.0,4.6,8.3,115.0,1017.8,1017.8,2.7,4.8
2024-04-13 03:59:28+02:00,15.2,15.2,15.0,12.1,82.0,18.3,89.0,0.0,0.0,0.0,0.0,0.0,0.0,0.0,0.0,0.0,4.4,10.1,122.0,1017.8,1017.8,2.7,4.8
2024-04-13 04:05:52+02:00,15.0,15.0,14.9,12.0,83.0,18.2,89.0,0.0,0.0,0.0,0.0,0.0,0.0,0.0,0.0,0.0,3.5,5.8,119.0,1017.7,1017.7,2.7,4.8
2024-04-13 04:10:08+02:00,14.8,14.8,14.8,12.0,83.0,18.2,89.0,0.0,0.0,0.0,0.0,0.0,0.0,0.0,0.0,0.0,3.4,5.8,129.0,1017.7,1017.7,2.7,4.8
2024-04-13 04:14:24+02:00,14.8,14.8,14.1,11.9,83.0,18.2,89.0,0.0,0.0,0.0,0.0,0.0,0.0,0.0,0.0,0.0,6.6,7.9,117.0,1017.6,1017.6,2.7,4.8
2024-04-13 04:20:48+02:00,14.6,14.6,14.7,11.9,84.0,18.1,89.0,0.0,0.0,0.0,0.0,0.0,0.0,0.0,0.0,0.0,2.5,7.2,135.0,1017.6,1017.6,2.7,4.8
2024-04-13 04:25:04+02:00,14.5,14.5,14.2,11.9,85.0,18.1,89.0,0.0,0.0,0.0,0.0,0.0,0.0,0.0,0.0,0.0,4.5,5.8,116.0,1017.7,1017.7,2.7,4.7
2024-04-13 04:29:20+02:00,14.5,14.5,14.2,11.9,84.0,18.1,89.0,0.0,0.0,0.0,0.0,0.0,0.0,0.0,0.0,0.0,4.8,6.5,123.0,1017.5,1017.5,2.7,4.7
2024-04-13 04:35:44+02:00,14.5,14.5,14.2,11.9,85.0,18.0,89.0,0.0,0.0,0.0,0.0,0.0,0.0,0.0,0.0,0.0,4.5,7.6,115.0,1017.5,1017.5,2.7,4.7
2024-04-13 04:40:00+02:00,14.3,14.3,14.2,11.8,85.0,18.0,89.0,0.0,0.0,0.0,0.0,0.0,0.0,0.0,0.0,0.0,3.3,5.4,117.0,1017.5,1017.5,2.7,4.7
2024-04-13 04:44:16+02:00,14.2,14.2,14.1,11.9,86.0,18.0,89.0,0.0,0.0,0.0,0.0,0.0,0.0,0.0,0.0,0.0,3.8,5.8,113.0,1017.4,1017.4,2.7,4.7
2024-04-13 04:50:40+02:00,14.2,14.2,14.0,11.9,86.0,17.9,89.0,0.0,0.0,0.0,0.0,0.0,0.0,0.0,0.0,0.0,3.9,6.8,113.0,1017.4,1017.4,2.7,4.7
2024-04-13 04:54:56+02:00,14.1,14.1,13.9,11.8,86.0,17.9,89.0,0.0,0.0,0.0,0.0,0.0,0.0,0.0,0.0,0.0,3.5,5.4,108.0,1017.3,1017.3,2.7,4.7
2024-04-13 04:59:12+02:00,14.0,14.0,14.0,11.8,87.0,17.9,89.0,0.0,0.0,0.0,0.0,0.0,0.0,0.0,0.0,0.0,3.0,6.1,107.0,1017.2,1017.2,2.7,4.7
2024-04-13 05:05:36+02:00,14.0,14.0,13.8,12.0,87.0,17.8,89.0,0.0,0.0,0.0,0.0,0.0,0.0,0.0,0.0,0.0,4.4,7.9,103.0,1017.3,1017.3,2.7,4.7
2024-04-13 05:09:52+02:00,13.7,13.7,14.0,11.8,88.0,17.8,89.0,0.0,0.0,0.0,0.0,0.0,0.0,0.0,0.0,0.0,1.5,7.9,123.0,1017.3,1017.3,2.7,4.7
2024-04-13 05:14:08+02:00,13.5,13.5,13.6,11.7,89.0,17.7,89.0,0.0,0.0,0.0,0.0,0.0,0.0,0.0,0.0,0.0,2.4,6.5,140.0,1017.4,1017.4,2.7,4.7
2024-04-13 05:20:32+02:00,13.8,13.8,13.7,11.8,88.0,17.7,89.0,0.0,0.0,0.0,0.0,0.0,0.0,0.0,0.0,0.0,3.1,7.2,121.0,1017.4,1017.4,2.7,4.7
2024-04-13 05:24:48+02:00,13.5,13.5,13.3,11.7,89.0,17.7,89.0,0.0,0.0,0.0,0.0,0.0,0.0,0.0,0.0,0.0,4.0,6.5,104.0,1017.4,1017.4,2.7,4.7
2024-04-13 05:29:04+02:00,13.5,13.5,13.4,11.7,89.0,17.6,89.0,0.0,0.0,0.0,0.0,0.0,0.0,0.0,0.0,0.0,3.2,6.5,105.0,1017.3,1017.3,2.7,4.7
2024-04-13 05:35:28+02:00,13.7,13.7,13.2,11.8,88.0,17.6,89.0,0.0,0.0,0.0,0.0,0.0,0.0,0.0,0.0,0.0,5.6,7.6,120.0,1017.2,1017.2,2.7,4.7
2024-04-13 05:39:44+02:00,13.9,13.9,13.7,11.9,87.0,17.6,89.0,0.0,0.0,0.0,0.0,0.0,0.0,0.0,0.0,0.0,4.0,7.9,101.0,1017.3,1017.3,2.7,4.7
2024-04-13 05:44:00+02:00,14.0,14.0,13.8,11.9,87.0,17.5,89.0,0.0,0.0,0.0,0.0,0.0,0.0,0.0,0.0,0.0,4.5,8.6,127.0,1017.3,1017.3,2.7,4.7
2024-04-13 05:50:24+02:00,14.2,14.2,13.9,12.0,87.0,17.5,89.0,0.0,0.0,0.0,0.0,0.0,0.0,0.0,0.0,0.0,4.7,7.2,119.0,1017.2,1017.2,2.7,4.7
2024-04-13 05:54:40+02:00,14.0,14.0,13.7,11.9,87.0,17.5,89.0,0.0,0.0,0.0,0.0,0.0,0.0,0.0,0.0,0.0,4.7,8.3,117.0,1017.2,1017.2,2.7,4.7
2024-04-13 05:58:56+02:00,14.2,14.2,13.7,12.0,86.0,17.4,89.0,0.0,0.0,0.0,0.0,0.0,0.0,0.0,0.0,0.0,5.6,10.4,127.0,1017.2,1017.2,2.7,4.7
2024-04-13 06:05:20+02:00,14.3,14.3,14.0,11.9,86.0,17.4,89.0,0.0,0.0,0.0,0.0,0.0,0.0,0.0,0.0,0.0,4.9,8.3,128.0,1017.4,1017.4,2.7,4.7
2024-04-13 06:09:36+02:00,14.3,14.3,14.1,11.9,86.0,17.4,89.0,0.0,0.0,0.0,0.0,0.0,0.0,0.0,0.0,0.0,3.9,9.4,114.0,1017.3,1017.3,2.7,4.7
2024-04-13 06:16:00+02:00,14.1,14.1,13.8,11.9,87.0,17.3,89.0,0.2,0.0,0.0,0.0,0.0,0.0,0.0,0.0,0.0,4.5,7.9,122.0,1017.4,1017.4,2.7,4.6
2024-04-13 06:20:16+02:00,14.2,14.2,14.0,11.9,86.0,17.3,89.0,0.4,0.0,0.0,0.0,0.0,0.0,0.0,0.0,0.0,3.9,7.9,119.0,1017.4,1017.4,2.7,4.6
2024-04-13 06:24:32+02:00,14.1,14.1,13.8,11.9,87.0,17.3,89.0,0.8,0.0,0.0,0.0,0.0,0.0,0.0,0.0,0.0,4.4,7.9,114.0,1017.3,1017.3,2.7,4.6
2024-04-13 06:30:56+02:00,14.0,14.0,13.9,11.9,87.0,17.3,89.0,1.2,0.0,0.0,0.0,0.0,0.0,0.0,0.0,0.0,3.4,6.1,120.0,1017.4,1017.4,2.7,4.6
2024-04-13 06:35:12+02:00,14.0,14.0,13.8,11.9,87.0,17.2,89.0,2.0,0.0,0.0,0.0,0.0,0.0,0.0,0.0,0.0,3.7,6.8,117.0,1017.4,1017.4,2.7,4.6
2024-04-13 06:39:28+02:00,14.0,14.0,13.8,11.9,87.0,17.2,89.0,2.8,0.0,0.0,0.0,0.0,0.0,0.0,0.0,0.0,4.1,7.9,123.0,1017.4,1017.4,2.7,4.6
2024-04-13 06:45:52+02:00,13.9,13.9,13.7,11.8,87.0,17.2,89.0,4.1,0.0,0.0,0.0,0.0,0.0,0.0,0.0,0.0,4.0,6.1,117.0,1017.5,1017.5,2.7,4.6
2024-04-13 06:50:08+02:00,13.7,13.7,13.4,11.7,88.0,17.2,89.0,6.3,0.0,0.0,0.0,0.0,0.0,0.0,0.0,0.0,4.2,6.1,117.0,1017.4,1017.4,2.7,4.6
2024-04-13 06:54:24+02:00,13.6,13.6,13.5,11.7,88.0,17.1,89.0,8.3,0.0,0.0,0.0,0.0,0.0,0.0,0.0,0.0,3.2,5.4,107.0,1017.4,1017.4,2.7,4.6
2024-04-13 07:00:48+02:00,13.5,13.5,13.5,11.7,89.0,17.1,89.0,10.7,0.0,0.0,0.0,0.0,0.0,0.0,0.0,0.0,2.4,3.2,109.0,1017.5,1017.5,2.7,4.6
2024-04-13 07:05:04+02:00,13.5,13.5,13.5,11.7,89.0,17.1,89.0,14.5,0.0,0.0,0.0,0.0,0.0,0.0,0.0,0.0,2.6,4.3,89.0,1017.5,1017.5,2.7,4.6
2024-04-13 07:09:20+02:00,13.3,13.3,13.5,11.6,89.0,17.0,89.0,17.8,0.0,0.0,0.0,0.0,0.0,0.0,0.0,0.0,1.7,3.6,113.0,1017.6,1017.6,2.7,4.6
2024-04-13 07:15:44+02:00,13.3,13.3,13.3,11.6,90.0,17.0,89.0,20.7,0.0,0.0,0.0,0.0,0.0,0.0,0.0,0.0,2.7,4.0,99.0,1017.5,1017.5,2.7,4.6
2024-04-13 07:20:00+02:00,13.2,13.2,13.1,11.6,90.0,17.0,89.0,23.1,0.0,0.0,0.0,0.0,0.0,0.0,0.0,0.0,2.8,4.3,111.0,1017.4,1017.4,2.7,4.6
2024-04-13 07:24:16+02:00,13.2,13.2,12.8,11.6,90.0,16.9,89.0,27.3,0.0,0.0,0.0,0.0,0.0,0.0,0.0,0.0,4.2,6.1,121.0,1017.6,1017.6,2.7,4.6
2024-04-13 07:30:40+02:00,13.3,13.3,12.8,11.7,90.0,16.9,89.0,29.5,0.0,0.0,0.0,0.0,0.0,0.0,0.0,0.0,5.3,6.8,126.0,1017.6,1017.6,2.7,4.6
2024-04-13 07:34:56+02:00,13.6,13.6,13.3,11.8,89.0,16.9,89.0,32.4,0.0,0.0,0.0,0.0,0.0,0.0,0.0,0.0,4.7,9.0,126.0,1017.5,1017.5,2.7,4.6
2024-04-13 07:39:12+02:00,13.8,13.8,13.6,11.9,88.0,16.9,89.0,37.4,0.0,0.0,0.0,0.0,0.0,0.0,0.0,0.0,4.5,8.3,115.0,1017.5,1017.5,2.7,4.6
2024-04-13 07:45:36+02:00,13.9,13.9,13.7,12.0,88.0,16.9,89.0,41.9,0.0,0.0,0.0,0.0,0.0,0.0,0.0,0.0,4.3,6.8,119.0,1017.6,1017.6,2.7,4.6
2024-04-13 07:49:52+02:00,14.1,14.1,13.7,12.0,87.0,17.0,89.0,46.6,0.0,0.0,0.0,0.0,0.0,0.0,0.0,0.0,5.3,8.6,116.0,1017.5,1017.5,2.7,4.6
2024-04-13 07:54:08+02:00,14.3,14.3,13.8,12.0,86.0,17.0,89.0,54.5,0.0,0.0,0.0,0.0,0.0,0.0,0.0,0.0,5.9,8.3,118.0,1017.6,1017.6,2.7,4.6
2024-04-13 08:00:32+02:00,14.3,14.3,13.9,12.1,86.0,17.0,90.0,56.8,0.0,0.0,0.0,0.0,0.0,0.0,0.0,0.0,5.4,8.3,118.0,1017.4,1017.4,2.7,4.6
2024-04-13 08:04:48+02:00,14.5,14.5,14.2,12.2,86.0,17.0,90.0,58.6,0.0,0.0,0.0,0.0,0.0,0.0,0.0,0.0,5.2,8.3,122.0,1017.5,1017.5,2.7,4.6
2024-04-13 08:09:04+02:00,14.6,14.6,14.1,12.1,85.0,17.0,90.0,60.8,0.0,0.0,0.0,0.0,0.0,0.0,0.0,0.0,6.0,10.4,117.0,1017.5,1017.5,2.7,4.6
2024-04-13 08:15:28+02:00,14.8,14.8,14.4,12.3,85.0,17.1,90.0,62.7,0.0,0.0,0.0,0.0,0.0,0.0,0.0,0.0,5.5,10.8,117.0,1017.4,1017.4,2.7,4.7
2024-04-13 08:19:44+02:00,14.9,14.9,14.4,12.3,85.0,17.1,90.0,65.2,0.0,0.0,0.0,0.0,0.0,0.0,0.0,0.0,6.3,9.4,132.0,1017.4,1017.4,2.7,4.7
2024-04-13 08:24:00+02:00,15.0,15.0,14.5,12.5,85.0,17.2,90.0,72.8,0.0,0.0,0.0,0.0,0.0,0.0,0.0,0.0,6.3,10.4,123.0,1017.5,1017.5,2.7,4.7
2024-04-13 08:30:24+02:00,15.1,15.1,14.8,12.4,84.0,17.2,90.0,102.5,0.0,0.0,0.0,0.0,0.0,0.0,0.0,0.0,5.7,12.6,132.0,1017.4,1017.4,2.7,4.7
2024-04-13 08:34:40+02:00,15.4,15.4,14.5,12.4,83.0,17.2,90.0,132.9,1.0,0.0,0.0,0.0,0.0,0.0,0.0,0.0,8.6,13.3,121.0,1017.4,1017.4,2.7,4.7
2024-04-13 08:41:04+02:00,15.7,15.7,14.9,12.6,82.0,17.3,90.0,139.0,1.0,0.0,0.0,0.0,0.0,0.0,0.0,0.0,8.1,16.2,129.0,1017.3,1017.3,2.7,4.7
2024-04-13 08:45:20+02:00,15.8,15.8,15.6,12.6,81.0,17.3,90.0,132.3,1.0,0.0,0.0,0.0,0.0,0.0,0.0,0.0,5.6,12.2,127.0,1017.3,1017.3,2.7,4.8
2024-04-13 08:49:36+02:00,16.0,16.0,15.9,12.7,81.0,17.4,91.0,139.9,1.0,0.0,0.0,0.0,0.0,0.0,0.0,0.0,4.8,10.4,140.0,1017.2,1017.2,2.7,4.8
2024-04-13 08:56:00+02:00,16.2,16.2,15.4,12.8,81.0,17.5,91.0,138.3,1.0,0.0,0.0,0.0,0.0,0.0,0.0,0.0,8.2,11.2,127.0,1017.3,1017.3,2.7,4.8
2024-04-13 09:00:16+02:00,16.2,16.2,15.7,12.8,80.0,17.5,91.0,139.4,1.0,0.0,0.0,0.0,0.0,0.0,0.0,0.0,6.9,11.9,128.0,1017.2,1017.2,2.7,4.8
2024-04-13 09:04:32+02:00,16.4,16.4,16.1,12.8,80.0,17.7,91.0,130.5,1.0,0.0,0.0,0.0,0.0,0.0,0.0,0.0,6.0,11.5,114.0,1017.2,1017.2,2.7,4.9
2024-04-13 09:10:56+02:00,16.5,16.5,16.1,12.8,79.0,17.7,92.0,125.2,1.0,0.0,0.0,0.0,0.0,0.0,0.0,0.0,6.4,11.2,124.0,1017.1,1017.1,2.7,4.9
2024-04-13 09:15:12+02:00,16.5,16.5,16.2,12.9,79.0,17.8,92.0,150.6,1.0,0.0,0.0,0.0,0.0,0.0,0.0,0.0,6.5,12.6,129.0,1017.0,1017.0,2.7,5.0
2024-04-13 09:19:28+02:00,16.7,16.7,16.6,13.0,79.0,17.9,92.0,153.4,1.0,0.0,0.0,0.0,0.0,0.0,0.0,0.0,5.5,17.6,119.0,1017.0,1017.0,2.7,5.0
2024-04-13 09:25:52+02:00,17.0,17.0,16.6,13.1,78.0,18.1,92.0,169.1,1.0,0.0,0.0,0.0,0.0,0.0,0.0,0.0,6.8,16.6,122.0,1017.0,1017.0,2.7,5.0
2024-04-13 09:30:08+02:00,17.2,17.2,17.2,13.1,77.0,18.2,92.0,173.6,1.0,0.0,0.0,0.0,0.0,0.0,0.0,0.0,5.2,11.2,125.0,1017.1,1017.1,2.7,5.0
2024-04-13 09:34:24+02:00,17.3,17.3,17.1,13.1,76.0,18.3,92.0,182.2,1.0,0.0,0.0,0.0,0.0,0.0,0.0,0.0,6.3,19.4,129.0,1016.9,1016.9,2.7,5.1
2024-04-13 09:40:48+02:00,17.6,17.6,17.4,13.1,75.0,18.4,92.0,193.7,1.0,0.0,0.0,0.0,0.0,0.0,0.0,0.0,6.3,13.3,139.0,1016.8,1016.8,2.7,5.1
2024-04-13 09:45:04+02:00,17.6,17.6,17.6,13.3,76.0,18.5,92.0,197.9,1.0,0.0,0.0,0.0,0.0,0.0,0.0,0.0,5.3,16.9,152.0,1016.9,1016.9,2.7,5.2
2024-04-13 09:49:20+02:00,17.9,17.9,17.9,13.2,74.0,18.7,92.0,180.7,1.0,0.0,0.0,0.0,0.0,0.0,0.0,0.0,5.3,13.7,123.0,1017.0,1017.0,2.7,5.2
2024-04-13 09:55:44+02:00,17.8,17.8,18.0,13.2,74.0,18.8,93.0,178.1,1.0,0.0,0.0,0.0,0.0,0.0,0.0,0.0,4.3,13.7,144.0,1016.8,1016.8,2.7,5.2
2024-04-13 10:00:00+02:00,17.8,17.8,16.9,13.2,74.0,19.0,93.0,234.1,2.0,0.0,0.0,0.0,0.0,0.0,0.0,0.0,9.7,18.7,131.0,1016.8,1016.8,2.7,5.2
2024-04-13 10:04:16+02:00,18.0,18.0,17.4,13.1,73.0,19.2,93.0,224.4,2.0,0.0,0.0,0.0,0.0,0.0,0.0,0.0,8.0,15.8,145.0,1016.7,1016.7,2.7,5.2
2024-04-13 10:10:40+02:00,18.1,18.1,16.9,13.3,73.0,19.3,93.0,237.3,2.0,0.0,0.0,0.0,0.0,0.0,0.0,0.0,11.4,22.0,126.0,1016.9,1016.9,2.7,5.2
2024-04-13 10:14:56+02:00,18.2,18.2,17.4,13.2,73.0,19.5,93.0,237.7,2.0,0.0,0.0,0.0,0.0,0.0,0.0,0.0,9.2,15.1,138.0,1016.8,1016.8,2.7,5.2
2024-04-13 10:19:12+02:00,18.4,18.4,17.6,13.3,72.0,19.7,92.0,263.3,2.0,0.0,0.0,0.0,0.0,0.0,0.0,0.0,9.1,15.8,136.0,1016.8,1016.8,2.7,5.2
2024-04-13 10:25:36+02:00,18.7,18.7,18.8,13.5,72.0,19.9,92.0,289.5,2.0,0.0,0.0,0.0,0.0,0.0,0.0,0.0,5.0,15.8,136.0,1016.8,1016.8,2.7,5.2
2024-04-13 10:29:52+02:00,18.8,18.8,18.0,13.4,71.0,20.1,92.0,275.2,2.0,0.0,0.0,0.0,0.0,0.0,0.0,0.0,9.4,16.2,130.0,1016.7,1016.7,2.7,5.2
2024-04-13 10:34:08+02:00,18.7,18.7,18.4,13.4,71.0,20.2,92.0,267.2,2.0,0.0,0.0,0.0,0.0,0.0,0.0,0.0,6.6,11.9,136.0,1016.7,1016.7,2.68,5.2
2024-04-13 10:40:32+02:00,19.0,19.0,19.2,13.3,70.0,20.3,92.0,231.5,2.0,0.0,0.0,0.0,0.0,0.0,0.0,0.0,3.7,10.4,144.0,1016.8,1016.8,2.68,5.2
2024-04-13 10:44:48+02:00,18.8,18.8,18.3,13.4,71.0,20.5,92.0,291.5,2.0,0.0,0.0,0.0,0.0,0.0,0.0,0.0,8.1,20.5,136.0,1016.7,1016.7,2.68,5.2
2024-04-13 10:49:04+02:00,18.9,18.9,18.8,13.5,71.0,20.6,92.0,287.6,2.0,0.0,0.0,0.0,0.0,0.0,0.0,0.0,6.2,14.4,129.0,1016.6,1016.6,2.68,5.2
2024-04-13 10:55:28+02:00,19.4,19.4,20.0,13.6,69.0,20.8,92.0,269.1,2.0,0.0,0.0,0.0,0.0,0.0,0.0,0.0,2.9,9.4,164.0,1016.5,1016.5,2.68,5.3
2024-04-13 10:59:44+02:00,19.6,19.6,19.4,13.8,69.0,20.8,92.0,235.4,2.0,0.0,0.0,0.0,0.0,0.0,0.0,0.0,7.1,14.4,140.0,1016.5,1016.5,2.68,5.3
2024-04-13 11:04:00+02:00,19.3,19.3,19.5,13.4,69.0,21.0,92.0,254.6,2.0,0.0,0.0,0.0,0.0,0.0,0.0,0.0,4.5,13.0,150.0,1016.4,1016.4,2.68,5.3
2024-04-13 11:10:24+02:00,19.3,19.3,18.7,13.6,70.0,21.1,92.0,275.3,2.0,0.0,0.0,0.0,0.0,0.0,0.0,0.0,8.9,17.6,136.0,1016.4,1016.4,2.68,5.3
2024-04-13 11:14:40+02:00,19.3,19.3,19.1,13.5,69.0,21.2,92.0,304.9,2.0,0.0,0.0,0.0,0.0,0.0,0.0,0.0,7.2,16.6,147.0,1016.3,1016.3,2.68,5.3
2024-04-13 11:18:56+02:00,20.0,20.0,20.5,13.6,67.0,21.3,93.0,336.9,3.0,0.0,0.0,0.0,0.0,0.0,0.0,0.0,3.0,7.9,158.0,1016.4,1016.4,2.68,5.3
2024-04-13 11:25:20+02:00,20.3,20.3,19.6,13.8,66.0,21.5,93.0,318.4,2.0,0.0,0.0,0.0,0.0,0.0,0.0,0.0,9.6,15.1,143.0,1016.2,1016.2,2.68,5.3
2024-04-13 11:29:36+02:00,20.2,20.2,19.7,13.9,67.0,21.7,92.0,314.0,2.0,0.0,0.0,0.0,0.0,0.0,0.0,0.0,8.5,17.3,126.0,1016.2,1016.2,2.68,5.3
2024-04-13 11:36:00+02:00,19.9,19.9,19.3,13.8,68.0,21.8,92.0,305.7,2.0,0.0,0.0,0.0,0.0,0.0,0.0,0.0,8.8,20.5,136.0,1016.3,1016.3,2.68,5.3
2024-04-13 11:40:16+02:00,19.9,19.9,19.4,13.6,67.0,22.0,92.0,285.3,2.0,0.0,0.0,0.0,0.0,0.0,0.0,0.0,8.3,19.8,125.0,1016.2,1016.2,2.68,5.3
2024-04-13 11:44:32+02:00,20.0,20.0,19.5,13.5,66.0,22.2,92.0,286.1,2.0,0.0,0.0,0.0,0.0,0.0,0.0,0.0,8.6,15.5,146.0,1016.1,1016.1,2.68,5.3
2024-04-13 11:50:56+02:00,20.1,20.1,20.0,14.0,68.0,22.3,92.0,338.2,3.0,0.0,0.0,0.0,0.0,0.0,0.0,0.0,6.6,17.3,133.0,1015.9,1015.9,2.68,5.3
2024-04-13 11:55:12+02:00,20.5,20.5,20.2,13.7,65.0,22.4,92.0,346.1,3.0,0.0,0.0,0.0,0.0,0.0,0.0,0.0,7.7,17.3,129.0,1015.9,1015.9,2.68,5.3
2024-04-13 11:59:28+02:00,20.5,20.5,20.5,13.6,65.0,22.6,92.0,329.3,3.0,0.0,0.0,0.0,0.0,0.0,0.0,0.0,6.2,16.6,140.0,1015.9,1015.9,2.68,5.3
2024-04-13 12:05:52+02:00,21.0,21.0,21.4,13.7,63.0,22.8,92.0,334.4,3.0,0.0,0.0,0.0,0.0,0.0,0.0,0.0,4.1,10.4,153.0,1015.8,1015.8,2.68,5.3
2024-04-13 12:10:08+02:00,21.2,21.2,21.3,13.8,63.0,22.9,92.0,352.1,3.0,0.0,0.0,0.0,0.0,0.0,0.0,0.0,5.3,19.1,136.0,1015.9,1015.9,2.68,5.3
2024-04-13 12:14:24+02:00,21.2,21.2,21.2,13.8,63.0,23.1,92.0,352.8,3.0,0.0,0.0,0.0,0.0,0.0,0.0,0.0,6.2,15.8,151.0,1015.7,1015.7,2.68,5.3
2024-04-13 12:20:48+02:00,21.4,21.4,20.9,13.9,62.0,23.2,92.0,400.1,3.0,0.0,0.0,0.0,0.0,0.0,0.0,0.0,8.9,19.1,138.0,1015.7,1015.7,2.68,5.3
2024-04-13 12:25:04+02:00,21.6,21.6,21.5,13.7,61.0,23.3,92.0,393.8,3.0,0.0,0.0,0.0,0.0,0.0,0.0,0.0,6.8,12.6,159.0,1015.6,1015.6,2.68,5.3
2024-04-13 12:29:20+02:00,21.9,21.9,22.1,13.6,59.0,23.5,92.0,374.9,3.0,0.0,0.0,0.0,0.0,0.0,0.0,0.0,4.7,14.0,147.0,1015.5,1015.5,2.68,5.3
2024-04-13 12:35:44+02:00,22.1,22.1,22.2,14.0,60.0,23.7,92.0,376.7,3.0,0.0,0.0,0.0,0.0,0.0,0.0,0.0,5.9,15.1,127.0,1015.3,1015.3,2.68,5.3
2024-04-13 12:40:00+02:00,22.1,22.1,21.9,13.9,60.0,23.8,92.0,397.6,3.0,0.0,0.0,0.0,0.0,0.0,0.0,0.0,7.1,16.2,152.0,1015.2,1015.2,2.68,5.3
2024-04-13 12:44:16+02:00,22.2,22.2,22.3,13.8,59.0,24.0,92.0,403.6,3.0,0.0,0.0,0.0,0.0,0.0,0.0,0.0,5.7,23.0,178.0,1015.2,1015.2,2.68,5.3
2024-04-13 12:50:40+02:00,22.7,22.7,22.9,14.1,58.0,24.2,92.0,423.7,3.0,0.0,0.0,0.0,0.0,0.0,0.0,0.0,5.6,12.6,151.0,1015.1,1015.1,2.68,5.3
2024-04-13 12:54:56+02:00,22.5,22.5,21.7,13.9,58.0,24.3,92.0,427.1,3.0,0.0,0.0,0.0,0.0,0.0,0.0,0.0,10.6,20.2,139.0,1015.0,1015.0,2.68,5.3
2024-04-13 12:59:12+02:00,22.3,22.3,22.3,14.0,59.0,24.6,92.0,405.4,3.0,0.0,0.0,0.0,0.0,0.0,0.0,0.0,7.1,19.1,148.0,1014.9,1014.9,2.68,5.3
2024-04-13 13:05:36+02:00,22.3,22.3,21.3,13.7,58.0,24.7,92.0,376.8,3.0,0.0,0.0,0.0,0.0,0.0,0.0,0.0,10.9,21.6,157.0,1015.0,1015.0,2.68,5.3
2024-04-13 13:09:52+02:00,21.8,21.8,20.3,13.7,60.0,24.8,92.0,367.1,3.0,0.0,0.0,0.0,0.0,0.0,0.0,0.0,13.8,28.4,125.0,1014.8,1014.8,2.68,5.3
2024-04-13 13:14:08+02:00,21.4,21.4,20.6,13.8,62.0,25.0,92.0,433.3,4.0,0.0,0.0,0.0,0.0,0.0,0.0,0.0,10.2,23.4,138.0,1014.7,1014.7,2.68,5.3
2024-04-13 13:20:32+02:00,22.2,22.2,22.3,13.6,58.0,25.1,92.0,415.4,3.0,0.0,0.0,0.0,0.0,0.0,0.0,0.0,5.4,18.7,151.0,1014.7,1014.7,2.68,5.3
2024-04-13 13:24:48+02:00,22.6,22.6,22.4,14.4,60.0,25.3,92.0,438.0,4.0,0.0,0.0,0.0,0.0,0.0,0.0,0.0,8.1,22.7,127.0,1014.4,1014.4,2.68,5.3
2024-04-13 13:29:04+02:00,22.4,22.4,21.7,14.0,59.0,25.4,92.0,389.9,3.0,0.0,0.0,0.0,0.0,0.0,0.0,0.0,9.9,20.5,138.0,1014.4,1014.4,2.68,5.3
2024-04-13 13:35:28+02:00,22.3,22.3,20.7,13.9,59.0,25.5,91.0,356.4,3.0,0.0,0.0,0.0,0.0,0.0,0.0,0.0,14.4,27.0,129.0,1014.3,1014.3,2.68,5.3
2024-04-13 13:39:44+02:00,22.3,22.3,21.5,14.0,59.0,25.7,91.0,369.1,3.0,0.0,0.0,0.0,0.0,0.0,0.0,0.0,10.1,24.8,141.0,1014.2,1014.2,2.68,5.3
2024-04-13 13:44:00+02:00,22.5,22.5,22.4,13.8,58.0,25.7,91.0,339.2,3.0,0.0,0.0,0.0,0.0,0.0,0.0,0.0,6.7,15.8,127.0,1014.0,1014.0,2.68,5.3
2024-04-13 13:50:24+02:00,22.9,22.9,22.8,13.5,55.0,25.8,91.0,337.6,3.0,0.0,0.0,0.0,0.0,0.0,0.0,0.0,6.6,16.2,145.0,1014.0,1014.0,2.68,5.3
2024-04-13 13:54:40+02:00,22.7,22.7,21.6,13.5,56.0,26.0,91.0,381.9,3.0,0.0,0.0,0.0,0.0,0.0,0.0,0.0,11.2,22.3,140.0,1014.0,1014.0,2.68,5.3
2024-04-13 14:01:04+02:00,22.7,22.7,21.3,13.4,56.0,26.0,91.0,401.3,3.0,0.0,0.0,0.0,0.0,0.0,0.0,0.0,12.3,22.3,114.0,1013.9,1013.9,2.68,5.3
2024-04-13 14:05:20+02:00,22.9,22.9,21.9,13.4,55.0,26.2,91.0,434.2,4.0,0.0,0.0,0.0,0.0,0.0,0.0,0.0,10.9,22.0,135.0,1013.9,1013.9,2.68,5.3
2024-04-13 14:09:36+02:00,22.8,22.8,21.9,13.7,56.0,26.2,91.0,356.0,3.0,0.0,0.0,0.0,0.0,0.0,0.0,0.0,10.7,20.9,125.0,1013.8,1013.8,2.68,5.3
2024-04-13 14:16:00+02:00,22.9,22.9,21.9,13.6,56.0,26.3,90.0,392.4,3.0,0.0,0.0,0.0,0.0,0.0,0.0,0.0,10.9,23.0,137.0,1013.7,1013.7,2.68,5.3
2024-04-13 14:20:16+02:00,23.1,23.1,22.8,13.7,55.0,26.4,90.0,405.0,3.0,0.0,0.0,0.0,0.0,0.0,0.0,0.0,7.2,20.5,136.0,1013.6,1013.6,2.68,5.3
2024-04-13 14:24:32+02:00,23.3,23.3,21.8,13.6,54.0,26.5,90.0,404.3,3.0,0.0,0.0,0.0,0.0,0.0,0.0,0.0,13.7,20.2,126.0,1013.5,1013.5,2.68,5.3
2024-04-13 14:30:56+02:00,23.1,23.1,22.1,13.3,54.0,26.6,90.0,344.2,3.0,0.0,0.0,0.0,0.0,0.0,0.0,0.0,10.2,22.7,135.0,1013.5,1013.5,2.68,5.3
2024-04-13 14:35:12+02:00,23.4,23.4,22.9,13.4,54.0,26.7,90.0,419.9,3.0,0.0,0.0,0.0,0.0,0.0,0.0,0.0,7.8,16.6,130.0,1013.4,1013.4,2.68,5.3
2024-04-13 14:39:28+02:00,23.3,23.3,22.8,13.7,55.0,26.7,90.0,369.1,3.0,0.0,0.0,0.0,0.0,0.0,0.0,0.0,8.6,20.5,138.0,1013.2,1013.2,2.68,5.3
2024-04-13 14:45:52+02:00,23.8,23.8,24.0,13.5,53.0,26.8,90.0,386.6,3.0,0.0,0.0,0.0,0.0,0.0,0.0,0.0,4.4,22.0,164.0,1013.2,1013.2,2.68,5.3
2024-04-13 14:50:08+02:00,24.4,24.4,23.3,12.9,49.0,26.9,90.0,425.2,3.0,0.0,0.0,0.0,0.0,0.0,0.0,0.0,9.9,18.7,146.0,1013.2,1013.2,2.68,5.3
2024-04-13 14:54:24+02:00,24.5,24.5,24.3,13.2,49.0,27.0,89.0,421.1,3.0,0.0,0.0,0.0,0.0,0.0,0.0,0.0,6.4,20.5,144.0,1013.0,1013.0,2.68,5.3
2024-04-13 15:00:48+02:00,24.7,24.7,24.5,13.1,49.0,27.1,89.0,400.1,3.0,0.0,0.0,0.0,0.0,0.0,0.0,0.0,6.0,21.2,170.0,1013.0,1013.0,2.68,5.3
2024-04-13 15:05:04+02:00,24.4,24.4,24.1,13.6,51.0,27.1,89.0,342.5,3.0,0.0,0.0,0.0,0.0,0.0,0.0,0.0,7.4,18.4,143.0,1012.8,1012.8,2.68,5.3
2024-04-13 15:09:20+02:00,24.5,24.5,23.3,13.5,50.0,27.2,89.0,441.6,4.0,0.0,0.0,0.0,0.0,0.0,0.0,0.0,11.7,22.7,148.0,1012.6,1012.6,2.68,5.3
2024-04-13 15:15:44+02:00,24.6,24.6,24.5,13.3,49.0,27.3,89.0,417.9,3.0,0.0,0.0,0.0,0.0,0.0,0.0,0.0,6.1,22.7,160.0,1012.6,1012.6,2.68,5.3
2024-04-13 15:20:00+02:00,24.5,24.5,23.5,13.1,49.0,27.3,89.0,446.6,4.0,0.0,0.0,0.0,0.0,0.0,0.0,0.0,9.9,19.4,154.0,1012.6,1012.6,2.68,5.3
2024-04-13 15:24:16+02:00,24.0,24.0,22.6,13.1,50.0,27.4,89.0,395.4,3.0,0.0,0.0,0.0,0.0,0.0,0.0,0.0,12.1,25.6,138.0,1012.5,1012.5,2.68,5.3
2024-04-13 15:30:40+02:00,24.2,24.2,23.5,13.1,50.0,27.5,89.0,429.7,3.0,0.0,0.0,0.0,0.0,0.0,0.0,0.0,8.5,21.2,140.0,1012.3,1012.3,2.68,5.3
2024-04-13 15:34:56+02:00,24.8,24.8,25.0,13.5,49.0,27.6,89.0,420.7,3.0,0.0,0.0,0.0,0.0,0.0,0.0,0.0,4.9,11.2,141.0,1012.3,1012.3,2.68,5.3
2024-04-13 15:39:12+02:00,25.2,25.2,25.1,13.4,48.0,27.7,89.0,445.2,4.0,0.0,0.0,0.0,0.0,0.0,0.0,0.0,6.3,13.3,167.0,1012.1,1012.1,2.68,5.3
2024-04-13 15:45:36+02:00,24.7,24.7,23.7,13.3,49.0,27.7,88.0,441.4,4.0,0.0,0.0,0.0,0.0,0.0,0.0,0.0,10.7,28.8,146.0,1012.0,1012.0,2.68,5.3
2024-04-13 15:49:52+02:00,24.6,24.6,24.6,13.0,48.0,27.8,88.0,403.6,3.0,0.0,0.0,0.0,0.0,0.0,0.0,0.0,5.0,24.8,150.0,1011.7,1011.7,2.68,5.3
2024-04-13 15:54:08+02:00,24.9,24.9,24.5,12.7,47.0,27.9,88.0,398.8,3.0,0.0,0.0,0.0,0.0,0.0,0.0,0.0,6.4,20.5,170.0,1011.7,1011.7,2.68,5.3
2024-04-13 16:00:32+02:00,24.8,24.8,24.4,13.0,48.0,27.9,88.0,361.3,3.0,0.0,0.0,0.0,0.0,0.0,0.0,0.0,6.4,28.1,156.0,1011.7,1011.7,2.68,5.3
2024-04-13 16:04:48+02:00,24.3,24.3,23.2,12.6,48.0,28.0,88.0,334.0,3.0,0.0,0.0,0.0,0.0,0.0,0.0,0.0,9.9,28.1,138.0,1011.7,1011.7,2.68,5.3
2024-04-13 16:09:04+02:00,24.3,24.3,22.9,12.6,48.0,28.0,88.0,354.4,3.0,0.0,0.0,0.0,0.0,0.0,0.0,0.0,11.2,19.8,140.0,1011.6,1011.6,2.68,5.3
2024-04-13 16:15:28+02:00,23.9,23.9,22.0,12.3,48.0,28.0,88.0,331.9,3.0,0.0,0.0,0.0,0.0,0.0,0.0,0.0,13.8,26.3,134.0,1011.5,1011.5,2.68,5.3
2024-04-13 16:19:44+02:00,24.1,24.1,23.1,12.5,48.0,28.0,88.0,377.4,3.0,0.0,0.0,0.0,0.0,0.0,0.0,0.0,9.2,24.5,140.0,1011.4,1011.4,2.68,5.3
2024-04-13 16:24:00+02:00,24.1,24.1,22.5,12.5,48.0,28.0,88.0,339.9,3.0,0.0,0.0,0.0,0.0,0.0,0.0,0.0,11.9,22.0,127.0,1011.3,1011.3,2.68,5.3
2024-04-13 16:30:24+02:00,24.6,24.6,24.2,12.7,47.0,28.1,88.0,336.5,3.0,0.0,0.0,0.0,0.0,0.0,0.0,0.0,6.5,18.7,140.0,1011.1,1011.1,2.68,5.3
2024-04-13 16:34:40+02:00,24.5,24.5,23.6,12.4,47.0,28.0,88.0,274.9,2.0,0.0,0.0,0.0,0.0,0.0,0.0,0.0,8.6,18.4,153.0,1011.1,1011.1,2.68,5.3
2024-04-13 16:38:56+02:00,24.4,24.4,23.6,12.4,47.0,28.1,88.0,291.6,2.0,0.0,0.0,0.0,0.0,0.0,0.0,0.0,8.2,18.0,136.0,1011.1,1011.1,2.68,5.3
2024-04-13 16:45:20+02:00,24.5,24.5,23.9,12.4,47.0,28.1,88.0,318.9,2.0,0.0,0.0,0.0,0.0,0.0,0.0,0.0,6.7,16.2,165.0,1011.0,1011.0,2.68,5.3
2024-04-13 16:49:36+02:00,25.0,25.0,25.3,13.2,48.0,28.1,88.0,311.4,2.0,0.0,0.0,0.0,0.0,0.0,0.0,0.0,3.8,9.7,109.0,1011.0,1011.0,2.68,5.3
2024-04-13 16:56:00+02:00,25.0,25.0,24.4,12.8,47.0,28.1,88.0,313.9,2.0,0.0,0.0,0.0,0.0,0.0,0.0,0.0,7.5,16.9,162.0,1011.0,1011.0,2.68,5.3
2024-04-13 17:00:16+02:00,24.9,24.9,24.8,13.1,48.0,28.1,88.0,290.0,2.0,0.0,0.0,0.0,0.0,0.0,0.0,0.0,5.5,11.9,157.0,1010.8,1010.8,2.68,5.3
2024-04-13 17:04:32+02:00,24.9,24.9,25.0,12.9,47.0,28.1,88.0,241.7,2.0,0.0,0.0,0.0,0.0,0.0,0.0,0.0,4.2,11.9,215.0,1010.8,1010.8,2.68,5.3
2024-04-13 17:10:56+02:00,25.2,25.2,25.3,13.0,47.0,28.1,88.0,299.7,2.0,0.0,0.0,0.0,0.0,0.0,0.0,0.0,3.8,8.6,172.0,1010.7,1010.7,2.68,5.3
2024-04-13 17:15:12+02:00,24.8,24.8,24.4,13.0,48.0,28.1,88.0,251.4,2.0,0.0,0.0,0.0,0.0,0.0,0.0,0.0,7.0,13.7,145.0,1010.7,1010.7,2.68,5.3
2024-04-13 17:19:28+02:00,24.5,24.5,24.4,12.8,48.0,28.1,88.0,202.6,1.0,0.0,0.0,0.0,0.0,0.0,0.0,0.0,5.0,10.8,141.0,1010.7,1010.7,2.68,5.3
2024-04-13 17:25:52+02:00,24.6,24.6,24.6,13.0,48.0,28.1,88.0,242.2,2.0,0.0,0.0,0.0,0.0,0.0,0.0,0.0,5.0,11.5,146.0,1010.6,1010.6,2.68,5.3
2024-04-13 17:30:08+02:00,25.0,25.0,25.6,13.2,48.0,28.1,88.0,223.3,2.0,0.0,0.0,0.0,0.0,0.0,0.0,0.0,2.2,11.9,174.0,1010.6,1010.6,2.68,5.3
2024-04-13 17:34:24+02:00,25.2,25.2,25.3,12.8,46.0,28.1,88.0,184.0,1.0,0.0,0.0,0.0,0.0,0.0,0.0,0.0,3.7,10.8,187.0,1010.5,1010.5,2.68,5.3
2024-04-13 17:40:48+02:00,25.0,25.0,25.2,12.7,46.0,28.1,88.0,159.2,1.0,0.0,0.0,0.0,0.0,0.0,0.0,0.0,3.2,10.4,188.0,1010.4,1010.4,2.68,5.3
2024-04-13 17:45:04+02:00,24.7,24.7,24.6,12.8,47.0,28.1,88.0,146.7,1.0,0.0,0.0,0.0,0.0,0.0,0.0,0.0,5.3,13.0,130.0,1010.4,1010.4,2.68,5.3
2024-04-13 17:49:20+02:00,24.4,24.4,24.1,12.9,49.0,28.1,88.0,169.2,1.0,0.0,0.0,0.0,0.0,0.0,0.0,0.0,6.6,18.0,133.0,1010.3,1010.3,2.68,5.3
2024-04-13 17:55:44+02:00,24.5,24.5,23.3,12.8,48.0,28.1,88.0,173.2,1.0,0.0,0.0,0.0,0.0,0.0,0.0,0.0,10.5,18.4,146.0,1010.3,1010.3,2.68,5.3
2024-04-13 18:00:00+02:00,24.4,24.4,24.4,13.1,49.0,28.1,88.0,171.7,1.0,0.0,0.0,0.0,0.0,0.0,0.0,0.0,4.8,18.4,140.0,1010.2,1010.2,2.68,5.3
2024-04-13 18:04:16+02:00,24.6,24.6,24.4,12.8,48.0,28.1,88.0,118.4,1.0,0.0,0.0,0.0,0.0,0.0,0.0,0.0,5.5,11.9,189.0,1010.2,1010.2,2.68,5.3
2024-04-13 18:10:40+02:00,24.7,24.7,24.9,12.8,47.0,28.1,88.0,141.8,1.0,0.0,0.0,0.0,0.0,0.0,0.0,0.0,3.5,9.4,207.0,1010.0,1010.0,2.68,5.3
2024-04-13 18:14:56+02:00,24.9,24.9,25.1,12.9,47.0,28.1,88.0,137.3,1.0,0.0,0.0,0.0,0.0,0.0,0.0,0.0,3.2,8.3,167.0,1009.9,1009.9,2.68,5.3
2024-04-13 18:19:12+02:00,24.3,24.3,24.5,12.9,49.0,28.0,88.0,88.1,0.0,0.0,0.0,0.0,0.0,0.0,0.0,0.0,3.9,10.1,152.0,1009.9,1009.9,2.68,5.3
2024-04-13 18:25:36+02:00,24.5,24.5,24.4,12.2,46.0,28.0,88.0,79.5,0.0,0.0,0.0,0.0,0.0,0.0,0.0,0.0,3.7,10.4,189.0,1010.0,1010.0,2.68,5.3
2024-04-13 18:29:52+02:00,24.2,24.2,23.9,12.0,46.0,28.0,88.0,71.6,0.0,0.0,0.0,0.0,0.0,0.0,0.0,0.0,5.0,17.6,186.0,1009.8,1009.8,2.68,5.3
2024-04-13 18:34:08+02:00,24.2,24.2,24.2,11.7,46.0,27.9,88.0,65.2,0.0,0.0,0.0,0.0,0.0,0.0,0.0,0.0,2.7,9.4,188.0,1009.9,1009.9,2.68,5.3
2024-04-13 18:40:32+02:00,24.1,24.1,23.9,11.9,47.0,27.9,88.0,66.2,0.0,0.0,0.0,0.0,0.0,0.0,0.0,0.0,4.1,8.6,171.0,1010.0,1010.0,2.68,5.3
2024-04-13 18:44:48+02:00,24.0,24.0,24.0,12.1,47.0,27.9,88.0,66.8,0.0,0.0,0.0,0.0,0.0,0.0,0.0,0.0,3.7,9.0,191.0,1009.9,1009.9,2.68,5.3
2024-04-13 18:49:04+02:00,23.8,23.8,23.8,11.6,46.0,27.8,88.0,59.8,0.0,0.0,0.0,0.0,0.0,0.0,0.0,0.0,2.9,13.7,193.0,1009.8,1009.8,2.68,5.3
2024-04-13 18:55:28+02:00,23.8,23.8,23.3,11.8,47.0,27.8,88.0,59.0,0.0,0.0,0.0,0.0,0.0,0.0,0.0,0.0,5.7,14.8,158.0,1009.8,1009.8,2.68,5.3
2024-04-13 18:59:44+02:00,23.7,23.7,23.3,11.6,47.0,27.7,88.0,61.9,0.0,0.0,0.0,0.0,0.0,0.0,0.0,0.0,4.8,9.7,190.0,1009.7,1009.7,2.68,5.3
2024-04-13 19:04:00+02:00,23.6,23.6,23.0,11.9,48.0,27.6,88.0,59.8,0.0,0.0,0.0,0.0,0.0,0.0,0.0,0.0,6.1,11.2,160.0,1009.7,1009.7,2.68,5.3
2024-04-13 19:10:24+02:00,23.6,23.6,23.3,11.9,48.0,27.6,88.0,56.1,0.0,0.0,0.0,0.0,0.0,0.0,0.0,0.0,4.6,10.4,190.0,1009.7,1009.7,2.68,5.3
2024-04-13 19:14:40+02:00,23.6,23.6,23.7,12.0,48.0,27.5,88.0,48.2,0.0,0.0,0.0,0.0,0.0,0.0,0.0,0.0,2.5,13.7,169.0,1009.7,1009.7,2.68,5.2
2024-04-13 19:21:04+02:00,23.6,23.6,23.5,12.0,48.0,27.5,88.0,38.8,0.0,0.0,0.0,0.0,0.0,0.0,0.0,0.0,3.6,11.9,213.0,1009.6,1009.6,2.68,5.2
2024-04-13 19:25:20+02:00,23.3,23.3,23.7,12.2,49.0,27.4,88.0,30.8,0.0,0.0,0.0,0.0,0.0,0.0,0.0,0.0,1.9,7.6,239.0,1009.6,1009.6,2.68,5.2
2024-04-13 19:29:36+02:00,23.2,23.2,22.9,12.1,50.0,27.3,88.0,23.7,0.0,0.0,0.0,0.0,0.0,0.0,0.0,0.0,4.4,10.8,207.0,1009.6,1009.6,2.68,5.2
2024-04-13 19:36:00+02:00,23.0,23.0,23.3,12.3,51.0,27.3,88.0,23.5,0.0,0.0,0.0,0.0,0.0,0.0,0.0,0.0,2.0,6.8,152.0,1009.5,1009.5,2.68,5.2
2024-04-13 19:40:16+02:00,22.7,22.7,22.2,12.3,52.0,27.2,88.0,21.2,0.0,0.0,0.0,0.0,0.0,0.0,0.0,0.0,6.3,9.7,130.0,1009.3,1009.3,2.68,5.2
2024-04-13 19:44:32+02:00,22.5,22.5,22.6,12.4,53.0,27.2,88.0,18.9,0.0,0.0,0.0,0.0,0.0,0.0,0.0,0.0,3.2,7.6,168.0,1009.4,1009.4,2.68,5.2
2024-04-13 19:50:56+02:00,22.4,22.4,22.8,12.2,52.0,27.1,88.0,17.1,0.0,0.0,0.0,0.0,0.0,0.0,0.0,0.0,1.7,7.6,137.0,1009.3,1009.3,2.68,5.2
2024-04-13 19:55:12+02:00,22.4,22.4,22.5,12.1,52.0,27.0,88.0,14.5,0.0,0.0,0.0,0.0,0.0,0.0,0.0,0.0,2.8,10.1,146.0,1009.3,1009.3,2.68,5.2
2024-04-13 19:59:28+02:00,22.3,22.3,22.4,12.0,52.0,26.9,88.0,11.5,0.0,0.0,0.0,0.0,0.0,0.0,0.0,0.0,3.2,9.7,153.0,1009.1,1009.1,2.68,5.2
2024-04-13 20:05:52+02:00,22.2,22.2,22.0,12.1,53.0,26.8,88.0,8.2,0.0,0.0,0.0,0.0,0.0,0.0,0.0,0.0,4.7,12.2,146.0,1009.2,1009.2,2.68,5.2
2024-04-13 20:10:08+02:00,22.0,22.0,22.2,12.1,53.0,26.8,88.0,5.6,0.0,0.0,0.0,0.0,0.0,0.0,0.0,0.0,1.9,12.2,135.0,1009.1,1009.1,2.68,5.2
2024-04-13 20:14:24+02:00,21.9,21.9,21.8,11.9,53.0,26.7,88.0,4.0,0.0,0.0,0.0,0.0,0.0,0.0,0.0,0.0,3.9,8.6,111.0,1009.2,1009.2,2.68,5.2
2024-04-13 20:20:48+02:00,21.8,21.8,21.8,12.0,54.0,26.6,87.0,2.6,0.0,0.0,0.0,0.0,0.0,0.0,0.0,0.0,3.5,7.2,147.0,1009.2,1009.2,2.68,5.2
2024-04-13 20:25:04+02:00,21.7,21.7,21.5,12.1,54.0,26.5,87.0,1.8,0.0,0.0,0.0,0.0,0.0,0.0,0.0,0.0,4.6,8.3,117.0,1009.1,1009.1,2.7,5.2
2024-04-13 20:29:20+02:00,21.7,21.7,21.5,12.0,54.0,26.4,87.0,1.2,0.0,0.0,0.0,0.0,0.0,0.0,0.0,0.0,4.2,8.6,135.0,1009.3,1009.3,2.7,5.2
2024-04-13 20:35:44+02:00,21.5,21.5,21.8,12.2,55.0,26.3,87.0,0.6,0.0,0.0,0.0,0.0,0.0,0.0,0.0,0.0,2.2,5.4,134.0,1009.3,1009.3,2.7,5.2
2024-04-13 20:40:00+02:00,21.3,21.3,20.8,12.2,56.0,26.3,87.0,0.3,0.0,0.0,0.0,0.0,0.0,0.0,0.0,0.0,5.8,8.6,121.0,1009.1,1009.1,2.7,5.2
2024-04-13 20:44:16+02:00,21.3,21.3,21.2,12.1,56.0,26.2,87.0,0.2,0.0,0.0,0.0,0.0,0.0,0.0,0.0,0.0,3.5,15.8,148.0,1009.3,1009.3,2.7,5.2
2024-04-13 20:50:40+02:00,21.2,21.2,21.3,12.1,56.0,26.1,87.0,0.0,0.0,0.0,0.0,0.0,0.0,0.0,0.0,0.0,2.8,12.6,158.0,1009.4,1009.4,2.7,5.2
2024-04-13 20:54:56+02:00,21.2,21.2,21.3,12.1,56.0,26.0,87.0,0.0,0.0,0.0,0.0,0.0,0.0,0.0,0.0,0.0,2.3,8.3,136.0,1009.3,1009.3,2.7,5.2
2024-04-13 20:59:12+02:00,21.0,21.0,21.2,12.2,57.0,25.9,87.0,0.0,0.0,0.0,0.0,0.0,0.0,0.0,0.0,0.0,2.4,6.1,125.0,1009.4,1009.4,2.7,5.2
2024-04-13 21:05:36+02:00,20.8,20.8,20.9,12.0,57.0,25.8,87.0,0.0,0.0,0.0,0.0,0.0,0.0,0.0,0.0,0.0,2.4,5.4,162.0,1009.5,1009.5,2.7,5.2
2024-04-13 21:09:52+02:00,20.6,20.6,20.6,12.0,58.0,25.7,87.0,0.0,0.0,0.0,0.0,0.0,0.0,0.0,0.0,0.0,3.2,6.5,136.0,1009.5,1009.5,2.7,5.2
2024-04-13 21:14:08+02:00,20.5,20.5,20.7,12.0,58.0,25.6,87.0,0.0,0.0,0.0,0.0,0.0,0.0,0.0,0.0,0.0,2.3,4.7,154.0,1009.6,1009.6,2.7,5.2
2024-04-13 21:20:32+02:00,20.6,20.6,20.6,12.0,58.0,25.5,87.0,0.0,0.0,0.0,0.0,0.0,0.0,0.0,0.0,0.0,3.2,6.8,146.0,1009.6,1009.6,2.7,5.2
2024-04-13 21:24:48+02:00,20.6,20.6,20.7,12.2,59.0,25.4,87.0,0.0,0.0,0.0,0.0,0.0,0.0,0.0,0.0,0.0,2.7,7.2,117.0,1009.5,1009.5,2.7,5.1
2024-04-13 21:29:04+02:00,20.6,20.6,20.4,12.0,58.0,25.3,87.0,0.0,0.0,0.0,0.0,0.0,0.0,0.0,0.0,0.0,4.0,8.3,135.0,1009.4,1009.4,2.7,5.1
2024-04-13 21:35:28+02:00,20.6,20.6,20.3,12.1,58.0,25.3,87.0,0.0,0.0,0.0,0.0,0.0,0.0,0.0,0.0,0.0,4.6,7.2,149.0,1009.5,1009.5,2.7,5.1
2024-04-13 21:39:44+02:00,20.4,20.4,20.6,12.3,60.0,25.2,87.0,0.0,0.0,0.0,0.0,0.0,0.0,0.0,0.0,0.0,2.7,5.8,149.0,1009.4,1009.4,2.7,5.1
2024-04-13 21:44:00+02:00,20.3,20.3,20.3,12.3,60.0,25.1,87.0,0.0,0.0,0.0,0.0,0.0,0.0,0.0,0.0,0.0,3.2,6.8,113.0,1009.4,1009.4,2.7,5.1
2024-04-13 21:50:24+02:00,20.2,20.2,20.1,12.3,60.0,25.0,87.0,0.0,0.0,0.0,0.0,0.0,0.0,0.0,0.0,0.0,4.0,10.4,99.0,1009.4,1009.4,2.7,5.1
2024-04-13 21:54:40+02:00,20.2,20.2,20.3,12.4,61.0,24.9,87.0,0.0,0.0,0.0,0.0,0.0,0.0,0.0,0.0,0.0,3.7,9.4,142.0,1009.4,1009.4,2.7,5.1
2024-04-13 21:58:56+02:00,20.1,20.1,20.2,12.4,61.0,24.8,87.0,0.0,0.0,0.0,0.0,0.0,0.0,0.0,0.0,0.0,3.2,7.2,123.0,1009.4,1009.4,2.7,5.1
2024-04-13 22:05:20+02:00,19.9,19.9,19.9,12.4,62.0,24.7,87.0,0.0,0.0,0.0,0.0,0.0,0.0,0.0,0.0,0.0,3.9,9.4,131.0,1009.4,1009.4,2.7,5.1
2024-04-13 22:09:36+02:00,20.0,20.0,19.6,12.5,62.0,24.7,87.0,0.0,0.0,0.0,0.0,0.0,0.0,0.0,0.0,0.0,5.9,11.2,118.0,1009.4,1009.4,2.7,5.1
2024-04-13 22:16:00+02:00,19.8,19.8,19.8,12.6,63.0,24.6,87.0,0.0,0.0,0.0,0.0,0.0,0.0,0.0,0.0,0.0,4.3,11.2,136.0,1009.3,1009.3,2.7,5.1
2024-04-13 22:20:16+02:00,19.8,19.8,19.9,12.6,63.0,24.5,87.0,0.0,0.0,0.0,0.0,0.0,0.0,0.0,0.0,0.0,3.6,6.8,134.0,1009.3,1009.3,2.7,5.1
2024-04-13 22:24:32+02:00,19.7,19.7,19.6,12.7,64.0,24.4,87.0,0.0,0.0,0.0,0.0,0.0,0.0,0.0,0.0,0.0,4.8,9.0,134.0,1009.4,1009.4,2.7,5.1
2024-04-13 22:30:56+02:00,19.7,19.7,19.4,12.7,64.0,24.3,87.0,0.0,0.0,0.0,0.0,0.0,0.0,0.0,0.0,0.0,5.8,10.1,130.0,1009.3,1009.3,2.7,5.1
2024-04-13 22:35:12+02:00,19.8,19.8,20.0,12.8,64.0,24.2,87.0,0.0,0.0,0.0,0.0,0.0,0.0,0.0,0.0,0.0,3.6,7.9,131.0,1009.2,1009.2,2.7,5.1
2024-04-13 22:39:28+02:00,19.6,19.6,19.9,12.8,65.0,24.1,87.0,0.0,0.0,0.0,0.0,0.0,0.0,0.0,0.0,0.0,3.1,7.6,135.0,1009.2,1009.2,2.7,5.1
2024-04-13 22:45:52+02:00,19.6,19.6,19.8,12.9,65.0,24.0,87.0,0.0,0.0,0.0,0.0,0.0,0.0,0.0,0.0,0.0,3.3,9.7,135.0,1009.4,1009.4,2.7,5.1
2024-04-13 22:50:08+02:00,19.5,19.5,19.7,12.9,66.0,24.0,87.0,0.0,0.0,0.0,0.0,0.0,0.0,0.0,0.0,0.0,3.5,7.6,134.0,1009.3,1009.3,2.7,5.1
2024-04-13 22:54:24+02:00,19.3,19.3,19.5,13.0,67.0,23.9,87.0,0.0,0.0,0.0,0.0,0.0,0.0,0.0,0.0,0.0,4.1,7.9,126.0,1009.3,1009.3,2.7,5.1
2024-04-13 23:00:48+02:00,19.4,19.4,19.6,12.9,66.0,23.8,87.0,0.0,0.0,0.0,0.0,0.0,0.0,0.0,0.0,0.0,3.4,11.9,148.0,1009.3,1009.3,2.7,5.1
2024-04-13 23:05:04+02:00,19.5,19.5,19.7,13.0,66.0,23.7,87.0,0.0,0.0,0.0,0.0,0.0,0.0,0.0,0.0,0.0,3.5,9.0,128.0,1009.3,1009.3,2.7,5.1
2024-04-13 23:15:44+02:00,19.5,19.5,19.7,13.0,66.0,23.6,87.0,0.0,0.0,0.0,0.0,0.0,0.0,0.0,0.0,0.0,3.7,7.9,134.0,1009.1,1009.1,2.7,5.0
2024-04-13 23:20:00+02:00,19.5,19.5,19.5,13.1,66.0,23.5,86.0,0.0,0.0,0.0,0.0,0.0,0.0,0.0,0.0,0.0,4.5,13.0,121.0,1009.1,1009.1,2.7,5.0
2024-04-13 23:24:16+02:00,19.4,19.4,19.7,13.0,67.0,23.5,87.0,0.0,0.0,0.0,0.0,0.0,0.0,0.0,0.0,0.0,3.2,6.5,121.0,1009.2,1009.2,2.7,5.0
2024-04-13 23:30:40+02:00,19.3,19.3,19.7,13.0,67.0,23.4,87.0,0.0,0.0,0.0,0.0,0.0,0.0,0.0,0.0,0.0,3.2,8.3,126.0,1009.1,1009.1,2.7,5.0
2024-04-13 23:34:56+02:00,19.3,19.3,19.5,13.1,67.0,23.3,86.0,0.0,0.0,0.0,0.0,0.0,0.0,0.0,0.0,0.0,4.1,9.4,135.0,1009.2,1009.2,2.7,5.0
2024-04-13 23:39:12+02:00,19.3,19.3,19.5,13.0,67.0,23.3,87.0,0.0,0.0,0.0,0.0,0.0,0.0,0.0,0.0,0.0,4.1,6.8,133.0,1009.1,1009.1,2.7,5.0
2024-04-13 23:45:36+02:00,19.3,19.3,19.4,13.1,68.0,23.2,87.0,0.0,0.0,0.0,0.0,0.0,0.0,0.0,0.0,0.0,4.4,8.6,129.0,1009.1,1009.1,2.7,5.0
2024-04-13 23:49:52+02:00,19.1,19.1,19.4,13.1,68.0,23.2,87.0,0.0,0.0,0.0,0.0,0.0,0.0,0.0,0.0,0.0,3.3,9.0,145.0,1009.2,1009.2,2.7,5.0
2024-04-13 23:54:08+02:00,19.2,19.2,19.5,13.2,68.0,23.1,87.0,0.0,0.0,0.0,0.0,0.0,0.0,0.0,0.0,0.0,3.5,9.0,143.0,1009.2,1009.2,2.7,5.0
2024-04-14 00:00:32+02:00,19.2,19.2,19.6,13.2,68.0,23.0,87.0,0.0,0.0,0.0,0.0,0.0,0.0,0.0,0.0,0.0,3.0,8.6,137.0,1009.2,1009.2,2.7,5.0
2024-04-14 00:04:48+02:00,19.3,19.3,19.7,13.3,68.0,23.0,87.0,0.0,0.0,0.0,0.0,0.0,0.0,0.0,0.0,0.0,3.5,9.4,169.0,1009.2,1009.2,2.7,5.0
2024-04-14 00:09:04+02:00,19.5,19.5,19.7,13.4,68.0,22.9,87.0,0.0,0.0,0.0,0.0,0.0,0.0,0.0,0.0,0.0,4.5,9.7,158.0,1009.3,1009.3,2.7,5.0
2024-04-14 00:15:28+02:00,19.7,19.7,20.1,13.4,67.0,22.9,87.0,0.0,0.0,0.0,0.0,0.0,0.0,0.0,0.0,0.0,3.2,6.8,166.0,1009.3,1009.3,2.7,5.0
2024-04-14 00:19:44+02:00,19.7,19.7,20.2,13.5,67.0,22.9,87.0,0.0,0.0,0.0,0.0,0.0,0.0,0.0,0.0,0.0,2.9,10.4,134.0,1009.2,1009.2,2.7,5.0
2024-04-14 00:24:00+02:00,19.7,19.7,20.1,13.4,67.0,22.8,87.0,0.0,0.0,0.0,0.0,0.0,0.0,0.0,0.0,0.0,3.5,8.3,163.0,1009.2,1009.2,2.7,5.0
2024-04-14 00:30:24+02:00,19.8,19.8,20.1,13.4,67.0,22.8,87.0,0.0,0.0,0.0,0.0,0.0,0.0,0.0,0.0,0.0,3.7,8.6,129.0,1009.2,1009.2,2.7,5.0
2024-04-14 00:34:40+02:00,19.8,19.8,19.7,13.3,66.0,22.7,87.0,0.0,0.0,0.0,0.0,0.0,0.0,0.0,0.0,0.0,6.0,13.3,172.0,1009.3,1009.3,2.7,5.0
2024-04-14 00:41:04+02:00,19.9,19.9,20.2,13.4,66.0,22.7,87.0,0.0,0.0,0.0,0.0,0.0,0.0,0.0,0.0,0.0,3.7,13.3,154.0,1009.3,1009.3,2.7,5.0
2024-04-14 00:45:20+02:00,19.8,19.8,20.0,13.3,66.0,22.7,87.0,0.0,0.0,0.0,0.0,0.0,0.0,0.0,0.0,0.0,4.5,12.6,166.0,1009.4,1009.4,2.7,5.0
2024-04-14 00:49:36+02:00,19.7,19.7,19.9,13.4,67.0,22.7,87.0,0.0,0.0,0.0,0.0,0.0,0.0,0.0,0.0,0.0,4.2,16.9,136.0,1009.3,1009.3,2.7,5.0
2024-04-14 00:56:00+02:00,19.5,19.5,19.9,13.3,67.0,22.6,87.0,0.0,0.0,0.0,0.0,0.0,0.0,0.0,0.0,0.0,3.4,13.0,163.0,1009.4,1009.4,2.7,5.0
2024-04-14 01:00:16+02:00,19.4,19.4,19.9,13.2,67.0,22.6,87.0,0.0,0.0,0.0,0.0,0.0,0.0,0.0,0.0,0.0,2.4,13.0,182.0,1009.4,1009.4,2.7,5.0
2024-04-14 01:04:32+02:00,19.2,19.2,19.6,13.2,68.0,22.6,87.0,0.0,0.0,0.0,0.0,0.0,0.0,0.0,0.0,0.0,3.2,5.8,197.0,1009.4,1009.4,2.7,5.0
2024-04-14 01:10:56+02:00,19.0,19.0,19.3,13.2,69.0,22.5,87.0,0.0,0.0,0.0,0.0,0.0,0.0,0.0,0.0,0.0,3.6,7.2,147.0,1009.4,1009.4,2.7,5.0
2024-04-14 01:15:12+02:00,18.8,18.8,19.2,13.2,70.0,22.5,87.0,0.0,0.0,0.0,0.0,0.0,0.0,0.0,0.0,0.0,3.0,8.6,139.0,1009.4,1009.4,2.7,4.9
2024-04-14 01:25:52+02:00,18.6,18.6,19.2,13.1,70.0,22.4,87.0,0.0,0.0,0.0,0.0,0.0,0.0,0.0,0.0,0.0,1.8,9.0,171.0,1009.5,1009.5,2.7,4.9
2024-04-14 01:30:08+02:00,18.4,18.4,18.9,12.5,69.0,22.3,87.0,0.0,0.0,0.0,0.0,0.0,0.0,0.0,0.0,0.0,1.4,7.9,215.0,1009.6,1009.6,2.7,4.9
2024-04-14 01:34:24+02:00,18.2,18.2,18.4,12.2,68.0,22.3,87.0,0.0,0.0,0.0,0.0,0.0,0.0,0.0,0.0,0.0,2.4,9.4,258.0,1009.6,1009.6,2.7,4.9
2024-04-14 01:40:48+02:00,18.1,18.1,18.0,12.2,68.0,22.2,87.0,0.0,0.0,0.0,0.0,0.0,0.0,0.0,0.0,0.0,3.7,16.6,182.0,1009.7,1009.7,2.7,4.9
2024-04-14 01:45:04+02:00,18.2,18.2,17.7,11.5,65.0,22.2,87.0,0.0,0.0,0.0,0.0,0.0,0.0,0.0,0.0,0.0,5.0,16.6,211.0,1009.7,1009.7,2.7,4.9
2024-04-14 01:49:20+02:00,18.1,18.1,17.5,11.0,63.0,22.2,87.0,0.0,0.0,0.0,0.0,0.0,0.0,0.0,0.0,0.0,4.5,11.2,239.0,1009.7,1009.7,2.7,4.9
2024-04-14 01:55:44+02:00,17.9,17.9,17.5,10.2,61.0,22.1,87.0,0.0,0.0,0.0,0.0,0.0,0.0,0.0,0.0,0.0,2.2,7.6,246.0,1009.8,1009.8,2.7,4.9
2024-04-14 02:00:00+02:00,17.8,17.8,16.8,8.9,56.0,22.0,87.0,0.0,0.0,0.0,0.0,0.0,0.0,0.0,0.0,0.0,3.6,14.8,238.0,1009.8,1009.8,2.7,4.9
2024-04-14 02:04:16+02:00,17.8,17.8,16.4,8.2,53.0,22.0,87.0,0.0,0.0,0.0,0.0,0.0,0.0,0.0,0.0,0.0,5.0,11.2,202.0,1009.8,1009.8,2.7,4.9
2024-04-14 02:10:40+02:00,17.6,17.6,16.5,8.3,54.0,21.9,87.0,0.0,0.0,0.0,0.0,0.0,0.0,0.0,0.0,0.0,3.8,9.7,254.0,1009.9,1009.9,2.7,4.9
2024-04-14 02:14:56+02:00,17.4,17.4,16.1,8.1,54.0,21.9,87.0,0.0,0.0,0.0,0.0,0.0,0.0,0.0,0.0,0.0,4.4,11.5,251.0,1010.0,1010.0,2.7,4.9
2024-04-14 02:19:12+02:00,17.2,17.2,15.6,7.6,53.0,21.8,87.0,0.0,0.0,0.0,0.0,0.0,0.0,0.0,0.0,0.0,5.4,10.8,219.0,1009.9,1009.9,2.7,4.9
2024-04-14 02:25:36+02:00,17.1,17.1,15.5,7.1,52.0,21.7,87.0,0.0,0.0,0.0,0.0,0.0,0.0,0.0,0.0,0.0,4.3,14.4,211.0,1009.9,1009.9,2.7,4.9
2024-04-14 02:29:52+02:00,17.0,17.0,14.7,6.5,50.0,21.7,87.0,0.0,0.0,0.0,0.0,0.0,0.0,0.0,0.0,0.0,7.7,16.2,267.0,1009.9,1009.9,2.7,4.9
2024-04-14 02:34:08+02:00,16.8,16.8,14.9,6.2,50.0,21.6,87.0,0.0,0.0,0.0,0.0,0.0,0.0,0.0,0.0,0.0,5.0,13.7,173.0,1009.9,1009.9,2.7,4.9
2024-04-14 02:40:32+02:00,16.7,16.7,14.8,6.1,49.0,21.5,87.0,0.0,0.0,0.0,0.0,0.0,0.0,0.0,0.0,0.0,5.0,14.4,284.0,1009.9,1009.9,2.7,4.9
2024-04-14 02:44:48+02:00,16.6,16.6,14.8,6.0,50.0,21.5,87.0,0.0,0.0,0.0,0.0,0.0,0.0,0.0,0.0,0.0,4.5,19.4,248.0,1010.0,1010.0,2.7,4.9
2024-04-14 02:49:04+02:00,16.3,16.3,15.1,5.9,50.0,21.4,87.0,0.0,0.0,0.0,0.0,0.0,0.0,0.0,0.0,0.0,1.4,9.4,60.0,1010.1,1010.1,2.7,4.9
2024-04-14 02:55:28+02:00,16.1,16.1,15.0,6.0,51.0,21.3,87.0,0.0,0.0,0.0,0.0,0.0,0.0,0.0,0.0,0.0,0.9,4.7,193.0,1010.1,1010.1,2.7,4.8
2024-04-14 02:59:44+02:00,16.0,16.0,14.6,6.1,52.0,21.3,87.0,0.0,0.0,0.0,0.0,0.0,0.0,0.0,0.0,0.0,2.6,8.3,217.0,1010.1,1010.1,2.7,4.8
2024-04-14 03:04:00+02:00,15.7,15.7,14.1,6.1,53.0,21.2,87.0,0.0,0.0,0.0,0.0,0.0,0.0,0.0,0.0,0.0,3.8,8.6,172.0,1010.2,1010.2,2.7,4.8
2024-04-14 03:10:24+02:00,15.6,15.6,14.5,6.1,53.0,21.1,87.0,0.0,0.0,0.0,0.0,0.0,0.0,0.0,0.0,0.0,0.9,4.0,319.0,1010.2,1010.2,2.7,4.8
2024-04-14 03:14:40+02:00,15.4,15.4,14.1,6.1,54.0,21.1,87.0,0.0,0.0,0.0,0.0,0.0,0.0,0.0,0.0,0.0,2.2,9.4,157.0,1010.3,1010.3,2.7,4.8
2024-04-14 03:18:56+02:00,15.4,15.4,14.0,6.2,54.0,21.0,87.0,0.0,0.0,0.0,0.0,0.0,0.0,0.0,0.0,0.0,2.7,13.3,271.0,1010.2,1010.2,2.7,4.8
2024-04-14 03:25:20+02:00,15.3,15.3,14.0,6.3,55.0,20.9,87.0,0.0,0.0,0.0,0.0,0.0,0.0,0.0,0.0,0.0,2.4,7.2,162.0,1010.4,1010.4,2.7,4.8
2024-04-14 03:29:36+02:00,15.2,15.2,13.8,6.4,56.0,20.8,87.0,0.0,0.0,0.0,0.0,0.0,0.0,0.0,0.0,0.0,2.7,9.7,162.0,1010.3,1010.3,2.7,4.8
2024-04-14 03:36:00+02:00,15.0,15.0,13.6,6.4,56.0,20.8,87.0,0.0,0.0,0.0,0.0,0.0,0.0,0.0,0.0,0.0,2.8,6.5,231.0,1010.5,1010.5,2.7,4.8
2024-04-14 03:40:16+02:00,15.0,15.0,13.7,6.5,57.0,20.7,87.0,0.0,0.0,0.0,0.0,0.0,0.0,0.0,0.0,0.0,2.3,6.8,250.0,1010.5,1010.5,2.7,4.8
2024-04-14 03:44:32+02:00,14.8,14.8,14.0,6.4,57.0,20.6,87.0,0.0,0.0,0.0,0.0,0.0,0.0,0.0,0.0,0.0,0.0,2.9,164.0,1010.6,1010.6,2.7,4.8
2024-04-14 03:55:12+02:00,14.6,14.6,12.5,6.7,59.0,20.5,87.0,0.0,0.0,0.0,0.0,0.0,0.0,0.0,0.0,0.0,6.8,7.9,320.0,1010.6,1010.6,2.7,4.8
2024-04-14 03:59:28+02:00,14.6,14.6,13.2,6.7,59.0,20.4,87.0,0.0,0.0,0.0,0.0,0.0,0.0,0.0,0.0,0.0,3.0,9.7,252.0,1010.6,1010.6,2.7,4.8
2024-04-14 04:05:52+02:00,14.5,14.5,13.4,6.7,59.0,20.4,87.0,0.0,0.0,0.0,0.0,0.0,0.0,0.0,0.0,0.0,1.4,4.3,235.0,1010.8,1010.8,2.7,4.8
2024-04-14 04:10:08+02:00,14.4,14.4,13.3,6.7,60.0,20.3,87.0,0.0,0.0,0.0,0.0,0.0,0.0,0.0,0.0,0.0,1.7,4.7,91.0,1010.8,1010.8,2.7,4.8
2024-04-14 04:14:24+02:00,14.4,14.4,12.9,6.8,60.0,20.2,87.0,0.0,0.0,0.0,0.0,0.0,0.0,0.0,0.0,0.0,3.8,9.4,182.0,1010.8,1010.8,2.7,4.8
2024-04-14 04:20:48+02:00,14.5,14.5,13.2,7.1,61.0,20.2,87.0,0.0,0.0,0.0,0.0,0.0,0.0,0.0,0.0,0.0,3.2,9.0,219.0,1010.9,1010.9,2.7,4.8
2024-04-14 04:25:04+02:00,14.5,14.5,13.7,7.2,62.0,20.1,87.0,0.0,0.0,0.0,0.0,0.0,0.0,0.0,0.0,0.0,0.7,5.4,136.0,1010.9,1010.9,2.7,4.8
2024-04-14 04:29:20+02:00,14.4,14.4,13.3,7.2,62.0,20.1,87.0,0.0,0.0,0.0,0.0,0.0,0.0,0.0,0.0,0.0,2.4,4.3,126.0,1010.8,1010.8,2.7,4.8
2024-04-14 04:35:44+02:00,14.4,14.4,13.5,7.4,63.0,20.0,87.0,0.0,0.0,0.0,0.0,0.0,0.0,0.0,0.0,0.0,1.4,4.7,222.0,1010.9,1010.9,2.7,4.8
2024-04-14 04:40:00+02:00,14.4,14.4,13.2,7.3,62.0,20.0,87.0,0.0,0.0,0.0,0.0,0.0,0.0,0.0,0.0,0.0,2.7,6.8,143.0,1010.8,1010.8,2.7,4.8
2024-04-14 04:44:16+02:00,14.4,14.4,13.3,7.4,63.0,19.9,87.0,0.0,0.0,0.0,0.0,0.0,0.0,0.0,0.0,0.0,2.5,7.6,175.0,1010.9,1010.9,2.7,4.7
2024-04-14 04:50:40+02:00,14.3,14.3,13.3,7.4,63.0,19.8,87.0,0.0,0.0,0.0,0.0,0.0,0.0,0.0,0.0,0.0,2.3,5.0,253.0,1010.9,1010.9,2.7,4.7
2024-04-14 04:54:56+02:00,14.2,14.2,13.3,7.4,64.0,19.8,87.0,0.0,0.0,0.0,0.0,0.0,0.0,0.0,0.0,0.0,1.4,6.1,170.0,1010.9,1010.9,2.7,4.7
2024-04-14 04:59:12+02:00,14.2,14.2,13.6,7.5,64.0,19.8,87.0,0.0,0.0,0.0,0.0,0.0,0.0,0.0,0.0,0.0,0.0,8.3,124.0,1011.0,1011.0,2.7,4.7
2024-04-14 05:05:36+02:00,14.1,14.1,13.4,7.5,65.0,19.7,87.0,0.0,0.0,0.0,0.0,0.0,0.0,0.0,0.0,0.0,0.9,4.7,143.0,1011.1,1011.1,2.7,4.7
2024-04-14 05:09:52+02:00,14.1,14.1,13.1,7.6,65.0,19.7,87.0,0.0,0.0,0.0,0.0,0.0,0.0,0.0,0.0,0.0,2.2,7.6,144.0,1011.0,1011.0,2.7,4.7
2024-04-14 05:14:08+02:00,14.0,14.0,12.9,7.6,65.0,19.6,87.0,0.0,0.0,0.0,0.0,0.0,0.0,0.0,0.0,0.0,3.0,6.8,201.0,1011.0,1011.0,2.7,4.7
2024-04-14 05:20:32+02:00,14.0,14.0,13.1,7.7,66.0,19.6,87.0,0.0,0.0,0.0,0.0,0.0,0.0,0.0,0.0,0.0,2.1,7.6,202.0,1011.2,1011.2,2.7,4.7
2024-04-14 05:24:48+02:00,13.9,13.9,13.0,7.9,67.0,19.6,87.0,0.0,0.0,0.0,0.0,0.0,0.0,0.0,0.0,0.0,2.1,6.8,82.0,1011.2,1011.2,2.7,4.7
2024-04-14 05:29:04+02:00,13.9,13.9,12.9,7.9,67.0,19.5,87.0,0.0,0.0,0.0,0.0,0.0,0.0,0.0,0.0,0.0,2.7,6.8,68.0,1011.1,1011.1,2.7,4.7
2024-04-14 05:35:28+02:00,13.9,13.9,13.0,7.9,67.0,19.5,87.0,0.0,0.0,0.0,0.0,0.0,0.0,0.0,0.0,0.0,2.3,9.0,248.0,1011.1,1011.1,2.7,4.7
2024-04-14 05:39:44+02:00,13.8,13.8,12.8,7.9,68.0,19.4,87.0,0.0,0.0,0.0,0.0,0.0,0.0,0.0,0.0,0.0,2.7,7.9,174.0,1011.1,1011.1,2.7,4.7
2024-04-14 05:44:00+02:00,13.8,13.8,12.5,8.0,68.0,19.4,87.0,0.0,0.0,0.0,0.0,0.0,0.0,0.0,0.0,0.0,4.4,7.6,194.0,1011.1,1011.1,2.7,4.7
2024-04-14 05:50:24+02:00,13.7,13.7,12.9,8.1,69.0,19.3,87.0,0.0,0.0,0.0,0.0,0.0,0.0,0.0,0.0,0.0,1.8,6.5,236.0,1011.1,1011.1,2.7,4.7
2024-04-14 05:54:40+02:00,13.6,13.6,12.8,8.1,69.0,19.3,87.0,0.0,0.0,0.0,0.0,0.0,0.0,0.0,0.0,0.0,1.7,5.0,123.0,1011.2,1011.2,2.7,4.7
2024-04-14 06:01:04+02:00,13.6,13.6,12.7,8.1,69.0,19.3,87.0,0.0,0.0,0.0,0.0,0.0,0.0,0.0,0.0,0.0,2.4,7.6,263.0,1011.2,1011.2,2.7,4.7
2024-04-14 06:05:20+02:00,13.6,13.6,12.7,8.0,69.0,19.2,87.0,0.0,0.0,0.0,0.0,0.0,0.0,0.0,0.0,0.0,2.3,4.7,186.0,1011.2,1011.2,2.7,4.7
2024-04-14 06:09:36+02:00,13.5,13.5,12.8,8.1,70.0,19.2,87.0,0.1,0.0,0.0,0.0,0.0,0.0,0.0,0.0,0.0,0.9,3.6,147.0,1011.1,1011.1,2.7,4.7
2024-04-14 06:16:00+02:00,13.3,13.3,12.1,8.0,70.0,19.1,87.0,0.2,0.0,0.0,0.0,0.0,0.0,0.0,0.0,0.0,4.1,7.2,174.0,1011.1,1011.1,2.7,4.7
2024-04-14 06:20:16+02:00,13.3,13.3,12.3,8.0,70.0,19.1,87.0,0.3,0.0,0.0,0.0,0.0,0.0,0.0,0.0,0.0,2.8,7.2,184.0,1011.3,1011.3,2.7,4.7
2024-04-14 06:24:32+02:00,13.3,13.3,12.6,8.1,71.0,19.1,87.0,0.7,0.0,0.0,0.0,0.0,0.0,0.0,0.0,0.0,1.0,6.5,204.0,1011.3,1011.3,2.7,4.7
2024-04-14 06:30:56+02:00,13.2,13.2,12.1,8.2,72.0,19.0,87.0,1.2,0.0,0.0,0.0,0.0,0.0,0.0,0.0,0.0,3.3,6.1,250.0,1011.5,1011.5,2.7,4.7
2024-04-14 06:35:12+02:00,13.1,13.1,12.1,8.2,72.0,19.0,87.0,1.7,0.0,0.0,0.0,0.0,0.0,0.0,0.0,0.0,3.2,7.6,128.0,1011.6,1011.6,2.7,4.6
2024-04-14 06:39:28+02:00,13.1,13.1,12.1,8.3,73.0,18.9,87.0,3.2,0.0,0.0,0.0,0.0,0.0,0.0,0.0,0.0,3.0,6.8,157.0,1011.5,1011.5,2.7,4.6
2024-04-14 06:45:52+02:00,13.0,13.0,12.0,8.3,73.0,18.9,87.0,4.6,0.0,0.0,0.0,0.0,0.0,0.0,0.0,0.0,3.2,7.9,168.0,1011.5,1011.5,2.7,4.6
2024-04-14 06:50:08+02:00,13.0,13.0,12.4,8.4,74.0,18.8,87.0,6.1,0.0,0.0,0.0,0.0,0.0,0.0,0.0,0.0,1.4,5.0,198.0,1011.6,1011.6,2.7,4.6
2024-04-14 06:54:24+02:00,12.9,12.9,12.1,8.4,74.0,18.8,87.0,9.1,0.0,0.0,0.0,0.0,0.0,0.0,0.0,0.0,2.1,5.4,245.0,1011.6,1011.6,2.7,4.6
2024-04-14 07:00:48+02:00,12.9,12.9,12.0,8.5,75.0,18.8,87.0,11.4,0.0,0.0,0.0,0.0,0.0,0.0,0.0,0.0,3.0,4.7,133.0,1011.5,1011.5,2.7,4.6
2024-04-14 07:05:04+02:00,12.9,12.9,12.1,8.5,75.0,18.7,87.0,12.7,0.0,0.0,0.0,0.0,0.0,0.0,0.0,0.0,2.2,5.4,177.0,1011.6,1011.6,2.7,4.6
2024-04-14 07:09:20+02:00,12.8,12.8,12.0,8.4,75.0,18.7,87.0,17.2,0.0,0.0,0.0,0.0,0.0,0.0,0.0,0.0,2.4,6.5,168.0,1011.7,1011.7,2.7,4.6
2024-04-14 07:15:44+02:00,12.8,12.8,12.0,8.5,75.0,18.7,87.0,19.0,0.0,0.0,0.0,0.0,0.0,0.0,0.0,0.0,2.8,5.8,147.0,1011.7,1011.7,2.7,4.6
2024-04-14 07:20:00+02:00,12.9,12.9,12.2,8.6,75.0,18.6,87.0,21.4,0.0,0.0,0.0,0.0,0.0,0.0,0.0,0.0,2.1,5.4,269.0,1011.9,1011.9,2.7,4.6
2024-04-14 07:24:16+02:00,12.9,12.9,12.1,8.6,75.0,18.6,87.0,22.4,0.0,0.0,0.0,0.0,0.0,0.0,0.0,0.0,2.2,5.4,142.0,1011.9,1011.9,2.7,4.6
2024-04-14 07:30:40+02:00,12.9,12.9,11.7,8.6,75.0,18.6,87.0,28.9,0.0,0.0,0.0,0.0,0.0,0.0,0.0,0.0,4.4,11.2,165.0,1012.0,1012.0,2.7,4.6
2024-04-14 07:34:56+02:00,12.9,12.9,12.1,8.6,75.0,18.5,87.0,34.2,0.0,0.0,0.0,0.0,0.0,0.0,0.0,0.0,2.4,5.4,110.0,1011.8,1011.8,2.7,4.6
2024-04-14 07:39:12+02:00,12.9,12.9,12.1,8.6,75.0,18.5,87.0,35.4,0.0,0.0,0.0,0.0,0.0,0.0,0.0,0.0,2.5,6.8,145.0,1011.8,1011.8,2.7,4.6
2024-04-14 07:45:36+02:00,12.9,12.9,12.2,8.6,75.0,18.5,87.0,39.1,0.0,0.0,0.0,0.0,0.0,0.0,0.0,0.0,2.1,6.5,156.0,1011.9,1011.9,2.7,4.6
2024-04-14 07:49:52+02:00,12.9,12.9,12.5,8.6,75.0,18.5,87.0,38.5,0.0,0.0,0.0,0.0,0.0,0.0,0.0,0.0,0.5,7.2,236.0,1012.0,1012.0,2.7,4.6
2024-04-14 07:54:08+02:00,13.0,13.0,12.2,8.6,75.0,18.4,87.0,49.5,0.0,0.0,0.0,0.0,0.0,0.0,0.0,0.0,2.3,6.8,191.0,1012.0,1012.0,2.7,4.6
2024-04-14 08:00:32+02:00,13.0,13.0,12.3,8.6,75.0,18.4,87.0,58.3,0.0,0.0,0.0,0.0,0.0,0.0,0.0,0.0,2.1,5.4,231.0,1012.0,1012.0,2.7,4.6
2024-04-14 08:04:48+02:00,13.1,13.1,12.3,8.7,75.0,18.4,87.0,59.3,0.0,0.0,0.0,0.0,0.0,0.0,0.0,0.0,2.4,5.0,128.0,1012.0,1012.0,2.7,4.7
2024-04-14 08:09:04+02:00,13.1,13.1,12.4,8.7,74.0,18.4,87.0,60.5,0.0,0.0,0.0,0.0,0.0,0.0,0.0,0.0,2.0,6.1,193.0,1012.1,1012.1,2.7,4.7
2024-04-14 08:15:28+02:00,13.1,13.1,12.3,8.7,75.0,18.4,88.0,67.3,0.0,0.0,0.0,0.0,0.0,0.0,0.0,0.0,2.5,7.2,161.0,1012.2,1012.2,2.7,4.7
2024-04-14 08:19:44+02:00,13.1,13.1,12.1,8.5,74.0,18.4,88.0,79.9,0.0,0.0,0.0,0.0,0.0,0.0,0.0,0.0,3.2,7.9,151.0,1012.1,1012.1,2.7,4.7
2024-04-14 08:24:00+02:00,13.1,13.1,12.4,8.6,74.0,18.4,88.0,80.0,0.0,0.0,0.0,0.0,0.0,0.0,0.0,0.0,2.0,7.9,135.0,1012.1,1012.1,2.7,4.7
2024-04-14 08:30:24+02:00,13.2,13.2,12.3,8.6,74.0,18.4,88.0,70.4,0.0,0.0,0.0,0.0,0.0,0.0,0.0,0.0,3.0,7.9,349.0,1012.2,1012.2,2.7,4.7
2024-04-14 08:34:40+02:00,13.2,13.2,12.6,8.6,74.0,18.4,88.0,69.8,0.0,0.0,0.0,0.0,0.0,0.0,0.0,0.0,1.1,6.1,266.0,1012.3,1012.3,2.7,4.7
2024-04-14 08:38:56+02:00,13.2,13.2,12.4,8.5,73.0,18.5,88.0,82.3,0.0,0.0,0.0,0.0,0.0,0.0,0.0,0.0,2.3,11.5,215.0,1012.3,1012.3,2.7,4.7
2024-04-14 08:45:20+02:00,13.3,13.3,12.5,8.5,73.0,18.5,88.0,69.8,0.0,0.0,0.0,0.0,0.0,0.0,0.0,0.0,2.3,5.0,144.0,1012.3,1012.3,2.7,4.8
2024-04-14 08:49:36+02:00,13.3,13.3,12.6,8.5,73.0,18.5,88.0,89.9,0.0,0.0,0.0,0.0,0.0,0.0,0.0,0.0,1.7,7.6,129.0,1012.3,1012.3,2.7,4.8
2024-04-14 08:56:00+02:00,13.5,13.5,12.8,8.6,72.0,18.5,88.0,115.9,1.0,0.0,0.0,0.0,0.0,0.0,0.0,0.0,1.8,4.3,149.0,1012.3,1012.3,2.7,4.8
2024-04-14 09:00:16+02:00,13.4,13.4,12.1,8.4,72.0,18.5,88.0,110.4,1.0,0.0,0.0,0.0,0.0,0.0,0.0,0.0,5.2,9.0,285.0,1012.2,1012.2,2.7,4.8
2024-04-14 09:04:32+02:00,13.5,13.5,12.6,8.5,72.0,18.6,88.0,134.2,1.0,0.0,0.0,0.0,0.0,0.0,0.0,0.0,2.5,10.8,279.0,1012.4,1012.4,2.7,4.8
2024-04-14 09:10:56+02:00,13.7,13.7,12.6,8.7,72.0,18.6,89.0,154.5,1.0,0.0,0.0,0.0,0.0,0.0,0.0,0.0,3.9,7.6,169.0,1012.3,1012.3,2.7,4.8
2024-04-14 09:15:12+02:00,13.8,13.8,13.0,8.7,71.0,18.7,89.0,165.8,1.0,0.0,0.0,0.0,0.0,0.0,0.0,0.0,2.6,7.9,205.0,1012.3,1012.3,2.7,4.9
2024-04-14 09:19:28+02:00,13.9,13.9,13.1,8.7,71.0,18.8,89.0,155.6,1.0,0.0,0.0,0.0,0.0,0.0,0.0,0.0,3.0,9.0,175.0,1012.4,1012.4,2.7,4.9
2024-04-14 09:25:52+02:00,14.1,14.1,13.4,8.8,70.0,18.9,89.0,190.4,1.0,0.0,0.0,0.0,0.0,0.0,0.0,0.0,2.4,8.3,157.0,1012.3,1012.3,2.7,4.9
2024-04-14 09:30:08+02:00,14.6,14.6,14.2,8.8,68.0,19.0,89.0,180.6,1.0,0.0,0.0,0.0,0.0,0.0,0.0,0.0,0.9,9.7,289.0,1012.3,1012.3,2.7,4.9
2024-04-14 09:34:24+02:00,14.7,14.7,13.7,8.9,68.0,19.2,89.0,258.7,2.0,0.0,0.0,0.0,0.0,0.0,0.0,0.0,3.6,8.6,273.0,1012.4,1012.4,2.7,5.0
2024-04-14 09:40:48+02:00,14.4,14.4,13.0,8.6,68.0,19.3,89.0,209.9,1.0,0.0,0.0,0.0,0.0,0.0,0.0,0.0,5.5,10.4,243.0,1012.5,1012.5,2.7,5.0
2024-04-14 09:45:04+02:00,14.5,14.5,13.2,8.4,67.0,19.4,89.0,276.6,2.0,0.0,0.0,0.0,0.0,0.0,0.0,0.0,5.1,10.8,192.0,1012.4,1012.4,2.7,5.1
2024-04-14 09:49:20+02:00,14.5,14.5,13.1,8.0,65.0,19.5,90.0,191.4,1.0,0.0,0.0,0.0,0.0,0.0,0.0,0.0,4.8,14.0,254.0,1012.6,1012.6,2.7,5.1
2024-04-14 09:55:44+02:00,14.2,14.2,12.9,7.7,65.0,19.7,90.0,178.4,1.0,0.0,0.0,0.0,0.0,0.0,0.0,0.0,4.3,18.4,269.0,1012.6,1012.6,2.7,5.2
2024-04-14 10:00:00+02:00,14.3,14.3,13.0,7.6,64.0,19.8,90.0,215.0,1.0,0.0,0.0,0.0,0.0,0.0,0.0,0.0,4.1,9.7,89.0,1012.6,1012.6,2.7,5.2
2024-04-14 10:04:16+02:00,14.5,14.5,12.8,7.0,61.0,19.8,90.0,237.2,2.0,0.0,0.0,0.0,0.0,0.0,0.0,0.0,5.1,9.7,210.0,1012.7,1012.7,2.7,5.2
2024-04-14 10:10:40+02:00,14.6,14.6,13.3,6.9,60.0,19.9,90.0,297.5,2.0,0.0,0.0,0.0,0.0,0.0,0.0,0.0,2.7,13.3,160.0,1012.7,1012.7,2.7,5.2
2024-04-14 10:14:56+02:00,14.7,14.7,13.1,6.9,60.0,20.0,90.0,247.8,2.0,0.0,0.0,0.0,0.0,0.0,0.0,0.0,4.4,9.0,282.0,1012.7,1012.7,2.7,5.2
2024-04-14 10:19:12+02:00,14.8,14.8,13.4,6.9,59.0,20.2,90.0,233.9,2.0,0.0,0.0,0.0,0.0,0.0,0.0,0.0,3.6,11.2,244.0,1012.8,1012.8,2.7,5.2
2024-04-14 10:25:36+02:00,14.8,14.8,13.2,7.1,60.0,20.2,90.0,197.7,1.0,0.0,0.0,0.0,0.0,0.0,0.0,0.0,4.4,14.8,97.0,1012.8,1012.8,2.7,5.2
2024-04-14 10:29:52+02:00,14.7,14.7,13.2,6.8,59.0,20.3,90.0,179.4,1.0,0.0,0.0,0.0,0.0,0.0,0.0,0.0,3.7,7.2,220.0,1012.9,1012.9,2.7,5.2
2024-04-14 10:34:08+02:00,14.7,14.7,13.4,7.1,60.0,20.3,90.0,286.3,2.0,0.0,0.0,0.0,0.0,0.0,0.0,0.0,3.4,8.6,241.0,1012.9,1012.9,2.7,5.2
2024-04-14 10:40:32+02:00,14.8,14.8,13.6,7.1,60.0,20.4,90.0,358.3,3.0,0.0,0.0,0.0,0.0,0.0,0.0,0.0,2.5,10.1,220.0,1013.0,1013.0,2.7,5.2
2024-04-14 10:44:48+02:00,14.9,14.9,13.5,7.2,60.0,20.5,90.0,232.0,2.0,0.0,0.0,0.0,0.0,0.0,0.0,0.0,4.0,8.3,274.0,1012.8,1012.8,2.7,5.2
2024-04-14 10:49:04+02:00,14.8,14.8,13.1,6.4,57.0,20.6,90.0,231.9,2.0,0.0,0.0,0.0,0.0,0.0,0.0,0.0,4.2,13.7,288.0,1012.9,1012.9,2.7,5.2
2024-04-14 10:55:28+02:00,14.7,14.7,12.7,6.6,58.0,20.8,90.0,391.0,3.0,0.0,0.0,0.0,0.0,0.0,0.0,0.0,6.2,16.6,234.0,1013.0,1013.0,2.7,5.2
2024-04-14 10:59:44+02:00,14.8,14.8,13.3,6.7,58.0,20.8,90.0,226.8,2.0,0.0,0.0,0.0,0.0,0.0,0.0,0.0,3.8,8.6,187.0,1013.0,1013.0,2.7,5.2
2024-04-14 11:04:00+02:00,15.1,15.1,13.8,7.0,58.0,20.9,90.0,190.5,1.0,0.0,0.0,0.0,0.0,0.0,0.0,0.0,3.1,7.6,200.0,1012.9,1012.9,2.7,5.2
2024-04-14 11:10:24+02:00,15.5,15.5,14.5,7.4,58.0,20.9,90.0,210.2,1.0,0.0,0.0,0.0,0.0,0.0,0.0,0.0,1.9,5.4,135.0,1012.9,1012.9,2.7,5.2
2024-04-14 11:14:40+02:00,15.2,15.2,14.1,7.6,60.0,20.9,90.0,228.6,2.0,0.0,0.0,0.0,0.0,0.0,0.0,0.0,3.2,9.0,219.0,1013.0,1013.0,2.7,5.2
2024-04-14 11:21:04+02:00,15.2,15.2,14.2,7.6,60.0,21.1,90.0,292.0,2.0,0.0,0.0,0.0,0.0,0.0,0.0,0.0,2.5,9.4,206.0,1013.0,1013.0,2.7,5.2
2024-04-14 11:25:20+02:00,15.8,15.8,14.9,7.8,59.0,21.2,90.0,358.2,3.0,0.0,0.0,0.0,0.0,0.0,0.0,0.0,1.9,5.4,168.0,1013.0,1013.0,2.7,5.2
2024-04-14 11:29:36+02:00,15.9,15.9,14.0,7.9,59.0,21.3,90.0,312.1,2.0,0.0,0.0,0.0,0.0,0.0,0.0,0.0,6.9,15.1,241.0,1013.0,1013.0,2.7,5.2
2024-04-14 11:36:00+02:00,15.3,15.3,14.1,7.7,60.0,21.4,90.0,240.6,2.0,0.0,0.0,0.0,0.0,0.0,0.0,0.0,3.2,15.1,259.0,1013.0,1013.0,2.7,5.2
2024-04-14 11:40:16+02:00,15.3,15.3,14.2,7.7,61.0,21.4,90.0,155.5,1.0,0.0,0.0,0.0,0.0,0.0,0.0,0.0,3.0,9.0,270.0,1012.9,1012.9,2.7,5.2
2024-04-14 11:44:32+02:00,15.2,15.2,13.6,7.8,61.0,21.5,90.0,436.6,4.0,0.0,0.0,0.0,0.0,0.0,0.0,0.0,5.1,12.6,230.0,1013.0,1013.0,2.7,5.2
2024-04-14 11:50:56+02:00,15.3,15.3,14.0,7.4,59.0,21.6,90.0,482.2,4.0,0.0,0.0,0.0,0.0,0.0,0.0,0.0,3.2,15.5,177.0,1013.0,1013.0,2.7,5.2
2024-04-14 11:55:12+02:00,16.0,16.0,14.3,7.6,57.0,21.8,89.0,211.3,1.0,0.0,0.0,0.0,0.0,0.0,0.0,0.0,5.8,8.6,206.0,1013.1,1013.1,2.7,5.2
2024-04-14 11:59:28+02:00,15.7,15.7,14.2,7.7,59.0,21.8,90.0,474.7,4.0,0.0,0.0,0.0,0.0,0.0,0.0,0.0,4.9,13.3,261.0,1013.0,1013.0,2.7,5.2
2024-04-14 12:05:52+02:00,15.8,15.8,14.6,7.5,58.0,21.9,90.0,341.3,3.0,0.0,0.0,0.0,0.0,0.0,0.0,0.0,3.2,17.3,221.0,1013.0,1013.0,2.7,5.2
2024-04-14 12:10:08+02:00,16.0,16.0,14.4,7.3,56.0,22.0,90.0,479.2,4.0,0.0,0.0,0.0,0.0,0.0,0.0,0.0,5.0,10.1,238.0,1012.8,1012.8,2.7,5.2
2024-04-14 12:14:24+02:00,16.3,16.3,15.1,7.1,54.0,22.2,90.0,391.9,3.0,0.0,0.0,0.0,0.0,0.0,0.0,0.0,2.7,9.0,280.0,1012.9,1012.9,2.7,5.3
2024-04-14 12:20:48+02:00,16.9,16.9,15.6,7.0,52.0,22.2,90.0,206.7,1.0,0.0,0.0,0.0,0.0,0.0,0.0,0.0,3.4,13.7,180.0,1013.0,1013.0,2.7,5.3
2024-04-14 12:25:04+02:00,16.0,16.0,14.3,6.9,55.0,22.3,90.0,334.4,3.0,0.0,0.0,0.0,0.0,0.0,0.0,0.0,5.1,10.1,281.0,1012.9,1012.9,2.7,5.3
2024-04-14 12:29:20+02:00,15.8,15.8,13.8,6.5,54.0,22.4,90.0,442.5,4.0,0.0,0.0,0.0,0.0,0.0,0.0,0.0,6.3,18.0,215.0,1013.0,1013.0,2.7,5.3
2024-04-14 12:35:44+02:00,16.1,16.1,14.0,6.5,53.0,22.5,90.0,471.8,4.0,0.0,0.0,0.0,0.0,0.0,0.0,0.0,6.4,11.9,175.0,1012.9,1012.9,2.7,5.3
2024-04-14 12:40:00+02:00,16.6,16.6,14.6,6.4,51.0,22.7,89.0,499.1,4.0,0.0,0.0,0.0,0.0,0.0,0.0,0.0,5.9,15.8,206.0,1013.1,1013.1,2.7,5.3
2024-04-14 12:44:16+02:00,16.7,16.7,14.1,5.9,49.0,22.8,89.0,240.5,2.0,0.0,0.0,0.0,0.0,0.0,0.0,0.0,8.5,16.9,249.0,1013.1,1013.1,2.7,5.3
2024-04-14 12:50:40+02:00,16.0,16.0,13.9,5.8,51.0,22.9,89.0,406.0,3.0,0.0,0.0,0.0,0.0,0.0,0.0,0.0,6.0,18.4,165.0,1013.1,1013.1,2.7,5.3
2024-04-14 12:54:56+02:00,16.4,16.4,13.8,5.9,50.0,22.9,89.0,468.4,4.0,0.0,0.0,0.0,0.0,0.0,0.0,0.0,8.2,22.3,268.0,1013.1,1013.1,2.7,5.3
2024-04-14 12:59:12+02:00,16.8,16.8,14.8,5.9,49.0,23.1,89.0,523.8,4.0,0.0,0.0,0.0,0.0,0.0,0.0,0.0,5.3,22.3,310.0,1012.9,1012.9,2.7,5.3
2024-04-14 13:05:36+02:00,17.0,17.0,14.7,6.0,48.0,23.3,89.0,542.9,5.0,0.0,0.0,0.0,0.0,0.0,0.0,0.0,7.4,26.6,272.0,1012.9,1012.9,2.7,5.3
2024-04-14 13:09:52+02:00,17.2,17.2,14.6,5.8,47.0,23.3,89.0,565.6,5.0,0.0,0.0,0.0,0.0,0.0,0.0,0.0,8.9,19.1,265.0,1013.0,1013.0,2.7,5.3
2024-04-14 13:14:08+02:00,17.5,17.5,15.1,5.9,46.0,23.5,89.0,591.0,5.0,0.0,0.0,0.0,0.0,0.0,0.0,0.0,7.3,17.3,264.0,1012.9,1012.9,2.68,5.3
2024-04-14 13:20:32+02:00,17.8,17.8,15.9,5.8,45.0,23.7,89.0,623.4,5.0,0.0,0.0,0.0,0.0,0.0,0.0,0.0,4.9,12.2,266.0,1012.8,1012.8,2.68,5.3
2024-04-14 13:24:48+02:00,18.6,18.6,16.7,6.2,44.0,23.8,89.0,579.4,5.0,0.0,0.0,0.0,0.0,0.0,0.0,0.0,5.2,13.7,166.0,1012.8,1012.8,2.68,5.3
2024-04-14 13:29:04+02:00,17.5,17.5,15.1,5.4,45.0,24.0,89.0,509.3,4.0,0.0,0.0,0.0,0.0,0.0,0.0,0.0,6.8,13.7,258.0,1012.8,1012.8,2.68,5.3
2024-04-14 13:35:28+02:00,17.4,17.4,14.4,5.2,45.0,24.2,89.0,654.4,6.0,0.0,0.0,0.0,0.0,0.0,0.0,0.0,9.8,25.2,246.0,1012.9,1012.9,2.68,5.3
2024-04-14 13:39:44+02:00,17.0,17.0,14.4,4.9,45.0,24.3,88.0,408.4,3.0,0.0,0.0,0.0,0.0,0.0,0.0,0.0,7.2,25.2,250.0,1012.9,1012.9,2.68,5.3
2024-04-14 13:44:00+02:00,16.6,16.6,14.2,4.7,45.0,24.3,88.0,401.1,3.0,0.0,0.0,0.0,0.0,0.0,0.0,0.0,6.2,25.9,282.0,1012.9,1012.9,2.68,5.3
2024-04-14 13:50:24+02:00,16.4,16.4,12.8,5.0,47.0,24.5,88.0,449.6,4.0,0.0,0.0,0.0,0.0,0.0,0.0,0.0,12.9,26.3,275.0,1012.8,1012.8,2.68,5.3
2024-04-14 13:54:40+02:00,16.7,16.7,14.2,5.1,46.0,24.5,88.0,625.8,5.0,0.0,0.0,0.0,0.0,0.0,0.0,0.0,6.8,19.4,270.0,1012.8,1012.8,2.7,5.3
2024-04-14 13:58:56+02:00,17.3,17.3,14.8,4.8,44.0,24.6,88.0,674.8,6.0,0.0,0.0,0.0,0.0,0.0,0.0,0.0,6.8,14.8,277.0,1012.7,1012.7,2.7,5.3
2024-04-14 14:05:20+02:00,18.2,18.2,16.3,5.3,43.0,24.7,88.0,428.8,3.0,0.0,0.0,0.0,0.0,0.0,0.0,0.0,4.4,18.4,169.0,1012.7,1012.7,2.7,5.3
2024-04-14 14:09:36+02:00,17.1,17.1,15.1,4.9,44.0,24.8,88.0,328.8,3.0,0.0,0.0,0.0,0.0,0.0,0.0,0.0,4.7,18.0,260.0,1012.7,1012.7,2.7,5.3
2024-04-14 14:16:00+02:00,17.2,17.2,14.7,5.1,45.0,24.9,88.0,310.6,2.0,0.0,0.0,0.0,0.0,0.0,0.0,0.0,7.3,16.2,269.0,1012.7,1012.7,2.68,5.3
2024-04-14 14:20:16+02:00,16.7,16.7,13.6,4.8,45.0,25.0,88.0,274.3,2.0,0.0,0.0,0.0,0.0,0.0,0.0,0.0,9.7,18.4,260.0,1012.7,1012.7,2.68,5.3
2024-04-14 14:24:32+02:00,16.0,16.0,13.7,4.2,46.0,25.0,88.0,267.8,2.0,0.0,0.0,0.0,0.0,0.0,0.0,0.0,5.0,18.4,264.0,1012.6,1012.6,2.7,5.3
2024-04-14 14:30:56+02:00,16.4,16.4,14.2,4.5,45.0,25.1,87.0,406.2,3.0,0.0,0.0,0.0,0.0,0.0,0.0,0.0,4.8,14.4,279.0,1012.5,1012.5,2.7,5.3
2024-04-14 14:35:12+02:00,16.7,16.7,14.1,4.4,44.0,25.2,87.0,362.4,3.0,0.0,0.0,0.0,0.0,0.0,0.0,0.0,7.0,18.4,261.0,1012.6,1012.6,2.7,5.3
2024-04-14 14:39:28+02:00,16.9,16.9,13.9,4.6,44.0,25.2,87.0,444.8,4.0,0.0,0.0,0.0,0.0,0.0,0.0,0.0,9.4,23.4,252.0,1012.4,1012.4,2.7,5.3
2024-04-14 14:45:52+02:00,16.9,16.9,14.5,4.6,44.0,25.2,87.0,469.3,4.0,0.0,0.0,0.0,0.0,0.0,0.0,0.0,6.1,22.0,232.0,1012.3,1012.3,2.7,5.3
2024-04-14 14:50:08+02:00,16.7,16.7,14.2,4.3,44.0,25.2,87.0,228.6,2.0,0.0,0.0,0.0,0.0,0.0,0.0,0.0,6.2,14.0,279.0,1012.2,1012.2,2.7,5.3
2024-04-14 14:54:24+02:00,16.0,16.0,13.1,4.2,45.0,25.3,87.0,269.1,2.0,0.0,0.0,0.0,0.0,0.0,0.0,0.0,8.3,19.1,275.0,1012.1,1012.1,2.7,5.3
2024-04-14 15:00:48+02:00,16.2,16.2,13.6,4.4,45.0,25.3,87.0,263.0,2.0,0.0,0.0,0.0,0.0,0.0,0.0,0.0,6.9,14.4,251.0,1012.0,1012.0,2.7,5.3
2024-04-14 15:05:04+02:00,16.0,16.0,13.2,4.4,46.0,25.3,87.0,442.6,4.0,0.0,0.0,0.0,0.0,0.0,0.0,0.0,8.1,25.2,282.0,1012.1,1012.1,2.7,5.3
2024-04-14 15:09:20+02:00,16.1,16.1,13.2,4.1,45.0,25.3,86.0,448.5,4.0,0.0,0.0,0.0,0.0,0.0,0.0,0.0,8.1,31.7,253.0,1012.2,1012.2,2.7,5.3
2024-04-14 15:15:44+02:00,16.7,16.7,14.1,4.0,43.0,25.3,86.0,411.5,3.0,0.0,0.0,0.0,0.0,0.0,0.0,0.0,6.6,15.1,245.0,1012.2,1012.2,2.7,5.3
2024-04-14 15:20:00+02:00,17.0,17.0,15.0,4.1,42.0,25.2,86.0,402.3,3.0,0.0,0.0,0.0,0.0,0.0,0.0,0.0,3.4,13.3,201.0,1012.0,1012.0,2.7,5.3
2024-04-14 15:24:16+02:00,17.7,17.7,15.1,4.6,42.0,25.3,86.0,434.8,4.0,0.0,0.0,0.0,0.0,0.0,0.0,0.0,7.2,13.3,277.0,1011.8,1011.8,2.7,5.3
2024-04-14 15:30:40+02:00,17.0,17.0,14.7,4.1,42.0,25.3,86.0,343.4,3.0,0.0,0.0,0.0,0.0,0.0,0.0,0.0,5.3,13.7,221.0,1011.7,1011.7,2.7,5.3
2024-04-14 15:34:56+02:00,17.1,17.1,14.1,4.2,42.0,25.3,86.0,453.4,4.0,0.0,0.0,0.0,0.0,0.0,0.0,0.0,9.0,19.4,295.0,1011.7,1011.7,2.7,5.3
2024-04-14 15:39:12+02:00,17.8,17.8,15.9,4.1,40.0,25.3,86.0,446.6,4.0,0.0,0.0,0.0,0.0,0.0,0.0,0.0,2.9,12.2,266.0,1011.6,1011.6,2.7,5.3
2024-04-14 15:45:36+02:00,17.3,17.3,14.9,4.3,42.0,25.3,86.0,440.5,4.0,0.0,0.0,0.0,0.0,0.0,0.0,0.0,5.9,13.0,216.0,1011.6,1011.6,2.7,5.3
2024-04-14 15:49:52+02:00,17.4,17.4,15.3,4.3,42.0,25.3,86.0,405.0,3.0,0.0,0.0,0.0,0.0,0.0,0.0,0.0,4.6,14.8,170.0,1011.6,1011.6,2.7,5.3
2024-04-14 15:54:08+02:00,17.3,17.3,15.1,4.1,41.0,25.3,86.0,376.6,3.0,0.0,0.0,0.0,0.0,0.0,0.0,0.0,4.5,10.1,224.0,1011.5,1011.5,2.7,5.3
2024-04-14 16:00:32+02:00,17.4,17.4,15.0,4.4,42.0,25.3,86.0,470.6,4.0,0.0,0.0,0.0,0.0,0.0,0.0,0.0,5.6,12.6,261.0,1011.4,1011.4,2.7,5.3
2024-04-14 16:04:48+02:00,18.0,18.0,16.0,4.7,41.0,25.3,86.0,456.2,4.0,0.0,0.0,0.0,0.0,0.0,0.0,0.0,4.4,7.9,170.0,1011.4,1011.4,2.7,5.3
2024-04-14 16:09:04+02:00,18.3,18.3,16.3,5.1,42.0,25.3,86.0,439.0,4.0,0.0,0.0,0.0,0.0,0.0,0.0,0.0,4.4,11.5,246.0,1011.2,1011.2,2.7,5.3
2024-04-14 16:15:28+02:00,18.7,18.7,16.8,4.6,39.0,25.3,86.0,396.0,3.0,0.0,0.0,0.0,0.0,0.0,0.0,0.0,3.2,15.5,269.0,1011.1,1011.1,2.68,5.3
2024-04-14 16:19:44+02:00,18.1,18.1,15.9,4.1,39.0,25.3,86.0,440.5,4.0,0.0,0.0,0.0,0.0,0.0,0.0,0.0,5.0,15.5,202.0,1011.1,1011.1,2.68,5.3
2024-04-14 16:24:00+02:00,17.9,17.9,16.0,4.3,40.0,25.3,86.0,352.6,3.0,0.0,0.0,0.0,0.0,0.0,0.0,0.0,3.5,13.7,194.0,1011.3,1011.3,2.68,5.3
2024-04-14 16:30:24+02:00,17.1,17.1,14.8,4.1,42.0,25.4,86.0,413.6,3.0,0.0,0.0,0.0,0.0,0.0,0.0,0.0,4.9,14.8,131.0,1011.1,1011.1,2.68,5.3
2024-04-14 16:34:40+02:00,17.0,17.0,15.2,4.0,42.0,25.3,86.0,305.8,2.0,0.0,0.0,0.0,0.0,0.0,0.0,0.0,2.8,8.6,209.0,1011.1,1011.1,2.7,5.3
2024-04-14 16:41:04+02:00,17.4,17.4,15.1,3.9,41.0,25.3,86.0,361.0,3.0,0.0,0.0,0.0,0.0,0.0,0.0,0.0,4.9,12.2,245.0,1010.9,1010.9,2.7,5.3
2024-04-14 16:45:20+02:00,17.2,17.2,15.2,4.2,42.0,25.3,86.0,323.7,3.0,0.0,0.0,0.0,0.0,0.0,0.0,0.0,4.1,11.5,230.0,1010.9,1010.9,2.7,5.3
2024-04-14 16:49:36+02:00,16.8,16.8,14.5,4.1,43.0,25.3,86.0,279.8,2.0,0.0,0.0,0.0,0.0,0.0,0.0,0.0,5.2,10.8,271.0,1010.9,1010.9,2.7,5.3
2024-04-14 16:56:00+02:00,16.5,16.5,14.1,3.8,43.0,25.3,86.0,261.3,2.0,0.0,0.0,0.0,0.0,0.0,0.0,0.0,5.3,10.4,293.0,1010.8,1010.8,2.7,5.3
2024-04-14 17:00:16+02:00,16.5,16.5,14.2,3.9,43.0,25.2,86.0,255.7,2.0,0.0,0.0,0.0,0.0,0.0,0.0,0.0,4.9,10.8,270.0,1010.8,1010.8,2.7,5.3
2024-04-14 17:04:32+02:00,16.7,16.7,14.8,3.8,42.0,25.2,86.0,321.7,2.0,0.0,0.0,0.0,0.0,0.0,0.0,0.0,3.0,10.8,236.0,1010.9,1010.9,2.7,5.3
2024-04-14 17:10:56+02:00,17.0,17.0,14.8,4.2,43.0,25.2,86.0,284.2,2.0,0.0,0.0,0.0,0.0,0.0,0.0,0.0,4.9,10.8,269.0,1010.8,1010.8,2.7,5.3
2024-04-14 17:15:12+02:00,17.0,17.0,15.1,3.9,42.0,25.2,86.0,277.0,2.0,0.0,0.0,0.0,0.0,0.0,0.0,0.0,2.7,7.9,257.0,1010.8,1010.8,2.7,5.3
2024-04-14 17:19:28+02:00,17.3,17.3,15.0,3.8,41.0,25.2,86.0,266.2,2.0,0.0,0.0,0.0,0.0,0.0,0.0,0.0,4.6,13.7,233.0,1010.8,1010.8,2.7,5.3
2024-04-14 17:25:52+02:00,16.4,16.4,13.9,4.0,44.0,25.1,86.0,287.7,2.0,0.0,0.0,0.0,0.0,0.0,0.0,0.0,6.6,18.4,288.0,1010.8,1010.8,2.7,5.3
2024-04-14 17:30:08+02:00,16.5,16.5,14.1,4.0,43.0,25.1,86.0,218.6,2.0,0.0,0.0,0.0,0.0,0.0,0.0,0.0,5.3,10.8,263.0,1010.8,1010.8,2.7,5.3
2024-04-14 17:34:24+02:00,16.2,16.2,13.6,3.8,44.0,25.1,86.0,223.4,2.0,0.0,0.0,0.0,0.0,0.0,0.0,0.0,6.3,13.7,275.0,1010.7,1010.7,2.7,5.3
2024-04-14 17:40:48+02:00,16.7,16.7,14.9,3.8,42.0,25.1,86.0,196.1,1.0,0.0,0.0,0.0,0.0,0.0,0.0,0.0,2.2,6.8,243.0,1010.6,1010.6,2.7,5.3
2024-04-14 17:45:04+02:00,16.8,16.8,14.8,4.0,43.0,25.0,86.0,152.3,1.0,0.0,0.0,0.0,0.0,0.0,0.0,0.0,3.4,10.8,262.0,1010.5,1010.5,2.7,5.3
2024-04-14 17:49:20+02:00,16.2,16.2,13.4,4.2,45.0,25.0,86.0,124.9,1.0,0.0,0.0,0.0,0.0,0.0,0.0,0.0,7.6,12.6,285.0,1010.5,1010.5,2.7,5.3
2024-04-14 17:55:44+02:00,15.7,15.7,13.5,3.9,45.0,24.9,86.0,109.2,1.0,0.0,0.0,0.0,0.0,0.0,0.0,0.0,4.5,11.2,273.0,1010.5,1010.5,2.7,5.2
2024-04-14 18:00:00+02:00,15.8,15.8,14.1,3.8,45.0,24.9,86.0,94.4,0.0,0.0,0.0,0.0,0.0,0.0,0.0,0.0,1.8,6.5,263.0,1010.4,1010.4,2.7,5.2
2024-04-14 18:04:16+02:00,15.6,15.6,13.1,3.9,46.0,24.8,86.0,83.3,0.0,0.0,0.0,0.0,0.0,0.0,0.0,0.0,5.8,20.2,315.0,1010.4,1010.4,2.7,5.2
2024-04-14 18:10:40+02:00,15.3,15.3,13.0,3.6,46.0,24.8,86.0,85.7,0.0,0.0,0.0,0.0,0.0,0.0,0.0,0.0,4.7,13.7,249.0,1010.5,1010.5,2.7,5.2
2024-04-14 18:14:56+02:00,15.3,15.3,13.0,3.5,45.0,24.7,86.0,84.0,0.0,0.0,0.0,0.0,0.0,0.0,0.0,0.0,4.8,13.3,252.0,1010.5,1010.5,2.7,5.2
2024-04-14 18:19:12+02:00,15.1,15.1,12.7,3.3,45.0,24.7,86.0,79.2,0.0,0.0,0.0,0.0,0.0,0.0,0.0,0.0,4.9,11.2,285.0,1010.3,1010.3,2.7,5.2
2024-04-14 18:25:36+02:00,15.0,15.0,12.4,3.3,45.0,24.6,86.0,71.4,0.0,0.0,0.0,0.0,0.0,0.0,0.0,0.0,5.8,9.7,284.0,1010.2,1010.2,2.7,5.2
2024-04-14 18:29:52+02:00,15.0,15.0,13.0,3.4,46.0,24.5,86.0,61.9,0.0,0.0,0.0,0.0,0.0,0.0,0.0,0.0,2.9,7.2,277.0,1010.1,1010.1,2.7,5.2
2024-04-14 18:34:08+02:00,15.0,15.0,12.9,3.6,47.0,24.4,86.0,61.5,0.0,0.0,0.0,0.0,0.0,0.0,0.0,0.0,3.5,7.2,288.0,1010.1,1010.1,2.7,5.2
2024-04-14 18:40:32+02:00,14.9,14.9,13.2,3.6,47.0,24.4,86.0,44.9,0.0,0.0,0.0,0.0,0.0,0.0,0.0,0.0,1.7,6.1,264.0,1010.1,1010.1,2.7,5.2
2024-04-14 18:44:48+02:00,14.7,14.7,12.4,3.4,46.0,24.3,86.0,42.1,0.0,0.0,0.0,0.0,0.0,0.0,0.0,0.0,4.7,11.2,280.0,1010.2,1010.2,2.7,5.2
2024-04-14 18:49:04+02:00,14.5,14.5,11.9,3.2,46.0,24.2,86.0,41.1,0.0,0.0,0.0,0.0,0.0,0.0,0.0,0.0,5.8,11.2,289.0,1010.3,1010.3,2.7,5.2
2024-04-14 18:55:28+02:00,14.5,14.5,11.8,3.0,46.0,24.2,86.0,40.2,0.0,0.0,0.0,0.0,0.0,0.0,0.0,0.0,6.0,12.2,286.0,1010.1,1010.1,2.7,5.2
2024-04-14 18:59:44+02:00,14.4,14.4,12.0,2.9,46.0,24.0,85.0,32.8,0.0,0.0,0.0,0.0,0.0,0.0,0.0,0.0,4.4,10.1,271.0,1010.1,1010.1,2.7,5.2
2024-04-14 19:04:00+02:00,14.3,14.3,12.0,3.1,47.0,23.9,85.0,30.1,0.0,0.0,0.0,0.0,0.0,0.0,0.0,0.0,4.4,12.2,309.0,1010.1,1010.1,2.7,5.2
2024-04-14 19:10:24+02:00,14.3,14.3,11.9,2.9,46.0,23.8,85.0,25.1,0.0,0.0,0.0,0.0,0.0,0.0,0.0,0.0,4.6,9.7,275.0,1010.0,1010.0,2.7,5.2
2024-04-14 19:14:40+02:00,14.2,14.2,12.0,3.0,47.0,23.7,85.0,20.7,0.0,0.0,0.0,0.0,0.0,0.0,0.0,0.0,3.7,6.8,291.0,1009.9,1009.9,2.7,5.2
2024-04-14 19:18:56+02:00,14.1,14.1,11.3,2.8,47.0,23.6,85.0,18.5,0.0,0.0,0.0,0.0,0.0,0.0,0.0,0.0,6.2,13.3,285.0,1009.9,1009.9,2.7,5.2
2024-04-14 19:25:20+02:00,14.0,14.0,11.4,2.9,47.0,23.5,85.0,17.1,0.0,0.0,0.0,0.0,0.0,0.0,0.0,0.0,5.3,13.0,304.0,1009.7,1009.7,2.7,5.2
2024-04-14 19:29:36+02:00,13.8,13.8,11.2,2.8,47.0,23.3,85.0,13.5,0.0,0.0,0.0,0.0,0.0,0.0,0.0,0.0,5.9,10.1,299.0,1009.7,1009.7,2.7,5.2
2024-04-14 19:36:00+02:00,13.8,13.8,11.5,2.8,48.0,23.2,85.0,10.8,0.0,0.0,0.0,0.0,0.0,0.0,0.0,0.0,3.8,9.7,299.0,1009.6,1009.6,2.7,5.2
2024-04-14 19:40:16+02:00,13.8,13.8,11.2,2.8,48.0,23.1,85.0,9.5,0.0,0.0,0.0,0.0,0.0,0.0,0.0,0.0,5.3,8.6,291.0,1009.7,1009.7,2.7,5.2
2024-04-14 19:44:32+02:00,13.7,13.7,11.4,2.9,48.0,23.0,85.0,8.6,0.0,0.0,0.0,0.0,0.0,0.0,0.0,0.0,4.1,9.4,284.0,1009.6,1009.6,2.7,5.2
2024-04-14 19:50:56+02:00,13.7,13.7,11.2,2.9,48.0,22.9,85.0,7.2,0.0,0.0,0.0,0.0,0.0,0.0,0.0,0.0,4.9,8.6,302.0,1009.5,1009.5,2.7,5.2
2024-04-14 19:55:12+02:00,13.6,13.6,11.6,2.8,48.0,22.8,85.0,5.5,0.0,0.0,0.0,0.0,0.0,0.0,0.0,0.0,2.3,8.6,335.0,1009.3,1009.3,2.7,5.2
2024-04-14 19:59:28+02:00,13.6,13.6,11.3,2.8,48.0,22.7,85.0,4.6,0.0,0.0,0.0,0.0,0.0,0.0,0.0,0.0,4.0,8.3,269.0,1009.3,1009.3,2.7,5.2
2024-04-14 20:05:52+02:00,13.6,13.6,11.1,2.9,48.0,22.5,85.0,3.8,0.0,0.0,0.0,0.0,0.0,0.0,0.0,0.0,5.0,11.5,291.0,1009.4,1009.4,2.7,5.2
2024-04-14 20:10:08+02:00,13.4,13.4,11.1,3.0,49.0,22.4,85.0,2.8,0.0,0.0,0.0,0.0,0.0,0.0,0.0,0.0,4.2,10.8,291.0,1009.3,1009.3,2.7,5.2
2024-04-14 20:14:24+02:00,13.3,13.3,11.2,2.9,49.0,22.3,85.0,2.4,0.0,0.0,0.0,0.0,0.0,0.0,0.0,0.0,3.0,8.6,295.0,1009.4,1009.4,2.7,5.2
2024-04-14 20:20:48+02:00,13.3,13.3,11.5,3.0,50.0,22.2,85.0,1.7,0.0,0.0,0.0,0.0,0.0,0.0,0.0,0.0,1.3,5.8,324.0,1009.2,1009.2,2.7,5.2
2024-04-14 20:25:04+02:00,13.2,13.2,10.9,3.3,51.0,22.1,85.0,1.2,0.0,0.0,0.0,0.0,0.0,0.0,0.0,0.0,4.0,6.8,327.0,1009.3,1009.3,2.7,5.2
2024-04-14 20:29:20+02:00,13.0,13.0,11.0,3.1,51.0,22.0,85.0,0.8,0.0,0.0,0.0,0.0,0.0,0.0,0.0,0.0,2.7,6.8,286.0,1009.1,1009.1,2.7,5.2
2024-04-14 20:35:44+02:00,13.1,13.1,11.4,3.1,51.0,21.9,85.0,0.5,0.0,0.0,0.0,0.0,0.0,0.0,0.0,0.0,1.2,4.3,333.0,1009.2,1009.2,2.7,5.2
2024-04-14 20:40:00+02:00,12.9,12.9,11.5,3.5,53.0,21.8,85.0,0.2,0.0,0.0,0.0,0.0,0.0,0.0,0.0,0.0,0.0,2.5,333.0,1009.0,1009.0,2.7,5.2
2024-04-14 20:44:16+02:00,12.8,12.8,11.4,3.5,53.0,21.7,85.0,0.1,0.0,0.0,0.0,0.0,0.0,0.0,0.0,0.0,0.0,2.2,336.0,1009.1,1009.1,2.7,5.2
2024-04-14 20:50:40+02:00,12.8,12.8,10.6,3.1,52.0,21.6,85.0,0.0,0.0,0.0,0.0,0.0,0.0,0.0,0.0,0.0,3.9,10.1,299.0,1009.1,1009.1,2.7,5.2
2024-04-14 20:54:56+02:00,12.9,12.9,10.7,2.9,51.0,21.5,85.0,0.0,0.0,0.0,0.0,0.0,0.0,0.0,0.0,0.0,3.7,5.8,286.0,1009.0,1009.0,2.7,5.1
2024-04-14 20:59:12+02:00,12.9,12.9,11.1,3.0,51.0,21.4,85.0,0.0,0.0,0.0,0.0,0.0,0.0,0.0,0.0,0.0,1.4,5.4,308.0,1008.8,1008.8,2.7,5.1
2024-04-14 21:05:36+02:00,12.8,12.8,10.8,2.7,50.0,21.3,85.0,0.0,0.0,0.0,0.0,0.0,0.0,0.0,0.0,0.0,2.6,6.8,342.0,1008.8,1008.8,2.7,5.1
2024-04-14 21:09:52+02:00,12.8,12.8,11.3,3.1,52.0,21.2,85.0,0.0,0.0,0.0,0.0,0.0,0.0,0.0,0.0,0.0,0.5,6.5,1.0,1008.9,1008.9,2.7,5.1
2024-04-14 21:14:08+02:00,12.7,12.7,11.1,3.1,52.0,21.2,85.0,0.0,0.0,0.0,0.0,0.0,0.0,0.0,0.0,0.0,0.5,3.2,29.0,1008.9,1008.9,2.7,5.1
2024-04-14 21:20:32+02:00,12.7,12.7,11.1,3.1,52.0,21.1,85.0,0.0,0.0,0.0,0.0,0.0,0.0,0.0,0.0,0.0,0.4,2.5,62.0,1008.8,1008.8,2.7,5.1
2024-04-14 21:24:48+02:00,12.5,12.5,10.7,4.0,56.0,21.0,85.0,0.0,0.0,0.0,0.0,0.0,0.0,0.0,0.0,0.0,2.4,3.6,115.0,1008.7,1008.7,2.7,5.1
2024-04-14 21:29:04+02:00,12.2,12.2,10.6,4.2,58.0,20.9,85.0,0.0,0.0,0.0,0.0,0.0,0.0,0.0,0.0,0.0,1.2,2.5,117.0,1008.6,1008.6,2.7,5.1
2024-04-14 21:35:28+02:00,12.0,12.0,10.7,4.4,60.0,20.8,85.0,0.0,0.0,0.0,0.0,0.0,0.0,0.0,0.0,0.0,0.4,2.5,95.0,1008.5,1008.5,2.7,5.1
2024-04-14 21:39:44+02:00,11.9,11.9,10.4,4.4,60.0,20.7,85.0,0.0,0.0,0.0,0.0,0.0,0.0,0.0,0.0,0.0,1.2,2.2,75.0,1008.5,1008.5,2.7,5.1
2024-04-14 21:44:00+02:00,11.9,11.9,10.4,4.8,62.0,20.7,85.0,0.0,0.0,0.0,0.0,0.0,0.0,0.0,0.0,0.0,1.7,4.0,107.0,1008.3,1008.3,2.7,5.1
2024-04-14 21:50:24+02:00,11.7,11.7,10.4,4.8,63.0,20.5,85.0,0.0,0.0,0.0,0.0,0.0,0.0,0.0,0.0,0.0,0.8,2.5,100.0,1008.4,1008.4,2.7,5.1
2024-04-14 21:54:40+02:00,11.7,11.7,9.9,4.6,62.0,20.5,85.0,0.0,0.0,0.0,0.0,0.0,0.0,0.0,0.0,0.0,2.7,3.6,110.0,1008.3,1008.3,2.7,5.1
2024-04-14 22:01:04+02:00,11.6,11.6,9.9,5.3,65.0,20.4,85.0,0.0,0.0,0.0,0.0,0.0,0.0,0.0,0.0,0.0,3.6,4.7,100.0,1008.1,1008.1,2.7,5.1
2024-04-14 22:05:20+02:00,11.7,11.7,10.2,4.7,62.0,20.3,85.0,0.0,0.0,0.0,0.0,0.0,0.0,0.0,0.0,0.0,1.4,4.0,275.0,1008.1,1008.1,2.7,5.1
2024-04-14 22:09:36+02:00,11.6,11.6,10.2,4.3,61.0,20.2,85.0,0.0,0.0,0.0,0.0,0.0,0.0,0.0,0.0,0.0,0.9,3.6,8.0,1008.3,1008.3,2.7,5.1
2024-04-14 22:16:00+02:00,11.8,11.8,9.9,4.1,60.0,20.2,85.0,0.0,0.0,0.0,0.0,0.0,0.0,0.0,0.0,0.0,2.9,3.6,100.0,1008.1,1008.1,2.7,5.1
2024-04-14 22:20:16+02:00,11.7,11.7,10.5,4.8,63.0,20.1,85.0,0.0,0.0,0.0,0.0,0.0,0.0,0.0,0.0,0.0,0.0,2.9,97.0,1008.2,1008.2,2.7,5.1
2024-04-14 22:24:32+02:00,11.6,11.6,10.4,4.7,63.0,20.0,85.0,0.0,0.0,0.0,0.0,0.0,0.0,0.0,0.0,0.0,0.0,1.8,224.0,1008.2,1008.2,2.7,5.1
2024-04-14 22:30:56+02:00,11.6,11.6,10.2,4.5,62.0,19.9,85.0,0.0,0.0,0.0,0.0,0.0,0.0,0.0,0.0,0.0,0.9,2.9,112.0,1008.1,1008.1,2.7,5.1
2024-04-14 22:35:12+02:00,11.6,11.6,10.4,4.9,63.0,19.9,85.0,0.0,0.0,0.0,0.0,0.0,0.0,0.0,0.0,0.0,0.4,2.2,99.0,1008.1,1008.1,2.7,5.1
2024-04-14 22:39:28+02:00,11.5,11.5,10.3,5.0,64.0,19.8,85.0,0.0,0.0,0.0,0.0,0.0,0.0,0.0,0.0,0.0,0.0,2.5,108.0,1008.1,1008.1,2.7,5.1
2024-04-14 22:45:52+02:00,11.4,11.4,10.1,5.5,67.0,19.7,85.0,0.0,0.0,0.0,0.0,0.0,0.0,0.0,0.0,0.0,1.6,2.5,96.0,1008.2,1008.2,2.7,5.0
2024-04-14 22:50:08+02:00,11.3,11.3,10.2,5.4,67.0,19.7,85.0,0.0,0.0,0.0,0.0,0.0,0.0,0.0,0.0,0.0,0.8,2.5,110.0,1008.0,1008.0,2.7,5.0
2024-04-14 22:54:24+02:00,11.3,11.3,10.2,5.3,67.0,19.6,85.0,0.0,0.0,0.0,0.0,0.0,0.0,0.0,0.0,0.0,0.4,2.5,24.0,1007.9,1007.9,2.7,5.0
2024-04-14 23:00:48+02:00,11.5,11.5,10.6,6.0,69.0,19.5,85.0,0.0,0.0,0.0,0.0,0.0,0.0,0.0,0.0,0.0,0.0,2.5,75.0,1007.9,1007.9,2.7,5.0
2024-04-14 23:05:04+02:00,11.3,11.3,10.2,5.2,66.0,19.5,85.0,0.0,0.0,0.0,0.0,0.0,0.0,0.0,0.0,0.0,0.0,2.2,76.0,1007.7,1007.7,2.7,5.0
2024-04-14 23:09:20+02:00,11.3,11.3,10.0,5.4,67.0,19.4,85.0,0.0,0.0,0.6,0.1,0.1,0.1,0.1,0.1,0.1,1.4,2.5,87.0,1007.6,1007.6,2.7,5.0
2024-04-14 23:15:44+02:00,11.2,11.2,10.1,6.2,72.0,19.3,85.0,0.0,0.0,0.6,0.1,0.1,0.1,0.1,0.1,0.1,1.0,2.9,119.0,1007.6,1007.6,2.7,5.0
2024-04-14 23:20:00+02:00,11.1,11.1,9.8,6.2,72.0,19.3,85.0,0.0,0.0,0.6,0.1,0.1,0.1,0.1,0.1,0.1,2.3,4.7,90.0,1007.5,1007.5,2.7,5.0
2024-04-14 23:24:16+02:00,11.0,11.0,9.6,6.4,73.0,19.2,85.0,0.0,0.0,0.0,0.1,0.1,0.1,0.1,0.1,0.1,2.7,5.4,118.0,1007.7,1007.7,2.7,5.0
2024-04-14 23:30:40+02:00,11.2,11.2,9.7,6.3,72.0,19.2,85.0,0.0,0.0,0.0,0.1,0.1,0.1,0.1,0.1,0.1,3.0,5.4,96.0,1007.6,1007.6,2.7,5.0
2024-04-14 23:34:56+02:00,10.9,10.9,9.9,6.4,73.0,19.1,85.0,0.0,0.0,0.0,0.1,0.1,0.1,0.1,0.1,0.1,0.9,3.2,130.0,1007.6,1007.6,2.7,5.0
2024-04-14 23:39:12+02:00,11.1,11.1,9.6,5.9,70.0,19.0,85.0,0.0,0.0,0.0,0.1,0.1,0.1,0.1,0.1,0.1,3.0,6.8,49.0,1007.5,1007.5,2.7,5.0
2024-04-14 23:45:36+02:00,11.3,11.3,10.3,6.3,72.0,19.0,85.0,0.0,0.0,0.0,0.1,0.1,0.1,0.1,0.1,0.1,0.8,4.0,79.0,1007.5,1007.5,2.7,4.9
2024-04-14 23:49:52+02:00,11.1,11.1,9.8,6.2,72.0,18.9,85.0,0.0,0.0,0.0,0.1,0.1,0.1,0.1,0.1,0.1,2.4,4.0,96.0,1007.4,1007.4,2.7,4.9
2024-04-14 23:54:08+02:00,11.1,11.1,9.5,6.3,72.0,18.8,85.0,0.0,0.0,1.2,0.3,0.3,0.3,0.3,0.3,0.3,3.6,4.3,84.0,1007.4,1007.4,2.7,4.9
2024-04-15 00:00:32+02:00,11.0,11.0,9.6,6.9,76.0,18.7,85.0,0.0,0.0,1.2,0.0,0.3,0.3,0.3,0.3,0.3,3.1,4.7,94.0,1007.2,1007.2,2.7,4.9
2024-04-15 00:04:48+02:00,10.7,10.7,9.4,7.3,79.0,18.7,85.0,0.0,0.0,0.6,0.0,0.3,0.3,0.3,0.3,0.3,3.5,5.0,122.0,1007.4,1007.4,2.7,4.9
2024-04-15 00:09:04+02:00,10.5,10.5,9.2,7.3,80.0,18.6,85.0,0.0,0.0,0.6,0.1,0.4,0.3,0.4,0.4,0.4,3.6,5.0,86.0,1007.3,1007.3,2.7,4.9
2024-04-15 00:15:28+02:00,10.4,10.4,9.1,7.0,79.0,18.5,85.0,0.0,0.0,0.6,0.1,0.4,0.3,0.4,0.4,0.4,3.2,4.3,90.0,1007.3,1007.3,2.7,4.9
2024-04-15 00:19:44+02:00,10.3,10.3,9.1,7.3,82.0,18.4,85.0,0.0,0.0,0.6,0.1,0.4,0.3,0.4,0.4,0.4,3.0,4.0,118.0,1007.3,1007.3,2.7,4.9
2024-04-15 00:24:00+02:00,10.1,10.1,8.6,7.3,83.0,18.4,85.0,0.0,0.0,0.0,0.1,0.4,0.3,0.4,0.4,0.4,4.2,5.8,101.0,1007.1,1007.1,2.7,4.8
2024-04-15 00:30:24+02:00,10.2,10.2,9.1,7.2,82.0,18.3,85.0,0.0,0.0,0.0,0.1,0.4,0.3,0.4,0.4,0.4,2.1,4.3,93.0,1007.2,1007.2,2.7,4.8
2024-04-15 00:34:40+02:00,10.1,10.1,9.4,7.5,84.0,18.2,85.0,0.0,0.0,0.0,0.1,0.4,0.3,0.4,0.4,0.4,0.8,3.2,105.0,1007.2,1007.2,2.7,4.8
2024-04-15 00:38:56+02:00,10.0,10.0,9.2,7.4,84.0,18.2,85.0,0.0,0.0,0.6,0.2,0.5,0.4,0.5,0.5,0.5,0.9,3.2,108.0,1007.2,1007.2,2.7,4.8
2024-04-15 00:45:20+02:00,9.9,9.9,8.9,7.3,84.0,18.2,85.0,0.0,0.0,0.6,0.2,0.5,0.4,0.5,0.5,0.5,2.2,3.2,98.0,1007.2,1007.2,2.7,4.8
2024-04-15 00:49:36+02:00,9.8,9.8,8.5,6.8,82.0,18.1,85.0,0.0,0.0,0.6,0.3,0.6,0.4,0.6,0.6,0.6,3.3,4.7,85.0,1007.2,1007.2,2.7,4.8
2024-04-15 00:56:00+02:00,9.8,9.8,8.5,7.0,82.0,18.0,85.0,0.0,0.0,0.6,0.3,0.6,0.3,0.6,0.6,0.6,3.3,5.0,91.0,1007.0,1007.0,2.7,4.8
2024-04-15 01:00:16+02:00,9.7,9.7,8.6,6.8,82.0,17.9,85.0,0.0,0.0,0.6,0.3,0.6,0.3,0.6,0.6,0.6,1.9,4.0,102.0,1007.0,1007.0,2.7,4.8
2024-04-15 01:04:32+02:00,9.7,9.7,8.8,6.9,83.0,17.9,85.0,0.0,0.0,0.0,0.3,0.6,0.3,0.6,0.6,0.6,0.7,3.2,103.0,1007.1,1007.1,2.7,4.7
2024-04-15 01:10:56+02:00,9.5,9.5,8.6,7.1,85.0,17.8,85.0,0.0,0.0,0.0,0.3,0.6,0.2,0.6,0.6,0.6,1.4,2.9,123.0,1007.0,1007.0,2.7,4.7
2024-04-15 01:15:12+02:00,9.4,9.4,8.7,7.0,85.0,17.8,85.0,0.0,0.0,0.0,0.3,0.6,0.2,0.6,0.6,0.6,0.0,2.5,124.0,1007.2,1007.2,2.7,4.7
2024-04-15 01:19:28+02:00,9.4,9.4,8.8,7.4,87.0,17.7,85.0,0.0,0.0,0.0,0.3,0.6,0.2,0.6,0.6,0.6,0.0,2.2,318.0,1006.9,1006.9,2.7,4.7
2024-04-15 01:25:52+02:00,9.3,9.3,8.4,7.7,90.0,17.7,85.0,0.0,0.0,0.0,0.3,0.6,0.2,0.6,0.6,0.6,2.2,3.6,290.0,1007.2,1007.2,2.7,4.7
2024-04-15 01:30:08+02:00,9.2,9.2,7.9,7.6,90.0,17.6,85.0,0.0,0.0,0.0,0.3,0.6,0.2,0.6,0.6,0.6,4.1,5.8,295.0,1007.1,1007.1,2.7,4.7
2024-04-15 01:34:24+02:00,9.3,8.9,7.7,7.5,88.0,17.5,85.0,0.0,0.0,0.6,0.4,0.7,0.2,0.7,0.7,0.7,5.8,14.4,282.0,1007.1,1007.1,2.7,4.7
2024-04-15 01:40:48+02:00,9.2,8.5,7.3,7.2,87.0,17.4,85.0,0.0,0.0,0.6,0.4,0.7,0.2,0.7,0.7,0.7,6.8,13.7,289.0,1007.0,1007.0,2.7,4.7
2024-04-15 01:45:04+02:00,9.1,8.9,7.7,7.3,89.0,17.3,85.0,0.0,0.0,0.6,0.4,0.7,0.2,0.7,0.7,0.7,3.7,10.1,326.0,1007.0,1007.0,2.7,4.7
2024-04-15 01:49:20+02:00,8.9,7.8,6.6,7.0,88.0,17.2,85.0,0.0,0.0,0.6,0.5,0.8,0.2,0.8,0.8,0.8,8.5,16.6,308.0,1007.0,1007.0,2.7,4.7
2024-04-15 01:55:44+02:00,8.8,8.8,7.8,6.8,87.0,17.1,85.0,0.0,0.0,0.6,0.5,0.8,0.2,0.8,0.8,0.8,1.7,11.5,299.0,1006.8,1006.8,2.7,4.6
2024-04-15 02:00:00+02:00,8.8,8.8,7.9,6.9,88.0,17.0,85.0,0.0,0.0,0.6,0.6,0.9,0.3,0.9,0.9,0.9,0.9,6.1,75.0,1006.7,1006.7,2.7,4.6
2024-04-15 02:04:16+02:00,8.7,8.7,7.6,7.0,89.0,17.0,85.0,0.0,0.0,0.6,0.6,0.9,0.3,0.9,0.9,0.9,1.9,4.7,36.0,1006.6,1006.6,2.7,4.6
2024-04-15 02:10:40+02:00,8.6,8.6,7.6,7.0,90.0,16.9,85.0,0.0,0.0,0.6,0.7,1.0,0.4,1.0,1.0,1.0,1.6,5.8,107.0,1006.5,1006.5,2.7,4.6
2024-04-15 02:14:56+02:00,8.6,8.3,7.1,7.0,90.0,16.8,85.0,0.0,0.0,1.2,0.8,1.1,0.5,1.1,1.1,1.1,4.1,8.6,123.0,1006.3,1006.3,2.7,4.5
2024-04-15 02:19:12+02:00,8.5,8.4,7.1,6.8,89.0,16.7,85.0,0.0,0.0,0.6,0.8,1.1,0.5,1.1,1.1,1.1,3.3,9.0,110.0,1006.3,1006.3,2.7,4.5
2024-04-15 02:25:36+02:00,8.6,8.1,7.0,7.0,90.0,16.7,85.0,0.0,0.0,0.6,0.9,1.2,0.6,1.2,1.2,1.2,4.4,10.8,31.0,1006.1,1006.1,2.7,4.5
2024-04-15 02:29:52+02:00,8.5,8.5,7.2,7.2,91.0,16.7,85.0,0.0,0.0,0.6,0.9,1.2,0.6,1.2,1.2,1.2,3.4,6.1,104.0,1006.0,1006.0,2.7,4.5
2024-04-15 02:34:08+02:00,8.5,8.0,6.9,7.1,91.0,16.6,85.0,0.0,0.0,0.6,0.9,1.2,0.5,1.2,1.2,1.2,4.7,8.6,133.0,1005.9,1005.9,2.68,4.5
2024-04-15 02:40:32+02:00,8.5,8.4,7.2,7.2,92.0,16.5,85.0,0.0,0.0,0.0,0.9,1.2,0.5,1.2,1.2,1.2,3.1,8.3,90.0,1005.8,1005.8,2.68,4.5
2024-04-15 02:44:48+02:00,8.4,8.2,7.1,7.2,92.0,16.5,85.0,0.0,0.0,0.0,0.9,1.2,0.5,1.2,1.2,1.2,3.5,7.6,59.0,1005.6,1005.6,2.7,4.5
2024-04-15 02:49:04+02:00,8.3,7.1,6.1,7.1,92.0,16.3,85.0,0.0,0.0,0.0,0.9,1.2,0.4,1.2,1.2,1.2,8.2,12.2,74.0,1005.6,1005.6,2.7,4.5
2024-04-15 02:55:28+02:00,8.3,8.0,6.8,7.2,92.0,16.3,85.0,0.0,0.0,0.0,0.9,1.2,0.4,1.2,1.2,1.2,4.8,7.2,23.0,1005.4,1005.4,2.72,4.4
2024-04-15 02:59:44+02:00,8.3,8.0,6.7,7.2,93.0,16.2,85.0,0.0,0.0,0.0,0.9,1.2,0.3,1.2,1.2,1.2,4.5,7.6,58.0,1005.5,1005.5,2.72,4.4
2024-04-15 03:04:00+02:00,8.2,8.1,6.6,7.2,93.0,16.2,85.0,0.0,0.0,0.0,0.9,1.2,0.3,1.2,1.2,1.2,4.8,7.6,103.0,1005.4,1005.4,2.7,4.4
2024-04-15 03:10:24+02:00,8.2,8.2,6.9,7.2,93.0,16.1,85.0,0.0,0.0,0.0,0.9,1.2,0.2,1.2,1.2,1.2,3.4,7.9,122.0,1005.4,1005.4,2.7,4.4
2024-04-15 03:14:40+02:00,8.2,8.2,6.8,7.3,94.0,16.1,85.0,0.0,0.0,0.0,0.9,1.2,0.1,1.2,1.2,1.2,3.7,5.8,104.0,1005.1,1005.1,2.7,4.5
2024-04-15 03:21:04+02:00,8.2,7.9,6.6,7.3,94.0,16.0,85.0,0.0,0.0,0.0,0.9,1.2,0.1,1.2,1.2,1.2,4.8,9.0,109.0,1005.0,1005.0,2.7,4.5
2024-04-15 03:25:20+02:00,8.1,7.1,6.1,7.2,94.0,15.9,84.0,0.0,0.0,0.0,0.9,1.2,0.0,1.2,1.2,1.2,7.1,10.4,123.0,1005.0,1005.0,2.72,4.4
2024-04-15 03:29:36+02:00,8.1,7.1,6.1,7.1,93.0,15.9,84.0,0.0,0.0,0.0,0.9,1.2,0.0,1.2,1.2,1.2,6.8,10.4,147.0,1004.9,1004.9,2.72,4.4
2024-04-15 03:36:00+02:00,8.2,7.3,6.3,7.1,93.0,15.8,84.0,0.0,0.0,0.0,0.9,1.2,0.0,1.2,1.2,1.2,6.6,10.1,111.0,1004.8,1004.8,2.7,4.4
2024-04-15 03:40:16+02:00,8.2,7.8,6.6,7.2,93.0,15.7,84.0,0.0,0.0,0.0,0.9,1.2,0.0,1.2,1.2,1.2,4.8,9.4,125.0,1004.8,1004.8,2.7,4.4
2024-04-15 03:44:32+02:00,8.3,7.3,6.3,7.2,93.0,15.7,84.0,0.0,0.0,0.0,0.9,1.2,0.0,1.2,1.2,1.2,6.7,9.7,119.0,1004.7,1004.7,2.7,4.4
2024-04-15 03:50:56+02:00,8.4,7.2,6.1,7.2,92.0,15.6,84.0,0.0,0.0,0.0,0.9,1.2,0.0,1.2,1.2,1.2,8.4,13.3,125.0,1004.5,1004.5,2.7,4.4
2024-04-15 03:55:12+02:00,8.3,7.7,6.6,7.1,92.0,15.6,84.0,0.0,0.0,0.0,0.9,1.2,0.0,1.2,1.2,1.2,5.5,15.5,122.0,1004.5,1004.5,2.72,4.4
2024-04-15 03:59:28+02:00,8.2,7.9,6.8,7.1,93.0,15.5,84.0,0.0,0.0,0.0,0.9,1.2,0.0,1.2,1.2,1.2,3.7,7.2,90.0,1004.5,1004.5,2.72,4.4
2024-04-15 04:05:52+02:00,8.2,7.7,6.6,7.2,93.0,15.4,84.0,0.0,0.0,0.0,0.9,1.2,0.0,1.2,1.2,1.2,4.8,13.3,105.0,1004.3,1004.3,2.7,4.4
2024-04-15 04:10:08+02:00,8.2,8.0,6.8,7.2,93.0,15.4,84.0,0.0,0.0,0.0,0.9,1.2,0.0,1.2,1.2,1.2,4.0,6.8,128.0,1004.2,1004.2,2.7,4.4
2024-04-15 04:14:24+02:00,8.1,7.4,6.3,7.2,94.0,15.3,84.0,0.0,0.0,0.0,0.9,1.2,0.0,1.2,1.2,1.2,6.0,9.4,96.0,1004.2,1004.2,2.72,4.4
2024-04-15 04:20:48+02:00,8.1,7.7,6.5,7.2,94.0,15.3,84.0,0.0,0.0,0.0,0.9,1.2,0.0,1.2,1.2,1.2,4.7,8.3,47.0,1004.1,1004.1,2.71,4.4
2024-04-15 04:25:04+02:00,8.1,7.2,6.2,7.2,94.0,15.3,84.0,0.0,0.0,0.0,0.9,1.2,0.0,1.2,1.2,1.2,6.2,9.4,36.0,1004.1,1004.1,2.7,4.4
2024-04-15 04:29:20+02:00,8.0,7.3,6.2,7.1,94.0,15.2,84.0,0.0,0.0,0.0,0.9,1.2,0.0,1.2,1.2,1.2,5.9,10.1,87.0,1004.1,1004.1,2.7,4.4
2024-04-15 04:35:44+02:00,8.1,7.6,6.4,7.2,94.0,15.1,84.0,0.0,0.0,0.0,0.9,1.2,0.0,1.2,1.2,1.2,5.3,7.9,148.0,1004.0,1004.0,2.7,4.4
2024-04-15 04:40:00+02:00,8.2,7.4,6.4,7.3,94.0,15.1,84.0,0.0,0.0,0.0,0.9,1.2,0.0,1.2,1.2,1.2,5.7,9.7,111.0,1004.1,1004.1,2.7,4.4
2024-04-15 04:44:16+02:00,8.3,8.1,7.0,7.4,94.0,15.0,84.0,0.0,0.0,0.0,0.9,1.2,0.0,1.2,1.2,1.2,3.6,7.2,123.0,1004.1,1004.1,2.7,4.4
2024-04-15 04:50:40+02:00,8.2,7.9,6.7,7.3,94.0,15.0,84.0,0.0,0.0,0.0,0.9,1.2,0.0,1.2,1.2,1.2,4.5,9.7,123.0,1004.1,1004.1,2.7,4.4
2024-04-15 04:54:56+02:00,8.2,7.0,5.9,7.3,94.0,14.9,84.0,0.0,0.0,0.0,0.9,1.2,0.0,1.2,1.2,1.2,8.3,13.7,130.0,1004.1,1004.1,2.7,4.3
2024-04-15 04:59:12+02:00,8.2,7.9,6.7,7.3,94.0,14.9,84.0,0.0,0.0,0.0,0.9,1.2,0.0,1.2,1.2,1.2,4.6,10.4,118.0,1004.0,1004.0,2.7,4.3
2024-04-15 05:05:36+02:00,8.1,7.1,6.1,7.2,94.0,14.8,84.0,0.0,0.0,0.0,0.9,1.2,0.0,1.2,1.2,1.2,7.0,11.9,103.0,1003.9,1003.9,2.7,4.3
2024-04-15 05:09:52+02:00,8.1,7.6,6.4,7.2,94.0,14.7,84.0,0.0,0.0,0.0,0.9,1.2,0.0,1.2,1.2,1.2,5.3,11.9,129.0,1003.8,1003.8,2.7,4.3
2024-04-15 05:14:08+02:00,8.1,7.3,6.2,7.2,94.0,14.7,84.0,0.0,0.0,0.0,0.9,1.2,0.0,1.2,1.2,1.2,6.3,10.8,128.0,1003.8,1003.8,2.7,4.3
2024-04-15 05:20:32+02:00,8.1,7.4,6.3,7.2,94.0,14.6,84.0,0.0,0.0,0.0,0.9,1.2,0.0,1.2,1.2,1.2,5.7,12.2,125.0,1003.7,1003.7,2.7,4.3
2024-04-15 05:24:48+02:00,8.2,7.2,6.2,7.3,94.0,14.6,84.0,0.0,0.0,0.0,0.9,1.2,0.0,1.2,1.2,1.2,7.0,11.5,131.0,1003.7,1003.7,2.7,4.3
2024-04-15 05:29:04+02:00,8.2,6.8,5.9,7.3,94.0,14.5,84.0,0.0,0.0,0.0,0.9,1.2,0.0,1.2,1.2,1.2,8.2,11.5,135.0,1003.8,1003.8,2.7,4.3
2024-04-15 05:35:28+02:00,8.1,7.5,6.3,7.2,94.0,14.5,84.0,0.0,0.0,0.0,0.9,1.2,0.0,1.2,1.2,1.2,5.8,9.7,137.0,1003.7,1003.7,2.7,4.3
2024-04-15 05:39:44+02:00,8.0,7.1,6.1,7.1,94.0,14.4,84.0,0.0,0.0,0.0,0.9,1.2,0.0,1.2,1.2,1.2,6.3,11.5,110.0,1003.5,1003.5,2.7,4.3
2024-04-15 05:44:00+02:00,8.0,7.7,6.4,7.1,94.0,14.4,84.0,0.0,0.0,0.0,0.9,1.2,0.0,1.2,1.2,1.2,4.8,11.9,142.0,1003.5,1003.5,2.7,4.3
2024-04-15 05:50:24+02:00,8.0,6.8,5.9,7.1,94.0,14.3,84.0,0.0,0.0,0.0,0.9,1.2,0.0,1.2,1.2,1.2,7.2,13.7,128.0,1003.4,1003.4,2.7,4.3
2024-04-15 05:54:40+02:00,8.0,7.6,6.2,7.0,93.0,14.3,84.0,0.0,0.0,0.0,0.9,1.2,0.0,1.2,1.2,1.2,5.3,13.7,126.0,1003.4,1003.4,2.7,4.3
2024-04-15 05:58:56+02:00,8.0,7.5,6.3,6.9,93.0,14.2,84.0,0.0,0.0,0.0,0.9,1.2,0.0,1.2,1.2,1.2,5.0,10.8,117.0,1003.4,1003.4,2.7,4.3
2024-04-15 06:05:20+02:00,8.0,6.5,5.6,6.8,93.0,14.2,84.0,0.1,0.0,0.0,0.9,1.2,0.0,1.2,1.2,1.2,8.4,19.4,118.0,1003.4,1003.4,2.7,4.3
2024-04-15 06:09:36+02:00,7.9,6.8,5.7,6.7,92.0,14.1,84.0,0.2,0.0,0.0,0.9,1.2,0.0,1.2,1.2,1.2,7.7,14.8,127.0,1003.4,1003.4,2.7,4.3
2024-04-15 06:16:00+02:00,7.9,7.0,5.9,6.7,92.0,14.1,84.0,0.4,0.0,0.0,0.9,1.2,0.0,1.2,1.2,1.2,6.2,9.7,124.0,1003.4,1003.4,2.7,4.3
2024-04-15 06:20:16+02:00,7.9,7.5,6.2,6.7,92.0,14.0,84.0,0.8,0.0,0.0,0.9,1.2,0.0,1.2,1.2,1.2,4.7,9.4,117.0,1003.3,1003.3,2.7,4.3
2024-04-15 06:24:32+02:00,7.8,7.6,6.3,6.6,92.0,13.9,84.0,1.5,0.0,0.0,0.9,1.2,0.0,1.2,1.2,1.2,3.7,9.0,123.0,1003.2,1003.2,2.7,4.3
2024-04-15 06:30:56+02:00,7.8,7.2,6.0,6.5,91.0,13.9,84.0,2.6,0.0,0.0,0.9,1.2,0.0,1.2,1.2,1.2,5.1,12.2,101.0,1003.2,1003.2,2.7,4.3
2024-04-15 06:35:12+02:00,7.7,7.1,5.8,6.4,91.0,13.8,84.0,4.0,0.0,0.0,0.9,1.2,0.0,1.2,1.2,1.2,5.5,8.3,107.0,1003.2,1003.2,2.7,4.3
2024-04-15 06:39:28+02:00,7.8,7.3,6.0,6.3,90.0,13.8,84.0,5.8,0.0,0.0,0.9,1.2,0.0,1.2,1.2,1.2,4.8,8.3,110.0,1003.3,1003.3,2.7,4.3
2024-04-15 06:45:52+02:00,7.7,7.2,5.8,6.3,91.0,13.7,84.0,7.9,0.0,0.0,0.9,1.2,0.0,1.2,1.2,1.2,5.5,9.7,106.0,1003.2,1003.2,2.7,4.2
2024-04-15 06:50:08+02:00,7.6,6.8,5.7,6.3,92.0,13.7,84.0,9.9,0.0,0.0,0.9,1.2,0.0,1.2,1.2,1.2,5.8,10.1,122.0,1003.2,1003.2,2.7,4.2
2024-04-15 06:54:24+02:00,7.7,6.9,5.7,6.4,92.0,13.7,84.0,12.9,0.0,0.0,0.9,1.2,0.0,1.2,1.2,1.2,5.8,18.0,115.0,1003.0,1003.0,2.7,4.2
2024-04-15 07:00:48+02:00,7.7,6.6,5.5,6.4,91.0,13.6,84.0,16.3,0.0,0.0,0.9,1.2,0.0,1.2,1.2,1.2,7.1,16.6,117.0,1003.0,1003.0,2.7,4.2
2024-04-15 07:05:04+02:00,7.7,6.5,5.4,6.3,91.0,13.5,84.0,19.2,0.0,0.0,0.9,1.2,0.0,1.2,1.2,1.2,7.6,13.7,116.0,1002.9,1002.9,2.7,4.2
2024-04-15 07:09:20+02:00,7.7,6.5,5.4,6.3,91.0,13.5,84.0,23.8,0.0,0.0,0.9,1.2,0.0,1.2,1.2,1.2,7.4,14.0,119.0,1002.7,1002.7,2.7,4.2
2024-04-15 07:15:44+02:00,7.8,6.9,5.8,6.4,91.0,13.5,84.0,25.3,0.0,0.0,0.9,1.2,0.0,1.2,1.2,1.2,6.0,9.7,119.0,1002.8,1002.8,2.7,4.2
2024-04-15 07:20:00+02:00,7.8,6.4,5.4,6.4,91.0,13.4,84.0,26.8,0.0,0.0,0.9,1.2,0.0,1.2,1.2,1.2,8.1,11.5,122.0,1002.7,1002.7,2.7,4.2
2024-04-15 07:24:16+02:00,7.8,6.8,5.7,6.5,91.0,13.4,84.0,28.4,0.0,0.0,0.9,1.2,0.0,1.2,1.2,1.2,6.9,13.3,126.0,1002.7,1002.7,2.7,4.2
2024-04-15 07:30:40+02:00,7.9,7.3,6.1,6.4,90.0,13.4,84.0,28.9,0.0,0.0,0.9,1.2,0.0,1.2,1.2,1.2,5.2,10.4,113.0,1002.6,1002.6,2.7,4.2
2024-04-15 07:34:56+02:00,7.9,7.0,5.7,6.3,90.0,13.3,85.0,29.8,0.0,0.0,0.9,1.2,0.0,1.2,1.2,1.2,6.7,13.0,125.0,1002.4,1002.4,2.7,4.2
2024-04-15 07:39:12+02:00,7.9,7.3,6.0,6.3,90.0,13.3,85.0,33.3,0.0,0.0,0.9,1.2,0.0,1.2,1.2,1.2,5.7,15.5,131.0,1002.4,1002.4,2.7,4.2
2024-04-15 07:45:36+02:00,8.0,7.1,5.9,6.3,90.0,13.3,85.0,55.6,0.0,0.0,0.9,1.2,0.0,1.2,1.2,1.2,6.3,10.4,117.0,1002.2,1002.2,2.7,4.2
2024-04-15 07:49:52+02:00,8.1,7.5,6.1,6.3,89.0,13.3,85.0,67.4,0.0,0.0,0.9,1.2,0.0,1.2,1.2,1.2,5.8,15.5,124.0,1002.3,1002.3,2.7,4.2
2024-04-15 07:54:08+02:00,8.3,7.7,6.3,6.4,88.0,13.3,85.0,71.5,0.0,0.0,0.9,1.2,0.0,1.2,1.2,1.2,5.5,14.8,111.0,1002.3,1002.3,2.7,4.2
2024-04-15 08:00:32+02:00,8.4,7.4,6.1,6.2,86.0,13.3,85.0,85.5,0.0,0.0,0.9,1.2,0.0,1.2,1.2,1.2,7.3,15.8,138.0,1002.3,1002.3,2.7,4.2
2024-04-15 08:04:48+02:00,8.5,7.6,6.4,6.3,86.0,13.3,85.0,85.2,0.0,0.0,0.9,1.2,0.0,1.2,1.2,1.2,6.6,12.2,136.0,1002.3,1002.3,2.7,4.3
2024-04-15 08:09:04+02:00,8.5,7.6,6.4,6.2,86.0,13.3,85.0,69.1,0.0,0.0,0.9,1.2,0.0,1.2,1.2,1.2,6.4,11.5,139.0,1002.1,1002.1,2.7,4.3
2024-04-15 08:15:28+02:00,8.5,7.9,6.6,6.3,86.0,13.4,85.0,68.6,0.0,0.0,0.9,1.2,0.0,1.2,1.2,1.2,5.2,11.5,161.0,1002.0,1002.0,2.7,4.3
2024-04-15 08:19:44+02:00,8.4,6.8,5.6,6.1,85.0,13.4,85.0,65.1,0.0,0.0,0.9,1.2,0.0,1.2,1.2,1.2,9.9,19.1,122.0,1001.9,1001.9,2.7,4.3
2024-04-15 08:24:00+02:00,8.4,7.1,5.8,6.0,85.0,13.4,85.0,72.1,0.0,0.0,0.9,1.2,0.0,1.2,1.2,1.2,8.9,16.9,144.0,1001.9,1001.9,2.7,4.3
2024-04-15 08:30:24+02:00,8.4,7.0,5.9,6.0,85.0,13.4,85.0,75.5,0.0,0.0,0.9,1.2,0.0,1.2,1.2,1.2,8.3,15.8,133.0,1001.8,1001.8,2.7,4.3
2024-04-15 08:34:40+02:00,8.4,8.0,6.4,6.1,85.0,13.4,86.0,90.8,0.0,0.0,0.9,1.2,0.0,1.2,1.2,1.2,5.5,15.1,136.0,1001.9,1001.9,2.7,4.3
2024-04-15 08:41:04+02:00,8.4,7.3,5.8,6.0,85.0,13.5,86.0,119.1,1.0,0.0,0.9,1.2,0.0,1.2,1.2,1.2,8.4,21.6,127.0,1001.7,1001.7,2.7,4.3
2024-04-15 08:45:20+02:00,8.6,7.9,6.5,6.0,84.0,13.5,86.0,167.6,1.0,0.0,0.9,1.2,0.0,1.2,1.2,1.2,6.0,16.2,148.0,1001.7,1001.7,2.7,4.4
2024-04-15 08:49:36+02:00,8.8,7.9,6.5,6.2,84.0,13.6,86.0,136.9,1.0,0.0,0.9,1.2,0.0,1.2,1.2,1.2,7.5,14.8,129.0,1001.7,1001.7,2.7,4.4
2024-04-15 08:56:00+02:00,8.7,7.5,6.1,6.1,84.0,13.6,86.0,103.9,0.0,0.0,0.9,1.2,0.0,1.2,1.2,1.2,8.6,23.4,134.0,1001.7,1001.7,2.7,4.4
2024-04-15 09:00:16+02:00,8.7,7.6,6.4,6.3,85.0,13.7,86.0,101.0,0.0,0.0,0.9,1.2,0.0,1.2,1.2,1.2,7.3,17.3,125.0,1001.6,1001.6,2.7,4.4
2024-04-15 09:04:32+02:00,8.7,7.4,6.0,6.2,84.0,13.7,86.0,150.5,1.0,0.0,0.9,1.2,0.0,1.2,1.2,1.2,9.1,18.7,116.0,1001.5,1001.5,2.7,4.5
2024-04-15 09:10:56+02:00,8.8,7.6,6.3,6.2,83.0,13.8,87.0,198.3,1.0,0.0,0.9,1.2,0.0,1.2,1.2,1.2,8.4,14.4,130.0,1001.5,1001.5,2.7,4.5
2024-04-15 09:15:12+02:00,9.0,8.4,6.9,6.2,83.0,13.8,87.0,109.7,1.0,0.0,0.9,1.2,0.0,1.2,1.2,1.2,6.2,14.4,127.0,1001.4,1001.4,2.7,4.5
2024-04-15 09:19:28+02:00,8.9,7.9,6.4,6.1,83.0,14.0,87.0,186.8,1.0,0.0,0.9,1.2,0.0,1.2,1.2,1.2,8.4,17.6,151.0,1001.3,1001.3,2.7,4.5
2024-04-15 09:25:52+02:00,9.2,8.8,7.4,6.3,82.0,14.1,87.0,223.5,2.0,0.0,0.9,1.2,0.0,1.2,1.2,1.2,4.8,17.6,140.0,1001.3,1001.3,2.7,4.6
2024-04-15 09:30:08+02:00,9.4,8.7,7.3,6.2,80.0,14.2,87.0,209.2,1.0,0.0,0.9,1.2,0.0,1.2,1.2,1.2,6.7,15.5,153.0,1001.3,1001.3,2.7,4.6
2024-04-15 09:34:24+02:00,9.6,8.4,6.9,6.3,80.0,14.3,87.0,283.4,2.0,0.0,0.9,1.2,0.0,1.2,1.2,1.2,9.4,21.2,125.0,1001.2,1001.2,2.7,4.6
2024-04-15 09:40:48+02:00,9.5,8.4,6.8,6.1,79.0,14.5,87.0,223.9,2.0,0.0,0.9,1.2,0.0,1.2,1.2,1.2,9.1,20.9,108.0,1001.1,1001.1,2.7,4.6
2024-04-15 09:45:04+02:00,9.6,8.4,7.0,6.3,80.0,14.7,87.0,265.1,2.0,0.0,0.9,1.2,0.0,1.2,1.2,1.2,8.7,15.8,118.0,1001.0,1001.0,2.7,4.7
2024-04-15 09:49:20+02:00,9.9,8.2,6.7,6.2,78.0,14.9,87.0,281.2,2.0,0.0,0.9,1.2,0.0,1.2,1.2,1.2,11.7,22.0,133.0,1000.8,1000.8,2.7,4.7
2024-04-15 09:55:44+02:00,9.7,8.4,6.8,6.0,78.0,15.0,87.0,292.3,2.0,0.0,0.9,1.2,0.0,1.2,1.2,1.2,10.3,19.8,118.0,1000.7,1000.7,2.7,4.8
2024-04-15 10:00:00+02:00,9.8,8.3,6.8,6.0,78.0,15.2,87.0,234.2,2.0,0.0,0.9,1.2,0.0,1.2,1.2,1.2,10.7,25.2,128.0,1000.7,1000.7,2.7,4.8
2024-04-15 10:04:16+02:00,9.9,9.0,7.4,6.0,77.0,15.3,87.0,260.6,2.0,0.0,0.9,1.2,0.0,1.2,1.2,1.2,8.1,25.2,133.0,1000.5,1000.5,2.7,4.9
2024-04-15 10:10:40+02:00,10.0,9.3,7.6,5.9,75.0,15.5,87.0,268.9,2.0,0.0,0.9,1.2,0.0,1.2,1.2,1.2,7.6,20.2,138.0,1000.6,1000.6,2.7,4.9
2024-04-15 10:14:56+02:00,10.4,10.4,7.5,6.1,74.0,15.7,87.0,303.6,2.0,0.0,0.9,1.2,0.0,1.2,1.2,1.2,10.4,21.6,134.0,1000.6,1000.6,2.7,5.0
2024-04-15 10:19:12+02:00,10.5,10.5,7.4,6.0,74.0,15.9,87.0,319.5,2.0,0.0,0.9,1.2,0.0,1.2,1.2,1.2,11.0,23.4,131.0,1000.4,1000.4,2.7,5.0
2024-04-15 10:25:36+02:00,10.2,10.0,7.5,6.0,75.0,16.0,87.0,341.4,3.0,0.0,0.9,1.2,0.0,1.2,1.2,1.2,9.4,23.0,143.0,1000.5,1000.5,2.7,5.2
2024-04-15 10:29:52+02:00,10.5,10.5,7.3,5.9,73.0,16.1,87.0,282.6,2.0,0.0,0.9,1.2,0.0,1.2,1.2,1.2,11.9,21.2,118.0,1000.5,1000.5,2.7,5.2
2024-04-15 10:34:08+02:00,10.6,10.6,7.3,5.8,72.0,16.3,87.0,257.0,2.0,0.0,0.9,1.2,0.0,1.2,1.2,1.2,12.0,22.3,113.0,1000.1,1000.1,2.7,5.2
2024-04-15 10:40:32+02:00,10.7,10.7,8.0,5.2,69.0,16.4,87.0,233.5,2.0,0.0,0.9,1.2,0.0,1.2,1.2,1.2,8.3,20.5,134.0,1000.0,1000.0,2.7,5.2
2024-04-15 10:44:48+02:00,10.6,10.6,7.6,5.1,69.0,16.5,87.0,194.7,1.0,0.0,0.9,1.2,0.0,1.2,1.2,1.2,9.7,24.1,132.0,999.9,999.9,2.7,5.2
2024-04-15 10:49:04+02:00,10.6,10.6,8.3,5.4,70.0,16.5,87.0,191.4,1.0,0.0,0.9,1.2,0.0,1.2,1.2,1.2,6.3,27.4,145.0,999.9,999.9,2.7,5.2
2024-04-15 10:55:28+02:00,10.9,10.9,8.5,5.4,69.0,16.6,87.0,226.4,2.0,0.0,0.9,1.2,0.0,1.2,1.2,1.2,7.1,27.4,136.0,999.8,999.8,2.7,5.2
2024-04-15 10:59:44+02:00,10.8,10.8,7.9,5.4,69.0,16.6,87.0,191.7,1.0,0.0,0.9,1.2,0.0,1.2,1.2,1.2,9.6,22.7,129.0,999.9,999.9,2.7,5.2
2024-04-15 11:04:00+02:00,11.0,11.0,8.6,5.3,68.0,16.8,87.0,228.0,2.0,0.0,0.9,1.2,0.0,1.2,1.2,1.2,6.9,16.6,145.0,999.8,999.8,2.7,5.2
2024-04-15 11:10:24+02:00,11.2,11.2,8.1,5.5,68.0,16.9,87.0,356.9,3.0,0.0,0.9,1.2,0.0,1.2,1.2,1.2,10.7,19.4,131.0,999.6,999.6,2.7,5.2
2024-04-15 11:14:40+02:00,11.1,11.1,8.5,4.7,65.0,17.0,87.0,453.8,4.0,0.0,0.9,1.2,0.0,1.2,1.2,1.2,7.4,20.5,143.0,999.5,999.5,2.7,5.2
2024-04-15 11:18:56+02:00,11.4,11.4,8.8,4.3,62.0,17.2,87.0,424.1,3.0,0.0,0.9,1.2,0.0,1.2,1.2,1.2,7.1,19.4,148.0,999.4,999.4,2.7,5.2
2024-04-15 11:25:20+02:00,12.0,12.0,9.6,4.5,60.0,17.3,87.0,390.1,3.0,0.0,0.9,1.2,0.0,1.2,1.2,1.2,6.0,16.2,163.0,999.4,999.4,2.7,5.2
2024-04-15 11:29:36+02:00,12.1,12.1,8.9,4.6,60.0,17.5,87.0,309.2,2.0,0.0,0.9,1.2,0.0,1.2,1.2,1.2,10.2,24.1,145.0,999.1,999.1,2.7,5.2
2024-04-15 11:36:00+02:00,12.1,12.1,9.9,4.9,61.0,17.6,87.0,352.2,3.0,0.0,0.9,1.2,0.0,1.2,1.2,1.2,5.9,16.2,146.0,999.0,999.0,2.7,5.2
2024-04-15 11:40:16+02:00,12.2,12.2,10.0,4.7,60.0,17.7,87.0,378.8,3.0,0.0,0.9,1.2,0.0,1.2,1.2,1.2,5.0,13.0,158.0,999.0,999.0,2.7,5.2
2024-04-15 11:44:32+02:00,11.7,11.7,8.3,4.9,63.0,17.8,87.0,194.2,1.0,0.0,0.9,1.2,0.0,1.2,1.2,1.2,11.8,26.6,137.0,998.7,998.7,2.7,5.2
2024-04-15 11:50:56+02:00,11.5,11.5,8.5,4.9,64.0,17.8,87.0,204.3,1.0,0.0,0.9,1.2,0.0,1.2,1.2,1.2,9.9,23.4,143.0,998.7,998.7,2.7,5.2
2024-04-15 11:55:12+02:00,11.6,11.6,9.3,4.7,62.0,17.9,88.0,198.0,1.0,0.0,0.9,1.2,0.0,1.2,1.2,1.2,5.8,17.3,143.0,998.6,998.6,2.7,5.2
2024-04-15 11:59:28+02:00,11.6,11.6,8.4,4.8,63.0,17.9,88.0,191.6,1.0,0.0,0.9,1.2,0.0,1.2,1.2,1.2,10.1,21.6,136.0,998.4,998.4,2.7,5.2
2024-04-15 12:05:52+02:00,11.4,11.4,7.1,4.6,63.0,18.0,88.0,221.0,2.0,0.0,0.9,1.2,0.0,1.2,1.2,1.2,16.0,28.4,105.0,998.4,998.4,2.7,5.2
2024-04-15 12:10:08+02:00,11.7,11.7,9.7,4.8,62.0,18.0,88.0,365.4,3.0,0.0,0.9,1.2,0.0,1.2,1.2,1.2,4.2,17.3,119.0,998.2,998.2,2.7,5.2
2024-04-15 12:14:24+02:00,12.0,12.0,8.7,4.9,62.0,18.2,88.0,312.6,2.0,0.0,0.9,1.2,0.0,1.2,1.2,1.2,10.9,27.7,129.0,998.0,998.0,2.7,5.2
2024-04-15 12:20:48+02:00,11.9,11.9,8.8,4.5,60.0,18.2,87.0,605.8,5.0,0.0,0.9,1.2,0.0,1.2,1.2,1.2,9.5,21.6,154.0,998.0,998.0,2.7,5.2
2024-04-15 12:25:04+02:00,12.3,12.3,8.4,4.8,60.0,18.3,87.0,472.7,4.0,0.0,0.9,1.2,0.0,1.2,1.2,1.2,14.1,28.8,121.0,997.7,997.7,2.7,5.2
2024-04-15 12:29:20+02:00,12.1,12.1,8.4,4.5,60.0,18.4,87.0,318.3,2.0,0.0,0.9,1.2,0.0,1.2,1.2,1.2,12.5,27.7,138.0,997.8,997.8,2.7,5.2
2024-04-15 12:35:44+02:00,12.3,12.3,10.0,4.5,59.0,18.5,87.0,274.4,2.0,0.0,0.9,1.2,0.0,1.2,1.2,1.2,6.0,27.7,136.0,997.5,997.5,2.7,5.2
2024-04-15 12:40:00+02:00,12.6,12.6,8.8,4.6,58.0,18.6,87.0,565.1,5.0,0.0,0.9,1.2,0.0,1.2,1.2,1.2,13.1,31.7,139.0,997.4,997.4,2.7,5.2
2024-04-15 12:44:16+02:00,12.7,12.7,9.3,4.8,59.0,18.7,87.0,513.7,4.0,0.0,0.9,1.2,0.0,1.2,1.2,1.2,11.9,31.7,141.0,997.2,997.2,2.7,5.2
2024-04-15 12:50:40+02:00,12.9,12.9,9.2,4.9,58.0,18.8,87.0,587.1,5.0,0.0,0.9,1.2,0.0,1.2,1.2,1.2,13.2,30.2,129.0,997.1,997.1,2.7,5.2
2024-04-15 12:54:56+02:00,13.0,13.0,10.0,4.6,57.0,19.0,87.0,314.3,2.0,0.0,0.9,1.2,0.0,1.2,1.2,1.2,9.1,24.1,124.0,996.9,996.9,2.7,5.2
2024-04-15 12:59:12+02:00,13.1,13.1,9.4,4.2,55.0,19.1,87.0,462.5,4.0,0.0,0.9,1.2,0.0,1.2,1.2,1.2,12.4,27.7,137.0,996.8,996.8,2.7,5.2
2024-04-15 13:05:36+02:00,12.9,12.9,8.9,4.2,56.0,19.2,87.0,367.7,3.0,0.0,0.9,1.2,0.0,1.2,1.2,1.2,14.0,41.4,132.0,996.5,996.5,2.7,5.2
2024-04-15 13:09:52+02:00,12.5,12.5,8.3,4.3,57.0,19.3,87.0,297.3,2.0,0.0,0.9,1.2,0.0,1.2,1.2,1.2,15.3,41.4,130.0,996.5,996.5,2.7,5.2
2024-04-15 13:14:08+02:00,12.6,12.6,8.6,4.3,57.0,19.4,87.0,289.4,2.0,0.0,0.9,1.2,0.0,1.2,1.2,1.2,14.0,29.9,139.0,996.4,996.4,2.7,5.2
2024-04-15 13:20:32+02:00,12.7,12.7,9.1,3.9,55.0,19.4,87.0,242.1,2.0,0.0,0.9,1.2,0.0,1.2,1.2,1.2,11.7,19.4,139.0,996.1,996.1,2.7,5.2
2024-04-15 13:24:48+02:00,12.4,12.4,8.0,4.0,56.0,19.5,87.0,274.5,2.0,0.0,0.9,1.2,0.0,1.2,1.2,1.2,15.8,27.4,127.0,996.1,996.1,2.7,5.2
2024-04-15 13:29:04+02:00,12.6,12.6,8.0,3.9,55.0,19.5,87.0,330.5,3.0,0.0,0.9,1.2,0.0,1.2,1.2,1.2,16.8,31.0,136.0,995.8,995.8,2.7,5.2
2024-04-15 13:35:28+02:00,12.5,12.5,6.7,4.1,56.0,19.6,86.0,574.0,5.0,0.0,0.9,1.2,0.0,1.2,1.2,1.2,23.3,32.8,125.0,995.8,995.8,2.7,5.2
2024-04-15 13:39:44+02:00,12.6,12.6,9.7,3.9,55.0,19.6,86.0,294.0,2.0,0.0,0.9,1.2,0.0,1.2,1.2,1.2,8.4,32.8,128.0,995.6,995.6,2.7,5.2
2024-04-15 13:44:00+02:00,13.1,13.1,8.1,4.1,54.0,19.7,86.0,305.0,2.0,0.0,0.9,1.2,0.0,1.2,1.2,1.2,18.8,36.0,139.0,995.4,995.4,2.7,5.2
2024-04-15 13:50:24+02:00,12.9,12.9,7.8,4.2,56.0,19.7,86.0,358.3,3.0,0.0,0.9,1.2,0.0,1.2,1.2,1.2,19.4,37.4,130.0,995.3,995.3,2.7,5.2
2024-04-15 13:54:40+02:00,13.0,13.0,8.9,4.2,55.0,19.7,86.0,625.3,5.0,0.0,0.9,1.2,0.0,1.2,1.2,1.2,14.4,38.9,138.0,995.2,995.2,2.7,5.2
2024-04-15 14:01:04+02:00,13.2,13.2,8.8,4.3,55.0,19.8,86.0,517.4,4.0,0.0,0.9,1.2,0.0,1.2,1.2,1.2,16.1,29.2,129.0,994.8,994.8,2.7,5.2
2024-04-15 14:05:20+02:00,13.5,13.5,10.4,4.0,53.0,19.8,86.0,307.2,2.0,0.0,0.9,1.2,0.0,1.2,1.2,1.2,9.4,27.0,144.0,994.8,994.8,2.7,5.2
2024-04-15 14:09:36+02:00,13.3,13.3,9.0,4.3,55.0,19.8,86.0,283.7,2.0,0.0,0.9,1.2,0.0,1.2,1.2,1.2,15.4,35.6,132.0,994.5,994.5,2.7,5.2
2024-04-15 14:16:00+02:00,13.3,13.3,9.7,4.3,54.0,19.9,86.0,540.0,5.0,0.0,0.9,1.2,0.0,1.2,1.2,1.2,12.2,35.6,148.0,994.3,994.3,2.7,5.2
2024-04-15 14:20:16+02:00,13.3,13.3,9.2,4.2,54.0,20.0,86.0,229.2,2.0,0.0,0.9,1.2,0.0,1.2,1.2,1.2,14.5,32.4,133.0,994.1,994.1,2.7,5.2
2024-04-15 14:24:32+02:00,12.8,12.8,8.0,3.9,55.0,20.0,86.0,109.8,1.0,0.0,0.9,1.2,0.0,1.2,1.2,1.2,18.1,31.0,127.0,994.1,994.1,2.7,5.2
2024-04-15 14:30:56+02:00,12.6,12.6,8.1,3.9,55.0,20.0,86.0,97.8,0.0,0.0,0.9,1.2,0.0,1.2,1.2,1.2,16.4,33.1,124.0,994.1,994.1,2.7,5.2
2024-04-15 14:35:12+02:00,12.5,12.5,7.9,3.5,54.0,20.0,86.0,115.2,1.0,0.0,0.9,1.2,0.0,1.2,1.2,1.2,16.1,32.0,137.0,993.8,993.8,2.7,5.2
2024-04-15 14:39:28+02:00,12.3,12.3,8.2,3.7,55.0,20.0,86.0,84.5,0.0,0.0,0.9,1.2,0.0,1.2,1.2,1.2,14.0,33.1,127.0,993.7,993.7,2.7,5.2
2024-04-15 14:45:52+02:00,12.2,12.2,7.9,4.0,57.0,19.9,85.0,112.6,1.0,0.0,0.9,1.2,0.0,1.2,1.2,1.2,15.3,46.4,131.0,993.7,993.7,2.7,5.2
2024-04-15 14:50:08+02:00,12.0,12.0,7.8,4.6,61.0,19.8,85.0,86.7,0.0,0.0,0.9,1.2,0.0,1.2,1.2,1.2,15.0,30.2,120.0,993.5,993.5,2.7,5.2
2024-04-15 14:54:24+02:00,11.8,11.8,8.0,4.0,59.0,19.8,85.0,115.8,1.0,0.6,1.0,1.3,0.1,1.3,1.3,1.3,13.0,38.2,146.0,993.6,993.6,2.7,5.2
2024-04-15 15:00:48+02:00,11.8,11.8,8.6,4.1,59.0,19.7,85.0,110.1,1.0,0.6,1.0,1.3,0.1,1.3,1.3,1.3,9.9,24.1,136.0,993.4,993.4,2.7,5.2
2024-04-15 15:05:04+02:00,11.9,11.9,8.5,3.5,56.0,19.7,85.0,107.1,0.0,0.0,1.0,1.3,0.1,1.3,1.3,1.3,10.2,26.3,149.0,993.2,993.2,2.7,5.2
2024-04-15 15:09:20+02:00,11.9,11.9,8.0,3.8,57.0,19.6,85.0,87.2,0.0,0.0,1.0,1.3,0.1,1.3,1.3,1.3,13.3,28.4,137.0,993.2,993.2,2.7,5.2
2024-04-15 15:15:44+02:00,11.5,11.5,7.7,4.2,61.0,19.5,84.0,73.6,0.0,0.0,1.0,1.3,0.1,1.3,1.3,1.3,12.9,23.0,130.0,993.2,993.2,2.7,5.2
2024-04-15 15:20:00+02:00,11.3,11.3,7.7,4.4,63.0,19.4,84.0,58.5,0.0,0.0,1.0,1.3,0.1,1.3,1.3,1.3,12.0,36.0,138.0,993.1,993.1,2.7,5.2
2024-04-15 15:24:16+02:00,11.1,11.1,7.5,5.0,66.0,19.3,84.0,241.7,2.0,0.0,1.0,1.3,0.1,1.3,1.3,1.3,12.8,32.4,134.0,993.0,993.0,2.7,5.2
2024-04-15 15:30:40+02:00,11.1,11.1,7.9,5.4,68.0,19.3,84.0,231.1,2.0,0.6,1.1,1.4,0.2,1.4,1.4,1.4,11.1,27.0,131.0,992.7,992.7,2.7,5.2
2024-04-15 15:34:56+02:00,11.2,11.2,8.3,5.4,67.0,19.2,84.0,212.7,1.0,0.6,1.1,1.4,0.2,1.4,1.4,1.4,9.5,18.7,124.0,992.3,992.3,2.7,5.2
2024-04-15 15:39:12+02:00,11.5,11.5,8.3,5.1,65.0,19.1,84.0,170.6,1.0,0.6,1.1,1.4,0.2,1.4,1.4,1.4,10.8,24.1,117.0,992.0,992.0,2.7,5.2
2024-04-15 15:45:36+02:00,11.7,11.7,8.6,5.0,63.0,19.0,84.0,98.4,0.0,0.0,1.1,1.4,0.2,1.4,1.4,1.4,9.9,18.7,119.0,991.8,991.8,2.7,5.2
2024-04-15 15:49:52+02:00,11.7,11.7,8.7,4.6,62.0,19.0,84.0,102.4,0.0,0.0,1.1,1.4,0.2,1.4,1.4,1.4,9.7,20.5,130.0,991.7,991.7,2.7,5.2
2024-04-15 15:54:08+02:00,11.7,11.7,8.7,5.2,64.0,18.9,84.0,163.1,1.0,0.0,1.1,1.4,0.1,1.4,1.4,1.4,10.0,22.7,119.0,991.5,991.5,2.7,5.2
2024-04-15 16:00:32+02:00,11.8,11.8,7.8,4.8,62.0,18.9,84.0,146.4,1.0,0.6,1.2,1.5,0.2,1.5,1.5,1.5,14.3,25.9,141.0,991.4,991.4,2.7,5.2
2024-04-15 16:04:48+02:00,11.7,11.7,8.6,4.8,62.0,18.8,84.0,67.4,0.0,0.6,1.2,1.5,0.2,1.5,1.5,1.5,9.9,22.0,125.0,991.3,991.3,2.7,5.2
2024-04-15 16:09:04+02:00,11.5,11.5,7.9,5.2,65.0,18.8,84.0,118.9,1.0,0.6,1.2,1.5,0.2,1.5,1.5,1.5,12.8,27.4,141.0,991.3,991.3,2.7,5.2
2024-04-15 16:15:28+02:00,11.1,11.1,9.0,5.7,69.0,18.7,84.0,133.5,1.0,0.6,1.3,1.6,0.3,1.6,1.6,1.6,5.9,27.4,137.0,991.0,991.0,2.7,5.2
2024-04-15 16:19:44+02:00,11.2,11.2,8.2,5.7,69.0,18.6,84.0,112.3,1.0,0.6,1.3,1.6,0.3,1.6,1.6,1.6,9.8,23.4,120.0,990.7,990.7,2.7,5.2
2024-04-15 16:24:00+02:00,11.2,11.2,7.9,5.3,67.0,18.5,84.0,44.1,0.0,0.6,1.3,1.6,0.3,1.6,1.6,1.6,11.9,31.3,146.0,990.7,990.7,2.7,5.2
2024-04-15 16:30:24+02:00,11.2,11.2,6.5,5.3,67.0,18.5,84.0,94.6,0.0,0.0,1.3,1.6,0.2,1.6,1.6,1.6,18.6,39.2,119.0,990.8,990.8,2.7,5.2
2024-04-15 16:34:40+02:00,11.0,11.0,7.7,5.4,69.0,18.4,84.0,93.8,0.0,0.6,1.4,1.7,0.3,1.7,1.7,1.7,11.3,34.6,138.0,990.7,990.7,2.7,5.2
2024-04-15 16:38:56+02:00,10.8,10.8,6.6,5.9,72.0,18.3,84.0,66.6,0.0,1.2,1.5,1.8,0.4,1.8,1.8,1.8,16.3,33.5,133.0,990.7,990.7,2.7,5.2
2024-04-15 16:45:20+02:00,10.1,9.3,7.0,6.2,77.0,18.3,84.0,38.4,0.0,1.2,1.6,1.9,0.5,1.9,1.9,1.9,11.4,35.3,138.0,990.6,990.6,2.7,5.2
2024-04-15 16:49:36+02:00,9.6,7.9,6.5,6.4,81.0,18.1,84.0,34.2,0.0,2.4,1.9,2.2,0.8,2.2,2.2,2.2,11.7,32.0,146.0,990.4,990.4,2.7,5.2
2024-04-15 16:56:00+02:00,8.9,6.8,5.2,6.2,83.0,18.0,84.0,26.8,0.0,10.8,3.5,3.8,2.4,3.8,3.8,3.8,14.8,34.9,158.0,991.7,991.7,2.7,5.1
2024-04-15 17:00:16+02:00,6.4,5.4,4.0,4.5,88.0,17.7,83.0,26.2,0.0,10.8,3.7,4.0,2.5,4.0,4.0,4.0,6.2,22.3,141.0,992.6,992.6,2.7,5.1
2024-04-15 17:04:32+02:00,5.9,4.3,3.2,4.4,90.0,17.4,84.0,23.2,0.0,10.8,3.9,4.2,2.7,4.2,4.2,4.2,7.4,25.9,244.0,992.5,992.5,2.7,5.1
2024-04-15 17:10:56+02:00,5.7,4.5,3.2,4.4,91.0,17.2,83.0,36.9,0.0,3.6,4.2,4.5,3.0,4.5,4.5,4.5,6.3,21.6,186.0,992.6,992.6,2.7,5.1
2024-04-15 17:15:12+02:00,5.4,3.9,2.7,4.1,91.0,16.9,83.0,28.9,0.0,4.8,4.7,5.0,3.4,5.0,5.0,5.0,7.1,18.0,188.0,992.7,992.7,2.7,5.1
2024-04-15 17:19:28+02:00,5.1,2.5,1.4,3.8,91.0,16.7,83.0,27.4,0.0,4.2,4.9,5.2,3.6,5.2,5.2,5.2,12.0,23.8,242.0,992.6,992.6,2.7,5.1
2024-04-15 17:25:52+02:00,4.8,3.5,2.1,3.6,91.0,16.5,83.0,23.3,0.0,4.2,5.2,5.5,3.9,5.5,5.5,5.5,6.6,19.8,182.0,992.6,992.6,2.7,5.1
2024-04-15 17:30:08+02:00,4.6,4.6,2.6,3.2,91.0,16.3,83.0,26.7,0.0,3.0,5.4,5.7,4.1,5.7,5.7,5.7,2.5,20.5,215.0,992.8,992.8,2.7,5.1
2024-04-15 17:34:24+02:00,4.4,2.7,1.2,3.1,91.0,16.0,82.0,21.9,0.0,2.4,5.4,5.7,4.0,5.7,5.7,5.7,8.9,19.8,194.0,992.8,992.8,2.7,5.0
2024-04-15 17:40:48+02:00,4.5,3.6,1.9,3.4,92.0,15.9,82.0,24.4,0.0,1.2,5.5,5.8,4.0,5.8,5.8,5.8,5.9,18.0,155.0,993.3,993.3,2.7,5.0
2024-04-15 17:45:04+02:00,4.5,2.0,1.1,3.3,92.0,15.7,82.0,35.4,0.0,0.6,5.5,5.8,3.8,5.8,5.8,5.8,10.1,23.8,146.0,993.0,993.0,2.7,5.0
2024-04-15 17:49:20+02:00,4.5,3.1,1.7,3.3,92.0,15.5,82.0,39.5,0.0,0.6,5.5,5.8,3.6,5.8,5.8,5.8,7.0,15.8,126.0,993.0,993.0,2.7,5.0
2024-04-15 17:55:44+02:00,4.5,2.8,1.5,3.3,92.0,15.3,82.0,45.6,0.0,0.0,5.5,5.8,2.0,5.8,5.8,5.8,8.1,22.0,152.0,993.0,993.0,2.7,5.0
2024-04-15 18:00:00+02:00,4.5,3.4,1.8,3.3,92.0,15.1,82.0,51.9,0.0,0.0,5.5,5.8,1.8,5.8,5.8,5.8,6.0,22.0,124.0,993.0,993.0,2.7,5.0
2024-04-15 18:04:16+02:00,4.6,2.7,1.5,3.4,92.0,15.0,82.0,58.4,0.0,0.6,5.6,5.9,1.7,5.9,5.9,5.9,8.3,18.7,147.0,993.1,993.1,2.7,5.0
2024-04-15 18:10:40+02:00,4.5,3.5,2.0,3.4,92.0,14.9,82.0,49.3,0.0,0.6,5.6,5.9,1.4,5.9,5.9,5.9,5.9,15.8,144.0,992.9,992.9,2.7,5.0
2024-04-15 18:14:56+02:00,4.7,3.6,2.2,3.5,92.0,14.8,82.0,179.9,1.0,0.0,5.6,5.9,0.9,5.9,5.9,5.9,5.3,13.3,167.0,992.8,992.8,2.7,5.0
2024-04-15 18:19:12+02:00,5.1,3.9,2.5,3.8,91.0,14.7,82.0,187.4,1.0,0.0,5.6,5.9,0.6,5.9,5.9,5.9,6.4,22.0,164.0,992.7,992.7,2.7,5.0
2024-04-15 18:25:36+02:00,5.5,3.7,2.4,3.9,90.0,14.5,82.0,187.1,1.0,0.0,5.6,5.9,0.4,5.9,5.9,5.9,9.1,28.8,134.0,993.0,993.0,2.7,5.1
2024-04-15 18:29:52+02:00,6.0,5.1,3.7,4.4,89.0,14.5,82.0,155.3,1.0,0.0,5.6,5.9,0.2,5.9,5.9,5.9,5.5,15.5,149.0,993.1,993.1,2.7,5.1
2024-04-15 18:34:08+02:00,6.1,4.9,3.5,4.3,88.0,14.5,83.0,107.3,0.0,0.0,5.6,5.9,0.2,5.9,5.9,5.9,7.0,20.9,136.0,993.0,993.0,2.7,5.1
2024-04-15 18:40:32+02:00,5.8,3.1,1.9,4.1,89.0,14.4,83.0,60.0,0.0,0.0,5.6,5.9,0.1,5.9,5.9,5.9,13.3,17.3,122.0,993.1,993.1,2.7,5.1
2024-04-15 18:44:48+02:00,5.5,3.0,1.9,3.8,89.0,14.3,83.0,23.7,0.0,0.0,5.6,5.9,0.1,5.9,5.9,5.9,11.4,24.1,132.0,993.0,993.0,2.7,5.2
2024-04-15 18:49:04+02:00,5.3,3.6,2.5,3.7,90.0,14.2,83.0,52.9,0.0,0.0,5.6,5.9,0.1,5.9,5.9,5.9,7.4,21.2,125.0,992.8,992.8,2.7,5.2
2024-04-15 18:55:28+02:00,5.3,3.7,2.4,3.8,90.0,14.2,83.0,57.6,0.0,0.0,5.6,5.9,0.1,5.9,5.9,5.9,8.4,20.5,148.0,992.7,992.7,2.7,5.1
2024-04-15 18:59:44+02:00,5.5,4.1,2.8,4.0,90.0,14.2,82.0,61.7,0.0,0.0,5.6,5.9,0.1,5.9,5.9,5.9,7.1,20.5,131.0,992.8,992.8,2.7,5.1
2024-04-15 19:04:00+02:00,5.5,4.3,2.9,4.0,90.0,14.1,83.0,34.5,0.0,0.0,5.6,5.9,0.0,5.9,5.9,5.9,6.7,15.5,143.0,992.7,992.7,2.7,5.2
2024-04-15 19:10:24+02:00,5.6,3.9,2.7,4.1,90.0,14.0,83.0,29.5,0.0,0.0,5.6,5.9,0.0,5.9,5.9,5.9,8.1,15.5,134.0,992.7,992.7,2.7,5.2
2024-04-15 19:14:40+02:00,5.7,3.5,2.4,4.1,90.0,13.9,83.0,34.3,0.0,0.0,5.6,5.9,0.0,5.9,5.9,5.9,10.3,18.4,127.0,992.7,992.7,2.7,5.2
2024-04-15 19:21:04+02:00,5.8,4.1,2.8,4.3,90.0,13.8,83.0,31.6,0.0,0.0,5.6,5.9,0.0,5.9,5.9,5.9,9.1,18.4,119.0,992.7,992.7,2.7,5.2
2024-04-15 19:25:20+02:00,5.9,4.1,2.8,4.2,89.0,13.7,83.0,27.4,0.0,0.0,5.6,5.9,0.0,5.9,5.9,5.9,9.3,28.8,139.0,992.9,992.9,2.7,5.2
2024-04-15 19:29:36+02:00,6.0,3.8,2.6,4.3,89.0,13.6,83.0,27.6,0.0,0.0,5.6,5.9,0.0,5.9,5.9,5.9,11.2,23.8,132.0,992.9,992.9,2.7,5.2
2024-04-15 19:36:00+02:00,6.1,4.7,3.5,4.4,89.0,13.6,83.0,33.1,0.0,0.0,5.6,5.9,0.0,5.9,5.9,5.9,7.3,23.8,134.0,992.8,992.8,2.7,5.2
2024-04-15 19:40:16+02:00,6.2,5.1,3.7,4.6,89.0,13.6,83.0,26.4,0.0,0.0,5.6,5.9,0.0,5.9,5.9,5.9,6.8,18.4,139.0,992.8,992.8,2.7,5.2
2024-04-15 19:44:32+02:00,6.2,5.3,3.7,4.6,89.0,13.5,83.0,35.9,0.0,0.0,5.6,5.9,0.0,5.9,5.9,5.9,6.7,24.5,118.0,993.0,993.0,2.7,5.2
2024-04-15 19:50:56+02:00,6.3,4.4,3.1,4.5,88.0,13.4,83.0,21.7,0.0,0.0,5.6,5.9,0.0,5.9,5.9,5.9,9.8,23.4,139.0,992.8,992.8,2.7,5.2
2024-04-15 19:55:12+02:00,6.2,4.9,3.5,4.3,88.0,13.4,83.0,18.6,0.0,0.0,5.6,5.9,0.0,5.9,5.9,5.9,7.4,23.4,150.0,992.8,992.8,2.7,5.2
2024-04-15 19:59:28+02:00,6.3,3.8,2.6,4.2,87.0,13.4,82.0,15.9,0.0,0.0,5.6,5.9,0.0,5.9,5.9,5.9,12.0,27.7,144.0,993.0,993.0,2.7,5.2
2024-04-15 20:05:52+02:00,6.2,4.8,3.3,4.0,85.0,13.3,83.0,10.2,0.0,0.0,5.6,5.9,0.0,5.9,5.9,5.9,8.1,27.7,140.0,993.1,993.1,2.7,5.1
2024-04-15 20:10:08+02:00,6.2,4.4,3.1,3.9,85.0,13.3,82.0,8.1,0.0,0.0,5.6,5.9,0.0,5.9,5.9,5.9,9.1,22.3,150.0,993.0,993.0,2.7,5.1
2024-04-15 20:14:24+02:00,6.2,4.6,3.0,3.7,84.0,13.3,82.0,5.4,0.0,0.0,5.6,5.9,0.0,5.9,5.9,5.9,9.1,22.3,127.0,993.2,993.2,2.7,5.1
2024-04-15 20:20:48+02:00,6.0,4.5,3.1,3.4,83.0,13.2,82.0,3.9,0.0,0.0,5.6,5.9,0.0,5.9,5.9,5.9,7.8,22.0,153.0,993.2,993.2,2.7,5.1
2024-04-15 20:25:04+02:00,6.0,4.2,2.7,3.0,81.0,13.1,82.0,2.5,0.0,0.0,5.6,5.9,0.0,5.9,5.9,5.9,9.2,18.7,160.0,993.3,993.3,2.7,5.1
2024-04-15 20:29:20+02:00,6.0,5.1,3.3,2.9,81.0,13.0,82.0,1.2,0.0,0.0,5.6,5.9,0.0,5.9,5.9,5.9,6.1,16.2,172.0,993.5,993.5,2.7,5.1
2024-04-15 20:35:44+02:00,5.9,5.2,3.5,3.0,82.0,13.0,82.0,0.3,0.0,0.0,5.6,5.9,0.0,5.9,5.9,5.9,4.7,16.2,140.0,993.4,993.4,2.7,5.1
2024-04-15 20:40:00+02:00,5.9,5.0,3.3,2.9,81.0,13.0,82.0,0.2,0.0,0.0,5.6,5.9,0.0,5.9,5.9,5.9,5.5,19.8,125.0,993.6,993.6,2.7,5.1
2024-04-15 20:44:16+02:00,5.9,5.3,3.6,2.9,81.0,12.9,82.0,0.2,0.0,0.0,5.6,5.9,0.0,5.9,5.9,5.9,4.1,14.8,169.0,993.8,993.8,2.7,5.1
2024-04-15 20:50:40+02:00,5.8,4.5,3.0,3.0,82.0,12.9,82.0,0.1,0.0,0.0,5.6,5.9,0.0,5.9,5.9,5.9,6.5,13.7,142.0,993.7,993.7,2.7,5.1
2024-04-15 20:54:56+02:00,5.7,4.7,2.9,3.0,83.0,12.8,82.0,0.0,0.0,0.0,5.6,5.9,0.0,5.9,5.9,5.9,6.6,14.0,134.0,993.9,993.9,2.7,5.1
2024-04-15 20:59:12+02:00,5.6,4.0,2.5,3.0,84.0,12.8,82.0,0.0,0.0,0.0,5.6,5.9,0.0,5.9,5.9,5.9,8.1,18.7,169.0,993.9,993.9,2.7,5.1
2024-04-15 21:05:36+02:00,5.5,4.5,2.9,3.0,84.0,12.7,82.0,0.0,0.0,0.0,5.6,5.9,0.0,5.9,5.9,5.9,5.6,14.0,146.0,994.0,994.0,2.7,5.1
2024-04-15 21:09:52+02:00,5.5,4.4,2.7,3.0,84.0,12.6,82.0,0.0,0.0,0.0,5.6,5.9,0.0,5.9,5.9,5.9,6.6,26.6,143.0,994.0,994.0,2.7,5.1
2024-04-15 21:14:08+02:00,5.5,4.7,3.0,3.0,84.0,12.5,82.0,0.0,0.0,0.0,5.6,5.9,0.0,5.9,5.9,5.9,5.2,11.2,207.0,994.2,994.2,2.7,5.1
2024-04-15 21:20:32+02:00,5.5,4.3,2.9,3.0,84.0,12.5,82.0,0.0,0.0,0.0,5.6,5.9,0.0,5.9,5.9,5.9,5.7,15.8,158.0,994.1,994.1,2.7,5.1
2024-04-15 21:24:48+02:00,5.5,5.1,3.1,3.0,84.0,12.4,82.0,0.0,0.0,0.0,5.6,5.9,0.0,5.9,5.9,5.9,4.7,10.1,107.0,994.0,994.0,2.7,5.1
2024-04-15 21:29:04+02:00,5.4,4.3,2.6,3.1,85.0,12.3,83.0,0.0,0.0,0.0,5.6,5.9,0.0,5.9,5.9,5.9,6.6,17.3,130.0,994.1,994.1,2.7,5.1
2024-04-15 21:35:28+02:00,5.5,4.4,2.9,3.1,85.0,12.3,83.0,0.0,0.0,0.0,5.6,5.9,0.0,5.9,5.9,5.9,5.9,17.3,132.0,994.1,994.1,2.7,5.1
2024-04-15 21:39:44+02:00,5.6,4.1,2.6,3.2,85.0,12.2,82.0,0.0,0.0,0.0,5.6,5.9,0.0,5.9,5.9,5.9,8.1,10.8,131.0,994.2,994.2,2.7,5.1
2024-04-15 21:44:00+02:00,5.7,5.1,3.4,3.2,84.0,12.2,82.0,0.0,0.0,0.0,5.6,5.9,0.0,5.9,5.9,5.9,4.4,16.2,127.0,994.3,994.3,2.7,5.1
2024-04-15 21:50:24+02:00,5.7,3.4,2.2,3.2,84.0,12.1,83.0,0.0,0.0,0.0,5.6,5.9,0.0,5.9,5.9,5.9,10.5,18.7,151.0,994.3,994.3,2.7,5.1
2024-04-15 21:54:40+02:00,5.7,5.5,3.4,3.3,84.0,12.1,83.0,0.0,0.0,0.0,5.6,5.9,0.0,5.9,5.9,5.9,4.2,17.3,122.0,994.3,994.3,2.7,5.0
2024-04-15 21:58:56+02:00,5.7,4.2,2.8,3.2,84.0,12.0,83.0,0.0,0.0,0.0,5.6,5.9,0.0,5.9,5.9,5.9,7.3,16.6,139.0,994.3,994.3,2.7,5.0
2024-04-15 22:05:20+02:00,5.7,4.5,2.9,3.0,83.0,12.0,83.0,0.0,0.0,0.0,5.6,5.9,0.0,5.9,5.9,5.9,6.7,16.6,135.0,994.3,994.3,2.7,5.0
2024-04-15 22:09:36+02:00,5.8,4.9,3.0,2.9,82.0,11.9,83.0,0.0,0.0,0.0,5.6,5.9,0.0,5.9,5.9,5.9,6.2,19.8,157.0,994.2,994.2,2.7,5.0
2024-04-15 22:16:00+02:00,5.7,4.3,2.7,2.9,82.0,11.9,83.0,0.0,0.0,0.0,5.6,5.9,0.0,5.9,5.9,5.9,7.5,19.8,154.0,994.3,994.3,2.7,5.0
2024-04-15 22:20:16+02:00,5.7,5.2,3.3,2.7,81.0,11.8,83.0,0.0,0.0,0.0,5.6,5.9,0.0,5.9,5.9,5.9,4.2,16.6,155.0,994.4,994.4,2.7,5.0
2024-04-15 22:24:32+02:00,5.6,4.4,2.7,2.6,81.0,11.7,83.0,0.0,0.0,0.0,5.6,5.9,0.0,5.9,5.9,5.9,7.1,15.5,125.0,994.3,994.3,2.7,5.0
2024-04-15 22:30:56+02:00,5.6,5.3,3.2,2.7,81.0,11.7,83.0,0.0,0.0,0.0,5.6,5.9,0.0,5.9,5.9,5.9,4.1,15.8,170.0,994.4,994.4,2.7,5.0
2024-04-15 22:35:12+02:00,5.7,4.2,2.7,2.9,82.0,11.7,83.0,0.0,0.0,0.0,5.6,5.9,0.0,5.9,5.9,5.9,7.6,17.3,132.0,994.3,994.3,2.7,5.0
2024-04-15 22:39:28+02:00,5.6,3.9,2.6,2.9,83.0,11.7,83.0,0.0,0.0,0.0,5.6,5.9,0.0,5.9,5.9,5.9,7.7,20.9,128.0,994.4,994.4,2.7,5.0
2024-04-15 22:45:52+02:00,5.6,3.3,1.9,2.9,83.0,11.6,83.0,0.0,0.0,0.0,5.6,5.9,0.0,5.9,5.9,5.9,11.2,29.5,145.0,994.4,994.4,2.7,5.0
2024-04-15 22:50:08+02:00,5.5,4.7,2.9,2.9,83.0,11.5,83.0,0.0,0.0,0.0,5.6,5.9,0.0,5.9,5.9,5.9,5.7,19.4,124.0,994.2,994.2,2.7,5.0
2024-04-15 22:54:24+02:00,5.4,3.8,2.3,2.8,84.0,11.5,83.0,0.0,0.0,0.0,5.6,5.9,0.0,5.9,5.9,5.9,8.1,17.3,130.0,994.2,994.2,2.7,5.0
2024-04-15 23:00:48+02:00,5.4,3.9,2.4,2.9,84.0,11.5,83.0,0.0,0.0,0.0,5.6,5.9,0.0,5.9,5.9,5.9,7.5,15.8,124.0,994.1,994.1,2.7,5.0
2024-04-15 23:05:04+02:00,5.4,3.3,2.1,2.9,84.0,11.4,83.0,0.0,0.0,0.0,5.6,5.9,0.0,5.9,5.9,5.9,9.4,16.6,126.0,994.2,994.2,2.7,5.0
2024-04-15 23:09:20+02:00,5.4,3.6,2.3,2.9,84.0,11.4,83.0,0.0,0.0,0.0,5.6,5.9,0.0,5.9,5.9,5.9,8.4,22.3,131.0,994.3,994.3,2.7,5.0
2024-04-15 23:15:44+02:00,5.4,3.0,1.7,3.1,85.0,11.3,83.0,0.0,0.0,0.0,5.6,5.9,0.0,5.9,5.9,5.9,11.2,19.8,131.0,994.2,994.2,2.7,5.0
2024-04-15 23:20:00+02:00,5.4,3.1,1.9,3.1,85.0,11.3,83.0,0.0,0.0,0.0,5.6,5.9,0.0,5.9,5.9,5.9,10.4,22.7,124.0,994.2,994.2,2.7,5.0
2024-04-15 23:24:16+02:00,5.5,4.8,3.0,3.1,85.0,11.3,83.0,0.0,0.0,0.0,5.6,5.9,0.0,5.9,5.9,5.9,5.0,20.2,148.0,994.2,994.2,2.7,5.0
2024-04-15 23:30:40+02:00,5.5,4.7,3.0,3.2,85.0,11.3,83.0,0.0,0.0,1.2,5.8,6.1,0.2,6.1,6.1,6.1,5.3,10.4,118.0,994.2,994.2,2.7,5.0
2024-04-15 23:34:56+02:00,5.4,5.0,3.3,3.6,88.0,11.2,83.0,0.0,0.0,1.8,5.9,6.2,0.3,6.2,6.2,6.2,4.0,7.9,223.0,994.0,994.0,2.7,4.9
2024-04-15 23:39:12+02:00,5.3,5.3,3.5,3.6,89.0,11.2,83.0,0.0,0.0,2.4,6.0,6.3,0.4,6.3,6.3,6.3,2.2,6.5,236.0,994.0,994.0,2.7,4.9
2024-04-15 23:45:36+02:00,5.3,5.3,3.6,3.7,90.0,11.2,84.0,0.0,0.0,0.6,6.0,6.3,0.4,6.3,6.3,6.3,1.4,5.8,233.0,994.1,994.1,2.7,4.9
2024-04-15 23:49:52+02:00,5.2,4.3,3.0,3.8,90.0,11.2,83.0,0.0,0.0,0.6,6.1,6.4,0.5,6.4,6.4,6.4,4.7,13.7,288.0,994.4,994.4,2.7,4.9
2024-04-15 23:54:08+02:00,5.1,3.9,2.4,3.8,91.0,11.2,83.0,0.0,0.0,1.2,6.2,6.5,0.6,6.5,6.5,6.5,6.9,18.0,270.0,994.2,994.2,2.7,4.9
2024-04-16 00:00:32+02:00,5.0,5.0,3.2,3.7,91.0,11.1,83.0,0.0,0.0,1.2,0.0,6.5,0.6,6.5,6.5,6.5,2.4,18.0,141.0,994.4,994.4,2.7,4.9
2024-04-16 00:04:48+02:00,5.0,4.3,2.8,3.8,92.0,11.1,83.0,0.0,0.0,0.6,0.1,6.6,0.7,6.6,6.6,6.6,4.4,9.7,199.0,994.4,994.4,2.7,4.8
2024-04-16 00:09:04+02:00,5.1,4.6,2.9,3.9,92.0,11.0,84.0,0.0,0.0,0.6,0.1,6.6,0.7,6.6,6.6,6.6,4.5,10.8,148.0,994.4,994.4,2.7,4.8
2024-04-16 00:15:28+02:00,5.1,4.7,2.9,3.9,92.0,11.0,84.0,0.0,0.0,0.6,0.1,6.6,0.7,6.6,6.6,6.6,4.2,9.7,145.0,994.3,994.3,2.7,4.8
2024-04-16 00:19:44+02:00,5.1,3.5,2.2,3.9,92.0,11.0,84.0,0.0,0.0,1.2,0.3,6.8,0.9,6.8,6.8,6.8,8.0,14.8,123.0,994.2,994.2,2.7,4.8
2024-04-16 00:24:00+02:00,5.1,3.8,2.5,4.1,93.0,10.9,84.0,0.0,0.0,1.2,0.3,6.8,0.9,6.8,6.8,6.8,6.7,13.3,113.0,994.3,994.3,2.7,4.8
2024-04-16 00:30:24+02:00,5.1,4.3,2.8,4.0,93.0,10.9,84.0,0.0,0.0,1.2,0.3,6.8,0.7,6.8,6.8,6.8,5.2,18.4,115.0,994.2,994.2,2.7,4.8
2024-04-16 00:34:40+02:00,5.2,4.0,2.7,4.1,92.0,10.8,84.0,0.0,0.0,0.0,0.3,6.8,0.6,6.8,6.8,6.8,6.0,16.6,147.0,994.1,994.1,2.7,4.8
2024-04-16 00:41:04+02:00,5.2,4.1,2.7,4.1,92.0,10.8,84.0,0.0,0.0,0.0,0.3,6.8,0.5,6.8,6.8,6.8,6.0,10.8,124.0,994.0,994.0,2.7,4.8
2024-04-16 00:45:20+02:00,5.3,3.9,2.6,3.9,91.0,10.8,84.0,0.0,0.0,0.0,0.3,6.8,0.5,6.8,6.8,6.8,6.6,16.6,145.0,994.0,994.0,2.7,4.7
2024-04-16 00:49:36+02:00,5.3,4.7,3.0,3.8,90.0,10.8,84.0,0.0,0.0,0.0,0.3,6.8,0.4,6.8,6.8,6.8,5.0,16.6,138.0,994.0,994.0,2.7,4.7
2024-04-16 00:56:00+02:00,5.3,3.0,2.0,3.9,91.0,10.7,84.0,0.0,0.0,0.0,0.3,6.8,0.3,6.8,6.8,6.8,10.1,15.8,135.0,994.0,994.0,2.7,4.7
2024-04-16 01:00:16+02:00,5.4,3.2,2.1,3.8,90.0,10.7,84.0,0.0,0.0,0.0,0.3,6.8,0.3,6.8,6.8,6.8,10.2,23.8,125.0,993.9,993.9,2.7,4.7
2024-04-16 01:04:32+02:00,5.5,4.1,2.8,3.8,89.0,10.7,84.0,0.0,0.0,0.0,0.3,6.8,0.2,6.8,6.8,6.8,7.0,24.8,136.0,994.0,994.0,2.7,4.7
2024-04-16 01:10:56+02:00,5.5,3.5,2.3,3.8,88.0,10.6,84.0,0.0,0.0,0.0,0.3,6.8,0.2,6.8,6.8,6.8,9.6,22.0,135.0,994.0,994.0,2.7,4.7
2024-04-16 01:15:12+02:00,5.5,4.6,3.0,3.8,89.0,10.6,84.0,0.0,0.0,0.0,0.3,6.8,0.2,6.8,6.8,6.8,6.3,18.7,148.0,993.9,993.9,2.7,4.7
2024-04-16 01:19:28+02:00,5.5,4.4,2.8,3.8,89.0,10.6,84.0,0.0,0.0,0.0,0.3,6.8,0.0,6.8,6.8,6.8,6.8,14.4,151.0,993.9,993.9,2.7,4.7
2024-04-16 01:25:52+02:00,5.6,3.5,2.4,3.7,88.0,10.6,84.0,0.0,0.0,0.0,0.3,6.8,0.0,6.8,6.8,6.8,9.4,20.2,137.0,993.8,993.8,2.7,4.7
2024-04-16 01:30:08+02:00,5.5,3.8,2.6,3.7,88.0,10.5,84.0,0.0,0.0,0.0,0.3,6.8,0.0,6.8,6.8,6.8,7.8,19.4,121.0,993.6,993.6,2.7,4.7
2024-04-16 01:34:24+02:00,5.5,3.4,2.3,3.6,88.0,10.5,84.0,0.0,0.0,0.0,0.3,6.8,0.0,6.8,6.8,6.8,9.4,20.9,128.0,993.6,993.6,2.7,4.7
2024-04-16 01:40:48+02:00,5.5,3.9,2.6,3.5,87.0,10.5,84.0,0.0,0.0,0.0,0.3,6.8,0.0,6.8,6.8,6.8,7.8,20.2,142.0,993.7,993.7,2.7,4.7
2024-04-16 01:45:04+02:00,5.7,3.5,2.2,3.6,87.0,10.5,84.0,0.0,0.0,0.0,0.3,6.8,0.0,6.8,6.8,6.8,10.7,19.8,133.0,993.4,993.4,2.7,4.7
2024-04-16 01:49:20+02:00,5.6,4.5,3.0,3.5,87.0,10.4,84.0,0.0,0.0,0.0,0.3,6.8,0.0,6.8,6.8,6.8,5.9,15.5,141.0,993.6,993.6,2.7,4.7
2024-04-16 01:55:44+02:00,5.6,3.6,2.4,3.4,86.0,10.4,84.0,0.0,0.0,0.0,0.3,6.8,0.0,6.8,6.8,6.8,9.2,15.8,136.0,993.5,993.5,2.7,4.6
2024-04-16 02:00:00+02:00,5.6,4.3,2.8,3.4,86.0,10.4,84.0,0.0,0.0,0.0,0.3,6.8,0.0,6.8,6.8,6.8,6.6,14.8,128.0,993.5,993.5,2.7,4.6
2024-04-16 02:04:16+02:00,5.5,4.7,3.2,3.3,86.0,10.3,84.0,0.0,0.0,0.0,0.3,6.8,0.0,6.8,6.8,6.8,4.9,13.7,207.0,993.4,993.4,2.7,4.6
2024-04-16 02:10:40+02:00,5.4,4.4,2.9,3.3,86.0,10.3,84.0,0.0,0.0,0.0,0.3,6.8,0.0,6.8,6.8,6.8,5.6,11.5,117.0,993.4,993.4,2.7,4.6
2024-04-16 02:14:56+02:00,5.5,3.2,1.9,3.2,85.0,10.3,84.0,0.0,0.0,0.0,0.3,6.8,0.0,6.8,6.8,6.8,11.1,19.8,143.0,993.4,993.4,2.7,4.6
2024-04-16 02:19:12+02:00,5.5,3.9,2.6,3.2,85.0,10.3,84.0,0.0,0.0,0.0,0.3,6.8,0.0,6.8,6.8,6.8,7.6,14.8,125.0,993.4,993.4,2.7,4.6
2024-04-16 02:25:36+02:00,5.5,3.1,1.9,3.2,85.0,10.2,84.0,0.0,0.0,0.0,0.3,6.8,0.0,6.8,6.8,6.8,11.1,18.0,139.0,993.3,993.3,2.7,4.6
2024-04-16 02:29:52+02:00,5.5,3.2,1.9,3.2,85.0,10.2,84.0,0.0,0.0,0.0,0.3,6.8,0.0,6.8,6.8,6.8,10.9,20.5,131.0,993.2,993.2,2.7,4.6
2024-04-16 02:34:08+02:00,5.4,4.1,2.6,3.1,85.0,10.1,84.0,0.0,0.0,0.0,0.3,6.8,0.0,6.8,6.8,6.8,7.0,16.2,139.0,993.2,993.2,2.7,4.6
2024-04-16 02:40:32+02:00,5.4,2.7,1.5,3.1,85.0,10.1,84.0,0.0,0.0,0.0,0.3,6.8,0.0,6.8,6.8,6.8,12.2,24.5,132.0,993.3,993.3,2.7,4.6
2024-04-16 02:44:48+02:00,5.3,4.0,2.5,3.0,85.0,10.1,84.0,0.0,0.0,0.0,0.3,6.8,0.0,6.8,6.8,6.8,7.1,19.8,146.0,993.1,993.1,2.7,4.6
2024-04-16 02:49:04+02:00,5.3,2.9,1.7,2.9,85.0,10.0,84.0,0.0,0.0,0.0,0.3,6.8,0.0,6.8,6.8,6.8,10.6,15.8,130.0,993.1,993.1,2.7,4.6
2024-04-16 02:55:28+02:00,5.3,3.3,2.0,2.9,85.0,10.0,84.0,0.0,0.0,0.0,0.3,6.8,0.0,6.8,6.8,6.8,9.4,20.2,103.0,993.1,993.1,2.7,4.6
2024-04-16 02:59:44+02:00,5.2,3.4,1.9,2.9,85.0,10.0,84.0,0.0,0.0,0.0,0.3,6.8,0.0,6.8,6.8,6.8,9.0,19.1,145.0,993.0,993.0,2.7,4.6
2024-04-16 03:04:00+02:00,5.2,3.1,1.5,2.9,85.0,10.0,84.0,0.0,0.0,0.0,0.3,6.8,0.0,6.8,6.8,6.8,11.6,23.8,120.0,993.1,993.1,2.7,4.5
2024-04-16 03:10:24+02:00,5.3,3.6,2.1,2.8,84.0,9.9,84.0,0.0,0.0,0.0,0.3,6.8,0.0,6.8,6.8,6.8,8.3,24.8,139.0,993.1,993.1,2.7,4.5
2024-04-16 03:14:40+02:00,5.2,2.8,1.6,2.8,84.0,9.9,84.0,0.0,0.0,0.0,0.3,6.8,0.0,6.8,6.8,6.8,10.7,18.0,140.0,993.0,993.0,2.7,4.5
2024-04-16 03:18:56+02:00,5.2,3.2,1.9,2.8,84.0,9.9,84.0,0.0,0.0,0.0,0.3,6.8,0.0,6.8,6.8,6.8,9.1,19.1,133.0,993.0,993.0,2.7,4.5
2024-04-16 03:25:20+02:00,5.2,3.2,1.9,2.7,84.0,9.9,84.0,0.0,0.0,0.0,0.3,6.8,0.0,6.8,6.8,6.8,9.2,19.8,133.0,992.9,992.9,2.7,4.5
2024-04-16 03:29:36+02:00,5.3,4.2,2.6,2.7,84.0,9.8,84.0,0.0,0.0,0.0,0.3,6.8,0.0,6.8,6.8,6.8,6.2,23.0,132.0,992.8,992.8,2.7,4.5
2024-04-16 03:36:00+02:00,5.3,3.0,1.7,2.7,83.0,9.8,84.0,0.0,0.0,0.0,0.3,6.8,0.0,6.8,6.8,6.8,10.4,18.0,141.0,992.7,992.7,2.7,4.5
2024-04-16 03:40:16+02:00,5.3,4.0,2.4,2.7,83.0,9.8,84.0,0.0,0.0,0.0,0.3,6.8,0.0,6.8,6.8,6.8,7.1,13.7,125.0,992.8,992.8,2.7,4.5
2024-04-16 03:44:32+02:00,5.4,4.7,2.9,2.6,82.0,9.8,84.0,0.0,0.0,0.0,0.3,6.8,0.0,6.8,6.8,6.8,5.0,14.4,122.0,992.7,992.7,2.7,4.5
2024-04-16 03:50:56+02:00,5.5,4.1,2.5,2.7,82.0,9.8,84.0,0.0,0.0,0.0,0.3,6.8,0.0,6.8,6.8,6.8,7.6,18.0,94.0,992.6,992.6,2.7,4.5
2024-04-16 03:55:12+02:00,5.4,4.6,2.9,2.6,82.0,9.8,84.0,0.0,0.0,0.0,0.3,6.8,0.0,6.8,6.8,6.8,5.0,22.3,124.0,992.5,992.5,2.72,4.4
2024-04-16 03:59:28+02:00,5.5,2.9,1.6,2.6,82.0,9.8,84.0,0.0,0.0,0.0,0.3,6.8,0.0,6.8,6.8,6.8,12.0,20.9,139.0,992.4,992.4,2.72,4.4
2024-04-16 04:05:52+02:00,5.5,4.0,2.5,2.5,81.0,9.8,84.0,0.0,0.0,0.0,0.3,6.8,0.0,6.8,6.8,6.8,7.4,21.2,128.0,992.5,992.5,2.7,4.5
2024-04-16 04:10:08+02:00,5.5,3.4,1.8,2.6,81.0,9.8,84.0,0.0,0.0,0.0,0.3,6.8,0.0,6.8,6.8,6.8,10.8,21.2,132.0,992.5,992.5,2.7,4.5
2024-04-16 04:14:24+02:00,5.5,2.5,1.1,2.6,81.0,9.8,84.0,0.0,0.0,0.0,0.3,6.8,0.0,6.8,6.8,6.8,14.5,25.9,135.0,992.3,992.3,2.72,4.4
2024-04-16 04:20:48+02:00,5.5,4.6,2.8,2.6,82.0,9.7,84.0,0.0,0.0,0.0,0.3,6.8,0.0,6.8,6.8,6.8,5.7,18.7,122.0,992.4,992.4,2.72,4.4
2024-04-16 04:25:04+02:00,5.5,3.7,2.1,2.6,82.0,9.7,84.0,0.0,0.0,0.0,0.3,6.8,0.0,6.8,6.8,6.8,9.4,17.3,128.0,992.3,992.3,2.7,4.4
2024-04-16 04:29:20+02:00,5.4,2.9,1.6,2.6,82.0,9.7,84.0,0.0,0.0,0.0,0.3,6.8,0.0,6.8,6.8,6.8,11.8,20.5,146.0,992.2,992.2,2.7,4.4
2024-04-16 04:35:44+02:00,5.4,3.5,2.0,2.6,82.0,9.7,84.0,0.0,0.0,0.0,0.3,6.8,0.0,6.8,6.8,6.8,9.6,22.3,140.0,992.2,992.2,2.7,4.4
2024-04-16 04:40:00+02:00,5.5,3.6,2.3,2.6,82.0,9.7,84.0,0.0,0.0,0.0,0.3,6.8,0.0,6.8,6.8,6.8,8.4,17.3,139.0,992.3,992.3,2.7,4.4
2024-04-16 04:44:16+02:00,5.6,3.9,2.2,2.6,81.0,9.7,84.0,0.0,0.0,0.0,0.3,6.8,0.0,6.8,6.8,6.8,9.4,27.4,135.0,992.2,992.2,2.7,4.4
2024-04-16 04:50:40+02:00,5.6,3.1,1.7,2.6,81.0,9.7,84.0,0.0,0.0,0.0,0.3,6.8,0.0,6.8,6.8,6.8,11.6,27.7,130.0,992.1,992.1,2.7,4.4
2024-04-16 04:54:56+02:00,5.6,4.4,2.8,2.6,81.0,9.7,84.0,0.0,0.0,0.0,0.3,6.8,0.0,6.8,6.8,6.8,6.6,27.7,122.0,992.0,992.0,2.72,4.4
2024-04-16 04:59:12+02:00,5.6,4.2,2.6,2.6,81.0,9.7,84.0,0.0,0.0,0.0,0.3,6.8,0.0,6.8,6.8,6.8,7.3,19.4,87.0,992.0,992.0,2.72,4.4
2024-04-16 05:05:36+02:00,5.6,3.7,2.3,2.6,81.0,9.7,84.0,0.0,0.0,0.0,0.3,6.8,0.0,6.8,6.8,6.8,8.9,15.1,88.0,992.1,992.1,2.7,4.4
2024-04-16 05:09:52+02:00,5.6,4.1,2.6,2.7,82.0,9.7,84.0,0.0,0.0,0.6,0.4,6.9,0.1,6.9,6.9,6.9,7.3,23.0,168.0,992.2,992.2,2.7,4.4
2024-04-16 05:14:08+02:00,5.4,5.0,2.9,3.0,85.0,9.7,84.0,0.0,0.0,2.4,0.7,7.2,0.4,7.2,7.2,7.2,5.0,22.0,132.0,992.1,992.1,2.7,4.4
2024-04-16 05:20:32+02:00,5.0,2.6,1.4,3.1,88.0,9.7,84.0,0.0,0.0,3.0,0.9,7.4,0.6,7.4,7.4,7.4,10.9,28.1,151.0,992.2,992.2,2.7,4.4
2024-04-16 05:24:48+02:00,4.7,3.3,2.0,3.1,89.0,9.7,84.0,0.0,0.0,3.6,1.3,7.8,1.0,7.8,7.8,7.8,6.3,20.9,153.0,992.2,992.2,2.7,4.3
2024-04-16 05:29:04+02:00,4.5,2.3,1.0,3.0,90.0,9.7,84.0,0.0,0.0,3.6,1.4,7.9,1.1,7.9,7.9,7.9,9.9,24.5,160.0,992.1,992.1,2.7,4.3
2024-04-16 05:35:28+02:00,4.3,2.2,0.9,2.8,90.0,9.7,84.0,0.0,0.0,2.4,1.5,8.0,1.2,8.0,8.0,8.0,9.9,24.5,122.0,992.1,992.1,2.7,4.3
2024-04-16 05:39:44+02:00,4.3,1.6,0.6,2.9,91.0,9.7,84.0,0.0,0.0,0.6,1.5,8.0,1.2,8.0,8.0,8.0,11.3,20.9,150.0,991.9,991.9,2.7,4.3
2024-04-16 05:44:00+02:00,4.3,2.0,1.0,2.9,91.0,9.6,84.0,0.0,0.0,0.0,1.5,8.0,1.2,8.0,8.0,8.0,9.4,16.6,134.0,991.9,991.9,2.7,4.3
2024-04-16 05:50:24+02:00,4.3,3.6,1.8,2.9,91.0,9.6,84.0,0.0,0.0,0.0,1.5,8.0,1.2,8.0,8.0,8.0,4.9,14.4,130.0,991.9,991.9,2.7,4.3
2024-04-16 05:54:40+02:00,4.3,2.9,1.6,3.1,92.0,9.6,84.0,0.0,0.0,0.0,1.5,8.0,1.2,8.0,8.0,8.0,6.0,15.8,129.0,991.8,991.8,2.7,4.2
2024-04-16 06:01:04+02:00,4.3,2.6,1.4,3.2,92.0,9.6,84.0,0.0,0.0,0.0,1.5,8.0,1.2,8.0,8.0,8.0,7.8,16.2,124.0,991.7,991.7,2.7,4.2
2024-04-16 06:05:20+02:00,4.4,1.7,0.7,3.1,91.0,9.6,84.0,0.0,0.0,0.0,1.5,8.0,1.2,8.0,8.0,8.0,11.6,21.2,141.0,991.7,991.7,2.7,4.2
2024-04-16 06:09:36+02:00,4.6,2.3,1.2,3.2,91.0,9.5,84.0,0.0,0.0,0.0,1.5,8.0,1.1,8.0,8.0,8.0,9.6,18.4,131.0,991.7,991.7,2.7,4.2
2024-04-16 06:16:00+02:00,4.7,1.8,0.7,3.2,90.0,9.5,84.0,0.1,0.0,0.0,1.5,8.0,0.8,8.0,8.0,8.0,12.7,23.8,141.0,991.6,991.6,2.7,4.2
2024-04-16 06:20:16+02:00,4.7,2.8,1.6,3.2,90.0,9.5,84.0,0.2,0.0,0.0,1.5,8.0,0.5,8.0,8.0,8.0,8.2,17.6,143.0,991.6,991.6,2.7,4.2
2024-04-16 06:24:32+02:00,4.7,3.2,1.9,3.4,91.0,9.5,84.0,0.6,0.0,0.6,1.6,8.1,0.3,8.1,8.1,8.1,7.0,16.9,142.0,991.5,991.5,2.7,4.2
2024-04-16 06:30:56+02:00,4.7,2.3,1.2,3.3,90.0,9.5,84.0,1.0,0.0,1.2,1.7,8.2,0.2,8.2,8.2,8.2,10.3,20.2,118.0,991.6,991.6,2.7,4.2
2024-04-16 06:35:12+02:00,4.7,3.5,2.0,3.4,91.0,9.5,84.0,1.3,0.0,0.6,1.7,8.2,0.2,8.2,8.2,8.2,6.6,20.2,131.0,991.5,991.5,2.7,4.2
2024-04-16 06:39:28+02:00,4.8,2.9,1.5,3.4,91.0,9.5,85.0,1.6,0.0,0.6,1.8,8.3,0.3,8.3,8.3,8.3,9.1,20.5,131.0,991.5,991.5,2.7,4.2
2024-04-16 06:45:52+02:00,4.8,3.7,2.1,3.3,90.0,9.5,85.0,2.4,0.0,1.2,1.9,8.4,0.4,8.4,8.4,8.4,6.4,20.2,138.0,991.5,991.5,2.7,4.1
2024-04-16 06:50:08+02:00,4.8,2.8,1.7,3.4,91.0,9.5,85.0,3.3,0.0,1.2,1.9,8.4,0.4,8.4,8.4,8.4,8.7,18.0,136.0,991.4,991.4,2.7,4.1
2024-04-16 06:54:24+02:00,4.8,2.4,1.4,3.3,90.0,9.5,85.0,7.1,0.0,0.6,1.9,8.4,0.4,8.4,8.4,8.4,10.0,18.0,143.0,991.3,991.3,2.7,4.1
2024-04-16 07:00:48+02:00,4.8,2.2,1.1,3.3,90.0,9.5,85.0,9.4,0.0,0.0,1.9,8.4,0.4,8.4,8.4,8.4,11.8,29.5,131.0,991.5,991.5,2.7,4.1
2024-04-16 07:05:04+02:00,4.8,3.8,2.2,3.4,91.0,9.5,85.0,10.7,0.0,0.0,1.9,8.4,0.4,8.4,8.4,8.4,5.9,19.1,148.0,991.5,991.5,2.7,4.1
2024-04-16 07:09:20+02:00,4.7,3.3,2.0,3.4,91.0,9.5,85.0,15.9,0.0,0.0,1.9,8.4,0.4,8.4,8.4,8.4,6.3,20.9,149.0,991.4,991.4,2.7,4.1
2024-04-16 07:15:44+02:00,4.7,2.8,1.6,3.4,91.0,9.5,85.0,20.4,0.0,0.0,1.9,8.4,0.4,8.4,8.4,8.4,8.4,21.2,135.0,991.3,991.3,2.7,4.1
2024-04-16 07:20:00+02:00,4.8,2.6,1.4,3.5,91.0,9.5,85.0,18.3,0.0,0.0,1.9,8.4,0.3,8.4,8.4,8.4,10.4,23.8,127.0,991.2,991.2,2.7,4.1
2024-04-16 07:24:16+02:00,4.9,3.0,1.8,3.7,92.0,9.5,85.0,19.3,0.0,0.0,1.9,8.4,0.3,8.4,8.4,8.4,8.9,18.7,125.0,991.2,991.2,2.7,4.1
2024-04-16 07:30:40+02:00,5.0,3.9,2.5,3.7,91.0,9.5,85.0,35.0,0.0,0.0,1.9,8.4,0.2,8.4,8.4,8.4,5.8,22.3,130.0,991.1,991.1,2.7,4.1
2024-04-16 07:34:56+02:00,5.1,3.0,1.8,3.8,91.0,9.5,85.0,39.6,0.0,0.0,1.9,8.4,0.2,8.4,8.4,8.4,9.6,22.7,134.0,991.1,991.1,2.7,4.0
2024-04-16 07:39:12+02:00,5.2,2.5,1.5,3.7,90.0,9.5,85.0,56.1,0.0,0.0,1.9,8.4,0.1,8.4,8.4,8.4,12.0,23.0,118.0,990.9,990.9,2.7,4.0
2024-04-16 07:45:36+02:00,5.3,3.0,1.7,3.8,90.0,9.5,85.0,61.7,0.0,0.0,1.9,8.4,0.0,8.4,8.4,8.4,12.0,22.0,139.0,990.8,990.8,2.7,4.1
2024-04-16 07:49:52+02:00,5.4,2.6,1.4,3.9,90.0,9.6,85.0,50.8,0.0,0.0,1.9,8.4,0.0,8.4,8.4,8.4,13.5,25.2,135.0,990.6,990.6,2.7,4.1
2024-04-16 07:54:08+02:00,5.4,2.7,1.6,3.9,90.0,9.6,85.0,48.1,0.0,0.0,1.9,8.4,0.0,8.4,8.4,8.4,13.1,27.4,133.0,990.5,990.5,2.7,4.1
2024-04-16 08:00:32+02:00,5.5,2.3,1.1,3.8,89.0,9.6,85.0,19.8,0.0,0.0,1.9,8.4,0.0,8.4,8.4,8.4,15.6,27.4,123.0,990.5,990.5,2.7,4.1
2024-04-16 08:04:48+02:00,5.5,2.3,1.0,3.8,89.0,9.6,85.0,26.0,0.0,0.0,1.9,8.4,0.0,8.4,8.4,8.4,16.1,31.7,119.0,990.3,990.3,2.7,4.1
2024-04-16 08:09:04+02:00,5.6,2.6,1.4,3.8,88.0,9.7,85.0,25.3,0.0,0.0,1.9,8.4,0.0,8.4,8.4,8.4,14.6,27.0,126.0,990.3,990.3,2.7,4.1
2024-04-16 08:15:28+02:00,5.7,3.3,2.2,3.9,88.0,9.7,85.0,25.6,0.0,0.0,1.9,8.4,0.0,8.4,8.4,8.4,10.8,31.0,123.0,990.2,990.2,2.7,4.0
2024-04-16 08:19:44+02:00,5.7,2.9,1.7,3.9,88.0,9.7,85.0,21.5,0.0,0.6,2.0,8.5,0.1,8.5,8.5,8.5,13.1,37.8,134.0,990.3,990.3,2.7,4.0
2024-04-16 08:24:00+02:00,5.6,2.9,1.7,3.9,89.0,9.7,85.0,32.0,0.0,0.6,2.0,8.5,0.1,8.5,8.5,8.5,13.2,29.2,123.0,990.2,990.2,2.7,4.0
2024-04-16 08:30:24+02:00,5.6,3.5,1.9,4.0,90.0,9.7,85.0,26.2,0.0,1.8,2.3,8.8,0.4,8.8,8.8,8.8,11.7,30.2,140.0,990.1,990.1,2.7,4.0
2024-04-16 08:34:40+02:00,5.4,2.9,1.9,4.0,91.0,9.7,85.0,21.4,0.0,3.0,2.5,9.0,0.6,9.0,9.0,9.0,11.2,22.7,117.0,989.8,989.8,2.7,4.0
2024-04-16 08:38:56+02:00,5.3,2.0,0.9,3.9,91.0,9.7,85.0,12.4,0.0,3.0,2.7,9.2,0.8,9.2,9.2,9.2,15.5,24.8,120.0,989.9,989.9,2.7,4.0
2024-04-16 08:45:20+02:00,5.2,2.2,1.0,3.9,91.0,9.7,85.0,9.4,0.0,3.6,3.1,9.6,1.2,9.6,9.6,9.6,14.5,28.4,117.0,989.7,989.7,2.7,3.9
2024-04-16 08:49:36+02:00,5.0,1.9,0.8,3.9,92.0,9.7,85.0,9.3,0.0,6.0,3.7,10.2,1.8,10.2,10.2,10.2,14.8,22.0,134.0,989.7,989.7,2.7,3.9
2024-04-16 08:56:00+02:00,4.8,2.6,1.6,3.7,93.0,9.7,85.0,11.5,0.0,7.2,4.1,10.6,2.2,10.6,10.6,10.6,9.7,31.0,147.0,989.8,989.8,2.7,3.9
2024-04-16 09:00:16+02:00,4.8,1.4,0.3,3.7,93.0,9.7,85.0,16.9,0.0,5.4,4.3,10.8,2.4,10.8,10.8,10.8,16.1,29.2,123.0,989.5,989.5,2.7,3.9
2024-04-16 09:04:32+02:00,4.7,1.6,0.6,3.5,92.0,9.7,85.0,14.0,0.0,2.4,4.5,11.0,2.6,11.0,11.0,11.0,13.9,33.1,133.0,989.5,989.5,2.7,3.9
2024-04-16 09:10:56+02:00,4.6,1.7,0.6,3.5,93.0,9.6,85.0,21.8,0.0,2.4,4.7,11.2,2.8,11.2,11.2,11.2,13.2,24.5,128.0,989.3,989.3,2.7,3.9
2024-04-16 09:15:12+02:00,4.6,1.5,0.5,3.6,93.0,9.6,85.0,23.1,0.0,2.4,4.9,11.4,3.0,11.4,11.4,11.4,14.1,27.0,140.0,989.2,989.2,2.7,3.8
2024-04-16 09:19:28+02:00,4.7,2.0,1.0,3.6,93.0,9.6,85.0,28.3,0.0,2.4,5.0,11.5,3.0,11.5,11.5,11.5,11.8,27.4,137.0,989.2,989.2,2.7,3.8
2024-04-16 09:25:52+02:00,4.7,2.2,1.1,3.7,93.0,9.5,85.0,52.6,0.0,1.2,5.1,11.6,3.1,11.6,11.6,11.6,11.5,27.4,138.0,989.3,989.3,2.7,3.8
2024-04-16 09:30:08+02:00,4.7,2.4,1.2,3.7,93.0,9.5,85.0,50.8,0.0,1.8,5.3,11.8,3.0,11.8,11.8,11.8,11.2,26.6,144.0,989.2,989.2,2.7,3.8
2024-04-16 09:34:24+02:00,4.7,2.8,1.4,3.6,93.0,9.5,85.0,30.9,0.0,3.0,5.6,12.1,3.1,12.1,12.1,12.1,9.6,28.8,145.0,989.1,989.1,2.7,3.8
2024-04-16 09:40:48+02:00,4.6,2.6,1.5,3.6,93.0,9.5,85.0,30.9,0.0,3.0,5.8,12.3,3.1,12.3,12.3,12.3,8.6,32.0,133.0,988.9,988.9,2.7,3.8
2024-04-16 09:45:04+02:00,4.5,1.6,0.7,3.6,94.0,9.5,85.0,39.9,0.0,3.0,5.9,12.4,2.8,12.4,12.4,12.4,12.7,27.7,131.0,988.9,988.9,2.7,3.7
2024-04-16 09:49:20+02:00,4.6,2.0,0.8,3.7,94.0,9.4,85.0,53.8,0.0,2.4,6.0,12.5,2.3,12.5,12.5,12.5,12.5,20.5,136.0,988.8,988.8,2.7,3.7
2024-04-16 09:55:44+02:00,4.7,1.6,0.7,3.8,94.0,9.4,85.0,51.5,0.0,0.6,6.0,12.5,1.9,12.5,12.5,12.5,13.7,19.4,134.0,988.9,988.9,2.7,3.7
2024-04-16 10:00:00+02:00,4.8,2.0,1.1,3.9,94.0,9.4,85.0,36.5,0.0,0.6,6.1,12.6,1.8,12.6,12.6,12.6,12.2,19.4,131.0,988.9,988.9,2.7,3.7
2024-04-16 10:04:16+02:00,4.9,2.6,1.6,4.1,95.0,9.4,85.0,28.0,0.0,0.6,6.1,12.6,1.5,12.6,12.6,12.6,10.2,19.1,129.0,988.9,988.9,2.7,3.7
2024-04-16 10:10:40+02:00,5.0,3.2,2.2,4.3,95.0,9.4,85.0,112.2,1.0,0.6,6.2,12.7,1.5,12.7,12.7,12.7,8.0,21.2,137.0,988.8,988.8,2.7,3.7
2024-04-16 10:14:56+02:00,5.3,3.7,2.7,4.6,95.0,9.4,85.0,80.1,0.0,1.2,6.3,12.8,1.4,12.8,12.8,12.8,7.3,16.9,135.0,988.6,988.6,2.7,3.7
2024-04-16 10:19:12+02:00,5.4,5.1,3.6,4.7,95.0,9.5,85.0,24.8,0.0,1.8,6.5,13.0,1.5,13.0,13.0,13.0,3.6,9.0,171.0,988.7,988.7,2.7,3.7
2024-04-16 10:25:36+02:00,5.5,5.1,3.5,4.9,96.0,9.5,85.0,40.6,0.0,3.0,6.8,13.3,1.7,13.3,13.3,13.3,4.3,7.2,161.0,988.6,988.6,2.7,3.6
2024-04-16 10:29:52+02:00,5.7,5.1,3.8,5.1,96.0,9.5,85.0,47.0,0.0,3.0,6.9,13.4,1.6,13.4,13.4,13.4,4.2,19.4,172.0,988.7,988.7,2.7,3.6
2024-04-16 10:34:08+02:00,5.8,5.6,4.0,5.2,96.0,9.5,85.0,33.4,0.0,2.4,7.0,13.5,1.4,13.5,13.5,13.5,3.8,10.8,174.0,988.5,988.5,2.7,3.6
2024-04-16 10:40:32+02:00,6.0,6.0,4.2,5.4,96.0,9.5,85.0,63.5,0.0,1.8,7.1,13.6,1.3,13.6,13.6,13.6,4.0,20.5,184.0,988.6,988.6,2.7,3.6
2024-04-16 10:44:48+02:00,6.2,4.5,3.4,5.5,95.0,9.5,85.0,49.5,0.0,0.6,7.1,13.6,1.2,13.6,13.6,13.6,9.2,17.3,177.0,988.6,988.6,2.7,3.6
2024-04-16 10:49:04+02:00,6.4,4.8,3.7,5.6,95.0,9.6,85.0,67.7,0.0,0.6,7.2,13.7,1.2,13.7,13.7,13.7,8.6,14.8,115.0,988.6,988.6,2.7,3.6
2024-04-16 10:55:28+02:00,6.5,5.8,4.4,5.8,95.0,9.6,85.0,77.2,0.0,0.6,7.2,13.7,1.2,13.7,13.7,13.7,5.9,16.6,186.0,988.6,988.6,2.7,3.6
2024-04-16 10:59:44+02:00,6.7,6.3,4.8,6.0,95.0,9.7,85.0,109.5,1.0,0.6,7.2,13.7,1.1,13.7,13.7,13.7,4.8,14.4,193.0,988.7,988.7,2.7,3.6
2024-04-16 11:04:00+02:00,6.9,6.4,5.2,6.1,95.0,9.7,86.0,127.7,1.0,0.0,7.2,13.7,1.1,13.7,13.7,13.7,3.9,23.8,176.0,988.7,988.7,2.7,3.6
2024-04-16 11:10:24+02:00,7.0,6.5,5.3,6.1,94.0,9.7,86.0,156.3,1.0,0.0,7.2,13.7,1.0,13.7,13.7,13.7,4.2,15.5,131.0,988.9,988.9,2.7,3.6
2024-04-16 11:14:40+02:00,7.2,6.1,4.9,6.3,94.0,9.8,86.0,198.5,1.0,0.0,7.2,13.7,0.9,13.7,13.7,13.7,7.4,21.2,223.0,989.0,989.0,2.7,3.6
2024-04-16 11:21:04+02:00,7.5,7.0,5.8,6.3,92.0,9.9,86.0,194.1,1.0,0.0,7.2,13.7,0.7,13.7,13.7,13.7,4.6,21.2,146.0,989.0,989.0,2.7,3.6
2024-04-16 11:25:20+02:00,7.7,7.0,5.8,6.5,92.0,9.9,86.0,129.4,1.0,0.0,7.2,13.7,0.4,13.7,13.7,13.7,5.6,15.5,174.0,989.2,989.2,2.7,3.7
2024-04-16 11:29:36+02:00,7.7,6.8,5.6,6.3,91.0,10.0,86.0,151.5,1.0,0.0,7.2,13.7,0.2,13.7,13.7,13.7,6.3,13.3,198.0,989.2,989.2,2.7,3.7
2024-04-16 11:36:00+02:00,7.8,6.8,5.7,6.3,91.0,10.1,86.0,166.4,1.0,0.0,7.2,13.7,0.2,13.7,13.7,13.7,6.3,20.2,154.0,989.1,989.1,2.7,3.7
2024-04-16 11:40:16+02:00,8.0,7.4,6.1,6.4,90.0,10.2,86.0,221.5,2.0,0.0,7.2,13.7,0.1,13.7,13.7,13.7,5.3,20.2,229.0,989.3,989.3,2.7,3.7
2024-04-16 11:44:32+02:00,8.2,7.4,6.2,6.6,89.0,10.2,87.0,455.6,4.0,0.0,7.2,13.7,0.1,13.7,13.7,13.7,6.6,20.2,233.0,989.4,989.4,2.7,3.7
2024-04-16 11:50:56+02:00,8.6,7.8,6.6,6.7,88.0,10.3,87.0,235.4,2.0,0.0,7.2,13.7,0.0,13.7,13.7,13.7,6.4,14.0,119.0,989.3,989.3,2.7,3.7
2024-04-16 11:55:12+02:00,8.7,8.5,7.3,6.8,88.0,10.4,87.0,185.2,1.0,0.0,7.2,13.7,0.0,13.7,13.7,13.7,3.6,15.8,224.0,989.6,989.6,2.7,3.8
2024-04-16 11:59:28+02:00,8.6,8.1,6.9,6.7,88.0,10.5,87.0,154.8,1.0,0.6,7.3,13.8,0.1,13.8,13.8,13.8,5.0,19.1,179.0,989.5,989.5,2.7,3.8
2024-04-16 12:05:52+02:00,8.5,8.0,6.7,6.8,89.0,10.6,87.0,80.3,0.0,1.2,7.4,13.9,0.2,13.9,13.9,13.9,5.3,17.6,225.0,989.6,989.6,2.7,3.9
2024-04-16 12:10:08+02:00,8.3,7.7,6.5,6.8,90.0,10.7,87.0,180.1,1.0,1.2,7.4,13.9,0.2,13.9,13.9,13.9,5.3,11.9,210.0,989.7,989.7,2.7,3.9
2024-04-16 12:14:24+02:00,8.5,8.5,7.0,7.1,91.0,10.8,87.0,224.2,2.0,0.6,7.4,13.9,0.2,13.9,13.9,13.9,3.9,10.8,167.0,989.8,989.8,2.7,3.9
2024-04-16 12:20:48+02:00,8.6,7.9,6.7,7.1,90.0,10.8,87.0,152.2,1.0,0.0,7.4,13.9,0.2,13.9,13.9,13.9,6.0,13.7,273.0,989.9,989.9,2.7,3.9
2024-04-16 12:25:04+02:00,8.7,7.8,6.6,6.9,89.0,10.9,87.0,142.0,1.0,0.0,7.4,13.9,0.2,13.9,13.9,13.9,6.6,16.6,309.0,990.0,990.0,2.7,3.9
2024-04-16 12:29:20+02:00,8.7,8.2,6.9,6.7,87.0,11.0,87.0,108.0,1.0,0.0,7.4,13.9,0.2,13.9,13.9,13.9,5.4,15.5,234.0,990.1,990.1,2.7,3.9
2024-04-16 12:35:44+02:00,8.8,7.7,6.4,6.7,87.0,11.0,87.0,205.0,1.0,0.0,7.4,13.9,0.2,13.9,13.9,13.9,8.1,17.6,242.0,990.1,990.1,2.7,4.0
2024-04-16 12:40:00+02:00,8.9,8.2,6.9,6.7,86.0,11.1,88.0,129.1,1.0,0.0,7.4,13.9,0.2,13.9,13.9,13.9,6.3,25.6,275.0,990.2,990.2,2.7,4.0
2024-04-16 12:44:16+02:00,9.0,8.7,7.4,6.8,86.0,11.2,88.0,157.6,1.0,0.0,7.4,13.9,0.2,13.9,13.9,13.9,4.4,14.0,219.0,990.4,990.4,2.7,4.0
2024-04-16 12:50:40+02:00,9.1,8.8,7.6,6.8,86.0,11.2,88.0,132.2,1.0,0.0,7.4,13.9,0.2,13.9,13.9,13.9,3.8,22.7,267.0,990.3,990.3,2.7,4.0
2024-04-16 12:54:56+02:00,9.2,8.5,7.2,6.8,85.0,11.3,88.0,435.0,4.0,0.0,7.4,13.9,0.2,13.9,13.9,13.9,6.7,17.6,252.0,990.5,990.5,2.7,4.0
2024-04-16 12:59:12+02:00,9.8,9.1,7.8,7.0,83.0,11.4,88.0,593.9,5.0,0.0,7.4,13.9,0.1,13.9,13.9,13.9,6.6,14.0,84.0,990.6,990.6,2.7,4.0
2024-04-16 13:05:36+02:00,10.5,10.5,8.1,7.2,80.0,11.5,88.0,565.5,5.0,0.0,7.4,13.9,0.0,13.9,13.9,13.9,8.9,18.7,248.0,990.6,990.6,2.7,4.2
2024-04-16 13:09:52+02:00,10.8,10.8,8.9,7.4,79.0,11.7,88.0,283.1,2.0,0.0,7.4,13.9,0.0,13.9,13.9,13.9,7.0,15.8,224.0,990.6,990.6,2.7,4.2
2024-04-16 13:14:08+02:00,10.6,10.6,7.5,6.8,77.0,11.7,88.0,148.7,1.0,0.0,7.4,13.9,0.0,13.9,13.9,13.9,11.9,31.3,286.0,990.7,990.7,2.7,4.3
2024-04-16 13:20:32+02:00,10.2,10.2,7.9,6.4,77.0,11.8,88.0,109.9,1.0,0.0,7.4,13.9,0.0,13.9,13.9,13.9,7.6,29.2,261.0,990.9,990.9,2.7,4.3
2024-04-16 13:24:48+02:00,10.1,10.1,7.9,6.5,78.0,12.0,88.0,76.9,0.0,0.0,7.4,13.9,0.0,13.9,13.9,13.9,7.5,18.4,272.0,990.9,990.9,2.7,4.3
2024-04-16 13:29:04+02:00,10.1,10.1,7.5,6.5,78.0,12.1,88.0,87.2,0.0,0.0,7.4,13.9,0.0,13.9,13.9,13.9,9.1,23.0,266.0,991.1,991.1,2.7,4.3
2024-04-16 13:35:28+02:00,10.1,10.1,7.6,6.5,78.0,12.2,88.0,112.9,1.0,0.0,7.4,13.9,0.0,13.9,13.9,13.9,8.5,22.0,281.0,991.1,991.1,2.7,4.3
2024-04-16 13:39:44+02:00,10.1,10.1,7.2,6.2,77.0,12.2,88.0,147.8,1.0,0.0,7.4,13.9,0.0,13.9,13.9,13.9,10.5,22.3,280.0,991.4,991.4,2.7,4.3
2024-04-16 13:44:00+02:00,10.1,9.7,7.4,6.5,78.0,12.3,88.0,204.3,1.0,0.0,7.4,13.9,0.0,13.9,13.9,13.9,9.4,24.8,281.0,991.5,991.5,2.7,4.4
2024-04-16 13:50:24+02:00,9.8,8.5,7.2,6.5,80.0,12.4,88.0,185.9,1.0,0.0,7.4,13.9,0.0,13.9,13.9,13.9,9.6,24.8,285.0,991.7,991.7,2.7,4.4
2024-04-16 13:54:40+02:00,9.9,8.6,7.0,6.3,79.0,12.4,88.0,209.8,1.0,0.0,7.4,13.9,0.0,13.9,13.9,13.9,10.3,27.0,306.0,991.7,991.7,2.7,4.4
2024-04-16 13:58:56+02:00,10.0,9.2,7.7,6.2,77.0,12.5,88.0,190.2,1.0,0.0,7.4,13.9,0.0,13.9,13.9,13.9,7.5,34.9,258.0,992.0,992.0,2.7,4.4
2024-04-16 14:05:20+02:00,10.1,10.0,6.8,6.3,77.0,12.6,88.0,136.3,1.0,0.0,7.4,13.9,0.0,13.9,13.9,13.9,12.6,17.3,276.0,992.0,992.0,2.7,4.5
2024-04-16 14:09:36+02:00,10.1,9.8,7.1,6.2,77.0,12.7,88.0,235.2,2.0,0.0,7.4,13.9,0.0,13.9,13.9,13.9,10.6,22.0,285.0,992.0,992.0,2.7,4.5
2024-04-16 14:16:00+02:00,10.3,10.3,6.8,5.8,74.0,12.7,88.0,304.5,2.0,0.0,7.4,13.9,0.0,13.9,13.9,13.9,12.8,23.8,282.0,992.2,992.2,2.7,4.6
2024-04-16 14:20:16+02:00,10.2,10.2,6.6,5.8,74.0,12.8,88.0,161.1,1.0,0.0,7.4,13.9,0.0,13.9,13.9,13.9,13.6,31.7,290.0,992.3,992.3,2.7,4.6
2024-04-16 14:24:32+02:00,10.0,7.7,5.7,5.4,73.0,12.9,88.0,242.2,2.0,0.0,7.4,13.9,0.0,13.9,13.9,13.9,16.8,31.7,281.0,992.4,992.4,2.7,4.6
2024-04-16 14:30:56+02:00,10.2,9.6,6.1,5.4,72.0,13.0,88.0,505.2,4.0,0.0,7.4,13.9,0.0,13.9,13.9,13.9,15.5,31.7,278.0,992.4,992.4,2.7,4.6
2024-04-16 14:35:12+02:00,10.8,10.8,7.3,5.6,70.0,13.1,88.0,497.6,4.0,0.0,7.4,13.9,0.0,13.9,13.9,13.9,12.8,29.9,273.0,992.5,992.5,2.7,4.8
2024-04-16 14:39:28+02:00,11.1,11.1,6.7,5.4,68.0,13.2,89.0,535.2,4.0,0.0,7.4,13.9,0.0,13.9,13.9,13.9,16.9,28.8,279.0,992.6,992.6,2.7,4.8
2024-04-16 14:45:52+02:00,11.2,11.2,7.6,5.4,67.0,13.3,89.0,533.5,4.0,0.0,7.4,13.9,0.0,13.9,13.9,13.9,13.2,25.2,267.0,992.6,992.6,2.7,5.0
2024-04-16 14:50:08+02:00,11.6,11.6,7.9,5.6,67.0,13.5,89.0,532.0,4.0,0.0,7.4,13.9,0.0,13.9,13.9,13.9,13.6,24.1,282.0,992.7,992.7,2.7,5.0
2024-04-16 14:54:24+02:00,12.0,12.0,8.4,5.9,66.0,13.6,89.0,495.2,4.0,0.0,7.4,13.9,0.0,13.9,13.9,13.9,13.5,22.0,294.0,992.7,992.7,2.7,5.2
2024-04-16 15:00:48+02:00,11.2,11.2,7.5,5.8,70.0,13.8,89.0,188.3,1.0,0.0,7.4,13.9,0.0,13.9,13.9,13.9,13.9,31.0,281.0,993.1,993.1,2.7,5.2
2024-04-16 15:05:04+02:00,10.5,10.5,7.3,5.4,71.0,13.8,89.0,450.4,4.0,0.0,7.4,13.9,0.0,13.9,13.9,13.9,11.2,27.7,306.0,993.2,993.2,2.7,5.2
2024-04-16 15:09:20+02:00,10.4,10.4,6.1,5.2,70.0,14.0,89.0,297.6,2.0,0.0,7.4,13.9,0.0,13.9,13.9,13.9,16.5,31.3,287.0,993.2,993.2,2.7,5.2
2024-04-16 15:15:44+02:00,10.5,10.5,7.6,5.4,71.0,14.1,89.0,451.9,4.0,0.0,7.4,13.9,0.0,13.9,13.9,13.9,9.9,26.6,302.0,993.3,993.3,2.7,5.2
2024-04-16 15:20:00+02:00,11.2,11.2,7.7,5.7,69.0,14.2,89.0,537.4,4.0,0.0,7.4,13.9,0.0,13.9,13.9,13.9,12.7,22.0,300.0,993.4,993.4,2.7,5.2
2024-04-16 15:24:16+02:00,11.4,11.4,7.3,5.7,68.0,14.3,89.0,538.7,5.0,0.0,7.4,13.9,0.0,13.9,13.9,13.9,16.2,27.4,307.0,993.3,993.3,2.7,5.2
2024-04-16 15:30:40+02:00,10.5,10.5,6.8,5.0,69.0,14.4,89.0,447.0,4.0,0.0,7.4,13.9,0.0,13.9,13.9,13.9,13.4,35.3,292.0,993.6,993.6,2.7,5.2
2024-04-16 15:34:56+02:00,10.5,10.5,6.8,5.0,69.0,14.6,89.0,293.9,2.0,0.0,7.4,13.9,0.0,13.9,13.9,13.9,13.0,25.9,298.0,993.6,993.6,2.7,5.2
2024-04-16 15:45:36+02:00,11.3,11.3,7.1,5.2,66.0,14.8,89.0,311.9,2.0,0.0,7.4,13.9,0.0,13.9,13.9,13.9,16.2,28.4,291.0,994.0,994.0,2.7,5.2
2024-04-16 15:49:52+02:00,10.6,10.6,7.5,4.7,67.0,14.9,89.0,482.9,4.0,0.0,7.4,13.9,0.0,13.9,13.9,13.9,9.9,30.6,284.0,994.0,994.0,2.7,5.2
2024-04-16 15:54:08+02:00,10.3,10.3,6.2,4.2,66.0,15.0,89.0,559.1,5.0,0.0,7.4,13.9,0.0,13.9,13.9,13.9,14.8,35.6,312.0,994.1,994.1,2.7,5.2
2024-04-16 16:00:32+02:00,10.8,10.8,7.4,4.5,65.0,15.1,89.0,531.6,4.0,0.0,7.4,13.9,0.0,13.9,13.9,13.9,11.4,28.1,326.0,994.1,994.1,2.7,5.2
2024-04-16 16:04:48+02:00,11.1,11.1,7.3,4.5,64.0,15.2,89.0,547.2,5.0,0.0,7.4,13.9,0.0,13.9,13.9,13.9,13.3,24.5,317.0,994.2,994.2,2.7,5.2
2024-04-16 16:09:04+02:00,11.1,11.1,7.5,4.4,64.0,15.3,89.0,498.1,4.0,0.0,7.4,13.9,0.0,13.9,13.9,13.9,12.2,25.9,279.0,994.2,994.2,2.7,5.2
2024-04-16 16:15:28+02:00,10.6,10.6,7.7,4.4,65.0,15.4,89.0,400.4,3.0,0.0,7.4,13.9,0.0,13.9,13.9,13.9,8.6,24.5,351.0,994.3,994.3,2.7,5.2
2024-04-16 16:19:44+02:00,10.3,10.3,7.2,4.4,66.0,15.5,89.0,318.2,2.0,0.0,7.4,13.9,0.0,13.9,13.9,13.9,9.9,24.1,306.0,994.4,994.4,2.7,5.2
2024-04-16 16:24:00+02:00,10.5,10.5,7.7,4.6,67.0,15.6,89.0,348.5,3.0,0.0,7.4,13.9,0.0,13.9,13.9,13.9,8.1,20.9,357.0,994.4,994.4,2.7,5.2
2024-04-16 16:30:24+02:00,10.5,10.5,7.3,4.4,66.0,15.7,89.0,323.6,3.0,0.0,7.4,13.9,0.0,13.9,13.9,13.9,9.9,20.9,2.0,994.5,994.5,2.7,5.2
2024-04-16 16:34:40+02:00,10.4,10.4,7.2,4.3,66.0,15.7,89.0,305.0,2.0,0.0,7.4,13.9,0.0,13.9,13.9,13.9,9.7,21.2,296.0,994.6,994.6,2.7,5.2
2024-04-16 16:41:04+02:00,10.1,9.8,7.1,4.1,66.0,15.8,89.0,281.1,2.0,0.0,7.4,13.9,0.0,13.9,13.9,13.9,8.7,23.0,319.0,994.6,994.6,2.7,5.2
2024-04-16 16:45:20+02:00,10.0,8.5,6.1,3.9,66.0,15.8,89.0,313.3,2.0,0.0,7.4,13.9,0.0,13.9,13.9,13.9,13.0,28.8,285.0,994.6,994.6,2.7,5.2
2024-04-16 16:49:36+02:00,10.0,8.8,6.5,3.7,65.0,15.9,89.0,324.4,3.0,0.0,7.4,13.9,0.0,13.9,13.9,13.9,11.2,20.9,287.0,994.8,994.8,2.7,5.2
2024-04-16 16:56:00+02:00,10.4,10.4,7.5,3.8,63.0,15.9,89.0,395.3,3.0,0.0,7.4,13.9,0.0,13.9,13.9,13.9,7.9,18.4,350.0,994.8,994.8,2.7,5.2
2024-04-16 17:00:16+02:00,10.3,10.3,7.2,3.7,64.0,16.0,89.0,413.6,3.0,0.0,7.4,13.9,0.0,13.9,13.9,13.9,8.9,24.1,335.0,994.7,994.7,2.7,5.2
2024-04-16 17:04:32+02:00,10.3,9.9,7.1,3.6,64.0,16.0,89.0,396.9,3.0,0.0,7.4,13.9,0.0,13.9,13.9,13.9,9.1,16.6,48.0,994.8,994.8,2.7,5.2
2024-04-16 17:10:56+02:00,11.0,11.0,8.1,3.9,61.0,16.1,89.0,418.1,3.0,0.0,7.4,13.9,0.0,13.9,13.9,13.9,8.1,18.4,4.0,994.8,994.8,2.7,5.2
2024-04-16 17:15:12+02:00,10.5,10.5,7.6,3.7,63.0,16.1,89.0,474.2,4.0,0.0,7.4,13.9,0.0,13.9,13.9,13.9,7.9,20.2,317.0,995.0,995.0,2.7,5.2
2024-04-16 17:19:28+02:00,10.6,10.6,7.8,3.9,63.0,16.2,89.0,358.7,3.0,0.0,7.4,13.9,0.0,13.9,13.9,13.9,7.5,17.6,264.0,995.0,995.0,2.7,5.2
2024-04-16 17:25:52+02:00,10.6,10.6,8.3,3.9,63.0,16.2,89.0,137.4,1.0,0.0,7.4,13.9,0.0,13.9,13.9,13.9,4.6,13.7,324.0,995.1,995.1,2.7,5.2
2024-04-16 17:30:08+02:00,10.6,10.6,8.4,4.1,64.0,16.3,89.0,144.6,1.0,0.0,7.4,13.9,0.0,13.9,13.9,13.9,4.5,11.2,11.0,995.2,995.2,2.7,5.2
2024-04-16 17:34:24+02:00,10.4,10.4,7.6,3.6,63.0,16.3,89.0,87.8,0.0,0.0,7.4,13.9,0.0,13.9,13.9,13.9,6.8,14.4,344.0,995.3,995.3,2.7,5.2
2024-04-16 17:40:48+02:00,10.2,10.2,8.0,3.7,64.0,16.3,89.0,98.7,0.0,0.0,7.4,13.9,0.0,13.9,13.9,13.9,4.4,14.0,315.0,995.3,995.3,2.7,5.2
2024-04-16 17:45:04+02:00,10.3,10.3,8.5,3.9,65.0,16.3,89.0,99.8,0.0,0.0,7.4,13.9,0.0,13.9,13.9,13.9,2.4,8.6,315.0,995.4,995.4,2.7,5.2
2024-04-16 17:49:20+02:00,10.2,10.2,8.3,3.8,64.0,16.3,89.0,99.5,0.0,0.0,7.4,13.9,0.0,13.9,13.9,13.9,2.6,7.2,307.0,995.4,995.4,2.7,5.2
2024-04-16 17:55:44+02:00,10.2,10.2,7.8,3.9,65.0,16.3,88.0,88.1,0.0,0.0,7.4,13.9,0.0,13.9,13.9,13.9,5.4,10.8,326.0,995.5,995.5,2.7,5.2
2024-04-16 18:00:00+02:00,10.3,10.3,8.4,3.9,65.0,16.3,88.0,73.7,0.0,0.0,7.4,13.9,0.0,13.9,13.9,13.9,2.6,7.6,289.0,995.5,995.5,2.7,5.2
2024-04-16 18:04:16+02:00,10.2,10.2,8.1,3.8,64.0,16.3,88.0,96.3,0.0,0.0,7.4,13.9,0.0,13.9,13.9,13.9,4.1,7.9,234.0,995.5,995.5,2.7,5.2
2024-04-16 18:10:40+02:00,10.3,10.3,8.3,3.9,64.0,16.3,88.0,108.3,1.0,0.0,7.4,13.9,0.0,13.9,13.9,13.9,3.5,7.6,266.0,995.6,995.6,2.7,5.2
2024-04-16 18:14:56+02:00,10.2,10.2,8.2,3.8,65.0,16.3,88.0,101.3,0.0,0.0,7.4,13.9,0.0,13.9,13.9,13.9,3.2,10.8,300.0,995.7,995.7,2.7,5.2
2024-04-16 18:19:12+02:00,10.2,10.2,7.8,3.8,64.0,16.3,88.0,121.8,1.0,0.0,7.4,13.9,0.0,13.9,13.9,13.9,5.4,9.7,309.0,995.7,995.7,2.7,5.2
2024-04-16 18:25:36+02:00,10.2,10.2,7.7,3.7,64.0,16.3,88.0,112.9,1.0,0.0,7.4,13.9,0.0,13.9,13.9,13.9,5.8,16.9,287.0,995.8,995.8,2.7,5.2
2024-04-16 18:29:52+02:00,10.2,10.2,7.8,3.6,64.0,16.3,88.0,85.4,0.0,0.0,7.4,13.9,0.0,13.9,13.9,13.9,4.8,15.8,277.0,995.8,995.8,2.7,5.2
2024-04-16 18:34:08+02:00,10.1,10.1,7.5,3.6,64.0,16.3,88.0,53.0,0.0,0.0,7.4,13.9,0.0,13.9,13.9,13.9,5.9,9.7,289.0,995.8,995.8,2.7,5.2
2024-04-16 18:40:32+02:00,9.8,9.6,7.7,3.4,64.0,16.3,88.0,31.7,0.0,0.0,7.4,13.9,0.0,13.9,13.9,13.9,3.7,14.0,313.0,995.8,995.8,2.7,5.2
2024-04-16 18:44:48+02:00,9.8,9.5,7.6,3.6,65.0,16.3,88.0,28.0,0.0,0.0,7.4,13.9,0.0,13.9,13.9,13.9,4.0,11.9,313.0,995.8,995.8,2.7,5.2
2024-04-16 18:49:04+02:00,9.8,9.8,7.8,3.6,66.0,16.2,88.0,24.3,0.0,0.0,7.4,13.9,0.0,13.9,13.9,13.9,2.9,6.5,291.0,995.7,995.7,2.7,5.2
2024-04-16 18:55:28+02:00,9.8,9.6,7.6,3.8,66.0,16.2,88.0,17.8,0.0,0.0,7.4,13.9,0.0,13.9,13.9,13.9,4.1,7.9,324.0,995.8,995.8,2.7,5.2
2024-04-16 18:59:44+02:00,9.7,9.5,7.6,3.9,67.0,16.2,88.0,9.6,0.0,0.0,7.4,13.9,0.0,13.9,13.9,13.9,4.0,7.9,290.0,995.8,995.8,2.7,5.2
2024-04-16 19:04:00+02:00,9.6,9.5,7.5,3.9,68.0,16.1,88.0,8.4,0.0,0.0,7.4,13.9,0.0,13.9,13.9,13.9,3.9,7.6,291.0,996.0,996.0,2.7,5.2
2024-04-16 19:10:24+02:00,9.6,9.5,7.6,3.9,68.0,16.1,88.0,8.2,0.0,0.0,7.4,13.9,0.0,13.9,13.9,13.9,3.2,7.2,283.0,995.9,995.9,2.7,5.2
2024-04-16 19:14:40+02:00,9.4,9.3,7.4,4.2,70.0,16.0,87.0,6.1,0.0,0.0,7.4,13.9,0.0,13.9,13.9,13.9,3.7,7.2,300.0,995.9,995.9,2.7,5.2
2024-04-16 19:18:56+02:00,9.3,9.3,7.4,4.5,72.0,16.0,87.0,4.7,0.0,0.0,7.4,13.9,0.0,13.9,13.9,13.9,3.9,7.9,281.0,996.1,996.1,2.7,5.2
2024-04-16 19:25:20+02:00,9.2,8.9,7.1,4.6,73.0,16.0,87.0,4.7,0.0,0.0,7.4,13.9,0.0,13.9,13.9,13.9,4.9,9.7,268.0,996.2,996.2,2.7,5.2
2024-04-16 19:29:36+02:00,9.0,8.6,7.1,5.0,76.0,15.9,87.0,3.8,0.0,0.0,7.4,13.9,0.0,13.9,13.9,13.9,4.0,10.1,292.0,996.4,996.4,2.7,5.2
2024-04-16 19:36:00+02:00,8.8,8.8,7.5,5.1,78.0,15.8,87.0,4.3,0.0,0.0,7.4,13.9,0.0,13.9,13.9,13.9,0.9,9.0,330.0,996.3,996.3,2.7,5.2
2024-04-16 19:40:16+02:00,8.7,8.7,7.4,5.2,79.0,15.8,87.0,4.0,0.0,0.0,7.4,13.9,0.0,13.9,13.9,13.9,1.1,6.1,276.0,996.3,996.3,2.7,5.2
2024-04-16 19:44:32+02:00,8.6,8.6,7.1,5.2,79.0,15.7,87.0,3.1,0.0,0.0,7.4,13.9,0.0,13.9,13.9,13.9,2.3,8.6,279.0,996.5,996.5,2.7,5.1
2024-04-16 19:50:56+02:00,8.6,8.6,6.8,5.2,79.0,15.7,87.0,2.3,0.0,0.0,7.4,13.9,0.0,13.9,13.9,13.9,3.5,6.5,288.0,996.6,996.6,2.7,5.1
2024-04-16 19:55:12+02:00,8.5,8.0,6.4,5.2,79.0,15.6,87.0,1.9,0.0,0.0,7.4,13.9,0.0,13.9,13.9,13.9,5.5,9.4,277.0,996.6,996.6,2.7,5.1
2024-04-16 19:59:28+02:00,8.4,8.1,6.6,5.3,81.0,15.6,87.0,1.3,0.0,0.0,7.4,13.9,0.0,13.9,13.9,13.9,4.0,13.3,270.0,996.7,996.7,2.7,5.1
2024-04-16 20:05:52+02:00,8.3,7.6,6.1,5.6,83.0,15.5,87.0,1.2,0.0,0.0,7.4,13.9,0.0,13.9,13.9,13.9,5.9,9.7,289.0,996.8,996.8,2.7,5.1
2024-04-16 20:10:08+02:00,8.1,8.1,6.6,5.6,84.0,15.4,87.0,1.3,0.0,0.0,7.4,13.9,0.0,13.9,13.9,13.9,2.4,9.0,251.0,996.9,996.9,2.7,5.1
2024-04-16 20:14:24+02:00,7.9,7.7,6.6,5.6,85.0,15.4,87.0,1.3,0.0,0.0,7.4,13.9,0.0,13.9,13.9,13.9,1.7,6.5,269.0,996.9,996.9,2.7,5.1
2024-04-16 20:20:48+02:00,7.8,7.8,6.6,5.5,85.0,15.3,87.0,1.1,0.0,0.0,7.4,13.9,0.0,13.9,13.9,13.9,1.1,4.3,133.0,997.0,997.0,2.7,5.1
2024-04-16 20:25:04+02:00,7.7,7.7,6.5,5.6,86.0,15.2,87.0,0.8,0.0,0.0,7.4,13.9,0.0,13.9,13.9,13.9,0.9,3.6,149.0,997.1,997.1,2.7,5.1
2024-04-16 20:29:20+02:00,7.6,7.6,6.3,5.4,86.0,15.2,87.0,0.5,0.0,0.0,7.4,13.9,0.0,13.9,13.9,13.9,1.4,4.7,247.0,997.2,997.2,2.7,5.1
2024-04-16 20:35:44+02:00,7.6,7.6,6.5,5.4,86.0,15.1,86.0,0.3,0.0,0.0,7.4,13.9,0.0,13.9,13.9,13.9,0.5,4.3,248.0,997.4,997.4,2.7,5.1
2024-04-16 20:40:00+02:00,7.6,7.6,6.4,5.5,86.0,15.1,86.0,0.2,0.0,0.0,7.4,13.9,0.0,13.9,13.9,13.9,1.0,3.2,273.0,997.2,997.2,2.7,5.1
2024-04-16 20:44:16+02:00,7.6,7.6,6.4,5.6,87.0,15.0,86.0,0.1,0.0,0.0,7.4,13.9,0.0,13.9,13.9,13.9,1.2,4.0,297.0,997.3,997.3,2.7,5.1
2024-04-16 20:50:40+02:00,7.7,7.7,6.3,5.7,87.0,14.9,86.0,0.0,0.0,0.0,7.4,13.9,0.0,13.9,13.9,13.9,2.0,5.0,290.0,997.5,997.5,2.7,5.1
2024-04-16 20:54:56+02:00,7.7,7.7,6.4,5.7,87.0,14.9,86.0,0.0,0.0,0.0,7.4,13.9,0.0,13.9,13.9,13.9,1.9,4.0,329.0,997.7,997.7,2.7,5.1
2024-04-16 20:59:12+02:00,7.8,7.8,6.5,5.8,87.0,14.8,86.0,0.0,0.0,0.0,7.4,13.9,0.0,13.9,13.9,13.9,1.9,4.3,304.0,997.7,997.7,2.7,5.1
2024-04-16 21:05:36+02:00,7.8,7.8,6.2,5.8,87.0,14.7,86.0,0.0,0.0,0.0,7.4,13.9,0.0,13.9,13.9,13.9,3.2,7.2,283.0,997.8,997.8,2.7,5.1
2024-04-16 21:09:52+02:00,7.8,7.8,6.2,5.8,87.0,14.7,86.0,0.0,0.0,0.0,7.4,13.9,0.0,13.9,13.9,13.9,3.1,6.5,276.0,997.9,997.9,2.7,5.1
2024-04-16 21:14:08+02:00,7.8,7.8,6.3,5.8,87.0,14.7,86.0,0.0,0.0,0.0,7.4,13.9,0.0,13.9,13.9,13.9,2.5,6.8,276.0,997.9,997.9,2.7,5.1
2024-04-16 21:20:32+02:00,7.8,7.8,6.5,5.8,87.0,14.6,86.0,0.0,0.0,0.0,7.4,13.9,0.0,13.9,13.9,13.9,1.8,5.0,299.0,998.1,998.1,2.7,5.1
2024-04-16 21:24:48+02:00,7.8,7.7,6.4,5.8,87.0,14.5,86.0,0.0,0.0,0.0,7.4,13.9,0.0,13.9,13.9,13.9,2.1,5.8,284.0,998.1,998.1,2.7,5.0
2024-04-16 21:29:04+02:00,7.8,7.8,6.4,5.8,87.0,14.5,86.0,0.0,0.0,0.0,7.4,13.9,0.0,13.9,13.9,13.9,2.0,5.8,280.0,998.1,998.1,2.7,5.0
2024-04-16 21:35:28+02:00,7.8,7.8,6.3,5.8,87.0,14.4,86.0,0.0,0.0,0.0,7.4,13.9,0.0,13.9,13.9,13.9,2.9,6.5,287.0,998.3,998.3,2.7,5.0
2024-04-16 21:39:44+02:00,7.7,7.7,6.6,5.9,88.0,14.4,86.0,0.0,0.0,0.0,7.4,13.9,0.0,13.9,13.9,13.9,0.9,4.7,283.0,998.2,998.2,2.7,5.0
2024-04-16 21:44:00+02:00,7.7,7.7,6.5,5.9,88.0,14.3,86.0,0.0,0.0,0.0,7.4,13.9,0.0,13.9,13.9,13.9,1.1,4.7,67.0,998.4,998.4,2.7,5.0
2024-04-16 21:50:24+02:00,7.8,7.8,6.6,5.9,88.0,14.2,86.0,0.0,0.0,0.0,7.4,13.9,0.0,13.9,13.9,13.9,1.4,4.3,39.0,998.4,998.4,2.7,5.0
2024-04-16 21:54:40+02:00,7.8,7.6,6.3,5.8,87.0,14.2,86.0,0.0,0.0,0.0,7.4,13.9,0.0,13.9,13.9,13.9,2.8,7.2,305.0,998.4,998.4,2.7,5.0
2024-04-16 22:01:04+02:00,7.9,7.9,6.6,5.7,86.0,14.1,86.0,0.0,0.0,0.0,7.4,13.9,0.0,13.9,13.9,13.9,1.7,7.2,298.0,998.4,998.4,2.7,5.0
2024-04-16 22:05:20+02:00,8.0,7.7,6.1,5.6,85.0,14.1,86.0,0.0,0.0,0.0,7.4,13.9,0.0,13.9,13.9,13.9,4.7,7.6,310.0,998.6,998.6,2.7,5.0
2024-04-16 22:09:36+02:00,8.1,8.1,6.7,5.7,85.0,14.1,86.0,0.0,0.0,0.0,7.4,13.9,0.0,13.9,13.9,13.9,2.0,6.8,283.0,998.6,998.6,2.7,5.0
2024-04-16 22:16:00+02:00,8.1,8.1,6.8,5.7,85.0,14.0,86.0,0.0,0.0,0.0,7.4,13.9,0.0,13.9,13.9,13.9,1.4,6.1,267.0,998.6,998.6,2.7,5.0
2024-04-16 22:20:16+02:00,8.1,8.1,6.9,5.9,86.0,14.0,86.0,0.0,0.0,0.0,7.4,13.9,0.0,13.9,13.9,13.9,1.3,4.0,300.0,998.8,998.8,2.7,5.0
2024-04-16 22:24:32+02:00,8.0,8.0,6.8,5.8,86.0,14.0,86.0,0.0,0.0,0.0,7.4,13.9,0.0,13.9,13.9,13.9,1.4,4.0,271.0,998.8,998.8,2.7,5.0
2024-04-16 22:30:56+02:00,7.9,7.9,6.8,5.9,87.0,13.9,87.0,0.0,0.0,0.0,7.4,13.9,0.0,13.9,13.9,13.9,1.2,4.0,278.0,998.9,998.9,2.7,5.0
2024-04-16 22:35:12+02:00,7.9,7.9,6.5,6.0,88.0,13.9,87.0,0.0,0.0,0.0,7.4,13.9,0.0,13.9,13.9,13.9,2.4,6.1,281.0,998.9,998.9,2.7,5.0
2024-04-16 22:39:28+02:00,7.8,7.6,6.3,6.0,89.0,13.8,87.0,0.0,0.0,0.0,7.4,13.9,0.0,13.9,13.9,13.9,3.2,7.2,282.0,998.9,998.9,2.7,5.0
2024-04-16 22:45:52+02:00,7.8,7.8,6.3,6.1,89.0,13.8,87.0,0.0,0.0,0.0,7.4,13.9,0.0,13.9,13.9,13.9,3.1,7.2,281.0,999.0,999.0,2.7,5.0
2024-04-16 22:50:08+02:00,7.7,7.7,6.4,6.0,89.0,13.7,86.0,0.0,0.0,0.0,7.4,13.9,0.0,13.9,13.9,13.9,2.1,7.2,288.0,999.0,999.0,2.7,5.0
2024-04-16 22:54:24+02:00,7.7,7.7,6.3,6.0,89.0,13.7,86.0,0.0,0.0,0.0,7.4,13.9,0.0,13.9,13.9,13.9,2.8,5.4,296.0,999.0,999.0,2.7,5.0
2024-04-16 23:00:48+02:00,7.7,7.6,5.9,6.0,89.0,13.7,86.0,0.0,0.0,0.0,7.4,13.9,0.0,13.9,13.9,13.9,4.4,7.9,284.0,999.2,999.2,2.7,5.0
2024-04-16 23:05:04+02:00,7.7,7.2,5.7,5.9,88.0,13.6,87.0,0.0,0.0,0.0,7.4,13.9,0.0,13.9,13.9,13.9,5.5,9.4,289.0,999.2,999.2,2.7,5.0
2024-04-16 23:09:20+02:00,7.7,7.5,6.0,5.9,88.0,13.6,87.0,0.0,0.0,0.0,7.4,13.9,0.0,13.9,13.9,13.9,3.8,7.9,282.0,999.0,999.0,2.7,5.0
2024-04-16 23:15:44+02:00,7.6,7.3,5.8,5.8,88.0,13.5,86.0,0.0,0.0,0.0,7.4,13.9,0.0,13.9,13.9,13.9,4.3,7.9,288.0,999.1,999.1,2.7,4.9
2024-04-16 23:20:00+02:00,7.6,7.1,5.7,5.7,88.0,13.5,86.0,0.0,0.0,0.0,7.4,13.9,0.0,13.9,13.9,13.9,4.4,10.8,295.0,999.2,999.2,2.7,4.9
2024-04-16 23:24:16+02:00,7.6,7.1,5.6,5.5,87.0,13.5,86.0,0.0,0.0,0.0,7.4,13.9,0.0,13.9,13.9,13.9,5.2,10.8,295.0,999.3,999.3,2.7,4.9
2024-04-16 23:30:40+02:00,7.6,7.6,6.0,5.5,86.0,13.4,86.0,0.0,0.0,0.0,7.4,13.9,0.0,13.9,13.9,13.9,3.2,13.0,263.0,999.4,999.4,2.7,4.9
2024-04-16 23:34:56+02:00,7.5,7.0,5.5,5.5,87.0,13.4,86.0,0.0,0.0,0.0,7.4,13.9,0.0,13.9,13.9,13.9,5.0,9.4,278.0,999.5,999.5,2.7,4.9
2024-04-16 23:39:12+02:00,7.3,7.3,5.6,5.4,88.0,13.3,86.0,0.0,0.0,0.0,7.4,13.9,0.0,13.9,13.9,13.9,3.2,8.3,275.0,999.5,999.5,2.7,4.9
2024-04-16 23:45:36+02:00,7.2,6.8,5.3,5.5,89.0,13.3,86.0,0.0,0.0,0.0,7.4,13.9,0.0,13.9,13.9,13.9,4.5,8.3,261.0,999.6,999.6,2.7,4.9
2024-04-16 23:49:52+02:00,7.0,7.0,5.5,5.3,89.0,13.2,86.0,0.0,0.0,0.0,7.4,13.9,0.0,13.9,13.9,13.9,2.4,6.8,281.0,999.6,999.6,2.7,4.9
2024-04-16 23:54:08+02:00,6.9,6.9,5.5,5.2,89.0,13.2,86.0,0.0,0.0,0.0,7.4,13.9,0.0,13.9,13.9,13.9,1.7,5.0,301.0,999.7,999.7,2.7,4.9
2024-04-17 00:00:32+02:00,6.8,6.5,5.1,5.0,89.0,13.1,86.0,0.0,0.0,0.0,0.0,13.9,0.0,13.9,13.9,13.9,2.9,9.4,277.0,999.8,999.8,2.7,4.9
2024-04-17 00:04:48+02:00,6.8,6.8,5.0,5.0,88.0,13.1,86.0,0.0,0.0,0.0,0.0,13.9,0.0,13.9,13.9,13.9,3.1,5.8,283.0,999.7,999.7,2.7,4.9
2024-04-17 00:09:04+02:00,6.7,6.7,5.2,4.9,88.0,13.1,86.0,0.0,0.0,0.0,0.0,13.9,0.0,13.9,13.9,13.9,1.8,5.8,307.0,999.8,999.8,2.7,4.9
2024-04-17 00:15:28+02:00,6.6,6.6,5.4,4.9,89.0,13.0,86.0,0.0,0.0,0.0,0.0,13.9,0.0,13.9,13.9,13.9,0.0,2.9,21.0,999.9,999.9,2.7,4.9
2024-04-17 00:19:44+02:00,6.3,6.3,4.7,4.7,89.0,13.0,86.0,0.0,0.0,0.0,0.0,13.9,0.0,13.9,13.9,13.9,2.4,4.3,239.0,1000.1,1000.1,2.7,4.9
2024-04-17 00:24:00+02:00,6.5,6.0,4.6,4.7,88.0,12.9,86.0,0.0,0.0,0.0,0.0,13.9,0.0,13.9,13.9,13.9,3.9,12.2,290.0,1000.0,1000.0,2.7,4.9
2024-04-17 00:30:24+02:00,6.5,6.5,5.2,4.7,88.0,12.8,86.0,0.0,0.0,0.0,0.0,13.9,0.0,13.9,13.9,13.9,0.8,4.7,49.0,1000.1,1000.1,2.7,4.9
2024-04-17 00:34:40+02:00,6.3,6.2,4.9,4.6,88.0,12.8,86.0,0.0,0.0,0.0,0.0,13.9,0.0,13.9,13.9,13.9,1.4,5.0,285.0,1000.0,1000.0,2.7,4.9
2024-04-17 00:38:56+02:00,6.3,6.3,4.8,4.5,88.0,12.7,86.0,0.0,0.0,0.0,0.0,13.9,0.0,13.9,13.9,13.9,1.6,5.8,327.0,1000.2,1000.2,2.7,4.9
2024-04-17 00:45:20+02:00,6.2,6.2,4.7,4.6,89.0,12.7,86.0,0.0,0.0,0.0,0.0,13.9,0.0,13.9,13.9,13.9,1.9,2.9,66.0,1000.2,1000.2,2.7,4.9
2024-04-17 00:49:36+02:00,6.0,6.0,4.4,4.4,89.0,12.6,86.0,0.0,0.0,0.0,0.0,13.9,0.0,13.9,13.9,13.9,1.3,4.3,128.0,1000.3,1000.3,2.7,4.9
2024-04-17 00:56:00+02:00,5.7,5.7,4.3,4.2,90.0,12.5,86.0,0.0,0.0,0.0,0.0,13.9,0.0,13.9,13.9,13.9,1.1,3.2,77.0,1000.3,1000.3,2.7,4.9
2024-04-17 01:00:16+02:00,5.5,5.5,3.8,4.2,91.0,12.5,86.0,0.0,0.0,0.0,0.0,13.9,0.0,13.9,13.9,13.9,2.4,3.6,112.0,1000.3,1000.3,2.7,4.9
2024-04-17 01:04:32+02:00,5.4,5.4,3.8,4.1,91.0,12.4,86.0,0.0,0.0,0.0,0.0,13.9,0.0,13.9,13.9,13.9,1.3,2.9,103.0,1000.2,1000.2,2.7,4.8
2024-04-17 01:10:56+02:00,5.4,5.4,3.9,4.3,92.0,12.3,86.0,0.0,0.0,0.0,0.0,13.9,0.0,13.9,13.9,13.9,1.2,4.0,136.0,1000.5,1000.5,2.7,4.8
2024-04-17 01:15:12+02:00,5.4,5.4,3.8,4.3,92.0,12.3,86.0,0.0,0.0,0.0,0.0,13.9,0.0,13.9,13.9,13.9,2.0,4.0,103.0,1000.4,1000.4,2.7,4.8
2024-04-17 01:19:28+02:00,5.4,5.4,4.0,4.2,92.0,12.3,86.0,0.0,0.0,0.0,0.0,13.9,0.0,13.9,13.9,13.9,0.8,5.0,132.0,1000.5,1000.5,2.7,4.8
2024-04-17 01:25:52+02:00,5.3,5.3,3.4,4.2,93.0,12.2,86.0,0.0,0.0,0.0,0.0,13.9,0.0,13.9,13.9,13.9,3.1,4.7,117.0,1000.6,1000.6,2.7,4.8
2024-04-17 01:30:08+02:00,5.2,5.2,3.6,4.2,93.0,12.2,86.0,0.0,0.0,0.0,0.0,13.9,0.0,13.9,13.9,13.9,1.9,5.4,95.0,1000.5,1000.5,2.7,4.8
2024-04-17 01:34:24+02:00,5.0,5.0,3.4,4.0,93.0,12.1,86.0,0.0,0.0,0.0,0.0,13.9,0.0,13.9,13.9,13.9,1.4,3.2,117.0,1000.6,1000.6,2.7,4.8
2024-04-17 01:40:48+02:00,4.8,4.8,3.1,3.8,93.0,12.0,86.0,0.0,0.0,0.0,0.0,13.9,0.0,13.9,13.9,13.9,2.0,4.3,86.0,1000.6,1000.6,2.7,4.8
2024-04-17 01:45:04+02:00,4.8,4.8,3.1,3.9,94.0,12.0,86.0,0.0,0.0,0.0,0.0,13.9,0.0,13.9,13.9,13.9,1.9,3.6,96.0,1000.6,1000.6,2.7,4.8
2024-04-17 01:49:20+02:00,4.7,4.7,2.9,3.8,94.0,11.9,86.0,0.0,0.0,0.0,0.0,13.9,0.0,13.9,13.9,13.9,2.4,4.3,97.0,1000.6,1000.6,2.7,4.8
2024-04-17 01:55:44+02:00,4.4,4.4,2.8,3.5,94.0,11.8,86.0,0.0,0.0,0.0,0.0,13.9,0.0,13.9,13.9,13.9,1.4,2.9,101.0,1000.8,1000.8,2.7,4.8
2024-04-17 02:00:00+02:00,4.3,4.1,2.3,3.6,95.0,11.8,86.0,0.0,0.0,0.0,0.0,13.9,0.0,13.9,13.9,13.9,3.4,5.0,103.0,1000.8,1000.8,2.7,4.8
2024-04-17 02:04:16+02:00,4.4,4.4,2.3,3.7,95.0,11.7,85.0,0.0,0.0,0.0,0.0,13.9,0.0,13.9,13.9,13.9,3.7,5.0,94.0,1000.7,1000.7,2.7,4.8
2024-04-17 02:10:40+02:00,4.2,4.2,2.4,3.5,95.0,11.7,85.0,0.0,0.0,0.0,0.0,13.9,0.0,13.9,13.9,13.9,2.2,4.0,103.0,1000.7,1000.7,2.7,4.8
2024-04-17 02:14:56+02:00,4.2,4.2,2.2,3.6,96.0,11.6,85.0,0.0,0.0,0.0,0.0,13.9,0.0,13.9,13.9,13.9,3.2,4.3,98.0,1000.7,1000.7,2.7,4.8
2024-04-17 02:19:12+02:00,4.2,4.2,2.2,3.5,96.0,11.5,85.0,0.0,0.0,0.0,0.0,13.9,0.0,13.9,13.9,13.9,2.7,3.6,99.0,1000.7,1000.7,2.7,4.8
2024-04-17 02:25:36+02:00,4.0,4.0,1.9,3.4,96.0,11.5,85.0,0.0,0.0,0.0,0.0,13.9,0.0,13.9,13.9,13.9,3.5,4.7,104.0,1000.8,1000.8,2.7,4.8
2024-04-17 02:29:52+02:00,3.9,3.9,1.9,3.4,96.0,11.4,85.0,0.0,0.0,0.0,0.0,13.9,0.0,13.9,13.9,13.9,3.4,4.7,106.0,1000.8,1000.8,2.7,4.8
2024-04-17 02:34:08+02:00,3.8,3.8,1.8,3.3,96.0,11.3,85.0,0.0,0.0,0.0,0.0,13.9,0.0,13.9,13.9,13.9,3.0,4.3,103.0,1000.7,1000.7,2.7,4.8
2024-04-17 02:40:32+02:00,3.7,3.7,1.8,3.2,96.0,11.3,85.0,0.0,0.0,0.0,0.0,13.9,0.0,13.9,13.9,13.9,2.5,3.6,94.0,1000.9,1000.9,2.7,4.8
2024-04-17 02:44:48+02:00,3.7,3.7,1.7,3.1,96.0,11.2,85.0,0.0,0.0,0.0,0.0,13.9,0.0,13.9,13.9,13.9,2.4,3.2,91.0,1000.7,1000.7,2.7,4.8
2024-04-17 02:49:04+02:00,3.5,3.5,1.7,3.0,96.0,11.1,85.0,0.0,0.0,0.0,0.0,13.9,0.0,13.9,13.9,13.9,1.9,2.9,84.0,1000.9,1000.9,2.7,4.8
2024-04-17 02:55:28+02:00,3.6,3.4,1.5,3.0,96.0,11.1,85.0,0.0,0.0,0.0,0.0,13.9,0.0,13.9,13.9,13.9,2.9,5.0,105.0,1000.8,1000.8,2.7,4.7
2024-04-17 02:59:44+02:00,3.5,3.5,1.5,3.0,96.0,11.0,85.0,0.0,0.0,0.0,0.0,13.9,0.0,13.9,13.9,13.9,2.7,4.3,95.0,1000.8,1000.8,2.7,4.7
2024-04-17 03:04:00+02:00,3.5,3.5,1.5,2.9,96.0,10.9,85.0,0.0,0.0,0.0,0.0,13.9,0.0,13.9,13.9,13.9,2.2,4.3,97.0,1000.8,1000.8,2.7,4.7
2024-04-17 03:10:24+02:00,3.4,3.4,1.2,2.9,97.0,10.8,85.0,0.0,0.0,0.0,0.0,13.9,0.0,13.9,13.9,13.9,3.6,4.7,103.0,1000.8,1000.8,2.7,4.7
2024-04-17 03:14:40+02:00,3.4,3.4,1.2,2.9,97.0,10.8,85.0,0.0,0.0,0.0,0.0,13.9,0.0,13.9,13.9,13.9,3.5,4.7,103.0,1000.8,1000.8,2.7,4.7
2024-04-17 03:21:04+02:00,3.3,3.3,1.2,2.8,97.0,10.7,85.0,0.0,0.0,0.0,0.0,13.9,0.0,13.9,13.9,13.9,3.2,4.0,108.0,1000.7,1000.7,2.7,4.7
2024-04-17 03:25:20+02:00,3.2,3.2,1.0,2.8,97.0,10.7,85.0,0.0,0.0,0.0,0.0,13.9,0.0,13.9,13.9,13.9,3.3,4.7,103.0,1000.8,1000.8,2.7,4.7
2024-04-17 03:29:36+02:00,3.2,3.2,0.9,2.7,97.0,10.6,85.0,0.0,0.0,0.0,0.0,13.9,0.0,13.9,13.9,13.9,3.8,4.7,107.0,1000.8,1000.8,2.7,4.7
2024-04-17 03:36:00+02:00,3.2,3.2,0.8,2.7,97.0,10.5,85.0,0.0,0.0,0.0,0.0,13.9,0.0,13.9,13.9,13.9,3.9,5.0,97.0,1000.8,1000.8,2.7,4.7
2024-04-17 03:40:16+02:00,3.0,3.0,0.8,2.6,97.0,10.5,85.0,0.0,0.0,0.0,0.0,13.9,0.0,13.9,13.9,13.9,3.5,5.0,106.0,1000.7,1000.7,2.7,4.7
2024-04-17 03:44:32+02:00,3.0,3.0,0.8,2.6,97.0,10.4,85.0,0.0,0.0,0.0,0.0,13.9,0.0,13.9,13.9,13.9,3.4,4.7,103.0,1000.7,1000.7,2.7,4.7
2024-04-17 03:50:56+02:00,2.9,2.9,0.7,2.5,97.0,10.3,85.0,0.0,0.0,0.0,0.0,13.9,0.0,13.9,13.9,13.9,3.1,4.0,106.0,1000.8,1000.8,2.7,4.7
2024-04-17 03:55:12+02:00,2.8,2.8,0.8,2.4,97.0,10.2,85.0,0.0,0.0,0.0,0.0,13.9,0.0,13.9,13.9,13.9,2.4,4.0,99.0,1000.8,1000.8,2.7,4.7
2024-04-17 03:59:28+02:00,2.7,2.7,0.5,2.3,97.0,10.2,85.0,0.0,0.0,0.0,0.0,13.9,0.0,13.9,13.9,13.9,3.0,4.0,105.0,1000.7,1000.7,2.7,4.7
2024-04-17 04:05:52+02:00,2.8,2.6,0.5,2.4,97.0,10.1,85.0,0.0,0.0,0.0,0.0,13.9,0.0,13.9,13.9,13.9,4.2,5.4,98.0,1000.9,1000.9,2.7,4.7
2024-04-17 04:10:08+02:00,2.7,2.7,0.4,2.3,97.0,10.0,85.0,0.0,0.0,0.0,0.0,13.9,0.0,13.9,13.9,13.9,3.7,5.0,99.0,1000.8,1000.8,2.7,4.7
2024-04-17 04:14:24+02:00,2.8,2.8,0.6,2.4,97.0,10.0,85.0,0.0,0.0,0.0,0.0,13.9,0.0,13.9,13.9,13.9,3.5,5.4,106.0,1000.8,1000.8,2.7,4.7
2024-04-17 04:20:48+02:00,2.7,2.7,0.4,2.3,97.0,10.0,84.0,0.0,0.0,0.0,0.0,13.9,0.0,13.9,13.9,13.9,3.7,5.0,108.0,1000.9,1000.9,2.7,4.7
2024-04-17 04:25:04+02:00,2.7,2.7,0.3,2.3,97.0,9.8,85.0,0.0,0.0,0.0,0.0,13.9,0.0,13.9,13.9,13.9,3.7,5.4,102.0,1000.9,1000.9,2.7,4.7
2024-04-17 04:40:00+02:00,2.7,2.7,0.4,2.4,98.0,9.7,84.0,0.0,0.0,0.0,0.0,13.9,0.0,13.9,13.9,13.9,3.3,5.0,105.0,1001.0,1001.0,2.7,4.6
2024-04-17 04:44:16+02:00,2.6,2.6,0.3,2.3,98.0,9.6,84.0,0.0,0.0,0.0,0.0,13.9,0.0,13.9,13.9,13.9,3.5,4.7,103.0,1000.9,1000.9,2.7,4.6
2024-04-17 04:50:40+02:00,2.5,2.5,0.2,2.3,98.0,9.6,84.0,0.0,0.0,0.0,0.0,13.9,0.0,13.9,13.9,13.9,3.7,4.7,103.0,1001.0,1001.0,2.7,4.6
2024-04-17 04:54:56+02:00,2.5,2.5,0.1,2.2,98.0,9.5,84.0,0.0,0.0,0.0,0.0,13.9,0.0,13.9,13.9,13.9,3.8,4.7,107.0,1001.0,1001.0,2.7,4.6
2024-04-17 04:59:12+02:00,2.5,2.5,0.1,2.2,98.0,9.4,84.0,0.0,0.0,0.0,0.0,13.9,0.0,13.9,13.9,13.9,3.8,4.7,102.0,1001.0,1001.0,2.7,4.6
2024-04-17 05:05:36+02:00,2.5,2.5,0.2,2.2,98.0,9.4,84.0,0.0,0.0,0.0,0.0,13.9,0.0,13.9,13.9,13.9,3.6,4.7,101.0,1001.0,1001.0,2.7,4.6
2024-04-17 05:09:52+02:00,2.5,2.5,0.2,2.2,98.0,9.3,84.0,0.0,0.0,0.0,0.0,13.9,0.0,13.9,13.9,13.9,3.5,4.7,106.0,1000.9,1000.9,2.7,4.6
2024-04-17 05:14:08+02:00,2.6,2.6,0.2,2.3,98.0,9.3,84.0,0.0,0.0,0.0,0.0,13.9,0.0,13.9,13.9,13.9,3.9,5.4,101.0,1001.0,1001.0,2.7,4.6
2024-04-17 05:20:32+02:00,2.5,2.5,0.3,2.3,98.0,9.3,84.0,0.0,0.0,0.0,0.0,13.9,0.0,13.9,13.9,13.9,3.1,4.3,103.0,1001.0,1001.0,2.7,4.6
2024-04-17 05:24:48+02:00,2.4,2.4,0.2,2.2,98.0,9.2,84.0,0.0,0.0,0.0,0.0,13.9,0.0,13.9,13.9,13.9,3.2,4.3,103.0,1001.0,1001.0,2.7,4.6
2024-04-17 05:29:04+02:00,2.3,2.3,0.0,2.0,98.0,9.1,84.0,0.0,0.0,0.0,0.0,13.9,0.0,13.9,13.9,13.9,3.0,4.0,100.0,1001.1,1001.1,2.7,4.6
2024-04-17 05:35:28+02:00,2.3,2.3,0.0,2.1,98.0,9.1,84.0,0.0,0.0,0.0,0.0,13.9,0.0,13.9,13.9,13.9,3.6,4.7,116.0,1001.3,1001.3,2.7,4.6
2024-04-17 05:39:44+02:00,2.3,2.0,-0.1,2.0,98.0,9.0,84.0,0.0,0.0,0.0,0.0,13.9,0.0,13.9,13.9,13.9,4.1,7.6,96.0,1001.2,1001.2,2.7,4.6
2024-04-17 05:44:00+02:00,2.3,2.1,-0.2,2.0,98.0,9.0,84.0,0.0,0.0,0.0,0.0,13.9,0.0,13.9,13.9,13.9,4.3,6.1,116.0,1001.3,1001.3,2.7,4.6
2024-04-17 05:50:24+02:00,2.4,2.4,0.1,2.2,98.0,8.9,84.0,0.0,0.0,0.0,0.0,13.9,0.0,13.9,13.9,13.9,3.4,7.6,109.0,1001.2,1001.2,2.7,4.6
2024-04-17 05:54:40+02:00,2.3,0.2,-0.7,2.1,98.0,8.9,84.0,0.0,0.0,0.0,0.0,13.9,0.0,13.9,13.9,13.9,7.4,9.7,118.0,1001.3,1001.3,2.7,4.5
2024-04-17 05:58:56+02:00,2.3,1.9,0.0,2.0,98.0,8.8,84.0,0.0,0.0,0.0,0.0,13.9,0.0,13.9,13.9,13.9,3.2,9.0,124.0,1001.2,1001.2,2.7,4.5
2024-04-17 06:05:20+02:00,2.2,1.2,-0.5,1.9,98.0,8.8,84.0,0.2,0.0,0.0,0.0,13.9,0.0,13.9,13.9,13.9,5.4,9.0,106.0,1001.3,1001.3,2.7,4.5
2024-04-17 06:09:36+02:00,2.3,0.5,-0.6,2.0,98.0,8.7,84.0,0.3,0.0,0.0,0.0,13.9,0.0,13.9,13.9,13.9,6.3,8.6,127.0,1001.3,1001.3,2.7,4.5
2024-04-17 06:16:00+02:00,2.3,2.3,-0.1,2.0,98.0,8.7,84.0,0.7,0.0,0.0,0.0,13.9,0.0,13.9,13.9,13.9,3.8,6.8,111.0,1001.2,1001.2,2.68,4.5
2024-04-17 06:20:16+02:00,2.3,1.5,-0.3,2.0,98.0,8.6,84.0,1.2,0.0,0.0,0.0,13.9,0.0,13.9,13.9,13.9,5.1,7.9,99.0,1001.4,1001.4,2.69,4.5
2024-04-17 06:24:32+02:00,2.4,1.9,-0.2,2.1,98.0,8.6,84.0,2.1,0.0,0.0,0.0,13.9,0.0,13.9,13.9,13.9,4.7,8.6,88.0,1001.4,1001.4,2.7,4.5
2024-04-17 06:30:56+02:00,2.3,2.3,-0.1,2.0,98.0,8.6,84.0,3.4,0.0,0.0,0.0,13.9,0.0,13.9,13.9,13.9,3.5,5.0,106.0,1001.2,1001.2,2.7,4.5
2024-04-17 06:35:12+02:00,2.0,0.7,-0.9,1.7,98.0,8.5,84.0,4.8,0.0,0.0,0.0,13.9,0.0,13.9,13.9,13.9,5.9,9.4,132.0,1001.3,1001.3,2.68,4.5
2024-04-17 06:39:28+02:00,2.0,1.7,-0.5,1.7,98.0,8.5,84.0,6.5,0.0,0.0,0.0,13.9,0.0,13.9,13.9,13.9,3.6,8.6,78.0,1001.3,1001.3,2.68,4.5
2024-04-17 06:45:52+02:00,2.1,2.1,-0.3,1.8,98.0,8.5,84.0,8.2,0.0,0.0,0.0,13.9,0.0,13.9,13.9,13.9,3.8,7.6,61.0,1001.3,1001.3,2.7,4.5
2024-04-17 06:50:08+02:00,2.2,1.3,-0.5,1.9,98.0,8.4,85.0,9.9,0.0,0.0,0.0,13.9,0.0,13.9,13.9,13.9,4.8,8.3,37.0,1001.4,1001.4,2.7,4.5
2024-04-17 06:54:24+02:00,2.2,-0.2,-1.1,1.9,98.0,8.4,85.0,12.1,0.0,0.0,0.0,13.9,0.0,13.9,13.9,13.9,8.1,14.0,54.0,1001.4,1001.4,2.72,4.5
2024-04-17 07:00:48+02:00,2.2,0.7,-0.7,1.9,98.0,8.3,85.0,13.8,0.0,0.0,0.0,13.9,0.0,13.9,13.9,13.9,6.2,14.0,55.0,1001.3,1001.3,2.72,4.5
2024-04-17 07:05:04+02:00,2.3,1.6,-0.3,2.0,98.0,8.3,85.0,14.5,0.0,0.0,0.0,13.9,0.0,13.9,13.9,13.9,5.0,8.6,56.0,1001.4,1001.4,2.7,4.5
2024-04-17 07:09:20+02:00,2.3,1.3,-0.3,2.1,98.0,8.3,85.0,16.6,0.0,0.0,0.0,13.9,0.0,13.9,13.9,13.9,5.3,9.4,123.0,1001.5,1001.5,2.7,4.5
2024-04-17 07:15:44+02:00,2.5,2.5,0.3,2.2,98.0,8.3,85.0,21.2,0.0,0.0,0.0,13.9,0.0,13.9,13.9,13.9,3.0,9.4,102.0,1001.5,1001.5,2.72,4.5
2024-04-17 07:20:00+02:00,2.7,2.7,0.4,2.4,98.0,8.3,85.0,26.4,0.0,0.0,0.0,13.9,0.0,13.9,13.9,13.9,3.5,5.4,107.0,1001.5,1001.5,2.72,4.5
2024-04-17 07:24:16+02:00,2.9,2.9,0.6,2.6,98.0,8.3,85.0,32.6,0.0,0.0,0.0,13.9,0.0,13.9,13.9,13.9,3.7,6.5,101.0,1001.4,1001.4,2.7,4.4
2024-04-17 07:30:40+02:00,3.2,2.9,1.0,3.0,99.0,8.3,85.0,39.3,0.0,0.0,0.0,13.9,0.0,13.9,13.9,13.9,3.4,7.9,152.0,1001.4,1001.4,2.7,4.4
2024-04-17 07:34:56+02:00,3.3,1.6,0.5,3.0,98.0,8.2,85.0,44.3,0.0,0.0,0.0,13.9,0.0,13.9,13.9,13.9,6.6,9.0,116.0,1001.5,1001.5,2.7,4.5
2024-04-17 07:39:12+02:00,3.5,2.7,1.1,3.3,99.0,8.3,85.0,65.0,0.0,0.0,0.0,13.9,0.0,13.9,13.9,13.9,4.8,12.2,44.0,1001.4,1001.4,2.7,4.5
2024-04-17 07:45:36+02:00,3.7,3.5,1.7,3.6,99.0,8.3,85.0,64.6,0.0,0.0,0.0,13.9,0.0,13.9,13.9,13.9,3.5,12.2,51.0,1001.4,1001.4,2.72,4.4
2024-04-17 07:49:52+02:00,4.0,3.6,1.9,3.8,99.0,8.3,85.0,61.6,0.0,0.0,0.0,13.9,0.0,13.9,13.9,13.9,3.5,8.3,134.0,1001.4,1001.4,2.72,4.4
2024-04-17 07:54:08+02:00,4.1,4.1,2.1,3.9,99.0,8.4,85.0,56.4,0.0,0.0,0.0,13.9,0.0,13.9,13.9,13.9,3.3,6.8,118.0,1001.4,1001.4,2.7,4.5
2024-04-17 08:00:32+02:00,4.2,3.8,2.2,4.1,99.0,8.5,85.0,53.4,0.0,0.0,0.0,13.9,0.0,13.9,13.9,13.9,3.9,7.2,102.0,1001.5,1001.5,2.7,4.5
2024-04-17 08:04:48+02:00,4.3,3.8,2.1,4.0,98.0,8.6,86.0,49.1,0.0,0.0,0.0,13.9,0.0,13.9,13.9,13.9,4.7,8.3,157.0,1001.5,1001.5,2.7,4.5
2024-04-17 08:09:04+02:00,4.3,4.3,2.5,4.0,98.0,8.7,86.0,35.7,0.0,0.0,0.0,13.9,0.0,13.9,13.9,13.9,2.3,10.1,120.0,1001.6,1001.6,2.7,4.5
2024-04-17 08:15:28+02:00,4.3,4.3,2.3,4.0,98.0,8.7,86.0,47.3,0.0,0.0,0.0,13.9,0.0,13.9,13.9,13.9,3.6,9.0,82.0,1001.6,1001.6,2.7,4.5
2024-04-17 08:19:44+02:00,4.3,4.0,2.2,4.1,98.0,8.7,86.0,45.9,0.0,1.2,0.2,14.1,0.2,14.1,14.1,14.1,4.5,10.8,52.0,1001.6,1001.6,2.7,4.5
2024-04-17 08:24:00+02:00,4.3,4.3,2.6,4.0,98.0,8.8,86.0,29.6,0.0,2.4,0.4,14.3,0.4,14.3,14.3,14.3,2.0,9.0,252.0,1001.7,1001.7,2.7,4.5
2024-04-17 08:30:24+02:00,4.3,4.3,2.5,4.1,98.0,8.8,86.0,42.2,0.0,3.0,0.5,14.4,0.5,14.4,14.4,14.4,3.2,6.5,167.0,1001.6,1001.6,2.7,4.5
2024-04-17 08:34:40+02:00,4.4,4.0,2.3,4.1,98.0,8.8,86.0,41.3,0.0,1.2,0.5,14.4,0.5,14.4,14.4,14.4,4.2,9.0,270.0,1001.5,1001.5,2.72,4.5
2024-04-17 08:41:04+02:00,4.5,3.7,2.4,4.2,98.0,8.9,86.0,59.9,0.0,0.6,0.6,14.5,0.6,14.5,14.5,14.5,4.1,8.6,177.0,1001.7,1001.7,2.72,4.5
2024-04-17 08:45:20+02:00,4.6,4.0,2.4,4.3,98.0,8.9,86.0,59.4,0.0,0.6,0.6,14.5,0.6,14.5,14.5,14.5,4.6,9.4,105.0,1001.6,1001.6,2.7,4.5
2024-04-17 08:49:36+02:00,4.7,4.7,2.9,4.4,98.0,8.9,86.0,50.4,0.0,0.6,0.7,14.6,0.7,14.6,14.6,14.6,2.6,7.2,152.0,1001.7,1001.7,2.7,4.5
2024-04-17 08:56:00+02:00,4.7,3.9,2.4,4.4,98.0,9.0,86.0,55.2,0.0,0.6,0.7,14.6,0.7,14.6,14.6,14.6,5.3,9.0,187.0,1001.6,1001.6,2.72,4.4
2024-04-17 09:00:16+02:00,4.7,4.7,3.0,4.4,98.0,9.0,86.0,62.2,0.0,0.6,0.7,14.6,0.7,14.6,14.6,14.6,2.2,11.2,358.0,1001.6,1001.6,2.72,4.4
2024-04-17 09:04:32+02:00,4.8,4.6,3.0,4.5,98.0,9.0,86.0,48.4,0.0,0.6,0.8,14.7,0.8,14.7,14.7,14.7,2.6,11.2,145.0,1001.7,1001.7,2.7,4.4
2024-04-17 09:10:56+02:00,4.8,4.1,2.6,4.5,98.0,9.1,86.0,37.2,0.0,1.2,0.9,14.8,0.9,14.8,14.8,14.8,4.6,10.1,358.0,1001.6,1001.6,2.7,4.4
2024-04-17 09:15:12+02:00,4.7,3.9,2.4,4.5,98.0,9.1,86.0,28.1,0.0,0.6,0.9,14.8,0.9,14.8,14.8,14.8,5.5,9.4,77.0,1001.7,1001.7,2.7,4.4
2024-04-17 09:19:28+02:00,4.7,4.7,2.8,4.4,98.0,9.2,86.0,25.6,0.0,1.2,1.0,14.9,0.8,14.9,14.9,14.9,3.3,8.6,151.0,1001.7,1001.7,2.7,4.4
2024-04-17 09:25:52+02:00,4.7,4.7,2.8,4.5,98.0,9.2,86.0,92.4,0.0,1.2,1.1,15.0,0.7,15.0,15.0,15.0,3.2,7.6,172.0,1001.7,1001.7,2.7,4.4
2024-04-17 09:30:08+02:00,4.8,4.8,2.9,4.5,98.0,9.2,86.0,93.8,0.0,0.6,1.1,15.0,0.6,15.0,15.0,15.0,3.7,8.6,174.0,1001.7,1001.7,2.7,4.4
2024-04-17 09:34:24+02:00,5.0,4.8,3.0,4.6,97.0,9.2,87.0,96.5,0.0,0.6,1.1,15.0,0.6,15.0,15.0,15.0,4.0,8.3,164.0,1001.6,1001.6,2.7,4.4
2024-04-17 09:40:48+02:00,5.0,4.8,3.2,4.6,97.0,9.3,87.0,84.0,0.0,0.6,1.2,15.1,0.6,15.1,15.1,15.1,3.2,8.3,173.0,1001.7,1001.7,2.7,4.4
2024-04-17 09:45:04+02:00,5.0,4.8,3.3,4.6,97.0,9.3,87.0,93.2,0.0,0.6,1.2,15.1,0.6,15.1,15.1,15.1,2.9,9.0,253.0,1001.7,1001.7,2.7,4.4
2024-04-17 09:49:20+02:00,5.0,4.6,2.8,4.5,97.0,9.3,87.0,104.6,0.0,0.6,1.2,15.1,0.5,15.1,15.1,15.1,4.6,9.7,141.0,1001.7,1001.7,2.7,4.4
2024-04-17 09:55:44+02:00,5.0,5.0,3.2,4.4,96.0,9.3,87.0,89.7,0.0,0.6,1.3,15.2,0.6,15.2,15.2,15.2,3.2,9.7,121.0,1001.6,1001.6,2.7,4.4
2024-04-17 10:00:00+02:00,5.0,3.9,2.6,4.4,96.0,9.4,87.0,52.0,0.0,0.6,1.3,15.2,0.5,15.2,15.2,15.2,5.9,13.3,137.0,1001.6,1001.6,2.7,4.4
2024-04-17 10:04:16+02:00,5.0,4.3,2.8,4.4,96.0,9.5,87.0,52.6,0.0,1.2,1.4,15.3,0.6,15.3,15.3,15.3,4.8,10.4,131.0,1001.6,1001.6,2.72,4.4
2024-04-17 10:10:40+02:00,5.0,4.8,3.0,4.4,96.0,9.5,87.0,80.6,0.0,1.2,1.5,15.4,0.6,15.4,15.4,15.4,3.7,11.2,121.0,1001.6,1001.6,2.72,4.4
2024-04-17 10:14:56+02:00,5.0,4.6,2.9,4.3,95.0,9.5,87.0,100.5,0.0,0.6,1.5,15.4,0.6,15.4,15.4,15.4,4.3,12.6,305.0,1001.6,1001.6,2.7,4.4
2024-04-17 10:19:12+02:00,5.0,4.2,2.7,4.2,95.0,9.6,87.0,164.6,1.0,0.0,1.5,15.4,0.5,15.4,15.4,15.4,5.0,11.9,261.0,1001.6,1001.6,2.7,4.4
2024-04-17 10:25:36+02:00,5.1,4.3,2.8,4.4,95.0,9.6,87.0,165.8,1.0,0.0,1.5,15.4,0.4,15.4,15.4,15.4,5.5,11.9,255.0,1001.6,1001.6,2.7,4.4
2024-04-17 10:29:52+02:00,5.2,4.7,3.2,4.5,95.0,9.6,87.0,117.0,1.0,0.0,1.5,15.4,0.4,15.4,15.4,15.4,4.1,9.7,109.0,1001.6,1001.6,2.7,4.4
2024-04-17 10:34:08+02:00,5.2,4.1,2.8,4.5,95.0,9.7,87.0,84.5,0.0,0.0,1.5,15.4,0.4,15.4,15.4,15.4,6.2,9.7,233.0,1001.8,1001.8,2.7,4.5
2024-04-17 10:40:32+02:00,5.1,4.8,3.0,4.3,94.0,9.7,87.0,143.9,1.0,0.0,1.5,15.4,0.3,15.4,15.4,15.4,4.0,14.8,264.0,1001.8,1001.8,2.7,4.5
2024-04-17 10:44:48+02:00,5.3,4.5,3.0,4.4,94.0,9.7,87.0,142.0,1.0,0.0,1.5,15.4,0.3,15.4,15.4,15.4,5.3,12.2,327.0,1001.6,1001.6,2.72,4.4
2024-04-17 10:49:04+02:00,5.3,4.7,3.2,4.4,94.0,9.8,87.0,146.2,1.0,0.0,1.5,15.4,0.3,15.4,15.4,15.4,4.6,12.2,203.0,1001.7,1001.7,2.72,4.4
2024-04-17 10:55:28+02:00,5.6,5.1,3.6,4.8,94.0,9.8,87.0,122.1,1.0,0.0,1.5,15.4,0.2,15.4,15.4,15.4,4.1,9.7,225.0,1001.6,1001.6,2.7,4.5
2024-04-17 10:59:44+02:00,5.5,4.9,3.4,4.6,94.0,9.9,87.0,68.0,0.0,0.0,1.5,15.4,0.1,15.4,15.4,15.4,4.4,9.4,216.0,1001.8,1001.8,2.7,4.5
2024-04-17 11:04:00+02:00,5.5,5.2,3.5,4.6,94.0,9.9,87.0,150.2,1.0,0.0,1.5,15.4,0.1,15.4,15.4,15.4,4.0,9.4,229.0,1001.9,1001.9,2.7,4.5
2024-04-17 11:10:24+02:00,5.4,4.7,3.2,4.4,93.0,10.0,87.0,145.9,1.0,0.0,1.5,15.4,0.0,15.4,15.4,15.4,4.8,11.2,288.0,1001.9,1001.9,2.7,4.5
2024-04-17 11:14:40+02:00,5.4,5.0,3.3,4.3,92.0,10.0,87.0,149.1,1.0,0.0,1.5,15.4,0.0,15.4,15.4,15.4,4.4,9.0,258.0,1001.9,1001.9,2.7,4.6
2024-04-17 11:18:56+02:00,5.6,5.2,3.5,4.4,92.0,10.1,87.0,273.9,2.0,0.0,1.5,15.4,0.0,15.4,15.4,15.4,4.2,12.2,283.0,1001.9,1001.9,2.7,4.6
2024-04-17 11:25:20+02:00,5.9,5.9,4.3,4.6,91.0,10.1,87.0,298.2,2.0,0.0,1.5,15.4,0.0,15.4,15.4,15.4,2.2,8.6,274.0,1001.9,1001.9,2.7,4.6
2024-04-17 11:29:36+02:00,6.1,5.9,4.0,4.6,90.0,10.2,88.0,269.0,2.0,0.0,1.5,15.4,0.0,15.4,15.4,15.4,4.5,10.1,280.0,1001.9,1001.9,2.7,4.6
2024-04-17 11:36:00+02:00,6.4,6.4,4.6,4.8,90.0,10.3,88.0,288.0,2.0,0.0,1.5,15.4,0.0,15.4,15.4,15.4,3.1,6.5,230.0,1001.9,1001.9,2.7,4.7
2024-04-17 11:40:16+02:00,6.6,6.4,4.6,4.7,88.0,10.4,88.0,276.6,2.0,0.0,1.5,15.4,0.0,15.4,15.4,15.4,4.0,8.3,269.0,1001.8,1001.8,2.7,4.7
2024-04-17 11:44:32+02:00,6.4,5.9,4.3,4.3,86.0,10.5,88.0,211.8,1.0,0.0,1.5,15.4,0.0,15.4,15.4,15.4,4.6,20.5,276.0,1001.9,1001.9,2.7,4.8
2024-04-17 11:50:56+02:00,6.7,6.2,4.7,4.4,85.0,10.6,88.0,222.1,2.0,0.0,1.5,15.4,0.0,15.4,15.4,15.4,3.9,11.5,263.0,1001.9,1001.9,2.7,4.8
2024-04-17 11:55:12+02:00,6.6,6.4,4.7,4.3,85.0,10.7,88.0,184.9,1.0,0.0,1.5,15.4,0.0,15.4,15.4,15.4,3.7,9.0,272.0,1001.7,1001.7,2.7,4.9
2024-04-17 11:59:28+02:00,6.6,6.1,4.5,4.3,85.0,10.8,88.0,233.2,2.0,0.0,1.5,15.4,0.0,15.4,15.4,15.4,4.5,11.5,294.0,1001.8,1001.8,2.7,4.9
2024-04-17 12:05:52+02:00,6.7,6.6,4.7,4.4,85.0,11.0,88.0,332.3,3.0,0.0,1.5,15.4,0.0,15.4,15.4,15.4,4.2,10.8,291.0,1001.9,1001.9,2.7,5.0
2024-04-17 12:10:08+02:00,6.9,6.9,5.3,4.3,84.0,11.1,88.0,252.9,2.0,0.0,1.5,15.4,0.0,15.4,15.4,15.4,1.5,7.6,270.0,1001.8,1001.8,2.7,5.0
2024-04-17 12:14:24+02:00,7.3,7.2,5.7,4.7,84.0,11.2,88.0,160.7,1.0,0.0,1.5,15.4,0.0,15.4,15.4,15.4,2.2,6.5,253.0,1001.8,1001.8,2.7,5.1
2024-04-17 12:20:48+02:00,7.4,7.4,5.8,4.8,83.0,11.3,88.0,285.3,2.0,0.0,1.5,15.4,0.0,15.4,15.4,15.4,2.0,5.8,123.0,1001.8,1001.8,2.7,5.1
2024-04-17 12:25:04+02:00,7.8,7.2,5.8,4.8,81.0,11.4,88.0,418.7,3.0,0.0,1.5,15.4,0.0,15.4,15.4,15.4,4.8,8.6,143.0,1001.8,1001.8,2.7,5.1
2024-04-17 12:29:20+02:00,7.7,7.3,5.7,4.5,80.0,11.5,88.0,371.7,3.0,0.0,1.5,15.4,0.0,15.4,15.4,15.4,3.7,11.5,141.0,1001.8,1001.8,2.7,5.1
2024-04-17 12:35:44+02:00,8.2,8.2,6.2,4.8,79.0,11.6,88.0,271.1,2.0,0.0,1.5,15.4,0.0,15.4,15.4,15.4,4.0,7.2,194.0,1001.6,1001.6,2.7,5.2
2024-04-17 12:40:00+02:00,8.2,8.1,6.4,4.5,77.0,11.7,88.0,209.7,1.0,0.0,1.5,15.4,0.0,15.4,15.4,15.4,3.0,5.8,312.0,1001.6,1001.6,2.7,5.2
2024-04-17 12:44:16+02:00,7.7,7.5,5.7,4.2,79.0,11.8,88.0,225.9,2.0,0.0,1.5,15.4,0.0,15.4,15.4,15.4,3.5,7.2,53.0,1001.6,1001.6,2.7,5.2
2024-04-17 12:50:40+02:00,8.2,8.0,6.2,4.8,79.0,11.9,89.0,350.8,3.0,0.0,1.5,15.4,0.0,15.4,15.4,15.4,4.0,6.1,115.0,1001.6,1001.6,2.7,5.2
2024-04-17 12:54:56+02:00,8.6,8.0,6.1,4.2,74.0,12.1,89.0,440.6,4.0,0.0,1.5,15.4,0.0,15.4,15.4,15.4,6.0,8.6,115.0,1001.5,1001.5,2.7,5.2
2024-04-17 12:59:12+02:00,8.9,8.8,7.3,4.1,72.0,12.2,89.0,525.3,4.0,0.0,1.5,15.4,0.0,15.4,15.4,15.4,1.8,9.4,120.0,1001.3,1001.3,2.7,5.2
2024-04-17 13:05:36+02:00,9.6,9.3,7.6,4.0,68.0,12.3,89.0,478.4,4.0,0.0,1.5,15.4,0.0,15.4,15.4,15.4,3.8,7.2,81.0,1001.3,1001.3,2.7,5.2
2024-04-17 13:09:52+02:00,9.2,8.6,6.7,3.8,69.0,12.5,89.0,432.8,4.0,0.0,1.5,15.4,0.0,15.4,15.4,15.4,5.8,10.8,131.0,1001.3,1001.3,2.7,5.2
2024-04-17 13:14:08+02:00,9.5,9.3,7.5,3.9,68.0,12.7,89.0,319.7,2.0,0.0,1.5,15.4,0.0,15.4,15.4,15.4,3.9,10.4,140.0,1001.3,1001.3,2.7,5.2
2024-04-17 13:20:32+02:00,9.8,9.7,7.9,4.8,71.0,12.7,89.0,154.7,1.0,0.0,1.5,15.4,0.0,15.4,15.4,15.4,3.3,9.4,232.0,1001.2,1001.2,2.7,5.2
2024-04-17 13:24:48+02:00,8.4,7.9,6.3,5.1,80.0,12.9,89.0,129.8,1.0,0.6,1.6,15.5,0.1,15.5,15.5,15.5,5.2,11.5,285.0,1001.4,1001.4,2.7,5.2
2024-04-17 13:29:04+02:00,7.8,7.8,6.5,4.8,81.0,13.0,89.0,171.8,1.0,0.6,1.6,15.5,0.1,15.5,15.5,15.5,0.6,8.6,104.0,1001.3,1001.3,2.7,5.2
2024-04-17 13:35:28+02:00,7.7,7.4,5.9,4.4,79.0,13.1,89.0,246.1,2.0,0.6,1.6,15.5,0.1,15.5,15.5,15.5,2.9,6.5,100.0,1001.2,1001.2,2.7,5.2
2024-04-17 13:39:44+02:00,7.9,6.8,5.3,4.4,79.0,13.2,89.0,730.4,6.0,0.6,1.7,15.6,0.2,15.6,15.6,15.6,7.0,12.2,117.0,1001.1,1001.1,2.7,5.2
2024-04-17 13:44:00+02:00,8.7,8.1,6.4,5.0,78.0,13.3,89.0,570.9,5.0,0.6,1.7,15.6,0.2,15.6,15.6,15.6,6.1,13.0,112.0,1001.2,1001.2,2.7,5.2
2024-04-17 13:50:24+02:00,8.9,8.4,6.7,5.2,78.0,13.4,89.0,826.5,7.0,0.6,1.7,15.6,0.2,15.6,15.6,15.6,5.3,10.8,134.0,1001.2,1001.2,2.7,5.2
2024-04-17 13:54:40+02:00,9.5,8.7,7.0,4.8,72.0,13.5,89.0,823.4,7.0,0.0,1.7,15.6,0.2,15.6,15.6,15.6,7.1,19.1,124.0,1001.3,1001.3,2.7,5.2
2024-04-17 14:01:04+02:00,9.3,8.7,6.9,4.6,72.0,13.6,89.0,450.3,4.0,0.0,1.7,15.6,0.2,15.6,15.6,15.6,6.3,19.1,123.0,1001.2,1001.2,2.7,5.2
2024-04-17 14:05:20+02:00,8.9,7.8,6.2,4.3,73.0,13.8,90.0,369.5,3.0,0.0,1.7,15.6,0.2,15.6,15.6,15.6,7.7,13.3,123.0,1001.1,1001.1,2.7,5.2
2024-04-17 14:09:36+02:00,9.3,9.3,7.7,4.4,72.0,13.9,90.0,527.0,4.0,0.0,1.7,15.6,0.2,15.6,15.6,15.6,2.0,8.3,275.0,1001.2,1001.2,2.7,5.2
2024-04-17 14:16:00+02:00,9.3,9.3,7.5,4.7,73.0,14.1,90.0,449.2,4.0,0.0,1.7,15.6,0.2,15.6,15.6,15.6,3.2,9.0,4.0,1001.1,1001.1,2.7,5.2
2024-04-17 14:20:16+02:00,9.0,8.7,6.8,4.4,73.0,14.2,90.0,152.3,1.0,0.0,1.7,15.6,0.2,15.6,15.6,15.6,5.0,9.0,96.0,1001.0,1001.0,2.7,5.2
2024-04-17 14:24:32+02:00,9.0,9.0,7.4,4.1,72.0,14.3,89.0,106.2,0.0,0.0,1.7,15.6,0.1,15.6,15.6,15.6,1.7,7.6,119.0,1001.0,1001.0,2.7,5.2
2024-04-17 14:30:56+02:00,8.9,8.4,6.7,4.1,72.0,14.3,89.0,43.8,0.0,0.0,1.7,15.6,0.1,15.6,15.6,15.6,4.8,11.5,307.0,1001.2,1001.2,2.7,5.2
2024-04-17 14:35:12+02:00,7.9,7.6,5.8,4.0,76.0,14.4,89.0,16.4,0.0,0.0,1.7,15.6,0.1,15.6,15.6,15.6,4.3,14.0,274.0,1001.3,1001.3,2.7,5.2
2024-04-17 14:50:08+02:00,6.5,5.6,4.2,4.1,84.0,14.5,88.0,98.0,0.0,0.6,1.8,15.7,0.1,15.7,15.7,15.7,5.0,13.0,151.0,1001.4,1001.4,2.7,5.2
2024-04-17 14:54:24+02:00,6.3,5.3,3.9,4.2,86.0,14.5,88.0,373.2,3.0,0.6,1.9,15.8,0.2,15.8,15.8,15.8,5.8,13.0,112.0,1001.3,1001.3,2.7,5.2
2024-04-17 15:00:48+02:00,7.0,6.5,5.0,4.9,86.0,14.5,88.0,759.4,7.0,0.6,1.9,15.8,0.2,15.8,15.8,15.8,4.7,12.6,110.0,1001.2,1001.2,2.7,5.2
2024-04-17 15:05:04+02:00,8.0,7.7,6.1,5.1,82.0,14.5,88.0,560.9,5.0,0.0,1.9,15.8,0.2,15.8,15.8,15.8,4.5,10.1,137.0,1001.2,1001.2,2.7,5.2
2024-04-17 15:09:20+02:00,8.5,8.2,6.4,4.7,77.0,14.5,88.0,497.0,4.0,0.6,2.0,15.9,0.3,15.9,15.9,15.9,4.9,8.6,150.0,1001.3,1001.3,2.7,5.2
2024-04-17 15:15:44+02:00,9.3,9.1,7.6,5.3,76.0,14.5,88.0,553.9,5.0,0.6,2.0,15.9,0.3,15.9,15.9,15.9,3.6,7.9,128.0,1001.3,1001.3,2.7,5.2
2024-04-17 15:20:00+02:00,9.9,9.9,8.0,4.4,69.0,14.6,89.0,558.2,5.0,0.0,2.0,15.9,0.3,15.9,15.9,15.9,3.6,11.2,194.0,1001.2,1001.2,2.7,5.2
2024-04-17 15:24:16+02:00,10.3,10.3,8.2,4.8,68.0,14.7,89.0,586.7,5.0,0.0,2.0,15.9,0.3,15.9,15.9,15.9,5.2,10.8,125.0,1001.2,1001.2,2.7,5.2
2024-04-17 15:30:40+02:00,11.6,11.6,9.7,5.1,64.0,14.8,89.0,562.9,5.0,0.0,2.0,15.9,0.3,15.9,15.9,15.9,4.0,7.9,116.0,1001.2,1001.2,2.7,5.2
2024-04-17 15:34:56+02:00,11.6,11.6,10.0,4.6,62.0,14.9,89.0,527.8,4.0,0.0,2.0,15.9,0.3,15.9,15.9,15.9,2.1,8.6,155.0,1001.1,1001.1,2.7,5.2
2024-04-17 15:39:12+02:00,11.9,11.9,9.8,4.6,61.0,15.1,89.0,454.5,4.0,0.0,2.0,15.9,0.2,15.9,15.9,15.9,4.6,11.2,134.0,1001.0,1001.0,2.7,5.2
2024-04-17 15:45:36+02:00,10.6,10.6,8.3,4.5,66.0,15.2,89.0,464.2,4.0,0.0,2.0,15.9,0.2,15.9,15.9,15.9,5.5,15.5,158.0,1001.1,1001.1,2.7,5.2
2024-04-17 15:49:52+02:00,10.4,10.1,7.7,4.2,66.0,15.2,89.0,170.1,1.0,0.0,2.0,15.9,0.2,15.9,15.9,15.9,7.3,13.3,131.0,1001.0,1001.0,2.7,5.2
2024-04-17 15:54:08+02:00,9.3,9.2,7.3,4.4,71.0,15.3,89.0,145.6,1.0,0.0,2.0,15.9,0.1,15.9,15.9,15.9,3.9,13.0,109.0,1001.0,1001.0,2.7,5.2
2024-04-17 16:00:32+02:00,9.2,8.7,6.8,3.9,70.0,15.3,89.0,443.9,4.0,0.0,2.0,15.9,0.1,15.9,15.9,15.9,5.8,15.5,145.0,1000.9,1000.9,2.7,5.2
2024-04-17 16:04:48+02:00,10.0,9.7,7.6,3.4,64.0,15.4,89.0,466.5,4.0,0.0,2.0,15.9,0.1,15.9,15.9,15.9,4.7,11.9,178.0,1000.9,1000.9,2.7,5.2
2024-04-17 16:09:04+02:00,10.5,10.5,8.3,3.7,63.0,15.4,89.0,256.0,2.0,0.0,2.0,15.9,0.0,15.9,15.9,15.9,4.1,7.2,165.0,1000.8,1000.8,2.7,5.2
2024-04-17 16:15:28+02:00,10.1,10.1,7.8,3.3,63.0,15.5,89.0,104.7,0.0,0.0,2.0,15.9,0.0,15.9,15.9,15.9,4.4,7.9,216.0,1000.7,1000.7,2.7,5.2
2024-04-17 16:19:44+02:00,9.7,9.7,7.9,3.4,65.0,15.6,89.0,82.6,0.0,0.0,2.0,15.9,0.0,15.9,15.9,15.9,2.1,9.0,120.0,1000.8,1000.8,2.7,5.2
2024-04-17 16:24:00+02:00,9.6,9.6,7.7,3.6,66.0,15.6,89.0,323.7,3.0,0.0,2.0,15.9,0.0,15.9,15.9,15.9,2.6,6.5,272.0,1000.7,1000.7,2.7,5.2
2024-04-17 16:30:24+02:00,10.4,10.4,8.1,2.7,59.0,15.6,89.0,480.7,4.0,0.0,2.0,15.9,0.0,15.9,15.9,15.9,3.9,5.8,141.0,1000.7,1000.7,2.7,5.2
2024-04-17 16:34:40+02:00,11.2,11.2,9.0,2.6,56.0,15.7,89.0,460.9,4.0,0.0,2.0,15.9,0.0,15.9,15.9,15.9,3.1,8.3,227.0,1000.6,1000.6,2.7,5.2
2024-04-17 16:38:56+02:00,11.3,11.3,9.1,2.2,53.0,15.7,89.0,137.4,1.0,0.0,2.0,15.9,0.0,15.9,15.9,15.9,3.0,7.9,117.0,1000.6,1000.6,2.7,5.2
2024-04-17 16:45:20+02:00,10.8,10.8,8.6,2.1,55.0,15.8,89.0,75.7,0.0,0.0,2.0,15.9,0.0,15.9,15.9,15.9,2.9,7.6,223.0,1000.5,1000.5,2.7,5.2
2024-04-17 16:49:36+02:00,9.9,9.6,7.4,2.7,61.0,15.8,89.0,48.3,0.0,0.0,2.0,15.9,0.0,15.9,15.9,15.9,4.5,15.1,309.0,1000.5,1000.5,2.7,5.2
2024-04-17 16:56:00+02:00,9.2,8.0,6.0,2.9,65.0,15.8,89.0,59.0,0.0,0.0,2.0,15.9,0.0,15.9,15.9,15.9,8.6,15.1,318.0,1000.4,1000.4,2.7,5.2
2024-04-17 17:00:16+02:00,8.8,8.6,6.3,2.9,67.0,15.8,89.0,79.6,0.0,0.0,2.0,15.9,0.0,15.9,15.9,15.9,4.8,10.8,308.0,1000.5,1000.5,2.7,5.2
2024-04-17 17:04:32+02:00,9.1,8.7,6.6,3.2,66.0,15.8,89.0,124.9,1.0,0.0,2.0,15.9,0.0,15.9,15.9,15.9,5.2,8.3,287.0,1000.4,1000.4,2.7,5.2
2024-04-17 17:10:56+02:00,9.1,8.3,6.2,2.6,64.0,15.8,88.0,109.4,1.0,0.0,2.0,15.9,0.0,15.9,15.9,15.9,6.6,10.1,288.0,1000.4,1000.4,2.7,5.2
2024-04-17 17:15:12+02:00,8.8,8.2,6.1,2.6,65.0,15.8,88.0,94.0,0.0,0.0,2.0,15.9,0.0,15.9,15.9,15.9,5.8,11.9,287.0,1000.4,1000.4,2.7,5.2
2024-04-17 17:19:28+02:00,8.6,7.7,5.7,3.1,68.0,15.8,88.0,80.9,0.0,0.0,2.0,15.9,0.0,15.9,15.9,15.9,6.9,11.2,301.0,1000.5,1000.5,2.7,5.2
2024-04-17 17:25:52+02:00,8.4,8.1,6.1,3.2,70.0,15.8,88.0,68.0,0.0,0.0,2.0,15.9,0.0,15.9,15.9,15.9,4.5,14.0,274.0,1000.5,1000.5,2.7,5.2
2024-04-17 17:30:08+02:00,8.1,5.9,4.1,3.2,71.0,15.7,88.0,36.7,0.0,0.0,2.0,15.9,0.0,15.9,15.9,15.9,13.4,24.5,273.0,1000.5,1000.5,2.7,5.2
2024-04-17 17:34:24+02:00,7.4,5.6,4.0,2.9,73.0,15.7,88.0,41.7,0.0,0.0,2.0,15.9,0.0,15.9,15.9,15.9,9.8,24.5,272.0,1000.6,1000.6,2.7,5.2
2024-04-17 17:40:48+02:00,7.1,5.0,3.3,3.0,75.0,15.7,88.0,142.4,1.0,0.0,2.0,15.9,0.0,15.9,15.9,15.9,11.6,22.3,288.0,1000.6,1000.6,2.7,5.2
2024-04-17 17:45:04+02:00,7.4,6.7,4.8,3.3,75.0,15.6,88.0,153.8,1.0,0.0,2.0,15.9,0.0,15.9,15.9,15.9,5.9,17.6,283.0,1000.6,1000.6,2.7,5.2
2024-04-17 17:49:20+02:00,7.3,5.1,3.4,3.0,74.0,15.5,87.0,243.2,2.0,0.0,2.0,15.9,0.0,15.9,15.9,15.9,12.4,21.6,292.0,1000.7,1000.7,2.7,5.2
2024-04-17 17:55:44+02:00,7.0,5.6,3.8,3.0,75.0,15.5,87.0,142.2,1.0,0.0,2.0,15.9,0.0,15.9,15.9,15.9,8.9,24.1,297.0,1000.7,1000.7,2.7,5.2
2024-04-17 18:00:00+02:00,6.9,5.6,3.9,3.0,76.0,15.4,87.0,77.1,0.0,0.0,2.0,15.9,0.0,15.9,15.9,15.9,7.6,20.2,296.0,1000.8,1000.8,2.7,5.2
2024-04-17 18:04:16+02:00,6.5,5.1,3.4,2.9,78.0,15.3,87.0,30.7,0.0,0.0,2.0,15.9,0.0,15.9,15.9,15.9,8.1,20.2,321.0,1001.0,1001.0,2.7,5.2
2024-04-17 18:10:40+02:00,6.5,5.5,3.7,3.0,79.0,15.3,87.0,26.4,0.0,0.0,2.0,15.9,0.0,15.9,15.9,15.9,6.6,15.1,319.0,1001.0,1001.0,2.7,5.2
2024-04-17 18:14:56+02:00,6.4,4.9,3.5,3.0,79.0,15.2,87.0,31.5,0.0,0.0,2.0,15.9,0.0,15.9,15.9,15.9,7.6,17.3,326.0,1001.0,1001.0,2.7,5.2
2024-04-17 18:19:12+02:00,6.5,6.2,4.1,3.1,79.0,15.1,87.0,50.0,0.0,0.0,2.0,15.9,0.0,15.9,15.9,15.9,4.7,13.0,328.0,1001.0,1001.0,2.7,5.2
2024-04-17 18:25:36+02:00,6.6,5.9,4.1,3.4,80.0,15.1,87.0,51.0,0.0,0.0,2.0,15.9,0.0,15.9,15.9,15.9,5.4,11.5,302.0,1001.1,1001.1,2.7,5.2
2024-04-17 18:29:52+02:00,6.6,6.2,4.3,3.4,80.0,15.0,87.0,43.8,0.0,0.0,2.0,15.9,0.0,15.9,15.9,15.9,4.4,14.4,277.0,1001.1,1001.1,2.7,5.2
2024-04-17 18:34:08+02:00,6.6,6.6,4.5,3.3,80.0,14.9,87.0,43.1,0.0,0.0,2.0,15.9,0.0,15.9,15.9,15.9,3.5,9.7,303.0,1001.1,1001.1,2.7,5.2
2024-04-17 18:40:32+02:00,6.7,6.7,4.5,3.3,79.0,14.8,87.0,40.6,0.0,0.0,2.0,15.9,0.0,15.9,15.9,15.9,3.7,8.6,283.0,1001.3,1001.3,2.7,5.2
2024-04-17 18:44:48+02:00,6.7,6.7,4.8,3.1,78.0,14.7,87.0,38.1,0.0,0.0,2.0,15.9,0.0,15.9,15.9,15.9,2.4,7.9,294.0,1001.2,1001.2,2.7,5.2
2024-04-17 18:49:04+02:00,6.8,6.5,4.6,3.0,77.0,14.7,87.0,28.1,0.0,0.0,2.0,15.9,0.0,15.9,15.9,15.9,3.7,9.4,263.0,1001.3,1001.3,2.7,5.2
2024-04-17 18:55:28+02:00,6.8,6.5,4.8,3.0,77.0,14.7,87.0,24.6,0.0,0.0,2.0,15.9,0.0,15.9,15.9,15.9,2.6,6.8,282.0,1001.4,1001.4,2.7,5.2
2024-04-17 18:59:44+02:00,6.8,6.8,5.2,3.2,78.0,14.6,87.0,22.6,0.0,0.0,2.0,15.9,0.0,15.9,15.9,15.9,0.9,6.1,323.0,1001.4,1001.4,2.7,5.2
2024-04-17 19:04:00+02:00,6.7,6.7,4.8,3.2,78.0,14.5,87.0,18.9,0.0,0.0,2.0,15.9,0.0,15.9,15.9,15.9,2.3,6.5,305.0,1001.4,1001.4,2.7,5.2
2024-04-17 19:10:24+02:00,6.7,6.5,4.7,3.3,79.0,14.5,87.0,17.2,0.0,0.0,2.0,15.9,0.0,15.9,15.9,15.9,2.7,6.8,322.0,1001.3,1001.3,2.7,5.2
2024-04-17 19:14:40+02:00,6.8,6.8,5.2,3.5,79.0,14.4,87.0,15.7,0.0,0.0,2.0,15.9,0.0,15.9,15.9,15.9,0.9,5.8,237.0,1001.3,1001.3,2.7,5.2
2024-04-17 19:21:04+02:00,6.8,6.8,5.2,3.6,80.0,14.4,87.0,14.4,0.0,0.0,2.0,15.9,0.0,15.9,15.9,15.9,0.8,3.2,181.0,1001.4,1001.4,2.7,5.2
2024-04-17 19:25:20+02:00,6.8,6.4,4.6,3.5,79.0,14.3,87.0,11.1,0.0,0.0,2.0,15.9,0.0,15.9,15.9,15.9,4.1,13.3,291.0,1001.4,1001.4,2.7,5.2
2024-04-17 19:29:36+02:00,6.8,6.8,5.3,3.6,80.0,14.3,87.0,11.0,0.0,0.0,2.0,15.9,0.0,15.9,15.9,15.9,0.4,4.7,208.0,1001.3,1001.3,2.7,5.2
2024-04-17 19:36:00+02:00,6.8,6.8,5.3,3.6,81.0,14.2,87.0,10.8,0.0,0.0,2.0,15.9,0.0,15.9,15.9,15.9,0.5,4.0,253.0,1001.3,1001.3,2.7,5.2
2024-04-17 19:40:16+02:00,6.8,6.8,4.9,3.9,82.0,14.2,87.0,9.9,0.0,0.0,2.0,15.9,0.0,15.9,15.9,15.9,3.1,5.4,118.0,1001.5,1001.5,2.7,5.2
2024-04-17 19:44:32+02:00,6.7,6.5,4.5,3.7,81.0,14.1,87.0,9.0,0.0,0.0,2.0,15.9,0.0,15.9,15.9,15.9,4.6,7.6,113.0,1001.4,1001.4,2.7,5.2
2024-04-17 19:50:56+02:00,6.7,6.3,4.4,3.5,80.0,14.1,87.0,8.3,0.0,0.0,2.0,15.9,0.0,15.9,15.9,15.9,4.5,7.9,121.0,1001.5,1001.5,2.7,5.2
2024-04-17 19:55:12+02:00,6.7,6.2,4.4,3.6,80.0,14.0,87.0,6.9,0.0,0.0,2.0,15.9,0.0,15.9,15.9,15.9,5.0,16.2,128.0,1001.6,1001.6,2.7,5.2
2024-04-17 19:59:28+02:00,6.1,4.4,2.9,3.6,84.0,13.9,87.0,6.3,0.0,0.0,2.0,15.9,0.0,15.9,15.9,15.9,8.9,16.6,117.0,1001.6,1001.6,2.7,5.2
2024-04-17 20:05:52+02:00,5.9,5.0,3.3,3.5,85.0,13.8,86.0,5.6,0.0,0.0,2.0,15.9,0.0,15.9,15.9,15.9,6.0,10.1,118.0,1001.6,1001.6,2.7,5.2
2024-04-17 20:10:08+02:00,5.7,5.1,3.3,3.5,85.0,13.8,86.0,5.0,0.0,0.0,2.0,15.9,0.0,15.9,15.9,15.9,5.3,9.4,133.0,1001.7,1001.7,2.7,5.2
2024-04-17 20:14:24+02:00,5.7,4.9,3.1,3.5,86.0,13.7,86.0,4.2,0.0,0.0,2.0,15.9,0.0,15.9,15.9,15.9,5.6,9.0,128.0,1001.6,1001.6,2.7,5.1
2024-04-17 20:20:48+02:00,5.5,5.3,3.2,3.4,87.0,13.6,86.0,3.1,0.0,0.0,2.0,15.9,0.0,15.9,15.9,15.9,4.4,6.5,125.0,1001.7,1001.7,2.7,5.1
2024-04-17 20:25:04+02:00,5.4,4.8,3.1,3.4,87.0,13.5,86.0,2.1,0.0,0.0,2.0,15.9,0.0,15.9,15.9,15.9,4.6,8.6,111.0,1001.8,1001.8,2.7,5.1
2024-04-17 20:29:20+02:00,5.3,4.9,3.1,3.3,87.0,13.5,86.0,1.3,0.0,0.0,2.0,15.9,0.0,15.9,15.9,15.9,4.1,10.1,102.0,1001.8,1001.8,2.7,5.1
2024-04-17 20:35:44+02:00,5.3,5.0,3.1,3.4,88.0,13.4,86.0,0.8,0.0,0.0,2.0,15.9,0.0,15.9,15.9,15.9,3.5,5.8,117.0,1001.8,1001.8,2.7,5.1
2024-04-17 20:40:00+02:00,5.2,5.0,3.0,3.4,88.0,13.3,86.0,0.5,0.0,0.0,2.0,15.9,0.0,15.9,15.9,15.9,3.9,6.1,109.0,1001.9,1001.9,2.7,5.1
2024-04-17 20:44:16+02:00,5.2,4.5,2.8,3.4,88.0,13.3,86.0,0.2,0.0,0.0,2.0,15.9,0.0,15.9,15.9,15.9,5.0,8.3,105.0,1002.0,1002.0,2.7,5.1
2024-04-17 20:50:40+02:00,5.2,5.0,2.8,3.4,88.0,13.2,86.0,0.1,0.0,0.0,2.0,15.9,0.0,15.9,15.9,15.9,4.7,8.6,104.0,1002.2,1002.2,2.7,5.1
2024-04-17 20:54:56+02:00,5.2,5.2,3.0,3.3,88.0,13.1,86.0,0.0,0.0,0.0,2.0,15.9,0.0,15.9,15.9,15.9,3.7,5.8,99.0,1002.0,1002.0,2.7,5.1
2024-04-17 20:59:12+02:00,5.1,5.1,3.0,3.4,89.0,13.0,86.0,0.0,0.0,0.0,2.0,15.9,0.0,15.9,15.9,15.9,3.5,4.7,102.0,1002.2,1002.2,2.7,5.1
2024-04-17 21:05:36+02:00,5.1,5.1,3.0,3.5,89.0,13.0,86.0,0.0,0.0,0.0,2.0,15.9,0.0,15.9,15.9,15.9,3.5,4.7,99.0,1002.2,1002.2,2.7,5.1
2024-04-17 21:09:52+02:00,5.1,5.1,3.1,3.4,89.0,12.8,86.0,0.0,0.0,0.0,2.0,15.9,0.0,15.9,15.9,15.9,3.2,5.4,107.0,1002.3,1002.3,2.7,5.1
2024-04-17 21:14:08+02:00,5.1,5.1,3.1,3.5,89.0,12.8,86.0,0.0,0.0,0.0,2.0,15.9,0.0,15.9,15.9,15.9,3.1,4.3,86.0,1002.3,1002.3,2.7,5.1
2024-04-17 21:20:32+02:00,5.2,5.2,3.5,3.6,89.0,12.7,86.0,0.0,0.0,0.0,2.0,15.9,0.0,15.9,15.9,15.9,1.4,4.3,37.0,1002.4,1002.4,2.7,5.1
2024-04-17 21:24:48+02:00,5.3,5.3,3.6,3.6,89.0,12.7,86.0,0.0,0.0,0.0,2.0,15.9,0.0,15.9,15.9,15.9,1.4,4.0,88.0,1002.4,1002.4,2.7,5.1
2024-04-17 21:29:04+02:00,5.2,5.2,3.4,3.7,90.0,12.7,86.0,0.0,0.0,0.0,2.0,15.9,0.0,15.9,15.9,15.9,2.6,3.6,99.0,1002.5,1002.5,2.7,5.1
2024-04-17 21:35:28+02:00,5.2,5.2,3.4,3.7,90.0,12.6,86.0,0.0,0.0,0.0,2.0,15.9,0.0,15.9,15.9,15.9,1.9,3.2,114.0,1002.5,1002.5,2.7,5.1
2024-04-17 21:39:44+02:00,5.1,5.1,3.2,3.6,90.0,12.6,86.0,0.0,0.0,0.0,2.0,15.9,0.0,15.9,15.9,15.9,2.7,3.2,106.0,1002.5,1002.5,2.7,5.1
2024-04-17 21:44:00+02:00,5.1,5.1,3.3,3.6,90.0,12.5,86.0,0.0,0.0,0.0,2.0,15.9,0.0,15.9,15.9,15.9,2.4,4.0,103.0,1002.5,1002.5,2.7,5.1
2024-04-17 21:50:24+02:00,5.2,5.2,3.6,3.9,91.0,12.5,86.0,0.0,0.0,0.0,2.0,15.9,0.0,15.9,15.9,15.9,1.2,2.9,64.0,1002.6,1002.6,2.7,5.1
2024-04-17 21:54:40+02:00,5.2,5.2,3.7,3.9,91.0,12.4,86.0,0.0,0.0,0.0,2.0,15.9,0.0,15.9,15.9,15.9,0.9,3.6,297.0,1002.6,1002.6,2.7,5.1
2024-04-17 21:58:56+02:00,5.4,5.4,3.6,3.8,89.0,12.4,86.0,0.0,0.0,0.0,2.0,15.9,0.0,15.9,15.9,15.9,2.4,6.5,294.0,1002.6,1002.6,2.7,5.1
2024-04-17 22:05:20+02:00,5.5,5.5,3.8,3.7,88.0,12.3,86.0,0.0,0.0,0.0,2.0,15.9,0.0,15.9,15.9,15.9,1.9,4.3,277.0,1002.7,1002.7,2.7,5.0
2024-04-17 22:09:36+02:00,5.5,5.5,3.9,3.7,88.0,12.3,86.0,0.0,0.0,0.0,2.0,15.9,0.0,15.9,15.9,15.9,0.9,5.4,288.0,1002.6,1002.6,2.7,5.0
2024-04-17 22:16:00+02:00,5.5,5.5,4.1,3.6,88.0,12.2,86.0,0.0,0.0,0.0,2.0,15.9,0.0,15.9,15.9,15.9,0.0,5.4,293.0,1002.6,1002.6,2.7,5.0
2024-04-17 22:20:16+02:00,5.5,5.5,3.9,3.6,88.0,12.2,86.0,0.0,0.0,0.0,2.0,15.9,0.0,15.9,15.9,15.9,1.0,3.6,323.0,1002.7,1002.7,2.7,5.0
2024-04-17 22:24:32+02:00,5.4,5.4,3.5,3.6,88.0,12.2,86.0,0.0,0.0,0.0,2.0,15.9,0.0,15.9,15.9,15.9,2.4,4.0,17.0,1002.8,1002.8,2.7,5.0
2024-04-17 22:30:56+02:00,5.3,5.3,3.7,3.6,89.0,12.1,86.0,0.0,0.0,0.0,2.0,15.9,0.0,15.9,15.9,15.9,1.2,3.6,42.0,1002.9,1002.9,2.7,5.0
2024-04-17 22:35:12+02:00,5.3,5.3,3.7,3.5,88.0,12.0,86.0,0.0,0.0,0.0,2.0,15.9,0.0,15.9,15.9,15.9,1.4,4.0,16.0,1003.0,1003.0,2.7,5.0
2024-04-17 22:39:28+02:00,5.3,5.3,3.9,3.5,88.0,12.0,86.0,0.0,0.0,0.0,2.0,15.9,0.0,15.9,15.9,15.9,0.0,2.5,78.0,1003.0,1003.0,2.7,5.0
2024-04-17 22:45:52+02:00,5.2,5.2,3.8,3.6,89.0,12.0,86.0,0.0,0.0,0.0,2.0,15.9,0.0,15.9,15.9,15.9,0.0,0.0,123.0,1003.0,1003.0,2.7,5.0
2024-04-17 22:50:08+02:00,5.2,5.2,3.6,3.5,89.0,11.9,86.0,0.0,0.0,0.0,2.0,15.9,0.0,15.9,15.9,15.9,0.8,2.5,64.0,1002.9,1002.9,2.7,5.0
2024-04-17 22:54:24+02:00,5.1,5.1,3.6,3.5,89.0,11.9,86.0,0.0,0.0,0.0,2.0,15.9,0.0,15.9,15.9,15.9,0.4,3.2,50.0,1003.0,1003.0,2.7,5.0
2024-04-17 23:00:48+02:00,5.1,5.1,3.6,3.6,90.0,11.8,86.0,0.0,0.0,0.0,2.0,15.9,0.0,15.9,15.9,15.9,0.4,2.9,22.0,1003.0,1003.0,2.7,5.0
2024-04-17 23:05:04+02:00,5.0,5.0,3.4,3.5,90.0,11.8,86.0,0.0,0.0,0.0,2.0,15.9,0.0,15.9,15.9,15.9,0.9,3.6,54.0,1003.0,1003.0,2.7,5.0
2024-04-17 23:09:20+02:00,5.0,5.0,3.2,3.5,90.0,11.8,86.0,0.0,0.0,0.0,2.0,15.9,0.0,15.9,15.9,15.9,1.8,3.6,97.0,1003.0,1003.0,2.7,5.0
2024-04-17 23:15:44+02:00,4.7,4.7,2.8,3.4,91.0,11.7,86.0,0.0,0.0,0.0,2.0,15.9,0.0,15.9,15.9,15.9,2.7,3.6,101.0,1003.1,1003.1,2.7,5.0
2024-04-17 23:20:00+02:00,4.7,4.7,2.8,3.6,92.0,11.7,86.0,0.0,0.0,0.0,2.0,15.9,0.0,15.9,15.9,15.9,2.5,3.6,89.0,1003.1,1003.1,2.7,5.0
2024-04-17 23:24:16+02:00,4.6,4.6,2.9,3.4,92.0,11.6,86.0,0.0,0.0,0.0,2.0,15.9,0.0,15.9,15.9,15.9,1.5,2.9,106.0,1003.2,1003.2,2.7,5.0
2024-04-17 23:30:40+02:00,4.4,4.4,2.6,3.2,92.0,11.6,86.0,0.0,0.0,0.0,2.0,15.9,0.0,15.9,15.9,15.9,1.9,2.9,103.0,1003.2,1003.2,2.7,5.0
2024-04-17 23:34:56+02:00,4.3,4.3,2.4,3.1,92.0,11.5,86.0,0.0,0.0,0.0,2.0,15.9,0.0,15.9,15.9,15.9,2.2,2.9,95.0,1003.2,1003.2,2.7,5.0
2024-04-17 23:39:12+02:00,4.3,4.3,2.3,3.2,93.0,11.5,86.0,0.0,0.0,0.0,2.0,15.9,0.0,15.9,15.9,15.9,2.6,4.0,110.0,1003.2,1003.2,2.7,5.0
2024-04-17 23:45:36+02:00,4.3,4.3,2.7,3.2,93.0,11.5,86.0,0.0,0.0,0.0,2.0,15.9,0.0,15.9,15.9,15.9,0.7,4.0,95.0,1003.2,1003.2,2.7,5.0
2024-04-17 23:49:52+02:00,4.3,4.3,2.9,3.2,93.0,11.4,86.0,0.0,0.0,0.0,2.0,15.9,0.0,15.9,15.9,15.9,0.0,2.5,95.0,1003.3,1003.3,2.7,5.0
2024-04-17 23:54:08+02:00,4.4,4.4,2.9,3.4,93.0,11.4,86.0,0.0,0.0,0.0,2.0,15.9,0.0,15.9,15.9,15.9,0.4,2.5,103.0,1003.3,1003.3,2.7,5.0
2024-04-18 00:00:32+02:00,4.5,4.5,3.0,3.5,93.0,11.3,86.0,0.0,0.0,0.0,0.0,15.9,0.0,15.9,15.9,15.9,0.6,3.6,21.0,1003.4,1003.4,2.7,5.0
2024-04-18 00:04:48+02:00,4.8,4.8,3.4,3.7,92.0,11.3,86.0,0.0,0.0,0.0,0.0,15.9,0.0,15.9,15.9,15.9,0.4,3.2,4.0,1003.4,1003.4,2.7,4.9
2024-04-18 00:09:04+02:00,4.9,4.9,3.5,3.7,92.0,11.3,86.0,0.0,0.0,0.0,0.0,15.9,0.0,15.9,15.9,15.9,0.4,4.0,62.0,1003.5,1003.5,2.7,4.9
2024-04-18 00:15:28+02:00,5.1,5.1,3.5,3.7,91.0,11.2,86.0,0.0,0.0,0.0,0.0,15.9,0.0,15.9,15.9,15.9,0.9,4.0,31.0,1003.6,1003.6,2.7,4.9
2024-04-18 00:19:44+02:00,5.2,5.2,3.4,3.8,91.0,11.2,86.0,0.0,0.0,0.0,0.0,15.9,0.0,15.9,15.9,15.9,2.0,5.4,337.0,1003.5,1003.5,2.7,4.9
2024-04-18 00:24:00+02:00,5.3,5.3,3.4,3.8,90.0,11.2,86.0,0.0,0.0,0.0,0.0,15.9,0.0,15.9,15.9,15.9,2.5,7.2,5.0,1003.7,1003.7,2.7,4.9
2024-04-18 00:30:24+02:00,5.2,4.8,3.1,3.6,89.0,11.2,86.0,0.0,0.0,0.0,0.0,15.9,0.0,15.9,15.9,15.9,3.4,6.5,323.0,1003.7,1003.7,2.7,4.9
2024-04-18 00:34:40+02:00,5.2,5.2,3.5,3.6,89.0,11.1,86.0,0.0,0.0,0.0,0.0,15.9,0.0,15.9,15.9,15.9,1.5,5.8,295.0,1003.8,1003.8,2.7,4.9
2024-04-18 00:41:04+02:00,5.1,5.1,3.4,3.5,90.0,11.1,86.0,0.0,0.0,0.0,0.0,15.9,0.0,15.9,15.9,15.9,1.4,2.5,349.0,1003.7,1003.7,2.7,4.9
2024-04-18 00:45:20+02:00,5.0,5.0,3.3,3.5,90.0,11.1,86.0,0.0,0.0,0.0,0.0,15.9,0.0,15.9,15.9,15.9,1.2,3.6,23.0,1003.8,1003.8,2.7,4.9
2024-04-18 00:49:36+02:00,4.9,4.9,3.3,3.5,91.0,11.1,86.0,0.0,0.0,0.0,0.0,15.9,0.0,15.9,15.9,15.9,0.9,4.0,334.0,1003.9,1003.9,2.7,4.9
2024-04-18 00:56:00+02:00,4.7,4.7,3.2,3.4,91.0,11.0,86.0,0.0,0.0,0.0,0.0,15.9,0.0,15.9,15.9,15.9,0.4,2.9,98.0,1003.8,1003.8,2.7,4.9
2024-04-18 01:00:16+02:00,4.6,4.6,2.9,3.3,91.0,11.0,86.0,0.0,0.0,0.0,0.0,15.9,0.0,15.9,15.9,15.9,1.2,4.3,71.0,1003.9,1003.9,2.7,4.9
2024-04-18 01:04:32+02:00,4.5,4.5,2.7,3.3,92.0,10.9,86.0,0.0,0.0,0.0,0.0,15.9,0.0,15.9,15.9,15.9,1.5,4.0,45.0,1003.9,1003.9,2.7,4.9
2024-04-18 01:10:56+02:00,4.3,4.3,2.5,3.1,92.0,10.9,86.0,0.0,0.0,0.0,0.0,15.9,0.0,15.9,15.9,15.9,1.5,3.6,103.0,1003.9,1003.9,2.7,4.9
2024-04-18 01:15:12+02:00,4.2,4.2,2.2,3.1,93.0,10.9,86.0,0.0,0.0,0.0,0.0,15.9,0.0,15.9,15.9,15.9,2.6,3.6,101.0,1004.0,1004.0,2.7,4.9
2024-04-18 01:19:28+02:00,4.0,4.0,2.2,3.0,93.0,10.8,86.0,0.0,0.0,0.0,0.0,15.9,0.0,15.9,15.9,15.9,1.2,2.9,94.0,1004.0,1004.0,2.7,4.9
2024-04-18 01:25:52+02:00,3.8,3.8,2.0,2.8,93.0,10.8,86.0,0.0,0.0,0.0,0.0,15.9,0.0,15.9,15.9,15.9,1.9,2.9,104.0,1004.2,1004.2,2.7,4.9
2024-04-18 01:30:08+02:00,3.7,3.7,1.9,2.8,94.0,10.8,86.0,0.0,0.0,0.0,0.0,15.9,0.0,15.9,15.9,15.9,1.7,2.9,91.0,1004.2,1004.2,2.7,4.9
2024-04-18 01:34:24+02:00,3.7,3.7,1.6,2.8,94.0,10.7,86.0,0.0,0.0,0.0,0.0,15.9,0.0,15.9,15.9,15.9,2.4,3.2,101.0,1004.2,1004.2,2.7,4.9
2024-04-18 01:40:48+02:00,3.6,3.6,1.8,2.8,94.0,10.7,86.0,0.0,0.0,0.0,0.0,15.9,0.0,15.9,15.9,15.9,1.3,3.2,95.0,1004.2,1004.2,2.7,4.9
2024-04-18 01:45:04+02:00,3.7,3.7,2.2,3.0,95.0,10.7,86.0,0.0,0.0,0.0,0.0,15.9,0.0,15.9,15.9,15.9,0.0,2.5,53.0,1004.2,1004.2,2.7,4.9
2024-04-18 01:49:20+02:00,3.9,3.9,2.5,3.2,95.0,10.6,86.0,0.0,0.0,0.0,0.0,15.9,0.0,15.9,15.9,15.9,0.0,2.2,29.0,1004.2,1004.2,2.7,4.9
2024-04-18 01:55:44+02:00,4.0,4.0,2.5,3.3,95.0,10.6,86.0,0.0,0.0,0.0,0.0,15.9,0.0,15.9,15.9,15.9,0.5,4.0,7.0,1004.2,1004.2,2.7,4.8
2024-04-18 02:00:00+02:00,4.2,4.2,2.4,3.4,95.0,10.6,86.0,0.0,0.0,0.0,0.0,15.9,0.0,15.9,15.9,15.9,1.9,5.0,22.0,1004.3,1004.3,2.7,4.8
2024-04-18 02:04:16+02:00,4.3,4.3,2.7,3.4,94.0,10.5,86.0,0.0,0.0,0.0,0.0,15.9,0.0,15.9,15.9,15.9,0.6,5.0,51.0,1004.3,1004.3,2.7,4.8
2024-04-18 02:10:40+02:00,4.3,4.3,2.7,3.4,94.0,10.5,86.0,0.0,0.0,0.0,0.0,15.9,0.0,15.9,15.9,15.9,1.1,4.0,36.0,1004.2,1004.2,2.7,4.8
2024-04-18 02:14:56+02:00,4.3,4.3,2.9,3.4,94.0,10.5,86.0,0.0,0.0,0.0,0.0,15.9,0.0,15.9,15.9,15.9,0.0,4.3,67.0,1004.3,1004.3,2.7,4.8
2024-04-18 02:19:12+02:00,4.4,4.4,2.8,3.5,94.0,10.5,86.0,0.0,0.0,0.0,0.0,15.9,0.0,15.9,15.9,15.9,0.8,2.9,72.0,1004.3,1004.3,2.7,4.8
2024-04-18 02:25:36+02:00,4.4,4.4,3.0,3.5,94.0,10.4,86.0,0.0,0.0,0.0,0.0,15.9,0.0,15.9,15.9,15.9,0.0,3.2,49.0,1004.3,1004.3,2.7,4.8
2024-04-18 02:29:52+02:00,4.4,4.4,2.9,3.4,93.0,10.4,86.0,0.0,0.0,0.0,0.0,15.9,0.0,15.9,15.9,15.9,0.4,3.2,267.0,1004.4,1004.4,2.7,4.8
2024-04-18 02:34:08+02:00,4.4,4.4,2.8,3.3,93.0,10.4,86.0,0.0,0.0,0.0,0.0,15.9,0.0,15.9,15.9,15.9,0.6,2.9,21.0,1004.5,1004.5,2.7,4.8
2024-04-18 02:40:32+02:00,4.4,4.4,2.8,3.3,93.0,10.4,86.0,0.0,0.0,0.0,0.0,15.9,0.0,15.9,15.9,15.9,0.9,6.1,287.0,1004.5,1004.5,2.7,4.8
2024-04-18 02:44:48+02:00,4.4,4.4,2.8,3.3,93.0,10.3,86.0,0.0,0.0,0.0,0.0,15.9,0.0,15.9,15.9,15.9,0.5,2.9,258.0,1004.5,1004.5,2.7,4.8
2024-04-18 02:49:04+02:00,4.4,4.4,2.9,3.3,93.0,10.3,86.0,0.0,0.0,0.0,0.0,15.9,0.0,15.9,15.9,15.9,0.4,2.9,325.0,1004.6,1004.6,2.7,4.8
2024-04-18 02:55:28+02:00,4.4,4.4,2.8,3.3,93.0,10.3,86.0,0.0,0.0,0.0,0.0,15.9,0.0,15.9,15.9,15.9,0.6,3.2,16.0,1004.6,1004.6,2.7,4.8
2024-04-18 02:59:44+02:00,4.4,4.4,2.8,3.4,93.0,10.3,86.0,0.0,0.0,0.0,0.0,15.9,0.0,15.9,15.9,15.9,0.9,3.2,288.0,1004.7,1004.7,2.7,4.8
2024-04-18 03:04:00+02:00,4.5,4.5,2.9,3.3,92.0,10.3,86.0,0.0,0.0,0.0,0.0,15.9,0.0,15.9,15.9,15.9,0.8,3.6,280.0,1004.7,1004.7,2.7,4.8
2024-04-18 03:10:24+02:00,4.5,4.5,2.8,3.3,92.0,10.3,86.0,0.0,0.0,0.0,0.0,15.9,0.0,15.9,15.9,15.9,1.3,3.2,283.0,1004.7,1004.7,2.7,4.8
2024-04-18 03:18:56+02:00,4.5,4.5,2.9,3.3,92.0,10.2,86.0,0.0,0.0,0.0,0.0,15.9,0.0,15.9,15.9,15.9,0.8,4.0,300.0,1004.8,1004.8,2.7,4.8
2024-04-18 03:25:20+02:00,4.5,4.5,2.9,3.3,92.0,10.2,86.0,0.0,0.0,0.0,0.0,15.9,0.0,15.9,15.9,15.9,0.4,3.2,317.0,1004.8,1004.8,2.7,4.8
2024-04-18 03:29:36+02:00,4.4,4.4,2.8,3.3,92.0,10.2,86.0,0.0,0.0,0.0,0.0,15.9,0.0,15.9,15.9,15.9,0.8,3.2,322.0,1004.8,1004.8,2.7,4.8
2024-04-18 03:36:00+02:00,4.4,4.4,2.5,3.2,92.0,10.2,86.0,0.0,0.0,0.0,0.0,15.9,0.0,15.9,15.9,15.9,2.4,4.0,270.0,1004.8,1004.8,2.7,4.8
2024-04-18 03:40:16+02:00,4.4,4.4,2.9,3.2,92.0,10.2,86.0,0.0,0.0,0.0,0.0,15.9,0.0,15.9,15.9,15.9,0.4,4.0,289.0,1004.9,1004.9,2.7,4.8
2024-04-18 03:44:32+02:00,4.4,4.4,2.4,3.2,92.0,10.2,86.0,0.0,0.0,0.0,0.0,15.9,0.0,15.9,15.9,15.9,2.5,4.0,290.0,1004.9,1004.9,2.7,4.7
2024-04-18 03:50:56+02:00,4.4,4.4,2.8,3.2,92.0,10.1,86.0,0.0,0.0,0.0,0.0,15.9,0.0,15.9,15.9,15.9,0.7,4.0,287.0,1004.9,1004.9,2.7,4.7
2024-04-18 03:55:12+02:00,4.4,4.4,2.8,3.2,92.0,10.1,86.0,0.0,0.0,0.0,0.0,15.9,0.0,15.9,15.9,15.9,0.9,3.6,253.0,1005.0,1005.0,2.7,4.7
2024-04-18 03:59:28+02:00,4.4,4.4,2.8,3.2,92.0,10.1,86.0,0.0,0.0,0.0,0.0,15.9,0.0,15.9,15.9,15.9,0.9,3.2,276.0,1005.1,1005.1,2.7,4.7
2024-04-18 04:05:52+02:00,4.5,4.5,2.9,3.3,92.0,10.1,86.0,0.0,0.0,0.0,0.0,15.9,0.0,15.9,15.9,15.9,0.4,3.2,233.0,1005.1,1005.1,2.7,4.7
2024-04-18 04:10:08+02:00,4.5,4.5,3.1,3.3,92.0,10.1,86.0,0.0,0.0,0.0,0.0,15.9,0.0,15.9,15.9,15.9,0.0,2.9,72.0,1005.2,1005.2,2.7,4.7
2024-04-18 04:14:24+02:00,4.5,4.5,2.9,3.3,92.0,10.1,86.0,0.0,0.0,0.0,0.0,15.9,0.0,15.9,15.9,15.9,1.0,4.0,303.0,1005.1,1005.1,2.7,4.7
2024-04-18 04:20:48+02:00,4.5,4.3,2.7,3.3,92.0,10.1,86.0,0.0,0.0,0.0,0.0,15.9,0.0,15.9,15.9,15.9,2.0,5.4,327.0,1005.1,1005.1,2.7,4.7
2024-04-18 04:25:04+02:00,4.4,4.4,2.8,3.3,92.0,10.1,86.0,0.0,0.0,0.0,0.0,15.9,0.0,15.9,15.9,15.9,1.0,5.0,269.0,1005.3,1005.3,2.7,4.7
2024-04-18 04:29:20+02:00,4.5,4.5,2.9,3.4,93.0,10.0,86.0,0.0,0.0,0.0,0.0,15.9,0.0,15.9,15.9,15.9,0.4,5.0,309.0,1005.4,1005.4,2.7,4.7
2024-04-18 04:35:44+02:00,4.5,4.5,2.8,3.4,93.0,10.0,86.0,0.0,0.0,0.0,0.0,15.9,0.0,15.9,15.9,15.9,1.2,3.6,308.0,1005.3,1005.3,2.7,4.7
2024-04-18 04:40:00+02:00,4.5,4.5,2.7,3.4,93.0,10.0,86.0,0.0,0.0,0.0,0.0,15.9,0.0,15.9,15.9,15.9,1.4,4.7,325.0,1005.4,1005.4,2.7,4.7
2024-04-18 04:44:16+02:00,4.4,4.4,2.7,3.3,93.0,10.0,86.0,0.0,0.0,0.0,0.0,15.9,0.0,15.9,15.9,15.9,1.2,4.0,310.0,1005.4,1005.4,2.7,4.7
2024-04-18 04:50:40+02:00,4.4,4.4,2.8,3.3,93.0,10.0,86.0,0.0,0.0,0.0,0.0,15.9,0.0,15.9,15.9,15.9,1.1,4.0,298.0,1005.4,1005.4,2.7,4.7
2024-04-18 04:54:56+02:00,4.4,4.4,2.7,3.3,93.0,10.0,86.0,0.0,0.0,0.0,0.0,15.9,0.0,15.9,15.9,15.9,1.2,4.0,311.0,1005.4,1005.4,2.7,4.7
2024-04-18 04:59:12+02:00,4.4,4.4,2.7,3.3,93.0,10.0,87.0,0.0,0.0,0.0,0.0,15.9,0.0,15.9,15.9,15.9,1.2,3.6,315.0,1005.5,1005.5,2.7,4.7
2024-04-18 05:05:36+02:00,4.4,4.4,2.9,3.3,93.0,10.0,87.0,0.0,0.0,0.0,0.0,15.9,0.0,15.9,15.9,15.9,0.0,4.0,324.0,1005.6,1005.6,2.7,4.6
2024-04-18 05:09:52+02:00,4.4,4.4,2.9,3.4,93.0,10.0,86.0,0.0,0.0,0.0,0.0,15.9,0.0,15.9,15.9,15.9,0.4,2.2,30.0,1005.5,1005.5,2.7,4.6
2024-04-18 05:14:08+02:00,4.4,4.4,3.0,3.4,93.0,10.0,87.0,0.0,0.0,0.6,0.1,16.0,0.1,16.0,16.0,16.0,0.0,1.8,57.0,1005.6,1005.6,2.7,4.6
2024-04-18 05:20:32+02:00,4.4,4.4,3.0,3.5,94.0,10.0,87.0,0.0,0.0,0.6,0.1,16.0,0.1,16.0,16.0,16.0,0.0,2.5,274.0,1005.6,1005.6,2.7,4.6
2024-04-18 05:24:48+02:00,4.3,4.3,2.8,3.4,94.0,9.9,87.0,0.0,0.0,0.6,0.2,16.1,0.2,16.1,16.1,16.1,0.5,2.5,302.0,1005.6,1005.6,2.7,4.6
2024-04-18 05:29:04+02:00,4.3,4.3,2.6,3.4,94.0,9.9,87.0,0.0,0.0,0.6,0.2,16.1,0.2,16.1,16.1,16.1,1.7,6.8,159.0,1005.6,1005.6,2.7,4.6
2024-04-18 05:35:28+02:00,4.3,4.3,2.7,3.4,94.0,9.9,87.0,0.0,0.0,0.6,0.2,16.1,0.2,16.1,16.1,16.1,1.1,6.1,7.0,1005.7,1005.7,2.7,4.5
2024-04-18 05:39:44+02:00,4.3,4.3,2.6,3.4,94.0,9.9,87.0,0.0,0.0,0.0,0.2,16.1,0.2,16.1,16.1,16.1,1.7,6.1,77.0,1005.7,1005.7,2.7,4.5
2024-04-18 05:44:00+02:00,4.3,3.8,2.2,3.4,94.0,9.9,87.0,0.0,0.0,0.0,0.2,16.1,0.2,16.1,16.1,16.1,3.5,5.8,230.0,1005.8,1005.8,2.7,4.5
2024-04-18 05:50:24+02:00,4.2,4.2,2.3,3.4,95.0,9.9,87.0,0.0,0.0,0.0,0.2,16.1,0.2,16.1,16.1,16.1,2.2,6.8,6.0,1005.8,1005.8,2.7,4.5
2024-04-18 05:54:40+02:00,4.2,4.2,2.5,3.5,95.0,9.9,87.0,0.0,0.0,0.0,0.2,16.1,0.2,16.1,16.1,16.1,1.3,6.1,56.0,1005.9,1005.9,2.7,4.5
2024-04-18 06:01:04+02:00,4.2,4.2,2.4,3.5,95.0,9.9,86.0,0.0,0.0,0.6,0.3,16.2,0.3,16.2,16.2,16.2,1.7,6.5,280.0,1006.0,1006.0,2.7,4.5
2024-04-18 06:05:20+02:00,4.2,4.2,2.7,3.5,95.0,9.8,86.0,0.2,0.0,0.6,0.3,16.2,0.3,16.2,16.2,16.2,0.4,4.7,301.0,1006.0,1006.0,2.7,4.5
2024-04-18 06:09:36+02:00,4.2,3.7,2.1,3.5,95.0,9.8,86.0,0.3,0.0,0.6,0.3,16.2,0.3,16.2,16.2,16.2,3.5,6.8,252.0,1006.2,1006.2,2.7,4.5
2024-04-18 06:16:00+02:00,4.1,4.1,2.0,3.4,95.0,9.8,86.0,0.7,0.0,0.0,0.3,16.2,0.2,16.2,16.2,16.2,3.5,6.5,211.0,1006.2,1006.2,2.68,4.5
2024-04-18 06:20:16+02:00,4.1,3.8,1.9,3.4,95.0,9.8,86.0,1.3,0.0,0.0,0.3,16.2,0.2,16.2,16.2,16.2,3.7,10.4,329.0,1006.2,1006.2,2.68,4.5
2024-04-18 06:24:32+02:00,4.1,3.0,1.4,3.4,95.0,9.8,87.0,2.1,0.0,0.0,0.3,16.2,0.1,16.2,16.2,16.2,6.3,11.2,322.0,1006.3,1006.3,2.7,4.5
2024-04-18 06:30:56+02:00,4.1,3.3,1.6,3.4,95.0,9.8,86.0,3.1,0.0,0.0,0.3,16.2,0.1,16.2,16.2,16.2,5.3,14.0,358.0,1006.3,1006.3,2.7,4.5
2024-04-18 06:35:12+02:00,4.1,2.7,1.4,3.4,95.0,9.8,86.0,4.7,0.0,0.0,0.3,16.2,0.1,16.2,16.2,16.2,6.6,13.3,328.0,1006.4,1006.4,2.72,4.4
2024-04-18 06:39:28+02:00,4.1,4.1,2.2,3.4,95.0,9.7,86.0,5.8,0.0,0.0,0.3,16.2,0.1,16.2,16.2,16.2,2.5,11.2,218.0,1006.5,1006.5,2.71,4.4
2024-04-18 06:45:52+02:00,4.2,4.2,2.5,3.4,95.0,9.7,86.0,8.0,0.0,0.0,0.3,16.2,0.1,16.2,16.2,16.2,1.3,4.7,269.0,1006.5,1006.5,2.68,4.5
2024-04-18 06:50:08+02:00,4.2,3.9,2.2,3.5,95.0,9.7,86.0,8.5,0.0,0.0,0.3,16.2,0.1,16.2,16.2,16.2,2.6,8.3,308.0,1006.8,1006.8,2.69,4.5
2024-04-18 06:54:24+02:00,4.2,4.2,2.5,3.5,95.0,9.7,86.0,8.6,0.0,0.0,0.3,16.2,0.1,16.2,16.2,16.2,1.6,5.4,293.0,1006.8,1006.8,2.7,4.5
2024-04-18 07:00:48+02:00,4.2,4.0,2.2,3.4,94.0,9.7,87.0,8.5,0.0,0.0,0.3,16.2,0.0,16.2,16.2,16.2,3.1,7.6,281.0,1006.9,1006.9,2.7,4.5
2024-04-18 07:05:04+02:00,4.3,4.3,2.3,3.4,94.0,9.7,87.0,14.5,0.0,0.0,0.3,16.2,0.0,16.2,16.2,16.2,2.9,7.6,329.0,1006.9,1006.9,2.72,4.4
2024-04-18 07:09:20+02:00,4.3,4.3,2.3,3.4,94.0,9.7,87.0,19.9,0.0,0.0,0.3,16.2,0.0,16.2,16.2,16.2,2.9,6.5,185.0,1007.0,1007.0,2.72,4.4
2024-04-18 07:15:44+02:00,4.3,4.3,2.4,3.4,94.0,9.7,87.0,22.6,0.0,0.0,0.3,16.2,0.0,16.2,16.2,16.2,2.7,7.9,351.0,1007.1,1007.1,2.72,4.4
2024-04-18 07:20:00+02:00,4.4,3.9,2.1,3.5,94.0,9.7,87.0,29.0,0.0,0.0,0.3,16.2,0.0,16.2,16.2,16.2,4.7,7.9,41.0,1007.2,1007.2,2.72,4.4
2024-04-18 07:24:16+02:00,4.4,4.1,2.4,3.3,93.0,9.7,87.0,29.8,0.0,0.0,0.3,16.2,0.0,16.2,16.2,16.2,2.8,8.3,18.0,1007.3,1007.3,2.72,4.4
2024-04-18 07:30:40+02:00,4.5,4.3,2.3,3.4,93.0,9.7,87.0,26.8,0.0,0.0,0.3,16.2,0.0,16.2,16.2,16.2,3.9,9.0,359.0,1007.4,1007.4,2.72,4.4
2024-04-18 07:34:56+02:00,4.5,4.5,2.6,3.2,91.0,9.7,87.0,21.6,0.0,0.0,0.3,16.2,0.0,16.2,16.2,16.2,2.3,9.4,331.0,1007.4,1007.4,2.72,4.4
2024-04-18 07:39:12+02:00,4.6,4.2,2.5,3.2,91.0,9.7,87.0,24.4,0.0,0.0,0.3,16.2,0.0,16.2,16.2,16.2,3.3,6.8,76.0,1007.6,1007.6,2.72,4.4
2024-04-18 07:45:36+02:00,4.6,4.6,2.6,3.2,91.0,9.7,87.0,39.0,0.0,0.0,0.3,16.2,0.0,16.2,16.2,16.2,2.9,6.8,170.0,1007.6,1007.6,2.72,4.4
2024-04-18 07:49:52+02:00,4.7,4.7,2.6,3.3,91.0,9.7,87.0,40.6,0.0,0.0,0.3,16.2,0.0,16.2,16.2,16.2,3.2,6.8,300.0,1007.6,1007.6,2.72,4.4
2024-04-18 07:54:08+02:00,4.7,4.5,2.6,3.3,90.0,9.7,87.0,43.7,0.0,0.0,0.3,16.2,0.0,16.2,16.2,16.2,3.3,8.3,286.0,1007.7,1007.7,2.7,4.4
2024-04-18 08:00:32+02:00,4.7,4.4,2.5,3.1,89.0,9.7,87.0,52.3,0.0,0.0,0.3,16.2,0.0,16.2,16.2,16.2,4.0,8.6,320.0,1007.7,1007.7,2.7,4.4
2024-04-18 08:04:48+02:00,4.8,4.6,2.7,3.0,89.0,9.7,87.0,55.0,0.0,0.0,0.3,16.2,0.0,16.2,16.2,16.2,3.0,8.6,244.0,1007.7,1007.7,2.72,4.4
2024-04-18 08:09:04+02:00,4.8,4.6,2.6,3.0,88.0,9.8,87.0,100.2,0.0,0.0,0.3,16.2,0.0,16.2,16.2,16.2,4.0,9.7,285.0,1007.8,1007.8,2.72,4.4
2024-04-18 08:15:28+02:00,5.0,5.0,2.9,3.1,88.0,9.8,87.0,106.0,0.0,0.0,0.3,16.2,0.0,16.2,16.2,16.2,3.2,8.6,307.0,1007.9,1007.9,2.7,4.5
2024-04-18 08:19:44+02:00,5.2,5.2,3.3,3.3,87.0,9.8,87.0,108.5,1.0,0.0,0.3,16.2,0.0,16.2,16.2,16.2,2.5,7.2,305.0,1007.9,1007.9,2.7,4.5
2024-04-18 08:24:00+02:00,5.2,4.4,2.6,3.2,87.0,9.9,87.0,71.3,0.0,0.0,0.3,16.2,0.0,16.2,16.2,16.2,5.7,10.8,336.0,1008.1,1008.1,2.72,4.5
2024-04-18 08:30:24+02:00,5.2,4.8,2.8,3.1,86.0,9.9,87.0,58.6,0.0,0.0,0.3,16.2,0.0,16.2,16.2,16.2,4.6,9.4,257.0,1008.2,1008.2,2.72,4.5
2024-04-18 08:34:40+02:00,5.2,4.8,3.0,3.1,87.0,10.0,87.0,42.1,0.0,0.0,0.3,16.2,0.0,16.2,16.2,16.2,3.7,10.1,316.0,1008.2,1008.2,2.7,4.5
2024-04-18 08:38:56+02:00,5.2,5.2,3.2,3.0,86.0,10.0,87.0,65.0,0.0,0.0,0.3,16.2,0.0,16.2,16.2,16.2,2.2,7.9,227.0,1008.3,1008.3,2.7,4.5
2024-04-18 08:45:20+02:00,5.2,5.2,3.1,3.1,86.0,10.0,87.0,50.2,0.0,0.0,0.3,16.2,0.0,16.2,16.2,16.2,3.1,5.4,306.0,1008.3,1008.3,2.7,4.5
2024-04-18 08:49:36+02:00,5.2,4.9,3.0,2.9,86.0,10.1,87.0,74.7,0.0,0.0,0.3,16.2,0.0,16.2,16.2,16.2,3.3,5.8,275.0,1008.3,1008.3,2.7,4.5
2024-04-18 08:56:00+02:00,5.2,4.6,2.8,2.9,85.0,10.1,87.0,134.4,1.0,0.0,0.3,16.2,0.0,16.2,16.2,16.2,4.6,16.6,331.0,1008.3,1008.3,2.68,4.5
2024-04-18 09:00:16+02:00,5.5,5.3,3.3,2.9,83.0,10.1,87.0,185.1,1.0,0.0,0.3,0.0,0.0,16.2,16.2,16.2,3.2,6.8,316.0,1008.4,1008.4,2.68,4.5
2024-04-18 09:04:32+02:00,5.7,5.3,3.4,2.8,82.0,10.2,87.0,249.6,2.0,0.0,0.3,0.0,0.0,16.2,16.2,16.2,4.2,11.5,234.0,1008.3,1008.3,2.7,4.6
2024-04-18 09:10:56+02:00,6.1,6.1,4.3,3.3,82.0,10.2,88.0,301.6,2.0,0.0,0.3,0.0,0.0,16.2,16.2,16.2,1.9,7.2,156.0,1008.5,1008.5,2.7,4.6
2024-04-18 09:15:12+02:00,6.8,6.6,5.2,3.4,79.0,10.3,88.0,347.2,3.0,0.0,0.3,0.0,0.0,16.2,16.2,16.2,1.3,8.3,5.0,1008.5,1008.5,2.7,4.6
2024-04-18 09:19:28+02:00,7.0,6.8,4.8,3.3,78.0,10.5,88.0,295.2,2.0,0.0,0.3,0.0,0.0,16.2,16.2,16.2,4.0,10.8,293.0,1008.5,1008.5,2.7,4.6
2024-04-18 09:25:52+02:00,7.2,6.8,4.9,3.2,76.0,10.8,88.0,374.4,3.0,0.0,0.3,0.0,0.0,16.2,16.2,16.2,4.2,7.2,292.0,1008.6,1008.6,2.7,4.7
2024-04-18 09:30:08+02:00,7.4,6.7,4.8,3.1,74.0,11.0,88.0,141.3,1.0,0.0,0.3,0.0,0.0,16.2,16.2,16.2,6.0,10.8,270.0,1008.6,1008.6,2.7,4.7
2024-04-18 09:34:24+02:00,7.2,6.6,4.6,3.0,75.0,11.1,88.0,103.5,0.0,0.0,0.3,0.0,0.0,16.2,16.2,16.2,5.1,9.7,281.0,1008.7,1008.7,2.7,4.8
2024-04-18 09:40:48+02:00,7.0,6.5,4.5,2.8,75.0,11.2,89.0,132.8,1.0,0.0,0.3,0.0,0.0,16.2,16.2,16.2,4.9,9.0,285.0,1008.7,1008.7,2.7,4.8
2024-04-18 09:45:04+02:00,7.0,6.1,4.3,2.8,75.0,11.3,89.0,176.5,1.0,0.0,0.3,0.0,0.0,16.2,16.2,16.2,5.9,9.7,299.0,1008.8,1008.8,2.7,4.9
2024-04-18 09:49:20+02:00,7.1,7.0,4.9,2.8,74.0,11.4,89.0,196.6,1.0,0.0,0.3,0.0,0.0,16.2,16.2,16.2,3.5,8.3,320.0,1008.9,1008.9,2.7,4.9
2024-04-18 09:55:44+02:00,7.3,7.3,5.3,2.9,73.0,11.5,89.0,188.0,1.0,0.0,0.3,0.0,0.0,16.2,16.2,16.2,2.8,9.7,19.0,1008.9,1008.9,2.7,4.9
2024-04-18 10:00:00+02:00,7.6,7.5,5.6,3.1,73.0,11.5,89.0,194.5,1.0,0.0,0.3,0.0,0.0,16.2,16.2,16.2,2.9,9.4,334.0,1009.0,1009.0,2.7,4.9
2024-04-18 10:04:16+02:00,7.9,7.7,5.8,3.0,71.0,11.7,89.0,374.6,3.0,0.0,0.3,0.0,0.0,16.2,16.2,16.2,3.4,11.2,5.0,1009.0,1009.0,2.7,5.0
2024-04-18 10:10:40+02:00,8.4,8.1,6.2,3.1,70.0,11.8,89.0,342.8,3.0,0.0,0.3,0.0,0.0,16.2,16.2,16.2,3.4,7.9,272.0,1009.1,1009.1,2.7,5.0
2024-04-18 10:14:56+02:00,8.2,8.1,6.0,3.1,70.0,12.0,89.0,188.2,1.0,0.0,0.3,0.0,0.0,16.2,16.2,16.2,3.9,13.0,270.0,1009.2,1009.2,2.7,5.1
2024-04-18 10:19:12+02:00,7.9,7.1,5.3,2.8,70.0,12.0,89.0,168.8,1.0,0.0,0.3,0.0,0.0,16.2,16.2,16.2,5.5,18.7,250.0,1009.1,1009.1,2.7,5.1
2024-04-18 10:25:36+02:00,8.0,7.7,5.6,2.9,70.0,12.1,89.0,152.2,1.0,0.0,0.3,0.0,0.0,16.2,16.2,16.2,4.1,10.8,292.0,1009.2,1009.2,2.7,5.2
2024-04-18 10:29:52+02:00,7.8,7.0,5.1,2.9,71.0,12.2,89.0,146.1,1.0,0.0,0.3,0.0,0.0,16.2,16.2,16.2,6.1,10.4,296.0,1009.3,1009.3,2.7,5.2
2024-04-18 10:34:08+02:00,7.8,7.7,5.6,2.9,71.0,12.2,89.0,165.1,1.0,0.0,0.3,0.0,0.0,16.2,16.2,16.2,3.6,10.4,300.0,1009.2,1009.2,2.7,5.2
2024-04-18 10:40:32+02:00,7.9,7.4,5.4,2.7,70.0,12.3,89.0,194.4,1.0,0.0,0.3,0.0,0.0,16.2,16.2,16.2,4.8,9.4,270.0,1009.3,1009.3,2.7,5.2
2024-04-18 10:44:48+02:00,8.2,8.2,6.1,3.0,70.0,12.3,89.0,208.1,1.0,0.0,0.3,0.0,0.0,16.2,16.2,16.2,2.8,6.8,270.0,1009.4,1009.4,2.7,5.2
2024-04-18 10:49:04+02:00,8.4,8.4,6.2,3.1,69.0,12.5,89.0,216.5,2.0,0.0,0.3,0.0,0.0,16.2,16.2,16.2,3.2,6.1,210.0,1009.3,1009.3,2.7,5.2
2024-04-18 10:55:28+02:00,8.9,8.9,7.2,3.4,68.0,12.7,89.0,409.9,3.0,0.0,0.3,0.0,0.0,16.2,16.2,16.2,1.3,4.7,239.0,1009.5,1009.5,2.7,5.2
2024-04-18 10:59:44+02:00,9.3,9.2,7.3,3.4,67.0,12.8,89.0,242.2,2.0,0.0,0.3,0.0,0.0,16.2,16.2,16.2,2.8,6.8,214.0,1009.4,1009.4,2.7,5.2
2024-04-18 11:04:00+02:00,8.9,8.8,6.8,3.1,67.0,12.9,89.0,162.9,1.0,0.0,0.3,0.0,0.0,16.2,16.2,16.2,3.2,6.1,251.0,1009.3,1009.3,2.7,5.2
2024-04-18 11:10:24+02:00,9.0,8.7,6.7,3.1,67.0,13.1,89.0,468.8,4.0,0.0,0.3,0.0,0.0,16.2,16.2,16.2,4.1,9.4,20.0,1009.4,1009.4,2.7,5.2
2024-04-18 11:14:40+02:00,9.3,9.3,7.3,3.4,67.0,13.3,89.0,457.5,4.0,0.0,0.3,0.0,0.0,16.2,16.2,16.2,3.2,9.4,359.0,1009.4,1009.4,2.7,5.2
2024-04-18 11:21:04+02:00,9.9,9.7,7.4,3.6,65.0,13.5,89.0,526.4,4.0,0.0,0.3,0.0,0.0,16.2,16.2,16.2,5.7,12.2,15.0,1009.4,1009.4,2.7,5.2
2024-04-18 11:25:20+02:00,9.9,9.9,7.7,3.3,64.0,13.8,89.0,552.0,5.0,0.0,0.3,0.0,0.0,16.2,16.2,16.2,3.7,10.8,289.0,1009.4,1009.4,2.7,5.2
2024-04-18 11:29:36+02:00,9.8,9.5,7.4,3.3,64.0,14.0,89.0,166.2,1.0,0.0,0.3,0.0,0.0,16.2,16.2,16.2,4.8,11.9,73.0,1009.5,1009.5,2.7,5.2
2024-04-18 11:36:00+02:00,9.3,8.6,6.7,3.4,67.0,14.2,89.0,100.2,0.0,0.0,0.3,0.0,0.0,16.2,16.2,16.2,6.2,11.9,301.0,1009.6,1009.6,2.7,5.2
2024-04-18 11:40:16+02:00,9.0,9.0,7.1,3.2,67.0,14.3,89.0,108.6,1.0,0.0,0.3,0.0,0.0,16.2,16.2,16.2,2.1,7.9,303.0,1009.5,1009.5,2.7,5.2
2024-04-18 11:44:32+02:00,9.2,9.2,7.5,3.3,66.0,14.5,89.0,505.4,4.0,0.0,0.3,0.0,0.0,16.2,16.2,16.2,1.7,6.5,210.0,1009.5,1009.5,2.7,5.2
2024-04-18 11:50:56+02:00,10.3,10.3,8.5,3.7,64.0,14.7,89.0,536.1,4.0,0.0,0.3,0.0,0.0,16.2,16.2,16.2,2.2,6.1,188.0,1009.5,1009.5,2.7,5.2
2024-04-18 11:55:12+02:00,11.7,11.7,9.7,3.6,58.0,14.8,89.0,533.6,4.0,0.0,0.3,0.0,0.0,16.2,16.2,16.2,3.2,8.3,191.0,1009.6,1009.6,2.7,5.2
2024-04-18 11:59:28+02:00,11.5,11.5,9.4,3.4,57.0,14.9,89.0,122.6,1.0,0.0,0.3,0.0,0.0,16.2,16.2,16.2,3.7,7.6,216.0,1009.6,1009.6,2.7,5.2
2024-04-18 12:05:52+02:00,10.6,10.6,7.9,2.9,59.0,15.1,89.0,93.7,0.0,0.0,0.3,0.0,0.0,16.2,16.2,16.2,5.8,10.1,150.0,1009.6,1009.6,2.7,5.2
2024-04-18 12:10:08+02:00,9.4,8.9,6.8,2.3,61.0,15.2,89.0,101.7,0.0,0.0,0.3,0.0,0.0,16.2,16.2,16.2,5.6,9.7,298.0,1009.6,1009.6,2.7,5.2
2024-04-18 12:14:24+02:00,9.5,9.5,7.5,2.5,61.0,15.3,89.0,536.4,4.0,0.0,0.3,0.0,0.0,16.2,16.2,16.2,2.2,6.8,354.0,1009.5,1009.5,2.7,5.2
2024-04-18 12:20:48+02:00,10.3,10.3,8.0,2.3,58.0,15.5,89.0,545.0,5.0,0.0,0.3,0.0,0.0,16.2,16.2,16.2,3.7,7.6,37.0,1009.5,1009.5,2.7,5.2
2024-04-18 12:25:04+02:00,10.6,10.6,8.5,2.3,57.0,15.7,89.0,157.1,1.0,0.0,0.3,0.0,0.0,16.2,16.2,16.2,2.4,7.9,291.0,1009.5,1009.5,2.7,5.2
2024-04-18 12:29:20+02:00,10.4,10.4,7.9,2.1,57.0,15.7,89.0,100.9,0.0,0.0,0.3,0.0,0.0,16.2,16.2,16.2,3.9,10.8,275.0,1009.5,1009.5,2.7,5.2
2024-04-18 12:35:44+02:00,10.0,9.9,7.6,1.8,57.0,15.8,88.0,122.3,1.0,0.0,0.3,0.0,0.0,16.2,16.2,16.2,3.5,10.8,272.0,1009.5,1009.5,2.7,5.2
2024-04-18 12:40:00+02:00,9.9,9.7,7.6,1.4,56.0,15.9,88.0,551.2,5.0,0.0,0.3,0.0,0.0,16.2,16.2,16.2,3.0,6.8,287.0,1009.5,1009.5,2.7,5.2
2024-04-18 12:44:16+02:00,10.9,10.9,8.7,1.8,53.0,16.1,88.0,563.0,5.0,0.0,0.3,0.0,0.0,16.2,16.2,16.2,3.0,10.8,327.0,1009.6,1009.6,2.7,5.2
2024-04-18 12:50:40+02:00,10.8,10.8,7.4,1.6,53.0,16.2,88.0,146.1,1.0,0.0,0.3,0.0,0.0,16.2,16.2,16.2,8.8,18.7,292.0,1009.6,1009.6,2.7,5.2
2024-04-18 12:54:56+02:00,9.9,9.0,6.5,0.5,52.0,16.3,88.0,128.4,1.0,0.0,0.3,0.0,0.0,16.2,16.2,16.2,7.8,19.8,297.0,1009.6,1009.6,2.7,5.2
2024-04-18 12:59:12+02:00,10.0,9.5,6.9,0.5,52.0,16.3,88.0,175.2,1.0,0.0,0.3,0.0,0.0,16.2,16.2,16.2,5.9,12.6,298.0,1009.6,1009.6,2.7,5.2
2024-04-18 13:05:36+02:00,10.0,10.0,7.4,0.3,51.0,16.4,88.0,572.5,5.0,0.0,0.3,0.0,0.0,16.2,16.2,16.2,3.5,11.9,289.0,1009.7,1009.7,2.7,5.2
2024-04-18 13:09:52+02:00,10.9,10.9,7.8,0.4,48.0,16.4,88.0,565.6,5.0,0.0,0.3,0.0,0.0,16.2,16.2,16.2,5.8,15.5,285.0,1009.8,1009.8,2.7,5.2
2024-04-18 13:14:08+02:00,11.2,11.2,8.0,0.1,46.0,16.5,88.0,509.1,4.0,0.0,0.3,0.0,0.0,16.2,16.2,16.2,6.0,11.9,269.0,1009.6,1009.6,2.7,5.2
2024-04-18 13:20:32+02:00,10.9,10.9,7.8,0.1,47.0,16.6,88.0,253.0,2.0,0.0,0.3,0.0,0.0,16.2,16.2,16.2,5.5,16.2,260.0,1009.6,1009.6,2.7,5.2
2024-04-18 13:24:48+02:00,10.4,10.4,8.0,0.2,49.0,16.6,88.0,555.6,5.0,0.0,0.3,0.0,0.0,16.2,16.2,16.2,1.9,16.2,289.0,1009.6,1009.6,2.7,5.2
2024-04-18 13:29:04+02:00,11.7,11.7,8.8,-0.1,44.0,16.7,88.0,570.0,5.0,0.0,0.3,0.0,0.0,16.2,16.2,16.2,4.5,10.1,257.0,1009.6,1009.6,2.7,5.2
2024-04-18 13:35:28+02:00,11.3,11.3,7.8,0.2,46.0,16.8,88.0,175.8,1.0,0.0,0.3,0.0,0.0,16.2,16.2,16.2,8.1,20.5,282.0,1009.6,1009.6,2.7,5.2
2024-04-18 13:39:44+02:00,10.6,10.6,7.1,-0.2,47.0,16.8,88.0,518.7,4.0,0.0,0.3,0.0,0.0,16.2,16.2,16.2,7.6,17.6,287.0,1009.7,1009.7,2.7,5.2
2024-04-18 13:44:00+02:00,11.6,11.6,9.0,-0.3,44.0,16.8,88.0,520.8,4.0,0.0,0.3,0.0,0.0,16.2,16.2,16.2,3.0,8.6,36.0,1009.6,1009.6,2.7,5.2
2024-04-18 13:50:24+02:00,12.6,12.6,9.2,-0.7,40.0,16.9,88.0,602.2,5.0,0.0,0.3,0.0,0.0,16.2,16.2,16.2,6.6,16.9,270.0,1009.6,1009.6,2.7,5.2
2024-04-18 13:54:40+02:00,12.6,12.6,9.1,-0.1,42.0,17.0,88.0,615.9,5.0,0.0,0.3,0.0,0.0,16.2,16.2,16.2,7.5,15.1,254.0,1009.6,1009.6,2.7,5.2
2024-04-18 13:58:56+02:00,11.9,11.9,8.6,0.1,44.0,17.1,88.0,165.2,1.0,0.0,0.3,0.0,0.0,16.2,16.2,16.2,7.3,15.8,277.0,1009.6,1009.6,2.7,5.2
2024-04-18 14:05:20+02:00,10.9,10.9,7.5,0.2,48.0,17.2,88.0,124.9,1.0,0.0,0.3,0.0,0.0,16.2,16.2,16.2,7.4,17.6,287.0,1009.6,1009.6,2.7,5.2
2024-04-18 14:09:36+02:00,11.0,11.0,7.9,0.0,47.0,17.2,88.0,520.9,4.0,0.0,0.3,0.0,0.0,16.2,16.2,16.2,5.5,13.0,253.0,1009.7,1009.7,2.7,5.2
2024-04-18 14:16:00+02:00,12.1,12.1,8.7,-0.6,41.0,17.3,88.0,547.0,5.0,0.0,0.3,0.0,0.0,16.2,16.2,16.2,6.8,16.9,260.0,1009.7,1009.7,2.7,5.2
2024-04-18 14:20:16+02:00,12.5,12.5,9.2,0.3,43.0,17.4,88.0,553.0,5.0,0.0,0.3,0.0,0.0,16.2,16.2,16.2,7.1,15.5,273.0,1009.7,1009.7,2.7,5.2
2024-04-18 14:24:32+02:00,11.6,11.6,8.0,0.5,46.0,17.4,88.0,145.4,1.0,0.0,0.3,0.0,0.0,16.2,16.2,16.2,8.1,16.6,283.0,1009.7,1009.7,2.7,5.2
2024-04-18 14:30:56+02:00,11.2,11.2,8.1,0.4,47.0,17.5,88.0,404.7,3.0,0.0,0.3,0.0,0.0,16.2,16.2,16.2,6.0,15.8,272.0,1009.7,1009.7,2.7,5.2
2024-04-18 14:35:12+02:00,12.1,12.1,9.0,0.7,46.0,17.6,88.0,596.6,5.0,0.0,0.3,0.0,0.0,16.2,16.2,16.2,6.3,13.3,288.0,1009.6,1009.6,2.7,5.2
2024-04-18 14:39:28+02:00,11.7,11.7,8.2,0.4,46.0,17.6,88.0,208.3,1.0,0.0,0.3,0.0,0.0,16.2,16.2,16.2,7.9,16.2,297.0,1009.6,1009.6,2.7,5.2
2024-04-18 14:45:52+02:00,11.7,11.7,8.0,0.3,45.0,17.7,88.0,576.3,5.0,0.0,0.3,0.0,0.0,16.2,16.2,16.2,9.1,13.3,282.0,1009.7,1009.7,2.7,5.2
2024-04-18 14:50:08+02:00,11.9,11.9,9.0,0.1,44.0,17.7,88.0,548.0,5.0,0.0,0.3,0.0,0.0,16.2,16.2,16.2,5.0,13.7,326.0,1009.7,1009.7,2.7,5.2
2024-04-18 14:54:24+02:00,12.9,12.9,9.9,0.6,43.0,17.8,88.0,543.6,5.0,0.0,0.3,0.0,0.0,16.2,16.2,16.2,6.0,10.1,239.0,1009.7,1009.7,2.7,5.2
2024-04-18 15:00:48+02:00,12.5,12.5,9.5,0.7,45.0,17.9,88.0,176.3,1.0,0.0,0.3,0.0,0.0,16.2,16.2,16.2,5.2,11.9,201.0,1009.8,1009.8,2.7,5.2
2024-04-18 15:05:04+02:00,11.7,11.7,9.1,0.6,46.0,17.9,88.0,220.2,2.0,0.0,0.3,0.0,0.0,16.2,16.2,16.2,3.7,15.1,267.0,1009.8,1009.8,2.7,5.2
2024-04-18 15:09:20+02:00,11.7,11.7,8.4,0.7,47.0,18.0,88.0,212.3,1.0,0.0,0.3,0.0,0.0,16.2,16.2,16.2,7.1,15.5,281.0,1009.6,1009.6,2.7,5.2
2024-04-18 15:15:44+02:00,12.1,12.1,9.6,0.3,44.0,18.0,88.0,566.9,5.0,0.0,0.3,0.0,0.0,16.2,16.2,16.2,3.2,12.6,203.0,1009.6,1009.6,2.7,5.2
2024-04-18 15:20:00+02:00,13.0,13.0,10.2,0.4,42.0,18.1,88.0,496.5,4.0,0.0,0.3,0.0,0.0,16.2,16.2,16.2,4.9,11.2,263.0,1009.5,1009.5,2.7,5.2
2024-04-18 15:24:16+02:00,14.1,14.1,11.5,0.9,41.0,18.1,88.0,547.6,5.0,0.0,0.3,0.0,0.0,16.2,16.2,16.2,3.8,8.3,195.0,1009.5,1009.5,2.7,5.2
2024-04-18 15:30:40+02:00,14.1,14.1,11.1,0.0,38.0,18.2,89.0,499.4,4.0,0.0,0.3,0.0,0.0,16.2,16.2,16.2,5.0,14.4,194.0,1009.5,1009.5,2.7,5.2
2024-04-18 15:34:56+02:00,13.7,13.7,10.9,0.3,40.0,18.3,89.0,553.4,5.0,0.0,0.3,0.0,0.0,16.2,16.2,16.2,4.2,17.6,252.0,1009.6,1009.6,2.7,5.2
2024-04-18 15:39:12+02:00,14.5,14.5,11.5,0.4,38.0,18.4,89.0,536.8,4.0,0.0,0.3,0.0,0.0,16.2,16.2,16.2,5.3,15.1,256.0,1009.5,1009.5,2.7,5.2
2024-04-18 15:45:36+02:00,14.3,14.3,11.7,0.4,39.0,18.5,89.0,277.7,2.0,0.0,0.3,0.0,0.0,16.2,16.2,16.2,3.4,14.4,192.0,1009.4,1009.4,2.7,5.3
2024-04-18 15:49:52+02:00,12.9,12.9,10.2,0.7,43.0,18.6,89.0,104.2,0.0,0.0,0.3,0.0,0.0,16.2,16.2,16.2,3.8,11.2,296.0,1009.4,1009.4,2.7,5.3
2024-04-18 15:54:08+02:00,12.5,12.5,9.8,0.4,43.0,18.7,89.0,124.7,1.0,0.0,0.3,0.0,0.0,16.2,16.2,16.2,4.2,8.3,271.0,1009.4,1009.4,2.7,5.3
2024-04-18 16:00:32+02:00,12.3,12.3,9.6,0.1,43.0,18.7,89.0,134.9,1.0,0.0,0.3,0.0,0.0,16.2,16.2,16.2,3.7,9.0,257.0,1009.4,1009.4,2.7,5.3
2024-04-18 16:04:48+02:00,12.1,12.1,8.8,0.7,46.0,18.7,88.0,134.6,1.0,0.0,0.3,0.0,0.0,16.2,16.2,16.2,7.3,15.5,288.0,1009.4,1009.4,2.7,5.3
2024-04-18 16:09:04+02:00,11.3,11.3,7.2,0.3,47.0,18.7,88.0,116.3,1.0,0.0,0.3,0.0,0.0,16.2,16.2,16.2,11.2,22.3,289.0,1009.5,1009.5,2.7,5.3
2024-04-18 16:15:28+02:00,11.1,11.1,7.2,0.0,46.0,18.8,88.0,495.2,4.0,0.0,0.3,0.0,0.0,16.2,16.2,16.2,9.4,22.3,281.0,1009.5,1009.5,2.7,5.2
2024-04-18 16:19:44+02:00,11.4,11.4,8.1,-0.1,45.0,18.8,88.0,135.6,1.0,0.0,0.3,0.0,0.0,16.2,16.2,16.2,6.6,19.1,264.0,1009.4,1009.4,2.7,5.2
2024-04-18 16:24:00+02:00,11.4,11.4,8.1,-0.2,45.0,18.7,88.0,128.9,1.0,0.0,0.3,0.0,0.0,16.2,16.2,16.2,6.4,19.1,283.0,1009.4,1009.4,2.7,5.2
2024-04-18 16:30:24+02:00,11.3,11.3,7.6,0.0,46.0,18.7,88.0,162.0,1.0,0.0,0.3,0.0,0.0,16.2,16.2,16.2,8.7,16.6,280.0,1009.3,1009.3,2.7,5.2
2024-04-18 16:34:40+02:00,11.3,11.3,8.2,0.3,47.0,18.7,88.0,176.9,1.0,0.0,0.3,0.0,0.0,16.2,16.2,16.2,6.3,13.0,293.0,1009.2,1009.2,2.7,5.2
2024-04-18 16:41:04+02:00,11.6,11.6,8.8,0.7,47.0,18.7,88.0,492.0,4.0,0.0,0.3,0.0,0.0,16.2,16.2,16.2,4.8,18.0,214.0,1009.1,1009.1,2.7,5.2
2024-04-18 16:45:20+02:00,12.3,12.3,9.0,0.6,45.0,18.7,88.0,233.4,2.0,0.0,0.3,0.0,0.0,16.2,16.2,16.2,7.1,15.5,232.0,1009.2,1009.2,2.7,5.2
2024-04-18 16:49:36+02:00,11.6,11.6,8.6,0.3,46.0,18.7,88.0,129.2,1.0,0.0,0.3,0.0,0.0,16.2,16.2,16.2,5.5,15.5,291.0,1009.2,1009.2,2.7,5.2
2024-04-18 16:56:00+02:00,11.7,11.7,9.4,0.5,46.0,18.7,88.0,143.0,1.0,0.0,0.3,0.0,0.0,16.2,16.2,16.2,2.4,8.6,282.0,1009.2,1009.2,2.7,5.2
2024-04-18 17:00:16+02:00,11.9,11.9,9.4,0.6,46.0,18.7,88.0,195.5,1.0,0.0,0.3,0.0,0.0,16.2,16.2,16.2,3.0,6.8,197.0,1009.0,1009.0,2.7,5.2
2024-04-18 17:04:32+02:00,12.0,12.0,9.1,0.4,45.0,18.7,88.0,120.9,1.0,0.0,0.3,0.0,0.0,16.2,16.2,16.2,4.7,11.2,286.0,1009.0,1009.0,2.7,5.2
2024-04-18 17:10:56+02:00,11.7,11.7,9.3,0.7,47.0,18.6,88.0,63.0,0.0,0.0,0.3,0.0,0.0,16.2,16.2,16.2,3.0,9.7,278.0,1009.1,1009.1,2.7,5.2
2024-04-18 17:15:12+02:00,11.7,11.7,8.9,1.0,48.0,18.6,88.0,77.0,0.0,0.0,0.3,0.0,0.0,16.2,16.2,16.2,5.0,9.0,273.0,1009.2,1009.2,2.7,5.2
2024-04-18 17:19:28+02:00,11.5,11.5,8.0,0.5,47.0,18.6,88.0,105.2,0.0,0.0,0.3,0.0,0.0,16.2,16.2,16.2,7.9,13.3,283.0,1009.2,1009.2,2.7,5.2
2024-04-18 17:25:52+02:00,11.5,11.5,9.2,0.6,47.0,18.6,88.0,150.8,1.0,0.0,0.3,0.0,0.0,16.2,16.2,16.2,1.9,11.2,301.0,1009.1,1009.1,2.7,5.2
2024-04-18 17:30:08+02:00,12.0,12.0,8.7,0.7,46.0,18.5,88.0,392.7,3.0,0.0,0.3,0.0,0.0,16.2,16.2,16.2,6.9,16.2,282.0,1009.2,1009.2,2.7,5.2
2024-04-18 17:34:24+02:00,12.6,12.6,10.0,1.0,45.0,18.5,88.0,168.4,1.0,0.0,0.3,0.0,0.0,16.2,16.2,16.2,4.0,16.2,257.0,1009.1,1009.1,2.7,5.2
2024-04-18 17:40:48+02:00,12.0,12.0,9.2,0.9,46.0,18.4,88.0,97.2,0.0,0.0,0.3,0.0,0.0,16.2,16.2,16.2,5.0,15.5,261.0,1009.2,1009.2,2.7,5.2
2024-04-18 17:45:04+02:00,12.0,12.0,9.4,0.9,47.0,18.4,88.0,75.3,0.0,0.0,0.3,0.0,0.0,16.2,16.2,16.2,4.0,8.3,252.0,1009.2,1009.2,2.7,5.2
2024-04-18 17:49:20+02:00,11.7,11.7,9.1,0.6,46.0,18.4,88.0,69.0,0.0,0.0,0.3,0.0,0.0,16.2,16.2,16.2,3.8,13.0,186.0,1009.2,1009.2,2.7,5.2
2024-04-18 17:55:44+02:00,11.5,11.5,8.6,0.8,48.0,18.4,88.0,54.1,0.0,0.0,0.3,0.0,0.0,16.2,16.2,16.2,5.1,11.5,177.0,1009.2,1009.2,2.7,5.2
2024-04-18 18:00:00+02:00,11.3,11.3,8.7,0.8,48.0,18.3,88.0,46.7,0.0,0.0,0.3,0.0,0.0,16.2,16.2,16.2,3.9,15.5,288.0,1009.2,1009.2,2.7,5.2
2024-04-18 18:04:16+02:00,11.2,11.2,8.5,0.4,47.0,18.3,88.0,56.2,0.0,0.0,0.3,0.0,0.0,16.2,16.2,16.2,4.1,9.0,276.0,1009.2,1009.2,2.7,5.2
2024-04-18 18:10:40+02:00,11.2,11.2,8.4,0.2,47.0,18.2,88.0,72.5,0.0,0.0,0.3,0.0,0.0,16.2,16.2,16.2,4.2,13.3,199.0,1009.1,1009.1,2.7,5.2
2024-04-18 18:14:56+02:00,11.3,11.3,8.5,0.6,48.0,18.2,88.0,73.9,0.0,0.0,0.3,0.0,0.0,16.2,16.2,16.2,4.5,10.4,267.0,1009.0,1009.0,2.7,5.2
2024-04-18 18:19:12+02:00,11.2,11.2,7.7,0.5,48.0,18.1,88.0,67.5,0.0,0.0,0.3,0.0,0.0,16.2,16.2,16.2,7.6,20.9,279.0,1009.1,1009.1,2.7,5.2
2024-04-18 18:25:36+02:00,11.1,11.1,8.5,0.6,48.0,18.1,88.0,58.8,0.0,0.0,0.3,0.0,0.0,16.2,16.2,16.2,3.4,16.6,234.0,1009.0,1009.0,2.7,5.2
2024-04-18 18:29:52+02:00,11.1,11.1,8.8,0.6,48.0,18.0,88.0,59.2,0.0,0.0,0.3,0.0,0.0,16.2,16.2,16.2,2.1,9.4,171.0,1009.0,1009.0,2.7,5.2
2024-04-18 18:34:08+02:00,11.2,11.2,8.3,0.7,48.0,18.0,88.0,55.6,0.0,0.0,0.3,0.0,0.0,16.2,16.2,16.2,5.4,11.9,105.0,1009.0,1009.0,2.7,5.2
2024-04-18 18:40:32+02:00,11.2,11.2,8.5,0.2,47.0,17.9,88.0,63.9,0.0,0.0,0.3,0.0,0.0,16.2,16.2,16.2,3.7,11.9,153.0,1009.1,1009.1,2.7,5.2
2024-04-18 18:44:48+02:00,11.1,11.1,8.3,0.1,46.0,17.9,88.0,59.4,0.0,0.0,0.3,0.0,0.0,16.2,16.2,16.2,4.3,13.7,238.0,1009.1,1009.1,2.7,5.2
2024-04-18 18:49:04+02:00,11.1,11.1,8.4,0.3,47.0,17.8,88.0,59.4,0.0,0.0,0.3,0.0,0.0,16.2,16.2,16.2,4.2,13.3,206.0,1009.1,1009.1,2.7,5.2
2024-04-18 18:55:28+02:00,11.0,11.0,8.0,0.0,47.0,17.8,88.0,45.8,0.0,0.0,0.3,0.0,0.0,16.2,16.2,16.2,5.3,7.9,268.0,1009.1,1009.1,2.7,5.2
2024-04-18 18:59:44+02:00,10.9,10.9,8.1,0.0,47.0,17.7,88.0,28.4,0.0,0.0,0.3,0.0,0.0,16.2,16.2,16.2,4.6,7.9,262.0,1009.1,1009.1,2.7,5.2
2024-04-18 19:04:00+02:00,10.8,10.8,8.1,0.3,48.0,17.7,88.0,26.4,0.0,0.0,0.3,0.0,0.0,16.2,16.2,16.2,4.3,12.6,260.0,1008.9,1008.9,2.7,5.2
2024-04-18 19:10:24+02:00,10.8,10.8,7.9,0.5,49.0,17.6,88.0,29.9,0.0,0.0,0.3,0.0,0.0,16.2,16.2,16.2,5.1,10.4,272.0,1009.0,1009.0,2.7,5.2
2024-04-18 19:14:40+02:00,10.7,10.7,7.7,0.7,50.0,17.5,88.0,34.4,0.0,0.0,0.3,0.0,0.0,16.2,16.2,16.2,5.8,11.2,272.0,1009.0,1009.0,2.7,5.2
2024-04-18 19:18:56+02:00,10.7,10.7,7.9,0.7,50.0,17.5,87.0,33.6,0.0,0.0,0.3,0.0,0.0,16.2,16.2,16.2,4.5,12.2,276.0,1009.0,1009.0,2.7,5.2
2024-04-18 19:25:20+02:00,10.6,10.6,8.2,0.6,50.0,17.4,87.0,29.7,0.0,0.0,0.3,0.0,0.0,16.2,16.2,16.2,2.7,10.1,141.0,1009.0,1009.0,2.7,5.2
2024-04-18 19:29:36+02:00,10.6,10.6,7.9,0.6,50.0,17.3,87.0,24.0,0.0,0.0,0.3,0.0,0.0,16.2,16.2,16.2,3.8,11.2,165.0,1009.0,1009.0,2.7,5.2
2024-04-18 19:36:00+02:00,10.5,10.5,8.0,0.8,51.0,17.3,87.0,23.4,0.0,0.0,0.3,0.0,0.0,16.2,16.2,16.2,3.2,11.5,233.0,1009.1,1009.1,2.7,5.2
2024-04-18 19:40:16+02:00,10.4,10.4,7.4,1.0,52.0,17.2,87.0,19.3,0.0,0.0,0.3,0.0,0.0,16.2,16.2,16.2,6.0,13.7,272.0,1009.0,1009.0,2.7,5.2
2024-04-18 19:44:32+02:00,10.3,10.3,7.6,1.1,53.0,17.2,87.0,17.0,0.0,0.0,0.3,0.0,0.0,16.2,16.2,16.2,4.4,10.8,257.0,1009.0,1009.0,2.7,5.2
2024-04-18 19:50:56+02:00,10.2,10.2,7.7,1.4,54.0,17.1,87.0,15.1,0.0,0.0,0.3,0.0,0.0,16.2,16.2,16.2,3.5,7.6,147.0,1009.0,1009.0,2.7,5.2
2024-04-18 19:55:12+02:00,10.2,10.2,8.0,1.2,54.0,17.0,87.0,13.7,0.0,0.0,0.3,0.0,0.0,16.2,16.2,16.2,1.7,8.3,220.0,1008.9,1008.9,2.7,5.2
2024-04-18 19:59:28+02:00,10.1,10.1,7.4,1.3,54.0,16.9,87.0,11.8,0.0,0.0,0.3,0.0,0.0,16.2,16.2,16.2,4.7,8.3,135.0,1008.8,1008.8,2.7,5.2
2024-04-18 20:05:52+02:00,10.0,10.0,7.6,1.3,55.0,16.9,87.0,8.2,0.0,0.0,0.3,0.0,0.0,16.2,16.2,16.2,3.1,6.8,229.0,1008.9,1008.9,2.7,5.2
2024-04-18 20:10:08+02:00,9.9,9.9,7.6,1.3,55.0,16.8,87.0,6.5,0.0,0.0,0.3,0.0,0.0,16.2,16.2,16.2,2.7,8.6,187.0,1008.8,1008.8,2.7,5.2
2024-04-18 20:14:24+02:00,9.9,9.8,7.5,1.3,55.0,16.7,87.0,4.9,0.0,0.0,0.3,0.0,0.0,16.2,16.2,16.2,3.1,7.9,154.0,1008.8,1008.8,2.7,5.2
2024-04-18 20:20:48+02:00,9.8,9.8,7.6,1.6,56.0,16.7,87.0,3.8,0.0,0.0,0.3,0.0,0.0,16.2,16.2,16.2,2.6,7.9,243.0,1008.8,1008.8,2.7,5.2
2024-04-18 20:25:04+02:00,9.7,9.5,7.3,1.7,57.0,16.6,87.0,2.8,0.0,0.0,0.3,0.0,0.0,16.2,16.2,16.2,3.7,9.4,182.0,1009.0,1009.0,2.7,5.2
2024-04-18 20:29:20+02:00,9.6,9.5,7.4,1.9,59.0,16.5,87.0,1.9,0.0,0.0,0.3,0.0,0.0,16.2,16.2,16.2,2.5,6.8,236.0,1008.9,1008.9,2.7,5.2
2024-04-18 20:35:44+02:00,9.5,9.5,7.5,2.0,60.0,16.4,87.0,1.2,0.0,0.0,0.3,0.0,0.0,16.2,16.2,16.2,1.8,6.8,317.0,1008.9,1008.9,2.7,5.2
2024-04-18 20:40:00+02:00,9.4,9.4,7.3,2.0,60.0,16.3,87.0,0.7,0.0,0.0,0.3,0.0,0.0,16.2,16.2,16.2,2.3,5.8,260.0,1008.8,1008.8,2.7,5.2
2024-04-18 20:44:16+02:00,9.3,9.3,7.3,2.1,61.0,16.3,87.0,0.4,0.0,0.0,0.3,0.0,0.0,16.2,16.2,16.2,1.9,6.1,290.0,1008.8,1008.8,2.7,5.2
2024-04-18 20:50:40+02:00,9.3,9.2,7.0,2.2,61.0,16.2,87.0,0.2,0.0,0.0,0.3,0.0,0.0,16.2,16.2,16.2,3.2,7.6,240.0,1008.8,1008.8,2.7,5.2
2024-04-18 20:54:56+02:00,9.2,9.2,7.2,2.5,63.0,16.2,87.0,0.1,0.0,0.0,0.3,0.0,0.0,16.2,16.2,16.2,2.1,5.4,55.0,1008.9,1008.9,2.7,5.1
2024-04-18 20:59:12+02:00,9.1,8.9,6.9,2.5,63.0,16.0,87.0,0.0,0.0,0.0,0.3,0.0,0.0,16.2,16.2,16.2,3.3,6.8,192.0,1008.8,1008.8,2.7,5.1
2024-04-18 21:05:36+02:00,9.0,8.9,7.0,2.5,64.0,16.0,87.0,0.0,0.0,0.0,0.3,0.0,0.0,16.2,16.2,16.2,2.3,5.4,200.0,1008.8,1008.8,2.7,5.1
2024-04-18 21:09:52+02:00,9.0,8.9,7.1,2.7,65.0,15.9,86.0,0.0,0.0,0.0,0.3,0.0,0.0,16.2,16.2,16.2,1.5,5.0,140.0,1008.9,1008.9,2.7,5.1
2024-04-18 21:14:08+02:00,8.8,8.8,6.7,2.6,65.0,15.8,86.0,0.0,0.0,0.0,0.3,0.0,0.0,16.2,16.2,16.2,2.4,4.3,112.0,1009.0,1009.0,2.7,5.1
2024-04-18 21:20:32+02:00,8.8,8.8,6.9,2.6,65.0,15.8,86.0,0.0,0.0,0.0,0.3,0.0,0.0,16.2,16.2,16.2,1.7,5.8,191.0,1008.9,1008.9,2.7,5.1
2024-04-18 21:24:48+02:00,8.7,8.7,7.0,2.7,66.0,15.7,86.0,0.0,0.0,0.0,0.3,0.0,0.0,16.2,16.2,16.2,1.0,3.2,78.0,1008.9,1008.9,2.7,5.1
2024-04-18 21:29:04+02:00,8.6,8.6,6.6,2.8,67.0,15.7,86.0,0.0,0.0,0.0,0.3,0.0,0.0,16.2,16.2,16.2,2.3,9.0,150.0,1008.9,1008.9,2.7,5.1
2024-04-18 21:35:28+02:00,8.7,8.7,7.0,2.7,66.0,15.5,86.0,0.0,0.0,0.0,0.3,0.0,0.0,16.2,16.2,16.2,0.7,5.0,130.0,1008.9,1008.9,2.7,5.1
2024-04-18 21:39:44+02:00,8.6,8.6,6.6,2.7,66.0,15.5,86.0,0.0,0.0,0.0,0.3,0.0,0.0,16.2,16.2,16.2,2.2,6.1,133.0,1008.9,1008.9,2.7,5.1
2024-04-18 21:44:00+02:00,8.6,8.6,6.4,2.6,66.0,15.4,86.0,0.0,0.0,0.0,0.3,0.0,0.0,16.2,16.2,16.2,3.0,6.1,140.0,1008.8,1008.8,2.7,5.1
2024-04-18 21:50:24+02:00,8.6,8.6,6.6,2.6,66.0,15.3,86.0,0.0,0.0,0.0,0.3,0.0,0.0,16.2,16.2,16.2,2.2,5.0,225.0,1008.9,1008.9,2.7,5.1
2024-04-18 21:54:40+02:00,8.6,8.2,6.0,2.6,66.0,15.3,86.0,0.0,0.0,0.0,0.3,0.0,0.0,16.2,16.2,16.2,5.0,12.2,150.0,1008.7,1008.7,2.7,5.1
2024-04-18 22:01:04+02:00,8.5,8.5,6.8,2.6,66.0,15.2,86.0,0.0,0.0,0.0,0.3,0.0,0.0,16.2,16.2,16.2,1.0,7.9,96.0,1008.7,1008.7,2.7,5.1
2024-04-18 22:05:20+02:00,8.5,8.5,6.7,2.7,67.0,15.1,86.0,0.0,0.0,0.0,0.3,0.0,0.0,16.2,16.2,16.2,1.4,5.0,88.0,1008.7,1008.7,2.7,5.1
2024-04-18 22:09:36+02:00,8.4,8.3,6.4,2.7,67.0,15.1,86.0,0.0,0.0,0.0,0.3,0.0,0.0,16.2,16.2,16.2,2.4,9.0,131.0,1008.7,1008.7,2.7,5.1
2024-04-18 22:16:00+02:00,8.4,8.4,6.1,2.5,66.0,15.0,86.0,0.0,0.0,0.0,0.3,0.0,0.0,16.2,16.2,16.2,3.5,6.8,161.0,1008.7,1008.7,2.7,5.1
2024-04-18 22:20:16+02:00,8.5,8.0,6.0,2.5,66.0,14.9,86.0,0.0,0.0,0.0,0.3,0.0,0.0,16.2,16.2,16.2,4.2,12.2,139.0,1008.6,1008.6,2.7,5.1
2024-04-18 22:24:32+02:00,8.4,8.2,6.2,2.7,67.0,14.9,86.0,0.0,0.0,0.0,0.3,0.0,0.0,16.2,16.2,16.2,3.5,7.2,113.0,1008.5,1008.5,2.7,5.1
2024-04-18 22:30:56+02:00,8.3,8.3,6.3,2.6,68.0,14.8,86.0,0.0,0.0,0.0,0.3,0.0,0.0,16.2,16.2,16.2,2.2,7.2,102.0,1008.6,1008.6,2.7,5.1
2024-04-18 22:35:12+02:00,8.2,8.1,6.2,2.6,68.0,14.8,86.0,0.0,0.0,0.0,0.3,0.0,0.0,16.2,16.2,16.2,2.4,10.4,125.0,1008.5,1008.5,2.7,5.1
2024-04-18 22:39:28+02:00,8.3,8.0,6.1,2.6,67.0,14.7,86.0,0.0,0.0,0.0,0.3,0.0,0.0,16.2,16.2,16.2,3.5,11.5,154.0,1008.5,1008.5,2.7,5.1
2024-04-18 22:45:52+02:00,8.2,8.2,6.2,2.8,68.0,14.6,86.0,0.0,0.0,0.0,0.3,0.0,0.0,16.2,16.2,16.2,2.7,5.0,105.0,1008.4,1008.4,2.7,5.0
2024-04-18 22:50:08+02:00,8.1,8.1,6.2,2.7,69.0,14.6,86.0,0.0,0.0,0.0,0.3,0.0,0.0,16.2,16.2,16.2,1.9,4.0,109.0,1008.4,1008.4,2.7,5.0
2024-04-18 22:54:24+02:00,8.0,8.0,5.9,2.9,70.0,14.5,86.0,0.0,0.0,0.0,0.3,0.0,0.0,16.2,16.2,16.2,2.7,4.3,105.0,1008.3,1008.3,2.7,5.0
2024-04-18 23:00:48+02:00,7.9,7.9,5.8,2.8,70.0,14.5,86.0,0.0,0.0,0.0,0.3,0.0,0.0,16.2,16.2,16.2,3.1,5.8,123.0,1008.4,1008.4,2.7,5.0
2024-04-18 23:05:04+02:00,7.9,7.9,5.8,2.8,70.0,14.4,86.0,0.0,0.0,0.0,0.3,0.0,0.0,16.2,16.2,16.2,2.8,4.7,128.0,1008.3,1008.3,2.7,5.0
2024-04-18 23:09:20+02:00,7.9,7.9,5.6,2.8,70.0,14.3,86.0,0.0,0.0,0.0,0.3,0.0,0.0,16.2,16.2,16.2,4.0,5.8,121.0,1008.3,1008.3,2.7,5.0
2024-04-18 23:15:44+02:00,7.9,7.9,5.9,2.8,70.0,14.3,86.0,0.0,0.0,0.0,0.3,0.0,0.0,16.2,16.2,16.2,2.7,5.8,111.0,1008.2,1008.2,2.7,5.0
2024-04-18 23:20:00+02:00,7.9,7.9,6.0,2.8,70.0,14.2,86.0,0.0,0.0,0.0,0.3,0.0,0.0,16.2,16.2,16.2,2.0,6.1,155.0,1008.1,1008.1,2.7,5.0
2024-04-18 23:24:16+02:00,7.9,7.8,5.8,2.8,70.0,14.2,86.0,0.0,0.0,0.0,0.3,0.0,0.0,16.2,16.2,16.2,2.5,6.1,118.0,1008.0,1008.0,2.7,5.0
2024-04-18 23:30:40+02:00,7.8,7.8,5.8,2.8,71.0,14.1,86.0,0.0,0.0,0.0,0.3,0.0,0.0,16.2,16.2,16.2,2.6,7.2,132.0,1007.9,1007.9,2.7,5.0
2024-04-18 23:34:56+02:00,7.8,7.8,5.9,2.9,71.0,14.0,86.0,0.0,0.0,0.0,0.3,0.0,0.0,16.2,16.2,16.2,1.9,7.6,125.0,1007.9,1007.9,2.7,5.0
2024-04-18 23:39:12+02:00,7.8,7.6,5.7,2.8,71.0,14.0,86.0,0.0,0.0,0.0,0.3,0.0,0.0,16.2,16.2,16.2,3.2,8.3,115.0,1008.0,1008.0,2.7,5.0
2024-04-18 23:45:36+02:00,7.8,7.4,5.4,2.8,71.0,13.9,86.0,0.0,0.0,0.0,0.3,0.0,0.0,16.2,16.2,16.2,4.4,10.4,121.0,1007.9,1007.9,2.7,5.0
2024-04-18 23:49:52+02:00,7.8,7.5,5.6,2.8,71.0,13.9,86.0,0.0,0.0,0.0,0.3,0.0,0.0,16.2,16.2,16.2,3.2,8.3,116.0,1008.0,1008.0,2.7,5.0
2024-04-18 23:54:08+02:00,7.7,7.7,5.8,2.9,71.0,13.8,86.0,0.0,0.0,0.0,0.3,0.0,0.0,16.2,16.2,16.2,2.0,5.4,127.0,1007.9,1007.9,2.7,5.0
2024-04-19 00:00:32+02:00,7.7,7.7,5.8,3.0,72.0,13.8,86.0,0.0,0.0,0.0,0.0,0.0,0.0,16.2,16.2,16.2,1.7,6.1,81.0,1007.9,1007.9,2.7,5.0
2024-04-19 00:04:48+02:00,7.6,6.9,5.0,2.9,72.0,13.7,86.0,0.0,0.0,0.0,0.0,0.0,0.0,16.2,16.2,16.2,5.8,11.2,140.0,1007.8,1007.8,2.7,5.0
2024-04-19 00:09:04+02:00,7.7,7.4,5.6,2.8,72.0,13.7,86.0,0.0,0.0,0.0,0.0,0.0,0.0,16.2,16.2,16.2,2.4,13.7,143.0,1007.7,1007.7,2.7,5.0
2024-04-19 00:15:28+02:00,7.5,7.4,5.3,2.8,72.0,13.6,86.0,0.0,0.0,0.0,0.0,0.0,0.0,16.2,16.2,16.2,3.7,8.3,130.0,1007.6,1007.6,2.7,5.0
2024-04-19 00:19:44+02:00,7.6,7.3,5.2,2.8,72.0,13.6,86.0,0.0,0.0,0.0,0.0,0.0,0.0,16.2,16.2,16.2,4.7,11.9,156.0,1007.6,1007.6,2.7,5.0
2024-04-19 00:24:00+02:00,7.6,7.6,5.4,2.8,72.0,13.5,86.0,0.0,0.0,0.0,0.0,0.0,0.0,16.2,16.2,16.2,3.3,8.3,122.0,1007.5,1007.5,2.7,5.0
2024-04-19 00:30:24+02:00,7.6,7.4,5.5,2.8,71.0,13.5,86.0,0.0,0.0,0.0,0.0,0.0,0.0,16.2,16.2,16.2,3.0,10.1,147.0,1007.4,1007.4,2.7,5.0
2024-04-19 00:34:40+02:00,7.5,7.3,5.4,2.8,72.0,13.4,86.0,0.0,0.0,0.0,0.0,0.0,0.0,16.2,16.2,16.2,3.2,7.6,115.0,1007.3,1007.3,2.7,5.0
2024-04-19 00:38:56+02:00,7.5,7.1,5.0,2.9,72.0,13.3,86.0,0.0,0.0,0.0,0.0,0.0,0.0,16.2,16.2,16.2,5.0,11.2,143.0,1007.3,1007.3,2.7,5.0
2024-04-19 00:45:20+02:00,7.6,7.1,5.1,2.8,72.0,13.3,86.0,0.0,0.0,0.0,0.0,0.0,0.0,16.2,16.2,16.2,5.0,11.5,124.0,1007.1,1007.1,2.7,4.9
2024-04-19 00:49:36+02:00,7.5,7.1,5.1,2.9,72.0,13.2,86.0,0.0,0.0,0.0,0.0,0.0,0.0,16.2,16.2,16.2,4.6,7.2,119.0,1007.1,1007.1,2.7,4.9
2024-04-19 00:56:00+02:00,7.4,7.4,5.2,2.9,73.0,13.2,86.0,0.0,0.0,0.0,0.0,0.0,0.0,16.2,16.2,16.2,3.5,6.1,133.0,1007.2,1007.2,2.7,4.9
2024-04-19 01:00:16+02:00,7.3,6.4,4.6,3.0,74.0,13.1,86.0,0.0,0.0,0.0,0.0,0.0,0.0,16.2,16.2,16.2,6.3,10.4,117.0,1007.1,1007.1,2.7,4.9
2024-04-19 01:04:32+02:00,7.3,6.6,4.7,2.8,73.0,13.1,86.0,0.0,0.0,0.0,0.0,0.0,0.0,16.2,16.2,16.2,5.7,10.4,129.0,1007.0,1007.0,2.7,4.9
2024-04-19 01:10:56+02:00,7.3,6.1,4.3,2.9,74.0,13.1,86.0,0.0,0.0,0.0,0.0,0.0,0.0,16.2,16.2,16.2,7.4,10.4,120.0,1006.9,1006.9,2.7,4.9
2024-04-19 01:15:12+02:00,7.2,6.2,4.4,2.9,74.0,13.0,86.0,0.0,0.0,0.0,0.0,0.0,0.0,16.2,16.2,16.2,6.6,13.7,120.0,1006.8,1006.8,2.7,4.9
2024-04-19 01:19:28+02:00,7.2,6.7,4.9,2.7,73.0,13.0,86.0,0.0,0.0,0.0,0.0,0.0,0.0,16.2,16.2,16.2,4.0,8.3,134.0,1006.8,1006.8,2.7,4.9
2024-04-19 01:25:52+02:00,7.2,6.7,4.7,2.9,74.0,12.9,86.0,0.0,0.0,0.0,0.0,0.0,0.0,16.2,16.2,16.2,4.8,11.5,112.0,1006.7,1006.7,2.7,4.9
2024-04-19 01:30:08+02:00,7.2,6.5,4.5,2.8,74.0,12.9,86.0,0.0,0.0,0.0,0.0,0.0,0.0,16.2,16.2,16.2,6.0,12.2,117.0,1006.7,1006.7,2.7,4.9
2024-04-19 01:34:24+02:00,7.2,6.3,4.5,2.8,74.0,12.8,86.0,0.0,0.0,0.0,0.0,0.0,0.0,16.2,16.2,16.2,6.1,12.6,119.0,1006.5,1006.5,2.7,4.9
2024-04-19 01:40:48+02:00,7.2,6.7,4.7,2.8,73.0,12.8,86.0,0.0,0.0,0.0,0.0,0.0,0.0,16.2,16.2,16.2,5.1,10.1,124.0,1006.5,1006.5,2.7,4.9
2024-04-19 01:45:04+02:00,7.2,6.2,4.4,2.8,73.0,12.7,86.0,0.0,0.0,0.0,0.0,0.0,0.0,16.2,16.2,16.2,6.6,11.5,123.0,1006.4,1006.4,2.7,4.9
2024-04-19 01:49:20+02:00,7.2,6.1,4.3,2.7,73.0,12.7,86.0,0.0,0.0,0.0,0.0,0.0,0.0,16.2,16.2,16.2,7.1,13.0,121.0,1006.1,1006.1,2.7,4.9
2024-04-19 01:55:44+02:00,7.2,6.2,4.3,2.7,73.0,12.6,86.0,0.0,0.0,0.0,0.0,0.0,0.0,16.2,16.2,16.2,6.7,13.7,115.0,1005.8,1005.8,2.7,4.9
2024-04-19 02:00:00+02:00,7.2,5.8,3.9,2.6,73.0,12.6,86.0,0.0,0.0,0.0,0.0,0.0,0.0,16.2,16.2,16.2,8.4,18.4,127.0,1005.7,1005.7,2.7,4.9
2024-04-19 02:04:16+02:00,7.2,5.9,4.2,2.6,73.0,12.6,86.0,0.0,0.0,0.0,0.0,0.0,0.0,16.2,16.2,16.2,7.6,13.3,112.0,1005.6,1005.6,2.7,4.9
2024-04-19 02:10:40+02:00,7.2,6.0,4.3,2.7,73.0,12.5,86.0,0.0,0.0,0.0,0.0,0.0,0.0,16.2,16.2,16.2,7.2,12.2,119.0,1005.6,1005.6,2.7,4.9
2024-04-19 02:14:56+02:00,7.2,6.9,4.6,2.7,73.0,12.5,86.0,0.0,0.0,0.0,0.0,0.0,0.0,16.2,16.2,16.2,4.8,12.2,134.0,1005.5,1005.5,2.7,4.9
2024-04-19 02:19:12+02:00,7.0,6.0,4.2,2.8,74.0,12.5,86.0,0.0,0.0,0.0,0.0,0.0,0.0,16.2,16.2,16.2,6.6,12.2,133.0,1005.5,1005.5,2.7,4.9
2024-04-19 02:25:36+02:00,7.0,6.5,4.5,3.0,76.0,12.4,86.0,0.0,0.0,0.0,0.0,0.0,0.0,16.2,16.2,16.2,5.0,9.4,114.0,1005.5,1005.5,2.7,4.8
2024-04-19 02:29:52+02:00,6.8,6.4,4.4,3.3,78.0,12.4,86.0,0.0,0.0,0.0,0.0,0.0,0.0,16.2,16.2,16.2,4.6,10.4,111.0,1005.4,1005.4,2.7,4.8
2024-04-19 02:34:08+02:00,6.7,5.5,3.9,3.4,80.0,12.4,86.0,0.0,0.0,0.6,0.1,0.1,0.1,16.3,16.3,16.3,7.0,12.2,133.0,1005.4,1005.4,2.7,4.8
2024-04-19 02:40:32+02:00,6.6,5.7,4.1,3.5,80.0,12.3,86.0,0.0,0.0,0.6,0.1,0.1,0.1,16.3,16.3,16.3,5.8,12.6,141.0,1005.4,1005.4,2.7,4.8
2024-04-19 02:44:48+02:00,6.5,5.9,4.1,3.5,81.0,12.3,86.0,0.0,0.0,0.6,0.1,0.1,0.1,16.3,16.3,16.3,5.2,11.9,129.0,1005.3,1005.3,2.7,4.8
2024-04-19 02:49:04+02:00,6.5,5.7,4.0,3.5,81.0,12.2,86.0,0.0,0.0,0.0,0.1,0.1,0.1,16.3,16.3,16.3,5.5,12.6,128.0,1005.2,1005.2,2.7,4.8
2024-04-19 02:55:28+02:00,6.5,5.7,4.0,3.6,81.0,12.2,86.0,0.0,0.0,0.6,0.2,0.2,0.2,16.4,16.4,16.4,5.5,11.2,124.0,1005.2,1005.2,2.7,4.8
2024-04-19 02:59:44+02:00,6.5,6.0,4.2,3.6,82.0,12.2,86.0,0.0,0.0,0.6,0.2,0.2,0.2,16.4,16.4,16.4,4.4,12.2,172.0,1005.1,1005.1,2.7,4.8
2024-04-19 03:04:00+02:00,6.4,5.2,3.6,3.7,83.0,12.2,86.0,0.0,0.0,1.8,0.4,0.4,0.4,16.6,16.6,16.6,7.2,14.4,145.0,1005.1,1005.1,2.7,4.7
2024-04-19 03:10:24+02:00,6.3,5.2,3.8,3.9,85.0,12.1,86.0,0.0,0.0,1.8,0.5,0.5,0.5,16.7,16.7,16.7,6.2,11.5,123.0,1005.0,1005.0,2.7,4.7
2024-04-19 03:14:40+02:00,6.2,5.0,3.4,4.0,85.0,12.1,86.0,0.0,0.0,1.8,0.6,0.6,0.6,16.8,16.8,16.8,7.4,17.3,133.0,1004.8,1004.8,2.7,4.7
2024-04-19 03:21:04+02:00,6.2,5.0,3.5,4.1,87.0,12.0,86.0,0.0,0.0,1.2,0.7,0.7,0.7,16.9,16.9,16.9,7.2,17.3,122.0,1004.5,1004.5,2.7,4.7
2024-04-19 03:25:20+02:00,6.1,5.2,3.7,4.1,87.0,12.0,86.0,0.0,0.0,1.8,0.9,0.9,0.9,17.1,17.1,17.1,5.8,17.3,137.0,1004.6,1004.6,2.7,4.6
2024-04-19 03:29:36+02:00,6.0,4.7,3.3,4.2,88.0,12.0,86.0,0.0,0.0,1.8,1.0,1.0,1.0,17.2,17.2,17.2,7.1,11.9,122.0,1004.5,1004.5,2.7,4.6
2024-04-19 03:36:00+02:00,6.0,4.3,3.0,4.2,88.0,11.9,86.0,0.0,0.0,1.8,1.1,1.1,1.0,17.3,17.3,17.3,8.7,14.0,129.0,1004.6,1004.6,2.7,4.6
2024-04-19 03:40:16+02:00,6.0,5.0,3.4,4.2,88.0,11.9,86.0,0.0,0.0,1.8,1.2,1.2,1.1,17.4,17.4,17.4,6.8,18.0,136.0,1004.3,1004.3,2.7,4.6
2024-04-19 03:44:32+02:00,6.0,4.6,3.4,4.3,89.0,11.8,86.0,0.0,0.0,1.2,1.3,1.3,1.2,17.5,17.5,17.5,6.8,16.9,131.0,1004.0,1004.0,2.7,4.6
2024-04-19 03:50:56+02:00,6.0,4.6,3.1,4.3,89.0,11.8,86.0,0.0,0.0,1.2,1.4,1.4,1.3,17.6,17.6,17.6,8.2,20.9,147.0,1004.0,1004.0,2.7,4.6
2024-04-19 03:55:12+02:00,6.0,4.2,3.1,4.3,89.0,11.8,86.0,0.0,0.0,1.2,1.5,1.5,1.3,17.7,17.7,17.7,8.5,17.3,138.0,1003.9,1003.9,2.7,4.5
2024-04-19 03:59:28+02:00,6.0,4.2,3.1,4.3,89.0,11.7,86.0,0.0,0.0,1.8,1.7,1.7,1.4,17.9,17.9,17.9,8.6,14.8,97.0,1003.6,1003.6,2.7,4.5
2024-04-19 04:05:52+02:00,5.9,3.3,2.1,4.3,89.0,11.7,86.0,0.0,0.0,1.8,1.8,1.8,1.4,18.0,18.0,18.0,12.9,25.9,129.0,1003.7,1003.7,2.7,4.5
2024-04-19 04:10:08+02:00,6.0,3.5,2.3,4.3,89.0,11.6,86.0,0.0,0.0,1.8,2.0,2.0,1.5,18.2,18.2,18.2,12.4,21.2,130.0,1003.6,1003.6,2.7,4.5
2024-04-19 04:14:24+02:00,5.9,4.1,2.9,4.3,89.0,11.6,86.0,0.0,0.0,1.8,2.1,2.1,1.5,18.3,18.3,18.3,8.8,18.0,137.0,1003.4,1003.4,2.7,4.5
2024-04-19 04:20:48+02:00,5.9,3.9,2.7,4.4,90.0,11.5,86.0,0.0,0.0,1.8,2.2,2.2,1.5,18.4,18.4,18.4,10.1,19.1,147.0,1003.3,1003.3,2.7,4.5
2024-04-19 04:25:04+02:00,5.8,4.0,2.6,4.3,90.0,11.5,85.0,0.0,0.0,1.8,2.4,2.4,1.5,18.6,18.6,18.6,10.4,18.7,130.0,1003.3,1003.3,2.72,4.4
2024-04-19 04:29:20+02:00,5.8,4.1,2.8,4.4,91.0,11.5,85.0,0.0,0.0,1.8,2.5,2.5,1.5,18.7,18.7,18.7,9.1,18.7,132.0,1003.3,1003.3,2.72,4.4
2024-04-19 04:35:44+02:00,5.8,4.0,2.7,4.4,91.0,11.4,85.0,0.0,0.0,1.8,2.6,2.6,1.5,18.8,18.8,18.8,9.3,18.4,132.0,1003.0,1003.0,2.7,4.4
2024-04-19 04:40:00+02:00,5.8,3.5,2.4,4.4,91.0,11.3,85.0,0.0,0.0,1.2,2.7,2.7,1.5,18.9,18.9,18.9,11.2,24.5,140.0,1002.9,1002.9,2.7,4.4
2024-04-19 04:44:16+02:00,5.8,3.5,2.4,4.5,91.0,11.3,85.0,0.0,0.0,1.2,2.8,2.8,1.5,19.0,19.0,19.0,10.8,19.4,125.0,1002.8,1002.8,2.7,4.4
2024-04-19 04:50:40+02:00,5.7,3.2,2.1,4.5,92.0,11.2,85.0,0.0,0.0,1.2,2.8,2.8,1.4,19.0,19.0,19.0,12.2,19.4,134.0,1002.6,1002.6,2.7,4.4
2024-04-19 04:54:56+02:00,5.7,4.2,2.9,4.5,92.0,11.2,85.0,0.0,0.0,1.2,2.9,2.9,1.4,19.1,19.1,19.1,8.2,20.9,125.0,1002.4,1002.4,2.7,4.3
2024-04-19 04:59:12+02:00,5.7,4.0,2.9,4.5,92.0,11.1,85.0,0.0,0.0,1.2,3.0,3.0,1.3,19.2,19.2,19.2,8.1,19.1,134.0,1002.5,1002.5,2.7,4.3
2024-04-19 05:05:36+02:00,5.7,3.9,2.6,4.6,93.0,11.1,85.0,0.0,0.0,1.2,3.1,3.1,1.3,19.3,19.3,19.3,9.8,27.7,131.0,1002.3,1002.3,2.7,4.3
2024-04-19 05:09:52+02:00,5.8,3.7,2.7,4.7,93.0,11.0,85.0,0.0,0.0,1.2,3.2,3.2,1.2,19.4,19.4,19.4,9.8,20.2,134.0,1002.1,1002.1,2.7,4.3
2024-04-19 05:14:08+02:00,5.8,5.4,3.7,4.7,93.0,11.0,85.0,0.0,0.0,1.2,3.2,3.2,1.1,19.4,19.4,19.4,4.6,15.1,100.0,1002.1,1002.1,2.7,4.3
2024-04-19 05:20:32+02:00,5.8,3.5,2.6,4.9,94.0,11.0,85.0,0.0,0.0,1.2,3.3,3.3,1.0,19.5,19.5,19.5,10.4,16.2,141.0,1002.0,1002.0,2.7,4.3
2024-04-19 05:24:48+02:00,5.8,3.6,2.5,4.7,93.0,10.9,85.0,0.0,0.0,1.2,3.4,3.4,1.0,19.6,19.6,19.6,10.8,22.3,127.0,1001.9,1001.9,2.7,4.2
2024-04-19 05:29:04+02:00,5.8,4.7,3.6,4.7,93.0,10.9,85.0,0.0,0.0,0.6,3.4,3.4,0.9,19.6,19.6,19.6,5.5,13.0,115.0,1001.7,1001.7,2.7,4.2
2024-04-19 05:35:28+02:00,5.8,4.3,3.0,4.7,93.0,10.8,85.0,0.0,0.0,0.6,3.5,3.5,0.9,19.7,19.7,19.7,8.3,22.0,129.0,1001.6,1001.6,2.7,4.2
2024-04-19 05:39:44+02:00,5.9,4.7,3.3,4.8,93.0,10.8,85.0,0.0,0.0,1.2,3.6,3.6,0.9,19.8,19.8,19.8,7.4,22.3,124.0,1001.7,1001.7,2.7,4.2
2024-04-19 05:44:00+02:00,5.9,4.5,3.3,4.8,93.0,10.8,85.0,0.0,0.0,0.6,3.7,3.7,0.9,19.9,19.9,19.9,7.6,19.8,139.0,1001.8,1001.8,2.7,4.1
2024-04-19 05:50:24+02:00,5.9,4.1,3.1,4.8,93.0,10.8,85.0,0.0,0.0,1.8,3.9,3.9,1.1,20.1,20.1,20.1,8.4,19.8,121.0,1001.6,1001.6,2.7,4.1
2024-04-19 05:54:40+02:00,5.9,4.9,3.5,4.8,93.0,10.7,85.0,0.0,0.0,2.4,4.0,4.0,1.1,20.2,20.2,20.2,6.3,16.2,148.0,1001.4,1001.4,2.7,4.1
2024-04-19 05:58:56+02:00,5.9,4.4,3.3,4.9,94.0,10.7,85.0,0.0,0.0,2.4,4.2,4.2,1.2,20.4,20.4,20.4,7.6,15.5,120.0,1001.4,1001.4,2.7,4.1
2024-04-19 06:05:20+02:00,5.8,4.0,3.1,5.0,94.0,10.7,85.0,0.0,0.0,1.8,4.3,4.3,1.2,20.5,20.5,20.5,8.6,17.6,121.0,1001.3,1001.3,2.7,4.0
2024-04-19 06:09:36+02:00,5.8,3.5,2.6,4.8,93.0,10.6,86.0,0.1,0.0,1.8,4.4,4.4,1.2,20.6,20.6,20.6,10.5,25.2,135.0,1001.2,1001.2,2.7,4.0
2024-04-19 06:16:00+02:00,5.8,3.5,2.6,4.7,93.0,10.6,86.0,0.2,0.0,0.6,4.4,4.4,1.2,20.6,20.6,20.6,10.4,18.4,114.0,1001.0,1001.0,2.7,4.0
2024-04-19 06:20:16+02:00,5.8,3.4,2.3,4.7,93.0,10.6,86.0,0.2,0.0,0.6,4.5,4.5,1.2,20.7,20.7,20.7,11.9,23.0,134.0,1000.9,1000.9,2.7,4.0
2024-04-19 06:24:32+02:00,5.8,3.6,2.6,4.7,93.0,10.6,86.0,0.4,0.0,0.6,4.5,4.5,1.1,20.7,20.7,20.7,10.4,23.0,140.0,1000.8,1000.8,2.7,4.0
2024-04-19 06:30:56+02:00,5.8,3.7,2.6,4.7,93.0,10.5,86.0,0.6,0.0,0.6,4.5,4.5,1.1,20.7,20.7,20.7,10.4,22.0,129.0,1000.5,1000.5,2.7,4.0
2024-04-19 06:39:28+02:00,5.7,3.5,2.5,4.7,93.0,10.5,86.0,1.3,0.0,1.2,4.7,4.7,1.1,20.9,20.9,20.9,10.4,26.3,130.0,1000.4,1000.4,2.7,3.9
2024-04-19 06:45:52+02:00,5.7,3.2,2.2,4.7,93.0,10.4,86.0,2.4,0.0,1.2,4.8,4.8,1.1,21.0,21.0,21.0,12.0,21.6,116.0,1000.4,1000.4,2.7,3.9
2024-04-19 06:50:08+02:00,5.8,3.8,2.7,4.8,94.0,10.4,86.0,2.7,0.0,0.6,4.8,4.8,0.9,21.0,21.0,21.0,9.9,20.2,122.0,1000.3,1000.3,2.7,3.9
2024-04-19 06:54:24+02:00,5.8,4.0,2.9,4.9,94.0,10.4,86.0,3.4,0.0,1.2,4.9,4.9,0.9,21.1,21.1,21.1,8.8,20.2,121.0,1000.2,1000.2,2.7,3.8
2024-04-19 07:00:48+02:00,5.8,4.4,3.3,4.9,94.0,10.4,86.0,3.6,0.0,1.2,5.0,5.0,0.8,21.2,21.2,21.2,7.1,20.2,137.0,1000.0,1000.0,2.7,3.8
2024-04-19 07:05:04+02:00,5.8,3.7,2.8,4.9,94.0,10.4,86.0,3.5,0.0,0.6,5.0,5.0,0.7,21.2,21.2,21.2,10.0,20.9,124.0,1000.1,1000.1,2.7,3.8
2024-04-19 07:09:20+02:00,5.9,3.2,2.1,5.0,94.0,10.3,86.0,3.7,0.0,0.0,5.0,5.0,0.6,21.2,21.2,21.2,13.6,23.8,144.0,999.9,999.9,2.7,3.8
2024-04-19 07:15:44+02:00,5.9,3.7,2.7,5.0,94.0,10.3,86.0,3.6,0.0,0.0,5.0,5.0,0.6,21.2,21.2,21.2,10.9,21.6,124.0,1000.0,1000.0,2.7,3.8
2024-04-19 07:20:00+02:00,5.9,4.3,3.1,5.0,94.0,10.3,86.0,4.2,0.0,0.0,5.0,5.0,0.5,21.2,21.2,21.2,8.6,21.6,128.0,999.8,999.8,2.7,3.8
2024-04-19 07:24:16+02:00,5.9,3.8,2.9,5.0,94.0,10.3,86.0,5.3,0.0,0.0,5.0,5.0,0.5,21.2,21.2,21.2,10.1,21.6,128.0,999.8,999.8,2.7,3.8
2024-04-19 07:30:40+02:00,5.9,3.7,2.7,5.0,94.0,10.3,86.0,5.5,0.0,0.0,5.0,5.0,0.4,21.2,21.2,21.2,10.5,18.0,127.0,999.7,999.7,2.7,3.8
2024-04-19 07:34:56+02:00,5.9,4.2,3.2,5.0,94.0,10.3,86.0,11.0,0.0,0.0,5.0,5.0,0.3,21.2,21.2,21.2,8.2,18.0,137.0,999.6,999.6,2.7,3.8
2024-04-19 07:39:12+02:00,5.9,3.9,2.9,5.0,94.0,10.3,86.0,15.4,0.0,0.6,5.1,5.1,0.4,21.3,21.3,21.3,9.6,21.2,149.0,999.5,999.5,2.7,3.8
2024-04-19 07:45:36+02:00,5.9,4.0,3.0,5.2,95.0,10.3,86.0,12.5,0.0,0.6,5.1,5.1,0.3,21.3,21.3,21.3,9.4,19.8,133.0,999.4,999.4,2.7,3.8
2024-04-19 07:49:52+02:00,5.9,4.4,3.4,5.2,95.0,10.3,86.0,8.8,0.0,0.0,5.1,5.1,0.2,21.3,21.3,21.3,7.4,18.4,139.0,999.3,999.3,2.7,3.8
2024-04-19 07:54:08+02:00,5.9,3.6,2.7,5.2,95.0,10.3,86.0,16.0,0.0,0.0,5.1,5.1,0.2,21.3,21.3,21.3,11.2,23.0,135.0,999.4,999.4,2.7,3.8
2024-04-19 08:00:32+02:00,5.9,4.3,3.4,5.2,95.0,10.3,86.0,23.2,0.0,0.0,5.1,5.1,0.1,21.3,21.3,21.3,7.5,16.2,125.0,999.4,999.4,2.7,3.8
2024-04-19 08:04:48+02:00,5.9,3.9,3.0,5.2,95.0,10.3,86.0,24.2,0.0,0.0,5.1,5.1,0.1,21.3,21.3,21.3,9.3,21.2,120.0,999.2,999.2,2.7,3.7
2024-04-19 08:09:04+02:00,6.0,3.9,3.1,5.3,96.0,10.3,86.0,15.8,0.0,0.0,5.1,5.1,0.1,21.3,21.3,21.3,9.4,23.4,124.0,999.1,999.1,2.7,3.7
2024-04-19 08:15:28+02:00,6.0,4.3,3.2,5.4,96.0,10.3,86.0,14.1,0.0,0.0,5.1,5.1,0.1,21.3,21.3,21.3,9.1,23.4,137.0,999.2,999.2,2.7,3.7
2024-04-19 08:19:44+02:00,6.0,4.0,3.2,5.4,96.0,10.3,86.0,17.6,0.0,0.0,5.1,5.1,0.1,21.3,21.3,21.3,9.2,19.8,128.0,999.1,999.1,2.7,3.7
2024-04-19 08:24:00+02:00,6.0,4.0,3.1,5.4,96.0,10.3,86.0,20.1,0.0,0.6,5.2,5.2,0.2,21.4,21.4,21.4,9.6,19.4,131.0,998.9,998.9,2.7,3.7
2024-04-19 08:30:24+02:00,6.0,3.2,2.2,5.4,96.0,10.3,86.0,23.3,0.0,1.2,5.3,5.3,0.3,21.5,21.5,21.5,14.1,24.8,122.0,998.8,998.8,2.7,3.7
2024-04-19 08:34:40+02:00,6.1,3.7,2.9,5.5,96.0,10.3,86.0,16.1,0.0,0.6,5.3,5.3,0.3,21.5,21.5,21.5,11.4,24.1,127.0,998.8,998.8,2.7,3.7
2024-04-19 08:41:04+02:00,6.2,3.8,2.8,5.6,96.0,10.3,86.0,17.9,0.0,0.6,5.4,5.4,0.3,21.6,21.6,21.6,12.3,23.4,129.0,998.6,998.6,2.7,3.7
2024-04-19 08:45:20+02:00,6.2,6.2,4.6,5.6,96.0,10.3,86.0,22.6,0.0,0.6,5.4,5.4,0.3,21.6,21.6,21.6,2.9,15.1,136.0,998.6,998.6,2.7,3.6
2024-04-19 08:49:36+02:00,6.3,4.9,3.9,5.7,96.0,10.3,86.0,16.6,0.0,0.6,5.5,5.5,0.4,21.7,21.7,21.7,7.4,11.9,143.0,998.7,998.7,2.7,3.6
2024-04-19 08:56:00+02:00,6.3,4.6,3.7,5.7,96.0,10.3,86.0,28.2,0.0,0.6,5.5,5.5,0.4,21.7,21.7,21.7,8.3,16.2,117.0,998.4,998.4,2.7,3.6
2024-04-19 09:00:16+02:00,6.4,5.0,3.9,5.8,96.0,10.3,86.0,33.2,0.0,0.6,5.5,5.5,0.4,21.7,21.7,21.7,7.9,13.7,139.0,998.4,998.4,2.7,3.6
2024-04-19 09:04:32+02:00,6.4,5.2,4.1,5.8,96.0,10.3,86.0,47.4,0.0,0.6,5.6,5.6,0.5,21.8,21.8,21.8,6.8,16.2,151.0,998.3,998.3,2.7,3.6
2024-04-19 09:10:56+02:00,6.5,5.3,4.1,5.9,96.0,10.3,86.0,38.8,0.0,1.8,5.8,5.8,0.7,22.0,22.0,22.0,7.3,20.5,145.0,998.2,998.2,2.7,3.6
2024-04-19 09:15:12+02:00,6.6,4.8,3.9,6.0,96.0,10.4,86.0,30.4,0.0,1.8,5.9,5.9,0.8,22.1,22.1,22.1,9.4,25.2,131.0,998.2,998.2,2.7,3.6
2024-04-19 09:19:28+02:00,6.7,6.1,4.7,6.0,96.0,10.4,86.0,22.3,0.0,2.4,6.2,6.2,1.1,22.4,22.4,22.4,5.1,18.7,156.0,998.1,998.1,2.7,3.6
2024-04-19 09:25:52+02:00,6.7,5.1,4.2,6.1,96.0,10.4,86.0,27.5,0.0,3.6,6.5,6.5,1.3,22.7,22.7,22.7,8.4,18.7,128.0,998.2,998.2,2.7,3.5
2024-04-19 09:30:08+02:00,6.7,5.1,4.1,6.1,96.0,10.4,87.0,58.7,0.0,3.0,6.7,6.7,1.4,22.9,22.9,22.9,8.8,24.5,120.0,998.2,998.2,2.7,3.5
2024-04-19 09:34:24+02:00,6.8,5.3,4.4,6.2,96.0,10.4,87.0,41.4,0.0,3.0,7.0,7.0,1.7,23.2,23.2,23.2,8.4,24.5,123.0,998.1,998.1,2.7,3.5
2024-04-19 09:40:48+02:00,6.9,6.5,5.4,6.4,97.0,10.4,87.0,28.3,0.0,3.0,7.1,7.1,1.7,23.3,23.3,23.3,3.6,13.0,157.0,998.1,998.1,2.7,3.5
2024-04-19 09:45:04+02:00,7.0,7.0,5.5,6.5,97.0,10.5,87.0,36.6,0.0,3.0,7.4,7.4,2.0,23.6,23.6,23.6,3.5,9.0,113.0,998.1,998.1,2.7,3.5
2024-04-19 09:49:20+02:00,7.0,6.5,5.3,6.6,97.0,10.5,87.0,66.2,0.0,3.0,7.6,7.6,2.1,23.8,23.8,23.8,5.0,10.1,136.0,998.0,998.0,2.7,3.5
2024-04-19 09:55:44+02:00,7.2,7.1,5.6,6.8,97.0,10.5,87.0,87.7,0.0,3.0,7.7,7.7,2.2,23.9,23.9,23.9,4.7,15.1,159.0,998.0,998.0,2.7,3.4
2024-04-19 10:00:00+02:00,7.4,7.0,5.9,6.9,97.0,10.6,87.0,55.9,0.0,1.2,7.8,7.8,2.3,24.0,24.0,24.0,4.0,15.1,150.0,998.1,998.1,2.7,3.4
2024-04-19 10:04:16+02:00,7.4,6.9,5.8,6.9,97.0,10.6,87.0,58.2,0.0,0.6,7.8,7.8,2.2,24.0,24.0,24.0,4.8,10.4,134.0,998.0,998.0,2.7,3.4
2024-04-19 10:10:40+02:00,7.5,7.2,5.9,7.0,97.0,10.6,87.0,54.9,0.0,1.2,8.0,8.0,2.2,24.2,24.2,24.2,4.4,11.5,169.0,997.9,997.9,2.7,3.4
2024-04-19 10:14:56+02:00,7.5,7.5,6.3,7.1,97.0,10.7,87.0,54.2,0.0,3.0,8.3,8.3,2.4,24.5,24.5,24.5,2.4,8.6,116.0,997.9,997.9,2.7,3.4
2024-04-19 10:19:12+02:00,7.5,7.5,6.5,7.1,97.0,10.7,87.0,25.7,0.0,2.4,8.4,8.4,2.2,24.6,24.6,24.6,1.5,8.3,19.0,997.7,997.7,2.7,3.4
2024-04-19 10:25:36+02:00,7.6,7.3,6.2,7.1,97.0,10.7,87.0,22.0,0.0,1.8,8.4,8.4,1.9,24.6,24.6,24.6,3.5,8.6,307.0,997.9,997.9,2.7,3.3
2024-04-19 10:29:52+02:00,7.7,7.7,6.4,7.2,97.0,10.8,87.0,21.3,0.0,0.6,8.4,8.4,1.7,24.6,24.6,24.6,2.8,6.1,297.0,997.8,997.8,2.7,3.3
2024-04-19 10:34:08+02:00,7.7,7.7,6.6,7.2,97.0,10.8,87.0,37.2,0.0,0.6,8.5,8.5,1.5,24.7,24.7,24.7,2.0,8.3,251.0,997.8,997.8,2.7,3.3
2024-04-19 10:40:32+02:00,7.7,7.1,6.1,7.3,97.0,10.8,87.0,90.7,0.0,0.6,8.5,8.5,1.3,24.7,24.7,24.7,5.1,9.7,314.0,997.8,997.8,2.7,3.3
2024-04-19 10:44:48+02:00,7.8,7.8,6.8,7.4,97.0,10.8,87.0,161.2,1.0,0.6,8.5,8.5,1.1,24.7,24.7,24.7,2.6,10.8,119.0,997.8,997.8,2.7,3.3
2024-04-19 10:49:04+02:00,8.1,7.8,6.7,7.6,97.0,10.9,87.0,110.8,1.0,0.0,8.5,8.5,0.8,24.7,24.7,24.7,4.1,10.8,261.0,997.7,997.7,2.7,3.3
2024-04-19 10:55:28+02:00,8.1,7.8,7.1,7.7,97.0,10.9,87.0,95.8,0.0,0.0,8.5,8.5,0.8,24.7,24.7,24.7,2.5,10.4,232.0,997.7,997.7,2.7,3.3
2024-04-19 10:59:44+02:00,8.2,8.2,7.3,7.8,97.0,11.0,88.0,100.3,0.0,0.0,8.5,8.5,0.7,24.7,24.7,24.7,2.1,6.5,127.0,997.6,997.6,2.7,3.3
2024-04-19 11:04:00+02:00,8.3,8.2,7.3,7.9,97.0,11.0,88.0,95.0,0.0,0.0,8.5,8.5,0.6,24.7,24.7,24.7,3.0,7.9,163.0,997.6,997.6,2.7,3.3
2024-04-19 11:10:24+02:00,8.3,8.1,7.1,7.9,97.0,11.1,88.0,83.7,0.0,0.0,8.5,8.5,0.5,24.7,24.7,24.7,3.8,8.6,120.0,997.6,997.6,2.7,3.3
2024-04-19 11:14:40+02:00,8.4,8.3,7.2,7.9,97.0,11.2,88.0,98.7,0.0,0.0,8.5,8.5,0.2,24.7,24.7,24.7,3.4,6.8,125.0,997.6,997.6,2.7,3.4
2024-04-19 11:18:56+02:00,8.4,8.0,6.9,7.8,97.0,11.2,88.0,71.5,0.0,0.6,8.6,8.6,0.2,24.8,24.8,24.8,5.0,8.6,160.0,997.6,997.6,2.7,3.4
2024-04-19 11:25:20+02:00,8.3,7.7,6.9,7.7,96.0,11.3,88.0,58.1,0.0,3.0,9.0,9.0,0.6,25.2,25.2,25.2,5.1,11.9,132.0,997.6,997.6,2.7,3.4
2024-04-19 11:29:36+02:00,8.2,7.3,6.4,7.6,96.0,11.3,88.0,59.4,0.0,4.2,9.3,9.3,0.9,25.5,25.5,25.5,6.5,11.9,129.0,997.6,997.6,2.7,3.4
2024-04-19 11:36:00+02:00,8.0,7.2,6.2,7.4,96.0,11.3,88.0,57.5,0.0,4.8,9.8,9.8,1.3,26.0,26.0,26.0,5.9,14.0,189.0,997.7,997.7,2.7,3.3
2024-04-19 11:40:16+02:00,7.8,7.2,6.2,7.1,96.0,11.4,88.0,61.6,0.0,4.8,10.2,10.2,1.7,26.4,26.4,26.4,4.7,14.0,192.0,997.6,997.6,2.7,3.3
2024-04-19 11:44:32+02:00,7.7,7.3,6.0,7.0,95.0,11.4,88.0,64.3,0.0,4.8,10.6,10.6,2.1,26.8,26.8,26.8,4.7,16.6,201.0,997.7,997.7,2.7,3.3
2024-04-19 11:50:56+02:00,7.6,7.2,5.9,6.9,95.0,11.4,88.0,67.6,0.0,4.2,10.9,10.9,2.4,27.1,27.1,27.1,5.0,8.6,146.0,997.5,997.5,2.7,3.3
2024-04-19 11:55:12+02:00,7.6,7.5,6.4,6.9,95.0,11.5,88.0,93.5,0.0,4.2,11.0,11.0,2.5,27.2,27.2,27.2,2.2,9.4,223.0,997.4,997.4,2.7,3.3
2024-04-19 11:59:28+02:00,7.7,7.7,6.4,7.1,96.0,11.5,88.0,104.3,0.0,2.4,11.1,11.1,2.6,27.3,27.3,27.3,3.0,9.4,150.0,997.3,997.3,2.7,3.3
2024-04-19 12:05:52+02:00,7.9,7.7,6.5,7.3,96.0,11.5,88.0,222.5,2.0,0.6,11.1,11.1,2.6,27.3,27.3,27.3,3.6,11.2,143.0,997.4,997.4,2.7,3.3
2024-04-19 12:10:08+02:00,8.2,8.1,7.1,7.6,96.0,11.6,88.0,245.2,2.0,0.0,11.1,11.1,2.6,27.3,27.3,27.3,2.8,7.6,145.0,997.4,997.4,2.7,3.3
2024-04-19 12:14:24+02:00,8.4,8.3,7.1,7.8,96.0,11.6,88.0,343.5,3.0,0.6,11.2,11.2,2.7,27.4,27.4,27.4,4.3,7.9,154.0,997.3,997.3,2.7,3.3
2024-04-19 12:20:48+02:00,8.8,8.8,7.8,8.2,96.0,11.7,88.0,281.3,2.0,0.6,11.2,11.2,2.6,27.4,27.4,27.4,3.2,8.6,195.0,997.2,997.2,2.7,3.3
2024-04-19 12:25:04+02:00,8.8,8.7,7.9,8.2,96.0,11.7,88.0,189.3,1.0,0.6,11.3,11.3,2.3,27.5,27.5,27.5,2.9,9.4,269.0,997.4,997.4,2.7,3.4
2024-04-19 12:29:20+02:00,8.8,8.3,7.4,8.2,96.0,11.8,89.0,129.6,1.0,1.2,11.4,11.4,2.0,27.6,27.6,27.6,5.2,11.9,188.0,997.2,997.2,2.7,3.4
2024-04-19 12:35:44+02:00,8.8,8.8,7.7,8.1,96.0,11.9,89.0,107.5,0.0,0.6,11.4,11.4,1.6,27.6,27.6,27.6,3.1,7.9,169.0,997.2,997.2,2.7,3.4
2024-04-19 12:40:00+02:00,8.7,8.3,7.3,8.0,95.0,12.0,89.0,108.8,1.0,0.6,11.5,11.5,1.3,27.7,27.7,27.7,4.6,7.6,110.0,997.0,997.0,2.7,3.4
2024-04-19 12:44:16+02:00,8.6,8.5,7.4,7.9,95.0,12.0,89.0,132.9,1.0,0.6,11.5,11.5,0.9,27.7,27.7,27.7,3.8,9.4,139.0,997.0,997.0,2.7,3.4
2024-04-19 12:50:40+02:00,8.8,8.4,7.4,8.0,95.0,12.1,89.0,118.6,1.0,0.6,11.5,11.5,0.5,27.7,27.7,27.7,4.8,13.0,182.0,996.9,996.9,2.7,3.4
2024-04-19 12:54:56+02:00,8.7,8.2,7.4,7.8,94.0,12.1,89.0,82.6,0.0,0.6,11.6,11.6,0.6,27.8,27.8,27.8,3.9,22.7,270.0,997.0,997.0,2.7,3.4
2024-04-19 12:59:12+02:00,7.7,5.5,4.4,6.5,92.0,12.2,89.0,38.1,0.0,7.8,12.8,12.8,1.7,29.0,29.0,29.0,13.0,24.5,300.0,997.2,997.2,2.7,3.4
2024-04-19 13:05:36+02:00,6.8,6.0,4.7,5.7,92.0,12.3,88.0,66.5,0.0,9.0,13.2,13.2,2.1,29.4,29.4,29.4,5.9,24.5,273.0,997.1,997.1,2.7,3.4
2024-04-19 13:09:52+02:00,6.9,6.7,5.5,6.0,94.0,12.3,88.0,83.4,0.0,8.4,13.4,13.4,2.3,29.6,29.6,29.6,2.7,8.3,301.0,996.8,996.8,2.7,3.4
2024-04-19 13:14:08+02:00,7.1,7.1,6.1,6.4,95.0,12.2,88.0,187.7,1.0,2.4,13.4,13.4,2.2,29.6,29.6,29.6,1.0,7.6,299.0,996.6,996.6,2.7,3.4
2024-04-19 13:20:32+02:00,7.5,7.5,6.6,6.8,95.0,12.2,88.0,308.3,2.0,0.6,13.4,13.4,2.2,29.6,29.6,29.6,0.5,2.9,149.0,996.6,996.6,2.7,3.4
2024-04-19 13:24:48+02:00,8.3,8.3,7.8,7.7,96.0,12.2,88.0,628.5,5.0,0.0,13.4,13.4,2.1,29.6,29.6,29.6,0.0,4.0,125.0,996.6,996.6,2.7,3.4
2024-04-19 13:29:04+02:00,9.6,9.6,9.1,9.1,96.0,12.3,88.0,650.3,6.0,0.0,13.4,13.4,2.0,29.6,29.6,29.6,1.9,4.7,187.0,996.5,996.5,2.7,3.4
2024-04-19 13:35:28+02:00,10.1,10.1,9.5,9.2,94.0,12.3,89.0,495.2,4.0,0.0,13.4,13.4,2.0,29.6,29.6,29.6,2.4,8.3,121.0,996.6,996.6,2.7,3.6
2024-04-19 13:39:44+02:00,10.5,10.5,9.3,8.7,89.0,12.4,89.0,799.9,7.0,0.0,13.4,13.4,1.9,29.6,29.6,29.6,4.5,9.7,265.0,996.5,996.5,2.7,3.6
2024-04-19 13:44:00+02:00,10.6,10.6,9.6,8.3,86.0,12.5,89.0,886.7,8.0,0.0,13.4,13.4,1.9,29.6,29.6,29.6,3.4,10.4,208.0,996.6,996.6,2.7,3.8
2024-04-19 13:50:24+02:00,11.1,11.1,9.6,8.4,84.0,12.7,90.0,437.6,4.0,0.0,13.4,13.4,1.9,29.6,29.6,29.6,5.8,12.2,269.0,996.4,996.4,2.7,3.8
2024-04-19 13:54:40+02:00,10.7,10.7,9.3,8.0,83.0,12.8,90.0,281.6,2.0,0.0,13.4,13.4,1.7,29.6,29.6,29.6,4.8,15.1,224.0,996.3,996.3,2.7,4.0
2024-04-19 14:01:04+02:00,10.4,10.4,9.2,8.2,86.0,12.9,90.0,115.8,1.0,0.0,13.4,13.4,0.5,29.6,29.6,29.6,3.8,12.6,235.0,996.3,996.3,2.7,4.0
2024-04-19 14:05:20+02:00,10.1,10.1,8.8,8.0,87.0,13.1,90.0,38.4,0.0,1.8,13.7,13.7,0.5,29.9,29.9,29.9,4.0,10.1,254.0,996.3,996.3,2.7,4.0
2024-04-19 14:16:00+02:00,9.3,9.3,8.3,8.2,93.0,13.3,90.0,93.9,0.0,3.0,14.2,14.2,0.8,30.4,30.4,30.4,3.2,6.1,315.0,996.3,996.3,2.7,4.0
2024-04-19 14:20:16+02:00,9.1,8.7,7.6,8.0,93.0,13.3,90.0,213.4,1.0,3.0,14.3,14.3,0.9,30.5,30.5,30.5,4.9,7.9,258.0,996.3,996.3,2.7,4.0
2024-04-19 14:24:32+02:00,9.3,8.4,7.6,8.2,92.0,13.4,89.0,965.7,8.0,1.2,14.3,14.3,0.9,30.5,30.5,30.5,6.8,19.1,263.0,996.4,996.4,2.7,4.0
2024-04-19 14:30:56+02:00,10.1,9.7,8.3,8.6,90.0,13.4,89.0,394.6,3.0,0.6,14.4,14.4,1.0,30.6,30.6,30.6,7.6,18.7,275.0,996.4,996.4,2.7,4.0
2024-04-19 14:35:12+02:00,9.4,7.5,6.4,8.0,91.0,13.5,89.0,94.2,0.0,4.2,15.0,15.0,1.6,31.2,31.2,31.2,12.5,24.1,277.0,996.7,996.7,2.7,4.1
2024-04-19 14:39:28+02:00,7.9,4.6,2.9,6.3,90.0,13.5,89.0,115.6,1.0,4.2,15.1,15.1,1.7,31.3,31.3,31.3,21.0,36.0,278.0,997.0,997.0,2.7,4.1
2024-04-19 14:45:52+02:00,7.2,5.1,4.0,5.9,92.0,13.6,89.0,49.0,0.0,4.2,15.2,15.2,1.8,31.4,31.4,31.4,11.7,33.5,269.0,997.0,997.0,2.7,4.1
2024-04-19 14:50:08+02:00,7.0,5.2,4.0,5.6,91.0,13.5,88.0,71.0,0.0,1.8,15.4,15.4,2.0,31.6,31.6,31.6,9.9,24.8,282.0,996.9,996.9,2.7,4.1
2024-04-19 14:54:24+02:00,7.0,6.7,5.4,5.7,92.0,13.5,88.0,121.3,1.0,1.2,15.4,15.4,2.0,31.6,31.6,31.6,3.5,18.7,275.0,996.8,996.8,2.7,4.1
2024-04-19 15:00:48+02:00,7.3,7.2,5.7,6.2,93.0,13.4,88.0,377.7,3.0,0.6,15.4,15.4,2.0,31.6,31.6,31.6,4.0,8.6,257.0,997.0,997.0,2.7,4.1
2024-04-19 15:05:04+02:00,8.0,7.6,6.3,6.7,92.0,13.4,88.0,309.5,2.0,0.0,15.4,15.4,1.6,31.6,31.6,31.6,4.4,19.8,302.0,997.0,997.0,2.7,4.1
2024-04-19 15:09:20+02:00,8.5,8.3,7.0,7.0,90.0,13.4,88.0,398.3,3.0,0.0,15.4,15.4,1.3,31.6,31.6,31.6,3.9,11.5,226.0,997.0,997.0,2.7,4.1
2024-04-19 15:15:44+02:00,8.8,7.8,6.7,7.0,89.0,13.4,88.0,468.3,4.0,0.0,15.4,15.4,1.2,31.6,31.6,31.6,7.0,13.7,264.0,996.9,996.9,2.7,4.2
2024-04-19 15:20:00+02:00,9.4,9.4,8.3,7.6,88.0,13.4,88.0,356.4,3.0,0.0,15.4,15.4,1.1,31.6,31.6,31.6,2.8,13.3,301.0,996.9,996.9,2.7,4.2
2024-04-19 15:24:16+02:00,9.6,9.0,8.0,7.5,87.0,13.5,89.0,165.0,1.0,0.0,15.4,15.4,1.1,31.6,31.6,31.6,5.1,13.3,267.0,996.9,996.9,2.7,4.4
2024-04-19 15:30:40+02:00,9.2,8.6,7.4,7.2,87.0,13.6,89.0,121.9,1.0,0.0,15.4,15.4,1.0,31.6,31.6,31.6,5.8,13.3,201.0,996.9,996.9,2.7,4.4
2024-04-19 15:34:56+02:00,9.1,8.4,7.2,7.1,87.0,13.6,89.0,91.2,0.0,0.0,15.4,15.4,0.4,31.6,31.6,31.6,6.4,13.7,278.0,996.8,996.8,2.7,4.4
2024-04-19 15:39:12+02:00,9.1,8.6,7.3,7.1,87.0,13.7,88.0,63.7,0.0,0.6,15.5,15.5,0.4,31.7,31.7,31.7,5.5,15.5,263.0,996.8,996.8,2.7,4.4
2024-04-19 15:45:36+02:00,8.8,7.8,6.7,7.2,90.0,13.7,88.0,55.7,0.0,3.0,15.9,15.9,0.6,32.1,32.1,32.1,7.6,18.4,224.0,996.8,996.8,2.72,4.4
2024-04-19 15:49:52+02:00,8.5,7.4,6.3,7.1,91.0,13.7,88.0,182.0,1.0,3.0,15.9,15.9,0.5,32.1,32.1,32.1,7.6,15.5,281.0,996.9,996.9,2.72,4.4
2024-04-19 15:54:08+02:00,8.7,8.0,6.8,7.2,91.0,13.7,88.0,235.4,2.0,1.8,15.9,15.9,0.5,32.1,32.1,32.1,6.0,16.9,266.0,996.9,996.9,2.7,4.4
2024-04-19 16:00:32+02:00,9.0,8.8,7.7,7.4,90.0,13.7,88.0,171.1,1.0,0.0,15.9,15.9,0.5,32.1,32.1,32.1,3.5,16.9,275.0,997.0,997.0,2.7,4.4
2024-04-19 16:04:48+02:00,8.8,6.6,5.0,7.2,90.0,13.7,88.0,23.0,0.0,0.6,16.0,16.0,0.6,32.2,32.2,32.2,16.1,32.8,289.0,997.2,997.2,2.7,4.5
2024-04-19 16:09:04+02:00,7.6,4.9,3.7,6.0,90.0,13.7,88.0,28.4,0.0,1.8,16.2,16.2,0.8,32.4,32.4,32.4,15.6,41.4,275.0,997.8,997.8,2.7,4.5
2024-04-19 16:15:28+02:00,6.7,5.3,4.0,5.4,91.0,13.7,88.0,54.6,0.0,2.4,16.4,16.4,1.0,32.6,32.6,32.6,8.6,18.7,252.0,997.7,997.7,2.72,4.5
2024-04-19 16:19:44+02:00,6.5,6.2,4.9,5.2,91.0,13.6,87.0,194.5,1.0,2.4,16.5,16.5,1.1,32.7,32.7,32.7,2.3,14.0,285.0,997.6,997.6,2.72,4.5
2024-04-19 16:24:00+02:00,6.8,5.8,4.7,5.4,91.0,13.6,87.0,230.5,2.0,1.2,16.5,16.5,1.1,32.7,32.7,32.7,5.6,10.4,196.0,997.6,997.6,2.7,4.5
2024-04-19 16:30:24+02:00,7.1,6.4,5.0,5.6,90.0,13.5,87.0,411.4,3.0,0.0,16.5,16.5,1.1,32.7,32.7,32.7,5.5,12.2,212.0,997.7,997.7,2.7,4.5
2024-04-19 16:34:40+02:00,8.0,8.0,6.7,6.3,89.0,13.5,88.0,653.7,6.0,0.0,16.5,16.5,1.1,32.7,32.7,32.7,2.2,8.3,7.0,997.8,997.8,2.7,4.6
2024-04-19 16:38:56+02:00,8.2,7.9,6.6,6.1,87.0,13.4,88.0,353.4,3.0,0.0,16.5,16.5,0.9,32.7,32.7,32.7,3.5,7.6,229.0,997.9,997.9,2.7,4.6
2024-04-19 16:45:20+02:00,8.5,8.5,6.9,6.3,87.0,13.4,88.0,345.0,3.0,0.0,16.5,16.5,0.6,32.7,32.7,32.7,3.6,6.8,255.0,997.7,997.7,2.7,4.7
2024-04-19 16:49:36+02:00,8.7,8.4,7.2,6.5,86.0,13.4,88.0,547.5,5.0,0.0,16.5,16.5,0.6,32.7,32.7,32.7,3.7,9.0,268.0,997.6,997.6,2.7,4.7
2024-04-19 16:56:00+02:00,8.9,8.9,7.6,6.6,86.0,13.4,88.0,210.7,1.0,0.0,16.5,16.5,0.6,32.7,32.7,32.7,2.5,9.4,185.0,997.6,997.6,2.7,4.8
2024-04-19 17:00:16+02:00,9.0,9.0,8.0,6.7,86.0,13.5,88.0,174.3,1.0,0.0,16.5,16.5,0.6,32.7,32.7,32.7,1.3,9.7,99.0,997.8,997.8,2.7,4.8
2024-04-19 17:04:32+02:00,8.9,8.9,7.5,6.7,86.0,13.5,88.0,156.1,1.0,0.0,16.5,16.5,0.5,32.7,32.7,32.7,2.9,8.3,253.0,997.7,997.7,2.7,4.8
2024-04-19 17:10:56+02:00,8.9,8.6,7.3,6.9,87.0,13.5,88.0,101.3,0.0,0.0,16.5,16.5,0.3,32.7,32.7,32.7,4.7,8.3,275.0,997.7,997.7,2.7,4.8
2024-04-19 17:15:12+02:00,8.7,8.1,6.9,6.7,87.0,13.6,88.0,320.9,2.0,0.0,16.5,16.5,0.1,32.7,32.7,32.7,5.5,13.0,278.0,997.7,997.7,2.7,4.9
2024-04-19 17:19:28+02:00,9.2,8.8,7.3,6.3,82.0,13.6,88.0,332.1,3.0,0.0,16.5,16.5,0.0,32.7,32.7,32.7,5.3,12.2,209.0,997.7,997.7,2.7,4.9
2024-04-19 17:25:52+02:00,9.6,8.7,7.1,5.8,77.0,13.6,88.0,297.8,2.0,0.0,16.5,16.5,0.0,32.7,32.7,32.7,7.7,23.4,240.0,997.7,997.7,2.7,4.9
2024-04-19 17:30:08+02:00,9.9,8.9,7.4,5.9,76.0,13.6,88.0,334.7,3.0,0.0,16.5,16.5,0.0,32.7,32.7,32.7,8.3,17.6,296.0,997.7,997.7,2.7,4.9
2024-04-19 17:34:24+02:00,10.0,9.8,7.9,6.1,76.0,13.6,88.0,334.0,3.0,0.0,16.5,16.5,0.0,32.7,32.7,32.7,6.4,13.7,283.0,997.7,997.7,2.7,5.0
2024-04-19 17:40:48+02:00,10.0,8.7,7.2,5.7,74.0,13.6,88.0,336.9,3.0,0.0,16.5,16.5,0.0,32.7,32.7,32.7,9.1,20.5,281.0,997.8,997.8,2.7,5.0
2024-04-19 17:45:04+02:00,10.3,10.3,7.9,6.0,75.0,13.7,88.0,256.3,2.0,0.0,16.5,16.5,0.0,32.7,32.7,32.7,7.6,26.3,221.0,997.8,997.8,2.7,5.1
2024-04-19 17:49:20+02:00,10.2,10.2,7.4,5.3,72.0,13.7,88.0,208.3,1.0,0.0,16.5,16.5,0.0,32.7,32.7,32.7,8.6,19.4,263.0,997.9,997.9,2.7,5.1
2024-04-19 17:55:44+02:00,10.0,8.9,7.2,5.0,71.0,13.8,88.0,232.9,2.0,0.0,16.5,16.5,0.0,32.7,32.7,32.7,8.7,20.5,279.0,997.9,997.9,2.7,5.1
2024-04-19 18:00:00+02:00,9.8,8.0,6.2,5.0,72.0,13.8,88.0,150.4,1.0,0.0,16.5,16.5,0.0,32.7,32.7,32.7,13.2,26.6,284.0,998.1,998.1,2.7,5.1
2024-04-19 18:04:16+02:00,9.7,8.2,6.4,4.5,70.0,13.8,88.0,87.8,0.0,0.0,16.5,16.5,0.0,32.7,32.7,32.7,10.4,23.8,280.0,998.0,998.0,2.7,5.2
2024-04-19 18:10:40+02:00,9.3,7.5,5.6,4.3,71.0,13.9,88.0,146.8,1.0,0.0,16.5,16.5,0.0,32.7,32.7,32.7,12.6,23.0,283.0,998.2,998.2,2.7,5.2
2024-04-19 18:14:56+02:00,9.1,7.7,5.8,4.1,71.0,13.9,88.0,110.0,1.0,0.0,16.5,16.5,0.0,32.7,32.7,32.7,10.2,27.4,276.0,998.1,998.1,2.7,5.2
2024-04-19 18:19:12+02:00,9.5,8.4,6.6,4.4,70.0,13.9,88.0,129.4,1.0,0.0,16.5,16.5,0.0,32.7,32.7,32.7,8.8,20.2,272.0,998.3,998.3,2.7,5.2
2024-04-19 18:25:36+02:00,9.6,9.1,7.2,4.6,71.0,13.9,88.0,98.3,0.0,0.0,16.5,16.5,0.0,32.7,32.7,32.7,6.2,20.2,275.0,998.3,998.3,2.7,5.2
2024-04-19 18:29:52+02:00,9.6,8.7,6.8,4.6,71.0,13.8,88.0,129.5,1.0,0.0,16.5,16.5,0.0,32.7,32.7,32.7,8.0,20.5,219.0,998.2,998.2,2.7,5.2
2024-04-19 18:34:08+02:00,9.6,8.5,6.8,4.6,71.0,13.8,88.0,122.5,1.0,0.0,16.5,16.5,0.0,32.7,32.7,32.7,8.0,16.2,274.0,998.4,998.4,2.7,5.2
2024-04-19 18:40:32+02:00,9.5,8.6,6.9,4.8,72.0,13.9,88.0,56.4,0.0,0.0,16.5,16.5,0.0,32.7,32.7,32.7,7.4,16.2,206.0,998.4,998.4,2.7,5.2
2024-04-19 18:44:48+02:00,9.1,7.9,6.1,4.4,73.0,13.9,88.0,51.2,0.0,0.0,16.5,16.5,0.0,32.7,32.7,32.7,8.9,22.7,268.0,998.5,998.5,2.7,5.2
2024-04-19 18:49:04+02:00,8.9,8.1,6.4,4.7,75.0,13.9,88.0,33.1,0.0,0.6,16.6,16.6,0.1,32.8,32.8,32.8,6.6,15.8,269.0,998.6,998.6,2.7,5.2
2024-04-19 18:55:28+02:00,8.5,7.2,5.8,5.2,80.0,13.9,88.0,43.9,0.0,0.6,16.6,16.6,0.1,32.8,32.8,32.8,8.3,22.3,259.0,998.8,998.8,2.7,5.2
2024-04-19 18:59:44+02:00,8.0,6.6,5.1,5.2,83.0,13.9,88.0,46.1,0.0,0.6,16.6,16.6,0.1,32.8,32.8,32.8,9.4,20.9,272.0,998.8,998.8,2.7,5.2
2024-04-19 19:04:00+02:00,7.8,6.7,5.2,5.2,83.0,13.9,88.0,25.1,0.0,0.0,16.6,16.6,0.1,32.8,32.8,32.8,8.3,36.7,276.0,998.8,998.8,2.7,5.2
2024-04-19 19:10:24+02:00,7.9,6.2,4.9,5.0,82.0,13.8,88.0,74.6,0.0,0.0,16.6,16.6,0.1,32.8,32.8,32.8,10.0,21.6,279.0,998.9,998.9,2.7,5.2
2024-04-19 19:14:40+02:00,8.1,6.0,4.5,4.7,79.0,13.8,88.0,59.7,0.0,0.0,16.6,16.6,0.1,32.8,32.8,32.8,12.6,25.9,286.0,998.9,998.9,2.7,5.2
2024-04-19 19:21:04+02:00,8.3,6.9,5.3,4.7,78.0,13.8,87.0,50.7,0.0,0.0,16.6,16.6,0.1,32.8,32.8,32.8,9.2,17.6,266.0,998.8,998.8,2.7,5.2
2024-04-19 19:25:20+02:00,8.3,7.2,5.6,4.6,78.0,13.7,87.0,37.5,0.0,0.0,16.6,16.6,0.1,32.8,32.8,32.8,7.3,23.4,278.0,998.9,998.9,2.7,5.2
2024-04-19 19:29:36+02:00,8.2,7.0,5.4,4.6,78.0,13.7,87.0,24.4,0.0,0.0,16.6,16.6,0.1,32.8,32.8,32.8,8.4,20.5,260.0,999.1,999.1,2.7,5.2
2024-04-19 19:36:00+02:00,8.0,6.3,4.8,4.7,80.0,13.7,87.0,13.0,0.0,0.6,16.7,16.7,0.2,32.9,32.9,32.9,10.1,23.0,291.0,999.2,999.2,2.7,5.2
2024-04-19 19:40:16+02:00,7.4,5.7,4.4,4.8,83.0,13.6,87.0,19.6,0.0,0.6,16.7,16.7,0.2,32.9,32.9,32.9,9.5,23.4,281.0,999.2,999.2,2.7,5.2
2024-04-19 19:44:32+02:00,7.3,6.5,5.1,4.8,84.0,13.6,87.0,16.8,0.0,1.2,16.8,16.8,0.3,33.0,33.0,33.0,5.3,17.6,266.0,999.4,999.4,2.7,5.1
2024-04-19 19:50:56+02:00,7.2,5.6,3.9,4.5,83.0,13.5,87.0,16.2,0.0,0.6,16.8,16.8,0.2,33.0,33.0,33.0,11.0,24.8,283.0,999.5,999.5,2.7,5.1
2024-04-19 19:55:12+02:00,7.1,6.3,4.7,4.7,85.0,13.4,87.0,13.9,0.0,0.0,16.8,16.8,0.2,33.0,33.0,33.0,6.1,13.0,232.0,999.5,999.5,2.7,5.1
2024-04-19 19:59:28+02:00,7.0,6.6,4.9,4.8,86.0,13.3,87.0,12.2,0.0,0.0,16.8,16.8,0.2,33.0,33.0,33.0,5.0,15.1,274.0,999.7,999.7,2.7,5.1
2024-04-19 20:05:52+02:00,6.9,5.7,4.3,4.6,85.0,13.3,87.0,13.5,0.0,0.0,16.8,16.8,0.2,33.0,33.0,33.0,7.1,13.0,261.0,999.8,999.8,2.7,5.1
2024-04-19 20:10:08+02:00,6.9,5.8,4.4,4.6,85.0,13.2,87.0,11.4,0.0,0.0,16.8,16.8,0.2,33.0,33.0,33.0,6.5,16.6,275.0,999.7,999.7,2.7,5.1
2024-04-19 20:14:24+02:00,6.8,5.6,4.3,4.4,85.0,13.2,87.0,8.6,0.0,0.0,16.8,16.8,0.2,33.0,33.0,33.0,6.6,18.4,278.0,1000.0,1000.0,2.7,5.1
2024-04-19 20:20:48+02:00,6.7,5.5,4.0,4.5,85.0,13.1,87.0,6.4,0.0,0.0,16.8,16.8,0.2,33.0,33.0,33.0,7.6,16.9,219.0,1000.1,1000.1,2.7,5.1
2024-04-19 20:25:04+02:00,6.6,6.2,4.7,4.5,86.0,13.0,87.0,4.0,0.0,0.0,16.8,16.8,0.2,33.0,33.0,33.0,3.4,9.7,261.0,1000.1,1000.1,2.7,5.1
2024-04-19 20:29:20+02:00,6.5,5.8,4.2,4.5,87.0,12.9,87.0,2.8,0.0,0.0,16.8,16.8,0.2,33.0,33.0,33.0,5.6,9.0,256.0,1000.2,1000.2,2.7,5.1
2024-04-19 20:35:44+02:00,6.5,6.1,4.5,4.5,87.0,12.9,87.0,1.8,0.0,0.0,16.8,16.8,0.1,33.0,33.0,33.0,3.8,10.4,274.0,1000.1,1000.1,2.7,5.1
2024-04-19 20:40:00+02:00,6.5,6.1,4.3,4.5,87.0,12.8,87.0,1.0,0.0,0.0,16.8,16.8,0.1,33.0,33.0,33.0,4.9,19.1,252.0,1000.3,1000.3,2.7,5.1
2024-04-19 20:44:16+02:00,6.5,5.3,4.1,4.3,86.0,12.8,87.0,0.8,0.0,0.0,16.8,16.8,0.0,33.0,33.0,33.0,6.0,19.1,222.0,1000.4,1000.4,2.7,5.1
2024-04-19 20:50:40+02:00,6.5,5.8,4.2,4.3,86.0,12.7,86.0,0.4,0.0,0.0,16.8,16.8,0.0,33.0,33.0,33.0,5.1,11.5,264.0,1000.5,1000.5,2.7,5.1
2024-04-19 20:54:56+02:00,6.5,5.7,4.1,4.3,86.0,12.6,86.0,0.2,0.0,0.0,16.8,16.8,0.0,33.0,33.0,33.0,5.8,13.7,254.0,1000.5,1000.5,2.7,5.1
2024-04-19 20:59:12+02:00,6.5,6.0,4.3,4.2,85.0,12.6,86.0,0.1,0.0,0.0,16.8,16.8,0.0,33.0,33.0,33.0,4.6,17.3,252.0,1000.6,1000.6,2.7,5.1
2024-04-19 21:05:36+02:00,6.4,5.4,4.0,4.1,85.0,12.5,86.0,0.0,0.0,0.0,16.8,16.8,0.0,33.0,33.0,33.0,5.8,14.8,276.0,1000.7,1000.7,2.7,5.1
2024-04-19 21:09:52+02:00,6.4,5.5,4.0,4.2,86.0,12.4,86.0,0.0,0.0,0.0,16.8,16.8,0.0,33.0,33.0,33.0,5.7,22.3,275.0,1000.8,1000.8,2.7,5.1
2024-04-19 21:14:08+02:00,6.3,5.9,4.3,4.2,86.0,12.4,86.0,0.0,0.0,0.0,16.8,16.8,0.0,33.0,33.0,33.0,3.9,15.1,240.0,1000.8,1000.8,2.7,5.0
2024-04-19 21:20:32+02:00,6.3,5.9,4.2,4.2,87.0,12.3,86.0,0.0,0.0,0.0,16.8,16.8,0.0,33.0,33.0,33.0,4.1,17.3,259.0,1001.0,1001.0,2.7,5.0
2024-04-19 21:24:48+02:00,6.2,5.9,4.2,4.2,87.0,12.3,86.0,0.0,0.0,0.0,16.8,16.8,0.0,33.0,33.0,33.0,3.5,11.2,283.0,1001.1,1001.1,2.7,5.0
2024-04-19 21:29:04+02:00,6.1,5.8,4.2,4.2,88.0,12.3,86.0,0.0,0.0,0.0,16.8,16.8,0.0,33.0,33.0,33.0,3.1,6.8,311.0,1001.2,1001.2,2.7,5.0
2024-04-19 21:35:28+02:00,6.2,5.8,4.0,4.3,88.0,12.2,86.0,0.0,0.0,0.0,16.8,16.8,0.0,33.0,33.0,33.0,4.3,10.1,283.0,1001.2,1001.2,2.7,5.0
2024-04-19 21:39:44+02:00,6.2,5.9,4.2,4.4,88.0,12.2,86.0,0.0,0.0,0.0,16.8,16.8,0.0,33.0,33.0,33.0,4.0,10.8,242.0,1001.3,1001.3,2.7,5.0
2024-04-19 21:44:00+02:00,6.2,5.3,4.0,4.4,88.0,12.1,86.0,0.0,0.0,0.0,16.8,16.8,0.0,33.0,33.0,33.0,5.0,11.9,259.0,1001.4,1001.4,2.7,5.0
2024-04-19 21:50:24+02:00,6.3,5.4,4.0,4.4,88.0,12.0,86.0,0.0,0.0,0.0,16.8,16.8,0.0,33.0,33.0,33.0,5.1,10.8,256.0,1001.4,1001.4,2.7,5.0
2024-04-19 21:54:40+02:00,6.2,5.5,4.0,4.4,88.0,12.0,86.0,0.0,0.0,0.0,16.8,16.8,0.0,33.0,33.0,33.0,5.0,8.6,257.0,1001.5,1001.5,2.7,5.0
2024-04-19 21:58:56+02:00,6.1,6.1,4.3,4.4,89.0,11.9,86.0,0.0,0.0,0.0,16.8,16.8,0.0,33.0,33.0,33.0,2.8,9.0,116.0,1001.5,1001.5,2.7,5.0
2024-04-19 22:05:20+02:00,6.0,5.5,3.9,4.3,89.0,11.9,86.0,0.0,0.0,0.0,16.8,16.8,0.0,33.0,33.0,33.0,4.2,10.1,264.0,1001.6,1001.6,2.7,5.0
2024-04-19 22:09:36+02:00,5.9,5.9,4.1,4.3,89.0,11.9,86.0,0.0,0.0,0.0,16.8,16.8,0.0,33.0,33.0,33.0,3.0,6.8,332.0,1001.7,1001.7,2.7,5.0
2024-04-19 22:16:00+02:00,5.9,5.1,3.7,4.4,90.0,11.8,86.0,0.0,0.0,0.0,16.8,16.8,0.0,33.0,33.0,33.0,5.0,10.4,267.0,1001.7,1001.7,2.7,5.0
2024-04-19 22:20:16+02:00,5.9,5.1,3.6,4.2,89.0,11.8,86.0,0.0,0.0,0.0,16.8,16.8,0.0,33.0,33.0,33.0,5.3,9.7,277.0,1001.8,1001.8,2.7,5.0
2024-04-19 22:24:32+02:00,6.0,5.5,3.8,4.3,89.0,11.7,86.0,0.0,0.0,0.0,16.8,16.8,0.0,33.0,33.0,33.0,4.6,15.1,265.0,1001.9,1001.9,2.7,5.0
2024-04-19 22:30:56+02:00,6.1,5.5,4.0,4.4,89.0,11.7,86.0,0.0,0.0,0.0,16.8,16.8,0.0,33.0,33.0,33.0,4.6,10.1,254.0,1002.0,1002.0,2.7,5.0
2024-04-19 22:35:12+02:00,6.1,5.7,4.0,4.4,89.0,11.6,86.0,0.0,0.0,0.0,16.8,16.8,0.0,33.0,33.0,33.0,4.2,11.5,255.0,1002.0,1002.0,2.7,5.0
2024-04-19 22:39:28+02:00,6.1,5.3,3.8,4.4,89.0,11.6,86.0,0.0,0.0,0.0,16.8,16.8,0.0,33.0,33.0,33.0,5.5,10.1,266.0,1002.1,1002.1,2.7,5.0
2024-04-19 22:45:52+02:00,6.1,5.3,3.9,4.4,89.0,11.6,86.0,0.0,0.0,0.0,16.8,16.8,0.0,33.0,33.0,33.0,5.0,10.1,274.0,1002.2,1002.2,2.7,5.0
2024-04-19 22:50:08+02:00,6.1,5.0,3.6,4.4,89.0,11.5,86.0,0.0,0.0,0.0,16.8,16.8,0.0,33.0,33.0,33.0,6.3,11.9,289.0,1002.3,1002.3,2.7,5.0
2024-04-19 22:54:24+02:00,6.2,5.5,4.0,4.4,88.0,11.5,86.0,0.0,0.0,0.0,16.8,16.8,0.0,33.0,33.0,33.0,4.6,13.0,282.0,1002.3,1002.3,2.7,4.9
2024-04-19 23:00:48+02:00,6.2,5.4,3.6,4.4,88.0,11.5,86.0,0.0,0.0,0.0,16.8,16.8,0.0,33.0,33.0,33.0,6.8,24.1,278.0,1002.5,1002.5,2.7,4.9
2024-04-19 23:05:04+02:00,6.2,4.9,3.5,4.4,88.0,11.4,86.0,0.0,0.0,0.0,16.8,16.8,0.0,33.0,33.0,33.0,7.3,11.9,263.0,1002.6,1002.6,2.7,4.9
2024-04-19 23:09:20+02:00,6.2,6.0,4.4,4.2,87.0,11.4,87.0,0.0,0.0,0.0,16.8,16.8,0.0,33.0,33.0,33.0,2.9,13.0,264.0,1002.5,1002.5,2.7,4.9
2024-04-19 23:15:44+02:00,6.2,6.1,4.2,4.4,88.0,11.4,87.0,0.0,0.0,0.0,16.8,16.8,0.0,33.0,33.0,33.0,3.7,7.9,255.0,1002.8,1002.8,2.7,4.9
2024-04-19 23:20:00+02:00,6.2,5.8,4.2,4.3,87.0,11.3,87.0,0.0,0.0,0.0,16.8,16.8,0.0,33.0,33.0,33.0,3.9,9.0,243.0,1002.8,1002.8,2.7,4.9
2024-04-19 23:24:16+02:00,6.2,5.7,4.1,4.2,87.0,11.3,87.0,0.0,0.0,0.0,16.8,16.8,0.0,33.0,33.0,33.0,4.3,10.4,275.0,1002.9,1002.9,2.7,4.9
2024-04-19 23:30:40+02:00,6.2,5.6,4.0,4.4,88.0,11.3,87.0,0.0,0.0,0.0,16.8,16.8,0.0,33.0,33.0,33.0,4.7,10.4,260.0,1003.0,1003.0,2.7,4.9
2024-04-19 23:34:56+02:00,6.1,6.1,4.4,4.3,88.0,11.3,87.0,0.0,0.0,0.0,16.8,16.8,0.0,33.0,33.0,33.0,2.0,7.6,199.0,1003.1,1003.1,2.7,4.9
2024-04-19 23:39:12+02:00,6.1,6.1,4.2,4.3,88.0,11.3,87.0,0.0,0.0,0.0,16.8,16.8,0.0,33.0,33.0,33.0,3.2,8.3,277.0,1003.0,1003.0,2.7,4.9
2024-04-19 23:45:36+02:00,6.1,5.9,4.3,4.4,89.0,11.2,87.0,0.0,0.0,0.0,16.8,16.8,0.0,33.0,33.0,33.0,3.0,7.9,249.0,1003.1,1003.1,2.7,4.9
2024-04-19 23:49:52+02:00,6.1,5.9,4.2,4.4,89.0,11.2,87.0,0.0,0.0,0.0,16.8,16.8,0.0,33.0,33.0,33.0,3.5,6.8,272.0,1003.1,1003.1,2.7,4.9
2024-04-19 23:54:08+02:00,6.0,6.0,4.2,4.4,89.0,11.2,87.0,0.0,0.0,0.0,16.8,16.8,0.0,33.0,33.0,33.0,3.1,7.9,216.0,1003.1,1003.1,2.7,4.9
2024-04-20 00:00:32+02:00,6.0,5.5,3.7,4.3,89.0,11.2,87.0,0.0,0.0,0.0,0.0,16.8,0.0,33.0,33.0,33.0,5.3,8.3,290.0,1003.2,1003.2,2.7,4.9
2024-04-20 00:04:48+02:00,6.0,5.0,3.6,4.4,90.0,11.2,87.0,0.0,0.0,0.0,0.0,16.8,0.0,33.0,33.0,33.0,6.0,18.7,268.0,1003.2,1003.2,2.7,4.9
2024-04-20 00:09:04+02:00,6.1,5.7,4.4,4.4,89.0,11.1,87.0,0.0,0.0,0.0,0.0,16.8,0.0,33.0,33.0,33.0,2.2,18.7,284.0,1003.4,1003.4,2.7,4.9
2024-04-20 00:15:28+02:00,6.1,5.5,3.9,4.3,88.0,11.1,87.0,0.0,0.0,0.0,0.0,16.8,0.0,33.0,33.0,33.0,5.0,10.8,277.0,1003.5,1003.5,2.7,4.9
2024-04-20 00:19:44+02:00,6.1,4.1,2.9,4.0,86.0,11.1,87.0,0.0,0.0,0.0,0.0,16.8,0.0,33.0,33.0,33.0,9.6,19.8,296.0,1003.5,1003.5,2.7,4.9
2024-04-20 00:24:00+02:00,6.0,5.2,3.6,4.0,87.0,11.1,87.0,0.0,0.0,0.0,0.0,16.8,0.0,33.0,33.0,33.0,5.6,13.0,274.0,1003.6,1003.6,2.7,4.8
2024-04-20 00:30:24+02:00,5.9,4.9,3.3,3.9,87.0,11.0,87.0,0.0,0.0,0.0,0.0,16.8,0.0,33.0,33.0,33.0,6.7,15.1,277.0,1003.7,1003.7,2.7,4.8
2024-04-20 00:34:40+02:00,5.9,4.8,3.3,3.9,87.0,11.0,87.0,0.0,0.0,0.0,0.0,16.8,0.0,33.0,33.0,33.0,6.3,15.1,270.0,1003.7,1003.7,2.7,4.8
2024-04-20 00:41:04+02:00,5.9,5.3,3.6,4.1,88.0,11.0,87.0,0.0,0.0,0.0,0.0,16.8,0.0,33.0,33.0,33.0,4.9,13.3,291.0,1003.8,1003.8,2.7,4.8
2024-04-20 00:45:20+02:00,5.9,5.7,3.7,4.1,88.0,11.0,87.0,0.0,0.0,0.0,0.0,16.8,0.0,33.0,33.0,33.0,4.6,9.7,285.0,1003.9,1003.9,2.7,4.8
2024-04-20 00:49:36+02:00,5.8,5.6,3.9,4.1,89.0,11.0,87.0,0.0,0.0,0.0,0.0,16.8,0.0,33.0,33.0,33.0,3.4,10.4,271.0,1003.8,1003.8,2.7,4.8
2024-04-20 00:56:00+02:00,5.8,5.0,3.3,4.1,89.0,10.9,87.0,0.0,0.0,0.0,0.0,16.8,0.0,33.0,33.0,33.0,5.9,18.0,293.0,1004.0,1004.0,2.7,4.8
2024-04-20 01:00:16+02:00,5.9,4.8,3.3,4.2,89.0,10.9,87.0,0.0,0.0,0.0,0.0,16.8,0.0,33.0,33.0,33.0,6.8,18.0,291.0,1004.0,1004.0,2.7,4.8
2024-04-20 01:04:32+02:00,5.8,5.1,3.4,4.2,89.0,10.9,87.0,0.0,0.0,0.0,0.0,16.8,0.0,33.0,33.0,33.0,5.7,15.5,286.0,1004.1,1004.1,2.7,4.8
2024-04-20 01:10:56+02:00,5.8,4.1,2.9,4.1,89.0,10.8,87.0,0.0,0.0,0.0,0.0,16.8,0.0,33.0,33.0,33.0,7.9,15.1,277.0,1004.1,1004.1,2.7,4.8
2024-04-20 01:15:12+02:00,5.7,4.2,3.0,4.0,89.0,10.8,87.0,0.0,0.0,0.0,0.0,16.8,0.0,33.0,33.0,33.0,7.2,21.2,283.0,1004.2,1004.2,2.7,4.8
2024-04-20 01:19:28+02:00,5.6,5.4,3.5,3.9,89.0,10.8,87.0,0.0,0.0,0.0,0.0,16.8,0.0,33.0,33.0,33.0,3.7,10.4,283.0,1004.2,1004.2,2.7,4.8
2024-04-20 01:25:52+02:00,5.5,4.7,3.2,3.9,89.0,10.7,87.0,0.0,0.0,0.0,0.0,16.8,0.0,33.0,33.0,33.0,5.0,10.1,275.0,1004.4,1004.4,2.7,4.8
2024-04-20 01:30:08+02:00,5.5,4.3,2.7,3.8,89.0,10.7,87.0,0.0,0.0,0.0,0.0,16.8,0.0,33.0,33.0,33.0,7.3,13.0,309.0,1004.2,1004.2,2.7,4.8
2024-04-20 01:34:24+02:00,5.4,4.9,3.0,3.8,89.0,10.7,86.0,0.0,0.0,0.0,0.0,16.8,0.0,33.0,33.0,33.0,5.2,11.2,266.0,1004.3,1004.3,2.7,4.8
2024-04-20 01:40:48+02:00,5.3,4.7,2.9,3.8,90.0,10.7,86.0,0.0,0.0,0.0,0.0,16.8,0.0,33.0,33.0,33.0,5.6,11.9,326.0,1004.3,1004.3,2.7,4.8
2024-04-20 01:45:04+02:00,5.3,5.0,3.3,3.8,90.0,10.6,86.0,0.0,0.0,0.0,0.0,16.8,0.0,33.0,33.0,33.0,3.1,9.7,296.0,1004.4,1004.4,2.7,4.8
2024-04-20 01:49:20+02:00,5.2,5.2,3.6,3.7,90.0,10.6,86.0,0.0,0.0,0.0,0.0,16.8,0.0,33.0,33.0,33.0,0.6,4.7,280.0,1004.5,1004.5,2.7,4.8
2024-04-20 01:55:44+02:00,5.0,5.0,3.2,3.6,91.0,10.6,86.0,0.0,0.0,0.0,0.0,16.8,0.0,33.0,33.0,33.0,1.9,6.1,332.0,1004.5,1004.5,2.7,4.8
2024-04-20 02:00:00+02:00,4.9,4.9,3.3,3.6,91.0,10.5,86.0,0.0,0.0,0.0,0.0,16.8,0.0,33.0,33.0,33.0,0.9,4.3,111.0,1004.5,1004.5,2.7,4.8
2024-04-20 02:04:16+02:00,4.8,4.8,3.0,3.6,92.0,10.5,86.0,0.0,0.0,0.0,0.0,16.8,0.0,33.0,33.0,33.0,2.3,5.8,116.0,1004.6,1004.6,2.7,4.7
2024-04-20 02:10:40+02:00,4.9,4.9,3.3,3.7,92.0,10.4,86.0,0.0,0.0,0.0,0.0,16.8,0.0,33.0,33.0,33.0,1.3,5.0,264.0,1004.6,1004.6,2.7,4.7
2024-04-20 02:14:56+02:00,4.8,4.8,3.1,3.7,92.0,10.4,86.0,0.0,0.0,0.0,0.0,16.8,0.0,33.0,33.0,33.0,1.8,4.7,95.0,1004.7,1004.7,2.7,4.7
2024-04-20 02:19:12+02:00,4.7,4.7,3.2,3.6,92.0,10.4,86.0,0.0,0.0,0.0,0.0,16.8,0.0,33.0,33.0,33.0,0.7,5.8,131.0,1004.8,1004.8,2.7,4.7
2024-04-20 02:25:36+02:00,4.7,4.7,2.9,3.5,92.0,10.4,86.0,0.0,0.0,0.0,0.0,16.8,0.0,33.0,33.0,33.0,1.9,5.0,127.0,1004.9,1004.9,2.7,4.7
2024-04-20 02:29:52+02:00,4.5,4.5,3.0,3.5,93.0,10.3,86.0,0.0,0.0,0.0,0.0,16.8,0.0,33.0,33.0,33.0,0.4,4.7,296.0,1005.0,1005.0,2.7,4.7
2024-04-20 02:34:08+02:00,4.4,4.4,2.5,3.4,93.0,10.3,86.0,0.0,0.0,0.0,0.0,16.8,0.0,33.0,33.0,33.0,2.4,5.8,105.0,1004.9,1004.9,2.7,4.7
2024-04-20 02:40:32+02:00,4.3,4.3,2.5,3.2,93.0,10.2,86.0,0.0,0.0,0.0,0.0,16.8,0.0,33.0,33.0,33.0,1.7,5.8,116.0,1004.9,1004.9,2.7,4.7
2024-04-20 02:44:48+02:00,4.3,4.3,2.7,3.2,93.0,10.2,86.0,0.0,0.0,0.0,0.0,16.8,0.0,33.0,33.0,33.0,0.5,4.7,50.0,1005.1,1005.1,2.7,4.7
2024-04-20 02:49:04+02:00,4.2,4.2,2.6,3.3,94.0,10.2,86.0,0.0,0.0,0.0,0.0,16.8,0.0,33.0,33.0,33.0,0.8,4.3,41.0,1005.1,1005.1,2.7,4.7
2024-04-20 02:55:28+02:00,4.2,4.2,2.5,3.3,94.0,10.2,86.0,0.0,0.0,0.0,0.0,16.8,0.0,33.0,33.0,33.0,1.6,5.0,73.0,1005.3,1005.3,2.7,4.7
2024-04-20 02:59:44+02:00,4.3,4.3,2.7,3.4,94.0,10.1,86.0,0.0,0.0,0.0,0.0,16.8,0.0,33.0,33.0,33.0,1.1,4.7,4.0,1005.3,1005.3,2.7,4.7
2024-04-20 03:04:00+02:00,4.3,4.0,2.5,3.4,94.0,10.1,86.0,0.0,0.0,0.0,0.0,16.8,0.0,33.0,33.0,33.0,1.6,6.5,77.0,1005.3,1005.3,2.7,4.7
2024-04-20 03:10:24+02:00,4.2,4.2,2.3,3.3,94.0,10.0,86.0,0.0,0.0,0.0,0.0,16.8,0.0,33.0,33.0,33.0,2.2,6.5,111.0,1005.3,1005.3,2.7,4.7
2024-04-20 03:14:40+02:00,4.1,4.1,2.4,3.2,94.0,10.0,86.0,0.0,0.0,0.0,0.0,16.8,0.0,33.0,33.0,33.0,1.4,3.6,128.0,1005.3,1005.3,2.7,4.7
2024-04-20 03:18:56+02:00,4.1,4.1,2.4,3.2,94.0,10.0,86.0,0.0,0.0,0.0,0.0,16.8,0.0,33.0,33.0,33.0,1.0,5.0,184.0,1005.4,1005.4,2.7,4.7
2024-04-20 03:25:20+02:00,3.9,3.9,2.1,3.0,94.0,10.0,86.0,0.0,0.0,0.0,0.0,16.8,0.0,33.0,33.0,33.0,1.5,3.6,101.0,1005.5,1005.5,2.7,4.7
2024-04-20 03:29:36+02:00,3.8,3.8,1.9,3.0,94.0,9.9,86.0,0.0,0.0,0.0,0.0,16.8,0.0,33.0,33.0,33.0,2.3,4.3,89.0,1005.4,1005.4,2.7,4.7
2024-04-20 03:36:00+02:00,3.8,3.8,1.8,3.0,95.0,9.9,86.0,0.0,0.0,0.0,0.0,16.8,0.0,33.0,33.0,33.0,2.1,4.3,97.0,1005.5,1005.5,2.7,4.7
2024-04-20 03:40:16+02:00,3.6,3.6,1.6,2.8,95.0,9.8,86.0,0.0,0.0,0.0,0.0,16.8,0.0,33.0,33.0,33.0,2.1,4.3,105.0,1005.6,1005.6,2.7,4.7
2024-04-20 03:44:32+02:00,3.5,3.5,1.6,2.8,95.0,9.8,86.0,0.0,0.0,0.0,0.0,16.8,0.0,33.0,33.0,33.0,2.0,4.0,119.0,1005.6,1005.6,2.7,4.6
2024-04-20 03:50:56+02:00,3.6,3.6,1.5,2.8,95.0,9.8,86.0,0.0,0.0,0.0,0.0,16.8,0.0,33.0,33.0,33.0,2.7,4.3,111.0,1005.6,1005.6,2.7,4.6
2024-04-20 03:55:12+02:00,3.4,3.4,1.4,2.8,95.0,9.7,86.0,0.0,0.0,0.0,0.0,16.8,0.0,33.0,33.0,33.0,2.5,5.0,94.0,1005.8,1005.8,2.7,4.6
2024-04-20 03:59:28+02:00,3.4,3.4,1.4,2.9,96.0,9.7,86.0,0.0,0.0,0.0,0.0,16.8,0.0,33.0,33.0,33.0,2.8,5.0,99.0,1005.8,1005.8,2.7,4.6
2024-04-20 04:05:52+02:00,3.5,3.5,1.3,2.9,96.0,9.6,86.0,0.0,0.0,0.0,0.0,16.8,0.0,33.0,33.0,33.0,3.7,5.0,104.0,1005.9,1005.9,2.7,4.6
2024-04-20 04:10:08+02:00,3.5,3.5,1.4,2.9,96.0,9.6,86.0,0.0,0.0,0.0,0.0,16.8,0.0,33.0,33.0,33.0,3.2,5.0,103.0,1005.9,1005.9,2.7,4.6
2024-04-20 04:14:24+02:00,3.5,3.5,1.5,3.0,96.0,9.5,86.0,0.0,0.0,0.0,0.0,16.8,0.0,33.0,33.0,33.0,2.8,5.0,90.0,1005.9,1005.9,2.7,4.6
2024-04-20 04:20:48+02:00,3.5,3.5,1.7,3.0,96.0,9.5,86.0,0.0,0.0,0.0,0.0,16.8,0.0,33.0,33.0,33.0,1.9,3.2,104.0,1005.9,1005.9,2.7,4.6
2024-04-20 04:25:04+02:00,3.7,3.7,1.6,3.2,96.0,9.5,86.0,0.0,0.0,0.0,0.0,16.8,0.0,33.0,33.0,33.0,3.2,4.7,112.0,1006.0,1006.0,2.7,4.6
2024-04-20 04:29:20+02:00,3.8,3.8,1.9,3.2,96.0,9.4,86.0,0.0,0.0,0.0,0.0,16.8,0.0,33.0,33.0,33.0,2.2,4.3,93.0,1006.1,1006.1,2.7,4.6
2024-04-20 04:35:44+02:00,3.9,3.9,2.4,3.4,96.0,9.4,86.0,0.0,0.0,0.0,0.0,16.8,0.0,33.0,33.0,33.0,0.5,5.4,39.0,1006.1,1006.1,2.7,4.6
2024-04-20 04:40:00+02:00,4.0,4.0,2.3,3.4,96.0,9.4,86.0,0.0,0.0,0.0,0.0,16.8,0.0,33.0,33.0,33.0,1.3,5.8,94.0,1006.2,1006.2,2.7,4.6
2024-04-20 04:44:16+02:00,4.0,4.0,2.3,3.4,96.0,9.4,86.0,0.0,0.0,0.0,0.0,16.8,0.0,33.0,33.0,33.0,1.4,4.3,93.0,1006.1,1006.1,2.7,4.6
2024-04-20 04:50:40+02:00,4.0,4.0,2.3,3.5,97.0,9.4,86.0,0.0,0.0,0.0,0.0,16.8,0.0,33.0,33.0,33.0,1.4,3.6,108.0,1006.1,1006.1,2.7,4.6
2024-04-20 04:54:56+02:00,4.0,3.8,2.3,3.5,97.0,9.4,86.0,0.0,0.0,0.0,0.0,16.8,0.0,33.0,33.0,33.0,1.4,6.1,128.0,1006.2,1006.2,2.7,4.6
2024-04-20 04:59:12+02:00,3.8,3.6,1.9,3.3,96.0,9.3,86.0,0.0,0.0,0.0,0.0,16.8,0.0,33.0,33.0,33.0,2.4,5.0,108.0,1006.3,1006.3,2.7,4.6
2024-04-20 05:05:36+02:00,3.8,3.6,2.0,3.3,96.0,9.3,86.0,0.0,0.0,0.0,0.0,16.8,0.0,33.0,33.0,33.0,1.9,5.4,74.0,1006.4,1006.4,2.7,4.6
2024-04-20 05:09:52+02:00,3.7,3.7,1.8,3.2,96.0,9.3,86.0,0.0,0.0,0.0,0.0,16.8,0.0,33.0,33.0,33.0,2.3,5.4,101.0,1006.5,1006.5,2.7,4.6
2024-04-20 05:14:08+02:00,3.7,3.7,2.1,3.2,97.0,9.3,86.0,0.0,0.0,0.0,0.0,16.8,0.0,33.0,33.0,33.0,1.0,2.9,346.0,1006.5,1006.5,2.7,4.6
2024-04-20 05:20:32+02:00,3.7,3.7,2.0,3.3,97.0,9.3,86.0,0.0,0.0,0.0,0.0,16.8,0.0,33.0,33.0,33.0,1.3,5.8,62.0,1006.5,1006.5,2.7,4.6
2024-04-20 05:24:48+02:00,3.6,3.6,1.7,3.2,97.0,9.3,86.0,0.0,0.0,0.0,0.0,16.8,0.0,33.0,33.0,33.0,2.2,5.8,100.0,1006.5,1006.5,2.7,4.6
2024-04-20 05:29:04+02:00,3.5,3.5,1.6,3.1,97.0,9.2,86.0,0.0,0.0,0.0,0.0,16.8,0.0,33.0,33.0,33.0,2.5,4.0,134.0,1006.7,1006.7,2.7,4.6
2024-04-20 05:35:28+02:00,3.4,3.1,1.2,2.9,97.0,9.2,86.0,0.0,0.0,0.0,0.0,16.8,0.0,33.0,33.0,33.0,3.3,7.6,93.0,1006.8,1006.8,2.7,4.5
2024-04-20 05:39:44+02:00,3.3,2.8,1.1,2.8,97.0,9.2,86.0,0.0,0.0,0.0,0.0,16.8,0.0,33.0,33.0,33.0,3.6,7.9,150.0,1006.9,1006.9,2.7,4.5
2024-04-20 05:44:00+02:00,3.4,2.9,1.2,3.0,97.0,9.2,86.0,0.0,0.0,0.0,0.0,16.8,0.0,33.0,33.0,33.0,4.0,8.6,102.0,1006.9,1006.9,2.7,4.5
2024-04-20 05:50:24+02:00,3.5,3.5,1.7,3.1,97.0,9.2,86.0,0.0,0.0,0.0,0.0,16.8,0.0,33.0,33.0,33.0,2.1,5.8,83.0,1007.0,1007.0,2.7,4.5
2024-04-20 05:54:40+02:00,3.7,3.7,2.0,3.2,97.0,9.2,86.0,0.0,0.0,0.0,0.0,16.8,0.0,33.0,33.0,33.0,1.1,3.6,105.0,1007.0,1007.0,2.7,4.5
2024-04-20 06:01:04+02:00,3.8,3.1,1.6,3.3,97.0,9.2,86.0,0.1,0.0,0.0,0.0,16.8,0.0,33.0,33.0,33.0,4.0,7.9,111.0,1007.1,1007.1,2.7,4.5
2024-04-20 06:05:20+02:00,3.8,3.6,1.7,3.4,97.0,9.2,86.0,0.2,0.0,0.0,0.0,16.8,0.0,33.0,33.0,33.0,3.8,6.8,129.0,1007.1,1007.1,2.7,4.5
2024-04-20 06:09:36+02:00,3.9,3.6,1.8,3.4,97.0,9.2,86.0,0.6,0.0,0.0,0.0,16.8,0.0,33.0,33.0,33.0,3.5,6.8,113.0,1007.1,1007.1,2.7,4.5
2024-04-20 06:16:00+02:00,3.9,3.6,1.8,3.4,97.0,9.1,86.0,1.3,0.0,0.0,0.0,16.8,0.0,33.0,33.0,33.0,3.5,7.2,95.0,1007.2,1007.2,2.7,4.5
2024-04-20 06:20:16+02:00,4.0,4.0,2.1,3.6,97.0,9.1,86.0,1.8,0.0,0.0,0.0,16.8,0.0,33.0,33.0,33.0,2.8,7.2,251.0,1007.3,1007.3,2.7,4.5
2024-04-20 06:24:32+02:00,4.1,4.1,2.4,3.6,97.0,9.1,86.0,3.5,0.0,0.0,0.0,16.8,0.0,33.0,33.0,33.0,1.7,4.3,254.0,1007.3,1007.3,2.72,4.5
2024-04-20 06:30:56+02:00,4.1,4.1,2.3,3.7,97.0,9.2,86.0,5.4,0.0,0.0,0.0,16.8,0.0,33.0,33.0,33.0,2.4,6.5,178.0,1007.4,1007.4,2.71,4.5
2024-04-20 06:35:12+02:00,4.2,3.6,1.9,3.8,97.0,9.1,86.0,7.0,0.0,0.0,0.0,16.8,0.0,33.0,33.0,33.0,4.5,10.1,156.0,1007.4,1007.4,2.68,4.5
2024-04-20 06:39:28+02:00,4.2,3.3,1.8,3.8,97.0,9.1,86.0,8.8,0.0,0.0,0.0,16.8,0.0,33.0,33.0,33.0,5.7,10.8,155.0,1007.4,1007.4,2.68,4.5
2024-04-20 06:45:52+02:00,4.2,3.6,2.2,3.7,96.0,9.1,86.0,9.2,0.0,0.0,0.0,16.8,0.0,33.0,33.0,33.0,3.2,8.6,122.0,1007.4,1007.4,2.68,4.5
2024-04-20 06:50:08+02:00,4.3,4.3,2.7,3.7,96.0,9.1,86.0,7.7,0.0,0.0,0.0,16.8,0.0,33.0,33.0,33.0,1.6,5.4,6.0,1007.6,1007.6,2.68,4.5
2024-04-20 06:54:24+02:00,4.4,4.4,2.6,3.8,96.0,9.1,87.0,6.6,0.0,0.0,0.0,16.8,0.0,33.0,33.0,33.0,2.5,6.8,58.0,1007.6,1007.6,2.7,4.5
2024-04-20 07:00:48+02:00,4.4,4.2,2.3,3.9,96.0,9.2,87.0,8.0,0.0,0.0,0.0,16.8,0.0,33.0,33.0,33.0,4.2,7.2,58.0,1007.5,1007.5,2.7,4.5
2024-04-20 07:05:04+02:00,4.5,2.6,1.7,3.9,96.0,9.2,87.0,8.7,0.0,0.0,0.0,16.8,0.0,33.0,33.0,33.0,7.7,11.5,54.0,1007.7,1007.7,2.72,4.4
2024-04-20 07:09:20+02:00,4.6,4.4,2.4,3.9,95.0,9.2,87.0,8.2,0.0,0.0,0.0,16.8,0.0,33.0,33.0,33.0,3.9,13.0,10.0,1007.8,1007.8,2.72,4.4
2024-04-20 07:15:44+02:00,4.6,4.1,2.3,3.9,95.0,9.2,87.0,10.4,0.0,0.0,0.0,16.8,0.0,33.0,33.0,33.0,5.0,10.8,343.0,1007.8,1007.8,2.7,4.4
2024-04-20 07:20:00+02:00,4.7,4.7,3.0,3.9,95.0,9.2,87.0,10.7,0.0,0.0,0.0,16.8,0.0,33.0,33.0,33.0,1.4,10.1,37.0,1007.8,1007.8,2.7,4.4
2024-04-20 07:24:16+02:00,4.7,4.4,2.6,4.0,95.0,9.2,87.0,13.3,0.0,0.0,0.0,16.8,0.0,33.0,33.0,33.0,3.7,6.8,156.0,1007.9,1007.9,2.7,4.5
2024-04-20 07:30:40+02:00,4.8,4.8,2.9,3.9,94.0,9.2,87.0,16.9,0.0,0.0,0.0,16.8,0.0,33.0,33.0,33.0,2.9,6.8,208.0,1008.0,1008.0,2.7,4.5
2024-04-20 07:34:56+02:00,4.8,4.8,2.9,3.9,94.0,9.2,87.0,20.2,0.0,0.0,0.0,16.8,0.0,33.0,33.0,33.0,3.3,6.1,143.0,1008.0,1008.0,2.68,4.5
2024-04-20 07:39:12+02:00,4.9,4.5,2.8,4.0,94.0,9.2,87.0,21.5,0.0,0.0,0.0,16.8,0.0,33.0,33.0,33.0,4.1,7.2,154.0,1008.1,1008.1,2.68,4.5
2024-04-20 07:45:36+02:00,5.0,4.8,2.9,4.0,94.0,9.2,87.0,25.5,0.0,0.0,0.0,16.8,0.0,33.0,33.0,33.0,4.0,7.2,156.0,1008.1,1008.1,2.7,4.5
2024-04-20 07:49:52+02:00,5.1,5.1,3.3,4.0,93.0,9.2,87.0,34.2,0.0,0.0,0.0,16.8,0.0,33.0,33.0,33.0,2.4,7.6,211.0,1008.1,1008.1,2.7,4.5
2024-04-20 07:54:08+02:00,5.2,4.7,3.0,4.2,93.0,9.2,87.0,38.2,0.0,0.0,0.0,16.8,0.0,33.0,33.0,33.0,4.8,10.4,332.0,1008.3,1008.3,2.7,4.5
2024-04-20 08:00:32+02:00,5.2,4.7,3.1,4.2,93.0,9.3,87.0,32.9,0.0,0.0,0.0,16.8,0.0,33.0,33.0,33.0,4.4,9.0,349.0,1008.4,1008.4,2.7,4.5
2024-04-20 08:04:48+02:00,5.3,4.7,3.1,4.2,93.0,9.3,87.0,31.2,0.0,0.0,0.0,16.8,0.0,33.0,33.0,33.0,4.7,9.4,16.0,1008.4,1008.4,2.72,4.4
2024-04-20 08:09:04+02:00,5.4,4.9,3.1,4.3,93.0,9.3,87.0,27.2,0.0,0.0,0.0,16.8,0.0,33.0,33.0,33.0,5.0,7.9,9.0,1008.5,1008.5,2.72,4.4
2024-04-20 08:15:28+02:00,5.4,5.2,3.4,4.3,93.0,9.3,87.0,25.3,0.0,0.0,0.0,16.8,0.0,33.0,33.0,33.0,3.6,10.1,1.0,1008.6,1008.6,2.72,4.4
2024-04-20 08:19:44+02:00,5.4,4.0,2.8,4.3,93.0,9.3,87.0,27.6,0.0,0.0,0.0,16.8,0.0,33.0,33.0,33.0,6.7,9.4,50.0,1008.6,1008.6,2.72,4.4
2024-04-20 08:24:00+02:00,5.5,5.5,3.7,4.4,93.0,9.4,87.0,31.2,0.0,0.6,0.1,16.9,0.1,33.1,33.1,33.1,2.5,9.4,13.0,1008.7,1008.7,2.72,4.4
2024-04-20 08:30:24+02:00,5.5,5.0,3.5,4.4,93.0,9.4,87.0,38.8,0.0,1.2,0.2,17.0,0.2,33.2,33.2,33.2,4.0,7.6,220.0,1008.8,1008.8,2.72,4.4
2024-04-20 08:34:40+02:00,5.4,5.2,3.5,4.4,93.0,9.4,87.0,48.8,0.0,1.2,0.3,17.1,0.3,33.3,33.3,33.3,3.7,10.1,292.0,1008.8,1008.8,2.7,4.5
2024-04-20 08:38:56+02:00,5.4,5.0,3.4,4.4,93.0,9.4,87.0,72.6,0.0,1.2,0.3,17.1,0.3,33.3,33.3,33.3,4.0,9.4,298.0,1008.9,1008.9,2.7,4.5
2024-04-20 08:45:20+02:00,5.4,5.4,3.6,4.4,93.0,9.4,87.0,77.5,0.0,0.6,0.3,17.1,0.3,33.3,33.3,33.3,3.0,9.4,148.0,1008.8,1008.8,2.7,4.4
2024-04-20 08:49:36+02:00,5.5,5.5,3.7,4.4,93.0,9.5,87.0,63.3,0.0,0.0,0.3,17.1,0.3,33.3,33.3,33.3,2.9,5.8,140.0,1009.0,1009.0,2.7,4.4
2024-04-20 08:56:00+02:00,5.5,5.5,3.6,4.4,93.0,9.5,87.0,50.1,0.0,0.0,0.3,17.1,0.3,33.3,33.3,33.3,3.7,6.8,288.0,1009.0,1009.0,2.7,4.5
2024-04-20 09:00:16+02:00,5.4,3.7,2.6,4.3,92.0,9.5,87.0,47.0,0.0,0.0,0.3,17.1,0.3,33.3,33.3,33.3,7.9,14.4,312.0,1009.1,1009.1,2.7,4.5
2024-04-20 09:04:32+02:00,5.4,3.9,2.6,4.1,91.0,9.6,88.0,46.4,0.0,0.0,0.3,17.1,0.3,33.3,33.3,33.3,7.8,14.0,328.0,1009.1,1009.1,2.7,4.4
2024-04-20 09:10:56+02:00,5.3,3.9,2.7,3.8,90.0,9.6,87.0,38.0,0.0,0.0,0.3,17.1,0.3,33.3,33.3,33.3,6.9,19.1,333.0,1009.2,1009.2,2.7,4.4
2024-04-20 09:15:12+02:00,5.3,3.2,1.8,3.9,91.0,9.6,87.0,46.4,0.0,0.0,0.3,17.1,0.3,33.3,33.3,33.3,11.4,19.8,304.0,1009.3,1009.3,2.72,4.4
2024-04-20 09:19:28+02:00,5.4,4.9,3.3,4.0,91.0,9.6,88.0,57.4,0.0,0.0,0.3,17.1,0.3,33.3,33.3,33.3,4.1,15.1,303.0,1009.4,1009.4,2.71,4.4
2024-04-20 09:25:52+02:00,5.5,5.0,3.3,4.1,91.0,9.6,88.0,41.1,0.0,0.0,0.3,17.1,0.2,33.3,33.3,33.3,4.7,11.2,278.0,1009.5,1009.5,2.68,4.5
2024-04-20 09:30:08+02:00,5.5,4.5,3.1,4.3,92.0,9.7,88.0,37.3,0.0,0.6,0.4,17.2,0.2,33.4,33.4,33.4,5.8,16.9,269.0,1009.6,1009.6,2.68,4.5
2024-04-20 09:34:24+02:00,5.4,4.2,2.8,4.3,92.0,9.7,88.0,44.2,0.0,0.6,0.4,17.2,0.1,33.4,33.4,33.4,6.9,17.6,312.0,1009.6,1009.6,2.7,4.5
2024-04-20 09:40:48+02:00,5.4,4.1,2.7,4.2,92.0,9.7,88.0,61.8,0.0,0.0,0.4,17.2,0.1,33.4,33.4,33.4,7.6,17.6,320.0,1009.7,1009.7,2.7,4.5
2024-04-20 09:45:04+02:00,5.5,5.0,3.3,4.4,93.0,9.7,88.0,57.3,0.0,0.0,0.4,17.2,0.1,33.4,33.4,33.4,4.6,9.0,330.0,1009.7,1009.7,2.72,4.4
2024-04-20 09:49:20+02:00,5.5,4.6,3.1,4.4,93.0,9.7,88.0,50.5,0.0,0.0,0.4,17.2,0.1,33.4,33.4,33.4,6.0,11.2,317.0,1009.7,1009.7,2.72,4.4
2024-04-20 09:55:44+02:00,5.5,4.5,3.0,4.4,92.0,9.7,88.0,54.5,0.0,0.0,0.4,17.2,0.1,33.4,33.4,33.4,6.3,10.4,279.0,1009.9,1009.9,2.7,4.5
2024-04-20 10:00:00+02:00,5.6,5.6,3.8,4.4,92.0,9.8,88.0,53.4,0.0,0.0,0.4,17.2,0.1,33.4,33.4,33.4,2.6,7.9,120.0,1010.0,1010.0,2.7,4.5
2024-04-20 10:04:16+02:00,5.6,5.6,4.1,4.4,92.0,9.8,88.0,47.5,0.0,0.0,0.4,17.2,0.1,33.4,33.4,33.4,1.4,6.8,277.0,1009.9,1009.9,2.7,4.5
2024-04-20 10:10:40+02:00,5.7,4.6,3.2,4.5,92.0,9.8,88.0,42.4,0.0,0.0,0.4,17.2,0.1,33.4,33.4,33.4,6.5,10.8,283.0,1009.9,1009.9,2.7,4.5
2024-04-20 10:14:56+02:00,5.7,5.3,3.5,4.5,92.0,9.8,88.0,76.5,0.0,0.0,0.4,17.2,0.1,33.4,33.4,33.4,4.9,14.4,284.0,1010.1,1010.1,2.7,4.5
2024-04-20 10:19:12+02:00,5.8,4.4,3.2,4.4,91.0,9.8,88.0,83.5,0.0,0.0,0.4,17.2,0.1,33.4,33.4,33.4,6.8,13.3,243.0,1010.2,1010.2,2.7,4.5
2024-04-20 10:25:36+02:00,5.8,4.5,3.1,4.3,90.0,9.8,88.0,71.0,0.0,0.0,0.4,17.2,0.1,33.4,33.4,33.4,7.4,15.8,279.0,1010.2,1010.2,2.7,4.5
2024-04-20 10:29:52+02:00,5.8,4.6,3.3,4.2,89.0,9.9,88.0,91.5,0.0,0.0,0.4,17.2,0.0,33.4,33.4,33.4,6.6,17.6,282.0,1010.2,1010.2,2.7,4.5
2024-04-20 10:34:08+02:00,5.8,4.6,3.2,4.3,90.0,9.9,88.0,59.3,0.0,0.0,0.4,17.2,0.0,33.4,33.4,33.4,6.9,16.6,270.0,1010.4,1010.4,2.7,4.5
2024-04-20 10:40:32+02:00,5.8,4.7,3.4,4.4,91.0,9.9,88.0,118.1,1.0,0.0,0.4,17.2,0.0,33.4,33.4,33.4,6.1,15.8,272.0,1010.5,1010.5,2.7,4.5
2024-04-20 10:44:48+02:00,5.9,5.9,4.2,4.5,91.0,9.9,88.0,269.6,2.0,0.0,0.4,17.2,0.0,33.4,33.4,33.4,2.8,10.8,251.0,1010.5,1010.5,2.7,4.5
2024-04-20 10:49:04+02:00,6.3,5.0,3.6,4.6,89.0,10.0,88.0,266.5,2.0,0.0,0.4,17.2,0.0,33.4,33.4,33.4,7.4,14.4,280.0,1010.6,1010.6,2.7,4.5
2024-04-20 10:55:28+02:00,6.5,5.8,4.4,4.7,88.0,10.0,88.0,169.5,1.0,0.0,0.4,17.2,0.0,33.4,33.4,33.4,5.0,14.4,269.0,1010.6,1010.6,2.7,4.6
2024-04-20 10:59:44+02:00,6.7,6.0,4.6,4.6,86.0,10.1,88.0,205.6,1.0,0.0,0.4,17.2,0.0,33.4,33.4,33.4,4.6,11.9,258.0,1010.7,1010.7,2.7,4.6
2024-04-20 11:04:00+02:00,6.8,6.2,4.5,4.6,86.0,10.2,88.0,305.6,2.0,0.0,0.4,17.2,0.0,33.4,33.4,33.4,5.4,11.9,265.0,1010.7,1010.7,2.7,4.7
2024-04-20 11:10:24+02:00,7.3,5.6,4.0,4.6,83.0,10.3,88.0,679.6,6.0,0.0,0.4,17.2,0.0,33.4,33.4,33.4,10.8,20.2,277.0,1010.7,1010.7,2.7,4.7
2024-04-20 11:14:40+02:00,7.5,6.7,5.3,4.7,82.0,10.4,88.0,370.6,3.0,0.0,0.4,17.2,0.0,33.4,33.4,33.4,5.4,22.0,267.0,1010.7,1010.7,2.7,4.8
2024-04-20 11:21:04+02:00,7.8,7.6,5.8,4.9,82.0,10.6,89.0,236.0,2.0,0.0,0.4,17.2,0.0,33.4,33.4,33.4,4.0,14.8,299.0,1010.6,1010.6,2.7,4.8
2024-04-20 11:25:20+02:00,7.7,7.0,5.5,4.8,82.0,10.7,89.0,118.4,1.0,0.0,0.4,17.2,0.0,33.4,33.4,33.4,5.0,10.8,225.0,1010.7,1010.7,2.7,4.9
2024-04-20 11:29:36+02:00,7.4,7.2,5.5,4.9,84.0,10.9,89.0,68.4,0.0,0.6,0.5,17.3,0.1,33.5,33.5,33.5,4.0,15.5,248.0,1010.7,1010.7,2.7,4.9
2024-04-20 11:36:00+02:00,7.0,6.0,4.5,5.0,87.0,10.9,89.0,195.6,1.0,1.2,0.6,17.4,0.2,33.6,33.6,33.6,7.1,15.5,263.0,1010.7,1010.7,2.7,5.0
2024-04-20 11:40:16+02:00,6.9,6.3,4.7,4.8,86.0,11.0,89.0,348.9,3.0,1.2,0.6,17.4,0.2,33.6,33.6,33.6,5.5,10.8,279.0,1010.9,1010.9,2.7,5.0
2024-04-20 11:44:32+02:00,7.4,6.1,4.8,5.2,86.0,11.2,89.0,775.1,7.0,0.6,0.6,17.4,0.2,33.6,33.6,33.6,7.7,19.1,272.0,1010.8,1010.8,2.7,5.0
2024-04-20 11:50:56+02:00,8.0,7.0,5.6,5.2,82.0,11.3,89.0,810.0,7.0,0.0,0.6,17.4,0.2,33.6,33.6,33.6,6.8,22.7,260.0,1010.7,1010.7,2.7,5.0
2024-04-20 11:55:12+02:00,7.7,5.5,4.1,4.6,81.0,11.3,89.0,510.3,4.0,0.0,0.6,17.4,0.2,33.6,33.6,33.6,12.4,22.7,288.0,1010.8,1010.8,2.7,5.2
2024-04-20 11:59:28+02:00,7.8,7.0,5.4,4.7,80.0,11.5,89.0,718.9,6.0,0.0,0.6,17.4,0.2,33.6,33.6,33.6,6.1,17.6,273.0,1010.7,1010.7,2.7,5.2
2024-04-20 12:05:52+02:00,8.2,6.8,5.3,4.9,79.0,11.7,89.0,326.3,3.0,0.0,0.6,17.4,0.2,33.6,33.6,33.6,8.9,14.0,272.0,1010.8,1010.8,2.7,5.2
2024-04-20 12:10:08+02:00,7.9,6.2,4.7,4.6,80.0,11.8,89.0,300.3,2.0,0.0,0.6,17.4,0.2,33.6,33.6,33.6,9.9,21.6,279.0,1010.7,1010.7,2.7,5.2
2024-04-20 12:14:24+02:00,8.1,6.8,5.5,4.7,79.0,11.9,89.0,603.4,5.0,0.0,0.6,17.4,0.2,33.6,33.6,33.6,7.3,15.5,276.0,1010.8,1010.8,2.7,5.2
2024-04-20 12:20:48+02:00,8.6,7.1,5.6,5.1,79.0,12.1,89.0,615.3,5.0,0.0,0.6,17.4,0.2,33.6,33.6,33.6,9.4,16.9,268.0,1010.8,1010.8,2.7,5.2
2024-04-20 12:25:04+02:00,8.9,7.9,6.3,5.1,77.0,12.3,89.0,651.5,6.0,0.0,0.6,17.4,0.2,33.6,33.6,33.6,7.6,17.3,278.0,1010.9,1010.9,2.7,5.2
2024-04-20 12:29:20+02:00,9.3,7.7,5.9,4.7,73.0,12.4,89.0,534.6,4.0,0.0,0.6,17.4,0.1,33.6,33.6,33.6,11.0,22.0,293.0,1010.7,1010.7,2.7,5.2
2024-04-20 12:35:44+02:00,9.2,7.5,5.8,4.6,73.0,12.6,89.0,604.7,5.0,0.0,0.6,17.4,0.0,33.6,33.6,33.6,11.3,20.9,283.0,1010.7,1010.7,2.7,5.2
2024-04-20 12:40:00+02:00,9.2,8.0,6.3,4.8,74.0,12.8,90.0,446.8,4.0,0.0,0.6,17.4,0.0,33.6,33.6,33.6,9.1,18.7,295.0,1010.7,1010.7,2.7,5.2
2024-04-20 12:44:16+02:00,8.7,7.6,6.0,4.6,76.0,12.9,90.0,340.1,3.0,0.0,0.6,17.4,0.0,33.6,33.6,33.6,7.6,18.7,293.0,1010.8,1010.8,2.7,5.2
2024-04-20 12:50:40+02:00,9.0,8.8,7.0,4.5,73.0,13.0,90.0,675.5,6.0,0.0,0.6,17.4,0.0,33.6,33.6,33.6,4.5,14.8,252.0,1010.7,1010.7,2.7,5.2
2024-04-20 12:54:56+02:00,10.0,10.0,8.4,5.0,71.0,13.2,90.0,431.8,4.0,0.0,0.6,17.4,0.0,33.6,33.6,33.6,2.5,8.3,224.0,1010.6,1010.6,2.7,5.2
2024-04-20 12:59:12+02:00,9.5,9.3,7.4,4.6,71.0,13.3,90.0,237.0,2.0,0.0,0.6,17.4,0.0,33.6,33.6,33.6,4.8,13.3,275.0,1010.6,1010.6,2.7,5.2
2024-04-20 13:05:36+02:00,9.5,8.5,6.7,4.1,69.0,13.4,90.0,629.0,5.0,0.0,0.6,17.4,0.0,33.6,33.6,33.6,7.6,14.4,293.0,1010.6,1010.6,2.7,5.2
2024-04-20 13:09:52+02:00,10.0,9.5,7.3,4.5,69.0,13.6,90.0,684.9,6.0,0.0,0.6,17.4,0.0,33.6,33.6,33.6,7.3,20.2,305.0,1010.6,1010.6,2.7,5.2
2024-04-20 13:14:08+02:00,9.2,7.9,6.1,4.5,72.0,13.7,90.0,89.3,0.0,0.0,0.6,17.4,0.0,33.6,33.6,33.6,9.7,28.4,285.0,1010.8,1010.8,2.7,5.2
2024-04-20 13:20:32+02:00,8.4,6.9,5.2,4.1,75.0,13.7,90.0,192.7,1.0,0.0,0.6,17.4,0.0,33.6,33.6,33.6,10.1,31.3,272.0,1010.8,1010.8,2.7,5.2
2024-04-20 13:24:48+02:00,8.6,7.3,5.6,4.3,74.0,13.8,89.0,618.7,5.0,0.0,0.6,17.4,0.0,33.6,33.6,33.6,9.1,20.5,277.0,1010.8,1010.8,2.7,5.2
2024-04-20 13:29:04+02:00,9.6,7.8,5.7,4.3,70.0,13.9,89.0,536.9,4.0,0.0,0.6,17.4,0.0,33.6,33.6,33.6,13.5,23.4,286.0,1010.8,1010.8,2.7,5.2
2024-04-20 13:35:28+02:00,9.6,8.0,6.1,4.0,68.0,14.0,89.0,541.1,5.0,0.0,0.6,17.4,0.0,33.6,33.6,33.6,11.0,23.4,272.0,1010.9,1010.9,2.7,5.2
2024-04-20 13:39:44+02:00,9.9,9.5,7.5,3.6,65.0,14.2,89.0,521.7,4.0,0.0,0.6,17.4,0.0,33.6,33.6,33.6,5.2,15.5,219.0,1010.8,1010.8,2.7,5.2
2024-04-20 13:44:00+02:00,10.2,10.2,7.7,3.7,64.0,14.2,90.0,512.9,4.0,0.0,0.6,17.4,0.0,33.6,33.6,33.6,5.6,16.9,291.0,1010.9,1010.9,2.7,5.2
2024-04-20 13:50:24+02:00,10.4,10.4,7.9,3.8,64.0,14.3,90.0,494.1,4.0,0.0,0.6,17.4,0.0,33.6,33.6,33.6,5.6,17.6,285.0,1010.9,1010.9,2.7,5.2
2024-04-20 13:54:40+02:00,10.5,10.5,7.4,3.2,61.0,14.4,90.0,525.3,4.0,0.0,0.6,17.4,0.0,33.6,33.6,33.6,8.3,19.1,277.0,1010.8,1010.8,2.7,5.2
2024-04-20 13:58:56+02:00,10.5,10.5,7.7,3.5,62.0,14.5,90.0,574.0,5.0,0.0,0.6,17.4,0.0,33.6,33.6,33.6,7.1,19.8,275.0,1010.8,1010.8,2.7,5.2
2024-04-20 14:05:20+02:00,10.7,10.7,8.0,3.9,63.0,14.7,90.0,564.9,5.0,0.0,0.6,17.4,0.0,33.6,33.6,33.6,6.8,15.8,262.0,1010.8,1010.8,2.7,5.2
2024-04-20 14:09:36+02:00,10.7,10.7,8.5,4.2,64.0,14.8,90.0,179.6,1.0,0.0,0.6,17.4,0.0,33.6,33.6,33.6,4.6,15.5,308.0,1010.8,1010.8,2.7,5.2
2024-04-20 14:16:00+02:00,10.0,9.6,7.7,5.0,71.0,15.0,90.0,71.3,0.0,2.4,1.0,17.8,0.4,34.0,34.0,34.0,5.8,24.8,259.0,1010.9,1010.9,2.7,5.2
2024-04-20 14:20:16+02:00,8.5,7.7,6.1,4.9,78.0,15.0,89.0,156.6,1.0,3.0,1.1,17.9,0.5,34.1,34.1,34.1,6.4,16.6,248.0,1010.9,1010.9,2.7,5.2
2024-04-20 14:24:32+02:00,8.3,8.1,6.3,4.8,79.0,15.1,89.0,495.5,4.0,3.0,1.1,17.9,0.5,34.1,34.1,34.1,4.1,9.4,267.0,1011.0,1011.0,2.7,5.2
2024-04-20 14:30:56+02:00,9.5,9.1,7.4,5.3,75.0,15.1,89.0,738.9,6.0,0.0,1.1,17.9,0.5,34.1,34.1,34.1,5.1,14.4,149.0,1010.9,1010.9,2.7,5.2
2024-04-20 14:35:12+02:00,10.2,9.5,6.7,5.8,74.0,15.2,89.0,614.7,5.0,1.2,1.3,18.1,0.7,34.3,34.3,34.3,12.8,31.7,291.0,1011.0,1011.0,2.7,5.2
2024-04-20 14:39:28+02:00,8.0,7.0,5.6,5.0,82.0,15.2,88.0,137.0,1.0,3.6,1.7,18.5,1.1,34.7,34.7,34.7,6.2,31.7,282.0,1011.1,1011.1,2.7,5.2
2024-04-20 14:45:52+02:00,7.5,7.3,5.6,4.8,83.0,15.2,88.0,204.4,1.0,3.6,1.7,18.5,1.1,34.7,34.7,34.7,3.9,13.0,274.0,1011.0,1011.0,2.7,5.2
2024-04-20 14:50:08+02:00,8.0,7.8,6.2,5.3,83.0,15.2,88.0,675.3,6.0,0.0,1.7,18.5,1.1,34.7,34.7,34.7,4.2,10.4,288.0,1011.1,1011.1,2.7,5.2
2024-04-20 14:54:24+02:00,8.7,7.9,6.5,5.4,79.0,15.2,88.0,680.0,6.0,0.6,1.8,18.6,1.2,34.8,34.8,34.8,6.2,15.5,255.0,1011.2,1011.2,2.7,5.2
2024-04-20 15:00:48+02:00,9.1,8.2,6.5,5.2,76.0,15.2,88.0,628.3,5.0,0.6,1.8,18.6,1.2,34.8,34.8,34.8,7.8,14.8,279.0,1011.2,1011.2,2.7,5.2
2024-04-20 15:05:04+02:00,9.7,8.9,7.0,5.3,74.0,15.2,88.0,609.0,5.0,0.6,1.8,18.6,1.2,34.8,34.8,34.8,8.9,15.8,278.0,1011.1,1011.1,2.7,5.2
2024-04-20 15:09:20+02:00,9.9,9.2,7.0,5.0,71.0,15.2,88.0,547.2,5.0,0.0,1.8,18.6,1.2,34.8,34.8,34.8,9.6,19.4,270.0,1011.0,1011.0,2.7,5.2
2024-04-20 15:15:44+02:00,10.1,10.1,7.6,4.7,69.0,15.3,88.0,570.4,5.0,0.0,1.8,18.6,0.7,34.8,34.8,34.8,6.6,15.5,210.0,1011.2,1011.2,2.7,5.2
2024-04-20 15:20:00+02:00,10.8,10.8,8.5,5.1,68.0,15.3,88.0,585.1,5.0,0.0,1.8,18.6,0.7,34.8,34.8,34.8,6.0,10.4,278.0,1011.1,1011.1,2.7,5.2
2024-04-20 15:24:16+02:00,11.1,11.1,9.0,4.8,65.0,15.4,88.0,555.8,5.0,0.0,1.8,18.6,0.7,34.8,34.8,34.8,4.6,18.7,254.0,1011.1,1011.1,2.7,5.2
2024-04-20 15:30:40+02:00,11.6,11.6,10.0,5.2,65.0,15.5,88.0,361.9,3.0,0.0,1.8,18.6,0.7,34.8,34.8,34.8,2.4,9.0,97.0,1011.0,1011.0,2.7,5.2
2024-04-20 15:34:56+02:00,10.7,10.5,7.8,5.0,68.0,15.5,89.0,115.6,1.0,0.0,1.8,18.6,0.4,34.8,34.8,34.8,9.2,22.7,274.0,1011.2,1011.2,2.7,5.2
2024-04-20 15:39:12+02:00,8.9,6.7,4.9,4.5,74.0,15.6,88.0,40.4,0.0,0.6,1.9,18.7,0.2,34.9,34.9,34.9,14.3,31.0,284.0,1011.3,1011.3,2.7,5.2
2024-04-20 15:45:36+02:00,7.5,6.6,5.1,4.7,83.0,15.6,88.0,37.9,0.0,1.2,2.0,18.8,0.3,35.0,35.0,35.0,6.2,22.7,296.0,1011.4,1011.4,2.7,5.2
2024-04-20 15:49:52+02:00,7.2,7.2,5.7,4.9,85.0,15.6,88.0,70.2,0.0,1.2,2.0,18.8,0.3,35.0,35.0,35.0,1.8,6.1,247.0,1011.3,1011.3,2.7,5.2
2024-04-20 15:54:08+02:00,7.1,7.1,5.5,4.9,86.0,15.6,88.0,187.3,1.0,0.6,2.0,18.8,0.2,35.0,35.0,35.0,2.4,6.1,136.0,1011.2,1011.2,2.7,5.2
2024-04-20 16:00:32+02:00,7.4,7.3,5.8,5.2,86.0,15.5,88.0,210.5,1.0,0.0,2.0,18.8,0.2,35.0,35.0,35.0,2.7,6.1,117.0,1011.2,1011.2,2.7,5.2
2024-04-20 16:04:48+02:00,7.7,7.6,6.3,5.3,85.0,15.5,88.0,477.4,4.0,0.0,2.0,18.8,0.2,35.0,35.0,35.0,1.7,11.5,156.0,1011.1,1011.1,2.7,5.2
2024-04-20 16:09:04+02:00,8.6,8.4,7.1,5.8,83.0,15.5,87.0,506.6,4.0,0.0,2.0,18.8,0.2,35.0,35.0,35.0,2.7,9.7,158.0,1011.0,1011.0,2.7,5.2
2024-04-20 16:15:28+02:00,9.0,8.7,7.5,5.8,80.0,15.5,87.0,407.7,3.0,0.0,2.0,18.8,0.2,35.0,35.0,35.0,2.7,13.0,132.0,1011.0,1011.0,2.7,5.2
2024-04-20 16:19:44+02:00,9.4,9.4,8.1,5.9,79.0,15.4,87.0,432.1,4.0,0.0,2.0,18.8,0.2,35.0,35.0,35.0,2.0,5.8,246.0,1010.8,1010.8,2.7,5.2
2024-04-20 16:24:00+02:00,9.6,9.5,7.7,5.7,77.0,15.4,88.0,478.0,4.0,0.0,2.0,18.8,0.2,35.0,35.0,35.0,4.5,7.9,169.0,1010.7,1010.7,2.7,5.2
2024-04-20 16:30:24+02:00,10.4,10.4,8.4,6.0,74.0,15.4,88.0,462.4,4.0,0.6,2.1,18.9,0.3,35.1,35.1,35.1,5.6,19.1,282.0,1010.7,1010.7,2.7,5.2
2024-04-20 16:34:40+02:00,10.4,10.4,8.7,5.6,72.0,15.4,88.0,403.1,3.0,0.6,2.1,18.9,0.3,35.1,35.1,35.1,3.9,19.1,296.0,1010.6,1010.6,2.7,5.2
2024-04-20 16:41:04+02:00,10.5,10.5,8.5,5.6,72.0,15.4,88.0,425.6,3.0,0.0,2.1,18.9,0.2,35.1,35.1,35.1,5.3,13.7,242.0,1010.6,1010.6,2.7,5.2
2024-04-20 16:45:20+02:00,10.0,9.6,7.8,5.1,72.0,15.4,88.0,255.2,2.0,0.0,2.1,18.9,0.1,35.1,35.1,35.1,5.8,17.3,245.0,1010.6,1010.6,2.7,5.2
2024-04-20 16:49:36+02:00,9.9,9.4,7.5,4.9,71.0,15.5,88.0,153.3,1.0,0.0,2.1,18.9,0.1,35.1,35.1,35.1,6.7,17.3,286.0,1010.5,1010.5,2.7,5.2
2024-04-20 16:56:00+02:00,9.7,9.1,7.3,5.2,73.0,15.5,88.0,66.6,0.0,0.0,2.1,18.9,0.1,35.1,35.1,35.1,6.5,23.4,271.0,1010.7,1010.7,2.7,5.2
2024-04-20 17:00:16+02:00,8.7,8.0,6.3,5.1,78.0,15.5,88.0,127.9,1.0,0.0,2.1,18.9,0.1,35.1,35.1,35.1,6.3,16.6,204.0,1010.6,1010.6,2.7,5.2
2024-04-20 17:04:32+02:00,8.3,8.2,6.5,5.1,80.0,15.5,88.0,166.4,1.0,0.0,2.1,18.9,0.1,35.1,35.1,35.1,3.6,7.9,258.0,1010.6,1010.6,2.7,5.2
2024-04-20 17:10:56+02:00,8.4,8.4,7.0,5.3,81.0,15.5,88.0,356.4,3.0,0.0,2.1,18.9,0.1,35.1,35.1,35.1,2.1,6.5,112.0,1010.6,1010.6,2.7,5.2
2024-04-20 17:15:12+02:00,8.8,8.6,7.0,5.5,79.0,15.5,88.0,345.1,3.0,0.0,2.1,18.9,0.1,35.1,35.1,35.1,4.0,9.4,271.0,1010.5,1010.5,2.7,5.2
2024-04-20 17:19:28+02:00,9.7,9.4,7.8,5.9,77.0,15.5,88.0,371.4,3.0,0.0,2.1,18.9,0.1,35.1,35.1,35.1,5.0,9.7,159.0,1010.6,1010.6,2.7,5.2
2024-04-20 17:25:52+02:00,10.4,10.4,8.7,6.1,74.0,15.4,88.0,380.6,3.0,0.0,2.1,18.9,0.1,35.1,35.1,35.1,4.0,9.4,161.0,1010.5,1010.5,2.7,5.2
2024-04-20 17:30:08+02:00,10.4,10.3,8.8,6.1,75.0,15.5,88.0,121.0,1.0,0.0,2.1,18.9,0.0,35.1,35.1,35.1,3.6,8.6,269.0,1010.4,1010.4,2.7,5.2
2024-04-20 17:34:24+02:00,9.8,9.7,8.1,5.5,75.0,15.5,88.0,85.0,0.0,0.0,2.1,18.9,0.0,35.1,35.1,35.1,3.7,7.6,230.0,1010.4,1010.4,2.7,5.2
2024-04-20 17:40:48+02:00,9.4,9.2,7.7,5.5,76.0,15.5,88.0,38.3,0.0,0.6,2.2,19.0,0.1,35.2,35.2,35.2,3.5,9.0,275.0,1010.5,1010.5,2.7,5.2
2024-04-20 17:45:04+02:00,8.6,6.8,5.2,5.4,80.0,15.5,88.0,29.3,0.0,1.2,2.3,19.1,0.2,35.3,35.3,35.3,12.1,34.9,288.0,1010.6,1010.6,2.7,5.2
2024-04-20 17:49:20+02:00,7.5,6.6,5.2,5.1,84.0,15.4,87.0,30.0,0.0,1.2,2.4,19.2,0.3,35.4,35.4,35.4,6.5,34.9,294.0,1010.7,1010.7,2.7,5.2
2024-04-20 17:55:44+02:00,7.2,6.7,5.1,5.2,87.0,15.4,87.0,30.8,0.0,1.8,2.6,19.4,0.5,35.6,35.6,35.6,5.1,12.6,291.0,1010.7,1010.7,2.7,5.2
2024-04-20 18:00:00+02:00,7.0,6.7,5.2,5.2,88.0,15.3,87.0,103.0,0.0,1.8,2.7,19.5,0.6,35.7,35.7,35.7,3.5,14.0,306.0,1010.6,1010.6,2.7,5.2
2024-04-20 18:04:16+02:00,7.0,7.0,5.6,5.3,89.0,15.2,87.0,152.6,1.0,1.2,2.7,19.5,0.6,35.7,35.7,35.7,1.9,7.6,295.0,1010.6,1010.6,2.7,5.2
2024-04-20 18:10:40+02:00,7.2,7.2,5.8,5.6,89.0,15.2,87.0,157.2,1.0,0.6,2.7,19.5,0.6,35.7,35.7,35.7,2.3,6.5,318.0,1010.4,1010.4,2.7,5.2
2024-04-20 18:14:56+02:00,7.4,7.4,6.1,5.7,89.0,15.1,87.0,114.4,1.0,0.0,2.7,19.5,0.6,35.7,35.7,35.7,1.4,3.6,356.0,1010.4,1010.4,2.7,5.2
2024-04-20 18:19:12+02:00,7.4,7.4,5.8,5.8,90.0,15.1,87.0,35.9,0.0,0.0,2.7,19.5,0.6,35.7,35.7,35.7,3.2,4.7,337.0,1010.5,1010.5,2.7,5.2
2024-04-20 18:25:36+02:00,7.2,7.2,5.8,5.7,90.0,15.0,87.0,36.8,0.0,0.6,2.8,19.6,0.7,35.8,35.8,35.8,2.3,6.5,347.0,1010.3,1010.3,2.7,5.2
2024-04-20 18:29:52+02:00,7.3,7.3,6.2,5.9,91.0,15.0,87.0,34.6,0.0,1.2,2.9,19.7,0.8,35.9,35.9,35.9,0.8,5.4,330.0,1010.4,1010.4,2.7,5.2
2024-04-20 18:34:08+02:00,7.3,7.3,6.0,6.0,92.0,14.9,87.0,28.2,0.0,1.2,3.0,19.8,0.9,36.0,36.0,36.0,1.9,5.4,295.0,1010.3,1010.3,2.7,5.2
2024-04-20 18:40:32+02:00,7.1,6.9,5.5,6.0,93.0,14.9,87.0,13.3,0.0,1.2,3.1,19.9,0.9,36.1,36.1,36.1,3.3,5.4,300.0,1010.4,1010.4,2.7,5.2
2024-04-20 18:44:48+02:00,7.0,6.8,5.5,5.8,92.0,14.8,87.0,10.1,0.0,1.8,3.3,20.1,1.0,36.3,36.3,36.3,3.1,8.3,266.0,1010.4,1010.4,2.7,5.1
2024-04-20 18:49:04+02:00,6.7,6.5,4.9,5.2,90.0,14.7,87.0,7.5,0.0,5.4,4.0,20.8,1.5,37.0,37.0,37.0,3.8,7.2,232.0,1010.4,1010.4,2.7,5.1
2024-04-20 18:55:28+02:00,6.5,6.5,4.8,5.0,90.0,14.6,87.0,5.2,0.0,9.0,4.8,21.6,2.2,37.8,37.8,37.8,2.7,14.4,249.0,1010.3,1010.3,2.7,5.1
2024-04-20 18:59:44+02:00,6.3,6.1,4.6,5.0,92.0,14.5,87.0,11.9,0.0,10.8,5.6,22.4,2.9,38.6,38.6,38.6,3.0,7.9,108.0,1010.3,1010.3,2.7,5.1
2024-04-20 19:04:00+02:00,6.2,6.2,4.5,5.2,93.0,14.4,87.0,9.6,0.0,8.4,5.8,22.6,3.1,38.8,38.8,38.8,3.3,8.6,238.0,1010.5,1010.5,2.7,5.1
2024-04-20 19:10:24+02:00,6.1,6.1,4.6,5.2,94.0,14.3,87.0,9.2,0.0,4.2,6.3,23.1,3.6,39.3,39.3,39.3,1.8,7.2,260.0,1010.6,1010.6,2.7,5.1
2024-04-20 19:14:40+02:00,5.9,5.4,4.1,5.0,94.0,14.2,87.0,11.1,0.0,6.0,6.8,23.6,4.1,39.8,39.8,39.8,3.7,9.4,187.0,1010.5,1010.5,2.7,5.0
2024-04-20 19:18:56+02:00,5.9,5.9,4.4,5.0,94.0,14.1,87.0,52.2,0.0,6.0,7.3,24.1,4.6,40.3,40.3,40.3,1.9,6.1,102.0,1010.4,1010.4,2.7,5.0
2024-04-20 19:25:20+02:00,5.9,5.9,4.3,5.2,95.0,14.0,87.0,79.0,0.0,4.8,7.3,24.1,4.5,40.3,40.3,40.3,2.7,5.4,55.0,1010.3,1010.3,2.7,5.0
2024-04-20 19:29:36+02:00,6.1,6.1,4.9,5.4,95.0,13.9,87.0,54.2,0.0,2.4,7.3,24.1,4.4,40.3,40.3,40.3,0.5,2.9,73.0,1010.3,1010.3,2.7,5.0
2024-04-20 19:36:00+02:00,5.9,5.9,4.7,5.2,95.0,13.8,87.0,35.0,0.0,0.0,7.3,24.1,4.3,40.3,40.3,40.3,0.7,2.5,308.0,1010.3,1010.3,2.7,5.0
2024-04-20 19:40:16+02:00,5.9,5.9,4.9,5.2,95.0,13.7,87.0,33.4,0.0,0.0,7.3,24.1,4.2,40.3,40.3,40.3,0.0,2.5,119.0,1010.3,1010.3,2.7,5.0
2024-04-20 19:44:32+02:00,6.0,6.0,4.8,5.3,95.0,13.7,87.0,26.6,0.0,0.0,7.3,24.1,4.0,40.3,40.3,40.3,0.6,3.2,126.0,1010.4,1010.4,2.7,5.0
2024-04-20 19:50:56+02:00,6.0,6.0,4.8,5.3,95.0,13.6,87.0,24.4,0.0,0.0,7.3,24.1,3.2,40.3,40.3,40.3,0.8,3.6,212.0,1010.4,1010.4,2.7,5.0
2024-04-20 19:55:12+02:00,6.0,6.0,4.8,5.3,95.0,13.5,87.0,17.4,0.0,0.0,7.3,24.1,2.3,40.3,40.3,40.3,0.6,2.5,94.0,1010.5,1010.5,2.7,5.0
2024-04-20 19:59:28+02:00,6.0,6.0,4.7,5.3,95.0,13.4,87.0,15.3,0.0,0.0,7.3,24.1,1.7,40.3,40.3,40.3,1.0,4.7,227.0,1010.5,1010.5,2.7,5.0
2024-04-20 20:05:52+02:00,6.0,6.0,4.8,5.3,95.0,13.3,87.0,9.7,0.0,0.0,7.3,24.1,1.4,40.3,40.3,40.3,0.6,4.0,89.0,1010.4,1010.4,2.7,5.0
2024-04-20 20:10:08+02:00,6.0,6.0,4.8,5.3,95.0,13.3,87.0,7.1,0.0,0.0,7.3,24.1,0.9,40.3,40.3,40.3,0.8,4.3,159.0,1010.4,1010.4,2.7,5.0
2024-04-20 20:14:24+02:00,6.0,6.0,4.8,5.3,95.0,13.2,87.0,6.0,0.0,0.0,7.3,24.1,0.4,40.3,40.3,40.3,1.0,3.6,103.0,1010.5,1010.5,2.7,5.0
2024-04-20 20:20:48+02:00,6.1,6.1,4.7,5.4,95.0,13.2,87.0,4.9,0.0,0.0,7.3,24.1,0.0,40.3,40.3,40.3,1.7,4.7,107.0,1010.6,1010.6,2.7,5.0
2024-04-20 20:25:04+02:00,6.1,6.1,4.9,5.4,95.0,13.2,87.0,4.4,0.0,0.0,7.3,24.1,0.0,40.3,40.3,40.3,0.8,4.0,350.0,1010.5,1010.5,2.7,5.0
2024-04-20 20:29:20+02:00,6.1,6.1,5.1,5.5,96.0,13.1,87.0,2.0,0.0,0.0,7.3,24.1,0.0,40.3,40.3,40.3,0.0,2.9,113.0,1010.6,1010.6,2.7,5.0
2024-04-20 20:35:44+02:00,6.1,6.1,4.9,5.5,96.0,13.0,87.0,1.6,0.0,0.0,7.3,24.1,0.0,40.3,40.3,40.3,0.9,4.7,108.0,1010.6,1010.6,2.7,5.0
2024-04-20 20:40:00+02:00,6.2,6.2,5.1,5.5,96.0,13.0,87.0,1.1,0.0,0.0,7.3,24.1,0.0,40.3,40.3,40.3,0.4,3.2,103.0,1010.7,1010.7,2.7,5.0
2024-04-20 20:44:16+02:00,6.2,6.2,4.9,5.6,96.0,13.0,87.0,0.3,0.0,0.0,7.3,24.1,0.0,40.3,40.3,40.3,1.4,3.6,115.0,1010.7,1010.7,2.7,5.0
2024-04-20 20:50:40+02:00,6.2,6.2,5.1,5.6,96.0,12.9,87.0,0.2,0.0,0.0,7.3,24.1,0.0,40.3,40.3,40.3,0.8,2.9,160.0,1010.7,1010.7,2.7,5.0
2024-04-20 20:54:56+02:00,6.3,5.3,4.4,5.7,96.0,12.9,87.0,0.0,0.0,0.6,7.4,24.2,0.1,40.4,40.4,40.4,4.6,13.3,255.0,1010.9,1010.9,2.7,5.0
2024-04-20 20:59:12+02:00,6.1,4.2,3.3,5.4,95.0,12.8,87.0,0.0,0.0,3.0,7.8,24.6,0.5,40.8,40.8,40.8,9.4,23.8,306.0,1011.0,1011.0,2.7,5.0
2024-04-20 21:05:36+02:00,5.7,5.5,3.9,4.8,94.0,12.7,87.0,0.0,0.0,3.6,8.0,24.8,0.7,41.0,41.0,41.0,3.5,15.1,286.0,1010.8,1010.8,2.7,4.9
2024-04-20 21:09:52+02:00,5.8,5.6,4.0,4.9,94.0,12.7,87.0,0.0,0.0,2.4,8.0,24.8,0.7,41.0,41.0,41.0,3.2,6.8,303.0,1010.8,1010.8,2.7,4.9
2024-04-20 21:14:08+02:00,5.8,5.8,4.2,5.0,95.0,12.6,87.0,0.0,0.0,1.2,8.0,24.8,0.7,41.0,41.0,41.0,2.4,6.5,275.0,1011.0,1011.0,2.7,4.9
2024-04-20 21:20:32+02:00,5.8,5.8,4.4,5.0,95.0,12.5,87.0,0.0,0.0,0.6,8.1,24.9,0.8,41.1,41.1,41.1,1.2,3.6,277.0,1011.0,1011.0,2.7,4.9
2024-04-20 21:24:48+02:00,5.8,5.8,4.3,5.0,95.0,12.5,87.0,0.0,0.0,0.6,8.1,24.9,0.8,41.1,41.1,41.1,1.6,5.4,331.0,1011.1,1011.1,2.7,4.9
2024-04-20 21:29:04+02:00,5.8,5.8,4.3,5.1,95.0,12.4,87.0,0.0,0.0,0.6,8.1,24.9,0.8,41.1,41.1,41.1,2.2,4.7,279.0,1011.2,1011.2,2.7,4.9
2024-04-20 21:35:28+02:00,5.8,5.8,4.4,5.0,95.0,12.3,87.0,0.0,0.0,0.0,8.1,24.9,0.8,41.1,41.1,41.1,1.4,4.0,258.0,1011.2,1011.2,2.7,4.9
2024-04-20 21:39:44+02:00,5.7,5.7,4.6,5.0,95.0,12.3,87.0,0.0,0.0,0.0,8.1,24.9,0.8,41.1,41.1,41.1,0.0,2.5,272.0,1011.1,1011.1,2.7,4.9
2024-04-20 21:44:00+02:00,5.7,5.7,4.3,5.0,95.0,12.3,87.0,0.0,0.0,0.0,8.1,24.9,0.8,41.1,41.1,41.1,1.3,2.9,18.0,1011.1,1011.1,2.7,4.9
2024-04-20 21:50:24+02:00,5.7,5.7,4.4,5.1,96.0,12.2,87.0,0.0,0.0,0.0,8.1,24.9,0.8,41.1,41.1,41.1,1.2,2.9,73.0,1011.0,1011.0,2.7,4.9
2024-04-20 21:54:40+02:00,5.7,5.7,4.5,5.1,96.0,12.2,87.0,0.0,0.0,0.0,8.1,24.9,0.5,41.1,41.1,41.1,0.5,2.5,118.0,1011.0,1011.0,2.7,4.8
2024-04-20 22:01:04+02:00,5.6,5.6,4.2,5.0,96.0,12.1,87.0,0.0,0.0,0.0,8.1,24.9,0.3,41.1,41.1,41.1,1.2,2.9,113.0,1011.0,1011.0,2.7,4.8
2024-04-20 22:05:20+02:00,5.7,5.7,4.2,5.1,96.0,12.1,87.0,0.0,0.0,0.0,8.1,24.9,0.1,41.1,41.1,41.1,1.9,5.0,277.0,1011.1,1011.1,2.7,4.8
2024-04-20 22:09:36+02:00,5.8,4.9,3.6,5.2,96.0,12.0,87.0,0.0,0.0,1.8,8.4,25.2,0.4,41.4,41.4,41.4,5.9,11.2,275.0,1011.2,1011.2,2.7,4.8
2024-04-20 22:16:00+02:00,5.8,5.4,3.9,5.2,96.0,12.0,87.0,0.0,0.0,2.4,8.5,25.3,0.5,41.5,41.5,41.5,4.2,9.7,274.0,1011.2,1011.2,2.7,4.8
2024-04-20 22:20:16+02:00,5.8,5.3,3.9,5.1,96.0,11.9,87.0,0.0,0.0,1.2,8.5,25.3,0.4,41.5,41.5,41.5,3.9,9.0,281.0,1011.3,1011.3,2.7,4.8
2024-04-20 22:24:32+02:00,5.7,5.1,3.8,5.1,96.0,11.9,87.0,0.0,0.0,0.6,8.5,25.3,0.4,41.5,41.5,41.5,4.2,12.6,288.0,1011.3,1011.3,2.7,4.8
2024-04-20 22:30:56+02:00,5.8,5.2,4.0,5.1,96.0,11.8,87.0,0.0,0.0,0.0,8.5,25.3,0.4,41.5,41.5,41.5,3.4,9.7,288.0,1011.3,1011.3,2.7,4.8
2024-04-20 22:35:12+02:00,5.7,4.1,3.0,5.0,95.0,11.8,87.0,0.0,0.0,0.0,8.5,25.3,0.4,41.5,41.5,41.5,8.4,19.4,290.0,1011.3,1011.3,2.7,4.8
2024-04-20 22:39:28+02:00,5.8,4.0,2.9,4.8,94.0,11.7,87.0,0.0,0.0,0.0,8.5,25.3,0.4,41.5,41.5,41.5,8.9,19.8,289.0,1011.3,1011.3,2.7,4.8
2024-04-20 22:45:52+02:00,5.8,4.3,3.0,4.7,93.0,11.7,87.0,0.0,0.0,0.0,8.5,25.3,0.4,41.5,41.5,41.5,7.9,20.2,285.0,1011.4,1011.4,2.7,4.8
2024-04-20 22:50:08+02:00,5.7,4.2,3.0,4.7,93.0,11.6,86.0,0.0,0.0,0.0,8.5,25.3,0.4,41.5,41.5,41.5,7.9,17.3,290.0,1011.4,1011.4,2.7,4.8
2024-04-20 22:54:24+02:00,5.6,3.8,2.8,4.6,93.0,11.6,86.0,0.0,0.0,0.0,8.5,25.3,0.4,41.5,41.5,41.5,8.5,14.8,295.0,1011.4,1011.4,2.7,4.7
2024-04-20 23:00:48+02:00,5.5,3.2,2.2,4.4,92.0,11.5,86.0,0.0,0.0,0.0,8.5,25.3,0.4,41.5,41.5,41.5,10.5,24.5,299.0,1011.5,1011.5,2.7,4.7
2024-04-20 23:05:04+02:00,5.4,3.1,2.0,3.8,90.0,11.5,86.0,0.0,0.0,0.0,8.5,25.3,0.4,41.5,41.5,41.5,10.6,24.1,278.0,1011.5,1011.5,2.7,4.7
2024-04-20 23:09:20+02:00,5.3,3.2,2.1,3.7,90.0,11.4,86.0,0.0,0.0,0.0,8.5,25.3,0.1,41.5,41.5,41.5,9.4,22.3,302.0,1011.6,1011.6,2.7,4.7
2024-04-20 23:15:44+02:00,5.2,4.0,2.6,3.7,90.0,11.3,86.0,0.0,0.0,0.0,8.5,25.3,0.0,41.5,41.5,41.5,6.3,15.8,290.0,1011.6,1011.6,2.7,4.7
2024-04-20 23:20:00+02:00,5.2,3.9,2.6,3.5,89.0,11.3,86.0,0.0,0.0,0.0,8.5,25.3,0.0,41.5,41.5,41.5,6.2,25.6,276.0,1011.7,1011.7,2.7,4.7
2024-04-20 23:24:16+02:00,5.2,4.2,2.6,3.5,89.0,11.2,86.0,0.0,0.0,0.0,8.5,25.3,0.0,41.5,41.5,41.5,6.1,16.9,297.0,1011.7,1011.7,2.7,4.7
2024-04-20 23:30:40+02:00,5.1,4.3,2.5,3.5,90.0,11.2,86.0,0.0,0.0,0.0,8.5,25.3,0.0,41.5,41.5,41.5,6.0,17.6,289.0,1011.8,1011.8,2.7,4.7
2024-04-20 23:34:56+02:00,5.1,5.1,3.0,3.5,90.0,11.1,86.0,0.0,0.0,0.0,8.5,25.3,0.0,41.5,41.5,41.5,3.6,14.8,296.0,1011.7,1011.7,2.7,4.7
2024-04-20 23:39:12+02:00,5.0,4.0,2.6,3.4,90.0,11.1,86.0,0.0,0.0,0.0,8.5,25.3,0.0,41.5,41.5,41.5,5.3,12.6,300.0,1011.7,1011.7,2.7,4.7
2024-04-20 23:45:36+02:00,5.0,4.5,2.7,3.5,90.0,11.0,86.0,0.0,0.0,0.0,8.5,25.3,0.0,41.5,41.5,41.5,4.6,10.8,287.0,1011.6,1011.6,2.7,4.7
2024-04-20 23:49:52+02:00,5.0,5.0,3.1,3.5,90.0,11.0,86.0,0.0,0.0,0.0,8.5,25.3,0.0,41.5,41.5,41.5,2.4,6.1,298.0,1011.6,1011.6,2.7,4.7
2024-04-20 23:54:08+02:00,5.0,5.0,3.4,3.6,91.0,10.9,86.0,0.0,0.0,0.0,8.5,25.3,0.0,41.5,41.5,41.5,1.1,4.0,294.0,1011.8,1011.8,2.7,4.7
2024-04-21 00:00:32+02:00,5.0,4.8,3.2,3.6,91.0,10.9,86.0,0.0,0.0,0.0,0.0,25.3,0.0,0.0,41.5,41.5,2.0,7.6,256.0,1011.8,1011.8,2.7,4.7
2024-04-21 00:04:48+02:00,5.0,5.0,3.6,3.7,91.0,10.9,86.0,0.0,0.0,0.0,0.0,25.3,0.0,0.0,41.5,41.5,0.4,2.9,242.0,1011.9,1011.9,2.7,4.7
2024-04-21 00:09:04+02:00,4.9,4.5,3.0,3.7,92.0,10.8,87.0,0.0,0.0,0.0,0.0,25.3,0.0,0.0,41.5,41.5,2.7,7.9,278.0,1011.8,1011.8,2.7,4.7
2024-04-21 00:15:28+02:00,4.9,4.9,3.1,3.5,90.0,10.8,87.0,0.0,0.0,0.0,0.0,25.3,0.0,0.0,41.5,41.5,1.7,6.5,265.0,1011.9,1011.9,2.7,4.7
2024-04-21 00:19:44+02:00,4.9,4.6,2.8,3.3,89.0,10.8,87.0,0.0,0.0,0.0,0.0,25.3,0.0,0.0,41.5,41.5,3.5,7.9,284.0,1011.8,1011.8,2.7,4.7
2024-04-21 00:24:00+02:00,4.9,4.7,2.6,3.1,88.0,10.7,87.0,0.0,0.0,0.0,0.0,25.3,0.0,0.0,41.5,41.5,4.1,6.5,280.0,1011.9,1011.9,2.7,4.7
2024-04-21 00:30:24+02:00,4.9,4.6,2.8,2.9,87.0,10.7,86.0,0.0,0.0,0.0,0.0,25.3,0.0,0.0,41.5,41.5,2.9,7.6,293.0,1011.8,1011.8,2.7,4.7
2024-04-21 00:34:40+02:00,4.8,4.8,2.7,2.8,87.0,10.7,86.0,0.0,0.0,0.0,0.0,25.3,0.0,0.0,41.5,41.5,2.9,6.8,294.0,1011.8,1011.8,2.7,4.7
2024-04-21 00:38:56+02:00,4.8,4.2,2.5,2.7,87.0,10.6,87.0,0.0,0.0,0.0,0.0,25.3,0.0,0.0,41.5,41.5,4.0,8.3,290.0,1011.8,1011.8,2.7,4.7
2024-04-21 00:45:20+02:00,4.8,4.2,2.3,2.7,86.0,10.6,86.0,0.0,0.0,0.0,0.0,25.3,0.0,0.0,41.5,41.5,4.8,13.0,280.0,1011.8,1011.8,2.7,4.6
2024-04-21 00:49:36+02:00,4.7,4.0,2.3,2.5,86.0,10.5,86.0,0.0,0.0,0.0,0.0,25.3,0.0,0.0,41.5,41.5,4.1,11.9,290.0,1011.7,1011.7,2.7,4.6
2024-04-21 00:56:00+02:00,4.6,4.4,2.5,2.7,87.0,10.5,86.0,0.0,0.0,0.0,0.0,25.3,0.0,0.0,41.5,41.5,2.6,6.1,284.0,1011.8,1011.8,2.7,4.6
2024-04-21 01:00:16+02:00,4.5,4.5,2.3,2.4,87.0,10.5,86.0,0.0,0.0,0.0,0.0,25.3,0.0,0.0,41.5,41.5,3.0,6.8,259.0,1011.7,1011.7,2.7,4.6
2024-04-21 01:04:32+02:00,4.4,4.4,2.6,2.5,87.0,10.4,87.0,0.0,0.0,0.0,0.0,25.3,0.0,0.0,41.5,41.5,1.2,4.3,61.0,1011.7,1011.7,2.7,4.6
2024-04-21 01:10:56+02:00,4.2,4.2,2.3,2.7,90.0,10.4,87.0,0.0,0.0,0.0,0.0,25.3,0.0,0.0,41.5,41.5,2.1,5.8,102.0,1011.7,1011.7,2.7,4.6
2024-04-21 01:15:12+02:00,4.0,3.8,2.0,2.7,91.0,10.4,87.0,0.0,0.0,0.0,0.0,25.3,0.0,0.0,41.5,41.5,2.2,8.3,220.0,1011.7,1011.7,2.7,4.6
2024-04-21 01:19:28+02:00,4.2,4.2,2.3,2.7,90.0,10.3,86.0,0.0,0.0,0.0,0.0,25.3,0.0,0.0,41.5,41.5,1.4,4.7,273.0,1011.6,1011.6,2.7,4.6
2024-04-21 01:25:52+02:00,4.2,4.2,2.3,2.7,90.0,10.3,86.0,0.0,0.0,0.0,0.0,25.3,0.0,0.0,41.5,41.5,1.5,4.7,22.0,1011.6,1011.6,2.7,4.6
2024-04-21 01:30:08+02:00,4.2,4.0,2.2,2.6,89.0,10.3,86.0,0.0,0.0,0.0,0.0,25.3,0.0,0.0,41.5,41.5,2.6,9.7,260.0,1011.6,1011.6,2.7,4.6
2024-04-21 01:34:24+02:00,4.3,3.8,2.2,2.5,89.0,10.2,86.0,0.0,0.0,0.0,0.0,25.3,0.0,0.0,41.5,41.5,2.7,6.1,272.0,1011.6,1011.6,2.7,4.6
2024-04-21 01:40:48+02:00,4.3,4.3,2.1,2.4,88.0,10.2,87.0,0.0,0.0,0.0,0.0,25.3,0.0,0.0,41.5,41.5,2.9,10.1,291.0,1011.4,1011.4,2.7,4.6
2024-04-21 01:45:04+02:00,4.3,3.6,1.7,2.4,87.0,10.1,86.0,0.0,0.0,0.0,0.0,25.3,0.0,0.0,41.5,41.5,5.3,15.8,280.0,1011.5,1011.5,2.7,4.6
2024-04-21 01:49:20+02:00,4.4,3.7,1.9,2.4,87.0,10.1,86.0,0.0,0.0,0.0,0.0,25.3,0.0,0.0,41.5,41.5,4.8,12.6,305.0,1011.6,1011.6,2.7,4.6
2024-04-21 01:55:44+02:00,4.4,3.8,1.8,2.4,87.0,10.1,86.0,0.0,0.0,0.0,0.0,25.3,0.0,0.0,41.5,41.5,4.9,10.8,307.0,1011.5,1011.5,2.7,4.6
2024-04-21 02:00:00+02:00,4.4,3.7,1.9,2.3,86.0,10.1,86.0,0.0,0.0,0.0,0.0,25.3,0.0,0.0,41.5,41.5,4.4,10.4,274.0,1011.4,1011.4,2.7,4.6
2024-04-21 02:04:16+02:00,4.4,3.9,2.0,2.4,87.0,10.0,86.0,0.0,0.0,0.0,0.0,25.3,0.0,0.0,41.5,41.5,4.1,15.8,315.0,1011.4,1011.4,2.7,4.6
2024-04-21 02:10:40+02:00,4.3,3.4,1.7,2.3,87.0,10.0,87.0,0.0,0.0,0.0,0.0,25.3,0.0,0.0,41.5,41.5,5.4,10.8,278.0,1011.5,1011.5,2.7,4.6
2024-04-21 02:14:56+02:00,4.3,3.5,1.8,2.4,88.0,10.0,87.0,0.0,0.0,0.0,0.0,25.3,0.0,0.0,41.5,41.5,5.0,9.0,291.0,1011.4,1011.4,2.7,4.6
2024-04-21 02:19:12+02:00,4.3,4.0,2.0,2.4,88.0,10.0,87.0,0.0,0.0,0.0,0.0,25.3,0.0,0.0,41.5,41.5,3.9,9.4,271.0,1011.5,1011.5,2.7,4.6
2024-04-21 02:25:36+02:00,4.4,3.5,1.7,2.3,86.0,9.9,87.0,0.0,0.0,0.0,0.0,25.3,0.0,0.0,41.5,41.5,5.3,11.9,263.0,1011.3,1011.3,2.7,4.5
2024-04-21 02:29:52+02:00,4.4,3.0,1.6,2.3,86.0,9.9,87.0,0.0,0.0,0.0,0.0,25.3,0.0,0.0,41.5,41.5,6.3,16.2,261.0,1011.2,1011.2,2.7,4.5
2024-04-21 02:34:08+02:00,4.3,2.7,1.3,2.4,88.0,9.9,87.0,0.0,0.0,0.0,0.0,25.3,0.0,0.0,41.5,41.5,7.3,14.4,219.0,1011.2,1011.2,2.7,4.5
2024-04-21 02:40:32+02:00,4.2,3.8,1.9,2.4,88.0,9.9,87.0,0.0,0.0,0.0,0.0,25.3,0.0,0.0,41.5,41.5,3.7,14.4,332.0,1011.2,1011.2,2.7,4.5
2024-04-21 02:44:48+02:00,4.2,3.9,1.8,2.5,89.0,9.8,87.0,0.0,0.0,0.0,0.0,25.3,0.0,0.0,41.5,41.5,4.0,7.9,325.0,1011.2,1011.2,2.7,4.5
2024-04-21 02:49:04+02:00,4.1,4.1,2.1,2.4,89.0,9.8,87.0,0.0,0.0,0.0,0.0,25.3,0.0,0.0,41.5,41.5,2.3,7.9,282.0,1011.1,1011.1,2.7,4.5
2024-04-21 02:55:28+02:00,4.1,4.1,2.2,2.4,89.0,9.8,87.0,0.0,0.0,0.0,0.0,25.3,0.0,0.0,41.5,41.5,1.6,3.6,233.0,1011.2,1011.2,2.7,4.5
2024-04-21 02:59:44+02:00,4.1,3.8,1.9,2.4,89.0,9.8,87.0,0.0,0.0,0.0,0.0,25.3,0.0,0.0,41.5,41.5,3.2,7.9,211.0,1011.2,1011.2,2.7,4.5
2024-04-21 03:04:00+02:00,4.1,3.7,1.6,2.4,89.0,9.8,87.0,0.0,0.0,0.0,0.0,25.3,0.0,0.0,41.5,41.5,4.5,8.6,233.0,1011.1,1011.1,2.68,4.5
2024-04-21 03:10:24+02:00,4.1,2.9,1.2,2.3,88.0,9.8,87.0,0.0,0.0,0.0,0.0,25.3,0.0,0.0,41.5,41.5,6.6,12.2,291.0,1011.2,1011.2,2.69,4.5
2024-04-21 03:14:40+02:00,4.1,2.7,1.2,2.3,88.0,9.7,87.0,0.0,0.0,0.0,0.0,25.3,0.0,0.0,41.5,41.5,6.3,10.8,334.0,1011.1,1011.1,2.72,4.4
2024-04-21 03:21:04+02:00,4.1,2.7,1.2,2.3,88.0,9.7,87.0,0.0,0.0,0.0,0.0,25.3,0.0,0.0,41.5,41.5,6.3,13.3,324.0,1011.0,1011.0,2.72,4.4
2024-04-21 03:25:20+02:00,4.0,3.5,1.6,2.3,88.0,9.7,86.0,0.0,0.0,0.0,0.0,25.3,0.0,0.0,41.5,41.5,3.9,10.1,239.0,1010.9,1010.9,2.7,4.5
2024-04-21 03:29:36+02:00,3.8,3.8,1.7,2.2,89.0,9.7,86.0,0.0,0.0,0.0,0.0,25.3,0.0,0.0,41.5,41.5,2.6,7.9,219.0,1011.0,1011.0,2.7,4.5
2024-04-21 03:36:00+02:00,3.7,3.5,1.2,2.0,88.0,9.7,87.0,0.0,0.0,0.0,0.0,25.3,0.0,0.0,41.5,41.5,4.5,8.6,284.0,1010.9,1010.9,2.68,4.5
2024-04-21 03:40:16+02:00,3.7,3.4,1.2,1.9,88.0,9.6,86.0,0.0,0.0,0.0,0.0,25.3,0.0,0.0,41.5,41.5,4.2,10.8,274.0,1010.9,1010.9,2.69,4.5
2024-04-21 03:44:32+02:00,3.6,3.1,0.9,1.9,89.0,9.6,86.0,0.0,0.0,0.0,0.0,25.3,0.0,0.0,41.5,41.5,4.7,8.6,351.0,1011.0,1011.0,2.72,4.4
2024-04-21 03:50:56+02:00,3.3,2.1,0.6,1.7,89.0,9.5,86.0,0.0,0.0,0.0,0.0,25.3,0.0,0.0,41.5,41.5,5.5,13.7,224.0,1010.9,1010.9,2.72,4.4
2024-04-21 03:55:12+02:00,3.2,3.0,0.8,1.6,89.0,9.5,86.0,0.0,0.0,0.0,0.0,25.3,0.0,0.0,41.5,41.5,3.6,13.7,264.0,1010.8,1010.8,2.7,4.5
2024-04-21 03:59:28+02:00,3.3,3.0,0.9,1.6,89.0,9.5,86.0,0.0,0.0,0.0,0.0,25.3,0.0,0.0,41.5,41.5,3.3,7.9,73.0,1010.8,1010.8,2.7,4.5
2024-04-21 04:05:52+02:00,3.0,2.6,0.8,1.5,90.0,9.5,86.0,0.0,0.0,0.0,0.0,25.3,0.0,0.0,41.5,41.5,2.7,7.9,274.0,1010.7,1010.7,2.7,4.4
2024-04-21 04:10:08+02:00,3.0,3.0,1.0,1.5,90.0,9.4,86.0,0.0,0.0,0.0,0.0,25.3,0.0,0.0,41.5,41.5,1.2,5.4,121.0,1010.8,1010.8,2.7,4.4
2024-04-21 04:14:24+02:00,2.8,1.9,0.0,1.4,91.0,9.3,86.0,0.0,0.0,0.0,0.0,25.3,0.0,0.0,41.5,41.5,5.2,9.4,132.0,1010.8,1010.8,2.72,4.4
2024-04-21 04:20:48+02:00,2.6,2.6,0.3,1.3,91.0,9.3,86.0,0.0,0.0,0.0,0.0,25.3,0.0,0.0,41.5,41.5,2.6,8.6,162.0,1010.8,1010.8,2.72,4.4
2024-04-21 04:25:04+02:00,2.6,1.9,0.0,1.3,91.0,9.3,86.0,0.0,0.0,0.0,0.0,25.3,0.0,0.0,41.5,41.5,3.8,8.6,70.0,1010.8,1010.8,2.7,4.4
2024-04-21 04:29:20+02:00,2.4,2.4,0.2,1.2,92.0,9.2,86.0,0.0,0.0,0.0,0.0,25.3,0.0,0.0,41.5,41.5,2.1,6.5,359.0,1010.7,1010.7,2.7,4.4
2024-04-21 04:35:44+02:00,2.3,2.0,-0.1,1.1,92.0,9.2,86.0,0.0,0.0,0.0,0.0,25.3,0.0,0.0,41.5,41.5,2.8,7.9,134.0,1010.7,1010.7,2.72,4.4
2024-04-21 04:40:00+02:00,2.3,2.0,-0.4,1.1,92.0,9.1,86.0,0.0,0.0,0.0,0.0,25.3,0.0,0.0,41.5,41.5,4.7,9.7,20.0,1010.7,1010.7,2.72,4.4
2024-04-21 04:44:16+02:00,2.4,1.2,-0.6,1.1,91.0,9.1,86.0,0.0,0.0,0.0,0.0,25.3,0.0,0.0,41.5,41.5,5.8,9.0,359.0,1010.7,1010.7,2.72,4.4
2024-04-21 04:50:40+02:00,2.3,1.1,-0.6,1.0,91.0,9.1,86.0,0.0,0.0,0.0,0.0,25.3,0.0,0.0,41.5,41.5,5.9,10.8,48.0,1010.5,1010.5,2.72,4.4
2024-04-21 04:54:56+02:00,2.1,1.5,-0.7,0.9,92.0,9.0,86.0,0.0,0.0,0.0,0.0,25.3,0.0,0.0,41.5,41.5,4.7,7.2,153.0,1010.7,1010.7,2.7,4.4
2024-04-21 04:59:12+02:00,2.0,2.0,-0.4,0.8,92.0,8.9,86.0,0.0,0.0,0.0,0.0,25.3,0.0,0.0,41.5,41.5,2.8,7.2,116.0,1010.6,1010.6,2.7,4.4
2024-04-21 05:05:36+02:00,1.8,1.5,-0.8,0.7,92.0,8.9,86.0,0.0,0.0,0.0,0.0,25.3,0.0,0.0,41.5,41.5,3.7,6.5,88.0,1010.6,1010.6,2.72,4.4
2024-04-21 05:09:52+02:00,1.8,1.8,-0.5,0.8,93.0,8.9,86.0,0.0,0.0,0.0,0.0,25.3,0.0,0.0,41.5,41.5,2.3,5.8,27.0,1010.6,1010.6,2.72,4.4
2024-04-21 05:14:08+02:00,2.0,2.0,-0.4,1.0,93.0,8.8,86.0,0.0,0.0,0.0,0.0,25.3,0.0,0.0,41.5,41.5,2.7,5.8,101.0,1010.7,1010.7,2.7,4.4
2024-04-21 05:20:32+02:00,2.2,0.9,-0.7,1.2,93.0,8.8,86.0,0.0,0.0,0.0,0.0,25.3,0.0,0.0,41.5,41.5,5.1,7.9,120.0,1010.7,1010.7,2.7,4.4
2024-04-21 05:24:48+02:00,2.1,2.1,-0.2,1.1,93.0,8.8,86.0,0.0,0.0,0.0,0.0,25.3,0.0,0.0,41.5,41.5,2.5,7.6,101.0,1010.6,1010.6,2.72,4.3
2024-04-21 05:29:04+02:00,2.1,1.8,-0.3,1.2,94.0,8.7,86.0,0.0,0.0,0.0,0.0,25.3,0.0,0.0,41.5,41.5,3.1,7.2,76.0,1010.6,1010.6,2.72,4.3
2024-04-21 05:35:28+02:00,2.0,1.6,-0.5,1.1,94.0,8.7,86.0,0.0,0.0,0.0,0.0,25.3,0.0,0.0,41.5,41.5,3.2,7.2,92.0,1010.7,1010.7,2.72,4.3
2024-04-21 05:39:44+02:00,2.0,1.7,-0.6,1.1,94.0,8.7,86.0,0.0,0.0,0.0,0.0,25.3,0.0,0.0,41.5,41.5,3.9,7.2,102.0,1010.7,1010.7,2.72,4.3
2024-04-21 05:44:00+02:00,1.9,1.6,-0.6,1.0,94.0,8.6,86.0,0.0,0.0,0.0,0.0,25.3,0.0,0.0,41.5,41.5,3.6,7.6,104.0,1010.7,1010.7,2.72,4.3
2024-04-21 05:50:24+02:00,1.8,1.8,-0.5,1.0,94.0,8.6,86.0,0.0,0.0,0.0,0.0,25.3,0.0,0.0,41.5,41.5,2.2,7.6,119.0,1010.7,1010.7,2.72,4.3
2024-04-21 05:54:40+02:00,1.7,-0.2,-1.4,0.9,94.0,8.6,86.0,0.1,0.0,0.0,0.0,25.3,0.0,0.0,41.5,41.5,6.4,8.6,136.0,1010.7,1010.7,2.7,4.3
2024-04-21 05:58:56+02:00,1.7,1.7,-0.7,0.9,95.0,8.5,86.0,0.3,0.0,0.0,0.0,25.3,0.0,0.0,41.5,41.5,2.7,8.3,114.0,1010.5,1010.5,2.7,4.3
2024-04-21 06:05:20+02:00,1.5,1.1,-1.0,0.8,95.0,8.5,86.0,0.6,0.0,0.0,0.0,25.3,0.0,0.0,41.5,41.5,3.5,6.5,94.0,1010.6,1010.6,2.72,4.3
2024-04-21 06:09:36+02:00,1.5,1.5,-0.8,0.8,95.0,8.4,86.0,1.1,0.0,0.0,0.0,25.3,0.0,0.0,41.5,41.5,2.3,5.8,108.0,1010.6,1010.6,2.72,4.3
2024-04-21 06:16:00+02:00,1.4,1.1,-1.1,0.7,95.0,8.4,86.0,2.0,0.0,0.0,0.0,25.3,0.0,0.0,41.5,41.5,3.2,7.6,102.0,1010.7,1010.7,2.72,4.3
2024-04-21 06:20:16+02:00,1.7,1.7,-0.3,1.0,95.0,8.4,86.0,3.0,0.0,0.0,0.0,25.3,0.0,0.0,41.5,41.5,0.7,5.8,356.0,1010.7,1010.7,2.72,4.3
2024-04-21 06:24:32+02:00,1.8,1.8,-0.5,1.2,96.0,8.4,86.0,4.0,0.0,0.0,0.0,25.3,0.0,0.0,41.5,41.5,2.4,5.4,219.0,1010.7,1010.7,2.7,4.3
2024-04-21 06:30:56+02:00,1.9,1.3,-0.7,1.2,95.0,8.3,86.0,5.6,0.0,0.0,0.0,25.3,0.0,0.0,41.5,41.5,4.2,9.4,20.0,1010.7,1010.7,2.7,4.3
2024-04-21 06:35:12+02:00,2.0,2.0,-0.6,1.3,95.0,8.3,86.0,6.9,0.0,0.0,0.0,25.3,0.0,0.0,41.5,41.5,4.0,9.4,16.0,1010.6,1010.6,2.72,4.3
2024-04-21 06:39:28+02:00,1.9,1.9,-0.6,1.2,95.0,8.3,86.0,7.6,0.0,0.0,0.0,25.3,0.0,0.0,41.5,41.5,3.5,6.8,34.0,1010.6,1010.6,2.72,4.3
2024-04-21 06:45:52+02:00,1.8,1.1,-0.7,1.1,95.0,8.2,86.0,8.0,0.0,0.0,0.0,25.3,0.0,0.0,41.5,41.5,4.0,8.3,69.0,1010.7,1010.7,2.7,4.3
2024-04-21 06:50:08+02:00,2.0,1.1,-0.8,1.2,95.0,8.2,86.0,7.8,0.0,0.0,0.0,25.3,0.0,0.0,41.5,41.5,5.0,8.6,56.0,1010.7,1010.7,2.7,4.3
2024-04-21 06:54:24+02:00,2.1,2.1,-0.3,1.5,96.0,8.2,86.0,19.6,0.0,0.0,0.0,25.3,0.0,0.0,41.5,41.5,3.1,8.6,73.0,1010.8,1010.8,2.7,4.2
2024-04-21 07:00:48+02:00,2.3,2.3,0.1,1.6,95.0,8.2,86.0,31.5,0.0,0.0,0.0,25.3,0.0,0.0,41.5,41.5,2.2,6.5,66.0,1010.9,1010.9,2.7,4.2
2024-04-21 07:05:04+02:00,2.3,2.3,0.4,1.6,95.0,8.1,86.0,31.9,0.0,0.0,0.0,25.3,0.0,0.0,41.5,41.5,0.8,6.8,13.0,1011.0,1011.0,2.7,4.2
2024-04-21 07:09:20+02:00,2.4,2.4,0.1,1.7,95.0,8.2,86.0,29.1,0.0,0.0,0.0,25.3,0.0,0.0,41.5,41.5,2.9,6.8,40.0,1010.9,1010.9,2.7,4.2
2024-04-21 07:15:44+02:00,2.5,2.1,0.4,1.8,95.0,8.1,86.0,44.8,0.0,0.0,0.0,25.3,0.0,0.0,41.5,41.5,2.2,8.6,357.0,1011.1,1011.1,2.7,4.2
2024-04-21 07:20:00+02:00,2.7,2.3,0.3,2.0,95.0,8.2,86.0,44.0,0.0,0.0,0.0,25.3,0.0,0.0,41.5,41.5,3.6,7.6,40.0,1011.2,1011.2,2.7,4.2
2024-04-21 07:24:16+02:00,2.7,1.8,0.0,1.8,94.0,8.2,86.0,30.5,0.0,0.0,0.0,25.3,0.0,0.0,41.5,41.5,5.5,12.2,16.0,1011.3,1011.3,2.7,4.2
2024-04-21 07:30:40+02:00,2.7,2.2,0.4,1.8,93.0,8.1,86.0,30.6,0.0,0.0,0.0,25.3,0.0,0.0,41.5,41.5,3.2,6.5,359.0,1011.2,1011.2,2.7,4.2
2024-04-21 07:34:56+02:00,2.7,2.4,0.4,1.8,93.0,8.2,86.0,33.1,0.0,0.0,0.0,25.3,0.0,0.0,41.5,41.5,3.2,8.3,353.0,1011.2,1011.2,2.7,4.2
2024-04-21 07:39:12+02:00,2.7,2.4,0.2,1.7,93.0,8.2,86.0,36.2,0.0,0.0,0.0,25.3,0.0,0.0,41.5,41.5,3.8,7.2,16.0,1011.4,1011.4,2.7,4.2
2024-04-21 07:45:36+02:00,2.7,1.9,0.0,1.7,93.0,8.2,86.0,40.5,0.0,0.0,0.0,25.3,0.0,0.0,41.5,41.5,5.2,8.6,340.0,1011.3,1011.3,2.7,4.3
2024-04-21 07:49:52+02:00,2.8,2.2,0.2,1.8,93.0,8.2,86.0,63.8,0.0,0.0,0.0,25.3,0.0,0.0,41.5,41.5,4.8,11.9,342.0,1011.4,1011.4,2.7,4.3
2024-04-21 07:54:08+02:00,3.0,2.5,0.8,1.9,93.0,8.2,86.0,97.6,0.0,0.0,0.0,25.3,0.0,0.0,41.5,41.5,2.7,13.3,273.0,1011.5,1011.5,2.7,4.3
2024-04-21 08:00:32+02:00,3.2,2.1,0.5,1.9,91.0,8.2,86.0,96.8,0.0,0.0,0.0,25.3,0.0,0.0,41.5,41.5,5.0,13.0,289.0,1011.5,1011.5,2.7,4.3
2024-04-21 08:04:48+02:00,3.2,3.2,0.8,1.9,91.0,8.2,87.0,56.4,0.0,0.0,0.0,25.3,0.0,0.0,41.5,41.5,3.6,9.4,278.0,1011.7,1011.7,2.7,4.3
2024-04-21 08:09:04+02:00,3.3,2.0,0.4,2.0,91.0,8.2,87.0,41.3,0.0,0.0,0.0,25.3,0.0,0.0,41.5,41.5,6.5,13.3,339.0,1011.8,1011.8,2.7,4.3
2024-04-21 08:15:28+02:00,3.2,1.2,0.0,2.0,92.0,8.3,87.0,40.3,0.0,0.0,0.0,25.3,0.0,0.0,41.5,41.5,7.9,17.6,23.0,1011.8,1011.8,2.7,4.3
2024-04-21 08:19:44+02:00,3.1,1.9,0.2,1.9,92.0,8.3,87.0,69.2,0.0,0.0,0.0,25.3,0.0,0.0,41.5,41.5,6.2,17.6,57.0,1011.9,1011.9,2.7,4.3
2024-04-21 08:24:00+02:00,3.2,2.0,0.3,1.9,91.0,8.3,87.0,93.8,0.0,0.0,0.0,25.3,0.0,0.0,41.5,41.5,6.0,16.2,44.0,1012.0,1012.0,2.7,4.3
2024-04-21 08:30:24+02:00,3.2,1.6,0.0,1.9,91.0,8.3,87.0,89.7,0.0,0.0,0.0,25.3,0.0,0.0,41.5,41.5,7.9,13.7,351.0,1011.9,1011.9,2.7,4.3
2024-04-21 08:34:40+02:00,3.3,2.6,0.7,1.8,90.0,8.3,87.0,90.1,0.0,0.0,0.0,25.3,0.0,0.0,41.5,41.5,4.6,7.9,308.0,1011.8,1011.8,2.7,4.3
2024-04-21 08:41:04+02:00,3.3,3.3,1.1,1.8,90.0,8.4,87.0,86.3,0.0,0.0,0.0,25.3,0.0,0.0,41.5,41.5,2.8,7.9,299.0,1011.7,1011.7,2.7,4.3
2024-04-21 08:45:20+02:00,3.5,2.9,1.1,1.9,89.0,8.4,87.0,82.2,0.0,0.0,0.0,25.3,0.0,0.0,41.5,41.5,3.5,11.9,341.0,1011.8,1011.8,2.7,4.4
2024-04-21 08:49:36+02:00,3.5,1.5,0.2,1.8,89.0,8.4,87.0,84.1,0.0,0.0,0.0,25.3,0.0,0.0,41.5,41.5,8.0,21.2,327.0,1011.9,1011.9,2.7,4.4
2024-04-21 08:56:00+02:00,3.6,2.9,0.9,1.9,89.0,8.5,87.0,62.1,0.0,0.0,0.0,25.3,0.0,0.0,41.5,41.5,4.9,11.9,32.0,1012.0,1012.0,2.7,4.4
2024-04-21 09:00:16+02:00,3.6,2.7,0.9,2.0,89.0,8.5,87.0,101.8,0.0,0.0,0.0,25.3,0.0,0.0,41.5,41.5,5.4,10.4,333.0,1012.0,1012.0,2.7,4.4
2024-04-21 09:04:32+02:00,3.7,2.5,0.9,2.0,89.0,8.5,87.0,127.6,1.0,0.0,0.0,25.3,0.0,0.0,41.5,41.5,5.6,10.4,277.0,1012.1,1012.1,2.7,4.4
2024-04-21 09:10:56+02:00,3.8,3.3,1.3,2.1,88.0,8.5,87.0,155.1,1.0,0.0,0.0,25.3,0.0,0.0,41.5,41.5,4.2,10.1,292.0,1012.2,1012.2,2.7,4.4
2024-04-21 09:15:12+02:00,4.0,2.5,1.0,2.2,88.0,8.6,87.0,153.5,1.0,0.0,0.0,25.3,0.0,0.0,41.5,41.5,7.0,15.1,342.0,1012.3,1012.3,2.7,4.4
2024-04-21 09:19:28+02:00,4.2,2.7,1.1,2.2,87.0,8.6,87.0,162.0,1.0,0.0,0.0,25.3,0.0,0.0,41.5,41.5,7.3,15.5,284.0,1012.3,1012.3,2.7,4.4
2024-04-21 09:25:52+02:00,4.1,3.4,1.5,2.1,87.0,8.7,87.0,119.4,1.0,0.0,0.0,25.3,0.0,0.0,41.5,41.5,4.7,16.6,5.0,1012.5,1012.5,2.7,4.5
2024-04-21 09:30:08+02:00,4.1,2.6,1.2,2.1,86.0,8.7,88.0,122.6,1.0,0.0,0.0,25.3,0.0,0.0,41.5,41.5,6.5,19.1,287.0,1012.4,1012.4,2.7,4.5
2024-04-21 09:34:24+02:00,4.0,3.0,1.3,2.0,86.0,8.8,88.0,82.6,0.0,0.0,0.0,25.3,0.0,0.0,41.5,41.5,5.4,19.1,20.0,1012.6,1012.6,2.7,4.5
2024-04-21 09:40:48+02:00,4.0,2.3,0.8,2.0,86.0,8.9,88.0,86.1,0.0,0.0,0.0,25.3,0.0,0.0,41.5,41.5,7.9,20.9,10.0,1012.6,1012.6,2.7,4.5
2024-04-21 09:45:04+02:00,4.2,2.6,1.1,2.0,86.0,8.9,88.0,84.5,0.0,0.0,0.0,25.3,0.0,0.0,41.5,41.5,7.3,19.8,352.0,1012.7,1012.7,2.7,4.6
2024-04-21 09:49:20+02:00,4.2,2.7,1.1,1.9,85.0,8.9,88.0,75.8,0.0,0.0,0.0,25.3,0.0,0.0,41.5,41.5,7.2,18.7,312.0,1012.9,1012.9,2.7,4.6
2024-04-21 09:55:44+02:00,4.3,3.9,2.0,2.1,85.0,9.0,88.0,82.1,0.0,0.0,0.0,25.3,0.0,0.0,41.5,41.5,3.8,12.2,335.0,1012.9,1012.9,2.7,4.6
2024-04-21 10:00:00+02:00,4.4,3.7,1.7,2.2,85.0,9.0,88.0,148.2,1.0,0.0,0.0,25.3,0.0,0.0,41.5,41.5,5.3,12.6,343.0,1012.8,1012.8,2.7,4.6
2024-04-21 10:04:16+02:00,4.6,3.3,1.5,2.2,84.0,9.0,88.0,152.7,1.0,0.0,0.0,25.3,0.0,0.0,41.5,41.5,7.0,17.6,288.0,1012.9,1012.9,2.7,4.6
2024-04-21 10:10:40+02:00,4.8,3.3,1.8,2.3,84.0,9.1,88.0,180.5,1.0,0.0,0.0,25.3,0.0,0.0,41.5,41.5,6.9,17.3,355.0,1012.9,1012.9,2.7,4.6
2024-04-21 10:14:56+02:00,4.7,3.8,1.9,2.3,84.0,9.1,88.0,131.9,1.0,0.0,0.0,25.3,0.0,0.0,41.5,41.5,6.1,17.3,348.0,1012.9,1012.9,2.7,4.7
2024-04-21 10:19:12+02:00,4.7,2.6,1.3,2.2,83.0,9.2,88.0,114.5,1.0,0.0,0.0,25.3,0.0,0.0,41.5,41.5,8.9,23.0,349.0,1013.0,1013.0,2.7,4.7
2024-04-21 10:25:36+02:00,4.6,3.9,2.0,2.0,83.0,9.3,88.0,70.7,0.0,0.0,0.0,25.3,0.0,0.0,41.5,41.5,4.9,19.1,17.0,1013.1,1013.1,2.7,4.7
2024-04-21 10:29:52+02:00,4.7,2.9,1.5,2.2,83.0,9.3,88.0,99.2,0.0,0.0,0.0,25.3,0.0,0.0,41.5,41.5,8.1,33.5,1.0,1013.1,1013.1,2.7,4.7
2024-04-21 10:34:08+02:00,4.7,2.4,0.8,2.0,82.0,9.4,88.0,113.3,1.0,0.0,0.0,25.3,0.0,0.0,41.5,41.5,11.5,26.3,339.0,1013.2,1013.2,2.7,4.7
2024-04-21 10:40:32+02:00,4.9,3.5,1.8,2.1,82.0,9.4,88.0,121.5,1.0,0.0,0.0,25.3,0.0,0.0,41.5,41.5,7.4,20.5,4.0,1013.4,1013.4,2.7,4.7
2024-04-21 10:44:48+02:00,5.1,3.2,1.5,2.2,81.0,9.4,88.0,168.7,1.0,0.0,0.0,25.3,0.0,0.0,41.5,41.5,9.9,22.0,288.0,1013.3,1013.3,2.7,4.8
2024-04-21 10:49:04+02:00,5.4,3.6,2.2,2.4,81.0,9.5,88.0,218.5,2.0,0.0,0.0,25.3,0.0,0.0,41.5,41.5,8.1,40.0,296.0,1013.4,1013.4,2.7,4.8
2024-04-21 10:55:28+02:00,5.4,4.6,2.7,2.2,80.0,9.5,88.0,169.0,1.0,0.0,0.0,25.3,0.0,0.0,41.5,41.5,5.3,21.6,9.0,1013.3,1013.3,2.7,4.9
2024-04-21 10:59:44+02:00,5.7,4.5,2.6,2.4,80.0,9.6,88.0,155.6,1.0,0.0,0.0,25.3,0.0,0.0,41.5,41.5,7.1,22.3,20.0,1013.5,1013.5,2.7,4.9
2024-04-21 11:04:00+02:00,5.8,4.8,2.9,2.3,79.0,9.7,88.0,231.4,2.0,0.0,0.0,25.3,0.0,0.0,41.5,41.5,6.2,22.3,355.0,1013.5,1013.5,2.7,4.9
2024-04-21 11:10:24+02:00,5.9,5.5,3.3,2.3,78.0,9.7,88.0,226.8,2.0,0.0,0.0,25.3,0.0,0.0,41.5,41.5,4.9,21.2,337.0,1013.6,1013.6,2.7,4.9
2024-04-21 11:14:40+02:00,6.4,4.7,3.0,2.4,76.0,9.8,88.0,233.4,2.0,0.0,0.0,25.3,0.0,0.0,41.5,41.5,9.1,17.3,359.0,1013.6,1013.6,2.7,5.0
2024-04-21 11:18:56+02:00,6.3,4.9,3.1,2.1,74.0,9.9,88.0,258.6,2.0,0.0,0.0,25.3,0.0,0.0,41.5,41.5,8.1,20.2,32.0,1013.6,1013.6,2.7,5.0
2024-04-21 11:25:20+02:00,6.5,4.1,2.5,2.1,74.0,10.0,88.0,549.7,5.0,0.0,0.0,25.3,0.0,0.0,41.5,41.5,12.1,21.6,16.0,1013.6,1013.6,2.7,5.1
2024-04-21 11:29:36+02:00,7.0,4.9,3.3,2.2,71.0,10.2,89.0,573.4,5.0,0.0,0.0,25.3,0.0,0.0,41.5,41.5,10.8,19.4,24.0,1013.6,1013.6,2.7,5.1
2024-04-21 11:36:00+02:00,7.1,6.3,4.4,2.0,70.0,10.3,89.0,223.1,2.0,0.0,0.0,25.3,0.0,0.0,41.5,41.5,5.2,18.0,86.0,1013.6,1013.6,2.7,5.2
2024-04-21 11:40:16+02:00,7.7,7.0,5.2,2.4,69.0,10.6,89.0,555.0,5.0,0.0,0.0,25.3,0.0,0.0,41.5,41.5,5.0,15.5,54.0,1013.6,1013.6,2.7,5.2
2024-04-21 11:44:32+02:00,7.6,5.9,3.9,2.2,69.0,10.7,89.0,476.9,4.0,0.0,0.0,25.3,0.0,0.0,41.5,41.5,10.6,26.3,5.0,1013.6,1013.6,2.7,5.2
2024-04-21 11:50:56+02:00,7.4,6.4,4.5,2.0,68.0,11.0,89.0,555.8,5.0,0.0,0.0,25.3,0.0,0.0,41.5,41.5,6.7,19.1,305.0,1013.6,1013.6,2.7,5.2
2024-04-21 11:55:12+02:00,7.6,6.4,4.5,1.9,67.0,11.2,89.0,578.2,5.0,0.0,0.0,25.3,0.0,0.0,41.5,41.5,7.3,19.8,355.0,1013.8,1013.8,2.7,5.2
2024-04-21 11:59:28+02:00,7.8,5.3,3.3,1.9,66.0,11.4,89.0,212.7,1.0,0.0,0.0,25.3,0.0,0.0,41.5,41.5,14.4,28.8,357.0,1013.8,1013.8,2.7,5.2
2024-04-21 12:05:52+02:00,7.1,5.4,3.4,1.6,68.0,11.6,89.0,145.4,1.0,0.0,0.0,25.3,0.0,0.0,41.5,41.5,10.0,28.8,351.0,1013.8,1013.8,2.7,5.2
2024-04-21 12:10:08+02:00,7.0,5.2,3.2,1.5,68.0,11.7,89.0,532.8,4.0,0.0,0.0,25.3,0.0,0.0,41.5,41.5,10.3,19.4,39.0,1013.8,1013.8,2.7,5.2
2024-04-21 12:14:24+02:00,8.0,7.4,5.2,1.7,64.0,11.8,89.0,569.2,5.0,0.0,0.0,25.3,0.0,0.0,41.5,41.5,5.8,19.1,335.0,1013.8,1013.8,2.7,5.2
2024-04-21 12:20:48+02:00,8.9,7.7,5.5,1.4,59.0,12.1,89.0,575.5,5.0,0.0,0.0,25.3,0.0,0.0,41.5,41.5,8.7,23.4,47.0,1013.8,1013.8,2.7,5.2
2024-04-21 12:25:04+02:00,9.8,8.9,6.5,1.4,56.0,12.2,89.0,584.5,5.0,0.0,0.0,25.3,0.0,0.0,41.5,41.5,7.6,17.6,42.0,1013.7,1013.7,2.7,5.2
2024-04-21 12:29:20+02:00,9.9,9.4,6.8,1.6,56.0,12.5,90.0,588.8,5.0,0.0,0.0,25.3,0.0,0.0,41.5,41.5,7.3,33.5,320.0,1013.8,1013.8,2.7,5.2
2024-04-21 12:35:44+02:00,8.9,7.5,5.2,1.2,59.0,12.7,90.0,495.3,4.0,0.0,0.0,25.3,0.0,0.0,41.5,41.5,9.6,27.0,345.0,1013.9,1013.9,2.7,5.2
2024-04-21 12:40:00+02:00,8.3,6.5,4.3,1.1,60.0,12.9,90.0,127.7,1.0,0.0,0.0,25.3,0.0,0.0,41.5,41.5,11.2,25.9,352.0,1013.9,1013.9,2.7,5.2
2024-04-21 12:44:16+02:00,7.8,5.9,3.8,0.7,61.0,13.0,89.0,142.9,1.0,0.0,0.0,25.3,0.0,0.0,41.5,41.5,10.8,26.6,19.0,1014.0,1014.0,2.7,5.2
2024-04-21 12:50:40+02:00,7.7,6.3,4.2,0.5,60.0,13.1,89.0,578.5,5.0,0.0,0.0,25.3,0.0,0.0,41.5,41.5,8.0,20.5,18.0,1014.0,1014.0,2.7,5.2
2024-04-21 12:54:56+02:00,8.6,7.2,4.9,0.6,57.0,13.3,89.0,548.1,5.0,0.0,0.0,25.3,0.0,0.0,41.5,41.5,9.5,19.4,316.0,1013.8,1013.8,2.7,5.2
2024-04-21 12:59:12+02:00,9.0,8.1,5.7,0.6,56.0,13.4,89.0,604.7,5.0,0.0,0.0,25.3,0.0,0.0,41.5,41.5,7.2,19.4,49.0,1013.8,1013.8,2.7,5.2
2024-04-21 13:05:36+02:00,9.2,8.1,5.7,0.8,55.0,13.5,89.0,468.8,4.0,0.0,0.0,25.3,0.0,0.0,41.5,41.5,8.6,16.6,336.0,1013.8,1013.8,2.7,5.2
2024-04-21 13:09:52+02:00,9.3,8.4,6.0,1.2,57.0,13.6,89.0,609.8,5.0,0.0,0.0,25.3,0.0,0.0,41.5,41.5,7.6,17.6,59.0,1013.9,1013.9,2.7,5.2
2024-04-21 13:14:08+02:00,9.7,8.6,6.2,1.2,55.0,13.7,89.0,598.3,5.0,0.0,0.0,25.3,0.0,0.0,41.5,41.5,9.1,22.7,338.0,1013.8,1013.8,2.7,5.2
2024-04-21 13:20:32+02:00,9.2,7.5,5.1,1.1,57.0,13.8,89.0,115.9,1.0,0.0,0.0,25.3,0.0,0.0,41.5,41.5,11.7,26.3,319.0,1013.8,1013.8,2.7,5.2
2024-04-21 13:24:48+02:00,8.7,7.8,5.4,0.8,57.0,13.8,89.0,598.9,5.0,0.0,0.0,25.3,0.0,0.0,41.5,41.5,7.2,22.3,328.0,1013.8,1013.8,2.7,5.2
2024-04-21 13:29:04+02:00,9.9,9.0,6.1,0.6,52.0,14.0,89.0,613.0,5.0,0.0,0.0,25.3,0.0,0.0,41.5,41.5,9.5,19.8,23.0,1013.9,1013.9,2.7,5.2
2024-04-21 13:35:28+02:00,9.0,6.9,4.4,-0.2,52.0,14.1,89.0,141.0,1.0,0.0,0.0,25.3,0.0,0.0,41.5,41.5,13.5,23.4,14.0,1013.8,1013.8,2.7,5.2
2024-04-21 13:39:44+02:00,9.3,8.7,6.2,0.2,53.0,14.2,89.0,632.9,5.0,0.0,0.0,25.3,0.0,0.0,41.5,41.5,6.2,20.5,39.0,1014.0,1014.0,2.7,5.2
2024-04-21 13:44:00+02:00,10.3,10.3,7.1,0.7,51.0,14.3,90.0,624.1,5.0,0.0,0.0,25.3,0.0,0.0,41.5,41.5,6.4,17.3,82.0,1013.9,1013.9,2.7,5.2
2024-04-21 13:50:24+02:00,9.9,9.4,6.1,0.1,51.0,14.3,90.0,312.9,2.0,0.0,0.0,25.3,0.0,0.0,41.5,41.5,9.2,32.4,42.0,1013.9,1013.9,2.7,5.2
2024-04-21 13:54:40+02:00,9.7,9.0,6.5,0.1,51.0,14.5,89.0,546.6,5.0,0.0,0.0,25.3,0.0,0.0,41.5,41.5,6.6,23.0,341.0,1013.9,1013.9,2.7,5.2
2024-04-21 14:01:04+02:00,10.1,9.8,6.7,0.4,51.0,14.6,90.0,610.4,5.0,0.0,0.0,25.3,0.0,0.0,41.5,41.5,8.1,22.3,346.0,1013.9,1013.9,2.7,5.2
2024-04-21 14:05:20+02:00,10.6,10.6,7.0,0.2,49.0,14.7,90.0,627.7,5.0,0.0,0.0,25.3,0.0,0.0,41.5,41.5,8.4,20.9,289.0,1013.9,1013.9,2.7,5.2
2024-04-21 14:09:36+02:00,10.1,9.3,6.2,-1.1,46.0,14.8,90.0,538.3,5.0,0.0,0.0,25.3,0.0,0.0,41.5,41.5,8.9,27.4,327.0,1013.9,1013.9,2.7,5.2
2024-04-21 14:16:00+02:00,10.1,9.8,6.6,-0.7,47.0,14.8,90.0,529.4,4.0,0.0,0.0,25.3,0.0,0.0,41.5,41.5,7.3,20.9,288.0,1013.9,1013.9,2.7,5.2
2024-04-21 14:20:16+02:00,10.8,10.8,6.3,-0.8,45.0,15.0,90.0,520.7,4.0,0.0,0.0,25.3,0.0,0.0,41.5,41.5,12.0,22.7,291.0,1013.8,1013.8,2.7,5.2
2024-04-21 14:24:32+02:00,10.8,10.8,6.9,-1.9,41.0,15.1,90.0,578.9,5.0,0.0,0.0,25.3,0.0,0.0,41.5,41.5,8.6,36.4,298.0,1013.8,1013.8,2.7,5.2
2024-04-21 14:30:56+02:00,10.8,10.8,7.0,-2.2,40.0,15.3,90.0,586.7,5.0,0.0,0.0,25.3,0.0,0.0,41.5,41.5,7.6,22.3,52.0,1013.8,1013.8,2.7,5.2
2024-04-21 14:35:12+02:00,10.7,10.7,6.9,-1.7,42.0,15.4,90.0,609.0,5.0,0.0,0.0,25.3,0.0,0.0,41.5,41.5,8.3,22.7,318.0,1013.8,1013.8,2.7,5.2
2024-04-21 14:39:28+02:00,10.5,10.5,5.3,-2.4,40.0,15.5,89.0,597.4,5.0,0.0,0.0,25.3,0.0,0.0,41.5,41.5,14.8,30.2,15.0,1013.8,1013.8,2.7,5.2
2024-04-21 14:45:52+02:00,10.4,10.4,5.4,-2.7,40.0,15.7,89.0,625.1,5.0,0.0,0.0,25.3,0.0,0.0,41.5,41.5,14.0,33.5,350.0,1013.9,1013.9,2.7,5.2
2024-04-21 14:50:08+02:00,10.6,10.6,6.0,-2.3,40.0,15.8,89.0,636.7,5.0,0.0,0.0,25.3,0.0,0.0,41.5,41.5,11.5,33.1,336.0,1014.0,1014.0,2.7,5.2
2024-04-21 14:54:24+02:00,10.3,9.9,6.6,-1.4,44.0,15.9,89.0,180.0,1.0,0.0,0.0,25.3,0.0,0.0,41.5,41.5,7.7,21.6,50.0,1013.9,1013.9,2.7,5.3
2024-04-21 15:00:48+02:00,9.5,8.7,5.9,-1.4,46.0,15.9,89.0,155.2,1.0,0.0,0.0,25.3,0.0,0.0,41.5,41.5,7.7,23.0,356.0,1014.0,1014.0,2.7,5.3
2024-04-21 15:05:04+02:00,9.4,8.0,5.1,-1.3,47.0,16.0,89.0,173.5,1.0,0.0,0.0,25.3,0.0,0.0,41.5,41.5,10.9,26.6,4.0,1013.9,1013.9,2.7,5.2
2024-04-21 15:09:20+02:00,9.3,8.6,5.9,-1.0,49.0,16.0,89.0,444.7,4.0,0.0,0.0,25.3,0.0,0.0,41.5,41.5,6.3,24.8,333.0,1013.9,1013.9,2.7,5.2
2024-04-21 15:15:44+02:00,9.6,8.2,5.6,-0.8,48.0,16.0,89.0,188.5,1.0,0.0,0.0,25.3,0.0,0.0,41.5,41.5,9.8,24.8,349.0,1014.0,1014.0,2.7,5.2
2024-04-21 15:20:00+02:00,9.1,8.2,5.5,-0.7,50.0,16.0,89.0,94.5,0.0,0.0,0.0,25.3,0.0,0.0,41.5,41.5,7.9,21.6,355.0,1014.1,1014.1,2.7,5.2
2024-04-21 15:24:16+02:00,8.3,7.0,4.8,0.4,57.0,16.0,88.0,104.0,0.0,0.6,0.1,25.4,0.1,0.1,41.6,41.6,8.3,19.1,284.0,1014.3,1014.3,2.7,5.2
2024-04-21 15:30:40+02:00,7.8,6.7,4.5,0.1,58.0,16.0,88.0,154.9,1.0,1.2,0.2,25.5,0.2,0.2,41.7,41.7,6.6,18.7,336.0,1014.2,1014.2,2.7,5.2
2024-04-21 15:34:56+02:00,8.3,7.6,5.3,1.0,60.0,16.0,88.0,602.6,5.0,1.2,0.2,25.5,0.2,0.2,41.7,41.7,5.9,9.4,291.0,1014.1,1014.1,2.7,5.2
2024-04-21 15:39:12+02:00,9.4,8.4,5.9,0.2,53.0,15.8,88.0,615.6,5.0,0.6,0.2,25.5,0.2,0.2,41.7,41.7,7.7,25.6,335.0,1014.1,1014.1,2.7,5.2
2024-04-21 15:45:36+02:00,9.9,8.7,5.8,-0.8,47.0,15.8,88.0,524.5,4.0,0.0,0.2,25.5,0.2,0.2,41.7,41.7,10.4,22.3,289.0,1013.9,1013.9,2.7,5.2
2024-04-21 15:49:52+02:00,10.3,10.3,6.0,-1.1,45.0,15.8,88.0,580.8,5.0,0.0,0.2,25.5,0.2,0.2,41.7,41.7,11.0,23.4,262.0,1013.9,1013.9,2.7,5.2
2024-04-21 15:54:08+02:00,10.3,9.8,5.1,-1.4,44.0,15.9,88.0,416.2,3.0,0.0,0.2,25.5,0.2,0.2,41.7,41.7,15.5,27.4,343.0,1013.9,1013.9,2.7,5.2
2024-04-21 16:00:32+02:00,9.5,7.5,4.5,-2.3,43.0,15.9,88.0,107.0,0.0,0.0,0.2,25.5,0.2,0.2,41.7,41.7,13.9,27.4,298.0,1013.9,1013.9,2.7,5.2
2024-04-21 16:04:48+02:00,9.2,7.3,4.4,-3.0,42.0,15.9,88.0,345.1,3.0,0.0,0.2,25.5,0.2,0.2,41.7,41.7,12.1,22.3,303.0,1013.9,1013.9,2.7,5.2
2024-04-21 16:09:04+02:00,9.8,9.4,5.6,-2.9,41.0,15.9,88.0,522.3,4.0,0.0,0.2,25.5,0.2,0.2,41.7,41.7,9.6,26.6,323.0,1014.0,1014.0,2.7,5.2
2024-04-21 16:15:28+02:00,10.3,10.3,6.7,-2.9,40.0,15.9,88.0,510.4,4.0,0.0,0.2,25.5,0.2,0.2,41.7,41.7,6.1,35.3,317.0,1013.9,1013.9,2.7,5.2
2024-04-21 16:19:44+02:00,10.5,10.5,6.0,-2.5,40.0,15.9,89.0,519.8,4.0,0.0,0.2,25.5,0.2,0.2,41.7,41.7,10.9,24.5,40.0,1013.9,1013.9,2.7,5.2
2024-04-21 16:24:00+02:00,10.1,9.8,6.4,-2.2,42.0,15.9,89.0,125.6,1.0,0.0,0.2,25.5,0.1,0.2,41.7,41.7,7.2,23.4,338.0,1013.9,1013.9,2.7,5.2
2024-04-21 16:30:24+02:00,9.7,8.7,5.8,-2.6,42.0,15.9,89.0,78.1,0.0,0.0,0.2,25.5,0.0,0.2,41.7,41.7,8.4,22.0,329.0,1014.0,1014.0,2.7,5.2
2024-04-21 16:34:40+02:00,9.4,7.5,4.6,-2.9,42.0,15.9,89.0,76.0,0.0,0.0,0.2,25.5,0.0,0.2,41.7,41.7,12.5,20.9,354.0,1014.0,1014.0,2.7,5.2
2024-04-21 16:38:56+02:00,9.0,7.6,4.4,-3.7,40.0,15.9,88.0,116.3,1.0,0.0,0.2,25.5,0.0,0.2,41.7,41.7,11.1,30.6,318.0,1014.1,1014.1,2.7,5.2
2024-04-21 16:45:20+02:00,9.2,8.1,5.2,-3.5,41.0,15.9,88.0,424.6,3.0,0.0,0.2,25.5,0.0,0.2,41.7,41.7,8.0,22.0,15.0,1014.1,1014.1,2.7,5.2
2024-04-21 16:49:36+02:00,10.0,9.5,6.3,-3.1,40.0,15.9,88.0,437.9,4.0,0.0,0.2,25.5,0.0,0.2,41.7,41.7,6.7,21.6,37.0,1014.1,1014.1,2.7,5.2
2024-04-21 16:56:00+02:00,10.2,10.2,5.7,-3.0,39.0,15.9,88.0,439.9,4.0,0.0,0.2,25.5,0.0,0.2,41.7,41.7,11.0,23.0,320.0,1014.0,1014.0,2.7,5.2
2024-04-21 17:00:16+02:00,10.6,10.6,7.1,-2.7,39.0,15.9,89.0,375.9,3.0,0.0,0.2,25.5,0.0,0.2,41.7,41.7,5.5,23.0,348.0,1014.0,1014.0,2.7,5.2
2024-04-21 17:04:32+02:00,10.3,10.2,6.1,-3.0,39.0,15.9,89.0,342.9,3.0,0.0,0.2,25.5,0.0,0.2,41.7,41.7,9.1,24.8,329.0,1014.1,1014.1,2.7,5.2
2024-04-21 17:10:56+02:00,9.7,8.3,5.3,-3.3,40.0,15.9,89.0,132.5,1.0,0.0,0.2,25.5,0.0,0.2,41.7,41.7,10.0,20.5,13.0,1014.2,1014.2,2.7,5.2
2024-04-21 17:15:12+02:00,9.3,8.1,4.8,-3.3,41.0,15.9,89.0,133.9,1.0,0.0,0.2,25.5,0.0,0.2,41.7,41.7,10.3,23.4,353.0,1014.3,1014.3,2.7,5.2
2024-04-21 17:19:28+02:00,9.2,8.1,5.3,-2.6,43.0,15.8,89.0,215.4,2.0,0.0,0.2,25.5,0.0,0.2,41.7,41.7,8.0,23.4,325.0,1014.3,1014.3,2.7,5.2
2024-04-21 17:25:52+02:00,9.4,8.9,6.0,-1.9,45.0,15.8,88.0,296.1,2.0,0.0,0.2,25.5,0.0,0.2,41.7,41.7,5.5,20.2,17.0,1014.2,1014.2,2.7,5.2
2024-04-21 17:30:08+02:00,9.6,8.2,5.3,-1.9,44.0,15.8,89.0,292.3,2.0,0.0,0.2,25.5,0.0,0.2,41.7,41.7,10.4,20.5,45.0,1014.3,1014.3,2.7,5.2
2024-04-21 17:34:24+02:00,9.2,8.1,5.2,-2.1,45.0,15.8,88.0,221.8,2.0,0.0,0.2,25.5,0.0,0.2,41.7,41.7,8.6,20.5,345.0,1014.2,1014.2,2.7,5.2
2024-04-21 17:40:48+02:00,9.0,8.5,5.5,-2.7,44.0,15.7,88.0,88.7,0.0,0.0,0.2,25.5,0.0,0.2,41.7,41.7,5.8,18.7,6.0,1014.3,1014.3,2.7,5.2
2024-04-21 17:45:04+02:00,8.9,8.1,5.3,-3.1,43.0,15.7,88.0,102.9,0.0,0.0,0.2,25.5,0.0,0.2,41.7,41.7,6.4,21.2,13.0,1014.2,1014.2,2.7,5.2
2024-04-21 17:49:20+02:00,9.0,7.9,5.1,-2.8,43.0,15.7,88.0,239.3,2.0,0.0,0.2,25.5,0.0,0.2,41.7,41.7,8.1,18.4,336.0,1014.3,1014.3,2.7,5.2
2024-04-21 17:55:44+02:00,9.3,8.2,5.4,-2.7,43.0,15.6,88.0,238.6,2.0,0.0,0.2,25.5,0.0,0.2,41.7,41.7,7.9,18.0,350.0,1014.4,1014.4,2.7,5.2
2024-04-21 18:00:00+02:00,9.6,9.1,6.2,-2.9,41.0,15.6,88.0,180.9,1.0,0.0,0.2,25.5,0.0,0.2,41.7,41.7,5.5,19.4,359.0,1014.3,1014.3,2.7,5.2
2024-04-21 18:04:16+02:00,9.7,8.8,5.8,-2.9,41.0,15.5,88.0,95.7,0.0,0.0,0.2,25.5,0.0,0.2,41.7,41.7,7.5,16.2,318.0,1014.4,1014.4,2.7,5.2
2024-04-21 18:10:40+02:00,9.3,7.8,4.9,-2.8,42.0,15.5,88.0,40.2,0.0,0.0,0.2,25.5,0.0,0.2,41.7,41.7,10.4,20.5,37.0,1014.4,1014.4,2.7,5.2
2024-04-21 18:14:56+02:00,8.9,7.3,4.3,-2.8,44.0,15.5,88.0,42.1,0.0,0.0,0.2,25.5,0.0,0.2,41.7,41.7,12.0,25.6,53.0,1014.5,1014.5,2.7,5.2
2024-04-21 18:19:12+02:00,8.7,7.8,5.1,-3.0,44.0,15.4,88.0,42.3,0.0,0.0,0.2,25.5,0.0,0.2,41.7,41.7,6.1,17.3,66.0,1014.5,1014.5,2.7,5.2
2024-04-21 18:25:36+02:00,8.7,8.5,5.6,-2.8,44.0,15.4,88.0,133.9,1.0,0.0,0.2,25.5,0.0,0.2,41.7,41.7,4.1,15.5,19.0,1014.6,1014.6,2.7,5.2
2024-04-21 18:29:52+02:00,8.9,7.9,5.2,-2.7,44.0,15.3,88.0,78.8,0.0,0.0,0.2,25.5,0.0,0.2,41.7,41.7,7.2,16.2,358.0,1014.6,1014.6,2.7,5.2
2024-04-21 18:34:08+02:00,8.8,8.2,5.3,-3.1,43.0,15.3,88.0,78.5,0.0,0.0,0.2,25.5,0.0,0.2,41.7,41.7,5.5,17.3,5.0,1014.7,1014.7,2.7,5.2
2024-04-21 18:40:32+02:00,8.8,8.7,5.7,-3.1,43.0,15.2,88.0,71.0,0.0,0.0,0.2,25.5,0.0,0.2,41.7,41.7,3.7,13.7,6.0,1014.6,1014.6,2.7,5.2
2024-04-21 18:44:48+02:00,8.8,7.4,4.7,-3.1,43.0,15.2,88.0,73.5,0.0,0.0,0.2,25.5,0.0,0.2,41.7,41.7,8.8,13.3,23.0,1014.7,1014.7,2.7,5.2
2024-04-21 18:49:04+02:00,8.8,7.9,5.2,-3.0,43.0,15.1,88.0,70.9,0.0,0.0,0.2,25.5,0.0,0.2,41.7,41.7,6.3,17.6,7.0,1014.8,1014.8,2.7,5.2
2024-04-21 18:55:28+02:00,8.8,7.7,5.0,-2.7,44.0,15.1,88.0,62.6,0.0,0.0,0.2,25.5,0.0,0.2,41.7,41.7,7.4,18.7,316.0,1014.8,1014.8,2.7,5.2
2024-04-21 18:59:44+02:00,8.7,7.4,4.5,-3.1,43.0,15.0,88.0,47.8,0.0,0.0,0.2,25.5,0.0,0.2,41.7,41.7,9.1,24.1,327.0,1014.8,1014.8,2.7,5.2
2024-04-21 19:04:00+02:00,8.6,7.8,5.0,-3.2,43.0,15.0,88.0,38.0,0.0,0.0,0.2,25.5,0.0,0.2,41.7,41.7,6.4,19.1,9.0,1014.9,1014.9,2.7,5.2
2024-04-21 19:10:24+02:00,8.6,7.4,4.3,-3.3,43.0,14.9,88.0,47.8,0.0,0.0,0.2,25.5,0.0,0.2,41.7,41.7,9.7,21.2,358.0,1014.8,1014.8,2.7,5.2
2024-04-21 19:14:40+02:00,8.7,7.8,4.8,-3.5,42.0,14.8,88.0,48.4,0.0,0.0,0.2,25.5,0.0,0.2,41.7,41.7,7.3,21.2,39.0,1015.0,1015.0,2.7,5.2
2024-04-21 19:21:04+02:00,8.7,7.9,5.0,-3.3,43.0,14.8,88.0,45.1,0.0,0.0,0.2,25.5,0.0,0.2,41.7,41.7,6.6,15.1,31.0,1015.0,1015.0,2.7,5.2
2024-04-21 19:25:20+02:00,8.7,8.2,5.1,-3.7,42.0,14.8,88.0,39.5,0.0,0.0,0.2,25.5,0.0,0.2,41.7,41.7,5.7,16.2,340.0,1015.1,1015.1,2.7,5.2
2024-04-21 19:29:36+02:00,8.6,8.0,5.0,-3.7,42.0,14.7,88.0,36.1,0.0,0.0,0.2,25.5,0.0,0.2,41.7,41.7,5.6,16.6,44.0,1015.0,1015.0,2.7,5.2
2024-04-21 19:36:00+02:00,8.6,7.8,4.9,-3.7,42.0,14.7,88.0,28.3,0.0,0.0,0.2,25.5,0.0,0.2,41.7,41.7,6.2,17.6,90.0,1015.0,1015.0,2.7,5.2
2024-04-21 19:40:16+02:00,8.4,7.8,4.8,-3.7,42.0,14.6,88.0,23.9,0.0,0.0,0.2,25.5,0.0,0.2,41.7,41.7,5.5,16.6,80.0,1015.2,1015.2,2.7,5.2
2024-04-21 19:44:32+02:00,8.2,7.5,4.7,-3.5,43.0,14.5,88.0,22.6,0.0,0.0,0.2,25.5,0.0,0.2,41.7,41.7,5.5,15.8,23.0,1015.1,1015.1,2.7,5.2
2024-04-21 19:50:56+02:00,8.1,7.7,4.7,-3.5,44.0,14.5,88.0,21.1,0.0,0.0,0.2,25.5,0.0,0.2,41.7,41.7,5.0,12.2,49.0,1015.2,1015.2,2.7,5.2
2024-04-21 19:55:12+02:00,7.9,7.1,4.3,-3.2,45.0,14.4,88.0,18.7,0.0,0.0,0.2,25.5,0.0,0.2,41.7,41.7,6.0,16.9,8.0,1015.2,1015.2,2.7,5.2
2024-04-21 19:59:28+02:00,7.8,7.2,4.6,-3.5,45.0,14.3,88.0,16.0,0.0,0.0,0.2,25.5,0.0,0.2,41.7,41.7,4.3,16.9,33.0,1015.1,1015.1,2.7,5.2
2024-04-21 20:05:52+02:00,7.7,7.4,4.5,-3.3,45.0,14.3,88.0,13.6,0.0,0.0,0.2,25.5,0.0,0.2,41.7,41.7,4.0,10.1,4.0,1015.2,1015.2,2.7,5.2
2024-04-21 20:10:08+02:00,7.5,7.0,4.0,-3.4,46.0,14.2,87.0,11.4,0.0,0.0,0.2,25.5,0.0,0.2,41.7,41.7,5.3,13.3,308.0,1015.3,1015.3,2.7,5.2
2024-04-21 20:14:24+02:00,7.4,6.5,3.8,-3.5,46.0,14.1,87.0,9.5,0.0,0.0,0.2,25.5,0.0,0.2,41.7,41.7,6.1,9.0,46.0,1015.4,1015.4,2.7,5.2
2024-04-21 20:20:48+02:00,7.3,7.3,4.5,-3.3,47.0,14.1,87.0,7.9,0.0,0.0,0.2,25.5,0.0,0.2,41.7,41.7,2.3,8.6,324.0,1015.3,1015.3,2.7,5.2
2024-04-21 20:25:04+02:00,7.1,6.8,4.3,-3.1,48.0,14.0,87.0,6.1,0.0,0.0,0.2,25.5,0.0,0.2,41.7,41.7,2.2,7.9,346.0,1015.4,1015.4,2.7,5.2
2024-04-21 20:29:20+02:00,6.8,6.8,4.1,-3.1,49.0,13.9,87.0,4.3,0.0,0.0,0.2,25.5,0.0,0.2,41.7,41.7,1.8,5.4,356.0,1015.4,1015.4,2.7,5.2
2024-04-21 20:35:44+02:00,6.6,6.6,4.2,-2.9,51.0,13.8,87.0,2.9,0.0,0.0,0.2,25.5,0.0,0.2,41.7,41.7,0.4,2.9,322.0,1015.4,1015.4,2.7,5.2
2024-04-21 20:40:00+02:00,6.4,6.4,3.9,-2.8,52.0,13.7,87.0,1.8,0.0,0.0,0.2,25.5,0.0,0.2,41.7,41.7,0.9,6.5,309.0,1015.4,1015.4,2.7,5.2
2024-04-21 20:44:16+02:00,6.2,6.2,3.8,-2.6,53.0,13.7,87.0,1.0,0.0,0.0,0.2,25.5,0.0,0.2,41.7,41.7,0.4,2.9,143.0,1015.5,1015.5,2.7,5.2
2024-04-21 20:50:40+02:00,5.9,5.9,3.6,-2.4,55.0,13.6,87.0,0.6,0.0,0.0,0.2,25.5,0.0,0.2,41.7,41.7,0.0,2.2,89.0,1015.4,1015.4,2.7,5.2
2024-04-21 20:54:56+02:00,5.4,5.4,2.9,-1.8,60.0,13.5,87.0,0.2,0.0,0.0,0.2,25.5,0.0,0.2,41.7,41.7,1.4,3.2,96.0,1015.4,1015.4,2.7,5.1
2024-04-21 20:59:12+02:00,4.9,4.9,2.2,-1.5,63.0,13.4,87.0,0.1,0.0,0.0,0.2,0.0,0.0,0.2,41.7,41.7,2.7,3.6,102.0,1015.6,1015.6,2.7,5.1
2024-04-21 21:05:36+02:00,4.7,4.7,1.8,-1.1,66.0,13.3,87.0,0.0,0.0,0.0,0.2,0.0,0.0,0.2,41.7,41.7,3.3,4.3,105.0,1015.5,1015.5,2.7,5.1
2024-04-21 21:09:52+02:00,4.4,4.4,1.8,-1.1,67.0,13.2,87.0,0.0,0.0,0.0,0.2,0.0,0.0,0.2,41.7,41.7,2.7,3.6,101.0,1015.6,1015.6,2.7,5.1
2024-04-21 21:14:08+02:00,4.2,4.2,1.6,-0.9,69.0,13.1,87.0,0.0,0.0,0.0,0.2,0.0,0.0,0.2,41.7,41.7,2.7,3.6,99.0,1015.7,1015.7,2.7,5.1
2024-04-21 21:20:32+02:00,4.1,4.1,1.4,-0.7,71.0,13.1,87.0,0.0,0.0,0.0,0.2,0.0,0.0,0.2,41.7,41.7,2.8,4.0,98.0,1015.8,1015.8,2.7,5.1
2024-04-21 21:24:48+02:00,3.8,3.8,1.2,-0.9,71.0,13.0,87.0,0.0,0.0,0.0,0.2,0.0,0.0,0.2,41.7,41.7,2.9,4.3,97.0,1015.7,1015.7,2.7,5.1
2024-04-21 21:29:04+02:00,3.7,3.7,1.0,-0.7,73.0,12.8,86.0,0.0,0.0,0.0,0.2,0.0,0.0,0.2,41.7,41.7,3.1,4.3,101.0,1015.8,1015.8,2.7,5.1
2024-04-21 21:35:28+02:00,3.5,3.5,0.7,-0.8,73.0,12.8,86.0,0.0,0.0,0.0,0.2,0.0,0.0,0.2,41.7,41.7,3.6,4.3,98.0,1015.9,1015.9,2.7,5.1
2024-04-21 21:39:44+02:00,3.4,3.4,0.7,-0.5,75.0,12.6,86.0,0.0,0.0,0.0,0.2,0.0,0.0,0.2,41.7,41.7,3.5,4.7,102.0,1015.9,1015.9,2.7,5.1
2024-04-21 21:44:00+02:00,3.2,3.2,0.5,-0.6,76.0,12.5,86.0,0.0,0.0,0.0,0.2,0.0,0.0,0.2,41.7,41.7,3.1,4.0,100.0,1015.9,1015.9,2.7,5.1
2024-04-21 21:50:24+02:00,3.1,3.1,0.4,-0.4,78.0,12.4,86.0,0.0,0.0,0.0,0.2,0.0,0.0,0.2,41.7,41.7,3.0,4.0,100.0,1016.0,1016.0,2.7,5.1
2024-04-21 21:54:40+02:00,2.8,2.8,0.2,-0.7,78.0,12.3,86.0,0.0,0.0,0.0,0.2,0.0,0.0,0.2,41.7,41.7,2.5,3.6,98.0,1015.9,1015.9,2.7,5.1
2024-04-21 21:58:56+02:00,2.6,2.6,0.0,-0.6,80.0,12.2,86.0,0.0,0.0,0.0,0.2,0.0,0.0,0.2,41.7,41.7,2.7,3.6,98.0,1016.0,1016.0,2.7,5.1
2024-04-21 22:05:20+02:00,2.5,2.5,-0.1,-0.6,80.0,12.2,86.0,0.0,0.0,0.0,0.2,0.0,0.0,0.2,41.7,41.7,2.7,3.6,97.0,1015.9,1015.9,2.7,5.1
2024-04-21 22:09:36+02:00,2.4,2.4,-0.2,-0.4,82.0,12.0,86.0,0.0,0.0,0.0,0.2,0.0,0.0,0.2,41.7,41.7,3.0,4.0,100.0,1016.0,1016.0,2.7,5.1
2024-04-21 22:16:00+02:00,2.4,2.4,-0.3,-0.6,81.0,11.9,86.0,0.0,0.0,0.0,0.2,0.0,0.0,0.2,41.7,41.7,3.2,4.0,104.0,1016.0,1016.0,2.7,5.1
2024-04-21 22:20:16+02:00,2.3,2.3,-0.3,-0.4,82.0,11.8,86.0,0.0,0.0,0.0,0.2,0.0,0.0,0.2,41.7,41.7,2.8,4.0,98.0,1016.0,1016.0,2.7,5.1
2024-04-21 22:24:32+02:00,2.1,2.1,-0.3,-0.6,82.0,11.8,86.0,0.0,0.0,0.0,0.2,0.0,0.0,0.2,41.7,41.7,1.4,3.2,95.0,1016.1,1016.1,2.7,5.1
2024-04-21 22:30:56+02:00,1.8,1.8,-0.6,-0.8,83.0,11.7,86.0,0.0,0.0,0.0,0.2,0.0,0.0,0.2,41.7,41.7,1.6,2.5,97.0,1016.1,1016.1,2.7,5.1
2024-04-21 22:35:12+02:00,1.5,1.5,-1.0,-0.8,85.0,11.6,86.0,0.0,0.0,0.0,0.2,0.0,0.0,0.2,41.7,41.7,1.9,3.2,95.0,1016.1,1016.1,2.7,5.1
2024-04-21 22:39:28+02:00,1.3,1.3,-1.1,-0.7,86.0,11.5,86.0,0.0,0.0,0.0,0.2,0.0,0.0,0.2,41.7,41.7,1.8,3.2,101.0,1016.2,1016.2,2.7,5.1
2024-04-21 22:45:52+02:00,1.4,1.4,-0.8,-0.5,87.0,11.4,86.0,0.0,0.0,0.0,0.2,0.0,0.0,0.2,41.7,41.7,0.8,2.9,64.0,1016.1,1016.1,2.7,5.0
2024-04-21 22:50:08+02:00,1.5,1.5,-0.7,-0.4,87.0,11.3,86.0,0.0,0.0,0.0,0.2,0.0,0.0,0.2,41.7,41.7,1.2,3.6,84.0,1016.0,1016.0,2.7,5.0
2024-04-21 22:54:24+02:00,1.5,1.5,-1.2,-0.2,88.0,11.2,86.0,0.0,0.0,0.0,0.2,0.0,0.0,0.2,41.7,41.7,3.7,5.0,107.0,1016.2,1016.2,2.7,5.0
2024-04-21 23:00:48+02:00,1.6,1.6,-1.2,-0.4,87.0,11.2,86.0,0.0,0.0,0.0,0.2,0.0,0.0,0.2,41.7,41.7,3.7,4.7,109.0,1016.2,1016.2,2.7,5.0
2024-04-21 23:05:04+02:00,1.7,1.7,-1.1,-0.3,87.0,11.0,86.0,0.0,0.0,0.0,0.2,0.0,0.0,0.2,41.7,41.7,4.0,4.7,114.0,1016.1,1016.1,2.7,5.0
2024-04-21 23:09:20+02:00,1.8,1.8,-0.8,-0.2,87.0,10.9,86.0,0.0,0.0,0.0,0.2,0.0,0.0,0.2,41.7,41.7,3.0,4.3,107.0,1016.2,1016.2,2.7,5.0
2024-04-21 23:15:44+02:00,1.7,1.7,-0.6,-0.3,87.0,10.9,86.0,0.0,0.0,0.0,0.2,0.0,0.0,0.2,41.7,41.7,1.3,3.2,71.0,1016.2,1016.2,2.7,5.0
2024-04-21 23:20:00+02:00,1.8,1.8,-0.5,0.1,89.0,10.8,86.0,0.0,0.0,0.0,0.2,0.0,0.0,0.2,41.7,41.7,1.4,2.2,93.0,1016.3,1016.3,2.7,5.0
2024-04-21 23:24:16+02:00,1.5,1.5,-0.9,-0.2,89.0,10.7,86.0,0.0,0.0,0.0,0.2,0.0,0.0,0.2,41.7,41.7,1.9,3.2,93.0,1016.4,1016.4,2.7,5.0
2024-04-21 23:30:40+02:00,1.5,1.5,-1.0,0.0,90.0,10.7,86.0,0.0,0.0,0.0,0.2,0.0,0.0,0.2,41.7,41.7,2.4,4.0,102.0,1016.4,1016.4,2.7,5.0
2024-04-21 23:34:56+02:00,1.4,1.4,-0.7,-0.1,89.0,10.6,86.0,0.0,0.0,0.0,0.2,0.0,0.0,0.2,41.7,41.7,0.7,2.9,57.0,1016.5,1016.5,2.7,5.0
2024-04-21 23:39:12+02:00,1.5,1.5,-0.6,-0.1,89.0,10.5,86.0,0.0,0.0,0.0,0.2,0.0,0.0,0.2,41.7,41.7,0.4,3.2,54.0,1016.4,1016.4,2.7,5.0
2024-04-21 23:45:36+02:00,1.7,1.7,-0.3,-0.2,87.0,10.4,86.0,0.0,0.0,0.0,0.2,0.0,0.0,0.2,41.7,41.7,0.0,2.9,38.0,1016.5,1016.5,2.7,5.0
2024-04-21 23:49:52+02:00,2.3,2.3,0.1,-0.1,84.0,10.3,86.0,0.0,0.0,0.0,0.2,0.0,0.0,0.2,41.7,41.7,1.1,3.6,333.0,1016.4,1016.4,2.7,5.0
2024-04-21 23:54:08+02:00,2.7,2.7,0.5,-0.2,81.0,10.2,86.0,0.0,0.0,0.0,0.2,0.0,0.0,0.2,41.7,41.7,1.0,3.2,19.0,1016.5,1016.5,2.7,5.0
2024-04-22 00:00:32+02:00,2.7,2.7,0.4,-0.1,82.0,10.2,86.0,0.0,0.0,0.0,0.0,0.0,0.0,0.2,41.7,41.7,1.6,3.2,72.0,1016.6,1016.6,2.7,5.0
2024-04-22 00:04:48+02:00,2.5,2.5,0.0,-0.1,83.0,10.1,86.0,0.0,0.0,0.0,0.0,0.0,0.0,0.2,41.7,41.7,2.2,3.6,89.0,1016.6,1016.6,2.7,5.0
2024-04-22 00:09:04+02:00,2.5,2.5,0.0,-0.2,82.0,10.0,86.0,0.0,0.0,0.0,0.0,0.0,0.0,0.2,41.7,41.7,2.6,5.8,68.0,1016.5,1016.5,2.7,5.0
2024-04-22 00:15:28+02:00,2.4,2.4,0.0,-0.2,83.0,9.9,86.0,0.0,0.0,0.0,0.0,0.0,0.0,0.2,41.7,41.7,2.2,4.0,92.0,1016.5,1016.5,2.7,5.0
2024-04-22 00:19:44+02:00,2.3,2.3,0.1,-0.2,83.0,9.9,85.0,0.0,0.0,0.0,0.0,0.0,0.0,0.2,41.7,41.7,1.2,4.0,96.0,1016.5,1016.5,2.7,5.0
2024-04-22 00:24:00+02:00,2.1,2.1,-0.3,-0.1,85.0,9.8,85.0,0.0,0.0,0.0,0.0,0.0,0.0,0.2,41.7,41.7,2.4,4.0,92.0,1016.6,1016.6,2.7,5.0
2024-04-22 00:30:24+02:00,1.9,1.9,-0.6,-0.1,86.0,9.8,85.0,0.0,0.0,0.0,0.0,0.0,0.0,0.2,41.7,41.7,2.4,4.0,101.0,1016.6,1016.6,2.7,5.0
2024-04-22 00:34:40+02:00,1.8,1.8,-0.8,-0.2,87.0,9.7,85.0,0.0,0.0,0.0,0.0,0.0,0.0,0.2,41.7,41.7,3.1,4.0,107.0,1016.6,1016.6,2.7,5.0
2024-04-22 00:41:04+02:00,1.8,1.8,-0.7,-0.1,87.0,9.7,85.0,0.0,0.0,0.0,0.0,0.0,0.0,0.2,41.7,41.7,2.5,4.0,99.0,1016.7,1016.7,2.7,5.0
2024-04-22 00:45:20+02:00,1.7,1.7,-0.8,-0.2,87.0,9.5,85.0,0.0,0.0,0.0,0.0,0.0,0.0,0.2,41.7,41.7,2.7,3.6,103.0,1016.6,1016.6,2.7,4.9
2024-04-22 00:49:36+02:00,1.8,1.8,-0.8,-0.1,87.0,9.5,85.0,0.0,0.0,0.0,0.0,0.0,0.0,0.2,41.7,41.7,3.5,4.3,105.0,1016.6,1016.6,2.7,4.9
2024-04-22 00:56:00+02:00,1.9,1.9,-0.7,0.1,88.0,9.4,85.0,0.0,0.0,0.0,0.0,0.0,0.0,0.2,41.7,41.7,3.4,5.0,106.0,1016.6,1016.6,2.7,4.9
2024-04-22 01:00:16+02:00,1.9,1.9,-0.6,-0.1,87.0,9.3,85.0,0.0,0.0,0.0,0.0,0.0,0.0,0.2,41.7,41.7,2.7,4.0,101.0,1016.6,1016.6,2.7,4.9
2024-04-22 01:04:32+02:00,1.9,1.9,-0.7,0.1,88.0,9.3,85.0,0.0,0.0,0.0,0.0,0.0,0.0,0.2,41.7,41.7,3.6,4.7,104.0,1016.7,1016.7,2.7,4.9
2024-04-22 01:10:56+02:00,2.1,2.1,-0.6,0.1,87.0,9.2,85.0,0.0,0.0,0.0,0.0,0.0,0.0,0.2,41.7,41.7,3.5,5.0,104.0,1016.6,1016.6,2.7,4.9
2024-04-22 01:15:12+02:00,2.1,2.1,-0.5,0.3,88.0,9.2,85.0,0.0,0.0,0.0,0.0,0.0,0.0,0.2,41.7,41.7,3.6,4.7,101.0,1016.7,1016.7,2.7,4.9
2024-04-22 01:19:28+02:00,2.1,2.1,-0.7,0.3,88.0,9.1,85.0,0.0,0.0,0.0,0.0,0.0,0.0,0.2,41.7,41.7,4.2,5.4,104.0,1016.6,1016.6,2.7,4.9
2024-04-22 01:25:52+02:00,2.1,1.8,-0.6,0.5,89.0,9.1,85.0,0.0,0.0,0.0,0.0,0.0,0.0,0.2,41.7,41.7,4.0,5.4,103.0,1016.4,1016.4,2.7,4.9
2024-04-22 01:30:08+02:00,2.0,2.0,-0.6,0.4,89.0,9.0,85.0,0.0,0.0,0.0,0.0,0.0,0.0,0.2,41.7,41.7,3.4,4.3,101.0,1016.5,1016.5,2.7,4.9
2024-04-22 01:34:24+02:00,1.9,1.9,-0.1,0.3,89.0,9.0,85.0,0.0,0.0,0.0,0.0,0.0,0.0,0.2,41.7,41.7,0.6,3.6,102.0,1016.5,1016.5,2.7,4.9
2024-04-22 01:40:48+02:00,1.9,1.9,-0.7,0.4,90.0,8.9,85.0,0.0,0.0,0.0,0.0,0.0,0.0,0.2,41.7,41.7,3.4,4.7,98.0,1016.4,1016.4,2.7,4.9
2024-04-22 01:45:04+02:00,2.0,2.0,-0.6,0.6,90.0,8.9,85.0,0.0,0.0,0.0,0.0,0.0,0.0,0.2,41.7,41.7,4.0,5.4,107.0,1016.4,1016.4,2.7,4.9
2024-04-22 01:49:20+02:00,2.0,2.0,-0.7,0.5,89.0,8.8,85.0,0.0,0.0,0.0,0.0,0.0,0.0,0.2,41.7,41.7,4.0,5.0,102.0,1016.4,1016.4,2.7,4.9
2024-04-22 01:55:44+02:00,2.1,2.1,-0.3,0.5,89.0,8.8,86.0,0.0,0.0,0.0,0.0,0.0,0.0,0.2,41.7,41.7,2.4,4.0,103.0,1016.3,1016.3,2.7,4.9
2024-04-22 02:00:00+02:00,2.2,2.2,0.2,0.6,90.0,8.7,86.0,0.0,0.0,0.0,0.0,0.0,0.0,0.2,41.7,41.7,0.0,2.9,58.0,1016.4,1016.4,2.7,4.9
2024-04-22 02:04:16+02:00,2.3,2.3,0.4,0.8,90.0,8.7,86.0,0.0,0.0,0.0,0.0,0.0,0.0,0.2,41.7,41.7,0.0,1.8,14.0,1016.4,1016.4,2.7,4.9
2024-04-22 02:10:40+02:00,2.4,2.4,0.4,0.9,90.0,8.7,86.0,0.0,0.0,0.0,0.0,0.0,0.0,0.2,41.7,41.7,0.8,2.5,108.0,1016.3,1016.3,2.7,4.9
2024-04-22 02:14:56+02:00,2.1,2.1,-0.2,0.7,90.0,8.7,86.0,0.0,0.0,0.0,0.0,0.0,0.0,0.2,41.7,41.7,2.5,3.2,93.0,1016.3,1016.3,2.7,4.9
2024-04-22 02:19:12+02:00,2.1,2.1,-0.1,0.7,90.0,8.7,86.0,0.0,0.0,0.0,0.0,0.0,0.0,0.2,41.7,41.7,1.6,3.2,103.0,1016.3,1016.3,2.7,4.9
2024-04-22 02:25:36+02:00,2.0,2.0,-0.3,0.6,91.0,8.6,86.0,0.0,0.0,0.0,0.0,0.0,0.0,0.2,41.7,41.7,2.2,3.2,94.0,1016.2,1016.2,2.7,4.9
2024-04-22 02:29:52+02:00,2.0,2.0,-0.5,0.7,91.0,8.6,86.0,0.0,0.0,0.0,0.0,0.0,0.0,0.2,41.7,41.7,3.2,4.3,97.0,1016.2,1016.2,2.7,4.9
2024-04-22 02:34:08+02:00,2.2,2.2,-0.2,0.8,91.0,8.6,86.0,0.0,0.0,0.0,0.0,0.0,0.0,0.2,41.7,41.7,2.5,4.7,97.0,1016.2,1016.2,2.7,4.8
2024-04-22 02:40:32+02:00,2.1,2.1,0.2,0.8,91.0,8.5,86.0,0.0,0.0,0.0,0.0,0.0,0.0,0.2,41.7,41.7,0.0,2.9,56.0,1016.2,1016.2,2.7,4.8
2024-04-22 02:44:48+02:00,2.0,2.0,-0.4,0.9,92.0,8.5,86.0,0.0,0.0,0.0,0.0,0.0,0.0,0.2,41.7,41.7,2.7,4.3,100.0,1016.2,1016.2,2.7,4.8
2024-04-22 02:49:04+02:00,2.1,2.1,-0.6,0.9,92.0,8.5,86.0,0.0,0.0,0.0,0.0,0.0,0.0,0.2,41.7,41.7,4.2,5.0,103.0,1016.2,1016.2,2.7,4.8
2024-04-22 02:55:28+02:00,2.1,2.1,-0.4,0.9,92.0,8.5,86.0,0.0,0.0,0.0,0.0,0.0,0.0,0.2,41.7,41.7,3.2,4.7,102.0,1016.2,1016.2,2.7,4.8
2024-04-22 02:59:44+02:00,2.0,2.0,-0.4,0.8,92.0,8.4,86.0,0.0,0.0,0.0,0.0,0.0,0.0,0.2,41.7,41.7,2.3,3.2,97.0,1016.2,1016.2,2.7,4.8
2024-04-22 03:04:00+02:00,1.8,1.8,-0.5,0.6,92.0,8.4,86.0,0.0,0.0,0.0,0.0,0.0,0.0,0.2,41.7,41.7,2.4,3.2,98.0,1016.2,1016.2,2.7,4.8
2024-04-22 03:10:24+02:00,1.8,1.8,-0.7,0.7,93.0,8.4,86.0,0.0,0.0,0.0,0.0,0.0,0.0,0.2,41.7,41.7,3.1,4.0,94.0,1016.1,1016.1,2.7,4.8
2024-04-22 03:14:40+02:00,1.8,1.8,-0.3,0.8,93.0,8.4,86.0,0.0,0.0,0.0,0.0,0.0,0.0,0.2,41.7,41.7,1.1,3.6,98.0,1016.2,1016.2,2.7,4.8
2024-04-22 03:18:56+02:00,1.8,1.8,-0.4,0.8,93.0,8.3,86.0,0.0,0.0,0.0,0.0,0.0,0.0,0.2,41.7,41.7,1.4,2.9,81.0,1016.1,1016.1,2.7,4.8
2024-04-22 03:25:20+02:00,1.7,1.7,-0.9,0.7,93.0,8.3,86.0,0.0,0.0,0.0,0.0,0.0,0.0,0.2,41.7,41.7,3.4,4.0,105.0,1016.1,1016.1,2.7,4.8
2024-04-22 03:29:36+02:00,1.7,1.7,-0.8,0.8,94.0,8.3,86.0,0.0,0.0,0.0,0.0,0.0,0.0,0.2,41.7,41.7,3.1,4.3,109.0,1016.0,1016.0,2.7,4.8
2024-04-22 03:36:00+02:00,1.4,1.4,-0.9,0.6,94.0,8.2,86.0,0.0,0.0,0.0,0.0,0.0,0.0,0.2,41.7,41.7,2.3,3.2,94.0,1016.0,1016.0,2.7,4.8
2024-04-22 03:40:16+02:00,1.3,1.3,-0.8,0.5,94.0,8.2,86.0,0.0,0.0,0.0,0.0,0.0,0.0,0.2,41.7,41.7,0.9,2.9,68.0,1016.0,1016.0,2.7,4.8
2024-04-22 03:44:32+02:00,1.3,1.0,-1.4,0.5,94.0,8.2,86.0,0.0,0.0,0.0,0.0,0.0,0.0,0.2,41.7,41.7,4.0,5.4,106.0,1016.0,1016.0,2.7,4.8
2024-04-22 03:50:56+02:00,1.3,1.1,-1.4,0.5,94.0,8.2,86.0,0.0,0.0,0.0,0.0,0.0,0.0,0.2,41.7,41.7,4.4,5.4,105.0,1015.9,1015.9,2.7,4.8
2024-04-22 03:55:12+02:00,1.3,1.3,-1.1,0.5,95.0,8.1,86.0,0.0,0.0,0.0,0.0,0.0,0.0,0.2,41.7,41.7,2.4,4.7,103.0,1015.9,1015.9,2.7,4.8
2024-04-22 03:59:28+02:00,1.3,1.3,-0.6,0.6,95.0,8.1,86.0,0.0,0.0,0.0,0.0,0.0,0.0,0.2,41.7,41.7,0.0,2.9,47.0,1016.0,1016.0,2.7,4.8
2024-04-22 04:05:52+02:00,1.5,1.5,-0.4,0.7,95.0,8.0,86.0,0.0,0.0,0.0,0.0,0.0,0.0,0.2,41.7,41.7,0.0,2.2,72.0,1015.9,1015.9,2.7,4.8
2024-04-22 04:10:08+02:00,1.4,1.4,-0.5,0.7,95.0,8.0,86.0,0.0,0.0,0.0,0.0,0.0,0.0,0.2,41.7,41.7,0.0,2.2,92.0,1016.0,1016.0,2.7,4.8
2024-04-22 04:14:24+02:00,1.5,1.5,-0.7,0.8,95.0,8.0,86.0,0.0,0.0,0.0,0.0,0.0,0.0,0.2,41.7,41.7,1.7,3.2,92.0,1015.9,1015.9,2.7,4.7
2024-04-22 04:20:48+02:00,1.4,1.4,-1.1,0.7,95.0,7.9,86.0,0.0,0.0,0.0,0.0,0.0,0.0,0.2,41.7,41.7,3.2,3.6,104.0,1015.8,1015.8,2.7,4.7
2024-04-22 04:25:04+02:00,1.5,1.5,-1.1,0.8,95.0,7.9,86.0,0.0,0.0,0.0,0.0,0.0,0.0,0.2,41.7,41.7,3.6,4.0,110.0,1015.9,1015.9,2.7,4.7
2024-04-22 04:29:20+02:00,1.5,1.5,-1.0,0.7,95.0,7.9,86.0,0.0,0.0,0.0,0.0,0.0,0.0,0.2,41.7,41.7,3.1,4.0,102.0,1015.8,1015.8,2.7,4.7
2024-04-22 04:35:44+02:00,1.5,1.5,-1.0,0.7,95.0,7.9,86.0,0.0,0.0,0.0,0.0,0.0,0.0,0.2,41.7,41.7,3.0,3.6,104.0,1015.9,1015.9,2.7,4.7
2024-04-22 04:40:00+02:00,1.4,1.4,-0.9,0.6,95.0,7.9,86.0,0.0,0.0,0.0,0.0,0.0,0.0,0.2,41.7,41.7,2.2,3.2,98.0,1015.9,1015.9,2.7,4.7
2024-04-22 04:44:16+02:00,1.3,1.3,-0.8,0.6,95.0,7.8,86.0,0.0,0.0,0.0,0.0,0.0,0.0,0.2,41.7,41.7,0.9,2.9,96.0,1015.8,1015.8,2.7,4.7
2024-04-22 04:50:40+02:00,1.6,1.6,-0.2,1.1,96.0,7.8,86.0,0.0,0.0,0.0,0.0,0.0,0.0,0.2,41.7,41.7,0.0,2.2,59.0,1015.8,1015.8,2.7,4.7
2024-04-22 04:54:56+02:00,1.7,1.7,-0.3,1.2,96.0,7.8,86.0,0.0,0.0,0.0,0.0,0.0,0.0,0.2,41.7,41.7,1.0,2.9,108.0,1015.8,1015.8,2.7,4.7
2024-04-22 04:59:12+02:00,1.6,1.6,-0.8,1.0,96.0,7.8,86.0,0.0,0.0,0.0,0.0,0.0,0.0,0.2,41.7,41.7,2.9,3.6,97.0,1015.7,1015.7,2.7,4.7
2024-04-22 05:05:36+02:00,1.6,1.6,-0.8,1.0,96.0,7.8,86.0,0.0,0.0,0.0,0.0,0.0,0.0,0.2,41.7,41.7,2.7,3.6,102.0,1015.7,1015.7,2.7,4.7
2024-04-22 05:09:52+02:00,1.5,1.5,-0.9,0.9,96.0,7.8,86.0,0.0,0.0,0.0,0.0,0.0,0.0,0.2,41.7,41.7,2.7,3.2,101.0,1015.7,1015.7,2.7,4.7
2024-04-22 05:14:08+02:00,1.5,1.5,-0.9,0.9,96.0,7.7,86.0,0.0,0.0,0.0,0.0,0.0,0.0,0.2,41.7,41.7,2.5,4.3,100.0,1015.6,1015.6,2.7,4.7
2024-04-22 05:20:32+02:00,1.4,1.4,-0.4,0.9,96.0,7.7,86.0,0.0,0.0,0.0,0.0,0.0,0.0,0.2,41.7,41.7,0.0,2.5,76.0,1015.7,1015.7,2.7,4.7
2024-04-22 05:24:48+02:00,1.6,1.6,-0.3,1.1,96.0,7.7,86.0,0.0,0.0,0.0,0.0,0.0,0.0,0.2,41.7,41.7,0.5,2.5,30.0,1015.6,1015.6,2.7,4.7
2024-04-22 05:29:04+02:00,1.5,1.5,-0.7,1.0,96.0,7.7,86.0,0.0,0.0,0.0,0.0,0.0,0.0,0.2,41.7,41.7,1.9,2.9,96.0,1015.8,1015.8,2.7,4.7
2024-04-22 05:35:28+02:00,1.4,1.4,-1.1,0.8,96.0,7.7,86.0,0.0,0.0,0.0,0.0,0.0,0.0,0.2,41.7,41.7,3.0,3.6,105.0,1015.6,1015.6,2.7,4.7
2024-04-22 05:39:44+02:00,1.5,1.5,-0.9,1.0,96.0,7.7,86.0,0.0,0.0,0.0,0.0,0.0,0.0,0.2,41.7,41.7,3.0,4.0,102.0,1015.5,1015.5,2.7,4.7
2024-04-22 05:44:00+02:00,1.4,1.4,-0.7,0.9,96.0,7.7,86.0,0.0,0.0,0.0,0.0,0.0,0.0,0.2,41.7,41.7,1.2,3.2,102.0,1015.6,1015.6,2.7,4.7
2024-04-22 05:50:24+02:00,1.3,1.3,-1.0,0.8,96.0,7.6,86.0,0.0,0.0,0.0,0.0,0.0,0.0,0.2,41.7,41.7,2.4,3.2,97.0,1015.5,1015.5,2.7,4.7
2024-04-22 05:54:40+02:00,1.3,1.3,-1.0,0.9,97.0,7.6,86.0,0.1,0.0,0.0,0.0,0.0,0.0,0.2,41.7,41.7,2.4,3.2,101.0,1015.4,1015.4,2.7,4.7
2024-04-22 06:01:04+02:00,1.2,1.2,-1.1,0.7,96.0,7.6,86.0,0.2,0.0,0.0,0.0,0.0,0.0,0.2,41.7,41.7,2.1,2.9,95.0,1015.5,1015.5,2.7,4.7
2024-04-22 06:05:20+02:00,1.1,1.1,-1.2,0.6,96.0,7.6,86.0,0.5,0.0,0.0,0.0,0.0,0.0,0.2,41.7,41.7,2.1,2.9,104.0,1015.5,1015.5,2.7,4.6
2024-04-22 06:09:36+02:00,1.1,1.1,-1.3,0.7,97.0,7.6,86.0,0.8,0.0,0.0,0.0,0.0,0.0,0.2,41.7,41.7,2.7,3.6,99.0,1015.5,1015.5,2.7,4.6
2024-04-22 06:16:00+02:00,1.4,1.4,-1.0,0.9,97.0,7.5,86.0,1.3,0.0,0.0,0.0,0.0,0.0,0.2,41.7,41.7,3.1,3.6,104.0,1015.5,1015.5,2.7,4.6
2024-04-22 06:20:16+02:00,1.5,1.5,-1.0,1.0,97.0,7.5,86.0,2.0,0.0,0.0,0.0,0.0,0.0,0.2,41.7,41.7,3.1,4.0,105.0,1015.5,1015.5,2.7,4.6
2024-04-22 06:24:32+02:00,1.5,1.5,-1.0,1.1,97.0,7.5,86.0,2.8,0.0,0.0,0.0,0.0,0.0,0.2,41.7,41.7,3.6,4.3,106.0,1015.5,1015.5,2.7,4.6
2024-04-22 06:30:56+02:00,1.5,1.5,-1.1,1.1,97.0,7.5,86.0,4.0,0.0,0.0,0.0,0.0,0.0,0.2,41.7,41.7,3.9,4.3,110.0,1015.4,1015.4,2.7,4.6
2024-04-22 06:35:12+02:00,1.6,1.6,-0.9,1.1,97.0,7.5,86.0,5.5,0.0,0.0,0.0,0.0,0.0,0.2,41.7,41.7,3.2,4.3,105.0,1015.5,1015.5,2.7,4.6
2024-04-22 06:39:28+02:00,1.5,1.5,-0.9,1.1,97.0,7.5,86.0,7.5,0.0,0.0,0.0,0.0,0.0,0.2,41.7,41.7,2.9,3.6,105.0,1015.5,1015.5,2.7,4.6
2024-04-22 06:45:52+02:00,1.6,1.6,-0.9,1.1,97.0,7.4,86.0,9.6,0.0,0.0,0.0,0.0,0.0,0.2,41.7,41.7,3.5,4.3,102.0,1015.5,1015.5,2.7,4.6
2024-04-22 06:50:08+02:00,1.7,1.7,-0.8,1.2,97.0,7.4,86.0,11.8,0.0,0.0,0.0,0.0,0.0,0.2,41.7,41.7,3.6,4.3,108.0,1015.4,1015.4,2.7,4.6
2024-04-22 06:54:24+02:00,1.6,1.6,-1.0,1.2,97.0,7.4,86.0,14.9,0.0,0.0,0.0,0.0,0.0,0.2,41.7,41.7,4.0,4.7,109.0,1015.5,1015.5,2.7,4.6
2024-04-22 07:00:48+02:00,1.7,1.7,-0.8,1.3,97.0,7.4,86.0,19.4,0.0,0.0,0.0,0.0,0.0,0.2,41.7,41.7,3.7,4.7,107.0,1015.6,1015.6,2.7,4.6
2024-04-22 07:05:04+02:00,1.8,1.8,-0.6,1.3,97.0,7.4,86.0,24.9,0.0,0.0,0.0,0.0,0.0,0.2,41.7,41.7,3.2,4.7,104.0,1015.5,1015.5,2.7,4.6
2024-04-22 07:09:20+02:00,1.8,1.8,-0.3,1.3,97.0,7.4,86.0,30.4,0.0,0.0,0.0,0.0,0.0,0.2,41.7,41.7,1.7,2.9,94.0,1015.6,1015.6,2.7,4.6
2024-04-22 07:15:44+02:00,1.9,1.9,0.0,1.4,97.0,7.4,86.0,35.4,0.0,0.0,0.0,0.0,0.0,0.2,41.7,41.7,0.8,2.9,82.0,1015.6,1015.6,2.7,4.6
2024-04-22 07:20:00+02:00,2.0,2.0,0.0,1.6,97.0,7.4,86.0,38.2,0.0,0.0,0.0,0.0,0.0,0.2,41.7,41.7,1.3,2.9,64.0,1015.6,1015.6,2.7,4.6
2024-04-22 07:24:16+02:00,2.1,2.1,0.2,1.7,97.0,7.4,86.0,39.5,0.0,0.0,0.0,0.0,0.0,0.2,41.7,41.7,0.8,2.9,103.0,1015.6,1015.6,2.7,4.6
2024-04-22 07:30:40+02:00,2.2,2.2,0.3,1.8,97.0,7.4,86.0,42.2,0.0,0.0,0.0,0.0,0.0,0.2,41.7,41.7,1.3,3.2,108.0,1015.6,1015.6,2.7,4.6
2024-04-22 07:34:56+02:00,2.3,2.3,0.6,1.9,97.0,7.4,86.0,48.8,0.0,0.0,0.0,0.0,0.0,0.2,41.7,41.7,0.4,2.9,51.0,1015.6,1015.6,2.7,4.6
2024-04-22 07:39:12+02:00,2.5,2.5,0.7,2.1,97.0,7.5,86.0,57.7,0.0,0.0,0.0,0.0,0.0,0.2,41.7,41.7,0.9,3.2,103.0,1015.6,1015.6,2.7,4.6
2024-04-22 07:45:36+02:00,2.7,2.7,0.8,2.3,97.0,7.5,87.0,64.6,0.0,0.0,0.0,0.0,0.0,0.2,41.7,41.7,1.2,3.2,161.0,1015.7,1015.7,2.7,4.6
2024-04-22 07:49:52+02:00,3.0,3.0,1.3,2.4,96.0,7.5,87.0,68.4,0.0,0.0,0.0,0.0,0.0,0.2,41.7,41.7,0.4,3.6,30.0,1015.6,1015.6,2.7,4.6
2024-04-22 07:54:08+02:00,3.2,3.2,1.3,2.4,95.0,7.6,87.0,69.8,0.0,0.0,0.0,0.0,0.0,0.2,41.7,41.7,1.7,7.9,36.0,1015.6,1015.6,2.7,4.7
2024-04-22 08:00:32+02:00,3.5,3.3,1.3,2.3,92.0,7.6,87.0,70.7,0.0,0.0,0.0,0.0,0.0,0.2,41.7,41.7,3.2,7.9,19.0,1015.5,1015.5,2.7,4.7
2024-04-22 08:04:48+02:00,3.8,3.5,1.6,2.2,89.0,7.7,87.0,74.6,0.0,0.0,0.0,0.0,0.0,0.2,41.7,41.7,3.3,7.6,4.0,1015.5,1015.5,2.7,4.7
2024-04-22 08:09:04+02:00,4.2,4.2,2.2,2.3,88.0,7.7,87.0,77.6,0.0,0.0,0.0,0.0,0.0,0.2,41.7,41.7,1.7,7.6,89.0,1015.4,1015.4,2.7,4.7
2024-04-22 08:15:28+02:00,4.4,4.4,2.4,2.5,87.0,7.8,87.0,78.7,0.0,0.0,0.0,0.0,0.0,0.2,41.7,41.7,2.4,4.7,95.0,1015.4,1015.4,2.7,4.7
2024-04-22 08:19:44+02:00,4.6,4.1,2.1,2.3,85.0,7.8,88.0,79.6,0.0,0.0,0.0,0.0,0.0,0.2,41.7,41.7,4.8,6.5,68.0,1015.4,1015.4,2.7,4.7
2024-04-22 08:24:00+02:00,4.8,4.8,2.4,2.2,83.0,7.9,88.0,139.5,1.0,0.0,0.0,0.0,0.0,0.2,41.7,41.7,3.9,8.3,86.0,1015.4,1015.4,2.7,4.7
2024-04-22 08:30:24+02:00,5.1,5.1,2.8,2.3,82.0,8.0,88.0,156.0,1.0,0.0,0.0,0.0,0.0,0.2,41.7,41.7,3.6,6.8,83.0,1015.4,1015.4,2.7,4.7
2024-04-22 08:34:40+02:00,5.7,5.7,3.7,2.4,79.0,8.0,88.0,171.5,1.0,0.0,0.0,0.0,0.0,0.2,41.7,41.7,2.3,7.6,48.0,1015.4,1015.4,2.7,4.8
2024-04-22 08:38:56+02:00,5.9,5.7,3.7,2.5,78.0,8.2,88.0,158.0,1.0,0.0,0.0,0.0,0.0,0.2,41.7,41.7,3.5,6.5,11.0,1015.5,1015.5,2.7,4.8
2024-04-22 08:45:20+02:00,5.8,5.8,3.6,2.5,79.0,8.2,88.0,135.8,1.0,0.0,0.0,0.0,0.0,0.2,41.7,41.7,3.2,6.5,92.0,1015.4,1015.4,2.7,4.9
2024-04-22 08:49:36+02:00,5.9,5.9,4.3,2.6,79.0,8.3,88.0,153.0,1.0,0.0,0.0,0.0,0.0,0.2,41.7,41.7,0.6,5.0,298.0,1015.3,1015.3,2.7,4.9
2024-04-22 08:56:00+02:00,6.1,6.1,4.0,2.8,79.0,8.5,88.0,210.2,1.0,0.0,0.0,0.0,0.0,0.2,41.7,41.7,2.9,5.8,107.0,1015.3,1015.3,2.7,4.9
2024-04-22 09:00:16+02:00,6.6,6.6,4.5,2.9,77.0,8.7,88.0,219.3,2.0,0.0,0.0,0.0,0.0,0.2,41.7,41.7,3.0,6.1,314.0,1015.3,1015.3,2.7,4.9
2024-04-22 09:04:32+02:00,6.6,6.2,4.1,2.6,75.0,9.0,88.0,212.8,1.0,0.0,0.0,0.0,0.0,0.2,41.7,41.7,4.8,10.4,358.0,1015.3,1015.3,2.7,5.0
2024-04-22 09:10:56+02:00,6.6,6.6,4.5,2.3,74.0,9.2,89.0,205.7,1.0,0.0,0.0,0.0,0.0,0.2,41.7,41.7,2.1,7.6,103.0,1015.3,1015.3,2.7,5.0
2024-04-22 09:15:12+02:00,6.9,6.6,4.6,2.5,73.0,9.3,89.0,227.9,2.0,0.0,0.0,0.0,0.0,0.2,41.7,41.7,4.0,6.1,272.0,1015.3,1015.3,2.7,5.1
2024-04-22 09:25:52+02:00,7.2,6.0,4.2,2.1,70.0,9.8,89.0,241.5,2.0,0.0,0.0,0.0,0.0,0.2,41.7,41.7,6.8,10.8,28.0,1015.2,1015.2,2.7,5.2
2024-04-22 09:30:08+02:00,7.1,6.9,4.8,1.8,69.0,9.9,89.0,249.8,2.0,0.0,0.0,0.0,0.0,0.2,41.7,41.7,2.7,10.8,52.0,1015.2,1015.2,2.7,5.2
2024-04-22 09:34:24+02:00,7.3,6.8,4.8,1.6,67.0,10.1,89.0,249.7,2.0,0.0,0.0,0.0,0.0,0.2,41.7,41.7,3.7,9.4,73.0,1015.2,1015.2,2.7,5.2
2024-04-22 09:40:48+02:00,7.7,7.6,5.1,1.1,63.0,10.3,89.0,259.3,2.0,0.0,0.0,0.0,0.0,0.2,41.7,41.7,4.1,11.2,91.0,1015.2,1015.2,2.7,5.2
2024-04-22 09:45:04+02:00,7.9,7.6,5.3,1.4,63.0,10.5,89.0,274.2,2.0,0.0,0.0,0.0,0.0,0.2,41.7,41.7,4.2,11.2,89.0,1015.2,1015.2,2.7,5.2
2024-04-22 09:49:20+02:00,8.2,7.7,5.5,1.5,63.0,10.8,89.0,275.4,2.0,0.0,0.0,0.0,0.0,0.2,41.7,41.7,4.7,10.4,337.0,1015.0,1015.0,2.7,5.2
2024-04-22 09:55:44+02:00,8.1,7.7,5.4,1.2,62.0,11.1,88.0,291.6,2.0,0.0,0.0,0.0,0.0,0.2,41.7,41.7,4.4,10.1,39.0,1015.1,1015.1,2.7,5.2
2024-04-22 10:00:00+02:00,8.0,7.6,5.5,1.3,63.0,11.4,88.0,319.7,2.0,0.0,0.0,0.0,0.0,0.2,41.7,41.7,3.8,12.6,333.0,1015.1,1015.1,2.7,5.2
2024-04-22 10:04:16+02:00,8.0,7.4,5.0,0.7,60.0,11.8,88.0,325.3,3.0,0.0,0.0,0.0,0.0,0.2,41.7,41.7,5.8,15.8,12.0,1015.1,1015.1,2.7,5.2
2024-04-22 10:10:40+02:00,8.0,7.3,5.2,0.7,60.0,12.1,88.0,345.7,3.0,0.0,0.0,0.0,0.0,0.2,41.7,41.7,5.0,15.1,324.0,1015.2,1015.2,2.7,5.2
2024-04-22 10:14:56+02:00,8.3,8.2,5.7,1.0,60.0,12.3,88.0,379.6,3.0,0.0,0.0,0.0,0.0,0.2,41.7,41.7,4.0,9.4,49.0,1015.1,1015.1,2.7,5.2
2024-04-22 10:19:12+02:00,9.1,9.0,6.6,1.0,57.0,12.6,88.0,386.8,3.0,0.0,0.0,0.0,0.0,0.2,41.7,41.7,3.5,15.1,97.0,1015.1,1015.1,2.7,5.2
2024-04-22 10:25:36+02:00,8.2,7.1,4.7,-0.2,56.0,12.8,88.0,267.2,2.0,0.0,0.0,0.0,0.0,0.2,41.7,41.7,7.7,18.7,13.0,1015.1,1015.1,2.7,5.2
2024-04-22 10:29:52+02:00,7.5,6.4,4.1,-0.4,57.0,13.0,87.0,253.2,2.0,0.0,0.0,0.0,0.0,0.2,41.7,41.7,6.9,18.7,18.0,1015.0,1015.0,2.7,5.2
2024-04-22 10:34:08+02:00,7.8,7.1,4.8,-0.2,57.0,13.2,87.0,248.6,2.0,0.0,0.0,0.0,0.0,0.2,41.7,41.7,5.0,10.4,13.0,1015.1,1015.1,2.7,5.2
2024-04-22 10:40:32+02:00,7.8,6.6,4.2,-0.2,57.0,13.3,87.0,309.0,2.0,0.0,0.0,0.0,0.0,0.2,41.7,41.7,7.9,15.8,292.0,1015.0,1015.0,2.7,5.2
2024-04-22 10:44:48+02:00,7.9,7.2,4.9,-0.6,55.0,13.5,87.0,323.5,3.0,0.0,0.0,0.0,0.0,0.2,41.7,41.7,4.9,10.1,7.0,1015.0,1015.0,2.7,5.2
2024-04-22 10:49:04+02:00,8.4,7.6,5.1,-0.3,54.0,13.7,87.0,287.7,2.0,0.0,0.0,0.0,0.0,0.2,41.7,41.7,6.5,11.5,64.0,1014.9,1014.9,2.7,5.2
2024-04-22 10:55:28+02:00,8.3,7.6,5.2,-0.2,55.0,13.8,87.0,276.0,2.0,0.0,0.0,0.0,0.0,0.2,41.7,41.7,5.8,10.1,42.0,1015.0,1015.0,2.7,5.2
2024-04-22 10:59:44+02:00,8.2,7.0,4.8,-0.2,55.0,14.0,87.0,278.4,2.0,0.0,0.0,0.0,0.0,0.2,41.7,41.7,7.5,14.0,14.0,1014.9,1014.9,2.7,5.2
2024-04-22 11:04:00+02:00,8.2,7.4,4.9,-0.2,56.0,14.1,87.0,227.4,2.0,0.0,0.0,0.0,0.0,0.2,41.7,41.7,6.5,13.0,301.0,1014.9,1014.9,2.7,5.2
2024-04-22 11:10:24+02:00,8.1,7.9,5.2,-0.4,55.0,14.2,87.0,223.1,2.0,0.0,0.0,0.0,0.0,0.2,41.7,41.7,4.6,13.3,33.0,1014.8,1014.8,2.7,5.2
2024-04-22 11:14:40+02:00,7.9,7.5,5.1,-0.3,56.0,14.3,86.0,235.0,2.0,0.0,0.0,0.0,0.0,0.2,41.7,41.7,4.0,10.8,281.0,1014.8,1014.8,2.7,5.2
2024-04-22 11:21:04+02:00,8.1,6.9,4.5,-0.5,55.0,14.3,86.0,247.0,2.0,0.0,0.0,0.0,0.0,0.2,41.7,41.7,7.7,15.5,295.0,1014.8,1014.8,2.7,5.2
2024-04-22 11:25:20+02:00,8.0,7.4,5.0,-0.3,56.0,14.4,87.0,241.5,2.0,0.0,0.0,0.0,0.0,0.2,41.7,41.7,5.0,10.1,311.0,1014.7,1014.7,2.7,5.2
2024-04-22 11:29:36+02:00,8.2,7.7,5.1,-0.2,55.0,14.5,87.0,238.8,2.0,0.0,0.0,0.0,0.0,0.2,41.7,41.7,5.4,14.0,40.0,1014.8,1014.8,2.7,5.2
2024-04-22 11:36:00+02:00,8.2,7.8,5.2,-0.4,55.0,14.5,87.0,239.0,2.0,0.0,0.0,0.0,0.0,0.2,41.7,41.7,5.0,9.7,79.0,1014.8,1014.8,2.7,5.2
2024-04-22 11:40:16+02:00,8.5,7.4,5.0,-0.4,53.0,14.6,87.0,279.1,2.0,0.0,0.0,0.0,0.0,0.2,41.7,41.7,7.5,17.6,17.0,1014.7,1014.7,2.7,5.2
2024-04-22 11:44:32+02:00,8.5,7.6,5.1,-0.6,52.0,14.7,87.0,318.4,2.0,0.0,0.0,0.0,0.0,0.2,41.7,41.7,7.1,13.7,305.0,1014.8,1014.8,2.7,5.2
2024-04-22 11:50:56+02:00,8.2,7.3,4.8,-0.9,52.0,14.7,87.0,345.9,3.0,0.0,0.0,0.0,0.0,0.2,41.7,41.7,6.7,17.3,347.0,1014.8,1014.8,2.7,5.2
2024-04-22 11:55:12+02:00,8.5,8.2,5.5,-0.7,52.0,14.8,87.0,415.9,3.0,0.0,0.0,0.0,0.0,0.2,41.7,41.7,4.5,13.7,44.0,1014.8,1014.8,2.7,5.2
2024-04-22 11:59:28+02:00,9.0,7.9,5.2,-0.7,51.0,15.0,87.0,387.7,3.0,0.0,0.0,0.0,0.0,0.2,41.7,41.7,8.5,17.3,24.0,1014.8,1014.8,2.7,5.2
2024-04-22 12:05:52+02:00,8.5,7.5,4.8,-1.8,49.0,15.0,87.0,309.2,2.0,0.0,0.0,0.0,0.0,0.2,41.7,41.7,7.2,18.4,34.0,1014.7,1014.7,2.7,5.2
2024-04-22 12:10:08+02:00,8.6,7.8,5.0,-1.7,48.0,15.1,88.0,246.8,2.0,0.0,0.0,0.0,0.0,0.2,41.7,41.7,6.8,12.6,335.0,1014.7,1014.7,2.7,5.2
2024-04-22 12:14:24+02:00,8.5,7.6,5.0,-0.8,52.0,15.2,88.0,237.9,2.0,0.0,0.0,0.0,0.0,0.2,41.7,41.7,7.0,13.3,345.0,1014.5,1014.5,2.7,5.2
2024-04-22 12:20:48+02:00,8.7,7.9,5.4,-1.0,51.0,15.2,88.0,153.9,1.0,0.0,0.0,0.0,0.0,0.2,41.7,41.7,5.6,14.4,310.0,1014.5,1014.5,2.7,5.2
2024-04-22 12:25:04+02:00,8.1,7.4,4.8,-1.2,52.0,15.2,88.0,156.8,1.0,0.0,0.0,0.0,0.0,0.2,41.7,41.7,6.0,11.5,326.0,1014.4,1014.4,2.7,5.2
2024-04-22 12:29:20+02:00,8.1,7.8,5.2,-0.2,56.0,15.3,88.0,114.7,1.0,0.0,0.0,0.0,0.0,0.2,41.7,41.7,4.4,23.0,350.0,1014.5,1014.5,2.7,5.2
2024-04-22 12:35:44+02:00,7.7,7.1,4.6,-0.4,57.0,15.3,88.0,145.6,1.0,0.0,0.0,0.0,0.0,0.2,41.7,41.7,5.8,15.1,39.0,1014.4,1014.4,2.7,5.2
2024-04-22 12:40:00+02:00,7.5,6.2,3.8,-0.1,59.0,15.3,88.0,300.0,2.0,0.0,0.0,0.0,0.0,0.2,41.7,41.7,8.6,20.5,24.0,1014.5,1014.5,2.7,5.2
2024-04-22 12:44:16+02:00,7.5,7.3,4.9,1.0,64.0,15.3,88.0,300.9,2.0,0.0,0.0,0.0,0.0,0.2,41.7,41.7,3.8,11.5,86.0,1014.4,1014.4,2.7,5.2
2024-04-22 12:50:40+02:00,7.7,6.6,4.3,0.6,61.0,15.3,88.0,364.4,3.0,0.0,0.0,0.0,0.0,0.2,41.7,41.7,7.3,14.0,348.0,1014.3,1014.3,2.7,5.2
2024-04-22 12:54:56+02:00,8.2,7.7,5.1,0.4,58.0,15.3,88.0,426.3,3.0,0.0,0.0,0.0,0.0,0.2,41.7,41.7,5.8,10.4,334.0,1014.3,1014.3,2.7,5.2
2024-04-22 12:59:12+02:00,8.5,7.5,5.2,0.9,59.0,15.4,88.0,451.2,4.0,0.0,0.0,0.0,0.0,0.2,41.7,41.7,7.7,20.2,110.0,1014.2,1014.2,2.7,5.2
2024-04-22 13:05:36+02:00,8.7,8.5,5.9,0.5,56.0,15.5,88.0,318.2,2.0,0.0,0.0,0.0,0.0,0.2,41.7,41.7,4.7,14.0,85.0,1014.1,1014.1,2.7,5.2
2024-04-22 13:09:52+02:00,8.9,8.4,6.0,0.5,56.0,15.5,88.0,408.0,3.0,0.0,0.0,0.0,0.0,0.2,41.7,41.7,5.2,10.1,104.0,1014.2,1014.2,2.7,5.2
2024-04-22 13:14:08+02:00,8.7,8.2,5.8,0.5,56.0,15.6,88.0,307.0,2.0,0.0,0.0,0.0,0.0,0.2,41.7,41.7,5.0,15.1,41.0,1013.9,1013.9,2.7,5.2
2024-04-22 13:20:32+02:00,8.6,7.8,5.4,0.4,56.0,15.6,88.0,288.0,2.0,0.0,0.0,0.0,0.0,0.2,41.7,41.7,6.1,13.0,69.0,1013.9,1013.9,2.7,5.2
2024-04-22 13:24:48+02:00,8.5,8.1,5.6,0.5,57.0,15.7,88.0,201.2,1.0,0.0,0.0,0.0,0.0,0.2,41.7,41.7,4.9,12.2,67.0,1014.0,1014.0,2.7,5.2
2024-04-22 13:29:04+02:00,8.5,7.5,5.3,1.1,59.0,15.7,88.0,137.5,1.0,0.0,0.0,0.0,0.0,0.2,41.7,41.7,7.3,16.6,46.0,1014.0,1014.0,2.7,5.2
2024-04-22 13:35:28+02:00,8.0,7.6,5.2,1.1,62.0,15.7,88.0,109.8,1.0,0.0,0.0,0.0,0.0,0.2,41.7,41.7,5.3,16.6,48.0,1014.0,1014.0,2.7,5.2
2024-04-22 13:39:44+02:00,7.8,6.9,4.7,1.2,63.0,15.7,88.0,85.9,0.0,0.0,0.0,0.0,0.0,0.2,41.7,41.7,6.8,15.8,81.0,1014.1,1014.1,2.7,5.2
2024-04-22 13:44:00+02:00,7.3,7.0,4.6,0.9,64.0,15.7,88.0,53.6,0.0,0.0,0.0,0.0,0.0,0.2,41.7,41.7,4.2,12.6,9.0,1014.3,1014.3,2.7,5.2
2024-04-22 13:50:24+02:00,6.6,4.1,2.3,1.2,68.0,15.7,88.0,39.1,0.0,0.0,0.0,0.0,0.0,0.2,41.7,41.7,13.3,22.7,279.0,1014.3,1014.3,2.7,5.2
2024-04-22 13:54:40+02:00,5.1,2.0,0.6,2.0,81.0,15.6,87.0,34.6,0.0,0.0,0.0,0.0,0.0,0.2,41.7,41.7,14.2,26.6,295.0,1014.3,1014.3,2.7,5.2
2024-04-22 13:58:56+02:00,4.2,1.7,0.5,2.2,86.0,15.6,87.0,36.9,0.0,0.0,0.0,0.0,0.0,0.2,41.7,41.7,10.7,27.0,297.0,1014.5,1014.5,2.7,5.2
2024-04-22 14:05:20+02:00,3.8,1.1,0.0,2.1,89.0,15.5,86.0,54.2,0.0,1.8,0.3,0.3,0.3,0.5,42.0,42.0,10.7,20.5,276.0,1014.5,1014.5,2.7,5.2
2024-04-22 14:09:36+02:00,3.7,3.7,1.7,2.4,91.0,15.4,86.0,70.0,0.0,2.4,0.4,0.4,0.4,0.6,42.1,42.1,2.2,15.8,253.0,1014.5,1014.5,2.7,5.2
2024-04-22 14:16:00+02:00,3.6,2.1,0.6,2.3,91.0,15.3,85.0,68.7,0.0,2.4,0.5,0.5,0.5,0.7,42.2,42.2,7.1,15.1,269.0,1014.5,1014.5,2.7,5.2
2024-04-22 14:20:16+02:00,3.5,1.3,0.2,2.3,92.0,15.2,85.0,79.5,0.0,1.8,0.7,0.7,0.7,0.9,42.4,42.4,8.2,13.7,277.0,1014.5,1014.5,2.7,5.2
2024-04-22 14:24:32+02:00,3.3,1.2,-0.1,2.2,92.0,14.9,85.0,88.2,0.0,1.8,0.8,0.8,0.8,1.0,42.5,42.5,9.1,17.6,283.0,1014.6,1014.6,2.7,5.2
2024-04-22 14:30:56+02:00,3.3,1.2,0.0,2.3,93.0,14.8,84.0,90.1,0.0,1.8,0.9,0.9,0.9,1.1,42.6,42.6,8.6,17.6,284.0,1014.7,1014.7,2.7,5.2
2024-04-22 14:35:12+02:00,3.2,0.8,-0.2,2.2,93.0,14.7,84.0,90.7,0.0,1.2,1.0,1.0,1.0,1.2,42.7,42.7,9.5,19.8,290.0,1014.6,1014.6,2.7,5.2
2024-04-22 14:39:28+02:00,3.0,1.4,-0.2,1.8,91.0,14.5,84.0,80.6,0.0,1.8,1.2,1.2,1.2,1.4,42.9,42.9,7.6,19.8,286.0,1014.6,1014.6,2.7,5.2
2024-04-22 14:45:52+02:00,3.0,0.9,-0.3,1.8,92.0,14.4,84.0,76.2,0.0,2.4,1.4,1.4,1.4,1.6,43.1,43.1,8.6,16.9,282.0,1014.6,1014.6,2.7,5.1
2024-04-22 14:50:08+02:00,2.8,0.4,-0.7,1.4,91.0,14.2,84.0,96.5,0.0,3.0,1.7,1.7,1.7,1.9,43.4,43.4,8.9,15.5,287.0,1014.7,1014.7,2.7,5.1
2024-04-22 14:54:24+02:00,2.8,1.4,-0.2,1.4,91.0,14.1,84.0,117.4,1.0,3.6,2.0,2.0,2.0,2.2,43.7,43.7,6.0,14.0,287.0,1014.6,1014.6,2.7,5.1
2024-04-22 15:00:48+02:00,2.7,0.7,-0.4,1.6,92.0,14.0,83.0,120.6,1.0,3.6,2.1,2.1,2.0,2.3,43.8,43.8,7.2,11.5,300.0,1014.6,1014.6,2.7,5.1
2024-04-22 15:05:04+02:00,3.0,3.0,0.9,1.8,92.0,13.7,83.0,129.5,1.0,3.0,2.5,2.5,2.2,2.7,44.2,44.2,2.2,5.4,335.0,1014.5,1014.5,2.7,5.2
2024-04-22 15:09:20+02:00,3.0,2.8,0.7,1.9,92.0,13.5,83.0,153.5,1.0,3.0,2.7,2.7,2.3,2.9,44.4,44.4,3.3,7.2,356.0,1014.5,1014.5,2.7,5.2
2024-04-22 15:15:44+02:00,3.4,3.4,1.2,2.3,92.0,13.4,84.0,159.3,1.0,3.0,2.9,2.9,2.4,3.1,44.6,44.6,2.9,5.4,98.0,1014.4,1014.4,2.7,5.2
2024-04-22 15:20:00+02:00,3.5,3.3,1.1,2.4,92.0,13.3,83.0,151.9,1.0,2.4,3.0,3.0,2.3,3.2,44.7,44.7,4.3,6.1,91.0,1014.4,1014.4,2.7,5.2
2024-04-22 15:24:16+02:00,3.7,3.5,1.3,2.6,92.0,13.2,83.0,121.9,1.0,1.8,3.2,3.2,2.4,3.4,44.9,44.9,4.2,7.9,63.0,1014.3,1014.3,2.7,5.2
2024-04-22 15:30:40+02:00,3.7,3.5,1.5,2.6,92.0,13.1,83.0,109.5,1.0,2.4,3.4,3.4,2.5,3.6,45.1,45.1,3.2,8.3,30.0,1014.2,1014.2,2.7,5.2
2024-04-22 15:34:56+02:00,3.7,2.9,1.3,2.5,92.0,13.0,83.0,96.8,0.0,1.8,3.5,3.5,2.5,3.7,45.2,45.2,4.4,6.8,34.0,1014.2,1014.2,2.7,5.2
2024-04-22 15:39:12+02:00,3.8,3.8,1.5,2.6,92.0,12.9,84.0,87.6,0.0,1.8,3.6,3.6,2.4,3.8,45.3,45.3,3.8,6.5,95.0,1014.2,1014.2,2.7,5.2
2024-04-22 15:45:36+02:00,3.7,2.9,1.3,2.4,91.0,12.8,84.0,85.0,0.0,1.8,3.7,3.7,2.2,3.9,45.4,45.4,4.2,7.6,56.0,1014.0,1014.0,2.7,5.2
2024-04-22 15:49:52+02:00,3.7,2.3,1.0,2.5,92.0,12.7,84.0,70.6,0.0,2.4,4.0,4.0,2.2,4.2,45.7,45.7,5.8,10.4,101.0,1014.1,1014.1,2.7,5.2
2024-04-22 15:54:08+02:00,3.6,2.0,0.8,2.4,92.0,12.6,84.0,78.8,0.0,2.4,4.1,4.1,2.0,4.3,45.8,45.8,6.3,10.1,104.0,1014.0,1014.0,2.7,5.2
2024-04-22 16:00:32+02:00,3.6,1.8,0.6,2.5,92.0,12.5,83.0,86.2,0.0,2.4,4.2,4.2,1.9,4.4,45.9,45.9,7.2,10.4,111.0,1013.9,1013.9,2.7,5.2
2024-04-22 16:04:48+02:00,3.8,1.5,0.5,2.7,93.0,12.3,84.0,130.2,1.0,1.8,4.4,4.4,1.9,4.6,46.1,46.1,8.9,13.0,113.0,1013.9,1013.9,2.7,5.1
2024-04-22 16:09:04+02:00,3.8,1.4,0.4,2.6,92.0,12.2,83.0,160.7,1.0,1.8,4.5,4.5,1.8,4.7,46.2,46.2,9.3,14.8,121.0,1013.7,1013.7,2.7,5.1
2024-04-22 16:15:28+02:00,4.0,1.3,0.4,2.7,92.0,12.1,83.0,174.4,1.0,1.2,4.5,4.5,1.6,4.7,46.2,46.2,10.5,15.1,117.0,1013.7,1013.7,2.7,5.2
2024-04-22 16:19:44+02:00,4.2,1.0,0.0,2.5,89.0,12.0,83.0,182.8,1.0,0.6,4.5,4.5,1.5,4.7,46.2,46.2,13.2,17.3,120.0,1013.7,1013.7,2.7,5.2
2024-04-22 16:24:00+02:00,4.3,2.4,1.2,2.6,89.0,11.9,83.0,209.9,1.0,0.0,4.5,4.5,1.3,4.7,46.2,46.2,8.1,17.3,111.0,1013.6,1013.6,2.7,5.2
2024-04-22 16:30:24+02:00,4.6,2.7,1.5,2.8,88.0,11.9,84.0,246.8,2.0,0.0,4.5,4.5,1.1,4.7,46.2,46.2,8.1,14.0,123.0,1013.4,1013.4,2.7,5.2
2024-04-22 16:34:40+02:00,5.0,2.9,1.6,2.8,86.0,11.8,84.0,549.6,5.0,0.0,4.5,4.5,1.0,4.7,46.2,46.2,9.4,11.9,124.0,1013.4,1013.4,2.7,5.2
2024-04-22 16:41:04+02:00,5.5,4.0,2.6,3.0,84.0,11.8,84.0,443.5,4.0,0.0,4.5,4.5,0.9,4.7,46.2,46.2,7.1,12.6,122.0,1013.2,1013.2,2.7,5.2
2024-04-22 16:45:20+02:00,5.4,4.2,2.6,2.9,84.0,11.8,84.0,173.4,1.0,0.0,4.5,4.5,0.7,4.7,46.2,46.2,6.4,10.4,128.0,1013.3,1013.3,2.7,5.2
2024-04-22 16:49:36+02:00,5.4,4.4,2.6,2.6,82.0,11.8,84.0,319.5,2.0,0.0,4.5,4.5,0.5,4.7,46.2,46.2,6.2,11.9,118.0,1013.3,1013.3,2.7,5.2
2024-04-22 16:56:00+02:00,6.0,5.3,3.5,3.0,81.0,11.8,84.0,308.1,2.0,0.0,4.5,4.5,0.4,4.7,46.2,46.2,4.9,11.9,118.0,1013.1,1013.1,2.7,5.2
2024-04-22 17:00:16+02:00,6.1,4.9,3.3,2.7,79.0,11.8,84.0,352.6,3.0,0.0,4.5,4.5,0.2,4.7,46.2,46.2,6.5,10.1,119.0,1013.1,1013.1,2.7,5.2
2024-04-22 17:04:32+02:00,6.2,5.4,3.6,2.9,80.0,11.8,84.0,172.9,1.0,0.0,4.5,4.5,0.1,4.7,46.2,46.2,5.2,8.6,124.0,1013.0,1013.0,2.7,5.2
2024-04-22 17:10:56+02:00,6.2,6.2,3.9,2.3,76.0,11.8,84.0,300.7,2.0,0.0,4.5,4.5,0.0,4.7,46.2,46.2,3.5,7.9,96.0,1013.0,1013.0,2.7,5.2
2024-04-22 17:15:12+02:00,7.0,6.7,4.6,2.7,74.0,11.8,85.0,276.0,2.0,0.0,4.5,4.5,0.0,4.7,46.2,46.2,4.1,6.8,15.0,1013.0,1013.0,2.7,5.2
2024-04-22 17:19:28+02:00,7.2,7.2,5.2,2.6,72.0,11.8,85.0,211.7,1.0,0.0,4.5,4.5,0.0,4.7,46.2,46.2,2.2,5.0,275.0,1012.9,1012.9,2.7,5.2
2024-04-22 17:25:52+02:00,7.6,7.4,5.6,2.5,70.0,11.8,85.0,223.4,2.0,0.0,4.5,4.5,0.0,4.7,46.2,46.2,2.0,5.8,246.0,1012.9,1012.9,2.7,5.2
2024-04-22 17:30:08+02:00,7.6,7.6,5.4,2.2,68.0,11.8,85.0,249.8,2.0,0.0,4.5,4.5,0.0,4.7,46.2,46.2,3.2,7.2,323.0,1012.8,1012.8,2.7,5.2
2024-04-22 17:34:24+02:00,7.9,7.6,5.7,2.8,70.0,11.9,86.0,248.2,2.0,0.0,4.5,4.5,0.0,4.7,46.2,46.2,3.3,12.6,307.0,1012.9,1012.9,2.7,5.2
2024-04-22 17:40:48+02:00,8.1,7.8,5.8,2.8,70.0,11.9,86.0,209.9,1.0,0.0,4.5,4.5,0.0,4.7,46.2,46.2,3.7,7.2,303.0,1012.8,1012.8,2.7,5.2
2024-04-22 17:45:04+02:00,7.3,5.8,4.1,2.6,72.0,11.9,86.0,163.5,1.0,0.0,4.5,4.5,0.0,4.7,46.2,46.2,8.3,15.5,292.0,1012.9,1012.9,2.7,5.2
2024-04-22 17:49:20+02:00,6.7,5.3,3.6,2.2,73.0,11.9,86.0,150.9,1.0,0.0,4.5,4.5,0.0,4.7,46.2,46.2,7.4,26.3,301.0,1012.9,1012.9,2.7,5.2
2024-04-22 17:55:44+02:00,6.2,4.6,2.9,1.6,73.0,11.9,86.0,147.1,1.0,0.0,4.5,4.5,0.0,4.7,46.2,46.2,8.2,17.6,302.0,1012.9,1012.9,2.7,5.2
2024-04-22 18:00:00+02:00,5.8,3.6,2.0,1.5,74.0,11.9,86.0,82.4,0.0,0.0,4.5,4.5,0.0,4.7,46.2,46.2,10.7,16.2,279.0,1012.9,1012.9,2.7,5.2
2024-04-22 18:04:16+02:00,5.7,4.4,2.6,1.4,74.0,11.9,86.0,76.8,0.0,0.0,4.5,4.5,0.0,4.7,46.2,46.2,6.7,13.3,270.0,1012.9,1012.9,2.7,5.2
2024-04-22 18:10:40+02:00,5.7,5.2,3.0,1.5,74.0,11.9,86.0,73.8,0.0,0.0,4.5,4.5,0.0,4.7,46.2,46.2,4.5,12.2,279.0,1012.9,1012.9,2.7,5.2
2024-04-22 18:14:56+02:00,5.7,5.6,3.3,1.5,74.0,11.9,86.0,71.0,0.0,0.0,4.5,4.5,0.0,4.7,46.2,46.2,3.2,7.9,293.0,1012.8,1012.8,2.7,5.2
2024-04-22 18:19:12+02:00,5.7,5.5,3.3,1.4,74.0,11.9,86.0,65.3,0.0,0.0,4.5,4.5,0.0,4.7,46.2,46.2,3.2,6.5,330.0,1012.8,1012.8,2.7,5.2
2024-04-22 18:25:36+02:00,5.8,5.8,3.9,1.7,75.0,11.9,86.0,62.4,0.0,0.0,4.5,4.5,0.0,4.7,46.2,46.2,0.9,4.0,272.0,1012.8,1012.8,2.7,5.2
2024-04-22 18:29:52+02:00,5.8,5.8,3.7,1.1,72.0,11.9,86.0,58.3,0.0,0.0,4.5,4.5,0.0,4.7,46.2,46.2,1.3,5.4,276.0,1012.8,1012.8,2.7,5.2
2024-04-22 18:34:08+02:00,5.7,5.7,3.4,1.0,72.0,11.9,86.0,54.8,0.0,0.0,4.5,4.5,0.0,4.7,46.2,46.2,2.6,6.1,259.0,1012.8,1012.8,2.7,5.2
2024-04-22 18:40:32+02:00,5.7,5.7,3.9,1.5,74.0,11.9,86.0,49.1,0.0,0.0,4.5,4.5,0.0,4.7,46.2,46.2,0.0,3.6,261.0,1012.8,1012.8,2.7,5.2
2024-04-22 18:44:48+02:00,5.7,5.7,3.7,1.9,76.0,11.9,86.0,48.5,0.0,0.0,4.5,4.5,0.0,4.7,46.2,46.2,1.3,4.0,298.0,1012.9,1012.9,2.7,5.2
2024-04-22 18:49:04+02:00,5.8,5.8,3.7,1.6,74.0,11.9,86.0,47.7,0.0,0.0,4.5,4.5,0.0,4.7,46.2,46.2,1.9,5.0,92.0,1012.8,1012.8,2.7,5.2
2024-04-22 18:55:28+02:00,5.9,5.9,4.0,1.9,76.0,11.9,86.0,46.5,0.0,0.0,4.5,4.5,0.0,4.7,46.2,46.2,1.2,3.2,106.0,1012.7,1012.7,2.7,5.2
2024-04-22 18:59:44+02:00,5.8,5.8,3.8,1.6,75.0,11.9,86.0,44.4,0.0,0.0,4.5,4.5,0.0,4.7,46.2,46.2,1.2,3.6,288.0,1012.7,1012.7,2.7,5.2
2024-04-22 19:04:00+02:00,5.7,5.7,3.8,1.2,72.0,11.9,86.0,40.0,0.0,0.0,4.5,4.5,0.0,4.7,46.2,46.2,0.9,3.6,106.0,1012.7,1012.7,2.7,5.2
2024-04-22 19:10:24+02:00,5.8,5.8,4.0,1.7,75.0,11.9,86.0,35.8,0.0,0.0,4.5,4.5,0.0,4.7,46.2,46.2,0.8,3.2,106.0,1012.7,1012.7,2.7,5.2
2024-04-22 19:14:40+02:00,5.8,5.8,3.4,1.9,76.0,11.9,86.0,35.4,0.0,0.0,4.5,4.5,0.0,4.7,46.2,46.2,3.8,5.0,108.0,1012.7,1012.7,2.7,5.2
2024-04-22 19:18:56+02:00,5.7,5.7,3.6,1.5,74.0,11.9,86.0,33.6,0.0,0.0,4.5,4.5,0.0,4.7,46.2,46.2,1.9,5.0,24.0,1012.7,1012.7,2.7,5.2
2024-04-22 19:25:20+02:00,5.8,5.8,4.1,1.5,74.0,11.9,86.0,28.4,0.0,0.0,4.5,4.5,0.0,4.7,46.2,46.2,0.0,2.2,125.0,1012.8,1012.8,2.7,5.2
2024-04-22 19:29:36+02:00,5.9,5.9,4.1,2.0,76.0,11.9,86.0,25.3,0.0,0.0,4.5,4.5,0.0,4.7,46.2,46.2,0.6,4.0,119.0,1012.7,1012.7,2.7,5.2
2024-04-22 19:36:00+02:00,5.8,5.8,4.0,1.7,75.0,11.9,86.0,23.1,0.0,0.0,4.5,4.5,0.0,4.7,46.2,46.2,0.4,2.9,107.0,1012.7,1012.7,2.7,5.2
2024-04-22 19:40:16+02:00,5.8,5.8,3.8,1.4,73.0,11.8,86.0,20.0,0.0,0.0,4.5,4.5,0.0,4.7,46.2,46.2,1.2,2.9,171.0,1012.7,1012.7,2.7,5.2
2024-04-22 19:44:32+02:00,5.8,5.8,4.0,1.9,76.0,11.8,86.0,17.7,0.0,0.0,4.5,4.5,0.0,4.7,46.2,46.2,0.5,3.2,84.0,1012.7,1012.7,2.7,5.2
2024-04-22 19:50:56+02:00,5.6,5.6,3.9,2.0,77.0,11.8,86.0,15.1,0.0,0.0,4.5,4.5,0.0,4.7,46.2,46.2,0.4,2.2,105.0,1012.7,1012.7,2.7,5.2
2024-04-22 19:55:12+02:00,5.6,5.6,3.6,2.4,80.0,11.8,86.0,13.0,0.0,0.0,4.5,4.5,0.0,4.7,46.2,46.2,1.8,3.2,91.0,1012.7,1012.7,2.7,5.2
2024-04-22 19:59:28+02:00,5.5,5.5,3.8,2.4,80.0,11.8,86.0,11.3,0.0,0.0,4.5,4.5,0.0,4.7,46.2,46.2,0.4,3.2,65.0,1012.7,1012.7,2.7,5.2
2024-04-22 20:05:52+02:00,5.5,5.5,3.6,2.4,80.0,11.8,86.0,10.0,0.0,0.0,4.5,4.5,0.0,4.7,46.2,46.2,1.3,3.2,54.0,1012.7,1012.7,2.7,5.2
2024-04-22 20:10:08+02:00,5.4,5.4,3.7,1.9,78.0,11.7,86.0,9.4,0.0,0.0,4.5,4.5,0.0,4.7,46.2,46.2,0.4,3.6,7.0,1012.7,1012.7,2.7,5.2
2024-04-22 20:14:24+02:00,5.5,5.5,3.7,2.2,80.0,11.7,86.0,7.7,0.0,0.0,4.5,4.5,0.0,4.7,46.2,46.2,0.7,2.9,66.0,1012.8,1012.8,2.7,5.2
2024-04-22 20:20:48+02:00,5.3,5.3,3.6,2.1,80.0,11.7,86.0,5.9,0.0,0.0,4.5,4.5,0.0,4.7,46.2,46.2,0.4,2.9,84.0,1012.7,1012.7,2.7,5.2
2024-04-22 20:25:04+02:00,5.2,5.2,3.3,2.6,83.0,11.7,86.0,4.7,0.0,0.0,4.5,4.5,0.0,4.7,46.2,46.2,1.7,3.2,104.0,1012.7,1012.7,2.7,5.2
2024-04-22 20:29:20+02:00,5.0,5.0,2.9,2.5,84.0,11.6,86.0,3.6,0.0,0.0,4.5,4.5,0.0,4.7,46.2,46.2,2.5,3.6,108.0,1012.6,1012.6,2.7,5.2
2024-04-22 20:35:44+02:00,4.9,4.9,2.8,2.5,85.0,11.6,86.0,2.6,0.0,0.0,4.5,4.5,0.0,4.7,46.2,46.2,2.7,4.0,103.0,1012.7,1012.7,2.7,5.2
2024-04-22 20:40:00+02:00,4.8,4.8,2.7,2.9,88.0,11.6,86.0,1.7,0.0,0.0,4.5,4.5,0.0,4.7,46.2,46.2,2.9,4.0,103.0,1012.6,1012.6,2.7,5.2
2024-04-22 20:44:16+02:00,4.6,4.6,2.5,2.8,88.0,11.5,86.0,1.0,0.0,0.0,4.5,4.5,0.0,4.7,46.2,46.2,2.8,4.0,105.0,1012.6,1012.6,2.7,5.1
2024-04-22 20:50:40+02:00,4.5,4.5,2.5,2.6,88.0,11.5,86.0,0.6,0.0,0.0,4.5,4.5,0.0,4.7,46.2,46.2,2.0,3.6,98.0,1012.7,1012.7,2.7,5.1
2024-04-22 20:54:56+02:00,4.3,4.3,2.7,2.4,88.0,11.4,86.0,0.3,0.0,0.0,4.5,4.5,0.0,4.7,46.2,46.2,0.4,2.9,41.0,1012.7,1012.7,2.7,5.1
2024-04-22 20:59:12+02:00,4.5,4.5,2.4,2.4,86.0,11.4,86.0,0.2,0.0,0.0,4.5,4.5,0.0,4.7,46.2,46.2,2.5,5.0,43.0,1012.9,1012.9,2.7,5.1
2024-04-22 21:05:36+02:00,4.5,4.5,2.8,2.5,87.0,11.4,86.0,0.0,0.0,0.0,4.5,4.5,0.0,4.7,46.2,46.2,0.4,2.5,95.0,1012.9,1012.9,2.7,5.1
2024-04-22 21:09:52+02:00,4.2,4.2,2.6,2.4,88.0,11.3,86.0,0.0,0.0,0.0,4.5,4.5,0.0,4.7,46.2,46.2,0.4,3.2,82.0,1012.8,1012.8,2.7,5.1
2024-04-22 21:14:08+02:00,4.0,4.0,2.1,2.2,88.0,11.3,86.0,0.0,0.0,0.0,4.5,4.5,0.0,4.7,46.2,46.2,1.4,3.2,96.0,1012.8,1012.8,2.7,5.1
2024-04-22 21:20:32+02:00,3.7,3.7,1.8,2.1,89.0,11.3,86.0,0.0,0.0,0.0,4.5,4.5,0.0,4.7,46.2,46.2,1.6,3.2,98.0,1012.9,1012.9,2.7,5.1
2024-04-22 21:24:48+02:00,3.5,3.5,1.6,2.0,90.0,11.2,86.0,0.0,0.0,0.0,4.5,4.5,0.0,4.7,46.2,46.2,1.5,2.9,90.0,1013.0,1013.0,2.7,5.1
2024-04-22 21:29:04+02:00,3.4,3.4,1.5,2.1,91.0,11.1,85.0,0.0,0.0,0.0,4.5,4.5,0.0,4.7,46.2,46.2,1.4,3.6,87.0,1013.1,1013.1,2.7,5.1
2024-04-22 21:35:28+02:00,3.3,3.3,1.6,2.0,91.0,11.1,85.0,0.0,0.0,0.0,4.5,4.5,0.0,4.7,46.2,46.2,0.4,2.9,289.0,1013.1,1013.1,2.7,5.1
2024-04-22 21:39:44+02:00,3.4,3.4,1.7,1.8,89.0,11.0,85.0,0.0,0.0,0.0,4.5,4.5,0.0,4.7,46.2,46.2,0.0,2.9,21.0,1013.2,1013.2,2.7,5.1
2024-04-22 21:44:00+02:00,3.5,3.5,1.8,1.6,87.0,11.0,85.0,0.0,0.0,0.0,4.5,4.5,0.0,4.7,46.2,46.2,0.0,2.2,339.0,1013.1,1013.1,2.7,5.1
2024-04-22 21:50:24+02:00,3.6,3.6,1.8,1.4,86.0,10.9,85.0,0.0,0.0,0.0,4.5,4.5,0.0,4.7,46.2,46.2,0.0,2.2,116.0,1013.2,1013.2,2.7,5.1
2024-04-22 21:54:40+02:00,3.6,3.6,1.8,1.4,85.0,10.9,85.0,0.0,0.0,0.0,4.5,4.5,0.0,4.7,46.2,46.2,0.0,2.2,321.0,1013.2,1013.2,2.7,5.1
2024-04-22 22:01:04+02:00,3.7,3.7,1.9,1.2,83.0,10.8,85.0,0.0,0.0,0.0,4.5,4.5,0.0,4.7,46.2,46.2,0.4,3.2,37.0,1013.2,1013.2,2.7,5.1
2024-04-22 22:05:20+02:00,3.8,3.8,2.0,1.1,82.0,10.7,85.0,0.0,0.0,0.0,4.5,4.5,0.0,4.7,46.2,46.2,0.0,2.2,68.0,1013.3,1013.3,2.7,5.1
2024-04-22 22:09:36+02:00,3.8,3.8,2.0,1.2,83.0,10.7,85.0,0.0,0.0,0.0,4.5,4.5,0.0,4.7,46.2,46.2,0.0,1.8,101.0,1013.4,1013.4,2.7,5.1
2024-04-22 22:16:00+02:00,3.7,3.7,1.6,1.5,85.0,10.7,85.0,0.0,0.0,0.0,4.5,4.5,0.0,4.7,46.2,46.2,2.1,3.6,96.0,1013.3,1013.3,2.7,5.1
2024-04-22 22:20:16+02:00,3.6,3.6,1.4,1.9,88.0,10.6,85.0,0.0,0.0,0.0,4.5,4.5,0.0,4.7,46.2,46.2,2.9,3.6,99.0,1013.2,1013.2,2.7,5.1
2024-04-22 22:24:32+02:00,3.5,3.5,1.5,1.9,89.0,10.5,85.0,0.0,0.0,0.0,4.5,4.5,0.0,4.7,46.2,46.2,1.6,3.2,98.0,1013.2,1013.2,2.7,5.1
2024-04-22 22:30:56+02:00,3.3,3.3,1.4,1.6,88.0,10.5,85.0,0.0,0.0,0.0,4.5,4.5,0.0,4.7,46.2,46.2,0.8,2.9,177.0,1013.2,1013.2,2.7,5.1
2024-04-22 22:35:12+02:00,3.7,3.7,1.7,1.0,82.0,10.5,85.0,0.0,0.0,0.0,4.5,4.5,0.0,4.7,46.2,46.2,0.8,3.2,340.0,1013.2,1013.2,2.7,5.0
2024-04-22 22:39:28+02:00,3.7,3.7,1.5,1.1,83.0,10.4,85.0,0.0,0.0,0.0,4.5,4.5,0.0,4.7,46.2,46.2,2.1,5.0,81.0,1013.3,1013.3,2.7,5.0
2024-04-22 22:45:52+02:00,3.6,3.6,1.6,1.2,84.0,10.4,85.0,0.0,0.0,0.0,4.5,4.5,0.0,4.7,46.2,46.2,0.9,4.0,90.0,1013.2,1013.2,2.7,5.0
2024-04-22 22:50:08+02:00,3.4,3.4,1.3,1.2,85.0,10.3,85.0,0.0,0.0,0.0,4.5,4.5,0.0,4.7,46.2,46.2,1.3,2.9,89.0,1013.2,1013.2,2.7,5.0
2024-04-22 22:54:24+02:00,3.2,3.2,1.0,1.2,86.0,10.3,85.0,0.0,0.0,0.0,4.5,4.5,0.0,4.7,46.2,46.2,2.3,4.3,101.0,1013.2,1013.2,2.7,5.0
2024-04-22 23:00:48+02:00,3.1,3.1,0.9,1.4,88.0,10.2,85.0,0.0,0.0,0.0,4.5,4.5,0.0,4.7,46.2,46.2,2.4,4.3,94.0,1013.2,1013.2,2.7,5.0
2024-04-22 23:05:04+02:00,2.9,2.9,0.8,1.2,88.0,10.2,85.0,0.0,0.0,0.0,4.5,4.5,0.0,4.7,46.2,46.2,1.4,3.2,93.0,1013.3,1013.3,2.7,5.0
2024-04-22 23:09:20+02:00,2.8,2.8,0.9,1.0,88.0,10.1,85.0,0.0,0.0,0.0,4.5,4.5,0.0,4.7,46.2,46.2,0.4,2.5,78.0,1013.3,1013.3,2.7,5.0
2024-04-22 23:15:44+02:00,3.1,3.1,1.1,0.9,85.0,10.1,85.0,0.0,0.0,0.0,4.5,4.5,0.0,4.7,46.2,46.2,0.9,4.7,288.0,1013.1,1013.1,2.7,5.0
2024-04-22 23:20:00+02:00,3.5,3.5,1.3,0.6,82.0,10.0,85.0,0.0,0.0,0.0,4.5,4.5,0.0,4.7,46.2,46.2,1.4,6.5,27.0,1013.2,1013.2,2.7,5.0
2024-04-22 23:24:16+02:00,3.3,3.3,0.8,1.1,85.0,10.0,85.0,0.0,0.0,0.0,4.5,4.5,0.0,4.7,46.2,46.2,3.6,4.7,104.0,1013.2,1013.2,2.7,5.0
2024-04-22 23:30:40+02:00,3.0,3.0,0.6,0.9,86.0,9.9,85.0,0.0,0.0,0.0,4.5,4.5,0.0,4.7,46.2,46.2,3.0,4.7,100.0,1013.3,1013.3,2.7,5.0
2024-04-22 23:34:56+02:00,2.8,2.8,0.6,0.8,87.0,9.8,85.0,0.0,0.0,0.0,4.5,4.5,0.0,4.7,46.2,46.2,1.7,3.6,100.0,1013.1,1013.1,2.7,5.0
2024-04-22 23:39:12+02:00,2.8,2.8,0.5,0.7,86.0,9.8,85.0,0.0,0.0,0.0,4.5,4.5,0.0,4.7,46.2,46.2,1.9,6.1,79.0,1013.1,1013.1,2.7,5.0
2024-04-22 23:45:36+02:00,2.6,2.6,0.3,0.8,88.0,9.8,85.0,0.0,0.0,0.0,4.5,4.5,0.0,4.7,46.2,46.2,2.4,4.0,103.0,1013.0,1013.0,2.7,5.0
2024-04-22 23:49:52+02:00,2.5,2.5,-0.1,0.8,88.0,9.7,85.0,0.0,0.0,0.0,4.5,4.5,0.0,4.7,46.2,46.2,3.5,4.7,101.0,1013.1,1013.1,2.7,5.0
2024-04-22 23:54:08+02:00,2.4,2.4,-0.1,1.0,90.0,9.6,85.0,0.0,0.0,0.0,4.5,4.5,0.0,4.7,46.2,46.2,3.4,4.3,101.0,1013.2,1013.2,2.7,5.0
2024-04-23 00:00:32+02:00,2.2,2.2,-0.3,0.8,90.0,9.6,85.0,0.0,0.0,0.0,0.0,4.5,0.0,4.7,46.2,46.2,3.0,4.0,100.0,1013.2,1013.2,2.7,5.0
2024-04-23 00:04:48+02:00,2.0,2.0,-0.5,0.7,91.0,9.5,85.0,0.0,0.0,0.0,0.0,4.5,0.0,4.7,46.2,46.2,3.5,4.3,108.0,1013.2,1013.2,2.7,5.0
2024-04-23 00:09:04+02:00,1.9,1.9,-0.6,0.7,92.0,9.5,85.0,0.0,0.0,0.0,0.0,4.5,0.0,4.7,46.2,46.2,3.5,5.0,106.0,1013.1,1013.1,2.7,5.0
2024-04-23 00:15:28+02:00,1.8,1.5,-0.9,0.5,91.0,9.4,85.0,0.0,0.0,0.0,0.0,4.5,0.0,4.7,46.2,46.2,4.3,5.8,108.0,1013.2,1013.2,2.7,5.0
2024-04-23 00:19:44+02:00,1.7,1.4,-1.1,0.6,92.0,9.3,85.0,0.0,0.0,0.0,0.0,4.5,0.0,4.7,46.2,46.2,4.5,5.8,108.0,1013.1,1013.1,2.7,5.0
2024-04-23 00:24:00+02:00,1.7,1.7,-1.0,0.5,92.0,9.3,85.0,0.0,0.0,0.0,0.0,4.5,0.0,4.7,46.2,46.2,3.8,5.8,108.0,1013.1,1013.1,2.7,5.0
2024-04-23 00:30:24+02:00,1.5,1.5,-0.9,0.4,92.0,9.2,84.0,0.0,0.0,0.0,0.0,4.5,0.0,4.7,46.2,46.2,2.8,4.7,100.0,1013.2,1013.2,2.7,5.0
2024-04-23 00:34:40+02:00,1.3,1.3,-1.2,0.1,92.0,9.2,84.0,0.0,0.0,0.0,0.0,4.5,0.0,4.7,46.2,46.2,2.9,4.0,98.0,1013.2,1013.2,2.7,4.9
2024-04-23 00:38:56+02:00,1.3,1.0,-1.4,0.3,93.0,9.1,84.0,0.0,0.0,0.0,0.0,4.5,0.0,4.7,46.2,46.2,4.0,5.4,106.0,1013.2,1013.2,2.7,4.9
2024-04-23 00:45:20+02:00,1.2,1.2,-1.5,0.2,93.0,9.0,84.0,0.0,0.0,0.0,0.0,4.5,0.0,4.7,46.2,46.2,4.0,5.0,105.0,1013.2,1013.2,2.7,4.9
2024-04-23 00:49:36+02:00,1.2,0.8,-1.7,0.3,94.0,8.9,84.0,0.0,0.0,0.0,0.0,4.5,0.0,4.7,46.2,46.2,4.7,5.8,110.0,1013.2,1013.2,2.7,4.9
2024-04-23 00:56:00+02:00,1.1,1.1,-1.6,0.3,94.0,8.9,84.0,0.0,0.0,0.0,0.0,4.5,0.0,4.7,46.2,46.2,4.1,5.4,106.0,1013.2,1013.2,2.7,4.9
2024-04-23 01:00:16+02:00,1.0,1.0,-1.5,0.1,94.0,8.8,84.0,0.0,0.0,0.0,0.0,4.5,0.0,4.7,46.2,46.2,2.7,4.3,91.0,1013.2,1013.2,2.7,4.9
2024-04-23 01:04:32+02:00,0.7,0.7,-1.7,-0.1,94.0,8.7,84.0,0.0,0.0,0.0,0.0,4.5,0.0,4.7,46.2,46.2,2.3,3.2,86.0,1013.2,1013.2,2.7,4.9
2024-04-23 01:10:56+02:00,0.7,0.7,-2.0,-0.2,94.0,8.7,84.0,0.0,0.0,0.0,0.0,4.5,0.0,4.7,46.2,46.2,3.3,4.0,94.0,1013.3,1013.3,2.7,4.9
2024-04-23 01:15:12+02:00,0.8,0.8,-1.9,0.0,95.0,8.6,84.0,0.0,0.0,0.0,0.0,4.5,0.0,4.7,46.2,46.2,3.5,4.3,109.0,1013.2,1013.2,2.7,4.9
2024-04-23 01:19:28+02:00,0.7,0.4,-2.1,0.0,95.0,8.5,84.0,0.0,0.0,0.0,0.0,4.5,0.0,4.7,46.2,46.2,4.4,5.4,107.0,1013.1,1013.1,2.7,4.9
2024-04-23 01:25:52+02:00,0.7,0.7,-2.1,0.0,95.0,8.5,84.0,0.0,0.0,0.0,0.0,4.5,0.0,4.7,46.2,46.2,4.4,5.4,112.0,1013.2,1013.2,2.72,4.9
2024-04-23 01:30:08+02:00,0.7,0.7,-2.0,-0.1,95.0,8.3,84.0,0.0,0.0,0.0,0.0,4.5,0.0,4.7,46.2,46.2,3.5,4.7,106.0,1013.1,1013.1,2.72,4.9
2024-04-23 01:34:24+02:00,0.5,0.5,-2.1,-0.2,95.0,8.3,84.0,0.0,0.0,0.0,0.0,4.5,0.0,4.7,46.2,46.2,3.2,4.3,100.0,1013.1,1013.1,2.72,4.9
2024-04-23 01:40:48+02:00,0.4,0.4,-2.0,-0.3,95.0,8.3,84.0,0.0,0.0,0.0,0.0,4.5,0.0,4.7,46.2,46.2,1.9,4.0,90.0,1013.0,1013.0,2.72,4.9
2024-04-23 01:45:04+02:00,0.5,0.5,-1.7,-0.1,96.0,8.2,84.0,0.0,0.0,0.0,0.0,4.5,0.0,4.7,46.2,46.2,0.7,2.5,89.0,1013.0,1013.0,2.72,4.9
2024-04-23 01:49:20+02:00,0.3,0.3,-2.3,-0.3,96.0,8.2,84.0,0.0,0.0,0.0,0.0,4.5,0.0,4.7,46.2,46.2,2.9,4.7,100.0,1012.9,1012.9,2.72,4.9
2024-04-23 01:55:44+02:00,0.4,0.4,-2.4,-0.2,96.0,8.1,84.0,0.0,0.0,0.0,0.0,4.5,0.0,4.7,46.2,46.2,4.0,5.0,106.0,1012.9,1012.9,2.72,4.9
2024-04-23 02:00:00+02:00,0.3,0.3,-2.1,-0.2,96.0,8.1,84.0,0.0,0.0,0.0,0.0,4.5,0.0,4.7,46.2,46.2,2.1,4.0,95.0,1012.8,1012.8,2.72,4.9
2024-04-23 02:04:16+02:00,0.3,0.3,-1.7,-0.2,96.0,8.0,84.0,0.0,0.0,0.0,0.0,4.5,0.0,4.7,46.2,46.2,0.0,2.2,331.0,1012.8,1012.8,2.72,4.9
2024-04-23 02:10:40+02:00,0.4,0.4,-1.6,-0.2,96.0,7.9,84.0,0.0,0.0,0.0,0.0,4.5,0.0,4.7,46.2,46.2,0.0,1.8,2.0,1012.8,1012.8,2.72,4.9
2024-04-23 02:14:56+02:00,0.4,0.4,-1.7,-0.2,96.0,7.8,84.0,0.0,0.0,0.0,0.0,4.5,0.0,4.7,46.2,46.2,0.4,2.2,65.0,1012.7,1012.7,2.72,4.9
2024-04-23 02:19:12+02:00,0.2,0.2,-2.1,-0.4,96.0,7.8,84.0,0.0,0.0,0.0,0.0,4.5,0.0,4.7,46.2,46.2,1.2,2.5,99.0,1012.8,1012.8,2.72,4.9
2024-04-23 02:25:36+02:00,0.1,0.1,-2.1,-0.5,96.0,7.8,84.0,0.0,0.0,0.0,0.0,4.5,0.0,4.7,46.2,46.2,0.7,2.5,77.0,1012.8,1012.8,2.72,4.8
2024-04-23 02:29:52+02:00,0.5,0.5,-1.5,0.0,96.0,7.7,84.0,0.0,0.0,0.0,0.0,4.5,0.0,4.7,46.2,46.2,0.0,0.0,354.0,1012.7,1012.7,2.72,4.8
2024-04-23 02:34:08+02:00,0.4,0.4,-1.6,-0.2,96.0,7.7,84.0,0.0,0.0,0.0,0.0,4.5,0.0,4.7,46.2,46.2,0.0,0.0,2.0,1012.7,1012.7,2.72,4.8
2024-04-23 02:40:32+02:00,0.3,0.3,-1.7,-0.1,97.0,7.7,84.0,0.0,0.0,0.0,0.0,4.5,0.0,4.7,46.2,46.2,0.0,1.8,325.0,1012.7,1012.7,2.72,4.8
2024-04-23 02:44:48+02:00,0.3,0.3,-2.0,-0.1,97.0,7.6,84.0,0.0,0.0,0.0,0.0,4.5,0.0,4.7,46.2,46.2,1.7,3.2,88.0,1012.6,1012.6,2.72,4.8
2024-04-23 02:49:04+02:00,0.3,0.3,-1.8,-0.2,97.0,7.5,84.0,0.0,0.0,0.0,0.0,4.5,0.0,4.7,46.2,46.2,0.0,2.5,56.0,1012.6,1012.6,2.72,4.8
2024-04-23 02:55:28+02:00,0.3,0.3,-1.8,-0.2,97.0,7.5,84.0,0.0,0.0,0.0,0.0,4.5,0.0,4.7,46.2,46.2,0.4,2.5,70.0,1012.6,1012.6,2.72,4.8
2024-04-23 02:59:44+02:00,-0.1,-0.1,-2.3,-0.5,97.0,7.5,84.0,0.0,0.0,0.0,0.0,4.5,0.0,4.7,46.2,46.2,0.7,2.9,91.0,1012.7,1012.7,2.72,4.8
2024-04-23 03:04:00+02:00,0.0,0.0,-2.1,-0.5,97.0,7.4,84.0,0.0,0.0,0.0,0.0,4.5,0.0,4.7,46.2,46.2,0.4,2.2,49.0,1012.6,1012.6,2.72,4.8
2024-04-23 03:10:24+02:00,0.0,0.0,-2.1,-0.5,97.0,7.4,84.0,0.0,0.0,0.0,0.0,4.5,0.0,4.7,46.2,46.2,0.0,2.2,93.0,1012.6,1012.6,2.72,4.8
2024-04-23 03:14:40+02:00,-0.2,-0.2,-2.5,-0.6,97.0,7.3,84.0,0.0,0.0,0.0,0.0,4.5,0.0,4.7,46.2,46.2,1.2,2.9,94.0,1012.6,1012.6,2.72,4.8
2024-04-23 03:21:04+02:00,-0.2,-0.2,-2.3,-0.7,97.0,7.3,84.0,0.0,0.0,0.0,0.0,4.5,0.0,4.7,46.2,46.2,0.0,2.9,99.0,1012.5,1012.5,2.72,4.8
2024-04-23 03:25:20+02:00,0.1,0.1,-2.0,-0.4,97.0,7.3,84.0,0.0,0.0,0.0,0.0,4.5,0.0,4.7,46.2,46.2,0.0,2.5,60.0,1012.6,1012.6,2.72,4.8
2024-04-23 03:29:36+02:00,0.1,0.1,-2.0,-0.4,97.0,7.2,84.0,0.0,0.0,0.0,0.0,4.5,0.0,4.7,46.2,46.2,0.0,0.0,312.0,1012.6,1012.6,2.72,4.8
2024-04-23 03:36:00+02:00,0.1,0.1,-2.0,-0.4,97.0,7.2,84.0,0.0,0.0,0.0,0.0,4.5,0.0,4.7,46.2,46.2,0.0,1.8,352.0,1012.4,1012.4,2.72,4.8
2024-04-23 03:40:16+02:00,0.0,0.0,-2.1,-0.5,97.0,7.1,84.0,0.0,0.0,0.0,0.0,4.5,0.0,4.7,46.2,46.2,0.0,1.8,303.0,1012.5,1012.5,2.72,4.8
2024-04-23 03:44:32+02:00,0.0,0.0,-2.2,-0.5,97.0,7.1,84.0,0.0,0.0,0.0,0.0,4.5,0.0,4.7,46.2,46.2,0.7,2.2,309.0,1012.5,1012.5,2.72,4.8
2024-04-23 03:50:56+02:00,0.0,0.0,-2.1,-0.4,97.0,7.0,84.0,0.0,0.0,0.0,0.0,4.5,0.0,4.7,46.2,46.2,0.0,2.5,322.0,1012.4,1012.4,2.72,4.8
2024-04-23 03:55:12+02:00,-0.1,-0.1,-2.1,-0.5,97.0,7.0,84.0,0.0,0.0,0.0,0.0,4.5,0.0,4.7,46.2,46.2,0.0,2.5,327.0,1012.4,1012.4,2.72,4.8
2024-04-23 03:59:28+02:00,-0.1,-0.1,-2.3,-0.6,97.0,6.9,84.0,0.0,0.0,0.0,0.0,4.5,0.0,4.7,46.2,46.2,0.7,2.5,68.0,1012.4,1012.4,2.72,4.8
2024-04-23 04:05:52+02:00,-0.3,-0.3,-2.9,-0.8,97.0,6.8,84.0,0.0,0.0,0.0,0.0,4.5,0.0,4.7,46.2,46.2,2.3,4.3,103.0,1012.3,1012.3,2.72,4.7
2024-04-23 04:10:08+02:00,-0.3,-0.3,-3.1,-0.8,97.0,6.8,84.0,0.0,0.0,0.0,0.0,4.5,0.0,4.7,46.2,46.2,3.5,4.7,103.0,1012.3,1012.3,2.72,4.7
2024-04-23 04:14:24+02:00,-0.5,-0.5,-2.8,-0.9,97.0,6.8,84.0,0.0,0.0,0.0,0.0,4.5,0.0,4.7,46.2,46.2,0.9,3.6,98.0,1012.2,1012.2,2.72,4.7
2024-04-23 04:20:48+02:00,-0.4,-0.4,-2.6,-0.9,97.0,6.7,84.0,0.0,0.0,0.0,0.0,4.5,0.0,4.7,46.2,46.2,0.6,2.9,37.0,1012.1,1012.1,2.72,4.7
2024-04-23 04:25:04+02:00,-0.4,-0.4,-2.6,-0.8,97.0,6.7,84.0,0.0,0.0,0.0,0.0,4.5,0.0,4.7,46.2,46.2,0.7,2.9,43.0,1012.3,1012.3,2.72,4.7
2024-04-23 04:29:20+02:00,-0.4,-0.4,-2.6,-0.8,97.0,6.7,84.0,0.0,0.0,0.0,0.0,4.5,0.0,4.7,46.2,46.2,0.4,2.2,334.0,1012.2,1012.2,2.72,4.7
2024-04-23 04:35:44+02:00,-0.3,-0.3,-2.7,-0.8,97.0,6.6,84.0,0.0,0.0,0.0,0.0,4.5,0.0,4.7,46.2,46.2,1.4,2.5,314.0,1012.2,1012.2,2.72,4.7
2024-04-23 04:40:00+02:00,-0.4,-0.4,-2.8,-0.9,97.0,6.5,84.0,0.0,0.0,0.0,0.0,4.5,0.0,4.7,46.2,46.2,1.4,2.9,307.0,1012.2,1012.2,2.72,4.7
2024-04-23 04:44:16+02:00,-0.4,-0.4,-2.7,-0.9,97.0,6.5,84.0,0.0,0.0,0.0,0.0,4.5,0.0,4.7,46.2,46.2,1.2,2.9,294.0,1012.2,1012.2,2.72,4.7
2024-04-23 04:50:40+02:00,-0.4,-0.4,-2.6,-0.9,97.0,6.5,84.0,0.0,0.0,0.0,0.0,4.5,0.0,4.7,46.2,46.2,0.4,3.2,23.0,1012.2,1012.2,2.72,4.7
2024-04-23 04:54:56+02:00,-0.4,-0.4,-2.7,-0.8,97.0,6.4,84.0,0.0,0.0,0.0,0.0,4.5,0.0,4.7,46.2,46.2,0.9,3.6,44.0,1012.2,1012.2,2.72,4.7
2024-04-23 04:59:12+02:00,-0.4,-0.4,-2.9,-0.8,97.0,6.4,84.0,0.0,0.0,0.0,0.0,4.5,0.0,4.7,46.2,46.2,2.2,3.6,62.0,1012.1,1012.1,2.72,4.7
2024-04-23 05:05:36+02:00,-0.4,-0.4,-3.1,-0.8,97.0,6.3,84.0,0.0,0.0,0.0,0.0,4.5,0.0,4.7,46.2,46.2,3.2,3.6,84.0,1012.1,1012.1,2.72,4.7
2024-04-23 05:09:52+02:00,-0.7,-0.7,-3.4,-1.0,97.0,6.3,84.0,0.0,0.0,0.0,0.0,4.5,0.0,4.7,46.2,46.2,3.2,4.7,101.0,1011.9,1011.9,2.72,4.7
2024-04-23 05:14:08+02:00,-0.8,-0.8,-3.4,-1.2,97.0,6.2,84.0,0.0,0.0,0.0,0.0,4.5,0.0,4.7,46.2,46.2,1.9,4.0,94.0,1012.0,1012.0,2.72,4.7
2024-04-23 05:20:32+02:00,-0.8,-0.8,-3.1,-1.2,97.0,6.2,84.0,0.0,0.0,0.0,0.0,4.5,0.0,4.7,46.2,46.2,0.6,2.9,41.0,1012.0,1012.0,2.72,4.7
2024-04-23 05:24:48+02:00,-0.7,-0.7,-2.9,-1.1,97.0,6.2,84.0,0.0,0.0,0.0,0.0,4.5,0.0,4.7,46.2,46.2,0.4,2.9,44.0,1012.0,1012.0,2.72,4.7
2024-04-23 05:29:04+02:00,-0.8,-0.8,-3.4,-1.2,97.0,6.1,84.0,0.0,0.0,0.0,0.0,4.5,0.0,4.7,46.2,46.2,2.1,2.9,85.0,1012.0,1012.0,2.72,4.7
2024-04-23 05:35:28+02:00,-1.1,-1.1,-3.7,-1.5,97.0,6.1,84.0,0.0,0.0,0.0,0.0,4.5,0.0,4.7,46.2,46.2,1.9,2.9,94.0,1012.0,1012.0,2.72,4.7
2024-04-23 05:39:44+02:00,-1.2,-1.2,-4.0,-1.5,98.0,6.0,84.0,0.0,0.0,0.0,0.0,4.5,0.0,4.7,46.2,46.2,3.4,4.7,99.0,1011.9,1011.9,2.72,4.7
2024-04-23 05:44:00+02:00,-1.0,-1.0,-3.9,-1.3,98.0,6.0,84.0,0.0,0.0,0.0,0.0,4.5,0.0,4.7,46.2,46.2,4.0,4.7,107.0,1011.9,1011.9,2.72,4.7
2024-04-23 05:50:24+02:00,-1.0,-1.0,-3.5,-1.3,98.0,6.0,84.0,0.1,0.0,0.0,0.0,4.5,0.0,4.7,46.2,46.2,1.7,4.3,103.0,1012.0,1012.0,2.72,4.7
2024-04-23 05:54:40+02:00,-1.1,-1.1,-3.4,-1.4,98.0,5.9,84.0,0.2,0.0,0.0,0.0,4.5,0.0,4.7,46.2,46.2,0.9,2.2,52.0,1012.0,1012.0,2.72,4.6
2024-04-23 05:58:56+02:00,-0.8,-0.8,-3.0,-1.1,98.0,5.9,84.0,0.4,0.0,0.0,0.0,4.5,0.0,4.7,46.2,46.2,0.4,1.8,356.0,1012.0,1012.0,2.72,4.6
2024-04-23 06:05:20+02:00,-0.7,-0.7,-2.9,-1.0,98.0,5.9,84.0,0.8,0.0,0.0,0.0,4.5,0.0,4.7,46.2,46.2,0.4,2.5,25.0,1012.0,1012.0,2.72,4.6
2024-04-23 06:09:36+02:00,-0.7,-0.7,-3.1,-1.0,98.0,5.8,84.0,1.5,0.0,0.0,0.0,4.5,0.0,4.7,46.2,46.2,1.2,4.0,43.0,1012.1,1012.1,2.72,4.6
2024-04-23 06:16:00+02:00,-0.7,-0.7,-3.4,-1.0,98.0,5.8,84.0,2.5,0.0,0.0,0.0,4.5,0.0,4.7,46.2,46.2,3.0,4.7,68.0,1012.1,1012.1,2.72,4.6
2024-04-23 06:20:16+02:00,-0.8,-1.2,-3.8,-1.1,98.0,5.8,84.0,3.8,0.0,0.0,0.0,4.5,0.0,4.7,46.2,46.2,4.2,5.4,102.0,1011.9,1011.9,2.72,4.6
2024-04-23 06:24:32+02:00,-1.0,-1.3,-4.0,-1.3,98.0,5.7,84.0,5.5,0.0,0.0,0.0,4.5,0.0,4.7,46.2,46.2,4.7,5.8,104.0,1011.9,1011.9,2.72,4.6
2024-04-23 06:30:56+02:00,-1.0,-1.0,-3.9,-1.3,98.0,5.7,84.0,7.2,0.0,0.0,0.0,4.5,0.0,4.7,46.2,46.2,3.6,5.0,102.0,1011.8,1011.8,2.72,4.6
2024-04-23 06:35:12+02:00,-1.1,-1.1,-3.9,-1.4,98.0,5.6,84.0,9.1,0.0,0.0,0.0,4.5,0.0,4.7,46.2,46.2,3.1,4.3,102.0,1011.8,1011.8,2.72,4.6
2024-04-23 06:39:28+02:00,-1.1,-1.1,-3.8,-1.4,98.0,5.6,84.0,11.2,0.0,0.0,0.0,4.5,0.0,4.7,46.2,46.2,2.5,3.6,97.0,1011.9,1011.9,2.72,4.6
2024-04-23 06:45:52+02:00,-1.2,-1.2,-3.8,-1.5,98.0,5.5,84.0,13.3,0.0,0.0,0.0,4.5,0.0,4.7,46.2,46.2,2.3,3.2,94.0,1011.8,1011.8,2.72,4.6
2024-04-23 06:50:08+02:00,-1.1,-1.1,-3.6,-1.4,98.0,5.5,84.0,15.3,0.0,0.0,0.0,4.5,0.0,4.7,46.2,46.2,1.3,3.2,45.0,1012.0,1012.0,2.72,4.6
2024-04-23 06:54:24+02:00,-0.9,-0.9,-3.3,-1.2,98.0,5.5,84.0,16.8,0.0,0.0,0.0,4.5,0.0,4.7,46.2,46.2,1.4,3.6,51.0,1012.1,1012.1,2.72,4.6
2024-04-23 07:00:48+02:00,-0.6,-0.6,-3.2,-0.9,98.0,5.5,84.0,18.9,0.0,0.0,0.0,4.5,0.0,4.7,46.2,46.2,2.6,4.7,47.0,1012.1,1012.1,2.72,4.6
2024-04-23 07:05:04+02:00,-0.6,-0.6,-3.3,-0.8,98.0,5.5,84.0,21.0,0.0,0.0,0.0,4.5,0.0,4.7,46.2,46.2,3.2,4.3,94.0,1012.1,1012.1,2.72,4.6
2024-04-23 07:09:20+02:00,-0.7,-0.7,-3.5,-1.0,98.0,5.4,84.0,22.3,0.0,0.0,0.0,4.5,0.0,4.7,46.2,46.2,3.6,4.3,94.0,1012.0,1012.0,2.72,4.6
2024-04-23 07:15:44+02:00,-0.6,-0.6,-3.1,-0.9,98.0,5.4,84.0,24.6,0.0,0.0,0.0,4.5,0.0,4.7,46.2,46.2,1.9,4.0,85.0,1012.1,1012.1,2.72,4.6
2024-04-23 07:20:00+02:00,-0.5,-0.5,-2.9,-0.8,98.0,5.4,84.0,27.3,0.0,0.0,0.0,4.5,0.0,4.7,46.2,46.2,1.8,3.6,76.0,1012.0,1012.0,2.72,4.6
2024-04-23 07:24:16+02:00,-0.3,-0.3,-2.9,-0.6,98.0,5.4,84.0,29.4,0.0,0.0,0.0,4.5,0.0,4.7,46.2,46.2,3.1,4.0,87.0,1012.1,1012.1,2.72,4.6
2024-04-23 07:30:40+02:00,-0.2,-0.2,-2.8,-0.5,98.0,5.4,84.0,31.8,0.0,0.0,0.0,4.5,0.0,4.7,46.2,46.2,2.8,3.6,91.0,1012.1,1012.1,2.72,4.6
2024-04-23 07:34:56+02:00,-0.1,-0.1,-2.4,-0.4,98.0,5.4,84.0,33.8,0.0,0.0,0.0,4.5,0.0,4.7,46.2,46.2,1.7,3.6,64.0,1012.2,1012.2,2.72,4.6
2024-04-23 07:39:12+02:00,0.2,0.2,-2.1,0.0,98.0,5.4,84.0,34.8,0.0,0.0,0.0,4.5,0.0,4.7,46.2,46.2,1.5,2.9,57.0,1012.2,1012.2,2.72,4.6
2024-04-23 07:45:36+02:00,0.4,0.4,-1.6,0.1,98.0,5.4,84.0,34.9,0.0,0.0,0.0,4.5,0.0,4.7,46.2,46.2,0.5,2.5,111.0,1012.1,1012.1,2.72,4.6
2024-04-23 07:49:52+02:00,0.5,0.5,-1.4,0.2,98.0,5.5,84.0,35.4,0.0,0.0,0.0,4.5,0.0,4.7,46.2,46.2,0.0,1.8,123.0,1012.1,1012.1,2.72,4.6
2024-04-23 07:54:08+02:00,0.6,0.6,-1.4,0.4,98.0,5.5,85.0,35.8,0.0,0.0,0.0,4.5,0.0,4.7,46.2,46.2,0.7,2.5,69.0,1012.2,1012.2,2.72,4.6
2024-04-23 08:00:32+02:00,0.8,0.8,-1.7,0.5,98.0,5.5,85.0,36.2,0.0,0.0,0.0,4.5,0.0,4.7,46.2,46.2,2.9,4.0,58.0,1012.2,1012.2,2.72,4.6
2024-04-23 08:04:48+02:00,0.8,0.8,-1.4,0.5,98.0,5.5,85.0,36.9,0.0,0.0,0.0,4.5,0.0,4.7,46.2,46.2,1.8,4.0,103.0,1012.2,1012.2,2.7,4.6
2024-04-23 08:09:04+02:00,0.8,0.8,-1.6,0.5,98.0,5.6,85.0,37.9,0.0,0.0,0.0,4.5,0.0,4.7,46.2,46.2,2.6,3.6,99.0,1012.2,1012.2,2.7,4.6
2024-04-23 08:15:28+02:00,1.0,1.0,-1.5,0.7,98.0,5.6,85.0,39.1,0.0,0.0,0.0,4.5,0.0,4.7,46.2,46.2,3.0,4.0,101.0,1012.2,1012.2,2.7,4.6
2024-04-23 08:19:44+02:00,1.2,1.2,-1.4,0.9,98.0,5.6,85.0,39.9,0.0,0.0,0.0,4.5,0.0,4.7,46.2,46.2,3.7,5.4,114.0,1012.2,1012.2,2.7,4.6
2024-04-23 08:24:00+02:00,1.5,1.5,-1.0,1.0,97.0,5.7,85.0,116.9,1.0,0.0,0.0,4.5,0.0,4.7,46.2,46.2,3.5,5.4,112.0,1012.2,1012.2,2.7,4.6
2024-04-23 08:30:24+02:00,1.9,1.9,-0.7,1.2,95.0,5.7,85.0,134.4,1.0,0.0,0.0,4.5,0.0,4.7,46.2,46.2,4.2,5.4,119.0,1012.1,1012.1,2.7,4.6
2024-04-23 08:34:40+02:00,2.5,2.5,0.1,1.2,91.0,5.8,85.0,187.4,1.0,0.0,0.0,4.5,0.0,4.7,46.2,46.2,3.1,5.4,109.0,1012.1,1012.1,2.7,4.7
2024-04-23 08:41:04+02:00,3.2,3.2,0.9,1.5,89.0,5.8,85.0,209.9,1.0,0.0,0.0,4.5,0.0,4.7,46.2,46.2,2.8,5.8,106.0,1012.0,1012.0,2.7,4.7
2024-04-23 08:45:20+02:00,4.0,3.7,1.6,1.3,83.0,5.9,85.0,236.4,2.0,0.0,0.0,4.5,0.0,4.7,46.2,46.2,3.1,6.1,53.0,1011.9,1011.9,2.7,4.7
2024-04-23 08:49:36+02:00,4.4,3.9,1.6,0.6,76.0,6.0,86.0,282.2,2.0,0.0,0.0,4.5,0.0,4.7,46.2,46.2,4.9,6.8,29.0,1012.0,1012.0,2.7,4.7
2024-04-23 08:56:00+02:00,5.0,5.0,2.5,0.9,75.0,6.3,87.0,351.6,3.0,0.0,0.0,4.5,0.0,4.7,46.2,46.2,3.0,5.8,57.0,1011.9,1011.9,2.7,4.8
2024-04-23 09:00:16+02:00,5.8,5.8,3.4,1.1,72.0,6.7,87.0,405.3,3.0,0.0,0.0,4.5,0.0,4.7,46.2,46.2,2.8,4.3,102.0,1011.9,1011.9,2.7,4.8
2024-04-23 09:04:32+02:00,6.1,6.1,3.6,0.1,65.0,6.9,87.0,433.8,4.0,0.0,0.0,4.5,0.0,4.7,46.2,46.2,2.8,7.2,74.0,1012.0,1012.0,2.7,4.9
2024-04-23 09:10:56+02:00,6.3,6.2,3.5,0.0,64.0,7.2,88.0,421.6,3.0,0.0,0.0,4.5,0.0,4.7,46.2,46.2,4.4,8.6,110.0,1011.9,1011.9,2.7,4.9
2024-04-23 09:15:12+02:00,6.0,5.4,3.0,-0.3,64.0,7.3,88.0,373.2,3.0,0.0,0.0,4.5,0.0,4.7,46.2,46.2,4.8,7.9,109.0,1011.8,1011.8,2.7,5.0
2024-04-23 09:19:28+02:00,6.1,5.8,3.2,-0.4,63.0,7.6,88.0,342.9,3.0,0.0,0.0,4.5,0.0,4.7,46.2,46.2,4.1,7.9,111.0,1011.8,1011.8,2.7,5.0
2024-04-23 09:25:52+02:00,6.4,5.1,2.8,-1.5,57.0,7.9,88.0,324.1,3.0,0.0,0.0,4.5,0.0,4.7,46.2,46.2,7.4,10.8,113.0,1011.8,1011.8,2.7,5.1
2024-04-23 09:30:08+02:00,6.7,6.5,3.9,-1.5,56.0,8.1,87.0,315.9,2.0,0.0,0.0,4.5,0.0,4.7,46.2,46.2,3.1,10.4,95.0,1011.8,1011.8,2.7,5.1
2024-04-23 09:34:24+02:00,7.3,6.9,4.2,-1.7,53.0,8.4,87.0,323.3,3.0,0.0,0.0,4.5,0.0,4.7,46.2,46.2,4.4,9.7,112.0,1011.8,1011.8,2.7,5.2
2024-04-23 09:40:48+02:00,7.5,6.8,4.2,-2.3,50.0,8.7,87.0,352.7,3.0,0.0,0.0,4.5,0.0,4.7,46.2,46.2,4.9,8.6,118.0,1011.7,1011.7,2.7,5.2
2024-04-23 09:45:04+02:00,7.4,7.2,4.3,-2.5,49.0,9.0,87.0,315.0,2.0,0.0,0.0,4.5,0.0,4.7,46.2,46.2,4.0,7.9,99.0,1011.8,1011.8,2.7,5.2
2024-04-23 09:49:20+02:00,7.9,7.8,4.9,-3.1,46.0,9.3,87.0,276.6,2.0,0.0,0.0,4.5,0.0,4.7,46.2,46.2,3.2,9.0,137.0,1011.7,1011.7,2.7,5.2
2024-04-23 09:55:44+02:00,7.7,6.3,3.7,-2.9,47.0,9.7,87.0,284.9,2.0,0.0,0.0,4.5,0.0,4.7,46.2,46.2,8.1,14.0,117.0,1011.6,1011.6,2.7,5.2
2024-04-23 10:00:00+02:00,7.3,6.5,3.8,-3.0,48.0,10.0,87.0,291.6,2.0,0.0,0.0,4.5,0.0,4.7,46.2,46.2,5.5,10.8,110.0,1011.6,1011.6,2.7,5.2
2024-04-23 10:04:16+02:00,8.0,7.1,4.4,-2.7,47.0,10.3,86.0,300.6,2.0,0.0,0.0,4.5,0.0,4.7,46.2,46.2,6.9,17.3,124.0,1011.6,1011.6,2.7,5.2
2024-04-23 10:10:40+02:00,7.5,6.5,3.7,-3.1,47.0,10.6,86.0,311.2,2.0,0.0,0.0,4.5,0.0,4.7,46.2,46.2,7.1,17.3,133.0,1011.6,1011.6,2.7,5.2
2024-04-23 10:14:56+02:00,7.8,7.0,4.4,-3.1,46.0,11.0,86.0,320.2,2.0,0.0,0.0,4.5,0.0,4.7,46.2,46.2,5.3,9.4,122.0,1011.6,1011.6,2.7,5.2
2024-04-23 10:19:12+02:00,8.2,7.3,4.5,-3.3,44.0,11.3,85.0,335.3,3.0,0.0,0.0,4.5,0.0,4.7,46.2,46.2,7.0,13.0,123.0,1011.5,1011.5,2.7,5.2
2024-04-23 10:25:36+02:00,7.7,6.8,4.0,-3.1,46.0,11.6,85.0,349.6,3.0,0.0,0.0,4.5,0.0,4.7,46.2,46.2,6.4,10.4,113.0,1011.5,1011.5,2.7,5.2
2024-04-23 10:29:52+02:00,8.0,7.4,4.5,-3.1,45.0,12.0,85.0,364.2,3.0,0.0,0.0,4.5,0.0,4.7,46.2,46.2,6.1,10.1,114.0,1011.4,1011.4,2.7,5.2
2024-04-23 10:34:08+02:00,8.3,8.1,5.2,-3.0,45.0,12.3,85.0,373.5,3.0,0.0,0.0,4.5,0.0,4.7,46.2,46.2,3.5,6.8,116.0,1011.5,1011.5,2.7,5.2
2024-04-23 10:40:32+02:00,9.1,8.9,6.1,-2.9,43.0,12.6,85.0,376.0,3.0,0.0,0.0,4.5,0.0,4.7,46.2,46.2,3.0,11.9,68.0,1011.3,1011.3,2.7,5.2
2024-04-23 10:44:48+02:00,9.0,8.7,5.9,-2.9,43.0,12.9,84.0,395.2,3.0,0.0,0.0,4.5,0.0,4.7,46.2,46.2,3.5,10.4,40.0,1011.3,1011.3,2.7,5.2
2024-04-23 10:49:04+02:00,8.9,8.5,5.6,-3.2,42.0,13.2,84.0,407.1,3.0,0.0,0.0,4.5,0.0,4.7,46.2,46.2,4.5,18.0,31.0,1011.3,1011.3,2.7,5.2
2024-04-23 10:55:28+02:00,8.8,8.1,5.2,-3.0,43.0,13.5,84.0,408.8,3.0,0.0,0.0,4.5,0.0,4.7,46.2,46.2,6.5,18.0,38.0,1011.2,1011.2,2.7,5.2
2024-04-23 10:59:44+02:00,9.0,8.8,5.8,-3.9,40.0,13.8,84.0,433.1,4.0,0.0,0.0,4.5,0.0,4.7,46.2,46.2,3.9,10.8,88.0,1011.1,1011.1,2.7,5.2
2024-04-23 11:04:00+02:00,9.2,8.6,5.8,-3.1,42.0,14.0,84.0,453.6,4.0,0.0,0.0,4.5,0.0,4.7,46.2,46.2,5.6,10.4,131.0,1011.0,1011.0,2.7,5.2
2024-04-23 11:10:24+02:00,9.3,8.6,5.7,-3.2,41.0,14.3,84.0,468.3,4.0,0.0,0.0,4.5,0.0,4.7,46.2,46.2,6.3,11.5,101.0,1011.1,1011.1,2.7,5.2
2024-04-23 11:14:40+02:00,9.4,8.9,5.9,-3.6,40.0,14.6,84.0,487.7,4.0,0.0,0.0,4.5,0.0,4.7,46.2,46.2,5.4,9.7,106.0,1011.0,1011.0,2.7,5.2
2024-04-23 11:18:56+02:00,9.5,8.9,6.1,-3.3,40.0,14.9,84.0,489.5,4.0,0.0,0.0,4.5,0.0,4.7,46.2,46.2,5.4,12.6,53.0,1011.0,1011.0,2.7,5.2
2024-04-23 11:25:20+02:00,9.4,9.1,6.0,-3.2,41.0,15.2,84.0,517.4,4.0,0.0,0.0,4.5,0.0,4.7,46.2,46.2,4.9,12.6,110.0,1011.0,1011.0,2.7,5.3
2024-04-23 11:29:36+02:00,10.1,10.0,7.0,-2.6,41.0,15.5,84.0,524.1,4.0,0.0,0.0,4.5,0.0,4.7,46.2,46.2,3.9,7.2,125.0,1010.9,1010.9,2.7,5.3
2024-04-23 11:36:00+02:00,10.6,10.6,7.2,-2.6,39.0,15.7,84.0,511.3,4.0,0.0,0.0,4.5,0.0,4.7,46.2,46.2,5.3,9.7,25.0,1010.8,1010.8,2.7,5.3
2024-04-23 11:40:16+02:00,11.1,11.1,8.1,-2.7,38.0,16.0,85.0,528.4,4.0,0.0,0.0,4.5,0.0,4.7,46.2,46.2,3.1,11.5,53.0,1010.8,1010.8,2.7,5.3
2024-04-23 11:44:32+02:00,11.3,11.3,7.8,-3.1,36.0,16.3,85.0,541.5,5.0,0.0,0.0,4.5,0.0,4.7,46.2,46.2,5.5,9.4,123.0,1010.6,1010.6,2.7,5.3
2024-04-23 11:50:56+02:00,11.1,11.1,7.8,-2.9,38.0,16.5,85.0,534.6,4.0,0.0,0.0,4.5,0.0,4.7,46.2,46.2,4.8,16.2,18.0,1010.6,1010.6,2.7,5.3
2024-04-23 11:55:12+02:00,10.3,10.3,6.9,-2.9,39.0,16.7,85.0,564.1,5.0,0.0,0.0,4.5,0.0,4.7,46.2,46.2,5.0,16.2,31.0,1010.5,1010.5,2.7,5.3
2024-04-23 11:59:28+02:00,10.5,10.5,6.6,-2.6,40.0,17.0,85.0,557.6,5.0,0.0,0.0,4.5,0.0,4.7,46.2,46.2,8.0,14.8,292.0,1010.6,1010.6,2.7,5.3
2024-04-23 12:05:52+02:00,10.7,10.7,7.3,-3.5,37.0,17.2,84.0,282.4,2.0,0.0,0.0,4.5,0.0,4.7,46.2,46.2,5.1,10.8,258.0,1010.4,1010.4,2.7,5.3
2024-04-23 12:10:08+02:00,10.4,10.4,7.1,-3.4,38.0,17.4,84.0,486.4,4.0,0.0,0.0,4.5,0.0,4.7,46.2,46.2,4.2,8.6,266.0,1010.3,1010.3,2.7,5.3
2024-04-23 12:14:24+02:00,10.0,9.9,6.8,-3.5,38.0,17.6,83.0,109.5,1.0,0.0,0.0,4.5,0.0,4.7,46.2,46.2,4.0,8.3,228.0,1010.3,1010.3,2.7,5.3
2024-04-23 12:20:48+02:00,9.3,9.2,6.3,-3.6,40.0,17.7,83.0,128.1,1.0,0.0,0.0,4.5,0.0,4.7,46.2,46.2,2.7,9.0,240.0,1010.1,1010.1,2.7,5.3
2024-04-23 12:25:04+02:00,8.5,8.0,5.1,-3.8,42.0,17.8,82.0,146.2,1.0,0.0,0.0,4.5,0.0,4.7,46.2,46.2,4.8,11.9,302.0,1010.2,1010.2,2.7,5.3
2024-04-23 12:29:20+02:00,8.4,8.2,5.1,-3.5,43.0,17.8,82.0,154.8,1.0,0.0,0.0,4.5,0.0,4.7,46.2,46.2,4.2,9.4,305.0,1010.1,1010.1,2.7,5.3
2024-04-23 12:35:44+02:00,8.5,7.8,4.9,-3.6,42.0,17.8,82.0,193.0,1.0,0.0,0.0,4.5,0.0,4.7,46.2,46.2,5.6,9.7,318.0,1010.1,1010.1,2.7,5.3
2024-04-23 12:40:00+02:00,8.5,8.0,5.1,-4.0,41.0,17.8,81.0,190.3,1.0,0.0,0.0,4.5,0.0,4.7,46.2,46.2,4.5,10.4,38.0,1010.1,1010.1,2.7,5.3
2024-04-23 12:44:16+02:00,9.0,8.9,5.9,-3.9,40.0,17.8,82.0,546.4,5.0,0.0,0.0,4.5,0.0,4.7,46.2,46.2,2.9,6.1,52.0,1009.9,1009.9,2.7,5.2
2024-04-23 12:50:40+02:00,9.7,9.7,6.9,-3.7,39.0,17.9,82.0,551.1,5.0,0.0,0.0,4.5,0.0,4.7,46.2,46.2,1.9,7.2,29.0,1009.9,1009.9,2.7,5.2
2024-04-23 12:54:56+02:00,9.6,8.6,5.7,-3.0,41.0,17.8,82.0,172.7,1.0,0.0,0.0,4.5,0.0,4.7,46.2,46.2,7.6,18.7,305.0,1009.8,1009.8,2.7,5.2
2024-04-23 12:59:12+02:00,8.7,8.5,5.5,-3.3,42.0,17.8,82.0,167.7,1.0,0.0,0.0,4.5,0.0,4.7,46.2,46.2,4.0,14.0,294.0,1009.8,1009.8,2.7,5.2
2024-04-23 13:05:36+02:00,9.1,8.7,5.9,-3.0,42.0,17.8,82.0,172.3,1.0,0.0,0.0,4.5,0.0,4.7,46.2,46.2,4.3,9.0,263.0,1009.7,1009.7,2.7,5.2
2024-04-23 13:09:52+02:00,9.0,8.5,5.5,-3.6,41.0,17.8,82.0,250.1,2.0,0.0,0.0,4.5,0.0,4.7,46.2,46.2,5.3,10.4,263.0,1009.7,1009.7,2.7,5.2
2024-04-23 13:14:08+02:00,9.0,8.9,5.9,-3.2,42.0,17.7,82.0,431.6,4.0,0.0,0.0,4.5,0.0,4.7,46.2,46.2,3.6,10.8,347.0,1009.6,1009.6,2.7,5.2
2024-04-23 13:20:32+02:00,9.4,9.3,6.5,-3.6,40.0,17.7,82.0,178.6,1.0,0.0,0.0,4.5,0.0,4.7,46.2,46.2,2.4,6.1,141.0,1009.5,1009.5,2.7,5.2
2024-04-23 13:24:48+02:00,9.3,8.8,6.1,-3.5,40.0,17.7,82.0,215.6,2.0,0.0,0.0,4.5,0.0,4.7,46.2,46.2,4.1,9.7,263.0,1009.5,1009.5,2.7,5.2
2024-04-23 13:29:04+02:00,9.1,8.2,5.3,-3.5,41.0,17.6,82.0,613.8,5.0,0.0,0.0,4.5,0.0,4.7,46.2,46.2,6.8,12.6,314.0,1009.4,1009.4,2.7,5.2
2024-04-23 13:35:28+02:00,9.3,9.1,6.2,-3.9,39.0,17.6,82.0,352.0,3.0,0.0,0.0,4.5,0.0,4.7,46.2,46.2,3.4,13.3,301.0,1009.4,1009.4,2.7,5.2
2024-04-23 13:39:44+02:00,10.0,9.9,6.9,-4.0,37.0,17.5,83.0,471.0,4.0,0.0,0.0,4.5,0.0,4.7,46.2,46.2,3.3,8.6,168.0,1009.4,1009.4,2.7,5.2
2024-04-23 13:44:00+02:00,10.5,10.5,6.9,-4.0,36.0,17.5,83.0,623.8,5.0,0.0,0.0,4.5,0.0,4.7,46.2,46.2,5.9,9.4,125.0,1009.3,1009.3,2.7,5.2
2024-04-23 13:50:24+02:00,11.0,11.0,7.8,-3.4,36.0,17.7,84.0,618.3,5.0,0.0,0.0,4.5,0.0,4.7,46.2,46.2,4.1,11.2,221.0,1009.1,1009.1,2.7,5.2
2024-04-23 13:54:40+02:00,12.2,12.2,9.0,-3.4,34.0,17.7,84.0,624.4,5.0,0.0,0.0,4.5,0.0,4.7,46.2,46.2,3.6,9.4,205.0,1009.1,1009.1,2.7,5.2
2024-04-23 14:01:04+02:00,11.8,11.8,8.3,-3.2,35.0,17.9,84.0,656.2,6.0,0.0,0.0,4.5,0.0,4.7,46.2,46.2,5.8,13.0,324.0,1008.9,1008.9,2.7,5.2
2024-04-23 14:05:20+02:00,11.4,11.4,7.4,-3.4,36.0,17.9,84.0,629.8,5.0,0.0,0.0,4.5,0.0,4.7,46.2,46.2,7.9,17.6,281.0,1009.1,1009.1,2.7,5.2
2024-04-23 14:09:36+02:00,11.8,11.8,7.8,-3.8,33.0,18.1,84.0,642.0,5.0,0.0,0.0,4.5,0.0,4.7,46.2,46.2,7.6,17.3,256.0,1009.0,1009.0,2.7,5.2
2024-04-23 14:16:00+02:00,13.1,13.1,9.9,-3.6,31.0,18.2,84.0,625.2,5.0,0.0,0.0,4.5,0.0,4.7,46.2,46.2,3.9,11.2,169.0,1009.0,1009.0,2.7,5.3
2024-04-23 14:20:16+02:00,12.6,12.6,9.5,-3.5,33.0,18.3,84.0,608.8,5.0,0.0,0.0,4.5,0.0,4.7,46.2,46.2,3.3,11.2,340.0,1008.9,1008.9,2.7,5.3
2024-04-23 14:24:32+02:00,11.7,11.7,8.1,-2.8,36.0,18.5,84.0,200.9,1.0,0.0,0.0,4.5,0.0,4.7,46.2,46.2,6.6,12.2,262.0,1008.8,1008.8,2.7,5.3
2024-04-23 14:30:56+02:00,10.7,10.7,6.4,-3.1,38.0,18.5,84.0,174.5,1.0,0.0,0.0,4.5,0.0,4.7,46.2,46.2,9.8,20.2,296.0,1008.7,1008.7,2.7,5.3
2024-04-23 14:35:12+02:00,9.8,8.5,5.6,-3.3,40.0,18.5,84.0,174.7,1.0,0.0,0.0,4.5,0.0,4.7,46.2,46.2,9.1,22.0,288.0,1008.7,1008.7,2.7,5.3
2024-04-23 14:39:28+02:00,9.8,8.7,5.8,-3.1,40.0,18.5,84.0,303.3,2.0,0.0,0.0,4.5,0.0,4.7,46.2,46.2,8.4,16.9,286.0,1008.7,1008.7,2.7,5.3
2024-04-23 14:45:52+02:00,10.0,9.3,5.9,-2.6,41.0,18.4,84.0,220.1,2.0,0.0,0.0,4.5,0.0,4.7,46.2,46.2,9.1,20.2,277.0,1008.7,1008.7,2.7,5.3
2024-04-23 14:50:08+02:00,9.9,9.4,6.6,-2.9,40.0,18.4,84.0,181.9,1.0,0.0,0.0,4.5,0.0,4.7,46.2,46.2,4.8,14.0,276.0,1008.5,1008.5,2.7,5.3
2024-04-23 14:54:24+02:00,10.4,10.4,7.4,-2.9,39.0,18.4,84.0,512.8,4.0,0.0,0.0,4.5,0.0,4.7,46.2,46.2,3.5,11.2,152.0,1008.4,1008.4,2.7,5.3
2024-04-23 15:00:48+02:00,11.0,11.0,7.6,-2.7,38.0,18.4,84.0,537.6,4.0,0.0,0.0,0.0,0.0,4.7,46.2,46.2,5.6,22.7,78.0,1008.4,1008.4,2.7,5.3
2024-04-23 15:05:04+02:00,10.6,10.6,6.7,-2.5,40.0,18.4,84.0,402.0,3.0,0.0,0.0,0.0,0.0,4.7,46.2,46.2,8.3,16.9,276.0,1008.4,1008.4,2.7,5.2
2024-04-23 15:09:20+02:00,10.6,10.6,7.5,-2.7,39.0,18.4,84.0,184.3,1.0,0.0,0.0,0.0,0.0,4.7,46.2,46.2,3.8,14.4,241.0,1008.3,1008.3,2.7,5.2
2024-04-23 15:15:44+02:00,10.1,9.8,6.6,-3.0,40.0,18.3,84.0,131.2,1.0,0.0,0.0,0.0,0.0,4.7,46.2,46.2,6.0,11.9,290.0,1008.4,1008.4,2.7,5.2
2024-04-23 15:20:00+02:00,9.8,8.9,6.0,-2.6,42.0,18.3,84.0,125.3,1.0,0.0,0.0,0.0,0.0,4.7,46.2,46.2,7.6,20.5,268.0,1008.3,1008.3,2.7,5.2
2024-04-23 15:24:16+02:00,9.7,8.7,5.8,-2.6,42.0,18.2,84.0,134.4,1.0,0.0,0.0,0.0,0.0,4.7,46.2,46.2,8.0,20.5,268.0,1008.3,1008.3,2.7,5.2
2024-04-23 15:30:40+02:00,9.5,8.2,5.3,-2.8,42.0,18.2,84.0,138.7,1.0,0.0,0.0,0.0,0.0,4.7,46.2,46.2,9.4,16.2,274.0,1008.3,1008.3,2.7,5.2
2024-04-23 15:34:56+02:00,9.4,8.4,5.5,-2.9,42.0,18.1,84.0,140.0,1.0,0.0,0.0,0.0,0.0,4.7,46.2,46.2,7.6,16.9,281.0,1008.2,1008.2,2.7,5.2
2024-04-23 15:39:12+02:00,9.5,8.4,5.5,-2.8,42.0,18.1,84.0,164.2,1.0,0.0,0.0,0.0,0.0,4.7,46.2,46.2,8.6,18.0,294.0,1008.1,1008.1,2.7,5.2
2024-04-23 15:45:36+02:00,9.8,9.3,6.0,-2.5,42.0,18.0,84.0,449.6,4.0,0.0,0.0,0.0,0.0,4.7,46.2,46.2,7.6,15.8,277.0,1008.2,1008.2,2.7,5.2
2024-04-23 15:49:52+02:00,9.7,9.2,6.2,-2.6,42.0,18.0,84.0,162.5,1.0,0.0,0.0,0.0,0.0,4.7,46.2,46.2,5.8,20.2,313.0,1008.1,1008.1,2.7,5.2
2024-04-23 15:54:08+02:00,9.8,8.6,5.7,-2.1,43.0,17.9,84.0,308.1,2.0,0.0,0.0,0.0,0.0,4.7,46.2,46.2,9.4,17.3,296.0,1008.0,1008.0,2.7,5.2
2024-04-23 16:00:32+02:00,10.3,10.3,6.8,-2.6,40.0,17.9,85.0,387.9,3.0,0.0,0.0,0.0,0.0,4.7,46.2,46.2,6.3,20.2,279.0,1008.0,1008.0,2.7,5.2
2024-04-23 16:04:48+02:00,10.1,10.1,6.3,-2.7,41.0,17.9,85.0,424.0,3.0,0.0,0.0,0.0,0.0,4.7,46.2,46.2,7.4,27.4,304.0,1007.8,1007.8,2.7,5.2
2024-04-23 16:09:04+02:00,10.1,9.7,6.2,-2.4,41.0,17.9,84.0,192.4,1.0,0.0,0.0,0.0,0.0,4.7,46.2,46.2,8.2,25.2,303.0,1007.7,1007.7,2.7,5.2
2024-04-23 16:15:28+02:00,9.8,8.4,5.5,-2.4,42.0,17.8,84.0,350.8,3.0,0.0,0.0,0.0,0.0,4.7,46.2,46.2,10.2,24.5,292.0,1007.8,1007.8,2.7,5.2
2024-04-23 16:19:44+02:00,10.2,9.7,6.5,-2.4,41.0,17.8,85.0,444.8,4.0,0.0,0.0,0.0,0.0,4.7,46.2,46.2,6.8,13.7,282.0,1007.6,1007.6,2.7,5.2
2024-04-23 16:24:00+02:00,10.3,10.3,7.3,-2.5,41.0,17.8,85.0,188.6,1.0,0.0,0.0,0.0,0.0,4.7,46.2,46.2,3.8,13.3,244.0,1007.6,1007.6,2.7,5.2
2024-04-23 16:30:24+02:00,10.3,10.3,7.5,-2.4,41.0,17.8,85.0,221.2,2.0,0.0,0.0,0.0,0.0,4.7,46.2,46.2,2.4,8.3,245.0,1007.5,1007.5,2.7,5.2
2024-04-23 16:34:40+02:00,10.2,9.7,5.8,-2.5,41.0,17.7,85.0,410.5,3.0,0.0,0.0,0.0,0.0,4.7,46.2,46.2,10.7,20.5,284.0,1007.4,1007.4,2.7,5.2
2024-04-23 16:38:56+02:00,10.3,10.3,5.7,-2.4,41.0,17.7,85.0,413.6,3.0,0.0,0.0,0.0,0.0,4.7,46.2,46.2,11.7,23.8,280.0,1007.4,1007.4,2.7,5.2
2024-04-23 16:45:20+02:00,11.0,11.0,6.9,-2.2,40.0,17.7,85.0,391.8,3.0,0.0,0.0,0.0,0.0,4.7,46.2,46.2,9.4,21.2,199.0,1007.3,1007.3,2.7,5.2
2024-04-23 16:49:36+02:00,10.6,10.6,7.3,-2.1,41.0,17.7,85.0,345.9,3.0,0.0,0.0,0.0,0.0,4.7,46.2,46.2,5.3,18.7,289.0,1007.3,1007.3,2.7,5.2
2024-04-23 16:56:00+02:00,11.3,11.3,7.7,-2.2,39.0,17.7,85.0,341.2,3.0,0.0,0.0,0.0,0.0,4.7,46.2,46.2,6.7,11.9,264.0,1007.4,1007.4,2.7,5.2
2024-04-23 17:00:16+02:00,10.8,10.8,7.0,-2.1,41.0,17.7,85.0,368.8,3.0,0.0,0.0,0.0,0.0,4.7,46.2,46.2,7.4,16.9,264.0,1007.3,1007.3,2.7,5.2
2024-04-23 17:04:32+02:00,10.5,10.5,7.1,-2.2,41.0,17.6,85.0,382.5,3.0,0.0,0.0,0.0,0.0,4.7,46.2,46.2,5.6,15.8,281.0,1007.2,1007.2,2.7,5.2
2024-04-23 17:10:56+02:00,10.3,10.3,6.9,-1.9,42.0,17.6,85.0,358.5,3.0,0.0,0.0,0.0,0.0,4.7,46.2,46.2,6.3,19.8,286.0,1007.2,1007.2,2.7,5.2
2024-04-23 17:15:12+02:00,10.2,9.6,4.4,-2.4,41.0,17.6,85.0,363.9,3.0,0.0,0.0,0.0,0.0,4.7,46.2,46.2,17.9,33.5,285.0,1007.1,1007.1,2.7,5.2
2024-04-23 17:19:28+02:00,10.2,10.2,6.9,-2.5,41.0,17.6,85.0,250.4,2.0,0.0,0.0,0.0,0.0,4.7,46.2,46.2,5.2,12.2,272.0,1007.1,1007.1,2.7,5.2
2024-04-23 17:25:52+02:00,9.9,9.8,6.6,-2.3,42.0,17.6,85.0,137.1,1.0,0.0,0.0,0.0,0.0,4.7,46.2,46.2,5.2,14.0,262.0,1007.0,1007.0,2.7,5.2
2024-04-23 17:30:08+02:00,9.7,9.1,6.2,-2.4,42.0,17.5,85.0,104.0,0.0,0.0,0.0,0.0,0.0,4.7,46.2,46.2,6.3,12.6,300.0,1007.0,1007.0,2.7,5.2
2024-04-23 17:34:24+02:00,9.4,9.2,6.4,-2.4,43.0,17.5,85.0,96.9,0.0,0.0,0.0,0.0,0.0,4.7,46.2,46.2,3.4,9.4,279.0,1006.9,1006.9,2.7,5.2
2024-04-23 17:40:48+02:00,9.5,9.1,6.2,-2.1,44.0,17.4,85.0,94.4,0.0,0.0,0.0,0.0,0.0,4.7,46.2,46.2,5.0,11.2,261.0,1006.9,1006.9,2.7,5.2
2024-04-23 17:45:04+02:00,9.3,8.6,5.9,-2.0,45.0,17.3,85.0,114.0,1.0,0.0,0.0,0.0,0.0,4.7,46.2,46.2,6.4,10.1,282.0,1006.9,1006.9,2.7,5.2
2024-04-23 17:49:20+02:00,9.2,8.7,5.9,-2.1,45.0,17.3,85.0,104.0,0.0,0.0,0.0,0.0,0.0,4.7,46.2,46.2,5.0,16.6,287.0,1006.8,1006.8,2.7,5.2
2024-04-23 17:55:44+02:00,9.4,9.4,6.7,-1.8,45.0,17.2,85.0,96.6,0.0,0.0,0.0,0.0,0.0,4.7,46.2,46.2,2.2,6.5,101.0,1006.8,1006.8,2.7,5.2
2024-04-23 18:00:00+02:00,9.6,9.4,7.0,-1.7,45.0,17.2,85.0,101.8,0.0,0.0,0.0,0.0,0.0,4.7,46.2,46.2,1.7,6.8,14.0,1006.8,1006.8,2.7,5.2
2024-04-23 18:04:16+02:00,9.6,9.6,6.8,-1.7,45.0,17.1,85.0,84.5,0.0,0.0,0.0,0.0,0.0,4.7,46.2,46.2,3.0,5.8,120.0,1006.5,1006.5,2.7,5.2
2024-04-23 18:10:40+02:00,9.6,9.5,6.6,-1.8,45.0,17.1,85.0,80.3,0.0,0.0,0.0,0.0,0.0,4.7,46.2,46.2,3.6,5.8,344.0,1006.5,1006.5,2.7,5.2
2024-04-23 18:14:56+02:00,9.7,9.7,7.0,-1.9,44.0,17.1,85.0,87.4,0.0,0.0,0.0,0.0,0.0,4.7,46.2,46.2,1.9,4.3,102.0,1006.5,1006.5,2.7,5.2
2024-04-23 18:19:12+02:00,9.8,9.7,6.9,-1.7,45.0,17.0,85.0,99.4,0.0,0.0,0.0,0.0,0.0,4.7,46.2,46.2,3.6,9.4,137.0,1006.4,1006.4,2.7,5.2
2024-04-23 18:25:36+02:00,9.9,9.7,6.9,-2.5,42.0,17.0,85.0,93.4,0.0,0.0,0.0,0.0,0.0,4.7,46.2,46.2,3.5,8.6,224.0,1006.5,1006.5,2.7,5.2
2024-04-23 18:29:52+02:00,9.9,9.6,6.8,-2.4,42.0,16.9,85.0,108.3,1.0,0.0,0.0,0.0,0.0,4.7,46.2,46.2,4.0,11.5,173.0,1006.4,1006.4,2.7,5.2
2024-04-23 18:34:08+02:00,10.1,10.1,7.5,-2.2,42.0,16.9,85.0,103.8,0.0,0.0,0.0,0.0,0.0,4.7,46.2,46.2,2.1,6.1,240.0,1006.3,1006.3,2.7,5.2
2024-04-23 18:40:32+02:00,10.7,10.7,7.5,-1.9,41.0,16.9,85.0,115.2,1.0,0.0,0.0,0.0,0.0,4.7,46.2,46.2,4.7,16.9,254.0,1006.2,1006.2,2.7,5.2
2024-04-23 18:44:48+02:00,10.2,10.2,7.0,-2.6,41.0,16.8,85.0,86.8,0.0,0.0,0.0,0.0,0.0,4.7,46.2,46.2,4.5,14.0,190.0,1006.2,1006.2,2.7,5.2
2024-04-23 18:49:04+02:00,10.0,9.9,7.1,-2.5,41.0,16.8,85.0,63.0,0.0,0.0,0.0,0.0,0.0,4.7,46.2,46.2,3.3,9.4,171.0,1006.2,1006.2,2.7,5.2
2024-04-23 18:55:28+02:00,9.8,9.7,6.8,-2.4,42.0,16.8,85.0,62.0,0.0,0.0,0.0,0.0,0.0,4.7,46.2,46.2,3.4,9.4,197.0,1006.1,1006.1,2.7,5.2
2024-04-23 18:59:44+02:00,9.7,9.3,6.3,-2.6,42.0,16.7,85.0,63.5,0.0,0.0,0.0,0.0,0.0,4.7,46.2,46.2,5.3,12.2,185.0,1006.1,1006.1,2.7,5.2
2024-04-23 19:04:00+02:00,9.5,9.2,6.3,-2.6,43.0,16.7,85.0,59.9,0.0,0.0,0.0,0.0,0.0,4.7,46.2,46.2,4.2,10.8,143.0,1006.0,1006.0,2.7,5.2
2024-04-23 19:10:24+02:00,9.4,8.9,6.0,-2.9,42.0,16.6,85.0,58.3,0.0,0.0,0.0,0.0,0.0,4.7,46.2,46.2,5.5,11.9,292.0,1006.0,1006.0,2.7,5.2
2024-04-23 19:14:40+02:00,9.3,9.3,6.6,-2.3,44.0,16.5,85.0,49.6,0.0,0.0,0.0,0.0,0.0,4.7,46.2,46.2,2.2,10.4,96.0,1006.0,1006.0,2.7,5.2
2024-04-23 19:21:04+02:00,9.2,9.2,6.4,-2.6,43.0,16.5,85.0,46.4,0.0,0.0,0.0,0.0,0.0,4.7,46.2,46.2,2.7,10.1,278.0,1005.9,1005.9,2.7,5.2
2024-04-23 19:25:20+02:00,9.1,9.0,6.2,-2.3,45.0,16.4,85.0,39.3,0.0,0.0,0.0,0.0,0.0,4.7,46.2,46.2,3.3,7.9,269.0,1005.7,1005.7,2.7,5.2
2024-04-23 19:29:36+02:00,9.0,9.0,6.5,-2.4,44.0,16.4,85.0,37.2,0.0,0.0,0.0,0.0,0.0,4.7,46.2,46.2,1.4,7.6,49.0,1005.8,1005.8,2.7,5.2
2024-04-23 19:36:00+02:00,9.0,8.8,6.2,-2.5,44.0,16.3,85.0,39.8,0.0,0.0,0.0,0.0,0.0,4.7,46.2,46.2,2.5,9.4,175.0,1005.7,1005.7,2.7,5.2
2024-04-23 19:40:16+02:00,9.1,8.8,6.1,-1.9,46.0,16.2,85.0,38.5,0.0,0.0,0.0,0.0,0.0,4.7,46.2,46.2,3.5,9.4,141.0,1005.6,1005.6,2.7,5.2
2024-04-23 19:44:32+02:00,8.9,8.9,6.2,-1.9,47.0,16.2,85.0,28.9,0.0,0.0,0.0,0.0,0.0,4.7,46.2,46.2,2.4,6.1,140.0,1005.6,1005.6,2.7,5.2
2024-04-23 19:50:56+02:00,8.9,8.9,6.1,-2.2,46.0,16.1,84.0,24.9,0.0,0.0,0.0,0.0,0.0,4.7,46.2,46.2,2.6,6.1,156.0,1005.5,1005.5,2.7,5.2
2024-04-23 19:55:12+02:00,8.8,8.8,6.2,-1.6,48.0,16.0,84.0,20.0,0.0,0.0,0.0,0.0,0.0,4.7,46.2,46.2,1.7,5.0,319.0,1005.4,1005.4,2.7,5.2
2024-04-23 19:59:28+02:00,8.6,8.5,5.9,-1.8,48.0,16.0,84.0,20.2,0.0,0.0,0.0,0.0,0.0,4.7,46.2,46.2,2.1,5.8,140.0,1005.4,1005.4,2.7,5.2
2024-04-23 20:05:52+02:00,8.5,8.5,6.0,-1.8,48.0,15.9,84.0,17.1,0.0,0.0,0.0,0.0,0.0,4.7,46.2,46.2,1.4,5.0,87.0,1005.4,1005.4,2.7,5.2
2024-04-23 20:10:08+02:00,8.4,8.4,5.8,-2.0,48.0,15.8,84.0,13.3,0.0,0.0,0.0,0.0,0.0,4.7,46.2,46.2,1.8,7.6,87.0,1005.3,1005.3,2.7,5.2
2024-04-23 20:14:24+02:00,8.4,8.4,6.1,-1.9,48.0,15.8,84.0,10.7,0.0,0.0,0.0,0.0,0.0,4.7,46.2,46.2,0.4,4.3,114.0,1005.4,1005.4,2.7,5.2
2024-04-23 20:20:48+02:00,8.3,8.3,5.4,-1.9,49.0,15.7,84.0,8.4,0.0,0.0,0.0,0.0,0.0,4.7,46.2,46.2,3.4,8.3,132.0,1005.3,1005.3,2.7,5.2
2024-04-23 20:25:04+02:00,8.3,8.3,5.9,-1.8,49.0,15.7,84.0,6.2,0.0,0.0,0.0,0.0,0.0,4.7,46.2,46.2,0.9,9.4,133.0,1005.4,1005.4,2.7,5.2
2024-04-23 20:29:20+02:00,8.2,8.2,5.7,-1.8,49.0,15.5,84.0,4.5,0.0,0.0,0.0,0.0,0.0,4.7,46.2,46.2,1.7,5.8,238.0,1005.3,1005.3,2.7,5.2
2024-04-23 20:35:44+02:00,8.3,8.2,5.5,-2.1,48.0,15.5,84.0,3.2,0.0,0.0,0.0,0.0,0.0,4.7,46.2,46.2,2.8,7.6,188.0,1005.4,1005.4,2.7,5.2
2024-04-23 20:40:00+02:00,8.3,8.3,5.7,-1.8,49.0,15.4,84.0,2.0,0.0,0.0,0.0,0.0,0.0,4.7,46.2,46.2,1.9,5.8,304.0,1005.2,1005.2,2.7,5.2
2024-04-23 20:44:16+02:00,8.2,8.1,5.4,-1.9,49.0,15.3,84.0,1.3,0.0,0.0,0.0,0.0,0.0,4.7,46.2,46.2,2.7,7.9,337.0,1005.2,1005.2,2.7,5.2
2024-04-23 20:50:40+02:00,8.2,7.7,5.1,-1.7,49.0,15.3,84.0,0.7,0.0,0.0,0.0,0.0,0.0,4.7,46.2,46.2,4.5,9.4,151.0,1005.1,1005.1,2.7,5.2
2024-04-23 20:54:56+02:00,8.1,7.9,5.2,-1.7,50.0,15.2,84.0,0.3,0.0,0.0,0.0,0.0,0.0,4.7,46.2,46.2,3.7,7.6,123.0,1005.0,1005.0,2.7,5.2
2024-04-23 20:59:12+02:00,8.2,8.2,5.4,-2.0,48.0,15.1,84.0,0.2,0.0,0.0,0.0,0.0,0.0,4.7,46.2,46.2,2.7,12.2,133.0,1005.0,1005.0,2.7,5.2
2024-04-23 21:05:36+02:00,8.2,8.2,5.6,-2.0,48.0,15.0,84.0,0.0,0.0,0.0,0.0,0.0,0.0,4.7,46.2,46.2,1.4,6.5,141.0,1004.9,1004.9,2.7,5.1
2024-04-23 21:09:52+02:00,8.2,8.2,5.5,-2.3,48.0,15.0,84.0,0.0,0.0,0.0,0.0,0.0,0.0,4.7,46.2,46.2,1.8,6.1,150.0,1005.0,1005.0,2.7,5.1
2024-04-23 21:14:08+02:00,8.1,8.1,5.6,-2.0,49.0,14.9,84.0,0.0,0.0,0.0,0.0,0.0,0.0,4.7,46.2,46.2,1.2,4.7,124.0,1004.9,1004.9,2.7,5.1
2024-04-23 21:20:32+02:00,8.0,8.0,5.4,-1.5,51.0,14.8,84.0,0.0,0.0,0.0,0.0,0.0,0.0,4.7,46.2,46.2,2.2,5.0,104.0,1005.0,1005.0,2.7,5.1
2024-04-23 21:24:48+02:00,8.0,8.0,5.3,-1.7,50.0,14.8,84.0,0.0,0.0,0.0,0.0,0.0,0.0,4.7,46.2,46.2,2.4,4.7,107.0,1004.8,1004.8,2.7,5.1
2024-04-23 21:29:04+02:00,8.0,8.0,5.2,-1.6,51.0,14.7,84.0,0.0,0.0,0.0,0.0,0.0,0.0,4.7,46.2,46.2,3.0,5.8,121.0,1004.6,1004.6,2.7,5.1
2024-04-23 21:35:28+02:00,8.0,8.0,5.1,-1.8,50.0,14.7,84.0,0.0,0.0,0.0,0.0,0.0,0.0,4.7,46.2,46.2,3.7,8.6,130.0,1004.7,1004.7,2.7,5.1
2024-04-23 21:39:44+02:00,8.2,8.2,5.5,-1.6,50.0,14.6,84.0,0.0,0.0,0.0,0.0,0.0,0.0,4.7,46.2,46.2,2.4,8.6,127.0,1004.7,1004.7,2.7,5.1
2024-04-23 21:44:00+02:00,8.1,7.9,5.2,-1.7,50.0,14.5,84.0,0.0,0.0,0.0,0.0,0.0,0.0,4.7,46.2,46.2,3.3,13.3,136.0,1004.7,1004.7,2.7,5.1
2024-04-23 21:50:24+02:00,8.1,7.7,4.9,-1.9,49.0,14.5,84.0,0.0,0.0,0.0,0.0,0.0,0.0,4.7,46.2,46.2,4.7,14.0,158.0,1004.8,1004.8,2.7,5.1
2024-04-23 21:54:40+02:00,8.1,8.1,5.3,-1.7,50.0,14.4,84.0,0.0,0.0,0.0,0.0,0.0,0.0,4.7,46.2,46.2,2.9,7.6,129.0,1004.6,1004.6,2.7,5.1
2024-04-23 21:58:56+02:00,8.0,7.8,5.1,-1.9,50.0,14.3,84.0,0.0,0.0,0.0,0.0,0.0,0.0,4.7,46.2,46.2,3.5,9.7,143.0,1004.5,1004.5,2.7,5.1
2024-04-23 22:05:20+02:00,8.0,7.8,5.1,-1.9,49.0,14.3,84.0,0.0,0.0,0.0,0.0,0.0,0.0,4.7,46.2,46.2,3.5,9.4,129.0,1004.4,1004.4,2.7,5.1
2024-04-23 22:09:36+02:00,8.0,7.6,4.9,-1.9,50.0,14.2,84.0,0.0,0.0,0.0,0.0,0.0,0.0,4.7,46.2,46.2,4.2,9.0,123.0,1004.5,1004.5,2.7,5.1
2024-04-23 22:16:00+02:00,8.0,7.5,5.0,-2.0,49.0,14.2,84.0,0.0,0.0,0.0,0.0,0.0,0.0,4.7,46.2,46.2,4.0,9.0,129.0,1004.4,1004.4,2.7,5.1
2024-04-23 22:20:16+02:00,8.0,7.8,5.0,-2.0,49.0,14.1,84.0,0.0,0.0,0.0,0.0,0.0,0.0,4.7,46.2,46.2,3.5,7.9,123.0,1004.3,1004.3,2.7,5.1
2024-04-23 22:24:32+02:00,8.0,7.7,5.1,-2.0,49.0,14.1,84.0,0.0,0.0,0.0,0.0,0.0,0.0,4.7,46.2,46.2,2.8,7.6,100.0,1004.3,1004.3,2.7,5.1
2024-04-23 22:30:56+02:00,7.9,7.5,4.9,-2.1,49.0,14.0,84.0,0.0,0.0,0.0,0.0,0.0,0.0,4.7,46.2,46.2,3.9,7.2,141.0,1004.2,1004.2,2.7,5.1
2024-04-23 22:35:12+02:00,7.9,7.8,5.0,-1.7,51.0,13.9,84.0,0.0,0.0,0.0,0.0,0.0,0.0,4.7,46.2,46.2,3.8,10.1,150.0,1004.2,1004.2,2.7,5.1
2024-04-23 22:39:28+02:00,7.8,7.7,4.9,-1.3,53.0,13.9,84.0,0.0,0.0,0.0,0.0,0.0,0.0,4.7,46.2,46.2,4.0,10.1,234.0,1004.3,1004.3,2.7,5.1
2024-04-23 22:45:52+02:00,7.7,7.7,5.0,-0.7,55.0,13.8,84.0,0.0,0.0,0.0,0.0,0.0,0.0,4.7,46.2,46.2,2.9,7.2,285.0,1004.4,1004.4,2.7,5.1
2024-04-23 22:50:08+02:00,7.4,6.9,4.5,0.1,60.0,13.8,84.0,0.0,0.0,0.0,0.0,0.0,0.0,4.7,46.2,46.2,5.0,11.5,210.0,1004.5,1004.5,2.7,5.1
2024-04-23 22:54:24+02:00,7.1,6.8,4.7,1.2,66.0,13.7,84.0,0.0,0.0,0.6,0.1,0.1,0.1,4.8,46.3,46.3,3.2,14.0,219.0,1004.5,1004.5,2.7,5.0
2024-04-23 23:00:48+02:00,6.7,5.8,3.8,2.1,72.0,13.7,84.0,0.0,0.0,0.6,0.1,0.1,0.1,4.8,46.3,46.3,6.0,11.5,194.0,1004.6,1004.6,2.7,5.0
2024-04-23 23:05:04+02:00,6.0,5.3,3.6,2.5,78.0,13.6,84.0,0.0,0.0,1.2,0.2,0.2,0.2,4.9,46.4,46.4,4.4,12.6,158.0,1004.6,1004.6,2.7,5.0
2024-04-23 23:09:20+02:00,5.7,5.3,3.2,2.7,81.0,13.5,84.0,0.0,0.0,1.2,0.3,0.3,0.3,5.0,46.5,46.5,4.9,11.2,143.0,1004.5,1004.5,2.7,5.0
2024-04-23 23:15:44+02:00,5.6,5.6,3.4,2.9,83.0,13.4,84.0,0.0,0.0,1.2,0.4,0.4,0.4,5.1,46.6,46.6,3.4,5.8,121.0,1004.6,1004.6,2.7,5.0
2024-04-23 23:20:00+02:00,5.6,5.4,3.3,3.1,84.0,13.4,84.0,0.0,0.0,0.6,0.4,0.4,0.4,5.1,46.6,46.6,3.9,6.5,141.0,1004.6,1004.6,2.7,5.0
2024-04-23 23:24:16+02:00,5.5,5.1,3.3,3.0,84.0,13.3,84.0,0.0,0.0,0.6,0.5,0.5,0.5,5.2,46.7,46.7,3.7,8.6,161.0,1004.5,1004.5,2.7,4.9
2024-04-23 23:30:40+02:00,5.4,5.0,3.1,3.1,85.0,13.2,84.0,0.0,0.0,0.6,0.5,0.5,0.5,5.2,46.7,46.7,4.3,11.5,112.0,1004.4,1004.4,2.7,4.9
2024-04-23 23:34:56+02:00,5.3,5.0,3.1,3.2,87.0,13.2,84.0,0.0,0.0,0.6,0.5,0.5,0.5,5.2,46.7,46.7,3.7,8.3,130.0,1004.3,1004.3,2.7,4.9
2024-04-23 23:39:12+02:00,5.3,5.0,3.2,3.4,88.0,13.1,84.0,0.0,0.0,0.6,0.6,0.6,0.6,5.3,46.8,46.8,3.6,7.9,104.0,1004.4,1004.4,2.7,4.9
2024-04-23 23:45:36+02:00,5.2,4.4,2.7,3.5,89.0,13.0,84.0,0.0,0.0,0.6,0.6,0.6,0.6,5.3,46.8,46.8,5.3,10.1,131.0,1004.2,1004.2,2.7,4.9
2024-04-23 23:49:52+02:00,5.1,4.4,2.7,3.5,89.0,13.0,84.0,0.0,0.0,0.6,0.6,0.6,0.6,5.3,46.8,46.8,5.0,14.0,133.0,1004.1,1004.1,2.7,4.9
2024-04-23 23:54:08+02:00,5.1,4.5,3.0,3.6,90.0,12.9,84.0,0.0,0.0,0.6,0.7,0.7,0.6,5.4,46.9,46.9,3.7,10.8,134.0,1004.1,1004.1,2.7,4.8
2024-04-24 00:00:32+02:00,5.1,4.4,2.8,3.6,90.0,12.8,84.0,0.0,0.0,0.6,0.0,0.7,0.6,5.4,46.9,46.9,4.7,8.3,140.0,1004.2,1004.2,2.7,4.8
2024-04-24 00:04:48+02:00,5.1,4.9,3.0,3.6,90.0,12.7,84.0,0.0,0.0,0.6,0.0,0.7,0.5,5.4,46.9,46.9,3.7,18.0,138.0,1004.1,1004.1,2.7,4.8
2024-04-24 00:09:04+02:00,5.0,5.0,3.0,3.5,90.0,12.7,84.0,0.0,0.0,0.6,0.1,0.8,0.5,5.5,47.0,47.0,3.2,10.1,99.0,1004.0,1004.0,2.7,4.8
2024-04-24 00:15:28+02:00,5.0,4.5,2.8,3.6,91.0,12.6,84.0,0.0,0.0,0.6,0.1,0.8,0.4,5.5,47.0,47.0,4.3,9.0,136.0,1004.0,1004.0,2.7,4.8
2024-04-24 00:19:44+02:00,5.0,4.8,2.9,3.7,91.0,12.6,84.0,0.0,0.0,0.6,0.1,0.8,0.4,5.5,47.0,47.0,3.7,7.9,139.0,1003.9,1003.9,2.7,4.8
2024-04-24 00:24:00+02:00,5.0,4.8,3.0,3.7,91.0,12.5,84.0,0.0,0.0,0.0,0.1,0.8,0.3,5.5,47.0,47.0,3.1,6.5,126.0,1003.9,1003.9,2.7,4.8
2024-04-24 00:30:24+02:00,5.0,4.2,2.7,3.8,92.0,12.4,84.0,0.0,0.0,0.0,0.1,0.8,0.3,5.5,47.0,47.0,4.5,9.0,126.0,1003.9,1003.9,2.7,4.8
2024-04-24 00:34:40+02:00,5.0,4.3,2.9,3.8,92.0,12.4,84.0,0.0,0.0,0.0,0.1,0.8,0.3,5.5,47.0,47.0,3.8,9.4,139.0,1003.8,1003.8,2.7,4.8
2024-04-24 00:41:04+02:00,5.0,4.6,2.8,3.8,92.0,12.3,84.0,0.0,0.0,0.0,0.1,0.8,0.2,5.5,47.0,47.0,4.1,6.8,127.0,1003.7,1003.7,2.7,4.8
2024-04-24 00:45:20+02:00,5.0,4.8,2.9,3.9,92.0,12.2,84.0,0.0,0.0,0.0,0.1,0.8,0.2,5.5,47.0,47.0,4.0,8.6,266.0,1003.7,1003.7,2.7,4.8
2024-04-24 00:49:36+02:00,5.0,4.3,2.6,3.9,93.0,12.2,84.0,0.0,0.0,0.0,0.1,0.8,0.2,5.5,47.0,47.0,5.4,10.8,283.0,1003.6,1003.6,2.7,4.8
2024-04-24 00:56:00+02:00,5.0,4.4,2.8,3.9,92.0,12.2,84.0,0.0,0.0,0.0,0.1,0.8,0.1,5.5,47.0,47.0,4.5,16.6,205.0,1003.5,1003.5,2.7,4.7
2024-04-24 01:00:16+02:00,5.0,4.8,3.2,3.9,92.0,12.1,84.0,0.0,0.0,0.0,0.1,0.8,0.1,5.5,47.0,47.0,2.7,11.2,166.0,1003.3,1003.3,2.7,4.7
2024-04-24 01:04:32+02:00,5.0,5.0,3.2,4.0,93.0,12.0,84.0,0.0,0.0,0.0,0.1,0.8,0.1,5.5,47.0,47.0,2.7,7.2,210.0,1003.4,1003.4,2.7,4.7
2024-04-24 01:10:56+02:00,5.1,4.7,3.2,4.1,93.0,12.0,84.0,0.0,0.0,0.0,0.1,0.8,0.0,5.5,47.0,47.0,3.0,8.6,130.0,1003.3,1003.3,2.7,4.7
2024-04-24 01:15:12+02:00,5.0,4.6,2.9,3.9,93.0,12.0,84.0,0.0,0.0,0.0,0.1,0.8,0.0,5.5,47.0,47.0,3.9,9.7,282.0,1003.2,1003.2,2.7,4.7
2024-04-24 01:19:28+02:00,5.0,5.0,3.3,3.9,92.0,11.9,84.0,0.0,0.0,0.0,0.1,0.8,0.0,5.5,47.0,47.0,1.9,6.5,120.0,1003.1,1003.1,2.7,4.7
2024-04-24 01:25:52+02:00,5.1,5.1,3.7,4.1,93.0,11.9,84.0,0.0,0.0,0.0,0.1,0.8,0.0,5.5,47.0,47.0,0.4,3.2,84.0,1003.2,1003.2,2.7,4.7
2024-04-24 01:30:08+02:00,5.0,4.8,3.1,3.9,93.0,11.8,84.0,0.0,0.0,0.0,0.1,0.8,0.0,5.5,47.0,47.0,3.1,5.8,127.0,1003.1,1003.1,2.7,4.7
2024-04-24 01:34:24+02:00,5.0,5.0,3.5,3.9,93.0,11.8,84.0,0.0,0.0,0.0,0.1,0.8,0.0,5.5,47.0,47.0,0.7,7.6,160.0,1003.1,1003.1,2.7,4.7
2024-04-24 01:40:48+02:00,5.0,5.0,3.3,3.9,93.0,11.7,84.0,0.0,0.0,0.0,0.1,0.8,0.0,5.5,47.0,47.0,2.1,5.0,131.0,1003.0,1003.0,2.7,4.7
2024-04-24 01:45:04+02:00,5.0,5.0,3.5,4.0,93.0,11.7,84.0,0.0,0.0,0.0,0.1,0.8,0.0,5.5,47.0,47.0,1.1,6.5,170.0,1003.1,1003.1,2.7,4.7
2024-04-24 01:49:20+02:00,5.0,4.8,3.3,4.0,93.0,11.7,84.0,0.0,0.0,0.0,0.1,0.8,0.0,5.5,47.0,47.0,2.1,5.8,131.0,1003.0,1003.0,2.7,4.7
2024-04-24 01:55:44+02:00,5.0,5.0,3.5,3.9,93.0,11.6,84.0,0.0,0.0,0.0,0.1,0.8,0.0,5.5,47.0,47.0,0.9,6.1,265.0,1003.0,1003.0,2.7,4.7
2024-04-24 02:00:00+02:00,5.0,5.0,3.2,4.0,93.0,11.6,84.0,0.0,0.0,0.0,0.1,0.0,0.0,5.5,47.0,47.0,2.4,4.7,150.0,1002.9,1002.9,2.7,4.7
2024-04-24 02:04:16+02:00,5.0,5.0,3.3,3.9,93.0,11.6,84.0,0.0,0.0,0.0,0.1,0.0,0.0,5.5,47.0,47.0,1.8,5.4,272.0,1002.9,1002.9,2.7,4.7
2024-04-24 02:10:40+02:00,5.0,5.0,3.3,3.9,93.0,11.5,84.0,0.0,0.0,0.0,0.1,0.0,0.0,5.5,47.0,47.0,2.2,5.4,334.0,1002.9,1002.9,2.7,4.7
2024-04-24 02:14:56+02:00,4.9,4.9,3.3,3.9,93.0,11.5,84.0,0.0,0.0,0.0,0.1,0.0,0.0,5.5,47.0,47.0,1.7,5.4,187.0,1002.9,1002.9,2.7,4.7
2024-04-24 02:19:12+02:00,4.9,4.9,3.3,3.7,92.0,11.5,84.0,0.0,0.0,0.0,0.1,0.0,0.0,5.5,47.0,47.0,1.2,7.2,151.0,1003.0,1003.0,2.7,4.7
2024-04-24 02:25:36+02:00,4.9,4.7,3.1,3.7,92.0,11.4,84.0,0.0,0.0,0.0,0.1,0.0,0.0,5.5,47.0,47.0,2.7,5.8,318.0,1002.8,1002.8,2.7,4.6
2024-04-24 02:29:52+02:00,4.9,4.6,2.9,3.6,91.0,11.4,84.0,0.0,0.0,0.0,0.1,0.0,0.0,5.5,47.0,47.0,3.3,7.9,288.0,1002.7,1002.7,2.7,4.6
2024-04-24 02:34:08+02:00,4.9,4.9,2.9,3.6,91.0,11.3,84.0,0.0,0.0,0.0,0.1,0.0,0.0,5.5,47.0,47.0,2.9,7.9,339.0,1002.6,1002.6,2.7,4.6
2024-04-24 02:40:32+02:00,4.9,4.9,2.8,3.4,90.0,11.3,84.0,0.0,0.0,0.0,0.1,0.0,0.0,5.5,47.0,47.0,3.5,9.0,263.0,1002.5,1002.5,2.7,4.6
2024-04-24 02:44:48+02:00,4.8,4.2,2.5,3.0,89.0,11.3,84.0,0.0,0.0,0.0,0.1,0.0,0.0,5.5,47.0,47.0,4.3,12.6,259.0,1002.4,1002.4,2.7,4.6
2024-04-24 02:49:04+02:00,4.8,4.5,2.5,2.9,88.0,11.2,85.0,0.0,0.0,0.0,0.1,0.0,0.0,5.5,47.0,47.0,4.2,10.8,271.0,1002.5,1002.5,2.7,4.6
2024-04-24 02:55:28+02:00,4.7,4.7,2.8,2.9,89.0,11.2,84.0,0.0,0.0,0.0,0.1,0.0,0.0,5.5,47.0,47.0,1.7,6.5,227.0,1002.4,1002.4,2.7,4.6
2024-04-24 02:59:44+02:00,4.6,4.6,2.8,2.9,89.0,11.2,84.0,0.0,0.0,0.0,0.1,0.0,0.0,5.5,47.0,47.0,1.3,5.4,333.0,1002.4,1002.4,2.7,4.6
2024-04-24 03:04:00+02:00,4.5,4.5,2.6,2.8,89.0,11.1,84.0,0.0,0.0,0.0,0.1,0.0,0.0,5.5,47.0,47.0,1.7,5.0,217.0,1002.5,1002.5,2.7,4.6
2024-04-24 03:10:24+02:00,4.5,4.5,2.6,2.8,89.0,11.1,84.0,0.0,0.0,0.0,0.1,0.0,0.0,5.5,47.0,47.0,1.9,5.0,278.0,1002.3,1002.3,2.7,4.6
2024-04-24 03:14:40+02:00,4.4,4.4,2.8,2.8,89.0,11.1,84.0,0.0,0.0,0.0,0.1,0.0,0.0,5.5,47.0,47.0,0.6,4.3,113.0,1002.3,1002.3,2.7,4.6
2024-04-24 03:18:56+02:00,4.4,3.7,2.0,2.7,89.0,11.0,84.0,0.0,0.0,0.0,0.1,0.0,0.0,5.5,47.0,47.0,4.3,6.5,125.0,1002.2,1002.2,2.7,4.6
2024-04-24 03:25:20+02:00,4.4,4.4,2.4,2.7,89.0,11.0,84.0,0.0,0.0,0.0,0.1,0.0,0.0,5.5,47.0,47.0,2.1,7.2,286.0,1002.1,1002.1,2.7,4.6
2024-04-24 03:29:36+02:00,4.3,4.3,2.2,2.7,89.0,10.9,84.0,0.0,0.0,0.0,0.1,0.0,0.0,5.5,47.0,47.0,3.0,7.2,126.0,1002.1,1002.1,2.7,4.6
2024-04-24 03:36:00+02:00,4.3,4.3,2.1,2.6,89.0,10.9,84.0,0.0,0.0,0.0,0.1,0.0,0.0,5.5,47.0,47.0,3.3,6.5,109.0,1002.0,1002.0,2.7,4.6
2024-04-24 03:40:16+02:00,4.3,4.1,2.2,2.7,90.0,10.8,84.0,0.0,0.0,0.0,0.1,0.0,0.0,5.5,47.0,47.0,3.0,6.1,113.0,1001.8,1001.8,2.7,4.6
2024-04-24 03:44:32+02:00,4.2,4.2,2.0,2.7,90.0,10.8,84.0,0.0,0.0,0.0,0.1,0.0,0.0,5.5,47.0,47.0,3.8,5.8,107.0,1001.8,1001.8,2.7,4.6
2024-04-24 03:50:56+02:00,4.2,4.2,2.1,2.7,90.0,10.8,84.0,0.0,0.0,0.0,0.1,0.0,0.0,5.5,47.0,47.0,2.7,5.8,110.0,1001.7,1001.7,2.7,4.6
2024-04-24 03:55:12+02:00,4.2,4.2,2.1,2.7,90.0,10.8,84.0,0.0,0.0,0.0,0.1,0.0,0.0,5.5,47.0,47.0,2.5,4.0,111.0,1001.6,1001.6,2.7,4.6
2024-04-24 03:59:28+02:00,4.1,4.1,2.4,2.6,90.0,10.7,84.0,0.0,0.0,0.0,0.1,0.0,0.0,5.5,47.0,47.0,0.6,3.2,122.0,1001.6,1001.6,2.7,4.6
2024-04-24 04:05:52+02:00,4.0,3.7,1.7,2.5,90.0,10.7,84.0,0.0,0.0,0.0,0.1,0.0,0.0,5.5,47.0,47.0,4.0,6.5,102.0,1001.6,1001.6,2.7,4.6
2024-04-24 04:10:08+02:00,4.1,4.1,1.8,2.6,90.0,10.7,84.0,0.0,0.0,0.0,0.1,0.0,0.0,5.5,47.0,47.0,3.7,6.5,116.0,1001.7,1001.7,2.7,4.6
2024-04-24 04:14:24+02:00,4.1,3.7,1.7,2.7,91.0,10.7,84.0,0.0,0.0,0.0,0.1,0.0,0.0,5.5,47.0,47.0,4.3,7.6,155.0,1001.6,1001.6,2.7,4.5
2024-04-24 04:20:48+02:00,4.2,4.2,2.0,2.8,91.0,10.6,85.0,0.0,0.0,0.0,0.1,0.0,0.0,5.5,47.0,47.0,3.0,9.0,156.0,1001.5,1001.5,2.7,4.5
2024-04-24 04:25:04+02:00,4.1,2.9,1.5,2.8,91.0,10.6,84.0,0.0,0.0,0.0,0.1,0.0,0.0,5.5,47.0,47.0,5.6,10.8,154.0,1001.3,1001.3,2.7,4.5
2024-04-24 04:29:20+02:00,4.2,4.2,2.0,2.8,91.0,10.5,84.0,0.0,0.0,0.0,0.1,0.0,0.0,5.5,47.0,47.0,3.3,6.8,125.0,1001.4,1001.4,2.7,4.5
2024-04-24 04:35:44+02:00,4.2,4.2,2.2,2.8,91.0,10.5,84.0,0.0,0.0,0.0,0.1,0.0,0.0,5.5,47.0,47.0,1.8,6.5,139.0,1001.4,1001.4,2.7,4.5
2024-04-24 04:40:00+02:00,4.2,3.6,1.8,2.9,91.0,10.5,84.0,0.0,0.0,0.0,0.1,0.0,0.0,5.5,47.0,47.0,4.6,9.7,116.0,1001.3,1001.3,2.7,4.5
2024-04-24 04:44:16+02:00,4.2,3.6,1.8,3.0,92.0,10.5,84.0,0.0,0.0,0.0,0.1,0.0,0.0,5.5,47.0,47.0,4.5,9.4,169.0,1001.3,1001.3,2.7,4.5
2024-04-24 04:50:40+02:00,4.2,4.2,2.0,3.1,92.0,10.4,84.0,0.0,0.0,0.0,0.1,0.0,0.0,5.5,47.0,47.0,3.5,6.8,120.0,1001.3,1001.3,2.7,4.5
2024-04-24 04:54:56+02:00,4.2,3.1,1.5,3.1,92.0,10.4,84.0,0.0,0.0,0.0,0.1,0.0,0.0,5.5,47.0,47.0,6.1,9.0,112.0,1001.2,1001.2,2.7,4.5
2024-04-24 04:59:12+02:00,4.2,4.2,2.4,3.1,92.0,10.4,84.0,0.0,0.0,0.0,0.1,0.0,0.0,5.5,47.0,47.0,1.8,9.0,253.0,1001.1,1001.1,2.7,4.5
2024-04-24 05:05:36+02:00,4.3,4.3,2.2,3.1,92.0,10.4,84.0,0.0,0.0,0.0,0.1,0.0,0.0,5.5,47.0,47.0,3.0,7.2,155.0,1001.2,1001.2,2.7,4.5
2024-04-24 05:09:52+02:00,4.3,3.8,2.0,3.1,92.0,10.3,84.0,0.0,0.0,0.0,0.1,0.0,0.0,5.5,47.0,47.0,4.2,9.4,170.0,1001.0,1001.0,2.7,4.5
2024-04-24 05:14:08+02:00,4.3,4.0,2.0,3.1,92.0,10.3,85.0,0.0,0.0,0.0,0.1,0.0,0.0,5.5,47.0,47.0,4.4,9.0,74.0,1000.9,1000.9,2.68,4.5
2024-04-24 05:20:32+02:00,4.3,3.8,2.0,2.9,91.0,10.3,84.0,0.0,0.0,0.0,0.1,0.0,0.0,5.5,47.0,47.0,4.2,9.0,22.0,1000.8,1000.8,2.68,4.5
2024-04-24 05:24:48+02:00,4.2,3.4,1.5,2.9,91.0,10.3,85.0,0.0,0.0,0.0,0.1,0.0,0.0,5.5,47.0,47.0,5.9,10.1,114.0,1000.8,1000.8,2.72,4.4
2024-04-24 05:29:04+02:00,4.3,4.3,2.1,2.8,90.0,10.2,85.0,0.0,0.0,0.0,0.1,0.0,0.0,5.5,47.0,47.0,3.5,8.6,105.0,1000.9,1000.9,2.72,4.4
2024-04-24 05:35:28+02:00,4.3,3.4,1.9,2.8,90.0,10.2,85.0,0.0,0.0,0.0,0.1,0.0,0.0,5.5,47.0,47.0,4.2,8.6,118.0,1000.9,1000.9,2.72,4.4
2024-04-24 05:39:44+02:00,4.3,3.3,1.7,2.6,89.0,10.2,84.0,0.0,0.0,0.0,0.1,0.0,0.0,5.5,47.0,47.0,5.4,13.3,130.0,1000.7,1000.7,2.72,4.4
2024-04-24 05:44:00+02:00,4.3,3.9,2.0,2.6,89.0,10.2,84.0,0.0,0.0,0.0,0.1,0.0,0.0,5.5,47.0,47.0,3.5,12.2,164.0,1000.7,1000.7,2.7,4.4
2024-04-24 05:50:24+02:00,4.3,4.3,2.5,2.6,89.0,10.2,84.0,0.0,0.0,0.0,0.1,0.0,0.0,5.5,47.0,47.0,1.4,9.7,165.0,1000.6,1000.6,2.7,4.4
2024-04-24 05:54:40+02:00,4.3,3.1,1.6,2.5,89.0,10.2,84.0,0.2,0.0,0.0,0.1,0.0,0.0,5.5,47.0,47.0,5.8,9.4,172.0,1000.7,1000.7,2.72,4.4
2024-04-24 06:01:04+02:00,4.3,3.6,2.0,2.6,89.0,10.1,84.0,0.3,0.0,0.0,0.1,0.0,0.0,5.5,47.0,47.0,4.0,10.8,142.0,1000.6,1000.6,2.72,4.4
2024-04-24 06:05:20+02:00,4.3,3.6,1.8,2.6,89.0,10.1,85.0,0.7,0.0,0.0,0.1,0.0,0.0,5.5,47.0,47.0,4.6,8.3,40.0,1000.5,1000.5,2.7,4.4
2024-04-24 06:09:36+02:00,4.3,3.5,1.7,2.6,89.0,10.1,85.0,1.3,0.0,0.0,0.1,0.0,0.0,5.5,47.0,47.0,5.1,14.0,149.0,1000.6,1000.6,2.7,4.4
2024-04-24 06:16:00+02:00,4.2,2.9,1.4,2.6,89.0,10.1,85.0,1.8,0.0,0.0,0.1,0.0,0.0,5.5,47.0,47.0,6.3,13.0,152.0,1000.5,1000.5,2.72,4.4
2024-04-24 06:20:16+02:00,4.2,2.8,1.5,2.6,89.0,10.1,84.0,2.4,0.0,0.0,0.1,0.0,0.0,5.5,47.0,47.0,5.8,12.2,97.0,1000.3,1000.3,2.72,4.4
2024-04-24 06:24:32+02:00,4.2,3.3,1.6,2.6,89.0,10.1,84.0,3.0,0.0,0.0,0.1,0.0,0.0,5.5,47.0,47.0,5.1,10.4,344.0,1000.4,1000.4,2.7,4.4
2024-04-24 06:30:56+02:00,4.2,3.4,1.8,2.6,89.0,10.0,84.0,4.7,0.0,0.0,0.1,0.0,0.0,5.5,47.0,47.0,4.4,14.4,23.0,1000.5,1000.5,2.7,4.4
2024-04-24 06:35:12+02:00,4.2,2.9,1.4,2.6,89.0,10.0,84.0,5.0,0.0,0.0,0.1,0.0,0.0,5.5,47.0,47.0,6.1,13.3,21.0,1000.4,1000.4,2.7,4.4
2024-04-24 06:39:28+02:00,4.2,3.5,1.7,2.6,89.0,10.0,85.0,7.3,0.0,0.0,0.1,0.0,0.0,5.5,47.0,47.0,4.9,13.3,186.0,1000.4,1000.4,2.7,4.4
2024-04-24 06:45:52+02:00,4.3,3.6,1.8,2.6,89.0,9.9,85.0,11.7,0.0,0.0,0.1,0.0,0.0,5.5,47.0,47.0,4.6,12.2,164.0,1000.4,1000.4,2.72,4.4
2024-04-24 06:50:08+02:00,4.3,4.0,1.9,2.6,89.0,9.9,85.0,13.5,0.0,0.0,0.1,0.0,0.0,5.5,47.0,47.0,4.2,9.4,130.0,1000.4,1000.4,2.72,4.4
2024-04-24 06:54:24+02:00,4.3,3.7,1.9,2.6,89.0,9.9,85.0,18.9,0.0,0.0,0.1,0.0,0.0,5.5,47.0,47.0,4.5,11.9,121.0,1000.4,1000.4,2.72,4.4
2024-04-24 07:00:48+02:00,4.3,3.7,1.8,2.5,88.0,9.9,85.0,22.1,0.0,0.0,0.1,0.0,0.0,5.5,47.0,47.0,4.7,11.5,158.0,1000.3,1000.3,2.72,4.4
2024-04-24 07:05:04+02:00,4.3,3.2,1.7,2.5,88.0,9.9,85.0,27.9,0.0,0.0,0.1,0.0,0.0,5.5,47.0,47.0,5.5,11.9,106.0,1000.3,1000.3,2.72,4.4
2024-04-24 07:09:20+02:00,4.3,4.3,2.0,2.4,88.0,9.9,85.0,43.2,0.0,0.0,0.1,0.0,0.0,5.5,47.0,47.0,3.4,9.7,119.0,1000.2,1000.2,2.72,4.4
2024-04-24 07:15:44+02:00,4.4,3.6,1.9,2.5,88.0,9.9,85.0,33.9,0.0,0.0,0.1,0.0,0.0,5.5,47.0,47.0,4.8,10.8,153.0,1000.2,1000.2,2.72,4.4
2024-04-24 07:20:00+02:00,4.4,3.3,1.5,2.6,88.0,9.8,85.0,34.4,0.0,0.0,0.1,0.0,0.0,5.5,47.0,47.0,6.7,10.8,196.0,1000.2,1000.2,2.72,4.4
2024-04-24 07:24:16+02:00,4.3,3.4,1.6,2.4,87.0,9.8,85.0,41.8,0.0,0.0,0.1,0.0,0.0,5.5,47.0,47.0,5.8,9.7,173.0,1000.0,1000.0,2.72,4.4
2024-04-24 07:30:40+02:00,4.3,3.6,1.8,2.2,86.0,9.8,85.0,59.8,0.0,0.0,0.1,0.0,0.0,5.5,47.0,47.0,4.9,10.1,353.0,1000.1,1000.1,2.72,4.4
2024-04-24 07:34:56+02:00,4.5,3.8,1.9,2.3,86.0,9.8,85.0,67.2,0.0,0.0,0.1,0.0,0.0,5.5,47.0,47.0,4.9,9.7,27.0,999.9,999.9,2.7,4.4
2024-04-24 07:39:12+02:00,4.7,4.0,2.0,2.4,85.0,9.9,85.0,72.3,0.0,0.0,0.1,0.0,0.0,5.5,47.0,47.0,5.5,15.5,164.0,1000.0,1000.0,2.7,4.4
2024-04-24 07:45:36+02:00,4.8,3.4,1.8,2.3,84.0,9.9,85.0,71.4,0.0,0.0,0.1,0.0,0.0,5.5,47.0,47.0,7.2,17.3,175.0,1000.0,1000.0,2.7,4.4
2024-04-24 07:49:52+02:00,4.9,3.6,2.0,2.2,83.0,9.9,85.0,69.6,0.0,0.0,0.1,0.0,0.0,5.5,47.0,47.0,6.3,12.6,159.0,999.9,999.9,2.7,4.4
2024-04-24 07:54:08+02:00,4.9,3.9,2.2,2.2,83.0,9.9,85.0,80.4,0.0,0.0,0.1,0.0,0.0,5.5,47.0,47.0,5.5,11.2,145.0,999.9,999.9,2.7,4.4
2024-04-24 08:00:32+02:00,4.9,3.7,2.0,2.1,82.0,10.0,85.0,77.5,0.0,0.0,0.1,0.0,0.0,5.5,47.0,47.0,6.6,19.8,163.0,999.8,999.8,2.7,4.4
2024-04-24 08:04:48+02:00,5.0,4.4,2.4,2.0,81.0,10.0,85.0,80.6,0.0,0.0,0.1,0.0,0.0,5.5,47.0,47.0,5.0,11.5,145.0,999.7,999.7,2.72,4.4
2024-04-24 08:09:04+02:00,5.0,3.6,2.0,2.0,81.0,10.1,85.0,88.0,0.0,0.0,0.1,0.0,0.0,5.5,47.0,47.0,6.8,13.0,23.0,999.8,999.8,2.72,4.4
2024-04-24 08:15:28+02:00,5.1,4.3,2.6,2.1,81.0,10.2,85.0,103.1,0.0,0.0,0.1,0.0,0.0,5.5,47.0,47.0,4.3,11.5,140.0,999.7,999.7,2.72,4.4
2024-04-24 08:19:44+02:00,5.2,4.7,2.6,2.2,81.0,10.2,86.0,107.3,0.0,0.0,0.1,0.0,0.0,5.5,47.0,47.0,4.7,16.9,39.0,999.8,999.8,2.72,4.4
2024-04-24 08:24:00+02:00,5.2,4.1,2.3,2.1,80.0,10.2,86.0,106.6,0.0,0.0,0.1,0.0,0.0,5.5,47.0,47.0,6.6,13.3,229.0,999.7,999.7,2.68,4.5
2024-04-24 08:30:24+02:00,5.3,4.3,2.6,2.2,80.0,10.3,86.0,100.9,0.0,0.0,0.1,0.0,0.0,5.5,47.0,47.0,5.6,9.7,174.0,999.6,999.6,2.68,4.5
2024-04-24 08:34:40+02:00,5.3,4.4,2.6,2.1,80.0,10.3,86.0,105.0,0.0,0.0,0.1,0.0,0.0,5.5,47.0,47.0,5.7,18.4,202.0,999.7,999.7,2.7,4.5
2024-04-24 08:38:56+02:00,5.3,4.5,2.7,2.1,80.0,10.4,86.0,110.8,1.0,0.0,0.1,0.0,0.0,5.5,47.0,47.0,5.2,10.8,140.0,999.7,999.7,2.7,4.5
2024-04-24 08:45:20+02:00,5.4,4.6,2.6,2.2,80.0,10.4,86.0,112.0,1.0,0.0,0.1,0.0,0.0,5.5,47.0,47.0,5.8,15.1,198.0,999.6,999.6,2.7,4.6
2024-04-24 08:49:36+02:00,5.3,5.1,3.1,2.1,80.0,10.5,86.0,132.0,1.0,0.0,0.1,0.0,0.0,5.5,47.0,47.0,2.9,18.7,173.0,999.6,999.6,2.7,4.6
2024-04-24 08:56:00+02:00,5.4,4.6,2.8,2.0,79.0,10.5,86.0,145.0,1.0,0.0,0.1,0.0,0.0,5.5,47.0,47.0,5.0,16.2,215.0,999.5,999.5,2.7,4.6
2024-04-24 09:00:16+02:00,5.5,4.5,2.7,2.1,79.0,10.5,86.0,145.0,1.0,0.0,0.1,0.0,0.0,5.5,47.0,47.0,5.6,18.7,251.0,999.3,999.3,2.7,4.6
2024-04-24 09:04:32+02:00,5.5,5.5,3.3,2.2,79.0,10.6,86.0,139.3,1.0,0.0,0.1,0.0,0.0,5.5,47.0,47.0,3.2,15.5,119.0,999.4,999.4,2.7,4.7
2024-04-24 09:10:56+02:00,5.7,4.9,3.1,2.3,79.0,10.6,86.0,142.0,1.0,0.0,0.1,0.0,0.0,5.5,47.0,47.0,5.3,8.3,147.0,999.5,999.5,2.7,4.7
2024-04-24 09:15:12+02:00,5.6,4.4,2.6,2.2,79.0,10.7,86.0,155.6,1.0,0.0,0.1,0.0,0.0,5.5,47.0,47.0,6.8,12.2,146.0,999.4,999.4,2.7,4.7
2024-04-24 09:19:28+02:00,5.7,5.1,3.3,2.2,78.0,10.7,86.0,151.2,1.0,0.0,0.1,0.0,0.0,5.5,47.0,47.0,3.9,11.9,192.0,999.3,999.3,2.7,4.7
2024-04-24 09:25:52+02:00,5.8,5.4,3.4,2.3,78.0,10.7,86.0,139.6,1.0,0.0,0.1,0.0,0.0,5.5,47.0,47.0,4.2,8.6,260.0,999.3,999.3,2.7,4.8
2024-04-24 09:30:08+02:00,5.9,5.4,3.4,2.3,78.0,10.8,86.0,112.2,1.0,0.0,0.1,0.0,0.0,5.5,47.0,47.0,4.2,8.6,182.0,999.3,999.3,2.7,4.8
2024-04-24 09:34:24+02:00,5.8,5.8,3.7,2.1,77.0,10.8,86.0,138.2,1.0,0.0,0.1,0.0,0.0,5.5,47.0,47.0,2.3,12.6,197.0,999.2,999.2,2.7,4.8
2024-04-24 09:40:48+02:00,5.8,5.3,3.2,2.0,77.0,10.9,86.0,128.7,1.0,0.0,0.1,0.0,0.0,5.5,47.0,47.0,4.6,10.8,99.0,999.3,999.3,2.7,4.8
2024-04-24 09:45:04+02:00,5.8,5.3,3.4,2.0,77.0,10.9,86.0,104.7,0.0,0.0,0.1,0.0,0.0,5.5,47.0,47.0,3.8,10.1,170.0,999.4,999.4,2.7,4.9
2024-04-24 09:49:20+02:00,5.8,5.2,3.2,2.0,77.0,11.0,86.0,74.7,0.0,0.0,0.1,0.0,0.0,5.5,47.0,47.0,4.9,13.7,187.0,999.3,999.3,2.7,4.9
2024-04-24 09:55:44+02:00,5.6,4.4,2.6,2.0,78.0,11.0,86.0,104.8,0.0,0.0,0.1,0.0,0.0,5.5,47.0,47.0,6.6,19.4,158.0,999.3,999.3,2.7,4.9
2024-04-24 10:00:00+02:00,5.6,4.9,2.9,1.9,77.0,11.0,86.0,145.7,1.0,0.0,0.1,0.0,0.0,5.5,47.0,47.0,4.9,16.6,252.0,999.2,999.2,2.7,4.9
2024-04-24 10:04:16+02:00,5.9,5.6,3.6,2.2,77.0,11.1,86.0,142.5,1.0,0.0,0.1,0.0,0.0,5.5,47.0,47.0,3.6,12.2,186.0,999.2,999.2,2.7,4.9
2024-04-24 10:10:40+02:00,5.8,4.6,2.9,2.1,77.0,11.1,86.0,104.3,0.0,0.0,0.1,0.0,0.0,5.5,47.0,47.0,6.7,18.0,235.0,999.2,999.2,2.7,4.9
2024-04-24 10:14:56+02:00,5.8,5.8,3.7,2.4,79.0,11.1,86.0,45.6,0.0,0.0,0.1,0.0,0.0,5.5,47.0,47.0,2.5,10.1,117.0,999.3,999.3,2.7,5.0
2024-04-24 10:19:12+02:00,5.8,4.9,3.1,2.4,79.0,11.1,86.0,76.9,0.0,0.0,0.1,0.0,0.0,5.5,47.0,47.0,5.8,18.4,193.0,999.3,999.3,2.7,5.0
2024-04-24 10:25:36+02:00,5.7,5.4,3.5,2.5,80.0,11.1,86.0,92.3,0.0,0.0,0.1,0.0,0.0,5.5,47.0,47.0,3.3,18.4,185.0,999.2,999.2,2.7,5.0
2024-04-24 10:29:52+02:00,5.7,5.7,3.4,2.6,80.0,11.2,86.0,129.6,1.0,0.0,0.1,0.0,0.0,5.5,47.0,47.0,3.6,9.7,179.0,999.3,999.3,2.7,5.0
2024-04-24 10:34:08+02:00,5.8,5.8,3.4,2.6,80.0,11.2,86.0,119.3,1.0,0.0,0.1,0.0,0.0,5.5,47.0,47.0,4.3,15.1,215.0,999.5,999.5,2.7,5.0
2024-04-24 10:40:32+02:00,5.8,5.8,4.1,3.2,84.0,11.2,86.0,213.1,1.0,0.6,0.2,0.1,0.1,5.6,47.1,47.1,1.1,9.7,185.0,999.2,999.2,2.7,5.0
2024-04-24 10:49:04+02:00,5.7,4.9,3.2,3.3,85.0,11.3,86.0,200.5,1.0,0.0,0.2,0.1,0.1,5.6,47.1,47.1,5.5,16.6,219.0,999.2,999.2,2.7,5.1
2024-04-24 10:55:28+02:00,5.8,5.8,3.9,3.5,85.0,11.3,86.0,163.6,1.0,0.6,0.3,0.2,0.2,5.7,47.2,47.2,2.6,9.7,299.0,999.1,999.1,2.7,5.1
2024-04-24 10:59:44+02:00,5.6,5.6,4.2,3.3,85.0,11.4,86.0,50.9,0.0,0.6,0.3,0.2,0.2,5.7,47.2,47.2,0.0,7.9,138.0,999.1,999.1,2.7,5.1
2024-04-24 11:04:00+02:00,5.1,4.2,2.6,3.3,88.0,11.5,86.0,53.8,0.0,1.8,0.6,0.5,0.5,6.0,47.5,47.5,5.2,11.9,264.0,999.2,999.2,2.7,5.1
2024-04-24 11:10:24+02:00,5.0,3.5,2.2,3.2,88.0,11.5,86.0,171.2,1.0,2.4,0.7,0.6,0.6,6.1,47.6,47.6,6.9,20.9,274.0,999.2,999.2,2.7,5.1
2024-04-24 11:14:40+02:00,5.0,4.0,2.4,3.0,87.0,11.5,86.0,167.6,1.0,1.2,0.7,0.6,0.6,6.1,47.6,47.6,5.4,16.6,314.0,999.1,999.1,2.7,5.1
2024-04-24 11:21:04+02:00,5.2,4.6,3.1,3.4,88.0,11.5,86.0,148.6,1.0,0.6,0.8,0.7,0.7,6.2,47.7,47.7,3.7,8.6,133.0,999.1,999.1,2.7,5.1
2024-04-24 11:25:20+02:00,5.3,4.6,2.9,3.3,88.0,11.5,86.0,131.3,1.0,0.6,0.8,0.7,0.7,6.2,47.7,47.7,4.9,11.5,250.0,999.1,999.1,2.7,5.1
2024-04-24 11:29:36+02:00,5.3,5.3,3.4,3.4,87.0,11.5,86.0,108.9,1.0,0.6,0.9,0.8,0.8,6.3,47.8,47.8,2.8,7.2,131.0,999.0,999.0,2.7,5.1
2024-04-24 11:36:00+02:00,5.3,4.4,2.8,3.3,87.0,11.5,86.0,152.1,1.0,0.6,0.9,0.8,0.7,6.3,47.8,47.8,5.3,10.1,176.0,998.9,998.9,2.7,5.2
2024-04-24 11:40:16+02:00,5.5,5.5,3.5,3.6,87.0,11.5,86.0,332.8,3.0,0.6,0.9,0.8,0.7,6.3,47.8,47.8,3.2,8.6,94.0,998.9,998.9,2.7,5.2
2024-04-24 11:44:32+02:00,6.0,5.5,3.9,3.9,87.0,11.5,86.0,396.4,3.0,0.0,0.9,0.8,0.7,6.3,47.8,47.8,3.7,10.8,159.0,998.8,998.8,2.7,5.2
2024-04-24 11:50:56+02:00,6.6,6.1,4.4,4.0,84.0,11.5,86.0,476.2,4.0,0.0,0.9,0.8,0.7,6.3,47.8,47.8,4.6,12.6,145.0,998.7,998.7,2.7,5.2
2024-04-24 11:55:12+02:00,7.0,6.2,4.6,4.2,82.0,11.6,86.0,319.3,2.0,0.0,0.9,0.8,0.6,6.3,47.8,47.8,5.6,9.0,151.0,998.7,998.7,2.7,5.2
2024-04-24 11:59:28+02:00,7.4,7.4,5.6,4.5,81.0,11.7,87.0,419.6,3.0,0.0,0.9,0.8,0.4,6.3,47.8,47.8,3.0,8.6,136.0,998.5,998.5,2.7,5.2
2024-04-24 12:05:52+02:00,8.0,7.7,6.0,4.5,79.0,11.8,87.0,297.9,2.0,0.0,0.9,0.8,0.3,6.3,47.8,47.8,4.0,11.9,51.0,998.6,998.6,2.7,5.2
2024-04-24 12:10:08+02:00,7.5,6.7,5.0,4.2,79.0,11.9,87.0,265.2,2.0,0.0,0.9,0.8,0.2,6.3,47.8,47.8,5.9,11.9,127.0,998.4,998.4,2.7,5.2
2024-04-24 12:14:24+02:00,7.4,7.4,5.3,3.9,78.0,12.0,87.0,321.5,2.0,0.0,0.9,0.8,0.2,6.3,47.8,47.8,3.8,12.2,153.0,998.4,998.4,2.7,5.2
2024-04-24 12:20:48+02:00,7.5,6.9,5.2,4.1,79.0,12.1,87.0,150.7,1.0,0.6,1.0,0.9,0.2,6.4,47.9,47.9,5.1,13.0,178.0,998.4,998.4,2.7,5.2
2024-04-24 12:25:04+02:00,6.6,5.5,3.9,3.7,82.0,12.2,87.0,41.4,0.0,1.2,1.1,1.0,0.3,6.5,48.0,48.0,7.0,22.7,144.0,998.4,998.4,2.7,5.2
2024-04-24 12:29:20+02:00,5.8,4.0,2.7,3.6,86.0,12.2,87.0,77.3,0.0,1.2,1.2,1.1,0.3,6.6,48.1,48.1,8.9,22.0,276.0,998.5,998.5,2.7,5.2
2024-04-24 12:35:44+02:00,5.1,4.3,2.8,3.4,89.0,12.3,87.0,139.7,1.0,1.8,1.3,1.2,0.4,6.7,48.2,48.2,4.6,15.5,233.0,998.6,998.6,2.7,5.2
2024-04-24 12:40:00+02:00,5.1,4.6,2.8,3.6,90.0,12.3,87.0,371.3,3.0,0.6,1.3,1.2,0.4,6.7,48.2,48.2,5.0,15.8,193.0,998.5,998.5,2.7,5.2
2024-04-24 12:44:16+02:00,5.8,5.6,3.8,4.4,91.0,12.3,86.0,628.1,5.0,0.0,1.3,1.2,0.4,6.7,48.2,48.2,3.7,15.8,155.0,998.3,998.3,2.7,5.2
2024-04-24 12:50:40+02:00,6.3,6.3,4.8,4.7,89.0,12.3,86.0,780.0,7.0,0.0,1.3,1.2,0.4,6.7,48.2,48.2,1.8,10.8,204.0,998.3,998.3,2.7,5.2
2024-04-24 12:54:56+02:00,7.6,7.6,5.8,4.9,83.0,12.4,87.0,230.9,2.0,0.0,1.3,1.2,0.4,6.7,48.2,48.2,3.6,6.8,250.0,998.2,998.2,2.7,5.2
2024-04-24 13:05:36+02:00,8.2,8.2,6.6,5.1,81.0,12.5,87.0,797.3,7.0,0.6,1.4,1.3,0.5,6.8,48.3,48.3,2.0,18.0,312.0,998.1,998.1,2.7,5.2
2024-04-24 13:09:52+02:00,9.0,8.1,6.5,5.3,78.0,12.6,87.0,837.5,7.0,0.0,1.4,1.3,0.5,6.8,48.3,48.3,7.2,17.6,147.0,998.0,998.0,2.7,5.2
2024-04-24 13:14:08+02:00,8.8,8.2,6.6,5.2,78.0,12.7,88.0,815.5,7.0,0.0,1.4,1.3,0.5,6.8,48.3,48.3,5.4,15.1,141.0,998.1,998.1,2.7,5.2
2024-04-24 13:20:32+02:00,9.4,9.0,7.4,5.4,76.0,12.8,88.0,735.2,6.0,0.6,1.5,1.4,0.5,6.9,48.4,48.4,5.1,14.4,199.0,998.1,998.1,2.7,5.2
2024-04-24 13:24:48+02:00,8.8,8.4,6.8,4.8,76.0,13.0,88.0,844.8,7.0,0.6,1.5,1.4,0.4,6.9,48.4,48.4,4.1,17.3,284.0,998.1,998.1,2.7,5.2
2024-04-24 13:29:04+02:00,8.7,7.9,6.2,4.5,75.0,13.1,88.0,690.4,6.0,0.6,1.5,1.4,0.2,6.9,48.4,48.4,6.6,16.2,131.0,997.9,997.9,2.7,5.2
2024-04-24 13:35:28+02:00,8.7,7.9,6.3,4.2,74.0,13.2,88.0,659.4,6.0,0.0,1.5,1.4,0.2,6.9,48.4,48.4,5.9,10.8,154.0,998.0,998.0,2.7,5.2
2024-04-24 13:39:44+02:00,8.6,8.0,6.2,3.8,71.0,13.4,88.0,180.1,1.0,0.0,1.5,1.4,0.2,6.9,48.4,48.4,5.5,10.8,201.0,998.0,998.0,2.7,5.2
2024-04-24 13:44:00+02:00,8.7,8.2,6.3,3.9,72.0,13.5,88.0,245.9,2.0,0.0,1.5,1.4,0.2,6.9,48.4,48.4,5.5,16.2,160.0,997.9,997.9,2.7,5.2
2024-04-24 13:50:24+02:00,8.7,7.9,6.0,4.1,73.0,13.6,88.0,340.8,3.0,0.0,1.5,1.4,0.2,6.9,48.4,48.4,7.3,22.0,271.0,997.7,997.7,2.7,5.2
2024-04-24 13:54:40+02:00,8.7,8.3,6.5,3.7,71.0,13.7,88.0,198.3,1.0,0.0,1.5,1.4,0.1,6.9,48.4,48.4,4.0,22.0,212.0,997.6,997.6,2.7,5.2
2024-04-24 13:58:56+02:00,8.5,7.2,5.4,3.7,72.0,13.8,87.0,145.5,1.0,0.0,1.5,1.4,0.1,6.9,48.4,48.4,8.9,16.6,141.0,997.6,997.6,2.7,5.2
2024-04-24 14:05:20+02:00,8.2,8.0,5.9,3.5,72.0,13.8,87.0,72.5,0.0,0.0,1.5,1.4,0.1,6.9,48.4,48.4,4.3,18.0,228.0,997.5,997.5,2.7,5.2
2024-04-24 14:09:36+02:00,7.5,6.5,4.7,3.9,78.0,13.9,87.0,175.0,1.0,0.0,1.5,1.4,0.1,6.9,48.4,48.4,7.4,27.4,289.0,997.8,997.8,2.7,5.2
2024-04-24 14:16:00+02:00,7.0,5.6,3.9,4.0,81.0,13.9,87.0,714.0,6.0,0.0,1.5,1.4,0.1,6.9,48.4,48.4,9.6,29.9,272.0,997.6,997.6,2.7,5.2
2024-04-24 14:20:16+02:00,8.2,7.4,5.7,4.6,78.0,13.9,87.0,686.0,6.0,0.0,1.5,1.4,0.0,6.9,48.4,48.4,6.3,17.3,294.0,997.4,997.4,2.7,5.2
2024-04-24 14:24:32+02:00,8.8,8.3,6.6,4.5,75.0,14.0,87.0,418.6,3.0,0.0,1.5,1.4,0.0,6.9,48.4,48.4,5.0,17.3,211.0,997.5,997.5,2.7,5.2
2024-04-24 14:30:56+02:00,9.0,8.3,6.5,4.3,73.0,14.0,87.0,591.5,5.0,0.0,1.5,1.4,0.0,6.9,48.4,48.4,6.3,14.8,174.0,997.4,997.4,2.7,5.2
2024-04-24 14:35:12+02:00,9.6,9.1,7.4,4.4,70.0,14.1,87.0,419.3,3.0,0.0,1.5,1.4,0.0,6.9,48.4,48.4,4.6,14.8,161.0,997.1,997.1,2.7,5.2
2024-04-24 14:39:28+02:00,10.0,9.5,7.3,4.1,67.0,14.1,87.0,635.8,5.0,0.0,1.5,1.4,0.0,6.9,48.4,48.4,7.4,17.3,270.0,997.2,997.2,2.7,5.2
2024-04-24 14:45:52+02:00,9.6,8.6,6.5,3.4,65.0,14.2,87.0,139.7,1.0,0.0,1.5,1.4,0.0,6.9,48.4,48.4,8.6,22.7,245.0,997.1,997.1,2.7,5.2
2024-04-24 15:00:48+02:00,8.7,6.8,4.7,2.8,66.0,14.3,87.0,672.9,6.0,0.0,1.5,1.4,0.0,6.9,48.4,48.4,12.7,22.0,279.0,997.2,997.2,2.7,5.2
2024-04-24 15:05:04+02:00,9.6,8.3,6.3,3.3,65.0,14.3,87.0,418.9,3.0,0.0,1.5,1.4,0.0,6.9,48.4,48.4,9.9,25.9,247.0,997.1,997.1,2.7,5.2
2024-04-24 15:09:20+02:00,9.2,7.9,5.8,3.1,66.0,14.4,87.0,219.3,2.0,0.0,1.5,1.4,0.0,6.9,48.4,48.4,9.5,17.3,263.0,997.1,997.1,2.7,5.2
2024-04-24 15:15:44+02:00,9.5,8.6,6.5,3.2,65.0,14.5,87.0,653.4,6.0,0.0,1.5,1.4,0.0,6.9,48.4,48.4,7.8,18.4,256.0,997.0,997.0,2.7,5.2
2024-04-24 15:20:00+02:00,9.6,8.7,6.7,3.0,64.0,14.6,87.0,229.8,2.0,0.0,1.5,1.4,0.0,6.9,48.4,48.4,7.4,15.5,264.0,996.9,996.9,2.7,5.2
2024-04-24 15:24:16+02:00,9.7,9.3,7.1,2.9,62.0,14.6,87.0,654.5,6.0,0.0,1.5,1.4,0.0,6.9,48.4,48.4,5.4,22.7,276.0,996.8,996.8,2.7,5.2
2024-04-24 15:30:40+02:00,9.8,9.2,6.8,3.0,63.0,14.7,87.0,97.5,0.0,0.0,1.5,1.4,0.0,6.9,48.4,48.4,7.6,18.0,264.0,996.8,996.8,2.7,5.2
2024-04-24 15:34:56+02:00,9.0,7.6,5.3,2.9,66.0,14.7,87.0,40.8,0.0,0.0,1.5,1.4,0.0,6.9,48.4,48.4,11.1,34.9,260.0,997.0,997.0,2.7,5.2
2024-04-24 15:39:12+02:00,6.6,4.9,3.0,3.9,83.0,14.8,87.0,59.9,0.0,1.8,1.8,1.7,0.3,7.2,48.7,48.7,11.8,38.2,262.0,997.3,997.3,2.7,5.2
2024-04-24 15:45:36+02:00,5.7,3.9,2.7,3.9,88.0,14.8,87.0,92.0,0.0,2.4,1.9,1.8,0.4,7.3,48.8,48.8,8.6,17.3,299.0,997.2,997.2,2.7,5.2
2024-04-24 15:49:52+02:00,5.7,3.8,2.6,4.0,89.0,14.7,86.0,97.1,0.0,1.2,2.0,1.9,0.5,7.4,48.9,48.9,9.4,29.2,273.0,997.3,997.3,2.7,5.2
2024-04-24 15:54:08+02:00,5.3,3.4,2.0,3.4,88.0,14.6,86.0,127.8,1.0,1.8,2.2,2.1,0.7,7.6,49.1,49.1,9.8,30.2,270.0,997.2,997.2,2.7,5.2
2024-04-24 16:00:32+02:00,5.5,4.2,2.7,3.5,87.0,14.5,86.0,229.8,2.0,1.8,2.2,2.1,0.7,7.6,49.1,49.1,7.2,17.3,256.0,997.2,997.2,2.7,5.2
2024-04-24 16:04:48+02:00,5.8,5.2,3.5,4.0,88.0,14.5,85.0,142.8,1.0,1.2,2.2,2.1,0.7,7.6,49.1,49.1,4.8,13.3,234.0,997.3,997.3,2.7,5.2
2024-04-24 16:09:04+02:00,5.8,4.8,3.4,4.2,89.0,14.4,85.0,323.7,3.0,0.0,2.2,2.1,0.7,7.6,49.1,49.1,5.6,14.4,171.0,997.3,997.3,2.7,5.2
2024-04-24 16:15:28+02:00,6.4,6.1,4.6,4.9,90.0,14.4,85.0,463.2,4.0,0.0,2.2,2.1,0.7,7.6,49.1,49.1,3.2,15.5,96.0,997.1,997.1,2.7,5.2
2024-04-24 16:19:44+02:00,7.3,6.6,5.2,5.3,87.0,14.3,85.0,431.6,4.0,0.6,2.3,2.2,0.8,7.7,49.2,49.2,5.5,12.2,165.0,996.9,996.9,2.7,5.2
2024-04-24 16:24:00+02:00,7.9,7.9,6.2,5.2,83.0,14.3,85.0,533.5,4.0,0.6,2.3,2.2,0.8,7.7,49.2,49.2,3.0,7.6,211.0,996.9,996.9,2.7,5.2
2024-04-24 16:30:24+02:00,7.9,7.4,5.7,5.1,82.0,14.3,85.0,454.5,4.0,0.6,2.3,2.2,0.8,7.7,49.2,49.2,5.8,11.5,152.0,996.9,996.9,2.7,5.2
2024-04-24 16:34:40+02:00,8.3,8.3,6.5,5.1,81.0,14.2,85.0,387.4,3.0,0.0,2.3,2.2,0.7,7.7,49.2,49.2,3.6,14.8,170.0,996.8,996.8,2.7,5.2
2024-04-24 16:41:04+02:00,8.7,8.3,6.8,5.1,78.0,14.2,86.0,423.4,3.0,0.0,2.3,2.2,0.5,7.7,49.2,49.2,4.2,14.8,174.0,996.9,996.9,2.7,5.2
2024-04-24 16:45:20+02:00,9.1,8.5,6.8,5.3,77.0,14.2,86.0,498.2,4.0,0.0,2.3,2.2,0.4,7.7,49.2,49.2,5.9,19.4,199.0,996.8,996.8,2.7,5.2
2024-04-24 16:49:36+02:00,9.2,8.9,7.2,5.5,77.0,14.2,86.0,538.1,5.0,0.0,2.3,2.2,0.3,7.7,49.2,49.2,5.2,15.5,171.0,996.7,996.7,2.7,5.2
2024-04-24 16:56:00+02:00,9.6,9.2,7.5,5.3,74.0,14.2,86.0,329.1,3.0,0.0,2.3,2.2,0.1,7.7,49.2,49.2,5.2,13.3,163.0,996.6,996.6,2.7,5.2
2024-04-24 17:00:16+02:00,9.0,8.1,6.3,5.4,78.0,14.3,86.0,222.6,2.0,0.0,2.3,2.2,0.1,7.7,49.2,49.2,8.1,18.7,131.0,996.5,996.5,2.7,5.2
2024-04-24 17:04:32+02:00,8.8,7.7,6.2,5.1,77.0,14.3,86.0,227.7,2.0,0.0,2.3,2.2,0.1,7.7,49.2,49.2,8.3,17.6,160.0,996.6,996.6,2.7,5.2
2024-04-24 17:10:56+02:00,8.8,8.6,6.9,5.3,79.0,14.4,86.0,284.4,2.0,0.0,2.3,2.2,0.1,7.7,49.2,49.2,4.3,17.6,123.0,996.5,996.5,2.7,5.2
2024-04-24 17:15:12+02:00,8.8,8.4,6.8,5.3,79.0,14.4,87.0,156.3,1.0,0.0,2.3,2.2,0.1,7.7,49.2,49.2,4.9,14.0,209.0,996.5,996.5,2.7,5.2
2024-04-24 17:19:28+02:00,8.8,8.0,6.2,4.1,72.0,14.5,87.0,100.4,0.0,0.0,2.3,2.2,0.0,7.7,49.2,49.2,6.8,16.2,283.0,996.4,996.4,2.7,5.2
2024-04-24 17:25:52+02:00,8.8,8.6,6.8,3.8,71.0,14.5,87.0,88.0,0.0,0.0,2.3,2.2,0.0,7.7,49.2,49.2,3.7,19.4,251.0,996.5,996.5,2.7,5.2
2024-04-24 17:30:08+02:00,8.9,7.1,5.1,4.2,73.0,14.5,87.0,47.0,0.0,0.0,2.3,2.2,0.0,7.7,49.2,49.2,13.0,30.2,272.0,996.7,996.7,2.7,5.2
2024-04-24 17:34:24+02:00,6.1,2.7,1.0,3.3,82.0,14.5,86.0,6.8,0.0,14.4,4.7,4.6,2.4,10.1,51.6,51.6,19.1,56.5,286.0,997.1,997.1,2.7,5.2
2024-04-24 17:40:48+02:00,3.9,0.6,-0.4,2.4,90.0,14.4,85.0,6.4,0.0,25.2,6.5,6.4,4.2,11.9,53.4,53.4,13.8,20.5,277.0,997.4,997.4,2.7,5.2
2024-04-24 17:45:04+02:00,3.3,2.8,0.9,1.9,91.0,14.2,85.0,10.0,0.0,23.4,6.8,6.7,4.5,12.2,53.7,53.7,3.5,18.4,314.0,997.0,997.0,2.7,5.2
2024-04-24 17:49:20+02:00,3.5,3.5,1.2,2.2,92.0,14.1,85.0,29.6,0.0,10.2,6.8,6.7,4.5,12.2,53.7,53.7,3.2,10.8,112.0,997.0,997.0,2.7,5.2
2024-04-24 17:55:44+02:00,3.7,3.7,1.5,2.5,92.0,14.0,85.0,56.4,0.0,0.6,6.8,6.7,4.5,12.2,53.7,53.7,2.8,5.4,119.0,996.9,996.9,2.7,5.1
2024-04-24 18:10:40+02:00,4.8,4.8,3.1,3.7,93.0,13.6,85.0,106.2,0.0,0.0,6.8,6.7,4.5,12.2,53.7,53.7,1.7,3.6,95.0,996.7,996.7,2.7,5.2
2024-04-24 18:14:56+02:00,5.0,5.0,3.4,3.9,93.0,13.6,85.0,69.8,0.0,0.0,6.8,6.7,4.5,12.2,53.7,53.7,1.4,3.2,141.0,996.7,996.7,2.7,5.2
2024-04-24 18:19:12+02:00,5.0,5.0,3.5,3.9,93.0,13.5,85.0,60.9,0.0,0.0,6.8,6.7,4.5,12.2,53.7,53.7,1.0,4.7,349.0,996.8,996.8,2.7,5.2
2024-04-24 18:25:36+02:00,5.1,5.1,3.3,4.1,93.0,13.4,85.0,65.9,0.0,0.0,6.8,6.7,4.5,12.2,53.7,53.7,2.4,6.5,81.0,996.8,996.8,2.7,5.2
2024-04-24 18:29:52+02:00,5.3,5.3,3.8,4.2,93.0,13.4,85.0,58.8,0.0,0.0,6.8,6.7,4.5,12.2,53.7,53.7,1.2,4.7,14.0,996.8,996.8,2.7,5.2
2024-04-24 18:34:08+02:00,5.4,5.4,3.6,4.4,93.0,13.3,85.0,77.6,0.0,0.0,6.8,6.7,2.0,12.2,53.7,53.7,2.9,5.0,339.0,996.9,996.9,2.7,5.2
2024-04-24 18:40:32+02:00,5.4,4.7,3.4,4.3,93.0,13.3,85.0,82.6,0.0,0.0,6.8,6.7,0.2,12.2,53.7,53.7,3.8,9.0,7.0,996.8,996.8,2.7,5.2
2024-04-24 18:44:48+02:00,5.5,5.5,3.6,4.4,93.0,13.2,85.0,80.1,0.0,0.0,6.8,6.7,0.0,12.2,53.7,53.7,2.9,6.1,119.0,996.8,996.8,2.7,5.2
2024-04-24 18:49:04+02:00,5.5,5.5,4.2,4.4,93.0,13.2,85.0,26.5,0.0,0.0,6.8,6.7,0.0,12.2,53.7,53.7,0.5,5.8,86.0,996.7,996.7,2.7,5.2
2024-04-24 18:55:28+02:00,5.6,5.6,4.0,4.5,93.0,13.1,85.0,26.4,0.0,0.6,6.9,6.8,0.1,12.3,53.8,53.8,1.9,5.0,255.0,996.8,996.8,2.7,5.2
2024-04-24 18:59:44+02:00,5.5,5.5,3.8,4.4,92.0,13.1,85.0,71.3,0.0,0.6,6.9,6.8,0.1,12.3,53.8,53.8,2.4,4.7,122.0,996.7,996.7,2.7,5.2
2024-04-24 19:04:00+02:00,5.8,5.8,4.0,4.6,92.0,13.0,85.0,54.7,0.0,0.6,6.9,6.8,0.1,12.3,53.8,53.8,3.2,5.0,125.0,996.7,996.7,2.7,5.2
2024-04-24 19:10:24+02:00,5.8,5.5,4.0,4.7,93.0,13.0,85.0,13.0,0.0,0.0,6.9,6.8,0.1,12.3,53.8,53.8,3.2,6.8,113.0,996.8,996.8,2.7,5.2
2024-04-24 19:14:40+02:00,5.8,5.1,3.6,4.7,92.0,12.9,85.0,12.2,0.0,0.0,6.9,6.8,0.1,12.3,53.8,53.8,5.4,15.8,161.0,996.7,996.7,2.7,5.2
2024-04-24 19:18:56+02:00,5.9,5.9,4.1,4.7,92.0,12.9,85.0,15.9,0.0,0.0,6.9,6.8,0.1,12.3,53.8,53.8,3.2,8.3,213.0,996.8,996.8,2.7,5.2
2024-04-24 19:25:20+02:00,6.0,5.2,3.6,4.7,91.0,12.8,85.0,14.6,0.0,0.0,6.9,6.8,0.1,12.3,53.8,53.8,6.1,13.0,291.0,996.9,996.9,2.7,5.2
2024-04-24 19:29:36+02:00,6.0,4.2,2.9,4.5,90.0,12.8,85.0,89.7,0.0,0.0,6.9,6.8,0.1,12.3,53.8,53.8,9.4,18.0,290.0,997.0,997.0,2.7,5.2
2024-04-24 19:36:00+02:00,5.6,3.6,2.5,4.0,89.0,12.8,85.0,87.5,0.0,0.0,6.9,6.8,0.1,12.3,53.8,53.8,9.4,17.6,304.0,997.2,997.2,2.7,5.2
2024-04-24 19:40:16+02:00,5.2,4.2,2.6,3.5,89.0,12.7,85.0,53.1,0.0,0.0,6.9,6.8,0.1,12.3,53.8,53.8,6.1,9.7,277.0,997.2,997.2,2.7,5.2
2024-04-24 19:44:32+02:00,5.0,5.0,3.2,3.3,89.0,12.7,85.0,34.2,0.0,0.0,6.9,6.8,0.1,12.3,53.8,53.8,1.9,9.0,295.0,997.3,997.3,2.7,5.2
2024-04-24 19:50:56+02:00,5.0,5.0,3.3,3.5,90.0,12.6,85.0,26.9,0.0,0.0,6.9,6.8,0.1,12.3,53.8,53.8,1.6,4.7,230.0,997.3,997.3,2.7,5.2
2024-04-24 19:55:12+02:00,5.0,5.0,3.2,3.6,91.0,12.5,85.0,15.9,0.0,0.0,6.9,6.8,0.0,12.3,53.8,53.8,1.8,4.0,49.0,997.3,997.3,2.7,5.2
2024-04-24 19:59:28+02:00,4.9,4.7,3.0,3.7,92.0,12.5,85.0,13.5,0.0,0.0,6.9,6.8,0.0,12.3,53.8,53.8,2.7,6.1,72.0,997.4,997.4,2.7,5.2
2024-04-24 20:05:52+02:00,4.8,4.6,2.6,3.7,92.0,12.4,85.0,7.9,0.0,0.0,6.9,6.8,0.0,12.3,53.8,53.8,4.2,6.1,126.0,997.5,997.5,2.7,5.2
2024-04-24 20:10:08+02:00,4.8,4.8,3.1,3.6,92.0,12.4,85.0,5.2,0.0,0.0,6.9,6.8,0.0,12.3,53.8,53.8,1.7,4.7,89.0,997.5,997.5,2.7,5.2
2024-04-24 20:14:24+02:00,4.9,4.9,3.0,3.7,92.0,12.3,85.0,4.2,0.0,0.0,6.9,6.8,0.0,12.3,53.8,53.8,2.7,5.4,101.0,997.4,997.4,2.7,5.2
2024-04-24 20:20:48+02:00,5.1,4.5,2.9,4.1,93.0,12.3,85.0,5.8,0.0,0.0,6.9,6.8,0.0,12.3,53.8,53.8,4.8,7.2,117.0,997.5,997.5,2.7,5.2
2024-04-24 20:25:04+02:00,5.2,5.2,3.6,4.1,92.0,12.2,85.0,5.8,0.0,0.0,6.9,6.8,0.0,12.3,53.8,53.8,1.4,8.3,133.0,997.5,997.5,2.7,5.2
2024-04-24 20:29:20+02:00,5.2,5.0,3.2,4.1,92.0,12.2,85.0,5.2,0.0,0.0,6.9,6.8,0.0,12.3,53.8,53.8,3.3,6.1,129.0,997.6,997.6,2.7,5.2
2024-04-24 20:35:44+02:00,5.2,5.2,3.2,4.1,92.0,12.1,85.0,3.9,0.0,0.0,6.9,6.8,0.0,12.3,53.8,53.8,3.2,7.2,125.0,997.6,997.6,2.7,5.1
2024-04-24 20:40:00+02:00,5.1,4.7,2.9,4.0,92.0,12.1,85.0,2.8,0.0,0.0,6.9,6.8,0.0,12.3,53.8,53.8,4.5,10.1,134.0,997.6,997.6,2.7,5.1
2024-04-24 20:44:16+02:00,5.1,4.8,3.0,3.9,92.0,12.0,85.0,1.9,0.0,0.0,6.9,6.8,0.0,12.3,53.8,53.8,4.2,7.2,142.0,997.6,997.6,2.7,5.1
2024-04-24 20:50:40+02:00,5.0,4.7,2.9,3.9,92.0,12.0,85.0,1.2,0.0,0.0,6.9,6.8,0.0,12.3,53.8,53.8,4.1,7.9,164.0,997.6,997.6,2.7,5.1
2024-04-24 20:54:56+02:00,5.0,5.0,3.2,3.8,92.0,11.9,85.0,0.6,0.0,0.0,6.9,6.8,0.0,12.3,53.8,53.8,2.6,10.8,135.0,997.7,997.7,2.7,5.1
2024-04-24 20:59:12+02:00,4.8,4.8,3.0,3.7,92.0,11.8,85.0,0.3,0.0,0.0,6.9,6.8,0.0,12.3,53.8,53.8,2.4,6.5,128.0,997.7,997.7,2.7,5.1
2024-04-24 21:05:36+02:00,4.8,4.6,2.7,3.7,93.0,11.8,85.0,0.1,0.0,0.0,6.9,6.8,0.0,12.3,53.8,53.8,4.0,8.6,128.0,997.8,997.8,2.7,5.1
2024-04-24 21:09:52+02:00,4.7,4.6,2.8,3.6,92.0,11.7,85.0,0.0,0.0,0.0,6.9,6.8,0.0,12.3,53.8,53.8,2.7,8.6,127.0,997.8,997.8,2.7,5.1
2024-04-24 21:14:08+02:00,4.7,4.7,2.8,3.6,92.0,11.7,85.0,0.0,0.0,0.0,6.9,6.8,0.0,12.3,53.8,53.8,2.6,4.3,107.0,997.9,997.9,2.7,5.1
2024-04-24 21:20:32+02:00,4.7,4.0,2.5,3.6,93.0,11.6,85.0,0.0,0.0,0.0,6.9,6.8,0.0,12.3,53.8,53.8,4.0,9.4,119.0,997.9,997.9,2.7,5.1
2024-04-24 21:24:48+02:00,4.7,4.7,2.9,3.6,93.0,11.5,85.0,0.0,0.0,0.0,6.9,6.8,0.0,12.3,53.8,53.8,1.8,7.6,129.0,997.9,997.9,2.7,5.1
2024-04-24 21:29:04+02:00,4.6,4.3,2.4,3.6,93.0,11.5,85.0,0.0,0.0,0.0,6.9,6.8,0.0,12.3,53.8,53.8,3.9,7.9,147.0,998.0,998.0,2.7,5.1
2024-04-24 21:35:28+02:00,4.6,4.6,2.7,3.6,93.0,11.4,85.0,0.0,0.0,0.0,6.9,6.8,0.0,12.3,53.8,53.8,2.4,4.0,137.0,998.1,998.1,2.7,5.1
2024-04-24 21:39:44+02:00,4.7,4.7,2.8,3.6,93.0,11.4,85.0,0.0,0.0,0.0,6.9,6.8,0.0,12.3,53.8,53.8,2.4,5.4,129.0,997.9,997.9,2.7,5.1
2024-04-24 21:44:00+02:00,4.7,4.5,2.9,3.6,93.0,11.3,85.0,0.0,0.0,0.0,6.9,6.8,0.0,12.3,53.8,53.8,2.0,7.9,147.0,998.1,998.1,2.7,5.1
2024-04-24 21:50:24+02:00,4.7,4.7,2.7,3.7,93.0,11.3,85.0,0.0,0.0,0.0,6.9,6.8,0.0,12.3,53.8,53.8,3.0,6.8,134.0,998.1,998.1,2.7,5.1
2024-04-24 21:54:40+02:00,4.6,4.6,2.9,3.5,93.0,11.2,85.0,0.0,0.0,0.0,6.9,6.8,0.0,12.3,53.8,53.8,1.5,5.8,110.0,998.2,998.2,2.7,5.1
2024-04-24 22:01:04+02:00,4.5,4.3,2.6,3.4,93.0,11.2,85.0,0.0,0.0,0.0,6.9,6.8,0.0,12.3,53.8,53.8,2.3,5.8,131.0,998.1,998.1,2.7,5.1
2024-04-24 22:05:20+02:00,4.5,4.5,2.8,3.4,93.0,11.1,85.0,0.0,0.0,0.0,6.9,6.8,0.0,12.3,53.8,53.8,1.7,8.3,113.0,998.1,998.1,2.7,5.1
2024-04-24 22:09:36+02:00,4.5,4.5,2.5,3.4,93.0,11.1,85.0,0.0,0.0,0.0,6.9,6.8,0.0,12.3,53.8,53.8,2.7,6.1,107.0,998.1,998.1,2.7,5.1
2024-04-24 22:16:00+02:00,4.3,4.3,2.7,3.3,93.0,11.0,85.0,0.0,0.0,0.0,6.9,6.8,0.0,12.3,53.8,53.8,1.2,6.5,330.0,998.2,998.2,2.7,5.1
2024-04-24 22:20:16+02:00,4.3,3.7,2.0,3.2,93.0,11.0,85.0,0.0,0.0,0.0,6.9,6.8,0.0,12.3,53.8,53.8,4.4,9.0,138.0,998.3,998.3,2.7,5.1
2024-04-24 22:24:32+02:00,4.2,4.2,2.4,3.2,93.0,10.9,85.0,0.0,0.0,0.0,6.9,6.8,0.0,12.3,53.8,53.8,1.7,6.5,129.0,998.2,998.2,2.7,5.0
2024-04-24 22:30:56+02:00,4.2,4.2,2.3,3.2,93.0,10.8,85.0,0.0,0.0,0.0,6.9,6.8,0.0,12.3,53.8,53.8,2.3,5.8,134.0,998.3,998.3,2.7,5.0
2024-04-24 22:35:12+02:00,4.1,4.1,2.3,3.1,93.0,10.8,85.0,0.0,0.0,0.0,6.9,6.8,0.0,12.3,53.8,53.8,1.5,4.3,61.0,998.4,998.4,2.7,5.0
2024-04-24 22:39:28+02:00,4.1,4.1,2.4,3.2,94.0,10.7,85.0,0.0,0.0,0.0,6.9,6.8,0.0,12.3,53.8,53.8,1.2,6.5,139.0,998.4,998.4,2.7,5.0
2024-04-24 22:45:52+02:00,4.1,3.9,2.1,3.2,94.0,10.7,85.0,0.0,0.0,0.0,6.9,6.8,0.0,12.3,53.8,53.8,2.3,5.0,76.0,998.5,998.5,2.7,5.0
2024-04-24 22:50:08+02:00,4.1,4.1,2.4,3.2,94.0,10.6,85.0,0.0,0.0,0.0,6.9,6.8,0.0,12.3,53.8,53.8,1.1,5.0,133.0,998.5,998.5,2.7,5.0
2024-04-24 22:54:24+02:00,4.0,4.0,1.9,3.1,94.0,10.6,85.0,0.0,0.0,0.0,6.9,6.8,0.0,12.3,53.8,53.8,3.5,4.7,121.0,998.4,998.4,2.7,5.0
2024-04-24 23:00:48+02:00,4.0,3.8,2.1,3.2,94.0,10.5,85.0,0.0,0.0,0.0,6.9,6.8,0.0,12.3,53.8,53.8,2.2,6.1,120.0,998.5,998.5,2.7,5.0
2024-04-24 23:05:04+02:00,4.1,4.1,2.2,3.2,94.0,10.5,85.0,0.0,0.0,0.0,6.9,6.8,0.0,12.3,53.8,53.8,1.9,6.5,177.0,998.4,998.4,2.7,5.0
2024-04-24 23:09:20+02:00,4.2,3.9,2.2,3.3,94.0,10.4,85.0,0.0,0.0,0.0,6.9,6.8,0.0,12.3,53.8,53.8,2.4,6.8,113.0,998.3,998.3,2.7,5.0
2024-04-24 23:15:44+02:00,4.1,3.8,2.1,3.2,94.0,10.4,85.0,0.0,0.0,0.0,6.9,6.8,0.0,12.3,53.8,53.8,3.1,6.5,131.0,998.4,998.4,2.7,5.0
2024-04-24 23:20:00+02:00,4.2,4.2,2.1,3.3,94.0,10.4,85.0,0.0,0.0,0.0,6.9,6.8,0.0,12.3,53.8,53.8,3.2,6.5,126.0,998.3,998.3,2.7,5.0
2024-04-24 23:24:16+02:00,4.2,3.8,2.2,3.3,94.0,10.3,85.0,0.0,0.0,0.0,6.9,6.8,0.0,12.3,53.8,53.8,3.1,7.9,129.0,998.4,998.4,2.7,5.0
2024-04-24 23:30:40+02:00,4.3,4.0,2.4,3.4,94.0,10.3,85.0,0.0,0.0,0.0,6.9,6.8,0.0,12.3,53.8,53.8,2.4,5.8,115.0,998.3,998.3,2.7,5.0
2024-04-24 23:34:56+02:00,4.3,3.8,2.1,3.4,94.0,10.3,85.0,0.0,0.0,0.0,6.9,6.8,0.0,12.3,53.8,53.8,3.8,7.2,129.0,998.4,998.4,2.7,5.0
2024-04-24 23:39:12+02:00,4.3,4.3,2.5,3.4,94.0,10.2,85.0,0.0,0.0,0.0,6.9,6.8,0.0,12.3,53.8,53.8,1.9,7.2,142.0,998.4,998.4,2.7,5.0
2024-04-24 23:45:36+02:00,4.3,4.3,2.4,3.3,94.0,10.2,85.0,0.0,0.0,0.0,6.9,6.8,0.0,12.3,53.8,53.8,2.3,8.3,96.0,998.3,998.3,2.7,5.0
2024-04-24 23:49:52+02:00,4.3,4.3,2.2,3.4,94.0,10.2,85.0,0.0,0.0,0.0,6.9,6.8,0.0,12.3,53.8,53.8,3.0,6.1,123.0,998.2,998.2,2.7,5.0
2024-04-24 23:54:08+02:00,4.2,4.2,2.5,3.3,94.0,10.2,85.0,0.0,0.0,0.0,6.9,6.8,0.0,12.3,53.8,53.8,1.2,6.5,131.0,998.3,998.3,2.7,5.0
2024-04-25 00:00:32+02:00,4.2,4.2,2.5,3.3,94.0,10.1,85.0,0.0,0.0,0.0,0.0,6.8,0.0,12.3,53.8,53.8,1.0,5.4,126.0,998.4,998.4,2.7,5.0
2024-04-25 00:04:48+02:00,4.1,4.1,2.5,3.2,94.0,10.1,85.0,0.0,0.0,0.0,0.0,6.8,0.0,12.3,53.8,53.8,0.6,4.0,117.0,998.4,998.4,2.7,5.0
2024-04-25 00:09:04+02:00,4.1,3.6,2.1,3.2,94.0,10.1,85.0,0.0,0.0,0.0,0.0,6.8,0.0,12.3,53.8,53.8,2.7,7.9,137.0,998.4,998.4,2.7,5.0
2024-04-25 00:15:28+02:00,4.1,4.1,2.4,3.2,94.0,10.0,85.0,0.0,0.0,0.0,0.0,6.8,0.0,12.3,53.8,53.8,1.4,5.8,163.0,998.4,998.4,2.7,4.9
2024-04-25 00:19:44+02:00,4.0,4.0,2.2,3.2,94.0,10.0,85.0,0.0,0.0,0.0,0.0,6.8,0.0,12.3,53.8,53.8,1.6,5.8,157.0,998.3,998.3,2.7,4.9
2024-04-25 00:24:00+02:00,4.0,4.0,2.4,3.1,94.0,10.0,85.0,0.0,0.0,0.0,0.0,6.8,0.0,12.3,53.8,53.8,0.9,4.3,101.0,998.3,998.3,2.7,4.9
2024-04-25 00:30:24+02:00,4.0,4.0,2.2,3.1,94.0,10.0,85.0,0.0,0.0,0.0,0.0,6.8,0.0,12.3,53.8,53.8,1.8,4.0,86.0,998.2,998.2,2.7,4.9
2024-04-25 00:34:40+02:00,3.9,3.9,1.9,3.1,95.0,9.9,85.0,0.0,0.0,0.0,0.0,6.8,0.0,12.3,53.8,53.8,2.4,5.0,122.0,998.2,998.2,2.7,4.9
2024-04-25 00:38:56+02:00,3.8,3.8,1.8,3.1,95.0,9.9,85.0,0.0,0.0,0.0,0.0,6.8,0.0,12.3,53.8,53.8,2.4,6.1,116.0,998.3,998.3,2.7,4.9
2024-04-25 00:45:20+02:00,3.7,3.7,1.8,3.0,95.0,9.9,85.0,0.0,0.0,0.0,0.0,6.8,0.0,12.3,53.8,53.8,1.9,7.6,126.0,998.3,998.3,2.7,4.9
2024-04-25 00:49:36+02:00,3.8,3.5,1.7,3.1,95.0,9.9,85.0,0.0,0.0,0.0,0.0,6.8,0.0,12.3,53.8,53.8,3.0,7.6,153.0,998.3,998.3,2.7,4.9
2024-04-25 00:56:00+02:00,3.8,3.8,1.8,3.1,95.0,9.8,85.0,0.0,0.0,0.0,0.0,6.8,0.0,12.3,53.8,53.8,2.7,5.8,115.0,998.2,998.2,2.7,4.9
2024-04-25 01:00:16+02:00,3.8,3.8,1.8,3.0,95.0,9.8,85.0,0.0,0.0,0.0,0.0,6.8,0.0,12.3,53.8,53.8,2.2,6.5,114.0,998.2,998.2,2.7,4.9
2024-04-25 01:04:32+02:00,3.8,3.5,1.7,3.1,95.0,9.7,85.0,0.0,0.0,0.0,0.0,6.8,0.0,12.3,53.8,53.8,3.0,7.9,120.0,998.2,998.2,2.7,4.9
2024-04-25 01:10:56+02:00,3.7,3.7,1.7,3.0,95.0,9.7,85.0,0.0,0.0,0.0,0.0,6.8,0.0,12.3,53.8,53.8,2.7,4.7,91.0,998.2,998.2,2.7,4.9
2024-04-25 01:15:12+02:00,3.7,3.5,1.6,3.0,95.0,9.7,85.0,0.0,0.0,0.0,0.0,6.8,0.0,12.3,53.8,53.8,3.2,5.8,135.0,998.3,998.3,2.7,4.9
2024-04-25 01:19:28+02:00,3.7,3.7,1.6,3.1,95.0,9.7,85.0,0.0,0.0,0.0,0.0,6.8,0.0,12.3,53.8,53.8,3.0,7.2,119.0,998.3,998.3,2.7,4.9
2024-04-25 01:25:52+02:00,3.7,3.7,1.9,3.0,95.0,9.6,85.0,0.0,0.0,0.0,0.0,6.8,0.0,12.3,53.8,53.8,1.3,4.0,99.0,998.3,998.3,2.7,4.9
2024-04-25 01:30:08+02:00,3.5,3.5,1.7,3.0,96.0,9.6,85.0,0.0,0.0,0.0,0.0,6.8,0.0,12.3,53.8,53.8,1.8,5.0,107.0,998.2,998.2,2.7,4.9
2024-04-25 01:34:24+02:00,3.6,3.3,1.6,3.0,96.0,9.6,85.0,0.0,0.0,0.0,0.0,6.8,0.0,12.3,53.8,53.8,2.6,6.5,149.0,998.2,998.2,2.7,4.9
2024-04-25 01:40:48+02:00,3.6,3.6,1.5,3.0,96.0,9.6,85.0,0.0,0.0,0.0,0.0,6.8,0.0,12.3,53.8,53.8,3.0,5.0,118.0,998.2,998.2,2.7,4.9
2024-04-25 01:45:04+02:00,3.5,3.5,1.5,3.0,96.0,9.5,85.0,0.0,0.0,0.0,0.0,6.8,0.0,12.3,53.8,53.8,2.7,5.8,142.0,998.1,998.1,2.7,4.9
2024-04-25 01:49:20+02:00,3.5,3.5,1.5,2.9,96.0,9.5,85.0,0.0,0.0,0.0,0.0,6.8,0.0,12.3,53.8,53.8,2.6,5.4,125.0,998.1,998.1,2.7,4.9
2024-04-25 01:55:44+02:00,3.5,3.5,1.5,2.9,96.0,9.4,85.0,0.0,0.0,0.0,0.0,6.8,0.0,12.3,53.8,53.8,2.4,5.8,135.0,998.2,998.2,2.7,4.9
2024-04-25 02:00:00+02:00,3.6,3.0,1.2,3.0,96.0,9.4,85.0,0.0,0.0,0.0,0.0,6.8,0.0,12.3,53.8,53.8,4.6,9.4,130.0,998.0,998.0,2.7,4.9
2024-04-25 02:04:16+02:00,3.6,3.6,1.4,3.1,96.0,9.4,85.0,0.0,0.0,0.0,0.0,6.8,0.0,12.3,53.8,53.8,3.6,9.4,128.0,997.9,997.9,2.7,4.8
2024-04-25 02:10:40+02:00,3.7,3.4,1.5,3.2,96.0,9.3,85.0,0.0,0.0,0.0,0.0,6.8,0.0,12.3,53.8,53.8,4.0,8.6,124.0,997.9,997.9,2.7,4.8
2024-04-25 02:14:56+02:00,3.7,3.4,1.5,3.2,96.0,9.3,85.0,0.0,0.0,0.0,0.0,6.8,0.0,12.3,53.8,53.8,3.7,6.1,116.0,997.9,997.9,2.7,4.8
2024-04-25 02:19:12+02:00,3.7,3.7,1.8,3.2,96.0,9.3,85.0,0.0,0.0,0.0,0.0,6.8,0.0,12.3,53.8,53.8,2.3,5.0,108.0,997.8,997.8,2.7,4.8
2024-04-25 02:25:36+02:00,3.7,3.7,1.8,3.1,96.0,9.3,85.0,0.0,0.0,0.0,0.0,6.8,0.0,12.3,53.8,53.8,2.4,6.5,121.0,997.9,997.9,2.7,4.8
2024-04-25 02:29:52+02:00,3.8,3.8,1.8,3.1,95.0,9.2,85.0,0.0,0.0,0.0,0.0,6.8,0.0,12.3,53.8,53.8,2.7,11.5,157.0,997.9,997.9,2.7,4.8
2024-04-25 02:34:08+02:00,3.9,3.4,1.9,3.2,95.0,9.2,85.0,0.0,0.0,0.0,0.0,6.8,0.0,12.3,53.8,53.8,3.0,9.7,150.0,997.9,997.9,2.7,4.8
2024-04-25 02:40:32+02:00,4.0,3.7,1.9,3.2,95.0,9.2,85.0,0.0,0.0,0.0,0.0,6.8,0.0,12.3,53.8,53.8,3.3,9.7,156.0,997.9,997.9,2.7,4.8
2024-04-25 02:44:48+02:00,4.0,4.0,2.0,3.2,94.0,9.2,85.0,0.0,0.0,0.0,0.0,6.8,0.0,12.3,53.8,53.8,2.7,7.2,140.0,997.9,997.9,2.7,4.8
2024-04-25 02:49:04+02:00,4.1,4.1,2.3,3.2,94.0,9.2,85.0,0.0,0.0,0.0,0.0,6.8,0.0,12.3,53.8,53.8,1.7,7.9,164.0,997.8,997.8,2.7,4.8
2024-04-25 02:55:28+02:00,4.1,3.4,1.7,3.1,93.0,9.2,85.0,0.0,0.0,0.0,0.0,6.8,0.0,12.3,53.8,53.8,5.0,12.2,150.0,997.8,997.8,2.7,4.8
2024-04-25 02:59:44+02:00,4.2,3.6,1.8,3.2,93.0,9.2,85.0,0.0,0.0,0.0,0.0,6.8,0.0,12.3,53.8,53.8,4.5,9.7,165.0,997.9,997.9,2.7,4.8
2024-04-25 03:04:00+02:00,4.2,4.2,2.3,3.2,93.0,9.2,85.0,0.0,0.0,0.0,0.0,6.8,0.0,12.3,53.8,53.8,2.4,9.7,133.0,997.8,997.8,2.7,4.8
2024-04-25 03:10:24+02:00,4.2,3.9,2.1,3.2,93.0,9.2,85.0,0.0,0.0,0.0,0.0,6.8,0.0,12.3,53.8,53.8,3.4,7.9,167.0,997.7,997.7,2.7,4.8
2024-04-25 03:14:40+02:00,4.2,4.2,2.3,3.2,93.0,9.2,85.0,0.0,0.0,0.0,0.0,6.8,0.0,12.3,53.8,53.8,2.4,7.9,126.0,997.7,997.7,2.7,4.8
2024-04-25 03:21:04+02:00,4.2,4.2,2.5,3.2,93.0,9.2,85.0,0.0,0.0,0.0,0.0,6.8,0.0,12.3,53.8,53.8,0.9,4.3,70.0,997.7,997.7,2.7,4.8
2024-04-25 03:25:20+02:00,4.2,4.2,2.3,3.2,93.0,9.2,85.0,0.0,0.0,0.0,0.0,6.8,0.0,12.3,53.8,53.8,2.4,11.2,187.0,997.6,997.6,2.7,4.8
2024-04-25 03:29:36+02:00,4.2,4.2,2.3,3.2,93.0,9.2,85.0,0.0,0.0,0.0,0.0,6.8,0.0,12.3,53.8,53.8,2.4,11.2,136.0,997.6,997.6,2.7,4.8
2024-04-25 03:36:00+02:00,4.2,3.7,1.9,3.1,93.0,9.2,85.0,0.0,0.0,0.0,0.0,6.8,0.0,12.3,53.8,53.8,4.3,6.5,134.0,997.6,997.6,2.7,4.8
2024-04-25 03:40:16+02:00,4.1,4.1,2.2,3.1,93.0,9.1,85.0,0.0,0.0,0.0,0.0,6.8,0.0,12.3,53.8,53.8,2.0,5.8,129.0,997.6,997.6,2.7,4.8
2024-04-25 03:44:32+02:00,4.1,4.1,2.1,3.1,93.0,9.1,85.0,0.0,0.0,0.0,0.0,6.8,0.0,12.3,53.8,53.8,2.7,5.8,120.0,997.4,997.4,2.7,4.8
2024-04-25 03:50:56+02:00,4.0,3.8,2.0,3.0,93.0,9.1,85.0,0.0,0.0,0.0,0.0,6.8,0.0,12.3,53.8,53.8,2.8,6.1,134.0,997.5,997.5,2.7,4.8
2024-04-25 03:55:12+02:00,3.9,3.3,1.6,2.9,93.0,9.1,85.0,0.0,0.0,0.0,0.0,6.8,0.0,12.3,53.8,53.8,4.0,7.9,132.0,997.4,997.4,2.7,4.7
2024-04-25 03:59:28+02:00,3.9,3.9,2.0,2.9,93.0,9.1,85.0,0.0,0.0,0.0,0.0,6.8,0.0,12.3,53.8,53.8,1.9,7.9,124.0,997.5,997.5,2.7,4.7
2024-04-25 04:05:52+02:00,3.9,3.9,1.9,2.9,93.0,9.1,85.0,0.0,0.0,0.0,0.0,6.8,0.0,12.3,53.8,53.8,2.2,9.0,140.0,997.6,997.6,2.7,4.7
2024-04-25 04:10:08+02:00,3.9,3.9,1.9,2.9,93.0,9.1,85.0,0.0,0.0,0.0,0.0,6.8,0.0,12.3,53.8,53.8,2.4,6.5,122.0,997.5,997.5,2.7,4.7
2024-04-25 04:14:24+02:00,3.9,3.6,1.6,2.9,93.0,9.1,85.0,0.0,0.0,0.0,0.0,6.8,0.0,12.3,53.8,53.8,3.7,6.1,128.0,997.6,997.6,2.7,4.7
2024-04-25 04:20:48+02:00,3.9,3.6,1.6,2.9,93.0,9.1,85.0,0.0,0.0,0.0,0.0,6.8,0.0,12.3,53.8,53.8,4.0,6.1,135.0,997.7,997.7,2.7,4.7
2024-04-25 04:25:04+02:00,3.8,3.5,1.7,2.8,93.0,9.1,85.0,0.0,0.0,0.0,0.0,6.8,0.0,12.3,53.8,53.8,2.7,5.8,121.0,997.6,997.6,2.7,4.7
2024-04-25 04:29:20+02:00,3.8,3.8,1.8,2.8,93.0,9.0,85.0,0.0,0.0,0.0,0.0,6.8,0.0,12.3,53.8,53.8,2.6,4.7,117.0,997.6,997.6,2.7,4.7
2024-04-25 04:35:44+02:00,3.8,3.3,1.7,2.9,94.0,9.0,85.0,0.0,0.0,0.0,0.0,6.8,0.0,12.3,53.8,53.8,2.7,6.8,131.0,997.6,997.6,2.7,4.7
2024-04-25 04:40:00+02:00,3.8,3.8,1.9,2.9,94.0,9.0,85.0,0.0,0.0,0.0,0.0,6.8,0.0,12.3,53.8,53.8,1.7,5.0,174.0,997.6,997.6,2.7,4.7
2024-04-25 04:44:16+02:00,3.8,3.8,1.9,2.9,94.0,9.0,85.0,0.0,0.0,0.0,0.0,6.8,0.0,12.3,53.8,53.8,2.0,4.7,135.0,997.5,997.5,2.7,4.7
2024-04-25 04:50:40+02:00,3.9,3.5,1.6,2.9,93.0,9.0,85.0,0.0,0.0,0.0,0.0,6.8,0.0,12.3,53.8,53.8,3.9,8.6,134.0,997.6,997.6,2.7,4.7
2024-04-25 04:54:56+02:00,3.9,3.5,1.7,2.9,93.0,9.0,85.0,0.0,0.0,0.0,0.0,6.8,0.0,12.3,53.8,53.8,3.4,7.2,135.0,997.6,997.6,2.7,4.7
2024-04-25 04:59:12+02:00,3.9,3.9,2.0,2.9,93.0,9.0,85.0,0.0,0.0,0.0,0.0,6.8,0.0,12.3,53.8,53.8,2.2,6.5,140.0,997.5,997.5,2.7,4.7
2024-04-25 05:05:36+02:00,3.9,3.9,2.2,2.9,93.0,9.0,85.0,0.0,0.0,0.0,0.0,6.8,0.0,12.3,53.8,53.8,0.9,6.5,87.0,997.5,997.5,2.7,4.7
2024-04-25 05:09:52+02:00,4.0,4.0,2.1,3.0,93.0,9.0,85.0,0.0,0.0,0.0,0.0,6.8,0.0,12.3,53.8,53.8,1.7,4.0,131.0,997.5,997.5,2.7,4.7
2024-04-25 05:14:08+02:00,3.9,3.9,1.7,2.9,93.0,9.0,85.0,0.0,0.0,0.0,0.0,6.8,0.0,12.3,53.8,53.8,3.5,5.8,119.0,997.5,997.5,2.7,4.7
2024-04-25 05:20:32+02:00,4.0,3.8,1.9,3.0,93.0,9.0,85.0,0.0,0.0,0.0,0.0,6.8,0.0,12.3,53.8,53.8,3.2,6.5,124.0,997.4,997.4,2.7,4.7
2024-04-25 05:24:48+02:00,4.0,4.0,2.2,3.0,93.0,9.0,85.0,0.0,0.0,0.0,0.0,6.8,0.0,12.3,53.8,53.8,1.8,7.9,183.0,997.4,997.4,2.7,4.7
2024-04-25 05:29:04+02:00,4.0,3.4,1.7,3.0,93.0,9.0,85.0,0.0,0.0,0.0,0.0,6.8,0.0,12.3,53.8,53.8,4.3,8.3,140.0,997.5,997.5,2.7,4.7
2024-04-25 05:35:28+02:00,4.0,4.0,2.1,3.0,93.0,8.9,85.0,0.0,0.0,0.0,0.0,6.8,0.0,12.3,53.8,53.8,1.9,8.3,135.0,997.4,997.4,2.7,4.7
2024-04-25 05:39:44+02:00,4.0,3.8,1.8,3.0,93.0,8.9,85.0,0.0,0.0,0.0,0.0,6.8,0.0,12.3,53.8,53.8,3.6,7.9,154.0,997.4,997.4,2.7,4.7
2024-04-25 05:44:00+02:00,4.1,3.8,2.0,3.1,93.0,8.9,85.0,0.0,0.0,0.0,0.0,6.8,0.0,12.3,53.8,53.8,2.9,7.2,120.0,997.4,997.4,2.7,4.6
2024-04-25 05:50:24+02:00,4.1,3.9,1.9,3.1,93.0,8.9,85.0,0.2,0.0,0.0,0.0,6.8,0.0,12.3,53.8,53.8,3.8,7.6,148.0,997.4,997.4,2.7,4.6
2024-04-25 05:54:40+02:00,4.1,3.8,2.2,3.1,93.0,8.9,85.0,0.3,0.0,0.0,0.0,6.8,0.0,12.3,53.8,53.8,2.2,7.2,127.0,997.5,997.5,2.7,4.6
2024-04-25 05:58:56+02:00,4.1,4.1,2.0,3.0,93.0,8.9,85.0,0.6,0.0,0.0,0.0,6.8,0.0,12.3,53.8,53.8,3.2,7.9,158.0,997.4,997.4,2.7,4.6
2024-04-25 06:05:20+02:00,4.0,4.0,2.1,3.0,93.0,8.9,85.0,1.2,0.0,0.0,0.0,6.8,0.0,12.3,53.8,53.8,1.9,6.1,123.0,997.4,997.4,2.7,4.6
2024-04-25 06:09:36+02:00,4.0,3.7,2.0,3.0,93.0,8.9,85.0,2.0,0.0,0.0,0.0,6.8,0.0,12.3,53.8,53.8,2.3,6.5,108.0,997.5,997.5,2.7,4.6
2024-04-25 06:16:00+02:00,3.9,3.9,2.1,2.9,93.0,8.9,85.0,3.0,0.0,0.0,0.0,6.8,0.0,12.3,53.8,53.8,1.7,6.5,142.0,997.4,997.4,2.7,4.6
2024-04-25 06:20:16+02:00,3.8,3.8,1.9,2.8,93.0,8.9,85.0,4.4,0.0,0.0,0.0,6.8,0.0,12.3,53.8,53.8,1.9,6.1,41.0,997.5,997.5,2.7,4.6
2024-04-25 06:24:32+02:00,3.7,3.7,1.6,2.8,93.0,8.9,85.0,5.9,0.0,0.0,0.0,6.8,0.0,12.3,53.8,53.8,2.9,7.2,127.0,997.4,997.4,2.7,4.6
2024-04-25 06:30:56+02:00,3.6,3.3,1.7,2.7,94.0,8.8,85.0,7.8,0.0,0.0,0.0,6.8,0.0,12.3,53.8,53.8,1.7,7.9,144.0,997.6,997.6,2.7,4.6
2024-04-25 06:35:12+02:00,3.6,3.6,1.5,2.7,94.0,8.8,85.0,9.3,0.0,0.0,0.0,6.8,0.0,12.3,53.8,53.8,2.4,7.9,125.0,997.5,997.5,2.7,4.6
2024-04-25 06:39:28+02:00,3.5,3.5,1.3,2.6,94.0,8.8,85.0,11.1,0.0,0.0,0.0,6.8,0.0,12.3,53.8,53.8,2.8,4.3,113.0,997.5,997.5,2.7,4.6
2024-04-25 06:45:52+02:00,3.4,3.4,1.3,2.5,94.0,8.8,85.0,12.8,0.0,0.0,0.0,6.8,0.0,12.3,53.8,53.8,2.7,5.0,116.0,997.5,997.5,2.7,4.6
2024-04-25 06:50:08+02:00,3.3,3.1,1.3,2.6,95.0,8.8,85.0,14.8,0.0,0.0,0.0,6.8,0.0,12.3,53.8,53.8,2.6,6.1,114.0,997.5,997.5,2.7,4.6
2024-04-25 06:54:24+02:00,3.3,3.3,1.0,2.5,95.0,8.8,85.0,15.8,0.0,0.0,0.0,6.8,0.0,12.3,53.8,53.8,3.3,7.2,121.0,997.4,997.4,2.7,4.6
2024-04-25 07:00:48+02:00,3.3,3.3,1.1,2.5,95.0,8.8,85.0,17.6,0.0,0.0,0.0,6.8,0.0,12.3,53.8,53.8,2.8,7.2,103.0,997.4,997.4,2.7,4.6
2024-04-25 07:05:04+02:00,3.3,3.3,1.0,2.6,95.0,8.7,85.0,21.2,0.0,0.0,0.0,6.8,0.0,12.3,53.8,53.8,3.6,5.8,106.0,997.4,997.4,2.7,4.6
2024-04-25 07:09:20+02:00,3.3,2.3,0.7,2.6,95.0,8.7,85.0,27.3,0.0,0.0,0.0,6.8,0.0,12.3,53.8,53.8,5.2,8.6,112.0,997.5,997.5,2.7,4.6
2024-04-25 07:15:44+02:00,3.3,3.3,1.0,2.6,95.0,8.7,85.0,40.7,0.0,0.0,0.0,6.8,0.0,12.3,53.8,53.8,3.7,8.6,131.0,997.6,997.6,2.7,4.6
2024-04-25 07:20:00+02:00,3.5,2.5,0.9,2.7,95.0,8.7,85.0,52.0,0.0,0.0,0.0,6.8,0.0,12.3,53.8,53.8,5.3,7.2,118.0,997.6,997.6,2.7,4.6
2024-04-25 07:24:16+02:00,3.7,3.4,1.3,2.8,94.0,8.7,85.0,54.2,0.0,0.0,0.0,6.8,0.0,12.3,53.8,53.8,4.2,7.2,106.0,997.5,997.5,2.7,4.6
2024-04-25 07:30:40+02:00,3.8,3.5,1.5,2.8,93.0,8.7,85.0,55.2,0.0,0.0,0.0,6.8,0.0,12.3,53.8,53.8,4.0,9.0,132.0,997.4,997.4,2.7,4.6
2024-04-25 07:34:56+02:00,4.0,3.6,1.7,2.9,92.0,8.7,85.0,56.4,0.0,0.0,0.0,6.8,0.0,12.3,53.8,53.8,4.3,7.9,106.0,997.4,997.4,2.7,4.6
2024-04-25 07:39:12+02:00,4.1,3.6,1.9,2.8,91.0,8.7,85.0,38.0,0.0,0.0,0.0,6.8,0.0,12.3,53.8,53.8,3.6,9.7,123.0,997.4,997.4,2.7,4.6
2024-04-25 07:45:36+02:00,4.1,4.1,1.9,2.8,91.0,8.7,85.0,47.3,0.0,0.0,0.0,6.8,0.0,12.3,53.8,53.8,3.2,8.3,139.0,997.3,997.3,2.7,4.6
2024-04-25 07:49:52+02:00,4.1,3.1,1.5,3.0,92.0,8.7,85.0,65.0,0.0,0.0,0.0,6.8,0.0,12.3,53.8,53.8,5.8,9.7,113.0,997.4,997.4,2.7,4.6
2024-04-25 07:54:08+02:00,4.3,3.1,1.7,3.1,92.0,8.8,86.0,79.2,0.0,0.0,0.0,6.8,0.0,12.3,53.8,53.8,5.8,9.4,113.0,997.4,997.4,2.7,4.6
2024-04-25 08:00:32+02:00,4.5,4.5,2.6,3.3,92.0,8.8,86.0,74.7,0.0,0.0,0.0,6.8,0.0,12.3,53.8,53.8,1.9,8.3,121.0,997.5,997.5,2.7,4.6
2024-04-25 08:04:48+02:00,4.6,4.6,2.7,3.3,91.0,8.8,86.0,61.0,0.0,0.0,0.0,6.8,0.0,12.3,53.8,53.8,2.5,6.8,141.0,997.5,997.5,2.7,4.7
2024-04-25 08:09:04+02:00,4.7,4.5,2.4,3.2,90.0,8.9,86.0,90.3,0.0,0.0,0.0,6.8,0.0,12.3,53.8,53.8,4.5,7.9,127.0,997.5,997.5,2.7,4.7
2024-04-25 08:15:28+02:00,5.0,3.8,2.3,3.3,89.0,8.9,86.0,117.7,1.0,0.0,0.0,6.8,0.0,12.3,53.8,53.8,6.0,8.3,89.0,997.4,997.4,2.7,4.7
2024-04-25 08:19:44+02:00,5.0,4.1,2.4,3.3,88.0,9.0,86.0,122.1,1.0,0.0,0.0,6.8,0.0,12.3,53.8,53.8,6.0,10.8,131.0,997.5,997.5,2.7,4.7
2024-04-25 08:24:00+02:00,5.4,4.2,2.7,3.6,88.0,9.0,86.0,150.1,1.0,0.0,0.0,6.8,0.0,12.3,53.8,53.8,6.5,12.2,114.0,997.5,997.5,2.7,4.7
2024-04-25 08:30:24+02:00,5.3,4.7,3.0,3.3,87.0,9.1,86.0,172.7,1.0,0.0,0.0,6.8,0.0,12.3,53.8,53.8,4.8,18.4,151.0,997.5,997.5,2.7,4.7
2024-04-25 08:34:40+02:00,5.4,4.1,2.7,3.3,86.0,9.2,86.0,110.9,1.0,0.0,0.0,6.8,0.0,12.3,53.8,53.8,6.7,16.2,132.0,997.5,997.5,2.7,4.8
2024-04-25 08:41:04+02:00,5.4,4.7,3.1,3.4,87.0,9.2,86.0,102.2,0.0,0.0,0.0,6.8,0.0,12.3,53.8,53.8,4.4,13.3,154.0,997.5,997.5,2.7,4.8
2024-04-25 08:45:20+02:00,5.5,4.9,3.4,3.4,87.0,9.3,86.0,131.2,1.0,0.0,0.0,6.8,0.0,12.3,53.8,53.8,3.2,11.5,103.0,997.5,997.5,2.7,4.8
2024-04-25 08:49:36+02:00,5.5,5.5,3.4,3.4,86.0,9.4,87.0,126.3,1.0,0.0,0.0,6.8,0.0,12.3,53.8,53.8,3.4,9.4,134.0,997.5,997.5,2.7,4.8
2024-04-25 08:56:00+02:00,5.5,4.4,2.9,3.3,86.0,9.5,87.0,129.3,1.0,0.0,0.0,6.8,0.0,12.3,53.8,53.8,6.0,9.0,132.0,997.4,997.4,2.7,4.9
2024-04-25 09:00:16+02:00,5.7,5.5,3.4,3.5,86.0,9.6,87.0,146.7,1.0,0.0,0.0,6.8,0.0,12.3,53.8,53.8,4.2,9.0,153.0,997.6,997.6,2.7,4.9
2024-04-25 09:04:32+02:00,5.8,5.1,3.5,3.6,85.0,9.7,87.0,139.9,1.0,0.0,0.0,6.8,0.0,12.3,53.8,53.8,5.0,16.9,142.0,997.5,997.5,2.7,4.9
2024-04-25 09:10:56+02:00,5.9,5.6,3.9,3.4,84.0,9.7,87.0,143.2,1.0,0.0,0.0,6.8,0.0,12.3,53.8,53.8,3.1,16.9,142.0,997.5,997.5,2.7,4.9
2024-04-25 09:15:12+02:00,6.1,5.3,3.6,3.5,83.0,9.8,87.0,169.7,1.0,0.0,0.0,6.8,0.0,12.3,53.8,53.8,5.5,13.3,132.0,997.5,997.5,2.7,5.0
2024-04-25 09:19:28+02:00,6.2,5.2,3.6,3.4,82.0,9.9,87.0,141.0,1.0,0.0,0.0,6.8,0.0,12.3,53.8,53.8,6.3,10.8,136.0,997.5,997.5,2.7,5.0
2024-04-25 09:25:52+02:00,6.3,6.1,4.3,3.5,82.0,10.0,87.0,134.4,1.0,0.0,0.0,6.8,0.0,12.3,53.8,53.8,2.9,9.0,179.0,997.5,997.5,2.7,5.0
2024-04-25 09:30:08+02:00,6.5,5.7,4.0,3.5,81.0,10.0,87.0,147.9,1.0,0.0,0.0,6.8,0.0,12.3,53.8,53.8,5.1,8.3,130.0,997.4,997.4,2.7,5.0
2024-04-25 09:34:24+02:00,6.4,5.9,4.3,3.4,81.0,10.1,87.0,146.7,1.0,0.0,0.0,6.8,0.0,12.3,53.8,53.8,3.7,8.3,137.0,997.4,997.4,2.7,5.1
2024-04-25 09:40:48+02:00,6.5,5.8,4.0,3.5,81.0,10.2,87.0,109.1,1.0,0.0,0.0,6.8,0.0,12.3,53.8,53.8,5.8,16.6,158.0,997.4,997.4,2.7,5.1
2024-04-25 09:45:04+02:00,6.4,5.7,4.0,3.4,81.0,10.3,88.0,104.7,0.0,0.0,0.0,6.8,0.0,12.3,53.8,53.8,5.3,13.0,127.0,997.4,997.4,2.7,5.1
2024-04-25 09:49:20+02:00,6.3,4.6,3.1,3.5,83.0,10.3,88.0,115.5,1.0,0.0,0.0,6.8,0.0,12.3,53.8,53.8,8.7,16.9,128.0,997.4,997.4,2.7,5.1
2024-04-25 09:55:44+02:00,6.3,4.8,3.4,3.3,81.0,10.3,88.0,234.0,2.0,0.0,0.0,6.8,0.0,12.3,53.8,53.8,7.3,14.4,115.0,997.5,997.5,2.7,5.2
2024-04-25 10:00:00+02:00,6.3,4.9,3.4,3.2,81.0,10.4,88.0,143.1,1.0,0.0,0.0,6.8,0.0,12.3,53.8,53.8,7.7,14.4,122.0,997.2,997.2,2.7,5.2
2024-04-25 10:04:16+02:00,6.3,5.5,3.8,3.3,81.0,10.5,88.0,163.9,1.0,0.0,0.0,6.8,0.0,12.3,53.8,53.8,6.0,15.5,140.0,997.3,997.3,2.7,5.2
2024-04-25 10:10:40+02:00,6.7,5.7,3.9,3.3,79.0,10.6,88.0,205.1,1.0,0.0,0.0,6.8,0.0,12.3,53.8,53.8,6.5,14.8,144.0,997.2,997.2,2.7,5.2
2024-04-25 10:14:56+02:00,6.9,6.0,4.4,3.4,78.0,10.7,88.0,302.2,2.0,0.0,0.0,6.8,0.0,12.3,53.8,53.8,5.3,14.8,123.0,997.3,997.3,2.7,5.2
2024-04-25 10:19:12+02:00,7.3,7.1,5.2,3.5,77.0,10.8,88.0,207.7,1.0,0.0,0.0,6.8,0.0,12.3,53.8,53.8,4.0,12.2,153.0,997.3,997.3,2.7,5.2
2024-04-25 10:25:36+02:00,7.5,7.4,5.5,3.5,76.0,10.8,88.0,361.1,3.0,0.0,0.0,6.8,0.0,12.3,53.8,53.8,3.5,10.4,142.0,997.2,997.2,2.7,5.2
2024-04-25 10:29:52+02:00,7.9,7.6,5.8,3.5,74.0,11.0,88.0,348.8,3.0,0.0,0.0,6.8,0.0,12.3,53.8,53.8,3.6,13.7,140.0,997.2,997.2,2.7,5.2
2024-04-25 10:34:08+02:00,7.6,6.8,5.0,3.4,75.0,11.0,88.0,94.1,0.0,0.0,0.0,6.8,0.0,12.3,53.8,53.8,6.3,18.7,138.0,997.2,997.2,2.7,5.2
2024-04-25 10:40:32+02:00,7.2,6.1,4.4,3.6,78.0,11.1,88.0,147.5,1.0,0.0,0.0,6.8,0.0,12.3,53.8,53.8,7.2,18.7,151.0,997.3,997.3,2.7,5.2
2024-04-25 10:44:48+02:00,6.8,4.9,3.4,3.2,78.0,11.2,88.0,247.0,2.0,0.0,0.0,6.8,0.0,12.3,53.8,53.8,9.6,19.8,127.0,997.3,997.3,2.7,5.2
2024-04-25 10:49:04+02:00,7.1,6.3,4.5,3.5,78.0,11.3,88.0,371.6,3.0,0.0,0.0,6.8,0.0,12.3,53.8,53.8,6.0,17.6,138.0,997.3,997.3,2.7,5.2
2024-04-25 10:55:28+02:00,7.7,6.3,4.6,3.4,75.0,11.4,88.0,401.3,3.0,0.0,0.0,6.8,0.0,12.3,53.8,53.8,8.5,18.4,130.0,997.1,997.1,2.7,5.2
2024-04-25 10:59:44+02:00,7.8,6.7,5.0,3.4,74.0,11.6,88.0,334.4,3.0,0.0,0.0,6.8,0.0,12.3,53.8,53.8,7.1,14.8,114.0,997.1,997.1,2.7,5.2
2024-04-25 11:04:00+02:00,7.7,6.5,4.7,3.5,75.0,11.7,88.0,205.2,1.0,0.0,0.0,6.8,0.0,12.3,53.8,53.8,8.3,18.7,126.0,997.1,997.1,2.7,5.2
2024-04-25 11:10:24+02:00,7.5,6.0,4.4,3.5,76.0,11.8,89.0,232.5,2.0,0.0,0.0,6.8,0.0,12.3,53.8,53.8,8.8,15.8,132.0,997.0,997.0,2.7,5.2
2024-04-25 11:14:40+02:00,7.7,6.0,4.4,3.3,74.0,11.9,89.0,310.7,2.0,0.0,0.0,6.8,0.0,12.3,53.8,53.8,9.8,16.6,133.0,997.1,997.1,2.7,5.2
2024-04-25 11:18:56+02:00,7.7,6.0,4.4,3.3,74.0,12.0,89.0,340.0,3.0,0.0,0.0,6.8,0.0,12.3,53.8,53.8,9.8,20.9,108.0,997.0,997.0,2.7,5.2
2024-04-25 11:25:20+02:00,7.9,7.6,5.6,3.0,71.0,12.2,89.0,306.4,2.0,0.0,0.0,6.8,0.0,12.3,53.8,53.8,4.5,13.3,200.0,996.9,996.9,2.7,5.2
2024-04-25 11:29:36+02:00,8.5,8.3,6.2,3.2,69.0,12.3,89.0,456.8,4.0,0.0,0.0,6.8,0.0,12.3,53.8,53.8,4.1,8.3,117.0,996.9,996.9,2.7,5.2
2024-04-25 11:36:00+02:00,8.5,7.7,5.8,3.3,70.0,12.4,89.0,358.6,3.0,0.0,0.0,6.8,0.0,12.3,53.8,53.8,6.3,15.1,131.0,996.8,996.8,2.7,5.2
2024-04-25 11:40:16+02:00,8.5,7.8,5.7,2.4,66.0,12.5,89.0,462.0,4.0,0.0,0.0,6.8,0.0,12.3,53.8,53.8,6.0,14.8,144.0,996.8,996.8,2.7,5.2
2024-04-25 11:44:32+02:00,9.0,8.9,6.7,3.0,66.0,12.7,89.0,559.0,5.0,0.0,0.0,6.8,0.0,12.3,53.8,53.8,4.5,15.8,149.0,996.8,996.8,2.7,5.2
2024-04-25 11:50:56+02:00,9.5,8.8,6.7,3.3,66.0,12.8,89.0,668.9,6.0,0.0,0.0,6.8,0.0,12.3,53.8,53.8,7.3,16.9,169.0,996.7,996.7,2.7,5.2
2024-04-25 11:55:12+02:00,9.3,7.9,6.0,3.6,68.0,12.9,89.0,370.2,3.0,0.0,0.0,6.8,0.0,12.3,53.8,53.8,9.6,19.4,120.0,996.8,996.8,2.7,5.2
2024-04-25 11:59:28+02:00,8.3,6.2,4.4,3.1,69.0,13.1,89.0,157.5,1.0,0.0,0.0,6.8,0.0,12.3,53.8,53.8,12.6,19.8,114.0,996.7,996.7,2.7,5.2
2024-04-25 12:05:52+02:00,7.6,6.0,4.1,2.2,69.0,13.2,89.0,88.5,0.0,0.0,0.0,6.8,0.0,12.3,53.8,53.8,9.6,18.7,120.0,996.7,996.7,2.7,5.2
2024-04-25 12:10:08+02:00,7.6,6.7,4.8,2.8,72.0,13.3,89.0,54.5,0.0,0.0,0.0,6.8,0.0,12.3,53.8,53.8,6.2,17.6,150.0,996.7,996.7,2.7,5.2
2024-04-25 12:14:24+02:00,7.4,6.6,4.6,3.1,74.0,13.3,89.0,51.5,0.0,0.6,0.1,6.9,0.1,12.4,53.9,53.9,6.6,15.1,149.0,996.8,996.8,2.7,5.2
2024-04-25 12:20:48+02:00,6.5,6.0,4.2,3.3,80.0,13.4,89.0,130.5,1.0,0.6,0.1,6.9,0.1,12.4,53.9,53.9,4.2,15.1,225.0,996.8,996.8,2.7,5.2
2024-04-25 12:25:04+02:00,6.6,6.6,4.6,3.4,80.0,13.5,89.0,171.8,1.0,0.6,0.2,7.0,0.2,12.5,54.0,54.0,2.9,8.6,208.0,996.7,996.7,2.7,5.2
2024-04-25 12:29:20+02:00,6.8,6.8,5.2,4.0,82.0,13.5,88.0,165.5,1.0,0.6,0.2,7.0,0.2,12.5,54.0,54.0,1.8,8.3,104.0,996.6,996.6,2.7,5.2
2024-04-25 12:35:44+02:00,6.8,6.8,4.8,3.6,80.0,13.5,88.0,86.3,0.0,0.6,0.2,7.0,0.2,12.5,54.0,54.0,3.2,5.4,239.0,996.4,996.4,2.7,5.2
2024-04-25 12:40:00+02:00,7.0,6.6,4.8,3.7,80.0,13.5,88.0,134.9,1.0,0.0,0.2,7.0,0.2,12.5,54.0,54.0,4.0,10.1,170.0,996.6,996.6,2.7,5.2
2024-04-25 12:44:16+02:00,7.2,6.4,4.6,3.2,76.0,13.5,88.0,160.5,1.0,0.0,0.2,7.0,0.2,12.5,54.0,54.0,6.0,11.9,134.0,996.5,996.5,2.7,5.2
2024-04-25 12:50:40+02:00,7.4,6.5,4.7,3.1,75.0,13.5,88.0,163.3,1.0,0.0,0.2,7.0,0.2,12.5,54.0,54.0,6.0,11.9,172.0,996.4,996.4,2.7,5.2
2024-04-25 12:54:56+02:00,7.5,6.3,4.7,3.4,75.0,13.5,88.0,175.3,1.0,0.0,0.2,7.0,0.2,12.5,54.0,54.0,7.1,19.1,126.0,996.5,996.5,2.7,5.2
2024-04-25 12:59:12+02:00,7.3,6.0,4.3,3.0,74.0,13.5,88.0,194.9,1.0,0.0,0.2,7.0,0.2,12.5,54.0,54.0,8.0,18.4,126.0,996.3,996.3,2.7,5.2
2024-04-25 13:05:36+02:00,7.3,6.0,4.2,2.4,71.0,13.5,87.0,219.6,2.0,0.0,0.2,7.0,0.2,12.5,54.0,54.0,7.8,17.6,126.0,996.5,996.5,2.7,5.2
2024-04-25 13:09:52+02:00,7.6,5.8,4.1,3.0,72.0,13.5,87.0,233.6,2.0,0.0,0.2,7.0,0.2,12.5,54.0,54.0,10.2,16.2,126.0,996.2,996.2,2.7,5.2
2024-04-25 13:14:08+02:00,7.6,6.1,4.4,3.0,72.0,13.5,87.0,235.8,2.0,0.0,0.2,7.0,0.1,12.5,54.0,54.0,9.0,22.7,108.0,996.2,996.2,2.7,5.2
2024-04-25 13:20:32+02:00,7.8,6.4,4.6,3.0,72.0,13.6,87.0,269.5,2.0,0.0,0.2,7.0,0.1,12.5,54.0,54.0,9.1,19.1,116.0,996.3,996.3,2.7,5.2
2024-04-25 13:24:48+02:00,8.4,7.1,5.2,3.2,70.0,13.6,87.0,283.5,2.0,0.0,0.2,7.0,0.0,12.5,54.0,54.0,8.7,16.9,111.0,996.3,996.3,2.7,5.2
2024-04-25 13:29:04+02:00,8.6,7.6,5.6,3.1,69.0,13.6,87.0,328.7,3.0,0.0,0.2,7.0,0.0,12.5,54.0,54.0,7.4,21.2,144.0,996.1,996.1,2.7,5.2
2024-04-25 13:35:28+02:00,8.9,7.8,5.9,3.3,68.0,13.7,88.0,616.2,5.0,0.0,0.2,7.0,0.0,12.5,54.0,54.0,8.2,20.2,144.0,996.1,996.1,2.7,5.2
2024-04-25 13:39:44+02:00,9.5,7.7,5.5,3.1,64.0,13.8,88.0,301.6,2.0,0.0,0.2,7.0,0.0,12.5,54.0,54.0,12.9,24.8,126.0,996.0,996.0,2.7,5.2
2024-04-25 13:44:00+02:00,9.1,7.1,5.0,2.7,64.0,13.8,88.0,261.6,2.0,0.0,0.2,7.0,0.0,12.5,54.0,54.0,13.2,24.8,131.0,996.1,996.1,2.7,5.2
2024-04-25 13:50:24+02:00,8.8,7.7,5.9,2.8,66.0,13.9,88.0,230.2,2.0,0.0,0.2,7.0,0.0,12.5,54.0,54.0,6.8,22.3,131.0,996.0,996.0,2.7,5.2
2024-04-25 13:54:40+02:00,9.2,8.4,6.2,2.6,64.0,14.0,88.0,209.4,1.0,0.0,0.2,7.0,0.0,12.5,54.0,54.0,7.3,19.8,142.0,996.1,996.1,2.7,5.2
2024-04-25 14:01:04+02:00,9.1,8.1,6.0,2.5,64.0,14.0,88.0,174.8,1.0,0.0,0.2,7.0,0.0,12.5,54.0,54.0,7.3,19.8,140.0,996.1,996.1,2.7,5.2
2024-04-25 14:05:20+02:00,8.8,8.0,6.0,2.5,64.0,14.0,88.0,157.1,1.0,0.0,0.2,7.0,0.0,12.5,54.0,54.0,6.5,15.1,136.0,996.1,996.1,2.7,5.2
2024-04-25 14:09:36+02:00,8.7,8.2,6.1,1.7,61.0,14.0,88.0,148.5,1.0,0.0,0.2,7.0,0.0,12.5,54.0,54.0,4.2,13.7,119.0,996.2,996.2,2.7,5.2
2024-04-25 14:16:00+02:00,8.6,7.4,5.4,1.8,62.0,14.1,88.0,125.7,1.0,0.0,0.2,7.0,0.0,12.5,54.0,54.0,7.6,13.7,113.0,996.1,996.1,2.7,5.2
2024-04-25 14:20:16+02:00,8.4,6.8,4.9,1.9,64.0,14.1,88.0,136.0,1.0,0.0,0.2,7.0,0.0,12.5,54.0,54.0,9.5,20.9,123.0,995.9,995.9,2.7,5.2
2024-04-25 14:24:32+02:00,8.3,7.0,5.1,2.4,66.0,14.1,88.0,151.4,1.0,0.0,0.2,7.0,0.0,12.5,54.0,54.0,8.2,21.6,119.0,996.0,996.0,2.7,5.2
2024-04-25 14:30:56+02:00,8.3,6.7,4.7,2.2,65.0,14.1,88.0,149.8,1.0,0.0,0.2,7.0,0.0,12.5,54.0,54.0,9.9,20.2,120.0,996.0,996.0,2.7,5.2
2024-04-25 14:35:12+02:00,8.3,6.9,5.0,2.2,66.0,14.1,88.0,132.2,1.0,0.0,0.2,7.0,0.0,12.5,54.0,54.0,8.6,17.3,133.0,996.1,996.1,2.7,5.2
2024-04-25 14:39:28+02:00,8.3,7.2,5.2,2.3,66.0,14.1,88.0,124.9,1.0,0.0,0.2,7.0,0.0,12.5,54.0,54.0,8.0,20.9,124.0,996.0,996.0,2.7,5.2
2024-04-25 14:45:52+02:00,8.3,6.4,4.5,2.0,65.0,14.1,87.0,137.3,1.0,0.0,0.2,7.0,0.0,12.5,54.0,54.0,11.3,19.8,121.0,996.0,996.0,2.7,5.2
2024-04-25 14:50:08+02:00,8.3,7.3,5.1,1.8,63.0,14.1,87.0,134.7,1.0,0.0,0.2,7.0,0.0,12.5,54.0,54.0,7.6,19.4,136.0,996.0,996.0,2.7,5.2
2024-04-25 14:54:24+02:00,8.4,7.4,5.3,1.8,63.0,14.1,87.0,95.9,0.0,0.0,0.2,7.0,0.0,12.5,54.0,54.0,7.2,17.3,129.0,996.0,996.0,2.7,5.2
2024-04-25 15:00:48+02:00,8.3,6.8,4.4,1.6,62.0,14.1,87.0,88.7,0.0,0.0,0.2,7.0,0.0,12.5,54.0,54.0,11.2,22.7,120.0,995.9,995.9,2.7,5.2
2024-04-25 15:05:04+02:00,8.4,8.2,5.9,1.4,61.0,14.1,87.0,115.4,1.0,0.0,0.2,7.0,0.0,12.5,54.0,54.0,3.7,11.9,120.0,995.9,995.9,2.7,5.2
2024-04-25 15:09:20+02:00,8.7,8.5,6.1,1.3,60.0,14.1,87.0,153.4,1.0,0.0,0.2,7.0,0.0,12.5,54.0,54.0,4.0,8.6,166.0,995.9,995.9,2.7,5.2
2024-04-25 15:15:44+02:00,8.9,8.2,6.0,1.6,60.0,14.1,87.0,231.2,2.0,0.0,0.2,7.0,0.0,12.5,54.0,54.0,5.8,10.1,139.0,995.7,995.7,2.7,5.2
2024-04-25 15:20:00+02:00,9.1,8.5,6.2,1.9,60.0,14.1,87.0,236.9,2.0,0.0,0.2,7.0,0.0,12.5,54.0,54.0,6.3,15.8,124.0,995.6,995.6,2.7,5.2
2024-04-25 15:24:16+02:00,9.3,8.3,6.1,1.9,60.0,14.1,87.0,312.2,2.0,0.0,0.2,7.0,0.0,12.5,54.0,54.0,7.4,18.7,117.0,995.7,995.7,2.7,5.2
2024-04-25 15:30:40+02:00,9.5,8.0,5.7,1.8,59.0,14.2,87.0,419.2,3.0,0.0,0.2,7.0,0.0,12.5,54.0,54.0,10.6,22.7,119.0,995.6,995.6,2.7,5.2
2024-04-25 15:34:56+02:00,10.0,10.0,6.8,0.8,53.0,14.2,87.0,413.8,3.0,0.0,0.2,7.0,0.0,12.5,54.0,54.0,6.8,18.4,149.0,995.7,995.7,2.7,5.2
2024-04-25 15:39:12+02:00,10.3,10.2,6.9,-0.2,48.0,14.3,87.0,411.4,3.0,0.0,0.2,7.0,0.0,12.5,54.0,54.0,7.3,17.3,170.0,995.5,995.5,2.7,5.2
2024-04-25 15:45:36+02:00,10.7,10.7,7.8,-0.1,47.0,14.4,87.0,409.5,3.0,0.0,0.2,7.0,0.0,12.5,54.0,54.0,4.5,19.4,172.0,995.4,995.4,2.7,5.2
2024-04-25 15:49:52+02:00,10.9,10.9,7.8,0.3,48.0,14.4,88.0,328.6,3.0,0.0,0.2,7.0,0.0,12.5,54.0,54.0,6.0,13.0,128.0,995.4,995.4,2.7,5.2
2024-04-25 15:54:08+02:00,10.3,10.3,6.6,0.2,50.0,14.5,88.0,323.8,3.0,0.0,0.2,7.0,0.0,12.5,54.0,54.0,9.0,23.0,135.0,995.4,995.4,2.7,5.2
2024-04-25 16:00:32+02:00,10.1,9.2,5.8,0.7,52.0,14.5,88.0,464.1,4.0,0.0,0.2,7.0,0.0,12.5,54.0,54.0,12.2,20.9,121.0,995.2,995.2,2.7,5.2
2024-04-25 16:04:48+02:00,10.2,10.2,6.6,0.9,52.0,14.6,88.0,418.1,3.0,0.0,0.2,7.0,0.0,12.5,54.0,54.0,9.1,19.1,129.0,995.2,995.2,2.7,5.2
2024-04-25 16:09:04+02:00,10.3,10.3,7.4,0.6,51.0,14.6,88.0,118.9,1.0,0.0,0.2,7.0,0.0,12.5,54.0,54.0,5.3,9.7,163.0,995.0,995.0,2.7,5.2
2024-04-25 16:15:28+02:00,10.0,9.7,7.3,0.9,53.0,14.7,88.0,99.0,0.0,0.0,0.2,7.0,0.0,12.5,54.0,54.0,4.4,13.0,141.0,995.1,995.1,2.7,5.2
2024-04-25 16:19:44+02:00,9.7,9.5,7.1,0.9,54.0,14.7,88.0,42.0,0.0,0.0,0.2,7.0,0.0,12.5,54.0,54.0,3.6,13.0,179.0,995.1,995.1,2.7,5.2
2024-04-25 16:24:00+02:00,9.3,8.3,6.0,1.8,59.0,14.7,88.0,22.1,0.0,0.0,0.2,7.0,0.0,12.5,54.0,54.0,8.2,16.6,166.0,995.2,995.2,2.7,5.2
2024-04-25 16:30:24+02:00,8.7,8.4,6.2,2.2,64.0,14.8,88.0,50.3,0.0,0.6,0.3,7.1,0.1,12.6,54.1,54.1,4.0,9.7,120.0,995.3,995.3,2.7,5.2
2024-04-25 16:34:40+02:00,8.3,7.8,5.9,2.7,68.0,14.8,88.0,216.5,2.0,0.6,0.3,7.1,0.1,12.6,54.1,54.1,4.5,9.4,149.0,995.1,995.1,2.7,5.2
2024-04-25 16:38:56+02:00,8.6,8.1,6.1,2.9,67.0,14.8,87.0,287.3,2.0,0.6,0.3,7.1,0.1,12.6,54.1,54.1,4.8,7.6,120.0,995.1,995.1,2.7,5.2
2024-04-25 16:45:20+02:00,9.0,8.4,6.5,2.9,65.0,14.8,87.0,207.1,1.0,0.0,0.3,7.1,0.1,12.6,54.1,54.1,5.1,15.1,112.0,995.0,995.0,2.7,5.2
2024-04-25 16:49:36+02:00,9.2,9.0,6.7,2.1,61.0,14.7,87.0,313.2,2.0,0.0,0.3,7.1,0.1,12.6,54.1,54.1,4.5,15.1,157.0,995.1,995.1,2.7,5.2
2024-04-25 16:56:00+02:00,9.5,9.0,6.8,2.0,60.0,14.7,87.0,185.7,1.0,0.0,0.3,7.1,0.1,12.6,54.1,54.1,5.4,9.4,153.0,995.0,995.0,2.7,5.2
2024-04-25 17:00:16+02:00,9.7,9.6,7.2,1.9,58.0,14.7,87.0,249.3,2.0,0.0,0.3,7.1,0.1,12.6,54.1,54.1,4.4,11.5,207.0,995.1,995.1,2.7,5.2
2024-04-25 17:04:32+02:00,9.6,9.1,6.7,1.5,57.0,14.8,88.0,215.2,2.0,0.0,0.3,7.1,0.1,12.6,54.1,54.1,5.8,13.0,146.0,995.0,995.0,2.7,5.2
2024-04-25 17:10:56+02:00,9.6,9.0,6.7,1.9,59.0,14.8,88.0,280.1,2.0,0.0,0.3,7.1,0.1,12.6,54.1,54.1,6.3,15.8,135.0,995.1,995.1,2.7,5.2
2024-04-25 17:15:12+02:00,9.6,8.9,6.5,1.9,58.0,14.8,88.0,259.9,2.0,0.0,0.3,7.1,0.1,12.6,54.1,54.1,7.2,18.0,147.0,995.0,995.0,2.7,5.2
2024-04-25 17:19:28+02:00,9.8,8.9,6.5,2.0,58.0,14.8,88.0,237.2,2.0,0.0,0.3,7.1,0.1,12.6,54.1,54.1,8.0,18.0,140.0,994.9,994.9,2.7,5.2
2024-04-25 17:25:52+02:00,9.4,8.5,6.2,1.3,57.0,14.8,88.0,185.3,1.0,0.0,0.3,7.1,0.1,12.6,54.1,54.1,7.6,21.6,136.0,994.9,994.9,2.7,5.2
2024-04-25 17:30:08+02:00,9.6,8.9,6.6,1.1,55.0,14.8,88.0,175.1,1.0,0.0,0.3,7.1,0.0,12.6,54.1,54.1,6.3,15.5,154.0,994.8,994.8,2.7,5.2
2024-04-25 17:34:24+02:00,9.3,7.4,4.9,0.5,54.0,14.8,88.0,164.2,1.0,0.0,0.3,7.1,0.0,12.6,54.1,54.1,13.1,23.4,116.0,994.9,994.9,2.7,5.2
2024-04-25 17:40:48+02:00,9.1,8.0,5.6,0.5,55.0,14.9,88.0,144.9,1.0,0.0,0.3,7.1,0.0,12.6,54.1,54.1,8.1,16.6,127.0,994.8,994.8,2.7,5.2
2024-04-25 17:45:04+02:00,9.2,7.7,5.1,0.7,55.0,14.8,87.0,209.2,1.0,0.0,0.3,7.1,0.0,12.6,54.1,54.1,11.2,20.5,110.0,994.7,994.7,2.7,5.2
2024-04-25 17:49:20+02:00,9.3,7.9,5.4,0.5,54.0,14.8,87.0,198.3,1.0,0.0,0.3,7.1,0.0,12.6,54.1,54.1,10.5,22.3,118.0,994.7,994.7,2.7,5.2
2024-04-25 17:55:44+02:00,9.1,7.6,5.2,0.6,55.0,14.8,87.0,149.5,1.0,0.0,0.3,7.1,0.0,12.6,54.1,54.1,10.5,19.4,124.0,994.8,994.8,2.7,5.2
2024-04-25 18:00:00+02:00,9.3,8.0,5.4,0.7,55.0,14.8,87.0,208.7,1.0,0.0,0.3,0.0,0.0,12.6,54.1,54.1,10.4,21.2,114.0,994.7,994.7,2.7,5.2
2024-04-25 18:04:16+02:00,9.3,7.3,4.7,0.7,55.0,14.8,87.0,156.9,1.0,0.0,0.3,0.0,0.0,12.6,54.1,54.1,13.8,26.6,122.0,994.7,994.7,2.7,5.2
2024-04-25 18:10:40+02:00,9.2,7.7,5.4,0.9,56.0,14.8,87.0,115.5,1.0,0.0,0.3,0.0,0.0,12.6,54.1,54.1,10.2,18.7,119.0,994.6,994.6,2.7,5.2
2024-04-25 18:14:56+02:00,9.2,7.9,5.5,0.9,56.0,14.8,87.0,119.9,1.0,0.0,0.3,0.0,0.0,12.6,54.1,54.1,9.3,15.5,118.0,994.6,994.6,2.7,5.2
2024-04-25 18:19:12+02:00,9.2,8.4,6.0,0.7,55.0,14.8,87.0,109.3,1.0,0.0,0.3,0.0,0.0,12.6,54.1,54.1,6.8,13.3,132.0,994.5,994.5,2.7,5.2
2024-04-25 18:25:36+02:00,9.2,7.9,5.6,1.1,57.0,14.8,87.0,96.6,0.0,0.0,0.3,0.0,0.0,12.6,54.1,54.1,9.2,15.5,119.0,994.5,994.5,2.7,5.2
2024-04-25 18:29:52+02:00,9.1,7.5,5.2,0.9,56.0,14.7,87.0,90.1,0.0,0.0,0.3,0.0,0.0,12.6,54.1,54.1,10.4,15.1,130.0,994.4,994.4,2.7,5.2
2024-04-25 18:34:08+02:00,9.2,8.6,6.1,0.8,56.0,14.8,87.0,94.0,0.0,0.0,0.3,0.0,0.0,12.6,54.1,54.1,6.5,12.2,114.0,994.4,994.4,2.7,5.2
2024-04-25 18:40:32+02:00,9.2,7.7,5.2,0.5,55.0,14.7,87.0,89.0,0.0,0.0,0.3,0.0,0.0,12.6,54.1,54.1,10.5,31.0,122.0,994.5,994.5,2.7,5.2
2024-04-25 18:44:48+02:00,9.2,7.7,5.0,0.0,52.0,14.7,87.0,72.5,0.0,0.0,0.3,0.0,0.0,12.6,54.1,54.1,11.4,23.0,123.0,994.4,994.4,2.7,5.2
2024-04-25 18:49:04+02:00,9.1,7.3,4.8,-0.1,53.0,14.7,87.0,70.2,0.0,0.0,0.3,0.0,0.0,12.6,54.1,54.1,11.9,23.0,120.0,994.3,994.3,2.7,5.2
2024-04-25 18:55:28+02:00,9.2,8.7,6.2,0.2,53.0,14.7,87.0,63.5,0.0,0.0,0.3,0.0,0.0,12.6,54.1,54.1,5.3,17.6,116.0,994.4,994.4,2.7,5.2
2024-04-25 18:59:44+02:00,9.3,8.0,5.6,0.0,53.0,14.6,87.0,62.4,0.0,0.0,0.3,0.0,0.0,12.6,54.1,54.1,8.6,14.8,140.0,994.4,994.4,2.7,5.2
2024-04-25 19:04:00+02:00,9.2,8.6,6.0,0.1,53.0,14.6,87.0,60.8,0.0,0.0,0.3,0.0,0.0,12.6,54.1,54.1,6.0,14.8,138.0,994.3,994.3,2.7,5.2
2024-04-25 19:10:24+02:00,9.2,9.0,6.4,0.0,52.0,14.5,87.0,50.3,0.0,0.0,0.3,0.0,0.0,12.6,54.1,54.1,4.1,7.2,127.0,994.3,994.3,2.7,5.2
2024-04-25 19:14:40+02:00,9.2,8.1,5.6,0.2,53.0,14.5,87.0,47.1,0.0,0.0,0.3,0.0,0.0,12.6,54.1,54.1,8.1,14.0,128.0,994.4,994.4,2.7,5.2
2024-04-25 19:21:04+02:00,9.0,8.2,5.8,0.4,55.0,14.5,87.0,36.4,0.0,0.0,0.3,0.0,0.0,12.6,54.1,54.1,6.8,14.0,123.0,994.2,994.2,2.7,5.2
2024-04-25 19:25:20+02:00,9.0,8.6,6.0,0.4,55.0,14.4,87.0,29.9,0.0,0.0,0.3,0.0,0.0,12.6,54.1,54.1,5.3,11.9,119.0,994.2,994.2,2.7,5.2
2024-04-25 19:29:36+02:00,9.0,7.8,5.5,0.4,55.0,14.4,86.0,24.0,0.0,0.0,0.3,0.0,0.0,12.6,54.1,54.1,8.2,12.6,122.0,994.2,994.2,2.7,5.2
2024-04-25 19:36:00+02:00,9.0,8.2,5.8,0.8,57.0,14.4,86.0,20.7,0.0,0.0,0.3,0.0,0.0,12.6,54.1,54.1,6.6,12.6,125.0,994.3,994.3,2.7,5.2
2024-04-25 19:40:16+02:00,8.9,8.2,5.8,0.8,57.0,14.3,86.0,18.2,0.0,0.0,0.3,0.0,0.0,12.6,54.1,54.1,6.3,11.5,120.0,994.3,994.3,2.7,5.2
2024-04-25 19:44:32+02:00,8.9,8.5,6.2,0.8,57.0,14.3,86.0,15.4,0.0,0.0,0.3,0.0,0.0,12.6,54.1,54.1,4.3,10.4,129.0,994.2,994.2,2.7,5.2
2024-04-25 19:50:56+02:00,8.9,8.2,5.8,1.0,58.0,14.3,86.0,12.2,0.0,0.0,0.3,0.0,0.0,12.6,54.1,54.1,6.3,11.5,116.0,994.2,994.2,2.7,5.2
2024-04-25 19:55:12+02:00,8.9,8.9,6.3,0.8,57.0,14.2,86.0,10.7,0.0,0.0,0.3,0.0,0.0,12.6,54.1,54.1,3.6,11.5,116.0,994.3,994.3,2.7,5.2
2024-04-25 19:59:28+02:00,8.9,8.3,5.8,0.9,57.0,14.2,86.0,8.4,0.0,0.0,0.3,0.0,0.0,12.6,54.1,54.1,6.2,11.5,126.0,994.3,994.3,2.7,5.2
2024-04-25 20:05:52+02:00,8.9,8.0,5.7,0.6,56.0,14.2,86.0,6.6,0.0,0.0,0.3,0.0,0.0,12.6,54.1,54.1,7.1,15.5,132.0,994.4,994.4,2.7,5.2
2024-04-25 20:10:08+02:00,9.0,8.5,6.0,0.2,54.0,14.1,86.0,5.6,0.0,0.0,0.3,0.0,0.0,12.6,54.1,54.1,5.3,13.3,122.0,994.4,994.4,2.7,5.2
2024-04-25 20:14:24+02:00,8.9,8.0,5.5,0.2,54.0,14.1,86.0,5.7,0.0,0.0,0.3,0.0,0.0,12.6,54.1,54.1,7.2,15.5,124.0,994.4,994.4,2.7,5.2
2024-04-25 20:20:48+02:00,8.9,7.8,5.4,0.1,54.0,14.0,86.0,5.2,0.0,0.0,0.3,0.0,0.0,12.6,54.1,54.1,8.0,14.4,125.0,994.3,994.3,2.7,5.2
2024-04-25 20:25:04+02:00,8.9,8.5,5.9,0.2,54.0,14.0,86.0,4.2,0.0,0.0,0.3,0.0,0.0,12.6,54.1,54.1,5.5,14.0,119.0,994.4,994.4,2.7,5.2
2024-04-25 20:29:20+02:00,8.9,7.5,5.0,0.1,54.0,13.9,86.0,2.8,0.0,0.0,0.3,0.0,0.0,12.6,54.1,54.1,10.0,19.8,127.0,994.3,994.3,2.7,5.2
2024-04-25 20:35:44+02:00,8.9,8.3,5.8,0.2,55.0,13.9,86.0,1.8,0.0,0.0,0.3,0.0,0.0,12.6,54.1,54.1,5.9,11.5,115.0,994.4,994.4,2.7,5.2
2024-04-25 20:40:00+02:00,8.8,7.1,4.9,0.3,55.0,13.8,86.0,1.2,0.0,0.0,0.3,0.0,0.0,12.6,54.1,54.1,10.4,24.8,118.0,994.4,994.4,2.7,5.2
2024-04-25 20:44:16+02:00,8.8,7.5,5.1,0.4,55.0,13.8,86.0,0.7,0.0,0.0,0.3,0.0,0.0,12.6,54.1,54.1,9.4,24.8,127.0,994.4,994.4,2.7,5.2
2024-04-25 20:50:40+02:00,8.8,8.0,5.7,0.5,56.0,13.7,86.0,0.3,0.0,0.0,0.3,0.0,0.0,12.6,54.1,54.1,6.3,16.6,131.0,994.4,994.4,2.7,5.2
2024-04-25 20:54:56+02:00,8.7,7.9,5.6,0.5,56.0,13.7,86.0,0.2,0.0,0.0,0.3,0.0,0.0,12.6,54.1,54.1,6.3,11.5,129.0,994.4,994.4,2.7,5.1
2024-04-25 20:59:12+02:00,8.7,8.2,5.7,0.8,58.0,13.7,86.0,0.1,0.0,0.0,0.3,0.0,0.0,12.6,54.1,54.1,5.8,11.2,136.0,994.4,994.4,2.7,5.1
2024-04-25 21:05:36+02:00,8.7,8.0,5.6,0.8,57.0,13.6,86.0,0.0,0.0,0.0,0.3,0.0,0.0,12.6,54.1,54.1,6.2,14.0,129.0,994.3,994.3,2.7,5.1
2024-04-25 21:09:52+02:00,8.7,7.8,5.5,0.8,58.0,13.6,86.0,0.0,0.0,0.0,0.3,0.0,0.0,12.6,54.1,54.1,6.7,10.8,127.0,994.3,994.3,2.7,5.1
2024-04-25 21:14:08+02:00,8.6,8.3,5.8,0.9,58.0,13.5,86.0,0.0,0.0,0.0,0.3,0.0,0.0,12.6,54.1,54.1,5.0,9.0,127.0,994.3,994.3,2.7,5.1
2024-04-25 21:20:32+02:00,8.6,7.9,5.6,0.8,58.0,13.5,86.0,0.0,0.0,0.0,0.3,0.0,0.0,12.6,54.1,54.1,5.8,11.9,142.0,994.4,994.4,2.7,5.1
2024-04-25 21:24:48+02:00,8.6,7.7,5.4,1.1,59.0,13.4,86.0,0.0,0.0,0.0,0.3,0.0,0.0,12.6,54.1,54.1,7.1,12.6,125.0,994.3,994.3,2.7,5.1
2024-04-25 21:29:04+02:00,8.6,7.9,5.5,1.0,59.0,13.4,86.0,0.0,0.0,0.0,0.3,0.0,0.0,12.6,54.1,54.1,6.3,15.5,130.0,994.3,994.3,2.7,5.1
2024-04-25 21:35:28+02:00,8.6,7.2,5.0,0.9,58.0,13.3,86.0,0.0,0.0,0.0,0.3,0.0,0.0,12.6,54.1,54.1,8.8,11.9,124.0,994.4,994.4,2.7,5.1
2024-04-25 21:39:44+02:00,8.6,8.6,6.3,1.1,59.0,13.3,86.0,0.0,0.0,0.0,0.3,0.0,0.0,12.6,54.1,54.1,2.7,11.2,120.0,994.3,994.3,2.7,5.1
2024-04-25 21:44:00+02:00,8.5,8.1,5.7,1.3,61.0,13.3,86.0,0.0,0.0,0.0,0.3,0.0,0.0,12.6,54.1,54.1,5.1,7.6,123.0,994.4,994.4,2.7,5.1
2024-04-25 21:50:24+02:00,8.4,7.3,5.0,1.2,61.0,13.2,86.0,0.0,0.0,0.0,0.3,0.0,0.0,12.6,54.1,54.1,8.0,17.3,106.0,994.5,994.5,2.7,5.1
2024-04-25 21:54:40+02:00,8.4,6.5,4.2,1.4,61.0,13.2,86.0,0.0,0.0,0.0,0.3,0.0,0.0,12.6,54.1,54.1,12.5,22.3,129.0,994.4,994.4,2.7,5.1
2024-04-25 21:58:56+02:00,8.4,6.6,4.5,1.4,61.0,13.2,86.0,0.0,0.0,0.0,0.3,0.0,0.0,12.6,54.1,54.1,10.7,25.6,117.0,994.3,994.3,2.7,5.1
2024-04-25 22:05:20+02:00,8.3,6.6,4.6,1.3,61.0,13.1,86.0,0.0,0.0,0.0,0.3,0.0,0.0,12.6,54.1,54.1,9.8,20.5,112.0,994.4,994.4,2.7,5.1
2024-04-25 22:09:36+02:00,8.3,6.6,4.6,1.4,62.0,13.1,86.0,0.0,0.0,0.0,0.3,0.0,0.0,12.6,54.1,54.1,10.1,26.3,125.0,994.4,994.4,2.7,5.1
2024-04-25 22:16:00+02:00,8.2,6.4,4.3,1.4,62.0,13.0,86.0,0.0,0.0,0.0,0.3,0.0,0.0,12.6,54.1,54.1,10.7,22.0,129.0,994.3,994.3,2.7,5.1
2024-04-25 22:20:16+02:00,8.2,6.5,4.4,1.5,62.0,13.0,86.0,0.0,0.0,0.0,0.3,0.0,0.0,12.6,54.1,54.1,10.5,22.0,126.0,994.3,994.3,2.7,5.1
2024-04-25 22:24:32+02:00,8.2,6.0,3.8,1.4,62.0,12.9,86.0,0.0,0.0,0.0,0.3,0.0,0.0,12.6,54.1,54.1,13.6,22.3,124.0,994.3,994.3,2.7,5.1
2024-04-25 22:30:56+02:00,8.2,6.1,4.1,1.4,62.0,12.9,86.0,0.0,0.0,0.0,0.3,0.0,0.0,12.6,54.1,54.1,12.2,22.0,125.0,994.3,994.3,2.7,5.1
2024-04-25 22:35:12+02:00,8.2,6.3,4.3,1.5,63.0,12.8,86.0,0.0,0.0,0.0,0.3,0.0,0.0,12.6,54.1,54.1,10.8,21.6,124.0,994.1,994.1,2.7,5.0
2024-04-25 22:39:28+02:00,8.0,6.2,4.2,1.4,63.0,12.8,86.0,0.0,0.0,0.0,0.3,0.0,0.0,12.6,54.1,54.1,10.4,19.8,118.0,994.1,994.1,2.7,5.0
2024-04-25 22:45:52+02:00,8.0,5.8,3.8,1.5,63.0,12.7,86.0,0.0,0.0,0.0,0.3,0.0,0.0,12.6,54.1,54.1,12.9,19.4,110.0,994.2,994.2,2.7,5.0
2024-04-25 22:50:08+02:00,7.9,6.1,4.1,1.4,63.0,12.7,86.0,0.0,0.0,0.0,0.3,0.0,0.0,12.6,54.1,54.1,10.7,19.8,121.0,994.0,994.0,2.7,5.0
2024-04-25 22:54:24+02:00,8.0,5.8,3.8,1.4,63.0,12.7,86.0,0.0,0.0,0.0,0.3,0.0,0.0,12.6,54.1,54.1,12.5,18.4,118.0,994.0,994.0,2.7,5.0
2024-04-25 23:00:48+02:00,8.0,6.4,4.4,1.4,63.0,12.6,86.0,0.0,0.0,0.0,0.3,0.0,0.0,12.6,54.1,54.1,9.3,18.0,127.0,994.0,994.0,2.7,5.0
2024-04-25 23:05:04+02:00,8.0,5.7,3.7,1.4,63.0,12.6,86.0,0.0,0.0,0.0,0.3,0.0,0.0,12.6,54.1,54.1,13.0,19.1,121.0,994.0,994.0,2.7,5.0
2024-04-25 23:09:20+02:00,8.0,6.1,4.1,1.4,63.0,12.5,86.0,0.0,0.0,0.0,0.3,0.0,0.0,12.6,54.1,54.1,10.7,17.3,113.0,993.9,993.9,2.7,5.0
2024-04-25 23:15:44+02:00,8.0,6.1,4.2,1.4,63.0,12.5,86.0,0.0,0.0,0.0,0.3,0.0,0.0,12.6,54.1,54.1,10.4,15.8,120.0,993.8,993.8,2.7,5.0
2024-04-25 23:20:00+02:00,7.9,6.5,4.5,1.4,63.0,12.4,86.0,0.0,0.0,0.0,0.3,0.0,0.0,12.6,54.1,54.1,8.6,18.0,115.0,993.8,993.8,2.7,5.0
2024-04-25 23:24:16+02:00,7.9,6.5,4.5,1.5,64.0,12.4,86.0,0.0,0.0,0.0,0.3,0.0,0.0,12.6,54.1,54.1,8.4,18.0,121.0,993.8,993.8,2.7,5.0
2024-04-25 23:30:40+02:00,7.9,6.5,4.5,1.5,64.0,12.4,86.0,0.0,0.0,0.0,0.3,0.0,0.0,12.6,54.1,54.1,8.3,11.9,123.0,993.8,993.8,2.7,5.0
2024-04-25 23:34:56+02:00,8.0,6.3,4.2,1.3,63.0,12.3,86.0,0.0,0.0,0.0,0.3,0.0,0.0,12.6,54.1,54.1,10.1,19.1,122.0,993.9,993.9,2.7,5.0
2024-04-25 23:39:12+02:00,8.1,6.4,4.4,1.5,63.0,12.3,86.0,0.0,0.0,0.0,0.3,0.0,0.0,12.6,54.1,54.1,9.6,15.8,122.0,993.7,993.7,2.7,5.0
2024-04-25 23:45:36+02:00,8.0,6.4,4.4,1.5,64.0,12.3,86.0,0.0,0.0,0.0,0.3,0.0,0.0,12.6,54.1,54.1,9.6,15.5,131.0,993.9,993.9,2.7,5.0
2024-04-25 23:49:52+02:00,8.2,7.3,5.0,1.2,61.0,12.3,86.0,0.0,0.0,0.0,0.3,0.0,0.0,12.6,54.1,54.1,6.9,17.6,128.0,993.8,993.8,2.7,5.0
2024-04-25 23:54:08+02:00,8.2,6.9,4.7,1.3,61.0,12.2,86.0,0.0,0.0,0.0,0.3,0.0,0.0,12.6,54.1,54.1,8.7,17.3,123.0,993.9,993.9,2.7,5.0
2024-04-26 00:00:32+02:00,8.3,7.3,5.1,1.1,60.0,12.2,86.0,0.0,0.0,0.0,0.0,0.0,0.0,12.6,54.1,54.1,7.1,22.0,134.0,993.9,993.9,2.7,5.0
2024-04-26 00:04:48+02:00,8.4,7.2,5.2,1.0,60.0,12.2,86.0,0.0,0.0,0.0,0.0,0.0,0.0,12.6,54.1,54.1,7.2,13.7,117.0,993.9,993.9,2.7,5.0
2024-04-26 00:09:04+02:00,8.3,7.0,4.6,1.2,61.0,12.2,86.0,0.0,0.0,0.0,0.0,0.0,0.0,12.6,54.1,54.1,9.9,22.3,131.0,993.9,993.9,2.7,5.0
2024-04-26 00:15:28+02:00,8.3,6.9,4.7,1.4,62.0,12.1,86.0,0.0,0.0,0.0,0.0,0.0,0.0,12.6,54.1,54.1,9.4,22.3,121.0,993.9,993.9,2.7,5.0
2024-04-26 00:19:44+02:00,8.1,6.4,4.5,2.0,65.0,12.1,86.0,0.0,0.0,0.0,0.0,0.0,0.0,12.6,54.1,54.1,10.0,23.4,132.0,994.1,994.1,2.7,5.0
2024-04-26 00:24:00+02:00,7.8,5.3,3.3,2.1,67.0,12.1,86.0,0.0,0.0,0.0,0.0,0.0,0.0,12.6,54.1,54.1,14.1,23.4,123.0,994.0,994.0,2.7,4.9
2024-04-26 00:30:24+02:00,7.7,5.5,3.7,2.3,68.0,12.1,86.0,0.0,0.0,0.0,0.0,0.0,0.0,12.6,54.1,54.1,12.3,19.4,115.0,994.0,994.0,2.7,4.9
2024-04-26 00:34:40+02:00,7.6,5.6,3.8,2.2,69.0,12.0,86.0,0.0,0.0,0.0,0.0,0.0,0.0,12.6,54.1,54.1,10.9,19.8,117.0,993.8,993.8,2.7,4.9
2024-04-26 00:41:04+02:00,7.5,5.1,3.3,2.3,70.0,12.0,86.0,0.0,0.0,0.0,0.0,0.0,0.0,12.6,54.1,54.1,13.5,19.1,128.0,993.8,993.8,2.7,4.9
2024-04-26 00:45:20+02:00,7.5,5.6,3.8,2.2,69.0,12.0,86.0,0.0,0.0,0.0,0.0,0.0,0.0,12.6,54.1,54.1,10.6,19.8,118.0,993.8,993.8,2.7,4.9
2024-04-26 00:49:36+02:00,7.5,5.1,3.3,2.1,69.0,11.9,86.0,0.0,0.0,0.0,0.0,0.0,0.0,12.6,54.1,54.1,13.0,19.8,126.0,993.8,993.8,2.7,4.9
2024-04-26 00:56:00+02:00,7.5,5.0,3.0,2.0,68.0,11.9,86.0,0.0,0.0,0.0,0.0,0.0,0.0,12.6,54.1,54.1,14.5,26.3,120.0,993.7,993.7,2.7,4.9
2024-04-26 01:00:16+02:00,7.6,4.7,2.5,2.1,68.0,11.9,86.0,0.0,0.0,0.0,0.0,0.0,0.0,12.6,54.1,54.1,17.5,28.8,121.0,993.5,993.5,2.7,4.9
2024-04-26 01:04:32+02:00,7.6,5.3,3.5,2.1,68.0,11.8,86.0,0.0,0.0,0.0,0.0,0.0,0.0,12.6,54.1,54.1,12.3,18.0,124.0,993.6,993.6,2.7,4.9
2024-04-26 01:10:56+02:00,7.5,5.7,3.9,2.2,69.0,11.8,86.0,0.0,0.0,0.0,0.0,0.0,0.0,12.6,54.1,54.1,10.3,19.1,123.0,993.5,993.5,2.7,4.9
2024-04-26 01:15:12+02:00,7.5,5.4,3.5,2.2,69.0,11.8,86.0,0.0,0.0,0.0,0.0,0.0,0.0,12.6,54.1,54.1,12.0,18.4,121.0,993.4,993.4,2.7,4.9
2024-04-26 01:19:28+02:00,7.5,5.6,3.9,2.1,69.0,11.8,86.0,0.0,0.0,0.0,0.0,0.0,0.0,12.6,54.1,54.1,10.3,18.0,122.0,993.5,993.5,2.7,4.9
2024-04-26 01:25:52+02:00,7.5,5.8,4.0,2.3,70.0,11.7,86.0,0.0,0.0,0.0,0.0,0.0,0.0,12.6,54.1,54.1,9.5,16.9,126.0,993.4,993.4,2.7,4.9
2024-04-26 01:30:08+02:00,7.5,5.8,4.1,2.2,69.0,11.7,86.0,0.0,0.0,0.0,0.0,0.0,0.0,12.6,54.1,54.1,9.2,19.1,124.0,993.4,993.4,2.7,4.9
2024-04-26 01:34:24+02:00,7.5,6.1,4.3,2.1,68.0,11.7,86.0,0.0,0.0,0.0,0.0,0.0,0.0,12.6,54.1,54.1,8.2,16.2,118.0,993.3,993.3,2.7,4.9
2024-04-26 01:40:48+02:00,7.5,6.1,4.1,2.1,68.0,11.7,86.0,0.0,0.0,0.0,0.0,0.0,0.0,12.6,54.1,54.1,9.2,18.4,121.0,993.3,993.3,2.7,4.9
2024-04-26 01:45:04+02:00,7.7,6.4,4.4,2.0,68.0,11.6,86.0,0.0,0.0,0.0,0.0,0.0,0.0,12.6,54.1,54.1,7.8,15.1,121.0,993.3,993.3,2.7,4.9
2024-04-26 01:49:20+02:00,7.7,6.5,4.5,2.1,68.0,11.6,86.0,0.0,0.0,0.0,0.0,0.0,0.0,12.6,54.1,54.1,8.0,15.8,132.0,993.2,993.2,2.7,4.9
2024-04-26 01:55:44+02:00,7.7,6.4,4.5,2.1,68.0,11.6,86.0,0.0,0.0,0.0,0.0,0.0,0.0,12.6,54.1,54.1,7.8,16.6,122.0,993.4,993.4,2.7,4.9
2024-04-26 02:00:00+02:00,7.6,6.8,4.8,2.3,69.0,11.6,86.0,0.0,0.0,0.0,0.0,0.0,0.0,12.6,54.1,54.1,6.2,9.7,123.0,993.3,993.3,2.7,4.9
2024-04-26 02:04:16+02:00,7.5,6.7,4.8,2.4,70.0,11.6,86.0,0.0,0.0,0.0,0.0,0.0,0.0,12.6,54.1,54.1,5.9,11.9,130.0,993.3,993.3,2.7,4.8
2024-04-26 02:10:40+02:00,7.6,6.0,4.2,2.4,70.0,11.5,86.0,0.0,0.0,0.6,0.1,0.1,0.1,12.7,54.2,54.2,9.0,16.6,117.0,993.3,993.3,2.7,4.8
2024-04-26 02:14:56+02:00,7.6,5.4,3.6,2.1,68.0,11.5,86.0,0.0,0.0,0.6,0.1,0.1,0.1,12.7,54.2,54.2,12.3,23.4,122.0,993.3,993.3,2.7,4.8
2024-04-26 02:19:12+02:00,7.8,5.8,3.9,2.1,67.0,11.5,86.0,0.0,0.0,0.0,0.1,0.1,0.1,12.7,54.2,54.2,11.8,23.4,119.0,993.1,993.1,2.7,4.8
2024-04-26 02:25:36+02:00,7.9,5.7,3.7,1.9,66.0,11.5,86.0,0.0,0.0,0.0,0.1,0.1,0.1,12.7,54.2,54.2,13.0,20.2,122.0,993.1,993.1,2.7,4.8
2024-04-26 02:29:52+02:00,8.0,6.0,4.0,1.9,65.0,11.5,86.0,0.0,0.0,0.0,0.1,0.1,0.1,12.7,54.2,54.2,12.2,23.0,128.0,993.1,993.1,2.7,4.8
2024-04-26 02:34:08+02:00,8.1,6.3,4.3,2.0,65.0,11.5,86.0,0.0,0.0,0.0,0.1,0.1,0.1,12.7,54.2,54.2,10.5,22.3,122.0,993.0,993.0,2.7,4.8
2024-04-26 02:40:32+02:00,8.0,6.0,4.1,1.9,65.0,11.5,86.0,0.0,0.0,0.0,0.1,0.1,0.1,12.7,54.2,54.2,11.6,17.3,118.0,993.0,993.0,2.7,4.8
2024-04-26 02:44:48+02:00,8.1,6.4,4.5,1.9,65.0,11.4,86.0,0.0,0.0,0.0,0.1,0.1,0.1,12.7,54.2,54.2,9.6,16.2,129.0,992.8,992.8,2.7,4.8
2024-04-26 02:49:04+02:00,8.0,6.2,4.3,1.8,65.0,11.4,86.0,0.0,0.0,0.0,0.1,0.1,0.1,12.7,54.2,54.2,10.2,15.8,111.0,992.9,992.9,2.7,4.8
2024-04-26 02:55:28+02:00,8.1,6.4,4.4,1.7,64.0,11.4,86.0,0.0,0.0,0.0,0.1,0.1,0.1,12.7,54.2,54.2,9.9,16.9,125.0,992.9,992.9,2.7,4.7
2024-04-26 02:59:44+02:00,8.2,6.6,4.6,1.6,63.0,11.4,86.0,0.0,0.0,0.0,0.1,0.1,0.1,12.7,54.2,54.2,9.1,19.8,116.0,992.9,992.9,2.7,4.7
2024-04-26 03:04:00+02:00,8.2,6.8,4.7,1.4,62.0,11.4,86.0,0.0,0.0,0.0,0.1,0.1,0.0,12.7,54.2,54.2,9.0,17.3,124.0,993.0,993.0,2.7,4.7
2024-04-26 03:10:24+02:00,8.2,6.8,4.8,1.6,63.0,11.4,86.0,0.0,0.0,0.0,0.1,0.1,0.0,12.7,54.2,54.2,8.4,15.5,120.0,992.9,992.9,2.7,4.7
2024-04-26 03:14:40+02:00,8.1,6.4,4.4,1.6,64.0,11.4,86.0,0.0,0.0,0.0,0.1,0.1,0.0,12.7,54.2,54.2,9.8,15.1,125.0,992.9,992.9,2.7,4.7
2024-04-26 03:18:56+02:00,8.0,7.0,5.0,1.7,64.0,11.4,86.0,0.0,0.0,0.0,0.1,0.1,0.0,12.7,54.2,54.2,6.8,15.5,135.0,992.9,992.9,2.7,4.7
2024-04-26 03:25:20+02:00,8.1,6.3,4.3,1.4,63.0,11.4,86.0,0.0,0.0,0.0,0.1,0.1,0.0,12.7,54.2,54.2,10.6,18.0,120.0,992.9,992.9,2.7,4.7
2024-04-26 03:29:36+02:00,8.1,6.5,4.5,1.5,63.0,11.4,86.0,0.0,0.0,0.0,0.1,0.1,0.0,12.7,54.2,54.2,9.5,14.4,113.0,992.9,992.9,2.7,4.7
2024-04-26 03:36:00+02:00,8.3,6.2,4.0,1.1,60.0,11.3,86.0,0.0,0.0,0.0,0.1,0.1,0.0,12.7,54.2,54.2,12.5,30.6,117.0,992.8,992.8,2.7,4.7
2024-04-26 03:40:16+02:00,8.3,6.3,4.1,1.2,61.0,11.4,86.0,0.0,0.0,0.0,0.1,0.1,0.0,12.7,54.2,54.2,12.6,30.6,120.0,992.8,992.8,2.7,4.7
2024-04-26 03:44:32+02:00,8.3,6.5,4.4,1.2,61.0,11.3,86.0,0.0,0.0,0.0,0.1,0.1,0.0,12.7,54.2,54.2,10.7,16.9,112.0,992.8,992.8,2.7,4.7
2024-04-26 03:50:56+02:00,8.2,6.3,4.1,1.0,60.0,11.3,86.0,0.0,0.0,0.0,0.1,0.1,0.0,12.7,54.2,54.2,11.6,18.4,117.0,992.8,992.8,2.7,4.7
2024-04-26 03:55:12+02:00,8.2,7.1,4.8,1.2,62.0,11.3,86.0,0.0,0.0,0.0,0.1,0.1,0.0,12.7,54.2,54.2,7.6,14.4,124.0,992.8,992.8,2.7,4.7
2024-04-26 03:59:28+02:00,8.1,7.5,5.2,1.1,61.0,11.3,86.0,0.0,0.0,0.0,0.1,0.0,0.0,12.7,54.2,54.2,5.4,10.4,111.0,992.8,992.8,2.7,4.7
2024-04-26 04:05:52+02:00,8.1,7.2,5.0,1.0,61.0,11.3,86.0,0.0,0.0,0.0,0.1,0.0,0.0,12.7,54.2,54.2,6.4,10.4,113.0,992.8,992.8,2.7,4.7
2024-04-26 04:10:08+02:00,8.1,7.3,5.0,1.1,61.0,11.3,86.0,0.0,0.0,0.0,0.1,0.0,0.0,12.7,54.2,54.2,6.6,13.3,122.0,992.8,992.8,2.7,4.7
2024-04-26 04:14:24+02:00,8.0,7.7,5.3,1.1,61.0,11.3,86.0,0.0,0.0,0.0,0.1,0.0,0.0,12.7,54.2,54.2,4.5,9.0,132.0,992.9,992.9,2.7,4.7
2024-04-26 04:20:48+02:00,8.0,6.8,4.7,1.0,61.0,11.3,86.0,0.0,0.0,0.0,0.1,0.0,0.0,12.7,54.2,54.2,8.0,14.0,117.0,992.8,992.8,2.7,4.7
2024-04-26 04:25:04+02:00,8.0,6.2,4.1,1.0,61.0,11.3,86.0,0.0,0.0,0.0,0.1,0.0,0.0,12.7,54.2,54.2,10.9,19.8,121.0,992.8,992.8,2.7,4.7
2024-04-26 04:29:20+02:00,8.0,6.4,4.4,1.0,61.0,11.3,86.0,0.0,0.0,0.0,0.1,0.0,0.0,12.7,54.2,54.2,9.1,14.0,125.0,992.7,992.7,2.7,4.7
2024-04-26 04:35:44+02:00,8.0,6.3,4.3,0.9,61.0,11.3,86.0,0.0,0.0,0.0,0.1,0.0,0.0,12.7,54.2,54.2,9.9,17.6,123.0,992.8,992.8,2.7,4.7
2024-04-26 04:40:00+02:00,8.0,6.1,4.0,1.0,61.0,11.3,86.0,0.0,0.0,0.0,0.1,0.0,0.0,12.7,54.2,54.2,11.6,20.2,116.0,992.7,992.7,2.7,4.7
2024-04-26 04:44:16+02:00,8.0,6.4,4.4,1.2,62.0,11.3,86.0,0.0,0.0,0.0,0.1,0.0,0.0,12.7,54.2,54.2,8.9,17.6,119.0,992.8,992.8,2.7,4.6
2024-04-26 04:50:40+02:00,8.0,6.7,4.7,1.1,61.0,11.3,86.0,0.0,0.0,0.0,0.1,0.0,0.0,12.7,54.2,54.2,7.9,15.5,131.0,992.7,992.7,2.7,4.6
2024-04-26 04:54:56+02:00,8.2,6.5,4.4,1.2,61.0,11.3,86.0,0.0,0.0,0.0,0.1,0.0,0.0,12.7,54.2,54.2,10.3,16.2,120.0,992.7,992.7,2.7,4.6
2024-04-26 04:59:12+02:00,8.2,6.8,4.7,1.4,62.0,11.3,86.0,0.0,0.0,0.0,0.1,0.0,0.0,12.7,54.2,54.2,9.0,17.6,123.0,992.7,992.7,2.7,4.6
2024-04-26 05:05:36+02:00,8.1,5.9,3.8,1.3,62.0,11.2,86.0,0.0,0.0,0.0,0.1,0.0,0.0,12.7,54.2,54.2,13.1,22.0,138.0,992.7,992.7,2.7,4.6
2024-04-26 05:09:52+02:00,8.1,6.4,4.4,1.4,63.0,11.2,86.0,0.0,0.0,0.0,0.1,0.0,0.0,12.7,54.2,54.2,10.0,19.1,131.0,992.7,992.7,2.7,4.6
2024-04-26 05:14:08+02:00,8.1,6.0,3.9,1.4,63.0,11.2,86.0,0.0,0.0,0.0,0.1,0.0,0.0,12.7,54.2,54.2,12.2,22.3,121.0,992.7,992.7,2.7,4.6
2024-04-26 05:20:32+02:00,7.9,5.9,4.0,1.6,64.0,11.2,86.0,0.0,0.0,0.0,0.1,0.0,0.0,12.7,54.2,54.2,11.1,22.3,123.0,992.7,992.7,2.7,4.6
2024-04-26 05:24:48+02:00,7.8,6.0,4.2,1.8,66.0,11.2,86.0,0.0,0.0,0.0,0.1,0.0,0.0,12.7,54.2,54.2,10.1,16.2,120.0,992.7,992.7,2.7,4.6
2024-04-26 05:29:04+02:00,7.7,6.4,4.5,1.8,66.0,11.2,86.0,0.0,0.0,0.0,0.1,0.0,0.0,12.7,54.2,54.2,8.0,17.6,125.0,992.7,992.7,2.7,4.6
2024-04-26 05:35:28+02:00,7.7,5.8,3.9,1.7,66.0,11.2,86.0,0.0,0.0,0.0,0.1,0.0,0.0,12.7,54.2,54.2,10.7,17.6,118.0,992.6,992.6,2.7,4.6
2024-04-26 05:39:44+02:00,7.8,5.6,3.7,1.7,65.0,11.2,86.0,0.0,0.0,0.0,0.1,0.0,0.0,12.7,54.2,54.2,12.0,17.3,120.0,992.7,992.7,2.7,4.6
2024-04-26 05:44:00+02:00,7.8,6.0,4.1,1.8,66.0,11.2,86.0,0.1,0.0,0.0,0.1,0.0,0.0,12.7,54.2,54.2,10.1,20.5,121.0,992.6,992.6,2.7,4.6
2024-04-26 05:50:24+02:00,7.8,6.0,4.0,1.7,65.0,11.2,86.0,0.2,0.0,0.0,0.1,0.0,0.0,12.7,54.2,54.2,10.5,17.6,121.0,992.5,992.5,2.7,4.6
2024-04-26 05:54:40+02:00,7.7,5.6,3.6,1.7,66.0,11.1,86.0,0.2,0.0,0.0,0.1,0.0,0.0,12.7,54.2,54.2,12.3,18.4,126.0,992.5,992.5,2.7,4.6
2024-04-26 06:01:04+02:00,7.6,5.4,3.5,1.9,67.0,11.2,86.0,0.6,0.0,0.0,0.1,0.0,0.0,12.7,54.2,54.2,12.4,17.3,117.0,992.5,992.5,2.7,4.6
2024-04-26 06:05:20+02:00,7.6,5.9,4.0,2.0,68.0,11.1,86.0,1.3,0.0,0.0,0.1,0.0,0.0,12.7,54.2,54.2,9.9,21.2,121.0,992.5,992.5,2.7,4.6
2024-04-26 06:09:36+02:00,7.5,6.1,4.0,1.9,68.0,11.1,86.0,1.8,0.0,0.0,0.1,0.0,0.0,12.7,54.2,54.2,9.2,17.6,123.0,992.3,992.3,2.7,4.6
2024-04-26 06:16:00+02:00,7.5,6.1,4.2,2.0,68.0,11.1,86.0,2.6,0.0,0.0,0.1,0.0,0.0,12.7,54.2,54.2,8.6,17.6,128.0,992.4,992.4,2.7,4.5
2024-04-26 06:20:16+02:00,7.6,5.4,3.6,1.9,67.0,11.1,86.0,3.3,0.0,0.0,0.1,0.0,0.0,12.7,54.2,54.2,11.7,22.3,138.0,992.4,992.4,2.7,4.5
2024-04-26 06:24:32+02:00,7.6,5.7,3.8,1.9,67.0,11.1,86.0,4.1,0.0,0.0,0.1,0.0,0.0,12.7,54.2,54.2,10.9,19.1,125.0,992.4,992.4,2.7,4.5
2024-04-26 06:30:56+02:00,7.7,5.7,3.7,1.8,66.0,11.1,86.0,5.4,0.0,0.0,0.1,0.0,0.0,12.7,54.2,54.2,11.8,19.4,119.0,992.4,992.4,2.7,4.5
2024-04-26 06:35:12+02:00,7.8,5.8,3.8,1.7,65.0,11.1,86.0,6.6,0.0,0.0,0.1,0.0,0.0,12.7,54.2,54.2,11.5,24.1,133.0,992.5,992.5,2.7,4.5
2024-04-26 06:39:28+02:00,7.9,5.2,3.1,1.6,65.0,11.0,86.0,7.2,0.0,0.0,0.1,0.0,0.0,12.7,54.2,54.2,15.6,26.6,120.0,992.5,992.5,2.7,4.5
2024-04-26 06:45:52+02:00,7.8,5.5,3.6,1.7,65.0,11.0,86.0,7.5,0.0,0.0,0.1,0.0,0.0,12.7,54.2,54.2,13.2,26.6,127.0,992.5,992.5,2.7,4.5
2024-04-26 06:50:08+02:00,7.8,5.8,3.9,1.8,66.0,11.1,86.0,9.6,0.0,0.0,0.1,0.0,0.0,12.7,54.2,54.2,11.4,20.2,137.0,992.6,992.6,2.7,4.5
2024-04-26 06:54:24+02:00,7.8,5.8,3.9,2.0,67.0,11.0,86.0,9.9,0.0,0.0,0.1,0.0,0.0,12.7,54.2,54.2,11.4,19.8,140.0,992.5,992.5,2.7,4.5
2024-04-26 07:00:48+02:00,7.8,6.0,4.2,2.3,68.0,11.0,86.0,10.7,0.0,0.0,0.1,0.0,0.0,12.7,54.2,54.2,10.2,18.4,125.0,992.6,992.6,2.7,4.5
2024-04-26 07:05:04+02:00,7.8,5.8,4.0,2.3,68.0,11.0,86.0,12.7,0.0,0.0,0.1,0.0,0.0,12.7,54.2,54.2,10.9,18.7,109.0,992.6,992.6,2.7,4.5
2024-04-26 07:09:20+02:00,7.7,6.2,4.4,2.5,70.0,11.0,87.0,16.3,0.0,0.0,0.1,0.0,0.0,12.7,54.2,54.2,8.4,18.0,129.0,992.6,992.6,2.7,4.5
2024-04-26 07:15:44+02:00,7.6,6.8,4.8,2.5,70.0,11.0,86.0,19.1,0.0,0.0,0.1,0.0,0.0,12.7,54.2,54.2,6.1,13.7,130.0,992.6,992.6,2.7,4.5
2024-04-26 07:20:00+02:00,7.6,6.6,4.8,2.6,71.0,11.0,86.0,20.5,0.0,0.6,0.2,0.1,0.1,12.8,54.3,54.3,6.4,13.0,128.0,992.7,992.7,2.7,4.5
2024-04-26 07:24:16+02:00,7.6,7.2,5.1,2.8,71.0,11.0,86.0,23.1,0.0,0.6,0.2,0.1,0.1,12.8,54.3,54.3,5.1,11.2,135.0,992.6,992.6,2.7,4.5
2024-04-26 07:30:40+02:00,7.6,6.4,4.6,2.9,72.0,11.0,86.0,23.6,0.0,0.6,0.2,0.1,0.1,12.8,54.3,54.3,7.4,13.0,132.0,992.7,992.7,2.7,4.5
2024-04-26 07:34:56+02:00,7.7,6.6,4.7,2.5,70.0,11.0,86.0,31.5,0.0,0.6,0.3,0.2,0.2,12.9,54.4,54.4,7.0,19.1,125.0,992.7,992.7,2.7,4.5
2024-04-26 07:39:12+02:00,7.7,6.0,4.2,2.7,70.0,11.0,86.0,35.4,0.0,0.6,0.3,0.2,0.2,12.9,54.4,54.4,10.1,19.4,128.0,992.7,992.7,2.7,4.5
2024-04-26 07:45:36+02:00,7.8,6.3,4.6,2.8,71.0,11.0,87.0,38.4,0.0,0.6,0.3,0.2,0.2,12.9,54.4,54.4,8.6,17.3,124.0,992.8,992.8,2.7,4.5
2024-04-26 07:49:52+02:00,7.8,6.8,4.9,2.6,70.0,11.1,87.0,38.7,0.0,0.6,0.4,0.3,0.3,13.0,54.5,54.5,7.2,17.6,107.0,992.8,992.8,2.7,4.5
2024-04-26 07:54:08+02:00,8.0,6.7,4.8,2.8,70.0,11.1,87.0,38.8,0.0,0.6,0.4,0.3,0.3,13.0,54.5,54.5,8.6,16.6,110.0,992.7,992.7,2.68,4.4
2024-04-26 08:00:32+02:00,8.0,6.1,4.3,2.8,69.0,11.1,87.0,38.4,0.0,0.6,0.4,0.3,0.3,13.0,54.5,54.5,10.9,16.9,111.0,992.8,992.8,2.68,4.4
2024-04-26 08:04:48+02:00,8.0,6.5,4.8,2.9,70.0,11.1,87.0,39.6,0.0,0.0,0.4,0.3,0.3,13.0,54.5,54.5,8.6,14.0,119.0,992.9,992.9,2.7,4.4
2024-04-26 08:09:04+02:00,8.0,6.4,4.7,3.0,71.0,11.1,87.0,40.7,0.0,0.0,0.4,0.3,0.3,13.0,54.5,54.5,9.2,15.1,135.0,993.0,993.0,2.7,4.4
2024-04-26 08:15:28+02:00,8.0,7.1,5.3,3.1,71.0,11.1,87.0,33.9,0.0,0.6,0.5,0.4,0.4,13.1,54.6,54.6,6.3,14.4,84.0,993.1,993.1,2.72,4.4
2024-04-26 08:19:44+02:00,8.0,6.9,5.1,3.1,71.0,11.1,87.0,36.1,0.0,0.6,0.5,0.4,0.3,13.1,54.6,54.6,7.3,13.7,92.0,993.1,993.1,2.72,4.4
2024-04-26 08:24:00+02:00,8.0,6.8,5.0,3.0,71.0,11.1,87.0,42.3,0.0,0.6,0.6,0.5,0.4,13.2,54.7,54.7,7.3,15.8,109.0,993.2,993.2,2.72,4.4
2024-04-26 08:30:24+02:00,7.9,7.0,5.3,3.3,73.0,11.2,87.0,47.2,0.0,0.6,0.6,0.5,0.4,13.2,54.7,54.7,6.2,12.2,135.0,993.2,993.2,2.72,4.4
2024-04-26 08:34:40+02:00,7.9,7.3,5.4,3.3,73.0,11.2,87.0,56.6,0.0,0.6,0.6,0.5,0.3,13.2,54.7,54.7,5.3,10.4,122.0,993.2,993.2,2.7,4.4
2024-04-26 08:38:56+02:00,7.9,7.2,5.4,3.7,75.0,11.2,87.0,67.4,0.0,0.6,0.7,0.6,0.4,13.3,54.8,54.8,6.1,12.6,109.0,993.4,993.4,2.7,4.4
2024-04-26 08:45:20+02:00,8.1,6.8,5.0,3.5,72.0,11.2,87.0,93.3,0.0,0.6,0.7,0.6,0.4,13.3,54.8,54.8,8.6,16.6,119.0,993.3,993.3,2.7,4.4
2024-04-26 08:49:36+02:00,8.3,7.4,5.5,3.5,72.0,11.2,87.0,96.6,0.0,0.6,0.7,0.6,0.3,13.3,54.8,54.8,6.9,18.7,117.0,993.3,993.3,2.7,4.4
2024-04-26 08:56:00+02:00,8.5,7.7,5.8,3.5,71.0,11.2,87.0,122.1,1.0,0.0,0.7,0.6,0.3,13.3,54.8,54.8,6.3,15.1,124.0,993.4,993.4,2.72,4.4
2024-04-26 09:00:16+02:00,8.6,7.8,6.0,4.0,73.0,11.3,87.0,125.7,1.0,0.6,0.8,0.7,0.4,13.4,54.9,54.9,6.4,13.0,129.0,993.4,993.4,2.72,4.4
2024-04-26 09:04:32+02:00,8.8,8.0,6.1,3.9,71.0,11.3,87.0,123.0,1.0,0.6,0.8,0.7,0.4,13.4,54.9,54.9,6.9,15.1,140.0,993.6,993.6,2.7,4.5
2024-04-26 09:10:56+02:00,8.9,8.4,6.5,4.1,72.0,11.4,87.0,117.5,1.0,0.6,0.9,0.8,0.5,13.5,55.0,55.0,5.5,12.6,135.0,993.6,993.6,2.7,4.5
2024-04-26 09:15:12+02:00,8.9,7.7,6.0,4.0,71.0,11.4,87.0,140.2,1.0,0.6,0.9,0.8,0.4,13.5,55.0,55.0,8.1,11.2,131.0,993.5,993.5,2.7,4.4
2024-04-26 09:19:28+02:00,8.9,8.1,6.3,4.1,72.0,11.5,87.0,138.3,1.0,1.2,1.0,0.9,0.5,13.6,55.1,55.1,6.6,13.7,148.0,993.6,993.6,2.7,4.4
2024-04-26 09:25:52+02:00,8.9,7.5,5.8,4.1,72.0,11.5,88.0,150.0,1.0,0.6,1.0,0.9,0.4,13.6,55.1,55.1,9.5,13.7,124.0,993.6,993.6,2.72,4.5
2024-04-26 09:30:08+02:00,9.0,8.8,6.9,4.4,73.0,11.5,88.0,164.6,1.0,0.6,1.1,1.0,0.5,13.7,55.2,55.2,4.0,13.7,113.0,993.6,993.6,2.72,4.5
2024-04-26 09:34:24+02:00,9.0,8.0,6.3,4.3,72.0,11.6,88.0,155.3,1.0,0.6,1.1,1.0,0.5,13.7,55.2,55.2,7.9,16.6,122.0,993.6,993.6,2.7,4.5
2024-04-26 09:40:48+02:00,9.0,7.7,6.1,4.4,73.0,11.6,88.0,146.6,1.0,0.6,1.2,1.1,0.5,13.8,55.3,55.3,8.6,20.2,130.0,993.7,993.7,2.7,4.5
2024-04-26 09:45:04+02:00,9.0,7.5,5.9,4.3,73.0,11.7,88.0,141.0,1.0,0.6,1.2,1.1,0.5,13.8,55.3,55.3,9.5,15.5,129.0,993.8,993.8,2.7,4.5
2024-04-26 09:49:20+02:00,8.9,8.2,6.5,4.5,74.0,11.7,88.0,168.9,1.0,0.6,1.2,1.1,0.5,13.8,55.3,55.3,6.5,14.0,135.0,993.8,993.8,2.7,4.5
2024-04-26 09:55:44+02:00,9.0,7.2,5.6,4.5,74.0,11.8,88.0,195.2,1.0,0.6,1.3,1.2,0.6,13.9,55.4,55.4,11.4,17.6,121.0,993.8,993.8,2.7,4.6
2024-04-26 10:00:00+02:00,9.1,8.1,6.2,4.5,73.0,11.8,88.0,224.0,2.0,0.6,1.3,1.2,0.5,13.9,55.4,55.4,8.3,22.0,141.0,993.9,993.9,2.7,4.6
2024-04-26 10:04:16+02:00,9.3,7.7,6.0,4.6,73.0,11.9,89.0,202.2,1.0,0.6,1.3,1.2,0.5,13.9,55.4,55.4,10.7,22.0,115.0,994.0,994.0,2.7,4.6
2024-04-26 10:10:40+02:00,9.2,8.0,6.3,4.6,73.0,12.0,89.0,146.1,1.0,0.0,1.3,1.2,0.4,13.9,55.4,55.4,8.7,15.5,113.0,994.0,994.0,2.7,4.6
2024-04-26 10:14:56+02:00,9.2,8.5,6.9,4.6,73.0,12.0,89.0,137.8,1.0,0.0,1.3,1.2,0.3,13.9,55.4,55.4,5.6,11.5,122.0,994.1,994.1,2.7,4.7
2024-04-26 10:19:12+02:00,9.2,8.1,6.4,4.5,72.0,12.1,89.0,117.0,1.0,0.0,1.3,1.2,0.3,13.9,55.4,55.4,7.6,12.2,146.0,994.1,994.1,2.7,4.7
2024-04-26 10:25:36+02:00,9.1,8.8,6.9,4.7,74.0,12.2,89.0,109.2,1.0,0.0,1.3,1.2,0.3,13.9,55.4,55.4,5.2,12.2,138.0,994.2,994.2,2.7,4.7
2024-04-26 10:29:52+02:00,9.0,8.4,6.7,4.7,74.0,12.2,89.0,110.5,1.0,0.0,1.3,1.2,0.2,13.9,55.4,55.4,5.9,11.5,93.0,994.2,994.2,2.7,4.7
2024-04-26 10:34:08+02:00,8.9,7.6,5.9,4.6,74.0,12.3,89.0,91.3,0.0,0.0,1.3,1.2,0.2,13.9,55.4,55.4,9.1,19.4,116.0,994.2,994.2,2.7,4.7
2024-04-26 10:40:32+02:00,8.9,7.8,6.2,4.7,75.0,12.3,89.0,76.7,0.0,0.0,1.3,1.2,0.1,13.9,55.4,55.4,7.6,19.8,126.0,994.2,994.2,2.7,4.7
2024-04-26 10:44:48+02:00,8.8,8.2,6.6,4.7,76.0,12.4,89.0,78.5,0.0,0.0,1.3,1.2,0.1,13.9,55.4,55.4,5.5,14.0,134.0,994.3,994.3,2.7,4.8
2024-04-26 10:49:04+02:00,8.8,7.9,6.3,5.0,77.0,12.4,89.0,77.0,0.0,0.6,1.4,1.3,0.2,14.0,55.5,55.5,6.6,10.8,134.0,994.4,994.4,2.7,4.8
2024-04-26 10:55:28+02:00,8.7,8.4,6.9,5.0,77.0,12.4,89.0,63.8,0.0,0.6,1.4,1.3,0.1,14.0,55.5,55.5,3.5,12.2,129.0,994.3,994.3,2.7,4.8
2024-04-26 10:59:44+02:00,8.7,8.5,7.1,5.0,77.0,12.4,89.0,73.1,0.0,0.0,1.4,1.3,0.1,14.0,55.5,55.5,2.4,7.2,155.0,994.5,994.5,2.7,4.8
2024-04-26 11:04:00+02:00,8.7,8.7,7.0,5.3,79.0,12.5,89.0,70.0,0.0,0.0,1.4,1.3,0.1,14.0,55.5,55.5,3.0,9.0,120.0,994.4,994.4,2.7,4.8
2024-04-26 11:10:24+02:00,8.7,8.7,7.0,5.2,79.0,12.5,89.0,58.8,0.0,0.6,1.5,1.4,0.2,14.1,55.6,55.6,3.3,5.4,134.0,994.5,994.5,2.7,4.8
2024-04-26 11:14:40+02:00,8.7,8.6,6.9,5.1,78.0,12.5,89.0,56.8,0.0,0.6,1.5,1.4,0.2,14.1,55.6,55.6,3.5,7.9,167.0,994.7,994.7,2.7,4.8
2024-04-26 11:21:04+02:00,8.6,8.5,6.9,5.2,79.0,12.5,89.0,72.5,0.0,0.0,1.5,1.4,0.2,14.1,55.6,55.6,3.2,9.4,141.0,994.7,994.7,2.7,4.8
2024-04-26 11:25:20+02:00,8.6,8.6,7.0,5.1,79.0,12.5,88.0,72.8,0.0,0.0,1.5,1.4,0.2,14.1,55.6,55.6,2.8,5.4,131.0,994.6,994.6,2.7,4.8
2024-04-26 11:29:36+02:00,8.6,8.4,6.6,5.1,79.0,12.5,88.0,60.8,0.0,0.0,1.5,1.4,0.2,14.1,55.6,55.6,4.6,7.9,123.0,994.7,994.7,2.7,4.8
2024-04-26 11:36:00+02:00,8.5,7.3,5.8,5.1,79.0,12.6,88.0,60.6,0.0,0.0,1.5,1.4,0.2,14.1,55.6,55.6,8.1,14.0,124.0,994.7,994.7,2.7,4.8
2024-04-26 11:40:16+02:00,8.5,7.2,5.8,5.0,78.0,12.6,88.0,62.9,0.0,0.0,1.5,1.4,0.2,14.1,55.6,55.6,8.2,12.2,126.0,994.7,994.7,2.7,4.8
2024-04-26 11:44:32+02:00,8.5,7.7,6.1,4.9,78.0,12.6,88.0,63.6,0.0,0.6,1.6,1.5,0.3,14.2,55.7,55.7,6.3,13.3,126.0,994.7,994.7,2.7,4.8
2024-04-26 11:50:56+02:00,8.4,6.8,5.4,4.8,78.0,12.6,88.0,63.1,0.0,0.6,1.6,1.5,0.2,14.2,55.7,55.7,9.9,16.6,115.0,994.9,994.9,2.7,4.8
2024-04-26 11:55:12+02:00,8.4,7.7,6.1,4.9,79.0,12.6,88.0,61.7,0.0,0.6,1.6,1.5,0.2,14.2,55.7,55.7,6.1,14.0,114.0,994.8,994.8,2.7,4.8
2024-04-26 11:59:28+02:00,8.5,8.4,6.8,5.1,79.0,12.6,88.0,58.2,0.0,0.0,1.6,1.5,0.2,14.2,55.7,55.7,3.2,9.0,162.0,994.8,994.8,2.7,4.8
2024-04-26 12:05:52+02:00,8.5,7.1,5.6,4.9,78.0,12.6,88.0,51.5,0.0,0.0,1.6,1.5,0.2,14.2,55.7,55.7,8.9,15.8,122.0,994.9,994.9,2.7,4.8
2024-04-26 12:10:08+02:00,8.5,7.7,6.1,4.8,78.0,12.6,88.0,51.0,0.0,0.0,1.6,1.5,0.1,14.2,55.7,55.7,6.5,15.8,120.0,995.0,995.0,2.7,4.8
2024-04-26 12:14:24+02:00,8.6,8.1,6.2,4.9,78.0,12.7,88.0,48.1,0.0,0.0,1.6,1.5,0.1,14.2,55.7,55.7,6.3,13.7,131.0,995.0,995.0,2.7,4.8
2024-04-26 12:20:48+02:00,8.6,7.8,6.2,4.9,78.0,12.7,88.0,48.9,0.0,0.0,1.6,1.5,0.1,14.2,55.7,55.7,6.4,13.3,125.0,995.0,995.0,2.7,4.8
2024-04-26 12:25:04+02:00,8.6,7.3,5.7,4.9,77.0,12.7,88.0,52.2,0.0,0.0,1.6,1.5,0.1,14.2,55.7,55.7,9.0,16.2,125.0,995.0,995.0,2.7,4.9
2024-04-26 12:29:20+02:00,8.6,7.8,6.3,5.1,78.0,12.7,88.0,62.1,0.0,0.0,1.6,1.5,0.1,14.2,55.7,55.7,6.4,10.8,121.0,995.1,995.1,2.7,4.9
2024-04-26 12:35:44+02:00,8.7,7.9,6.3,5.1,78.0,12.7,88.0,65.2,0.0,0.0,1.6,1.5,0.1,14.2,55.7,55.7,6.6,12.2,123.0,995.2,995.2,2.7,4.9
2024-04-26 12:40:00+02:00,8.7,7.4,5.9,5.1,78.0,12.6,88.0,75.7,0.0,0.0,1.6,1.5,0.1,14.2,55.7,55.7,8.6,14.8,113.0,995.1,995.1,2.7,4.9
2024-04-26 12:44:16+02:00,8.6,7.5,6.0,5.1,79.0,12.7,88.0,71.9,0.0,0.0,1.6,1.5,0.0,14.2,55.7,55.7,7.9,14.0,123.0,995.2,995.2,2.7,4.9
2024-04-26 12:50:40+02:00,8.7,7.5,6.0,5.2,79.0,12.7,88.0,63.9,0.0,0.0,1.6,1.5,0.0,14.2,55.7,55.7,7.7,11.2,118.0,995.1,995.1,2.7,4.9
2024-04-26 12:54:56+02:00,8.7,8.1,6.6,5.2,78.0,12.7,88.0,66.2,0.0,0.0,1.6,1.5,0.0,14.2,55.7,55.7,5.6,11.9,115.0,995.2,995.2,2.7,4.9
2024-04-26 12:59:12+02:00,8.8,7.6,6.1,5.1,78.0,12.7,88.0,70.6,0.0,0.0,1.6,1.5,0.0,14.2,55.7,55.7,8.6,18.0,124.0,995.2,995.2,2.7,4.9
2024-04-26 13:05:36+02:00,8.9,8.0,6.4,5.1,77.0,12.7,88.0,85.3,0.0,0.0,1.6,1.5,0.0,14.2,55.7,55.7,7.1,20.9,134.0,995.3,995.3,2.7,4.9
2024-04-26 13:09:52+02:00,9.0,7.8,6.2,5.3,77.0,12.7,88.0,86.0,0.0,0.0,1.6,1.5,0.0,14.2,55.7,55.7,8.7,14.0,127.0,995.3,995.3,2.7,4.9
2024-04-26 13:14:08+02:00,9.0,7.4,5.8,5.3,78.0,12.7,88.0,86.3,0.0,0.0,1.6,1.5,0.0,14.2,55.7,55.7,11.2,18.7,123.0,995.3,995.3,2.7,5.0
2024-04-26 13:20:32+02:00,9.1,8.6,7.1,5.2,77.0,12.7,88.0,103.4,0.0,0.0,1.6,1.5,0.0,14.2,55.7,55.7,4.5,18.4,113.0,995.3,995.3,2.7,5.0
2024-04-26 13:24:48+02:00,9.2,8.9,7.1,5.4,77.0,12.7,88.0,92.2,0.0,0.0,1.6,1.5,0.0,14.2,55.7,55.7,5.4,13.0,120.0,995.4,995.4,2.7,5.0
2024-04-26 13:29:04+02:00,9.2,8.2,6.7,5.3,77.0,12.8,88.0,93.8,0.0,0.0,1.6,1.5,0.0,14.2,55.7,55.7,7.7,14.8,138.0,995.5,995.5,2.7,5.0
2024-04-26 13:35:28+02:00,9.2,8.7,7.0,5.5,78.0,12.8,88.0,89.0,0.0,0.0,1.6,1.5,0.0,14.2,55.7,55.7,6.0,14.8,126.0,995.4,995.4,2.7,5.0
2024-04-26 13:39:44+02:00,9.3,9.1,7.5,5.4,76.0,12.8,88.0,90.5,0.0,0.0,1.6,1.5,0.0,14.2,55.7,55.7,4.3,9.0,96.0,995.5,995.5,2.7,5.0
2024-04-26 13:44:00+02:00,9.3,8.4,6.8,5.3,76.0,12.8,88.0,95.3,0.0,0.0,1.6,1.5,0.0,14.2,55.7,55.7,7.6,18.4,126.0,995.6,995.6,2.7,5.1
2024-04-26 13:50:24+02:00,9.4,8.7,7.1,5.3,75.0,12.8,88.0,95.4,0.0,0.0,1.6,1.5,0.0,14.2,55.7,55.7,6.7,10.1,130.0,995.6,995.6,2.7,5.1
2024-04-26 13:54:40+02:00,9.5,8.6,7.0,5.2,75.0,12.9,88.0,122.9,1.0,0.0,1.6,1.5,0.0,14.2,55.7,55.7,7.1,13.0,124.0,995.6,995.6,2.7,5.1
2024-04-26 13:58:56+02:00,9.6,9.1,7.4,5.3,75.0,12.9,88.0,157.2,1.0,0.0,1.6,1.5,0.0,14.2,55.7,55.7,5.8,13.0,127.0,995.6,995.6,2.7,5.1
2024-04-26 14:05:20+02:00,9.8,8.9,7.2,5.4,74.0,12.9,88.0,153.7,1.0,0.0,1.6,1.5,0.0,14.2,55.7,55.7,7.9,15.1,127.0,995.6,995.6,2.7,5.1
2024-04-26 14:09:36+02:00,9.9,9.0,7.3,5.3,73.0,12.9,89.0,188.6,1.0,0.0,1.6,1.5,0.0,14.2,55.7,55.7,7.8,18.7,127.0,995.7,995.7,2.7,5.1
2024-04-26 14:16:00+02:00,9.9,8.5,6.9,5.3,73.0,13.0,89.0,221.9,2.0,0.0,1.6,1.5,0.0,14.2,55.7,55.7,10.3,17.3,118.0,995.8,995.8,2.7,5.2
2024-04-26 14:20:16+02:00,10.3,10.0,7.5,5.3,71.0,13.1,89.0,254.9,2.0,0.0,1.6,1.5,0.0,14.2,55.7,55.7,8.9,16.9,118.0,995.7,995.7,2.7,5.2
2024-04-26 14:24:32+02:00,10.6,10.6,8.4,5.3,70.0,13.2,89.0,244.0,2.0,0.0,1.6,1.5,0.0,14.2,55.7,55.7,5.5,15.1,135.0,995.7,995.7,2.7,5.2
2024-04-26 14:30:56+02:00,10.9,10.9,8.2,5.4,69.0,13.2,89.0,302.0,2.0,0.0,1.6,1.5,0.0,14.2,55.7,55.7,8.1,20.9,141.0,995.8,995.8,2.7,5.2
2024-04-26 14:35:12+02:00,11.1,11.1,8.9,5.7,69.0,13.3,89.0,246.7,2.0,0.0,1.6,1.5,0.0,14.2,55.7,55.7,6.0,15.5,144.0,995.9,995.9,2.7,5.2
2024-04-26 14:39:28+02:00,11.0,11.0,8.5,5.5,69.0,13.4,89.0,246.0,2.0,0.0,1.6,1.5,0.0,14.2,55.7,55.7,7.6,16.9,110.0,995.8,995.8,2.7,5.2
2024-04-26 14:45:52+02:00,11.1,11.1,8.9,5.7,69.0,13.5,89.0,171.1,1.0,0.0,1.6,1.5,0.0,14.2,55.7,55.7,6.3,15.5,119.0,995.8,995.8,2.7,5.2
2024-04-26 14:50:08+02:00,11.0,11.0,8.9,5.5,69.0,13.5,90.0,193.4,1.0,0.0,1.6,1.5,0.0,14.2,55.7,55.7,5.4,15.5,162.0,995.9,995.9,2.7,5.2
2024-04-26 14:54:24+02:00,11.0,11.0,8.3,5.3,68.0,13.6,90.0,187.3,1.0,0.0,1.6,1.5,0.0,14.2,55.7,55.7,8.5,16.2,137.0,995.9,995.9,2.7,5.2
2024-04-26 15:00:48+02:00,11.2,11.2,8.8,5.3,67.0,13.7,90.0,295.3,2.0,0.0,1.6,1.5,0.0,14.2,55.7,55.7,7.2,12.6,181.0,995.9,995.9,2.7,5.2
2024-04-26 15:05:04+02:00,11.5,11.5,9.5,5.6,67.0,13.8,90.0,249.0,2.0,0.0,1.6,1.5,0.0,14.2,55.7,55.7,4.8,13.7,183.0,995.8,995.8,2.7,5.2
2024-04-26 15:09:20+02:00,11.0,11.0,8.3,6.0,71.0,13.9,90.0,200.1,1.0,0.0,1.6,1.5,0.0,14.2,55.7,55.7,9.0,19.8,287.0,995.8,995.8,2.7,5.2
2024-04-26 15:15:44+02:00,10.7,10.7,8.7,6.1,73.0,14.0,90.0,142.2,1.0,0.0,1.6,1.5,0.0,14.2,55.7,55.7,5.4,19.8,283.0,995.8,995.8,2.7,5.2
2024-04-26 15:20:00+02:00,10.6,10.6,8.6,6.1,74.0,14.0,90.0,190.9,1.0,0.0,1.6,1.5,0.0,14.2,55.7,55.7,5.4,11.9,274.0,995.9,995.9,2.7,5.2
2024-04-26 15:24:16+02:00,10.8,10.8,8.7,6.1,73.0,14.1,90.0,319.7,2.0,0.0,1.6,1.5,0.0,14.2,55.7,55.7,6.2,15.8,285.0,995.9,995.9,2.7,5.2
2024-04-26 15:30:40+02:00,11.4,11.4,9.4,6.3,71.0,14.2,90.0,595.5,5.0,0.0,1.6,1.5,0.0,14.2,55.7,55.7,5.8,16.2,250.0,995.8,995.8,2.7,5.2
2024-04-26 15:34:56+02:00,11.2,11.2,9.2,6.1,71.0,14.3,90.0,331.8,3.0,0.0,1.6,1.5,0.0,14.2,55.7,55.7,5.5,14.0,248.0,995.9,995.9,2.7,5.2
2024-04-26 15:39:12+02:00,11.5,11.5,9.9,6.2,70.0,14.4,90.0,198.9,1.0,0.0,1.6,1.5,0.0,14.2,55.7,55.7,3.5,11.9,242.0,995.8,995.8,2.7,5.2
2024-04-26 15:45:36+02:00,11.5,11.5,9.2,6.2,70.0,14.4,90.0,193.4,1.0,0.0,1.6,1.5,0.0,14.2,55.7,55.7,7.5,16.2,272.0,995.9,995.9,2.7,5.2
2024-04-26 15:49:52+02:00,11.3,11.3,9.6,6.1,70.0,14.5,90.0,115.1,1.0,0.0,1.6,1.5,0.0,14.2,55.7,55.7,4.0,12.2,236.0,995.9,995.9,2.7,5.2
2024-04-26 15:54:08+02:00,11.5,11.5,9.9,6.0,69.0,14.6,90.0,209.6,1.0,0.0,1.6,1.5,0.0,14.2,55.7,55.7,3.2,7.2,313.0,995.9,995.9,2.7,5.2
2024-04-26 16:00:32+02:00,12.0,12.0,10.2,6.3,68.0,14.6,90.0,244.4,2.0,0.0,1.6,1.5,0.0,14.2,55.7,55.7,4.4,9.4,200.0,995.9,995.9,2.7,5.2
2024-04-26 16:04:48+02:00,11.8,11.8,10.4,6.1,68.0,14.7,90.0,238.0,2.0,0.0,1.6,1.5,0.0,14.2,55.7,55.7,2.4,9.4,301.0,995.9,995.9,2.7,5.2
2024-04-26 16:09:04+02:00,12.1,12.1,10.4,6.1,67.0,14.8,90.0,205.7,1.0,0.0,1.6,1.5,0.0,14.2,55.7,55.7,4.2,7.9,246.0,995.9,995.9,2.7,5.2
2024-04-26 16:15:28+02:00,12.1,12.1,10.5,6.0,66.0,14.8,90.0,164.0,1.0,0.0,1.6,1.5,0.0,14.2,55.7,55.7,3.4,6.8,233.0,995.9,995.9,2.7,5.2
2024-04-26 16:19:44+02:00,11.9,11.9,10.2,6.0,67.0,14.9,90.0,148.0,1.0,0.0,1.6,1.5,0.0,14.2,55.7,55.7,4.2,8.6,125.0,995.9,995.9,2.7,5.2
2024-04-26 16:24:00+02:00,11.8,11.8,10.1,5.9,67.0,14.9,90.0,135.6,1.0,0.0,1.6,1.5,0.0,14.2,55.7,55.7,4.0,8.6,142.0,995.8,995.8,2.7,5.2
2024-04-26 16:30:24+02:00,11.7,11.7,10.2,5.8,67.0,15.0,90.0,120.1,1.0,0.0,1.6,1.5,0.0,14.2,55.7,55.7,3.0,8.3,259.0,995.9,995.9,2.7,5.2
2024-04-26 16:34:40+02:00,12.0,12.0,10.7,5.8,66.0,15.1,90.0,114.2,1.0,0.0,1.6,1.5,0.0,14.2,55.7,55.7,1.9,5.0,173.0,995.9,995.9,2.7,5.2
2024-04-26 16:41:04+02:00,12.2,12.2,10.6,5.9,66.0,15.2,90.0,122.7,1.0,0.0,1.6,1.5,0.0,14.2,55.7,55.7,3.0,7.9,136.0,995.9,995.9,2.7,5.2
2024-04-26 16:45:20+02:00,12.0,12.0,10.4,5.7,66.0,15.2,90.0,115.7,1.0,0.0,1.6,1.5,0.0,14.2,55.7,55.7,3.1,7.9,172.0,995.9,995.9,2.7,5.2
2024-04-26 16:49:36+02:00,12.1,12.1,10.7,5.8,65.0,15.2,90.0,125.3,1.0,0.0,1.6,1.5,0.0,14.2,55.7,55.7,2.2,4.7,313.0,995.9,995.9,2.7,5.2
2024-04-26 16:56:00+02:00,12.3,12.3,11.1,5.9,65.0,15.3,90.0,126.6,1.0,0.0,1.6,1.5,0.0,14.2,55.7,55.7,1.4,6.5,247.0,995.9,995.9,2.7,5.2
2024-04-26 17:00:16+02:00,12.2,12.2,10.5,5.6,64.0,15.3,90.0,104.7,0.0,0.0,1.6,1.5,0.0,14.2,55.7,55.7,3.0,6.5,202.0,996.0,996.0,2.7,5.2
2024-04-26 17:04:32+02:00,12.1,12.1,10.8,5.6,65.0,15.3,90.0,110.1,1.0,0.0,1.6,1.5,0.0,14.2,55.7,55.7,1.2,8.3,213.0,995.9,995.9,2.7,5.2
2024-04-26 17:10:56+02:00,12.2,12.2,10.2,5.8,65.0,15.4,90.0,117.1,1.0,0.0,1.6,1.5,0.0,14.2,55.7,55.7,4.8,8.3,124.0,995.9,995.9,2.7,5.2
2024-04-26 17:15:12+02:00,11.7,11.7,10.0,6.2,69.0,15.4,90.0,105.0,0.0,0.0,1.6,1.5,0.0,14.2,55.7,55.7,4.5,9.7,169.0,995.9,995.9,2.7,5.2
2024-04-26 17:19:28+02:00,11.5,11.5,10.1,6.1,69.0,15.4,90.0,83.7,0.0,0.0,1.6,1.5,0.0,14.2,55.7,55.7,2.6,6.5,144.0,996.0,996.0,2.7,5.2
2024-04-26 17:25:52+02:00,11.4,11.4,9.7,6.5,72.0,15.5,90.0,129.3,1.0,0.0,1.6,1.5,0.0,14.2,55.7,55.7,4.5,6.8,245.0,996.1,996.1,2.7,5.2
2024-04-26 17:30:08+02:00,11.5,11.5,10.3,6.9,73.0,15.5,90.0,148.2,1.0,0.0,1.6,1.5,0.0,14.2,55.7,55.7,2.1,5.0,88.0,996.1,996.1,2.7,5.2
2024-04-26 17:34:24+02:00,11.5,11.5,9.8,6.7,72.0,15.5,89.0,142.4,1.0,0.0,1.6,1.5,0.0,14.2,55.7,55.7,4.7,9.0,115.0,996.1,996.1,2.7,5.2
2024-04-26 17:40:48+02:00,11.5,11.5,10.3,6.4,71.0,15.5,89.0,146.2,1.0,0.0,1.6,1.5,0.0,14.2,55.7,55.7,1.7,8.6,144.0,996.0,996.0,2.7,5.2
2024-04-26 17:45:04+02:00,11.7,11.7,10.2,6.7,71.0,15.6,89.0,148.1,1.0,0.0,1.6,1.5,0.0,14.2,55.7,55.7,3.6,6.1,126.0,996.1,996.1,2.7,5.2
2024-04-26 17:49:20+02:00,11.9,11.9,10.4,6.5,70.0,15.6,89.0,141.9,1.0,0.0,1.6,1.5,0.0,14.2,55.7,55.7,3.4,7.6,140.0,996.1,996.1,2.7,5.2
2024-04-26 17:55:44+02:00,11.7,11.7,10.1,6.2,69.0,15.6,89.0,162.1,1.0,0.0,1.6,1.5,0.0,14.2,55.7,55.7,4.0,10.1,126.0,996.0,996.0,2.7,5.2
2024-04-26 18:00:00+02:00,12.1,12.1,10.9,6.4,68.0,15.7,89.0,164.0,1.0,0.0,1.6,1.5,0.0,14.2,55.7,55.7,2.1,4.7,160.0,996.0,996.0,2.7,5.2
2024-04-26 18:04:16+02:00,12.3,12.3,10.7,6.1,66.0,15.7,89.0,152.9,1.0,0.0,1.6,1.5,0.0,14.2,55.7,55.7,3.6,8.6,145.0,996.0,996.0,2.7,5.2
2024-04-26 18:10:40+02:00,12.4,12.4,10.9,5.9,65.0,15.7,89.0,142.3,1.0,0.0,1.6,1.5,0.0,14.2,55.7,55.7,3.1,7.6,199.0,996.1,996.1,2.7,5.2
2024-04-26 18:14:56+02:00,12.5,12.5,11.1,5.9,64.0,15.7,89.0,133.9,1.0,0.0,1.6,1.5,0.0,14.2,55.7,55.7,2.2,6.5,135.0,996.1,996.1,2.7,5.2
2024-04-26 18:19:12+02:00,12.4,12.4,11.2,6.1,65.0,15.7,89.0,122.6,1.0,0.0,1.6,1.5,0.0,14.2,55.7,55.7,1.9,5.4,139.0,996.1,996.1,2.7,5.2
2024-04-26 18:25:36+02:00,12.5,12.5,11.2,6.3,66.0,15.8,89.0,109.2,1.0,0.0,1.6,1.5,0.0,14.2,55.7,55.7,2.7,5.0,121.0,996.1,996.1,2.7,5.2
2024-04-26 18:29:52+02:00,12.3,12.3,10.8,5.8,65.0,15.8,89.0,90.9,0.0,0.0,1.6,1.5,0.0,14.2,55.7,55.7,2.5,6.8,144.0,996.1,996.1,2.7,5.2
2024-04-26 18:34:08+02:00,12.2,12.2,10.8,5.9,65.0,15.8,89.0,76.6,0.0,0.0,1.6,1.5,0.0,14.2,55.7,55.7,2.7,5.0,122.0,996.0,996.0,2.7,5.2
2024-04-26 18:40:32+02:00,12.0,12.0,10.3,6.0,67.0,15.8,89.0,72.1,0.0,0.0,1.6,1.5,0.0,14.2,55.7,55.7,3.8,7.9,130.0,996.0,996.0,2.7,5.2
2024-04-26 18:44:48+02:00,11.8,11.8,10.4,5.9,67.0,15.8,89.0,71.7,0.0,0.0,1.6,1.5,0.0,14.2,55.7,55.7,2.9,7.9,133.0,996.0,996.0,2.7,5.2
2024-04-26 18:49:04+02:00,11.9,11.9,10.3,5.9,67.0,15.9,89.0,65.5,0.0,0.0,1.6,1.5,0.0,14.2,55.7,55.7,3.5,6.8,103.0,996.0,996.0,2.7,5.2
2024-04-26 18:55:28+02:00,11.8,11.8,10.4,5.9,67.0,15.9,89.0,57.7,0.0,0.0,1.6,1.5,0.0,14.2,55.7,55.7,2.4,6.8,161.0,996.1,996.1,2.7,5.2
2024-04-26 18:59:44+02:00,11.9,11.9,10.8,6.0,67.0,15.9,89.0,54.6,0.0,0.0,1.6,1.5,0.0,14.2,55.7,55.7,1.0,4.0,76.0,996.1,996.1,2.7,5.2
2024-04-26 19:04:00+02:00,11.9,11.9,10.5,5.9,67.0,15.9,89.0,54.3,0.0,0.0,1.6,1.5,0.0,14.2,55.7,55.7,2.5,5.0,155.0,996.1,996.1,2.7,5.2
2024-04-26 19:10:24+02:00,11.8,11.8,10.6,5.9,67.0,15.9,89.0,50.9,0.0,0.0,1.6,1.5,0.0,14.2,55.7,55.7,1.4,4.0,116.0,996.1,996.1,2.7,5.2
2024-04-26 19:14:40+02:00,11.9,11.9,10.9,6.1,68.0,15.9,89.0,47.4,0.0,0.0,1.6,1.5,0.0,14.2,55.7,55.7,0.4,3.6,180.0,996.1,996.1,2.7,5.2
2024-04-26 19:18:56+02:00,11.8,11.8,10.8,6.2,68.0,15.9,89.0,46.6,0.0,0.0,1.6,1.5,0.0,14.2,55.7,55.7,0.9,4.7,191.0,996.1,996.1,2.7,5.2
2024-04-26 19:25:20+02:00,11.9,11.9,10.7,6.2,68.0,15.9,89.0,44.8,0.0,0.0,1.6,1.5,0.0,14.2,55.7,55.7,1.6,2.9,111.0,996.1,996.1,2.7,5.2
2024-04-26 19:29:36+02:00,11.8,11.8,10.5,6.0,68.0,15.9,89.0,42.5,0.0,0.0,1.6,1.5,0.0,14.2,55.7,55.7,2.1,3.6,82.0,996.2,996.2,2.7,5.2
2024-04-26 19:36:00+02:00,11.7,11.7,10.5,6.4,70.0,15.9,89.0,39.1,0.0,0.0,1.6,1.5,0.0,14.2,55.7,55.7,1.7,4.7,126.0,996.2,996.2,2.7,5.2
2024-04-26 19:40:16+02:00,11.6,11.6,10.8,6.6,71.0,15.9,89.0,33.3,0.0,0.0,1.6,1.5,0.0,14.2,55.7,55.7,0.0,2.2,113.0,996.2,996.2,2.7,5.2
2024-04-26 19:44:32+02:00,11.5,11.5,10.6,6.5,72.0,15.9,89.0,26.9,0.0,0.0,1.6,1.5,0.0,14.2,55.7,55.7,0.4,2.9,40.0,996.3,996.3,2.7,5.2
2024-04-26 19:50:56+02:00,11.3,11.3,10.3,6.2,71.0,15.8,89.0,20.1,0.0,0.0,1.6,1.5,0.0,14.2,55.7,55.7,0.4,2.2,22.0,996.3,996.3,2.7,5.2
2024-04-26 19:55:12+02:00,11.3,11.3,10.5,6.4,72.0,15.8,89.0,13.7,0.0,0.0,1.6,1.5,0.0,14.2,55.7,55.7,0.0,1.8,95.0,996.3,996.3,2.7,5.2
2024-04-26 19:59:28+02:00,11.1,11.1,10.1,6.3,72.0,15.8,89.0,11.5,0.0,0.0,1.6,1.5,0.0,14.2,55.7,55.7,0.7,2.5,67.0,996.4,996.4,2.7,5.2
2024-04-26 20:05:52+02:00,11.1,11.1,10.0,6.8,75.0,15.8,89.0,11.0,0.0,0.0,1.6,1.5,0.0,14.2,55.7,55.7,1.4,2.5,118.0,996.4,996.4,2.7,5.2
2024-04-26 20:10:08+02:00,10.8,10.8,10.1,6.6,75.0,15.8,88.0,8.7,0.0,0.0,1.6,1.5,0.0,14.2,55.7,55.7,0.0,2.2,89.0,996.5,996.5,2.7,5.2
2024-04-26 20:14:24+02:00,10.6,10.6,9.8,6.5,76.0,15.7,88.0,6.5,0.0,0.0,1.6,1.5,0.0,14.2,55.7,55.7,0.0,2.2,61.0,996.4,996.4,2.7,5.2
2024-04-26 20:20:48+02:00,10.5,10.5,9.5,6.4,76.0,15.7,88.0,5.2,0.0,0.0,1.6,1.5,0.0,14.2,55.7,55.7,0.9,2.5,43.0,996.5,996.5,2.7,5.2
2024-04-26 20:25:04+02:00,10.5,10.5,9.4,6.8,78.0,15.7,88.0,4.6,0.0,0.0,1.6,1.5,0.0,14.2,55.7,55.7,1.9,3.2,79.0,996.6,996.6,2.7,5.2
2024-04-26 20:29:20+02:00,10.3,10.3,9.4,6.8,79.0,15.7,88.0,4.0,0.0,0.0,1.6,1.5,0.0,14.2,55.7,55.7,1.1,3.6,108.0,996.6,996.6,2.7,5.2
2024-04-26 20:35:44+02:00,10.2,10.2,9.5,6.8,80.0,15.6,88.0,3.2,0.0,0.0,1.6,1.5,0.0,14.2,55.7,55.7,0.0,2.2,76.0,996.6,996.6,2.7,5.2
2024-04-26 20:40:00+02:00,10.0,10.0,9.2,6.5,79.0,15.6,88.0,2.3,0.0,0.0,1.6,1.5,0.0,14.2,55.7,55.7,0.0,1.8,70.0,996.8,996.8,2.7,5.2
2024-04-26 20:44:16+02:00,9.9,9.9,9.0,6.7,80.0,15.5,88.0,1.3,0.0,0.0,1.6,1.5,0.0,14.2,55.7,55.7,0.9,2.5,107.0,996.6,996.6,2.7,5.2
2024-04-26 20:50:40+02:00,9.7,9.7,8.5,6.7,82.0,15.5,88.0,0.8,0.0,0.0,1.6,1.5,0.0,14.2,55.7,55.7,2.4,2.9,106.0,996.8,996.8,2.7,5.2
2024-04-26 20:54:56+02:00,9.6,9.6,8.3,6.8,83.0,15.5,88.0,0.4,0.0,0.0,1.6,1.5,0.0,14.2,55.7,55.7,2.6,3.6,105.0,996.8,996.8,2.7,5.2
2024-04-26 20:59:12+02:00,9.4,9.4,8.5,6.8,84.0,15.4,88.0,0.2,0.0,0.0,1.6,1.5,0.0,14.2,55.7,55.7,0.9,3.2,106.0,996.8,996.8,2.7,5.2
2024-04-26 21:05:36+02:00,9.3,9.3,8.2,6.9,85.0,15.4,88.0,0.1,0.0,0.0,1.6,1.5,0.0,14.2,55.7,55.7,2.5,3.6,107.0,996.9,996.9,2.7,5.2
2024-04-26 21:09:52+02:00,9.2,9.2,8.0,6.9,85.0,15.3,88.0,0.0,0.0,0.0,1.6,1.5,0.0,14.2,55.7,55.7,2.2,3.2,106.0,996.8,996.8,2.7,5.2
2024-04-26 21:14:08+02:00,9.2,9.2,8.0,6.8,85.0,15.3,88.0,0.0,0.0,0.0,1.6,1.5,0.0,14.2,55.7,55.7,2.2,2.9,94.0,996.9,996.9,2.7,5.1
2024-04-26 21:20:32+02:00,9.2,9.2,7.8,6.9,86.0,15.2,88.0,0.0,0.0,0.0,1.6,1.5,0.0,14.2,55.7,55.7,3.0,4.0,115.0,996.9,996.9,2.7,5.1
2024-04-26 21:24:48+02:00,9.0,9.0,8.1,6.8,86.0,15.2,88.0,0.0,0.0,0.0,1.6,1.5,0.0,14.2,55.7,55.7,1.1,3.2,94.0,996.9,996.9,2.7,5.1
2024-04-26 21:29:04+02:00,9.0,9.0,7.9,6.7,86.0,15.2,88.0,0.0,0.0,0.0,1.6,1.5,0.0,14.2,55.7,55.7,1.7,2.5,93.0,997.0,997.0,2.7,5.1
2024-04-26 21:35:28+02:00,8.9,8.9,7.7,6.8,87.0,15.1,87.0,0.0,0.0,0.0,1.6,1.5,0.0,14.2,55.7,55.7,2.4,3.6,103.0,997.0,997.0,2.7,5.1
2024-04-26 21:39:44+02:00,8.8,8.8,7.5,6.9,88.0,15.1,87.0,0.0,0.0,0.0,1.6,1.5,0.0,14.2,55.7,55.7,3.0,3.6,110.0,997.0,997.0,2.7,5.1
2024-04-26 21:44:00+02:00,8.8,8.8,7.6,6.9,88.0,15.0,87.0,0.0,0.0,0.0,1.6,1.5,0.0,14.2,55.7,55.7,2.4,3.6,102.0,997.0,997.0,2.7,5.1
2024-04-26 21:50:24+02:00,8.8,8.8,7.5,6.9,88.0,15.0,87.0,0.0,0.0,0.0,1.6,1.5,0.0,14.2,55.7,55.7,2.8,3.6,116.0,996.9,996.9,2.7,5.1
2024-04-26 21:54:40+02:00,8.7,8.7,7.3,6.8,88.0,15.0,87.0,0.0,0.0,0.0,1.6,1.5,0.0,14.2,55.7,55.7,3.4,4.0,107.0,997.1,997.1,2.7,5.1
2024-04-26 22:01:04+02:00,8.8,8.8,7.5,7.0,89.0,14.9,87.0,0.0,0.0,0.0,1.6,1.5,0.0,14.2,55.7,55.7,3.0,4.3,110.0,997.0,997.0,2.7,5.1
2024-04-26 22:05:20+02:00,8.7,8.7,7.7,7.0,89.0,14.8,87.0,0.0,0.0,0.0,1.6,1.5,0.0,14.2,55.7,55.7,1.2,3.2,109.0,997.0,997.0,2.7,5.1
2024-04-26 22:09:36+02:00,8.6,8.6,7.9,6.9,89.0,14.8,87.0,0.0,0.0,0.0,1.6,1.5,0.0,14.2,55.7,55.7,0.0,2.9,68.0,997.1,997.1,2.7,5.1
2024-04-26 22:16:00+02:00,8.6,8.6,7.9,6.9,89.0,14.8,87.0,0.0,0.0,0.0,1.6,1.5,0.0,14.2,55.7,55.7,0.0,2.2,76.0,997.0,997.0,2.7,5.1
2024-04-26 22:20:16+02:00,8.7,8.7,7.9,6.8,88.0,14.7,87.0,0.0,0.0,0.0,1.6,1.5,0.0,14.2,55.7,55.7,0.4,2.2,60.0,997.1,997.1,2.7,5.1
2024-04-26 22:24:32+02:00,8.7,8.7,7.7,6.8,88.0,14.7,87.0,0.0,0.0,0.0,1.6,1.5,0.0,14.2,55.7,55.7,1.1,2.9,104.0,997.1,997.1,2.7,5.1
2024-04-26 22:30:56+02:00,8.5,8.5,7.4,6.8,89.0,14.7,87.0,0.0,0.0,0.0,1.6,1.5,0.0,14.2,55.7,55.7,1.9,2.9,110.0,997.0,997.0,2.7,5.1
2024-04-26 22:35:12+02:00,8.6,8.6,7.8,6.9,90.0,14.6,87.0,0.0,0.0,0.0,1.6,1.5,0.0,14.2,55.7,55.7,0.0,2.5,88.0,997.0,997.0,2.7,5.1
2024-04-26 22:39:28+02:00,8.5,8.5,7.8,6.9,90.0,14.6,87.0,0.0,0.0,0.0,1.6,1.5,0.0,14.2,55.7,55.7,0.0,2.5,113.0,997.0,997.0,2.7,5.1
2024-04-26 22:45:52+02:00,8.6,8.6,7.8,6.8,89.0,14.5,87.0,0.0,0.0,0.0,1.6,1.5,0.0,14.2,55.7,55.7,0.0,1.8,73.0,997.0,997.0,2.7,5.1
2024-04-26 22:50:08+02:00,8.6,8.6,7.8,6.7,88.0,14.5,87.0,0.0,0.0,0.0,1.6,1.5,0.0,14.2,55.7,55.7,0.0,3.2,66.0,996.9,996.9,2.7,5.1
2024-04-26 22:54:24+02:00,8.7,8.7,7.8,6.7,88.0,14.4,87.0,0.0,0.0,0.0,1.6,1.5,0.0,14.2,55.7,55.7,0.4,2.5,98.0,997.0,997.0,2.7,5.1
2024-04-26 23:00:48+02:00,8.7,8.7,7.9,6.7,87.0,14.4,87.0,0.0,0.0,0.0,1.6,1.5,0.0,14.2,55.7,55.7,0.0,2.5,83.0,996.9,996.9,2.7,5.1
2024-04-26 23:05:04+02:00,8.8,8.8,8.0,6.7,87.0,14.3,87.0,0.0,0.0,0.0,1.6,1.5,0.0,14.2,55.7,55.7,0.0,2.2,53.0,997.0,997.0,2.7,5.0
2024-04-26 23:09:20+02:00,8.7,8.7,8.0,6.7,87.0,14.3,87.0,0.0,0.0,0.0,1.6,1.5,0.0,14.2,55.7,55.7,0.0,2.2,112.0,997.0,997.0,2.7,5.0
2024-04-26 23:15:44+02:00,8.8,8.8,8.0,6.6,86.0,14.3,87.0,0.0,0.0,0.0,1.6,1.5,0.0,14.2,55.7,55.7,0.0,2.2,84.0,996.9,996.9,2.7,5.0
2024-04-26 23:20:00+02:00,8.8,8.8,8.0,6.6,86.0,14.3,87.0,0.0,0.0,0.0,1.6,1.5,0.0,14.2,55.7,55.7,0.0,1.8,84.0,996.9,996.9,2.7,5.0
2024-04-26 23:24:16+02:00,8.9,8.9,8.0,6.5,85.0,14.3,87.0,0.0,0.0,0.0,1.6,1.5,0.0,14.2,55.7,55.7,0.5,2.2,72.0,997.0,997.0,2.7,5.0
2024-04-26 23:30:40+02:00,8.8,8.8,8.0,6.6,86.0,14.2,87.0,0.0,0.0,0.0,1.6,1.5,0.0,14.2,55.7,55.7,0.0,2.2,76.0,997.0,997.0,2.7,5.0
2024-04-26 23:34:56+02:00,8.8,8.8,8.0,6.6,86.0,14.2,87.0,0.0,0.0,0.0,1.6,1.5,0.0,14.2,55.7,55.7,0.0,2.5,58.0,997.1,997.1,2.7,5.0
2024-04-26 23:39:12+02:00,8.8,8.8,8.0,6.6,87.0,14.2,87.0,0.0,0.0,0.0,1.6,1.5,0.0,14.2,55.7,55.7,0.0,2.2,104.0,997.1,997.1,2.7,5.0
2024-04-26 23:45:36+02:00,8.7,8.7,7.9,6.6,87.0,14.1,87.0,0.0,0.0,0.0,1.6,1.5,0.0,14.2,55.7,55.7,0.0,2.2,113.0,997.0,997.0,2.7,5.0
2024-04-26 23:49:52+02:00,8.7,8.7,7.7,6.5,86.0,14.1,87.0,0.0,0.0,0.0,1.6,1.5,0.0,14.2,55.7,55.7,0.8,2.9,130.0,997.0,997.0,2.7,5.0
2024-04-26 23:54:08+02:00,8.7,8.7,7.5,6.5,86.0,14.0,87.0,0.0,0.0,0.0,1.6,1.5,0.0,14.2,55.7,55.7,2.0,3.6,113.0,997.0,997.0,2.7,5.0
2024-04-27 00:00:32+02:00,8.7,8.7,7.9,6.5,86.0,14.0,87.0,0.0,0.0,0.0,0.0,1.5,0.0,14.2,55.7,55.7,0.0,2.5,119.0,997.0,997.0,2.7,5.0
2024-04-27 00:04:48+02:00,8.8,8.8,8.0,6.5,86.0,14.0,87.0,0.0,0.0,0.0,0.0,1.5,0.0,14.2,55.7,55.7,0.0,2.2,27.0,996.9,996.9,2.7,5.0
2024-04-27 00:09:04+02:00,8.8,8.8,8.0,6.5,86.0,14.0,87.0,0.0,0.0,0.0,0.0,1.5,0.0,14.2,55.7,55.7,0.0,1.8,3.0,996.9,996.9,2.7,5.0
2024-04-27 00:15:28+02:00,8.8,8.8,7.7,6.4,85.0,13.9,87.0,0.0,0.0,0.0,0.0,1.5,0.0,14.2,55.7,55.7,1.2,2.2,100.0,997.0,997.0,2.7,5.0
2024-04-27 00:19:44+02:00,8.7,8.7,7.8,6.4,85.0,13.9,87.0,0.0,0.0,0.0,0.0,1.5,0.0,14.2,55.7,55.7,0.4,4.0,49.0,996.8,996.8,2.7,5.0
2024-04-27 00:24:00+02:00,8.8,8.7,7.4,6.4,85.0,13.9,87.0,0.0,0.0,0.0,0.0,1.5,0.0,14.2,55.7,55.7,3.1,5.0,88.0,996.9,996.9,2.7,5.0
2024-04-27 00:30:24+02:00,9.1,9.0,7.8,6.4,83.0,13.8,87.0,0.0,0.0,0.0,0.0,1.5,0.0,14.2,55.7,55.7,2.7,6.8,103.0,996.8,996.8,2.7,5.0
2024-04-27 00:34:40+02:00,9.2,9.2,7.7,6.5,83.0,13.8,87.0,0.0,0.0,0.0,0.0,1.5,0.0,14.2,55.7,55.7,3.6,7.9,105.0,996.9,996.9,2.7,5.0
2024-04-27 00:38:56+02:00,9.4,9.3,7.9,6.5,82.0,13.8,87.0,0.0,0.0,0.0,0.0,1.5,0.0,14.2,55.7,55.7,3.7,7.9,105.0,996.8,996.8,2.7,5.0
2024-04-27 00:45:20+02:00,9.3,9.1,7.7,6.5,82.0,13.8,87.0,0.0,0.0,0.0,0.0,1.5,0.0,14.2,55.7,55.7,4.1,8.3,81.0,996.7,996.7,2.7,5.0
2024-04-27 00:49:36+02:00,9.4,9.4,8.1,6.5,82.0,13.7,87.0,0.0,0.0,0.0,0.0,1.5,0.0,14.2,55.7,55.7,2.2,7.6,97.0,996.9,996.9,2.7,5.0
2024-04-27 00:56:00+02:00,9.3,9.2,7.7,6.5,82.0,13.7,87.0,0.0,0.0,0.0,0.0,1.5,0.0,14.2,55.7,55.7,3.9,6.8,83.0,996.7,996.7,2.7,4.9
2024-04-27 01:00:16+02:00,9.3,9.0,7.5,6.5,83.0,13.7,87.0,0.0,0.0,0.0,0.0,1.5,0.0,14.2,55.7,55.7,5.0,7.2,103.0,996.7,996.7,2.7,4.9
2024-04-27 01:04:32+02:00,9.2,9.1,7.7,6.5,83.0,13.6,87.0,0.0,0.0,0.0,0.0,1.5,0.0,14.2,55.7,55.7,3.2,7.2,114.0,996.6,996.6,2.7,4.9
2024-04-27 01:10:56+02:00,9.0,9.0,7.5,6.4,84.0,13.6,87.0,0.0,0.0,0.0,0.0,1.5,0.0,14.2,55.7,55.7,3.3,7.2,76.0,996.7,996.7,2.7,4.9
2024-04-27 01:15:12+02:00,9.0,9.0,7.7,6.4,83.0,13.6,87.0,0.0,0.0,0.0,0.0,1.5,0.0,14.2,55.7,55.7,2.7,10.1,87.0,996.7,996.7,2.7,4.9
2024-04-27 01:19:28+02:00,9.0,9.0,7.5,6.4,84.0,13.5,87.0,0.0,0.0,0.0,0.0,1.5,0.0,14.2,55.7,55.7,3.3,6.1,108.0,996.7,996.7,2.7,4.9
2024-04-27 01:25:52+02:00,9.0,8.7,7.3,6.4,84.0,13.5,87.0,0.0,0.0,0.0,0.0,1.5,0.0,14.2,55.7,55.7,4.5,9.4,79.0,996.7,996.7,2.7,4.9
2024-04-27 01:30:08+02:00,8.9,8.9,7.3,6.4,84.0,13.5,87.0,0.0,0.0,0.0,0.0,1.5,0.0,14.2,55.7,55.7,4.0,7.2,106.0,996.6,996.6,2.7,4.9
2024-04-27 01:34:24+02:00,8.8,8.6,7.1,6.3,84.0,13.4,87.0,0.0,0.0,0.0,0.0,1.5,0.0,14.2,55.7,55.7,4.7,7.9,97.0,996.7,996.7,2.7,4.9
2024-04-27 01:40:48+02:00,8.7,8.7,7.3,6.3,85.0,13.4,87.0,0.0,0.0,0.0,0.0,1.5,0.0,14.2,55.7,55.7,2.9,6.1,96.0,996.7,996.7,2.7,4.9
2024-04-27 01:45:04+02:00,8.4,8.4,7.3,6.1,86.0,13.3,87.0,0.0,0.0,0.0,0.0,1.5,0.0,14.2,55.7,55.7,1.2,4.0,120.0,996.7,996.7,2.7,4.9
2024-04-27 01:49:20+02:00,8.1,8.1,6.8,6.0,87.0,13.3,87.0,0.0,0.0,0.0,0.0,1.5,0.0,14.2,55.7,55.7,2.0,3.2,107.0,996.7,996.7,2.7,4.9
2024-04-27 01:55:44+02:00,7.8,7.8,6.8,5.9,88.0,13.2,87.0,0.0,0.0,0.0,0.0,1.5,0.0,14.2,55.7,55.7,0.4,2.5,74.0,996.8,996.8,2.7,4.9
2024-04-27 02:00:00+02:00,7.5,7.5,6.4,5.9,89.0,13.2,87.0,0.0,0.0,0.0,0.0,1.5,0.0,14.2,55.7,55.7,0.8,2.5,122.0,996.8,996.8,2.7,4.9
2024-04-27 02:04:16+02:00,7.4,7.4,6.4,5.9,90.0,13.2,87.0,0.0,0.0,0.0,0.0,1.5,0.0,14.2,55.7,55.7,0.6,4.3,35.0,996.7,996.7,2.7,4.9
2024-04-27 02:10:40+02:00,7.2,7.2,5.9,5.7,90.0,13.1,87.0,0.0,0.0,0.0,0.0,1.5,0.0,14.2,55.7,55.7,1.9,4.3,82.0,996.8,996.8,2.7,4.9
2024-04-27 02:14:56+02:00,7.0,7.0,5.4,5.5,91.0,13.1,87.0,0.0,0.0,0.0,0.0,1.5,0.0,14.2,55.7,55.7,2.9,4.3,103.0,996.7,996.7,2.7,4.9
2024-04-27 02:19:12+02:00,6.8,6.8,5.2,5.5,92.0,13.0,87.0,0.0,0.0,0.0,0.0,1.5,0.0,14.2,55.7,55.7,2.9,4.7,107.0,996.7,996.7,2.7,4.9
2024-04-27 02:25:36+02:00,6.7,6.7,5.0,5.5,92.0,12.9,87.0,0.0,0.0,0.0,0.0,1.5,0.0,14.2,55.7,55.7,3.2,4.7,102.0,996.6,996.6,2.7,4.9
2024-04-27 02:29:52+02:00,6.5,6.5,4.8,5.4,93.0,12.9,87.0,0.0,0.0,0.0,0.0,1.5,0.0,14.2,55.7,55.7,3.3,4.3,108.0,996.7,996.7,2.7,4.9
2024-04-27 02:34:08+02:00,6.3,6.3,4.7,5.3,93.0,12.8,87.0,0.0,0.0,0.0,0.0,1.5,0.0,14.2,55.7,55.7,3.0,4.7,108.0,996.6,996.6,2.7,4.9
2024-04-27 02:40:32+02:00,6.3,6.3,4.6,5.4,94.0,12.7,87.0,0.0,0.0,0.0,0.0,1.5,0.0,14.2,55.7,55.7,3.4,4.3,107.0,996.6,996.6,2.7,4.9
2024-04-27 02:44:48+02:00,6.2,6.2,4.5,5.3,94.0,12.7,87.0,0.0,0.0,0.0,0.0,1.5,0.0,14.2,55.7,55.7,3.4,4.3,113.0,996.6,996.6,2.7,4.8
2024-04-27 02:49:04+02:00,6.1,6.1,4.4,5.3,94.0,12.6,87.0,0.0,0.0,0.0,0.0,1.5,0.0,14.2,55.7,55.7,3.2,4.3,103.0,996.5,996.5,2.7,4.8
2024-04-27 02:55:28+02:00,6.1,6.1,4.4,5.3,94.0,12.5,87.0,0.0,0.0,0.0,0.0,1.5,0.0,14.2,55.7,55.7,3.0,4.3,110.0,996.7,996.7,2.7,4.8
2024-04-27 02:59:44+02:00,6.2,6.2,4.5,5.4,95.0,12.5,87.0,0.0,0.0,0.0,0.0,1.5,0.0,14.2,55.7,55.7,2.7,4.0,108.0,996.7,996.7,2.7,4.8
2024-04-27 03:04:00+02:00,6.1,6.1,4.4,5.3,95.0,12.4,87.0,0.0,0.0,0.0,0.0,1.5,0.0,14.2,55.7,55.7,3.1,5.4,108.0,996.7,996.7,2.7,4.8
2024-04-27 03:10:24+02:00,6.0,6.0,4.3,5.2,95.0,12.3,86.0,0.0,0.0,0.0,0.0,1.5,0.0,14.2,55.7,55.7,3.2,5.0,109.0,996.6,996.6,2.7,4.8
2024-04-27 03:14:40+02:00,6.1,6.1,4.5,5.3,95.0,12.3,86.0,0.0,0.0,0.0,0.0,1.5,0.0,14.2,55.7,55.7,2.8,4.3,114.0,996.7,996.7,2.7,4.8
2024-04-27 03:21:04+02:00,6.3,6.3,4.7,5.4,94.0,12.2,86.0,0.0,0.0,0.0,0.0,1.5,0.0,14.2,55.7,55.7,3.0,4.7,115.0,996.8,996.8,2.7,4.8
2024-04-27 03:25:20+02:00,6.2,6.2,4.5,5.3,93.0,12.2,86.0,0.0,0.0,0.0,0.0,1.5,0.0,14.2,55.7,55.7,3.7,4.7,106.0,996.7,996.7,2.7,4.8
2024-04-27 03:29:36+02:00,6.4,6.4,4.7,5.3,93.0,12.1,86.0,0.0,0.0,0.0,0.0,1.5,0.0,14.2,55.7,55.7,3.1,5.4,86.0,996.8,996.8,2.7,4.8
2024-04-27 03:36:00+02:00,6.4,6.4,4.8,5.2,92.0,12.1,86.0,0.0,0.0,0.0,0.0,1.5,0.0,14.2,55.7,55.7,2.7,4.0,105.0,996.7,996.7,2.7,4.8
2024-04-27 03:40:16+02:00,6.5,6.5,4.8,5.2,91.0,12.0,86.0,0.0,0.0,0.0,0.0,1.5,0.0,14.2,55.7,55.7,3.2,4.7,99.0,996.7,996.7,2.7,4.8
2024-04-27 03:44:32+02:00,6.6,6.6,4.9,5.2,90.0,12.0,86.0,0.0,0.0,0.0,0.0,1.5,0.0,14.2,55.7,55.7,3.3,4.3,89.0,996.7,996.7,2.7,4.8
2024-04-27 03:50:56+02:00,6.7,6.7,5.0,5.2,90.0,11.9,86.0,0.0,0.0,0.0,0.0,1.5,0.0,14.2,55.7,55.7,2.6,4.7,100.0,996.7,996.7,2.7,4.8
2024-04-27 03:55:12+02:00,6.4,6.4,4.7,4.9,90.0,11.9,86.0,0.0,0.0,0.0,0.0,1.5,0.0,14.2,55.7,55.7,2.7,4.3,108.0,996.7,996.7,2.7,4.8
2024-04-27 03:59:28+02:00,6.4,6.4,4.7,4.9,90.0,11.8,86.0,0.0,0.0,0.0,0.0,1.5,0.0,14.2,55.7,55.7,3.1,4.3,106.0,996.7,996.7,2.7,4.8
2024-04-27 04:05:52+02:00,6.3,6.3,4.5,4.9,90.0,11.8,86.0,0.0,0.0,0.0,0.0,1.5,0.0,14.2,55.7,55.7,3.5,5.0,111.0,996.7,996.7,2.7,4.8
2024-04-27 04:10:08+02:00,6.3,6.0,4.3,4.9,90.0,11.7,86.0,0.0,0.0,0.0,0.0,1.5,0.0,14.2,55.7,55.7,4.5,6.1,110.0,996.7,996.7,2.7,4.8
2024-04-27 04:14:24+02:00,6.5,6.5,4.7,4.9,89.0,11.7,86.0,0.0,0.0,0.0,0.0,1.5,0.0,14.2,55.7,55.7,3.5,5.4,100.0,996.6,996.6,2.7,4.8
2024-04-27 04:20:48+02:00,6.8,6.6,4.8,4.9,88.0,11.7,86.0,0.0,0.0,0.0,0.0,1.5,0.0,14.2,55.7,55.7,4.3,8.3,95.0,996.7,996.7,2.7,4.8
2024-04-27 04:25:04+02:00,7.1,7.0,5.2,5.0,86.0,11.6,86.0,0.0,0.0,0.0,0.0,1.5,0.0,14.2,55.7,55.7,3.9,6.8,90.0,996.6,996.6,2.7,4.8
2024-04-27 04:29:20+02:00,7.2,7.2,5.4,5.1,86.0,11.6,86.0,0.0,0.0,0.0,0.0,1.5,0.0,14.2,55.7,55.7,3.5,6.1,87.0,996.5,996.5,2.7,4.8
2024-04-27 04:35:44+02:00,7.3,6.9,5.3,5.0,85.0,11.5,86.0,0.0,0.0,0.0,0.0,1.5,0.0,14.2,55.7,55.7,4.7,8.3,98.0,996.6,996.6,2.7,4.7
2024-04-27 04:40:00+02:00,7.3,6.6,5.1,4.9,85.0,11.5,86.0,0.0,0.0,0.0,0.0,1.5,0.0,14.2,55.7,55.7,5.4,7.2,100.0,996.7,996.7,2.7,4.7
2024-04-27 04:44:16+02:00,7.3,6.9,5.3,5.0,85.0,11.5,86.0,0.0,0.0,0.0,0.0,1.5,0.0,14.2,55.7,55.7,4.8,6.5,100.0,996.7,996.7,2.7,4.7
2024-04-27 04:50:40+02:00,7.3,7.0,5.2,4.9,85.0,11.4,86.0,0.0,0.0,0.0,0.0,1.5,0.0,14.2,55.7,55.7,4.9,7.6,103.0,996.7,996.7,2.7,4.7
2024-04-27 04:54:56+02:00,7.3,6.9,5.2,4.9,85.0,11.4,86.0,0.0,0.0,0.0,0.0,1.5,0.0,14.2,55.7,55.7,4.8,6.8,92.0,996.7,996.7,2.7,4.7
2024-04-27 04:59:12+02:00,7.2,7.2,5.3,5.0,86.0,11.3,86.0,0.0,0.0,0.0,0.0,1.5,0.0,14.2,55.7,55.7,4.0,6.8,95.0,996.7,996.7,2.7,4.7
2024-04-27 05:05:36+02:00,7.2,6.9,5.2,5.0,86.0,11.3,86.0,0.0,0.0,0.0,0.0,1.5,0.0,14.2,55.7,55.7,4.4,6.1,93.0,996.6,996.6,2.7,4.7
2024-04-27 05:09:52+02:00,7.1,6.5,5.0,4.9,86.0,11.3,86.0,0.0,0.0,0.0,0.0,1.5,0.0,14.2,55.7,55.7,5.1,8.6,98.0,996.7,996.7,2.7,4.7
2024-04-27 05:14:08+02:00,7.1,7.0,5.1,5.0,86.0,11.3,86.0,0.0,0.0,0.0,0.0,1.5,0.0,14.2,55.7,55.7,4.4,8.6,99.0,996.6,996.6,2.7,4.7
2024-04-27 05:20:32+02:00,7.2,7.2,5.2,5.0,86.0,11.2,86.0,0.0,0.0,0.0,0.0,1.5,0.0,14.2,55.7,55.7,4.4,7.9,90.0,996.7,996.7,2.7,4.7
2024-04-27 05:24:48+02:00,7.1,6.8,5.1,4.9,86.0,11.2,86.0,0.0,0.0,0.0,0.0,1.5,0.0,14.2,55.7,55.7,4.5,7.2,99.0,996.7,996.7,2.7,4.7
2024-04-27 05:29:04+02:00,7.1,6.9,5.0,4.9,86.0,11.2,86.0,0.0,0.0,0.0,0.0,1.5,0.0,14.2,55.7,55.7,4.8,8.3,95.0,996.7,996.7,2.7,4.7
2024-04-27 05:35:28+02:00,7.1,6.3,4.8,4.9,86.0,11.1,86.0,0.0,0.0,0.0,0.0,1.5,0.0,14.2,55.7,55.7,5.9,8.3,106.0,996.6,996.6,2.7,4.7
2024-04-27 05:39:44+02:00,7.2,6.5,4.9,5.1,86.0,11.1,86.0,0.0,0.0,0.0,0.0,1.5,0.0,14.2,55.7,55.7,6.0,11.2,101.0,996.7,996.7,2.7,4.7
2024-04-27 05:44:00+02:00,7.3,6.6,5.1,5.1,86.0,11.1,86.0,0.2,0.0,0.0,0.0,1.5,0.0,14.2,55.7,55.7,5.8,9.0,97.0,996.6,996.6,2.7,4.7
2024-04-27 05:50:24+02:00,7.2,7.2,5.2,5.1,87.0,11.1,86.0,0.3,0.0,0.0,0.0,1.5,0.0,14.2,55.7,55.7,4.4,9.0,91.0,996.6,996.6,2.7,4.7
2024-04-27 05:54:40+02:00,7.1,7.1,5.2,5.1,87.0,11.0,86.0,0.6,0.0,0.0,0.0,1.5,0.0,14.2,55.7,55.7,3.8,6.8,99.0,996.5,996.5,2.7,4.7
2024-04-27 05:58:56+02:00,7.0,6.7,5.0,5.0,87.0,11.0,86.0,1.3,0.0,0.0,0.0,1.5,0.0,14.2,55.7,55.7,4.5,6.5,101.0,996.6,996.6,2.7,4.7
2024-04-27 06:05:20+02:00,6.9,6.6,4.9,5.0,87.0,11.0,86.0,2.2,0.0,0.0,0.0,1.5,0.0,14.2,55.7,55.7,4.6,6.1,96.0,996.6,996.6,2.7,4.7
2024-04-27 06:09:36+02:00,6.8,6.6,4.9,5.0,88.0,10.9,86.0,3.3,0.0,0.0,0.0,1.5,0.0,14.2,55.7,55.7,4.4,5.8,94.0,996.7,996.7,2.7,4.7
2024-04-27 06:16:00+02:00,6.9,6.1,4.7,5.1,88.0,10.9,86.0,5.0,0.0,0.0,0.0,1.5,0.0,14.2,55.7,55.7,5.6,7.9,102.0,996.6,996.6,2.7,4.6
2024-04-27 06:20:16+02:00,6.9,6.5,4.9,5.1,88.0,10.9,86.0,7.2,0.0,0.0,0.0,1.5,0.0,14.2,55.7,55.7,4.8,7.9,94.0,996.7,996.7,2.7,4.6
2024-04-27 06:24:32+02:00,6.9,6.3,4.8,5.1,88.0,10.9,86.0,9.7,0.0,0.0,0.0,1.5,0.0,14.2,55.7,55.7,5.3,10.1,107.0,996.6,996.6,2.7,4.6
2024-04-27 06:30:56+02:00,7.2,6.2,4.8,5.3,88.0,10.8,87.0,12.8,0.0,0.0,0.0,1.5,0.0,14.2,55.7,55.7,6.6,10.1,114.0,996.6,996.6,2.7,4.6
2024-04-27 06:35:12+02:00,7.5,5.9,4.7,5.4,86.0,10.8,87.0,15.4,0.0,0.0,0.0,1.5,0.0,14.2,55.7,55.7,9.0,15.8,118.0,996.7,996.7,2.7,4.6
2024-04-27 06:39:28+02:00,7.7,7.1,5.6,5.5,86.0,10.8,87.0,18.2,0.0,0.0,0.0,1.5,0.0,14.2,55.7,55.7,5.5,10.1,107.0,996.7,996.7,2.7,4.6
2024-04-27 06:45:52+02:00,7.8,7.1,5.7,5.5,85.0,10.8,87.0,21.6,0.0,0.0,0.0,1.5,0.0,14.2,55.7,55.7,5.6,8.6,104.0,996.7,996.7,2.7,4.6
2024-04-27 06:50:08+02:00,7.8,7.8,6.0,5.5,85.0,10.8,87.0,24.9,0.0,0.0,0.0,1.5,0.0,14.2,55.7,55.7,4.1,7.6,101.0,996.8,996.8,2.7,4.6
2024-04-27 06:54:24+02:00,7.8,7.2,5.8,5.6,86.0,10.8,87.0,26.9,0.0,0.0,0.0,1.5,0.0,14.2,55.7,55.7,5.5,7.6,107.0,996.8,996.8,2.7,4.6
2024-04-27 07:00:48+02:00,8.1,7.9,6.3,5.7,85.0,10.9,87.0,29.0,0.0,0.0,0.0,1.5,0.0,14.2,55.7,55.7,4.0,7.6,97.0,996.8,996.8,2.7,4.6
2024-04-27 07:05:04+02:00,8.2,8.1,6.6,5.8,85.0,10.9,87.0,32.2,0.0,0.0,0.0,1.5,0.0,14.2,55.7,55.7,3.5,6.1,90.0,996.7,996.7,2.7,4.6
2024-04-27 07:09:20+02:00,8.3,8.0,6.4,5.7,84.0,10.9,87.0,34.6,0.0,0.0,0.0,1.5,0.0,14.2,55.7,55.7,4.7,7.2,106.0,996.8,996.8,2.7,4.6
2024-04-27 07:15:44+02:00,8.4,7.7,6.4,5.9,84.0,10.9,87.0,35.9,0.0,0.0,0.0,1.5,0.0,14.2,55.7,55.7,5.5,7.9,106.0,996.9,996.9,2.7,4.7
2024-04-27 07:20:00+02:00,8.5,8.5,7.0,5.9,84.0,10.9,87.0,39.1,0.0,0.0,0.0,1.5,0.0,14.2,55.7,55.7,2.6,6.5,81.0,996.9,996.9,2.7,4.7
2024-04-27 07:24:16+02:00,8.5,8.5,7.0,5.9,84.0,11.0,87.0,47.0,0.0,0.0,0.0,1.5,0.0,14.2,55.7,55.7,3.0,6.1,81.0,996.9,996.9,2.7,4.7
2024-04-27 07:30:40+02:00,8.7,8.4,6.8,6.0,83.0,11.0,87.0,57.5,0.0,0.0,0.0,1.5,0.0,14.2,55.7,55.7,4.6,9.0,105.0,996.8,996.8,2.7,4.7
2024-04-27 07:34:56+02:00,8.9,8.9,7.3,6.2,83.0,11.0,87.0,63.8,0.0,0.0,0.0,1.5,0.0,14.2,55.7,55.7,3.8,9.0,80.0,996.8,996.8,2.7,4.7
2024-04-27 07:39:12+02:00,9.2,8.8,7.3,6.2,82.0,11.0,87.0,67.6,0.0,0.0,0.0,1.5,0.0,14.2,55.7,55.7,5.0,10.8,105.0,996.9,996.9,2.7,4.7
2024-04-27 07:45:36+02:00,9.5,8.6,7.2,6.3,81.0,11.1,88.0,67.2,0.0,0.0,0.0,1.5,0.0,14.2,55.7,55.7,7.2,16.2,109.0,996.9,996.9,2.7,4.7
2024-04-27 07:49:52+02:00,9.7,9.0,7.6,6.4,80.0,11.1,88.0,62.2,0.0,0.0,0.0,1.5,0.0,14.2,55.7,55.7,6.8,16.2,105.0,996.8,996.8,2.7,4.7
2024-04-27 07:54:08+02:00,9.8,9.2,7.9,6.4,79.0,11.2,88.0,61.9,0.0,0.0,0.0,1.5,0.0,14.2,55.7,55.7,5.7,18.0,117.0,996.8,996.8,2.7,4.7
2024-04-27 08:00:32+02:00,9.9,8.9,7.5,6.5,79.0,11.3,88.0,69.2,0.0,0.0,0.0,0.0,0.0,14.2,55.7,55.7,8.3,18.0,115.0,996.8,996.8,2.7,4.7
2024-04-27 08:04:48+02:00,10.0,9.5,7.8,6.5,79.0,11.3,88.0,69.5,0.0,0.0,0.0,0.0,0.0,14.2,55.7,55.7,7.2,10.8,113.0,996.8,996.8,2.7,4.7
2024-04-27 08:09:04+02:00,10.1,10.1,8.3,6.6,79.0,11.4,88.0,75.8,0.0,0.0,0.0,0.0,0.0,14.2,55.7,55.7,5.3,11.9,96.0,996.7,996.7,2.7,4.7
2024-04-27 08:15:28+02:00,10.2,10.2,8.5,6.7,79.0,11.4,88.0,85.6,0.0,0.0,0.0,0.0,0.0,14.2,55.7,55.7,4.5,8.3,87.0,996.6,996.6,2.7,4.8
2024-04-27 08:19:44+02:00,10.3,10.3,8.4,6.7,78.0,11.5,88.0,92.7,0.0,0.0,0.0,0.0,0.0,14.2,55.7,55.7,6.0,9.7,97.0,996.7,996.7,2.7,4.8
2024-04-27 08:24:00+02:00,10.5,10.5,8.8,6.9,78.0,11.5,88.0,93.9,0.0,0.0,0.0,0.0,0.0,14.2,55.7,55.7,4.9,8.6,115.0,996.8,996.8,2.7,4.8
2024-04-27 08:30:24+02:00,10.6,10.6,8.8,6.9,78.0,11.6,88.0,94.1,0.0,0.0,0.0,0.0,0.0,14.2,55.7,55.7,5.6,9.4,111.0,996.8,996.8,2.7,4.8
2024-04-27 08:34:40+02:00,10.7,10.7,8.5,6.9,77.0,11.7,89.0,93.9,0.0,0.0,0.0,0.0,0.0,14.2,55.7,55.7,7.6,11.2,112.0,996.8,996.8,2.7,4.8
2024-04-27 08:41:04+02:00,10.8,10.8,8.7,7.0,78.0,11.7,89.0,88.3,0.0,0.0,0.0,0.0,0.0,14.2,55.7,55.7,7.1,11.2,111.0,996.9,996.9,2.7,4.8
2024-04-27 08:45:20+02:00,10.8,10.8,9.1,6.8,76.0,11.7,89.0,87.9,0.0,0.0,0.0,0.0,0.0,14.2,55.7,55.7,5.4,10.4,106.0,996.8,996.8,2.7,4.9
2024-04-27 08:49:36+02:00,10.9,10.9,9.3,6.9,76.0,11.8,89.0,93.3,0.0,0.0,0.0,0.0,0.0,14.2,55.7,55.7,4.6,9.0,93.0,996.7,996.7,2.7,4.9
2024-04-27 08:56:00+02:00,11.0,11.0,9.3,7.0,76.0,11.9,89.0,104.3,0.0,0.0,0.0,0.0,0.0,14.2,55.7,55.7,5.3,11.2,112.0,996.8,996.8,2.7,4.9
2024-04-27 09:00:16+02:00,11.1,11.1,9.5,7.1,76.0,12.0,89.0,116.2,1.0,0.0,0.0,0.0,0.0,14.2,55.7,55.7,4.7,7.2,105.0,996.7,996.7,2.7,4.9
2024-04-27 09:04:32+02:00,11.3,11.3,9.6,7.3,76.0,12.0,89.0,129.3,1.0,0.0,0.0,0.0,0.0,14.2,55.7,55.7,5.5,8.6,98.0,996.8,996.8,2.7,4.9
2024-04-27 09:10:56+02:00,11.5,11.5,9.4,7.0,74.0,12.2,89.0,208.8,1.0,0.0,0.0,0.0,0.0,14.2,55.7,55.7,7.1,14.8,109.0,996.8,996.8,2.7,4.9
2024-04-27 09:15:12+02:00,12.0,12.0,9.3,7.2,72.0,12.2,89.0,280.2,2.0,0.0,0.0,0.0,0.0,14.2,55.7,55.7,10.5,20.9,101.0,996.8,996.8,2.7,5.0
2024-04-27 09:19:28+02:00,12.3,12.3,9.6,7.2,71.0,12.3,90.0,233.1,2.0,0.0,0.0,0.0,0.0,14.2,55.7,55.7,10.6,20.9,102.0,996.7,996.7,2.7,5.0
2024-04-27 09:25:52+02:00,12.5,12.5,10.2,7.3,71.0,12.4,90.0,168.9,1.0,0.0,0.0,0.0,0.0,14.2,55.7,55.7,8.5,16.9,94.0,996.6,996.6,2.7,5.1
2024-04-27 09:30:08+02:00,12.5,12.5,9.2,7.1,70.0,12.6,90.0,280.4,2.0,0.0,0.0,0.0,0.0,14.2,55.7,55.7,13.5,21.6,115.0,996.8,996.8,2.7,5.1
2024-04-27 09:34:24+02:00,12.8,12.8,10.2,7.4,70.0,12.8,90.0,301.0,2.0,0.0,0.0,0.0,0.0,14.2,55.7,55.7,10.5,21.6,113.0,996.6,996.6,2.7,5.2
2024-04-27 09:40:48+02:00,13.0,13.0,10.2,7.2,68.0,12.9,90.0,299.6,2.0,0.0,0.0,0.0,0.0,14.2,55.7,55.7,10.8,22.7,124.0,996.8,996.8,2.7,5.2
2024-04-27 09:45:04+02:00,13.3,13.3,10.3,7.5,68.0,13.1,91.0,313.2,2.0,0.0,0.0,0.0,0.0,14.2,55.7,55.7,12.4,22.0,116.0,996.7,996.7,2.7,5.2
2024-04-27 09:49:20+02:00,13.7,13.7,11.1,7.8,67.0,13.3,91.0,288.2,2.0,0.0,0.0,0.0,0.0,14.2,55.7,55.7,10.4,25.2,103.0,996.6,996.6,2.7,5.2
2024-04-27 09:55:44+02:00,13.8,13.8,11.3,7.7,67.0,13.6,91.0,245.9,2.0,0.0,0.0,0.0,0.0,14.2,55.7,55.7,10.0,25.2,110.0,996.7,996.7,2.7,5.2
2024-04-27 10:00:00+02:00,13.8,13.8,9.9,7.6,66.0,13.8,91.0,357.0,3.0,0.0,0.0,0.0,0.0,14.2,55.7,55.7,17.4,32.4,119.0,996.8,996.8,2.7,5.2
2024-04-27 10:04:16+02:00,14.1,14.1,10.7,7.9,66.0,14.1,91.0,352.4,3.0,0.0,0.0,0.0,0.0,14.2,55.7,55.7,15.0,32.4,129.0,996.7,996.7,2.7,5.2
2024-04-27 10:10:40+02:00,14.5,14.5,11.8,8.1,65.0,14.4,90.0,383.1,3.0,0.0,0.0,0.0,0.0,14.2,55.7,55.7,11.2,22.3,126.0,996.8,996.8,2.7,5.2
2024-04-27 10:14:56+02:00,14.4,14.4,11.4,7.9,65.0,14.6,90.0,231.5,2.0,0.0,0.0,0.0,0.0,14.2,55.7,55.7,12.9,24.8,117.0,996.8,996.8,2.7,5.2
2024-04-27 10:19:12+02:00,14.4,14.4,12.1,8.2,66.0,14.9,90.0,339.9,3.0,0.0,0.0,0.0,0.0,14.2,55.7,55.7,9.7,22.0,124.0,996.8,996.8,2.7,5.2
2024-04-27 10:25:36+02:00,14.4,14.4,11.4,8.0,65.0,15.2,90.0,219.7,2.0,0.0,0.0,0.0,0.0,14.2,55.7,55.7,13.2,26.3,131.0,996.9,996.9,2.7,5.2
2024-04-27 10:29:52+02:00,14.2,14.2,10.9,7.8,66.0,15.3,90.0,234.3,2.0,0.0,0.0,0.0,0.0,14.2,55.7,55.7,14.5,24.8,117.0,996.9,996.9,2.7,5.2
2024-04-27 10:34:08+02:00,14.0,14.0,11.0,7.8,66.0,15.5,90.0,135.8,1.0,0.0,0.0,0.0,0.0,14.2,55.7,55.7,13.1,22.3,125.0,996.8,996.8,2.7,5.2
2024-04-27 10:40:32+02:00,13.7,13.7,9.1,7.9,68.0,15.6,90.0,239.2,2.0,0.0,0.0,0.0,0.0,14.2,55.7,55.7,21.4,32.8,120.0,996.9,996.9,2.7,5.2
2024-04-27 10:44:48+02:00,13.8,13.8,10.7,8.0,68.0,15.8,90.0,278.7,2.0,0.0,0.0,0.0,0.0,14.2,55.7,55.7,13.7,29.2,132.0,997.0,997.0,2.7,5.2
2024-04-27 10:49:04+02:00,13.9,13.9,11.3,8.1,68.0,15.8,90.0,182.8,1.0,0.0,0.0,0.0,0.0,14.2,55.7,55.7,11.2,19.1,126.0,996.8,996.8,2.7,5.2
2024-04-27 10:55:28+02:00,14.3,14.3,12.2,8.2,67.0,16.0,90.0,207.0,1.0,0.0,0.0,0.0,0.0,14.2,55.7,55.7,8.6,18.7,129.0,996.8,996.8,2.7,5.2
2024-04-27 10:59:44+02:00,14.5,14.5,11.3,8.1,66.0,16.0,90.0,313.8,2.0,0.0,0.0,0.0,0.0,14.2,55.7,55.7,14.0,24.5,122.0,996.9,996.9,2.7,5.2
2024-04-27 11:04:00+02:00,14.5,14.5,12.1,7.8,64.0,16.2,90.0,301.0,2.0,0.0,0.0,0.0,0.0,14.2,55.7,55.7,10.0,27.4,134.0,996.9,996.9,2.7,5.2
2024-04-27 11:10:24+02:00,14.8,14.8,12.5,8.3,65.0,16.3,90.0,303.8,2.0,0.0,0.0,0.0,0.0,14.2,55.7,55.7,9.8,18.7,128.0,996.9,996.9,2.7,5.2
2024-04-27 11:14:40+02:00,14.9,14.9,12.0,8.4,65.0,16.4,90.0,314.0,2.0,0.0,0.0,0.0,0.0,14.2,55.7,55.7,13.4,26.6,123.0,996.8,996.8,2.7,5.2
2024-04-27 11:18:56+02:00,15.2,15.2,12.5,8.1,63.0,16.5,90.0,328.6,3.0,0.0,0.0,0.0,0.0,14.2,55.7,55.7,11.8,25.9,144.0,996.8,996.8,2.7,5.2
2024-04-27 11:25:20+02:00,15.5,15.5,13.1,8.5,63.0,16.7,90.0,347.8,3.0,0.0,0.0,0.0,0.0,14.2,55.7,55.7,10.8,23.8,127.0,996.8,996.8,2.7,5.2
2024-04-27 11:29:36+02:00,15.7,15.7,12.7,8.7,63.0,16.8,90.0,299.1,2.0,0.0,0.0,0.0,0.0,14.2,55.7,55.7,13.6,22.0,128.0,996.8,996.8,2.7,5.2
2024-04-27 11:36:00+02:00,15.2,15.2,12.3,8.2,63.0,16.9,90.0,285.1,2.0,0.0,0.0,0.0,0.0,14.2,55.7,55.7,12.9,26.6,117.0,996.8,996.8,2.7,5.2
2024-04-27 11:40:16+02:00,15.4,15.4,13.0,8.6,64.0,17.1,90.0,301.4,2.0,0.0,0.0,0.0,0.0,14.2,55.7,55.7,10.8,25.9,110.0,996.9,996.9,2.7,5.2
2024-04-27 11:44:32+02:00,15.7,15.7,12.4,8.3,61.0,17.2,90.0,436.9,4.0,0.0,0.0,0.0,0.0,14.2,55.7,55.7,14.6,27.4,139.0,996.8,996.8,2.7,5.2
2024-04-27 11:50:56+02:00,15.6,15.6,12.2,8.4,62.0,17.3,90.0,444.1,4.0,0.0,0.0,0.0,0.0,14.2,55.7,55.7,15.3,27.4,127.0,996.9,996.9,2.7,5.2
2024-04-27 11:55:12+02:00,15.7,15.7,12.5,8.5,62.0,17.4,91.0,313.6,2.0,0.0,0.0,0.0,0.0,14.2,55.7,55.7,14.4,25.6,122.0,996.9,996.9,2.7,5.2
2024-04-27 11:59:28+02:00,15.9,15.9,12.6,8.3,61.0,17.6,91.0,573.2,5.0,0.0,0.0,0.0,0.0,14.2,55.7,55.7,14.9,28.4,130.0,996.9,996.9,2.7,5.2
2024-04-27 12:05:52+02:00,16.5,16.5,13.8,8.6,59.0,17.7,91.0,548.1,5.0,0.0,0.0,0.0,0.0,14.2,55.7,55.7,11.9,24.1,112.0,996.8,996.8,2.7,5.3
2024-04-27 12:10:08+02:00,16.4,16.4,13.8,8.8,61.0,17.9,91.0,566.6,5.0,0.0,0.0,0.0,0.0,14.2,55.7,55.7,11.9,24.1,130.0,996.8,996.8,2.7,5.3
2024-04-27 12:14:24+02:00,16.8,16.8,14.6,9.1,60.0,18.2,91.0,552.3,5.0,0.0,0.0,0.0,0.0,14.2,55.7,55.7,10.6,22.7,112.0,996.8,996.8,2.7,5.3
2024-04-27 12:20:48+02:00,17.2,17.2,15.0,9.1,59.0,18.3,91.0,543.1,5.0,0.0,0.0,0.0,0.0,14.2,55.7,55.7,10.2,19.1,114.0,996.7,996.7,2.7,5.3
2024-04-27 12:25:04+02:00,17.1,17.1,15.1,8.9,59.0,18.5,91.0,656.3,6.0,0.0,0.0,0.0,0.0,14.2,55.7,55.7,8.9,20.5,112.0,996.8,996.8,2.7,5.3
2024-04-27 12:29:20+02:00,16.5,16.5,12.4,8.6,60.0,18.8,91.0,619.6,5.0,0.0,0.0,0.0,0.0,14.2,55.7,55.7,19.0,29.2,122.0,996.9,996.9,2.7,5.3
2024-04-27 12:35:44+02:00,16.8,16.8,13.7,8.9,60.0,19.0,91.0,600.4,5.0,0.0,0.0,0.0,0.0,14.2,55.7,55.7,15.0,29.2,119.0,996.9,996.9,2.7,5.3
2024-04-27 12:40:00+02:00,16.2,16.2,12.1,8.5,60.0,19.2,91.0,403.3,3.0,0.0,0.0,0.0,0.0,14.2,55.7,55.7,19.4,33.5,111.0,996.9,996.9,2.7,5.3
2024-04-27 12:44:16+02:00,16.1,16.1,11.9,8.5,60.0,19.3,91.0,403.0,3.0,0.0,0.0,0.0,0.0,14.2,55.7,55.7,19.9,29.9,126.0,996.9,996.9,2.7,5.3
2024-04-27 12:50:40+02:00,16.3,16.3,13.7,8.6,60.0,19.5,91.0,345.6,3.0,0.0,0.0,0.0,0.0,14.2,55.7,55.7,11.9,26.3,149.0,996.8,996.8,2.7,5.3
2024-04-27 12:54:56+02:00,16.5,16.5,13.8,8.9,61.0,19.6,91.0,417.1,3.0,0.0,0.0,0.0,0.0,14.2,55.7,55.7,12.4,21.2,123.0,996.9,996.9,2.7,5.3
2024-04-27 12:59:12+02:00,16.3,16.3,13.0,9.0,62.0,19.8,91.0,463.6,4.0,0.0,0.0,0.0,0.0,14.2,55.7,55.7,15.8,26.3,118.0,996.9,996.9,2.7,5.3
2024-04-27 13:05:36+02:00,16.7,16.7,14.5,8.7,59.0,19.9,91.0,354.1,3.0,0.0,0.0,0.0,0.0,14.2,55.7,55.7,9.7,21.2,135.0,996.8,996.8,2.7,5.3
2024-04-27 13:09:52+02:00,16.6,16.6,14.3,8.6,59.0,20.0,91.0,430.8,4.0,0.0,0.0,0.0,0.0,14.2,55.7,55.7,10.1,22.3,139.0,996.8,996.8,2.7,5.3
2024-04-27 13:14:08+02:00,17.4,17.4,15.5,9.0,58.0,20.2,91.0,443.9,4.0,0.0,0.0,0.0,0.0,14.2,55.7,55.7,8.3,16.2,132.0,996.8,996.8,2.7,5.3
2024-04-27 13:20:32+02:00,16.9,16.9,14.0,9.0,60.0,20.3,90.0,337.0,3.0,0.0,0.0,0.0,0.0,14.2,55.7,55.7,13.4,26.3,121.0,996.8,996.8,2.7,5.3
2024-04-27 13:24:48+02:00,16.4,16.4,14.4,8.8,61.0,20.3,90.0,341.3,3.0,0.0,0.0,0.0,0.0,14.2,55.7,55.7,8.9,19.4,125.0,996.9,996.9,2.7,5.3
2024-04-27 13:29:04+02:00,16.6,16.6,12.8,8.5,59.0,20.4,90.0,270.3,2.0,0.0,0.0,0.0,0.0,14.2,55.7,55.7,17.6,28.1,117.0,996.9,996.9,2.7,5.3
2024-04-27 13:35:28+02:00,16.5,16.5,13.4,8.5,59.0,20.5,90.0,309.2,2.0,0.0,0.0,0.0,0.0,14.2,55.7,55.7,14.1,25.9,115.0,996.9,996.9,2.7,5.3
2024-04-27 13:39:44+02:00,16.4,16.4,13.3,8.3,59.0,20.6,90.0,287.3,2.0,0.0,0.0,0.0,0.0,14.2,55.7,55.7,14.0,23.8,123.0,997.0,997.0,2.7,5.3
2024-04-27 13:44:00+02:00,16.4,16.4,13.4,8.2,58.0,20.6,90.0,294.5,2.0,0.0,0.0,0.0,0.0,14.2,55.7,55.7,13.3,24.8,133.0,997.0,997.0,2.7,5.3
2024-04-27 13:50:24+02:00,16.5,16.5,13.5,8.2,58.0,20.6,90.0,272.4,2.0,0.0,0.0,0.0,0.0,14.2,55.7,55.7,13.3,22.7,120.0,997.0,997.0,2.7,5.3
2024-04-27 13:54:40+02:00,16.7,16.7,14.6,8.4,58.0,20.6,90.0,254.2,2.0,0.0,0.0,0.0,0.0,14.2,55.7,55.7,8.9,22.3,128.0,997.1,997.1,2.7,5.3
2024-04-27 14:01:04+02:00,16.8,16.8,13.4,8.3,57.0,20.7,90.0,306.7,2.0,0.0,0.0,0.0,0.0,14.2,55.7,55.7,15.6,20.9,129.0,997.2,997.2,2.7,5.3
2024-04-27 14:05:20+02:00,17.0,17.0,14.9,8.3,56.0,20.7,90.0,561.2,5.0,0.0,0.0,0.0,0.0,14.2,55.7,55.7,9.1,19.8,130.0,997.1,997.1,2.7,5.3
2024-04-27 14:09:36+02:00,17.5,17.5,14.7,8.5,55.0,20.8,90.0,458.2,4.0,0.0,0.0,0.0,0.0,14.2,55.7,55.7,12.5,25.6,124.0,997.0,997.0,2.7,5.3
2024-04-27 14:16:00+02:00,17.6,17.6,15.0,8.5,55.0,20.9,90.0,409.3,3.0,0.0,0.0,0.0,0.0,14.2,55.7,55.7,11.7,30.2,141.0,997.1,997.1,2.7,5.3
2024-04-27 14:20:16+02:00,17.3,17.3,14.8,8.3,56.0,20.9,90.0,333.6,3.0,0.0,0.0,0.0,0.0,14.2,55.7,55.7,10.9,19.4,114.0,997.0,997.0,2.7,5.3
2024-04-27 14:24:32+02:00,17.3,17.3,14.8,8.7,57.0,21.0,90.0,283.4,2.0,0.0,0.0,0.0,0.0,14.2,55.7,55.7,11.1,19.8,127.0,997.1,997.1,2.7,5.3
2024-04-27 14:30:56+02:00,17.5,17.5,14.9,8.8,57.0,21.0,90.0,730.4,6.0,0.0,0.0,0.0,0.0,14.2,55.7,55.7,12.2,24.8,127.0,997.0,997.0,2.7,5.3
2024-04-27 14:35:12+02:00,17.6,17.6,15.6,8.6,55.0,21.2,90.0,377.4,3.0,0.0,0.0,0.0,0.0,14.2,55.7,55.7,8.6,16.9,131.0,997.0,997.0,2.7,5.3
2024-04-27 14:39:28+02:00,18.2,18.2,15.5,8.8,54.0,21.2,90.0,665.7,6.0,0.0,0.0,0.0,0.0,14.2,55.7,55.7,12.8,22.0,128.0,996.9,996.9,2.7,5.3
2024-04-27 14:45:52+02:00,18.0,18.0,15.0,8.4,53.0,21.3,90.0,639.4,5.0,0.0,0.0,0.0,0.0,14.2,55.7,55.7,13.7,22.3,124.0,996.8,996.8,2.7,5.3
2024-04-27 14:50:08+02:00,18.2,18.2,15.8,8.7,54.0,21.5,91.0,641.6,5.0,0.0,0.0,0.0,0.0,14.2,55.7,55.7,10.8,19.1,114.0,996.7,996.7,2.7,5.3
2024-04-27 14:54:24+02:00,18.4,18.4,16.7,8.6,53.0,21.6,91.0,623.0,5.0,0.0,0.0,0.0,0.0,14.2,55.7,55.7,7.3,18.7,128.0,996.7,996.7,2.7,5.3
2024-04-27 15:00:48+02:00,18.9,18.9,17.1,8.8,52.0,21.8,91.0,644.0,5.0,0.0,0.0,0.0,0.0,14.2,55.7,55.7,8.3,16.2,138.0,996.6,996.6,2.7,5.3
2024-04-27 15:05:04+02:00,19.0,19.0,17.1,9.1,53.0,21.8,91.0,657.9,6.0,0.0,0.0,0.0,0.0,14.2,55.7,55.7,8.5,19.8,112.0,996.6,996.6,2.7,5.3
2024-04-27 15:09:20+02:00,18.7,18.7,16.7,8.4,51.0,22.0,91.0,644.7,5.0,0.0,0.0,0.0,0.0,14.2,55.7,55.7,8.4,19.1,114.0,996.6,996.6,2.7,5.3
2024-04-27 15:15:44+02:00,18.3,18.3,16.5,8.6,53.0,22.1,91.0,286.4,2.0,0.0,0.0,0.0,0.0,14.2,55.7,55.7,7.4,12.6,129.0,996.5,996.5,2.68,5.3
2024-04-27 15:20:00+02:00,18.4,18.4,16.5,8.3,52.0,22.2,91.0,619.2,5.0,0.0,0.0,0.0,0.0,14.2,55.7,55.7,7.8,12.6,101.0,996.3,996.3,2.68,5.3
2024-04-27 15:24:16+02:00,18.6,18.6,17.0,8.3,51.0,22.2,91.0,159.8,1.0,0.0,0.0,0.0,0.0,14.2,55.7,55.7,6.0,15.5,123.0,996.4,996.4,2.7,5.3
2024-04-27 15:30:40+02:00,18.3,18.3,15.6,8.0,51.0,22.2,90.0,478.1,4.0,0.0,0.0,0.0,0.0,14.2,55.7,55.7,11.4,21.6,125.0,996.3,996.3,2.7,5.3
2024-04-27 15:34:56+02:00,19.0,19.0,16.3,8.3,50.0,22.3,90.0,632.2,5.0,0.0,0.0,0.0,0.0,14.2,55.7,55.7,11.9,23.0,138.0,996.3,996.3,2.7,5.3
2024-04-27 15:39:12+02:00,19.8,19.8,18.1,8.3,48.0,22.3,91.0,455.4,4.0,0.0,0.0,0.0,0.0,14.2,55.7,55.7,6.9,16.2,136.0,996.2,996.2,2.7,5.3
2024-04-27 15:45:36+02:00,19.6,19.6,17.3,8.1,47.0,22.4,91.0,218.9,2.0,0.0,0.0,0.0,0.0,14.2,55.7,55.7,9.6,18.4,143.0,996.2,996.2,2.7,5.3
2024-04-27 15:49:52+02:00,18.7,18.7,14.9,7.6,48.0,22.4,90.0,605.0,5.0,0.0,0.0,0.0,0.0,14.2,55.7,55.7,16.8,32.0,122.0,996.1,996.1,2.7,5.3
2024-04-27 15:54:08+02:00,19.1,19.1,15.5,7.5,47.0,22.5,90.0,605.5,5.0,0.0,0.0,0.0,0.0,14.2,55.7,55.7,15.6,19.8,120.0,996.1,996.1,2.7,5.3
2024-04-27 16:00:32+02:00,19.3,19.3,16.8,7.9,48.0,22.5,91.0,596.8,5.0,0.0,0.0,0.0,0.0,14.2,55.7,55.7,10.4,24.1,123.0,996.1,996.1,2.7,5.3
2024-04-27 16:04:48+02:00,19.2,19.2,16.0,7.6,47.0,22.6,91.0,568.0,5.0,0.0,0.0,0.0,0.0,14.2,55.7,55.7,13.5,36.4,131.0,996.1,996.1,2.7,5.3
2024-04-27 16:09:04+02:00,19.5,19.5,15.6,7.3,45.0,22.6,91.0,579.1,5.0,0.0,0.0,0.0,0.0,14.2,55.7,55.7,16.7,25.9,122.0,996.1,996.1,2.7,5.3
2024-04-27 16:15:28+02:00,19.5,19.5,16.7,7.5,46.0,22.7,91.0,561.6,5.0,0.0,0.0,0.0,0.0,14.2,55.7,55.7,11.5,23.8,138.0,996.0,996.0,2.7,5.3
2024-04-27 16:19:44+02:00,20.0,20.0,16.6,7.7,45.0,22.7,91.0,520.9,4.0,0.0,0.0,0.0,0.0,14.2,55.7,55.7,15.2,27.0,131.0,996.0,996.0,2.7,5.3
2024-04-27 16:24:00+02:00,19.3,19.3,15.4,7.7,47.0,22.8,91.0,517.0,4.0,0.0,0.0,0.0,0.0,14.2,55.7,55.7,17.4,27.7,122.0,996.0,996.0,2.68,5.3
2024-04-27 16:30:24+02:00,18.9,18.9,15.7,7.5,48.0,22.8,90.0,178.5,1.0,0.0,0.0,0.0,0.0,14.2,55.7,55.7,13.8,24.1,120.0,996.0,996.0,2.68,5.3
2024-04-27 16:34:40+02:00,19.0,19.0,15.7,7.3,47.0,22.9,90.0,512.5,4.0,0.0,0.0,0.0,0.0,14.2,55.7,55.7,13.5,32.8,129.0,995.9,995.9,2.7,5.3
2024-04-27 16:38:56+02:00,19.2,19.2,15.5,7.4,46.0,22.9,90.0,534.6,4.0,0.0,0.0,0.0,0.0,14.2,55.7,55.7,16.0,32.8,118.0,995.9,995.9,2.7,5.3
2024-04-27 16:45:20+02:00,19.0,19.0,16.0,7.6,48.0,22.9,90.0,240.8,2.0,0.0,0.0,0.0,0.0,14.2,55.7,55.7,13.0,22.7,113.0,995.9,995.9,2.7,5.3
2024-04-27 16:49:36+02:00,19.3,19.3,17.1,7.6,47.0,22.9,90.0,390.3,3.0,0.0,0.0,0.0,0.0,14.2,55.7,55.7,8.3,18.4,127.0,995.9,995.9,2.7,5.3
2024-04-27 16:56:00+02:00,19.5,19.5,16.6,7.4,45.0,22.9,90.0,209.7,1.0,0.0,0.0,0.0,0.0,14.2,55.7,55.7,11.3,25.9,142.0,995.9,995.9,2.7,5.3
2024-04-27 17:00:16+02:00,19.2,19.2,16.4,7.3,46.0,22.9,90.0,163.2,1.0,0.0,0.0,0.0,0.0,14.2,55.7,55.7,11.3,21.6,139.0,996.1,996.1,2.7,5.3
2024-04-27 17:04:32+02:00,18.9,18.9,15.1,7.3,47.0,22.9,90.0,148.2,1.0,0.0,0.0,0.0,0.0,14.2,55.7,55.7,16.5,29.2,126.0,996.1,996.1,2.7,5.3
2024-04-27 17:10:56+02:00,18.7,18.7,15.0,7.3,48.0,22.9,90.0,160.1,1.0,0.0,0.0,0.0,0.0,14.2,55.7,55.7,15.6,29.5,128.0,996.1,996.1,2.7,5.3
2024-04-27 17:15:12+02:00,18.5,18.5,15.6,7.4,48.0,22.9,90.0,134.7,1.0,0.0,0.0,0.0,0.0,14.2,55.7,55.7,11.8,23.0,128.0,996.1,996.1,2.7,5.3
2024-04-27 17:19:28+02:00,18.5,18.5,16.0,7.4,49.0,22.9,90.0,135.0,1.0,0.0,0.0,0.0,0.0,14.2,55.7,55.7,9.7,22.7,133.0,996.1,996.1,2.7,5.3
2024-04-27 17:25:52+02:00,18.6,18.6,15.4,7.3,48.0,22.8,90.0,175.9,1.0,0.0,0.0,0.0,0.0,14.2,55.7,55.7,13.2,36.4,123.0,996.2,996.2,2.7,5.3
2024-04-27 17:30:08+02:00,18.7,18.7,16.0,7.3,48.0,22.8,90.0,118.0,1.0,0.0,0.0,0.0,0.0,14.2,55.7,55.7,10.2,25.2,127.0,996.3,996.3,2.7,5.3
2024-04-27 17:34:24+02:00,18.6,18.6,16.7,7.6,49.0,22.8,90.0,118.2,1.0,0.0,0.0,0.0,0.0,14.2,55.7,55.7,7.1,18.0,134.0,996.4,996.4,2.7,5.3
2024-04-27 17:40:48+02:00,18.5,18.5,14.7,7.2,48.0,22.7,90.0,111.4,1.0,0.0,0.0,0.0,0.0,14.2,55.7,55.7,16.0,29.2,144.0,996.3,996.3,2.7,5.3
2024-04-27 17:45:04+02:00,18.3,18.3,15.6,7.3,49.0,22.7,90.0,125.0,1.0,0.0,0.0,0.0,0.0,14.2,55.7,55.7,10.5,27.4,123.0,996.4,996.4,2.7,5.2
2024-04-27 17:49:20+02:00,18.4,18.4,15.5,7.2,48.0,22.7,90.0,173.0,1.0,0.0,0.0,0.0,0.0,14.2,55.7,55.7,12.0,20.9,125.0,996.3,996.3,2.7,5.2
2024-04-27 17:55:44+02:00,18.4,18.4,15.2,7.4,49.0,22.6,90.0,134.9,1.0,0.0,0.0,0.0,0.0,14.2,55.7,55.7,13.5,24.5,122.0,996.4,996.4,2.7,5.2
2024-04-27 18:00:00+02:00,18.4,18.4,15.3,7.4,49.0,22.6,90.0,130.1,1.0,0.0,0.0,0.0,0.0,14.2,55.7,55.7,13.1,24.5,125.0,996.4,996.4,2.7,5.2
2024-04-27 18:04:16+02:00,18.3,18.3,15.9,7.3,49.0,22.6,89.0,100.4,0.0,0.0,0.0,0.0,0.0,14.2,55.7,55.7,9.2,22.0,118.0,996.3,996.3,2.7,5.2
2024-04-27 18:10:40+02:00,18.2,18.2,15.0,7.2,49.0,22.5,89.0,100.2,0.0,0.0,0.0,0.0,0.0,14.2,55.7,55.7,13.0,24.1,121.0,996.2,996.2,2.7,5.2
2024-04-27 18:14:56+02:00,18.3,18.3,15.8,7.3,49.0,22.5,89.0,86.5,0.0,0.0,0.0,0.0,0.0,14.2,55.7,55.7,9.1,19.8,126.0,996.2,996.2,2.7,5.2
2024-04-27 18:19:12+02:00,18.3,18.3,15.9,7.3,49.0,22.4,89.0,105.3,0.0,0.0,0.0,0.0,0.0,14.2,55.7,55.7,9.1,18.4,136.0,996.1,996.1,2.7,5.2
2024-04-27 18:25:36+02:00,18.4,18.4,15.9,7.3,48.0,22.4,89.0,118.2,1.0,0.0,0.0,0.0,0.0,14.2,55.7,55.7,9.4,15.5,125.0,996.2,996.2,2.7,5.2
2024-04-27 18:29:52+02:00,18.5,18.5,16.2,7.3,48.0,22.3,89.0,137.8,1.0,0.0,0.0,0.0,0.0,14.2,55.7,55.7,8.5,14.4,127.0,996.2,996.2,2.7,5.2
2024-04-27 18:34:08+02:00,18.8,18.8,17.3,7.7,49.0,22.3,89.0,123.6,1.0,0.0,0.0,0.0,0.0,14.2,55.7,55.7,5.2,10.1,117.0,996.0,996.0,2.7,5.2
2024-04-27 18:40:32+02:00,18.8,18.8,16.3,7.1,47.0,22.3,89.0,131.2,1.0,0.0,0.0,0.0,0.0,14.2,55.7,55.7,9.6,19.8,132.0,996.1,996.1,2.7,5.2
2024-04-27 18:44:48+02:00,19.0,19.0,17.4,7.4,47.0,22.3,89.0,126.4,1.0,0.0,0.0,0.0,0.0,14.2,55.7,55.7,4.8,10.8,118.0,996.1,996.1,2.7,5.2
2024-04-27 18:49:04+02:00,19.0,19.0,17.4,7.8,48.0,22.2,89.0,88.1,0.0,0.0,0.0,0.0,0.0,14.2,55.7,55.7,5.8,13.0,117.0,996.0,996.0,2.7,5.2
2024-04-27 18:55:28+02:00,18.7,18.7,16.7,7.3,47.0,22.2,89.0,81.1,0.0,0.0,0.0,0.0,0.0,14.2,55.7,55.7,7.4,15.5,119.0,995.9,995.9,2.7,5.2
2024-04-27 18:59:44+02:00,18.6,18.6,16.8,6.8,46.0,22.2,89.0,57.1,0.0,0.0,0.0,0.0,0.0,14.2,55.7,55.7,5.2,15.8,124.0,996.1,996.1,2.7,5.2
2024-04-27 19:10:24+02:00,18.3,18.3,16.1,7.0,48.0,22.1,89.0,37.9,0.0,0.0,0.0,0.0,0.0,14.2,55.7,55.7,7.7,15.5,116.0,995.9,995.9,2.7,5.2
2024-04-27 19:14:40+02:00,18.2,18.2,16.0,7.0,48.0,22.1,89.0,40.8,0.0,0.0,0.0,0.0,0.0,14.2,55.7,55.7,7.6,12.2,124.0,996.0,996.0,2.7,5.2
2024-04-27 19:21:04+02:00,18.1,18.1,15.5,6.7,47.0,22.0,89.0,48.3,0.0,0.0,0.0,0.0,0.0,14.2,55.7,55.7,9.6,15.1,119.0,996.1,996.1,2.7,5.2
2024-04-27 19:25:20+02:00,18.0,18.0,16.4,7.0,49.0,22.0,89.0,41.2,0.0,0.0,0.0,0.0,0.0,14.2,55.7,55.7,4.6,11.9,109.0,996.0,996.0,2.7,5.2
2024-04-27 19:29:36+02:00,17.9,17.9,16.3,7.1,49.0,21.9,89.0,35.6,0.0,0.0,0.0,0.0,0.0,14.2,55.7,55.7,4.7,8.3,108.0,996.0,996.0,2.7,5.2
2024-04-27 19:36:00+02:00,17.8,17.8,16.5,7.3,50.0,21.9,89.0,33.6,0.0,0.0,0.0,0.0,0.0,14.2,55.7,55.7,3.6,9.4,121.0,996.1,996.1,2.7,5.2
2024-04-27 19:40:16+02:00,17.7,17.7,16.6,7.4,51.0,21.9,89.0,28.3,0.0,0.0,0.0,0.0,0.0,14.2,55.7,55.7,2.5,9.4,93.0,996.1,996.1,2.7,5.2
2024-04-27 19:44:32+02:00,17.8,17.8,16.5,7.0,49.0,21.8,89.0,24.3,0.0,0.0,0.0,0.0,0.0,14.2,55.7,55.7,3.2,6.5,98.0,996.1,996.1,2.7,5.2
2024-04-27 19:50:56+02:00,17.7,17.7,16.7,7.4,51.0,21.8,89.0,20.8,0.0,0.0,0.0,0.0,0.0,14.2,55.7,55.7,2.4,4.7,110.0,996.1,996.1,2.7,5.2
2024-04-27 19:55:12+02:00,17.6,17.6,16.5,7.2,50.0,21.7,89.0,17.8,0.0,0.0,0.0,0.0,0.0,14.2,55.7,55.7,2.3,5.4,93.0,996.1,996.1,2.7,5.2
2024-04-27 19:59:28+02:00,17.6,17.6,16.7,7.1,50.0,21.7,89.0,11.9,0.0,0.0,0.0,0.0,0.0,14.2,55.7,55.7,1.2,4.0,89.0,996.2,996.2,2.7,5.2
2024-04-27 20:05:52+02:00,17.6,17.6,16.5,7.3,51.0,21.7,88.0,12.0,0.0,0.0,0.0,0.0,0.0,14.2,55.7,55.7,2.2,4.3,80.0,996.1,996.1,2.7,5.2
2024-04-27 20:10:08+02:00,17.5,17.5,16.5,7.4,51.0,21.6,88.0,10.4,0.0,0.0,0.0,0.0,0.0,14.2,55.7,55.7,1.9,5.0,87.0,996.1,996.1,2.7,5.2
2024-04-27 20:14:24+02:00,17.3,17.3,16.4,7.8,54.0,21.5,88.0,8.7,0.0,0.0,0.0,0.0,0.0,14.2,55.7,55.7,1.9,2.9,101.0,996.1,996.1,2.7,5.2
2024-04-27 20:20:48+02:00,17.0,17.0,16.4,7.9,55.0,21.4,88.0,7.3,0.0,0.0,0.0,0.0,0.0,14.2,55.7,55.7,0.9,2.9,111.0,996.0,996.0,2.7,5.2
2024-04-27 20:25:04+02:00,16.8,16.8,16.0,7.9,56.0,21.4,88.0,4.9,0.0,0.0,0.0,0.0,0.0,14.2,55.7,55.7,1.7,3.2,108.0,996.2,996.2,2.7,5.2
2024-04-27 20:29:20+02:00,16.7,16.7,15.9,7.7,55.0,21.3,88.0,3.5,0.0,0.0,0.0,0.0,0.0,14.2,55.7,55.7,1.2,3.2,82.0,996.4,996.4,2.7,5.2
2024-04-27 20:35:44+02:00,16.7,16.7,15.9,7.8,56.0,21.3,88.0,2.5,0.0,0.0,0.0,0.0,0.0,14.2,55.7,55.7,1.2,2.9,115.0,996.3,996.3,2.7,5.2
2024-04-27 20:40:00+02:00,16.3,16.3,15.3,7.8,57.0,21.2,88.0,1.9,0.0,0.0,0.0,0.0,0.0,14.2,55.7,55.7,2.3,3.2,117.0,996.1,996.1,2.7,5.2
2024-04-27 20:44:16+02:00,16.1,16.1,15.4,8.6,61.0,21.2,88.0,1.4,0.0,0.0,0.0,0.0,0.0,14.2,55.7,55.7,2.2,4.7,118.0,996.4,996.4,2.7,5.2
2024-04-27 20:50:40+02:00,15.8,15.8,15.1,7.7,59.0,21.1,88.0,1.0,0.0,0.0,0.0,0.0,0.0,14.2,55.7,55.7,1.1,4.7,124.0,996.3,996.3,2.7,5.2
2024-04-27 20:54:56+02:00,15.8,15.8,15.0,8.4,61.0,21.1,88.0,0.7,0.0,0.0,0.0,0.0,0.0,14.2,55.7,55.7,2.4,4.0,119.0,996.2,996.2,2.7,5.2
2024-04-27 20:59:12+02:00,15.6,15.6,14.7,8.2,62.0,21.0,88.0,0.3,0.0,0.0,0.0,0.0,0.0,14.2,55.7,55.7,2.3,3.6,117.0,996.3,996.3,2.7,5.2
2024-04-27 21:05:36+02:00,15.4,15.4,14.6,8.6,64.0,20.9,88.0,0.2,0.0,0.0,0.0,0.0,0.0,14.2,55.7,55.7,2.7,4.3,120.0,996.4,996.4,2.7,5.2
2024-04-27 21:09:52+02:00,15.3,15.3,14.5,8.3,63.0,20.8,88.0,0.0,0.0,0.0,0.0,0.0,0.0,14.2,55.7,55.7,2.5,3.2,128.0,996.5,996.5,2.7,5.2
2024-04-27 21:14:08+02:00,15.3,15.3,14.4,8.6,65.0,20.7,88.0,0.0,0.0,0.0,0.0,0.0,0.0,14.2,55.7,55.7,3.1,4.7,112.0,996.6,996.6,2.7,5.2
2024-04-27 21:20:32+02:00,15.1,15.1,14.2,8.5,65.0,20.7,88.0,0.0,0.0,0.0,0.0,0.0,0.0,14.2,55.7,55.7,2.5,5.0,131.0,996.8,996.8,2.7,5.2
2024-04-27 21:24:48+02:00,15.9,15.9,13.9,7.2,57.0,20.6,88.0,0.0,0.0,0.0,0.0,0.0,0.0,14.2,55.7,55.7,6.9,16.6,114.0,996.8,996.8,2.7,5.1
2024-04-27 21:29:04+02:00,16.4,16.4,15.0,7.7,57.0,20.5,87.0,0.0,0.0,0.0,0.0,0.0,0.0,14.2,55.7,55.7,4.4,16.2,111.0,997.0,997.0,2.7,5.1
2024-04-27 21:35:28+02:00,17.0,17.0,15.2,7.2,53.0,20.4,87.0,0.0,0.0,0.0,0.0,0.0,0.0,14.2,55.7,55.7,6.0,16.6,135.0,997.1,997.1,2.7,5.1
2024-04-27 21:39:44+02:00,16.8,16.8,15.3,7.3,53.0,20.4,87.0,0.0,0.0,0.0,0.0,0.0,0.0,14.2,55.7,55.7,4.3,9.4,130.0,997.3,997.3,2.7,5.1
2024-04-27 21:44:00+02:00,16.8,16.8,15.3,7.4,54.0,20.3,87.0,0.0,0.0,0.0,0.0,0.0,0.0,14.2,55.7,55.7,4.6,9.4,140.0,997.6,997.6,2.7,5.1
2024-04-27 21:50:24+02:00,16.8,16.8,15.4,7.4,54.0,20.3,88.0,0.0,0.0,0.0,0.0,0.0,0.0,14.2,55.7,55.7,3.8,13.3,148.0,997.5,997.5,2.7,5.1
2024-04-27 21:54:40+02:00,16.7,16.7,15.0,7.5,54.0,20.2,87.0,0.0,0.0,0.0,0.0,0.0,0.0,14.2,55.7,55.7,5.8,7.9,124.0,997.5,997.5,2.7,5.1
2024-04-27 21:58:56+02:00,16.6,16.6,15.0,7.5,55.0,20.2,87.0,0.0,0.0,0.0,0.0,0.0,0.0,14.2,55.7,55.7,5.3,10.1,121.0,997.4,997.4,2.7,5.1
2024-04-27 22:05:20+02:00,16.5,16.5,15.3,7.5,55.0,20.1,87.0,0.0,0.0,0.0,0.0,0.0,0.0,14.2,55.7,55.7,3.1,5.8,133.0,997.5,997.5,2.7,5.1
2024-04-27 22:09:36+02:00,16.3,16.3,15.3,7.5,56.0,20.1,87.0,0.0,0.0,0.0,0.0,0.0,0.0,14.2,55.7,55.7,1.8,5.4,131.0,997.5,997.5,2.7,5.1
2024-04-27 22:16:00+02:00,16.2,16.2,15.0,7.6,57.0,20.0,87.0,0.0,0.0,0.0,0.0,0.0,0.0,14.2,55.7,55.7,3.5,10.4,134.0,997.4,997.4,2.7,5.1
2024-04-27 22:20:16+02:00,16.0,16.0,14.7,7.5,57.0,20.0,87.0,0.0,0.0,0.0,0.0,0.0,0.0,14.2,55.7,55.7,3.8,6.5,127.0,997.6,997.6,2.7,5.1
2024-04-27 22:24:32+02:00,16.0,16.0,14.6,7.7,58.0,19.9,87.0,0.0,0.0,0.0,0.0,0.0,0.0,14.2,55.7,55.7,4.4,6.8,118.0,997.6,997.6,2.7,5.1
2024-04-27 22:30:56+02:00,15.9,15.9,14.7,7.5,57.0,19.8,87.0,0.0,0.0,0.0,0.0,0.0,0.0,14.2,55.7,55.7,3.3,6.8,109.0,997.5,997.5,2.7,5.1
2024-04-27 22:35:12+02:00,15.6,15.6,14.6,7.6,59.0,19.8,87.0,0.0,0.0,0.0,0.0,0.0,0.0,14.2,55.7,55.7,1.9,3.2,98.0,997.5,997.5,2.7,5.1
2024-04-27 22:39:28+02:00,15.3,15.3,14.4,7.8,61.0,19.7,87.0,0.0,0.0,0.0,0.0,0.0,0.0,14.2,55.7,55.7,2.2,4.0,115.0,997.5,997.5,2.7,5.1
2024-04-27 22:45:52+02:00,15.2,15.2,14.3,7.8,61.0,19.7,87.0,0.0,0.0,0.0,0.0,0.0,0.0,14.2,55.7,55.7,1.8,3.2,78.0,997.6,997.6,2.7,5.1
2024-04-27 22:50:08+02:00,15.0,15.0,14.4,8.0,63.0,19.6,87.0,0.0,0.0,0.0,0.0,0.0,0.0,14.2,55.7,55.7,0.5,3.2,220.0,997.5,997.5,2.7,5.1
2024-04-27 22:54:24+02:00,14.8,14.8,13.3,8.0,64.0,19.6,87.0,0.0,0.0,0.0,0.0,0.0,0.0,14.2,55.7,55.7,5.2,7.9,126.0,997.8,997.8,2.7,5.1
2024-04-27 23:00:48+02:00,14.8,14.8,13.6,8.0,64.0,19.5,87.0,0.0,0.0,0.0,0.0,0.0,0.0,14.2,55.7,55.7,3.8,7.2,119.0,997.7,997.7,2.7,5.1
2024-04-27 23:05:04+02:00,15.0,15.0,13.8,7.7,62.0,19.4,87.0,0.0,0.0,0.0,0.0,0.0,0.0,14.2,55.7,55.7,3.2,4.3,128.0,997.8,997.8,2.7,5.1
2024-04-27 23:09:20+02:00,15.1,15.1,13.9,7.8,62.0,19.4,87.0,0.0,0.0,0.0,0.0,0.0,0.0,14.2,55.7,55.7,3.2,5.0,117.0,997.9,997.9,2.7,5.1
2024-04-27 23:15:44+02:00,15.0,15.0,14.0,8.3,64.0,19.3,87.0,0.0,0.0,0.0,0.0,0.0,0.0,14.2,55.7,55.7,2.9,5.0,107.0,997.9,997.9,2.7,5.0
2024-04-27 23:20:00+02:00,14.7,14.7,13.7,8.3,66.0,19.3,87.0,0.0,0.0,0.0,0.0,0.0,0.0,14.2,55.7,55.7,2.8,5.0,113.0,997.9,997.9,2.7,5.0
2024-04-27 23:24:16+02:00,14.7,14.7,13.5,8.1,65.0,19.2,87.0,0.0,0.0,0.0,0.0,0.0,0.0,14.2,55.7,55.7,3.4,6.1,99.0,997.9,997.9,2.7,5.0
2024-04-27 23:30:40+02:00,14.8,14.8,13.8,8.1,64.0,19.2,87.0,0.0,0.0,0.0,0.0,0.0,0.0,14.2,55.7,55.7,2.6,4.7,104.0,997.8,997.8,2.7,5.0
2024-04-27 23:34:56+02:00,14.6,14.6,13.7,8.0,65.0,19.1,87.0,0.0,0.0,0.0,0.0,0.0,0.0,14.2,55.7,55.7,2.0,4.0,57.0,997.7,997.7,2.7,5.0
2024-04-27 23:39:12+02:00,14.8,14.8,13.9,7.7,62.0,19.1,87.0,0.0,0.0,0.0,0.0,0.0,0.0,14.2,55.7,55.7,1.8,4.0,61.0,997.5,997.5,2.7,5.0
2024-04-27 23:45:36+02:00,14.7,14.7,14.1,8.0,64.0,19.0,87.0,0.0,0.0,0.0,0.0,0.0,0.0,14.2,55.7,55.7,0.7,3.2,89.0,997.5,997.5,2.7,5.0
2024-04-27 23:49:52+02:00,14.5,14.5,14.0,8.2,66.0,19.0,87.0,0.0,0.0,0.0,0.0,0.0,0.0,14.2,55.7,55.7,0.5,1.8,124.0,997.3,997.3,2.7,5.0
2024-04-27 23:54:08+02:00,14.1,14.1,13.7,8.4,69.0,18.9,87.0,0.0,0.0,0.0,0.0,0.0,0.0,14.2,55.7,55.7,0.0,1.8,306.0,997.2,997.2,2.7,5.0
2024-04-28 00:00:32+02:00,13.8,13.8,13.4,8.2,69.0,18.9,87.0,0.0,0.0,0.0,0.0,0.0,0.0,0.0,55.7,55.7,0.4,2.9,24.0,997.2,997.2,2.7,5.0
2024-04-28 00:04:48+02:00,13.9,13.9,13.3,8.2,69.0,18.8,87.0,0.0,0.0,0.0,0.0,0.0,0.0,0.0,55.7,55.7,0.7,2.9,18.0,997.0,997.0,2.7,5.0
2024-04-28 00:09:04+02:00,13.7,13.7,13.0,8.4,71.0,18.8,87.0,0.0,0.0,0.0,0.0,0.0,0.0,0.0,55.7,55.7,1.6,3.2,131.0,996.9,996.9,2.7,5.0
2024-04-28 00:15:28+02:00,13.3,13.3,13.0,8.3,72.0,18.7,87.0,0.0,0.0,0.0,0.0,0.0,0.0,0.0,55.7,55.7,0.0,3.2,123.0,996.9,996.9,2.7,5.0
2024-04-28 00:19:44+02:00,13.2,13.2,12.7,8.4,73.0,18.7,87.0,0.0,0.0,0.0,0.0,0.0,0.0,0.0,55.7,55.7,0.4,2.5,321.0,996.8,996.8,2.7,5.0
2024-04-28 00:24:00+02:00,13.1,13.1,12.6,8.1,72.0,18.6,87.0,0.0,0.0,0.0,0.0,0.0,0.0,0.0,55.7,55.7,0.4,5.0,303.0,996.7,996.7,2.7,5.0
2024-04-28 00:30:24+02:00,13.2,13.2,12.7,8.3,72.0,18.6,87.0,0.0,0.0,0.0,0.0,0.0,0.0,0.0,55.7,55.7,0.4,2.5,316.0,996.7,996.7,2.7,5.0
2024-04-28 00:34:40+02:00,13.0,13.0,12.3,8.5,74.0,18.5,87.0,0.0,0.0,0.0,0.0,0.0,0.0,0.0,55.7,55.7,2.1,4.0,104.0,996.7,996.7,2.7,5.0
2024-04-28 00:41:04+02:00,12.7,12.7,11.8,8.6,76.0,18.5,87.0,0.0,0.0,0.0,0.0,0.0,0.0,0.0,55.7,55.7,2.8,4.0,108.0,996.6,996.6,2.7,5.0
2024-04-28 00:45:20+02:00,12.5,12.5,12.0,8.5,77.0,18.4,87.0,0.0,0.0,0.0,0.0,0.0,0.0,0.0,55.7,55.7,0.8,3.6,104.0,996.7,996.7,2.7,5.0
2024-04-28 00:49:36+02:00,12.4,12.4,12.2,8.7,78.0,18.4,87.0,0.0,0.0,0.0,0.0,0.0,0.0,0.0,55.7,55.7,0.0,0.0,104.0,996.6,996.6,2.7,5.0
2024-04-28 00:56:00+02:00,12.3,12.3,11.7,8.7,78.0,18.3,87.0,0.0,0.0,0.0,0.0,0.0,0.0,0.0,55.7,55.7,1.9,4.0,99.0,996.7,996.7,2.7,5.0
2024-04-28 01:00:16+02:00,12.2,12.2,11.5,8.5,79.0,18.2,87.0,0.0,0.0,0.0,0.0,0.0,0.0,0.0,55.7,55.7,1.8,4.0,97.0,996.7,996.7,2.7,5.0
2024-04-28 01:04:32+02:00,12.2,12.2,11.7,8.6,79.0,18.2,87.0,0.0,0.0,0.0,0.0,0.0,0.0,0.0,55.7,55.7,0.8,2.9,126.0,996.6,996.6,2.7,4.9
2024-04-28 01:10:56+02:00,12.1,12.1,11.5,8.4,78.0,18.1,87.0,0.0,0.0,0.0,0.0,0.0,0.0,0.0,55.7,55.7,1.3,2.5,108.0,996.7,996.7,2.7,4.9
2024-04-28 01:15:12+02:00,12.1,12.1,11.3,8.5,79.0,18.1,87.0,0.0,0.0,0.0,0.0,0.0,0.0,0.0,55.7,55.7,2.2,3.6,104.0,996.6,996.6,2.7,4.9
2024-04-28 01:19:28+02:00,12.0,12.0,11.5,8.5,79.0,18.0,87.0,0.0,0.0,0.0,0.0,0.0,0.0,0.0,55.7,55.7,0.7,2.9,116.0,996.5,996.5,2.7,4.9
2024-04-28 01:25:52+02:00,11.9,11.9,11.5,8.6,80.0,17.9,87.0,0.0,0.0,0.0,0.0,0.0,0.0,0.0,55.7,55.7,0.9,2.5,13.0,996.5,996.5,2.7,4.9
2024-04-28 01:30:08+02:00,12.1,12.1,11.6,8.1,77.0,17.9,87.0,0.0,0.0,0.0,0.0,0.0,0.0,0.0,55.7,55.7,0.4,3.6,333.0,996.4,996.4,2.7,4.9
2024-04-28 01:34:24+02:00,12.3,12.3,11.7,8.1,76.0,17.8,87.0,0.0,0.0,0.0,0.0,0.0,0.0,0.0,55.7,55.7,0.8,2.5,49.0,996.3,996.3,2.7,4.9
2024-04-28 01:40:48+02:00,12.2,12.2,11.7,8.4,78.0,17.8,87.0,0.0,0.0,0.0,0.0,0.0,0.0,0.0,55.7,55.7,0.8,2.5,31.0,996.1,996.1,2.7,4.9
2024-04-28 01:45:04+02:00,12.2,12.2,11.4,8.0,75.0,17.7,87.0,0.0,0.0,0.0,0.0,0.0,0.0,0.0,55.7,55.7,1.4,3.6,125.0,996.2,996.2,2.7,4.9
2024-04-28 01:49:20+02:00,12.5,12.5,11.8,7.7,73.0,17.7,87.0,0.0,0.0,0.0,0.0,0.0,0.0,0.0,55.7,55.7,0.9,4.0,75.0,996.3,996.3,2.7,4.9
2024-04-28 01:55:44+02:00,12.7,12.7,11.8,7.8,72.0,17.6,87.0,0.0,0.0,0.0,0.0,0.0,0.0,0.0,55.7,55.7,1.6,3.2,107.0,996.2,996.2,2.7,4.9
2024-04-28 02:00:00+02:00,12.8,12.8,12.3,8.0,73.0,17.6,87.0,0.0,0.0,0.0,0.0,0.0,0.0,0.0,55.7,55.7,0.0,2.5,116.0,996.2,996.2,2.7,4.9
2024-04-28 02:04:16+02:00,12.9,12.9,11.9,7.7,71.0,17.5,87.0,0.0,0.0,0.0,0.0,0.0,0.0,0.0,55.7,55.7,2.7,5.4,115.0,996.2,996.2,2.7,4.9
2024-04-28 02:10:40+02:00,13.0,13.0,12.1,7.8,71.0,17.5,87.0,0.0,0.0,0.0,0.0,0.0,0.0,0.0,55.7,55.7,2.1,3.2,95.0,996.2,996.2,2.7,4.9
2024-04-28 02:14:56+02:00,13.2,13.2,12.2,7.8,70.0,17.5,87.0,0.0,0.0,0.0,0.0,0.0,0.0,0.0,55.7,55.7,2.4,3.6,108.0,996.2,996.2,2.7,4.9
2024-04-28 02:19:12+02:00,13.2,13.2,12.2,7.9,70.0,17.4,87.0,0.0,0.0,0.0,0.0,0.0,0.0,0.0,55.7,55.7,2.7,4.3,117.0,996.3,996.3,2.7,4.9
2024-04-28 02:25:36+02:00,13.3,13.3,12.4,7.8,69.0,17.4,87.0,0.0,0.0,0.0,0.0,0.0,0.0,0.0,55.7,55.7,2.3,6.1,102.0,996.3,996.3,2.7,4.9
2024-04-28 02:29:52+02:00,13.3,13.3,12.6,8.2,71.0,17.3,87.0,0.0,0.0,0.0,0.0,0.0,0.0,0.0,55.7,55.7,1.4,4.3,97.0,996.1,996.1,2.7,4.9
2024-04-28 02:34:08+02:00,13.3,13.3,12.2,7.7,69.0,17.3,87.0,0.0,0.0,0.0,0.0,0.0,0.0,0.0,55.7,55.7,2.5,7.9,48.0,996.0,996.0,2.7,4.9
2024-04-28 02:40:32+02:00,13.4,13.4,12.5,7.8,69.0,17.3,87.0,0.0,0.0,0.0,0.0,0.0,0.0,0.0,55.7,55.7,1.9,6.8,2.0,996.0,996.0,2.7,4.9
2024-04-28 02:44:48+02:00,13.5,13.5,12.5,7.7,68.0,17.2,87.0,0.0,0.0,0.0,0.0,0.0,0.0,0.0,55.7,55.7,2.5,6.1,87.0,995.8,995.8,2.7,4.9
2024-04-28 02:49:04+02:00,13.5,13.5,12.3,7.6,67.0,17.2,87.0,0.0,0.0,0.0,0.0,0.0,0.0,0.0,55.7,55.7,3.4,7.2,87.0,995.8,995.8,2.7,4.9
2024-04-28 02:55:28+02:00,13.7,13.7,12.6,7.5,66.0,17.2,87.0,0.0,0.0,0.0,0.0,0.0,0.0,0.0,55.7,55.7,2.7,7.6,87.0,995.9,995.9,2.7,4.8
2024-04-28 02:59:44+02:00,13.9,13.9,12.8,7.3,64.0,17.2,87.0,0.0,0.0,0.0,0.0,0.0,0.0,0.0,55.7,55.7,2.7,7.6,77.0,995.7,995.7,2.7,4.8
2024-04-28 03:04:00+02:00,13.9,13.9,12.9,7.3,64.0,17.1,87.0,0.0,0.0,0.0,0.0,0.0,0.0,0.0,55.7,55.7,1.9,5.8,75.0,995.7,995.7,2.7,4.8
2024-04-28 03:10:24+02:00,13.7,13.7,12.5,7.1,64.0,17.1,87.0,0.0,0.0,0.0,0.0,0.0,0.0,0.0,55.7,55.7,2.8,5.0,96.0,995.7,995.7,2.7,4.8
2024-04-28 03:14:40+02:00,13.8,13.8,12.5,7.1,64.0,17.1,87.0,0.0,0.0,0.0,0.0,0.0,0.0,0.0,55.7,55.7,3.2,6.8,66.0,995.5,995.5,2.7,4.8
2024-04-28 03:18:56+02:00,13.7,13.7,12.5,7.2,65.0,17.0,87.0,0.0,0.0,0.0,0.0,0.0,0.0,0.0,55.7,55.7,2.8,5.4,89.0,995.4,995.4,2.7,4.8
2024-04-28 03:25:20+02:00,13.5,13.5,12.4,7.1,65.0,17.0,87.0,0.0,0.0,0.0,0.0,0.0,0.0,0.0,55.7,55.7,2.2,6.5,62.0,995.3,995.3,2.7,4.8
2024-04-28 03:29:36+02:00,13.4,13.4,12.3,7.0,65.0,17.0,87.0,0.0,0.0,0.0,0.0,0.0,0.0,0.0,55.7,55.7,2.1,5.8,74.0,995.3,995.3,2.7,4.8
2024-04-28 03:36:00+02:00,13.4,13.4,12.1,7.0,65.0,16.9,87.0,0.0,0.0,0.0,0.0,0.0,0.0,0.0,55.7,55.7,3.2,5.4,85.0,995.3,995.3,2.7,4.8
2024-04-28 03:40:16+02:00,13.3,13.3,12.0,7.0,66.0,16.9,87.0,0.0,0.0,0.0,0.0,0.0,0.0,0.0,55.7,55.7,3.2,5.8,96.0,995.2,995.2,2.7,4.8
2024-04-28 03:44:32+02:00,12.9,12.9,11.8,7.1,68.0,16.8,87.0,0.0,0.0,0.0,0.0,0.0,0.0,0.0,55.7,55.7,2.2,4.3,116.0,995.4,995.4,2.7,4.8
2024-04-28 03:50:56+02:00,12.7,12.7,11.6,7.1,69.0,16.8,87.0,0.0,0.0,0.0,0.0,0.0,0.0,0.0,55.7,55.7,1.8,3.6,105.0,995.3,995.3,2.7,4.8
2024-04-28 03:55:12+02:00,12.5,12.5,11.4,7.3,70.0,16.8,87.0,0.0,0.0,0.0,0.0,0.0,0.0,0.0,55.7,55.7,2.3,4.0,108.0,995.4,995.4,2.7,4.8
2024-04-28 03:59:28+02:00,12.2,12.2,11.1,7.1,71.0,16.7,87.0,0.0,0.0,0.0,0.0,0.0,0.0,0.0,55.7,55.7,2.2,4.0,94.0,995.4,995.4,2.7,4.8
2024-04-28 04:05:52+02:00,12.1,12.1,10.9,7.2,72.0,16.7,87.0,0.0,0.0,0.0,0.0,0.0,0.0,0.0,55.7,55.7,2.5,4.3,112.0,995.3,995.3,2.7,4.8
2024-04-28 04:10:08+02:00,12.1,12.1,11.0,6.8,70.0,16.7,87.0,0.0,0.0,0.0,0.0,0.0,0.0,0.0,55.7,55.7,1.8,4.0,95.0,995.2,995.2,2.7,4.8
2024-04-28 04:14:24+02:00,11.9,11.9,10.6,7.0,72.0,16.6,87.0,0.0,0.0,0.0,0.0,0.0,0.0,0.0,55.7,55.7,3.4,4.7,104.0,995.3,995.3,2.7,4.8
2024-04-28 04:20:48+02:00,11.9,11.9,10.6,7.0,72.0,16.5,87.0,0.0,0.0,0.0,0.0,0.0,0.0,0.0,55.7,55.7,3.1,4.7,97.0,995.3,995.3,2.7,4.8
2024-04-28 04:25:04+02:00,12.0,12.0,10.6,7.2,73.0,16.5,87.0,0.0,0.0,0.0,0.0,0.0,0.0,0.0,55.7,55.7,3.5,4.0,119.0,995.2,995.2,2.7,4.8
2024-04-28 04:29:20+02:00,11.8,11.8,10.6,6.9,72.0,16.4,87.0,0.0,0.0,0.0,0.0,0.0,0.0,0.0,55.7,55.7,3.0,4.3,110.0,995.2,995.2,2.7,4.8
2024-04-28 04:35:44+02:00,11.9,11.9,10.7,7.0,72.0,16.4,87.0,0.0,0.0,0.0,0.0,0.0,0.0,0.0,55.7,55.7,2.9,4.3,109.0,995.2,995.2,2.7,4.8
2024-04-28 04:40:00+02:00,11.8,11.8,10.5,7.0,73.0,16.3,87.0,0.0,0.0,0.0,0.0,0.0,0.0,0.0,55.7,55.7,2.7,4.0,109.0,995.2,995.2,2.7,4.8
2024-04-28 04:44:16+02:00,11.7,11.7,10.4,7.0,73.0,16.3,87.0,0.0,0.0,0.0,0.0,0.0,0.0,0.0,55.7,55.7,3.2,5.0,98.0,995.1,995.1,2.7,4.7
2024-04-28 04:50:40+02:00,11.7,11.7,10.4,6.6,71.0,16.3,87.0,0.0,0.0,0.0,0.0,0.0,0.0,0.0,55.7,55.7,2.4,4.3,99.0,995.3,995.3,2.7,4.7
2024-04-28 04:54:56+02:00,11.9,11.9,10.6,6.6,70.0,16.2,87.0,0.0,0.0,0.0,0.0,0.0,0.0,0.0,55.7,55.7,3.0,4.3,91.0,995.1,995.1,2.7,4.7
2024-04-28 04:59:12+02:00,12.4,12.4,10.9,6.3,66.0,16.2,87.0,0.0,0.0,0.0,0.0,0.0,0.0,0.0,55.7,55.7,3.4,5.0,98.0,995.4,995.4,2.7,4.7
2024-04-28 05:05:36+02:00,12.2,12.2,10.8,6.7,69.0,16.2,87.0,0.0,0.0,0.0,0.0,0.0,0.0,0.0,55.7,55.7,3.5,7.2,108.0,995.4,995.4,2.7,4.7
2024-04-28 05:09:52+02:00,12.9,12.9,10.4,6.0,63.0,16.1,87.0,0.0,0.0,0.0,0.0,0.0,0.0,0.0,55.7,55.7,8.2,13.0,110.0,995.4,995.4,2.7,4.7
2024-04-28 05:14:08+02:00,14.4,14.4,11.7,5.2,54.0,16.1,87.0,0.0,0.0,0.0,0.0,0.0,0.0,0.0,55.7,55.7,8.6,17.3,128.0,995.4,995.4,2.7,4.7
2024-04-28 05:20:32+02:00,15.1,15.1,12.3,5.4,52.0,16.1,87.0,0.0,0.0,0.0,0.0,0.0,0.0,0.0,55.7,55.7,8.9,14.4,122.0,995.4,995.4,2.7,4.7
2024-04-28 05:24:48+02:00,15.4,15.4,12.7,5.2,51.0,16.1,87.0,0.0,0.0,0.0,0.0,0.0,0.0,0.0,55.7,55.7,8.2,15.1,116.0,995.3,995.3,2.7,4.7
2024-04-28 05:29:04+02:00,15.5,15.5,13.0,5.3,51.0,16.1,87.0,0.0,0.0,0.0,0.0,0.0,0.0,0.0,55.7,55.7,7.2,15.1,125.0,995.3,995.3,2.7,4.7
2024-04-28 05:35:28+02:00,15.5,15.5,13.5,5.6,52.0,16.1,87.0,0.0,0.0,0.0,0.0,0.0,0.0,0.0,55.7,55.7,5.1,12.2,127.0,995.4,995.4,2.7,4.7
2024-04-28 05:39:44+02:00,15.4,15.4,13.2,5.8,53.0,16.1,88.0,0.0,0.0,0.0,0.0,0.0,0.0,0.0,55.7,55.7,6.0,11.2,115.0,995.5,995.5,2.7,4.7
2024-04-28 05:44:00+02:00,15.5,15.5,13.1,5.6,52.0,16.1,88.0,0.1,0.0,0.0,0.0,0.0,0.0,0.0,55.7,55.7,7.1,12.2,122.0,995.6,995.6,2.7,4.7
2024-04-28 05:50:24+02:00,15.7,15.7,12.9,5.3,50.0,16.1,88.0,0.2,0.0,0.0,0.0,0.0,0.0,0.0,55.7,55.7,9.0,17.3,124.0,995.6,995.6,2.7,4.7
2024-04-28 05:54:40+02:00,15.7,15.7,13.6,5.7,52.0,16.1,88.0,0.4,0.0,0.0,0.0,0.0,0.0,0.0,55.7,55.7,5.8,11.9,117.0,995.4,995.4,2.7,4.7
2024-04-28 06:01:04+02:00,15.5,15.5,12.7,5.2,50.0,16.1,88.0,0.9,0.0,0.0,0.0,0.0,0.0,0.0,55.7,55.7,8.9,16.2,108.0,995.6,995.6,2.7,4.7
2024-04-28 06:05:20+02:00,16.0,16.0,13.0,5.3,49.0,16.1,88.0,1.6,0.0,0.0,0.0,0.0,0.0,0.0,55.7,55.7,9.9,22.0,127.0,995.6,995.6,2.7,4.7
2024-04-28 06:09:36+02:00,15.9,15.9,11.8,5.2,49.0,16.1,88.0,2.7,0.0,0.0,0.0,0.0,0.0,0.0,55.7,55.7,15.6,37.4,129.0,995.6,995.6,2.7,4.7
2024-04-28 06:16:00+02:00,16.0,16.0,12.7,5.2,49.0,16.1,88.0,4.2,0.0,0.0,0.0,0.0,0.0,0.0,55.7,55.7,11.5,37.4,115.0,995.8,995.8,2.7,4.7
2024-04-28 06:20:16+02:00,16.0,16.0,12.4,5.4,49.0,16.2,88.0,6.4,0.0,0.0,0.0,0.0,0.0,0.0,55.7,55.7,13.1,28.8,120.0,995.7,995.7,2.7,4.7
2024-04-28 06:24:32+02:00,15.8,15.8,12.4,5.6,50.0,16.2,88.0,9.8,0.0,0.0,0.0,0.0,0.0,0.0,55.7,55.7,12.7,23.4,117.0,995.8,995.8,2.7,4.7
2024-04-28 06:30:56+02:00,15.8,15.8,13.1,5.6,51.0,16.2,88.0,13.2,0.0,0.0,0.0,0.0,0.0,0.0,55.7,55.7,8.5,21.2,128.0,996.0,996.0,2.7,4.7
2024-04-28 06:35:12+02:00,15.8,15.8,12.2,5.9,52.0,16.2,88.0,14.7,0.0,0.0,0.0,0.0,0.0,0.0,55.7,55.7,13.8,23.8,130.0,996.0,996.0,2.7,4.7
2024-04-28 06:39:28+02:00,15.8,15.8,12.0,6.3,53.0,16.2,88.0,15.2,0.0,0.0,0.0,0.0,0.0,0.0,55.7,55.7,15.3,23.8,125.0,996.1,996.1,2.7,4.7
2024-04-28 06:45:52+02:00,15.9,15.9,12.4,6.6,54.0,16.2,88.0,16.3,0.0,0.0,0.0,0.0,0.0,0.0,55.7,55.7,14.0,30.2,125.0,996.0,996.0,2.7,4.7
2024-04-28 06:50:08+02:00,15.9,15.9,12.4,6.6,54.0,16.3,88.0,16.3,0.0,0.0,0.0,0.0,0.0,0.0,55.7,55.7,14.0,30.2,125.0,996.1,996.1,2.7,4.7
2024-04-28 06:54:24+02:00,15.8,15.8,12.9,6.9,55.0,16.3,89.0,16.3,0.0,0.0,0.0,0.0,0.0,0.0,55.7,55.7,11.4,22.3,124.0,996.1,996.1,2.7,4.7
2024-04-28 07:00:48+02:00,15.8,15.8,11.8,6.9,56.0,16.3,89.0,19.2,0.0,0.0,0.0,0.0,0.0,0.0,55.7,55.7,17.3,25.2,113.0,996.0,996.0,2.7,4.7
2024-04-28 07:05:04+02:00,15.7,15.7,12.8,7.2,57.0,16.3,89.0,27.1,0.0,0.0,0.0,0.0,0.0,0.0,55.7,55.7,11.4,17.3,124.0,996.1,996.1,2.7,4.6
2024-04-28 07:09:20+02:00,15.7,15.7,12.8,7.2,57.0,16.3,89.0,32.5,0.0,0.0,0.0,0.0,0.0,0.0,55.7,55.7,11.8,23.8,130.0,996.2,996.2,2.7,4.6
2024-04-28 07:15:44+02:00,15.8,15.8,13.7,7.3,57.0,16.4,89.0,36.9,0.0,0.0,0.0,0.0,0.0,0.0,55.7,55.7,7.8,21.6,130.0,996.2,996.2,2.7,4.7
2024-04-28 07:20:00+02:00,15.9,15.9,13.3,7.4,57.0,16.4,89.0,32.4,0.0,0.0,0.0,0.0,0.0,0.0,55.7,55.7,10.4,22.3,125.0,996.2,996.2,2.7,4.7
2024-04-28 07:24:16+02:00,16.0,16.0,12.4,7.4,56.0,16.5,89.0,31.2,0.0,0.0,0.0,0.0,0.0,0.0,55.7,55.7,15.5,22.0,127.0,996.2,996.2,2.7,4.7
2024-04-28 07:30:40+02:00,16.0,16.0,12.5,7.4,57.0,16.5,89.0,30.6,0.0,0.0,0.0,0.0,0.0,0.0,55.7,55.7,14.7,24.8,124.0,996.2,996.2,2.7,4.7
2024-04-28 07:34:56+02:00,16.2,16.2,12.9,7.5,56.0,16.5,89.0,30.1,0.0,0.0,0.0,0.0,0.0,0.0,55.7,55.7,13.5,25.2,123.0,996.3,996.3,2.7,4.7
2024-04-28 07:39:12+02:00,16.2,16.2,13.0,7.4,56.0,16.5,89.0,16.2,0.0,0.0,0.0,0.0,0.0,0.0,55.7,55.7,13.0,27.7,125.0,996.3,996.3,2.7,4.7
2024-04-28 07:45:36+02:00,16.2,16.2,13.0,7.6,57.0,16.6,89.0,18.3,0.0,0.0,0.0,0.0,0.0,0.0,55.7,55.7,13.5,24.5,123.0,996.5,996.5,2.7,4.7
2024-04-28 07:49:52+02:00,16.2,16.2,13.0,7.6,56.0,16.6,89.0,27.8,0.0,0.0,0.0,0.0,0.0,0.0,55.7,55.7,13.7,29.9,137.0,996.7,996.7,2.7,4.7
2024-04-28 07:54:08+02:00,16.2,16.2,13.0,7.6,57.0,16.7,89.0,47.4,0.0,0.0,0.0,0.0,0.0,0.0,55.7,55.7,13.5,27.0,127.0,996.6,996.6,2.7,4.7
2024-04-28 08:00:32+02:00,16.3,16.3,13.2,7.7,57.0,16.7,89.0,48.6,0.0,0.0,0.0,0.0,0.0,0.0,55.7,55.7,13.2,31.3,135.0,996.5,996.5,2.7,4.7
2024-04-28 08:04:48+02:00,16.3,16.3,12.6,7.7,57.0,16.7,89.0,56.5,0.0,0.0,0.0,0.0,0.0,0.0,55.7,55.7,16.5,31.0,131.0,996.4,996.4,2.7,4.7
2024-04-28 08:09:04+02:00,16.3,16.3,13.5,7.8,57.0,16.7,89.0,51.6,0.0,0.0,0.0,0.0,0.0,0.0,55.7,55.7,11.6,25.9,117.0,996.5,996.5,2.7,4.7
2024-04-28 08:15:28+02:00,16.3,16.3,13.9,7.8,57.0,16.8,90.0,62.4,0.0,0.0,0.0,0.0,0.0,0.0,55.7,55.7,9.6,21.2,129.0,996.5,996.5,2.7,4.7
2024-04-28 08:19:44+02:00,16.2,16.2,13.4,7.9,58.0,16.8,90.0,82.6,0.0,0.0,0.0,0.0,0.0,0.0,55.7,55.7,12.0,24.5,129.0,996.4,996.4,2.7,4.7
2024-04-28 08:24:00+02:00,16.4,16.4,13.7,8.0,58.0,16.9,90.0,93.3,0.0,0.0,0.0,0.0,0.0,0.0,55.7,55.7,11.7,27.4,116.0,996.5,996.5,2.7,4.7
2024-04-28 08:30:24+02:00,16.3,16.3,13.8,8.1,58.0,16.9,90.0,90.1,0.0,0.0,0.0,0.0,0.0,0.0,55.7,55.7,10.7,21.2,129.0,996.5,996.5,2.7,4.7
2024-04-28 08:34:40+02:00,16.3,16.3,13.7,8.1,58.0,17.0,90.0,82.0,0.0,0.0,0.0,0.0,0.0,0.0,55.7,55.7,11.2,29.2,119.0,996.6,996.6,2.7,4.8
2024-04-28 08:38:56+02:00,16.3,16.3,13.4,8.1,58.0,17.0,90.0,74.2,0.0,0.0,0.0,0.0,0.0,0.0,55.7,55.7,12.8,26.6,122.0,996.6,996.6,2.7,4.8
2024-04-28 08:45:20+02:00,16.4,16.4,12.7,7.9,57.0,17.1,90.0,105.1,0.0,0.0,0.0,0.0,0.0,0.0,55.7,55.7,16.5,29.9,121.0,996.6,996.6,2.7,4.8
2024-04-28 08:49:36+02:00,16.4,16.4,13.6,8.1,58.0,17.1,90.0,104.7,0.0,0.0,0.0,0.0,0.0,0.0,55.7,55.7,12.5,22.0,128.0,996.7,996.7,2.7,4.8
2024-04-28 08:56:00+02:00,16.5,16.5,12.6,7.9,57.0,17.2,90.0,156.3,1.0,0.0,0.0,0.0,0.0,0.0,55.7,55.7,17.9,33.1,117.0,996.6,996.6,2.7,4.8
2024-04-28 09:00:16+02:00,16.6,16.6,13.5,8.0,57.0,17.2,90.0,78.6,0.0,0.0,0.0,0.0,0.0,0.0,55.7,55.7,13.2,33.1,128.0,996.7,996.7,2.7,4.8
2024-04-28 09:04:32+02:00,16.6,16.6,13.4,7.9,56.0,17.3,90.0,70.9,0.0,0.0,0.0,0.0,0.0,0.0,55.7,55.7,13.8,27.7,115.0,996.6,996.6,2.7,4.8
2024-04-28 09:10:56+02:00,16.6,16.6,13.0,7.8,56.0,17.3,90.0,95.6,0.0,0.0,0.0,0.0,0.0,0.0,55.7,55.7,16.1,31.7,129.0,996.6,996.6,2.7,4.8
2024-04-28 09:15:12+02:00,16.7,16.7,13.1,7.8,56.0,17.4,90.0,107.8,1.0,0.0,0.0,0.0,0.0,0.0,55.7,55.7,15.3,28.8,128.0,996.7,996.7,2.7,4.9
2024-04-28 09:19:28+02:00,16.7,16.7,13.4,7.9,56.0,17.4,90.0,142.2,1.0,0.0,0.0,0.0,0.0,0.0,55.7,55.7,14.5,29.2,121.0,996.6,996.6,2.7,4.9
2024-04-28 09:25:52+02:00,16.7,16.7,13.4,7.7,55.0,17.5,90.0,214.8,1.0,0.0,0.0,0.0,0.0,0.0,55.7,55.7,14.5,29.2,122.0,996.4,996.4,2.7,4.9
2024-04-28 09:30:08+02:00,16.8,16.8,13.4,7.6,54.0,17.6,91.0,276.8,2.0,0.0,0.0,0.0,0.0,0.0,55.7,55.7,14.9,27.0,121.0,996.4,996.4,2.7,4.9
2024-04-28 09:34:24+02:00,17.2,17.2,14.2,7.6,53.0,17.7,91.0,315.1,2.0,0.0,0.0,0.0,0.0,0.0,55.7,55.7,12.2,30.2,122.0,996.4,996.4,2.7,5.0
2024-04-28 09:40:48+02:00,17.3,17.3,13.9,7.5,53.0,17.8,91.0,152.5,1.0,0.0,0.0,0.0,0.0,0.0,55.7,55.7,14.3,30.2,129.0,996.5,996.5,2.7,5.0
2024-04-28 09:45:04+02:00,17.2,17.2,13.1,7.4,53.0,17.8,91.0,118.0,1.0,0.0,0.0,0.0,0.0,0.0,55.7,55.7,17.6,30.6,123.0,996.7,996.7,2.7,5.1
2024-04-28 09:49:20+02:00,17.2,17.2,13.6,7.4,53.0,18.0,91.0,155.8,1.0,0.0,0.0,0.0,0.0,0.0,55.7,55.7,15.2,38.9,128.0,996.9,996.9,2.7,5.1
2024-04-28 09:55:44+02:00,17.2,17.2,13.7,7.7,54.0,18.1,91.0,196.3,1.0,0.0,0.0,0.0,0.0,0.0,55.7,55.7,15.1,29.2,129.0,997.0,997.0,2.7,5.1
2024-04-28 10:00:00+02:00,17.2,17.2,13.9,7.7,54.0,18.2,91.0,277.4,2.0,0.0,0.0,0.0,0.0,0.0,55.7,55.7,14.0,32.4,129.0,997.3,997.3,2.7,5.1
2024-04-28 10:04:16+02:00,17.4,17.4,11.6,7.8,53.0,18.3,91.0,342.6,3.0,0.0,0.0,0.0,0.0,0.0,55.7,55.7,27.4,37.4,124.0,997.3,997.3,2.7,5.2
2024-04-28 10:10:40+02:00,17.4,17.4,13.2,7.9,53.0,18.4,91.0,332.4,3.0,0.0,0.0,0.0,0.0,0.0,55.7,55.7,19.4,40.0,137.0,997.4,997.4,2.7,5.2
2024-04-28 10:14:56+02:00,17.6,17.6,13.6,8.2,54.0,18.5,91.0,361.3,3.0,0.0,0.0,0.0,0.0,0.0,55.7,55.7,18.5,34.6,127.0,997.5,997.5,2.7,5.2
2024-04-28 10:19:12+02:00,17.6,17.6,13.9,8.0,53.0,18.8,91.0,373.9,3.0,0.0,0.0,0.0,0.0,0.0,55.7,55.7,16.6,34.2,130.0,997.4,997.4,2.7,5.2
2024-04-28 10:25:36+02:00,17.9,17.9,12.3,7.8,52.0,19.0,91.0,393.6,3.0,0.0,0.0,0.0,0.0,0.0,55.7,55.7,26.1,41.0,127.0,997.5,997.5,2.7,5.2
2024-04-28 10:29:52+02:00,17.7,17.7,13.7,8.1,53.0,19.2,91.0,409.0,3.0,0.0,0.0,0.0,0.0,0.0,55.7,55.7,18.3,36.4,122.0,997.5,997.5,2.7,5.2
2024-04-28 10:34:08+02:00,18.0,18.0,14.9,8.2,53.0,19.5,91.0,409.4,3.0,0.0,0.0,0.0,0.0,0.0,55.7,55.7,13.5,33.8,134.0,997.7,997.7,2.7,5.2
2024-04-28 10:40:32+02:00,18.1,18.1,14.9,8.3,53.0,19.7,91.0,428.3,3.0,0.0,0.0,0.0,0.0,0.0,55.7,55.7,14.4,27.4,137.0,997.6,997.6,2.7,5.2
2024-04-28 10:44:48+02:00,18.2,18.2,14.9,8.4,53.0,20.0,91.0,470.8,4.0,0.0,0.0,0.0,0.0,0.0,55.7,55.7,15.3,31.0,134.0,997.7,997.7,2.7,5.2
2024-04-28 10:49:04+02:00,18.2,18.2,13.0,7.9,51.0,20.2,91.0,426.0,3.0,0.0,0.0,0.0,0.0,0.0,55.7,55.7,24.2,42.8,125.0,997.7,997.7,2.7,5.2
2024-04-28 10:55:28+02:00,17.8,17.8,13.2,7.4,50.0,20.5,91.0,445.9,4.0,0.0,0.0,0.0,0.0,0.0,55.7,55.7,20.5,42.8,128.0,997.8,997.8,2.7,5.3
2024-04-28 10:59:44+02:00,18.1,18.1,13.8,7.3,49.0,20.7,91.0,467.9,4.0,0.0,0.0,0.0,0.0,0.0,55.7,55.7,19.4,39.2,126.0,997.8,997.8,2.7,5.3
2024-04-28 11:04:00+02:00,18.2,18.2,13.6,7.2,48.0,20.8,91.0,479.6,4.0,0.0,0.0,0.0,0.0,0.0,55.7,55.7,20.2,41.4,136.0,997.9,997.9,2.7,5.3
2024-04-28 11:10:24+02:00,18.5,18.5,14.7,7.3,48.0,21.0,91.0,498.8,4.0,0.0,0.0,0.0,0.0,0.0,55.7,55.7,16.3,31.7,141.0,998.0,998.0,2.7,5.3
2024-04-28 11:14:40+02:00,18.9,18.9,15.7,7.3,47.0,21.2,91.0,479.1,4.0,0.0,0.0,0.0,0.0,0.0,55.7,55.7,13.2,25.2,143.0,998.0,998.0,2.7,5.3
2024-04-28 11:21:04+02:00,19.1,19.1,15.5,7.3,46.0,21.5,91.0,505.2,4.0,0.0,0.0,0.0,0.0,0.0,55.7,55.7,15.4,35.3,144.0,998.0,998.0,2.7,5.3
2024-04-28 11:25:20+02:00,18.8,18.8,15.8,7.4,48.0,21.7,91.0,526.0,4.0,0.0,0.0,0.0,0.0,0.0,55.7,55.7,12.2,35.3,137.0,997.9,997.9,2.7,5.3
2024-04-28 11:29:36+02:00,18.9,18.9,15.8,7.6,48.0,22.0,90.0,501.1,4.0,0.0,0.0,0.0,0.0,0.0,55.7,55.7,12.7,30.2,140.0,997.9,997.9,2.7,5.3
2024-04-28 11:36:00+02:00,18.5,18.5,13.2,7.2,48.0,22.2,90.0,534.3,4.0,0.0,0.0,0.0,0.0,0.0,55.7,55.7,23.8,34.2,114.0,998.0,998.0,2.7,5.3
2024-04-28 11:40:16+02:00,18.6,18.6,14.2,7.4,48.0,22.3,90.0,538.2,5.0,0.0,0.0,0.0,0.0,0.0,55.7,55.7,19.6,29.9,128.0,998.0,998.0,2.7,5.3
2024-04-28 11:44:32+02:00,18.5,18.5,14.2,7.4,49.0,22.5,90.0,584.0,5.0,0.0,0.0,0.0,0.0,0.0,55.7,55.7,18.6,33.1,128.0,998.0,998.0,2.7,5.3
2024-04-28 11:50:56+02:00,18.4,18.4,14.5,7.4,49.0,22.7,90.0,550.8,5.0,0.0,0.0,0.0,0.0,0.0,55.7,55.7,16.8,33.1,131.0,998.1,998.1,2.7,5.3
2024-04-28 11:55:12+02:00,18.6,18.6,14.9,7.4,48.0,22.8,90.0,589.7,5.0,0.0,0.0,0.0,0.0,0.0,55.7,55.7,15.7,30.2,132.0,998.2,998.2,2.7,5.3
2024-04-28 11:59:28+02:00,18.6,18.6,15.1,7.3,48.0,23.0,90.0,557.5,5.0,0.0,0.0,0.0,0.0,0.0,55.7,55.7,14.9,33.1,139.0,998.2,998.2,2.7,5.3
2024-04-28 12:05:52+02:00,18.6,18.6,14.3,7.6,49.0,23.1,90.0,575.5,5.0,0.0,0.0,0.0,0.0,0.0,55.7,55.7,19.2,34.6,126.0,998.2,998.2,2.7,5.3
2024-04-28 12:10:08+02:00,18.7,18.7,15.0,7.4,48.0,23.2,90.0,555.0,5.0,0.0,0.0,0.0,0.0,0.0,55.7,55.7,16.1,33.5,128.0,998.3,998.3,2.7,5.3
2024-04-28 12:14:24+02:00,18.8,18.8,14.6,7.5,48.0,23.4,90.0,548.3,5.0,0.0,0.0,0.0,0.0,0.0,55.7,55.7,18.5,51.1,125.0,998.3,998.3,2.7,5.3
2024-04-28 12:20:48+02:00,19.1,19.1,16.0,7.8,48.0,23.6,90.0,584.9,5.0,0.0,0.0,0.0,0.0,0.0,55.7,55.7,13.0,30.2,125.0,998.4,998.4,2.7,5.3
2024-04-28 12:25:04+02:00,19.0,19.0,14.7,7.5,47.0,23.8,90.0,642.3,5.0,0.0,0.0,0.0,0.0,0.0,55.7,55.7,19.1,36.7,119.0,998.6,998.6,2.7,5.3
2024-04-28 12:29:20+02:00,18.8,18.8,15.5,7.4,47.0,23.9,89.0,627.3,5.0,0.0,0.0,0.0,0.0,0.0,55.7,55.7,13.8,33.5,133.0,998.7,998.7,2.7,5.3
2024-04-28 12:35:44+02:00,18.5,18.5,14.5,7.1,47.0,24.0,89.0,191.4,1.0,0.0,0.0,0.0,0.0,0.0,55.7,55.7,17.3,42.5,131.0,998.8,998.8,2.7,5.3
2024-04-28 12:40:00+02:00,18.1,18.1,14.6,6.8,48.0,24.1,89.0,172.4,1.0,0.0,0.0,0.0,0.0,0.0,55.7,55.7,14.0,42.5,125.0,998.8,998.8,2.7,5.3
2024-04-28 12:44:16+02:00,18.0,18.0,15.1,7.0,48.0,24.1,89.0,199.8,1.0,0.0,0.0,0.0,0.0,0.0,55.7,55.7,11.5,26.3,140.0,998.7,998.7,2.7,5.3
2024-04-28 12:50:40+02:00,18.3,18.3,15.8,7.1,48.0,24.1,89.0,265.5,2.0,0.0,0.0,0.0,0.0,0.0,55.7,55.7,9.0,23.8,150.0,998.7,998.7,2.7,5.3
2024-04-28 12:54:56+02:00,18.4,18.4,15.2,7.1,48.0,24.1,89.0,351.8,3.0,0.0,0.0,0.0,0.0,0.0,55.7,55.7,12.8,34.2,130.0,998.8,998.8,2.7,5.3
2024-04-28 12:59:12+02:00,18.2,18.2,13.9,6.5,46.0,24.1,89.0,322.2,2.0,0.0,0.0,0.0,0.0,0.0,55.7,55.7,17.9,41.4,131.0,998.8,998.8,2.7,5.3
2024-04-28 13:05:36+02:00,18.2,18.2,14.3,6.3,46.0,24.1,89.0,260.7,2.0,0.0,0.0,0.0,0.0,0.0,55.7,55.7,15.5,28.8,133.0,998.7,998.7,2.7,5.3
2024-04-28 13:09:52+02:00,18.2,18.2,13.8,6.6,47.0,24.1,88.0,308.4,2.0,0.0,0.0,0.0,0.0,0.0,55.7,55.7,18.6,36.4,126.0,998.8,998.8,2.7,5.3
2024-04-28 13:14:08+02:00,18.1,18.1,12.3,6.5,47.0,24.0,88.0,539.1,5.0,0.0,0.0,0.0,0.0,0.0,55.7,55.7,25.1,46.1,124.0,998.8,998.8,2.7,5.3
2024-04-28 13:20:32+02:00,18.2,18.2,13.0,6.5,46.0,24.0,88.0,306.1,2.0,0.0,0.0,0.0,0.0,0.0,55.7,55.7,22.8,45.7,130.0,998.9,998.9,2.7,5.3
2024-04-28 13:24:48+02:00,18.0,18.0,13.2,6.1,46.0,24.0,88.0,243.1,2.0,0.0,0.0,0.0,0.0,0.0,55.7,55.7,20.0,34.2,140.0,998.9,998.9,2.7,5.3
2024-04-28 13:29:04+02:00,17.9,17.9,14.2,6.5,47.0,24.0,88.0,539.4,5.0,0.0,0.0,0.0,0.0,0.0,55.7,55.7,14.8,31.7,130.0,998.9,998.9,2.7,5.3
2024-04-28 13:35:28+02:00,18.5,18.5,13.2,6.4,45.0,24.0,88.0,537.5,4.0,0.0,0.0,0.0,0.0,0.0,55.7,55.7,22.8,42.1,120.0,998.9,998.9,2.7,5.3
2024-04-28 13:39:44+02:00,18.7,18.7,15.1,7.1,47.0,24.1,88.0,432.8,4.0,0.0,0.0,0.0,0.0,0.0,55.7,55.7,14.6,29.5,124.0,998.8,998.8,2.7,5.3
2024-04-28 13:44:00+02:00,18.9,18.9,14.6,6.8,45.0,24.1,88.0,597.3,5.0,0.0,0.0,0.0,0.0,0.0,55.7,55.7,18.0,36.4,128.0,998.8,998.8,2.7,5.3
2024-04-28 13:50:24+02:00,18.7,18.7,14.0,6.6,45.0,24.2,88.0,580.4,5.0,0.0,0.0,0.0,0.0,0.0,55.7,55.7,19.9,36.4,128.0,998.9,998.9,2.7,5.3
2024-04-28 13:54:40+02:00,18.2,18.2,13.2,6.4,46.0,24.2,88.0,323.6,3.0,0.0,0.0,0.0,0.0,0.0,55.7,55.7,21.0,39.2,124.0,998.9,998.9,2.7,5.3
2024-04-28 13:58:56+02:00,18.4,18.4,14.3,6.4,45.0,24.2,88.0,564.6,5.0,0.0,0.0,0.0,0.0,0.0,55.7,55.7,16.9,32.8,141.0,999.0,999.0,2.7,5.3
2024-04-28 14:05:20+02:00,18.5,18.5,14.4,6.5,46.0,24.2,88.0,582.1,5.0,0.0,0.0,0.0,0.0,0.0,55.7,55.7,16.9,32.8,133.0,999.1,999.1,2.7,5.3
2024-04-28 14:09:36+02:00,18.6,18.6,13.7,6.5,45.0,24.2,88.0,358.0,3.0,0.0,0.0,0.0,0.0,0.0,55.7,55.7,20.9,38.2,136.0,999.2,999.2,2.7,5.3
2024-04-28 14:16:00+02:00,18.1,18.1,12.1,6.6,47.0,24.2,88.0,284.9,2.0,0.0,0.0,0.0,0.0,0.0,55.7,55.7,26.9,42.5,123.0,999.4,999.4,2.7,5.3
2024-04-28 14:20:16+02:00,17.9,17.9,13.1,6.8,48.0,24.2,87.0,258.6,2.0,0.0,0.0,0.0,0.0,0.0,55.7,55.7,20.8,36.7,115.0,999.5,999.5,2.7,5.3
2024-04-28 14:24:32+02:00,18.0,18.0,14.1,6.5,47.0,24.1,87.0,233.5,2.0,0.0,0.0,0.0,0.0,0.0,55.7,55.7,15.6,32.4,132.0,999.5,999.5,2.7,5.3
2024-04-28 14:30:56+02:00,17.8,17.8,14.3,6.4,47.0,24.1,87.0,248.0,2.0,0.0,0.0,0.0,0.0,0.0,55.7,55.7,13.9,40.7,141.0,999.6,999.6,2.7,5.3
2024-04-28 14:35:12+02:00,18.1,18.1,15.4,6.7,47.0,24.0,87.0,256.6,2.0,0.0,0.0,0.0,0.0,0.0,55.7,55.7,9.7,21.2,140.0,999.7,999.7,2.7,5.3
2024-04-28 14:39:28+02:00,18.0,18.0,14.6,7.0,48.0,24.0,87.0,220.4,2.0,0.0,0.0,0.0,0.0,0.0,55.7,55.7,14.3,29.2,120.0,999.7,999.7,2.7,5.3
2024-04-28 14:45:52+02:00,18.0,18.0,14.8,6.8,48.0,24.0,87.0,243.4,2.0,0.0,0.0,0.0,0.0,0.0,55.7,55.7,12.7,27.0,137.0,999.7,999.7,2.7,5.3
2024-04-28 14:50:08+02:00,18.1,18.1,14.5,7.0,48.0,23.9,87.0,224.5,2.0,0.0,0.0,0.0,0.0,0.0,55.7,55.7,15.1,27.0,119.0,999.7,999.7,2.7,5.3
2024-04-28 14:54:24+02:00,17.9,17.9,14.3,6.8,48.0,23.9,87.0,228.1,2.0,0.0,0.0,0.0,0.0,0.0,55.7,55.7,14.6,33.8,122.0,999.9,999.9,2.7,5.3
2024-04-28 15:00:48+02:00,18.3,18.3,15.9,7.0,48.0,23.9,87.0,241.8,2.0,0.0,0.0,0.0,0.0,0.0,55.7,55.7,8.5,30.2,148.0,999.8,999.8,2.7,5.3
2024-04-28 15:05:04+02:00,18.2,18.2,15.3,6.9,48.0,23.9,88.0,199.8,1.0,0.0,0.0,0.0,0.0,0.0,55.7,55.7,11.4,31.3,151.0,1000.0,1000.0,2.7,5.3
2024-04-28 15:09:20+02:00,18.0,18.0,14.9,7.2,49.0,23.8,87.0,225.0,2.0,0.0,0.0,0.0,0.0,0.0,55.7,55.7,12.7,31.3,119.0,1000.1,1000.1,2.7,5.3
2024-04-28 15:15:44+02:00,18.0,18.0,14.8,7.3,49.0,23.8,88.0,221.6,2.0,0.0,0.0,0.0,0.0,0.0,55.7,55.7,13.0,38.2,131.0,1000.3,1000.3,2.7,5.3
2024-04-28 15:20:00+02:00,17.8,17.8,13.7,7.1,50.0,23.8,87.0,177.8,1.0,0.0,0.0,0.0,0.0,0.0,55.7,55.7,17.8,32.8,139.0,1000.5,1000.5,2.7,5.3
2024-04-28 15:24:16+02:00,17.4,17.4,13.5,7.2,51.0,23.8,87.0,103.5,0.0,0.0,0.0,0.0,0.0,0.0,55.7,55.7,16.9,32.8,126.0,1000.7,1000.7,2.7,5.3
2024-04-28 15:30:40+02:00,17.2,17.2,13.4,7.1,51.0,23.7,87.0,183.2,1.0,0.0,0.0,0.0,0.0,0.0,55.7,55.7,16.4,36.4,125.0,1000.8,1000.8,2.7,5.3
2024-04-28 15:34:56+02:00,17.4,17.4,14.0,7.4,52.0,23.7,87.0,184.4,1.0,0.0,0.0,0.0,0.0,0.0,55.7,55.7,14.3,32.4,125.0,1000.8,1000.8,2.7,5.2
2024-04-28 15:39:12+02:00,17.3,17.3,12.8,7.3,52.0,23.6,87.0,151.5,1.0,0.0,0.0,0.0,0.0,0.0,55.7,55.7,20.1,31.7,120.0,1000.8,1000.8,2.7,5.2
2024-04-28 15:45:36+02:00,17.3,17.3,14.1,7.4,52.0,23.5,87.0,148.5,1.0,0.0,0.0,0.0,0.0,0.0,55.7,55.7,13.2,24.1,134.0,1000.9,1000.9,2.7,5.2
2024-04-28 15:49:52+02:00,17.2,17.2,13.1,7.3,52.0,23.5,87.0,163.8,1.0,0.0,0.0,0.0,0.0,0.0,55.7,55.7,17.9,29.2,119.0,1000.7,1000.7,2.7,5.2
2024-04-28 15:54:08+02:00,17.3,17.3,13.0,6.9,50.0,23.4,86.0,177.4,1.0,0.0,0.0,0.0,0.0,0.0,55.7,55.7,18.1,29.2,133.0,1000.8,1000.8,2.7,5.2
2024-04-28 16:00:32+02:00,17.2,17.2,13.8,6.7,50.0,23.3,87.0,177.7,1.0,0.0,0.0,0.0,0.0,0.0,55.7,55.7,13.4,32.4,124.0,1001.0,1001.0,2.7,5.2
2024-04-28 16:04:48+02:00,17.1,17.1,13.5,6.8,51.0,23.3,86.0,203.3,1.0,0.0,0.0,0.0,0.0,0.0,55.7,55.7,14.7,34.6,123.0,1001.1,1001.1,2.7,5.2
2024-04-28 16:09:04+02:00,17.2,17.2,14.2,7.1,51.0,23.2,86.0,192.1,1.0,0.0,0.0,0.0,0.0,0.0,55.7,55.7,11.9,30.2,136.0,1001.2,1001.2,2.7,5.2
2024-04-28 16:15:28+02:00,16.8,16.8,12.5,6.7,51.0,23.2,86.0,76.8,0.0,0.0,0.0,0.0,0.0,0.0,55.7,55.7,18.4,36.4,131.0,1001.3,1001.3,2.7,5.2
2024-04-28 16:19:44+02:00,16.6,16.6,13.7,6.5,51.0,23.1,86.0,124.7,1.0,0.0,0.0,0.0,0.0,0.0,55.7,55.7,10.9,25.2,124.0,1001.3,1001.3,2.7,5.2
2024-04-28 16:24:00+02:00,16.7,16.7,13.2,6.9,52.0,23.0,86.0,241.4,2.0,0.0,0.0,0.0,0.0,0.0,55.7,55.7,14.1,21.6,128.0,1001.4,1001.4,2.7,5.2
2024-04-28 16:30:24+02:00,16.9,16.9,13.1,7.0,52.0,23.0,86.0,319.3,2.0,0.0,0.0,0.0,0.0,0.0,55.7,55.7,15.8,31.0,127.0,1001.3,1001.3,2.7,5.2
2024-04-28 16:34:40+02:00,17.1,17.1,14.1,6.9,51.0,22.9,86.0,261.4,2.0,0.0,0.0,0.0,0.0,0.0,55.7,55.7,11.7,29.2,130.0,1001.4,1001.4,2.7,5.2
2024-04-28 16:41:04+02:00,17.1,17.1,13.4,6.8,51.0,22.9,86.0,186.3,1.0,0.0,0.0,0.0,0.0,0.0,55.7,55.7,15.3,31.0,128.0,1001.4,1001.4,2.7,5.2
2024-04-28 16:45:20+02:00,16.8,16.8,12.9,6.8,52.0,22.8,86.0,143.1,1.0,0.0,0.0,0.0,0.0,0.0,55.7,55.7,16.7,28.1,119.0,1001.5,1001.5,2.7,5.2
2024-04-28 16:49:36+02:00,16.8,16.8,12.4,6.9,52.0,22.8,86.0,106.5,0.0,0.0,0.0,0.0,0.0,0.0,55.7,55.7,18.5,34.6,125.0,1001.8,1001.8,2.7,5.2
2024-04-28 16:56:00+02:00,16.5,16.5,13.0,6.7,53.0,22.7,86.0,226.8,2.0,0.0,0.0,0.0,0.0,0.0,55.7,55.7,13.8,26.3,135.0,1001.7,1001.7,2.7,5.2
2024-04-28 17:00:16+02:00,17.0,17.0,14.0,7.0,52.0,22.7,86.0,380.7,3.0,0.0,0.0,0.0,0.0,0.0,55.7,55.7,11.9,20.5,139.0,1001.9,1001.9,2.7,5.2
2024-04-28 17:04:32+02:00,17.0,17.0,12.9,6.8,51.0,22.7,86.0,401.8,3.0,0.0,0.0,0.0,0.0,0.0,55.7,55.7,17.5,29.5,126.0,1002.0,1002.0,2.7,5.2
2024-04-28 17:10:56+02:00,16.9,16.9,12.6,6.8,51.0,22.7,87.0,231.6,2.0,0.0,0.0,0.0,0.0,0.0,55.7,55.7,18.5,37.8,114.0,1002.2,1002.2,2.7,5.2
2024-04-28 17:15:12+02:00,16.7,16.7,12.5,6.4,51.0,22.6,86.0,393.1,3.0,0.0,0.0,0.0,0.0,0.0,55.7,55.7,17.1,27.7,124.0,1002.3,1002.3,2.7,5.2
2024-04-28 17:19:28+02:00,17.1,17.1,12.7,6.6,50.0,22.6,86.0,439.3,4.0,0.0,0.0,0.0,0.0,0.0,55.7,55.7,18.6,29.9,117.0,1002.2,1002.2,2.7,5.2
2024-04-28 17:25:52+02:00,17.1,17.1,13.7,6.6,50.0,22.6,86.0,227.7,2.0,0.0,0.0,0.0,0.0,0.0,55.7,55.7,13.6,27.7,127.0,1002.4,1002.4,2.7,5.2
2024-04-28 17:30:08+02:00,16.8,16.8,13.1,6.3,50.0,22.5,86.0,276.2,2.0,0.0,0.0,0.0,0.0,0.0,55.7,55.7,15.0,31.7,126.0,1002.5,1002.5,2.7,5.2
2024-04-28 17:34:24+02:00,16.7,16.7,12.8,6.0,49.0,22.5,86.0,209.6,1.0,0.0,0.0,0.0,0.0,0.0,55.7,55.7,15.1,31.7,122.0,1002.3,1002.3,2.7,5.2
2024-04-28 17:40:48+02:00,16.8,16.8,13.9,6.0,49.0,22.5,86.0,160.5,1.0,0.0,0.0,0.0,0.0,0.0,55.7,55.7,10.3,17.3,140.0,1002.4,1002.4,2.7,5.2
2024-04-28 17:45:04+02:00,16.6,16.6,13.3,6.2,50.0,22.4,86.0,139.8,1.0,0.0,0.0,0.0,0.0,0.0,55.7,55.7,12.7,25.6,123.0,1002.3,1002.3,2.7,5.2
2024-04-28 17:49:20+02:00,16.5,16.5,12.7,6.2,51.0,22.4,86.0,123.1,1.0,0.0,0.0,0.0,0.0,0.0,55.7,55.7,15.0,27.7,139.0,1002.6,1002.6,2.7,5.2
2024-04-28 17:55:44+02:00,16.5,16.5,13.7,5.9,50.0,22.3,86.0,144.7,1.0,0.0,0.0,0.0,0.0,0.0,55.7,55.7,9.2,26.6,138.0,1002.6,1002.6,2.7,5.2
2024-04-28 18:00:00+02:00,16.5,16.5,13.0,6.1,50.0,22.3,86.0,163.8,1.0,0.0,0.0,0.0,0.0,0.0,55.7,55.7,13.3,23.4,129.0,1002.6,1002.6,2.7,5.2
2024-04-28 18:04:16+02:00,16.5,16.5,12.9,6.1,50.0,22.2,86.0,129.0,1.0,0.0,0.0,0.0,0.0,0.0,55.7,55.7,13.6,26.6,127.0,1002.8,1002.8,2.7,5.2
2024-04-28 18:10:40+02:00,16.3,16.3,12.8,6.0,51.0,22.2,86.0,68.1,0.0,0.0,0.0,0.0,0.0,0.0,55.7,55.7,13.5,28.1,130.0,1003.0,1003.0,2.7,5.2
2024-04-28 18:14:56+02:00,16.3,16.3,12.8,5.9,50.0,22.1,86.0,46.4,0.0,0.0,0.0,0.0,0.0,0.0,55.7,55.7,13.0,23.4,140.0,1003.1,1003.1,2.7,5.2
2024-04-28 18:19:12+02:00,16.1,16.1,12.2,6.1,51.0,22.1,86.0,32.6,0.0,0.0,0.0,0.0,0.0,0.0,55.7,55.7,15.4,29.2,123.0,1003.1,1003.1,2.7,5.2
2024-04-28 18:25:36+02:00,16.0,16.0,13.6,6.2,52.0,22.0,86.0,32.4,0.0,0.0,0.0,0.0,0.0,0.0,55.7,55.7,8.0,24.8,136.0,1003.1,1003.1,2.7,5.2
2024-04-28 18:29:52+02:00,16.0,16.0,14.4,6.8,55.0,21.9,86.0,19.5,0.0,0.6,0.1,0.1,0.1,0.1,55.8,55.8,4.1,11.5,153.0,1003.4,1003.4,2.7,5.2
2024-04-28 18:34:08+02:00,15.4,15.4,13.3,7.8,60.0,21.9,86.0,14.9,0.0,0.6,0.1,0.1,0.1,0.1,55.8,55.8,8.4,25.9,231.0,1003.5,1003.5,2.7,5.2
2024-04-28 18:40:32+02:00,14.6,14.6,13.3,8.1,65.0,21.8,86.0,26.9,0.0,1.2,0.3,0.3,0.3,0.3,56.0,56.0,4.0,11.2,183.0,1003.7,1003.7,2.7,5.2
2024-04-28 18:44:48+02:00,14.2,14.2,12.5,8.5,69.0,21.7,86.0,64.4,0.0,1.2,0.3,0.3,0.3,0.3,56.0,56.0,7.0,11.2,160.0,1003.8,1003.8,2.7,5.2
2024-04-28 18:49:04+02:00,13.9,13.9,12.8,8.6,70.0,21.7,86.0,67.6,0.0,0.6,0.3,0.3,0.3,0.3,56.0,56.0,4.0,16.9,143.0,1003.9,1003.9,2.7,5.2
2024-04-28 18:55:28+02:00,13.9,13.9,12.8,8.4,70.0,21.6,86.0,60.5,0.0,0.0,0.3,0.3,0.3,0.3,56.0,56.0,3.9,10.1,161.0,1003.9,1003.9,2.7,5.2
2024-04-28 18:59:44+02:00,13.9,13.9,12.3,8.3,69.0,21.5,86.0,57.7,0.0,0.0,0.3,0.3,0.3,0.3,56.0,56.0,6.6,13.0,146.0,1003.9,1003.9,2.7,5.2
2024-04-28 19:04:00+02:00,13.9,13.9,12.8,8.2,68.0,21.4,86.0,57.7,0.0,0.0,0.3,0.3,0.3,0.3,56.0,56.0,3.2,7.2,132.0,1003.9,1003.9,2.7,5.2
2024-04-28 19:10:24+02:00,13.9,13.9,12.7,7.8,67.0,21.4,86.0,55.1,0.0,0.0,0.3,0.3,0.3,0.3,56.0,56.0,3.9,9.0,147.0,1003.9,1003.9,2.7,5.2
2024-04-28 19:14:40+02:00,14.0,14.0,13.0,7.8,66.0,21.3,86.0,48.0,0.0,0.0,0.3,0.3,0.3,0.3,56.0,56.0,2.4,6.5,187.0,1003.9,1003.9,2.7,5.2
2024-04-28 19:18:56+02:00,14.0,14.0,12.7,7.9,67.0,21.2,85.0,56.9,0.0,0.0,0.3,0.3,0.3,0.3,56.0,56.0,4.0,8.3,135.0,1004.1,1004.1,2.7,5.2
2024-04-28 19:25:20+02:00,14.0,14.0,12.8,7.8,66.0,21.2,86.0,56.8,0.0,0.0,0.3,0.3,0.3,0.3,56.0,56.0,3.7,15.8,143.0,1003.9,1003.9,2.7,5.2
2024-04-28 19:29:36+02:00,14.1,14.1,12.6,7.3,64.0,21.1,85.0,56.8,0.0,0.0,0.3,0.3,0.2,0.3,56.0,56.0,4.4,9.4,209.0,1004.0,1004.0,2.7,5.2
2024-04-28 19:36:00+02:00,14.1,14.1,13.0,7.2,63.0,21.0,85.0,41.5,0.0,0.0,0.3,0.3,0.2,0.3,56.0,56.0,2.2,9.4,126.0,1004.0,1004.0,2.7,5.2
2024-04-28 19:40:16+02:00,14.0,14.0,12.8,7.3,64.0,20.9,85.0,25.7,0.0,0.0,0.3,0.3,0.0,0.3,56.0,56.0,3.4,13.0,140.0,1004.2,1004.2,2.7,5.2
2024-04-28 19:44:32+02:00,14.0,14.0,12.0,7.1,63.0,20.8,86.0,30.0,0.0,0.0,0.3,0.3,0.0,0.3,56.0,56.0,6.8,13.7,120.0,1004.2,1004.2,2.7,5.2
2024-04-28 19:50:56+02:00,14.1,14.1,12.2,6.9,62.0,20.8,86.0,26.5,0.0,0.0,0.3,0.3,0.0,0.3,56.0,56.0,5.9,15.5,112.0,1004.4,1004.4,2.7,5.2
2024-04-28 19:55:12+02:00,14.1,14.1,12.3,6.9,62.0,20.7,86.0,21.2,0.0,0.0,0.3,0.3,0.0,0.3,56.0,56.0,5.5,15.5,140.0,1004.5,1004.5,2.7,5.2
2024-04-28 19:59:28+02:00,14.0,14.0,11.8,6.9,62.0,20.6,85.0,18.0,0.0,0.0,0.3,0.0,0.0,0.3,56.0,56.0,7.3,12.2,114.0,1004.5,1004.5,2.7,5.2
2024-04-28 20:05:52+02:00,13.9,13.9,11.9,6.9,62.0,20.5,85.0,19.2,0.0,0.0,0.3,0.0,0.0,0.3,56.0,56.0,6.6,10.4,115.0,1004.4,1004.4,2.7,5.2
2024-04-28 20:10:08+02:00,14.0,14.0,12.1,6.9,62.0,20.4,85.0,24.1,0.0,0.0,0.3,0.0,0.0,0.3,56.0,56.0,5.9,10.4,115.0,1004.4,1004.4,2.7,5.2
2024-04-28 20:14:24+02:00,14.0,14.0,12.1,6.7,61.0,20.4,85.0,24.2,0.0,0.0,0.3,0.0,0.0,0.3,56.0,56.0,6.1,15.1,137.0,1004.6,1004.6,2.7,5.2
2024-04-28 20:20:48+02:00,14.0,14.0,11.6,6.5,61.0,20.3,85.0,21.0,0.0,0.0,0.3,0.0,0.0,0.3,56.0,56.0,8.1,16.2,123.0,1004.7,1004.7,2.7,5.2
2024-04-28 20:25:04+02:00,14.0,14.0,12.0,6.4,60.0,20.2,85.0,17.2,0.0,0.0,0.3,0.0,0.0,0.3,56.0,56.0,6.2,16.2,125.0,1004.7,1004.7,2.7,5.2
2024-04-28 20:29:20+02:00,13.9,13.9,12.0,6.2,60.0,20.2,85.0,13.6,0.0,0.0,0.3,0.0,0.0,0.3,56.0,56.0,5.7,10.4,117.0,1004.7,1004.7,2.7,5.2
2024-04-28 20:35:44+02:00,13.9,13.9,12.0,6.3,60.0,20.1,85.0,9.9,0.0,0.0,0.3,0.0,0.0,0.3,56.0,56.0,5.6,10.1,120.0,1004.8,1004.8,2.7,5.2
2024-04-28 20:40:00+02:00,13.7,13.7,11.7,6.4,61.0,20.0,85.0,6.2,0.0,0.0,0.3,0.0,0.0,0.3,56.0,56.0,6.1,9.0,123.0,1004.9,1004.9,2.7,5.2
2024-04-28 20:44:16+02:00,13.7,13.7,11.6,6.3,61.0,19.9,85.0,4.0,0.0,0.0,0.3,0.0,0.0,0.3,56.0,56.0,5.8,10.8,115.0,1005.1,1005.1,2.7,5.2
2024-04-28 20:50:40+02:00,13.6,13.6,11.5,6.4,62.0,19.8,85.0,2.4,0.0,0.0,0.3,0.0,0.0,0.3,56.0,56.0,6.6,11.5,114.0,1005.2,1005.2,2.7,5.2
2024-04-28 20:54:56+02:00,13.5,13.5,11.7,6.4,62.0,19.7,85.0,1.3,0.0,0.0,0.3,0.0,0.0,0.3,56.0,56.0,5.0,11.2,117.0,1005.2,1005.2,2.7,5.2
2024-04-28 20:59:12+02:00,13.3,13.3,11.7,6.4,63.0,19.7,85.0,0.7,0.0,0.0,0.3,0.0,0.0,0.3,56.0,56.0,4.2,7.9,120.0,1005.3,1005.3,2.7,5.2
2024-04-28 21:05:36+02:00,13.1,13.1,11.7,6.4,64.0,19.5,85.0,0.3,0.0,0.0,0.3,0.0,0.0,0.3,56.0,56.0,3.2,7.6,114.0,1005.4,1005.4,2.7,5.2
2024-04-28 21:09:52+02:00,13.0,13.0,11.5,6.4,64.0,19.4,85.0,0.2,0.0,0.0,0.3,0.0,0.0,0.3,56.0,56.0,3.2,4.7,116.0,1005.4,1005.4,2.7,5.2
2024-04-28 21:14:08+02:00,12.6,12.6,11.3,6.6,67.0,19.4,85.0,0.1,0.0,0.0,0.3,0.0,0.0,0.3,56.0,56.0,2.8,4.7,102.0,1005.7,1005.7,2.7,5.2
2024-04-28 21:20:32+02:00,12.3,12.3,11.0,6.4,67.0,19.3,85.0,0.0,0.0,0.0,0.3,0.0,0.0,0.3,56.0,56.0,3.0,5.4,100.0,1005.8,1005.8,2.7,5.2
2024-04-28 21:24:48+02:00,12.2,12.2,10.9,6.6,69.0,19.2,85.0,0.0,0.0,0.0,0.3,0.0,0.0,0.3,56.0,56.0,2.2,4.0,96.0,1005.7,1005.7,2.7,5.2
2024-04-28 21:29:04+02:00,12.0,12.0,10.6,6.6,70.0,19.1,85.0,0.0,0.0,0.0,0.3,0.0,0.0,0.3,56.0,56.0,2.7,4.0,114.0,1005.8,1005.8,2.7,5.2
2024-04-28 21:35:28+02:00,11.6,11.6,10.3,6.6,71.0,19.0,85.0,0.0,0.0,0.0,0.3,0.0,0.0,0.3,56.0,56.0,2.6,3.6,109.0,1006.0,1006.0,2.7,5.1
2024-04-28 21:39:44+02:00,11.3,11.3,10.1,6.6,73.0,18.9,85.0,0.0,0.0,0.0,0.3,0.0,0.0,0.3,56.0,56.0,2.2,4.0,100.0,1006.1,1006.1,2.7,5.1
2024-04-28 21:44:00+02:00,11.0,11.0,10.0,6.6,74.0,18.8,85.0,0.0,0.0,0.0,0.3,0.0,0.0,0.3,56.0,56.0,1.2,3.2,101.0,1006.1,1006.1,2.7,5.1
2024-04-28 21:50:24+02:00,10.7,10.7,9.8,6.7,76.0,18.7,85.0,0.0,0.0,0.0,0.3,0.0,0.0,0.3,56.0,56.0,0.9,3.2,117.0,1006.1,1006.1,2.7,5.1
2024-04-28 21:54:40+02:00,10.5,10.5,9.2,6.8,78.0,18.6,85.0,0.0,0.0,0.0,0.3,0.0,0.0,0.3,56.0,56.0,2.9,4.3,111.0,1006.3,1006.3,2.7,5.1
2024-04-28 22:01:04+02:00,10.6,10.6,9.3,6.8,78.0,18.5,84.0,0.0,0.0,0.0,0.3,0.0,0.0,0.3,56.0,56.0,2.7,4.0,107.0,1006.4,1006.4,2.7,5.1
2024-04-28 22:05:20+02:00,10.5,10.5,9.2,6.9,78.0,18.4,84.0,0.0,0.0,0.0,0.3,0.0,0.0,0.3,56.0,56.0,3.2,4.3,112.0,1006.4,1006.4,2.7,5.1
2024-04-28 22:09:36+02:00,10.5,10.5,9.2,7.0,79.0,18.3,84.0,0.0,0.0,0.0,0.3,0.0,0.0,0.3,56.0,56.0,3.0,4.3,100.0,1006.4,1006.4,2.7,5.1
2024-04-28 22:16:00+02:00,10.7,10.7,9.3,7.0,78.0,18.2,84.0,0.0,0.0,0.0,0.3,0.0,0.0,0.3,56.0,56.0,3.2,4.0,113.0,1006.5,1006.5,2.7,5.1
2024-04-28 22:20:16+02:00,10.9,10.9,9.6,7.1,77.0,18.2,84.0,0.0,0.0,0.0,0.3,0.0,0.0,0.3,56.0,56.0,3.0,4.3,102.0,1006.6,1006.6,2.7,5.1
2024-04-28 22:24:32+02:00,10.8,10.8,9.5,7.3,79.0,18.0,84.0,0.0,0.0,0.0,0.3,0.0,0.0,0.3,56.0,56.0,3.2,4.3,109.0,1006.5,1006.5,2.7,5.1
2024-04-28 22:30:56+02:00,10.7,10.7,9.7,7.2,79.0,17.9,84.0,0.0,0.0,0.0,0.3,0.0,0.0,0.3,56.0,56.0,1.9,4.7,100.0,1006.6,1006.6,2.7,5.1
2024-04-28 22:35:12+02:00,10.8,10.8,9.7,7.1,78.0,17.8,84.0,0.0,0.0,0.0,0.3,0.0,0.0,0.3,56.0,56.0,2.2,3.6,98.0,1006.6,1006.6,2.7,5.1
2024-04-28 22:39:28+02:00,10.9,10.9,9.9,7.3,78.0,17.8,84.0,0.0,0.0,0.0,0.3,0.0,0.0,0.3,56.0,56.0,2.3,3.6,104.0,1006.6,1006.6,2.7,5.1
2024-04-28 22:45:52+02:00,10.8,10.8,9.8,7.3,79.0,17.7,85.0,0.0,0.0,0.0,0.3,0.0,0.0,0.3,56.0,56.0,2.2,3.6,99.0,1006.7,1006.7,2.7,5.1
2024-04-28 22:50:08+02:00,10.6,10.6,9.8,7.3,80.0,17.7,84.0,0.0,0.0,0.0,0.3,0.0,0.0,0.3,56.0,56.0,0.8,2.5,107.0,1006.7,1006.7,2.7,5.1
2024-04-28 22:54:24+02:00,10.3,10.3,9.1,7.3,81.0,17.5,85.0,0.0,0.0,0.0,0.3,0.0,0.0,0.3,56.0,56.0,3.2,4.7,111.0,1006.7,1006.7,2.7,5.1
2024-04-28 23:00:48+02:00,10.3,10.3,9.1,7.3,81.0,17.5,85.0,0.0,0.0,0.0,0.3,0.0,0.0,0.3,56.0,56.0,3.2,4.7,117.0,1006.9,1006.9,2.7,5.1
2024-04-28 23:05:04+02:00,10.5,10.5,9.3,7.3,80.0,17.3,85.0,0.0,0.0,0.0,0.3,0.0,0.0,0.3,56.0,56.0,2.9,4.3,106.0,1007.0,1007.0,2.7,5.1
2024-04-28 23:09:20+02:00,10.6,10.6,9.2,7.1,79.0,17.3,85.0,0.0,0.0,0.0,0.3,0.0,0.0,0.3,56.0,56.0,3.5,5.4,108.0,1007.0,1007.0,2.7,5.1
2024-04-28 23:15:44+02:00,10.7,10.7,9.2,7.2,79.0,17.2,85.0,0.0,0.0,0.0,0.3,0.0,0.0,0.3,56.0,56.0,4.1,5.8,113.0,1007.1,1007.1,2.7,5.1
2024-04-28 23:20:00+02:00,10.7,10.7,9.2,7.2,79.0,17.2,85.0,0.0,0.0,0.0,0.3,0.0,0.0,0.3,56.0,56.0,4.3,9.4,122.0,1007.2,1007.2,2.7,5.1
2024-04-28 23:24:16+02:00,11.2,11.2,9.6,7.1,76.0,17.1,85.0,0.0,0.0,0.0,0.3,0.0,0.0,0.3,56.0,56.0,4.5,8.6,124.0,1007.2,1007.2,2.7,5.0
2024-04-28 23:30:40+02:00,11.6,11.6,10.1,7.2,74.0,17.0,85.0,0.0,0.0,0.0,0.3,0.0,0.0,0.3,56.0,56.0,4.3,8.6,119.0,1007.3,1007.3,2.7,5.0
2024-04-28 23:34:56+02:00,11.7,11.7,10.3,7.2,74.0,16.9,85.0,0.0,0.0,0.0,0.3,0.0,0.0,0.3,56.0,56.0,4.1,6.1,112.0,1007.4,1007.4,2.7,5.0
2024-04-28 23:39:12+02:00,11.5,11.5,10.1,7.4,75.0,16.8,85.0,0.0,0.0,0.0,0.3,0.0,0.0,0.3,56.0,56.0,4.4,6.1,109.0,1007.5,1007.5,2.7,5.0
2024-04-28 23:45:36+02:00,11.5,11.5,9.8,7.2,75.0,16.8,85.0,0.0,0.0,0.0,0.3,0.0,0.0,0.3,56.0,56.0,5.3,7.6,117.0,1007.6,1007.6,2.7,5.0
2024-04-28 23:49:52+02:00,11.6,11.6,10.0,7.2,74.0,16.7,85.0,0.0,0.0,0.0,0.3,0.0,0.0,0.3,56.0,56.0,5.0,7.6,118.0,1007.6,1007.6,2.7,5.0
2024-04-28 23:54:08+02:00,11.6,11.6,10.0,7.2,75.0,16.7,85.0,0.0,0.0,0.0,0.3,0.0,0.0,0.3,56.0,56.0,4.5,6.5,118.0,1007.7,1007.7,2.7,5.0
2024-04-29 00:00:32+02:00,11.6,11.6,9.9,7.2,74.0,16.6,85.0,0.0,0.0,0.0,0.0,0.0,0.0,0.3,56.0,56.0,5.0,7.9,116.0,1007.8,1007.8,2.7,5.0
2024-04-29 00:04:48+02:00,11.7,11.7,10.0,7.2,74.0,16.6,85.0,0.0,0.0,0.0,0.0,0.0,0.0,0.3,56.0,56.0,5.4,8.3,123.0,1007.8,1007.8,2.7,5.0
2024-04-29 00:09:04+02:00,11.7,11.7,10.2,7.2,74.0,16.5,85.0,0.0,0.0,0.0,0.0,0.0,0.0,0.3,56.0,56.0,4.2,9.4,116.0,1007.8,1007.8,2.7,5.0
2024-04-29 00:15:28+02:00,11.4,11.4,10.0,7.2,75.0,16.4,85.0,0.0,0.0,0.0,0.0,0.0,0.0,0.3,56.0,56.0,4.0,7.2,116.0,1007.9,1007.9,2.7,5.0
2024-04-29 00:19:44+02:00,11.3,11.3,9.9,7.1,75.0,16.4,85.0,0.0,0.0,0.0,0.0,0.0,0.0,0.3,56.0,56.0,4.0,5.8,117.0,1007.9,1007.9,2.7,5.0
2024-04-29 00:24:00+02:00,11.2,11.2,9.7,6.9,75.0,16.3,85.0,0.0,0.0,0.0,0.0,0.0,0.0,0.3,56.0,56.0,3.9,5.8,123.0,1007.9,1007.9,2.7,5.0
2024-04-29 00:30:24+02:00,11.1,11.1,9.6,6.8,75.0,16.3,85.0,0.0,0.0,0.0,0.0,0.0,0.0,0.3,56.0,56.0,3.6,5.4,120.0,1008.0,1008.0,2.7,5.0
2024-04-29 00:34:40+02:00,11.1,11.1,9.4,6.7,75.0,16.2,85.0,0.0,0.0,0.0,0.0,0.0,0.0,0.3,56.0,56.0,4.8,6.5,128.0,1007.9,1007.9,2.7,5.0
2024-04-29 00:38:56+02:00,11.1,11.1,9.6,6.7,74.0,16.2,85.0,0.0,0.0,0.0,0.0,0.0,0.0,0.3,56.0,56.0,4.0,6.5,123.0,1007.9,1007.9,2.7,5.0
2024-04-29 00:45:20+02:00,11.0,11.0,9.6,6.6,74.0,16.1,85.0,0.0,0.0,0.0,0.0,0.0,0.0,0.3,56.0,56.0,3.2,5.0,119.0,1008.1,1008.1,2.7,5.0
2024-04-29 00:49:36+02:00,11.2,11.2,9.4,6.5,73.0,16.1,85.0,0.0,0.0,0.0,0.0,0.0,0.0,0.3,56.0,56.0,4.6,5.4,126.0,1008.0,1008.0,2.7,5.0
2024-04-29 00:56:00+02:00,11.1,11.1,9.7,6.5,73.0,16.0,85.0,0.0,0.0,0.0,0.0,0.0,0.0,0.3,56.0,56.0,3.0,5.4,115.0,1008.2,1008.2,2.7,5.0
2024-04-29 01:00:16+02:00,11.0,11.0,9.6,6.4,73.0,15.9,85.0,0.0,0.0,0.0,0.0,0.0,0.0,0.3,56.0,56.0,3.2,4.7,115.0,1008.2,1008.2,2.7,5.0
2024-04-29 01:04:32+02:00,10.9,10.9,9.7,6.5,74.0,15.9,85.0,0.0,0.0,0.0,0.0,0.0,0.0,0.3,56.0,56.0,2.4,3.6,118.0,1008.1,1008.1,2.7,5.0
2024-04-29 01:10:56+02:00,10.6,10.6,9.4,6.5,76.0,15.8,85.0,0.0,0.0,0.0,0.0,0.0,0.0,0.3,56.0,56.0,1.7,3.6,114.0,1008.3,1008.3,2.7,5.0
2024-04-29 01:15:12+02:00,10.1,10.1,9.0,6.5,78.0,15.8,85.0,0.0,0.0,0.0,0.0,0.0,0.0,0.3,56.0,56.0,1.7,3.2,109.0,1008.2,1008.2,2.7,4.9
2024-04-29 01:19:28+02:00,9.7,9.7,8.7,6.4,80.0,15.7,85.0,0.0,0.0,0.0,0.0,0.0,0.0,0.3,56.0,56.0,1.2,3.2,111.0,1008.2,1008.2,2.7,4.9
2024-04-29 01:25:52+02:00,9.5,9.5,8.0,6.4,81.0,15.7,85.0,0.0,0.0,0.0,0.0,0.0,0.0,0.3,56.0,56.0,3.5,5.0,110.0,1008.3,1008.3,2.7,4.9
2024-04-29 01:30:08+02:00,9.5,9.5,8.2,6.6,82.0,15.7,85.0,0.0,0.0,0.0,0.0,0.0,0.0,0.3,56.0,56.0,2.9,5.0,98.0,1008.3,1008.3,2.7,4.9
2024-04-29 01:34:24+02:00,9.4,9.4,8.1,6.6,82.0,15.5,85.0,0.0,0.0,0.0,0.0,0.0,0.0,0.3,56.0,56.0,2.7,4.0,111.0,1008.3,1008.3,2.7,4.9
2024-04-29 01:40:48+02:00,9.4,9.4,8.1,6.6,83.0,15.5,85.0,0.0,0.0,0.0,0.0,0.0,0.0,0.3,56.0,56.0,2.6,4.0,98.0,1008.4,1008.4,2.7,4.9
2024-04-29 01:45:04+02:00,9.1,9.1,7.9,6.5,84.0,15.4,85.0,0.0,0.0,0.0,0.0,0.0,0.0,0.3,56.0,56.0,2.3,3.2,100.0,1008.3,1008.3,2.7,4.9
2024-04-29 01:49:20+02:00,8.8,8.8,7.7,6.3,85.0,15.3,85.0,0.0,0.0,0.0,0.0,0.0,0.0,0.3,56.0,56.0,0.9,3.2,105.0,1008.4,1008.4,2.7,4.9
2024-04-29 01:55:44+02:00,8.5,8.5,7.1,6.3,86.0,15.3,85.0,0.0,0.0,0.0,0.0,0.0,0.0,0.3,56.0,56.0,2.9,4.3,105.0,1008.5,1008.5,2.7,4.9
2024-04-29 02:00:00+02:00,9.0,9.0,7.6,6.6,85.0,15.2,85.0,0.0,0.0,0.0,0.0,0.0,0.0,0.3,56.0,56.0,3.2,5.0,108.0,1008.5,1008.5,2.7,4.9
2024-04-29 02:04:16+02:00,9.2,9.2,7.9,6.7,84.0,15.2,85.0,0.0,0.0,0.0,0.0,0.0,0.0,0.3,56.0,56.0,2.4,4.0,109.0,1008.4,1008.4,2.7,4.9
2024-04-29 02:10:40+02:00,9.3,9.3,7.9,6.7,84.0,15.2,85.0,0.0,0.0,0.0,0.0,0.0,0.0,0.3,56.0,56.0,3.4,5.0,110.0,1008.5,1008.5,2.7,4.9
2024-04-29 02:14:56+02:00,9.3,9.3,7.8,6.8,84.0,15.1,85.0,0.0,0.0,0.0,0.0,0.0,0.0,0.3,56.0,56.0,3.9,5.4,104.0,1008.6,1008.6,2.7,4.9
2024-04-29 02:19:12+02:00,9.2,9.2,7.7,6.8,85.0,15.0,85.0,0.0,0.0,0.0,0.0,0.0,0.0,0.3,56.0,56.0,3.5,4.7,106.0,1008.5,1008.5,2.7,4.9
2024-04-29 02:25:36+02:00,9.1,9.0,7.8,6.8,86.0,14.9,85.0,0.0,0.0,0.0,0.0,0.0,0.0,0.3,56.0,56.0,2.8,5.4,100.0,1008.5,1008.5,2.7,4.9
2024-04-29 02:29:52+02:00,9.0,9.0,7.7,6.8,86.0,14.9,85.0,0.0,0.0,0.0,0.0,0.0,0.0,0.3,56.0,56.0,3.0,5.4,109.0,1008.5,1008.5,2.7,4.9
2024-04-29 02:34:08+02:00,9.0,8.9,7.5,6.8,86.0,14.8,85.0,0.0,0.0,0.0,0.0,0.0,0.0,0.3,56.0,56.0,4.2,7.2,117.0,1008.5,1008.5,2.7,4.9
2024-04-29 02:40:32+02:00,9.3,9.3,7.9,6.9,85.0,14.7,85.0,0.0,0.0,0.0,0.0,0.0,0.0,0.3,56.0,56.0,3.3,7.2,107.0,1008.5,1008.5,2.7,4.9
2024-04-29 02:44:48+02:00,9.5,9.3,8.1,7.0,84.0,14.7,85.0,0.0,0.0,0.0,0.0,0.0,0.0,0.3,56.0,56.0,3.4,5.8,121.0,1008.6,1008.6,2.7,4.9
2024-04-29 02:49:04+02:00,9.7,9.6,8.1,7.1,84.0,14.7,85.0,0.0,0.0,0.0,0.0,0.0,0.0,0.3,56.0,56.0,4.5,6.8,116.0,1008.6,1008.6,2.7,4.9
2024-04-29 02:55:28+02:00,9.9,9.9,8.6,7.2,83.0,14.6,85.0,0.0,0.0,0.0,0.0,0.0,0.0,0.3,56.0,56.0,3.6,5.8,115.0,1008.7,1008.7,2.7,4.9
2024-04-29 02:59:44+02:00,9.9,9.8,8.4,7.2,83.0,14.5,85.0,0.0,0.0,0.0,0.0,0.0,0.0,0.3,56.0,56.0,4.2,6.8,115.0,1008.6,1008.6,2.7,4.9
2024-04-29 03:04:00+02:00,9.9,9.8,8.4,7.1,83.0,14.5,85.0,0.0,0.0,0.0,0.0,0.0,0.0,0.3,56.0,56.0,4.0,7.2,118.0,1008.6,1008.6,2.7,4.8
2024-04-29 03:10:24+02:00,10.1,10.0,8.6,7.2,82.0,14.5,85.0,0.0,0.0,0.0,0.0,0.0,0.0,0.3,56.0,56.0,4.3,8.6,123.0,1008.7,1008.7,2.7,4.8
2024-04-29 03:14:40+02:00,10.2,10.2,8.7,7.2,82.0,14.4,85.0,0.0,0.0,0.0,0.0,0.0,0.0,0.3,56.0,56.0,4.1,7.2,117.0,1008.8,1008.8,2.7,4.8
2024-04-29 03:21:04+02:00,10.1,10.1,8.6,7.2,82.0,14.4,85.0,0.0,0.0,0.0,0.0,0.0,0.0,0.3,56.0,56.0,4.4,6.8,116.0,1008.9,1008.9,2.7,4.8
2024-04-29 03:25:20+02:00,10.1,10.1,8.6,7.2,82.0,14.3,85.0,0.0,0.0,0.0,0.0,0.0,0.0,0.3,56.0,56.0,4.2,5.4,115.0,1008.9,1008.9,2.7,4.8
2024-04-29 03:29:36+02:00,9.7,9.7,8.2,7.1,83.0,14.3,85.0,0.0,0.0,0.0,0.0,0.0,0.0,0.3,56.0,56.0,4.3,6.1,118.0,1009.0,1009.0,2.7,4.8
2024-04-29 03:36:00+02:00,9.8,9.6,8.2,7.1,83.0,14.3,85.0,0.0,0.0,0.0,0.0,0.0,0.0,0.3,56.0,56.0,5.0,8.3,119.0,1009.0,1009.0,2.7,4.8
2024-04-29 03:40:16+02:00,9.8,9.7,8.3,7.1,83.0,14.3,85.0,0.0,0.0,0.0,0.0,0.0,0.0,0.3,56.0,56.0,4.4,7.6,123.0,1009.0,1009.0,2.7,4.8
2024-04-29 03:44:32+02:00,9.9,9.6,8.3,7.2,83.0,14.2,85.0,0.0,0.0,0.0,0.0,0.0,0.0,0.3,56.0,56.0,4.9,7.9,114.0,1009.0,1009.0,2.7,4.8
2024-04-29 03:50:56+02:00,10.0,9.8,8.4,7.2,83.0,14.2,85.0,0.0,0.0,0.0,0.0,0.0,0.0,0.3,56.0,56.0,4.8,9.7,114.0,1009.1,1009.1,2.7,4.8
2024-04-29 03:55:12+02:00,9.7,9.6,8.1,7.1,83.0,14.1,85.0,0.0,0.0,0.0,0.0,0.0,0.0,0.3,56.0,56.0,4.7,7.6,116.0,1009.1,1009.1,2.7,4.8
2024-04-29 03:59:28+02:00,9.5,9.1,7.7,7.0,84.0,14.0,85.0,0.0,0.0,0.0,0.0,0.0,0.0,0.3,56.0,56.0,5.5,8.6,121.0,1009.1,1009.1,2.7,4.8
2024-04-29 04:05:52+02:00,9.7,9.5,8.2,7.2,84.0,14.0,85.0,0.0,0.0,0.0,0.0,0.0,0.0,0.3,56.0,56.0,4.5,9.4,120.0,1009.2,1009.2,2.7,4.8
2024-04-29 04:10:08+02:00,9.7,9.3,8.0,7.1,84.0,14.0,85.0,0.0,0.0,0.0,0.0,0.0,0.0,0.3,56.0,56.0,4.8,8.6,114.0,1009.1,1009.1,2.7,4.8
2024-04-29 04:14:24+02:00,9.8,9.4,8.0,7.1,84.0,13.9,85.0,0.0,0.0,0.0,0.0,0.0,0.0,0.3,56.0,56.0,5.4,10.4,128.0,1009.1,1009.1,2.7,4.8
2024-04-29 04:20:48+02:00,9.9,9.7,8.3,7.2,83.0,13.9,85.0,0.0,0.0,0.0,0.0,0.0,0.0,0.3,56.0,56.0,4.6,8.6,123.0,1009.3,1009.3,2.7,4.8
2024-04-29 04:25:04+02:00,9.9,9.6,8.2,7.2,83.0,13.8,85.0,0.0,0.0,0.0,0.0,0.0,0.0,0.3,56.0,56.0,5.2,7.6,124.0,1009.3,1009.3,2.7,4.8
2024-04-29 04:29:20+02:00,9.9,9.6,8.2,7.2,83.0,13.8,85.0,0.0,0.0,0.0,0.0,0.0,0.0,0.3,56.0,56.0,5.5,9.7,121.0,1009.3,1009.3,2.7,4.8
2024-04-29 04:35:44+02:00,10.0,9.9,8.5,7.2,83.0,13.8,85.0,0.0,0.0,0.0,0.0,0.0,0.0,0.3,56.0,56.0,4.3,9.4,122.0,1009.3,1009.3,2.7,4.8
2024-04-29 04:40:00+02:00,10.0,9.6,8.2,7.1,83.0,13.8,85.0,0.0,0.0,0.0,0.0,0.0,0.0,0.3,56.0,56.0,5.5,8.3,117.0,1009.3,1009.3,2.7,4.8
2024-04-29 04:44:16+02:00,10.0,9.7,8.2,7.1,82.0,13.7,85.0,0.0,0.0,0.0,0.0,0.0,0.0,0.3,56.0,56.0,6.1,10.1,126.0,1009.3,1009.3,2.7,4.8
2024-04-29 04:50:40+02:00,10.0,9.3,8.0,7.1,82.0,13.7,85.0,0.0,0.0,0.0,0.0,0.0,0.0,0.3,56.0,56.0,6.8,9.4,118.0,1009.4,1009.4,2.7,4.8
2024-04-29 04:54:56+02:00,10.0,9.6,8.2,7.1,82.0,13.7,85.0,0.0,0.0,0.0,0.0,0.0,0.0,0.3,56.0,56.0,5.7,9.0,123.0,1009.5,1009.5,2.7,4.7
2024-04-29 04:59:12+02:00,9.9,9.5,8.2,7.1,82.0,13.7,85.0,0.0,0.0,0.0,0.0,0.0,0.0,0.3,56.0,56.0,5.7,10.4,131.0,1009.4,1009.4,2.7,4.7
2024-04-29 05:05:36+02:00,10.0,9.3,8.0,7.1,82.0,13.6,85.0,0.0,0.0,0.0,0.0,0.0,0.0,0.3,56.0,56.0,6.8,10.4,121.0,1009.5,1009.5,2.7,4.7
2024-04-29 05:09:52+02:00,10.0,9.5,8.1,7.1,82.0,13.6,85.0,0.0,0.0,0.0,0.0,0.0,0.0,0.3,56.0,56.0,6.2,9.7,118.0,1009.5,1009.5,2.7,4.7
2024-04-29 05:14:08+02:00,10.0,9.5,8.2,7.1,82.0,13.6,85.0,0.0,0.0,0.0,0.0,0.0,0.0,0.3,56.0,56.0,6.0,8.6,130.0,1009.5,1009.5,2.7,4.7
2024-04-29 05:20:32+02:00,10.0,9.4,8.1,7.0,82.0,13.5,85.0,0.0,0.0,0.0,0.0,0.0,0.0,0.3,56.0,56.0,6.2,9.4,123.0,1009.7,1009.7,2.7,4.7
2024-04-29 05:24:48+02:00,10.0,9.4,8.1,7.1,82.0,13.5,85.0,0.0,0.0,0.0,0.0,0.0,0.0,0.3,56.0,56.0,6.3,10.4,117.0,1009.7,1009.7,2.7,4.7
2024-04-29 05:29:04+02:00,10.0,9.5,8.1,7.1,82.0,13.5,85.0,0.0,0.0,0.0,0.0,0.0,0.0,0.3,56.0,56.0,6.3,10.1,112.0,1009.5,1009.5,2.7,4.7
2024-04-29 05:35:28+02:00,9.9,9.7,8.4,7.0,82.0,13.5,85.0,0.0,0.0,0.0,0.0,0.0,0.0,0.3,56.0,56.0,4.2,7.6,116.0,1009.7,1009.7,2.7,4.7
2024-04-29 05:39:44+02:00,9.8,9.5,8.1,7.0,83.0,13.4,85.0,0.2,0.0,0.0,0.0,0.0,0.0,0.3,56.0,56.0,5.5,7.9,122.0,1009.7,1009.7,2.7,4.7
2024-04-29 05:44:00+02:00,9.8,9.7,8.3,7.0,83.0,13.4,85.0,0.3,0.0,0.0,0.0,0.0,0.0,0.3,56.0,56.0,4.1,9.0,110.0,1009.6,1009.6,2.7,4.7
2024-04-29 05:50:24+02:00,9.5,9.5,8.3,7.0,84.0,13.4,85.0,0.6,0.0,0.0,0.0,0.0,0.0,0.3,56.0,56.0,2.6,4.3,100.0,1009.7,1009.7,2.7,4.7
2024-04-29 05:54:40+02:00,9.2,9.1,7.8,6.9,85.0,13.4,85.0,1.1,0.0,0.0,0.0,0.0,0.0,0.3,56.0,56.0,3.5,5.8,105.0,1009.7,1009.7,2.7,4.7
2024-04-29 05:58:56+02:00,9.0,9.0,7.7,6.8,86.0,13.3,85.0,1.8,0.0,0.0,0.0,0.0,0.0,0.3,56.0,56.0,2.9,5.8,105.0,1009.7,1009.7,2.7,4.7
2024-04-29 06:05:20+02:00,8.9,8.9,7.6,6.8,87.0,13.3,85.0,2.8,0.0,0.0,0.0,0.0,0.0,0.3,56.0,56.0,3.0,4.3,98.0,1009.8,1009.8,2.7,4.7
2024-04-29 06:09:36+02:00,8.9,8.9,7.7,6.8,87.0,13.3,85.0,4.2,0.0,0.0,0.0,0.0,0.0,0.3,56.0,56.0,2.7,5.0,96.0,1009.8,1009.8,2.7,4.7
2024-04-29 06:16:00+02:00,8.8,8.8,7.5,6.8,87.0,13.2,85.0,5.7,0.0,0.0,0.0,0.0,0.0,0.3,56.0,56.0,2.7,4.7,103.0,1009.8,1009.8,2.7,4.7
2024-04-29 06:20:16+02:00,8.7,8.7,7.3,6.8,88.0,13.2,85.0,7.2,0.0,0.0,0.0,0.0,0.0,0.3,56.0,56.0,3.3,5.0,99.0,1009.8,1009.8,2.7,4.7
2024-04-29 06:24:32+02:00,8.9,8.9,7.7,6.9,87.0,13.2,85.0,9.0,0.0,0.0,0.0,0.0,0.0,0.3,56.0,56.0,2.4,4.3,108.0,1009.9,1009.9,2.7,4.7
2024-04-29 06:30:56+02:00,8.9,8.8,7.6,6.9,87.0,13.2,85.0,10.8,0.0,0.0,0.0,0.0,0.0,0.3,56.0,56.0,3.2,5.0,96.0,1010.1,1010.1,2.7,4.7
2024-04-29 06:35:12+02:00,9.0,9.0,7.7,6.9,87.0,13.2,85.0,12.3,0.0,0.0,0.0,0.0,0.0,0.3,56.0,56.0,2.8,4.0,94.0,1010.1,1010.1,2.7,4.7
2024-04-29 06:39:28+02:00,9.1,9.1,7.9,7.0,86.0,13.1,85.0,14.2,0.0,0.0,0.0,0.0,0.0,0.3,56.0,56.0,2.5,4.7,81.0,1010.1,1010.1,2.7,4.7
2024-04-29 06:45:52+02:00,9.2,9.2,7.9,7.0,86.0,13.1,86.0,15.5,0.0,0.0,0.0,0.0,0.0,0.3,56.0,56.0,3.1,6.1,102.0,1010.2,1010.2,2.7,4.7
2024-04-29 06:50:08+02:00,9.1,9.1,7.8,6.9,86.0,13.1,86.0,18.1,0.0,0.0,0.0,0.0,0.0,0.3,56.0,56.0,3.0,4.3,92.0,1010.1,1010.1,2.7,4.7
2024-04-29 06:54:24+02:00,9.1,9.1,8.3,6.9,86.0,13.1,86.0,20.8,0.0,0.0,0.0,0.0,0.0,0.3,56.0,56.0,0.6,4.0,49.0,1010.2,1010.2,2.7,4.7
2024-04-29 07:00:48+02:00,8.8,8.8,8.1,6.9,88.0,13.1,86.0,23.4,0.0,0.0,0.0,0.0,0.0,0.3,56.0,56.0,0.0,2.2,81.0,1010.2,1010.2,2.7,4.7
2024-04-29 07:05:04+02:00,8.8,8.8,7.8,6.9,88.0,13.1,86.0,23.6,0.0,0.0,0.0,0.0,0.0,0.3,56.0,56.0,1.2,2.9,107.0,1010.3,1010.3,2.7,4.7
2024-04-29 07:09:20+02:00,8.9,8.9,7.9,6.9,87.0,13.1,86.0,24.0,0.0,0.0,0.0,0.0,0.0,0.3,56.0,56.0,1.2,5.4,103.0,1010.4,1010.4,2.7,4.7
2024-04-29 07:15:44+02:00,9.0,9.0,8.3,7.0,88.0,13.1,86.0,24.1,0.0,0.0,0.0,0.0,0.0,0.3,56.0,56.0,0.0,2.9,72.0,1010.4,1010.4,2.7,4.7
2024-04-29 07:20:00+02:00,8.9,8.9,8.0,6.9,87.0,13.1,86.0,25.4,0.0,0.0,0.0,0.0,0.0,0.3,56.0,56.0,0.7,4.3,78.0,1010.5,1010.5,2.7,4.7
2024-04-29 07:24:16+02:00,9.3,9.3,8.0,7.1,86.0,13.0,86.0,26.6,0.0,0.0,0.0,0.0,0.0,0.3,56.0,56.0,3.6,5.8,96.0,1010.6,1010.6,2.7,4.7
2024-04-29 07:30:40+02:00,9.7,9.6,8.4,7.2,84.0,13.1,86.0,27.1,0.0,0.0,0.0,0.0,0.0,0.3,56.0,56.0,3.5,7.6,97.0,1010.6,1010.6,2.7,4.7
2024-04-29 07:34:56+02:00,9.8,9.8,8.5,7.2,84.0,13.1,86.0,29.2,0.0,0.0,0.0,0.0,0.0,0.3,56.0,56.0,3.2,4.7,108.0,1010.7,1010.7,2.7,4.7
2024-04-29 07:39:12+02:00,9.8,9.8,8.6,7.3,84.0,13.1,86.0,30.9,0.0,0.0,0.0,0.0,0.0,0.3,56.0,56.0,3.1,4.3,96.0,1010.6,1010.6,2.7,4.7
2024-04-29 07:45:36+02:00,10.0,10.0,8.8,7.4,84.0,13.1,86.0,30.6,0.0,0.0,0.0,0.0,0.0,0.3,56.0,56.0,3.2,5.0,109.0,1010.5,1010.5,2.7,4.7
2024-04-29 07:49:52+02:00,10.4,10.4,8.6,7.4,82.0,13.1,86.0,33.8,0.0,0.0,0.0,0.0,0.0,0.3,56.0,56.0,6.2,12.6,116.0,1010.8,1010.8,2.7,4.7
2024-04-29 07:54:08+02:00,10.7,10.7,9.3,7.5,80.0,13.1,86.0,31.7,0.0,0.0,0.0,0.0,0.0,0.3,56.0,56.0,4.1,7.6,101.0,1010.7,1010.7,2.7,4.7
2024-04-29 08:00:32+02:00,10.7,10.7,9.5,7.6,81.0,13.2,86.0,32.8,0.0,0.0,0.0,0.0,0.0,0.3,56.0,56.0,3.5,8.6,106.0,1010.7,1010.7,2.7,4.7
2024-04-29 08:04:48+02:00,10.8,10.8,9.5,7.5,80.0,13.2,86.0,36.8,0.0,0.0,0.0,0.0,0.0,0.3,56.0,56.0,3.4,8.6,114.0,1010.8,1010.8,2.7,4.7
2024-04-29 08:09:04+02:00,10.9,10.9,9.1,7.4,79.0,13.2,86.0,39.1,0.0,0.0,0.0,0.0,0.0,0.3,56.0,56.0,6.2,10.1,108.0,1010.9,1010.9,2.7,4.7
2024-04-29 08:15:28+02:00,11.1,11.1,9.5,7.6,79.0,13.2,87.0,42.9,0.0,0.0,0.0,0.0,0.0,0.3,56.0,56.0,5.3,11.2,110.0,1010.7,1010.7,2.7,4.7
2024-04-29 08:19:44+02:00,11.3,11.3,9.5,7.6,78.0,13.3,87.0,49.6,0.0,0.0,0.0,0.0,0.0,0.3,56.0,56.0,6.5,11.5,106.0,1010.9,1010.9,2.7,4.7
2024-04-29 08:24:00+02:00,11.5,11.5,10.0,7.6,77.0,13.3,87.0,142.3,1.0,0.0,0.0,0.0,0.0,0.3,56.0,56.0,4.9,8.6,109.0,1011.0,1011.0,2.7,4.7
2024-04-29 08:30:24+02:00,11.9,11.9,10.5,7.8,76.0,13.3,87.0,186.5,1.0,0.0,0.0,0.0,0.0,0.3,56.0,56.0,4.5,6.5,123.0,1011.0,1011.0,2.7,4.7
2024-04-29 08:45:20+02:00,12.7,12.7,11.1,8.1,74.0,13.5,87.0,202.1,1.0,0.0,0.0,0.0,0.0,0.3,56.0,56.0,5.8,11.2,116.0,1011.3,1011.3,2.7,4.8
2024-04-29 08:49:36+02:00,12.8,12.8,11.1,8.1,73.0,13.7,88.0,149.8,1.0,0.0,0.0,0.0,0.0,0.3,56.0,56.0,6.5,14.8,117.0,1011.1,1011.1,2.7,4.8
2024-04-29 08:56:00+02:00,13.0,13.0,11.6,8.1,72.0,13.9,88.0,175.8,1.0,0.0,0.0,0.0,0.0,0.3,56.0,56.0,5.0,8.3,122.0,1011.2,1011.2,2.7,4.9
2024-04-29 09:00:16+02:00,13.1,13.1,11.6,8.0,71.0,14.1,88.0,176.6,1.0,0.0,0.0,0.0,0.0,0.3,56.0,56.0,5.5,11.5,108.0,1011.2,1011.2,2.7,4.9
2024-04-29 09:04:32+02:00,13.1,13.1,11.1,8.0,71.0,14.3,89.0,191.0,1.0,0.0,0.0,0.0,0.0,0.3,56.0,56.0,7.6,11.5,117.0,1011.3,1011.3,2.7,4.9
2024-04-29 09:10:56+02:00,13.2,13.2,11.7,8.0,71.0,14.4,89.0,208.1,1.0,0.0,0.0,0.0,0.0,0.3,56.0,56.0,5.4,11.5,119.0,1011.2,1011.2,2.7,4.9
2024-04-29 09:15:12+02:00,13.4,13.4,11.2,8.0,70.0,14.6,89.0,189.4,1.0,0.0,0.0,0.0,0.0,0.3,56.0,56.0,9.0,12.2,117.0,1011.1,1011.1,2.7,5.0
2024-04-29 09:19:28+02:00,13.5,13.5,12.0,8.0,70.0,14.8,89.0,203.1,1.0,0.0,0.0,0.0,0.0,0.3,56.0,56.0,5.0,11.2,119.0,1011.3,1011.3,2.7,5.0
2024-04-29 09:25:52+02:00,13.9,13.9,12.3,8.1,68.0,15.0,89.0,225.8,2.0,0.0,0.0,0.0,0.0,0.3,56.0,56.0,5.8,11.5,124.0,1011.2,1011.2,2.7,5.1
2024-04-29 09:30:08+02:00,14.0,14.0,12.5,8.1,68.0,15.2,89.0,251.7,2.0,0.0,0.0,0.0,0.0,0.3,56.0,56.0,5.5,9.7,108.0,1011.3,1011.3,2.7,5.1
2024-04-29 09:34:24+02:00,14.1,14.1,12.4,8.2,67.0,15.3,89.0,290.0,2.0,0.0,0.0,0.0,0.0,0.3,56.0,56.0,7.0,13.3,124.0,1011.3,1011.3,2.7,5.2
2024-04-29 09:40:48+02:00,14.2,14.2,12.7,8.1,67.0,15.5,89.0,277.0,2.0,0.0,0.0,0.0,0.0,0.3,56.0,56.0,5.6,13.3,119.0,1011.4,1011.4,2.7,5.2
2024-04-29 09:45:04+02:00,14.5,14.5,12.5,8.0,65.0,15.8,89.0,266.3,2.0,0.0,0.0,0.0,0.0,0.3,56.0,56.0,7.6,14.0,119.0,1011.3,1011.3,2.7,5.2
2024-04-29 09:49:20+02:00,14.5,14.5,13.0,7.9,64.0,16.0,89.0,285.4,2.0,0.0,0.0,0.0,0.0,0.3,56.0,56.0,5.3,13.3,117.0,1011.3,1011.3,2.7,5.2
2024-04-29 09:55:44+02:00,14.7,14.7,13.0,8.1,64.0,16.3,89.0,293.5,2.0,0.0,0.0,0.0,0.0,0.3,56.0,56.0,6.8,11.9,117.0,1011.3,1011.3,2.7,5.2
2024-04-29 10:00:00+02:00,14.7,14.7,13.0,7.9,64.0,16.5,89.0,315.8,2.0,0.0,0.0,0.0,0.0,0.3,56.0,56.0,6.1,13.0,124.0,1011.3,1011.3,2.7,5.2
2024-04-29 10:04:16+02:00,15.2,15.2,14.1,8.0,62.0,16.8,88.0,341.0,3.0,0.0,0.0,0.0,0.0,0.3,56.0,56.0,3.2,8.6,133.0,1011.3,1011.3,2.7,5.2
2024-04-29 10:10:40+02:00,15.4,15.4,13.5,8.2,62.0,17.1,88.0,382.5,3.0,0.0,0.0,0.0,0.0,0.3,56.0,56.0,7.7,15.1,125.0,1011.3,1011.3,2.7,5.2
2024-04-29 10:14:56+02:00,15.5,15.5,14.1,8.0,61.0,17.4,88.0,392.3,3.0,0.0,0.0,0.0,0.0,0.3,56.0,56.0,4.4,12.2,129.0,1011.4,1011.4,2.7,5.2
2024-04-29 10:19:12+02:00,16.4,16.4,15.2,8.1,58.0,17.7,88.0,394.0,3.0,0.0,0.0,0.0,0.0,0.3,56.0,56.0,3.8,8.6,95.0,1011.4,1011.4,2.7,5.2
2024-04-29 10:25:36+02:00,16.5,16.5,14.8,8.4,59.0,17.9,88.0,407.2,3.0,0.0,0.0,0.0,0.0,0.3,56.0,56.0,6.9,13.3,129.0,1011.3,1011.3,2.7,5.2
2024-04-29 10:29:52+02:00,16.3,16.3,14.4,8.4,59.0,18.2,88.0,388.1,3.0,0.0,0.0,0.0,0.0,0.3,56.0,56.0,7.6,15.5,127.0,1011.5,1011.5,2.7,5.2
2024-04-29 10:34:08+02:00,15.9,15.9,14.5,8.3,61.0,18.5,88.0,350.1,3.0,0.0,0.0,0.0,0.0,0.3,56.0,56.0,5.2,12.6,133.0,1011.4,1011.4,2.7,5.3
2024-04-29 10:40:32+02:00,16.2,16.2,14.8,8.3,59.0,18.8,88.0,388.4,3.0,0.0,0.0,0.0,0.0,0.3,56.0,56.0,4.8,8.6,115.0,1011.5,1011.5,2.7,5.3
2024-04-29 10:44:48+02:00,16.4,16.4,13.9,8.3,59.0,19.1,88.0,382.6,3.0,0.0,0.0,0.0,0.0,0.3,56.0,56.0,10.9,18.7,117.0,1011.4,1011.4,2.7,5.3
2024-04-29 10:49:04+02:00,16.0,16.0,13.1,8.1,59.0,19.3,88.0,392.4,3.0,0.0,0.0,0.0,0.0,0.3,56.0,56.0,12.2,16.9,119.0,1011.4,1011.4,2.7,5.3
2024-04-29 10:55:28+02:00,16.6,16.6,15.7,8.2,57.0,19.6,88.0,408.8,3.0,0.0,0.0,0.0,0.0,0.3,56.0,56.0,2.7,16.6,127.0,1011.1,1011.1,2.7,5.3
2024-04-29 10:59:44+02:00,16.7,16.7,15.1,8.0,56.0,19.8,88.0,446.1,4.0,0.0,0.0,0.0,0.0,0.3,56.0,56.0,6.1,15.1,123.0,1011.2,1011.2,2.7,5.3
2024-04-29 11:04:00+02:00,16.9,16.9,15.5,8.1,56.0,20.0,88.0,443.0,4.0,0.0,0.0,0.0,0.0,0.3,56.0,56.0,5.0,12.2,88.0,1011.1,1011.1,2.7,5.3
2024-04-29 11:10:24+02:00,17.2,17.2,15.9,8.2,55.0,20.2,87.0,436.0,4.0,0.0,0.0,0.0,0.0,0.3,56.0,56.0,4.4,10.4,121.0,1011.2,1011.2,2.7,5.3
2024-04-29 11:14:40+02:00,16.9,16.9,14.4,8.1,56.0,20.5,87.0,470.0,4.0,0.0,0.0,0.0,0.0,0.3,56.0,56.0,10.7,19.1,123.0,1011.4,1011.4,2.7,5.3
2024-04-29 11:18:56+02:00,17.0,17.0,15.4,8.0,55.0,20.7,87.0,482.0,4.0,0.0,0.0,0.0,0.0,0.3,56.0,56.0,5.6,13.0,129.0,1011.4,1011.4,2.7,5.3
2024-04-29 11:25:20+02:00,17.5,17.5,16.1,8.0,53.0,21.0,87.0,490.7,4.0,0.0,0.0,0.0,0.0,0.3,56.0,56.0,5.1,13.0,125.0,1011.3,1011.3,2.7,5.3
2024-04-29 11:29:36+02:00,17.6,17.6,15.2,7.7,52.0,21.2,87.0,504.7,4.0,0.0,0.0,0.0,0.0,0.3,56.0,56.0,9.5,24.5,135.0,1011.4,1011.4,2.7,5.3
2024-04-29 11:36:00+02:00,17.4,17.4,14.8,7.4,52.0,21.4,87.0,525.9,4.0,0.0,0.0,0.0,0.0,0.3,56.0,56.0,10.6,24.5,116.0,1011.3,1011.3,2.7,5.3
2024-04-29 11:40:16+02:00,17.4,17.4,15.0,7.5,52.0,21.6,87.0,527.3,4.0,0.0,0.0,0.0,0.0,0.3,56.0,56.0,9.1,17.3,128.0,1011.4,1011.4,2.7,5.3
2024-04-29 11:44:32+02:00,18.5,18.5,16.7,7.0,47.0,21.8,87.0,522.2,4.0,0.0,0.0,0.0,0.0,0.3,56.0,56.0,5.8,17.6,161.0,1011.5,1011.5,2.7,5.3
2024-04-29 11:50:56+02:00,18.5,18.5,16.0,7.3,48.0,22.0,87.0,531.5,4.0,0.0,0.0,0.0,0.0,0.3,56.0,56.0,9.6,23.8,129.0,1011.3,1011.3,2.7,5.3
2024-04-29 11:55:12+02:00,18.4,18.4,15.6,7.0,48.0,22.2,87.0,559.8,5.0,0.0,0.0,0.0,0.0,0.3,56.0,56.0,10.7,19.1,124.0,1011.3,1011.3,2.7,5.3
2024-04-29 11:59:28+02:00,18.3,18.3,15.9,7.2,48.0,22.4,87.0,564.4,5.0,0.0,0.0,0.0,0.0,0.3,56.0,56.0,8.9,19.8,101.0,1011.2,1011.2,2.7,5.3
2024-04-29 12:05:52+02:00,18.2,18.2,16.0,6.8,47.0,22.7,87.0,585.2,5.0,0.0,0.0,0.0,0.0,0.3,56.0,56.0,7.8,14.4,118.0,1011.2,1011.2,2.7,5.3
2024-04-29 12:10:08+02:00,18.0,18.0,15.2,6.8,48.0,22.8,86.0,591.3,5.0,0.0,0.0,0.0,0.0,0.3,56.0,56.0,10.4,18.0,117.0,1011.2,1011.2,2.7,5.3
2024-04-29 12:14:24+02:00,18.2,18.2,15.0,6.9,48.0,23.0,86.0,582.8,5.0,0.0,0.0,0.0,0.0,0.3,56.0,56.0,12.9,22.0,123.0,1011.2,1011.2,2.7,5.3
2024-04-29 12:20:48+02:00,18.2,18.2,15.3,6.3,46.0,23.2,86.0,600.1,5.0,0.0,0.0,0.0,0.0,0.3,56.0,56.0,10.6,23.4,131.0,1011.1,1011.1,2.7,5.3
2024-04-29 12:25:04+02:00,18.3,18.3,15.4,6.2,45.0,23.4,86.0,554.2,5.0,0.0,0.0,0.0,0.0,0.3,56.0,56.0,10.4,29.2,114.0,1011.0,1011.0,2.7,5.3
2024-04-29 12:29:20+02:00,17.7,17.7,15.5,6.0,46.0,23.6,86.0,596.8,5.0,0.0,0.0,0.0,0.0,0.3,56.0,56.0,6.8,19.4,122.0,1011.1,1011.1,2.7,5.3
2024-04-29 12:35:44+02:00,18.7,18.7,15.7,6.7,46.0,23.7,86.0,593.0,5.0,0.0,0.0,0.0,0.0,0.3,56.0,56.0,11.4,18.7,114.0,1011.1,1011.1,2.7,5.3
2024-04-29 12:40:00+02:00,19.6,19.6,18.2,6.5,43.0,23.9,86.0,598.6,5.0,0.0,0.0,0.0,0.0,0.3,56.0,56.0,2.7,9.7,134.0,1011.0,1011.0,2.7,5.3
2024-04-29 12:44:16+02:00,20.2,20.2,18.0,6.4,41.0,24.1,86.0,595.3,5.0,0.0,0.0,0.0,0.0,0.3,56.0,56.0,7.3,14.4,118.0,1011.0,1011.0,2.68,5.3
2024-04-29 12:50:40+02:00,19.4,19.4,16.3,6.0,42.0,24.3,86.0,621.8,5.0,0.0,0.0,0.0,0.0,0.3,56.0,56.0,10.9,18.0,113.0,1011.0,1011.0,2.68,5.3
2024-04-29 12:54:56+02:00,18.4,18.4,16.0,6.0,44.0,24.5,85.0,174.6,1.0,0.0,0.0,0.0,0.0,0.3,56.0,56.0,7.6,15.8,122.0,1011.0,1011.0,2.68,5.3
2024-04-29 12:59:12+02:00,18.1,18.1,14.8,5.5,43.0,24.5,85.0,635.8,5.0,0.0,0.0,0.0,0.0,0.3,56.0,56.0,11.5,22.0,140.0,1011.0,1011.0,2.68,5.3
2024-04-29 13:05:36+02:00,18.9,18.9,16.3,5.7,42.0,24.7,85.0,601.4,5.0,0.0,0.0,0.0,0.0,0.3,56.0,56.0,8.7,20.2,143.0,1011.0,1011.0,2.7,5.3
2024-04-29 13:09:52+02:00,18.2,18.2,15.5,5.6,43.0,24.8,85.0,530.1,4.0,0.0,0.0,0.0,0.0,0.3,56.0,56.0,9.0,20.2,111.0,1010.8,1010.8,2.7,5.3
2024-04-29 13:14:08+02:00,18.7,18.7,16.4,6.1,44.0,24.8,85.0,646.2,6.0,0.0,0.0,0.0,0.0,0.3,56.0,56.0,7.3,18.7,99.0,1010.6,1010.6,2.7,5.3
2024-04-29 13:20:32+02:00,19.2,19.2,16.4,6.2,43.0,25.0,85.0,610.7,5.0,0.0,0.0,0.0,0.0,0.3,56.0,56.0,9.7,21.2,123.0,1010.8,1010.8,2.7,5.3
2024-04-29 13:24:48+02:00,18.9,18.9,16.3,6.1,43.0,25.1,85.0,484.2,4.0,0.0,0.0,0.0,0.0,0.3,56.0,56.0,8.8,20.9,120.0,1010.7,1010.7,2.7,5.3
2024-04-29 13:29:04+02:00,18.4,18.4,16.5,5.8,44.0,25.1,85.0,373.2,3.0,0.0,0.0,0.0,0.0,0.3,56.0,56.0,4.8,19.8,111.0,1010.7,1010.7,2.7,5.3
2024-04-29 13:35:28+02:00,18.6,18.6,16.3,5.5,42.0,25.2,85.0,474.9,4.0,0.0,0.0,0.0,0.0,0.3,56.0,56.0,6.7,14.8,121.0,1010.6,1010.6,2.7,5.3
2024-04-29 13:39:44+02:00,18.9,18.9,16.8,5.8,42.0,25.2,85.0,201.4,1.0,0.0,0.0,0.0,0.0,0.3,56.0,56.0,5.9,12.6,119.0,1010.6,1010.6,2.7,5.3
2024-04-29 13:44:00+02:00,18.6,18.6,16.2,5.5,42.0,25.2,85.0,648.2,6.0,0.0,0.0,0.0,0.0,0.3,56.0,56.0,7.2,12.6,113.0,1010.5,1010.5,2.7,5.3
2024-04-29 13:50:24+02:00,19.3,19.3,17.2,5.8,41.0,25.2,85.0,641.3,5.0,0.0,0.0,0.0,0.0,0.3,56.0,56.0,5.8,12.2,125.0,1010.5,1010.5,2.7,5.3
2024-04-29 13:54:40+02:00,20.1,20.1,17.5,5.6,39.0,25.3,85.0,592.7,5.0,0.0,0.0,0.0,0.0,0.3,56.0,56.0,8.3,19.8,127.0,1010.6,1010.6,2.7,5.3
2024-04-29 14:01:04+02:00,20.6,20.6,18.9,5.4,37.0,25.4,85.0,569.2,5.0,0.0,0.0,0.0,0.0,0.3,56.0,56.0,3.7,9.0,146.0,1010.4,1010.4,2.7,5.3
2024-04-29 14:05:20+02:00,21.0,21.0,18.3,6.0,38.0,25.5,85.0,586.7,5.0,0.0,0.0,0.0,0.0,0.3,56.0,56.0,9.3,17.6,113.0,1010.6,1010.6,2.68,5.3
2024-04-29 14:09:36+02:00,20.2,20.2,18.4,6.1,40.0,25.6,85.0,608.5,5.0,0.0,0.0,0.0,0.0,0.3,56.0,56.0,4.3,16.6,102.0,1010.5,1010.5,2.68,5.3
2024-04-29 14:16:00+02:00,20.4,20.4,17.6,6.2,39.0,25.7,85.0,595.0,5.0,0.0,0.0,0.0,0.0,0.3,56.0,56.0,10.2,19.1,114.0,1010.4,1010.4,2.68,5.3
2024-04-29 14:20:16+02:00,20.0,20.0,17.5,5.5,39.0,25.7,85.0,574.7,5.0,0.0,0.0,0.0,0.0,0.3,56.0,56.0,7.6,19.1,138.0,1010.5,1010.5,2.68,5.3
2024-04-29 14:24:32+02:00,20.4,20.4,18.0,4.9,36.0,25.8,85.0,560.5,5.0,0.0,0.0,0.0,0.0,0.3,56.0,56.0,6.3,15.1,111.0,1010.5,1010.5,2.68,5.3
2024-04-29 14:30:56+02:00,20.3,20.3,17.0,5.3,37.0,25.9,85.0,515.6,4.0,0.0,0.0,0.0,0.0,0.3,56.0,56.0,11.7,19.4,128.0,1010.5,1010.5,2.68,5.3
2024-04-29 14:35:12+02:00,20.1,20.1,17.1,5.2,38.0,26.0,85.0,541.7,5.0,0.0,0.0,0.0,0.0,0.3,56.0,56.0,9.9,19.8,125.0,1010.4,1010.4,2.68,5.3
2024-04-29 14:39:28+02:00,20.2,20.2,17.5,5.4,38.0,26.0,85.0,480.9,4.0,0.0,0.0,0.0,0.0,0.3,56.0,56.0,8.5,21.2,126.0,1010.3,1010.3,2.68,5.3
2024-04-29 14:45:52+02:00,20.1,20.1,17.0,5.4,38.0,26.1,85.0,534.3,4.0,0.0,0.0,0.0,0.0,0.3,56.0,56.0,10.7,20.5,109.0,1010.4,1010.4,2.68,5.3
2024-04-29 14:50:08+02:00,20.5,20.5,17.5,5.6,38.0,26.1,85.0,572.0,5.0,0.0,0.0,0.0,0.0,0.3,56.0,56.0,10.1,22.0,132.0,1010.4,1010.4,2.68,5.3
2024-04-29 14:54:24+02:00,20.5,20.5,17.5,4.8,36.0,26.1,85.0,558.6,5.0,0.0,0.0,0.0,0.0,0.3,56.0,56.0,9.6,16.2,131.0,1010.3,1010.3,2.68,5.3
2024-04-29 15:00:48+02:00,20.9,20.9,18.3,6.0,38.0,26.2,85.0,540.4,5.0,0.0,0.0,0.0,0.0,0.3,56.0,56.0,8.9,12.2,133.0,1010.2,1010.2,2.68,5.3
2024-04-29 15:05:04+02:00,20.4,20.4,17.5,5.1,37.0,26.3,85.0,552.8,5.0,0.0,0.0,0.0,0.0,0.3,56.0,56.0,9.3,21.2,131.0,1010.2,1010.2,2.68,5.3
2024-04-29 15:09:20+02:00,20.9,20.9,18.2,5.3,36.0,26.3,85.0,524.9,4.0,0.0,0.0,0.0,0.0,0.3,56.0,56.0,8.5,24.1,131.0,1010.1,1010.1,2.68,5.3
2024-04-29 15:15:44+02:00,20.0,20.0,17.4,5.2,38.0,26.3,85.0,514.2,4.0,0.0,0.0,0.0,0.0,0.3,56.0,56.0,7.9,24.1,135.0,1010.2,1010.2,2.68,5.3
2024-04-29 15:20:00+02:00,21.2,21.2,19.1,5.3,35.0,26.4,86.0,539.2,5.0,0.0,0.0,0.0,0.0,0.3,56.0,56.0,4.8,14.8,149.0,1009.9,1009.9,2.68,5.3
2024-04-29 15:24:16+02:00,21.0,21.0,18.0,6.0,38.0,26.4,86.0,544.8,5.0,0.0,0.0,0.0,0.0,0.3,56.0,56.0,10.2,19.1,123.0,1009.9,1009.9,2.68,5.3
2024-04-29 15:30:40+02:00,20.7,20.7,18.7,6.2,39.0,26.4,86.0,578.9,5.0,0.0,0.0,0.0,0.0,0.3,56.0,56.0,5.8,13.7,107.0,1010.0,1010.0,2.68,5.3
2024-04-29 15:34:56+02:00,21.1,21.1,18.8,6.3,38.0,26.5,86.0,596.4,5.0,0.0,0.0,0.0,0.0,0.3,56.0,56.0,7.1,16.9,114.0,1010.0,1010.0,2.68,5.3
2024-04-29 15:39:12+02:00,21.2,21.2,19.1,5.8,37.0,26.5,86.0,598.9,5.0,0.0,0.0,0.0,0.0,0.3,56.0,56.0,5.8,19.8,107.0,1009.8,1009.8,2.68,5.3
2024-04-29 15:45:36+02:00,21.0,21.0,16.8,6.1,38.0,26.6,86.0,602.6,5.0,0.0,0.0,0.0,0.0,0.3,56.0,56.0,17.0,28.1,125.0,1009.9,1009.9,2.68,5.3
2024-04-29 15:49:52+02:00,20.3,20.3,17.8,6.4,40.0,26.6,86.0,576.7,5.0,0.0,0.0,0.0,0.0,0.3,56.0,56.0,8.9,22.0,120.0,1009.8,1009.8,2.68,5.3
2024-04-29 15:54:08+02:00,20.9,20.9,18.7,5.6,37.0,26.6,86.0,420.5,3.0,0.0,0.0,0.0,0.0,0.3,56.0,56.0,5.8,13.7,124.0,1009.8,1009.8,2.68,5.3
2024-04-29 16:00:32+02:00,20.6,20.6,18.0,5.7,38.0,26.6,86.0,606.4,5.0,0.0,0.0,0.0,0.0,0.3,56.0,56.0,8.2,19.8,140.0,1009.9,1009.9,2.68,5.3
2024-04-29 16:04:48+02:00,21.1,21.1,18.7,6.0,37.0,26.6,86.0,573.8,5.0,0.0,0.0,0.0,0.0,0.3,56.0,56.0,7.4,17.6,126.0,1009.9,1009.9,2.68,5.3
2024-04-29 16:09:04+02:00,21.0,21.0,18.5,5.7,37.0,26.6,86.0,502.0,4.0,0.0,0.0,0.0,0.0,0.3,56.0,56.0,7.7,22.7,127.0,1009.9,1009.9,2.68,5.3
2024-04-29 16:15:28+02:00,20.9,20.9,18.1,5.1,36.0,26.7,86.0,458.6,4.0,0.0,0.0,0.0,0.0,0.3,56.0,56.0,8.6,15.8,122.0,1009.7,1009.7,2.68,5.3
2024-04-29 16:19:44+02:00,20.7,20.7,18.4,5.1,36.0,26.7,86.0,438.9,4.0,0.0,0.0,0.0,0.0,0.3,56.0,56.0,6.5,15.8,139.0,1009.8,1009.8,2.68,5.3
2024-04-29 16:24:00+02:00,20.9,20.9,19.1,5.7,37.0,26.7,87.0,486.9,4.0,0.0,0.0,0.0,0.0,0.3,56.0,56.0,4.4,13.3,136.0,1009.8,1009.8,2.68,5.3
2024-04-29 16:30:24+02:00,20.9,20.9,18.6,6.0,38.0,26.7,87.0,478.1,4.0,0.0,0.0,0.0,0.0,0.3,56.0,56.0,7.4,20.5,115.0,1009.6,1009.6,2.68,5.3
2024-04-29 16:34:40+02:00,21.1,21.1,19.2,6.1,38.0,26.7,87.0,422.7,3.0,0.0,0.0,0.0,0.0,0.3,56.0,56.0,5.1,12.2,107.0,1009.6,1009.6,2.68,5.3
2024-04-29 16:38:56+02:00,21.2,21.2,19.6,6.0,37.0,26.7,87.0,429.0,3.0,0.0,0.0,0.0,0.0,0.3,56.0,56.0,3.4,10.4,154.0,1009.6,1009.6,2.68,5.3
2024-04-29 16:45:20+02:00,22.1,22.1,20.5,6.3,36.0,26.8,87.0,377.5,3.0,0.0,0.0,0.0,0.0,0.3,56.0,56.0,3.8,12.6,2.0,1009.5,1009.5,2.68,5.3
2024-04-29 16:49:36+02:00,21.4,21.4,19.3,6.3,37.0,26.8,88.0,309.6,2.0,0.0,0.0,0.0,0.0,0.3,56.0,56.0,6.1,12.6,117.0,1009.5,1009.5,2.68,5.3
2024-04-29 16:56:00+02:00,20.8,20.8,18.7,6.3,39.0,26.8,88.0,175.0,1.0,0.0,0.0,0.0,0.0,0.3,56.0,56.0,6.1,14.4,134.0,1009.5,1009.5,2.68,5.3
2024-04-29 17:00:16+02:00,20.4,20.4,17.9,6.2,40.0,26.7,88.0,144.9,1.0,0.0,0.0,0.0,0.0,0.3,56.0,56.0,8.5,14.4,128.0,1009.4,1009.4,2.68,5.3
2024-04-29 17:04:32+02:00,20.2,20.2,18.3,6.2,40.0,26.7,87.0,132.0,1.0,0.0,0.0,0.0,0.0,0.3,56.0,56.0,5.0,14.8,122.0,1009.5,1009.5,2.68,5.3
2024-04-29 17:10:56+02:00,20.0,20.0,17.4,5.9,40.0,26.7,87.0,130.8,1.0,0.0,0.0,0.0,0.0,0.3,56.0,56.0,8.5,18.4,121.0,1009.5,1009.5,2.68,5.3
2024-04-29 17:15:12+02:00,19.9,19.9,17.5,5.6,39.0,26.6,87.0,135.8,1.0,0.0,0.0,0.0,0.0,0.3,56.0,56.0,7.6,16.9,125.0,1009.5,1009.5,2.7,5.3
2024-04-29 17:19:28+02:00,19.9,19.9,18.4,6.0,40.0,26.6,87.0,121.9,1.0,0.0,0.0,0.0,0.0,0.3,56.0,56.0,3.1,11.5,110.0,1009.5,1009.5,2.7,5.3
2024-04-29 17:25:52+02:00,20.0,20.0,17.6,5.7,39.0,26.5,87.0,125.2,1.0,0.0,0.0,0.0,0.0,0.3,56.0,56.0,7.3,18.7,112.0,1009.4,1009.4,2.7,5.3
2024-04-29 17:30:08+02:00,19.8,19.8,17.2,5.9,40.0,26.4,87.0,133.3,1.0,0.0,0.0,0.0,0.0,0.3,56.0,56.0,8.9,18.7,126.0,1009.5,1009.5,2.7,5.3
2024-04-29 17:34:24+02:00,19.8,19.8,17.3,5.7,40.0,26.4,87.0,138.7,1.0,0.0,0.0,0.0,0.0,0.3,56.0,56.0,7.9,14.8,120.0,1009.4,1009.4,2.7,5.3
2024-04-29 17:40:48+02:00,19.7,19.7,17.1,6.1,41.0,26.3,87.0,133.9,1.0,0.0,0.0,0.0,0.0,0.3,56.0,56.0,8.9,17.3,125.0,1009.5,1009.5,2.7,5.3
2024-04-29 17:45:04+02:00,19.6,19.6,17.6,6.1,41.0,26.3,87.0,113.6,1.0,0.0,0.0,0.0,0.0,0.3,56.0,56.0,5.6,14.8,125.0,1009.4,1009.4,2.7,5.3
2024-04-29 17:49:20+02:00,19.7,19.7,18.2,6.2,41.0,26.2,87.0,108.0,1.0,0.0,0.0,0.0,0.0,0.3,56.0,56.0,3.0,7.9,122.0,1009.4,1009.4,2.7,5.3
2024-04-29 17:55:44+02:00,19.7,19.7,17.7,6.4,42.0,26.1,87.0,117.6,1.0,0.0,0.0,0.0,0.0,0.3,56.0,56.0,6.2,14.8,126.0,1009.4,1009.4,2.7,5.3
2024-04-29 18:00:00+02:00,19.8,19.8,18.1,6.2,41.0,26.0,87.0,129.9,1.0,0.0,0.0,0.0,0.0,0.3,56.0,56.0,4.0,10.1,140.0,1009.3,1009.3,2.7,5.3
2024-04-29 18:04:16+02:00,20.0,20.0,18.5,6.7,42.0,26.0,87.0,141.0,1.0,0.0,0.0,0.0,0.0,0.3,56.0,56.0,3.9,6.5,130.0,1009.3,1009.3,2.7,5.3
2024-04-29 18:10:40+02:00,19.9,19.9,17.6,6.7,42.0,25.9,87.0,135.8,1.0,0.0,0.0,0.0,0.0,0.3,56.0,56.0,7.8,14.8,117.0,1009.4,1009.4,2.7,5.3
2024-04-29 18:14:56+02:00,19.8,19.8,17.4,7.2,44.0,25.8,87.0,137.5,1.0,0.0,0.0,0.0,0.0,0.3,56.0,56.0,8.8,14.0,120.0,1009.4,1009.4,2.7,5.3
2024-04-29 18:19:12+02:00,19.7,19.7,18.0,6.9,43.0,25.8,87.0,128.4,1.0,0.0,0.0,0.0,0.0,0.3,56.0,56.0,5.3,11.9,138.0,1009.3,1009.3,2.7,5.3
2024-04-29 18:25:36+02:00,19.7,19.7,17.6,6.8,43.0,25.8,87.0,103.9,0.0,0.0,0.0,0.0,0.0,0.3,56.0,56.0,7.0,12.6,130.0,1009.3,1009.3,2.7,5.2
2024-04-29 18:29:52+02:00,19.6,19.6,17.1,6.9,44.0,25.7,87.0,95.3,0.0,0.0,0.0,0.0,0.0,0.3,56.0,56.0,8.9,18.7,114.0,1009.2,1009.2,2.7,5.2
2024-04-29 18:34:08+02:00,19.5,19.5,17.8,7.1,44.0,25.7,87.0,95.3,0.0,0.0,0.0,0.0,0.0,0.3,56.0,56.0,5.4,11.5,128.0,1009.2,1009.2,2.7,5.2
2024-04-29 18:40:32+02:00,19.5,19.5,17.6,7.1,44.0,25.6,87.0,94.3,0.0,0.0,0.0,0.0,0.0,0.3,56.0,56.0,6.1,17.6,139.0,1009.3,1009.3,2.7,5.2
2024-04-29 18:44:48+02:00,19.4,19.4,17.4,7.4,46.0,25.5,87.0,85.2,0.0,0.0,0.0,0.0,0.0,0.3,56.0,56.0,7.2,15.1,126.0,1009.3,1009.3,2.7,5.2
2024-04-29 18:49:04+02:00,19.3,19.3,17.5,7.3,46.0,25.4,87.0,80.1,0.0,0.0,0.0,0.0,0.0,0.3,56.0,56.0,5.9,10.4,127.0,1009.2,1009.2,2.7,5.2
2024-04-29 18:55:28+02:00,19.4,19.4,17.7,7.3,45.0,25.4,87.0,69.9,0.0,0.0,0.0,0.0,0.0,0.3,56.0,56.0,5.4,9.0,128.0,1009.1,1009.1,2.7,5.2
2024-04-29 18:59:44+02:00,19.3,19.3,17.6,7.5,46.0,25.3,87.0,56.4,0.0,0.0,0.0,0.0,0.0,0.3,56.0,56.0,5.8,9.7,117.0,1009.3,1009.3,2.7,5.2
2024-04-29 19:04:00+02:00,19.2,19.2,17.0,7.7,47.0,25.3,87.0,46.3,0.0,0.0,0.0,0.0,0.0,0.3,56.0,56.0,8.7,15.5,121.0,1009.3,1009.3,2.7,5.2
2024-04-29 19:10:24+02:00,19.1,19.1,16.4,7.4,47.0,25.2,87.0,39.6,0.0,0.0,0.0,0.0,0.0,0.3,56.0,56.0,10.7,15.8,124.0,1009.3,1009.3,2.7,5.2
2024-04-29 19:14:40+02:00,19.0,19.0,16.7,7.4,47.0,25.1,87.0,32.8,0.0,0.0,0.0,0.0,0.0,0.3,56.0,56.0,8.6,14.4,125.0,1009.2,1009.2,2.7,5.2
2024-04-29 19:21:04+02:00,19.0,19.0,17.1,7.4,47.0,25.0,87.0,25.3,0.0,0.0,0.0,0.0,0.0,0.3,56.0,56.0,6.5,16.2,135.0,1009.2,1009.2,2.7,5.2
2024-04-29 19:25:20+02:00,18.9,18.9,16.7,7.6,48.0,24.9,87.0,22.2,0.0,0.0,0.0,0.0,0.0,0.3,56.0,56.0,8.1,16.2,113.0,1009.2,1009.2,2.7,5.2
2024-04-29 19:29:36+02:00,18.7,18.7,17.2,7.9,49.0,24.8,87.0,20.4,0.0,0.0,0.0,0.0,0.0,0.3,56.0,56.0,5.4,12.2,121.0,1009.2,1009.2,2.7,5.2
2024-04-29 19:36:00+02:00,18.7,18.7,17.2,7.9,50.0,24.8,87.0,18.0,0.0,0.0,0.0,0.0,0.0,0.3,56.0,56.0,4.9,9.0,131.0,1009.2,1009.2,2.7,5.2
2024-04-29 19:40:16+02:00,18.7,18.7,16.5,7.6,49.0,24.7,87.0,15.7,0.0,0.0,0.0,0.0,0.0,0.3,56.0,56.0,8.4,15.1,124.0,1009.4,1009.4,2.7,5.2
2024-04-29 19:44:32+02:00,18.7,18.7,17.0,7.9,49.0,24.6,86.0,12.2,0.0,0.0,0.0,0.0,0.0,0.3,56.0,56.0,5.8,15.8,104.0,1009.2,1009.2,2.7,5.2
2024-04-29 19:50:56+02:00,18.4,18.4,17.1,8.1,51.0,24.5,86.0,10.3,0.0,0.0,0.0,0.0,0.0,0.3,56.0,56.0,4.2,7.2,104.0,1009.4,1009.4,2.7,5.2
2024-04-29 19:55:12+02:00,18.3,18.3,16.4,8.1,51.0,24.4,86.0,9.6,0.0,0.0,0.0,0.0,0.0,0.3,56.0,56.0,7.6,12.6,117.0,1009.3,1009.3,2.7,5.2
2024-04-29 19:59:28+02:00,18.4,18.4,16.8,8.1,51.0,24.3,86.0,8.8,0.0,0.0,0.0,0.0,0.0,0.3,56.0,56.0,5.9,12.6,113.0,1009.4,1009.4,2.7,5.2
2024-04-29 20:05:52+02:00,18.3,18.3,17.1,8.3,52.0,24.2,86.0,7.7,0.0,0.0,0.0,0.0,0.0,0.3,56.0,56.0,3.9,8.6,107.0,1009.4,1009.4,2.7,5.2
2024-04-29 20:10:08+02:00,18.2,18.2,16.5,8.1,52.0,24.2,86.0,7.3,0.0,0.0,0.0,0.0,0.0,0.3,56.0,56.0,6.5,10.8,113.0,1009.4,1009.4,2.7,5.2
2024-04-29 20:14:24+02:00,18.3,18.3,16.6,8.1,51.0,24.0,86.0,6.6,0.0,0.0,0.0,0.0,0.0,0.3,56.0,56.0,6.7,11.2,129.0,1009.5,1009.5,2.7,5.2
2024-04-29 20:20:48+02:00,18.2,18.2,16.3,8.1,52.0,24.0,86.0,5.0,0.0,0.0,0.0,0.0,0.0,0.3,56.0,56.0,7.4,19.1,122.0,1009.5,1009.5,2.7,5.2
2024-04-29 20:25:04+02:00,18.2,18.2,15.4,8.0,51.0,23.9,86.0,4.3,0.0,0.0,0.0,0.0,0.0,0.3,56.0,56.0,11.8,22.0,134.0,1009.5,1009.5,2.7,5.2
2024-04-29 20:29:20+02:00,18.2,18.2,16.2,8.3,53.0,23.8,86.0,3.5,0.0,0.0,0.0,0.0,0.0,0.3,56.0,56.0,8.3,22.0,123.0,1009.6,1009.6,2.7,5.2
2024-04-29 20:35:44+02:00,18.1,18.1,15.9,8.2,52.0,23.7,86.0,2.7,0.0,0.0,0.0,0.0,0.0,0.3,56.0,56.0,9.2,16.2,122.0,1009.5,1009.5,2.7,5.2
2024-04-29 20:40:00+02:00,18.0,18.0,16.0,8.3,53.0,23.6,86.0,2.0,0.0,0.0,0.0,0.0,0.0,0.3,56.0,56.0,8.5,15.5,120.0,1009.5,1009.5,2.7,5.2
2024-04-29 20:44:16+02:00,17.9,17.9,16.6,8.4,54.0,23.5,86.0,1.7,0.0,0.0,0.0,0.0,0.0,0.3,56.0,56.0,5.0,9.7,126.0,1009.4,1009.4,2.7,5.2
2024-04-29 20:50:40+02:00,17.8,17.8,16.0,8.3,54.0,23.4,86.0,1.4,0.0,0.0,0.0,0.0,0.0,0.3,56.0,56.0,7.6,19.1,115.0,1009.6,1009.6,2.7,5.2
2024-04-29 20:54:56+02:00,17.7,17.7,16.6,8.5,55.0,23.3,86.0,0.9,0.0,0.0,0.0,0.0,0.0,0.3,56.0,56.0,3.8,12.2,120.0,1009.6,1009.6,2.7,5.2
2024-04-29 20:59:12+02:00,17.4,17.4,16.3,8.7,57.0,23.2,86.0,0.6,0.0,0.0,0.0,0.0,0.0,0.3,56.0,56.0,4.2,6.1,129.0,1009.6,1009.6,2.7,5.2
2024-04-29 21:05:36+02:00,17.5,17.5,16.1,8.5,55.0,23.2,86.0,0.2,0.0,0.0,0.0,0.0,0.0,0.3,56.0,56.0,5.5,9.4,124.0,1009.7,1009.7,2.7,5.2
2024-04-29 21:09:52+02:00,17.4,17.4,16.4,8.7,57.0,23.1,86.0,0.1,0.0,0.0,0.0,0.0,0.0,0.3,56.0,56.0,3.8,6.8,125.0,1009.7,1009.7,2.7,5.2
2024-04-29 21:14:08+02:00,17.3,17.3,16.1,8.7,57.0,23.0,86.0,0.0,0.0,0.0,0.0,0.0,0.0,0.3,56.0,56.0,5.1,9.4,121.0,1009.8,1009.8,2.7,5.1
2024-04-29 21:20:32+02:00,17.4,17.4,16.1,8.7,57.0,22.9,86.0,0.0,0.0,0.0,0.0,0.0,0.0,0.3,56.0,56.0,5.0,9.4,109.0,1009.8,1009.8,2.7,5.1
2024-04-29 21:24:48+02:00,17.5,17.5,16.0,8.7,57.0,22.8,86.0,0.0,0.0,0.0,0.0,0.0,0.0,0.3,56.0,56.0,6.2,11.9,122.0,1009.8,1009.8,2.7,5.1
2024-04-29 21:29:04+02:00,17.4,17.4,15.9,8.7,57.0,22.8,86.0,0.0,0.0,0.0,0.0,0.0,0.0,0.3,56.0,56.0,6.2,12.2,117.0,1009.8,1009.8,2.7,5.1
2024-04-29 21:35:28+02:00,17.4,17.4,15.9,8.8,57.0,22.7,86.0,0.0,0.0,0.0,0.0,0.0,0.0,0.3,56.0,56.0,6.6,12.6,128.0,1009.9,1009.9,2.7,5.1
2024-04-29 21:39:44+02:00,17.4,17.4,15.7,8.9,57.0,22.6,85.0,0.0,0.0,0.0,0.0,0.0,0.0,0.3,56.0,56.0,7.8,12.2,117.0,1009.9,1009.9,2.7,5.1
2024-04-29 21:44:00+02:00,17.4,17.4,15.8,8.8,57.0,22.6,85.0,0.0,0.0,0.0,0.0,0.0,0.0,0.3,56.0,56.0,6.6,15.1,123.0,1009.9,1009.9,2.7,5.1
2024-04-29 21:50:24+02:00,17.3,17.3,15.6,8.9,58.0,22.5,86.0,0.0,0.0,0.0,0.0,0.0,0.0,0.3,56.0,56.0,7.6,15.8,118.0,1009.9,1009.9,2.7,5.1
2024-04-29 21:54:40+02:00,17.5,17.5,15.1,8.5,56.0,22.4,86.0,0.0,0.0,0.0,0.0,0.0,0.0,0.3,56.0,56.0,10.7,16.2,120.0,1010.1,1010.1,2.7,5.1
2024-04-29 21:58:56+02:00,17.5,17.5,16.1,8.8,57.0,22.3,86.0,0.0,0.0,0.0,0.0,0.0,0.0,0.3,56.0,56.0,5.7,13.0,125.0,1010.1,1010.1,2.7,5.1
2024-04-29 22:05:20+02:00,17.3,17.3,15.7,8.6,57.0,22.3,86.0,0.0,0.0,0.0,0.0,0.0,0.0,0.3,56.0,56.0,6.3,10.4,125.0,1010.1,1010.1,2.7,5.1
2024-04-29 22:09:36+02:00,17.3,17.3,16.2,8.8,58.0,22.2,86.0,0.0,0.0,0.0,0.0,0.0,0.0,0.3,56.0,56.0,4.2,11.2,114.0,1010.1,1010.1,2.7,5.1
2024-04-29 22:16:00+02:00,17.2,17.2,15.7,8.8,58.0,22.2,86.0,0.0,0.0,0.0,0.0,0.0,0.0,0.3,56.0,56.0,6.8,17.6,128.0,1010.0,1010.0,2.7,5.1
2024-04-29 22:20:16+02:00,17.3,17.3,15.4,8.8,57.0,22.1,86.0,0.0,0.0,0.0,0.0,0.0,0.0,0.3,56.0,56.0,8.5,17.6,123.0,1010.1,1010.1,2.7,5.1
2024-04-29 22:24:32+02:00,17.2,17.2,15.4,8.8,58.0,22.1,86.0,0.0,0.0,0.0,0.0,0.0,0.0,0.3,56.0,56.0,8.1,14.0,119.0,1010.1,1010.1,2.7,5.1
2024-04-29 22:30:56+02:00,17.2,17.2,15.7,8.7,57.0,22.0,86.0,0.0,0.0,0.0,0.0,0.0,0.0,0.3,56.0,56.0,6.4,13.3,130.0,1010.0,1010.0,2.7,5.1
2024-04-29 22:35:12+02:00,17.1,17.1,15.8,8.9,58.0,21.9,86.0,0.0,0.0,0.0,0.0,0.0,0.0,0.3,56.0,56.0,5.6,9.7,111.0,1010.0,1010.0,2.7,5.1
2024-04-29 22:39:28+02:00,17.0,17.0,15.3,8.7,58.0,21.9,86.0,0.0,0.0,0.0,0.0,0.0,0.0,0.3,56.0,56.0,7.5,10.4,121.0,1010.0,1010.0,2.7,5.1
2024-04-29 22:45:52+02:00,17.1,17.1,15.7,8.9,59.0,21.8,86.0,0.0,0.0,0.0,0.0,0.0,0.0,0.3,56.0,56.0,5.8,10.4,120.0,1010.1,1010.1,2.7,5.1
2024-04-29 22:50:08+02:00,16.8,16.8,15.9,9.1,60.0,21.8,86.0,0.0,0.0,0.0,0.0,0.0,0.0,0.3,56.0,56.0,3.9,6.8,121.0,1010.1,1010.1,2.7,5.1
2024-04-29 22:54:24+02:00,16.7,16.7,15.5,9.0,60.0,21.7,86.0,0.0,0.0,0.0,0.0,0.0,0.0,0.3,56.0,56.0,4.9,7.2,121.0,1010.0,1010.0,2.7,5.1
2024-04-29 23:00:48+02:00,16.7,16.7,15.8,9.1,61.0,21.7,86.0,0.0,0.0,0.0,0.0,0.0,0.0,0.3,56.0,56.0,3.7,6.8,124.0,1010.0,1010.0,2.7,5.1
2024-04-29 23:05:04+02:00,16.5,16.5,15.6,9.1,62.0,21.6,86.0,0.0,0.0,0.0,0.0,0.0,0.0,0.3,56.0,56.0,3.3,7.2,89.0,1010.0,1010.0,2.7,5.0
2024-04-29 23:09:20+02:00,16.3,16.3,15.8,9.2,63.0,21.5,86.0,0.0,0.0,0.0,0.0,0.0,0.0,0.3,56.0,56.0,1.8,4.7,128.0,1010.0,1010.0,2.7,5.0
2024-04-29 23:15:44+02:00,16.0,16.0,14.9,9.1,64.0,21.4,86.0,0.0,0.0,0.0,0.0,0.0,0.0,0.3,56.0,56.0,4.5,6.8,122.0,1010.1,1010.1,2.7,5.0
2024-04-29 23:20:00+02:00,16.1,16.1,14.8,9.1,63.0,21.4,86.0,0.0,0.0,0.0,0.0,0.0,0.0,0.3,56.0,56.0,5.4,7.9,113.0,1010.1,1010.1,2.7,5.0
2024-04-29 23:24:16+02:00,16.0,16.0,15.5,9.1,64.0,21.3,86.0,0.0,0.0,0.0,0.0,0.0,0.0,0.3,56.0,56.0,2.1,7.2,100.0,1010.1,1010.1,2.7,5.0
2024-04-29 23:30:40+02:00,15.9,15.9,15.5,9.2,64.0,21.2,86.0,0.0,0.0,0.0,0.0,0.0,0.0,0.3,56.0,56.0,1.3,6.1,77.0,1010.1,1010.1,2.7,5.0
2024-04-29 23:34:56+02:00,15.8,15.8,15.2,9.1,65.0,21.2,86.0,0.0,0.0,0.0,0.0,0.0,0.0,0.3,56.0,56.0,2.1,4.7,94.0,1010.1,1010.1,2.7,5.0
2024-04-29 23:39:12+02:00,15.9,15.9,15.1,9.2,65.0,21.1,86.0,0.0,0.0,0.0,0.0,0.0,0.0,0.3,56.0,56.0,2.9,5.0,94.0,1010.0,1010.0,2.7,5.0
2024-04-29 23:45:36+02:00,15.7,15.7,14.7,9.2,65.0,21.1,86.0,0.0,0.0,0.0,0.0,0.0,0.0,0.3,56.0,56.0,4.2,7.2,101.0,1010.2,1010.2,2.7,5.0
2024-04-29 23:49:52+02:00,15.8,15.8,15.0,9.0,64.0,21.0,86.0,0.0,0.0,0.0,0.0,0.0,0.0,0.3,56.0,56.0,2.6,5.8,89.0,1010.1,1010.1,2.7,5.0
2024-04-29 23:54:08+02:00,15.7,15.7,15.0,9.2,65.0,20.9,86.0,0.0,0.0,0.0,0.0,0.0,0.0,0.3,56.0,56.0,2.5,5.0,106.0,1010.0,1010.0,2.7,5.0
2024-04-30 00:00:32+02:00,15.6,15.6,14.8,9.3,66.0,20.9,86.0,0.0,0.0,0.0,0.0,0.0,0.0,0.3,56.0,56.0,3.1,5.8,107.0,1010.1,1010.1,2.7,5.0
2024-04-30 00:04:48+02:00,15.6,15.6,14.8,9.0,65.0,20.8,86.0,0.0,0.0,0.0,0.0,0.0,0.0,0.3,56.0,56.0,3.4,8.3,106.0,1010.0,1010.0,2.7,5.0
2024-04-30 00:09:04+02:00,15.7,15.7,15.1,9.2,65.0,20.8,86.0,0.0,0.0,0.0,0.0,0.0,0.0,0.3,56.0,56.0,2.3,4.0,106.0,1009.9,1009.9,2.7,5.0
2024-04-30 00:15:28+02:00,15.5,15.5,14.7,9.3,67.0,20.7,86.0,0.0,0.0,0.0,0.0,0.0,0.0,0.3,56.0,56.0,3.2,5.4,113.0,1010.0,1010.0,2.7,5.0
2024-04-30 00:19:44+02:00,15.4,15.4,14.9,9.1,66.0,20.7,86.0,0.0,0.0,0.0,0.0,0.0,0.0,0.3,56.0,56.0,2.0,4.3,109.0,1010.1,1010.1,2.7,5.0
2024-04-30 00:24:00+02:00,15.5,15.5,14.5,9.0,65.0,20.6,86.0,0.0,0.0,0.0,0.0,0.0,0.0,0.3,56.0,56.0,3.9,7.6,117.0,1009.9,1009.9,2.7,5.0
2024-04-30 00:30:24+02:00,15.7,15.7,14.6,9.0,64.0,20.5,86.0,0.0,0.0,0.0,0.0,0.0,0.0,0.3,56.0,56.0,4.2,7.6,117.0,1010.0,1010.0,2.7,5.0
2024-04-30 00:34:40+02:00,15.7,15.7,14.7,9.0,64.0,20.5,86.0,0.0,0.0,0.0,0.0,0.0,0.0,0.3,56.0,56.0,3.7,7.6,100.0,1009.8,1009.8,2.7,5.0
2024-04-30 00:41:04+02:00,15.7,15.7,15.0,9.0,64.0,20.4,86.0,0.0,0.0,0.0,0.0,0.0,0.0,0.3,56.0,56.0,2.4,4.7,95.0,1009.8,1009.8,2.7,5.0
2024-04-30 00:45:20+02:00,15.7,15.7,15.2,8.9,64.0,20.4,86.0,0.0,0.0,0.0,0.0,0.0,0.0,0.3,56.0,56.0,0.9,3.6,84.0,1009.7,1009.7,2.7,5.0
2024-04-30 00:49:36+02:00,15.5,15.5,15.0,9.0,65.0,20.3,86.0,0.0,0.0,0.0,0.0,0.0,0.0,0.3,56.0,56.0,1.4,4.7,130.0,1009.7,1009.7,2.7,5.0
2024-04-30 00:56:00+02:00,15.3,15.3,14.9,8.9,66.0,20.3,86.0,0.0,0.0,0.0,0.0,0.0,0.0,0.3,56.0,56.0,0.9,3.2,48.0,1009.8,1009.8,2.7,5.0
2024-04-30 01:00:16+02:00,15.3,15.3,15.1,8.8,65.0,20.3,86.0,0.0,0.0,0.0,0.0,0.0,0.0,0.3,56.0,56.0,0.0,2.9,64.0,1009.8,1009.8,2.7,5.0
2024-04-30 01:04:32+02:00,15.3,15.3,15.1,8.9,66.0,20.2,86.0,0.0,0.0,0.0,0.0,0.0,0.0,0.3,56.0,56.0,0.0,2.2,68.0,1009.8,1009.8,2.7,4.9
2024-04-30 01:10:56+02:00,15.2,15.2,14.8,8.9,66.0,20.2,86.0,0.0,0.0,0.0,0.0,0.0,0.0,0.3,56.0,56.0,0.9,4.3,57.0,1009.7,1009.7,2.7,4.9
2024-04-30 01:15:12+02:00,15.2,15.2,14.8,9.0,67.0,20.2,86.0,0.0,0.0,0.0,0.0,0.0,0.0,0.3,56.0,56.0,1.2,3.6,108.0,1009.8,1009.8,2.7,4.9
2024-04-30 01:19:28+02:00,15.0,15.0,14.6,9.1,68.0,20.1,86.0,0.0,0.0,0.0,0.0,0.0,0.0,0.3,56.0,56.0,1.2,3.2,105.0,1009.7,1009.7,2.7,4.9
2024-04-30 01:25:52+02:00,14.8,14.8,14.3,9.3,70.0,20.0,86.0,0.0,0.0,0.0,0.0,0.0,0.0,0.3,56.0,56.0,2.2,3.2,113.0,1009.9,1009.9,2.7,4.9
2024-04-30 01:30:08+02:00,14.8,14.8,14.3,9.2,69.0,20.0,86.0,0.0,0.0,0.0,0.0,0.0,0.0,0.3,56.0,56.0,1.7,3.2,86.0,1009.9,1009.9,2.7,4.9
2024-04-30 01:34:24+02:00,14.7,14.7,14.2,9.3,70.0,19.9,86.0,0.0,0.0,0.0,0.0,0.0,0.0,0.3,56.0,56.0,1.7,3.2,105.0,1009.9,1009.9,2.7,4.9
2024-04-30 01:40:48+02:00,14.7,14.7,14.4,9.1,69.0,19.9,86.0,0.0,0.0,0.0,0.0,0.0,0.0,0.3,56.0,56.0,0.5,2.2,108.0,1009.8,1009.8,2.7,4.9
2024-04-30 01:45:04+02:00,14.7,14.7,14.5,9.4,71.0,19.8,86.0,0.0,0.0,0.0,0.0,0.0,0.0,0.3,56.0,56.0,0.0,2.2,75.0,1009.9,1009.9,2.7,4.9
2024-04-30 01:49:20+02:00,14.5,14.5,14.4,9.4,71.0,19.8,86.0,0.0,0.0,0.0,0.0,0.0,0.0,0.3,56.0,56.0,0.0,2.2,89.0,1009.8,1009.8,2.7,4.9
2024-04-30 01:55:44+02:00,14.5,14.5,14.1,9.3,71.0,19.8,86.0,0.0,0.0,0.0,0.0,0.0,0.0,0.3,56.0,56.0,1.2,2.9,114.0,1009.8,1009.8,2.7,4.9
2024-04-30 02:00:00+02:00,14.4,14.4,14.0,9.2,71.0,19.7,86.0,0.0,0.0,0.0,0.0,0.0,0.0,0.3,56.0,56.0,1.2,2.5,106.0,1009.8,1009.8,2.7,4.9
2024-04-30 02:04:16+02:00,14.3,14.3,14.2,9.3,72.0,19.7,86.0,0.0,0.0,0.0,0.0,0.0,0.0,0.3,56.0,56.0,0.0,3.2,111.0,1009.8,1009.8,2.7,4.9
2024-04-30 02:10:40+02:00,14.2,14.2,14.1,9.7,74.0,19.6,86.0,0.0,0.0,0.0,0.0,0.0,0.0,0.3,56.0,56.0,0.0,2.2,70.0,1009.9,1009.9,2.7,4.9
2024-04-30 02:14:56+02:00,14.0,14.0,13.6,9.4,74.0,19.6,86.0,0.0,0.0,0.0,0.0,0.0,0.0,0.3,56.0,56.0,1.5,2.5,113.0,1009.8,1009.8,2.7,4.9
2024-04-30 02:19:12+02:00,13.9,13.9,13.8,9.5,75.0,19.5,86.0,0.0,0.0,0.0,0.0,0.0,0.0,0.3,56.0,56.0,0.0,2.5,112.0,1009.7,1009.7,2.7,4.9
2024-04-30 02:25:36+02:00,13.7,13.7,13.6,9.5,76.0,19.5,86.0,0.0,0.0,0.0,0.0,0.0,0.0,0.3,56.0,56.0,0.0,2.5,114.0,1009.7,1009.7,2.7,4.9
2024-04-30 02:29:52+02:00,13.7,13.7,13.4,9.8,77.0,19.5,86.0,0.0,0.0,0.0,0.0,0.0,0.0,0.3,56.0,56.0,1.3,3.2,125.0,1009.7,1009.7,2.7,4.9
2024-04-30 02:34:08+02:00,13.7,13.7,13.2,9.3,75.0,19.4,86.0,0.0,0.0,0.0,0.0,0.0,0.0,0.3,56.0,56.0,1.8,3.2,113.0,1009.6,1009.6,2.7,4.9
2024-04-30 02:40:32+02:00,13.7,13.7,13.1,9.6,77.0,19.3,86.0,0.0,0.0,0.0,0.0,0.0,0.0,0.3,56.0,56.0,2.5,3.6,121.0,1009.6,1009.6,2.7,4.9
2024-04-30 02:44:48+02:00,13.6,13.6,13.0,9.6,77.0,19.3,86.0,0.0,0.0,0.0,0.0,0.0,0.0,0.3,56.0,56.0,2.4,4.0,109.0,1009.5,1009.5,2.7,4.9
2024-04-30 02:49:04+02:00,13.5,13.5,13.0,9.5,77.0,19.3,86.0,0.0,0.0,0.0,0.0,0.0,0.0,0.3,56.0,56.0,2.5,4.0,112.0,1009.6,1009.6,2.7,4.9
2024-04-30 02:55:28+02:00,13.7,13.7,13.1,9.4,75.0,19.2,86.0,0.0,0.0,0.0,0.0,0.0,0.0,0.3,56.0,56.0,2.3,3.6,110.0,1009.6,1009.6,2.7,4.8
2024-04-30 02:59:44+02:00,13.8,13.8,13.4,9.5,76.0,19.2,86.0,0.0,0.0,0.0,0.0,0.0,0.0,0.3,56.0,56.0,1.2,3.2,108.0,1009.6,1009.6,2.7,4.8
2024-04-30 03:04:00+02:00,13.8,13.8,13.5,9.4,75.0,19.1,86.0,0.0,0.0,0.0,0.0,0.0,0.0,0.3,56.0,56.0,0.8,2.5,103.0,1009.5,1009.5,2.7,4.8
2024-04-30 03:10:24+02:00,13.6,13.6,13.5,9.4,75.0,19.1,86.0,0.0,0.0,0.0,0.0,0.0,0.0,0.3,56.0,56.0,0.0,1.8,107.0,1009.5,1009.5,2.7,4.8
2024-04-30 03:14:40+02:00,13.5,13.5,13.3,9.6,78.0,19.0,86.0,0.0,0.0,0.0,0.0,0.0,0.0,0.3,56.0,56.0,0.9,2.9,102.0,1009.5,1009.5,2.7,4.8
2024-04-30 03:18:56+02:00,13.4,13.4,12.8,9.7,78.0,19.0,86.0,0.0,0.0,0.0,0.0,0.0,0.0,0.3,56.0,56.0,2.9,4.0,109.0,1009.5,1009.5,2.7,4.8
2024-04-30 03:25:20+02:00,13.4,13.4,12.8,9.8,79.0,18.9,86.0,0.0,0.0,0.0,0.0,0.0,0.0,0.3,56.0,56.0,2.8,4.3,112.0,1009.5,1009.5,2.7,4.8
2024-04-30 03:29:36+02:00,13.5,13.5,12.9,9.7,78.0,18.9,86.0,0.0,0.0,0.0,0.0,0.0,0.0,0.3,56.0,56.0,3.1,4.3,113.0,1009.3,1009.3,2.7,4.8
2024-04-30 03:36:00+02:00,13.5,13.5,12.9,9.5,77.0,18.8,86.0,0.0,0.0,0.0,0.0,0.0,0.0,0.3,56.0,56.0,2.8,4.3,113.0,1009.3,1009.3,2.7,4.8
2024-04-30 03:40:16+02:00,13.8,13.8,13.3,9.4,75.0,18.8,86.0,0.0,0.0,0.0,0.0,0.0,0.0,0.3,56.0,56.0,1.9,4.3,94.0,1009.2,1009.2,2.7,4.8
2024-04-30 03:44:32+02:00,13.8,13.8,13.7,9.5,76.0,18.8,86.0,0.0,0.0,0.0,0.0,0.0,0.0,0.3,56.0,56.0,0.0,2.5,76.0,1009.3,1009.3,2.7,4.8
2024-04-30 03:50:56+02:00,13.6,13.6,13.4,9.6,77.0,18.7,86.0,0.0,0.0,0.0,0.0,0.0,0.0,0.3,56.0,56.0,0.8,2.5,281.0,1009.4,1009.4,2.7,4.8
2024-04-30 03:55:12+02:00,13.8,13.8,13.6,9.5,75.0,18.7,86.0,0.0,0.0,0.0,0.0,0.0,0.0,0.3,56.0,56.0,0.4,2.9,336.0,1009.4,1009.4,2.7,4.8
2024-04-30 03:59:28+02:00,13.9,13.9,13.5,9.5,75.0,18.6,86.0,0.0,0.0,0.0,0.0,0.0,0.0,0.3,56.0,56.0,1.3,4.3,61.0,1009.3,1009.3,2.7,4.8
2024-04-30 04:05:52+02:00,14.0,14.0,13.3,9.3,73.0,18.6,86.0,0.0,0.0,0.0,0.0,0.0,0.0,0.3,56.0,56.0,2.6,4.3,69.0,1009.4,1009.4,2.7,4.8
2024-04-30 04:10:08+02:00,14.1,14.1,13.6,9.4,73.0,18.6,86.0,0.0,0.0,0.0,0.0,0.0,0.0,0.3,56.0,56.0,2.1,4.7,53.0,1009.2,1009.2,2.7,4.8
2024-04-30 04:14:24+02:00,14.1,14.1,13.5,9.4,74.0,18.6,86.0,0.0,0.0,0.0,0.0,0.0,0.0,0.3,56.0,56.0,2.4,4.7,84.0,1009.2,1009.2,2.7,4.8
2024-04-30 04:20:48+02:00,14.2,14.2,13.5,9.4,73.0,18.5,86.0,0.0,0.0,0.0,0.0,0.0,0.0,0.3,56.0,56.0,2.7,4.7,79.0,1009.3,1009.3,2.7,4.8
2024-04-30 04:25:04+02:00,14.2,14.2,13.7,9.5,73.0,18.5,86.0,0.0,0.0,0.0,0.0,0.0,0.0,0.3,56.0,56.0,2.0,5.0,73.0,1009.3,1009.3,2.7,4.8
2024-04-30 04:29:20+02:00,14.2,14.2,13.8,9.6,74.0,18.5,86.0,0.0,0.0,0.0,0.0,0.0,0.0,0.3,56.0,56.0,1.4,4.3,82.0,1009.2,1009.2,2.7,4.8
2024-04-30 04:35:44+02:00,14.0,14.0,13.8,9.6,75.0,18.5,86.0,0.0,0.0,0.0,0.0,0.0,0.0,0.3,56.0,56.0,0.6,4.0,1.0,1009.2,1009.2,2.7,4.7
2024-04-30 04:40:00+02:00,13.8,13.8,13.8,9.8,77.0,18.4,86.0,0.0,0.0,0.0,0.0,0.0,0.0,0.3,56.0,56.0,0.0,1.8,281.0,1009.2,1009.2,2.7,4.7
2024-04-30 04:44:16+02:00,13.6,13.6,13.6,10.0,79.0,18.4,87.0,0.0,0.0,0.0,0.0,0.0,0.0,0.3,56.0,56.0,0.0,1.8,243.0,1009.3,1009.3,2.7,4.7
2024-04-30 04:50:40+02:00,13.4,13.4,13.2,9.7,78.0,18.4,86.0,0.0,0.0,0.0,0.0,0.0,0.0,0.3,56.0,56.0,0.7,2.5,307.0,1009.3,1009.3,2.7,4.7
2024-04-30 04:54:56+02:00,13.3,13.3,13.3,9.8,79.0,18.3,87.0,0.0,0.0,0.0,0.0,0.0,0.0,0.3,56.0,56.0,0.0,2.5,358.0,1009.2,1009.2,2.7,4.7
2024-04-30 04:59:12+02:00,13.3,13.3,13.3,9.8,79.0,18.3,86.0,0.0,0.0,0.0,0.0,0.0,0.0,0.3,56.0,56.0,0.0,2.2,164.0,1009.2,1009.2,2.7,4.7
2024-04-30 05:05:36+02:00,13.2,13.2,12.9,10.1,81.0,18.3,87.0,0.0,0.0,0.0,0.0,0.0,0.0,0.3,56.0,56.0,1.9,3.6,84.0,1009.2,1009.2,2.7,4.7
2024-04-30 05:09:52+02:00,13.1,13.1,12.8,10.1,82.0,18.3,87.0,0.0,0.0,0.0,0.0,0.0,0.0,0.3,56.0,56.0,2.2,3.2,115.0,1009.1,1009.1,2.7,4.7
2024-04-30 05:14:08+02:00,13.0,13.0,12.9,10.1,83.0,18.2,87.0,0.0,0.0,0.0,0.0,0.0,0.0,0.3,56.0,56.0,0.8,2.9,124.0,1009.1,1009.1,2.7,4.7
2024-04-30 05:20:32+02:00,12.9,12.9,12.8,10.3,84.0,18.2,87.0,0.0,0.0,0.0,0.0,0.0,0.0,0.3,56.0,56.0,0.7,2.2,127.0,1008.9,1008.9,2.7,4.7
2024-04-30 05:24:48+02:00,12.8,12.8,12.5,10.2,84.0,18.2,87.0,0.0,0.0,0.0,0.0,0.0,0.0,0.3,56.0,56.0,1.9,3.6,105.0,1009.0,1009.0,2.7,4.7
2024-04-30 05:29:04+02:00,12.7,12.7,12.3,10.2,85.0,18.2,87.0,0.0,0.0,0.0,0.0,0.0,0.0,0.3,56.0,56.0,2.4,3.6,120.0,1008.9,1008.9,2.7,4.7
2024-04-30 05:35:28+02:00,12.7,12.7,12.3,10.3,85.0,18.1,87.0,0.0,0.0,0.0,0.0,0.0,0.0,0.3,56.0,56.0,2.5,3.6,108.0,1008.9,1008.9,2.7,4.6
2024-04-30 05:39:44+02:00,12.7,12.7,12.7,10.4,86.0,18.1,87.0,0.1,0.0,0.6,0.1,0.1,0.1,0.4,56.1,56.1,0.7,3.6,115.0,1008.8,1008.8,2.7,4.6
2024-04-30 05:44:00+02:00,12.6,12.6,12.6,10.3,86.0,18.1,87.0,0.2,0.0,0.6,0.1,0.1,0.1,0.4,56.1,56.1,0.5,2.9,102.0,1008.9,1008.9,2.7,4.6
2024-04-30 05:50:24+02:00,12.5,12.5,12.4,10.3,86.0,18.0,86.0,0.5,0.0,0.6,0.1,0.1,0.1,0.4,56.1,56.1,1.3,2.5,106.0,1008.8,1008.8,2.7,4.6
2024-04-30 05:54:40+02:00,12.4,12.4,12.1,10.1,86.0,18.0,86.0,0.9,0.0,0.0,0.1,0.1,0.1,0.4,56.1,56.1,2.2,3.2,93.0,1008.8,1008.8,2.7,4.6
2024-04-30 06:01:04+02:00,12.5,12.5,12.6,10.4,87.0,18.0,86.0,1.5,0.0,0.0,0.1,0.1,0.1,0.4,56.1,56.1,0.5,3.6,113.0,1008.9,1008.9,2.7,4.6
2024-04-30 06:05:20+02:00,12.3,12.3,12.2,10.4,88.0,17.9,86.0,2.3,0.0,0.0,0.1,0.1,0.1,0.4,56.1,56.1,1.7,3.6,104.0,1008.8,1008.8,2.7,4.6
2024-04-30 06:09:36+02:00,12.2,12.2,12.2,10.5,89.0,17.9,86.0,3.3,0.0,0.0,0.1,0.1,0.1,0.4,56.1,56.1,1.2,3.2,103.0,1008.9,1008.9,2.7,4.6
2024-04-30 06:16:00+02:00,12.2,12.2,12.3,10.4,89.0,17.9,86.0,4.7,0.0,0.0,0.1,0.1,0.1,0.4,56.1,56.1,0.0,2.2,104.0,1008.7,1008.7,2.7,4.6
2024-04-30 06:20:16+02:00,12.1,12.1,12.3,10.5,90.0,17.8,86.0,6.4,0.0,0.0,0.1,0.1,0.1,0.4,56.1,56.1,0.0,1.8,75.0,1008.7,1008.7,2.7,4.6
2024-04-30 06:24:32+02:00,12.0,12.0,12.1,10.5,91.0,17.8,87.0,8.5,0.0,0.0,0.1,0.1,0.1,0.4,56.1,56.1,0.7,2.5,104.0,1008.7,1008.7,2.7,4.6
2024-04-30 06:30:56+02:00,12.0,12.0,12.0,10.6,91.0,17.8,86.0,11.1,0.0,0.0,0.1,0.1,0.1,0.4,56.1,56.1,1.2,2.5,105.0,1008.5,1008.5,2.7,4.6
2024-04-30 06:35:12+02:00,11.9,11.9,11.9,10.5,91.0,17.7,86.0,13.2,0.0,0.0,0.1,0.1,0.1,0.4,56.1,56.1,1.2,2.5,110.0,1008.5,1008.5,2.7,4.5
2024-04-30 06:39:28+02:00,11.9,11.9,12.1,10.4,91.0,17.7,86.0,15.9,0.0,0.0,0.1,0.1,0.0,0.4,56.1,56.1,0.0,2.5,111.0,1008.7,1008.7,2.7,4.5
2024-04-30 06:45:52+02:00,12.0,12.0,12.2,10.5,91.0,17.7,86.0,17.4,0.0,0.0,0.1,0.1,0.0,0.4,56.1,56.1,0.0,2.5,98.0,1008.6,1008.6,2.7,4.5
2024-04-30 06:50:08+02:00,12.2,12.2,11.9,10.6,90.0,17.7,86.0,19.7,0.0,0.0,0.1,0.1,0.0,0.4,56.1,56.1,2.4,3.6,91.0,1008.5,1008.5,2.7,4.5
2024-04-30 06:54:24+02:00,12.2,12.2,12.3,10.6,90.0,17.6,87.0,21.5,0.0,0.0,0.1,0.1,0.0,0.4,56.1,56.1,0.4,2.9,99.0,1008.6,1008.6,2.7,4.5
2024-04-30 07:00:48+02:00,12.2,12.2,12.2,10.6,90.0,17.6,87.0,24.4,0.0,0.0,0.1,0.0,0.0,0.4,56.1,56.1,0.9,2.9,97.0,1008.6,1008.6,2.7,4.5
2024-04-30 07:05:04+02:00,12.2,12.2,12.0,10.6,90.0,17.6,87.0,29.6,0.0,0.0,0.1,0.0,0.0,0.4,56.1,56.1,2.0,3.6,100.0,1008.6,1008.6,2.7,4.5
2024-04-30 07:09:20+02:00,12.2,12.2,12.4,10.5,89.0,17.6,87.0,37.8,0.0,0.0,0.1,0.0,0.0,0.4,56.1,56.1,0.0,2.5,92.0,1008.6,1008.6,2.7,4.5
2024-04-30 07:15:44+02:00,12.4,12.4,12.3,10.7,89.0,17.5,87.0,49.1,0.0,0.0,0.1,0.0,0.0,0.4,56.1,56.1,1.7,2.9,104.0,1008.7,1008.7,2.7,4.6
2024-04-30 07:20:00+02:00,12.5,12.5,12.7,10.7,89.0,17.5,87.0,58.3,0.0,0.0,0.1,0.0,0.0,0.4,56.1,56.1,0.4,2.9,127.0,1008.6,1008.6,2.7,4.6
2024-04-30 07:24:16+02:00,12.7,12.7,12.9,11.0,89.0,17.5,87.0,62.3,0.0,0.0,0.1,0.0,0.0,0.4,56.1,56.1,1.1,2.5,104.0,1008.6,1008.6,2.7,4.6
2024-04-30 07:30:40+02:00,12.9,12.9,13.3,11.1,89.0,17.5,87.0,63.1,0.0,0.0,0.1,0.0,0.0,0.4,56.1,56.1,0.0,2.5,114.0,1008.5,1008.5,2.7,4.6
2024-04-30 07:34:56+02:00,13.1,13.1,13.1,11.3,89.0,17.6,87.0,62.7,0.0,0.0,0.1,0.0,0.0,0.4,56.1,56.1,2.1,2.9,115.0,1008.6,1008.6,2.7,4.6
2024-04-30 07:39:12+02:00,13.3,13.3,13.7,11.3,88.0,17.6,87.0,61.1,0.0,0.0,0.1,0.0,0.0,0.4,56.1,56.1,0.0,2.5,105.0,1008.5,1008.5,2.7,4.6
2024-04-30 07:45:36+02:00,13.6,13.6,13.7,11.5,87.0,17.6,87.0,63.8,0.0,0.0,0.1,0.0,0.0,0.4,56.1,56.1,1.4,2.9,106.0,1008.5,1008.5,2.7,4.6
2024-04-30 07:49:52+02:00,13.9,13.9,13.8,11.4,85.0,17.6,87.0,68.1,0.0,0.0,0.1,0.0,0.0,0.4,56.1,56.1,2.9,4.0,99.0,1008.5,1008.5,2.7,4.6
2024-04-30 07:54:08+02:00,14.2,14.2,14.4,11.7,85.0,17.7,87.0,78.3,0.0,0.0,0.1,0.0,0.0,0.4,56.1,56.1,1.9,4.0,128.0,1008.3,1008.3,2.7,4.6
2024-04-30 08:00:32+02:00,14.5,14.5,14.8,11.6,83.0,17.7,87.0,86.1,0.0,0.0,0.1,0.0,0.0,0.4,56.1,56.1,0.7,2.5,126.0,1008.2,1008.2,2.7,4.6
2024-04-30 08:04:48+02:00,14.8,14.8,15.2,11.7,81.0,17.7,88.0,89.7,0.0,0.0,0.1,0.0,0.0,0.4,56.1,56.1,0.9,2.9,133.0,1008.2,1008.2,2.7,4.7
2024-04-30 08:09:04+02:00,15.2,15.2,15.7,11.5,79.0,17.8,88.0,89.3,0.0,0.0,0.1,0.0,0.0,0.4,56.1,56.1,0.0,2.5,113.0,1008.3,1008.3,2.7,4.7
2024-04-30 08:15:28+02:00,15.6,15.6,15.8,11.1,75.0,17.8,88.0,89.9,0.0,0.0,0.1,0.0,0.0,0.4,56.1,56.1,0.7,2.9,336.0,1008.1,1008.1,2.7,4.7
2024-04-30 08:19:44+02:00,15.8,15.8,16.0,10.8,72.0,17.9,88.0,87.8,0.0,0.0,0.1,0.0,0.0,0.4,56.1,56.1,0.4,2.5,89.0,1008.2,1008.2,2.7,4.7
2024-04-30 08:24:00+02:00,16.1,16.1,16.3,11.4,73.0,18.0,88.0,132.3,1.0,0.0,0.1,0.0,0.0,0.4,56.1,56.1,1.2,3.6,103.0,1008.2,1008.2,2.7,4.7
2024-04-30 08:30:24+02:00,16.2,16.2,16.3,11.1,72.0,18.0,88.0,146.8,1.0,0.0,0.1,0.0,0.0,0.4,56.1,56.1,1.4,4.0,113.0,1008.2,1008.2,2.7,4.7
2024-04-30 08:34:40+02:00,16.6,16.6,16.8,11.0,70.0,18.1,88.0,223.3,2.0,0.0,0.1,0.0,0.0,0.4,56.1,56.1,0.8,3.6,117.0,1008.1,1008.1,2.7,4.8
2024-04-30 08:38:56+02:00,17.5,17.5,17.4,10.6,64.0,18.2,89.0,306.4,2.0,0.0,0.1,0.0,0.0,0.4,56.1,56.1,1.4,5.0,32.0,1008.1,1008.1,2.7,4.8
2024-04-30 08:45:20+02:00,17.8,17.8,17.3,10.3,61.0,18.3,89.0,254.5,2.0,0.0,0.1,0.0,0.0,0.4,56.1,56.1,3.3,9.0,13.0,1008.0,1008.0,2.7,4.9
2024-04-30 08:49:36+02:00,17.6,17.6,17.5,10.4,63.0,18.4,89.0,246.7,2.0,0.0,0.1,0.0,0.0,0.4,56.1,56.1,1.0,9.0,2.0,1008.0,1008.0,2.7,4.9
2024-04-30 08:56:00+02:00,17.8,17.8,17.0,9.8,59.0,18.5,90.0,290.4,2.0,0.0,0.1,0.0,0.0,0.4,56.1,56.1,4.0,8.3,43.0,1007.9,1007.9,2.7,5.0
2024-04-30 09:00:16+02:00,18.0,18.0,17.7,9.8,59.0,18.7,90.0,262.0,2.0,0.0,0.1,0.0,0.0,0.4,56.1,56.1,1.3,6.8,144.0,1007.8,1007.8,2.7,5.0
2024-04-30 09:04:32+02:00,18.4,18.4,18.3,10.2,59.0,18.8,90.0,274.7,2.0,0.0,0.1,0.0,0.0,0.4,56.1,56.1,1.4,4.0,100.0,1007.8,1007.8,2.7,5.1
2024-04-30 09:10:56+02:00,18.9,18.9,18.9,10.2,57.0,19.0,90.0,252.6,2.0,0.0,0.1,0.0,0.0,0.4,56.1,56.1,0.7,3.2,297.0,1007.7,1007.7,2.7,5.1
2024-04-30 09:15:12+02:00,19.0,19.0,18.9,10.3,57.0,19.2,91.0,277.9,2.0,0.0,0.1,0.0,0.0,0.4,56.1,56.1,1.4,6.1,42.0,1007.7,1007.7,2.7,5.2
2024-04-30 09:19:28+02:00,19.3,19.3,19.0,10.2,56.0,19.4,91.0,318.5,2.0,0.0,0.1,0.0,0.0,0.4,56.1,56.1,2.2,5.4,109.0,1007.6,1007.6,2.7,5.2
2024-04-30 09:25:52+02:00,20.1,20.1,19.9,10.7,55.0,19.6,91.0,313.5,2.0,0.0,0.1,0.0,0.0,0.4,56.1,56.1,2.4,7.2,83.0,1007.5,1007.5,2.7,5.2
2024-04-30 09:30:08+02:00,20.6,20.6,20.3,10.5,52.0,19.9,91.0,325.7,3.0,0.0,0.1,0.0,0.0,0.4,56.1,56.1,2.5,8.6,358.0,1007.5,1007.5,2.7,5.2
2024-04-30 09:34:24+02:00,20.1,20.1,19.3,10.1,52.0,20.1,91.0,305.2,2.0,0.0,0.1,0.0,0.0,0.4,56.1,56.1,4.6,10.1,360.0,1007.4,1007.4,2.7,5.2
2024-04-30 09:40:48+02:00,19.8,19.8,18.5,9.9,53.0,20.4,90.0,292.5,2.0,0.0,0.1,0.0,0.0,0.4,56.1,56.1,7.1,13.0,11.0,1007.3,1007.3,2.7,5.2
2024-04-30 09:45:04+02:00,19.5,19.5,18.9,9.8,53.0,20.6,90.0,287.6,2.0,0.0,0.1,0.0,0.0,0.4,56.1,56.1,3.4,9.7,12.0,1007.4,1007.4,2.68,5.3
2024-04-30 09:49:20+02:00,19.9,19.9,19.7,10.4,54.0,20.9,91.0,288.7,2.0,0.0,0.1,0.0,0.0,0.4,56.1,56.1,1.5,9.7,57.0,1007.4,1007.4,2.68,5.3
2024-04-30 09:55:44+02:00,19.9,19.9,19.2,10.4,54.0,21.1,90.0,296.6,2.0,0.0,0.1,0.0,0.0,0.4,56.1,56.1,4.2,14.0,327.0,1007.5,1007.5,2.7,5.3
2024-04-30 10:00:00+02:00,20.5,20.5,19.8,10.6,53.0,21.4,91.0,310.3,2.0,0.0,0.1,0.0,0.0,0.4,56.1,56.1,4.3,14.8,12.0,1007.4,1007.4,2.7,5.3
2024-04-30 10:04:16+02:00,19.6,19.6,18.7,10.1,54.0,21.6,90.0,314.1,2.0,0.0,0.1,0.0,0.0,0.4,56.1,56.1,5.0,14.8,4.0,1007.4,1007.4,2.7,5.3
2024-04-30 10:10:40+02:00,19.7,19.7,18.8,10.4,55.0,21.9,90.0,327.5,3.0,0.0,0.1,0.0,0.0,0.4,56.1,56.1,5.7,9.4,345.0,1007.3,1007.3,2.7,5.3
2024-04-30 10:14:56+02:00,19.7,19.7,18.8,10.6,56.0,22.2,90.0,335.5,3.0,0.0,0.1,0.0,0.0,0.4,56.1,56.1,6.0,14.0,318.0,1007.4,1007.4,2.7,5.3
2024-04-30 10:19:12+02:00,20.2,20.2,19.9,10.6,54.0,22.5,90.0,347.4,3.0,0.0,0.1,0.0,0.0,0.4,56.1,56.1,2.7,7.2,286.0,1007.5,1007.5,2.7,5.3
2024-04-30 10:25:36+02:00,20.5,20.5,19.7,10.4,52.0,22.7,90.0,354.0,3.0,0.0,0.1,0.0,0.0,0.4,56.1,56.1,4.7,7.9,349.0,1007.5,1007.5,2.68,5.3
2024-04-30 10:29:52+02:00,20.4,20.4,19.9,10.4,52.0,23.0,89.0,363.3,3.0,0.0,0.1,0.0,0.0,0.4,56.1,56.1,3.4,8.6,50.0,1007.5,1007.5,2.68,5.3
2024-04-30 10:34:08+02:00,20.5,20.5,19.6,10.1,51.0,23.3,89.0,372.2,3.0,0.0,0.1,0.0,0.0,0.4,56.1,56.1,5.1,11.9,50.0,1007.4,1007.4,2.68,5.3
2024-04-30 10:40:32+02:00,20.7,20.7,19.7,10.0,50.0,23.5,89.0,380.0,3.0,0.0,0.1,0.0,0.0,0.4,56.1,56.1,5.3,10.1,335.0,1007.4,1007.4,2.68,5.3
2024-04-30 10:44:48+02:00,21.0,21.0,20.7,9.7,48.0,23.8,89.0,388.8,3.0,0.0,0.1,0.0,0.0,0.4,56.1,56.1,1.2,7.2,171.0,1007.4,1007.4,2.68,5.3
2024-04-30 10:49:04+02:00,21.9,21.9,21.2,10.2,48.0,24.0,89.0,394.5,3.0,0.0,0.1,0.0,0.0,0.4,56.1,56.1,4.0,10.1,339.0,1007.5,1007.5,2.68,5.3
2024-04-30 10:55:28+02:00,21.4,21.4,20.9,9.9,48.0,24.2,89.0,406.1,3.0,0.0,0.1,0.0,0.0,0.4,56.1,56.1,2.7,13.7,268.0,1007.4,1007.4,2.68,5.3
2024-04-30 10:59:44+02:00,21.6,21.6,20.9,10.6,49.0,24.5,88.0,417.3,3.0,0.0,0.1,0.0,0.0,0.4,56.1,56.1,5.0,9.0,308.0,1007.3,1007.3,2.68,5.3
2024-04-30 11:04:00+02:00,21.2,21.2,20.3,9.8,48.0,24.7,88.0,424.1,3.0,0.0,0.1,0.0,0.0,0.4,56.1,56.1,4.5,11.5,316.0,1007.4,1007.4,2.68,5.3
2024-04-30 11:10:24+02:00,22.2,22.2,21.7,9.8,45.0,25.0,88.0,433.1,4.0,0.0,0.1,0.0,0.0,0.4,56.1,56.1,2.3,6.8,255.0,1007.2,1007.2,2.68,5.3
2024-04-30 11:14:40+02:00,23.1,23.1,22.6,10.1,44.0,25.2,88.0,438.6,4.0,0.0,0.1,0.0,0.0,0.4,56.1,56.1,3.0,7.2,229.0,1007.3,1007.3,2.68,5.3
2024-04-30 11:21:04+02:00,22.9,22.9,22.5,10.6,46.0,25.5,88.0,444.2,4.0,0.0,0.1,0.0,0.0,0.4,56.1,56.1,3.4,7.2,237.0,1007.3,1007.3,2.68,5.3
2024-04-30 11:36:00+02:00,22.8,22.8,22.2,10.0,44.0,26.1,87.0,464.2,4.0,0.0,0.1,0.0,0.0,0.4,56.1,56.1,3.8,11.5,360.0,1007.0,1007.0,2.68,5.3
2024-04-30 11:40:16+02:00,22.8,22.8,21.8,9.9,44.0,26.3,87.0,462.0,4.0,0.0,0.1,0.0,0.0,0.4,56.1,56.1,5.2,8.6,327.0,1006.8,1006.8,2.68,5.3
2024-04-30 11:44:32+02:00,22.3,22.3,21.5,10.4,47.0,26.5,86.0,472.0,4.0,0.0,0.1,0.0,0.0,0.4,56.1,56.1,4.7,10.1,308.0,1006.8,1006.8,2.68,5.3
2024-04-30 11:50:56+02:00,22.1,22.1,21.0,9.7,45.0,26.7,86.0,472.0,4.0,0.0,0.1,0.0,0.0,0.4,56.1,56.1,5.1,13.0,9.0,1006.7,1006.7,2.68,5.3
2024-04-30 11:55:12+02:00,21.7,21.7,21.1,9.9,47.0,26.9,86.0,474.7,4.0,0.0,0.1,0.0,0.0,0.4,56.1,56.1,3.3,11.2,343.0,1006.7,1006.7,2.68,5.3
2024-04-30 11:59:28+02:00,22.1,22.1,21.5,10.1,46.0,27.1,86.0,479.4,4.0,0.0,0.1,0.0,0.0,0.4,56.1,56.1,3.7,13.7,265.0,1006.6,1006.6,2.68,5.3
2024-04-30 12:05:52+02:00,22.6,22.6,21.7,10.2,45.0,27.3,86.0,483.3,4.0,0.0,0.1,0.0,0.0,0.4,56.1,56.1,5.0,8.3,23.0,1006.5,1006.5,2.68,5.3
2024-04-30 12:10:08+02:00,22.6,22.6,22.2,9.9,44.0,27.5,86.0,489.0,4.0,0.0,0.1,0.0,0.0,0.4,56.1,56.1,2.2,9.7,331.0,1006.5,1006.5,2.68,5.3
2024-04-30 12:14:24+02:00,22.9,22.9,22.2,10.0,44.0,27.7,86.0,507.5,4.0,0.0,0.1,0.0,0.0,0.4,56.1,56.1,3.6,9.4,41.0,1006.5,1006.5,2.68,5.3
2024-04-30 12:20:48+02:00,22.9,22.9,22.1,10.1,44.0,27.8,86.0,515.9,4.0,0.0,0.1,0.0,0.0,0.4,56.1,56.1,4.4,9.0,64.0,1006.4,1006.4,2.68,5.3
2024-04-30 12:25:04+02:00,23.0,23.0,22.4,10.1,44.0,28.0,86.0,518.2,4.0,0.0,0.1,0.0,0.0,0.4,56.1,56.1,3.5,16.6,272.0,1006.3,1006.3,2.68,5.3
2024-04-30 12:29:20+02:00,23.7,23.7,22.7,10.5,43.0,28.2,85.0,514.8,4.0,0.0,0.1,0.0,0.0,0.4,56.1,56.1,5.8,13.0,324.0,1006.2,1006.2,2.68,5.3
2024-04-30 12:35:44+02:00,22.6,22.6,21.5,10.3,46.0,28.4,85.0,513.3,4.0,0.0,0.1,0.0,0.0,0.4,56.1,56.1,6.4,15.8,311.0,1006.2,1006.2,2.68,5.3
2024-04-30 12:40:00+02:00,23.1,23.1,22.1,10.4,45.0,28.6,85.0,514.0,4.0,0.0,0.1,0.0,0.0,0.4,56.1,56.1,5.8,14.4,283.0,1006.1,1006.1,2.68,5.3
2024-04-30 12:44:16+02:00,23.4,23.4,23.0,10.4,44.0,28.7,85.0,510.0,4.0,0.0,0.1,0.0,0.0,0.4,56.1,56.1,2.9,14.0,261.0,1005.9,1005.9,2.68,5.3
2024-04-30 12:50:40+02:00,23.5,23.5,23.0,10.5,44.0,28.9,85.0,512.0,4.0,0.0,0.1,0.0,0.0,0.4,56.1,56.1,3.7,13.7,20.0,1006.0,1006.0,2.68,5.3
2024-04-30 12:54:56+02:00,23.7,23.7,23.2,10.6,44.0,29.1,85.0,538.6,5.0,0.0,0.1,0.0,0.0,0.4,56.1,56.1,3.5,13.3,43.0,1005.9,1005.9,2.68,5.3
2024-04-30 12:59:12+02:00,23.8,23.8,23.5,11.0,44.0,29.2,85.0,423.5,3.0,0.0,0.1,0.0,0.0,0.4,56.1,56.1,3.4,7.2,319.0,1006.0,1006.0,2.68,5.3
2024-04-30 13:05:36+02:00,23.6,23.6,22.6,10.3,43.0,29.4,85.0,491.2,4.0,0.0,0.1,0.0,0.0,0.4,56.1,56.1,5.9,11.5,255.0,1005.8,1005.8,2.68,5.3
2024-04-30 13:09:52+02:00,23.8,23.8,23.6,10.5,43.0,29.5,85.0,556.8,5.0,0.0,0.1,0.0,0.0,0.4,56.1,56.1,1.7,9.0,8.0,1005.8,1005.8,2.68,5.3
2024-04-30 13:14:08+02:00,23.2,23.2,22.3,10.4,44.0,29.7,84.0,571.4,5.0,0.0,0.1,0.0,0.0,0.4,56.1,56.1,5.8,15.1,341.0,1005.6,1005.6,2.68,5.3
2024-04-30 13:20:32+02:00,23.3,23.3,22.3,10.6,45.0,29.8,84.0,509.5,4.0,0.0,0.1,0.0,0.0,0.4,56.1,56.1,6.2,15.8,7.0,1005.5,1005.5,2.68,5.3
2024-04-30 13:24:48+02:00,24.0,24.0,23.5,10.9,44.0,29.9,84.0,504.2,4.0,0.0,0.1,0.0,0.0,0.4,56.1,56.1,4.1,14.0,96.0,1005.6,1005.6,2.68,5.3
2024-04-30 13:29:04+02:00,23.8,23.8,22.9,10.7,43.0,30.1,84.0,494.4,4.0,0.0,0.1,0.0,0.0,0.4,56.1,56.1,5.7,13.0,360.0,1005.6,1005.6,2.68,5.3
2024-04-30 13:35:28+02:00,24.2,24.2,23.6,11.0,44.0,30.2,84.0,497.9,4.0,0.0,0.1,0.0,0.0,0.4,56.1,56.1,5.0,10.1,355.0,1005.4,1005.4,2.68,5.3
2024-04-30 13:39:44+02:00,24.5,24.5,24.0,10.7,42.0,30.3,84.0,496.8,4.0,0.0,0.1,0.0,0.0,0.4,56.1,56.1,3.6,19.1,335.0,1005.5,1005.5,2.68,5.3
2024-04-30 13:44:00+02:00,24.5,24.5,24.3,10.8,42.0,30.3,84.0,496.9,4.0,0.0,0.1,0.0,0.0,0.4,56.1,56.1,2.5,10.4,66.0,1005.4,1005.4,2.68,5.3
2024-04-30 13:50:24+02:00,24.3,24.3,23.6,10.9,43.0,30.5,84.0,492.0,4.0,0.0,0.1,0.0,0.0,0.4,56.1,56.1,5.2,10.4,268.0,1005.4,1005.4,2.68,5.3
2024-04-30 13:54:40+02:00,24.6,24.6,24.1,10.9,42.0,30.6,84.0,492.3,4.0,0.0,0.1,0.0,0.0,0.4,56.1,56.1,4.3,9.0,118.0,1005.3,1005.3,2.68,5.3
2024-04-30 13:58:56+02:00,24.2,24.2,24.1,10.7,42.0,30.6,84.0,492.2,4.0,0.0,0.1,0.0,0.0,0.4,56.1,56.1,1.9,9.0,133.0,1005.3,1005.3,2.68,5.3
2024-04-30 14:05:20+02:00,25.0,25.0,24.8,11.1,42.0,30.7,84.0,495.3,4.0,0.0,0.1,0.0,0.0,0.4,56.1,56.1,2.8,7.9,60.0,1005.4,1005.4,2.68,5.3
2024-04-30 14:09:36+02:00,24.9,24.9,24.2,10.8,41.0,30.8,84.0,487.4,4.0,0.0,0.1,0.0,0.0,0.4,56.1,56.1,4.7,10.1,323.0,1005.2,1005.2,2.68,5.3
2024-04-30 14:16:00+02:00,24.9,24.9,24.1,11.1,42.0,30.9,84.0,451.1,4.0,0.0,0.1,0.0,0.0,0.4,56.1,56.1,6.1,10.4,330.0,1005.0,1005.0,2.68,5.3
2024-04-30 14:20:16+02:00,24.6,24.6,24.4,11.0,43.0,31.0,84.0,396.1,3.0,0.0,0.1,0.0,0.0,0.4,56.1,56.1,2.5,10.4,329.0,1005.1,1005.1,2.68,5.3
2024-04-30 14:24:32+02:00,24.9,24.9,24.8,11.0,42.0,31.0,84.0,428.9,3.0,0.0,0.1,0.0,0.0,0.4,56.1,56.1,1.9,10.1,208.0,1005.0,1005.0,2.68,5.3
2024-04-30 14:30:56+02:00,25.0,25.0,24.3,10.9,41.0,31.1,84.0,515.6,4.0,0.0,0.1,0.0,0.0,0.4,56.1,56.1,5.1,11.9,315.0,1004.9,1004.9,2.68,5.3
2024-04-30 14:35:12+02:00,24.8,24.8,23.8,10.8,41.0,31.1,84.0,496.5,4.0,0.0,0.1,0.0,0.0,0.4,56.1,56.1,6.3,10.4,332.0,1004.6,1004.6,2.68,5.3
2024-04-30 14:39:28+02:00,24.7,24.7,24.4,11.0,42.0,31.2,84.0,449.4,4.0,0.0,0.1,0.0,0.0,0.4,56.1,56.1,2.9,8.6,53.0,1004.7,1004.7,2.68,5.3
2024-04-30 14:45:52+02:00,25.6,25.6,25.5,11.2,40.0,31.2,84.0,430.4,4.0,0.0,0.1,0.0,0.0,0.4,56.1,56.1,2.4,5.8,202.0,1004.6,1004.6,2.68,5.3
2024-04-30 14:50:08+02:00,25.6,25.6,25.9,11.9,43.0,31.2,84.0,445.6,4.0,0.0,0.1,0.0,0.0,0.4,56.1,56.1,1.4,5.0,166.0,1004.5,1004.5,2.68,5.3
2024-04-30 14:54:24+02:00,26.6,26.5,26.7,11.7,40.0,31.2,84.0,475.9,4.0,0.0,0.1,0.0,0.0,0.4,56.1,56.1,2.2,5.0,206.0,1004.5,1004.5,2.68,5.3
2024-04-30 15:00:48+02:00,26.4,26.4,26.4,11.6,40.0,31.2,84.0,471.6,4.0,0.0,0.1,0.0,0.0,0.4,56.1,56.1,2.7,5.8,172.0,1004.5,1004.5,2.68,5.3
2024-04-30 15:05:04+02:00,26.6,26.6,27.0,11.6,39.0,31.3,85.0,377.5,3.0,0.0,0.1,0.0,0.0,0.4,56.1,56.1,0.6,6.1,11.0,1004.4,1004.4,2.68,5.3
2024-04-30 15:09:20+02:00,25.9,25.9,25.2,11.5,41.0,31.3,85.0,466.9,4.0,0.0,0.1,0.0,0.0,0.4,56.1,56.1,6.0,11.5,336.0,1004.4,1004.4,2.68,5.3
2024-04-30 15:15:44+02:00,25.2,25.2,25.1,11.8,43.0,31.3,85.0,486.7,4.0,0.0,0.1,0.0,0.0,0.4,56.1,56.1,3.5,9.4,341.0,1004.3,1004.3,2.68,5.3
2024-04-30 15:20:00+02:00,25.8,25.8,25.7,12.2,43.0,31.3,85.0,491.3,4.0,0.0,0.1,0.0,0.0,0.4,56.1,56.1,4.2,9.4,269.0,1004.1,1004.1,2.68,5.3
2024-04-30 15:24:16+02:00,26.6,26.6,27.0,12.2,41.0,31.4,85.0,475.4,4.0,0.0,0.1,0.0,0.0,0.4,56.1,56.1,1.3,8.3,257.0,1004.0,1004.0,2.68,5.3
2024-04-30 15:30:40+02:00,27.4,27.1,27.5,12.2,39.0,31.4,85.0,476.9,4.0,0.0,0.1,0.0,0.0,0.4,56.1,56.1,3.0,7.2,307.0,1004.1,1004.1,2.68,5.3
2024-04-30 15:34:56+02:00,27.2,26.9,26.6,12.1,39.0,31.5,85.0,466.5,4.0,0.0,0.1,0.0,0.0,0.4,56.1,56.1,6.3,13.0,268.0,1004.2,1004.2,2.68,5.3
2024-04-30 15:39:12+02:00,25.8,25.8,24.8,11.8,42.0,31.5,85.0,462.6,4.0,0.0,0.1,0.0,0.0,0.4,56.1,56.1,7.9,14.8,291.0,1004.0,1004.0,2.68,5.3
2024-04-30 15:45:36+02:00,25.8,25.8,25.2,11.9,42.0,31.5,85.0,447.7,4.0,0.0,0.1,0.0,0.0,0.4,56.1,56.1,6.4,11.9,289.0,1004.0,1004.0,2.68,5.3
2024-04-30 15:49:52+02:00,25.7,25.7,25.1,11.8,42.0,31.5,85.0,448.0,4.0,0.0,0.1,0.0,0.0,0.4,56.1,56.1,6.0,15.8,278.0,1004.0,1004.0,2.68,5.3
2024-04-30 15:54:08+02:00,25.8,25.8,25.3,11.8,42.0,31.5,85.0,441.9,4.0,0.0,0.1,0.0,0.0,0.4,56.1,56.1,5.8,13.7,311.0,1003.9,1003.9,2.68,5.3
2024-04-30 16:00:32+02:00,25.7,25.7,25.2,11.0,40.0,31.5,85.0,440.6,4.0,0.0,0.1,0.0,0.0,0.4,56.1,56.1,4.0,14.8,259.0,1003.9,1003.9,2.68,5.3
2024-04-30 16:04:48+02:00,26.4,26.4,26.2,11.2,39.0,31.5,86.0,436.4,4.0,0.0,0.1,0.0,0.0,0.4,56.1,56.1,3.1,7.9,287.0,1003.8,1003.8,2.68,5.3
2024-04-30 16:09:04+02:00,27.5,27.2,26.9,11.1,36.0,31.6,86.0,423.7,3.0,0.0,0.1,0.0,0.0,0.4,56.1,56.1,4.5,9.0,252.0,1003.6,1003.6,2.68,5.3
2024-04-30 16:15:28+02:00,26.5,26.4,25.7,11.4,39.0,31.6,86.0,417.7,3.0,0.0,0.1,0.0,0.0,0.4,56.1,56.1,6.1,9.7,268.0,1003.6,1003.6,2.68,5.3
2024-04-30 16:19:44+02:00,26.4,26.4,25.6,11.0,38.0,31.6,86.0,418.7,3.0,0.0,0.1,0.0,0.0,0.4,56.1,56.1,5.7,10.1,272.0,1003.4,1003.4,2.68,5.3
2024-04-30 16:24:00+02:00,26.2,26.2,25.5,11.3,39.0,31.7,86.0,406.0,3.0,0.0,0.1,0.0,0.0,0.4,56.1,56.1,6.0,11.5,315.0,1003.4,1003.4,2.68,5.3
2024-04-30 16:30:24+02:00,25.9,25.9,25.4,11.0,39.0,31.7,86.0,395.4,3.0,0.0,0.1,0.0,0.0,0.4,56.1,56.1,4.1,12.2,308.0,1003.4,1003.4,2.68,5.3
2024-04-30 16:34:40+02:00,26.3,26.3,25.5,10.9,38.0,31.7,86.0,380.7,3.0,0.0,0.1,0.0,0.0,0.4,56.1,56.1,5.7,9.4,253.0,1003.3,1003.3,2.68,5.3
2024-04-30 16:41:04+02:00,26.2,26.2,25.0,10.9,38.0,31.7,87.0,366.4,3.0,0.0,0.1,0.0,0.0,0.4,56.1,56.1,7.8,11.5,335.0,1003.1,1003.1,2.68,5.3
2024-04-30 16:45:20+02:00,26.3,26.3,25.9,10.6,37.0,31.7,87.0,352.1,3.0,0.0,0.1,0.0,0.0,0.4,56.1,56.1,3.2,10.1,289.0,1003.1,1003.1,2.68,5.3
2024-04-30 16:49:36+02:00,26.3,26.3,25.5,11.7,40.0,31.7,87.0,334.7,3.0,0.0,0.1,0.0,0.0,0.4,56.1,56.1,6.4,10.1,337.0,1003.2,1003.2,2.68,5.3
2024-04-30 16:56:00+02:00,26.4,26.4,26.3,11.5,39.0,31.7,87.0,325.1,3.0,0.0,0.1,0.0,0.0,0.4,56.1,56.1,2.7,9.0,268.0,1003.2,1003.2,2.68,5.3
2024-04-30 17:00:16+02:00,26.5,26.4,26.4,11.6,40.0,31.7,87.0,314.2,2.0,0.0,0.1,0.0,0.0,0.4,56.1,56.1,3.0,9.7,268.0,1003.1,1003.1,2.68,5.3
2024-04-30 17:04:32+02:00,26.4,26.4,25.8,11.7,40.0,31.7,87.0,301.3,2.0,0.0,0.1,0.0,0.0,0.4,56.1,56.1,5.5,15.1,307.0,1003.1,1003.1,2.68,5.3
2024-04-30 17:10:56+02:00,25.9,25.9,24.9,11.4,40.0,31.7,87.0,280.4,2.0,0.0,0.1,0.0,0.0,0.4,56.1,56.1,7.3,15.1,279.0,1003.1,1003.1,2.68,5.3
2024-04-30 17:15:12+02:00,26.0,26.0,24.9,11.4,40.0,31.7,87.0,270.7,2.0,0.0,0.1,0.0,0.0,0.4,56.1,56.1,7.6,7.9,300.0,1003.2,1003.2,2.68,5.3
2024-04-30 17:25:52+02:00,25.5,25.5,24.3,10.5,39.0,31.6,87.0,242.8,2.0,0.0,0.1,0.0,0.0,0.4,56.1,56.1,6.9,12.2,271.0,1003.0,1003.0,2.68,5.3
2024-04-30 17:30:08+02:00,25.6,25.6,24.9,10.7,39.0,31.6,87.0,237.7,2.0,0.0,0.1,0.0,0.0,0.4,56.1,56.1,4.9,9.0,286.0,1003.1,1003.1,2.68,5.3
2024-04-30 17:34:24+02:00,25.6,25.6,24.9,11.3,41.0,31.6,87.0,213.4,1.0,0.0,0.1,0.0,0.0,0.4,56.1,56.1,5.8,14.0,314.0,1003.0,1003.0,2.68,5.3
2024-04-30 17:40:48+02:00,25.4,25.4,24.5,11.0,40.0,31.6,87.0,212.1,1.0,0.0,0.1,0.0,0.0,0.4,56.1,56.1,6.3,13.3,352.0,1003.0,1003.0,2.68,5.3
2024-04-30 17:45:04+02:00,25.3,25.3,24.8,11.1,41.0,31.5,87.0,209.6,1.0,0.0,0.1,0.0,0.0,0.4,56.1,56.1,4.4,9.4,0.0,1003.0,1003.0,2.68,5.3
2024-04-30 17:49:20+02:00,25.3,25.3,24.8,11.0,41.0,31.5,87.0,187.8,1.0,0.0,0.1,0.0,0.0,0.4,56.1,56.1,4.3,9.0,336.0,1002.9,1002.9,2.68,5.3
2024-04-30 17:55:44+02:00,25.4,25.4,25.2,11.4,41.0,31.5,87.0,198.1,1.0,0.0,0.1,0.0,0.0,0.4,56.1,56.1,3.5,8.6,283.0,1002.9,1002.9,2.68,5.3
2024-04-30 18:00:00+02:00,25.5,25.5,24.9,11.4,41.0,31.4,87.0,176.5,1.0,0.0,0.1,0.0,0.0,0.4,56.1,56.1,5.6,14.4,350.0,1003.0,1003.0,2.68,5.3
2024-04-30 18:04:16+02:00,25.1,25.1,24.8,11.2,42.0,31.3,87.0,134.5,1.0,0.0,0.1,0.0,0.0,0.4,56.1,56.1,3.4,14.8,30.0,1003.0,1003.0,2.68,5.3
2024-04-30 18:10:40+02:00,25.0,25.0,24.5,11.2,42.0,31.3,87.0,116.7,1.0,0.0,0.1,0.0,0.0,0.4,56.1,56.1,4.6,12.6,308.0,1002.9,1002.9,2.68,5.3
2024-04-30 18:14:56+02:00,24.8,24.8,24.1,10.7,41.0,31.2,87.0,101.0,0.0,0.0,0.1,0.0,0.0,0.4,56.1,56.1,4.9,9.4,358.0,1003.0,1003.0,2.68,5.3
2024-04-30 18:19:12+02:00,24.7,24.7,24.6,10.9,42.0,31.2,87.0,87.3,0.0,0.0,0.1,0.0,0.0,0.4,56.1,56.1,1.9,8.6,359.0,1002.8,1002.8,2.68,5.3
2024-04-30 18:25:36+02:00,24.6,24.6,24.3,11.0,43.0,31.1,87.0,77.8,0.0,0.0,0.1,0.0,0.0,0.4,56.1,56.1,3.2,10.1,354.0,1002.9,1002.9,2.68,5.3
2024-04-30 18:29:52+02:00,24.2,24.2,23.7,11.4,44.0,31.0,87.0,70.1,0.0,0.0,0.1,0.0,0.0,0.4,56.1,56.1,4.8,14.0,318.0,1002.9,1002.9,2.68,5.3
2024-04-30 18:34:08+02:00,24.0,24.0,23.7,11.2,45.0,31.0,87.0,67.3,0.0,0.0,0.1,0.0,0.0,0.4,56.1,56.1,3.7,9.7,283.0,1002.9,1002.9,2.68,5.3
2024-04-30 18:40:32+02:00,24.0,24.0,23.8,11.1,44.0,30.9,87.0,68.0,0.0,0.0,0.1,0.0,0.0,0.4,56.1,56.1,2.9,6.5,290.0,1002.9,1002.9,2.68,5.3
2024-04-30 18:44:48+02:00,23.8,23.8,23.6,11.5,46.0,30.8,87.0,66.8,0.0,0.0,0.1,0.0,0.0,0.4,56.1,56.1,3.3,6.5,279.0,1002.9,1002.9,2.7,5.3
2024-04-30 18:49:04+02:00,23.7,23.7,23.6,11.3,45.0,30.7,87.0,58.9,0.0,0.0,0.1,0.0,0.0,0.4,56.1,56.1,2.5,6.5,265.0,1002.8,1002.8,2.7,5.3
2024-04-30 18:55:28+02:00,23.7,23.7,23.7,11.4,46.0,30.6,87.0,52.3,0.0,0.0,0.1,0.0,0.0,0.4,56.1,56.1,2.2,4.0,265.0,1002.8,1002.8,2.7,5.3
2024-04-30 18:59:44+02:00,23.5,23.5,23.6,11.6,47.0,30.6,87.0,50.5,0.0,0.0,0.1,0.0,0.0,0.4,56.1,56.1,2.2,5.8,263.0,1002.7,1002.7,2.7,5.3
2024-04-30 19:04:00+02:00,23.5,23.5,23.6,11.7,48.0,30.5,87.0,51.9,0.0,0.0,0.1,0.0,0.0,0.4,56.1,56.1,2.3,5.8,294.0,1002.7,1002.7,2.7,5.3
2024-04-30 19:10:24+02:00,23.4,23.4,23.6,11.9,48.0,30.4,87.0,52.1,0.0,0.0,0.1,0.0,0.0,0.4,56.1,56.1,2.1,5.0,282.0,1002.7,1002.7,2.7,5.3
2024-04-30 19:14:40+02:00,23.3,23.3,23.4,11.8,48.0,30.3,87.0,51.3,0.0,0.0,0.1,0.0,0.0,0.4,56.1,56.1,2.1,5.8,260.0,1002.7,1002.7,2.7,5.3
2024-04-30 19:18:56+02:00,23.1,23.1,23.1,12.2,50.0,30.2,87.0,49.1,0.0,0.0,0.1,0.0,0.0,0.4,56.1,56.1,3.7,5.4,274.0,1002.7,1002.7,2.7,5.3
2024-04-30 19:25:20+02:00,22.9,22.9,23.2,12.3,51.0,30.2,87.0,45.1,0.0,0.0,0.1,0.0,0.0,0.4,56.1,56.1,1.9,5.4,278.0,1002.7,1002.7,2.7,5.2
2024-04-30 19:29:36+02:00,22.8,22.8,22.9,11.9,50.0,30.1,87.0,44.4,0.0,0.0,0.1,0.0,0.0,0.4,56.1,56.1,2.7,6.8,279.0,1002.8,1002.8,2.7,5.2
2024-04-30 19:36:00+02:00,22.7,22.7,22.8,12.1,51.0,30.0,87.0,42.5,0.0,0.0,0.1,0.0,0.0,0.4,56.1,56.1,3.0,5.8,274.0,1002.6,1002.6,2.7,5.2
2024-04-30 19:40:16+02:00,22.7,22.7,22.5,11.9,51.0,29.9,87.0,39.1,0.0,0.0,0.1,0.0,0.0,0.4,56.1,56.1,3.6,5.8,277.0,1002.5,1002.5,2.7,5.2
2024-04-30 19:44:32+02:00,22.7,22.7,22.7,12.1,51.0,29.8,87.0,35.7,0.0,0.0,0.1,0.0,0.0,0.4,56.1,56.1,3.6,6.5,286.0,1002.5,1002.5,2.7,5.2
2024-04-30 19:50:56+02:00,22.5,22.5,22.6,12.1,52.0,29.7,87.0,31.7,0.0,0.0,0.1,0.0,0.0,0.4,56.1,56.1,2.9,4.3,259.0,1002.6,1002.6,2.7,5.2
2024-04-30 19:55:12+02:00,22.3,22.3,22.7,12.2,53.0,29.6,87.0,27.9,0.0,0.0,0.1,0.0,0.0,0.4,56.1,56.1,1.8,5.8,297.0,1002.6,1002.6,2.7,5.2
2024-04-30 19:59:28+02:00,22.2,22.2,22.6,12.4,54.0,29.5,87.0,23.6,0.0,0.0,0.1,0.0,0.0,0.4,56.1,56.1,2.0,4.7,288.0,1002.6,1002.6,2.7,5.2
2024-04-30 20:05:52+02:00,21.8,21.8,22.1,12.5,55.0,29.4,87.0,20.3,0.0,0.0,0.1,0.0,0.0,0.4,56.1,56.1,2.4,4.7,278.0,1002.6,1002.6,2.7,5.2
2024-04-30 20:10:08+02:00,21.7,21.7,21.9,12.3,55.0,29.3,87.0,17.9,0.0,0.0,0.1,0.0,0.0,0.4,56.1,56.1,2.3,3.6,273.0,1002.5,1002.5,2.7,5.2
2024-04-30 20:14:24+02:00,21.5,21.5,21.9,12.4,56.0,29.2,87.0,14.8,0.0,0.0,0.1,0.0,0.0,0.4,56.1,56.1,1.6,4.3,291.0,1002.5,1002.5,2.7,5.2
2024-04-30 20:20:48+02:00,21.3,21.3,22.2,13.0,59.0,29.2,87.0,12.0,0.0,0.0,0.1,0.0,0.0,0.4,56.1,56.1,0.0,3.2,326.0,1002.5,1002.5,2.7,5.2
2024-04-30 20:25:04+02:00,20.9,20.9,21.2,12.4,58.0,29.0,87.0,9.6,0.0,0.0,0.1,0.0,0.0,0.4,56.1,56.1,2.5,3.2,293.0,1002.4,1002.4,2.7,5.2
2024-04-30 20:29:20+02:00,20.9,20.9,21.7,12.9,60.0,28.9,87.0,7.4,0.0,0.0,0.1,0.0,0.0,0.4,56.1,56.1,0.4,4.3,294.0,1002.4,1002.4,2.7,5.2
2024-04-30 20:35:44+02:00,20.5,20.5,21.5,13.3,64.0,28.8,87.0,5.6,0.0,0.0,0.1,0.0,0.0,0.4,56.1,56.1,0.0,2.2,84.0,1002.4,1002.4,2.7,5.2
2024-04-30 20:40:00+02:00,19.8,19.8,20.8,13.4,66.0,28.7,86.0,4.1,0.0,0.0,0.1,0.0,0.0,0.4,56.1,56.1,0.4,2.2,138.0,1002.3,1002.3,2.7,5.2
2024-04-30 20:44:16+02:00,19.4,19.4,20.3,13.2,67.0,28.5,86.0,2.8,0.0,0.0,0.1,0.0,0.0,0.4,56.1,56.1,0.4,2.2,131.0,1002.3,1002.3,2.7,5.2
2024-04-30 20:50:40+02:00,18.9,18.9,19.6,13.2,69.0,28.4,86.0,2.0,0.0,0.0,0.1,0.0,0.0,0.4,56.1,56.1,1.5,3.2,128.0,1002.3,1002.3,2.7,5.2
2024-04-30 20:54:56+02:00,18.4,18.4,19.0,13.4,72.0,28.3,86.0,1.3,0.0,0.0,0.1,0.0,0.0,0.4,56.1,56.1,2.4,3.6,124.0,1002.4,1002.4,2.7,5.2
2024-04-30 20:59:12+02:00,18.3,18.3,18.9,13.1,72.0,28.2,86.0,0.8,0.0,0.0,0.1,0.0,0.0,0.4,56.1,56.1,1.7,3.2,127.0,1002.3,1002.3,2.7,5.2
2024-04-30 21:05:36+02:00,18.2,18.2,19.1,13.1,72.0,28.0,86.0,0.5,0.0,0.0,0.1,0.0,0.0,0.4,56.1,56.1,0.0,2.5,127.0,1002.4,1002.4,2.7,5.2
2024-04-30 21:09:52+02:00,18.0,18.0,18.6,13.0,73.0,27.9,86.0,0.2,0.0,0.0,0.1,0.0,0.0,0.4,56.1,56.1,1.7,2.9,113.0,1002.3,1002.3,2.7,5.2
2024-04-30 21:14:08+02:00,17.8,17.8,18.5,13.2,74.0,27.8,85.0,0.1,0.0,0.0,0.1,0.0,0.0,0.4,56.1,56.1,1.7,2.9,112.0,1002.3,1002.3,2.7,5.2
2024-04-30 21:20:32+02:00,17.7,17.7,18.3,13.3,75.0,27.6,85.0,0.0,0.0,0.0,0.1,0.0,0.0,0.4,56.1,56.1,1.8,2.9,104.0,1002.3,1002.3,2.7,5.2
2024-04-30 21:24:48+02:00,17.5,17.5,18.1,13.0,75.0,27.5,85.0,0.0,0.0,0.0,0.1,0.0,0.0,0.4,56.1,56.1,1.7,2.9,112.0,1002.2,1002.2,2.7,5.2
2024-04-30 21:29:04+02:00,17.4,17.4,18.3,13.2,76.0,27.3,85.0,0.0,0.0,0.0,0.1,0.0,0.0,0.4,56.1,56.1,0.4,2.2,101.0,1002.2,1002.2,2.7,5.2
2024-04-30 21:35:28+02:00,17.2,17.2,18.1,13.1,77.0,27.2,85.0,0.0,0.0,0.0,0.1,0.0,0.0,0.4,56.1,56.1,0.4,2.2,101.0,1002.3,1002.3,2.7,5.2
2024-04-30 21:39:44+02:00,17.0,17.0,17.9,13.2,78.0,27.1,85.0,0.0,0.0,0.0,0.1,0.0,0.0,0.4,56.1,56.1,0.9,2.5,111.0,1002.3,1002.3,2.7,5.2
2024-04-30 21:44:00+02:00,16.9,16.9,17.7,13.2,79.0,26.9,85.0,0.0,0.0,0.0,0.1,0.0,0.0,0.4,56.1,56.1,1.2,2.5,104.0,1002.3,1002.3,2.7,5.1
2024-04-30 21:50:24+02:00,16.8,16.8,17.5,12.9,78.0,26.8,85.0,0.0,0.0,0.0,0.1,0.0,0.0,0.4,56.1,56.1,1.2,3.6,122.0,1002.3,1002.3,2.7,5.1
2024-04-30 21:54:40+02:00,16.8,16.8,17.3,12.9,78.0,26.7,85.0,0.0,0.0,0.0,0.1,0.0,0.0,0.4,56.1,56.1,2.3,4.0,114.0,1002.3,1002.3,2.7,5.1
2024-04-30 22:01:04+02:00,16.8,16.8,17.2,12.9,78.0,26.5,85.0,0.0,0.0,0.0,0.1,0.0,0.0,0.4,56.1,56.1,2.4,3.6,114.0,1002.2,1002.2,2.7,5.1
2024-04-30 22:05:20+02:00,16.8,16.8,17.3,13.0,78.0,26.4,85.0,0.0,0.0,0.0,0.1,0.0,0.0,0.4,56.1,56.1,2.5,3.6,110.0,1002.1,1002.1,2.7,5.1
2024-04-30 22:09:36+02:00,16.8,16.8,17.4,12.9,78.0,26.2,84.0,0.0,0.0,0.0,0.1,0.0,0.0,0.4,56.1,56.1,1.9,3.6,104.0,1002.1,1002.1,2.7,5.1
2024-04-30 22:16:00+02:00,16.8,16.8,17.3,12.8,78.0,26.1,84.0,0.0,0.0,0.0,0.1,0.0,0.0,0.4,56.1,56.1,1.9,3.2,117.0,1002.1,1002.1,2.7,5.1
2024-04-30 22:20:16+02:00,16.8,16.8,17.2,13.0,79.0,26.0,84.0,0.0,0.0,0.0,0.1,0.0,0.0,0.4,56.1,56.1,2.6,4.0,105.0,1002.1,1002.1,2.7,5.1
2024-04-30 22:24:32+02:00,16.8,16.8,17.5,13.0,78.0,25.8,84.0,0.0,0.0,0.0,0.1,0.0,0.0,0.4,56.1,56.1,1.2,3.2,106.0,1002.0,1002.0,2.7,5.1
2024-04-30 22:30:56+02:00,16.6,16.6,17.4,13.1,80.0,25.7,84.0,0.0,0.0,0.0,0.1,0.0,0.0,0.4,56.1,56.1,0.8,2.9,117.0,1001.9,1001.9,2.7,5.1
2024-04-30 22:35:12+02:00,16.4,16.4,16.8,13.0,80.0,25.6,84.0,0.0,0.0,0.0,0.1,0.0,0.0,0.4,56.1,56.1,2.7,3.2,120.0,1002.0,1002.0,2.7,5.1
2024-04-30 22:39:28+02:00,16.3,16.3,16.6,12.9,80.0,25.4,84.0,0.0,0.0,0.0,0.1,0.0,0.0,0.4,56.1,56.1,3.4,4.7,119.0,1002.1,1002.1,2.7,5.1
2024-04-30 22:45:52+02:00,16.3,16.3,16.8,12.9,80.0,25.3,84.0,0.0,0.0,0.0,0.1,0.0,0.0,0.4,56.1,56.1,2.4,3.2,125.0,1001.9,1001.9,2.7,5.1
2024-04-30 22:50:08+02:00,16.4,16.4,16.9,12.8,80.0,25.2,84.0,0.0,0.0,0.0,0.1,0.0,0.0,0.4,56.1,56.1,1.9,3.6,112.0,1002.0,1002.0,2.7,5.1
2024-04-30 22:54:24+02:00,16.3,16.3,16.8,12.9,80.0,25.1,84.0,0.0,0.0,0.0,0.1,0.0,0.0,0.4,56.1,56.1,2.2,3.2,118.0,1002.0,1002.0,2.7,5.1
2024-04-30 23:00:48+02:00,16.2,16.2,16.8,13.0,81.0,24.9,84.0,0.0,0.0,0.0,0.1,0.0,0.0,0.4,56.1,56.1,1.9,3.2,121.0,1001.9,1001.9,2.7,5.1
2024-04-30 23:05:04+02:00,16.1,16.1,16.9,13.0,82.0,24.8,84.0,0.0,0.0,0.0,0.1,0.0,0.0,0.4,56.1,56.1,0.5,2.9,125.0,1001.9,1001.9,2.7,5.1
2024-04-30 23:09:20+02:00,15.8,15.8,16.8,12.9,83.0,24.7,84.0,0.0,0.0,0.0,0.1,0.0,0.0,0.4,56.1,56.1,0.0,0.0,79.0,1001.9,1001.9,2.7,5.1
2024-04-30 23:15:44+02:00,15.8,15.8,16.7,12.9,83.0,24.6,84.0,0.0,0.0,0.0,0.1,0.0,0.0,0.4,56.1,56.1,0.0,1.8,337.0,1001.9,1001.9,2.7,5.1
2024-04-30 23:20:00+02:00,15.8,15.8,16.7,12.9,83.0,24.5,84.0,0.0,0.0,0.0,0.1,0.0,0.0,0.4,56.1,56.1,0.0,1.8,52.0,1001.9,1001.9,2.7,5.1
2024-04-30 23:24:16+02:00,15.5,15.5,16.3,13.0,85.0,24.4,85.0,0.0,0.0,0.0,0.1,0.0,0.0,0.4,56.1,56.1,0.8,2.5,102.0,1001.8,1001.8,2.7,5.1
2024-04-30 23:30:40+02:00,15.4,15.4,16.2,13.1,86.0,24.2,85.0,0.0,0.0,0.0,0.1,0.0,0.0,0.4,56.1,56.1,0.8,2.5,124.0,1001.8,1001.8,2.7,5.1
2024-04-30 23:34:56+02:00,15.3,15.3,16.1,12.9,86.0,24.1,85.0,0.0,0.0,0.0,0.1,0.0,0.0,0.4,56.1,56.1,0.8,2.5,99.0,1001.7,1001.7,2.7,5.0
2024-04-30 23:39:12+02:00,15.2,15.2,16.1,13.0,87.0,24.0,85.0,0.0,0.0,0.0,0.1,0.0,0.0,0.4,56.1,56.1,0.0,1.8,115.0,1001.7,1001.7,2.7,5.0
2024-04-30 23:45:36+02:00,15.1,15.1,15.9,12.9,87.0,23.9,85.0,0.0,0.0,0.0,0.1,0.0,0.0,0.4,56.1,56.1,0.4,2.2,128.0,1001.6,1001.6,2.7,5.0
2024-04-30 23:49:52+02:00,14.9,14.9,15.7,12.9,88.0,23.8,85.0,0.0,0.0,0.0,0.1,0.0,0.0,0.4,56.1,56.1,0.4,2.2,138.0,1001.4,1001.4,2.7,5.0
2024-04-30 23:54:08+02:00,14.8,14.8,15.6,12.9,88.0,23.7,85.0,0.0,0.0,0.0,0.1,0.0,0.0,0.4,56.1,56.1,0.4,2.2,98.0,1001.3,1001.3,2.7,5.0
2024-05-01 02:00:00+02:00,16.3,16.3,17.3,14.0,86.0,22.0,86.0,0.0,0.0,0.0,0.0,0.0,0.0,0.4,0.0,56.1,0.9,2.9,248.0,1000.3,1000.3,2.7,4.9
2024-05-01 02:04:16+02:00,16.2,16.2,17.4,14.0,87.0,21.9,86.0,0.0,0.0,0.0,0.0,0.0,0.0,0.4,0.0,56.1,0.0,2.5,253.0,1000.3,1000.3,2.7,4.9
2024-05-01 02:10:40+02:00,16.1,16.1,17.2,13.9,87.0,21.8,86.0,0.0,0.0,0.0,0.0,0.0,0.0,0.4,0.0,56.1,1.0,3.6,262.0,1000.4,1000.4,2.7,4.9
2024-05-01 02:14:56+02:00,15.9,15.9,16.9,13.9,88.0,21.8,86.0,0.0,0.0,0.0,0.0,0.0,0.0,0.4,0.0,56.1,1.3,3.6,277.0,1000.4,1000.4,2.7,4.9
2024-05-01 02:19:12+02:00,15.9,15.9,17.0,13.9,88.0,21.8,86.0,0.0,0.0,0.0,0.0,0.0,0.0,0.4,0.0,56.1,0.9,2.9,310.0,1000.4,1000.4,2.7,4.9
2024-05-01 02:25:36+02:00,15.9,15.9,16.9,14.0,88.0,21.7,86.0,0.0,0.0,0.0,0.0,0.0,0.0,0.4,0.0,56.1,1.3,3.2,292.0,1000.4,1000.4,2.7,4.9
2024-05-01 02:29:52+02:00,15.7,15.7,17.0,13.9,89.0,21.6,86.0,0.0,0.0,0.0,0.0,0.0,0.0,0.4,0.0,56.1,0.0,3.6,33.0,1000.3,1000.3,2.7,4.9
2024-05-01 02:34:08+02:00,15.7,15.7,16.7,13.9,89.0,21.6,86.0,0.0,0.0,0.0,0.0,0.0,0.0,0.4,0.0,56.1,0.8,3.6,109.0,1000.3,1000.3,2.7,4.9
2024-05-01 02:40:32+02:00,15.4,15.4,16.6,13.8,90.0,21.5,86.0,0.0,0.0,0.0,0.0,0.0,0.0,0.4,0.0,56.1,0.0,2.2,111.0,1000.3,1000.3,2.7,4.9
2024-05-01 02:44:48+02:00,15.2,15.2,16.3,13.7,91.0,21.5,86.0,0.0,0.0,0.0,0.0,0.0,0.0,0.4,0.0,56.1,0.4,2.2,124.0,1000.1,1000.1,2.7,4.9
2024-05-01 02:49:04+02:00,14.9,14.9,16.0,13.5,91.0,21.4,86.0,0.0,0.0,0.0,0.0,0.0,0.0,0.4,0.0,56.1,0.0,0.0,103.0,1000.2,1000.2,2.7,4.9
2024-05-01 02:55:28+02:00,14.8,14.8,16.0,13.5,92.0,21.4,86.0,0.0,0.0,0.0,0.0,0.0,0.0,0.4,0.0,56.1,0.0,0.0,65.0,1000.0,1000.0,2.7,4.9
2024-05-01 02:59:44+02:00,14.7,14.7,15.8,13.6,93.0,21.4,86.0,0.0,0.0,0.0,0.0,0.0,0.0,0.4,0.0,56.1,0.0,0.0,290.0,1000.1,1000.1,2.7,4.9
2024-05-01 03:04:00+02:00,14.5,14.5,15.2,13.4,93.0,21.3,86.0,0.0,0.0,0.0,0.0,0.0,0.0,0.4,0.0,56.1,2.2,4.0,120.0,1000.1,1000.1,2.7,4.9
2024-05-01 03:10:24+02:00,14.4,14.4,14.9,13.4,94.0,21.2,86.0,0.0,0.0,0.0,0.0,0.0,0.0,0.4,0.0,56.1,3.0,4.0,122.0,1000.0,1000.0,2.7,4.9
2024-05-01 03:14:40+02:00,14.3,14.3,14.9,13.3,94.0,21.2,86.0,0.0,0.0,0.0,0.0,0.0,0.0,0.4,0.0,56.1,2.4,3.2,125.0,999.9,999.9,2.7,4.9
2024-05-01 03:21:04+02:00,14.2,14.2,15.1,13.3,94.0,21.1,86.0,0.0,0.0,0.0,0.0,0.0,0.0,0.4,0.0,56.1,0.4,2.9,123.0,999.8,999.8,2.7,4.9
2024-05-01 03:25:20+02:00,14.0,14.0,15.0,13.2,95.0,21.0,86.0,0.0,0.0,0.0,0.0,0.0,0.0,0.4,0.0,56.1,0.0,2.5,32.0,999.8,999.8,2.7,4.8
2024-05-01 03:29:36+02:00,14.2,14.2,15.2,13.4,95.0,21.0,86.0,0.0,0.0,0.0,0.0,0.0,0.0,0.4,0.0,56.1,0.0,2.2,3.0,999.8,999.8,2.7,4.8
2024-05-01 03:36:00+02:00,14.2,14.2,15.3,13.5,95.0,20.9,86.0,0.0,0.0,0.0,0.0,0.0,0.0,0.4,0.0,56.1,0.0,1.8,307.0,999.9,999.9,2.7,4.8
2024-05-01 03:40:16+02:00,14.2,14.2,15.2,13.4,95.0,20.9,86.0,0.0,0.0,0.0,0.0,0.0,0.0,0.4,0.0,56.1,0.0,2.2,301.0,999.8,999.8,2.7,4.8
2024-05-01 03:44:32+02:00,14.2,14.2,15.2,13.4,95.0,20.8,86.0,0.0,0.0,0.0,0.0,0.0,0.0,0.4,0.0,56.1,0.0,2.5,331.0,999.7,999.7,2.7,4.8
2024-05-01 03:50:56+02:00,14.2,14.2,15.0,13.4,95.0,20.8,86.0,0.0,0.0,0.0,0.0,0.0,0.0,0.4,0.0,56.1,1.2,3.2,360.0,999.7,999.7,2.7,4.8
2024-05-01 03:55:12+02:00,14.2,14.2,15.0,13.4,95.0,20.7,86.0,0.0,0.0,0.0,0.0,0.0,0.0,0.4,0.0,56.1,0.8,2.5,321.0,999.7,999.7,2.7,4.8
2024-05-01 03:59:28+02:00,14.1,14.1,15.1,13.3,95.0,20.7,86.0,0.0,0.0,0.0,0.0,0.0,0.0,0.4,0.0,56.1,0.0,2.5,310.0,999.7,999.7,2.7,4.8
2024-05-01 04:05:52+02:00,14.1,14.1,15.0,13.3,95.0,20.6,86.0,0.0,0.0,0.0,0.0,0.0,0.0,0.4,0.0,56.1,0.4,1.8,41.0,999.6,999.6,2.7,4.8
2024-05-01 04:10:08+02:00,13.8,13.8,14.7,13.1,95.0,20.5,86.0,0.0,0.0,0.0,0.0,0.0,0.0,0.4,0.0,56.1,0.4,2.2,103.0,999.7,999.7,2.7,4.8
2024-05-01 04:14:24+02:00,13.6,13.6,14.5,13.0,96.0,20.5,86.0,0.0,0.0,0.0,0.0,0.0,0.0,0.4,0.0,56.1,0.0,2.2,123.0,999.7,999.7,2.7,4.8
2024-05-01 04:20:48+02:00,13.6,13.6,14.1,13.0,96.0,20.4,86.0,0.0,0.0,0.0,0.0,0.0,0.0,0.4,0.0,56.1,1.9,4.0,119.0,999.8,999.8,2.7,4.8
2024-05-01 04:25:04+02:00,13.7,13.7,14.1,13.1,96.0,20.3,86.0,0.0,0.0,0.0,0.0,0.0,0.0,0.4,0.0,56.1,3.1,5.4,93.0,1000.0,1000.0,2.7,4.8
2024-05-01 04:29:20+02:00,13.8,13.8,14.4,13.1,96.0,20.3,86.0,0.0,0.0,0.0,0.0,0.0,0.0,0.4,0.0,56.1,1.9,5.4,129.0,1000.1,1000.1,2.7,4.8
2024-05-01 04:35:44+02:00,14.1,14.1,14.7,13.5,96.0,20.2,86.0,0.0,0.0,0.0,0.0,0.0,0.0,0.4,0.0,56.1,2.4,4.7,110.0,1000.1,1000.1,2.7,4.8
2024-05-01 04:40:00+02:00,14.2,14.2,15.0,13.5,95.0,20.2,86.0,0.0,0.0,0.0,0.0,0.0,0.0,0.4,0.0,56.1,1.4,4.0,134.0,1000.0,1000.0,2.7,4.8
2024-05-01 04:44:16+02:00,14.3,14.3,15.1,13.5,95.0,20.1,86.0,0.0,0.0,0.0,0.0,0.0,0.0,0.4,0.0,56.1,1.9,4.7,43.0,999.9,999.9,2.7,4.8
2024-05-01 04:50:40+02:00,14.2,14.2,15.1,13.3,94.0,20.1,86.0,0.0,0.0,0.0,0.0,0.0,0.0,0.4,0.0,56.1,0.9,3.2,116.0,1000.0,1000.0,2.7,4.8
2024-05-01 04:54:56+02:00,14.2,14.2,15.2,13.4,95.0,20.0,86.0,0.0,0.0,0.0,0.0,0.0,0.0,0.4,0.0,56.1,0.4,2.5,311.0,999.9,999.9,2.7,4.8
2024-05-01 04:59:12+02:00,14.2,14.2,15.0,13.4,95.0,20.0,86.0,0.0,0.0,0.0,0.0,0.0,0.0,0.4,0.0,56.1,0.9,2.9,13.0,999.8,999.8,2.7,4.8
2024-05-01 05:05:36+02:00,13.9,13.9,14.9,13.1,95.0,19.9,86.0,0.0,0.0,0.0,0.0,0.0,0.0,0.4,0.0,56.1,0.0,2.2,77.0,999.9,999.9,2.7,4.7
2024-05-01 05:09:52+02:00,13.8,13.8,14.6,13.0,95.0,19.9,86.0,0.0,0.0,0.0,0.0,0.0,0.0,0.4,0.0,56.1,1.0,3.6,70.0,999.8,999.8,2.7,4.7
2024-05-01 05:14:08+02:00,13.6,13.6,14.3,12.9,95.0,19.8,86.0,0.0,0.0,0.0,0.0,0.0,0.0,0.4,0.0,56.1,1.0,4.0,109.0,999.8,999.8,2.7,4.7
2024-05-01 05:20:32+02:00,13.4,13.4,14.3,12.7,95.0,19.8,86.0,0.0,0.0,0.0,0.0,0.0,0.0,0.4,0.0,56.1,0.0,1.8,126.0,999.8,999.8,2.7,4.7
2024-05-01 05:24:48+02:00,13.2,13.2,13.9,12.5,95.0,19.7,86.0,0.0,0.0,0.0,0.0,0.0,0.0,0.4,0.0,56.1,0.4,2.2,121.0,999.8,999.8,2.7,4.7
2024-05-01 05:29:04+02:00,13.2,13.2,14.0,12.6,96.0,19.7,86.0,0.0,0.0,0.0,0.0,0.0,0.0,0.4,0.0,56.1,0.0,1.8,64.0,999.8,999.8,2.7,4.7
2024-05-01 05:35:28+02:00,13.1,13.1,13.4,12.5,96.0,19.6,86.0,0.1,0.0,0.0,0.0,0.0,0.0,0.4,0.0,56.1,2.3,3.2,118.0,999.8,999.8,2.7,4.7
2024-05-01 05:39:44+02:00,13.1,13.1,13.3,12.5,96.0,19.6,86.0,0.2,0.0,0.0,0.0,0.0,0.0,0.4,0.0,56.1,3.0,4.0,117.0,999.6,999.6,2.7,4.7
2024-05-01 05:44:00+02:00,12.9,12.9,13.4,12.4,97.0,19.5,86.0,0.6,0.0,0.0,0.0,0.0,0.0,0.4,0.0,56.1,1.0,4.0,109.0,999.8,999.8,2.7,4.7
2024-05-01 05:50:24+02:00,12.7,12.7,13.3,12.3,97.0,19.5,86.0,1.0,0.0,0.0,0.0,0.0,0.0,0.4,0.0,56.1,0.5,2.5,111.0,999.8,999.8,2.7,4.7
2024-05-01 05:54:40+02:00,12.7,12.7,12.9,12.3,97.0,19.4,86.0,1.7,0.0,0.0,0.0,0.0,0.0,0.4,0.0,56.1,2.4,3.6,111.0,999.7,999.7,2.7,4.7
2024-05-01 05:58:56+02:00,12.7,12.7,12.9,12.3,97.0,19.3,86.0,2.7,0.0,0.0,0.0,0.0,0.0,0.4,0.0,56.1,2.6,3.6,111.0,999.8,999.8,2.7,4.7
2024-05-01 06:05:20+02:00,12.6,12.6,12.8,12.2,97.0,19.3,85.0,4.0,0.0,0.0,0.0,0.0,0.0,0.4,0.0,56.1,2.6,3.6,108.0,999.8,999.8,2.7,4.7
2024-05-01 06:09:36+02:00,12.4,12.4,12.4,11.9,97.0,19.2,85.0,5.9,0.0,0.0,0.0,0.0,0.0,0.4,0.0,56.1,2.7,4.0,113.0,999.7,999.7,2.7,4.7
2024-05-01 06:16:00+02:00,12.4,12.4,12.6,12.1,98.0,19.2,85.0,7.6,0.0,0.0,0.0,0.0,0.0,0.4,0.0,56.1,2.7,4.0,93.0,999.6,999.6,2.7,4.6
2024-05-01 06:20:16+02:00,12.6,12.6,13.2,12.3,98.0,19.1,85.0,9.9,0.0,0.0,0.0,0.0,0.0,0.4,0.0,56.1,0.8,2.9,102.0,999.7,999.7,2.7,4.6
2024-05-01 06:24:32+02:00,12.5,12.5,12.9,12.2,98.0,19.1,85.0,12.3,0.0,0.0,0.0,0.0,0.0,0.4,0.0,56.1,1.7,2.9,108.0,999.6,999.6,2.7,4.6
2024-05-01 06:30:56+02:00,12.5,12.5,13.2,12.2,98.0,19.0,86.0,14.9,0.0,0.0,0.0,0.0,0.0,0.4,0.0,56.1,0.0,2.9,105.0,999.6,999.6,2.7,4.6
2024-05-01 06:35:12+02:00,12.4,12.4,12.8,12.1,98.0,19.0,86.0,17.7,0.0,0.0,0.0,0.0,0.0,0.4,0.0,56.1,1.6,3.6,108.0,999.5,999.5,2.7,4.6
2024-05-01 06:39:28+02:00,12.6,12.6,13.1,12.2,98.0,18.9,86.0,20.5,0.0,0.0,0.0,0.0,0.0,0.4,0.0,56.1,0.7,2.9,117.0,999.5,999.5,2.7,4.6
2024-05-01 06:45:52+02:00,12.5,12.5,13.1,12.1,98.0,18.9,86.0,23.6,0.0,0.0,0.0,0.0,0.0,0.4,0.0,56.1,0.0,1.8,67.0,999.5,999.5,2.7,4.6
2024-05-01 06:50:08+02:00,12.4,12.4,13.1,12.1,98.0,18.8,86.0,26.5,0.0,0.0,0.0,0.0,0.0,0.4,0.0,56.1,0.0,2.2,77.0,999.5,999.5,2.7,4.6
2024-05-01 06:54:24+02:00,12.7,12.7,13.4,12.3,98.0,18.8,86.0,29.8,0.0,0.0,0.0,0.0,0.0,0.4,0.0,56.1,0.0,0.0,311.0,999.5,999.5,2.7,4.6
2024-05-01 07:00:48+02:00,12.9,12.9,13.7,12.6,98.0,18.8,86.0,32.9,0.0,0.0,0.0,0.0,0.0,0.4,0.0,56.1,0.4,1.8,282.0,999.4,999.4,2.7,4.6
2024-05-01 07:05:04+02:00,12.9,12.9,13.8,12.6,98.0,18.8,86.0,36.0,0.0,0.0,0.0,0.0,0.0,0.4,0.0,56.1,0.0,1.8,289.0,999.4,999.4,2.7,4.6
2024-05-01 07:09:20+02:00,13.0,13.0,13.8,12.7,98.0,18.8,86.0,39.1,0.0,0.0,0.0,0.0,0.0,0.4,0.0,56.1,0.0,1.8,107.0,999.3,999.3,2.7,4.6
2024-05-01 07:15:44+02:00,13.0,13.0,13.8,12.7,98.0,18.8,86.0,41.7,0.0,0.0,0.0,0.0,0.0,0.4,0.0,56.1,0.5,2.2,105.0,999.4,999.4,2.7,4.6
2024-05-01 07:20:00+02:00,13.1,13.1,13.7,12.8,98.0,18.7,86.0,45.2,0.0,0.0,0.0,0.0,0.0,0.4,0.0,56.1,1.2,2.9,112.0,999.4,999.4,2.7,4.6
2024-05-01 07:24:16+02:00,13.1,13.1,13.9,12.8,98.0,18.7,86.0,48.3,0.0,0.0,0.0,0.0,0.0,0.4,0.0,56.1,0.0,2.9,128.0,999.2,999.2,2.7,4.6
2024-05-01 07:30:40+02:00,13.2,13.2,14.0,12.9,98.0,18.7,86.0,51.1,0.0,0.0,0.0,0.0,0.0,0.4,0.0,56.1,0.5,2.5,24.0,999.2,999.2,2.7,4.6
2024-05-01 07:34:56+02:00,13.5,13.5,14.4,13.2,98.0,18.8,86.0,54.0,0.0,0.0,0.0,0.0,0.0,0.4,0.0,56.1,0.7,3.2,29.0,999.2,999.2,2.7,4.6
2024-05-01 07:39:12+02:00,13.7,13.7,14.4,13.4,98.0,18.8,86.0,56.2,0.0,0.0,0.0,0.0,0.0,0.4,0.0,56.1,1.6,3.2,87.0,999.1,999.1,2.7,4.6
2024-05-01 07:45:36+02:00,13.8,13.8,14.5,13.4,98.0,18.8,86.0,58.5,0.0,0.0,0.0,0.0,0.0,0.4,0.0,56.1,1.6,3.2,110.0,999.0,999.0,2.7,4.7
2024-05-01 07:49:52+02:00,13.8,13.8,14.9,13.5,98.0,18.8,87.0,59.8,0.0,0.0,0.0,0.0,0.0,0.4,0.0,56.1,0.4,3.2,43.0,999.0,999.0,2.7,4.7
2024-05-01 07:54:08+02:00,14.0,14.0,14.9,13.6,98.0,18.8,87.0,62.6,0.0,0.0,0.0,0.0,0.0,0.4,0.0,56.1,1.4,3.2,128.0,998.9,998.9,2.7,4.7
2024-05-01 08:00:32+02:00,14.2,14.2,14.8,13.7,97.0,18.8,87.0,64.6,0.0,0.0,0.0,0.0,0.0,0.4,0.0,56.1,2.9,4.0,127.0,998.9,998.9,2.7,4.7
2024-05-01 08:04:48+02:00,14.4,14.4,15.2,13.7,95.0,18.9,87.0,66.9,0.0,0.0,0.0,0.0,0.0,0.4,0.0,56.1,1.8,4.0,107.0,998.9,998.9,2.7,4.7
2024-05-01 08:09:04+02:00,14.7,14.7,15.7,13.8,94.0,18.9,87.0,69.9,0.0,0.0,0.0,0.0,0.0,0.4,0.0,56.1,1.2,3.2,114.0,999.0,999.0,2.7,4.7
2024-05-01 08:15:28+02:00,15.0,15.0,16.2,13.9,93.0,19.0,87.0,72.5,0.0,0.0,0.0,0.0,0.0,0.4,0.0,56.1,0.0,2.5,122.0,998.9,998.9,2.7,4.7
2024-05-01 08:19:44+02:00,15.1,15.1,16.3,14.0,93.0,19.0,87.0,75.2,0.0,0.0,0.0,0.0,0.0,0.4,0.0,56.1,0.0,2.2,127.0,999.0,999.0,2.7,4.7
2024-05-01 08:24:00+02:00,15.4,15.4,16.5,14.2,93.0,19.0,87.0,126.5,1.0,0.0,0.0,0.0,0.0,0.4,0.0,56.1,1.2,4.0,127.0,998.9,998.9,2.7,4.7
2024-05-01 08:30:24+02:00,16.0,16.0,17.0,14.4,90.0,19.1,87.0,134.3,1.0,0.0,0.0,0.0,0.0,0.4,0.0,56.1,2.4,4.0,137.0,998.9,998.9,2.7,4.7
2024-05-01 08:34:40+02:00,16.6,16.6,17.7,14.5,87.0,19.2,88.0,144.9,1.0,0.0,0.0,0.0,0.0,0.4,0.0,56.1,1.6,5.4,114.0,998.8,998.8,2.7,4.8
2024-05-01 08:41:04+02:00,16.7,16.7,17.6,14.3,86.0,19.2,88.0,154.2,1.0,0.0,0.0,0.0,0.0,0.4,0.0,56.1,2.7,5.4,294.0,998.7,998.7,2.7,4.8
2024-05-01 08:45:20+02:00,16.7,16.7,17.9,14.3,86.0,19.3,88.0,167.0,1.0,0.0,0.0,0.0,0.0,0.4,0.0,56.1,0.9,4.7,332.0,998.6,998.6,2.7,4.9
2024-05-01 08:49:36+02:00,17.6,17.6,19.0,14.5,82.0,19.5,88.0,174.4,1.0,0.0,0.0,0.0,0.0,0.4,0.0,56.1,0.4,2.5,106.0,998.5,998.5,2.7,4.9
2024-05-01 08:56:00+02:00,18.1,18.1,19.5,14.7,80.0,19.6,89.0,183.1,1.0,0.0,0.0,0.0,0.0,0.4,0.0,56.1,0.7,2.5,78.0,998.5,998.5,2.7,4.9
2024-05-01 09:00:16+02:00,18.4,18.4,19.8,14.9,80.0,19.8,89.0,216.2,2.0,0.0,0.0,0.0,0.0,0.4,0.0,56.1,1.1,4.3,65.0,998.4,998.4,2.7,4.9
2024-05-01 09:04:32+02:00,18.9,18.9,20.4,15.0,78.0,20.0,89.0,242.8,2.0,0.0,0.0,0.0,0.0,0.4,0.0,56.1,0.4,4.3,100.0,998.2,998.2,2.7,5.0
2024-05-01 09:10:56+02:00,19.3,19.3,20.6,15.0,76.0,20.2,89.0,265.8,2.0,0.0,0.0,0.0,0.0,0.4,0.0,56.1,1.5,4.0,84.0,998.3,998.3,2.7,5.0
2024-05-01 09:15:12+02:00,19.7,19.7,21.2,15.0,74.0,20.4,89.0,275.4,2.0,0.0,0.0,0.0,0.0,0.4,0.0,56.1,0.8,2.9,42.0,998.3,998.3,2.7,5.1
2024-05-01 09:19:28+02:00,20.3,20.3,21.8,15.3,73.0,20.6,89.0,240.8,2.0,0.0,0.0,0.0,0.0,0.4,0.0,56.1,1.3,3.6,126.0,998.3,998.3,2.7,5.1
2024-05-01 09:25:52+02:00,19.6,19.6,20.7,15.2,75.0,20.7,89.0,247.3,2.0,0.0,0.0,0.0,0.0,0.4,0.0,56.1,2.8,5.4,134.0,998.4,998.4,2.7,5.2
2024-05-01 09:30:08+02:00,19.1,19.1,19.9,14.7,76.0,20.9,89.0,252.5,2.0,0.0,0.0,0.0,0.0,0.4,0.0,56.1,3.5,6.1,129.0,998.2,998.2,2.7,5.2
2024-05-01 09:34:24+02:00,19.0,19.0,20.1,14.8,76.0,21.1,89.0,268.8,2.0,0.0,0.0,0.0,0.0,0.4,0.0,56.1,2.5,5.0,116.0,998.2,998.2,2.7,5.2
2024-05-01 09:40:48+02:00,19.3,19.3,20.2,14.9,76.0,21.4,89.0,276.2,2.0,0.0,0.0,0.0,0.0,0.4,0.0,56.1,3.8,6.8,137.0,998.2,998.2,2.7,5.2
2024-05-01 09:45:04+02:00,20.2,20.2,21.4,15.1,72.0,21.7,89.0,282.4,2.0,0.0,0.0,0.0,0.0,0.4,0.0,56.1,2.5,5.4,249.0,998.3,998.3,2.7,5.2
2024-05-01 09:49:20+02:00,20.9,20.9,22.5,15.3,70.0,21.9,89.0,286.7,2.0,0.0,0.0,0.0,0.0,0.4,0.0,56.1,0.8,5.4,110.0,998.2,998.2,2.7,5.2
2024-05-01 09:55:44+02:00,21.1,21.1,22.2,15.4,70.0,22.2,89.0,299.8,2.0,0.0,0.0,0.0,0.0,0.4,0.0,56.1,3.2,6.5,125.0,998.1,998.1,2.7,5.2
2024-05-01 10:00:00+02:00,20.7,20.7,21.8,15.2,70.0,22.4,89.0,273.4,2.0,0.0,0.0,0.0,0.0,0.4,0.0,56.1,3.0,6.5,301.0,998.1,998.1,2.7,5.2
2024-05-01 10:04:16+02:00,20.4,20.4,21.5,15.2,72.0,22.7,89.0,323.1,3.0,0.0,0.0,0.0,0.0,0.4,0.0,56.1,3.2,7.6,303.0,998.0,998.0,2.7,5.3
2024-05-01 10:10:40+02:00,20.8,20.8,22.0,15.3,71.0,23.0,89.0,308.7,2.0,0.0,0.0,0.0,0.0,0.4,0.0,56.1,2.6,7.2,266.0,997.9,997.9,2.7,5.3
2024-05-01 10:14:56+02:00,21.8,21.8,23.1,15.5,67.0,23.2,89.0,322.7,3.0,0.0,0.0,0.0,0.0,0.4,0.0,56.1,2.7,5.0,207.0,997.8,997.8,2.68,5.3
2024-05-01 10:19:12+02:00,21.6,21.6,22.5,15.8,70.0,23.4,89.0,314.0,2.0,0.0,0.0,0.0,0.0,0.4,0.0,56.1,4.8,7.9,278.0,997.9,997.9,2.68,5.3
2024-05-01 10:25:36+02:00,20.8,20.8,21.7,15.6,72.0,23.6,88.0,360.1,3.0,0.0,0.0,0.0,0.0,0.4,0.0,56.1,4.8,9.4,318.0,997.8,997.8,2.68,5.3
2024-05-01 10:29:52+02:00,20.5,20.5,21.0,15.4,72.0,23.9,88.0,356.9,3.0,0.0,0.0,0.0,0.0,0.4,0.0,56.1,6.3,12.2,281.0,997.6,997.6,2.68,5.3
2024-05-01 10:34:08+02:00,20.4,20.4,21.3,15.4,73.0,24.2,88.0,276.3,2.0,0.0,0.0,0.0,0.0,0.4,0.0,56.1,4.4,12.6,283.0,997.7,997.7,2.68,5.3
2024-05-01 10:40:32+02:00,21.0,21.0,22.2,15.4,70.0,24.4,88.0,219.3,2.0,0.0,0.0,0.0,0.0,0.4,0.0,56.1,2.5,5.8,268.0,997.7,997.7,2.68,5.3
2024-05-01 10:44:48+02:00,21.4,21.4,22.8,15.7,70.0,24.6,88.0,157.1,1.0,0.0,0.0,0.0,0.0,0.4,0.0,56.1,3.0,6.8,266.0,997.6,997.6,2.7,5.3
2024-05-01 10:49:04+02:00,20.8,20.8,22.3,15.5,71.0,24.8,88.0,285.9,2.0,0.0,0.0,0.0,0.0,0.4,0.0,56.1,1.6,4.3,321.0,997.6,997.6,2.7,5.3
2024-05-01 10:55:28+02:00,21.2,21.2,22.1,15.5,70.0,25.0,88.0,259.6,2.0,0.0,0.0,0.0,0.0,0.4,0.0,56.1,4.2,9.4,283.0,997.6,997.6,2.7,5.3
2024-05-01 10:59:44+02:00,20.8,20.8,22.0,15.2,71.0,25.2,87.0,307.7,2.0,0.0,0.0,0.0,0.0,0.4,0.0,56.1,2.4,9.7,273.0,997.8,997.8,2.7,5.3
2024-05-01 11:04:00+02:00,21.8,21.8,23.3,15.4,67.0,25.3,87.0,378.4,3.0,0.0,0.0,0.0,0.0,0.4,0.0,56.1,0.9,3.6,232.0,997.6,997.6,2.7,5.3
2024-05-01 11:10:24+02:00,22.3,22.3,23.6,15.7,66.0,25.4,87.0,516.0,4.0,0.0,0.0,0.0,0.0,0.4,0.0,56.1,3.2,9.7,276.0,997.5,997.5,2.7,5.3
2024-05-01 11:14:40+02:00,22.3,22.3,22.9,15.6,66.0,25.5,87.0,520.9,4.0,0.0,0.0,0.0,0.0,0.4,0.0,56.1,6.0,11.2,267.0,997.5,997.5,2.68,5.3
2024-05-01 11:18:56+02:00,22.4,22.4,23.5,15.6,65.0,25.7,87.0,494.6,4.0,0.0,0.0,0.0,0.0,0.4,0.0,56.1,3.6,8.6,267.0,997.4,997.4,2.68,5.3
2024-05-01 11:25:20+02:00,22.8,22.8,24.1,15.8,65.0,25.8,87.0,482.9,4.0,0.0,0.0,0.0,0.0,0.4,0.0,56.1,3.1,10.8,304.0,997.4,997.4,2.68,5.3
2024-05-01 11:29:36+02:00,22.9,22.9,23.7,15.6,63.0,26.0,87.0,457.5,4.0,0.0,0.0,0.0,0.0,0.4,0.0,56.1,5.6,7.9,271.0,997.4,997.4,2.68,5.3
2024-05-01 11:36:00+02:00,23.2,23.2,24.2,15.9,64.0,26.2,87.0,455.6,4.0,0.0,0.0,0.0,0.0,0.4,0.0,56.1,5.0,9.7,297.0,997.3,997.3,2.68,5.3
2024-05-01 11:40:16+02:00,23.0,23.0,23.5,15.7,64.0,26.5,87.0,449.5,4.0,0.0,0.0,0.0,0.0,0.4,0.0,56.1,6.8,14.0,260.0,997.2,997.2,2.68,5.3
2024-05-01 11:44:32+02:00,23.8,23.8,25.2,15.7,60.0,26.7,87.0,456.4,4.0,0.0,0.0,0.0,0.0,0.4,0.0,56.1,2.4,8.3,310.0,997.2,997.2,2.68,5.3
2024-05-01 11:50:56+02:00,23.4,23.4,23.9,16.1,63.0,26.8,87.0,486.5,4.0,0.0,0.0,0.0,0.0,0.4,0.0,56.1,7.6,11.2,306.0,997.1,997.1,2.68,5.3
2024-05-01 11:55:12+02:00,23.7,23.7,24.7,16.0,62.0,27.1,87.0,492.6,4.0,0.0,0.0,0.0,0.0,0.4,0.0,56.1,5.0,7.2,316.0,997.2,997.2,2.68,5.3
2024-05-01 11:59:28+02:00,24.3,24.3,25.7,16.0,60.0,27.3,87.0,487.1,4.0,0.0,0.0,0.0,0.0,0.4,0.0,56.1,2.7,14.0,339.0,997.0,997.0,2.68,5.3
2024-05-01 12:05:52+02:00,23.5,23.5,24.8,15.8,62.0,27.5,87.0,420.5,3.0,0.0,0.0,0.0,0.0,0.4,0.0,56.1,3.5,14.4,13.0,996.9,996.9,2.68,5.3
2024-05-01 12:10:08+02:00,23.7,23.7,25.4,15.9,62.0,27.7,87.0,475.0,4.0,0.0,0.0,0.0,0.0,0.4,0.0,56.1,1.4,8.6,255.0,997.0,997.0,2.68,5.3
2024-05-01 12:14:24+02:00,24.5,24.5,25.9,15.9,59.0,27.9,87.0,494.2,4.0,0.0,0.0,0.0,0.0,0.4,0.0,56.1,2.8,8.3,334.0,997.0,997.0,2.68,5.3
2024-05-01 12:20:48+02:00,24.4,24.4,25.3,16.2,60.0,28.1,86.0,495.3,4.0,0.0,0.0,0.0,0.0,0.4,0.0,56.1,6.2,9.0,276.0,996.9,996.9,2.68,5.3
2024-05-01 12:25:04+02:00,24.5,24.5,25.4,16.1,59.0,28.2,86.0,507.7,4.0,0.0,0.0,0.0,0.0,0.4,0.0,56.1,6.0,14.4,276.0,996.8,996.8,2.68,5.3
2024-05-01 12:29:20+02:00,24.8,24.8,25.7,15.9,58.0,28.3,86.0,493.7,4.0,0.0,0.0,0.0,0.0,0.4,0.0,56.1,5.3,12.2,346.0,996.7,996.7,2.68,5.3
2024-05-01 12:35:44+02:00,24.5,24.5,24.9,16.0,59.0,28.6,86.0,509.0,4.0,0.0,0.0,0.0,0.0,0.4,0.0,56.1,8.1,15.5,289.0,996.7,996.7,2.68,5.3
2024-05-01 12:40:00+02:00,24.4,24.4,24.6,15.8,59.0,28.7,86.0,505.2,4.0,0.0,0.0,0.0,0.0,0.4,0.0,56.1,8.4,15.5,300.0,996.5,996.5,2.68,5.3
2024-05-01 12:44:16+02:00,24.6,24.6,25.3,15.6,57.0,28.9,86.0,500.3,4.0,0.0,0.0,0.0,0.0,0.4,0.0,56.1,5.7,9.4,321.0,996.5,996.5,2.68,5.3
2024-05-01 12:50:40+02:00,24.4,24.4,25.4,15.3,57.0,29.1,86.0,465.2,4.0,0.0,0.0,0.0,0.0,0.4,0.0,56.1,3.9,14.4,320.0,996.4,996.4,2.68,5.3
2024-05-01 12:54:56+02:00,24.3,24.3,25.1,15.1,56.0,29.3,86.0,346.6,3.0,0.0,0.0,0.0,0.0,0.4,0.0,56.1,4.5,11.2,268.0,996.4,996.4,2.68,5.3
2024-05-01 12:59:12+02:00,25.0,25.0,25.6,15.4,55.0,29.4,86.0,397.9,3.0,0.0,0.0,0.0,0.0,0.4,0.0,56.1,6.1,10.4,285.0,996.1,996.1,2.68,5.3
2024-05-01 13:05:36+02:00,24.6,24.6,24.9,15.2,56.0,29.6,86.0,494.4,4.0,0.0,0.0,0.0,0.0,0.4,0.0,56.1,7.2,13.3,301.0,996.1,996.1,2.68,5.3
2024-05-01 13:09:52+02:00,24.9,24.9,25.9,15.6,56.0,29.7,86.0,502.8,4.0,0.0,0.0,0.0,0.0,0.4,0.0,56.1,4.5,10.1,294.0,996.0,996.0,2.68,5.3
2024-05-01 13:14:08+02:00,25.2,25.2,25.6,15.7,56.0,29.8,85.0,539.9,5.0,0.0,0.0,0.0,0.0,0.4,0.0,56.1,7.4,13.0,304.0,995.9,995.9,2.68,5.3
2024-05-01 13:20:32+02:00,25.7,25.7,26.0,15.7,54.0,30.0,85.0,538.4,5.0,0.0,0.0,0.0,0.0,0.4,0.0,56.1,7.8,16.6,292.0,995.7,995.7,2.68,5.3
2024-05-01 13:24:48+02:00,25.0,25.0,24.3,15.6,56.0,30.2,85.0,502.5,4.0,0.0,0.0,0.0,0.0,0.4,0.0,56.1,13.2,16.6,288.0,995.8,995.8,2.68,5.3
2024-05-01 13:29:04+02:00,25.3,25.3,26.2,15.8,56.0,30.3,85.0,502.3,4.0,0.0,0.0,0.0,0.0,0.4,0.0,56.1,5.0,13.7,347.0,995.7,995.7,2.68,5.3
2024-05-01 13:35:28+02:00,25.4,25.4,25.9,15.7,55.0,30.4,85.0,495.8,4.0,0.0,0.0,0.0,0.0,0.4,0.0,56.1,7.0,18.0,24.0,995.7,995.7,2.68,5.3
2024-05-01 13:39:44+02:00,25.7,25.7,26.6,15.6,54.0,30.6,85.0,484.0,4.0,0.0,0.0,0.0,0.0,0.4,0.0,56.1,4.9,9.0,274.0,995.6,995.6,2.68,5.3
2024-05-01 13:44:00+02:00,26.4,26.4,26.6,16.0,53.0,30.7,85.0,498.6,4.0,0.0,0.0,0.0,0.0,0.4,0.0,56.1,9.0,16.9,273.0,995.5,995.5,2.68,5.3
2024-05-01 13:50:24+02:00,26.4,26.4,26.4,15.4,51.0,30.8,85.0,505.0,4.0,0.0,0.0,0.0,0.0,0.4,0.0,56.1,9.0,14.4,319.0,995.4,995.4,2.68,5.3
2024-05-01 13:54:40+02:00,26.5,26.5,27.3,15.0,49.0,31.0,85.0,501.1,4.0,0.0,0.0,0.0,0.0,0.4,0.0,56.1,4.2,15.8,337.0,995.4,995.4,2.68,5.3
2024-05-01 14:01:04+02:00,26.1,26.1,25.7,15.2,51.0,31.1,85.0,500.8,4.0,0.0,0.0,0.0,0.0,0.4,0.0,56.1,10.9,17.3,329.0,995.3,995.3,2.68,5.3
2024-05-01 14:05:20+02:00,26.3,26.3,26.5,15.3,51.0,31.2,85.0,505.2,4.0,0.0,0.0,0.0,0.0,0.4,0.0,56.1,7.6,16.6,348.0,995.2,995.2,2.68,5.3
2024-05-01 14:09:36+02:00,26.6,26.8,27.1,15.6,51.0,31.3,85.0,495.2,4.0,0.0,0.0,0.0,0.0,0.4,0.0,56.1,6.8,16.2,297.0,995.3,995.3,2.68,5.3
2024-05-01 14:16:00+02:00,27.2,27.6,28.4,15.9,50.0,31.4,85.0,478.7,4.0,0.0,0.0,0.0,0.0,0.4,0.0,56.1,4.1,15.5,313.0,995.1,995.1,2.68,5.3
2024-05-01 14:20:16+02:00,26.8,27.3,27.5,15.8,51.0,31.5,85.0,462.0,4.0,0.0,0.0,0.0,0.0,0.4,0.0,56.1,6.0,15.5,312.0,995.0,995.0,2.68,5.3
2024-05-01 14:24:32+02:00,27.1,27.5,28.4,15.6,49.0,31.6,84.0,475.3,4.0,0.0,0.0,0.0,0.0,0.4,0.0,56.1,2.6,9.7,337.0,995.0,995.0,2.68,5.3
2024-05-01 14:30:56+02:00,27.4,27.7,27.7,15.8,49.0,31.7,84.0,473.6,4.0,0.0,0.0,0.0,0.0,0.4,0.0,56.1,8.1,14.0,298.0,994.8,994.8,2.68,5.3
2024-05-01 14:35:12+02:00,27.1,27.5,27.7,15.8,50.0,31.8,84.0,494.0,4.0,0.0,0.0,0.0,0.0,0.4,0.0,56.1,6.7,16.9,326.0,994.7,994.7,2.68,5.3
2024-05-01 14:39:28+02:00,27.4,27.7,28.1,15.7,49.0,31.8,84.0,485.2,4.0,0.0,0.0,0.0,0.0,0.4,0.0,56.1,6.3,16.9,283.0,994.7,994.7,2.68,5.3
2024-05-01 14:45:52+02:00,27.7,28.0,28.5,16.0,49.0,31.9,84.0,491.2,4.0,0.0,0.0,0.0,0.0,0.4,0.0,56.1,6.1,16.2,6.0,994.7,994.7,2.68,5.3
2024-05-01 14:50:08+02:00,27.5,27.8,27.9,15.6,48.0,32.0,84.0,498.2,4.0,0.0,0.0,0.0,0.0,0.4,0.0,56.1,7.3,15.5,335.0,994.5,994.5,2.68,5.3
2024-05-01 14:54:24+02:00,27.4,27.6,27.8,15.3,48.0,32.0,84.0,482.2,4.0,0.0,0.0,0.0,0.0,0.4,0.0,56.1,6.8,15.5,344.0,994.5,994.5,2.68,5.3
2024-05-01 15:00:48+02:00,27.5,27.7,27.7,15.5,48.0,32.1,84.0,452.7,4.0,0.0,0.0,0.0,0.0,0.4,0.0,56.1,8.1,17.6,298.0,994.4,994.4,2.68,5.3
2024-05-01 15:05:04+02:00,27.5,27.7,27.9,15.1,47.0,32.2,84.0,497.8,4.0,0.0,0.0,0.0,0.0,0.4,0.0,56.1,6.3,19.1,8.0,994.2,994.2,2.68,5.3
2024-05-01 15:09:20+02:00,27.7,27.8,28.2,15.1,46.0,32.2,85.0,460.3,4.0,0.0,0.0,0.0,0.0,0.4,0.0,56.1,5.8,15.8,350.0,994.2,994.2,2.68,5.3
2024-05-01 15:15:44+02:00,27.7,27.8,27.9,15.3,47.0,32.3,85.0,476.5,4.0,0.0,0.0,0.0,0.0,0.4,0.0,56.1,7.6,15.8,358.0,994.0,994.0,2.68,5.3
2024-05-01 15:20:00+02:00,27.9,28.1,27.9,15.4,47.0,32.3,85.0,493.2,4.0,0.0,0.0,0.0,0.0,0.4,0.0,56.1,8.9,19.4,359.0,994.0,994.0,2.68,5.3
2024-05-01 15:24:16+02:00,27.8,28.0,27.8,15.4,47.0,32.3,85.0,343.1,3.0,0.0,0.0,0.0,0.0,0.4,0.0,56.1,8.9,19.4,289.0,993.9,993.9,2.68,5.3
2024-05-01 15:30:40+02:00,27.2,27.4,27.1,14.5,46.0,32.4,85.0,233.2,2.0,0.0,0.0,0.0,0.0,0.4,0.0,56.1,7.8,15.5,333.0,993.9,993.9,2.68,5.3
2024-05-01 15:34:56+02:00,27.3,27.4,27.4,14.1,44.0,32.4,85.0,414.4,3.0,0.0,0.0,0.0,0.0,0.4,0.0,56.1,6.3,15.8,340.0,993.8,993.8,2.68,5.3
2024-05-01 15:39:12+02:00,27.5,27.5,27.5,14.4,45.0,32.4,85.0,241.0,2.0,0.0,0.0,0.0,0.0,0.4,0.0,56.1,7.1,18.4,267.0,993.9,993.9,2.68,5.3
2024-05-01 15:45:36+02:00,27.5,27.5,28.2,13.9,43.0,32.4,85.0,159.2,1.0,0.0,0.0,0.0,0.0,0.4,0.0,56.1,2.7,7.9,245.0,993.7,993.7,2.68,5.3
2024-05-01 15:49:52+02:00,27.4,27.2,27.8,13.1,41.0,32.4,85.0,169.8,1.0,0.0,0.0,0.0,0.0,0.4,0.0,56.1,2.7,13.0,358.0,993.7,993.7,2.68,5.3
2024-05-01 15:54:08+02:00,27.1,26.9,26.4,12.1,39.0,32.4,85.0,180.9,1.0,0.0,0.0,0.0,0.0,0.4,0.0,56.1,6.8,19.1,351.0,993.7,993.7,2.68,5.3
2024-05-01 16:00:32+02:00,27.0,26.9,26.4,12.2,40.0,32.4,85.0,230.2,2.0,0.0,0.0,0.0,0.0,0.4,0.0,56.1,6.6,14.0,290.0,993.4,993.4,2.68,5.3
2024-05-01 16:04:48+02:00,27.2,27.0,26.8,12.5,40.0,32.4,85.0,414.7,3.0,0.0,0.0,0.0,0.0,0.4,0.0,56.1,6.1,15.1,351.0,993.5,993.5,2.68,5.3
2024-05-01 16:09:04+02:00,28.1,27.8,28.6,13.4,41.0,32.3,85.0,478.6,4.0,0.0,0.0,0.0,0.0,0.4,0.0,56.1,3.0,13.3,221.0,993.4,993.4,2.68,5.3
2024-05-01 16:15:28+02:00,28.3,27.9,27.3,13.0,39.0,32.3,85.0,198.4,1.0,0.0,0.0,0.0,0.0,0.4,0.0,56.1,9.7,29.9,316.0,993.5,993.5,2.68,5.3
2024-05-01 16:19:44+02:00,27.3,27.1,27.0,12.5,40.0,32.3,85.0,169.8,1.0,0.0,0.0,0.0,0.0,0.4,0.0,56.1,5.8,14.4,321.0,993.4,993.4,2.68,5.3
2024-05-01 16:24:00+02:00,27.2,27.0,25.9,12.4,40.0,32.3,85.0,96.8,0.0,0.0,0.0,0.0,0.0,0.4,0.0,56.1,10.4,22.3,279.0,993.5,993.5,2.68,5.3
2024-05-01 16:30:24+02:00,26.8,26.8,26.4,12.5,41.0,32.2,85.0,79.3,0.0,0.0,0.0,0.0,0.0,0.4,0.0,56.1,6.3,10.4,285.0,993.3,993.3,2.68,5.3
2024-05-01 16:34:40+02:00,26.6,26.6,26.5,12.4,41.0,32.2,85.0,70.1,0.0,0.0,0.0,0.0,0.0,0.4,0.0,56.1,4.0,11.5,311.0,993.3,993.3,2.68,5.3
2024-05-01 16:38:56+02:00,26.7,26.7,26.9,12.5,41.0,32.1,85.0,72.8,0.0,0.0,0.0,0.0,0.0,0.4,0.0,56.1,2.7,13.7,316.0,993.3,993.3,2.68,5.3
2024-05-01 16:45:20+02:00,26.6,26.6,26.4,12.6,42.0,32.1,85.0,78.6,0.0,0.0,0.0,0.0,0.0,0.4,0.0,56.1,4.8,10.4,296.0,993.1,993.1,2.68,5.3
2024-05-01 16:49:36+02:00,26.4,26.4,26.0,12.3,42.0,32.0,85.0,83.3,0.0,0.0,0.0,0.0,0.0,0.4,0.0,56.1,5.8,10.8,325.0,993.1,993.1,2.68,5.3
2024-05-01 16:56:00+02:00,26.4,26.4,26.5,12.5,42.0,32.0,85.0,83.7,0.0,0.0,0.0,0.0,0.0,0.4,0.0,56.1,3.5,7.6,280.0,993.1,993.1,2.68,5.3
2024-05-01 17:00:16+02:00,26.4,26.4,26.9,12.7,43.0,31.9,86.0,81.9,0.0,0.0,0.0,0.0,0.0,0.4,0.0,56.1,1.6,6.5,347.0,993.3,993.3,2.68,5.3
2024-05-01 17:04:32+02:00,26.3,26.3,26.7,12.8,43.0,31.9,86.0,77.3,0.0,0.0,0.0,0.0,0.0,0.4,0.0,56.1,2.3,7.2,274.0,993.1,993.1,2.68,5.3
2024-05-01 17:10:56+02:00,26.0,26.0,26.4,13.4,46.0,31.8,86.0,78.8,0.0,0.0,0.0,0.0,0.0,0.4,0.0,56.1,3.0,7.6,307.0,993.1,993.1,2.68,5.3
2024-05-01 17:15:12+02:00,26.0,26.0,26.3,12.7,44.0,31.7,86.0,86.8,0.0,0.0,0.0,0.0,0.0,0.4,0.0,56.1,2.4,9.0,337.0,992.9,992.9,2.68,5.3
2024-05-01 17:19:28+02:00,26.1,26.1,26.4,13.0,44.0,31.7,86.0,95.3,0.0,0.0,0.0,0.0,0.0,0.4,0.0,56.1,3.1,7.6,292.0,992.9,992.9,2.68,5.3
2024-05-01 17:25:52+02:00,25.9,25.9,26.0,13.1,45.0,31.6,86.0,100.8,0.0,0.0,0.0,0.0,0.0,0.4,0.0,56.1,4.1,7.9,275.0,992.8,992.8,2.68,5.3
2024-05-01 17:30:08+02:00,25.7,25.7,26.3,13.7,47.0,31.6,86.0,108.7,1.0,0.0,0.0,0.0,0.0,0.4,0.0,56.1,2.9,7.6,272.0,992.8,992.8,2.68,5.3
2024-05-01 17:34:24+02:00,25.7,25.7,26.1,13.4,47.0,31.5,86.0,128.5,1.0,0.0,0.0,0.0,0.0,0.4,0.0,56.1,3.3,7.2,289.0,992.7,992.7,2.68,5.3
2024-05-01 17:40:48+02:00,25.8,25.8,26.2,13.9,48.0,31.5,86.0,156.1,1.0,0.0,0.0,0.0,0.0,0.4,0.0,56.1,4.0,8.3,299.0,992.8,992.8,2.68,5.3
2024-05-01 17:45:04+02:00,26.0,26.0,26.4,14.1,48.0,31.4,86.0,211.8,1.0,0.0,0.0,0.0,0.0,0.4,0.0,56.1,4.4,9.4,301.0,992.8,992.8,2.68,5.3
2024-05-01 17:49:20+02:00,26.3,26.3,26.7,14.4,48.0,31.3,86.0,192.8,1.0,0.0,0.0,0.0,0.0,0.4,0.0,56.1,5.0,9.4,312.0,992.7,992.7,2.68,5.3
2024-05-01 17:55:44+02:00,26.3,26.3,26.6,14.7,49.0,31.3,86.0,178.8,1.0,0.0,0.0,0.0,0.0,0.4,0.0,56.1,6.3,13.0,337.0,992.6,992.6,2.68,5.3
2024-05-01 18:00:00+02:00,26.2,26.2,26.4,14.6,49.0,31.3,86.0,126.1,1.0,0.0,0.0,0.0,0.0,0.4,0.0,56.1,6.3,11.9,273.0,992.6,992.6,2.68,5.3
2024-05-01 18:04:16+02:00,26.1,26.1,26.6,14.7,49.0,31.2,86.0,110.5,1.0,0.0,0.0,0.0,0.0,0.4,0.0,56.1,5.0,13.3,343.0,992.6,992.6,2.68,5.3
2024-05-01 18:10:40+02:00,26.2,26.2,26.7,14.5,49.0,31.2,86.0,111.3,1.0,0.0,0.0,0.0,0.0,0.4,0.0,56.1,4.5,11.9,317.0,992.4,992.4,2.68,5.3
2024-05-01 18:14:56+02:00,26.2,26.2,27.1,14.2,48.0,31.1,86.0,108.6,1.0,0.0,0.0,0.0,0.0,0.4,0.0,56.1,2.4,11.5,323.0,992.4,992.4,2.68,5.3
2024-05-01 18:19:12+02:00,26.4,26.4,27.1,13.7,46.0,31.1,86.0,109.4,1.0,0.0,0.0,0.0,0.0,0.4,0.0,56.1,2.4,9.7,3.0,992.5,992.5,2.68,5.3
2024-05-01 18:25:36+02:00,26.5,26.5,26.8,13.2,44.0,31.1,86.0,100.8,0.0,0.0,0.0,0.0,0.0,0.4,0.0,56.1,3.7,10.4,342.0,992.4,992.4,2.68,5.3
2024-05-01 18:29:52+02:00,26.6,26.6,27.1,13.3,44.0,31.0,86.0,99.3,0.0,0.0,0.0,0.0,0.0,0.4,0.0,56.1,2.4,5.8,334.0,992.5,992.5,2.68,5.3
2024-05-01 18:34:08+02:00,26.6,26.6,27.0,13.1,43.0,31.0,86.0,93.6,0.0,0.0,0.0,0.0,0.0,0.4,0.0,56.1,2.6,14.8,2.0,992.4,992.4,2.68,5.3
2024-05-01 18:40:32+02:00,26.5,26.5,26.0,12.2,41.0,30.9,86.0,92.4,0.0,0.0,0.0,0.0,0.0,0.4,0.0,56.1,6.2,14.8,359.0,992.4,992.4,2.68,5.3
2024-05-01 18:44:48+02:00,26.4,26.4,26.6,12.0,41.0,30.9,87.0,88.8,0.0,0.0,0.0,0.0,0.0,0.4,0.0,56.1,1.9,14.0,144.0,992.3,992.3,2.68,5.3
2024-05-01 18:49:04+02:00,26.4,26.4,26.3,12.0,41.0,30.8,87.0,83.8,0.0,0.0,0.0,0.0,0.0,0.4,0.0,56.1,3.7,15.8,343.0,992.4,992.4,2.68,5.3
2024-05-01 18:55:28+02:00,26.3,26.3,26.2,12.0,41.0,30.8,87.0,77.7,0.0,0.0,0.0,0.0,0.0,0.4,0.0,56.1,4.0,15.5,26.0,992.3,992.3,2.68,5.3
2024-05-01 18:59:44+02:00,26.2,26.2,26.0,12.1,41.0,30.7,87.0,71.3,0.0,0.0,0.0,0.0,0.0,0.4,0.0,56.1,4.1,14.0,350.0,992.2,992.2,2.68,5.3
2024-05-01 19:04:00+02:00,26.2,26.2,25.9,12.0,41.0,30.7,87.0,66.5,0.0,0.0,0.0,0.0,0.0,0.4,0.0,56.1,4.6,13.3,322.0,992.3,992.3,2.68,5.3
2024-05-01 19:10:24+02:00,26.0,26.0,25.8,11.9,42.0,30.7,87.0,61.1,0.0,0.0,0.0,0.0,0.0,0.4,0.0,56.1,4.0,15.1,13.0,992.4,992.4,2.68,5.3
2024-05-01 19:14:40+02:00,26.0,26.0,25.7,11.7,41.0,30.6,87.0,57.9,0.0,0.0,0.0,0.0,0.0,0.4,0.0,56.1,4.3,9.4,23.0,992.3,992.3,2.68,5.3
2024-05-01 19:21:04+02:00,26.0,26.0,25.8,11.6,41.0,30.6,87.0,50.4,0.0,0.0,0.0,0.0,0.0,0.4,0.0,56.1,3.5,9.0,40.0,992.3,992.3,2.68,5.3
2024-05-01 19:25:20+02:00,25.8,25.8,25.5,11.6,41.0,30.5,87.0,45.4,0.0,0.0,0.0,0.0,0.0,0.4,0.0,56.1,4.1,13.3,345.0,992.3,992.3,2.68,5.3
2024-05-01 19:29:36+02:00,25.8,25.8,25.7,11.4,41.0,30.5,87.0,43.4,0.0,0.0,0.0,0.0,0.0,0.4,0.0,56.1,2.7,13.3,70.0,992.4,992.4,2.68,5.3
2024-05-01 19:36:00+02:00,25.7,25.7,25.6,11.5,41.0,30.4,87.0,41.0,0.0,0.0,0.0,0.0,0.0,0.4,0.0,56.1,2.8,7.9,357.0,992.3,992.3,2.68,5.3
2024-05-01 19:40:16+02:00,25.5,25.5,24.8,11.4,41.0,30.3,87.0,36.9,0.0,0.0,0.0,0.0,0.0,0.4,0.0,56.1,5.7,10.1,360.0,992.4,992.4,2.68,5.3
2024-05-01 19:44:32+02:00,25.4,25.4,25.1,11.4,42.0,30.3,87.0,33.1,0.0,0.0,0.0,0.0,0.0,0.4,0.0,56.1,3.7,7.9,62.0,992.4,992.4,2.68,5.3
2024-05-01 19:50:56+02:00,25.3,25.3,25.2,11.4,42.0,30.2,86.0,30.2,0.0,0.0,0.0,0.0,0.0,0.4,0.0,56.1,2.5,7.9,19.0,992.3,992.3,2.68,5.3
2024-05-01 19:55:12+02:00,25.1,25.1,25.4,11.6,43.0,30.2,86.0,27.1,0.0,0.0,0.0,0.0,0.0,0.4,0.0,56.1,1.2,6.8,339.0,992.3,992.3,2.7,5.2
2024-05-01 19:59:28+02:00,25.1,25.1,24.8,11.4,42.0,30.1,86.0,23.8,0.0,0.0,0.0,0.0,0.0,0.4,0.0,56.1,3.6,14.0,25.0,992.3,992.3,2.7,5.2
2024-05-01 20:05:52+02:00,25.0,25.0,24.7,11.4,43.0,30.0,86.0,20.6,0.0,0.0,0.0,0.0,0.0,0.4,0.0,56.1,3.6,13.7,343.0,992.3,992.3,2.7,5.2
2024-05-01 20:10:08+02:00,24.8,24.8,24.9,11.5,43.0,29.9,86.0,17.7,0.0,0.0,0.0,0.0,0.0,0.4,0.0,56.1,1.9,11.2,358.0,992.4,992.4,2.7,5.2
2024-05-01 20:14:24+02:00,24.7,24.7,24.6,11.5,44.0,29.8,86.0,14.9,0.0,0.0,0.0,0.0,0.0,0.4,0.0,56.1,2.9,11.2,7.0,992.2,992.2,2.7,5.2
2024-05-01 20:20:48+02:00,24.5,24.5,24.6,11.7,45.0,29.8,86.0,12.5,0.0,0.0,0.0,0.0,0.0,0.4,0.0,56.1,2.4,11.2,1.0,992.3,992.3,2.7,5.2
2024-05-01 20:25:04+02:00,24.3,24.3,24.7,12.1,46.0,29.7,86.0,10.3,0.0,0.0,0.0,0.0,0.0,0.4,0.0,56.1,1.3,16.2,317.0,992.3,992.3,2.7,5.2
2024-05-01 20:29:20+02:00,24.2,24.2,23.4,12.2,47.0,29.7,86.0,8.1,0.0,0.0,0.0,0.0,0.0,0.4,0.0,56.1,7.5,14.8,351.0,992.2,992.2,2.7,5.2
2024-05-01 20:35:44+02:00,24.1,24.1,24.5,12.8,49.0,29.6,86.0,6.5,0.0,0.0,0.0,0.0,0.0,0.4,0.0,56.1,2.2,14.8,45.0,992.4,992.4,2.7,5.2
2024-05-01 20:40:00+02:00,23.8,23.8,24.4,13.0,51.0,29.5,86.0,4.9,0.0,0.0,0.0,0.0,0.0,0.4,0.0,56.1,1.9,9.4,5.0,992.4,992.4,2.7,5.2
2024-05-01 20:44:16+02:00,23.7,23.7,24.0,13.2,52.0,29.4,86.0,3.5,0.0,0.0,0.0,0.0,0.0,0.4,0.0,56.1,3.4,8.3,344.0,992.4,992.4,2.7,5.2
2024-05-01 20:50:40+02:00,23.6,23.6,24.2,13.5,53.0,29.3,86.0,2.3,0.0,0.0,0.0,0.0,0.0,0.4,0.0,56.1,2.4,8.3,332.0,992.5,992.5,2.7,5.2
2024-05-01 20:54:56+02:00,23.4,23.4,24.1,13.6,54.0,29.2,86.0,1.6,0.0,0.0,0.0,0.0,0.0,0.4,0.0,56.1,2.3,6.1,19.0,992.5,992.5,2.7,5.2
2024-05-01 20:59:12+02:00,23.2,23.2,23.7,13.8,55.0,29.2,86.0,1.0,0.0,0.0,0.0,0.0,0.0,0.4,0.0,56.1,3.5,15.1,57.0,992.5,992.5,2.7,5.2
2024-05-01 21:05:36+02:00,23.1,23.1,23.6,13.9,56.0,29.0,86.0,0.6,0.0,0.0,0.0,0.0,0.0,0.4,0.0,56.1,3.5,8.6,50.0,992.5,992.5,2.7,5.2
2024-05-01 21:09:52+02:00,23.0,23.0,23.6,14.0,57.0,28.9,86.0,0.3,0.0,0.0,0.0,0.0,0.0,0.4,0.0,56.1,3.2,12.6,87.0,992.4,992.4,2.7,5.2
2024-05-01 21:14:08+02:00,22.8,22.8,23.3,14.0,58.0,28.9,86.0,0.2,0.0,0.0,0.0,0.0,0.0,0.4,0.0,56.1,3.9,9.4,58.0,992.5,992.5,2.7,5.2
2024-05-01 21:20:32+02:00,22.7,22.7,23.3,14.1,58.0,28.8,85.0,0.0,0.0,0.0,0.0,0.0,0.0,0.4,0.0,56.1,3.3,8.3,141.0,992.5,992.5,2.7,5.2
2024-05-01 21:24:48+02:00,22.6,22.6,23.4,14.2,59.0,28.7,85.0,0.0,0.0,0.0,0.0,0.0,0.0,0.4,0.0,56.1,2.4,7.2,359.0,992.4,992.4,2.7,5.2
2024-05-01 21:29:04+02:00,22.5,22.5,23.3,14.1,59.0,28.6,85.0,0.0,0.0,0.0,0.0,0.0,0.0,0.4,0.0,56.1,2.5,6.5,58.0,992.4,992.4,2.7,5.2
2024-05-01 21:35:28+02:00,22.3,22.3,23.2,14.2,60.0,28.5,85.0,0.0,0.0,0.0,0.0,0.0,0.0,0.4,0.0,56.1,2.4,10.1,19.0,992.5,992.5,2.7,5.2
2024-05-01 21:39:44+02:00,22.2,22.2,23.3,14.2,61.0,28.4,85.0,0.0,0.0,0.0,0.0,0.0,0.0,0.4,0.0,56.1,1.3,5.4,98.0,992.4,992.4,2.7,5.2
2024-05-01 21:44:00+02:00,22.0,22.0,23.1,14.2,61.0,28.3,85.0,0.0,0.0,0.0,0.0,0.0,0.0,0.4,0.0,56.1,1.4,8.6,295.0,992.5,992.5,2.7,5.2
2024-05-01 21:50:24+02:00,21.8,21.8,22.8,14.2,62.0,28.2,85.0,0.0,0.0,0.0,0.0,0.0,0.0,0.4,0.0,56.1,2.2,13.0,23.0,992.5,992.5,2.7,5.2
2024-05-01 21:54:40+02:00,21.7,21.7,22.9,14.3,63.0,28.1,85.0,0.0,0.0,0.0,0.0,0.0,0.0,0.4,0.0,56.1,0.9,5.0,80.0,992.4,992.4,2.7,5.1
2024-05-01 21:58:56+02:00,21.6,21.6,22.5,14.2,63.0,28.0,85.0,0.0,0.0,0.0,0.0,0.0,0.0,0.4,0.0,56.1,1.9,7.2,359.0,992.4,992.4,2.7,5.1
2024-05-01 22:05:20+02:00,21.5,21.5,22.1,14.2,63.0,28.0,85.0,0.0,0.0,0.0,0.0,0.0,0.0,0.4,0.0,56.1,3.3,7.6,354.0,992.4,992.4,2.7,5.1
2024-05-01 22:09:36+02:00,21.3,21.3,22.1,14.2,64.0,27.8,85.0,0.0,0.0,0.0,0.0,0.0,0.0,0.4,0.0,56.1,3.2,8.3,5.0,992.4,992.4,2.7,5.1
2024-05-01 22:16:00+02:00,21.3,21.3,22.1,14.2,64.0,27.8,85.0,0.0,0.0,0.0,0.0,0.0,0.0,0.4,0.0,56.1,2.8,10.1,32.0,992.4,992.4,2.7,5.1
2024-05-01 22:20:16+02:00,21.2,21.2,22.0,14.3,65.0,27.7,85.0,0.0,0.0,0.0,0.0,0.0,0.0,0.4,0.0,56.1,2.4,6.8,70.0,992.4,992.4,2.7,5.1
2024-05-01 22:24:32+02:00,21.0,21.0,22.1,14.3,65.0,27.6,85.0,0.0,0.0,0.0,0.0,0.0,0.0,0.4,0.0,56.1,1.3,6.8,103.0,992.3,992.3,2.7,5.1
2024-05-01 22:30:56+02:00,20.9,20.9,21.9,14.3,66.0,27.5,85.0,0.0,0.0,0.0,0.0,0.0,0.0,0.4,0.0,56.1,2.0,4.3,89.0,992.4,992.4,2.7,5.1
2024-05-01 22:35:12+02:00,20.8,20.8,21.9,14.3,66.0,27.4,85.0,0.0,0.0,0.0,0.0,0.0,0.0,0.4,0.0,56.1,1.1,6.8,119.0,992.4,992.4,2.7,5.1
2024-05-01 22:39:28+02:00,20.5,20.5,21.7,14.2,67.0,27.3,85.0,0.0,0.0,0.0,0.0,0.0,0.0,0.4,0.0,56.1,1.1,5.8,359.0,992.4,992.4,2.7,5.1
2024-05-01 22:45:52+02:00,20.5,20.5,21.7,14.2,67.0,27.2,85.0,0.0,0.0,0.0,0.0,0.0,0.0,0.4,0.0,56.1,0.9,5.8,101.0,992.2,992.2,2.7,5.1
2024-05-01 22:50:08+02:00,20.3,20.3,21.5,14.2,68.0,27.1,85.0,0.0,0.0,0.0,0.0,0.0,0.0,0.4,0.0,56.1,1.2,5.0,55.0,992.2,992.2,2.7,5.1
2024-05-01 22:54:24+02:00,20.3,20.3,21.1,14.2,68.0,27.0,85.0,0.0,0.0,0.0,0.0,0.0,0.0,0.4,0.0,56.1,2.3,9.0,38.0,992.3,992.3,2.7,5.1
2024-05-01 23:00:48+02:00,20.3,20.3,21.1,14.1,68.0,26.9,85.0,0.0,0.0,0.0,0.0,0.0,0.0,0.4,0.0,56.1,2.6,5.8,93.0,992.2,992.2,2.7,5.1
2024-05-01 23:05:04+02:00,20.2,20.2,21.1,14.1,68.0,26.8,85.0,0.0,0.0,0.0,0.0,0.0,0.0,0.4,0.0,56.1,1.9,6.5,30.0,992.2,992.2,2.7,5.1
2024-05-01 23:09:20+02:00,20.1,20.1,21.3,14.2,69.0,26.7,85.0,0.0,0.0,0.0,0.0,0.0,0.0,0.4,0.0,56.1,0.4,6.5,88.0,992.1,992.1,2.7,5.1
2024-05-01 23:15:44+02:00,20.0,20.0,20.7,14.2,69.0,26.6,85.0,0.0,0.0,0.0,0.0,0.0,0.0,0.4,0.0,56.1,3.4,7.2,36.0,992.1,992.1,2.7,5.1
2024-05-01 23:20:00+02:00,20.0,20.0,21.0,14.1,69.0,26.5,85.0,0.0,0.0,0.0,0.0,0.0,0.0,0.4,0.0,56.1,1.6,7.2,27.0,992.1,992.1,2.7,5.1
2024-05-01 23:24:16+02:00,19.8,19.8,21.0,14.1,70.0,26.4,85.0,0.0,0.0,0.0,0.0,0.0,0.0,0.4,0.0,56.1,0.4,6.5,103.0,992.1,992.1,2.7,5.1
2024-05-01 23:30:40+02:00,19.7,19.7,20.7,14.1,70.0,26.3,85.0,0.0,0.0,0.0,0.0,0.0,0.0,0.4,0.0,56.1,1.1,6.1,15.0,992.0,992.0,2.7,5.1
2024-05-01 23:34:56+02:00,19.5,19.5,20.3,14.0,71.0,26.3,85.0,0.0,0.0,0.0,0.0,0.0,0.0,0.4,0.0,56.1,2.4,4.3,51.0,991.8,991.8,2.7,5.1
2024-05-01 23:39:12+02:00,19.5,19.5,20.4,14.0,70.0,26.2,85.0,0.0,0.0,0.0,0.0,0.0,0.0,0.4,0.0,56.1,1.5,4.7,87.0,991.9,991.9,2.7,5.1
2024-05-01 23:45:36+02:00,19.4,19.4,20.2,14.0,71.0,26.1,85.0,0.0,0.0,0.0,0.0,0.0,0.0,0.4,0.0,56.1,2.5,6.5,85.0,991.9,991.9,2.7,5.0
2024-05-01 23:49:52+02:00,19.4,19.4,20.5,14.0,71.0,26.0,85.0,0.0,0.0,0.0,0.0,0.0,0.0,0.4,0.0,56.1,1.2,6.1,78.0,991.9,991.9,2.7,5.0
2024-05-01 23:54:08+02:00,19.4,19.4,20.3,14.0,71.0,25.8,85.0,0.0,0.0,0.0,0.0,0.0,0.0,0.4,0.0,56.1,1.9,7.2,25.0,992.0,992.0,2.7,5.0
2024-05-01 00:00:32+02:00,14.8,14.8,15.6,12.8,88.0,23.6,85.0,0.0,0.0,0.0,0.0,0.0,0.0,0.4,0.0,56.1,0.0,2.2,134.0,1001.4,1001.4,2.7,5.0
2024-05-01 00:04:48+02:00,14.7,14.7,15.6,12.9,89.0,23.5,85.0,0.0,0.0,0.0,0.0,0.0,0.0,0.4,0.0,56.1,0.0,1.8,328.0,1001.4,1001.4,2.7,5.0
2024-05-01 00:09:04+02:00,15.0,15.0,16.0,13.2,89.0,23.5,85.0,0.0,0.0,0.0,0.0,0.0,0.0,0.4,0.0,56.1,0.0,0.0,348.0,1001.4,1001.4,2.7,5.0
2024-05-01 00:15:28+02:00,15.1,15.1,16.1,13.3,89.0,23.4,85.0,0.0,0.0,0.0,0.0,0.0,0.0,0.4,0.0,56.1,0.0,1.8,282.0,1001.4,1001.4,2.7,5.0
2024-05-01 00:19:44+02:00,15.2,15.2,16.2,13.4,89.0,23.3,85.0,0.0,0.0,0.0,0.0,0.0,0.0,0.4,0.0,56.1,0.0,2.9,300.0,1001.2,1001.2,2.7,5.0
2024-05-01 00:24:00+02:00,15.4,15.4,16.4,13.6,89.0,23.2,85.0,0.0,0.0,0.0,0.0,0.0,0.0,0.4,0.0,56.1,0.4,2.5,9.0,1001.2,1001.2,2.7,5.0
2024-05-01 00:30:24+02:00,15.6,15.6,16.7,13.6,88.0,23.1,85.0,0.0,0.0,0.0,0.0,0.0,0.0,0.4,0.0,56.1,0.0,2.5,97.0,1001.2,1001.2,2.7,5.0
2024-05-01 00:34:40+02:00,15.5,15.5,16.5,13.7,89.0,23.1,85.0,0.0,0.0,0.0,0.0,0.0,0.0,0.4,0.0,56.1,0.9,2.9,131.0,1001.1,1001.1,2.7,5.0
2024-05-01 00:38:56+02:00,15.9,15.9,17.0,13.9,88.0,23.0,85.0,0.0,0.0,0.0,0.0,0.0,0.0,0.4,0.0,56.1,0.4,3.2,109.0,1001.0,1001.0,2.7,5.0
2024-05-01 00:45:20+02:00,15.8,15.8,16.9,13.8,88.0,22.9,85.0,0.0,0.0,0.0,0.0,0.0,0.0,0.4,0.0,56.1,0.9,2.5,97.0,1001.0,1001.0,2.7,5.0
2024-05-01 00:49:36+02:00,16.1,16.1,17.3,14.0,87.0,22.8,85.0,0.0,0.0,0.0,0.0,0.0,0.0,0.4,0.0,56.1,0.4,4.0,120.0,1001.1,1001.1,2.7,5.0
2024-05-01 00:56:00+02:00,16.3,16.3,17.5,14.0,86.0,22.7,85.0,0.0,0.0,0.0,0.0,0.0,0.0,0.4,0.0,56.1,0.4,2.9,149.0,1000.9,1000.9,2.7,5.0
2024-05-01 01:00:16+02:00,16.4,16.4,17.5,14.0,86.0,22.7,85.0,0.0,0.0,0.0,0.0,0.0,0.0,0.4,0.0,56.1,0.9,5.0,60.0,1000.9,1000.9,2.7,5.0
2024-05-01 01:04:32+02:00,16.9,16.9,17.7,14.2,84.0,22.6,85.0,0.0,0.0,0.0,0.0,0.0,0.0,0.4,0.0,56.1,2.4,5.4,70.0,1000.9,1000.9,2.7,5.0
2024-05-01 01:10:56+02:00,17.3,17.3,18.1,14.3,83.0,22.5,85.0,0.0,0.0,0.0,0.0,0.0,0.0,0.4,0.0,56.1,2.4,4.7,69.0,1000.8,1000.8,2.7,5.0
2024-05-01 01:15:12+02:00,17.3,17.3,18.4,14.2,82.0,22.5,85.0,0.0,0.0,0.0,0.0,0.0,0.0,0.4,0.0,56.1,1.4,5.0,91.0,1000.8,1000.8,2.7,5.0
2024-05-01 01:19:28+02:00,17.2,17.2,18.4,14.3,83.0,22.4,85.0,0.0,0.0,0.0,0.0,0.0,0.0,0.4,0.0,56.1,0.5,5.8,108.0,1000.7,1000.7,2.7,5.0
2024-05-01 01:25:52+02:00,17.1,17.1,18.2,14.2,83.0,22.3,85.0,0.0,0.0,0.0,0.0,0.0,0.0,0.4,0.0,56.1,1.4,4.0,24.0,1000.7,1000.7,2.7,5.0
2024-05-01 01:30:08+02:00,17.1,17.1,18.2,14.3,83.0,22.3,85.0,0.0,0.0,0.0,0.0,0.0,0.0,0.4,0.0,56.1,1.2,3.6,50.0,1000.4,1000.4,2.7,5.0
2024-05-01 01:34:24+02:00,16.8,16.8,18.2,14.1,84.0,22.2,86.0,0.0,0.0,0.0,0.0,0.0,0.0,0.4,0.0,56.1,0.0,3.2,230.0,1000.5,1000.5,2.7,4.9
2024-05-01 01:40:48+02:00,16.7,16.7,17.9,14.1,84.0,22.2,86.0,0.0,0.0,0.0,0.0,0.0,0.0,0.4,0.0,56.1,0.6,3.6,285.0,1000.5,1000.5,2.7,4.9
2024-05-01 01:45:04+02:00,16.8,16.8,17.7,14.1,85.0,22.1,86.0,0.0,0.0,0.0,0.0,0.0,0.0,0.4,0.0,56.1,2.0,4.7,3.0,1000.5,1000.5,2.7,4.9
2024-05-01 01:49:20+02:00,16.7,16.7,17.7,14.1,85.0,22.0,86.0,0.0,0.0,0.0,0.0,0.0,0.0,0.4,0.0,56.1,1.2,2.9,295.0,1000.5,1000.5,2.7,4.9
2024-05-01 01:55:44+02:00,16.4,16.4,17.6,14.1,86.0,22.0,86.0,0.0,0.0,0.0,0.0,0.0,0.0,0.4,0.0,56.1,0.7,2.9,287.0,1000.4,1000.4,2.7,4.9
2024-05-02 00:00:32+02:00,19.3,19.3,20.2,13.9,71.0,25.8,85.0,0.0,0.0,0.0,0.0,0.0,0.0,0.4,0.0,56.1,1.7,4.3,58.0,991.9,991.9,2.7,5.0
2024-05-02 00:04:48+02:00,19.2,19.2,20.0,13.8,71.0,25.7,85.0,0.0,0.0,0.0,0.0,0.0,0.0,0.4,0.0,56.1,2.0,6.8,59.0,991.8,991.8,2.7,5.0
2024-05-02 00:09:04+02:00,19.2,19.2,19.9,13.8,71.0,25.6,85.0,0.0,0.0,0.0,0.0,0.0,0.0,0.4,0.0,56.1,2.5,6.8,38.0,991.7,991.7,2.7,5.0
2024-05-02 00:15:28+02:00,19.0,19.0,20.1,13.8,72.0,25.5,85.0,0.0,0.0,0.0,0.0,0.0,0.0,0.4,0.0,56.1,0.4,3.6,129.0,991.7,991.7,2.7,5.0
2024-05-02 00:19:44+02:00,18.8,18.8,20.0,13.7,72.0,25.4,85.0,0.0,0.0,0.0,0.0,0.0,0.0,0.4,0.0,56.1,0.0,4.0,60.0,991.7,991.7,2.7,5.0
2024-05-02 00:24:00+02:00,18.7,18.7,19.2,13.7,73.0,25.3,85.0,0.0,0.0,0.0,0.0,0.0,0.0,0.4,0.0,56.1,3.9,7.6,26.0,991.6,991.6,2.7,5.0
2024-05-02 00:30:24+02:00,18.8,18.8,19.6,13.6,72.0,25.3,85.0,0.0,0.0,0.0,0.0,0.0,0.0,0.4,0.0,56.1,1.9,5.8,70.0,991.6,991.6,2.7,5.0
2024-05-02 00:34:40+02:00,18.6,18.6,19.6,13.6,73.0,25.2,85.0,0.0,0.0,0.0,0.0,0.0,0.0,0.4,0.0,56.1,1.2,4.0,87.0,991.6,991.6,2.7,5.0
2024-05-02 00:41:04+02:00,18.4,18.4,19.2,13.6,74.0,25.1,85.0,0.0,0.0,0.0,0.0,0.0,0.0,0.4,0.0,56.1,1.9,8.6,347.0,991.5,991.5,2.7,5.0
2024-05-02 00:45:20+02:00,18.1,18.1,18.7,13.6,75.0,25.0,85.0,0.0,0.0,0.0,0.0,0.0,0.0,0.4,0.0,56.1,2.9,4.3,301.0,991.5,991.5,2.7,5.0
2024-05-02 00:49:36+02:00,17.9,17.9,18.7,13.6,76.0,24.9,85.0,0.0,0.0,0.0,0.0,0.0,0.0,0.4,0.0,56.1,1.7,10.4,7.0,991.5,991.5,2.7,5.0
2024-05-02 00:56:00+02:00,18.2,18.2,18.9,13.7,75.0,24.8,85.0,0.0,0.0,0.0,0.0,0.0,0.0,0.4,0.0,56.1,2.3,5.8,73.0,991.4,991.4,2.7,5.0
2024-05-02 01:00:16+02:00,18.2,18.2,18.8,13.6,74.0,24.7,85.0,0.0,0.0,0.0,0.0,0.0,0.0,0.4,0.0,56.1,2.6,6.1,40.0,991.5,991.5,2.7,5.0
2024-05-02 01:04:32+02:00,18.2,18.2,18.9,13.5,74.0,24.7,85.0,0.0,0.0,0.0,0.0,0.0,0.0,0.4,0.0,56.1,2.2,6.5,87.0,991.5,991.5,2.7,5.0
2024-05-02 01:10:56+02:00,18.2,18.2,18.8,13.5,74.0,24.6,85.0,0.0,0.0,0.0,0.0,0.0,0.0,0.4,0.0,56.1,2.2,6.1,42.0,991.5,991.5,2.7,5.0
2024-05-02 01:15:12+02:00,18.2,18.2,19.1,13.5,74.0,24.5,85.0,0.0,0.0,0.0,0.0,0.0,0.0,0.4,0.0,56.1,1.1,6.8,354.0,991.3,991.3,2.7,5.0
2024-05-02 01:19:28+02:00,18.2,18.2,18.5,13.5,74.0,24.4,85.0,0.0,0.0,0.0,0.0,0.0,0.0,0.4,0.0,56.1,3.8,6.5,49.0,991.3,991.3,2.7,5.0
2024-05-02 01:25:52+02:00,18.2,18.2,18.6,13.5,74.0,24.3,85.0,0.0,0.0,0.0,0.0,0.0,0.0,0.4,0.0,56.1,3.5,8.3,74.0,991.3,991.3,2.7,5.0
2024-05-02 01:30:08+02:00,18.0,18.0,18.5,13.3,74.0,24.3,85.0,0.0,0.0,0.0,0.0,0.0,0.0,0.4,0.0,56.1,2.9,6.1,80.0,991.2,991.2,2.7,5.0
2024-05-02 01:34:24+02:00,17.9,17.9,18.4,13.2,74.0,24.2,85.0,0.0,0.0,0.0,0.0,0.0,0.0,0.4,0.0,56.1,2.5,7.6,70.0,991.2,991.2,2.7,4.9
2024-05-02 01:40:48+02:00,17.8,17.8,18.5,13.3,75.0,24.2,85.0,0.0,0.0,0.0,0.0,0.0,0.0,0.4,0.0,56.1,1.7,4.0,87.0,991.0,991.0,2.7,4.9
2024-05-02 01:45:04+02:00,17.6,17.6,18.4,13.2,75.0,24.0,85.0,0.0,0.0,0.0,0.0,0.0,0.0,0.4,0.0,56.1,1.1,4.3,284.0,991.0,991.0,2.7,4.9
2024-05-02 01:49:20+02:00,17.5,17.5,18.2,13.2,76.0,24.0,85.0,0.0,0.0,0.0,0.0,0.0,0.0,0.4,0.0,56.1,1.5,5.4,342.0,991.0,991.0,2.7,4.9
2024-05-02 01:55:44+02:00,17.2,17.2,18.0,13.2,77.0,23.9,85.0,0.0,0.0,0.0,0.0,0.0,0.0,0.4,0.0,56.1,1.4,3.2,292.0,990.9,990.9,2.7,4.9
2024-05-02 02:00:00+02:00,17.1,17.1,17.6,13.1,77.0,23.8,85.0,0.0,0.0,0.0,0.0,0.0,0.0,0.4,0.0,56.1,2.3,4.0,271.0,990.9,990.9,2.7,4.9
2024-05-02 02:04:16+02:00,16.9,16.9,17.2,13.1,78.0,23.8,85.0,0.0,0.0,0.0,0.0,0.0,0.0,0.4,0.0,56.1,3.4,6.1,276.0,990.8,990.8,2.7,4.9
2024-05-02 02:10:40+02:00,16.9,16.9,17.4,13.1,78.0,23.7,85.0,0.0,0.0,0.0,0.0,0.0,0.0,0.4,0.0,56.1,2.5,5.4,276.0,990.9,990.9,2.7,4.9
2024-05-02 02:14:56+02:00,16.7,16.7,17.0,12.9,79.0,23.6,85.0,0.0,0.0,0.0,0.0,0.0,0.0,0.4,0.0,56.1,2.9,6.5,274.0,990.7,990.7,2.7,4.9
2024-05-02 02:19:12+02:00,16.8,16.8,17.5,12.9,78.0,23.5,85.0,0.0,0.0,0.0,0.0,0.0,0.0,0.4,0.0,56.1,1.2,6.5,277.0,990.7,990.7,2.7,4.9
2024-05-02 02:25:36+02:00,16.7,16.7,17.3,12.9,78.0,23.4,85.0,0.0,0.0,0.0,0.0,0.0,0.0,0.4,0.0,56.1,1.5,3.6,322.0,990.7,990.7,2.7,4.9
2024-05-02 02:29:52+02:00,16.7,16.7,17.2,12.7,78.0,23.3,85.0,0.0,0.0,0.0,0.0,0.0,0.0,0.4,0.0,56.1,1.6,8.3,40.0,990.7,990.7,2.7,4.9
2024-05-02 02:34:08+02:00,16.7,16.7,17.4,12.7,77.0,23.3,85.0,0.0,0.0,0.0,0.0,0.0,0.0,0.4,0.0,56.1,0.4,2.5,255.0,990.5,990.5,2.7,4.9
2024-05-02 02:40:32+02:00,16.6,16.6,17.3,12.6,77.0,23.2,85.0,0.0,0.0,0.0,0.0,0.0,0.0,0.4,0.0,56.1,0.8,4.0,77.0,990.5,990.5,2.7,4.9
2024-05-02 02:44:48+02:00,16.7,16.7,17.1,12.6,77.0,23.1,85.0,0.0,0.0,0.0,0.0,0.0,0.0,0.4,0.0,56.1,2.2,5.4,22.0,990.5,990.5,2.7,4.9
2024-05-02 02:49:04+02:00,16.7,16.7,17.3,12.6,77.0,23.0,85.0,0.0,0.0,0.0,0.0,0.0,0.0,0.4,0.0,56.1,1.2,5.4,56.0,990.5,990.5,2.7,4.9
2024-05-02 02:55:28+02:00,16.7,16.7,17.2,12.5,76.0,23.0,85.0,0.0,0.0,0.0,0.0,0.0,0.0,0.4,0.0,56.1,1.1,5.4,56.0,990.5,990.5,2.7,4.9
2024-05-02 02:59:44+02:00,16.6,16.6,16.7,12.5,77.0,22.9,85.0,0.0,0.0,0.0,0.0,0.0,0.0,0.4,0.0,56.1,3.4,6.5,48.0,990.5,990.5,2.7,4.9
2024-05-02 03:04:00+02:00,16.8,16.8,16.8,12.5,76.0,22.8,85.0,0.0,0.0,0.0,0.0,0.0,0.0,0.4,0.0,56.1,4.0,11.2,42.0,990.5,990.5,2.7,4.9
2024-05-02 03:10:24+02:00,16.8,16.8,16.8,12.5,76.0,22.8,85.0,0.0,0.0,0.0,0.0,0.0,0.0,0.4,0.0,56.1,4.0,9.0,29.0,990.4,990.4,2.7,4.9
2024-05-02 03:14:40+02:00,16.7,16.7,16.8,12.5,76.0,22.7,85.0,0.0,0.0,0.0,0.0,0.0,0.0,0.4,0.0,56.1,3.1,8.6,329.0,990.3,990.3,2.7,4.9
2024-05-02 03:18:56+02:00,16.6,16.6,16.8,12.4,76.0,22.6,85.0,0.0,0.0,0.0,0.0,0.0,0.0,0.4,0.0,56.1,2.7,6.8,30.0,990.3,990.3,2.7,4.9
2024-05-02 03:25:20+02:00,16.5,16.5,16.7,12.3,76.0,22.6,85.0,0.0,0.0,0.0,0.0,0.0,0.0,0.4,0.0,56.1,3.0,10.1,28.0,990.3,990.3,2.7,4.8
2024-05-02 03:29:36+02:00,16.5,16.5,16.6,12.3,76.0,22.5,85.0,0.0,0.0,0.0,0.0,0.0,0.0,0.4,0.0,56.1,3.2,10.1,8.0,990.2,990.2,2.7,4.8
2024-05-02 03:36:00+02:00,16.3,16.3,16.6,12.1,76.0,22.4,85.0,0.0,0.0,0.0,0.0,0.0,0.0,0.4,0.0,56.1,2.0,6.5,66.0,990.5,990.5,2.7,4.8
2024-05-02 03:40:16+02:00,16.2,16.2,16.6,12.2,77.0,22.4,85.0,0.0,0.0,0.0,0.0,0.0,0.0,0.4,0.0,56.1,1.7,4.7,84.0,990.3,990.3,2.7,4.8
2024-05-02 03:44:32+02:00,16.2,16.2,16.7,12.1,77.0,22.3,85.0,0.0,0.0,0.0,0.0,0.0,0.0,0.4,0.0,56.1,0.8,5.4,106.0,990.4,990.4,2.7,4.8
2024-05-02 03:50:56+02:00,16.2,16.2,16.5,12.1,77.0,22.2,85.0,0.0,0.0,0.0,0.0,0.0,0.0,0.4,0.0,56.1,1.9,6.1,104.0,990.4,990.4,2.7,4.8
2024-05-02 03:55:12+02:00,16.1,16.1,16.5,12.0,77.0,22.2,85.0,0.0,0.0,0.0,0.0,0.0,0.0,0.4,0.0,56.1,1.0,3.6,71.0,990.2,990.2,2.7,4.8
2024-05-02 03:59:28+02:00,15.8,15.8,16.3,12.0,78.0,22.1,85.0,0.0,0.0,0.0,0.0,0.0,0.0,0.4,0.0,56.1,0.7,5.4,0.0,990.2,990.2,2.7,4.8
2024-05-02 04:05:52+02:00,15.7,15.7,16.2,11.9,78.0,22.1,85.0,0.0,0.0,0.0,0.0,0.0,0.0,0.4,0.0,56.1,0.8,5.0,19.0,990.3,990.3,2.7,4.8
2024-05-02 04:10:08+02:00,15.6,15.6,16.0,11.9,79.0,22.0,85.0,0.0,0.0,0.0,0.0,0.0,0.0,0.4,0.0,56.1,1.0,3.2,55.0,990.4,990.4,2.7,4.8
2024-05-02 04:14:24+02:00,15.5,15.5,15.9,11.7,78.0,21.9,85.0,0.0,0.0,0.0,0.0,0.0,0.0,0.4,0.0,56.1,1.0,6.1,41.0,990.2,990.2,2.7,4.8
2024-05-02 04:20:48+02:00,15.7,15.7,15.9,11.9,78.0,21.8,85.0,0.0,0.0,0.0,0.0,0.0,0.0,0.4,0.0,56.1,1.9,7.9,349.0,990.1,990.1,2.7,4.8
2024-05-02 04:25:04+02:00,15.6,15.6,15.8,11.8,78.0,21.8,85.0,0.0,0.0,0.0,0.0,0.0,0.0,0.4,0.0,56.1,1.9,6.5,46.0,990.3,990.3,2.7,4.8
2024-05-02 04:29:20+02:00,15.4,15.4,15.7,11.7,79.0,21.7,85.0,0.0,0.0,0.0,0.0,0.0,0.0,0.4,0.0,56.1,1.2,6.1,357.0,990.0,990.0,2.7,4.8
2024-05-02 04:35:44+02:00,15.4,15.4,15.7,11.7,78.0,21.7,85.0,0.0,0.0,0.0,0.0,0.0,0.0,0.4,0.0,56.1,1.0,7.2,7.0,990.0,990.0,2.7,4.8
2024-05-02 04:40:00+02:00,15.4,15.4,15.5,11.6,78.0,21.6,85.0,0.0,0.0,0.0,0.0,0.0,0.0,0.4,0.0,56.1,2.2,5.0,24.0,990.1,990.1,2.7,4.8
2024-05-02 04:44:16+02:00,15.3,15.3,15.5,11.7,79.0,21.6,85.0,0.0,0.0,0.0,0.0,0.0,0.0,0.4,0.0,56.1,1.9,6.1,62.0,990.0,990.0,2.7,4.8
2024-05-02 04:50:40+02:00,15.2,15.2,15.5,11.6,79.0,21.5,85.0,0.0,0.0,0.0,0.0,0.0,0.0,0.4,0.0,56.1,0.9,4.3,100.0,990.1,990.1,2.7,4.8
2024-05-02 04:54:56+02:00,15.0,15.0,15.5,11.5,80.0,21.4,85.0,0.0,0.0,0.0,0.0,0.0,0.0,0.4,0.0,56.1,0.0,5.4,133.0,990.0,990.0,2.7,4.8
2024-05-02 04:59:12+02:00,14.8,14.8,15.1,11.5,81.0,21.3,85.0,0.0,0.0,0.0,0.0,0.0,0.0,0.4,0.0,56.1,1.1,4.0,103.0,989.9,989.9,2.7,4.8
2024-05-02 05:05:36+02:00,14.7,14.7,14.7,11.5,81.0,21.3,85.0,0.0,0.0,0.0,0.0,0.0,0.0,0.4,0.0,56.1,2.4,3.2,123.0,989.9,989.9,2.7,4.8
2024-05-02 05:09:52+02:00,14.6,14.6,14.5,11.5,82.0,21.2,85.0,0.0,0.0,0.0,0.0,0.0,0.0,0.4,0.0,56.1,2.6,5.0,102.0,989.9,989.9,2.7,4.8
2024-05-02 05:14:08+02:00,14.5,14.5,14.6,11.4,82.0,21.2,85.0,0.0,0.0,0.0,0.0,0.0,0.0,0.4,0.0,56.1,1.7,4.0,115.0,989.9,989.9,2.7,4.7
2024-05-02 05:20:32+02:00,14.4,14.4,14.3,11.5,83.0,21.1,85.0,0.0,0.0,0.0,0.0,0.0,0.0,0.4,0.0,56.1,3.0,6.1,116.0,989.8,989.8,2.7,4.7
2024-05-02 05:24:48+02:00,14.3,14.3,14.3,11.5,83.0,21.1,85.0,0.0,0.0,0.0,0.0,0.0,0.0,0.4,0.0,56.1,2.6,4.3,122.0,989.8,989.8,2.7,4.7
2024-05-02 05:29:04+02:00,14.4,14.4,14.5,11.4,82.0,21.0,85.0,0.1,0.0,0.0,0.0,0.0,0.0,0.4,0.0,56.1,1.9,5.8,87.0,989.8,989.8,2.7,4.7
2024-05-02 05:35:28+02:00,14.3,14.3,14.6,11.4,83.0,20.9,85.0,0.2,0.0,0.0,0.0,0.0,0.0,0.4,0.0,56.1,1.1,5.4,27.0,989.7,989.7,2.7,4.7
2024-05-02 05:39:44+02:00,14.3,14.3,14.3,11.4,83.0,20.8,85.0,0.3,0.0,0.0,0.0,0.0,0.0,0.4,0.0,56.1,2.2,6.1,22.0,989.9,989.9,2.7,4.7
2024-05-02 05:44:00+02:00,14.4,14.4,14.2,11.3,82.0,20.8,85.0,0.7,0.0,0.0,0.0,0.0,0.0,0.4,0.0,56.1,3.0,6.1,49.0,989.8,989.8,2.7,4.7
2024-05-02 05:50:24+02:00,14.4,14.4,14.3,11.4,82.0,20.7,85.0,1.3,0.0,0.0,0.0,0.0,0.0,0.4,0.0,56.1,2.6,5.8,69.0,989.8,989.8,2.7,4.7
2024-05-02 05:54:40+02:00,14.4,14.4,14.4,11.3,82.0,20.7,85.0,1.5,0.0,0.0,0.0,0.0,0.0,0.4,0.0,56.1,2.5,5.4,88.0,989.9,989.9,2.7,4.7
2024-05-02 06:05:20+02:00,14.5,14.5,14.4,11.4,82.0,20.5,85.0,4.3,0.0,0.0,0.0,0.0,0.0,0.4,0.0,56.1,2.6,5.8,112.0,989.8,989.8,2.7,4.7
2024-05-02 06:09:36+02:00,14.5,14.5,14.4,11.4,82.0,20.5,85.0,5.8,0.0,0.0,0.0,0.0,0.0,0.4,0.0,56.1,2.8,6.5,93.0,989.8,989.8,2.7,4.7
2024-05-02 06:16:00+02:00,14.5,14.5,14.4,11.4,82.0,20.5,85.0,7.3,0.0,0.0,0.0,0.0,0.0,0.4,0.0,56.1,2.8,5.8,67.0,989.9,989.9,2.7,4.7
2024-05-02 06:20:16+02:00,14.3,14.3,14.5,11.3,82.0,20.4,85.0,9.0,0.0,0.0,0.0,0.0,0.0,0.4,0.0,56.1,1.4,3.6,77.0,989.7,989.7,2.7,4.7
2024-05-02 06:24:32+02:00,14.3,14.3,14.4,11.4,83.0,20.3,85.0,11.0,0.0,0.0,0.0,0.0,0.0,0.4,0.0,56.1,2.0,5.4,62.0,989.8,989.8,2.7,4.7
2024-05-02 06:30:56+02:00,14.2,14.2,14.2,11.3,83.0,20.3,85.0,12.2,0.0,0.0,0.0,0.0,0.0,0.4,0.0,56.1,1.8,5.4,50.0,989.8,989.8,2.7,4.7
2024-05-02 06:35:12+02:00,14.3,14.3,14.0,11.3,82.0,20.2,85.0,13.5,0.0,0.0,0.0,0.0,0.0,0.4,0.0,56.1,3.2,5.8,84.0,989.8,989.8,2.7,4.7
2024-05-02 06:39:28+02:00,14.4,14.4,14.3,11.3,82.0,20.2,85.0,16.5,0.0,0.0,0.0,0.0,0.0,0.4,0.0,56.1,2.6,5.8,99.0,989.9,989.9,2.7,4.7
2024-05-02 06:45:52+02:00,14.3,14.3,14.3,11.3,82.0,20.2,85.0,19.2,0.0,0.0,0.0,0.0,0.0,0.4,0.0,56.1,1.9,5.4,129.0,990.0,990.0,2.7,4.7
2024-05-02 06:50:08+02:00,14.2,14.2,14.5,11.3,83.0,20.1,85.0,22.3,0.0,0.0,0.0,0.0,0.0,0.4,0.0,56.1,0.5,4.3,147.0,989.7,989.7,2.7,4.7
2024-05-02 06:54:24+02:00,14.2,14.2,14.1,11.3,83.0,20.1,85.0,25.1,0.0,0.0,0.0,0.0,0.0,0.4,0.0,56.1,2.0,4.3,113.0,989.8,989.8,2.7,4.7
2024-05-02 07:00:48+02:00,14.2,14.2,14.2,11.4,83.0,20.0,85.0,28.3,0.0,0.0,0.0,0.0,0.0,0.4,0.0,56.1,2.0,5.0,54.0,989.7,989.7,2.7,4.7
2024-05-02 07:05:04+02:00,14.4,14.4,14.6,11.4,82.0,20.0,85.0,30.8,0.0,0.0,0.0,0.0,0.0,0.4,0.0,56.1,1.2,5.0,100.0,989.8,989.8,2.7,4.7
2024-05-02 07:09:20+02:00,14.3,14.3,14.7,11.4,83.0,20.0,85.0,32.8,0.0,0.0,0.0,0.0,0.0,0.4,0.0,56.1,0.0,2.5,131.0,989.8,989.8,2.7,4.7
2024-05-02 07:15:44+02:00,14.4,14.4,14.6,11.4,83.0,20.0,86.0,34.6,0.0,0.0,0.0,0.0,0.0,0.4,0.0,56.1,1.0,4.0,60.0,989.7,989.7,2.7,4.7
2024-05-02 07:20:00+02:00,14.7,14.7,14.7,11.5,81.0,19.9,86.0,36.3,0.0,0.0,0.0,0.0,0.0,0.4,0.0,56.1,2.6,5.8,90.0,989.8,989.8,2.7,4.7
2024-05-02 07:24:16+02:00,14.9,14.9,14.9,11.7,81.0,19.9,86.0,38.0,0.0,0.0,0.0,0.0,0.0,0.4,0.0,56.1,3.0,5.8,89.0,989.7,989.7,2.7,4.7
2024-05-02 07:30:40+02:00,15.1,15.1,14.9,11.6,80.0,19.9,86.0,39.4,0.0,0.0,0.0,0.0,0.0,0.4,0.0,56.1,3.7,6.5,87.0,989.7,989.7,2.7,4.7
2024-05-02 07:34:56+02:00,15.3,15.3,15.6,11.7,79.0,19.9,86.0,40.8,0.0,0.0,0.0,0.0,0.0,0.4,0.0,56.1,1.4,5.4,116.0,989.5,989.5,2.7,4.7
2024-05-02 07:39:12+02:00,15.2,15.2,14.7,11.9,81.0,19.9,86.0,42.4,0.0,0.0,0.0,0.0,0.0,0.4,0.0,56.1,5.6,8.6,115.0,989.7,989.7,2.7,4.7
2024-05-02 07:45:36+02:00,15.3,15.3,15.2,11.8,80.0,19.9,86.0,43.4,0.0,0.0,0.0,0.0,0.0,0.4,0.0,56.1,3.3,5.8,22.0,989.6,989.6,2.7,4.7
2024-05-02 07:49:52+02:00,15.7,15.7,15.7,11.8,78.0,19.9,86.0,45.1,0.0,0.0,0.0,0.0,0.0,0.4,0.0,56.1,2.7,10.1,44.0,989.6,989.6,2.7,4.7
2024-05-02 07:54:08+02:00,15.7,15.7,15.8,12.0,78.0,19.9,86.0,46.7,0.0,0.0,0.0,0.0,0.0,0.4,0.0,56.1,2.9,5.8,126.0,989.6,989.6,2.7,4.7
2024-05-02 08:00:32+02:00,16.0,16.0,15.9,12.0,77.0,19.9,86.0,48.0,0.0,0.0,0.0,0.0,0.0,0.4,0.0,56.1,3.2,9.0,14.0,989.5,989.5,2.7,4.7
2024-05-02 08:04:48+02:00,16.2,16.2,16.6,12.1,76.0,19.9,86.0,49.3,0.0,0.0,0.0,0.0,0.0,0.4,0.0,56.1,1.5,4.7,20.0,989.5,989.5,2.7,4.7
2024-05-02 08:09:04+02:00,16.4,16.4,16.5,12.1,76.0,19.9,86.0,50.8,0.0,0.0,0.0,0.0,0.0,0.4,0.0,56.1,2.8,6.1,20.0,989.5,989.5,2.7,4.7
2024-05-02 08:15:28+02:00,16.6,16.6,17.0,12.4,76.0,20.0,86.0,52.8,0.0,0.0,0.0,0.0,0.0,0.4,0.0,56.1,1.8,6.5,317.0,989.4,989.4,2.7,4.7
2024-05-02 08:19:44+02:00,16.8,16.8,16.7,12.3,75.0,20.0,86.0,54.9,0.0,0.0,0.0,0.0,0.0,0.4,0.0,56.1,3.7,8.3,360.0,989.4,989.4,2.7,4.7
2024-05-02 08:24:00+02:00,17.1,17.1,16.8,12.2,73.0,20.0,86.0,163.4,1.0,0.0,0.0,0.0,0.0,0.4,0.0,56.1,5.0,10.1,359.0,989.4,989.4,2.7,4.7
2024-05-02 08:30:24+02:00,17.7,17.7,18.1,12.5,71.0,20.1,86.0,169.8,1.0,0.0,0.0,0.0,0.0,0.4,0.0,56.1,1.9,5.0,13.0,989.4,989.4,2.7,4.7
2024-05-02 08:34:40+02:00,18.1,18.1,18.4,12.7,71.0,20.1,87.0,177.0,1.0,0.0,0.0,0.0,0.0,0.4,0.0,56.1,2.7,5.4,7.0,989.4,989.4,2.7,4.8
2024-05-02 08:38:56+02:00,18.4,18.4,18.5,12.6,69.0,20.1,87.0,185.1,1.0,0.0,0.0,0.0,0.0,0.4,0.0,56.1,3.9,6.5,15.0,989.4,989.4,2.7,4.8
2024-05-02 08:45:20+02:00,18.8,18.8,19.0,12.8,68.0,20.2,87.0,191.1,1.0,0.0,0.0,0.0,0.0,0.4,0.0,56.1,3.2,8.6,16.0,989.5,989.5,2.7,4.9
2024-05-02 08:49:36+02:00,19.3,19.3,19.8,12.7,65.0,20.3,88.0,198.2,1.0,0.0,0.0,0.0,0.0,0.4,0.0,56.1,1.6,4.7,121.0,989.5,989.5,2.7,4.9
2024-05-02 08:56:00+02:00,19.0,19.0,19.2,12.9,68.0,20.6,88.0,206.4,1.0,0.0,0.0,0.0,0.0,0.4,0.0,56.1,3.9,7.9,109.0,989.5,989.5,2.7,5.0
2024-05-02 09:00:16+02:00,18.9,18.9,19.3,12.8,68.0,20.8,88.0,214.4,1.0,0.0,0.0,0.0,0.0,0.4,0.0,56.1,2.2,5.4,99.0,989.3,989.3,2.7,5.0
2024-05-02 09:04:32+02:00,19.6,19.6,20.0,12.8,65.0,21.0,89.0,223.3,2.0,0.0,0.0,0.0,0.0,0.4,0.0,56.1,2.3,8.3,57.0,989.4,989.4,2.7,5.1
2024-05-02 09:10:56+02:00,20.2,20.2,20.9,12.7,62.0,21.2,89.0,233.8,2.0,0.0,0.0,0.0,0.0,0.4,0.0,56.1,0.7,4.7,354.0,989.4,989.4,2.7,5.1
2024-05-02 09:15:12+02:00,20.4,20.4,20.4,12.8,62.0,21.5,89.0,243.1,2.0,0.0,0.0,0.0,0.0,0.4,0.0,56.1,4.4,6.5,64.0,989.3,989.3,2.7,5.1
2024-05-02 09:19:28+02:00,20.7,20.7,21.3,12.9,61.0,21.8,89.0,253.3,2.0,0.0,0.0,0.0,0.0,0.4,0.0,56.1,1.2,6.1,121.0,989.2,989.2,2.7,5.1
2024-05-02 09:25:52+02:00,20.4,20.4,20.8,12.8,61.0,21.9,89.0,261.2,2.0,0.0,0.0,0.0,0.0,0.4,0.0,56.1,2.7,9.0,95.0,989.2,989.2,2.7,5.2
2024-05-02 09:30:08+02:00,20.7,20.7,21.2,12.7,60.0,22.2,89.0,265.0,2.0,0.0,0.0,0.0,0.0,0.4,0.0,56.1,2.0,5.0,108.0,989.2,989.2,2.7,5.2
2024-05-02 09:34:24+02:00,21.1,21.1,21.5,12.8,59.0,22.4,88.0,276.6,2.0,0.0,0.0,0.0,0.0,0.4,0.0,56.1,2.5,4.7,35.0,989.2,989.2,2.7,5.2
2024-05-02 09:40:48+02:00,21.5,21.5,21.9,13.1,59.0,22.7,88.0,283.7,2.0,0.0,0.0,0.0,0.0,0.4,0.0,56.1,2.9,6.5,76.0,989.1,989.1,2.7,5.2
2024-05-02 09:45:04+02:00,21.5,21.5,21.7,13.0,59.0,23.0,88.0,292.6,2.0,0.0,0.0,0.0,0.0,0.4,0.0,56.1,3.6,6.8,20.0,989.1,989.1,2.7,5.2
2024-05-02 09:49:20+02:00,21.4,21.4,21.9,13.2,60.0,23.2,88.0,301.3,2.0,0.0,0.0,0.0,0.0,0.4,0.0,56.1,2.4,6.1,120.0,989.1,989.1,2.7,5.2
2024-05-02 09:55:44+02:00,21.3,21.3,21.6,13.2,60.0,23.5,88.0,310.9,2.0,0.0,0.0,0.0,0.0,0.4,0.0,56.1,3.5,6.1,123.0,989.1,989.1,2.68,5.3
2024-05-02 10:00:00+02:00,21.3,21.3,21.3,12.9,59.0,23.8,88.0,318.8,2.0,0.0,0.0,0.0,0.0,0.4,0.0,56.1,4.6,13.0,104.0,989.1,989.1,2.68,5.3
2024-05-02 10:04:16+02:00,21.1,21.1,21.1,12.8,59.0,24.1,88.0,329.8,3.0,0.0,0.0,0.0,0.0,0.4,0.0,56.1,4.1,9.4,116.0,989.1,989.1,2.68,5.3
2024-05-02 10:10:40+02:00,22.0,22.0,22.7,12.7,55.0,24.4,88.0,340.3,3.0,0.0,0.0,0.0,0.0,0.4,0.0,56.1,0.9,5.8,30.0,989.1,989.1,2.68,5.3
2024-05-02 10:14:56+02:00,22.5,22.5,23.0,13.1,56.0,24.7,88.0,346.6,3.0,0.0,0.0,0.0,0.0,0.4,0.0,56.1,2.4,5.8,118.0,989.0,989.0,2.68,5.3
2024-05-02 10:19:12+02:00,22.6,22.6,23.3,12.9,54.0,24.9,87.0,354.4,3.0,0.0,0.0,0.0,0.0,0.4,0.0,56.1,1.2,5.8,175.0,989.0,989.0,2.68,5.3
2024-05-02 10:25:36+02:00,23.5,23.5,24.1,13.3,53.0,25.2,87.0,358.3,3.0,0.0,0.0,0.0,0.0,0.4,0.0,56.1,1.7,7.6,142.0,989.1,989.1,2.68,5.3
2024-05-02 10:29:52+02:00,23.0,23.0,23.6,13.3,54.0,25.5,87.0,355.3,3.0,0.0,0.0,0.0,0.0,0.4,0.0,56.1,2.2,6.1,163.0,989.2,989.2,2.68,5.3
2024-05-02 10:34:08+02:00,22.5,22.5,23.1,12.8,54.0,25.7,87.0,361.2,3.0,0.0,0.0,0.0,0.0,0.4,0.0,56.1,1.6,6.8,83.0,989.2,989.2,2.68,5.3
2024-05-02 10:40:32+02:00,22.9,22.9,23.2,13.4,55.0,26.0,86.0,368.3,3.0,0.0,0.0,0.0,0.0,0.4,0.0,56.1,3.9,7.2,140.0,989.0,989.0,2.68,5.3
2024-05-02 10:44:48+02:00,22.8,22.8,23.5,13.0,54.0,26.2,86.0,365.5,3.0,0.0,0.0,0.0,0.0,0.4,0.0,56.1,1.4,4.7,111.0,989.0,989.0,2.68,5.3
2024-05-02 10:49:04+02:00,23.5,23.5,24.0,13.1,52.0,26.4,86.0,382.0,3.0,0.0,0.0,0.0,0.0,0.4,0.0,56.1,2.4,5.4,264.0,988.9,988.9,2.68,5.3
2024-05-02 10:55:28+02:00,24.2,24.2,25.0,13.3,51.0,26.7,86.0,393.0,3.0,0.0,0.0,0.0,0.0,0.4,0.0,56.1,1.0,4.7,132.0,989.0,989.0,2.68,5.3
2024-05-02 10:59:44+02:00,23.4,23.4,23.8,13.4,53.0,26.9,86.0,409.5,3.0,0.0,0.0,0.0,0.0,0.4,0.0,56.1,3.7,6.8,133.0,988.9,988.9,2.68,5.3
2024-05-02 11:04:00+02:00,23.4,23.4,23.9,13.3,53.0,27.2,86.0,424.0,3.0,0.0,0.0,0.0,0.0,0.4,0.0,56.1,2.7,6.8,23.0,988.8,988.8,2.68,5.3
2024-05-02 11:10:24+02:00,23.5,23.5,24.2,13.2,52.0,27.4,85.0,449.2,4.0,0.0,0.0,0.0,0.0,0.4,0.0,56.1,1.4,5.8,332.0,988.9,988.9,2.68,5.3
2024-05-02 11:14:40+02:00,24.3,24.3,24.6,13.3,50.0,27.7,85.0,472.1,4.0,0.0,0.0,0.0,0.0,0.4,0.0,56.1,3.6,7.2,28.0,989.0,989.0,2.68,5.3
2024-05-02 11:21:04+02:00,24.9,24.9,25.6,13.2,48.0,27.8,85.0,472.1,4.0,0.0,0.0,0.0,0.0,0.4,0.0,56.1,1.4,5.0,167.0,989.0,989.0,2.68,5.3
2024-05-02 11:25:20+02:00,25.7,25.7,26.1,13.3,46.0,28.1,85.0,451.1,4.0,0.0,0.0,0.0,0.0,0.4,0.0,56.1,2.8,5.8,246.0,988.9,988.9,2.68,5.3
2024-05-02 11:29:36+02:00,25.8,25.8,26.3,13.5,47.0,28.3,85.0,465.5,4.0,0.0,0.0,0.0,0.0,0.4,0.0,56.1,3.4,6.1,1.0,989.0,989.0,2.68,5.3
2024-05-02 11:36:00+02:00,24.9,24.9,25.1,13.5,49.0,28.6,85.0,476.6,4.0,0.0,0.0,0.0,0.0,0.4,0.0,56.1,4.6,13.0,356.0,989.0,989.0,2.68,5.3
2024-05-02 11:40:16+02:00,24.7,24.7,24.9,13.3,49.0,28.8,84.0,472.0,4.0,0.0,0.0,0.0,0.0,0.4,0.0,56.1,4.1,13.3,345.0,988.9,988.9,2.68,5.3
2024-05-02 11:44:32+02:00,25.0,25.0,25.3,13.5,49.0,29.0,84.0,456.8,4.0,0.0,0.0,0.0,0.0,0.4,0.0,56.1,4.0,7.6,341.0,988.8,988.8,2.68,5.3
2024-05-02 11:50:56+02:00,24.7,24.7,24.3,13.3,49.0,29.2,84.0,468.6,4.0,0.0,0.0,0.0,0.0,0.4,0.0,56.1,7.1,16.6,275.0,988.9,988.9,2.68,5.3
2024-05-02 11:55:12+02:00,24.8,24.8,24.8,13.6,50.0,29.4,84.0,504.7,4.0,0.0,0.0,0.0,0.0,0.4,0.0,56.1,5.4,9.4,284.0,988.9,988.9,2.68,5.3
2024-05-02 11:59:28+02:00,24.6,24.6,24.8,13.8,51.0,29.6,84.0,507.3,4.0,0.0,0.0,0.0,0.0,0.4,0.0,56.1,4.8,11.5,321.0,988.8,988.8,2.68,5.3
2024-05-02 12:05:52+02:00,24.7,24.7,24.6,13.9,51.0,29.8,84.0,514.1,4.0,0.0,0.0,0.0,0.0,0.4,0.0,56.1,7.0,14.4,1.0,988.9,988.9,2.68,5.3
2024-05-02 12:10:08+02:00,24.2,24.2,24.3,13.4,51.0,30.0,84.0,515.0,4.0,0.0,0.0,0.0,0.0,0.4,0.0,56.1,4.9,11.9,287.0,988.8,988.8,2.68,5.3
2024-05-02 12:14:24+02:00,24.6,24.6,24.5,13.5,50.0,30.2,83.0,518.6,4.0,0.0,0.0,0.0,0.0,0.4,0.0,56.1,6.1,11.9,284.0,988.8,988.8,2.68,5.3
2024-05-02 12:20:48+02:00,25.1,25.1,24.7,13.7,49.0,30.4,83.0,507.1,4.0,0.0,0.0,0.0,0.0,0.4,0.0,56.1,8.0,14.4,270.0,988.7,988.7,2.68,5.3
2024-05-02 12:25:04+02:00,24.7,24.7,24.9,13.3,49.0,30.6,83.0,533.4,4.0,0.0,0.0,0.0,0.0,0.4,0.0,56.1,4.2,18.7,43.0,988.7,988.7,2.68,5.3
2024-05-02 12:29:20+02:00,25.5,25.5,26.0,13.6,48.0,30.7,83.0,536.1,4.0,0.0,0.0,0.0,0.0,0.4,0.0,56.1,3.2,7.6,10.0,988.6,988.6,2.68,5.3
2024-05-02 12:35:44+02:00,25.9,25.9,25.8,13.5,46.0,30.9,83.0,527.2,4.0,0.0,0.0,0.0,0.0,0.4,0.0,56.1,6.1,10.4,358.0,988.6,988.6,2.68,5.3
2024-05-02 12:40:00+02:00,25.7,25.7,26.3,14.2,49.0,31.1,83.0,524.3,4.0,0.0,0.0,0.0,0.0,0.4,0.0,56.1,3.5,13.0,5.0,988.6,988.6,2.68,5.3
2024-05-02 12:44:16+02:00,25.5,25.5,25.5,13.4,47.0,31.2,83.0,521.0,4.0,0.0,0.0,0.0,0.0,0.4,0.0,56.1,4.9,16.2,66.0,988.6,988.6,2.68,5.3
2024-05-02 12:54:56+02:00,25.2,25.2,24.9,13.4,48.0,31.6,83.0,516.6,4.0,0.0,0.0,0.0,0.0,0.4,0.0,56.1,7.0,15.5,5.0,988.5,988.5,2.68,5.3
2024-05-02 12:59:12+02:00,25.2,25.2,25.6,13.1,47.0,31.7,83.0,510.0,4.0,0.0,0.0,0.0,0.0,0.4,0.0,56.1,2.9,17.3,333.0,988.4,988.4,2.68,5.3
2024-05-02 13:05:36+02:00,26.0,26.0,26.6,13.7,47.0,31.9,83.0,506.2,4.0,0.0,0.0,0.0,0.0,0.4,0.0,56.1,2.4,8.6,337.0,988.4,988.4,2.68,5.3
2024-05-02 13:09:52+02:00,25.9,25.9,25.3,13.4,46.0,32.0,83.0,528.5,4.0,0.0,0.0,0.0,0.0,0.4,0.0,56.1,8.3,15.5,347.0,988.4,988.4,2.68,5.3
2024-05-02 13:14:08+02:00,25.7,25.7,26.0,13.1,46.0,32.2,83.0,527.9,4.0,0.0,0.0,0.0,0.0,0.4,0.0,56.1,3.9,8.3,328.0,988.4,988.4,2.68,5.3
2024-05-02 13:20:32+02:00,26.0,26.0,26.4,13.7,46.0,32.3,82.0,525.0,4.0,0.0,0.0,0.0,0.0,0.4,0.0,56.1,4.0,9.7,274.0,988.3,988.3,2.68,5.3
2024-05-02 13:24:48+02:00,26.3,26.3,25.8,13.9,46.0,32.5,82.0,529.7,4.0,0.0,0.0,0.0,0.0,0.4,0.0,56.1,8.6,14.8,278.0,988.4,988.4,2.68,5.3
2024-05-02 13:29:04+02:00,26.6,26.7,26.3,13.9,46.0,32.5,82.0,503.9,4.0,0.0,0.0,0.0,0.0,0.4,0.0,56.1,7.6,13.3,294.0,988.3,988.3,2.68,5.3
2024-05-02 13:35:28+02:00,26.0,26.0,26.2,12.9,44.0,32.7,82.0,527.7,4.0,0.0,0.0,0.0,0.0,0.4,0.0,56.1,3.7,14.4,7.0,988.4,988.4,2.68,5.3
2024-05-02 13:39:44+02:00,26.6,26.7,26.5,13.6,45.0,32.8,82.0,518.2,4.0,0.0,0.0,0.0,0.0,0.4,0.0,56.1,6.3,15.1,13.0,988.3,988.3,2.68,5.3
2024-05-02 13:44:00+02:00,26.4,26.5,25.9,13.5,45.0,32.9,82.0,511.0,4.0,0.0,0.0,0.0,0.0,0.4,0.0,56.1,8.5,20.2,308.0,988.3,988.3,2.68,5.3
2024-05-02 13:50:24+02:00,25.9,25.9,25.2,13.5,46.0,33.0,82.0,507.2,4.0,0.0,0.0,0.0,0.0,0.4,0.0,56.1,9.4,21.2,318.0,988.4,988.4,2.68,5.3
2024-05-02 13:54:40+02:00,26.6,26.7,26.2,13.3,44.0,33.1,81.0,506.5,4.0,0.0,0.0,0.0,0.0,0.4,0.0,56.1,7.3,16.2,332.0,988.3,988.3,2.68,5.3
2024-05-02 13:58:56+02:00,26.1,26.1,25.3,12.9,44.0,33.2,81.0,505.3,4.0,0.0,0.0,0.0,0.0,0.4,0.0,56.1,8.6,22.0,346.0,988.4,988.4,2.68,5.3
2024-05-02 14:05:20+02:00,26.2,26.2,26.0,12.7,43.0,33.2,81.0,506.6,4.0,0.0,0.0,0.0,0.0,0.4,0.0,56.1,5.7,22.3,334.0,988.4,988.4,2.68,5.3
2024-05-02 14:09:36+02:00,26.2,26.2,25.6,12.6,43.0,33.3,81.0,505.5,4.0,0.0,0.0,0.0,0.0,0.4,0.0,56.1,7.3,17.6,358.0,988.3,988.3,2.68,5.3
2024-05-02 14:16:00+02:00,26.0,26.0,25.6,12.8,44.0,33.3,81.0,499.3,4.0,0.0,0.0,0.0,0.0,0.4,0.0,56.1,6.8,18.0,312.0,988.3,988.3,2.68,5.3
2024-05-02 14:20:16+02:00,26.5,26.5,26.6,12.9,43.0,33.4,81.0,495.2,4.0,0.0,0.0,0.0,0.0,0.4,0.0,56.1,3.7,7.6,103.0,988.3,988.3,2.68,5.3
2024-05-02 14:24:32+02:00,26.6,26.6,26.9,13.0,43.0,33.4,81.0,497.8,4.0,0.0,0.0,0.0,0.0,0.4,0.0,56.1,3.2,7.6,19.0,988.3,988.3,2.68,5.3
2024-05-02 14:30:56+02:00,27.0,26.9,26.8,12.8,41.0,33.5,81.0,496.4,4.0,0.0,0.0,0.0,0.0,0.4,0.0,56.1,5.4,13.7,350.0,988.2,988.2,2.68,5.3
2024-05-02 14:35:12+02:00,27.1,27.0,26.9,13.2,42.0,33.5,81.0,490.4,4.0,0.0,0.0,0.0,0.0,0.4,0.0,56.1,6.1,9.7,22.0,988.2,988.2,2.68,5.3
2024-05-02 14:39:28+02:00,26.9,26.9,26.9,13.2,43.0,33.6,81.0,490.8,4.0,0.0,0.0,0.0,0.0,0.4,0.0,56.1,5.3,13.0,350.0,988.1,988.1,2.68,5.3
2024-05-02 14:45:52+02:00,26.8,26.9,26.4,13.1,43.0,33.6,81.0,491.2,4.0,0.0,0.0,0.0,0.0,0.4,0.0,56.1,7.0,16.9,346.0,988.1,988.1,2.68,5.3
2024-05-02 14:50:08+02:00,26.5,26.5,25.5,12.9,43.0,33.6,81.0,488.7,4.0,0.0,0.0,0.0,0.0,0.4,0.0,56.1,9.7,17.3,344.0,988.1,988.1,2.68,5.3
2024-05-02 14:54:24+02:00,26.3,26.3,26.4,12.9,43.0,33.6,81.0,493.7,4.0,0.0,0.0,0.0,0.0,0.4,0.0,56.1,4.0,17.6,31.0,988.2,988.2,2.68,5.3
2024-05-02 15:00:48+02:00,27.1,27.0,26.4,12.9,42.0,33.6,81.0,513.8,4.0,0.0,0.0,0.0,0.0,0.4,0.0,56.1,8.1,14.8,270.0,988.2,988.2,2.68,5.3
2024-05-02 15:05:04+02:00,27.4,27.2,26.9,13.0,41.0,33.6,81.0,502.7,4.0,0.0,0.0,0.0,0.0,0.4,0.0,56.1,7.6,11.9,272.0,988.1,988.1,2.68,5.3
2024-05-02 15:09:20+02:00,27.7,27.3,27.2,12.4,39.0,33.6,81.0,497.7,4.0,0.0,0.0,0.0,0.0,0.4,0.0,56.1,5.9,17.3,290.0,988.0,988.0,2.68,5.3
2024-05-02 15:15:44+02:00,27.3,27.1,26.8,12.5,40.0,33.7,81.0,485.7,4.0,0.0,0.0,0.0,0.0,0.4,0.0,56.1,6.8,14.4,306.0,987.9,987.9,2.68,5.3
2024-05-02 15:20:00+02:00,27.1,26.9,27.1,12.2,40.0,33.7,82.0,399.5,3.0,0.0,0.0,0.0,0.0,0.4,0.0,56.1,3.5,11.2,30.0,987.9,987.9,2.68,5.3
2024-05-02 15:24:16+02:00,26.4,26.4,25.7,12.3,41.0,33.7,82.0,360.6,3.0,0.0,0.0,0.0,0.0,0.4,0.0,56.1,6.9,15.8,323.0,988.1,988.1,2.68,5.3
2024-05-02 15:30:40+02:00,26.3,26.3,25.7,12.2,42.0,33.7,82.0,297.9,2.0,0.0,0.0,0.0,0.0,0.4,0.0,56.1,6.5,18.0,307.0,987.9,987.9,2.68,5.3
2024-05-02 15:34:56+02:00,25.7,25.7,25.4,12.4,43.0,33.6,82.0,217.0,2.0,0.0,0.0,0.0,0.0,0.4,0.0,56.1,5.7,18.0,312.0,988.0,988.0,2.68,5.3
2024-05-02 15:39:12+02:00,25.8,25.8,25.7,12.7,44.0,33.6,82.0,244.1,2.0,0.0,0.0,0.0,0.0,0.4,0.0,56.1,4.9,11.2,356.0,987.9,987.9,2.68,5.3
2024-05-02 15:45:36+02:00,25.7,25.7,25.3,12.4,44.0,33.5,82.0,129.7,1.0,0.0,0.0,0.0,0.0,0.4,0.0,56.1,5.5,12.6,330.0,987.8,987.8,2.68,5.3
2024-05-02 15:49:52+02:00,25.4,25.4,25.3,12.6,45.0,33.5,82.0,59.9,0.0,0.0,0.0,0.0,0.0,0.4,0.0,56.1,4.5,8.6,326.0,987.8,987.8,2.68,5.3
2024-05-02 15:54:08+02:00,25.2,25.2,25.6,13.0,47.0,33.4,82.0,53.3,0.0,0.0,0.0,0.0,0.0,0.4,0.0,56.1,2.7,7.6,274.0,987.9,987.9,2.68,5.3
2024-05-02 16:00:32+02:00,25.0,25.0,25.3,12.9,47.0,33.3,82.0,46.6,0.0,0.0,0.0,0.0,0.0,0.4,0.0,56.1,3.3,8.6,347.0,988.1,988.1,2.68,5.3
2024-05-02 16:04:48+02:00,24.9,24.9,25.2,13.0,48.0,33.3,82.0,36.7,0.0,0.0,0.0,0.0,0.0,0.4,0.0,56.1,3.0,9.4,4.0,988.0,988.0,2.68,5.3
2024-05-02 16:09:04+02:00,24.8,24.8,25.3,13.2,48.0,33.2,82.0,32.0,0.0,0.0,0.0,0.0,0.0,0.4,0.0,56.1,2.4,9.4,339.0,988.1,988.1,2.68,5.3
2024-05-02 16:15:28+02:00,24.4,24.4,24.9,13.4,50.0,33.1,82.0,27.9,0.0,0.0,0.0,0.0,0.0,0.4,0.0,56.1,2.9,5.8,294.0,987.9,987.9,2.7,5.3
2024-05-02 16:19:44+02:00,24.4,24.4,25.0,13.2,50.0,32.9,82.0,27.8,0.0,0.0,0.0,0.0,0.0,0.4,0.0,56.1,2.2,5.8,315.0,987.9,987.9,2.7,5.3
2024-05-02 16:24:00+02:00,24.2,24.2,25.0,13.3,51.0,32.8,83.0,25.9,0.0,0.0,0.0,0.0,0.0,0.4,0.0,56.1,1.5,4.0,292.0,988.0,988.0,2.7,5.3
2024-05-02 16:30:24+02:00,24.2,24.2,24.7,13.7,52.0,32.8,83.0,25.0,0.0,0.0,0.0,0.0,0.0,0.4,0.0,56.1,2.9,4.7,277.0,988.1,988.1,2.7,5.3
2024-05-02 16:34:40+02:00,23.9,23.9,24.7,13.8,53.0,32.7,83.0,26.1,0.0,0.0,0.0,0.0,0.0,0.4,0.0,56.1,1.9,5.0,277.0,988.1,988.1,2.7,5.3
2024-05-02 16:41:04+02:00,23.8,23.8,24.3,13.6,53.0,32.6,83.0,27.3,0.0,0.0,0.0,0.0,0.0,0.4,0.0,56.1,3.2,7.6,292.0,988.1,988.1,2.7,5.3
2024-05-02 16:45:20+02:00,23.9,23.9,24.7,13.8,53.0,32.4,83.0,29.5,0.0,0.0,0.0,0.0,0.0,0.4,0.0,56.1,2.3,6.1,284.0,988.1,988.1,2.7,5.3
2024-05-02 16:49:36+02:00,23.8,23.8,24.5,13.7,53.0,32.4,83.0,31.8,0.0,0.0,0.0,0.0,0.0,0.4,0.0,56.1,2.4,3.6,273.0,987.8,987.8,2.7,5.3
2024-05-02 16:56:00+02:00,23.6,23.6,24.4,13.9,54.0,32.3,83.0,34.1,0.0,0.0,0.0,0.0,0.0,0.4,0.0,56.1,2.3,3.6,275.0,987.9,987.9,2.7,5.3
2024-05-02 17:00:16+02:00,23.6,23.6,24.8,14.4,56.0,32.2,83.0,34.3,0.0,0.0,0.0,0.0,0.0,0.4,0.0,56.1,1.1,4.3,330.0,987.9,987.9,2.7,5.3
2024-05-02 17:04:32+02:00,23.5,23.5,24.2,13.9,55.0,32.1,83.0,37.7,0.0,0.0,0.0,0.0,0.0,0.4,0.0,56.1,2.4,4.0,279.0,988.0,988.0,2.7,5.2
2024-05-02 17:10:56+02:00,23.3,23.3,24.2,14.0,56.0,32.0,83.0,45.7,0.0,0.0,0.0,0.0,0.0,0.4,0.0,56.1,2.2,4.0,277.0,987.9,987.9,2.7,5.2
2024-05-02 17:15:12+02:00,23.3,23.3,24.0,13.9,55.0,31.8,83.0,63.9,0.0,0.0,0.0,0.0,0.0,0.4,0.0,56.1,2.6,4.0,289.0,987.8,987.8,2.7,5.2
2024-05-02 17:19:28+02:00,23.4,23.4,24.2,13.9,55.0,31.8,83.0,104.0,0.0,0.0,0.0,0.0,0.0,0.4,0.0,56.1,2.3,4.0,289.0,987.9,987.9,2.7,5.2
2024-05-02 17:25:52+02:00,23.8,23.8,24.6,13.9,54.0,31.7,83.0,177.5,1.0,0.0,0.0,0.0,0.0,0.4,0.0,56.1,1.8,4.3,291.0,987.8,987.8,2.7,5.2
2024-05-02 17:30:08+02:00,24.3,24.3,25.1,14.3,54.0,31.6,83.0,182.4,1.0,0.0,0.0,0.0,0.0,0.4,0.0,56.1,2.9,4.3,295.0,987.7,987.7,2.7,5.2
2024-05-02 17:34:24+02:00,24.3,24.3,24.9,14.5,54.0,31.5,84.0,143.7,1.0,0.0,0.0,0.0,0.0,0.4,0.0,56.1,4.5,5.8,281.0,987.7,987.7,2.7,5.2
2024-05-02 17:40:48+02:00,24.3,24.3,24.8,14.4,54.0,31.5,84.0,105.8,0.0,0.0,0.0,0.0,0.0,0.4,0.0,56.1,4.2,6.8,268.0,987.8,987.8,2.7,5.2
2024-05-02 17:45:04+02:00,24.3,24.3,24.8,13.9,52.0,31.4,84.0,54.9,0.0,0.0,0.0,0.0,0.0,0.4,0.0,56.1,4.0,6.8,323.0,987.7,987.7,2.7,5.2
2024-05-02 17:49:20+02:00,24.2,24.2,24.7,13.7,52.0,31.3,84.0,59.4,0.0,0.0,0.0,0.0,0.0,0.4,0.0,56.1,3.1,5.8,302.0,987.6,987.6,2.7,5.2
2024-05-02 17:55:44+02:00,24.2,24.2,24.4,13.4,51.0,31.3,84.0,68.7,0.0,0.0,0.0,0.0,0.0,0.4,0.0,56.1,4.6,8.6,301.0,987.5,987.5,2.7,5.2
2024-05-02 18:00:00+02:00,24.3,24.3,24.6,13.4,51.0,31.2,84.0,84.2,0.0,0.0,0.0,0.0,0.0,0.4,0.0,56.1,3.8,8.6,300.0,987.4,987.4,2.7,5.2
2024-05-02 18:04:16+02:00,24.2,24.2,24.6,13.4,51.0,31.1,84.0,84.2,0.0,0.0,0.0,0.0,0.0,0.4,0.0,56.1,3.5,5.8,305.0,987.5,987.5,2.7,5.2
2024-05-02 18:10:40+02:00,24.1,24.1,24.6,13.7,52.0,31.1,84.0,71.1,0.0,0.0,0.0,0.0,0.0,0.4,0.0,56.1,3.3,5.4,301.0,987.4,987.4,2.7,5.2
2024-05-02 18:14:56+02:00,24.2,24.2,24.7,13.4,51.0,31.0,84.0,52.8,0.0,0.0,0.0,0.0,0.0,0.4,0.0,56.1,2.7,6.1,277.0,987.5,987.5,2.7,5.2
2024-05-02 18:19:12+02:00,24.1,24.1,24.7,13.7,52.0,30.9,84.0,41.0,0.0,0.0,0.0,0.0,0.0,0.4,0.0,56.1,3.0,5.0,283.0,987.5,987.5,2.7,5.2
2024-05-02 18:25:36+02:00,23.7,23.7,24.9,14.4,56.0,30.9,84.0,35.0,0.0,0.0,0.0,0.0,0.0,0.4,0.0,56.1,1.4,5.0,123.0,987.6,987.6,2.7,5.2
2024-05-02 18:29:52+02:00,23.6,23.6,24.7,14.0,55.0,30.8,84.0,32.1,0.0,0.0,0.0,0.0,0.0,0.4,0.0,56.1,1.1,4.3,270.0,987.5,987.5,2.7,5.2
2024-05-02 18:34:08+02:00,23.6,23.6,24.8,14.6,57.0,30.7,84.0,31.2,0.0,0.0,0.0,0.0,0.0,0.4,0.0,56.1,1.3,2.9,265.0,987.6,987.6,2.7,5.2
2024-05-02 18:40:32+02:00,23.3,23.3,23.9,13.6,54.0,30.7,84.0,27.4,0.0,0.0,0.0,0.0,0.0,0.4,0.0,56.1,2.7,5.8,287.0,987.7,987.7,2.7,5.2
2024-05-02 18:44:48+02:00,23.5,23.5,24.7,14.3,57.0,30.6,84.0,26.8,0.0,0.0,0.0,0.0,0.0,0.4,0.0,56.1,0.7,4.0,287.0,987.7,987.7,2.7,5.2
2024-05-02 18:49:04+02:00,23.3,23.3,24.6,14.3,57.0,30.5,85.0,29.2,0.0,0.0,0.0,0.0,0.0,0.4,0.0,56.1,0.0,2.2,69.0,987.7,987.7,2.7,5.2
2024-05-02 18:55:28+02:00,23.2,23.2,24.5,14.4,58.0,30.4,85.0,28.9,0.0,0.0,0.0,0.0,0.0,0.4,0.0,56.1,0.5,2.2,250.0,987.7,987.7,2.7,5.2
2024-05-02 18:59:44+02:00,23.0,23.0,24.3,14.6,59.0,30.3,85.0,27.3,0.0,0.0,0.0,0.0,0.0,0.4,0.0,56.1,0.8,4.7,240.0,987.7,987.7,2.7,5.2
2024-05-02 19:04:00+02:00,22.8,22.8,24.4,14.8,61.0,30.2,85.0,24.3,0.0,0.0,0.0,0.0,0.0,0.4,0.0,56.1,0.0,4.7,238.0,987.7,987.7,2.7,5.2
2024-05-02 19:10:24+02:00,22.7,22.7,24.2,14.9,61.0,30.2,85.0,22.9,0.0,0.0,0.0,0.0,0.0,0.4,0.0,56.1,0.4,2.2,277.0,987.9,987.9,2.7,5.2
2024-05-02 19:14:40+02:00,22.4,22.4,23.8,14.9,63.0,30.1,85.0,18.3,0.0,0.0,0.0,0.0,0.0,0.4,0.0,56.1,1.0,3.6,269.0,987.9,987.9,2.7,5.2
2024-05-02 19:18:56+02:00,22.3,22.3,23.8,14.9,63.0,30.0,85.0,14.0,0.0,0.0,0.0,0.0,0.0,0.4,0.0,56.1,0.4,2.2,283.0,988.2,988.2,2.7,5.2
2024-05-02 19:25:20+02:00,22.1,22.1,23.6,15.0,64.0,29.9,85.0,11.0,0.0,0.0,0.0,0.0,0.0,0.4,0.0,56.1,0.4,2.5,81.0,988.2,988.2,2.7,5.2
2024-05-02 19:29:36+02:00,21.8,21.8,23.4,15.4,67.0,29.8,85.0,8.8,0.0,0.0,0.0,0.0,0.0,0.4,0.0,56.1,0.9,3.2,148.0,988.3,988.3,2.7,5.2
2024-05-02 19:36:00+02:00,21.6,21.6,23.2,15.0,66.0,29.7,85.0,6.8,0.0,0.0,0.0,0.0,0.0,0.4,0.0,56.1,0.4,2.2,61.0,988.3,988.3,2.7,5.2
2024-05-02 19:40:16+02:00,21.6,21.6,23.1,14.9,66.0,29.7,85.0,6.7,0.0,0.0,0.0,0.0,0.0,0.4,0.0,56.1,0.4,2.5,150.0,988.5,988.5,2.7,5.2
2024-05-02 19:44:32+02:00,21.4,21.4,21.9,15.0,67.0,29.6,85.0,6.1,0.0,0.0,0.0,0.0,0.0,0.4,0.0,56.1,5.3,9.0,134.0,988.7,988.7,2.7,5.2
2024-05-02 19:50:56+02:00,20.4,20.4,20.0,14.7,70.0,29.4,84.0,4.3,0.0,0.0,0.0,0.0,0.0,0.4,0.0,56.1,10.1,25.2,141.0,989.0,989.0,2.7,5.2
2024-05-02 19:55:12+02:00,18.9,18.9,18.5,14.3,75.0,29.3,84.0,3.4,0.0,0.0,0.0,0.0,0.0,0.4,0.0,56.1,9.5,20.2,136.0,989.2,989.2,2.7,5.2
2024-05-02 19:59:28+02:00,18.4,18.4,17.4,14.2,77.0,29.2,83.0,2.4,0.0,0.0,0.0,0.0,0.0,0.4,0.0,56.1,11.8,23.0,132.0,989.3,989.3,2.7,5.2
2024-05-02 20:05:52+02:00,17.6,17.6,16.8,13.8,78.0,29.0,82.0,2.8,0.0,0.0,0.0,0.0,0.0,0.4,0.0,56.1,10.5,20.2,137.0,989.7,989.7,2.7,5.2
2024-05-02 20:10:08+02:00,17.5,17.5,16.9,13.6,78.0,28.8,82.0,3.5,0.0,0.0,0.0,0.0,0.0,0.4,0.0,56.1,8.9,22.0,155.0,989.9,989.9,2.7,5.2
2024-05-02 20:14:24+02:00,17.3,17.3,17.8,13.6,79.0,28.6,82.0,4.0,0.0,0.0,0.0,0.0,0.0,0.4,0.0,56.1,3.7,12.6,176.0,990.0,990.0,2.7,5.2
2024-05-02 20:20:48+02:00,17.1,17.1,17.3,13.5,79.0,28.4,82.0,4.0,0.0,0.0,0.0,0.0,0.0,0.4,0.0,56.1,4.7,11.9,123.0,990.3,990.3,2.7,5.2
2024-05-02 20:25:04+02:00,16.7,16.7,16.5,13.4,81.0,28.2,82.0,4.0,0.0,0.0,0.0,0.0,0.0,0.4,0.0,56.1,6.3,12.6,125.0,990.3,990.3,2.7,5.2
2024-05-02 20:29:20+02:00,16.5,16.5,16.9,13.4,82.0,28.1,82.0,4.0,0.0,0.0,0.0,0.0,0.0,0.4,0.0,56.1,3.2,8.3,137.0,990.5,990.5,2.7,5.2
2024-05-02 20:35:44+02:00,16.4,16.4,16.7,13.3,82.0,27.9,82.0,3.8,0.0,0.0,0.0,0.0,0.0,0.4,0.0,56.1,3.6,11.5,144.0,990.5,990.5,2.7,5.2
2024-05-02 20:40:00+02:00,16.2,16.2,16.3,13.1,82.0,27.8,82.0,3.1,0.0,0.0,0.0,0.0,0.0,0.4,0.0,56.1,4.2,12.2,181.0,990.8,990.8,2.7,5.2
2024-05-02 20:44:16+02:00,16.0,16.0,16.3,13.0,82.0,27.6,82.0,2.1,0.0,0.0,0.0,0.0,0.0,0.4,0.0,56.1,3.2,12.2,143.0,990.8,990.8,2.7,5.1
2024-05-02 20:50:40+02:00,16.0,16.0,16.2,12.9,82.0,27.4,82.0,1.4,0.0,0.0,0.0,0.0,0.0,0.4,0.0,56.1,3.4,9.4,219.0,990.8,990.8,2.7,5.1
2024-05-02 20:54:56+02:00,16.0,16.0,15.5,12.7,81.0,27.3,82.0,0.9,0.0,0.0,0.0,0.0,0.0,0.4,0.0,56.1,6.8,18.0,153.0,990.7,990.7,2.7,5.1
2024-05-02 20:59:12+02:00,16.1,16.1,16.2,12.7,80.0,27.2,82.0,0.6,0.0,0.0,0.0,0.0,0.0,0.4,0.0,56.1,3.8,14.0,149.0,990.8,990.8,2.7,5.1
2024-05-02 21:05:36+02:00,16.1,16.1,15.8,12.6,80.0,27.0,82.0,0.2,0.0,0.0,0.0,0.0,0.0,0.4,0.0,56.1,5.8,9.7,133.0,990.9,990.9,2.7,5.1
2024-05-02 21:09:52+02:00,16.2,16.2,15.9,12.7,80.0,26.8,82.0,0.1,0.0,0.0,0.0,0.0,0.0,0.4,0.0,56.1,6.1,11.5,123.0,991.1,991.1,2.7,5.1
2024-05-02 21:14:08+02:00,16.1,16.1,16.0,12.7,80.0,26.7,82.0,0.0,0.0,0.0,0.0,0.0,0.0,0.4,0.0,56.1,4.8,9.7,126.0,991.1,991.1,2.7,5.1
2024-05-02 21:20:32+02:00,16.1,16.1,15.8,12.9,81.0,26.5,82.0,0.0,0.0,0.0,0.0,0.0,0.0,0.4,0.0,56.1,6.1,13.3,149.0,991.3,991.3,2.7,5.1
2024-05-02 21:24:48+02:00,16.0,16.0,15.0,13.0,82.0,26.3,82.0,0.0,0.0,0.0,0.0,0.0,0.0,0.4,0.0,56.1,9.6,13.3,123.0,991.8,991.8,2.7,5.1
2024-05-02 21:29:04+02:00,15.8,15.8,14.9,12.9,83.0,26.1,82.0,0.0,0.0,0.0,0.0,0.0,0.0,0.4,0.0,56.1,9.3,19.8,120.0,991.9,991.9,2.7,5.1
2024-05-02 21:35:28+02:00,15.5,15.5,14.4,13.1,85.0,25.9,82.0,0.0,0.0,0.0,0.0,0.0,0.0,0.4,0.0,56.1,10.7,15.5,133.0,992.1,992.1,2.7,5.1
2024-05-02 21:39:44+02:00,15.3,15.3,14.5,13.1,87.0,25.7,82.0,0.0,0.0,0.0,0.0,0.0,0.0,0.4,0.0,56.1,9.2,13.7,130.0,992.0,992.0,2.7,5.1
2024-05-02 21:44:00+02:00,15.2,15.2,14.3,13.1,87.0,25.6,82.0,0.0,0.0,0.0,0.0,0.0,0.0,0.4,0.0,56.1,9.4,14.4,128.0,992.0,992.0,2.7,5.1
2024-05-02 21:50:24+02:00,15.1,15.1,15.2,13.2,88.0,25.5,81.0,0.0,0.0,0.0,0.0,0.0,0.0,0.4,0.0,56.1,4.3,14.0,146.0,991.9,991.9,2.7,5.1
2024-05-02 21:54:40+02:00,15.0,15.0,15.1,13.1,88.0,25.3,82.0,0.0,0.0,0.0,0.0,0.0,0.0,0.4,0.0,56.1,4.7,10.8,157.0,992.0,992.0,2.7,5.1
2024-05-02 22:01:04+02:00,14.9,14.9,14.7,12.9,88.0,25.2,82.0,0.0,0.0,0.0,0.0,0.0,0.0,0.4,0.0,56.1,5.5,12.6,106.0,991.9,991.9,2.7,5.1
2024-05-02 22:05:20+02:00,14.9,14.9,14.4,12.9,88.0,25.1,82.0,0.0,0.0,0.0,0.0,0.0,0.0,0.4,0.0,56.1,7.1,14.8,119.0,991.8,991.8,2.7,5.1
2024-05-02 22:09:36+02:00,15.0,15.0,14.5,13.0,88.0,24.9,82.0,0.0,0.0,0.0,0.0,0.0,0.0,0.4,0.0,56.1,7.4,15.8,114.0,991.9,991.9,2.7,5.1
2024-05-02 22:16:00+02:00,15.0,15.0,14.9,13.0,88.0,24.8,82.0,0.0,0.0,1.2,0.2,0.2,0.2,0.6,0.2,56.3,5.0,11.9,147.0,991.7,991.7,2.7,5.1
2024-05-02 22:20:16+02:00,14.9,14.9,15.7,13.3,90.0,24.7,82.0,0.0,0.0,2.4,0.4,0.4,0.4,0.8,0.4,56.5,1.2,6.5,257.0,991.8,991.8,2.7,5.1
2024-05-02 22:24:32+02:00,14.7,14.7,15.0,13.3,91.0,24.6,82.0,0.0,0.0,3.0,0.5,0.5,0.5,0.9,0.5,56.6,3.8,10.1,229.0,991.8,991.8,2.7,5.0
2024-05-02 22:30:56+02:00,14.6,14.6,15.0,13.2,91.0,24.5,82.0,0.0,0.0,1.8,0.6,0.6,0.6,1.0,0.6,56.7,2.9,6.1,199.0,991.7,991.7,2.7,5.0
2024-05-02 22:35:12+02:00,14.6,14.6,15.1,13.2,92.0,24.4,82.0,0.0,0.0,0.6,0.6,0.6,0.6,1.0,0.6,56.7,2.3,9.0,176.0,991.7,991.7,2.7,5.0
2024-05-02 22:39:28+02:00,14.5,14.5,14.9,13.2,91.0,24.3,82.0,0.0,0.0,0.0,0.6,0.6,0.6,1.0,0.6,56.7,3.3,9.0,97.0,991.8,991.8,2.7,5.0
2024-05-02 22:45:52+02:00,14.5,14.5,14.1,13.2,92.0,24.2,82.0,0.0,0.0,0.0,0.6,0.6,0.6,1.0,0.6,56.7,7.1,13.0,119.0,992.1,992.1,2.7,5.0
2024-05-02 22:50:08+02:00,14.5,14.5,14.1,13.3,92.0,24.1,82.0,0.0,0.0,1.8,0.9,0.9,0.9,1.3,0.9,57.0,7.2,13.0,127.0,992.3,992.3,2.7,5.0
2024-05-02 22:54:24+02:00,14.5,14.5,14.1,13.4,93.0,24.0,82.0,0.0,0.0,3.6,1.3,1.3,1.3,1.7,1.3,57.4,7.3,13.0,116.0,992.4,992.4,2.7,4.9
2024-05-02 23:00:48+02:00,14.3,14.3,14.0,13.3,94.0,23.8,82.0,0.0,0.0,5.4,1.8,1.8,1.8,2.2,1.8,57.9,7.0,11.9,114.0,992.2,992.2,2.7,4.9
2024-05-02 23:05:04+02:00,14.3,14.3,14.2,13.3,94.0,23.7,82.0,0.0,0.0,10.8,3.0,3.0,3.0,3.4,3.0,59.1,5.7,9.7,88.0,992.3,992.3,2.7,4.9
2024-05-02 23:09:20+02:00,14.2,14.2,14.8,13.4,95.0,23.6,82.0,0.0,0.0,12.0,3.9,3.9,3.9,4.3,3.9,60.0,2.6,9.0,109.0,992.5,992.5,2.7,4.9
2024-05-02 23:15:44+02:00,14.2,14.2,14.6,13.4,95.0,23.5,82.0,0.0,0.0,10.2,4.5,4.5,4.2,4.9,4.5,60.6,3.3,6.1,150.0,992.6,992.6,2.7,4.9
2024-05-02 23:20:00+02:00,14.2,14.2,14.8,13.6,96.0,23.3,82.0,0.0,0.0,9.0,5.1,5.1,4.6,5.5,5.1,61.2,2.7,7.2,138.0,992.6,992.6,2.7,4.9
2024-05-02 23:24:16+02:00,14.2,14.2,14.7,13.6,96.0,23.2,82.0,0.0,0.0,7.8,6.0,6.0,5.5,6.4,6.0,62.1,3.1,7.2,212.0,992.5,992.5,2.7,4.8
2024-05-02 23:30:40+02:00,14.2,14.2,14.7,13.6,96.0,23.2,82.0,0.0,0.0,12.0,7.2,7.2,6.6,7.6,7.2,63.3,3.4,7.9,259.0,992.2,992.2,2.7,4.8
2024-05-02 23:34:56+02:00,14.2,14.2,14.8,13.6,96.0,23.0,82.0,0.0,0.0,12.0,7.6,7.6,7.0,8.0,7.6,63.7,2.5,8.3,171.0,992.1,992.1,2.7,4.8
2024-05-02 23:39:12+02:00,14.2,14.2,14.8,13.8,97.0,22.9,82.0,0.0,0.0,7.8,7.6,7.6,7.0,8.0,7.6,63.7,3.0,7.2,262.0,992.1,992.1,2.7,4.8
2024-05-02 23:45:36+02:00,14.2,14.2,14.7,13.8,97.0,22.7,82.0,0.0,0.0,1.2,7.6,7.6,6.9,8.0,7.6,63.7,3.7,8.6,164.0,992.1,992.1,2.7,4.8
2024-05-02 23:49:52+02:00,14.2,14.2,14.8,13.8,97.0,22.7,82.0,0.0,0.0,0.6,7.7,7.7,6.8,8.1,7.7,63.8,2.9,9.0,137.0,992.1,992.1,2.7,4.8
2024-05-02 23:54:08+02:00,14.2,14.2,14.6,13.8,97.0,22.6,82.0,0.0,0.0,0.6,7.7,7.7,6.4,8.1,7.7,63.8,3.7,7.2,123.0,992.4,992.4,2.7,4.7
2024-05-03 00:00:00+02:00,14.2,14.2,14.5,13.8,97.0,22.4,82.0,0.0,0.0,0.6,0.0,7.7,5.6,8.1,7.7,63.8,4.9,7.9,109.0,992.8,992.8,2.7,4.7
2024-05-03 00:05:00+02:00,14.3,14.3,14.5,13.8,97.0,22.3,82.0,0.0,0.0,0.0,0.0,7.7,4.6,8.1,7.7,63.8,5.3,11.2,112.0,993.2,993.2,2.7,4.7
2024-05-03 00:10:00+02:00,14.3,14.3,14.7,13.8,97.0,22.2,82.0,0.0,0.0,4.8,0.8,8.5,4.4,8.9,8.5,64.6,4.0,6.5,111.0,993.4,993.4,2.7,4.7
2024-05-03 00:15:00+02:00,14.3,14.3,14.5,13.8,97.0,22.1,82.0,0.0,0.0,7.8,1.3,9.0,4.3,9.4,9.0,65.1,5.0,9.0,113.0,993.5,993.5,2.7,4.7
2024-05-03 00:20:00+02:00,14.2,14.2,14.5,13.8,97.0,22.0,82.0,0.0,0.0,7.8,1.9,9.6,4.4,10.0,9.6,65.7,4.6,9.0,119.0,993.7,993.7,2.7,4.7
2024-05-03 00:25:00+02:00,14.3,14.3,14.6,13.8,97.0,21.9,82.0,0.0,0.0,5.4,2.2,9.9,3.8,10.3,9.9,66.0,4.8,7.9,114.0,993.9,993.9,2.7,4.7
2024-05-03 00:30:00+02:00,14.3,14.3,14.4,13.8,97.0,21.7,83.0,0.0,0.0,5.4,2.8,10.5,3.2,10.9,10.5,66.6,5.3,14.8,140.0,994.0,994.0,2.7,4.7
2024-05-03 00:35:00+02:00,14.3,14.3,15.0,13.8,97.0,21.7,83.0,0.0,0.0,7.8,3.5,11.2,3.6,11.6,11.2,67.3,2.8,7.2,134.0,993.8,993.8,2.7,4.6
2024-05-03 00:40:00+02:00,14.3,14.3,15.4,13.9,97.0,21.6,83.0,0.0,0.0,7.8,3.8,11.5,3.9,11.9,11.5,67.6,0.9,3.6,256.0,993.8,993.8,2.7,4.6
2024-05-03 00:45:00+02:00,14.3,14.3,15.2,13.9,97.0,21.5,83.0,0.0,0.0,4.2,3.9,11.6,4.0,12.0,11.6,67.7,1.6,4.3,175.0,993.7,993.7,2.7,4.6
2024-05-03 00:50:00+02:00,14.3,14.3,15.2,13.9,98.0,21.4,83.0,0.0,0.0,1.8,3.9,11.6,3.9,12.0,11.6,67.7,2.0,6.8,173.0,993.5,993.5,2.7,4.6
2024-05-03 00:55:00+02:00,14.3,14.3,15.4,13.9,98.0,21.3,83.0,0.0,0.0,1.2,4.0,11.7,4.0,12.1,11.7,67.8,0.9,5.4,199.0,993.4,993.4,2.7,4.6
2024-05-03 01:05:00+02:00,14.0,14.0,14.1,13.7,98.0,21.2,83.0,0.0,0.0,0.0,4.0,11.7,4.0,12.1,11.7,67.8,5.4,6.8,122.0,993.8,993.8,2.7,4.5
2024-05-03 01:10:00+02:00,13.9,13.9,14.5,13.6,98.0,21.1,83.0,0.0,0.0,0.6,4.1,11.8,3.2,12.2,11.8,67.9,2.7,7.9,116.0,993.5,993.5,2.7,4.5
2024-05-03 01:15:00+02:00,13.9,13.9,14.3,13.5,98.0,21.0,84.0,0.0,0.0,0.6,4.1,11.8,2.7,12.2,11.8,67.9,3.8,11.5,239.0,993.5,993.5,2.68,4.5
2024-05-03 01:20:00+02:00,13.7,13.7,14.0,13.4,98.0,21.0,84.0,0.0,0.0,0.0,4.1,11.8,2.2,12.2,11.8,67.9,4.4,9.4,231.0,993.4,993.4,2.68,4.5
2024-05-03 01:25:00+02:00,13.7,13.7,14.1,13.4,98.0,20.9,84.0,0.0,0.0,0.0,4.1,11.8,1.9,12.2,11.8,67.9,3.4,7.6,223.0,993.2,993.2,2.7,4.5
2024-05-03 01:30:00+02:00,13.6,13.6,13.8,13.3,98.0,20.8,84.0,0.0,0.0,0.0,4.1,11.8,1.2,12.2,11.8,67.9,4.5,11.5,272.0,993.1,993.1,2.7,4.5
2024-05-03 01:35:00+02:00,13.6,13.6,13.9,13.3,98.0,20.8,84.0,0.0,0.0,0.0,4.1,11.8,0.6,12.2,11.8,67.9,3.5,8.6,160.0,992.9,992.9,2.7,4.5
2024-05-03 01:40:00+02:00,13.5,13.5,13.9,13.2,98.0,20.7,84.0,0.0,0.0,0.0,4.1,11.8,0.3,12.2,11.8,67.9,3.0,7.9,168.0,992.9,992.9,2.7,4.5
2024-05-03 01:45:00+02:00,13.5,13.5,13.6,13.2,98.0,20.7,84.0,0.0,0.0,0.0,4.1,11.8,0.2,12.2,11.8,67.9,4.5,11.5,311.0,992.9,992.9,2.68,4.5
2024-05-03 01:50:00+02:00,13.5,13.5,13.8,13.2,98.0,20.6,84.0,0.0,0.0,0.0,4.1,11.8,0.2,12.2,11.8,67.9,3.8,7.9,102.0,993.0,993.0,2.68,4.5
2024-05-03 01:55:00+02:00,13.5,13.5,13.6,13.2,98.0,20.5,84.0,0.0,0.0,0.0,4.1,11.8,0.1,12.2,11.8,67.9,4.5,8.3,162.0,993.0,993.0,2.7,4.4
2024-05-03 02:00:00+02:00,13.5,13.5,13.5,13.1,98.0,20.5,84.0,0.0,0.0,0.0,4.1,11.8,0.1,12.2,11.8,67.9,4.6,9.4,143.0,992.8,992.8,2.7,4.4
2024-05-03 02:05:00+02:00,13.4,13.4,13.4,13.1,98.0,20.4,84.0,0.0,0.0,0.0,4.1,11.8,0.0,12.2,11.8,67.9,4.8,9.7,166.0,993.0,993.0,2.72,4.4
2024-05-03 02:10:00+02:00,13.4,13.4,13.3,13.1,98.0,20.4,84.0,0.0,0.0,0.0,4.1,11.8,0.0,12.2,11.8,67.9,5.5,11.2,176.0,992.9,992.9,2.72,4.4
2024-05-03 02:15:00+02:00,13.4,13.4,13.7,13.0,98.0,20.3,84.0,0.0,0.0,0.0,4.1,11.8,0.0,12.2,11.8,67.9,3.2,8.3,163.0,993.1,993.1,2.7,4.4
2024-05-03 02:20:00+02:00,13.3,13.3,13.8,12.9,98.0,20.3,84.0,0.0,0.0,0.0,4.1,11.8,0.0,12.2,11.8,67.9,2.2,7.2,180.0,993.1,993.1,2.7,4.4
2024-05-03 02:25:00+02:00,13.3,13.3,13.8,12.9,98.0,20.2,84.0,0.0,0.0,0.0,4.1,11.8,0.0,12.2,11.8,67.9,2.4,8.3,190.0,993.4,993.4,2.72,4.4
2024-05-03 02:30:00+02:00,13.2,13.2,13.2,12.9,98.0,20.2,84.0,0.0,0.0,0.0,4.1,11.8,0.0,12.2,11.8,67.9,4.9,9.4,159.0,993.4,993.4,2.72,4.4
2024-05-03 02:35:00+02:00,13.2,13.2,13.8,12.9,98.0,20.2,84.0,0.0,0.0,0.0,4.1,11.8,0.0,12.2,11.8,67.9,1.3,5.8,208.0,993.4,993.4,2.7,4.4
2024-05-03 02:40:00+02:00,13.2,13.2,13.5,12.9,98.0,20.1,84.0,0.0,0.0,0.0,4.1,11.8,0.0,12.2,11.8,67.9,3.2,6.8,105.0,993.5,993.5,2.7,4.4
2024-05-03 02:45:00+02:00,13.2,13.2,13.4,12.9,98.0,20.1,84.0,0.0,0.0,0.6,4.2,11.9,0.1,12.3,11.9,68.0,3.5,6.8,146.0,993.7,993.7,2.7,4.4
2024-05-03 02:50:00+02:00,13.2,13.2,13.2,12.9,98.0,20.0,84.0,0.0,0.0,0.6,4.2,11.9,0.1,12.3,11.9,68.0,4.8,9.7,132.0,993.6,993.6,2.7,4.4
2024-05-03 02:55:00+02:00,13.3,13.3,13.6,12.9,98.0,20.0,84.0,0.0,0.0,0.6,4.2,11.9,0.1,12.3,11.9,68.0,3.2,6.8,111.0,993.8,993.8,2.7,4.4
2024-05-03 03:00:00+02:00,13.2,13.2,13.4,12.9,98.0,20.0,84.0,0.0,0.0,0.0,4.2,11.9,0.1,12.3,11.9,68.0,3.7,6.8,31.0,993.7,993.7,2.7,4.4
2024-05-03 03:05:00+02:00,13.2,13.2,13.0,12.9,98.0,19.9,84.0,0.0,0.0,0.0,4.2,11.9,0.1,12.3,11.9,68.0,5.4,8.6,53.0,993.9,993.9,2.7,4.4
2024-05-03 03:10:00+02:00,13.3,13.3,13.4,12.9,98.0,19.9,84.0,0.0,0.0,0.0,4.2,11.9,0.1,12.3,11.9,68.0,4.3,6.8,159.0,993.9,993.9,2.7,4.4
2024-05-03 03:15:00+02:00,13.2,13.2,13.4,12.9,98.0,19.9,84.0,0.0,0.0,0.0,4.2,11.9,0.1,12.3,11.9,68.0,3.5,8.6,92.0,993.9,993.9,2.7,4.4
2024-05-03 03:20:00+02:00,13.2,13.2,13.5,12.9,98.0,19.8,84.0,0.0,0.0,0.0,4.2,11.9,0.1,12.3,11.9,68.0,3.4,8.3,158.0,993.9,993.9,2.7,4.4
2024-05-03 03:25:00+02:00,13.3,13.3,13.7,12.9,98.0,19.8,85.0,0.0,0.0,0.0,4.2,11.9,0.1,12.3,11.9,68.0,2.7,7.2,160.0,993.9,993.9,2.7,4.4
2024-05-03 03:30:00+02:00,13.3,13.3,13.4,12.9,98.0,19.8,85.0,0.0,0.0,0.0,4.2,11.9,0.1,12.3,11.9,68.0,4.1,10.1,136.0,994.0,994.0,2.7,4.4
2024-05-03 03:35:00+02:00,13.4,13.4,13.8,13.0,98.0,19.8,85.0,0.0,0.0,0.0,4.2,11.9,0.1,12.3,11.9,68.0,2.8,6.1,147.0,994.1,994.1,2.7,4.3
2024-05-03 03:40:00+02:00,13.3,13.3,13.5,13.0,98.0,19.7,85.0,0.0,0.0,0.0,4.2,11.9,0.1,12.3,11.9,68.0,4.1,10.4,153.0,994.0,994.0,2.7,4.3
2024-05-03 03:45:00+02:00,13.2,13.2,13.2,12.9,98.0,19.7,85.0,0.0,0.0,0.0,4.2,11.9,0.0,12.3,11.9,68.0,5.1,10.4,140.0,994.3,994.3,2.7,4.3
2024-05-03 03:50:00+02:00,13.1,13.1,13.1,12.8,98.0,19.7,85.0,0.0,0.0,0.0,4.2,11.9,0.0,12.3,11.9,68.0,4.7,10.4,143.0,994.3,994.3,2.7,4.3
2024-05-03 03:55:00+02:00,13.1,13.1,13.2,12.6,97.0,19.6,85.0,0.0,0.0,0.0,4.2,11.9,0.0,12.3,11.9,68.0,3.5,10.4,174.0,994.3,994.3,2.7,4.3
2024-05-03 04:00:00+02:00,13.0,13.0,13.0,12.6,97.0,19.6,85.0,0.0,0.0,0.0,4.2,11.9,0.0,12.3,11.9,68.0,4.1,10.1,132.0,994.4,994.4,2.7,4.3
2024-05-03 04:05:00+02:00,12.9,12.9,12.7,12.5,97.0,19.6,85.0,0.0,0.0,0.0,4.2,11.9,0.0,12.3,11.9,68.0,5.1,14.0,69.0,994.4,994.4,2.7,4.3
2024-05-03 04:10:00+02:00,12.9,12.9,12.6,12.4,97.0,19.5,85.0,0.0,0.0,0.0,4.2,11.9,0.0,12.3,11.9,68.0,5.5,11.5,150.0,994.5,994.5,2.7,4.3
2024-05-03 04:15:00+02:00,12.8,12.8,12.5,12.4,97.0,19.5,85.0,0.0,0.0,0.0,4.2,11.9,0.0,12.3,11.9,68.0,5.2,10.1,137.0,994.5,994.5,2.7,4.3
2024-05-03 04:20:00+02:00,12.8,12.8,12.6,12.3,97.0,19.5,84.0,0.0,0.0,0.0,4.2,11.9,0.0,12.3,11.9,68.0,4.6,12.6,139.0,994.5,994.5,2.7,4.3
2024-05-03 04:25:00+02:00,12.7,12.7,12.4,12.3,97.0,19.4,84.0,0.0,0.0,0.0,4.2,11.9,0.0,12.3,11.9,68.0,4.9,9.7,113.0,994.6,994.6,2.7,4.3
2024-05-03 04:30:00+02:00,12.7,12.7,12.2,12.3,97.0,19.4,84.0,0.0,0.0,0.0,4.2,11.9,0.0,12.3,11.9,68.0,6.3,19.4,134.0,994.5,994.5,2.7,4.3
2024-05-03 04:35:00+02:00,12.7,12.7,12.5,12.3,97.0,19.3,84.0,0.0,0.0,0.0,4.2,11.9,0.0,12.3,11.9,68.0,4.7,9.7,161.0,994.6,994.6,2.7,4.2
2024-05-03 04:40:00+02:00,12.6,12.6,12.2,12.2,97.0,19.3,84.0,0.0,0.0,0.0,4.2,11.9,0.0,12.3,11.9,68.0,5.3,10.1,155.0,994.7,994.7,2.7,4.2
2024-05-03 04:45:00+02:00,12.6,12.6,11.9,12.2,97.0,19.3,84.0,0.0,0.0,0.0,4.2,11.9,0.0,12.3,11.9,68.0,7.2,13.7,155.0,994.6,994.6,2.7,4.2
2024-05-03 04:50:00+02:00,12.6,12.6,12.3,12.1,97.0,19.3,84.0,0.0,0.0,0.0,4.2,11.9,0.0,12.3,11.9,68.0,4.6,10.4,104.0,994.7,994.7,2.7,4.2
2024-05-03 04:55:00+02:00,12.5,12.5,12.1,12.1,97.0,19.2,84.0,0.0,0.0,0.0,4.2,11.9,0.0,12.3,11.9,68.0,5.2,10.1,140.0,994.7,994.7,2.7,4.2
2024-05-03 05:00:00+02:00,12.4,12.4,11.7,12.1,98.0,19.2,84.0,0.0,0.0,0.0,4.2,11.9,0.0,12.3,11.9,68.0,7.3,18.7,123.0,994.8,994.8,2.7,4.2
2024-05-03 05:05:00+02:00,12.3,12.3,11.7,12.0,98.0,19.1,84.0,0.0,0.0,0.0,4.2,11.9,0.0,12.3,11.9,68.0,6.5,18.7,129.0,994.8,994.8,2.7,4.2
2024-05-03 05:10:00+02:00,12.3,12.3,11.5,12.0,98.0,19.1,84.0,0.0,0.0,0.0,4.2,11.9,0.0,12.3,11.9,68.0,7.0,16.2,137.0,994.9,994.9,2.7,4.2
2024-05-03 05:15:00+02:00,12.2,12.2,11.3,11.9,98.0,19.1,84.0,0.0,0.0,0.0,4.2,11.9,0.0,12.3,11.9,68.0,7.3,18.0,119.0,995.0,995.0,2.7,4.2
2024-05-03 05:20:00+02:00,12.2,12.2,11.6,11.9,98.0,19.0,84.0,0.0,0.0,0.0,4.2,11.9,0.0,12.3,11.9,68.0,6.2,16.2,122.0,995.1,995.1,2.7,4.2
2024-05-03 05:25:00+02:00,12.2,12.2,12.2,11.9,98.0,19.0,84.0,0.0,0.0,0.0,4.2,11.9,0.0,12.3,11.9,68.0,3.1,8.6,97.0,995.1,995.1,2.7,4.2
2024-05-03 05:30:00+02:00,12.2,12.2,11.4,11.9,98.0,18.9,84.0,0.0,0.0,0.0,4.2,11.9,0.0,12.3,11.9,68.0,6.8,13.7,118.0,995.2,995.2,2.7,4.2
2024-05-03 05:35:00+02:00,12.1,12.1,11.1,11.8,98.0,18.9,84.0,0.0,0.0,0.6,4.3,12.0,0.1,12.4,12.0,68.1,7.7,14.4,130.0,995.2,995.2,2.7,4.2
2024-05-03 05:40:00+02:00,12.0,12.0,10.9,11.7,98.0,18.8,84.0,0.1,0.0,0.6,4.3,12.0,0.1,12.4,12.0,68.1,8.2,15.1,118.0,995.2,995.2,2.7,4.2
2024-05-03 05:45:00+02:00,11.9,11.9,10.7,11.6,98.0,18.8,84.0,0.2,0.0,0.0,4.3,12.0,0.1,12.4,12.0,68.1,8.9,15.8,129.0,995.4,995.4,2.7,4.1
2024-05-03 05:50:00+02:00,11.9,11.9,11.1,11.6,98.0,18.7,84.0,0.2,0.0,0.0,4.3,12.0,0.1,12.4,12.0,68.1,6.7,14.8,122.0,995.3,995.3,2.7,4.1
2024-05-03 05:55:00+02:00,11.8,11.8,10.6,11.5,98.0,18.7,84.0,0.4,0.0,0.0,4.3,12.0,0.1,12.4,12.0,68.1,8.5,16.6,108.0,995.3,995.3,2.7,4.1
2024-05-03 06:00:00+02:00,11.8,11.8,10.7,11.5,98.0,18.6,84.0,0.5,0.0,0.0,4.3,12.0,0.1,12.4,12.0,68.1,8.3,14.8,108.0,995.4,995.4,2.7,4.1
2024-05-03 06:05:00+02:00,11.8,11.8,11.2,11.5,98.0,18.6,84.0,0.6,0.0,0.0,4.3,12.0,0.1,12.4,12.0,68.1,5.5,11.5,123.0,995.5,995.5,2.7,4.1
2024-05-03 06:10:00+02:00,11.8,11.8,11.0,11.5,98.0,18.5,84.0,0.8,0.0,0.0,4.3,12.0,0.1,12.4,12.0,68.1,6.6,14.0,133.0,995.7,995.7,2.7,4.1
2024-05-03 06:15:00+02:00,11.8,11.8,10.7,11.5,98.0,18.5,84.0,0.9,0.0,0.0,4.3,12.0,0.1,12.4,12.0,68.1,8.1,14.8,113.0,995.6,995.6,2.7,4.1
2024-05-03 06:20:00+02:00,11.7,11.7,10.8,11.5,98.0,18.4,84.0,1.3,0.0,0.6,4.4,12.1,0.2,12.5,12.1,68.2,7.3,18.4,130.0,995.6,995.6,2.7,4.1
2024-05-03 06:25:00+02:00,11.7,11.7,10.7,11.4,98.0,18.4,84.0,1.7,0.0,0.6,4.4,12.1,0.2,12.5,12.1,68.2,7.1,14.8,125.0,995.8,995.8,2.7,4.1
2024-05-03 06:30:00+02:00,11.7,11.7,10.8,11.3,97.0,18.3,84.0,2.2,0.0,0.0,4.4,12.1,0.1,12.5,12.1,68.2,6.2,11.2,142.0,995.8,995.8,2.7,4.1
2024-05-03 06:35:00+02:00,11.6,11.6,10.0,11.2,97.0,18.3,84.0,2.6,0.0,0.6,4.5,12.2,0.2,12.6,12.2,68.3,9.9,16.6,117.0,995.9,995.9,2.7,4.0
2024-05-03 06:40:00+02:00,11.6,11.6,10.3,11.2,97.0,18.3,84.0,3.3,0.0,0.6,4.6,12.3,0.3,12.7,12.3,68.4,8.4,22.3,120.0,996.0,996.0,2.7,4.0
2024-05-03 06:45:00+02:00,11.5,11.5,10.2,11.1,97.0,18.2,84.0,4.3,0.0,1.2,4.7,12.4,0.4,12.8,12.4,68.5,8.6,15.1,120.0,996.0,996.0,2.7,4.0
2024-05-03 06:50:00+02:00,11.4,11.4,9.8,10.9,96.0,18.2,84.0,5.1,0.0,1.8,4.8,12.5,0.5,12.9,12.5,68.6,9.9,17.6,124.0,996.0,996.0,2.7,4.0
2024-05-03 06:55:00+02:00,11.5,11.5,10.3,11.0,97.0,18.1,84.0,6.2,0.0,1.8,4.9,12.6,0.6,13.0,12.6,68.7,7.7,15.5,129.0,996.2,996.2,2.7,3.9
2024-05-03 07:00:00+02:00,11.4,11.4,10.5,10.9,97.0,18.0,84.0,7.7,0.0,1.2,5.0,12.7,0.7,13.1,12.7,68.8,6.0,15.1,138.0,996.2,996.2,2.7,3.9
2024-05-03 07:05:00+02:00,11.4,11.4,9.8,10.9,97.0,18.0,84.0,10.6,0.0,1.2,5.1,12.8,0.8,13.2,12.8,68.9,9.6,14.8,129.0,996.2,996.2,2.7,3.9
2024-05-03 07:10:00+02:00,11.4,11.4,10.1,10.9,97.0,18.0,83.0,11.6,0.0,1.8,5.2,12.9,0.9,13.3,12.9,69.0,8.4,16.9,127.0,996.3,996.3,2.7,3.9
2024-05-03 07:15:00+02:00,11.3,11.3,10.4,10.9,97.0,17.9,83.0,15.5,0.0,1.8,5.4,13.1,1.0,13.5,13.1,69.2,6.3,16.9,128.0,996.4,996.4,2.7,3.9
2024-05-03 07:20:00+02:00,11.3,11.3,10.4,10.8,97.0,17.8,83.0,19.7,0.0,1.8,5.5,13.2,1.1,13.6,13.2,69.3,6.1,19.1,125.0,996.5,996.5,2.7,3.9
2024-05-03 07:25:00+02:00,11.3,11.3,10.0,10.8,97.0,17.8,83.0,21.9,0.0,1.8,5.6,13.3,1.2,13.7,13.3,69.4,7.9,15.8,130.0,996.5,996.5,2.7,3.8
2024-05-03 07:30:00+02:00,11.3,11.3,10.2,10.8,97.0,17.7,83.0,23.7,0.0,1.8,5.7,13.4,1.2,13.8,13.4,69.5,6.6,15.1,132.0,996.6,996.6,2.7,3.8
2024-05-03 07:35:00+02:00,11.2,11.2,10.0,10.8,97.0,17.6,83.0,23.0,0.0,1.2,5.8,13.5,1.3,13.9,13.5,69.6,7.3,15.1,129.0,996.7,996.7,2.7,3.8
2024-05-03 07:40:00+02:00,11.2,11.2,10.3,10.8,97.0,17.6,83.0,22.4,0.0,1.2,5.9,13.6,1.3,14.0,13.6,69.7,6.1,14.4,130.0,996.7,996.7,2.7,3.8
2024-05-03 07:45:00+02:00,11.2,11.2,10.3,10.8,97.0,17.5,83.0,22.0,0.0,1.2,6.0,13.7,1.3,14.1,13.7,69.8,6.1,14.4,139.0,996.7,996.7,2.7,3.8
2024-05-03 07:50:00+02:00,11.2,11.2,9.9,10.8,97.0,17.5,83.0,25.3,0.0,1.2,6.1,13.8,1.3,14.2,13.8,69.9,7.7,16.9,107.0,996.9,996.9,2.7,3.8
2024-05-03 07:55:00+02:00,11.2,11.2,9.7,10.7,97.0,17.4,83.0,31.8,0.0,1.2,6.1,13.8,1.2,14.2,13.8,69.9,9.0,14.0,123.0,996.9,996.9,2.7,3.7
2024-05-03 08:00:00+02:00,11.3,11.3,10.2,10.8,97.0,17.4,83.0,37.2,0.0,0.6,6.1,13.8,1.1,14.2,13.8,69.9,6.8,14.0,130.0,996.9,996.9,2.7,3.7
2024-05-03 08:05:00+02:00,11.2,11.2,10.3,10.8,97.0,17.3,83.0,39.5,0.0,0.6,6.2,13.9,1.1,14.3,13.9,70.0,6.2,14.4,138.0,997.0,997.0,2.7,3.7
2024-05-03 08:10:00+02:00,11.3,11.3,10.0,10.8,97.0,17.3,83.0,41.3,0.0,0.6,6.2,13.9,0.9,14.3,13.9,70.0,8.2,14.0,122.0,997.2,997.2,2.7,3.7
2024-05-03 08:15:00+02:00,11.2,11.2,10.1,10.7,97.0,17.3,83.0,47.2,0.0,0.6,6.3,14.0,0.9,14.4,14.0,70.1,6.6,17.3,121.0,997.3,997.3,2.7,3.7
2024-05-03 08:20:00+02:00,11.2,11.2,10.1,10.6,96.0,17.2,83.0,55.1,0.0,0.6,6.3,14.0,0.8,14.4,14.0,70.1,6.7,17.3,132.0,997.2,997.2,2.7,3.7
2024-05-03 08:25:00+02:00,11.3,11.3,10.2,10.7,96.0,17.2,83.0,56.4,0.0,0.6,6.4,14.1,0.8,14.5,14.1,70.2,6.8,16.9,132.0,997.4,997.4,2.7,3.7
2024-05-03 08:30:00+02:00,11.3,11.3,10.4,10.7,96.0,17.2,83.0,58.6,0.0,0.6,6.4,14.1,0.6,14.5,14.1,70.2,5.7,13.0,128.0,997.3,997.3,2.7,3.7
2024-05-03 08:35:00+02:00,11.3,11.3,9.6,10.7,96.0,17.1,83.0,62.8,0.0,1.2,6.5,14.2,0.7,14.6,14.2,70.3,9.6,18.7,147.0,997.4,997.4,2.7,3.6
2024-05-03 08:40:00+02:00,11.3,11.3,10.0,10.7,96.0,17.1,83.0,69.1,0.0,1.2,6.6,14.3,0.7,14.7,14.3,70.4,8.1,16.9,130.0,997.5,997.5,2.7,3.6
2024-05-03 08:45:00+02:00,11.3,11.3,10.2,10.6,96.0,17.1,83.0,71.4,0.0,1.2,6.7,14.4,0.7,14.8,14.4,70.5,6.4,18.7,125.0,997.6,997.6,2.7,3.6
2024-05-03 08:50:00+02:00,11.3,11.3,9.9,10.6,96.0,17.1,83.0,77.2,0.0,1.8,6.9,14.6,0.8,15.0,14.6,70.7,7.9,19.4,126.0,997.7,997.7,2.7,3.6
2024-05-03 08:55:00+02:00,11.3,11.3,10.1,10.7,96.0,17.0,83.0,93.0,0.0,1.8,6.9,14.6,0.8,15.0,14.6,70.7,7.3,16.6,130.0,997.7,997.7,2.7,3.6
2024-05-03 09:00:00+02:00,11.3,11.3,9.9,10.7,96.0,17.0,83.0,99.1,0.0,1.2,7.0,14.7,0.9,15.1,14.7,70.8,8.7,20.2,139.0,997.8,997.8,2.7,3.6
2024-05-03 09:05:00+02:00,11.3,11.3,10.7,10.7,96.0,17.0,83.0,89.1,0.0,1.2,7.1,14.8,0.9,15.2,14.8,70.9,4.2,16.9,131.0,997.8,997.8,2.7,3.6
2024-05-03 09:10:00+02:00,11.3,11.3,10.6,10.7,96.0,17.0,84.0,70.3,0.0,1.2,7.1,14.8,0.9,15.2,14.8,70.9,5.1,18.0,141.0,997.9,997.9,2.7,3.6
2024-05-03 09:15:00+02:00,11.3,11.3,10.7,10.7,96.0,17.0,84.0,67.2,0.0,0.6,7.1,14.8,0.8,15.2,14.8,70.9,4.6,10.1,122.0,998.1,998.1,2.7,3.6
2024-05-03 09:20:00+02:00,11.3,11.3,10.1,10.7,96.0,16.9,84.0,71.0,0.0,0.6,7.2,14.9,0.9,15.3,14.9,71.0,7.6,16.2,121.0,998.0,998.0,2.7,3.6
2024-05-03 09:25:00+02:00,11.3,11.3,10.9,10.7,96.0,17.0,84.0,66.8,0.0,1.2,7.3,15.0,0.9,15.4,15.0,71.1,3.4,15.5,109.0,998.2,998.2,2.7,3.6
2024-05-03 09:30:00+02:00,11.3,11.3,9.6,10.5,95.0,16.9,84.0,58.6,0.0,1.2,7.4,15.1,1.0,15.5,15.1,71.2,9.4,17.3,127.0,998.2,998.2,2.7,3.6
2024-05-03 09:35:00+02:00,11.3,11.3,10.0,10.5,95.0,16.9,84.0,65.8,0.0,0.6,7.4,15.1,0.9,15.5,15.1,71.2,7.5,17.3,112.0,998.4,998.4,2.7,3.5
2024-05-03 09:40:00+02:00,11.3,11.3,9.8,10.5,95.0,16.9,84.0,76.2,0.0,0.6,7.5,15.2,0.9,15.6,15.2,71.3,8.7,20.5,126.0,998.5,998.5,2.7,3.5
2024-05-03 09:45:00+02:00,11.3,11.3,10.4,10.6,95.0,16.9,84.0,83.5,0.0,0.6,7.5,15.2,0.8,15.6,15.2,71.3,5.9,17.6,132.0,998.4,998.4,2.7,3.5
2024-05-03 09:50:00+02:00,11.3,11.3,10.1,10.6,95.0,16.8,84.0,87.6,0.0,1.2,7.6,15.3,0.7,15.7,15.3,71.4,7.6,22.0,133.0,998.5,998.5,2.7,3.5
2024-05-03 09:55:00+02:00,11.3,11.3,10.0,10.5,95.0,16.8,84.0,80.7,0.0,0.6,7.6,15.3,0.7,15.7,15.3,71.4,7.9,16.6,135.0,998.6,998.6,2.7,3.5
2024-05-03 10:00:00+02:00,11.3,11.3,9.9,10.5,95.0,16.8,84.0,83.4,0.0,0.6,7.7,15.4,0.7,15.8,15.4,71.5,8.3,16.6,106.0,998.8,998.8,2.7,3.5
2024-05-03 10:05:00+02:00,11.3,11.3,10.2,10.5,95.0,16.8,84.0,72.4,0.0,1.2,7.8,15.5,0.7,15.9,15.5,71.6,6.5,12.6,119.0,998.8,998.8,2.7,3.5
2024-05-03 10:10:00+02:00,11.3,11.3,10.1,10.5,95.0,16.8,84.0,80.2,0.0,1.2,7.9,15.6,0.8,16.0,15.6,71.7,7.5,18.0,123.0,998.9,998.9,2.7,3.5
2024-05-03 10:15:00+02:00,11.2,11.2,10.6,10.5,95.0,16.8,84.0,98.8,0.0,1.2,7.9,15.6,0.7,16.0,15.6,71.7,3.8,20.5,157.0,999.0,999.0,2.7,3.5
2024-05-03 10:20:00+02:00,11.2,11.2,9.9,10.4,95.0,16.8,84.0,109.1,1.0,1.2,8.0,15.7,0.8,16.1,15.7,71.8,7.4,16.2,125.0,999.1,999.1,2.7,3.5
2024-05-03 10:25:00+02:00,11.2,11.2,10.7,10.4,95.0,16.8,84.0,121.8,1.0,0.6,8.0,15.7,0.7,16.1,15.7,71.8,3.5,19.4,154.0,999.1,999.1,2.7,3.5
2024-05-03 10:30:00+02:00,11.2,11.2,10.1,10.5,95.0,16.8,84.0,109.1,1.0,0.0,8.0,15.7,0.6,16.1,15.7,71.8,6.8,17.3,130.0,999.1,999.1,2.7,3.5
2024-05-03 10:35:00+02:00,11.2,11.2,10.0,10.4,95.0,16.8,84.0,109.9,1.0,0.0,8.0,15.7,0.6,16.1,15.7,71.8,7.0,18.0,115.0,999.2,999.2,2.7,3.5
2024-05-03 10:40:00+02:00,11.2,11.2,9.4,10.3,94.0,16.8,84.0,123.4,1.0,0.0,8.0,15.7,0.5,16.1,15.7,71.8,9.6,17.6,128.0,999.4,999.4,2.7,3.5
2024-05-03 10:45:00+02:00,11.2,11.2,9.7,10.3,94.0,16.8,84.0,102.5,0.0,0.6,8.1,15.8,0.5,16.2,15.8,71.9,8.6,15.8,124.0,999.5,999.5,2.7,3.5
2024-05-03 10:50:00+02:00,11.2,11.2,10.0,10.4,95.0,16.8,84.0,123.9,1.0,0.6,8.1,15.8,0.5,16.2,15.8,71.9,6.9,13.7,140.0,999.5,999.5,2.7,3.5
2024-05-03 10:55:00+02:00,11.2,11.2,9.2,10.3,94.0,16.8,84.0,135.4,1.0,0.0,8.1,15.8,0.4,16.2,15.8,71.9,10.7,20.9,149.0,999.6,999.6,2.7,3.5
2024-05-03 11:00:00+02:00,11.2,11.2,9.5,10.2,94.0,16.8,84.0,130.9,1.0,0.0,8.1,15.8,0.4,16.2,15.8,71.9,9.2,19.1,125.0,999.8,999.8,2.7,3.5
2024-05-03 11:05:00+02:00,11.2,11.2,10.0,10.2,94.0,16.8,85.0,137.3,1.0,0.0,8.1,15.8,0.3,16.2,15.8,71.9,6.7,20.2,142.0,999.8,999.8,2.7,3.5
2024-05-03 11:10:00+02:00,11.1,11.1,9.3,10.1,94.0,16.9,85.0,138.8,1.0,0.6,8.2,15.9,0.3,16.3,15.9,72.0,9.5,21.2,141.0,999.7,999.7,2.7,3.5
2024-05-03 11:15:00+02:00,11.2,11.2,10.3,10.3,94.0,16.8,85.0,131.5,1.0,0.6,8.2,15.9,0.3,16.3,15.9,72.0,5.2,13.7,135.0,1000.0,1000.0,2.7,3.6
2024-05-03 11:20:00+02:00,11.0,11.0,9.7,10.0,94.0,16.9,85.0,113.5,1.0,0.6,8.2,15.9,0.2,16.3,15.9,72.0,6.9,24.1,117.0,1000.0,1000.0,2.7,3.6
2024-05-03 11:25:00+02:00,10.9,10.9,9.9,9.9,94.0,16.9,85.0,123.8,1.0,0.0,8.2,15.9,0.2,16.3,15.9,72.0,5.3,15.5,139.0,1000.1,1000.1,2.7,3.6
2024-05-03 11:30:00+02:00,10.8,10.8,9.4,9.9,94.0,16.9,85.0,107.9,1.0,0.0,8.2,15.9,0.2,16.3,15.9,72.0,7.4,16.9,127.0,1000.2,1000.2,2.7,3.6
2024-05-03 11:35:00+02:00,10.7,10.7,8.5,9.8,94.0,16.9,85.0,80.7,0.0,0.0,8.2,15.9,0.2,16.3,15.9,72.0,11.2,20.2,119.0,1000.3,1000.3,2.7,3.6
2024-05-03 11:40:00+02:00,10.7,10.7,9.5,9.7,94.0,16.9,85.0,81.8,0.0,0.0,8.2,15.9,0.2,16.3,15.9,72.0,5.5,20.5,133.0,1000.4,1000.4,2.7,3.6
2024-05-03 11:45:00+02:00,10.7,10.7,9.8,9.9,95.0,16.9,86.0,86.7,0.0,0.6,8.3,16.0,0.2,16.4,16.0,72.1,4.6,11.2,136.0,1000.3,1000.3,2.7,3.6
2024-05-03 11:55:00+02:00,10.9,10.9,9.5,9.8,93.0,16.9,86.0,88.6,0.0,0.0,8.3,16.0,0.2,16.4,16.0,72.1,7.4,12.6,127.0,1000.6,1000.6,2.7,3.6
2024-05-03 12:00:00+02:00,10.9,10.9,9.3,9.8,93.0,16.9,85.0,77.2,0.0,0.6,8.4,16.1,0.3,16.5,16.1,72.2,8.6,19.4,127.0,1000.5,1000.5,2.7,3.6
2024-05-03 12:05:00+02:00,10.9,10.9,10.1,9.8,93.0,16.9,85.0,92.5,0.0,0.6,8.4,16.1,0.3,16.5,16.1,72.2,4.3,16.6,130.0,1000.7,1000.7,2.7,3.6
2024-05-03 12:10:00+02:00,10.9,10.9,9.0,9.7,92.0,16.9,86.0,107.5,0.0,0.6,8.4,16.1,0.2,16.5,16.1,72.2,9.6,16.9,125.0,1000.8,1000.8,2.7,3.6
2024-05-03 12:15:00+02:00,11.0,11.0,9.7,9.8,92.0,16.9,86.0,107.7,1.0,0.0,8.4,16.1,0.2,16.5,16.1,72.2,6.5,12.2,128.0,1000.8,1000.8,2.7,3.6
2024-05-03 12:20:00+02:00,11.1,11.1,9.5,9.9,92.0,16.9,86.0,102.5,0.0,0.0,8.4,16.1,0.2,16.5,16.1,72.2,8.5,17.6,131.0,1000.9,1000.9,2.7,3.6
2024-05-03 12:25:00+02:00,11.1,11.1,9.5,9.9,92.0,16.9,86.0,72.7,0.0,0.0,8.4,16.1,0.2,16.5,16.1,72.2,8.3,17.6,132.0,1001.0,1001.0,2.7,3.7
2024-05-03 12:30:00+02:00,11.2,11.2,9.7,9.8,91.0,16.9,86.0,65.2,0.0,0.0,8.4,16.1,0.2,16.5,16.1,72.2,7.5,16.9,124.0,1001.0,1001.0,2.7,3.7
2024-05-03 12:35:00+02:00,11.1,11.1,9.6,9.8,91.0,16.9,85.0,64.2,0.0,0.0,8.4,16.1,0.2,16.5,16.1,72.2,7.5,18.7,101.0,1001.1,1001.1,2.7,3.7
2024-05-03 12:40:00+02:00,11.2,11.2,10.5,9.9,91.0,16.9,85.0,57.6,0.0,0.0,8.4,16.1,0.2,16.5,16.1,72.2,3.5,11.9,120.0,1001.1,1001.1,2.7,3.7
2024-05-03 12:45:00+02:00,11.2,11.2,9.1,9.8,91.0,16.9,85.0,63.7,0.0,0.0,8.4,16.1,0.1,16.5,16.1,72.2,10.9,24.1,121.0,1001.2,1001.2,2.7,3.7
2024-05-03 12:50:00+02:00,11.2,11.2,10.0,9.7,90.0,16.9,85.0,65.1,0.0,0.0,8.4,16.1,0.1,16.5,16.1,72.2,6.0,22.7,144.0,1001.3,1001.3,2.7,3.7
2024-05-03 12:55:00+02:00,11.2,11.2,9.6,9.7,90.0,16.9,85.0,67.0,0.0,0.0,8.4,16.1,0.1,16.5,16.1,72.2,8.3,18.0,130.0,1001.3,1001.3,2.7,3.7
2024-05-03 13:00:00+02:00,11.2,11.2,9.5,9.7,90.0,16.9,85.0,75.3,0.0,0.0,8.4,16.1,0.0,16.5,16.1,72.2,8.5,16.2,126.0,1001.4,1001.4,2.7,3.7
2024-05-03 13:05:00+02:00,11.2,11.2,9.7,9.5,89.0,16.9,85.0,69.7,0.0,0.0,8.4,16.1,0.0,16.5,16.1,72.2,7.3,17.3,117.0,1001.6,1001.6,2.7,3.7
2024-05-03 13:10:00+02:00,11.2,11.2,9.4,9.6,90.0,16.8,85.0,69.5,0.0,0.0,8.4,16.1,0.0,16.5,16.1,72.2,8.6,17.3,131.0,1001.5,1001.5,2.7,3.7
2024-05-03 13:15:00+02:00,11.2,11.2,9.9,9.7,90.0,16.8,85.0,98.0,0.0,0.0,8.4,16.1,0.0,16.5,16.1,72.2,6.7,17.3,123.0,1001.7,1001.7,2.7,3.7
2024-05-03 13:20:00+02:00,11.3,11.3,9.6,9.5,89.0,16.8,85.0,123.1,1.0,0.0,8.4,16.1,0.0,16.5,16.1,72.2,8.5,14.0,113.0,1001.7,1001.7,2.7,3.7
2024-05-03 13:25:00+02:00,11.4,11.4,9.9,9.6,89.0,16.8,85.0,104.3,0.0,0.0,8.4,16.1,0.0,16.5,16.1,72.2,7.3,15.1,112.0,1001.7,1001.7,2.7,3.8
2024-05-03 13:30:00+02:00,11.3,11.3,10.2,9.5,88.0,16.8,85.0,38.0,0.0,0.0,8.4,16.1,0.0,16.5,16.1,72.2,5.2,20.5,136.0,1001.8,1001.8,2.7,3.8
2024-05-03 13:35:00+02:00,11.3,11.3,9.6,9.5,89.0,16.9,85.0,26.0,0.0,0.0,8.4,16.1,0.0,16.5,16.1,72.2,8.1,17.6,138.0,1002.0,1002.0,2.7,3.8
2024-05-03 13:40:00+02:00,11.3,11.3,10.3,9.5,89.0,16.8,85.0,29.2,0.0,0.0,8.4,16.1,0.0,16.5,16.1,72.2,4.5,13.3,154.0,1002.1,1002.1,2.7,3.8
2024-05-03 13:45:00+02:00,11.2,11.2,9.2,9.3,88.0,16.8,85.0,50.5,0.0,0.0,8.4,16.1,0.0,16.5,16.1,72.2,9.4,16.9,113.0,1002.1,1002.1,2.7,3.8
2024-05-03 13:50:00+02:00,11.2,11.2,9.5,9.3,88.0,16.8,85.0,80.0,0.0,0.0,8.4,16.1,0.0,16.5,16.1,72.2,8.0,18.0,126.0,1002.2,1002.2,2.7,3.8
2024-05-03 13:55:00+02:00,11.3,11.3,10.3,9.1,87.0,16.8,85.0,77.8,0.0,0.0,8.4,16.1,0.0,16.5,16.1,72.2,4.0,11.2,117.0,1002.2,1002.2,2.7,3.8
2024-05-03 14:00:00+02:00,11.4,11.4,9.6,9.1,86.0,16.8,85.0,98.7,0.0,0.0,8.4,16.1,0.0,16.5,16.1,72.2,8.2,22.7,137.0,1002.1,1002.1,2.7,3.8
2024-05-03 14:05:00+02:00,11.5,11.5,10.7,9.3,86.0,16.8,85.0,98.3,0.0,0.0,8.4,16.1,0.0,16.5,16.1,72.2,3.5,9.7,121.0,1002.3,1002.3,2.7,3.8
2024-05-03 14:10:00+02:00,11.6,11.6,9.9,9.3,86.0,16.8,85.0,131.1,1.0,0.0,8.4,16.1,0.0,16.5,16.1,72.2,7.8,11.2,122.0,1002.2,1002.2,2.7,3.8
2024-05-03 14:15:00+02:00,11.8,11.8,10.4,9.4,85.0,16.8,85.0,388.1,3.0,0.0,8.4,16.1,0.0,16.5,16.1,72.2,6.8,11.5,139.0,1002.2,1002.2,2.7,3.8
2024-05-03 14:20:00+02:00,12.4,12.4,10.4,9.5,82.0,16.8,85.0,360.0,3.0,0.0,8.4,16.1,0.0,16.5,16.1,72.2,9.7,17.6,117.0,1002.1,1002.1,2.7,3.8
2024-05-03 14:25:00+02:00,12.6,12.6,12.0,9.5,81.0,16.9,85.0,259.8,2.0,0.0,8.4,16.1,0.0,16.5,16.1,72.2,3.0,19.8,188.0,1002.2,1002.2,2.7,4.0
2024-05-03 14:30:00+02:00,12.8,12.8,12.0,9.5,80.0,16.9,85.0,171.5,1.0,0.0,8.4,16.1,0.0,16.5,16.1,72.2,3.3,10.4,163.0,1002.3,1002.3,2.7,4.0
2024-05-03 14:35:00+02:00,12.8,12.8,11.6,9.3,79.0,17.0,86.0,137.9,1.0,0.0,8.4,16.1,0.0,16.5,16.1,72.2,5.0,14.4,163.0,1002.4,1002.4,2.7,4.0
2024-05-03 14:40:00+02:00,12.7,12.7,11.7,9.0,79.0,17.1,86.0,127.9,1.0,0.0,8.4,16.1,0.0,16.5,16.1,72.2,3.7,11.2,157.0,1002.4,1002.4,2.7,4.0
2024-05-03 14:45:00+02:00,12.6,12.6,11.5,9.0,79.0,17.2,86.0,97.9,0.0,0.0,8.4,16.1,0.0,16.5,16.1,72.2,4.4,12.6,119.0,1002.5,1002.5,2.7,4.1
2024-05-03 14:50:00+02:00,12.4,12.4,10.6,8.9,79.0,17.2,86.0,90.5,0.0,0.0,8.4,16.1,0.0,16.5,16.1,72.2,7.9,13.3,126.0,1002.5,1002.5,2.7,4.1
2024-05-03 14:55:00+02:00,12.1,12.1,10.9,8.8,80.0,17.3,86.0,68.2,0.0,0.0,8.4,16.1,0.0,16.5,16.1,72.2,5.1,16.2,172.0,1002.6,1002.6,2.7,4.1
2024-05-03 15:00:00+02:00,12.1,12.1,11.1,8.7,80.0,17.3,85.0,44.0,0.0,0.0,8.4,16.1,0.0,16.5,16.1,72.2,3.4,12.2,187.0,1002.8,1002.8,2.7,4.1
2024-05-03 15:05:00+02:00,12.1,12.1,11.1,8.8,81.0,17.3,86.0,33.5,0.0,0.0,8.4,16.1,0.0,16.5,16.1,72.2,3.7,7.9,304.0,1002.8,1002.8,2.7,4.1
2024-05-03 15:10:00+02:00,11.8,11.8,11.2,8.9,82.0,17.3,86.0,36.2,0.0,0.0,8.4,16.1,0.0,16.5,16.1,72.2,2.0,7.9,137.0,1002.8,1002.8,2.7,4.1
2024-05-03 15:15:00+02:00,11.7,11.7,10.3,9.1,84.0,17.4,86.0,43.1,0.0,0.0,8.4,16.1,0.0,16.5,16.1,72.2,6.3,15.5,129.0,1002.8,1002.8,2.7,4.1
2024-05-03 15:20:00+02:00,11.7,11.7,10.8,9.1,85.0,17.4,85.0,39.8,0.0,0.0,8.4,16.1,0.0,16.5,16.1,72.2,3.7,13.7,162.0,1002.7,1002.7,2.7,4.1
2024-05-03 15:25:00+02:00,11.7,11.7,10.7,9.2,84.0,17.4,85.0,48.8,0.0,0.0,8.4,16.1,0.0,16.5,16.1,72.2,4.1,9.7,160.0,1002.9,1002.9,2.7,4.1
2024-05-03 15:30:00+02:00,11.7,11.7,10.8,9.3,85.0,17.4,85.0,131.4,1.0,0.0,8.4,16.1,0.0,16.5,16.1,72.2,3.8,12.6,125.0,1002.9,1002.9,2.7,4.1
2024-05-03 15:35:00+02:00,11.9,11.9,10.8,9.6,86.0,17.3,85.0,164.0,1.0,0.0,8.4,16.1,0.0,16.5,16.1,72.2,5.3,10.8,138.0,1002.9,1002.9,2.7,4.1
2024-05-03 15:40:00+02:00,12.1,12.1,11.3,9.6,85.0,17.4,85.0,92.7,0.0,0.0,8.4,16.1,0.0,16.5,16.1,72.2,3.8,10.8,173.0,1003.0,1003.0,2.7,4.1
2024-05-03 15:45:00+02:00,12.2,12.2,11.0,9.2,82.0,17.3,85.0,123.3,1.0,0.0,8.4,16.1,0.0,16.5,16.1,72.2,5.2,12.6,108.0,1003.1,1003.1,2.7,4.2
2024-05-03 15:50:00+02:00,12.4,12.4,11.1,8.9,79.0,17.4,85.0,328.2,3.0,0.0,8.4,16.1,0.0,16.5,16.1,72.2,4.9,14.4,147.0,1003.1,1003.1,2.7,4.2
2024-05-03 15:55:00+02:00,13.3,13.3,12.5,9.5,77.0,17.4,85.0,365.5,3.0,0.0,8.4,16.1,0.0,16.5,16.1,72.2,4.0,9.7,155.0,1003.2,1003.2,2.7,4.2
2024-05-03 16:00:00+02:00,13.7,13.7,12.2,9.4,75.0,17.4,86.0,435.0,4.0,0.0,8.4,16.1,0.0,16.5,16.1,72.2,7.1,22.0,130.0,1003.2,1003.2,2.7,4.2
2024-05-03 16:05:00+02:00,13.9,13.9,12.6,8.9,72.0,17.4,86.0,269.9,2.0,0.0,8.4,16.1,0.0,16.5,16.1,72.2,5.2,10.8,259.0,1003.2,1003.2,2.7,4.4
2024-05-03 16:10:00+02:00,14.1,14.1,12.8,9.0,71.0,17.5,86.0,427.6,3.0,0.0,8.4,16.1,0.0,16.5,16.1,72.2,5.6,11.5,250.0,1003.2,1003.2,2.7,4.4
2024-05-03 16:15:00+02:00,14.5,14.5,13.5,9.0,69.0,17.5,86.0,222.2,2.0,0.0,8.4,16.1,0.0,16.5,16.1,72.2,4.2,10.1,108.0,1003.2,1003.2,2.7,4.5
2024-05-03 16:25:00+02:00,13.6,13.6,12.8,8.9,73.0,17.7,86.0,105.4,0.0,0.0,8.4,16.1,0.0,16.5,16.1,72.2,2.9,9.4,154.0,1003.4,1003.4,2.7,4.6
2024-05-03 16:30:00+02:00,13.6,13.6,12.7,9.0,74.0,17.8,86.0,130.2,1.0,0.0,8.4,16.1,0.0,16.5,16.1,72.2,3.5,9.7,143.0,1003.4,1003.4,2.7,4.6
2024-05-03 16:35:00+02:00,13.6,13.6,12.4,8.9,73.0,17.8,86.0,97.6,0.0,0.0,8.4,16.1,0.0,16.5,16.1,72.2,4.6,20.9,144.0,1003.5,1003.5,2.7,4.6
2024-05-03 16:40:00+02:00,13.2,13.2,11.6,8.9,75.0,17.9,86.0,47.4,0.0,0.0,8.4,16.1,0.0,16.5,16.1,72.2,6.8,17.6,121.0,1003.6,1003.6,2.7,4.6
2024-05-03 16:45:00+02:00,12.9,12.9,11.7,8.8,76.0,18.0,86.0,48.8,0.0,0.0,8.4,16.1,0.0,16.5,16.1,72.2,4.8,12.2,124.0,1003.7,1003.7,2.7,4.7
2024-05-03 16:50:00+02:00,13.0,13.0,11.6,8.9,76.0,18.0,86.0,83.9,0.0,0.0,8.4,16.1,0.0,16.5,16.1,72.2,5.7,13.7,123.0,1003.8,1003.8,2.7,4.7
2024-05-03 16:55:00+02:00,13.1,13.1,12.1,9.0,76.0,18.0,86.0,139.3,1.0,0.0,8.4,16.1,0.0,16.5,16.1,72.2,4.0,9.0,116.0,1003.9,1003.9,2.7,4.7
2024-05-03 17:00:00+02:00,13.5,13.5,12.5,9.1,75.0,18.0,86.0,170.4,1.0,0.0,8.4,16.1,0.0,16.5,16.1,72.2,4.0,8.3,104.0,1003.9,1003.9,2.7,4.7
2024-05-03 17:05:00+02:00,13.6,13.6,12.5,9.0,74.0,18.0,86.0,173.1,1.0,0.0,8.4,16.1,0.0,16.5,16.1,72.2,4.6,8.6,95.0,1004.0,1004.0,2.7,4.7
2024-05-03 17:10:00+02:00,13.6,13.6,12.5,8.9,73.0,18.0,86.0,82.4,0.0,0.0,8.4,16.1,0.0,16.5,16.1,72.2,4.2,10.8,139.0,1003.9,1003.9,2.7,4.7
2024-05-03 17:15:00+02:00,13.4,13.4,12.8,8.7,73.0,18.1,86.0,35.9,0.0,0.0,8.4,16.1,0.0,16.5,16.1,72.2,1.8,11.2,175.0,1003.9,1003.9,2.7,4.8
2024-05-03 17:20:00+02:00,13.3,13.3,12.2,8.6,73.0,18.1,86.0,37.0,0.0,0.0,8.4,16.1,0.0,16.5,16.1,72.2,4.0,10.1,184.0,1004.1,1004.1,2.7,4.8
2024-05-03 17:25:00+02:00,13.2,13.2,12.2,8.2,72.0,18.1,86.0,36.7,0.0,0.0,8.4,16.1,0.0,16.5,16.1,72.2,3.2,10.1,187.0,1004.0,1004.0,2.7,4.8
2024-05-03 17:30:00+02:00,13.2,13.2,12.0,8.2,72.0,18.2,86.0,29.6,0.0,0.0,8.4,16.1,0.0,16.5,16.1,72.2,3.7,10.1,190.0,1004.1,1004.1,2.7,4.8
2024-05-03 17:35:00+02:00,13.1,13.1,12.1,8.2,72.0,18.2,86.0,25.6,0.0,0.0,8.4,16.1,0.0,16.5,16.1,72.2,2.9,12.2,267.0,1004.1,1004.1,2.7,4.8
2024-05-03 17:40:00+02:00,13.0,13.0,12.2,8.4,73.0,18.2,86.0,21.4,0.0,0.0,8.4,16.1,0.0,16.5,16.1,72.2,2.3,8.3,200.0,1004.2,1004.2,2.7,4.8
2024-05-03 17:45:00+02:00,13.0,13.0,12.1,8.4,74.0,18.2,86.0,26.1,0.0,0.0,8.4,16.1,0.0,16.5,16.1,72.2,2.7,10.4,131.0,1004.2,1004.2,2.7,4.8
2024-05-03 17:50:00+02:00,12.7,12.7,11.6,8.4,75.0,18.2,86.0,25.6,0.0,0.0,8.4,16.1,0.0,16.5,16.1,72.2,3.7,10.4,140.0,1004.3,1004.3,2.7,4.8
2024-05-03 17:55:00+02:00,12.7,12.7,12.4,8.6,76.0,18.2,86.0,24.7,0.0,0.0,8.4,16.1,0.0,16.5,16.1,72.2,0.0,5.8,137.0,1004.3,1004.3,2.7,4.8
2024-05-03 18:00:00+02:00,12.7,12.7,11.8,8.6,76.0,18.1,86.0,23.7,0.0,0.0,8.4,16.1,0.0,16.5,16.1,72.2,2.9,7.6,105.0,1004.3,1004.3,2.7,4.8
2024-05-03 18:05:00+02:00,12.5,12.5,11.6,8.7,78.0,18.1,86.0,23.1,0.0,0.0,8.4,16.1,0.0,16.5,16.1,72.2,3.0,8.6,117.0,1004.3,1004.3,2.7,4.8
2024-05-03 18:10:00+02:00,12.3,12.3,11.2,8.7,78.0,18.1,86.0,20.6,0.0,0.0,8.4,16.1,0.0,16.5,16.1,72.2,4.6,8.6,119.0,1004.3,1004.3,2.7,4.8
2024-05-03 18:15:00+02:00,12.3,12.3,11.5,8.7,78.0,18.1,85.0,20.4,0.0,0.0,8.4,16.1,0.0,16.5,16.1,72.2,2.8,4.7,111.0,1004.4,1004.4,2.7,4.8
2024-05-03 18:20:00+02:00,12.4,12.4,11.5,8.8,79.0,18.1,85.0,25.6,0.0,0.0,8.4,16.1,0.0,16.5,16.1,72.2,3.5,6.5,102.0,1004.5,1004.5,2.7,4.8
2024-05-03 18:25:00+02:00,12.3,12.3,10.8,8.6,78.0,18.0,85.0,26.7,0.0,0.0,8.4,16.1,0.0,16.5,16.1,72.2,6.3,9.0,100.0,1004.4,1004.4,2.7,4.8
2024-05-03 18:30:00+02:00,12.2,12.2,11.3,8.8,80.0,18.0,85.0,25.4,0.0,0.0,8.4,16.1,0.0,16.5,16.1,72.2,3.7,8.6,111.0,1004.4,1004.4,2.7,4.8
2024-05-03 18:35:00+02:00,12.2,12.2,11.0,8.9,80.0,18.0,85.0,31.3,0.0,0.0,8.4,16.1,0.0,16.5,16.1,72.2,5.1,9.0,102.0,1004.4,1004.4,2.7,4.8
2024-05-03 18:40:00+02:00,12.3,12.3,11.6,8.9,80.0,18.0,85.0,31.2,0.0,0.0,8.4,16.1,0.0,16.5,16.1,72.2,2.2,9.0,103.0,1004.3,1004.3,2.7,4.8
2024-05-03 18:45:00+02:00,12.3,12.3,11.5,9.0,80.0,17.9,85.0,34.5,0.0,0.0,8.4,16.1,0.0,16.5,16.1,72.2,3.2,5.8,99.0,1004.2,1004.2,2.7,4.8
2024-05-03 18:50:00+02:00,12.2,12.2,11.5,9.0,80.0,17.9,85.0,38.1,0.0,0.0,8.4,16.1,0.0,16.5,16.1,72.2,2.7,5.8,108.0,1004.4,1004.4,2.7,4.8
2024-05-03 18:55:00+02:00,12.3,12.3,11.3,9.0,80.0,17.9,85.0,36.3,0.0,0.0,8.4,16.1,0.0,16.5,16.1,72.2,4.2,6.8,119.0,1004.3,1004.3,2.7,4.8
2024-05-03 19:00:00+02:00,12.3,12.3,11.8,9.0,80.0,17.9,85.0,30.2,0.0,0.0,8.4,16.1,0.0,16.5,16.1,72.2,1.6,5.0,86.0,1004.3,1004.3,2.7,4.8
2024-05-03 19:05:00+02:00,12.3,12.3,11.7,9.0,81.0,17.8,85.0,25.0,0.0,0.0,8.4,16.1,0.0,16.5,16.1,72.2,1.9,3.6,107.0,1004.3,1004.3,2.7,4.8
2024-05-03 19:10:00+02:00,12.3,12.3,11.8,8.9,80.0,17.8,85.0,24.9,0.0,0.0,8.4,16.1,0.0,16.5,16.1,72.2,1.3,3.2,92.0,1004.4,1004.4,2.7,4.8
2024-05-03 19:15:00+02:00,12.3,12.3,12.2,9.3,82.0,17.8,85.0,23.4,0.0,0.0,8.4,16.1,0.0,16.5,16.1,72.2,0.4,2.5,103.0,1004.4,1004.4,2.7,4.8
2024-05-03 19:20:00+02:00,12.3,12.3,11.8,9.1,81.0,17.8,85.0,22.9,0.0,0.0,8.4,16.1,0.0,16.5,16.1,72.2,1.7,2.5,100.0,1004.3,1004.3,2.7,4.8
2024-05-03 19:25:00+02:00,12.3,12.3,12.0,8.9,80.0,17.8,85.0,24.1,0.0,0.0,8.4,16.1,0.0,16.5,16.1,72.2,0.5,2.5,95.0,1004.4,1004.4,2.7,4.8
2024-05-03 19:30:00+02:00,12.3,12.3,11.8,9.1,81.0,17.8,85.0,24.3,0.0,0.0,8.4,16.1,0.0,16.5,16.1,72.2,1.5,3.6,94.0,1004.5,1004.5,2.7,4.8
2024-05-03 19:35:00+02:00,12.3,12.3,11.6,9.2,81.0,17.8,85.0,24.6,0.0,0.0,8.4,16.1,0.0,16.5,16.1,72.2,2.5,4.0,96.0,1004.5,1004.5,2.7,4.8
2024-05-03 19:40:00+02:00,12.3,12.3,11.6,9.0,80.0,17.8,85.0,23.4,0.0,0.0,8.4,16.1,0.0,16.5,16.1,72.2,2.7,4.0,101.0,1004.6,1004.6,2.7,4.8
2024-05-03 19:45:00+02:00,12.4,12.4,11.8,9.0,80.0,17.8,85.0,20.4,0.0,0.0,8.4,16.1,0.0,16.5,16.1,72.2,1.9,3.6,91.0,1004.7,1004.7,2.7,4.8
2024-05-03 19:50:00+02:00,12.4,12.4,11.7,8.9,80.0,17.7,85.0,20.1,0.0,0.0,8.4,16.1,0.0,16.5,16.1,72.2,2.2,3.6,93.0,1004.7,1004.7,2.7,4.8
2024-05-03 19:55:00+02:00,12.4,12.4,11.8,9.1,80.0,17.7,85.0,18.9,0.0,0.0,8.4,16.1,0.0,16.5,16.1,72.2,2.0,3.2,104.0,1004.6,1004.6,2.7,4.8
2024-05-03 20:00:00+02:00,12.4,12.4,11.7,9.1,80.0,17.7,85.0,16.3,0.0,0.0,8.4,16.1,0.0,16.5,16.1,72.2,2.5,4.3,101.0,1004.7,1004.7,2.7,4.8
2024-05-03 20:05:00+02:00,12.3,12.3,11.9,9.1,81.0,17.7,85.0,14.2,0.0,0.0,8.4,16.1,0.0,16.5,16.1,72.2,1.3,4.0,92.0,1004.6,1004.6,2.7,4.8
2024-05-03 20:10:00+02:00,12.3,12.3,12.0,9.2,81.0,17.7,85.0,12.8,0.0,0.0,8.4,16.1,0.0,16.5,16.1,72.2,0.8,3.6,104.0,1004.8,1004.8,2.7,4.8
2024-05-03 20:15:00+02:00,12.3,12.3,11.8,9.3,82.0,17.7,85.0,10.7,0.0,0.0,8.4,16.1,0.0,16.5,16.1,72.2,2.0,4.0,91.0,1004.8,1004.8,2.7,4.8
2024-05-03 20:20:00+02:00,12.2,12.2,11.8,9.5,83.0,17.7,85.0,11.3,0.0,0.0,8.4,16.1,0.0,16.5,16.1,72.2,1.6,3.6,104.0,1004.7,1004.7,2.7,4.8
2024-05-03 20:25:00+02:00,12.1,12.1,11.6,9.5,84.0,17.7,85.0,11.1,0.0,0.0,8.4,16.1,0.0,16.5,16.1,72.2,2.2,3.2,103.0,1004.8,1004.8,2.7,4.8
2024-05-03 20:30:00+02:00,12.1,12.1,11.9,9.3,83.0,17.6,85.0,9.5,0.0,0.0,8.4,16.1,0.0,16.5,16.1,72.2,0.4,2.5,126.0,1004.7,1004.7,2.7,4.8
2024-05-03 20:35:00+02:00,12.1,12.1,11.6,9.3,83.0,17.6,85.0,7.9,0.0,0.0,8.4,16.1,0.0,16.5,16.1,72.2,1.9,3.6,89.0,1004.8,1004.8,2.7,4.8
2024-05-03 20:40:00+02:00,12.0,12.0,11.6,9.5,84.0,17.6,85.0,6.2,0.0,0.0,8.4,16.1,0.0,16.5,16.1,72.2,1.5,2.9,96.0,1004.8,1004.8,2.7,4.8
2024-05-03 20:45:00+02:00,12.0,12.0,11.5,9.4,84.0,17.6,85.0,4.5,0.0,0.0,8.4,16.1,0.0,16.5,16.1,72.2,2.2,3.6,103.0,1004.9,1004.9,2.7,4.8
2024-05-03 20:50:00+02:00,12.0,12.0,11.7,9.4,84.0,17.6,85.0,3.2,0.0,0.0,8.4,16.1,0.0,16.5,16.1,72.2,0.8,2.5,94.0,1004.9,1004.9,2.7,4.8
2024-05-03 20:55:00+02:00,11.9,11.9,11.3,9.3,84.0,17.5,85.0,2.0,0.0,0.0,8.4,16.1,0.0,16.5,16.1,72.2,2.1,3.2,101.0,1004.8,1004.8,2.7,4.8
2024-05-03 21:00:00+02:00,11.9,11.9,11.3,9.4,85.0,17.5,85.0,1.3,0.0,0.0,8.4,16.1,0.0,16.5,16.1,72.2,2.4,3.6,112.0,1005.0,1005.0,2.7,4.8
2024-05-03 21:05:00+02:00,11.9,11.9,11.4,9.4,85.0,17.5,85.0,0.8,0.0,0.0,8.4,16.1,0.0,16.5,16.1,72.2,1.7,3.6,110.0,1005.0,1005.0,2.7,4.8
2024-05-03 21:10:00+02:00,11.8,11.8,11.2,9.4,85.0,17.5,85.0,0.5,0.0,0.0,8.4,16.1,0.0,16.5,16.1,72.2,2.7,4.3,102.0,1004.9,1004.9,2.7,4.8
2024-05-03 21:15:00+02:00,11.8,11.8,11.3,9.4,85.0,17.5,85.0,0.2,0.0,0.0,8.4,16.1,0.0,16.5,16.1,72.2,1.6,3.6,103.0,1005.2,1005.2,2.7,4.8
2024-05-03 21:20:00+02:00,11.6,11.6,10.9,9.3,86.0,17.4,85.0,0.1,0.0,0.0,8.4,16.1,0.0,16.5,16.1,72.2,2.8,4.3,106.0,1005.1,1005.1,2.7,4.8
2024-05-03 21:25:00+02:00,11.5,11.5,11.0,9.2,86.0,17.4,85.0,0.0,0.0,0.0,8.4,16.1,0.0,16.5,16.1,72.2,1.5,4.0,97.0,1005.2,1005.2,2.7,4.8
2024-05-03 21:30:00+02:00,11.3,11.3,10.8,9.2,87.0,17.4,85.0,0.0,0.0,0.0,8.4,16.1,0.0,16.5,16.1,72.2,1.7,3.2,102.0,1005.1,1005.1,2.7,4.8
2024-05-03 21:35:00+02:00,11.1,11.1,10.6,9.2,88.0,17.3,85.0,0.0,0.0,0.0,8.4,16.1,0.0,16.5,16.1,72.2,1.7,3.2,116.0,1005.2,1005.2,2.7,4.7
2024-05-03 21:40:00+02:00,10.9,10.9,10.3,9.2,89.0,17.3,85.0,0.0,0.0,0.0,8.4,16.1,0.0,16.5,16.1,72.2,2.4,4.0,108.0,1005.3,1005.3,2.7,4.7
2024-05-03 21:45:00+02:00,10.7,10.7,9.9,9.2,90.0,17.3,85.0,0.0,0.0,0.0,8.4,16.1,0.0,16.5,16.1,72.2,2.8,4.3,116.0,1005.2,1005.2,2.7,4.7
2024-05-03 21:50:00+02:00,10.3,10.3,9.7,9.0,91.0,17.2,85.0,0.0,0.0,0.0,8.4,16.1,0.0,16.5,16.1,72.2,2.5,3.6,116.0,1005.2,1005.2,2.7,4.7
2024-05-03 21:55:00+02:00,10.2,10.2,9.4,9.0,92.0,17.2,85.0,0.0,0.0,0.0,8.4,16.1,0.0,16.5,16.1,72.2,3.2,4.3,120.0,1005.4,1005.4,2.7,4.7
2024-05-03 22:00:00+02:00,10.1,10.1,9.3,9.0,93.0,17.1,85.0,0.0,0.0,0.0,8.4,16.1,0.0,16.5,16.1,72.2,2.6,4.0,113.0,1005.4,1005.4,2.7,4.7
2024-05-03 22:05:00+02:00,10.0,10.0,9.2,8.9,93.0,17.1,85.0,0.0,0.0,0.0,8.4,16.1,0.0,16.5,16.1,72.2,2.5,3.2,114.0,1005.3,1005.3,2.7,4.7
2024-05-03 22:10:00+02:00,9.8,9.8,9.1,8.8,93.0,17.0,85.0,0.0,0.0,0.0,8.4,16.1,0.0,16.5,16.1,72.2,2.6,3.6,115.0,1005.3,1005.3,2.7,4.7
2024-05-03 22:15:00+02:00,9.7,9.7,9.0,8.8,94.0,17.0,85.0,0.0,0.0,0.0,8.4,16.1,0.0,16.5,16.1,72.2,2.7,3.2,114.0,1005.4,1005.4,2.7,4.7
2024-05-03 22:20:00+02:00,9.6,9.6,8.8,8.7,94.0,16.9,85.0,0.0,0.0,0.0,8.4,16.1,0.0,16.5,16.1,72.2,2.4,4.3,111.0,1005.4,1005.4,2.7,4.7
2024-05-03 22:25:00+02:00,9.6,9.6,8.8,8.7,94.0,16.8,85.0,0.0,0.0,0.0,8.4,16.1,0.0,16.5,16.1,72.2,2.6,4.0,115.0,1005.2,1005.2,2.7,4.7
2024-05-03 22:35:00+02:00,9.5,9.5,8.7,8.7,95.0,16.7,85.0,0.0,0.0,0.0,8.4,16.1,0.0,16.5,16.1,72.2,2.9,3.6,111.0,1005.2,1005.2,2.7,4.7
2024-05-03 22:40:00+02:00,9.4,9.4,8.6,8.6,95.0,16.7,85.0,0.0,0.0,0.0,8.4,16.1,0.0,16.5,16.1,72.2,2.5,4.0,111.0,1005.3,1005.3,2.7,4.7
2024-05-03 22:45:00+02:00,9.3,9.3,8.4,8.5,95.0,16.6,85.0,0.0,0.0,0.0,8.4,16.1,0.0,16.5,16.1,72.2,2.8,4.0,122.0,1005.3,1005.3,2.7,4.7
2024-05-03 22:50:00+02:00,9.2,9.2,8.4,8.5,95.0,16.5,85.0,0.0,0.0,0.0,8.4,16.1,0.0,16.5,16.1,72.2,2.7,4.0,117.0,1005.3,1005.3,2.7,4.7
2024-05-03 22:55:00+02:00,9.2,9.2,8.4,8.5,95.0,16.5,84.0,0.0,0.0,0.0,8.4,16.1,0.0,16.5,16.1,72.2,2.6,4.0,113.0,1005.4,1005.4,2.7,4.7
2024-05-03 23:00:00+02:00,9.2,9.2,8.3,8.4,95.0,16.4,84.0,0.0,0.0,0.0,8.4,16.1,0.0,16.5,16.1,72.2,2.7,4.3,116.0,1005.4,1005.4,2.7,4.7
2024-05-03 23:05:00+02:00,9.1,9.1,8.2,8.3,95.0,16.4,84.0,0.0,0.0,0.0,8.4,16.1,0.0,16.5,16.1,72.2,2.5,4.0,106.0,1005.5,1005.5,2.7,4.7
2024-05-03 23:10:00+02:00,9.1,9.1,8.2,8.3,95.0,16.3,84.0,0.0,0.0,0.0,8.4,16.1,0.0,16.5,16.1,72.2,2.7,4.3,111.0,1005.4,1005.4,2.7,4.7
2024-05-03 23:15:00+02:00,9.0,9.0,8.1,8.4,96.0,16.2,84.0,0.0,0.0,0.0,8.4,16.1,0.0,16.5,16.1,72.2,3.0,5.8,116.0,1005.5,1005.5,2.7,4.6
2024-05-03 23:20:00+02:00,9.2,9.0,7.9,8.5,95.0,16.2,84.0,0.0,0.0,0.0,8.4,16.1,0.0,16.5,16.1,72.2,4.6,7.2,109.0,1005.6,1005.6,2.7,4.6
2024-05-03 23:25:00+02:00,9.3,9.2,8.2,8.5,95.0,16.1,84.0,0.0,0.0,0.0,8.4,16.1,0.0,16.5,16.1,72.2,3.7,7.2,101.0,1005.6,1005.6,2.7,4.6
2024-05-03 23:30:00+02:00,9.3,9.3,8.5,8.6,95.0,16.1,84.0,0.0,0.0,0.0,8.4,16.1,0.0,16.5,16.1,72.2,2.8,6.5,95.0,1005.6,1005.6,2.7,4.6
2024-05-03 23:35:00+02:00,9.4,9.4,8.5,8.6,94.0,16.0,84.0,0.0,0.0,0.0,8.4,16.1,0.0,16.5,16.1,72.2,3.2,5.0,96.0,1005.6,1005.6,2.7,4.6
2024-05-03 23:40:00+02:00,9.6,9.6,8.7,8.6,93.0,15.9,84.0,0.0,0.0,0.0,8.4,16.1,0.0,16.5,16.1,72.2,2.8,4.7,84.0,1005.5,1005.5,2.7,4.6
2024-05-03 23:45:00+02:00,9.7,9.7,8.8,8.6,93.0,15.9,84.0,0.0,0.0,0.0,8.4,16.1,0.0,16.5,16.1,72.2,3.0,5.4,94.0,1005.6,1005.6,2.7,4.6
2024-05-03 23:50:00+02:00,9.5,9.5,8.7,8.4,93.0,15.8,84.0,0.0,0.0,0.0,8.4,16.1,0.0,16.5,16.1,72.2,2.3,3.6,104.0,1005.6,1005.6,2.7,4.6
2024-05-03 23:55:00+02:00,9.3,9.3,8.4,8.3,94.0,15.8,84.0,0.0,0.0,0.0,8.4,16.1,0.0,16.5,16.1,72.2,2.6,4.3,109.0,1005.7,1005.7,2.7,4.6
2024-05-04 00:00:00+02:00,9.2,9.2,8.3,8.3,94.0,15.7,84.0,0.0,0.0,0.0,0.0,16.1,0.0,16.5,16.1,72.2,2.2,3.6,112.0,1005.6,1005.6,2.7,4.6
2024-05-04 00:05:00+02:00,9.0,9.0,8.2,8.2,95.0,15.7,84.0,0.0,0.0,0.0,0.0,16.1,0.0,16.5,16.1,72.2,2.4,3.2,109.0,1005.7,1005.7,2.7,4.6
2024-05-04 00:10:00+02:00,9.0,9.0,8.1,8.2,95.0,15.6,84.0,0.0,0.0,0.0,0.0,16.1,0.0,16.5,16.1,72.2,2.5,5.0,113.0,1005.6,1005.6,2.7,4.6
2024-05-04 00:15:00+02:00,9.0,9.0,8.1,8.2,95.0,15.6,84.0,0.0,0.0,0.0,0.0,16.1,0.0,16.5,16.1,72.2,2.6,3.6,113.0,1005.7,1005.7,2.7,4.6
2024-05-04 00:20:00+02:00,8.9,8.9,7.9,8.1,95.0,15.5,84.0,0.0,0.0,0.0,0.0,16.1,0.0,16.5,16.1,72.2,2.7,4.0,112.0,1005.6,1005.6,2.7,4.6
2024-05-04 00:25:00+02:00,8.8,8.8,7.9,8.1,95.0,15.5,84.0,0.0,0.0,0.0,0.0,16.1,0.0,16.5,16.1,72.2,2.8,4.0,116.0,1005.6,1005.6,2.7,4.6
2024-05-04 00:30:00+02:00,8.8,8.8,7.8,8.1,96.0,15.4,84.0,0.0,0.0,0.0,0.0,16.1,0.0,16.5,16.1,72.2,2.8,4.3,104.0,1005.8,1005.8,2.7,4.6
2024-05-04 00:35:00+02:00,8.8,8.8,7.8,8.1,96.0,15.3,84.0,0.0,0.0,0.0,0.0,16.1,0.0,16.5,16.1,72.2,3.1,4.3,101.0,1005.8,1005.8,2.7,4.6
2024-05-04 00:40:00+02:00,8.8,8.8,7.9,8.0,95.0,15.3,84.0,0.0,0.0,0.0,0.0,16.1,0.0,16.5,16.1,72.2,2.3,4.0,114.0,1005.8,1005.8,2.7,4.6
2024-05-04 00:45:00+02:00,8.7,8.7,7.7,8.0,95.0,15.3,84.0,0.0,0.0,0.0,0.0,16.1,0.0,16.5,16.1,72.2,2.7,4.0,112.0,1005.8,1005.8,2.7,4.6
2024-05-04 00:50:00+02:00,8.7,8.7,7.7,7.9,95.0,15.2,84.0,0.0,0.0,0.0,0.0,16.1,0.0,16.5,16.1,72.2,2.5,4.0,112.0,1005.9,1005.9,2.7,4.6
2024-05-04 00:55:00+02:00,8.7,8.7,7.6,7.9,95.0,15.2,84.0,0.0,0.0,0.0,0.0,16.1,0.0,16.5,16.1,72.2,3.2,4.7,112.0,1005.7,1005.7,2.7,4.6
2024-05-04 01:00:00+02:00,8.7,8.7,7.5,8.0,95.0,15.1,84.0,0.0,0.0,0.0,0.0,16.1,0.0,16.5,16.1,72.2,3.7,5.0,109.0,1005.7,1005.7,2.7,4.6
2024-05-04 01:05:00+02:00,8.8,8.7,7.6,8.0,95.0,15.1,84.0,0.0,0.0,0.0,0.0,16.1,0.0,16.5,16.1,72.2,3.6,5.8,74.0,1005.7,1005.7,2.7,4.5
2024-05-04 01:10:00+02:00,8.7,8.7,7.5,8.0,95.0,15.0,84.0,0.0,0.0,0.0,0.0,16.1,0.0,16.5,16.1,72.2,3.7,5.8,119.0,1005.7,1005.7,2.7,4.5
2024-05-04 01:15:00+02:00,8.8,8.8,7.6,8.0,95.0,15.0,84.0,0.0,0.0,0.0,0.0,16.1,0.0,16.5,16.1,72.2,3.5,4.7,120.0,1005.8,1005.8,2.7,4.5
2024-05-04 01:20:00+02:00,8.8,8.8,7.8,8.0,95.0,15.0,84.0,0.0,0.0,0.0,0.0,16.1,0.0,16.5,16.1,72.2,2.6,8.6,111.0,1005.7,1005.7,2.7,4.5
2024-05-04 01:25:00+02:00,8.9,8.5,7.4,8.0,94.0,14.9,84.0,0.0,0.0,0.0,0.0,16.1,0.0,16.5,16.1,72.2,4.9,8.3,132.0,1005.8,1005.8,2.7,4.5
2024-05-04 01:30:00+02:00,8.9,8.5,7.6,8.0,94.0,14.9,84.0,0.0,0.0,0.0,0.0,16.1,0.0,16.5,16.1,72.2,4.1,7.9,89.0,1005.7,1005.7,2.7,4.5
2024-05-04 01:35:00+02:00,9.0,9.0,7.9,8.0,94.0,14.8,84.0,0.0,0.0,0.0,0.0,16.1,0.0,16.5,16.1,72.2,3.0,6.1,87.0,1005.7,1005.7,2.7,4.5
2024-05-04 01:40:00+02:00,8.8,8.8,7.9,7.9,94.0,14.8,84.0,0.0,0.0,0.0,0.0,16.1,0.0,16.5,16.1,72.2,1.8,6.8,114.0,1005.9,1005.9,2.7,4.5
2024-05-04 01:45:00+02:00,8.7,8.5,7.2,7.8,94.0,14.8,84.0,0.0,0.0,0.0,0.0,16.1,0.0,16.5,16.1,72.2,4.5,7.6,122.0,1005.7,1005.7,2.7,4.5
2024-05-04 01:50:00+02:00,8.6,8.3,7.2,7.8,95.0,14.7,84.0,0.0,0.0,0.0,0.0,16.1,0.0,16.5,16.1,72.2,4.2,13.0,105.0,1005.8,1005.8,2.7,4.5
2024-05-04 01:55:00+02:00,8.5,8.5,7.4,7.7,95.0,14.7,84.0,0.0,0.0,0.0,0.0,16.1,0.0,16.5,16.1,72.2,2.8,7.2,94.0,1005.8,1005.8,2.7,4.5
2024-05-04 02:00:00+02:00,8.4,8.4,7.3,7.6,95.0,14.7,84.0,0.0,0.0,0.0,0.0,16.1,0.0,16.5,16.1,72.2,2.5,6.1,159.0,1005.7,1005.7,2.7,4.5
2024-05-04 02:05:00+02:00,8.3,8.3,7.3,7.6,96.0,14.6,84.0,0.0,0.0,0.0,0.0,16.1,0.0,16.5,16.1,72.2,2.5,5.4,122.0,1005.8,1005.8,2.7,4.5
2024-05-04 02:10:00+02:00,8.3,7.8,6.8,7.7,96.0,14.6,84.0,0.0,0.0,0.0,0.0,16.1,0.0,16.5,16.1,72.2,4.8,9.0,122.0,1005.7,1005.7,2.7,4.5
2024-05-04 02:15:00+02:00,8.3,8.3,7.2,7.6,96.0,14.5,84.0,0.0,0.0,0.0,0.0,16.1,0.0,16.5,16.1,72.2,2.4,6.1,47.0,1005.8,1005.8,2.68,4.5
2024-05-04 02:20:00+02:00,8.2,8.1,6.9,7.6,96.0,14.5,84.0,0.0,0.0,0.0,0.0,16.1,0.0,16.5,16.1,72.2,4.0,7.9,18.0,1005.8,1005.8,2.69,4.5
2024-05-04 02:25:00+02:00,8.2,7.4,6.4,7.6,96.0,14.5,84.0,0.0,0.0,0.0,0.0,16.1,0.0,16.5,16.1,72.2,6.3,9.0,49.0,1005.9,1005.9,2.72,4.4
2024-05-04 02:30:00+02:00,8.2,8.1,7.0,7.6,96.0,14.4,84.0,0.0,0.0,0.0,0.0,16.1,0.0,16.5,16.1,72.2,3.6,9.0,24.0,1005.8,1005.8,2.72,4.4
2024-05-04 02:35:00+02:00,8.2,8.2,6.8,7.6,96.0,14.4,84.0,0.0,0.0,0.0,0.0,16.1,0.0,16.5,16.1,72.2,4.1,5.8,92.0,1005.8,1005.8,2.7,4.5
2024-05-04 02:40:00+02:00,8.2,8.2,7.0,7.6,96.0,14.3,84.0,0.0,0.0,0.0,0.0,16.1,0.0,16.5,16.1,72.2,3.1,8.3,106.0,1005.8,1005.8,2.7,4.5
2024-05-04 02:45:00+02:00,8.3,8.3,7.3,7.7,96.0,14.3,84.0,0.0,0.0,0.0,0.0,16.1,0.0,16.5,16.1,72.2,2.7,5.4,102.0,1005.9,1005.9,2.7,4.5
2024-05-04 02:50:00+02:00,8.3,8.3,7.3,7.5,95.0,14.3,84.0,0.0,0.0,0.0,0.0,16.1,0.0,16.5,16.1,72.2,2.5,6.5,138.0,1006.0,1006.0,2.7,4.5
2024-05-04 02:55:00+02:00,8.2,8.0,6.8,7.5,95.0,14.2,84.0,0.0,0.0,0.0,0.0,16.1,0.0,16.5,16.1,72.2,4.3,7.6,113.0,1005.9,1005.9,2.72,4.4
2024-05-04 03:00:00+02:00,8.1,7.8,6.7,7.5,96.0,14.2,84.0,0.0,0.0,0.0,0.0,16.1,0.0,16.5,16.1,72.2,4.5,7.2,165.0,1005.9,1005.9,2.72,4.4
2024-05-04 03:05:00+02:00,8.1,8.1,7.0,7.5,96.0,14.2,84.0,0.0,0.0,0.0,0.0,16.1,0.0,16.5,16.1,72.2,2.8,7.2,111.0,1006.0,1006.0,2.7,4.4
2024-05-04 03:10:00+02:00,8.1,8.1,6.9,7.5,96.0,14.1,84.0,0.0,0.0,0.0,0.0,16.1,0.0,16.5,16.1,72.2,3.2,6.5,97.0,1005.9,1005.9,2.7,4.4
2024-05-04 03:15:00+02:00,8.0,7.9,6.6,7.4,96.0,14.1,84.0,0.0,0.0,0.0,0.0,16.1,0.0,16.5,16.1,72.2,4.0,7.6,146.0,1005.9,1005.9,2.72,4.4
2024-05-04 03:20:00+02:00,7.9,7.7,6.8,7.3,96.0,14.0,84.0,0.0,0.0,0.0,0.0,16.1,0.0,16.5,16.1,72.2,2.4,7.6,141.0,1006.0,1006.0,2.72,4.4
2024-05-04 03:25:00+02:00,7.9,7.9,6.6,7.3,96.0,14.0,84.0,0.0,0.0,0.0,0.0,16.1,0.0,16.5,16.1,72.2,3.5,6.1,94.0,1005.9,1005.9,2.7,4.4
2024-05-04 03:30:00+02:00,7.8,7.8,6.9,7.1,96.0,14.0,84.0,0.0,0.0,0.0,0.0,16.1,0.0,16.5,16.1,72.2,1.1,5.8,244.0,1005.9,1005.9,2.7,4.4
2024-05-04 03:35:00+02:00,7.6,7.4,6.2,7.0,96.0,13.9,84.0,0.0,0.0,0.0,0.0,16.1,0.0,16.5,16.1,72.2,4.0,6.8,135.0,1005.9,1005.9,2.72,4.4
2024-05-04 03:40:00+02:00,7.6,7.3,6.1,7.1,97.0,13.9,84.0,0.0,0.0,0.0,0.0,16.1,0.0,16.5,16.1,72.2,4.3,7.6,67.0,1005.9,1005.9,2.72,4.4
2024-05-04 03:45:00+02:00,7.6,7.5,6.2,7.2,97.0,13.9,84.0,0.0,0.0,0.0,0.0,16.1,0.0,16.5,16.1,72.2,4.0,8.3,32.0,1005.9,1005.9,2.7,4.4
2024-05-04 03:50:00+02:00,7.6,7.3,6.0,7.1,97.0,13.8,84.0,0.0,0.0,0.0,0.0,16.1,0.0,16.5,16.1,72.2,4.6,9.4,37.0,1005.9,1005.9,2.7,4.4
2024-05-04 03:55:00+02:00,7.5,7.5,6.4,7.1,97.0,13.8,84.0,0.0,0.0,0.0,0.0,16.1,0.0,16.5,16.1,72.2,2.0,8.3,171.0,1005.8,1005.8,2.7,4.4
2024-05-04 04:00:00+02:00,7.6,7.6,6.4,7.1,97.0,13.8,84.0,0.0,0.0,0.0,0.0,16.1,0.0,16.5,16.1,72.2,2.5,6.1,112.0,1005.9,1005.9,2.7,4.4
2024-05-04 04:05:00+02:00,7.5,7.5,6.6,7.1,97.0,13.8,84.0,0.0,0.0,0.0,0.0,16.1,0.0,16.5,16.1,72.2,0.9,5.0,139.0,1005.9,1005.9,2.7,4.4
2024-05-04 04:10:00+02:00,7.6,7.6,6.6,7.1,97.0,13.7,84.0,0.0,0.0,0.0,0.0,16.1,0.0,16.5,16.1,72.2,1.4,6.5,96.0,1005.9,1005.9,2.7,4.4
2024-05-04 04:15:00+02:00,7.6,7.5,6.2,7.1,97.0,13.7,84.0,0.0,0.0,0.0,0.0,16.1,0.0,16.5,16.1,72.2,3.6,7.2,155.0,1005.9,1005.9,2.7,4.3
2024-05-04 04:20:00+02:00,7.3,7.3,6.2,6.9,97.0,13.7,84.0,0.0,0.0,0.0,0.0,16.1,0.0,16.5,16.1,72.2,2.5,5.8,118.0,1005.8,1005.8,2.7,4.3
2024-05-04 04:25:00+02:00,7.4,7.3,6.0,7.0,97.0,13.6,84.0,0.0,0.0,0.0,0.0,16.1,0.0,16.5,16.1,72.2,3.8,6.1,119.0,1005.8,1005.8,2.72,4.3
2024-05-04 04:30:00+02:00,7.3,7.3,6.2,6.9,97.0,13.6,84.0,0.0,0.0,0.0,0.0,16.1,0.0,16.5,16.1,72.2,2.0,5.4,111.0,1005.9,1005.9,2.72,4.3
2024-05-04 04:35:00+02:00,7.3,6.9,5.8,6.8,97.0,13.6,84.0,0.0,0.0,0.0,0.0,16.1,0.0,16.5,16.1,72.2,3.8,7.6,134.0,1005.8,1005.8,2.7,4.3
2024-05-04 04:40:00+02:00,7.3,7.3,6.2,6.8,97.0,13.6,84.0,0.0,0.0,0.0,0.0,16.1,0.0,16.5,16.1,72.2,1.7,6.1,121.0,1005.8,1005.8,2.7,4.3
2024-05-04 04:45:00+02:00,7.2,7.1,6.0,6.8,97.0,13.5,84.0,0.0,0.0,0.0,0.0,16.1,0.0,16.5,16.1,72.2,2.7,7.2,111.0,1005.9,1005.9,2.7,4.3
2024-05-04 04:50:00+02:00,7.3,6.8,5.7,7.0,98.0,13.5,84.0,0.0,0.0,0.0,0.0,16.1,0.0,16.5,16.1,72.2,4.6,7.6,130.0,1005.8,1005.8,2.7,4.3
2024-05-04 04:55:00+02:00,7.5,7.3,6.2,7.2,98.0,13.4,84.0,0.0,0.0,0.0,0.0,16.1,0.0,16.5,16.1,72.2,3.1,6.8,135.0,1005.7,1005.7,2.7,4.3
2024-05-04 05:00:00+02:00,7.3,7.3,6.1,7.0,98.0,13.4,84.0,0.0,0.0,0.0,0.0,16.1,0.0,16.5,16.1,72.2,2.9,6.5,104.0,1005.7,1005.7,2.7,4.3
2024-05-04 05:05:00+02:00,7.4,7.4,6.3,7.1,98.0,13.4,84.0,0.0,0.0,0.0,0.0,16.1,0.0,16.5,16.1,72.2,2.1,6.1,136.0,1005.8,1005.8,2.7,4.3
2024-05-04 05:10:00+02:00,7.4,7.2,6.1,7.0,97.0,13.4,84.0,0.0,0.0,0.0,0.0,16.1,0.0,16.5,16.1,72.2,3.4,6.8,132.0,1005.8,1005.8,2.7,4.3
2024-05-04 05:15:00+02:00,7.5,7.2,6.0,7.0,97.0,13.3,84.0,0.0,0.0,0.0,0.0,16.1,0.0,16.5,16.1,72.2,4.1,8.6,120.0,1005.6,1005.6,2.7,4.3
2024-05-04 05:20:00+02:00,7.5,7.5,6.2,7.0,97.0,13.3,84.0,0.0,0.0,0.0,0.0,16.1,0.0,16.5,16.1,72.2,3.0,5.8,108.0,1005.7,1005.7,2.7,4.3
2024-05-04 05:25:00+02:00,7.4,7.4,6.1,7.0,97.0,13.3,84.0,0.0,0.0,0.0,0.0,16.1,0.0,16.5,16.1,72.2,3.2,5.8,111.0,1005.8,1005.8,2.7,4.3
2024-05-04 05:30:00+02:00,7.4,7.4,6.1,6.9,97.0,13.2,84.0,0.2,0.0,0.0,0.0,16.1,0.0,16.5,16.1,72.2,3.0,5.4,141.0,1005.7,1005.7,2.7,4.3
2024-05-04 05:35:00+02:00,7.4,7.3,6.0,6.9,97.0,13.2,84.0,0.3,0.0,0.0,0.0,16.1,0.0,16.5,16.1,72.2,3.7,5.8,129.0,1005.8,1005.8,2.7,4.3
2024-05-04 05:40:00+02:00,7.4,7.4,5.9,6.9,97.0,13.2,84.0,0.6,0.0,0.0,0.0,16.1,0.0,16.5,16.1,72.2,3.9,6.1,69.0,1005.8,1005.8,2.7,4.3
2024-05-04 05:45:00+02:00,7.4,7.4,6.2,6.9,97.0,13.2,84.0,1.0,0.0,0.0,0.0,16.1,0.0,16.5,16.1,72.2,2.3,6.1,63.0,1005.8,1005.8,2.7,4.3
2024-05-04 05:50:00+02:00,7.4,7.4,6.3,6.9,97.0,13.2,84.0,1.7,0.0,0.0,0.0,16.1,0.0,16.5,16.1,72.2,2.2,6.8,98.0,1005.8,1005.8,2.7,4.3
2024-05-04 05:55:00+02:00,7.3,7.3,6.5,6.9,97.0,13.1,84.0,2.5,0.0,0.0,0.0,16.1,0.0,16.5,16.1,72.2,0.9,4.3,119.0,1005.9,1005.9,2.7,4.2
2024-05-04 06:00:00+02:00,7.3,7.3,6.0,6.8,97.0,13.1,84.0,3.7,0.0,0.0,0.0,16.1,0.0,16.5,16.1,72.2,3.0,5.0,101.0,1005.9,1005.9,2.7,4.2
2024-05-04 06:05:00+02:00,7.2,7.2,6.0,6.8,97.0,13.1,84.0,5.5,0.0,0.0,0.0,16.1,0.0,16.5,16.1,72.2,2.4,5.0,121.0,1006.0,1006.0,2.7,4.2
2024-05-04 06:10:00+02:00,7.2,7.1,5.9,6.8,97.0,13.1,84.0,7.3,0.0,0.0,0.0,16.1,0.0,16.5,16.1,72.2,2.7,6.5,109.0,1005.9,1005.9,2.7,4.2
2024-05-04 06:15:00+02:00,7.3,7.3,6.0,6.8,97.0,13.1,84.0,9.1,0.0,0.0,0.0,16.1,0.0,16.5,16.1,72.2,2.7,5.8,121.0,1006.0,1006.0,2.7,4.2
2024-05-04 06:20:00+02:00,7.2,7.2,5.7,6.8,97.0,13.1,84.0,11.2,0.0,0.0,0.0,16.1,0.0,16.5,16.1,72.2,3.8,7.2,129.0,1006.1,1006.1,2.7,4.2
2024-05-04 06:25:00+02:00,7.4,7.2,5.9,7.0,97.0,13.0,84.0,14.1,0.0,0.0,0.0,16.1,0.0,16.5,16.1,72.2,4.1,7.6,129.0,1006.1,1006.1,2.7,4.2
2024-05-04 06:30:00+02:00,7.5,7.5,6.4,7.1,97.0,13.0,84.0,17.1,0.0,0.0,0.0,16.1,0.0,16.5,16.1,72.2,2.3,6.5,118.0,1006.0,1006.0,2.7,4.2
2024-05-04 06:35:00+02:00,7.6,7.6,6.4,7.1,97.0,13.0,84.0,20.8,0.0,0.0,0.0,16.1,0.0,16.5,16.1,72.2,2.5,6.1,125.0,1006.1,1006.1,2.7,4.2
2024-05-04 06:40:00+02:00,7.5,7.5,6.2,7.1,97.0,13.0,85.0,23.4,0.0,0.0,0.0,16.1,0.0,16.5,16.1,72.2,3.3,6.8,128.0,1006.1,1006.1,2.7,4.2
2024-05-04 06:45:00+02:00,7.8,7.8,6.5,7.2,96.0,13.0,85.0,26.3,0.0,0.0,0.0,16.1,0.0,16.5,16.1,72.2,3.3,6.8,111.0,1006.1,1006.1,2.7,4.2
2024-05-04 06:50:00+02:00,8.1,7.6,6.4,7.3,95.0,13.0,85.0,29.0,0.0,0.0,0.0,16.1,0.0,16.5,16.1,72.2,5.1,7.9,124.0,1006.1,1006.1,2.7,4.2
2024-05-04 06:55:00+02:00,8.2,8.0,6.7,7.3,94.0,13.0,85.0,30.9,0.0,0.0,0.0,16.1,0.0,16.5,16.1,72.2,4.5,7.9,130.0,1006.2,1006.2,2.7,4.2
2024-05-04 07:00:00+02:00,8.2,8.0,6.7,7.3,94.0,13.0,85.0,32.8,0.0,0.0,0.0,16.1,0.0,16.5,16.1,72.2,4.7,6.5,122.0,1006.1,1006.1,2.7,4.2
2024-05-04 07:05:00+02:00,8.3,8.3,7.2,7.4,94.0,13.0,85.0,35.2,0.0,0.0,0.0,16.1,0.0,16.5,16.1,72.2,2.6,6.5,104.0,1006.1,1006.1,2.7,4.2
2024-05-04 07:10:00+02:00,8.4,8.4,7.6,7.4,93.0,13.1,85.0,37.9,0.0,0.0,0.0,16.1,0.0,16.5,16.1,72.2,1.2,5.4,102.0,1006.1,1006.1,2.7,4.2
2024-05-04 07:15:00+02:00,8.5,8.4,7.1,7.4,93.0,13.1,85.0,41.5,0.0,0.0,0.0,16.1,0.0,16.5,16.1,72.2,4.1,5.8,98.0,1006.1,1006.1,2.7,4.2
2024-05-04 07:20:00+02:00,8.6,8.6,7.5,7.5,92.0,13.1,85.0,43.5,0.0,0.0,0.0,16.1,0.0,16.5,16.1,72.2,2.6,7.2,130.0,1006.0,1006.0,2.7,4.2
2024-05-04 07:25:00+02:00,9.0,8.9,7.6,7.6,91.0,13.1,85.0,44.3,0.0,0.0,0.0,16.1,0.0,16.5,16.1,72.2,4.0,6.8,87.0,1006.1,1006.1,2.7,4.2
2024-05-04 07:30:00+02:00,9.3,9.1,7.9,7.6,90.0,13.2,85.0,45.4,0.0,0.0,0.0,16.1,0.0,16.5,16.1,72.2,4.2,7.6,85.0,1006.2,1006.2,2.7,4.2
2024-05-04 07:35:00+02:00,9.6,9.4,8.3,7.7,88.0,13.2,85.0,45.9,0.0,0.0,0.0,16.1,0.0,16.5,16.1,72.2,3.9,6.5,82.0,1006.0,1006.0,2.7,4.3
2024-05-04 07:40:00+02:00,9.8,9.7,8.5,7.9,88.0,13.3,85.0,46.3,0.0,0.0,0.0,16.1,0.0,16.5,16.1,72.2,4.0,7.2,92.0,1006.1,1006.1,2.7,4.3
2024-05-04 07:45:00+02:00,9.9,9.7,8.5,7.9,87.0,13.3,86.0,50.6,0.0,0.0,0.0,16.1,0.0,16.5,16.1,72.2,4.8,6.5,109.0,1006.1,1006.1,2.7,4.3
2024-05-04 07:50:00+02:00,10.0,10.0,9.2,8.1,87.0,13.3,86.0,55.6,0.0,0.0,0.0,16.1,0.0,16.5,16.1,72.2,2.2,6.5,101.0,1006.1,1006.1,2.7,4.3
2024-05-04 07:55:00+02:00,10.3,10.3,9.2,8.2,87.0,13.4,86.0,59.4,0.0,0.0,0.0,16.1,0.0,16.5,16.1,72.2,3.5,6.1,96.0,1006.3,1006.3,2.7,4.3
2024-05-04 08:00:00+02:00,10.4,10.4,9.1,8.3,87.0,13.4,86.0,62.0,0.0,0.0,0.0,16.1,0.0,16.5,16.1,72.2,4.5,8.3,129.0,1006.2,1006.2,2.7,4.3
2024-05-04 08:05:00+02:00,10.6,10.6,9.5,8.2,85.0,13.4,86.0,62.1,0.0,0.0,0.0,16.1,0.0,16.5,16.1,72.2,3.3,8.3,121.0,1006.3,1006.3,2.7,4.3
2024-05-04 08:10:00+02:00,10.9,10.9,9.7,8.3,84.0,13.5,86.0,59.6,0.0,0.0,0.0,16.1,0.0,16.5,16.1,72.2,4.2,6.8,106.0,1006.2,1006.2,2.7,4.3
2024-05-04 08:15:00+02:00,11.0,11.0,9.8,8.3,83.0,13.6,86.0,64.0,0.0,0.0,0.0,16.1,0.0,16.5,16.1,72.2,4.3,13.0,131.0,1006.3,1006.3,2.7,4.3
2024-05-04 08:20:00+02:00,11.2,11.2,10.2,8.4,83.0,13.6,86.0,72.8,0.0,0.0,0.0,16.1,0.0,16.5,16.1,72.2,3.3,7.6,134.0,1006.3,1006.3,2.7,4.3
2024-05-04 08:25:00+02:00,11.5,11.5,10.1,8.6,82.0,13.7,86.0,145.6,1.0,0.0,0.0,16.1,0.0,16.5,16.1,72.2,5.2,10.4,103.0,1006.4,1006.4,2.7,4.3
2024-05-04 08:30:00+02:00,11.9,11.9,10.6,8.5,80.0,13.8,86.0,167.1,1.0,0.0,0.0,16.1,0.0,16.5,16.1,72.2,5.0,10.8,108.0,1006.4,1006.4,2.7,4.3
2024-05-04 08:35:00+02:00,12.4,12.4,10.7,8.6,78.0,13.8,86.0,178.6,1.0,0.0,0.0,16.1,0.0,16.5,16.1,72.2,6.9,11.2,109.0,1006.4,1006.4,2.7,4.4
2024-05-04 08:40:00+02:00,12.6,12.6,11.1,8.7,78.0,13.9,86.0,191.6,1.0,0.0,0.0,16.1,0.0,16.5,16.1,72.2,5.8,11.9,116.0,1006.4,1006.4,2.7,4.4
2024-05-04 08:45:00+02:00,12.8,12.8,11.2,8.6,75.0,14.0,87.0,198.8,1.0,0.0,0.0,16.1,0.0,16.5,16.1,72.2,6.5,13.3,113.0,1006.3,1006.3,2.7,4.5
2024-05-04 08:50:00+02:00,13.2,13.2,12.1,8.9,75.0,14.2,87.0,227.2,2.0,0.0,0.0,16.1,0.0,16.5,16.1,72.2,4.2,9.7,105.0,1006.4,1006.4,2.7,4.5
2024-05-04 08:55:00+02:00,13.3,13.3,12.0,8.7,73.0,14.4,87.0,275.8,2.0,0.0,0.0,16.1,0.0,16.5,16.1,72.2,5.3,9.7,121.0,1006.3,1006.3,2.7,4.6
2024-05-04 09:00:00+02:00,13.7,13.7,12.3,9.0,73.0,14.7,87.0,314.8,2.0,0.0,0.0,0.0,0.0,16.5,16.1,72.2,5.6,10.1,121.0,1006.3,1006.3,2.7,4.6
2024-05-04 09:05:00+02:00,13.7,13.7,11.9,8.7,72.0,14.9,87.0,407.1,3.0,0.0,0.0,0.0,0.0,16.5,16.1,72.2,7.8,13.0,125.0,1006.4,1006.4,2.7,4.7
2024-05-04 09:10:00+02:00,13.9,13.9,12.1,8.6,70.0,15.1,87.0,409.0,3.0,0.0,0.0,0.0,0.0,16.5,16.1,72.2,7.6,12.2,130.0,1006.4,1006.4,2.7,4.7
2024-05-04 09:15:00+02:00,14.2,14.2,12.2,8.7,69.0,15.3,87.0,350.0,3.0,0.0,0.0,0.0,0.0,16.5,16.1,72.2,8.5,13.3,122.0,1006.5,1006.5,2.7,4.8
2024-05-04 09:20:00+02:00,14.3,14.3,12.4,8.6,68.0,15.6,87.0,291.8,2.0,0.0,0.0,0.0,0.0,16.5,16.1,72.2,8.1,13.3,131.0,1006.4,1006.4,2.7,4.8
2024-05-04 09:25:00+02:00,14.7,14.7,13.2,8.9,68.0,15.8,87.0,325.2,3.0,0.0,0.0,0.0,0.0,16.5,16.1,72.2,6.2,9.4,121.0,1006.4,1006.4,2.7,4.9
2024-05-04 09:30:00+02:00,14.9,14.9,13.4,8.9,67.0,16.1,87.0,317.9,2.0,0.0,0.0,0.0,0.0,16.5,16.1,72.2,6.5,9.4,125.0,1006.4,1006.4,2.7,4.9
2024-05-04 09:35:00+02:00,15.1,15.1,13.8,9.0,67.0,16.3,87.0,347.2,3.0,0.0,0.0,0.0,0.0,16.5,16.1,72.2,5.3,10.1,133.0,1006.5,1006.5,2.7,5.1
2024-05-04 09:40:00+02:00,15.4,15.4,14.2,9.1,66.0,16.6,87.0,327.9,3.0,0.0,0.0,0.0,0.0,16.5,16.1,72.2,5.2,8.6,133.0,1006.5,1006.5,2.7,5.1
2024-05-04 09:45:00+02:00,15.7,15.7,15.0,9.4,66.0,16.8,87.0,352.4,3.0,0.0,0.0,0.0,0.0,16.5,16.1,72.2,3.4,10.1,137.0,1006.5,1006.5,2.7,5.2
2024-05-04 09:50:00+02:00,15.7,15.7,14.2,8.3,61.0,17.2,87.0,266.5,2.0,0.0,0.0,0.0,0.0,16.5,16.1,72.2,6.0,16.9,118.0,1006.4,1006.4,2.7,5.2
2024-05-04 09:55:00+02:00,15.8,15.8,14.8,8.8,63.0,17.3,87.0,328.8,3.0,0.0,0.0,0.0,0.0,16.5,16.1,72.2,3.8,6.5,89.0,1006.5,1006.5,2.7,5.2
2024-05-04 10:00:00+02:00,16.3,16.3,15.6,9.3,63.0,17.6,87.0,290.9,2.0,0.0,0.0,0.0,0.0,16.5,16.1,72.2,3.0,10.4,108.0,1006.5,1006.5,2.7,5.2
2024-05-04 10:05:00+02:00,15.9,15.9,13.9,8.2,60.0,17.8,87.0,265.7,2.0,0.0,0.0,0.0,0.0,16.5,16.1,72.2,8.1,15.5,130.0,1006.4,1006.4,2.7,5.2
2024-05-04 10:10:00+02:00,15.6,15.6,13.2,7.5,59.0,17.9,86.0,203.3,1.0,0.0,0.0,0.0,0.0,16.5,16.1,72.2,8.9,16.6,131.0,1006.3,1006.3,2.7,5.2
2024-05-04 10:15:00+02:00,15.5,15.5,13.9,8.1,61.0,18.1,86.0,214.8,1.0,0.0,0.0,0.0,0.0,16.5,16.1,72.2,5.7,13.0,124.0,1006.2,1006.2,2.7,5.2
2024-05-04 10:20:00+02:00,15.7,15.7,14.1,7.8,59.0,18.2,86.0,232.4,2.0,0.0,0.0,0.0,0.0,16.5,16.1,72.2,5.3,9.4,113.0,1006.3,1006.3,2.7,5.2
2024-05-04 10:25:00+02:00,15.5,15.5,13.9,8.0,61.0,18.4,86.0,232.4,2.0,0.0,0.0,0.0,0.0,16.5,16.1,72.2,6.1,10.8,109.0,1006.3,1006.3,2.7,5.2
2024-05-04 10:30:00+02:00,15.6,15.6,14.5,8.7,63.0,18.5,86.0,203.2,1.0,0.0,0.0,0.0,0.0,16.5,16.1,72.2,4.0,10.1,96.0,1006.2,1006.2,2.7,5.2
2024-05-04 10:35:00+02:00,15.7,15.7,14.5,8.8,64.0,18.6,86.0,211.7,1.0,0.0,0.0,0.0,0.0,16.5,16.1,72.2,4.5,10.8,118.0,1006.2,1006.2,2.7,5.2
2024-05-04 10:40:00+02:00,15.5,15.5,14.1,8.6,63.0,18.7,86.0,228.2,2.0,0.0,0.0,0.0,0.0,16.5,16.1,72.2,5.8,8.3,116.0,1006.2,1006.2,2.7,5.2
2024-05-04 10:45:00+02:00,15.6,15.6,13.9,8.7,64.0,18.8,86.0,232.4,2.0,0.0,0.0,0.0,0.0,16.5,16.1,72.2,7.1,10.1,128.0,1006.1,1006.1,2.7,5.2
2024-05-04 10:50:00+02:00,15.6,15.6,14.5,9.3,66.0,18.8,86.0,257.2,2.0,0.0,0.0,0.0,0.0,16.5,16.1,72.2,5.0,9.7,115.0,1006.1,1006.1,2.7,5.2
2024-05-04 10:55:00+02:00,16.1,16.1,15.2,9.0,62.0,19.0,86.0,262.3,2.0,0.0,0.0,0.0,0.0,16.5,16.1,72.2,3.5,6.8,22.0,1006.1,1006.1,2.7,5.2
2024-05-04 11:00:00+02:00,16.5,16.5,15.8,9.3,62.0,19.1,87.0,260.9,2.0,0.0,0.0,0.0,0.0,16.5,16.1,72.2,2.8,6.8,71.0,1006.1,1006.1,2.7,5.2
2024-05-04 11:05:00+02:00,16.3,16.3,15.1,9.2,63.0,19.2,87.0,239.3,2.0,0.0,0.0,0.0,0.0,16.5,16.1,72.2,5.5,9.7,119.0,1006.0,1006.0,2.7,5.2
2024-05-04 11:10:00+02:00,16.0,16.0,14.6,8.9,63.0,19.3,87.0,226.2,2.0,0.0,0.0,0.0,0.0,16.5,16.1,72.2,6.3,12.6,117.0,1006.0,1006.0,2.7,5.2
2024-05-04 11:15:00+02:00,15.9,15.9,14.0,8.7,62.0,19.4,87.0,223.4,2.0,0.0,0.0,0.0,0.0,16.5,16.1,72.2,7.9,15.5,131.0,1005.9,1005.9,2.7,5.2
2024-05-04 11:20:00+02:00,15.7,15.7,13.2,7.1,56.0,19.4,87.0,235.1,2.0,0.0,0.0,0.0,0.0,16.5,16.1,72.2,9.3,20.5,129.0,1005.9,1005.9,2.7,5.2
2024-05-04 11:25:00+02:00,16.0,16.0,14.2,7.6,58.0,19.5,87.0,210.5,1.0,0.0,0.0,0.0,0.0,16.5,16.1,72.2,5.9,14.8,129.0,1005.9,1005.9,2.7,5.2
2024-05-04 11:30:00+02:00,16.0,16.0,13.9,7.8,58.0,19.6,87.0,232.5,2.0,0.0,0.0,0.0,0.0,16.5,16.1,72.2,8.5,16.2,128.0,1005.9,1005.9,2.7,5.2
2024-05-04 11:35:00+02:00,16.1,16.1,13.7,7.0,55.0,19.7,87.0,287.3,2.0,0.0,0.0,0.0,0.0,16.5,16.1,72.2,8.3,15.5,135.0,1005.9,1005.9,2.7,5.2
2024-05-04 11:40:00+02:00,16.1,16.1,13.7,6.9,55.0,19.8,87.0,294.2,2.0,0.0,0.0,0.0,0.0,16.5,16.1,72.2,8.6,18.7,121.0,1005.9,1005.9,2.7,5.2
2024-05-04 11:45:00+02:00,16.2,16.2,13.9,7.3,56.0,19.8,87.0,285.5,2.0,0.0,0.0,0.0,0.0,16.5,16.1,72.2,8.2,13.3,123.0,1005.8,1005.8,2.7,5.2
2024-05-04 11:50:00+02:00,16.2,16.2,14.0,6.9,54.0,19.9,87.0,299.7,2.0,0.0,0.0,0.0,0.0,16.5,16.1,72.2,7.6,17.6,109.0,1005.9,1005.9,2.7,5.2
2024-05-04 11:55:00+02:00,16.3,16.3,13.6,6.9,54.0,20.0,87.0,273.8,2.0,0.0,0.0,0.0,0.0,16.5,16.1,72.2,10.3,18.7,127.0,1005.8,1005.8,2.7,5.2
2024-05-04 12:00:00+02:00,16.2,16.2,13.1,6.5,53.0,20.0,87.0,287.8,2.0,0.0,0.0,0.0,0.0,16.5,16.1,72.2,11.6,24.1,131.0,1005.8,1005.8,2.7,5.2
2024-05-04 12:05:00+02:00,16.4,16.4,14.5,7.5,56.0,20.1,87.0,256.8,2.0,0.0,0.0,0.0,0.0,16.5,16.1,72.2,6.8,13.0,118.0,1005.6,1005.6,2.7,5.2
2024-05-04 12:10:00+02:00,16.3,16.3,14.0,6.6,53.0,20.2,87.0,261.9,2.0,0.0,0.0,0.0,0.0,16.5,16.1,72.2,7.8,14.8,113.0,1005.7,1005.7,2.7,5.2
2024-05-04 12:15:00+02:00,16.4,16.4,14.2,6.5,52.0,20.2,87.0,268.9,2.0,0.0,0.0,0.0,0.0,16.5,16.1,72.2,7.3,12.6,114.0,1005.7,1005.7,2.7,5.2
2024-05-04 12:20:00+02:00,16.4,16.4,14.0,6.6,52.0,20.3,87.0,273.9,2.0,0.0,0.0,0.0,0.0,16.5,16.1,72.2,8.4,13.7,113.0,1005.6,1005.6,2.7,5.2
2024-05-04 12:25:00+02:00,16.5,16.5,14.6,6.6,52.0,20.3,87.0,284.8,2.0,0.0,0.0,0.0,0.0,16.5,16.1,72.2,5.3,11.2,82.0,1005.5,1005.5,2.7,5.2
2024-05-04 12:30:00+02:00,16.5,16.5,14.1,6.7,52.0,20.4,87.0,370.5,3.0,0.0,0.0,0.0,0.0,16.5,16.1,72.2,8.3,15.8,121.0,1005.5,1005.5,2.7,5.2
2024-05-04 12:35:00+02:00,16.8,16.8,14.8,6.8,52.0,20.5,87.0,381.1,3.0,0.0,0.0,0.0,0.0,16.5,16.1,72.2,6.7,14.4,110.0,1005.6,1005.6,2.7,5.2
2024-05-04 12:40:00+02:00,16.6,16.6,14.4,6.9,53.0,20.6,87.0,249.2,2.0,0.0,0.0,0.0,0.0,16.5,16.1,72.2,7.7,15.5,118.0,1005.5,1005.5,2.7,5.2
2024-05-04 12:45:00+02:00,16.5,16.5,14.2,6.5,52.0,20.6,87.0,269.0,2.0,0.0,0.0,0.0,0.0,16.5,16.1,72.2,7.8,17.3,129.0,1005.4,1005.4,2.7,5.3
2024-05-04 12:50:00+02:00,16.6,16.6,14.7,7.0,53.0,20.7,86.0,233.6,2.0,0.0,0.0,0.0,0.0,16.5,16.1,72.2,6.0,12.6,105.0,1005.4,1005.4,2.7,5.3
2024-05-04 12:55:00+02:00,16.5,16.5,14.8,6.8,53.0,20.8,86.0,188.3,1.0,0.0,0.0,0.0,0.0,16.5,16.1,72.2,4.6,14.4,103.0,1005.3,1005.3,2.7,5.3
2024-05-04 13:00:00+02:00,16.6,16.6,14.6,6.8,52.0,20.8,86.0,179.6,1.0,0.0,0.0,0.0,0.0,16.5,16.1,72.2,6.3,13.0,99.0,1005.2,1005.2,2.7,5.3
2024-05-04 13:05:00+02:00,16.4,16.4,14.2,6.9,53.0,20.9,86.0,160.3,1.0,0.0,0.0,0.0,0.0,16.5,16.1,72.2,7.6,17.6,128.0,1005.2,1005.2,2.7,5.3
2024-05-04 13:10:00+02:00,16.2,16.2,13.9,6.8,54.0,20.9,86.0,151.1,1.0,0.0,0.0,0.0,0.0,16.5,16.1,72.2,8.1,17.6,128.0,1005.3,1005.3,2.7,5.3
2024-05-04 13:15:00+02:00,16.1,16.1,13.5,6.6,53.0,20.9,86.0,160.7,1.0,0.0,0.0,0.0,0.0,16.5,16.1,72.2,9.3,15.5,120.0,1005.3,1005.3,2.7,5.2
2024-05-04 13:20:00+02:00,16.0,16.0,13.4,6.9,54.0,21.0,86.0,177.7,1.0,0.0,0.0,0.0,0.0,16.5,16.1,72.2,9.9,19.1,117.0,1005.2,1005.2,2.7,5.2
2024-05-04 13:25:00+02:00,16.2,16.2,13.7,6.8,54.0,21.0,86.0,224.9,2.0,0.0,0.0,0.0,0.0,16.5,16.1,72.2,8.6,19.4,115.0,1005.1,1005.1,2.7,5.2
2024-05-04 13:30:00+02:00,16.2,16.2,13.2,6.9,54.0,21.0,86.0,227.6,2.0,0.0,0.0,0.0,0.0,16.5,16.1,72.2,11.4,18.4,122.0,1005.1,1005.1,2.7,5.2
2024-05-04 13:35:00+02:00,16.4,16.4,14.8,7.3,55.0,21.0,86.0,212.2,1.0,0.0,0.0,0.0,0.0,16.5,16.1,72.2,4.8,13.0,106.0,1005.1,1005.1,2.7,5.2
2024-05-04 13:40:00+02:00,16.4,16.4,14.1,6.4,52.0,21.0,86.0,188.4,1.0,0.0,0.0,0.0,0.0,16.5,16.1,72.2,7.3,19.1,111.0,1005.0,1005.0,2.7,5.2
2024-05-04 13:45:00+02:00,16.2,16.2,13.7,5.9,51.0,21.0,86.0,153.6,1.0,0.0,0.0,0.0,0.0,16.5,16.1,72.2,7.7,13.7,68.0,1005.0,1005.0,2.7,5.2
2024-05-04 13:50:00+02:00,16.2,16.2,14.1,5.7,50.0,21.0,85.0,239.5,2.0,0.0,0.0,0.0,0.0,16.5,16.1,72.2,5.8,18.4,113.0,1004.9,1004.9,2.7,5.2
2024-05-04 13:55:00+02:00,16.5,16.5,13.7,4.8,46.0,21.0,85.0,350.8,3.0,0.0,0.0,0.0,0.0,16.5,16.1,72.2,8.3,16.2,116.0,1004.8,1004.8,2.7,5.2
2024-05-04 14:00:00+02:00,16.7,16.7,14.0,4.7,45.0,21.1,85.0,376.9,3.0,0.0,0.0,0.0,0.0,16.5,16.1,72.2,7.6,16.2,128.0,1004.8,1004.8,2.7,5.2
2024-05-04 14:05:00+02:00,17.0,17.0,14.2,5.0,45.0,21.1,85.0,306.2,2.0,0.0,0.0,0.0,0.0,16.5,16.1,72.2,8.4,13.7,134.0,1004.8,1004.8,2.7,5.2
2024-05-04 14:10:00+02:00,16.8,16.8,15.0,5.1,46.0,21.1,85.0,313.6,2.0,0.0,0.0,0.0,0.0,16.5,16.1,72.2,4.0,13.7,122.0,1004.7,1004.7,2.7,5.2
2024-05-04 14:15:00+02:00,17.1,17.1,15.0,5.4,46.0,21.2,85.0,351.3,3.0,0.0,0.0,0.0,0.0,16.5,16.1,72.2,5.5,11.5,116.0,1004.7,1004.7,2.7,5.2
2024-05-04 14:20:00+02:00,17.2,17.2,14.8,4.9,44.0,21.2,85.0,393.1,3.0,0.0,0.0,0.0,0.0,16.5,16.1,72.2,6.4,10.8,130.0,1004.6,1004.6,2.7,5.2
2024-05-04 14:25:00+02:00,17.7,17.7,15.5,5.1,43.0,21.3,86.0,600.6,5.0,0.0,0.0,0.0,0.0,16.5,16.1,72.2,5.2,9.0,149.0,1004.6,1004.6,2.7,5.3
2024-05-04 14:30:00+02:00,18.1,18.1,15.6,5.4,43.0,21.4,86.0,524.4,4.0,0.0,0.0,0.0,0.0,16.5,16.1,72.2,7.7,15.1,129.0,1004.4,1004.4,2.7,5.3
2024-05-04 14:35:00+02:00,17.8,17.8,15.4,6.2,46.0,21.5,86.0,483.4,4.0,0.0,0.0,0.0,0.0,16.5,16.1,72.2,7.7,15.8,127.0,1004.4,1004.4,2.7,5.3
2024-05-04 14:40:00+02:00,18.1,18.1,16.4,5.8,45.0,21.6,86.0,655.8,6.0,0.0,0.0,0.0,0.0,16.5,16.1,72.2,3.5,14.0,123.0,1004.3,1004.3,2.7,5.3
2024-05-04 14:45:00+02:00,18.9,18.9,17.4,5.9,43.0,21.8,86.0,327.4,3.0,0.0,0.0,0.0,0.0,16.5,16.1,72.2,2.8,6.8,120.0,1004.2,1004.2,2.7,5.3
2024-05-04 14:50:00+02:00,18.2,18.2,15.8,6.8,48.0,21.9,86.0,205.7,1.0,0.0,0.0,0.0,0.0,16.5,16.1,72.2,8.6,19.8,107.0,1004.1,1004.1,2.7,5.3
2024-05-04 14:55:00+02:00,17.0,17.0,14.2,6.5,50.0,22.0,86.0,169.1,1.0,0.0,0.0,0.0,0.0,16.5,16.1,72.2,10.4,19.8,111.0,1004.1,1004.1,2.7,5.3
2024-05-04 15:10:00+02:00,18.0,18.0,15.4,6.9,48.0,22.2,86.0,628.7,5.0,0.0,0.0,0.0,0.0,16.5,16.1,72.2,9.4,22.3,100.0,1004.0,1004.0,2.7,5.3
2024-05-04 15:15:00+02:00,18.9,18.9,16.8,7.2,47.0,22.3,87.0,617.3,5.0,0.0,0.0,0.0,0.0,16.5,16.1,72.2,7.1,16.2,83.0,1003.8,1003.8,2.7,5.3
2024-05-04 15:20:00+02:00,17.9,17.9,15.6,6.5,47.0,22.4,87.0,288.9,2.0,0.0,0.0,0.0,0.0,16.5,16.1,72.2,7.8,18.0,109.0,1003.8,1003.8,2.7,5.3
2024-05-04 15:25:00+02:00,17.0,17.0,14.1,6.2,49.0,22.5,87.0,361.2,3.0,0.0,0.0,0.0,0.0,16.5,16.1,72.2,10.5,18.0,131.0,1003.7,1003.7,2.7,5.3
2024-05-04 15:30:00+02:00,17.0,17.0,14.7,6.5,50.0,22.6,86.0,307.8,2.0,0.0,0.0,0.0,0.0,16.5,16.1,72.2,8.1,15.8,98.0,1003.7,1003.7,2.7,5.3
2024-05-04 15:35:00+02:00,17.6,17.6,15.9,6.7,49.0,22.6,86.0,523.8,4.0,0.0,0.0,0.0,0.0,16.5,16.1,72.2,4.6,14.8,114.0,1003.5,1003.5,2.7,5.3
2024-05-04 15:40:00+02:00,17.8,17.8,15.4,6.4,47.0,22.6,87.0,590.1,5.0,0.0,0.0,0.0,0.0,16.5,16.1,72.2,8.1,16.9,138.0,1003.4,1003.4,2.7,5.3
2024-05-04 15:45:00+02:00,17.9,17.9,14.7,6.2,46.0,22.7,87.0,570.8,5.0,0.0,0.0,0.0,0.0,16.5,16.1,72.2,11.7,22.3,129.0,1003.3,1003.3,2.7,5.3
2024-05-04 15:50:00+02:00,17.8,17.8,15.3,5.8,45.0,22.7,87.0,312.7,2.0,0.0,0.0,0.0,0.0,16.5,16.1,72.2,7.9,16.6,137.0,1003.3,1003.3,2.7,5.3
2024-05-04 15:55:00+02:00,17.3,17.3,14.9,6.0,47.0,22.8,87.0,363.8,3.0,0.0,0.0,0.0,0.0,16.5,16.1,72.2,8.0,16.6,116.0,1003.2,1003.2,2.7,5.3
2024-05-04 16:00:00+02:00,17.6,17.6,15.5,7.0,50.0,22.8,87.0,373.9,3.0,0.0,0.0,0.0,0.0,16.5,16.1,72.2,7.2,14.8,85.0,1003.1,1003.1,2.7,5.3
2024-05-04 16:05:00+02:00,17.8,17.8,15.5,6.5,48.0,22.8,87.0,471.2,4.0,0.0,0.0,0.0,0.0,16.5,16.1,72.2,7.6,14.4,96.0,1003.2,1003.2,2.7,5.3
2024-05-04 16:10:00+02:00,18.1,18.1,16.0,6.6,47.0,22.9,87.0,599.2,5.0,0.0,0.0,0.0,0.0,16.5,16.1,72.2,6.8,15.5,100.0,1003.0,1003.0,2.7,5.3
2024-05-04 16:15:00+02:00,18.3,18.3,16.5,6.2,45.0,22.9,87.0,423.3,3.0,0.0,0.0,0.0,0.0,16.5,16.1,72.2,4.8,16.2,9.0,1003.0,1003.0,2.7,5.3
2024-05-04 16:20:00+02:00,18.4,18.4,17.2,6.6,46.0,23.0,87.0,449.5,4.0,0.0,0.0,0.0,0.0,16.5,16.1,72.2,2.5,16.2,64.0,1002.9,1002.9,2.7,5.3
2024-05-04 16:25:00+02:00,18.4,18.4,15.5,6.5,46.0,23.0,87.0,427.8,3.0,0.0,0.0,0.0,0.0,16.5,16.1,72.2,10.2,19.4,113.0,1002.8,1002.8,2.7,5.3
2024-05-04 16:30:00+02:00,18.0,18.0,15.7,6.7,48.0,23.1,87.0,515.5,4.0,0.0,0.0,0.0,0.0,16.5,16.1,72.2,7.6,18.4,97.0,1002.9,1002.9,2.7,5.3
2024-05-04 16:35:00+02:00,18.5,18.5,16.5,6.7,46.0,23.1,87.0,447.5,4.0,0.0,0.0,0.0,0.0,16.5,16.1,72.2,6.3,17.3,76.0,1002.8,1002.8,2.7,5.3
2024-05-04 16:40:00+02:00,18.6,18.6,16.6,7.0,47.0,23.1,87.0,359.7,3.0,0.0,0.0,0.0,0.0,16.5,16.1,72.2,6.4,10.8,113.0,1002.8,1002.8,2.7,5.3
2024-05-04 16:45:00+02:00,18.5,18.5,16.1,7.0,47.0,23.2,87.0,426.4,3.0,0.0,0.0,0.0,0.0,16.5,16.1,72.2,8.9,19.8,122.0,1002.7,1002.7,2.7,5.3
2024-05-04 16:50:00+02:00,18.1,18.1,15.8,6.9,48.0,23.2,87.0,423.7,3.0,0.0,0.0,0.0,0.0,16.5,16.1,72.2,8.3,16.9,126.0,1002.5,1002.5,2.7,5.3
2024-05-04 16:55:00+02:00,18.2,18.2,16.0,6.9,48.0,23.2,87.0,334.9,3.0,0.0,0.0,0.0,0.0,16.5,16.1,72.2,7.6,13.0,114.0,1002.4,1002.4,2.7,5.3
2024-05-04 17:00:00+02:00,18.1,18.1,16.3,6.8,48.0,23.2,87.0,345.1,3.0,0.0,0.0,0.0,0.0,16.5,16.1,72.2,5.3,12.2,116.0,1002.4,1002.4,2.7,5.3
2024-05-04 17:05:00+02:00,18.0,18.0,16.1,6.8,48.0,23.2,88.0,226.2,2.0,0.0,0.0,0.0,0.0,16.5,16.1,72.2,5.9,20.2,96.0,1002.3,1002.3,2.7,5.3
2024-05-04 17:10:00+02:00,17.4,17.4,15.4,6.7,50.0,23.3,87.0,94.6,0.0,0.0,0.0,0.0,0.0,16.5,16.1,72.2,6.2,14.8,110.0,1002.2,1002.2,2.7,5.3
2024-05-04 17:15:00+02:00,17.1,17.1,15.4,6.9,51.0,23.2,87.0,122.9,1.0,0.0,0.0,0.0,0.0,16.5,16.1,72.2,4.8,10.8,115.0,1002.3,1002.3,2.7,5.3
2024-05-04 17:20:00+02:00,17.1,17.1,15.5,7.0,52.0,23.2,87.0,116.8,1.0,0.0,0.0,0.0,0.0,16.5,16.1,72.2,4.2,7.9,123.0,1002.1,1002.1,2.7,5.3
2024-05-04 17:25:00+02:00,17.2,17.2,15.8,6.9,51.0,23.1,87.0,114.3,1.0,0.0,0.0,0.0,0.0,16.5,16.1,72.2,3.5,9.4,121.0,1002.1,1002.1,2.7,5.3
2024-05-04 17:30:00+02:00,17.2,17.2,15.6,7.1,51.0,23.1,87.0,100.1,0.0,0.0,0.0,0.0,0.0,16.5,16.1,72.2,4.5,9.4,67.0,1002.0,1002.0,2.7,5.3
2024-05-04 17:35:00+02:00,17.2,17.2,15.7,7.1,51.0,23.1,87.0,69.3,0.0,0.0,0.0,0.0,0.0,16.5,16.1,72.2,4.6,9.0,117.0,1002.1,1002.1,2.7,5.3
2024-05-04 17:40:00+02:00,17.0,17.0,15.4,7.1,52.0,23.1,87.0,68.1,0.0,0.0,0.0,0.0,0.0,16.5,16.1,72.2,4.9,11.5,95.0,1001.9,1001.9,2.7,5.3
2024-05-04 17:45:00+02:00,17.0,17.0,15.3,7.3,53.0,23.0,87.0,67.3,0.0,0.0,0.0,0.0,0.0,16.5,16.1,72.2,6.0,11.9,85.0,1001.8,1001.8,2.7,5.2
2024-05-04 17:50:00+02:00,17.1,17.1,15.7,7.4,53.0,23.0,87.0,63.9,0.0,0.0,0.0,0.0,0.0,16.5,16.1,72.2,3.8,9.7,121.0,1001.7,1001.7,2.7,5.2
2024-05-04 17:55:00+02:00,16.9,16.9,15.1,7.6,54.0,22.9,87.0,49.3,0.0,0.0,0.0,0.0,0.0,16.5,16.1,72.2,6.6,9.7,95.0,1001.7,1001.7,2.7,5.2
2024-05-04 18:00:00+02:00,16.8,16.8,15.6,7.7,55.0,22.9,87.0,52.3,0.0,0.0,0.0,0.0,0.0,16.5,16.1,72.2,3.5,6.5,89.0,1001.7,1001.7,2.7,5.2
2024-05-04 18:05:00+02:00,16.8,16.8,15.5,7.7,55.0,22.9,87.0,60.8,0.0,0.0,0.0,0.0,0.0,16.5,16.1,72.2,3.6,9.0,69.0,1001.6,1001.6,2.7,5.2
2024-05-04 18:10:00+02:00,16.8,16.8,15.5,7.6,54.0,22.9,87.0,61.3,0.0,0.0,0.0,0.0,0.0,16.5,16.1,72.2,3.5,10.4,73.0,1001.5,1001.5,2.7,5.2
2024-05-04 18:15:00+02:00,16.8,16.8,15.4,7.6,54.0,22.8,87.0,63.3,0.0,0.0,0.0,0.0,0.0,16.5,16.1,72.2,4.2,10.4,52.0,1001.6,1001.6,2.7,5.2
2024-05-04 18:20:00+02:00,16.8,16.8,15.4,7.5,54.0,22.8,86.0,39.6,0.0,0.0,0.0,0.0,0.0,16.5,16.1,72.2,4.0,9.7,96.0,1001.4,1001.4,2.7,5.2
2024-05-04 18:25:00+02:00,16.7,16.7,14.9,7.5,55.0,22.7,86.0,29.2,0.0,0.0,0.0,0.0,0.0,16.5,16.1,72.2,6.1,8.3,114.0,1001.5,1001.5,2.7,5.2
2024-05-04 18:30:00+02:00,16.7,16.7,15.8,7.9,56.0,22.7,86.0,17.1,0.0,0.0,0.0,0.0,0.0,16.5,16.1,72.2,2.0,8.6,111.0,1001.4,1001.4,2.7,5.2
2024-05-04 18:35:00+02:00,16.5,16.5,15.5,8.2,58.0,22.6,86.0,15.4,0.0,0.0,0.0,0.0,0.0,16.5,16.1,72.2,2.8,6.1,105.0,1001.5,1001.5,2.7,5.2
2024-05-04 18:40:00+02:00,16.0,16.0,14.4,8.8,62.0,22.6,86.0,13.3,0.0,0.6,0.1,0.1,0.1,16.6,16.2,72.3,6.6,10.4,116.0,1001.6,1001.6,2.7,5.2
2024-05-04 18:45:00+02:00,14.8,14.8,12.8,10.1,74.0,22.5,86.0,12.6,0.0,5.4,0.9,0.9,0.9,17.4,17.0,73.1,10.2,28.8,113.0,1002.0,1002.0,2.7,5.2
2024-05-04 18:50:00+02:00,12.9,12.9,11.3,9.9,82.0,22.4,85.0,23.4,0.0,6.6,1.1,1.1,1.1,17.6,17.2,73.3,8.4,20.2,128.0,1002.0,1002.0,2.7,5.2
2024-05-04 18:55:00+02:00,12.8,12.8,12.4,10.4,85.0,22.3,85.0,30.5,0.0,5.4,1.1,1.1,1.1,17.6,17.2,73.3,2.9,7.2,4.0,1001.8,1001.8,2.7,5.2
2024-05-04 19:00:00+02:00,12.9,12.9,12.5,10.7,87.0,22.2,85.0,48.8,0.0,0.6,1.1,1.1,1.1,17.6,17.2,73.3,3.2,7.2,319.0,1001.6,1001.6,2.7,5.2
2024-05-04 19:05:00+02:00,12.6,12.6,12.6,10.8,89.0,22.0,84.0,51.6,0.0,0.6,1.2,1.2,1.2,17.7,17.3,73.4,1.7,5.0,239.0,1001.4,1001.4,2.7,5.1
2024-05-04 19:10:00+02:00,12.5,12.5,12.5,10.9,90.0,21.8,84.0,47.8,0.0,0.6,1.2,1.2,1.2,17.7,17.3,73.4,1.6,4.0,122.0,1001.4,1001.4,2.7,5.1
2024-05-04 19:15:00+02:00,12.5,12.5,12.7,11.0,91.0,21.7,84.0,40.2,0.0,0.0,1.2,1.2,1.2,17.7,17.3,73.4,0.4,2.9,124.0,1001.3,1001.3,2.7,5.2
2024-05-04 19:20:00+02:00,12.4,12.4,12.6,11.0,91.0,21.6,84.0,38.0,0.0,0.0,1.2,1.2,1.2,17.7,17.3,73.4,1.0,2.9,279.0,1001.2,1001.2,2.7,5.2
2024-05-04 19:25:00+02:00,12.3,12.3,12.6,10.9,91.0,21.5,84.0,33.1,0.0,0.0,1.2,1.2,1.2,17.7,17.3,73.4,0.4,2.9,339.0,1001.1,1001.1,2.7,5.2
2024-05-04 19:30:00+02:00,12.5,12.5,12.8,11.1,91.0,21.4,84.0,28.3,0.0,0.0,1.2,1.2,1.2,17.7,17.3,73.4,0.4,2.5,136.0,1001.0,1001.0,2.7,5.2
2024-05-04 19:35:00+02:00,12.3,12.3,12.3,10.9,91.0,21.3,84.0,22.6,0.0,0.0,1.2,1.2,1.2,17.7,17.3,73.4,1.7,3.6,121.0,1001.0,1001.0,2.7,5.2
2024-05-04 19:40:00+02:00,12.4,12.4,12.3,11.0,91.0,21.3,84.0,22.6,0.0,0.0,1.2,1.2,1.1,17.7,17.3,73.4,1.9,4.3,313.0,1001.1,1001.1,2.7,5.2
2024-05-04 19:45:00+02:00,12.5,12.5,12.2,11.0,90.0,21.2,84.0,22.1,0.0,0.0,1.2,1.2,0.3,17.7,17.3,73.4,3.5,6.5,303.0,1000.9,1000.9,2.7,5.2
2024-05-04 19:50:00+02:00,12.5,12.5,12.3,11.1,91.0,21.1,84.0,16.3,0.0,0.0,1.2,1.2,0.1,17.7,17.3,73.4,3.0,7.2,342.0,1000.9,1000.9,2.7,5.2
2024-05-04 19:55:00+02:00,12.6,12.6,12.1,10.9,89.0,21.0,84.0,11.1,0.0,0.0,1.2,1.2,0.1,17.7,17.3,73.4,3.9,6.8,357.0,1000.9,1000.9,2.7,5.2
2024-05-04 20:00:00+02:00,12.8,12.8,12.8,11.0,89.0,20.9,84.0,6.7,0.0,0.0,1.2,1.2,0.1,17.7,17.3,73.4,1.4,6.8,351.0,1000.8,1000.8,2.7,5.2
2024-05-04 20:05:00+02:00,12.7,12.7,12.9,11.0,89.0,20.8,84.0,4.3,0.0,0.0,1.2,1.2,0.0,17.7,17.3,73.4,0.4,2.5,134.0,1000.9,1000.9,2.7,5.2
2024-05-04 20:10:00+02:00,12.5,12.5,12.5,11.1,91.0,20.7,84.0,2.5,0.0,0.0,1.2,1.2,0.0,17.7,17.3,73.4,1.8,3.2,116.0,1000.9,1000.9,2.7,5.2
2024-05-04 20:15:00+02:00,12.3,12.3,12.5,11.0,92.0,20.7,84.0,2.0,0.0,0.0,1.2,1.2,0.0,17.7,17.3,73.4,0.4,2.5,103.0,1001.0,1001.0,2.7,5.1
2024-05-04 20:20:00+02:00,12.3,12.3,12.6,11.2,93.0,20.6,84.0,2.2,0.0,0.6,1.3,1.3,0.1,17.8,17.4,73.5,0.0,2.2,297.0,1000.9,1000.9,2.7,5.1
2024-05-04 20:25:00+02:00,12.2,12.2,12.6,11.2,94.0,20.5,85.0,2.5,0.0,1.2,1.4,1.4,0.2,17.9,17.5,73.6,0.0,2.2,275.0,1000.8,1000.8,2.7,5.1
2024-05-04 20:30:00+02:00,12.1,12.1,12.4,11.2,94.0,20.4,85.0,2.5,0.0,1.2,1.5,1.5,0.3,18.0,17.6,73.7,0.4,2.9,305.0,1000.7,1000.7,2.7,5.1
2024-05-04 20:35:00+02:00,12.0,12.0,11.8,11.1,94.0,20.3,84.0,2.2,0.0,0.6,1.5,1.5,0.3,18.0,17.6,73.7,2.9,6.8,293.0,1000.6,1000.6,2.7,5.1
2024-05-04 20:40:00+02:00,12.1,12.1,11.9,11.1,94.0,20.2,84.0,1.5,0.0,0.6,1.6,1.6,0.4,18.1,17.7,73.8,2.5,5.0,355.0,1000.5,1000.5,2.7,5.1
2024-05-04 20:45:00+02:00,12.2,12.2,12.0,11.1,93.0,20.2,84.0,0.7,0.0,0.6,1.6,1.6,0.4,18.1,17.7,73.8,2.8,5.8,27.0,1000.6,1000.6,2.7,5.0
2024-05-04 20:50:00+02:00,12.2,12.2,12.3,11.1,93.0,20.1,85.0,0.5,0.0,0.6,1.7,1.7,0.5,18.2,17.8,73.9,1.3,2.9,106.0,1000.5,1000.5,2.7,5.0
2024-05-04 20:55:00+02:00,12.1,12.1,12.0,11.1,94.0,20.0,84.0,0.3,0.0,1.2,1.8,1.8,0.6,18.3,17.9,74.0,2.3,3.6,106.0,1000.5,1000.5,2.7,5.0
2024-05-04 21:00:00+02:00,12.0,12.0,12.0,11.2,95.0,20.0,84.0,0.2,0.0,1.8,1.9,1.9,0.7,18.4,18.0,74.1,1.7,3.6,129.0,1000.6,1000.6,2.7,5.0
2024-05-04 21:05:00+02:00,12.0,12.0,11.7,11.3,96.0,19.9,84.0,0.1,0.0,2.4,2.2,2.2,1.0,18.7,18.3,74.4,3.7,6.1,128.0,1000.9,1000.9,2.7,5.0
2024-05-04 21:10:00+02:00,11.9,11.9,11.8,11.3,96.0,19.8,84.0,0.0,0.0,3.6,2.6,2.6,1.4,19.1,18.7,74.8,2.9,8.6,134.0,1001.1,1001.1,2.7,5.0
2024-05-04 21:15:00+02:00,11.8,11.8,10.8,11.1,96.0,19.7,84.0,0.0,0.0,8.4,3.6,3.6,2.4,20.1,19.7,75.8,7.1,11.5,125.0,1001.2,1001.2,2.7,4.9
2024-05-04 21:20:00+02:00,11.5,11.5,10.9,10.9,96.0,19.7,84.0,0.0,0.0,8.4,4.0,4.0,2.7,20.5,20.1,76.2,4.7,10.1,136.0,1001.2,1001.2,2.7,4.9
2024-05-04 21:25:00+02:00,11.5,11.5,11.3,10.9,96.0,19.6,84.0,0.0,0.0,7.8,4.5,4.5,3.1,21.0,20.6,76.7,2.4,5.4,111.0,1001.3,1001.3,2.7,4.9
2024-05-04 21:30:00+02:00,11.4,11.4,11.2,10.9,96.0,19.4,84.0,0.0,0.0,4.8,4.7,4.7,3.2,21.2,20.8,76.9,3.0,6.1,124.0,1001.3,1001.3,2.7,4.9
2024-05-04 21:35:00+02:00,11.4,11.4,11.5,10.9,97.0,19.3,84.0,0.0,0.0,4.2,5.1,5.1,3.6,21.6,21.2,77.3,1.1,4.3,273.0,1001.2,1001.2,2.7,4.9
2024-05-04 21:40:00+02:00,11.3,11.3,11.4,10.8,97.0,19.3,84.0,0.0,0.0,3.6,5.3,5.3,3.7,21.8,21.4,77.5,0.8,2.9,357.0,1001.0,1001.0,2.7,4.9
2024-05-04 21:45:00+02:00,11.3,11.3,11.0,10.8,97.0,19.2,84.0,0.0,0.0,3.0,5.5,5.5,3.9,22.0,21.6,77.7,2.9,5.0,9.0,1000.9,1000.9,2.7,4.8
2024-05-04 21:50:00+02:00,11.2,11.2,11.2,10.8,97.0,19.1,84.0,0.0,0.0,2.4,5.7,5.7,4.0,22.2,21.8,77.9,1.3,5.4,308.0,1000.9,1000.9,2.7,4.8
2024-05-04 21:55:00+02:00,11.2,11.2,11.2,10.7,97.0,19.0,84.0,0.0,0.0,2.4,5.8,5.8,4.0,22.3,21.9,78.0,1.0,4.0,334.0,1000.6,1000.6,2.7,4.8
2024-05-04 22:00:00+02:00,11.2,11.2,11.3,10.7,97.0,18.9,84.0,0.0,0.0,2.4,6.0,6.0,4.0,22.5,22.1,78.2,0.4,4.0,326.0,1000.6,1000.6,2.7,4.8
2024-05-04 22:05:00+02:00,11.2,11.2,11.2,10.8,97.0,18.8,84.0,0.0,0.0,2.4,6.1,6.1,3.9,22.6,22.2,78.3,1.4,3.6,287.0,1000.4,1000.4,2.7,4.7
2024-05-04 22:10:00+02:00,11.2,11.2,11.2,10.8,97.0,18.8,84.0,0.0,0.0,1.2,6.2,6.2,3.5,22.7,22.3,78.4,1.4,4.0,303.0,1000.3,1000.3,2.7,4.7
2024-05-04 22:15:00+02:00,11.1,11.1,11.1,10.7,97.0,18.7,84.0,0.0,0.0,1.2,6.3,6.3,2.6,22.8,22.4,78.5,1.4,4.3,40.0,1000.2,1000.2,2.7,4.7
2024-05-04 22:20:00+02:00,11.2,11.2,11.0,10.7,97.0,18.6,84.0,0.0,0.0,1.8,6.5,6.5,2.5,23.0,22.6,78.7,1.9,4.7,46.0,1000.3,1000.3,2.7,4.7
2024-05-04 22:25:00+02:00,11.1,11.1,11.3,10.7,97.0,18.5,84.0,0.0,0.0,1.8,6.5,6.5,2.0,23.0,22.6,78.7,0.0,2.9,330.0,1000.2,1000.2,2.7,4.7
2024-05-04 22:30:00+02:00,11.1,11.1,11.3,10.7,97.0,18.5,84.0,0.0,0.0,1.2,6.6,6.6,1.8,23.1,22.7,78.8,0.0,2.5,76.0,1000.1,1000.1,2.7,4.7
2024-05-04 22:35:00+02:00,11.1,11.1,11.3,10.7,97.0,18.4,84.0,0.0,0.0,1.2,6.7,6.7,1.6,23.2,22.8,78.9,0.0,2.5,128.0,1000.0,1000.0,2.7,4.6
2024-05-04 22:40:00+02:00,11.1,11.1,11.0,10.6,97.0,18.3,84.0,0.0,0.0,1.8,6.9,6.9,1.6,23.4,23.0,79.1,1.7,4.0,318.0,1000.1,1000.1,2.7,4.6
2024-05-04 22:45:00+02:00,11.1,11.1,11.2,10.7,97.0,18.3,84.0,0.0,0.0,1.8,7.0,7.0,1.5,23.5,23.1,79.2,0.6,4.0,3.0,999.9,999.9,2.7,4.6
2024-05-04 22:50:00+02:00,11.0,11.0,11.0,10.6,97.0,18.2,84.0,0.0,0.0,1.8,7.2,7.2,1.5,23.7,23.3,79.4,1.1,3.6,322.0,999.9,999.9,2.7,4.6
2024-05-04 22:55:00+02:00,11.0,11.0,10.9,10.6,97.0,18.1,84.0,0.0,0.0,4.8,7.8,7.8,1.9,24.3,23.9,80.0,1.7,3.2,320.0,999.9,999.9,2.7,4.6
2024-05-04 23:00:00+02:00,10.9,10.9,10.7,10.4,97.0,18.1,84.0,0.0,0.0,5.4,8.0,8.0,1.9,24.5,24.1,80.2,1.9,4.3,282.0,999.8,999.8,2.7,4.6
2024-05-04 23:05:00+02:00,10.9,10.9,10.7,10.4,97.0,18.0,84.0,0.0,0.0,4.2,8.3,8.3,2.2,24.8,24.4,80.5,1.9,6.5,209.0,999.9,999.9,2.7,4.5
2024-05-04 23:10:00+02:00,10.9,10.9,10.5,10.4,97.0,17.9,84.0,0.0,0.0,2.4,8.3,8.3,2.1,24.8,24.4,80.5,2.8,6.1,3.0,999.8,999.8,2.7,4.5
2024-05-04 23:15:00+02:00,10.9,10.9,10.1,10.4,97.0,17.9,84.0,0.0,0.0,1.8,8.4,8.4,2.1,24.9,24.5,80.6,4.8,11.5,33.0,999.8,999.8,2.7,4.5
2024-05-04 23:20:00+02:00,10.8,10.8,10.3,10.3,97.0,17.8,84.0,0.0,0.0,1.2,8.5,8.5,2.0,25.0,24.6,80.7,3.0,5.4,254.0,999.7,999.7,2.7,4.5
2024-05-04 23:25:00+02:00,10.7,10.7,10.4,10.3,97.0,17.7,84.0,0.0,0.0,1.8,8.7,8.7,2.2,25.2,24.8,80.9,2.2,9.0,159.0,999.7,999.7,2.7,4.5
2024-05-04 23:30:00+02:00,10.7,10.7,10.3,10.3,97.0,17.7,84.0,0.0,0.0,2.4,9.0,9.0,2.3,25.5,25.1,81.2,2.4,5.8,206.0,999.6,999.6,2.7,4.5
2024-05-04 23:35:00+02:00,10.7,10.7,9.7,10.3,97.0,17.6,84.0,0.0,0.0,4.2,9.4,9.4,2.6,25.9,25.5,81.6,5.5,7.9,60.0,999.7,999.7,2.7,4.4
2024-05-04 23:40:00+02:00,10.7,10.7,10.2,10.2,97.0,17.6,84.0,0.0,0.0,3.6,9.5,9.5,2.6,26.0,25.6,81.7,2.7,9.7,60.0,999.8,999.8,2.7,4.4
2024-05-04 23:45:00+02:00,10.7,10.7,10.3,10.4,98.0,17.6,85.0,0.0,0.0,3.0,9.7,9.7,2.7,26.2,25.8,81.9,3.0,5.8,122.0,999.6,999.6,2.7,4.4
2024-05-04 23:50:00+02:00,10.7,10.7,10.0,10.4,98.0,17.5,85.0,0.0,0.0,1.8,9.8,9.8,2.6,26.3,25.9,82.0,4.0,7.2,103.0,999.5,999.5,2.7,4.4
2024-05-04 23:55:00+02:00,10.7,10.7,9.7,10.4,98.0,17.4,85.0,0.0,0.0,1.8,10.0,10.0,2.1,26.5,26.1,82.2,5.6,8.6,44.0,999.4,999.4,2.7,4.4
2024-05-05 00:00:00+02:00,10.6,10.6,9.9,10.3,98.0,17.4,85.0,0.0,0.0,1.2,0.0,10.0,1.9,0.0,26.1,82.2,4.1,7.2,317.0,999.2,999.2,2.7,4.4
2024-05-05 00:05:00+02:00,10.6,10.6,10.1,10.3,98.0,17.3,85.0,0.0,0.0,1.2,0.1,10.1,1.8,0.1,26.2,82.3,3.0,6.8,186.0,999.2,999.2,2.7,4.3
2024-05-05 00:10:00+02:00,10.5,10.5,10.2,10.2,98.0,17.3,85.0,0.0,0.0,0.6,0.1,10.1,1.7,0.1,26.2,82.3,2.2,6.5,97.0,999.2,999.2,2.7,4.3
2024-05-05 00:15:00+02:00,10.5,10.5,9.8,10.2,98.0,17.2,85.0,0.0,0.0,0.6,0.1,10.1,1.7,0.1,26.2,82.3,4.0,7.6,131.0,999.2,999.2,2.7,4.3
2024-05-05 00:20:00+02:00,10.5,10.5,10.5,10.2,98.0,17.2,85.0,0.0,0.0,0.0,0.1,10.1,1.5,0.1,26.2,82.3,0.8,7.2,159.0,999.1,999.1,2.7,4.3
2024-05-05 00:25:00+02:00,10.5,10.5,10.2,10.3,98.0,17.1,85.0,0.0,0.0,0.0,0.1,10.1,1.4,0.1,26.2,82.3,2.4,7.2,104.0,999.1,999.1,2.7,4.3
2024-05-05 00:30:00+02:00,10.5,10.5,10.1,10.3,98.0,17.1,85.0,0.0,0.0,0.0,0.1,10.1,1.1,0.1,26.2,82.3,3.0,6.5,110.0,999.0,999.0,2.7,4.3
2024-05-05 00:35:00+02:00,10.5,10.5,10.0,10.2,98.0,17.1,85.0,0.0,0.0,0.0,0.1,10.1,0.7,0.1,26.2,82.3,3.0,7.2,110.0,998.9,998.9,2.7,4.3
2024-05-05 00:40:00+02:00,10.5,10.5,10.1,10.2,98.0,17.0,85.0,0.0,0.0,0.0,0.1,10.1,0.6,0.1,26.2,82.3,2.4,5.4,107.0,998.8,998.8,2.7,4.3
2024-05-05 00:45:00+02:00,10.5,10.5,10.3,10.2,98.0,17.0,85.0,0.0,0.0,0.0,0.1,10.1,0.4,0.1,26.2,82.3,1.7,5.4,152.0,998.9,998.9,2.7,4.3
2024-05-05 00:50:00+02:00,10.6,10.6,10.3,10.3,98.0,17.0,85.0,0.0,0.0,0.0,0.1,10.1,0.3,0.1,26.2,82.3,2.4,6.5,125.0,998.8,998.8,2.7,4.3
2024-05-05 00:55:00+02:00,10.6,10.6,10.2,10.3,98.0,17.0,85.0,0.0,0.0,0.0,0.1,10.1,0.1,0.1,26.2,82.3,2.4,5.4,119.0,998.8,998.8,2.7,4.3
2024-05-05 01:00:00+02:00,10.6,10.6,10.4,10.3,98.0,16.9,85.0,0.0,0.0,0.0,0.1,10.1,0.1,0.1,26.2,82.3,1.5,4.3,360.0,998.7,998.7,2.7,4.3
2024-05-05 01:05:00+02:00,10.6,10.6,9.9,10.3,98.0,16.9,85.0,0.0,0.0,0.0,0.1,10.1,0.0,0.1,26.2,82.3,4.1,6.1,45.0,998.7,998.7,2.7,4.3
2024-05-05 01:10:00+02:00,10.6,10.6,10.0,10.3,98.0,16.9,85.0,0.0,0.0,0.0,0.1,10.1,0.0,0.1,26.2,82.3,3.6,6.1,75.0,998.7,998.7,2.7,4.3
2024-05-05 01:15:00+02:00,10.6,10.6,10.2,10.3,98.0,16.8,85.0,0.0,0.0,0.0,0.1,10.1,0.0,0.1,26.2,82.3,2.6,4.3,128.0,998.6,998.6,2.7,4.2
2024-05-05 01:20:00+02:00,10.6,10.6,10.1,10.3,98.0,16.8,85.0,0.0,0.0,0.0,0.1,10.1,0.0,0.1,26.2,82.3,3.0,5.4,89.0,998.6,998.6,2.7,4.2
2024-05-05 01:25:00+02:00,10.6,10.6,10.3,10.3,98.0,16.8,85.0,0.0,0.0,0.0,0.1,10.1,0.0,0.1,26.2,82.3,2.4,5.8,92.0,998.4,998.4,2.7,4.2
2024-05-05 01:30:00+02:00,10.6,10.6,10.5,10.3,98.0,16.8,85.0,0.0,0.0,0.0,0.1,10.1,0.0,0.1,26.2,82.3,1.3,5.4,153.0,998.4,998.4,2.7,4.2
2024-05-05 01:35:00+02:00,10.6,10.6,10.2,10.3,98.0,16.7,85.0,0.0,0.0,0.0,0.1,10.1,0.0,0.1,26.2,82.3,2.7,5.0,119.0,998.3,998.3,2.7,4.2
2024-05-05 01:40:00+02:00,10.6,10.6,10.1,10.3,98.0,16.7,85.0,0.0,0.0,0.0,0.1,10.1,0.0,0.1,26.2,82.3,2.7,6.1,143.0,998.4,998.4,2.7,4.2
2024-05-05 01:45:00+02:00,10.8,10.8,10.8,10.5,98.0,16.7,85.0,0.0,0.0,0.0,0.1,10.1,0.0,0.1,26.2,82.3,0.9,4.0,4.0,998.4,998.4,2.7,4.2
2024-05-05 01:50:00+02:00,10.7,10.7,10.1,10.5,98.0,16.7,85.0,0.0,0.0,0.0,0.1,10.1,0.0,0.1,26.2,82.3,4.1,5.4,101.0,998.3,998.3,2.7,4.2
2024-05-05 01:55:00+02:00,10.6,10.6,10.1,10.3,98.0,16.7,85.0,0.0,0.0,0.0,0.1,10.1,0.0,0.1,26.2,82.3,3.2,5.0,123.0,998.2,998.2,2.7,4.2
2024-05-05 02:00:00+02:00,10.6,10.6,9.8,10.3,98.0,16.6,85.0,0.0,0.0,0.0,0.1,10.1,0.0,0.1,26.2,82.3,4.9,6.1,131.0,998.2,998.2,2.7,4.2
2024-05-05 02:05:00+02:00,10.6,10.6,10.5,10.3,98.0,16.6,85.0,0.0,0.0,0.0,0.1,10.1,0.0,0.1,26.2,82.3,1.4,6.1,101.0,998.1,998.1,2.7,4.2
2024-05-05 02:10:00+02:00,10.6,10.6,10.3,10.3,98.0,16.6,85.0,0.0,0.0,0.0,0.1,10.1,0.0,0.1,26.2,82.3,2.0,6.1,98.0,998.0,998.0,2.7,4.2
2024-05-05 02:15:00+02:00,10.6,10.6,10.1,10.4,99.0,16.6,85.0,0.0,0.0,0.0,0.1,10.1,0.0,0.1,26.2,82.3,3.3,7.6,21.0,998.0,998.0,2.7,4.2
2024-05-05 02:20:00+02:00,10.6,10.6,10.2,10.4,99.0,16.6,85.0,0.0,0.0,0.0,0.1,10.1,0.0,0.1,26.2,82.3,2.8,5.0,90.0,998.0,998.0,2.7,4.2
2024-05-05 02:25:00+02:00,10.5,10.5,10.2,10.4,99.0,16.6,85.0,0.0,0.0,0.0,0.1,10.1,0.0,0.1,26.2,82.3,2.4,5.0,107.0,997.9,997.9,2.7,4.2
2024-05-05 02:30:00+02:00,10.5,10.5,10.2,10.3,99.0,16.5,85.0,0.0,0.0,0.0,0.1,10.1,0.0,0.1,26.2,82.3,2.2,4.0,119.0,997.9,997.9,2.7,4.2
2024-05-05 02:35:00+02:00,10.4,10.4,10.1,10.2,99.0,16.5,85.0,0.0,0.0,0.0,0.1,10.1,0.0,0.1,26.2,82.3,2.2,4.3,116.0,997.9,997.9,2.7,4.1
2024-05-05 02:40:00+02:00,10.2,10.2,9.8,10.1,99.0,16.5,85.0,0.0,0.0,0.0,0.1,10.1,0.0,0.1,26.2,82.3,2.5,4.3,134.0,997.9,997.9,2.7,4.1
2024-05-05 02:45:00+02:00,10.1,10.1,9.7,10.0,99.0,16.5,85.0,0.0,0.0,0.0,0.1,10.1,0.0,0.1,26.2,82.3,2.4,6.5,75.0,997.9,997.9,2.7,4.1
2024-05-05 02:50:00+02:00,10.2,10.2,9.9,10.0,99.0,16.5,85.0,0.0,0.0,0.0,0.1,10.1,0.0,0.1,26.2,82.3,1.9,6.5,86.0,997.9,997.9,2.7,4.1
2024-05-05 02:55:00+02:00,10.1,10.1,9.7,9.9,99.0,16.4,85.0,0.0,0.0,0.0,0.1,10.1,0.0,0.1,26.2,82.3,2.2,5.0,79.0,997.9,997.9,2.7,4.1
2024-05-05 03:00:00+02:00,10.2,10.2,9.8,10.0,99.0,16.4,85.0,0.0,0.0,0.0,0.1,10.1,0.0,0.1,26.2,82.3,2.2,5.0,97.0,997.9,997.9,2.7,4.1
2024-05-05 03:05:00+02:00,10.2,10.2,9.9,10.1,99.0,16.4,85.0,0.0,0.0,0.0,0.1,10.1,0.0,0.1,26.2,82.3,1.7,4.0,88.0,997.8,997.8,2.7,4.1
2024-05-05 03:10:00+02:00,10.2,10.2,9.7,10.1,99.0,16.3,85.0,0.0,0.0,0.0,0.1,10.1,0.0,0.1,26.2,82.3,2.7,4.0,123.0,997.8,997.8,2.7,4.1
2024-05-05 03:15:00+02:00,10.2,10.2,9.7,10.1,99.0,16.3,85.0,0.0,0.0,0.0,0.1,10.1,0.0,0.1,26.2,82.3,2.9,4.7,113.0,997.8,997.8,2.7,4.1
2024-05-05 03:20:00+02:00,10.3,10.3,10.0,10.2,99.0,16.3,85.0,0.0,0.0,0.0,0.1,10.1,0.0,0.1,26.2,82.3,2.2,5.0,116.0,997.8,997.8,2.7,4.1
2024-05-05 03:25:00+02:00,10.4,10.4,9.8,10.2,99.0,16.3,85.0,0.0,0.0,0.0,0.1,10.1,0.0,0.1,26.2,82.3,3.8,6.8,116.0,997.9,997.9,2.7,4.1
2024-05-05 03:30:00+02:00,10.4,10.4,9.9,10.2,99.0,16.2,85.0,0.0,0.0,0.0,0.1,10.1,0.0,0.1,26.2,82.3,3.0,6.1,119.0,997.9,997.9,2.7,4.1
2024-05-05 03:35:00+02:00,10.4,10.4,9.8,10.2,99.0,16.2,85.0,0.0,0.0,0.0,0.1,10.1,0.0,0.1,26.2,82.3,3.9,6.5,112.0,997.8,997.8,2.7,4.1
2024-05-05 03:40:00+02:00,10.4,10.4,9.8,10.3,99.0,16.2,85.0,0.0,0.0,0.0,0.1,10.1,0.0,0.1,26.2,82.3,4.0,6.1,128.0,997.9,997.9,2.7,4.1
2024-05-05 03:45:00+02:00,10.5,10.5,9.6,10.3,99.0,16.1,85.0,0.0,0.0,0.0,0.1,10.1,0.0,0.1,26.2,82.3,5.2,7.9,110.0,997.8,997.8,2.7,4.1
2024-05-05 03:50:00+02:00,10.5,10.5,9.9,10.3,99.0,16.1,85.0,0.0,0.0,0.0,0.1,10.1,0.0,0.1,26.2,82.3,3.9,7.2,128.0,997.9,997.9,2.7,4.1
2024-05-05 03:55:00+02:00,10.5,10.5,9.7,10.3,99.0,16.1,85.0,0.0,0.0,0.0,0.1,10.1,0.0,0.1,26.2,82.3,4.7,7.9,122.0,998.0,998.0,2.7,4.1
2024-05-05 04:00:00+02:00,10.5,10.5,9.6,10.3,99.0,16.1,85.0,0.0,0.0,0.0,0.1,10.1,0.0,0.1,26.2,82.3,5.4,9.0,114.0,998.0,998.0,2.7,4.1
2024-05-05 04:05:00+02:00,10.5,10.5,10.0,10.3,99.0,16.1,85.0,0.0,0.0,0.0,0.1,10.1,0.0,0.1,26.2,82.3,3.2,9.0,116.0,998.0,998.0,2.7,4.0
2024-05-05 04:10:00+02:00,10.4,10.4,9.7,10.3,99.0,16.1,85.0,0.0,0.0,0.0,0.1,10.1,0.0,0.1,26.2,82.3,4.6,7.2,116.0,998.1,998.1,2.7,4.0
2024-05-05 04:15:00+02:00,10.5,10.5,9.7,10.3,99.0,16.0,85.0,0.0,0.0,0.0,0.1,10.1,0.0,0.1,26.2,82.3,5.0,9.7,117.0,998.1,998.1,2.7,4.0
2024-05-05 04:20:00+02:00,10.5,10.5,9.5,10.3,99.0,16.0,85.0,0.0,0.0,0.0,0.1,10.1,0.0,0.1,26.2,82.3,5.7,10.1,117.0,998.1,998.1,2.7,4.0
2024-05-05 04:25:00+02:00,10.5,10.5,9.6,10.3,99.0,16.0,85.0,0.0,0.0,0.0,0.1,10.1,0.0,0.1,26.2,82.3,5.2,7.9,129.0,998.1,998.1,2.7,4.0
2024-05-05 04:30:00+02:00,10.5,10.5,9.7,10.3,99.0,16.0,85.0,0.0,0.0,0.0,0.1,10.1,0.0,0.1,26.2,82.3,5.0,7.2,121.0,998.1,998.1,2.7,4.0
2024-05-05 04:35:00+02:00,10.5,10.5,9.8,10.4,99.0,15.9,85.0,0.0,0.0,0.0,0.1,10.1,0.0,0.1,26.2,82.3,4.4,16.9,107.0,998.1,998.1,2.7,4.0
2024-05-05 04:40:00+02:00,10.6,10.6,9.4,10.3,98.0,15.9,85.0,0.0,0.0,0.0,0.1,10.1,0.0,0.1,26.2,82.3,6.6,11.2,119.0,998.1,998.1,2.7,4.0
2024-05-05 04:45:00+02:00,10.6,10.6,9.4,10.3,98.0,15.9,85.0,0.0,0.0,0.0,0.1,10.1,0.0,0.1,26.2,82.3,6.9,10.4,134.0,998.1,998.1,2.7,4.0
2024-05-05 04:50:00+02:00,10.6,10.6,9.6,10.4,98.0,15.9,85.0,0.0,0.0,0.0,0.1,10.1,0.0,0.1,26.2,82.3,6.1,9.4,117.0,998.2,998.2,2.7,4.0
2024-05-05 04:55:00+02:00,10.7,10.7,9.1,10.4,98.0,15.8,85.0,0.0,0.0,0.0,0.1,10.1,0.0,0.1,26.2,82.3,8.9,16.2,127.0,998.1,998.1,2.7,4.0
2024-05-05 05:00:00+02:00,10.7,10.7,9.7,10.4,98.0,15.8,85.0,0.0,0.0,0.0,0.1,10.1,0.0,0.1,26.2,82.3,5.9,16.2,121.0,998.2,998.2,2.7,4.0
2024-05-05 05:05:00+02:00,10.7,10.7,9.9,10.3,97.0,15.8,85.0,0.0,0.0,0.0,0.1,10.1,0.0,0.1,26.2,82.3,4.7,10.8,122.0,998.3,998.3,2.7,4.0
2024-05-05 05:10:00+02:00,10.6,10.6,9.2,10.2,97.0,15.8,85.0,0.0,0.0,0.0,0.1,10.1,0.0,0.1,26.2,82.3,7.9,11.9,115.0,998.2,998.2,2.7,4.0
2024-05-05 05:15:00+02:00,10.6,10.6,9.3,10.2,97.0,15.8,85.0,0.0,0.0,0.0,0.1,10.1,0.0,0.1,26.2,82.3,7.3,12.2,110.0,998.3,998.3,2.7,4.0
2024-05-05 05:20:00+02:00,10.6,10.6,9.0,10.1,97.0,15.8,85.0,0.0,0.0,0.0,0.1,10.1,0.0,0.1,26.2,82.3,8.6,19.1,114.0,998.4,998.4,2.7,4.0
2024-05-05 05:25:00+02:00,10.6,10.6,9.5,10.0,96.0,15.8,85.0,0.0,0.0,0.0,0.1,10.1,0.0,0.1,26.2,82.3,5.3,19.1,119.0,998.5,998.5,2.7,4.0
2024-05-05 05:30:00+02:00,10.5,10.5,8.9,9.9,96.0,15.8,85.0,0.0,0.0,0.0,0.1,10.1,0.0,0.1,26.2,82.3,8.2,13.7,115.0,998.5,998.5,2.7,4.0
2024-05-05 05:35:00+02:00,10.4,10.4,9.4,9.8,96.0,15.8,85.0,0.1,0.0,0.0,0.1,10.1,0.0,0.1,26.2,82.3,5.2,20.5,115.0,998.5,998.5,2.7,4.0
2024-05-05 05:40:00+02:00,10.3,10.3,8.8,9.7,96.0,15.7,85.0,0.2,0.0,0.0,0.1,10.1,0.0,0.1,26.2,82.3,7.9,14.8,118.0,998.6,998.6,2.7,4.0
2024-05-05 05:45:00+02:00,10.3,10.3,8.8,9.7,96.0,15.7,85.0,0.6,0.0,0.0,0.1,10.1,0.0,0.1,26.2,82.3,7.4,12.6,135.0,998.5,998.5,2.7,3.9
2024-05-05 05:50:00+02:00,10.2,10.2,8.8,9.6,96.0,15.7,85.0,1.2,0.0,0.0,0.1,10.1,0.0,0.1,26.2,82.3,7.3,12.6,118.0,998.4,998.4,2.7,3.9
2024-05-05 05:55:00+02:00,10.2,10.2,9.0,9.6,96.0,15.6,85.0,1.4,0.0,0.0,0.1,10.1,0.0,0.1,26.2,82.3,6.0,13.3,126.0,998.4,998.4,2.7,3.9
2024-05-05 06:00:00+02:00,10.2,10.2,8.9,9.6,96.0,15.6,85.0,1.5,0.0,0.0,0.1,10.1,0.0,0.1,26.2,82.3,6.3,9.7,121.0,998.6,998.6,2.7,3.9
2024-05-05 06:05:00+02:00,10.2,10.2,8.5,9.6,96.0,15.6,85.0,2.1,0.0,0.0,0.1,10.1,0.0,0.1,26.2,82.3,8.1,12.6,121.0,998.6,998.6,2.7,3.9
2024-05-05 06:10:00+02:00,10.2,10.2,8.8,9.6,96.0,15.6,85.0,3.8,0.0,0.0,0.1,10.1,0.0,0.1,26.2,82.3,6.8,19.1,116.0,998.7,998.7,2.7,3.9
2024-05-05 06:15:00+02:00,10.2,10.2,8.8,9.6,96.0,15.6,85.0,3.8,0.0,0.0,0.1,10.1,0.0,0.1,26.2,82.3,7.0,15.5,114.0,998.7,998.7,2.7,3.9
2024-05-05 06:20:00+02:00,10.2,10.2,8.5,9.6,96.0,15.6,85.0,3.5,0.0,0.0,0.1,10.1,0.0,0.1,26.2,82.3,8.1,19.8,112.0,998.8,998.8,2.7,3.9
2024-05-05 06:25:00+02:00,10.2,10.2,8.5,9.6,96.0,15.5,85.0,2.9,0.0,0.0,0.1,10.1,0.0,0.1,26.2,82.3,8.6,14.4,121.0,998.7,998.7,2.7,3.9
2024-05-05 06:30:00+02:00,10.1,10.1,8.6,9.5,96.0,15.5,85.0,2.8,0.0,0.0,0.1,10.1,0.0,0.1,26.2,82.3,7.2,14.0,127.0,998.9,998.9,2.7,3.9
2024-05-05 06:35:00+02:00,10.1,10.1,8.5,9.5,96.0,15.5,85.0,3.8,0.0,0.0,0.1,10.1,0.0,0.1,26.2,82.3,7.7,17.6,123.0,999.0,999.0,2.7,3.9
2024-05-05 06:40:00+02:00,10.1,9.8,8.2,9.5,96.0,15.5,85.0,9.6,0.0,0.0,0.1,10.1,0.0,0.1,26.2,82.3,8.8,16.6,123.0,998.9,998.9,2.7,3.9
2024-05-05 06:45:00+02:00,10.1,9.5,7.7,9.4,96.0,15.5,85.0,22.8,0.0,0.0,0.1,10.1,0.0,0.1,26.2,82.3,11.5,15.8,117.0,998.9,998.9,2.7,3.9
2024-05-05 06:50:00+02:00,10.1,10.1,8.4,9.4,95.0,15.4,85.0,26.8,0.0,0.0,0.1,10.1,0.0,0.1,26.2,82.3,8.1,17.3,126.0,999.0,999.0,2.7,3.9
2024-05-05 06:55:00+02:00,10.1,10.1,8.3,9.4,95.0,15.4,85.0,23.1,0.0,0.0,0.1,10.1,0.0,0.1,26.2,82.3,8.6,13.0,129.0,999.0,999.0,2.7,3.9
2024-05-05 07:00:00+02:00,10.1,10.1,8.4,9.3,95.0,15.4,85.0,24.1,0.0,0.0,0.1,10.1,0.0,0.1,26.2,82.3,8.4,16.2,122.0,999.1,999.1,2.7,3.9
2024-05-05 07:05:00+02:00,10.2,10.2,8.7,9.4,95.0,15.4,85.0,15.3,0.0,0.0,0.1,10.1,0.0,0.1,26.2,82.3,6.7,14.8,115.0,999.1,999.1,2.7,3.9
2024-05-05 07:10:00+02:00,10.1,9.8,7.8,9.3,95.0,15.4,85.0,19.3,0.0,0.0,0.1,10.1,0.0,0.1,26.2,82.3,11.2,15.8,121.0,999.2,999.2,2.7,3.9
2024-05-05 07:15:00+02:00,10.1,9.9,8.3,9.3,95.0,15.3,85.0,20.2,0.0,0.0,0.1,10.1,0.0,0.1,26.2,82.3,8.4,15.1,121.0,999.1,999.1,2.7,3.9
2024-05-05 07:20:00+02:00,10.1,10.1,8.2,9.3,95.0,15.3,85.0,35.8,0.0,0.0,0.1,10.1,0.0,0.1,26.2,82.3,9.4,19.1,120.0,999.1,999.1,2.7,3.9
2024-05-05 07:25:00+02:00,10.1,10.1,8.9,9.3,95.0,15.3,85.0,60.9,0.0,0.0,0.1,10.1,0.0,0.1,26.2,82.3,5.8,14.0,127.0,999.1,999.1,2.7,3.9
2024-05-05 07:30:00+02:00,10.2,10.2,8.9,9.4,95.0,15.3,85.0,50.4,0.0,0.0,0.1,10.1,0.0,0.1,26.2,82.3,5.7,16.2,124.0,999.2,999.2,2.7,3.9
2024-05-05 07:35:00+02:00,10.1,10.1,8.6,9.3,95.0,15.3,85.0,33.0,0.0,0.0,0.1,10.1,0.0,0.1,26.2,82.3,7.1,15.1,124.0,999.2,999.2,2.7,3.9
2024-05-05 07:40:00+02:00,10.1,10.1,8.5,9.3,95.0,15.3,85.0,28.6,0.0,0.0,0.1,10.1,0.0,0.1,26.2,82.3,7.4,16.6,123.0,999.4,999.4,2.7,3.9
2024-05-05 07:45:00+02:00,10.1,10.1,9.0,9.3,95.0,15.3,85.0,35.7,0.0,0.0,0.1,10.1,0.0,0.1,26.2,82.3,5.1,11.2,128.0,999.5,999.5,2.7,3.9
2024-05-05 07:50:00+02:00,10.1,9.9,8.0,9.1,94.0,15.3,85.0,38.8,0.0,0.0,0.1,10.1,0.0,0.1,26.2,82.3,9.6,22.3,116.0,999.5,999.5,2.7,3.9
2024-05-05 07:55:00+02:00,10.1,10.1,8.4,9.2,94.0,15.3,85.0,35.0,0.0,0.0,0.1,10.1,0.0,0.1,26.2,82.3,8.0,17.3,113.0,999.5,999.5,2.7,3.9
2024-05-05 08:00:00+02:00,10.2,10.2,9.2,9.2,94.0,15.3,85.0,41.2,0.0,0.0,0.1,10.1,0.0,0.1,26.2,82.3,4.1,11.2,125.0,999.5,999.5,2.7,3.9
2024-05-05 08:05:00+02:00,10.1,10.1,8.9,9.2,94.0,15.3,85.0,37.1,0.0,0.0,0.1,10.1,0.0,0.1,26.2,82.3,5.0,11.2,131.0,999.6,999.6,2.7,3.9
2024-05-05 08:10:00+02:00,10.1,10.1,8.2,9.1,93.0,15.3,85.0,43.4,0.0,0.0,0.1,10.1,0.0,0.1,26.2,82.3,8.5,20.2,124.0,999.6,999.6,2.7,3.9
2024-05-05 08:15:00+02:00,10.2,10.2,8.2,9.0,92.0,15.3,85.0,122.7,1.0,0.0,0.1,10.1,0.0,0.1,26.2,82.3,8.7,20.9,125.0,999.5,999.5,2.7,3.9
2024-05-05 08:20:00+02:00,10.4,10.4,8.5,9.1,92.0,15.3,85.0,143.4,1.0,0.0,0.1,10.1,0.0,0.1,26.2,82.3,8.9,19.8,118.0,999.5,999.5,2.7,3.9
2024-05-05 08:25:00+02:00,10.6,10.6,9.0,9.3,92.0,15.3,85.0,126.8,1.0,0.0,0.1,10.1,0.0,0.1,26.2,82.3,7.4,15.5,120.0,999.5,999.5,2.7,3.9
2024-05-05 08:30:00+02:00,10.5,10.5,8.3,9.2,91.0,15.3,85.0,80.8,0.0,0.0,0.1,10.1,0.0,0.1,26.2,82.3,10.8,17.3,118.0,999.7,999.7,2.7,3.9
2024-05-05 08:35:00+02:00,10.5,10.5,8.7,9.1,91.0,15.3,86.0,84.3,0.0,0.0,0.1,10.1,0.0,0.1,26.2,82.3,8.4,21.6,118.0,999.8,999.8,2.7,4.0
2024-05-05 08:40:00+02:00,10.5,10.5,8.2,9.1,91.0,15.4,86.0,101.7,0.0,0.0,0.1,10.1,0.0,0.1,26.2,82.3,10.9,15.8,126.0,999.9,999.9,2.7,4.0
2024-05-05 08:45:00+02:00,10.6,10.6,9.4,9.2,91.0,15.4,86.0,156.0,1.0,0.0,0.1,10.1,0.0,0.1,26.2,82.3,5.4,14.4,121.0,999.8,999.8,2.7,4.0
2024-05-05 08:50:00+02:00,10.7,10.7,9.4,9.2,90.0,15.4,86.0,167.9,1.0,0.0,0.1,10.1,0.0,0.1,26.2,82.3,5.8,14.0,147.0,999.8,999.8,2.7,4.0
2024-05-05 08:55:00+02:00,11.0,11.0,9.7,9.4,90.0,15.4,86.0,207.1,1.0,0.0,0.1,10.1,0.0,0.1,26.2,82.3,6.3,13.0,121.0,999.9,999.9,2.7,4.1
2024-05-05 09:00:00+02:00,11.1,11.1,9.2,9.4,89.0,15.5,86.0,174.8,1.0,0.0,0.1,10.1,0.0,0.1,26.2,82.3,9.2,21.2,133.0,999.8,999.8,2.7,4.1
2024-05-05 09:05:00+02:00,11.2,11.2,9.6,9.4,89.0,15.6,86.0,138.0,1.0,0.0,0.1,10.1,0.0,0.1,26.2,82.3,7.2,17.6,112.0,999.8,999.8,2.7,4.1
2024-05-05 09:10:00+02:00,11.2,11.2,9.8,9.4,88.0,15.6,86.0,164.3,1.0,0.0,0.1,10.1,0.0,0.1,26.2,82.3,7.0,17.6,120.0,999.9,999.9,2.7,4.1
2024-05-05 09:15:00+02:00,11.5,11.5,10.3,9.6,88.0,15.7,86.0,129.8,1.0,0.0,0.1,10.1,0.0,0.1,26.2,82.3,5.7,14.8,100.0,999.9,999.9,2.7,4.2
2024-05-05 09:20:00+02:00,11.4,11.4,10.5,9.5,88.0,15.8,87.0,130.5,1.0,0.0,0.1,10.1,0.0,0.1,26.2,82.3,4.3,16.9,140.0,1000.0,1000.0,2.7,4.2
2024-05-05 09:25:00+02:00,11.5,11.5,10.3,9.5,88.0,15.8,87.0,90.5,0.0,0.0,0.1,10.1,0.0,0.1,26.2,82.3,5.6,14.0,137.0,1000.0,1000.0,2.7,4.2
2024-05-05 09:30:00+02:00,11.4,11.4,10.4,9.3,87.0,15.9,87.0,72.5,0.0,0.0,0.1,10.1,0.0,0.1,26.2,82.3,4.5,9.7,124.0,1000.0,1000.0,2.7,4.2
2024-05-05 09:35:00+02:00,11.4,11.4,10.4,9.5,88.0,15.9,87.0,61.4,0.0,0.0,0.1,10.1,0.0,0.1,26.2,82.3,4.6,9.4,178.0,1000.0,1000.0,2.7,4.2
2024-05-05 09:40:00+02:00,11.4,11.4,10.6,9.5,88.0,16.0,86.0,108.2,1.0,0.0,0.1,10.1,0.0,0.1,26.2,82.3,3.7,14.4,128.0,1000.0,1000.0,2.7,4.2
2024-05-05 09:45:00+02:00,11.3,11.3,10.3,9.5,88.0,16.0,86.0,104.7,0.0,0.0,0.1,10.1,0.0,0.1,26.2,82.3,4.5,14.4,111.0,1000.1,1000.1,2.7,4.2
2024-05-05 09:50:00+02:00,11.3,11.3,10.2,9.4,88.0,16.0,86.0,105.0,0.0,0.0,0.1,10.1,0.0,0.1,26.2,82.3,5.2,9.4,111.0,1000.1,1000.1,2.7,4.2
2024-05-05 09:55:00+02:00,11.4,11.4,10.3,9.5,88.0,16.0,86.0,101.8,0.0,0.0,0.1,10.1,0.0,0.1,26.2,82.3,5.0,9.7,183.0,1000.1,1000.1,2.7,4.3
2024-05-05 10:00:00+02:00,11.5,11.5,10.4,9.4,87.0,16.1,86.0,244.0,2.0,0.0,0.1,10.1,0.0,0.1,26.2,82.3,5.0,10.8,167.0,1000.1,1000.1,2.7,4.3
2024-05-05 10:05:00+02:00,11.9,11.9,11.1,9.6,86.0,16.1,86.0,311.4,2.0,0.0,0.1,10.1,0.0,0.1,26.2,82.3,3.6,13.0,221.0,1000.2,1000.2,2.7,4.3
2024-05-05 10:10:00+02:00,12.4,12.4,10.8,9.9,85.0,16.2,87.0,268.5,2.0,0.0,0.1,10.1,0.0,0.1,26.2,82.3,8.1,18.4,139.0,1000.0,1000.0,2.7,4.3
2024-05-05 10:15:00+02:00,12.2,12.2,10.6,9.6,84.0,16.3,87.0,239.1,2.0,0.0,0.1,10.1,0.0,0.1,26.2,82.3,7.6,19.4,133.0,1000.1,1000.1,2.68,4.5
2024-05-05 10:20:00+02:00,12.1,12.1,10.2,9.6,84.0,16.3,87.0,125.5,1.0,0.0,0.1,10.1,0.0,0.1,26.2,82.3,9.7,25.2,127.0,1000.1,1000.1,2.68,4.5
2024-05-05 10:25:00+02:00,11.8,11.8,10.3,9.5,86.0,16.5,87.0,162.0,1.0,0.0,0.1,10.1,0.0,0.1,26.2,82.3,7.3,21.6,104.0,1000.3,1000.3,2.7,4.5
2024-05-05 10:30:00+02:00,11.6,11.6,9.6,9.2,85.0,16.6,87.0,102.9,0.0,0.0,0.1,10.1,0.0,0.1,26.2,82.3,9.3,20.2,138.0,1000.3,1000.3,2.7,4.5
2024-05-05 10:35:00+02:00,11.5,11.5,10.4,9.2,86.0,16.7,87.0,104.2,0.0,0.0,0.1,10.1,0.0,0.1,26.2,82.3,4.8,16.2,120.0,1000.3,1000.3,2.7,4.6
2024-05-05 10:40:00+02:00,11.7,11.7,10.0,9.3,86.0,16.7,87.0,161.9,1.0,0.0,0.1,10.1,0.0,0.1,26.2,82.3,7.6,18.0,128.0,1000.2,1000.2,2.7,4.6
2024-05-05 10:45:00+02:00,11.7,11.7,10.3,9.4,86.0,16.8,87.0,179.5,1.0,0.0,0.1,10.1,0.0,0.1,26.2,82.3,6.8,13.3,124.0,1000.3,1000.3,2.7,4.6
2024-05-05 10:50:00+02:00,11.9,11.9,11.1,9.5,85.0,16.8,87.0,119.3,1.0,0.0,0.1,10.1,0.0,0.1,26.2,82.3,3.8,8.6,198.0,1000.3,1000.3,2.7,4.6
2024-05-05 10:55:00+02:00,12.1,12.1,11.6,9.6,85.0,16.9,87.0,74.7,0.0,0.0,0.1,10.1,0.0,0.1,26.2,82.3,2.4,6.1,98.0,1000.2,1000.2,2.7,4.7
2024-05-05 11:00:00+02:00,12.1,12.1,11.2,9.6,85.0,16.9,87.0,71.0,0.0,0.0,0.1,10.1,0.0,0.1,26.2,82.3,3.8,9.0,165.0,1000.3,1000.3,2.7,4.7
2024-05-05 11:05:00+02:00,11.8,11.8,10.5,9.4,85.0,17.0,87.0,105.0,0.0,0.0,0.1,10.1,0.0,0.1,26.2,82.3,5.8,11.5,128.0,1000.4,1000.4,2.7,4.7
2024-05-05 11:10:00+02:00,11.7,11.7,10.1,9.3,85.0,17.0,87.0,135.5,1.0,0.0,0.1,10.1,0.0,0.1,26.2,82.3,7.6,13.3,119.0,1000.5,1000.5,2.7,4.7
2024-05-05 11:15:00+02:00,11.7,11.7,10.0,9.3,85.0,17.0,87.0,90.0,0.0,0.0,0.1,10.1,0.0,0.1,26.2,82.3,8.1,15.8,128.0,1000.3,1000.3,2.7,4.7
2024-05-05 11:20:00+02:00,11.6,11.6,10.1,9.1,85.0,17.0,87.0,67.8,0.0,0.0,0.1,10.1,0.0,0.1,26.2,82.3,6.5,18.7,116.0,1000.5,1000.5,2.7,4.7
2024-05-05 11:25:00+02:00,11.5,11.5,10.4,9.0,85.0,17.0,87.0,80.7,0.0,0.0,0.1,10.1,0.0,0.1,26.2,82.3,4.8,16.6,135.0,1000.5,1000.5,2.7,4.7
2024-05-05 11:30:00+02:00,11.5,11.5,9.9,9.0,85.0,17.1,86.0,106.9,0.0,0.0,0.1,10.1,0.0,0.1,26.2,82.3,7.3,16.6,124.0,1000.5,1000.5,2.7,4.7
2024-05-05 11:35:00+02:00,11.7,11.7,10.5,9.1,84.0,17.1,86.0,88.6,0.0,0.0,0.1,10.1,0.0,0.1,26.2,82.3,4.9,16.6,150.0,1000.7,1000.7,2.7,4.8
2024-05-05 11:40:00+02:00,11.8,11.8,11.3,9.1,83.0,17.1,86.0,75.4,0.0,0.0,0.1,10.1,0.0,0.1,26.2,82.3,1.9,16.6,144.0,1000.7,1000.7,2.7,4.8
2024-05-05 11:45:00+02:00,11.9,11.9,11.2,9.3,84.0,17.1,86.0,80.4,0.0,0.0,0.1,10.1,0.0,0.1,26.2,82.3,2.9,7.6,113.0,1000.6,1000.6,2.7,4.8
2024-05-05 11:50:00+02:00,12.0,12.0,10.9,9.4,84.0,17.1,86.0,127.9,1.0,0.0,0.1,10.1,0.0,0.1,26.2,82.3,5.3,14.4,132.0,1000.7,1000.7,2.7,4.8
2024-05-05 11:55:00+02:00,12.0,12.0,11.1,9.3,83.0,17.1,86.0,107.4,0.0,0.0,0.1,10.1,0.0,0.1,26.2,82.3,4.2,19.1,91.0,1000.8,1000.8,2.7,4.8
2024-05-05 12:00:00+02:00,12.0,12.0,11.0,9.2,83.0,17.1,86.0,90.4,0.0,0.0,0.1,10.1,0.0,0.1,26.2,82.3,4.3,13.7,112.0,1000.8,1000.8,2.7,4.8
2024-05-05 12:05:00+02:00,11.9,11.9,10.6,9.1,83.0,17.1,86.0,108.5,1.0,0.0,0.1,10.1,0.0,0.1,26.2,82.3,6.0,13.7,113.0,1000.7,1000.7,2.7,4.9
2024-05-05 12:10:00+02:00,12.1,12.1,11.0,9.1,82.0,17.1,86.0,154.3,1.0,0.0,0.1,10.1,0.0,0.1,26.2,82.3,4.4,7.9,202.0,1000.9,1000.9,2.7,4.9
2024-05-05 12:15:00+02:00,12.3,12.3,11.4,9.2,81.0,17.1,86.0,203.7,1.0,0.0,0.1,10.1,0.0,0.1,26.2,82.3,3.5,13.7,178.0,1000.9,1000.9,2.7,4.9
2024-05-05 12:20:00+02:00,12.7,12.7,11.6,9.4,81.0,17.1,86.0,361.5,3.0,0.0,0.1,10.1,0.0,0.1,26.2,82.3,5.0,15.8,143.0,1000.7,1000.7,2.7,4.9
2024-05-05 12:25:00+02:00,13.1,13.1,11.9,9.8,80.0,17.2,86.0,470.9,4.0,0.0,0.1,10.1,0.0,0.1,26.2,82.3,6.1,17.3,135.0,1000.7,1000.7,2.7,5.0
2024-05-05 12:30:00+02:00,14.1,14.1,13.5,10.2,77.0,17.2,87.0,342.6,3.0,0.0,0.1,10.1,0.0,0.1,26.2,82.3,3.7,12.6,134.0,1000.7,1000.7,2.7,5.0
2024-05-05 12:35:00+02:00,13.9,13.9,12.9,9.8,76.0,17.3,87.0,281.6,2.0,0.0,0.1,10.1,0.0,0.1,26.2,82.3,5.2,19.1,120.0,1000.7,1000.7,2.7,5.2
2024-05-05 12:40:00+02:00,13.9,13.9,13.1,9.7,76.0,17.4,87.0,229.0,2.0,0.0,0.1,10.1,0.0,0.1,26.2,82.3,4.1,14.0,129.0,1000.7,1000.7,2.7,5.2
2024-05-05 12:45:00+02:00,14.0,14.0,13.3,9.5,74.0,17.5,87.0,224.4,2.0,0.0,0.1,10.1,0.0,0.1,26.2,82.3,3.2,10.1,237.0,1000.7,1000.7,2.7,5.2
2024-05-05 12:50:00+02:00,14.1,14.1,13.1,9.0,71.0,17.6,88.0,254.1,2.0,0.0,0.1,10.1,0.0,0.1,26.2,82.3,4.2,10.4,209.0,1000.7,1000.7,2.7,5.2
2024-05-05 12:55:00+02:00,14.2,14.2,13.1,9.2,72.0,17.7,88.0,228.1,2.0,0.0,0.1,10.1,0.0,0.1,26.2,82.3,5.1,9.7,136.0,1000.8,1000.8,2.7,5.2
2024-05-05 13:00:00+02:00,14.3,14.3,13.6,9.0,71.0,17.8,88.0,224.5,2.0,0.0,0.1,10.1,0.0,0.1,26.2,82.3,2.7,9.4,151.0,1000.7,1000.7,2.7,5.2
2024-05-05 13:05:00+02:00,14.2,14.2,13.2,9.3,72.0,17.8,88.0,201.5,1.0,0.0,0.1,10.1,0.0,0.1,26.2,82.3,5.0,12.2,136.0,1000.8,1000.8,2.7,5.2
2024-05-05 13:10:00+02:00,13.9,13.9,13.4,9.2,73.0,17.9,88.0,148.8,1.0,0.0,0.1,10.1,0.0,0.1,26.2,82.3,1.9,10.4,160.0,1000.8,1000.8,2.7,5.2
2024-05-05 13:15:00+02:00,14.1,14.1,13.3,9.0,71.0,18.0,88.0,102.5,0.0,0.0,0.1,10.1,0.0,0.1,26.2,82.3,3.1,14.4,231.0,1000.7,1000.7,2.7,5.2
2024-05-05 13:20:00+02:00,14.0,14.0,12.9,8.7,71.0,18.0,88.0,115.7,1.0,0.0,0.1,10.1,0.0,0.1,26.2,82.3,3.9,10.4,202.0,1000.8,1000.8,2.7,5.2
2024-05-05 13:25:00+02:00,13.7,13.7,12.5,9.0,73.0,18.1,88.0,151.3,1.0,0.0,0.1,10.1,0.0,0.1,26.2,82.3,5.2,11.2,272.0,1000.8,1000.8,2.7,5.2
2024-05-05 13:30:00+02:00,13.6,13.6,12.9,9.0,73.0,18.2,88.0,224.1,2.0,0.0,0.1,10.1,0.0,0.1,26.2,82.3,2.7,10.1,191.0,1000.9,1000.9,2.7,5.2
2024-05-05 13:35:00+02:00,14.2,14.2,13.6,9.2,72.0,18.2,88.0,396.5,3.0,0.0,0.1,10.1,0.0,0.1,26.2,82.3,2.2,5.8,142.0,1000.8,1000.8,2.7,5.2
2024-05-05 13:40:00+02:00,14.8,14.8,13.7,9.4,70.0,18.3,88.0,282.2,2.0,0.0,0.1,10.1,0.0,0.1,26.2,82.3,5.3,10.1,166.0,1000.8,1000.8,2.7,5.2
2024-05-05 13:45:00+02:00,14.9,14.9,14.0,9.2,69.0,18.3,88.0,384.9,3.0,0.0,0.1,10.1,0.0,0.1,26.2,82.3,3.8,9.7,228.0,1000.8,1000.8,2.7,5.2
2024-05-05 13:50:00+02:00,15.3,15.3,14.3,9.3,68.0,18.4,88.0,371.4,3.0,0.0,0.1,10.1,0.0,0.1,26.2,82.3,4.4,7.9,266.0,1000.8,1000.8,2.7,5.2
2024-05-05 13:55:00+02:00,15.8,15.8,15.2,9.3,65.0,18.5,88.0,382.8,3.0,0.0,0.1,10.1,0.0,0.1,26.2,82.3,2.7,9.4,218.0,1000.7,1000.7,2.7,5.2
2024-05-05 14:00:00+02:00,16.1,16.1,14.7,8.8,62.0,18.6,88.0,596.5,5.0,0.0,0.1,10.1,0.0,0.1,26.2,82.3,5.8,10.1,218.0,1000.8,1000.8,2.7,5.2
2024-05-05 14:05:00+02:00,16.2,16.2,14.4,8.6,61.0,18.7,88.0,298.3,2.0,0.0,0.1,10.1,0.0,0.1,26.2,82.3,7.7,18.0,121.0,1000.8,1000.8,2.7,5.2
2024-05-05 14:10:00+02:00,15.6,15.6,14.2,8.8,64.0,18.8,88.0,257.9,2.0,0.0,0.1,10.1,0.0,0.1,26.2,82.3,5.8,18.0,101.0,1000.6,1000.6,2.7,5.2
2024-05-05 14:15:00+02:00,15.6,15.6,14.5,8.6,63.0,18.9,88.0,266.5,2.0,0.0,0.1,10.1,0.0,0.1,26.2,82.3,4.1,10.4,154.0,1000.8,1000.8,2.7,5.2
2024-05-05 14:20:00+02:00,15.9,15.9,15.3,9.1,64.0,19.0,88.0,407.1,3.0,0.0,0.1,10.1,0.0,0.1,26.2,82.3,2.1,11.9,171.0,1000.7,1000.7,2.7,5.2
2024-05-05 14:25:00+02:00,17.1,17.1,16.4,9.1,59.0,19.2,89.0,625.4,5.0,0.0,0.1,10.1,0.0,0.1,26.2,82.3,2.4,6.8,139.0,1000.6,1000.6,2.7,5.3
2024-05-05 14:30:00+02:00,16.8,16.8,16.1,8.7,59.0,19.2,89.0,209.2,1.0,0.0,0.1,10.1,0.0,0.1,26.2,82.3,1.7,9.0,176.0,1000.7,1000.7,2.7,5.3
2024-05-05 14:35:00+02:00,16.6,16.6,16.0,9.1,61.0,19.3,89.0,398.7,3.0,0.0,0.1,10.1,0.0,0.1,26.2,82.3,2.4,7.6,47.0,1000.5,1000.5,2.7,5.3
2024-05-05 14:40:00+02:00,17.0,17.0,16.3,9.2,60.0,19.4,89.0,503.9,4.0,0.0,0.1,10.1,0.0,0.1,26.2,82.3,2.7,7.6,110.0,1000.5,1000.5,2.7,5.3
2024-05-05 14:45:00+02:00,17.1,17.1,15.9,8.7,58.0,19.5,89.0,466.5,4.0,0.0,0.1,10.1,0.0,0.1,26.2,82.3,4.4,10.8,156.0,1000.5,1000.5,2.7,5.3
2024-05-05 14:50:00+02:00,17.0,17.0,16.2,8.5,57.0,19.6,89.0,283.4,2.0,0.0,0.1,10.1,0.0,0.1,26.2,82.3,2.4,7.9,268.0,1000.3,1000.3,2.7,5.3
2024-05-05 14:55:00+02:00,16.8,16.8,15.5,8.2,57.0,19.7,89.0,582.8,5.0,0.0,0.1,10.1,0.0,0.1,26.2,82.3,4.8,14.8,273.0,1000.4,1000.4,2.7,5.3
2024-05-05 15:00:00+02:00,17.4,17.4,16.1,7.9,54.0,19.8,89.0,598.3,5.0,0.0,0.1,10.1,0.0,0.1,26.2,82.3,3.7,13.0,106.0,1000.2,1000.2,2.7,5.3
2024-05-05 15:05:00+02:00,16.7,16.7,14.8,7.9,56.0,19.9,89.0,158.3,1.0,0.0,0.1,10.1,0.0,0.1,26.2,82.3,7.1,15.8,197.0,1000.2,1000.2,2.7,5.3
2024-05-05 15:10:00+02:00,16.1,16.1,15.3,8.0,59.0,20.0,89.0,85.1,0.0,0.0,0.1,10.1,0.0,0.1,26.2,82.3,1.9,15.8,175.0,1000.2,1000.2,2.7,5.3
2024-05-05 15:15:00+02:00,16.0,16.0,14.7,7.9,59.0,20.1,89.0,66.1,0.0,0.0,0.1,10.1,0.0,0.1,26.2,82.3,4.1,8.6,244.0,1000.3,1000.3,2.7,5.3
2024-05-05 15:20:00+02:00,15.9,15.9,14.9,8.2,60.0,20.1,89.0,79.2,0.0,0.0,0.1,10.1,0.0,0.1,26.2,82.3,3.2,8.6,262.0,1000.1,1000.1,2.7,5.3
2024-05-05 15:25:00+02:00,15.7,15.7,14.6,8.7,63.0,20.2,89.0,81.1,0.0,0.0,0.1,10.1,0.0,0.1,26.2,82.3,3.8,10.8,292.0,1000.0,1000.0,2.7,5.3
2024-05-05 15:30:00+02:00,15.4,15.4,14.4,8.5,63.0,20.2,88.0,85.3,0.0,0.0,0.1,10.1,0.0,0.1,26.2,82.3,3.1,10.1,219.0,1000.1,1000.1,2.7,5.3
2024-05-05 15:35:00+02:00,15.6,15.6,14.9,8.4,62.0,20.2,88.0,93.0,0.0,0.0,0.1,10.1,0.0,0.1,26.2,82.3,1.6,7.2,308.0,1000.0,1000.0,2.7,5.2
2024-05-05 15:40:00+02:00,15.5,15.5,14.9,8.3,62.0,20.3,88.0,186.7,1.0,0.0,0.1,10.1,0.0,0.1,26.2,82.3,0.9,7.6,183.0,1000.1,1000.1,2.7,5.2
2024-05-05 15:45:00+02:00,15.4,15.4,14.3,8.2,62.0,20.3,88.0,287.0,2.0,0.0,0.1,10.1,0.0,0.1,26.2,82.3,3.9,11.9,320.0,1000.1,1000.1,2.7,5.2
2024-05-05 15:50:00+02:00,15.6,15.6,14.8,8.3,62.0,20.3,88.0,283.4,2.0,0.0,0.1,10.1,0.0,0.1,26.2,82.3,2.1,6.1,107.0,1000.1,1000.1,2.7,5.2
2024-05-05 15:55:00+02:00,16.2,16.2,15.5,8.9,62.0,20.3,88.0,175.6,1.0,0.0,0.1,10.1,0.0,0.1,26.2,82.3,2.2,7.2,142.0,1000.1,1000.1,2.7,5.2
2024-05-05 16:00:00+02:00,16.3,16.3,15.0,8.1,59.0,20.3,88.0,153.0,1.0,0.0,0.1,10.1,0.0,0.1,26.2,82.3,4.0,7.6,199.0,1000.0,1000.0,2.7,5.2
2024-05-05 16:05:00+02:00,16.1,16.1,14.5,8.7,61.0,20.4,88.0,165.3,1.0,0.0,0.1,10.1,0.0,0.1,26.2,82.3,6.7,13.0,114.0,1000.0,1000.0,2.7,5.2
2024-05-05 16:10:00+02:00,16.0,16.0,14.7,8.5,61.0,20.4,88.0,200.7,1.0,0.0,0.1,10.1,0.0,0.1,26.2,82.3,4.6,10.8,139.0,1000.0,1000.0,2.7,5.2
2024-05-05 16:15:00+02:00,16.2,16.2,15.3,8.8,61.0,20.4,88.0,564.4,5.0,0.0,0.1,10.1,0.0,0.1,26.2,82.3,3.2,11.2,110.0,1000.1,1000.1,2.7,5.2
2024-05-05 16:20:00+02:00,16.7,16.7,15.4,8.7,59.0,20.5,88.0,607.7,5.0,0.0,0.1,10.1,0.0,0.1,26.2,82.3,4.8,11.2,111.0,1000.1,1000.1,2.7,5.2
2024-05-05 16:25:00+02:00,17.0,17.0,15.8,8.7,58.0,20.5,88.0,553.1,5.0,0.0,0.1,10.1,0.0,0.1,26.2,82.3,4.4,10.8,126.0,1000.1,1000.1,2.7,5.2
2024-05-05 16:30:00+02:00,17.3,17.3,16.0,8.9,58.0,20.6,88.0,215.4,2.0,0.0,0.1,10.1,0.0,0.1,26.2,82.3,5.6,13.0,162.0,1000.0,1000.0,2.7,5.2
2024-05-05 16:35:00+02:00,16.6,16.6,15.3,8.9,61.0,20.6,88.0,188.9,1.0,0.0,0.1,10.1,0.0,0.1,26.2,82.3,5.0,13.3,179.0,1000.1,1000.1,2.7,5.2
2024-05-05 16:40:00+02:00,16.7,16.7,16.0,8.4,58.0,20.7,88.0,226.1,2.0,0.0,0.1,10.1,0.0,0.1,26.2,82.3,1.7,10.1,25.0,1000.1,1000.1,2.7,5.2
2024-05-05 16:45:00+02:00,16.5,16.5,15.2,9.1,61.0,20.7,88.0,176.4,1.0,0.0,0.1,10.1,0.0,0.1,26.2,82.3,5.8,10.4,139.0,1000.0,1000.0,2.7,5.2
2024-05-05 16:50:00+02:00,15.8,15.8,14.4,8.7,62.0,20.8,88.0,285.9,2.0,0.0,0.1,10.1,0.0,0.1,26.2,82.3,6.2,10.8,126.0,1000.0,1000.0,2.7,5.2
2024-05-05 16:55:00+02:00,16.0,16.0,14.4,8.6,61.0,20.8,88.0,293.7,2.0,0.0,0.1,10.1,0.0,0.1,26.2,82.3,6.7,11.2,116.0,1000.0,1000.0,2.7,5.2
2024-05-05 17:00:00+02:00,15.9,15.9,14.7,8.8,62.0,20.8,88.0,359.5,3.0,0.0,0.1,10.1,0.0,0.1,26.2,82.3,5.1,10.8,149.0,1000.0,1000.0,2.7,5.2
2024-05-05 17:05:00+02:00,16.9,16.9,15.8,8.2,57.0,20.9,88.0,447.3,4.0,0.0,0.1,10.1,0.0,0.1,26.2,82.3,3.3,7.9,227.0,1000.0,1000.0,2.7,5.2
2024-05-05 17:10:00+02:00,17.2,17.2,16.1,8.1,55.0,20.9,88.0,215.6,2.0,0.0,0.1,10.1,0.0,0.1,26.2,82.3,3.2,11.5,135.0,999.8,999.8,2.7,5.2
2024-05-05 17:15:00+02:00,16.8,16.8,15.6,8.4,58.0,20.9,88.0,295.4,2.0,0.0,0.1,10.1,0.0,0.1,26.2,82.3,4.1,9.7,117.0,999.8,999.8,2.7,5.2
2024-05-05 17:20:00+02:00,17.0,17.0,16.2,8.6,58.0,21.0,88.0,417.6,3.0,0.0,0.1,10.1,0.0,0.1,26.2,82.3,2.5,6.5,114.0,999.7,999.7,2.7,5.2
2024-05-05 17:25:00+02:00,17.7,17.7,16.8,8.7,56.0,21.0,89.0,235.0,2.0,0.0,0.1,10.1,0.0,0.1,26.2,82.3,3.2,10.8,126.0,999.7,999.7,2.7,5.2
2024-05-05 17:30:00+02:00,17.2,17.2,15.9,7.9,54.0,21.1,88.0,364.9,3.0,0.0,0.1,10.1,0.0,0.1,26.2,82.3,4.1,9.0,183.0,999.7,999.7,2.7,5.2
2024-05-05 17:35:00+02:00,17.5,17.5,16.7,8.5,56.0,21.1,88.0,353.3,3.0,0.0,0.1,10.1,0.0,0.1,26.2,82.3,2.6,8.6,125.0,999.8,999.8,2.7,5.2
2024-05-05 17:40:00+02:00,17.3,17.3,15.9,8.6,56.0,21.1,88.0,310.7,2.0,0.0,0.1,10.1,0.0,0.1,26.2,82.3,6.0,11.9,126.0,999.8,999.8,2.7,5.2
2024-05-05 17:45:00+02:00,16.2,16.2,14.9,8.1,59.0,21.2,88.0,89.3,0.0,0.0,0.1,10.1,0.0,0.1,26.2,82.3,4.0,11.2,129.0,999.8,999.8,2.7,5.3
2024-05-05 17:50:00+02:00,15.9,15.9,14.7,8.2,60.0,21.2,88.0,174.7,1.0,0.0,0.1,10.1,0.0,0.1,26.2,82.3,4.3,10.1,127.0,999.7,999.7,2.7,5.3
2024-05-05 17:55:00+02:00,16.4,16.4,15.5,7.9,57.0,21.2,88.0,243.8,2.0,0.0,0.1,10.1,0.0,0.1,26.2,82.3,2.0,6.5,234.0,999.6,999.6,2.7,5.2
2024-05-05 18:00:00+02:00,17.0,17.0,15.8,8.1,56.0,21.1,88.0,235.0,2.0,0.0,0.1,10.1,0.0,0.1,26.2,82.3,3.5,7.6,281.0,999.7,999.7,2.7,5.2
2024-05-05 18:05:00+02:00,17.1,17.1,16.1,8.0,55.0,21.1,88.0,221.7,2.0,0.0,0.1,10.1,0.0,0.1,26.2,82.3,3.0,7.2,134.0,999.6,999.6,2.7,5.2
2024-05-05 18:10:00+02:00,17.2,17.2,16.1,7.9,54.0,21.1,88.0,173.2,1.0,0.0,0.1,10.1,0.0,0.1,26.2,82.3,3.1,6.5,83.0,999.5,999.5,2.7,5.2
2024-05-05 18:15:00+02:00,17.1,17.1,16.2,7.5,53.0,21.1,88.0,98.3,0.0,0.0,0.1,10.1,0.0,0.1,26.2,82.3,1.8,6.8,169.0,999.5,999.5,2.7,5.2
2024-05-05 18:20:00+02:00,17.0,17.0,15.8,7.6,54.0,21.2,88.0,98.3,0.0,0.0,0.1,10.1,0.0,0.1,26.2,82.3,3.2,8.6,293.0,999.6,999.6,2.7,5.2
2024-05-05 18:25:00+02:00,17.0,17.0,15.8,7.4,53.0,21.1,88.0,145.2,1.0,0.0,0.1,10.1,0.0,0.1,26.2,82.3,3.0,8.6,121.0,999.5,999.5,2.7,5.2
2024-05-05 18:30:00+02:00,16.8,16.8,15.6,7.2,53.0,21.2,88.0,130.4,1.0,0.0,0.1,10.1,0.0,0.1,26.2,82.3,3.0,7.6,320.0,999.5,999.5,2.7,5.2
2024-05-05 18:35:00+02:00,16.7,16.7,15.9,7.8,55.0,21.1,88.0,92.2,0.0,0.0,0.1,10.1,0.0,0.1,26.2,82.3,1.5,7.6,214.0,999.3,999.3,2.7,5.2
2024-05-05 18:40:00+02:00,16.4,16.4,15.2,7.9,57.0,21.1,88.0,103.3,0.0,0.0,0.1,10.1,0.0,0.1,26.2,82.3,4.0,9.4,121.0,999.5,999.5,2.7,5.2
2024-05-05 18:45:00+02:00,16.2,16.2,14.7,8.3,59.0,21.1,88.0,104.6,0.0,0.0,0.1,10.1,0.0,0.1,26.2,82.3,5.5,11.5,112.0,999.7,999.7,2.7,5.2
2024-05-05 18:50:00+02:00,16.1,16.1,14.3,7.9,58.0,21.1,88.0,92.5,0.0,0.0,0.1,10.1,0.0,0.1,26.2,82.3,6.9,13.3,125.0,999.6,999.6,2.7,5.2
2024-05-05 18:55:00+02:00,16.0,16.0,14.6,8.1,59.0,21.1,88.0,87.8,0.0,0.0,0.1,10.1,0.0,0.1,26.2,82.3,5.1,12.2,136.0,999.6,999.6,2.7,5.2
2024-05-05 19:00:00+02:00,16.0,16.0,14.7,8.1,59.0,21.1,88.0,75.1,0.0,0.0,0.1,10.1,0.0,0.1,26.2,82.3,4.5,9.0,107.0,999.6,999.6,2.7,5.2
2024-05-05 19:05:00+02:00,15.9,15.9,14.9,7.9,59.0,21.0,88.0,67.6,0.0,0.0,0.1,10.1,0.0,0.1,26.2,82.3,2.6,6.8,118.0,999.6,999.6,2.7,5.2
2024-05-05 19:10:00+02:00,15.9,15.9,15.0,7.9,59.0,21.0,88.0,66.4,0.0,0.0,0.1,10.1,0.0,0.1,26.2,82.3,2.1,5.8,149.0,999.6,999.6,2.7,5.2
2024-05-05 19:15:00+02:00,15.9,15.9,15.0,7.9,59.0,20.9,88.0,63.1,0.0,0.0,0.1,10.1,0.0,0.1,26.2,82.3,2.3,6.8,129.0,999.6,999.6,2.7,5.2
2024-05-05 19:20:00+02:00,15.8,15.8,14.0,7.8,59.0,20.9,88.0,59.4,0.0,0.0,0.1,10.1,0.0,0.1,26.2,82.3,6.8,11.2,119.0,999.5,999.5,2.7,5.2
2024-05-05 19:25:00+02:00,15.5,15.5,13.9,8.1,61.0,20.9,88.0,57.4,0.0,0.0,0.1,10.1,0.0,0.1,26.2,82.3,6.0,11.2,121.0,999.6,999.6,2.7,5.2
2024-05-05 19:30:00+02:00,15.5,15.5,13.9,8.0,61.0,20.9,87.0,52.9,0.0,0.0,0.1,10.1,0.0,0.1,26.2,82.3,6.0,9.4,119.0,999.6,999.6,2.7,5.2
2024-05-05 19:35:00+02:00,15.5,15.5,13.9,7.9,61.0,20.9,87.0,44.3,0.0,0.0,0.1,10.1,0.0,0.1,26.2,82.3,5.5,9.4,118.0,999.5,999.5,2.7,5.2
2024-05-05 19:40:00+02:00,15.3,15.3,14.0,8.1,62.0,20.8,87.0,41.2,0.0,0.0,0.1,10.1,0.0,0.1,26.2,82.3,4.7,6.8,133.0,999.5,999.5,2.7,5.2
2024-05-05 19:45:00+02:00,15.2,15.2,13.8,7.9,62.0,20.8,87.0,38.9,0.0,0.0,0.1,10.1,0.0,0.1,26.2,82.3,4.7,7.6,114.0,999.5,999.5,2.7,5.2
2024-05-05 19:50:00+02:00,15.2,15.2,13.8,8.0,62.0,20.7,87.0,35.6,0.0,0.0,0.1,10.1,0.0,0.1,26.2,82.3,4.8,7.2,123.0,999.5,999.5,2.7,5.2
2024-05-05 19:55:00+02:00,15.2,15.2,14.1,8.2,63.0,20.7,87.0,32.5,0.0,0.0,0.1,10.1,0.0,0.1,26.2,82.3,3.1,4.7,118.0,999.5,999.5,2.7,5.2
2024-05-05 20:00:00+02:00,15.0,15.0,13.9,8.0,63.0,20.6,87.0,30.3,0.0,0.0,0.1,10.1,0.0,0.1,26.2,82.3,3.3,6.1,116.0,999.3,999.3,2.7,5.2
2024-05-05 20:05:00+02:00,14.9,14.9,13.9,8.2,64.0,20.6,87.0,24.8,0.0,0.0,0.1,10.1,0.0,0.1,26.2,82.3,3.0,4.3,99.0,999.2,999.2,2.7,5.2
2024-05-05 20:10:00+02:00,14.9,14.9,14.3,8.1,64.0,20.5,87.0,20.4,0.0,0.0,0.1,10.1,0.0,0.1,26.2,82.3,1.2,2.9,92.0,999.2,999.2,2.7,5.2
2024-05-05 20:15:00+02:00,14.8,14.8,14.6,9.0,68.0,20.5,87.0,19.8,0.0,0.0,0.1,10.1,0.0,0.1,26.2,82.3,0.0,1.8,95.0,999.1,999.1,2.7,5.2
2024-05-05 20:20:00+02:00,14.6,14.6,14.1,9.0,69.0,20.4,87.0,19.3,0.0,0.0,0.1,10.1,0.0,0.1,26.2,82.3,1.2,3.2,116.0,999.2,999.2,2.7,5.2
2024-05-05 20:25:00+02:00,14.0,14.0,13.3,9.3,73.0,20.4,87.0,17.9,0.0,0.0,0.1,10.1,0.0,0.1,26.2,82.3,3.1,4.3,118.0,999.2,999.2,2.7,5.2
2024-05-05 20:30:00+02:00,13.6,13.6,12.9,9.4,76.0,20.3,86.0,14.5,0.0,0.0,0.1,10.1,0.0,0.1,26.2,82.3,3.2,4.3,123.0,999.1,999.1,2.7,5.2
2024-05-05 20:35:00+02:00,13.4,13.4,12.9,9.1,75.0,20.3,86.0,11.3,0.0,0.0,0.1,10.1,0.0,0.1,26.2,82.3,1.9,3.6,119.0,999.1,999.1,2.7,5.2
2024-05-05 20:40:00+02:00,13.4,13.4,13.0,9.0,75.0,20.2,86.0,8.4,0.0,0.0,0.1,10.1,0.0,0.1,26.2,82.3,0.8,2.9,123.0,999.2,999.2,2.7,5.2
2024-05-05 20:45:00+02:00,13.3,13.3,13.0,9.2,77.0,20.2,86.0,6.1,0.0,0.0,0.1,10.1,0.0,0.1,26.2,82.3,0.7,2.5,111.0,999.2,999.2,2.7,5.2
2024-05-05 20:50:00+02:00,13.0,13.0,12.5,9.2,78.0,20.1,86.0,4.7,0.0,0.0,0.1,10.1,0.0,0.1,26.2,82.3,1.4,2.5,105.0,999.4,999.4,2.7,5.2
2024-05-05 20:55:00+02:00,12.7,12.7,12.2,9.2,79.0,20.0,86.0,3.4,0.0,0.0,0.1,10.1,0.0,0.1,26.2,82.3,1.8,3.2,108.0,999.4,999.4,2.7,5.2
2024-05-05 21:00:00+02:00,12.5,12.5,12.0,9.4,81.0,19.9,86.0,2.3,0.0,0.0,0.1,10.1,0.0,0.1,26.2,82.3,2.1,3.2,111.0,999.5,999.5,2.7,5.2
2024-05-05 21:05:00+02:00,12.3,12.3,11.8,9.5,83.0,19.8,86.0,1.4,0.0,0.0,0.1,10.1,0.0,0.1,26.2,82.3,2.4,3.2,115.0,999.4,999.4,2.7,5.2
2024-05-05 21:10:00+02:00,12.2,12.2,11.8,9.3,82.0,19.8,86.0,0.8,0.0,0.0,0.1,10.1,0.0,0.1,26.2,82.3,1.4,2.9,116.0,999.6,999.6,2.7,5.2
2024-05-05 21:15:00+02:00,12.0,12.0,11.8,9.2,83.0,19.7,86.0,0.4,0.0,0.0,0.1,10.1,0.0,0.1,26.2,82.3,0.0,2.5,121.0,999.6,999.6,2.7,5.2
2024-05-05 21:20:00+02:00,11.8,11.8,11.5,9.2,84.0,19.6,86.0,0.2,0.0,0.0,0.1,10.1,0.0,0.1,26.2,82.3,0.5,2.2,114.0,999.6,999.6,2.7,5.2
2024-05-05 21:25:00+02:00,11.5,11.5,11.1,9.2,85.0,19.6,86.0,0.1,0.0,0.0,0.1,10.1,0.0,0.1,26.2,82.3,1.6,2.9,108.0,999.7,999.7,2.7,5.2
2024-05-05 21:30:00+02:00,11.4,11.4,10.8,9.2,86.0,19.5,86.0,0.0,0.0,0.0,0.1,10.1,0.0,0.1,26.2,82.3,2.2,2.9,108.0,999.6,999.6,2.7,5.2
2024-05-05 21:35:00+02:00,11.3,11.3,10.9,9.1,87.0,19.4,86.0,0.0,0.0,0.0,0.1,10.1,0.0,0.1,26.2,82.3,1.1,2.5,104.0,999.7,999.7,2.7,5.2
2024-05-05 21:40:00+02:00,11.1,11.1,10.9,9.1,87.0,19.3,86.0,0.0,0.0,0.0,0.1,10.1,0.0,0.1,26.2,82.3,0.0,1.8,107.0,999.6,999.6,2.7,5.2
2024-05-05 21:45:00+02:00,10.9,10.9,10.4,9.0,88.0,19.2,86.0,0.0,0.0,0.0,0.1,10.1,0.0,0.1,26.2,82.3,1.7,2.9,106.0,999.7,999.7,2.7,5.1
2024-05-05 21:50:00+02:00,10.9,10.9,10.1,9.1,89.0,19.1,86.0,0.0,0.0,0.0,0.1,10.1,0.0,0.1,26.2,82.3,3.0,4.0,110.0,999.8,999.8,2.7,5.1
2024-05-05 21:55:00+02:00,10.8,10.8,10.1,9.0,89.0,19.1,85.0,0.0,0.0,0.0,0.1,10.1,0.0,0.1,26.2,82.3,2.4,3.6,113.0,999.7,999.7,2.7,5.1
2024-05-05 22:00:00+02:00,10.7,10.7,9.9,9.0,89.0,19.0,85.0,0.0,0.0,0.0,0.1,10.1,0.0,0.1,26.2,82.3,3.0,4.0,108.0,999.7,999.7,2.7,5.1
2024-05-05 22:05:00+02:00,10.7,10.7,10.0,9.0,89.0,18.9,85.0,0.0,0.0,0.0,0.1,10.1,0.0,0.1,26.2,82.3,2.7,4.0,111.0,999.7,999.7,2.7,5.1
2024-05-05 22:10:00+02:00,10.6,10.6,10.4,9.0,90.0,18.8,85.0,0.0,0.0,0.0,0.1,10.1,0.0,0.1,26.2,82.3,0.0,2.5,122.0,999.6,999.6,2.7,5.1
2024-05-05 22:15:00+02:00,10.6,10.6,10.4,9.1,90.0,18.7,85.0,0.0,0.0,0.0,0.1,10.1,0.0,0.1,26.2,82.3,0.0,0.0,136.0,999.5,999.5,2.7,5.1
2024-05-05 22:20:00+02:00,10.5,10.5,10.3,8.9,90.0,18.6,85.0,0.0,0.0,0.0,0.1,10.1,0.0,0.1,26.2,82.3,0.0,2.2,78.0,999.5,999.5,2.7,5.1
2024-05-05 22:25:00+02:00,10.4,10.4,10.0,8.9,90.0,18.6,85.0,0.0,0.0,0.0,0.1,10.1,0.0,0.1,26.2,82.3,0.7,2.2,95.0,999.4,999.4,2.7,5.1
2024-05-05 22:30:00+02:00,10.3,10.3,9.9,8.9,91.0,18.5,85.0,0.0,0.0,0.0,0.1,10.1,0.0,0.1,26.2,82.3,0.9,2.5,110.0,999.5,999.5,2.7,5.1
2024-05-05 22:35:00+02:00,10.4,10.4,9.9,9.1,92.0,18.4,85.0,0.0,0.0,0.0,0.1,10.1,0.0,0.1,26.2,82.3,1.5,2.9,107.0,999.5,999.5,2.7,5.1
2024-05-05 22:40:00+02:00,10.5,10.5,9.8,9.1,91.0,18.4,85.0,0.0,0.0,0.0,0.1,10.1,0.0,0.1,26.2,82.3,2.4,3.2,103.0,999.5,999.5,2.7,5.1
2024-05-05 22:45:00+02:00,10.7,10.7,10.1,9.3,91.0,18.3,85.0,0.0,0.0,0.0,0.1,10.1,0.0,0.1,26.2,82.3,2.4,3.6,107.0,999.5,999.5,2.7,5.1
2024-05-05 22:50:00+02:00,10.7,10.7,10.4,9.4,91.0,18.2,85.0,0.0,0.0,0.0,0.1,10.1,0.0,0.1,26.2,82.3,0.9,3.6,104.0,999.6,999.6,2.7,5.1
2024-05-05 22:55:00+02:00,10.8,10.8,10.8,9.5,91.0,18.2,85.0,0.0,0.0,0.0,0.1,10.1,0.0,0.1,26.2,82.3,0.0,2.5,314.0,999.6,999.6,2.7,5.1
2024-05-05 23:00:00+02:00,10.9,10.9,10.7,9.3,89.0,18.1,85.0,0.0,0.0,0.0,0.1,0.0,0.0,0.1,26.2,82.3,0.4,2.2,130.0,999.6,999.6,2.7,5.1
2024-05-05 23:05:00+02:00,11.0,11.0,10.6,9.6,91.0,18.1,85.0,0.0,0.0,0.0,0.1,0.0,0.0,0.1,26.2,82.3,1.8,3.2,106.0,999.6,999.6,2.7,5.1
2024-05-05 23:10:00+02:00,11.1,11.1,10.7,9.9,92.0,18.0,85.0,0.0,0.0,0.0,0.1,0.0,0.0,0.1,26.2,82.3,1.7,2.9,105.0,999.5,999.5,2.7,5.1
2024-05-05 23:15:00+02:00,11.0,11.0,11.0,9.8,92.0,18.0,85.0,0.0,0.0,0.0,0.1,0.0,0.0,0.1,26.2,82.3,0.0,2.2,118.0,999.6,999.6,2.7,5.1
2024-05-05 23:20:00+02:00,11.0,11.0,11.0,9.7,92.0,17.9,85.0,0.0,0.0,0.0,0.1,0.0,0.0,0.1,26.2,82.3,0.0,1.8,108.0,999.6,999.6,2.7,5.1
2024-05-05 23:25:00+02:00,11.3,11.3,11.3,9.8,90.0,17.9,85.0,0.0,0.0,0.0,0.1,0.0,0.0,0.1,26.2,82.3,0.0,0.0,260.0,999.7,999.7,2.7,5.1
2024-05-05 23:30:00+02:00,11.2,11.2,11.1,9.7,90.0,17.8,85.0,0.0,0.0,0.0,0.1,0.0,0.0,0.1,26.2,82.3,0.4,2.9,108.0,999.7,999.7,2.7,5.1
2024-05-05 23:35:00+02:00,11.2,11.2,10.8,9.8,91.0,17.8,85.0,0.0,0.0,0.0,0.1,0.0,0.0,0.1,26.2,82.3,2.4,3.6,98.0,999.7,999.7,2.7,5.0
2024-05-05 23:40:00+02:00,11.3,11.3,10.9,9.9,91.0,17.8,85.0,0.0,0.0,0.0,0.1,0.0,0.0,0.1,26.2,82.3,2.2,2.9,105.0,999.6,999.6,2.7,5.0
2024-05-05 23:45:00+02:00,11.3,11.3,11.2,9.9,91.0,17.7,85.0,0.0,0.0,0.0,0.1,0.0,0.0,0.1,26.2,82.3,0.7,2.9,118.0,999.6,999.6,2.7,5.0
2024-05-05 23:50:00+02:00,11.3,11.3,11.3,9.9,91.0,17.7,86.0,0.0,0.0,0.0,0.1,0.0,0.0,0.1,26.2,82.3,0.0,0.0,323.0,999.5,999.5,2.7,5.0
2024-05-05 23:55:00+02:00,11.4,11.4,11.3,9.8,90.0,17.6,86.0,0.0,0.0,0.0,0.1,0.0,0.0,0.1,26.2,82.3,0.4,1.8,309.0,999.6,999.6,2.7,5.0
2024-05-06 00:00:00+02:00,11.6,11.6,11.6,9.8,89.0,17.6,85.0,0.0,0.0,0.0,0.0,0.0,0.0,0.1,26.2,82.3,0.0,0.0,14.0,999.6,999.6,2.7,5.0
2024-05-06 00:05:00+02:00,11.6,11.6,11.6,9.8,89.0,17.6,86.0,0.0,0.0,0.0,0.0,0.0,0.0,0.1,26.2,82.3,0.0,0.0,55.0,999.4,999.4,2.7,5.0
2024-05-06 00:10:00+02:00,11.7,11.7,11.5,9.9,89.0,17.5,86.0,0.0,0.0,0.0,0.0,0.0,0.0,0.1,26.2,82.3,0.9,2.5,292.0,999.4,999.4,2.7,5.0
2024-05-06 00:15:00+02:00,11.6,11.6,11.6,10.0,90.0,17.5,86.0,0.0,0.0,0.0,0.0,0.0,0.0,0.1,26.2,82.3,0.4,2.9,290.0,999.3,999.3,2.7,5.0
2024-05-06 00:20:00+02:00,11.5,11.5,11.5,9.9,90.0,17.5,86.0,0.0,0.0,0.0,0.0,0.0,0.0,0.1,26.2,82.3,0.0,0.0,333.0,999.3,999.3,2.7,5.0
2024-05-06 00:25:00+02:00,11.5,11.5,11.5,9.9,90.0,17.4,86.0,0.0,0.0,0.0,0.0,0.0,0.0,0.1,26.2,82.3,0.0,0.0,329.0,999.5,999.5,2.7,5.0
2024-05-06 00:30:00+02:00,11.7,11.7,11.7,10.0,89.0,17.4,86.0,0.0,0.0,0.0,0.0,0.0,0.0,0.1,26.2,82.3,0.0,2.2,313.0,999.4,999.4,2.7,5.0
2024-05-06 00:35:00+02:00,11.7,11.7,11.6,9.9,89.0,17.4,86.0,0.0,0.0,0.0,0.0,0.0,0.0,0.1,26.2,82.3,0.4,2.2,293.0,999.2,999.2,2.7,5.0
2024-05-06 00:40:00+02:00,11.7,11.7,11.7,9.7,87.0,17.3,86.0,0.0,0.0,0.0,0.0,0.0,0.0,0.1,26.2,82.3,0.0,2.2,334.0,999.2,999.2,2.7,5.0
2024-05-06 00:45:00+02:00,11.7,11.7,11.7,9.7,88.0,17.3,86.0,0.0,0.0,0.0,0.0,0.0,0.0,0.1,26.2,82.3,0.0,1.8,99.0,999.1,999.1,2.7,5.0
2024-05-06 00:50:00+02:00,11.7,11.7,11.6,9.7,88.0,17.3,86.0,0.0,0.0,0.0,0.0,0.0,0.0,0.1,26.2,82.3,0.0,2.2,94.0,999.2,999.2,2.7,5.0
2024-05-06 00:55:00+02:00,11.6,11.6,11.5,9.6,88.0,17.3,86.0,0.0,0.0,0.0,0.0,0.0,0.0,0.1,26.2,82.3,0.0,2.2,122.0,999.1,999.1,2.7,5.0
2024-05-06 01:00:00+02:00,11.8,11.8,11.7,9.4,85.0,17.3,86.0,0.0,0.0,0.0,0.0,0.0,0.0,0.1,26.2,82.3,0.0,3.6,8.0,999.0,999.0,2.7,5.0
2024-05-06 01:05:00+02:00,11.9,11.9,11.7,9.4,85.0,17.2,86.0,0.0,0.0,0.0,0.0,0.0,0.0,0.1,26.2,82.3,0.4,2.2,104.0,999.0,999.0,2.7,5.0
2024-05-06 01:10:00+02:00,11.7,11.7,11.5,9.3,86.0,17.2,86.0,0.0,0.0,0.0,0.0,0.0,0.0,0.1,26.2,82.3,0.0,1.8,126.0,999.1,999.1,2.7,5.0
2024-05-06 01:15:00+02:00,11.4,11.4,11.3,9.2,87.0,17.2,86.0,0.0,0.0,0.0,0.0,0.0,0.0,0.1,26.2,82.3,0.0,0.0,3.0,999.1,999.1,2.7,5.0
2024-05-06 01:20:00+02:00,11.3,11.3,11.1,9.0,86.0,17.2,86.0,0.0,0.0,0.0,0.0,0.0,0.0,0.1,26.2,82.3,0.0,1.8,8.0,999.0,999.0,2.7,5.0
2024-05-06 01:25:00+02:00,11.1,11.1,10.9,9.1,87.0,17.1,86.0,0.0,0.0,0.0,0.0,0.0,0.0,0.1,26.2,82.3,0.0,1.8,88.0,999.0,999.0,2.7,5.0
2024-05-06 01:30:00+02:00,11.0,11.0,10.8,9.1,88.0,17.1,86.0,0.0,0.0,0.0,0.0,0.0,0.0,0.1,26.2,82.3,0.0,0.0,22.0,998.9,998.9,2.7,5.0
2024-05-06 01:35:00+02:00,10.8,10.8,10.6,9.0,89.0,17.1,86.0,0.0,0.0,0.0,0.0,0.0,0.0,0.1,26.2,82.3,0.0,1.8,47.0,999.0,999.0,2.7,4.9
2024-05-06 01:40:00+02:00,10.7,10.7,10.5,9.0,89.0,17.0,86.0,0.0,0.0,0.0,0.0,0.0,0.0,0.1,26.2,82.3,0.0,0.0,57.0,998.9,998.9,2.7,4.9
2024-05-06 01:45:00+02:00,10.7,10.7,10.4,9.1,90.0,17.0,86.0,0.0,0.0,0.0,0.0,0.0,0.0,0.1,26.2,82.3,0.4,1.8,299.0,998.8,998.8,2.7,4.9
2024-05-06 01:50:00+02:00,10.6,10.6,10.4,9.1,90.0,17.0,86.0,0.0,0.0,0.0,0.0,0.0,0.0,0.1,26.2,82.3,0.0,0.0,306.0,998.8,998.8,2.7,4.9
2024-05-06 01:55:00+02:00,10.5,10.5,10.3,9.2,91.0,16.9,86.0,0.0,0.0,0.0,0.0,0.0,0.0,0.1,26.2,82.3,0.4,2.5,276.0,998.8,998.8,2.7,4.9
2024-05-06 02:00:00+02:00,10.4,10.4,10.2,9.2,92.0,16.9,86.0,0.0,0.0,0.0,0.0,0.0,0.0,0.1,26.2,82.3,0.0,2.2,23.0,998.7,998.7,2.7,4.9
2024-05-06 02:05:00+02:00,10.3,10.3,9.8,9.1,92.0,16.8,86.0,0.0,0.0,0.0,0.0,0.0,0.0,0.1,26.2,82.3,1.4,3.2,107.0,998.7,998.7,2.7,4.9
2024-05-06 02:10:00+02:00,10.2,10.2,9.4,9.0,92.0,16.8,86.0,0.0,0.0,0.0,0.0,0.0,0.0,0.1,26.2,82.3,2.7,4.0,111.0,998.7,998.7,2.7,4.9
2024-05-06 02:15:00+02:00,10.0,10.0,9.5,9.0,93.0,16.8,86.0,0.0,0.0,0.0,0.0,0.0,0.0,0.1,26.2,82.3,1.7,4.0,105.0,998.7,998.7,2.7,4.9
2024-05-06 02:20:00+02:00,10.0,10.0,9.8,8.9,93.0,16.7,86.0,0.0,0.0,0.0,0.0,0.0,0.0,0.1,26.2,82.3,0.0,2.5,61.0,998.6,998.6,2.7,4.9
2024-05-06 02:25:00+02:00,10.0,10.0,9.6,8.8,92.0,16.7,86.0,0.0,0.0,0.0,0.0,0.0,0.0,0.1,26.2,82.3,0.6,2.5,116.0,998.6,998.6,2.7,4.9
2024-05-06 02:30:00+02:00,10.0,10.0,9.7,8.8,92.0,16.6,86.0,0.0,0.0,0.0,0.0,0.0,0.0,0.1,26.2,82.3,0.0,2.2,311.0,998.5,998.5,2.7,4.9
2024-05-06 02:35:00+02:00,10.0,10.0,9.7,8.7,91.0,16.6,85.0,0.0,0.0,0.0,0.0,0.0,0.0,0.1,26.2,82.3,0.0,2.2,356.0,998.6,998.6,2.7,4.9
2024-05-06 02:40:00+02:00,9.9,9.9,9.2,8.5,91.0,16.5,85.0,0.0,0.0,0.0,0.0,0.0,0.0,0.1,26.2,82.3,1.5,2.9,118.0,998.5,998.5,2.7,4.9
2024-05-06 02:45:00+02:00,9.8,9.8,9.4,8.5,92.0,16.5,85.0,0.0,0.0,0.0,0.0,0.0,0.0,0.1,26.2,82.3,0.0,2.2,91.0,998.4,998.4,2.7,4.9
2024-05-06 02:50:00+02:00,9.8,9.8,9.4,8.5,92.0,16.4,85.0,0.0,0.0,0.0,0.0,0.0,0.0,0.1,26.2,82.3,0.0,1.8,72.0,998.4,998.4,2.7,4.9
2024-05-06 02:55:00+02:00,9.5,9.5,9.2,8.3,92.0,16.4,85.0,0.0,0.0,0.0,0.0,0.0,0.0,0.1,26.2,82.3,0.0,2.2,101.0,998.5,998.5,2.7,4.9
2024-05-06 03:00:00+02:00,9.4,9.4,9.0,8.3,93.0,16.3,85.0,0.0,0.0,0.0,0.0,0.0,0.0,0.1,26.2,82.3,0.0,1.8,103.0,998.6,998.6,2.7,4.9
2024-05-06 03:05:00+02:00,9.3,9.3,8.9,8.3,93.0,16.3,85.0,0.0,0.0,0.0,0.0,0.0,0.0,0.1,26.2,82.3,0.4,2.2,108.0,998.6,998.6,2.7,4.9
2024-05-06 03:10:00+02:00,9.2,9.2,8.8,8.3,94.0,16.3,85.0,0.0,0.0,0.0,0.0,0.0,0.0,0.1,26.2,82.3,0.0,2.2,87.0,998.6,998.6,2.7,4.9
2024-05-06 03:15:00+02:00,9.4,9.4,9.1,8.5,94.0,16.2,85.0,0.0,0.0,0.0,0.0,0.0,0.0,0.1,26.2,82.3,0.0,0.0,308.0,998.6,998.6,2.7,4.9
2024-05-06 03:20:00+02:00,9.5,9.5,9.2,8.6,94.0,16.2,85.0,0.0,0.0,0.0,0.0,0.0,0.0,0.1,26.2,82.3,0.0,1.8,311.0,998.5,998.5,2.7,4.9
2024-05-06 03:25:00+02:00,9.6,9.6,9.2,8.7,94.0,16.2,85.0,0.0,0.0,0.0,0.0,0.0,0.0,0.1,26.2,82.3,0.5,2.2,302.0,998.5,998.5,2.7,4.8
2024-05-06 03:30:00+02:00,9.7,9.7,9.3,8.7,93.0,16.1,85.0,0.0,0.0,0.0,0.0,0.0,0.0,0.1,26.2,82.3,0.4,2.2,321.0,998.5,998.5,2.7,4.8
2024-05-06 03:35:00+02:00,9.7,9.7,9.5,8.7,93.0,16.1,85.0,0.0,0.0,0.0,0.0,0.0,0.0,0.1,26.2,82.3,0.0,1.8,11.0,998.4,998.4,2.7,4.8
2024-05-06 03:40:00+02:00,10.0,10.0,9.7,8.8,92.0,16.0,85.0,0.0,0.0,0.0,0.0,0.0,0.0,0.1,26.2,82.3,0.0,2.5,354.0,998.3,998.3,2.7,4.8
2024-05-06 03:45:00+02:00,10.1,10.1,9.9,8.9,92.0,16.0,85.0,0.0,0.0,0.0,0.0,0.0,0.0,0.1,26.2,82.3,0.0,1.8,336.0,998.2,998.2,2.7,4.8
2024-05-06 03:50:00+02:00,10.2,10.2,9.8,8.9,92.0,16.0,85.0,0.0,0.0,0.0,0.0,0.0,0.0,0.1,26.2,82.3,0.8,3.2,327.0,998.2,998.2,2.7,4.8
2024-05-06 03:55:00+02:00,10.5,10.5,10.1,8.9,90.0,15.9,85.0,0.0,0.0,0.0,0.0,0.0,0.0,0.1,26.2,82.3,0.5,5.4,82.0,998.2,998.2,2.7,4.8
2024-05-06 04:00:00+02:00,10.8,10.8,10.3,9.0,88.0,15.9,85.0,0.0,0.0,0.0,0.0,0.0,0.0,0.1,26.2,82.3,1.4,4.3,39.0,998.1,998.1,2.7,4.8
2024-05-06 04:05:00+02:00,11.0,11.0,10.6,9.0,87.0,15.9,85.0,0.0,0.0,0.0,0.0,0.0,0.0,0.1,26.2,82.3,0.9,4.7,83.0,998.1,998.1,2.7,4.8
2024-05-06 04:10:00+02:00,11.1,11.1,10.6,9.1,87.0,15.9,85.0,0.0,0.0,0.0,0.0,0.0,0.0,0.1,26.2,82.3,1.3,4.7,63.0,998.0,998.0,2.7,4.8
2024-05-06 04:15:00+02:00,11.2,11.2,10.9,9.1,87.0,15.9,85.0,0.0,0.0,0.0,0.0,0.0,0.0,0.1,26.2,82.3,1.0,4.3,49.0,998.1,998.1,2.7,4.8
2024-05-06 04:20:00+02:00,11.2,11.2,10.9,9.2,87.0,15.9,86.0,0.0,0.0,0.0,0.0,0.0,0.0,0.1,26.2,82.3,0.4,3.2,60.0,998.1,998.1,2.7,4.8
2024-05-06 04:25:00+02:00,11.2,11.2,11.1,9.3,88.0,15.8,86.0,0.0,0.0,0.0,0.0,0.0,0.0,0.1,26.2,82.3,0.0,3.2,308.0,998.1,998.1,2.7,4.8
2024-05-06 04:30:00+02:00,11.1,11.1,10.9,9.2,88.0,15.8,86.0,0.0,0.0,0.0,0.0,0.0,0.0,0.1,26.2,82.3,0.4,2.2,76.0,998.0,998.0,2.7,4.8
2024-05-06 04:35:00+02:00,11.1,11.1,10.9,9.2,88.0,15.8,86.0,0.0,0.0,0.0,0.0,0.0,0.0,0.1,26.2,82.3,0.4,2.9,103.0,998.1,998.1,2.7,4.8
2024-05-06 04:40:00+02:00,11.1,11.1,10.8,9.3,89.0,15.8,86.0,0.0,0.0,0.0,0.0,0.0,0.0,0.1,26.2,82.3,0.8,2.5,294.0,998.1,998.1,2.7,4.8
2024-05-06 04:45:00+02:00,11.2,11.2,11.0,9.3,88.0,15.8,86.0,0.0,0.0,0.0,0.0,0.0,0.0,0.1,26.2,82.3,0.0,2.5,308.0,998.0,998.0,2.7,4.8
2024-05-06 04:50:00+02:00,11.2,11.2,11.1,9.4,89.0,15.8,86.0,0.0,0.0,0.0,0.0,0.0,0.0,0.1,26.2,82.3,0.0,2.5,256.0,998.1,998.1,2.7,4.8
2024-05-06 04:55:00+02:00,11.1,11.1,10.9,9.3,88.0,15.8,86.0,0.0,0.0,0.0,0.0,0.0,0.0,0.1,26.2,82.3,0.4,1.8,226.0,998.0,998.0,2.7,4.8
2024-05-06 05:00:00+02:00,11.2,11.2,11.0,9.3,88.0,15.8,86.0,0.0,0.0,0.0,0.0,0.0,0.0,0.1,26.2,82.3,0.0,2.2,265.0,997.9,997.9,2.7,4.8
2024-05-06 05:05:00+02:00,11.2,11.2,10.8,9.4,88.0,15.8,86.0,0.0,0.0,0.0,0.0,0.0,0.0,0.1,26.2,82.3,1.4,2.5,273.0,997.9,997.9,2.7,4.8
2024-05-06 05:10:00+02:00,11.2,11.2,10.9,9.3,88.0,15.8,86.0,0.0,0.0,0.0,0.0,0.0,0.0,0.1,26.2,82.3,0.4,2.9,252.0,997.9,997.9,2.7,4.8
2024-05-06 05:15:00+02:00,11.3,11.3,10.9,9.1,86.0,15.8,86.0,0.0,0.0,0.0,0.0,0.0,0.0,0.1,26.2,82.3,1.2,3.6,64.0,997.8,997.8,2.7,4.7
2024-05-06 05:20:00+02:00,11.5,11.5,10.9,9.1,86.0,15.8,86.0,0.0,0.0,0.0,0.0,0.0,0.0,0.1,26.2,82.3,1.8,5.4,57.0,997.8,997.8,2.7,4.7
2024-05-06 05:25:00+02:00,11.6,11.6,11.2,9.1,85.0,15.8,86.0,0.0,0.0,0.0,0.0,0.0,0.0,0.1,26.2,82.3,1.3,5.4,60.0,997.7,997.7,2.7,4.7
2024-05-06 05:30:00+02:00,11.7,11.7,11.1,9.1,84.0,15.8,86.0,0.1,0.0,0.0,0.0,0.0,0.0,0.1,26.2,82.3,2.0,4.0,99.0,997.7,997.7,2.7,4.7
2024-05-06 05:35:00+02:00,11.7,11.7,11.0,9.2,85.0,15.7,86.0,0.2,0.0,0.0,0.0,0.0,0.0,0.1,26.2,82.3,2.5,4.7,102.0,997.8,997.8,2.7,4.7
2024-05-06 05:40:00+02:00,11.8,11.8,11.0,9.0,83.0,15.7,86.0,0.4,0.0,0.0,0.0,0.0,0.0,0.1,26.2,82.3,3.1,5.8,78.0,997.7,997.7,2.7,4.7
2024-05-06 05:45:00+02:00,11.9,11.9,11.5,9.0,82.0,15.7,86.0,0.6,0.0,0.0,0.0,0.0,0.0,0.1,26.2,82.3,1.1,6.1,83.0,997.8,997.8,2.7,4.7
2024-05-06 05:50:00+02:00,12.0,12.0,11.4,9.0,82.0,15.7,86.0,0.9,0.0,0.0,0.0,0.0,0.0,0.1,26.2,82.3,2.0,4.7,102.0,997.8,997.8,2.7,4.7
2024-05-06 05:55:00+02:00,12.0,12.0,11.5,9.0,82.0,15.7,86.0,1.2,0.0,0.0,0.0,0.0,0.0,0.1,26.2,82.3,1.3,2.9,81.0,997.8,997.8,2.7,4.7
2024-05-06 06:00:00+02:00,11.9,11.9,11.5,9.1,83.0,15.7,86.0,1.8,0.0,0.0,0.0,0.0,0.0,0.1,26.2,82.3,1.5,3.6,110.0,997.8,997.8,2.7,4.7
2024-05-06 06:05:00+02:00,11.9,11.9,11.5,9.1,83.0,15.7,86.0,2.7,0.0,0.0,0.0,0.0,0.0,0.1,26.2,82.3,0.9,4.0,58.0,997.9,997.9,2.7,4.7
2024-05-06 06:10:00+02:00,11.9,11.9,11.5,9.1,83.0,15.7,86.0,4.0,0.0,0.0,0.0,0.0,0.0,0.1,26.2,82.3,1.4,5.4,62.0,997.8,997.8,2.7,4.7
2024-05-06 06:15:00+02:00,12.0,12.0,11.7,9.0,82.0,15.7,86.0,6.1,0.0,0.0,0.0,0.0,0.0,0.1,26.2,82.3,0.4,3.6,107.0,997.9,997.9,2.7,4.7
2024-05-06 06:20:00+02:00,12.0,12.0,11.5,9.1,82.0,15.7,86.0,7.9,0.0,0.0,0.0,0.0,0.0,0.1,26.2,82.3,1.5,4.3,83.0,997.8,997.8,2.7,4.7
2024-05-06 06:25:00+02:00,12.1,12.1,11.6,9.1,82.0,15.7,86.0,10.3,0.0,0.0,0.0,0.0,0.0,0.1,26.2,82.3,1.7,4.3,63.0,997.9,997.9,2.7,4.7
2024-05-06 06:30:00+02:00,12.1,12.1,11.3,9.1,82.0,15.7,86.0,12.1,0.0,0.0,0.0,0.0,0.0,0.1,26.2,82.3,3.3,6.1,93.0,997.8,997.8,2.7,4.7
2024-05-06 06:35:00+02:00,12.1,12.1,11.7,9.1,82.0,15.7,86.0,13.9,0.0,0.0,0.0,0.0,0.0,0.1,26.2,82.3,1.0,3.6,54.0,997.8,997.8,2.7,4.7
2024-05-06 06:40:00+02:00,12.1,12.1,11.5,9.1,82.0,15.7,86.0,14.3,0.0,0.0,0.0,0.0,0.0,0.1,26.2,82.3,2.3,5.4,35.0,997.8,997.8,2.7,4.7
2024-05-06 06:45:00+02:00,12.2,12.2,11.8,9.2,82.0,15.7,86.0,16.2,0.0,0.0,0.0,0.0,0.0,0.1,26.2,82.3,1.1,4.0,85.0,997.9,997.9,2.7,4.7
2024-05-06 06:50:00+02:00,12.2,12.2,11.7,9.2,82.0,15.8,86.0,22.1,0.0,0.0,0.0,0.0,0.0,0.1,26.2,82.3,1.5,4.0,50.0,997.8,997.8,2.7,4.7
2024-05-06 06:55:00+02:00,12.2,12.2,11.9,9.4,83.0,15.8,86.0,24.6,0.0,0.0,0.0,0.0,0.0,0.1,26.2,82.3,0.4,2.5,31.0,998.0,998.0,2.7,4.7
2024-05-06 07:00:00+02:00,12.2,12.2,11.9,9.3,83.0,15.8,86.0,24.1,0.0,0.0,0.0,0.0,0.0,0.1,26.2,82.3,0.4,2.5,42.0,998.0,998.0,2.7,4.7
2024-05-06 07:05:00+02:00,12.2,12.2,11.8,9.4,83.0,15.8,86.0,21.0,0.0,0.0,0.0,0.0,0.0,0.1,26.2,82.3,1.7,4.0,66.0,997.9,997.9,2.7,4.7
2024-05-06 07:10:00+02:00,12.2,12.2,11.9,9.4,83.0,15.8,86.0,25.6,0.0,0.0,0.0,0.0,0.0,0.1,26.2,82.3,0.8,4.0,99.0,997.9,997.9,2.7,4.7
2024-05-06 07:15:00+02:00,12.2,12.2,11.7,9.4,83.0,15.8,86.0,29.5,0.0,0.0,0.0,0.0,0.0,0.1,26.2,82.3,1.9,6.1,59.0,997.9,997.9,2.7,4.7
2024-05-06 07:20:00+02:00,12.2,12.2,11.5,9.3,82.0,15.8,86.0,29.8,0.0,0.0,0.0,0.0,0.0,0.1,26.2,82.3,2.8,7.2,5.0,997.9,997.9,2.7,4.7
2024-05-06 07:25:00+02:00,12.3,12.3,11.8,9.4,83.0,15.8,87.0,30.1,0.0,0.0,0.0,0.0,0.0,0.1,26.2,82.3,1.8,5.4,340.0,997.9,997.9,2.7,4.7
2024-05-06 07:30:00+02:00,12.3,12.3,11.5,9.5,83.0,15.9,87.0,27.5,0.0,0.0,0.0,0.0,0.0,0.1,26.2,82.3,3.5,6.8,11.0,998.0,998.0,2.7,4.7
2024-05-06 07:35:00+02:00,12.2,12.2,11.7,9.5,83.0,15.9,87.0,23.1,0.0,0.0,0.0,0.0,0.0,0.1,26.2,82.3,1.9,5.8,36.0,998.1,998.1,2.7,4.7
2024-05-06 07:40:00+02:00,12.2,12.2,11.9,9.5,83.0,15.9,87.0,27.1,0.0,0.0,0.0,0.0,0.0,0.1,26.2,82.3,1.2,4.0,306.0,998.1,998.1,2.7,4.7
2024-05-06 07:45:00+02:00,12.2,12.2,12.0,9.5,83.0,15.9,87.0,32.2,0.0,0.0,0.0,0.0,0.0,0.1,26.2,82.3,0.8,7.2,5.0,997.9,997.9,2.7,4.7
2024-05-06 07:50:00+02:00,12.2,12.2,11.5,9.4,83.0,15.9,87.0,40.6,0.0,0.0,0.0,0.0,0.0,0.1,26.2,82.3,3.2,7.6,20.0,997.9,997.9,2.7,4.7
2024-05-06 07:55:00+02:00,12.3,12.3,11.6,9.2,82.0,15.9,87.0,39.6,0.0,0.0,0.0,0.0,0.0,0.1,26.2,82.3,2.7,7.6,62.0,997.9,997.9,2.7,4.7
2024-05-06 08:00:00+02:00,12.3,12.3,11.6,9.2,81.0,16.0,87.0,48.3,0.0,0.0,0.0,0.0,0.0,0.1,26.2,82.3,3.2,6.1,53.0,997.8,997.8,2.7,4.7
2024-05-06 08:05:00+02:00,12.4,12.4,12.1,9.3,81.0,16.0,87.0,59.1,0.0,0.0,0.0,0.0,0.0,0.1,26.2,82.3,0.9,6.8,68.0,997.9,997.9,2.7,4.7
2024-05-06 08:10:00+02:00,12.6,12.6,12.1,9.3,80.0,16.0,87.0,68.9,0.0,0.0,0.0,0.0,0.0,0.1,26.2,82.3,1.7,4.7,107.0,997.8,997.8,2.7,4.7
2024-05-06 08:15:00+02:00,12.7,12.7,12.2,9.2,79.0,16.0,87.0,75.2,0.0,0.0,0.0,0.0,0.0,0.1,26.2,82.3,1.7,7.2,44.0,997.8,997.8,2.7,4.7
2024-05-06 08:20:00+02:00,12.9,12.9,12.0,9.2,78.0,16.1,87.0,78.5,0.0,0.0,0.0,0.0,0.0,0.1,26.2,82.3,3.5,6.1,47.0,997.8,997.8,2.7,4.7
2024-05-06 08:25:00+02:00,13.0,13.0,12.3,9.3,78.0,16.1,87.0,68.0,0.0,0.0,0.0,0.0,0.0,0.1,26.2,82.3,2.7,7.2,352.0,997.8,997.8,2.7,4.8
2024-05-06 08:30:00+02:00,13.1,13.1,12.3,9.3,78.0,16.1,87.0,78.4,0.0,0.0,0.0,0.0,0.0,0.1,26.2,82.3,3.4,6.8,64.0,997.8,997.8,2.7,4.8
2024-05-06 08:35:00+02:00,13.2,13.2,12.7,9.3,77.0,16.2,87.0,80.1,0.0,0.0,0.0,0.0,0.0,0.1,26.2,82.3,2.0,4.3,76.0,997.8,997.8,2.7,4.8
2024-05-06 08:40:00+02:00,13.3,13.3,12.5,9.3,77.0,16.2,87.0,72.5,0.0,0.0,0.0,0.0,0.0,0.1,26.2,82.3,3.4,7.2,51.0,997.9,997.9,2.7,4.8
2024-05-06 08:45:00+02:00,13.3,13.3,12.4,9.2,76.0,16.3,87.0,72.7,0.0,0.0,0.0,0.0,0.0,0.1,26.2,82.3,3.8,7.2,54.0,997.9,997.9,2.7,4.8
2024-05-06 08:50:00+02:00,13.4,13.4,12.7,9.5,77.0,16.3,87.0,77.6,0.0,0.0,0.0,0.0,0.0,0.1,26.2,82.3,3.0,6.1,97.0,997.9,997.9,2.7,4.8
2024-05-06 08:55:00+02:00,13.4,13.4,12.3,9.4,77.0,16.4,87.0,82.6,0.0,0.0,0.0,0.0,0.0,0.1,26.2,82.3,5.1,10.1,80.0,997.9,997.9,2.7,4.8
2024-05-06 09:00:00+02:00,13.5,13.5,13.0,9.4,76.0,16.4,87.0,84.0,0.0,0.0,0.0,0.0,0.0,0.1,26.2,82.3,2.0,7.6,13.0,998.0,998.0,2.7,4.8
2024-05-06 09:05:00+02:00,13.5,13.5,12.9,9.5,77.0,16.4,87.0,102.0,0.0,0.0,0.0,0.0,0.0,0.1,26.2,82.3,2.4,6.8,94.0,997.9,997.9,2.7,4.9
2024-05-06 09:10:00+02:00,13.4,13.4,12.4,9.5,77.0,16.5,87.0,104.7,0.0,0.0,0.0,0.0,0.0,0.1,26.2,82.3,4.7,12.2,5.0,998.0,998.0,2.7,4.9
2024-05-06 09:15:00+02:00,13.5,13.5,12.7,9.5,77.0,16.5,88.0,110.8,1.0,0.0,0.0,0.0,0.0,0.1,26.2,82.3,3.7,7.6,9.0,998.0,998.0,2.7,4.9
2024-05-06 09:20:00+02:00,13.6,13.6,12.9,9.6,77.0,16.6,88.0,110.2,1.0,0.0,0.0,0.0,0.0,0.1,26.2,82.3,3.3,10.4,45.0,998.0,998.0,2.7,4.9
2024-05-06 09:25:00+02:00,13.7,13.7,13.2,9.8,77.0,16.7,88.0,106.5,0.0,0.0,0.0,0.0,0.0,0.1,26.2,82.3,2.8,10.8,50.0,998.1,998.1,2.7,4.9
2024-05-06 09:30:00+02:00,13.7,13.7,12.4,9.6,76.0,16.7,88.0,108.3,1.0,0.0,0.0,0.0,0.0,0.1,26.2,82.3,6.4,9.4,17.0,998.0,998.0,2.7,4.9
2024-05-06 09:35:00+02:00,13.6,13.6,12.6,9.6,77.0,16.7,88.0,120.4,1.0,0.0,0.0,0.0,0.0,0.1,26.2,82.3,4.8,7.6,63.0,998.0,998.0,2.7,5.0
2024-05-06 09:40:00+02:00,13.7,13.7,12.8,9.7,77.0,16.8,88.0,126.4,1.0,0.0,0.0,0.0,0.0,0.1,26.2,82.3,4.6,9.7,74.0,998.0,998.0,2.7,5.0
2024-05-06 09:45:00+02:00,13.8,13.8,13.2,9.7,76.0,16.8,88.0,128.6,1.0,0.0,0.0,0.0,0.0,0.1,26.2,82.3,2.9,11.5,58.0,998.0,998.0,2.7,5.0
2024-05-06 09:50:00+02:00,13.9,13.9,12.9,9.7,76.0,16.9,88.0,137.3,1.0,0.0,0.0,0.0,0.0,0.1,26.2,82.3,4.8,9.7,42.0,998.0,998.0,2.7,5.0
2024-05-06 09:55:00+02:00,13.9,13.9,12.9,9.7,76.0,16.9,88.0,160.5,1.0,0.0,0.0,0.0,0.0,0.1,26.2,82.3,5.2,11.9,94.0,997.9,997.9,2.7,5.1
2024-05-06 10:00:00+02:00,14.1,14.1,13.1,9.9,76.0,17.0,88.0,175.1,1.0,0.0,0.0,0.0,0.0,0.1,26.2,82.3,5.3,13.3,47.0,997.9,997.9,2.7,5.1
2024-05-06 10:05:00+02:00,14.2,14.2,13.7,9.9,75.0,17.1,88.0,194.3,1.0,0.0,0.0,0.0,0.0,0.1,26.2,82.3,3.0,7.9,43.0,997.9,997.9,2.7,5.1
2024-05-06 10:10:00+02:00,14.7,14.7,14.1,10.3,75.0,17.2,88.0,188.4,1.0,0.0,0.0,0.0,0.0,0.1,26.2,82.3,3.5,6.1,83.0,997.9,997.9,2.7,5.1
2024-05-06 10:15:00+02:00,14.9,14.9,14.4,10.3,74.0,17.2,88.0,217.4,2.0,0.0,0.0,0.0,0.0,0.1,26.2,82.3,3.3,6.8,120.0,997.9,997.9,2.7,5.2
2024-05-06 10:20:00+02:00,15.0,15.0,14.3,10.2,73.0,17.3,89.0,232.9,2.0,0.0,0.0,0.0,0.0,0.1,26.2,82.3,4.5,7.6,42.0,997.8,997.8,2.7,5.2
2024-05-06 10:25:00+02:00,15.0,15.0,13.6,10.1,72.0,17.4,89.0,251.9,2.0,0.0,0.0,0.0,0.0,0.1,26.2,82.3,7.9,13.3,5.0,997.9,997.9,2.7,5.2
2024-05-06 10:30:00+02:00,14.9,14.9,14.0,10.1,73.0,17.5,89.0,269.3,2.0,0.0,0.0,0.0,0.0,0.1,26.2,82.3,4.9,13.0,45.0,997.9,997.9,2.7,5.2
2024-05-06 10:35:00+02:00,15.2,15.2,14.3,10.2,72.0,17.6,89.0,303.1,2.0,0.0,0.0,0.0,0.0,0.1,26.2,82.3,4.8,9.7,62.0,997.8,997.8,2.7,5.2
2024-05-06 10:40:00+02:00,15.7,15.7,15.4,10.4,70.0,17.7,89.0,352.6,3.0,0.0,0.0,0.0,0.0,0.1,26.2,82.3,2.5,6.8,21.0,997.9,997.9,2.7,5.2
2024-05-06 10:45:00+02:00,16.1,16.1,15.4,10.6,70.0,17.8,89.0,388.3,3.0,0.0,0.0,0.0,0.0,0.1,26.2,82.3,4.6,10.8,18.0,997.8,997.8,2.7,5.2
2024-05-06 10:50:00+02:00,16.3,16.3,15.8,10.6,69.0,18.0,89.0,332.2,3.0,0.0,0.0,0.0,0.0,0.1,26.2,82.3,3.9,9.0,105.0,997.7,997.7,2.7,5.2
2024-05-06 10:55:00+02:00,16.4,16.4,15.6,10.5,68.0,18.2,89.0,349.5,3.0,0.0,0.0,0.0,0.0,0.1,26.2,82.3,5.1,11.2,35.0,997.8,997.8,2.7,5.2
2024-05-06 11:00:00+02:00,16.9,16.9,16.4,10.8,67.0,18.3,90.0,356.0,3.0,0.0,0.0,0.0,0.0,0.1,26.2,82.3,4.0,10.4,15.0,997.8,997.8,2.7,5.2
2024-05-06 11:05:00+02:00,16.8,16.8,16.3,10.6,67.0,18.5,90.0,369.5,3.0,0.0,0.0,0.0,0.0,0.1,26.2,82.3,3.7,10.8,16.0,997.8,997.8,2.7,5.2
2024-05-06 11:10:00+02:00,16.9,16.9,16.2,10.6,67.0,18.7,90.0,424.6,3.0,0.0,0.0,0.0,0.0,0.1,26.2,82.3,4.8,10.4,8.0,997.7,997.7,2.7,5.2
2024-05-06 11:15:00+02:00,17.1,17.1,16.5,10.7,66.0,18.8,90.0,544.9,5.0,0.0,0.0,0.0,0.0,0.1,26.2,82.3,4.2,9.4,86.0,997.8,997.8,2.7,5.3
2024-05-06 11:20:00+02:00,18.0,18.0,17.4,10.7,62.0,19.0,90.0,625.7,5.0,0.0,0.0,0.0,0.0,0.1,26.2,82.3,4.1,15.8,26.0,997.8,997.8,2.7,5.3
2024-05-06 11:25:00+02:00,17.4,17.4,16.9,10.7,65.0,19.2,90.0,323.3,3.0,0.0,0.0,0.0,0.0,0.1,26.2,82.3,4.2,13.3,33.0,997.7,997.7,2.7,5.3
2024-05-06 11:30:00+02:00,17.7,17.7,17.2,10.8,64.0,19.5,90.0,428.0,3.0,0.0,0.0,0.0,0.0,0.1,26.2,82.3,4.0,7.9,106.0,997.7,997.7,2.7,5.3
2024-05-06 11:35:00+02:00,17.8,17.8,17.2,10.6,63.0,19.7,90.0,298.3,2.0,0.0,0.0,0.0,0.0,0.1,26.2,82.3,4.0,10.1,27.0,997.7,997.7,2.7,5.3
2024-05-06 11:40:00+02:00,17.5,17.5,16.6,10.5,63.0,19.8,90.0,269.5,2.0,0.0,0.0,0.0,0.0,0.1,26.2,82.3,5.7,15.8,40.0,997.7,997.7,2.7,5.3
2024-05-06 11:45:00+02:00,17.8,17.8,17.6,10.7,63.0,20.0,90.0,546.2,5.0,0.0,0.0,0.0,0.0,0.1,26.2,82.3,2.6,9.0,55.0,997.7,997.7,2.7,5.3
2024-05-06 11:50:00+02:00,18.2,18.2,17.4,10.6,61.0,20.2,90.0,665.8,6.0,0.0,0.0,0.0,0.0,0.1,26.2,82.3,5.5,10.8,322.0,997.7,997.7,2.7,5.3
2024-05-06 11:55:00+02:00,18.4,18.4,17.4,10.3,59.0,20.4,90.0,554.8,5.0,0.0,0.0,0.0,0.0,0.1,26.2,82.3,5.7,14.0,0.0,997.7,997.7,2.7,5.3
2024-05-06 12:00:00+02:00,18.1,18.1,17.4,10.2,60.0,20.6,90.0,520.8,4.0,0.0,0.0,0.0,0.0,0.1,26.2,82.3,4.2,15.1,71.0,997.8,997.8,2.7,5.3
2024-05-06 12:05:00+02:00,18.3,18.3,17.9,10.4,60.0,20.8,90.0,509.8,4.0,0.0,0.0,0.0,0.0,0.1,26.2,82.3,3.0,15.1,69.0,997.8,997.8,2.7,5.3
2024-05-06 12:10:00+02:00,18.9,18.9,18.3,10.6,58.0,21.1,91.0,649.6,6.0,0.0,0.0,0.0,0.0,0.1,26.2,82.3,4.0,12.2,57.0,997.7,997.7,2.7,5.3
2024-05-06 12:15:00+02:00,19.3,19.3,19.0,10.8,58.0,21.3,91.0,635.3,5.0,0.0,0.0,0.0,0.0,0.1,26.2,82.3,3.2,14.8,333.0,997.7,997.7,2.7,5.3
2024-05-06 12:20:00+02:00,19.0,19.0,18.1,10.5,58.0,21.6,91.0,354.8,3.0,0.0,0.0,0.0,0.0,0.1,26.2,82.3,5.2,14.8,68.0,997.7,997.7,2.7,5.3
2024-05-06 12:25:00+02:00,18.8,18.8,17.8,9.7,56.0,21.8,90.0,291.3,2.0,0.0,0.0,0.0,0.0,0.1,26.2,82.3,4.9,10.4,103.0,997.8,997.8,2.7,5.3
2024-05-06 12:30:00+02:00,18.5,18.5,17.1,9.4,55.0,22.0,90.0,364.2,3.0,0.0,0.0,0.0,0.0,0.1,26.2,82.3,6.5,14.4,52.0,997.9,997.9,2.7,5.3
2024-05-06 12:35:00+02:00,18.8,18.8,18.1,9.8,56.0,22.2,90.0,490.4,4.0,0.0,0.0,0.0,0.0,0.1,26.2,82.3,3.3,9.7,16.0,997.8,997.8,2.7,5.3
2024-05-06 12:40:00+02:00,19.3,19.3,18.4,10.2,56.0,22.3,90.0,665.4,6.0,0.0,0.0,0.0,0.0,0.1,26.2,82.3,4.9,10.4,25.0,997.7,997.7,2.7,5.3
2024-05-06 12:45:00+02:00,19.3,19.3,18.3,10.3,56.0,22.5,90.0,767.9,7.0,0.0,0.0,0.0,0.0,0.1,26.2,82.3,5.7,14.0,346.0,997.6,997.6,2.7,5.3
2024-05-06 12:50:00+02:00,19.7,19.7,19.1,11.2,58.0,22.7,90.0,704.1,6.0,0.0,0.0,0.0,0.0,0.1,26.2,82.3,5.0,10.4,109.0,997.8,997.8,2.7,5.3
2024-05-06 12:55:00+02:00,20.0,20.0,19.4,10.6,55.0,23.0,90.0,528.8,4.0,0.0,0.0,0.0,0.0,0.1,26.2,82.3,4.3,13.7,113.0,997.7,997.7,2.7,5.3
2024-05-06 13:00:00+02:00,20.2,20.2,19.2,10.9,55.0,23.3,90.0,367.6,3.0,0.0,0.0,0.0,0.0,0.1,26.2,82.3,6.8,15.5,114.0,997.7,997.7,2.7,5.3
2024-05-06 13:05:00+02:00,18.7,18.7,17.8,10.0,57.0,23.4,89.0,265.0,2.0,0.0,0.0,0.0,0.0,0.1,26.2,82.3,4.9,15.5,0.0,997.8,997.8,2.7,5.3
2024-05-06 13:10:00+02:00,18.7,18.7,18.0,10.2,58.0,23.6,89.0,346.7,3.0,0.0,0.0,0.0,0.0,0.1,26.2,82.3,4.2,10.8,75.0,997.8,997.8,2.7,5.3
2024-05-06 13:15:00+02:00,19.0,19.0,18.4,10.3,57.0,23.7,89.0,395.4,3.0,0.0,0.0,0.0,0.0,0.1,26.2,82.3,3.8,10.4,53.0,997.8,997.8,2.7,5.3
2024-05-06 13:20:00+02:00,19.7,19.7,19.2,10.5,55.0,23.8,89.0,412.1,3.0,0.0,0.0,0.0,0.0,0.1,26.2,82.3,3.7,8.6,355.0,997.8,997.8,2.7,5.3
2024-05-06 13:25:00+02:00,19.5,19.5,18.9,10.5,56.0,23.9,89.0,380.3,3.0,0.0,0.0,0.0,0.0,0.1,26.2,82.3,4.0,15.8,63.0,997.7,997.7,2.7,5.3
2024-05-06 13:30:00+02:00,19.5,19.5,18.7,10.3,55.0,24.0,89.0,360.1,3.0,0.0,0.0,0.0,0.0,0.1,26.2,82.3,5.0,15.5,3.0,997.8,997.8,2.7,5.3
2024-05-06 13:35:00+02:00,19.2,19.2,18.4,10.3,57.0,24.1,89.0,329.4,3.0,0.0,0.0,0.0,0.0,0.1,26.2,82.3,4.7,11.5,83.0,997.7,997.7,2.7,5.3
2024-05-06 13:40:00+02:00,18.9,18.9,17.5,9.9,56.0,24.2,89.0,300.2,2.0,0.0,0.0,0.0,0.0,0.1,26.2,82.3,6.9,21.2,28.0,997.7,997.7,2.7,5.3
2024-05-06 13:45:00+02:00,18.7,18.7,17.1,9.6,56.0,24.2,89.0,306.3,2.0,0.0,0.0,0.0,0.0,0.1,26.2,82.3,8.0,14.0,357.0,997.7,997.7,2.7,5.3
2024-05-06 13:50:00+02:00,19.0,19.0,18.5,9.7,55.0,24.3,89.0,286.4,2.0,0.0,0.0,0.0,0.0,0.1,26.2,82.3,2.6,13.0,38.0,997.7,997.7,2.7,5.3
2024-05-06 13:55:00+02:00,19.2,19.2,18.6,10.3,56.0,24.3,89.0,268.0,2.0,0.0,0.0,0.0,0.0,0.1,26.2,82.3,3.8,9.7,355.0,997.7,997.7,2.7,5.3
2024-05-06 14:00:00+02:00,19.1,19.1,18.4,10.0,56.0,24.4,89.0,261.4,2.0,0.0,0.0,0.0,0.0,0.1,26.2,82.3,3.6,13.7,348.0,997.8,997.8,2.7,5.3
2024-05-06 14:05:00+02:00,19.1,19.1,18.4,10.1,56.0,24.4,89.0,246.3,2.0,0.0,0.0,0.0,0.0,0.1,26.2,82.3,3.7,9.7,327.0,997.8,997.8,2.7,5.3
2024-05-06 14:10:00+02:00,19.0,19.0,18.0,10.0,56.0,24.5,89.0,270.2,2.0,0.0,0.0,0.0,0.0,0.1,26.2,82.3,5.1,14.4,53.0,997.8,997.8,2.7,5.3
2024-05-06 14:15:00+02:00,19.0,19.0,18.1,10.1,56.0,24.5,89.0,272.0,2.0,0.0,0.0,0.0,0.0,0.1,26.2,82.3,5.1,8.6,13.0,997.8,997.8,2.7,5.3
2024-05-06 14:20:00+02:00,19.1,19.1,18.4,10.4,57.0,24.5,89.0,294.5,2.0,0.0,0.0,0.0,0.0,0.1,26.2,82.3,4.0,9.7,358.0,997.7,997.7,2.7,5.3
2024-05-06 14:25:00+02:00,19.2,19.2,17.3,10.3,56.0,24.6,89.0,288.6,2.0,0.0,0.0,0.0,0.0,0.1,26.2,82.3,10.1,13.3,329.0,997.7,997.7,2.7,5.3
2024-05-06 14:30:00+02:00,19.3,19.3,18.6,10.3,56.0,24.6,89.0,298.7,2.0,0.0,0.0,0.0,0.0,0.1,26.2,82.3,4.5,11.9,245.0,997.7,997.7,2.7,5.3
2024-05-06 14:35:00+02:00,19.3,19.3,18.4,10.3,56.0,24.7,89.0,267.6,2.0,0.0,0.0,0.0,0.0,0.1,26.2,82.3,5.4,11.5,34.0,997.7,997.7,2.7,5.3
2024-05-06 14:40:00+02:00,19.2,19.2,18.6,10.3,56.0,24.7,88.0,276.5,2.0,0.0,0.0,0.0,0.0,0.1,26.2,82.3,3.2,9.4,41.0,997.7,997.7,2.7,5.3
2024-05-06 14:45:00+02:00,19.2,19.2,18.5,10.1,56.0,24.7,89.0,253.7,2.0,0.0,0.0,0.0,0.0,0.1,26.2,82.3,4.0,9.4,80.0,997.7,997.7,2.7,5.3
2024-05-06 14:50:00+02:00,19.1,19.1,18.1,10.2,56.0,24.8,89.0,239.1,2.0,0.0,0.0,0.0,0.0,0.1,26.2,82.3,5.4,9.0,62.0,997.6,997.6,2.7,5.3
2024-05-06 14:55:00+02:00,19.1,19.1,18.5,10.3,57.0,24.8,89.0,206.3,1.0,0.0,0.0,0.0,0.0,0.1,26.2,82.3,3.5,9.0,308.0,997.5,997.5,2.7,5.3
2024-05-06 15:00:00+02:00,19.0,19.0,18.2,10.2,57.0,24.8,89.0,207.7,1.0,0.0,0.0,0.0,0.0,0.1,26.2,82.3,5.0,19.1,324.0,997.6,997.6,2.7,5.3
2024-05-06 15:05:00+02:00,18.7,18.7,17.4,10.2,58.0,24.8,89.0,209.6,1.0,0.0,0.0,0.0,0.0,0.1,26.2,82.3,7.3,16.2,333.0,997.5,997.5,2.7,5.3
2024-05-06 15:10:00+02:00,18.7,18.7,17.7,10.3,58.0,24.8,89.0,191.9,1.0,0.0,0.0,0.0,0.0,0.1,26.2,82.3,5.9,14.8,358.0,997.6,997.6,2.7,5.3
2024-05-06 15:15:00+02:00,18.6,18.6,17.1,10.4,59.0,24.8,89.0,179.1,1.0,0.0,0.0,0.0,0.0,0.1,26.2,82.3,8.4,16.6,299.0,997.6,997.6,2.7,5.3
2024-05-06 15:20:00+02:00,18.5,18.5,17.6,10.5,60.0,24.8,88.0,187.5,1.0,0.0,0.0,0.0,0.0,0.1,26.2,82.3,5.6,10.1,277.0,997.6,997.6,2.7,5.3
2024-05-06 15:25:00+02:00,18.8,18.8,18.8,10.7,59.0,24.8,88.0,185.2,1.0,0.0,0.0,0.0,0.0,0.1,26.2,82.3,1.6,6.5,243.0,997.6,997.6,2.7,5.3
2024-05-06 15:30:00+02:00,18.9,18.9,18.6,10.5,58.0,24.8,88.0,188.6,1.0,0.0,0.0,0.0,0.0,0.1,26.2,82.3,2.5,8.6,355.0,997.6,997.6,2.7,5.3
2024-05-06 15:35:00+02:00,18.9,18.9,18.8,10.5,58.0,24.8,88.0,173.1,1.0,0.0,0.0,0.0,0.0,0.1,26.2,82.3,1.9,6.1,68.0,997.6,997.6,2.7,5.3
2024-05-06 15:40:00+02:00,19.0,19.0,18.3,10.3,57.0,24.8,88.0,165.3,1.0,0.0,0.0,0.0,0.0,0.1,26.2,82.3,3.9,7.9,32.0,997.7,997.7,2.7,5.3
2024-05-06 15:45:00+02:00,19.0,19.0,18.6,10.5,58.0,24.8,88.0,168.1,1.0,0.0,0.0,0.0,0.0,0.1,26.2,82.3,3.1,8.6,42.0,997.6,997.6,2.7,5.3
2024-05-06 15:50:00+02:00,18.8,18.8,18.1,10.1,57.0,24.8,88.0,161.2,1.0,0.0,0.0,0.0,0.0,0.1,26.2,82.3,4.0,9.0,354.0,997.6,997.6,2.7,5.3
2024-05-06 15:55:00+02:00,18.8,18.8,18.1,10.0,57.0,24.7,88.0,159.0,1.0,0.0,0.0,0.0,0.0,0.1,26.2,82.3,3.6,6.5,73.0,997.7,997.7,2.7,5.3
2024-05-06 16:00:00+02:00,18.7,18.7,17.7,10.1,57.0,24.7,88.0,160.1,1.0,0.0,0.0,0.0,0.0,0.1,26.2,82.3,5.5,9.4,359.0,997.8,997.8,2.7,5.3
2024-05-06 16:05:00+02:00,18.7,18.7,18.3,10.2,58.0,24.7,88.0,151.8,1.0,0.0,0.0,0.0,0.0,0.1,26.2,82.3,2.4,8.3,350.0,997.8,997.8,2.7,5.3
2024-05-06 16:10:00+02:00,18.9,18.9,18.7,10.5,58.0,24.7,88.0,142.2,1.0,0.0,0.0,0.0,0.0,0.1,26.2,82.3,1.7,7.9,353.0,997.8,997.8,2.7,5.3
2024-05-06 16:15:00+02:00,18.6,18.6,17.8,10.4,59.0,24.7,88.0,124.4,1.0,0.0,0.0,0.0,0.0,0.1,26.2,82.3,4.7,11.2,354.0,997.7,997.7,2.7,5.3
2024-05-06 16:20:00+02:00,18.5,18.5,18.1,10.5,60.0,24.7,88.0,113.3,1.0,0.0,0.0,0.0,0.0,0.1,26.2,82.3,3.0,11.2,355.0,997.8,997.8,2.7,5.3
2024-05-06 16:25:00+02:00,18.4,18.4,17.8,10.8,61.0,24.7,88.0,110.4,1.0,0.0,0.0,0.0,0.0,0.1,26.2,82.3,4.5,14.0,347.0,997.8,997.8,2.7,5.2
2024-05-06 16:30:00+02:00,18.2,18.2,18.1,10.8,62.0,24.6,88.0,89.3,0.0,0.0,0.0,0.0,0.0,0.1,26.2,82.3,1.6,9.0,299.0,997.9,997.9,2.7,5.2
2024-05-06 16:35:00+02:00,18.3,18.3,18.3,11.2,63.0,24.6,88.0,81.8,0.0,0.0,0.0,0.0,0.0,0.1,26.2,82.3,1.9,4.0,353.0,997.9,997.9,2.7,5.2
2024-05-06 16:40:00+02:00,18.3,18.3,18.2,11.2,63.0,24.6,88.0,77.2,0.0,0.0,0.0,0.0,0.0,0.1,26.2,82.3,2.6,3.6,339.0,998.0,998.0,2.7,5.2
2024-05-06 16:45:00+02:00,18.2,18.2,18.0,10.8,62.0,24.5,88.0,77.7,0.0,0.0,0.0,0.0,0.0,0.1,26.2,82.3,2.5,7.2,71.0,998.0,998.0,2.7,5.2
2024-05-06 16:50:00+02:00,17.9,17.9,17.9,11.2,65.0,24.5,88.0,80.6,0.0,0.0,0.0,0.0,0.0,0.1,26.2,82.3,1.9,4.7,117.0,998.0,998.0,2.7,5.2
2024-05-06 16:55:00+02:00,17.8,17.8,17.8,11.2,65.0,24.5,88.0,80.5,0.0,0.0,0.0,0.0,0.0,0.1,26.2,82.3,2.0,5.4,128.0,998.0,998.0,2.7,5.2
2024-05-06 17:00:00+02:00,17.7,17.7,17.5,11.1,65.0,24.4,87.0,69.1,0.0,0.0,0.0,0.0,0.0,0.1,26.2,82.3,3.1,5.8,133.0,998.0,998.0,2.7,5.2
2024-05-06 17:05:00+02:00,17.6,17.6,17.5,11.2,66.0,24.4,87.0,64.2,0.0,0.0,0.0,0.0,0.0,0.1,26.2,82.3,2.4,5.4,130.0,998.2,998.2,2.7,5.2
2024-05-06 17:10:00+02:00,17.3,17.3,17.3,11.4,68.0,24.3,87.0,71.3,0.0,0.0,0.0,0.0,0.0,0.1,26.2,82.3,2.6,7.2,109.0,998.2,998.2,2.7,5.2
2024-05-06 17:15:00+02:00,17.4,17.4,17.3,11.3,67.0,24.3,87.0,72.0,0.0,0.0,0.0,0.0,0.0,0.1,26.2,82.3,2.7,6.1,105.0,998.2,998.2,2.7,5.2
2024-05-06 17:20:00+02:00,17.3,17.3,16.8,11.6,69.0,24.3,87.0,71.3,0.0,0.0,0.0,0.0,0.0,0.1,26.2,82.3,5.0,7.6,129.0,998.3,998.3,2.7,5.2
2024-05-06 17:25:00+02:00,17.0,17.0,16.6,11.8,71.0,24.2,87.0,70.6,0.0,0.0,0.0,0.0,0.0,0.1,26.2,82.3,5.0,7.6,127.0,998.3,998.3,2.7,5.2
2024-05-06 17:30:00+02:00,16.8,16.8,16.4,12.0,73.0,24.2,87.0,60.9,0.0,0.0,0.0,0.0,0.0,0.1,26.2,82.3,5.5,9.0,124.0,998.3,998.3,2.7,5.2
2024-05-06 17:35:00+02:00,16.6,16.6,16.4,12.2,75.0,24.1,87.0,48.5,0.0,0.0,0.0,0.0,0.0,0.1,26.2,82.3,4.5,9.7,106.0,998.4,998.4,2.7,5.2
2024-05-06 17:40:00+02:00,16.5,16.5,16.2,12.4,77.0,24.1,87.0,48.6,0.0,0.0,0.0,0.0,0.0,0.1,26.2,82.3,5.5,7.6,117.0,998.5,998.5,2.7,5.2
2024-05-06 17:45:00+02:00,16.4,16.4,16.2,12.5,78.0,24.0,87.0,46.1,0.0,0.0,0.0,0.0,0.0,0.1,26.2,82.3,5.0,7.6,123.0,998.6,998.6,2.7,5.2
2024-05-06 17:50:00+02:00,16.2,16.2,16.0,12.7,80.0,23.9,86.0,43.6,0.0,0.0,0.0,0.0,0.0,0.1,26.2,82.3,5.5,8.3,121.0,998.6,998.6,2.7,5.2
2024-05-06 17:55:00+02:00,16.0,16.0,15.8,12.9,82.0,23.9,86.0,51.5,0.0,0.6,0.1,0.1,0.1,0.2,26.3,82.4,5.8,8.6,127.0,998.7,998.7,2.7,5.2
2024-05-06 18:00:00+02:00,15.9,15.9,15.6,12.7,82.0,23.8,86.0,56.5,0.0,0.6,0.1,0.1,0.1,0.2,26.3,82.4,5.9,8.3,115.0,998.7,998.7,2.7,5.2
2024-05-06 18:05:00+02:00,15.7,15.7,15.2,12.5,81.0,23.7,86.0,59.7,0.0,0.6,0.1,0.1,0.1,0.2,26.3,82.4,6.6,9.7,115.0,998.7,998.7,2.7,5.2
2024-05-06 18:10:00+02:00,15.7,15.7,15.8,12.5,81.0,23.7,86.0,59.1,0.0,0.0,0.1,0.1,0.1,0.2,26.3,82.4,3.4,7.6,116.0,998.8,998.8,2.7,5.2
2024-05-06 18:15:00+02:00,15.7,15.7,16.0,12.7,83.0,23.6,86.0,54.9,0.0,0.0,0.1,0.1,0.1,0.2,26.3,82.4,2.7,5.8,115.0,998.8,998.8,2.7,5.2
2024-05-06 18:20:00+02:00,15.5,15.5,15.6,12.6,83.0,23.5,86.0,49.9,0.0,0.6,0.2,0.2,0.2,0.3,26.4,82.5,3.8,6.5,146.0,998.9,998.9,2.7,5.2
2024-05-06 18:25:00+02:00,15.4,15.4,15.4,12.3,82.0,23.4,86.0,45.7,0.0,0.6,0.2,0.2,0.2,0.3,26.4,82.5,3.4,5.8,121.0,998.9,998.9,2.7,5.2
2024-05-06 18:30:00+02:00,15.4,15.4,15.7,12.4,83.0,23.3,85.0,42.4,0.0,0.6,0.3,0.3,0.3,0.4,26.5,82.6,2.4,4.7,124.0,998.9,998.9,2.7,5.2
2024-05-06 18:35:00+02:00,15.3,15.3,15.2,12.4,83.0,23.3,86.0,36.7,0.0,0.6,0.3,0.3,0.3,0.4,26.5,82.6,4.2,6.5,122.0,999.0,999.0,2.7,5.2
2024-05-06 18:40:00+02:00,15.2,15.2,14.9,12.3,83.0,23.2,85.0,30.9,0.0,0.6,0.3,0.3,0.3,0.4,26.5,82.6,5.0,6.8,121.0,999.1,999.1,2.7,5.2
2024-05-06 18:45:00+02:00,15.1,15.1,15.2,12.5,84.0,23.2,85.0,27.6,0.0,0.6,0.4,0.4,0.4,0.5,26.6,82.7,3.7,6.8,121.0,999.0,999.0,2.7,5.1
2024-05-06 18:50:00+02:00,15.0,15.0,14.9,12.4,84.0,23.1,85.0,25.2,0.0,1.2,0.5,0.5,0.5,0.6,26.7,82.8,4.5,7.2,121.0,999.1,999.1,2.7,5.1
2024-05-06 18:55:00+02:00,15.0,15.0,15.3,12.7,86.0,23.0,85.0,23.0,0.0,1.2,0.6,0.6,0.5,0.7,26.8,82.9,2.8,6.1,125.0,999.0,999.0,2.7,5.1
2024-05-06 19:00:00+02:00,14.9,14.9,15.3,12.8,88.0,22.9,85.0,21.0,0.0,1.2,0.7,0.7,0.6,0.8,26.9,83.0,2.4,3.2,125.0,999.1,999.1,2.7,5.1
2024-05-06 19:05:00+02:00,14.8,14.8,15.3,12.9,88.0,22.8,85.0,20.1,0.0,1.2,0.7,0.7,0.6,0.8,26.9,83.0,2.2,3.6,117.0,999.2,999.2,2.7,5.1
2024-05-06 19:10:00+02:00,14.7,14.7,15.0,12.9,89.0,22.7,85.0,19.3,0.0,1.2,0.8,0.8,0.7,0.9,27.0,83.1,3.0,5.4,127.0,999.3,999.3,2.7,5.1
2024-05-06 19:15:00+02:00,14.7,14.7,15.3,12.9,89.0,22.7,85.0,19.0,0.0,1.8,1.0,1.0,0.9,1.1,27.2,83.3,1.2,3.2,138.0,999.3,999.3,2.7,5.1
2024-05-06 19:20:00+02:00,14.5,14.5,15.4,12.9,90.0,22.6,85.0,18.3,0.0,1.8,1.1,1.1,0.9,1.2,27.3,83.4,0.4,4.3,124.0,999.3,999.3,2.7,5.1
2024-05-06 19:25:00+02:00,14.5,14.5,15.2,13.0,91.0,22.5,85.0,16.3,0.0,1.8,1.3,1.3,1.1,1.4,27.5,83.6,0.8,2.5,125.0,999.4,999.4,2.7,5.0
2024-05-06 19:30:00+02:00,14.3,14.3,14.7,13.0,92.0,22.5,85.0,14.8,0.0,1.8,1.4,1.4,1.1,1.5,27.6,83.7,3.0,4.0,103.0,999.6,999.6,2.7,5.0
2024-05-06 19:35:00+02:00,14.2,14.2,14.6,12.8,91.0,22.4,85.0,13.2,0.0,1.8,1.5,1.5,1.2,1.6,27.7,83.8,2.4,4.0,95.0,999.5,999.5,2.7,5.0
2024-05-06 19:40:00+02:00,14.2,14.2,14.8,12.9,92.0,22.3,85.0,11.8,0.0,1.8,1.7,1.7,1.4,1.8,27.9,84.0,1.5,2.9,95.0,999.5,999.5,2.7,5.0
2024-05-06 19:45:00+02:00,14.2,14.2,15.0,12.9,92.0,22.2,85.0,10.4,0.0,1.8,1.8,1.8,1.4,1.9,28.0,84.1,0.5,2.9,89.0,999.6,999.6,2.7,5.0
2024-05-06 19:50:00+02:00,14.1,14.1,14.7,12.8,92.0,22.2,85.0,9.4,0.0,1.8,2.0,2.0,1.5,2.1,28.2,84.3,1.5,2.5,102.0,999.6,999.6,2.7,5.0
2024-05-06 19:55:00+02:00,14.0,14.0,14.5,12.9,93.0,22.1,85.0,8.2,0.0,1.8,2.1,2.1,1.5,2.2,28.3,84.4,2.0,3.2,100.0,999.8,999.8,2.7,4.9
2024-05-06 20:00:00+02:00,13.9,13.9,14.3,12.8,93.0,22.0,85.0,7.5,0.0,2.4,2.4,2.4,1.7,2.5,28.6,84.7,2.4,3.6,107.0,999.8,999.8,2.7,4.9
2024-05-06 20:05:00+02:00,13.8,13.8,14.5,12.8,94.0,22.0,85.0,6.8,0.0,2.4,2.6,2.6,1.9,2.7,28.8,84.9,0.8,2.9,117.0,999.9,999.9,2.7,4.9
2024-05-06 20:10:00+02:00,13.7,13.7,14.2,12.8,94.0,21.8,85.0,6.0,0.0,2.4,2.7,2.7,1.9,2.8,28.9,85.0,1.7,2.5,123.0,999.9,999.9,2.7,4.9
2024-05-06 20:15:00+02:00,13.7,13.7,14.1,12.8,94.0,21.8,85.0,5.1,0.0,2.4,2.9,2.9,1.9,3.0,29.1,85.2,2.2,3.2,108.0,1000.0,1000.0,2.7,4.9
2024-05-06 20:20:00+02:00,13.7,13.7,14.4,12.9,95.0,21.7,85.0,4.2,0.0,2.4,3.1,3.1,2.0,3.2,29.3,85.4,0.9,3.6,123.0,1000.0,1000.0,2.7,4.9
2024-05-06 20:25:00+02:00,13.7,13.7,14.1,12.9,95.0,21.6,85.0,3.5,0.0,2.4,3.3,3.3,2.0,3.4,29.5,85.6,2.6,3.6,119.0,1000.2,1000.2,2.7,4.8
2024-05-06 20:30:00+02:00,13.7,13.7,14.0,12.9,95.0,21.5,85.0,2.8,0.0,2.4,3.4,3.4,2.0,3.5,29.6,85.7,2.9,4.3,109.0,1000.2,1000.2,2.7,4.8
2024-05-06 20:35:00+02:00,13.6,13.6,14.0,13.0,96.0,21.4,85.0,2.4,0.0,2.4,3.6,3.6,2.0,3.7,29.8,85.9,2.8,4.3,117.0,1000.2,1000.2,2.7,4.8
2024-05-06 20:40:00+02:00,13.6,13.6,14.2,13.0,96.0,21.3,85.0,1.8,0.0,3.0,3.9,3.9,2.2,4.0,30.1,86.2,1.9,3.2,129.0,1000.3,1000.3,2.7,4.8
2024-05-06 20:45:00+02:00,13.5,13.5,14.1,12.9,96.0,21.2,85.0,1.3,0.0,2.4,4.0,4.0,2.2,4.1,30.2,86.3,2.0,2.9,108.0,1000.3,1000.3,2.7,4.8
2024-05-06 20:50:00+02:00,13.4,13.4,14.1,12.8,96.0,21.1,85.0,1.0,0.0,1.8,4.1,4.1,2.1,4.2,30.3,86.4,1.3,2.9,106.0,1000.4,1000.4,2.7,4.8
2024-05-06 20:55:00+02:00,13.4,13.4,14.0,12.8,96.0,21.1,85.0,0.8,0.0,1.8,4.3,4.3,2.1,4.4,30.5,86.6,1.2,2.5,119.0,1000.4,1000.4,2.7,4.7
2024-05-06 21:00:00+02:00,13.4,13.4,13.9,12.8,96.0,21.0,85.0,0.6,0.0,1.8,4.4,4.4,2.0,4.5,30.6,86.7,1.6,2.5,99.0,1000.4,1000.4,2.7,4.7
2024-05-06 21:05:00+02:00,13.3,13.3,13.8,12.7,96.0,20.9,85.0,0.3,0.0,2.4,4.6,4.6,2.0,4.7,30.8,86.9,1.5,2.5,104.0,1000.5,1000.5,2.7,4.7
2024-05-06 21:10:00+02:00,13.3,13.3,13.9,12.6,96.0,20.8,85.0,0.2,0.0,2.4,4.8,4.8,2.0,4.9,31.0,87.1,0.7,2.2,125.0,1000.5,1000.5,2.7,4.7
2024-05-06 21:15:00+02:00,13.3,13.3,13.9,12.8,97.0,20.8,85.0,0.1,0.0,2.4,5.0,5.0,2.1,5.1,31.2,87.3,0.9,2.5,122.0,1000.8,1000.8,2.7,4.7
2024-05-06 21:20:00+02:00,13.3,13.3,14.1,12.8,97.0,20.7,85.0,0.0,0.0,1.8,5.1,5.1,2.0,5.2,31.3,87.4,0.0,2.5,147.0,1000.7,1000.7,2.7,4.7
2024-05-06 21:25:00+02:00,13.4,13.4,14.3,12.9,97.0,20.6,85.0,0.0,0.0,1.8,5.3,5.3,2.0,5.4,31.5,87.6,0.0,0.0,323.0,1000.9,1000.9,2.7,4.6
2024-05-06 21:30:00+02:00,13.3,13.3,14.2,12.9,97.0,20.5,85.0,0.0,0.0,2.4,5.5,5.5,2.0,5.6,31.7,87.8,0.4,2.2,137.0,1000.9,1000.9,2.7,4.6
2024-05-06 21:35:00+02:00,13.3,13.3,14.1,12.8,97.0,20.5,85.0,0.0,0.0,1.8,5.6,5.6,1.9,5.7,31.8,87.9,0.4,2.2,43.0,1000.9,1000.9,2.7,4.6
2024-05-06 21:40:00+02:00,13.3,13.3,14.0,12.8,97.0,20.4,85.0,0.0,0.0,1.8,5.8,5.8,1.9,5.9,32.0,88.1,0.7,2.2,127.0,1001.1,1001.1,2.7,4.6
2024-05-06 21:45:00+02:00,13.3,13.3,14.0,12.8,97.0,20.4,85.0,0.0,0.0,2.4,5.9,5.9,1.9,6.0,32.1,88.2,1.0,4.7,99.0,1001.1,1001.1,2.7,4.5
2024-05-06 21:50:00+02:00,13.3,13.3,14.0,12.8,97.0,20.3,85.0,0.0,0.0,2.4,6.1,6.1,2.0,6.2,32.3,88.4,1.2,5.8,117.0,1001.1,1001.1,2.7,4.5
2024-05-06 21:55:00+02:00,13.3,13.3,13.7,12.9,97.0,20.2,85.0,0.0,0.0,1.8,6.3,6.3,2.0,6.4,32.5,88.6,2.8,7.9,96.0,1001.2,1001.2,2.7,4.5
2024-05-06 22:00:00+02:00,13.3,13.3,13.5,12.8,97.0,20.2,85.0,0.0,0.0,1.8,6.4,6.4,2.0,6.5,32.6,88.7,3.3,8.3,16.0,1001.3,1001.3,2.7,4.5
2024-05-06 22:05:00+02:00,13.3,13.3,14.3,13.0,98.0,20.1,85.0,0.0,0.0,1.8,6.5,6.5,1.8,6.6,32.7,88.8,0.0,5.8,183.0,1001.3,1001.3,2.72,4.5
2024-05-06 22:10:00+02:00,13.3,13.3,13.8,13.0,98.0,20.1,85.0,0.0,0.0,1.8,6.6,6.6,1.8,6.7,32.8,88.9,2.4,7.6,215.0,1001.3,1001.3,2.72,4.5
2024-05-06 22:15:00+02:00,13.3,13.3,13.6,12.9,98.0,20.0,85.0,0.0,0.0,1.8,6.8,6.8,1.8,6.9,33.0,89.1,2.9,5.8,276.0,1001.3,1001.3,2.72,4.4
2024-05-06 22:20:00+02:00,13.2,13.2,13.4,12.9,98.0,20.0,85.0,0.0,0.0,1.8,6.9,6.9,1.7,7.0,33.1,89.2,3.5,8.3,9.0,1001.4,1001.4,2.72,4.4
2024-05-06 22:25:00+02:00,13.2,13.2,13.9,12.8,98.0,19.9,85.0,0.0,0.0,1.2,7.0,7.0,1.7,7.1,33.2,89.3,0.8,8.3,79.0,1001.5,1001.5,2.7,4.4
2024-05-06 22:30:00+02:00,13.1,13.1,13.5,12.8,98.0,19.9,85.0,0.0,0.0,1.2,7.0,7.0,1.5,7.1,33.2,89.3,2.6,6.5,147.0,1001.5,1001.5,2.7,4.4
2024-05-06 22:35:00+02:00,13.2,13.2,13.5,12.9,98.0,19.8,85.0,0.0,0.0,1.2,7.1,7.1,1.5,7.2,33.3,89.4,3.2,7.2,120.0,1001.5,1001.5,2.7,4.4
2024-05-06 22:40:00+02:00,13.2,13.2,13.5,12.9,98.0,19.8,85.0,0.0,0.0,1.2,7.2,7.2,1.4,7.3,33.4,89.5,3.1,5.8,28.0,1001.7,1001.7,2.7,4.4
2024-05-06 22:45:00+02:00,13.2,13.2,13.7,12.9,98.0,19.8,85.0,0.0,0.0,1.2,7.3,7.3,1.3,7.4,33.5,89.6,1.7,5.0,98.0,1001.9,1001.9,2.7,4.3
2024-05-06 22:50:00+02:00,13.1,13.1,13.7,12.8,98.0,19.7,85.0,0.0,0.0,1.2,7.4,7.4,1.3,7.5,33.6,89.7,1.7,5.4,114.0,1001.8,1001.8,2.7,4.3
2024-05-06 22:55:00+02:00,13.1,13.1,13.6,12.8,98.0,19.7,85.0,0.0,0.0,1.2,7.5,7.5,1.2,7.6,33.7,89.8,1.9,5.8,56.0,1001.9,1001.9,2.7,4.3
2024-05-06 23:00:00+02:00,13.2,13.2,13.6,12.9,98.0,19.6,85.0,0.0,0.0,1.2,7.6,7.6,1.2,7.7,33.8,89.9,2.3,5.4,125.0,1002.0,1002.0,2.7,4.3
2024-05-06 23:05:00+02:00,13.2,13.2,13.6,12.9,98.0,19.6,85.0,0.0,0.0,1.2,7.7,7.7,1.2,7.8,33.9,90.0,2.4,5.4,90.0,1002.1,1002.1,2.7,4.3
2024-05-06 23:10:00+02:00,13.2,13.2,13.7,12.9,98.0,19.5,85.0,0.0,0.0,1.2,7.7,7.7,1.0,7.8,33.9,90.0,2.0,5.8,104.0,1002.1,1002.1,2.7,4.3
2024-05-06 23:15:00+02:00,13.2,13.2,13.9,12.8,98.0,19.5,85.0,0.0,0.0,1.2,7.9,7.9,1.1,8.0,34.1,90.2,0.9,4.7,161.0,1002.1,1002.1,2.7,4.2
2024-05-06 23:20:00+02:00,13.2,13.2,13.7,12.8,98.0,19.5,85.0,0.0,0.0,1.8,8.0,8.0,1.1,8.1,34.2,90.3,1.7,4.7,161.0,1002.2,1002.2,2.7,4.2
2024-05-06 23:25:00+02:00,13.2,13.2,13.6,12.8,98.0,19.4,85.0,0.0,0.0,1.2,8.0,8.0,1.0,8.1,34.2,90.3,2.0,5.0,94.0,1002.2,1002.2,2.7,4.2
2024-05-06 23:30:00+02:00,13.2,13.2,13.6,12.9,98.0,19.4,85.0,0.0,0.0,1.2,8.1,8.1,1.1,8.2,34.3,90.4,2.2,5.0,91.0,1002.4,1002.4,2.7,4.2
2024-05-06 23:35:00+02:00,13.1,13.1,13.8,12.8,98.0,19.3,85.0,0.0,0.0,1.2,8.2,8.2,1.1,8.3,34.4,90.5,1.1,4.0,91.0,1002.3,1002.3,2.7,4.1
2024-05-06 23:40:00+02:00,13.1,13.1,13.7,12.8,98.0,19.3,85.0,0.0,0.0,1.2,8.3,8.3,1.1,8.4,34.5,90.6,1.3,3.6,139.0,1002.5,1002.5,2.7,4.1
2024-05-06 23:45:00+02:00,13.0,13.0,13.5,12.7,98.0,19.3,85.0,0.0,0.0,0.6,8.3,8.3,1.0,8.4,34.5,90.6,1.9,3.2,89.0,1002.5,1002.5,2.7,4.1
2024-05-06 23:50:00+02:00,13.0,13.0,13.8,12.7,98.0,19.3,85.0,0.0,0.0,1.2,8.4,8.4,1.0,8.5,34.6,90.7,0.4,3.2,107.0,1002.4,1002.4,2.7,4.1
2024-05-06 23:55:00+02:00,13.0,13.0,13.7,12.7,98.0,19.2,86.0,0.0,0.0,1.2,8.5,8.5,1.0,8.6,34.7,90.8,0.8,4.0,12.0,1002.4,1002.4,2.7,4.1
2024-05-07 00:00:00+02:00,13.0,13.0,13.6,12.7,98.0,19.2,85.0,0.0,0.0,1.2,0.1,8.6,1.0,8.7,34.8,90.9,1.3,4.3,8.0,1002.4,1002.4,2.7,4.1
2024-05-07 00:05:00+02:00,13.0,13.0,13.8,12.7,98.0,19.1,86.0,0.0,0.0,1.2,0.2,8.7,1.0,8.8,34.9,91.0,0.4,2.9,316.0,1002.6,1002.6,2.7,4.0
2024-05-07 00:10:00+02:00,12.9,12.9,13.4,12.6,98.0,19.1,86.0,0.0,0.0,1.2,0.3,8.8,1.1,8.9,35.0,91.1,1.4,4.3,293.0,1002.6,1002.6,2.7,4.0
2024-05-07 00:15:00+02:00,12.8,12.8,13.1,12.4,98.0,19.1,86.0,0.0,0.0,1.2,0.4,8.9,1.0,9.0,35.1,91.2,2.4,4.3,324.0,1002.6,1002.6,2.7,4.0
2024-05-07 00:20:00+02:00,12.8,12.8,13.3,12.4,98.0,19.0,86.0,0.0,0.0,1.2,0.5,9.0,1.0,9.1,35.2,91.3,1.4,4.0,313.0,1002.7,1002.7,2.7,4.0
2024-05-07 00:25:00+02:00,12.7,12.7,13.1,12.4,98.0,19.0,86.0,0.0,0.0,1.2,0.5,9.0,0.9,9.1,35.2,91.3,1.7,5.4,265.0,1002.7,1002.7,2.7,3.9
2024-05-07 00:30:00+02:00,12.7,12.7,13.1,12.4,98.0,19.0,86.0,0.0,0.0,1.2,0.6,9.1,1.0,9.2,35.3,91.4,1.9,5.8,292.0,1002.7,1002.7,2.7,3.9
2024-05-07 00:35:00+02:00,12.6,12.6,12.9,12.3,98.0,18.9,86.0,0.0,0.0,1.2,0.7,9.2,1.0,9.3,35.4,91.5,2.2,5.8,290.0,1002.8,1002.8,2.7,3.9
2024-05-07 00:40:00+02:00,12.5,12.5,12.9,12.2,98.0,18.9,86.0,0.0,0.0,0.6,0.7,9.2,0.9,9.3,35.4,91.5,1.7,4.3,275.0,1002.7,1002.7,2.7,3.9
2024-05-07 00:45:00+02:00,12.5,12.5,13.0,12.2,98.0,18.8,86.0,0.0,0.0,0.6,0.8,9.3,1.0,9.4,35.5,91.6,1.2,4.3,229.0,1002.8,1002.8,2.7,3.9
2024-05-07 01:00:00+02:00,12.4,12.4,12.7,11.9,97.0,18.7,86.0,0.0,0.0,0.6,1.0,9.5,0.9,9.6,35.7,91.8,1.4,3.2,305.0,1002.8,1002.8,2.7,3.8
2024-05-07 01:05:00+02:00,12.4,12.4,12.9,11.9,97.0,18.7,86.0,0.0,0.0,1.2,1.1,9.6,0.9,9.7,35.8,91.9,0.4,3.2,230.0,1002.8,1002.8,2.7,3.8
2024-05-07 01:10:00+02:00,12.3,12.3,12.9,11.9,97.0,18.7,86.0,0.0,0.0,1.2,1.1,9.6,0.8,9.7,35.8,91.9,0.0,2.5,85.0,1002.8,1002.8,2.7,3.8
2024-05-07 01:15:00+02:00,12.3,12.3,12.9,12.0,98.0,18.7,86.0,0.0,0.0,0.6,1.1,9.6,0.7,9.7,35.8,91.9,0.0,2.5,37.0,1002.8,1002.8,2.7,3.7
2024-05-07 01:20:00+02:00,12.3,12.3,12.9,12.0,98.0,18.6,86.0,0.0,0.0,0.6,1.2,9.7,0.7,9.8,35.9,92.0,0.4,2.5,176.0,1002.8,1002.8,2.7,3.7
2024-05-07 01:25:00+02:00,12.2,12.2,12.8,12.0,98.0,18.6,86.0,0.0,0.0,1.2,1.3,9.8,0.8,9.9,36.0,92.1,0.0,2.5,118.0,1002.9,1002.9,2.7,3.7
2024-05-07 01:30:00+02:00,12.2,12.2,12.6,11.9,98.0,18.6,86.0,0.0,0.0,1.2,1.3,9.8,0.7,9.9,36.0,92.1,1.2,4.0,46.0,1003.0,1003.0,2.7,3.7
2024-05-07 01:35:00+02:00,12.2,12.2,12.7,11.9,98.0,18.5,86.0,0.0,0.0,0.6,1.3,9.8,0.6,9.9,36.0,92.1,0.4,3.2,67.0,1003.0,1003.0,2.7,3.6
2024-05-07 01:40:00+02:00,12.1,12.1,12.7,11.9,98.0,18.5,86.0,0.0,0.0,0.0,1.3,9.8,0.6,9.9,36.0,92.1,0.0,2.9,133.0,1003.0,1003.0,2.7,3.6
2024-05-07 01:45:00+02:00,12.0,12.0,12.5,11.8,98.0,18.4,86.0,0.0,0.0,0.0,1.3,9.8,0.5,9.9,36.0,92.1,0.4,2.9,281.0,1003.0,1003.0,2.7,3.6
2024-05-07 01:50:00+02:00,12.1,12.1,12.5,11.8,98.0,18.4,86.0,0.0,0.0,0.0,1.3,9.8,0.4,9.9,36.0,92.1,0.5,3.6,70.0,1003.0,1003.0,2.7,3.6
2024-05-07 01:55:00+02:00,12.1,12.1,12.2,11.8,98.0,18.4,86.0,0.0,0.0,0.0,1.3,9.8,0.4,9.9,36.0,92.1,2.5,4.3,109.0,1003.1,1003.1,2.7,3.6
2024-05-07 02:00:00+02:00,12.1,12.1,12.2,11.8,98.0,18.4,86.0,0.0,0.0,0.0,1.3,9.8,0.3,9.9,36.0,92.1,2.2,4.7,108.0,1003.2,1003.2,2.7,3.6
2024-05-07 02:05:00+02:00,12.0,12.0,12.4,11.7,98.0,18.3,86.0,0.0,0.0,0.0,1.3,9.8,0.2,9.9,36.0,92.1,0.4,3.2,155.0,1003.2,1003.2,2.7,3.6
2024-05-07 02:10:00+02:00,11.9,11.9,12.3,11.7,98.0,18.3,86.0,0.0,0.0,0.0,1.3,9.8,0.2,9.9,36.0,92.1,0.5,2.9,102.0,1003.3,1003.3,2.7,3.6
2024-05-07 02:15:00+02:00,12.0,12.0,12.3,11.7,98.0,18.3,86.0,0.0,0.0,0.0,1.3,9.8,0.2,9.9,36.0,92.1,1.2,2.9,103.0,1003.2,1003.2,2.7,3.6
2024-05-07 02:20:00+02:00,11.9,11.9,11.9,11.6,98.0,18.3,86.0,0.0,0.0,0.0,1.3,9.8,0.1,9.9,36.0,92.1,2.4,4.3,108.0,1003.2,1003.2,2.7,3.6
2024-05-07 02:25:00+02:00,11.8,11.8,12.1,11.6,98.0,18.2,86.0,0.0,0.0,0.0,1.3,9.8,0.0,9.9,36.0,92.1,1.1,4.3,108.0,1003.3,1003.3,2.7,3.6
2024-05-07 02:30:00+02:00,11.8,11.8,12.1,11.5,98.0,18.2,86.0,0.0,0.0,0.0,1.3,9.8,0.0,9.9,36.0,92.1,1.1,3.2,119.0,1003.3,1003.3,2.7,3.6
2024-05-07 02:35:00+02:00,11.8,11.8,12.1,11.5,98.0,18.2,86.0,0.0,0.0,0.0,1.3,9.8,0.0,9.9,36.0,92.1,0.8,2.5,76.0,1003.3,1003.3,2.7,3.6
2024-05-07 02:40:00+02:00,11.8,11.8,12.1,11.5,98.0,18.1,86.0,0.0,0.0,0.0,1.3,9.8,0.0,9.9,36.0,92.1,1.2,3.6,114.0,1003.4,1003.4,2.7,3.6
2024-05-07 02:45:00+02:00,11.8,11.8,12.1,11.6,98.0,18.1,86.0,0.0,0.0,0.0,1.3,9.8,0.0,9.9,36.0,92.1,1.1,4.0,294.0,1003.4,1003.4,2.7,3.6
2024-05-07 02:50:00+02:00,11.8,11.8,12.1,11.5,98.0,18.1,86.0,0.0,0.0,0.0,1.3,9.8,0.0,9.9,36.0,92.1,1.0,3.6,95.0,1003.5,1003.5,2.7,3.6
2024-05-07 02:55:00+02:00,11.8,11.8,12.0,11.5,98.0,18.1,86.0,0.0,0.0,0.0,1.3,9.8,0.0,9.9,36.0,92.1,1.7,4.0,109.0,1003.4,1003.4,2.7,3.5
2024-05-07 03:00:00+02:00,11.8,11.8,12.0,11.6,98.0,18.0,86.0,0.0,0.0,0.0,1.3,9.8,0.0,9.9,36.0,92.1,1.7,4.0,92.0,1003.5,1003.5,2.7,3.5
2024-05-07 03:05:00+02:00,11.8,11.8,12.4,11.7,99.0,18.0,86.0,0.0,0.0,0.0,1.3,9.8,0.0,9.9,36.0,92.1,0.0,2.5,340.0,1003.4,1003.4,2.7,3.5
2024-05-07 03:10:00+02:00,11.9,11.9,12.2,11.7,99.0,18.0,86.0,0.0,0.0,0.0,1.3,9.8,0.0,9.9,36.0,92.1,1.2,3.2,77.0,1003.4,1003.4,2.7,3.5
2024-05-07 03:15:00+02:00,11.8,11.8,12.0,11.6,99.0,18.0,86.0,0.0,0.0,0.0,1.3,9.8,0.0,9.9,36.0,92.1,1.7,4.0,109.0,1003.4,1003.4,2.7,3.5
2024-05-07 03:20:00+02:00,11.8,11.8,12.0,11.7,99.0,17.9,86.0,0.0,0.0,0.0,1.3,9.8,0.0,9.9,36.0,92.1,2.2,4.3,90.0,1003.6,1003.6,2.7,3.5
2024-05-07 03:25:00+02:00,11.8,11.8,12.3,11.6,99.0,17.9,86.0,0.0,0.0,0.0,1.3,9.8,0.0,9.9,36.0,92.1,0.4,3.2,143.0,1003.5,1003.5,2.7,3.5
2024-05-07 03:30:00+02:00,11.8,11.8,12.3,11.6,99.0,17.9,86.0,0.0,0.0,0.0,1.3,9.8,0.0,9.9,36.0,92.1,0.4,3.2,307.0,1003.6,1003.6,2.7,3.5
2024-05-07 03:35:00+02:00,11.7,11.7,12.1,11.6,99.0,17.8,86.0,0.0,0.0,0.0,1.3,9.8,0.0,9.9,36.0,92.1,0.7,2.9,104.0,1003.8,1003.8,2.7,3.5
2024-05-07 03:40:00+02:00,11.8,11.8,12.0,11.6,99.0,17.8,86.0,0.0,0.0,0.0,1.3,9.8,0.0,9.9,36.0,92.1,1.3,3.2,101.0,1003.7,1003.7,2.7,3.5
2024-05-07 03:45:00+02:00,11.8,11.8,12.1,11.6,99.0,17.8,86.0,0.0,0.0,0.0,1.3,9.8,0.0,9.9,36.0,92.1,0.8,3.2,103.0,1003.8,1003.8,2.7,3.5
2024-05-07 03:50:00+02:00,11.7,11.7,12.0,11.6,99.0,17.8,86.0,0.0,0.0,0.0,1.3,9.8,0.0,9.9,36.0,92.1,0.9,2.9,104.0,1003.9,1003.9,2.7,3.5
2024-05-07 03:55:00+02:00,11.7,11.7,11.9,11.5,99.0,17.8,86.0,0.0,0.0,0.0,1.3,9.8,0.0,9.9,36.0,92.1,1.2,3.2,116.0,1003.9,1003.9,2.7,3.5
2024-05-07 04:00:00+02:00,11.7,11.7,12.2,11.6,99.0,17.7,86.0,0.0,0.0,0.0,1.3,9.8,0.0,9.9,36.0,92.1,0.0,2.9,82.0,1003.9,1003.9,2.7,3.5
2024-05-07 04:05:00+02:00,11.7,11.7,12.2,11.6,99.0,17.7,86.0,0.0,0.0,0.0,1.3,9.8,0.0,9.9,36.0,92.1,0.4,2.9,91.0,1004.1,1004.1,2.7,3.5
2024-05-07 04:10:00+02:00,11.8,11.8,11.9,11.6,99.0,17.7,86.0,0.0,0.0,0.0,1.3,9.8,0.0,9.9,36.0,92.1,2.0,4.7,117.0,1004.0,1004.0,2.7,3.5
2024-05-07 04:15:00+02:00,11.7,11.7,12.0,11.6,99.0,17.7,86.0,0.0,0.0,0.0,1.3,9.8,0.0,9.9,36.0,92.1,0.9,4.7,93.0,1004.1,1004.1,2.7,3.4
2024-05-07 04:20:00+02:00,11.7,11.7,12.0,11.5,99.0,17.6,86.0,0.0,0.0,0.0,1.3,9.8,0.0,9.9,36.0,92.1,0.9,3.2,125.0,1004.1,1004.1,2.7,3.4
2024-05-07 04:25:00+02:00,11.6,11.6,11.8,11.4,99.0,17.6,86.0,0.0,0.0,0.0,1.3,9.8,0.0,9.9,36.0,92.1,1.2,3.2,106.0,1004.0,1004.0,2.7,3.4
2024-05-07 04:30:00+02:00,11.7,11.7,12.2,11.6,99.0,17.6,86.0,0.0,0.0,0.0,1.3,9.8,0.0,9.9,36.0,92.1,0.0,2.9,97.0,1004.1,1004.1,2.7,3.4
2024-05-07 04:35:00+02:00,11.7,11.7,11.9,11.5,99.0,17.6,86.0,0.0,0.0,0.0,1.3,9.8,0.0,9.9,36.0,92.1,1.2,2.9,47.0,1004.1,1004.1,2.7,3.4
2024-05-07 04:40:00+02:00,11.7,11.7,12.0,11.6,99.0,17.6,86.0,0.0,0.0,0.0,1.3,9.8,0.0,9.9,36.0,92.1,0.9,3.2,333.0,1004.2,1004.2,2.7,3.4
2024-05-07 04:45:00+02:00,11.6,11.6,12.0,11.5,99.0,17.5,86.0,0.0,0.0,0.0,1.3,9.8,0.0,9.9,36.0,92.1,0.4,2.5,329.0,1004.2,1004.2,2.7,3.4
2024-05-07 04:50:00+02:00,11.6,11.6,11.5,11.4,99.0,17.5,86.0,0.0,0.0,0.0,1.3,9.8,0.0,9.9,36.0,92.1,2.8,4.3,103.0,1004.4,1004.4,2.7,3.4
2024-05-07 04:55:00+02:00,11.6,11.6,11.8,11.4,99.0,17.5,86.0,0.0,0.0,0.0,1.3,9.8,0.0,9.9,36.0,92.1,1.6,4.3,100.0,1004.4,1004.4,2.7,3.4
2024-05-07 05:00:00+02:00,11.5,11.5,11.8,11.3,99.0,17.5,86.0,0.0,0.0,0.0,1.3,9.8,0.0,9.9,36.0,92.1,0.5,3.6,111.0,1004.4,1004.4,2.7,3.4
2024-05-07 05:05:00+02:00,11.5,11.5,11.7,11.3,99.0,17.4,86.0,0.0,0.0,0.0,1.3,9.8,0.0,9.9,36.0,92.1,0.8,2.5,84.0,1004.4,1004.4,2.7,3.4
2024-05-07 05:10:00+02:00,11.4,11.4,11.6,11.2,99.0,17.4,86.0,0.0,0.0,0.0,1.3,9.8,0.0,9.9,36.0,92.1,1.2,3.2,120.0,1004.3,1004.3,2.7,3.4
2024-05-07 05:15:00+02:00,11.4,11.4,11.5,11.2,99.0,17.4,86.0,0.0,0.0,0.0,1.3,9.8,0.0,9.9,36.0,92.1,1.4,3.2,114.0,1004.3,1004.3,2.7,3.4
2024-05-07 05:20:00+02:00,11.5,11.5,11.4,11.3,99.0,17.4,86.0,0.0,0.0,0.0,1.3,9.8,0.0,9.9,36.0,92.1,2.5,4.0,109.0,1004.4,1004.4,2.7,3.4
2024-05-07 05:25:00+02:00,11.4,11.4,11.6,11.2,99.0,17.3,86.0,0.1,0.0,0.0,1.3,9.8,0.0,9.9,36.0,92.1,0.7,3.2,114.0,1004.4,1004.4,2.7,3.4
2024-05-07 05:30:00+02:00,11.3,11.3,11.5,11.1,99.0,17.3,86.0,0.2,0.0,0.0,1.3,9.8,0.0,9.9,36.0,92.1,0.8,2.9,110.0,1004.5,1004.5,2.7,3.4
2024-05-07 05:35:00+02:00,11.4,11.4,11.3,11.2,99.0,17.3,86.0,0.4,0.0,0.0,1.3,9.8,0.0,9.9,36.0,92.1,2.2,3.6,99.0,1004.5,1004.5,2.7,3.4
2024-05-07 05:40:00+02:00,11.3,11.3,11.3,11.1,99.0,17.3,86.0,0.8,0.0,0.0,1.3,9.8,0.0,9.9,36.0,92.1,1.9,3.2,108.0,1004.5,1004.5,2.7,3.4
2024-05-07 05:45:00+02:00,11.3,11.3,11.7,11.1,99.0,17.2,86.0,1.3,0.0,0.0,1.3,9.8,0.0,9.9,36.0,92.1,0.0,3.2,106.0,1004.6,1004.6,2.7,3.3
2024-05-07 05:50:00+02:00,11.3,11.3,11.6,11.1,99.0,17.2,86.0,2.0,0.0,0.0,1.3,9.8,0.0,9.9,36.0,92.1,0.4,3.2,141.0,1004.6,1004.6,2.7,3.3
2024-05-07 05:55:00+02:00,11.2,11.2,11.1,11.1,99.0,17.2,86.0,2.7,0.0,0.0,1.3,9.8,0.0,9.9,36.0,92.1,2.3,4.3,115.0,1004.6,1004.6,2.7,3.3
2024-05-07 06:00:00+02:00,11.3,11.3,11.2,11.1,99.0,17.2,86.0,3.6,0.0,0.0,1.3,9.8,0.0,9.9,36.0,92.1,2.2,4.0,96.0,1004.7,1004.7,2.7,3.3
2024-05-07 06:05:00+02:00,11.3,11.3,11.3,11.1,99.0,17.2,86.0,4.9,0.0,0.0,1.3,9.8,0.0,9.9,36.0,92.1,2.0,3.2,111.0,1004.7,1004.7,2.7,3.3
2024-05-07 06:10:00+02:00,11.3,11.3,11.4,11.1,99.0,17.1,86.0,6.2,0.0,0.0,1.3,9.8,0.0,9.9,36.0,92.1,1.3,3.6,119.0,1004.7,1004.7,2.7,3.3
2024-05-07 06:15:00+02:00,11.2,11.2,11.3,11.1,99.0,17.1,86.0,7.7,0.0,0.0,1.3,9.8,0.0,9.9,36.0,92.1,1.2,3.6,104.0,1004.8,1004.8,2.7,3.3
2024-05-07 06:20:00+02:00,11.2,11.2,11.3,11.1,99.0,17.1,86.0,10.1,0.0,0.0,1.3,9.8,0.0,9.9,36.0,92.1,1.3,3.2,119.0,1004.9,1004.9,2.7,3.3
2024-05-07 06:25:00+02:00,11.2,11.2,11.2,11.1,99.0,17.1,86.0,13.3,0.0,0.0,1.3,9.8,0.0,9.9,36.0,92.1,1.8,4.0,117.0,1004.9,1004.9,2.7,3.3
2024-05-07 06:30:00+02:00,11.2,11.2,11.4,11.0,99.0,17.0,86.0,16.5,0.0,0.0,1.3,9.8,0.0,9.9,36.0,92.1,0.4,3.2,106.0,1004.9,1004.9,2.7,3.3
2024-05-07 06:35:00+02:00,11.1,11.1,11.3,10.9,99.0,17.0,86.0,19.3,0.0,0.0,1.3,9.8,0.0,9.9,36.0,92.1,0.4,3.2,113.0,1005.0,1005.0,2.7,3.3
2024-05-07 06:40:00+02:00,11.1,11.1,11.3,10.9,99.0,17.0,86.0,23.4,0.0,0.0,1.3,9.8,0.0,9.9,36.0,92.1,0.4,2.5,40.0,1005.0,1005.0,2.7,3.3
2024-05-07 06:45:00+02:00,11.1,11.1,11.3,10.9,99.0,17.0,86.0,28.4,0.0,0.0,1.3,9.8,0.0,9.9,36.0,92.1,0.7,3.6,121.0,1005.2,1005.2,2.7,3.3
2024-05-07 06:50:00+02:00,11.1,11.1,11.1,10.9,99.0,16.9,86.0,31.2,0.0,0.0,1.3,9.8,0.0,9.9,36.0,92.1,1.4,3.2,132.0,1005.0,1005.0,2.7,3.3
2024-05-07 06:55:00+02:00,11.1,11.1,11.3,10.9,99.0,16.9,86.0,34.2,0.0,0.0,1.3,9.8,0.0,9.9,36.0,92.1,0.5,3.2,94.0,1005.0,1005.0,2.7,3.3
2024-05-07 07:00:00+02:00,11.1,11.1,11.1,10.9,99.0,16.9,86.0,41.6,0.0,0.0,1.3,9.8,0.0,9.9,36.0,92.1,1.6,3.6,118.0,1005.1,1005.1,2.7,3.3
2024-05-07 07:05:00+02:00,11.1,11.1,11.2,11.0,99.0,16.9,86.0,46.7,0.0,0.0,1.3,9.8,0.0,9.9,36.0,92.1,1.2,4.0,118.0,1005.2,1005.2,2.7,3.3
2024-05-07 07:10:00+02:00,11.2,11.2,11.4,11.1,99.0,16.9,86.0,50.5,0.0,0.0,1.3,9.8,0.0,9.9,36.0,92.1,0.7,3.2,93.0,1005.3,1005.3,2.7,3.3
2024-05-07 07:15:00+02:00,11.2,11.2,11.1,11.0,99.0,16.9,86.0,57.7,0.0,0.0,1.3,9.8,0.0,9.9,36.0,92.1,1.6,2.5,247.0,1005.4,1005.4,2.7,3.3
2024-05-07 07:20:00+02:00,11.0,11.0,10.9,10.9,99.0,16.9,86.0,68.8,0.0,0.0,1.3,9.8,0.0,9.9,36.0,92.1,2.2,4.7,266.0,1005.4,1005.4,2.7,3.3
2024-05-07 07:25:00+02:00,11.1,11.1,11.4,11.0,99.0,16.9,86.0,74.7,0.0,0.0,1.3,9.8,0.0,9.9,36.0,92.1,0.4,2.9,299.0,1005.5,1005.5,2.7,3.3
2024-05-07 07:30:00+02:00,11.3,11.3,11.6,11.1,99.0,17.0,86.0,78.1,0.0,0.0,1.3,9.8,0.0,9.9,36.0,92.1,0.4,3.2,295.0,1005.5,1005.5,2.7,3.3
2024-05-07 07:35:00+02:00,11.3,11.3,11.3,11.2,99.0,17.0,86.0,78.5,0.0,0.0,1.3,9.8,0.0,9.9,36.0,92.1,2.3,6.1,319.0,1005.5,1005.5,2.7,3.3
2024-05-07 07:40:00+02:00,11.3,11.3,11.1,11.1,99.0,17.0,87.0,76.6,0.0,0.0,1.3,9.8,0.0,9.9,36.0,92.1,2.7,5.8,278.0,1005.6,1005.6,2.7,3.3
2024-05-07 07:45:00+02:00,11.3,11.3,11.3,11.1,98.0,17.0,87.0,75.7,0.0,0.0,1.3,9.8,0.0,9.9,36.0,92.1,2.2,5.0,266.0,1005.7,1005.7,2.7,3.4
2024-05-07 07:50:00+02:00,11.5,11.5,11.8,11.2,98.0,17.1,87.0,75.5,0.0,0.0,1.3,9.8,0.0,9.9,36.0,92.1,0.4,6.1,303.0,1005.7,1005.7,2.7,3.4
2024-05-07 07:55:00+02:00,11.7,11.7,11.8,11.3,97.0,17.1,87.0,80.1,0.0,0.0,1.3,9.8,0.0,9.9,36.0,92.1,1.4,4.7,278.0,1005.8,1005.8,2.7,3.4
2024-05-07 08:00:00+02:00,11.8,11.8,12.0,11.1,96.0,17.1,87.0,86.5,0.0,0.0,1.3,9.8,0.0,9.9,36.0,92.1,0.9,4.3,269.0,1005.9,1005.9,2.7,3.4
2024-05-07 08:05:00+02:00,11.8,11.8,11.7,11.1,95.0,17.2,87.0,97.1,0.0,0.0,1.3,9.8,0.0,9.9,36.0,92.1,2.4,6.1,293.0,1006.0,1006.0,2.7,3.4
2024-05-07 08:10:00+02:00,11.9,11.9,11.9,11.1,95.0,17.2,87.0,110.5,1.0,0.0,1.3,9.8,0.0,9.9,36.0,92.1,1.9,5.4,336.0,1005.9,1005.9,2.7,3.4
2024-05-07 08:15:00+02:00,12.1,12.1,12.2,11.3,95.0,17.2,87.0,118.4,1.0,0.0,1.3,9.8,0.0,9.9,36.0,92.1,1.4,4.7,339.0,1006.1,1006.1,2.7,3.5
2024-05-07 08:20:00+02:00,12.1,12.1,12.1,11.2,94.0,17.3,87.0,119.0,1.0,0.0,1.3,9.8,0.0,9.9,36.0,92.1,2.2,8.3,12.0,1006.1,1006.1,2.7,3.5
2024-05-07 08:25:00+02:00,12.2,12.2,11.9,11.2,94.0,17.3,87.0,116.3,1.0,0.0,1.3,9.8,0.0,9.9,36.0,92.1,3.5,7.9,14.0,1006.1,1006.1,2.7,3.5
2024-05-07 08:30:00+02:00,12.2,12.2,12.0,10.9,92.0,17.4,87.0,100.5,0.0,0.0,1.3,9.8,0.0,9.9,36.0,92.1,2.7,9.0,10.0,1006.3,1006.3,2.7,3.5
2024-05-07 08:35:00+02:00,12.2,12.2,11.9,10.9,91.0,17.4,87.0,125.8,1.0,0.0,1.3,9.8,0.0,9.9,36.0,92.1,3.1,8.3,327.0,1006.5,1006.5,2.7,3.5
2024-05-07 08:40:00+02:00,12.3,12.3,12.3,11.0,92.0,17.5,87.0,149.6,1.0,0.0,1.3,9.8,0.0,9.9,36.0,92.1,2.1,6.1,35.0,1006.5,1006.5,2.7,3.5
2024-05-07 08:45:00+02:00,12.5,12.5,12.2,11.0,91.0,17.5,87.0,157.3,1.0,0.0,1.3,9.8,0.0,9.9,36.0,92.1,3.1,9.7,296.0,1006.6,1006.6,2.7,3.6
2024-05-07 08:50:00+02:00,12.5,12.5,12.3,10.9,90.0,17.6,87.0,145.4,1.0,0.0,1.3,9.8,0.0,9.9,36.0,92.1,3.0,6.8,323.0,1006.6,1006.6,2.7,3.6
2024-05-07 08:55:00+02:00,12.7,12.7,12.0,11.0,90.0,17.6,87.0,133.0,1.0,0.0,1.3,9.8,0.0,9.9,36.0,92.1,4.8,9.4,356.0,1006.6,1006.6,2.7,3.6
2024-05-07 09:00:00+02:00,12.6,12.6,12.1,10.9,90.0,17.7,88.0,127.2,1.0,0.0,1.3,9.8,0.0,9.9,36.0,92.1,4.1,8.6,335.0,1006.6,1006.6,2.7,3.6
2024-05-07 09:05:00+02:00,12.7,12.7,12.7,11.0,90.0,17.7,88.0,159.8,1.0,0.0,1.3,9.8,0.0,9.9,36.0,92.1,1.5,6.1,283.0,1006.7,1006.7,2.7,3.7
2024-05-07 09:10:00+02:00,12.8,12.8,12.8,11.2,90.0,17.8,88.0,220.8,2.0,0.0,1.3,9.8,0.0,9.9,36.0,92.1,2.2,5.4,301.0,1006.8,1006.8,2.7,3.7
2024-05-07 09:15:00+02:00,13.3,13.3,13.4,11.5,88.0,17.9,88.0,342.1,3.0,0.0,1.3,9.8,0.0,9.9,36.0,92.1,1.9,5.0,302.0,1006.8,1006.8,2.7,3.8
2024-05-07 09:20:00+02:00,14.0,14.0,14.0,11.7,86.0,18.0,88.0,326.0,3.0,0.0,1.3,9.8,0.0,9.9,36.0,92.1,2.4,6.1,343.0,1006.8,1006.8,2.7,3.8
2024-05-07 09:25:00+02:00,14.2,14.2,14.4,11.7,85.0,18.2,88.0,331.3,3.0,0.0,1.3,9.8,0.0,9.9,36.0,92.1,1.7,7.2,2.0,1006.8,1006.8,2.7,3.9
2024-05-07 09:30:00+02:00,14.4,14.4,14.3,11.8,84.0,18.3,88.0,307.4,2.0,0.0,1.3,9.8,0.0,9.9,36.0,92.1,3.4,6.8,49.0,1006.9,1006.9,2.7,3.9
2024-05-07 09:35:00+02:00,14.7,14.7,14.9,11.9,83.0,18.4,88.0,289.1,2.0,0.0,1.3,9.8,0.0,9.9,36.0,92.1,2.2,6.8,267.0,1007.1,1007.1,2.7,4.0
2024-05-07 09:40:00+02:00,14.5,14.5,13.8,11.5,82.0,18.6,88.0,305.8,2.0,0.0,1.3,9.8,0.0,9.9,36.0,92.1,5.9,9.0,7.0,1007.0,1007.0,2.7,4.0
2024-05-07 09:45:00+02:00,14.1,14.1,13.9,11.4,84.0,18.7,88.0,283.7,2.0,0.0,1.3,9.8,0.0,9.9,36.0,92.1,3.0,9.0,57.0,1007.2,1007.2,2.7,4.1
2024-05-07 09:50:00+02:00,14.6,14.6,14.6,11.8,83.0,18.8,89.0,155.2,1.0,0.0,1.3,9.8,0.0,9.9,36.0,92.1,3.2,8.3,336.0,1007.1,1007.1,2.7,4.1
2024-05-07 09:55:00+02:00,14.4,14.4,14.5,11.6,83.0,18.9,89.0,186.0,1.0,0.0,1.3,9.8,0.0,9.9,36.0,92.1,2.3,7.9,12.0,1007.2,1007.2,2.7,4.2
2024-05-07 10:00:00+02:00,14.5,14.5,14.4,11.7,83.0,19.1,89.0,429.0,3.0,0.0,1.3,9.8,0.0,9.9,36.0,92.1,3.1,7.9,320.0,1007.3,1007.3,2.7,4.2
2024-05-07 10:05:00+02:00,15.2,15.2,14.9,12.1,82.0,19.2,89.0,448.1,4.0,0.0,1.3,9.8,0.0,9.9,36.0,92.1,5.0,12.2,333.0,1007.2,1007.2,2.7,4.3
2024-05-07 10:10:00+02:00,15.2,15.2,14.5,12.3,83.0,19.4,88.0,411.8,3.0,0.0,1.3,9.8,0.0,9.9,36.0,92.1,7.4,14.8,331.0,1007.3,1007.3,2.7,4.3
2024-05-07 10:15:00+02:00,14.9,14.9,14.5,12.0,82.0,19.6,88.0,435.8,4.0,0.0,1.3,9.8,0.0,9.9,36.0,92.1,5.5,10.1,277.0,1007.4,1007.4,2.7,4.5
2024-05-07 10:20:00+02:00,15.1,15.1,14.5,11.6,79.0,19.8,88.0,375.1,3.0,0.0,1.3,9.8,0.0,9.9,36.0,92.1,5.9,8.6,271.0,1007.5,1007.5,2.7,4.5
2024-05-07 10:25:00+02:00,15.0,15.0,14.2,11.8,81.0,19.9,88.0,143.4,1.0,0.0,1.3,9.8,0.0,9.9,36.0,92.1,7.3,12.2,274.0,1007.5,1007.5,2.7,4.6
2024-05-07 10:30:00+02:00,14.3,14.3,13.9,11.3,82.0,20.1,88.0,177.5,1.0,0.0,1.3,9.8,0.0,9.9,36.0,92.1,4.0,9.4,271.0,1007.6,1007.6,2.7,4.6
2024-05-07 10:35:00+02:00,14.4,14.4,13.4,11.1,81.0,20.2,88.0,358.6,3.0,0.0,1.3,9.8,0.0,9.9,36.0,92.1,6.4,9.7,277.0,1007.6,1007.6,2.7,4.7
2024-05-07 10:40:00+02:00,15.0,15.0,14.3,11.3,78.0,20.3,88.0,469.8,4.0,0.0,1.3,9.8,0.0,9.9,36.0,92.1,5.6,9.7,263.0,1007.7,1007.7,2.7,4.7
2024-05-07 10:45:00+02:00,15.5,15.5,15.0,11.3,76.0,20.5,88.0,483.0,4.0,0.0,1.3,9.8,0.0,9.9,36.0,92.1,4.8,10.4,293.0,1007.7,1007.7,2.7,4.9
2024-05-07 10:50:00+02:00,15.1,15.1,14.6,11.2,78.0,20.7,88.0,172.4,1.0,0.0,1.3,9.8,0.0,9.9,36.0,92.1,4.7,10.4,316.0,1007.7,1007.7,2.7,4.9
2024-05-07 10:55:00+02:00,14.9,14.9,14.5,11.0,77.0,20.9,88.0,144.1,1.0,0.0,1.3,9.8,0.0,9.9,36.0,92.1,4.1,7.2,270.0,1007.7,1007.7,2.7,5.0
2024-05-07 11:00:00+02:00,14.9,14.9,14.3,10.9,77.0,21.0,88.0,210.4,1.0,0.0,1.3,9.8,0.0,9.9,36.0,92.1,4.8,7.6,291.0,1007.8,1007.8,2.7,5.0
2024-05-07 11:05:00+02:00,15.1,15.1,14.3,11.1,77.0,21.0,88.0,492.5,4.0,0.0,1.3,9.8,0.0,9.9,36.0,92.1,6.0,9.4,281.0,1007.9,1007.9,2.7,5.0
2024-05-07 11:10:00+02:00,15.9,15.9,16.0,11.5,75.0,21.2,88.0,478.5,4.0,0.0,1.3,9.8,0.0,9.9,36.0,92.1,1.8,9.4,49.0,1007.9,1007.9,2.7,5.0
2024-05-07 11:15:00+02:00,17.0,17.0,17.1,11.7,71.0,21.3,88.0,484.7,4.0,0.0,1.3,9.8,0.0,9.9,36.0,92.1,2.2,5.8,73.0,1008.0,1008.0,2.7,5.2
2024-05-07 11:20:00+02:00,16.5,16.5,16.3,11.9,74.0,21.5,88.0,508.5,4.0,0.0,1.3,9.8,0.0,9.9,36.0,92.1,4.5,6.8,290.0,1008.0,1008.0,2.7,5.2
2024-05-07 11:25:00+02:00,16.7,16.7,16.2,11.9,73.0,21.7,88.0,510.3,4.0,0.0,1.3,9.8,0.0,9.9,36.0,92.1,5.1,11.5,286.0,1008.1,1008.1,2.7,5.2
2024-05-07 11:30:00+02:00,17.0,17.0,16.8,12.1,73.0,21.8,88.0,530.4,4.0,0.0,1.3,9.8,0.0,9.9,36.0,92.1,4.2,9.7,278.0,1008.1,1008.1,2.7,5.2
2024-05-07 11:35:00+02:00,17.4,17.4,17.2,12.4,72.0,22.1,88.0,585.3,5.0,0.0,1.3,9.8,0.0,9.9,36.0,92.1,4.7,9.7,278.0,1008.2,1008.2,2.7,5.2
2024-05-07 11:40:00+02:00,17.8,17.8,17.3,12.3,70.0,22.2,88.0,604.5,5.0,0.0,1.3,9.8,0.0,9.9,36.0,92.1,6.1,15.1,310.0,1008.1,1008.1,2.7,5.2
2024-05-07 11:45:00+02:00,17.1,17.1,16.8,11.9,71.0,22.5,88.0,531.0,4.0,0.0,1.3,9.8,0.0,9.9,36.0,92.1,4.8,14.8,351.0,1008.2,1008.2,2.7,5.3
2024-05-07 11:50:00+02:00,17.3,17.3,17.1,12.0,71.0,22.7,88.0,539.1,5.0,0.0,1.3,9.8,0.0,9.9,36.0,92.1,4.1,9.0,274.0,1008.2,1008.2,2.7,5.3
2024-05-07 11:55:00+02:00,17.3,17.3,16.7,12.2,72.0,22.9,88.0,582.6,5.0,0.0,1.3,9.8,0.0,9.9,36.0,92.1,6.5,12.6,340.0,1008.5,1008.5,2.7,5.3
2024-05-07 12:00:00+02:00,17.6,17.6,17.3,11.9,69.0,23.1,88.0,552.4,5.0,0.0,1.3,9.8,0.0,9.9,36.0,92.1,4.4,10.1,318.0,1008.3,1008.3,2.7,5.3
2024-05-07 12:05:00+02:00,17.7,17.7,17.4,11.9,69.0,23.2,88.0,550.6,5.0,0.0,1.3,9.8,0.0,9.9,36.0,92.1,4.7,10.8,41.0,1008.3,1008.3,2.7,5.3
2024-05-07 12:10:00+02:00,17.7,17.7,17.5,11.8,69.0,23.4,88.0,568.0,5.0,0.0,1.3,9.8,0.0,9.9,36.0,92.1,3.8,11.2,62.0,1008.4,1008.4,2.7,5.3
2024-05-07 12:15:00+02:00,18.1,18.1,17.9,12.1,68.0,23.6,88.0,575.4,5.0,0.0,1.3,9.8,0.0,9.9,36.0,92.1,4.7,9.4,60.0,1008.4,1008.4,2.7,5.3
2024-05-07 12:20:00+02:00,17.9,17.9,16.9,11.6,66.0,23.8,88.0,521.0,4.0,0.0,1.3,9.8,0.0,9.9,36.0,92.1,7.9,13.7,280.0,1008.5,1008.5,2.7,5.3
2024-05-07 12:25:00+02:00,17.8,17.8,17.2,11.5,66.0,23.9,88.0,591.6,5.0,0.0,1.3,9.8,0.0,9.9,36.0,92.1,5.5,13.0,300.0,1008.4,1008.4,2.7,5.3
2024-05-07 12:30:00+02:00,18.1,18.1,17.2,11.4,65.0,24.1,88.0,564.6,5.0,0.0,1.3,9.8,0.0,9.9,36.0,92.1,6.5,12.6,18.0,1008.5,1008.5,2.7,5.3
2024-05-07 12:35:00+02:00,18.0,18.0,17.1,11.7,67.0,24.3,88.0,558.1,5.0,0.0,1.3,9.8,0.0,9.9,36.0,92.1,7.1,19.8,7.0,1008.4,1008.4,2.7,5.3
2024-05-07 12:40:00+02:00,17.9,17.9,17.3,11.4,66.0,24.5,88.0,563.1,5.0,0.0,1.3,9.8,0.0,9.9,36.0,92.1,5.7,14.0,4.0,1008.5,1008.5,2.7,5.3
2024-05-07 12:45:00+02:00,18.4,18.4,18.1,11.8,65.0,24.7,88.0,590.1,5.0,0.0,1.3,9.8,0.0,9.9,36.0,92.1,4.5,10.1,79.0,1008.5,1008.5,2.7,5.3
2024-05-07 12:50:00+02:00,19.3,19.3,19.1,12.0,63.0,25.0,87.0,639.3,5.0,0.0,1.3,9.8,0.0,9.9,36.0,92.1,4.3,10.1,98.0,1008.5,1008.5,2.7,5.3
2024-05-07 12:55:00+02:00,19.3,19.3,19.0,11.7,61.0,25.3,87.0,626.8,5.0,0.0,1.3,9.8,0.0,9.9,36.0,92.1,4.5,10.4,305.0,1008.5,1008.5,2.7,5.3
2024-05-07 13:00:00+02:00,19.2,19.2,18.6,11.8,62.0,25.5,87.0,268.8,2.0,0.0,1.3,9.8,0.0,9.9,36.0,92.1,6.1,13.3,330.0,1008.5,1008.5,2.7,5.3
2024-05-07 13:05:00+02:00,18.4,18.4,17.7,12.3,67.0,25.5,87.0,171.3,1.0,0.0,1.3,9.8,0.0,9.9,36.0,92.1,7.4,11.9,300.0,1008.6,1008.6,2.7,5.3
2024-05-07 13:10:00+02:00,17.5,17.5,16.5,11.8,69.0,25.6,86.0,148.9,1.0,0.0,1.3,9.8,0.0,9.9,36.0,92.1,8.4,17.6,351.0,1008.5,1008.5,2.7,5.3
2024-05-07 13:15:00+02:00,16.9,16.9,15.9,11.6,71.0,25.7,86.0,475.1,4.0,0.0,1.3,9.8,0.0,9.9,36.0,92.1,7.8,13.0,334.0,1008.6,1008.6,2.7,5.3
2024-05-07 13:20:00+02:00,17.2,17.2,16.9,11.7,70.0,25.7,86.0,484.0,4.0,0.0,1.3,9.8,0.0,9.9,36.0,92.1,4.3,12.6,7.0,1008.6,1008.6,2.7,5.3
2024-05-07 13:25:00+02:00,17.8,17.8,18.0,12.0,69.0,25.8,86.0,556.6,5.0,0.0,1.3,9.8,0.0,9.9,36.0,92.1,2.0,9.7,106.0,1008.6,1008.6,2.7,5.3
2024-05-07 13:30:00+02:00,19.0,19.0,18.5,11.8,63.0,25.8,85.0,547.0,5.0,0.0,1.3,9.8,0.0,9.9,36.0,92.1,5.6,7.9,47.0,1008.6,1008.6,2.7,5.3
2024-05-07 13:35:00+02:00,19.5,19.5,19.3,11.0,58.0,25.9,85.0,595.3,5.0,0.0,1.3,9.8,0.0,9.9,36.0,92.1,2.8,7.9,273.0,1008.6,1008.6,2.7,5.3
2024-05-07 13:40:00+02:00,20.1,20.1,18.8,10.7,55.0,26.0,85.0,617.6,5.0,0.0,1.3,9.8,0.0,9.9,36.0,92.1,7.6,10.8,335.0,1008.8,1008.8,2.7,5.3
2024-05-07 13:45:00+02:00,20.1,20.1,18.9,10.5,54.0,26.1,85.0,649.8,6.0,0.0,1.3,9.8,0.0,9.9,36.0,92.1,7.0,15.5,329.0,1008.5,1008.5,2.7,5.3
2024-05-07 13:50:00+02:00,19.7,19.7,18.0,10.5,55.0,26.2,85.0,644.9,5.0,0.0,1.3,9.8,0.0,9.9,36.0,92.1,9.7,15.8,345.0,1008.6,1008.6,2.7,5.3
2024-05-07 13:55:00+02:00,19.7,19.7,18.7,10.4,55.0,26.3,85.0,593.5,5.0,0.0,1.3,9.8,0.0,9.9,36.0,92.1,6.3,17.3,353.0,1008.5,1008.5,2.7,5.3
2024-05-07 14:00:00+02:00,20.0,20.0,19.4,10.1,53.0,26.4,85.0,507.0,4.0,0.0,1.3,9.8,0.0,9.9,36.0,92.1,3.2,17.3,144.0,1008.5,1008.5,2.7,5.3
2024-05-07 14:05:00+02:00,19.8,19.8,19.3,10.6,55.0,26.4,85.0,569.6,5.0,0.0,1.3,9.8,0.0,9.9,36.0,92.1,3.4,7.6,124.0,1008.5,1008.5,2.7,5.3
2024-05-07 14:10:00+02:00,19.6,19.6,18.7,10.6,56.0,26.5,85.0,222.3,2.0,0.0,1.3,9.8,0.0,9.9,36.0,92.1,5.7,10.8,266.0,1008.5,1008.5,2.7,5.3
2024-05-07 14:15:00+02:00,19.6,19.6,18.8,10.0,54.0,26.6,85.0,476.6,4.0,0.0,1.3,9.8,0.0,9.9,36.0,92.1,4.4,9.7,268.0,1008.6,1008.6,2.7,5.3
2024-05-07 14:20:00+02:00,19.0,19.0,17.4,10.3,57.0,26.6,85.0,141.8,1.0,0.0,1.3,9.8,0.0,9.9,36.0,92.1,8.6,16.6,293.0,1008.6,1008.6,2.7,5.3
2024-05-07 14:25:00+02:00,18.2,18.2,17.3,10.6,61.0,26.6,85.0,78.7,0.0,0.0,1.3,9.8,0.0,9.9,36.0,92.1,5.9,11.5,295.0,1008.7,1008.7,2.7,5.3
2024-05-07 14:30:00+02:00,17.8,17.8,16.9,10.5,62.0,26.5,85.0,87.4,0.0,0.0,1.3,9.8,0.0,9.9,36.0,92.1,5.8,11.2,287.0,1008.8,1008.8,2.7,5.3
2024-05-07 14:35:00+02:00,17.7,17.7,16.8,10.4,62.0,26.5,84.0,140.5,1.0,0.0,1.3,9.8,0.0,9.9,36.0,92.1,5.5,11.2,276.0,1008.7,1008.7,2.7,5.3
2024-05-07 14:40:00+02:00,17.8,17.8,17.3,10.4,62.0,26.4,84.0,163.5,1.0,0.0,1.3,9.8,0.0,9.9,36.0,92.1,3.7,9.4,308.0,1008.8,1008.8,2.7,5.3
2024-05-07 14:45:00+02:00,18.2,18.2,17.7,10.6,61.0,26.4,84.0,394.9,3.0,0.0,1.3,9.8,0.0,9.9,36.0,92.1,3.7,10.1,17.0,1008.8,1008.8,2.7,5.3
2024-05-07 14:50:00+02:00,18.4,18.4,18.2,10.8,61.0,26.3,84.0,251.1,2.0,0.0,1.3,9.8,0.0,9.9,36.0,92.1,1.9,9.0,69.0,1008.9,1008.9,2.7,5.3
2024-05-07 14:55:00+02:00,18.2,18.2,18.0,10.8,62.0,26.3,84.0,64.5,0.0,0.0,1.3,9.8,0.0,9.9,36.0,92.1,2.1,9.4,22.0,1008.9,1008.9,2.7,5.3
2024-05-07 15:00:00+02:00,18.0,18.0,17.6,10.8,62.0,26.2,84.0,55.4,0.0,0.0,1.3,9.8,0.0,9.9,36.0,92.1,3.5,7.6,326.0,1009.0,1009.0,2.7,5.3
2024-05-07 15:05:00+02:00,17.8,17.8,17.2,11.2,66.0,26.2,84.0,62.1,0.0,0.0,1.3,9.8,0.0,9.9,36.0,92.1,4.9,7.2,298.0,1008.9,1008.9,2.7,5.3
2024-05-07 15:10:00+02:00,17.3,17.3,17.1,11.0,66.0,26.1,84.0,74.3,0.0,0.6,1.4,9.9,0.1,10.0,36.1,92.2,3.1,5.0,270.0,1009.0,1009.0,2.7,5.3
2024-05-07 15:15:00+02:00,17.2,17.2,16.8,10.5,65.0,26.0,84.0,91.0,0.0,0.6,1.4,9.9,0.1,10.0,36.1,92.2,3.0,7.2,270.0,1009.0,1009.0,2.7,5.2
2024-05-07 15:20:00+02:00,17.2,17.2,16.8,10.8,66.0,26.0,84.0,109.4,1.0,0.6,1.4,9.9,0.1,10.0,36.1,92.2,3.6,6.5,256.0,1009.0,1009.0,2.7,5.2
2024-05-07 15:25:00+02:00,17.4,17.4,17.3,10.8,65.0,25.9,84.0,117.8,1.0,0.0,1.4,9.9,0.1,10.0,36.1,92.2,1.6,4.7,242.0,1009.0,1009.0,2.7,5.2
2024-05-07 15:30:00+02:00,17.6,17.6,17.2,10.4,63.0,25.8,84.0,122.7,1.0,0.0,1.4,9.9,0.1,10.0,36.1,92.2,2.4,6.5,283.0,1009.0,1009.0,2.7,5.2
2024-05-07 15:35:00+02:00,17.6,17.6,16.8,9.6,59.0,25.8,84.0,132.9,1.0,0.0,1.4,9.9,0.1,10.0,36.1,92.2,3.7,8.3,18.0,1009.2,1009.2,2.7,5.2
2024-05-07 15:40:00+02:00,17.7,17.7,17.1,9.5,59.0,25.7,85.0,146.7,1.0,0.0,1.4,9.9,0.1,10.0,36.1,92.2,2.7,9.7,326.0,1009.1,1009.1,2.7,5.2
2024-05-07 15:45:00+02:00,17.8,17.8,17.4,9.8,59.0,25.7,85.0,208.4,1.0,0.0,1.4,9.9,0.1,10.0,36.1,92.2,2.5,6.1,360.0,1009.1,1009.1,2.7,5.2
2024-05-07 15:50:00+02:00,18.2,18.2,17.5,10.0,59.0,25.6,85.0,398.9,3.0,0.0,1.4,9.9,0.1,10.0,36.1,92.2,4.2,7.2,274.0,1009.1,1009.1,2.7,5.2
2024-05-07 15:55:00+02:00,18.5,18.5,17.7,10.3,59.0,25.6,85.0,235.1,2.0,0.0,1.4,9.9,0.1,10.0,36.1,92.2,4.8,8.3,292.0,1009.2,1009.2,2.7,5.2
2024-05-07 16:00:00+02:00,18.5,18.5,17.6,10.3,59.0,25.5,85.0,167.1,1.0,0.0,1.4,9.9,0.1,10.0,36.1,92.2,5.3,8.3,276.0,1009.2,1009.2,2.7,5.2
2024-05-07 16:05:00+02:00,18.3,18.3,17.4,9.7,57.0,25.5,85.0,148.5,1.0,0.0,1.4,9.9,0.1,10.0,36.1,92.2,4.8,11.9,3.0,1009.2,1009.2,2.7,5.2
2024-05-07 16:10:00+02:00,18.2,18.2,17.5,9.6,57.0,25.5,85.0,175.3,1.0,0.0,1.4,9.9,0.0,10.0,36.1,92.2,3.3,9.4,355.0,1009.2,1009.2,2.7,5.2
2024-05-07 16:15:00+02:00,18.4,18.4,17.6,9.8,57.0,25.4,85.0,180.0,1.0,0.0,1.4,9.9,0.0,10.0,36.1,92.2,4.3,9.0,262.0,1009.2,1009.2,2.7,5.2
2024-05-07 16:20:00+02:00,18.2,18.2,17.2,9.5,57.0,25.4,85.0,284.6,2.0,0.0,1.4,9.9,0.0,10.0,36.1,92.2,4.7,12.6,341.0,1009.2,1009.2,2.7,5.2
2024-05-07 16:25:00+02:00,18.6,18.6,17.6,9.9,57.0,25.4,85.0,430.1,3.0,0.0,1.4,9.9,0.0,10.0,36.1,92.2,5.2,8.3,313.0,1009.2,1009.2,2.7,5.2
2024-05-07 16:30:00+02:00,19.1,19.1,18.0,10.2,56.0,25.4,85.0,398.3,3.0,0.0,1.4,9.9,0.0,10.0,36.1,92.2,5.8,12.6,287.0,1009.3,1009.3,2.7,5.2
2024-05-07 16:35:00+02:00,19.1,19.1,18.1,10.0,55.0,25.3,85.0,489.1,4.0,0.0,1.4,9.9,0.0,10.0,36.1,92.2,5.2,12.6,331.0,1009.2,1009.2,2.7,5.2
2024-05-07 16:40:00+02:00,19.1,19.1,18.2,9.9,55.0,25.3,85.0,196.8,1.0,0.0,1.4,9.9,0.0,10.0,36.1,92.2,4.8,15.1,3.0,1009.3,1009.3,2.7,5.2
2024-05-07 16:45:00+02:00,18.9,18.9,17.7,9.8,56.0,25.3,85.0,404.0,3.0,0.0,1.4,9.9,0.0,10.0,36.1,92.2,6.3,17.6,21.0,1009.3,1009.3,2.7,5.3
2024-05-07 16:50:00+02:00,19.2,19.2,18.7,10.0,55.0,25.3,85.0,357.7,3.0,0.0,1.4,9.9,0.0,10.0,36.1,92.2,2.7,9.7,48.0,1009.4,1009.4,2.7,5.3
2024-05-07 16:55:00+02:00,19.0,19.0,18.5,10.1,56.0,25.3,85.0,280.7,2.0,0.0,1.4,9.9,0.0,10.0,36.1,92.2,3.1,10.8,17.0,1009.5,1009.5,2.7,5.3
2024-05-07 17:00:00+02:00,18.7,18.7,18.2,10.0,57.0,25.3,86.0,298.3,2.0,0.0,1.4,9.9,0.0,10.0,36.1,92.2,2.9,12.6,58.0,1009.4,1009.4,2.7,5.3
2024-05-07 17:05:00+02:00,19.1,19.1,17.9,9.4,53.0,25.3,85.0,444.2,4.0,0.0,1.4,9.9,0.0,10.0,36.1,92.2,5.6,14.0,45.0,1009.5,1009.5,2.7,5.3
2024-05-07 17:10:00+02:00,19.6,19.6,17.7,8.6,49.0,25.3,85.0,421.9,3.0,0.0,1.4,9.9,0.0,10.0,36.1,92.2,8.3,15.5,285.0,1009.5,1009.5,2.7,5.3
2024-05-07 17:15:00+02:00,19.3,19.3,17.6,8.7,50.0,25.3,85.0,249.4,2.0,0.0,1.4,9.9,0.0,10.0,36.1,92.2,7.3,20.2,332.0,1009.6,1009.6,2.7,5.3
2024-05-07 17:20:00+02:00,18.9,18.9,17.9,8.4,50.0,25.3,85.0,266.2,2.0,0.0,1.4,9.9,0.0,10.0,36.1,92.2,3.5,15.1,346.0,1009.6,1009.6,2.7,5.3
2024-05-07 17:25:00+02:00,19.1,19.1,17.7,8.2,49.0,25.2,85.0,318.1,2.0,0.0,1.4,9.9,0.0,10.0,36.1,92.2,4.8,10.1,313.0,1009.6,1009.6,2.7,5.3
2024-05-07 17:30:00+02:00,19.0,19.0,17.8,8.5,50.0,25.2,85.0,146.4,1.0,0.0,1.4,9.9,0.0,10.0,36.1,92.2,4.3,10.1,3.0,1009.6,1009.6,2.7,5.3
2024-05-07 17:35:00+02:00,18.6,18.6,16.8,8.1,50.0,25.2,85.0,110.9,1.0,0.0,1.4,9.9,0.0,10.0,36.1,92.2,7.1,14.8,352.0,1009.7,1009.7,2.7,5.3
2024-05-07 17:40:00+02:00,18.4,18.4,17.1,8.0,51.0,25.2,85.0,94.6,0.0,0.0,1.4,9.9,0.0,10.0,36.1,92.2,4.6,14.8,354.0,1009.8,1009.8,2.7,5.3
2024-05-07 17:45:00+02:00,18.6,18.6,17.9,8.2,51.0,25.1,85.0,299.3,2.0,0.0,1.4,9.9,0.0,10.0,36.1,92.2,1.2,7.6,29.0,1009.8,1009.8,2.7,5.3
2024-05-07 17:50:00+02:00,18.8,18.8,17.6,8.6,51.0,25.1,85.0,236.3,2.0,0.0,1.4,9.9,0.0,10.0,36.1,92.2,4.8,16.6,17.0,1009.8,1009.8,2.7,5.3
2024-05-07 17:55:00+02:00,18.9,18.9,17.9,8.9,52.0,25.1,85.0,313.0,2.0,0.0,1.4,9.9,0.0,10.0,36.1,92.2,3.7,10.1,14.0,1009.9,1009.9,2.7,5.3
2024-05-07 18:00:00+02:00,18.9,18.9,17.5,8.9,52.0,25.0,85.0,153.0,1.0,0.0,1.4,9.9,0.0,10.0,36.1,92.2,5.8,16.9,22.0,1009.8,1009.8,2.7,5.3
2024-05-07 18:05:00+02:00,18.8,18.8,18.0,9.2,54.0,25.0,85.0,179.2,1.0,0.0,1.4,9.9,0.0,10.0,36.1,92.2,3.5,16.9,52.0,1009.9,1009.9,2.7,5.2
2024-05-07 18:10:00+02:00,18.8,18.8,17.6,9.7,56.0,25.0,85.0,147.8,1.0,0.0,1.4,9.9,0.0,10.0,36.1,92.2,6.1,15.1,333.0,1010.1,1010.1,2.7,5.2
2024-05-07 18:15:00+02:00,18.4,18.4,17.1,10.0,58.0,24.9,85.0,119.8,1.0,0.0,1.4,9.9,0.0,10.0,36.1,92.2,7.1,18.0,9.0,1010.0,1010.0,2.7,5.2
2024-05-07 18:20:00+02:00,18.3,18.3,17.6,10.2,59.0,24.8,85.0,165.3,1.0,0.0,1.4,9.9,0.0,10.0,36.1,92.2,4.0,12.2,13.0,1010.1,1010.1,2.7,5.2
2024-05-07 18:25:00+02:00,18.2,18.2,17.6,10.3,60.0,24.8,85.0,106.8,0.0,0.0,1.4,9.9,0.0,10.0,36.1,92.2,3.8,8.3,92.0,1010.2,1010.2,2.7,5.2
2024-05-07 18:30:00+02:00,18.0,18.0,17.1,10.1,60.0,24.7,85.0,114.9,1.0,0.0,1.4,9.9,0.0,10.0,36.1,92.2,5.3,15.1,9.0,1010.2,1010.2,2.7,5.2
2024-05-07 18:35:00+02:00,18.2,18.2,17.4,10.1,59.0,24.7,85.0,105.9,0.0,0.0,1.4,9.9,0.0,10.0,36.1,92.2,4.2,12.6,43.0,1010.3,1010.3,2.7,5.2
2024-05-07 18:40:00+02:00,18.3,18.3,17.6,10.2,59.0,24.7,85.0,112.3,1.0,0.0,1.4,9.9,0.0,10.0,36.1,92.2,4.0,12.6,22.0,1010.4,1010.4,2.7,5.2
2024-05-07 18:45:00+02:00,18.1,18.1,17.1,10.2,60.0,24.6,85.0,110.5,1.0,0.0,1.4,9.9,0.0,10.0,36.1,92.2,5.5,15.8,297.0,1010.3,1010.3,2.7,5.2
2024-05-07 18:50:00+02:00,18.0,18.0,17.2,10.2,60.0,24.5,85.0,78.6,0.0,0.0,1.4,9.9,0.0,10.0,36.1,92.2,4.9,10.4,22.0,1010.4,1010.4,2.7,5.2
2024-05-07 18:55:00+02:00,17.8,17.8,17.2,10.2,61.0,24.4,85.0,64.2,0.0,0.0,1.4,9.9,0.0,10.0,36.1,92.2,3.7,13.7,80.0,1010.5,1010.5,2.7,5.2
2024-05-07 19:00:00+02:00,17.6,17.6,16.9,10.2,62.0,24.4,85.0,56.0,0.0,0.0,1.4,9.9,0.0,10.0,36.1,92.2,3.9,13.7,5.0,1010.5,1010.5,2.7,5.2
2024-05-07 19:05:00+02:00,17.4,17.4,17.0,10.2,63.0,24.3,85.0,54.6,0.0,0.0,1.4,9.9,0.0,10.0,36.1,92.2,2.6,7.6,339.0,1010.6,1010.6,2.7,5.2
2024-05-07 19:10:00+02:00,17.2,17.2,16.0,9.9,62.0,24.3,85.0,51.4,0.0,0.0,1.4,9.9,0.0,10.0,36.1,92.2,6.3,20.9,44.0,1010.6,1010.6,2.7,5.2
2024-05-07 19:15:00+02:00,17.0,17.0,15.6,9.7,62.0,24.2,85.0,39.0,0.0,0.0,1.4,9.9,0.0,10.0,36.1,92.2,6.6,12.6,359.0,1010.6,1010.6,2.7,5.2
2024-05-07 19:20:00+02:00,16.8,16.8,16.0,9.9,64.0,24.1,85.0,32.3,0.0,0.0,1.4,9.9,0.0,10.0,36.1,92.2,4.2,11.5,345.0,1010.8,1010.8,2.7,5.2
2024-05-07 19:25:00+02:00,16.7,16.7,16.1,10.0,65.0,24.0,85.0,30.5,0.0,0.0,1.4,9.9,0.0,10.0,36.1,92.2,3.0,7.6,307.0,1010.7,1010.7,2.7,5.2
2024-05-07 19:30:00+02:00,16.5,16.5,16.2,9.9,65.0,24.0,85.0,30.5,0.0,0.0,1.4,9.9,0.0,10.0,36.1,92.2,1.7,6.8,293.0,1010.9,1010.9,2.7,5.2
2024-05-07 19:35:00+02:00,16.3,16.3,15.9,9.8,65.0,23.9,85.0,28.6,0.0,0.0,1.4,9.9,0.0,10.0,36.1,92.2,2.3,5.8,298.0,1010.8,1010.8,2.7,5.2
2024-05-07 19:40:00+02:00,16.3,16.3,16.0,9.8,65.0,23.8,85.0,32.3,0.0,0.0,1.4,9.9,0.0,10.0,36.1,92.2,1.4,5.8,279.0,1010.9,1010.9,2.7,5.2
2024-05-07 19:45:00+02:00,16.2,16.2,15.8,9.7,65.0,23.7,85.0,43.2,0.0,0.0,1.4,9.9,0.0,10.0,36.1,92.2,2.2,5.0,327.0,1010.9,1010.9,2.7,5.2
2024-05-07 19:50:00+02:00,16.2,16.2,15.8,9.5,64.0,23.6,85.0,45.5,0.0,0.0,1.4,9.9,0.0,10.0,36.1,92.2,1.4,5.4,274.0,1011.1,1011.1,2.7,5.2
2024-05-07 19:55:00+02:00,16.3,16.3,15.8,9.5,64.0,23.6,85.0,35.7,0.0,0.0,1.4,9.9,0.0,10.0,36.1,92.2,2.4,6.1,344.0,1011.1,1011.1,2.7,5.2
2024-05-07 20:00:00+02:00,16.3,16.3,15.9,9.7,65.0,23.5,85.0,31.8,0.0,0.0,1.4,9.9,0.0,10.0,36.1,92.2,2.0,7.2,324.0,1011.1,1011.1,2.7,5.2
2024-05-07 20:05:00+02:00,16.2,16.2,15.8,9.8,66.0,23.3,85.0,28.6,0.0,0.0,1.4,9.9,0.0,10.0,36.1,92.2,2.2,6.8,300.0,1011.2,1011.2,2.7,5.2
2024-05-07 20:10:00+02:00,16.1,16.1,15.6,9.9,67.0,23.3,85.0,24.4,0.0,0.0,1.4,9.9,0.0,10.0,36.1,92.2,2.9,4.3,296.0,1011.3,1011.3,2.7,5.2
2024-05-07 20:15:00+02:00,15.9,15.9,15.4,10.0,68.0,23.2,85.0,22.8,0.0,0.0,1.4,9.9,0.0,10.0,36.1,92.2,2.6,5.4,335.0,1011.3,1011.3,2.7,5.2
2024-05-07 20:20:00+02:00,15.9,15.9,15.7,10.0,68.0,23.2,85.0,20.4,0.0,0.0,1.4,9.9,0.0,10.0,36.1,92.2,1.2,6.5,321.0,1011.3,1011.3,2.7,5.2
2024-05-07 20:25:00+02:00,15.8,15.8,15.5,9.9,68.0,23.1,85.0,18.8,0.0,0.0,1.4,9.9,0.0,10.0,36.1,92.2,1.9,8.3,343.0,1011.2,1011.2,2.7,5.2
2024-05-07 20:30:00+02:00,15.7,15.7,15.7,10.1,69.0,23.0,84.0,15.9,0.0,0.0,1.4,9.9,0.0,10.0,36.1,92.2,0.7,5.4,326.0,1011.3,1011.3,2.7,5.2
2024-05-07 20:35:00+02:00,15.5,15.5,15.6,10.3,71.0,22.9,84.0,13.0,0.0,0.0,1.4,9.9,0.0,10.0,36.1,92.2,0.0,2.5,263.0,1011.4,1011.4,2.7,5.2
2024-05-07 20:40:00+02:00,15.3,15.3,15.4,10.4,72.0,22.8,84.0,10.3,0.0,0.0,1.4,9.9,0.0,10.0,36.1,92.2,0.4,2.2,133.0,1011.4,1011.4,2.7,5.2
2024-05-07 20:45:00+02:00,15.0,15.0,15.0,10.5,74.0,22.8,85.0,7.6,0.0,0.0,1.4,9.9,0.0,10.0,36.1,92.2,1.2,2.5,304.0,1011.5,1011.5,2.7,5.2
2024-05-07 20:50:00+02:00,14.8,14.8,15.0,10.5,75.0,22.7,84.0,5.2,0.0,0.0,1.4,9.9,0.0,10.0,36.1,92.2,0.4,2.2,300.0,1011.5,1011.5,2.7,5.2
2024-05-07 20:55:00+02:00,14.8,14.8,14.8,10.3,74.0,22.6,84.0,3.4,0.0,0.0,1.4,9.9,0.0,10.0,36.1,92.2,0.4,2.2,343.0,1011.6,1011.6,2.7,5.2
2024-05-07 21:00:00+02:00,14.7,14.7,14.9,10.5,76.0,22.5,84.0,2.0,0.0,0.0,1.4,9.9,0.0,10.0,36.1,92.2,0.4,2.2,108.0,1011.6,1011.6,2.7,5.2
2024-05-07 21:05:00+02:00,14.6,14.6,14.6,11.0,79.0,22.4,84.0,1.1,0.0,0.0,1.4,9.9,0.0,10.0,36.1,92.2,1.3,3.2,119.0,1011.6,1011.6,2.7,5.2
2024-05-07 21:10:00+02:00,14.3,14.3,14.6,10.9,80.0,22.4,84.0,0.6,0.0,0.0,1.4,9.9,0.0,10.0,36.1,92.2,0.5,3.2,121.0,1011.8,1011.8,2.7,5.2
2024-05-07 21:15:00+02:00,14.3,14.3,14.4,11.0,81.0,22.3,84.0,0.4,0.0,0.0,1.4,9.9,0.0,10.0,36.1,92.2,0.8,2.5,109.0,1011.8,1011.8,2.7,5.2
2024-05-07 21:20:00+02:00,14.2,14.2,14.1,11.2,82.0,22.2,84.0,0.2,0.0,0.0,1.4,9.9,0.0,10.0,36.1,92.2,2.2,3.2,105.0,1011.8,1011.8,2.7,5.2
2024-05-07 21:25:00+02:00,14.0,14.0,13.9,11.1,82.0,22.2,84.0,0.1,0.0,0.0,1.4,9.9,0.0,10.0,36.1,92.2,2.4,3.6,106.0,1011.8,1011.8,2.7,5.2
2024-05-07 21:30:00+02:00,13.9,13.9,13.9,10.9,82.0,22.1,84.0,0.0,0.0,0.0,1.4,9.9,0.0,10.0,36.1,92.2,1.7,2.9,105.0,1012.0,1012.0,2.7,5.2
2024-05-07 21:35:00+02:00,13.9,13.9,14.0,10.9,82.0,22.0,84.0,0.0,0.0,0.0,1.4,9.9,0.0,10.0,36.1,92.2,1.1,2.5,98.0,1012.0,1012.0,2.7,5.2
2024-05-07 21:40:00+02:00,13.9,13.9,14.2,11.1,83.0,21.9,84.0,0.0,0.0,0.0,1.4,9.9,0.0,10.0,36.1,92.2,0.4,2.5,105.0,1012.1,1012.1,2.7,5.2
2024-05-07 21:45:00+02:00,13.9,13.9,14.2,11.1,83.0,21.9,84.0,0.0,0.0,0.0,1.4,9.9,0.0,10.0,36.1,92.2,0.0,3.6,75.0,1012.1,1012.1,2.7,5.1
2024-05-07 21:50:00+02:00,14.0,14.0,14.1,11.1,82.0,21.8,84.0,0.0,0.0,0.0,1.4,9.9,0.0,10.0,36.1,92.2,1.4,4.7,69.0,1012.2,1012.2,2.7,5.1
2024-05-07 21:55:00+02:00,14.2,14.2,14.5,11.1,81.0,21.7,84.0,0.0,0.0,0.0,1.4,9.9,0.0,10.0,36.1,92.2,0.4,4.7,245.0,1012.2,1012.2,2.7,5.1
2024-05-07 22:00:00+02:00,14.5,14.5,14.6,11.0,79.0,21.7,84.0,0.0,0.0,0.0,1.4,9.9,0.0,10.0,36.1,92.2,1.1,3.6,299.0,1012.3,1012.3,2.7,5.1
2024-05-07 22:05:00+02:00,14.8,14.8,14.6,11.0,78.0,21.6,84.0,0.0,0.0,0.0,1.4,9.9,0.0,10.0,36.1,92.2,2.2,4.3,300.0,1012.4,1012.4,2.7,5.1
2024-05-07 22:10:00+02:00,14.8,14.8,14.5,10.9,77.0,21.5,84.0,0.0,0.0,0.0,1.4,9.9,0.0,10.0,36.1,92.2,3.1,8.6,338.0,1012.3,1012.3,2.7,5.1
2024-05-07 22:15:00+02:00,15.0,15.0,14.8,10.9,76.0,21.5,84.0,0.0,0.0,0.0,1.4,9.9,0.0,10.0,36.1,92.2,2.3,7.2,287.0,1012.4,1012.4,2.7,5.1
2024-05-07 22:20:00+02:00,15.0,15.0,15.0,10.9,76.0,21.4,84.0,0.0,0.0,0.0,1.4,9.9,0.0,10.0,36.1,92.2,1.5,7.2,335.0,1012.3,1012.3,2.7,5.1
2024-05-07 22:25:00+02:00,14.9,14.9,14.7,10.8,77.0,21.3,84.0,0.0,0.0,0.0,1.4,9.9,0.0,10.0,36.1,92.2,2.4,7.6,290.0,1012.5,1012.5,2.7,5.1
2024-05-07 22:30:00+02:00,14.9,14.9,14.7,10.8,77.0,21.3,85.0,0.0,0.0,0.0,1.4,9.9,0.0,10.0,36.1,92.2,2.3,6.5,321.0,1012.5,1012.5,2.7,5.1
2024-05-07 22:35:00+02:00,14.9,14.9,14.8,10.8,76.0,21.2,85.0,0.0,0.0,0.0,1.4,9.9,0.0,10.0,36.1,92.2,1.9,7.2,27.0,1012.6,1012.6,2.7,5.1
2024-05-07 22:40:00+02:00,14.9,14.9,14.5,10.8,76.0,21.1,85.0,0.0,0.0,0.0,1.4,9.9,0.0,10.0,36.1,92.2,3.5,7.2,28.0,1012.6,1012.6,2.7,5.1
2024-05-07 22:45:00+02:00,14.9,14.9,14.6,10.9,77.0,21.1,85.0,0.0,0.0,0.0,1.4,9.9,0.0,10.0,36.1,92.2,2.7,6.8,41.0,1012.7,1012.7,2.7,5.1
2024-05-07 22:50:00+02:00,14.8,14.8,14.6,10.8,77.0,21.0,85.0,0.0,0.0,0.0,1.4,9.9,0.0,10.0,36.1,92.2,2.4,7.9,354.0,1012.6,1012.6,2.7,5.1
2024-05-07 22:55:00+02:00,14.7,14.7,14.5,10.9,78.0,21.0,85.0,0.0,0.0,0.0,1.4,9.9,0.0,10.0,36.1,92.2,2.4,4.7,285.0,1012.8,1012.8,2.7,5.1
2024-05-07 23:00:00+02:00,14.6,14.6,14.3,10.7,78.0,20.9,85.0,0.0,0.0,0.0,1.4,9.9,0.0,10.0,36.1,92.2,3.1,7.9,16.0,1012.9,1012.9,2.7,5.1
2024-05-07 23:05:00+02:00,14.7,14.7,14.8,10.8,77.0,20.8,85.0,0.0,0.0,0.0,1.4,9.9,0.0,10.0,36.1,92.2,0.9,7.9,321.0,1012.8,1012.8,2.7,5.1
2024-05-07 23:10:00+02:00,14.7,14.7,14.3,10.7,77.0,20.8,85.0,0.0,0.0,0.0,1.4,9.9,0.0,10.0,36.1,92.2,3.2,5.4,17.0,1012.8,1012.8,2.7,5.1
2024-05-07 23:15:00+02:00,14.7,14.7,14.5,10.7,77.0,20.7,85.0,0.0,0.0,0.0,1.4,9.9,0.0,10.0,36.1,92.2,1.9,8.6,305.0,1012.8,1012.8,2.7,5.1
2024-05-07 23:20:00+02:00,14.6,14.6,14.5,10.7,77.0,20.7,85.0,0.0,0.0,0.0,1.4,9.9,0.0,10.0,36.1,92.2,1.9,9.0,317.0,1012.9,1012.9,2.7,5.1
2024-05-07 23:25:00+02:00,14.6,14.6,14.0,10.7,78.0,20.6,85.0,0.0,0.0,0.0,1.4,9.9,0.0,10.0,36.1,92.2,4.0,9.4,4.0,1012.8,1012.8,2.7,5.1
2024-05-07 23:30:00+02:00,14.5,14.5,14.2,10.6,77.0,20.5,85.0,0.0,0.0,0.0,1.4,9.9,0.0,10.0,36.1,92.2,2.6,10.1,321.0,1012.9,1012.9,2.7,5.1
2024-05-07 23:35:00+02:00,14.5,14.5,13.9,10.5,77.0,20.5,85.0,0.0,0.0,0.0,1.4,9.9,0.0,10.0,36.1,92.2,4.0,10.1,302.0,1013.0,1013.0,2.7,5.0
2024-05-07 23:40:00+02:00,14.5,14.5,14.3,10.5,77.0,20.4,85.0,0.0,0.0,0.0,1.4,9.9,0.0,10.0,36.1,92.2,1.6,7.6,327.0,1013.1,1013.1,2.7,5.0
2024-05-07 23:45:00+02:00,14.4,14.4,14.2,10.6,78.0,20.4,85.0,0.0,0.0,0.0,1.4,9.9,0.0,10.0,36.1,92.2,2.3,5.4,279.0,1013.0,1013.0,2.7,5.0
2024-05-07 23:50:00+02:00,14.4,14.4,14.2,10.6,78.0,20.3,85.0,0.0,0.0,0.0,1.4,9.9,0.0,10.0,36.1,92.2,2.3,7.9,202.0,1013.0,1013.0,2.7,5.0
2024-05-07 23:55:00+02:00,14.3,14.3,14.0,10.5,78.0,20.3,85.0,0.0,0.0,0.0,1.4,9.9,0.0,10.0,36.1,92.2,2.6,8.3,353.0,1012.9,1012.9,2.7,5.0
2024-05-08 00:00:32+02:00,14.4,14.4,13.9,10.6,78.0,20.2,85.0,0.0,0.0,0.0,0.0,9.9,0.0,10.0,36.1,92.2,3.7,8.3,38.0,1013.0,1013.0,2.7,5.0
2024-05-08 00:04:48+02:00,14.3,14.3,14.1,10.5,78.0,20.2,85.0,0.0,0.0,0.0,0.0,9.9,0.0,10.0,36.1,92.2,1.7,3.6,217.0,1012.9,1012.9,2.7,5.0
2024-05-08 00:09:04+02:00,14.2,14.2,14.3,10.6,79.0,20.2,85.0,0.0,0.0,0.0,0.0,9.9,0.0,10.0,36.1,92.2,0.5,4.7,321.0,1013.1,1013.1,2.7,5.0
2024-05-08 00:15:28+02:00,14.0,14.0,13.9,10.7,80.0,20.1,85.0,0.0,0.0,0.0,0.0,9.9,0.0,10.0,36.1,92.2,1.6,2.9,301.0,1013.0,1013.0,2.7,5.0
2024-05-08 00:19:44+02:00,14.0,14.0,13.9,10.7,81.0,20.1,85.0,0.0,0.0,0.0,0.0,9.9,0.0,10.0,36.1,92.2,1.7,3.2,279.0,1013.1,1013.1,2.7,5.0
2024-05-08 00:24:00+02:00,13.8,13.8,13.7,10.6,81.0,20.0,85.0,0.0,0.0,0.0,0.0,9.9,0.0,10.0,36.1,92.2,1.6,4.0,282.0,1013.2,1013.2,2.7,5.0
2024-05-08 00:30:24+02:00,13.9,13.9,13.8,10.5,80.0,20.0,85.0,0.0,0.0,0.0,0.0,9.9,0.0,10.0,36.1,92.2,1.4,5.8,285.0,1013.0,1013.0,2.7,5.0
2024-05-08 00:34:40+02:00,14.0,14.0,13.7,10.4,79.0,19.9,85.0,0.0,0.0,0.0,0.0,9.9,0.0,10.0,36.1,92.2,2.1,5.0,290.0,1013.2,1013.2,2.7,5.0
2024-05-08 00:41:04+02:00,13.9,13.9,13.8,10.5,80.0,19.9,85.0,0.0,0.0,0.0,0.0,9.9,0.0,10.0,36.1,92.2,1.6,3.6,308.0,1013.1,1013.1,2.7,5.0
2024-05-08 00:45:20+02:00,13.9,13.9,13.6,10.4,79.0,19.8,85.0,0.0,0.0,0.0,0.0,9.9,0.0,10.0,36.1,92.2,2.4,5.8,294.0,1013.1,1013.1,2.7,5.0
2024-05-08 00:49:36+02:00,13.8,13.8,13.8,10.4,80.0,19.8,85.0,0.0,0.0,0.0,0.0,9.9,0.0,10.0,36.1,92.2,0.9,3.6,284.0,1013.1,1013.1,2.7,5.0
2024-05-08 00:56:00+02:00,13.9,13.9,13.7,10.3,79.0,19.8,85.0,0.0,0.0,0.0,0.0,9.9,0.0,10.0,36.1,92.2,1.6,5.4,324.0,1013.2,1013.2,2.7,5.0
2024-05-08 01:00:16+02:00,13.9,13.9,13.8,10.3,79.0,19.7,85.0,0.0,0.0,0.0,0.0,0.0,0.0,10.0,36.1,92.2,1.4,5.8,315.0,1013.1,1013.1,2.7,5.0
2024-05-08 01:04:32+02:00,13.9,13.9,13.5,10.3,79.0,19.7,85.0,0.0,0.0,0.0,0.0,0.0,0.0,10.0,36.1,92.2,2.5,7.6,23.0,1013.1,1013.1,2.7,5.0
2024-05-08 01:10:56+02:00,13.9,13.9,13.6,10.3,79.0,19.7,85.0,0.0,0.0,0.0,0.0,0.0,0.0,10.0,36.1,92.2,2.3,6.8,351.0,1013.2,1013.2,2.7,5.0
2024-05-08 01:15:12+02:00,13.8,13.8,13.4,10.3,79.0,19.6,85.0,0.0,0.0,0.0,0.0,0.0,0.0,10.0,36.1,92.2,2.6,6.1,290.0,1013.1,1013.1,2.7,5.0
2024-05-08 01:19:28+02:00,13.6,13.6,13.3,10.3,80.0,19.6,85.0,0.0,0.0,0.0,0.0,0.0,0.0,10.0,36.1,92.2,2.5,4.7,286.0,1013.1,1013.1,2.7,5.0
2024-05-08 01:25:52+02:00,13.5,13.5,13.4,10.4,81.0,19.5,85.0,0.0,0.0,0.0,0.0,0.0,0.0,10.0,36.1,92.2,1.4,3.6,284.0,1013.3,1013.3,2.7,4.9
2024-05-08 01:30:08+02:00,13.4,13.4,13.1,10.3,82.0,19.5,85.0,0.0,0.0,0.0,0.0,0.0,0.0,10.0,36.1,92.2,1.9,3.6,296.0,1013.3,1013.3,2.7,4.9
2024-05-08 01:34:24+02:00,13.3,13.3,13.1,10.4,82.0,19.4,85.0,0.0,0.0,0.0,0.0,0.0,0.0,10.0,36.1,92.2,2.2,3.6,293.0,1013.2,1013.2,2.7,4.9
2024-05-08 01:40:48+02:00,13.3,13.3,12.9,10.4,82.0,19.4,85.0,0.0,0.0,0.0,0.0,0.0,0.0,10.0,36.1,92.2,2.9,5.8,293.0,1013.4,1013.4,2.7,4.9
2024-05-08 01:45:04+02:00,13.3,13.3,12.9,10.4,83.0,19.3,85.0,0.0,0.0,0.0,0.0,0.0,0.0,10.0,36.1,92.2,3.0,4.7,294.0,1013.3,1013.3,2.7,4.9
2024-05-08 01:49:20+02:00,13.3,13.3,13.3,10.4,82.0,19.3,85.0,0.0,0.0,0.0,0.0,0.0,0.0,10.0,36.1,92.2,1.2,4.7,302.0,1013.5,1013.5,2.7,4.9
2024-05-08 01:55:44+02:00,13.4,13.4,13.4,10.4,82.0,19.2,85.0,0.0,0.0,0.0,0.0,0.0,0.0,10.0,36.1,92.2,0.7,3.2,312.0,1013.5,1013.5,2.7,4.9
2024-05-08 02:00:00+02:00,13.5,13.5,13.6,10.4,82.0,19.2,85.0,0.0,0.0,0.0,0.0,0.0,0.0,10.0,36.1,92.2,0.0,2.2,321.0,1013.6,1013.6,2.7,4.9
2024-05-08 02:04:16+02:00,13.4,13.4,13.4,10.5,82.0,19.2,85.0,0.0,0.0,0.0,0.0,0.0,0.0,10.0,36.1,92.2,0.7,2.2,80.0,1013.5,1013.5,2.7,4.9
2024-05-08 02:10:40+02:00,13.2,13.2,13.3,10.6,84.0,19.2,85.0,0.0,0.0,0.0,0.0,0.0,0.0,10.0,36.1,92.2,0.5,3.6,135.0,1013.5,1013.5,2.7,4.9
2024-05-08 02:14:56+02:00,13.0,13.0,13.2,10.5,85.0,19.1,85.0,0.0,0.0,0.0,0.0,0.0,0.0,10.0,36.1,92.2,0.0,1.8,228.0,1013.5,1013.5,2.7,4.9
2024-05-08 02:19:12+02:00,12.7,12.7,12.9,10.5,86.0,19.1,85.0,0.0,0.0,0.0,0.0,0.0,0.0,10.0,36.1,92.2,0.0,1.8,316.0,1013.5,1013.5,2.7,4.9
2024-05-08 02:25:36+02:00,12.7,12.7,12.7,10.5,86.0,19.0,85.0,0.0,0.0,0.0,0.0,0.0,0.0,10.0,36.1,92.2,0.4,2.2,16.0,1013.6,1013.6,2.7,4.9
2024-05-08 02:29:52+02:00,12.6,12.6,12.6,10.4,87.0,19.0,85.0,0.0,0.0,0.0,0.0,0.0,0.0,10.0,36.1,92.2,0.4,2.2,293.0,1013.6,1013.6,2.7,4.9
2024-05-08 02:34:08+02:00,12.5,12.5,12.4,10.3,86.0,18.9,85.0,0.0,0.0,0.0,0.0,0.0,0.0,10.0,36.1,92.2,1.1,2.9,319.0,1013.6,1013.6,2.7,4.9
2024-05-08 02:40:32+02:00,12.6,12.6,12.5,10.4,86.0,18.9,85.0,0.0,0.0,0.0,0.0,0.0,0.0,10.0,36.1,92.2,1.2,4.7,323.0,1013.7,1013.7,2.7,4.9
2024-05-08 02:44:48+02:00,12.7,12.7,12.7,10.4,86.0,18.8,85.0,0.0,0.0,0.0,0.0,0.0,0.0,10.0,36.1,92.2,0.7,4.0,319.0,1013.7,1013.7,2.7,4.9
2024-05-08 02:49:04+02:00,12.6,12.6,12.8,10.5,87.0,18.8,85.0,0.0,0.0,0.0,0.0,0.0,0.0,10.0,36.1,92.2,0.0,2.5,330.0,1013.7,1013.7,2.7,4.9
2024-05-08 02:55:28+02:00,12.7,12.7,12.8,10.5,86.0,18.7,85.0,0.0,0.0,0.0,0.0,0.0,0.0,10.0,36.1,92.2,0.0,2.2,325.0,1013.7,1013.7,2.7,4.9
2024-05-08 02:59:44+02:00,12.7,12.7,12.8,10.4,86.0,18.7,85.0,0.0,0.0,0.0,0.0,0.0,0.0,10.0,36.1,92.2,0.4,2.9,276.0,1013.8,1013.8,2.7,4.9
2024-05-08 03:04:00+02:00,12.8,12.8,12.9,10.5,86.0,18.7,85.0,0.0,0.0,0.0,0.0,0.0,0.0,10.0,36.1,92.2,0.4,3.2,294.0,1013.7,1013.7,2.7,4.9
2024-05-08 03:10:24+02:00,12.7,12.7,12.7,10.7,87.0,18.7,85.0,0.0,0.0,0.0,0.0,0.0,0.0,10.0,36.1,92.2,1.2,3.2,333.0,1013.8,1013.8,2.7,4.9
2024-05-08 03:14:40+02:00,12.7,12.7,12.7,10.7,88.0,18.6,85.0,0.0,0.0,0.0,0.0,0.0,0.0,10.0,36.1,92.2,1.3,4.7,279.0,1013.8,1013.8,2.7,4.8
2024-05-08 03:18:56+02:00,12.7,12.7,12.3,10.7,87.0,18.6,85.0,0.0,0.0,0.0,0.0,0.0,0.0,10.0,36.1,92.2,3.5,6.8,268.0,1013.9,1013.9,2.7,4.8
2024-05-08 03:25:20+02:00,12.7,12.7,12.4,10.6,87.0,18.5,85.0,0.0,0.0,0.0,0.0,0.0,0.0,10.0,36.1,92.2,3.0,8.3,270.0,1013.9,1013.9,2.7,4.8
2024-05-08 03:29:36+02:00,12.7,12.7,12.2,10.6,87.0,18.5,85.0,0.0,0.0,0.0,0.0,0.0,0.0,10.0,36.1,92.2,3.7,8.6,276.0,1013.8,1013.8,2.7,4.8
2024-05-08 03:36:00+02:00,12.7,12.7,12.0,10.7,88.0,18.5,85.0,0.0,0.0,0.0,0.0,0.0,0.0,10.0,36.1,92.2,4.5,8.3,284.0,1013.8,1013.8,2.7,4.8
2024-05-08 03:40:16+02:00,12.7,12.7,11.7,10.7,88.0,18.4,85.0,0.0,0.0,0.0,0.0,0.0,0.0,10.0,36.1,92.2,5.9,10.1,276.0,1013.9,1013.9,2.7,4.8
2024-05-08 03:44:32+02:00,12.6,12.6,12.1,10.7,88.0,18.4,85.0,0.0,0.0,0.0,0.0,0.0,0.0,10.0,36.1,92.2,3.9,8.6,297.0,1013.9,1013.9,2.7,4.8
2024-05-08 03:50:56+02:00,12.5,12.5,12.0,10.6,88.0,18.3,85.0,0.0,0.0,0.0,0.0,0.0,0.0,10.0,36.1,92.2,3.5,8.6,268.0,1014.0,1014.0,2.7,4.8
2024-05-08 03:55:12+02:00,12.5,12.5,12.1,10.6,89.0,18.3,85.0,0.0,0.0,0.0,0.0,0.0,0.0,10.0,36.1,92.2,2.8,5.4,292.0,1013.9,1013.9,2.7,4.8
2024-05-08 03:59:28+02:00,12.4,12.4,12.1,10.6,89.0,18.3,85.0,0.0,0.0,0.0,0.0,0.0,0.0,10.0,36.1,92.2,2.8,5.0,291.0,1013.9,1013.9,2.7,4.8
2024-05-08 04:05:52+02:00,12.3,12.3,11.8,10.5,89.0,18.2,85.0,0.0,0.0,0.0,0.0,0.0,0.0,10.0,36.1,92.2,3.6,8.3,283.0,1014.0,1014.0,2.7,4.8
2024-05-08 04:10:08+02:00,12.2,12.2,11.7,10.5,89.0,18.2,85.0,0.0,0.0,0.0,0.0,0.0,0.0,10.0,36.1,92.2,3.4,6.5,295.0,1014.0,1014.0,2.7,4.8
2024-05-08 04:14:24+02:00,12.2,12.2,12.1,10.6,90.0,18.2,85.0,0.0,0.0,0.0,0.0,0.0,0.0,10.0,36.1,92.2,1.4,4.3,312.0,1013.9,1013.9,2.7,4.8
2024-05-08 04:20:48+02:00,12.2,12.2,12.0,10.5,90.0,18.2,85.0,0.0,0.0,0.0,0.0,0.0,0.0,10.0,36.1,92.2,1.7,3.6,309.0,1014.0,1014.0,2.7,4.8
2024-05-08 04:25:04+02:00,12.1,12.1,11.9,10.5,90.0,18.1,85.0,0.0,0.0,0.0,0.0,0.0,0.0,10.0,36.1,92.2,1.9,4.0,310.0,1014.1,1014.1,2.7,4.8
2024-05-08 04:29:20+02:00,12.1,12.1,11.9,10.5,90.0,18.1,85.0,0.0,0.0,0.0,0.0,0.0,0.0,10.0,36.1,92.2,2.2,6.5,309.0,1014.1,1014.1,2.7,4.8
2024-05-08 04:35:44+02:00,12.1,12.1,11.7,10.5,90.0,18.1,85.0,0.0,0.0,0.0,0.0,0.0,0.0,10.0,36.1,92.2,3.2,8.3,285.0,1014.0,1014.0,2.7,4.8
2024-05-08 04:40:00+02:00,12.0,12.0,11.5,10.4,90.0,18.0,85.0,0.0,0.0,0.0,0.0,0.0,0.0,10.0,36.1,92.2,3.2,8.3,287.0,1014.1,1014.1,2.7,4.8
2024-05-08 04:44:16+02:00,12.0,12.0,11.3,10.4,90.0,18.0,85.0,0.0,0.0,0.0,0.0,0.0,0.0,10.0,36.1,92.2,4.2,10.1,272.0,1014.2,1014.2,2.7,4.8
2024-05-08 04:50:40+02:00,11.9,11.9,10.9,10.4,90.0,17.9,85.0,0.0,0.0,0.0,0.0,0.0,0.0,10.0,36.1,92.2,5.8,10.4,283.0,1014.1,1014.1,2.7,4.8
2024-05-08 04:54:56+02:00,11.9,11.9,11.2,10.4,91.0,17.9,85.0,0.0,0.0,0.0,0.0,0.0,0.0,10.0,36.1,92.2,4.7,10.1,281.0,1014.3,1014.3,2.7,4.8
2024-05-08 04:59:12+02:00,11.9,11.9,11.5,10.4,91.0,17.9,85.0,0.0,0.0,0.0,0.0,0.0,0.0,10.0,36.1,92.2,3.2,10.8,306.0,1014.4,1014.4,2.7,4.8
2024-05-08 05:05:36+02:00,11.9,11.9,11.4,10.4,91.0,17.8,85.0,0.0,0.0,0.0,0.0,0.0,0.0,10.0,36.1,92.2,3.3,8.6,279.0,1014.3,1014.3,2.7,4.7
2024-05-08 05:09:52+02:00,11.9,11.9,11.6,10.4,91.0,17.8,85.0,0.0,0.0,0.0,0.0,0.0,0.0,10.0,36.1,92.2,2.7,6.1,304.0,1014.3,1014.3,2.7,4.7
2024-05-08 05:14:08+02:00,11.9,11.9,11.3,10.4,91.0,17.8,85.0,0.0,0.0,0.0,0.0,0.0,0.0,10.0,36.1,92.2,3.8,6.5,281.0,1014.3,1014.3,2.7,4.7
2024-05-08 05:20:32+02:00,11.9,11.9,11.5,10.4,91.0,17.7,85.0,0.0,0.0,0.0,0.0,0.0,0.0,10.0,36.1,92.2,3.2,9.7,291.0,1014.3,1014.3,2.7,4.7
2024-05-08 05:24:48+02:00,11.9,11.9,11.3,10.4,91.0,17.7,85.0,0.1,0.0,0.0,0.0,0.0,0.0,10.0,36.1,92.2,3.8,7.6,320.0,1014.4,1014.4,2.7,4.7
2024-05-08 05:29:04+02:00,11.9,11.9,11.2,10.4,91.0,17.7,85.0,0.2,0.0,0.0,0.0,0.0,0.0,10.0,36.1,92.2,4.5,7.9,275.0,1014.5,1014.5,2.7,4.7
2024-05-08 05:35:28+02:00,11.9,11.9,11.3,10.4,91.0,17.6,85.0,0.3,0.0,0.0,0.0,0.0,0.0,10.0,36.1,92.2,3.9,8.3,286.0,1014.5,1014.5,2.7,4.7
2024-05-08 05:39:44+02:00,11.9,11.9,11.8,10.4,91.0,17.6,85.0,0.5,0.0,0.0,0.0,0.0,0.0,10.0,36.1,92.2,1.4,6.5,282.0,1014.6,1014.6,2.7,4.7
2024-05-08 05:44:00+02:00,11.9,11.9,11.3,10.4,91.0,17.6,85.0,0.9,0.0,0.0,0.0,0.0,0.0,10.0,36.1,92.2,4.2,8.6,298.0,1014.7,1014.7,2.7,4.7
2024-05-08 05:50:24+02:00,11.9,11.9,11.4,10.5,91.0,17.6,85.0,1.2,0.0,0.0,0.0,0.0,0.0,10.0,36.1,92.2,3.6,8.3,295.0,1014.7,1014.7,2.7,4.7
2024-05-08 05:54:40+02:00,11.9,11.9,11.5,10.6,92.0,17.5,85.0,1.9,0.0,0.0,0.0,0.0,0.0,10.0,36.1,92.2,3.2,5.8,292.0,1014.7,1014.7,2.7,4.7
2024-05-08 06:01:04+02:00,11.9,11.9,11.4,10.6,92.0,17.5,85.0,2.5,0.0,0.0,0.0,0.0,0.0,10.0,36.1,92.2,3.5,6.1,312.0,1014.8,1014.8,2.7,4.7
2024-05-08 06:05:20+02:00,11.9,11.9,11.7,10.6,92.0,17.5,85.0,3.2,0.0,0.0,0.0,0.0,0.0,10.0,36.1,92.2,2.4,6.1,290.0,1014.7,1014.7,2.7,4.7
2024-05-08 06:09:36+02:00,11.9,11.9,11.7,10.6,92.0,17.5,85.0,4.0,0.0,0.0,0.0,0.0,0.0,10.0,36.1,92.2,2.2,5.0,316.0,1014.8,1014.8,2.7,4.7
2024-05-08 06:16:00+02:00,12.0,12.0,11.7,10.6,92.0,17.5,85.0,5.3,0.0,0.0,0.0,0.0,0.0,10.0,36.1,92.2,2.3,6.5,283.0,1014.9,1014.9,2.7,4.7
2024-05-08 06:20:16+02:00,12.0,12.0,11.4,10.7,92.0,17.4,85.0,5.6,0.0,0.0,0.0,0.0,0.0,10.0,36.1,92.2,4.1,9.0,286.0,1015.1,1015.1,2.7,4.7
2024-05-08 06:24:32+02:00,11.9,11.9,11.3,10.5,92.0,17.4,85.0,7.9,0.0,0.0,0.0,0.0,0.0,10.0,36.1,92.2,4.3,9.0,266.0,1015.0,1015.0,2.7,4.7
2024-05-08 06:30:56+02:00,11.9,11.9,11.1,10.6,92.0,17.4,85.0,10.4,0.0,0.0,0.0,0.0,0.0,10.0,36.1,92.2,5.2,8.3,273.0,1015.0,1015.0,2.7,4.7
2024-05-08 06:35:12+02:00,11.9,11.9,11.4,10.5,91.0,17.4,85.0,11.0,0.0,0.0,0.0,0.0,0.0,10.0,36.1,92.2,3.8,6.5,290.0,1015.1,1015.1,2.7,4.7
2024-05-08 06:39:28+02:00,11.9,11.9,11.5,10.6,92.0,17.3,85.0,10.9,0.0,0.0,0.0,0.0,0.0,10.0,36.1,92.2,3.2,5.8,284.0,1015.2,1015.2,2.7,4.7
2024-05-08 06:45:52+02:00,11.9,11.9,11.5,10.6,91.0,17.3,85.0,11.7,0.0,0.0,0.0,0.0,0.0,10.0,36.1,92.2,3.4,7.6,291.0,1015.2,1015.2,2.7,4.7
2024-05-08 06:50:08+02:00,11.9,11.9,11.6,10.5,91.0,17.3,85.0,12.9,0.0,0.0,0.0,0.0,0.0,10.0,36.1,92.2,2.7,7.6,285.0,1015.4,1015.4,2.7,4.7
2024-05-08 06:54:24+02:00,11.9,11.9,11.6,10.5,91.0,17.3,85.0,14.3,0.0,0.0,0.0,0.0,0.0,10.0,36.1,92.2,2.7,6.8,310.0,1015.5,1015.5,2.7,4.7
2024-05-08 07:00:48+02:00,11.9,11.9,11.5,10.4,91.0,17.3,85.0,13.9,0.0,0.0,0.0,0.0,0.0,10.0,36.1,92.2,2.9,7.2,300.0,1015.4,1015.4,2.7,4.7
2024-05-08 07:05:04+02:00,11.9,11.9,11.5,10.4,91.0,17.3,85.0,14.8,0.0,0.0,0.0,0.0,0.0,10.0,36.1,92.2,2.7,7.2,270.0,1015.4,1015.4,2.7,4.7
2024-05-08 07:09:20+02:00,11.9,11.9,11.7,10.4,91.0,17.3,85.0,15.9,0.0,0.0,0.0,0.0,0.0,10.0,36.1,92.2,2.2,6.8,317.0,1015.5,1015.5,2.7,4.7
2024-05-08 07:15:44+02:00,11.9,11.9,11.5,10.5,91.0,17.2,86.0,15.5,0.0,0.0,0.0,0.0,0.0,10.0,36.1,92.2,3.0,8.3,278.0,1015.5,1015.5,2.7,4.7
2024-05-08 07:20:00+02:00,11.8,11.8,11.0,10.4,91.0,17.3,86.0,16.2,0.0,0.0,0.0,0.0,0.0,10.0,36.1,92.2,5.0,9.4,289.0,1015.5,1015.5,2.7,4.7
2024-05-08 07:24:16+02:00,11.8,11.8,11.1,10.3,91.0,17.2,86.0,18.0,0.0,0.0,0.0,0.0,0.0,10.0,36.1,92.2,4.3,8.6,274.0,1015.6,1015.6,2.7,4.6
2024-05-08 07:30:40+02:00,11.8,11.8,11.0,10.3,91.0,17.2,86.0,18.7,0.0,0.0,0.0,0.0,0.0,10.0,36.1,92.2,4.5,9.0,293.0,1015.7,1015.7,2.7,4.6
2024-05-08 07:34:56+02:00,11.7,11.7,10.9,10.4,92.0,17.2,86.0,13.5,0.0,0.0,0.0,0.0,0.0,10.0,36.1,92.2,4.7,9.4,279.0,1015.6,1015.6,2.7,4.6
2024-05-08 07:39:12+02:00,11.7,11.7,11.1,10.4,92.0,17.2,86.0,17.6,0.0,0.0,0.0,0.0,0.0,10.0,36.1,92.2,3.8,9.7,287.0,1015.8,1015.8,2.7,4.6
2024-05-08 07:45:36+02:00,11.7,11.7,11.2,10.4,92.0,17.2,86.0,25.3,0.0,0.0,0.0,0.0,0.0,10.0,36.1,92.2,3.5,9.7,280.0,1015.8,1015.8,2.7,4.6
2024-05-08 07:49:52+02:00,11.7,11.7,10.9,10.3,91.0,17.2,86.0,28.6,0.0,0.0,0.0,0.0,0.0,10.0,36.1,92.2,4.6,8.3,279.0,1015.8,1015.8,2.7,4.6
2024-05-08 07:54:08+02:00,11.7,11.7,11.3,10.4,91.0,17.2,86.0,32.2,0.0,0.0,0.0,0.0,0.0,10.0,36.1,92.2,3.1,7.6,270.0,1015.9,1015.9,2.7,4.6
2024-05-08 08:00:32+02:00,11.8,11.8,11.0,10.3,91.0,17.2,86.0,29.0,0.0,0.0,0.0,0.0,0.0,10.0,36.1,92.2,4.5,9.0,280.0,1015.9,1015.9,2.7,4.6
2024-05-08 08:04:48+02:00,11.7,11.7,11.5,10.3,91.0,17.2,86.0,42.0,0.0,0.0,0.0,0.0,0.0,10.0,36.1,92.2,1.8,7.9,304.0,1015.9,1015.9,2.7,4.7
2024-05-08 08:09:04+02:00,11.8,11.8,11.2,10.3,91.0,17.2,86.0,45.5,0.0,0.0,0.0,0.0,0.0,10.0,36.1,92.2,3.7,9.0,287.0,1016.0,1016.0,2.7,4.7
2024-05-08 08:15:28+02:00,11.9,11.9,11.7,10.3,90.0,17.2,86.0,34.3,0.0,0.0,0.0,0.0,0.0,10.0,36.1,92.2,1.7,6.1,298.0,1016.1,1016.1,2.7,4.7
2024-05-08 08:19:44+02:00,11.9,11.9,11.3,10.3,90.0,17.2,86.0,51.5,0.0,0.0,0.0,0.0,0.0,10.0,36.1,92.2,3.6,9.4,289.0,1016.1,1016.1,2.7,4.7
2024-05-08 08:24:00+02:00,11.8,11.8,11.1,10.3,90.0,17.2,86.0,52.3,0.0,0.0,0.0,0.0,0.0,10.0,36.1,92.2,4.3,9.4,329.0,1016.1,1016.1,2.7,4.7
2024-05-08 08:30:24+02:00,12.0,12.0,11.6,10.4,90.0,17.2,86.0,57.0,0.0,0.0,0.0,0.0,0.0,10.0,36.1,92.2,2.5,7.9,283.0,1016.2,1016.2,2.7,4.7
2024-05-08 08:34:40+02:00,12.0,12.0,11.4,10.4,90.0,17.2,86.0,69.4,0.0,0.0,0.0,0.0,0.0,10.0,36.1,92.2,4.1,9.4,297.0,1016.1,1016.1,2.7,4.7
2024-05-08 08:38:56+02:00,12.0,12.0,11.5,10.4,90.0,17.2,86.0,50.4,0.0,0.0,0.0,0.0,0.0,10.0,36.1,92.2,3.5,9.4,277.0,1016.2,1016.2,2.7,4.7
2024-05-08 08:45:20+02:00,12.1,12.1,11.9,10.3,89.0,17.2,86.0,35.8,0.0,0.0,0.0,0.0,0.0,10.0,36.1,92.2,1.9,5.8,264.0,1016.1,1016.1,2.7,4.7
2024-05-08 08:49:36+02:00,12.1,12.1,11.9,10.3,89.0,17.2,86.0,54.8,0.0,0.0,0.0,0.0,0.0,10.0,36.1,92.2,1.8,5.0,258.0,1016.1,1016.1,2.7,4.7
2024-05-08 08:56:00+02:00,12.2,12.2,12.0,10.3,88.0,17.2,86.0,82.1,0.0,0.0,0.0,0.0,0.0,10.0,36.1,92.2,1.7,10.8,269.0,1016.2,1016.2,2.7,4.7
2024-05-08 09:00:16+02:00,12.3,12.3,11.9,10.2,87.0,17.2,86.0,113.5,1.0,0.0,0.0,0.0,0.0,10.0,36.1,92.2,2.9,6.8,274.0,1016.3,1016.3,2.7,4.7
2024-05-08 09:04:32+02:00,12.5,12.5,11.8,10.4,87.0,17.2,86.0,127.2,1.0,0.0,0.0,0.0,0.0,10.0,36.1,92.2,4.5,6.8,271.0,1016.4,1016.4,2.7,4.7
2024-05-08 09:10:56+02:00,12.6,12.6,11.9,10.2,86.0,17.3,86.0,121.3,1.0,0.0,0.0,0.0,0.0,10.0,36.1,92.2,4.1,8.6,279.0,1016.5,1016.5,2.7,4.7
2024-05-08 09:15:12+02:00,12.5,12.5,12.2,10.2,86.0,17.3,86.0,99.5,0.0,0.0,0.0,0.0,0.0,10.0,36.1,92.2,2.1,5.4,282.0,1016.5,1016.5,2.7,4.8
2024-05-08 09:19:28+02:00,12.7,12.7,12.5,10.3,85.0,17.3,86.0,82.1,0.0,0.0,0.0,0.0,0.0,10.0,36.1,92.2,1.6,5.0,352.0,1016.5,1016.5,2.7,4.8
2024-05-08 09:25:52+02:00,12.7,12.7,11.9,10.3,85.0,17.3,86.0,73.9,0.0,0.0,0.0,0.0,0.0,10.0,36.1,92.2,4.3,8.6,271.0,1016.5,1016.5,2.7,4.8
2024-05-08 09:30:08+02:00,12.7,12.7,12.2,10.3,86.0,17.4,86.0,94.2,0.0,0.0,0.0,0.0,0.0,10.0,36.1,92.2,2.9,6.1,263.0,1016.6,1016.6,2.7,4.8
2024-05-08 09:34:24+02:00,12.7,12.7,12.5,10.4,86.0,17.4,86.0,112.9,1.0,0.0,0.0,0.0,0.0,10.0,36.1,92.2,1.9,6.1,258.0,1016.6,1016.6,2.7,4.8
2024-05-08 09:40:48+02:00,12.9,12.9,12.6,10.5,85.0,17.4,87.0,103.4,0.0,0.0,0.0,0.0,0.0,10.0,36.1,92.2,2.3,5.8,277.0,1016.6,1016.6,2.7,4.8
2024-05-08 09:45:04+02:00,12.8,12.8,12.3,10.5,86.0,17.5,87.0,89.0,0.0,0.0,0.0,0.0,0.0,10.0,36.1,92.2,3.2,7.6,276.0,1016.6,1016.6,2.7,4.9
2024-05-08 09:49:20+02:00,12.8,12.8,12.2,10.5,86.0,17.5,87.0,113.5,1.0,0.0,0.0,0.0,0.0,10.0,36.1,92.2,3.8,8.6,278.0,1016.7,1016.7,2.7,4.9
2024-05-08 09:55:44+02:00,12.8,12.8,12.4,10.3,85.0,17.5,87.0,114.6,1.0,0.0,0.0,0.0,0.0,10.0,36.1,92.2,3.0,8.6,301.0,1016.6,1016.6,2.7,4.9
2024-05-08 10:00:00+02:00,12.8,12.8,12.4,10.3,85.0,17.6,87.0,95.7,0.0,0.0,0.0,0.0,0.0,10.0,36.1,92.2,2.9,7.2,302.0,1016.7,1016.7,2.7,4.9
2024-05-08 10:04:16+02:00,13.2,13.2,12.9,10.5,84.0,17.6,87.0,93.0,0.0,0.0,0.0,0.0,0.0,10.0,36.1,92.2,2.4,5.4,232.0,1016.7,1016.7,2.7,5.0
2024-05-08 10:10:40+02:00,13.2,13.2,13.2,10.5,84.0,17.7,87.0,90.4,0.0,0.0,0.0,0.0,0.0,10.0,36.1,92.2,1.1,6.1,239.0,1016.6,1016.6,2.7,5.0
2024-05-08 10:14:56+02:00,13.3,13.3,12.6,10.5,83.0,17.7,87.0,83.9,0.0,0.0,0.0,0.0,0.0,10.0,36.1,92.2,4.2,7.2,293.0,1016.6,1016.6,2.7,5.0
2024-05-08 10:19:12+02:00,13.1,13.1,13.0,10.4,84.0,17.8,87.0,80.3,0.0,0.0,0.0,0.0,0.0,10.0,36.1,92.2,1.5,5.8,46.0,1016.8,1016.8,2.7,5.0
2024-05-08 10:25:36+02:00,13.0,13.0,12.9,10.4,84.0,17.8,87.0,84.9,0.0,0.0,0.0,0.0,0.0,10.0,36.1,92.2,1.4,5.4,289.0,1016.9,1016.9,2.7,5.0
2024-05-08 10:29:52+02:00,13.0,13.0,12.3,10.3,84.0,17.8,87.0,85.2,0.0,0.0,0.0,0.0,0.0,10.0,36.1,92.2,4.2,7.2,259.0,1016.7,1016.7,2.7,5.0
2024-05-08 10:34:08+02:00,13.1,13.1,12.9,10.3,83.0,17.9,87.0,82.0,0.0,0.0,0.0,0.0,0.0,10.0,36.1,92.2,1.7,5.8,350.0,1016.6,1016.6,2.7,5.0
2024-05-08 10:40:32+02:00,13.0,13.0,12.8,10.1,83.0,17.9,87.0,86.9,0.0,0.0,0.0,0.0,0.0,10.0,36.1,92.2,1.6,5.4,333.0,1016.8,1016.8,2.7,5.0
2024-05-08 10:44:48+02:00,13.2,13.2,13.0,10.2,82.0,17.9,87.0,96.3,0.0,0.0,0.0,0.0,0.0,10.0,36.1,92.2,1.4,3.6,64.0,1016.7,1016.7,2.7,5.1
2024-05-08 10:49:04+02:00,13.2,13.2,12.7,10.2,82.0,17.9,87.0,101.6,0.0,0.0,0.0,0.0,0.0,10.0,36.1,92.2,2.9,6.5,27.0,1016.7,1016.7,2.7,5.1
2024-05-08 10:55:28+02:00,13.3,13.3,13.0,10.3,82.0,17.9,87.0,122.5,1.0,0.0,0.0,0.0,0.0,10.0,36.1,92.2,2.4,5.0,50.0,1016.7,1016.7,2.7,5.1
2024-05-08 10:59:44+02:00,13.4,13.4,13.5,10.4,82.0,18.0,87.0,128.8,1.0,0.0,0.0,0.0,0.0,10.0,36.1,92.2,0.8,4.0,28.0,1016.8,1016.8,2.7,5.1
2024-05-08 11:04:00+02:00,13.6,13.6,13.4,10.4,81.0,18.0,87.0,114.6,1.0,0.0,0.0,0.0,0.0,10.0,36.1,92.2,2.1,4.3,278.0,1016.9,1016.9,2.7,5.2
2024-05-08 11:10:24+02:00,13.7,13.7,13.6,10.4,80.0,18.1,87.0,102.8,0.0,0.0,0.0,0.0,0.0,10.0,36.1,92.2,1.4,4.0,331.0,1016.9,1016.9,2.7,5.2
2024-05-08 11:14:40+02:00,13.6,13.6,13.5,10.3,81.0,18.1,87.0,96.3,0.0,0.0,0.0,0.0,0.0,10.0,36.1,92.2,1.6,4.7,301.0,1016.8,1016.8,2.7,5.2
2024-05-08 11:21:04+02:00,13.6,13.6,13.4,10.4,81.0,18.2,87.0,91.5,0.0,0.0,0.0,0.0,0.0,10.0,36.1,92.2,2.0,6.5,333.0,1016.8,1016.8,2.7,5.2
2024-05-08 11:25:20+02:00,13.8,13.8,13.6,10.3,80.0,18.2,87.0,86.3,0.0,0.0,0.0,0.0,0.0,10.0,36.1,92.2,1.4,6.5,95.0,1016.9,1016.9,2.7,5.2
2024-05-08 11:29:36+02:00,13.8,13.8,13.3,10.5,80.0,18.2,87.0,85.9,0.0,0.0,0.0,0.0,0.0,10.0,36.1,92.2,3.4,5.0,283.0,1016.9,1016.9,2.7,5.2
2024-05-08 11:36:00+02:00,13.7,13.7,13.2,10.5,81.0,18.3,87.0,87.5,0.0,0.0,0.0,0.0,0.0,10.0,36.1,92.2,3.2,7.6,291.0,1016.9,1016.9,2.7,5.2
2024-05-08 11:40:16+02:00,13.7,13.7,13.2,10.4,81.0,18.3,87.0,121.8,1.0,0.0,0.0,0.0,0.0,10.0,36.1,92.2,3.3,5.8,266.0,1016.9,1016.9,2.7,5.2
2024-05-08 11:44:32+02:00,13.8,13.8,13.4,10.4,80.0,18.3,87.0,173.9,1.0,0.0,0.0,0.0,0.0,10.0,36.1,92.2,2.6,6.5,276.0,1016.9,1016.9,2.7,5.2
2024-05-08 11:50:56+02:00,14.1,14.1,13.5,10.3,78.0,18.4,87.0,213.4,1.0,0.0,0.0,0.0,0.0,10.0,36.1,92.2,3.6,9.0,273.0,1016.8,1016.8,2.7,5.2
2024-05-08 11:55:12+02:00,14.0,14.0,13.5,10.3,78.0,18.5,87.0,256.6,2.0,0.0,0.0,0.0,0.0,10.0,36.1,92.2,3.5,10.1,11.0,1016.9,1016.9,2.7,5.2
2024-05-08 11:59:28+02:00,14.3,14.3,14.0,10.5,78.0,18.5,87.0,194.2,1.0,0.0,0.0,0.0,0.0,10.0,36.1,92.2,2.7,7.6,279.0,1016.8,1016.8,2.7,5.2
2024-05-08 12:05:52+02:00,14.5,14.5,14.1,10.5,77.0,18.5,87.0,112.1,1.0,0.0,0.0,0.0,0.0,10.0,36.1,92.2,3.1,6.8,334.0,1016.9,1016.9,2.7,5.2
2024-05-08 12:10:08+02:00,14.2,14.2,13.0,10.5,79.0,18.6,88.0,95.7,0.0,0.0,0.0,0.0,0.0,10.0,36.1,92.2,6.7,8.3,277.0,1017.0,1017.0,2.7,5.2
2024-05-08 12:14:24+02:00,14.0,14.0,13.4,10.4,79.0,18.7,88.0,86.0,0.0,0.0,0.0,0.0,0.0,10.0,36.1,92.2,4.1,8.3,278.0,1017.0,1017.0,2.7,5.2
2024-05-08 12:20:48+02:00,14.0,14.0,13.4,10.7,81.0,18.7,88.0,95.6,0.0,0.0,0.0,0.0,0.0,10.0,36.1,92.2,4.2,11.2,294.0,1017.0,1017.0,2.7,5.2
2024-05-08 12:25:04+02:00,13.8,13.8,13.1,10.6,81.0,18.7,88.0,105.8,0.0,0.0,0.0,0.0,0.0,10.0,36.1,92.2,5.2,11.9,321.0,1017.0,1017.0,2.7,5.2
2024-05-08 12:29:20+02:00,13.8,13.8,13.2,10.7,81.0,18.8,88.0,135.5,1.0,0.0,0.0,0.0,0.0,10.0,36.1,92.2,4.6,9.4,282.0,1017.1,1017.1,2.7,5.2
2024-05-08 12:35:44+02:00,14.1,14.1,13.6,10.8,80.0,18.8,88.0,160.1,1.0,0.0,0.0,0.0,0.0,10.0,36.1,92.2,3.5,7.9,279.0,1017.0,1017.0,2.7,5.2
2024-05-08 12:40:00+02:00,14.3,14.3,13.9,10.9,80.0,18.8,88.0,158.5,1.0,0.0,0.0,0.0,0.0,10.0,36.1,92.2,3.7,9.4,279.0,1017.1,1017.1,2.7,5.2
2024-05-08 12:44:16+02:00,14.3,14.3,13.5,10.8,79.0,18.8,88.0,140.7,1.0,0.0,0.0,0.0,0.0,10.0,36.1,92.2,5.2,13.3,274.0,1017.1,1017.1,2.7,5.2
2024-05-08 12:50:40+02:00,14.2,14.2,13.4,10.8,80.0,18.9,88.0,152.2,1.0,0.0,0.0,0.0,0.0,10.0,36.1,92.2,5.5,14.0,287.0,1017.1,1017.1,2.7,5.2
2024-05-08 12:54:56+02:00,14.4,14.4,13.9,10.8,79.0,18.9,88.0,164.8,1.0,0.0,0.0,0.0,0.0,10.0,36.1,92.2,3.7,9.0,291.0,1017.0,1017.0,2.7,5.2
2024-05-08 12:59:12+02:00,14.5,14.5,13.7,10.9,79.0,19.0,88.0,214.0,1.0,0.0,0.0,0.0,0.0,10.0,36.1,92.2,5.5,11.2,286.0,1017.1,1017.1,2.7,5.2
2024-05-08 13:05:36+02:00,14.6,14.6,13.5,10.9,79.0,19.0,88.0,289.7,2.0,0.0,0.0,0.0,0.0,10.0,36.1,92.2,7.3,13.3,272.0,1017.1,1017.1,2.7,5.2
2024-05-08 13:09:52+02:00,14.8,14.8,13.6,10.9,78.0,19.2,88.0,539.5,5.0,0.0,0.0,0.0,0.0,10.0,36.1,92.2,7.7,12.2,273.0,1017.1,1017.1,2.7,5.2
2024-05-08 13:14:08+02:00,15.3,15.3,14.0,11.2,76.0,19.2,88.0,638.6,5.0,0.0,0.0,0.0,0.0,10.0,36.1,92.2,8.6,15.1,289.0,1017.0,1017.0,2.7,5.2
2024-05-08 13:20:32+02:00,15.2,15.2,14.4,11.0,76.0,19.3,88.0,314.2,2.0,0.0,0.0,0.0,0.0,10.0,36.1,92.2,6.1,15.5,287.0,1017.1,1017.1,2.7,5.2
2024-05-08 13:24:48+02:00,15.5,15.5,14.8,11.2,76.0,19.4,88.0,314.4,2.0,0.0,0.0,0.0,0.0,10.0,36.1,92.2,5.3,9.7,230.0,1017.0,1017.0,2.7,5.2
2024-05-08 13:29:04+02:00,15.7,15.7,15.0,11.2,75.0,19.6,88.0,592.0,5.0,0.0,0.0,0.0,0.0,10.0,36.1,92.2,5.1,12.2,279.0,1016.9,1016.9,2.7,5.2
2024-05-08 13:35:28+02:00,16.9,16.9,16.6,11.5,70.0,19.7,88.0,554.4,5.0,0.0,0.0,0.0,0.0,10.0,36.1,92.2,3.9,10.8,229.0,1017.0,1017.0,2.7,5.2
2024-05-08 13:39:44+02:00,16.5,16.5,15.9,11.5,72.0,19.8,89.0,261.6,2.0,0.0,0.0,0.0,0.0,10.0,36.1,92.2,5.5,17.3,277.0,1017.0,1017.0,2.7,5.2
2024-05-08 13:44:00+02:00,16.2,16.2,15.5,11.1,72.0,20.0,89.0,564.5,5.0,0.0,0.0,0.0,0.0,10.0,36.1,92.2,5.5,16.6,275.0,1016.9,1016.9,2.7,5.3
2024-05-08 13:50:24+02:00,16.0,16.0,14.9,10.8,71.0,20.1,89.0,641.1,5.0,0.0,0.0,0.0,0.0,10.0,36.1,92.2,6.8,15.8,280.0,1017.0,1017.0,2.7,5.3
2024-05-08 13:54:40+02:00,17.1,17.1,16.1,11.4,69.0,20.2,89.0,644.7,5.0,0.0,0.0,0.0,0.0,10.0,36.1,92.2,7.7,19.4,286.0,1016.9,1016.9,2.7,5.3
2024-05-08 13:58:56+02:00,16.2,16.2,15.4,11.2,72.0,20.3,89.0,567.2,5.0,0.0,0.0,0.0,0.0,10.0,36.1,92.2,5.6,15.5,304.0,1017.0,1017.0,2.7,5.3
2024-05-08 14:05:20+02:00,16.4,16.4,16.1,11.1,71.0,20.5,89.0,551.6,5.0,0.0,0.0,0.0,0.0,10.0,36.1,92.2,3.7,18.4,279.0,1017.0,1017.0,2.7,5.3
2024-05-08 14:09:36+02:00,17.2,17.2,15.8,10.9,66.0,20.6,89.0,582.2,5.0,0.0,0.0,0.0,0.0,10.0,36.1,92.2,9.1,15.1,272.0,1017.0,1017.0,2.7,5.3
2024-05-08 14:16:00+02:00,18.4,18.4,17.9,11.2,63.0,20.8,89.0,623.8,5.0,0.0,0.0,0.0,0.0,10.0,36.1,92.2,4.6,9.4,229.0,1016.8,1016.8,2.7,5.3
2024-05-08 14:20:16+02:00,18.8,18.8,18.1,11.5,62.0,21.0,89.0,624.1,5.0,0.0,0.0,0.0,0.0,10.0,36.1,92.2,6.0,13.3,257.0,1016.8,1016.8,2.7,5.3
2024-05-08 14:24:32+02:00,17.8,17.8,16.3,11.3,66.0,21.2,89.0,618.5,5.0,0.0,0.0,0.0,0.0,10.0,36.1,92.2,9.8,18.7,292.0,1016.8,1016.8,2.7,5.3
2024-05-08 14:30:56+02:00,17.3,17.3,16.4,11.2,67.0,21.3,89.0,292.3,2.0,0.0,0.0,0.0,0.0,10.0,36.1,92.2,7.0,18.7,288.0,1016.9,1016.9,2.7,5.3
2024-05-08 14:35:12+02:00,17.7,17.7,17.0,10.9,65.0,21.5,89.0,614.7,5.0,0.0,0.0,0.0,0.0,10.0,36.1,92.2,5.3,11.9,271.0,1016.9,1016.9,2.7,5.3
2024-05-08 14:39:28+02:00,18.9,18.9,18.6,11.1,60.0,21.7,89.0,627.0,5.0,0.0,0.0,0.0,0.0,10.0,36.1,92.2,3.0,7.6,213.0,1016.9,1016.9,2.7,5.3
2024-05-08 14:45:52+02:00,19.4,19.4,18.4,11.4,60.0,21.9,89.0,601.0,5.0,0.0,0.0,0.0,0.0,10.0,36.1,92.2,7.3,11.9,253.0,1016.9,1016.9,2.7,5.3
2024-05-08 14:50:08+02:00,17.9,17.9,16.8,11.0,64.0,22.0,89.0,472.5,4.0,0.0,0.0,0.0,0.0,10.0,36.1,92.2,7.1,14.8,278.0,1016.9,1016.9,2.7,5.3
2024-05-08 14:54:24+02:00,18.0,18.0,16.8,11.1,64.0,22.2,89.0,556.8,5.0,0.0,0.0,0.0,0.0,10.0,36.1,92.2,8.0,15.1,268.0,1016.8,1016.8,2.7,5.3
2024-05-08 15:00:48+02:00,19.2,19.2,18.8,11.6,61.0,22.3,89.0,527.5,4.0,0.0,0.0,0.0,0.0,10.0,36.1,92.2,4.6,15.1,324.0,1016.9,1016.9,2.7,5.3
2024-05-08 15:05:04+02:00,18.9,18.9,18.0,11.3,61.0,22.4,89.0,533.5,4.0,0.0,0.0,0.0,0.0,10.0,36.1,92.2,6.8,11.2,288.0,1016.6,1016.6,2.7,5.3
2024-05-08 15:09:20+02:00,18.8,18.8,18.6,10.9,60.0,22.6,88.0,598.2,5.0,0.0,0.0,0.0,0.0,10.0,36.1,92.2,2.6,16.2,199.0,1016.7,1016.7,2.7,5.3
2024-05-08 15:15:44+02:00,19.7,19.7,19.1,11.0,57.0,22.8,88.0,635.7,5.0,0.0,0.0,0.0,0.0,10.0,36.1,92.2,5.0,14.4,296.0,1016.7,1016.7,2.7,5.3
2024-05-08 15:20:00+02:00,19.2,19.2,18.3,11.3,60.0,23.0,88.0,562.8,5.0,0.0,0.0,0.0,0.0,10.0,36.1,92.2,7.1,23.0,321.0,1016.7,1016.7,2.7,5.3
2024-05-08 15:24:16+02:00,18.2,18.2,17.1,10.9,62.0,23.1,88.0,536.5,4.0,0.0,0.0,0.0,0.0,10.0,36.1,92.2,7.4,16.6,279.0,1016.8,1016.8,2.7,5.3
2024-05-08 15:30:40+02:00,18.3,18.3,17.5,10.7,61.0,23.2,88.0,551.6,5.0,0.0,0.0,0.0,0.0,10.0,36.1,92.2,5.6,11.2,269.0,1016.9,1016.9,2.7,5.3
2024-05-08 15:34:56+02:00,18.1,18.1,17.0,10.7,62.0,23.2,88.0,576.7,5.0,0.0,0.0,0.0,0.0,10.0,36.1,92.2,6.9,15.1,292.0,1016.8,1016.8,2.7,5.3
2024-05-08 15:39:12+02:00,18.3,18.3,17.6,10.9,62.0,23.3,88.0,491.2,4.0,0.0,0.0,0.0,0.0,10.0,36.1,92.2,5.3,15.5,289.0,1016.8,1016.8,2.7,5.3
2024-05-08 15:45:36+02:00,18.0,18.0,16.3,10.6,62.0,23.4,88.0,513.6,4.0,0.0,0.0,0.0,0.0,10.0,36.1,92.2,9.9,18.0,272.0,1016.8,1016.8,2.7,5.3
2024-05-08 15:49:52+02:00,18.2,18.2,17.2,10.2,60.0,23.5,88.0,570.4,5.0,0.0,0.0,0.0,0.0,10.0,36.1,92.2,5.5,18.0,274.0,1016.8,1016.8,2.7,5.3
2024-05-08 15:54:08+02:00,19.1,19.1,18.6,10.5,57.0,23.5,88.0,561.0,5.0,0.0,0.0,0.0,0.0,10.0,36.1,92.2,3.8,10.4,294.0,1016.7,1016.7,2.7,5.3
2024-05-08 16:00:32+02:00,19.1,19.1,18.2,10.9,59.0,23.6,88.0,385.9,3.0,0.0,0.0,0.0,0.0,10.0,36.1,92.2,6.3,24.5,280.0,1016.8,1016.8,2.7,5.3
2024-05-08 16:04:48+02:00,17.9,17.9,16.8,10.4,61.0,23.7,88.0,138.1,1.0,0.0,0.0,0.0,0.0,10.0,36.1,92.2,6.5,20.5,275.0,1016.8,1016.8,2.7,5.3
2024-05-08 16:09:04+02:00,17.3,17.3,16.3,10.1,63.0,23.7,88.0,138.0,1.0,0.0,0.0,0.0,0.0,10.0,36.1,92.2,5.5,11.2,332.0,1016.8,1016.8,2.7,5.3
2024-05-08 16:15:28+02:00,17.4,17.4,16.7,9.9,61.0,23.8,88.0,472.9,4.0,0.0,0.0,0.0,0.0,10.0,36.1,92.2,3.2,15.1,266.0,1016.8,1016.8,2.7,5.3
2024-05-08 16:19:44+02:00,17.9,17.9,16.6,10.4,61.0,23.8,88.0,321.2,2.0,0.0,0.0,0.0,0.0,10.0,36.1,92.2,7.5,13.3,288.0,1016.7,1016.7,2.7,5.3
2024-05-08 16:24:00+02:00,17.1,17.1,16.2,10.3,64.0,23.8,88.0,119.5,1.0,0.0,0.0,0.0,0.0,10.0,36.1,92.2,5.6,13.3,284.0,1016.7,1016.7,2.7,5.3
2024-05-08 16:30:24+02:00,17.1,17.1,15.9,10.1,63.0,23.8,88.0,466.7,4.0,0.0,0.0,0.0,0.0,10.0,36.1,92.2,6.7,12.6,312.0,1016.7,1016.7,2.7,5.3
2024-05-08 16:34:40+02:00,18.1,18.1,17.9,10.1,60.0,23.8,88.0,445.1,4.0,0.0,0.0,0.0,0.0,10.0,36.1,92.2,1.2,7.6,353.0,1016.8,1016.8,2.7,5.3
2024-05-08 16:41:04+02:00,19.7,19.7,19.1,10.5,55.0,23.8,88.0,447.8,4.0,0.0,0.0,0.0,0.0,10.0,36.1,92.2,3.6,7.6,286.0,1016.7,1016.7,2.7,5.3
2024-05-08 16:45:20+02:00,19.1,19.1,17.6,10.3,57.0,23.8,88.0,436.7,4.0,0.0,0.0,0.0,0.0,10.0,36.1,92.2,8.4,14.0,274.0,1016.8,1016.8,2.7,5.3
2024-05-08 16:49:36+02:00,18.6,18.6,17.8,10.4,59.0,23.8,88.0,163.1,1.0,0.0,0.0,0.0,0.0,10.0,36.1,92.2,4.7,13.0,270.0,1016.6,1016.6,2.7,5.3
2024-05-08 16:56:00+02:00,18.1,18.1,17.1,10.3,60.0,23.9,88.0,415.1,3.0,0.0,0.0,0.0,0.0,10.0,36.1,92.2,5.9,14.8,306.0,1016.6,1016.6,2.7,5.3
2024-05-08 17:00:16+02:00,18.7,18.7,17.9,10.6,59.0,23.9,88.0,402.4,3.0,0.0,0.0,0.0,0.0,10.0,36.1,92.2,4.9,13.0,278.0,1016.7,1016.7,2.7,5.3
2024-05-08 17:04:32+02:00,18.5,18.5,17.2,9.6,56.0,23.9,88.0,345.4,3.0,0.0,0.0,0.0,0.0,10.0,36.1,92.2,6.4,18.4,272.0,1016.6,1016.6,2.7,5.3
2024-05-08 17:10:56+02:00,18.3,18.3,16.9,9.5,56.0,23.9,88.0,352.7,3.0,0.0,0.0,0.0,0.0,10.0,36.1,92.2,6.8,11.2,288.0,1016.6,1016.6,2.7,5.3
2024-05-08 17:15:12+02:00,18.3,18.3,16.7,9.5,56.0,23.9,88.0,347.0,3.0,0.0,0.0,0.0,0.0,10.0,36.1,92.2,8.0,12.6,284.0,1016.6,1016.6,2.7,5.3
2024-05-08 17:19:28+02:00,18.4,18.4,17.2,9.9,57.0,23.9,88.0,324.9,3.0,0.0,0.0,0.0,0.0,10.0,36.1,92.2,6.3,12.6,305.0,1016.8,1016.8,2.7,5.3
2024-05-08 17:25:52+02:00,18.0,18.0,16.2,9.8,59.0,23.9,88.0,260.5,2.0,0.0,0.0,0.0,0.0,10.0,36.1,92.2,8.9,17.3,275.0,1016.6,1016.6,2.7,5.3
2024-05-08 17:30:08+02:00,18.0,18.0,16.7,9.9,59.0,24.0,88.0,210.7,1.0,0.0,0.0,0.0,0.0,10.0,36.1,92.2,6.6,19.1,271.0,1016.7,1016.7,2.7,5.3
2024-05-08 17:34:24+02:00,17.8,17.8,17.0,9.8,59.0,23.9,88.0,254.2,2.0,0.0,0.0,0.0,0.0,10.0,36.1,92.2,3.9,9.7,263.0,1016.7,1016.7,2.7,5.3
2024-05-08 17:40:48+02:00,18.2,18.2,17.4,10.1,59.0,23.9,88.0,282.5,2.0,0.0,0.0,0.0,0.0,10.0,36.1,92.2,4.5,12.6,276.0,1016.7,1016.7,2.7,5.3
2024-05-08 17:45:04+02:00,18.3,18.3,17.3,9.4,56.0,23.9,88.0,283.4,2.0,0.0,0.0,0.0,0.0,10.0,36.1,92.2,4.5,10.4,295.0,1016.6,1016.6,2.7,5.3
2024-05-08 17:49:20+02:00,18.7,18.7,17.5,9.9,57.0,23.9,87.0,278.7,2.0,0.0,0.0,0.0,0.0,10.0,36.1,92.2,6.3,17.6,291.0,1016.6,1016.6,2.7,5.3
2024-05-08 17:55:44+02:00,18.8,18.8,18.1,9.8,56.0,23.9,88.0,268.4,2.0,0.0,0.0,0.0,0.0,10.0,36.1,92.2,3.8,11.5,253.0,1016.6,1016.6,2.7,5.3
2024-05-08 18:00:00+02:00,18.7,18.7,17.6,9.9,57.0,23.9,88.0,154.4,1.0,0.0,0.0,0.0,0.0,10.0,36.1,92.2,5.8,10.1,290.0,1016.6,1016.6,2.7,5.3
2024-05-08 18:04:16+02:00,18.4,18.4,17.3,10.0,58.0,23.9,87.0,132.9,1.0,0.0,0.0,0.0,0.0,10.0,36.1,92.2,6.3,10.1,284.0,1016.6,1016.6,2.7,5.3
2024-05-08 18:10:40+02:00,18.0,18.0,16.1,9.6,58.0,23.9,87.0,142.8,1.0,0.0,0.0,0.0,0.0,10.0,36.1,92.2,9.4,16.2,277.0,1016.6,1016.6,2.7,5.3
2024-05-08 18:14:56+02:00,18.1,18.1,17.2,9.5,57.0,23.9,87.0,116.7,1.0,0.0,0.0,0.0,0.0,10.0,36.1,92.2,4.3,12.6,273.0,1016.5,1016.5,2.7,5.3
2024-05-08 18:19:12+02:00,17.9,17.9,17.4,9.5,58.0,23.9,87.0,129.1,1.0,0.0,0.0,0.0,0.0,10.0,36.1,92.2,2.4,16.6,292.0,1016.6,1016.6,2.7,5.3
2024-05-08 18:25:36+02:00,18.0,18.0,17.3,9.7,58.0,23.8,87.0,129.1,1.0,0.0,0.0,0.0,0.0,10.0,36.1,92.2,3.5,7.6,275.0,1016.6,1016.6,2.7,5.2
2024-05-08 18:29:52+02:00,17.9,17.9,16.0,9.8,59.0,23.8,87.0,175.7,1.0,0.0,0.0,0.0,0.0,10.0,36.1,92.2,9.7,18.7,291.0,1016.5,1016.5,2.7,5.2
2024-05-08 18:34:08+02:00,17.7,17.7,16.4,9.8,60.0,23.8,87.0,91.1,0.0,0.0,0.0,0.0,0.0,10.0,36.1,92.2,6.2,15.8,287.0,1016.5,1016.5,2.7,5.2
2024-05-08 18:40:32+02:00,17.5,17.5,16.1,9.6,60.0,23.8,87.0,87.0,0.0,0.0,0.0,0.0,0.0,10.0,36.1,92.2,7.1,14.0,277.0,1016.5,1016.5,2.7,5.2
2024-05-08 18:44:48+02:00,17.6,17.6,16.3,9.7,60.0,23.7,87.0,78.9,0.0,0.0,0.0,0.0,0.0,10.0,36.1,92.2,6.4,11.9,284.0,1016.4,1016.4,2.7,5.2
2024-05-08 18:49:04+02:00,17.3,17.3,15.9,9.7,61.0,23.7,87.0,69.5,0.0,0.0,0.0,0.0,0.0,10.0,36.1,92.2,6.9,15.8,293.0,1016.4,1016.4,2.7,5.2
2024-05-08 18:55:28+02:00,17.3,17.3,16.7,9.9,62.0,23.6,87.0,78.3,0.0,0.0,0.0,0.0,0.0,10.0,36.1,92.2,3.2,8.6,268.0,1016.5,1016.5,2.7,5.2
2024-05-08 18:59:44+02:00,17.5,17.5,16.5,9.9,61.0,23.6,87.0,76.6,0.0,0.0,0.0,0.0,0.0,10.0,36.1,92.2,5.2,9.7,287.0,1016.5,1016.5,2.7,5.2
2024-05-08 19:04:00+02:00,17.5,17.5,16.7,10.0,61.0,23.5,87.0,64.2,0.0,0.0,0.0,0.0,0.0,10.0,36.1,92.2,4.5,9.7,277.0,1016.5,1016.5,2.7,5.2
2024-05-08 19:10:24+02:00,17.5,17.5,16.4,9.8,61.0,23.5,87.0,59.8,0.0,0.0,0.0,0.0,0.0,10.0,36.1,92.2,5.4,10.4,282.0,1016.5,1016.5,2.7,5.2
2024-05-08 19:14:40+02:00,17.5,17.5,16.6,9.9,61.0,23.4,87.0,56.2,0.0,0.0,0.0,0.0,0.0,10.0,36.1,92.2,4.3,10.4,303.0,1016.5,1016.5,2.7,5.2
2024-05-08 19:18:56+02:00,17.4,17.4,15.8,9.7,61.0,23.4,87.0,53.9,0.0,0.0,0.0,0.0,0.0,10.0,36.1,92.2,8.2,10.4,296.0,1016.5,1016.5,2.7,5.2
2024-05-08 19:25:20+02:00,17.2,17.2,16.3,9.6,61.0,23.3,87.0,48.5,0.0,0.0,0.0,0.0,0.0,10.0,36.1,92.2,4.6,9.4,278.0,1016.6,1016.6,2.7,5.2
2024-05-08 19:29:36+02:00,17.3,17.3,16.3,9.6,61.0,23.3,87.0,47.0,0.0,0.0,0.0,0.0,0.0,10.0,36.1,92.2,4.7,15.1,299.0,1016.6,1016.6,2.7,5.2
2024-05-08 19:36:00+02:00,17.3,17.3,16.0,9.7,61.0,23.2,87.0,44.6,0.0,0.0,0.0,0.0,0.0,10.0,36.1,92.2,6.3,13.0,307.0,1016.7,1016.7,2.7,5.2
2024-05-08 19:40:16+02:00,17.2,17.2,16.0,9.7,61.0,23.2,87.0,43.2,0.0,0.0,0.0,0.0,0.0,10.0,36.1,92.2,6.0,15.8,264.0,1016.7,1016.7,2.7,5.2
2024-05-08 19:44:32+02:00,17.1,17.1,15.9,9.8,62.0,23.1,87.0,40.8,0.0,0.0,0.0,0.0,0.0,10.0,36.1,92.2,6.0,14.8,306.0,1016.7,1016.7,2.7,5.2
2024-05-08 19:50:56+02:00,17.0,17.0,16.1,10.1,63.0,23.1,87.0,39.3,0.0,0.0,0.0,0.0,0.0,10.0,36.1,92.2,5.0,15.1,292.0,1016.7,1016.7,2.7,5.2
2024-05-08 19:55:12+02:00,16.8,16.8,15.9,9.7,63.0,23.0,87.0,35.4,0.0,0.0,0.0,0.0,0.0,10.0,36.1,92.2,4.9,10.1,270.0,1016.8,1016.8,2.7,5.2
2024-05-08 19:59:28+02:00,16.8,16.8,15.8,9.7,63.0,22.9,87.0,33.4,0.0,0.0,0.0,0.0,0.0,10.0,36.1,92.2,5.2,9.0,274.0,1016.8,1016.8,2.7,5.2
2024-05-08 20:05:52+02:00,16.7,16.7,15.5,9.8,64.0,22.9,87.0,31.4,0.0,0.0,0.0,0.0,0.0,10.0,36.1,92.2,5.9,11.9,284.0,1016.8,1016.8,2.7,5.2
2024-05-08 20:10:08+02:00,16.7,16.7,15.6,9.8,64.0,22.8,87.0,27.2,0.0,0.0,0.0,0.0,0.0,10.0,36.1,92.2,5.1,8.3,274.0,1016.8,1016.8,2.7,5.2
2024-05-08 20:14:24+02:00,16.5,16.5,15.2,9.7,64.0,22.8,87.0,23.4,0.0,0.0,0.0,0.0,0.0,10.0,36.1,92.2,6.6,10.4,269.0,1016.8,1016.8,2.7,5.2
2024-05-08 20:20:48+02:00,16.4,16.4,15.5,9.8,65.0,22.7,87.0,20.6,0.0,0.0,0.0,0.0,0.0,10.0,36.1,92.2,4.6,9.4,286.0,1017.0,1017.0,2.7,5.2
2024-05-08 20:25:04+02:00,16.3,16.3,15.7,9.8,65.0,22.6,87.0,17.9,0.0,0.0,0.0,0.0,0.0,10.0,36.1,92.2,3.2,8.3,280.0,1016.9,1016.9,2.7,5.2
2024-05-08 20:29:20+02:00,16.2,16.2,15.1,9.9,66.0,22.6,86.0,15.2,0.0,0.0,0.0,0.0,0.0,10.0,36.1,92.2,5.9,9.7,283.0,1016.9,1016.9,2.7,5.2
2024-05-08 20:35:44+02:00,16.1,16.1,15.0,9.7,66.0,22.5,86.0,13.2,0.0,0.0,0.0,0.0,0.0,10.0,36.1,92.2,5.5,9.7,277.0,1017.1,1017.1,2.7,5.2
2024-05-08 20:40:00+02:00,16.0,16.0,15.2,9.9,67.0,22.4,86.0,10.7,0.0,0.0,0.0,0.0,0.0,10.0,36.1,92.2,4.4,7.9,284.0,1017.0,1017.0,2.7,5.2
2024-05-08 20:44:16+02:00,15.8,15.8,15.0,9.8,68.0,22.3,86.0,8.4,0.0,0.0,0.0,0.0,0.0,10.0,36.1,92.2,3.9,6.8,273.0,1017.1,1017.1,2.7,5.2
2024-05-08 20:50:40+02:00,15.7,15.7,15.2,9.9,68.0,22.3,86.0,6.5,0.0,0.0,0.0,0.0,0.0,10.0,36.1,92.2,3.0,9.0,291.0,1017.2,1017.2,2.7,5.2
2024-05-08 20:54:56+02:00,15.4,15.4,14.9,9.9,70.0,22.2,86.0,4.9,0.0,0.0,0.0,0.0,0.0,10.0,36.1,92.2,2.9,4.0,294.0,1017.2,1017.2,2.7,5.2
2024-05-08 20:59:12+02:00,15.4,15.4,14.9,9.9,70.0,22.1,86.0,3.5,0.0,0.0,0.0,0.0,0.0,10.0,36.1,92.2,2.7,6.1,315.0,1017.3,1017.3,2.7,5.2
2024-05-08 21:05:36+02:00,15.3,15.3,14.6,9.9,70.0,22.1,86.0,2.4,0.0,0.0,0.0,0.0,0.0,10.0,36.1,92.2,3.4,6.1,277.0,1017.4,1017.4,2.7,5.2
2024-05-08 21:09:52+02:00,15.1,15.1,14.5,9.9,71.0,22.0,86.0,1.5,0.0,0.0,0.0,0.0,0.0,10.0,36.1,92.2,3.2,7.9,283.0,1017.4,1017.4,2.7,5.2
2024-05-08 21:14:08+02:00,15.1,15.1,14.5,9.8,71.0,21.9,86.0,0.9,0.0,0.0,0.0,0.0,0.0,10.0,36.1,92.2,3.3,7.9,307.0,1017.5,1017.5,2.7,5.2
2024-05-08 21:20:32+02:00,15.0,15.0,14.5,9.8,71.0,21.8,86.0,0.5,0.0,0.0,0.0,0.0,0.0,10.0,36.1,92.2,2.4,5.8,307.0,1017.6,1017.6,2.7,5.2
2024-05-08 21:24:48+02:00,14.9,14.9,14.6,9.8,71.0,21.7,86.0,0.2,0.0,0.0,0.0,0.0,0.0,10.0,36.1,92.2,1.7,4.7,322.0,1017.5,1017.5,2.7,5.2
2024-05-08 21:29:04+02:00,14.7,14.7,14.4,9.7,72.0,21.7,86.0,0.1,0.0,0.0,0.0,0.0,0.0,10.0,36.1,92.2,1.2,4.3,321.0,1017.7,1017.7,2.7,5.2
2024-05-08 21:35:28+02:00,14.6,14.6,14.4,9.8,73.0,21.6,86.0,0.0,0.0,0.0,0.0,0.0,0.0,10.0,36.1,92.2,1.0,4.3,342.0,1017.7,1017.7,2.7,5.2
2024-05-08 21:39:44+02:00,14.3,14.3,14.3,9.9,75.0,21.5,86.0,0.0,0.0,0.0,0.0,0.0,0.0,10.0,36.1,92.2,0.0,2.5,103.0,1017.7,1017.7,2.7,5.2
2024-05-08 21:44:00+02:00,14.0,14.0,14.0,9.8,76.0,21.4,86.0,0.0,0.0,0.0,0.0,0.0,0.0,10.0,36.1,92.2,0.4,3.2,355.0,1017.6,1017.6,2.7,5.1
2024-05-08 21:50:24+02:00,13.9,13.9,13.9,10.0,77.0,21.3,86.0,0.0,0.0,0.0,0.0,0.0,0.0,10.0,36.1,92.2,0.0,2.2,27.0,1017.8,1017.8,2.7,5.1
2024-05-08 21:54:40+02:00,13.7,13.7,13.5,9.8,77.0,21.3,86.0,0.0,0.0,0.0,0.0,0.0,0.0,10.0,36.1,92.2,0.9,3.6,304.0,1017.8,1017.8,2.7,5.1
2024-05-08 22:01:04+02:00,13.5,13.5,13.4,9.8,79.0,21.2,85.0,0.0,0.0,0.0,0.0,0.0,0.0,10.0,36.1,92.2,0.4,2.5,109.0,1017.9,1017.9,2.7,5.1
2024-05-08 22:05:20+02:00,13.0,13.0,12.5,9.8,81.0,21.2,85.0,0.0,0.0,0.0,0.0,0.0,0.0,10.0,36.1,92.2,2.2,3.6,104.0,1017.9,1017.9,2.7,5.1
2024-05-08 22:09:36+02:00,12.8,12.8,12.3,9.8,82.0,21.0,85.0,0.0,0.0,0.0,0.0,0.0,0.0,10.0,36.1,92.2,2.1,3.6,104.0,1017.9,1017.9,2.7,5.1
2024-05-08 22:16:00+02:00,12.6,12.6,12.3,9.8,83.0,21.0,85.0,0.0,0.0,0.0,0.0,0.0,0.0,10.0,36.1,92.2,1.3,2.5,108.0,1018.0,1018.0,2.7,5.1
2024-05-08 22:20:16+02:00,12.4,12.4,11.8,9.7,84.0,20.8,85.0,0.0,0.0,0.0,0.0,0.0,0.0,10.0,36.1,92.2,2.6,3.2,110.0,1018.0,1018.0,2.7,5.1
2024-05-08 22:24:32+02:00,12.2,12.2,11.7,9.6,84.0,20.7,85.0,0.0,0.0,0.0,0.0,0.0,0.0,10.0,36.1,92.2,2.4,3.6,112.0,1018.0,1018.0,2.7,5.1
2024-05-08 22:30:56+02:00,12.2,12.2,11.6,9.7,85.0,20.6,85.0,0.0,0.0,0.0,0.0,0.0,0.0,10.0,36.1,92.2,2.6,3.2,108.0,1018.0,1018.0,2.7,5.1
2024-05-08 22:35:12+02:00,12.0,12.0,11.4,9.6,85.0,20.6,85.0,0.0,0.0,0.0,0.0,0.0,0.0,10.0,36.1,92.2,2.4,3.2,105.0,1018.1,1018.1,2.7,5.1
2024-05-08 22:39:28+02:00,11.8,11.8,11.3,9.6,86.0,20.5,85.0,0.0,0.0,0.0,0.0,0.0,0.0,10.0,36.1,92.2,2.4,3.6,108.0,1018.0,1018.0,2.7,5.1
2024-05-08 22:45:52+02:00,11.7,11.7,11.2,9.6,87.0,20.3,85.0,0.0,0.0,0.0,0.0,0.0,0.0,10.0,36.1,92.2,2.3,3.6,109.0,1018.0,1018.0,2.7,5.1
2024-05-08 22:50:08+02:00,11.6,11.6,11.0,9.5,87.0,20.2,85.0,0.0,0.0,0.0,0.0,0.0,0.0,10.0,36.1,92.2,2.5,3.6,106.0,1018.0,1018.0,2.7,5.1
2024-05-08 22:54:24+02:00,11.6,11.6,11.0,9.6,88.0,20.2,85.0,0.0,0.0,0.0,0.0,0.0,0.0,10.0,36.1,92.2,2.7,3.6,116.0,1018.1,1018.1,2.7,5.1
2024-05-08 23:00:48+02:00,11.5,11.5,10.9,9.7,88.0,20.1,85.0,0.0,0.0,0.0,0.0,0.0,0.0,10.0,36.1,92.2,2.8,4.3,113.0,1018.2,1018.2,2.7,5.1
2024-05-08 23:05:04+02:00,11.3,11.3,10.8,9.5,88.0,20.0,85.0,0.0,0.0,0.0,0.0,0.0,0.0,10.0,36.1,92.2,2.2,4.3,112.0,1018.1,1018.1,2.7,5.1
2024-05-08 23:09:20+02:00,11.3,11.3,10.6,9.4,88.0,19.8,85.0,0.0,0.0,0.0,0.0,0.0,0.0,10.0,36.1,92.2,3.3,4.3,115.0,1018.2,1018.2,2.7,5.1
2024-05-08 23:15:44+02:00,11.2,11.2,10.5,9.5,89.0,19.8,85.0,0.0,0.0,0.0,0.0,0.0,0.0,10.0,36.1,92.2,3.3,4.3,114.0,1018.1,1018.1,2.7,5.1
2024-05-08 23:20:00+02:00,11.1,11.1,10.4,9.5,90.0,19.7,85.0,0.0,0.0,0.0,0.0,0.0,0.0,10.0,36.1,92.2,3.0,4.3,119.0,1018.1,1018.1,2.7,5.1
2024-05-08 23:24:16+02:00,11.0,11.0,10.3,9.5,90.0,19.6,85.0,0.0,0.0,0.0,0.0,0.0,0.0,10.0,36.1,92.2,3.0,4.0,115.0,1018.1,1018.1,2.7,5.1
2024-05-08 23:30:40+02:00,10.9,10.9,10.3,9.5,91.0,19.5,85.0,0.0,0.0,0.0,0.0,0.0,0.0,10.0,36.1,92.2,2.7,4.0,110.0,1018.1,1018.1,2.7,5.1
2024-05-08 23:34:56+02:00,10.9,10.9,10.3,9.6,92.0,19.4,85.0,0.0,0.0,0.0,0.0,0.0,0.0,10.0,36.1,92.2,2.8,4.0,110.0,1018.2,1018.2,2.7,5.0
2024-05-08 23:39:12+02:00,10.8,10.8,10.3,9.5,92.0,19.3,85.0,0.0,0.0,0.0,0.0,0.0,0.0,10.0,36.1,92.2,1.7,3.2,105.0,1018.1,1018.1,2.7,5.0
2024-05-08 23:45:36+02:00,10.6,10.6,10.1,9.4,92.0,19.3,85.0,0.0,0.0,0.0,0.0,0.0,0.0,10.0,36.1,92.2,1.7,2.9,108.0,1018.1,1018.1,2.7,5.0
2024-05-08 23:49:52+02:00,10.4,10.4,10.1,9.2,92.0,19.2,85.0,0.0,0.0,0.0,0.0,0.0,0.0,10.0,36.1,92.2,0.7,2.5,103.0,1018.1,1018.1,2.7,5.0
2024-05-08 23:54:08+02:00,10.2,10.2,9.8,9.0,92.0,19.1,85.0,0.0,0.0,0.0,0.0,0.0,0.0,10.0,36.1,92.2,1.1,2.5,95.0,1018.2,1018.2,2.7,5.0
2024-05-09 00:00:00+02:00,10.1,10.1,9.6,9.0,93.0,19.0,85.0,0.0,0.0,0.0,0.0,0.0,0.0,10.0,36.1,92.2,1.4,3.2,111.0,1018.2,1018.2,2.7,5.0
2024-05-09 00:05:00+02:00,10.2,10.2,9.5,9.2,94.0,18.9,85.0,0.0,0.0,0.0,0.0,0.0,0.0,10.0,36.1,92.2,2.2,3.6,113.0,1018.2,1018.2,2.7,5.0
2024-05-09 00:10:00+02:00,10.1,10.1,9.4,9.1,94.0,18.8,85.0,0.0,0.0,0.0,0.0,0.0,0.0,10.0,36.1,92.2,2.4,3.6,110.0,1018.3,1018.3,2.7,5.0
2024-05-09 00:15:00+02:00,10.0,10.0,9.2,9.1,94.0,18.7,85.0,0.0,0.0,0.0,0.0,0.0,0.0,10.0,36.1,92.2,3.1,4.0,111.0,1018.3,1018.3,2.7,5.0
2024-05-09 00:20:00+02:00,10.0,10.0,9.2,9.1,94.0,18.7,85.0,0.0,0.0,0.0,0.0,0.0,0.0,10.0,36.1,92.2,3.2,4.3,108.0,1018.3,1018.3,2.7,5.0
2024-05-09 00:25:00+02:00,10.0,10.0,9.3,9.2,95.0,18.6,85.0,0.0,0.0,0.0,0.0,0.0,0.0,10.0,36.1,92.2,2.8,3.6,106.0,1018.3,1018.3,2.7,5.0
2024-05-09 00:30:00+02:00,10.0,10.0,9.2,9.2,95.0,18.5,85.0,0.0,0.0,0.0,0.0,0.0,0.0,10.0,36.1,92.2,3.1,4.0,112.0,1018.3,1018.3,2.7,5.0
2024-05-09 00:35:00+02:00,9.9,9.9,9.1,9.1,95.0,18.4,85.0,0.0,0.0,0.0,0.0,0.0,0.0,10.0,36.1,92.2,3.1,4.0,111.0,1018.3,1018.3,2.7,5.0
2024-05-09 00:40:00+02:00,9.8,9.8,9.1,9.1,95.0,18.3,85.0,0.0,0.0,0.0,0.0,0.0,0.0,10.0,36.1,92.2,2.9,3.6,109.0,1018.2,1018.2,2.7,5.0
2024-05-09 00:45:00+02:00,9.8,9.8,9.3,9.0,95.0,18.2,85.0,0.0,0.0,0.0,0.0,0.0,0.0,10.0,36.1,92.2,1.5,3.2,103.0,1018.3,1018.3,2.7,5.0
2024-05-09 00:50:00+02:00,9.8,9.8,9.6,9.1,96.0,18.2,85.0,0.0,0.0,0.0,0.0,0.0,0.0,10.0,36.1,92.2,0.0,2.2,87.0,1018.4,1018.4,2.7,5.0
2024-05-09 00:55:00+02:00,9.8,9.8,9.6,9.2,96.0,18.1,85.0,0.0,0.0,0.0,0.0,0.0,0.0,10.0,36.1,92.2,0.0,2.2,307.0,1018.4,1018.4,2.7,5.0
2024-05-09 01:00:00+02:00,9.7,9.7,9.5,9.1,96.0,18.0,85.0,0.0,0.0,0.0,0.0,0.0,0.0,10.0,36.1,92.2,0.4,2.2,106.0,1018.3,1018.3,2.7,5.0
2024-05-09 01:05:00+02:00,9.5,9.5,8.8,8.9,96.0,17.9,85.0,0.0,0.0,0.0,0.0,0.0,0.0,10.0,36.1,92.2,2.7,3.2,105.0,1018.3,1018.3,2.7,5.0
2024-05-09 01:10:00+02:00,9.5,9.5,8.9,8.9,96.0,17.9,85.0,0.0,0.0,0.0,0.0,0.0,0.0,10.0,36.1,92.2,1.6,3.2,99.0,1018.4,1018.4,2.7,5.0
2024-05-09 01:15:00+02:00,9.4,9.4,9.1,8.8,96.0,17.8,85.0,0.0,0.0,0.0,0.0,0.0,0.0,10.0,36.1,92.2,0.4,2.9,93.0,1018.3,1018.3,2.7,5.0
2024-05-09 01:20:00+02:00,9.2,9.2,8.8,8.6,96.0,17.7,85.0,0.0,0.0,0.0,0.0,0.0,0.0,10.0,36.1,92.2,0.0,2.2,104.0,1018.4,1018.4,2.7,5.0
2024-05-09 01:25:00+02:00,9.1,9.1,8.4,8.5,96.0,17.7,85.0,0.0,0.0,0.0,0.0,0.0,0.0,10.0,36.1,92.2,1.8,2.9,108.0,1018.2,1018.2,2.7,4.9
2024-05-09 01:30:00+02:00,9.3,9.3,8.5,8.8,97.0,17.6,85.0,0.0,0.0,0.0,0.0,0.0,0.0,10.0,36.1,92.2,2.7,3.2,104.0,1018.2,1018.2,2.7,4.9
2024-05-09 01:35:00+02:00,9.3,9.3,8.4,8.8,97.0,17.5,85.0,0.0,0.0,0.0,0.0,0.0,0.0,10.0,36.1,92.2,3.1,4.0,111.0,1018.3,1018.3,2.7,4.9
2024-05-09 01:40:00+02:00,9.3,9.3,8.5,8.8,97.0,17.4,85.0,0.0,0.0,0.0,0.0,0.0,0.0,10.0,36.1,92.2,2.6,4.0,111.0,1018.3,1018.3,2.7,4.9
2024-05-09 01:45:00+02:00,9.2,9.2,8.5,8.8,97.0,17.3,85.0,0.0,0.0,0.0,0.0,0.0,0.0,10.0,36.1,92.2,2.4,3.2,110.0,1018.3,1018.3,2.7,4.9
2024-05-09 01:50:00+02:00,9.2,9.2,8.9,8.7,97.0,17.3,85.0,0.0,0.0,0.0,0.0,0.0,0.0,10.0,36.1,92.2,0.0,2.5,103.0,1018.3,1018.3,2.7,4.9
2024-05-09 01:55:00+02:00,9.2,9.2,8.9,8.8,97.0,17.2,85.0,0.0,0.0,0.0,0.0,0.0,0.0,10.0,36.1,92.2,0.0,2.2,105.0,1018.3,1018.3,2.7,4.9
2024-05-09 02:00:00+02:00,8.9,8.9,8.3,8.5,97.0,17.1,85.0,0.0,0.0,0.0,0.0,0.0,0.0,10.0,36.1,92.2,1.6,3.2,101.0,1018.3,1018.3,2.7,4.9
2024-05-09 02:05:00+02:00,8.9,8.9,8.1,8.4,97.0,17.1,85.0,0.0,0.0,0.0,0.0,0.0,0.0,10.0,36.1,92.2,2.3,2.9,110.0,1018.3,1018.3,2.7,4.9
2024-05-09 02:10:00+02:00,8.8,8.8,8.4,8.3,97.0,17.0,85.0,0.0,0.0,0.0,0.0,0.0,0.0,10.0,36.1,92.2,0.0,2.5,105.0,1018.3,1018.3,2.7,4.9
2024-05-09 02:15:00+02:00,8.6,8.6,7.7,8.1,97.0,17.0,85.0,0.0,0.0,0.0,0.0,0.0,0.0,10.0,36.1,92.2,2.1,2.5,109.0,1018.3,1018.3,2.7,4.9
2024-05-09 02:20:00+02:00,8.6,8.6,7.9,8.1,97.0,16.9,85.0,0.0,0.0,0.0,0.0,0.0,0.0,10.0,36.1,92.2,1.3,2.5,104.0,1018.3,1018.3,2.7,4.9
2024-05-09 02:25:00+02:00,8.4,8.4,7.7,7.9,97.0,16.8,85.0,0.0,0.0,0.0,0.0,0.0,0.0,10.0,36.1,92.2,1.4,2.5,100.0,1018.3,1018.3,2.7,4.9
2024-05-09 02:30:00+02:00,8.7,8.7,7.8,8.4,98.0,16.7,85.0,0.0,0.0,0.0,0.0,0.0,0.0,10.0,36.1,92.2,2.3,3.2,104.0,1018.4,1018.4,2.7,4.9
2024-05-09 02:35:00+02:00,8.6,8.6,7.9,8.3,98.0,16.7,85.0,0.0,0.0,0.0,0.0,0.0,0.0,10.0,36.1,92.2,1.7,2.5,101.0,1018.3,1018.3,2.7,4.9
2024-05-09 02:40:00+02:00,8.6,8.6,8.0,8.3,98.0,16.6,85.0,0.0,0.0,0.0,0.0,0.0,0.0,10.0,36.1,92.2,0.9,2.5,115.0,1018.3,1018.3,2.7,4.9
2024-05-09 02:45:00+02:00,8.5,8.5,7.9,8.2,98.0,16.6,85.0,0.0,0.0,0.0,0.0,0.0,0.0,10.0,36.1,92.2,0.8,2.5,102.0,1018.4,1018.4,2.7,4.9
2024-05-09 02:50:00+02:00,8.6,8.6,8.2,8.3,98.0,16.5,85.0,0.0,0.0,0.0,0.0,0.0,0.0,10.0,36.1,92.2,0.0,1.8,56.0,1018.3,1018.3,2.7,4.9
2024-05-09 02:55:00+02:00,8.5,8.5,8.1,8.3,98.0,16.5,85.0,0.0,0.0,0.0,0.0,0.0,0.0,10.0,36.1,92.2,0.0,2.2,83.0,1018.2,1018.2,2.7,4.9
2024-05-09 03:00:00+02:00,8.5,8.5,7.7,8.2,98.0,16.4,85.0,0.0,0.0,0.0,0.0,0.0,0.0,10.0,36.1,92.2,1.9,3.2,97.0,1018.3,1018.3,2.7,4.9
2024-05-09 03:05:00+02:00,8.4,8.4,7.9,8.1,98.0,16.3,85.0,0.0,0.0,0.0,0.0,0.0,0.0,10.0,36.1,92.2,0.4,2.9,108.0,1018.3,1018.3,2.7,4.9
2024-05-09 03:10:00+02:00,8.2,8.2,7.7,7.9,98.0,16.3,85.0,0.0,0.0,0.0,0.0,0.0,0.0,10.0,36.1,92.2,0.0,2.2,98.0,1018.3,1018.3,2.7,4.9
2024-05-09 03:15:00+02:00,8.0,8.0,7.3,7.7,98.0,16.2,85.0,0.0,0.0,0.0,0.0,0.0,0.0,10.0,36.1,92.2,0.8,2.2,114.0,1018.2,1018.2,2.7,4.8
2024-05-09 03:20:00+02:00,7.9,7.9,7.2,7.6,98.0,16.2,85.0,0.0,0.0,0.0,0.0,0.0,0.0,10.0,36.1,92.2,0.7,2.2,110.0,1018.2,1018.2,2.7,4.8
2024-05-09 03:25:00+02:00,8.0,8.0,7.4,7.7,98.0,16.1,85.0,0.0,0.0,0.0,0.0,0.0,0.0,10.0,36.1,92.2,0.7,2.5,102.0,1018.2,1018.2,2.7,4.8
2024-05-09 03:30:00+02:00,8.0,8.0,7.1,7.7,98.0,16.0,85.0,0.0,0.0,0.0,0.0,0.0,0.0,10.0,36.1,92.2,1.7,2.5,104.0,1018.2,1018.2,2.7,4.8
2024-05-09 03:35:00+02:00,8.0,8.0,7.4,7.8,98.0,16.0,85.0,0.0,0.0,0.0,0.0,0.0,0.0,10.0,36.1,92.2,0.4,2.5,103.0,1018.2,1018.2,2.7,4.8
2024-05-09 03:40:00+02:00,8.0,8.0,7.4,7.8,98.0,15.9,85.0,0.0,0.0,0.0,0.0,0.0,0.0,10.0,36.1,92.2,0.5,2.2,88.0,1018.2,1018.2,2.7,4.8
2024-05-09 03:45:00+02:00,7.8,7.8,6.9,7.5,98.0,15.9,85.0,0.0,0.0,0.0,0.0,0.0,0.0,10.0,36.1,92.2,1.9,2.5,108.0,1018.2,1018.2,2.7,4.8
2024-05-09 03:50:00+02:00,7.7,7.7,7.1,7.5,98.0,15.8,85.0,0.0,0.0,0.0,0.0,0.0,0.0,10.0,36.1,92.2,0.4,2.5,109.0,1018.3,1018.3,2.7,4.8
2024-05-09 03:55:00+02:00,7.7,7.7,6.9,7.4,98.0,15.8,85.0,0.0,0.0,0.0,0.0,0.0,0.0,10.0,36.1,92.2,0.7,2.5,112.0,1018.1,1018.1,2.7,4.8
2024-05-09 04:00:00+02:00,7.9,7.9,7.3,7.6,98.0,15.7,85.0,0.0,0.0,0.0,0.0,0.0,0.0,10.0,36.1,92.2,0.0,1.8,77.0,1018.3,1018.3,2.7,4.8
2024-05-09 04:05:00+02:00,8.2,8.2,7.7,7.9,98.0,15.7,85.0,0.0,0.0,0.0,0.0,0.0,0.0,10.0,36.1,92.2,0.0,0.0,66.0,1018.2,1018.2,2.7,4.8
2024-05-09 04:10:00+02:00,8.2,8.2,7.7,7.9,98.0,15.6,85.0,0.0,0.0,0.0,0.0,0.0,0.0,10.0,36.1,92.2,0.0,1.8,56.0,1018.1,1018.1,2.7,4.8
2024-05-09 04:15:00+02:00,8.0,8.0,7.1,7.7,98.0,15.6,85.0,0.0,0.0,0.0,0.0,0.0,0.0,10.0,36.1,92.2,1.7,2.9,114.0,1018.1,1018.1,2.7,4.8
2024-05-09 04:20:00+02:00,8.0,8.0,7.1,7.7,98.0,15.5,85.0,0.0,0.0,0.0,0.0,0.0,0.0,10.0,36.1,92.2,2.0,2.9,111.0,1018.1,1018.1,2.7,4.8
2024-05-09 04:25:00+02:00,7.8,7.8,7.1,7.5,98.0,15.5,85.0,0.0,0.0,0.0,0.0,0.0,0.0,10.0,36.1,92.2,0.7,2.9,90.0,1018.1,1018.1,2.7,4.8
2024-05-09 04:30:00+02:00,7.6,7.6,6.9,7.3,98.0,15.4,85.0,0.0,0.0,0.0,0.0,0.0,0.0,10.0,36.1,92.2,0.0,2.2,105.0,1018.1,1018.1,2.7,4.8
2024-05-09 04:35:00+02:00,8.0,8.0,7.5,7.8,98.0,15.3,85.0,0.0,0.0,0.0,0.0,0.0,0.0,10.0,36.1,92.2,0.0,0.0,314.0,1018.1,1018.1,2.7,4.8
2024-05-09 04:40:00+02:00,8.0,8.0,7.4,7.7,98.0,15.3,85.0,0.0,0.0,0.0,0.0,0.0,0.0,10.0,36.1,92.2,0.0,1.8,33.0,1018.2,1018.2,2.7,4.8
2024-05-09 04:45:00+02:00,7.8,7.8,7.2,7.5,98.0,15.3,85.0,0.0,0.0,0.0,0.0,0.0,0.0,10.0,36.1,92.2,0.0,1.8,71.0,1018.1,1018.1,2.7,4.8
2024-05-09 04:50:00+02:00,7.7,7.7,7.0,7.4,98.0,15.2,85.0,0.0,0.0,0.0,0.0,0.0,0.0,10.0,36.1,92.2,0.8,2.5,98.0,1018.2,1018.2,2.7,4.8
2024-05-09 04:55:00+02:00,7.7,7.7,6.6,7.5,99.0,15.2,85.0,0.0,0.0,0.0,0.0,0.0,0.0,10.0,36.1,92.2,2.4,3.6,109.0,1018.2,1018.2,2.7,4.7
2024-05-09 05:00:00+02:00,7.7,7.7,6.7,7.6,99.0,15.1,85.0,0.0,0.0,0.0,0.0,0.0,0.0,10.0,36.1,92.2,2.4,3.2,117.0,1018.2,1018.2,2.7,4.7
2024-05-09 05:05:00+02:00,7.6,7.6,7.0,7.5,99.0,15.1,85.0,0.0,0.0,0.0,0.0,0.0,0.0,10.0,36.1,92.2,0.4,2.9,111.0,1018.1,1018.1,2.7,4.7
2024-05-09 05:10:00+02:00,7.6,7.6,7.0,7.5,99.0,15.0,85.0,0.0,0.0,0.0,0.0,0.0,0.0,10.0,36.1,92.2,0.0,0.0,129.0,1018.1,1018.1,2.7,4.7
2024-05-09 05:15:00+02:00,7.8,7.8,7.2,7.6,99.0,15.0,85.0,0.0,0.0,0.0,0.0,0.0,0.0,10.0,36.1,92.2,0.0,1.8,129.0,1018.2,1018.2,2.7,4.7
2024-05-09 05:20:00+02:00,7.7,7.7,7.0,7.5,99.0,14.9,85.0,0.1,0.0,0.0,0.0,0.0,0.0,10.0,36.1,92.2,0.4,2.2,114.0,1018.2,1018.2,2.7,4.7
2024-05-09 05:25:00+02:00,7.4,7.4,6.7,7.2,99.0,14.9,85.0,0.2,0.0,0.0,0.0,0.0,0.0,10.0,36.1,92.2,0.4,2.2,118.0,1018.0,1018.0,2.7,4.7
2024-05-09 05:30:00+02:00,7.2,7.2,6.4,7.1,99.0,14.8,85.0,0.6,0.0,0.0,0.0,0.0,0.0,10.0,36.1,92.2,0.7,2.5,103.0,1018.1,1018.1,2.7,4.7
2024-05-09 05:35:00+02:00,7.2,7.2,6.4,7.1,99.0,14.8,85.0,0.9,0.0,0.0,0.0,0.0,0.0,10.0,36.1,92.2,0.9,2.9,103.0,1018.1,1018.1,2.7,4.7
2024-05-09 05:40:00+02:00,7.3,7.3,6.7,7.2,99.0,14.7,85.0,1.5,0.0,0.0,0.0,0.0,0.0,10.0,36.1,92.2,0.0,1.8,77.0,1018.1,1018.1,2.7,4.7
2024-05-09 05:45:00+02:00,7.5,7.5,6.9,7.3,99.0,14.7,85.0,2.5,0.0,0.0,0.0,0.0,0.0,10.0,36.1,92.2,0.0,0.0,116.0,1018.1,1018.1,2.7,4.7
2024-05-09 05:50:00+02:00,7.6,7.6,7.0,7.4,99.0,14.7,85.0,3.5,0.0,0.0,0.0,0.0,0.0,10.0,36.1,92.2,0.0,0.0,116.0,1018.0,1018.0,2.7,4.7
2024-05-09 05:55:00+02:00,7.7,7.7,7.1,7.5,99.0,14.6,85.0,5.0,0.0,0.0,0.0,0.0,0.0,10.0,36.1,92.2,0.0,0.0,116.0,1018.1,1018.1,2.7,4.7
2024-05-09 06:00:00+02:00,7.5,7.5,6.8,7.3,99.0,14.6,85.0,6.7,0.0,0.0,0.0,0.0,0.0,10.0,36.1,92.2,0.4,2.2,107.0,1018.0,1018.0,2.7,4.7
2024-05-09 06:05:00+02:00,7.2,7.2,6.2,7.1,99.0,14.5,85.0,8.6,0.0,0.0,0.0,0.0,0.0,10.0,36.1,92.2,2.0,2.5,102.0,1018.1,1018.1,2.7,4.7
2024-05-09 06:10:00+02:00,7.4,7.4,6.3,7.2,99.0,14.5,85.0,10.7,0.0,0.0,0.0,0.0,0.0,10.0,36.1,92.2,2.3,3.2,107.0,1018.0,1018.0,2.7,4.7
2024-05-09 06:15:00+02:00,7.4,7.4,6.7,7.2,99.0,14.5,85.0,12.8,0.0,0.0,0.0,0.0,0.0,10.0,36.1,92.2,0.0,2.5,34.0,1018.1,1018.1,2.7,4.7
2024-05-09 06:20:00+02:00,7.5,7.5,6.8,7.3,99.0,14.4,85.0,14.3,0.0,0.0,0.0,0.0,0.0,10.0,36.1,92.2,0.4,1.8,121.0,1018.0,1018.0,2.7,4.7
2024-05-09 06:25:00+02:00,7.4,7.4,6.7,7.2,99.0,14.4,85.0,17.1,0.0,0.0,0.0,0.0,0.0,10.0,36.1,92.2,0.4,2.2,87.0,1018.2,1018.2,2.7,4.7
2024-05-09 06:30:00+02:00,7.4,7.4,6.8,7.2,99.0,14.4,85.0,19.4,0.0,0.0,0.0,0.0,0.0,10.0,36.1,92.2,0.0,0.0,83.0,1018.0,1018.0,2.7,4.7
2024-05-09 06:35:00+02:00,7.5,7.5,6.9,7.3,99.0,14.3,85.0,22.4,0.0,0.0,0.0,0.0,0.0,10.0,36.1,92.2,0.0,1.8,62.0,1018.2,1018.2,2.7,4.7
2024-05-09 06:40:00+02:00,7.7,7.7,7.1,7.5,99.0,14.3,85.0,25.6,0.0,0.0,0.0,0.0,0.0,10.0,36.1,92.2,0.0,1.8,54.0,1018.1,1018.1,2.7,4.7
2024-05-09 06:45:00+02:00,7.6,7.6,6.9,7.4,99.0,14.3,85.0,28.6,0.0,0.0,0.0,0.0,0.0,10.0,36.1,92.2,0.7,2.5,110.0,1018.1,1018.1,2.7,4.7
2024-05-09 06:50:00+02:00,7.6,7.6,6.6,7.4,99.0,14.3,85.0,31.6,0.0,0.0,0.0,0.0,0.0,10.0,36.1,92.2,2.2,2.9,105.0,1018.2,1018.2,2.7,4.7
2024-05-09 06:55:00+02:00,7.8,7.8,6.8,7.7,99.0,14.3,85.0,34.4,0.0,0.0,0.0,0.0,0.0,10.0,36.1,92.2,2.5,3.2,107.0,1018.1,1018.1,2.7,4.7
2024-05-09 07:00:00+02:00,8.0,8.0,7.1,7.8,99.0,14.3,85.0,37.5,0.0,0.0,0.0,0.0,0.0,10.0,36.1,92.2,1.7,2.9,99.0,1018.1,1018.1,2.7,4.7
2024-05-09 07:05:00+02:00,8.1,8.1,7.5,7.9,99.0,14.3,85.0,40.8,0.0,0.0,0.0,0.0,0.0,10.0,36.1,92.2,0.7,2.5,103.0,1018.2,1018.2,2.7,4.7
2024-05-09 07:10:00+02:00,8.3,8.3,7.8,8.1,99.0,14.3,85.0,43.8,0.0,0.0,0.0,0.0,0.0,10.0,36.1,92.2,0.0,0.0,76.0,1018.1,1018.1,2.7,4.7
2024-05-09 07:15:00+02:00,8.7,8.7,8.3,8.5,99.0,14.3,85.0,46.6,0.0,0.0,0.0,0.0,0.0,10.0,36.1,92.2,0.0,0.0,38.0,1018.1,1018.1,2.7,4.7
2024-05-09 07:20:00+02:00,8.9,8.9,8.6,8.7,99.0,14.3,85.0,49.4,0.0,0.0,0.0,0.0,0.0,10.0,36.1,92.2,0.0,0.0,340.0,1018.2,1018.2,2.7,4.7
2024-05-09 07:25:00+02:00,9.1,9.1,8.8,8.9,99.0,14.3,85.0,52.2,0.0,0.0,0.0,0.0,0.0,10.0,36.1,92.2,0.0,0.0,238.0,1018.2,1018.2,2.7,4.7
2024-05-09 07:30:00+02:00,9.3,9.3,9.1,9.1,99.0,14.3,85.0,54.8,0.0,0.0,0.0,0.0,0.0,10.0,36.1,92.2,0.0,1.8,18.0,1018.2,1018.2,2.7,4.7
2024-05-09 07:35:00+02:00,9.5,9.5,9.3,9.4,99.0,14.3,86.0,58.1,0.0,0.0,0.0,0.0,0.0,10.0,36.1,92.2,0.7,2.5,290.0,1018.2,1018.2,2.7,4.7
2024-05-09 07:40:00+02:00,9.7,9.7,9.5,9.6,99.0,14.4,86.0,61.2,0.0,0.0,0.0,0.0,0.0,10.0,36.1,92.2,0.6,2.9,315.0,1018.2,1018.2,2.7,4.7
2024-05-09 07:45:00+02:00,9.9,9.9,9.5,9.8,99.0,14.4,86.0,62.8,0.0,0.0,0.0,0.0,0.0,10.0,36.1,92.2,2.2,4.7,357.0,1018.2,1018.2,2.7,4.7
2024-05-09 07:50:00+02:00,10.2,10.2,9.9,10.0,99.0,14.4,86.0,64.2,0.0,0.0,0.0,0.0,0.0,10.0,36.1,92.2,1.6,5.0,45.0,1018.2,1018.2,2.7,4.7
2024-05-09 07:55:00+02:00,10.3,10.3,9.9,10.1,99.0,14.5,86.0,66.8,0.0,0.0,0.0,0.0,0.0,10.0,36.1,92.2,2.0,5.0,30.0,1018.3,1018.3,2.7,4.7
2024-05-09 08:00:00+02:00,10.4,10.4,9.8,10.2,99.0,14.5,86.0,69.5,0.0,0.0,0.0,0.0,0.0,10.0,36.1,92.2,3.6,5.8,17.0,1018.2,1018.2,2.7,4.7
2024-05-09 08:05:00+02:00,10.6,10.6,10.2,10.4,99.0,14.6,86.0,70.5,0.0,0.0,0.0,0.0,0.0,10.0,36.1,92.2,2.7,5.8,54.0,1018.2,1018.2,2.7,4.7
2024-05-09 08:10:00+02:00,10.7,10.7,10.4,10.6,99.0,14.6,86.0,72.1,0.0,0.0,0.0,0.0,0.0,10.0,36.1,92.2,2.4,4.3,119.0,1018.2,1018.2,2.7,4.7
2024-05-09 08:15:00+02:00,10.8,10.8,10.6,10.5,98.0,14.7,86.0,73.9,0.0,0.0,0.0,0.0,0.0,10.0,36.1,92.2,2.2,4.3,98.0,1018.2,1018.2,2.7,4.7
2024-05-09 08:20:00+02:00,10.8,10.8,10.5,10.5,98.0,14.8,86.0,99.9,0.0,0.0,0.0,0.0,0.0,10.0,36.1,92.2,2.7,6.1,63.0,1018.2,1018.2,2.7,4.7
2024-05-09 08:25:00+02:00,11.1,11.1,10.8,10.6,97.0,14.8,87.0,144.6,1.0,0.0,0.0,0.0,0.0,10.0,36.1,92.2,2.6,6.5,71.0,1018.2,1018.2,2.7,4.8
2024-05-09 08:30:00+02:00,11.7,11.7,11.6,10.7,94.0,14.9,87.0,155.6,1.0,0.0,0.0,0.0,0.0,10.0,36.1,92.2,1.7,5.4,334.0,1018.2,1018.2,2.7,4.8
2024-05-09 08:35:00+02:00,12.1,12.1,11.8,10.4,90.0,15.0,87.0,172.3,1.0,0.0,0.0,0.0,0.0,10.0,36.1,92.2,2.2,6.8,349.0,1018.2,1018.2,2.7,4.8
2024-05-09 08:40:00+02:00,12.5,12.5,12.1,10.8,90.0,15.0,87.0,178.1,1.0,0.0,0.0,0.0,0.0,10.0,36.1,92.2,3.3,6.8,130.0,1018.2,1018.2,2.7,4.8
2024-05-09 08:45:00+02:00,12.6,12.6,12.4,10.9,90.0,15.2,87.0,181.2,1.0,0.0,0.0,0.0,0.0,10.0,36.1,92.2,2.4,4.7,114.0,1018.3,1018.3,2.7,4.9
2024-05-09 08:50:00+02:00,12.9,12.9,12.5,10.8,87.0,15.4,88.0,194.0,1.0,0.0,0.0,0.0,0.0,10.0,36.1,92.2,3.1,5.4,97.0,1018.2,1018.2,2.7,4.9
2024-05-09 08:55:00+02:00,13.4,13.4,13.3,10.9,85.0,15.6,88.0,208.3,1.0,0.0,0.0,0.0,0.0,10.0,36.1,92.2,1.9,5.4,129.0,1018.1,1018.1,2.7,5.0
2024-05-09 09:00:00+02:00,13.8,13.8,14.2,11.4,85.0,15.8,88.0,224.4,2.0,0.0,0.0,0.0,0.0,10.0,36.1,92.2,0.4,3.2,130.0,1018.2,1018.2,2.7,5.0
2024-05-09 09:05:00+02:00,14.3,14.3,14.5,11.3,82.0,16.1,88.0,236.9,2.0,0.0,0.0,0.0,0.0,10.0,36.1,92.2,0.9,3.6,92.0,1018.2,1018.2,2.7,5.1
2024-05-09 09:10:00+02:00,14.6,14.6,14.7,11.5,81.0,16.3,88.0,250.0,2.0,0.0,0.0,0.0,0.0,10.0,36.1,92.2,1.9,4.0,133.0,1018.2,1018.2,2.7,5.1
2024-05-09 09:15:00+02:00,14.7,14.7,14.4,11.3,80.0,16.5,88.0,265.0,2.0,0.0,0.0,0.0,0.0,10.0,36.1,92.2,3.6,6.5,282.0,1018.2,1018.2,2.7,5.2
2024-05-09 09:20:00+02:00,14.3,14.3,14.1,11.0,81.0,16.7,88.0,280.7,2.0,0.0,0.0,0.0,0.0,10.0,36.1,92.2,2.7,6.5,283.0,1018.2,1018.2,2.7,5.2
2024-05-09 09:25:00+02:00,15.2,15.2,15.1,11.3,77.0,16.9,88.0,310.8,2.0,0.0,0.0,0.0,0.0,10.0,36.1,92.2,2.4,5.8,210.0,1018.2,1018.2,2.7,5.2
2024-05-09 09:30:00+02:00,16.3,16.3,16.4,11.4,73.0,17.2,88.0,329.7,3.0,0.0,0.0,0.0,0.0,10.0,36.1,92.2,1.6,3.6,219.0,1018.2,1018.2,2.7,5.2
2024-05-09 09:35:00+02:00,16.6,16.6,16.6,11.3,71.0,17.5,87.0,313.8,2.0,0.0,0.0,0.0,0.0,10.0,36.1,92.2,1.9,4.7,221.0,1018.2,1018.2,2.7,5.2
2024-05-09 09:40:00+02:00,16.9,16.9,17.0,11.4,70.0,17.7,87.0,299.8,2.0,0.0,0.0,0.0,0.0,10.0,36.1,92.2,1.9,4.7,305.0,1018.2,1018.2,2.7,5.2
2024-05-09 09:45:00+02:00,17.0,17.0,17.0,11.3,69.0,18.0,87.0,303.5,2.0,0.0,0.0,0.0,0.0,10.0,36.1,92.2,2.0,6.5,253.0,1018.2,1018.2,2.7,5.2
2024-05-09 09:50:00+02:00,17.3,17.3,17.3,11.4,68.0,18.2,87.0,312.6,2.0,0.0,0.0,0.0,0.0,10.0,36.1,92.2,1.9,4.7,90.0,1018.2,1018.2,2.7,5.2
2024-05-09 09:55:00+02:00,18.1,18.1,18.2,11.8,67.0,18.6,87.0,316.0,2.0,0.0,0.0,0.0,0.0,10.0,36.1,92.2,2.1,5.0,264.0,1018.1,1018.1,2.7,5.2
2024-05-09 10:00:00+02:00,17.1,17.1,17.0,10.9,67.0,18.9,87.0,324.4,3.0,0.0,0.0,0.0,0.0,10.0,36.1,92.2,2.4,6.5,286.0,1018.1,1018.1,2.7,5.2
2024-05-09 10:05:00+02:00,18.0,18.0,18.0,11.4,65.0,19.2,87.0,339.3,3.0,0.0,0.0,0.0,0.0,10.0,36.1,92.2,2.0,6.8,1.0,1018.1,1018.1,2.7,5.2
2024-05-09 10:10:00+02:00,17.8,17.8,17.8,11.0,64.0,19.5,87.0,350.0,3.0,0.0,0.0,0.0,0.0,10.0,36.1,92.2,1.7,4.3,40.0,1018.0,1018.0,2.7,5.2
2024-05-09 10:15:00+02:00,17.7,17.7,17.4,11.3,66.0,19.8,87.0,363.1,3.0,0.0,0.0,0.0,0.0,10.0,36.1,92.2,3.7,6.1,23.0,1018.1,1018.1,2.7,5.3
2024-05-09 10:20:00+02:00,16.9,16.9,16.1,10.9,68.0,20.0,86.0,374.5,3.0,0.0,0.0,0.0,0.0,10.0,36.1,92.2,5.7,9.4,309.0,1018.1,1018.1,2.7,5.3
2024-05-09 10:25:00+02:00,17.2,17.2,17.0,10.7,66.0,20.3,86.0,376.5,3.0,0.0,0.0,0.0,0.0,10.0,36.1,92.2,1.9,6.5,49.0,1018.0,1018.0,2.7,5.3
2024-05-09 10:30:00+02:00,18.2,18.2,18.3,11.3,64.0,20.6,86.0,387.0,3.0,0.0,0.0,0.0,0.0,10.0,36.1,92.2,1.5,6.1,136.0,1018.0,1018.0,2.7,5.3
2024-05-09 10:35:00+02:00,18.4,18.4,18.5,11.2,63.0,20.9,86.0,396.0,3.0,0.0,0.0,0.0,0.0,10.0,36.1,92.2,1.5,8.3,297.0,1018.0,1018.0,2.7,5.3
2024-05-09 10:40:00+02:00,18.8,18.8,18.0,10.5,58.0,21.2,86.0,409.8,3.0,0.0,0.0,0.0,0.0,10.0,36.1,92.2,5.3,9.0,262.0,1018.0,1018.0,2.7,5.3
2024-05-09 10:45:00+02:00,18.0,18.0,17.3,10.1,60.0,21.5,86.0,418.7,3.0,0.0,0.0,0.0,0.0,10.0,36.1,92.2,3.8,7.9,5.0,1017.9,1017.9,2.7,5.3
2024-05-09 10:50:00+02:00,18.7,18.7,18.3,10.5,59.0,21.7,86.0,423.1,3.0,0.0,0.0,0.0,0.0,10.0,36.1,92.2,3.2,6.5,301.0,1017.9,1017.9,2.7,5.3
2024-05-09 10:55:00+02:00,18.3,18.3,17.5,10.6,61.0,21.9,86.0,433.5,4.0,0.0,0.0,0.0,0.0,10.0,36.1,92.2,5.6,9.4,317.0,1017.9,1017.9,2.7,5.3
2024-05-09 11:00:00+02:00,18.1,18.1,17.7,10.4,61.0,22.2,85.0,439.9,4.0,0.0,0.0,0.0,0.0,10.0,36.1,92.2,2.8,9.7,344.0,1017.9,1017.9,2.7,5.3
2024-05-09 11:05:00+02:00,18.7,18.7,18.2,10.1,57.0,22.4,85.0,448.2,4.0,0.0,0.0,0.0,0.0,10.0,36.1,92.2,3.2,7.2,46.0,1017.8,1017.8,2.7,5.3
2024-05-09 11:10:00+02:00,18.4,18.4,17.2,10.2,59.0,22.7,85.0,463.4,4.0,0.0,0.0,0.0,0.0,10.0,36.1,92.2,7.0,13.3,6.0,1017.8,1017.8,2.7,5.3
2024-05-09 11:15:00+02:00,18.3,18.3,17.9,9.7,57.0,22.9,85.0,464.4,4.0,0.0,0.0,0.0,0.0,10.0,36.1,92.2,1.9,9.4,185.0,1017.8,1017.8,2.7,5.3
2024-05-09 11:20:00+02:00,19.3,19.3,18.5,10.1,55.0,23.2,85.0,471.3,4.0,0.0,0.0,0.0,0.0,10.0,36.1,92.2,4.3,13.0,260.0,1017.8,1017.8,2.7,5.3
2024-05-09 11:25:00+02:00,19.1,19.1,18.3,9.9,55.0,23.4,85.0,473.6,4.0,0.0,0.0,0.0,0.0,10.0,36.1,92.2,4.2,8.3,307.0,1017.9,1017.9,2.7,5.3
2024-05-09 11:30:00+02:00,19.3,19.3,18.7,9.5,53.0,23.6,84.0,481.6,4.0,0.0,0.0,0.0,0.0,10.0,36.1,92.2,2.7,9.7,4.0,1017.8,1017.8,2.7,5.3
2024-05-09 11:35:00+02:00,20.3,20.3,19.8,9.9,51.0,23.9,84.0,492.4,4.0,0.0,0.0,0.0,0.0,10.0,36.1,92.2,2.5,14.4,12.0,1017.7,1017.7,2.7,5.3
2024-05-09 11:40:00+02:00,19.9,19.9,19.2,9.3,50.0,24.1,84.0,513.7,4.0,0.0,0.0,0.0,0.0,10.0,36.1,92.2,3.0,14.4,336.0,1017.7,1017.7,2.7,5.3
2024-05-09 11:45:00+02:00,19.9,19.9,19.1,9.4,51.0,24.3,84.0,517.3,4.0,0.0,0.0,0.0,0.0,10.0,36.1,92.2,3.2,10.1,30.0,1017.6,1017.6,2.7,5.3
2024-05-09 11:50:00+02:00,19.6,19.6,18.9,9.0,51.0,24.6,84.0,501.7,4.0,0.0,0.0,0.0,0.0,10.0,36.1,92.2,2.5,5.8,2.0,1017.7,1017.7,2.7,5.3
2024-05-09 11:55:00+02:00,19.3,19.3,18.5,9.3,53.0,24.7,84.0,164.6,1.0,0.0,0.0,0.0,0.0,10.0,36.1,92.2,3.5,10.8,350.0,1017.6,1017.6,2.7,5.3
2024-05-09 12:00:00+02:00,18.5,18.5,17.8,9.0,54.0,24.9,84.0,215.5,2.0,0.0,0.0,0.0,0.0,10.0,36.1,92.2,2.7,5.8,85.0,1017.6,1017.6,2.7,5.3
2024-05-09 12:05:00+02:00,18.7,18.7,18.0,9.0,53.0,25.0,83.0,519.8,4.0,0.0,0.0,0.0,0.0,10.0,36.1,92.2,2.4,8.6,127.0,1017.5,1017.5,2.7,5.3
2024-05-09 12:10:00+02:00,18.7,18.7,17.3,8.6,52.0,25.2,83.0,308.6,2.0,0.0,0.0,0.0,0.0,10.0,36.1,92.2,5.6,10.1,283.0,1017.5,1017.5,2.7,5.3
2024-05-09 12:15:00+02:00,18.9,18.9,18.0,8.5,51.0,25.3,83.0,562.6,5.0,0.0,0.0,0.0,0.0,10.0,36.1,92.2,3.0,7.6,265.0,1017.5,1017.5,2.7,5.3
2024-05-09 12:20:00+02:00,19.9,19.9,19.1,8.1,46.0,25.3,83.0,563.5,5.0,0.0,0.0,0.0,0.0,10.0,36.1,92.2,2.1,6.1,199.0,1017.4,1017.4,2.7,5.3
2024-05-09 12:25:00+02:00,20.5,20.5,19.7,8.2,45.0,25.3,83.0,567.2,5.0,0.0,0.0,0.0,0.0,10.0,36.1,92.2,2.1,7.9,246.0,1017.3,1017.3,2.7,5.3
2024-05-09 12:30:00+02:00,21.8,21.8,21.0,8.5,43.0,25.5,83.0,551.8,5.0,0.0,0.0,0.0,0.0,10.0,36.1,92.2,2.2,5.4,176.0,1017.4,1017.4,2.7,5.3
2024-05-09 12:35:00+02:00,22.6,22.6,22.1,9.1,42.0,25.6,83.0,556.6,5.0,0.0,0.0,0.0,0.0,10.0,36.1,92.2,1.7,5.0,182.0,1017.3,1017.3,2.7,5.3
2024-05-09 12:40:00+02:00,23.5,23.5,22.7,8.7,39.0,25.7,83.0,584.9,5.0,0.0,0.0,0.0,0.0,10.0,36.1,92.2,2.4,4.3,227.0,1017.1,1017.1,2.7,5.3
2024-05-09 12:45:00+02:00,23.3,23.3,22.6,9.4,41.0,25.9,83.0,587.7,5.0,0.0,0.0,0.0,0.0,10.0,36.1,92.2,2.9,6.8,121.0,1017.1,1017.1,2.68,5.3
2024-05-09 12:50:00+02:00,21.9,21.9,21.3,8.8,43.0,26.0,83.0,414.2,3.0,0.0,0.0,0.0,0.0,10.0,36.1,92.2,1.7,7.6,124.0,1016.9,1016.9,2.68,5.3
2024-05-09 12:55:00+02:00,22.1,22.1,21.2,8.7,42.0,26.2,83.0,613.3,5.0,0.0,0.0,0.0,0.0,10.0,36.1,92.2,3.1,6.1,149.0,1017.0,1017.0,2.68,5.3
2024-05-09 13:00:00+02:00,21.7,21.7,21.0,8.8,44.0,26.3,83.0,270.4,2.0,0.0,0.0,0.0,0.0,10.0,36.1,92.2,1.9,6.8,160.0,1017.0,1017.0,2.68,5.3
2024-05-09 13:05:00+02:00,20.9,20.9,19.6,9.0,46.0,26.3,83.0,601.0,5.0,0.0,0.0,0.0,0.0,10.0,36.1,92.2,5.8,11.9,283.0,1017.0,1017.0,2.68,5.3
2024-05-09 13:10:00+02:00,20.5,20.5,19.2,8.7,47.0,26.5,83.0,572.3,5.0,0.0,0.0,0.0,0.0,10.0,36.1,92.2,5.2,11.9,296.0,1017.0,1017.0,2.68,5.3
2024-05-09 13:15:00+02:00,20.2,20.2,18.9,8.2,46.0,26.6,83.0,183.2,1.0,0.0,0.0,0.0,0.0,10.0,36.1,92.2,4.2,14.4,266.0,1017.0,1017.0,2.7,5.3
2024-05-09 13:20:00+02:00,20.1,20.1,19.1,8.3,47.0,26.7,83.0,186.5,1.0,0.0,0.0,0.0,0.0,10.0,36.1,92.2,2.9,5.4,300.0,1016.9,1016.9,2.7,5.3
2024-05-09 13:25:00+02:00,20.6,20.6,20.0,8.7,46.0,26.7,83.0,181.4,1.0,0.0,0.0,0.0,0.0,10.0,36.1,92.2,1.7,5.4,248.0,1017.0,1017.0,2.7,5.3
2024-05-09 13:30:00+02:00,20.4,20.4,19.8,8.0,45.0,26.7,83.0,178.5,1.0,0.0,0.0,0.0,0.0,10.0,36.1,92.2,1.0,5.0,198.0,1016.8,1016.8,2.7,5.3
2024-05-09 13:35:00+02:00,20.2,20.2,19.2,8.1,46.0,26.8,83.0,173.1,1.0,0.0,0.0,0.0,0.0,10.0,36.1,92.2,2.5,5.8,281.0,1016.8,1016.8,2.7,5.3
2024-05-09 13:40:00+02:00,20.0,20.0,19.2,8.0,46.0,26.8,83.0,168.7,1.0,0.0,0.0,0.0,0.0,10.0,36.1,92.2,1.7,4.0,281.0,1016.7,1016.7,2.7,5.3
2024-05-09 13:45:00+02:00,19.9,19.9,19.0,8.7,48.0,26.8,83.0,196.9,1.0,0.0,0.0,0.0,0.0,10.0,36.1,92.2,3.0,5.8,142.0,1016.6,1016.6,2.7,5.3
2024-05-09 13:50:00+02:00,20.0,20.0,19.6,9.1,49.0,26.8,83.0,415.9,3.0,0.0,0.0,0.0,0.0,10.0,36.1,92.2,1.4,3.6,314.0,1016.5,1016.5,2.7,5.3
2024-05-09 13:55:00+02:00,20.5,20.5,19.2,8.9,47.0,26.8,83.0,584.1,5.0,0.0,0.0,0.0,0.0,10.0,36.1,92.2,5.3,14.0,283.0,1016.4,1016.4,2.7,5.3
2024-05-09 14:00:00+02:00,21.0,21.0,20.0,8.8,46.0,26.8,83.0,574.4,5.0,0.0,0.0,0.0,0.0,10.0,36.1,92.2,4.1,14.0,266.0,1016.4,1016.4,2.7,5.3
2024-05-09 14:05:00+02:00,21.6,21.6,20.3,8.5,43.0,26.9,83.0,566.2,5.0,0.0,0.0,0.0,0.0,10.0,36.1,92.2,5.0,8.3,343.0,1016.3,1016.3,2.7,5.3
2024-05-09 14:10:00+02:00,21.3,21.3,20.3,8.4,43.0,27.0,83.0,598.5,5.0,0.0,0.0,0.0,0.0,10.0,36.1,92.2,3.0,9.0,326.0,1016.4,1016.4,2.7,5.3
2024-05-09 14:15:00+02:00,22.3,22.3,21.1,8.6,42.0,27.2,83.0,593.7,5.0,0.0,0.0,0.0,0.0,10.0,36.1,92.2,4.3,10.1,282.0,1016.3,1016.3,2.7,5.3
2024-05-09 14:20:00+02:00,22.0,22.0,20.9,8.7,42.0,27.3,83.0,560.4,5.0,0.0,0.0,0.0,0.0,10.0,36.1,92.2,3.8,9.7,350.0,1016.2,1016.2,2.7,5.3
2024-05-09 14:25:00+02:00,22.3,22.3,21.0,8.3,41.0,27.3,83.0,607.5,5.0,0.0,0.0,0.0,0.0,10.0,36.1,92.2,4.5,9.7,259.0,1016.2,1016.2,2.68,5.3
2024-05-09 14:30:00+02:00,22.4,22.4,20.7,8.6,41.0,27.5,83.0,604.3,5.0,0.0,0.0,0.0,0.0,10.0,36.1,92.2,7.1,12.6,340.0,1016.1,1016.1,2.68,5.3
2024-05-09 14:35:00+02:00,21.1,21.1,19.9,8.2,43.0,27.6,83.0,550.8,5.0,0.0,0.0,0.0,0.0,10.0,36.1,92.2,3.9,10.8,100.0,1016.1,1016.1,2.68,5.3
2024-05-09 14:40:00+02:00,20.8,20.8,19.6,8.0,44.0,27.7,83.0,183.8,1.0,0.0,0.0,0.0,0.0,10.0,36.1,92.2,4.2,10.1,52.0,1016.1,1016.1,2.68,5.3
2024-05-09 14:45:00+02:00,20.6,20.6,19.9,8.7,46.0,27.7,83.0,172.8,1.0,0.0,0.0,0.0,0.0,10.0,36.1,92.2,1.9,8.6,122.0,1015.9,1015.9,2.7,5.3
2024-05-09 14:50:00+02:00,20.3,20.3,19.5,9.4,50.0,27.7,83.0,175.1,1.0,0.0,0.0,0.0,0.0,10.0,36.1,92.2,3.4,5.0,114.0,1015.9,1015.9,2.7,5.3
2024-05-09 14:55:00+02:00,20.1,20.1,19.2,7.8,45.0,27.7,83.0,182.3,1.0,0.0,0.0,0.0,0.0,10.0,36.1,92.2,1.9,4.7,142.0,1016.0,1016.0,2.7,5.3
2024-05-09 15:00:00+02:00,20.5,20.5,19.4,7.7,44.0,27.6,83.0,182.4,1.0,0.0,0.0,0.0,0.0,10.0,36.1,92.2,3.2,6.5,253.0,1015.9,1015.9,2.7,5.3
2024-05-09 15:05:00+02:00,20.3,20.3,18.6,8.7,47.0,27.6,83.0,157.3,1.0,0.0,0.0,0.0,0.0,10.0,36.1,92.2,6.8,10.4,292.0,1015.9,1015.9,2.7,5.3
2024-05-09 15:10:00+02:00,19.8,19.8,18.8,8.5,48.0,27.5,83.0,139.3,1.0,0.0,0.0,0.0,0.0,10.0,36.1,92.2,3.7,10.4,296.0,1015.9,1015.9,2.7,5.3
2024-05-09 15:15:00+02:00,19.8,19.8,18.9,8.5,48.0,27.5,83.0,143.7,1.0,0.0,0.0,0.0,0.0,10.0,36.1,92.2,3.3,6.5,302.0,1015.8,1015.8,2.7,5.3
2024-05-09 15:20:00+02:00,20.1,20.1,19.3,8.2,46.0,27.4,83.0,153.0,1.0,0.0,0.0,0.0,0.0,10.0,36.1,92.2,2.0,8.3,336.0,1015.8,1015.8,2.7,5.3
2024-05-09 15:25:00+02:00,20.0,20.0,19.3,8.1,46.0,27.4,83.0,138.7,1.0,0.0,0.0,0.0,0.0,10.0,36.1,92.2,1.4,5.4,51.0,1015.8,1015.8,2.7,5.3
2024-05-09 15:30:00+02:00,20.0,20.0,19.3,8.2,46.0,27.3,83.0,140.5,1.0,0.0,0.0,0.0,0.0,10.0,36.1,92.2,1.4,4.7,92.0,1015.8,1015.8,2.7,5.3
2024-05-09 15:35:00+02:00,19.9,19.9,19.1,8.4,47.0,27.3,83.0,241.5,2.0,0.0,0.0,0.0,0.0,10.0,36.1,92.2,2.5,5.0,142.0,1015.8,1015.8,2.7,5.3
2024-05-09 15:40:00+02:00,20.0,20.0,19.1,8.6,48.0,27.2,83.0,520.8,4.0,0.0,0.0,0.0,0.0,10.0,36.1,92.2,3.0,5.0,116.0,1015.7,1015.7,2.7,5.3
2024-05-09 15:45:00+02:00,20.7,20.7,20.2,8.8,46.0,27.2,83.0,381.6,3.0,0.0,0.0,0.0,0.0,10.0,36.1,92.2,1.4,3.6,138.0,1015.6,1015.6,2.7,5.3
2024-05-09 15:50:00+02:00,21.2,21.2,20.6,8.4,44.0,27.2,83.0,475.0,4.0,0.0,0.0,0.0,0.0,10.0,36.1,92.2,1.1,5.4,7.0,1015.6,1015.6,2.7,5.3
2024-05-09 15:55:00+02:00,22.0,22.0,21.0,8.9,43.0,27.2,83.0,482.0,4.0,0.0,0.0,0.0,0.0,10.0,36.1,92.2,3.6,6.8,282.0,1015.6,1015.6,2.7,5.3
2024-05-09 16:00:00+02:00,21.1,21.1,19.5,8.6,44.0,27.2,83.0,257.3,2.0,0.0,0.0,0.0,0.0,10.0,36.1,92.2,6.6,14.4,301.0,1015.6,1015.6,2.7,5.3
2024-05-09 16:05:00+02:00,20.8,20.8,19.5,8.6,46.0,27.2,83.0,427.0,3.0,0.0,0.0,0.0,0.0,10.0,36.1,92.2,5.0,7.6,308.0,1015.5,1015.5,2.7,5.3
2024-05-09 16:10:00+02:00,20.9,20.9,19.4,8.6,45.0,27.2,83.0,401.9,3.0,0.0,0.0,0.0,0.0,10.0,36.1,92.2,6.3,8.6,274.0,1015.4,1015.4,2.7,5.3
2024-05-09 16:15:00+02:00,21.0,21.0,19.3,8.6,45.0,27.2,83.0,422.4,3.0,0.0,0.0,0.0,0.0,10.0,36.1,92.2,6.9,10.1,286.0,1015.4,1015.4,2.7,5.3
2024-05-09 16:20:00+02:00,20.8,20.8,19.7,8.5,45.0,27.2,83.0,363.2,3.0,0.0,0.0,0.0,0.0,10.0,36.1,92.2,4.1,8.6,295.0,1015.3,1015.3,2.7,5.3
2024-05-09 16:25:00+02:00,21.9,21.9,21.0,8.4,42.0,27.1,83.0,356.1,3.0,0.0,0.0,0.0,0.0,10.0,36.1,92.2,2.7,9.0,280.0,1015.3,1015.3,2.7,5.3
2024-05-09 16:30:00+02:00,21.2,21.2,19.9,8.2,43.0,27.1,83.0,295.1,2.0,0.0,0.0,0.0,0.0,10.0,36.1,92.2,4.4,10.8,281.0,1015.3,1015.3,2.7,5.3
2024-05-09 16:35:00+02:00,21.4,21.4,20.7,8.8,44.0,27.1,84.0,289.1,2.0,0.0,0.0,0.0,0.0,10.0,36.1,92.2,2.2,4.3,258.0,1015.2,1015.2,2.7,5.3
2024-05-09 16:40:00+02:00,21.5,21.5,20.4,8.5,43.0,27.1,84.0,253.9,2.0,0.0,0.0,0.0,0.0,10.0,36.1,92.2,4.2,6.5,287.0,1015.1,1015.1,2.7,5.3
2024-05-09 16:45:00+02:00,21.6,21.6,21.1,8.3,42.0,27.1,84.0,271.8,2.0,0.0,0.0,0.0,0.0,10.0,36.1,92.2,0.9,5.0,233.0,1015.2,1015.2,2.7,5.3
2024-05-09 16:50:00+02:00,21.8,21.8,21.0,9.3,45.0,27.0,84.0,281.6,2.0,0.0,0.0,0.0,0.0,10.0,36.1,92.2,3.8,7.9,315.0,1015.1,1015.1,2.7,5.3
2024-05-09 16:55:00+02:00,21.4,21.4,20.3,8.6,44.0,27.1,84.0,327.1,3.0,0.0,0.0,0.0,0.0,10.0,36.1,92.2,4.1,7.9,264.0,1014.9,1014.9,2.7,5.3
2024-05-09 17:00:00+02:00,21.8,21.8,20.6,8.3,42.0,27.0,84.0,332.4,3.0,0.0,0.0,0.0,0.0,10.0,36.1,92.2,4.0,6.5,269.0,1014.9,1014.9,2.7,5.3
2024-05-09 17:05:00+02:00,22.1,22.1,21.2,7.8,40.0,27.0,84.0,313.6,2.0,0.0,0.0,0.0,0.0,10.0,36.1,92.2,2.1,4.7,142.0,1014.8,1014.8,2.7,5.3
2024-05-09 17:10:00+02:00,22.5,22.5,21.9,8.5,41.0,27.0,84.0,320.1,2.0,0.0,0.0,0.0,0.0,10.0,36.1,92.2,1.5,7.2,225.0,1014.8,1014.8,2.7,5.3
2024-05-09 17:15:00+02:00,21.6,21.6,19.9,8.5,43.0,27.0,84.0,334.6,3.0,0.0,0.0,0.0,0.0,10.0,36.1,92.2,6.6,13.0,305.0,1014.7,1014.7,2.7,5.3
2024-05-09 17:20:00+02:00,21.4,21.4,20.2,8.2,43.0,27.0,84.0,336.2,3.0,0.0,0.0,0.0,0.0,10.0,36.1,92.2,4.2,10.1,272.0,1014.7,1014.7,2.7,5.3
2024-05-09 17:25:00+02:00,22.3,22.3,20.9,8.9,42.0,27.0,84.0,333.8,3.0,0.0,0.0,0.0,0.0,10.0,36.1,92.2,5.8,13.3,262.0,1014.7,1014.7,2.7,5.3
2024-05-09 17:30:00+02:00,22.0,22.0,21.2,8.5,42.0,27.1,84.0,314.1,2.0,0.0,0.0,0.0,0.0,10.0,36.1,92.2,2.5,12.2,259.0,1014.7,1014.7,2.7,5.3
2024-05-09 17:35:00+02:00,22.5,22.5,22.0,8.9,42.0,27.1,85.0,280.4,2.0,0.0,0.0,0.0,0.0,10.0,36.1,92.2,1.3,7.6,337.0,1014.6,1014.6,2.7,5.3
2024-05-09 17:40:00+02:00,22.1,22.1,21.2,9.1,43.0,27.1,85.0,206.3,1.0,0.0,0.0,0.0,0.0,10.0,36.1,92.2,4.0,10.4,295.0,1014.7,1014.7,2.7,5.3
2024-05-09 17:45:00+02:00,21.3,21.3,19.9,9.1,46.0,27.0,85.0,160.3,1.0,0.0,0.0,0.0,0.0,10.0,36.1,92.2,6.3,13.7,264.0,1014.6,1014.6,2.7,5.3
2024-05-09 17:50:00+02:00,20.9,20.9,18.9,8.8,46.0,27.0,85.0,189.9,1.0,0.0,0.0,0.0,0.0,10.0,36.1,92.2,8.7,11.9,286.0,1014.6,1014.6,2.7,5.3
2024-05-09 17:55:00+02:00,20.8,20.8,19.2,8.7,46.0,27.0,85.0,163.5,1.0,0.0,0.0,0.0,0.0,10.0,36.1,92.2,6.6,11.2,315.0,1014.6,1014.6,2.7,5.3
2024-05-09 18:00:00+02:00,20.5,20.5,19.2,8.5,46.0,27.0,85.0,127.9,1.0,0.0,0.0,0.0,0.0,10.0,36.1,92.2,5.0,11.5,325.0,1014.6,1014.6,2.7,5.3
2024-05-09 18:05:00+02:00,20.4,20.4,19.1,8.1,45.0,26.9,85.0,97.4,0.0,0.0,0.0,0.0,0.0,10.0,36.1,92.2,4.5,7.2,324.0,1014.5,1014.5,2.7,5.3
2024-05-09 18:10:00+02:00,20.4,20.4,19.4,8.3,46.0,26.9,85.0,82.2,0.0,0.0,0.0,0.0,0.0,10.0,36.1,92.2,3.0,10.8,355.0,1014.5,1014.5,2.7,5.3
2024-05-09 18:15:00+02:00,20.3,20.3,19.6,8.3,46.0,26.8,85.0,70.2,0.0,0.0,0.0,0.0,0.0,10.0,36.1,92.2,1.8,10.8,75.0,1014.4,1014.4,2.7,5.3
2024-05-09 18:20:00+02:00,20.3,20.3,19.6,8.4,46.0,26.8,85.0,66.8,0.0,0.0,0.0,0.0,0.0,10.0,36.1,92.2,2.2,5.0,296.0,1014.5,1014.5,2.7,5.3
2024-05-09 18:25:00+02:00,20.3,20.3,19.5,8.8,48.0,26.7,85.0,66.5,0.0,0.0,0.0,0.0,0.0,10.0,36.1,92.2,2.5,5.0,0.0,1014.4,1014.4,2.7,5.3
2024-05-09 18:30:00+02:00,20.2,20.2,19.6,8.6,47.0,26.7,85.0,70.2,0.0,0.0,0.0,0.0,0.0,10.0,36.1,92.2,1.9,5.4,342.0,1014.4,1014.4,2.7,5.3
2024-05-09 18:35:00+02:00,20.0,20.0,19.0,8.6,48.0,26.7,85.0,74.9,0.0,0.0,0.0,0.0,0.0,10.0,36.1,92.2,3.4,8.3,296.0,1014.4,1014.4,2.7,5.3
2024-05-09 18:40:00+02:00,19.8,19.8,18.2,8.5,48.0,26.6,85.0,76.6,0.0,0.0,0.0,0.0,0.0,10.0,36.1,92.2,6.2,9.4,351.0,1014.4,1014.4,2.7,5.3
2024-05-09 18:45:00+02:00,19.8,19.8,18.2,8.3,48.0,26.6,85.0,78.5,0.0,0.0,0.0,0.0,0.0,10.0,36.1,92.2,6.3,10.4,279.0,1014.3,1014.3,2.7,5.2
2024-05-09 18:50:00+02:00,19.8,19.8,18.2,8.2,47.0,26.5,85.0,79.8,0.0,0.0,0.0,0.0,0.0,10.0,36.1,92.2,6.1,6.5,304.0,1014.3,1014.3,2.7,5.2
2024-05-09 18:55:00+02:00,19.8,19.8,18.3,8.6,49.0,26.4,85.0,89.2,0.0,0.0,0.0,0.0,0.0,10.0,36.1,92.2,5.9,10.8,287.0,1014.3,1014.3,2.7,5.2
2024-05-09 19:00:00+02:00,19.8,19.8,18.1,8.7,49.0,26.3,85.0,93.8,0.0,0.0,0.0,0.0,0.0,10.0,36.1,92.2,7.6,9.7,283.0,1014.3,1014.3,2.7,5.2
2024-05-09 19:05:00+02:00,20.0,20.0,18.3,8.9,49.0,26.3,85.0,93.4,0.0,0.0,0.0,0.0,0.0,10.0,36.1,92.2,7.3,13.0,275.0,1014.3,1014.3,2.7,5.2
2024-05-09 19:10:00+02:00,19.9,19.9,18.1,8.9,49.0,26.3,85.0,91.2,0.0,0.0,0.0,0.0,0.0,10.0,36.1,92.2,7.8,13.0,300.0,1014.4,1014.4,2.7,5.2
2024-05-09 19:15:00+02:00,19.8,19.8,17.6,8.8,49.0,26.2,85.0,85.2,0.0,0.0,0.0,0.0,0.0,10.0,36.1,92.2,9.7,17.6,277.0,1014.4,1014.4,2.7,5.2
2024-05-09 19:20:00+02:00,19.7,19.7,18.5,9.4,51.0,26.2,85.0,74.7,0.0,0.0,0.0,0.0,0.0,10.0,36.1,92.2,5.0,9.0,279.0,1014.4,1014.4,2.7,5.2
2024-05-09 19:25:00+02:00,19.6,19.6,18.3,9.6,52.0,26.1,85.0,67.1,0.0,0.0,0.0,0.0,0.0,10.0,36.1,92.2,6.3,10.8,278.0,1014.2,1014.2,2.7,5.2
2024-05-09 19:30:00+02:00,19.3,19.3,18.3,9.4,53.0,26.1,85.0,60.3,0.0,0.0,0.0,0.0,0.0,10.0,36.1,92.2,5.0,13.0,285.0,1014.3,1014.3,2.7,5.2
2024-05-09 19:35:00+02:00,19.4,19.4,18.0,9.3,52.0,26.0,85.0,60.8,0.0,0.0,0.0,0.0,0.0,10.0,36.1,92.2,6.3,11.2,274.0,1014.2,1014.2,2.7,5.2
2024-05-09 19:40:00+02:00,19.4,19.4,18.1,9.3,52.0,26.0,85.0,61.9,0.0,0.0,0.0,0.0,0.0,10.0,36.1,92.2,5.9,11.9,277.0,1014.2,1014.2,2.7,5.2
2024-05-09 19:45:00+02:00,19.3,19.3,17.8,9.5,53.0,25.9,84.0,59.6,0.0,0.0,0.0,0.0,0.0,10.0,36.1,92.2,7.1,11.2,279.0,1014.3,1014.3,2.7,5.2
2024-05-09 19:50:00+02:00,19.1,19.1,17.9,9.6,54.0,25.8,84.0,53.4,0.0,0.0,0.0,0.0,0.0,10.0,36.1,92.2,5.6,12.6,304.0,1014.3,1014.3,2.7,5.2
2024-05-09 19:55:00+02:00,19.0,19.0,17.8,9.3,53.0,25.8,84.0,49.6,0.0,0.0,0.0,0.0,0.0,10.0,36.1,92.2,5.5,9.4,275.0,1014.1,1014.1,2.7,5.2
2024-05-09 20:00:00+02:00,19.0,19.0,17.3,9.4,54.0,25.7,84.0,47.1,0.0,0.0,0.0,0.0,0.0,10.0,36.1,92.2,7.9,14.4,288.0,1014.2,1014.2,2.7,5.2
2024-05-09 20:05:00+02:00,18.9,18.9,17.5,9.4,54.0,25.6,84.0,43.2,0.0,0.0,0.0,0.0,0.0,10.0,36.1,92.2,6.8,13.7,290.0,1014.2,1014.2,2.7,5.2
2024-05-09 20:10:00+02:00,18.8,18.8,17.9,9.4,54.0,25.5,84.0,38.5,0.0,0.0,0.0,0.0,0.0,10.0,36.1,92.2,4.4,12.2,276.0,1014.2,1014.2,2.7,5.2
2024-05-09 20:15:00+02:00,18.8,18.8,17.7,9.5,55.0,25.4,84.0,33.9,0.0,0.0,0.0,0.0,0.0,10.0,36.1,92.2,5.2,13.3,305.0,1014.2,1014.2,2.7,5.2
2024-05-09 20:20:00+02:00,18.6,18.6,17.1,9.4,55.0,25.4,84.0,28.3,0.0,0.0,0.0,0.0,0.0,10.0,36.1,92.2,7.0,14.8,293.0,1014.3,1014.3,2.7,5.2
2024-05-09 20:25:00+02:00,18.5,18.5,17.5,9.2,55.0,25.3,84.0,23.4,0.0,0.0,0.0,0.0,0.0,10.0,36.1,92.2,4.3,14.0,280.0,1014.3,1014.3,2.7,5.2
2024-05-09 20:30:00+02:00,18.4,18.4,17.6,9.2,55.0,25.2,84.0,20.4,0.0,0.0,0.0,0.0,0.0,10.0,36.1,92.2,3.6,10.4,280.0,1014.3,1014.3,2.7,5.2
2024-05-09 20:35:00+02:00,18.3,18.3,17.5,9.3,56.0,25.2,84.0,18.6,0.0,0.0,0.0,0.0,0.0,10.0,36.1,92.2,3.5,5.4,302.0,1014.4,1014.4,2.7,5.2
2024-05-09 20:40:00+02:00,18.2,18.2,17.3,9.5,57.0,25.1,84.0,16.2,0.0,0.0,0.0,0.0,0.0,10.0,36.1,92.2,3.9,7.9,293.0,1014.3,1014.3,2.7,5.2
2024-05-09 20:45:00+02:00,18.2,18.2,17.2,9.4,57.0,25.0,84.0,13.3,0.0,0.0,0.0,0.0,0.0,10.0,36.1,92.2,4.2,7.6,305.0,1014.5,1014.5,2.7,5.2
2024-05-09 20:50:00+02:00,18.0,18.0,17.1,9.5,57.0,24.9,84.0,10.3,0.0,0.0,0.0,0.0,0.0,10.0,36.1,92.2,4.0,8.3,300.0,1014.4,1014.4,2.7,5.2
2024-05-09 20:55:00+02:00,18.0,18.0,16.9,9.4,57.0,24.8,84.0,7.4,0.0,0.0,0.0,0.0,0.0,10.0,36.1,92.2,5.0,7.6,298.0,1014.4,1014.4,2.7,5.2
2024-05-09 21:00:00+02:00,17.9,17.9,16.9,9.3,57.0,24.8,84.0,5.0,0.0,0.0,0.0,0.0,0.0,10.0,36.1,92.2,4.0,6.8,341.0,1014.5,1014.5,2.7,5.2
2024-05-09 21:05:00+02:00,17.8,17.8,16.9,9.4,58.0,24.7,84.0,3.5,0.0,0.0,0.0,0.0,0.0,10.0,36.1,92.2,3.7,6.8,304.0,1014.6,1014.6,2.7,5.2
2024-05-09 21:10:00+02:00,17.7,17.7,16.9,9.6,59.0,24.6,84.0,2.3,0.0,0.0,0.0,0.0,0.0,10.0,36.1,92.2,3.7,7.9,312.0,1014.7,1014.7,2.7,5.2
2024-05-09 21:15:00+02:00,17.5,17.5,17.2,9.5,60.0,24.5,84.0,1.3,0.0,0.0,0.0,0.0,0.0,10.0,36.1,92.2,0.9,3.2,317.0,1014.7,1014.7,2.7,5.2
2024-05-09 21:20:00+02:00,17.2,17.2,17.1,9.8,62.0,24.4,84.0,0.6,0.0,0.0,0.0,0.0,0.0,10.0,36.1,92.2,0.4,1.8,359.0,1014.6,1014.6,2.7,5.2
2024-05-09 21:25:00+02:00,16.6,16.6,16.5,10.0,65.0,24.3,84.0,0.3,0.0,0.0,0.0,0.0,0.0,10.0,36.1,92.2,0.9,2.2,119.0,1014.7,1014.7,2.7,5.2
2024-05-09 21:30:00+02:00,16.0,16.0,15.9,10.2,68.0,24.2,84.0,0.2,0.0,0.0,0.0,0.0,0.0,10.0,36.1,92.2,1.1,2.9,126.0,1014.6,1014.6,2.7,5.2
2024-05-09 21:35:00+02:00,15.6,15.6,15.5,10.1,70.0,24.1,84.0,0.0,0.0,0.0,0.0,0.0,0.0,10.0,36.1,92.2,0.7,2.9,126.0,1014.7,1014.7,2.7,5.2
2024-05-09 21:40:00+02:00,15.3,15.3,15.3,10.0,71.0,24.0,84.0,0.0,0.0,0.0,0.0,0.0,0.0,10.0,36.1,92.2,0.4,2.2,111.0,1014.7,1014.7,2.7,5.2
2024-05-09 21:45:00+02:00,15.0,15.0,15.0,9.9,72.0,23.9,83.0,0.0,0.0,0.0,0.0,0.0,0.0,10.0,36.1,92.2,0.0,2.5,115.0,1014.7,1014.7,2.7,5.2
2024-05-09 21:50:00+02:00,14.6,14.6,14.3,10.3,75.0,23.8,83.0,0.0,0.0,0.0,0.0,0.0,0.0,10.0,36.1,92.2,2.1,2.9,112.0,1014.8,1014.8,2.7,5.2
2024-05-09 21:55:00+02:00,14.3,14.3,14.1,10.0,76.0,23.7,83.0,0.0,0.0,0.0,0.0,0.0,0.0,10.0,36.1,92.2,1.7,2.9,110.0,1014.8,1014.8,2.7,5.2
2024-05-09 22:00:00+02:00,14.2,14.2,13.9,10.1,77.0,23.6,83.0,0.0,0.0,0.0,0.0,0.0,0.0,10.0,36.1,92.2,1.6,2.9,116.0,1014.8,1014.8,2.7,5.2
2024-05-09 22:05:00+02:00,13.9,13.9,13.8,10.0,77.0,23.4,83.0,0.0,0.0,0.0,0.0,0.0,0.0,10.0,36.1,92.2,0.8,2.5,116.0,1014.8,1014.8,2.7,5.2
2024-05-09 22:10:00+02:00,13.8,13.8,13.8,10.1,79.0,23.4,83.0,0.0,0.0,0.0,0.0,0.0,0.0,10.0,36.1,92.2,0.0,2.5,89.0,1014.9,1014.9,2.7,5.2
2024-05-09 22:20:00+02:00,13.3,13.3,13.4,10.1,81.0,23.1,83.0,0.0,0.0,0.0,0.0,0.0,0.0,10.0,36.1,92.2,0.0,1.8,8.0,1015.0,1015.0,2.7,5.1
2024-05-09 22:25:00+02:00,13.1,13.1,12.9,10.1,82.0,23.0,83.0,0.0,0.0,0.0,0.0,0.0,0.0,10.0,36.1,92.2,1.7,2.9,113.0,1015.0,1015.0,2.7,5.1
2024-05-09 22:30:00+02:00,12.9,12.9,12.9,10.0,82.0,22.9,83.0,0.0,0.0,0.0,0.0,0.0,0.0,10.0,36.1,92.2,0.4,3.2,93.0,1015.0,1015.0,2.7,5.1
2024-05-09 22:35:00+02:00,12.7,12.7,12.5,10.0,84.0,22.8,83.0,0.0,0.0,0.0,0.0,0.0,0.0,10.0,36.1,92.2,1.2,3.6,113.0,1015.1,1015.1,2.7,5.1
2024-05-09 22:40:00+02:00,12.6,12.6,12.2,10.1,84.0,22.7,83.0,0.0,0.0,0.0,0.0,0.0,0.0,10.0,36.1,92.2,2.2,4.0,109.0,1015.0,1015.0,2.7,5.1
2024-05-09 22:45:00+02:00,12.6,12.6,12.7,10.2,85.0,22.6,83.0,0.0,0.0,0.0,0.0,0.0,0.0,10.0,36.1,92.2,0.0,2.5,88.0,1015.2,1015.2,2.7,5.1
2024-05-09 22:50:00+02:00,12.5,12.5,12.5,10.2,86.0,22.4,83.0,0.0,0.0,0.0,0.0,0.0,0.0,10.0,36.1,92.2,0.4,2.2,124.0,1015.2,1015.2,2.7,5.1
2024-05-09 22:55:00+02:00,12.3,12.3,12.4,10.1,86.0,22.3,83.0,0.0,0.0,0.0,0.0,0.0,0.0,10.0,36.1,92.2,0.0,1.8,120.0,1015.1,1015.1,2.7,5.1
2024-05-09 23:00:00+02:00,12.3,12.3,12.4,10.2,87.0,22.2,83.0,0.0,0.0,0.0,0.0,0.0,0.0,10.0,36.1,92.2,0.0,1.8,128.0,1015.1,1015.1,2.7,5.1
2024-05-09 23:05:00+02:00,12.1,12.1,12.0,10.0,87.0,22.2,83.0,0.0,0.0,0.0,0.0,0.0,0.0,10.0,36.1,92.2,0.7,2.2,126.0,1015.1,1015.1,2.7,5.1
2024-05-09 23:10:00+02:00,12.2,12.2,12.2,10.0,87.0,22.0,83.0,0.0,0.0,0.0,0.0,0.0,0.0,10.0,36.1,92.2,0.0,2.2,82.0,1015.0,1015.0,2.7,5.1
2024-05-09 23:15:00+02:00,12.4,12.4,12.3,10.0,86.0,21.9,83.0,0.0,0.0,0.0,0.0,0.0,0.0,10.0,36.1,92.2,0.8,2.5,73.0,1015.0,1015.0,2.7,5.1
2024-05-09 23:20:00+02:00,12.5,12.5,12.4,10.1,85.0,21.8,83.0,0.0,0.0,0.0,0.0,0.0,0.0,10.0,36.1,92.2,0.8,2.5,29.0,1015.1,1015.1,2.7,5.1
2024-05-09 23:25:00+02:00,12.6,12.6,12.6,10.1,85.0,21.7,83.0,0.0,0.0,0.0,0.0,0.0,0.0,10.0,36.1,92.2,0.4,2.2,120.0,1015.1,1015.1,2.7,5.1
2024-05-09 23:30:00+02:00,12.8,12.8,12.9,10.2,84.0,21.6,83.0,0.0,0.0,0.0,0.0,0.0,0.0,10.0,36.1,92.2,0.0,1.8,46.0,1015.1,1015.1,2.7,5.1
2024-05-09 23:35:00+02:00,12.5,12.5,12.3,10.1,85.0,21.5,83.0,0.0,0.0,0.0,0.0,0.0,0.0,10.0,36.1,92.2,1.5,3.6,115.0,1015.2,1015.2,2.7,5.1
2024-05-09 23:40:00+02:00,12.2,12.2,11.8,10.0,86.0,21.4,83.0,0.0,0.0,0.0,0.0,0.0,0.0,10.0,36.1,92.2,2.5,3.6,106.0,1015.0,1015.0,2.7,5.1
2024-05-09 23:45:00+02:00,12.2,12.2,12.0,10.1,87.0,21.3,83.0,0.0,0.0,0.0,0.0,0.0,0.0,10.0,36.1,92.2,1.5,3.6,116.0,1015.1,1015.1,2.7,5.1
2024-05-09 23:50:00+02:00,12.1,12.1,11.8,10.0,87.0,21.1,83.0,0.0,0.0,0.0,0.0,0.0,0.0,10.0,36.1,92.2,1.9,3.2,117.0,1015.1,1015.1,2.7,5.1
2024-05-09 23:55:00+02:00,12.1,12.1,11.7,10.0,87.0,21.1,83.0,0.0,0.0,0.0,0.0,0.0,0.0,10.0,36.1,92.2,1.9,4.0,110.0,1015.0,1015.0,2.7,5.1
2024-05-10 00:00:00+02:00,12.1,12.1,11.9,9.9,87.0,20.9,83.0,0.0,0.0,0.0,0.0,0.0,0.0,10.0,36.1,92.2,1.2,3.6,109.0,1015.1,1015.1,2.7,5.1
2024-05-10 00:05:00+02:00,12.1,12.1,11.7,10.0,87.0,20.8,83.0,0.0,0.0,0.0,0.0,0.0,0.0,10.0,36.1,92.2,2.1,3.6,109.0,1015.1,1015.1,2.7,5.0
2024-05-10 00:10:00+02:00,12.1,12.1,11.7,10.0,87.0,20.7,83.0,0.0,0.0,0.0,0.0,0.0,0.0,10.0,36.1,92.2,1.9,4.3,111.0,1015.0,1015.0,2.7,5.0
2024-05-10 00:15:00+02:00,12.0,12.0,11.6,9.9,87.0,20.7,83.0,0.0,0.0,0.0,0.0,0.0,0.0,10.0,36.1,92.2,2.0,3.6,110.0,1015.0,1015.0,2.7,5.0
2024-05-10 00:20:00+02:00,11.9,11.9,11.4,10.0,88.0,20.5,83.0,0.0,0.0,0.0,0.0,0.0,0.0,10.0,36.1,92.2,2.9,4.0,113.0,1015.1,1015.1,2.7,5.0
2024-05-10 00:25:00+02:00,11.8,11.8,11.2,10.0,89.0,20.5,83.0,0.0,0.0,0.0,0.0,0.0,0.0,10.0,36.1,92.2,3.5,4.0,115.0,1015.1,1015.1,2.7,5.0
2024-05-10 00:30:00+02:00,11.7,11.7,11.1,9.9,89.0,20.3,83.0,0.0,0.0,0.0,0.0,0.0,0.0,10.0,36.1,92.2,3.0,4.0,112.0,1015.2,1015.2,2.7,5.0
2024-05-10 00:35:00+02:00,11.6,11.6,10.9,10.0,90.0,20.2,83.0,0.0,0.0,0.0,0.0,0.0,0.0,10.0,36.1,92.2,3.7,4.7,117.0,1015.1,1015.1,2.7,5.0
2024-05-10 00:40:00+02:00,11.4,11.4,10.8,9.9,90.0,20.2,83.0,0.0,0.0,0.0,0.0,0.0,0.0,10.0,36.1,92.2,3.2,4.3,116.0,1015.1,1015.1,2.7,5.0
2024-05-10 00:45:00+02:00,11.4,11.4,10.8,9.8,90.0,20.0,83.0,0.0,0.0,0.0,0.0,0.0,0.0,10.0,36.1,92.2,3.0,4.3,114.0,1015.0,1015.0,2.7,5.0
2024-05-10 00:50:00+02:00,11.4,11.4,10.9,9.8,90.0,19.9,83.0,0.0,0.0,0.0,0.0,0.0,0.0,10.0,36.1,92.2,2.8,4.0,110.0,1015.0,1015.0,2.7,5.0
2024-05-10 00:55:00+02:00,11.2,11.2,10.7,9.8,90.0,19.8,83.0,0.0,0.0,0.0,0.0,0.0,0.0,10.0,36.1,92.2,2.7,4.0,116.0,1015.0,1015.0,2.7,5.0
2024-05-10 01:00:00+02:00,11.1,11.1,10.7,9.7,91.0,19.7,83.0,0.0,0.0,0.0,0.0,0.0,0.0,10.0,36.1,92.2,1.7,3.2,101.0,1014.9,1014.9,2.7,5.0
2024-05-10 01:05:00+02:00,10.9,10.9,10.7,9.5,91.0,19.7,83.0,0.0,0.0,0.0,0.0,0.0,0.0,10.0,36.1,92.2,0.5,2.9,122.0,1015.0,1015.0,2.7,5.0
2024-05-10 01:10:00+02:00,10.7,10.7,10.5,9.3,91.0,19.6,83.0,0.0,0.0,0.0,0.0,0.0,0.0,10.0,36.1,92.2,0.4,2.5,98.0,1015.0,1015.0,2.7,5.0
2024-05-10 01:15:00+02:00,10.6,10.6,10.2,9.4,92.0,19.5,83.0,0.0,0.0,0.0,0.0,0.0,0.0,10.0,36.1,92.2,1.9,3.2,106.0,1015.0,1015.0,2.7,5.0
2024-05-10 01:20:00+02:00,10.7,10.7,10.3,9.6,93.0,19.4,83.0,0.0,0.0,0.0,0.0,0.0,0.0,10.0,36.1,92.2,1.4,2.9,105.0,1015.0,1015.0,2.7,5.0
2024-05-10 01:25:00+02:00,10.5,10.5,10.3,9.4,93.0,19.3,83.0,0.0,0.0,0.0,0.0,0.0,0.0,10.0,36.1,92.2,0.4,3.6,117.0,1015.1,1015.1,2.7,5.0
2024-05-10 01:30:00+02:00,10.4,10.4,10.0,9.4,93.0,19.3,83.0,0.0,0.0,0.0,0.0,0.0,0.0,10.0,36.1,92.2,1.6,2.9,112.0,1015.0,1015.0,2.7,5.0
2024-05-10 01:35:00+02:00,10.4,10.4,10.3,9.4,94.0,19.2,83.0,0.0,0.0,0.0,0.0,0.0,0.0,10.0,36.1,92.2,0.0,2.2,119.0,1015.0,1015.0,2.7,5.0
2024-05-10 01:40:00+02:00,10.6,10.6,10.5,9.6,94.0,19.1,83.0,0.0,0.0,0.0,0.0,0.0,0.0,10.0,36.1,92.2,0.0,1.8,338.0,1015.0,1015.0,2.7,5.0
2024-05-10 01:45:00+02:00,10.7,10.7,10.7,9.6,93.0,19.0,83.0,0.0,0.0,0.0,0.0,0.0,0.0,10.0,36.1,92.2,0.0,1.8,341.0,1014.9,1014.9,2.7,5.0
2024-05-10 01:50:00+02:00,10.7,10.7,10.6,9.6,93.0,18.9,83.0,0.0,0.0,0.0,0.0,0.0,0.0,10.0,36.1,92.2,0.4,2.2,102.0,1014.9,1014.9,2.7,5.0
2024-05-10 01:55:00+02:00,10.4,10.4,10.0,9.3,93.0,18.9,83.0,0.0,0.0,0.0,0.0,0.0,0.0,10.0,36.1,92.2,1.2,2.9,110.0,1014.8,1014.8,2.7,4.9
2024-05-10 02:00:00+02:00,10.3,10.3,10.1,9.3,94.0,18.8,83.0,0.0,0.0,0.0,0.0,0.0,0.0,10.0,36.1,92.2,0.0,2.2,56.0,1014.8,1014.8,2.7,4.9
2024-05-10 02:05:00+02:00,10.4,10.4,10.3,9.4,94.0,18.7,83.0,0.0,0.0,0.0,0.0,0.0,0.0,10.0,36.1,92.2,0.0,1.8,7.0,1015.0,1015.0,2.7,4.9
2024-05-10 02:10:00+02:00,10.4,10.4,10.4,9.5,94.0,18.7,83.0,0.0,0.0,0.0,0.0,0.0,0.0,10.0,36.1,92.2,0.0,1.8,18.0,1014.8,1014.8,2.7,4.9
2024-05-10 02:15:00+02:00,10.4,10.4,10.3,9.4,94.0,18.6,83.0,0.0,0.0,0.0,0.0,0.0,0.0,10.0,36.1,92.2,0.0,1.8,67.0,1014.8,1014.8,2.7,4.9
2024-05-10 02:20:00+02:00,10.1,10.1,9.6,9.2,94.0,18.5,83.0,0.0,0.0,0.0,0.0,0.0,0.0,10.0,36.1,92.2,1.6,2.5,108.0,1014.8,1014.8,2.7,4.9
2024-05-10 02:25:00+02:00,10.0,10.0,9.3,9.2,95.0,18.4,83.0,0.0,0.0,0.0,0.0,0.0,0.0,10.0,36.1,92.2,2.7,4.0,110.0,1014.7,1014.7,2.7,4.9
2024-05-10 02:30:00+02:00,9.9,9.9,9.2,9.2,95.0,18.4,83.0,0.0,0.0,0.0,0.0,0.0,0.0,10.0,36.1,92.2,2.8,4.0,104.0,1014.8,1014.8,2.7,4.9
2024-05-10 02:35:00+02:00,9.8,9.8,9.2,9.2,96.0,18.3,83.0,0.0,0.0,0.0,0.0,0.0,0.0,10.0,36.1,92.2,2.7,4.0,106.0,1014.7,1014.7,2.7,4.9
2024-05-10 02:40:00+02:00,9.8,9.8,9.2,9.2,96.0,18.2,83.0,0.0,0.0,0.0,0.0,0.0,0.0,10.0,36.1,92.2,2.0,3.2,106.0,1014.9,1014.9,2.7,4.9
2024-05-10 02:45:00+02:00,9.7,9.7,9.4,9.1,96.0,18.2,83.0,0.0,0.0,0.0,0.0,0.0,0.0,10.0,36.1,92.2,0.4,2.5,65.0,1014.8,1014.8,2.7,4.9
2024-05-10 02:50:00+02:00,9.8,9.8,9.6,9.2,96.0,18.1,83.0,0.0,0.0,0.0,0.0,0.0,0.0,10.0,36.1,92.2,0.0,0.0,43.0,1014.6,1014.6,2.7,4.9
2024-05-10 02:55:00+02:00,9.8,9.8,9.6,9.2,96.0,18.0,83.0,0.0,0.0,0.0,0.0,0.0,0.0,10.0,36.1,92.2,0.0,0.0,57.0,1014.5,1014.5,2.7,4.9
2024-05-10 03:00:00+02:00,9.6,9.6,8.9,9.0,96.0,17.9,83.0,0.0,0.0,0.0,0.0,0.0,0.0,10.0,36.1,92.2,2.4,4.3,101.0,1014.5,1014.5,2.7,4.9
2024-05-10 03:05:00+02:00,9.5,9.5,8.6,9.0,96.0,17.9,83.0,0.0,0.0,0.0,0.0,0.0,0.0,10.0,36.1,92.2,3.8,4.3,114.0,1014.5,1014.5,2.7,4.9
2024-05-10 03:10:00+02:00,9.4,9.4,8.7,8.9,97.0,17.8,83.0,0.0,0.0,0.0,0.0,0.0,0.0,10.0,36.1,92.2,2.3,4.3,112.0,1014.4,1014.4,2.7,4.9
2024-05-10 03:15:00+02:00,9.3,9.3,9.0,8.8,97.0,17.7,83.0,0.0,0.0,0.0,0.0,0.0,0.0,10.0,36.1,92.2,0.4,2.5,110.0,1014.5,1014.5,2.7,4.9
2024-05-10 03:20:00+02:00,9.1,9.1,8.5,8.6,97.0,17.7,83.0,0.0,0.0,0.0,0.0,0.0,0.0,10.0,36.1,92.2,1.2,2.5,102.0,1014.4,1014.4,2.7,4.9
2024-05-10 03:25:00+02:00,9.2,9.2,8.3,8.8,97.0,17.6,83.0,0.0,0.0,0.0,0.0,0.0,0.0,10.0,36.1,92.2,3.2,4.0,114.0,1014.3,1014.3,2.7,4.9
2024-05-10 03:30:00+02:00,9.3,9.3,8.5,8.8,97.0,17.5,83.0,0.0,0.0,0.0,0.0,0.0,0.0,10.0,36.1,92.2,3.0,4.0,112.0,1014.3,1014.3,2.7,4.9
2024-05-10 03:35:00+02:00,9.3,9.3,8.5,8.8,97.0,17.5,83.0,0.0,0.0,0.0,0.0,0.0,0.0,10.0,36.1,92.2,2.5,3.2,113.0,1014.2,1014.2,2.7,4.8
2024-05-10 03:40:00+02:00,9.2,9.2,8.5,8.8,97.0,17.4,83.0,0.0,0.0,0.0,0.0,0.0,0.0,10.0,36.1,92.2,2.2,3.2,104.0,1014.1,1014.1,2.7,4.8
2024-05-10 03:45:00+02:00,9.0,9.0,8.4,8.6,97.0,17.3,83.0,0.0,0.0,0.0,0.0,0.0,0.0,10.0,36.1,92.2,1.6,2.9,104.0,1014.1,1014.1,2.7,4.8
2024-05-10 03:50:00+02:00,9.0,9.0,8.6,8.5,97.0,17.2,83.0,0.0,0.0,0.0,0.0,0.0,0.0,10.0,36.1,92.2,0.0,2.5,57.0,1014.2,1014.2,2.7,4.8
2024-05-10 03:55:00+02:00,9.2,9.2,8.9,8.8,97.0,17.2,83.0,0.0,0.0,0.0,0.0,0.0,0.0,10.0,36.1,92.2,0.0,0.0,31.0,1014.2,1014.2,2.7,4.8
2024-05-10 04:00:00+02:00,9.2,9.2,8.9,8.9,98.0,17.1,83.0,0.0,0.0,0.0,0.0,0.0,0.0,10.0,36.1,92.2,0.0,1.8,8.0,1014.1,1014.1,2.7,4.8
2024-05-10 04:05:00+02:00,9.2,9.2,8.5,8.7,97.0,17.1,83.0,0.0,0.0,0.0,0.0,0.0,0.0,10.0,36.1,92.2,1.7,3.2,119.0,1014.2,1014.2,2.7,4.8
2024-05-10 04:10:00+02:00,9.1,9.1,8.2,8.8,98.0,17.0,83.0,0.0,0.0,0.0,0.0,0.0,0.0,10.0,36.1,92.2,3.5,5.0,118.0,1014.1,1014.1,2.7,4.8
2024-05-10 04:15:00+02:00,9.0,9.0,8.3,8.7,98.0,16.9,83.0,0.0,0.0,0.0,0.0,0.0,0.0,10.0,36.1,92.2,1.7,4.7,108.0,1014.0,1014.0,2.7,4.8
2024-05-10 04:20:00+02:00,8.8,8.8,8.1,8.5,98.0,16.9,83.0,0.0,0.0,0.0,0.0,0.0,0.0,10.0,36.1,92.2,1.7,2.5,102.0,1014.0,1014.0,2.7,4.8
2024-05-10 04:25:00+02:00,8.7,8.7,8.2,8.4,98.0,16.8,83.0,0.0,0.0,0.0,0.0,0.0,0.0,10.0,36.1,92.2,0.7,2.5,100.0,1014.0,1014.0,2.7,4.8
2024-05-10 04:30:00+02:00,8.7,8.7,8.3,8.4,98.0,16.8,83.0,0.0,0.0,0.0,0.0,0.0,0.0,10.0,36.1,92.2,0.0,2.2,129.0,1014.0,1014.0,2.7,4.8
2024-05-10 04:35:00+02:00,8.7,8.7,8.2,8.4,98.0,16.7,83.0,0.0,0.0,0.0,0.0,0.0,0.0,10.0,36.1,92.2,0.4,2.5,128.0,1013.9,1013.9,2.7,4.8
2024-05-10 04:40:00+02:00,8.7,8.7,8.2,8.4,98.0,16.6,83.0,0.0,0.0,0.0,0.0,0.0,0.0,10.0,36.1,92.2,0.4,2.5,61.0,1014.0,1014.0,2.7,4.8
2024-05-10 04:45:00+02:00,8.5,8.5,7.9,8.2,98.0,16.6,83.0,0.0,0.0,0.0,0.0,0.0,0.0,10.0,36.1,92.2,1.2,2.5,101.0,1014.0,1014.0,2.7,4.8
2024-05-10 04:50:00+02:00,8.4,8.4,7.6,8.1,98.0,16.5,83.0,0.0,0.0,0.0,0.0,0.0,0.0,10.0,36.1,92.2,1.9,2.9,107.0,1014.0,1014.0,2.7,4.8
2024-05-10 04:55:00+02:00,8.5,8.5,7.8,8.2,98.0,16.5,83.0,0.0,0.0,0.0,0.0,0.0,0.0,10.0,36.1,92.2,1.4,2.9,105.0,1014.0,1014.0,2.7,4.8
2024-05-10 05:00:00+02:00,8.4,8.4,7.9,8.1,98.0,16.4,83.0,0.0,0.0,0.0,0.0,0.0,0.0,10.0,36.1,92.2,0.4,2.5,110.0,1014.0,1014.0,2.7,4.8
2024-05-10 05:05:00+02:00,8.3,8.3,7.4,8.0,98.0,16.4,83.0,0.0,0.0,0.0,0.0,0.0,0.0,10.0,36.1,92.2,2.2,4.0,110.0,1014.1,1014.1,2.7,4.8
2024-05-10 05:10:00+02:00,8.5,8.5,7.5,8.2,98.0,16.3,83.0,0.0,0.0,0.0,0.0,0.0,0.0,10.0,36.1,92.2,2.8,4.0,109.0,1014.0,1014.0,2.7,4.8
2024-05-10 05:15:00+02:00,8.5,8.5,7.6,8.2,98.0,16.3,83.0,0.1,0.0,0.0,0.0,0.0,0.0,10.0,36.1,92.2,2.4,3.2,109.0,1013.9,1013.9,2.7,4.7
2024-05-10 05:20:00+02:00,8.4,8.4,7.5,8.1,98.0,16.2,83.0,0.2,0.0,0.0,0.0,0.0,0.0,10.0,36.1,92.2,2.3,3.2,112.0,1014.0,1014.0,2.7,4.7
2024-05-10 05:25:00+02:00,8.4,8.4,7.5,8.1,98.0,16.2,83.0,0.3,0.0,0.0,0.0,0.0,0.0,10.0,36.1,92.2,2.2,2.9,102.0,1014.0,1014.0,2.7,4.7
2024-05-10 05:30:00+02:00,8.3,8.3,7.5,8.0,98.0,16.1,83.0,0.6,0.0,0.0,0.0,0.0,0.0,10.0,36.1,92.2,1.7,2.9,107.0,1014.0,1014.0,2.7,4.7
2024-05-10 05:35:00+02:00,8.2,8.2,7.5,7.9,98.0,16.1,83.0,1.2,0.0,0.0,0.0,0.0,0.0,10.0,36.1,92.2,1.2,2.5,103.0,1013.9,1013.9,2.7,4.7
2024-05-10 05:40:00+02:00,8.0,8.0,7.4,7.8,98.0,16.0,83.0,2.0,0.0,0.0,0.0,0.0,0.0,10.0,36.1,92.2,0.4,2.5,102.0,1014.0,1014.0,2.7,4.7
2024-05-10 05:45:00+02:00,8.0,8.0,7.0,7.7,98.0,16.0,83.0,3.0,0.0,0.0,0.0,0.0,0.0,10.0,36.1,92.2,1.9,3.2,109.0,1014.0,1014.0,2.7,4.7
2024-05-10 05:50:00+02:00,8.3,8.3,7.4,8.1,99.0,15.9,83.0,4.3,0.0,0.0,0.0,0.0,0.0,10.0,36.1,92.2,2.4,2.9,112.0,1014.0,1014.0,2.7,4.7
2024-05-10 05:55:00+02:00,8.3,8.3,7.6,8.0,98.0,15.8,83.0,5.9,0.0,0.0,0.0,0.0,0.0,10.0,36.1,92.2,1.1,2.9,101.0,1014.0,1014.0,2.7,4.7
2024-05-10 06:00:00+02:00,8.2,8.2,7.3,8.1,99.0,15.8,83.0,7.8,0.0,0.0,0.0,0.0,0.0,10.0,36.1,92.2,2.4,3.2,113.0,1014.2,1014.2,2.7,4.7
2024-05-10 06:05:00+02:00,8.3,8.3,7.6,8.1,99.0,15.7,83.0,9.9,0.0,0.0,0.0,0.0,0.0,10.0,36.1,92.2,1.2,2.9,105.0,1014.2,1014.2,2.7,4.7
2024-05-10 06:10:00+02:00,8.2,8.2,7.8,8.1,99.0,15.7,83.0,11.8,0.0,0.0,0.0,0.0,0.0,10.0,36.1,92.2,0.0,2.2,43.0,1014.2,1014.2,2.7,4.7
2024-05-10 06:15:00+02:00,8.2,8.2,7.6,8.1,99.0,15.7,83.0,14.4,0.0,0.0,0.0,0.0,0.0,10.0,36.1,92.2,1.2,2.9,111.0,1014.2,1014.2,2.7,4.7
2024-05-10 06:20:00+02:00,8.3,8.3,7.3,8.1,99.0,15.6,83.0,17.0,0.0,0.0,0.0,0.0,0.0,10.0,36.1,92.2,3.0,4.0,109.0,1014.3,1014.3,2.7,4.7
2024-05-10 06:25:00+02:00,8.3,8.3,7.4,8.2,99.0,15.6,83.0,19.9,0.0,0.0,0.0,0.0,0.0,10.0,36.1,92.2,2.7,3.6,110.0,1014.2,1014.2,2.7,4.7
2024-05-10 06:30:00+02:00,8.4,8.4,7.5,8.2,99.0,15.5,84.0,23.0,0.0,0.0,0.0,0.0,0.0,10.0,36.1,92.2,2.4,3.6,108.0,1014.2,1014.2,2.7,4.7
2024-05-10 06:35:00+02:00,8.5,8.5,7.8,8.3,99.0,15.5,84.0,26.1,0.0,0.0,0.0,0.0,0.0,10.0,36.1,92.2,1.7,3.6,101.0,1014.2,1014.2,2.7,4.7
2024-05-10 06:40:00+02:00,8.4,8.4,8.0,8.3,99.0,15.5,84.0,29.2,0.0,0.0,0.0,0.0,0.0,10.0,36.1,92.2,0.0,1.8,98.0,1014.2,1014.2,2.7,4.7
2024-05-10 06:45:00+02:00,8.6,8.6,8.2,8.4,99.0,15.4,84.0,32.4,0.0,0.0,0.0,0.0,0.0,10.0,36.1,92.2,0.0,0.0,103.0,1014.2,1014.2,2.7,4.7
2024-05-10 06:50:00+02:00,9.0,9.0,8.7,8.8,99.0,15.4,84.0,35.7,0.0,0.0,0.0,0.0,0.0,10.0,36.1,92.2,0.0,1.8,64.0,1014.3,1014.3,2.7,4.7
2024-05-10 06:55:00+02:00,9.1,9.1,8.7,8.9,99.0,15.4,84.0,38.7,0.0,0.0,0.0,0.0,0.0,10.0,36.1,92.2,0.7,2.2,89.0,1014.3,1014.3,2.7,4.7
2024-05-10 07:00:00+02:00,9.1,9.1,8.4,8.9,99.0,15.4,84.0,41.4,0.0,0.0,0.0,0.0,0.0,10.0,36.1,92.2,2.4,3.2,103.0,1014.4,1014.4,2.7,4.7
2024-05-10 07:05:00+02:00,9.2,9.2,8.7,9.0,99.0,15.4,84.0,44.4,0.0,0.0,0.0,0.0,0.0,10.0,36.1,92.2,1.2,2.5,96.0,1014.4,1014.4,2.7,4.7
2024-05-10 07:10:00+02:00,9.3,9.3,8.8,9.1,99.0,15.4,84.0,47.2,0.0,0.0,0.0,0.0,0.0,10.0,36.1,92.2,1.7,2.9,105.0,1014.4,1014.4,2.7,4.7
2024-05-10 07:15:00+02:00,9.5,9.5,8.9,9.3,99.0,15.4,84.0,52.1,0.0,0.0,0.0,0.0,0.0,10.0,36.1,92.2,2.2,3.2,110.0,1014.3,1014.3,2.7,4.7
2024-05-10 07:20:00+02:00,9.6,9.6,9.3,9.4,99.0,15.4,84.0,54.1,0.0,0.0,0.0,0.0,0.0,10.0,36.1,92.2,0.9,2.5,99.0,1014.3,1014.3,2.7,4.7
2024-05-10 07:25:00+02:00,9.8,9.8,9.2,9.6,99.0,15.4,84.0,56.6,0.0,0.0,0.0,0.0,0.0,10.0,36.1,92.2,2.4,3.6,107.0,1014.4,1014.4,2.7,4.7
2024-05-10 07:30:00+02:00,10.0,10.0,9.6,9.8,99.0,15.4,84.0,59.8,0.0,0.0,0.0,0.0,0.0,10.0,36.1,92.2,1.7,3.6,106.0,1014.3,1014.3,2.7,4.7
2024-05-10 07:35:00+02:00,10.1,10.1,10.2,10.0,99.0,15.4,84.0,61.9,0.0,0.0,0.0,0.0,0.0,10.0,36.1,92.2,0.0,2.2,79.0,1014.3,1014.3,2.7,4.7
2024-05-10 07:40:00+02:00,10.4,10.4,10.6,10.3,99.0,15.5,84.0,64.2,0.0,0.0,0.0,0.0,0.0,10.0,36.1,92.2,0.0,1.8,316.0,1014.3,1014.3,2.7,4.7
2024-05-10 07:45:00+02:00,10.7,10.7,10.9,10.6,99.0,15.5,84.0,66.1,0.0,0.0,0.0,0.0,0.0,10.0,36.1,92.2,0.0,1.8,312.0,1014.3,1014.3,2.7,4.7
2024-05-10 07:50:00+02:00,10.9,10.9,11.2,10.7,99.0,15.5,84.0,68.7,0.0,0.0,0.0,0.0,0.0,10.0,36.1,92.2,0.0,2.2,326.0,1014.4,1014.4,2.7,4.7
2024-05-10 07:55:00+02:00,11.2,11.2,11.5,10.9,98.0,15.6,84.0,70.9,0.0,0.0,0.0,0.0,0.0,10.0,36.1,92.2,0.0,3.2,315.0,1014.5,1014.5,2.7,4.7
2024-05-10 08:00:00+02:00,11.6,11.6,11.9,11.0,96.0,15.7,85.0,74.7,0.0,0.0,0.0,0.0,0.0,10.0,36.1,92.2,0.0,3.2,360.0,1014.6,1014.6,2.7,4.7
2024-05-10 08:05:00+02:00,11.8,11.8,12.0,10.7,93.0,15.7,85.0,79.2,0.0,0.0,0.0,0.0,0.0,10.0,36.1,92.2,0.4,3.2,348.0,1014.5,1014.5,2.7,4.8
2024-05-10 08:10:00+02:00,12.1,12.1,12.2,10.8,92.0,15.7,85.0,82.1,0.0,0.0,0.0,0.0,0.0,10.0,36.1,92.2,1.2,3.2,267.0,1014.6,1014.6,2.7,4.8
2024-05-10 08:15:00+02:00,12.3,12.3,12.5,10.8,91.0,15.8,85.0,82.4,0.0,0.0,0.0,0.0,0.0,10.0,36.1,92.2,0.4,3.2,47.0,1014.7,1014.7,2.7,4.8
2024-05-10 08:20:00+02:00,12.5,12.5,12.6,10.7,89.0,15.9,85.0,107.7,1.0,0.0,0.0,0.0,0.0,10.0,36.1,92.2,0.8,2.9,347.0,1014.6,1014.6,2.7,4.8
2024-05-10 08:25:00+02:00,13.0,13.0,13.2,11.0,88.0,15.9,85.0,187.6,1.0,0.0,0.0,0.0,0.0,10.0,36.1,92.2,0.6,3.6,271.0,1014.8,1014.8,2.7,4.8
2024-05-10 08:30:00+02:00,13.6,13.6,13.8,11.5,87.0,16.0,85.0,198.3,1.0,0.0,0.0,0.0,0.0,10.0,36.1,92.2,1.6,3.6,315.0,1014.7,1014.7,2.7,4.8
2024-05-10 08:35:00+02:00,13.9,13.9,14.0,11.4,85.0,16.1,85.0,226.6,2.0,0.0,0.0,0.0,0.0,10.0,36.1,92.2,1.9,4.7,279.0,1014.7,1014.7,2.7,4.9
2024-05-10 08:40:00+02:00,14.3,14.3,14.5,11.4,83.0,16.2,86.0,230.5,2.0,0.0,0.0,0.0,0.0,10.0,36.1,92.2,1.4,3.2,316.0,1014.7,1014.7,2.7,4.9
2024-05-10 08:45:00+02:00,14.5,14.5,14.5,11.4,81.0,16.3,86.0,264.8,2.0,0.0,0.0,0.0,0.0,10.0,36.1,92.2,2.4,5.8,293.0,1014.7,1014.7,2.7,5.0
2024-05-10 08:50:00+02:00,14.9,14.9,14.8,11.7,81.0,16.5,86.0,284.8,2.0,0.0,0.0,0.0,0.0,10.0,36.1,92.2,3.2,6.5,256.0,1014.7,1014.7,2.7,5.0
2024-05-10 08:55:00+02:00,15.1,15.1,14.9,11.7,80.0,16.7,87.0,299.9,2.0,0.0,0.0,0.0,0.0,10.0,36.1,92.2,3.7,6.5,278.0,1014.7,1014.7,2.7,5.0
2024-05-10 09:00:00+02:00,15.3,15.3,15.2,11.7,79.0,17.0,87.0,306.8,2.0,0.0,0.0,0.0,0.0,10.0,36.1,92.2,3.3,7.6,285.0,1014.7,1014.7,2.7,5.0
2024-05-10 09:05:00+02:00,15.8,15.8,16.1,11.7,76.0,17.2,87.0,307.1,2.0,0.0,0.0,0.0,0.0,10.0,36.1,92.2,1.2,5.8,287.0,1014.7,1014.7,2.7,5.1
2024-05-10 09:10:00+02:00,16.1,16.1,15.6,11.6,75.0,17.5,87.0,306.5,2.0,0.0,0.0,0.0,0.0,10.0,36.1,92.2,5.0,6.8,294.0,1014.7,1014.7,2.7,5.1
2024-05-10 09:15:00+02:00,16.6,16.6,16.9,11.5,72.0,17.7,87.0,299.9,2.0,0.0,0.0,0.0,0.0,10.0,36.1,92.2,0.8,6.8,16.0,1014.6,1014.6,2.7,5.2
2024-05-10 09:20:00+02:00,16.7,16.7,16.4,11.4,71.0,17.8,87.0,255.2,2.0,0.0,0.0,0.0,0.0,10.0,36.1,92.2,3.5,7.9,322.0,1014.7,1014.7,2.7,5.2
2024-05-10 09:25:00+02:00,16.6,16.6,16.2,11.3,71.0,18.1,87.0,268.4,2.0,0.0,0.0,0.0,0.0,10.0,36.1,92.2,4.3,8.6,275.0,1014.6,1014.6,2.7,5.2
2024-05-10 09:30:00+02:00,16.7,16.7,16.2,11.1,70.0,18.3,87.0,281.2,2.0,0.0,0.0,0.0,0.0,10.0,36.1,92.2,4.4,9.0,300.0,1014.6,1014.6,2.7,5.2
2024-05-10 09:35:00+02:00,17.0,17.0,16.7,11.1,68.0,18.6,87.0,289.0,2.0,0.0,0.0,0.0,0.0,10.0,36.1,92.2,3.6,7.9,286.0,1014.6,1014.6,2.7,5.2
2024-05-10 09:40:00+02:00,17.2,17.2,16.5,11.0,67.0,18.8,87.0,296.6,2.0,0.0,0.0,0.0,0.0,10.0,36.1,92.2,4.9,9.7,278.0,1014.7,1014.7,2.7,5.2
2024-05-10 09:45:00+02:00,17.5,17.5,16.7,11.0,66.0,19.1,86.0,303.8,2.0,0.0,0.0,0.0,0.0,10.0,36.1,92.2,5.8,9.7,276.0,1014.7,1014.7,2.7,5.2
2024-05-10 09:50:00+02:00,17.3,17.3,16.2,10.8,65.0,19.4,86.0,319.3,2.0,0.0,0.0,0.0,0.0,10.0,36.1,92.2,7.2,12.6,305.0,1014.7,1014.7,2.7,5.2
2024-05-10 09:55:00+02:00,17.5,17.5,16.4,10.8,65.0,19.7,86.0,323.1,3.0,0.0,0.0,0.0,0.0,10.0,36.1,92.2,6.6,11.2,279.0,1014.7,1014.7,2.7,5.2
2024-05-10 10:00:00+02:00,17.8,17.8,17.2,11.1,65.0,20.1,86.0,339.1,3.0,0.0,0.0,0.0,0.0,10.0,36.1,92.2,5.2,8.3,287.0,1014.6,1014.6,2.7,5.2
2024-05-10 10:05:00+02:00,17.7,17.7,16.7,10.7,64.0,20.3,86.0,324.6,3.0,0.0,0.0,0.0,0.0,10.0,36.1,92.2,6.3,11.9,338.0,1014.7,1014.7,2.7,5.2
2024-05-10 10:10:00+02:00,17.5,17.5,16.4,10.3,63.0,20.6,86.0,345.5,3.0,0.0,0.0,0.0,0.0,10.0,36.1,92.2,6.3,14.8,21.0,1014.7,1014.7,2.7,5.2
2024-05-10 10:15:00+02:00,17.8,17.8,16.8,10.4,62.0,20.8,86.0,359.0,3.0,0.0,0.0,0.0,0.0,10.0,36.1,92.2,6.3,9.4,359.0,1014.7,1014.7,2.7,5.3
2024-05-10 10:20:00+02:00,18.0,18.0,17.3,10.4,61.0,21.1,86.0,369.8,3.0,0.0,0.0,0.0,0.0,10.0,36.1,92.2,4.0,9.4,10.0,1014.6,1014.6,2.7,5.3
2024-05-10 10:25:00+02:00,18.4,18.4,17.8,11.0,62.0,21.3,85.0,376.4,3.0,0.0,0.0,0.0,0.0,10.0,36.1,92.2,5.0,10.1,351.0,1014.8,1014.8,2.7,5.3
2024-05-10 10:30:00+02:00,18.5,18.5,17.8,10.9,61.0,21.6,85.0,380.4,3.0,0.0,0.0,0.0,0.0,10.0,36.1,92.2,5.1,10.4,333.0,1014.7,1014.7,2.7,5.3
2024-05-10 10:35:00+02:00,18.9,18.9,18.7,10.8,59.0,21.9,85.0,390.7,3.0,0.0,0.0,0.0,0.0,10.0,36.1,92.2,2.7,7.9,255.0,1014.8,1014.8,2.7,5.3
2024-05-10 10:40:00+02:00,19.6,19.6,18.9,10.9,57.0,22.1,85.0,407.3,3.0,0.0,0.0,0.0,0.0,10.0,36.1,92.2,4.9,9.0,315.0,1014.9,1014.9,2.7,5.3
2024-05-10 10:45:00+02:00,18.8,18.8,18.2,10.8,60.0,22.4,85.0,418.4,3.0,0.0,0.0,0.0,0.0,10.0,36.1,92.2,4.3,12.2,320.0,1014.8,1014.8,2.7,5.3
2024-05-10 10:50:00+02:00,19.4,19.4,18.8,11.2,59.0,22.6,85.0,418.6,3.0,0.0,0.0,0.0,0.0,10.0,36.1,92.2,4.9,11.5,278.0,1014.7,1014.7,2.7,5.3
2024-05-10 10:55:00+02:00,19.5,19.5,18.6,11.1,58.0,22.8,85.0,434.9,4.0,0.0,0.0,0.0,0.0,10.0,36.1,92.2,6.6,13.0,286.0,1014.7,1014.7,2.7,5.3
2024-05-10 11:00:00+02:00,19.4,19.4,18.8,10.7,57.0,23.1,84.0,442.2,4.0,0.0,0.0,0.0,0.0,10.0,36.1,92.2,4.6,14.4,280.0,1014.6,1014.6,2.7,5.3
2024-05-10 11:05:00+02:00,20.0,20.0,19.8,11.1,57.0,23.4,84.0,448.7,4.0,0.0,0.0,0.0,0.0,10.0,36.1,92.2,2.8,5.8,48.0,1014.6,1014.6,2.7,5.3
2024-05-10 11:10:00+02:00,20.1,20.1,19.8,11.1,56.0,23.6,84.0,451.6,4.0,0.0,0.0,0.0,0.0,10.0,36.1,92.2,3.7,10.4,262.0,1014.6,1014.6,2.7,5.3
2024-05-10 11:15:00+02:00,20.8,20.8,20.7,10.7,52.0,23.9,84.0,456.7,4.0,0.0,0.0,0.0,0.0,10.0,36.1,92.2,2.2,5.4,108.0,1014.5,1014.5,2.7,5.3
2024-05-10 11:20:00+02:00,21.2,21.2,20.7,10.9,52.0,24.1,84.0,470.2,4.0,0.0,0.0,0.0,0.0,10.0,36.1,92.2,4.0,10.1,304.0,1014.7,1014.7,2.7,5.3
2024-05-10 11:25:00+02:00,21.2,21.2,20.5,11.3,53.0,24.3,84.0,469.6,4.0,0.0,0.0,0.0,0.0,10.0,36.1,92.2,5.5,13.3,291.0,1014.6,1014.6,2.7,5.3
2024-05-10 11:30:00+02:00,20.7,20.7,20.2,10.8,53.0,24.5,84.0,471.1,4.0,0.0,0.0,0.0,0.0,10.0,36.1,92.2,4.0,11.5,284.0,1014.6,1014.6,2.7,5.3
2024-05-10 11:35:00+02:00,20.6,20.6,19.8,10.7,53.0,24.7,83.0,465.1,4.0,0.0,0.0,0.0,0.0,10.0,36.1,92.2,5.3,11.9,254.0,1014.6,1014.6,2.7,5.3
2024-05-10 11:40:00+02:00,21.2,21.2,20.4,10.9,52.0,25.0,83.0,491.4,4.0,0.0,0.0,0.0,0.0,10.0,36.1,92.2,5.7,9.7,276.0,1014.5,1014.5,2.7,5.3
2024-05-10 11:45:00+02:00,21.1,21.1,20.4,10.6,51.0,25.2,83.0,508.4,4.0,0.0,0.0,0.0,0.0,10.0,36.1,92.2,4.8,8.3,301.0,1014.5,1014.5,2.7,5.3
2024-05-10 11:50:00+02:00,20.7,20.7,20.1,10.6,52.0,25.4,83.0,516.7,4.0,0.0,0.0,0.0,0.0,10.0,36.1,92.2,3.9,10.4,12.0,1014.5,1014.5,2.7,5.3
2024-05-10 11:55:00+02:00,21.0,21.0,20.3,10.8,52.0,25.6,83.0,527.8,4.0,0.0,0.0,0.0,0.0,10.0,36.1,92.2,5.1,11.5,294.0,1014.4,1014.4,2.7,5.3
2024-05-10 12:00:00+02:00,21.2,21.2,20.4,10.3,50.0,25.8,83.0,528.6,4.0,0.0,0.0,0.0,0.0,10.0,36.1,92.2,4.8,11.9,305.0,1014.3,1014.3,2.7,5.3
2024-05-10 12:05:00+02:00,21.2,21.2,20.6,10.1,49.0,26.1,83.0,533.4,4.0,0.0,0.0,0.0,0.0,10.0,36.1,92.2,3.7,8.3,343.0,1014.4,1014.4,2.7,5.3
2024-05-10 12:10:00+02:00,21.5,21.5,21.0,10.1,48.0,26.3,83.0,537.1,4.0,0.0,0.0,0.0,0.0,10.0,36.1,92.2,3.1,7.6,353.0,1014.4,1014.4,2.7,5.3
2024-05-10 12:15:00+02:00,22.1,22.1,21.6,9.6,45.0,26.5,83.0,552.4,5.0,0.0,0.0,0.0,0.0,10.0,36.1,92.2,2.1,9.7,346.0,1014.3,1014.3,2.7,5.3
2024-05-10 12:20:00+02:00,21.8,21.8,21.1,9.7,46.0,26.7,83.0,558.3,5.0,0.0,0.0,0.0,0.0,10.0,36.1,92.2,3.4,10.8,35.0,1014.2,1014.2,2.7,5.3
2024-05-10 12:25:00+02:00,22.6,22.6,22.0,9.6,44.0,26.8,83.0,548.1,5.0,0.0,0.0,0.0,0.0,10.0,36.1,92.2,2.3,5.8,121.0,1014.2,1014.2,2.68,5.3
2024-05-10 12:30:00+02:00,22.8,22.8,22.5,10.4,45.0,27.0,82.0,557.4,5.0,0.0,0.0,0.0,0.0,10.0,36.1,92.2,2.7,5.8,157.0,1014.1,1014.1,2.68,5.3
2024-05-10 12:35:00+02:00,22.4,22.4,21.5,10.1,46.0,27.2,82.0,562.7,5.0,0.0,0.0,0.0,0.0,10.0,36.1,92.2,5.2,9.7,323.0,1014.1,1014.1,2.68,5.3
2024-05-10 12:40:00+02:00,23.0,23.0,22.3,9.7,43.0,27.4,82.0,571.8,5.0,0.0,0.0,0.0,0.0,10.0,36.1,92.2,3.5,7.2,212.0,1013.9,1013.9,2.68,5.3
2024-05-10 12:45:00+02:00,22.6,22.6,21.8,10.2,45.0,27.6,82.0,567.6,5.0,0.0,0.0,0.0,0.0,10.0,36.1,92.2,4.5,6.8,138.0,1014.0,1014.0,2.68,5.3
2024-05-10 12:50:00+02:00,21.8,21.8,21.2,9.4,45.0,27.8,82.0,581.5,5.0,0.0,0.0,0.0,0.0,10.0,36.1,92.2,2.3,13.7,359.0,1014.0,1014.0,2.68,5.3
2024-05-10 12:55:00+02:00,21.9,21.9,20.8,9.5,45.0,28.0,82.0,595.6,5.0,0.0,0.0,0.0,0.0,10.0,36.1,92.2,4.7,9.7,312.0,1014.0,1014.0,2.68,5.3
2024-05-10 13:00:00+02:00,22.1,22.1,21.3,10.0,46.0,28.2,82.0,592.7,5.0,0.0,0.0,0.0,0.0,10.0,36.1,92.2,4.0,13.0,21.0,1014.0,1014.0,2.68,5.3
2024-05-10 13:05:00+02:00,22.6,22.6,21.4,9.7,44.0,28.3,82.0,591.2,5.0,0.0,0.0,0.0,0.0,10.0,36.1,92.2,5.8,11.9,306.0,1014.0,1014.0,2.68,5.3
2024-05-10 13:10:00+02:00,22.8,22.8,22.3,9.5,43.0,28.6,82.0,559.9,5.0,0.0,0.0,0.0,0.0,10.0,36.1,92.2,2.2,11.9,137.0,1013.9,1013.9,2.68,5.3
2024-05-10 13:15:00+02:00,22.8,22.8,21.6,10.3,45.0,28.8,81.0,569.5,5.0,0.0,0.0,0.0,0.0,10.0,36.1,92.2,6.9,15.5,304.0,1013.9,1013.9,2.68,5.3
2024-05-10 13:20:00+02:00,22.7,22.7,21.6,9.4,43.0,28.9,81.0,569.0,5.0,0.0,0.0,0.0,0.0,10.0,36.1,92.2,5.1,13.3,228.0,1013.8,1013.8,2.68,5.3
2024-05-10 13:25:00+02:00,22.6,22.6,21.8,9.6,44.0,29.1,81.0,581.1,5.0,0.0,0.0,0.0,0.0,10.0,36.1,92.2,3.7,17.6,45.0,1013.8,1013.8,2.68,5.3
2024-05-10 13:30:00+02:00,22.4,22.4,21.5,9.1,43.0,29.2,81.0,584.9,5.0,0.0,0.0,0.0,0.0,10.0,36.1,92.2,3.5,17.6,324.0,1013.9,1013.9,2.68,5.3
2024-05-10 13:35:00+02:00,22.5,22.5,21.3,9.6,44.0,29.3,81.0,574.7,5.0,0.0,0.0,0.0,0.0,10.0,36.1,92.2,5.6,16.6,354.0,1013.8,1013.8,2.68,5.3
2024-05-10 13:40:00+02:00,23.1,23.1,22.1,9.7,43.0,29.5,81.0,558.2,5.0,0.0,0.0,0.0,0.0,10.0,36.1,92.2,5.0,14.4,279.0,1013.8,1013.8,2.68,5.3
2024-05-10 13:45:00+02:00,22.7,22.7,21.7,9.3,43.0,29.6,81.0,544.7,5.0,0.0,0.0,0.0,0.0,10.0,36.1,92.2,4.5,14.4,302.0,1013.9,1013.9,2.68,5.3
2024-05-10 13:50:00+02:00,23.3,23.3,22.8,9.3,41.0,29.7,81.0,570.3,5.0,0.0,0.0,0.0,0.0,10.0,36.1,92.2,1.6,8.6,290.0,1013.8,1013.8,2.68,5.3
2024-05-10 13:55:00+02:00,24.0,24.0,23.2,10.0,41.0,29.9,81.0,563.2,5.0,0.0,0.0,0.0,0.0,10.0,36.1,92.2,4.1,9.7,26.0,1013.6,1013.6,2.68,5.3
2024-05-10 14:00:00+02:00,23.7,23.7,22.1,8.8,39.0,30.0,81.0,582.2,5.0,0.0,0.0,0.0,0.0,10.0,36.1,92.2,6.6,14.0,288.0,1013.6,1013.6,2.68,5.3
2024-05-10 14:05:00+02:00,23.1,23.1,21.9,9.2,41.0,30.2,81.0,564.6,5.0,0.0,0.0,0.0,0.0,10.0,36.1,92.2,4.9,11.9,342.0,1013.6,1013.6,2.68,5.3
2024-05-10 14:10:00+02:00,23.2,23.2,22.2,9.5,42.0,30.2,81.0,568.7,5.0,0.0,0.0,0.0,0.0,10.0,36.1,92.2,4.7,15.1,338.0,1013.5,1013.5,2.68,5.3
2024-05-10 14:15:00+02:00,22.4,22.4,20.7,9.7,44.0,30.3,81.0,490.9,4.0,0.0,0.0,0.0,0.0,10.0,36.1,92.2,8.3,17.6,293.0,1013.5,1013.5,2.68,5.3
2024-05-10 14:20:00+02:00,22.0,22.0,20.5,9.3,44.0,30.3,80.0,422.7,3.0,0.0,0.0,0.0,0.0,10.0,36.1,92.2,7.0,10.1,274.0,1013.4,1013.4,2.68,5.3
2024-05-10 14:25:00+02:00,21.6,21.6,19.9,9.0,44.0,30.3,80.0,244.9,2.0,0.0,0.0,0.0,0.0,10.0,36.1,92.2,7.4,11.9,314.0,1013.4,1013.4,2.68,5.3
2024-05-10 14:30:00+02:00,21.2,21.2,19.8,9.0,46.0,30.3,80.0,242.3,2.0,0.0,0.0,0.0,0.0,10.0,36.1,92.2,6.2,13.0,313.0,1013.4,1013.4,2.68,5.3
2024-05-10 14:35:00+02:00,21.3,21.3,20.0,8.6,44.0,30.3,80.0,324.7,3.0,0.0,0.0,0.0,0.0,10.0,36.1,92.2,4.8,11.2,14.0,1013.4,1013.4,2.7,5.3
2024-05-10 14:40:00+02:00,21.4,21.4,20.3,8.3,43.0,30.2,81.0,466.9,4.0,0.0,0.0,0.0,0.0,10.0,36.1,92.2,3.7,9.4,340.0,1013.3,1013.3,2.7,5.3
2024-05-10 14:45:00+02:00,21.8,21.8,20.7,8.5,42.0,30.2,81.0,411.8,3.0,0.0,0.0,0.0,0.0,10.0,36.1,92.2,4.2,11.5,358.0,1013.4,1013.4,2.7,5.3
2024-05-10 14:50:00+02:00,21.9,21.9,20.9,8.3,42.0,30.2,81.0,254.3,2.0,0.0,0.0,0.0,0.0,10.0,36.1,92.2,2.6,11.5,243.0,1013.3,1013.3,2.7,5.3
2024-05-10 14:55:00+02:00,22.4,22.4,21.8,9.3,43.0,30.2,81.0,512.7,4.0,0.0,0.0,0.0,0.0,10.0,36.1,92.2,2.5,7.2,80.0,1013.2,1013.2,2.7,5.3
2024-05-10 15:00:00+02:00,22.9,22.9,22.0,9.3,42.0,30.1,81.0,529.6,4.0,0.0,0.0,0.0,0.0,10.0,36.1,92.2,4.3,10.1,136.0,1013.2,1013.2,2.7,5.3
2024-05-10 15:05:00+02:00,23.3,23.3,22.8,9.7,42.0,30.1,81.0,535.2,4.0,0.0,0.0,0.0,0.0,10.0,36.1,92.2,2.1,9.4,102.0,1013.2,1013.2,2.7,5.3
2024-05-10 15:10:00+02:00,22.7,22.7,21.1,9.3,42.0,30.1,81.0,369.9,3.0,0.0,0.0,0.0,0.0,10.0,36.1,92.2,7.8,15.5,326.0,1013.1,1013.1,2.7,5.3
2024-05-10 15:15:00+02:00,21.9,21.9,21.1,8.9,43.0,30.1,81.0,147.4,1.0,0.0,0.0,0.0,0.0,10.0,36.1,92.2,2.9,11.5,275.0,1013.2,1013.2,2.7,5.3
2024-05-10 15:20:00+02:00,21.6,21.6,20.7,9.0,45.0,30.1,81.0,126.6,1.0,0.0,0.0,0.0,0.0,10.0,36.1,92.2,3.2,6.1,277.0,1013.2,1013.2,2.7,5.3
2024-05-10 15:25:00+02:00,21.5,21.5,21.1,9.2,45.0,30.0,81.0,178.5,1.0,0.0,0.0,0.0,0.0,10.0,36.1,92.2,0.9,5.8,132.0,1013.2,1013.2,2.7,5.3
2024-05-10 15:30:00+02:00,21.7,21.7,20.8,9.1,44.0,29.9,81.0,323.2,3.0,0.0,0.0,0.0,0.0,10.0,36.1,92.2,3.7,6.5,284.0,1013.2,1013.2,2.7,5.3
2024-05-10 15:35:00+02:00,22.2,22.2,20.7,8.2,41.0,29.9,81.0,520.0,4.0,0.0,0.0,0.0,0.0,10.0,36.1,92.2,5.7,11.9,339.0,1013.1,1013.1,2.7,5.3
2024-05-10 15:40:00+02:00,22.7,22.7,21.4,8.4,40.0,29.8,81.0,506.9,4.0,0.0,0.0,0.0,0.0,10.0,36.1,92.2,4.8,9.7,6.0,1013.3,1013.3,2.7,5.3
2024-05-10 15:45:00+02:00,23.6,23.6,22.7,8.1,37.0,29.8,81.0,504.7,4.0,0.0,0.0,0.0,0.0,10.0,36.1,92.2,2.2,7.6,252.0,1013.1,1013.1,2.7,5.3
2024-05-10 15:50:00+02:00,24.2,24.2,23.1,8.5,37.0,29.8,81.0,507.0,4.0,0.0,0.0,0.0,0.0,10.0,36.1,92.2,4.0,11.5,298.0,1013.1,1013.1,2.7,5.3
2024-05-10 15:55:00+02:00,24.0,24.0,22.7,8.6,37.0,29.8,82.0,500.3,4.0,0.0,0.0,0.0,0.0,10.0,36.1,92.2,5.0,11.5,302.0,1013.1,1013.1,2.68,5.3
2024-05-10 16:00:00+02:00,23.5,23.5,22.0,8.2,37.0,29.8,82.0,499.5,4.0,0.0,0.0,0.0,0.0,10.0,36.1,92.2,5.6,8.6,106.0,1012.9,1012.9,2.68,5.3
2024-05-10 16:05:00+02:00,24.0,24.0,23.2,7.9,36.0,29.8,82.0,471.7,4.0,0.0,0.0,0.0,0.0,10.0,36.1,92.2,1.8,5.0,139.0,1012.9,1012.9,2.68,5.3
2024-05-10 16:10:00+02:00,24.0,24.0,23.0,7.9,36.0,29.8,82.0,475.6,4.0,0.0,0.0,0.0,0.0,10.0,36.1,92.2,2.4,5.8,101.0,1012.8,1012.8,2.68,5.3
2024-05-10 16:15:00+02:00,23.4,23.4,21.1,8.1,38.0,29.8,82.0,472.0,4.0,0.0,0.0,0.0,0.0,10.0,36.1,92.2,9.6,15.5,291.0,1012.7,1012.7,2.68,5.3
2024-05-10 16:20:00+02:00,23.1,23.1,21.2,7.9,38.0,29.8,82.0,451.9,4.0,0.0,0.0,0.0,0.0,10.0,36.1,92.2,7.4,14.4,280.0,1012.9,1012.9,2.68,5.3
2024-05-10 16:25:00+02:00,22.9,22.9,21.3,7.9,38.0,29.8,82.0,454.8,4.0,0.0,0.0,0.0,0.0,10.0,36.1,92.2,5.5,13.3,340.0,1012.8,1012.8,2.68,5.3
2024-05-10 16:30:00+02:00,23.8,23.8,22.5,8.4,37.0,29.8,83.0,471.6,4.0,0.0,0.0,0.0,0.0,10.0,36.1,92.2,5.0,10.1,277.0,1012.7,1012.7,2.68,5.3
2024-05-10 16:35:00+02:00,23.9,23.9,22.1,8.6,38.0,29.8,83.0,438.4,4.0,0.0,0.0,0.0,0.0,10.0,36.1,92.2,7.5,15.8,267.0,1012.7,1012.7,2.68,5.3
2024-05-10 16:40:00+02:00,23.1,23.1,21.0,8.7,40.0,29.8,83.0,423.6,3.0,0.0,0.0,0.0,0.0,10.0,36.1,92.2,9.5,17.6,277.0,1012.7,1012.7,2.68,5.3
2024-05-10 16:45:00+02:00,22.9,22.9,21.1,8.6,40.0,29.8,83.0,408.4,3.0,0.0,0.0,0.0,0.0,10.0,36.1,92.2,7.8,14.0,349.0,1012.8,1012.8,2.68,5.3
2024-05-10 16:50:00+02:00,22.9,22.9,20.9,8.3,39.0,29.8,83.0,406.6,3.0,0.0,0.0,0.0,0.0,10.0,36.1,92.2,8.3,16.9,278.0,1012.7,1012.7,2.68,5.3
2024-05-10 16:55:00+02:00,22.9,22.9,21.2,8.0,38.0,29.7,83.0,370.9,3.0,0.0,0.0,0.0,0.0,10.0,36.1,92.2,6.2,16.9,261.0,1012.5,1012.5,2.68,5.3
2024-05-10 17:00:00+02:00,22.9,22.9,20.5,8.3,39.0,29.7,83.0,362.7,3.0,0.0,0.0,0.0,0.0,10.0,36.1,92.2,10.2,18.4,269.0,1012.6,1012.6,2.68,5.3
2024-05-10 17:05:00+02:00,22.9,22.9,21.7,7.9,38.0,29.7,83.0,334.0,3.0,0.0,0.0,0.0,0.0,10.0,36.1,92.2,3.8,9.0,311.0,1012.5,1012.5,2.7,5.3
2024-05-10 17:10:00+02:00,23.2,23.2,22.3,8.7,39.0,29.7,83.0,327.1,3.0,0.0,0.0,0.0,0.0,10.0,36.1,92.2,3.3,10.4,330.0,1012.4,1012.4,2.7,5.3
2024-05-10 17:15:00+02:00,22.8,22.8,21.1,8.5,40.0,29.7,83.0,308.3,2.0,0.0,0.0,0.0,0.0,10.0,36.1,92.2,7.5,14.8,293.0,1012.4,1012.4,2.7,5.3
2024-05-10 17:20:00+02:00,23.0,23.0,22.2,8.7,40.0,29.7,83.0,313.6,2.0,0.0,0.0,0.0,0.0,10.0,36.1,92.2,2.6,13.3,281.0,1012.3,1012.3,2.7,5.3
2024-05-10 17:25:00+02:00,23.7,23.7,22.6,8.9,39.0,29.7,84.0,282.9,2.0,0.0,0.0,0.0,0.0,10.0,36.1,92.2,4.3,10.1,280.0,1012.4,1012.4,2.7,5.3
2024-05-10 17:30:00+02:00,23.0,23.0,21.2,8.9,41.0,29.7,84.0,258.6,2.0,0.0,0.0,0.0,0.0,10.0,36.1,92.2,7.6,14.4,289.0,1012.4,1012.4,2.7,5.3
2024-05-10 17:35:00+02:00,22.5,22.5,20.7,8.8,42.0,29.7,84.0,244.1,2.0,0.0,0.0,0.0,0.0,10.0,36.1,92.2,7.6,15.5,334.0,1012.4,1012.4,2.7,5.3
2024-05-10 17:40:00+02:00,22.4,22.4,21.0,8.6,41.0,29.6,84.0,261.1,2.0,0.0,0.0,0.0,0.0,10.0,36.1,92.2,5.5,11.5,344.0,1012.4,1012.4,2.7,5.3
2024-05-10 17:45:00+02:00,22.5,22.5,21.3,8.4,40.0,29.6,84.0,247.3,2.0,0.0,0.0,0.0,0.0,10.0,36.1,92.2,4.2,9.7,355.0,1012.5,1012.5,2.7,5.3
2024-05-10 17:50:00+02:00,22.7,22.7,21.8,8.2,39.0,29.5,84.0,243.2,2.0,0.0,0.0,0.0,0.0,10.0,36.1,92.2,2.7,7.6,316.0,1012.3,1012.3,2.7,5.3
2024-05-10 17:55:00+02:00,22.9,22.9,22.2,8.2,39.0,29.5,84.0,215.6,2.0,0.0,0.0,0.0,0.0,10.0,36.1,92.2,1.5,8.3,268.0,1012.2,1012.2,2.7,5.3
2024-05-10 18:00:00+02:00,22.8,22.8,21.6,8.9,41.0,29.4,84.0,165.0,1.0,0.0,0.0,0.0,0.0,10.0,36.1,92.2,5.3,14.0,310.0,1012.3,1012.3,2.7,5.3
2024-05-10 18:05:00+02:00,22.3,22.3,21.0,8.1,40.0,29.4,84.0,177.7,1.0,0.0,0.0,0.0,0.0,10.0,36.1,92.2,4.7,15.1,340.0,1012.3,1012.3,2.7,5.3
2024-05-10 18:10:00+02:00,22.2,22.2,20.4,8.2,41.0,29.3,84.0,142.0,1.0,0.0,0.0,0.0,0.0,10.0,36.1,92.2,7.0,16.2,339.0,1012.2,1012.2,2.7,5.3
2024-05-10 18:15:00+02:00,22.0,22.0,20.7,8.2,41.0,29.3,84.0,148.2,1.0,0.0,0.0,0.0,0.0,10.0,36.1,92.2,4.6,14.4,342.0,1012.2,1012.2,2.7,5.3
2024-05-10 18:20:00+02:00,22.0,22.0,20.5,8.9,43.0,29.3,84.0,135.2,1.0,0.0,0.0,0.0,0.0,10.0,36.1,92.2,6.0,10.4,321.0,1012.3,1012.3,2.7,5.3
2024-05-10 18:25:00+02:00,21.9,21.9,20.9,9.5,45.0,29.2,84.0,131.7,1.0,0.0,0.0,0.0,0.0,10.0,36.1,92.2,4.9,10.4,315.0,1012.2,1012.2,2.7,5.3
2024-05-10 18:30:00+02:00,21.8,21.8,20.4,9.2,44.0,29.2,84.0,146.3,1.0,0.0,0.0,0.0,0.0,10.0,36.1,92.2,6.7,12.6,340.0,1012.2,1012.2,2.7,5.3
2024-05-10 18:35:00+02:00,21.8,21.8,20.4,8.9,44.0,29.1,84.0,137.3,1.0,0.0,0.0,0.0,0.0,10.0,36.1,92.2,6.0,12.6,15.0,1012.2,1012.2,2.7,5.3
2024-05-10 18:40:00+02:00,21.8,21.8,20.6,8.7,43.0,29.0,84.0,108.1,1.0,0.0,0.0,0.0,0.0,10.0,36.1,92.2,4.6,10.4,320.0,1012.2,1012.2,2.7,5.3
2024-05-10 18:45:00+02:00,21.7,21.7,20.3,8.7,43.0,29.0,84.0,107.0,0.0,0.0,0.0,0.0,0.0,10.0,36.1,92.2,5.8,7.9,334.0,1012.1,1012.1,2.7,5.3
2024-05-10 18:50:00+02:00,21.9,21.9,21.1,8.8,43.0,28.9,84.0,99.0,0.0,0.0,0.0,0.0,0.0,10.0,36.1,92.2,2.5,7.9,321.0,1012.2,1012.2,2.7,5.3
2024-05-10 18:55:00+02:00,21.9,21.9,21.0,8.9,43.0,28.8,84.0,90.3,0.0,0.0,0.0,0.0,0.0,10.0,36.1,92.2,3.4,9.7,26.0,1012.2,1012.2,2.7,5.3
2024-05-10 19:00:00+02:00,21.8,21.8,20.9,8.8,43.0,28.8,84.0,86.3,0.0,0.0,0.0,0.0,0.0,10.0,36.1,92.2,3.5,9.7,26.0,1012.2,1012.2,2.7,5.3
2024-05-10 19:05:00+02:00,21.8,21.8,21.1,8.8,43.0,28.7,84.0,80.6,0.0,0.0,0.0,0.0,0.0,10.0,36.1,92.2,1.9,7.9,11.0,1012.1,1012.1,2.7,5.3
2024-05-10 19:10:00+02:00,21.8,21.8,20.7,9.2,45.0,28.7,84.0,71.7,0.0,0.0,0.0,0.0,0.0,10.0,36.1,92.2,4.5,10.1,305.0,1012.2,1012.2,2.7,5.3
2024-05-10 19:15:00+02:00,21.5,21.5,20.9,9.4,46.0,28.6,84.0,68.3,0.0,0.0,0.0,0.0,0.0,10.0,36.1,92.2,2.6,8.6,78.0,1012.2,1012.2,2.7,5.3
2024-05-10 19:20:00+02:00,21.4,21.4,20.0,9.3,46.0,28.5,84.0,62.6,0.0,0.0,0.0,0.0,0.0,10.0,36.1,92.2,6.8,11.2,334.0,1012.0,1012.0,2.7,5.3
2024-05-10 19:25:00+02:00,21.2,21.2,20.5,10.0,49.0,28.5,84.0,56.2,0.0,0.0,0.0,0.0,0.0,10.0,36.1,92.2,4.0,12.6,286.0,1012.0,1012.0,2.7,5.2
2024-05-10 19:30:00+02:00,21.1,21.1,20.0,9.6,48.0,28.4,84.0,54.4,0.0,0.0,0.0,0.0,0.0,10.0,36.1,92.2,5.3,9.0,355.0,1012.0,1012.0,2.7,5.2
2024-05-10 19:35:00+02:00,21.1,21.1,20.6,9.8,48.0,28.3,84.0,52.8,0.0,0.0,0.0,0.0,0.0,10.0,36.1,92.2,2.4,5.8,311.0,1012.2,1012.2,2.7,5.2
2024-05-10 19:40:00+02:00,21.0,21.0,20.3,9.6,48.0,28.2,84.0,50.9,0.0,0.0,0.0,0.0,0.0,10.0,36.1,92.2,3.2,10.1,335.0,1012.0,1012.0,2.7,5.2
2024-05-10 19:45:00+02:00,21.0,21.0,20.2,9.4,47.0,28.2,84.0,47.0,0.0,0.0,0.0,0.0,0.0,10.0,36.1,92.2,3.4,10.4,9.0,1012.0,1012.0,2.7,5.2
2024-05-10 19:50:00+02:00,20.9,20.9,20.1,9.7,49.0,28.1,84.0,41.9,0.0,0.0,0.0,0.0,0.0,10.0,36.1,92.2,3.7,6.8,314.0,1012.0,1012.0,2.7,5.2
2024-05-10 19:55:00+02:00,20.8,20.8,20.2,9.8,49.0,28.0,84.0,39.0,0.0,0.0,0.0,0.0,0.0,10.0,36.1,92.2,2.9,6.8,310.0,1012.0,1012.0,2.7,5.2
2024-05-10 20:00:00+02:00,20.6,20.6,20.0,9.8,50.0,27.9,84.0,37.0,0.0,0.0,0.0,0.0,0.0,10.0,36.1,92.2,2.9,4.3,267.0,1012.0,1012.0,2.7,5.2
2024-05-10 20:05:00+02:00,20.4,20.4,19.8,9.5,50.0,27.8,84.0,32.8,0.0,0.0,0.0,0.0,0.0,10.0,36.1,92.2,2.7,6.1,281.0,1012.1,1012.1,2.7,5.2
2024-05-10 20:10:00+02:00,20.3,20.3,19.7,9.2,49.0,27.7,84.0,31.6,0.0,0.0,0.0,0.0,0.0,10.0,36.1,92.2,2.7,5.0,274.0,1012.2,1012.2,2.7,5.2
2024-05-10 20:15:00+02:00,20.2,20.2,19.5,9.4,50.0,27.7,84.0,29.4,0.0,0.0,0.0,0.0,0.0,10.0,36.1,92.2,2.9,4.7,275.0,1012.3,1012.3,2.7,5.2
2024-05-10 20:20:00+02:00,20.1,20.1,19.6,9.4,50.0,27.6,84.0,24.9,0.0,0.0,0.0,0.0,0.0,10.0,36.1,92.2,1.7,4.7,265.0,1012.2,1012.2,2.7,5.2
2024-05-10 20:25:00+02:00,20.0,20.0,19.3,9.4,51.0,27.5,84.0,21.6,0.0,0.0,0.0,0.0,0.0,10.0,36.1,92.2,2.9,4.3,268.0,1012.2,1012.2,2.7,5.2
2024-05-10 20:30:00+02:00,19.8,19.8,19.4,9.5,51.0,27.4,84.0,18.9,0.0,0.0,0.0,0.0,0.0,10.0,36.1,92.2,1.9,4.3,277.0,1012.4,1012.4,2.7,5.2
2024-05-10 20:35:00+02:00,19.7,19.7,19.1,9.4,51.0,27.3,84.0,16.4,0.0,0.0,0.0,0.0,0.0,10.0,36.1,92.2,2.4,3.6,271.0,1012.3,1012.3,2.7,5.2
2024-05-10 20:40:00+02:00,19.4,19.4,19.2,9.4,52.0,27.3,84.0,14.6,0.0,0.0,0.0,0.0,0.0,10.0,36.1,92.2,0.9,4.0,256.0,1012.3,1012.3,2.7,5.2
2024-05-10 20:45:00+02:00,19.2,19.2,19.1,9.9,55.0,27.2,84.0,11.3,0.0,0.0,0.0,0.0,0.0,10.0,36.1,92.2,0.7,2.9,223.0,1012.2,1012.2,2.7,5.2
2024-05-10 20:50:00+02:00,18.8,18.8,19.1,10.9,60.0,27.1,84.0,8.8,0.0,0.0,0.0,0.0,0.0,10.0,36.1,92.2,0.0,1.8,252.0,1012.4,1012.4,2.7,5.2
2024-05-10 20:55:00+02:00,18.4,18.4,18.5,10.7,61.0,27.0,84.0,6.5,0.0,0.0,0.0,0.0,0.0,10.0,36.1,92.2,0.4,2.2,144.0,1012.4,1012.4,2.7,5.2
2024-05-10 21:00:00+02:00,17.8,17.8,18.0,10.9,64.0,26.9,84.0,4.3,0.0,0.0,0.0,0.0,0.0,10.0,36.1,92.2,0.4,2.5,104.0,1012.3,1012.3,2.7,5.2
2024-05-10 21:05:00+02:00,17.4,17.4,17.7,10.9,66.0,26.8,84.0,2.7,0.0,0.0,0.0,0.0,0.0,10.0,36.1,92.2,0.0,1.8,136.0,1012.4,1012.4,2.7,5.2
2024-05-10 21:10:00+02:00,17.1,17.1,17.4,10.8,66.0,26.7,84.0,1.7,0.0,0.0,0.0,0.0,0.0,10.0,36.1,92.2,0.0,2.2,124.0,1012.4,1012.4,2.7,5.2
2024-05-10 21:15:00+02:00,16.7,16.7,16.7,10.8,68.0,26.6,84.0,1.0,0.0,0.0,0.0,0.0,0.0,10.0,36.1,92.2,1.7,3.2,111.0,1012.5,1012.5,2.7,5.2
2024-05-10 21:20:00+02:00,16.5,16.5,16.3,10.7,69.0,26.4,84.0,0.6,0.0,0.0,0.0,0.0,0.0,10.0,36.1,92.2,2.2,3.2,122.0,1012.6,1012.6,2.7,5.2
2024-05-10 21:25:00+02:00,16.2,16.2,15.8,10.5,69.0,26.3,83.0,0.3,0.0,0.0,0.0,0.0,0.0,10.0,36.1,92.2,2.9,3.6,119.0,1012.4,1012.4,2.7,5.2
2024-05-10 21:30:00+02:00,16.0,16.0,16.0,10.7,71.0,26.2,83.0,0.2,0.0,0.0,0.0,0.0,0.0,10.0,36.1,92.2,1.5,3.2,124.0,1012.5,1012.5,2.7,5.2
2024-05-10 21:35:00+02:00,15.8,15.8,15.8,10.7,71.0,26.1,83.0,0.1,0.0,0.0,0.0,0.0,0.0,10.0,36.1,92.2,1.3,2.9,123.0,1012.5,1012.5,2.7,5.2
2024-05-10 21:40:00+02:00,15.7,15.7,15.4,10.6,72.0,25.9,83.0,0.0,0.0,0.0,0.0,0.0,0.0,10.0,36.1,92.2,2.5,3.6,121.0,1012.6,1012.6,2.7,5.2
2024-05-10 21:45:00+02:00,15.5,15.5,15.5,10.7,73.0,25.8,83.0,0.0,0.0,0.0,0.0,0.0,0.0,10.0,36.1,92.2,1.1,2.5,118.0,1012.7,1012.7,2.7,5.2
2024-05-10 21:50:00+02:00,15.3,15.3,15.5,10.7,74.0,25.7,83.0,0.0,0.0,0.0,0.0,0.0,0.0,10.0,36.1,92.2,0.4,2.5,101.0,1012.7,1012.7,2.7,5.2
2024-05-10 21:55:00+02:00,15.2,15.2,15.2,10.6,74.0,25.5,83.0,0.0,0.0,0.0,0.0,0.0,0.0,10.0,36.1,92.2,0.9,2.5,106.0,1012.8,1012.8,2.7,5.2
2024-05-10 22:00:00+02:00,15.0,15.0,15.1,10.7,75.0,25.4,83.0,0.0,0.0,0.0,0.0,0.0,0.0,10.0,36.1,92.2,1.2,2.5,119.0,1012.8,1012.8,2.7,5.2
2024-05-10 22:05:00+02:00,14.8,14.8,14.9,10.8,77.0,25.3,83.0,0.0,0.0,0.0,0.0,0.0,0.0,10.0,36.1,92.2,1.2,2.9,116.0,1012.8,1012.8,2.7,5.1
2024-05-10 22:10:00+02:00,14.7,14.7,14.9,10.9,78.0,25.2,83.0,0.0,0.0,0.0,0.0,0.0,0.0,10.0,36.1,92.2,0.4,2.5,112.0,1012.8,1012.8,2.7,5.1
2024-05-10 22:15:00+02:00,14.5,14.5,14.4,10.8,78.0,25.0,83.0,0.0,0.0,0.0,0.0,0.0,0.0,10.0,36.1,92.2,2.3,3.6,115.0,1012.8,1012.8,2.7,5.1
2024-05-10 22:20:00+02:00,14.3,14.3,14.2,10.5,78.0,24.9,83.0,0.0,0.0,0.0,0.0,0.0,0.0,10.0,36.1,92.2,2.0,3.6,117.0,1012.9,1012.9,2.7,5.1
2024-05-10 22:25:00+02:00,14.2,14.2,14.2,10.8,80.0,24.7,83.0,0.0,0.0,0.0,0.0,0.0,0.0,10.0,36.1,92.2,1.7,3.2,117.0,1012.9,1012.9,2.7,5.1
2024-05-10 22:30:00+02:00,14.1,14.1,14.2,10.8,80.0,24.6,83.0,0.0,0.0,0.0,0.0,0.0,0.0,10.0,36.1,92.2,1.1,3.2,118.0,1012.8,1012.8,2.7,5.1
2024-05-10 22:35:00+02:00,13.9,13.9,14.0,10.7,81.0,24.5,83.0,0.0,0.0,0.0,0.0,0.0,0.0,10.0,36.1,92.2,0.4,2.5,108.0,1012.8,1012.8,2.7,5.1
2024-05-10 22:40:00+02:00,13.8,13.8,13.7,10.9,83.0,24.4,83.0,0.0,0.0,0.0,0.0,0.0,0.0,10.0,36.1,92.2,1.9,3.2,113.0,1012.8,1012.8,2.7,5.1
2024-05-10 22:45:00+02:00,13.7,13.7,13.9,10.7,82.0,24.3,83.0,0.0,0.0,0.0,0.0,0.0,0.0,10.0,36.1,92.2,0.0,2.5,107.0,1012.9,1012.9,2.7,5.1
2024-05-10 22:50:00+02:00,13.4,13.4,13.5,10.5,83.0,24.2,83.0,0.0,0.0,0.0,0.0,0.0,0.0,10.0,36.1,92.2,0.4,1.8,92.0,1012.9,1012.9,2.7,5.1
2024-05-10 22:55:00+02:00,13.2,13.2,13.4,10.5,84.0,24.0,83.0,0.0,0.0,0.0,0.0,0.0,0.0,10.0,36.1,92.2,0.0,0.0,96.0,1012.8,1012.8,2.7,5.1
2024-05-10 23:00:00+02:00,13.0,13.0,13.2,10.5,85.0,23.9,83.0,0.0,0.0,0.0,0.0,0.0,0.0,10.0,36.1,92.2,0.0,1.8,93.0,1012.8,1012.8,2.7,5.1
2024-05-10 23:05:00+02:00,12.8,12.8,13.0,10.4,85.0,23.8,83.0,0.0,0.0,0.0,0.0,0.0,0.0,10.0,36.1,92.2,0.0,1.8,103.0,1012.9,1012.9,2.7,5.1
2024-05-10 23:10:00+02:00,12.8,12.8,13.0,10.6,87.0,23.7,83.0,0.0,0.0,0.0,0.0,0.0,0.0,10.0,36.1,92.2,0.4,2.2,112.0,1012.8,1012.8,2.7,5.1
2024-05-10 23:15:00+02:00,12.9,12.9,12.9,10.8,87.0,23.5,83.0,0.0,0.0,0.0,0.0,0.0,0.0,10.0,36.1,92.2,1.6,2.9,118.0,1012.9,1012.9,2.7,5.1
2024-05-10 23:20:00+02:00,12.8,12.8,13.1,10.7,87.0,23.5,83.0,0.0,0.0,0.0,0.0,0.0,0.0,10.0,36.1,92.2,0.4,2.5,102.0,1012.8,1012.8,2.7,5.1
2024-05-10 23:25:00+02:00,12.8,12.8,13.0,10.6,86.0,23.3,83.0,0.0,0.0,0.0,0.0,0.0,0.0,10.0,36.1,92.2,0.0,0.0,92.0,1012.8,1012.8,2.7,5.1
2024-05-10 23:30:00+02:00,13.1,13.1,13.3,10.7,85.0,23.3,83.0,0.0,0.0,0.0,0.0,0.0,0.0,10.0,36.1,92.2,0.0,0.0,45.0,1012.9,1012.9,2.7,5.1
2024-05-10 23:35:00+02:00,12.9,12.9,13.1,10.5,85.0,23.2,83.0,0.0,0.0,0.0,0.0,0.0,0.0,10.0,36.1,92.2,0.0,1.8,114.0,1012.8,1012.8,2.7,5.1
2024-05-10 23:40:00+02:00,12.7,12.7,12.9,10.5,86.0,23.1,83.0,0.0,0.0,0.0,0.0,0.0,0.0,10.0,36.1,92.2,0.0,1.8,122.0,1012.9,1012.9,2.7,5.1
2024-05-10 23:45:00+02:00,12.7,12.7,12.9,10.6,87.0,23.0,83.0,0.0,0.0,0.0,0.0,0.0,0.0,10.0,36.1,92.2,0.0,0.0,80.0,1012.8,1012.8,2.7,5.1
2024-05-10 23:50:00+02:00,12.7,12.7,12.9,10.6,87.0,22.9,83.0,0.0,0.0,0.0,0.0,0.0,0.0,10.0,36.1,92.2,0.0,1.8,71.0,1012.8,1012.8,2.7,5.1
2024-05-10 23:55:00+02:00,12.6,12.6,12.7,10.5,87.0,22.8,83.0,0.0,0.0,0.0,0.0,0.0,0.0,10.0,36.1,92.2,0.4,2.2,121.0,1012.8,1012.8,2.7,5.0
2024-05-11 00:00:00+02:00,12.4,12.4,12.3,10.7,89.0,22.7,83.0,0.0,0.0,0.0,0.0,0.0,0.0,10.0,36.1,92.2,1.8,3.2,111.0,1012.8,1012.8,2.7,5.0
2024-05-11 00:05:00+02:00,12.4,12.4,12.4,10.8,90.0,22.6,83.0,0.0,0.0,0.0,0.0,0.0,0.0,10.0,36.1,92.2,1.8,3.2,105.0,1012.8,1012.8,2.7,5.0
2024-05-11 00:10:00+02:00,12.3,12.3,12.3,10.7,90.0,22.5,83.0,0.0,0.0,0.0,0.0,0.0,0.0,10.0,36.1,92.2,1.2,2.5,109.0,1012.8,1012.8,2.7,5.0
2024-05-11 00:15:00+02:00,12.2,12.2,12.3,10.6,90.0,22.3,83.0,0.0,0.0,0.0,0.0,0.0,0.0,10.0,36.1,92.2,0.4,2.5,102.0,1012.8,1012.8,2.7,5.0
2024-05-11 00:20:00+02:00,12.6,12.6,12.8,10.7,88.0,22.2,83.0,0.0,0.0,0.0,0.0,0.0,0.0,10.0,36.1,92.2,0.0,1.8,337.0,1012.9,1012.9,2.7,5.0
2024-05-11 00:25:00+02:00,13.0,13.0,13.2,10.6,85.0,22.2,83.0,0.0,0.0,0.0,0.0,0.0,0.0,10.0,36.1,92.2,0.0,0.0,290.0,1013.0,1013.0,2.7,5.0
2024-05-11 00:30:00+02:00,12.9,12.9,13.1,10.7,87.0,22.1,83.0,0.0,0.0,0.0,0.0,0.0,0.0,10.0,36.1,92.2,0.0,2.2,82.0,1012.9,1012.9,2.7,5.0
2024-05-11 00:35:00+02:00,12.7,12.7,12.8,10.7,88.0,22.0,83.0,0.0,0.0,0.0,0.0,0.0,0.0,10.0,36.1,92.2,0.8,2.5,304.0,1012.9,1012.9,2.7,5.0
2024-05-11 00:40:00+02:00,12.6,12.6,12.1,10.8,89.0,21.9,83.0,0.0,0.0,0.0,0.0,0.0,0.0,10.0,36.1,92.2,3.8,6.1,287.0,1012.9,1012.9,2.7,5.0
2024-05-11 00:45:00+02:00,12.7,12.7,12.8,10.6,87.0,21.8,83.0,0.0,0.0,0.0,0.0,0.0,0.0,10.0,36.1,92.2,0.5,6.5,110.0,1012.9,1012.9,2.7,5.0
2024-05-11 00:50:00+02:00,12.7,12.7,12.4,10.7,88.0,21.7,83.0,0.0,0.0,0.0,0.0,0.0,0.0,10.0,36.1,92.2,2.4,4.0,124.0,1012.9,1012.9,2.7,5.0
2024-05-11 00:55:00+02:00,12.6,12.6,12.7,10.6,88.0,21.6,83.0,0.0,0.0,0.0,0.0,0.0,0.0,10.0,36.1,92.2,0.7,3.2,106.0,1012.8,1012.8,2.7,5.0
2024-05-11 01:00:00+02:00,12.6,12.6,12.7,10.6,88.0,21.5,83.0,0.0,0.0,0.0,0.0,0.0,0.0,10.0,36.1,92.2,0.7,2.9,110.0,1012.8,1012.8,2.7,5.0
2024-05-11 01:05:00+02:00,12.5,12.5,12.3,10.5,88.0,21.4,83.0,0.0,0.0,0.0,0.0,0.0,0.0,10.0,36.1,92.2,2.3,4.0,115.0,1012.9,1012.9,2.7,5.0
2024-05-11 01:10:00+02:00,12.6,12.6,12.4,10.7,88.0,21.3,83.0,0.0,0.0,0.0,0.0,0.0,0.0,10.0,36.1,92.2,2.4,4.0,114.0,1013.0,1013.0,2.7,5.0
2024-05-11 01:15:00+02:00,12.5,12.5,12.5,10.5,88.0,21.2,83.0,0.0,0.0,0.0,0.0,0.0,0.0,10.0,36.1,92.2,0.6,3.6,114.0,1012.8,1012.8,2.7,5.0
2024-05-11 01:20:00+02:00,12.4,12.4,12.6,10.5,89.0,21.1,83.0,0.0,0.0,0.0,0.0,0.0,0.0,10.0,36.1,92.2,0.0,0.0,71.0,1013.0,1013.0,2.7,5.0
2024-05-11 01:25:00+02:00,12.3,12.3,12.5,10.4,88.0,21.0,83.0,0.0,0.0,0.0,0.0,0.0,0.0,10.0,36.1,92.2,0.0,0.0,129.0,1012.9,1012.9,2.7,5.0
2024-05-11 01:30:00+02:00,12.3,12.3,12.2,10.4,88.0,21.0,83.0,0.0,0.0,0.0,0.0,0.0,0.0,10.0,36.1,92.2,1.3,4.0,108.0,1013.0,1013.0,2.7,5.0
2024-05-11 01:35:00+02:00,12.3,12.3,11.9,10.7,90.0,20.9,83.0,0.0,0.0,0.0,0.0,0.0,0.0,10.0,36.1,92.2,3.2,4.3,116.0,1013.0,1013.0,2.7,5.0
2024-05-11 01:40:00+02:00,12.2,12.2,12.1,10.3,88.0,20.8,83.0,0.0,0.0,0.0,0.0,0.0,0.0,10.0,36.1,92.2,1.2,3.6,105.0,1012.9,1012.9,2.7,5.0
2024-05-11 01:45:00+02:00,12.2,12.2,12.4,10.4,89.0,20.7,83.0,0.0,0.0,0.0,0.0,0.0,0.0,10.0,36.1,92.2,0.0,2.5,325.0,1012.9,1012.9,2.7,4.9
2024-05-11 01:50:00+02:00,12.5,12.5,12.4,10.4,88.0,20.7,83.0,0.0,0.0,0.0,0.0,0.0,0.0,10.0,36.1,92.2,1.0,3.2,295.0,1012.8,1012.8,2.7,4.9
2024-05-11 01:55:00+02:00,12.5,12.5,12.6,10.3,86.0,20.6,83.0,0.0,0.0,0.0,0.0,0.0,0.0,10.0,36.1,92.2,0.4,2.9,95.0,1012.8,1012.8,2.7,4.9
2024-05-11 02:00:00+02:00,12.5,12.5,12.3,10.4,87.0,20.5,83.0,0.0,0.0,0.0,0.0,0.0,0.0,10.0,36.1,92.2,1.6,4.0,121.0,1012.8,1012.8,2.7,4.9
2024-05-11 02:05:00+02:00,12.5,12.5,12.7,10.4,87.0,20.4,83.0,0.0,0.0,0.0,0.0,0.0,0.0,10.0,36.1,92.2,0.0,3.2,121.0,1012.8,1012.8,2.7,4.9
2024-05-11 02:10:00+02:00,12.7,12.7,12.5,10.5,87.0,20.3,83.0,0.0,0.0,0.0,0.0,0.0,0.0,10.0,36.1,92.2,1.9,6.1,88.0,1012.8,1012.8,2.7,4.9
2024-05-11 02:15:00+02:00,12.9,12.9,12.8,10.6,85.0,20.3,83.0,0.0,0.0,0.0,0.0,0.0,0.0,10.0,36.1,92.2,1.5,3.6,116.0,1012.7,1012.7,2.7,4.9
2024-05-11 02:20:00+02:00,13.2,13.2,12.9,10.6,84.0,20.2,83.0,0.0,0.0,0.0,0.0,0.0,0.0,10.0,36.1,92.2,2.9,4.3,88.0,1012.8,1012.8,2.7,4.9
2024-05-11 02:25:00+02:00,13.3,13.3,13.5,10.7,84.0,20.1,83.0,0.0,0.0,0.0,0.0,0.0,0.0,10.0,36.1,92.2,0.4,5.0,100.0,1012.6,1012.6,2.7,4.9
2024-05-11 02:30:00+02:00,13.3,13.3,13.4,10.7,85.0,20.0,83.0,0.0,0.0,0.0,0.0,0.0,0.0,10.0,36.1,92.2,0.5,4.0,99.0,1012.7,1012.7,2.7,4.9
2024-05-11 02:35:00+02:00,13.1,13.1,13.2,10.7,85.0,20.0,83.0,0.0,0.0,0.0,0.0,0.0,0.0,10.0,36.1,92.2,0.5,1.8,127.0,1012.6,1012.6,2.7,4.9
2024-05-11 02:40:00+02:00,13.0,13.0,13.0,10.7,86.0,20.0,83.0,0.0,0.0,0.0,0.0,0.0,0.0,10.0,36.1,92.2,1.4,4.7,325.0,1012.6,1012.6,2.7,4.9
2024-05-11 02:45:00+02:00,13.2,13.2,13.2,10.7,85.0,19.9,83.0,0.0,0.0,0.0,0.0,0.0,0.0,10.0,36.1,92.2,0.8,3.6,256.0,1012.7,1012.7,2.7,4.9
2024-05-11 02:50:00+02:00,13.1,13.1,13.1,10.6,85.0,19.8,83.0,0.0,0.0,0.0,0.0,0.0,0.0,10.0,36.1,92.2,1.2,3.2,276.0,1012.7,1012.7,2.7,4.9
2024-05-11 02:55:00+02:00,13.1,13.1,13.2,10.6,85.0,19.8,84.0,0.0,0.0,0.0,0.0,0.0,0.0,10.0,36.1,92.2,0.4,3.6,276.0,1012.7,1012.7,2.7,4.9
2024-05-11 03:00:00+02:00,13.2,13.2,13.4,10.7,85.0,19.7,83.0,0.0,0.0,0.0,0.0,0.0,0.0,10.0,36.1,92.2,0.0,3.2,239.0,1012.6,1012.6,2.7,4.9
2024-05-11 03:05:00+02:00,13.0,13.0,13.2,10.7,86.0,19.7,84.0,0.0,0.0,0.0,0.0,0.0,0.0,10.0,36.1,92.2,0.0,2.5,304.0,1012.6,1012.6,2.7,4.9
2024-05-11 03:10:00+02:00,12.8,12.8,12.8,10.6,87.0,19.6,84.0,0.0,0.0,0.0,0.0,0.0,0.0,10.0,36.1,92.2,0.9,2.9,272.0,1012.6,1012.6,2.7,4.9
2024-05-11 03:15:00+02:00,12.6,12.6,12.7,10.5,87.0,19.5,84.0,0.0,0.0,0.0,0.0,0.0,0.0,10.0,36.1,92.2,0.4,2.5,274.0,1012.5,1012.5,2.7,4.9
2024-05-11 03:20:00+02:00,12.5,12.5,12.7,10.5,88.0,19.5,84.0,0.0,0.0,0.0,0.0,0.0,0.0,10.0,36.1,92.2,0.0,2.5,291.0,1012.6,1012.6,2.7,4.9
2024-05-11 03:25:00+02:00,12.4,12.4,12.6,10.5,88.0,19.4,84.0,0.0,0.0,0.0,0.0,0.0,0.0,10.0,36.1,92.2,0.0,1.8,354.0,1012.6,1012.6,2.7,4.9
2024-05-11 03:30:00+02:00,12.2,12.2,12.4,10.4,89.0,19.3,84.0,0.0,0.0,0.0,0.0,0.0,0.0,10.0,36.1,92.2,0.0,1.8,59.0,1012.5,1012.5,2.7,4.9
2024-05-11 03:35:00+02:00,12.1,12.1,12.2,10.3,89.0,19.3,84.0,0.0,0.0,0.0,0.0,0.0,0.0,10.0,36.1,92.2,0.0,1.8,116.0,1012.5,1012.5,2.7,4.8
2024-05-11 03:40:00+02:00,11.8,11.8,11.8,10.1,90.0,19.3,84.0,0.0,0.0,0.0,0.0,0.0,0.0,10.0,36.1,92.2,0.4,2.2,125.0,1012.6,1012.6,2.7,4.8
2024-05-11 03:45:00+02:00,11.8,11.8,11.8,10.3,91.0,19.2,84.0,0.0,0.0,0.0,0.0,0.0,0.0,10.0,36.1,92.2,0.7,2.5,299.0,1012.6,1012.6,2.7,4.8
2024-05-11 03:50:00+02:00,11.7,11.7,11.8,10.3,91.0,19.2,84.0,0.0,0.0,0.0,0.0,0.0,0.0,10.0,36.1,92.2,0.4,2.2,264.0,1012.7,1012.7,2.7,4.8
2024-05-11 03:55:00+02:00,11.8,11.8,11.9,10.3,91.0,19.1,84.0,0.0,0.0,0.0,0.0,0.0,0.0,10.0,36.1,92.2,0.0,1.8,317.0,1012.7,1012.7,2.7,4.8
2024-05-11 04:00:00+02:00,11.8,11.8,11.9,10.3,91.0,19.0,84.0,0.0,0.0,0.0,0.0,0.0,0.0,10.0,36.1,92.2,0.0,2.5,14.0,1012.7,1012.7,2.7,4.8
2024-05-11 04:05:00+02:00,11.7,11.7,11.6,10.4,92.0,19.0,84.0,0.0,0.0,0.0,0.0,0.0,0.0,10.0,36.1,92.2,1.2,3.2,307.0,1012.7,1012.7,2.7,4.8
2024-05-11 04:10:00+02:00,11.7,11.7,11.7,10.4,92.0,18.9,84.0,0.0,0.0,0.0,0.0,0.0,0.0,10.0,36.1,92.2,0.9,2.5,330.0,1012.7,1012.7,2.7,4.8
2024-05-11 04:15:00+02:00,11.8,11.8,11.7,10.4,91.0,18.8,84.0,0.0,0.0,0.0,0.0,0.0,0.0,10.0,36.1,92.2,1.5,5.0,296.0,1012.9,1012.9,2.7,4.8
2024-05-11 04:20:00+02:00,12.0,12.0,11.9,10.4,90.0,18.8,84.0,0.0,0.0,0.0,0.0,0.0,0.0,10.0,36.1,92.2,1.4,4.0,257.0,1012.9,1012.9,2.7,4.8
2024-05-11 04:25:00+02:00,11.9,11.9,12.0,10.4,91.0,18.7,84.0,0.0,0.0,0.0,0.0,0.0,0.0,10.0,36.1,92.2,0.4,3.2,297.0,1012.8,1012.8,2.7,4.8
2024-05-11 04:30:00+02:00,12.0,12.0,11.9,10.5,91.0,18.7,84.0,0.0,0.0,0.0,0.0,0.0,0.0,10.0,36.1,92.2,1.5,6.5,20.0,1012.8,1012.8,2.7,4.8
2024-05-11 04:35:00+02:00,12.1,12.1,11.7,10.6,91.0,18.6,84.0,0.0,0.0,0.0,0.0,0.0,0.0,10.0,36.1,92.2,3.4,10.1,71.0,1012.7,1012.7,2.7,4.8
2024-05-11 04:40:00+02:00,12.2,12.2,12.2,10.5,90.0,18.6,84.0,0.0,0.0,0.0,0.0,0.0,0.0,10.0,36.1,92.2,0.8,4.3,281.0,1012.7,1012.7,2.7,4.8
2024-05-11 04:45:00+02:00,12.1,12.1,12.1,10.6,91.0,18.5,84.0,0.0,0.0,0.0,0.0,0.0,0.0,10.0,36.1,92.2,0.9,4.7,232.0,1012.6,1012.6,2.7,4.8
2024-05-11 04:50:00+02:00,11.9,11.9,12.0,10.5,91.0,18.5,84.0,0.0,0.0,0.0,0.0,0.0,0.0,10.0,36.1,92.2,0.7,4.3,271.0,1012.7,1012.7,2.7,4.8
2024-05-11 04:55:00+02:00,11.8,11.8,12.0,10.4,91.0,18.4,84.0,0.0,0.0,0.0,0.0,0.0,0.0,10.0,36.1,92.2,0.4,3.2,238.0,1012.8,1012.8,2.7,4.8
2024-05-11 05:00:00+02:00,11.8,11.8,11.8,10.5,92.0,18.3,84.0,0.0,0.0,0.0,0.0,0.0,0.0,10.0,36.1,92.2,1.3,4.7,330.0,1012.7,1012.7,2.7,4.8
2024-05-11 05:05:00+02:00,11.8,11.8,11.7,10.5,92.0,18.3,84.0,0.0,0.0,0.0,0.0,0.0,0.0,10.0,36.1,92.2,1.7,3.2,252.0,1012.8,1012.8,2.7,4.8
2024-05-11 05:10:00+02:00,11.7,11.7,11.9,10.5,92.0,18.3,84.0,0.0,0.0,0.0,0.0,0.0,0.0,10.0,36.1,92.2,0.0,2.9,135.0,1012.8,1012.8,2.7,4.8
2024-05-11 05:15:00+02:00,11.6,11.6,11.5,10.3,92.0,18.2,84.0,0.1,0.0,0.0,0.0,0.0,0.0,10.0,36.1,92.2,0.8,2.5,136.0,1012.8,1012.8,2.7,4.7
2024-05-11 05:20:00+02:00,11.5,11.5,11.7,10.4,93.0,18.2,84.0,0.2,0.0,0.0,0.0,0.0,0.0,10.0,36.1,92.2,0.0,2.5,335.0,1012.8,1012.8,2.7,4.7
2024-05-11 05:25:00+02:00,11.4,11.4,11.5,10.3,93.0,18.1,84.0,0.4,0.0,0.0,0.0,0.0,0.0,10.0,36.1,92.2,0.0,2.2,24.0,1012.8,1012.8,2.7,4.7
2024-05-11 05:30:00+02:00,11.2,11.2,11.3,10.1,93.0,18.1,84.0,0.7,0.0,0.0,0.0,0.0,0.0,10.0,36.1,92.2,0.0,2.2,57.0,1012.9,1012.9,2.7,4.7
2024-05-11 05:35:00+02:00,11.1,11.1,11.2,10.2,94.0,18.0,84.0,1.0,0.0,0.0,0.0,0.0,0.0,10.0,36.1,92.2,0.0,1.8,70.0,1012.9,1012.9,2.7,4.7
2024-05-11 05:40:00+02:00,11.0,11.0,11.0,10.1,94.0,18.0,84.0,1.7,0.0,0.0,0.0,0.0,0.0,10.0,36.1,92.2,0.5,3.2,133.0,1012.9,1012.9,2.7,4.7
2024-05-11 05:45:00+02:00,11.0,11.0,10.9,10.1,95.0,18.0,84.0,2.5,0.0,0.0,0.0,0.0,0.0,10.0,36.1,92.2,0.7,2.9,282.0,1012.9,1012.9,2.7,4.7
2024-05-11 05:50:00+02:00,11.0,11.0,11.1,10.3,95.0,17.9,84.0,3.7,0.0,0.0,0.0,0.0,0.0,10.0,36.1,92.2,0.4,3.6,318.0,1013.0,1013.0,2.7,4.7
2024-05-11 05:55:00+02:00,11.0,11.0,11.1,10.2,95.0,17.8,84.0,5.4,0.0,0.0,0.0,0.0,0.0,10.0,36.1,92.2,0.0,2.5,202.0,1013.0,1013.0,2.7,4.7
2024-05-11 06:00:00+02:00,11.0,11.0,10.9,10.2,95.0,17.8,84.0,7.5,0.0,0.0,0.0,0.0,0.0,10.0,36.1,92.2,1.2,3.2,348.0,1013.0,1013.0,2.7,4.7
2024-05-11 06:05:00+02:00,11.1,11.1,11.1,10.3,95.0,17.8,84.0,9.6,0.0,0.0,0.0,0.0,0.0,10.0,36.1,92.2,0.4,2.5,277.0,1013.0,1013.0,2.7,4.7
2024-05-11 06:10:00+02:00,11.1,11.1,10.8,10.3,95.0,17.8,84.0,11.5,0.0,0.0,0.0,0.0,0.0,10.0,36.1,92.2,1.7,4.7,102.0,1012.9,1012.9,2.7,4.7
2024-05-11 06:15:00+02:00,11.2,11.2,11.3,10.4,95.0,17.7,84.0,14.1,0.0,0.0,0.0,0.0,0.0,10.0,36.1,92.2,0.0,3.6,282.0,1013.0,1013.0,2.7,4.7
2024-05-11 06:20:00+02:00,11.1,11.1,11.0,10.3,95.0,17.7,84.0,16.7,0.0,0.0,0.0,0.0,0.0,10.0,36.1,92.2,1.4,3.2,285.0,1012.9,1012.9,2.7,4.7
2024-05-11 06:25:00+02:00,11.1,11.1,11.2,10.4,95.0,17.7,84.0,18.8,0.0,0.0,0.0,0.0,0.0,10.0,36.1,92.2,0.4,4.0,275.0,1013.1,1013.1,2.7,4.7
2024-05-11 06:30:00+02:00,11.3,11.3,11.2,10.5,95.0,17.6,84.0,20.5,0.0,0.0,0.0,0.0,0.0,10.0,36.1,92.2,1.4,4.0,38.0,1012.9,1012.9,2.7,4.7
2024-05-11 06:35:00+02:00,11.3,11.3,11.5,10.5,95.0,17.6,84.0,22.8,0.0,0.0,0.0,0.0,0.0,10.0,36.1,92.2,0.0,2.5,51.0,1013.0,1013.0,2.7,4.7
2024-05-11 06:40:00+02:00,11.3,11.3,11.2,10.5,95.0,17.6,84.0,24.1,0.0,0.0,0.0,0.0,0.0,10.0,36.1,92.2,1.6,3.6,44.0,1013.1,1013.1,2.7,4.7
2024-05-11 06:45:00+02:00,11.5,11.5,11.3,10.5,94.0,17.6,84.0,25.1,0.0,0.0,0.0,0.0,0.0,10.0,36.1,92.2,2.0,4.3,32.0,1013.1,1013.1,2.7,4.7
2024-05-11 06:50:00+02:00,11.5,11.5,11.3,10.6,94.0,17.5,84.0,28.4,0.0,0.0,0.0,0.0,0.0,10.0,36.1,92.2,1.9,3.6,93.0,1013.2,1013.2,2.7,4.7
2024-05-11 06:55:00+02:00,11.5,11.5,11.5,10.6,94.0,17.5,84.0,30.6,0.0,0.0,0.0,0.0,0.0,10.0,36.1,92.2,0.9,4.0,89.0,1013.2,1013.2,2.7,4.7
2024-05-11 07:00:00+02:00,11.5,11.5,11.7,10.6,94.0,17.5,84.0,33.1,0.0,0.0,0.0,0.0,0.0,10.0,36.1,92.2,0.4,3.6,63.0,1013.2,1013.2,2.7,4.7
2024-05-11 07:05:00+02:00,11.7,11.7,11.4,10.7,94.0,17.5,84.0,38.7,0.0,0.0,0.0,0.0,0.0,10.0,36.1,92.2,2.3,6.1,48.0,1013.2,1013.2,2.7,4.7
2024-05-11 07:10:00+02:00,11.8,11.8,11.5,10.7,93.0,17.5,84.0,43.7,0.0,0.0,0.0,0.0,0.0,10.0,36.1,92.2,2.6,5.8,74.0,1013.4,1013.4,2.7,4.7
2024-05-11 07:15:00+02:00,11.9,11.9,11.5,10.7,92.0,17.5,85.0,45.7,0.0,0.0,0.0,0.0,0.0,10.0,36.1,92.2,3.2,7.2,55.0,1013.3,1013.3,2.7,4.7
2024-05-11 07:20:00+02:00,12.0,12.0,11.8,10.7,92.0,17.5,85.0,51.9,0.0,0.0,0.0,0.0,0.0,10.0,36.1,92.2,2.4,5.4,49.0,1013.3,1013.3,2.7,4.7
2024-05-11 07:25:00+02:00,12.1,12.1,11.8,10.8,92.0,17.5,85.0,53.8,0.0,0.0,0.0,0.0,0.0,10.0,36.1,92.2,2.9,6.8,39.0,1013.4,1013.4,2.7,4.7
2024-05-11 07:30:00+02:00,12.2,12.2,11.9,10.9,91.0,17.5,85.0,56.2,0.0,0.0,0.0,0.0,0.0,10.0,36.1,92.2,2.9,6.8,59.0,1013.3,1013.3,2.7,4.7
2024-05-11 07:35:00+02:00,12.3,12.3,12.1,10.8,91.0,17.5,85.0,58.5,0.0,0.0,0.0,0.0,0.0,10.0,36.1,92.2,2.7,6.5,76.0,1013.4,1013.4,2.7,4.7
2024-05-11 07:40:00+02:00,12.4,12.4,12.1,10.9,91.0,17.6,85.0,59.3,0.0,0.0,0.0,0.0,0.0,10.0,36.1,92.2,2.9,6.1,67.0,1013.3,1013.3,2.7,4.7
2024-05-11 07:45:00+02:00,12.4,12.4,11.9,10.9,91.0,17.6,85.0,66.6,0.0,0.0,0.0,0.0,0.0,10.0,36.1,92.2,4.2,9.7,40.0,1013.4,1013.4,2.7,4.7
2024-05-11 07:50:00+02:00,12.5,12.5,12.2,11.0,90.0,17.6,85.0,76.2,0.0,0.0,0.0,0.0,0.0,10.0,36.1,92.2,3.5,9.7,28.0,1013.5,1013.5,2.7,4.7
2024-05-11 07:55:00+02:00,12.7,12.7,12.3,11.1,90.0,17.6,85.0,79.0,0.0,0.0,0.0,0.0,0.0,10.0,36.1,92.2,3.8,13.0,28.0,1013.4,1013.4,2.7,4.8
2024-05-11 08:00:00+02:00,12.8,12.8,12.4,11.2,90.0,17.7,85.0,77.0,0.0,0.0,0.0,0.0,0.0,10.0,36.1,92.2,4.0,10.8,37.0,1013.3,1013.3,2.7,4.8
2024-05-11 08:05:00+02:00,12.9,12.9,12.4,11.1,89.0,17.7,85.0,79.6,0.0,0.0,0.0,0.0,0.0,10.0,36.1,92.2,4.3,12.6,35.0,1013.4,1013.4,2.7,4.8
2024-05-11 08:10:00+02:00,13.0,13.0,12.8,11.3,89.0,17.7,85.0,78.6,0.0,0.0,0.0,0.0,0.0,10.0,36.1,92.2,3.3,9.0,76.0,1013.3,1013.3,2.7,4.8
2024-05-11 08:15:00+02:00,13.1,13.1,12.7,11.2,88.0,17.8,85.0,77.9,0.0,0.0,0.0,0.0,0.0,10.0,36.1,92.2,4.2,11.2,42.0,1013.3,1013.3,2.7,4.8
2024-05-11 08:20:00+02:00,13.2,13.2,13.3,11.4,89.0,17.8,85.0,102.5,0.0,0.0,0.0,0.0,0.0,10.0,36.1,92.2,2.0,9.7,74.0,1013.4,1013.4,2.7,4.8
2024-05-11 08:25:00+02:00,13.4,13.4,13.0,11.4,87.0,17.8,86.0,135.0,1.0,0.0,0.0,0.0,0.0,10.0,36.1,92.2,4.8,10.1,24.0,1013.3,1013.3,2.7,4.8
2024-05-11 08:30:00+02:00,13.7,13.7,12.8,11.4,86.0,17.9,86.0,167.5,1.0,0.0,0.0,0.0,0.0,10.0,36.1,92.2,6.5,14.0,360.0,1013.3,1013.3,2.7,4.8
2024-05-11 08:35:00+02:00,14.0,14.0,14.1,11.6,85.0,17.9,86.0,206.2,1.0,0.0,0.0,0.0,0.0,10.0,36.1,92.2,2.2,13.7,18.0,1013.5,1013.5,2.7,4.9
2024-05-11 08:40:00+02:00,14.3,14.3,13.9,11.8,85.0,18.0,86.0,221.5,2.0,0.0,0.0,0.0,0.0,10.0,36.1,92.2,4.8,14.4,4.0,1013.5,1013.5,2.7,4.9
2024-05-11 08:45:00+02:00,14.5,14.5,14.1,11.7,83.0,18.1,86.0,240.0,2.0,0.0,0.0,0.0,0.0,10.0,36.1,92.2,4.5,14.4,39.0,1013.5,1013.5,2.7,5.0
2024-05-11 08:50:00+02:00,14.6,14.6,14.2,11.7,83.0,18.3,86.0,260.7,2.0,0.0,0.0,0.0,0.0,10.0,36.1,92.2,5.0,9.7,33.0,1013.5,1013.5,2.7,5.0
2024-05-11 08:55:00+02:00,15.0,15.0,14.9,11.9,82.0,18.5,86.0,255.5,2.0,0.0,0.0,0.0,0.0,10.0,36.1,92.2,3.2,9.0,25.0,1013.5,1013.5,2.7,5.1
2024-05-11 09:00:00+02:00,15.5,15.5,15.7,12.0,80.0,18.7,87.0,274.7,2.0,0.0,0.0,0.0,0.0,10.0,36.1,92.2,2.3,7.6,71.0,1013.5,1013.5,2.7,5.1
2024-05-11 09:05:00+02:00,15.9,15.9,15.4,12.0,78.0,18.9,87.0,241.8,2.0,0.0,0.0,0.0,0.0,10.0,36.1,92.2,5.8,10.4,13.0,1013.5,1013.5,2.7,5.2
2024-05-11 09:10:00+02:00,15.5,15.5,15.1,11.8,79.0,19.1,87.0,246.6,2.0,0.0,0.0,0.0,0.0,10.0,36.1,92.2,4.8,12.6,22.0,1013.5,1013.5,2.7,5.2
2024-05-11 09:15:00+02:00,15.7,15.7,15.9,11.9,78.0,19.3,87.0,219.1,2.0,0.0,0.0,0.0,0.0,10.0,36.1,92.2,2.0,9.7,39.0,1013.4,1013.4,2.7,5.2
2024-05-11 09:20:00+02:00,16.0,16.0,15.8,12.0,77.0,19.5,87.0,227.3,2.0,0.0,0.0,0.0,0.0,10.0,36.1,92.2,4.0,8.6,84.0,1013.5,1013.5,2.7,5.2
2024-05-11 09:25:00+02:00,16.0,16.0,15.6,12.0,77.0,19.7,87.0,235.2,2.0,0.0,0.0,0.0,0.0,10.0,36.1,92.2,5.0,10.1,60.0,1013.5,1013.5,2.7,5.2
2024-05-11 09:30:00+02:00,16.3,16.3,16.3,12.2,77.0,19.8,87.0,247.1,2.0,0.0,0.0,0.0,0.0,10.0,36.1,92.2,3.7,7.2,294.0,1013.5,1013.5,2.7,5.2
2024-05-11 09:35:00+02:00,16.3,16.3,16.0,12.3,77.0,20.0,87.0,245.9,2.0,0.0,0.0,0.0,0.0,10.0,36.1,92.2,5.0,13.3,19.0,1013.4,1013.4,2.7,5.2
2024-05-11 09:40:00+02:00,16.3,16.3,15.9,12.1,76.0,20.1,87.0,286.4,2.0,0.0,0.0,0.0,0.0,10.0,36.1,92.2,5.1,13.3,319.0,1013.4,1013.4,2.7,5.2
2024-05-11 09:45:00+02:00,16.7,16.7,16.7,12.2,75.0,20.3,87.0,312.8,2.0,0.0,0.0,0.0,0.0,10.0,36.1,92.2,3.2,9.7,41.0,1013.5,1013.5,2.7,5.2
2024-05-11 09:50:00+02:00,17.1,17.1,17.0,12.4,74.0,20.5,87.0,334.4,3.0,0.0,0.0,0.0,0.0,10.0,36.1,92.2,4.4,11.9,21.0,1013.5,1013.5,2.7,5.2
2024-05-11 09:55:00+02:00,17.0,17.0,16.6,12.2,73.0,20.7,86.0,346.4,3.0,0.0,0.0,0.0,0.0,10.0,36.1,92.2,5.6,10.4,40.0,1013.4,1013.4,2.7,5.2
2024-05-11 10:00:00+02:00,17.1,17.1,16.9,12.2,73.0,21.0,86.0,363.1,3.0,0.0,0.0,0.0,0.0,10.0,36.1,92.2,4.5,13.7,40.0,1013.4,1013.4,2.7,5.2
2024-05-11 10:05:00+02:00,17.7,17.7,17.7,12.5,72.0,21.2,86.0,376.2,3.0,0.0,0.0,0.0,0.0,10.0,36.1,92.2,4.2,9.0,70.0,1013.4,1013.4,2.7,5.2
2024-05-11 10:10:00+02:00,17.9,17.9,18.0,12.6,71.0,21.5,86.0,376.1,3.0,0.0,0.0,0.0,0.0,10.0,36.1,92.2,3.5,8.6,85.0,1013.3,1013.3,2.7,5.2
2024-05-11 10:15:00+02:00,18.0,18.0,18.0,12.6,71.0,21.8,86.0,346.3,3.0,0.0,0.0,0.0,0.0,10.0,36.1,92.2,4.0,8.6,91.0,1013.3,1013.3,2.7,5.3
2024-05-11 10:20:00+02:00,18.1,18.1,18.4,12.5,70.0,22.0,86.0,392.3,3.0,0.0,0.0,0.0,0.0,10.0,36.1,92.2,2.2,7.6,59.0,1013.3,1013.3,2.7,5.3
2024-05-11 10:25:00+02:00,18.8,18.8,18.8,12.6,67.0,22.4,86.0,401.7,3.0,0.0,0.0,0.0,0.0,10.0,36.1,92.2,4.0,10.8,84.0,1013.3,1013.3,2.7,5.3
2024-05-11 10:30:00+02:00,19.1,19.1,19.3,12.8,67.0,22.6,86.0,401.7,3.0,0.0,0.0,0.0,0.0,10.0,36.1,92.2,3.5,8.3,61.0,1013.2,1013.2,2.7,5.3
2024-05-11 10:35:00+02:00,18.9,18.9,18.7,12.6,67.0,22.9,86.0,409.2,3.0,0.0,0.0,0.0,0.0,10.0,36.1,92.2,4.8,11.2,73.0,1013.2,1013.2,2.7,5.3
2024-05-11 10:40:00+02:00,19.2,19.2,19.6,13.1,68.0,23.1,86.0,415.0,3.0,0.0,0.0,0.0,0.0,10.0,36.1,92.2,3.2,11.2,106.0,1013.2,1013.2,2.7,5.3
2024-05-11 10:45:00+02:00,19.4,19.4,19.7,13.0,66.0,23.3,86.0,424.6,3.0,0.0,0.0,0.0,0.0,10.0,36.1,92.2,2.8,9.4,46.0,1013.1,1013.1,2.7,5.3
2024-05-11 10:50:00+02:00,20.1,20.1,20.6,13.4,65.0,23.6,86.0,443.8,4.0,0.0,0.0,0.0,0.0,10.0,36.1,92.2,3.1,7.2,25.0,1013.1,1013.1,2.7,5.3
2024-05-11 10:55:00+02:00,20.4,20.4,20.6,12.8,62.0,23.8,85.0,458.5,4.0,0.0,0.0,0.0,0.0,10.0,36.1,92.2,3.3,11.5,54.0,1013.1,1013.1,2.7,5.3
2024-05-11 11:00:00+02:00,20.3,20.3,20.4,12.9,62.0,24.0,85.0,437.8,4.0,0.0,0.0,0.0,0.0,10.0,36.1,92.2,3.7,10.4,67.0,1013.0,1013.0,2.7,5.3
2024-05-11 11:05:00+02:00,20.9,20.9,21.2,13.1,61.0,24.3,85.0,455.8,4.0,0.0,0.0,0.0,0.0,10.0,36.1,92.2,3.5,8.3,342.0,1012.9,1012.9,2.7,5.3
2024-05-11 11:10:00+02:00,20.7,20.7,20.9,12.6,60.0,24.5,85.0,477.5,4.0,0.0,0.0,0.0,0.0,10.0,36.1,92.2,2.9,9.7,61.0,1012.9,1012.9,2.7,5.3
2024-05-11 11:15:00+02:00,20.7,20.7,20.8,12.3,59.0,24.8,85.0,481.9,4.0,0.0,0.0,0.0,0.0,10.0,36.1,92.2,3.2,9.4,87.0,1012.8,1012.8,2.7,5.3
2024-05-11 11:20:00+02:00,20.6,20.6,20.2,12.2,58.0,25.0,85.0,468.6,4.0,0.0,0.0,0.0,0.0,10.0,36.1,92.2,5.7,14.8,22.0,1012.9,1012.9,2.7,5.3
2024-05-11 11:25:00+02:00,20.8,20.8,20.7,12.2,58.0,25.3,85.0,492.6,4.0,0.0,0.0,0.0,0.0,10.0,36.1,92.2,4.0,8.6,53.0,1012.8,1012.8,2.7,5.3
2024-05-11 11:30:00+02:00,21.4,21.4,21.6,12.8,58.0,25.5,84.0,494.4,4.0,0.0,0.0,0.0,0.0,10.0,36.1,92.2,3.2,9.0,274.0,1012.8,1012.8,2.7,5.3
2024-05-11 11:35:00+02:00,21.6,21.6,21.9,12.5,56.0,25.7,84.0,487.1,4.0,0.0,0.0,0.0,0.0,10.0,36.1,92.2,2.4,10.8,359.0,1012.8,1012.8,2.7,5.3
2024-05-11 11:40:00+02:00,21.1,21.1,20.8,12.2,57.0,25.9,84.0,485.9,4.0,0.0,0.0,0.0,0.0,10.0,36.1,92.2,5.1,10.8,46.0,1012.6,1012.6,2.7,5.3
2024-05-11 11:45:00+02:00,21.3,21.3,21.1,12.4,57.0,26.2,84.0,471.6,4.0,0.0,0.0,0.0,0.0,10.0,36.1,92.2,4.9,10.8,32.0,1012.8,1012.8,2.7,5.3
2024-05-11 11:50:00+02:00,21.2,21.2,21.0,12.3,57.0,26.3,84.0,524.2,4.0,0.0,0.0,0.0,0.0,10.0,36.1,92.2,4.3,10.8,8.0,1012.7,1012.7,2.7,5.3
2024-05-11 11:55:00+02:00,21.3,21.3,21.5,12.2,56.0,26.5,84.0,531.6,4.0,0.0,0.0,0.0,0.0,10.0,36.1,92.2,2.4,10.1,359.0,1012.7,1012.7,2.7,5.3
2024-05-11 12:00:00+02:00,21.8,21.8,21.7,12.2,55.0,26.7,84.0,532.2,4.0,0.0,0.0,0.0,0.0,10.0,36.1,92.2,3.8,10.1,99.0,1012.7,1012.7,2.7,5.3
2024-05-11 12:05:00+02:00,21.4,21.4,20.6,11.9,55.0,26.9,84.0,531.1,4.0,0.0,0.0,0.0,0.0,10.0,36.1,92.2,6.8,14.8,28.0,1012.7,1012.7,2.7,5.3
2024-05-11 12:10:00+02:00,21.7,21.7,21.9,12.1,55.0,27.1,84.0,544.0,5.0,0.0,0.0,0.0,0.0,10.0,36.1,92.2,2.2,8.6,110.0,1012.5,1012.5,2.7,5.3
2024-05-11 12:15:00+02:00,22.4,22.4,22.0,12.3,53.0,27.3,83.0,537.0,4.0,0.0,0.0,0.0,0.0,10.0,36.1,92.2,5.4,11.9,338.0,1012.5,1012.5,2.7,5.3
2024-05-11 12:20:00+02:00,22.0,22.0,21.9,12.1,53.0,27.5,83.0,551.4,5.0,0.0,0.0,0.0,0.0,10.0,36.1,92.2,4.1,12.2,345.0,1012.5,1012.5,2.7,5.3
2024-05-11 12:30:00+02:00,23.1,23.1,23.1,12.4,51.0,28.0,83.0,553.8,5.0,0.0,0.0,0.0,0.0,10.0,36.1,92.2,4.0,18.0,92.0,1012.5,1012.5,2.68,5.3
2024-05-11 12:35:00+02:00,23.2,23.2,23.5,12.7,52.0,28.1,83.0,567.9,5.0,0.0,0.0,0.0,0.0,10.0,36.1,92.2,2.6,9.0,35.0,1012.6,1012.6,2.68,5.3
2024-05-11 12:40:00+02:00,22.9,22.9,22.6,11.9,50.0,28.3,83.0,564.6,5.0,0.0,0.0,0.0,0.0,10.0,36.1,92.2,4.5,15.5,17.0,1012.5,1012.5,2.68,5.3
2024-05-11 12:45:00+02:00,22.8,22.8,22.5,11.8,50.0,28.4,83.0,575.1,5.0,0.0,0.0,0.0,0.0,10.0,36.1,92.2,4.5,16.6,17.0,1012.5,1012.5,2.68,5.3
2024-05-11 12:50:00+02:00,22.2,22.2,21.4,11.5,51.0,28.6,83.0,569.3,5.0,0.0,0.0,0.0,0.0,10.0,36.1,92.2,6.5,16.6,62.0,1012.4,1012.4,2.68,5.3
2024-05-11 12:55:00+02:00,22.3,22.3,21.8,11.9,52.0,28.8,83.0,569.3,5.0,0.0,0.0,0.0,0.0,10.0,36.1,92.2,5.5,10.1,16.0,1012.4,1012.4,2.68,5.3
2024-05-11 13:00:00+02:00,22.7,22.7,22.6,12.6,53.0,29.0,83.0,555.6,5.0,0.0,0.0,0.0,0.0,10.0,36.1,92.2,4.7,11.9,33.0,1012.3,1012.3,2.68,5.3
2024-05-11 13:05:00+02:00,22.8,22.8,22.5,12.5,52.0,29.2,82.0,554.0,5.0,0.0,0.0,0.0,0.0,10.0,36.1,92.2,5.6,15.5,276.0,1012.2,1012.2,2.68,5.3
2024-05-11 13:10:00+02:00,22.8,22.8,22.9,12.4,52.0,29.3,82.0,555.6,5.0,0.0,0.0,0.0,0.0,10.0,36.1,92.2,3.6,18.4,1.0,1012.1,1012.1,2.68,5.3
2024-05-11 13:15:00+02:00,23.6,23.6,23.5,12.7,50.0,29.5,82.0,562.0,5.0,0.0,0.0,0.0,0.0,10.0,36.1,92.2,5.0,15.1,327.0,1012.2,1012.2,2.68,5.3
2024-05-11 13:20:00+02:00,22.8,22.8,22.7,12.0,50.0,29.7,82.0,562.5,5.0,0.0,0.0,0.0,0.0,10.0,36.1,92.2,4.0,14.4,13.0,1012.2,1012.2,2.68,5.3
2024-05-11 13:25:00+02:00,23.4,23.4,22.6,12.4,50.0,29.8,82.0,562.0,5.0,0.0,0.0,0.0,0.0,10.0,36.1,92.2,7.8,18.7,318.0,1012.1,1012.1,2.68,5.3
2024-05-11 13:30:00+02:00,22.7,22.7,22.1,12.3,52.0,29.9,81.0,580.0,5.0,0.0,0.0,0.0,0.0,10.0,36.1,92.2,6.6,18.7,2.0,1012.2,1012.2,2.68,5.3
2024-05-11 13:35:00+02:00,23.0,23.0,22.5,12.2,51.0,30.0,81.0,578.9,5.0,0.0,0.0,0.0,0.0,10.0,36.1,92.2,5.8,18.4,303.0,1012.1,1012.1,2.68,5.3
2024-05-11 13:40:00+02:00,23.1,23.1,22.3,11.6,49.0,30.1,81.0,551.8,5.0,0.0,0.0,0.0,0.0,10.0,36.1,92.2,6.4,15.1,300.0,1012.0,1012.0,2.68,5.3
2024-05-11 13:45:00+02:00,23.1,23.1,22.8,11.5,48.0,30.2,81.0,545.5,5.0,0.0,0.0,0.0,0.0,10.0,36.1,92.2,4.1,18.4,322.0,1012.0,1012.0,2.68,5.3
2024-05-11 13:50:00+02:00,23.5,23.5,22.6,11.4,47.0,30.3,81.0,556.1,5.0,0.0,0.0,0.0,0.0,10.0,36.1,92.2,6.7,17.3,358.0,1012.0,1012.0,2.68,5.3
2024-05-11 13:55:00+02:00,23.2,23.2,22.4,10.9,46.0,30.3,81.0,549.1,5.0,0.0,0.0,0.0,0.0,10.0,36.1,92.2,5.2,15.5,333.0,1012.0,1012.0,2.68,5.3
2024-05-11 14:00:00+02:00,23.4,23.4,22.7,11.3,46.0,30.4,81.0,542.0,5.0,0.0,0.0,0.0,0.0,10.0,36.1,92.2,5.5,20.9,44.0,1011.9,1011.9,2.68,5.3
2024-05-11 14:05:00+02:00,24.0,24.0,23.1,11.1,44.0,30.4,81.0,554.4,5.0,0.0,0.0,0.0,0.0,10.0,36.1,92.2,6.3,16.2,308.0,1011.9,1011.9,2.68,5.3
2024-05-11 14:10:00+02:00,24.1,24.1,23.8,11.7,46.0,30.5,81.0,560.3,5.0,0.0,0.0,0.0,0.0,10.0,36.1,92.2,4.3,13.3,333.0,1011.9,1011.9,2.68,5.3
2024-05-11 14:15:00+02:00,24.7,24.7,24.3,10.9,42.0,30.6,81.0,557.3,5.0,0.0,0.0,0.0,0.0,10.0,36.1,92.2,3.6,7.9,35.0,1011.8,1011.8,2.68,5.3
2024-05-11 14:20:00+02:00,24.4,24.4,23.9,10.3,41.0,30.7,81.0,550.6,5.0,0.0,0.0,0.0,0.0,10.0,36.1,92.2,3.0,8.6,311.0,1011.8,1011.8,2.68,5.3
2024-05-11 14:25:00+02:00,24.6,24.6,23.3,11.0,43.0,30.7,81.0,547.7,5.0,0.0,0.0,0.0,0.0,10.0,36.1,92.2,7.9,22.3,87.0,1011.8,1011.8,2.68,5.3
2024-05-11 14:30:00+02:00,23.9,23.9,23.5,11.6,46.0,30.8,81.0,561.1,5.0,0.0,0.0,0.0,0.0,10.0,36.1,92.2,4.6,17.6,45.0,1011.8,1011.8,2.68,5.3
2024-05-11 14:35:00+02:00,23.5,23.5,22.3,11.2,46.0,30.8,81.0,552.6,5.0,0.0,0.0,0.0,0.0,10.0,36.1,92.2,8.4,15.1,302.0,1011.7,1011.7,2.68,5.3
2024-05-11 14:40:00+02:00,24.2,24.2,23.6,11.1,44.0,30.8,81.0,548.5,5.0,0.0,0.0,0.0,0.0,10.0,36.1,92.2,5.1,13.0,48.0,1011.6,1011.6,2.68,5.3
2024-05-11 14:45:00+02:00,24.2,24.2,23.4,11.0,43.0,30.9,81.0,549.4,5.0,0.0,0.0,0.0,0.0,10.0,36.1,92.2,5.8,13.0,359.0,1011.6,1011.6,2.68,5.3
2024-05-11 14:50:00+02:00,24.5,24.5,24.2,11.1,43.0,30.9,81.0,545.9,5.0,0.0,0.0,0.0,0.0,10.0,36.1,92.2,3.2,9.7,98.0,1011.5,1011.5,2.68,5.3
2024-05-11 14:55:00+02:00,24.7,24.7,24.0,11.4,43.0,30.9,81.0,537.0,4.0,0.0,0.0,0.0,0.0,10.0,36.1,92.2,5.8,13.0,340.0,1011.5,1011.5,2.68,5.3
2024-05-11 15:00:00+02:00,24.8,24.8,24.7,11.5,43.0,31.0,81.0,535.4,4.0,0.0,0.0,0.0,0.0,10.0,36.1,92.2,2.6,18.0,59.0,1011.5,1011.5,2.68,5.3
2024-05-11 15:05:00+02:00,24.4,24.4,23.4,10.8,43.0,31.0,81.0,539.0,5.0,0.0,0.0,0.0,0.0,10.0,36.1,92.2,6.3,12.6,351.0,1011.4,1011.4,2.68,5.3
2024-05-11 15:10:00+02:00,24.0,24.0,22.5,10.7,43.0,31.0,81.0,539.2,5.0,0.0,0.0,0.0,0.0,10.0,36.1,92.2,8.9,17.3,351.0,1011.5,1011.5,2.68,5.3
2024-05-11 15:15:00+02:00,24.2,24.2,24.2,11.2,44.0,31.1,81.0,533.8,4.0,0.0,0.0,0.0,0.0,10.0,36.1,92.2,2.3,14.0,127.0,1011.4,1011.4,2.68,5.3
2024-05-11 15:20:00+02:00,24.5,24.5,24.2,11.0,43.0,31.1,82.0,525.8,4.0,0.0,0.0,0.0,0.0,10.0,36.1,92.2,3.2,10.1,250.0,1011.3,1011.3,2.68,5.3
2024-05-11 15:25:00+02:00,24.2,24.2,21.9,10.8,43.0,31.1,82.0,531.6,4.0,0.0,0.0,0.0,0.0,10.0,36.1,92.2,12.8,20.5,350.0,1011.3,1011.3,2.68,5.3
2024-05-11 15:30:00+02:00,24.4,24.4,23.3,10.5,42.0,31.1,82.0,528.2,4.0,0.0,0.0,0.0,0.0,10.0,36.1,92.2,6.2,15.1,347.0,1011.3,1011.3,2.68,5.3
2024-05-11 15:35:00+02:00,24.7,24.7,24.4,10.7,41.0,31.1,82.0,525.3,4.0,0.0,0.0,0.0,0.0,10.0,36.1,92.2,2.4,12.6,42.0,1011.3,1011.3,2.68,5.3
2024-05-11 15:40:00+02:00,24.2,24.2,22.9,10.8,43.0,31.1,82.0,532.8,4.0,0.0,0.0,0.0,0.0,10.0,36.1,92.2,8.3,19.1,337.0,1011.3,1011.3,2.68,5.3
2024-05-11 15:45:00+02:00,24.3,24.3,23.0,10.9,43.0,31.1,82.0,512.6,4.0,0.0,0.0,0.0,0.0,10.0,36.1,92.2,8.1,16.6,349.0,1011.1,1011.1,2.68,5.3
2024-05-11 15:50:00+02:00,24.3,24.3,23.0,10.8,43.0,31.1,82.0,502.4,4.0,0.0,0.0,0.0,0.0,10.0,36.1,92.2,7.9,19.8,321.0,1011.0,1011.0,2.68,5.3
2024-05-11 15:55:00+02:00,24.4,24.4,23.4,10.5,41.0,31.1,82.0,501.8,4.0,0.0,0.0,0.0,0.0,10.0,36.1,92.2,6.3,19.8,308.0,1011.1,1011.1,2.68,5.3
2024-05-11 16:00:00+02:00,24.3,24.3,22.9,10.6,42.0,31.1,82.0,499.1,4.0,0.0,0.0,0.0,0.0,10.0,36.1,92.2,8.6,20.9,303.0,1011.0,1011.0,2.68,5.3
2024-05-11 16:05:00+02:00,24.2,24.2,23.5,11.1,44.0,31.1,83.0,488.2,4.0,0.0,0.0,0.0,0.0,10.0,36.1,92.2,5.4,19.1,309.0,1011.0,1011.0,2.68,5.3
2024-05-11 16:10:00+02:00,24.4,24.4,24.1,11.2,43.0,31.1,83.0,475.0,4.0,0.0,0.0,0.0,0.0,10.0,36.1,92.2,3.6,16.9,308.0,1010.9,1010.9,2.68,5.3
2024-05-11 16:15:00+02:00,25.1,25.1,24.8,11.4,42.0,31.1,83.0,461.3,4.0,0.0,0.0,0.0,0.0,10.0,36.1,92.2,3.6,9.0,305.0,1010.9,1010.9,2.68,5.3
2024-05-11 16:20:00+02:00,24.6,24.6,23.0,11.2,43.0,31.1,83.0,472.6,4.0,0.0,0.0,0.0,0.0,10.0,36.1,92.2,10.1,20.9,12.0,1010.9,1010.9,2.68,5.3
2024-05-11 16:25:00+02:00,24.1,24.1,23.1,11.2,44.0,31.1,83.0,463.5,4.0,0.0,0.0,0.0,0.0,10.0,36.1,92.2,7.2,22.3,324.0,1010.9,1010.9,2.68,5.3
2024-05-11 16:30:00+02:00,24.2,24.2,23.1,10.9,43.0,31.1,83.0,458.2,4.0,0.0,0.0,0.0,0.0,10.0,36.1,92.2,7.3,22.3,6.0,1010.8,1010.8,2.68,5.3
2024-05-11 16:35:00+02:00,24.6,24.6,23.8,11.4,43.0,31.1,84.0,427.6,3.0,0.0,0.0,0.0,0.0,10.0,36.1,92.2,6.3,18.4,25.0,1010.6,1010.6,2.68,5.3
2024-05-11 16:40:00+02:00,23.8,23.8,22.7,11.4,45.0,31.0,83.0,428.0,3.0,0.0,0.0,0.0,0.0,10.0,36.1,92.2,7.9,20.2,348.0,1010.8,1010.8,2.68,5.3
2024-05-11 16:45:00+02:00,24.0,24.0,23.2,11.7,46.0,31.0,84.0,412.8,3.0,0.0,0.0,0.0,0.0,10.0,36.1,92.2,6.6,18.0,293.0,1010.7,1010.7,2.68,5.3
2024-05-11 16:50:00+02:00,23.9,23.9,22.8,11.0,44.0,31.0,84.0,399.8,3.0,0.0,0.0,0.0,0.0,10.0,36.1,92.2,7.7,17.6,360.0,1010.7,1010.7,2.68,5.3
2024-05-11 16:55:00+02:00,23.8,23.8,22.3,11.0,45.0,31.0,84.0,389.7,3.0,0.0,0.0,0.0,0.0,10.0,36.1,92.2,9.5,20.9,315.0,1010.6,1010.6,2.68,5.3
2024-05-11 17:00:00+02:00,23.7,23.7,23.1,11.3,46.0,31.0,84.0,373.6,3.0,0.0,0.0,0.0,0.0,10.0,36.1,92.2,5.0,15.1,350.0,1010.5,1010.5,2.68,5.3
2024-05-11 17:05:00+02:00,24.1,24.1,23.9,11.3,44.0,31.0,84.0,375.0,3.0,0.0,0.0,0.0,0.0,10.0,36.1,92.2,3.3,9.7,11.0,1010.4,1010.4,2.68,5.3
2024-05-11 17:10:00+02:00,24.3,24.3,23.2,11.6,45.0,30.9,84.0,356.8,3.0,0.0,0.0,0.0,0.0,10.0,36.1,92.2,8.1,16.2,295.0,1010.5,1010.5,2.68,5.3
2024-05-11 17:15:00+02:00,24.0,24.0,23.0,11.5,45.0,30.9,84.0,337.8,3.0,0.0,0.0,0.0,0.0,10.0,36.1,92.2,7.5,20.9,39.0,1010.4,1010.4,2.68,5.3
2024-05-11 17:20:00+02:00,24.1,24.1,23.3,11.1,44.0,30.8,85.0,339.1,3.0,0.0,0.0,0.0,0.0,10.0,36.1,92.2,6.0,15.5,342.0,1010.5,1010.5,2.68,5.3
2024-05-11 17:25:00+02:00,24.1,24.1,23.4,11.7,46.0,30.8,85.0,323.2,3.0,0.0,0.0,0.0,0.0,10.0,36.1,92.2,6.6,19.4,332.0,1010.4,1010.4,2.7,5.3
2024-05-11 17:30:00+02:00,23.8,23.8,23.3,11.5,46.0,30.8,85.0,319.3,2.0,0.0,0.0,0.0,0.0,10.0,36.1,92.2,4.9,19.1,340.0,1010.5,1010.5,2.7,5.3
2024-05-11 17:35:00+02:00,23.7,23.7,22.8,11.6,46.0,30.7,85.0,305.1,2.0,0.0,0.0,0.0,0.0,10.0,36.1,92.2,7.2,17.3,278.0,1010.3,1010.3,2.7,5.3
2024-05-11 17:40:00+02:00,23.9,23.9,23.5,11.8,47.0,30.7,85.0,294.7,2.0,0.0,0.0,0.0,0.0,10.0,36.1,92.2,4.5,17.3,32.0,1010.4,1010.4,2.7,5.3
2024-05-11 17:45:00+02:00,23.9,23.9,23.4,11.5,46.0,30.6,85.0,286.7,2.0,0.0,0.0,0.0,0.0,10.0,36.1,92.2,5.0,10.8,3.0,1010.3,1010.3,2.7,5.3
2024-05-11 17:50:00+02:00,24.3,24.3,24.1,11.9,46.0,30.6,85.0,267.2,2.0,0.0,0.0,0.0,0.0,10.0,36.1,92.2,4.0,10.1,357.0,1010.3,1010.3,2.7,5.3
2024-05-11 17:55:00+02:00,24.1,24.1,22.9,11.6,45.0,30.5,85.0,254.8,2.0,0.0,0.0,0.0,0.0,10.0,36.1,92.2,8.8,15.5,284.0,1010.3,1010.3,2.7,5.3
2024-05-11 18:00:00+02:00,23.6,23.6,22.7,11.6,47.0,30.4,85.0,234.1,2.0,0.0,0.0,0.0,0.0,10.0,36.1,92.2,6.8,13.3,312.0,1010.1,1010.1,2.7,5.3
2024-05-11 18:05:00+02:00,23.3,23.3,22.2,11.2,47.0,30.4,85.0,218.8,2.0,0.0,0.0,0.0,0.0,10.0,36.1,92.2,7.6,12.6,323.0,1010.3,1010.3,2.7,5.3
2024-05-11 18:10:00+02:00,23.1,23.1,22.2,11.5,48.0,30.3,85.0,100.8,0.0,0.0,0.0,0.0,0.0,10.0,36.1,92.2,7.0,19.4,294.0,1010.2,1010.2,2.7,5.3
2024-05-11 18:15:00+02:00,23.2,23.2,22.7,11.3,47.0,30.2,85.0,97.8,0.0,0.0,0.0,0.0,0.0,10.0,36.1,92.2,4.3,16.9,298.0,1010.2,1010.2,2.7,5.3
2024-05-11 18:20:00+02:00,23.0,23.0,22.2,11.3,48.0,30.2,85.0,163.1,1.0,0.0,0.0,0.0,0.0,10.0,36.1,92.2,6.2,23.8,347.0,1010.2,1010.2,2.7,5.3
2024-05-11 18:25:00+02:00,23.1,23.1,22.4,11.4,48.0,30.1,85.0,171.5,1.0,0.0,0.0,0.0,0.0,10.0,36.1,92.2,5.6,18.7,50.0,1010.1,1010.1,2.7,5.3
2024-05-11 18:30:00+02:00,23.3,23.3,22.7,11.5,47.0,30.0,85.0,158.5,1.0,0.0,0.0,0.0,0.0,10.0,36.1,92.2,5.5,19.4,345.0,1010.2,1010.2,2.7,5.3
2024-05-11 18:35:00+02:00,23.0,23.0,22.1,11.3,48.0,29.9,85.0,119.0,1.0,0.0,0.0,0.0,0.0,10.0,36.1,92.2,6.6,19.8,312.0,1010.1,1010.1,2.7,5.3
2024-05-11 18:40:00+02:00,22.7,22.7,21.0,11.3,49.0,29.8,85.0,74.3,0.0,0.0,0.0,0.0,0.0,10.0,36.1,92.2,10.9,20.5,319.0,1010.1,1010.1,2.7,5.3
2024-05-11 18:45:00+02:00,22.5,22.5,21.2,11.2,49.0,29.8,85.0,81.7,0.0,0.0,0.0,0.0,0.0,10.0,36.1,92.2,8.8,17.3,325.0,1010.1,1010.1,2.7,5.3
2024-05-11 18:50:00+02:00,22.5,22.5,21.5,11.4,50.0,29.7,85.0,62.8,0.0,0.0,0.0,0.0,0.0,10.0,36.1,92.2,7.2,19.4,323.0,1010.2,1010.2,2.7,5.3
2024-05-11 18:55:00+02:00,22.5,22.5,21.9,11.3,49.0,29.6,85.0,59.4,0.0,0.0,0.0,0.0,0.0,10.0,36.1,92.2,5.0,16.2,335.0,1010.1,1010.1,2.7,5.3
2024-05-11 19:00:00+02:00,22.6,22.6,22.3,11.6,50.0,29.5,85.0,57.9,0.0,0.0,0.0,0.0,0.0,10.0,36.1,92.2,4.1,11.9,318.0,1010.0,1010.0,2.7,5.3
2024-05-11 19:05:00+02:00,22.3,22.3,21.2,11.4,50.0,29.4,85.0,54.8,0.0,0.0,0.0,0.0,0.0,10.0,36.1,92.2,7.6,18.0,309.0,1010.0,1010.0,2.7,5.3
2024-05-11 19:10:00+02:00,22.1,22.1,21.6,11.4,51.0,29.3,85.0,53.0,0.0,0.0,0.0,0.0,0.0,10.0,36.1,92.2,4.6,18.0,265.0,1010.1,1010.1,2.7,5.3
2024-05-11 19:15:00+02:00,22.1,22.1,21.5,11.4,51.0,29.3,85.0,47.6,0.0,0.0,0.0,0.0,0.0,10.0,36.1,92.2,5.3,12.6,313.0,1009.9,1009.9,2.7,5.2
2024-05-11 19:20:00+02:00,22.1,22.1,20.6,11.3,50.0,29.2,85.0,47.4,0.0,0.0,0.0,0.0,0.0,10.0,36.1,92.2,9.7,21.2,7.0,1009.8,1009.8,2.7,5.2
2024-05-11 19:25:00+02:00,22.0,22.0,21.2,11.2,50.0,29.1,85.0,45.8,0.0,0.0,0.0,0.0,0.0,10.0,36.1,92.2,6.2,13.3,327.0,1010.0,1010.0,2.7,5.2
2024-05-11 19:30:00+02:00,22.0,22.0,21.3,11.5,52.0,29.0,85.0,43.3,0.0,0.0,0.0,0.0,0.0,10.0,36.1,92.2,5.9,15.5,330.0,1010.0,1010.0,2.7,5.2
2024-05-11 19:35:00+02:00,21.9,21.9,21.2,11.4,51.0,28.9,85.0,40.5,0.0,0.0,0.0,0.0,0.0,10.0,36.1,92.2,5.7,11.5,332.0,1010.1,1010.1,2.7,5.2
2024-05-11 19:40:00+02:00,21.7,21.7,20.8,11.4,52.0,28.8,85.0,37.7,0.0,0.0,0.0,0.0,0.0,10.0,36.1,92.2,7.1,18.4,308.0,1009.9,1009.9,2.7,5.2
2024-05-11 19:45:00+02:00,21.6,21.6,20.5,11.3,52.0,28.7,85.0,35.5,0.0,0.0,0.0,0.0,0.0,10.0,36.1,92.2,7.8,16.6,329.0,1010.1,1010.1,2.7,5.2
2024-05-11 19:50:00+02:00,21.5,21.5,20.3,11.2,52.0,28.7,84.0,34.0,0.0,0.0,0.0,0.0,0.0,10.0,36.1,92.2,8.2,14.8,336.0,1010.0,1010.0,2.7,5.2
2024-05-11 19:55:00+02:00,21.4,21.4,20.6,11.3,53.0,28.6,84.0,31.6,0.0,0.0,0.0,0.0,0.0,10.0,36.1,92.2,6.4,10.4,303.0,1010.0,1010.0,2.7,5.2
2024-05-11 20:00:00+02:00,21.2,21.2,20.6,11.4,53.0,28.5,84.0,29.5,0.0,0.0,0.0,0.0,0.0,10.0,36.1,92.2,5.6,12.2,331.0,1010.1,1010.1,2.7,5.2
2024-05-11 20:05:00+02:00,21.1,21.1,21.0,11.5,54.0,28.4,84.0,26.4,0.0,0.0,0.0,0.0,0.0,10.0,36.1,92.2,3.2,9.0,292.0,1010.0,1010.0,2.7,5.2
2024-05-11 20:10:00+02:00,21.0,21.0,20.8,11.3,54.0,28.3,84.0,22.5,0.0,0.0,0.0,0.0,0.0,10.0,36.1,92.2,3.0,11.2,317.0,1010.1,1010.1,2.7,5.2
2024-05-11 20:15:00+02:00,20.8,20.8,20.2,11.3,54.0,28.2,84.0,20.1,0.0,0.0,0.0,0.0,0.0,10.0,36.1,92.2,5.5,11.5,304.0,1010.0,1010.0,2.7,5.2
2024-05-11 20:20:00+02:00,20.8,20.8,20.6,11.3,55.0,28.1,84.0,19.1,0.0,0.0,0.0,0.0,0.0,10.0,36.1,92.2,2.9,8.6,303.0,1010.0,1010.0,2.7,5.2
2024-05-11 20:25:00+02:00,20.6,20.6,20.1,11.3,55.0,28.0,84.0,17.8,0.0,0.0,0.0,0.0,0.0,10.0,36.1,92.2,4.3,12.2,288.0,1010.0,1010.0,2.7,5.2
2024-05-11 20:30:00+02:00,20.5,20.5,20.5,11.4,56.0,27.9,84.0,15.7,0.0,0.0,0.0,0.0,0.0,10.0,36.1,92.2,2.3,12.2,279.0,1010.1,1010.1,2.7,5.2
2024-05-11 20:35:00+02:00,20.4,20.4,19.7,11.3,56.0,27.8,84.0,13.2,0.0,0.0,0.0,0.0,0.0,10.0,36.1,92.2,5.6,13.3,351.0,1010.0,1010.0,2.7,5.2
2024-05-11 20:40:00+02:00,20.3,20.3,20.0,11.3,56.0,27.8,84.0,10.7,0.0,0.0,0.0,0.0,0.0,10.0,36.1,92.2,3.6,9.4,317.0,1010.2,1010.2,2.7,5.2
2024-05-11 20:45:00+02:00,20.2,20.2,19.6,11.4,57.0,27.7,84.0,8.7,0.0,0.0,0.0,0.0,0.0,10.0,36.1,92.2,4.8,9.0,310.0,1010.2,1010.2,2.7,5.2
2024-05-11 20:50:00+02:00,19.8,19.8,19.7,11.3,58.0,27.5,84.0,7.0,0.0,0.0,0.0,0.0,0.0,10.0,36.1,92.2,3.0,9.7,279.0,1010.2,1010.2,2.7,5.2
2024-05-11 20:55:00+02:00,19.8,19.8,19.3,11.2,58.0,27.5,84.0,5.0,0.0,0.0,0.0,0.0,0.0,10.0,36.1,92.2,4.7,15.1,321.0,1010.1,1010.1,2.7,5.2
2024-05-11 21:00:00+02:00,19.7,19.7,19.2,11.2,58.0,27.4,84.0,3.9,0.0,0.0,0.0,0.0,0.0,10.0,36.1,92.2,5.0,9.0,328.0,1010.2,1010.2,2.7,5.2
2024-05-11 21:05:00+02:00,19.6,19.6,19.5,11.2,58.0,27.3,84.0,2.8,0.0,0.0,0.0,0.0,0.0,10.0,36.1,92.2,2.8,7.2,299.0,1010.2,1010.2,2.7,5.2
2024-05-11 21:10:00+02:00,19.4,19.4,19.2,11.2,59.0,27.2,84.0,1.9,0.0,0.0,0.0,0.0,0.0,10.0,36.1,92.2,3.2,6.8,311.0,1010.3,1010.3,2.7,5.2
2024-05-11 21:15:00+02:00,19.3,19.3,19.5,11.3,60.0,27.1,84.0,1.3,0.0,0.0,0.0,0.0,0.0,10.0,36.1,92.2,1.2,6.8,256.0,1010.4,1010.4,2.7,5.2
2024-05-11 21:20:00+02:00,19.1,19.1,19.1,11.3,60.0,27.0,84.0,0.7,0.0,0.0,0.0,0.0,0.0,10.0,36.1,92.2,2.2,6.8,310.0,1010.3,1010.3,2.7,5.2
2024-05-11 21:25:00+02:00,19.0,19.0,19.2,11.3,61.0,26.9,84.0,0.4,0.0,0.0,0.0,0.0,0.0,10.0,36.1,92.2,0.9,6.1,332.0,1010.5,1010.5,2.7,5.2
2024-05-11 21:30:00+02:00,18.9,18.9,18.7,11.2,61.0,26.8,84.0,0.2,0.0,0.0,0.0,0.0,0.0,10.0,36.1,92.2,3.0,7.6,17.0,1010.5,1010.5,2.7,5.2
2024-05-11 21:35:00+02:00,18.9,18.9,18.8,11.2,61.0,26.7,84.0,0.1,0.0,0.0,0.0,0.0,0.0,10.0,36.1,92.2,2.5,8.6,292.0,1010.5,1010.5,2.7,5.2
2024-05-11 21:40:00+02:00,18.7,18.7,18.7,11.3,62.0,26.6,84.0,0.0,0.0,0.0,0.0,0.0,0.0,10.0,36.1,92.2,2.3,7.9,342.0,1010.6,1010.6,2.7,5.2
2024-05-11 21:45:00+02:00,18.7,18.7,18.5,11.2,62.0,26.5,84.0,0.0,0.0,0.0,0.0,0.0,0.0,10.0,36.1,92.2,3.0,9.4,356.0,1010.6,1010.6,2.7,5.1
2024-05-11 21:50:00+02:00,18.8,18.8,18.6,11.1,61.0,26.3,84.0,0.0,0.0,0.0,0.0,0.0,0.0,10.0,36.1,92.2,2.7,7.9,358.0,1010.6,1010.6,2.7,5.1
2024-05-11 21:55:00+02:00,18.7,18.7,18.8,11.0,61.0,26.3,84.0,0.0,0.0,0.0,0.0,0.0,0.0,10.0,36.1,92.2,1.0,7.9,87.0,1010.5,1010.5,2.7,5.1
2024-05-11 22:00:00+02:00,18.5,18.5,18.3,11.1,62.0,26.2,84.0,0.0,0.0,0.0,0.0,0.0,0.0,10.0,36.1,92.2,2.5,9.0,352.0,1010.6,1010.6,2.7,5.1
2024-05-11 22:05:00+02:00,18.5,18.5,18.5,11.0,62.0,26.1,84.0,0.0,0.0,0.0,0.0,0.0,0.0,10.0,36.1,92.2,1.3,9.0,25.0,1010.7,1010.7,2.7,5.1
2024-05-11 22:10:00+02:00,18.3,18.3,18.2,11.0,62.0,26.0,84.0,0.0,0.0,0.0,0.0,0.0,0.0,10.0,36.1,92.2,2.3,6.5,22.0,1010.6,1010.6,2.7,5.1
2024-05-11 22:15:00+02:00,18.2,18.2,18.2,11.0,63.0,25.8,83.0,0.0,0.0,0.0,0.0,0.0,0.0,10.0,36.1,92.2,1.6,5.4,64.0,1010.6,1010.6,2.7,5.1
2024-05-11 22:20:00+02:00,18.0,18.0,18.0,10.8,63.0,25.7,84.0,0.0,0.0,0.0,0.0,0.0,0.0,10.0,36.1,92.2,1.4,4.7,44.0,1010.6,1010.6,2.7,5.1
2024-05-11 22:25:00+02:00,17.8,17.8,18.0,10.9,64.0,25.7,84.0,0.0,0.0,0.0,0.0,0.0,0.0,10.0,36.1,92.2,0.5,4.0,5.0,1010.6,1010.6,2.7,5.1
2024-05-11 22:30:00+02:00,17.8,17.8,17.8,10.7,63.0,25.6,84.0,0.0,0.0,0.0,0.0,0.0,0.0,10.0,36.1,92.2,1.2,6.5,346.0,1010.6,1010.6,2.7,5.1
2024-05-11 22:35:00+02:00,17.9,17.9,17.7,10.7,63.0,25.4,84.0,0.0,0.0,0.0,0.0,0.0,0.0,10.0,36.1,92.2,1.9,8.3,349.0,1010.6,1010.6,2.7,5.1
2024-05-11 22:40:00+02:00,17.7,17.7,17.6,10.6,63.0,25.3,84.0,0.0,0.0,0.0,0.0,0.0,0.0,10.0,36.1,92.2,1.7,8.3,54.0,1010.6,1010.6,2.7,5.1
2024-05-11 22:45:00+02:00,17.6,17.6,17.6,10.7,64.0,25.2,84.0,0.0,0.0,0.0,0.0,0.0,0.0,10.0,36.1,92.2,1.4,6.8,91.0,1010.6,1010.6,2.7,5.1
2024-05-11 22:50:00+02:00,17.7,17.7,17.1,10.6,63.0,25.2,84.0,0.0,0.0,0.0,0.0,0.0,0.0,10.0,36.1,92.2,4.2,9.0,55.0,1010.5,1010.5,2.7,5.1
2024-05-11 22:55:00+02:00,17.5,17.5,17.3,10.6,64.0,25.0,84.0,0.0,0.0,0.0,0.0,0.0,0.0,10.0,36.1,92.2,2.6,4.0,94.0,1010.5,1010.5,2.7,5.1
2024-05-11 23:00:00+02:00,17.3,17.3,17.4,10.6,65.0,24.9,84.0,0.0,0.0,0.0,0.0,0.0,0.0,10.0,36.1,92.2,0.4,4.0,104.0,1010.6,1010.6,2.7,5.1
2024-05-11 23:05:00+02:00,17.2,17.2,16.9,10.6,65.0,24.8,84.0,0.0,0.0,0.0,0.0,0.0,0.0,10.0,36.1,92.2,2.4,5.0,67.0,1010.5,1010.5,2.7,5.1
2024-05-11 23:10:00+02:00,17.2,17.2,17.0,10.6,65.0,24.7,84.0,0.0,0.0,0.0,0.0,0.0,0.0,10.0,36.1,92.2,2.0,6.5,95.0,1010.6,1010.6,2.7,5.1
2024-05-11 23:15:00+02:00,17.3,17.3,17.2,10.5,64.0,24.7,84.0,0.0,0.0,0.0,0.0,0.0,0.0,10.0,36.1,92.2,1.1,7.2,72.0,1010.5,1010.5,2.7,5.1
2024-05-11 23:20:00+02:00,17.1,17.1,17.0,10.6,65.0,24.5,84.0,0.0,0.0,0.0,0.0,0.0,0.0,10.0,36.1,92.2,1.4,4.3,88.0,1010.4,1010.4,2.7,5.1
2024-05-11 23:25:00+02:00,16.9,16.9,16.5,10.6,66.0,24.4,84.0,0.0,0.0,0.0,0.0,0.0,0.0,10.0,36.1,92.2,3.1,5.4,116.0,1010.5,1010.5,2.7,5.1
2024-05-11 23:30:00+02:00,17.0,17.0,16.5,10.6,66.0,24.3,84.0,0.0,0.0,0.0,0.0,0.0,0.0,10.0,36.1,92.2,3.7,7.6,59.0,1010.6,1010.6,2.7,5.1
2024-05-11 23:35:00+02:00,16.9,16.9,16.7,10.7,67.0,24.3,84.0,0.0,0.0,0.0,0.0,0.0,0.0,10.0,36.1,92.2,2.0,5.8,68.0,1010.4,1010.4,2.7,5.0
2024-05-11 23:40:00+02:00,16.7,16.7,16.6,10.6,67.0,24.2,84.0,0.0,0.0,0.0,0.0,0.0,0.0,10.0,36.1,92.2,1.6,5.0,92.0,1010.6,1010.6,2.7,5.0
2024-05-11 23:45:00+02:00,16.6,16.6,16.4,10.6,68.0,24.1,84.0,0.0,0.0,0.0,0.0,0.0,0.0,10.0,36.1,92.2,2.0,4.3,117.0,1010.6,1010.6,2.7,5.0
2024-05-11 23:50:00+02:00,16.4,16.4,16.1,10.6,69.0,24.0,84.0,0.0,0.0,0.0,0.0,0.0,0.0,10.0,36.1,92.2,3.1,5.0,83.0,1010.7,1010.7,2.7,5.0
2024-05-11 23:55:00+02:00,16.5,16.5,16.3,10.6,69.0,23.9,84.0,0.0,0.0,0.0,0.0,0.0,0.0,10.0,36.1,92.2,2.2,4.3,87.0,1010.5,1010.5,2.7,5.0
2024-05-12 00:00:00+02:00,16.3,16.3,16.2,10.7,69.0,23.8,84.0,0.0,0.0,0.0,0.0,0.0,0.0,0.0,36.1,92.2,1.9,4.3,67.0,1010.6,1010.6,2.7,5.0
2024-05-12 00:05:00+02:00,16.2,16.2,16.0,10.6,69.0,23.7,84.0,0.0,0.0,0.0,0.0,0.0,0.0,0.0,36.1,92.2,1.9,7.6,51.0,1010.6,1010.6,2.7,5.0
2024-05-12 00:10:00+02:00,16.3,16.3,16.1,10.6,69.0,23.6,84.0,0.0,0.0,0.0,0.0,0.0,0.0,0.0,36.1,92.2,1.9,5.0,84.0,1010.6,1010.6,2.7,5.0
2024-05-12 00:15:00+02:00,16.1,16.1,15.9,10.7,70.0,23.5,84.0,0.0,0.0,0.0,0.0,0.0,0.0,0.0,36.1,92.2,2.2,7.2,83.0,1010.5,1010.5,2.7,5.0
2024-05-12 00:20:00+02:00,16.0,16.0,16.0,10.6,70.0,23.4,84.0,0.0,0.0,0.0,0.0,0.0,0.0,0.0,36.1,92.2,1.0,3.6,51.0,1010.5,1010.5,2.7,5.0
2024-05-12 00:25:00+02:00,16.1,16.1,15.7,10.6,70.0,23.3,84.0,0.0,0.0,0.0,0.0,0.0,0.0,0.0,36.1,92.2,2.7,6.8,74.0,1010.4,1010.4,2.7,5.0
2024-05-12 00:30:00+02:00,16.1,16.1,15.8,10.7,70.0,23.3,84.0,0.0,0.0,0.0,0.0,0.0,0.0,0.0,36.1,92.2,2.7,5.0,51.0,1010.5,1010.5,2.7,5.0
2024-05-12 00:35:00+02:00,16.0,16.0,15.8,10.6,71.0,23.2,84.0,0.0,0.0,0.0,0.0,0.0,0.0,0.0,36.1,92.2,1.8,7.6,80.0,1010.5,1010.5,2.7,5.0
2024-05-12 00:40:00+02:00,16.0,16.0,16.0,10.6,70.0,23.1,84.0,0.0,0.0,0.0,0.0,0.0,0.0,0.0,36.1,92.2,1.2,5.8,83.0,1010.5,1010.5,2.7,5.0
2024-05-12 00:45:00+02:00,15.9,15.9,15.8,10.6,71.0,23.0,84.0,0.0,0.0,0.0,0.0,0.0,0.0,0.0,36.1,92.2,1.7,4.3,45.0,1010.5,1010.5,2.7,5.0
2024-05-12 00:50:00+02:00,15.9,15.9,15.7,10.6,71.0,22.9,84.0,0.0,0.0,0.0,0.0,0.0,0.0,0.0,36.1,92.2,2.4,5.4,24.0,1010.4,1010.4,2.7,5.0
2024-05-12 00:55:00+02:00,15.9,15.9,15.5,10.6,71.0,22.8,84.0,0.0,0.0,0.0,0.0,0.0,0.0,0.0,36.1,92.2,3.4,7.2,88.0,1010.5,1010.5,2.7,5.0
2024-05-12 01:00:00+02:00,15.8,15.8,15.5,10.6,72.0,22.8,84.0,0.0,0.0,0.0,0.0,0.0,0.0,0.0,36.1,92.2,2.2,5.4,101.0,1010.4,1010.4,2.7,5.0
2024-05-12 01:05:00+02:00,15.8,15.8,15.3,10.6,71.0,22.7,84.0,0.0,0.0,0.0,0.0,0.0,0.0,0.0,36.1,92.2,3.3,6.8,47.0,1010.4,1010.4,2.7,5.0
2024-05-12 01:10:00+02:00,15.7,15.7,15.8,10.7,72.0,22.6,84.0,0.0,0.0,0.0,0.0,0.0,0.0,0.0,36.1,92.2,0.7,5.4,84.0,1010.4,1010.4,2.7,5.0
2024-05-12 01:15:00+02:00,15.7,15.7,15.6,10.7,72.0,22.6,84.0,0.0,0.0,0.0,0.0,0.0,0.0,0.0,36.1,92.2,2.0,8.6,76.0,1010.3,1010.3,2.7,5.0
2024-05-12 01:20:00+02:00,15.7,15.7,15.4,10.6,72.0,22.5,84.0,0.0,0.0,0.0,0.0,0.0,0.0,0.0,36.1,92.2,2.4,5.8,70.0,1010.3,1010.3,2.7,5.0
2024-05-12 01:25:00+02:00,15.6,15.6,15.4,10.7,72.0,22.4,84.0,0.0,0.0,0.0,0.0,0.0,0.0,0.0,36.1,92.2,2.3,6.8,80.0,1010.3,1010.3,2.7,4.9
2024-05-12 01:30:00+02:00,15.6,15.6,15.2,10.8,73.0,22.3,84.0,0.0,0.0,0.0,0.0,0.0,0.0,0.0,36.1,92.2,3.5,8.6,20.0,1010.3,1010.3,2.7,4.9
2024-05-12 01:35:00+02:00,15.5,15.5,15.6,10.7,73.0,22.2,84.0,0.0,0.0,0.0,0.0,0.0,0.0,0.0,36.1,92.2,0.7,6.1,76.0,1010.2,1010.2,2.7,4.9
2024-05-12 01:40:00+02:00,15.4,15.4,15.2,10.7,74.0,22.2,84.0,0.0,0.0,0.0,0.0,0.0,0.0,0.0,36.1,92.2,2.1,5.4,83.0,1010.2,1010.2,2.7,4.9
2024-05-12 01:45:00+02:00,15.4,15.4,14.9,10.7,73.0,22.1,84.0,0.0,0.0,0.0,0.0,0.0,0.0,0.0,36.1,92.2,4.0,9.4,38.0,1010.0,1010.0,2.7,4.9
2024-05-12 01:50:00+02:00,15.4,15.4,15.2,10.7,74.0,22.0,84.0,0.0,0.0,0.0,0.0,0.0,0.0,0.0,36.1,92.2,2.2,4.3,108.0,1010.0,1010.0,2.7,4.9
2024-05-12 01:55:00+02:00,15.3,15.3,14.8,10.6,74.0,22.0,84.0,0.0,0.0,0.0,0.0,0.0,0.0,0.0,36.1,92.2,3.5,9.7,55.0,1010.0,1010.0,2.7,4.9
2024-05-12 02:00:00+02:00,15.3,15.3,14.8,10.7,74.0,21.9,84.0,0.0,0.0,0.0,0.0,0.0,0.0,0.0,36.1,92.2,3.8,5.4,67.0,1009.9,1009.9,2.7,4.9
2024-05-12 02:05:00+02:00,15.3,15.3,14.8,10.6,74.0,21.8,84.0,0.0,0.0,0.0,0.0,0.0,0.0,0.0,36.1,92.2,4.0,8.3,67.0,1010.1,1010.1,2.7,4.9
2024-05-12 02:10:00+02:00,15.3,15.3,15.2,10.6,74.0,21.8,84.0,0.0,0.0,0.0,0.0,0.0,0.0,0.0,36.1,92.2,1.4,7.2,75.0,1010.0,1010.0,2.7,4.9
2024-05-12 02:15:00+02:00,15.1,15.1,14.6,10.5,74.0,21.7,84.0,0.0,0.0,0.0,0.0,0.0,0.0,0.0,36.1,92.2,3.7,6.1,82.0,1009.9,1009.9,2.7,4.9
2024-05-12 02:20:00+02:00,15.1,15.1,14.8,10.5,74.0,21.7,84.0,0.0,0.0,0.0,0.0,0.0,0.0,0.0,36.1,92.2,2.2,6.1,64.0,1009.9,1009.9,2.7,4.9
2024-05-12 02:25:00+02:00,15.1,15.1,14.7,10.5,74.0,21.6,84.0,0.0,0.0,0.0,0.0,0.0,0.0,0.0,36.1,92.2,3.0,7.9,88.0,1010.0,1010.0,2.7,4.9
2024-05-12 02:30:00+02:00,15.1,15.1,14.8,10.5,74.0,21.5,84.0,0.0,0.0,0.0,0.0,0.0,0.0,0.0,36.1,92.2,2.4,6.5,95.0,1009.9,1009.9,2.7,4.9
2024-05-12 02:35:00+02:00,14.9,14.9,14.5,10.5,75.0,21.4,84.0,0.0,0.0,0.0,0.0,0.0,0.0,0.0,36.1,92.2,3.4,9.0,31.0,1009.9,1009.9,2.7,4.9
2024-05-12 02:40:00+02:00,14.9,14.9,14.4,10.5,75.0,21.3,84.0,0.0,0.0,0.0,0.0,0.0,0.0,0.0,36.1,92.2,3.7,7.9,61.0,1009.8,1009.8,2.7,4.9
2024-05-12 02:45:00+02:00,14.9,14.9,14.7,10.5,75.0,21.3,84.0,0.0,0.0,0.0,0.0,0.0,0.0,0.0,36.1,92.2,2.3,8.6,86.0,1009.8,1009.8,2.7,4.9
2024-05-12 02:50:00+02:00,14.9,14.9,14.5,10.5,75.0,21.2,84.0,0.0,0.0,0.0,0.0,0.0,0.0,0.0,36.1,92.2,2.8,9.0,70.0,1009.8,1009.8,2.7,4.9
2024-05-12 02:55:00+02:00,14.8,14.8,14.7,10.5,75.0,21.2,84.0,0.0,0.0,0.0,0.0,0.0,0.0,0.0,36.1,92.2,1.7,7.9,92.0,1009.7,1009.7,2.7,4.9
2024-05-12 03:00:00+02:00,14.7,14.7,14.4,10.4,76.0,21.1,84.0,0.0,0.0,0.0,0.0,0.0,0.0,0.0,36.1,92.2,2.2,4.7,71.0,1009.6,1009.6,2.7,4.9
2024-05-12 03:05:00+02:00,14.5,14.5,14.3,10.4,77.0,21.1,84.0,0.0,0.0,0.0,0.0,0.0,0.0,0.0,36.1,92.2,1.7,5.8,56.0,1009.8,1009.8,2.7,4.9
2024-05-12 03:10:00+02:00,14.3,14.3,14.4,10.4,78.0,21.0,84.0,0.0,0.0,0.0,0.0,0.0,0.0,0.0,36.1,92.2,0.4,3.6,280.0,1009.7,1009.7,2.7,4.9
2024-05-12 03:15:00+02:00,14.1,14.1,14.0,10.3,78.0,20.9,84.0,0.0,0.0,0.0,0.0,0.0,0.0,0.0,36.1,92.2,0.9,5.4,94.0,1009.8,1009.8,2.7,4.8
2024-05-12 03:20:00+02:00,14.0,14.0,14.0,10.4,79.0,20.9,84.0,0.0,0.0,0.0,0.0,0.0,0.0,0.0,36.1,92.2,1.2,3.2,321.0,1009.7,1009.7,2.7,4.8
2024-05-12 03:25:00+02:00,13.9,13.9,13.8,10.3,79.0,20.8,84.0,0.0,0.0,0.0,0.0,0.0,0.0,0.0,36.1,92.2,1.4,4.3,145.0,1009.8,1009.8,2.7,4.8
2024-05-12 03:30:00+02:00,13.8,13.8,13.8,10.4,80.0,20.8,84.0,0.0,0.0,0.0,0.0,0.0,0.0,0.0,36.1,92.2,0.9,4.3,82.0,1009.7,1009.7,2.7,4.8
2024-05-12 03:35:00+02:00,13.7,13.7,13.6,10.3,80.0,20.7,84.0,0.0,0.0,0.0,0.0,0.0,0.0,0.0,36.1,92.2,1.3,6.5,73.0,1009.7,1009.7,2.7,4.8
2024-05-12 03:40:00+02:00,13.8,13.8,13.5,10.3,79.0,20.7,84.0,0.0,0.0,0.0,0.0,0.0,0.0,0.0,36.1,92.2,2.2,6.5,32.0,1009.7,1009.7,2.7,4.8
2024-05-12 03:45:00+02:00,13.9,13.9,13.6,10.3,79.0,20.6,84.0,0.0,0.0,0.0,0.0,0.0,0.0,0.0,36.1,92.2,2.0,6.1,79.0,1009.7,1009.7,2.7,4.8
2024-05-12 03:50:00+02:00,13.9,13.9,13.7,10.3,79.0,20.5,84.0,0.0,0.0,0.0,0.0,0.0,0.0,0.0,36.1,92.2,1.7,5.4,301.0,1009.7,1009.7,2.7,4.8
2024-05-12 03:55:00+02:00,13.7,13.7,13.3,10.3,80.0,20.5,84.0,0.0,0.0,0.0,0.0,0.0,0.0,0.0,36.1,92.2,2.7,7.6,329.0,1009.7,1009.7,2.7,4.8
2024-05-12 04:00:00+02:00,13.8,13.8,13.4,10.3,79.0,20.4,84.0,0.0,0.0,0.0,0.0,0.0,0.0,0.0,36.1,92.2,3.0,7.6,335.0,1009.8,1009.8,2.7,4.8
2024-05-12 04:05:00+02:00,13.8,13.8,13.5,10.3,79.0,20.4,84.0,0.0,0.0,0.0,0.0,0.0,0.0,0.0,36.1,92.2,2.2,7.9,41.0,1009.7,1009.7,2.7,4.8
2024-05-12 04:10:00+02:00,13.8,13.8,13.7,10.3,80.0,20.3,84.0,0.0,0.0,0.0,0.0,0.0,0.0,0.0,36.1,92.2,1.2,6.8,348.0,1009.7,1009.7,2.7,4.8
2024-05-12 04:15:00+02:00,13.7,13.7,13.3,10.3,80.0,20.3,84.0,0.0,0.0,0.0,0.0,0.0,0.0,0.0,36.1,92.2,2.5,6.8,24.0,1009.7,1009.7,2.7,4.8
2024-05-12 04:20:00+02:00,13.6,13.6,13.3,10.2,80.0,20.2,84.0,0.0,0.0,0.0,0.0,0.0,0.0,0.0,36.1,92.2,2.1,4.3,347.0,1009.8,1009.8,2.7,4.8
2024-05-12 04:25:00+02:00,13.5,13.5,13.2,10.2,80.0,20.1,84.0,0.0,0.0,0.0,0.0,0.0,0.0,0.0,36.1,92.2,2.2,6.5,29.0,1009.7,1009.7,2.7,4.8
2024-05-12 04:30:00+02:00,13.5,13.5,13.4,10.3,81.0,20.1,84.0,0.0,0.0,0.0,0.0,0.0,0.0,0.0,36.1,92.2,1.0,6.1,307.0,1009.6,1009.6,2.7,4.8
2024-05-12 04:35:00+02:00,13.3,13.3,13.0,10.2,81.0,20.0,84.0,0.0,0.0,0.0,0.0,0.0,0.0,0.0,36.1,92.2,2.0,4.7,21.0,1009.6,1009.6,2.7,4.8
2024-05-12 04:40:00+02:00,13.5,13.5,13.0,10.2,81.0,19.9,84.0,0.0,0.0,0.0,0.0,0.0,0.0,0.0,36.1,92.2,3.1,7.9,10.0,1009.6,1009.6,2.7,4.8
2024-05-12 04:45:00+02:00,13.4,13.4,13.0,10.3,81.0,19.9,84.0,0.0,0.0,0.0,0.0,0.0,0.0,0.0,36.1,92.2,2.7,7.9,327.0,1009.5,1009.5,2.7,4.8
2024-05-12 04:50:00+02:00,13.5,13.5,12.9,10.3,81.0,19.8,84.0,0.0,0.0,0.0,0.0,0.0,0.0,0.0,36.1,92.2,3.5,6.8,20.0,1009.5,1009.5,2.7,4.8
2024-05-12 04:55:00+02:00,13.3,13.3,13.2,10.2,82.0,19.8,84.0,0.0,0.0,0.0,0.0,0.0,0.0,0.0,36.1,92.2,1.0,4.7,18.0,1009.5,1009.5,2.7,4.8
2024-05-12 05:00:00+02:00,13.2,13.2,12.9,10.2,82.0,19.7,84.0,0.0,0.0,0.0,0.0,0.0,0.0,0.0,36.1,92.2,1.7,4.3,330.0,1009.6,1009.6,2.7,4.8
2024-05-12 05:05:00+02:00,13.0,13.0,12.9,10.1,83.0,19.7,84.0,0.0,0.0,0.0,0.0,0.0,0.0,0.0,36.1,92.2,0.9,5.4,248.0,1009.5,1009.5,2.7,4.7
2024-05-12 05:10:00+02:00,12.9,12.9,12.6,10.1,83.0,19.6,84.0,0.0,0.0,0.0,0.0,0.0,0.0,0.0,36.1,92.2,1.6,8.3,343.0,1009.5,1009.5,2.7,4.7
2024-05-12 05:15:00+02:00,13.0,13.0,12.8,10.0,82.0,19.5,84.0,0.1,0.0,0.0,0.0,0.0,0.0,0.0,36.1,92.2,1.3,5.0,274.0,1009.5,1009.5,2.7,4.7
2024-05-12 05:20:00+02:00,12.8,12.8,12.7,10.1,84.0,19.5,84.0,0.2,0.0,0.0,0.0,0.0,0.0,0.0,36.1,92.2,0.4,3.6,269.0,1009.5,1009.5,2.7,4.7
2024-05-12 05:25:00+02:00,12.6,12.6,12.5,10.0,84.0,19.4,84.0,0.6,0.0,0.0,0.0,0.0,0.0,0.0,36.1,92.2,0.6,3.2,279.0,1009.5,1009.5,2.7,4.7
2024-05-12 05:30:00+02:00,12.4,12.4,12.4,9.9,85.0,19.4,84.0,1.0,0.0,0.0,0.0,0.0,0.0,0.0,36.1,92.2,0.4,2.5,233.0,1009.5,1009.5,2.7,4.7
2024-05-12 05:35:00+02:00,12.3,12.3,12.0,10.0,86.0,19.3,84.0,1.7,0.0,0.0,0.0,0.0,0.0,0.0,36.1,92.2,1.4,3.2,293.0,1009.4,1009.4,2.7,4.7
2024-05-12 05:40:00+02:00,12.0,12.0,11.9,9.9,87.0,19.3,84.0,2.6,0.0,0.0,0.0,0.0,0.0,0.0,36.1,92.2,0.9,2.9,273.0,1009.4,1009.4,2.7,4.7
2024-05-12 05:45:00+02:00,12.0,12.0,12.0,9.9,87.0,19.2,84.0,3.8,0.0,0.0,0.0,0.0,0.0,0.0,36.1,92.2,0.0,2.9,284.0,1009.4,1009.4,2.7,4.7
2024-05-12 05:50:00+02:00,12.0,12.0,11.9,9.9,87.0,19.1,84.0,5.2,0.0,0.0,0.0,0.0,0.0,0.0,36.1,92.2,0.7,2.5,322.0,1009.4,1009.4,2.7,4.7
2024-05-12 05:55:00+02:00,11.9,11.9,11.9,9.8,87.0,19.1,84.0,6.8,0.0,0.0,0.0,0.0,0.0,0.0,36.1,92.2,0.0,2.2,308.0,1009.3,1009.3,2.7,4.7
2024-05-12 06:00:00+02:00,12.1,12.1,11.8,9.9,86.0,19.1,84.0,8.6,0.0,0.0,0.0,0.0,0.0,0.0,36.1,92.2,1.6,3.2,330.0,1009.4,1009.4,2.7,4.7
2024-05-12 06:05:00+02:00,12.2,12.2,12.1,9.9,86.0,19.0,84.0,10.2,0.0,0.0,0.0,0.0,0.0,0.0,36.1,92.2,0.5,5.8,316.0,1009.4,1009.4,2.7,4.7
2024-05-12 06:10:00+02:00,12.1,12.1,12.1,10.0,87.0,19.0,84.0,12.2,0.0,0.0,0.0,0.0,0.0,0.0,36.1,92.2,0.4,3.6,176.0,1009.4,1009.4,2.7,4.7
2024-05-12 06:15:00+02:00,12.1,12.1,11.8,9.8,86.0,18.9,84.0,14.3,0.0,0.0,0.0,0.0,0.0,0.0,36.1,92.2,1.4,5.0,348.0,1009.3,1009.3,2.7,4.7
2024-05-12 06:20:00+02:00,12.2,12.2,11.3,9.9,86.0,18.9,84.0,16.4,0.0,0.0,0.0,0.0,0.0,0.0,36.1,92.2,4.9,13.7,40.0,1009.3,1009.3,2.7,4.7
2024-05-12 06:25:00+02:00,12.4,12.4,12.1,10.0,85.0,18.8,84.0,18.6,0.0,0.0,0.0,0.0,0.0,0.0,36.1,92.2,1.7,9.7,335.0,1009.3,1009.3,2.7,4.7
2024-05-12 06:30:00+02:00,12.6,12.6,12.1,10.0,84.0,18.8,84.0,20.8,0.0,0.0,0.0,0.0,0.0,0.0,36.1,92.2,2.7,7.9,0.0,1009.0,1009.0,2.7,4.7
2024-05-12 06:35:00+02:00,12.6,12.6,12.2,10.0,84.0,18.7,84.0,23.1,0.0,0.0,0.0,0.0,0.0,0.0,36.1,92.2,2.4,8.6,43.0,1009.2,1009.2,2.7,4.7
2024-05-12 06:40:00+02:00,12.6,12.6,12.4,10.1,85.0,18.7,84.0,25.5,0.0,0.0,0.0,0.0,0.0,0.0,36.1,92.2,1.1,5.8,315.0,1009.1,1009.1,2.7,4.7
2024-05-12 06:45:00+02:00,12.6,12.6,12.3,10.1,85.0,18.7,84.0,28.3,0.0,0.0,0.0,0.0,0.0,0.0,36.1,92.2,2.2,7.6,333.0,1009.2,1009.2,2.7,4.7
2024-05-12 06:50:00+02:00,12.7,12.7,12.3,10.1,84.0,18.6,84.0,30.3,0.0,0.0,0.0,0.0,0.0,0.0,36.1,92.2,2.3,7.6,283.0,1009.1,1009.1,2.7,4.7
2024-05-12 06:55:00+02:00,12.8,12.8,12.2,10.2,84.0,18.6,84.0,31.8,0.0,0.0,0.0,0.0,0.0,0.0,36.1,92.2,3.6,8.3,344.0,1009.1,1009.1,2.7,4.7
2024-05-12 07:00:00+02:00,12.8,12.8,12.6,10.2,84.0,18.6,84.0,33.3,0.0,0.0,0.0,0.0,0.0,0.0,36.1,92.2,1.9,6.1,316.0,1009.0,1009.0,2.7,4.7
2024-05-12 07:05:00+02:00,12.9,12.9,12.5,10.2,84.0,18.6,84.0,34.5,0.0,0.0,0.0,0.0,0.0,0.0,36.1,92.2,2.5,5.8,269.0,1009.0,1009.0,2.7,4.7
2024-05-12 07:10:00+02:00,13.1,13.1,12.5,10.3,83.0,18.5,84.0,36.1,0.0,0.0,0.0,0.0,0.0,0.0,36.1,92.2,3.5,7.6,338.0,1009.0,1009.0,2.7,4.7
2024-05-12 07:15:00+02:00,13.2,13.2,13.0,10.3,83.0,18.5,84.0,37.8,0.0,0.0,0.0,0.0,0.0,0.0,36.1,92.2,1.8,5.0,294.0,1009.0,1009.0,2.7,4.7
2024-05-12 07:20:00+02:00,13.2,13.2,13.0,10.4,83.0,18.5,85.0,39.4,0.0,0.0,0.0,0.0,0.0,0.0,36.1,92.2,1.8,5.4,303.0,1009.0,1009.0,2.7,4.7
2024-05-12 07:25:00+02:00,13.3,13.3,13.1,10.4,82.0,18.5,85.0,40.8,0.0,0.0,0.0,0.0,0.0,0.0,36.1,92.2,2.0,8.3,347.0,1009.1,1009.1,2.7,4.7
2024-05-12 07:30:00+02:00,13.6,13.6,13.3,10.5,82.0,18.5,85.0,42.1,0.0,0.0,0.0,0.0,0.0,0.0,36.1,92.2,2.5,4.7,350.0,1009.0,1009.0,2.7,4.7
2024-05-12 07:35:00+02:00,13.7,13.7,13.3,10.5,81.0,18.5,85.0,43.5,0.0,0.0,0.0,0.0,0.0,0.0,36.1,92.2,3.4,8.3,325.0,1008.9,1008.9,2.7,4.7
2024-05-12 07:40:00+02:00,13.9,13.9,13.7,10.7,81.0,18.5,85.0,44.8,0.0,0.0,0.0,0.0,0.0,0.0,36.1,92.2,2.3,8.6,301.0,1009.0,1009.0,2.7,4.7
2024-05-12 07:45:00+02:00,14.2,14.2,13.6,10.7,80.0,18.5,85.0,46.2,0.0,0.0,0.0,0.0,0.0,0.0,36.1,92.2,3.8,7.9,6.0,1009.0,1009.0,2.7,4.7
2024-05-12 07:50:00+02:00,14.4,14.4,13.5,10.7,78.0,18.5,85.0,47.2,0.0,0.0,0.0,0.0,0.0,0.0,36.1,92.2,5.6,10.1,359.0,1009.0,1009.0,2.7,4.7
2024-05-12 07:55:00+02:00,14.5,14.5,14.4,10.8,78.0,18.6,85.0,48.7,0.0,0.0,0.0,0.0,0.0,0.0,36.1,92.2,1.9,10.4,19.0,1009.0,1009.0,2.7,4.7
2024-05-12 08:00:00+02:00,14.8,14.8,14.4,10.8,77.0,18.6,85.0,50.2,0.0,0.0,0.0,0.0,0.0,0.0,36.1,92.2,3.1,7.9,23.0,1008.8,1008.8,2.7,4.7
2024-05-12 08:05:00+02:00,14.9,14.9,14.5,11.1,78.0,18.6,85.0,51.5,0.0,0.0,0.0,0.0,0.0,0.0,36.1,92.2,4.1,8.6,334.0,1008.8,1008.8,2.7,4.7
2024-05-12 08:10:00+02:00,15.0,15.0,14.7,11.1,77.0,18.6,85.0,52.9,0.0,0.0,0.0,0.0,0.0,0.0,36.1,92.2,3.2,8.6,315.0,1008.9,1008.9,2.7,4.7
2024-05-12 08:15:00+02:00,15.2,15.2,15.1,11.1,77.0,18.6,85.0,54.6,0.0,0.0,0.0,0.0,0.0,0.0,36.1,92.2,2.2,6.8,12.0,1008.9,1008.9,2.7,4.7
2024-05-12 08:20:00+02:00,15.4,15.4,15.0,11.2,76.0,18.7,85.0,108.2,1.0,0.0,0.0,0.0,0.0,0.0,36.1,92.2,4.3,8.6,15.0,1008.8,1008.8,2.7,4.7
2024-05-12 08:25:00+02:00,15.8,15.8,14.8,11.2,74.0,18.7,85.0,192.1,1.0,0.0,0.0,0.0,0.0,0.0,36.1,92.2,7.1,18.0,16.0,1008.9,1008.9,2.7,4.8
2024-05-12 08:30:00+02:00,16.4,16.4,16.6,11.3,72.0,18.7,86.0,199.7,1.0,0.0,0.0,0.0,0.0,0.0,36.1,92.2,1.4,6.8,24.0,1008.8,1008.8,2.7,4.8
2024-05-12 08:35:00+02:00,16.7,16.7,16.1,11.4,71.0,18.8,86.0,205.4,1.0,0.0,0.0,0.0,0.0,0.0,36.1,92.2,5.0,12.2,22.0,1008.9,1008.9,2.7,4.8
2024-05-12 08:40:00+02:00,16.8,16.8,16.1,11.3,70.0,18.8,86.0,211.3,1.0,0.0,0.0,0.0,0.0,0.0,36.1,92.2,5.8,12.2,357.0,1008.8,1008.8,2.7,4.8
2024-05-12 08:45:00+02:00,17.1,17.1,17.0,11.4,69.0,18.9,86.0,216.3,2.0,0.0,0.0,0.0,0.0,0.0,36.1,92.2,2.8,11.9,59.0,1008.9,1008.9,2.7,4.9
2024-05-12 08:50:00+02:00,17.4,17.4,17.0,11.5,68.0,19.2,87.0,227.0,2.0,0.0,0.0,0.0,0.0,0.0,36.1,92.2,4.6,13.7,20.0,1008.8,1008.8,2.7,4.9
2024-05-12 08:55:00+02:00,17.3,17.3,16.5,11.3,68.0,19.4,87.0,236.4,2.0,0.0,0.0,0.0,0.0,0.0,36.1,92.2,6.5,13.7,13.0,1008.9,1008.9,2.7,5.0
2024-05-12 09:00:00+02:00,17.5,17.5,17.0,11.4,67.0,19.7,87.0,248.1,2.0,0.0,0.0,0.0,0.0,0.0,36.1,92.2,4.8,10.4,35.0,1008.8,1008.8,2.7,5.0
2024-05-12 09:05:00+02:00,17.8,17.8,17.4,11.6,67.0,19.9,88.0,255.6,2.0,0.0,0.0,0.0,0.0,0.0,36.1,92.2,5.0,8.6,43.0,1008.8,1008.8,2.7,5.1
2024-05-12 09:10:00+02:00,18.0,18.0,17.4,11.5,66.0,20.2,88.0,267.5,2.0,0.0,0.0,0.0,0.0,0.0,36.1,92.2,5.9,10.1,10.0,1008.8,1008.8,2.7,5.1
2024-05-12 09:15:00+02:00,18.0,18.0,17.8,11.5,66.0,20.4,87.0,277.4,2.0,0.0,0.0,0.0,0.0,0.0,36.1,92.2,3.3,13.7,1.0,1008.7,1008.7,2.7,5.2
2024-05-12 09:20:00+02:00,18.1,18.1,17.5,11.7,66.0,20.7,87.0,285.8,2.0,0.0,0.0,0.0,0.0,0.0,36.1,92.2,5.8,13.3,353.0,1008.8,1008.8,2.7,5.2
2024-05-12 09:25:00+02:00,18.4,18.4,18.5,11.7,65.0,20.9,87.0,295.3,2.0,0.0,0.0,0.0,0.0,0.0,36.1,92.2,2.6,13.3,82.0,1008.6,1008.6,2.7,5.2
2024-05-12 09:30:00+02:00,19.1,19.1,19.2,11.7,62.0,21.2,87.0,300.2,2.0,0.0,0.0,0.0,0.0,0.0,36.1,92.2,2.1,8.6,348.0,1008.7,1008.7,2.7,5.2
2024-05-12 09:35:00+02:00,19.1,19.1,18.9,11.8,63.0,21.4,87.0,309.9,2.0,0.0,0.0,0.0,0.0,0.0,36.1,92.2,3.5,8.3,75.0,1008.6,1008.6,2.7,5.2
2024-05-12 09:40:00+02:00,19.1,19.1,18.5,11.8,62.0,21.7,87.0,318.9,2.0,0.0,0.0,0.0,0.0,0.0,36.1,92.2,5.8,10.8,6.0,1008.5,1008.5,2.7,5.2
2024-05-12 09:45:00+02:00,19.4,19.4,19.3,11.9,62.0,22.0,86.0,329.1,3.0,0.0,0.0,0.0,0.0,0.0,36.1,92.2,3.4,9.4,58.0,1008.6,1008.6,2.7,5.2
2024-05-12 09:50:00+02:00,20.0,20.0,20.4,12.1,60.0,22.3,86.0,335.2,3.0,0.0,0.0,0.0,0.0,0.0,36.1,92.2,1.9,13.7,50.0,1008.5,1008.5,2.7,5.2
2024-05-12 09:55:00+02:00,20.1,20.1,19.4,12.2,60.0,22.6,86.0,342.3,3.0,0.0,0.0,0.0,0.0,0.0,36.1,92.2,6.8,13.7,348.0,1008.4,1008.4,2.7,5.3
2024-05-12 10:00:00+02:00,20.3,20.3,20.3,12.3,60.0,22.9,86.0,355.2,3.0,0.0,0.0,0.0,0.0,0.0,36.1,92.2,3.7,10.1,2.0,1008.3,1008.3,2.7,5.3
2024-05-12 10:05:00+02:00,20.1,20.1,19.4,12.1,60.0,23.2,86.0,362.0,3.0,0.0,0.0,0.0,0.0,0.0,36.1,92.2,6.8,15.8,1.0,1008.3,1008.3,2.7,5.3
2024-05-12 10:10:00+02:00,20.1,20.1,19.9,12.1,60.0,23.4,86.0,372.8,3.0,0.0,0.0,0.0,0.0,0.0,36.1,92.2,4.8,10.8,336.0,1008.2,1008.2,2.7,5.3
2024-05-12 10:15:00+02:00,20.3,20.3,19.8,12.1,59.0,23.7,86.0,378.9,3.0,0.0,0.0,0.0,0.0,0.0,36.1,92.2,6.2,10.8,3.0,1008.2,1008.2,2.7,5.3
2024-05-12 10:20:00+02:00,20.3,20.3,20.1,12.1,60.0,24.0,86.0,383.4,3.0,0.0,0.0,0.0,0.0,0.0,36.1,92.2,4.0,13.3,351.0,1008.2,1008.2,2.7,5.3
2024-05-12 10:25:00+02:00,20.3,20.3,20.4,12.1,59.0,24.2,85.0,395.3,3.0,0.0,0.0,0.0,0.0,0.0,36.1,92.2,2.9,12.2,3.0,1008.3,1008.3,2.7,5.3
2024-05-12 10:30:00+02:00,20.7,20.7,21.0,12.3,58.0,24.5,85.0,403.1,3.0,0.0,0.0,0.0,0.0,0.0,36.1,92.2,2.4,9.0,32.0,1008.3,1008.3,2.7,5.3
2024-05-12 10:35:00+02:00,21.0,21.0,20.7,12.4,58.0,24.8,85.0,417.3,3.0,0.0,0.0,0.0,0.0,0.0,36.1,92.2,5.3,9.4,12.0,1008.3,1008.3,2.7,5.3
2024-05-12 10:40:00+02:00,21.0,21.0,20.9,12.3,57.0,25.0,85.0,428.3,3.0,0.0,0.0,0.0,0.0,0.0,36.1,92.2,4.2,10.4,19.0,1008.1,1008.1,2.7,5.3
2024-05-12 10:45:00+02:00,21.2,21.2,21.0,12.4,57.0,25.3,85.0,438.7,4.0,0.0,0.0,0.0,0.0,0.0,36.1,92.2,5.1,15.1,181.0,1008.2,1008.2,2.7,5.3
2024-05-12 10:50:00+02:00,21.3,21.3,20.7,12.4,57.0,25.6,84.0,433.6,4.0,0.0,0.0,0.0,0.0,0.0,36.1,92.2,7.3,12.2,324.0,1008.0,1008.0,2.7,5.3
2024-05-12 10:55:00+02:00,21.6,21.6,21.3,12.4,56.0,25.8,84.0,450.0,4.0,0.0,0.0,0.0,0.0,0.0,36.1,92.2,5.5,12.2,325.0,1008.1,1008.1,2.7,5.3
2024-05-12 11:00:00+02:00,21.5,21.5,21.4,12.6,57.0,26.1,84.0,465.1,4.0,0.0,0.0,0.0,0.0,0.0,36.1,92.2,4.9,12.6,340.0,1008.1,1008.1,2.7,5.3
2024-05-12 11:05:00+02:00,21.3,21.3,21.1,12.3,57.0,26.3,84.0,471.7,4.0,0.0,0.0,0.0,0.0,0.0,36.1,92.2,4.9,17.6,9.0,1008.0,1008.0,2.7,5.3
2024-05-12 11:10:00+02:00,21.7,21.7,21.8,12.8,57.0,26.6,84.0,471.7,4.0,0.0,0.0,0.0,0.0,0.0,36.1,92.2,3.8,12.2,74.0,1007.9,1007.9,2.7,5.3
2024-05-12 11:15:00+02:00,22.2,22.2,21.9,12.7,55.0,26.8,83.0,482.9,4.0,0.0,0.0,0.0,0.0,0.0,36.1,92.2,6.1,13.7,10.0,1008.0,1008.0,2.7,5.3
2024-05-12 11:20:00+02:00,22.1,22.1,22.2,12.6,55.0,27.0,83.0,491.8,4.0,0.0,0.0,0.0,0.0,0.0,36.1,92.2,3.7,13.7,360.0,1007.8,1007.8,2.7,5.3
2024-05-12 11:25:00+02:00,22.1,22.1,21.6,12.7,55.0,27.2,83.0,496.1,4.0,0.0,0.0,0.0,0.0,0.0,36.1,92.2,6.8,19.1,350.0,1007.9,1007.9,2.7,5.3
2024-05-12 11:30:00+02:00,22.4,22.4,22.1,12.8,55.0,27.4,83.0,499.0,4.0,0.0,0.0,0.0,0.0,0.0,36.1,92.2,5.6,15.5,14.0,1007.9,1007.9,2.7,5.3
2024-05-12 11:35:00+02:00,22.3,22.3,21.9,13.0,55.0,27.7,83.0,507.7,4.0,0.0,0.0,0.0,0.0,0.0,36.1,92.2,6.5,14.4,315.0,1007.7,1007.7,2.7,5.3
2024-05-12 11:40:00+02:00,22.6,22.6,22.5,13.0,55.0,27.9,82.0,513.4,4.0,0.0,0.0,0.0,0.0,0.0,36.1,92.2,5.5,14.0,326.0,1007.7,1007.7,2.7,5.3
2024-05-12 11:45:00+02:00,22.9,22.9,23.2,13.2,54.0,28.1,82.0,518.0,4.0,0.0,0.0,0.0,0.0,0.0,36.1,92.2,3.6,15.1,40.0,1007.7,1007.7,2.7,5.3
2024-05-12 11:50:00+02:00,23.0,23.0,22.2,13.1,54.0,28.3,82.0,524.1,4.0,0.0,0.0,0.0,0.0,0.0,36.1,92.2,8.8,18.4,355.0,1007.7,1007.7,2.7,5.3
2024-05-12 11:55:00+02:00,23.0,23.0,23.0,12.8,53.0,28.6,82.0,528.8,4.0,0.0,0.0,0.0,0.0,0.0,36.1,92.2,4.1,11.9,335.0,1007.5,1007.5,2.68,5.3
2024-05-12 12:00:00+02:00,23.2,23.2,22.9,13.0,53.0,28.8,82.0,534.5,4.0,0.0,0.0,0.0,0.0,0.0,36.1,92.2,6.1,15.1,29.0,1007.5,1007.5,2.68,5.3
2024-05-12 12:05:00+02:00,23.2,23.2,22.9,12.8,52.0,28.9,82.0,539.1,5.0,0.0,0.0,0.0,0.0,0.0,36.1,92.2,5.8,18.0,359.0,1007.6,1007.6,2.68,5.3
2024-05-12 12:10:00+02:00,23.2,23.2,22.9,12.9,52.0,29.2,82.0,544.0,5.0,0.0,0.0,0.0,0.0,0.0,36.1,92.2,6.0,14.8,38.0,1007.5,1007.5,2.68,5.3
2024-05-12 12:15:00+02:00,23.4,23.4,23.1,13.1,52.0,29.3,82.0,539.6,5.0,0.0,0.0,0.0,0.0,0.0,36.1,92.2,6.7,16.6,323.0,1007.4,1007.4,2.68,5.3
2024-05-12 12:20:00+02:00,23.3,23.3,23.0,12.9,52.0,29.5,82.0,546.5,5.0,0.0,0.0,0.0,0.0,0.0,36.1,92.2,6.3,17.6,354.0,1007.4,1007.4,2.68,5.3
2024-05-12 12:25:00+02:00,23.9,23.9,23.8,13.2,51.0,29.7,82.0,555.8,5.0,0.0,0.0,0.0,0.0,0.0,36.1,92.2,5.7,14.4,341.0,1007.3,1007.3,2.68,5.3
2024-05-12 12:30:00+02:00,23.8,23.8,23.3,13.4,52.0,29.8,82.0,558.2,5.0,0.0,0.0,0.0,0.0,0.0,36.1,92.2,7.7,15.1,325.0,1007.3,1007.3,2.68,5.3
2024-05-12 12:35:00+02:00,24.2,24.2,24.3,13.3,51.0,30.0,82.0,561.6,5.0,0.0,0.0,0.0,0.0,0.0,36.1,92.2,4.5,14.0,34.0,1007.0,1007.0,2.68,5.3
2024-05-12 12:40:00+02:00,24.3,24.3,24.6,13.2,50.0,30.1,82.0,560.9,5.0,0.0,0.0,0.0,0.0,0.0,36.1,92.2,4.0,15.5,353.0,1006.9,1006.9,2.68,5.3
2024-05-12 12:45:00+02:00,24.0,24.0,23.4,12.9,50.0,30.3,82.0,562.1,5.0,0.0,0.0,0.0,0.0,0.0,36.1,92.2,7.8,13.7,5.0,1006.9,1006.9,2.68,5.3
2024-05-12 12:50:00+02:00,24.3,24.3,24.1,12.8,49.0,30.5,82.0,563.7,5.0,0.0,0.0,0.0,0.0,0.0,36.1,92.2,5.3,16.2,87.0,1006.9,1006.9,2.68,5.3
2024-05-12 12:55:00+02:00,25.0,25.0,25.0,12.5,46.0,30.6,82.0,563.9,5.0,0.0,0.0,0.0,0.0,0.0,36.1,92.2,3.8,12.2,47.0,1006.9,1006.9,2.68,5.3
2024-05-12 13:00:00+02:00,25.3,25.3,25.4,12.8,46.0,30.8,81.0,565.4,5.0,0.0,0.0,0.0,0.0,0.0,36.1,92.2,4.2,12.2,336.0,1006.9,1006.9,2.68,5.3
2024-05-12 13:05:00+02:00,25.0,25.0,24.9,13.1,48.0,31.0,81.0,555.7,5.0,0.0,0.0,0.0,0.0,0.0,36.1,92.2,5.5,17.6,325.0,1006.7,1006.7,2.68,5.3
2024-05-12 13:10:00+02:00,24.7,24.7,23.8,12.9,48.0,31.1,81.0,559.4,5.0,0.0,0.0,0.0,0.0,0.0,36.1,92.2,9.2,16.2,6.0,1006.7,1006.7,2.68,5.3
2024-05-12 13:15:00+02:00,24.6,24.6,23.5,13.0,48.0,31.3,81.0,557.8,5.0,0.0,0.0,0.0,0.0,0.0,36.1,92.2,10.8,24.8,349.0,1006.5,1006.5,2.68,5.3
2024-05-12 13:20:00+02:00,24.7,24.7,24.0,12.9,48.0,31.4,81.0,553.0,5.0,0.0,0.0,0.0,0.0,0.0,36.1,92.2,8.2,24.8,9.0,1006.5,1006.5,2.68,5.3
2024-05-12 13:25:00+02:00,25.0,25.0,25.2,13.4,48.0,31.5,80.0,558.2,5.0,0.0,0.0,0.0,0.0,0.0,36.1,92.2,4.5,18.4,305.0,1006.4,1006.4,2.68,5.3
2024-05-12 13:30:00+02:00,25.8,25.8,25.8,13.0,45.0,31.7,80.0,558.1,5.0,0.0,0.0,0.0,0.0,0.0,36.1,92.2,4.6,11.9,24.0,1006.3,1006.3,2.68,5.3
2024-05-12 13:35:00+02:00,25.9,25.9,25.3,13.1,45.0,31.8,80.0,550.4,5.0,0.0,0.0,0.0,0.0,0.0,36.1,92.2,7.8,13.3,26.0,1006.2,1006.2,2.68,5.3
2024-05-12 13:40:00+02:00,25.8,25.8,26.1,13.0,45.0,31.9,80.0,551.9,5.0,0.0,0.0,0.0,0.0,0.0,36.1,92.2,3.7,11.2,59.0,1006.2,1006.2,2.68,5.3
2024-05-12 13:45:00+02:00,25.9,25.9,26.4,13.2,45.0,32.0,80.0,547.7,5.0,0.0,0.0,0.0,0.0,0.0,36.1,92.2,3.0,9.7,68.0,1006.2,1006.2,2.68,5.3
2024-05-12 13:50:00+02:00,25.6,25.6,23.6,12.5,44.0,32.1,80.0,559.4,5.0,0.0,0.0,0.0,0.0,0.0,36.1,92.2,14.6,22.7,2.0,1006.0,1006.0,2.68,5.3
2024-05-12 13:55:00+02:00,25.1,25.1,24.1,12.6,46.0,32.2,80.0,559.5,5.0,0.0,0.0,0.0,0.0,0.0,36.1,92.2,9.0,22.3,23.0,1006.1,1006.1,2.68,5.3
2024-05-12 14:00:00+02:00,25.6,25.6,25.5,12.5,44.0,32.2,80.0,541.7,5.0,0.0,0.0,0.0,0.0,0.0,36.1,92.2,4.8,17.6,1.0,1006.0,1006.0,2.68,5.3
2024-05-12 14:05:00+02:00,25.7,25.7,25.3,12.6,44.0,32.3,80.0,538.4,5.0,0.0,0.0,0.0,0.0,0.0,36.1,92.2,6.3,19.4,312.0,1005.8,1005.8,2.68,5.3
2024-05-12 14:10:00+02:00,25.9,25.9,25.8,13.1,45.0,32.3,80.0,532.1,4.0,0.0,0.0,0.0,0.0,0.0,36.1,92.2,5.3,19.8,280.0,1005.9,1005.9,2.68,5.3
2024-05-12 14:15:00+02:00,26.4,26.4,26.7,13.0,43.0,32.4,80.0,538.0,5.0,0.0,0.0,0.0,0.0,0.0,36.1,92.2,3.1,10.1,117.0,1005.8,1005.8,2.68,5.3
2024-05-12 14:20:00+02:00,26.6,26.6,26.8,12.2,41.0,32.5,80.0,538.9,5.0,0.0,0.0,0.0,0.0,0.0,36.1,92.2,2.8,9.0,110.0,1005.9,1005.9,2.68,5.3
2024-05-12 14:25:00+02:00,27.2,27.0,27.5,12.7,41.0,32.5,80.0,545.3,5.0,0.0,0.0,0.0,0.0,0.0,36.1,92.2,2.3,9.4,125.0,1005.7,1005.7,2.68,5.3
2024-05-12 14:30:00+02:00,26.8,26.8,26.8,12.6,41.0,32.6,80.0,550.0,5.0,0.0,0.0,0.0,0.0,0.0,36.1,92.2,4.2,11.5,344.0,1005.8,1005.8,2.68,5.3
2024-05-12 14:35:00+02:00,26.4,26.4,26.1,12.5,42.0,32.6,80.0,555.0,5.0,0.0,0.0,0.0,0.0,0.0,36.1,92.2,5.7,10.8,77.0,1005.6,1005.6,2.68,5.3
2024-05-12 14:40:00+02:00,26.3,26.3,26.2,12.6,43.0,32.7,80.0,566.0,5.0,0.0,0.0,0.0,0.0,0.0,36.1,92.2,5.1,12.6,122.0,1005.5,1005.5,2.68,5.3
2024-05-12 14:45:00+02:00,27.3,27.1,27.5,12.7,41.0,32.7,80.0,572.7,5.0,0.0,0.0,0.0,0.0,0.0,36.1,92.2,3.4,7.2,63.0,1005.4,1005.4,2.68,5.3
2024-05-12 14:50:00+02:00,27.1,26.9,26.6,12.6,41.0,32.7,80.0,603.3,5.0,0.0,0.0,0.0,0.0,0.0,36.1,92.2,6.6,19.1,15.0,1005.4,1005.4,2.68,5.3
2024-05-12 14:55:00+02:00,26.7,26.7,26.5,12.4,41.0,32.8,80.0,579.3,5.0,0.0,0.0,0.0,0.0,0.0,36.1,92.2,4.9,16.9,49.0,1005.5,1005.5,2.68,5.3
2024-05-12 15:00:00+02:00,26.6,26.6,26.4,12.4,41.0,32.8,80.0,572.9,5.0,0.0,0.0,0.0,0.0,0.0,36.1,92.2,5.0,18.7,19.0,1005.4,1005.4,2.68,5.3
2024-05-12 15:05:00+02:00,25.8,25.8,25.8,12.4,43.0,32.8,80.0,595.7,5.0,0.0,0.0,0.0,0.0,0.0,36.1,92.2,3.9,19.1,18.0,1005.3,1005.3,2.68,5.3
2024-05-12 15:10:00+02:00,26.0,26.0,25.8,12.0,42.0,32.8,80.0,601.3,5.0,0.0,0.0,0.0,0.0,0.0,36.1,92.2,4.5,12.2,33.0,1005.4,1005.4,2.68,5.3
2024-05-12 15:15:00+02:00,26.3,26.3,26.3,11.9,41.0,32.8,81.0,553.3,5.0,0.0,0.0,0.0,0.0,0.0,36.1,92.2,2.7,14.8,80.0,1005.2,1005.2,2.68,5.3
2024-05-12 15:20:00+02:00,26.0,26.0,26.1,11.9,42.0,32.8,81.0,344.3,3.0,0.0,0.0,0.0,0.0,0.0,36.1,92.2,2.5,14.8,59.0,1005.2,1005.2,2.68,5.3
2024-05-12 15:25:00+02:00,25.8,25.8,26.1,12.0,42.0,32.8,81.0,542.0,5.0,0.0,0.0,0.0,0.0,0.0,36.1,92.2,1.6,9.4,228.0,1005.2,1005.2,2.68,5.3
2024-05-12 15:30:00+02:00,26.4,26.4,26.5,12.4,42.0,32.8,81.0,617.4,5.0,0.0,0.0,0.0,0.0,0.0,36.1,92.2,3.5,14.4,83.0,1005.1,1005.1,2.68,5.3
2024-05-12 15:35:00+02:00,26.3,26.3,26.7,12.7,43.0,32.8,81.0,584.9,5.0,0.0,0.0,0.0,0.0,0.0,36.1,92.2,2.3,10.4,7.0,1005.1,1005.1,2.68,5.3
2024-05-12 15:40:00+02:00,26.7,26.7,26.6,12.7,42.0,32.7,81.0,588.9,5.0,0.0,0.0,0.0,0.0,0.0,36.1,92.2,4.7,12.2,141.0,1005.1,1005.1,2.68,5.3
2024-05-12 15:45:00+02:00,26.9,26.8,26.7,11.9,39.0,32.7,82.0,517.8,4.0,0.0,0.0,0.0,0.0,0.0,36.1,92.2,4.0,9.4,44.0,1005.0,1005.0,2.68,5.3
2024-05-12 15:50:00+02:00,26.4,26.4,26.3,12.1,41.0,32.7,82.0,542.7,5.0,0.0,0.0,0.0,0.0,0.0,36.1,92.2,4.1,11.9,78.0,1004.9,1004.9,2.68,5.3
2024-05-12 15:55:00+02:00,26.4,26.4,26.1,11.9,41.0,32.7,82.0,562.9,5.0,0.0,0.0,0.0,0.0,0.0,36.1,92.2,4.2,13.7,101.0,1004.9,1004.9,2.68,5.3
2024-05-12 16:00:00+02:00,26.8,26.7,26.7,12.2,40.0,32.7,82.0,530.8,4.0,0.0,0.0,0.0,0.0,0.0,36.1,92.2,3.6,14.0,75.0,1004.9,1004.9,2.68,5.3
2024-05-12 16:05:00+02:00,26.9,26.8,26.9,12.2,40.0,32.7,82.0,514.8,4.0,0.0,0.0,0.0,0.0,0.0,36.1,92.2,3.5,10.4,331.0,1004.7,1004.7,2.68,5.3
2024-05-12 16:10:00+02:00,26.8,26.8,27.3,13.0,43.0,32.7,82.0,525.9,4.0,0.0,0.0,0.0,0.0,0.0,36.1,92.2,2.6,15.1,139.0,1004.7,1004.7,2.68,5.3
2024-05-12 16:15:00+02:00,26.9,26.8,26.6,12.2,40.0,32.7,83.0,506.9,4.0,0.0,0.0,0.0,0.0,0.0,36.1,92.2,5.0,11.9,145.0,1004.6,1004.6,2.68,5.3
2024-05-12 16:20:00+02:00,26.2,26.2,25.9,11.2,39.0,32.7,83.0,528.6,4.0,0.0,0.0,0.0,0.0,0.0,36.1,92.2,3.6,9.7,49.0,1004.7,1004.7,2.68,5.3
2024-05-12 16:25:00+02:00,26.3,26.3,26.4,11.4,39.0,32.7,83.0,520.3,4.0,0.0,0.0,0.0,0.0,0.0,36.1,92.2,2.0,9.0,80.0,1004.6,1004.6,2.68,5.3
2024-05-12 16:30:00+02:00,26.4,26.4,26.7,12.1,41.0,32.7,83.0,125.2,1.0,0.0,0.0,0.0,0.0,0.0,36.1,92.2,1.7,5.4,126.0,1004.5,1004.5,2.68,5.3
2024-05-12 16:35:00+02:00,26.1,26.1,25.8,12.0,42.0,32.6,83.0,451.9,4.0,0.0,0.0,0.0,0.0,0.0,36.1,92.2,4.3,10.8,50.0,1004.3,1004.3,2.68,5.3
2024-05-12 16:40:00+02:00,25.9,25.9,25.4,11.6,41.0,32.6,83.0,137.9,1.0,0.0,0.0,0.0,0.0,0.0,36.1,92.2,4.7,14.4,54.0,1004.4,1004.4,2.68,5.3
2024-05-12 16:45:00+02:00,25.5,25.5,25.3,11.6,42.0,32.6,83.0,133.3,1.0,0.0,0.0,0.0,0.0,0.0,36.1,92.2,3.5,14.4,56.0,1004.3,1004.3,2.68,5.3
2024-05-12 16:50:00+02:00,25.4,25.4,25.1,11.2,41.0,32.6,83.0,451.1,4.0,0.0,0.0,0.0,0.0,0.0,36.1,92.2,3.2,14.4,76.0,1004.2,1004.2,2.68,5.3
2024-05-12 16:55:00+02:00,26.2,26.2,26.4,11.7,41.0,32.5,83.0,456.9,4.0,0.0,0.0,0.0,0.0,0.0,36.1,92.2,1.6,7.6,188.0,1004.2,1004.2,2.7,5.3
2024-05-12 17:00:00+02:00,26.5,26.5,26.3,11.6,39.0,32.4,83.0,453.6,4.0,0.0,0.0,0.0,0.0,0.0,36.1,92.2,3.6,10.8,50.0,1004.2,1004.2,2.7,5.3
2024-05-12 17:05:00+02:00,26.8,26.6,26.5,11.2,38.0,32.4,84.0,416.6,3.0,0.0,0.0,0.0,0.0,0.0,36.1,92.2,3.5,10.4,63.0,1004.3,1004.3,2.68,5.3
2024-05-12 17:10:00+02:00,26.0,26.0,25.8,10.7,38.0,32.4,84.0,99.8,0.0,0.0,0.0,0.0,0.0,0.0,36.1,92.2,2.3,7.9,63.0,1004.1,1004.1,2.68,5.3
2024-05-12 17:15:00+02:00,25.6,25.6,24.7,10.4,39.0,32.4,84.0,102.9,0.0,0.0,0.0,0.0,0.0,0.0,36.1,92.2,5.3,12.6,35.0,1004.1,1004.1,2.68,5.3
2024-05-12 17:20:00+02:00,25.3,25.3,25.1,11.3,42.0,32.3,84.0,110.6,1.0,0.0,0.0,0.0,0.0,0.0,36.1,92.2,3.3,8.3,115.0,1004.0,1004.0,2.68,5.3
2024-05-12 17:25:00+02:00,25.2,25.2,25.5,11.1,41.0,32.3,84.0,108.8,1.0,0.0,0.0,0.0,0.0,0.0,36.1,92.2,0.0,2.2,127.0,1004.1,1004.1,2.7,5.3
2024-05-12 17:30:00+02:00,25.1,25.1,25.0,10.7,41.0,32.2,84.0,114.5,1.0,0.0,0.0,0.0,0.0,0.0,36.1,92.2,1.4,4.7,106.0,1004.0,1004.0,2.7,5.3
2024-05-12 17:35:00+02:00,24.9,24.9,24.0,9.6,38.0,32.2,84.0,269.3,2.0,0.0,0.0,0.0,0.0,0.0,36.1,92.2,4.2,9.7,148.0,1003.9,1003.9,2.7,5.3
2024-05-12 17:40:00+02:00,24.9,24.9,24.0,9.2,37.0,32.1,84.0,315.5,2.0,0.0,0.0,0.0,0.0,0.0,36.1,92.2,3.9,10.1,142.0,1003.9,1003.9,2.7,5.3
2024-05-12 17:45:00+02:00,25.3,25.3,23.6,8.8,35.0,32.0,84.0,316.3,2.0,0.0,0.0,0.0,0.0,0.0,36.1,92.2,7.4,12.6,132.0,1004.0,1004.0,2.7,5.3
2024-05-12 17:50:00+02:00,25.3,25.3,24.2,9.5,37.0,31.9,84.0,299.6,2.0,0.0,0.0,0.0,0.0,0.0,36.1,92.2,4.8,13.0,145.0,1003.8,1003.8,2.7,5.3
2024-05-12 17:55:00+02:00,25.4,25.4,24.1,9.5,37.0,31.8,84.0,295.7,2.0,0.0,0.0,0.0,0.0,0.0,36.1,92.2,6.0,9.7,128.0,1003.9,1003.9,2.7,5.3
2024-05-12 18:00:00+02:00,25.4,25.4,23.7,8.9,35.0,31.8,84.0,269.5,2.0,0.0,0.0,0.0,0.0,0.0,36.1,92.2,7.3,13.3,130.0,1003.6,1003.6,2.7,5.3
2024-05-12 18:05:00+02:00,25.3,25.3,24.3,9.7,37.0,31.7,84.0,236.9,2.0,0.0,0.0,0.0,0.0,0.0,36.1,92.2,5.2,13.3,149.0,1003.6,1003.6,2.7,5.3
2024-05-12 18:10:00+02:00,25.3,25.3,24.3,9.4,37.0,31.7,84.0,117.5,1.0,0.0,0.0,0.0,0.0,0.0,36.1,92.2,4.6,9.7,142.0,1003.5,1003.5,2.7,5.3
2024-05-12 18:15:00+02:00,25.1,25.1,23.1,8.7,35.0,31.6,84.0,75.8,0.0,0.0,0.0,0.0,0.0,0.0,36.1,92.2,8.5,18.7,125.0,1003.6,1003.6,2.7,5.3
2024-05-12 18:20:00+02:00,25.1,25.1,23.4,8.7,35.0,31.5,84.0,102.0,0.0,0.0,0.0,0.0,0.0,0.0,36.1,92.2,6.9,14.0,132.0,1003.4,1003.4,2.7,5.3
2024-05-12 18:35:00+02:00,25.2,25.2,23.1,8.9,36.0,31.3,84.0,137.3,1.0,0.0,0.0,0.0,0.0,0.0,36.1,92.2,9.5,16.2,129.0,1003.3,1003.3,2.7,5.3
2024-05-12 18:40:00+02:00,25.0,25.0,23.1,8.9,36.0,31.2,84.0,80.8,0.0,0.0,0.0,0.0,0.0,0.0,36.1,92.2,8.7,18.4,136.0,1003.3,1003.3,2.7,5.3
2024-05-12 18:45:00+02:00,24.9,24.9,24.0,9.3,37.0,31.1,84.0,67.9,0.0,0.0,0.0,0.0,0.0,0.0,36.1,92.2,4.3,12.2,132.0,1003.3,1003.3,2.7,5.3
2024-05-12 18:50:00+02:00,25.0,25.0,23.1,8.9,36.0,31.0,84.0,53.4,0.0,0.0,0.0,0.0,0.0,0.0,36.1,92.2,8.4,13.7,131.0,1003.3,1003.3,2.7,5.3
2024-05-12 18:55:00+02:00,24.9,24.9,23.5,8.8,36.0,31.0,84.0,50.0,0.0,0.0,0.0,0.0,0.0,0.0,36.1,92.2,5.6,12.2,135.0,1003.4,1003.4,2.7,5.3
2024-05-12 19:00:00+02:00,24.8,24.8,23.6,8.9,36.0,30.9,84.0,47.8,0.0,0.0,0.0,0.0,0.0,0.0,36.1,92.2,5.0,13.3,147.0,1003.3,1003.3,2.7,5.3
2024-05-12 19:05:00+02:00,24.8,24.8,23.4,8.9,36.0,30.8,84.0,46.1,0.0,0.0,0.0,0.0,0.0,0.0,36.1,92.2,5.9,12.6,149.0,1003.3,1003.3,2.7,5.3
2024-05-12 19:10:00+02:00,24.7,24.7,23.3,9.2,38.0,30.7,84.0,42.7,0.0,0.0,0.0,0.0,0.0,0.0,36.1,92.2,6.2,13.0,130.0,1003.3,1003.3,2.7,5.3
2024-05-12 19:15:00+02:00,24.7,24.7,23.1,9.0,37.0,30.7,84.0,39.9,0.0,0.0,0.0,0.0,0.0,0.0,36.1,92.2,6.9,19.8,133.0,1003.3,1003.3,2.7,5.3
2024-05-12 19:20:00+02:00,24.5,24.5,23.2,9.1,38.0,30.6,84.0,37.8,0.0,0.0,0.0,0.0,0.0,0.0,36.1,92.2,5.6,10.4,121.0,1003.2,1003.2,2.7,5.3
2024-05-12 19:25:00+02:00,24.3,24.3,23.2,9.4,39.0,30.5,84.0,36.4,0.0,0.0,0.0,0.0,0.0,0.0,36.1,92.2,5.6,11.2,122.0,1003.2,1003.2,2.7,5.2
2024-05-12 19:30:00+02:00,24.3,24.3,22.9,9.1,38.0,30.4,84.0,34.6,0.0,0.0,0.0,0.0,0.0,0.0,36.1,92.2,5.8,10.1,113.0,1003.3,1003.3,2.7,5.2
2024-05-12 19:35:00+02:00,24.3,24.3,23.2,9.0,38.0,30.3,84.0,32.8,0.0,0.0,0.0,0.0,0.0,0.0,36.1,92.2,4.5,9.0,108.0,1003.4,1003.4,2.7,5.2
2024-05-12 19:40:00+02:00,24.2,24.2,23.7,9.5,39.0,30.2,84.0,30.9,0.0,0.0,0.0,0.0,0.0,0.0,36.1,92.2,1.6,8.3,87.0,1003.3,1003.3,2.7,5.2
2024-05-12 19:45:00+02:00,24.2,24.2,23.7,9.3,39.0,30.2,84.0,28.7,0.0,0.0,0.0,0.0,0.0,0.0,36.1,92.2,1.2,7.9,53.0,1003.3,1003.3,2.7,5.2
2024-05-12 19:50:00+02:00,23.8,23.8,23.2,9.4,40.0,30.1,84.0,25.9,0.0,0.0,0.0,0.0,0.0,0.0,36.1,92.2,2.7,7.9,113.0,1003.3,1003.3,2.7,5.2
2024-05-12 19:55:00+02:00,23.6,23.6,23.2,9.5,41.0,30.0,84.0,23.7,0.0,0.0,0.0,0.0,0.0,0.0,36.1,92.2,1.5,5.4,133.0,1003.4,1003.4,2.7,5.2
2024-05-12 20:00:00+02:00,23.4,23.4,22.5,9.2,40.0,29.9,84.0,21.5,0.0,0.0,0.0,0.0,0.0,0.0,36.1,92.2,3.4,6.5,121.0,1003.4,1003.4,2.7,5.2
2024-05-12 20:05:00+02:00,23.5,23.5,22.9,9.3,40.0,29.8,84.0,19.9,0.0,0.0,0.0,0.0,0.0,0.0,36.1,92.2,2.4,6.1,111.0,1003.4,1003.4,2.7,5.2
2024-05-12 20:10:00+02:00,23.3,23.3,23.1,9.7,42.0,29.7,84.0,18.6,0.0,0.0,0.0,0.0,0.0,0.0,36.1,92.2,0.9,5.4,100.0,1003.5,1003.5,2.7,5.2
2024-05-12 20:15:00+02:00,23.0,23.0,22.8,9.9,43.0,29.6,84.0,17.2,0.0,0.0,0.0,0.0,0.0,0.0,36.1,92.2,1.2,3.2,132.0,1003.4,1003.4,2.7,5.2
2024-05-12 20:20:00+02:00,22.8,22.8,22.8,9.7,43.0,29.5,84.0,15.4,0.0,0.0,0.0,0.0,0.0,0.0,36.1,92.2,0.0,4.0,79.0,1003.4,1003.4,2.7,5.2
2024-05-12 20:25:00+02:00,22.6,22.6,22.4,9.8,44.0,29.4,84.0,13.8,0.0,0.0,0.0,0.0,0.0,0.0,36.1,92.2,1.2,4.3,105.0,1003.4,1003.4,2.7,5.2
2024-05-12 20:30:00+02:00,22.4,22.4,22.0,9.7,45.0,29.3,84.0,11.8,0.0,0.0,0.0,0.0,0.0,0.0,36.1,92.2,1.6,4.0,110.0,1003.5,1003.5,2.7,5.2
2024-05-12 20:35:00+02:00,22.2,22.2,22.1,9.6,45.0,29.2,84.0,10.3,0.0,0.0,0.0,0.0,0.0,0.0,36.1,92.2,0.4,2.2,147.0,1003.4,1003.4,2.7,5.2
2024-05-12 20:40:00+02:00,21.9,21.9,21.7,10.0,47.0,29.1,84.0,8.8,0.0,0.0,0.0,0.0,0.0,0.0,36.1,92.2,1.0,2.5,120.0,1003.5,1003.5,2.7,5.2
2024-05-12 20:45:00+02:00,21.6,21.6,21.7,10.2,48.0,29.0,84.0,7.6,0.0,0.0,0.0,0.0,0.0,0.0,36.1,92.2,0.0,4.3,133.0,1003.5,1003.5,2.7,5.2
2024-05-12 20:50:00+02:00,21.2,21.2,21.3,10.3,50.0,28.9,84.0,6.5,0.0,0.0,0.0,0.0,0.0,0.0,36.1,92.2,0.4,2.9,135.0,1003.5,1003.5,2.7,5.2
2024-05-12 20:55:00+02:00,20.9,20.9,20.9,10.5,52.0,28.8,83.0,5.5,0.0,0.0,0.0,0.0,0.0,0.0,36.1,92.2,0.8,2.5,122.0,1003.5,1003.5,2.7,5.2
2024-05-12 21:00:00+02:00,20.3,20.3,20.3,11.0,55.0,28.7,83.0,4.1,0.0,0.0,0.0,0.0,0.0,0.0,36.1,92.2,1.7,2.9,124.0,1003.5,1003.5,2.7,5.2
2024-05-12 21:05:00+02:00,19.9,19.9,19.7,11.1,57.0,28.6,83.0,3.0,0.0,0.0,0.0,0.0,0.0,0.0,36.1,92.2,2.7,3.6,128.0,1003.5,1003.5,2.7,5.2
2024-05-12 21:10:00+02:00,19.5,19.5,19.3,10.7,57.0,28.4,83.0,2.0,0.0,0.0,0.0,0.0,0.0,0.0,36.1,92.2,2.6,3.6,133.0,1003.5,1003.5,2.7,5.2
2024-05-12 21:15:00+02:00,19.3,19.3,19.1,10.9,58.0,28.3,83.0,1.3,0.0,0.0,0.0,0.0,0.0,0.0,36.1,92.2,2.7,3.6,129.0,1003.4,1003.4,2.7,5.2
2024-05-12 21:20:00+02:00,19.1,19.1,18.8,10.7,58.0,28.2,83.0,0.9,0.0,0.0,0.0,0.0,0.0,0.0,36.1,92.2,2.2,3.2,127.0,1003.4,1003.4,2.7,5.2
2024-05-12 21:25:00+02:00,18.8,18.8,18.6,10.8,60.0,28.1,83.0,0.6,0.0,0.0,0.0,0.0,0.0,0.0,36.1,92.2,2.3,3.2,124.0,1003.3,1003.3,2.7,5.2
2024-05-12 21:30:00+02:00,18.6,18.6,18.3,10.9,61.0,27.9,83.0,0.2,0.0,0.0,0.0,0.0,0.0,0.0,36.1,92.2,2.7,3.6,115.0,1003.3,1003.3,2.7,5.2
2024-05-12 21:35:00+02:00,18.3,18.3,18.2,11.3,64.0,27.8,83.0,0.1,0.0,0.0,0.0,0.0,0.0,0.0,36.1,92.2,2.4,3.6,119.0,1003.3,1003.3,2.7,5.1
2024-05-12 21:40:00+02:00,18.1,18.1,17.9,11.4,65.0,27.7,83.0,0.0,0.0,0.0,0.0,0.0,0.0,0.0,36.1,92.2,3.1,4.0,112.0,1003.4,1003.4,2.7,5.1
2024-05-12 21:45:00+02:00,17.9,17.9,17.8,11.3,65.0,27.5,83.0,0.0,0.0,0.0,0.0,0.0,0.0,0.0,36.1,92.2,2.8,4.0,111.0,1003.4,1003.4,2.7,5.1
2024-05-12 21:50:00+02:00,17.8,17.8,17.7,11.2,65.0,27.3,82.0,0.0,0.0,0.0,0.0,0.0,0.0,0.0,36.1,92.2,2.4,4.3,117.0,1003.5,1003.5,2.7,5.1
2024-05-12 21:55:00+02:00,17.6,17.6,17.4,11.1,66.0,27.2,82.0,0.0,0.0,0.0,0.0,0.0,0.0,0.0,36.1,92.2,3.1,4.0,118.0,1003.5,1003.5,2.7,5.1
2024-05-12 22:00:00+02:00,17.5,17.5,17.4,11.2,66.0,27.0,82.0,0.0,0.0,0.0,0.0,0.0,0.0,0.0,36.1,92.2,2.7,4.0,117.0,1003.5,1003.5,2.7,5.1
2024-05-12 22:05:00+02:00,17.4,17.4,17.3,11.2,67.0,26.9,82.0,0.0,0.0,0.0,0.0,0.0,0.0,0.0,36.1,92.2,2.6,4.3,112.0,1003.7,1003.7,2.7,5.1
2024-05-12 22:10:00+02:00,17.2,17.2,17.2,11.0,67.0,26.8,82.0,0.0,0.0,0.0,0.0,0.0,0.0,0.0,36.1,92.2,2.1,3.6,121.0,1003.6,1003.6,2.7,5.1
2024-05-12 22:15:00+02:00,17.2,17.2,17.0,11.1,67.0,26.7,82.0,0.0,0.0,0.0,0.0,0.0,0.0,0.0,36.1,92.2,2.6,3.2,121.0,1003.7,1003.7,2.7,5.1
2024-05-12 22:20:00+02:00,17.0,17.0,16.9,11.2,68.0,26.5,82.0,0.0,0.0,0.0,0.0,0.0,0.0,0.0,36.1,92.2,2.4,3.6,119.0,1003.8,1003.8,2.7,5.1
2024-05-12 22:25:00+02:00,16.9,16.9,16.7,10.9,68.0,26.4,82.0,0.0,0.0,0.0,0.0,0.0,0.0,0.0,36.1,92.2,2.2,3.2,127.0,1003.7,1003.7,2.7,5.1
2024-05-12 22:30:00+02:00,16.8,16.8,16.6,10.7,68.0,26.3,82.0,0.0,0.0,0.0,0.0,0.0,0.0,0.0,36.1,92.2,2.1,4.0,123.0,1003.7,1003.7,2.7,5.1
2024-05-12 22:35:00+02:00,16.7,16.7,16.4,10.8,68.0,26.2,82.0,0.0,0.0,0.0,0.0,0.0,0.0,0.0,36.1,92.2,3.0,4.3,118.0,1003.7,1003.7,2.7,5.1
2024-05-12 22:40:00+02:00,16.5,16.5,16.1,10.8,69.0,26.0,82.0,0.0,0.0,0.0,0.0,0.0,0.0,0.0,36.1,92.2,3.0,4.0,117.0,1003.6,1003.6,2.7,5.1
2024-05-12 22:45:00+02:00,16.3,16.3,16.2,11.1,71.0,25.8,82.0,0.0,0.0,0.0,0.0,0.0,0.0,0.0,36.1,92.2,2.7,3.6,115.0,1003.7,1003.7,2.7,5.1
2024-05-12 22:50:00+02:00,16.2,16.2,16.0,11.3,73.0,25.7,82.0,0.0,0.0,0.0,0.0,0.0,0.0,0.0,36.1,92.2,2.8,3.6,114.0,1003.7,1003.7,2.7,5.1
2024-05-12 22:55:00+02:00,16.1,16.1,15.9,11.1,72.0,25.6,82.0,0.0,0.0,0.0,0.0,0.0,0.0,0.0,36.1,92.2,3.0,4.0,116.0,1003.7,1003.7,2.7,5.1
2024-05-12 23:00:00+02:00,15.9,15.9,15.8,11.3,74.0,25.4,82.0,0.0,0.0,0.0,0.0,0.0,0.0,0.0,36.1,92.2,2.8,4.0,114.0,1003.6,1003.6,2.7,5.1
2024-05-12 23:05:00+02:00,15.9,15.9,15.7,11.3,74.0,25.2,82.0,0.0,0.0,0.0,0.0,0.0,0.0,0.0,36.1,92.2,2.9,4.0,110.0,1003.7,1003.7,2.7,5.1
2024-05-12 23:10:00+02:00,16.2,16.2,15.9,10.7,70.0,25.2,82.0,0.0,0.0,0.0,0.0,0.0,0.0,0.0,36.1,92.2,3.0,4.3,100.0,1003.5,1003.5,2.7,5.1
2024-05-12 23:15:00+02:00,17.0,17.0,16.7,10.6,66.0,25.0,82.0,0.0,0.0,0.0,0.0,0.0,0.0,0.0,36.1,92.2,2.7,6.1,94.0,1003.8,1003.8,2.7,5.1
2024-05-12 23:20:00+02:00,17.4,17.4,17.0,10.5,64.0,24.9,82.0,0.0,0.0,0.0,0.0,0.0,0.0,0.0,36.1,92.2,2.4,6.5,92.0,1003.5,1003.5,2.7,5.1
2024-05-12 23:25:00+02:00,17.7,17.7,17.7,10.6,63.0,24.8,82.0,0.0,0.0,0.0,0.0,0.0,0.0,0.0,36.1,92.2,0.9,5.0,103.0,1003.5,1003.5,2.7,5.0
2024-05-12 23:30:00+02:00,17.8,17.8,17.4,10.2,61.0,24.8,82.0,0.0,0.0,0.0,0.0,0.0,0.0,0.0,36.1,92.2,2.7,6.1,90.0,1003.6,1003.6,2.7,5.0
2024-05-12 23:35:00+02:00,18.5,18.5,18.1,10.1,58.0,24.7,82.0,0.0,0.0,0.0,0.0,0.0,0.0,0.0,36.1,92.2,2.4,6.1,87.0,1003.7,1003.7,2.7,5.0
2024-05-12 23:40:00+02:00,18.3,18.3,18.0,10.3,60.0,24.6,83.0,0.0,0.0,0.0,0.0,0.0,0.0,0.0,36.1,92.2,1.8,5.0,95.0,1003.6,1003.6,2.7,5.0
2024-05-12 23:45:00+02:00,18.2,18.2,17.9,10.2,60.0,24.5,83.0,0.0,0.0,0.0,0.0,0.0,0.0,0.0,36.1,92.2,1.9,5.4,70.0,1003.6,1003.6,2.7,5.0
2024-05-12 23:50:00+02:00,18.4,18.4,17.6,10.2,59.0,24.4,83.0,0.0,0.0,0.0,0.0,0.0,0.0,0.0,36.1,92.2,4.8,7.9,82.0,1003.6,1003.6,2.7,5.0
2024-05-12 23:55:00+02:00,18.3,18.3,18.1,10.2,59.0,24.3,83.0,0.0,0.0,0.0,0.0,0.0,0.0,0.0,36.1,92.2,2.0,6.5,93.0,1003.6,1003.6,2.7,5.0
2024-05-13 00:00:00+02:00,18.1,18.1,18.0,10.3,60.0,24.2,83.0,0.0,0.0,0.0,0.0,0.0,0.0,0.0,36.1,92.2,1.0,3.6,78.0,1003.7,1003.7,2.7,5.0
2024-05-13 00:05:00+02:00,17.8,17.8,17.8,10.4,62.0,24.1,83.0,0.0,0.0,0.0,0.0,0.0,0.0,0.0,36.1,92.2,0.8,2.9,105.0,1003.7,1003.7,2.7,5.0
2024-05-13 00:10:00+02:00,17.7,17.7,17.6,10.6,63.0,24.1,83.0,0.0,0.0,0.0,0.0,0.0,0.0,0.0,36.1,92.2,1.5,8.3,98.0,1003.6,1003.6,2.7,5.0
2024-05-13 00:15:00+02:00,17.8,17.8,17.5,10.7,63.0,23.9,83.0,0.0,0.0,0.0,0.0,0.0,0.0,0.0,36.1,92.2,2.8,4.7,86.0,1003.6,1003.6,2.7,5.0
2024-05-13 00:20:00+02:00,17.8,17.8,17.4,10.9,64.0,23.9,83.0,0.0,0.0,0.0,0.0,0.0,0.0,0.0,36.1,92.2,3.5,6.5,109.0,1003.6,1003.6,2.7,5.0
2024-05-13 00:25:00+02:00,17.9,17.9,17.7,10.9,64.0,23.8,83.0,0.0,0.0,0.0,0.0,0.0,0.0,0.0,36.1,92.2,2.6,6.5,111.0,1003.5,1003.5,2.7,5.0
2024-05-13 00:30:00+02:00,17.8,17.8,17.7,11.0,65.0,23.7,83.0,0.0,0.0,0.0,0.0,0.0,0.0,0.0,36.1,92.2,2.4,6.5,96.0,1003.4,1003.4,2.7,5.0
2024-05-13 00:35:00+02:00,17.7,17.7,17.6,11.2,66.0,23.7,83.0,0.0,0.0,0.0,0.0,0.0,0.0,0.0,36.1,92.2,2.2,5.8,88.0,1003.4,1003.4,2.7,5.0
2024-05-13 00:40:00+02:00,17.7,17.7,17.5,11.2,66.0,23.6,83.0,0.0,0.0,0.0,0.0,0.0,0.0,0.0,36.1,92.2,2.9,5.8,111.0,1003.4,1003.4,2.7,5.0
2024-05-13 00:45:00+02:00,17.6,17.6,17.5,11.3,66.0,23.5,83.0,0.0,0.0,0.0,0.0,0.0,0.0,0.0,36.1,92.2,2.9,6.5,105.0,1003.4,1003.4,2.7,5.0
2024-05-13 00:50:00+02:00,17.6,17.6,17.3,11.2,66.0,23.4,83.0,0.0,0.0,0.0,0.0,0.0,0.0,0.0,36.1,92.2,3.2,6.1,99.0,1003.2,1003.2,2.7,5.0
2024-05-13 00:55:00+02:00,17.5,17.5,17.6,11.4,67.0,23.4,83.0,0.0,0.0,0.0,0.0,0.0,0.0,0.0,36.1,92.2,1.7,5.0,116.0,1003.2,1003.2,2.7,5.0
2024-05-13 01:00:00+02:00,17.5,17.5,17.3,11.3,67.0,23.3,83.0,0.0,0.0,0.0,0.0,0.0,0.0,0.0,36.1,92.2,2.8,6.1,106.0,1003.1,1003.1,2.7,5.0
2024-05-13 01:05:00+02:00,17.4,17.4,17.4,11.4,68.0,23.2,83.0,0.0,0.0,0.0,0.0,0.0,0.0,0.0,36.1,92.2,2.4,6.1,90.0,1003.0,1003.0,2.7,5.0
2024-05-13 01:10:00+02:00,17.4,17.4,17.4,11.4,68.0,23.2,83.0,0.0,0.0,0.0,0.0,0.0,0.0,0.0,36.1,92.2,2.4,5.4,93.0,1003.1,1003.1,2.7,5.0
2024-05-13 01:15:00+02:00,17.3,17.3,17.2,11.5,68.0,23.1,83.0,0.0,0.0,0.0,0.0,0.0,0.0,0.0,36.1,92.2,3.2,5.0,100.0,1003.1,1003.1,2.7,5.0
2024-05-13 01:20:00+02:00,17.3,17.3,17.0,11.5,69.0,23.0,83.0,0.0,0.0,0.0,0.0,0.0,0.0,0.0,36.1,92.2,4.2,6.8,109.0,1002.9,1002.9,2.7,5.0
2024-05-13 01:25:00+02:00,17.3,17.3,17.3,11.5,69.0,23.0,83.0,0.0,0.0,0.0,0.0,0.0,0.0,0.0,36.1,92.2,2.6,6.5,86.0,1002.9,1002.9,2.7,4.9
2024-05-13 01:30:00+02:00,17.2,17.2,17.2,11.4,68.0,22.9,83.0,0.0,0.0,0.0,0.0,0.0,0.0,0.0,36.1,92.2,2.3,6.5,102.0,1002.9,1002.9,2.7,4.9
2024-05-13 01:35:00+02:00,17.1,17.1,17.1,11.4,69.0,22.8,84.0,0.0,0.0,0.0,0.0,0.0,0.0,0.0,36.1,92.2,2.1,5.4,114.0,1002.9,1002.9,2.7,4.9
2024-05-13 01:40:00+02:00,17.0,17.0,16.7,11.4,69.0,22.8,84.0,0.0,0.0,0.0,0.0,0.0,0.0,0.0,36.1,92.2,3.8,5.8,108.0,1002.9,1002.9,2.7,4.9
2024-05-13 01:45:00+02:00,17.0,17.0,16.8,11.4,70.0,22.7,84.0,0.0,0.0,0.0,0.0,0.0,0.0,0.0,36.1,92.2,3.1,5.8,108.0,1002.8,1002.8,2.7,4.9
2024-05-13 01:50:00+02:00,17.1,17.1,17.0,11.3,69.0,22.7,84.0,0.0,0.0,0.0,0.0,0.0,0.0,0.0,36.1,92.2,2.2,4.7,107.0,1002.8,1002.8,2.7,4.9
2024-05-13 01:55:00+02:00,17.0,17.0,17.1,11.3,69.0,22.6,84.0,0.0,0.0,0.0,0.0,0.0,0.0,0.0,36.1,92.2,1.7,5.0,123.0,1002.8,1002.8,2.7,4.9
2024-05-13 02:00:00+02:00,17.1,17.1,17.1,11.4,69.0,22.5,84.0,0.0,0.0,0.0,0.0,0.0,0.0,0.0,36.1,92.2,2.1,7.2,93.0,1002.7,1002.7,2.7,4.9
2024-05-13 02:05:00+02:00,17.0,17.0,16.9,11.3,69.0,22.5,84.0,0.0,0.0,0.0,0.0,0.0,0.0,0.0,36.1,92.2,2.7,6.5,108.0,1002.8,1002.8,2.7,4.9
2024-05-13 02:10:00+02:00,17.0,17.0,17.0,11.2,68.0,22.4,84.0,0.0,0.0,0.0,0.0,0.0,0.0,0.0,36.1,92.2,2.2,6.1,106.0,1002.6,1002.6,2.7,4.9
2024-05-13 02:15:00+02:00,17.0,17.0,17.1,11.2,69.0,22.3,84.0,0.0,0.0,0.0,0.0,0.0,0.0,0.0,36.1,92.2,1.4,3.6,113.0,1002.7,1002.7,2.7,4.9
2024-05-13 02:20:00+02:00,16.8,16.8,16.9,11.1,69.0,22.3,84.0,0.0,0.0,0.0,0.0,0.0,0.0,0.0,36.1,92.2,1.4,3.6,107.0,1002.6,1002.6,2.7,4.9
2024-05-13 02:25:00+02:00,16.7,16.7,16.8,11.2,70.0,22.3,84.0,0.0,0.0,0.0,0.0,0.0,0.0,0.0,36.1,92.2,1.0,2.9,129.0,1002.6,1002.6,2.7,4.9
2024-05-13 02:30:00+02:00,16.4,16.4,16.8,11.3,72.0,22.2,84.0,0.0,0.0,0.0,0.0,0.0,0.0,0.0,36.1,92.2,0.4,2.2,144.0,1002.7,1002.7,2.7,4.9
2024-05-13 02:35:00+02:00,16.1,16.1,16.6,11.5,74.0,22.2,84.0,0.0,0.0,0.0,0.0,0.0,0.0,0.0,36.1,92.2,0.0,1.8,301.0,1002.7,1002.7,2.7,4.9
2024-05-13 02:40:00+02:00,15.8,15.8,16.1,11.4,75.0,22.1,84.0,0.0,0.0,0.0,0.0,0.0,0.0,0.0,36.1,92.2,0.9,3.6,281.0,1002.5,1002.5,2.7,4.9
2024-05-13 02:45:00+02:00,15.7,15.7,15.6,11.3,75.0,22.1,84.0,0.0,0.0,0.0,0.0,0.0,0.0,0.0,36.1,92.2,3.0,4.3,281.0,1002.6,1002.6,2.7,4.9
2024-05-13 02:50:00+02:00,15.7,15.7,15.5,11.4,76.0,22.0,84.0,0.0,0.0,0.0,0.0,0.0,0.0,0.0,36.1,92.2,3.1,4.7,286.0,1002.8,1002.8,2.7,4.9
2024-05-13 02:55:00+02:00,15.9,15.9,15.9,11.3,74.0,21.9,84.0,0.0,0.0,0.0,0.0,0.0,0.0,0.0,36.1,92.2,2.1,5.0,275.0,1003.0,1003.0,2.7,4.9
2024-05-13 03:00:00+02:00,16.1,16.1,16.3,11.4,74.0,21.9,84.0,0.0,0.0,0.0,0.0,0.0,0.0,0.0,36.1,92.2,1.2,2.9,54.0,1003.0,1003.0,2.7,4.9
2024-05-13 03:05:00+02:00,16.1,16.1,16.4,11.5,74.0,21.8,84.0,0.0,0.0,0.0,0.0,0.0,0.0,0.0,36.1,92.2,0.9,3.2,281.0,1003.0,1003.0,2.7,4.8
2024-05-13 03:10:00+02:00,15.7,15.7,15.9,11.7,77.0,21.8,84.0,0.0,0.0,0.0,0.0,0.0,0.0,0.0,36.1,92.2,1.9,4.0,298.0,1003.1,1003.1,2.7,4.8
2024-05-13 03:15:00+02:00,16.0,16.0,16.1,11.5,75.0,21.7,84.0,0.0,0.0,0.0,0.0,0.0,0.0,0.0,36.1,92.2,1.8,4.3,44.0,1003.0,1003.0,2.7,4.8
2024-05-13 03:20:00+02:00,16.2,16.2,16.5,11.6,74.0,21.7,84.0,0.0,0.0,0.0,0.0,0.0,0.0,0.0,36.1,92.2,0.8,3.6,103.0,1003.0,1003.0,2.7,4.8
2024-05-13 03:25:00+02:00,15.8,15.8,15.9,11.5,75.0,21.7,84.0,0.0,0.0,0.0,0.0,0.0,0.0,0.0,36.1,92.2,2.2,5.8,25.0,1003.0,1003.0,2.7,4.8
2024-05-13 03:30:00+02:00,15.9,15.9,16.0,11.4,75.0,21.6,84.0,0.0,0.0,0.0,0.0,0.0,0.0,0.0,36.1,92.2,2.1,5.8,13.0,1003.0,1003.0,2.7,4.8
2024-05-13 03:35:00+02:00,15.8,15.8,16.1,11.5,75.0,21.6,84.0,0.0,0.0,0.0,0.0,0.0,0.0,0.0,36.1,92.2,1.4,4.0,183.0,1003.1,1003.1,2.7,4.8
2024-05-13 03:40:00+02:00,15.8,15.8,15.7,11.5,75.0,21.5,84.0,0.0,0.0,0.0,0.0,0.0,0.0,0.0,36.1,92.2,3.0,5.0,78.0,1003.1,1003.1,2.7,4.8
2024-05-13 03:45:00+02:00,15.8,15.8,16.1,11.7,76.0,21.5,84.0,0.0,0.0,0.0,0.0,0.0,0.0,0.0,36.1,92.2,1.2,5.0,131.0,1003.0,1003.0,2.7,4.8
2024-05-13 03:50:00+02:00,15.5,15.5,15.6,11.5,77.0,21.5,84.0,0.0,0.0,0.0,0.0,0.0,0.0,0.0,36.1,92.2,1.8,4.0,87.0,1003.0,1003.0,2.7,4.8
2024-05-13 03:55:00+02:00,15.2,15.2,15.2,11.6,79.0,21.4,84.0,0.0,0.0,0.0,0.0,0.0,0.0,0.0,36.1,92.2,2.6,4.3,332.0,1003.0,1003.0,2.7,4.8
2024-05-13 04:00:00+02:00,15.2,15.2,15.4,11.5,79.0,21.4,84.0,0.0,0.0,0.0,0.0,0.0,0.0,0.0,36.1,92.2,1.1,4.3,42.0,1003.0,1003.0,2.7,4.8
2024-05-13 04:05:00+02:00,14.9,14.9,15.0,11.6,81.0,21.3,84.0,0.0,0.0,0.0,0.0,0.0,0.0,0.0,36.1,92.2,1.7,4.0,125.0,1002.9,1002.9,2.7,4.8
2024-05-13 04:10:00+02:00,14.7,14.7,15.0,11.5,81.0,21.3,84.0,0.0,0.0,0.0,0.0,0.0,0.0,0.0,36.1,92.2,0.9,3.2,256.0,1003.0,1003.0,2.7,4.8
2024-05-13 04:15:00+02:00,14.8,14.8,14.7,11.5,81.0,21.2,84.0,0.0,0.0,0.0,0.0,0.0,0.0,0.0,36.1,92.2,2.8,4.3,43.0,1003.1,1003.1,2.7,4.8
2024-05-13 04:20:00+02:00,14.9,14.9,15.3,11.5,80.0,21.2,84.0,0.0,0.0,0.0,0.0,0.0,0.0,0.0,36.1,92.2,0.4,2.9,99.0,1002.9,1002.9,2.7,4.8
2024-05-13 04:25:00+02:00,14.6,14.6,14.8,11.6,82.0,21.1,84.0,0.0,0.0,0.0,0.0,0.0,0.0,0.0,36.1,92.2,1.6,2.9,285.0,1002.9,1002.9,2.7,4.8
2024-05-13 04:30:00+02:00,14.4,14.4,14.8,11.5,83.0,21.1,84.0,0.0,0.0,0.0,0.0,0.0,0.0,0.0,36.1,92.2,0.5,2.5,303.0,1003.0,1003.0,2.7,4.8
2024-05-13 04:35:00+02:00,14.3,14.3,14.8,11.5,83.0,21.1,84.0,0.0,0.0,0.0,0.0,0.0,0.0,0.0,36.1,92.2,0.0,2.5,46.0,1002.9,1002.9,2.7,4.8
2024-05-13 04:40:00+02:00,14.4,14.4,14.5,11.6,83.0,21.0,84.0,0.0,0.0,0.0,0.0,0.0,0.0,0.0,36.1,92.2,1.9,3.6,98.0,1002.8,1002.8,2.7,4.8
2024-05-13 04:45:00+02:00,14.1,14.1,14.5,11.5,84.0,21.0,84.0,0.0,0.0,0.0,0.0,0.0,0.0,0.0,36.1,92.2,0.5,3.6,135.0,1002.9,1002.9,2.7,4.8
2024-05-13 04:50:00+02:00,14.0,14.0,14.0,11.4,85.0,20.9,84.0,0.0,0.0,0.0,0.0,0.0,0.0,0.0,36.1,92.2,2.1,4.0,118.0,1002.8,1002.8,2.7,4.8
2024-05-13 04:55:00+02:00,13.8,13.8,13.9,11.3,85.0,20.8,84.0,0.0,0.0,0.0,0.0,0.0,0.0,0.0,36.1,92.2,2.2,4.0,102.0,1002.8,1002.8,2.7,4.7
2024-05-13 05:00:00+02:00,13.9,13.9,13.7,11.4,85.0,20.8,84.0,0.0,0.0,0.0,0.0,0.0,0.0,0.0,36.1,92.2,2.9,4.0,119.0,1002.7,1002.7,2.7,4.7
2024-05-13 05:05:00+02:00,13.8,13.8,13.6,11.3,85.0,20.7,84.0,0.0,0.0,0.0,0.0,0.0,0.0,0.0,36.1,92.2,2.7,4.3,93.0,1002.7,1002.7,2.7,4.7
2024-05-13 05:10:00+02:00,13.8,13.8,13.7,11.4,86.0,20.7,84.0,0.1,0.0,0.0,0.0,0.0,0.0,0.0,36.1,92.2,3.0,4.3,136.0,1002.6,1002.6,2.7,4.7
2024-05-13 05:15:00+02:00,13.5,13.5,13.3,11.3,86.0,20.6,84.0,0.2,0.0,0.0,0.0,0.0,0.0,0.0,36.1,92.2,2.9,3.6,122.0,1002.7,1002.7,2.7,4.7
2024-05-13 05:20:00+02:00,13.6,13.6,13.6,11.2,85.0,20.5,84.0,0.3,0.0,0.0,0.0,0.0,0.0,0.0,36.1,92.2,2.2,3.6,115.0,1002.5,1002.5,2.7,4.7
2024-05-13 05:25:00+02:00,13.7,13.7,13.6,11.1,84.0,20.5,84.0,0.6,0.0,0.0,0.0,0.0,0.0,0.0,36.1,92.2,2.6,4.0,127.0,1002.5,1002.5,2.7,4.7
2024-05-13 05:30:00+02:00,13.8,13.8,13.8,10.9,83.0,20.4,84.0,1.0,0.0,0.0,0.0,0.0,0.0,0.0,36.1,92.2,1.4,3.2,124.0,1002.5,1002.5,2.7,4.7
2024-05-13 05:35:00+02:00,13.9,13.9,13.8,10.7,81.0,20.4,84.0,1.2,0.0,0.0,0.0,0.0,0.0,0.0,36.1,92.2,1.8,2.9,105.0,1002.7,1002.7,2.7,4.7
2024-05-13 05:45:00+02:00,14.4,14.4,14.5,10.9,80.0,20.3,84.0,4.0,0.0,0.0,0.0,0.0,0.0,0.0,36.1,92.2,1.1,4.7,138.0,1002.6,1002.6,2.7,4.7
2024-05-13 05:50:00+02:00,14.7,14.7,14.4,10.7,77.0,20.2,84.0,6.0,0.0,0.0,0.0,0.0,0.0,0.0,36.1,92.2,2.8,3.6,90.0,1002.7,1002.7,2.7,4.7
2024-05-13 05:55:00+02:00,15.1,15.1,15.0,10.9,76.0,20.2,84.0,9.0,0.0,0.0,0.0,0.0,0.0,0.0,36.1,92.2,2.2,4.7,118.0,1002.5,1002.5,2.7,4.7
2024-05-13 06:00:00+02:00,14.8,14.8,14.6,10.9,78.0,20.1,84.0,11.2,0.0,0.0,0.0,0.0,0.0,0.0,36.1,92.2,2.2,4.0,118.0,1002.5,1002.5,2.7,4.7
2024-05-13 06:05:00+02:00,14.8,14.8,14.7,11.0,78.0,20.1,84.0,13.3,0.0,0.0,0.0,0.0,0.0,0.0,36.1,92.2,2.4,4.3,113.0,1002.5,1002.5,2.7,4.7
2024-05-13 06:10:00+02:00,15.1,15.1,15.3,11.0,76.0,20.1,84.0,14.1,0.0,0.0,0.0,0.0,0.0,0.0,36.1,92.2,0.9,3.6,136.0,1002.6,1002.6,2.7,4.7
2024-05-13 06:15:00+02:00,15.2,15.2,15.0,10.9,76.0,20.0,84.0,17.1,0.0,0.0,0.0,0.0,0.0,0.0,36.1,92.2,2.4,5.0,137.0,1002.7,1002.7,2.7,4.7
2024-05-13 06:20:00+02:00,15.5,15.5,15.1,11.2,75.0,20.0,84.0,22.5,0.0,0.0,0.0,0.0,0.0,0.0,36.1,92.2,4.3,7.9,109.0,1002.8,1002.8,2.7,4.7
2024-05-13 06:25:00+02:00,15.7,15.7,15.4,11.1,74.0,20.0,84.0,28.2,0.0,0.0,0.0,0.0,0.0,0.0,36.1,92.2,3.5,7.9,110.0,1002.8,1002.8,2.7,4.7
2024-05-13 06:30:00+02:00,16.0,16.0,15.6,11.1,73.0,20.0,84.0,32.0,0.0,0.0,0.0,0.0,0.0,0.0,36.1,92.2,3.6,6.5,112.0,1002.8,1002.8,2.7,4.7
2024-05-13 06:35:00+02:00,16.1,16.1,16.0,11.1,72.0,20.0,84.0,35.0,0.0,0.0,0.0,0.0,0.0,0.0,36.1,92.2,2.3,7.6,106.0,1002.8,1002.8,2.7,4.7
2024-05-13 06:40:00+02:00,16.3,16.3,16.1,11.0,71.0,20.0,84.0,36.8,0.0,0.0,0.0,0.0,0.0,0.0,36.1,92.2,3.0,7.6,119.0,1002.7,1002.7,2.7,4.7
2024-05-13 06:45:00+02:00,16.5,16.5,16.3,11.0,70.0,20.0,85.0,40.6,0.0,0.0,0.0,0.0,0.0,0.0,36.1,92.2,2.7,5.0,121.0,1002.7,1002.7,2.7,4.7
2024-05-13 06:50:00+02:00,16.6,16.6,16.3,11.1,70.0,20.0,85.0,42.6,0.0,0.0,0.0,0.0,0.0,0.0,36.1,92.2,3.3,6.1,114.0,1002.7,1002.7,2.7,4.7
2024-05-13 06:55:00+02:00,16.7,16.7,16.7,11.1,69.0,20.0,85.0,43.4,0.0,0.0,0.0,0.0,0.0,0.0,36.1,92.2,1.9,4.0,84.0,1002.8,1002.8,2.7,4.7
2024-05-13 07:00:00+02:00,16.8,16.8,16.6,11.2,69.0,20.0,85.0,44.0,0.0,0.0,0.0,0.0,0.0,0.0,36.1,92.2,3.2,6.1,125.0,1002.8,1002.8,2.7,4.7
2024-05-13 07:05:00+02:00,16.9,16.9,17.0,11.2,69.0,20.0,85.0,47.7,0.0,0.0,0.0,0.0,0.0,0.0,36.1,92.2,1.8,4.3,117.0,1002.8,1002.8,2.7,4.7
2024-05-13 07:10:00+02:00,17.1,17.1,17.1,11.1,68.0,20.0,85.0,54.7,0.0,0.0,0.0,0.0,0.0,0.0,36.1,92.2,1.9,4.0,78.0,1002.9,1002.9,2.7,4.7
2024-05-13 07:15:00+02:00,17.3,17.3,17.4,11.5,69.0,20.1,85.0,65.0,0.0,0.0,0.0,0.0,0.0,0.0,36.1,92.2,1.9,4.3,131.0,1002.9,1002.9,2.7,4.7
2024-05-13 07:20:00+02:00,17.6,17.6,17.5,11.3,67.0,20.1,85.0,66.4,0.0,0.0,0.0,0.0,0.0,0.0,36.1,92.2,2.7,7.2,115.0,1002.9,1002.9,2.7,4.7
2024-05-13 07:25:00+02:00,17.7,17.7,18.0,11.5,67.0,20.1,85.0,72.0,0.0,0.0,0.0,0.0,0.0,0.0,36.1,92.2,1.2,5.8,96.0,1002.9,1002.9,2.7,4.8
2024-05-13 07:30:00+02:00,18.0,18.0,18.3,11.4,65.0,20.2,85.0,76.5,0.0,0.0,0.0,0.0,0.0,0.0,36.1,92.2,1.1,5.8,126.0,1002.8,1002.8,2.7,4.8
2024-05-13 07:35:00+02:00,18.3,18.3,18.8,11.7,66.0,20.2,85.0,75.8,0.0,0.0,0.0,0.0,0.0,0.0,36.1,92.2,0.0,2.9,120.0,1002.8,1002.8,2.7,4.8
2024-05-13 07:40:00+02:00,18.4,18.4,18.9,12.1,67.0,20.2,85.0,76.6,0.0,0.0,0.0,0.0,0.0,0.0,36.1,92.2,0.4,2.9,134.0,1002.9,1002.9,2.7,4.8
2024-05-13 07:45:00+02:00,18.6,18.6,18.8,11.7,64.0,20.3,86.0,83.8,0.0,0.0,0.0,0.0,0.0,0.0,36.1,92.2,1.3,3.6,96.0,1002.9,1002.9,2.7,4.8
2024-05-13 07:50:00+02:00,18.7,18.7,19.1,12.0,65.0,20.3,86.0,89.3,0.0,0.0,0.0,0.0,0.0,0.0,36.1,92.2,1.2,2.9,133.0,1002.9,1002.9,2.7,4.8
2024-05-13 07:55:00+02:00,19.0,19.0,19.8,12.6,66.0,20.4,86.0,84.1,0.0,0.0,0.0,0.0,0.0,0.0,36.1,92.2,0.4,2.2,101.0,1002.9,1002.9,2.7,4.9
2024-05-13 08:00:00+02:00,19.3,19.3,20.0,12.4,64.0,20.5,86.0,83.0,0.0,0.0,0.0,0.0,0.0,0.0,36.1,92.2,0.0,1.8,108.0,1002.9,1002.9,2.7,4.9
2024-05-13 08:05:00+02:00,19.4,19.4,19.6,11.6,61.0,20.5,86.0,86.2,0.0,0.0,0.0,0.0,0.0,0.0,36.1,92.2,1.8,4.7,135.0,1002.8,1002.8,2.7,4.9
2024-05-13 08:10:00+02:00,19.6,19.6,19.6,11.3,59.0,20.6,86.0,90.2,0.0,0.0,0.0,0.0,0.0,0.0,36.1,92.2,1.9,5.8,171.0,1002.9,1002.9,2.7,4.9
2024-05-13 08:15:00+02:00,19.8,19.8,19.6,11.3,58.0,20.7,87.0,102.3,0.0,0.0,0.0,0.0,0.0,0.0,36.1,92.2,3.0,6.5,127.0,1002.9,1002.9,2.7,4.9
2024-05-13 08:20:00+02:00,19.8,19.8,19.3,11.3,58.0,20.8,87.0,136.7,1.0,0.0,0.0,0.0,0.0,0.0,36.1,92.2,4.6,10.8,127.0,1002.9,1002.9,2.7,4.9
2024-05-13 08:25:00+02:00,19.8,19.8,19.9,11.7,60.0,20.9,87.0,203.2,1.0,0.0,0.0,0.0,0.0,0.0,36.1,92.2,1.9,5.8,151.0,1002.9,1002.9,2.7,5.0
2024-05-13 08:30:00+02:00,19.8,19.8,19.7,11.4,58.0,21.0,87.0,119.3,1.0,0.0,0.0,0.0,0.0,0.0,36.1,92.2,3.0,5.8,127.0,1002.8,1002.8,2.7,5.0
2024-05-13 08:35:00+02:00,19.6,19.6,19.7,11.7,60.0,21.1,87.0,105.8,0.0,0.0,0.0,0.0,0.0,0.0,36.1,92.2,2.2,6.1,146.0,1002.8,1002.8,2.7,5.0
2024-05-13 08:40:00+02:00,19.3,19.3,18.8,11.9,62.0,21.2,87.0,150.0,1.0,0.0,0.0,0.0,0.0,0.0,36.1,92.2,6.0,10.8,136.0,1002.8,1002.8,2.7,5.0
2024-05-13 08:45:00+02:00,19.5,19.5,18.5,10.9,57.0,21.2,87.0,246.1,2.0,0.0,0.0,0.0,0.0,0.0,36.1,92.2,6.5,13.7,131.0,1002.8,1002.8,2.7,5.1
2024-05-13 08:50:00+02:00,19.8,19.8,19.3,11.0,57.0,21.3,87.0,270.3,2.0,0.0,0.0,0.0,0.0,0.0,36.1,92.2,4.3,9.4,133.0,1002.8,1002.8,2.7,5.1
2024-05-13 08:55:00+02:00,20.1,20.1,18.6,10.8,55.0,21.4,88.0,266.8,2.0,0.0,0.0,0.0,0.0,0.0,36.1,92.2,9.1,14.4,123.0,1002.8,1002.8,2.7,5.2
2024-05-13 09:00:00+02:00,20.2,20.2,19.5,11.1,56.0,21.7,88.0,268.4,2.0,0.0,0.0,0.0,0.0,0.0,36.1,92.2,5.3,12.6,124.0,1002.8,1002.8,2.7,5.2
2024-05-13 09:05:00+02:00,20.5,20.5,19.8,11.3,56.0,21.9,88.0,268.4,2.0,0.0,0.0,0.0,0.0,0.0,36.1,92.2,5.8,13.3,129.0,1002.9,1002.9,2.7,5.2
2024-05-13 09:10:00+02:00,20.8,20.8,20.3,11.5,55.0,22.2,88.0,270.4,2.0,0.0,0.0,0.0,0.0,0.0,36.1,92.2,4.5,9.0,129.0,1002.8,1002.8,2.7,5.2
2024-05-13 09:15:00+02:00,20.6,20.6,19.8,11.3,55.0,22.3,88.0,281.3,2.0,0.0,0.0,0.0,0.0,0.0,36.1,92.2,6.3,10.8,126.0,1003.0,1003.0,2.7,5.2
2024-05-13 09:20:00+02:00,20.6,20.6,19.9,11.2,55.0,22.5,89.0,308.5,2.0,0.0,0.0,0.0,0.0,0.0,36.1,92.2,5.8,9.7,129.0,1002.8,1002.8,2.7,5.2
2024-05-13 09:25:00+02:00,20.8,20.8,20.0,11.4,55.0,22.7,88.0,312.6,2.0,0.0,0.0,0.0,0.0,0.0,36.1,92.2,6.4,14.8,132.0,1002.8,1002.8,2.7,5.2
2024-05-13 09:30:00+02:00,20.8,20.8,19.2,11.1,54.0,23.0,88.0,311.9,2.0,0.0,0.0,0.0,0.0,0.0,36.1,92.2,10.0,19.4,127.0,1002.9,1002.9,2.7,5.2
2024-05-13 09:35:00+02:00,20.4,20.4,18.6,11.1,55.0,23.1,88.0,311.1,2.0,0.0,0.0,0.0,0.0,0.0,36.1,92.2,11.0,18.4,127.0,1002.7,1002.7,2.7,5.2
2024-05-13 09:40:00+02:00,20.6,20.6,19.7,11.4,56.0,23.3,88.0,317.4,2.0,0.0,0.0,0.0,0.0,0.0,36.1,92.2,6.9,15.5,127.0,1002.8,1002.8,2.7,5.2
2024-05-13 09:45:00+02:00,20.9,20.9,20.2,11.6,55.0,23.6,88.0,321.1,2.0,0.0,0.0,0.0,0.0,0.0,36.1,92.2,6.3,14.4,133.0,1002.8,1002.8,2.7,5.3
2024-05-13 09:50:00+02:00,21.5,21.5,20.9,11.4,53.0,23.8,88.0,326.9,3.0,0.0,0.0,0.0,0.0,0.0,36.1,92.2,5.2,10.1,142.0,1002.8,1002.8,2.7,5.3
2024-05-13 09:55:00+02:00,21.6,21.6,21.1,11.7,53.0,24.1,88.0,338.4,3.0,0.0,0.0,0.0,0.0,0.0,36.1,92.2,5.3,9.7,136.0,1002.8,1002.8,2.7,5.3
2024-05-13 10:00:00+02:00,21.5,21.5,20.6,11.9,54.0,24.3,88.0,345.6,3.0,0.0,0.0,0.0,0.0,0.0,36.1,92.2,7.7,15.5,130.0,1002.7,1002.7,2.7,5.3
2024-05-13 10:05:00+02:00,21.3,21.3,20.2,11.4,53.0,24.5,88.0,356.0,3.0,0.0,0.0,0.0,0.0,0.0,36.1,92.2,7.7,13.3,124.0,1002.8,1002.8,2.7,5.3
2024-05-13 10:10:00+02:00,21.6,21.6,21.1,11.7,53.0,24.8,88.0,363.9,3.0,0.0,0.0,0.0,0.0,0.0,36.1,92.2,5.5,13.3,131.0,1002.8,1002.8,2.7,5.3
2024-05-13 10:15:00+02:00,21.7,21.7,20.6,11.5,52.0,25.0,87.0,372.9,3.0,0.0,0.0,0.0,0.0,0.0,36.1,92.2,7.6,14.0,126.0,1002.7,1002.7,2.7,5.3
2024-05-13 10:20:00+02:00,22.0,22.0,21.3,12.0,53.0,25.3,87.0,380.0,3.0,0.0,0.0,0.0,0.0,0.0,36.1,92.2,6.4,13.3,132.0,1002.7,1002.7,2.7,5.3
2024-05-13 10:25:00+02:00,22.2,22.2,21.9,11.5,51.0,25.5,87.0,390.9,3.0,0.0,0.0,0.0,0.0,0.0,36.1,92.2,3.7,10.1,110.0,1002.7,1002.7,2.7,5.3
2024-05-13 10:30:00+02:00,22.9,22.9,22.8,11.5,49.0,25.8,87.0,404.1,3.0,0.0,0.0,0.0,0.0,0.0,36.1,92.2,2.4,16.9,215.0,1002.6,1002.6,2.7,5.3
2024-05-13 10:35:00+02:00,23.2,23.2,22.8,11.7,48.0,25.9,87.0,413.6,3.0,0.0,0.0,0.0,0.0,0.0,36.1,92.2,4.9,6.8,118.0,1002.7,1002.7,2.7,5.3
2024-05-13 10:40:00+02:00,23.0,23.0,22.4,12.2,51.0,26.2,86.0,425.0,3.0,0.0,0.0,0.0,0.0,0.0,36.1,92.2,6.4,14.0,137.0,1002.6,1002.6,2.7,5.3
2024-05-13 10:45:00+02:00,22.6,22.6,21.5,11.5,50.0,26.4,86.0,431.1,4.0,0.0,0.0,0.0,0.0,0.0,36.1,92.2,7.9,16.2,125.0,1002.5,1002.5,2.7,5.3
2024-05-13 10:50:00+02:00,22.6,22.6,21.7,11.7,50.0,26.7,86.0,445.2,4.0,0.0,0.0,0.0,0.0,0.0,36.1,92.2,7.7,19.1,133.0,1002.5,1002.5,2.7,5.3
2024-05-13 10:55:00+02:00,22.4,22.4,21.4,11.5,50.0,26.9,86.0,453.8,4.0,0.0,0.0,0.0,0.0,0.0,36.1,92.2,7.9,19.1,120.0,1002.6,1002.6,2.7,5.3
2024-05-13 11:00:00+02:00,22.6,22.6,21.5,11.9,51.0,27.1,85.0,461.6,4.0,0.0,0.0,0.0,0.0,0.0,36.1,92.2,8.8,20.5,126.0,1002.5,1002.5,2.7,5.3
2024-05-13 11:05:00+02:00,22.9,22.9,22.0,12.1,50.0,27.3,85.0,468.0,4.0,0.0,0.0,0.0,0.0,0.0,36.1,92.2,7.9,16.2,131.0,1002.5,1002.5,2.7,5.3
2024-05-13 11:10:00+02:00,23.1,23.1,23.1,12.4,51.0,27.6,85.0,472.0,4.0,0.0,0.0,0.0,0.0,0.0,36.1,92.2,4.0,16.2,127.0,1002.4,1002.4,2.7,5.3
2024-05-13 11:15:00+02:00,23.2,23.2,22.0,12.1,50.0,27.8,84.0,482.6,4.0,0.0,0.0,0.0,0.0,0.0,36.1,92.2,9.4,15.1,121.0,1002.4,1002.4,2.7,5.3
2024-05-13 11:20:00+02:00,23.1,23.1,22.7,12.2,50.0,28.1,84.0,489.1,4.0,0.0,0.0,0.0,0.0,0.0,36.1,92.2,5.5,16.2,120.0,1002.4,1002.4,2.7,5.3
2024-05-13 11:25:00+02:00,23.4,23.4,22.8,12.4,50.0,28.3,84.0,496.8,4.0,0.0,0.0,0.0,0.0,0.0,36.1,92.2,6.9,16.2,142.0,1002.4,1002.4,2.7,5.3
2024-05-13 11:30:00+02:00,23.6,23.6,23.1,12.6,50.0,28.5,84.0,498.4,4.0,0.0,0.0,0.0,0.0,0.0,36.1,92.2,6.6,16.2,132.0,1002.3,1002.3,2.7,5.3
2024-05-13 11:35:00+02:00,23.6,23.6,23.5,12.5,50.0,28.7,84.0,538.2,5.0,0.0,0.0,0.0,0.0,0.0,36.1,92.2,4.2,13.3,127.0,1002.3,1002.3,2.68,5.3
2024-05-13 11:40:00+02:00,24.0,24.0,23.9,12.6,49.0,28.9,84.0,536.2,4.0,0.0,0.0,0.0,0.0,0.0,36.1,92.2,4.3,8.6,128.0,1002.2,1002.2,2.68,5.3
2024-05-13 11:45:00+02:00,24.0,24.0,23.5,12.3,48.0,29.0,83.0,445.5,4.0,0.0,0.0,0.0,0.0,0.0,36.1,92.2,6.0,15.5,133.0,1002.2,1002.2,2.68,5.3
2024-05-13 11:50:00+02:00,23.4,23.4,22.1,12.2,50.0,29.2,83.0,353.4,3.0,0.0,0.0,0.0,0.0,0.0,36.1,92.2,9.9,18.4,134.0,1002.2,1002.2,2.68,5.3
2024-05-13 11:55:00+02:00,23.1,23.1,22.2,12.2,50.0,29.4,83.0,377.8,3.0,0.0,0.0,0.0,0.0,0.0,36.1,92.2,8.1,19.4,144.0,1002.2,1002.2,2.7,5.3
2024-05-13 12:00:00+02:00,23.3,23.3,22.5,11.8,48.0,29.5,83.0,355.7,3.0,0.0,0.0,0.0,0.0,0.0,36.1,92.2,6.8,14.0,128.0,1002.2,1002.2,2.7,5.3
2024-05-13 12:05:00+02:00,23.6,23.6,23.6,12.1,49.0,29.6,82.0,252.8,2.0,0.0,0.0,0.0,0.0,0.0,36.1,92.2,3.3,7.2,126.0,1002.0,1002.0,2.7,5.3
2024-05-13 12:10:00+02:00,23.4,23.4,23.1,12.3,50.0,29.7,82.0,284.3,2.0,0.0,0.0,0.0,0.0,0.0,36.1,92.2,5.4,9.4,142.0,1002.0,1002.0,2.7,5.3
2024-05-13 12:15:00+02:00,23.5,23.5,22.8,12.4,50.0,29.7,82.0,372.1,3.0,0.0,0.0,0.0,0.0,0.0,36.1,92.2,7.6,15.1,134.0,1002.1,1002.1,2.7,5.3
2024-05-13 12:20:00+02:00,23.5,23.5,22.9,12.3,49.0,29.8,82.0,402.1,3.0,0.0,0.0,0.0,0.0,0.0,36.1,92.2,6.8,18.0,113.0,1002.0,1002.0,2.7,5.3
2024-05-13 12:25:00+02:00,23.6,23.6,22.7,11.9,48.0,29.8,82.0,377.5,3.0,0.0,0.0,0.0,0.0,0.0,36.1,92.2,7.5,16.2,139.0,1002.0,1002.0,2.7,5.3
2024-05-13 12:30:00+02:00,23.6,23.6,22.6,12.3,49.0,29.9,82.0,349.2,3.0,0.0,0.0,0.0,0.0,0.0,36.1,92.2,8.7,17.6,141.0,1002.0,1002.0,2.7,5.3
2024-05-13 12:35:00+02:00,23.7,23.7,22.4,12.4,49.0,29.9,82.0,722.5,6.0,0.0,0.0,0.0,0.0,0.0,36.1,92.2,10.5,17.6,130.0,1002.0,1002.0,2.7,5.3
2024-05-13 12:40:00+02:00,24.3,24.3,23.5,12.6,48.0,30.0,82.0,694.4,6.0,0.0,0.0,0.0,0.0,0.0,36.1,92.2,8.5,19.4,132.0,1002.0,1002.0,2.7,5.3
2024-05-13 12:45:00+02:00,24.2,24.2,22.3,12.2,47.0,30.0,82.0,494.2,4.0,0.0,0.0,0.0,0.0,0.0,36.1,92.2,13.0,21.2,130.0,1001.9,1001.9,2.7,5.3
2024-05-13 12:50:00+02:00,23.8,23.8,23.2,12.3,49.0,30.1,82.0,541.9,5.0,0.0,0.0,0.0,0.0,0.0,36.1,92.2,6.8,15.1,138.0,1002.0,1002.0,2.7,5.3
2024-05-13 12:55:00+02:00,24.1,24.1,23.6,13.0,50.0,30.2,82.0,568.5,5.0,0.0,0.0,0.0,0.0,0.0,36.1,92.2,7.1,11.9,135.0,1001.8,1001.8,2.7,5.3
2024-05-13 13:00:00+02:00,23.8,23.8,22.8,12.6,49.0,30.3,82.0,349.2,3.0,0.0,0.0,0.0,0.0,0.0,36.1,92.2,9.0,16.6,127.0,1001.8,1001.8,2.7,5.3
2024-05-13 13:05:00+02:00,23.8,23.8,23.8,12.5,49.0,30.3,82.0,369.1,3.0,0.0,0.0,0.0,0.0,0.0,36.1,92.2,3.8,11.9,129.0,1001.8,1001.8,2.7,5.3
2024-05-13 13:10:00+02:00,23.8,23.8,23.5,12.9,50.0,30.3,82.0,259.8,2.0,0.0,0.0,0.0,0.0,0.0,36.1,92.2,5.9,16.6,140.0,1001.8,1001.8,2.7,5.3
2024-05-13 13:15:00+02:00,23.8,23.8,24.2,12.9,50.0,30.4,82.0,245.2,2.0,0.0,0.0,0.0,0.0,0.0,36.1,92.2,2.2,8.6,89.0,1001.8,1001.8,2.7,5.3
2024-05-13 13:20:00+02:00,23.8,23.8,23.4,13.1,51.0,30.4,83.0,250.4,2.0,0.0,0.0,0.0,0.0,0.0,36.1,92.2,7.0,13.3,116.0,1001.7,1001.7,2.7,5.3
2024-05-13 13:25:00+02:00,23.7,23.7,23.1,13.2,52.0,30.4,82.0,252.8,2.0,0.0,0.0,0.0,0.0,0.0,36.1,92.2,7.8,15.8,124.0,1001.8,1001.8,2.7,5.3
2024-05-13 13:30:00+02:00,23.5,23.5,22.9,13.0,52.0,30.4,82.0,283.5,2.0,0.0,0.0,0.0,0.0,0.0,36.1,92.2,7.8,15.5,121.0,1001.8,1001.8,2.7,5.3
2024-05-13 13:35:00+02:00,23.7,23.7,23.1,13.3,52.0,30.4,83.0,376.9,3.0,0.0,0.0,0.0,0.0,0.0,36.1,92.2,8.1,13.3,133.0,1001.7,1001.7,2.7,5.3
2024-05-13 13:40:00+02:00,24.1,24.1,23.9,13.0,50.0,30.4,83.0,391.0,3.0,0.0,0.0,0.0,0.0,0.0,36.1,92.2,6.1,14.8,141.0,1001.8,1001.8,2.7,5.3
2024-05-13 13:45:00+02:00,23.9,23.9,22.8,12.8,50.0,30.4,83.0,723.4,6.0,0.0,0.0,0.0,0.0,0.0,36.1,92.2,9.9,20.9,141.0,1001.7,1001.7,2.7,5.3
2024-05-13 13:50:00+02:00,23.4,23.4,21.6,12.4,50.0,30.3,83.0,302.8,2.0,0.0,0.0,0.0,0.0,0.0,36.1,92.2,13.0,21.2,124.0,1001.8,1001.8,2.7,5.3
2024-05-13 13:55:00+02:00,23.2,23.2,22.7,12.6,51.0,30.3,83.0,306.9,2.0,0.0,0.0,0.0,0.0,0.0,36.1,92.2,6.2,18.4,136.0,1001.8,1001.8,2.7,5.3
2024-05-13 14:00:00+02:00,23.5,23.5,22.7,12.8,51.0,30.3,83.0,349.6,3.0,0.0,0.0,0.0,0.0,0.0,36.1,92.2,8.7,19.4,130.0,1001.9,1001.9,2.7,5.3
2024-05-13 14:05:00+02:00,23.4,23.4,23.2,12.8,51.0,30.3,83.0,325.7,3.0,0.0,0.0,0.0,0.0,0.0,36.1,92.2,5.8,14.0,130.0,1001.7,1001.7,2.7,5.3
2024-05-13 14:10:00+02:00,23.5,23.5,23.0,13.0,52.0,30.3,83.0,299.3,2.0,0.0,0.0,0.0,0.0,0.0,36.1,92.2,7.3,13.7,118.0,1001.8,1001.8,2.7,5.3
2024-05-13 14:15:00+02:00,23.3,23.3,22.7,12.6,51.0,30.3,83.0,269.7,2.0,0.0,0.0,0.0,0.0,0.0,36.1,92.2,7.0,17.6,131.0,1001.6,1001.6,2.7,5.3
2024-05-13 14:20:00+02:00,23.2,23.2,22.8,12.7,52.0,30.3,83.0,247.0,2.0,0.0,0.0,0.0,0.0,0.0,36.1,92.2,6.3,12.2,131.0,1001.6,1001.6,2.7,5.3
2024-05-13 14:25:00+02:00,23.2,23.2,23.0,12.6,51.0,30.3,83.0,256.4,2.0,0.0,0.0,0.0,0.0,0.0,36.1,92.2,4.8,10.1,129.0,1001.5,1001.5,2.7,5.3
2024-05-13 14:30:00+02:00,23.3,23.3,23.1,12.8,51.0,30.3,83.0,314.6,2.0,0.0,0.0,0.0,0.0,0.0,36.1,92.2,5.9,11.9,133.0,1001.5,1001.5,2.7,5.3
2024-05-13 14:35:00+02:00,23.7,23.7,24.0,12.9,51.0,30.3,83.0,306.0,2.0,0.0,0.0,0.0,0.0,0.0,36.1,92.2,3.0,6.8,116.0,1001.5,1001.5,2.7,5.3
2024-05-13 14:40:00+02:00,24.2,24.2,24.9,14.1,53.0,30.3,83.0,294.5,2.0,0.0,0.0,0.0,0.0,0.0,36.1,92.2,2.7,6.1,134.0,1001.3,1001.3,2.7,5.3
2024-05-13 14:45:00+02:00,24.4,24.4,24.7,13.3,50.0,30.3,83.0,640.2,5.0,0.0,0.0,0.0,0.0,0.0,36.1,92.2,4.2,10.4,136.0,1001.3,1001.3,2.7,5.3
2024-05-13 14:50:00+02:00,25.3,25.3,25.8,13.7,48.0,30.4,83.0,653.2,6.0,0.0,0.0,0.0,0.0,0.0,36.1,92.2,3.7,10.4,118.0,1001.2,1001.2,2.7,5.3
2024-05-13 14:55:00+02:00,25.7,25.7,25.2,13.5,47.0,30.5,83.0,593.3,5.0,0.0,0.0,0.0,0.0,0.0,36.1,92.2,7.8,14.8,134.0,1001.1,1001.1,2.68,5.3
2024-05-13 15:00:00+02:00,25.8,25.8,25.4,13.1,45.0,30.6,83.0,566.1,5.0,0.0,0.0,0.0,0.0,0.0,36.1,92.2,7.0,15.5,139.0,1001.1,1001.1,2.68,5.3
2024-05-13 15:05:00+02:00,25.5,25.5,25.0,13.0,46.0,30.7,83.0,585.5,5.0,0.0,0.0,0.0,0.0,0.0,36.1,92.2,7.3,15.8,127.0,1001.1,1001.1,2.68,5.3
2024-05-13 15:10:00+02:00,25.8,25.8,25.8,13.5,47.0,30.7,83.0,589.4,5.0,0.0,0.0,0.0,0.0,0.0,36.1,92.2,5.7,15.8,153.0,1001.0,1001.0,2.68,5.3
2024-05-13 15:15:00+02:00,26.3,26.3,25.2,12.9,44.0,30.8,83.0,557.5,5.0,0.0,0.0,0.0,0.0,0.0,36.1,92.2,10.2,22.7,142.0,1000.9,1000.9,2.68,5.3
2024-05-13 15:20:00+02:00,24.7,24.7,24.3,12.9,48.0,30.9,83.0,506.4,4.0,0.0,0.0,0.0,0.0,0.0,36.1,92.2,6.3,25.2,123.0,1000.9,1000.9,2.68,5.3
2024-05-13 15:25:00+02:00,24.5,24.5,23.2,12.6,48.0,30.9,83.0,561.3,5.0,0.0,0.0,0.0,0.0,0.0,36.1,92.2,10.5,20.2,131.0,1001.0,1001.0,2.68,5.3
2024-05-13 15:30:00+02:00,25.0,25.0,25.0,13.6,49.0,30.9,83.0,563.0,5.0,0.0,0.0,0.0,0.0,0.0,36.1,92.2,5.4,15.8,117.0,1000.8,1000.8,2.68,5.3
2024-05-13 15:35:00+02:00,25.2,25.2,24.5,12.6,46.0,30.9,83.0,553.6,5.0,0.0,0.0,0.0,0.0,0.0,36.1,92.2,7.9,16.9,131.0,1000.9,1000.9,2.68,5.3
2024-05-13 15:40:00+02:00,25.6,25.6,25.3,12.4,44.0,30.9,83.0,544.9,5.0,0.0,0.0,0.0,0.0,0.0,36.1,92.2,5.1,10.4,165.0,1000.8,1000.8,2.68,5.3
2024-05-13 15:45:00+02:00,25.6,25.6,25.0,12.6,44.0,30.9,83.0,537.7,4.0,0.0,0.0,0.0,0.0,0.0,36.1,92.2,7.3,16.6,131.0,1000.7,1000.7,2.68,5.3
2024-05-13 15:50:00+02:00,25.8,25.8,25.2,12.7,44.0,31.0,83.0,535.7,4.0,0.0,0.0,0.0,0.0,0.0,36.1,92.2,7.0,13.3,123.0,1000.6,1000.6,2.68,5.3
2024-05-13 15:55:00+02:00,26.1,26.1,26.4,13.2,45.0,31.0,83.0,525.3,4.0,0.0,0.0,0.0,0.0,0.0,36.1,92.2,3.6,13.3,113.0,1000.6,1000.6,2.68,5.3
2024-05-13 16:00:00+02:00,26.0,26.0,25.1,12.3,43.0,31.0,83.0,513.2,4.0,0.0,0.0,0.0,0.0,0.0,36.1,92.2,8.6,22.0,136.0,1000.6,1000.6,2.68,5.3
2024-05-13 16:05:00+02:00,25.9,25.9,25.6,12.3,43.0,31.1,83.0,504.8,4.0,0.0,0.0,0.0,0.0,0.0,36.1,92.2,5.4,14.8,119.0,1000.6,1000.6,2.68,5.3
2024-05-13 16:10:00+02:00,25.9,25.9,24.9,12.1,42.0,31.1,83.0,494.9,4.0,0.0,0.0,0.0,0.0,0.0,36.1,92.2,8.6,19.1,135.0,1000.4,1000.4,2.68,5.3
2024-05-13 16:15:00+02:00,25.5,25.5,24.2,11.8,42.0,31.1,84.0,490.5,4.0,0.0,0.0,0.0,0.0,0.0,36.1,92.2,9.9,20.2,118.0,1000.4,1000.4,2.68,5.3
2024-05-13 16:20:00+02:00,25.6,25.6,25.1,11.7,42.0,31.1,84.0,485.8,4.0,0.0,0.0,0.0,0.0,0.0,36.1,92.2,5.0,15.1,139.0,1000.3,1000.3,2.68,5.3
2024-05-13 16:25:00+02:00,26.0,26.0,25.0,12.2,42.0,31.1,84.0,477.7,4.0,0.0,0.0,0.0,0.0,0.0,36.1,92.2,9.0,15.1,139.0,1000.3,1000.3,2.68,5.3
2024-05-13 16:30:00+02:00,26.0,26.0,25.2,11.8,41.0,31.2,84.0,473.0,4.0,0.0,0.0,0.0,0.0,0.0,36.1,92.2,7.0,14.8,145.0,1000.4,1000.4,2.68,5.3
2024-05-13 16:35:00+02:00,26.2,26.2,25.8,12.8,44.0,31.2,84.0,472.8,4.0,0.0,0.0,0.0,0.0,0.0,36.1,92.2,6.3,13.3,133.0,1000.2,1000.2,2.68,5.3
2024-05-13 16:40:00+02:00,25.8,25.8,24.3,11.5,41.0,31.2,84.0,454.4,4.0,0.0,0.0,0.0,0.0,0.0,36.1,92.2,10.1,22.7,127.0,1000.2,1000.2,2.68,5.3
2024-05-13 16:45:00+02:00,25.8,25.8,25.4,11.9,42.0,31.2,85.0,443.1,4.0,0.0,0.0,0.0,0.0,0.0,36.1,92.2,5.0,12.6,131.0,1000.2,1000.2,2.68,5.3
2024-05-13 16:50:00+02:00,26.0,26.0,25.3,12.0,42.0,31.2,85.0,431.1,4.0,0.0,0.0,0.0,0.0,0.0,36.1,92.2,6.7,12.2,132.0,1000.1,1000.1,2.68,5.3
2024-05-13 16:55:00+02:00,25.8,25.8,24.6,11.8,42.0,31.2,85.0,418.6,3.0,0.0,0.0,0.0,0.0,0.0,36.1,92.2,9.1,18.7,140.0,1000.1,1000.1,2.68,5.3
2024-05-13 17:00:00+02:00,25.8,25.8,24.7,11.8,42.0,31.2,85.0,410.4,3.0,0.0,0.0,0.0,0.0,0.0,36.1,92.2,8.6,16.2,139.0,1000.1,1000.1,2.68,5.3
2024-05-13 17:05:00+02:00,26.0,26.0,25.7,11.9,42.0,31.2,85.0,407.6,3.0,0.0,0.0,0.0,0.0,0.0,36.1,92.2,4.4,10.4,53.0,1000.0,1000.0,2.68,5.3
2024-05-13 17:10:00+02:00,26.6,26.6,26.3,12.4,41.0,31.3,85.0,399.8,3.0,0.0,0.0,0.0,0.0,0.0,36.1,92.2,5.7,9.0,164.0,999.9,999.9,2.68,5.3
2024-05-13 17:15:00+02:00,26.3,26.3,25.8,12.7,43.0,31.3,85.0,397.9,3.0,0.0,0.0,0.0,0.0,0.0,36.1,92.2,6.7,14.4,135.0,1000.0,1000.0,2.68,5.3
2024-05-13 17:20:00+02:00,26.0,26.0,25.8,12.8,44.0,31.2,85.0,388.9,3.0,0.0,0.0,0.0,0.0,0.0,36.1,92.2,5.5,15.8,138.0,999.9,999.9,2.68,5.3
2024-05-13 17:25:00+02:00,26.0,26.0,25.6,12.7,44.0,31.2,85.0,370.3,3.0,0.0,0.0,0.0,0.0,0.0,36.1,92.2,5.9,14.0,137.0,1000.0,1000.0,2.68,5.3
2024-05-13 17:30:00+02:00,26.0,26.0,25.5,12.6,44.0,31.2,85.0,383.0,3.0,0.0,0.0,0.0,0.0,0.0,36.1,92.2,6.6,17.6,138.0,999.9,999.9,2.68,5.3
2024-05-13 17:35:00+02:00,25.7,25.7,24.9,12.7,45.0,31.2,85.0,371.9,3.0,0.0,0.0,0.0,0.0,0.0,36.1,92.2,8.5,15.8,133.0,999.8,999.8,2.68,5.3
2024-05-13 17:40:00+02:00,25.0,25.0,24.3,12.4,46.0,31.2,85.0,75.8,0.0,0.0,0.0,0.0,0.0,0.0,36.1,92.2,7.2,19.1,142.0,999.8,999.8,2.68,5.3
2024-05-13 17:45:00+02:00,24.7,24.7,24.0,12.2,46.0,31.2,85.0,73.3,0.0,0.0,0.0,0.0,0.0,0.0,36.1,92.2,6.9,12.2,134.0,999.7,999.7,2.68,5.3
2024-05-13 17:50:00+02:00,24.8,24.8,24.5,12.9,47.0,31.1,85.0,97.7,0.0,0.0,0.0,0.0,0.0,0.0,36.1,92.2,6.0,13.3,131.0,999.6,999.6,2.68,5.3
2024-05-13 17:55:00+02:00,24.8,24.8,24.9,12.7,47.0,31.0,85.0,133.5,1.0,0.0,0.0,0.0,0.0,0.0,36.1,92.2,4.0,9.4,115.0,999.7,999.7,2.7,5.3
2024-05-13 18:00:00+02:00,24.7,24.7,24.8,12.8,47.0,31.0,85.0,119.7,1.0,0.0,0.0,0.0,0.0,0.0,36.1,92.2,4.1,11.2,106.0,999.6,999.6,2.7,5.3
2024-05-13 18:05:00+02:00,24.8,24.8,23.7,12.5,46.0,30.9,84.0,123.8,1.0,0.0,0.0,0.0,0.0,0.0,36.1,92.2,9.2,14.8,124.0,999.5,999.5,2.7,5.3
2024-05-13 18:10:00+02:00,24.8,24.8,24.5,12.6,47.0,30.9,84.0,118.6,1.0,0.0,0.0,0.0,0.0,0.0,36.1,92.2,5.2,15.5,125.0,999.5,999.5,2.7,5.3
2024-05-13 18:15:00+02:00,25.0,25.0,24.5,12.6,46.0,30.8,84.0,168.5,1.0,0.0,0.0,0.0,0.0,0.0,36.1,92.2,6.3,11.2,139.0,999.4,999.4,2.7,5.3
2024-05-13 18:20:00+02:00,25.3,25.3,24.4,12.5,45.0,30.8,84.0,207.4,1.0,0.0,0.0,0.0,0.0,0.0,36.1,92.2,8.4,16.6,128.0,999.3,999.3,2.7,5.3
2024-05-13 18:25:00+02:00,25.3,25.3,25.1,12.7,45.0,30.7,85.0,227.6,2.0,0.0,0.0,0.0,0.0,0.0,36.1,92.2,5.3,14.8,119.0,999.3,999.3,2.7,5.3
2024-05-13 18:30:00+02:00,25.5,25.5,25.0,13.0,46.0,30.7,85.0,170.6,1.0,0.0,0.0,0.0,0.0,0.0,36.1,92.2,7.6,15.1,129.0,999.4,999.4,2.7,5.3
2024-05-13 18:35:00+02:00,25.0,25.0,24.5,12.6,46.0,30.6,85.0,92.3,0.0,0.0,0.0,0.0,0.0,0.0,36.1,92.2,6.6,11.9,132.0,999.3,999.3,2.7,5.3
2024-05-13 18:40:00+02:00,24.7,24.7,24.9,12.5,46.0,30.6,85.0,94.4,0.0,0.0,0.0,0.0,0.0,0.0,36.1,92.2,2.9,10.1,140.0,999.4,999.4,2.7,5.3
2024-05-13 18:45:00+02:00,24.7,24.7,24.6,12.9,48.0,30.6,85.0,93.4,0.0,0.0,0.0,0.0,0.0,0.0,36.1,92.2,5.5,9.7,141.0,999.5,999.5,2.7,5.3
2024-05-13 18:50:00+02:00,24.8,24.8,24.6,13.2,49.0,30.5,85.0,69.6,0.0,0.0,0.0,0.0,0.0,0.0,36.1,92.2,5.9,17.3,141.0,999.4,999.4,2.7,5.3
2024-05-13 18:55:00+02:00,24.6,24.6,25.3,13.8,51.0,30.5,85.0,59.9,0.0,0.0,0.0,0.0,0.0,0.0,36.1,92.2,2.7,10.1,158.0,999.4,999.4,2.7,5.3
2024-05-13 19:00:00+02:00,24.5,24.5,25.3,13.9,52.0,30.4,85.0,54.9,0.0,0.0,0.0,0.0,0.0,0.0,36.1,92.2,1.9,6.5,25.0,999.2,999.2,2.7,5.3
2024-05-13 19:05:00+02:00,24.3,24.3,25.4,14.1,53.0,30.4,85.0,62.8,0.0,0.0,0.0,0.0,0.0,0.0,36.1,92.2,0.9,5.0,14.0,999.4,999.4,2.7,5.3
2024-05-13 19:10:00+02:00,24.2,24.2,24.8,14.1,53.0,30.3,85.0,78.7,0.0,0.0,0.0,0.0,0.0,0.0,36.1,92.2,3.3,7.2,126.0,999.4,999.4,2.7,5.3
2024-05-13 19:15:00+02:00,24.0,24.0,24.7,14.0,54.0,30.3,85.0,83.5,0.0,0.0,0.0,0.0,0.0,0.0,36.1,92.2,2.9,7.2,105.0,999.5,999.5,2.7,5.3
2024-05-13 19:20:00+02:00,24.0,24.0,25.0,14.0,54.0,30.2,85.0,72.5,0.0,0.0,0.0,0.0,0.0,0.0,36.1,92.2,1.7,5.8,94.0,999.4,999.4,2.7,5.3
2024-05-13 19:25:00+02:00,24.0,24.0,25.3,14.5,55.0,30.2,85.0,56.8,0.0,0.0,0.0,0.0,0.0,0.0,36.1,92.2,1.0,4.3,81.0,999.5,999.5,2.7,5.3
2024-05-13 19:30:00+02:00,24.0,24.0,25.2,14.2,54.0,30.1,85.0,58.9,0.0,0.0,0.0,0.0,0.0,0.0,36.1,92.2,0.8,3.2,359.0,999.4,999.4,2.7,5.3
2024-05-13 19:35:00+02:00,23.9,23.9,24.6,14.0,54.0,30.1,85.0,46.4,0.0,0.0,0.0,0.0,0.0,0.0,36.1,92.2,2.6,9.0,110.0,999.3,999.3,2.7,5.3
2024-05-13 19:40:00+02:00,23.7,23.7,24.4,13.7,54.0,30.0,85.0,38.8,0.0,0.0,0.0,0.0,0.0,0.0,36.1,92.2,2.2,9.0,64.0,999.4,999.4,2.7,5.3
2024-05-13 19:45:00+02:00,23.4,23.4,24.0,13.4,53.0,30.0,85.0,36.9,0.0,0.0,0.0,0.0,0.0,0.0,36.1,92.2,2.4,4.3,104.0,999.3,999.3,2.7,5.2
2024-05-13 19:50:00+02:00,23.1,23.1,24.0,13.9,56.0,29.9,85.0,33.5,0.0,0.0,0.0,0.0,0.0,0.0,36.1,92.2,1.7,5.0,132.0,999.3,999.3,2.7,5.2
2024-05-13 19:55:00+02:00,22.9,22.9,23.9,13.9,57.0,29.8,85.0,31.3,0.0,0.0,0.0,0.0,0.0,0.0,36.1,92.2,1.4,4.7,128.0,999.4,999.4,2.7,5.2
2024-05-13 20:00:00+02:00,22.7,22.7,23.7,13.9,57.0,29.8,85.0,28.4,0.0,0.0,0.0,0.0,0.0,0.0,36.1,92.2,1.2,4.3,135.0,999.3,999.3,2.7,5.2
2024-05-13 20:05:00+02:00,22.6,22.6,23.7,13.7,57.0,29.7,84.0,26.4,0.0,0.0,0.0,0.0,0.0,0.0,36.1,92.2,0.4,2.9,168.0,999.4,999.4,2.7,5.2
2024-05-13 20:10:00+02:00,22.7,22.7,23.6,14.0,58.0,29.7,84.0,24.4,0.0,0.0,0.0,0.0,0.0,0.0,36.1,92.2,1.4,3.2,298.0,999.3,999.3,2.7,5.2
2024-05-13 20:15:00+02:00,22.5,22.5,23.7,13.8,58.0,29.6,84.0,21.6,0.0,0.0,0.0,0.0,0.0,0.0,36.1,92.2,0.0,2.5,163.0,999.4,999.4,2.7,5.2
2024-05-13 20:25:00+02:00,21.7,21.7,23.0,14.3,63.0,29.4,84.0,17.8,0.0,0.0,0.0,0.0,0.0,0.0,36.1,92.2,0.5,2.9,123.0,999.4,999.4,2.7,5.2
2024-05-13 20:30:00+02:00,21.5,21.5,22.8,14.1,63.0,29.3,84.0,16.1,0.0,0.0,0.0,0.0,0.0,0.0,36.1,92.2,0.0,2.2,134.0,999.4,999.4,2.7,5.2
2024-05-13 20:35:00+02:00,21.0,21.0,22.3,14.5,66.0,29.2,84.0,14.4,0.0,0.0,0.0,0.0,0.0,0.0,36.1,92.2,0.7,2.2,153.0,999.3,999.3,2.7,5.2
2024-05-13 20:40:00+02:00,20.8,20.8,22.2,14.4,67.0,29.2,84.0,12.6,0.0,0.0,0.0,0.0,0.0,0.0,36.1,92.2,0.0,2.2,198.0,999.4,999.4,2.7,5.2
2024-05-13 20:45:00+02:00,20.7,20.7,22.0,14.5,68.0,29.1,84.0,10.7,0.0,0.0,0.0,0.0,0.0,0.0,36.1,92.2,0.6,2.9,251.0,999.4,999.4,2.7,5.2
2024-05-13 20:50:00+02:00,20.4,20.4,21.8,14.3,68.0,28.9,84.0,8.8,0.0,0.0,0.0,0.0,0.0,0.0,36.1,92.2,0.0,2.5,119.0,999.3,999.3,2.7,5.2
2024-05-13 20:55:00+02:00,20.1,20.1,21.3,14.6,71.0,28.8,84.0,7.4,0.0,0.0,0.0,0.0,0.0,0.0,36.1,92.2,1.2,2.9,125.0,999.5,999.5,2.7,5.2
2024-05-13 21:00:00+02:00,19.8,19.8,21.3,14.5,71.0,28.7,84.0,5.7,0.0,0.0,0.0,0.0,0.0,0.0,36.1,92.2,0.0,2.5,121.0,999.4,999.4,2.7,5.2
2024-05-13 21:05:00+02:00,19.8,19.8,21.3,14.5,71.0,28.7,84.0,4.2,0.0,0.0,0.0,0.0,0.0,0.0,36.1,92.2,0.0,2.2,280.0,999.4,999.4,2.7,5.2
2024-05-13 21:10:00+02:00,19.6,19.6,20.9,14.7,73.0,28.5,84.0,3.0,0.0,0.0,0.0,0.0,0.0,0.0,36.1,92.2,0.8,3.2,122.0,999.4,999.4,2.7,5.2
2024-05-13 21:15:00+02:00,19.2,19.2,20.4,14.6,75.0,28.5,84.0,2.0,0.0,0.0,0.0,0.0,0.0,0.0,36.1,92.2,1.2,3.2,134.0,999.5,999.5,2.7,5.2
2024-05-13 21:20:00+02:00,19.0,19.0,20.3,14.6,76.0,28.3,83.0,1.3,0.0,0.0,0.0,0.0,0.0,0.0,36.1,92.2,1.1,2.5,133.0,999.4,999.4,2.7,5.2
2024-05-13 21:25:00+02:00,18.8,18.8,20.3,14.5,76.0,28.2,83.0,0.6,0.0,0.0,0.0,0.0,0.0,0.0,36.1,92.2,0.0,2.2,123.0,999.4,999.4,2.7,5.2
2024-05-13 21:30:00+02:00,18.7,18.7,19.9,14.6,77.0,28.1,83.0,0.3,0.0,0.0,0.0,0.0,0.0,0.0,36.1,92.2,1.2,2.5,121.0,999.4,999.4,2.7,5.2
2024-05-13 21:35:00+02:00,18.5,18.5,19.9,14.6,78.0,28.0,83.0,0.2,0.0,0.0,0.0,0.0,0.0,0.0,36.1,92.2,0.4,2.2,138.0,999.5,999.5,2.7,5.2
2024-05-13 21:40:00+02:00,18.3,18.3,19.5,14.6,79.0,27.9,83.0,0.1,0.0,0.0,0.0,0.0,0.0,0.0,36.1,92.2,1.2,2.9,116.0,999.5,999.5,2.7,5.2
2024-05-13 21:45:00+02:00,18.2,18.2,19.6,14.7,80.0,27.8,83.0,0.0,0.0,0.0,0.0,0.0,0.0,0.0,36.1,92.2,0.4,2.2,123.0,999.5,999.5,2.7,5.2
2024-05-13 21:50:00+02:00,18.0,18.0,19.2,14.5,80.0,27.7,83.0,0.0,0.0,0.0,0.0,0.0,0.0,0.0,36.1,92.2,0.9,2.2,96.0,999.6,999.6,2.7,5.2
2024-05-13 21:55:00+02:00,17.8,17.8,19.2,14.3,80.0,27.6,83.0,0.0,0.0,0.0,0.0,0.0,0.0,0.0,36.1,92.2,0.4,2.5,107.0,999.6,999.6,2.7,5.1
2024-05-13 22:00:00+02:00,17.7,17.7,19.0,14.4,81.0,27.5,83.0,0.0,0.0,0.0,0.0,0.0,0.0,0.0,36.1,92.2,0.8,2.5,105.0,999.6,999.6,2.7,5.1
2024-05-13 22:05:00+02:00,17.6,17.6,18.8,14.5,82.0,27.3,83.0,0.0,0.0,0.0,0.0,0.0,0.0,0.0,36.1,92.2,0.8,2.9,107.0,999.5,999.5,2.7,5.1
2024-05-13 22:10:00+02:00,17.4,17.4,18.6,14.5,83.0,27.2,83.0,0.0,0.0,0.0,0.0,0.0,0.0,0.0,36.1,92.2,1.7,2.9,107.0,999.4,999.4,2.7,5.1
2024-05-13 22:15:00+02:00,17.3,17.3,18.3,14.4,83.0,27.1,83.0,0.0,0.0,0.0,0.0,0.0,0.0,0.0,36.1,92.2,1.9,3.2,125.0,999.4,999.4,2.7,5.1
2024-05-13 22:20:00+02:00,17.2,17.2,18.5,14.5,84.0,27.0,83.0,0.0,0.0,0.0,0.0,0.0,0.0,0.0,36.1,92.2,0.5,2.9,123.0,999.5,999.5,2.7,5.1
2024-05-13 22:25:00+02:00,17.0,17.0,18.0,14.4,84.0,26.9,83.0,0.0,0.0,0.0,0.0,0.0,0.0,0.0,36.1,92.2,2.4,3.6,116.0,999.5,999.5,2.7,5.1
2024-05-13 22:30:00+02:00,16.9,16.9,18.2,14.4,85.0,26.7,83.0,0.0,0.0,0.0,0.0,0.0,0.0,0.0,36.1,92.2,0.9,3.2,133.0,999.5,999.5,2.7,5.1
2024-05-13 22:35:00+02:00,16.8,16.8,18.2,14.2,85.0,26.7,83.0,0.0,0.0,0.0,0.0,0.0,0.0,0.0,36.1,92.2,0.0,2.2,107.0,999.4,999.4,2.7,5.1
2024-05-13 22:40:00+02:00,16.8,16.8,18.1,14.2,85.0,26.6,83.0,0.0,0.0,0.0,0.0,0.0,0.0,0.0,36.1,92.2,0.6,2.9,117.0,999.4,999.4,2.7,5.1
2024-05-13 22:45:00+02:00,16.8,16.8,17.6,14.3,85.0,26.4,83.0,0.0,0.0,0.0,0.0,0.0,0.0,0.0,36.1,92.2,2.5,4.7,120.0,999.4,999.4,2.7,5.1
2024-05-13 22:50:00+02:00,16.7,16.7,17.5,14.3,86.0,26.3,83.0,0.0,0.0,0.0,0.0,0.0,0.0,0.0,36.1,92.2,3.0,4.7,120.0,999.5,999.5,2.7,5.1
2024-05-13 22:55:00+02:00,16.7,16.7,17.8,14.3,86.0,26.2,83.0,0.0,0.0,0.0,0.0,0.0,0.0,0.0,36.1,92.2,0.8,3.6,122.0,999.4,999.4,2.7,5.1
2024-05-13 23:00:00+02:00,16.5,16.5,17.6,14.2,86.0,26.1,83.0,0.0,0.0,0.0,0.0,0.0,0.0,0.0,36.1,92.2,1.5,3.2,120.0,999.5,999.5,2.7,5.1
2024-05-13 23:05:00+02:00,16.5,16.5,17.4,14.2,86.0,26.0,83.0,0.0,0.0,0.0,0.0,0.0,0.0,0.0,36.1,92.2,2.1,3.6,116.0,999.4,999.4,2.7,5.1
2024-05-13 23:10:00+02:00,16.5,16.5,17.4,14.3,87.0,25.9,83.0,0.0,0.0,0.0,0.0,0.0,0.0,0.0,36.1,92.2,2.2,3.2,127.0,999.5,999.5,2.7,5.1
2024-05-13 23:15:00+02:00,16.4,16.4,17.6,14.3,87.0,25.8,83.0,0.0,0.0,0.0,0.0,0.0,0.0,0.0,36.1,92.2,1.2,2.9,109.0,999.5,999.5,2.7,5.1
2024-05-13 23:20:00+02:00,16.4,16.4,17.5,14.2,87.0,25.7,83.0,0.0,0.0,0.0,0.0,0.0,0.0,0.0,36.1,92.2,1.2,3.6,112.0,999.4,999.4,2.7,5.1
2024-05-13 23:25:00+02:00,16.2,16.2,17.5,14.2,88.0,25.6,83.0,0.0,0.0,0.0,0.0,0.0,0.0,0.0,36.1,92.2,0.4,2.5,127.0,999.5,999.5,2.7,5.1
2024-05-13 23:30:00+02:00,16.2,16.2,17.4,14.2,88.0,25.5,83.0,0.0,0.0,0.0,0.0,0.0,0.0,0.0,36.1,92.2,0.4,2.5,104.0,999.6,999.6,2.7,5.1
2024-05-13 23:35:00+02:00,16.0,16.0,17.4,14.2,89.0,25.3,83.0,0.0,0.0,0.0,0.0,0.0,0.0,0.0,36.1,92.2,0.0,1.8,107.0,999.5,999.5,2.7,5.1
2024-05-13 23:40:00+02:00,15.8,15.8,17.1,14.0,89.0,25.3,83.0,0.0,0.0,0.0,0.0,0.0,0.0,0.0,36.1,92.2,0.0,0.0,135.0,999.5,999.5,2.7,5.1
2024-05-13 23:45:00+02:00,15.7,15.7,17.0,14.1,90.0,25.2,83.0,0.0,0.0,0.0,0.0,0.0,0.0,0.0,36.1,92.2,0.0,1.8,129.0,999.4,999.4,2.7,5.0
2024-05-13 23:50:00+02:00,15.6,15.6,16.8,14.1,91.0,25.1,83.0,0.0,0.0,0.0,0.0,0.0,0.0,0.0,36.1,92.2,0.0,2.2,112.0,999.5,999.5,2.7,5.0
2024-05-13 23:55:00+02:00,15.5,15.5,16.8,14.0,91.0,25.0,83.0,0.0,0.0,0.0,0.0,0.0,0.0,0.0,36.1,92.2,0.0,1.8,129.0,999.5,999.5,2.7,5.0
2024-05-14 00:00:00+02:00,15.3,15.3,16.5,13.9,91.0,24.9,83.0,0.0,0.0,0.0,0.0,0.0,0.0,0.0,36.1,92.2,0.4,2.2,110.0,999.4,999.4,2.7,5.0
2024-05-14 00:05:00+02:00,15.4,15.4,16.6,14.2,92.0,24.8,83.0,0.0,0.0,0.0,0.0,0.0,0.0,0.0,36.1,92.2,0.7,2.5,119.0,999.4,999.4,2.7,5.0
2024-05-14 00:10:00+02:00,15.5,15.5,16.5,14.3,92.0,24.7,83.0,0.0,0.0,0.0,0.0,0.0,0.0,0.0,36.1,92.2,1.9,3.6,123.0,999.3,999.3,2.7,5.0
2024-05-14 00:15:00+02:00,15.4,15.4,16.7,14.1,92.0,24.7,83.0,0.0,0.0,0.0,0.0,0.0,0.0,0.0,36.1,92.2,0.4,3.2,138.0,999.3,999.3,2.7,5.0
2024-05-14 00:20:00+02:00,15.3,15.3,16.6,14.1,92.0,24.5,83.0,0.0,0.0,0.0,0.0,0.0,0.0,0.0,36.1,92.2,0.0,1.8,114.0,999.4,999.4,2.7,5.0
2024-05-14 00:25:00+02:00,15.1,15.1,16.4,14.0,93.0,24.4,83.0,0.0,0.0,0.0,0.0,0.0,0.0,0.0,36.1,92.2,0.0,2.2,118.0,999.3,999.3,2.7,5.0
2024-05-14 00:30:00+02:00,15.0,15.0,16.2,13.9,93.0,24.3,83.0,0.0,0.0,0.0,0.0,0.0,0.0,0.0,36.1,92.2,0.0,1.8,114.0,999.2,999.2,2.7,5.0
2024-05-14 00:35:00+02:00,15.0,15.0,16.0,14.0,94.0,24.3,83.0,0.0,0.0,0.0,0.0,0.0,0.0,0.0,36.1,92.2,1.2,3.6,120.0,999.3,999.3,2.7,5.0
2024-05-14 00:40:00+02:00,15.1,15.1,15.9,14.2,94.0,24.2,83.0,0.0,0.0,0.0,0.0,0.0,0.0,0.0,36.1,92.2,2.5,3.2,117.0,999.2,999.2,2.7,5.0
2024-05-14 00:45:00+02:00,15.2,15.2,15.9,14.2,94.0,24.1,83.0,0.0,0.0,0.0,0.0,0.0,0.0,0.0,36.1,92.2,2.7,3.6,120.0,999.3,999.3,2.7,5.0
2024-05-14 00:50:00+02:00,15.7,15.7,16.5,14.3,91.0,24.0,83.0,0.0,0.0,0.0,0.0,0.0,0.0,0.0,36.1,92.2,2.5,6.5,98.0,999.2,999.2,2.7,5.0
2024-05-14 00:55:00+02:00,16.4,16.4,17.4,14.4,88.0,23.9,83.0,0.0,0.0,0.0,0.0,0.0,0.0,0.0,36.1,92.2,2.2,5.0,127.0,999.2,999.2,2.7,5.0
2024-05-14 01:00:00+02:00,16.5,16.5,17.4,14.3,87.0,23.8,83.0,0.0,0.0,0.0,0.0,0.0,0.0,0.0,36.1,92.2,2.1,3.2,125.0,999.1,999.1,2.7,5.0
2024-05-14 01:05:00+02:00,16.4,16.4,17.6,14.4,88.0,23.7,83.0,0.0,0.0,0.0,0.0,0.0,0.0,0.0,36.1,92.2,0.9,3.2,142.0,999.1,999.1,2.7,5.0
2024-05-14 01:10:00+02:00,16.3,16.3,17.5,14.3,88.0,23.7,83.0,0.0,0.0,0.0,0.0,0.0,0.0,0.0,36.1,92.2,1.2,2.9,125.0,999.0,999.0,2.7,5.0
2024-05-14 01:15:00+02:00,16.2,16.2,17.2,14.2,88.0,23.6,83.0,0.0,0.0,0.0,0.0,0.0,0.0,0.0,36.1,92.2,1.7,3.2,122.0,999.0,999.0,2.7,5.0
2024-05-14 01:20:00+02:00,16.1,16.1,17.2,14.2,88.0,23.5,83.0,0.0,0.0,0.0,0.0,0.0,0.0,0.0,36.1,92.2,1.2,2.5,107.0,999.0,999.0,2.7,5.0
2024-05-14 01:25:00+02:00,16.0,16.0,16.9,14.1,89.0,23.4,83.0,0.0,0.0,0.0,0.0,0.0,0.0,0.0,36.1,92.2,2.0,2.9,111.0,999.0,999.0,2.7,5.0
2024-05-14 01:30:00+02:00,15.9,15.9,16.8,14.0,89.0,23.4,83.0,0.0,0.0,0.0,0.0,0.0,0.0,0.0,36.1,92.2,1.8,3.6,118.0,999.0,999.0,2.7,5.0
2024-05-14 01:35:00+02:00,15.8,15.8,16.7,13.9,89.0,23.3,83.0,0.0,0.0,0.0,0.0,0.0,0.0,0.0,36.1,92.2,1.7,2.9,125.0,998.9,998.9,2.7,4.9
2024-05-14 01:40:00+02:00,15.7,15.7,16.5,14.0,90.0,23.2,83.0,0.0,0.0,0.0,0.0,0.0,0.0,0.0,36.1,92.2,2.0,3.2,127.0,998.9,998.9,2.7,4.9
2024-05-14 01:45:00+02:00,15.7,15.7,16.7,13.9,89.0,23.1,83.0,0.0,0.0,0.0,0.0,0.0,0.0,0.0,36.1,92.2,1.2,2.9,117.0,998.9,998.9,2.7,4.9
2024-05-14 01:50:00+02:00,15.7,15.7,16.7,13.9,89.0,23.0,83.0,0.0,0.0,0.0,0.0,0.0,0.0,0.0,36.1,92.2,1.2,2.9,115.0,998.7,998.7,2.7,4.9
2024-05-14 01:55:00+02:00,15.8,15.8,16.6,13.8,88.0,23.0,83.0,0.0,0.0,0.0,0.0,0.0,0.0,0.0,36.1,92.2,1.5,3.2,120.0,998.7,998.7,2.7,4.9
2024-05-14 02:00:00+02:00,15.8,15.8,16.7,13.7,87.0,22.9,83.0,0.0,0.0,0.0,0.0,0.0,0.0,0.0,36.1,92.2,1.8,3.2,119.0,998.7,998.7,2.7,4.9
2024-05-14 02:05:00+02:00,16.0,16.0,16.8,13.7,86.0,22.8,83.0,0.0,0.0,0.0,0.0,0.0,0.0,0.0,36.1,92.2,1.8,3.2,116.0,998.6,998.6,2.7,4.9
2024-05-14 02:10:00+02:00,16.2,16.2,16.9,13.5,84.0,22.8,83.0,0.0,0.0,0.0,0.0,0.0,0.0,0.0,36.1,92.2,1.6,3.2,125.0,998.6,998.6,2.7,4.9
2024-05-14 02:15:00+02:00,16.1,16.1,17.2,13.6,85.0,22.7,83.0,0.0,0.0,0.0,0.0,0.0,0.0,0.0,36.1,92.2,0.0,2.9,121.0,998.6,998.6,2.7,4.9
2024-05-14 02:20:00+02:00,16.0,16.0,16.8,13.5,85.0,22.7,83.0,0.0,0.0,0.0,0.0,0.0,0.0,0.0,36.1,92.2,1.5,3.2,120.0,998.6,998.6,2.7,4.9
2024-05-14 02:25:00+02:00,15.9,15.9,16.7,13.4,85.0,22.6,83.0,0.0,0.0,0.0,0.0,0.0,0.0,0.0,36.1,92.2,1.7,3.2,119.0,998.4,998.4,2.7,4.9
2024-05-14 02:30:00+02:00,16.0,16.0,16.7,13.2,84.0,22.5,83.0,0.0,0.0,0.0,0.0,0.0,0.0,0.0,36.1,92.2,1.5,3.2,110.0,998.5,998.5,2.7,4.9
2024-05-14 02:35:00+02:00,16.1,16.1,16.7,13.1,83.0,22.4,83.0,0.0,0.0,0.0,0.0,0.0,0.0,0.0,36.1,92.2,1.6,3.6,129.0,998.3,998.3,2.7,4.9
2024-05-14 02:40:00+02:00,16.2,16.2,17.1,13.1,82.0,22.4,83.0,0.0,0.0,0.0,0.0,0.0,0.0,0.0,36.1,92.2,0.4,2.9,118.0,998.3,998.3,2.7,4.9
2024-05-14 02:45:00+02:00,16.1,16.1,17.0,13.1,82.0,22.3,83.0,0.0,0.0,0.0,0.0,0.0,0.0,0.0,36.1,92.2,0.4,2.5,97.0,998.2,998.2,2.7,4.9
2024-05-14 02:50:00+02:00,16.0,16.0,16.8,12.9,82.0,22.3,83.0,0.0,0.0,0.0,0.0,0.0,0.0,0.0,36.1,92.2,0.4,2.5,115.0,998.3,998.3,2.7,4.9
2024-05-14 02:55:00+02:00,16.1,16.1,16.8,13.0,82.0,22.2,83.0,0.0,0.0,0.0,0.0,0.0,0.0,0.0,36.1,92.2,1.1,3.2,95.0,998.2,998.2,2.7,4.9
2024-05-14 03:00:00+02:00,16.1,16.1,16.7,13.0,82.0,22.2,83.0,0.0,0.0,0.0,0.0,0.0,0.0,0.0,36.1,92.2,1.7,3.6,100.0,998.2,998.2,2.7,4.9
2024-05-14 03:05:00+02:00,16.3,16.3,16.8,12.9,80.0,22.1,83.0,0.0,0.0,0.0,0.0,0.0,0.0,0.0,36.1,92.2,2.3,3.6,82.0,998.3,998.3,2.7,4.9
2024-05-14 03:10:00+02:00,16.3,16.3,16.9,13.0,81.0,22.1,83.0,0.0,0.0,0.0,0.0,0.0,0.0,0.0,36.1,92.2,1.9,3.2,97.0,998.2,998.2,2.7,4.9
2024-05-14 03:15:00+02:00,16.1,16.1,16.7,12.8,81.0,22.0,84.0,0.0,0.0,0.0,0.0,0.0,0.0,0.0,36.1,92.2,1.1,3.6,102.0,998.2,998.2,2.7,4.9
2024-05-14 03:20:00+02:00,16.0,16.0,16.4,12.6,81.0,21.9,84.0,0.0,0.0,0.0,0.0,0.0,0.0,0.0,36.1,92.2,1.8,5.0,86.0,998.1,998.1,2.7,4.9
2024-05-14 03:25:00+02:00,16.3,16.3,16.7,12.7,80.0,21.9,84.0,0.0,0.0,0.0,0.0,0.0,0.0,0.0,36.1,92.2,2.3,5.0,82.0,998.2,998.2,2.7,4.8
2024-05-14 03:30:00+02:00,16.4,16.4,16.8,12.7,79.0,21.8,84.0,0.0,0.0,0.0,0.0,0.0,0.0,0.0,36.1,92.2,2.4,5.4,79.0,998.1,998.1,2.7,4.8
2024-05-14 03:35:00+02:00,16.2,16.2,16.8,12.8,80.0,21.8,84.0,0.0,0.0,0.0,0.0,0.0,0.0,0.0,36.1,92.2,1.5,5.0,95.0,998.1,998.1,2.7,4.8
2024-05-14 03:40:00+02:00,16.0,16.0,16.5,12.6,81.0,21.7,84.0,0.0,0.0,0.0,0.0,0.0,0.0,0.0,36.1,92.2,1.6,2.9,85.0,998.1,998.1,2.7,4.8
2024-05-14 03:45:00+02:00,15.9,15.9,16.5,12.6,81.0,21.7,84.0,0.0,0.0,0.0,0.0,0.0,0.0,0.0,36.1,92.2,1.2,3.6,77.0,998.2,998.2,2.7,4.8
2024-05-14 03:50:00+02:00,15.8,15.8,16.2,12.6,81.0,21.6,84.0,0.0,0.0,0.0,0.0,0.0,0.0,0.0,36.1,92.2,2.4,3.6,80.0,998.0,998.0,2.7,4.8
2024-05-14 03:55:00+02:00,16.0,16.0,16.4,12.5,80.0,21.6,84.0,0.0,0.0,0.0,0.0,0.0,0.0,0.0,36.1,92.2,2.0,4.3,66.0,998.1,998.1,2.7,4.8
2024-05-14 04:00:00+02:00,16.0,16.0,16.5,12.5,80.0,21.5,84.0,0.0,0.0,0.0,0.0,0.0,0.0,0.0,36.1,92.2,1.8,5.8,71.0,998.1,998.1,2.7,4.8
2024-05-14 04:05:00+02:00,16.1,16.1,16.5,12.5,79.0,21.5,84.0,0.0,0.0,0.0,0.0,0.0,0.0,0.0,36.1,92.2,2.2,5.8,93.0,997.9,997.9,2.7,4.8
2024-05-14 04:10:00+02:00,15.8,15.8,16.4,12.5,81.0,21.4,84.0,0.0,0.0,0.0,0.0,0.0,0.0,0.0,36.1,92.2,0.9,2.5,141.0,998.0,998.0,2.7,4.8
2024-05-14 04:15:00+02:00,15.6,15.6,16.0,12.4,81.0,21.4,84.0,0.0,0.0,0.0,0.0,0.0,0.0,0.0,36.1,92.2,1.6,4.3,84.0,997.9,997.9,2.7,4.8
2024-05-14 04:20:00+02:00,15.5,15.5,16.2,12.3,81.0,21.3,84.0,0.0,0.0,0.0,0.0,0.0,0.0,0.0,36.1,92.2,0.4,2.9,121.0,998.0,998.0,2.7,4.8
2024-05-14 04:25:00+02:00,15.4,15.4,15.8,12.2,81.0,21.3,84.0,0.0,0.0,0.0,0.0,0.0,0.0,0.0,36.1,92.2,1.5,4.0,86.0,997.9,997.9,2.7,4.8
2024-05-14 04:30:00+02:00,15.3,15.3,15.8,12.1,81.0,21.2,84.0,0.0,0.0,0.0,0.0,0.0,0.0,0.0,36.1,92.2,1.0,4.7,78.0,998.0,998.0,2.7,4.8
2024-05-14 04:35:00+02:00,15.4,15.4,15.8,11.9,80.0,21.2,84.0,0.0,0.0,0.0,0.0,0.0,0.0,0.0,36.1,92.2,0.9,4.7,87.0,997.7,997.7,2.7,4.8
2024-05-14 04:40:00+02:00,15.6,15.6,15.8,11.9,79.0,21.1,84.0,0.0,0.0,0.0,0.0,0.0,0.0,0.0,36.1,92.2,1.9,5.0,80.0,997.8,997.8,2.7,4.8
2024-05-14 04:45:00+02:00,15.9,15.9,16.0,12.0,78.0,21.1,84.0,0.0,0.0,0.0,0.0,0.0,0.0,0.0,36.1,92.2,2.8,5.8,33.0,997.7,997.7,2.7,4.8
2024-05-14 04:50:00+02:00,16.0,16.0,15.9,12.0,77.0,21.1,84.0,0.0,0.0,0.0,0.0,0.0,0.0,0.0,36.1,92.2,3.5,6.5,65.0,997.8,997.8,2.7,4.8
2024-05-14 04:55:00+02:00,16.0,16.0,16.2,12.0,77.0,21.0,84.0,0.0,0.0,0.0,0.0,0.0,0.0,0.0,36.1,92.2,1.9,5.8,81.0,997.6,997.6,2.7,4.8
2024-05-14 05:00:00+02:00,15.9,15.9,16.0,11.8,76.0,21.0,84.0,0.0,0.0,0.0,0.0,0.0,0.0,0.0,36.1,92.2,2.5,5.8,78.0,997.6,997.6,2.7,4.8
2024-05-14 05:05:00+02:00,16.0,16.0,15.8,11.6,75.0,20.9,84.0,0.0,0.0,0.0,0.0,0.0,0.0,0.0,36.1,92.2,3.3,6.8,93.0,997.7,997.7,2.7,4.7
2024-05-14 05:10:00+02:00,16.0,16.0,16.1,11.5,75.0,20.9,84.0,0.1,0.0,0.0,0.0,0.0,0.0,0.0,36.1,92.2,2.2,5.8,53.0,997.5,997.5,2.7,4.7
2024-05-14 05:15:00+02:00,15.8,15.8,15.9,11.5,75.0,20.8,84.0,0.2,0.0,0.0,0.0,0.0,0.0,0.0,36.1,92.2,1.8,5.0,96.0,997.7,997.7,2.7,4.7
2024-05-14 05:20:00+02:00,15.8,15.8,16.0,11.4,75.0,20.8,84.0,0.4,0.0,0.0,0.0,0.0,0.0,0.0,36.1,92.2,0.9,5.0,98.0,997.7,997.7,2.7,4.7
2024-05-14 05:25:00+02:00,15.7,15.7,15.6,11.3,75.0,20.8,84.0,0.8,0.0,0.0,0.0,0.0,0.0,0.0,36.1,92.2,2.5,4.3,104.0,997.5,997.5,2.7,4.7
2024-05-14 05:30:00+02:00,15.6,15.6,15.7,11.2,75.0,20.7,84.0,1.4,0.0,0.0,0.0,0.0,0.0,0.0,36.1,92.2,1.2,4.0,79.0,997.6,997.6,2.7,4.7
2024-05-14 05:35:00+02:00,15.9,15.9,15.8,11.0,73.0,20.7,84.0,2.3,0.0,0.0,0.0,0.0,0.0,0.0,36.1,92.2,2.2,6.5,71.0,997.6,997.6,2.7,4.7
2024-05-14 05:40:00+02:00,16.1,16.1,16.0,10.9,71.0,20.6,84.0,3.4,0.0,0.0,0.0,0.0,0.0,0.0,36.1,92.2,2.1,7.9,81.0,997.6,997.6,2.7,4.7
2024-05-14 05:45:00+02:00,16.2,16.2,15.8,10.9,71.0,20.6,84.0,4.9,0.0,0.0,0.0,0.0,0.0,0.0,36.1,92.2,3.0,5.8,82.0,997.6,997.6,2.7,4.7
2024-05-14 05:50:00+02:00,16.0,16.0,16.0,10.8,72.0,20.6,84.0,6.6,0.0,0.0,0.0,0.0,0.0,0.0,36.1,92.2,1.6,4.3,81.0,997.6,997.6,2.7,4.7
2024-05-14 05:55:00+02:00,15.8,15.8,15.5,10.8,72.0,20.6,84.0,8.2,0.0,0.0,0.0,0.0,0.0,0.0,36.1,92.2,3.1,6.1,86.0,997.7,997.7,2.7,4.7
2024-05-14 06:00:00+02:00,16.0,16.0,15.7,10.8,71.0,20.5,84.0,10.3,0.0,0.0,0.0,0.0,0.0,0.0,36.1,92.2,2.6,6.1,91.0,997.7,997.7,2.7,4.7
2024-05-14 06:05:00+02:00,15.9,15.9,15.7,10.8,72.0,20.5,84.0,12.5,0.0,0.0,0.0,0.0,0.0,0.0,36.1,92.2,2.0,7.2,103.0,997.6,997.6,2.7,4.7
2024-05-14 06:10:00+02:00,15.8,15.8,15.5,10.6,71.0,20.5,84.0,14.6,0.0,0.0,0.0,0.0,0.0,0.0,36.1,92.2,2.7,6.1,79.0,997.7,997.7,2.7,4.7
2024-05-14 06:15:00+02:00,15.9,15.9,15.8,10.7,71.0,20.4,84.0,16.5,0.0,0.0,0.0,0.0,0.0,0.0,36.1,92.2,1.7,4.7,101.0,997.6,997.6,2.7,4.7
2024-05-14 06:20:00+02:00,15.9,15.9,15.8,10.7,71.0,20.4,84.0,18.3,0.0,0.0,0.0,0.0,0.0,0.0,36.1,92.2,1.9,5.8,62.0,997.6,997.6,2.7,4.7
2024-05-14 06:25:00+02:00,16.0,16.0,15.6,10.6,70.0,20.4,84.0,20.3,0.0,0.0,0.0,0.0,0.0,0.0,36.1,92.2,3.1,6.1,88.0,997.6,997.6,2.7,4.7
2024-05-14 06:30:00+02:00,16.2,16.2,15.6,10.7,70.0,20.4,84.0,22.3,0.0,0.0,0.0,0.0,0.0,0.0,36.1,92.2,4.0,7.2,85.0,997.7,997.7,2.7,4.7
2024-05-14 06:35:00+02:00,16.1,16.1,15.9,10.8,71.0,20.3,84.0,24.1,0.0,0.0,0.0,0.0,0.0,0.0,36.1,92.2,2.4,5.4,92.0,997.7,997.7,2.7,4.7
2024-05-14 06:40:00+02:00,16.2,16.2,15.8,10.6,69.0,20.3,84.0,26.0,0.0,0.0,0.0,0.0,0.0,0.0,36.1,92.2,3.1,6.5,92.0,997.5,997.5,2.7,4.7
2024-05-14 06:45:00+02:00,16.4,16.4,15.7,10.6,69.0,20.3,84.0,27.7,0.0,0.0,0.0,0.0,0.0,0.0,36.1,92.2,4.6,8.6,71.0,997.6,997.6,2.7,4.7
2024-05-14 06:50:00+02:00,16.5,16.5,15.9,10.6,68.0,20.3,84.0,29.4,0.0,0.0,0.0,0.0,0.0,0.0,36.1,92.2,4.2,8.6,96.0,997.6,997.6,2.7,4.7
2024-05-14 06:55:00+02:00,16.5,16.5,16.2,10.6,68.0,20.3,84.0,30.9,0.0,0.0,0.0,0.0,0.0,0.0,36.1,92.2,2.8,7.9,87.0,997.4,997.4,2.7,4.7
2024-05-14 07:00:00+02:00,16.7,16.7,16.4,10.7,68.0,20.3,84.0,32.1,0.0,0.0,0.0,0.0,0.0,0.0,36.1,92.2,2.7,5.8,85.0,997.6,997.6,2.7,4.7
2024-05-14 07:05:00+02:00,16.8,16.8,16.5,10.7,67.0,20.3,84.0,33.5,0.0,0.0,0.0,0.0,0.0,0.0,36.1,92.2,2.7,5.8,75.0,997.6,997.6,2.7,4.7
2024-05-14 07:10:00+02:00,17.0,17.0,16.6,10.7,66.0,20.3,84.0,34.8,0.0,0.0,0.0,0.0,0.0,0.0,36.1,92.2,3.2,5.8,78.0,997.6,997.6,2.7,4.7
2024-05-14 07:15:00+02:00,17.1,17.1,17.0,10.9,67.0,20.3,84.0,36.2,0.0,0.0,0.0,0.0,0.0,0.0,36.1,92.2,1.9,5.8,95.0,997.5,997.5,2.7,4.7
2024-05-14 07:20:00+02:00,17.1,17.1,16.8,10.9,67.0,20.3,85.0,37.5,0.0,0.0,0.0,0.0,0.0,0.0,36.1,92.2,2.9,4.7,92.0,997.4,997.4,2.7,4.7
2024-05-14 07:25:00+02:00,17.1,17.1,16.9,10.7,66.0,20.3,85.0,38.6,0.0,0.0,0.0,0.0,0.0,0.0,36.1,92.2,2.2,5.4,98.0,997.5,997.5,2.7,4.7
2024-05-14 07:30:00+02:00,17.3,17.3,17.2,10.7,65.0,20.3,85.0,39.5,0.0,0.0,0.0,0.0,0.0,0.0,36.1,92.2,1.7,5.4,113.0,997.5,997.5,2.7,4.7
2024-05-14 07:35:00+02:00,17.5,17.5,17.2,10.7,65.0,20.4,85.0,40.5,0.0,0.0,0.0,0.0,0.0,0.0,36.1,92.2,2.9,5.0,90.0,997.5,997.5,2.7,4.7
2024-05-14 07:40:00+02:00,17.7,17.7,17.6,10.8,64.0,20.4,85.0,41.4,0.0,0.0,0.0,0.0,0.0,0.0,36.1,92.2,1.9,5.0,114.0,997.5,997.5,2.7,4.7
2024-05-14 07:45:00+02:00,17.8,17.8,17.8,10.9,64.0,20.4,85.0,42.5,0.0,0.0,0.0,0.0,0.0,0.0,36.1,92.2,1.9,5.0,89.0,997.5,997.5,2.7,4.7
2024-05-14 07:50:00+02:00,18.2,18.2,18.0,10.9,62.0,20.4,85.0,43.6,0.0,0.0,0.0,0.0,0.0,0.0,36.1,92.2,2.1,5.4,111.0,997.4,997.4,2.7,4.7
2024-05-14 07:55:00+02:00,18.3,18.3,18.1,10.9,62.0,20.4,85.0,44.6,0.0,0.0,0.0,0.0,0.0,0.0,36.1,92.2,2.7,6.5,110.0,997.6,997.6,2.7,4.7
2024-05-14 08:00:00+02:00,18.5,18.5,18.3,11.1,62.0,20.5,85.0,45.6,0.0,0.0,0.0,0.0,0.0,0.0,36.1,92.2,2.7,6.5,107.0,997.5,997.5,2.7,4.7
2024-05-14 08:05:00+02:00,18.6,18.6,18.2,11.2,62.0,20.5,85.0,46.5,0.0,0.0,0.0,0.0,0.0,0.0,36.1,92.2,4.1,7.6,111.0,997.5,997.5,2.7,4.7
2024-05-14 08:10:00+02:00,18.9,18.9,18.6,11.0,60.0,20.5,85.0,47.3,0.0,0.0,0.0,0.0,0.0,0.0,36.1,92.2,2.9,7.6,123.0,997.5,997.5,2.7,4.7
2024-05-14 08:15:00+02:00,19.1,19.1,18.8,11.3,61.0,20.6,85.0,48.3,0.0,0.0,0.0,0.0,0.0,0.0,36.1,92.2,3.5,4.7,140.0,997.6,997.6,2.7,4.7
2024-05-14 08:20:00+02:00,19.2,19.2,19.2,11.2,60.0,20.6,85.0,142.0,1.0,0.0,0.0,0.0,0.0,0.0,36.1,92.2,2.0,5.8,94.0,997.6,997.6,2.7,4.7
2024-05-14 08:25:00+02:00,19.7,19.7,19.3,11.2,58.0,20.7,86.0,194.9,1.0,0.0,0.0,0.0,0.0,0.0,36.1,92.2,4.2,6.5,112.0,997.5,997.5,2.7,4.7
2024-05-14 08:30:00+02:00,20.4,20.4,20.4,11.4,56.0,20.7,86.0,201.6,1.0,0.0,0.0,0.0,0.0,0.0,36.1,92.2,2.0,7.6,90.0,997.6,997.6,2.7,4.7
2024-05-14 08:35:00+02:00,20.7,20.7,20.3,11.3,55.0,20.8,86.0,210.4,1.0,0.0,0.0,0.0,0.0,0.0,36.1,92.2,4.4,9.4,101.0,997.6,997.6,2.7,4.8
2024-05-14 08:40:00+02:00,21.1,21.1,20.8,11.4,54.0,20.8,86.0,218.9,2.0,0.0,0.0,0.0,0.0,0.0,36.1,92.2,4.1,9.0,105.0,997.6,997.6,2.7,4.8
2024-05-14 08:45:00+02:00,21.4,21.4,21.6,11.6,54.0,20.9,87.0,227.6,2.0,0.0,0.0,0.0,0.0,0.0,36.1,92.2,2.1,6.5,75.0,997.6,997.6,2.7,4.9
2024-05-14 08:50:00+02:00,22.0,22.0,21.7,11.5,52.0,21.1,87.0,236.5,2.0,0.0,0.0,0.0,0.0,0.0,36.1,92.2,3.5,7.9,78.0,997.7,997.7,2.7,4.9
2024-05-14 08:55:00+02:00,22.2,22.2,22.2,11.6,51.0,21.3,87.0,245.8,2.0,0.0,0.0,0.0,0.0,0.0,36.1,92.2,2.8,7.9,92.0,997.6,997.6,2.7,5.0
2024-05-14 09:00:00+02:00,22.6,22.6,22.3,11.3,49.0,21.6,88.0,253.8,2.0,0.0,0.0,0.0,0.0,0.0,36.1,92.2,4.0,8.3,86.0,997.6,997.6,2.7,5.0
2024-05-14 09:05:00+02:00,22.6,22.6,22.5,11.7,50.0,21.8,88.0,263.3,2.0,0.0,0.0,0.0,0.0,0.0,36.1,92.2,3.3,8.3,116.0,997.6,997.6,2.7,5.1
2024-05-14 09:10:00+02:00,22.7,22.7,22.4,11.4,49.0,22.1,88.0,272.2,2.0,0.0,0.0,0.0,0.0,0.0,36.1,92.2,3.7,10.4,89.0,997.7,997.7,2.7,5.1
2024-05-14 09:15:00+02:00,23.2,23.2,23.2,11.4,47.0,22.4,88.0,281.1,2.0,0.0,0.0,0.0,0.0,0.0,36.1,92.2,2.4,6.1,39.0,997.6,997.6,2.7,5.2
2024-05-14 09:20:00+02:00,23.4,23.4,22.6,11.4,47.0,22.7,87.0,292.3,2.0,0.0,0.0,0.0,0.0,0.0,36.1,92.2,6.3,10.1,68.0,997.5,997.5,2.7,5.2
2024-05-14 09:25:00+02:00,23.0,23.0,22.8,11.8,49.0,22.9,87.0,301.7,2.0,0.0,0.0,0.0,0.0,0.0,36.1,92.2,3.9,9.7,137.0,997.5,997.5,2.7,5.2
2024-05-14 09:30:00+02:00,23.3,23.3,23.2,11.8,48.0,23.2,87.0,310.8,2.0,0.0,0.0,0.0,0.0,0.0,36.1,92.2,3.5,7.2,120.0,997.6,997.6,2.7,5.2
2024-05-14 09:35:00+02:00,23.8,23.8,23.4,11.5,46.0,23.5,87.0,319.2,2.0,0.0,0.0,0.0,0.0,0.0,36.1,92.2,4.3,8.3,57.0,997.6,997.6,2.7,5.3
2024-05-14 09:40:00+02:00,23.8,23.8,23.9,11.9,47.0,23.8,87.0,325.8,3.0,0.0,0.0,0.0,0.0,0.0,36.1,92.2,2.8,7.9,86.0,997.5,997.5,2.7,5.3
2024-05-14 09:45:00+02:00,24.0,24.0,24.1,12.3,48.0,24.2,87.0,335.3,3.0,0.0,0.0,0.0,0.0,0.0,36.1,92.2,3.2,8.3,87.0,997.4,997.4,2.7,5.3
2024-05-14 09:50:00+02:00,24.1,24.1,24.0,11.9,47.0,24.5,87.0,343.5,3.0,0.0,0.0,0.0,0.0,0.0,36.1,92.2,3.6,11.5,91.0,997.4,997.4,2.7,5.3
2024-05-14 09:55:00+02:00,24.3,24.3,24.0,12.1,46.0,24.8,86.0,352.2,3.0,0.0,0.0,0.0,0.0,0.0,36.1,92.2,4.8,9.4,107.0,997.4,997.4,2.7,5.3
2024-05-14 10:00:00+02:00,23.9,23.9,23.7,11.8,47.0,25.1,86.0,360.0,3.0,0.0,0.0,0.0,0.0,0.0,36.1,92.2,3.8,10.4,132.0,997.4,997.4,2.7,5.3
2024-05-14 10:05:00+02:00,24.2,24.2,24.1,11.9,46.0,25.3,86.0,368.3,3.0,0.0,0.0,0.0,0.0,0.0,36.1,92.2,3.1,15.8,173.0,997.3,997.3,2.68,5.3
2024-05-14 10:10:00+02:00,24.6,24.6,24.6,12.0,45.0,25.7,86.0,377.0,3.0,0.0,0.0,0.0,0.0,0.0,36.1,92.2,3.1,7.9,65.0,997.2,997.2,2.68,5.3
2024-05-14 10:15:00+02:00,24.3,24.3,24.0,12.1,46.0,25.9,86.0,382.9,3.0,0.0,0.0,0.0,0.0,0.0,36.1,92.2,4.7,13.7,132.0,997.2,997.2,2.68,5.3
2024-05-14 10:20:00+02:00,24.5,24.5,24.8,12.4,47.0,26.2,85.0,395.2,3.0,0.0,0.0,0.0,0.0,0.0,36.1,92.2,1.9,6.8,109.0,997.1,997.1,2.68,5.3
2024-05-14 10:25:00+02:00,24.8,24.8,24.5,12.4,46.0,26.5,85.0,403.9,3.0,0.0,0.0,0.0,0.0,0.0,36.1,92.2,5.2,12.6,124.0,997.1,997.1,2.68,5.3
2024-05-14 10:30:00+02:00,24.8,24.8,24.8,12.4,46.0,26.7,85.0,414.1,3.0,0.0,0.0,0.0,0.0,0.0,36.1,92.2,3.7,12.2,245.0,997.1,997.1,2.68,5.3
2024-05-14 10:35:00+02:00,25.1,25.1,25.0,12.8,46.0,27.1,85.0,426.4,3.0,0.0,0.0,0.0,0.0,0.0,36.1,92.2,4.8,12.2,131.0,997.1,997.1,2.68,5.3
2024-05-14 10:40:00+02:00,24.7,24.7,24.2,12.6,47.0,27.3,84.0,435.5,4.0,0.0,0.0,0.0,0.0,0.0,36.1,92.2,7.1,14.0,145.0,997.1,997.1,2.68,5.3
2024-05-14 10:45:00+02:00,25.1,25.1,25.0,12.0,44.0,27.6,84.0,444.5,4.0,0.0,0.0,0.0,0.0,0.0,36.1,92.2,3.4,7.9,70.0,996.9,996.9,2.68,5.3
2024-05-14 10:50:00+02:00,25.7,25.7,25.7,13.0,46.0,27.8,84.0,450.9,4.0,0.0,0.0,0.0,0.0,0.0,36.1,92.2,4.5,12.2,80.0,996.9,996.9,2.68,5.3
2024-05-14 10:55:00+02:00,25.6,25.6,25.5,12.6,44.0,28.1,83.0,458.7,4.0,0.0,0.0,0.0,0.0,0.0,36.1,92.2,4.5,13.7,147.0,996.8,996.8,2.68,5.3
2024-05-14 11:00:00+02:00,25.3,25.3,24.8,12.3,44.0,28.4,83.0,468.5,4.0,0.0,0.0,0.0,0.0,0.0,36.1,92.2,6.5,14.4,113.0,996.8,996.8,2.68,5.3
2024-05-14 11:05:00+02:00,25.3,25.3,25.0,12.8,46.0,28.6,83.0,473.7,4.0,0.0,0.0,0.0,0.0,0.0,36.1,92.2,6.1,12.6,151.0,996.9,996.9,2.68,5.3
2024-05-14 11:10:00+02:00,25.6,25.6,25.3,12.6,44.0,28.9,83.0,481.4,4.0,0.0,0.0,0.0,0.0,0.0,36.1,92.2,5.6,16.2,104.0,996.8,996.8,2.68,5.3
2024-05-14 11:15:00+02:00,25.6,25.6,25.0,12.4,44.0,29.1,82.0,490.3,4.0,0.0,0.0,0.0,0.0,0.0,36.1,92.2,7.1,15.5,114.0,996.9,996.9,2.68,5.3
2024-05-14 11:20:00+02:00,25.6,25.6,24.7,12.1,43.0,29.4,82.0,498.3,4.0,0.0,0.0,0.0,0.0,0.0,36.1,92.2,8.0,16.2,93.0,996.8,996.8,2.68,5.3
2024-05-14 11:25:00+02:00,25.3,25.3,23.8,11.8,43.0,29.6,82.0,503.2,4.0,0.0,0.0,0.0,0.0,0.0,36.1,92.2,10.9,19.8,130.0,996.8,996.8,2.68,5.3
2024-05-14 11:30:00+02:00,25.5,25.5,24.4,12.0,43.0,29.8,82.0,507.7,4.0,0.0,0.0,0.0,0.0,0.0,36.1,92.2,8.7,16.2,110.0,996.7,996.7,2.68,5.3
2024-05-14 11:35:00+02:00,26.0,26.0,25.8,12.5,43.0,30.1,82.0,508.8,4.0,0.0,0.0,0.0,0.0,0.0,36.1,92.2,4.5,14.4,123.0,996.7,996.7,2.68,5.3
2024-05-14 11:40:00+02:00,25.7,25.7,24.6,11.7,41.0,30.3,81.0,519.5,4.0,0.0,0.0,0.0,0.0,0.0,36.1,92.2,8.5,20.2,133.0,996.7,996.7,2.68,5.3
2024-05-14 11:45:00+02:00,26.0,26.0,25.7,12.4,43.0,30.5,81.0,523.3,4.0,0.0,0.0,0.0,0.0,0.0,36.1,92.2,5.0,18.4,134.0,996.7,996.7,2.68,5.3
2024-05-14 11:50:00+02:00,26.2,26.2,25.8,11.7,40.0,30.7,81.0,530.1,4.0,0.0,0.0,0.0,0.0,0.0,36.1,92.2,4.4,10.4,68.0,996.6,996.6,2.68,5.3
2024-05-14 11:55:00+02:00,26.8,26.7,26.4,12.0,40.0,30.9,81.0,534.4,4.0,0.0,0.0,0.0,0.0,0.0,36.1,92.2,5.3,13.0,117.0,996.5,996.5,2.68,5.3
2024-05-14 12:00:00+02:00,26.5,26.5,26.3,12.6,42.0,31.1,81.0,539.3,5.0,0.0,0.0,0.0,0.0,0.0,36.1,92.2,5.2,11.9,117.0,996.5,996.5,2.68,5.3
2024-05-14 12:05:00+02:00,26.5,26.5,25.7,11.4,39.0,31.3,81.0,547.4,5.0,0.0,0.0,0.0,0.0,0.0,36.1,92.2,6.3,12.2,107.0,996.5,996.5,2.68,5.3
2024-05-14 12:10:00+02:00,27.0,26.8,26.9,11.8,39.0,31.4,81.0,554.3,5.0,0.0,0.0,0.0,0.0,0.0,36.1,92.2,3.3,10.4,121.0,996.4,996.4,2.68,5.3
2024-05-14 12:15:00+02:00,27.3,26.9,26.7,11.0,36.0,31.7,81.0,564.1,5.0,0.0,0.0,0.0,0.0,0.0,36.1,92.2,5.0,10.1,91.0,996.4,996.4,2.68,5.3
2024-05-14 12:20:00+02:00,27.4,27.0,27.2,11.5,37.0,31.8,81.0,566.4,5.0,0.0,0.0,0.0,0.0,0.0,36.1,92.2,3.5,10.4,124.0,996.3,996.3,2.68,5.3
2024-05-14 12:25:00+02:00,27.3,27.0,26.2,11.5,37.0,32.0,80.0,569.1,5.0,0.0,0.0,0.0,0.0,0.0,36.1,92.2,8.1,17.6,137.0,996.4,996.4,2.68,5.3
2024-05-14 12:30:00+02:00,26.6,26.5,25.1,10.5,37.0,32.2,80.0,573.7,5.0,0.0,0.0,0.0,0.0,0.0,36.1,92.2,8.8,25.2,117.0,996.2,996.2,2.68,5.3
2024-05-14 12:35:00+02:00,26.8,26.6,26.3,10.8,37.0,32.3,80.0,577.7,5.0,0.0,0.0,0.0,0.0,0.0,36.1,92.2,4.2,25.2,127.0,996.3,996.3,2.68,5.3
2024-05-14 12:40:00+02:00,27.0,26.8,25.4,11.2,37.0,32.5,80.0,577.2,5.0,0.0,0.0,0.0,0.0,0.0,36.1,92.2,10.2,20.9,141.0,996.3,996.3,2.68,5.3
2024-05-14 12:45:00+02:00,26.5,26.5,24.6,11.0,38.0,32.7,80.0,571.1,5.0,0.0,0.0,0.0,0.0,0.0,36.1,92.2,11.0,20.5,135.0,996.3,996.3,2.68,5.3
2024-05-14 12:50:00+02:00,26.8,26.7,26.4,11.5,38.0,32.8,80.0,578.7,5.0,0.0,0.0,0.0,0.0,0.0,36.1,92.2,4.5,14.8,121.0,996.2,996.2,2.68,5.3
2024-05-14 12:55:00+02:00,26.9,26.7,26.2,11.5,38.0,32.9,80.0,584.1,5.0,0.0,0.0,0.0,0.0,0.0,36.1,92.2,5.8,13.7,137.0,996.2,996.2,2.68,5.3
2024-05-14 13:00:00+02:00,26.8,26.7,26.3,11.6,39.0,33.0,80.0,589.3,5.0,0.0,0.0,0.0,0.0,0.0,36.1,92.2,5.2,16.2,96.0,996.1,996.1,2.68,5.3
2024-05-14 13:05:00+02:00,27.1,26.8,26.9,11.0,37.0,33.1,80.0,577.9,5.0,0.0,0.0,0.0,0.0,0.0,36.1,92.2,2.8,16.2,115.0,996.3,996.3,2.68,5.3
2024-05-14 13:10:00+02:00,27.5,27.1,26.7,11.1,36.0,33.2,80.0,582.2,5.0,0.0,0.0,0.0,0.0,0.0,36.1,92.2,6.3,19.4,107.0,996.2,996.2,2.68,5.3
2024-05-14 13:15:00+02:00,27.3,26.9,26.2,11.5,37.0,33.3,80.0,592.5,5.0,0.0,0.0,0.0,0.0,0.0,36.1,92.2,7.6,20.2,107.0,996.1,996.1,2.68,5.3
2024-05-14 13:20:00+02:00,27.1,26.9,26.2,11.8,38.0,33.4,80.0,584.9,5.0,0.0,0.0,0.0,0.0,0.0,36.1,92.2,7.6,20.2,99.0,996.0,996.0,2.68,5.3
2024-05-14 13:25:00+02:00,26.9,26.7,24.9,11.1,37.0,33.5,80.0,611.0,5.0,0.0,0.0,0.0,0.0,0.0,36.1,92.2,11.7,30.6,105.0,996.1,996.1,2.68,5.3
2024-05-14 13:30:00+02:00,26.9,26.6,25.4,11.0,37.0,33.7,80.0,644.7,5.0,0.0,0.0,0.0,0.0,0.0,36.1,92.2,9.4,30.6,138.0,996.0,996.0,2.68,5.3
2024-05-14 13:35:00+02:00,27.1,26.8,26.3,11.7,38.0,33.8,79.0,627.5,5.0,0.0,0.0,0.0,0.0,0.0,36.1,92.2,6.7,15.1,116.0,995.9,995.9,2.68,5.3
2024-05-14 13:40:00+02:00,27.4,27.1,26.1,12.1,39.0,33.8,79.0,605.8,5.0,0.0,0.0,0.0,0.0,0.0,36.1,92.2,9.9,23.4,127.0,995.9,995.9,2.68,5.3
2024-05-14 13:45:00+02:00,27.2,26.9,26.7,11.7,38.0,33.9,79.0,574.3,5.0,0.0,0.0,0.0,0.0,0.0,36.1,92.2,5.4,15.8,137.0,995.8,995.8,2.68,5.3
2024-05-14 13:50:00+02:00,27.6,27.2,26.1,11.8,38.0,33.9,79.0,576.7,5.0,0.0,0.0,0.0,0.0,0.0,36.1,92.2,10.7,14.8,129.0,995.8,995.8,2.68,5.3
2024-05-14 13:55:00+02:00,27.8,27.2,26.7,11.4,36.0,34.0,79.0,580.0,5.0,0.0,0.0,0.0,0.0,0.0,36.1,92.2,7.9,15.1,94.0,995.7,995.7,2.68,5.3
2024-05-14 14:00:00+02:00,27.7,27.1,26.8,10.9,35.0,34.0,79.0,586.0,5.0,0.0,0.0,0.0,0.0,0.0,36.1,92.2,6.1,16.6,145.0,995.7,995.7,2.68,5.3
2024-05-14 14:05:00+02:00,27.8,27.5,27.1,11.1,36.0,34.1,79.0,597.4,5.0,0.0,0.0,0.0,0.0,0.0,36.1,92.2,5.2,13.0,120.0,995.6,995.6,2.68,5.3
2024-05-14 14:10:00+02:00,27.8,27.4,26.6,11.5,36.0,34.2,79.0,601.5,5.0,0.0,0.0,0.0,0.0,0.0,36.1,92.2,8.2,16.9,129.0,995.6,995.6,2.68,5.3
2024-05-14 14:15:00+02:00,27.5,27.1,26.7,11.3,36.0,34.2,79.0,618.5,5.0,0.0,0.0,0.0,0.0,0.0,36.1,92.2,6.1,15.8,130.0,995.6,995.6,2.68,5.3
2024-05-14 14:20:00+02:00,27.0,26.8,26.4,11.4,38.0,34.2,79.0,592.6,5.0,0.0,0.0,0.0,0.0,0.0,36.1,92.2,5.5,13.0,134.0,995.6,995.6,2.68,5.3
2024-05-14 14:25:00+02:00,27.7,27.3,26.7,11.2,36.0,34.3,79.0,598.0,5.0,0.0,0.0,0.0,0.0,0.0,36.1,92.2,7.4,14.0,128.0,995.4,995.4,2.68,5.3
2024-05-14 14:30:00+02:00,28.2,27.8,27.9,11.7,36.0,34.3,79.0,607.6,5.0,0.0,0.0,0.0,0.0,0.0,36.1,92.2,4.4,11.9,137.0,995.4,995.4,2.68,5.3
2024-05-14 14:35:00+02:00,27.9,27.5,26.9,11.2,35.0,34.3,79.0,601.5,5.0,0.0,0.0,0.0,0.0,0.0,36.1,92.2,7.3,17.3,98.0,995.4,995.4,2.68,5.3
2024-05-14 14:40:00+02:00,27.4,26.9,26.1,10.9,36.0,34.3,79.0,596.5,5.0,0.0,0.0,0.0,0.0,0.0,36.1,92.2,8.2,16.6,133.0,995.4,995.4,2.68,5.3
2024-05-14 14:45:00+02:00,27.4,27.0,26.3,11.2,37.0,34.3,79.0,605.7,5.0,0.0,0.0,0.0,0.0,0.0,36.1,92.2,7.3,16.6,108.0,995.3,995.3,2.68,5.3
2024-05-14 14:50:00+02:00,27.6,27.2,26.4,11.5,37.0,34.3,79.0,620.7,5.0,0.0,0.0,0.0,0.0,0.0,36.1,92.2,8.6,25.2,125.0,995.4,995.4,2.68,5.3
2024-05-14 14:55:00+02:00,27.6,27.5,26.5,11.1,36.0,34.3,79.0,604.0,5.0,0.0,0.0,0.0,0.0,0.0,36.1,92.2,7.8,19.1,90.0,995.4,995.4,2.68,5.3
2024-05-14 15:00:00+02:00,28.3,28.1,27.9,10.6,33.0,34.3,80.0,604.1,5.0,0.0,0.0,0.0,0.0,0.0,36.1,92.2,2.9,15.8,70.0,995.4,995.4,2.68,5.3
2024-05-14 15:05:00+02:00,28.0,27.4,26.7,11.3,36.0,34.4,80.0,605.1,5.0,0.0,0.0,0.0,0.0,0.0,36.1,92.2,8.5,15.8,126.0,995.3,995.3,2.68,5.3
2024-05-14 15:10:00+02:00,27.2,26.8,25.5,10.5,35.0,34.3,80.0,497.6,4.0,0.0,0.0,0.0,0.0,0.0,36.1,92.2,9.5,23.4,143.0,995.4,995.4,2.68,5.3
2024-05-14 15:15:00+02:00,27.2,27.0,26.9,10.6,35.0,34.3,80.0,609.5,5.0,0.0,0.0,0.0,0.0,0.0,36.1,92.2,3.0,12.6,82.0,995.4,995.4,2.68,5.3
2024-05-14 15:20:00+02:00,28.0,27.8,26.3,10.9,34.0,34.3,80.0,601.2,5.0,0.0,0.0,0.0,0.0,0.0,36.1,92.2,10.5,21.6,123.0,995.4,995.4,2.68,5.3
2024-05-14 15:25:00+02:00,28.1,28.1,26.6,10.0,32.0,34.3,80.0,587.1,5.0,0.0,0.0,0.0,0.0,0.0,36.1,92.2,7.7,18.0,130.0,995.2,995.2,2.68,5.3
2024-05-14 15:30:00+02:00,28.5,28.5,27.9,10.6,33.0,34.3,80.0,560.8,5.0,0.0,0.0,0.0,0.0,0.0,36.1,92.2,4.2,16.2,100.0,995.3,995.3,2.68,5.3
2024-05-14 15:35:00+02:00,28.7,28.7,27.8,10.5,32.0,34.4,80.0,551.2,5.0,0.0,0.0,0.0,0.0,0.0,36.1,92.2,5.5,14.4,120.0,995.3,995.3,2.68,5.3
2024-05-14 15:40:00+02:00,28.3,28.3,26.6,9.8,32.0,34.3,81.0,564.2,5.0,0.0,0.0,0.0,0.0,0.0,36.1,92.2,8.8,18.0,93.0,995.2,995.2,2.68,5.3
2024-05-14 15:45:00+02:00,28.3,28.3,27.5,10.2,32.0,34.4,81.0,593.8,5.0,0.0,0.0,0.0,0.0,0.0,36.1,92.2,4.5,18.0,134.0,995.1,995.1,2.68,5.3
2024-05-14 15:50:00+02:00,28.7,28.7,27.5,10.2,32.0,34.4,81.0,606.0,5.0,0.0,0.0,0.0,0.0,0.0,36.1,92.2,6.3,12.2,137.0,995.2,995.2,2.68,5.3
2024-05-14 15:55:00+02:00,28.2,28.1,26.9,10.4,33.0,34.4,81.0,569.0,5.0,0.0,0.0,0.0,0.0,0.0,36.1,92.2,7.8,19.1,141.0,995.2,995.2,2.68,5.3
2024-05-14 16:00:00+02:00,27.9,27.9,27.4,9.6,32.0,34.4,81.0,556.8,5.0,0.0,0.0,0.0,0.0,0.0,36.1,92.2,2.2,15.8,108.0,995.2,995.2,2.68,5.3
2024-05-14 16:05:00+02:00,28.8,28.8,28.5,10.2,32.0,34.4,82.0,545.1,5.0,0.0,0.0,0.0,0.0,0.0,36.1,92.2,1.6,7.9,157.0,995.0,995.0,2.68,5.3
2024-05-14 16:10:00+02:00,28.9,28.9,27.6,9.9,31.0,34.4,82.0,562.4,5.0,0.0,0.0,0.0,0.0,0.0,36.1,92.2,6.7,17.3,112.0,995.0,995.0,2.68,5.3
2024-05-14 16:15:00+02:00,28.5,28.5,27.3,10.1,32.0,34.4,82.0,558.5,5.0,0.0,0.0,0.0,0.0,0.0,36.1,92.2,6.6,17.3,102.0,995.2,995.2,2.68,5.3
2024-05-14 16:20:00+02:00,28.0,28.0,26.5,9.2,31.0,34.4,82.0,515.0,4.0,0.0,0.0,0.0,0.0,0.0,36.1,92.2,6.6,19.1,135.0,995.1,995.1,2.68,5.3
2024-05-14 16:25:00+02:00,28.0,28.0,26.8,10.0,33.0,34.4,82.0,514.8,4.0,0.0,0.0,0.0,0.0,0.0,36.1,92.2,6.3,17.6,133.0,995.1,995.1,2.68,5.3
2024-05-14 16:30:00+02:00,27.9,27.9,26.5,9.3,31.0,34.4,82.0,486.7,4.0,0.0,0.0,0.0,0.0,0.0,36.1,92.2,6.3,18.4,127.0,995.1,995.1,2.68,5.3
2024-05-14 16:35:00+02:00,27.8,27.8,26.3,9.3,31.0,34.4,83.0,478.1,4.0,0.0,0.0,0.0,0.0,0.0,36.1,92.2,7.1,18.4,138.0,995.1,995.1,2.68,5.3
2024-05-14 16:40:00+02:00,27.7,27.7,26.6,9.5,32.0,34.4,83.0,464.0,4.0,0.0,0.0,0.0,0.0,0.0,36.1,92.2,5.3,16.2,131.0,995.1,995.1,2.68,5.3
2024-05-14 16:45:00+02:00,27.4,27.4,24.4,9.1,32.0,34.3,83.0,452.6,4.0,0.0,0.0,0.0,0.0,0.0,36.1,92.2,14.7,24.5,125.0,995.0,995.0,2.68,5.3
2024-05-14 16:50:00+02:00,27.1,27.1,25.1,9.0,32.0,34.3,83.0,447.6,4.0,0.0,0.0,0.0,0.0,0.0,36.1,92.2,9.4,19.1,125.0,995.0,995.0,2.68,5.3
2024-05-14 16:55:00+02:00,27.6,27.6,26.5,9.4,32.0,34.2,83.0,431.2,4.0,0.0,0.0,0.0,0.0,0.0,36.1,92.2,5.3,10.4,129.0,994.9,994.9,2.68,5.3
2024-05-14 17:00:00+02:00,28.0,28.0,27.0,9.0,30.0,34.2,83.0,419.6,3.0,0.0,0.0,0.0,0.0,0.0,36.1,92.2,4.0,10.4,107.0,994.9,994.9,2.68,5.3
2024-05-14 17:05:00+02:00,27.9,27.9,26.4,9.2,31.0,34.2,84.0,414.2,3.0,0.0,0.0,0.0,0.0,0.0,36.1,92.2,6.9,14.0,136.0,994.9,994.9,2.68,5.3
2024-05-14 17:10:00+02:00,27.7,27.7,25.8,8.6,30.0,34.2,84.0,413.0,3.0,0.0,0.0,0.0,0.0,0.0,36.1,92.2,8.1,17.6,120.0,995.0,995.0,2.68,5.3
2024-05-14 17:15:00+02:00,27.6,27.6,26.1,9.4,32.0,34.2,84.0,408.4,3.0,0.0,0.0,0.0,0.0,0.0,36.1,92.2,6.9,15.5,130.0,994.8,994.8,2.68,5.3
2024-05-14 17:20:00+02:00,28.2,28.2,27.6,9.4,31.0,34.2,84.0,406.0,3.0,0.0,0.0,0.0,0.0,0.0,36.1,92.2,2.3,11.9,84.0,994.9,994.9,2.68,5.3
2024-05-14 17:25:00+02:00,28.4,28.4,27.2,9.6,31.0,34.2,84.0,407.4,3.0,0.0,0.0,0.0,0.0,0.0,36.1,92.2,5.7,20.2,149.0,994.8,994.8,2.68,5.3
2024-05-14 17:30:00+02:00,28.4,28.4,27.9,9.8,31.0,34.1,84.0,397.9,3.0,0.0,0.0,0.0,0.0,0.0,36.1,92.2,2.7,7.9,154.0,994.8,994.8,2.68,5.3
2024-05-14 17:35:00+02:00,28.7,28.7,28.2,10.3,32.0,34.1,84.0,379.7,3.0,0.0,0.0,0.0,0.0,0.0,36.1,92.2,3.2,20.9,110.0,994.8,994.8,2.68,5.3
2024-05-14 17:40:00+02:00,28.1,28.1,26.2,9.8,32.0,34.1,84.0,351.3,3.0,0.0,0.0,0.0,0.0,0.0,36.1,92.2,10.0,20.9,121.0,994.7,994.7,2.68,5.3
2024-05-14 17:45:00+02:00,27.8,27.8,27.1,8.9,31.0,34.0,84.0,304.7,2.0,0.0,0.0,0.0,0.0,0.0,36.1,92.2,2.6,15.8,104.0,994.8,994.8,2.68,5.3
2024-05-14 17:50:00+02:00,28.0,28.0,27.3,9.3,31.0,33.9,84.0,301.2,2.0,0.0,0.0,0.0,0.0,0.0,36.1,92.2,2.8,6.1,109.0,994.7,994.7,2.68,5.3
2024-05-14 17:55:00+02:00,27.9,27.9,26.4,9.3,31.0,33.9,84.0,280.9,2.0,0.0,0.0,0.0,0.0,0.0,36.1,92.2,6.6,15.8,135.0,994.7,994.7,2.68,5.3
2024-05-14 18:00:00+02:00,27.1,27.0,25.9,9.1,32.0,33.8,84.0,269.6,2.0,0.0,0.0,0.0,0.0,0.0,36.1,92.2,5.5,16.2,143.0,994.7,994.7,2.68,5.3
2024-05-14 18:05:00+02:00,27.3,27.3,26.3,9.0,32.0,33.7,84.0,220.9,2.0,0.0,0.0,0.0,0.0,0.0,36.1,92.2,3.6,7.2,103.0,994.8,994.8,2.68,5.3
2024-05-14 18:10:00+02:00,27.3,27.3,26.7,9.4,33.0,33.7,84.0,76.6,0.0,0.0,0.0,0.0,0.0,0.0,36.1,92.2,2.3,6.1,102.0,994.7,994.7,2.68,5.3
2024-05-14 18:15:00+02:00,27.2,27.2,26.1,9.4,33.0,33.6,84.0,71.2,0.0,0.0,0.0,0.0,0.0,0.0,36.1,92.2,4.8,13.3,81.0,994.7,994.7,2.68,5.3
2024-05-14 18:20:00+02:00,26.9,26.9,24.6,8.6,31.0,33.5,84.0,128.8,1.0,0.0,0.0,0.0,0.0,0.0,36.1,92.2,10.2,20.5,133.0,994.7,994.7,2.68,5.3
2024-05-14 18:25:00+02:00,26.9,26.9,25.5,8.7,32.0,33.4,84.0,140.2,1.0,0.0,0.0,0.0,0.0,0.0,36.1,92.2,5.9,20.2,100.0,994.6,994.6,2.7,5.3
2024-05-14 18:30:00+02:00,26.9,26.9,24.4,8.5,31.0,33.3,84.0,182.5,1.0,0.0,0.0,0.0,0.0,0.0,36.1,92.2,11.0,21.6,124.0,994.7,994.7,2.7,5.3
2024-05-14 18:35:00+02:00,26.6,26.6,24.3,8.2,31.0,33.3,84.0,185.2,1.0,0.0,0.0,0.0,0.0,0.0,36.1,92.2,9.7,19.1,139.0,994.7,994.7,2.7,5.3
2024-05-14 18:40:00+02:00,26.5,26.5,24.9,8.3,32.0,33.2,84.0,127.6,1.0,0.0,0.0,0.0,0.0,0.0,36.1,92.2,6.3,13.7,131.0,994.6,994.6,2.7,5.3
2024-05-14 18:45:00+02:00,26.5,26.5,25.3,8.6,32.0,33.1,84.0,50.3,0.0,0.0,0.0,0.0,0.0,0.0,36.1,92.2,4.5,13.7,116.0,994.6,994.6,2.7,5.3
2024-05-14 18:50:00+02:00,26.4,26.4,25.4,9.2,34.0,33.0,84.0,45.6,0.0,0.0,0.0,0.0,0.0,0.0,36.1,92.2,4.2,8.3,131.0,994.6,994.6,2.7,5.3
2024-05-14 18:55:00+02:00,25.9,25.9,24.8,8.8,34.0,32.9,84.0,50.8,0.0,0.0,0.0,0.0,0.0,0.0,36.1,92.2,4.3,13.0,134.0,994.7,994.7,2.7,5.3
2024-05-14 19:00:00+02:00,26.2,26.2,24.8,8.7,33.0,32.8,83.0,49.2,0.0,0.0,0.0,0.0,0.0,0.0,36.1,92.2,5.3,11.2,127.0,994.6,994.6,2.7,5.3
2024-05-14 19:05:00+02:00,26.1,26.1,24.9,8.6,33.0,32.7,83.0,41.8,0.0,0.0,0.0,0.0,0.0,0.0,36.1,92.2,4.6,12.2,118.0,994.6,994.6,2.7,5.3
2024-05-14 19:10:00+02:00,26.0,26.0,24.9,8.4,33.0,32.6,83.0,38.7,0.0,0.0,0.0,0.0,0.0,0.0,36.1,92.2,3.5,10.4,123.0,994.7,994.7,2.7,5.3
2024-05-14 19:15:00+02:00,26.0,26.0,24.5,8.3,33.0,32.5,83.0,37.3,0.0,0.0,0.0,0.0,0.0,0.0,36.1,92.2,5.5,9.7,117.0,994.7,994.7,2.7,5.3
2024-05-14 19:20:00+02:00,25.9,25.9,24.9,8.8,34.0,32.4,83.0,36.3,0.0,0.0,0.0,0.0,0.0,0.0,36.1,92.2,3.6,8.3,155.0,994.7,994.7,2.7,5.3
2024-05-14 19:25:00+02:00,25.8,25.8,23.9,8.6,34.0,32.3,83.0,35.1,0.0,0.0,0.0,0.0,0.0,0.0,36.1,92.2,8.3,18.0,135.0,994.6,994.6,2.7,5.3
2024-05-14 19:30:00+02:00,25.7,25.7,23.8,8.6,34.0,32.2,83.0,33.8,0.0,0.0,0.0,0.0,0.0,0.0,36.1,92.2,8.3,18.0,124.0,994.8,994.8,2.7,5.3
2024-05-14 19:35:00+02:00,25.6,25.6,23.7,8.2,33.0,32.1,83.0,32.5,0.0,0.0,0.0,0.0,0.0,0.0,36.1,92.2,7.6,20.2,126.0,994.8,994.8,2.7,5.2
2024-05-14 19:40:00+02:00,25.5,25.5,24.0,8.4,34.0,32.0,83.0,30.9,0.0,0.0,0.0,0.0,0.0,0.0,36.1,92.2,5.9,12.6,108.0,994.8,994.8,2.7,5.2
2024-05-14 19:45:00+02:00,25.3,25.3,23.9,8.2,34.0,31.9,83.0,29.4,0.0,0.0,0.0,0.0,0.0,0.0,36.1,92.2,5.2,11.9,125.0,994.9,994.9,2.7,5.2
2024-05-14 19:50:00+02:00,25.4,25.4,23.2,8.1,33.0,31.8,83.0,28.1,0.0,0.0,0.0,0.0,0.0,0.0,36.1,92.2,8.9,13.3,120.0,995.0,995.0,2.7,5.2
2024-05-14 19:55:00+02:00,25.2,25.2,24.1,8.5,34.0,31.7,83.0,26.6,0.0,0.0,0.0,0.0,0.0,0.0,36.1,92.2,3.8,13.0,127.0,994.9,994.9,2.7,5.2
2024-05-14 20:00:00+02:00,25.2,25.2,23.5,7.9,33.0,31.5,83.0,25.3,0.0,0.0,0.0,0.0,0.0,0.0,36.1,92.2,6.0,14.0,128.0,994.9,994.9,2.7,5.2
2024-05-14 20:05:00+02:00,25.2,25.2,24.2,8.4,34.0,31.4,83.0,23.9,0.0,0.0,0.0,0.0,0.0,0.0,36.1,92.2,3.2,12.2,90.0,995.0,995.0,2.7,5.2
2024-05-14 20:10:00+02:00,25.0,25.0,24.3,8.7,36.0,31.3,83.0,22.4,0.0,0.0,0.0,0.0,0.0,0.0,36.1,92.2,2.2,7.2,128.0,995.0,995.0,2.7,5.2
2024-05-14 20:15:00+02:00,24.9,24.9,24.1,8.6,35.0,31.3,83.0,21.1,0.0,0.0,0.0,0.0,0.0,0.0,36.1,92.2,2.5,7.6,97.0,995.2,995.2,2.7,5.2
2024-05-14 20:20:00+02:00,24.8,24.8,23.7,8.5,35.0,31.2,83.0,19.5,0.0,0.0,0.0,0.0,0.0,0.0,36.1,92.2,3.9,8.6,93.0,995.1,995.1,2.7,5.2
2024-05-14 20:25:00+02:00,24.6,24.6,23.8,8.8,37.0,31.0,83.0,18.1,0.0,0.0,0.0,0.0,0.0,0.0,36.1,92.2,2.9,7.2,97.0,995.2,995.2,2.7,5.2
2024-05-14 20:30:00+02:00,24.4,24.4,23.7,8.8,37.0,31.0,83.0,16.6,0.0,0.0,0.0,0.0,0.0,0.0,36.1,92.2,2.3,5.0,123.0,995.2,995.2,2.7,5.2
2024-05-14 20:35:00+02:00,24.2,24.2,23.2,8.9,38.0,30.9,83.0,14.8,0.0,0.0,0.0,0.0,0.0,0.0,36.1,92.2,3.8,7.6,137.0,995.1,995.1,2.7,5.2
2024-05-14 20:40:00+02:00,24.1,24.1,23.4,8.7,38.0,30.8,83.0,12.8,0.0,0.0,0.0,0.0,0.0,0.0,36.1,92.2,2.1,5.8,95.0,995.2,995.2,2.7,5.2
2024-05-14 20:45:00+02:00,23.8,23.8,23.4,9.0,39.0,30.7,83.0,10.7,0.0,0.0,0.0,0.0,0.0,0.0,36.1,92.2,0.8,4.7,134.0,995.3,995.3,2.7,5.2
2024-05-14 20:50:00+02:00,23.6,23.6,23.2,9.0,39.0,30.6,83.0,8.5,0.0,0.0,0.0,0.0,0.0,0.0,36.1,92.2,1.1,6.5,113.0,995.3,995.3,2.7,5.2
2024-05-14 20:55:00+02:00,23.5,23.5,23.2,8.9,39.0,30.5,83.0,6.5,0.0,0.0,0.0,0.0,0.0,0.0,36.1,92.2,0.4,3.6,82.0,995.4,995.4,2.7,5.2
2024-05-14 21:00:00+02:00,23.2,23.2,22.8,8.8,40.0,30.4,83.0,5.0,0.0,0.0,0.0,0.0,0.0,0.0,36.1,92.2,0.7,3.6,121.0,995.5,995.5,2.7,5.2
2024-05-14 21:05:00+02:00,22.9,22.9,22.7,9.2,42.0,30.3,83.0,3.7,0.0,0.0,0.0,0.0,0.0,0.0,36.1,92.2,0.0,2.5,144.0,995.5,995.5,2.7,5.2
2024-05-14 21:10:00+02:00,22.5,22.5,22.4,9.5,44.0,30.2,83.0,2.6,0.0,0.0,0.0,0.0,0.0,0.0,36.1,92.2,0.0,2.2,140.0,995.5,995.5,2.7,5.2
2024-05-14 21:15:00+02:00,22.1,22.1,21.9,9.2,44.0,30.1,83.0,1.9,0.0,0.0,0.0,0.0,0.0,0.0,36.1,92.2,0.4,2.2,130.0,995.5,995.5,2.7,5.2
2024-05-14 21:20:00+02:00,22.0,22.0,21.6,9.1,44.0,30.0,83.0,1.2,0.0,0.0,0.0,0.0,0.0,0.0,36.1,92.2,0.8,2.5,133.0,995.6,995.6,2.7,5.2
2024-05-14 21:25:00+02:00,21.7,21.7,21.4,9.2,45.0,29.9,83.0,0.7,0.0,0.0,0.0,0.0,0.0,0.0,36.1,92.2,0.5,3.2,138.0,995.8,995.8,2.7,5.2
2024-05-14 21:30:00+02:00,21.4,21.4,21.2,9.3,46.0,29.8,83.0,0.4,0.0,0.0,0.0,0.0,0.0,0.0,36.1,92.2,0.9,2.9,136.0,995.8,995.8,2.7,5.2
2024-05-14 21:35:00+02:00,21.1,21.1,21.0,9.7,48.0,29.7,82.0,0.2,0.0,0.0,0.0,0.0,0.0,0.0,36.1,92.2,0.7,2.9,145.0,995.9,995.9,2.7,5.2
2024-05-14 21:40:00+02:00,20.8,20.8,20.4,9.7,49.0,29.5,82.0,0.1,0.0,0.0,0.0,0.0,0.0,0.0,36.1,92.2,1.9,2.9,128.0,995.8,995.8,2.7,5.2
2024-05-14 21:45:00+02:00,20.6,20.6,20.2,10.1,51.0,29.3,82.0,0.0,0.0,0.0,0.0,0.0,0.0,0.0,36.1,92.2,2.4,3.2,122.0,995.8,995.8,2.7,5.1
2024-05-14 21:50:00+02:00,20.1,20.1,19.7,9.8,51.0,29.2,82.0,0.0,0.0,0.0,0.0,0.0,0.0,0.0,36.1,92.2,2.4,4.0,120.0,995.9,995.9,2.7,5.1
2024-05-14 21:55:00+02:00,19.9,19.9,19.4,10.0,53.0,29.1,82.0,0.0,0.0,0.0,0.0,0.0,0.0,0.0,36.1,92.2,2.4,3.6,118.0,996.0,996.0,2.7,5.1
2024-05-14 22:00:00+02:00,19.8,19.8,19.6,10.2,54.0,28.9,82.0,0.0,0.0,0.0,0.0,0.0,0.0,0.0,36.1,92.2,1.3,3.2,125.0,996.1,996.1,2.7,5.1
2024-05-14 22:05:00+02:00,19.5,19.5,19.1,10.1,54.0,28.8,82.0,0.0,0.0,0.0,0.0,0.0,0.0,0.0,36.1,92.2,2.8,3.2,134.0,996.1,996.1,2.7,5.1
2024-05-14 22:10:00+02:00,19.2,19.2,18.8,10.0,55.0,28.7,82.0,0.0,0.0,0.0,0.0,0.0,0.0,0.0,36.1,92.2,2.7,4.0,130.0,995.9,995.9,2.7,5.1
2024-05-14 22:15:00+02:00,19.0,19.0,18.6,9.9,55.0,28.6,82.0,0.0,0.0,0.0,0.0,0.0,0.0,0.0,36.1,92.2,2.4,3.6,127.0,996.0,996.0,2.7,5.1
2024-05-14 22:20:00+02:00,18.8,18.8,18.7,10.2,57.0,28.4,82.0,0.0,0.0,0.0,0.0,0.0,0.0,0.0,36.1,92.2,1.4,3.2,117.0,996.0,996.0,2.7,5.1
2024-05-14 22:25:00+02:00,18.5,18.5,18.3,10.3,59.0,28.3,82.0,0.0,0.0,0.0,0.0,0.0,0.0,0.0,36.1,92.2,1.7,2.9,120.0,995.9,995.9,2.7,5.1
2024-05-14 22:30:00+02:00,18.3,18.3,18.0,10.2,59.0,28.2,82.0,0.0,0.0,0.0,0.0,0.0,0.0,0.0,36.1,92.2,2.4,3.2,116.0,996.0,996.0,2.7,5.1
2024-05-14 22:35:00+02:00,18.3,18.3,18.4,10.4,60.0,28.1,82.0,0.0,0.0,0.0,0.0,0.0,0.0,0.0,36.1,92.2,0.0,2.9,102.0,996.1,996.1,2.7,5.1
2024-05-14 22:45:00+02:00,17.9,17.9,17.9,10.7,63.0,27.7,82.0,0.0,0.0,0.0,0.0,0.0,0.0,0.0,36.1,92.2,1.4,3.6,102.0,995.9,995.9,2.7,5.1
2024-05-14 22:50:00+02:00,17.8,17.8,17.7,10.7,63.0,27.6,82.0,0.0,0.0,0.0,0.0,0.0,0.0,0.0,36.1,92.2,1.5,3.6,102.0,995.9,995.9,2.7,5.1
2024-05-14 22:55:00+02:00,17.6,17.6,17.5,10.8,64.0,27.5,82.0,0.0,0.0,0.0,0.0,0.0,0.0,0.0,36.1,92.2,1.7,3.6,113.0,996.0,996.0,2.7,5.1
2024-05-14 23:00:00+02:00,17.5,17.5,17.4,10.8,65.0,27.3,82.0,0.0,0.0,0.0,0.0,0.0,0.0,0.0,36.1,92.2,1.6,3.2,118.0,995.9,995.9,2.7,5.1
2024-05-14 23:05:00+02:00,17.4,17.4,17.3,10.6,64.0,27.2,82.0,0.0,0.0,0.0,0.0,0.0,0.0,0.0,36.1,92.2,1.5,3.6,107.0,995.9,995.9,2.7,5.1
2024-05-14 23:10:00+02:00,17.8,17.8,17.4,10.1,61.0,27.1,82.0,0.0,0.0,0.0,0.0,0.0,0.0,0.0,36.1,92.2,1.9,3.6,125.0,996.0,996.0,2.7,5.1
2024-05-14 23:15:00+02:00,18.3,18.3,17.8,9.5,56.0,26.9,82.0,0.0,0.0,0.0,0.0,0.0,0.0,0.0,36.1,92.2,2.2,4.3,89.0,995.9,995.9,2.7,5.1
2024-05-14 23:20:00+02:00,18.9,18.9,18.5,9.5,54.0,26.8,82.0,0.0,0.0,0.0,0.0,0.0,0.0,0.0,36.1,92.2,1.4,5.0,73.0,996.0,996.0,2.7,5.1
2024-05-14 23:25:00+02:00,19.2,19.2,18.8,9.3,53.0,26.7,82.0,0.0,0.0,0.0,0.0,0.0,0.0,0.0,36.1,92.2,1.3,5.0,75.0,996.0,996.0,2.7,5.1
2024-05-14 23:30:00+02:00,19.2,19.2,18.6,9.0,52.0,26.6,82.0,0.0,0.0,0.0,0.0,0.0,0.0,0.0,36.1,92.2,2.3,6.5,72.0,996.0,996.0,2.7,5.1
2024-05-14 23:35:00+02:00,19.7,19.7,19.1,9.0,50.0,26.5,82.0,0.0,0.0,0.0,0.0,0.0,0.0,0.0,36.1,92.2,1.9,5.0,77.0,996.0,996.0,2.7,5.0
2024-05-14 23:40:00+02:00,19.9,19.9,19.0,8.8,49.0,26.4,82.0,0.0,0.0,0.0,0.0,0.0,0.0,0.0,36.1,92.2,3.1,6.1,19.0,996.0,996.0,2.7,5.0
2024-05-14 23:45:00+02:00,20.0,20.0,19.3,8.8,49.0,26.3,82.0,0.0,0.0,0.0,0.0,0.0,0.0,0.0,36.1,92.2,2.0,6.5,88.0,995.9,995.9,2.7,5.0
2024-05-14 23:50:00+02:00,20.0,20.0,19.2,8.8,48.0,26.2,83.0,0.0,0.0,0.0,0.0,0.0,0.0,0.0,36.1,92.2,2.5,7.6,77.0,996.0,996.0,2.7,5.0
2024-05-14 23:55:00+02:00,19.8,19.8,19.1,8.9,49.0,26.1,83.0,0.0,0.0,0.0,0.0,0.0,0.0,0.0,36.1,92.2,2.5,8.6,88.0,995.9,995.9,2.7,5.0
2024-05-15 00:00:00+02:00,19.8,19.8,19.0,8.8,49.0,26.0,83.0,0.0,0.0,0.0,0.0,0.0,0.0,0.0,36.1,92.2,2.8,7.2,66.0,995.9,995.9,2.7,5.0
2024-05-15 00:05:00+02:00,19.8,19.8,19.0,8.8,49.0,26.0,83.0,0.0,0.0,0.0,0.0,0.0,0.0,0.0,36.1,92.2,2.7,6.8,79.0,995.9,995.9,2.7,5.0
2024-05-15 00:10:00+02:00,19.8,19.8,19.0,8.8,49.0,25.8,83.0,0.0,0.0,0.0,0.0,0.0,0.0,0.0,36.1,92.2,2.9,9.4,75.0,995.8,995.8,2.7,5.0
2024-05-15 00:15:00+02:00,19.8,19.8,18.8,8.8,49.0,25.8,83.0,0.0,0.0,0.0,0.0,0.0,0.0,0.0,36.1,92.2,3.2,9.4,80.0,995.9,995.9,2.7,5.0
2024-05-15 00:20:00+02:00,19.7,19.7,18.9,9.0,50.0,25.7,83.0,0.0,0.0,0.0,0.0,0.0,0.0,0.0,36.1,92.2,3.2,6.1,64.0,995.8,995.8,2.7,5.0
2024-05-15 00:25:00+02:00,19.5,19.5,19.0,9.0,50.0,25.6,83.0,0.0,0.0,0.0,0.0,0.0,0.0,0.0,36.1,92.2,1.7,5.0,76.0,995.8,995.8,2.7,5.0
2024-05-15 00:30:00+02:00,19.4,19.4,18.6,9.0,51.0,25.6,83.0,0.0,0.0,0.0,0.0,0.0,0.0,0.0,36.1,92.2,3.1,5.8,65.0,995.7,995.7,2.7,5.0
2024-05-15 00:35:00+02:00,19.4,19.4,18.8,9.2,52.0,25.5,83.0,0.0,0.0,0.0,0.0,0.0,0.0,0.0,36.1,92.2,2.2,5.8,83.0,995.8,995.8,2.7,5.0
2024-05-15 00:40:00+02:00,19.4,19.4,18.3,9.0,51.0,25.4,83.0,0.0,0.0,0.0,0.0,0.0,0.0,0.0,36.1,92.2,4.3,9.7,75.0,995.7,995.7,2.7,5.0
2024-05-15 00:45:00+02:00,19.4,19.4,18.5,9.1,51.0,25.3,83.0,0.0,0.0,0.0,0.0,0.0,0.0,0.0,36.1,92.2,3.6,9.7,66.0,995.7,995.7,2.7,5.0
2024-05-15 00:50:00+02:00,19.3,19.3,18.6,9.2,52.0,25.2,83.0,0.0,0.0,0.0,0.0,0.0,0.0,0.0,36.1,92.2,3.0,8.3,82.0,995.7,995.7,2.7,5.0
2024-05-15 00:55:00+02:00,19.2,19.2,18.6,9.1,52.0,25.2,83.0,0.0,0.0,0.0,0.0,0.0,0.0,0.0,36.1,92.2,2.1,5.0,113.0,995.7,995.7,2.7,5.0
2024-05-15 01:00:00+02:00,19.1,19.1,18.5,9.2,53.0,25.1,83.0,0.0,0.0,0.0,0.0,0.0,0.0,0.0,36.1,92.2,2.2,7.6,77.0,995.6,995.6,2.7,5.0
2024-05-15 01:05:00+02:00,18.8,18.8,18.6,9.3,54.0,25.0,83.0,0.0,0.0,0.0,0.0,0.0,0.0,0.0,36.1,92.2,0.4,4.7,149.0,995.8,995.8,2.7,5.0
2024-05-15 01:10:00+02:00,18.4,18.4,18.3,9.3,55.0,24.9,83.0,0.0,0.0,0.0,0.0,0.0,0.0,0.0,36.1,92.2,0.0,1.8,142.0,995.7,995.7,2.7,5.0
2024-05-15 01:15:00+02:00,18.0,18.0,17.6,9.5,57.0,24.8,84.0,0.0,0.0,0.0,0.0,0.0,0.0,0.0,36.1,92.2,1.6,2.9,111.0,995.7,995.7,2.7,5.0
2024-05-15 01:20:00+02:00,17.9,17.9,17.3,9.4,58.0,24.8,83.0,0.0,0.0,0.0,0.0,0.0,0.0,0.0,36.1,92.2,2.2,3.2,115.0,996.0,996.0,2.7,5.0
2024-05-15 01:25:00+02:00,17.8,17.8,17.4,9.6,59.0,24.7,83.0,0.0,0.0,0.0,0.0,0.0,0.0,0.0,36.1,92.2,1.9,4.7,115.0,996.0,996.0,2.7,4.9
2024-05-15 01:30:00+02:00,17.6,17.6,17.2,9.7,60.0,24.7,83.0,0.0,0.0,0.0,0.0,0.0,0.0,0.0,36.1,92.2,1.8,4.7,115.0,995.9,995.9,2.7,4.9
2024-05-15 01:35:00+02:00,17.5,17.5,17.1,9.7,60.0,24.6,83.0,0.0,0.0,0.0,0.0,0.0,0.0,0.0,36.1,92.2,1.8,3.2,83.0,995.8,995.8,2.7,4.9
2024-05-15 01:40:00+02:00,17.3,17.3,17.1,9.9,62.0,24.5,83.0,0.0,0.0,0.0,0.0,0.0,0.0,0.0,36.1,92.2,1.2,2.5,93.0,995.9,995.9,2.7,4.9
2024-05-15 01:45:00+02:00,17.0,17.0,17.0,10.1,64.0,24.4,83.0,0.0,0.0,0.0,0.0,0.0,0.0,0.0,36.1,92.2,0.4,2.2,227.0,995.9,995.9,2.7,4.9
2024-05-15 01:50:00+02:00,16.7,16.7,16.4,10.0,64.0,24.3,83.0,0.0,0.0,0.0,0.0,0.0,0.0,0.0,36.1,92.2,1.6,3.2,80.0,995.9,995.9,2.7,4.9
2024-05-15 01:55:00+02:00,16.3,16.3,16.0,10.1,66.0,24.2,83.0,0.0,0.0,0.0,0.0,0.0,0.0,0.0,36.1,92.2,1.8,4.0,122.0,995.7,995.7,2.7,4.9
2024-05-15 02:00:00+02:00,16.1,16.1,16.1,10.1,67.0,24.2,83.0,0.0,0.0,0.0,0.0,0.0,0.0,0.0,36.1,92.2,0.4,2.5,89.0,995.7,995.7,2.7,4.9
2024-05-15 02:05:00+02:00,15.8,15.8,15.4,10.2,69.0,24.1,83.0,0.0,0.0,0.0,0.0,0.0,0.0,0.0,36.1,92.2,2.2,4.0,130.0,995.8,995.8,2.7,4.9
2024-05-15 02:10:00+02:00,15.5,15.5,15.4,10.2,71.0,24.0,83.0,0.0,0.0,0.0,0.0,0.0,0.0,0.0,36.1,92.2,0.8,3.2,128.0,995.6,995.6,2.7,4.9
2024-05-15 02:15:00+02:00,15.3,15.3,15.6,10.7,74.0,23.9,83.0,0.0,0.0,0.0,0.0,0.0,0.0,0.0,36.1,92.2,0.0,1.8,173.0,995.6,995.6,2.7,4.9
2024-05-15 02:20:00+02:00,15.2,15.2,15.3,10.2,72.0,23.8,83.0,0.0,0.0,0.0,0.0,0.0,0.0,0.0,36.1,92.2,0.0,2.5,15.0,995.7,995.7,2.7,4.9
2024-05-15 02:25:00+02:00,15.1,15.1,15.0,10.2,73.0,23.7,83.0,0.0,0.0,0.0,0.0,0.0,0.0,0.0,36.1,92.2,1.2,2.5,130.0,995.7,995.7,2.7,4.9
2024-05-15 02:30:00+02:00,14.9,14.9,14.9,10.3,74.0,23.7,83.0,0.0,0.0,0.0,0.0,0.0,0.0,0.0,36.1,92.2,0.8,2.5,123.0,995.7,995.7,2.7,4.9
2024-05-15 02:35:00+02:00,14.8,14.8,14.4,10.1,73.0,23.6,83.0,0.0,0.0,0.0,0.0,0.0,0.0,0.0,36.1,92.2,2.3,3.6,120.0,995.5,995.5,2.7,4.9
2024-05-15 02:40:00+02:00,14.7,14.7,14.7,10.0,73.0,23.5,83.0,0.0,0.0,0.0,0.0,0.0,0.0,0.0,36.1,92.2,0.5,2.9,118.0,995.6,995.6,2.7,4.9
2024-05-15 02:45:00+02:00,14.5,14.5,14.5,10.3,75.0,23.4,83.0,0.0,0.0,0.0,0.0,0.0,0.0,0.0,36.1,92.2,0.7,2.2,52.0,995.6,995.6,2.7,4.9
2024-05-15 02:50:00+02:00,14.6,14.6,14.7,10.2,75.0,23.3,83.0,0.0,0.0,0.0,0.0,0.0,0.0,0.0,36.1,92.2,0.0,2.2,114.0,995.7,995.7,2.7,4.9
2024-05-15 02:55:00+02:00,14.5,14.5,14.4,10.2,76.0,23.3,83.0,0.0,0.0,0.0,0.0,0.0,0.0,0.0,36.1,92.2,1.0,3.6,115.0,995.7,995.7,2.7,4.9
2024-05-15 03:00:00+02:00,14.4,14.4,14.4,10.2,76.0,23.2,83.0,0.0,0.0,0.0,0.0,0.0,0.0,0.0,36.1,92.2,0.4,3.6,126.0,995.6,995.6,2.7,4.9
2024-05-15 03:05:00+02:00,14.3,14.3,14.2,10.1,76.0,23.1,83.0,0.0,0.0,0.0,0.0,0.0,0.0,0.0,36.1,92.2,1.1,2.5,107.0,995.6,995.6,2.7,4.9
2024-05-15 03:10:00+02:00,14.4,14.4,14.1,10.1,75.0,23.0,83.0,0.0,0.0,0.0,0.0,0.0,0.0,0.0,36.1,92.2,2.2,3.6,131.0,995.6,995.6,2.7,4.9
2024-05-15 03:15:00+02:00,14.7,14.7,14.3,10.3,75.0,23.0,83.0,0.0,0.0,0.0,0.0,0.0,0.0,0.0,36.1,92.2,2.4,3.6,127.0,995.6,995.6,2.7,4.8
2024-05-15 03:20:00+02:00,14.7,14.7,14.4,10.3,75.0,22.9,83.0,0.0,0.0,0.0,0.0,0.0,0.0,0.0,36.1,92.2,1.8,4.0,118.0,995.6,995.6,2.7,4.8
2024-05-15 03:25:00+02:00,14.8,14.8,14.3,9.9,73.0,22.8,83.0,0.0,0.0,0.0,0.0,0.0,0.0,0.0,36.1,92.2,2.6,4.0,120.0,995.6,995.6,2.7,4.8
2024-05-15 03:30:00+02:00,14.7,14.7,14.6,10.2,74.0,22.7,83.0,0.0,0.0,0.0,0.0,0.0,0.0,0.0,36.1,92.2,1.3,3.2,243.0,995.7,995.7,2.7,4.8
2024-05-15 03:35:00+02:00,14.9,14.9,14.8,10.3,74.0,22.7,83.0,0.0,0.0,0.0,0.0,0.0,0.0,0.0,36.1,92.2,1.4,3.2,87.0,995.6,995.6,2.7,4.8
2024-05-15 03:40:00+02:00,14.8,14.8,14.5,10.3,75.0,22.6,83.0,0.0,0.0,0.0,0.0,0.0,0.0,0.0,36.1,92.2,1.9,3.2,127.0,995.6,995.6,2.7,4.8
2024-05-15 03:45:00+02:00,14.6,14.6,14.5,10.3,75.0,22.5,83.0,0.0,0.0,0.0,0.0,0.0,0.0,0.0,36.1,92.2,0.8,2.9,125.0,995.6,995.6,2.7,4.8
2024-05-15 03:50:00+02:00,14.4,14.4,14.5,10.1,76.0,22.5,83.0,0.0,0.0,0.0,0.0,0.0,0.0,0.0,36.1,92.2,0.0,0.0,193.0,995.6,995.6,2.7,4.8
2024-05-15 03:55:00+02:00,14.2,14.2,14.2,10.2,77.0,22.3,83.0,0.0,0.0,0.0,0.0,0.0,0.0,0.0,36.1,92.2,0.8,3.6,114.0,995.5,995.5,2.7,4.8
2024-05-15 04:00:00+02:00,14.2,14.2,13.7,9.8,75.0,22.3,83.0,0.0,0.0,0.0,0.0,0.0,0.0,0.0,36.1,92.2,2.2,3.6,124.0,995.6,995.6,2.7,4.8
2024-05-15 04:05:00+02:00,14.3,14.3,13.9,9.9,75.0,22.2,83.0,0.0,0.0,0.0,0.0,0.0,0.0,0.0,36.1,92.2,2.5,4.0,115.0,995.5,995.5,2.7,4.8
2024-05-15 04:10:00+02:00,14.3,14.3,13.9,9.5,73.0,22.1,83.0,0.0,0.0,0.0,0.0,0.0,0.0,0.0,36.1,92.2,1.7,3.6,124.0,995.6,995.6,2.7,4.8
2024-05-15 04:15:00+02:00,14.1,14.1,14.0,9.8,75.0,22.0,83.0,0.0,0.0,0.0,0.0,0.0,0.0,0.0,36.1,92.2,0.4,2.5,84.0,995.6,995.6,2.7,4.8
2024-05-15 04:20:00+02:00,13.8,13.8,13.8,9.8,77.0,22.0,83.0,0.0,0.0,0.0,0.0,0.0,0.0,0.0,36.1,92.2,0.0,1.8,99.0,995.5,995.5,2.7,4.8
2024-05-15 04:25:00+02:00,13.8,13.8,13.8,9.9,77.0,21.9,83.0,0.0,0.0,0.0,0.0,0.0,0.0,0.0,36.1,92.2,0.0,1.8,66.0,995.5,995.5,2.7,4.8
2024-05-15 04:30:00+02:00,13.7,13.7,13.7,9.8,77.0,21.9,83.0,0.0,0.0,0.0,0.0,0.0,0.0,0.0,36.1,92.2,0.0,1.8,122.0,995.4,995.4,2.7,4.8
2024-05-15 04:35:00+02:00,13.8,13.8,13.8,10.0,78.0,21.8,83.0,0.0,0.0,0.0,0.0,0.0,0.0,0.0,36.1,92.2,0.0,2.2,125.0,995.5,995.5,2.7,4.8
2024-05-15 04:40:00+02:00,13.5,13.5,13.4,10.0,79.0,21.7,83.0,0.0,0.0,0.0,0.0,0.0,0.0,0.0,36.1,92.2,0.4,2.2,120.0,995.5,995.5,2.7,4.8
2024-05-15 04:45:00+02:00,13.2,13.2,13.1,9.9,80.0,21.7,83.0,0.0,0.0,0.0,0.0,0.0,0.0,0.0,36.1,92.2,0.8,2.9,119.0,995.5,995.5,2.7,4.8
2024-05-15 04:50:00+02:00,13.1,13.1,13.0,9.8,80.0,21.6,83.0,0.0,0.0,0.0,0.0,0.0,0.0,0.0,36.1,92.2,0.6,3.2,116.0,995.6,995.6,2.7,4.8
2024-05-15 04:55:00+02:00,13.0,13.0,12.7,9.8,81.0,21.5,83.0,0.0,0.0,0.0,0.0,0.0,0.0,0.0,36.1,92.2,1.2,2.5,122.0,995.6,995.6,2.7,4.8
2024-05-15 05:00:00+02:00,13.0,13.0,12.7,9.8,81.0,21.5,83.0,0.0,0.0,0.0,0.0,0.0,0.0,0.0,36.1,92.2,1.3,2.5,117.0,995.6,995.6,2.7,4.8
2024-05-15 05:05:00+02:00,12.9,12.9,12.4,9.6,80.0,21.4,83.0,0.0,0.0,0.0,0.0,0.0,0.0,0.0,36.1,92.2,2.7,4.0,109.0,995.5,995.5,2.7,4.7
2024-05-15 05:10:00+02:00,12.8,12.8,12.8,9.8,82.0,21.3,83.0,0.1,0.0,0.0,0.0,0.0,0.0,0.0,36.1,92.2,0.4,3.6,106.0,995.5,995.5,2.7,4.7
2024-05-15 05:15:00+02:00,12.9,12.9,13.0,9.9,82.0,21.3,83.0,0.2,0.0,0.0,0.0,0.0,0.0,0.0,36.1,92.2,0.0,1.8,29.0,995.4,995.4,2.7,4.7
2024-05-15 05:20:00+02:00,13.0,13.0,12.9,10.0,82.0,21.2,83.0,0.5,0.0,0.0,0.0,0.0,0.0,0.0,36.1,92.2,0.7,2.9,132.0,995.5,995.5,2.7,4.7
2024-05-15 05:25:00+02:00,12.8,12.8,12.5,9.8,82.0,21.2,83.0,0.9,0.0,0.0,0.0,0.0,0.0,0.0,36.1,92.2,1.6,2.9,115.0,995.5,995.5,2.7,4.7
2024-05-15 05:30:00+02:00,12.8,12.8,12.5,9.8,82.0,21.1,83.0,1.5,0.0,0.0,0.0,0.0,0.0,0.0,36.1,92.2,1.2,2.9,125.0,995.5,995.5,2.7,4.7
2024-05-15 05:35:00+02:00,12.8,12.8,12.8,9.9,83.0,21.0,83.0,2.3,0.0,0.0,0.0,0.0,0.0,0.0,36.1,92.2,0.0,1.8,99.0,995.6,995.6,2.7,4.7
2024-05-15 05:40:00+02:00,12.6,12.6,12.4,9.8,83.0,21.0,83.0,3.2,0.0,0.0,0.0,0.0,0.0,0.0,36.1,92.2,1.3,2.9,115.0,995.7,995.7,2.7,4.7
2024-05-15 05:45:00+02:00,12.6,12.6,12.5,10.0,84.0,20.9,83.0,4.4,0.0,0.0,0.0,0.0,0.0,0.0,36.1,92.2,0.7,2.5,118.0,995.7,995.7,2.7,4.7
2024-05-15 05:50:00+02:00,12.5,12.5,12.5,9.8,84.0,20.8,83.0,5.8,0.0,0.0,0.0,0.0,0.0,0.0,36.1,92.2,0.0,2.2,106.0,995.6,995.6,2.7,4.7
2024-05-15 05:55:00+02:00,12.4,12.4,12.2,10.0,85.0,20.8,83.0,7.3,0.0,0.0,0.0,0.0,0.0,0.0,36.1,92.2,1.3,2.9,101.0,995.7,995.7,2.7,4.7
2024-05-15 06:00:00+02:00,12.5,12.5,12.1,10.1,85.0,20.7,83.0,8.8,0.0,0.0,0.0,0.0,0.0,0.0,36.1,92.2,2.5,3.2,105.0,995.7,995.7,2.7,4.7
2024-05-15 06:05:00+02:00,12.5,12.5,12.0,10.0,85.0,20.7,83.0,10.6,0.0,0.0,0.0,0.0,0.0,0.0,36.1,92.2,2.7,3.6,103.0,995.7,995.7,2.7,4.7
2024-05-15 06:10:00+02:00,12.5,12.5,12.2,10.2,86.0,20.6,83.0,12.0,0.0,0.0,0.0,0.0,0.0,0.0,36.1,92.2,1.9,3.6,108.0,995.6,995.6,2.7,4.7
2024-05-15 06:15:00+02:00,12.4,12.4,11.9,9.8,84.0,20.5,83.0,13.3,0.0,0.0,0.0,0.0,0.0,0.0,36.1,92.2,2.4,3.2,105.0,995.7,995.7,2.7,4.7
2024-05-15 06:20:00+02:00,12.5,12.5,12.1,9.9,84.0,20.5,83.0,14.6,0.0,0.0,0.0,0.0,0.0,0.0,36.1,92.2,2.2,3.6,110.0,995.7,995.7,2.7,4.7
2024-05-15 06:25:00+02:00,12.4,12.4,12.2,9.9,85.0,20.4,83.0,15.6,0.0,0.0,0.0,0.0,0.0,0.0,36.1,92.2,1.2,2.9,99.0,995.5,995.5,2.7,4.7
2024-05-15 06:30:00+02:00,12.3,12.3,12.3,9.9,85.0,20.4,83.0,17.1,0.0,0.0,0.0,0.0,0.0,0.0,36.1,92.2,0.0,1.8,106.0,995.6,995.6,2.7,4.7
2024-05-15 06:35:00+02:00,12.2,12.2,12.2,10.0,86.0,20.3,84.0,19.1,0.0,0.0,0.0,0.0,0.0,0.0,36.1,92.2,0.4,1.8,48.0,995.7,995.7,2.7,4.7
2024-05-15 06:40:00+02:00,12.3,12.3,12.2,10.0,86.0,20.3,84.0,21.2,0.0,0.0,0.0,0.0,0.0,0.0,36.1,92.2,0.9,3.2,125.0,995.7,995.7,2.7,4.7
2024-05-15 06:45:00+02:00,12.3,12.3,12.0,10.1,87.0,20.2,84.0,24.1,0.0,0.0,0.0,0.0,0.0,0.0,36.1,92.2,1.9,4.0,108.0,995.7,995.7,2.7,4.7
2024-05-15 06:50:00+02:00,12.6,12.6,12.3,10.4,87.0,20.2,84.0,25.6,0.0,0.0,0.0,0.0,0.0,0.0,36.1,92.2,2.2,3.2,116.0,995.7,995.7,2.7,4.7
2024-05-15 06:55:00+02:00,12.7,12.7,12.9,10.6,87.0,20.2,84.0,26.9,0.0,0.0,0.0,0.0,0.0,0.0,36.1,92.2,0.0,2.5,104.0,995.7,995.7,2.7,4.7
2024-05-15 07:00:00+02:00,13.1,13.1,13.2,10.6,85.0,20.1,84.0,28.1,0.0,0.0,0.0,0.0,0.0,0.0,36.1,92.2,0.6,3.6,13.0,995.8,995.8,2.7,4.7
2024-05-15 07:05:00+02:00,13.5,13.5,13.7,10.9,84.0,20.1,84.0,28.6,0.0,0.0,0.0,0.0,0.0,0.0,36.1,92.2,0.4,2.5,30.0,995.8,995.8,2.7,4.7
2024-05-15 07:10:00+02:00,13.7,13.7,14.0,11.0,84.0,20.0,84.0,29.8,0.0,0.0,0.0,0.0,0.0,0.0,36.1,92.2,0.0,2.2,44.0,995.9,995.9,2.7,4.7
2024-05-15 07:15:00+02:00,13.7,13.7,13.9,10.8,83.0,20.0,84.0,31.3,0.0,0.0,0.0,0.0,0.0,0.0,36.1,92.2,0.4,3.2,49.0,995.8,995.8,2.7,4.7
2024-05-15 07:20:00+02:00,14.4,14.4,14.2,10.3,76.0,20.0,84.0,35.2,0.0,0.0,0.0,0.0,0.0,0.0,36.1,92.2,1.8,4.3,339.0,995.9,995.9,2.7,4.7
2024-05-15 07:25:00+02:00,15.2,15.2,15.3,10.3,73.0,20.0,84.0,37.6,0.0,0.0,0.0,0.0,0.0,0.0,36.1,92.2,0.5,4.0,283.0,996.0,996.0,2.7,4.7
2024-05-15 07:30:00+02:00,15.2,15.2,15.1,10.3,72.0,20.0,84.0,38.3,0.0,0.0,0.0,0.0,0.0,0.0,36.1,92.2,1.4,3.6,300.0,995.9,995.9,2.7,4.7
2024-05-15 07:35:00+02:00,15.5,15.5,15.4,10.4,72.0,20.0,84.0,40.5,0.0,0.0,0.0,0.0,0.0,0.0,36.1,92.2,1.2,3.2,298.0,995.9,995.9,2.7,4.7
2024-05-15 07:40:00+02:00,15.7,15.7,15.8,10.4,71.0,20.0,84.0,43.3,0.0,0.0,0.0,0.0,0.0,0.0,36.1,92.2,0.0,2.9,284.0,995.9,995.9,2.7,4.7
2024-05-15 07:45:00+02:00,16.0,16.0,16.0,10.4,69.0,20.0,84.0,45.1,0.0,0.0,0.0,0.0,0.0,0.0,36.1,92.2,0.7,4.0,28.0,996.0,996.0,2.7,4.7
2024-05-15 07:50:00+02:00,16.4,16.4,16.3,10.5,68.0,20.0,84.0,43.3,0.0,0.0,0.0,0.0,0.0,0.0,36.1,92.2,1.4,4.0,322.0,996.0,996.0,2.7,4.7
2024-05-15 07:55:00+02:00,16.7,16.7,16.6,10.5,67.0,20.1,84.0,42.7,0.0,0.0,0.0,0.0,0.0,0.0,36.1,92.2,1.7,4.3,354.0,996.0,996.0,2.7,4.7
2024-05-15 08:00:00+02:00,17.1,17.1,16.9,10.5,65.0,20.1,84.0,43.5,0.0,0.0,0.0,0.0,0.0,0.0,36.1,92.2,1.9,7.2,328.0,996.0,996.0,2.7,4.7
2024-05-15 08:05:00+02:00,17.2,17.2,17.0,10.5,65.0,20.2,84.0,44.1,0.0,0.0,0.0,0.0,0.0,0.0,36.1,92.2,1.9,6.1,28.0,996.1,996.1,2.7,4.7
2024-05-15 08:10:00+02:00,17.5,17.5,16.7,10.0,62.0,20.2,84.0,45.1,0.0,0.0,0.0,0.0,0.0,0.0,36.1,92.2,3.9,7.6,7.0,996.1,996.1,2.7,4.7
2024-05-15 08:15:00+02:00,17.7,17.7,17.3,10.0,61.0,20.2,84.0,46.3,0.0,0.0,0.0,0.0,0.0,0.0,36.1,92.2,1.8,6.8,318.0,996.2,996.2,2.7,4.7
2024-05-15 08:20:00+02:00,17.7,17.7,17.6,10.2,61.0,20.3,85.0,192.7,1.0,0.0,0.0,0.0,0.0,0.0,36.1,92.2,1.4,4.0,298.0,996.2,996.2,2.7,4.7
2024-05-15 08:25:00+02:00,18.3,18.3,17.2,9.6,57.0,20.3,85.0,202.5,1.0,0.0,0.0,0.0,0.0,0.0,36.1,92.2,5.1,7.2,7.0,996.1,996.1,2.7,4.7
2024-05-15 08:30:00+02:00,18.8,18.8,17.9,9.4,54.0,20.3,85.0,209.9,1.0,0.0,0.0,0.0,0.0,0.0,36.1,92.2,4.0,8.3,357.0,996.2,996.2,2.7,4.7
2024-05-15 08:35:00+02:00,19.3,19.3,18.4,9.3,52.0,20.4,85.0,221.2,2.0,0.0,0.0,0.0,0.0,0.0,36.1,92.2,3.8,8.3,15.0,996.3,996.3,2.7,4.8
2024-05-15 08:40:00+02:00,19.7,19.7,19.0,9.3,51.0,20.4,85.0,231.9,2.0,0.0,0.0,0.0,0.0,0.0,36.1,92.2,3.0,5.8,16.0,996.3,996.3,2.7,4.8
2024-05-15 08:45:00+02:00,19.8,19.8,19.1,9.9,53.0,20.5,86.0,244.4,2.0,0.0,0.0,0.0,0.0,0.0,36.1,92.2,3.8,7.2,305.0,996.3,996.3,2.7,4.9
2024-05-15 08:50:00+02:00,19.8,19.8,19.0,9.1,50.0,20.7,86.0,256.2,2.0,0.0,0.0,0.0,0.0,0.0,36.1,92.2,3.0,7.6,356.0,996.2,996.2,2.7,4.9
2024-05-15 08:55:00+02:00,20.3,20.3,19.9,9.8,51.0,21.1,87.0,268.8,2.0,0.0,0.0,0.0,0.0,0.0,36.1,92.2,1.9,6.1,1.0,996.3,996.3,2.7,5.0
2024-05-15 09:00:00+02:00,20.5,20.5,20.3,9.9,50.0,21.4,87.0,283.4,2.0,0.0,0.0,0.0,0.0,0.0,36.1,92.2,1.2,6.1,11.0,996.3,996.3,2.7,5.0
2024-05-15 09:05:00+02:00,21.5,21.5,21.3,10.2,49.0,21.7,87.0,289.4,2.0,0.0,0.0,0.0,0.0,0.0,36.1,92.2,1.2,4.0,16.0,996.2,996.2,2.7,5.1
2024-05-15 09:10:00+02:00,21.8,21.8,21.7,10.1,47.0,22.0,87.0,229.6,2.0,0.0,0.0,0.0,0.0,0.0,36.1,92.2,0.7,4.0,179.0,996.2,996.2,2.7,5.1
2024-05-15 09:15:00+02:00,21.7,21.7,21.7,10.4,49.0,22.2,87.0,187.4,1.0,0.0,0.0,0.0,0.0,0.0,36.1,92.2,0.8,4.0,172.0,996.3,996.3,2.7,5.2
2024-05-15 09:20:00+02:00,21.3,21.3,20.7,9.9,48.0,22.4,87.0,264.9,2.0,0.0,0.0,0.0,0.0,0.0,36.1,92.2,2.9,7.6,323.0,996.4,996.4,2.7,5.2
2024-05-15 09:25:00+02:00,21.0,21.0,20.6,9.9,49.0,22.7,87.0,324.5,3.0,0.0,0.0,0.0,0.0,0.0,36.1,92.2,2.3,4.3,281.0,996.2,996.2,2.7,5.2
2024-05-15 09:30:00+02:00,21.8,21.8,21.2,9.7,46.0,22.9,86.0,330.9,3.0,0.0,0.0,0.0,0.0,0.0,36.1,92.2,2.9,6.1,327.0,996.2,996.2,2.7,5.2
2024-05-15 09:35:00+02:00,21.6,21.6,20.9,9.9,47.0,23.2,86.0,342.1,3.0,0.0,0.0,0.0,0.0,0.0,36.1,92.2,3.7,6.5,46.0,996.3,996.3,2.7,5.2
2024-05-15 09:40:00+02:00,21.6,21.6,21.1,10.3,48.0,23.4,86.0,354.8,3.0,0.0,0.0,0.0,0.0,0.0,36.1,92.2,3.2,5.4,351.0,996.2,996.2,2.7,5.2
2024-05-15 09:45:00+02:00,21.5,21.5,20.9,10.0,48.0,23.7,86.0,359.8,3.0,0.0,0.0,0.0,0.0,0.0,36.1,92.2,3.2,7.2,359.0,996.2,996.2,2.7,5.3
2024-05-15 09:50:00+02:00,21.7,21.7,21.4,10.2,48.0,24.0,85.0,381.6,3.0,0.0,0.0,0.0,0.0,0.0,36.1,92.2,2.4,5.4,65.0,996.3,996.3,2.7,5.3
2024-05-15 09:55:00+02:00,22.3,22.3,21.7,10.0,46.0,24.3,85.0,390.6,3.0,0.0,0.0,0.0,0.0,0.0,36.1,92.2,3.1,8.3,33.0,996.1,996.1,2.7,5.3
2024-05-15 10:00:00+02:00,22.2,22.2,21.6,9.3,44.0,24.7,85.0,405.0,3.0,0.0,0.0,0.0,0.0,0.0,36.1,92.2,2.9,6.5,123.0,996.2,996.2,2.7,5.3
2024-05-15 10:05:00+02:00,21.6,21.6,20.5,9.5,46.0,25.0,85.0,414.7,3.0,0.0,0.0,0.0,0.0,0.0,36.1,92.2,5.3,11.5,158.0,996.2,996.2,2.7,5.3
2024-05-15 10:10:00+02:00,21.5,21.5,20.3,9.6,46.0,25.3,85.0,392.4,3.0,0.0,0.0,0.0,0.0,0.0,36.1,92.2,5.8,10.4,138.0,996.1,996.1,2.7,5.3
2024-05-15 10:15:00+02:00,21.9,21.9,21.3,10.1,47.0,25.6,85.0,343.0,3.0,0.0,0.0,0.0,0.0,0.0,36.1,92.2,3.4,6.8,197.0,996.1,996.1,2.7,5.3
2024-05-15 10:20:00+02:00,22.5,22.5,22.0,10.0,45.0,25.8,84.0,333.4,3.0,0.0,0.0,0.0,0.0,0.0,36.1,92.2,2.9,6.5,12.0,996.1,996.1,2.7,5.3
2024-05-15 10:25:00+02:00,21.9,21.9,21.0,10.3,47.0,26.1,84.0,341.0,3.0,0.0,0.0,0.0,0.0,0.0,36.1,92.2,5.6,10.4,139.0,996.1,996.1,2.7,5.3
2024-05-15 10:30:00+02:00,21.9,21.9,21.5,9.8,46.0,26.3,84.0,311.9,2.0,0.0,0.0,0.0,0.0,0.0,36.1,92.2,2.1,9.7,167.0,996.0,996.0,2.7,5.3
2024-05-15 10:35:00+02:00,21.9,21.9,21.3,10.6,49.0,26.5,84.0,347.3,3.0,0.0,0.0,0.0,0.0,0.0,36.1,92.2,4.3,8.3,128.0,996.0,996.0,2.7,5.3
2024-05-15 10:40:00+02:00,22.1,22.1,21.5,9.9,46.0,26.7,84.0,426.7,3.0,0.0,0.0,0.0,0.0,0.0,36.1,92.2,3.1,9.0,122.0,996.2,996.2,2.7,5.3
2024-05-15 10:45:00+02:00,22.8,22.8,22.7,10.4,46.0,26.9,84.0,433.6,4.0,0.0,0.0,0.0,0.0,0.0,36.1,92.2,0.9,6.5,77.0,996.1,996.1,2.7,5.3
2024-05-15 10:50:00+02:00,23.1,23.1,22.4,9.7,43.0,27.2,83.0,406.5,3.0,0.0,0.0,0.0,0.0,0.0,36.1,92.2,3.1,6.5,334.0,996.1,996.1,2.7,5.3
2024-05-15 10:55:00+02:00,23.2,23.2,22.9,10.5,45.0,27.4,83.0,402.6,3.0,0.0,0.0,0.0,0.0,0.0,36.1,92.2,2.2,5.4,94.0,996.1,996.1,2.7,5.3
2024-05-15 11:00:00+02:00,23.8,23.8,23.2,10.9,44.0,27.6,83.0,377.1,3.0,0.0,0.0,0.0,0.0,0.0,36.1,92.2,4.8,10.4,84.0,996.1,996.1,2.7,5.3
2024-05-15 11:05:00+02:00,23.4,23.4,22.9,9.9,42.0,27.8,83.0,408.8,3.0,0.0,0.0,0.0,0.0,0.0,36.1,92.2,2.6,9.0,120.0,996.1,996.1,2.7,5.3
2024-05-15 11:10:00+02:00,23.4,23.4,22.9,10.0,43.0,28.0,83.0,439.1,4.0,0.0,0.0,0.0,0.0,0.0,36.1,92.2,2.8,6.1,307.0,996.1,996.1,2.7,5.3
2024-05-15 11:15:00+02:00,24.0,24.0,23.4,10.3,42.0,28.2,83.0,431.4,4.0,0.0,0.0,0.0,0.0,0.0,36.1,92.2,3.5,7.2,159.0,996.2,996.2,2.7,5.3
2024-05-15 11:20:00+02:00,24.0,24.0,23.6,9.8,41.0,28.3,83.0,377.1,3.0,0.0,0.0,0.0,0.0,0.0,36.1,92.2,1.9,9.7,23.0,996.2,996.2,2.7,5.3
2024-05-15 11:25:00+02:00,23.8,23.8,23.4,10.5,43.0,28.5,83.0,244.9,2.0,0.0,0.0,0.0,0.0,0.0,36.1,92.2,3.2,6.8,142.0,996.1,996.1,2.7,5.3
2024-05-15 11:30:00+02:00,23.2,23.2,22.8,10.3,44.0,28.7,83.0,320.2,2.0,0.0,0.0,0.0,0.0,0.0,36.1,92.2,2.4,6.1,143.0,996.0,996.0,2.7,5.3
2024-05-15 11:35:00+02:00,22.8,22.8,22.3,9.9,44.0,28.8,82.0,446.2,4.0,0.0,0.0,0.0,0.0,0.0,36.1,92.2,2.8,6.8,119.0,996.1,996.1,2.7,5.3
2024-05-15 11:40:00+02:00,23.7,23.7,23.0,9.6,41.0,28.9,82.0,507.0,4.0,0.0,0.0,0.0,0.0,0.0,36.1,92.2,3.2,9.0,352.0,996.1,996.1,2.7,5.3
2024-05-15 11:45:00+02:00,24.1,24.1,23.7,9.8,40.0,29.0,82.0,471.2,4.0,0.0,0.0,0.0,0.0,0.0,36.1,92.2,2.1,5.8,34.0,996.0,996.0,2.7,5.3
2024-05-15 11:50:00+02:00,24.9,24.9,24.3,10.2,40.0,29.2,82.0,410.3,3.0,0.0,0.0,0.0,0.0,0.0,36.1,92.2,3.7,9.0,275.0,996.0,996.0,2.7,5.3
2024-05-15 11:55:00+02:00,25.0,25.0,24.6,10.1,39.0,29.3,82.0,390.0,3.0,0.0,0.0,0.0,0.0,0.0,36.1,92.2,2.1,6.8,282.0,996.0,996.0,2.68,5.3
2024-05-15 12:00:00+02:00,25.2,25.2,25.0,10.7,40.0,29.5,82.0,454.9,4.0,0.0,0.0,0.0,0.0,0.0,36.1,92.2,2.1,6.8,185.0,996.0,996.0,2.68,5.3
2024-05-15 12:05:00+02:00,25.0,25.0,24.4,10.9,41.0,29.7,82.0,463.5,4.0,0.0,0.0,0.0,0.0,0.0,36.1,92.2,4.7,8.3,94.0,996.0,996.0,2.68,5.3
2024-05-15 12:10:00+02:00,24.1,24.1,23.5,10.6,43.0,29.8,82.0,471.3,4.0,0.0,0.0,0.0,0.0,0.0,36.1,92.2,3.7,8.6,107.0,996.1,996.1,2.68,5.3
2024-05-15 12:15:00+02:00,24.2,24.2,24.2,10.7,43.0,29.9,82.0,412.1,3.0,0.0,0.0,0.0,0.0,0.0,36.1,92.2,1.1,7.6,26.0,996.1,996.1,2.68,5.3
2024-05-15 12:20:00+02:00,23.8,23.8,23.1,10.4,43.0,30.1,82.0,418.9,3.0,0.0,0.0,0.0,0.0,0.0,36.1,92.2,4.5,11.9,319.0,996.1,996.1,2.68,5.3
2024-05-15 12:25:00+02:00,23.3,23.3,22.6,10.2,43.0,30.2,82.0,467.8,4.0,0.0,0.0,0.0,0.0,0.0,36.1,92.2,4.2,8.3,285.0,996.0,996.0,2.68,5.3
2024-05-15 12:30:00+02:00,24.3,24.3,23.8,10.2,41.0,30.3,82.0,487.7,4.0,0.0,0.0,0.0,0.0,0.0,36.1,92.2,2.5,7.9,276.0,996.1,996.1,2.68,5.3
2024-05-15 12:35:00+02:00,25.1,25.1,24.8,10.9,41.0,30.3,82.0,471.3,4.0,0.0,0.0,0.0,0.0,0.0,36.1,92.2,2.9,7.6,282.0,996.0,996.0,2.68,5.3
2024-05-15 12:40:00+02:00,24.6,24.6,24.2,11.1,43.0,30.5,82.0,385.4,3.0,0.0,0.0,0.0,0.0,0.0,36.1,92.2,3.7,9.7,282.0,995.9,995.9,2.68,5.3
2024-05-15 12:45:00+02:00,24.0,24.0,23.4,10.2,42.0,30.6,82.0,457.6,4.0,0.0,0.0,0.0,0.0,0.0,36.1,92.2,3.5,9.7,359.0,995.9,995.9,2.68,5.3
2024-05-15 12:50:00+02:00,24.1,24.1,23.8,10.3,42.0,30.7,82.0,458.4,4.0,0.0,0.0,0.0,0.0,0.0,36.1,92.2,1.9,5.4,119.0,995.8,995.8,2.68,5.3
2024-05-15 12:55:00+02:00,25.0,25.0,25.1,10.6,40.0,30.8,82.0,402.8,3.0,0.0,0.0,0.0,0.0,0.0,36.1,92.2,0.9,4.0,205.0,995.7,995.7,2.68,5.3
2024-05-15 13:00:00+02:00,25.6,25.6,25.3,10.8,40.0,30.9,82.0,347.6,3.0,0.0,0.0,0.0,0.0,0.0,36.1,92.2,2.7,5.8,282.0,995.7,995.7,2.68,5.3
2024-05-15 13:05:00+02:00,25.6,25.6,25.5,11.0,40.0,31.0,82.0,308.7,2.0,0.0,0.0,0.0,0.0,0.0,36.1,92.2,2.3,6.1,129.0,995.7,995.7,2.68,5.3
2024-05-15 13:10:00+02:00,25.2,25.2,25.2,10.9,41.0,31.1,82.0,305.8,2.0,0.0,0.0,0.0,0.0,0.0,36.1,92.2,1.4,5.4,136.0,995.8,995.8,2.68,5.3
2024-05-15 13:15:00+02:00,25.3,25.3,25.1,10.1,38.0,31.2,82.0,318.4,2.0,0.0,0.0,0.0,0.0,0.0,36.1,92.2,1.3,7.6,125.0,995.8,995.8,2.68,5.3
2024-05-15 13:20:00+02:00,24.7,24.7,23.8,9.9,39.0,31.2,82.0,390.6,3.0,0.0,0.0,0.0,0.0,0.0,36.1,92.2,4.4,9.0,159.0,995.8,995.8,2.68,5.3
2024-05-15 13:25:00+02:00,24.2,24.2,23.6,10.4,42.0,31.2,82.0,472.2,4.0,0.0,0.0,0.0,0.0,0.0,36.1,92.2,4.2,9.0,134.0,995.8,995.8,2.68,5.3
2024-05-15 13:30:00+02:00,24.6,24.6,24.0,10.3,41.0,31.3,82.0,484.0,4.0,0.0,0.0,0.0,0.0,0.0,36.1,92.2,3.5,8.3,129.0,995.9,995.9,2.68,5.3
2024-05-15 13:35:00+02:00,25.2,25.2,24.1,9.8,38.0,31.3,82.0,476.8,4.0,0.0,0.0,0.0,0.0,0.0,36.1,92.2,5.5,13.3,129.0,995.8,995.8,2.68,5.3
2024-05-15 13:40:00+02:00,24.1,24.1,22.9,10.2,41.0,31.4,82.0,389.3,3.0,0.0,0.0,0.0,0.0,0.0,36.1,92.2,6.3,13.3,86.0,995.7,995.7,2.68,5.3
2024-05-15 13:45:00+02:00,24.7,24.7,24.2,10.1,40.0,31.4,82.0,501.1,4.0,0.0,0.0,0.0,0.0,0.0,36.1,92.2,3.3,9.4,59.0,995.8,995.8,2.68,5.3
2024-05-15 13:50:00+02:00,24.6,24.6,23.3,9.8,39.0,31.5,82.0,511.2,4.0,0.0,0.0,0.0,0.0,0.0,36.1,92.2,6.3,16.9,147.0,995.8,995.8,2.68,5.3
2024-05-15 13:55:00+02:00,24.3,24.3,23.0,9.8,40.0,31.6,82.0,466.5,4.0,0.0,0.0,0.0,0.0,0.0,36.1,92.2,6.5,11.2,140.0,995.7,995.7,2.68,5.3
2024-05-15 14:00:00+02:00,24.5,24.5,23.9,9.6,39.0,31.7,82.0,396.9,3.0,0.0,0.0,0.0,0.0,0.0,36.1,92.2,2.4,11.9,161.0,995.8,995.8,2.68,5.3
2024-05-15 14:05:00+02:00,25.5,25.5,25.0,10.2,38.0,31.7,82.0,381.2,3.0,0.0,0.0,0.0,0.0,0.0,36.1,92.2,3.0,11.9,305.0,995.7,995.7,2.68,5.3
2024-05-15 14:10:00+02:00,24.9,24.9,24.3,10.5,40.0,31.8,82.0,343.6,3.0,0.0,0.0,0.0,0.0,0.0,36.1,92.2,4.3,11.9,91.0,995.6,995.6,2.68,5.3
2024-05-15 14:15:00+02:00,24.7,24.7,24.2,10.2,40.0,31.8,82.0,268.2,2.0,0.0,0.0,0.0,0.0,0.0,36.1,92.2,3.2,9.7,129.0,995.6,995.6,2.68,5.3
2024-05-15 14:20:00+02:00,24.2,24.2,23.4,9.9,40.0,31.8,82.0,332.2,3.0,0.0,0.0,0.0,0.0,0.0,36.1,92.2,4.4,10.4,153.0,995.5,995.5,2.68,5.3
2024-05-15 14:25:00+02:00,24.2,24.2,23.3,10.1,41.0,31.8,82.0,614.9,5.0,0.0,0.0,0.0,0.0,0.0,36.1,92.2,5.3,10.1,141.0,995.6,995.6,2.7,5.3
2024-05-15 14:30:00+02:00,24.4,24.4,23.1,10.1,41.0,31.8,82.0,627.0,5.0,0.0,0.0,0.0,0.0,0.0,36.1,92.2,7.0,14.0,124.0,995.5,995.5,2.7,5.3
2024-05-15 14:35:00+02:00,24.6,24.6,23.8,10.0,40.0,31.9,82.0,341.8,3.0,0.0,0.0,0.0,0.0,0.0,36.1,92.2,4.4,7.9,154.0,995.6,995.6,2.7,5.3
2024-05-15 14:40:00+02:00,24.5,24.5,24.1,9.9,40.0,31.9,82.0,573.3,5.0,0.0,0.0,0.0,0.0,0.0,36.1,92.2,2.4,7.9,143.0,995.6,995.6,2.7,5.3
2024-05-15 14:45:00+02:00,24.9,24.9,24.1,9.9,39.0,31.9,82.0,265.0,2.0,0.0,0.0,0.0,0.0,0.0,36.1,92.2,4.3,9.7,334.0,995.6,995.6,2.7,5.3
2024-05-15 14:50:00+02:00,24.9,24.9,24.6,10.3,40.0,31.9,82.0,196.8,1.0,0.0,0.0,0.0,0.0,0.0,36.1,92.2,2.1,7.9,138.0,995.5,995.5,2.7,5.3
2024-05-15 14:55:00+02:00,24.2,24.2,23.2,10.0,41.0,31.9,82.0,167.4,1.0,0.0,0.0,0.0,0.0,0.0,36.1,92.2,5.5,14.4,117.0,995.6,995.6,2.7,5.3
2024-05-15 15:00:00+02:00,23.6,23.6,23.3,10.2,43.0,31.8,83.0,157.0,1.0,0.0,0.0,0.0,0.0,0.0,36.1,92.2,1.9,14.4,145.0,995.6,995.6,2.7,5.3
2024-05-15 15:05:00+02:00,23.7,23.7,23.6,10.4,43.0,31.8,83.0,141.7,1.0,0.0,0.0,0.0,0.0,0.0,36.1,92.2,1.1,4.7,144.0,995.5,995.5,2.7,5.3
2024-05-15 15:10:00+02:00,23.9,23.9,23.3,9.9,41.0,31.8,83.0,180.2,1.0,0.0,0.0,0.0,0.0,0.0,36.1,92.2,3.0,8.3,134.0,995.5,995.5,2.7,5.3
2024-05-15 15:15:00+02:00,24.0,24.0,23.4,10.3,42.0,31.8,83.0,596.2,5.0,0.0,0.0,0.0,0.0,0.0,36.1,92.2,3.7,9.0,146.0,995.5,995.5,2.7,5.3
2024-05-15 15:20:00+02:00,25.0,25.0,24.9,12.3,45.0,31.8,82.0,656.5,6.0,0.0,0.0,0.0,0.0,0.0,36.1,92.2,4.6,9.4,130.0,995.5,995.5,2.7,5.3
2024-05-15 15:25:00+02:00,25.9,25.9,25.6,12.7,44.0,31.9,82.0,641.8,5.0,0.0,0.0,0.0,0.0,0.0,36.1,92.2,5.5,11.5,135.0,995.5,995.5,2.7,5.3
2024-05-15 15:30:00+02:00,25.0,25.0,23.8,11.7,43.0,31.9,82.0,628.6,5.0,0.0,0.0,0.0,0.0,0.0,36.1,92.2,8.9,18.0,129.0,995.6,995.6,2.7,5.3
2024-05-15 15:35:00+02:00,23.2,23.2,21.4,11.2,47.0,32.0,82.0,599.8,5.0,0.0,0.0,0.0,0.0,0.0,36.1,92.2,11.5,17.3,122.0,995.5,995.5,2.68,5.3
2024-05-15 15:40:00+02:00,23.4,23.4,22.2,11.1,46.0,31.9,82.0,318.0,2.0,0.0,0.0,0.0,0.0,0.0,36.1,92.2,7.9,16.2,117.0,995.6,995.6,2.68,5.3
2024-05-15 15:45:00+02:00,23.2,23.2,22.3,11.1,46.0,31.9,82.0,328.4,3.0,0.0,0.0,0.0,0.0,0.0,36.1,92.2,6.1,16.9,130.0,995.7,995.7,2.7,5.3
2024-05-15 15:50:00+02:00,23.0,23.0,21.6,10.8,46.0,31.9,82.0,288.5,2.0,0.0,0.0,0.0,0.0,0.0,36.1,92.2,8.4,18.4,119.0,995.6,995.6,2.7,5.3
2024-05-15 15:55:00+02:00,22.6,22.6,21.5,10.9,48.0,31.8,81.0,234.7,2.0,0.0,0.0,0.0,0.0,0.0,36.1,92.2,6.8,19.8,136.0,995.6,995.6,2.7,5.3
2024-05-15 16:00:00+02:00,22.8,22.8,21.6,11.2,48.0,31.8,81.0,171.7,1.0,0.0,0.0,0.0,0.0,0.0,36.1,92.2,8.0,18.7,100.0,995.8,995.8,2.7,5.3
2024-05-15 16:05:00+02:00,22.3,22.3,21.5,10.6,48.0,31.8,81.0,103.0,0.0,0.0,0.0,0.0,0.0,0.0,36.1,92.2,5.0,13.3,133.0,995.8,995.8,2.7,5.3
2024-05-15 16:10:00+02:00,22.2,22.2,21.5,10.8,48.0,31.7,81.0,93.8,0.0,0.0,0.0,0.0,0.0,0.0,36.1,92.2,4.9,11.2,139.0,995.9,995.9,2.7,5.3
2024-05-15 16:15:00+02:00,21.8,21.8,20.6,10.6,49.0,31.6,81.0,84.2,0.0,0.0,0.0,0.0,0.0,0.0,36.1,92.2,7.1,12.6,125.0,995.9,995.9,2.7,5.3
2024-05-15 16:20:00+02:00,21.9,21.9,21.5,10.4,48.0,31.5,81.0,88.6,0.0,0.0,0.0,0.0,0.0,0.0,36.1,92.2,3.0,9.7,139.0,995.8,995.8,2.7,5.3
2024-05-15 16:25:00+02:00,21.8,21.8,20.6,10.3,48.0,31.4,81.0,88.1,0.0,0.0,0.0,0.0,0.0,0.0,36.1,92.2,7.0,12.6,135.0,995.9,995.9,2.7,5.3
2024-05-15 16:30:00+02:00,21.7,21.7,20.2,10.2,48.0,31.3,81.0,108.8,1.0,0.0,0.0,0.0,0.0,0.0,36.1,92.2,8.2,12.2,125.0,995.9,995.9,2.7,5.3
2024-05-15 16:35:00+02:00,21.8,21.8,21.3,10.4,48.0,31.3,80.0,104.7,0.0,0.0,0.0,0.0,0.0,0.0,36.1,92.2,3.2,8.3,172.0,995.9,995.9,2.7,5.3
2024-05-15 16:40:00+02:00,21.8,21.8,21.0,10.5,49.0,31.2,81.0,88.2,0.0,0.0,0.0,0.0,0.0,0.0,36.1,92.2,5.3,15.1,129.0,995.9,995.9,2.7,5.3
2024-05-15 16:45:00+02:00,21.6,21.6,20.1,10.5,49.0,31.1,80.0,116.3,1.0,0.0,0.0,0.0,0.0,0.0,36.1,92.2,8.6,16.2,117.0,996.0,996.0,2.7,5.3
2024-05-15 16:50:00+02:00,21.6,21.6,21.1,10.8,50.0,31.0,80.0,126.7,1.0,0.0,0.0,0.0,0.0,0.0,36.1,92.2,4.2,16.2,142.0,996.0,996.0,2.7,5.3
2024-05-15 16:55:00+02:00,21.9,21.9,21.7,11.4,51.0,30.8,80.0,158.9,1.0,0.0,0.0,0.0,0.0,0.0,36.1,92.2,3.4,6.8,148.0,996.0,996.0,2.7,5.3
2024-05-15 17:00:00+02:00,22.1,22.1,22.0,11.4,51.0,30.8,80.0,177.7,1.0,0.0,0.0,0.0,0.0,0.0,36.1,92.2,2.7,7.9,239.0,996.0,996.0,2.7,5.3
2024-05-15 17:05:00+02:00,22.2,22.2,22.0,11.9,52.0,30.7,81.0,169.9,1.0,0.0,0.0,0.0,0.0,0.0,36.1,92.2,4.4,12.6,136.0,996.1,996.1,2.7,5.3
2024-05-15 17:10:00+02:00,21.5,21.5,20.2,11.1,51.0,30.7,80.0,131.2,1.0,0.0,0.0,0.0,0.0,0.0,36.1,92.2,8.8,15.5,116.0,996.2,996.2,2.7,5.3
2024-05-15 17:15:00+02:00,21.3,21.3,20.1,11.0,52.0,30.5,80.0,87.1,0.0,0.0,0.0,0.0,0.0,0.0,36.1,92.2,7.4,15.1,132.0,996.3,996.3,2.7,5.3
2024-05-15 17:20:00+02:00,21.3,21.3,21.2,10.9,52.0,30.4,80.0,75.9,0.0,0.0,0.0,0.0,0.0,0.0,36.1,92.2,2.0,7.6,155.0,996.2,996.2,2.7,5.3
2024-05-15 17:25:00+02:00,21.3,21.3,21.4,11.3,53.0,30.3,80.0,64.6,0.0,0.0,0.0,0.0,0.0,0.0,36.1,92.2,1.8,5.4,94.0,996.2,996.2,2.7,5.3
2024-05-15 17:30:00+02:00,21.2,21.2,20.2,11.1,52.0,30.3,80.0,90.9,0.0,0.0,0.0,0.0,0.0,0.0,36.1,92.2,6.8,11.5,138.0,996.2,996.2,2.7,5.3
2024-05-15 17:35:00+02:00,21.0,21.0,20.6,11.7,55.0,30.2,80.0,94.2,0.0,0.0,0.0,0.0,0.0,0.0,36.1,92.2,4.8,11.9,128.0,996.2,996.2,2.7,5.3
2024-05-15 17:40:00+02:00,20.8,20.8,20.3,12.2,58.0,30.1,80.0,90.5,0.0,0.0,0.0,0.0,0.0,0.0,36.1,92.2,6.0,13.0,128.0,996.2,996.2,2.7,5.3
2024-05-15 17:45:00+02:00,20.8,20.8,20.5,12.3,58.0,30.0,80.0,127.1,1.0,0.0,0.0,0.0,0.0,0.0,36.1,92.2,5.1,11.2,120.0,996.2,996.2,2.7,5.2
2024-05-15 17:50:00+02:00,20.8,20.8,20.1,12.3,58.0,29.9,80.0,116.3,1.0,0.0,0.0,0.0,0.0,0.0,36.1,92.2,7.5,11.9,126.0,996.2,996.2,2.7,5.2
2024-05-15 17:55:00+02:00,20.8,20.8,20.6,12.8,60.0,29.8,80.0,165.8,1.0,0.0,0.0,0.0,0.0,0.0,36.1,92.2,5.6,11.9,129.0,996.2,996.2,2.7,5.2
2024-05-15 18:00:00+02:00,20.8,20.8,20.7,13.2,62.0,29.7,80.0,80.4,0.0,0.0,0.0,0.0,0.0,0.0,36.1,92.2,5.3,11.5,123.0,996.2,996.2,2.7,5.2
2024-05-15 18:05:00+02:00,20.7,20.7,20.8,13.6,64.0,29.6,80.0,68.3,0.0,0.0,0.0,0.0,0.0,0.0,36.1,92.2,5.0,8.3,137.0,996.2,996.2,2.7,5.2
2024-05-15 18:10:00+02:00,20.8,20.8,21.6,14.3,66.0,29.5,80.0,86.5,0.0,0.0,0.0,0.0,0.0,0.0,36.1,92.2,3.1,6.1,245.0,996.3,996.3,2.7,5.2
2024-05-15 18:15:00+02:00,20.8,20.8,21.7,14.8,69.0,29.4,80.0,88.0,0.0,0.0,0.0,0.0,0.0,0.0,36.1,92.2,3.1,6.1,153.0,996.3,996.3,2.7,5.2
2024-05-15 18:20:00+02:00,20.5,20.5,21.7,14.8,70.0,29.3,80.0,76.6,0.0,0.0,0.0,0.0,0.0,0.0,36.1,92.2,1.9,7.9,66.0,996.4,996.4,2.7,5.2
2024-05-15 18:25:00+02:00,20.3,20.3,21.2,14.7,70.0,29.2,80.0,71.3,0.0,0.0,0.0,0.0,0.0,0.0,36.1,92.2,3.5,8.3,206.0,996.6,996.6,2.7,5.2
2024-05-15 18:30:00+02:00,20.5,20.5,21.5,14.7,70.0,29.2,80.0,75.0,0.0,0.0,0.0,0.0,0.0,0.0,36.1,92.2,2.7,9.7,218.0,996.4,996.4,2.7,5.2
2024-05-15 18:35:00+02:00,20.4,20.4,21.9,14.8,70.0,29.1,81.0,81.0,0.0,0.0,0.0,0.0,0.0,0.0,36.1,92.2,0.6,4.7,141.0,996.5,996.5,2.7,5.2
2024-05-15 18:40:00+02:00,20.3,20.3,21.3,14.8,71.0,29.0,81.0,70.6,0.0,0.0,0.0,0.0,0.0,0.0,36.1,92.2,3.1,7.9,205.0,996.5,996.5,2.7,5.2
2024-05-15 18:45:00+02:00,20.2,20.2,21.4,14.8,71.0,29.0,81.0,47.8,0.0,0.0,0.0,0.0,0.0,0.0,36.1,92.2,2.0,7.9,116.0,996.5,996.5,2.7,5.2
2024-05-15 18:50:00+02:00,19.9,19.9,20.4,14.8,73.0,28.9,81.0,41.4,0.0,0.0,0.0,0.0,0.0,0.0,36.1,92.2,5.0,9.7,113.0,996.6,996.6,2.7,5.2
2024-05-15 18:55:00+02:00,19.7,19.7,20.8,14.8,74.0,28.8,81.0,43.5,0.0,0.0,0.0,0.0,0.0,0.0,36.1,92.2,2.0,6.1,99.0,996.6,996.6,2.7,5.2
2024-05-15 19:00:00+02:00,19.6,19.6,20.6,14.8,73.0,28.8,80.0,44.0,0.0,0.0,0.0,0.0,0.0,0.0,36.1,92.2,3.0,5.4,96.0,996.7,996.7,2.7,5.2
2024-05-15 19:05:00+02:00,19.5,19.5,20.7,14.6,73.0,28.7,81.0,46.5,0.0,0.0,0.0,0.0,0.0,0.0,36.1,92.2,1.4,5.4,231.0,996.6,996.6,2.7,5.2
2024-05-15 19:10:00+02:00,19.7,19.7,20.9,14.6,72.0,28.6,81.0,41.9,0.0,0.0,0.0,0.0,0.0,0.0,36.1,92.2,1.4,5.8,285.0,996.6,996.6,2.7,5.2
2024-05-15 19:15:00+02:00,19.6,19.6,20.6,14.6,73.0,28.6,81.0,26.1,0.0,0.0,0.0,0.0,0.0,0.0,36.1,92.2,2.4,5.8,164.0,996.7,996.7,2.7,5.2
2024-05-15 19:20:00+02:00,19.2,19.2,20.0,14.6,75.0,28.5,81.0,23.4,0.0,0.0,0.0,0.0,0.0,0.0,36.1,92.2,3.7,7.2,125.0,996.7,996.7,2.7,5.2
2024-05-15 19:25:00+02:00,19.2,19.2,20.3,14.6,75.0,28.4,81.0,28.3,0.0,0.0,0.0,0.0,0.0,0.0,36.1,92.2,1.5,7.2,229.0,996.7,996.7,2.7,5.2
2024-05-15 19:30:00+02:00,19.2,19.2,20.2,14.8,76.0,28.3,81.0,31.5,0.0,0.0,0.0,0.0,0.0,0.0,36.1,92.2,2.6,6.5,272.0,996.8,996.8,2.7,5.2
2024-05-15 19:35:00+02:00,19.0,19.0,19.8,14.8,76.0,28.2,81.0,31.6,0.0,0.0,0.0,0.0,0.0,0.0,36.1,92.2,3.7,7.2,274.0,996.8,996.8,2.7,5.2
2024-05-15 19:40:00+02:00,18.9,18.9,19.8,14.7,77.0,28.1,81.0,33.1,0.0,0.0,0.0,0.0,0.0,0.0,36.1,92.2,3.3,9.0,271.0,996.8,996.8,2.7,5.2
2024-05-15 19:45:00+02:00,18.8,18.8,19.8,14.6,77.0,28.0,81.0,31.6,0.0,0.0,0.0,0.0,0.0,0.0,36.1,92.2,3.1,7.2,303.0,996.7,996.7,2.7,5.2
2024-05-15 19:50:00+02:00,18.8,18.8,19.8,14.5,76.0,28.0,81.0,32.6,0.0,0.0,0.0,0.0,0.0,0.0,36.1,92.2,2.4,7.2,222.0,996.8,996.8,2.7,5.2
2024-05-15 19:55:00+02:00,18.8,18.8,19.9,14.5,76.0,27.9,81.0,38.4,0.0,0.0,0.0,0.0,0.0,0.0,36.1,92.2,1.6,7.2,169.0,996.8,996.8,2.7,5.2
2024-05-15 20:00:00+02:00,18.7,18.7,19.9,14.6,77.0,27.8,81.0,37.9,0.0,0.0,0.0,0.0,0.0,0.0,36.1,92.2,1.4,5.0,266.0,996.9,996.9,2.7,5.2
2024-05-15 20:05:00+02:00,18.7,18.7,20.0,14.6,77.0,27.7,81.0,37.2,0.0,0.0,0.0,0.0,0.0,0.0,36.1,92.2,0.9,5.8,142.0,996.9,996.9,2.7,5.2
2024-05-15 20:10:00+02:00,18.7,18.7,19.6,14.6,77.0,27.7,81.0,34.6,0.0,0.0,0.0,0.0,0.0,0.0,36.1,92.2,2.9,5.8,209.0,997.1,997.1,2.7,5.2
2024-05-15 20:15:00+02:00,18.7,18.7,19.8,14.7,78.0,27.6,81.0,34.1,0.0,0.0,0.0,0.0,0.0,0.0,36.1,92.2,2.0,4.7,205.0,997.0,997.0,2.7,5.2
2024-05-15 20:20:00+02:00,18.5,18.5,19.7,14.5,78.0,27.5,81.0,28.2,0.0,0.0,0.0,0.0,0.0,0.0,36.1,92.2,1.4,5.4,187.0,997.1,997.1,2.7,5.2
2024-05-15 20:25:00+02:00,18.4,18.4,19.5,14.5,78.0,27.4,81.0,22.3,0.0,0.0,0.0,0.0,0.0,0.0,36.1,92.2,2.2,4.3,239.0,997.1,997.1,2.7,5.2
2024-05-15 20:30:00+02:00,18.4,18.4,19.6,14.5,78.0,27.3,81.0,17.2,0.0,0.0,0.0,0.0,0.0,0.0,36.1,92.2,1.0,5.4,234.0,997.1,997.1,2.7,5.2
2024-05-15 20:35:00+02:00,18.3,18.3,19.4,14.6,79.0,27.2,81.0,14.5,0.0,0.0,0.0,0.0,0.0,0.0,36.1,92.2,2.2,5.8,277.0,997.0,997.0,2.7,5.2
2024-05-15 20:40:00+02:00,18.2,18.2,19.1,14.6,80.0,27.2,81.0,11.0,0.0,0.0,0.0,0.0,0.0,0.0,36.1,92.2,2.8,7.6,282.0,997.1,997.1,2.7,5.2
2024-05-15 20:45:00+02:00,18.0,18.0,18.9,14.5,80.0,27.1,81.0,9.7,0.0,0.0,0.0,0.0,0.0,0.0,36.1,92.2,2.9,8.6,270.0,997.0,997.0,2.7,5.2
2024-05-15 20:50:00+02:00,18.0,18.0,18.3,14.5,80.0,27.0,81.0,8.1,0.0,0.0,0.0,0.0,0.0,0.0,36.1,92.2,5.4,9.7,291.0,997.1,997.1,2.7,5.2
2024-05-15 20:55:00+02:00,17.8,17.8,18.6,14.3,80.0,26.9,81.0,6.6,0.0,0.0,0.0,0.0,0.0,0.0,36.1,92.2,3.2,8.6,290.0,997.2,997.2,2.7,5.2
2024-05-15 21:00:00+02:00,17.8,17.8,19.1,14.4,80.0,26.8,81.0,5.3,0.0,0.0,0.0,0.0,0.0,0.0,36.1,92.2,0.7,4.3,272.0,997.1,997.1,2.7,5.2
2024-05-15 21:05:00+02:00,17.7,17.7,18.6,14.5,81.0,26.8,82.0,4.0,0.0,0.0,0.0,0.0,0.0,0.0,36.1,92.2,2.4,6.1,297.0,996.9,996.9,2.7,5.2
2024-05-15 21:10:00+02:00,17.6,17.6,18.9,14.3,81.0,26.7,82.0,2.8,0.0,0.0,0.0,0.0,0.0,0.0,36.1,92.2,0.0,3.6,307.0,996.9,996.9,2.7,5.2
2024-05-15 21:15:00+02:00,17.6,17.6,18.8,14.3,81.0,26.6,81.0,1.8,0.0,0.0,0.0,0.0,0.0,0.0,36.1,92.2,0.4,3.6,228.0,997.0,997.0,2.7,5.2
2024-05-15 21:20:00+02:00,17.5,17.5,18.8,14.4,82.0,26.5,82.0,1.0,0.0,0.0,0.0,0.0,0.0,0.0,36.1,92.2,0.6,4.3,339.0,997.2,997.2,2.7,5.2
2024-05-15 21:25:00+02:00,17.4,17.4,18.7,14.3,82.0,26.5,81.0,0.6,0.0,0.0,0.0,0.0,0.0,0.0,36.1,92.2,0.8,4.0,2.0,997.1,997.1,2.7,5.2
2024-05-15 21:30:00+02:00,17.3,17.3,18.7,14.4,83.0,26.3,82.0,0.4,0.0,0.0,0.0,0.0,0.0,0.0,36.1,92.2,0.0,3.6,114.0,997.2,997.2,2.7,5.2
2024-05-15 21:35:00+02:00,17.2,17.2,18.5,14.3,83.0,26.3,81.0,0.2,0.0,0.0,0.0,0.0,0.0,0.0,36.1,92.2,0.4,3.6,114.0,997.0,997.0,2.7,5.2
2024-05-15 21:40:00+02:00,17.1,17.1,18.2,14.3,84.0,26.2,81.0,0.1,0.0,0.0,0.0,0.0,0.0,0.0,36.1,92.2,1.1,3.6,278.0,997.1,997.1,2.7,5.2
2024-05-15 21:45:00+02:00,17.0,17.0,18.2,14.2,84.0,26.1,81.0,0.0,0.0,0.0,0.0,0.0,0.0,0.0,36.1,92.2,0.4,3.6,253.0,997.0,997.0,2.7,5.2
2024-05-15 21:50:00+02:00,17.0,17.0,17.8,14.2,84.0,26.1,82.0,0.0,0.0,0.0,0.0,0.0,0.0,0.0,36.1,92.2,2.4,6.5,285.0,997.0,997.0,2.7,5.2
2024-05-15 21:55:00+02:00,17.0,17.0,18.2,14.2,84.0,25.9,81.0,0.0,0.0,0.0,0.0,0.0,0.0,0.0,36.1,92.2,0.9,5.8,301.0,996.9,996.9,2.7,5.2
2024-05-15 22:00:00+02:00,17.0,17.0,18.3,14.2,84.0,25.8,81.0,0.0,0.0,0.0,0.0,0.0,0.0,0.0,36.1,92.2,0.0,2.9,98.0,996.9,996.9,2.7,5.2
2024-05-15 22:05:00+02:00,17.0,17.0,17.8,14.3,84.0,25.8,81.0,0.0,0.0,0.0,0.0,0.0,0.0,0.0,36.1,92.2,2.4,5.0,299.0,997.0,997.0,2.7,5.1
2024-05-15 22:10:00+02:00,17.0,17.0,17.9,14.3,84.0,25.7,82.0,0.0,0.0,0.0,0.0,0.0,0.0,0.0,36.1,92.2,2.2,5.4,291.0,996.9,996.9,2.7,5.1
2024-05-15 22:15:00+02:00,17.0,17.0,17.9,14.3,84.0,25.6,82.0,0.0,0.0,0.0,0.0,0.0,0.0,0.0,36.1,92.2,2.2,4.7,289.0,996.9,996.9,2.7,5.1
2024-05-15 22:20:00+02:00,16.9,16.9,17.8,14.2,84.0,25.5,82.0,0.0,0.0,0.0,0.0,0.0,0.0,0.0,36.1,92.2,2.2,5.4,298.0,996.9,996.9,2.7,5.1
2024-05-15 22:25:00+02:00,16.9,16.9,17.8,14.2,84.0,25.4,82.0,0.0,0.0,0.0,0.0,0.0,0.0,0.0,36.1,92.2,2.3,5.8,288.0,996.9,996.9,2.7,5.1
2024-05-15 22:30:00+02:00,16.9,16.9,18.1,14.2,84.0,25.4,82.0,0.0,0.0,0.0,0.0,0.0,0.0,0.0,36.1,92.2,0.7,5.4,299.0,996.9,996.9,2.7,5.1
2024-05-15 22:35:00+02:00,16.8,16.8,17.9,14.2,84.0,25.3,82.0,0.0,0.0,0.0,0.0,0.0,0.0,0.0,36.1,92.2,1.4,4.3,305.0,997.0,997.0,2.7,5.1
2024-05-15 22:40:00+02:00,16.9,16.9,17.8,14.2,84.0,25.3,82.0,0.0,0.0,0.0,0.0,0.0,0.0,0.0,36.1,92.2,2.1,4.3,320.0,996.9,996.9,2.7,5.1
2024-05-15 22:45:00+02:00,16.9,16.9,17.7,14.2,84.0,25.2,82.0,0.0,0.0,0.0,0.0,0.0,0.0,0.0,36.1,92.2,2.6,6.1,286.0,996.9,996.9,2.7,5.1
2024-05-15 22:50:00+02:00,16.9,16.9,17.8,14.2,84.0,25.1,82.0,0.0,0.0,0.0,0.0,0.0,0.0,0.0,36.1,92.2,2.1,5.0,283.0,996.9,996.9,2.7,5.1
2024-05-15 22:55:00+02:00,16.9,16.9,18.0,14.2,84.0,25.1,82.0,0.0,0.0,0.0,0.0,0.0,0.0,0.0,36.1,92.2,1.3,4.7,281.0,996.9,996.9,2.7,5.1
2024-05-15 23:00:00+02:00,16.8,16.8,17.7,14.1,84.0,25.0,82.0,0.0,0.0,0.0,0.0,0.0,0.0,0.0,36.1,92.2,2.1,4.0,289.0,996.9,996.9,2.7,5.1
2024-05-15 23:05:00+02:00,16.8,16.8,17.8,14.2,85.0,25.0,82.0,0.0,0.0,0.0,0.0,0.0,0.0,0.0,36.1,92.2,1.8,4.7,292.0,996.8,996.8,2.7,5.1
2024-05-15 23:10:00+02:00,16.7,16.7,17.8,14.2,85.0,24.9,82.0,0.0,0.0,0.0,0.0,0.0,0.0,0.0,36.1,92.2,1.2,3.2,272.0,997.0,997.0,2.7,5.1
2024-05-15 23:15:00+02:00,16.7,16.7,18.0,14.3,86.0,24.8,82.0,0.0,0.0,0.0,0.0,0.0,0.0,0.0,36.1,92.2,0.0,3.2,219.0,996.9,996.9,2.7,5.1
2024-05-15 23:20:00+02:00,16.6,16.6,17.8,14.3,86.0,24.8,82.0,0.0,0.0,0.0,0.0,0.0,0.0,0.0,36.1,92.2,0.9,2.9,219.0,997.0,997.0,2.7,5.1
2024-05-15 23:25:00+02:00,16.5,16.5,17.7,14.3,87.0,24.7,82.0,0.0,0.0,0.0,0.0,0.0,0.0,0.0,36.1,92.2,0.4,2.5,120.0,997.1,997.1,2.7,5.1
2024-05-15 23:30:00+02:00,16.3,16.3,17.6,14.2,87.0,24.6,82.0,0.0,0.0,0.0,0.0,0.0,0.0,0.0,36.1,92.2,0.8,2.5,126.0,997.0,997.0,2.7,5.1
2024-05-15 23:35:00+02:00,16.3,16.3,17.7,14.3,88.0,24.6,82.0,0.0,0.0,0.0,0.0,0.0,0.0,0.0,36.1,92.2,0.0,2.5,143.0,996.9,996.9,2.7,5.1
2024-05-15 23:40:00+02:00,16.2,16.2,17.3,14.3,88.0,24.5,82.0,0.0,0.0,0.0,0.0,0.0,0.0,0.0,36.1,92.2,1.5,4.3,38.0,996.9,996.9,2.7,5.1
2024-05-15 23:45:00+02:00,16.3,16.3,17.4,14.4,88.0,24.5,82.0,0.0,0.0,0.0,0.0,0.0,0.0,0.0,36.1,92.2,1.4,3.2,324.0,996.9,996.9,2.7,5.1
2024-05-15 23:50:00+02:00,16.4,16.4,17.3,14.4,88.0,24.4,82.0,0.0,0.0,0.0,0.0,0.0,0.0,0.0,36.1,92.2,2.7,5.0,274.0,996.9,996.9,2.7,5.1
2024-05-15 23:55:00+02:00,16.4,16.4,17.4,14.4,88.0,24.3,82.0,0.0,0.0,0.0,0.0,0.0,0.0,0.0,36.1,92.2,1.8,5.0,312.0,996.9,996.9,2.7,5.0
2024-05-16 00:00:00+02:00,16.4,16.4,17.4,14.4,88.0,24.3,82.0,0.0,0.0,0.0,0.0,0.0,0.0,0.0,36.1,92.2,2.2,4.0,305.0,996.9,996.9,2.7,5.0
2024-05-16 00:05:00+02:00,16.4,16.4,17.7,14.4,88.0,24.2,82.0,0.0,0.0,0.0,0.0,0.0,0.0,0.0,36.1,92.2,0.4,2.2,244.0,996.9,996.9,2.7,5.0
2024-05-16 00:10:00+02:00,16.4,16.4,17.6,14.5,89.0,24.1,82.0,0.0,0.0,0.0,0.0,0.0,0.0,0.0,36.1,92.2,1.2,2.9,300.0,996.9,996.9,2.7,5.0
2024-05-16 00:15:00+02:00,16.3,16.3,17.7,14.4,89.0,24.1,82.0,0.0,0.0,0.0,0.0,0.0,0.0,0.0,36.1,92.2,0.0,2.9,330.0,996.8,996.8,2.7,5.0
2024-05-16 00:20:00+02:00,16.3,16.3,17.4,14.4,89.0,24.0,82.0,0.0,0.0,0.0,0.0,0.0,0.0,0.0,36.1,92.2,1.5,3.2,354.0,996.7,996.7,2.7,5.0
2024-05-16 00:25:00+02:00,16.3,16.3,17.5,14.4,89.0,23.9,82.0,0.0,0.0,0.0,0.0,0.0,0.0,0.0,36.1,92.2,1.3,2.9,315.0,996.8,996.8,2.7,5.0
2024-05-16 00:30:00+02:00,16.2,16.2,17.5,14.4,89.0,23.9,82.0,0.0,0.0,0.0,0.0,0.0,0.0,0.0,36.1,92.2,0.7,2.9,328.0,996.7,996.7,2.7,5.0
2024-05-16 00:35:00+02:00,16.3,16.3,17.6,14.4,89.0,23.8,82.0,0.0,0.0,0.0,0.0,0.0,0.0,0.0,36.1,92.2,0.4,3.2,13.0,996.7,996.7,2.7,5.0
2024-05-16 00:40:00+02:00,16.2,16.2,17.2,14.4,89.0,23.7,82.0,0.0,0.0,0.0,0.0,0.0,0.0,0.0,36.1,92.2,2.4,6.8,331.0,996.7,996.7,2.7,5.0
2024-05-16 00:45:00+02:00,16.2,16.2,17.3,14.4,89.0,23.7,82.0,0.0,0.0,0.0,0.0,0.0,0.0,0.0,36.1,92.2,1.6,5.0,314.0,996.7,996.7,2.7,5.0
2024-05-16 00:50:00+02:00,16.2,16.2,17.4,14.4,89.0,23.7,83.0,0.0,0.0,0.0,0.0,0.0,0.0,0.0,36.1,92.2,0.9,3.2,55.0,996.7,996.7,2.7,5.0
2024-05-16 00:55:00+02:00,16.0,16.0,17.3,14.4,90.0,23.6,82.0,0.0,0.0,0.0,0.0,0.0,0.0,0.0,36.1,92.2,0.4,3.2,96.0,996.7,996.7,2.7,5.0
2024-05-16 01:00:00+02:00,15.8,15.8,16.9,14.2,90.0,23.5,82.0,0.0,0.0,0.0,0.0,0.0,0.0,0.0,36.1,92.2,1.2,3.2,99.0,996.8,996.8,2.7,5.0
2024-05-16 01:05:00+02:00,15.7,15.7,16.9,14.2,91.0,23.4,82.0,0.0,0.0,0.0,0.0,0.0,0.0,0.0,36.1,92.2,0.4,2.9,101.0,996.7,996.7,2.7,5.0
2024-05-16 01:10:00+02:00,15.5,15.5,16.5,14.1,91.0,23.4,83.0,0.0,0.0,0.0,0.0,0.0,0.0,0.0,36.1,92.2,1.4,3.2,115.0,996.7,996.7,2.7,5.0
2024-05-16 01:15:00+02:00,15.4,15.4,16.4,14.1,92.0,23.3,82.0,0.0,0.0,0.0,0.0,0.0,0.0,0.0,36.1,92.2,1.8,3.6,102.0,996.7,996.7,2.7,5.0
2024-05-16 01:20:00+02:00,15.3,15.3,16.6,14.0,92.0,23.2,82.0,0.0,0.0,0.0,0.0,0.0,0.0,0.0,36.1,92.2,0.0,2.2,89.0,996.6,996.6,2.7,5.0
2024-05-16 01:25:00+02:00,15.3,15.3,16.6,14.0,92.0,23.2,82.0,0.0,0.0,0.0,0.0,0.0,0.0,0.0,36.1,92.2,0.0,1.8,3.0,996.6,996.6,2.7,5.0
2024-05-16 01:30:00+02:00,15.3,15.3,16.5,14.0,92.0,23.1,82.0,0.0,0.0,0.0,0.0,0.0,0.0,0.0,36.1,92.2,0.4,2.2,141.0,996.5,996.5,2.7,5.0
2024-05-16 01:35:00+02:00,15.2,15.2,16.3,14.0,92.0,23.1,83.0,0.0,0.0,0.0,0.0,0.0,0.0,0.0,36.1,92.2,1.2,2.5,133.0,996.5,996.5,2.7,5.0
2024-05-16 01:40:00+02:00,15.1,15.1,16.4,14.0,93.0,23.0,82.0,0.0,0.0,0.0,0.0,0.0,0.0,0.0,36.1,92.2,0.0,2.9,107.0,996.4,996.4,2.7,5.0
2024-05-16 01:45:00+02:00,15.2,15.2,16.3,14.1,93.0,23.0,83.0,0.0,0.0,0.0,0.0,0.0,0.0,0.0,36.1,92.2,1.0,2.9,19.0,996.4,996.4,2.7,4.9
2024-05-16 01:50:00+02:00,15.5,15.5,16.6,14.3,92.0,22.9,83.0,0.0,0.0,0.0,0.0,0.0,0.0,0.0,36.1,92.2,1.2,3.2,342.0,996.3,996.3,2.7,4.9
2024-05-16 01:55:00+02:00,15.6,15.6,16.8,14.1,91.0,22.8,83.0,0.0,0.0,0.0,0.0,0.0,0.0,0.0,36.1,92.2,0.4,3.2,100.0,996.3,996.3,2.7,4.9
2024-05-16 02:00:00+02:00,15.4,15.4,16.3,14.1,92.0,22.8,83.0,0.0,0.0,0.0,0.0,0.0,0.0,0.0,36.1,92.2,1.9,3.2,106.0,996.3,996.3,2.7,4.9
2024-05-16 02:05:00+02:00,15.3,15.3,16.5,14.1,93.0,22.7,83.0,0.0,0.0,0.0,0.0,0.0,0.0,0.0,36.1,92.2,0.4,3.2,306.0,996.2,996.2,2.7,4.9
2024-05-16 02:10:00+02:00,15.4,15.4,16.6,14.2,92.0,22.7,83.0,0.0,0.0,0.0,0.0,0.0,0.0,0.0,36.1,92.2,0.7,3.2,2.0,996.1,996.1,2.7,4.9
2024-05-16 02:15:00+02:00,15.5,15.5,16.8,14.1,91.0,22.6,83.0,0.0,0.0,0.0,0.0,0.0,0.0,0.0,36.1,92.2,0.4,2.9,21.0,996.1,996.1,2.7,4.9
2024-05-16 02:20:00+02:00,15.4,15.4,16.2,14.1,92.0,22.6,83.0,0.0,0.0,0.0,0.0,0.0,0.0,0.0,36.1,92.2,2.8,3.6,115.0,996.0,996.0,2.7,4.9
2024-05-16 02:25:00+02:00,15.2,15.2,16.2,14.1,93.0,22.5,83.0,0.0,0.0,0.0,0.0,0.0,0.0,0.0,36.1,92.2,1.4,2.9,105.0,996.1,996.1,2.7,4.9
2024-05-16 02:30:00+02:00,15.2,15.2,16.5,14.1,93.0,22.5,83.0,0.0,0.0,0.0,0.0,0.0,0.0,0.0,36.1,92.2,0.0,2.2,119.0,996.0,996.0,2.7,4.9
2024-05-16 02:35:00+02:00,15.2,15.2,16.3,14.1,93.0,22.4,83.0,0.0,0.0,0.0,0.0,0.0,0.0,0.0,36.1,92.2,0.7,2.5,129.0,996.0,996.0,2.7,4.9
2024-05-16 02:40:00+02:00,15.2,15.2,16.3,14.1,93.0,22.4,83.0,0.0,0.0,0.0,0.0,0.0,0.0,0.0,36.1,92.2,1.2,2.9,96.0,995.9,995.9,2.7,4.9
2024-05-16 02:45:00+02:00,15.2,15.2,16.2,14.1,93.0,22.3,83.0,0.0,0.0,0.0,0.0,0.0,0.0,0.0,36.1,92.2,1.4,2.9,120.0,995.9,995.9,2.7,4.9
2024-05-16 02:50:00+02:00,15.1,15.1,15.9,14.0,93.0,22.3,83.0,0.0,0.0,0.0,0.0,0.0,0.0,0.0,36.1,92.2,2.0,2.9,111.0,995.7,995.7,2.7,4.9
2024-05-16 02:55:00+02:00,15.0,15.0,15.8,14.1,94.0,22.3,83.0,0.0,0.0,0.0,0.0,0.0,0.0,0.0,36.1,92.2,2.7,3.6,121.0,995.7,995.7,2.7,4.9
2024-05-16 03:00:00+02:00,15.0,15.0,16.0,14.0,94.0,22.2,83.0,0.0,0.0,0.0,0.0,0.0,0.0,0.0,36.1,92.2,1.3,4.3,122.0,995.9,995.9,2.7,4.9
2024-05-16 03:05:00+02:00,14.9,14.9,16.0,13.9,94.0,22.2,83.0,0.0,0.0,0.0,0.0,0.0,0.0,0.0,36.1,92.2,0.7,2.5,135.0,995.7,995.7,2.7,4.9
2024-05-16 03:10:00+02:00,14.8,14.8,16.1,13.9,94.0,22.1,83.0,0.0,0.0,0.0,0.0,0.0,0.0,0.0,36.1,92.2,0.0,2.5,125.0,995.6,995.6,2.7,4.9
2024-05-16 03:15:00+02:00,14.8,14.8,16.0,13.8,94.0,22.1,83.0,0.0,0.0,0.0,0.0,0.0,0.0,0.0,36.1,92.2,0.0,1.8,112.0,995.6,995.6,2.7,4.9
2024-05-16 03:20:00+02:00,14.9,14.9,15.7,13.9,94.0,22.0,83.0,0.0,0.0,0.0,0.0,0.0,0.0,0.0,36.1,92.2,2.1,4.3,118.0,995.7,995.7,2.7,4.9
2024-05-16 03:25:00+02:00,14.9,14.9,15.9,14.0,94.0,22.0,83.0,0.0,0.0,0.0,0.0,0.0,0.0,0.0,36.1,92.2,1.2,4.3,120.0,995.6,995.6,2.7,4.9
2024-05-16 03:30:00+02:00,14.9,14.9,15.9,13.9,94.0,21.9,83.0,0.0,0.0,0.0,0.0,0.0,0.0,0.0,36.1,92.2,1.1,3.6,134.0,995.6,995.6,2.7,4.9
2024-05-16 03:35:00+02:00,14.8,14.8,15.9,13.8,94.0,21.9,83.0,0.0,0.0,0.0,0.0,0.0,0.0,0.0,36.1,92.2,0.4,1.8,131.0,995.5,995.5,2.7,4.8
2024-05-16 03:40:00+02:00,14.9,14.9,16.1,14.0,95.0,21.9,83.0,0.0,0.0,0.0,0.0,0.0,0.0,0.0,36.1,92.2,0.4,2.9,327.0,995.3,995.3,2.7,4.8
2024-05-16 03:45:00+02:00,15.0,15.0,16.2,14.1,94.0,21.9,83.0,0.0,0.0,0.0,0.0,0.0,0.0,0.0,36.1,92.2,0.5,2.9,328.0,995.3,995.3,2.7,4.8
2024-05-16 03:50:00+02:00,15.0,15.0,16.0,14.1,94.0,21.8,83.0,0.0,0.0,0.0,0.0,0.0,0.0,0.0,36.1,92.2,1.7,3.6,333.0,995.1,995.1,2.7,4.8
2024-05-16 03:55:00+02:00,15.2,15.2,16.5,14.1,93.0,21.8,83.0,0.0,0.0,0.0,0.0,0.0,0.0,0.0,36.1,92.2,0.0,2.9,328.0,995.0,995.0,2.7,4.8
2024-05-16 04:00:00+02:00,15.1,15.1,15.9,14.1,93.0,21.8,83.0,0.0,0.0,0.0,0.0,0.0,0.0,0.0,36.1,92.2,2.4,4.7,119.0,995.1,995.1,2.7,4.8
2024-05-16 04:05:00+02:00,14.9,14.9,15.9,14.0,94.0,21.7,83.0,0.0,0.0,0.0,0.0,0.0,0.0,0.0,36.1,92.2,1.5,4.0,130.0,995.2,995.2,2.7,4.8
2024-05-16 04:10:00+02:00,14.8,14.8,16.0,13.9,94.0,21.7,83.0,0.0,0.0,0.0,0.0,0.0,0.0,0.0,36.1,92.2,0.4,2.5,115.0,995.1,995.1,2.7,4.8
2024-05-16 04:15:00+02:00,14.8,14.8,15.6,13.8,94.0,21.6,83.0,0.0,0.0,0.0,0.0,0.0,0.0,0.0,36.1,92.2,2.2,3.6,121.0,995.1,995.1,2.7,4.8
2024-05-16 04:20:00+02:00,14.8,14.8,15.9,13.8,94.0,21.6,83.0,0.0,0.0,0.0,0.0,0.0,0.0,0.0,36.1,92.2,0.4,2.9,140.0,995.0,995.0,2.7,4.8
2024-05-16 04:25:00+02:00,14.8,14.8,16.0,13.8,94.0,21.6,83.0,0.0,0.0,0.0,0.0,0.0,0.0,0.0,36.1,92.2,0.0,2.2,297.0,994.9,994.9,2.7,4.8
2024-05-16 04:30:00+02:00,14.7,14.7,15.7,13.9,95.0,21.5,83.0,0.0,0.0,0.0,0.0,0.0,0.0,0.0,36.1,92.2,1.2,3.2,137.0,994.8,994.8,2.7,4.8
2024-05-16 04:35:00+02:00,14.6,14.6,15.7,13.8,95.0,21.5,83.0,0.0,0.0,0.0,0.0,0.0,0.0,0.0,36.1,92.2,0.4,2.9,143.0,994.7,994.7,2.7,4.8
2024-05-16 04:40:00+02:00,14.6,14.6,15.6,13.8,95.0,21.5,83.0,0.0,0.0,0.0,0.0,0.0,0.0,0.0,36.1,92.2,0.9,2.9,124.0,994.7,994.7,2.7,4.8
2024-05-16 04:45:00+02:00,14.6,14.6,15.3,13.8,95.0,21.4,83.0,0.0,0.0,0.0,0.0,0.0,0.0,0.0,36.1,92.2,2.3,4.0,126.0,994.7,994.7,2.7,4.8
2024-05-16 04:50:00+02:00,14.5,14.5,15.1,13.7,95.0,21.4,83.0,0.0,0.0,0.0,0.0,0.0,0.0,0.0,36.1,92.2,2.8,4.3,121.0,994.7,994.7,2.7,4.8
2024-05-16 04:55:00+02:00,14.5,14.5,15.3,13.7,95.0,21.4,83.0,0.0,0.0,0.0,0.0,0.0,0.0,0.0,36.1,92.2,1.8,3.2,127.0,994.7,994.7,2.7,4.8
2024-05-16 05:00:00+02:00,14.4,14.4,15.4,13.6,95.0,21.3,83.0,0.0,0.0,0.0,0.0,0.0,0.0,0.0,36.1,92.2,0.9,2.5,123.0,994.7,994.7,2.7,4.8
2024-05-16 05:05:00+02:00,14.4,14.4,15.5,13.6,95.0,21.3,83.0,0.0,0.0,0.0,0.0,0.0,0.0,0.0,36.1,92.2,0.4,1.8,140.0,994.6,994.6,2.7,4.8
2024-05-16 05:10:00+02:00,14.3,14.3,15.2,13.5,95.0,21.3,83.0,0.1,0.0,0.0,0.0,0.0,0.0,0.0,36.1,92.2,1.3,2.5,133.0,994.5,994.5,2.7,4.8
2024-05-16 05:15:00+02:00,14.3,14.3,15.2,13.7,96.0,21.2,83.0,0.2,0.0,0.0,0.0,0.0,0.0,0.0,36.1,92.2,1.7,3.6,124.0,994.5,994.5,2.7,4.7
2024-05-16 05:20:00+02:00,14.2,14.2,15.2,13.6,96.0,21.2,83.0,0.4,0.0,0.0,0.0,0.0,0.0,0.0,36.1,92.2,0.8,2.5,116.0,994.4,994.4,2.7,4.7
2024-05-16 05:25:00+02:00,14.2,14.2,15.1,13.6,96.0,21.2,83.0,0.7,0.0,0.0,0.0,0.0,0.0,0.0,36.1,92.2,1.2,2.9,111.0,994.5,994.5,2.7,4.7
2024-05-16 05:30:00+02:00,14.2,14.2,14.9,13.6,96.0,21.2,83.0,1.1,0.0,0.0,0.0,0.0,0.0,0.0,36.1,92.2,2.0,3.6,117.0,994.4,994.4,2.7,4.7
2024-05-16 05:35:00+02:00,14.1,14.1,15.0,13.5,96.0,21.1,83.0,1.7,0.0,0.0,0.0,0.0,0.0,0.0,36.1,92.2,0.7,3.2,130.0,994.3,994.3,2.7,4.7
2024-05-16 05:40:00+02:00,14.0,14.0,15.1,13.4,96.0,21.1,83.0,2.4,0.0,0.0,0.0,0.0,0.0,0.0,36.1,92.2,0.0,2.5,101.0,994.3,994.3,2.7,4.7
2024-05-16 05:45:00+02:00,14.0,14.0,15.1,13.4,96.0,21.0,83.0,3.2,0.0,0.0,0.0,0.0,0.0,0.0,36.1,92.2,0.0,2.2,109.0,994.3,994.3,2.7,4.7
2024-05-16 05:50:00+02:00,14.0,14.0,14.8,13.4,96.0,21.0,83.0,3.4,0.0,0.0,0.0,0.0,0.0,0.0,36.1,92.2,1.4,2.5,118.0,994.3,994.3,2.7,4.7
2024-05-16 05:55:00+02:00,14.0,14.0,14.9,13.4,96.0,21.0,83.0,3.4,0.0,0.0,0.0,0.0,0.0,0.0,36.1,92.2,0.8,2.5,101.0,994.2,994.2,2.7,4.7
2024-05-16 06:00:00+02:00,14.0,14.0,14.9,13.4,96.0,20.9,83.0,4.0,0.0,0.0,0.0,0.0,0.0,0.0,36.1,92.2,0.9,2.9,122.0,994.2,994.2,2.7,4.7
2024-05-16 06:05:00+02:00,14.1,14.1,15.0,13.5,96.0,20.9,83.0,6.6,0.0,0.0,0.0,0.0,0.0,0.0,36.1,92.2,0.9,2.9,107.0,994.2,994.2,2.7,4.7
2024-05-16 06:10:00+02:00,14.1,14.1,15.0,13.5,96.0,20.9,83.0,7.2,0.0,0.0,0.0,0.0,0.0,0.0,36.1,92.2,1.2,2.2,128.0,994.1,994.1,2.7,4.7
2024-05-16 06:15:00+02:00,14.1,14.1,15.1,13.5,96.0,20.8,83.0,8.8,0.0,0.0,0.0,0.0,0.0,0.0,36.1,92.2,0.4,1.8,129.0,994.0,994.0,2.7,4.7
2024-05-16 06:20:00+02:00,14.1,14.1,15.1,13.5,96.0,20.8,83.0,15.4,0.0,0.0,0.0,0.0,0.0,0.0,36.1,92.2,0.5,3.2,122.0,994.1,994.1,2.7,4.7
2024-05-16 06:25:00+02:00,14.2,14.2,15.2,13.6,96.0,20.8,83.0,19.6,0.0,0.0,0.0,0.0,0.0,0.0,36.1,92.2,0.8,3.2,117.0,994.0,994.0,2.7,4.7
2024-05-16 06:30:00+02:00,14.3,14.3,15.5,13.7,96.0,20.8,83.0,22.3,0.0,0.0,0.0,0.0,0.0,0.0,36.1,92.2,0.0,1.8,185.0,993.8,993.8,2.7,4.7
2024-05-16 06:35:00+02:00,14.5,14.5,15.6,13.8,96.0,20.8,83.0,22.3,0.0,0.0,0.0,0.0,0.0,0.0,36.1,92.2,0.8,2.9,36.0,993.8,993.8,2.7,4.7
2024-05-16 06:40:00+02:00,14.7,14.7,15.9,13.9,95.0,20.7,83.0,21.1,0.0,0.0,0.0,0.0,0.0,0.0,36.1,92.2,0.0,2.2,117.0,993.9,993.9,2.7,4.7
2024-05-16 06:45:00+02:00,14.7,14.7,15.9,13.9,95.0,20.7,83.0,28.1,0.0,0.0,0.0,0.0,0.0,0.0,36.1,92.2,0.0,0.0,135.0,993.7,993.7,2.7,4.7
2024-05-16 06:50:00+02:00,14.8,14.8,15.8,13.8,94.0,20.7,84.0,34.9,0.0,0.0,0.0,0.0,0.0,0.0,36.1,92.2,0.9,2.9,309.0,993.8,993.8,2.7,4.7
2024-05-16 06:55:00+02:00,15.0,15.0,16.1,13.8,93.0,20.7,84.0,39.5,0.0,0.0,0.0,0.0,0.0,0.0,36.1,92.2,0.4,3.2,273.0,993.6,993.6,2.7,4.7
2024-05-16 07:00:00+02:00,15.2,15.2,16.0,13.8,91.0,20.8,84.0,42.2,0.0,0.0,0.0,0.0,0.0,0.0,36.1,92.2,1.9,3.6,300.0,993.6,993.6,2.7,4.7
2024-05-16 07:05:00+02:00,15.5,15.5,16.3,13.8,90.0,20.8,84.0,48.1,0.0,0.0,0.0,0.0,0.0,0.0,36.1,92.2,2.0,5.8,20.0,993.6,993.6,2.7,4.7
2024-05-16 07:10:00+02:00,15.7,15.7,16.5,13.9,89.0,20.7,84.0,55.7,0.0,0.0,0.0,0.0,0.0,0.0,36.1,92.2,1.9,4.3,65.0,993.6,993.6,2.7,4.7
2024-05-16 07:15:00+02:00,15.7,15.7,16.8,13.9,89.0,20.7,84.0,50.0,0.0,0.0,0.0,0.0,0.0,0.0,36.1,92.2,0.8,3.6,91.0,993.7,993.7,2.7,4.7
2024-05-16 07:20:00+02:00,15.8,15.8,16.7,13.9,88.0,20.8,84.0,42.9,0.0,0.0,0.0,0.0,0.0,0.0,36.1,92.2,1.9,6.5,23.0,993.7,993.7,2.7,4.7
2024-05-16 07:25:00+02:00,15.9,15.9,16.8,13.9,88.0,20.8,84.0,45.2,0.0,0.0,0.0,0.0,0.0,0.0,36.1,92.2,1.7,4.7,70.0,993.5,993.5,2.7,4.7
2024-05-16 07:30:00+02:00,16.0,16.0,17.0,13.9,88.0,20.8,84.0,47.6,0.0,0.0,0.0,0.0,0.0,0.0,36.1,92.2,1.4,6.8,65.0,993.7,993.7,2.7,4.7
2024-05-16 07:35:00+02:00,16.0,16.0,17.2,14.0,88.0,20.8,84.0,38.9,0.0,0.0,0.0,0.0,0.0,0.0,36.1,92.2,0.4,4.7,89.0,993.8,993.8,2.7,4.8
2024-05-16 07:40:00+02:00,16.0,16.0,16.6,13.8,87.0,20.8,84.0,40.6,0.0,0.0,0.0,0.0,0.0,0.0,36.1,92.2,3.1,6.1,102.0,993.8,993.8,2.7,4.8
2024-05-16 07:45:00+02:00,16.1,16.1,16.9,14.0,88.0,20.8,84.0,59.4,0.0,0.0,0.0,0.0,0.0,0.0,36.1,92.2,2.5,5.0,116.0,993.7,993.7,2.7,4.8
2024-05-16 07:50:00+02:00,16.1,16.1,16.3,14.0,87.0,20.8,84.0,81.5,0.0,0.0,0.0,0.0,0.0,0.0,36.1,92.2,5.5,8.3,140.0,993.7,993.7,2.7,4.8
2024-05-16 07:55:00+02:00,16.2,16.2,16.7,14.0,87.0,20.9,84.0,83.5,0.0,0.0,0.0,0.0,0.0,0.0,36.1,92.2,3.6,8.3,120.0,993.8,993.8,2.7,4.8
2024-05-16 08:00:00+02:00,16.3,16.3,17.0,14.1,87.0,20.9,84.0,92.3,0.0,0.0,0.0,0.0,0.0,0.0,36.1,92.2,3.0,7.2,112.0,993.8,993.8,2.7,4.8
2024-05-16 08:05:00+02:00,16.4,16.4,16.9,14.1,86.0,20.9,84.0,101.6,0.0,0.0,0.0,0.0,0.0,0.0,36.1,92.2,4.5,11.2,122.0,993.8,993.8,2.7,4.8
2024-05-16 08:10:00+02:00,16.5,16.5,16.9,14.1,86.0,21.0,84.0,98.3,0.0,0.0,0.0,0.0,0.0,0.0,36.1,92.2,5.0,11.2,125.0,993.9,993.9,2.7,4.8
2024-05-16 08:15:00+02:00,16.7,16.7,17.5,14.2,85.0,21.0,85.0,81.9,0.0,0.0,0.0,0.0,0.0,0.0,36.1,92.2,2.5,10.4,104.0,993.8,993.8,2.7,4.8
2024-05-16 08:20:00+02:00,16.7,16.7,17.5,14.2,85.0,21.1,85.0,80.2,0.0,0.0,0.0,0.0,0.0,0.0,36.1,92.2,3.0,7.6,88.0,994.1,994.1,2.7,4.8
2024-05-16 08:25:00+02:00,16.8,16.8,17.5,14.2,85.0,21.1,85.0,100.9,0.0,0.0,0.0,0.0,0.0,0.0,36.1,92.2,3.5,7.6,78.0,994.0,994.0,2.7,4.9
2024-05-16 08:30:00+02:00,16.9,16.9,17.5,14.2,84.0,21.1,85.0,104.7,0.0,0.0,0.0,0.0,0.0,0.0,36.1,92.2,4.0,7.2,71.0,994.1,994.1,2.7,4.9
2024-05-16 08:35:00+02:00,17.0,17.0,17.8,14.3,84.0,21.2,85.0,90.7,0.0,0.0,0.0,0.0,0.0,0.0,36.1,92.2,2.9,11.5,86.0,994.0,994.0,2.7,4.9
2024-05-16 08:40:00+02:00,17.1,17.1,17.9,14.3,84.0,21.3,85.0,99.5,0.0,0.0,0.0,0.0,0.0,0.0,36.1,92.2,3.0,11.5,49.0,993.9,993.9,2.7,4.9
2024-05-16 08:45:00+02:00,17.2,17.2,18.0,14.3,83.0,21.3,85.0,124.2,1.0,0.0,0.0,0.0,0.0,0.0,36.1,92.2,2.8,8.3,68.0,993.9,993.9,2.7,4.9
2024-05-16 08:50:00+02:00,17.3,17.3,18.0,14.3,83.0,21.3,85.0,192.0,1.0,0.0,0.0,0.0,0.0,0.0,36.1,92.2,3.5,6.5,89.0,994.2,994.2,2.7,4.9
2024-05-16 08:55:00+02:00,17.7,17.7,18.5,14.6,82.0,21.3,85.0,184.8,1.0,0.0,0.0,0.0,0.0,0.0,36.1,92.2,3.2,5.8,112.0,994.1,994.1,2.7,5.0
2024-05-16 09:00:00+02:00,17.8,17.8,18.4,14.5,81.0,21.4,85.0,179.3,1.0,0.0,0.0,0.0,0.0,0.0,36.1,92.2,4.0,10.1,60.0,994.1,994.1,2.7,5.0
2024-05-16 09:05:00+02:00,17.9,17.9,18.6,14.4,80.0,21.5,86.0,157.2,1.0,0.0,0.0,0.0,0.0,0.0,36.1,92.2,3.5,10.1,89.0,994.2,994.2,2.7,5.1
2024-05-16 09:10:00+02:00,17.9,17.9,18.9,14.6,81.0,21.7,86.0,207.4,1.0,0.0,0.0,0.0,0.0,0.0,36.1,92.2,2.4,7.2,90.0,994.2,994.2,2.7,5.1
2024-05-16 09:15:00+02:00,18.1,18.1,19.1,14.6,80.0,21.8,86.0,165.8,1.0,0.0,0.0,0.0,0.0,0.0,36.1,92.2,2.4,11.5,119.0,994.1,994.1,2.7,5.1
2024-05-16 09:20:00+02:00,18.2,18.2,19.0,14.6,80.0,21.9,86.0,155.8,1.0,0.0,0.0,0.0,0.0,0.0,36.1,92.2,2.9,6.1,104.0,994.2,994.2,2.7,5.1
2024-05-16 09:25:00+02:00,18.2,18.2,19.1,14.6,80.0,22.0,86.0,205.1,1.0,0.0,0.0,0.0,0.0,0.0,36.1,92.2,2.4,11.5,118.0,994.1,994.1,2.7,5.2
2024-05-16 09:30:00+02:00,18.3,18.3,18.7,14.5,78.0,22.2,86.0,331.6,3.0,0.0,0.0,0.0,0.0,0.0,36.1,92.2,5.0,12.2,116.0,994.2,994.2,2.7,5.2
2024-05-16 09:35:00+02:00,18.6,18.6,18.5,14.5,77.0,22.3,86.0,329.8,3.0,0.0,0.0,0.0,0.0,0.0,36.1,92.2,7.6,13.0,124.0,994.3,994.3,2.7,5.2
2024-05-16 09:40:00+02:00,18.5,18.5,18.9,14.6,78.0,22.4,86.0,141.7,1.0,0.0,0.0,0.0,0.0,0.0,36.1,92.2,5.3,10.8,130.0,994.2,994.2,2.7,5.2
2024-05-16 09:45:00+02:00,18.4,18.4,17.9,14.2,77.0,22.5,87.0,107.3,0.0,0.0,0.0,0.0,0.0,0.0,36.1,92.2,9.5,16.9,139.0,994.4,994.4,2.7,5.2
2024-05-16 09:50:00+02:00,18.2,18.2,16.9,14.0,77.0,22.5,87.0,155.0,1.0,0.0,0.0,0.0,0.0,0.0,36.1,92.2,12.7,18.4,128.0,994.4,994.4,2.7,5.2
2024-05-16 09:55:00+02:00,18.2,18.2,18.1,14.1,77.0,22.6,87.0,159.9,1.0,0.0,0.0,0.0,0.0,0.0,36.1,92.2,7.1,18.4,126.0,994.4,994.4,2.7,5.2
2024-05-16 10:00:00+02:00,18.4,18.4,17.8,14.1,76.0,22.7,87.0,435.6,4.0,0.0,0.0,0.0,0.0,0.0,36.1,92.2,9.5,18.7,123.0,994.4,994.4,2.7,5.2
2024-05-16 10:05:00+02:00,19.0,19.0,18.2,14.0,73.0,22.8,86.0,469.9,4.0,0.0,0.0,0.0,0.0,0.0,36.1,92.2,10.5,18.7,125.0,994.4,994.4,2.7,5.2
2024-05-16 10:10:00+02:00,19.3,19.3,19.5,14.2,72.0,23.0,86.0,487.1,4.0,0.0,0.0,0.0,0.0,0.0,36.1,92.2,6.1,19.8,123.0,994.3,994.3,2.7,5.2
2024-05-16 10:15:00+02:00,19.8,19.8,19.3,14.3,70.0,23.2,86.0,480.0,4.0,0.0,0.0,0.0,0.0,0.0,36.1,92.2,9.7,17.3,123.0,994.4,994.4,2.7,5.2
2024-05-16 10:20:00+02:00,19.9,19.9,19.5,14.0,69.0,23.4,87.0,461.0,4.0,0.0,0.0,0.0,0.0,0.0,36.1,92.2,8.6,20.2,118.0,994.4,994.4,2.7,5.2
2024-05-16 10:25:00+02:00,19.3,19.3,17.7,13.3,68.0,23.6,87.0,456.6,4.0,0.0,0.0,0.0,0.0,0.0,36.1,92.2,13.7,23.4,129.0,994.5,994.5,2.7,5.3
2024-05-16 10:30:00+02:00,19.3,19.3,18.6,13.3,68.0,23.8,87.0,456.3,4.0,0.0,0.0,0.0,0.0,0.0,36.1,92.2,9.0,19.8,127.0,994.6,994.6,2.7,5.3
2024-05-16 10:35:00+02:00,19.7,19.7,18.9,13.4,67.0,24.0,87.0,456.9,4.0,0.0,0.0,0.0,0.0,0.0,36.1,92.2,9.5,18.7,137.0,994.5,994.5,2.7,5.3
2024-05-16 10:40:00+02:00,19.5,19.5,18.8,13.4,68.0,24.3,87.0,502.8,4.0,0.0,0.0,0.0,0.0,0.0,36.1,92.2,9.1,20.2,123.0,994.6,994.6,2.7,5.3
2024-05-16 10:45:00+02:00,19.6,19.6,18.4,13.4,67.0,24.5,87.0,471.4,4.0,0.0,0.0,0.0,0.0,0.0,36.1,92.2,11.4,18.4,140.0,994.5,994.5,2.7,5.3
2024-05-16 10:50:00+02:00,19.4,19.4,18.1,13.2,68.0,24.7,87.0,507.7,4.0,0.0,0.0,0.0,0.0,0.0,36.1,92.2,11.6,23.8,133.0,994.6,994.6,2.7,5.3
2024-05-16 10:55:00+02:00,19.3,19.3,18.3,13.1,68.0,24.9,87.0,528.6,4.0,0.0,0.0,0.0,0.0,0.0,36.1,92.2,10.1,23.8,123.0,994.6,994.6,2.7,5.3
2024-05-16 11:00:00+02:00,19.4,19.4,18.4,13.1,67.0,25.1,87.0,572.0,5.0,0.0,0.0,0.0,0.0,0.0,36.1,92.2,10.1,24.1,139.0,994.7,994.7,2.7,5.3
2024-05-16 11:05:00+02:00,20.0,20.0,19.5,13.3,66.0,25.3,86.0,602.6,5.0,0.0,0.0,0.0,0.0,0.0,36.1,92.2,7.6,22.3,99.0,994.5,994.5,2.7,5.3
2024-05-16 11:10:00+02:00,20.5,20.5,19.8,13.6,65.0,25.5,86.0,584.6,5.0,0.0,0.0,0.0,0.0,0.0,36.1,92.2,9.5,14.8,142.0,994.6,994.6,2.7,5.3
2024-05-16 11:15:00+02:00,20.3,20.3,19.9,13.6,65.0,25.7,86.0,571.0,5.0,0.0,0.0,0.0,0.0,0.0,36.1,92.2,7.9,16.9,139.0,994.6,994.6,2.7,5.3
2024-05-16 11:20:00+02:00,20.5,20.5,19.9,13.6,65.0,25.9,86.0,590.4,5.0,0.0,0.0,0.0,0.0,0.0,36.1,92.2,9.1,20.5,131.0,994.7,994.7,2.7,5.3
2024-05-16 11:25:00+02:00,20.0,20.0,19.4,13.4,66.0,26.2,86.0,164.4,1.0,0.0,0.0,0.0,0.0,0.0,36.1,92.2,8.5,20.5,134.0,994.7,994.7,2.7,5.3
2024-05-16 11:30:00+02:00,19.6,19.6,18.8,13.0,66.0,26.3,86.0,569.1,5.0,0.0,0.0,0.0,0.0,0.0,36.1,92.2,8.8,19.4,117.0,994.6,994.6,2.7,5.3
2024-05-16 11:35:00+02:00,20.4,20.4,19.6,12.8,62.0,26.5,85.0,602.8,5.0,0.0,0.0,0.0,0.0,0.0,36.1,92.2,8.9,18.0,123.0,994.7,994.7,2.7,5.3
2024-05-16 11:40:00+02:00,20.3,20.3,19.4,12.8,62.0,26.7,85.0,513.8,4.0,0.0,0.0,0.0,0.0,0.0,36.1,92.2,9.1,15.8,123.0,994.6,994.6,2.7,5.3
2024-05-16 11:45:00+02:00,20.4,20.4,19.4,12.8,62.0,26.8,85.0,599.9,5.0,0.0,0.0,0.0,0.0,0.0,36.1,92.2,9.3,20.9,119.0,994.8,994.8,2.7,5.3
2024-05-16 11:50:00+02:00,20.2,20.2,18.5,12.7,62.0,26.9,85.0,607.8,5.0,0.0,0.0,0.0,0.0,0.0,36.1,92.2,12.6,24.1,127.0,994.7,994.7,2.7,5.3
2024-05-16 11:55:00+02:00,20.6,20.6,20.1,13.0,62.0,27.1,85.0,591.2,5.0,0.0,0.0,0.0,0.0,0.0,36.1,92.2,7.2,19.8,123.0,994.6,994.6,2.7,5.3
2024-05-16 12:00:00+02:00,20.9,20.9,20.2,13.0,61.0,27.2,85.0,542.7,5.0,0.0,0.0,0.0,0.0,0.0,36.1,92.2,8.3,15.1,122.0,994.8,994.8,2.7,5.3
2024-05-16 12:05:00+02:00,20.2,20.2,19.4,12.7,62.0,27.4,84.0,260.1,2.0,0.0,0.0,0.0,0.0,0.0,36.1,92.2,8.4,19.8,135.0,994.7,994.7,2.7,5.3
2024-05-16 12:10:00+02:00,20.6,20.6,20.3,12.7,61.0,27.5,84.0,574.8,5.0,0.0,0.0,0.0,0.0,0.0,36.1,92.2,6.0,19.4,134.0,994.7,994.7,2.7,5.3
2024-05-16 12:15:00+02:00,20.7,20.7,19.6,12.6,60.0,27.7,84.0,668.7,6.0,0.0,0.0,0.0,0.0,0.0,36.1,92.2,9.7,23.4,126.0,994.7,994.7,2.7,5.3
2024-05-16 12:20:00+02:00,21.3,21.3,20.8,13.2,60.0,27.8,84.0,626.7,5.0,0.0,0.0,0.0,0.0,0.0,36.1,92.2,7.9,15.8,135.0,994.7,994.7,2.7,5.3
2024-05-16 12:25:00+02:00,21.2,21.2,19.9,12.9,59.0,27.9,84.0,487.1,4.0,0.0,0.0,0.0,0.0,0.0,36.1,92.2,11.3,24.1,144.0,994.8,994.8,2.7,5.3
2024-05-16 12:30:00+02:00,20.8,20.8,20.0,13.1,61.0,28.0,84.0,486.0,4.0,0.0,0.0,0.0,0.0,0.0,36.1,92.2,8.4,19.1,130.0,994.8,994.8,2.7,5.3
2024-05-16 12:35:00+02:00,21.1,21.1,19.7,12.5,58.0,28.1,84.0,471.4,4.0,0.0,0.0,0.0,0.0,0.0,36.1,92.2,11.2,20.9,145.0,995.0,995.0,2.7,5.3
2024-05-16 12:40:00+02:00,20.4,20.4,19.1,12.1,59.0,28.2,84.0,325.6,3.0,0.0,0.0,0.0,0.0,0.0,36.1,92.2,10.0,23.0,124.0,995.1,995.1,2.7,5.3
2024-05-16 12:45:00+02:00,20.1,20.1,18.6,11.9,59.0,28.2,84.0,313.1,2.0,0.0,0.0,0.0,0.0,0.0,36.1,92.2,10.5,23.0,130.0,995.0,995.0,2.7,5.3
2024-05-16 12:50:00+02:00,20.1,20.1,19.2,12.3,61.0,28.3,84.0,272.9,2.0,0.0,0.0,0.0,0.0,0.0,36.1,92.2,8.1,18.7,129.0,995.0,995.0,2.7,5.3
2024-05-16 12:55:00+02:00,20.1,20.1,18.7,12.2,61.0,28.3,83.0,650.2,6.0,0.0,0.0,0.0,0.0,0.0,36.1,92.2,10.5,17.3,135.0,995.0,995.0,2.7,5.3
2024-05-16 13:00:00+02:00,20.7,20.7,18.5,12.2,58.0,28.3,83.0,647.3,6.0,0.0,0.0,0.0,0.0,0.0,36.1,92.2,14.7,30.2,128.0,995.2,995.2,2.7,5.3
2024-05-16 13:05:00+02:00,20.6,20.6,20.2,12.9,61.0,28.4,83.0,506.6,4.0,0.0,0.0,0.0,0.0,0.0,36.1,92.2,6.5,28.1,117.0,995.2,995.2,2.7,5.3
2024-05-16 13:10:00+02:00,20.8,20.8,20.4,12.4,58.0,28.5,83.0,412.8,3.0,0.0,0.0,0.0,0.0,0.0,36.1,92.2,6.2,15.5,132.0,995.2,995.2,2.7,5.3
2024-05-16 13:15:00+02:00,21.2,21.2,20.8,12.1,56.0,28.5,83.0,466.8,4.0,0.0,0.0,0.0,0.0,0.0,36.1,92.2,5.2,12.2,149.0,995.2,995.2,2.7,5.3
2024-05-16 13:20:00+02:00,21.0,21.0,20.1,12.4,58.0,28.6,83.0,339.5,3.0,0.0,0.0,0.0,0.0,0.0,36.1,92.2,8.2,13.7,115.0,995.2,995.2,2.7,5.3
2024-05-16 13:25:00+02:00,20.5,20.5,19.8,12.5,60.0,28.6,83.0,391.6,3.0,0.0,0.0,0.0,0.0,0.0,36.1,92.2,7.4,14.0,124.0,995.2,995.2,2.7,5.3
2024-05-16 13:30:00+02:00,20.7,20.7,20.4,12.5,59.0,28.7,83.0,359.7,3.0,0.0,0.0,0.0,0.0,0.0,36.1,92.2,5.6,13.7,125.0,995.2,995.2,2.7,5.3
2024-05-16 13:35:00+02:00,21.3,21.3,21.1,12.4,57.0,28.7,83.0,520.2,4.0,0.0,0.0,0.0,0.0,0.0,36.1,92.2,4.8,8.6,129.0,995.2,995.2,2.7,5.3
2024-05-16 13:40:00+02:00,22.0,22.0,22.1,12.3,54.0,28.8,83.0,627.4,5.0,0.0,0.0,0.0,0.0,0.0,36.1,92.2,2.8,10.8,134.0,995.1,995.1,2.7,5.3
2024-05-16 13:45:00+02:00,23.6,23.6,23.8,12.7,50.0,28.8,84.0,648.9,6.0,0.0,0.0,0.0,0.0,0.0,36.1,92.2,3.0,10.8,102.0,995.0,995.0,2.7,5.3
2024-05-16 13:50:00+02:00,24.7,24.7,24.5,12.9,48.0,28.9,84.0,603.9,5.0,0.0,0.0,0.0,0.0,0.0,36.1,92.2,6.0,23.0,113.0,995.1,995.1,2.7,5.3
2024-05-16 13:55:00+02:00,22.3,22.3,21.4,12.2,53.0,29.0,84.0,596.5,5.0,0.0,0.0,0.0,0.0,0.0,36.1,92.2,7.8,20.5,154.0,995.0,995.0,2.7,5.3
2024-05-16 14:00:00+02:00,22.2,22.2,20.9,11.7,52.0,29.1,84.0,481.2,4.0,0.0,0.0,0.0,0.0,0.0,36.1,92.2,9.4,18.7,125.0,995.0,995.0,2.7,5.3
2024-05-16 14:05:00+02:00,22.0,22.0,21.3,12.5,55.0,29.2,84.0,678.9,6.0,0.0,0.0,0.0,0.0,0.0,36.1,92.2,7.9,18.7,126.0,995.1,995.1,2.7,5.3
2024-05-16 14:10:00+02:00,21.9,21.9,21.5,12.1,54.0,29.3,84.0,478.1,4.0,0.0,0.0,0.0,0.0,0.0,36.1,92.2,5.1,14.0,139.0,995.0,995.0,2.7,5.3
2024-05-16 14:15:00+02:00,21.6,21.6,21.2,11.7,53.0,29.3,84.0,256.3,2.0,0.0,0.0,0.0,0.0,0.0,36.1,92.2,4.8,14.4,118.0,995.0,995.0,2.7,5.3
2024-05-16 14:20:00+02:00,21.6,21.6,21.4,12.1,55.0,29.3,84.0,431.7,4.0,0.0,0.0,0.0,0.0,0.0,36.1,92.2,4.3,13.3,140.0,994.9,994.9,2.7,5.3
2024-05-16 14:25:00+02:00,21.9,21.9,21.6,12.4,55.0,29.4,84.0,613.9,5.0,0.0,0.0,0.0,0.0,0.0,36.1,92.2,5.5,10.1,119.0,995.1,995.1,2.7,5.3
2024-05-16 14:30:00+02:00,22.2,22.2,21.3,12.4,54.0,29.5,84.0,620.1,5.0,0.0,0.0,0.0,0.0,0.0,36.1,92.2,8.7,14.4,135.0,995.0,995.0,2.7,5.3
2024-05-16 14:35:00+02:00,22.1,22.1,21.7,12.3,54.0,29.5,84.0,625.5,5.0,0.0,0.0,0.0,0.0,0.0,36.1,92.2,5.6,13.7,113.0,995.0,995.0,2.7,5.3
2024-05-16 14:40:00+02:00,22.7,22.7,21.9,12.3,52.0,29.5,84.0,587.9,5.0,0.0,0.0,0.0,0.0,0.0,36.1,92.2,8.0,17.6,133.0,995.1,995.1,2.7,5.3
2024-05-16 14:45:00+02:00,21.7,21.7,20.8,12.1,54.0,29.5,83.0,307.7,2.0,0.0,0.0,0.0,0.0,0.0,36.1,92.2,8.0,16.2,126.0,995.0,995.0,2.7,5.3
2024-05-16 14:50:00+02:00,21.0,21.0,20.1,12.1,57.0,29.6,83.0,150.1,1.0,0.0,0.0,0.0,0.0,0.0,36.1,92.2,8.2,20.5,136.0,995.2,995.2,2.7,5.3
2024-05-16 14:55:00+02:00,20.9,20.9,20.0,12.1,57.0,29.5,83.0,145.3,1.0,0.0,0.0,0.0,0.0,0.0,36.1,92.2,8.1,14.4,113.0,995.1,995.1,2.7,5.3
2024-05-16 15:00:00+02:00,20.9,20.9,20.5,12.6,59.0,29.5,83.0,151.1,1.0,0.0,0.0,0.0,0.0,0.0,36.1,92.2,5.9,21.2,129.0,995.2,995.2,2.7,5.3
2024-05-16 15:10:00+02:00,21.1,21.1,21.0,12.5,58.0,29.4,83.0,170.2,1.0,0.0,0.0,0.0,0.0,0.0,36.1,92.2,4.3,13.7,148.0,995.1,995.1,2.7,5.3
2024-05-16 15:15:00+02:00,20.8,20.8,20.7,12.8,60.0,29.4,83.0,184.0,1.0,0.0,0.0,0.0,0.0,0.0,36.1,92.2,5.3,11.9,161.0,995.0,995.0,2.7,5.3
2024-05-16 15:20:00+02:00,20.6,20.6,20.2,12.6,60.0,29.4,83.0,197.0,1.0,0.0,0.0,0.0,0.0,0.0,36.1,92.2,6.3,10.4,118.0,995.0,995.0,2.7,5.3
2024-05-16 15:25:00+02:00,20.4,20.4,19.7,12.0,58.0,29.3,83.0,201.0,1.0,0.0,0.0,0.0,0.0,0.0,36.1,92.2,6.9,11.2,118.0,994.8,994.8,2.7,5.3
2024-05-16 15:30:00+02:00,20.6,20.6,20.8,12.9,61.0,29.3,82.0,190.7,1.0,0.0,0.0,0.0,0.0,0.0,36.1,92.2,3.4,9.0,144.0,994.9,994.9,2.7,5.3
2024-05-16 15:35:00+02:00,21.0,21.0,21.4,12.6,59.0,29.3,83.0,210.3,1.0,0.0,0.0,0.0,0.0,0.0,36.1,92.2,1.9,6.5,135.0,994.8,994.8,2.7,5.3
2024-05-16 15:40:00+02:00,21.3,21.3,21.5,12.7,58.0,29.3,83.0,269.2,2.0,0.0,0.0,0.0,0.0,0.0,36.1,92.2,3.1,7.2,122.0,994.9,994.9,2.7,5.3
2024-05-16 15:45:00+02:00,21.5,21.5,21.5,12.7,57.0,29.2,83.0,478.9,4.0,0.0,0.0,0.0,0.0,0.0,36.1,92.2,4.5,11.5,137.0,994.8,994.8,2.7,5.3
2024-05-16 15:50:00+02:00,21.8,21.8,22.0,12.3,55.0,29.2,83.0,514.7,4.0,0.0,0.0,0.0,0.0,0.0,36.1,92.2,2.5,9.7,130.0,994.8,994.8,2.7,5.3
2024-05-16 15:55:00+02:00,21.8,21.8,22.1,12.6,56.0,29.2,83.0,546.6,5.0,0.0,0.0,0.0,0.0,0.0,36.1,92.2,2.9,6.5,94.0,994.9,994.9,2.7,5.3
2024-05-16 16:00:00+02:00,22.6,22.6,23.0,13.4,56.0,29.2,83.0,521.9,4.0,0.0,0.0,0.0,0.0,0.0,36.1,92.2,3.2,10.8,77.0,994.8,994.8,2.7,5.3
2024-05-16 16:05:00+02:00,22.7,22.7,22.6,12.6,53.0,29.2,83.0,283.8,2.0,0.0,0.0,0.0,0.0,0.0,36.1,92.2,4.4,9.0,34.0,994.8,994.8,2.7,5.3
2024-05-16 16:10:00+02:00,22.1,22.1,22.2,11.7,52.0,29.2,83.0,269.8,2.0,0.0,0.0,0.0,0.0,0.0,36.1,92.2,2.5,8.6,167.0,994.8,994.8,2.7,5.3
2024-05-16 16:15:00+02:00,21.8,21.8,21.5,11.7,53.0,29.2,83.0,299.5,2.0,0.0,0.0,0.0,0.0,0.0,36.1,92.2,4.0,10.1,143.0,995.0,995.0,2.7,5.3
2024-05-16 16:20:00+02:00,21.6,21.6,21.6,11.6,53.0,29.2,83.0,266.4,2.0,0.0,0.0,0.0,0.0,0.0,36.1,92.2,2.4,6.8,130.0,995.0,995.0,2.7,5.3
2024-05-16 16:25:00+02:00,21.7,21.7,21.4,11.5,52.0,29.2,83.0,250.4,2.0,0.0,0.0,0.0,0.0,0.0,36.1,92.2,3.6,8.3,116.0,995.0,995.0,2.7,5.3
2024-05-16 16:30:00+02:00,21.6,21.6,21.4,11.7,53.0,29.2,83.0,138.6,1.0,0.0,0.0,0.0,0.0,0.0,36.1,92.2,3.5,6.1,158.0,995.2,995.2,2.7,5.3
2024-05-16 16:35:00+02:00,21.5,21.5,21.7,11.6,53.0,29.2,83.0,126.6,1.0,0.0,0.0,0.0,0.0,0.0,36.1,92.2,1.7,6.8,38.0,995.1,995.1,2.7,5.3
2024-05-16 16:40:00+02:00,21.7,21.7,22.0,11.7,53.0,29.1,83.0,125.3,1.0,0.0,0.0,0.0,0.0,0.0,36.1,92.2,1.4,6.8,67.0,995.1,995.1,2.7,5.3
2024-05-16 16:45:00+02:00,21.7,21.7,22.0,12.1,54.0,29.1,83.0,120.4,1.0,0.0,0.0,0.0,0.0,0.0,36.1,92.2,1.9,6.8,45.0,995.1,995.1,2.7,5.3
2024-05-16 16:50:00+02:00,21.7,21.7,21.9,11.9,54.0,29.1,83.0,153.4,1.0,0.0,0.0,0.0,0.0,0.0,36.1,92.2,1.8,7.2,81.0,994.9,994.9,2.7,5.3
2024-05-16 16:55:00+02:00,21.7,21.7,21.9,12.0,54.0,29.1,83.0,150.6,1.0,0.0,0.0,0.0,0.0,0.0,36.1,92.2,2.0,4.3,75.0,994.9,994.9,2.7,5.3
2024-05-16 17:00:00+02:00,21.5,21.5,21.8,12.3,56.0,29.1,83.0,119.0,1.0,0.0,0.0,0.0,0.0,0.0,36.1,92.2,2.2,6.8,140.0,995.0,995.0,2.7,5.3
2024-05-16 17:05:00+02:00,21.2,21.2,21.6,12.3,57.0,29.0,83.0,88.6,0.0,0.0,0.0,0.0,0.0,0.0,36.1,92.2,1.4,4.3,121.0,994.9,994.9,2.7,5.3
2024-05-16 17:10:00+02:00,21.1,21.1,21.2,12.3,57.0,29.0,83.0,84.8,0.0,0.0,0.0,0.0,0.0,0.0,36.1,92.2,2.9,9.0,119.0,994.9,994.9,2.7,5.3
2024-05-16 17:15:00+02:00,21.0,21.0,20.9,12.6,59.0,28.9,83.0,100.5,0.0,0.0,0.0,0.0,0.0,0.0,36.1,92.2,4.1,8.3,120.0,994.9,994.9,2.7,5.3
2024-05-16 17:20:00+02:00,20.8,20.8,21.3,12.5,59.0,28.9,83.0,104.1,0.0,0.0,0.0,0.0,0.0,0.0,36.1,92.2,1.5,6.5,149.0,995.1,995.1,2.7,5.3
2024-05-16 17:25:00+02:00,20.8,20.8,20.8,12.5,59.0,28.8,83.0,83.7,0.0,0.0,0.0,0.0,0.0,0.0,36.1,92.2,4.2,9.4,129.0,995.0,995.0,2.7,5.3
2024-05-16 17:30:00+02:00,20.5,20.5,20.0,12.6,61.0,28.8,83.0,20.5,0.0,0.0,0.0,0.0,0.0,0.0,36.1,92.2,6.6,13.3,140.0,995.5,995.5,2.7,5.3
2024-05-16 17:35:00+02:00,19.0,19.0,18.3,12.7,67.0,28.8,83.0,10.3,0.0,0.0,0.0,0.0,0.0,0.0,36.1,92.2,7.7,16.2,138.0,995.7,995.7,2.7,5.2
2024-05-16 17:40:00+02:00,17.7,17.7,16.8,11.7,68.0,28.7,82.0,30.3,0.0,0.0,0.0,0.0,0.0,0.0,36.1,92.2,7.4,19.4,130.0,995.7,995.7,2.7,5.2
2024-05-16 17:45:00+02:00,17.3,17.3,17.2,11.4,68.0,28.6,82.0,36.5,0.0,0.0,0.0,0.0,0.0,0.0,36.1,92.2,2.4,13.3,249.0,995.6,995.6,2.7,5.2
2024-05-16 17:50:00+02:00,17.1,17.1,17.2,11.5,70.0,28.5,82.0,36.2,0.0,0.0,0.0,0.0,0.0,0.0,36.1,92.2,2.3,9.7,32.0,995.9,995.9,2.7,5.2
2024-05-16 17:55:00+02:00,16.8,16.8,16.5,11.5,71.0,28.4,82.0,20.4,0.0,0.0,0.0,0.0,0.0,0.0,36.1,92.2,4.3,9.4,55.0,996.1,996.1,2.7,5.2
2024-05-16 18:00:00+02:00,16.8,16.8,16.2,11.3,70.0,28.2,82.0,17.4,0.0,0.0,0.0,0.0,0.0,0.0,36.1,92.2,5.0,10.4,80.0,996.1,996.1,2.7,5.2
2024-05-16 18:05:00+02:00,16.5,16.5,16.5,11.2,71.0,28.1,81.0,16.9,0.0,0.0,0.0,0.0,0.0,0.0,36.1,92.2,2.1,5.4,111.0,996.1,996.1,2.7,5.2
2024-05-16 18:10:00+02:00,16.3,16.3,16.4,11.8,75.0,28.0,81.0,14.1,0.0,4.2,0.7,0.7,0.7,0.7,36.8,92.9,2.4,5.4,102.0,996.4,996.4,2.7,5.2
2024-05-16 18:15:00+02:00,15.6,15.6,15.4,11.8,78.0,27.8,81.0,22.0,0.0,9.0,1.5,1.5,1.5,1.5,37.6,93.7,3.9,6.8,137.0,996.2,996.2,2.7,5.2
2024-05-16 18:20:00+02:00,14.8,14.8,14.8,12.3,85.0,27.7,81.0,32.5,0.0,14.4,3.1,3.1,3.1,3.1,39.2,95.3,3.7,7.2,128.0,996.1,996.1,2.7,5.2
2024-05-16 18:25:00+02:00,14.4,14.4,15.0,12.8,90.0,27.5,81.0,39.9,0.0,16.2,3.8,3.8,3.8,3.8,39.9,96.0,1.4,4.3,285.0,996.0,996.0,2.7,5.2
2024-05-16 18:30:00+02:00,14.5,14.5,14.9,13.1,91.0,27.3,80.0,42.5,0.0,11.4,3.9,3.9,3.9,3.9,40.0,96.1,2.8,5.8,343.0,996.1,996.1,2.7,5.2
2024-05-16 18:35:00+02:00,14.5,14.5,15.1,13.2,92.0,27.2,80.0,41.2,0.0,2.4,3.9,3.9,3.9,3.9,40.0,96.1,2.0,5.8,320.0,996.0,996.0,2.7,5.2
2024-05-16 18:40:00+02:00,14.6,14.6,15.3,13.2,92.0,26.9,80.0,37.2,0.0,0.6,3.9,3.9,3.9,3.9,40.0,96.1,1.2,4.3,297.0,996.2,996.2,2.7,5.2
2024-05-16 18:45:00+02:00,14.6,14.6,15.3,13.1,91.0,26.8,80.0,47.0,0.0,0.0,3.9,3.9,3.9,3.9,40.0,96.1,1.4,4.7,50.0,996.1,996.1,2.7,5.1
2024-05-16 18:50:00+02:00,14.7,14.7,15.2,13.4,92.0,26.7,80.0,69.4,0.0,0.0,3.9,3.9,3.9,3.9,40.0,96.1,2.5,7.6,358.0,996.3,996.3,2.7,5.1
2024-05-16 18:55:00+02:00,14.8,14.8,15.3,13.5,92.0,26.5,80.0,90.1,0.0,0.0,3.9,3.9,3.9,3.9,40.0,96.1,2.8,6.5,10.0,996.3,996.3,2.7,5.2
2024-05-16 19:00:00+02:00,14.9,14.9,15.3,13.6,92.0,26.3,81.0,111.1,1.0,0.0,3.9,3.9,3.9,3.9,40.0,96.1,3.7,7.6,51.0,996.3,996.3,2.7,5.2
2024-05-16 19:05:00+02:00,14.8,14.8,15.2,13.4,91.0,26.2,81.0,114.3,1.0,0.0,3.9,3.9,3.9,3.9,40.0,96.1,3.5,7.6,37.0,996.5,996.5,2.7,5.2
2024-05-16 19:10:00+02:00,15.0,15.0,15.2,13.5,91.0,26.1,81.0,100.9,0.0,0.0,3.9,3.9,3.2,3.9,40.0,96.1,4.8,11.9,56.0,996.5,996.5,2.7,5.2
2024-05-16 19:15:00+02:00,15.0,15.0,15.0,13.6,91.0,26.0,81.0,82.2,0.0,0.0,3.9,3.9,2.3,3.9,40.0,96.1,5.8,9.7,13.0,996.5,996.5,2.7,5.2
2024-05-16 19:20:00+02:00,15.1,15.1,15.5,13.7,91.0,25.9,81.0,53.6,0.0,0.0,3.9,3.9,0.7,3.9,40.0,96.1,4.2,8.6,360.0,996.5,996.5,2.7,5.2
2024-05-16 19:25:00+02:00,15.0,15.0,15.5,13.7,92.0,25.8,81.0,28.1,0.0,0.0,3.9,3.9,0.1,3.9,40.0,96.1,3.2,7.9,5.0,996.5,996.5,2.7,5.2
2024-05-16 19:30:00+02:00,14.9,14.9,15.2,13.7,92.0,25.7,81.0,24.1,0.0,0.0,3.9,3.9,0.0,3.9,40.0,96.1,4.7,8.6,301.0,996.5,996.5,2.7,5.2
2024-05-16 19:35:00+02:00,14.8,14.8,15.2,13.5,92.0,25.6,81.0,21.1,0.0,0.0,3.9,3.9,0.0,3.9,40.0,96.1,3.2,6.8,279.0,996.3,996.3,2.7,5.2
2024-05-16 19:40:00+02:00,14.7,14.7,15.8,13.6,93.0,25.5,81.0,18.7,0.0,0.0,3.9,3.9,0.0,3.9,40.0,96.1,0.5,5.4,195.0,996.4,996.4,2.7,5.2
2024-05-16 19:45:00+02:00,14.6,14.6,15.3,13.5,93.0,25.4,81.0,16.6,0.0,0.0,3.9,3.9,0.0,3.9,40.0,96.1,2.0,3.6,268.0,996.5,996.5,2.7,5.2
2024-05-16 19:50:00+02:00,14.6,14.6,15.1,13.5,93.0,25.3,81.0,16.1,0.0,0.0,3.9,3.9,0.0,3.9,40.0,96.1,2.9,4.7,278.0,996.5,996.5,2.7,5.2
2024-05-16 19:55:00+02:00,14.6,14.6,15.5,13.5,93.0,25.2,82.0,14.8,0.0,0.0,3.9,3.9,0.0,3.9,40.0,96.1,0.9,4.0,286.0,996.6,996.6,2.7,5.2
2024-05-16 20:00:00+02:00,14.5,14.5,15.5,13.4,93.0,25.2,82.0,14.9,0.0,0.0,3.9,3.9,0.0,3.9,40.0,96.1,0.4,2.5,138.0,996.6,996.6,2.7,5.2
2024-05-16 20:05:00+02:00,14.5,14.5,15.4,13.6,94.0,25.0,82.0,15.1,0.0,0.0,3.9,3.9,0.0,3.9,40.0,96.1,0.9,3.2,105.0,996.6,996.6,2.7,5.2
2024-05-16 20:10:00+02:00,14.5,14.5,15.3,13.5,94.0,24.9,82.0,15.5,0.0,0.0,3.9,3.9,0.0,3.9,40.0,96.1,1.2,3.2,331.0,996.6,996.6,2.7,5.2
2024-05-16 20:15:00+02:00,14.6,14.6,15.7,13.7,94.0,24.8,82.0,15.0,0.0,0.0,3.9,3.9,0.0,3.9,40.0,96.1,0.0,3.2,219.0,996.6,996.6,2.7,5.2
2024-05-16 20:20:00+02:00,14.5,14.5,15.7,13.6,94.0,24.8,82.0,12.9,0.0,0.0,3.9,3.9,0.0,3.9,40.0,96.1,0.0,1.8,137.0,996.7,996.7,2.7,5.2
2024-05-16 20:25:00+02:00,14.5,14.5,15.5,13.7,95.0,24.7,82.0,12.2,0.0,0.0,3.9,3.9,0.0,3.9,40.0,96.1,0.9,2.5,120.0,996.7,996.7,2.7,5.2
2024-05-16 20:30:00+02:00,14.5,14.5,15.4,13.7,95.0,24.7,82.0,10.9,0.0,0.0,3.9,3.9,0.0,3.9,40.0,96.1,1.2,2.5,135.0,996.8,996.8,2.7,5.2
2024-05-16 20:35:00+02:00,14.5,14.5,15.6,13.7,95.0,24.6,82.0,9.9,0.0,0.0,3.9,3.9,0.0,3.9,40.0,96.1,0.6,2.9,323.0,996.6,996.6,2.7,5.2
2024-05-16 20:40:00+02:00,14.5,14.5,15.4,13.7,95.0,24.5,82.0,8.1,0.0,0.0,3.9,3.9,0.0,3.9,40.0,96.1,1.4,4.3,208.0,996.8,996.8,2.7,5.2
2024-05-16 20:45:00+02:00,14.5,14.5,15.2,13.6,95.0,24.4,82.0,6.9,0.0,0.0,3.9,3.9,0.0,3.9,40.0,96.1,1.9,4.0,122.0,996.8,996.8,2.7,5.2
2024-05-16 20:50:00+02:00,14.4,14.4,15.1,13.6,95.0,24.3,82.0,6.2,0.0,0.0,3.9,3.9,0.0,3.9,40.0,96.1,2.0,3.6,125.0,996.9,996.9,2.7,5.2
2024-05-16 20:55:00+02:00,14.3,14.3,15.0,13.6,95.0,24.3,82.0,6.2,0.0,0.0,3.9,3.9,0.0,3.9,40.0,96.1,2.5,4.0,122.0,996.7,996.7,2.7,5.2
2024-05-16 21:00:00+02:00,14.2,14.2,14.9,13.4,95.0,24.2,82.0,5.9,0.0,0.0,3.9,3.9,0.0,3.9,40.0,96.1,1.8,3.6,133.0,996.8,996.8,2.7,5.2
2024-05-16 21:05:00+02:00,14.2,14.2,15.1,13.4,95.0,24.1,82.0,5.0,0.0,0.0,3.9,3.9,0.0,3.9,40.0,96.1,1.2,2.5,133.0,996.8,996.8,2.7,5.1
2024-05-16 21:10:00+02:00,14.1,14.1,15.1,13.3,95.0,24.0,82.0,3.4,0.0,0.0,3.9,3.9,0.0,3.9,40.0,96.1,0.0,2.5,97.0,996.8,996.8,2.7,5.1
2024-05-16 21:15:00+02:00,14.0,14.0,14.9,13.2,95.0,24.0,82.0,2.3,0.0,0.0,3.9,3.9,0.0,3.9,40.0,96.1,0.8,3.2,268.0,996.8,996.8,2.7,5.1
2024-05-16 21:20:00+02:00,14.0,14.0,14.9,13.2,95.0,23.9,82.0,1.5,0.0,0.0,3.9,3.9,0.0,3.9,40.0,96.1,0.7,2.9,274.0,996.8,996.8,2.7,5.1
2024-05-16 21:25:00+02:00,13.9,13.9,14.8,13.2,95.0,23.8,82.0,0.9,0.0,0.0,3.9,3.9,0.0,3.9,40.0,96.1,0.4,2.2,122.0,996.8,996.8,2.7,5.1
2024-05-16 21:30:00+02:00,13.8,13.8,14.8,13.2,96.0,23.7,82.0,0.6,0.0,0.0,3.9,3.9,0.0,3.9,40.0,96.1,0.0,0.0,136.0,996.8,996.8,2.7,5.1
2024-05-16 21:35:00+02:00,13.8,13.8,14.7,13.2,96.0,23.7,82.0,0.2,0.0,0.0,3.9,3.9,0.0,3.9,40.0,96.1,0.4,2.5,113.0,996.9,996.9,2.7,5.1
2024-05-16 21:40:00+02:00,13.7,13.7,14.4,13.1,96.0,23.6,82.0,0.2,0.0,0.0,3.9,3.9,0.0,3.9,40.0,96.1,0.9,2.9,121.0,996.9,996.9,2.7,5.1
2024-05-16 21:45:00+02:00,13.6,13.6,14.3,13.0,96.0,23.5,82.0,0.1,0.0,0.0,3.9,3.9,0.0,3.9,40.0,96.1,1.2,2.5,114.0,996.9,996.9,2.7,5.1
2024-05-16 21:50:00+02:00,13.6,13.6,14.0,13.0,96.0,23.5,82.0,0.0,0.0,0.0,3.9,3.9,0.0,3.9,40.0,96.1,2.4,3.6,118.0,996.8,996.8,2.7,5.1
2024-05-16 21:55:00+02:00,13.5,13.5,14.2,13.1,97.0,23.4,82.0,0.0,0.0,0.0,3.9,3.9,0.0,3.9,40.0,96.1,1.3,3.2,123.0,997.0,997.0,2.7,5.1
2024-05-16 22:00:00+02:00,13.3,13.3,14.1,12.9,97.0,23.3,82.0,0.0,0.0,0.0,3.9,3.9,0.0,3.9,40.0,96.1,1.0,3.2,124.0,997.0,997.0,2.7,5.1
2024-05-16 22:05:00+02:00,13.4,13.4,13.9,12.9,97.0,23.2,82.0,0.0,0.0,0.0,3.9,3.9,0.0,3.9,40.0,96.1,2.2,2.9,124.0,997.1,997.1,2.7,5.1
2024-05-16 22:10:00+02:00,13.3,13.3,14.0,12.8,97.0,23.2,82.0,0.0,0.0,0.0,3.9,3.9,0.0,3.9,40.0,96.1,0.5,2.5,123.0,997.0,997.0,2.7,5.1
2024-05-16 22:15:00+02:00,13.3,13.3,14.2,12.9,97.0,23.0,82.0,0.0,0.0,0.0,3.9,3.9,0.0,3.9,40.0,96.1,0.4,2.2,137.0,997.1,997.1,2.7,5.1
2024-05-16 22:20:00+02:00,13.2,13.2,14.0,12.8,97.0,23.0,82.0,0.0,0.0,0.0,3.9,3.9,0.0,3.9,40.0,96.1,0.4,2.2,356.0,997.0,997.0,2.7,5.1
2024-05-16 22:25:00+02:00,13.6,13.6,13.9,13.1,97.0,22.9,82.0,0.0,0.0,0.0,3.9,3.9,0.0,3.9,40.0,96.1,3.2,5.8,9.0,996.9,996.9,2.7,5.1
2024-05-16 22:30:00+02:00,13.6,13.6,14.2,13.2,97.0,22.8,82.0,0.0,0.0,0.0,3.9,3.9,0.0,3.9,40.0,96.1,2.2,4.7,112.0,996.9,996.9,2.7,5.1
2024-05-16 22:35:00+02:00,13.4,13.4,14.1,12.9,97.0,22.7,82.0,0.0,0.0,0.0,3.9,3.9,0.0,3.9,40.0,96.1,1.1,3.2,121.0,997.1,997.1,2.7,5.1
2024-05-16 22:40:00+02:00,13.2,13.2,13.9,12.7,97.0,22.7,82.0,0.0,0.0,0.0,3.9,3.9,0.0,3.9,40.0,96.1,0.4,2.5,140.0,997.1,997.1,2.7,5.1
2024-05-16 22:45:00+02:00,13.1,13.1,13.8,12.6,97.0,22.6,82.0,0.0,0.0,0.0,3.9,3.9,0.0,3.9,40.0,96.1,0.0,1.8,129.0,997.0,997.0,2.7,5.1
2024-05-16 22:50:00+02:00,13.2,13.2,14.0,12.8,98.0,22.5,82.0,0.0,0.0,0.0,3.9,3.9,0.0,3.9,40.0,96.1,0.0,1.8,294.0,997.1,997.1,2.7,5.1
2024-05-16 22:55:00+02:00,13.0,13.0,13.9,12.7,98.0,22.4,82.0,0.0,0.0,0.0,3.9,3.9,0.0,3.9,40.0,96.1,0.0,1.8,105.0,997.1,997.1,2.7,5.0
2024-05-16 23:00:00+02:00,12.8,12.8,13.6,12.5,98.0,22.3,82.0,0.0,0.0,0.0,3.9,3.9,0.0,3.9,40.0,96.1,0.4,2.5,95.0,997.2,997.2,2.7,5.0
2024-05-16 23:05:00+02:00,12.9,12.9,13.4,12.5,98.0,22.2,82.0,0.0,0.0,0.0,3.9,3.9,0.0,3.9,40.0,96.1,1.2,2.9,113.0,997.2,997.2,2.7,5.0
2024-05-16 23:10:00+02:00,12.8,12.8,13.3,12.5,98.0,22.2,82.0,0.0,0.0,0.0,3.9,3.9,0.0,3.9,40.0,96.1,1.7,3.6,116.0,997.4,997.4,2.7,5.0
2024-05-16 23:15:00+02:00,12.8,12.8,13.5,12.5,98.0,22.1,82.0,0.0,0.0,0.0,3.9,3.9,0.0,3.9,40.0,96.1,0.8,3.6,119.0,997.3,997.3,2.7,5.0
2024-05-16 23:20:00+02:00,12.9,12.9,13.7,12.5,98.0,22.0,82.0,0.0,0.0,0.0,3.9,3.9,0.0,3.9,40.0,96.1,0.0,1.8,20.0,997.4,997.4,2.7,5.0
2024-05-16 23:25:00+02:00,12.8,12.8,13.2,12.5,98.0,21.9,82.0,0.0,0.0,0.0,3.9,3.9,0.0,3.9,40.0,96.1,2.2,3.2,108.0,997.2,997.2,2.7,5.0
2024-05-16 23:30:00+02:00,12.8,12.8,13.5,12.4,98.0,21.8,82.0,0.0,0.0,0.0,3.9,3.9,0.0,3.9,40.0,96.1,0.4,2.5,121.0,997.2,997.2,2.7,5.0
2024-05-16 23:35:00+02:00,12.7,12.7,13.5,12.4,98.0,21.7,82.0,0.0,0.0,0.0,3.9,3.9,0.0,3.9,40.0,96.1,0.0,1.8,270.0,997.1,997.1,2.7,5.0
2024-05-16 23:40:00+02:00,12.7,12.7,13.4,12.4,98.0,21.7,82.0,0.0,0.0,0.0,3.9,3.9,0.0,3.9,40.0,96.1,0.0,1.8,310.0,997.0,997.0,2.7,5.0
2024-05-16 23:45:00+02:00,12.6,12.6,13.3,12.3,98.0,21.6,82.0,0.0,0.0,0.0,3.9,3.9,0.0,3.9,40.0,96.1,0.0,0.0,141.0,996.9,996.9,2.7,5.0
2024-05-16 23:50:00+02:00,12.4,12.4,12.9,12.1,98.0,21.5,82.0,0.0,0.0,0.0,3.9,3.9,0.0,3.9,40.0,96.1,0.8,2.5,113.0,997.0,997.0,2.7,5.0
2024-05-16 23:55:00+02:00,12.5,12.5,12.9,12.2,98.0,21.4,82.0,0.0,0.0,0.0,3.9,3.9,0.0,3.9,40.0,96.1,1.7,2.9,108.0,997.0,997.0,2.7,5.0
2024-05-17 00:00:00+02:00,12.5,12.5,13.2,12.2,98.0,21.4,82.0,0.0,0.0,0.0,0.0,3.9,0.0,3.9,40.0,96.1,0.0,2.5,103.0,997.0,997.0,2.7,5.0
2024-05-17 00:05:00+02:00,12.3,12.3,12.7,12.0,98.0,21.3,82.0,0.0,0.0,0.0,0.0,3.9,0.0,3.9,40.0,96.1,1.6,3.6,63.0,996.9,996.9,2.7,5.0
2024-05-17 00:10:00+02:00,12.7,12.7,12.9,12.3,98.0,21.2,82.0,0.0,0.0,0.0,0.0,3.9,0.0,3.9,40.0,96.1,2.2,3.6,84.0,997.0,997.0,2.7,5.0
2024-05-17 00:15:00+02:00,12.7,12.7,13.1,12.4,98.0,21.2,82.0,0.0,0.0,0.0,0.0,3.9,0.0,3.9,40.0,96.1,1.6,4.7,68.0,997.1,997.1,2.7,5.0
2024-05-17 00:20:00+02:00,12.5,12.5,13.2,12.2,98.0,21.1,82.0,0.0,0.0,0.0,0.0,3.9,0.0,3.9,40.0,96.1,0.0,2.2,265.0,997.0,997.0,2.7,5.0
2024-05-17 00:25:00+02:00,12.4,12.4,13.1,12.1,98.0,21.0,82.0,0.0,0.0,0.0,0.0,3.9,0.0,3.9,40.0,96.1,0.0,1.8,345.0,997.0,997.0,2.7,5.0
2024-05-17 00:30:00+02:00,12.3,12.3,13.0,12.0,98.0,20.9,82.0,0.0,0.0,0.0,0.0,3.9,0.0,3.9,40.0,96.1,0.0,1.8,305.0,996.8,996.8,2.7,5.0
2024-05-17 00:35:00+02:00,12.3,12.3,12.5,12.1,99.0,20.8,82.0,0.0,0.0,0.0,0.0,3.9,0.0,3.9,40.0,96.1,2.4,5.0,29.0,996.9,996.9,2.7,5.0
2024-05-17 00:40:00+02:00,12.5,12.5,12.9,12.2,99.0,20.8,82.0,0.0,0.0,0.0,0.0,3.9,0.0,3.9,40.0,96.1,1.3,3.6,3.0,996.9,996.9,2.7,5.0
2024-05-17 00:45:00+02:00,12.3,12.3,12.7,12.0,98.0,20.7,82.0,0.0,0.0,0.0,0.0,3.9,0.0,3.9,40.0,96.1,1.2,2.5,116.0,996.9,996.9,2.7,4.9
2024-05-17 00:50:00+02:00,12.2,12.2,12.6,11.9,98.0,20.7,82.0,0.0,0.0,0.0,0.0,3.9,0.0,3.9,40.0,96.1,0.5,2.9,108.0,996.9,996.9,2.7,4.9
2024-05-17 00:55:00+02:00,12.1,12.1,12.4,11.8,98.0,20.6,82.0,0.0,0.0,0.0,0.0,3.9,0.0,3.9,40.0,96.1,0.9,2.9,113.0,996.9,996.9,2.7,4.9
2024-05-17 01:00:00+02:00,12.1,12.1,12.2,11.9,99.0,20.5,82.0,0.0,0.0,0.0,0.0,3.9,0.0,3.9,40.0,96.1,1.9,3.6,118.0,996.9,996.9,2.7,4.9
2024-05-17 01:05:00+02:00,12.0,12.0,12.5,11.8,99.0,20.5,82.0,0.0,0.0,0.0,0.0,3.9,0.0,3.9,40.0,96.1,0.0,2.2,41.0,997.1,997.1,2.7,4.9
2024-05-17 01:10:00+02:00,11.9,11.9,12.2,11.8,99.0,20.4,82.0,0.0,0.0,0.0,0.0,3.9,0.0,3.9,40.0,96.1,1.4,3.2,106.0,997.1,997.1,2.7,4.9
2024-05-17 01:15:00+02:00,12.0,12.0,12.2,11.8,99.0,20.3,82.0,0.0,0.0,0.0,0.0,3.9,0.0,3.9,40.0,96.1,1.7,4.3,109.0,996.9,996.9,2.7,4.9
2024-05-17 01:20:00+02:00,11.9,11.9,12.4,11.7,99.0,20.3,82.0,0.0,0.0,0.0,0.0,3.9,0.0,3.9,40.0,96.1,0.0,2.9,111.0,997.0,997.0,2.7,4.9
2024-05-17 01:25:00+02:00,11.8,11.8,12.4,11.7,99.0,20.2,82.0,0.0,0.0,0.0,0.0,3.9,0.0,3.9,40.0,96.1,0.0,2.2,221.0,997.0,997.0,2.7,4.9
2024-05-17 01:30:00+02:00,11.9,11.9,12.4,11.7,99.0,20.1,82.0,0.0,0.0,0.0,0.0,3.9,0.0,3.9,40.0,96.1,0.0,0.0,240.0,997.0,997.0,2.7,4.9
2024-05-17 01:35:00+02:00,11.7,11.7,12.2,11.6,99.0,20.1,82.0,0.0,0.0,0.0,0.0,3.9,0.0,3.9,40.0,96.1,0.0,1.8,105.0,996.8,996.8,2.7,4.9
2024-05-17 01:40:00+02:00,11.8,11.8,12.4,11.7,99.0,20.0,82.0,0.0,0.0,0.0,0.0,3.9,0.0,3.9,40.0,96.1,0.0,1.8,42.0,996.8,996.8,2.7,4.9
2024-05-17 01:45:00+02:00,11.8,11.8,12.2,11.6,99.0,20.0,83.0,0.0,0.0,0.0,0.0,3.9,0.0,3.9,40.0,96.1,0.5,2.2,105.0,996.8,996.8,2.7,4.9
2024-05-17 01:50:00+02:00,11.8,11.8,12.4,11.7,99.0,19.9,82.0,0.0,0.0,0.0,0.0,3.9,0.0,3.9,40.0,96.1,0.0,1.8,312.0,996.8,996.8,2.7,4.9
2024-05-17 01:55:00+02:00,12.0,12.0,12.3,11.8,99.0,19.8,83.0,0.0,0.0,0.0,0.0,3.9,0.0,3.9,40.0,96.1,1.5,3.6,339.0,996.9,996.9,2.7,4.9
2024-05-17 02:00:00+02:00,11.8,11.8,12.4,11.7,99.0,19.8,83.0,0.0,0.0,0.0,0.0,3.9,0.0,3.9,40.0,96.1,0.0,2.9,266.0,996.8,996.8,2.7,4.9
2024-05-17 02:05:00+02:00,12.0,12.0,12.5,11.8,99.0,19.7,83.0,0.0,0.0,0.0,0.0,3.9,0.0,3.9,40.0,96.1,0.0,1.8,38.0,996.8,996.8,2.7,4.9
2024-05-17 02:10:00+02:00,12.1,12.1,12.4,11.9,99.0,19.7,83.0,0.0,0.0,0.0,0.0,3.9,0.0,3.9,40.0,96.1,1.5,4.0,112.0,996.9,996.9,2.7,4.9
2024-05-17 02:15:00+02:00,12.1,12.1,12.6,11.9,99.0,19.6,83.0,0.0,0.0,0.0,0.0,3.9,0.0,3.9,40.0,96.1,0.8,4.0,116.0,996.8,996.8,2.7,4.9
2024-05-17 02:20:00+02:00,12.5,12.5,13.0,12.3,99.0,19.6,83.0,0.0,0.0,0.0,0.0,3.9,0.0,3.9,40.0,96.1,0.9,2.9,42.0,996.9,996.9,2.7,4.9
2024-05-17 02:25:00+02:00,12.8,12.8,13.6,12.6,99.0,19.5,83.0,0.0,0.0,0.0,0.0,3.9,0.0,3.9,40.0,96.1,0.5,2.9,40.0,996.9,996.9,2.7,4.9
2024-05-17 02:30:00+02:00,12.9,12.9,13.5,12.7,99.0,19.5,83.0,0.0,0.0,0.0,0.0,3.9,0.0,3.9,40.0,96.1,1.3,3.6,318.0,996.9,996.9,2.7,4.9
2024-05-17 02:35:00+02:00,12.9,12.9,13.0,12.8,99.0,19.5,83.0,0.0,0.0,0.0,0.0,3.9,0.0,3.9,40.0,96.1,3.9,8.6,24.0,996.9,996.9,2.7,4.8
2024-05-17 02:40:00+02:00,13.1,13.1,13.5,12.9,99.0,19.5,83.0,0.0,0.0,0.0,0.0,3.9,0.0,3.9,40.0,96.1,2.3,8.3,20.0,996.9,996.9,2.7,4.8
2024-05-17 02:45:00+02:00,13.2,13.2,13.8,13.0,99.0,19.4,83.0,0.0,0.0,0.0,0.0,3.9,0.0,3.9,40.0,96.1,1.7,5.8,23.0,996.8,996.8,2.7,4.8
2024-05-17 02:50:00+02:00,13.2,13.2,13.7,13.1,99.0,19.4,83.0,0.0,0.0,0.0,0.0,3.9,0.0,3.9,40.0,96.1,2.2,5.0,31.0,996.8,996.8,2.7,4.8
2024-05-17 02:55:00+02:00,13.2,13.2,14.2,13.1,99.0,19.4,83.0,0.0,0.0,0.0,0.0,3.9,0.0,3.9,40.0,96.1,0.0,3.6,71.0,996.8,996.8,2.7,4.8
2024-05-17 03:00:00+02:00,13.2,13.2,13.8,13.1,99.0,19.4,83.0,0.0,0.0,0.0,0.0,3.9,0.0,3.9,40.0,96.1,1.9,8.6,52.0,996.8,996.8,2.7,4.8
2024-05-17 03:05:00+02:00,13.2,13.2,14.0,13.1,99.0,19.4,83.0,0.0,0.0,0.0,0.0,3.9,0.0,3.9,40.0,96.1,0.7,2.9,137.0,996.7,996.7,2.7,4.8
2024-05-17 03:10:00+02:00,13.2,13.2,14.2,13.1,99.0,19.3,83.0,0.0,0.0,0.0,0.0,3.9,0.0,3.9,40.0,96.1,0.0,2.9,312.0,996.7,996.7,2.7,4.8
2024-05-17 03:15:00+02:00,13.3,13.3,14.0,13.1,99.0,19.3,83.0,0.0,0.0,0.0,0.0,3.9,0.0,3.9,40.0,96.1,1.4,4.7,316.0,996.8,996.8,2.7,4.8
2024-05-17 03:20:00+02:00,13.3,13.3,14.1,13.1,99.0,19.3,83.0,0.0,0.0,0.0,0.0,3.9,0.0,3.9,40.0,96.1,0.7,3.2,349.0,996.7,996.7,2.7,4.8
2024-05-17 03:25:00+02:00,13.3,13.3,14.3,13.1,99.0,19.3,83.0,0.0,0.0,0.0,0.0,3.9,0.0,3.9,40.0,96.1,0.0,3.2,335.0,996.7,996.7,2.7,4.8
2024-05-17 03:30:00+02:00,13.3,13.3,14.1,13.1,99.0,19.3,83.0,0.0,0.0,0.0,0.0,3.9,0.0,3.9,40.0,96.1,1.2,6.1,269.0,996.6,996.6,2.7,4.8
2024-05-17 03:35:00+02:00,13.3,13.3,14.1,13.1,99.0,19.3,83.0,0.0,0.0,0.0,0.0,3.9,0.0,3.9,40.0,96.1,0.7,6.1,304.0,996.8,996.8,2.7,4.8
2024-05-17 03:40:00+02:00,13.3,13.3,14.0,13.1,99.0,19.3,83.0,0.0,0.0,0.0,0.0,3.9,0.0,3.9,40.0,96.1,1.4,5.4,261.0,996.6,996.6,2.7,4.8
2024-05-17 03:45:00+02:00,13.3,13.3,14.1,13.1,99.0,19.3,83.0,0.0,0.0,0.0,0.0,3.9,0.0,3.9,40.0,96.1,0.9,5.4,26.0,996.5,996.5,2.7,4.8
2024-05-17 03:50:00+02:00,13.3,13.3,14.0,13.1,99.0,19.3,83.0,0.0,0.0,0.0,0.0,3.9,0.0,3.9,40.0,96.1,1.4,5.8,346.0,996.7,996.7,2.7,4.8
2024-05-17 03:55:00+02:00,13.3,13.3,14.1,13.1,99.0,19.3,83.0,0.0,0.0,0.0,0.0,3.9,0.0,3.9,40.0,96.1,0.5,3.2,355.0,996.7,996.7,2.7,4.8
2024-05-17 04:00:00+02:00,13.3,13.3,14.3,13.1,99.0,19.3,83.0,0.0,0.0,0.0,0.0,3.9,0.0,3.9,40.0,96.1,0.0,2.2,283.0,996.7,996.7,2.7,4.8
2024-05-17 04:05:00+02:00,13.3,13.3,14.1,13.1,99.0,19.3,83.0,0.0,0.0,0.0,0.0,3.9,0.0,3.9,40.0,96.1,0.9,3.2,41.0,996.7,996.7,2.7,4.8
2024-05-17 04:10:00+02:00,13.3,13.3,14.1,13.1,99.0,19.3,83.0,0.0,0.0,0.0,0.0,3.9,0.0,3.9,40.0,96.1,0.9,3.2,123.0,996.6,996.6,2.7,4.8
2024-05-17 04:15:00+02:00,13.3,13.3,14.3,13.1,99.0,19.3,83.0,0.0,0.0,0.0,0.0,3.9,0.0,3.9,40.0,96.1,0.0,3.2,330.0,996.6,996.6,2.7,4.8
2024-05-17 04:20:00+02:00,13.3,13.3,14.3,13.1,99.0,19.3,83.0,0.0,0.0,0.0,0.0,3.9,0.0,3.9,40.0,96.1,0.0,3.2,286.0,996.7,996.7,2.7,4.8
2024-05-17 04:25:00+02:00,13.3,13.3,14.2,13.1,99.0,19.3,83.0,0.0,0.0,0.0,0.0,3.9,0.0,3.9,40.0,96.1,0.4,2.2,296.0,996.6,996.6,2.7,4.7
2024-05-17 04:30:00+02:00,13.3,13.3,14.0,13.1,99.0,19.3,83.0,0.0,0.0,0.0,0.0,3.9,0.0,3.9,40.0,96.1,1.4,5.0,157.0,996.7,996.7,2.7,4.7
2024-05-17 04:35:00+02:00,13.3,13.3,14.2,13.2,99.0,19.3,83.0,0.0,0.0,0.0,0.0,3.9,0.0,3.9,40.0,96.1,0.8,3.6,288.0,996.7,996.7,2.7,4.7
2024-05-17 04:40:00+02:00,13.4,13.4,14.1,13.2,99.0,19.2,84.0,0.0,0.0,0.0,0.0,3.9,0.0,3.9,40.0,96.1,1.6,3.2,260.0,996.6,996.6,2.7,4.7
2024-05-17 04:45:00+02:00,13.3,13.3,14.0,13.2,99.0,19.2,83.0,0.0,0.0,0.0,0.0,3.9,0.0,3.9,40.0,96.1,1.7,4.0,272.0,996.5,996.5,2.7,4.7
2024-05-17 04:50:00+02:00,13.3,13.3,13.9,13.1,99.0,19.2,84.0,0.0,0.0,0.0,0.0,3.9,0.0,3.9,40.0,96.1,1.8,4.0,291.0,996.6,996.6,2.7,4.7
2024-05-17 04:55:00+02:00,13.3,13.3,13.7,13.1,99.0,19.3,83.0,0.0,0.0,0.0,0.0,3.9,0.0,3.9,40.0,96.1,3.0,5.0,280.0,996.5,996.5,2.7,4.7
2024-05-17 05:00:00+02:00,13.2,13.2,13.6,13.1,99.0,19.2,84.0,0.0,0.0,0.0,0.0,3.9,0.0,3.9,40.0,96.1,3.0,5.8,358.0,996.4,996.4,2.7,4.7
2024-05-17 05:05:00+02:00,13.2,13.2,14.1,13.1,99.0,19.2,84.0,0.0,0.0,0.0,0.0,3.9,0.0,3.9,40.0,96.1,0.6,5.0,51.0,996.5,996.5,2.7,4.7
2024-05-17 05:10:00+02:00,13.2,13.2,13.8,13.1,99.0,19.2,84.0,0.1,0.0,0.0,0.0,3.9,0.0,3.9,40.0,96.1,1.7,4.3,15.0,996.5,996.5,2.7,4.7
2024-05-17 05:15:00+02:00,13.2,13.2,14.1,13.1,99.0,19.2,84.0,0.2,0.0,0.0,0.0,3.9,0.0,3.9,40.0,96.1,0.4,2.9,280.0,996.4,996.4,2.7,4.7
2024-05-17 05:20:00+02:00,13.2,13.2,13.7,13.1,99.0,19.2,84.0,0.3,0.0,0.0,0.0,3.9,0.0,3.9,40.0,96.1,2.2,4.7,289.0,996.5,996.5,2.7,4.7
2024-05-17 05:25:00+02:00,13.3,13.3,13.9,13.1,99.0,19.2,84.0,0.6,0.0,0.0,0.0,3.9,0.0,3.9,40.0,96.1,1.7,4.0,43.0,996.5,996.5,2.7,4.7
2024-05-17 05:30:00+02:00,13.3,13.3,14.1,13.1,99.0,19.2,84.0,1.3,0.0,0.0,0.0,3.9,0.0,3.9,40.0,96.1,0.9,4.0,328.0,996.5,996.5,2.7,4.7
2024-05-17 05:35:00+02:00,13.2,13.2,14.0,13.1,99.0,19.2,84.0,2.4,0.0,0.0,0.0,3.9,0.0,3.9,40.0,96.1,1.3,4.3,265.0,996.5,996.5,2.7,4.7
2024-05-17 05:40:00+02:00,13.2,13.2,14.1,13.1,99.0,19.2,84.0,3.1,0.0,0.0,0.0,3.9,0.0,3.9,40.0,96.1,0.4,2.9,170.0,996.4,996.4,2.7,4.7
2024-05-17 05:45:00+02:00,13.3,13.3,14.3,13.1,99.0,19.2,84.0,4.2,0.0,0.0,0.0,3.9,0.0,3.9,40.0,96.1,0.0,2.2,81.0,996.4,996.4,2.7,4.7
2024-05-17 05:50:00+02:00,13.3,13.3,14.0,13.1,99.0,19.2,84.0,5.4,0.0,0.0,0.0,3.9,0.0,3.9,40.0,96.1,1.6,4.3,299.0,996.4,996.4,2.7,4.7
2024-05-17 05:55:00+02:00,13.4,13.4,14.0,13.2,99.0,19.2,84.0,5.7,0.0,0.0,0.0,3.9,0.0,3.9,40.0,96.1,2.3,4.0,320.0,996.5,996.5,2.7,4.7
2024-05-17 06:00:00+02:00,13.4,13.4,13.8,13.2,99.0,19.1,84.0,5.9,0.0,0.0,0.0,3.9,0.0,3.9,40.0,96.1,3.0,4.3,323.0,996.6,996.6,2.7,4.7
2024-05-17 06:05:00+02:00,13.4,13.4,13.7,13.2,99.0,19.1,84.0,6.5,0.0,0.0,0.0,3.9,0.0,3.9,40.0,96.1,3.5,6.8,275.0,996.7,996.7,2.7,4.7
2024-05-17 06:10:00+02:00,13.4,13.4,13.9,13.2,99.0,19.1,84.0,7.3,0.0,0.0,0.0,3.9,0.0,3.9,40.0,96.1,2.6,8.6,280.0,996.6,996.6,2.7,4.7
2024-05-17 06:15:00+02:00,13.4,13.4,13.8,13.2,99.0,19.1,84.0,7.5,0.0,0.0,0.0,3.9,0.0,3.9,40.0,96.1,3.1,6.8,20.0,996.5,996.5,2.7,4.6
2024-05-17 06:20:00+02:00,13.4,13.4,13.7,13.2,99.0,19.1,84.0,9.5,0.0,0.0,0.0,3.9,0.0,3.9,40.0,96.1,3.5,7.9,346.0,996.8,996.8,2.7,4.6
2024-05-17 06:25:00+02:00,13.3,13.3,13.5,13.2,99.0,19.1,84.0,11.3,0.0,0.0,0.0,3.9,0.0,3.9,40.0,96.1,4.7,9.0,357.0,996.8,996.8,2.7,4.6
2024-05-17 06:30:00+02:00,13.3,13.3,14.2,13.2,99.0,19.1,84.0,12.3,0.0,0.0,0.0,3.9,0.0,3.9,40.0,96.1,0.9,5.8,299.0,996.6,996.6,2.7,4.6
2024-05-17 06:35:00+02:00,13.3,13.3,14.0,13.2,99.0,19.1,84.0,16.6,0.0,0.0,0.0,3.9,0.0,3.9,40.0,96.1,1.9,4.3,282.0,996.6,996.6,2.7,4.6
2024-05-17 06:40:00+02:00,13.4,13.4,13.8,13.2,99.0,19.1,84.0,25.0,0.0,0.0,0.0,3.9,0.0,3.9,40.0,96.1,3.2,7.6,296.0,996.6,996.6,2.7,4.6
2024-05-17 06:45:00+02:00,13.4,13.4,13.7,13.2,99.0,19.1,84.0,37.5,0.0,0.0,0.0,3.9,0.0,3.9,40.0,96.1,3.8,7.6,292.0,996.7,996.7,2.7,4.6
2024-05-17 06:50:00+02:00,13.4,13.4,13.9,13.3,99.0,19.1,84.0,44.2,0.0,0.0,0.0,3.9,0.0,3.9,40.0,96.1,3.2,6.8,14.0,996.7,996.7,2.7,4.6
2024-05-17 06:55:00+02:00,13.5,13.5,13.8,13.3,99.0,19.1,84.0,47.2,0.0,0.0,0.0,3.9,0.0,3.9,40.0,96.1,3.9,6.1,21.0,996.6,996.6,2.7,4.6
2024-05-17 07:00:00+02:00,13.5,13.5,14.0,13.2,98.0,19.1,84.0,46.0,0.0,0.0,0.0,3.9,0.0,3.9,40.0,96.1,2.8,5.8,39.0,996.6,996.6,2.7,4.6
2024-05-17 07:05:00+02:00,13.5,13.5,14.3,13.2,98.0,19.1,84.0,32.6,0.0,0.0,0.0,3.9,0.0,3.9,40.0,96.1,1.2,4.7,4.0,996.6,996.6,2.7,4.7
2024-05-17 07:10:00+02:00,13.6,13.6,14.1,13.2,98.0,19.1,84.0,34.2,0.0,0.0,0.0,3.9,0.0,3.9,40.0,96.1,2.4,4.3,39.0,996.7,996.7,2.7,4.7
2024-05-17 07:15:00+02:00,13.5,13.5,14.0,13.2,98.0,19.1,84.0,30.2,0.0,0.0,0.0,3.9,0.0,3.9,40.0,96.1,2.6,6.1,44.0,996.8,996.8,2.7,4.7
2024-05-17 07:20:00+02:00,13.4,13.4,13.8,13.1,98.0,19.1,84.0,29.4,0.0,0.0,0.0,3.9,0.0,3.9,40.0,96.1,3.0,6.8,33.0,996.8,996.8,2.7,4.7
2024-05-17 07:25:00+02:00,13.5,13.5,14.2,13.1,98.0,19.1,84.0,28.2,0.0,0.0,0.0,3.9,0.0,3.9,40.0,96.1,1.2,6.8,92.0,996.8,996.8,2.7,4.7
2024-05-17 07:30:00+02:00,13.5,13.5,13.8,13.1,98.0,19.1,84.0,39.3,0.0,0.0,0.0,3.9,0.0,3.9,40.0,96.1,3.3,7.2,341.0,996.8,996.8,2.7,4.7
2024-05-17 07:35:00+02:00,13.5,13.5,13.8,13.2,98.0,19.1,84.0,39.5,0.0,0.0,0.0,3.9,0.0,3.9,40.0,96.1,3.7,7.9,307.0,996.7,996.7,2.7,4.7
2024-05-17 07:40:00+02:00,13.6,13.6,14.5,13.3,98.0,19.1,84.0,44.9,0.0,0.0,0.0,3.9,0.0,3.9,40.0,96.1,0.7,5.8,296.0,996.8,996.8,2.7,4.7
2024-05-17 07:45:00+02:00,13.7,13.7,14.4,13.4,98.0,19.1,84.0,47.0,0.0,0.0,0.0,3.9,0.0,3.9,40.0,96.1,1.9,9.7,28.0,996.9,996.9,2.7,4.7
2024-05-17 07:50:00+02:00,13.8,13.8,14.4,13.4,98.0,19.1,84.0,68.1,0.0,0.0,0.0,3.9,0.0,3.9,40.0,96.1,2.4,9.0,58.0,996.8,996.8,2.7,4.7
2024-05-17 07:55:00+02:00,13.8,13.8,14.6,13.4,98.0,19.1,85.0,77.2,0.0,0.0,0.0,3.9,0.0,3.9,40.0,96.1,1.3,6.5,280.0,996.9,996.9,2.7,4.7
2024-05-17 08:00:00+02:00,13.8,13.8,14.5,13.4,97.0,19.2,84.0,85.2,0.0,0.0,0.0,3.9,0.0,3.9,40.0,96.1,2.0,5.4,348.0,996.8,996.8,2.7,4.7
2024-05-17 08:05:00+02:00,13.9,13.9,14.8,13.4,97.0,19.2,85.0,91.2,0.0,0.0,0.0,3.9,0.0,3.9,40.0,96.1,0.9,5.8,271.0,996.8,996.8,2.7,4.7
2024-05-17 08:10:00+02:00,14.0,14.0,14.6,13.6,97.0,19.2,85.0,98.7,0.0,0.0,0.0,3.9,0.0,3.9,40.0,96.1,2.8,6.1,299.0,996.8,996.8,2.7,4.7
2024-05-17 08:15:00+02:00,14.0,14.0,14.5,13.5,97.0,19.2,85.0,82.2,0.0,0.0,0.0,3.9,0.0,3.9,40.0,96.1,3.2,6.8,284.0,996.8,996.8,2.7,4.7
2024-05-17 08:20:00+02:00,14.1,14.1,14.5,13.5,96.0,19.2,85.0,104.4,0.0,0.0,0.0,3.9,0.0,3.9,40.0,96.1,3.2,7.6,303.0,996.7,996.7,2.7,4.7
2024-05-17 08:25:00+02:00,14.2,14.2,14.9,13.6,96.0,19.3,85.0,145.2,1.0,0.0,0.0,3.9,0.0,3.9,40.0,96.1,2.0,7.6,330.0,996.6,996.6,2.7,4.8
2024-05-17 08:30:00+02:00,14.4,14.4,15.0,13.7,96.0,19.3,85.0,139.2,1.0,0.0,0.0,3.9,0.0,3.9,40.0,96.1,2.5,7.6,5.0,996.7,996.7,2.7,4.8
2024-05-17 08:35:00+02:00,14.6,14.6,15.2,13.8,95.0,19.3,85.0,159.3,1.0,0.0,0.0,3.9,0.0,3.9,40.0,96.1,2.7,7.6,264.0,996.7,996.7,2.7,4.8
2024-05-17 08:40:00+02:00,14.7,14.7,14.7,13.9,95.0,19.4,85.0,199.6,1.0,0.0,0.0,3.9,0.0,3.9,40.0,96.1,5.8,10.8,263.0,996.6,996.6,2.7,4.8
2024-05-17 08:45:00+02:00,14.8,14.8,15.3,14.0,95.0,19.5,85.0,147.7,1.0,0.0,0.0,3.9,0.0,3.9,40.0,96.1,4.0,8.3,320.0,996.5,996.5,2.7,4.9
2024-05-17 08:50:00+02:00,14.8,14.8,15.1,13.9,95.0,19.5,85.0,92.4,0.0,0.0,0.0,3.9,0.0,3.9,40.0,96.1,4.8,10.8,320.0,996.6,996.6,2.7,4.9
2024-05-17 08:55:00+02:00,14.6,14.6,14.8,13.8,95.0,19.6,85.0,90.1,0.0,0.0,0.0,3.9,0.0,3.9,40.0,96.1,5.0,11.2,32.0,996.5,996.5,2.7,4.9
2024-05-17 09:00:00+02:00,14.6,14.6,14.8,13.7,95.0,19.6,85.0,73.5,0.0,0.0,0.0,3.9,0.0,3.9,40.0,96.1,4.8,10.4,21.0,996.6,996.6,2.7,4.9
2024-05-17 09:05:00+02:00,14.7,14.7,15.1,13.8,95.0,19.7,85.0,70.3,0.0,0.0,0.0,3.9,0.0,3.9,40.0,96.1,3.5,9.4,346.0,996.7,996.7,2.7,4.9
2024-05-17 09:10:00+02:00,14.6,14.6,14.8,13.8,95.0,19.7,85.0,73.2,0.0,0.0,0.0,3.9,0.0,3.9,40.0,96.1,5.0,11.5,15.0,996.6,996.6,2.7,4.9
2024-05-17 09:15:00+02:00,14.6,14.6,14.7,13.8,95.0,19.7,85.0,123.4,1.0,0.0,0.0,3.9,0.0,3.9,40.0,96.1,5.5,11.2,357.0,996.6,996.6,2.7,4.9
2024-05-17 09:20:00+02:00,14.8,14.8,15.0,13.9,94.0,19.7,85.0,170.2,1.0,0.0,0.0,3.9,0.0,3.9,40.0,96.1,5.0,9.0,341.0,996.6,996.6,2.7,4.9
2024-05-17 09:25:00+02:00,15.0,15.0,15.6,13.9,93.0,19.8,85.0,210.1,1.0,0.0,0.0,3.9,0.0,3.9,40.0,96.1,3.2,9.0,18.0,996.6,996.6,2.7,5.0
2024-05-17 09:30:00+02:00,15.2,15.2,15.3,14.1,93.0,19.8,85.0,219.3,2.0,0.0,0.0,3.9,0.0,3.9,40.0,96.1,6.1,11.2,315.0,996.6,996.6,2.7,5.0
2024-05-17 09:35:00+02:00,15.3,15.3,15.9,14.2,93.0,19.9,85.0,273.9,2.0,0.0,0.0,3.9,0.0,3.9,40.0,96.1,3.7,11.2,323.0,996.6,996.6,2.7,5.1
2024-05-17 09:40:00+02:00,15.7,15.7,16.4,14.4,91.0,20.0,86.0,329.6,3.0,0.0,0.0,3.9,0.0,3.9,40.0,96.1,3.4,6.5,354.0,996.5,996.5,2.7,5.1
2024-05-17 09:45:00+02:00,16.1,16.1,16.5,14.5,90.0,20.1,86.0,390.8,3.0,0.0,0.0,3.9,0.0,3.9,40.0,96.1,5.2,9.4,290.0,996.5,996.5,2.7,5.2
2024-05-17 09:50:00+02:00,16.3,16.3,16.6,14.3,88.0,20.2,86.0,282.0,2.0,0.0,0.0,3.9,0.0,3.9,40.0,96.1,5.5,13.0,284.0,996.6,996.6,2.7,5.2
2024-05-17 09:55:00+02:00,16.2,16.2,16.2,14.1,87.0,20.3,86.0,186.7,1.0,0.0,0.0,3.9,0.0,3.9,40.0,96.1,6.6,13.7,332.0,996.6,996.6,2.7,5.2
2024-05-17 10:00:00+02:00,15.9,15.9,16.0,14.0,88.0,20.4,86.0,166.6,1.0,0.0,0.0,3.9,0.0,3.9,40.0,96.1,6.1,12.2,355.0,996.7,996.7,2.7,5.2
2024-05-17 10:05:00+02:00,16.0,16.0,16.1,14.0,88.0,20.5,86.0,277.4,2.0,0.0,0.0,3.9,0.0,3.9,40.0,96.1,6.1,15.8,9.0,996.5,996.5,2.7,5.2
2024-05-17 10:10:00+02:00,16.1,16.1,16.6,14.1,88.0,20.6,86.0,269.9,2.0,0.0,0.0,3.9,0.0,3.9,40.0,96.1,4.2,9.4,326.0,996.6,996.6,2.7,5.2
2024-05-17 10:15:00+02:00,16.3,16.3,16.8,14.0,86.0,20.7,86.0,342.7,3.0,0.0,0.0,3.9,0.0,3.9,40.0,96.1,4.3,10.4,307.0,996.4,996.4,2.7,5.2
2024-05-17 10:20:00+02:00,16.9,16.9,16.8,14.2,85.0,20.8,86.0,459.0,4.0,0.0,0.0,3.9,0.0,3.9,40.0,96.1,7.1,12.2,306.0,996.4,996.4,2.7,5.2
2024-05-17 10:25:00+02:00,17.0,17.0,17.2,14.2,84.0,21.0,86.0,340.5,3.0,0.0,0.0,3.9,0.0,3.9,40.0,96.1,5.7,12.2,293.0,996.5,996.5,2.7,5.2
2024-05-17 10:30:00+02:00,17.2,17.2,17.7,14.1,82.0,21.1,86.0,260.0,2.0,0.0,0.0,3.9,0.0,3.9,40.0,96.1,4.3,10.8,343.0,996.5,996.5,2.7,5.2
2024-05-17 10:35:00+02:00,17.4,17.4,18.4,14.2,82.0,21.2,86.0,242.2,2.0,0.0,0.0,3.9,0.0,3.9,40.0,96.1,1.5,7.2,333.0,996.6,996.6,2.7,5.2
2024-05-17 10:40:00+02:00,17.4,17.4,17.8,14.2,81.0,21.3,87.0,215.0,1.0,0.0,0.0,3.9,0.0,3.9,40.0,96.1,4.6,10.1,353.0,996.6,996.6,2.7,5.2
2024-05-17 10:45:00+02:00,17.3,17.3,17.4,14.1,81.0,21.4,87.0,249.4,2.0,0.0,0.0,3.9,0.0,3.9,40.0,96.1,6.3,13.0,262.0,996.4,996.4,2.7,5.2
2024-05-17 10:50:00+02:00,17.8,17.8,18.2,14.3,80.0,21.5,87.0,331.2,3.0,0.0,0.0,3.9,0.0,3.9,40.0,96.1,5.0,9.7,276.0,996.4,996.4,2.7,5.2
2024-05-17 10:55:00+02:00,18.1,18.1,18.6,14.4,79.0,21.7,87.0,307.7,2.0,0.0,0.0,3.9,0.0,3.9,40.0,96.1,4.6,9.7,303.0,996.5,996.5,2.7,5.2
2024-05-17 11:00:00+02:00,18.3,18.3,18.6,14.7,79.0,21.8,87.0,364.1,3.0,0.0,0.0,3.9,0.0,3.9,40.0,96.1,6.1,9.7,314.0,996.5,996.5,2.7,5.2
2024-05-17 11:05:00+02:00,18.4,18.4,18.6,14.6,79.0,21.9,87.0,257.1,2.0,0.0,0.0,3.9,0.0,3.9,40.0,96.1,6.3,13.0,276.0,996.5,996.5,2.7,5.2
2024-05-17 11:10:00+02:00,18.3,18.3,18.3,14.7,80.0,22.0,87.0,251.3,2.0,0.0,0.0,3.9,0.0,3.9,40.0,96.1,7.9,12.2,286.0,996.5,996.5,2.7,5.2
2024-05-17 11:15:00+02:00,18.0,18.0,18.2,14.4,80.0,22.1,87.0,255.2,2.0,0.0,0.0,3.9,0.0,3.9,40.0,96.1,5.9,15.1,281.0,996.5,996.5,2.7,5.3
2024-05-17 11:20:00+02:00,18.0,18.0,18.2,14.5,80.0,22.2,87.0,259.3,2.0,0.0,0.0,3.9,0.0,3.9,40.0,96.1,6.0,15.1,299.0,996.5,996.5,2.7,5.3
2024-05-17 11:25:00+02:00,18.4,18.4,18.8,14.7,79.0,22.3,87.0,463.6,4.0,0.0,0.0,3.9,0.0,3.9,40.0,96.1,5.8,13.0,2.0,996.6,996.6,2.7,5.3
2024-05-17 11:30:00+02:00,18.7,18.7,18.8,14.3,75.0,22.5,87.0,318.8,2.0,0.0,0.0,3.9,0.0,3.9,40.0,96.1,6.7,14.0,312.0,996.5,996.5,2.7,5.3
2024-05-17 11:35:00+02:00,18.8,18.8,18.6,13.9,73.0,22.6,87.0,504.3,4.0,0.0,0.0,3.9,0.0,3.9,40.0,96.1,7.1,18.0,3.0,996.6,996.6,2.7,5.3
2024-05-17 11:40:00+02:00,19.1,19.1,19.5,14.3,74.0,22.7,87.0,502.3,4.0,0.0,0.0,3.9,0.0,3.9,40.0,96.1,4.5,11.9,356.0,996.6,996.6,2.7,5.3
2024-05-17 11:45:00+02:00,19.2,19.2,19.0,14.3,73.0,22.8,87.0,393.7,3.0,0.0,0.0,3.9,0.0,3.9,40.0,96.1,8.1,18.0,343.0,996.5,996.5,2.7,5.3
2024-05-17 11:50:00+02:00,18.8,18.8,18.7,13.9,73.0,23.0,87.0,566.4,5.0,0.0,0.0,3.9,0.0,3.9,40.0,96.1,6.9,18.0,287.0,996.5,996.5,2.7,5.3
2024-05-17 11:55:00+02:00,19.2,19.2,19.2,13.8,71.0,23.2,87.0,585.2,5.0,0.0,0.0,3.9,0.0,3.9,40.0,96.1,6.3,14.4,294.0,996.5,996.5,2.7,5.3
2024-05-17 12:00:00+02:00,19.7,19.7,20.0,13.9,69.0,23.3,87.0,406.5,3.0,0.0,0.0,3.9,0.0,3.9,40.0,96.1,4.9,13.0,305.0,996.5,996.5,2.7,5.3
2024-05-17 12:05:00+02:00,19.6,19.6,19.4,13.8,69.0,23.5,87.0,288.4,2.0,0.0,0.0,3.9,0.0,3.9,40.0,96.1,7.4,15.8,324.0,996.5,996.5,2.7,5.3
2024-05-17 12:10:00+02:00,19.0,19.0,18.9,13.5,71.0,23.7,87.0,274.2,2.0,0.0,0.0,3.9,0.0,3.9,40.0,96.1,5.8,16.9,348.0,996.5,996.5,2.7,5.3
2024-05-17 12:15:00+02:00,19.1,19.1,19.1,13.7,71.0,23.8,87.0,182.0,1.0,0.0,0.0,3.9,0.0,3.9,40.0,96.1,6.2,16.9,278.0,996.6,996.6,2.7,5.3
2024-05-17 12:20:00+02:00,18.8,18.8,18.8,13.4,71.0,23.9,87.0,106.2,0.0,0.0,0.0,3.9,0.0,3.9,40.0,96.1,5.5,15.5,314.0,996.7,996.7,2.7,5.3
2024-05-17 12:25:00+02:00,18.8,18.8,19.3,13.4,71.0,24.0,87.0,73.9,0.0,0.0,0.0,3.9,0.0,3.9,40.0,96.1,2.8,7.9,57.0,996.6,996.6,2.7,5.3
2024-05-17 12:30:00+02:00,18.5,18.5,18.4,13.3,72.0,24.1,87.0,42.6,0.0,0.0,0.0,3.9,0.0,3.9,40.0,96.1,5.9,12.6,336.0,996.7,996.7,2.7,5.3
2024-05-17 12:35:00+02:00,18.3,18.3,18.1,13.4,73.0,24.1,87.0,26.6,0.0,0.0,0.0,3.9,0.0,3.9,40.0,96.1,6.6,14.4,354.0,996.7,996.7,2.7,5.3
2024-05-17 12:40:00+02:00,18.1,18.1,18.0,13.4,74.0,24.2,86.0,32.4,0.0,0.0,0.0,3.9,0.0,3.9,40.0,96.1,6.0,13.0,346.0,996.7,996.7,2.7,5.3
2024-05-17 12:45:00+02:00,18.0,18.0,18.5,13.5,75.0,24.2,86.0,35.5,0.0,0.0,0.0,3.9,0.0,3.9,40.0,96.1,2.9,13.0,328.0,996.8,996.8,2.7,5.3
2024-05-17 12:50:00+02:00,18.0,18.0,18.5,13.6,75.0,24.2,86.0,79.2,0.0,0.0,0.0,3.9,0.0,3.9,40.0,96.1,3.5,9.4,323.0,996.8,996.8,2.7,5.3
2024-05-17 12:55:00+02:00,18.1,18.1,18.2,13.6,75.0,24.2,86.0,140.9,1.0,0.0,0.0,3.9,0.0,3.9,40.0,96.1,5.2,9.0,345.0,996.8,996.8,2.7,5.2
2024-05-17 13:00:00+02:00,18.3,18.3,19.0,13.6,74.0,24.2,86.0,185.8,1.0,0.0,0.0,3.9,0.0,3.9,40.0,96.1,2.2,10.4,346.0,996.7,996.7,2.7,5.2
2024-05-17 13:05:00+02:00,18.6,18.6,19.5,13.8,74.0,24.2,86.0,439.9,4.0,0.0,0.0,3.9,0.0,3.9,40.0,96.1,2.0,10.4,15.0,996.7,996.7,2.7,5.2
2024-05-17 13:10:00+02:00,19.5,19.5,20.1,13.9,70.0,24.2,86.0,412.9,3.0,0.0,0.0,3.9,0.0,3.9,40.0,96.1,3.1,6.8,315.0,996.8,996.8,2.7,5.2
2024-05-17 13:15:00+02:00,19.7,19.7,19.8,13.9,69.0,24.3,86.0,311.6,2.0,0.0,0.0,3.9,0.0,3.9,40.0,96.1,5.9,17.3,322.0,996.8,996.8,2.7,5.2
2024-05-17 13:20:00+02:00,19.4,19.4,19.2,13.6,69.0,24.3,86.0,124.5,1.0,0.0,0.0,3.9,0.0,3.9,40.0,96.1,7.0,17.3,2.0,996.7,996.7,2.7,5.2
2024-05-17 13:25:00+02:00,19.2,19.2,19.1,13.1,68.0,24.3,86.0,186.4,1.0,0.0,0.0,3.9,0.0,3.9,40.0,96.1,5.5,10.8,16.0,996.7,996.7,2.7,5.2
2024-05-17 13:30:00+02:00,19.5,19.5,19.8,13.6,69.0,24.3,86.0,385.4,3.0,0.0,0.0,3.9,0.0,3.9,40.0,96.1,3.8,15.1,25.0,996.7,996.7,2.7,5.2
2024-05-17 13:35:00+02:00,19.8,19.8,19.8,13.7,68.0,24.4,86.0,342.5,3.0,0.0,0.0,3.9,0.0,3.9,40.0,96.1,5.5,15.1,338.0,996.7,996.7,2.7,5.3
2024-05-17 13:40:00+02:00,20.1,20.1,20.4,13.4,65.0,24.5,86.0,315.8,2.0,0.0,0.0,3.9,0.0,3.9,40.0,96.1,3.8,10.1,306.0,996.9,996.9,2.7,5.3
2024-05-17 13:45:00+02:00,20.5,20.5,21.0,13.5,64.0,24.5,86.0,178.1,1.0,0.0,0.0,3.9,0.0,3.9,40.0,96.1,3.0,5.8,73.0,996.8,996.8,2.7,5.3
2024-05-17 13:50:00+02:00,20.4,20.4,20.8,13.0,62.0,24.6,86.0,134.7,1.0,0.0,0.0,3.9,0.0,3.9,40.0,96.1,2.6,8.6,69.0,996.8,996.8,2.7,5.3
2024-05-17 13:55:00+02:00,20.0,20.0,20.4,12.7,63.0,24.6,86.0,205.4,1.0,0.0,0.0,3.9,0.0,3.9,40.0,96.1,2.2,9.4,40.0,996.9,996.9,2.7,5.3
2024-05-17 14:00:00+02:00,19.9,19.9,19.1,13.1,65.0,24.6,86.0,195.8,1.0,0.0,0.0,3.9,0.0,3.9,40.0,96.1,9.0,9.4,256.0,996.9,996.9,2.7,5.3
2024-05-17 14:05:00+02:00,19.7,19.7,20.0,12.6,64.0,24.7,86.0,93.4,0.0,0.0,0.0,3.9,0.0,3.9,40.0,96.1,2.5,6.1,86.0,996.9,996.9,2.7,5.3
2024-05-17 14:10:00+02:00,19.7,19.7,19.9,12.2,62.0,24.7,86.0,93.0,0.0,0.0,0.0,3.9,0.0,3.9,40.0,96.1,2.4,6.1,70.0,996.9,996.9,2.7,5.3
2024-05-17 14:15:00+02:00,19.6,19.6,19.4,12.2,63.0,24.7,86.0,107.7,1.0,0.0,0.0,3.9,0.0,3.9,40.0,96.1,4.6,7.9,40.0,996.9,996.9,2.7,5.3
2024-05-17 14:20:00+02:00,19.5,19.5,19.1,12.2,63.0,24.7,86.0,75.2,0.0,0.0,0.0,3.9,0.0,3.9,40.0,96.1,5.4,11.5,25.0,996.9,996.9,2.7,5.3
2024-05-17 14:25:00+02:00,19.4,19.4,19.6,12.3,64.0,24.8,86.0,66.5,0.0,0.0,0.0,3.9,0.0,3.9,40.0,96.1,2.5,11.2,297.0,996.9,996.9,2.7,5.2
2024-05-17 14:30:00+02:00,19.3,19.3,19.1,12.5,65.0,24.8,86.0,100.6,0.0,0.0,0.0,3.9,0.0,3.9,40.0,96.1,4.7,8.3,319.0,996.9,996.9,2.7,5.2
2024-05-17 14:35:00+02:00,19.2,19.2,19.0,12.6,65.0,24.8,86.0,145.9,1.0,0.0,0.0,3.9,0.0,3.9,40.0,96.1,5.3,13.3,358.0,996.9,996.9,2.7,5.2
2024-05-17 14:40:00+02:00,19.3,19.3,19.4,12.8,66.0,24.7,86.0,160.5,1.0,0.0,0.0,3.9,0.0,3.9,40.0,96.1,4.0,13.3,311.0,996.9,996.9,2.7,5.2
2024-05-17 14:45:00+02:00,19.3,19.3,19.2,12.9,66.0,24.7,86.0,171.7,1.0,0.0,0.0,3.9,0.0,3.9,40.0,96.1,5.3,10.1,275.0,996.8,996.8,2.7,5.2
2024-05-17 14:50:00+02:00,19.4,19.4,19.1,12.7,65.0,24.7,86.0,167.2,1.0,0.0,0.0,3.9,0.0,3.9,40.0,96.1,5.6,13.7,346.0,996.9,996.9,2.7,5.2
2024-05-17 14:55:00+02:00,19.6,19.6,19.7,12.9,65.0,24.7,86.0,194.2,1.0,0.0,0.0,3.9,0.0,3.9,40.0,96.1,4.4,9.4,332.0,996.8,996.8,2.7,5.2
2024-05-17 15:00:00+02:00,19.9,19.9,20.5,12.8,64.0,24.7,86.0,206.4,1.0,0.0,0.0,3.9,0.0,3.9,40.0,96.1,1.5,9.4,42.0,996.7,996.7,2.7,5.2
2024-05-17 15:05:00+02:00,20.3,20.3,20.7,13.1,63.0,24.8,86.0,237.5,2.0,0.0,0.0,3.9,0.0,3.9,40.0,96.1,3.0,5.0,278.0,996.7,996.7,2.7,5.2
2024-05-17 15:10:00+02:00,20.3,20.3,20.1,12.7,62.0,24.8,86.0,209.2,1.0,0.0,0.0,3.9,0.0,3.9,40.0,96.1,5.3,13.0,343.0,996.8,996.8,2.7,5.2
2024-05-17 15:15:00+02:00,20.4,20.4,20.4,12.8,62.0,24.8,86.0,173.2,1.0,0.0,0.0,3.9,0.0,3.9,40.0,96.1,4.5,11.2,350.0,996.7,996.7,2.7,5.3
2024-05-17 15:20:00+02:00,20.3,20.3,20.1,12.7,62.0,24.8,86.0,137.2,1.0,0.0,0.0,3.9,0.0,3.9,40.0,96.1,5.2,10.4,335.0,996.8,996.8,2.7,5.3
2024-05-17 15:25:00+02:00,20.3,20.3,19.9,12.7,62.0,24.9,86.0,132.7,1.0,0.0,0.0,3.9,0.0,3.9,40.0,96.1,6.1,13.0,283.0,996.9,996.9,2.7,5.3
2024-05-17 15:30:00+02:00,20.1,20.1,20.2,12.9,63.0,24.9,86.0,133.6,1.0,0.0,0.0,3.9,0.0,3.9,40.0,96.1,3.6,14.4,344.0,996.7,996.7,2.7,5.3
2024-05-17 15:35:00+02:00,20.0,20.0,20.1,12.6,62.0,24.9,86.0,129.0,1.0,0.0,0.0,3.9,0.0,3.9,40.0,96.1,4.0,12.2,345.0,996.8,996.8,2.7,5.3
2024-05-17 15:40:00+02:00,20.0,20.0,20.2,12.6,62.0,24.9,86.0,116.0,1.0,0.0,0.0,3.9,0.0,3.9,40.0,96.1,3.5,6.8,334.0,996.7,996.7,2.7,5.3
2024-05-17 15:45:00+02:00,20.1,20.1,20.3,12.8,63.0,25.0,86.0,114.8,1.0,0.0,0.0,3.9,0.0,3.9,40.0,96.1,3.1,9.7,12.0,996.7,996.7,2.7,5.2
2024-05-17 15:50:00+02:00,20.0,20.0,19.7,12.8,63.0,25.0,86.0,116.4,1.0,0.0,0.0,3.9,0.0,3.9,40.0,96.1,5.9,10.1,336.0,996.7,996.7,2.7,5.2
2024-05-17 15:55:00+02:00,20.0,20.0,19.9,13.0,64.0,25.0,86.0,155.2,1.0,0.0,0.0,3.9,0.0,3.9,40.0,96.1,5.6,10.1,305.0,996.7,996.7,2.7,5.2
2024-05-17 16:00:00+02:00,20.0,20.0,20.1,13.0,64.0,25.0,86.0,172.6,1.0,0.0,0.0,3.9,0.0,3.9,40.0,96.1,4.3,13.7,323.0,996.7,996.7,2.7,5.2
2024-05-17 16:05:00+02:00,20.0,20.0,19.8,13.0,64.0,25.0,86.0,179.3,1.0,0.0,0.0,3.9,0.0,3.9,40.0,96.1,5.9,14.8,330.0,996.6,996.6,2.7,5.2
2024-05-17 16:10:00+02:00,20.1,20.1,20.2,13.3,65.0,25.0,86.0,162.1,1.0,0.0,0.0,3.9,0.0,3.9,40.0,96.1,4.5,9.0,292.0,996.7,996.7,2.7,5.2
2024-05-17 16:15:00+02:00,20.3,20.3,20.5,13.4,64.0,25.1,86.0,209.2,1.0,0.0,0.0,3.9,0.0,3.9,40.0,96.1,4.2,8.6,291.0,996.6,996.6,2.7,5.2
2024-05-17 16:20:00+02:00,20.5,20.5,20.4,13.2,63.0,25.1,86.0,214.8,1.0,0.0,0.0,3.9,0.0,3.9,40.0,96.1,5.5,15.1,337.0,996.7,996.7,2.7,5.2
2024-05-17 16:25:00+02:00,20.8,20.8,21.1,13.1,62.0,25.1,86.0,182.5,1.0,0.0,0.0,3.9,0.0,3.9,40.0,96.1,3.7,10.4,331.0,996.7,996.7,2.7,5.2
2024-05-17 16:30:00+02:00,20.8,20.8,20.8,12.3,58.0,25.1,86.0,181.4,1.0,0.0,0.0,3.9,0.0,3.9,40.0,96.1,3.4,15.5,30.0,996.7,996.7,2.7,5.2
2024-05-17 16:35:00+02:00,20.9,20.9,20.9,12.2,57.0,25.2,86.0,206.2,1.0,0.0,0.0,3.9,0.0,3.9,40.0,96.1,3.5,9.4,17.0,996.8,996.8,2.7,5.3
2024-05-17 16:40:00+02:00,20.9,20.9,20.7,12.2,57.0,25.2,86.0,169.5,1.0,0.0,0.0,3.9,0.0,3.9,40.0,96.1,4.3,9.0,32.0,996.6,996.6,2.7,5.3
2024-05-17 16:45:00+02:00,20.8,20.8,20.7,12.2,58.0,25.2,87.0,132.8,1.0,0.0,0.0,3.9,0.0,3.9,40.0,96.1,4.2,15.5,20.0,996.7,996.7,2.7,5.3
2024-05-17 16:50:00+02:00,20.7,20.7,20.9,12.2,58.0,25.2,87.0,134.2,1.0,0.0,0.0,3.9,0.0,3.9,40.0,96.1,2.2,15.5,49.0,996.7,996.7,2.7,5.3
2024-05-17 16:55:00+02:00,20.6,20.6,20.7,12.2,59.0,25.3,87.0,121.5,1.0,0.0,0.0,3.9,0.0,3.9,40.0,96.1,3.2,16.6,358.0,996.8,996.8,2.7,5.3
2024-05-17 17:00:00+02:00,20.7,20.7,20.8,12.3,59.0,25.3,86.0,116.8,1.0,0.0,0.0,3.9,0.0,3.9,40.0,96.1,3.1,9.7,299.0,996.8,996.8,2.7,5.3
2024-05-17 17:05:00+02:00,20.6,20.6,20.6,12.3,59.0,25.3,87.0,115.5,1.0,0.0,0.0,3.9,0.0,3.9,40.0,96.1,3.6,10.1,40.0,996.8,996.8,2.7,5.3
2024-05-17 17:10:00+02:00,20.6,20.6,21.1,12.5,60.0,25.3,86.0,86.3,0.0,0.0,0.0,3.9,0.0,3.9,40.0,96.1,1.4,9.0,5.0,996.8,996.8,2.7,5.3
2024-05-17 17:15:00+02:00,20.5,20.5,20.4,12.2,59.0,25.3,86.0,104.2,0.0,0.0,0.0,3.9,0.0,3.9,40.0,96.1,4.1,9.0,5.0,996.8,996.8,2.7,5.2
2024-05-17 17:20:00+02:00,20.5,20.5,20.8,12.3,59.0,25.3,86.0,119.7,1.0,0.0,0.0,3.9,0.0,3.9,40.0,96.1,2.1,9.7,356.0,996.8,996.8,2.7,5.2
2024-05-17 17:25:00+02:00,20.7,20.7,20.8,12.2,58.0,25.3,86.0,126.4,1.0,0.0,0.0,3.9,0.0,3.9,40.0,96.1,2.4,10.4,8.0,996.8,996.8,2.7,5.2
2024-05-17 17:30:00+02:00,20.7,20.7,21.1,12.2,58.0,25.3,86.0,147.1,1.0,0.0,0.0,3.9,0.0,3.9,40.0,96.1,1.8,6.5,341.0,996.8,996.8,2.7,5.2
2024-05-17 17:35:00+02:00,20.9,20.9,20.8,12.0,57.0,25.3,86.0,163.1,1.0,0.0,0.0,3.9,0.0,3.9,40.0,96.1,3.5,11.5,346.0,996.9,996.9,2.7,5.2
2024-05-17 17:40:00+02:00,20.8,20.8,21.0,12.1,58.0,25.4,86.0,162.0,1.0,0.0,0.0,3.9,0.0,3.9,40.0,96.1,2.5,9.4,90.0,996.9,996.9,2.7,5.2
2024-05-17 17:45:00+02:00,20.8,20.8,20.7,12.1,58.0,25.4,86.0,149.8,1.0,0.0,0.0,3.9,0.0,3.9,40.0,96.1,3.9,7.2,31.0,996.9,996.9,2.7,5.2
2024-05-17 17:50:00+02:00,20.9,20.9,20.5,12.0,57.0,25.4,86.0,114.7,1.0,0.0,0.0,3.9,0.0,3.9,40.0,96.1,5.1,11.9,359.0,996.9,996.9,2.7,5.2
2024-05-17 17:55:00+02:00,20.8,20.8,21.1,12.0,57.0,25.4,86.0,95.3,0.0,0.0,0.0,3.9,0.0,3.9,40.0,96.1,1.6,7.9,18.0,996.9,996.9,2.7,5.2
2024-05-17 18:00:00+02:00,20.8,20.8,20.6,12.2,58.0,25.4,86.0,78.5,0.0,0.0,0.0,0.0,0.0,3.9,40.0,96.1,4.4,11.5,341.0,996.9,996.9,2.7,5.2
2024-05-17 18:05:00+02:00,20.6,20.6,20.6,12.2,59.0,25.4,86.0,50.6,0.0,0.0,0.0,0.0,0.0,3.9,40.0,96.1,3.4,8.6,350.0,996.9,996.9,2.7,5.2
2024-05-17 18:10:00+02:00,20.5,20.5,20.4,12.1,59.0,25.4,86.0,27.8,0.0,0.0,0.0,0.0,0.0,3.9,40.0,96.1,3.6,7.6,343.0,996.9,996.9,2.7,5.2
2024-05-17 18:15:00+02:00,20.3,20.3,20.3,12.1,59.0,25.5,86.0,25.9,0.0,0.0,0.0,0.0,0.0,3.9,40.0,96.1,3.6,9.0,24.0,996.9,996.9,2.7,5.2
2024-05-17 18:20:00+02:00,20.3,20.3,19.9,11.9,59.0,25.5,86.0,27.9,0.0,0.0,0.0,0.0,0.0,3.9,40.0,96.1,4.8,8.6,337.0,997.0,997.0,2.7,5.2
2024-05-17 18:25:00+02:00,20.2,20.2,20.1,11.8,58.0,25.4,86.0,35.9,0.0,0.0,0.0,0.0,0.0,3.9,40.0,96.1,3.5,11.9,26.0,996.9,996.9,2.7,5.2
2024-05-17 18:30:00+02:00,20.2,20.2,20.0,11.7,58.0,25.4,86.0,59.2,0.0,0.0,0.0,0.0,0.0,3.9,40.0,96.1,3.6,10.4,357.0,996.9,996.9,2.7,5.2
2024-05-17 18:35:00+02:00,20.2,20.2,20.3,11.8,58.0,25.4,86.0,90.8,0.0,0.0,0.0,0.0,0.0,3.9,40.0,96.1,2.5,5.4,359.0,996.9,996.9,2.7,5.2
2024-05-17 18:40:00+02:00,20.3,20.3,20.2,11.8,58.0,25.4,86.0,102.3,0.0,0.0,0.0,0.0,0.0,3.9,40.0,96.1,3.1,5.8,346.0,997.0,997.0,2.7,5.2
2024-05-17 18:45:00+02:00,20.4,20.4,20.1,11.7,58.0,25.3,86.0,96.7,0.0,0.0,0.0,0.0,0.0,3.9,40.0,96.1,4.2,7.6,19.0,997.0,997.0,2.7,5.2
2024-05-17 18:50:00+02:00,20.4,20.4,20.6,11.8,58.0,25.3,86.0,92.4,0.0,0.0,0.0,0.0,0.0,3.9,40.0,96.1,1.9,6.8,3.0,997.1,997.1,2.7,5.2
2024-05-17 18:55:00+02:00,20.4,20.4,20.3,11.8,58.0,25.3,86.0,71.7,0.0,0.0,0.0,0.0,0.0,3.9,40.0,96.1,3.5,8.6,356.0,997.0,997.0,2.7,5.2
2024-05-17 19:00:00+02:00,20.3,20.3,20.6,12.3,60.0,25.3,86.0,42.0,0.0,0.0,0.0,0.0,0.0,3.9,40.0,96.1,2.4,8.6,39.0,997.0,997.0,2.7,5.2
2024-05-17 19:05:00+02:00,20.2,20.2,20.7,12.3,60.0,25.3,86.0,37.3,0.0,0.0,0.0,0.0,0.0,3.9,40.0,96.1,1.2,5.0,357.0,997.1,997.1,2.7,5.2
2024-05-17 19:10:00+02:00,20.1,20.1,20.3,12.1,60.0,25.3,86.0,37.5,0.0,0.0,0.0,0.0,0.0,3.9,40.0,96.1,2.6,5.0,320.0,997.1,997.1,2.7,5.2
2024-05-17 19:15:00+02:00,20.0,20.0,20.5,12.5,62.0,25.3,86.0,43.1,0.0,0.0,0.0,0.0,0.0,3.9,40.0,96.1,1.9,5.0,327.0,997.1,997.1,2.7,5.2
2024-05-17 19:20:00+02:00,19.7,19.7,20.0,12.5,63.0,25.3,86.0,50.0,0.0,0.0,0.0,0.0,0.0,3.9,40.0,96.1,2.6,4.7,296.0,997.2,997.2,2.7,5.2
2024-05-17 19:25:00+02:00,19.7,19.7,20.2,12.8,64.0,25.2,86.0,49.3,0.0,0.0,0.0,0.0,0.0,3.9,40.0,96.1,2.0,3.2,284.0,997.1,997.1,2.7,5.2
2024-05-17 19:30:00+02:00,19.5,19.5,19.9,12.9,65.0,25.2,85.0,35.2,0.0,0.0,0.0,0.0,0.0,3.9,40.0,96.1,2.2,3.6,270.0,997.1,997.1,2.7,5.2
2024-05-17 19:35:00+02:00,19.4,19.4,20.0,12.8,66.0,25.2,85.0,51.0,0.0,0.0,0.0,0.0,0.0,3.9,40.0,96.1,1.2,2.9,286.0,997.2,997.2,2.7,5.2
2024-05-17 19:40:00+02:00,19.3,19.3,20.0,12.7,66.0,25.2,85.0,52.8,0.0,0.0,0.0,0.0,0.0,3.9,40.0,96.1,1.3,3.2,279.0,997.2,997.2,2.7,5.2
2024-05-17 19:45:00+02:00,19.3,19.3,19.6,12.5,65.0,25.1,85.0,50.0,0.0,0.0,0.0,0.0,0.0,3.9,40.0,96.1,2.3,4.0,285.0,997.3,997.3,2.7,5.2
2024-05-17 19:50:00+02:00,19.4,19.4,20.1,12.8,66.0,25.1,85.0,42.8,0.0,0.0,0.0,0.0,0.0,3.9,40.0,96.1,0.6,3.6,287.0,997.2,997.2,2.7,5.2
2024-05-17 19:55:00+02:00,19.2,19.2,19.9,13.2,69.0,25.1,85.0,40.5,0.0,0.0,0.0,0.0,0.0,3.9,40.0,96.1,1.5,3.6,267.0,997.2,997.2,2.7,5.2
2024-05-17 20:00:00+02:00,19.0,19.0,19.7,12.6,66.0,25.0,85.0,37.6,0.0,0.0,0.0,0.0,0.0,3.9,40.0,96.1,0.6,3.2,315.0,997.3,997.3,2.7,5.2
2024-05-17 20:05:00+02:00,19.0,19.0,19.7,12.7,67.0,25.0,85.0,34.1,0.0,0.0,0.0,0.0,0.0,3.9,40.0,96.1,0.7,2.2,272.0,997.3,997.3,2.7,5.2
2024-05-17 20:10:00+02:00,18.9,18.9,19.8,13.3,70.0,24.9,85.0,32.4,0.0,0.0,0.0,0.0,0.0,3.9,40.0,96.1,0.9,2.9,284.0,997.3,997.3,2.7,5.2
2024-05-17 20:15:00+02:00,18.7,18.7,19.6,13.3,71.0,24.9,85.0,32.1,0.0,0.0,0.0,0.0,0.0,3.9,40.0,96.1,0.4,2.2,316.0,997.4,997.4,2.7,5.2
2024-05-17 20:20:00+02:00,18.6,18.6,19.5,13.0,70.0,24.9,85.0,29.7,0.0,0.0,0.0,0.0,0.0,3.9,40.0,96.1,0.0,2.9,289.0,997.4,997.4,2.7,5.2
2024-05-17 20:25:00+02:00,18.4,18.4,19.4,13.2,71.0,24.8,85.0,26.8,0.0,0.0,0.0,0.0,0.0,3.9,40.0,96.1,0.0,1.8,333.0,997.4,997.4,2.7,5.2
2024-05-17 20:30:00+02:00,18.2,18.2,19.3,13.7,75.0,24.8,85.0,23.1,0.0,0.0,0.0,0.0,0.0,3.9,40.0,96.1,0.0,1.8,103.0,997.4,997.4,2.7,5.2
2024-05-17 20:35:00+02:00,17.9,17.9,19.0,13.4,75.0,24.7,85.0,19.3,0.0,0.0,0.0,0.0,0.0,3.9,40.0,96.1,0.0,0.0,317.0,997.6,997.6,2.7,5.2
2024-05-17 20:40:00+02:00,17.6,17.6,18.7,13.6,77.0,24.7,85.0,16.2,0.0,0.0,0.0,0.0,0.0,3.9,40.0,96.1,0.0,2.2,112.0,997.5,997.5,2.7,5.2
2024-05-17 20:45:00+02:00,17.2,17.2,18.0,13.5,79.0,24.6,85.0,12.9,0.0,0.0,0.0,0.0,0.0,3.9,40.0,96.1,1.6,3.2,116.0,997.6,997.6,2.7,5.2
2024-05-17 20:50:00+02:00,17.0,17.0,17.9,13.2,79.0,24.6,84.0,9.4,0.0,0.0,0.0,0.0,0.0,3.9,40.0,96.1,0.4,2.5,134.0,997.7,997.7,2.7,5.2
2024-05-17 20:55:00+02:00,16.8,16.8,17.4,13.4,80.0,24.5,84.0,7.2,0.0,0.0,0.0,0.0,0.0,3.9,40.0,96.1,2.0,2.9,121.0,997.7,997.7,2.7,5.2
2024-05-17 21:00:00+02:00,16.5,16.5,17.1,13.2,81.0,24.4,84.0,5.5,0.0,0.0,0.0,0.0,0.0,3.9,40.0,96.1,2.0,2.9,128.0,997.7,997.7,2.7,5.2
2024-05-17 21:05:00+02:00,16.4,16.4,17.1,13.2,81.0,24.4,84.0,3.7,0.0,0.0,0.0,0.0,0.0,3.9,40.0,96.1,1.6,2.9,124.0,997.8,997.8,2.7,5.2
2024-05-17 21:10:00+02:00,16.3,16.3,17.2,13.2,82.0,24.3,84.0,2.6,0.0,0.0,0.0,0.0,0.0,3.9,40.0,96.1,0.5,2.5,121.0,997.8,997.8,2.7,5.2
2024-05-17 21:15:00+02:00,16.2,16.2,17.1,13.2,82.0,24.3,84.0,1.9,0.0,0.0,0.0,0.0,0.0,3.9,40.0,96.1,0.4,2.5,115.0,997.8,997.8,2.7,5.2
2024-05-17 21:20:00+02:00,16.2,16.2,16.9,13.3,83.0,24.2,84.0,1.3,0.0,0.0,0.0,0.0,0.0,3.9,40.0,96.1,1.3,3.2,116.0,997.8,997.8,2.7,5.2
2024-05-17 21:25:00+02:00,16.0,16.0,16.7,13.1,83.0,24.1,84.0,0.9,0.0,0.0,0.0,0.0,0.0,3.9,40.0,96.1,1.7,2.9,114.0,997.9,997.9,2.7,5.2
2024-05-17 21:30:00+02:00,16.0,16.0,16.8,13.1,83.0,24.0,84.0,0.5,0.0,0.0,0.0,0.0,0.0,3.9,40.0,96.1,0.7,2.5,128.0,997.9,997.9,2.7,5.2
2024-05-17 21:35:00+02:00,16.0,16.0,16.7,13.1,83.0,23.9,84.0,0.2,0.0,0.0,0.0,0.0,0.0,3.9,40.0,96.1,1.2,2.5,125.0,998.0,998.0,2.7,5.2
2024-05-17 21:40:00+02:00,16.0,16.0,16.9,13.1,83.0,23.8,84.0,0.1,0.0,0.0,0.0,0.0,0.0,3.9,40.0,96.1,0.0,2.5,122.0,998.0,998.0,2.7,5.2
2024-05-17 21:45:00+02:00,16.0,16.0,17.0,13.2,84.0,23.8,84.0,0.1,0.0,0.0,0.0,0.0,0.0,3.9,40.0,96.1,0.0,2.2,106.0,998.0,998.0,2.7,5.2
2024-05-17 21:50:00+02:00,15.9,15.9,16.8,13.2,84.0,23.7,84.0,0.0,0.0,0.0,0.0,0.0,0.0,3.9,40.0,96.1,0.7,2.2,109.0,998.0,998.0,2.7,5.2
2024-05-17 21:55:00+02:00,15.8,15.8,16.8,13.2,84.0,23.6,84.0,0.0,0.0,0.0,0.0,0.0,0.0,3.9,40.0,96.1,0.0,2.5,119.0,998.0,998.0,2.7,5.1
2024-05-17 22:00:00+02:00,15.8,15.8,16.6,13.2,85.0,23.6,84.0,0.0,0.0,0.0,0.0,0.0,0.0,3.9,40.0,96.1,0.9,3.2,124.0,998.0,998.0,2.7,5.1
2024-05-17 22:05:00+02:00,15.7,15.7,16.6,13.0,84.0,23.5,84.0,0.0,0.0,0.0,0.0,0.0,0.0,3.9,40.0,96.1,0.0,2.2,126.0,998.0,998.0,2.7,5.1
2024-05-17 22:10:00+02:00,15.8,15.8,16.5,13.2,85.0,23.4,84.0,0.0,0.0,0.0,0.0,0.0,0.0,3.9,40.0,96.1,1.8,3.6,102.0,998.1,998.1,2.7,5.1
2024-05-17 22:15:00+02:00,15.7,15.7,16.4,13.1,85.0,23.3,84.0,0.0,0.0,0.0,0.0,0.0,0.0,3.9,40.0,96.1,1.2,3.2,116.0,998.1,998.1,2.7,5.1
2024-05-17 22:20:00+02:00,15.6,15.6,16.5,13.0,84.0,23.3,84.0,0.0,0.0,0.0,0.0,0.0,0.0,3.9,40.0,96.1,0.0,2.2,46.0,998.2,998.2,2.7,5.1
2024-05-17 22:25:00+02:00,15.6,15.6,16.5,13.0,85.0,23.2,84.0,0.0,0.0,0.0,0.0,0.0,0.0,3.9,40.0,96.1,0.0,1.8,74.0,998.1,998.1,2.7,5.1
2024-05-17 22:30:00+02:00,15.7,15.7,16.3,12.5,81.0,23.2,84.0,0.0,0.0,0.0,0.0,0.0,0.0,3.9,40.0,96.1,0.9,2.9,318.0,998.1,998.1,2.7,5.1
2024-05-17 22:35:00+02:00,16.2,16.2,17.0,12.7,80.0,23.1,84.0,0.0,0.0,0.0,0.0,0.0,0.0,3.9,40.0,96.1,0.0,3.2,15.0,998.1,998.1,2.7,5.1
2024-05-17 22:40:00+02:00,15.9,15.9,16.8,12.9,83.0,23.0,84.0,0.0,0.0,0.0,0.0,0.0,0.0,3.9,40.0,96.1,0.0,2.5,116.0,998.0,998.0,2.7,5.1
2024-05-17 22:45:00+02:00,15.7,15.7,16.6,13.0,84.0,23.0,84.0,0.0,0.0,0.0,0.0,0.0,0.0,3.9,40.0,96.1,0.4,2.2,103.0,998.1,998.1,2.7,5.1
2024-05-17 22:50:00+02:00,15.8,15.8,16.3,12.5,81.0,22.9,84.0,0.0,0.0,0.0,0.0,0.0,0.0,3.9,40.0,96.1,1.4,5.4,127.0,998.1,998.1,2.7,5.1
2024-05-17 22:55:00+02:00,15.7,15.7,16.1,12.5,81.0,22.8,84.0,0.0,0.0,0.0,0.0,0.0,0.0,3.9,40.0,96.1,1.7,2.9,108.0,998.1,998.1,2.7,5.1
2024-05-17 23:00:00+02:00,15.8,15.8,16.4,12.1,79.0,22.8,84.0,0.0,0.0,0.0,0.0,0.0,0.0,3.9,40.0,96.1,0.0,4.7,36.0,998.0,998.0,2.7,5.1
2024-05-17 23:05:00+02:00,16.0,16.0,16.6,11.9,76.0,22.8,84.0,0.0,0.0,0.0,0.0,0.0,0.0,3.9,40.0,96.1,0.0,2.9,294.0,998.1,998.1,2.7,5.1
2024-05-17 23:10:00+02:00,16.0,16.0,16.5,12.1,78.0,22.7,84.0,0.0,0.0,0.0,0.0,0.0,0.0,3.9,40.0,96.1,0.6,2.5,105.0,998.2,998.2,2.7,5.1
2024-05-17 23:15:00+02:00,15.8,15.8,16.2,12.2,79.0,22.7,84.0,0.0,0.0,0.0,0.0,0.0,0.0,3.9,40.0,96.1,1.4,2.9,115.0,998.1,998.1,2.7,5.0
2024-05-17 23:20:00+02:00,15.7,15.7,15.9,12.2,79.0,22.6,84.0,0.0,0.0,0.0,0.0,0.0,0.0,3.9,40.0,96.1,2.4,2.9,111.0,998.1,998.1,2.7,5.0
2024-05-17 23:25:00+02:00,15.7,15.7,16.0,11.8,78.0,22.5,84.0,0.0,0.0,0.0,0.0,0.0,0.0,3.9,40.0,96.1,1.2,2.5,112.0,998.2,998.2,2.7,5.0
2024-05-17 23:30:00+02:00,15.6,15.6,16.1,11.6,77.0,22.5,84.0,0.0,0.0,0.0,0.0,0.0,0.0,3.9,40.0,96.1,0.0,1.8,65.0,998.2,998.2,2.7,5.0
2024-05-17 23:35:00+02:00,15.8,15.8,16.0,11.4,75.0,22.4,84.0,0.0,0.0,0.0,0.0,0.0,0.0,3.9,40.0,96.1,1.2,2.9,289.0,998.3,998.3,2.7,5.0
2024-05-17 23:40:00+02:00,15.9,15.9,16.0,11.1,73.0,22.3,84.0,0.0,0.0,0.0,0.0,0.0,0.0,3.9,40.0,96.1,1.1,3.2,308.0,998.0,998.0,2.7,5.0
2024-05-17 23:45:00+02:00,16.0,16.0,16.4,11.3,74.0,22.3,84.0,0.0,0.0,0.0,0.0,0.0,0.0,3.9,40.0,96.1,0.0,1.8,21.0,998.2,998.2,2.7,5.0
2024-05-17 23:50:00+02:00,15.7,15.7,16.2,11.8,78.0,22.3,84.0,0.0,0.0,0.0,0.0,0.0,0.0,3.9,40.0,96.1,0.4,2.2,113.0,998.1,998.1,2.7,5.0
2024-05-17 23:55:00+02:00,15.4,15.4,15.5,12.1,81.0,22.2,84.0,0.0,0.0,0.0,0.0,0.0,0.0,3.9,40.0,96.1,3.0,4.3,117.0,998.1,998.1,2.7,5.0
2024-05-18 00:00:00+02:00,15.3,15.3,15.5,11.9,80.0,22.1,84.0,0.0,0.0,0.0,0.0,0.0,0.0,3.9,40.0,96.1,2.0,4.3,120.0,998.1,998.1,2.7,5.0
2024-05-18 00:05:00+02:00,15.3,15.3,15.8,11.7,79.0,22.1,84.0,0.0,0.0,0.0,0.0,0.0,0.0,3.9,40.0,96.1,0.0,2.9,128.0,998.2,998.2,2.7,5.0
2024-05-18 00:10:00+02:00,15.5,15.5,15.9,11.3,76.0,22.0,84.0,0.0,0.0,0.0,0.0,0.0,0.0,3.9,40.0,96.1,0.0,3.2,347.0,998.2,998.2,2.7,5.0
2024-05-18 00:15:00+02:00,15.7,15.7,15.7,11.7,77.0,22.0,84.0,0.0,0.0,0.0,0.0,0.0,0.0,3.9,40.0,96.1,2.3,3.6,114.0,998.2,998.2,2.7,5.0
2024-05-18 00:20:00+02:00,15.4,15.4,15.5,11.7,79.0,22.0,84.0,0.0,0.0,0.0,0.0,0.0,0.0,3.9,40.0,96.1,2.2,4.0,121.0,998.3,998.3,2.7,5.0
2024-05-18 00:25:00+02:00,15.3,15.3,15.4,11.5,78.0,21.9,84.0,0.0,0.0,0.0,0.0,0.0,0.0,3.9,40.0,96.1,1.9,3.6,119.0,998.2,998.2,2.7,5.0
2024-05-18 00:30:00+02:00,15.2,15.2,15.6,11.4,78.0,21.9,84.0,0.0,0.0,0.0,0.0,0.0,0.0,3.9,40.0,96.1,0.0,2.2,114.0,998.2,998.2,2.7,5.0
2024-05-18 00:35:00+02:00,15.2,15.2,15.7,11.8,80.0,21.8,84.0,0.0,0.0,0.0,0.0,0.0,0.0,3.9,40.0,96.1,0.0,1.8,63.0,998.3,998.3,2.7,5.0
2024-05-18 00:40:00+02:00,15.1,15.1,15.5,11.4,79.0,21.8,84.0,0.0,0.0,0.0,0.0,0.0,0.0,3.9,40.0,96.1,0.0,1.8,133.0,998.3,998.3,2.7,5.0
2024-05-18 00:45:00+02:00,15.0,15.0,15.1,11.6,80.0,21.7,84.0,0.0,0.0,0.0,0.0,0.0,0.0,3.9,40.0,96.1,2.0,3.6,112.0,998.3,998.3,2.7,5.0
2024-05-18 00:50:00+02:00,15.0,15.0,15.1,11.4,79.0,21.7,84.0,0.0,0.0,0.0,0.0,0.0,0.0,3.9,40.0,96.1,1.9,3.6,113.0,998.3,998.3,2.7,5.0
2024-05-18 00:55:00+02:00,14.9,14.9,14.7,11.7,81.0,21.7,84.0,0.0,0.0,0.0,0.0,0.0,0.0,3.9,40.0,96.1,3.8,5.0,123.0,998.2,998.2,2.7,5.0
2024-05-18 01:00:00+02:00,14.7,14.7,14.7,11.5,81.0,21.5,84.0,0.0,0.0,0.0,0.0,0.0,0.0,3.9,40.0,96.1,2.4,4.3,127.0,998.2,998.2,2.7,5.0
2024-05-18 01:05:00+02:00,14.7,14.7,14.7,11.1,79.0,21.5,84.0,0.0,0.0,0.0,0.0,0.0,0.0,3.9,40.0,96.1,1.3,2.9,267.0,998.2,998.2,2.7,4.9
2024-05-18 01:10:00+02:00,14.7,14.7,14.6,11.1,79.0,21.5,84.0,0.0,0.0,0.0,0.0,0.0,0.0,3.9,40.0,96.1,2.3,3.2,287.0,998.3,998.3,2.7,4.9
2024-05-18 01:15:00+02:00,14.7,14.7,14.8,10.8,77.0,21.4,84.0,0.0,0.0,0.0,0.0,0.0,0.0,3.9,40.0,96.1,1.0,3.2,320.0,998.5,998.5,2.7,4.9
2024-05-18 01:20:00+02:00,14.9,14.9,15.1,10.8,76.0,21.4,84.0,0.0,0.0,0.0,0.0,0.0,0.0,3.9,40.0,96.1,0.4,2.2,138.0,998.4,998.4,2.7,4.9
2024-05-18 01:25:00+02:00,14.7,14.7,14.8,10.6,76.0,21.3,84.0,0.0,0.0,0.0,0.0,0.0,0.0,3.9,40.0,96.1,0.4,2.5,129.0,998.3,998.3,2.7,4.9
2024-05-18 01:30:00+02:00,14.7,14.7,14.9,10.7,77.0,21.3,84.0,0.0,0.0,0.0,0.0,0.0,0.0,3.9,40.0,96.1,0.4,2.2,247.0,998.2,998.2,2.7,4.9
2024-05-18 01:35:00+02:00,14.7,14.7,15.0,11.0,78.0,21.3,84.0,0.0,0.0,0.0,0.0,0.0,0.0,3.9,40.0,96.1,0.0,2.2,300.0,998.3,998.3,2.7,4.9
2024-05-18 01:40:00+02:00,14.7,14.7,15.0,10.8,77.0,21.2,84.0,0.0,0.0,0.0,0.0,0.0,0.0,3.9,40.0,96.1,0.0,1.8,333.0,998.3,998.3,2.7,4.9
2024-05-18 01:45:00+02:00,14.9,14.9,15.2,10.8,76.0,21.2,84.0,0.0,0.0,0.0,0.0,0.0,0.0,3.9,40.0,96.1,0.0,2.2,330.0,998.4,998.4,2.7,4.9
2024-05-18 01:50:00+02:00,14.9,14.9,15.2,10.8,76.0,21.2,84.0,0.0,0.0,0.0,0.0,0.0,0.0,3.9,40.0,96.1,0.0,1.8,68.0,998.3,998.3,2.7,4.9
2024-05-18 01:55:00+02:00,14.7,14.7,14.6,11.2,80.0,21.1,84.0,0.0,0.0,0.0,0.0,0.0,0.0,3.9,40.0,96.1,2.3,3.2,116.0,998.3,998.3,2.7,4.9
2024-05-18 02:00:00+02:00,14.4,14.4,14.4,11.5,83.0,21.1,84.0,0.0,0.0,0.0,0.0,0.0,0.0,3.9,40.0,96.1,2.2,3.6,110.0,998.3,998.3,2.7,4.9
2024-05-18 02:05:00+02:00,14.2,14.2,14.4,11.2,82.0,21.0,84.0,0.0,0.0,0.0,0.0,0.0,0.0,3.9,40.0,96.1,1.3,3.6,103.0,998.3,998.3,2.7,4.9
2024-05-18 02:10:00+02:00,14.2,14.2,14.5,11.2,82.0,21.0,84.0,0.0,0.0,0.0,0.0,0.0,0.0,3.9,40.0,96.1,0.4,2.2,112.0,998.2,998.2,2.7,4.9
2024-05-18 02:15:00+02:00,14.2,14.2,14.5,11.1,81.0,20.9,84.0,0.0,0.0,0.0,0.0,0.0,0.0,3.9,40.0,96.1,0.0,0.0,306.0,998.4,998.4,2.7,4.9
2024-05-18 02:20:00+02:00,14.2,14.2,14.4,10.8,80.0,20.9,84.0,0.0,0.0,0.0,0.0,0.0,0.0,3.9,40.0,96.1,0.0,0.0,321.0,998.3,998.3,2.7,4.9
2024-05-18 02:25:00+02:00,14.0,14.0,14.2,10.6,80.0,20.9,84.0,0.0,0.0,0.0,0.0,0.0,0.0,3.9,40.0,96.1,0.4,2.5,115.0,998.2,998.2,2.7,4.9
2024-05-18 02:30:00+02:00,13.9,13.9,14.1,11.1,83.0,20.8,84.0,0.0,0.0,0.0,0.0,0.0,0.0,3.9,40.0,96.1,0.7,2.5,116.0,998.3,998.3,2.7,4.9
2024-05-18 02:35:00+02:00,13.7,13.7,13.9,11.1,84.0,20.8,84.0,0.0,0.0,0.0,0.0,0.0,0.0,3.9,40.0,96.1,0.8,2.9,110.0,998.3,998.3,2.7,4.9
2024-05-18 02:40:00+02:00,13.5,13.5,13.3,10.9,84.0,20.7,84.0,0.0,0.0,0.0,0.0,0.0,0.0,3.9,40.0,96.1,2.4,3.6,117.0,998.4,998.4,2.7,4.9
2024-05-18 02:45:00+02:00,13.3,13.3,13.4,10.8,84.0,20.7,84.0,0.0,0.0,0.0,0.0,0.0,0.0,3.9,40.0,96.1,1.2,3.2,122.0,998.5,998.5,2.7,4.9
2024-05-18 02:50:00+02:00,13.2,13.2,13.4,10.7,85.0,20.6,84.0,0.0,0.0,0.0,0.0,0.0,0.0,3.9,40.0,96.1,0.0,2.2,118.0,998.5,998.5,2.7,4.9
2024-05-18 02:55:00+02:00,13.0,13.0,13.1,10.6,85.0,20.6,84.0,0.0,0.0,0.0,0.0,0.0,0.0,3.9,40.0,96.1,0.4,2.2,117.0,998.6,998.6,2.7,4.8
2024-05-18 03:00:00+02:00,12.9,12.9,12.7,10.7,87.0,20.5,84.0,0.0,0.0,0.0,0.0,0.0,0.0,3.9,40.0,96.1,2.2,3.6,122.0,998.5,998.5,2.7,4.8
2024-05-18 03:05:00+02:00,12.8,12.8,13.0,10.6,86.0,20.5,84.0,0.0,0.0,0.0,0.0,0.0,0.0,3.9,40.0,96.1,0.4,2.5,132.0,998.6,998.6,2.7,4.8
2024-05-18 03:10:00+02:00,12.8,12.8,12.9,10.2,84.0,20.4,84.0,0.0,0.0,0.0,0.0,0.0,0.0,3.9,40.0,96.1,0.0,0.0,304.0,998.5,998.5,2.7,4.8
2024-05-18 03:15:00+02:00,12.8,12.8,12.8,10.0,83.0,20.4,84.0,0.0,0.0,0.0,0.0,0.0,0.0,3.9,40.0,96.1,0.4,1.8,123.0,998.6,998.6,2.7,4.8
2024-05-18 03:20:00+02:00,12.6,12.6,12.6,10.0,84.0,20.3,84.0,0.0,0.0,0.0,0.0,0.0,0.0,3.9,40.0,96.1,0.0,2.2,125.0,998.6,998.6,2.7,4.8
2024-05-18 03:25:00+02:00,12.5,12.5,12.6,10.1,85.0,20.3,84.0,0.0,0.0,0.0,0.0,0.0,0.0,3.9,40.0,96.1,0.0,1.8,125.0,998.6,998.6,2.7,4.8
2024-05-18 03:30:00+02:00,12.7,12.7,12.7,10.0,84.0,20.2,84.0,0.0,0.0,0.0,0.0,0.0,0.0,3.9,40.0,96.1,0.0,1.8,141.0,998.7,998.7,2.7,4.8
2024-05-18 03:35:00+02:00,12.7,12.7,12.6,9.9,83.0,20.2,84.0,0.0,0.0,0.0,0.0,0.0,0.0,3.9,40.0,96.1,0.6,4.7,23.0,998.7,998.7,2.7,4.8
2024-05-18 03:40:00+02:00,13.1,13.1,12.9,9.9,81.0,20.2,84.0,0.0,0.0,0.0,0.0,0.0,0.0,3.9,40.0,96.1,0.9,4.7,92.0,998.7,998.7,2.7,4.8
2024-05-18 03:45:00+02:00,13.4,13.4,13.1,9.9,79.0,20.1,84.0,0.0,0.0,0.0,0.0,0.0,0.0,3.9,40.0,96.1,1.7,6.1,67.0,998.8,998.8,2.7,4.8
2024-05-18 03:50:00+02:00,13.8,13.8,13.4,10.0,78.0,20.0,84.0,0.0,0.0,0.0,0.0,0.0,0.0,3.9,40.0,96.1,1.9,6.1,81.0,998.8,998.8,2.7,4.8
2024-05-18 03:55:00+02:00,13.8,13.8,13.5,10.1,78.0,20.0,84.0,0.0,0.0,0.0,0.0,0.0,0.0,3.9,40.0,96.1,2.1,4.3,120.0,998.9,998.9,2.7,4.8
2024-05-18 04:00:00+02:00,13.8,13.8,13.3,10.2,79.0,20.0,84.0,0.0,0.0,0.0,0.0,0.0,0.0,3.9,40.0,96.1,3.0,7.6,103.0,998.9,998.9,2.7,4.8
2024-05-18 04:05:00+02:00,14.0,14.0,13.7,10.2,78.0,19.9,84.0,0.0,0.0,0.0,0.0,0.0,0.0,3.9,40.0,96.1,1.9,5.4,75.0,998.8,998.8,2.7,4.8
2024-05-18 04:10:00+02:00,14.0,14.0,13.7,10.3,78.0,19.9,84.0,0.0,0.0,0.0,0.0,0.0,0.0,3.9,40.0,96.1,2.1,5.4,12.0,998.8,998.8,2.7,4.8
2024-05-18 04:15:00+02:00,14.3,14.3,13.7,10.3,77.0,19.8,84.0,0.0,0.0,0.0,0.0,0.0,0.0,3.9,40.0,96.1,3.3,6.5,31.0,998.8,998.8,2.7,4.8
2024-05-18 04:20:00+02:00,14.3,14.3,14.0,10.3,77.0,19.8,84.0,0.0,0.0,0.0,0.0,0.0,0.0,3.9,40.0,96.1,2.2,5.8,26.0,998.9,998.9,2.7,4.8
2024-05-18 04:25:00+02:00,14.3,14.3,14.1,10.3,77.0,19.8,84.0,0.0,0.0,0.0,0.0,0.0,0.0,3.9,40.0,96.1,1.4,5.4,75.0,999.0,999.0,2.7,4.8
2024-05-18 04:30:00+02:00,14.2,14.2,13.8,10.3,77.0,19.8,84.0,0.0,0.0,0.0,0.0,0.0,0.0,3.9,40.0,96.1,2.8,4.0,79.0,999.0,999.0,2.7,4.8
2024-05-18 04:35:00+02:00,14.2,14.2,14.1,10.4,78.0,19.7,84.0,0.0,0.0,0.0,0.0,0.0,0.0,3.9,40.0,96.1,1.4,6.1,107.0,998.9,998.9,2.7,4.8
2024-05-18 04:40:00+02:00,14.0,14.0,13.7,10.4,79.0,19.7,84.0,0.0,0.0,0.0,0.0,0.0,0.0,3.9,40.0,96.1,2.5,5.0,84.0,998.8,998.8,2.7,4.8
2024-05-18 04:45:00+02:00,14.0,14.0,14.0,10.4,79.0,19.7,84.0,0.0,0.0,0.0,0.0,0.0,0.0,3.9,40.0,96.1,0.9,4.0,105.0,998.8,998.8,2.7,4.7
2024-05-18 04:50:00+02:00,14.0,14.0,13.9,10.4,79.0,19.6,84.0,0.0,0.0,0.0,0.0,0.0,0.0,3.9,40.0,96.1,1.4,5.4,81.0,999.0,999.0,2.7,4.7
2024-05-18 04:55:00+02:00,14.1,14.1,13.8,10.4,79.0,19.6,84.0,0.0,0.0,0.0,0.0,0.0,0.0,3.9,40.0,96.1,1.9,6.8,68.0,998.9,998.9,2.7,4.7
2024-05-18 05:00:00+02:00,14.1,14.1,13.8,10.4,79.0,19.6,84.0,0.0,0.0,0.0,0.0,0.0,0.0,3.9,40.0,96.1,2.2,6.1,72.0,999.0,999.0,2.7,4.7
2024-05-18 05:05:00+02:00,14.0,14.0,13.5,10.5,79.0,19.5,84.0,0.1,0.0,0.0,0.0,0.0,0.0,3.9,40.0,96.1,3.5,6.5,66.0,999.0,999.0,2.7,4.7
2024-05-18 05:10:00+02:00,13.9,13.9,13.7,10.4,79.0,19.5,84.0,0.2,0.0,0.0,0.0,0.0,0.0,3.9,40.0,96.1,1.9,4.7,106.0,999.0,999.0,2.7,4.7
2024-05-18 05:15:00+02:00,13.8,13.8,13.8,10.4,80.0,19.5,84.0,0.4,0.0,0.0,0.0,0.0,0.0,3.9,40.0,96.1,1.1,4.3,108.0,999.1,999.1,2.7,4.7
2024-05-18 05:20:00+02:00,13.7,13.7,13.7,10.4,81.0,19.4,84.0,0.7,0.0,0.0,0.0,0.0,0.0,3.9,40.0,96.1,0.9,2.9,136.0,999.2,999.2,2.7,4.7
2024-05-18 05:25:00+02:00,13.5,13.5,13.3,10.4,82.0,19.4,84.0,1.2,0.0,0.0,0.0,0.0,0.0,3.9,40.0,96.1,1.7,2.5,124.0,999.2,999.2,2.7,4.7
2024-05-18 05:30:00+02:00,13.3,13.3,13.4,10.4,82.0,19.4,84.0,1.8,0.0,0.0,0.0,0.0,0.0,3.9,40.0,96.1,0.4,2.5,120.0,999.2,999.2,2.7,4.7
2024-05-18 05:35:00+02:00,13.1,13.1,13.2,10.7,85.0,19.4,84.0,2.7,0.0,0.0,0.0,0.0,0.0,3.9,40.0,96.1,0.5,2.5,301.0,999.4,999.4,2.7,4.7
2024-05-18 05:40:00+02:00,13.1,13.1,13.0,10.4,84.0,19.3,84.0,3.7,0.0,0.0,0.0,0.0,0.0,3.9,40.0,96.1,1.2,3.2,311.0,999.4,999.4,2.7,4.7
2024-05-18 05:45:00+02:00,13.3,13.3,13.5,10.4,83.0,19.3,84.0,4.8,0.0,0.0,0.0,0.0,0.0,3.9,40.0,96.1,0.0,2.2,41.0,999.5,999.5,2.7,4.7
2024-05-18 05:50:00+02:00,13.2,13.2,13.0,10.6,84.0,19.3,84.0,6.2,0.0,0.0,0.0,0.0,0.0,3.9,40.0,96.1,1.7,2.9,128.0,999.4,999.4,2.7,4.7
2024-05-18 05:55:00+02:00,13.1,13.1,13.3,10.7,85.0,19.2,84.0,7.9,0.0,0.0,0.0,0.0,0.0,3.9,40.0,96.1,0.0,2.5,136.0,999.5,999.5,2.7,4.7
2024-05-18 06:00:00+02:00,12.9,12.9,13.2,10.7,86.0,19.2,84.0,9.4,0.0,0.0,0.0,0.0,0.0,3.9,40.0,96.1,0.0,1.8,147.0,999.6,999.6,2.7,4.7
2024-05-18 06:05:00+02:00,12.9,12.9,13.1,10.6,85.0,19.2,84.0,11.1,0.0,0.0,0.0,0.0,0.0,3.9,40.0,96.1,0.0,1.8,47.0,999.6,999.6,2.7,4.7
2024-05-18 06:10:00+02:00,13.0,13.0,13.2,10.6,85.0,19.2,84.0,12.9,0.0,0.0,0.0,0.0,0.0,3.9,40.0,96.1,0.0,1.8,98.0,999.7,999.7,2.7,4.7
2024-05-18 06:15:00+02:00,12.9,12.9,13.1,10.5,86.0,19.2,84.0,15.2,0.0,0.0,0.0,0.0,0.0,3.9,40.0,96.1,0.0,2.2,85.0,999.7,999.7,2.7,4.7
2024-05-18 06:20:00+02:00,13.0,13.0,13.0,10.7,86.0,19.2,84.0,17.2,0.0,0.0,0.0,0.0,0.0,3.9,40.0,96.1,1.2,2.9,120.0,999.8,999.8,2.7,4.7
2024-05-18 06:25:00+02:00,13.0,13.0,12.9,10.9,87.0,19.1,84.0,18.9,0.0,0.0,0.0,0.0,0.0,3.9,40.0,96.1,1.9,2.9,123.0,999.8,999.8,2.7,4.7
2024-05-18 06:30:00+02:00,13.0,13.0,13.3,10.9,87.0,19.1,84.0,21.0,0.0,0.0,0.0,0.0,0.0,3.9,40.0,96.1,0.0,2.2,160.0,999.8,999.8,2.7,4.7
2024-05-18 06:35:00+02:00,13.1,13.1,13.3,10.9,87.0,19.1,84.0,23.3,0.0,0.0,0.0,0.0,0.0,3.9,40.0,96.1,0.4,2.2,301.0,999.8,999.8,2.7,4.7
2024-05-18 06:40:00+02:00,13.2,13.2,13.6,11.0,86.0,19.1,84.0,25.1,0.0,0.0,0.0,0.0,0.0,3.9,40.0,96.1,0.0,2.9,321.0,999.9,999.9,2.7,4.7
2024-05-18 06:45:00+02:00,13.2,13.2,13.5,10.8,85.0,19.0,84.0,27.6,0.0,0.0,0.0,0.0,0.0,3.9,40.0,96.1,0.0,2.2,281.0,1000.0,1000.0,2.7,4.7
2024-05-18 06:50:00+02:00,13.4,13.4,13.6,10.9,85.0,19.1,85.0,32.1,0.0,0.0,0.0,0.0,0.0,3.9,40.0,96.1,0.4,2.5,262.0,999.9,999.9,2.7,4.7
2024-05-18 06:55:00+02:00,13.5,13.5,13.7,10.9,84.0,19.0,85.0,37.4,0.0,0.0,0.0,0.0,0.0,3.9,40.0,96.1,0.4,2.2,267.0,1000.0,1000.0,2.7,4.7
2024-05-18 07:00:00+02:00,13.7,13.7,13.8,10.9,83.0,19.0,85.0,43.4,0.0,0.0,0.0,0.0,0.0,3.9,40.0,96.1,1.1,3.2,5.0,1000.0,1000.0,2.7,4.7
2024-05-18 07:05:00+02:00,13.8,13.8,14.0,10.9,83.0,19.0,85.0,49.1,0.0,0.0,0.0,0.0,0.0,3.9,40.0,96.1,0.4,2.9,100.0,1000.0,1000.0,2.7,4.7
2024-05-18 07:10:00+02:00,13.8,13.8,14.2,11.2,84.0,19.0,85.0,54.6,0.0,0.0,0.0,0.0,0.0,3.9,40.0,96.1,0.4,2.9,253.0,1000.0,1000.0,2.7,4.7
2024-05-18 07:15:00+02:00,14.0,14.0,14.3,11.1,83.0,19.1,85.0,60.6,0.0,0.0,0.0,0.0,0.0,3.9,40.0,96.1,0.0,5.8,47.0,1000.0,1000.0,2.7,4.7
2024-05-18 07:20:00+02:00,14.2,14.2,14.0,11.1,82.0,19.1,85.0,68.2,0.0,0.0,0.0,0.0,0.0,3.9,40.0,96.1,2.7,5.8,43.0,1000.1,1000.1,2.7,4.7
2024-05-18 07:25:00+02:00,14.3,14.3,14.7,11.2,82.0,19.1,85.0,78.3,0.0,0.0,0.0,0.0,0.0,3.9,40.0,96.1,0.0,4.7,290.0,1000.1,1000.1,2.7,4.7
2024-05-18 07:30:00+02:00,14.4,14.4,14.3,11.1,81.0,19.1,85.0,82.4,0.0,0.0,0.0,0.0,0.0,3.9,40.0,96.1,2.5,5.0,33.0,1000.1,1000.1,2.7,4.7
2024-05-18 07:35:00+02:00,14.7,14.7,15.0,11.3,80.0,19.1,85.0,87.8,0.0,0.0,0.0,0.0,0.0,3.9,40.0,96.1,0.4,2.5,141.0,1000.1,1000.1,2.7,4.8
2024-05-18 07:40:00+02:00,14.9,14.9,15.1,11.2,79.0,19.2,85.0,91.6,0.0,0.0,0.0,0.0,0.0,3.9,40.0,96.1,1.0,5.0,21.0,1000.1,1000.1,2.7,4.8
2024-05-18 07:45:00+02:00,15.0,15.0,14.7,11.2,78.0,19.2,85.0,101.4,0.0,0.0,0.0,0.0,0.0,3.9,40.0,96.1,3.5,6.1,359.0,1000.1,1000.1,2.7,4.8
2024-05-18 07:50:00+02:00,15.0,15.0,14.8,11.2,78.0,19.3,86.0,104.2,0.0,0.0,0.0,0.0,0.0,3.9,40.0,96.1,2.9,8.6,345.0,1000.1,1000.1,2.7,4.8
2024-05-18 07:55:00+02:00,15.1,15.1,15.0,11.3,78.0,19.3,86.0,112.3,1.0,0.0,0.0,0.0,0.0,3.9,40.0,96.1,2.7,6.8,4.0,1000.0,1000.0,2.7,4.8
2024-05-18 08:00:00+02:00,15.3,15.3,15.0,11.2,77.0,19.4,86.0,113.1,1.0,0.0,0.0,0.0,0.0,3.9,40.0,96.1,3.4,6.8,353.0,1000.1,1000.1,2.7,4.8
2024-05-18 08:05:00+02:00,15.7,15.7,15.7,11.3,75.0,19.5,86.0,109.5,1.0,0.0,0.0,0.0,0.0,3.9,40.0,96.1,2.1,6.1,30.0,1000.2,1000.2,2.7,4.9
2024-05-18 08:10:00+02:00,15.8,15.8,15.8,11.4,75.0,19.6,86.0,94.2,0.0,0.0,0.0,0.0,0.0,3.9,40.0,96.1,2.2,6.1,56.0,1000.1,1000.1,2.7,4.9
2024-05-18 08:15:00+02:00,15.9,15.9,16.0,11.5,75.0,19.7,86.0,83.6,0.0,0.0,0.0,0.0,0.0,3.9,40.0,96.1,2.0,7.2,352.0,1000.1,1000.1,2.7,4.9
2024-05-18 08:20:00+02:00,16.0,16.0,16.2,11.6,75.0,19.7,86.0,208.3,1.0,0.0,0.0,0.0,0.0,3.9,40.0,96.1,1.5,5.0,71.0,1000.2,1000.2,2.7,4.9
2024-05-18 08:25:00+02:00,16.4,16.4,16.4,11.7,74.0,19.8,86.0,224.9,2.0,0.0,0.0,0.0,0.0,3.9,40.0,96.1,2.5,4.7,40.0,1000.3,1000.3,2.7,4.9
2024-05-18 08:30:00+02:00,16.8,16.8,16.7,11.9,73.0,19.9,86.0,217.8,2.0,0.0,0.0,0.0,0.0,3.9,40.0,96.1,3.9,5.0,12.0,1000.1,1000.1,2.7,4.9
2024-05-18 08:35:00+02:00,17.3,17.3,17.3,12.0,71.0,19.9,86.0,223.6,2.0,0.0,0.0,0.0,0.0,3.9,40.0,96.1,3.4,9.7,27.0,1000.1,1000.1,2.7,5.0
2024-05-18 08:40:00+02:00,17.5,17.5,17.7,12.0,70.0,20.0,86.0,230.1,2.0,0.0,0.0,0.0,0.0,3.9,40.0,96.1,2.4,9.7,340.0,1000.1,1000.1,2.7,5.0
2024-05-18 08:45:00+02:00,17.5,17.5,17.3,12.1,70.0,20.2,86.0,239.3,2.0,0.0,0.0,0.0,0.0,3.9,40.0,96.1,4.2,7.9,354.0,1000.2,1000.2,2.7,5.1
2024-05-18 08:50:00+02:00,17.6,17.6,17.3,11.7,69.0,20.3,86.0,248.5,2.0,0.0,0.0,0.0,0.0,3.9,40.0,96.1,4.0,8.3,7.0,1000.2,1000.2,2.7,5.1
2024-05-18 08:55:00+02:00,17.8,17.8,17.9,12.1,69.0,20.5,87.0,256.4,2.0,0.0,0.0,0.0,0.0,3.9,40.0,96.1,3.2,6.5,328.0,1000.2,1000.2,2.7,5.2
2024-05-18 09:00:00+02:00,17.9,17.9,17.6,11.9,68.0,20.7,87.0,267.7,2.0,0.0,0.0,0.0,0.0,3.9,40.0,96.1,4.6,13.0,301.0,1000.2,1000.2,2.7,5.2
2024-05-18 09:05:00+02:00,18.0,18.0,17.7,12.1,68.0,21.0,86.0,273.8,2.0,0.0,0.0,0.0,0.0,3.9,40.0,96.1,5.0,13.7,308.0,1000.1,1000.1,2.7,5.2
2024-05-18 09:10:00+02:00,18.2,18.2,17.9,12.1,67.0,21.2,86.0,281.4,2.0,0.0,0.0,0.0,0.0,3.9,40.0,96.1,5.3,11.2,289.0,1000.1,1000.1,2.7,5.2
2024-05-18 09:15:00+02:00,18.3,18.3,17.9,12.0,66.0,21.4,86.0,290.6,2.0,0.0,0.0,0.0,0.0,3.9,40.0,96.1,5.4,10.8,311.0,1000.0,1000.0,2.7,5.2
2024-05-18 09:20:00+02:00,18.7,18.7,18.5,12.0,65.0,21.6,86.0,300.9,2.0,0.0,0.0,0.0,0.0,3.9,40.0,96.1,4.4,9.0,10.0,1000.1,1000.1,2.7,5.2
2024-05-18 09:25:00+02:00,18.8,18.8,18.7,11.8,64.0,21.9,86.0,309.8,2.0,0.0,0.0,0.0,0.0,3.9,40.0,96.1,3.1,7.6,33.0,1000.2,1000.2,2.7,5.2
2024-05-18 09:30:00+02:00,18.7,18.7,17.9,11.6,63.0,22.1,86.0,317.4,2.0,0.0,0.0,0.0,0.0,3.9,40.0,96.1,6.8,15.1,330.0,1000.1,1000.1,2.7,5.2
2024-05-18 09:35:00+02:00,18.4,18.4,17.4,11.5,64.0,22.3,86.0,321.6,2.0,0.0,0.0,0.0,0.0,3.9,40.0,96.1,7.7,13.7,346.0,1000.2,1000.2,2.7,5.3
2024-05-18 09:40:00+02:00,18.2,18.2,17.6,11.5,65.0,22.6,85.0,335.1,3.0,0.0,0.0,0.0,0.0,3.9,40.0,96.1,5.7,13.0,4.0,1000.2,1000.2,2.7,5.3
2024-05-18 09:45:00+02:00,18.7,18.7,17.9,11.9,64.0,22.9,85.0,343.2,3.0,0.0,0.0,0.0,0.0,3.9,40.0,96.1,6.9,18.0,290.0,1000.2,1000.2,2.7,5.3
2024-05-18 09:50:00+02:00,18.9,18.9,18.6,12.0,64.0,23.2,85.0,347.9,3.0,0.0,0.0,0.0,0.0,3.9,40.0,96.1,4.7,13.3,286.0,1000.2,1000.2,2.7,5.3
2024-05-18 09:55:00+02:00,19.3,19.3,19.1,11.8,62.0,23.5,85.0,360.0,3.0,0.0,0.0,0.0,0.0,3.9,40.0,96.1,4.2,12.6,357.0,1000.2,1000.2,2.7,5.3
2024-05-18 10:00:00+02:00,18.9,18.9,17.9,11.8,63.0,23.7,85.0,364.5,3.0,0.0,0.0,0.0,0.0,3.9,40.0,96.1,8.0,12.6,18.0,1000.3,1000.3,2.7,5.3
2024-05-18 10:05:00+02:00,19.0,19.0,18.8,11.9,64.0,24.0,85.0,376.6,3.0,0.0,0.0,0.0,0.0,3.9,40.0,96.1,4.2,10.8,318.0,1000.3,1000.3,2.7,5.3
2024-05-18 10:10:00+02:00,19.0,19.0,18.4,12.0,64.0,24.3,84.0,380.4,3.0,0.0,0.0,0.0,0.0,3.9,40.0,96.1,6.0,13.0,347.0,1000.3,1000.3,2.7,5.3
2024-05-18 10:15:00+02:00,19.1,19.1,18.5,11.7,62.0,24.5,84.0,390.1,3.0,0.0,0.0,0.0,0.0,3.9,40.0,96.1,6.1,14.4,314.0,1000.3,1000.3,2.7,5.3
2024-05-18 10:20:00+02:00,19.3,19.3,18.8,11.5,61.0,24.7,84.0,403.8,3.0,0.0,0.0,0.0,0.0,3.9,40.0,96.1,5.2,18.4,295.0,1000.2,1000.2,2.7,5.3
2024-05-18 10:25:00+02:00,19.4,19.4,18.5,11.6,61.0,24.9,83.0,415.2,3.0,0.0,0.0,0.0,0.0,3.9,40.0,96.1,7.3,15.1,17.0,1000.3,1000.3,2.7,5.3
2024-05-18 10:30:00+02:00,19.4,19.4,18.6,11.4,60.0,25.2,83.0,421.4,3.0,0.0,0.0,0.0,0.0,3.9,40.0,96.1,6.0,15.1,275.0,1000.2,1000.2,2.7,5.3
2024-05-18 10:35:00+02:00,19.7,19.7,19.0,11.5,59.0,25.4,83.0,431.9,4.0,0.0,0.0,0.0,0.0,3.9,40.0,96.1,6.0,11.9,270.0,1000.2,1000.2,2.7,5.3
2024-05-18 10:40:00+02:00,20.0,20.0,18.6,11.5,58.0,25.6,82.0,441.1,4.0,0.0,0.0,0.0,0.0,3.9,40.0,96.1,9.3,15.1,273.0,1000.3,1000.3,2.7,5.3
2024-05-18 10:45:00+02:00,19.8,19.8,19.1,11.8,60.0,25.9,82.0,454.6,4.0,0.0,0.0,0.0,0.0,3.9,40.0,96.1,6.6,12.6,323.0,1000.4,1000.4,2.7,5.3
2024-05-18 10:50:00+02:00,20.1,20.1,19.8,11.8,59.0,26.2,82.0,460.2,4.0,0.0,0.0,0.0,0.0,3.9,40.0,96.1,4.8,10.1,288.0,1000.2,1000.2,2.7,5.3
2024-05-18 10:55:00+02:00,20.3,20.3,19.0,11.4,56.0,26.3,82.0,479.7,4.0,0.0,0.0,0.0,0.0,3.9,40.0,96.1,8.9,15.1,295.0,1000.2,1000.2,2.7,5.3
2024-05-18 11:00:00+02:00,20.1,20.1,19.2,11.1,56.0,26.6,81.0,481.9,4.0,0.0,0.0,0.0,0.0,3.9,40.0,96.1,6.6,14.4,279.0,1000.2,1000.2,2.7,5.3
2024-05-18 11:05:00+02:00,20.7,20.7,20.0,11.1,54.0,26.8,81.0,492.3,4.0,0.0,0.0,0.0,0.0,3.9,40.0,96.1,5.3,11.2,318.0,1000.2,1000.2,2.7,5.3
2024-05-18 11:10:00+02:00,20.3,20.3,18.8,10.9,55.0,27.0,81.0,497.7,4.0,0.0,0.0,0.0,0.0,3.9,40.0,96.1,9.6,18.7,289.0,1000.2,1000.2,2.7,5.3
2024-05-18 11:15:00+02:00,20.8,20.8,20.1,10.6,52.0,27.3,81.0,517.4,4.0,0.0,0.0,0.0,0.0,3.9,40.0,96.1,4.3,15.1,323.0,1000.2,1000.2,2.7,5.3
2024-05-18 11:20:00+02:00,21.1,21.1,20.6,10.9,52.0,27.5,81.0,542.3,5.0,0.0,0.0,0.0,0.0,3.9,40.0,96.1,4.2,14.8,307.0,1000.1,1000.1,2.7,5.3
2024-05-18 11:25:00+02:00,20.8,20.8,19.7,9.9,50.0,27.7,80.0,545.2,5.0,0.0,0.0,0.0,0.0,3.9,40.0,96.1,5.6,16.9,358.0,1000.2,1000.2,2.7,5.3
2024-05-18 11:30:00+02:00,21.4,21.4,20.5,9.8,48.0,27.9,80.0,583.0,5.0,0.0,0.0,0.0,0.0,3.9,40.0,96.1,4.4,11.5,321.0,1000.1,1000.1,2.7,5.3
2024-05-18 11:35:00+02:00,21.5,21.5,21.2,10.0,48.0,28.1,80.0,627.8,5.0,0.0,0.0,0.0,0.0,3.9,40.0,96.1,2.2,21.2,89.0,1000.2,1000.2,2.7,5.3
2024-05-18 11:40:00+02:00,21.2,21.2,19.7,9.8,48.0,28.3,80.0,531.8,4.0,0.0,0.0,0.0,0.0,3.9,40.0,96.1,7.4,21.2,329.0,1000.2,1000.2,2.7,5.3
2024-05-18 11:45:00+02:00,20.9,20.9,20.0,9.4,48.0,28.5,79.0,269.5,2.0,0.0,0.0,0.0,0.0,3.9,40.0,96.1,4.1,14.8,5.0,1000.1,1000.1,2.7,5.3
2024-05-18 11:50:00+02:00,21.1,21.1,20.0,10.0,49.0,28.7,79.0,761.9,7.0,0.0,0.0,0.0,0.0,3.9,40.0,96.1,6.3,10.1,348.0,1000.0,1000.0,2.7,5.3
2024-05-18 11:55:00+02:00,21.2,21.2,19.8,10.0,49.0,28.8,79.0,337.4,3.0,0.0,0.0,0.0,0.0,3.9,40.0,96.1,7.1,16.6,331.0,1000.1,1000.1,2.7,5.3
2024-05-18 12:00:00+02:00,20.7,20.7,19.6,10.2,51.0,28.9,79.0,240.0,2.0,0.0,0.0,0.0,0.0,3.9,40.0,96.1,6.3,17.6,292.0,1000.1,1000.1,2.7,5.3
2024-05-18 12:05:00+02:00,20.3,20.3,18.9,9.7,51.0,29.0,79.0,369.9,3.0,0.0,0.0,0.0,0.0,3.9,40.0,96.1,7.1,20.5,328.0,1000.1,1000.1,2.7,5.3
2024-05-18 12:10:00+02:00,20.3,20.3,19.1,9.8,51.0,29.1,79.0,691.2,6.0,0.0,0.0,0.0,0.0,3.9,40.0,96.1,5.9,19.8,335.0,1000.1,1000.1,2.7,5.3
2024-05-18 12:15:00+02:00,21.0,21.0,19.8,9.6,48.0,29.2,79.0,688.0,6.0,0.0,0.0,0.0,0.0,3.9,40.0,96.1,5.9,18.0,323.0,999.9,999.9,2.7,5.3
2024-05-18 12:20:00+02:00,21.4,21.4,19.9,9.8,47.0,29.2,79.0,747.0,6.0,0.0,0.0,0.0,0.0,3.9,40.0,96.1,8.1,16.6,291.0,1000.1,1000.1,2.7,5.3
2024-05-18 12:25:00+02:00,21.3,21.3,19.0,9.4,47.0,29.3,78.0,605.5,5.0,0.0,0.0,0.0,0.0,3.9,40.0,96.1,11.4,23.0,290.0,1000.0,1000.0,2.7,5.3
2024-05-18 12:30:00+02:00,21.1,21.1,19.3,9.2,47.0,29.4,79.0,789.9,7.0,0.0,0.0,0.0,0.0,3.9,40.0,96.1,8.3,18.7,316.0,1000.0,1000.0,2.7,5.3
2024-05-18 12:35:00+02:00,21.5,21.5,20.1,9.5,46.0,29.5,79.0,776.0,7.0,0.0,0.0,0.0,0.0,3.9,40.0,96.1,6.9,18.7,306.0,1000.1,1000.1,2.7,5.3
2024-05-18 12:40:00+02:00,21.0,21.0,19.3,9.6,48.0,29.5,79.0,763.7,7.0,0.0,0.0,0.0,0.0,3.9,40.0,96.1,8.3,16.2,330.0,1000.2,1000.2,2.7,5.3
2024-05-18 12:45:00+02:00,21.4,21.4,19.8,9.9,48.0,29.6,79.0,796.7,7.0,0.0,0.0,0.0,0.0,3.9,40.0,96.1,8.3,14.4,312.0,1000.1,1000.1,2.7,5.3
2024-05-18 12:50:00+02:00,22.0,22.0,20.4,10.3,47.0,29.8,78.0,383.0,3.0,0.0,0.0,0.0,0.0,3.9,40.0,96.1,9.1,13.7,281.0,1000.1,1000.1,2.7,5.3
2024-05-18 12:55:00+02:00,21.1,21.1,20.2,10.2,50.0,29.8,79.0,247.6,2.0,0.0,0.0,0.0,0.0,3.9,40.0,96.1,5.4,19.4,287.0,1000.0,1000.0,2.7,5.3
2024-05-18 13:00:00+02:00,20.6,20.6,18.5,9.8,50.0,29.8,79.0,386.3,3.0,0.0,0.0,0.0,0.0,3.9,40.0,96.1,11.1,18.7,308.0,1000.1,1000.1,2.7,5.3
2024-05-18 13:05:00+02:00,20.8,20.8,19.4,9.7,49.0,29.8,79.0,768.8,7.0,0.0,0.0,0.0,0.0,3.9,40.0,96.1,6.6,18.7,351.0,1000.2,1000.2,2.7,5.3
2024-05-18 13:10:00+02:00,20.8,20.8,19.4,9.8,49.0,29.9,79.0,734.2,6.0,0.0,0.0,0.0,0.0,3.9,40.0,96.1,7.2,16.2,322.0,1000.2,1000.2,2.7,5.3
2024-05-18 13:15:00+02:00,21.3,21.3,19.4,9.8,48.0,29.9,79.0,683.0,6.0,0.0,0.0,0.0,0.0,3.9,40.0,96.1,9.6,19.4,354.0,1000.1,1000.1,2.7,5.3
2024-05-18 13:20:00+02:00,22.0,22.0,20.2,10.2,47.0,30.1,78.0,695.9,6.0,0.0,0.0,0.0,0.0,3.9,40.0,96.1,9.9,25.9,18.0,1000.0,1000.0,2.7,5.3
2024-05-18 13:25:00+02:00,22.1,22.1,20.7,10.0,46.0,30.3,78.0,655.6,6.0,0.0,0.0,0.0,0.0,3.9,40.0,96.1,7.5,21.6,274.0,1000.0,1000.0,2.7,5.3
2024-05-18 13:30:00+02:00,22.5,22.5,20.7,10.3,46.0,30.4,78.0,647.3,6.0,0.0,0.0,0.0,0.0,3.9,40.0,96.1,9.8,23.0,334.0,1000.1,1000.1,2.7,5.3
2024-05-18 13:35:00+02:00,22.0,22.0,20.7,9.8,46.0,30.5,79.0,645.1,5.0,0.0,0.0,0.0,0.0,3.9,40.0,96.1,6.2,20.5,34.0,1000.1,1000.1,2.7,5.3
2024-05-18 13:40:00+02:00,22.0,22.0,20.8,9.4,45.0,30.5,79.0,701.8,6.0,0.0,0.0,0.0,0.0,3.9,40.0,96.1,5.8,16.9,309.0,1000.1,1000.1,2.7,5.3
2024-05-18 13:45:00+02:00,22.2,22.2,19.9,10.0,46.0,30.6,79.0,696.4,6.0,0.0,0.0,0.0,0.0,3.9,40.0,96.1,12.2,26.6,340.0,1000.1,1000.1,2.7,5.3
2024-05-18 13:50:00+02:00,21.2,21.2,19.5,9.6,48.0,30.7,79.0,565.4,5.0,0.0,0.0,0.0,0.0,3.9,40.0,96.1,8.9,17.6,266.0,1000.0,1000.0,2.7,5.3
2024-05-18 13:55:00+02:00,21.5,21.5,19.8,9.8,47.0,30.7,79.0,640.3,5.0,0.0,0.0,0.0,0.0,3.9,40.0,96.1,8.4,17.6,350.0,1000.0,1000.0,2.7,5.3
2024-05-18 14:00:00+02:00,21.9,21.9,20.4,9.8,46.0,30.7,79.0,685.6,6.0,0.0,0.0,0.0,0.0,3.9,40.0,96.1,7.8,14.8,25.0,1000.1,1000.1,2.7,5.3
2024-05-18 14:05:00+02:00,21.6,21.6,19.6,10.0,47.0,30.7,79.0,214.8,1.0,0.0,0.0,0.0,0.0,3.9,40.0,96.1,10.4,19.4,347.0,1000.0,1000.0,2.7,5.3
2024-05-18 14:10:00+02:00,21.2,21.2,19.6,9.8,48.0,30.7,79.0,227.6,2.0,0.0,0.0,0.0,0.0,3.9,40.0,96.1,8.1,15.8,333.0,1000.0,1000.0,2.7,5.3
2024-05-18 14:15:00+02:00,21.3,21.3,19.9,10.1,49.0,30.6,79.0,241.2,2.0,0.0,0.0,0.0,0.0,3.9,40.0,96.1,7.6,20.9,312.0,1000.0,1000.0,2.7,5.3
2024-05-18 14:20:00+02:00,21.0,21.0,19.1,9.6,48.0,30.6,79.0,688.0,6.0,0.0,0.0,0.0,0.0,3.9,40.0,96.1,9.7,20.9,349.0,999.9,999.9,2.7,5.3
2024-05-18 14:25:00+02:00,21.1,21.1,19.8,9.7,48.0,30.5,79.0,199.0,1.0,0.0,0.0,0.0,0.0,3.9,40.0,96.1,6.6,17.3,311.0,999.9,999.9,2.7,5.3
2024-05-18 14:30:00+02:00,20.8,20.8,19.3,9.9,50.0,30.4,79.0,269.6,2.0,0.0,0.0,0.0,0.0,3.9,40.0,96.1,7.7,17.3,291.0,1000.1,1000.1,2.7,5.3
2024-05-18 14:35:00+02:00,21.0,21.0,19.6,9.9,49.0,30.4,79.0,490.0,4.0,0.0,0.0,0.0,0.0,3.9,40.0,96.1,7.0,12.2,277.0,1000.0,1000.0,2.7,5.3
2024-05-18 14:40:00+02:00,20.8,20.8,19.0,9.9,50.0,30.3,79.0,199.5,1.0,0.0,0.0,0.0,0.0,3.9,40.0,96.1,9.3,19.1,316.0,1000.0,1000.0,2.7,5.3
2024-05-18 14:45:00+02:00,20.5,20.5,19.0,9.9,51.0,30.3,79.0,296.1,2.0,0.0,0.0,0.0,0.0,3.9,40.0,96.1,7.3,15.5,344.0,1000.1,1000.1,2.7,5.3
2024-05-18 14:50:00+02:00,20.8,20.8,19.8,9.9,50.0,30.2,79.0,748.5,6.0,0.0,0.0,0.0,0.0,3.9,40.0,96.1,4.9,13.3,317.0,1000.0,1000.0,2.7,5.3
2024-05-18 14:55:00+02:00,21.0,21.0,19.9,10.2,50.0,30.2,79.0,191.4,1.0,0.0,0.0,0.0,0.0,3.9,40.0,96.1,6.6,14.4,329.0,1000.0,1000.0,2.7,5.3
2024-05-18 15:00:00+02:00,20.7,20.7,19.7,10.1,51.0,30.2,79.0,672.5,6.0,0.0,0.0,0.0,0.0,3.9,40.0,96.1,5.6,14.4,334.0,1000.0,1000.0,2.7,5.3
2024-05-18 15:05:00+02:00,21.7,21.7,20.9,10.4,49.0,30.2,79.0,686.1,6.0,0.0,0.0,0.0,0.0,3.9,40.0,96.1,4.6,11.2,42.0,999.9,999.9,2.7,5.3
2024-05-18 15:10:00+02:00,22.5,22.5,21.7,10.3,46.0,30.2,80.0,687.5,6.0,0.0,0.0,0.0,0.0,3.9,40.0,96.1,4.4,11.9,36.0,999.9,999.9,2.7,5.3
2024-05-18 15:15:00+02:00,22.3,22.3,21.4,9.8,45.0,30.1,80.0,475.4,4.0,0.0,0.0,0.0,0.0,3.9,40.0,96.1,4.5,13.0,356.0,999.8,999.8,2.7,5.3
2024-05-18 15:20:00+02:00,22.1,22.1,21.3,10.0,46.0,30.2,80.0,629.5,5.0,0.0,0.0,0.0,0.0,3.9,40.0,96.1,4.4,15.8,64.0,999.9,999.9,2.7,5.3
2024-05-18 15:25:00+02:00,22.0,22.0,21.1,10.3,48.0,30.1,80.0,684.5,6.0,0.0,0.0,0.0,0.0,3.9,40.0,96.1,5.4,15.8,10.0,999.9,999.9,2.7,5.3
2024-05-18 15:30:00+02:00,22.5,22.5,21.6,10.5,47.0,30.1,80.0,692.7,6.0,0.0,0.0,0.0,0.0,3.9,40.0,96.1,5.4,14.4,333.0,999.8,999.8,2.7,5.3
2024-05-18 15:35:00+02:00,22.7,22.7,21.6,10.2,45.0,30.2,80.0,694.3,6.0,0.0,0.0,0.0,0.0,3.9,40.0,96.1,6.6,18.0,289.0,999.8,999.8,2.7,5.3
2024-05-18 15:40:00+02:00,22.2,22.2,20.6,9.9,46.0,30.2,80.0,395.8,3.0,0.0,0.0,0.0,0.0,3.9,40.0,96.1,8.3,16.9,345.0,999.7,999.7,2.7,5.3
2024-05-18 15:45:00+02:00,21.3,21.3,19.4,10.3,49.0,30.2,80.0,152.5,1.0,0.0,0.0,0.0,0.0,3.9,40.0,96.1,10.3,21.6,336.0,999.8,999.8,2.7,5.3
2024-05-18 15:50:00+02:00,20.5,20.5,18.3,10.8,54.0,30.2,80.0,73.8,0.0,0.0,0.0,0.0,0.0,3.9,40.0,96.1,12.9,25.6,293.0,999.8,999.8,2.7,5.3
2024-05-18 15:55:00+02:00,19.5,19.5,18.2,10.6,57.0,30.1,80.0,73.7,0.0,0.0,0.0,0.0,0.0,3.9,40.0,96.1,7.4,25.6,298.0,1000.0,1000.0,2.7,5.3
2024-05-18 16:00:00+02:00,19.2,19.2,17.1,10.3,57.0,30.0,80.0,89.2,0.0,0.0,0.0,0.0,0.0,3.9,40.0,96.1,11.3,17.6,283.0,1000.0,1000.0,2.7,5.3
2024-05-18 16:05:00+02:00,18.9,18.9,17.9,10.3,57.0,29.9,80.0,95.5,0.0,0.0,0.0,0.0,0.0,3.9,40.0,96.1,5.8,13.3,310.0,1000.0,1000.0,2.7,5.3
2024-05-18 16:10:00+02:00,18.8,18.8,17.7,10.0,57.0,29.8,80.0,93.2,0.0,0.0,0.0,0.0,0.0,3.9,40.0,96.1,6.3,12.2,291.0,999.9,999.9,2.7,5.3
2024-05-18 16:15:00+02:00,18.9,18.9,17.9,10.1,56.0,29.7,80.0,97.2,0.0,0.0,0.0,0.0,0.0,3.9,40.0,96.1,5.7,15.1,266.0,1000.0,1000.0,2.7,5.3
2024-05-18 16:20:00+02:00,19.0,19.0,18.3,10.5,58.0,29.6,80.0,108.4,1.0,0.0,0.0,0.0,0.0,3.9,40.0,96.1,4.3,7.6,277.0,999.9,999.9,2.7,5.3
2024-05-18 16:25:00+02:00,19.0,19.0,18.3,10.8,59.0,29.5,80.0,110.9,1.0,0.0,0.0,0.0,0.0,3.9,40.0,96.1,4.7,7.6,302.0,999.7,999.7,2.7,5.3
2024-05-18 16:30:00+02:00,19.2,19.2,18.8,11.0,59.0,29.5,80.0,121.0,1.0,0.0,0.0,0.0,0.0,3.9,40.0,96.1,3.7,8.6,281.0,999.7,999.7,2.7,5.3
2024-05-18 16:35:00+02:00,19.3,19.3,19.0,11.1,59.0,29.4,80.0,131.7,1.0,0.0,0.0,0.0,0.0,3.9,40.0,96.1,3.7,6.5,332.0,999.6,999.6,2.7,5.3
2024-05-18 16:40:00+02:00,19.4,19.4,18.9,11.2,59.0,29.3,80.0,144.0,1.0,0.0,0.0,0.0,0.0,3.9,40.0,96.1,4.6,11.2,333.0,999.7,999.7,2.7,5.3
2024-05-18 16:45:00+02:00,19.5,19.5,18.9,11.0,58.0,29.3,80.0,160.6,1.0,0.0,0.0,0.0,0.0,3.9,40.0,96.1,4.7,9.0,299.0,999.6,999.6,2.7,5.3
2024-05-18 16:50:00+02:00,19.6,19.6,19.3,10.9,57.0,29.2,80.0,164.7,1.0,0.0,0.0,0.0,0.0,3.9,40.0,96.1,3.2,9.4,346.0,999.6,999.6,2.7,5.3
2024-05-18 16:55:00+02:00,19.6,19.6,19.0,11.1,58.0,29.1,80.0,176.0,1.0,0.0,0.0,0.0,0.0,3.9,40.0,96.1,5.0,9.4,341.0,999.6,999.6,2.7,5.3
2024-05-18 17:00:00+02:00,19.9,19.9,19.9,11.3,58.0,29.0,80.0,247.0,2.0,0.0,0.0,0.0,0.0,3.9,40.0,96.1,1.7,7.2,233.0,999.7,999.7,2.7,5.3
2024-05-18 17:05:00+02:00,20.5,20.5,20.5,11.6,57.0,29.0,81.0,517.1,4.0,0.0,0.0,0.0,0.0,3.9,40.0,96.1,2.5,9.0,356.0,999.6,999.6,2.7,5.3
2024-05-18 17:10:00+02:00,20.5,20.5,20.0,11.4,56.0,28.9,81.0,207.6,1.0,0.0,0.0,0.0,0.0,3.9,40.0,96.1,4.3,14.8,25.0,999.7,999.7,2.7,5.3
2024-05-18 17:15:00+02:00,20.1,20.1,20.0,11.3,57.0,28.8,81.0,118.9,1.0,0.0,0.0,0.0,0.0,3.9,40.0,96.1,3.0,7.2,100.0,999.7,999.7,2.7,5.3
2024-05-18 17:20:00+02:00,20.3,20.3,20.3,11.6,57.0,28.8,81.0,99.3,0.0,0.0,0.0,0.0,0.0,3.9,40.0,96.1,2.3,5.0,318.0,999.7,999.7,2.7,5.3
2024-05-18 17:25:00+02:00,20.1,20.1,20.0,11.2,57.0,28.7,81.0,104.7,0.0,0.0,0.0,0.0,0.0,3.9,40.0,96.1,2.5,7.6,2.0,999.6,999.6,2.7,5.3
2024-05-18 17:30:00+02:00,20.0,20.0,20.0,11.4,57.0,28.7,81.0,117.8,1.0,0.0,0.0,0.0,0.0,3.9,40.0,96.1,2.1,5.0,22.0,999.6,999.6,2.7,5.3
2024-05-18 17:35:00+02:00,20.2,20.2,20.3,11.5,57.0,28.7,81.0,127.9,1.0,0.0,0.0,0.0,0.0,3.9,40.0,96.1,1.4,5.0,22.0,999.6,999.6,2.7,5.3
2024-05-18 17:40:00+02:00,20.1,20.1,20.2,11.3,57.0,28.6,81.0,135.1,1.0,0.0,0.0,0.0,0.0,3.9,40.0,96.1,1.8,6.5,9.0,999.5,999.5,2.7,5.3
2024-05-18 17:45:00+02:00,20.0,20.0,19.7,11.4,57.0,28.5,81.0,140.8,1.0,0.0,0.0,0.0,0.0,3.9,40.0,96.1,3.8,10.1,36.0,999.3,999.3,2.7,5.3
2024-05-18 17:50:00+02:00,20.2,20.2,20.4,11.5,57.0,28.5,81.0,140.1,1.0,0.0,0.0,0.0,0.0,3.9,40.0,96.1,1.3,5.8,92.0,999.4,999.4,2.7,5.3
2024-05-18 17:55:00+02:00,20.3,20.3,20.1,11.6,57.0,28.4,82.0,136.5,1.0,0.0,0.0,0.0,0.0,3.9,40.0,96.1,3.4,6.8,75.0,999.3,999.3,2.7,5.3
2024-05-18 18:00:00+02:00,20.2,20.2,20.2,11.7,58.0,28.4,82.0,136.7,1.0,0.0,0.0,0.0,0.0,3.9,40.0,96.1,2.7,7.9,59.0,999.4,999.4,2.7,5.3
2024-05-18 18:05:00+02:00,20.1,20.1,19.9,11.5,58.0,28.3,82.0,130.7,1.0,0.0,0.0,0.0,0.0,3.9,40.0,96.1,3.4,6.8,49.0,999.5,999.5,2.7,5.3
2024-05-18 18:10:00+02:00,20.1,20.1,19.8,11.5,58.0,28.3,82.0,111.9,1.0,0.0,0.0,0.0,0.0,3.9,40.0,96.1,3.8,6.8,46.0,999.4,999.4,2.7,5.3
2024-05-18 18:15:00+02:00,19.9,19.9,19.5,11.3,58.0,28.2,82.0,89.2,0.0,0.0,0.0,0.0,0.0,3.9,40.0,96.1,3.9,6.8,30.0,999.2,999.2,2.7,5.2
2024-05-18 18:20:00+02:00,19.8,19.8,19.5,11.4,58.0,28.2,82.0,92.2,0.0,0.0,0.0,0.0,0.0,3.9,40.0,96.1,4.0,8.6,85.0,999.2,999.2,2.7,5.2
2024-05-18 18:25:00+02:00,20.0,20.0,19.7,11.8,59.0,28.1,82.0,107.4,0.0,0.0,0.0,0.0,0.0,3.9,40.0,96.1,4.9,11.5,136.0,999.2,999.2,2.7,5.2
2024-05-18 18:30:00+02:00,19.9,19.9,19.4,11.7,59.0,28.1,82.0,176.2,1.0,0.0,0.0,0.0,0.0,3.9,40.0,96.1,5.5,10.1,127.0,999.3,999.3,2.7,5.2
2024-05-18 18:35:00+02:00,20.1,20.1,19.5,11.8,59.0,28.0,82.0,62.1,0.0,0.0,0.0,0.0,0.0,3.9,40.0,96.1,5.8,13.0,43.0,999.4,999.4,2.7,5.2
2024-05-18 18:40:00+02:00,19.7,19.7,18.4,11.5,59.0,28.0,82.0,22.0,0.0,0.0,0.0,0.0,0.0,3.9,40.0,96.1,9.2,24.1,311.0,999.5,999.5,2.7,5.2
2024-05-18 18:45:00+02:00,18.3,18.3,16.1,10.7,61.0,27.9,81.0,8.4,0.0,0.6,0.1,0.1,0.1,4.0,40.1,96.2,12.6,24.1,305.0,999.9,999.9,2.7,5.2
2024-05-18 18:50:00+02:00,16.4,16.4,15.6,12.1,76.0,27.8,80.0,11.8,0.0,9.6,1.6,1.6,1.6,5.5,41.6,97.7,7.6,23.4,294.0,1000.0,1000.0,2.7,5.2
2024-05-18 18:55:00+02:00,14.7,14.7,14.6,12.2,85.0,27.5,79.0,17.2,0.0,13.2,2.4,2.4,2.4,6.3,42.4,98.5,3.9,14.4,319.0,1000.0,1000.0,2.7,5.2
2024-05-18 19:00:00+02:00,14.5,14.5,15.0,12.5,88.0,27.3,79.0,20.0,0.0,12.0,2.8,2.8,2.8,6.7,42.8,98.9,1.4,6.1,200.0,999.9,999.9,2.7,5.2
2024-05-18 19:05:00+02:00,14.4,14.4,14.8,12.6,89.0,27.1,78.0,21.1,0.0,5.4,3.1,3.1,3.1,7.0,43.1,99.2,2.1,5.8,323.0,999.9,999.9,2.7,5.2
2024-05-18 19:10:00+02:00,14.3,14.3,14.4,12.9,91.0,26.8,78.0,20.8,0.0,3.6,3.2,3.2,3.2,7.1,43.2,99.3,4.1,6.1,121.0,999.8,999.8,2.7,5.2
2024-05-18 19:15:00+02:00,14.3,14.3,14.6,13.1,93.0,26.5,78.0,22.3,0.0,1.2,3.3,3.3,3.3,7.2,43.3,99.4,3.4,5.8,110.0,999.6,999.6,2.7,5.2
2024-05-18 19:20:00+02:00,14.4,14.4,15.0,13.4,94.0,26.3,78.0,23.7,0.0,1.2,3.3,3.3,3.3,7.2,43.3,99.4,2.5,4.3,93.0,999.5,999.5,2.7,5.2
2024-05-18 19:25:00+02:00,14.4,14.4,14.9,13.4,94.0,26.1,78.0,23.8,0.0,0.6,3.4,3.4,3.4,7.3,43.4,99.5,3.0,4.7,116.0,999.6,999.6,2.7,5.1
2024-05-18 19:30:00+02:00,14.6,14.6,15.0,13.6,94.0,25.9,78.0,20.8,0.0,1.2,3.5,3.5,3.5,7.4,43.5,99.6,3.6,4.7,120.0,999.6,999.6,2.7,5.1
2024-05-18 19:35:00+02:00,14.6,14.6,15.2,13.7,94.0,25.8,78.0,23.0,0.0,1.2,3.5,3.5,3.5,7.4,43.5,99.6,3.0,4.7,116.0,999.6,999.6,2.7,5.1
2024-05-18 19:40:00+02:00,14.7,14.7,15.4,13.6,93.0,25.6,78.0,26.4,0.0,0.6,3.6,3.6,3.6,7.5,43.6,99.7,2.3,7.9,110.0,999.5,999.5,2.7,5.1
2024-05-18 19:45:00+02:00,14.9,14.9,15.6,13.8,93.0,25.4,78.0,28.9,0.0,0.6,3.6,3.6,3.4,7.5,43.6,99.7,2.7,4.0,132.0,999.6,999.6,2.7,5.1
2024-05-18 19:50:00+02:00,14.8,14.8,15.7,13.7,93.0,25.3,78.0,31.8,0.0,0.6,3.6,3.6,1.8,7.5,43.6,99.7,1.4,3.6,136.0,999.7,999.7,2.7,5.1
2024-05-18 19:55:00+02:00,14.8,14.8,15.5,13.7,93.0,25.2,79.0,31.5,0.0,0.0,3.6,3.6,1.2,7.5,43.6,99.7,2.3,4.0,127.0,999.6,999.6,2.7,5.1
2024-05-18 20:00:00+02:00,14.7,14.7,15.6,13.6,93.0,25.0,79.0,26.5,0.0,0.0,3.6,3.6,0.7,7.5,43.6,99.7,1.3,4.0,127.0,999.7,999.7,2.7,5.1
2024-05-18 20:05:00+02:00,14.8,14.8,15.4,13.6,93.0,24.8,79.0,25.5,0.0,0.0,3.6,3.6,0.5,7.5,43.6,99.7,2.5,4.0,142.0,999.7,999.7,2.7,5.1
2024-05-18 20:10:00+02:00,14.7,14.7,15.6,13.6,93.0,24.8,79.0,23.7,0.0,0.0,3.6,3.6,0.4,7.5,43.6,99.7,1.2,3.2,163.0,999.7,999.7,2.7,5.1
2024-05-18 20:15:00+02:00,14.7,14.7,15.5,13.7,93.0,24.7,79.0,22.3,0.0,0.0,3.6,3.6,0.3,7.5,43.6,99.7,2.2,3.2,134.0,999.7,999.7,2.7,5.1
2024-05-18 20:20:00+02:00,14.8,14.8,15.8,13.9,94.0,24.6,79.0,19.3,0.0,0.0,3.6,3.6,0.3,7.5,43.6,99.7,1.4,2.9,119.0,999.7,999.7,2.7,5.1
2024-05-18 20:25:00+02:00,14.7,14.7,15.8,13.8,94.0,24.5,80.0,16.3,0.0,0.0,3.6,3.6,0.2,7.5,43.6,99.7,0.7,2.9,181.0,999.8,999.8,2.7,5.1
2024-05-18 20:30:00+02:00,14.7,14.7,15.7,13.8,94.0,24.4,80.0,15.2,0.0,0.0,3.6,3.6,0.1,7.5,43.6,99.7,1.2,2.9,157.0,999.8,999.8,2.7,5.1
2024-05-18 20:35:00+02:00,14.7,14.7,15.9,13.8,94.0,24.3,80.0,14.1,0.0,0.0,3.6,3.6,0.1,7.5,43.6,99.7,0.0,2.2,3.0,999.7,999.7,2.7,5.1
2024-05-18 20:40:00+02:00,14.7,14.7,15.9,13.9,95.0,24.2,80.0,12.4,0.0,0.0,3.6,3.6,0.0,7.5,43.6,99.7,0.4,2.5,198.0,999.8,999.8,2.7,5.1
2024-05-18 20:45:00+02:00,14.8,14.8,15.8,14.0,95.0,24.2,80.0,10.2,0.0,0.0,3.6,3.6,0.0,7.5,43.6,99.7,0.9,3.2,61.0,999.8,999.8,2.7,5.1
2024-05-18 20:50:00+02:00,14.7,14.7,15.9,13.9,95.0,24.1,80.0,8.5,0.0,0.0,3.6,3.6,0.0,7.5,43.6,99.7,0.0,2.5,217.0,999.9,999.9,2.7,5.1
2024-05-18 20:55:00+02:00,14.7,14.7,15.9,14.0,96.0,24.0,80.0,6.6,0.0,0.0,3.6,3.6,0.0,7.5,43.6,99.7,0.0,2.2,293.0,999.9,999.9,2.7,5.1
2024-05-18 21:00:00+02:00,14.5,14.5,15.8,13.9,96.0,23.9,80.0,5.4,0.0,0.0,3.6,3.6,0.0,7.5,43.6,99.7,0.0,2.2,127.0,1000.0,1000.0,2.7,5.1
2024-05-18 21:05:00+02:00,14.4,14.4,15.3,13.8,96.0,23.8,80.0,4.2,0.0,0.0,3.6,3.6,0.0,7.5,43.6,99.7,1.5,2.9,113.0,1000.1,1000.1,2.7,5.1
2024-05-18 21:10:00+02:00,14.3,14.3,15.2,13.7,96.0,23.7,80.0,3.1,0.0,0.0,3.6,3.6,0.0,7.5,43.6,99.7,1.2,3.6,117.0,1000.0,1000.0,2.7,5.1
2024-05-18 21:15:00+02:00,14.2,14.2,15.0,13.6,96.0,23.7,80.0,2.0,0.0,0.0,3.6,3.6,0.0,7.5,43.6,99.7,1.9,3.2,128.0,1000.1,1000.1,2.7,5.1
2024-05-18 21:20:00+02:00,14.1,14.1,15.1,13.5,96.0,23.6,80.0,1.3,0.0,0.0,3.6,3.6,0.0,7.5,43.6,99.7,0.4,2.2,116.0,1000.0,1000.0,2.7,5.1
2024-05-18 21:25:00+02:00,14.1,14.1,15.2,13.5,96.0,23.5,80.0,0.9,0.0,0.0,3.6,3.6,0.0,7.5,43.6,99.7,0.0,2.2,67.0,1000.0,1000.0,2.7,5.1
2024-05-18 21:30:00+02:00,14.2,14.2,15.2,13.6,96.0,23.4,80.0,0.6,0.0,0.0,3.6,3.6,0.0,7.5,43.6,99.7,0.7,2.5,130.0,1000.2,1000.2,2.7,5.1
2024-05-18 21:35:00+02:00,14.2,14.2,15.2,13.5,96.0,23.3,80.0,0.3,0.0,0.0,3.6,3.6,0.0,7.5,43.6,99.7,0.0,1.8,53.0,1000.1,1000.1,2.7,5.0
2024-05-18 21:40:00+02:00,14.2,14.2,15.3,13.6,96.0,23.3,80.0,0.2,0.0,0.0,3.6,3.6,0.0,7.5,43.6,99.7,0.0,0.0,23.0,1000.2,1000.2,2.7,5.0
2024-05-18 21:45:00+02:00,14.2,14.2,15.1,13.7,97.0,23.2,81.0,0.1,0.0,0.0,3.6,3.6,0.0,7.5,43.6,99.7,1.1,2.5,120.0,1000.3,1000.3,2.7,5.0
2024-05-18 21:50:00+02:00,14.2,14.2,14.9,13.8,97.0,23.2,81.0,0.0,0.0,0.0,3.6,3.6,0.0,7.5,43.6,99.7,2.3,3.6,127.0,1000.3,1000.3,2.7,5.0
2024-05-18 21:55:00+02:00,14.2,14.2,15.0,13.8,97.0,23.1,81.0,0.0,0.0,0.0,3.6,3.6,0.0,7.5,43.6,99.7,2.0,3.6,113.0,1000.3,1000.3,2.7,5.0
2024-05-18 22:00:00+02:00,14.1,14.1,14.9,13.6,97.0,23.0,80.0,0.0,0.0,0.0,3.6,3.6,0.0,7.5,43.6,99.7,1.4,3.6,108.0,1000.4,1000.4,2.7,5.0
2024-05-18 22:05:00+02:00,14.0,14.0,15.1,13.5,97.0,22.9,80.0,0.0,0.0,0.0,3.6,3.6,0.0,7.5,43.6,99.7,0.0,2.5,126.0,1000.4,1000.4,2.7,5.0
2024-05-18 22:10:00+02:00,13.9,13.9,15.0,13.5,97.0,22.8,81.0,0.0,0.0,0.0,3.6,3.6,0.0,7.5,43.6,99.7,0.0,0.0,109.0,1000.5,1000.5,2.7,5.0
2024-05-18 22:15:00+02:00,13.9,13.9,15.0,13.5,97.0,22.8,81.0,0.0,0.0,0.0,3.6,3.6,0.0,7.5,43.6,99.7,0.0,0.0,328.0,1000.5,1000.5,2.7,5.0
2024-05-18 22:20:00+02:00,13.9,13.9,14.7,13.4,97.0,22.7,81.0,0.0,0.0,0.0,3.6,3.6,0.0,7.5,43.6,99.7,1.7,2.9,104.0,1000.5,1000.5,2.7,5.0
2024-05-18 22:25:00+02:00,13.9,13.9,14.8,13.4,97.0,22.6,81.0,0.0,0.0,0.0,3.6,3.6,0.0,7.5,43.6,99.7,0.8,2.9,118.0,1000.6,1000.6,2.7,5.0
2024-05-18 22:30:00+02:00,13.9,13.9,14.9,13.5,98.0,22.6,81.0,0.0,0.0,0.0,3.6,3.6,0.0,7.5,43.6,99.7,0.4,2.5,109.0,1000.6,1000.6,2.7,5.0
2024-05-18 22:35:00+02:00,13.8,13.8,14.8,13.4,98.0,22.5,81.0,0.0,0.0,0.0,3.6,3.6,0.0,7.5,43.6,99.7,0.4,2.2,139.0,1000.6,1000.6,2.7,5.0
2024-05-18 22:40:00+02:00,13.8,13.8,14.7,13.5,98.0,22.5,81.0,0.0,0.0,0.0,3.6,3.6,0.0,7.5,43.6,99.7,1.3,2.5,99.0,1000.6,1000.6,2.7,5.0
2024-05-18 22:45:00+02:00,13.9,13.9,15.0,13.6,98.0,22.4,81.0,0.0,0.0,0.0,3.6,3.6,0.0,7.5,43.6,99.7,0.4,2.5,86.0,1000.5,1000.5,2.7,5.0
2024-05-18 22:50:00+02:00,13.9,13.9,15.0,13.6,98.0,22.3,81.0,0.0,0.0,0.0,3.6,3.6,0.0,7.5,43.6,99.7,0.0,1.8,126.0,1000.6,1000.6,2.7,5.0
2024-05-18 22:55:00+02:00,14.0,14.0,15.1,13.6,98.0,22.3,81.0,0.0,0.0,0.0,3.6,3.6,0.0,7.5,43.6,99.7,0.0,2.2,277.0,1000.5,1000.5,2.7,5.0
2024-05-18 23:00:00+02:00,13.9,13.9,14.9,13.6,98.0,22.2,81.0,0.0,0.0,0.0,3.6,3.6,0.0,7.5,43.6,99.7,0.8,2.5,108.0,1000.5,1000.5,2.7,5.0
2024-05-18 23:05:00+02:00,14.0,14.0,14.7,13.6,98.0,22.2,81.0,0.0,0.0,0.0,3.6,3.6,0.0,7.5,43.6,99.7,2.2,4.0,120.0,1000.4,1000.4,2.7,4.9
2024-05-18 23:10:00+02:00,13.9,13.9,15.0,13.6,98.0,22.1,81.0,0.0,0.0,0.0,3.6,3.6,0.0,7.5,43.6,99.7,0.0,2.5,116.0,1000.6,1000.6,2.7,4.9
2024-05-18 23:15:00+02:00,13.8,13.8,14.9,13.5,98.0,22.1,81.0,0.0,0.0,0.0,3.6,3.6,0.0,7.5,43.6,99.7,0.0,1.8,132.0,1000.6,1000.6,2.7,4.9
2024-05-18 23:20:00+02:00,13.9,13.9,15.0,13.6,98.0,22.0,81.0,0.0,0.0,0.0,3.6,3.6,0.0,7.5,43.6,99.7,0.0,0.0,298.0,1000.7,1000.7,2.7,4.9
2024-05-18 23:25:00+02:00,13.8,13.8,14.7,13.4,98.0,22.0,81.0,0.0,0.0,0.0,3.6,3.6,0.0,7.5,43.6,99.7,1.1,2.2,100.0,1000.6,1000.6,2.7,4.9
2024-05-18 23:30:00+02:00,13.7,13.7,14.7,13.4,98.0,21.9,81.0,0.0,0.0,0.0,3.6,3.6,0.0,7.5,43.6,99.7,0.4,2.2,116.0,1000.7,1000.7,2.7,4.9
2024-05-18 23:35:00+02:00,13.8,13.8,14.8,13.4,98.0,21.9,81.0,0.0,0.0,0.0,3.6,3.6,0.0,7.5,43.6,99.7,0.4,2.5,134.0,1000.7,1000.7,2.7,4.9
2024-05-18 23:40:00+02:00,13.7,13.7,14.4,13.4,98.0,21.8,81.0,0.0,0.0,0.0,3.6,3.6,0.0,7.5,43.6,99.7,2.0,2.5,124.0,1000.6,1000.6,2.7,4.9
2024-05-18 23:45:00+02:00,13.7,13.7,14.3,13.4,98.0,21.8,81.0,0.0,0.0,0.0,3.6,3.6,0.0,7.5,43.6,99.7,2.4,3.2,118.0,1000.7,1000.7,2.7,4.9
2024-05-18 23:50:00+02:00,13.7,13.7,14.3,13.4,98.0,21.7,81.0,0.0,0.0,0.0,3.6,3.6,0.0,7.5,43.6,99.7,2.4,3.6,117.0,1000.7,1000.7,2.7,4.9
2024-05-18 23:55:00+02:00,13.7,13.7,14.6,13.3,98.0,21.7,81.0,0.0,0.0,0.0,3.6,3.6,0.0,7.5,43.6,99.7,0.8,3.6,115.0,1000.8,1000.8,2.7,4.9
2024-05-19 00:00:00+02:00,13.6,13.6,14.5,13.3,98.0,21.6,81.0,0.0,0.0,0.0,0.0,3.6,0.0,0.0,43.6,99.7,0.8,2.5,124.0,1000.7,1000.7,2.7,4.9
2024-05-19 00:05:00+02:00,13.6,13.6,14.6,13.3,98.0,21.6,81.0,0.0,0.0,0.0,0.0,3.6,0.0,0.0,43.6,99.7,0.4,2.5,126.0,1000.7,1000.7,2.7,4.9
2024-05-19 00:10:00+02:00,13.6,13.6,14.3,13.3,98.0,21.5,81.0,0.0,0.0,0.0,0.0,3.6,0.0,0.0,43.6,99.7,1.9,2.5,118.0,1000.7,1000.7,2.7,4.9
2024-05-19 00:15:00+02:00,13.6,13.6,14.2,13.3,98.0,21.5,81.0,0.0,0.0,0.0,0.0,3.6,0.0,0.0,43.6,99.7,2.1,2.9,122.0,1000.8,1000.8,2.7,4.9
2024-05-19 00:20:00+02:00,13.5,13.5,14.5,13.2,98.0,21.4,81.0,0.0,0.0,0.0,0.0,3.6,0.0,0.0,43.6,99.7,0.4,2.5,126.0,1000.8,1000.8,2.7,4.9
2024-05-19 00:25:00+02:00,13.5,13.5,14.3,13.2,98.0,21.4,81.0,0.0,0.0,0.0,0.0,3.6,0.0,0.0,43.6,99.7,1.1,2.5,119.0,1000.8,1000.8,2.7,4.9
2024-05-19 00:30:00+02:00,13.4,13.4,14.2,13.1,98.0,21.3,81.0,0.0,0.0,0.0,0.0,3.6,0.0,0.0,43.6,99.7,0.8,2.5,117.0,1000.7,1000.7,2.7,4.9
2024-05-19 00:35:00+02:00,13.4,13.4,14.1,13.1,98.0,21.3,81.0,0.0,0.0,0.0,0.0,3.6,0.0,0.0,43.6,99.7,1.5,2.5,113.0,1000.7,1000.7,2.7,4.9
2024-05-19 00:40:00+02:00,13.4,13.4,14.0,13.2,99.0,21.3,81.0,0.0,0.0,0.0,0.0,3.6,0.0,0.0,43.6,99.7,2.0,2.9,123.0,1000.8,1000.8,2.7,4.9
2024-05-19 00:45:00+02:00,13.4,13.4,14.0,13.2,99.0,21.2,81.0,0.0,0.0,0.0,0.0,3.6,0.0,0.0,43.6,99.7,2.5,3.2,119.0,1000.6,1000.6,2.7,4.9
2024-05-19 00:50:00+02:00,13.4,13.4,14.0,13.2,99.0,21.2,81.0,0.0,0.0,0.0,0.0,3.6,0.0,0.0,43.6,99.7,2.4,3.2,116.0,1000.6,1000.6,2.7,4.9
2024-05-19 00:55:00+02:00,13.4,13.4,14.0,13.2,99.0,21.1,81.0,0.0,0.0,0.0,0.0,3.6,0.0,0.0,43.6,99.7,2.1,3.2,111.0,1000.7,1000.7,2.7,4.8
2024-05-19 01:00:00+02:00,13.4,13.4,14.3,13.2,99.0,21.1,81.0,0.0,0.0,0.0,0.0,3.6,0.0,0.0,43.6,99.7,0.4,2.5,127.0,1000.8,1000.8,2.7,4.8
2024-05-19 01:05:00+02:00,13.3,13.3,14.2,13.2,99.0,21.0,81.0,0.0,0.0,0.0,0.0,3.6,0.0,0.0,43.6,99.7,0.7,2.5,104.0,1000.6,1000.6,2.7,4.8
2024-05-19 01:10:00+02:00,13.4,13.4,14.0,13.2,99.0,21.0,81.0,0.0,0.0,0.0,0.0,3.6,0.0,0.0,43.6,99.7,2.2,2.9,111.0,1000.5,1000.5,2.7,4.8
2024-05-19 01:15:00+02:00,13.4,13.4,14.1,13.2,99.0,20.9,81.0,0.0,0.0,0.0,0.0,3.6,0.0,0.0,43.6,99.7,1.7,2.9,109.0,1000.5,1000.5,2.7,4.8
2024-05-19 01:20:00+02:00,13.4,13.4,14.1,13.2,99.0,20.9,81.0,0.0,0.0,0.0,0.0,3.6,0.0,0.0,43.6,99.7,1.7,3.2,116.0,1000.6,1000.6,2.7,4.8
2024-05-19 01:25:00+02:00,13.3,13.3,14.0,13.2,99.0,20.8,81.0,0.0,0.0,0.0,0.0,3.6,0.0,0.0,43.6,99.7,1.9,3.6,125.0,1000.5,1000.5,2.7,4.8
2024-05-19 01:30:00+02:00,13.3,13.3,14.0,13.1,99.0,20.8,81.0,0.0,0.0,0.0,0.0,3.6,0.0,0.0,43.6,99.7,1.7,3.6,120.0,1000.4,1000.4,2.7,4.8
2024-05-19 01:35:00+02:00,13.3,13.3,14.3,13.1,99.0,20.8,81.0,0.0,0.0,0.0,0.0,3.6,0.0,0.0,43.6,99.7,0.0,2.5,130.0,1000.3,1000.3,2.7,4.8
2024-05-19 01:40:00+02:00,13.5,13.5,14.4,13.3,99.0,20.7,81.0,0.0,0.0,0.0,0.0,3.6,0.0,0.0,43.6,99.7,0.6,2.5,120.0,1000.5,1000.5,2.7,4.8
2024-05-19 01:45:00+02:00,13.3,13.3,14.0,13.2,99.0,20.7,81.0,0.0,0.0,0.0,0.0,3.6,0.0,0.0,43.6,99.7,1.5,3.2,117.0,1000.4,1000.4,2.7,4.8
2024-05-19 01:50:00+02:00,13.3,13.3,14.0,13.1,99.0,20.7,81.0,0.0,0.0,0.0,0.0,3.6,0.0,0.0,43.6,99.7,1.3,2.9,118.0,1000.4,1000.4,2.7,4.8
2024-05-19 01:55:00+02:00,13.3,13.3,14.0,13.1,99.0,20.6,81.0,0.0,0.0,0.0,0.0,3.6,0.0,0.0,43.6,99.7,1.4,3.6,132.0,1000.4,1000.4,2.7,4.8
2024-05-19 02:00:00+02:00,13.2,13.2,13.7,13.1,99.0,20.6,81.0,0.0,0.0,0.0,0.0,3.6,0.0,0.0,43.6,99.7,2.3,3.6,119.0,1000.2,1000.2,2.7,4.8
2024-05-19 02:05:00+02:00,13.2,13.2,14.0,13.1,99.0,20.5,81.0,0.0,0.0,0.0,0.0,3.6,0.0,0.0,43.6,99.7,0.7,2.5,110.0,1000.2,1000.2,2.7,4.8
2024-05-19 02:10:00+02:00,13.1,13.1,13.8,12.9,99.0,20.5,81.0,0.0,0.0,0.0,0.0,3.6,0.0,0.0,43.6,99.7,1.1,2.5,131.0,1000.1,1000.1,2.7,4.8
2024-05-19 02:15:00+02:00,13.1,13.1,13.8,12.9,99.0,20.5,81.0,0.0,0.0,0.0,0.0,3.6,0.0,0.0,43.6,99.7,0.7,2.2,123.0,1000.2,1000.2,2.7,4.8
2024-05-19 02:20:00+02:00,13.0,13.0,13.8,12.8,99.0,20.5,81.0,0.0,0.0,0.0,0.0,3.6,0.0,0.0,43.6,99.7,0.4,2.5,129.0,1000.1,1000.1,2.7,4.8
2024-05-19 02:25:00+02:00,13.0,13.0,13.6,12.8,99.0,20.4,81.0,0.0,0.0,0.0,0.0,3.6,0.0,0.0,43.6,99.7,1.5,2.5,115.0,1000.1,1000.1,2.7,4.8
2024-05-19 02:30:00+02:00,13.1,13.1,13.5,12.9,99.0,20.4,81.0,0.0,0.0,0.0,0.0,3.6,0.0,0.0,43.6,99.7,2.3,3.6,112.0,1000.2,1000.2,2.7,4.8
2024-05-19 02:35:00+02:00,13.1,13.1,13.5,12.9,99.0,20.3,81.0,0.0,0.0,0.0,0.0,3.6,0.0,0.0,43.6,99.7,2.3,3.6,123.0,1000.1,1000.1,2.7,4.8
2024-05-19 02:40:00+02:00,13.0,13.0,13.5,12.8,99.0,20.3,81.0,0.0,0.0,0.0,0.0,3.6,0.0,0.0,43.6,99.7,2.2,3.6,119.0,1000.1,1000.1,2.7,4.8
2024-05-19 02:45:00+02:00,13.0,13.0,13.5,12.8,99.0,20.3,81.0,0.0,0.0,0.0,0.0,3.6,0.0,0.0,43.6,99.7,1.9,3.6,113.0,1000.1,1000.1,2.7,4.7
2024-05-19 02:50:00+02:00,13.0,13.0,13.7,12.8,99.0,20.2,81.0,0.0,0.0,0.0,0.0,3.6,0.0,0.0,43.6,99.7,0.8,2.5,108.0,1000.1,1000.1,2.7,4.7
2024-05-19 02:55:00+02:00,13.1,13.1,13.6,12.9,99.0,20.2,81.0,0.0,0.0,0.0,0.0,3.6,0.0,0.0,43.6,99.7,1.9,2.5,111.0,1000.1,1000.1,2.7,4.7
2024-05-19 03:00:00+02:00,13.0,13.0,13.7,12.8,99.0,20.2,81.0,0.0,0.0,0.0,0.0,3.6,0.0,0.0,43.6,99.7,0.8,2.5,130.0,1000.1,1000.1,2.7,4.7
2024-05-19 03:05:00+02:00,13.0,13.0,13.8,12.8,99.0,20.1,81.0,0.0,0.0,0.0,0.0,3.6,0.0,0.0,43.6,99.7,0.4,2.2,54.0,1000.1,1000.1,2.7,4.7
2024-05-19 03:10:00+02:00,13.0,13.0,13.9,12.8,99.0,20.1,81.0,0.0,0.0,0.0,0.0,3.6,0.0,0.0,43.6,99.7,0.0,2.2,108.0,1000.1,1000.1,2.7,4.7
2024-05-19 03:15:00+02:00,12.9,12.9,13.8,12.7,99.0,20.1,81.0,0.0,0.0,0.0,0.0,3.6,0.0,0.0,43.6,99.7,0.0,1.8,119.0,1000.1,1000.1,2.7,4.7
2024-05-19 03:20:00+02:00,12.9,12.9,13.6,12.7,99.0,20.0,81.0,0.0,0.0,0.0,0.0,3.6,0.0,0.0,43.6,99.7,0.7,2.5,129.0,1000.0,1000.0,2.7,4.7
2024-05-19 03:25:00+02:00,13.0,13.0,13.7,12.8,99.0,20.0,82.0,0.0,0.0,0.0,0.0,3.6,0.0,0.0,43.6,99.7,0.8,2.5,115.0,1000.1,1000.1,2.7,4.7
2024-05-19 03:30:00+02:00,13.1,13.1,13.5,12.9,99.0,20.0,81.0,0.0,0.0,0.0,0.0,3.6,0.0,0.0,43.6,99.7,2.4,3.6,111.0,1000.0,1000.0,2.7,4.7
2024-05-19 03:45:00+02:00,13.1,13.1,13.9,12.9,99.0,19.9,82.0,0.0,0.0,0.0,0.0,3.6,0.0,0.0,43.6,99.7,0.0,2.2,133.0,1000.0,1000.0,2.7,4.7
2024-05-19 03:50:00+02:00,13.1,13.1,13.7,12.9,99.0,19.8,82.0,0.0,0.0,0.0,0.0,3.6,0.0,0.0,43.6,99.7,1.3,2.5,123.0,1000.0,1000.0,2.7,4.7
2024-05-19 03:55:00+02:00,13.2,13.2,13.8,13.1,99.0,19.8,82.0,0.0,0.0,0.0,0.0,3.6,0.0,0.0,43.6,99.7,1.9,2.5,116.0,1000.1,1000.1,2.7,4.7
2024-05-19 04:00:00+02:00,13.2,13.2,13.9,13.1,99.0,19.8,82.0,0.0,0.0,0.0,0.0,3.6,0.0,0.0,43.6,99.7,1.4,3.2,83.0,1000.0,1000.0,2.7,4.7
2024-05-19 04:05:00+02:00,13.3,13.3,14.1,13.1,99.0,19.8,82.0,0.0,0.0,0.6,0.1,3.7,0.1,0.1,43.7,99.8,0.9,2.9,133.0,1000.0,1000.0,2.7,4.6
2024-05-19 04:10:00+02:00,13.3,13.3,14.0,13.1,99.0,19.8,82.0,0.0,0.0,0.6,0.1,3.7,0.1,0.1,43.7,99.8,1.2,2.9,97.0,1000.0,1000.0,2.7,4.6
2024-05-19 04:15:00+02:00,13.3,13.3,14.2,13.1,99.0,19.7,82.0,0.0,0.0,0.6,0.1,3.7,0.1,0.1,43.7,99.8,0.4,2.9,127.0,999.9,999.9,2.7,4.6
2024-05-19 04:20:00+02:00,13.3,13.3,13.8,13.1,99.0,19.7,82.0,0.0,0.0,0.0,0.1,3.7,0.1,0.1,43.7,99.8,2.3,3.2,129.0,999.9,999.9,2.7,4.6
2024-05-19 04:25:00+02:00,13.3,13.3,13.9,13.1,99.0,19.7,82.0,0.0,0.0,0.0,0.1,3.7,0.1,0.1,43.7,99.8,1.8,3.2,112.0,999.9,999.9,2.7,4.6
2024-05-19 04:30:00+02:00,13.2,13.2,14.1,13.1,99.0,19.7,82.0,0.0,0.0,0.0,0.1,3.7,0.1,0.1,43.7,99.8,0.4,2.5,133.0,999.9,999.9,2.7,4.6
2024-05-19 04:35:00+02:00,13.2,13.2,14.1,13.1,99.0,19.7,82.0,0.0,0.0,0.0,0.1,3.7,0.1,0.1,43.7,99.8,0.4,2.5,116.0,999.8,999.8,2.7,4.6
2024-05-19 04:40:00+02:00,13.3,13.3,14.0,13.1,99.0,19.6,82.0,0.0,0.0,0.0,0.1,3.7,0.1,0.1,43.7,99.8,1.2,3.2,105.0,999.9,999.9,2.7,4.6
2024-05-19 04:45:00+02:00,13.2,13.2,13.6,13.1,99.0,19.6,82.0,0.0,0.0,0.0,0.1,3.7,0.1,0.1,43.7,99.8,3.2,5.4,105.0,999.9,999.9,2.7,4.6
2024-05-19 04:50:00+02:00,13.2,13.2,13.8,13.1,99.0,19.6,82.0,0.0,0.0,0.0,0.1,3.7,0.1,0.1,43.7,99.8,1.9,3.6,97.0,999.9,999.9,2.7,4.6
2024-05-19 04:55:00+02:00,13.2,13.2,13.8,13.1,99.0,19.6,82.0,0.0,0.0,0.0,0.1,3.7,0.1,0.1,43.7,99.8,1.7,2.9,108.0,999.9,999.9,2.7,4.6
2024-05-19 05:00:00+02:00,13.3,13.3,13.7,13.1,99.0,19.6,82.0,0.0,0.0,0.6,0.2,3.8,0.2,0.2,43.8,99.9,2.8,7.2,130.0,999.9,999.9,2.7,4.6
2024-05-19 05:05:00+02:00,13.3,13.3,13.6,13.1,99.0,19.5,82.0,0.0,0.0,0.6,0.2,3.8,0.1,0.2,43.8,99.9,3.2,7.2,141.0,999.9,999.9,2.7,4.5
2024-05-19 05:10:00+02:00,13.2,13.2,13.2,13.1,99.0,19.5,82.0,0.0,0.0,0.6,0.2,3.8,0.1,0.2,43.8,99.9,5.0,10.1,87.0,999.8,999.8,2.7,4.5
2024-05-19 05:15:00+02:00,13.1,13.1,13.0,12.9,99.0,19.5,82.0,0.1,0.0,0.6,0.3,3.9,0.2,0.3,43.9,100.0,5.0,11.2,112.0,1000.0,1000.0,2.72,4.5
2024-05-19 05:20:00+02:00,13.1,13.1,13.0,12.9,99.0,19.5,82.0,0.3,0.0,1.2,0.4,4.0,0.3,0.4,44.0,100.1,5.2,9.7,125.0,999.9,999.9,2.72,4.5
2024-05-19 05:25:00+02:00,13.2,13.2,13.1,13.0,99.0,19.4,82.0,0.5,0.0,0.6,0.4,4.0,0.3,0.4,44.0,100.1,4.7,11.2,115.0,1000.0,1000.0,2.7,4.5
2024-05-19 05:30:00+02:00,13.1,13.1,13.2,12.7,98.0,19.4,82.0,0.5,0.0,0.6,0.5,4.1,0.4,0.5,44.1,100.2,3.9,9.7,91.0,1000.0,1000.0,2.7,4.5
2024-05-19 05:35:00+02:00,13.1,13.1,13.7,12.7,98.0,19.4,82.0,1.3,0.0,0.6,0.5,4.1,0.4,0.5,44.1,100.2,1.0,7.6,162.0,1000.1,1000.1,2.7,4.5
2024-05-19 05:40:00+02:00,13.1,13.1,13.3,12.8,98.0,19.3,82.0,3.2,0.0,0.0,0.5,4.1,0.4,0.5,44.1,100.2,3.4,6.8,102.0,1000.1,1000.1,2.7,4.5
2024-05-19 05:45:00+02:00,13.1,13.1,13.7,12.8,98.0,19.3,82.0,4.5,0.0,0.0,0.5,4.1,0.4,0.5,44.1,100.2,1.5,5.0,2.0,1000.1,1000.1,2.7,4.4
2024-05-19 05:50:00+02:00,13.1,13.1,13.6,12.8,98.0,19.3,82.0,7.7,0.0,0.0,0.5,4.1,0.4,0.5,44.1,100.2,1.7,6.5,169.0,1000.0,1000.0,2.7,4.4
2024-05-19 05:55:00+02:00,13.1,13.1,13.5,12.8,98.0,19.3,82.0,8.2,0.0,0.0,0.5,4.1,0.4,0.5,44.1,100.2,2.4,5.0,104.0,1000.2,1000.2,2.7,4.4
2024-05-19 06:00:00+02:00,13.0,13.0,13.3,12.7,98.0,19.3,82.0,9.8,0.0,0.0,0.5,4.1,0.3,0.5,44.1,100.2,3.0,6.1,128.0,1000.2,1000.2,2.7,4.4
2024-05-19 06:05:00+02:00,13.0,13.0,13.2,12.7,98.0,19.3,82.0,11.3,0.0,0.0,0.5,4.1,0.3,0.5,44.1,100.2,3.2,8.3,135.0,1000.3,1000.3,2.72,4.4
2024-05-19 06:10:00+02:00,13.0,13.0,12.4,12.7,98.0,19.3,82.0,12.5,0.0,0.0,0.5,4.1,0.2,0.5,44.1,100.2,7.4,15.1,139.0,1000.2,1000.2,2.72,4.4
2024-05-19 06:15:00+02:00,13.0,13.0,12.6,12.6,98.0,19.2,82.0,16.3,0.0,0.0,0.5,4.1,0.1,0.5,44.1,100.2,6.4,11.9,134.0,1000.3,1000.3,2.7,4.4
2024-05-19 06:20:00+02:00,13.0,13.0,12.2,12.6,97.0,19.2,82.0,20.4,0.0,0.0,0.5,4.1,0.1,0.5,44.1,100.2,8.1,10.4,136.0,1000.3,1000.3,2.7,4.4
2024-05-19 06:25:00+02:00,13.1,13.1,12.6,12.7,98.0,19.2,82.0,21.3,0.0,0.0,0.5,4.1,0.0,0.5,44.1,100.2,7.1,10.1,147.0,1000.3,1000.3,2.72,4.4
2024-05-19 06:30:00+02:00,13.1,13.1,13.0,12.7,98.0,19.2,82.0,23.0,0.0,0.0,0.5,4.1,0.0,0.5,44.1,100.2,4.9,10.1,138.0,1000.3,1000.3,2.72,4.4
2024-05-19 06:35:00+02:00,13.1,13.1,13.2,12.8,98.0,19.2,83.0,24.0,0.0,0.0,0.5,4.1,0.0,0.5,44.1,100.2,4.2,7.6,145.0,1000.4,1000.4,2.72,4.4
2024-05-19 06:40:00+02:00,13.1,13.1,13.4,12.7,97.0,19.2,82.0,28.2,0.0,0.0,0.5,4.1,0.0,0.5,44.1,100.2,2.6,7.9,126.0,1000.4,1000.4,2.72,4.4
2024-05-19 06:45:00+02:00,13.2,13.2,13.6,12.9,98.0,19.1,83.0,33.9,0.0,0.0,0.5,4.1,0.0,0.5,44.1,100.2,2.4,8.6,107.0,1000.4,1000.4,2.72,4.4
2024-05-19 06:50:00+02:00,13.2,13.2,13.9,12.9,98.0,19.1,83.0,36.3,0.0,0.0,0.5,4.1,0.0,0.5,44.1,100.2,1.3,4.0,158.0,1000.5,1000.5,2.72,4.4
2024-05-19 06:55:00+02:00,13.3,13.3,13.8,12.9,98.0,19.1,83.0,43.2,0.0,0.0,0.5,4.1,0.0,0.5,44.1,100.2,2.1,5.4,62.0,1000.4,1000.4,2.7,4.4
2024-05-19 07:00:00+02:00,13.4,13.4,14.0,13.1,98.0,19.1,83.0,53.0,0.0,0.0,0.5,4.1,0.0,0.5,44.1,100.2,1.8,9.4,278.0,1000.4,1000.4,2.7,4.4
2024-05-19 07:05:00+02:00,13.4,13.4,13.9,13.1,98.0,19.1,83.0,67.6,0.0,0.0,0.5,4.1,0.0,0.5,44.1,100.2,2.6,9.7,133.0,1000.6,1000.6,2.7,4.4
2024-05-19 07:10:00+02:00,13.6,13.6,14.3,13.2,98.0,19.1,83.0,69.8,0.0,0.0,0.5,4.1,0.0,0.5,44.1,100.2,1.3,5.4,323.0,1000.5,1000.5,2.7,4.4
2024-05-19 07:15:00+02:00,13.7,13.7,14.0,13.3,98.0,19.1,83.0,67.6,0.0,0.0,0.5,4.1,0.0,0.5,44.1,100.2,3.6,8.6,38.0,1000.5,1000.5,2.68,4.5
2024-05-19 07:20:00+02:00,13.7,13.7,14.1,13.3,97.0,19.2,83.0,59.3,0.0,0.0,0.5,4.1,0.0,0.5,44.1,100.2,3.1,8.6,59.0,1000.7,1000.7,2.68,4.5
2024-05-19 07:25:00+02:00,13.6,13.6,14.2,13.2,97.0,19.2,83.0,53.0,0.0,0.0,0.5,4.1,0.0,0.5,44.1,100.2,2.3,7.2,124.0,1000.7,1000.7,2.7,4.4
2024-05-19 07:30:00+02:00,13.6,13.6,13.7,13.2,97.0,19.2,83.0,51.1,0.0,0.0,0.5,4.1,0.0,0.5,44.1,100.2,4.6,9.4,120.0,1000.8,1000.8,2.7,4.4
2024-05-19 07:35:00+02:00,13.6,13.6,14.0,13.1,97.0,19.2,83.0,60.1,0.0,0.0,0.5,4.1,0.0,0.5,44.1,100.2,3.0,6.8,126.0,1000.8,1000.8,2.68,4.5
2024-05-19 07:40:00+02:00,13.7,13.7,14.2,13.2,97.0,19.2,83.0,72.8,0.0,0.0,0.5,4.1,0.0,0.5,44.1,100.2,2.1,5.4,116.0,1000.7,1000.7,2.68,4.5
2024-05-19 07:45:00+02:00,13.8,13.8,14.4,13.4,97.0,19.2,83.0,77.7,0.0,0.0,0.5,4.1,0.0,0.5,44.1,100.2,2.2,6.1,214.0,1000.8,1000.8,2.7,4.5
2024-05-19 07:50:00+02:00,13.9,13.9,14.6,13.4,97.0,19.2,83.0,78.3,0.0,0.0,0.5,4.1,0.0,0.5,44.1,100.2,1.9,7.6,188.0,1000.8,1000.8,2.7,4.5
2024-05-19 07:55:00+02:00,14.0,14.0,14.4,13.5,97.0,19.2,83.0,77.3,0.0,0.0,0.5,4.1,0.0,0.5,44.1,100.2,3.7,7.6,133.0,1000.8,1000.8,2.7,4.5
2024-05-19 08:00:00+02:00,14.0,14.0,14.6,13.4,96.0,19.3,83.0,80.7,0.0,0.0,0.5,4.1,0.0,0.5,44.1,100.2,2.7,5.8,105.0,1000.8,1000.8,2.7,4.5
2024-05-19 08:05:00+02:00,14.1,14.1,14.7,13.5,96.0,19.3,83.0,92.9,0.0,0.0,0.5,4.1,0.0,0.5,44.1,100.2,2.4,4.7,129.0,1000.9,1000.9,2.7,4.5
2024-05-19 08:10:00+02:00,14.3,14.3,15.1,13.7,96.0,19.3,84.0,129.0,1.0,0.0,0.5,4.1,0.0,0.5,44.1,100.2,1.5,5.0,117.0,1000.8,1000.8,2.7,4.5
2024-05-19 08:15:00+02:00,14.4,14.4,14.9,13.6,95.0,19.4,84.0,141.2,1.0,0.0,0.5,4.1,0.0,0.5,44.1,100.2,3.4,5.8,111.0,1000.9,1000.9,2.7,4.6
2024-05-19 08:20:00+02:00,14.6,14.6,15.2,13.8,95.0,19.4,84.0,141.0,1.0,0.0,0.5,4.1,0.0,0.5,44.1,100.2,2.7,9.4,135.0,1001.0,1001.0,2.7,4.6
2024-05-19 08:25:00+02:00,14.5,14.5,14.5,13.5,94.0,19.4,84.0,134.0,1.0,0.0,0.5,4.1,0.0,0.5,44.1,100.2,5.3,9.7,117.0,1001.0,1001.0,2.7,4.6
2024-05-19 08:30:00+02:00,14.3,14.3,14.2,13.2,93.0,19.5,84.0,129.0,1.0,0.0,0.5,4.1,0.0,0.5,44.1,100.2,5.5,9.7,112.0,1001.1,1001.1,2.7,4.6
2024-05-19 08:35:00+02:00,14.4,14.4,14.4,13.3,93.0,19.6,84.0,139.2,1.0,0.0,0.5,4.1,0.0,0.5,44.1,100.2,5.3,9.7,117.0,1001.1,1001.1,2.7,4.7
2024-05-19 08:40:00+02:00,14.4,14.4,14.3,13.3,93.0,19.6,84.0,148.2,1.0,0.0,0.5,4.1,0.0,0.5,44.1,100.2,5.5,9.7,121.0,1000.9,1000.9,2.7,4.7
2024-05-19 08:45:00+02:00,14.6,14.6,14.6,13.5,93.0,19.7,84.0,188.7,1.0,0.0,0.5,4.1,0.0,0.5,44.1,100.2,5.5,9.7,119.0,1001.0,1001.0,2.7,4.7
2024-05-19 08:50:00+02:00,14.8,14.8,15.5,13.7,93.0,19.7,84.0,285.0,2.0,0.0,0.5,4.1,0.0,0.5,44.1,100.2,2.7,6.5,148.0,1001.0,1001.0,2.7,4.7
2024-05-19 08:55:00+02:00,15.2,15.2,15.3,13.9,92.0,19.8,84.0,431.1,4.0,0.0,0.5,4.1,0.0,0.5,44.1,100.2,5.8,8.6,127.0,1001.1,1001.1,2.7,4.8
2024-05-19 09:00:00+02:00,15.2,15.2,15.2,13.7,90.0,19.9,84.0,231.0,2.0,0.0,0.5,4.1,0.0,0.5,44.1,100.2,6.1,10.8,118.0,1001.2,1001.2,2.7,4.8
2024-05-19 09:05:00+02:00,15.3,15.3,16.0,13.8,91.0,20.0,84.0,163.9,1.0,0.0,0.5,4.1,0.0,0.5,44.1,100.2,2.9,7.2,122.0,1001.2,1001.2,2.7,4.9
2024-05-19 09:10:00+02:00,15.5,15.5,16.1,13.8,90.0,20.1,84.0,159.3,1.0,0.0,0.5,4.1,0.0,0.5,44.1,100.2,2.5,7.2,92.0,1001.3,1001.3,2.7,4.9
2024-05-19 09:15:00+02:00,15.7,15.7,16.9,14.0,90.0,20.2,84.0,133.2,1.0,0.0,0.5,4.1,0.0,0.5,44.1,100.2,0.5,5.4,102.0,1001.3,1001.3,2.7,4.9
2024-05-19 09:20:00+02:00,15.7,15.7,16.3,14.0,90.0,20.3,85.0,131.2,1.0,0.0,0.5,4.1,0.0,0.5,44.1,100.2,3.6,7.2,124.0,1001.3,1001.3,2.7,4.9
2024-05-19 09:25:00+02:00,15.7,15.7,16.6,13.9,89.0,20.3,85.0,125.7,1.0,0.0,0.5,4.1,0.0,0.5,44.1,100.2,1.9,7.6,141.0,1001.4,1001.4,2.7,5.0
2024-05-19 09:30:00+02:00,15.8,15.8,16.5,14.0,89.0,20.4,85.0,184.1,1.0,0.0,0.5,4.1,0.0,0.5,44.1,100.2,2.4,7.6,95.0,1001.3,1001.3,2.7,5.0
2024-05-19 09:35:00+02:00,15.9,15.9,16.7,13.8,87.0,20.5,85.0,259.1,2.0,0.0,0.5,4.1,0.0,0.5,44.1,100.2,2.1,6.8,215.0,1001.4,1001.4,2.7,5.0
2024-05-19 09:40:00+02:00,16.3,16.3,17.0,14.0,86.0,20.6,84.0,554.9,5.0,0.0,0.5,4.1,0.0,0.5,44.1,100.2,3.2,9.7,93.0,1001.4,1001.4,2.7,5.0
2024-05-19 09:45:00+02:00,17.3,17.3,17.9,14.3,83.0,20.7,84.0,462.6,4.0,0.0,0.5,4.1,0.0,0.5,44.1,100.2,3.8,7.2,231.0,1001.3,1001.3,2.7,5.1
2024-05-19 09:50:00+02:00,17.3,17.3,18.0,14.2,82.0,20.7,85.0,268.6,2.0,0.0,0.5,4.1,0.0,0.5,44.1,100.2,3.2,7.2,190.0,1001.2,1001.2,2.7,5.1
2024-05-19 09:55:00+02:00,17.3,17.3,18.0,14.2,82.0,20.8,85.0,233.4,2.0,0.0,0.5,4.1,0.0,0.5,44.1,100.2,3.1,6.5,288.0,1001.3,1001.3,2.7,5.2
2024-05-19 10:00:00+02:00,16.9,16.9,17.4,14.0,83.0,20.9,85.0,154.9,1.0,0.0,0.5,4.1,0.0,0.5,44.1,100.2,4.1,11.2,297.0,1001.3,1001.3,2.7,5.2
2024-05-19 10:05:00+02:00,16.3,16.3,16.5,13.8,85.0,21.0,85.0,168.6,1.0,0.0,0.5,4.1,0.0,0.5,44.1,100.2,5.3,11.2,286.0,1001.3,1001.3,2.7,5.2
2024-05-19 10:10:00+02:00,16.5,16.5,17.5,13.9,84.0,21.1,85.0,243.0,2.0,0.0,0.5,4.1,0.0,0.5,44.1,100.2,1.1,5.8,242.0,1001.3,1001.3,2.7,5.2
2024-05-19 10:15:00+02:00,16.9,16.9,17.9,14.1,84.0,21.1,85.0,289.1,2.0,0.0,0.5,4.1,0.0,0.5,44.1,100.2,1.6,4.7,122.0,1001.3,1001.3,2.7,5.2
2024-05-19 10:20:00+02:00,17.3,17.3,18.2,14.2,82.0,21.2,85.0,323.4,3.0,0.0,0.5,4.1,0.0,0.5,44.1,100.2,2.3,4.3,168.0,1001.3,1001.3,2.7,5.2
2024-05-19 10:25:00+02:00,17.3,17.3,18.0,14.3,82.0,21.3,85.0,238.9,2.0,0.0,0.5,4.1,0.0,0.5,44.1,100.2,3.5,7.2,119.0,1001.3,1001.3,2.7,5.2
2024-05-19 10:30:00+02:00,17.3,17.3,18.0,14.1,82.0,21.3,85.0,193.9,1.0,0.0,0.5,4.1,0.0,0.5,44.1,100.2,3.1,6.5,156.0,1001.4,1001.4,2.7,5.2
2024-05-19 10:45:00+02:00,16.7,16.7,16.7,13.5,81.0,21.5,85.0,189.0,1.0,0.0,0.5,4.1,0.0,0.5,44.1,100.2,5.5,10.8,281.0,1001.4,1001.4,2.7,5.2
2024-05-19 10:50:00+02:00,16.9,16.9,17.5,13.6,81.0,21.6,85.0,190.5,1.0,0.0,0.5,4.1,0.0,0.5,44.1,100.2,2.6,8.3,253.0,1001.4,1001.4,2.7,5.2
2024-05-19 10:55:00+02:00,17.3,17.3,18.3,14.1,82.0,21.7,85.0,148.3,1.0,0.0,0.5,4.1,0.0,0.5,44.1,100.2,1.3,4.7,131.0,1001.4,1001.4,2.7,5.2
2024-05-19 11:00:00+02:00,17.3,17.3,18.1,14.3,83.0,21.7,85.0,189.0,1.0,0.0,0.5,4.1,0.0,0.5,44.1,100.2,2.7,5.0,234.0,1001.4,1001.4,2.7,5.2
2024-05-19 11:05:00+02:00,17.3,17.3,18.4,14.5,83.0,21.8,85.0,262.9,2.0,0.6,0.6,4.2,0.1,0.6,44.2,100.3,1.5,6.1,167.0,1001.3,1001.3,2.7,5.2
2024-05-19 11:10:00+02:00,17.5,17.5,18.8,14.7,84.0,21.8,85.0,546.2,5.0,0.6,0.6,4.2,0.1,0.6,44.2,100.3,1.1,6.1,47.0,1001.4,1001.4,2.7,5.2
2024-05-19 11:15:00+02:00,18.0,18.0,19.3,14.6,80.0,22.0,85.0,656.5,6.0,0.6,0.6,4.2,0.1,0.6,44.2,100.3,1.2,5.8,195.0,1001.3,1001.3,2.7,5.2
2024-05-19 11:20:00+02:00,18.7,18.7,19.4,14.4,76.0,22.1,85.0,650.1,6.0,0.0,0.6,4.2,0.1,0.6,44.2,100.3,3.5,7.9,147.0,1001.4,1001.4,2.7,5.2
2024-05-19 11:25:00+02:00,19.5,19.5,20.1,14.5,73.0,22.2,85.0,558.0,5.0,0.0,0.6,4.2,0.1,0.6,44.2,100.3,4.0,13.3,217.0,1001.3,1001.3,2.7,5.2
2024-05-19 11:30:00+02:00,19.8,19.8,20.3,14.3,71.0,22.4,85.0,564.6,5.0,0.0,0.6,4.2,0.1,0.6,44.2,100.3,4.4,10.1,88.0,1001.2,1001.2,2.7,5.2
2024-05-19 11:35:00+02:00,19.8,19.8,20.4,14.1,70.0,22.7,86.0,523.0,4.0,0.0,0.6,4.2,0.1,0.6,44.2,100.3,3.5,10.1,206.0,1001.3,1001.3,2.7,5.3
2024-05-19 11:40:00+02:00,20.3,20.3,20.9,14.3,69.0,22.8,86.0,459.9,4.0,0.0,0.6,4.2,0.1,0.6,44.2,100.3,3.6,6.8,112.0,1001.2,1001.2,2.7,5.3
2024-05-19 11:45:00+02:00,19.5,19.5,19.8,14.1,71.0,23.1,86.0,486.4,4.0,0.0,0.6,4.2,0.1,0.6,44.2,100.3,5.0,12.2,357.0,1001.1,1001.1,2.7,5.3
2024-05-19 11:50:00+02:00,19.3,19.3,19.7,14.1,72.0,23.2,86.0,566.1,5.0,0.0,0.6,4.2,0.1,0.6,44.2,100.3,5.0,19.1,279.0,1001.0,1001.0,2.7,5.3
2024-05-19 11:55:00+02:00,19.8,19.8,20.6,14.4,71.0,23.4,85.0,222.3,2.0,0.0,0.6,4.2,0.1,0.6,44.2,100.3,2.9,7.6,85.0,1001.1,1001.1,2.7,5.3
2024-05-19 12:00:00+02:00,19.7,19.7,20.2,13.9,69.0,23.6,85.0,194.3,1.0,0.0,0.6,4.2,0.1,0.6,44.2,100.3,3.7,7.2,223.0,1001.1,1001.1,2.7,5.3
2024-05-19 12:05:00+02:00,19.7,19.7,20.8,14.2,70.0,23.7,85.0,250.6,2.0,0.0,0.6,4.2,0.0,0.6,44.2,100.3,0.7,5.4,283.0,1001.0,1001.0,2.7,5.3
2024-05-19 12:10:00+02:00,19.4,19.4,20.2,14.2,72.0,23.8,85.0,461.3,4.0,0.0,0.6,4.2,0.0,0.6,44.2,100.3,3.0,8.3,208.0,1001.0,1001.0,2.7,5.3
2024-05-19 12:15:00+02:00,19.8,19.8,20.7,14.3,71.0,24.0,85.0,564.1,5.0,0.0,0.6,4.2,0.0,0.6,44.2,100.3,2.4,7.2,132.0,1001.0,1001.0,2.7,5.3
2024-05-19 12:20:00+02:00,20.2,20.2,21.1,14.7,71.0,24.1,85.0,606.9,5.0,0.0,0.6,4.2,0.0,0.6,44.2,100.3,3.1,6.8,113.0,1001.1,1001.1,2.7,5.3
2024-05-19 12:25:00+02:00,20.9,20.9,21.3,14.5,67.0,24.2,85.0,634.2,5.0,0.0,0.6,4.2,0.0,0.6,44.2,100.3,5.1,13.7,274.0,1001.0,1001.0,2.7,5.3
2024-05-19 12:30:00+02:00,21.8,21.8,22.6,14.3,62.0,24.4,85.0,578.8,5.0,0.0,0.6,4.2,0.0,0.6,44.2,100.3,2.7,9.7,226.0,1001.1,1001.1,2.7,5.3
2024-05-19 12:35:00+02:00,21.4,21.4,22.1,14.4,64.0,24.6,85.0,466.4,4.0,0.0,0.6,4.2,0.0,0.6,44.2,100.3,3.6,9.7,221.0,1001.1,1001.1,2.7,5.3
2024-05-19 12:40:00+02:00,20.6,20.6,21.3,14.1,66.0,24.8,85.0,426.4,3.0,0.0,0.6,4.2,0.0,0.6,44.2,100.3,3.0,11.2,249.0,1000.9,1000.9,2.7,5.3
2024-05-19 12:45:00+02:00,20.5,20.5,21.6,14.4,68.0,24.9,85.0,611.8,5.0,0.0,0.6,4.2,0.0,0.6,44.2,100.3,1.3,5.4,198.0,1001.0,1001.0,2.7,5.3
2024-05-19 12:50:00+02:00,21.3,21.3,21.8,14.6,66.0,25.1,85.0,655.8,6.0,0.0,0.6,4.2,0.0,0.6,44.2,100.3,4.9,14.0,175.0,1000.9,1000.9,2.7,5.3
2024-05-19 12:55:00+02:00,20.8,20.8,20.9,13.8,64.0,25.2,85.0,722.8,6.0,0.0,0.6,4.2,0.0,0.6,44.2,100.3,5.8,9.0,212.0,1000.9,1000.9,2.7,5.3
2024-05-19 13:00:00+02:00,21.2,21.2,21.8,14.2,64.0,25.4,84.0,716.8,6.0,0.0,0.6,4.2,0.0,0.6,44.2,100.3,3.9,12.2,221.0,1000.9,1000.9,2.7,5.3
2024-05-19 13:05:00+02:00,20.8,20.8,21.2,13.9,65.0,25.5,84.0,230.9,2.0,0.0,0.6,4.2,0.0,0.6,44.2,100.3,4.0,14.0,270.0,1000.9,1000.9,2.7,5.3
2024-05-19 13:10:00+02:00,20.1,20.1,20.6,13.7,67.0,25.6,84.0,223.8,2.0,0.0,0.6,4.2,0.0,0.6,44.2,100.3,3.5,13.0,231.0,1001.0,1001.0,2.7,5.3
2024-05-19 13:15:00+02:00,19.9,19.9,20.2,13.7,67.0,25.7,84.0,253.1,2.0,0.0,0.6,4.2,0.0,0.6,44.2,100.3,4.5,12.2,273.0,1001.1,1001.1,2.7,5.3
2024-05-19 13:20:00+02:00,19.5,19.5,19.6,13.2,67.0,25.8,84.0,278.9,2.0,0.0,0.6,4.2,0.0,0.6,44.2,100.3,4.4,12.2,265.0,1001.0,1001.0,2.7,5.3
2024-05-19 13:25:00+02:00,19.9,19.9,20.2,13.5,67.0,25.9,84.0,398.4,3.0,0.0,0.6,4.2,0.0,0.6,44.2,100.3,4.0,7.9,235.0,1000.9,1000.9,2.7,5.3
2024-05-19 13:30:00+02:00,19.8,19.8,20.5,14.3,70.0,26.0,84.0,316.3,2.0,0.0,0.6,4.2,0.0,0.6,44.2,100.3,3.8,8.6,143.0,1000.8,1000.8,2.7,5.3
2024-05-19 13:35:00+02:00,20.0,20.0,20.8,14.0,68.0,26.0,84.0,230.4,2.0,0.0,0.6,4.2,0.0,0.6,44.2,100.3,2.3,5.8,159.0,1000.8,1000.8,2.7,5.3
2024-05-19 13:40:00+02:00,19.3,19.3,19.6,13.8,71.0,26.1,84.0,222.0,2.0,0.0,0.6,4.2,0.0,0.6,44.2,100.3,4.8,9.4,133.0,1000.7,1000.7,2.7,5.3
2024-05-19 13:45:00+02:00,19.0,19.0,19.4,13.6,71.0,26.1,84.0,176.2,1.0,0.0,0.6,4.2,0.0,0.6,44.2,100.3,3.5,7.9,90.0,1000.7,1000.7,2.7,5.3
2024-05-19 13:50:00+02:00,18.9,18.9,19.6,13.6,71.0,26.1,84.0,201.7,1.0,0.0,0.6,4.2,0.0,0.6,44.2,100.3,2.2,10.4,167.0,1000.8,1000.8,2.7,5.3
2024-05-19 13:55:00+02:00,19.3,19.3,20.1,13.5,69.0,26.2,84.0,224.8,2.0,0.0,0.6,4.2,0.0,0.6,44.2,100.3,1.9,7.2,241.0,1000.8,1000.8,2.7,5.3
2024-05-19 14:00:00+02:00,19.4,19.4,20.0,13.3,68.0,26.2,84.0,246.7,2.0,0.0,0.6,4.2,0.0,0.6,44.2,100.3,2.2,6.1,140.0,1000.7,1000.7,2.7,5.3
2024-05-19 14:05:00+02:00,19.3,19.3,19.8,13.8,71.0,26.2,84.0,530.6,4.0,0.0,0.6,4.2,0.0,0.6,44.2,100.3,3.4,9.4,111.0,1000.8,1000.8,2.7,5.3
2024-05-19 14:10:00+02:00,20.4,20.4,21.0,14.0,67.0,26.2,84.0,672.1,6.0,0.0,0.6,4.2,0.0,0.6,44.2,100.3,3.7,6.5,231.0,1000.7,1000.7,2.7,5.3
2024-05-19 14:15:00+02:00,21.5,21.5,22.2,14.1,63.0,26.3,84.0,677.0,6.0,0.0,0.6,4.2,0.0,0.6,44.2,100.3,3.0,10.4,243.0,1000.5,1000.5,2.7,5.3
2024-05-19 14:20:00+02:00,22.5,22.5,23.1,13.9,58.0,26.5,84.0,671.6,6.0,0.0,0.6,4.2,0.0,0.6,44.2,100.3,2.9,7.2,207.0,1000.5,1000.5,2.7,5.3
2024-05-19 14:25:00+02:00,21.7,21.7,22.2,14.2,63.0,26.7,84.0,345.9,3.0,0.0,0.6,4.2,0.0,0.6,44.2,100.3,4.0,9.0,110.0,1000.5,1000.5,2.7,5.3
2024-05-19 14:30:00+02:00,21.3,21.3,21.9,13.7,62.0,26.7,83.0,283.5,2.0,0.0,0.6,4.2,0.0,0.6,44.2,100.3,2.9,5.8,210.0,1000.4,1000.4,2.7,5.3
2024-05-19 14:35:00+02:00,20.4,20.4,20.4,13.9,66.0,26.7,83.0,262.4,2.0,0.0,0.6,4.2,0.0,0.6,44.2,100.3,6.5,12.2,107.0,1000.3,1000.3,2.7,5.3
2024-05-19 14:40:00+02:00,19.4,19.4,19.8,14.2,72.0,26.8,83.0,362.4,3.0,0.0,0.6,4.2,0.0,0.6,44.2,100.3,4.6,10.4,123.0,1000.2,1000.2,2.7,5.3
2024-05-19 14:45:00+02:00,20.4,20.4,21.2,13.9,66.0,26.8,83.0,583.9,5.0,0.0,0.6,4.2,0.0,0.6,44.2,100.3,2.5,7.2,139.0,1000.3,1000.3,2.7,5.3
2024-05-19 14:50:00+02:00,20.8,20.8,21.4,13.9,65.0,26.9,83.0,301.9,2.0,0.0,0.6,4.2,0.0,0.6,44.2,100.3,3.3,8.6,126.0,1000.1,1000.1,2.7,5.3
2024-05-19 14:55:00+02:00,20.2,20.2,20.7,14.0,68.0,26.9,83.0,247.0,2.0,0.0,0.6,4.2,0.0,0.6,44.2,100.3,4.0,13.7,102.0,1000.0,1000.0,2.7,5.3
2024-05-19 15:00:00+02:00,19.8,19.8,20.2,13.8,68.0,26.9,83.0,270.5,2.0,0.0,0.6,4.2,0.0,0.6,44.2,100.3,4.4,11.5,159.0,1000.1,1000.1,2.7,5.3
2024-05-19 15:05:00+02:00,20.4,20.4,20.9,13.5,65.0,26.9,83.0,242.5,2.0,0.0,0.6,4.2,0.0,0.6,44.2,100.3,3.1,6.5,262.0,1000.2,1000.2,2.7,5.3
2024-05-19 15:10:00+02:00,20.5,20.5,20.4,13.8,65.0,27.0,83.0,148.2,1.0,0.0,0.6,4.2,0.0,0.6,44.2,100.3,6.3,13.3,266.0,1000.3,1000.3,2.7,5.3
2024-05-19 15:15:00+02:00,19.6,19.6,20.2,14.1,70.0,27.0,84.0,144.3,1.0,0.0,0.6,4.2,0.0,0.6,44.2,100.3,3.7,13.3,270.0,1000.3,1000.3,2.7,5.3
2024-05-19 15:20:00+02:00,19.6,19.6,20.3,14.3,71.0,27.0,83.0,162.0,1.0,0.0,0.6,4.2,0.0,0.6,44.2,100.3,3.5,6.8,214.0,1000.3,1000.3,2.7,5.3
2024-05-19 15:25:00+02:00,19.8,19.8,20.7,14.2,70.0,27.0,84.0,157.5,1.0,0.0,0.6,4.2,0.0,0.6,44.2,100.3,1.7,4.3,284.0,1000.2,1000.2,2.7,5.3
2024-05-19 15:30:00+02:00,19.9,19.9,20.8,14.2,70.0,27.0,84.0,132.2,1.0,0.0,0.6,4.2,0.0,0.6,44.2,100.3,2.5,5.8,250.0,1000.4,1000.4,2.7,5.3
2024-05-19 15:35:00+02:00,19.4,19.4,19.6,14.4,73.0,27.0,84.0,85.2,0.0,0.0,0.6,4.2,0.0,0.6,44.2,100.3,5.8,13.3,295.0,1000.4,1000.4,2.7,5.3
2024-05-19 15:40:00+02:00,17.9,17.9,16.2,11.2,65.0,27.0,84.0,15.9,0.0,0.0,0.6,4.2,0.0,0.6,44.2,100.3,10.4,23.8,297.0,1000.5,1000.5,2.7,5.3
2024-05-19 15:45:00+02:00,16.7,16.7,14.8,10.5,67.0,26.9,83.0,11.7,0.0,0.0,0.6,4.2,0.0,0.6,44.2,100.3,10.7,20.5,329.0,1000.5,1000.5,2.7,5.3
2024-05-19 15:50:00+02:00,16.1,16.1,15.5,11.7,75.0,26.9,83.0,22.8,0.0,1.2,0.8,4.4,0.2,0.8,44.4,100.5,5.8,19.4,330.0,1000.6,1000.6,2.7,5.3
2024-05-19 15:55:00+02:00,15.3,15.3,15.1,11.8,80.0,26.8,82.0,30.2,0.0,1.8,0.9,4.5,0.3,0.9,44.5,100.6,3.9,9.7,286.0,1000.6,1000.6,2.7,5.2
2024-05-19 16:00:00+02:00,15.1,15.1,15.5,12.4,84.0,26.7,82.0,34.0,0.0,1.8,1.1,4.7,0.5,1.1,44.7,100.8,1.9,4.0,285.0,1000.6,1000.6,2.7,5.2
2024-05-19 16:05:00+02:00,15.0,15.0,15.8,12.5,85.0,26.6,82.0,32.3,0.0,2.4,1.3,4.9,0.7,1.3,44.9,101.0,0.0,3.2,306.0,1000.5,1000.5,2.7,5.2
2024-05-19 16:10:00+02:00,14.9,14.9,15.4,12.8,87.0,26.5,82.0,21.6,0.0,1.8,1.4,5.0,0.8,1.4,45.0,101.1,2.2,4.3,98.0,1000.4,1000.4,2.7,5.2
2024-05-19 16:15:00+02:00,14.7,14.7,15.1,13.1,90.0,26.3,81.0,17.8,0.0,1.2,1.4,5.0,0.8,1.4,45.0,101.1,2.9,4.7,106.0,1000.4,1000.4,2.7,5.2
2024-05-19 16:20:00+02:00,14.6,14.6,15.0,13.1,91.0,26.2,81.0,18.4,0.0,0.6,1.4,5.0,0.8,1.4,45.0,101.1,2.8,4.0,122.0,1000.3,1000.3,2.7,5.2
2024-05-19 16:25:00+02:00,14.5,14.5,15.0,13.1,91.0,26.1,81.0,20.1,0.0,0.6,1.5,5.1,0.9,1.5,45.1,101.2,2.4,4.0,125.0,1000.4,1000.4,2.7,5.1
2024-05-19 16:30:00+02:00,14.6,14.6,15.3,13.3,92.0,26.0,81.0,25.1,0.0,0.6,1.5,5.1,0.9,1.5,45.1,101.2,1.3,2.9,139.0,1000.3,1000.3,2.7,5.1
2024-05-19 16:35:00+02:00,14.7,14.7,15.2,13.5,93.0,25.9,81.0,32.1,0.0,0.6,1.5,5.1,0.9,1.5,45.1,101.2,2.8,4.3,121.0,1000.4,1000.4,2.7,5.1
2024-05-19 16:40:00+02:00,14.7,14.7,15.3,13.6,93.0,25.8,81.0,37.8,0.0,0.0,1.5,5.1,0.9,1.5,45.1,101.2,2.4,4.3,123.0,1000.4,1000.4,2.7,5.1
2024-05-19 16:45:00+02:00,14.8,14.8,16.0,13.9,94.0,25.7,81.0,43.9,0.0,0.0,1.5,5.1,0.9,1.5,45.1,101.2,0.4,2.5,115.0,1000.5,1000.5,2.7,5.1
2024-05-19 16:50:00+02:00,15.0,15.0,16.1,14.1,94.0,25.5,81.0,57.7,0.0,0.0,1.5,5.1,0.7,1.5,45.1,101.2,1.1,3.6,104.0,1000.5,1000.5,2.7,5.1
2024-05-19 16:55:00+02:00,15.3,15.3,16.4,14.4,94.0,25.5,81.0,65.8,0.0,0.0,1.5,5.1,0.6,1.5,45.1,101.2,1.4,4.7,83.0,1000.4,1000.4,2.7,5.1
2024-05-19 17:00:00+02:00,15.6,15.6,16.9,14.6,94.0,25.4,81.0,74.1,0.0,0.0,1.5,5.1,0.4,1.5,45.1,101.2,0.8,3.6,104.0,1000.4,1000.4,2.7,5.1
2024-05-19 17:05:00+02:00,15.8,15.8,17.2,14.8,94.0,25.3,81.0,105.5,0.0,0.0,1.5,5.1,0.2,1.5,45.1,101.2,0.7,3.6,133.0,1000.3,1000.3,2.7,5.1
2024-05-19 17:10:00+02:00,16.1,16.1,17.2,15.1,94.0,25.2,81.0,121.2,1.0,0.0,1.5,5.1,0.1,1.5,45.1,101.2,2.4,4.0,140.0,1000.3,1000.3,2.7,5.1
2024-05-19 17:15:00+02:00,16.4,16.4,17.7,15.4,94.0,25.1,81.0,125.9,1.0,0.0,1.5,5.1,0.1,1.5,45.1,101.2,2.3,7.9,126.0,1000.1,1000.1,2.7,5.2
2024-05-19 17:20:00+02:00,16.3,16.3,17.5,14.9,91.0,25.1,81.0,126.8,1.0,0.0,1.5,5.1,0.1,1.5,45.1,101.2,1.7,7.6,110.0,1000.3,1000.3,2.7,5.2
2024-05-19 17:25:00+02:00,16.4,16.4,17.3,14.7,90.0,25.0,81.0,135.4,1.0,0.0,1.5,5.1,0.0,1.5,45.1,101.2,3.1,6.8,122.0,1000.3,1000.3,2.7,5.2
2024-05-19 17:30:00+02:00,16.6,16.6,17.7,14.7,88.0,25.0,81.0,145.2,1.0,0.0,1.5,5.1,0.0,1.5,45.1,101.2,2.4,5.0,142.0,1000.3,1000.3,2.7,5.2
2024-05-19 17:35:00+02:00,16.7,16.7,17.6,14.7,88.0,24.9,81.0,153.7,1.0,0.0,1.5,5.1,0.0,1.5,45.1,101.2,3.2,5.4,127.0,1000.3,1000.3,2.7,5.2
2024-05-19 17:40:00+02:00,16.9,16.9,18.0,14.8,87.0,24.9,81.0,154.6,1.0,0.0,1.5,5.1,0.0,1.5,45.1,101.2,2.6,5.0,291.0,1000.3,1000.3,2.7,5.2
2024-05-19 17:45:00+02:00,17.1,17.1,18.7,14.8,86.0,24.8,81.0,157.5,1.0,0.0,1.5,5.1,0.0,1.5,45.1,101.2,0.0,5.8,248.0,1000.3,1000.3,2.7,5.2
2024-05-19 17:50:00+02:00,17.4,17.4,18.6,14.9,86.0,24.8,82.0,166.0,1.0,0.0,1.5,5.1,0.0,1.5,45.1,101.2,1.7,4.7,217.0,1000.2,1000.2,2.7,5.2
2024-05-19 17:55:00+02:00,17.6,17.6,18.7,14.9,85.0,24.8,82.0,190.5,1.0,0.0,1.5,5.1,0.0,1.5,45.1,101.2,2.2,7.9,144.0,1000.2,1000.2,2.7,5.2
2024-05-19 18:00:00+02:00,17.6,17.6,19.0,14.8,84.0,24.7,82.0,180.3,1.0,0.0,1.5,5.1,0.0,1.5,45.1,101.2,0.7,4.7,130.0,1000.3,1000.3,2.7,5.2
2024-05-19 18:05:00+02:00,17.7,17.7,18.5,14.5,82.0,24.7,82.0,160.5,1.0,0.0,1.5,5.1,0.0,1.5,45.1,101.2,3.0,7.6,177.0,1000.2,1000.2,2.7,5.2
2024-05-19 18:10:00+02:00,17.6,17.6,18.6,14.7,83.0,24.6,82.0,143.2,1.0,0.0,1.5,5.1,0.0,1.5,45.1,101.2,2.4,5.8,140.0,1000.0,1000.0,2.7,5.2
2024-05-19 18:15:00+02:00,17.7,17.7,18.7,14.6,82.0,24.6,82.0,137.8,1.0,0.0,1.5,5.1,0.0,1.5,45.1,101.2,2.2,6.1,194.0,1000.0,1000.0,2.7,5.2
2024-05-19 18:20:00+02:00,17.5,17.5,18.4,14.6,83.0,24.6,82.0,125.8,1.0,0.0,1.5,5.1,0.0,1.5,45.1,101.2,3.3,7.6,252.0,1000.0,1000.0,2.7,5.2
2024-05-19 18:25:00+02:00,17.3,17.3,17.7,14.6,84.0,24.6,82.0,123.1,1.0,0.0,1.5,5.1,0.0,1.5,45.1,101.2,5.3,7.9,281.0,1000.2,1000.2,2.7,5.2
2024-05-19 18:30:00+02:00,17.3,17.3,18.6,14.6,84.0,24.5,82.0,147.2,1.0,0.0,1.5,5.1,0.0,1.5,45.1,101.2,1.4,6.8,237.0,1000.0,1000.0,2.7,5.2
2024-05-19 18:35:00+02:00,17.5,17.5,18.5,14.5,82.0,24.5,82.0,147.0,1.0,0.0,1.5,5.1,0.0,1.5,45.1,101.2,2.2,10.1,209.0,1000.1,1000.1,2.7,5.2
2024-05-19 18:40:00+02:00,17.4,17.4,18.5,13.8,79.0,24.5,82.0,114.8,1.0,0.0,1.5,5.1,0.0,1.5,45.1,101.2,0.8,10.1,205.0,1000.1,1000.1,2.7,5.2
2024-05-19 18:45:00+02:00,17.4,17.4,17.9,13.4,78.0,24.5,82.0,92.0,0.0,0.0,1.5,5.1,0.0,1.5,45.1,101.2,3.0,7.6,214.0,1000.1,1000.1,2.7,5.2
2024-05-19 18:50:00+02:00,17.1,17.1,17.7,13.4,79.0,24.4,82.0,70.5,0.0,0.0,1.5,5.1,0.0,1.5,45.1,101.2,2.2,7.2,222.0,1000.1,1000.1,2.7,5.2
2024-05-19 18:55:00+02:00,16.8,16.8,17.8,13.3,80.0,24.4,82.0,64.5,0.0,0.0,1.5,5.1,0.0,1.5,45.1,101.2,0.5,7.2,151.0,1000.1,1000.1,2.7,5.2
2024-05-19 19:00:00+02:00,16.8,16.8,17.6,13.4,80.0,24.4,82.0,57.5,0.0,0.0,1.5,5.1,0.0,1.5,45.1,101.2,1.4,3.6,109.0,1000.2,1000.2,2.7,5.2
2024-05-19 19:05:00+02:00,16.8,16.8,17.5,13.5,81.0,24.4,82.0,56.4,0.0,0.0,1.5,5.1,0.0,1.5,45.1,101.2,1.5,4.3,187.0,1000.1,1000.1,2.7,5.2
2024-05-19 19:10:00+02:00,16.7,16.7,17.0,13.1,79.0,24.3,82.0,53.8,0.0,0.0,1.5,5.1,0.0,1.5,45.1,101.2,3.4,9.0,242.0,1000.1,1000.1,2.7,5.2
2024-05-19 19:15:00+02:00,16.3,16.3,16.0,12.8,80.0,24.3,82.0,48.5,0.0,0.0,1.5,5.1,0.0,1.5,45.1,101.2,6.0,13.3,283.0,1000.2,1000.2,2.7,5.2
2024-05-19 19:20:00+02:00,16.2,16.2,16.7,12.8,80.0,24.2,82.0,53.9,0.0,0.0,1.5,5.1,0.0,1.5,45.1,101.2,2.2,9.0,195.0,1000.4,1000.4,2.7,5.2
2024-05-19 19:25:00+02:00,16.2,16.2,16.7,12.8,80.0,24.2,82.0,55.0,0.0,0.0,1.5,5.1,0.0,1.5,45.1,101.2,2.1,3.6,248.0,1000.6,1000.6,2.7,5.2
2024-05-19 19:30:00+02:00,16.3,16.3,16.8,12.9,80.0,24.1,82.0,49.8,0.0,0.0,1.5,5.1,0.0,1.5,45.1,101.2,1.7,4.7,287.0,1000.5,1000.5,2.7,5.2
2024-05-19 19:35:00+02:00,16.2,16.2,16.8,12.8,80.0,24.1,82.0,44.6,0.0,0.0,1.5,5.1,0.0,1.5,45.1,101.2,1.3,4.7,296.0,1000.5,1000.5,2.7,5.2
2024-05-19 19:40:00+02:00,16.1,16.1,16.9,12.8,81.0,24.1,82.0,37.8,0.0,0.0,1.5,5.1,0.0,1.5,45.1,101.2,0.4,3.6,260.0,1000.5,1000.5,2.7,5.2
2024-05-19 19:45:00+02:00,16.1,16.1,16.7,12.8,81.0,24.0,82.0,41.5,0.0,0.0,1.5,5.1,0.0,1.5,45.1,101.2,1.2,6.1,201.0,1000.6,1000.6,2.7,5.2
2024-05-19 19:50:00+02:00,16.0,16.0,16.3,12.7,81.0,24.0,82.0,43.2,0.0,0.0,1.5,5.1,0.0,1.5,45.1,101.2,2.7,5.0,297.0,1000.5,1000.5,2.7,5.2
2024-05-19 19:55:00+02:00,16.0,16.0,16.7,12.9,82.0,23.9,82.0,39.2,0.0,0.0,1.5,5.1,0.0,1.5,45.1,101.2,0.9,3.2,284.0,1000.5,1000.5,2.7,5.2
2024-05-19 20:00:00+02:00,16.0,16.0,16.6,12.9,82.0,23.9,82.0,38.3,0.0,0.0,1.5,5.1,0.0,1.5,45.1,101.2,1.4,4.7,147.0,1000.4,1000.4,2.7,5.2
2024-05-19 20:05:00+02:00,16.0,16.0,16.8,12.9,82.0,23.8,82.0,33.9,0.0,0.0,1.5,5.1,0.0,1.5,45.1,101.2,0.4,4.7,76.0,1000.5,1000.5,2.7,5.2
2024-05-19 20:10:00+02:00,16.0,16.0,16.9,12.9,82.0,23.8,82.0,26.7,0.0,0.0,1.5,5.1,0.0,1.5,45.1,101.2,0.0,2.5,260.0,1000.5,1000.5,2.7,5.2
2024-05-19 20:15:00+02:00,15.9,15.9,16.6,12.9,82.0,23.7,82.0,22.9,0.0,0.0,1.5,5.1,0.0,1.5,45.1,101.2,1.4,2.9,100.0,1000.4,1000.4,2.7,5.2
2024-05-19 20:20:00+02:00,15.9,15.9,16.8,13.0,83.0,23.7,82.0,18.6,0.0,0.0,1.5,5.1,0.0,1.5,45.1,101.2,0.4,3.6,89.0,1000.3,1000.3,2.7,5.2
2024-05-19 20:25:00+02:00,15.8,15.8,16.7,13.1,84.0,23.6,82.0,15.8,0.0,0.6,1.6,5.2,0.1,1.6,45.2,101.3,0.4,2.5,89.0,1000.2,1000.2,2.7,5.2
2024-05-19 20:30:00+02:00,15.8,15.8,16.7,13.2,85.0,23.6,82.0,12.2,0.0,0.6,1.6,5.2,0.1,1.6,45.2,101.3,0.4,1.8,115.0,1000.3,1000.3,2.7,5.2
2024-05-19 20:35:00+02:00,15.6,15.6,16.3,13.3,86.0,23.5,82.0,9.9,0.0,0.0,1.6,5.2,0.1,1.6,45.2,101.3,1.3,3.2,122.0,1000.2,1000.2,2.7,5.2
2024-05-19 20:40:00+02:00,15.3,15.3,15.9,12.9,85.0,23.5,82.0,7.9,0.0,0.6,1.7,5.3,0.2,1.7,45.3,101.4,1.3,3.6,128.0,1000.4,1000.4,2.7,5.2
2024-05-19 20:45:00+02:00,15.2,15.2,15.8,13.1,87.0,23.4,82.0,6.5,0.0,1.2,1.8,5.4,0.3,1.8,45.4,101.5,2.1,3.6,131.0,1000.4,1000.4,2.7,5.1
2024-05-19 20:50:00+02:00,15.0,15.0,15.7,13.3,89.0,23.3,82.0,5.5,0.0,0.6,1.8,5.4,0.3,1.8,45.4,101.5,1.9,4.0,123.0,1000.4,1000.4,2.7,5.1
2024-05-19 20:55:00+02:00,14.9,14.9,15.3,13.1,89.0,23.3,82.0,4.1,0.0,0.6,1.8,5.4,0.3,1.8,45.4,101.5,2.9,4.3,115.0,1000.4,1000.4,2.7,5.1
2024-05-19 21:00:00+02:00,14.8,14.8,15.7,13.2,90.0,23.2,82.0,3.1,0.0,0.0,1.8,5.4,0.3,1.8,45.4,101.5,0.7,3.2,143.0,1000.4,1000.4,2.7,5.1
2024-05-19 21:05:00+02:00,14.8,14.8,15.4,13.0,89.0,23.2,82.0,2.3,0.0,0.6,1.9,5.5,0.4,1.9,45.5,101.6,1.5,2.9,131.0,1000.6,1000.6,2.7,5.1
2024-05-19 21:10:00+02:00,14.8,14.8,15.8,13.1,90.0,23.1,82.0,1.6,0.0,1.2,2.0,5.6,0.5,2.0,45.6,101.7,0.0,2.9,139.0,1000.6,1000.6,2.7,5.1
2024-05-19 21:15:00+02:00,14.7,14.7,15.3,13.3,91.0,23.1,82.0,0.9,0.0,1.8,2.2,5.8,0.7,2.2,45.8,101.9,2.2,4.0,133.0,1000.5,1000.5,2.7,5.1
2024-05-19 21:20:00+02:00,14.6,14.6,14.8,13.2,91.0,23.0,82.0,0.5,0.0,1.8,2.3,5.9,0.8,2.3,45.9,102.0,4.2,6.5,121.0,1000.4,1000.4,2.7,5.1
2024-05-19 21:25:00+02:00,14.6,14.6,14.9,13.1,91.0,22.9,82.0,0.3,0.0,1.2,2.4,6.0,0.8,2.4,46.0,102.1,3.2,6.5,120.0,1000.5,1000.5,2.7,5.0
2024-05-19 21:30:00+02:00,14.6,14.6,15.3,13.3,92.0,22.8,82.0,0.2,0.0,1.2,2.4,6.0,0.8,2.4,46.0,102.1,1.2,3.2,146.0,1000.6,1000.6,2.7,5.0
2024-05-19 21:35:00+02:00,14.5,14.5,15.1,13.2,92.0,22.8,82.0,0.2,0.0,0.6,2.5,6.1,0.9,2.5,46.1,102.2,1.8,3.2,125.0,1000.6,1000.6,2.7,5.0
2024-05-19 21:40:00+02:00,14.4,14.4,15.4,13.2,93.0,22.7,82.0,0.1,0.0,0.6,2.5,6.1,0.8,2.5,46.1,102.2,0.0,2.5,110.0,1000.6,1000.6,2.7,5.0
2024-05-19 21:45:00+02:00,14.3,14.3,15.3,13.2,93.0,22.7,82.0,0.1,0.0,0.6,2.5,6.1,0.7,2.5,46.1,102.2,0.4,2.2,124.0,1000.7,1000.7,2.7,5.0
2024-05-19 21:50:00+02:00,14.3,14.3,15.0,13.1,93.0,22.6,82.0,0.0,0.0,0.0,2.5,6.1,0.7,2.5,46.1,102.2,1.3,3.2,101.0,1000.7,1000.7,2.7,5.0
2024-05-19 21:55:00+02:00,14.2,14.2,14.9,13.1,93.0,22.6,82.0,0.0,0.0,0.0,2.5,6.1,0.7,2.5,46.1,102.2,1.6,3.6,134.0,1000.8,1000.8,2.7,4.9
2024-05-19 22:00:00+02:00,14.2,14.2,15.0,13.2,94.0,22.5,82.0,0.0,0.0,0.0,2.5,6.1,0.7,2.5,46.1,102.2,0.7,2.9,106.0,1001.0,1001.0,2.7,4.9
2024-05-19 22:05:00+02:00,14.0,14.0,14.8,13.1,94.0,22.4,82.0,0.0,0.0,0.0,2.5,6.1,0.6,2.5,46.1,102.2,0.6,3.6,131.0,1000.9,1000.9,2.7,4.9
2024-05-19 22:10:00+02:00,14.0,14.0,14.8,13.0,94.0,22.4,82.0,0.0,0.0,0.0,2.5,6.1,0.4,2.5,46.1,102.2,0.4,2.9,102.0,1001.1,1001.1,2.7,4.9
2024-05-19 22:15:00+02:00,13.8,13.8,14.6,12.9,94.0,22.3,82.0,0.0,0.0,0.0,2.5,6.1,0.3,2.5,46.1,102.2,0.4,2.2,103.0,1001.1,1001.1,2.7,4.9
2024-05-19 22:20:00+02:00,13.9,13.9,14.6,13.1,95.0,22.2,82.0,0.0,0.0,0.0,2.5,6.1,0.2,2.5,46.1,102.2,1.3,2.9,93.0,1001.1,1001.1,2.7,4.9
2024-05-19 22:25:00+02:00,13.9,13.9,14.8,13.1,95.0,22.2,82.0,0.0,0.0,0.0,2.5,6.1,0.1,2.5,46.1,102.2,0.0,4.3,89.0,1001.1,1001.1,2.7,4.9
2024-05-19 22:30:00+02:00,13.9,13.9,14.6,13.1,95.0,22.1,82.0,0.0,0.0,0.0,2.5,6.1,0.1,2.5,46.1,102.2,1.4,4.3,100.0,1001.1,1001.1,2.7,4.9
2024-05-19 22:35:00+02:00,13.8,13.8,14.7,13.1,95.0,22.1,82.0,0.0,0.0,0.0,2.5,6.1,0.0,2.5,46.1,102.2,0.7,3.2,122.0,1001.1,1001.1,2.7,4.9
2024-05-19 22:40:00+02:00,13.8,13.8,14.7,13.0,95.0,22.0,82.0,0.0,0.0,0.0,2.5,6.1,0.0,2.5,46.1,102.2,0.0,2.5,117.0,1001.2,1001.2,2.7,4.9
2024-05-19 22:45:00+02:00,13.8,13.8,14.8,13.2,96.0,22.0,82.0,0.0,0.0,0.0,2.5,6.1,0.0,2.5,46.1,102.2,0.0,1.8,14.0,1001.4,1001.4,2.7,4.9
2024-05-19 22:50:00+02:00,13.7,13.7,14.7,13.1,96.0,21.9,82.0,0.0,0.0,0.0,2.5,6.1,0.0,2.5,46.1,102.2,0.0,1.8,91.0,1001.4,1001.4,2.7,4.9
2024-05-19 22:55:00+02:00,13.7,13.7,14.4,13.1,96.0,21.8,82.0,0.0,0.0,0.0,2.5,6.1,0.0,2.5,46.1,102.2,0.9,2.9,94.0,1001.3,1001.3,2.7,4.9
2024-05-19 23:00:00+02:00,13.7,13.7,14.4,13.1,96.0,21.8,82.0,0.0,0.0,0.0,2.5,6.1,0.0,2.5,46.1,102.2,1.3,3.2,111.0,1001.3,1001.3,2.7,4.9
2024-05-19 23:05:00+02:00,13.7,13.7,14.7,13.1,96.0,21.8,82.0,0.0,0.0,0.0,2.5,6.1,0.0,2.5,46.1,102.2,0.0,2.9,114.0,1001.4,1001.4,2.7,4.9
2024-05-19 23:10:00+02:00,13.6,13.6,14.5,13.0,96.0,21.7,82.0,0.0,0.0,0.0,2.5,6.1,0.0,2.5,46.1,102.2,0.0,2.5,105.0,1001.3,1001.3,2.7,4.9
2024-05-19 23:15:00+02:00,13.6,13.6,14.5,13.0,96.0,21.7,82.0,0.0,0.0,0.0,2.5,6.1,0.0,2.5,46.1,102.2,0.0,2.2,107.0,1001.3,1001.3,2.7,4.9
2024-05-19 23:20:00+02:00,13.6,13.6,14.3,13.0,96.0,21.6,82.0,0.0,0.0,0.0,2.5,6.1,0.0,2.5,46.1,102.2,1.4,4.0,119.0,1001.2,1001.2,2.7,4.9
2024-05-19 23:25:00+02:00,13.6,13.6,14.3,13.2,97.0,21.5,82.0,0.0,0.0,0.0,2.5,6.1,0.0,2.5,46.1,102.2,1.6,3.2,117.0,1001.1,1001.1,2.7,4.9
2024-05-19 23:30:00+02:00,13.6,13.6,14.1,13.2,97.0,21.5,82.0,0.0,0.0,0.0,2.5,6.1,0.0,2.5,46.1,102.2,2.4,3.6,118.0,1001.1,1001.1,2.7,4.9
2024-05-19 23:35:00+02:00,13.6,13.6,14.2,13.2,97.0,21.4,82.0,0.0,0.0,0.0,2.5,6.1,0.0,2.5,46.1,102.2,2.2,3.6,106.0,1001.2,1001.2,2.7,4.9
2024-05-19 23:40:00+02:00,13.6,13.6,14.5,13.1,97.0,21.3,82.0,0.0,0.0,0.0,2.5,6.1,0.0,2.5,46.1,102.2,0.0,2.9,100.0,1001.0,1001.0,2.7,4.9
2024-05-19 23:45:00+02:00,13.6,13.6,14.5,13.1,97.0,21.3,82.0,0.0,0.0,0.0,2.5,6.1,0.0,2.5,46.1,102.2,0.0,1.8,314.0,1001.1,1001.1,2.7,4.8
2024-05-19 23:50:00+02:00,13.6,13.6,14.6,13.2,97.0,21.2,82.0,0.0,0.0,0.0,2.5,6.1,0.0,2.5,46.1,102.2,0.0,1.8,301.0,1001.2,1001.2,2.7,4.8
2024-05-19 23:55:00+02:00,13.6,13.6,14.5,13.1,97.0,21.2,82.0,0.0,0.0,0.0,2.5,6.1,0.0,2.5,46.1,102.2,0.0,1.8,63.0,1001.2,1001.2,2.7,4.8
2024-05-20 00:00:00+02:00,13.6,13.6,14.5,13.1,97.0,21.1,82.0,0.0,0.0,0.0,0.0,6.1,0.0,2.5,46.1,102.2,0.0,1.8,90.0,1001.2,1001.2,2.7,4.8
2024-05-20 00:05:00+02:00,13.5,13.5,14.1,13.1,97.0,21.1,82.0,0.0,0.0,0.0,0.0,6.1,0.0,2.5,46.1,102.2,1.9,2.9,110.0,1001.1,1001.1,2.7,4.8
2024-05-20 00:10:00+02:00,13.5,13.5,14.2,13.1,97.0,21.1,82.0,0.0,0.0,0.0,0.0,6.1,0.0,2.5,46.1,102.2,1.2,3.2,121.0,1001.2,1001.2,2.7,4.8
2024-05-20 00:15:00+02:00,13.4,13.4,14.0,13.0,97.0,21.0,82.0,0.0,0.0,0.0,0.0,6.1,0.0,2.5,46.1,102.2,1.7,2.9,113.0,1001.1,1001.1,2.7,4.8
2024-05-20 00:20:00+02:00,13.4,13.4,14.0,12.9,97.0,20.9,82.0,0.0,0.0,0.0,0.0,6.1,0.0,2.5,46.1,102.2,1.7,2.9,120.0,1001.2,1001.2,2.7,4.8
2024-05-20 00:25:00+02:00,13.4,13.4,14.0,13.1,98.0,20.8,82.0,0.0,0.0,0.0,0.0,6.1,0.0,2.5,46.1,102.2,2.1,3.6,122.0,1001.3,1001.3,2.7,4.8
2024-05-20 00:30:00+02:00,13.4,13.4,13.9,13.1,98.0,20.8,82.0,0.0,0.0,0.0,0.0,6.1,0.0,2.5,46.1,102.2,2.3,3.2,121.0,1001.2,1001.2,2.7,4.8
2024-05-20 00:35:00+02:00,13.3,13.3,13.9,13.0,98.0,20.8,82.0,0.0,0.0,0.0,0.0,6.1,0.0,2.5,46.1,102.2,2.2,3.2,113.0,1001.2,1001.2,2.7,4.8
2024-05-20 00:40:00+02:00,13.3,13.3,13.9,12.9,98.0,20.7,82.0,0.0,0.0,0.0,0.0,6.1,0.0,2.5,46.1,102.2,1.4,3.2,133.0,1001.2,1001.2,2.7,4.8
2024-05-20 00:45:00+02:00,13.3,13.3,14.0,12.9,98.0,20.7,82.0,0.0,0.0,0.0,0.0,6.1,0.0,2.5,46.1,102.2,0.9,3.2,102.0,1001.2,1001.2,2.7,4.8
2024-05-20 00:50:00+02:00,13.2,13.2,14.1,12.9,98.0,20.6,82.0,0.0,0.0,0.0,0.0,6.1,0.0,2.5,46.1,102.2,0.0,2.2,149.0,1001.1,1001.1,2.7,4.8
2024-05-20 00:55:00+02:00,13.1,13.1,13.6,12.7,98.0,20.6,82.0,0.0,0.0,0.0,0.0,6.1,0.0,2.5,46.1,102.2,1.4,3.2,125.0,1001.1,1001.1,2.7,4.8
2024-05-20 01:00:00+02:00,13.1,13.1,13.2,12.7,98.0,20.5,82.0,0.0,0.0,0.0,0.0,6.1,0.0,2.5,46.1,102.2,3.7,4.7,117.0,1001.1,1001.1,2.7,4.8
2024-05-20 01:05:00+02:00,13.0,13.0,13.5,12.6,98.0,20.4,82.0,0.0,0.0,0.0,0.0,6.1,0.0,2.5,46.1,102.2,1.4,4.0,114.0,1001.0,1001.0,2.7,4.8
2024-05-20 01:10:00+02:00,12.8,12.8,13.3,12.5,98.0,20.4,82.0,0.0,0.0,0.0,0.0,6.1,0.0,2.5,46.1,102.2,1.5,2.9,118.0,1001.2,1001.2,2.7,4.8
2024-05-20 01:15:00+02:00,12.7,12.7,13.4,12.4,98.0,20.3,82.0,0.0,0.0,0.0,0.0,6.1,0.0,2.5,46.1,102.2,0.4,2.9,113.0,1001.1,1001.1,2.7,4.8
2024-05-20 01:20:00+02:00,12.7,12.7,12.8,12.4,98.0,20.3,82.0,0.0,0.0,0.0,0.0,6.1,0.0,2.5,46.1,102.2,3.1,4.0,110.0,1001.2,1001.2,2.7,4.8
2024-05-20 01:25:00+02:00,12.6,12.6,12.8,12.3,98.0,20.2,82.0,0.0,0.0,0.0,0.0,6.1,0.0,2.5,46.1,102.2,3.0,4.3,111.0,1001.1,1001.1,2.7,4.8
2024-05-20 01:30:00+02:00,12.6,12.6,12.8,12.3,98.0,20.1,82.0,0.0,0.0,0.0,0.0,6.1,0.0,2.5,46.1,102.2,2.4,4.3,112.0,1001.1,1001.1,2.7,4.8
2024-05-20 01:35:00+02:00,12.5,12.5,13.0,12.1,98.0,20.1,82.0,0.0,0.0,0.0,0.0,6.1,0.0,2.5,46.1,102.2,0.9,4.3,102.0,1001.0,1001.0,2.7,4.7
2024-05-20 01:40:00+02:00,12.4,12.4,13.0,12.1,98.0,20.0,82.0,0.0,0.0,0.0,0.0,6.1,0.0,2.5,46.1,102.2,0.7,2.2,292.0,1001.1,1001.1,2.7,4.7
2024-05-20 01:45:00+02:00,12.6,12.6,12.9,12.3,98.0,19.9,82.0,0.0,0.0,0.0,0.0,6.1,0.0,2.5,46.1,102.2,2.4,4.3,68.0,1001.2,1001.2,2.7,4.7
2024-05-20 01:50:00+02:00,12.5,12.5,12.9,12.2,98.0,19.9,82.0,0.0,0.0,0.0,0.0,6.1,0.0,2.5,46.1,102.2,1.4,3.6,108.0,1001.3,1001.3,2.7,4.7
2024-05-20 01:55:00+02:00,12.4,12.4,12.9,12.1,98.0,19.8,82.0,0.0,0.0,0.0,0.0,6.1,0.0,2.5,46.1,102.2,1.0,3.2,90.0,1001.3,1001.3,2.7,4.7
2024-05-20 02:00:00+02:00,12.3,12.3,13.0,12.0,98.0,19.8,82.0,0.0,0.0,0.0,0.0,6.1,0.0,2.5,46.1,102.2,0.0,1.8,117.0,1001.2,1001.2,2.7,4.7
2024-05-20 02:05:00+02:00,12.4,12.4,13.0,12.1,98.0,19.7,82.0,0.0,0.0,0.0,0.0,6.1,0.0,2.5,46.1,102.2,0.4,2.9,42.0,1001.2,1001.2,2.7,4.7
2024-05-20 02:10:00+02:00,12.4,12.4,13.1,12.1,98.0,19.7,82.0,0.0,0.0,0.0,0.0,6.1,0.0,2.5,46.1,102.2,0.0,0.0,212.0,1001.5,1001.5,2.7,4.7
2024-05-20 02:15:00+02:00,12.4,12.4,13.1,12.1,98.0,19.6,82.0,0.0,0.0,0.0,0.0,6.1,0.0,2.5,46.1,102.2,0.0,0.0,292.0,1001.3,1001.3,2.7,4.7
2024-05-20 02:20:00+02:00,12.3,12.3,12.9,12.0,99.0,19.6,82.0,0.0,0.0,0.0,0.0,6.1,0.0,2.5,46.1,102.2,0.0,1.8,93.0,1001.5,1001.5,2.7,4.7
2024-05-20 02:25:00+02:00,12.2,12.2,12.9,12.1,99.0,19.5,82.0,0.0,0.0,0.0,0.0,6.1,0.0,2.5,46.1,102.2,0.0,2.2,84.0,1001.4,1001.4,2.7,4.7
2024-05-20 02:30:00+02:00,12.3,12.3,13.0,12.2,99.0,19.5,82.0,0.0,0.0,0.0,0.0,6.1,0.0,2.5,46.1,102.2,0.0,0.0,44.0,1001.3,1001.3,2.7,4.7
2024-05-20 02:35:00+02:00,12.3,12.3,12.8,12.1,99.0,19.5,82.0,0.0,0.0,0.0,0.0,6.1,0.0,2.5,46.1,102.2,0.9,2.9,100.0,1001.3,1001.3,2.7,4.7
2024-05-20 02:40:00+02:00,12.4,12.4,12.6,12.2,99.0,19.4,82.0,0.0,0.0,0.0,0.0,6.1,0.0,2.5,46.1,102.2,2.7,3.6,106.0,1001.3,1001.3,2.7,4.7
2024-05-20 02:45:00+02:00,12.4,12.4,12.8,12.2,99.0,19.4,82.0,0.0,0.0,0.0,0.0,6.1,0.0,2.5,46.1,102.2,1.3,3.6,103.0,1001.4,1001.4,2.7,4.7
2024-05-20 02:50:00+02:00,12.5,12.5,12.9,12.3,99.0,19.3,82.0,0.0,0.0,0.0,0.0,6.1,0.0,2.5,46.1,102.2,1.8,3.2,96.0,1001.4,1001.4,2.7,4.7
2024-05-20 02:55:00+02:00,12.5,12.5,13.1,12.3,99.0,19.3,82.0,0.0,0.0,0.0,0.0,6.1,0.0,2.5,46.1,102.2,0.8,2.9,92.0,1001.3,1001.3,2.7,4.7
2024-05-20 03:00:00+02:00,12.5,12.5,13.0,12.4,99.0,19.3,82.0,0.0,0.0,0.0,0.0,6.1,0.0,2.5,46.1,102.2,1.2,3.2,105.0,1001.3,1001.3,2.7,4.7
2024-05-20 03:05:00+02:00,12.6,12.6,13.1,12.5,99.0,19.2,82.0,0.0,0.0,0.0,0.0,6.1,0.0,2.5,46.1,102.2,1.3,3.2,104.0,1001.4,1001.4,2.7,4.7
2024-05-20 03:10:00+02:00,12.7,12.7,13.5,12.6,99.0,19.2,82.0,0.0,0.0,0.0,0.0,6.1,0.0,2.5,46.1,102.2,0.0,2.5,82.0,1001.3,1001.3,2.7,4.7
2024-05-20 03:15:00+02:00,12.8,12.8,13.7,12.7,99.0,19.2,82.0,0.0,0.0,0.0,0.0,6.1,0.0,2.5,46.1,102.2,0.0,1.8,266.0,1001.4,1001.4,2.7,4.7
2024-05-20 03:20:00+02:00,12.8,12.8,13.6,12.6,99.0,19.2,82.0,0.0,0.0,0.0,0.0,6.1,0.0,2.5,46.1,102.2,0.0,1.8,120.0,1001.2,1001.2,2.7,4.7
2024-05-20 03:25:00+02:00,12.8,12.8,13.6,12.6,99.0,19.2,82.0,0.0,0.0,0.0,0.0,6.1,0.0,2.5,46.1,102.2,0.0,2.2,115.0,1001.4,1001.4,2.7,4.6
2024-05-20 03:30:00+02:00,13.0,13.0,13.8,12.8,99.0,19.1,82.0,0.0,0.0,0.0,0.0,6.1,0.0,2.5,46.1,102.2,0.0,0.0,317.0,1001.2,1001.2,2.7,4.6
2024-05-20 03:35:00+02:00,12.9,12.9,13.8,12.7,99.0,19.1,83.0,0.0,0.0,0.0,0.0,6.1,0.0,2.5,46.1,102.2,0.0,1.8,110.0,1001.2,1001.2,2.7,4.6
2024-05-20 03:40:00+02:00,12.8,12.8,13.6,12.6,99.0,19.1,83.0,0.0,0.0,0.0,0.0,6.1,0.0,2.5,46.1,102.2,0.0,2.5,96.0,1001.2,1001.2,2.7,4.6
2024-05-20 03:45:00+02:00,12.8,12.8,13.6,12.6,99.0,19.1,83.0,0.0,0.0,0.0,0.0,6.1,0.0,2.5,46.1,102.2,0.0,2.2,217.0,1001.2,1001.2,2.7,4.6
2024-05-20 03:50:00+02:00,12.7,12.7,13.4,12.6,99.0,19.1,83.0,0.0,0.0,0.0,0.0,6.1,0.0,2.5,46.1,102.2,0.7,2.2,101.0,1001.1,1001.1,2.7,4.6
2024-05-20 03:55:00+02:00,12.7,12.7,13.0,12.6,99.0,19.1,83.0,0.0,0.0,0.0,0.0,6.1,0.0,2.5,46.1,102.2,2.4,3.6,102.0,1001.1,1001.1,2.7,4.6
2024-05-20 04:00:00+02:00,12.7,12.7,13.2,12.5,99.0,19.0,82.0,0.0,0.0,0.0,0.0,6.1,0.0,2.5,46.1,102.2,0.8,3.2,104.0,1001.1,1001.1,2.7,4.6
2024-05-20 04:05:00+02:00,12.6,12.6,13.3,12.4,99.0,19.0,83.0,0.0,0.0,0.0,0.0,6.1,0.0,2.5,46.1,102.2,0.0,1.8,262.0,1001.1,1001.1,2.7,4.6
2024-05-20 04:10:00+02:00,12.6,12.6,13.3,12.4,99.0,19.0,83.0,0.0,0.0,0.0,0.0,6.1,0.0,2.5,46.1,102.2,0.0,0.0,44.0,1001.1,1001.1,2.7,4.6
2024-05-20 04:15:00+02:00,12.5,12.5,13.2,12.3,99.0,18.9,83.0,0.0,0.0,0.0,0.0,6.1,0.0,2.5,46.1,102.2,0.0,2.2,96.0,1001.2,1001.2,2.7,4.6
2024-05-20 04:20:00+02:00,12.4,12.4,13.1,12.2,99.0,18.9,83.0,0.0,0.0,0.0,0.0,6.1,0.0,2.5,46.1,102.2,0.0,2.2,115.0,1001.2,1001.2,2.7,4.6
2024-05-20 04:25:00+02:00,12.4,12.4,13.0,12.2,99.0,18.9,83.0,0.0,0.0,0.0,0.0,6.1,0.0,2.5,46.1,102.2,0.4,2.5,121.0,1001.1,1001.1,2.7,4.6
2024-05-20 04:30:00+02:00,12.3,12.3,13.0,12.2,99.0,18.9,83.0,0.0,0.0,0.0,0.0,6.1,0.0,2.5,46.1,102.2,0.4,2.2,85.0,1001.1,1001.1,2.7,4.6
2024-05-20 04:35:00+02:00,12.3,12.3,13.0,12.2,99.0,18.8,83.0,0.0,0.0,0.0,0.0,6.1,0.0,2.5,46.1,102.2,0.0,2.2,111.0,1001.1,1001.1,2.7,4.6
2024-05-20 04:40:00+02:00,12.4,12.4,13.1,12.2,99.0,18.8,83.0,0.0,0.0,0.0,0.0,6.1,0.0,2.5,46.1,102.2,0.0,2.2,115.0,1001.2,1001.2,2.7,4.6
2024-05-20 04:45:00+02:00,12.5,12.5,13.1,12.3,99.0,18.8,83.0,0.0,0.0,0.0,0.0,6.1,0.0,2.5,46.1,102.2,0.4,2.2,103.0,1001.2,1001.2,2.7,4.6
2024-05-20 04:50:00+02:00,12.6,12.6,13.2,12.4,99.0,18.8,83.0,0.0,0.0,0.0,0.0,6.1,0.0,2.5,46.1,102.2,0.8,2.5,102.0,1001.2,1001.2,2.7,4.6
2024-05-20 04:55:00+02:00,12.7,12.7,13.3,12.5,99.0,18.8,83.0,0.0,0.0,0.0,0.0,6.1,0.0,2.5,46.1,102.2,0.9,3.2,98.0,1001.1,1001.1,2.7,4.6
2024-05-20 05:00:00+02:00,12.7,12.7,13.4,12.5,99.0,18.7,83.0,0.0,0.0,0.0,0.0,6.1,0.0,2.5,46.1,102.2,0.0,2.2,93.0,1001.2,1001.2,2.7,4.6
2024-05-20 05:05:00+02:00,12.7,12.7,13.5,12.6,99.0,18.7,83.0,0.0,0.0,0.0,0.0,6.1,0.0,2.5,46.1,102.2,0.0,1.8,236.0,1001.3,1001.3,2.7,4.6
2024-05-20 05:10:00+02:00,12.8,12.8,13.6,12.6,99.0,18.7,83.0,0.1,0.0,0.0,0.0,6.1,0.0,2.5,46.1,102.2,0.0,0.0,44.0,1001.2,1001.2,2.7,4.6
2024-05-20 05:15:00+02:00,12.8,12.8,13.6,12.6,99.0,18.7,83.0,0.2,0.0,0.0,0.0,6.1,0.0,2.5,46.1,102.2,0.0,0.0,104.0,1001.1,1001.1,2.7,4.5
2024-05-20 05:20:00+02:00,12.7,12.7,13.5,12.6,99.0,18.7,83.0,0.2,0.0,0.0,0.0,6.1,0.0,2.5,46.1,102.2,0.4,2.2,133.0,1001.1,1001.1,2.7,4.5
2024-05-20 05:25:00+02:00,12.7,12.7,13.0,12.6,99.0,18.7,83.0,0.5,0.0,0.0,0.0,6.1,0.0,2.5,46.1,102.2,2.4,5.0,37.0,1001.1,1001.1,2.7,4.5
2024-05-20 05:30:00+02:00,12.8,12.8,13.2,12.6,99.0,18.7,83.0,0.8,0.0,0.0,0.0,6.1,0.0,2.5,46.1,102.2,2.2,4.0,131.0,1001.2,1001.2,2.7,4.5
2024-05-20 05:35:00+02:00,12.8,12.8,13.3,12.6,99.0,18.7,83.0,1.3,0.0,0.0,0.0,6.1,0.0,2.5,46.1,102.2,1.7,5.4,123.0,1001.2,1001.2,2.7,4.5
2024-05-20 05:40:00+02:00,12.7,12.7,13.0,12.6,99.0,18.7,83.0,2.0,0.0,0.0,0.0,6.1,0.0,2.5,46.1,102.2,2.7,6.5,202.0,1001.2,1001.2,2.7,4.5
2024-05-20 05:45:00+02:00,12.8,12.8,13.0,12.6,99.0,18.6,83.0,2.5,0.0,0.0,0.0,6.1,0.0,2.5,46.1,102.2,3.3,5.8,165.0,1001.2,1001.2,2.7,4.5
2024-05-20 05:50:00+02:00,12.8,12.8,13.5,12.6,99.0,18.6,83.0,2.9,0.0,0.0,0.0,6.1,0.0,2.5,46.1,102.2,0.4,4.3,114.0,1001.1,1001.1,2.7,4.5
2024-05-20 05:55:00+02:00,12.8,12.8,13.4,12.6,99.0,18.6,83.0,3.8,0.0,0.0,0.0,6.1,0.0,2.5,46.1,102.2,1.2,5.8,139.0,1001.2,1001.2,2.7,4.5
2024-05-20 06:00:00+02:00,12.9,12.9,13.0,12.7,99.0,18.6,83.0,4.4,0.0,0.0,0.0,6.1,0.0,2.5,46.1,102.2,4.0,6.8,137.0,1001.2,1001.2,2.7,4.5
2024-05-20 06:05:00+02:00,12.9,12.9,13.0,12.7,99.0,18.6,83.0,6.1,0.0,0.0,0.0,6.1,0.0,2.5,46.1,102.2,3.7,5.8,195.0,1001.2,1001.2,2.7,4.5
2024-05-20 06:10:00+02:00,13.0,13.0,13.4,12.8,99.0,18.6,83.0,7.0,0.0,0.0,0.0,6.1,0.0,2.5,46.1,102.2,2.4,5.4,82.0,1001.2,1001.2,2.7,4.5
2024-05-20 06:15:00+02:00,13.0,13.0,13.3,12.8,99.0,18.6,83.0,8.0,0.0,0.0,0.0,6.1,0.0,2.5,46.1,102.2,2.8,5.8,77.0,1001.2,1001.2,2.7,4.5
2024-05-20 06:20:00+02:00,13.0,13.0,13.7,12.8,99.0,18.6,83.0,9.1,0.0,0.0,0.0,6.1,0.0,2.5,46.1,102.2,1.0,6.1,351.0,1001.2,1001.2,2.7,4.5
2024-05-20 06:25:00+02:00,13.1,13.1,13.9,12.9,99.0,18.6,83.0,10.0,0.0,0.0,0.0,6.1,0.0,2.5,46.1,102.2,0.5,5.8,307.0,1001.2,1001.2,2.72,4.4
2024-05-20 06:30:00+02:00,13.1,13.1,13.8,12.9,99.0,18.6,83.0,11.1,0.0,0.0,0.0,6.1,0.0,2.5,46.1,102.2,1.0,4.0,103.0,1001.2,1001.2,2.72,4.4
2024-05-20 06:35:00+02:00,13.2,13.2,13.6,13.0,99.0,18.6,83.0,12.6,0.0,0.0,0.0,6.1,0.0,2.5,46.1,102.2,2.4,5.8,117.0,1001.3,1001.3,2.7,4.5
2024-05-20 06:40:00+02:00,13.2,13.2,13.7,13.1,99.0,18.6,83.0,15.6,0.0,0.0,0.0,6.1,0.0,2.5,46.1,102.2,2.5,7.6,126.0,1001.2,1001.2,2.7,4.5
2024-05-20 06:45:00+02:00,13.2,13.2,13.7,13.1,99.0,18.6,83.0,19.8,0.0,0.0,0.0,6.1,0.0,2.5,46.1,102.2,2.2,9.0,148.0,1001.2,1001.2,2.68,4.5
2024-05-20 06:50:00+02:00,13.2,13.2,14.0,13.1,99.0,18.6,83.0,23.1,0.0,0.0,0.0,6.1,0.0,2.5,46.1,102.2,0.9,6.5,131.0,1001.3,1001.3,2.68,4.5
2024-05-20 06:55:00+02:00,13.2,13.2,14.1,13.1,99.0,18.5,83.0,22.8,0.0,0.0,0.0,6.1,0.0,2.5,46.1,102.2,0.7,5.0,164.0,1001.3,1001.3,2.68,4.5
2024-05-20 07:00:00+02:00,13.3,13.3,13.8,13.1,99.0,18.6,84.0,23.6,0.0,0.0,0.0,6.1,0.0,2.5,46.1,102.2,2.2,4.7,247.0,1001.3,1001.3,2.68,4.5
2024-05-20 07:05:00+02:00,13.3,13.3,13.7,13.2,99.0,18.6,84.0,35.1,0.0,0.0,0.0,6.1,0.0,2.5,46.1,102.2,3.5,7.6,172.0,1001.3,1001.3,2.68,4.5
2024-05-20 07:10:00+02:00,13.3,13.3,13.9,13.2,99.0,18.6,84.0,40.4,0.0,0.0,0.0,6.1,0.0,2.5,46.1,102.2,2.4,7.6,202.0,1001.4,1001.4,2.68,4.5
2024-05-20 07:15:00+02:00,13.4,13.4,14.3,13.2,99.0,18.6,84.0,52.8,0.0,0.0,0.0,6.1,0.0,2.5,46.1,102.2,0.5,4.0,177.0,1001.3,1001.3,2.68,4.5
2024-05-20 07:20:00+02:00,13.4,13.4,14.1,13.2,99.0,18.6,84.0,63.9,0.0,0.0,0.0,6.1,0.0,2.5,46.1,102.2,1.9,5.4,54.0,1001.3,1001.3,2.68,4.5
2024-05-20 07:25:00+02:00,13.4,13.4,13.8,13.2,99.0,18.6,84.0,65.5,0.0,0.0,0.0,6.1,0.0,2.5,46.1,102.2,3.0,5.8,142.0,1001.4,1001.4,2.7,4.5
2024-05-20 07:30:00+02:00,13.4,13.4,14.3,13.3,99.0,18.6,84.0,60.6,0.0,0.0,0.0,6.1,0.0,2.5,46.1,102.2,1.0,5.8,166.0,1001.5,1001.5,2.7,4.5
2024-05-20 07:35:00+02:00,13.4,13.4,13.9,13.2,99.0,18.6,84.0,61.0,0.0,0.0,0.0,6.1,0.0,2.5,46.1,102.2,2.7,5.8,219.0,1001.5,1001.5,2.7,4.5
2024-05-20 07:40:00+02:00,13.3,13.3,14.2,13.1,99.0,18.7,84.0,77.7,0.0,0.0,0.0,6.1,0.0,2.5,46.1,102.2,0.5,6.8,274.0,1001.6,1001.6,2.7,4.5
2024-05-20 07:45:00+02:00,13.2,13.2,14.0,13.1,99.0,18.7,84.0,80.3,0.0,0.0,0.0,6.1,0.0,2.5,46.1,102.2,1.1,5.0,0.0,1001.6,1001.6,2.7,4.5
2024-05-20 07:50:00+02:00,13.2,13.2,13.9,13.1,99.0,18.7,84.0,90.1,0.0,0.0,0.0,6.1,0.0,2.5,46.1,102.2,1.6,5.4,313.0,1001.6,1001.6,2.7,4.5
2024-05-20 07:55:00+02:00,13.3,13.3,14.2,13.1,99.0,18.7,84.0,100.8,0.0,0.0,0.0,6.1,0.0,2.5,46.1,102.2,0.4,5.4,332.0,1001.7,1001.7,2.7,4.5
2024-05-20 08:00:00+02:00,13.4,13.4,14.2,13.2,98.0,18.7,84.0,111.4,1.0,0.0,0.0,6.1,0.0,2.5,46.1,102.2,1.2,3.2,76.0,1001.6,1001.6,2.7,4.5
2024-05-20 08:05:00+02:00,13.7,13.7,14.7,13.3,98.0,18.8,84.0,113.2,1.0,0.0,0.0,6.1,0.0,2.5,46.1,102.2,0.0,2.5,118.0,1001.7,1001.7,2.7,4.6
2024-05-20 08:10:00+02:00,13.8,13.8,14.8,13.4,98.0,18.8,84.0,120.8,1.0,0.0,0.0,6.1,0.0,2.5,46.1,102.2,0.4,2.2,132.0,1001.7,1001.7,2.7,4.6
2024-05-20 08:15:00+02:00,13.9,13.9,14.6,13.4,97.0,18.8,85.0,119.4,1.0,0.0,0.0,6.1,0.0,2.5,46.1,102.2,1.6,3.2,127.0,1001.6,1001.6,2.7,4.6
2024-05-20 08:20:00+02:00,13.8,13.8,14.4,13.1,95.0,18.9,85.0,126.4,1.0,0.0,0.0,6.1,0.0,2.5,46.1,102.2,1.9,3.2,113.0,1001.8,1001.8,2.7,4.6
2024-05-20 08:25:00+02:00,13.8,13.8,14.4,12.9,94.0,18.9,85.0,128.2,1.0,0.0,0.0,6.1,0.0,2.5,46.1,102.2,1.8,3.2,101.0,1001.8,1001.8,2.7,4.7
2024-05-20 08:30:00+02:00,14.2,14.2,15.0,13.2,94.0,19.0,85.0,136.4,1.0,0.0,0.0,6.1,0.0,2.5,46.1,102.2,0.9,3.2,91.0,1001.7,1001.7,2.7,4.7
2024-05-20 08:35:00+02:00,14.4,14.4,14.8,13.2,92.0,19.1,85.0,142.7,1.0,0.0,0.0,6.1,0.0,2.5,46.1,102.2,3.1,4.0,129.0,1001.7,1001.7,2.7,4.7
2024-05-20 08:40:00+02:00,14.3,14.3,14.8,12.9,91.0,19.1,85.0,148.0,1.0,0.0,0.0,6.1,0.0,2.5,46.1,102.2,2.3,4.3,123.0,1001.5,1001.5,2.7,4.7
2024-05-20 08:45:00+02:00,14.6,14.6,15.3,13.1,90.0,19.2,85.0,145.8,1.0,0.0,0.0,6.1,0.0,2.5,46.1,102.2,1.4,3.2,92.0,1001.6,1001.6,2.7,4.8
2024-05-20 08:50:00+02:00,14.8,14.8,15.3,12.9,88.0,19.3,85.0,156.4,1.0,0.0,0.0,6.1,0.0,2.5,46.1,102.2,2.0,3.6,40.0,1001.6,1001.6,2.7,4.8
2024-05-20 08:55:00+02:00,15.0,15.0,15.9,13.2,88.0,19.4,85.0,158.7,1.0,0.0,0.0,6.1,0.0,2.5,46.1,102.2,0.7,3.6,290.0,1001.6,1001.6,2.7,4.8
2024-05-20 09:00:00+02:00,15.3,15.3,16.3,13.2,87.0,19.5,85.0,147.9,1.0,0.0,0.0,6.1,0.0,2.5,46.1,102.2,0.0,2.5,276.0,1001.7,1001.7,2.7,4.8
2024-05-20 09:05:00+02:00,15.6,15.6,16.5,13.3,86.0,19.6,85.0,153.3,1.0,0.0,0.0,6.1,0.0,2.5,46.1,102.2,0.4,2.2,170.0,1001.7,1001.7,2.7,4.9
2024-05-20 09:10:00+02:00,15.6,15.6,16.5,13.2,86.0,19.7,85.0,160.8,1.0,0.0,0.0,6.1,0.0,2.5,46.1,102.2,0.4,2.9,340.0,1001.8,1001.8,2.7,4.9
2024-05-20 09:15:00+02:00,15.8,15.8,16.7,13.5,86.0,19.7,85.0,185.1,1.0,0.0,0.0,6.1,0.0,2.5,46.1,102.2,1.3,5.0,62.0,1001.8,1001.8,2.7,4.9
2024-05-20 09:20:00+02:00,15.9,15.9,16.5,13.3,84.0,19.8,85.0,201.7,1.0,0.0,0.0,6.1,0.0,2.5,46.1,102.2,2.2,5.0,49.0,1001.8,1001.8,2.7,4.9
2024-05-20 09:25:00+02:00,15.6,15.6,16.1,13.0,85.0,19.8,85.0,219.3,2.0,0.0,0.0,6.1,0.0,2.5,46.1,102.2,2.4,4.7,16.0,1001.8,1001.8,2.7,5.0
2024-05-20 09:30:00+02:00,16.0,16.0,16.9,13.4,84.0,19.9,86.0,230.2,2.0,0.0,0.0,6.1,0.0,2.5,46.1,102.2,1.0,3.2,55.0,1001.8,1001.8,2.7,5.0
2024-05-20 09:35:00+02:00,16.2,16.2,16.6,13.4,83.0,20.0,86.0,226.6,2.0,0.0,0.0,6.1,0.0,2.5,46.1,102.2,3.0,4.7,115.0,1001.8,1001.8,2.7,5.1
2024-05-20 09:40:00+02:00,16.4,16.4,17.3,13.7,84.0,20.1,86.0,237.0,2.0,0.0,0.0,6.1,0.0,2.5,46.1,102.2,1.2,4.7,135.0,1001.8,1001.8,2.7,5.1
2024-05-20 09:45:00+02:00,16.5,16.5,17.0,13.6,83.0,20.2,86.0,298.5,2.0,0.0,0.0,6.1,0.0,2.5,46.1,102.2,3.3,5.0,119.0,1001.7,1001.7,2.7,5.1
2024-05-20 09:50:00+02:00,16.1,16.1,16.2,13.3,83.0,20.3,86.0,296.4,2.0,0.0,0.0,6.1,0.0,2.5,46.1,102.2,4.9,7.6,115.0,1001.9,1001.9,2.7,5.1
2024-05-20 09:55:00+02:00,16.2,16.2,16.9,13.4,83.0,20.3,86.0,281.4,2.0,0.0,0.0,6.1,0.0,2.5,46.1,102.2,1.8,6.1,143.0,1001.9,1001.9,2.7,5.2
2024-05-20 10:00:00+02:00,16.6,16.6,16.9,13.6,82.0,20.5,86.0,286.4,2.0,0.0,0.0,6.1,0.0,2.5,46.1,102.2,4.2,8.3,139.0,1001.9,1001.9,2.7,5.2
2024-05-20 10:05:00+02:00,16.7,16.7,17.2,13.4,81.0,20.6,86.0,280.7,2.0,0.0,0.0,6.1,0.0,2.5,46.1,102.2,3.0,6.5,146.0,1001.9,1001.9,2.7,5.2
2024-05-20 10:10:00+02:00,16.6,16.6,17.0,13.5,82.0,20.6,86.0,223.5,2.0,0.0,0.0,6.1,0.0,2.5,46.1,102.2,3.2,9.7,119.0,1001.9,1001.9,2.7,5.2
2024-05-20 10:15:00+02:00,16.8,16.8,16.9,13.6,82.0,20.7,86.0,294.1,2.0,0.0,0.0,6.1,0.0,2.5,46.1,102.2,4.9,7.9,126.0,1001.9,1001.9,2.7,5.2
2024-05-20 10:20:00+02:00,16.8,16.8,17.6,13.6,81.0,20.8,86.0,201.3,1.0,0.0,0.0,6.1,0.0,2.5,46.1,102.2,1.6,6.1,102.0,1001.9,1001.9,2.7,5.2
2024-05-20 10:25:00+02:00,17.0,17.0,17.4,13.6,80.0,20.8,86.0,185.6,1.0,0.0,0.0,6.1,0.0,2.5,46.1,102.2,3.9,6.1,357.0,1002.0,1002.0,2.7,5.2
2024-05-20 10:30:00+02:00,16.8,16.8,17.5,13.3,79.0,20.9,86.0,253.7,2.0,0.0,0.0,6.1,0.0,2.5,46.1,102.2,2.2,6.5,340.0,1002.0,1002.0,2.7,5.2
2024-05-20 10:35:00+02:00,17.4,17.4,18.1,13.7,79.0,21.0,86.0,258.8,2.0,0.0,0.0,6.1,0.0,2.5,46.1,102.2,2.5,6.5,105.0,1002.0,1002.0,2.7,5.2
2024-05-20 10:40:00+02:00,17.4,17.4,18.0,13.4,77.0,21.2,86.0,241.4,2.0,0.0,0.0,6.1,0.0,2.5,46.1,102.2,2.4,6.8,126.0,1002.0,1002.0,2.7,5.2
2024-05-20 10:45:00+02:00,17.2,17.2,17.9,13.4,78.0,21.2,86.0,258.6,2.0,0.0,0.0,6.1,0.0,2.5,46.1,102.2,1.9,6.1,63.0,1002.0,1002.0,2.7,5.2
2024-05-20 10:50:00+02:00,17.4,17.4,17.8,13.9,80.0,21.3,87.0,294.6,2.0,0.0,0.0,6.1,0.0,2.5,46.1,102.2,4.2,10.1,122.0,1002.0,1002.0,2.7,5.2
2024-05-20 10:55:00+02:00,17.5,17.5,17.9,13.3,77.0,21.4,86.0,309.6,2.0,0.0,0.0,6.1,0.0,2.5,46.1,102.2,3.0,6.1,129.0,1001.9,1001.9,2.7,5.2
2024-05-20 11:00:00+02:00,17.7,17.7,18.2,13.3,76.0,21.6,86.0,302.1,2.0,0.0,0.0,6.1,0.0,2.5,46.1,102.2,2.4,4.3,89.0,1001.9,1001.9,2.7,5.2
2024-05-20 11:05:00+02:00,18.2,18.2,19.1,13.3,73.0,21.7,86.0,350.4,3.0,0.0,0.0,6.1,0.0,2.5,46.1,102.2,0.8,3.6,26.0,1002.0,1002.0,2.7,5.2
2024-05-20 11:10:00+02:00,18.4,18.4,19.0,13.4,73.0,21.8,86.0,433.0,4.0,0.0,0.0,6.1,0.0,2.5,46.1,102.2,2.7,5.4,307.0,1001.9,1001.9,2.7,5.2
2024-05-20 11:15:00+02:00,18.3,18.3,19.2,13.4,73.0,22.0,86.0,418.8,3.0,0.0,0.0,6.1,0.0,2.5,46.1,102.2,1.1,5.8,282.0,1001.9,1001.9,2.7,5.3
2024-05-20 11:20:00+02:00,19.3,19.3,20.2,13.6,70.0,22.1,86.0,460.9,4.0,0.0,0.0,6.1,0.0,2.5,46.1,102.2,1.7,5.4,45.0,1001.8,1001.8,2.7,5.3
2024-05-20 11:25:00+02:00,18.9,18.9,19.5,13.3,70.0,22.2,86.0,311.2,2.0,0.0,0.0,6.1,0.0,2.5,46.1,102.2,2.7,6.8,40.0,1001.9,1001.9,2.7,5.3
2024-05-20 11:30:00+02:00,18.8,18.8,19.1,13.5,71.0,22.4,86.0,247.7,2.0,0.0,0.0,6.1,0.0,2.5,46.1,102.2,4.0,7.9,283.0,1001.8,1001.8,2.7,5.3
2024-05-20 11:35:00+02:00,18.5,18.5,19.0,13.5,73.0,22.5,86.0,235.8,2.0,0.0,0.0,6.1,0.0,2.5,46.1,102.2,2.7,7.9,295.0,1001.8,1001.8,2.7,5.3
2024-05-20 11:40:00+02:00,18.4,18.4,19.1,13.2,72.0,22.7,86.0,215.6,2.0,0.0,0.0,6.1,0.0,2.5,46.1,102.2,1.4,6.8,136.0,1001.9,1001.9,2.7,5.3
2024-05-20 11:45:00+02:00,18.7,18.7,19.4,13.4,72.0,22.8,86.0,174.2,1.0,0.0,0.0,6.1,0.0,2.5,46.1,102.2,1.4,4.7,116.0,1001.9,1001.9,2.7,5.3
2024-05-20 11:50:00+02:00,18.4,18.4,18.6,13.2,71.0,22.9,86.0,132.3,1.0,0.0,0.0,6.1,0.0,2.5,46.1,102.2,4.0,7.9,272.0,1001.8,1001.8,2.7,5.3
2024-05-20 11:55:00+02:00,18.4,18.4,19.2,13.3,72.0,23.0,86.0,118.0,1.0,0.0,0.0,6.1,0.0,2.5,46.1,102.2,1.2,4.3,256.0,1001.8,1001.8,2.7,5.3
2024-05-20 12:00:00+02:00,19.1,19.1,20.1,13.2,69.0,23.1,86.0,115.1,1.0,0.0,0.0,6.1,0.0,2.5,46.1,102.2,0.0,0.0,240.0,1001.8,1001.8,2.7,5.3
2024-05-20 12:05:00+02:00,18.8,18.8,19.7,13.1,69.0,23.2,85.0,97.5,0.0,0.0,0.0,6.1,0.0,2.5,46.1,102.2,0.5,4.3,24.0,1001.9,1001.9,2.7,5.3
2024-05-20 12:10:00+02:00,18.3,18.3,18.8,12.7,70.0,23.2,85.0,101.2,0.0,0.0,0.0,6.1,0.0,2.5,46.1,102.2,1.7,5.4,342.0,1001.9,1001.9,2.7,5.3
2024-05-20 12:15:00+02:00,17.9,17.9,18.2,12.5,71.0,23.3,85.0,133.1,1.0,0.0,0.0,6.1,0.0,2.5,46.1,102.2,2.6,5.8,65.0,1001.9,1001.9,2.7,5.3
2024-05-20 12:20:00+02:00,18.1,18.1,18.5,13.2,73.0,23.3,85.0,163.6,1.0,0.0,0.0,6.1,0.0,2.5,46.1,102.2,3.1,5.4,270.0,1001.8,1001.8,2.7,5.3
2024-05-20 12:25:00+02:00,18.0,18.0,18.7,12.6,71.0,23.3,85.0,191.2,1.0,0.0,0.0,6.1,0.0,2.5,46.1,102.2,0.7,4.7,298.0,1001.9,1001.9,2.7,5.3
2024-05-20 12:30:00+02:00,18.3,18.3,18.6,12.7,70.0,23.4,85.0,429.9,3.0,0.0,0.0,6.1,0.0,2.5,46.1,102.2,2.7,4.3,12.0,1001.8,1001.8,2.7,5.3
2024-05-20 12:35:00+02:00,18.2,18.2,18.3,12.5,69.0,23.4,85.0,279.8,2.0,0.0,0.0,6.1,0.0,2.5,46.1,102.2,3.7,8.3,9.0,1001.7,1001.7,2.7,5.2
2024-05-20 12:40:00+02:00,18.5,18.5,18.6,12.7,69.0,23.5,85.0,464.0,4.0,0.0,0.0,6.1,0.0,2.5,46.1,102.2,4.0,7.2,346.0,1001.8,1001.8,2.7,5.2
2024-05-20 12:45:00+02:00,18.7,18.7,18.8,12.9,69.0,23.5,85.0,285.2,2.0,0.0,0.0,6.1,0.0,2.5,46.1,102.2,4.1,6.5,26.0,1001.8,1001.8,2.7,5.3
2024-05-20 12:50:00+02:00,18.7,18.7,19.1,13.1,70.0,23.6,85.0,263.3,2.0,0.0,0.0,6.1,0.0,2.5,46.1,102.2,3.0,6.5,193.0,1001.8,1001.8,2.7,5.3
2024-05-20 12:55:00+02:00,19.3,19.3,19.6,13.1,67.0,23.7,85.0,301.1,2.0,0.0,0.0,6.1,0.0,2.5,46.1,102.2,3.0,10.1,314.0,1001.7,1001.7,2.7,5.3
2024-05-20 13:00:00+02:00,19.3,19.3,19.5,12.9,66.0,23.7,85.0,304.4,2.0,0.0,0.0,6.1,0.0,2.5,46.1,102.2,3.7,10.1,265.0,1001.7,1001.7,2.7,5.3
2024-05-20 13:05:00+02:00,19.4,19.4,19.6,13.0,67.0,23.8,85.0,321.5,2.0,0.0,0.0,6.1,0.0,2.5,46.1,102.2,3.7,9.7,286.0,1001.7,1001.7,2.7,5.3
2024-05-20 13:10:00+02:00,19.3,19.3,19.7,13.0,67.0,23.9,85.0,429.9,3.0,0.0,0.0,6.1,0.0,2.5,46.1,102.2,2.7,6.5,347.0,1001.9,1001.9,2.7,5.3
2024-05-20 13:15:00+02:00,19.5,19.5,20.0,12.9,65.0,24.0,85.0,342.6,3.0,0.0,0.0,6.1,0.0,2.5,46.1,102.2,2.0,5.0,10.0,1001.7,1001.7,2.7,5.3
2024-05-20 13:20:00+02:00,19.7,19.7,20.0,13.0,65.0,24.0,85.0,361.2,3.0,0.0,0.0,6.1,0.0,2.5,46.1,102.2,3.0,5.8,304.0,1001.7,1001.7,2.7,5.3
2024-05-20 13:25:00+02:00,19.9,19.9,20.3,12.8,63.0,24.1,85.0,403.2,3.0,0.0,0.0,6.1,0.0,2.5,46.1,102.2,2.5,7.6,255.0,1001.7,1001.7,2.7,5.3
2024-05-20 13:30:00+02:00,20.0,20.0,20.3,12.6,62.0,24.2,85.0,774.0,7.0,0.0,0.0,6.1,0.0,2.5,46.1,102.2,2.4,7.2,334.0,1001.6,1001.6,2.7,5.3
2024-05-20 13:35:00+02:00,20.9,20.9,21.4,13.1,61.0,24.3,85.0,554.7,5.0,0.0,0.0,6.1,0.0,2.5,46.1,102.2,2.5,9.4,18.0,1001.6,1001.6,2.7,5.3
2024-05-20 13:40:00+02:00,21.2,21.2,21.7,12.8,59.0,24.5,85.0,698.9,6.0,0.0,0.0,6.1,0.0,2.5,46.1,102.2,1.7,6.5,243.0,1001.5,1001.5,2.7,5.3
2024-05-20 13:45:00+02:00,21.4,21.4,21.8,13.3,60.0,24.7,85.0,471.4,4.0,0.0,0.0,6.1,0.0,2.5,46.1,102.2,3.6,13.0,286.0,1001.5,1001.5,2.7,5.3
2024-05-20 13:50:00+02:00,20.1,20.1,19.7,12.7,62.0,24.8,85.0,236.5,2.0,0.0,0.0,6.1,0.0,2.5,46.1,102.2,6.3,13.3,270.0,1001.5,1001.5,2.7,5.3
2024-05-20 13:55:00+02:00,20.2,20.2,20.7,12.8,62.0,25.0,85.0,170.3,1.0,0.0,0.0,6.1,0.0,2.5,46.1,102.2,1.9,5.8,320.0,1001.5,1001.5,2.7,5.3
2024-05-20 14:00:00+02:00,19.8,19.8,19.7,12.9,64.0,25.1,85.0,103.7,0.0,0.0,0.0,6.1,0.0,2.5,46.1,102.2,5.0,12.6,359.0,1001.4,1001.4,2.7,5.3
2024-05-20 14:05:00+02:00,19.3,19.3,19.4,13.0,67.0,25.1,85.0,82.6,0.0,0.0,0.0,6.1,0.0,2.5,46.1,102.2,4.3,8.6,282.0,1001.5,1001.5,2.7,5.3
2024-05-20 14:10:00+02:00,19.2,19.2,19.2,13.0,67.0,25.2,85.0,87.9,0.0,0.0,0.0,6.1,0.0,2.5,46.1,102.2,4.6,8.6,358.0,1001.5,1001.5,2.7,5.3
2024-05-20 14:15:00+02:00,19.2,19.2,19.6,12.9,67.0,25.2,85.0,118.2,1.0,0.0,0.0,6.1,0.0,2.5,46.1,102.2,2.9,5.4,276.0,1001.5,1001.5,2.7,5.3
2024-05-20 14:20:00+02:00,19.1,19.1,19.6,13.1,68.0,25.2,85.0,124.0,1.0,0.0,0.0,6.1,0.0,2.5,46.1,102.2,2.1,6.1,283.0,1001.5,1001.5,2.7,5.3
2024-05-20 14:25:00+02:00,18.9,18.9,19.5,12.9,68.0,25.3,85.0,121.8,1.0,0.0,0.0,6.1,0.0,2.5,46.1,102.2,1.7,6.1,274.0,1001.4,1001.4,2.7,5.3
2024-05-20 14:30:00+02:00,19.1,19.1,19.7,13.1,68.0,25.3,85.0,115.7,1.0,0.0,0.0,6.1,0.0,2.5,46.1,102.2,1.5,6.1,285.0,1001.5,1001.5,2.7,5.3
2024-05-20 14:35:00+02:00,18.8,18.8,19.2,12.6,67.0,25.3,85.0,77.8,0.0,0.0,0.0,6.1,0.0,2.5,46.1,102.2,2.4,6.1,22.0,1001.3,1001.3,2.7,5.3
2024-05-20 14:40:00+02:00,18.8,18.8,19.2,12.7,68.0,25.3,85.0,42.2,0.0,0.0,0.0,6.1,0.0,2.5,46.1,102.2,2.1,4.3,259.0,1001.4,1001.4,2.7,5.3
2024-05-20 14:45:00+02:00,18.7,18.7,19.2,13.1,70.0,25.3,85.0,24.9,0.0,0.0,0.0,6.1,0.0,2.5,46.1,102.2,2.3,4.0,298.0,1001.3,1001.3,2.7,5.3
2024-05-20 14:50:00+02:00,18.4,18.4,19.0,13.5,73.0,25.3,85.0,28.8,0.0,5.4,0.9,7.0,0.9,3.4,47.0,103.1,2.7,8.6,32.0,1001.5,1001.5,2.7,5.3
2024-05-20 14:55:00+02:00,16.9,16.9,17.5,14.5,86.0,25.3,84.0,48.0,0.0,16.8,2.8,8.9,2.8,5.3,48.9,105.0,4.9,10.1,55.0,1001.6,1001.6,2.7,5.2
2024-05-20 15:00:00+02:00,15.8,15.8,15.9,14.1,89.0,25.3,84.0,101.3,0.0,20.4,4.3,10.4,4.3,6.8,50.4,106.5,6.3,14.0,347.0,1001.5,1001.5,2.7,5.2
2024-05-20 15:05:00+02:00,15.4,15.4,15.9,14.1,92.0,25.2,83.0,137.1,1.0,18.6,5.4,11.5,5.4,7.9,51.5,107.6,4.4,8.6,7.0,1001.4,1001.4,2.7,5.2
2024-05-20 15:10:00+02:00,15.3,15.3,16.2,14.2,93.0,25.1,83.0,164.3,1.0,13.2,5.5,11.6,5.5,8.0,51.6,107.7,2.2,4.3,91.0,1001.4,1001.4,2.7,5.2
2024-05-20 15:15:00+02:00,15.5,15.5,16.1,14.4,93.0,24.9,83.0,202.6,1.0,4.2,5.6,11.7,5.6,8.1,51.7,107.8,4.4,8.3,21.0,1001.3,1001.3,2.7,5.2
2024-05-20 15:20:00+02:00,15.6,15.6,16.0,14.4,93.0,24.8,83.0,242.6,2.0,1.2,5.6,11.7,5.6,8.1,51.7,107.8,5.1,8.6,10.0,1001.1,1001.1,2.7,5.2
2024-05-20 15:25:00+02:00,15.6,15.6,15.9,14.2,91.0,24.7,82.0,248.9,2.0,0.0,5.6,11.7,5.6,8.1,51.7,107.8,5.3,7.6,348.0,1001.0,1001.0,2.7,5.2
2024-05-20 15:30:00+02:00,16.0,16.0,16.9,14.2,89.0,24.6,82.0,300.7,2.0,0.0,5.6,11.7,5.6,8.1,51.7,107.8,2.0,6.1,250.0,1001.0,1001.0,2.7,5.2
2024-05-20 15:35:00+02:00,16.5,16.5,17.7,14.4,87.0,24.5,82.0,310.2,2.0,0.0,5.6,11.7,5.6,8.1,51.7,107.8,1.4,4.3,158.0,1001.0,1001.0,2.7,5.2
2024-05-20 15:40:00+02:00,17.0,17.0,18.0,14.0,83.0,24.3,83.0,299.9,2.0,0.0,5.6,11.7,5.6,8.1,51.7,107.8,1.3,4.3,185.0,1001.0,1001.0,2.7,5.2
2024-05-20 15:45:00+02:00,17.3,17.3,18.6,14.1,81.0,24.3,83.0,298.7,2.0,0.0,5.6,11.7,5.6,8.1,51.7,107.8,0.5,3.2,46.0,1001.0,1001.0,2.7,5.2
2024-05-20 15:50:00+02:00,17.3,17.3,18.3,13.8,80.0,24.3,83.0,315.1,2.0,0.0,5.6,11.7,4.4,8.1,51.7,107.8,1.3,3.2,351.0,1001.0,1001.0,2.7,5.2
2024-05-20 15:55:00+02:00,17.7,17.7,18.8,14.1,79.0,24.2,83.0,322.1,2.0,0.0,5.6,11.7,2.7,8.1,51.7,107.8,0.9,3.6,247.0,1000.9,1000.9,2.7,5.2
2024-05-20 16:00:00+02:00,18.0,18.0,19.4,14.2,78.0,24.2,83.0,383.9,3.0,0.0,5.6,11.7,1.1,8.1,51.7,107.8,0.0,2.5,207.0,1001.0,1001.0,2.7,5.2
2024-05-20 16:05:00+02:00,19.2,19.2,20.5,14.7,75.0,24.2,83.0,379.3,3.0,0.0,5.6,11.7,0.2,8.1,51.7,107.8,1.2,3.6,9.0,1000.8,1000.8,2.7,5.2
2024-05-20 16:10:00+02:00,19.0,19.0,20.0,13.8,72.0,24.2,84.0,487.4,4.0,0.0,5.6,11.7,0.1,8.1,51.7,107.8,0.9,4.3,358.0,1000.8,1000.8,2.7,5.2
2024-05-20 16:15:00+02:00,20.5,20.5,22.0,15.1,71.0,24.2,84.0,453.4,4.0,0.0,5.6,11.7,0.0,8.1,51.7,107.8,1.0,4.0,15.0,1000.8,1000.8,2.7,5.2
2024-05-20 16:20:00+02:00,19.6,19.6,20.7,14.4,72.0,24.3,84.0,319.1,2.0,0.0,5.6,11.7,0.0,8.1,51.7,107.8,1.8,4.3,0.0,1000.8,1000.8,2.7,5.2
2024-05-20 16:25:00+02:00,19.4,19.4,20.7,14.0,71.0,24.3,84.0,393.5,3.0,0.0,5.6,11.7,0.0,8.1,51.7,107.8,0.0,3.2,18.0,1000.7,1000.7,2.7,5.2
2024-05-20 16:30:00+02:00,20.7,20.7,22.0,14.8,69.0,24.3,84.0,382.8,3.0,0.0,5.6,11.7,0.0,8.1,51.7,107.8,1.3,4.3,339.0,1000.7,1000.7,2.7,5.2
2024-05-20 16:35:00+02:00,20.4,20.4,21.0,13.9,66.0,24.4,84.0,368.0,3.0,0.0,5.6,11.7,0.0,8.1,51.7,107.8,3.2,6.8,287.0,1000.6,1000.6,2.7,5.3
2024-05-20 16:40:00+02:00,21.0,21.0,22.0,14.8,68.0,24.4,84.0,398.6,3.0,0.0,5.6,11.7,0.0,8.1,51.7,107.8,3.0,8.3,5.0,1000.5,1000.5,2.7,5.3
2024-05-20 16:45:00+02:00,21.5,21.5,22.8,14.9,66.0,24.5,84.0,401.5,3.0,0.0,5.6,11.7,0.0,8.1,51.7,107.8,1.5,6.8,230.0,1000.5,1000.5,2.7,5.3
2024-05-20 16:50:00+02:00,21.7,21.7,22.8,15.3,67.0,24.5,85.0,399.7,3.0,0.0,5.6,11.7,0.0,8.1,51.7,107.8,3.3,8.6,271.0,1000.5,1000.5,2.7,5.3
2024-05-20 16:55:00+02:00,21.5,21.5,22.3,14.3,64.0,24.6,85.0,411.4,3.0,0.0,5.6,11.7,0.0,8.1,51.7,107.8,2.7,6.8,326.0,1000.5,1000.5,2.7,5.3
2024-05-20 17:00:00+02:00,21.4,21.4,22.2,14.3,64.0,24.6,85.0,409.6,3.0,0.0,5.6,11.7,0.0,8.1,51.7,107.8,2.6,8.3,300.0,1000.5,1000.5,2.7,5.3
2024-05-20 17:05:00+02:00,21.8,21.8,22.7,14.4,63.0,24.7,85.0,398.1,3.0,0.0,5.6,11.7,0.0,8.1,51.7,107.8,3.0,13.7,330.0,1000.4,1000.4,2.7,5.3
2024-05-20 17:10:00+02:00,21.2,21.2,22.0,14.6,66.0,24.7,85.0,377.3,3.0,0.0,5.6,11.7,0.0,8.1,51.7,107.8,3.8,13.7,317.0,1000.3,1000.3,2.7,5.3
2024-05-20 17:15:00+02:00,21.2,21.2,21.8,14.5,66.0,24.8,85.0,372.7,3.0,0.0,5.6,11.7,0.0,8.1,51.7,107.8,4.1,7.6,353.0,1000.3,1000.3,2.7,5.3
2024-05-20 17:20:00+02:00,21.4,21.4,22.1,14.5,65.0,24.8,85.0,360.5,3.0,0.0,5.6,11.7,0.0,8.1,51.7,107.8,3.7,7.6,256.0,1000.3,1000.3,2.7,5.3
2024-05-20 17:25:00+02:00,21.8,21.8,22.6,14.9,65.0,24.8,86.0,344.2,3.0,0.0,5.6,11.7,0.0,8.1,51.7,107.8,3.9,7.6,301.0,1000.3,1000.3,2.7,5.3
2024-05-20 17:30:00+02:00,21.8,21.8,22.5,14.9,65.0,24.9,86.0,326.4,3.0,0.0,5.6,11.7,0.0,8.1,51.7,107.8,4.3,7.9,268.0,1000.2,1000.2,2.7,5.3
2024-05-20 17:35:00+02:00,22.0,22.0,23.2,14.6,63.0,24.9,86.0,322.6,2.0,0.0,5.6,11.7,0.0,8.1,51.7,107.8,1.7,7.6,69.0,1000.2,1000.2,2.7,5.3
2024-05-20 17:40:00+02:00,22.1,22.1,22.8,14.5,62.0,25.0,86.0,317.4,2.0,0.0,5.6,11.7,0.0,8.1,51.7,107.8,3.8,8.3,325.0,1000.3,1000.3,2.7,5.3
2024-05-20 17:45:00+02:00,21.8,21.8,22.7,14.2,62.0,25.0,85.0,311.1,2.0,0.0,5.6,11.7,0.0,8.1,51.7,107.8,2.2,8.3,319.0,1000.2,1000.2,2.7,5.3
2024-05-20 17:50:00+02:00,21.9,21.9,22.3,14.1,61.0,25.0,85.0,297.9,2.0,0.0,5.6,11.7,0.0,8.1,51.7,107.8,5.0,7.9,326.0,1000.0,1000.0,2.7,5.3
2024-05-20 17:55:00+02:00,22.0,22.0,23.1,14.1,61.0,25.1,85.0,271.6,2.0,0.0,5.6,11.7,0.0,8.1,51.7,107.8,1.2,5.8,269.0,999.9,999.9,2.7,5.3
2024-05-20 18:00:00+02:00,22.0,22.0,22.5,14.1,61.0,25.1,85.0,268.0,2.0,0.0,5.6,11.7,0.0,8.1,51.7,107.8,4.2,9.0,320.0,1000.0,1000.0,2.7,5.3
2024-05-20 18:05:00+02:00,21.1,21.1,21.6,13.2,60.0,25.1,85.0,80.4,0.0,0.0,5.6,11.7,0.0,8.1,51.7,107.8,2.6,9.0,358.0,1000.0,1000.0,2.7,5.3
2024-05-20 18:10:00+02:00,21.3,21.3,22.0,13.6,61.0,25.1,85.0,78.5,0.0,0.0,5.6,11.7,0.0,8.1,51.7,107.8,2.2,7.2,291.0,999.9,999.9,2.7,5.3
2024-05-20 18:15:00+02:00,21.0,21.0,21.7,13.4,62.0,25.1,85.0,78.6,0.0,0.0,5.6,11.7,0.0,8.1,51.7,107.8,2.1,9.0,278.0,999.8,999.8,2.7,5.3
2024-05-20 18:20:00+02:00,21.0,21.0,21.0,13.1,61.0,25.1,85.0,77.7,0.0,0.0,5.6,11.7,0.0,8.1,51.7,107.8,4.8,7.2,326.0,999.9,999.9,2.7,5.3
2024-05-20 18:25:00+02:00,20.9,20.9,21.4,13.2,61.0,25.1,86.0,91.3,0.0,0.0,5.6,11.7,0.0,8.1,51.7,107.8,2.9,9.7,326.0,999.8,999.8,2.7,5.3
2024-05-20 18:30:00+02:00,21.0,21.0,21.1,12.9,60.0,25.1,85.0,186.1,1.0,0.0,5.6,11.7,0.0,8.1,51.7,107.8,4.4,7.9,341.0,999.8,999.8,2.7,5.3
2024-05-20 18:35:00+02:00,21.2,21.2,21.8,13.4,61.0,25.0,86.0,184.4,1.0,0.0,5.6,11.7,0.0,8.1,51.7,107.8,2.4,5.4,306.0,999.8,999.8,2.7,5.3
2024-05-20 18:40:00+02:00,21.2,21.2,21.6,13.7,62.0,25.1,86.0,141.4,1.0,0.0,5.6,11.7,0.0,8.1,51.7,107.8,4.0,5.8,274.0,999.8,999.8,2.7,5.3
2024-05-20 18:45:00+02:00,20.9,20.9,21.5,13.3,62.0,25.0,86.0,92.2,0.0,0.0,5.6,11.7,0.0,8.1,51.7,107.8,2.6,9.7,265.0,999.9,999.9,2.7,5.3
2024-05-20 18:50:00+02:00,20.8,20.8,20.9,12.8,60.0,25.0,86.0,104.0,0.0,0.0,5.6,11.7,0.0,8.1,51.7,107.8,3.8,8.6,286.0,999.8,999.8,2.7,5.3
2024-05-20 18:55:00+02:00,20.8,20.8,21.0,12.5,59.0,25.0,86.0,102.3,0.0,0.0,5.6,11.7,0.0,8.1,51.7,107.8,3.0,10.1,324.0,999.9,999.9,2.7,5.3
2024-05-20 19:00:00+02:00,21.0,21.0,21.4,12.9,60.0,25.0,86.0,125.4,1.0,0.0,5.6,11.7,0.0,8.1,51.7,107.8,2.2,6.1,288.0,999.8,999.8,2.7,5.3
2024-05-20 19:05:00+02:00,20.9,20.9,21.0,13.0,61.0,25.0,86.0,118.4,1.0,0.0,5.6,11.7,0.0,8.1,51.7,107.8,4.2,8.3,332.0,999.9,999.9,2.7,5.3
2024-05-20 19:10:00+02:00,20.9,20.9,21.1,13.1,61.0,25.0,86.0,121.5,1.0,0.0,5.6,11.7,0.0,8.1,51.7,107.8,4.2,10.4,285.0,999.8,999.8,2.7,5.3
2024-05-20 19:15:00+02:00,21.0,21.0,21.2,13.2,61.0,25.0,86.0,123.1,1.0,0.0,5.6,11.7,0.0,8.1,51.7,107.8,3.9,10.8,278.0,999.8,999.8,2.7,5.3
2024-05-20 19:20:00+02:00,21.2,21.2,22.2,13.6,62.0,25.1,86.0,100.6,0.0,0.0,5.6,11.7,0.0,8.1,51.7,107.8,0.9,8.6,115.0,999.8,999.8,2.7,5.3
2024-05-20 19:25:00+02:00,21.3,21.3,21.8,13.7,62.0,25.1,86.0,54.0,0.0,0.0,5.6,11.7,0.0,8.1,51.7,107.8,3.5,10.1,31.0,999.9,999.9,2.7,5.2
2024-05-20 19:30:00+02:00,21.1,21.1,21.6,13.5,62.0,25.1,86.0,43.0,0.0,0.0,5.6,11.7,0.0,8.1,51.7,107.8,3.2,10.1,30.0,999.9,999.9,2.7,5.2
2024-05-20 19:35:00+02:00,20.8,20.8,21.0,13.4,63.0,25.1,86.0,32.8,0.0,0.0,5.6,11.7,0.0,8.1,51.7,107.8,4.2,13.0,350.0,999.8,999.8,2.7,5.2
2024-05-20 19:40:00+02:00,20.4,20.4,21.0,13.2,63.0,25.1,86.0,28.6,0.0,0.0,5.6,11.7,0.0,8.1,51.7,107.8,2.2,13.0,301.0,999.9,999.9,2.7,5.2
2024-05-20 19:45:00+02:00,20.3,20.3,21.1,13.4,65.0,25.1,86.0,26.4,0.0,0.0,5.6,11.7,0.0,8.1,51.7,107.8,1.6,4.3,10.0,999.9,999.9,2.7,5.2
2024-05-20 19:50:00+02:00,20.2,20.2,21.1,13.7,66.0,25.1,86.0,26.3,0.0,0.0,5.6,11.7,0.0,8.1,51.7,107.8,1.4,2.9,84.0,999.9,999.9,2.7,5.2
2024-05-20 19:55:00+02:00,20.0,20.0,21.1,13.6,66.0,25.1,86.0,19.9,0.0,0.0,5.6,11.7,0.0,8.1,51.7,107.8,0.4,2.9,129.0,999.8,999.8,2.7,5.2
2024-05-20 20:00:00+02:00,19.9,19.9,20.9,13.7,68.0,25.0,86.0,17.6,0.0,0.0,5.6,11.7,0.0,8.1,51.7,107.8,0.8,4.0,311.0,999.9,999.9,2.7,5.2
2024-05-20 20:05:00+02:00,19.7,19.7,20.6,13.8,69.0,25.0,86.0,16.6,0.0,0.0,5.6,11.7,0.0,8.1,51.7,107.8,1.4,4.3,312.0,999.8,999.8,2.7,5.2
2024-05-20 20:10:00+02:00,19.5,19.5,20.2,13.6,69.0,25.0,86.0,14.3,0.0,0.0,5.6,11.7,0.0,8.1,51.7,107.8,1.9,4.7,0.0,999.9,999.9,2.7,5.2
2024-05-20 20:15:00+02:00,19.4,19.4,20.3,13.7,70.0,24.9,85.0,12.9,0.0,0.0,5.6,11.7,0.0,8.1,51.7,107.8,1.2,3.2,118.0,1000.0,1000.0,2.7,5.2
2024-05-20 20:20:00+02:00,19.2,19.2,20.1,13.6,70.0,24.9,85.0,12.2,0.0,0.0,5.6,11.7,0.0,8.1,51.7,107.8,0.9,2.9,148.0,1000.1,1000.1,2.7,5.2
2024-05-20 20:25:00+02:00,18.9,18.9,19.8,13.4,71.0,24.8,85.0,12.1,0.0,0.0,5.6,11.7,0.0,8.1,51.7,107.8,0.9,2.5,156.0,1000.2,1000.2,2.7,5.2
2024-05-20 20:30:00+02:00,18.7,18.7,19.6,13.9,74.0,24.8,85.0,11.4,0.0,0.0,5.6,11.7,0.0,8.1,51.7,107.8,1.5,2.9,317.0,1000.2,1000.2,2.7,5.2
2024-05-20 20:35:00+02:00,18.3,18.3,19.5,13.8,76.0,24.8,85.0,11.1,0.0,0.0,5.6,11.7,0.0,8.1,51.7,107.8,0.0,2.9,270.0,1000.3,1000.3,2.7,5.2
2024-05-20 20:45:00+02:00,18.2,18.2,19.2,13.7,75.0,24.6,85.0,9.2,0.0,0.0,5.6,11.7,0.0,8.1,51.7,107.8,0.7,2.9,332.0,1000.3,1000.3,2.7,5.2
2024-05-20 20:50:00+02:00,17.9,17.9,19.2,13.9,77.0,24.6,85.0,8.6,0.0,0.0,5.6,11.7,0.0,8.1,51.7,107.8,0.0,0.0,50.0,1000.4,1000.4,2.7,5.2
2024-05-20 20:55:00+02:00,17.6,17.6,18.7,13.6,77.0,24.5,85.0,7.7,0.0,0.0,5.6,11.7,0.0,8.1,51.7,107.8,0.4,2.2,120.0,1000.3,1000.3,2.7,5.2
2024-05-20 21:00:00+02:00,17.2,17.2,18.4,13.8,80.0,24.5,85.0,6.5,0.0,0.0,5.6,11.7,0.0,8.1,51.7,107.8,0.0,2.2,167.0,1000.4,1000.4,2.7,5.2
2024-05-20 21:05:00+02:00,16.9,16.9,18.1,13.7,81.0,24.4,84.0,5.4,0.0,0.0,5.6,11.7,0.0,8.1,51.7,107.8,0.0,1.8,198.0,1000.4,1000.4,2.7,5.2
2024-05-20 21:10:00+02:00,16.7,16.7,17.5,13.5,82.0,24.3,84.0,4.3,0.0,0.0,5.6,11.7,0.0,8.1,51.7,107.8,1.4,2.9,132.0,1000.5,1000.5,2.7,5.2
2024-05-20 21:15:00+02:00,16.5,16.5,17.5,13.6,83.0,24.3,84.0,3.3,0.0,0.0,5.6,11.7,0.0,8.1,51.7,107.8,0.7,2.9,135.0,1000.4,1000.4,2.7,5.2
2024-05-20 21:20:00+02:00,16.3,16.3,17.5,13.6,84.0,24.2,84.0,2.4,0.0,0.0,5.6,11.7,0.0,8.1,51.7,107.8,0.0,1.8,124.0,1000.6,1000.6,2.7,5.2
2024-05-20 21:25:00+02:00,16.0,16.0,17.2,13.6,86.0,24.2,84.0,1.6,0.0,0.0,5.6,11.7,0.0,8.1,51.7,107.8,0.0,1.8,104.0,1000.4,1000.4,2.7,5.2
2024-05-20 21:30:00+02:00,15.8,15.8,16.9,13.5,86.0,24.1,84.0,0.9,0.0,0.0,5.6,11.7,0.0,8.1,51.7,107.8,0.0,0.0,100.0,1000.5,1000.5,2.7,5.2
2024-05-20 21:35:00+02:00,15.7,15.7,16.7,13.6,88.0,24.0,84.0,0.6,0.0,0.0,5.6,11.7,0.0,8.1,51.7,107.8,0.4,2.2,108.0,1000.5,1000.5,2.7,5.2
2024-05-20 21:40:00+02:00,15.4,15.4,16.5,13.5,88.0,23.9,84.0,0.3,0.0,0.0,5.6,11.7,0.0,8.1,51.7,107.8,0.4,2.2,98.0,1000.5,1000.5,2.7,5.2
2024-05-20 21:45:00+02:00,15.2,15.2,16.3,13.4,89.0,23.8,84.0,0.2,0.0,0.0,5.6,11.7,0.0,8.1,51.7,107.8,0.0,2.2,106.0,1000.5,1000.5,2.7,5.1
2024-05-20 21:50:00+02:00,15.0,15.0,16.0,13.2,89.0,23.7,84.0,0.1,0.0,0.0,5.6,11.7,0.0,8.1,51.7,107.8,0.0,1.8,78.0,1000.6,1000.6,2.7,5.1
2024-05-20 21:55:00+02:00,14.8,14.8,15.8,13.2,90.0,23.7,84.0,0.0,0.0,0.0,5.6,11.7,0.0,8.1,51.7,107.8,0.0,1.8,133.0,1000.5,1000.5,2.7,5.1
2024-05-20 22:00:00+02:00,14.7,14.7,15.7,13.1,90.0,23.6,84.0,0.0,0.0,0.0,5.6,11.7,0.0,8.1,51.7,107.8,0.0,1.8,197.0,1000.5,1000.5,2.7,5.1
2024-05-20 22:05:00+02:00,14.7,14.7,15.7,13.1,90.0,23.5,84.0,0.0,0.0,0.0,5.6,11.7,0.0,8.1,51.7,107.8,0.0,1.8,345.0,1000.5,1000.5,2.7,5.1
2024-05-20 22:10:00+02:00,14.5,14.5,15.3,13.0,91.0,23.4,84.0,0.0,0.0,0.0,5.6,11.7,0.0,8.1,51.7,107.8,0.9,2.9,120.0,1000.4,1000.4,2.7,5.1
2024-05-20 22:15:00+02:00,14.5,14.5,15.2,13.2,92.0,23.3,84.0,0.0,0.0,0.0,5.6,11.7,0.0,8.1,51.7,107.8,1.5,3.2,122.0,1000.5,1000.5,2.7,5.1
2024-05-20 22:20:00+02:00,14.3,14.3,15.2,13.0,92.0,23.3,84.0,0.0,0.0,0.0,5.6,11.7,0.0,8.1,51.7,107.8,0.0,2.2,129.0,1000.5,1000.5,2.7,5.1
2024-05-20 22:25:00+02:00,14.2,14.2,15.1,12.9,92.0,23.2,84.0,0.0,0.0,0.0,5.6,11.7,0.0,8.1,51.7,107.8,0.0,1.8,141.0,1000.5,1000.5,2.7,5.1
2024-05-20 22:30:00+02:00,14.2,14.2,15.0,12.9,92.0,23.1,84.0,0.0,0.0,0.0,5.6,11.7,0.0,8.1,51.7,107.8,0.5,1.8,137.0,1000.6,1000.6,2.7,5.1
2024-05-20 22:35:00+02:00,14.1,14.1,14.5,13.0,93.0,23.1,83.0,0.0,0.0,0.0,5.6,11.7,0.0,8.1,51.7,107.8,3.0,4.3,112.0,1000.5,1000.5,2.7,5.1
2024-05-20 22:40:00+02:00,14.1,14.1,14.5,13.0,93.0,23.0,83.0,0.0,0.0,0.0,5.6,11.7,0.0,8.1,51.7,107.8,2.7,4.3,115.0,1000.5,1000.5,2.7,5.1
2024-05-20 22:45:00+02:00,14.0,14.0,14.4,12.9,93.0,22.8,83.0,0.0,0.0,0.0,5.6,11.7,0.0,8.1,51.7,107.8,2.6,3.6,113.0,1000.5,1000.5,2.7,5.1
2024-05-20 22:50:00+02:00,14.0,14.0,14.8,12.8,93.0,22.7,83.0,0.0,0.0,0.0,5.6,11.7,0.0,8.1,51.7,107.8,0.0,3.2,134.0,1000.5,1000.5,2.7,5.1
2024-05-20 22:55:00+02:00,13.9,13.9,14.8,12.8,93.0,22.6,83.0,0.0,0.0,0.0,5.6,11.7,0.0,8.1,51.7,107.8,0.0,1.8,87.0,1000.5,1000.5,2.7,5.1
2024-05-20 23:00:00+02:00,13.8,13.8,14.8,12.9,94.0,22.6,83.0,0.0,0.0,0.0,5.6,11.7,0.0,8.1,51.7,107.8,0.0,0.0,56.0,1000.4,1000.4,2.7,5.1
2024-05-20 23:05:00+02:00,13.9,13.9,14.8,12.8,93.0,22.5,83.0,0.0,0.0,0.0,5.6,11.7,0.0,8.1,51.7,107.8,0.0,1.8,266.0,1000.6,1000.6,2.7,5.1
2024-05-20 23:10:00+02:00,14.0,14.0,14.9,12.9,93.0,22.4,83.0,0.0,0.0,0.0,5.6,11.7,0.0,8.1,51.7,107.8,0.0,1.8,212.0,1000.6,1000.6,2.7,5.1
2024-05-20 23:15:00+02:00,13.8,13.8,14.6,12.7,93.0,22.3,83.0,0.0,0.0,0.0,5.6,11.7,0.0,8.1,51.7,107.8,0.0,2.2,101.0,1000.4,1000.4,2.7,5.1
2024-05-20 23:20:00+02:00,13.8,13.8,14.6,12.7,93.0,22.3,83.0,0.0,0.0,0.0,5.6,11.7,0.0,8.1,51.7,107.8,0.0,0.0,214.0,1000.5,1000.5,2.7,5.1
2024-05-20 23:25:00+02:00,13.7,13.7,14.5,12.6,93.0,22.2,83.0,0.0,0.0,0.0,5.6,11.7,0.0,8.1,51.7,107.8,0.0,1.8,97.0,1000.6,1000.6,2.7,5.1
2024-05-20 23:30:00+02:00,13.6,13.6,14.4,12.7,94.0,22.1,83.0,0.0,0.0,0.0,5.6,11.7,0.0,8.1,51.7,107.8,0.4,2.5,113.0,1000.4,1000.4,2.7,5.1
2024-05-20 23:35:00+02:00,13.7,13.7,14.4,12.8,94.0,22.1,83.0,0.0,0.0,0.0,5.6,11.7,0.0,8.1,51.7,107.8,0.9,2.5,115.0,1000.4,1000.4,2.7,5.0
2024-05-20 23:40:00+02:00,13.7,13.7,14.5,12.8,94.0,22.0,83.0,0.0,0.0,0.0,5.6,11.7,0.0,8.1,51.7,107.8,0.4,2.5,125.0,1000.5,1000.5,2.7,5.0
2024-05-20 23:45:00+02:00,13.7,13.7,14.5,12.8,94.0,21.9,83.0,0.0,0.0,0.0,5.6,11.7,0.0,8.1,51.7,107.8,0.0,2.9,87.0,1000.4,1000.4,2.7,5.0
2024-05-20 23:50:00+02:00,13.8,13.8,14.5,12.9,94.0,21.8,83.0,0.0,0.0,0.0,5.6,11.7,0.0,8.1,51.7,107.8,1.3,3.2,104.0,1000.5,1000.5,2.7,5.0
2024-05-20 23:55:00+02:00,14.0,14.0,14.7,13.0,94.0,21.7,83.0,0.0,0.0,0.0,5.6,11.7,0.0,8.1,51.7,107.8,0.9,3.2,140.0,1000.5,1000.5,2.7,5.0
2024-05-21 00:00:00+02:00,14.0,14.0,14.9,13.1,94.0,21.7,83.0,0.0,0.0,0.0,0.0,11.7,0.0,8.1,51.7,107.8,0.4,2.9,114.0,1000.3,1000.3,2.7,5.0
2024-05-21 00:05:00+02:00,14.1,14.1,14.9,13.0,93.0,21.6,83.0,0.0,0.0,0.0,0.0,11.7,0.0,8.1,51.7,107.8,0.9,3.2,125.0,1000.4,1000.4,2.7,5.0
2024-05-21 00:10:00+02:00,14.2,14.2,15.1,13.1,93.0,21.5,83.0,0.0,0.0,0.0,0.0,11.7,0.0,8.1,51.7,107.8,0.4,2.9,127.0,1000.4,1000.4,2.7,5.0
2024-05-21 00:15:00+02:00,14.3,14.3,15.0,13.0,92.0,21.5,83.0,0.0,0.0,0.0,0.0,11.7,0.0,8.1,51.7,107.8,1.2,3.2,123.0,1000.4,1000.4,2.7,5.0
2024-05-21 00:20:00+02:00,14.4,14.4,15.3,13.2,92.0,21.4,83.0,0.0,0.0,0.0,0.0,11.7,0.0,8.1,51.7,107.8,0.9,3.6,76.0,1000.4,1000.4,2.7,5.0
2024-05-21 00:25:00+02:00,14.4,14.4,15.2,13.1,92.0,21.3,83.0,0.0,0.0,0.0,0.0,11.7,0.0,8.1,51.7,107.8,0.7,2.5,131.0,1000.5,1000.5,2.7,5.0
2024-05-21 00:30:00+02:00,14.4,14.4,15.1,13.1,92.0,21.3,83.0,0.0,0.0,0.0,0.0,11.7,0.0,8.1,51.7,107.8,1.2,2.5,133.0,1000.4,1000.4,2.7,5.0
2024-05-21 00:35:00+02:00,14.4,14.4,15.1,13.2,93.0,21.2,83.0,0.0,0.0,0.0,0.0,11.7,0.0,8.1,51.7,107.8,1.4,3.6,106.0,1000.4,1000.4,2.7,5.0
2024-05-21 00:40:00+02:00,14.6,14.6,15.4,13.4,92.0,21.2,83.0,0.0,0.0,0.0,0.0,11.7,0.0,8.1,51.7,107.8,1.3,4.3,99.0,1000.4,1000.4,2.7,5.0
2024-05-21 00:45:00+02:00,14.9,14.9,15.7,13.5,91.0,21.1,83.0,0.0,0.0,0.0,0.0,11.7,0.0,8.1,51.7,107.8,1.4,5.0,84.0,1000.3,1000.3,2.7,5.0
2024-05-21 00:50:00+02:00,15.0,15.0,16.0,13.5,91.0,21.1,83.0,0.0,0.0,0.0,0.0,11.7,0.0,8.1,51.7,107.8,0.6,5.0,86.0,1000.3,1000.3,2.7,5.0
2024-05-21 00:55:00+02:00,15.0,15.0,15.6,13.5,91.0,21.0,83.0,0.0,0.0,0.0,0.0,11.7,0.0,8.1,51.7,107.8,2.5,5.8,82.0,1000.3,1000.3,2.7,5.0
2024-05-21 01:00:00+02:00,15.2,15.2,15.8,13.6,90.0,20.9,83.0,0.0,0.0,0.0,0.0,11.7,0.0,8.1,51.7,107.8,2.4,4.7,73.0,1000.3,1000.3,2.7,5.0
2024-05-21 01:05:00+02:00,15.3,15.3,16.0,13.7,90.0,20.9,83.0,0.0,0.0,0.0,0.0,11.7,0.0,8.1,51.7,107.8,2.7,6.5,69.0,1000.3,1000.3,2.7,5.0
2024-05-21 01:10:00+02:00,15.3,15.3,16.1,13.7,90.0,20.8,83.0,0.0,0.0,0.0,0.0,11.7,0.0,8.1,51.7,107.8,2.1,6.5,82.0,1000.3,1000.3,2.7,5.0
2024-05-21 01:15:00+02:00,15.3,15.3,16.0,13.6,89.0,20.8,83.0,0.0,0.0,0.0,0.0,11.7,0.0,8.1,51.7,107.8,2.4,5.0,60.0,1000.2,1000.2,2.7,5.0
2024-05-21 01:20:00+02:00,15.4,15.4,15.9,13.6,89.0,20.7,83.0,0.0,0.0,0.0,0.0,11.7,0.0,8.1,51.7,107.8,3.2,6.5,42.0,1000.2,1000.2,2.7,5.0
2024-05-21 01:25:00+02:00,15.3,15.3,16.2,13.6,89.0,20.7,83.0,0.0,0.0,0.0,0.0,11.7,0.0,8.1,51.7,107.8,1.3,5.4,62.0,1000.2,1000.2,2.7,4.9
2024-05-21 01:30:00+02:00,15.1,15.1,16.2,13.5,90.0,20.7,83.0,0.0,0.0,0.0,0.0,11.7,0.0,8.1,51.7,107.8,0.0,3.6,147.0,1000.2,1000.2,2.7,4.9
2024-05-21 01:35:00+02:00,14.8,14.8,15.7,13.3,91.0,20.6,83.0,0.0,0.0,0.0,0.0,11.7,0.0,8.1,51.7,107.8,0.5,2.2,237.0,1000.2,1000.2,2.7,4.9
2024-05-21 01:40:00+02:00,14.6,14.6,15.6,13.3,92.0,20.6,83.0,0.0,0.0,0.0,0.0,11.7,0.0,8.1,51.7,107.8,0.0,2.2,39.0,1000.3,1000.3,2.7,4.9
2024-05-21 01:45:00+02:00,14.4,14.4,15.2,13.1,92.0,20.5,83.0,0.0,0.0,0.0,0.0,11.7,0.0,8.1,51.7,107.8,0.7,2.5,275.0,1000.2,1000.2,2.7,4.9
2024-05-21 01:50:00+02:00,14.3,14.3,15.2,13.2,93.0,20.5,83.0,0.0,0.0,0.0,0.0,11.7,0.0,8.1,51.7,107.8,0.5,3.2,345.0,1000.2,1000.2,2.7,4.9
2024-05-21 01:55:00+02:00,14.1,14.1,15.1,13.1,94.0,20.4,83.0,0.0,0.0,0.0,0.0,11.7,0.0,8.1,51.7,107.8,0.0,2.5,286.0,1000.2,1000.2,2.7,4.9
2024-05-21 02:00:00+02:00,13.8,13.8,14.7,12.9,94.0,20.4,83.0,0.0,0.0,0.0,0.0,11.7,0.0,8.1,51.7,107.8,0.4,2.2,300.0,1000.2,1000.2,2.7,4.9
2024-05-21 02:05:00+02:00,13.7,13.7,14.6,12.9,95.0,20.3,83.0,0.0,0.0,0.0,0.0,11.7,0.0,8.1,51.7,107.8,0.0,1.8,119.0,1000.3,1000.3,2.7,4.9
2024-05-21 02:10:00+02:00,13.5,13.5,14.3,12.8,95.0,20.3,83.0,0.0,0.0,0.0,0.0,11.7,0.0,8.1,51.7,107.8,0.4,2.2,311.0,1000.4,1000.4,2.7,4.9
2024-05-21 02:15:00+02:00,13.5,13.5,14.4,12.8,95.0,20.2,83.0,0.0,0.0,0.0,0.0,11.7,0.0,8.1,51.7,107.8,0.0,2.5,294.0,1000.2,1000.2,2.7,4.9
2024-05-21 02:20:00+02:00,13.4,13.4,14.3,12.8,96.0,20.2,83.0,0.0,0.0,0.0,0.0,11.7,0.0,8.1,51.7,107.8,0.0,0.0,52.0,1000.1,1000.1,2.7,4.9
2024-05-21 02:25:00+02:00,13.3,13.3,14.1,12.7,96.0,20.2,83.0,0.0,0.0,0.0,0.0,11.7,0.0,8.1,51.7,107.8,0.0,1.8,101.0,1000.0,1000.0,2.7,4.9
2024-05-21 02:30:00+02:00,13.2,13.2,13.9,12.6,96.0,20.1,83.0,0.0,0.0,0.0,0.0,11.7,0.0,8.1,51.7,107.8,0.4,2.5,263.0,999.9,999.9,2.7,4.9
2024-05-21 02:35:00+02:00,13.2,13.2,14.0,12.6,96.0,20.1,83.0,0.0,0.0,0.0,0.0,11.7,0.0,8.1,51.7,107.8,0.0,2.5,307.0,999.7,999.7,2.7,4.9
2024-05-21 02:40:00+02:00,13.1,13.1,13.9,12.5,96.0,20.0,83.0,0.0,0.0,0.0,0.0,11.7,0.0,8.1,51.7,107.8,0.4,2.2,115.0,999.8,999.8,2.7,4.9
2024-05-21 02:45:00+02:00,13.1,13.1,13.9,12.6,97.0,20.0,83.0,0.0,0.0,0.0,0.0,11.7,0.0,8.1,51.7,107.8,0.0,2.5,104.0,999.8,999.8,2.7,4.9
2024-05-21 02:50:00+02:00,12.9,12.9,13.7,12.5,97.0,19.9,83.0,0.0,0.0,0.0,0.0,11.7,0.0,8.1,51.7,107.8,0.0,2.5,8.0,999.7,999.7,2.7,4.9
2024-05-21 02:55:00+02:00,13.0,13.0,13.6,12.6,97.0,19.8,83.0,0.0,0.0,0.0,0.0,11.7,0.0,8.1,51.7,107.8,1.0,5.4,74.0,999.6,999.6,2.7,4.9
2024-05-21 03:00:00+02:00,13.2,13.2,14.0,12.7,97.0,19.8,83.0,0.0,0.0,0.0,0.0,11.7,0.0,8.1,51.7,107.8,0.0,5.4,301.0,999.5,999.5,2.7,4.9
2024-05-21 03:05:00+02:00,13.2,13.2,14.0,12.8,97.0,19.7,83.0,0.0,0.0,0.0,0.0,11.7,0.0,8.1,51.7,107.8,0.4,2.9,310.0,999.7,999.7,2.7,4.8
2024-05-21 03:10:00+02:00,13.1,13.1,13.8,12.6,97.0,19.7,83.0,0.0,0.0,0.0,0.0,11.7,0.0,8.1,51.7,107.8,0.5,2.5,275.0,999.7,999.7,2.7,4.8
2024-05-21 03:15:00+02:00,13.0,13.0,13.5,12.6,97.0,19.7,83.0,0.0,0.0,0.0,0.0,11.7,0.0,8.1,51.7,107.8,1.4,3.2,288.0,999.6,999.6,2.7,4.8
2024-05-21 03:20:00+02:00,12.9,12.9,13.5,12.4,97.0,19.6,83.0,0.0,0.0,0.0,0.0,11.7,0.0,8.1,51.7,107.8,0.8,2.9,270.0,999.7,999.7,2.7,4.8
2024-05-21 03:25:00+02:00,12.9,12.9,13.3,12.4,97.0,19.6,83.0,0.0,0.0,0.0,0.0,11.7,0.0,8.1,51.7,107.8,1.9,3.2,290.0,999.7,999.7,2.7,4.8
2024-05-21 03:30:00+02:00,12.8,12.8,13.3,12.3,97.0,19.5,83.0,0.0,0.0,0.0,0.0,11.7,0.0,8.1,51.7,107.8,1.2,2.9,283.0,999.7,999.7,2.7,4.8
2024-05-21 03:35:00+02:00,12.8,12.8,13.5,12.3,97.0,19.4,83.0,0.0,0.0,0.0,0.0,11.7,0.0,8.1,51.7,107.8,0.0,2.5,322.0,999.8,999.8,2.7,4.8
2024-05-21 03:40:00+02:00,12.8,12.8,13.4,12.3,97.0,19.4,83.0,0.0,0.0,0.0,0.0,11.7,0.0,8.1,51.7,107.8,0.4,2.5,221.0,999.6,999.6,2.7,4.8
2024-05-21 03:45:00+02:00,12.7,12.7,13.4,12.3,97.0,19.4,83.0,0.0,0.0,0.0,0.0,11.7,0.0,8.1,51.7,107.8,0.0,1.8,121.0,999.5,999.5,2.7,4.8
2024-05-21 03:50:00+02:00,12.6,12.6,13.3,12.2,98.0,19.3,83.0,0.0,0.0,0.0,0.0,11.7,0.0,8.1,51.7,107.8,0.0,2.2,291.0,999.5,999.5,2.7,4.8
2024-05-21 03:55:00+02:00,12.7,12.7,13.4,12.3,98.0,19.3,83.0,0.0,0.0,0.0,0.0,11.7,0.0,8.1,51.7,107.8,0.0,2.2,254.0,999.5,999.5,2.7,4.8
2024-05-21 04:00:00+02:00,12.6,12.6,13.2,12.3,98.0,19.2,83.0,0.0,0.0,0.0,0.0,11.7,0.0,8.1,51.7,107.8,0.8,2.5,132.0,999.6,999.6,2.7,4.8
2024-05-21 04:05:00+02:00,12.6,12.6,13.2,12.2,98.0,19.2,83.0,0.0,0.0,0.0,0.0,11.7,0.0,8.1,51.7,107.8,0.4,2.5,135.0,999.5,999.5,2.7,4.8
2024-05-21 04:10:00+02:00,12.6,12.6,13.1,12.3,98.0,19.1,83.0,0.0,0.0,0.0,0.0,11.7,0.0,8.1,51.7,107.8,0.7,2.2,297.0,999.6,999.6,2.7,4.8
2024-05-21 04:15:00+02:00,12.6,12.6,13.2,12.3,98.0,19.1,83.0,0.0,0.0,0.0,0.0,11.7,0.0,8.1,51.7,107.8,0.4,3.6,278.0,999.5,999.5,2.7,4.8
2024-05-21 04:20:00+02:00,12.6,12.6,13.2,12.2,98.0,19.1,83.0,0.0,0.0,0.0,0.0,11.7,0.0,8.1,51.7,107.8,0.4,3.6,276.0,999.5,999.5,2.7,4.8
2024-05-21 04:25:00+02:00,12.5,12.5,13.2,12.2,98.0,19.0,83.0,0.0,0.0,0.0,0.0,11.7,0.0,8.1,51.7,107.8,0.0,1.8,281.0,999.5,999.5,2.7,4.8
2024-05-21 04:30:00+02:00,12.6,12.6,13.3,12.3,98.0,19.0,83.0,0.0,0.0,0.0,0.0,11.7,0.0,8.1,51.7,107.8,0.0,2.2,273.0,999.5,999.5,2.7,4.8
2024-05-21 04:35:00+02:00,12.5,12.5,13.2,12.2,98.0,18.9,83.0,0.0,0.0,0.0,0.0,11.7,0.0,8.1,51.7,107.8,0.0,2.2,300.0,999.4,999.4,2.7,4.7
2024-05-21 04:40:00+02:00,12.5,12.5,13.1,12.1,98.0,18.9,83.0,0.0,0.0,0.0,0.0,11.7,0.0,8.1,51.7,107.8,0.0,2.5,244.0,999.3,999.3,2.7,4.7
2024-05-21 04:45:00+02:00,12.4,12.4,13.1,12.1,98.0,18.8,83.0,0.0,0.0,0.0,0.0,11.7,0.0,8.1,51.7,107.8,0.0,2.5,295.0,999.4,999.4,2.7,4.7
2024-05-21 04:50:00+02:00,12.4,12.4,13.1,12.1,98.0,18.8,83.0,0.0,0.0,0.0,0.0,11.7,0.0,8.1,51.7,107.8,0.0,2.2,215.0,999.2,999.2,2.7,4.7
2024-05-21 04:55:00+02:00,12.4,12.4,13.1,12.1,98.0,18.8,83.0,0.0,0.0,0.0,0.0,11.7,0.0,8.1,51.7,107.8,0.0,0.0,95.0,999.3,999.3,2.7,4.7
2024-05-21 05:00:00+02:00,12.4,12.4,12.9,12.1,98.0,18.7,83.0,0.1,0.0,0.0,0.0,11.7,0.0,8.1,51.7,107.8,0.8,2.5,274.0,999.2,999.2,2.7,4.7
2024-05-21 05:05:00+02:00,12.4,12.4,12.7,12.1,98.0,18.7,83.0,0.2,0.0,0.0,0.0,11.7,0.0,8.1,51.7,107.8,1.9,3.6,287.0,999.3,999.3,2.7,4.7
2024-05-21 05:10:00+02:00,12.4,12.4,13.1,12.1,98.0,18.7,83.0,0.4,0.0,0.0,0.0,11.7,0.0,8.1,51.7,107.8,0.0,2.9,298.0,999.2,999.2,2.7,4.7
2024-05-21 05:15:00+02:00,12.4,12.4,13.1,12.1,98.0,18.6,83.0,0.8,0.0,0.0,0.0,11.7,0.0,8.1,51.7,107.8,0.0,2.2,272.0,999.2,999.2,2.7,4.7
2024-05-21 05:20:00+02:00,12.5,12.5,13.1,12.2,98.0,18.6,83.0,1.3,0.0,0.0,0.0,11.7,0.0,8.1,51.7,107.8,0.6,3.2,18.0,999.1,999.1,2.7,4.7
2024-05-21 05:25:00+02:00,12.3,12.3,12.9,12.0,98.0,18.6,83.0,2.0,0.0,0.0,0.0,11.7,0.0,8.1,51.7,107.8,0.4,2.2,133.0,999.2,999.2,2.7,4.7
2024-05-21 05:30:00+02:00,12.2,12.2,12.7,11.9,98.0,18.5,83.0,3.0,0.0,0.0,0.0,11.7,0.0,8.1,51.7,107.8,0.0,3.2,309.0,999.1,999.1,2.7,4.7
2024-05-21 05:35:00+02:00,12.3,12.3,13.0,12.0,98.0,18.5,83.0,4.3,0.0,0.0,0.0,11.7,0.0,8.1,51.7,107.8,0.0,3.2,311.0,999.1,999.1,2.7,4.7
2024-05-21 05:40:00+02:00,12.3,12.3,13.0,12.0,98.0,18.5,83.0,5.5,0.0,0.0,0.0,11.7,0.0,8.1,51.7,107.8,0.0,2.5,324.0,999.2,999.2,2.7,4.7
2024-05-21 05:45:00+02:00,12.4,12.4,13.0,12.1,98.0,18.4,83.0,7.0,0.0,0.0,0.0,11.7,0.0,8.1,51.7,107.8,0.4,2.2,277.0,999.1,999.1,2.7,4.7
2024-05-21 05:50:00+02:00,12.4,12.4,13.0,12.1,98.0,18.4,83.0,8.9,0.0,0.0,0.0,11.7,0.0,8.1,51.7,107.8,0.4,1.8,57.0,999.0,999.0,2.7,4.7
2024-05-21 05:55:00+02:00,12.4,12.4,13.1,12.1,98.0,18.4,83.0,10.8,0.0,0.0,0.0,11.7,0.0,8.1,51.7,107.8,0.0,1.8,78.0,999.0,999.0,2.7,4.7
2024-05-21 06:00:00+02:00,12.4,12.4,12.9,12.1,98.0,18.3,83.0,12.7,0.0,0.0,0.0,11.7,0.0,8.1,51.7,107.8,0.6,3.2,286.0,999.0,999.0,2.7,4.7
2024-05-21 06:05:00+02:00,12.5,12.5,13.0,12.1,98.0,18.3,83.0,14.9,0.0,0.0,0.0,11.7,0.0,8.1,51.7,107.8,0.8,3.6,259.0,999.0,999.0,2.7,4.7
2024-05-21 06:10:00+02:00,12.5,12.5,13.0,12.1,98.0,18.3,83.0,17.1,0.0,0.0,0.0,11.7,0.0,8.1,51.7,107.8,0.8,2.9,275.0,998.9,998.9,2.7,4.7
2024-05-21 06:15:00+02:00,12.5,12.5,13.1,12.1,98.0,18.3,83.0,19.1,0.0,0.0,0.0,11.7,0.0,8.1,51.7,107.8,0.7,3.6,280.0,998.9,998.9,2.7,4.7
2024-05-21 06:20:00+02:00,12.7,12.7,13.2,12.2,97.0,18.3,83.0,21.1,0.0,0.0,0.0,11.7,0.0,8.1,51.7,107.8,0.8,2.9,287.0,998.9,998.9,2.7,4.7
2024-05-21 06:25:00+02:00,12.7,12.7,13.3,12.3,97.0,18.2,84.0,23.1,0.0,0.0,0.0,11.7,0.0,8.1,51.7,107.8,0.4,2.9,247.0,998.9,998.9,2.7,4.7
2024-05-21 06:30:00+02:00,12.9,12.9,13.4,12.4,97.0,18.2,84.0,32.3,0.0,0.0,0.0,11.7,0.0,8.1,51.7,107.8,1.2,6.1,57.0,998.9,998.9,2.7,4.7
2024-05-21 06:35:00+02:00,13.2,13.2,13.0,12.5,96.0,18.2,84.0,31.6,0.0,0.0,0.0,11.7,0.0,8.1,51.7,107.8,4.8,7.9,22.0,998.9,998.9,2.7,4.7
2024-05-21 06:40:00+02:00,13.3,13.3,13.6,12.5,95.0,18.2,84.0,41.0,0.0,0.0,0.0,11.7,0.0,8.1,51.7,107.8,2.6,5.4,42.0,999.0,999.0,2.7,4.7
2024-05-21 06:45:00+02:00,13.7,13.7,14.4,12.7,93.0,18.2,84.0,45.1,0.0,0.0,0.0,11.7,0.0,8.1,51.7,107.8,0.7,5.4,37.0,999.0,999.0,2.7,4.7
2024-05-21 06:50:00+02:00,13.7,13.7,14.2,12.6,93.0,18.2,84.0,37.3,0.0,0.0,0.0,11.7,0.0,8.1,51.7,107.8,1.7,8.6,98.0,999.0,999.0,2.7,4.7
2024-05-21 06:55:00+02:00,13.8,13.8,14.0,12.5,92.0,18.2,84.0,39.4,0.0,0.0,0.0,11.7,0.0,8.1,51.7,107.8,2.9,6.8,70.0,998.9,998.9,2.7,4.7
2024-05-21 07:00:00+02:00,13.8,13.8,14.2,12.5,92.0,18.2,84.0,41.0,0.0,0.0,0.0,11.7,0.0,8.1,51.7,107.8,2.0,6.8,31.0,998.9,998.9,2.7,4.7
2024-05-21 07:05:00+02:00,13.8,13.8,14.1,12.5,92.0,18.2,84.0,45.3,0.0,0.0,0.0,11.7,0.0,8.1,51.7,107.8,2.5,8.3,4.0,998.9,998.9,2.7,4.7
2024-05-21 07:10:00+02:00,14.1,14.1,14.6,12.6,91.0,18.2,84.0,52.1,0.0,0.0,0.0,11.7,0.0,8.1,51.7,107.8,1.7,6.1,22.0,998.8,998.8,2.7,4.7
2024-05-21 07:15:00+02:00,14.2,14.2,14.7,12.6,90.0,18.2,84.0,60.5,0.0,0.0,0.0,11.7,0.0,8.1,51.7,107.8,1.7,5.8,322.0,998.9,998.9,2.7,4.7
2024-05-21 07:20:00+02:00,14.2,14.2,14.6,12.7,91.0,18.2,84.0,68.9,0.0,0.0,0.0,11.7,0.0,8.1,51.7,107.8,2.3,6.1,305.0,998.8,998.8,2.7,4.7
2024-05-21 07:25:00+02:00,14.3,14.3,14.4,12.7,90.0,18.3,84.0,74.6,0.0,0.0,0.0,11.7,0.0,8.1,51.7,107.8,4.1,7.9,353.0,998.8,998.8,2.7,4.7
2024-05-21 07:30:00+02:00,14.5,14.5,14.6,12.6,88.0,18.3,85.0,84.5,0.0,0.0,0.0,11.7,0.0,8.1,51.7,107.8,3.7,10.8,15.0,998.8,998.8,2.7,4.7
2024-05-21 07:35:00+02:00,14.7,14.7,15.4,12.9,89.0,18.3,85.0,94.4,0.0,0.0,0.0,11.7,0.0,8.1,51.7,107.8,0.8,7.2,64.0,998.9,998.9,2.7,4.7
2024-05-21 07:40:00+02:00,14.8,14.8,15.3,12.8,88.0,18.3,85.0,97.0,0.0,0.0,0.0,11.7,0.0,8.1,51.7,107.8,2.2,5.8,38.0,998.8,998.8,2.7,4.7
2024-05-21 07:45:00+02:00,15.1,15.1,15.4,12.9,87.0,18.4,85.0,95.7,0.0,0.0,0.0,11.7,0.0,8.1,51.7,107.8,3.2,6.5,79.0,998.8,998.8,2.7,4.8
2024-05-21 07:50:00+02:00,15.3,15.3,15.7,12.9,86.0,18.4,85.0,89.0,0.0,0.0,0.0,11.7,0.0,8.1,51.7,107.8,2.6,10.4,83.0,998.8,998.8,2.7,4.8
2024-05-21 07:55:00+02:00,15.5,15.5,15.9,13.0,85.0,18.5,85.0,75.3,0.0,0.0,0.0,11.7,0.0,8.1,51.7,107.8,2.4,10.4,56.0,998.8,998.8,2.7,4.8
2024-05-21 08:00:00+02:00,15.7,15.7,16.1,13.0,84.0,18.6,85.0,60.1,0.0,0.0,0.0,11.7,0.0,8.1,51.7,107.8,2.4,11.2,4.0,998.8,998.8,2.7,4.8
2024-05-21 08:05:00+02:00,15.8,15.8,16.0,13.0,83.0,18.6,85.0,52.9,0.0,0.0,0.0,11.7,0.0,8.1,51.7,107.8,3.3,13.0,354.0,998.8,998.8,2.7,4.8
2024-05-21 08:10:00+02:00,15.9,15.9,15.9,13.0,83.0,18.7,86.0,58.2,0.0,0.0,0.0,11.7,0.0,8.1,51.7,107.8,4.8,11.2,30.0,998.8,998.8,2.7,4.8
2024-05-21 08:15:00+02:00,16.0,16.0,16.0,13.0,83.0,18.7,86.0,59.0,0.0,0.0,0.0,11.7,0.0,8.1,51.7,107.8,4.7,11.5,10.0,998.8,998.8,2.7,4.8
2024-05-21 08:20:00+02:00,16.1,16.1,16.1,13.1,82.0,18.8,86.0,228.7,2.0,0.0,0.0,11.7,0.0,8.1,51.7,107.8,4.6,12.2,27.0,998.8,998.8,2.7,4.8
2024-05-21 08:25:00+02:00,16.5,16.5,16.4,13.3,81.0,18.8,86.0,267.1,2.0,0.0,0.0,11.7,0.0,8.1,51.7,107.8,5.6,13.3,11.0,998.7,998.7,2.7,4.9
2024-05-21 08:30:00+02:00,17.0,17.0,17.2,13.4,80.0,18.9,86.0,297.8,2.0,0.0,0.0,11.7,0.0,8.1,51.7,107.8,4.2,13.7,21.0,998.6,998.6,2.7,4.9
2024-05-21 08:35:00+02:00,17.3,17.3,17.7,13.5,78.0,18.9,86.0,338.7,3.0,0.0,0.0,11.7,0.0,8.1,51.7,107.8,3.1,10.4,16.0,998.8,998.8,2.7,5.0
2024-05-21 08:40:00+02:00,17.5,17.5,18.0,13.5,77.0,19.0,86.0,365.2,3.0,0.0,0.0,11.7,0.0,8.1,51.7,107.8,3.4,7.9,32.0,998.7,998.7,2.7,5.0
2024-05-21 08:45:00+02:00,18.0,18.0,18.8,13.8,76.0,19.2,86.0,438.8,4.0,0.0,0.0,11.7,0.0,8.1,51.7,107.8,2.1,5.8,69.0,998.6,998.6,2.7,5.0
2024-05-21 08:50:00+02:00,18.5,18.5,19.4,13.8,74.0,19.3,86.0,671.4,6.0,0.0,0.0,11.7,0.0,8.1,51.7,107.8,1.7,5.8,24.0,998.6,998.6,2.7,5.0
2024-05-21 08:55:00+02:00,18.7,18.7,19.3,13.8,73.0,19.5,86.0,652.8,6.0,0.0,0.0,11.7,0.0,8.1,51.7,107.8,3.3,7.6,19.0,998.6,998.6,2.7,5.1
2024-05-21 09:00:00+02:00,19.1,19.1,19.7,13.9,72.0,19.8,87.0,418.7,3.0,0.0,0.0,11.7,0.0,8.1,51.7,107.8,3.2,7.2,2.0,998.7,998.7,2.7,5.1
2024-05-21 09:05:00+02:00,19.2,19.2,19.6,14.0,72.0,20.0,86.0,358.7,3.0,0.0,0.0,11.7,0.0,8.1,51.7,107.8,4.0,11.2,342.0,998.7,998.7,2.7,5.2
2024-05-21 09:10:00+02:00,19.0,19.0,19.3,13.8,72.0,20.2,86.0,271.4,2.0,0.0,0.0,11.7,0.0,8.1,51.7,107.8,4.4,11.2,347.0,998.6,998.6,2.7,5.2
2024-05-21 09:15:00+02:00,18.9,18.9,18.8,13.6,72.0,20.5,86.0,269.1,2.0,0.0,0.0,11.7,0.0,8.1,51.7,107.8,6.3,11.5,26.0,998.7,998.7,2.7,5.2
2024-05-21 09:20:00+02:00,19.0,19.0,19.5,13.8,72.0,20.8,86.0,272.3,2.0,0.0,0.0,11.7,0.0,8.1,51.7,107.8,3.8,9.7,42.0,998.5,998.5,2.7,5.2
2024-05-21 09:25:00+02:00,19.1,19.1,19.2,13.8,71.0,20.9,86.0,312.6,2.0,0.0,0.0,11.7,0.0,8.1,51.7,107.8,5.5,15.8,350.0,998.6,998.6,2.7,5.2
2024-05-21 09:30:00+02:00,19.3,19.3,19.8,14.0,71.0,21.2,86.0,313.9,2.0,0.0,0.0,11.7,0.0,8.1,51.7,107.8,3.9,8.6,39.0,998.4,998.4,2.7,5.2
2024-05-21 09:35:00+02:00,19.6,19.6,20.1,14.0,70.0,21.4,86.0,320.8,2.0,0.0,0.0,11.7,0.0,8.1,51.7,107.8,4.0,13.3,18.0,998.4,998.4,2.7,5.2
2024-05-21 09:40:00+02:00,19.9,19.9,20.4,14.0,69.0,21.7,85.0,341.8,3.0,0.0,0.0,11.7,0.0,8.1,51.7,107.8,4.0,9.0,348.0,998.4,998.4,2.7,5.2
2024-05-21 09:45:00+02:00,19.9,19.9,20.1,14.0,69.0,21.9,85.0,327.0,3.0,0.0,0.0,11.7,0.0,8.1,51.7,107.8,5.2,17.3,25.0,998.4,998.4,2.7,5.3
2024-05-21 09:50:00+02:00,20.0,20.0,20.5,14.1,69.0,22.1,85.0,321.1,2.0,0.0,0.0,11.7,0.0,8.1,51.7,107.8,3.8,11.5,3.0,998.3,998.3,2.7,5.3
2024-05-21 09:55:00+02:00,20.2,20.2,20.9,14.1,68.0,22.4,85.0,327.8,3.0,0.0,0.0,11.7,0.0,8.1,51.7,107.8,3.4,7.9,24.0,998.2,998.2,2.7,5.3
2024-05-21 10:00:00+02:00,20.2,20.2,20.4,14.1,68.0,22.7,85.0,322.3,2.0,0.0,0.0,11.7,0.0,8.1,51.7,107.8,5.5,11.9,8.0,998.2,998.2,2.7,5.3
2024-05-21 10:05:00+02:00,20.4,20.4,21.1,14.4,69.0,23.0,84.0,329.8,3.0,0.0,0.0,11.7,0.0,8.1,51.7,107.8,3.6,11.9,5.0,998.1,998.1,2.7,5.3
2024-05-21 10:10:00+02:00,20.8,20.8,21.1,14.2,66.0,23.2,84.0,319.0,2.0,0.0,0.0,11.7,0.0,8.1,51.7,107.8,5.6,13.3,359.0,998.2,998.2,2.7,5.3
2024-05-21 10:15:00+02:00,20.6,20.6,21.6,14.4,68.0,23.4,84.0,305.6,2.0,0.0,0.0,11.7,0.0,8.1,51.7,107.8,2.0,11.9,41.0,998.1,998.1,2.7,5.3
2024-05-21 10:20:00+02:00,20.6,20.6,21.0,14.2,67.0,23.7,83.0,297.5,2.0,0.0,0.0,11.7,0.0,8.1,51.7,107.8,4.4,13.7,64.0,998.1,998.1,2.7,5.3
2024-05-21 10:25:00+02:00,20.7,20.7,20.9,14.1,66.0,23.8,83.0,313.9,2.0,0.0,0.0,11.7,0.0,8.1,51.7,107.8,5.2,13.0,25.0,998.1,998.1,2.7,5.3
2024-05-21 10:30:00+02:00,20.8,20.8,21.6,14.3,66.0,24.0,83.0,348.5,3.0,0.0,0.0,11.7,0.0,8.1,51.7,107.8,3.0,11.5,11.0,998.0,998.0,2.7,5.3
2024-05-21 10:35:00+02:00,21.2,21.2,21.5,14.4,65.0,24.3,83.0,358.4,3.0,0.0,0.0,11.7,0.0,8.1,51.7,107.8,5.5,13.3,21.0,998.1,998.1,2.7,5.3
2024-05-21 10:40:00+02:00,21.0,21.0,21.3,14.4,66.0,24.4,82.0,364.2,3.0,0.0,0.0,11.7,0.0,8.1,51.7,107.8,6.0,10.4,44.0,997.9,997.9,2.7,5.3
2024-05-21 10:45:00+02:00,21.1,21.1,21.7,14.3,65.0,24.6,82.0,380.2,3.0,0.0,0.0,11.7,0.0,8.1,51.7,107.8,4.3,14.8,57.0,998.0,998.0,2.7,5.3
2024-05-21 10:50:00+02:00,21.4,21.4,21.9,14.5,65.0,24.8,82.0,373.2,3.0,0.0,0.0,11.7,0.0,8.1,51.7,107.8,4.8,14.8,40.0,997.9,997.9,2.7,5.3
2024-05-21 10:55:00+02:00,21.7,21.7,22.2,14.7,64.0,24.9,82.0,394.2,3.0,0.0,0.0,11.7,0.0,8.1,51.7,107.8,5.0,16.6,29.0,997.9,997.9,2.7,5.3
2024-05-21 11:00:00+02:00,21.6,21.6,22.0,14.5,64.0,25.2,82.0,405.3,3.0,0.0,0.0,11.7,0.0,8.1,51.7,107.8,5.4,16.6,342.0,997.9,997.9,2.7,5.3
2024-05-21 11:05:00+02:00,21.7,21.7,22.0,14.3,63.0,25.3,82.0,400.1,3.0,0.0,0.0,11.7,0.0,8.1,51.7,107.8,5.4,14.0,49.0,997.8,997.8,2.7,5.3
2024-05-21 11:10:00+02:00,21.9,21.9,22.4,14.2,61.0,25.5,82.0,457.8,4.0,0.0,0.0,11.7,0.0,8.1,51.7,107.8,4.5,10.8,22.0,997.9,997.9,2.7,5.3
2024-05-21 11:15:00+02:00,21.9,21.9,22.3,14.3,62.0,25.7,81.0,456.0,4.0,0.0,0.0,11.7,0.0,8.1,51.7,107.8,5.0,11.2,53.0,997.8,997.8,2.7,5.3
2024-05-21 11:20:00+02:00,22.1,22.1,22.3,14.3,61.0,25.9,81.0,494.1,4.0,0.0,0.0,11.7,0.0,8.1,51.7,107.8,6.2,11.9,37.0,997.7,997.7,2.7,5.3
2024-05-21 11:25:00+02:00,22.3,22.3,22.9,14.5,61.0,26.1,81.0,487.9,4.0,0.0,0.0,11.7,0.0,8.1,51.7,107.8,4.7,10.8,65.0,997.7,997.7,2.7,5.3
2024-05-21 11:30:00+02:00,22.3,22.3,22.4,14.5,61.0,26.2,81.0,494.4,4.0,0.0,0.0,11.7,0.0,8.1,51.7,107.8,6.8,14.0,14.0,997.7,997.7,2.7,5.3
2024-05-21 11:35:00+02:00,22.4,22.4,23.1,14.6,61.0,26.4,81.0,491.8,4.0,0.0,0.0,11.7,0.0,8.1,51.7,107.8,4.0,13.0,70.0,997.7,997.7,2.7,5.3
2024-05-21 11:40:00+02:00,22.5,22.5,22.9,14.6,61.0,26.6,81.0,508.1,4.0,0.0,0.0,11.7,0.0,8.1,51.7,107.8,5.4,14.4,300.0,997.7,997.7,2.7,5.3
2024-05-21 11:45:00+02:00,22.9,22.9,23.2,14.6,60.0,26.8,81.0,493.8,4.0,0.0,0.0,11.7,0.0,8.1,51.7,107.8,5.8,16.9,310.0,997.4,997.4,2.7,5.3
2024-05-21 11:50:00+02:00,22.7,22.7,22.8,14.5,60.0,27.0,81.0,524.0,4.0,0.0,0.0,11.7,0.0,8.1,51.7,107.8,6.6,19.1,8.0,997.6,997.6,2.7,5.3
2024-05-21 11:55:00+02:00,22.7,22.7,22.6,14.7,61.0,27.2,80.0,524.6,4.0,0.0,0.0,11.7,0.0,8.1,51.7,107.8,8.1,19.4,351.0,997.5,997.5,2.7,5.3
2024-05-21 12:00:00+02:00,23.0,23.0,23.7,14.8,60.0,27.4,80.0,503.7,4.0,0.0,0.0,11.7,0.0,8.1,51.7,107.8,4.3,16.6,62.0,997.6,997.6,2.7,5.3
2024-05-21 12:05:00+02:00,23.0,23.0,23.3,14.6,59.0,27.6,80.0,500.5,4.0,0.0,0.0,11.7,0.0,8.1,51.7,107.8,6.1,16.9,38.0,997.4,997.4,2.7,5.3
2024-05-21 12:10:00+02:00,23.2,23.2,23.9,14.9,59.0,27.8,80.0,488.1,4.0,0.0,0.0,11.7,0.0,8.1,51.7,107.8,4.3,11.5,321.0,997.4,997.4,2.7,5.3
2024-05-21 12:15:00+02:00,23.4,23.4,23.9,14.6,58.0,27.9,80.0,456.4,4.0,0.0,0.0,11.7,0.0,8.1,51.7,107.8,4.8,12.2,307.0,997.4,997.4,2.7,5.3
2024-05-21 12:20:00+02:00,23.4,23.4,24.2,14.9,59.0,28.1,80.0,436.7,4.0,0.0,0.0,11.7,0.0,8.1,51.7,107.8,4.2,10.8,33.0,997.3,997.3,2.7,5.3
2024-05-21 12:25:00+02:00,23.7,23.7,24.3,15.0,58.0,28.2,79.0,413.1,3.0,0.0,0.0,11.7,0.0,8.1,51.7,107.8,5.3,9.4,6.0,997.4,997.4,2.7,5.3
2024-05-21 12:30:00+02:00,23.6,23.6,24.4,14.8,58.0,28.3,79.0,403.2,3.0,0.0,0.0,11.7,0.0,8.1,51.7,107.8,3.6,10.4,33.0,997.4,997.4,2.7,5.3
2024-05-21 12:35:00+02:00,24.2,24.2,25.3,15.0,57.0,28.5,79.0,426.7,3.0,0.0,0.0,11.7,0.0,8.1,51.7,107.8,2.8,10.1,36.0,997.3,997.3,2.7,5.3
2024-05-21 12:40:00+02:00,23.8,23.8,24.2,14.9,57.0,28.6,79.0,415.9,3.0,0.0,0.0,11.7,0.0,8.1,51.7,107.8,5.9,10.4,1.0,997.2,997.2,2.7,5.3
2024-05-21 12:45:00+02:00,23.3,23.3,23.6,14.6,58.0,28.7,79.0,386.6,3.0,0.0,0.0,11.7,0.0,8.1,51.7,107.8,6.0,18.4,350.0,997.0,997.0,2.7,5.3
2024-05-21 12:50:00+02:00,23.5,23.5,23.3,14.8,58.0,28.8,79.0,381.1,3.0,0.0,0.0,11.7,0.0,8.1,51.7,107.8,8.5,15.8,308.0,997.1,997.1,2.7,5.3
2024-05-21 12:55:00+02:00,23.4,23.4,24.2,15.0,59.0,28.9,79.0,351.5,3.0,0.0,0.0,11.7,0.0,8.1,51.7,107.8,4.5,13.7,283.0,996.9,996.9,2.7,5.3
2024-05-21 13:00:00+02:00,23.7,23.7,24.0,15.2,59.0,29.0,79.0,350.3,3.0,0.0,0.0,11.7,0.0,8.1,51.7,107.8,7.3,16.2,331.0,997.0,997.0,2.7,5.3
2024-05-21 13:05:00+02:00,23.6,23.6,24.2,14.9,58.0,29.1,79.0,358.5,3.0,0.0,0.0,11.7,0.0,8.1,51.7,107.8,4.8,16.9,57.0,996.9,996.9,2.7,5.3
2024-05-21 13:10:00+02:00,23.9,23.9,24.8,15.1,58.0,29.2,79.0,354.1,3.0,0.0,0.0,11.7,0.0,8.1,51.7,107.8,3.7,13.3,300.0,996.8,996.8,2.7,5.3
2024-05-21 13:15:00+02:00,23.8,23.8,24.0,15.1,58.0,29.2,79.0,349.2,3.0,0.0,0.0,11.7,0.0,8.1,51.7,107.8,7.3,16.2,351.0,996.8,996.8,2.7,5.3
2024-05-21 13:20:00+02:00,23.6,23.6,23.6,14.9,58.0,29.3,79.0,326.9,3.0,0.0,0.0,11.7,0.0,8.1,51.7,107.8,8.2,18.7,21.0,996.8,996.8,2.7,5.3
2024-05-21 13:25:00+02:00,23.4,23.4,23.4,14.9,59.0,29.3,80.0,298.6,2.0,0.0,0.0,11.7,0.0,8.1,51.7,107.8,8.5,18.7,345.0,996.7,996.7,2.7,5.3
2024-05-21 13:30:00+02:00,23.6,23.6,23.8,15.0,59.0,29.3,80.0,293.7,2.0,0.0,0.0,11.7,0.0,8.1,51.7,107.8,7.1,13.3,12.0,996.6,996.6,2.7,5.3
2024-05-21 13:35:00+02:00,23.7,23.7,24.5,15.2,59.0,29.4,80.0,284.6,2.0,0.0,0.0,11.7,0.0,8.1,51.7,107.8,4.7,11.5,351.0,996.5,996.5,2.7,5.3
2024-05-21 13:40:00+02:00,24.0,24.0,24.9,15.2,58.0,29.4,80.0,275.1,2.0,0.0,0.0,11.7,0.0,8.1,51.7,107.8,4.4,11.5,336.0,996.5,996.5,2.7,5.3
2024-05-21 13:45:00+02:00,23.9,23.9,24.6,14.9,57.0,29.4,80.0,238.7,2.0,0.0,0.0,11.7,0.0,8.1,51.7,107.8,4.8,10.1,97.0,996.5,996.5,2.7,5.3
2024-05-21 13:50:00+02:00,23.8,23.8,24.8,15.0,58.0,29.5,80.0,195.6,1.0,0.0,0.0,11.7,0.0,8.1,51.7,107.8,2.8,12.2,62.0,996.4,996.4,2.7,5.3
2024-05-21 13:55:00+02:00,23.5,23.5,23.7,14.9,58.0,29.5,80.0,153.9,1.0,0.0,0.0,11.7,0.0,8.1,51.7,107.8,7.1,19.4,4.0,996.4,996.4,2.7,5.3
2024-05-21 14:00:00+02:00,23.3,23.3,23.5,14.6,58.0,29.5,80.0,133.6,1.0,0.0,0.0,0.0,0.0,8.1,51.7,107.8,6.4,14.0,9.0,996.4,996.4,2.7,5.3
2024-05-21 14:05:00+02:00,23.2,23.2,24.1,14.9,60.0,29.5,80.0,134.7,1.0,0.0,0.0,0.0,0.0,8.1,51.7,107.8,3.0,12.6,54.0,996.5,996.5,2.7,5.3
2024-05-21 14:10:00+02:00,23.1,23.1,24.0,14.9,60.0,29.5,80.0,157.2,1.0,0.0,0.0,0.0,0.0,8.1,51.7,107.8,3.5,9.4,333.0,996.4,996.4,2.7,5.3
2024-05-21 14:15:00+02:00,23.1,23.1,23.4,14.8,59.0,29.5,80.0,168.5,1.0,0.0,0.0,0.0,0.0,8.1,51.7,107.8,6.6,19.4,337.0,996.3,996.3,2.7,5.3
2024-05-21 14:20:00+02:00,23.1,23.1,23.1,14.8,59.0,29.5,80.0,154.9,1.0,0.0,0.0,0.0,0.0,8.1,51.7,107.8,7.9,18.0,332.0,996.3,996.3,2.7,5.3
2024-05-21 14:25:00+02:00,23.2,23.2,24.2,15.2,60.0,29.4,80.0,175.1,1.0,0.0,0.0,0.0,0.0,8.1,51.7,107.8,3.6,11.2,2.0,996.2,996.2,2.7,5.3
2024-05-21 14:30:00+02:00,23.4,23.4,24.5,15.0,59.0,29.4,80.0,185.2,1.0,0.0,0.0,0.0,0.0,8.1,51.7,107.8,2.4,15.5,289.0,996.3,996.3,2.7,5.3
2024-05-21 14:35:00+02:00,23.6,23.6,24.2,14.9,58.0,29.4,80.0,218.6,2.0,0.0,0.0,0.0,0.0,8.1,51.7,107.8,5.2,9.7,10.0,996.2,996.2,2.7,5.3
2024-05-21 14:40:00+02:00,23.7,23.7,24.2,15.0,58.0,29.3,80.0,226.5,2.0,0.0,0.0,0.0,0.0,8.1,51.7,107.8,5.8,13.0,359.0,996.2,996.2,2.7,5.3
2024-05-21 14:45:00+02:00,23.8,23.8,24.6,15.1,58.0,29.3,79.0,219.7,2.0,0.0,0.0,0.0,0.0,8.1,51.7,107.8,4.5,9.0,349.0,996.1,996.1,2.7,5.3
2024-05-21 14:50:00+02:00,23.9,23.9,24.4,15.1,58.0,29.3,80.0,208.7,1.0,0.0,0.0,0.0,0.0,8.1,51.7,107.8,6.2,13.7,309.0,996.1,996.1,2.7,5.3
2024-05-21 14:55:00+02:00,23.8,23.8,24.0,14.8,57.0,29.3,80.0,196.5,1.0,0.0,0.0,0.0,0.0,8.1,51.7,107.8,7.5,21.6,326.0,996.0,996.0,2.7,5.3
2024-05-21 15:00:00+02:00,23.8,23.8,24.5,14.9,57.0,29.3,80.0,193.8,1.0,0.0,0.0,0.0,0.0,8.1,51.7,107.8,4.5,13.7,350.0,995.9,995.9,2.7,5.3
2024-05-21 15:05:00+02:00,23.8,23.8,24.3,15.0,58.0,29.2,80.0,192.2,1.0,0.0,0.0,0.0,0.0,8.1,51.7,107.8,6.0,14.0,21.0,995.9,995.9,2.7,5.3
2024-05-21 15:10:00+02:00,23.9,23.9,24.9,14.9,57.0,29.2,80.0,182.5,1.0,0.0,0.0,0.0,0.0,8.1,51.7,107.8,3.0,14.0,357.0,995.8,995.8,2.7,5.3
2024-05-21 15:15:00+02:00,23.9,23.9,24.6,14.8,57.0,29.2,80.0,173.1,1.0,0.0,0.0,0.0,0.0,8.1,51.7,107.8,4.3,10.8,78.0,995.7,995.7,2.7,5.3
2024-05-21 15:20:00+02:00,23.8,23.8,24.1,14.5,56.0,29.2,80.0,164.7,1.0,0.0,0.0,0.0,0.0,8.1,51.7,107.8,5.9,10.1,59.0,995.7,995.7,2.7,5.3
2024-05-21 15:25:00+02:00,23.9,23.9,24.3,14.5,56.0,29.2,80.0,161.2,1.0,0.0,0.0,0.0,0.0,8.1,51.7,107.8,5.3,11.5,16.0,995.7,995.7,2.7,5.3
2024-05-21 15:30:00+02:00,23.8,23.8,23.9,14.4,56.0,29.2,80.0,160.7,1.0,0.0,0.0,0.0,0.0,8.1,51.7,107.8,6.6,11.2,1.0,995.8,995.8,2.7,5.3
2024-05-21 15:35:00+02:00,23.9,23.9,24.9,14.5,56.0,29.2,80.0,160.5,1.0,0.0,0.0,0.0,0.0,8.1,51.7,107.8,1.9,10.4,53.0,995.6,995.6,2.7,5.3
2024-05-21 15:40:00+02:00,23.7,23.7,23.9,14.5,56.0,29.1,80.0,155.2,1.0,0.0,0.0,0.0,0.0,8.1,51.7,107.8,6.5,19.4,14.0,995.6,995.6,2.7,5.3
2024-05-21 15:45:00+02:00,23.8,23.8,24.2,14.5,56.0,29.1,80.0,143.6,1.0,0.0,0.0,0.0,0.0,8.1,51.7,107.8,4.9,9.4,21.0,995.6,995.6,2.7,5.3
2024-05-21 15:50:00+02:00,23.8,23.8,23.8,14.4,56.0,29.1,80.0,156.4,1.0,0.0,0.0,0.0,0.0,8.1,51.7,107.8,7.0,12.2,334.0,995.5,995.5,2.7,5.3
2024-05-21 15:55:00+02:00,23.8,23.8,24.6,14.5,56.0,29.1,80.0,178.1,1.0,0.0,0.0,0.0,0.0,8.1,51.7,107.8,3.2,12.2,346.0,995.6,995.6,2.7,5.3
2024-05-21 16:00:00+02:00,23.8,23.8,24.1,14.6,56.0,29.0,80.0,198.7,1.0,0.0,0.0,0.0,0.0,8.1,51.7,107.8,6.3,12.2,296.0,995.6,995.6,2.7,5.3
2024-05-21 16:05:00+02:00,23.8,23.8,24.7,14.8,57.0,29.0,80.0,197.4,1.0,0.0,0.0,0.0,0.0,8.1,51.7,107.8,3.2,11.9,308.0,995.4,995.4,2.7,5.3
2024-05-21 16:10:00+02:00,24.1,24.1,24.8,14.9,56.0,29.0,80.0,169.4,1.0,0.0,0.0,0.0,0.0,8.1,51.7,107.8,4.4,9.0,6.0,995.4,995.4,2.7,5.3
2024-05-21 16:15:00+02:00,23.9,23.9,24.6,14.5,56.0,29.0,81.0,143.7,1.0,0.0,0.0,0.0,0.0,8.1,51.7,107.8,3.7,12.6,334.0,995.4,995.4,2.7,5.3
2024-05-21 16:20:00+02:00,24.0,24.0,24.4,14.5,55.0,29.0,81.0,144.3,1.0,0.0,0.0,0.0,0.0,8.1,51.7,107.8,5.0,18.4,304.0,995.3,995.3,2.7,5.3
2024-05-21 16:25:00+02:00,23.8,23.8,23.5,14.2,55.0,29.0,81.0,144.4,1.0,0.0,0.0,0.0,0.0,8.1,51.7,107.8,8.1,18.4,11.0,995.2,995.2,2.7,5.3
2024-05-21 16:35:00+02:00,23.5,23.5,23.8,14.1,55.0,28.9,81.0,116.7,1.0,0.0,0.0,0.0,0.0,8.1,51.7,107.8,5.3,8.6,338.0,995.2,995.2,2.7,5.3
2024-05-21 16:40:00+02:00,23.5,23.5,23.8,14.0,55.0,28.9,81.0,109.3,1.0,0.0,0.0,0.0,0.0,8.1,51.7,107.8,4.8,9.4,34.0,995.2,995.2,2.7,5.3
2024-05-21 16:45:00+02:00,23.4,23.4,23.7,13.9,55.0,28.9,81.0,88.2,0.0,0.0,0.0,0.0,0.0,8.1,51.7,107.8,5.0,14.8,340.0,995.2,995.2,2.7,5.3
2024-05-21 16:50:00+02:00,23.4,23.4,23.6,13.8,55.0,28.9,81.0,72.0,0.0,0.0,0.0,0.0,0.0,8.1,51.7,107.8,5.2,17.6,339.0,995.2,995.2,2.7,5.3
2024-05-21 16:55:00+02:00,23.2,23.2,23.7,13.9,56.0,28.9,81.0,67.0,0.0,0.0,0.0,0.0,0.0,8.1,51.7,107.8,4.0,14.0,85.0,995.2,995.2,2.7,5.3
2024-05-21 17:00:00+02:00,23.2,23.2,24.2,14.0,56.0,28.8,81.0,67.8,0.0,0.0,0.0,0.0,0.0,8.1,51.7,107.8,1.2,4.3,122.0,995.3,995.3,2.7,5.3
2024-05-21 17:05:00+02:00,23.2,23.2,24.2,14.2,57.0,28.8,81.0,64.5,0.0,0.0,0.0,0.0,0.0,8.1,51.7,107.8,1.4,3.2,109.0,995.2,995.2,2.7,5.3
2024-05-21 17:10:00+02:00,23.1,23.1,24.1,14.2,57.0,28.7,81.0,69.1,0.0,0.0,0.0,0.0,0.0,8.1,51.7,107.8,1.4,6.5,70.0,995.1,995.1,2.7,5.3
2024-05-21 17:15:00+02:00,23.1,23.1,24.4,14.1,57.0,28.7,81.0,91.7,0.0,0.0,0.0,0.0,0.0,8.1,51.7,107.8,0.0,6.5,102.0,994.9,994.9,2.7,5.3
2024-05-21 17:20:00+02:00,23.2,23.2,24.0,13.7,55.0,28.7,81.0,107.6,1.0,0.0,0.0,0.0,0.0,8.1,51.7,107.8,1.4,6.1,13.0,995.0,995.0,2.7,5.3
2024-05-21 17:25:00+02:00,23.2,23.2,23.9,13.6,55.0,28.6,81.0,104.3,0.0,0.0,0.0,0.0,0.0,8.1,51.7,107.8,2.4,5.8,77.0,995.0,995.0,2.7,5.3
2024-05-21 17:30:00+02:00,23.3,23.3,24.1,13.9,56.0,28.6,81.0,91.9,0.0,0.0,0.0,0.0,0.0,8.1,51.7,107.8,2.4,6.5,175.0,995.2,995.2,2.7,5.3
2024-05-21 17:35:00+02:00,22.0,22.0,22.1,14.5,62.0,28.5,81.0,45.7,0.0,0.0,0.0,0.0,0.0,8.1,51.7,107.8,7.0,21.2,162.0,995.6,995.6,2.7,5.3
2024-05-21 17:40:00+02:00,20.4,20.4,20.1,14.3,68.0,28.5,81.0,24.0,0.0,0.0,0.0,0.0,0.0,8.1,51.7,107.8,8.5,18.7,145.0,995.6,995.6,2.7,5.3
2024-05-21 17:45:00+02:00,19.4,19.4,18.7,13.8,70.0,28.4,80.0,28.3,0.0,0.0,0.0,0.0,0.0,8.1,51.7,107.8,9.9,25.6,128.0,995.6,995.6,2.7,5.2
2024-05-21 17:50:00+02:00,19.2,19.2,18.7,13.8,71.0,28.3,80.0,29.4,0.0,0.0,0.0,0.0,0.0,8.1,51.7,107.8,8.7,18.7,126.0,995.6,995.6,2.7,5.2
2024-05-21 17:55:00+02:00,19.1,19.1,18.6,13.6,71.0,28.3,80.0,25.3,0.0,0.0,0.0,0.0,0.0,8.1,51.7,107.8,7.8,15.5,131.0,995.6,995.6,2.7,5.2
2024-05-21 18:00:00+02:00,18.8,18.8,18.4,13.5,72.0,28.1,80.0,33.2,0.0,0.6,0.1,0.1,0.1,8.2,51.8,107.9,7.8,15.5,136.0,995.6,995.6,2.7,5.2
2024-05-21 18:05:00+02:00,18.3,18.3,17.5,13.6,74.0,28.0,80.0,41.0,0.0,0.6,0.1,0.1,0.1,8.2,51.8,107.9,9.9,18.4,124.0,995.5,995.5,2.7,5.2
2024-05-21 18:10:00+02:00,17.8,17.8,17.7,13.9,78.0,27.9,79.0,53.4,0.0,0.6,0.1,0.1,0.1,8.2,51.8,107.9,6.9,13.3,111.0,995.4,995.4,2.7,5.2
2024-05-21 18:15:00+02:00,17.6,17.6,17.7,14.0,79.0,27.8,79.0,44.8,0.0,0.0,0.1,0.1,0.1,8.2,51.8,107.9,5.8,11.2,112.0,995.4,995.4,2.7,5.2
2024-05-21 18:20:00+02:00,17.3,17.3,17.0,13.9,81.0,27.7,79.0,17.1,0.0,0.0,0.1,0.1,0.1,8.2,51.8,107.9,7.7,14.0,112.0,995.9,995.9,2.7,5.2
2024-05-21 18:25:00+02:00,16.8,16.8,16.1,14.2,85.0,27.5,79.0,16.3,0.0,5.4,1.0,1.0,1.0,9.1,52.7,108.8,10.7,17.6,136.0,996.0,996.0,2.7,5.2
2024-05-21 18:30:00+02:00,16.1,16.1,15.8,14.4,90.0,27.3,80.0,30.7,0.0,7.8,1.4,1.4,1.4,9.5,53.1,109.2,8.4,17.3,130.0,995.8,995.8,2.7,5.2
2024-05-21 18:35:00+02:00,15.7,15.7,16.0,14.4,92.0,27.2,79.0,37.1,0.0,6.6,1.4,1.4,1.4,9.5,53.1,109.2,5.5,11.2,122.0,995.5,995.5,2.7,5.2
2024-05-21 18:40:00+02:00,15.6,15.6,16.0,14.3,92.0,27.0,79.0,37.2,0.0,1.2,1.5,1.5,1.5,9.6,53.2,109.3,4.7,9.7,121.0,995.7,995.7,2.7,5.2
2024-05-21 18:45:00+02:00,15.5,15.5,15.7,14.2,92.0,26.8,79.0,29.1,0.0,1.2,1.6,1.6,1.6,9.7,53.3,109.4,5.7,11.2,118.0,996.0,996.0,2.7,5.2
2024-05-21 18:50:00+02:00,15.4,15.4,15.2,14.3,93.0,26.7,79.0,29.7,0.0,1.2,1.7,1.7,1.7,9.8,53.4,109.5,8.0,13.0,122.0,996.0,996.0,2.7,5.2
2024-05-21 18:55:00+02:00,15.3,15.3,15.6,14.2,93.0,26.4,79.0,21.4,0.0,1.2,1.7,1.7,1.7,9.8,53.4,109.5,5.4,10.4,127.0,996.1,996.1,2.7,5.1
2024-05-21 19:00:00+02:00,15.3,15.3,15.4,14.2,93.0,26.3,78.0,20.8,0.0,1.8,1.9,1.9,1.8,10.0,53.6,109.7,6.1,10.1,128.0,996.0,996.0,2.7,5.1
2024-05-21 19:05:00+02:00,15.2,15.2,15.4,14.0,93.0,26.2,78.0,14.7,0.0,1.8,2.0,2.0,1.9,10.1,53.7,109.8,5.3,14.4,101.0,996.2,996.2,2.7,5.1
2024-05-21 19:10:00+02:00,15.1,15.1,14.7,14.0,93.0,26.0,78.0,19.2,0.0,2.4,2.2,2.2,2.1,10.3,53.9,110.0,8.1,13.3,118.0,996.2,996.2,2.7,5.1
2024-05-21 19:15:00+02:00,15.1,15.1,15.2,14.2,94.0,25.8,77.0,18.7,0.0,1.8,2.4,2.4,2.3,10.5,54.1,110.2,6.1,11.9,120.0,996.4,996.4,2.7,5.1
2024-05-21 19:20:00+02:00,15.1,15.1,15.2,14.1,94.0,25.6,77.0,14.3,0.0,2.4,2.6,2.6,2.5,10.7,54.3,110.4,5.9,12.2,113.0,996.6,996.6,2.7,5.1
2024-05-21 19:25:00+02:00,15.1,15.1,15.3,14.1,94.0,25.4,77.0,10.8,0.0,3.6,3.0,3.0,1.9,11.1,54.7,110.8,5.5,10.8,132.0,996.6,996.6,2.7,5.0
2024-05-21 19:30:00+02:00,15.0,15.0,14.9,14.1,94.0,25.2,77.0,12.5,0.0,3.6,3.2,3.2,1.8,11.3,54.9,111.0,7.1,13.0,128.0,996.6,996.6,2.7,5.0
2024-05-21 19:35:00+02:00,15.0,15.0,14.9,14.1,94.0,25.0,77.0,8.4,0.0,3.6,3.6,3.6,2.2,11.7,55.3,111.4,7.0,13.0,121.0,996.7,996.7,2.7,5.0
2024-05-21 19:40:00+02:00,15.0,15.0,15.5,14.0,94.0,24.8,77.0,6.1,0.0,4.8,4.0,4.0,2.5,12.1,55.7,111.8,3.9,8.6,120.0,996.8,996.8,2.7,5.0
2024-05-21 19:45:00+02:00,15.0,15.0,15.8,14.1,95.0,24.6,77.0,8.4,0.0,4.8,4.4,4.4,2.8,12.5,56.1,112.2,2.3,7.6,16.0,996.8,996.8,2.7,5.0
2024-05-21 19:50:00+02:00,15.1,15.1,15.6,14.3,95.0,24.4,77.0,9.0,0.0,4.8,4.7,4.7,3.0,12.8,56.4,112.5,4.4,9.0,13.0,997.1,997.1,2.7,5.0
2024-05-21 19:55:00+02:00,15.1,15.1,15.9,14.3,95.0,24.3,77.0,10.3,0.0,4.2,5.0,5.0,3.3,13.1,56.7,112.8,2.6,4.7,166.0,996.9,996.9,2.7,4.9
2024-05-21 20:00:00+02:00,15.0,15.0,16.1,14.4,96.0,24.1,77.0,9.9,0.0,4.2,5.3,5.3,3.4,13.4,57.0,113.1,1.9,5.4,136.0,996.8,996.8,2.7,4.9
2024-05-21 20:05:00+02:00,15.0,15.0,16.0,14.4,96.0,24.0,78.0,8.9,0.0,3.6,5.6,5.6,3.5,13.7,57.3,113.4,1.7,3.6,72.0,996.8,996.8,2.7,4.9
2024-05-21 20:10:00+02:00,15.0,15.0,16.0,14.4,96.0,23.8,78.0,8.2,0.0,3.0,5.8,5.8,3.5,13.9,57.5,113.6,2.2,3.6,210.0,996.7,996.7,2.7,4.9
2024-05-21 20:15:00+02:00,15.0,15.0,16.2,14.4,96.0,23.7,78.0,9.2,0.0,2.4,6.0,6.0,3.6,14.1,57.7,113.8,0.9,2.9,266.0,996.7,996.7,2.7,4.9
2024-05-21 20:20:00+02:00,15.0,15.0,16.3,14.3,96.0,23.6,79.0,9.2,0.0,3.0,6.2,6.2,3.6,14.3,57.9,114.0,0.0,2.2,264.0,996.5,996.5,2.7,4.9
2024-05-21 20:25:00+02:00,14.9,14.9,16.3,14.3,96.0,23.4,79.0,8.8,0.0,3.0,6.5,6.5,3.5,14.6,58.2,114.3,0.0,1.8,179.0,996.4,996.4,2.7,4.8
2024-05-21 20:30:00+02:00,14.9,14.9,16.3,14.4,97.0,23.3,79.0,8.5,0.0,3.0,6.7,6.7,3.5,14.8,58.4,114.5,0.0,1.8,192.0,996.4,996.4,2.7,4.8
2024-05-21 20:35:00+02:00,14.9,14.9,16.0,14.4,97.0,23.2,79.0,6.4,0.0,2.4,6.7,6.7,3.1,14.8,58.4,114.5,1.7,3.6,325.0,996.4,996.4,2.7,4.8
2024-05-21 20:40:00+02:00,14.9,14.9,16.3,14.4,97.0,23.1,79.0,5.1,0.0,1.2,6.8,6.8,2.8,14.9,58.5,114.6,0.4,4.3,254.0,996.2,996.2,2.7,4.8
2024-05-21 20:45:00+02:00,14.9,14.9,16.0,14.4,97.0,23.0,80.0,4.0,0.0,0.6,6.8,6.8,2.4,14.9,58.5,114.6,1.4,4.3,274.0,996.1,996.1,2.7,4.8
2024-05-21 20:50:00+02:00,14.9,14.9,16.1,14.4,97.0,23.0,80.0,2.5,0.0,0.6,6.9,6.9,2.2,15.0,58.6,114.7,1.1,4.3,277.0,996.0,996.0,2.7,4.8
2024-05-21 20:55:00+02:00,14.8,14.8,16.0,14.4,97.0,22.9,80.0,2.5,0.0,1.2,7.0,7.0,1.9,15.1,58.7,114.8,1.3,6.1,138.0,996.0,996.0,2.7,4.7
2024-05-21 21:00:00+02:00,14.9,14.9,15.9,14.4,97.0,22.8,80.0,1.6,0.0,1.2,7.1,7.1,1.7,15.2,58.8,114.9,1.8,4.0,270.0,996.0,996.0,2.7,4.7
2024-05-21 21:05:00+02:00,14.9,14.9,16.2,14.4,97.0,22.7,80.0,1.1,0.0,1.8,7.3,7.3,1.7,15.4,59.0,115.1,0.8,5.4,99.0,995.9,995.9,2.7,4.7
2024-05-21 21:10:00+02:00,14.9,14.9,16.0,14.4,97.0,22.7,80.0,1.0,0.0,1.8,7.4,7.4,1.6,15.5,59.1,115.2,1.4,4.0,113.0,995.7,995.7,2.7,4.7
2024-05-21 21:15:00+02:00,14.9,14.9,16.1,14.4,97.0,22.6,80.0,0.9,0.0,1.2,7.5,7.5,1.4,15.6,59.2,115.3,1.1,4.0,33.0,995.6,995.6,2.7,4.7
2024-05-21 21:20:00+02:00,14.9,14.9,16.2,14.4,97.0,22.5,80.0,0.4,0.0,1.2,7.6,7.6,1.3,15.7,59.3,115.4,0.7,4.0,162.0,995.4,995.4,2.7,4.7
2024-05-21 21:25:00+02:00,14.9,14.9,16.0,14.5,98.0,22.4,81.0,0.3,0.0,1.2,7.6,7.6,1.1,15.7,59.3,115.4,1.8,5.0,227.0,995.2,995.2,2.7,4.6
2024-05-21 21:30:00+02:00,14.9,14.9,16.1,14.6,98.0,22.3,81.0,0.1,0.0,0.6,7.7,7.7,1.0,15.8,59.4,115.5,1.7,5.4,326.0,995.4,995.4,2.7,4.6
2024-05-21 21:35:00+02:00,14.9,14.9,15.5,14.6,98.0,22.3,81.0,0.1,0.0,1.2,7.8,7.8,1.1,15.9,59.5,115.6,4.7,7.2,276.0,995.2,995.2,2.7,4.6
2024-05-21 21:40:00+02:00,14.9,14.9,15.9,14.6,98.0,22.2,81.0,0.0,0.0,1.2,7.9,7.9,1.1,16.0,59.6,115.7,2.3,6.8,200.0,995.1,995.1,2.7,4.6
2024-05-21 21:45:00+02:00,14.9,14.9,15.6,14.6,98.0,22.2,81.0,0.0,0.0,1.2,7.9,7.9,1.1,16.0,59.6,115.7,3.7,7.9,314.0,995.0,995.0,2.7,4.6
2024-05-21 21:50:00+02:00,14.9,14.9,15.9,14.6,98.0,22.1,81.0,0.0,0.0,0.6,8.0,8.0,1.1,16.1,59.7,115.8,2.6,12.2,260.0,995.0,995.0,2.7,4.6
2024-05-21 21:55:00+02:00,14.9,14.9,15.5,14.6,98.0,22.0,81.0,0.0,0.0,0.6,8.0,8.0,1.0,16.1,59.7,115.8,4.3,12.2,256.0,995.0,995.0,2.7,4.5
2024-05-21 22:00:00+02:00,14.9,14.9,15.4,14.6,98.0,21.9,81.0,0.0,0.0,0.6,8.1,8.1,0.9,16.2,59.8,115.9,4.9,12.2,277.0,995.0,995.0,2.7,4.5
2024-05-21 22:05:00+02:00,14.9,14.9,15.6,14.6,98.0,21.8,81.0,0.0,0.0,0.6,8.1,8.1,0.8,16.2,59.8,115.9,4.0,10.8,208.0,994.9,994.9,2.72,4.5
2024-05-21 22:10:00+02:00,14.9,14.9,15.3,14.6,98.0,21.8,81.0,0.0,0.0,1.2,8.3,8.3,0.9,16.4,60.0,116.1,5.8,13.7,229.0,994.5,994.5,2.72,4.5
2024-05-21 22:15:00+02:00,14.8,14.8,15.6,14.5,98.0,21.7,81.0,0.0,0.0,1.8,8.5,8.5,1.0,16.6,60.2,116.3,3.4,13.7,290.0,994.6,994.6,2.7,4.5
2024-05-21 22:20:00+02:00,14.8,14.8,15.3,14.4,98.0,21.6,81.0,0.0,0.0,3.6,8.9,8.9,1.3,17.0,60.6,116.7,4.8,12.6,267.0,994.9,994.9,2.7,4.5
2024-05-21 22:25:00+02:00,14.8,14.8,14.9,14.4,98.0,21.6,81.0,0.0,0.0,6.6,9.6,9.6,2.0,17.7,61.3,117.4,6.7,16.2,329.0,994.9,994.9,2.72,4.4
2024-05-21 22:30:00+02:00,14.8,14.8,15.4,14.4,98.0,21.5,81.0,0.0,0.0,9.6,10.5,10.5,2.8,18.6,62.2,118.3,4.0,14.0,121.0,994.8,994.8,2.72,4.4
2024-05-21 22:35:00+02:00,14.8,14.8,15.3,14.4,98.0,21.4,81.0,0.0,0.0,10.8,11.4,11.4,3.6,19.5,63.1,119.2,5.0,8.3,171.0,994.9,994.9,2.7,4.4
2024-05-21 22:40:00+02:00,14.8,14.8,15.6,14.4,98.0,21.3,81.0,0.0,0.0,9.6,12.1,12.1,4.2,20.2,63.8,119.9,3.1,7.6,158.0,994.9,994.9,2.7,4.4
2024-05-21 22:45:00+02:00,14.7,14.7,15.3,14.4,98.0,21.3,81.0,0.0,0.0,9.0,12.6,12.6,4.7,20.7,64.3,120.4,4.2,9.4,66.0,995.0,995.0,2.7,4.3
2024-05-21 22:50:00+02:00,14.7,14.7,15.4,14.4,98.0,21.2,81.0,0.0,0.0,6.6,13.2,13.2,5.2,21.3,64.9,121.0,3.4,8.6,176.0,995.0,995.0,2.7,4.3
2024-05-21 22:55:00+02:00,14.8,14.8,15.7,14.4,98.0,21.2,81.0,0.0,0.0,8.4,14.0,14.0,6.0,22.1,65.7,121.8,2.4,9.7,65.0,995.0,995.0,2.7,4.3
2024-05-21 23:00:00+02:00,14.8,14.8,15.8,14.4,98.0,21.1,81.0,0.0,0.0,8.4,14.5,14.5,6.4,22.6,66.2,122.3,2.4,9.7,219.0,995.3,995.3,2.7,4.3
2024-05-21 23:05:00+02:00,14.7,14.7,15.4,14.4,98.0,21.0,81.0,0.0,0.0,7.8,15.0,15.0,6.8,23.1,66.7,122.8,3.8,9.7,241.0,995.1,995.1,2.7,4.3
2024-05-21 23:10:00+02:00,14.7,14.7,15.8,14.4,98.0,21.0,81.0,0.0,0.0,6.6,15.5,15.5,7.2,23.6,67.2,123.3,1.8,6.1,205.0,995.1,995.1,2.7,4.3
2024-05-21 23:15:00+02:00,14.7,14.7,15.6,14.4,98.0,20.9,81.0,0.0,0.0,4.2,15.6,15.6,7.1,23.7,67.3,123.4,2.2,7.2,294.0,995.1,995.1,2.7,4.2
2024-05-21 23:20:00+02:00,14.6,14.6,15.4,14.3,98.0,20.9,81.0,0.0,0.0,2.4,15.7,15.7,6.7,23.8,67.4,123.5,3.1,9.4,142.0,995.0,995.0,2.7,4.2
2024-05-21 23:25:00+02:00,14.6,14.6,15.4,14.3,98.0,20.8,81.0,0.0,0.0,1.2,15.8,15.8,6.2,23.9,67.5,123.6,3.2,7.9,255.0,995.0,995.0,2.7,4.2
2024-05-21 23:30:00+02:00,14.6,14.6,15.4,14.3,98.0,20.8,81.0,0.0,0.0,1.2,15.9,15.9,5.3,24.0,67.6,123.7,2.8,7.2,177.0,994.9,994.9,2.7,4.2
2024-05-21 23:35:00+02:00,14.6,14.6,15.5,14.3,98.0,20.7,81.0,0.0,0.0,1.8,16.1,16.1,4.7,24.2,67.8,123.9,2.2,6.8,170.0,994.9,994.9,2.7,4.2
2024-05-21 23:40:00+02:00,14.6,14.6,15.5,14.3,98.0,20.7,82.0,0.0,0.0,2.4,16.3,16.3,4.1,24.4,68.0,124.1,2.4,6.8,163.0,994.9,994.9,2.7,4.2
2024-05-21 23:45:00+02:00,14.6,14.6,15.4,14.3,98.0,20.6,82.0,0.0,0.0,2.4,16.4,16.4,3.8,24.5,68.1,124.2,2.8,8.3,228.0,994.9,994.9,2.7,4.1
2024-05-21 23:50:00+02:00,14.5,14.5,15.3,14.2,98.0,20.6,82.0,0.0,0.0,1.8,16.5,16.5,3.3,24.6,68.2,124.3,3.0,7.6,351.0,995.0,995.0,2.7,4.1
2024-05-21 23:55:00+02:00,14.5,14.5,15.4,14.2,98.0,20.6,82.0,0.0,0.0,1.2,16.5,16.5,2.5,24.6,68.2,124.3,2.2,6.5,140.0,995.0,995.0,2.7,4.1
2024-05-22 00:00:00+02:00,14.5,14.5,15.5,14.2,98.0,20.5,82.0,0.0,0.0,0.6,0.1,16.6,2.0,24.7,68.3,124.4,1.9,5.4,78.0,995.1,995.1,2.7,4.1
2024-05-22 00:05:00+02:00,14.5,14.5,15.3,14.1,98.0,20.5,82.0,0.0,0.0,0.6,0.1,16.6,1.5,24.7,68.3,124.4,2.7,7.2,174.0,995.0,995.0,2.7,4.0
2024-05-22 00:10:00+02:00,14.5,14.5,15.5,14.2,98.0,20.4,82.0,0.0,0.0,0.6,0.2,16.7,1.2,24.8,68.4,124.5,2.1,5.4,128.0,995.2,995.2,2.7,4.0
2024-05-22 00:15:00+02:00,14.5,14.5,15.3,14.3,99.0,20.4,82.0,0.0,0.0,0.6,0.2,16.7,1.1,24.8,68.4,124.5,3.0,8.3,131.0,995.1,995.1,2.7,4.0
2024-05-22 00:20:00+02:00,14.5,14.5,15.3,14.3,99.0,20.4,82.0,0.0,0.0,0.6,0.2,16.7,1.0,24.8,68.4,124.5,2.9,6.1,146.0,995.1,995.1,2.7,4.0
2024-05-22 00:25:00+02:00,14.5,14.5,15.4,14.3,99.0,20.3,82.0,0.0,0.0,0.0,0.2,16.7,0.9,24.8,68.4,124.5,2.7,5.4,108.0,995.1,995.1,2.7,4.0
2024-05-22 00:30:00+02:00,14.5,14.5,15.3,14.3,99.0,20.3,82.0,0.0,0.0,0.0,0.2,16.7,0.8,24.8,68.4,124.5,2.8,5.8,146.0,995.3,995.3,2.7,4.0
2024-05-22 00:35:00+02:00,14.5,14.5,15.6,14.3,99.0,20.3,82.0,0.0,0.0,0.0,0.2,16.7,0.6,24.8,68.4,124.5,1.4,6.5,31.0,995.2,995.2,2.7,4.0
2024-05-22 00:40:00+02:00,14.4,14.4,15.0,14.2,99.0,20.2,82.0,0.0,0.0,0.0,0.2,16.7,0.4,24.8,68.4,124.5,3.8,7.9,108.0,995.2,995.2,2.7,4.0
2024-05-22 00:45:00+02:00,14.4,14.4,15.4,14.2,99.0,20.2,82.0,0.0,0.0,0.6,0.3,16.8,0.4,24.9,68.5,124.6,1.6,7.9,160.0,995.1,995.1,2.7,4.0
2024-05-22 00:50:00+02:00,14.4,14.4,14.9,14.2,99.0,20.2,82.0,0.0,0.0,0.6,0.3,16.8,0.3,24.9,68.5,124.6,4.2,7.2,128.0,995.1,995.1,2.7,4.0
2024-05-22 00:55:00+02:00,14.4,14.4,15.0,14.2,99.0,20.1,82.0,0.0,0.0,0.6,0.3,16.8,0.3,24.9,68.5,124.6,3.6,6.1,129.0,995.3,995.3,2.7,3.9
2024-05-22 01:00:00+02:00,14.4,14.4,15.2,14.2,99.0,20.1,82.0,0.0,0.0,0.0,0.3,16.8,0.2,24.9,68.5,124.6,2.7,4.7,122.0,995.1,995.1,2.7,3.9
2024-05-22 01:05:00+02:00,14.4,14.4,15.1,14.2,99.0,20.1,82.0,0.0,0.0,0.0,0.3,16.8,0.2,24.9,68.5,124.6,3.2,5.8,131.0,995.2,995.2,2.7,3.9
2024-05-22 01:10:00+02:00,14.4,14.4,15.1,14.2,99.0,20.0,82.0,0.0,0.0,0.0,0.3,16.8,0.1,24.9,68.5,124.6,3.5,7.2,111.0,995.3,995.3,2.7,3.9
2024-05-22 01:15:00+02:00,14.3,14.3,14.9,14.2,99.0,20.0,82.0,0.0,0.0,0.0,0.3,16.8,0.1,24.9,68.5,124.6,3.7,7.2,119.0,995.3,995.3,2.7,3.9
2024-05-22 01:20:00+02:00,14.3,14.3,15.0,14.1,99.0,20.0,82.0,0.0,0.0,0.0,0.3,16.8,0.1,24.9,68.5,124.6,3.0,8.6,140.0,995.3,995.3,2.7,3.9
2024-05-22 01:25:00+02:00,14.3,14.3,15.2,14.1,99.0,19.9,82.0,0.0,0.0,0.0,0.3,16.8,0.1,24.9,68.5,124.6,2.2,6.5,124.0,995.2,995.2,2.7,3.9
2024-05-22 01:30:00+02:00,14.3,14.3,15.4,14.2,99.0,19.9,82.0,0.0,0.0,0.0,0.3,16.8,0.1,24.9,68.5,124.6,1.4,6.5,109.0,995.2,995.2,2.7,3.9
2024-05-22 01:35:00+02:00,14.3,14.3,15.2,14.1,99.0,19.9,82.0,0.0,0.0,0.0,0.3,16.8,0.1,24.9,68.5,124.6,2.2,5.8,86.0,995.1,995.1,2.7,3.9
2024-05-22 01:40:00+02:00,14.4,14.4,15.4,14.2,99.0,19.9,82.0,0.0,0.0,0.0,0.3,16.8,0.1,24.9,68.5,124.6,1.8,5.4,127.0,995.1,995.1,2.7,3.9
2024-05-22 01:45:00+02:00,14.4,14.4,15.0,14.2,99.0,19.9,82.0,0.0,0.0,0.0,0.3,16.8,0.0,24.9,68.5,124.6,4.0,7.6,116.0,995.2,995.2,2.7,3.9
2024-05-22 01:50:00+02:00,14.4,14.4,15.0,14.2,99.0,19.8,82.0,0.0,0.0,0.0,0.3,16.8,0.0,24.9,68.5,124.6,4.1,9.7,124.0,995.3,995.3,2.7,3.9
2024-05-22 01:55:00+02:00,14.4,14.4,14.2,14.2,99.0,19.8,82.0,0.0,0.0,0.0,0.3,16.8,0.0,24.9,68.5,124.6,7.8,12.2,131.0,995.2,995.2,2.7,3.9
2024-05-22 02:00:00+02:00,14.3,14.3,14.7,14.1,99.0,19.8,83.0,0.0,0.0,0.0,0.3,16.8,0.0,24.9,68.5,124.6,4.9,12.2,129.0,995.2,995.2,2.7,3.9
2024-05-22 02:05:00+02:00,14.3,14.3,14.6,14.1,99.0,19.8,83.0,0.0,0.0,0.0,0.3,16.8,0.0,24.9,68.5,124.6,5.0,8.6,128.0,995.2,995.2,2.7,3.9
2024-05-22 02:10:00+02:00,14.3,14.3,14.9,14.2,99.0,19.8,83.0,0.0,0.0,0.0,0.3,16.8,0.0,24.9,68.5,124.6,4.0,8.6,130.0,995.2,995.2,2.7,3.9
2024-05-22 02:15:00+02:00,14.3,14.3,14.4,14.2,99.0,19.7,83.0,0.0,0.0,0.0,0.3,16.8,0.0,24.9,68.5,124.6,6.5,10.4,131.0,995.3,995.3,2.7,3.9
2024-05-22 02:20:00+02:00,14.3,14.3,15.0,14.2,99.0,19.7,83.0,0.0,0.0,0.0,0.3,16.8,0.0,24.9,68.5,124.6,3.7,8.6,126.0,995.2,995.2,2.7,3.9
2024-05-22 02:25:00+02:00,14.4,14.4,14.7,14.1,98.0,19.7,83.0,0.0,0.0,0.0,0.3,16.8,0.0,24.9,68.5,124.6,4.9,9.7,118.0,995.3,995.3,2.7,3.8
2024-05-22 02:35:00+02:00,14.4,14.4,14.4,14.1,98.0,19.6,83.0,0.0,0.0,0.0,0.3,16.8,0.0,24.9,68.5,124.6,6.8,10.4,136.0,995.1,995.1,2.7,3.8
2024-05-22 02:40:00+02:00,14.3,14.3,14.5,14.0,98.0,19.6,83.0,0.0,0.0,0.0,0.3,16.8,0.0,24.9,68.5,124.6,5.5,10.4,126.0,995.1,995.1,2.7,3.8
2024-05-22 02:45:00+02:00,14.3,14.3,14.8,13.9,98.0,19.6,83.0,0.0,0.0,0.0,0.3,16.8,0.0,24.9,68.5,124.6,3.9,9.4,120.0,995.1,995.1,2.7,3.8
2024-05-22 02:50:00+02:00,14.3,14.3,14.5,14.0,98.0,19.6,83.0,0.0,0.0,0.0,0.3,16.8,0.0,24.9,68.5,124.6,5.5,10.8,129.0,995.1,995.1,2.7,3.8
2024-05-22 02:55:00+02:00,14.4,14.4,14.5,14.0,98.0,19.6,83.0,0.0,0.0,0.0,0.3,16.8,0.0,24.9,68.5,124.6,6.0,9.4,133.0,995.2,995.2,2.7,3.8
2024-05-22 03:00:00+02:00,14.4,14.4,14.4,14.1,98.0,19.5,83.0,0.0,0.0,0.0,0.3,16.8,0.0,24.9,68.5,124.6,6.7,10.4,135.0,995.2,995.2,2.7,3.8
2024-05-22 03:05:00+02:00,14.4,14.4,14.4,14.1,98.0,19.5,83.0,0.0,0.0,0.0,0.3,16.8,0.0,24.9,68.5,124.6,6.4,9.4,120.0,995.3,995.3,2.7,3.8
2024-05-22 03:10:00+02:00,14.4,14.4,14.6,14.1,98.0,19.5,83.0,0.0,0.0,0.0,0.3,16.8,0.0,24.9,68.5,124.6,5.5,9.7,131.0,995.2,995.2,2.7,3.8
2024-05-22 03:15:00+02:00,14.4,14.4,14.5,14.1,98.0,19.5,83.0,0.0,0.0,0.0,0.3,16.8,0.0,24.9,68.5,124.6,6.0,10.8,125.0,995.1,995.1,2.7,3.8
2024-05-22 03:20:00+02:00,14.4,14.4,14.5,14.1,98.0,19.5,83.0,0.0,0.0,0.0,0.3,16.8,0.0,24.9,68.5,124.6,6.4,10.8,109.0,995.3,995.3,2.7,3.8
2024-05-22 03:25:00+02:00,14.4,14.4,14.2,14.1,98.0,19.4,83.0,0.0,0.0,0.0,0.3,16.8,0.0,24.9,68.5,124.6,7.6,13.0,125.0,995.2,995.2,2.7,3.8
2024-05-22 03:30:00+02:00,14.4,14.4,14.2,14.0,97.0,19.4,83.0,0.0,0.0,0.0,0.3,16.8,0.0,24.9,68.5,124.6,7.6,13.0,127.0,995.3,995.3,2.7,3.8
2024-05-22 03:35:00+02:00,14.4,14.4,14.4,14.0,98.0,19.4,83.0,0.0,0.0,0.6,0.4,16.9,0.1,25.0,68.6,124.7,6.6,11.9,113.0,995.4,995.4,2.7,3.7
2024-05-22 03:40:00+02:00,14.3,14.3,14.7,14.0,98.0,19.4,83.0,0.0,0.0,0.6,0.4,16.9,0.1,25.0,68.6,124.7,4.7,14.8,136.0,995.4,995.4,2.7,3.7
2024-05-22 03:45:00+02:00,14.2,14.2,14.5,13.9,98.0,19.4,83.0,0.0,0.0,0.0,0.4,16.9,0.1,25.0,68.6,124.7,5.3,9.0,109.0,995.4,995.4,2.7,3.7
2024-05-22 03:50:00+02:00,14.1,14.1,14.5,13.8,98.0,19.3,83.0,0.0,0.0,0.0,0.4,16.9,0.1,25.0,68.6,124.7,4.0,10.1,109.0,995.4,995.4,2.7,3.7
2024-05-22 03:55:00+02:00,14.2,14.2,14.3,13.9,98.0,19.3,83.0,0.0,0.0,0.0,0.4,16.9,0.1,25.0,68.6,124.7,5.8,11.5,124.0,995.4,995.4,2.7,3.7
2024-05-22 04:00:00+02:00,14.3,14.3,14.2,13.9,98.0,19.3,83.0,0.0,0.0,0.0,0.4,16.9,0.1,25.0,68.6,124.7,7.0,11.5,130.0,995.2,995.2,2.7,3.7
2024-05-22 04:05:00+02:00,14.3,14.3,14.3,13.9,98.0,19.3,83.0,0.0,0.0,0.0,0.4,16.9,0.1,25.0,68.6,124.7,6.5,10.4,131.0,995.2,995.2,2.7,3.7
2024-05-22 04:10:00+02:00,14.3,14.3,14.1,13.9,98.0,19.3,83.0,0.0,0.0,0.0,0.4,16.9,0.1,25.0,68.6,124.7,7.3,12.6,120.0,995.2,995.2,2.7,3.7
2024-05-22 04:15:00+02:00,14.3,14.3,14.3,13.9,98.0,19.2,83.0,0.0,0.0,0.0,0.4,16.9,0.1,25.0,68.6,124.7,6.6,12.6,124.0,995.4,995.4,2.7,3.7
2024-05-22 04:20:00+02:00,14.3,14.3,14.0,13.9,98.0,19.2,83.0,0.0,0.0,0.0,0.4,16.9,0.1,25.0,68.6,124.7,7.8,13.3,124.0,995.5,995.5,2.7,3.7
2024-05-22 04:25:00+02:00,14.2,14.2,14.5,13.9,98.0,19.2,83.0,0.0,0.0,0.0,0.4,16.9,0.1,25.0,68.6,124.7,4.8,10.1,118.0,995.4,995.4,2.7,3.7
2024-05-22 04:30:00+02:00,14.2,14.2,14.8,13.9,98.0,19.2,83.0,0.0,0.0,0.0,0.4,16.9,0.1,25.0,68.6,124.7,3.4,10.1,107.0,995.5,995.5,2.7,3.7
2024-05-22 04:35:00+02:00,14.2,14.2,14.3,13.9,98.0,19.1,83.0,0.0,0.0,0.0,0.4,16.9,0.0,25.0,68.6,124.7,5.7,11.2,118.0,995.5,995.5,2.7,3.6
2024-05-22 04:40:00+02:00,14.2,14.2,14.3,13.9,98.0,19.1,83.0,0.0,0.0,0.0,0.4,16.9,0.0,25.0,68.6,124.7,5.9,13.7,125.0,995.5,995.5,2.7,3.6
2024-05-22 04:45:00+02:00,14.2,14.2,14.2,13.9,98.0,19.1,83.0,0.0,0.0,0.0,0.4,16.9,0.0,25.0,68.6,124.7,6.0,15.1,133.0,995.5,995.5,2.7,3.6
2024-05-22 04:50:00+02:00,14.2,14.2,14.5,13.9,98.0,19.0,83.0,0.0,0.0,0.0,0.4,16.9,0.0,25.0,68.6,124.7,4.7,15.1,122.0,995.5,995.5,2.7,3.6
2024-05-22 04:55:00+02:00,14.2,14.2,13.8,13.9,98.0,19.0,83.0,0.0,0.0,0.0,0.4,16.9,0.0,25.0,68.6,124.7,8.5,11.2,132.0,995.5,995.5,2.7,3.6
2024-05-22 05:05:00+02:00,14.2,14.2,14.3,13.9,98.0,19.0,83.0,0.1,0.0,0.0,0.4,16.9,0.0,25.0,68.6,124.7,5.6,9.4,118.0,995.6,995.6,2.7,3.6
2024-05-22 05:10:00+02:00,14.2,14.2,14.3,13.9,98.0,19.0,83.0,0.2,0.0,0.0,0.4,16.9,0.0,25.0,68.6,124.7,5.7,10.4,132.0,995.6,995.6,2.7,3.6
2024-05-22 05:15:00+02:00,14.2,14.2,14.3,13.9,98.0,19.0,83.0,0.4,0.0,0.0,0.4,16.9,0.0,25.0,68.6,124.7,5.8,10.8,135.0,995.7,995.7,2.7,3.6
2024-05-22 05:20:00+02:00,14.2,14.2,14.0,13.9,98.0,19.0,83.0,0.6,0.0,0.0,0.4,16.9,0.0,25.0,68.6,124.7,7.5,11.9,123.0,995.6,995.6,2.7,3.6
2024-05-22 05:25:00+02:00,14.2,14.2,13.9,13.9,98.0,18.9,83.0,0.8,0.0,0.0,0.4,16.9,0.0,25.0,68.6,124.7,8.1,11.9,123.0,995.5,995.5,2.7,3.6
2024-05-22 05:30:00+02:00,14.2,14.2,13.8,13.9,98.0,18.9,83.0,1.2,0.0,0.0,0.4,16.9,0.0,25.0,68.6,124.7,8.1,13.0,111.0,995.6,995.6,2.7,3.6
2024-05-22 05:35:00+02:00,14.3,14.3,14.3,13.9,98.0,18.9,83.0,1.7,0.0,0.0,0.4,16.9,0.0,25.0,68.6,124.7,6.0,11.2,123.0,995.7,995.7,2.7,3.6
2024-05-22 05:40:00+02:00,14.2,14.2,13.8,13.8,97.0,18.9,83.0,2.8,0.0,0.0,0.4,16.9,0.0,25.0,68.6,124.7,8.2,14.4,112.0,995.7,995.7,2.7,3.6
2024-05-22 05:45:00+02:00,14.3,14.3,14.4,13.8,97.0,18.9,83.0,6.6,0.0,0.0,0.4,16.9,0.0,25.0,68.6,124.7,5.3,13.0,133.0,995.6,995.6,2.7,3.6
2024-05-22 05:50:00+02:00,14.2,14.2,15.0,13.8,97.0,18.9,83.0,12.0,0.0,0.0,0.4,16.9,0.0,25.0,68.6,124.7,2.2,13.0,142.0,995.7,995.7,2.7,3.6
2024-05-22 05:55:00+02:00,14.2,14.2,14.5,13.8,97.0,18.9,83.0,13.6,0.0,0.0,0.4,16.9,0.0,25.0,68.6,124.7,4.8,7.6,122.0,995.8,995.8,2.7,3.6
2024-05-22 06:00:00+02:00,14.2,14.2,14.4,13.8,97.0,18.9,83.0,16.4,0.0,0.0,0.4,16.9,0.0,25.0,68.6,124.7,5.3,9.0,119.0,996.0,996.0,2.7,3.6
2024-05-22 06:05:00+02:00,14.2,14.2,14.6,13.8,97.0,18.9,83.0,21.7,0.0,0.0,0.4,16.9,0.0,25.0,68.6,124.7,3.8,9.0,128.0,995.9,995.9,2.7,3.6
2024-05-22 06:10:00+02:00,14.2,14.2,14.8,13.7,97.0,18.8,83.0,23.8,0.0,0.0,0.4,16.9,0.0,25.0,68.6,124.7,2.8,9.0,96.0,995.9,995.9,2.7,3.6
2024-05-22 06:15:00+02:00,14.2,14.2,14.7,13.8,97.0,18.8,83.0,27.8,0.0,0.0,0.4,16.9,0.0,25.0,68.6,124.7,3.8,9.0,134.0,996.0,996.0,2.7,3.6
2024-05-22 06:20:00+02:00,14.2,14.2,14.8,13.8,97.0,18.8,83.0,31.6,0.0,0.0,0.4,16.9,0.0,25.0,68.6,124.7,3.0,9.4,138.0,996.1,996.1,2.7,3.6
2024-05-22 06:25:00+02:00,14.2,14.2,13.9,13.8,97.0,18.8,83.0,36.9,0.0,0.0,0.4,16.9,0.0,25.0,68.6,124.7,7.4,10.4,120.0,996.2,996.2,2.7,3.6
2024-05-22 06:30:00+02:00,14.2,14.2,13.8,13.8,97.0,18.8,83.0,46.0,0.0,0.0,0.4,16.9,0.0,25.0,68.6,124.7,7.9,15.8,121.0,996.2,996.2,2.7,3.6
2024-05-22 06:35:00+02:00,14.3,14.3,14.7,13.8,97.0,18.8,83.0,52.9,0.0,0.0,0.4,16.9,0.0,25.0,68.6,124.7,4.0,16.6,114.0,996.4,996.4,2.7,3.6
2024-05-22 06:40:00+02:00,14.2,14.2,14.0,13.8,97.0,18.8,84.0,58.8,0.0,0.0,0.4,16.9,0.0,25.0,68.6,124.7,7.1,12.6,115.0,996.5,996.5,2.7,3.6
2024-05-22 06:45:00+02:00,14.3,14.3,14.4,13.8,97.0,18.8,84.0,64.3,0.0,0.0,0.4,16.9,0.0,25.0,68.6,124.7,5.7,14.0,124.0,996.5,996.5,2.7,3.6
2024-05-22 06:50:00+02:00,14.3,14.3,14.2,13.7,96.0,18.9,84.0,62.8,0.0,0.0,0.4,16.9,0.0,25.0,68.6,124.7,6.5,14.8,123.0,996.6,996.6,2.7,3.6
2024-05-22 06:55:00+02:00,14.3,14.3,14.2,13.7,96.0,18.9,84.0,53.2,0.0,0.0,0.4,16.9,0.0,25.0,68.6,124.7,6.8,13.7,129.0,996.6,996.6,2.7,3.6
2024-05-22 07:00:00+02:00,14.4,14.4,14.6,13.8,96.0,18.9,84.0,50.8,0.0,0.0,0.4,16.9,0.0,25.0,68.6,124.7,5.3,10.8,116.0,996.7,996.7,2.7,3.6
2024-05-22 07:05:00+02:00,14.5,14.5,14.2,13.7,95.0,18.9,84.0,28.4,0.0,0.0,0.4,16.9,0.0,25.0,68.6,124.7,7.4,13.7,118.0,996.7,996.7,2.7,3.6
2024-05-22 07:10:00+02:00,14.5,14.5,14.6,13.7,95.0,18.9,84.0,24.6,0.0,0.0,0.4,16.9,0.0,25.0,68.6,124.7,5.6,10.8,113.0,996.8,996.8,2.7,3.6
2024-05-22 07:15:00+02:00,14.4,14.4,14.5,13.7,95.0,18.9,84.0,31.7,0.0,0.0,0.4,16.9,0.0,25.0,68.6,124.7,5.7,9.4,113.0,996.8,996.8,2.7,3.6
2024-05-22 07:20:00+02:00,14.5,14.5,14.6,13.7,95.0,18.9,84.0,49.4,0.0,0.0,0.4,16.9,0.0,25.0,68.6,124.7,5.5,13.0,133.0,996.9,996.9,2.7,3.6
2024-05-22 07:25:00+02:00,14.6,14.6,14.8,13.8,95.0,18.9,84.0,51.3,0.0,0.0,0.4,16.9,0.0,25.0,68.6,124.7,4.8,10.1,137.0,996.9,996.9,2.7,3.6
2024-05-22 07:30:00+02:00,14.6,14.6,15.3,13.8,95.0,18.9,84.0,48.1,0.0,0.0,0.4,16.9,0.0,25.0,68.6,124.7,2.7,10.1,101.0,997.0,997.0,2.7,3.6
2024-05-22 07:35:00+02:00,14.6,14.6,14.9,13.9,95.0,19.0,84.0,50.5,0.0,0.0,0.4,16.9,0.0,25.0,68.6,124.7,4.7,11.2,126.0,997.0,997.0,2.7,3.6
2024-05-22 07:40:00+02:00,14.7,14.7,15.2,13.9,95.0,19.0,84.0,35.4,0.0,0.0,0.4,16.9,0.0,25.0,68.6,124.7,3.5,6.8,132.0,997.2,997.2,2.7,3.6
2024-05-22 07:45:00+02:00,14.7,14.7,14.9,13.9,95.0,19.0,84.0,47.4,0.0,0.0,0.4,16.9,0.0,25.0,68.6,124.7,4.8,9.7,129.0,997.2,997.2,2.7,3.6
2024-05-22 07:50:00+02:00,14.6,14.6,14.6,13.8,95.0,19.0,84.0,86.0,0.0,0.0,0.4,16.9,0.0,25.0,68.6,124.7,6.3,10.1,128.0,997.2,997.2,2.7,3.6
2024-05-22 07:55:00+02:00,14.8,14.8,15.0,13.9,94.0,19.0,84.0,69.6,0.0,0.0,0.4,16.9,0.0,25.0,68.6,124.7,5.3,10.1,124.0,997.2,997.2,2.7,3.6
2024-05-22 08:00:00+02:00,14.8,14.8,15.1,13.9,95.0,19.0,84.0,62.4,0.0,0.0,0.4,16.9,0.0,25.0,68.6,124.7,5.2,9.0,124.0,997.2,997.2,2.7,3.6
2024-05-22 08:05:00+02:00,14.7,14.7,14.8,13.9,95.0,19.0,84.0,49.7,0.0,0.0,0.4,16.9,0.0,25.0,68.6,124.7,5.9,12.6,106.0,997.2,997.2,2.7,3.7
2024-05-22 08:10:00+02:00,14.7,14.7,15.2,13.8,94.0,19.1,84.0,44.9,0.0,0.0,0.4,16.9,0.0,25.0,68.6,124.7,3.8,9.7,137.0,997.2,997.2,2.7,3.7
2024-05-22 08:15:00+02:00,14.7,14.7,14.8,13.8,94.0,19.1,84.0,40.2,0.0,0.0,0.4,16.9,0.0,25.0,68.6,124.7,5.4,10.8,130.0,997.4,997.4,2.7,3.7
2024-05-22 08:20:00+02:00,14.7,14.7,14.8,13.8,94.0,19.1,84.0,28.5,0.0,0.0,0.4,16.9,0.0,25.0,68.6,124.7,5.7,15.8,116.0,997.6,997.6,2.7,3.7
2024-05-22 08:25:00+02:00,14.7,14.7,14.6,13.9,95.0,19.1,84.0,41.0,0.0,0.0,0.4,16.9,0.0,25.0,68.6,124.7,7.0,10.8,123.0,997.6,997.6,2.7,3.7
2024-05-22 08:30:00+02:00,14.7,14.7,14.6,13.9,95.0,19.1,84.0,29.0,0.0,0.0,0.4,16.9,0.0,25.0,68.6,124.7,6.8,10.8,118.0,997.7,997.7,2.7,3.7
2024-05-22 08:35:00+02:00,14.7,14.7,14.9,13.9,95.0,19.1,84.0,36.9,0.0,0.0,0.4,16.9,0.0,25.0,68.6,124.7,4.9,10.4,119.0,997.7,997.7,2.7,3.7
2024-05-22 08:40:00+02:00,14.7,14.7,14.8,13.8,94.0,19.2,84.0,60.5,0.0,0.0,0.4,16.9,0.0,25.0,68.6,124.7,5.4,10.4,115.0,997.8,997.8,2.7,3.7
2024-05-22 08:45:00+02:00,14.7,14.7,14.6,13.8,94.0,19.1,84.0,61.7,0.0,0.0,0.4,16.9,0.0,25.0,68.6,124.7,6.6,14.0,131.0,997.9,997.9,2.7,3.7
2024-05-22 08:50:00+02:00,14.8,14.8,15.2,13.8,94.0,19.2,84.0,65.3,0.0,0.0,0.4,16.9,0.0,25.0,68.6,124.7,4.4,14.0,126.0,998.0,998.0,2.7,3.7
2024-05-22 08:55:00+02:00,14.8,14.8,14.8,13.8,94.0,19.2,84.0,60.1,0.0,0.0,0.4,16.9,0.0,25.0,68.6,124.7,6.1,11.9,125.0,998.0,998.0,2.7,3.7
2024-05-22 09:00:00+02:00,14.8,14.8,15.1,13.8,94.0,19.2,84.0,87.9,0.0,0.0,0.4,16.9,0.0,25.0,68.6,124.7,4.5,11.2,123.0,998.1,998.1,2.7,3.7
2024-05-22 09:05:00+02:00,14.9,14.9,15.2,13.9,94.0,19.2,84.0,114.7,1.0,0.0,0.4,16.9,0.0,25.0,68.6,124.7,4.9,13.0,134.0,998.0,998.0,2.7,3.7
2024-05-22 09:10:00+02:00,15.0,15.0,14.4,13.8,93.0,19.2,84.0,107.4,0.0,0.0,0.4,16.9,0.0,25.0,68.6,124.7,9.1,14.4,106.0,998.1,998.1,2.7,3.7
2024-05-22 09:15:00+02:00,15.0,15.0,15.2,13.9,93.0,19.2,84.0,75.8,0.0,0.0,0.4,16.9,0.0,25.0,68.6,124.7,5.5,13.3,113.0,998.1,998.1,2.7,3.7
2024-05-22 09:20:00+02:00,15.0,15.0,15.1,13.8,92.0,19.2,84.0,92.3,0.0,0.0,0.4,16.9,0.0,25.0,68.6,124.7,5.4,15.1,122.0,998.0,998.0,2.7,3.7
2024-05-22 09:25:00+02:00,15.0,15.0,15.3,13.8,92.0,19.2,84.0,101.3,0.0,0.0,0.4,16.9,0.0,25.0,68.6,124.7,5.0,16.9,128.0,998.1,998.1,2.7,3.8
2024-05-22 09:30:00+02:00,15.1,15.1,14.9,13.9,92.0,19.3,84.0,110.1,1.0,0.0,0.4,16.9,0.0,25.0,68.6,124.7,7.6,12.2,115.0,998.2,998.2,2.7,3.8
2024-05-22 09:35:00+02:00,15.2,15.2,15.0,13.9,92.0,19.3,84.0,109.5,1.0,0.0,0.4,16.9,0.0,25.0,68.6,124.7,7.3,15.8,129.0,998.2,998.2,2.7,3.8
2024-05-22 09:40:00+02:00,15.3,15.3,15.5,14.0,92.0,19.3,84.0,100.1,0.0,0.0,0.4,16.9,0.0,25.0,68.6,124.7,5.1,13.0,127.0,998.3,998.3,2.7,3.8
2024-05-22 09:45:00+02:00,15.2,15.2,14.9,13.9,92.0,19.3,84.0,91.6,0.0,0.0,0.4,16.9,0.0,25.0,68.6,124.7,8.0,16.9,121.0,998.3,998.3,2.7,3.8
2024-05-22 09:50:00+02:00,15.2,15.2,14.7,13.8,91.0,19.3,85.0,89.2,0.0,0.0,0.4,16.9,0.0,25.0,68.6,124.7,8.6,14.8,109.0,998.4,998.4,2.7,3.8
2024-05-22 09:55:00+02:00,15.1,15.1,15.0,13.7,91.0,19.4,85.0,60.6,0.0,0.0,0.4,16.9,0.0,25.0,68.6,124.7,6.4,15.8,119.0,998.5,998.5,2.7,3.8
2024-05-22 10:00:00+02:00,15.0,15.0,14.7,13.6,91.0,19.4,85.0,49.9,0.0,0.0,0.4,16.9,0.0,25.0,68.6,124.7,7.3,15.8,114.0,998.6,998.6,2.7,3.8
2024-05-22 10:05:00+02:00,15.0,15.0,15.0,13.6,91.0,19.4,84.0,58.2,0.0,0.0,0.4,16.9,0.0,25.0,68.6,124.7,5.5,12.6,109.0,998.5,998.5,2.7,3.8
2024-05-22 10:10:00+02:00,15.0,15.0,14.9,13.6,91.0,19.4,85.0,63.7,0.0,0.0,0.4,16.9,0.0,25.0,68.6,124.7,6.4,13.7,134.0,998.7,998.7,2.7,3.8
2024-05-22 10:15:00+02:00,15.0,15.0,15.0,13.6,92.0,19.4,85.0,60.3,0.0,0.0,0.4,16.9,0.0,25.0,68.6,124.7,5.8,9.7,119.0,998.8,998.8,2.7,3.8
2024-05-22 10:25:00+02:00,15.3,15.3,15.9,13.9,91.0,19.5,85.0,216.0,2.0,0.0,0.4,16.9,0.0,25.0,68.6,124.7,3.4,5.8,117.0,998.9,998.9,2.7,3.9
2024-05-22 10:30:00+02:00,15.5,15.5,15.8,13.9,90.0,19.5,85.0,221.9,2.0,0.0,0.4,16.9,0.0,25.0,68.6,124.7,4.8,10.4,114.0,998.7,998.7,2.7,3.9
2024-05-22 10:35:00+02:00,15.6,15.6,15.6,13.7,88.0,19.5,85.0,159.5,1.0,0.0,0.4,16.9,0.0,25.0,68.6,124.7,6.1,13.0,121.0,998.9,998.9,2.7,3.9
2024-05-22 10:40:00+02:00,15.7,15.7,16.4,13.8,88.0,19.5,85.0,123.8,1.0,0.0,0.4,16.9,0.0,25.0,68.6,124.7,2.8,8.3,190.0,998.9,998.9,2.7,3.9
2024-05-22 10:45:00+02:00,15.8,15.8,16.3,13.8,88.0,19.6,85.0,63.6,0.0,0.0,0.4,16.9,0.0,25.0,68.6,124.7,3.7,7.2,174.0,998.9,998.9,2.7,4.0
2024-05-22 10:50:00+02:00,15.8,15.8,16.3,13.8,88.0,19.6,85.0,223.8,2.0,0.0,0.4,16.9,0.0,25.0,68.6,124.7,3.4,7.2,131.0,998.9,998.9,2.7,4.0
2024-05-22 10:55:00+02:00,16.0,16.0,16.7,13.9,88.0,19.6,85.0,293.4,2.0,0.0,0.4,16.9,0.0,25.0,68.6,124.7,3.0,6.8,116.0,999.0,999.0,2.7,4.0
2024-05-22 11:00:00+02:00,16.5,16.5,17.1,14.2,86.0,19.7,85.0,380.4,3.0,0.0,0.4,16.9,0.0,25.0,68.6,124.7,3.7,9.0,90.0,998.9,998.9,2.7,4.0
2024-05-22 11:05:00+02:00,17.0,17.0,17.5,14.3,84.0,19.8,85.0,399.4,3.0,0.0,0.4,16.9,0.0,25.0,68.6,124.7,4.8,8.6,128.0,999.0,999.0,2.7,4.1
2024-05-22 11:10:00+02:00,17.3,17.3,17.5,13.9,80.0,19.9,85.0,340.4,3.0,0.0,0.4,16.9,0.0,25.0,68.6,124.7,5.6,16.9,104.0,999.0,999.0,2.7,4.1
2024-05-22 11:15:00+02:00,17.3,17.3,17.7,13.6,79.0,20.0,86.0,285.3,2.0,0.0,0.4,16.9,0.0,25.0,68.6,124.7,3.4,16.9,170.0,999.0,999.0,2.7,4.3
2024-05-22 11:20:00+02:00,17.4,17.4,17.5,13.8,79.0,20.1,86.0,294.3,2.0,0.0,0.4,16.9,0.0,25.0,68.6,124.7,6.0,9.0,121.0,999.0,999.0,2.7,4.3
2024-05-22 11:25:00+02:00,17.4,17.4,17.8,13.9,80.0,20.2,86.0,286.6,2.0,0.0,0.4,16.9,0.0,25.0,68.6,124.7,4.1,9.4,134.0,999.0,999.0,2.7,4.4
2024-05-22 11:30:00+02:00,17.4,17.4,17.9,13.8,80.0,20.3,86.0,148.5,1.0,0.0,0.4,16.9,0.0,25.0,68.6,124.7,3.7,12.2,62.0,999.1,999.1,2.7,4.4
2024-05-22 11:35:00+02:00,17.5,17.5,18.1,13.8,79.0,20.4,86.0,204.5,1.0,0.0,0.4,16.9,0.0,25.0,68.6,124.7,3.1,8.3,130.0,999.1,999.1,2.72,4.4
2024-05-22 11:40:00+02:00,17.6,17.6,18.2,14.0,79.0,20.5,86.0,413.2,3.0,0.0,0.4,16.9,0.0,25.0,68.6,124.7,3.5,9.7,115.0,999.2,999.2,2.72,4.4
2024-05-22 11:45:00+02:00,17.9,17.9,18.5,14.3,79.0,20.6,86.0,460.9,4.0,0.0,0.4,16.9,0.0,25.0,68.6,124.7,4.0,7.6,135.0,999.1,999.1,2.7,4.5
2024-05-22 11:50:00+02:00,18.2,18.2,18.6,13.8,76.0,20.7,86.0,349.3,3.0,0.0,0.4,16.9,0.0,25.0,68.6,124.7,4.0,7.2,198.0,999.1,999.1,2.7,4.5
2024-05-22 11:55:00+02:00,17.8,17.8,17.7,13.7,77.0,20.8,86.0,325.9,3.0,0.0,0.4,16.9,0.0,25.0,68.6,124.7,6.5,15.8,116.0,999.2,999.2,2.7,4.7
2024-05-22 12:00:00+02:00,17.6,17.6,18.6,13.8,78.0,20.8,86.0,189.2,1.0,0.0,0.4,16.9,0.0,25.0,68.6,124.7,1.2,14.4,188.0,999.3,999.3,2.7,4.7
2024-05-22 12:05:00+02:00,17.7,17.7,17.9,13.6,77.0,20.9,86.0,134.1,1.0,0.0,0.4,16.9,0.0,25.0,68.6,124.7,4.7,14.0,136.0,999.4,999.4,2.7,4.8
2024-05-22 12:10:00+02:00,16.8,16.8,16.4,13.3,80.0,21.0,86.0,130.1,1.0,0.0,0.4,16.9,0.0,25.0,68.6,124.7,7.4,15.5,117.0,999.5,999.5,2.7,4.8
2024-05-22 12:15:00+02:00,16.7,16.7,17.1,13.4,81.0,21.0,86.0,104.3,0.0,0.0,0.4,16.9,0.0,25.0,68.6,124.7,3.2,9.7,152.0,999.6,999.6,2.7,4.8
2024-05-22 12:20:00+02:00,16.6,16.6,16.6,13.1,80.0,21.1,86.0,111.2,1.0,0.0,0.4,16.9,0.0,25.0,68.6,124.7,4.9,11.9,136.0,999.6,999.6,2.7,4.8
2024-05-22 12:25:00+02:00,16.1,16.1,16.7,13.5,85.0,21.2,86.0,67.8,0.0,0.0,0.4,16.9,0.0,25.0,68.6,124.7,2.7,11.9,112.0,999.7,999.7,2.7,4.8
2024-05-22 12:30:00+02:00,15.8,15.8,16.6,13.6,87.0,21.2,86.0,111.4,1.0,0.0,0.4,16.9,0.0,25.0,68.6,124.7,2.0,6.5,133.0,999.8,999.8,2.7,4.8
2024-05-22 12:35:00+02:00,15.6,15.6,16.0,13.9,89.0,21.2,86.0,244.8,2.0,0.0,0.4,16.9,0.0,25.0,68.6,124.7,4.1,8.6,134.0,999.8,999.8,2.7,4.8
2024-05-22 12:40:00+02:00,15.5,15.5,15.4,13.6,89.0,21.3,86.0,245.1,2.0,0.0,0.4,16.9,0.0,25.0,68.6,124.7,6.3,18.0,124.0,999.8,999.8,2.7,4.8
2024-05-22 12:45:00+02:00,15.5,15.5,15.8,13.5,88.0,21.3,85.0,194.1,1.0,0.0,0.4,16.9,0.0,25.0,68.6,124.7,4.2,18.0,130.0,999.8,999.8,2.7,4.9
2024-05-22 12:50:00+02:00,16.0,16.0,16.6,13.9,87.0,21.3,85.0,504.3,4.0,0.0,0.4,16.9,0.0,25.0,68.6,124.7,3.3,5.8,123.0,999.9,999.9,2.7,4.9
2024-05-22 12:55:00+02:00,17.0,17.0,17.6,14.3,85.0,21.3,85.0,733.4,6.0,0.0,0.4,16.9,0.0,25.0,68.6,124.7,3.7,12.2,141.0,999.9,999.9,2.7,5.0
2024-05-22 13:00:00+02:00,17.7,17.7,18.1,14.4,81.0,21.5,85.0,671.4,6.0,0.0,0.4,16.9,0.0,25.0,68.6,124.7,5.5,18.4,151.0,999.8,999.8,2.7,5.0
2024-05-22 13:05:00+02:00,17.3,17.3,17.3,14.1,81.0,21.5,85.0,457.3,4.0,0.0,0.4,16.9,0.0,25.0,68.6,124.7,7.0,16.2,150.0,1000.0,1000.0,2.7,5.2
2024-05-22 13:10:00+02:00,18.1,18.1,18.6,14.1,78.0,21.7,86.0,518.9,4.0,0.0,0.4,16.9,0.0,25.0,68.6,124.7,4.2,13.0,153.0,999.9,999.9,2.7,5.2
2024-05-22 13:15:00+02:00,18.3,18.3,18.8,14.0,76.0,21.7,86.0,347.9,3.0,0.0,0.4,16.9,0.0,25.0,68.6,124.7,3.9,13.0,232.0,999.9,999.9,2.7,5.2
2024-05-22 13:20:00+02:00,18.5,18.5,19.4,14.4,77.0,21.8,86.0,441.2,4.0,0.0,0.4,16.9,0.0,25.0,68.6,124.7,2.6,10.1,99.0,999.9,999.9,2.7,5.2
2024-05-22 13:25:00+02:00,17.9,17.9,17.1,13.8,77.0,22.0,86.0,312.4,2.0,0.0,0.4,16.9,0.0,25.0,68.6,124.7,10.4,17.3,103.0,999.9,999.9,2.7,5.2
2024-05-22 13:30:00+02:00,18.0,18.0,18.4,14.1,78.0,22.0,86.0,288.2,2.0,0.0,0.4,16.9,0.0,25.0,68.6,124.7,4.2,10.4,124.0,1000.0,1000.0,2.7,5.2
2024-05-22 13:35:00+02:00,17.9,17.9,18.5,14.0,78.0,22.1,86.0,156.4,1.0,0.0,0.4,16.9,0.0,25.0,68.6,124.7,3.9,8.6,122.0,1000.0,1000.0,2.7,5.2
2024-05-22 13:40:00+02:00,17.9,17.9,18.9,14.1,78.0,22.2,86.0,132.2,1.0,0.0,0.4,16.9,0.0,25.0,68.6,124.7,1.7,6.5,251.0,999.9,999.9,2.7,5.2
2024-05-22 13:45:00+02:00,17.9,17.9,18.6,13.9,77.0,22.2,86.0,148.6,1.0,0.0,0.4,16.9,0.0,25.0,68.6,124.7,3.0,5.8,209.0,1000.0,1000.0,2.7,5.2
2024-05-22 13:50:00+02:00,18.1,18.1,19.0,13.9,76.0,22.3,86.0,270.0,2.0,0.0,0.4,16.9,0.0,25.0,68.6,124.7,1.8,7.2,182.0,1000.1,1000.1,2.7,5.2
2024-05-22 13:55:00+02:00,17.9,17.9,17.7,13.5,75.0,22.3,86.0,261.7,2.0,0.0,0.4,16.9,0.0,25.0,68.6,124.7,6.9,16.6,125.0,1000.1,1000.1,2.7,5.2
2024-05-22 14:00:00+02:00,17.8,17.8,18.3,13.6,76.0,22.4,86.0,270.6,2.0,0.0,0.4,16.9,0.0,25.0,68.6,124.7,3.2,14.4,122.0,1000.0,1000.0,2.7,5.2
2024-05-22 14:05:00+02:00,18.1,18.1,18.5,13.8,76.0,22.4,86.0,354.9,3.0,0.0,0.4,16.9,0.0,25.0,68.6,124.7,4.0,14.4,115.0,1000.1,1000.1,2.7,5.2
2024-05-22 14:10:00+02:00,18.2,18.2,18.3,13.8,75.0,22.5,86.0,228.4,2.0,0.0,0.4,16.9,0.0,25.0,68.6,124.7,5.3,13.0,120.0,1000.2,1000.2,2.7,5.2
2024-05-22 14:15:00+02:00,18.0,18.0,17.0,12.9,72.0,22.5,86.0,215.7,2.0,0.0,0.4,16.9,0.0,25.0,68.6,124.7,9.5,15.1,116.0,1000.1,1000.1,2.7,5.2
2024-05-22 14:20:00+02:00,17.9,17.9,18.0,13.2,74.0,22.6,86.0,217.1,2.0,0.0,0.4,16.9,0.0,25.0,68.6,124.7,5.1,14.4,123.0,1000.2,1000.2,2.7,5.2
2024-05-22 14:25:00+02:00,17.9,17.9,17.0,12.6,71.0,22.6,86.0,203.4,1.0,0.0,0.4,16.9,0.0,25.0,68.6,124.7,8.6,15.8,119.0,1000.2,1000.2,2.7,5.2
2024-05-22 14:30:00+02:00,17.7,17.7,16.8,12.7,72.0,22.6,86.0,134.8,1.0,0.0,0.4,16.9,0.0,25.0,68.6,124.7,8.7,20.9,132.0,1000.3,1000.3,2.7,5.2
2024-05-22 14:35:00+02:00,17.5,17.5,16.9,12.4,72.0,22.7,86.0,102.3,0.0,0.0,0.4,16.9,0.0,25.0,68.6,124.7,6.6,20.9,117.0,1000.4,1000.4,2.7,5.2
2024-05-22 14:40:00+02:00,17.7,17.7,18.0,12.3,71.0,22.7,86.0,194.2,1.0,0.0,0.4,16.9,0.0,25.0,68.6,124.7,1.8,10.1,164.0,1000.5,1000.5,2.7,5.2
2024-05-22 14:45:00+02:00,17.9,17.9,17.7,12.5,70.0,22.7,86.0,424.6,3.0,0.0,0.4,16.9,0.0,25.0,68.6,124.7,5.2,10.4,129.0,1000.5,1000.5,2.7,5.2
2024-05-22 14:50:00+02:00,18.5,18.5,18.4,12.7,69.0,22.7,86.0,466.9,4.0,0.0,0.4,16.9,0.0,25.0,68.6,124.7,5.1,9.4,130.0,1000.5,1000.5,2.7,5.2
2024-05-22 14:55:00+02:00,18.7,18.7,18.4,12.6,68.0,22.8,85.0,270.5,2.0,0.0,0.4,16.9,0.0,25.0,68.6,124.7,5.6,13.3,111.0,1000.4,1000.4,2.7,5.2
2024-05-22 15:00:00+02:00,18.8,18.8,18.8,12.5,67.0,22.8,85.0,283.9,2.0,0.0,0.4,16.9,0.0,25.0,68.6,124.7,4.4,11.2,159.0,1000.5,1000.5,2.7,5.2
2024-05-22 15:05:00+02:00,18.6,18.6,18.1,13.0,70.0,22.8,86.0,294.2,2.0,0.0,0.4,16.9,0.0,25.0,68.6,124.7,7.3,16.2,124.0,1000.5,1000.5,2.7,5.2
2024-05-22 15:10:00+02:00,18.6,18.6,18.2,12.6,68.0,22.9,86.0,196.0,1.0,0.0,0.4,16.9,0.0,25.0,68.6,124.7,6.2,13.3,116.0,1000.5,1000.5,2.7,5.2
2024-05-22 15:15:00+02:00,18.7,18.7,18.8,12.5,67.0,22.9,86.0,177.2,1.0,0.0,0.4,16.9,0.0,25.0,68.6,124.7,3.1,7.2,255.0,1000.6,1000.6,2.7,5.3
2024-05-22 15:20:00+02:00,18.8,18.8,19.4,12.1,65.0,23.0,86.0,168.3,1.0,0.0,0.4,16.9,0.0,25.0,68.6,124.7,0.0,6.5,175.0,1000.5,1000.5,2.7,5.3
2024-05-22 15:25:00+02:00,19.2,19.2,19.1,12.4,65.0,23.0,86.0,269.5,2.0,0.0,0.4,16.9,0.0,25.0,68.6,124.7,4.5,9.0,164.0,1000.8,1000.8,2.7,5.3
2024-05-22 15:30:00+02:00,19.2,19.2,19.1,12.6,66.0,23.1,86.0,266.9,2.0,0.0,0.4,16.9,0.0,25.0,68.6,124.7,4.7,11.9,131.0,1001.0,1001.0,2.7,5.3
2024-05-22 15:35:00+02:00,19.1,19.1,18.6,12.7,66.0,23.1,86.0,400.8,3.0,0.0,0.4,16.9,0.0,25.0,68.6,124.7,6.5,17.3,119.0,1000.9,1000.9,2.7,5.3
2024-05-22 15:40:00+02:00,18.8,18.8,18.7,12.6,67.0,23.2,86.0,338.6,3.0,0.0,0.4,16.9,0.0,25.0,68.6,124.7,4.5,17.3,125.0,1000.9,1000.9,2.7,5.3
2024-05-22 15:45:00+02:00,18.8,18.8,18.4,12.4,66.0,23.2,86.0,217.1,2.0,0.0,0.4,16.9,0.0,25.0,68.6,124.7,6.1,14.0,119.0,1001.0,1001.0,2.7,5.3
2024-05-22 15:50:00+02:00,18.6,18.6,18.7,12.3,67.0,23.2,86.0,210.0,1.0,0.0,0.4,16.9,0.0,25.0,68.6,124.7,2.9,8.3,150.0,1001.0,1001.0,2.7,5.3
2024-05-22 15:55:00+02:00,18.5,18.5,18.3,12.2,67.0,23.3,86.0,218.9,2.0,0.0,0.4,16.9,0.0,25.0,68.6,124.7,4.5,14.0,166.0,1001.0,1001.0,2.7,5.3
2024-05-22 16:00:00+02:00,18.4,18.4,18.5,12.3,68.0,23.3,86.0,229.1,2.0,0.0,0.4,16.9,0.0,25.0,68.6,124.7,3.2,7.2,216.0,1001.1,1001.1,2.7,5.3
2024-05-22 16:05:00+02:00,18.4,18.4,18.7,12.4,68.0,23.3,86.0,209.2,1.0,0.0,0.4,16.9,0.0,25.0,68.6,124.7,2.7,9.4,169.0,1001.2,1001.2,2.7,5.3
2024-05-22 16:10:00+02:00,18.6,18.6,18.6,12.3,67.0,23.4,86.0,165.4,1.0,0.0,0.4,16.9,0.0,25.0,68.6,124.7,3.7,8.3,165.0,1001.1,1001.1,2.7,5.3
2024-05-22 16:15:00+02:00,18.4,18.4,18.5,12.2,67.0,23.4,86.0,300.3,2.0,0.0,0.4,16.9,0.0,25.0,68.6,124.7,3.2,7.9,348.0,1001.1,1001.1,2.7,5.3
2024-05-22 16:20:00+02:00,18.4,18.4,18.3,12.6,69.0,23.4,86.0,335.8,3.0,0.0,0.4,16.9,0.0,25.0,68.6,124.7,4.7,12.2,133.0,1001.2,1001.2,2.7,5.3
2024-05-22 16:25:00+02:00,18.3,18.3,17.7,12.4,69.0,23.5,86.0,238.5,2.0,0.0,0.4,16.9,0.0,25.0,68.6,124.7,6.7,14.0,133.0,1001.1,1001.1,2.7,5.3
2024-05-22 16:30:00+02:00,18.3,18.3,18.0,11.9,66.0,23.5,86.0,177.3,1.0,0.0,0.4,16.9,0.0,25.0,68.6,124.7,4.5,12.6,95.0,1001.2,1001.2,2.7,5.3
2024-05-22 16:35:00+02:00,18.0,18.0,17.7,11.8,67.0,23.5,86.0,171.5,1.0,0.0,0.4,16.9,0.0,25.0,68.6,124.7,4.8,16.2,131.0,1001.1,1001.1,2.7,5.3
2024-05-22 16:40:00+02:00,18.1,18.1,17.7,11.9,67.0,23.5,86.0,192.5,1.0,0.0,0.4,16.9,0.0,25.0,68.6,124.7,5.4,11.9,124.0,1001.2,1001.2,2.7,5.3
2024-05-22 16:45:00+02:00,17.8,17.8,17.6,11.8,68.0,23.5,86.0,181.0,1.0,0.0,0.4,16.9,0.0,25.0,68.6,124.7,4.2,13.0,107.0,1001.2,1001.2,2.7,5.3
2024-05-22 16:50:00+02:00,18.1,18.1,18.1,11.8,67.0,23.5,86.0,104.4,0.0,0.0,0.4,16.9,0.0,25.0,68.6,124.7,3.0,6.5,215.0,1001.0,1001.0,2.7,5.3
2024-05-22 16:55:00+02:00,18.0,18.0,17.9,12.2,69.0,23.5,86.0,110.6,1.0,0.0,0.4,16.9,0.0,25.0,68.6,124.7,3.6,10.1,90.0,1001.1,1001.1,2.7,5.2
2024-05-22 17:00:00+02:00,17.6,17.6,17.0,12.2,71.0,23.6,86.0,161.2,1.0,0.0,0.4,16.9,0.0,25.0,68.6,124.7,6.2,12.6,118.0,1001.1,1001.1,2.7,5.2
2024-05-22 17:05:00+02:00,17.6,17.6,17.0,11.9,69.0,23.6,85.0,235.3,2.0,0.0,0.4,16.9,0.0,25.0,68.6,124.7,6.4,13.0,128.0,1001.1,1001.1,2.7,5.2
2024-05-22 17:10:00+02:00,18.0,18.0,17.6,12.3,69.0,23.5,85.0,360.1,3.0,0.0,0.4,16.9,0.0,25.0,68.6,124.7,5.8,12.2,123.0,1001.0,1001.0,2.7,5.2
2024-05-22 17:15:00+02:00,18.5,18.5,17.8,12.2,67.0,23.6,85.0,470.3,4.0,0.0,0.4,16.9,0.0,25.0,68.6,124.7,7.3,13.3,134.0,1001.1,1001.1,2.7,5.2
2024-05-22 17:20:00+02:00,19.2,19.2,19.0,12.2,64.0,23.6,85.0,403.5,3.0,0.0,0.4,16.9,0.0,25.0,68.6,124.7,4.2,10.1,138.0,1001.0,1001.0,2.7,5.2
2024-05-22 17:25:00+02:00,19.4,19.4,18.8,12.4,64.0,23.6,85.0,379.9,3.0,0.0,0.4,16.9,0.0,25.0,68.6,124.7,6.9,16.2,135.0,1001.0,1001.0,2.7,5.3
2024-05-22 17:30:00+02:00,19.3,19.3,19.0,12.0,63.0,23.7,85.0,387.6,3.0,0.0,0.4,16.9,0.0,25.0,68.6,124.7,4.9,14.4,140.0,1000.9,1000.9,2.7,5.3
2024-05-22 17:35:00+02:00,18.9,18.9,18.8,11.8,63.0,23.7,85.0,374.4,3.0,0.0,0.4,16.9,0.0,25.0,68.6,124.7,3.6,14.4,125.0,1000.9,1000.9,2.7,5.3
2024-05-22 17:40:00+02:00,19.3,19.3,19.0,11.6,61.0,23.7,85.0,218.7,2.0,0.0,0.4,16.9,0.0,25.0,68.6,124.7,4.4,16.2,112.0,1000.8,1000.8,2.7,5.3
2024-05-22 17:45:00+02:00,18.8,18.8,18.0,11.9,64.0,23.7,85.0,179.6,1.0,0.0,0.4,16.9,0.0,25.0,68.6,124.7,7.1,15.5,129.0,1000.9,1000.9,2.7,5.3
2024-05-22 17:50:00+02:00,19.1,19.1,19.0,11.7,62.0,23.7,85.0,248.0,2.0,0.0,0.4,16.9,0.0,25.0,68.6,124.7,3.3,9.4,184.0,1000.8,1000.8,2.7,5.3
2024-05-22 17:55:00+02:00,19.2,19.2,18.8,11.9,63.0,23.7,85.0,209.7,1.0,0.0,0.4,16.9,0.0,25.0,68.6,124.7,5.1,12.2,120.0,1000.8,1000.8,2.7,5.3
2024-05-22 18:00:00+02:00,18.9,18.9,18.1,11.5,62.0,23.7,85.0,286.4,2.0,0.0,0.4,16.9,0.0,25.0,68.6,124.7,6.8,11.5,130.0,1000.8,1000.8,2.7,5.3
2024-05-22 18:05:00+02:00,19.3,19.3,19.3,11.6,61.0,23.7,85.0,158.0,1.0,0.0,0.4,16.9,0.0,25.0,68.6,124.7,2.9,7.2,141.0,1000.7,1000.7,2.7,5.3
2024-05-22 18:10:00+02:00,19.2,19.2,18.2,11.4,60.0,23.7,85.0,126.3,1.0,0.0,0.4,16.9,0.0,25.0,68.6,124.7,7.6,13.3,128.0,1000.7,1000.7,2.7,5.3
2024-05-22 18:15:00+02:00,18.8,18.8,17.9,11.4,62.0,23.7,85.0,103.5,0.0,0.0,0.4,16.9,0.0,25.0,68.6,124.7,6.7,12.2,132.0,1000.7,1000.7,2.7,5.3
2024-05-22 18:20:00+02:00,18.6,18.6,18.0,11.4,63.0,23.7,85.0,129.1,1.0,0.0,0.4,16.9,0.0,25.0,68.6,124.7,5.3,10.1,126.0,1000.7,1000.7,2.7,5.3
2024-05-22 18:25:00+02:00,18.8,18.8,18.8,11.8,64.0,23.7,85.0,134.7,1.0,0.0,0.4,16.9,0.0,25.0,68.6,124.7,2.6,9.0,42.0,1000.7,1000.7,2.7,5.3
2024-05-22 18:30:00+02:00,19.2,19.2,19.1,12.0,63.0,23.7,85.0,228.7,2.0,0.0,0.4,16.9,0.0,25.0,68.6,124.7,3.6,6.8,127.0,1000.7,1000.7,2.7,5.3
2024-05-22 18:35:00+02:00,19.4,19.4,18.8,11.6,61.0,23.6,85.0,171.4,1.0,0.0,0.4,16.9,0.0,25.0,68.6,124.7,5.3,17.3,133.0,1000.7,1000.7,2.7,5.2
2024-05-22 18:40:00+02:00,19.3,19.3,18.7,11.8,62.0,23.6,85.0,182.1,1.0,0.0,0.4,16.9,0.0,25.0,68.6,124.7,5.8,9.0,141.0,1000.7,1000.7,2.7,5.2
2024-05-22 18:45:00+02:00,19.0,19.0,18.4,11.5,62.0,23.6,85.0,112.5,1.0,0.0,0.4,16.9,0.0,25.0,68.6,124.7,5.5,14.4,136.0,1000.6,1000.6,2.7,5.2
2024-05-22 18:50:00+02:00,18.8,18.8,18.3,11.3,62.0,23.6,85.0,123.3,1.0,0.0,0.4,16.9,0.0,25.0,68.6,124.7,5.0,10.4,144.0,1000.7,1000.7,2.7,5.2
2024-05-22 18:55:00+02:00,19.0,19.0,18.9,11.3,61.0,23.6,85.0,110.3,1.0,0.0,0.4,16.9,0.0,25.0,68.6,124.7,3.0,7.9,165.0,1000.6,1000.6,2.7,5.2
2024-05-22 19:00:00+02:00,19.0,19.0,18.9,11.5,62.0,23.5,85.0,98.4,0.0,0.0,0.4,16.9,0.0,25.0,68.6,124.7,3.1,6.5,71.0,1000.7,1000.7,2.7,5.2
2024-05-22 19:05:00+02:00,19.0,19.0,18.7,11.3,61.0,23.5,85.0,79.1,0.0,0.0,0.4,16.9,0.0,25.0,68.6,124.7,3.9,6.8,189.0,1000.8,1000.8,2.7,5.2
2024-05-22 19:10:00+02:00,19.0,19.0,18.9,11.5,62.0,23.5,85.0,76.2,0.0,0.0,0.4,16.9,0.0,25.0,68.6,124.7,2.9,6.8,78.0,1000.7,1000.7,2.7,5.2
2024-05-22 19:15:00+02:00,18.6,18.6,17.9,11.3,62.0,23.5,85.0,80.7,0.0,0.0,0.4,16.9,0.0,25.0,68.6,124.7,5.8,10.4,98.0,1000.8,1000.8,2.7,5.2
2024-05-22 19:20:00+02:00,18.6,18.6,18.0,11.3,63.0,23.5,84.0,67.2,0.0,0.0,0.4,16.9,0.0,25.0,68.6,124.7,4.8,14.4,122.0,1000.7,1000.7,2.7,5.2
2024-05-22 19:25:00+02:00,18.6,18.6,18.2,11.4,63.0,23.4,84.0,66.1,0.0,0.0,0.4,16.9,0.0,25.0,68.6,124.7,4.2,10.1,152.0,1000.7,1000.7,2.7,5.2
2024-05-22 19:30:00+02:00,18.5,18.5,17.5,11.4,63.0,23.4,84.0,62.8,0.0,0.0,0.4,16.9,0.0,25.0,68.6,124.7,7.4,11.9,131.0,1000.8,1000.8,2.7,5.2
2024-05-22 19:35:00+02:00,18.4,18.4,17.7,11.4,63.0,23.4,84.0,63.5,0.0,0.0,0.4,16.9,0.0,25.0,68.6,124.7,6.3,13.7,128.0,1000.9,1000.9,2.7,5.2
2024-05-22 19:40:00+02:00,18.4,18.4,18.3,11.4,64.0,23.3,84.0,54.2,0.0,0.0,0.4,16.9,0.0,25.0,68.6,124.7,2.9,10.8,109.0,1000.9,1000.9,2.7,5.2
2024-05-22 19:45:00+02:00,18.4,18.4,17.8,11.3,63.0,23.3,84.0,52.3,0.0,0.0,0.4,16.9,0.0,25.0,68.6,124.7,5.4,13.0,134.0,1000.8,1000.8,2.7,5.2
2024-05-22 19:50:00+02:00,18.3,18.3,18.5,11.8,65.0,23.3,84.0,51.8,0.0,0.0,0.4,16.9,0.0,25.0,68.6,124.7,1.8,5.4,118.0,1000.9,1000.9,2.7,5.2
2024-05-22 19:55:00+02:00,18.2,18.2,18.1,11.6,65.0,23.2,84.0,47.8,0.0,0.0,0.4,16.9,0.0,25.0,68.6,124.7,3.0,6.5,131.0,1000.9,1000.9,2.7,5.2
2024-05-22 20:00:00+02:00,18.2,18.2,17.8,11.7,65.0,23.2,84.0,42.1,0.0,0.0,0.4,16.9,0.0,25.0,68.6,124.7,4.8,8.3,108.0,1000.9,1000.9,2.7,5.2
2024-05-22 20:05:00+02:00,18.2,18.2,18.0,11.6,65.0,23.2,84.0,41.8,0.0,0.0,0.4,16.9,0.0,25.0,68.6,124.7,3.5,7.9,126.0,1000.9,1000.9,2.7,5.2
2024-05-22 20:10:00+02:00,18.1,18.1,17.9,11.6,66.0,23.1,84.0,35.4,0.0,0.0,0.4,16.9,0.0,25.0,68.6,124.7,3.4,6.5,100.0,1000.9,1000.9,2.7,5.2
2024-05-22 20:15:00+02:00,17.9,17.9,17.9,11.8,68.0,23.0,84.0,29.8,0.0,0.0,0.4,16.9,0.0,25.0,68.6,124.7,2.9,7.2,111.0,1001.0,1001.0,2.7,5.2
2024-05-22 20:20:00+02:00,17.7,17.7,17.7,11.9,69.0,23.0,84.0,22.7,0.0,0.0,0.4,16.9,0.0,25.0,68.6,124.7,3.0,7.2,127.0,1001.2,1001.2,2.7,5.2
2024-05-22 20:25:00+02:00,17.6,17.6,17.9,12.0,70.0,23.0,84.0,20.5,0.0,0.0,0.4,16.9,0.0,25.0,68.6,124.7,1.3,5.0,131.0,1001.0,1001.0,2.7,5.2
2024-05-22 20:30:00+02:00,17.6,17.6,17.5,11.8,69.0,22.9,84.0,19.2,0.0,0.0,0.4,16.9,0.0,25.0,68.6,124.7,3.2,5.4,117.0,1001.1,1001.1,2.7,5.2
2024-05-22 20:35:00+02:00,17.5,17.5,17.4,11.8,69.0,22.9,84.0,16.3,0.0,0.0,0.4,16.9,0.0,25.0,68.6,124.7,3.2,5.8,124.0,1001.2,1001.2,2.7,5.2
2024-05-22 20:40:00+02:00,17.3,17.3,17.6,11.9,71.0,22.8,84.0,12.3,0.0,0.0,0.4,16.9,0.0,25.0,68.6,124.7,1.4,5.4,126.0,1001.1,1001.1,2.7,5.2
2024-05-22 20:45:00+02:00,17.2,17.2,17.5,12.1,72.0,22.8,84.0,9.5,0.0,0.0,0.4,16.9,0.0,25.0,68.6,124.7,2.0,4.7,119.0,1001.2,1001.2,2.7,5.2
2024-05-22 20:50:00+02:00,17.1,17.1,17.3,12.3,73.0,22.7,84.0,6.2,0.0,0.0,0.4,16.9,0.0,25.0,68.6,124.7,2.5,4.0,111.0,1001.3,1001.3,2.7,5.2
2024-05-22 20:55:00+02:00,16.9,16.9,17.2,12.2,74.0,22.7,84.0,3.5,0.0,0.0,0.4,16.9,0.0,25.0,68.6,124.7,2.3,3.6,134.0,1001.3,1001.3,2.7,5.2
2024-05-22 21:00:00+02:00,17.0,17.0,17.2,12.2,74.0,22.6,83.0,3.6,0.0,0.0,0.4,16.9,0.0,25.0,68.6,124.7,2.4,4.3,126.0,1001.4,1001.4,2.7,5.2
2024-05-22 21:05:00+02:00,17.2,17.2,17.3,12.0,72.0,22.6,83.0,3.5,0.0,0.0,0.4,16.9,0.0,25.0,68.6,124.7,2.7,4.0,126.0,1001.6,1001.6,2.7,5.2
2024-05-22 21:10:00+02:00,17.2,17.2,17.6,12.3,73.0,22.5,84.0,3.5,0.0,0.0,0.4,16.9,0.0,25.0,68.6,124.7,1.4,4.0,138.0,1001.7,1001.7,2.7,5.2
2024-05-22 21:15:00+02:00,17.0,17.0,17.7,12.6,75.0,22.5,84.0,3.2,0.0,0.0,0.4,16.9,0.0,25.0,68.6,124.7,0.4,2.9,129.0,1001.8,1001.8,2.7,5.2
2024-05-22 21:20:00+02:00,16.7,16.7,17.2,12.6,77.0,22.4,84.0,2.5,0.0,0.0,0.4,16.9,0.0,25.0,68.6,124.7,1.6,5.8,301.0,1001.9,1001.9,2.7,5.2
2024-05-22 21:25:00+02:00,16.7,16.7,16.8,11.7,72.0,22.4,84.0,1.9,0.0,0.0,0.4,16.9,0.0,25.0,68.6,124.7,2.3,5.8,111.0,1002.0,1002.0,2.7,5.2
2024-05-22 21:30:00+02:00,16.8,16.8,17.3,11.5,71.0,22.3,84.0,1.3,0.0,0.0,0.4,16.9,0.0,25.0,68.6,124.7,0.0,5.0,158.0,1002.1,1002.1,2.7,5.2
2024-05-22 21:35:00+02:00,16.8,16.8,17.0,11.1,69.0,22.3,84.0,0.9,0.0,0.0,0.4,16.9,0.0,25.0,68.6,124.7,0.9,5.0,142.0,1002.1,1002.1,2.7,5.2
2024-05-22 21:40:00+02:00,16.7,16.7,16.8,11.1,69.0,22.2,84.0,0.6,0.0,0.0,0.4,16.9,0.0,25.0,68.6,124.7,1.2,3.2,101.0,1002.2,1002.2,2.7,5.2
2024-05-22 21:45:00+02:00,16.5,16.5,16.8,11.2,71.0,22.2,84.0,0.3,0.0,0.0,0.4,16.9,0.0,25.0,68.6,124.7,0.8,3.2,128.0,1002.2,1002.2,2.7,5.2
2024-05-22 21:50:00+02:00,16.3,16.3,16.0,10.8,70.0,22.1,84.0,0.2,0.0,0.0,0.4,16.9,0.0,25.0,68.6,124.7,3.2,6.8,109.0,1002.3,1002.3,2.7,5.2
2024-05-22 21:55:00+02:00,16.4,16.4,16.2,10.5,68.0,22.1,83.0,0.1,0.0,0.0,0.4,16.9,0.0,25.0,68.6,124.7,2.0,4.7,128.0,1002.2,1002.2,2.7,5.1
2024-05-22 22:00:00+02:00,16.3,16.3,16.0,10.4,68.0,22.0,84.0,0.0,0.0,0.0,0.4,16.9,0.0,25.0,68.6,124.7,2.4,4.3,96.0,1002.4,1002.4,2.7,5.1
2024-05-22 22:05:00+02:00,16.2,16.2,16.0,10.4,69.0,22.0,84.0,0.0,0.0,0.0,0.4,16.9,0.0,25.0,68.6,124.7,2.1,3.6,125.0,1002.3,1002.3,2.7,5.1
2024-05-22 22:10:00+02:00,16.1,16.1,15.7,10.4,69.0,21.9,83.0,0.0,0.0,0.0,0.4,16.9,0.0,25.0,68.6,124.7,2.7,4.7,116.0,1002.4,1002.4,2.7,5.1
2024-05-22 22:15:00+02:00,16.0,16.0,15.6,10.6,70.0,21.8,83.0,0.0,0.0,0.0,0.4,16.9,0.0,25.0,68.6,124.7,3.2,5.0,119.0,1002.6,1002.6,2.7,5.1
2024-05-22 22:20:00+02:00,15.8,15.8,15.4,10.5,71.0,21.8,83.0,0.0,0.0,0.0,0.4,16.9,0.0,25.0,68.6,124.7,3.3,5.8,119.0,1002.6,1002.6,2.7,5.1
2024-05-22 22:25:00+02:00,15.7,15.7,15.6,10.4,71.0,21.7,83.0,0.0,0.0,0.0,0.4,16.9,0.0,25.0,68.6,124.7,1.4,5.8,113.0,1002.7,1002.7,2.7,5.1
2024-05-22 22:30:00+02:00,15.4,15.4,15.2,10.4,72.0,21.7,83.0,0.0,0.0,0.0,0.4,16.9,0.0,25.0,68.6,124.7,2.3,3.6,119.0,1002.8,1002.8,2.7,5.1
2024-05-22 22:35:00+02:00,15.3,15.3,15.2,10.5,73.0,21.6,83.0,0.0,0.0,0.0,0.4,16.9,0.0,25.0,68.6,124.7,1.8,4.0,111.0,1002.8,1002.8,2.7,5.1
2024-05-22 22:40:00+02:00,14.8,14.8,14.4,10.7,77.0,21.5,83.0,0.0,0.0,0.0,0.4,16.9,0.0,25.0,68.6,124.7,3.3,4.7,117.0,1002.7,1002.7,2.7,5.1
2024-05-22 22:45:00+02:00,14.5,14.5,14.3,10.7,78.0,21.5,83.0,0.0,0.0,0.0,0.4,16.9,0.0,25.0,68.6,124.7,2.2,4.0,110.0,1002.8,1002.8,2.7,5.1
2024-05-22 22:50:00+02:00,14.3,14.3,14.3,10.6,78.0,21.4,83.0,0.0,0.0,0.0,0.4,16.9,0.0,25.0,68.6,124.7,1.3,3.6,100.0,1002.7,1002.7,2.7,5.1
2024-05-22 22:55:00+02:00,14.2,14.2,14.2,10.7,80.0,21.3,83.0,0.0,0.0,0.0,0.4,16.9,0.0,25.0,68.6,124.7,0.8,2.5,120.0,1002.8,1002.8,2.7,5.1
2024-05-22 23:00:00+02:00,14.0,14.0,13.7,10.7,81.0,21.2,83.0,0.0,0.0,0.0,0.4,16.9,0.0,25.0,68.6,124.7,2.5,3.6,110.0,1002.9,1002.9,2.7,5.1
2024-05-22 23:05:00+02:00,13.8,13.8,13.7,10.9,82.0,21.2,83.0,0.0,0.0,0.0,0.4,16.9,0.0,25.0,68.6,124.7,2.4,4.0,111.0,1002.9,1002.9,2.7,5.1
2024-05-22 23:10:00+02:00,13.7,13.7,13.7,10.8,83.0,21.1,83.0,0.0,0.0,0.0,0.4,16.9,0.0,25.0,68.6,124.7,1.4,3.6,114.0,1003.0,1003.0,2.7,5.1
2024-05-22 23:15:00+02:00,13.7,13.7,13.8,10.8,83.0,21.0,83.0,0.0,0.0,0.0,0.4,16.9,0.0,25.0,68.6,124.7,0.4,2.5,116.0,1003.0,1003.0,2.7,5.1
2024-05-22 23:20:00+02:00,13.6,13.6,13.6,10.8,83.0,20.9,83.0,0.0,0.0,0.0,0.4,16.9,0.0,25.0,68.6,124.7,1.1,2.9,110.0,1003.0,1003.0,2.7,5.1
2024-05-22 23:25:00+02:00,13.6,13.6,13.7,11.0,84.0,20.9,83.0,0.0,0.0,0.0,0.4,16.9,0.0,25.0,68.6,124.7,0.9,2.5,95.0,1003.1,1003.1,2.7,5.1
2024-05-22 23:30:00+02:00,13.5,13.5,13.8,10.9,84.0,20.8,83.0,0.0,0.0,0.0,0.4,16.9,0.0,25.0,68.6,124.7,0.0,3.2,107.0,1003.1,1003.1,2.7,5.1
2024-05-22 23:35:00+02:00,13.4,13.4,13.7,11.0,85.0,20.7,83.0,0.0,0.0,0.0,0.4,16.9,0.0,25.0,68.6,124.7,0.0,2.5,102.0,1003.0,1003.0,2.7,5.1
2024-05-22 23:40:00+02:00,13.3,13.3,13.1,10.9,86.0,20.7,83.0,0.0,0.0,0.0,0.4,16.9,0.0,25.0,68.6,124.7,2.7,3.6,120.0,1003.0,1003.0,2.7,5.1
2024-05-22 23:45:00+02:00,13.3,13.3,13.1,11.0,86.0,20.6,83.0,0.0,0.0,0.0,0.4,16.9,0.0,25.0,68.6,124.7,2.6,3.6,126.0,1003.0,1003.0,2.7,5.0
2024-05-22 23:50:00+02:00,13.2,13.2,13.0,10.9,86.0,20.5,83.0,0.0,0.0,0.0,0.4,16.9,0.0,25.0,68.6,124.7,2.1,2.9,124.0,1002.9,1002.9,2.7,5.0
2024-05-22 23:55:00+02:00,13.1,13.1,12.9,10.8,86.0,20.5,83.0,0.0,0.0,0.0,0.4,16.9,0.0,25.0,68.6,124.7,2.5,4.0,121.0,1003.1,1003.1,2.7,5.0
2024-05-23 00:00:00+02:00,13.0,13.0,12.7,10.9,87.0,20.4,83.0,0.0,0.0,0.0,0.0,0.0,0.0,25.0,68.6,124.7,3.0,4.3,117.0,1003.0,1003.0,2.7,5.0
2024-05-23 00:05:00+02:00,12.8,12.8,12.6,10.7,87.0,20.3,83.0,0.0,0.0,0.0,0.0,0.0,0.0,25.0,68.6,124.7,2.4,3.6,116.0,1003.0,1003.0,2.7,5.0
2024-05-23 00:10:00+02:00,12.7,12.7,12.5,10.9,89.0,20.2,83.0,0.0,0.0,0.0,0.0,0.0,0.0,25.0,68.6,124.7,2.4,4.0,106.0,1003.1,1003.1,2.7,5.0
2024-05-23 00:15:00+02:00,12.5,12.5,12.5,10.7,89.0,20.2,83.0,0.0,0.0,0.0,0.0,0.0,0.0,25.0,68.6,124.7,1.2,2.9,102.0,1003.2,1003.2,2.7,5.0
2024-05-23 00:20:00+02:00,12.4,12.4,12.2,10.7,89.0,20.1,83.0,0.0,0.0,0.0,0.0,0.0,0.0,25.0,68.6,124.7,2.0,2.9,106.0,1003.2,1003.2,2.7,5.0
2024-05-23 00:25:00+02:00,12.2,12.2,12.1,10.6,90.0,20.1,83.0,0.0,0.0,0.0,0.0,0.0,0.0,25.0,68.6,124.7,1.9,3.6,103.0,1003.2,1003.2,2.7,5.0
2024-05-23 00:30:00+02:00,12.3,12.3,12.2,10.6,90.0,20.0,83.0,0.0,0.0,0.0,0.0,0.0,0.0,25.0,68.6,124.7,1.6,3.6,114.0,1003.2,1003.2,2.7,5.0
2024-05-23 00:35:00+02:00,12.5,12.5,12.2,10.8,89.0,19.9,83.0,0.0,0.0,0.0,0.0,0.0,0.0,25.0,68.6,124.7,2.9,5.4,120.0,1003.3,1003.3,2.7,5.0
2024-05-23 00:40:00+02:00,12.7,12.7,12.2,10.7,88.0,19.8,83.0,0.0,0.0,0.0,0.0,0.0,0.0,25.0,68.6,124.7,3.6,5.0,119.0,1003.3,1003.3,2.7,5.0
2024-05-23 00:45:00+02:00,13.2,13.2,12.7,10.8,86.0,19.8,83.0,0.0,0.0,0.0,0.0,0.0,0.0,25.0,68.6,124.7,3.8,6.8,125.0,1003.3,1003.3,2.7,5.0
2024-05-23 00:50:00+02:00,13.6,13.6,12.9,10.8,83.0,19.7,83.0,0.0,0.0,0.0,0.0,0.0,0.0,25.0,68.6,124.7,5.0,7.9,124.0,1003.3,1003.3,2.7,5.0
2024-05-23 00:55:00+02:00,13.8,13.8,13.2,10.9,83.0,19.7,83.0,0.0,0.0,0.0,0.0,0.0,0.0,25.0,68.6,124.7,4.6,8.3,119.0,1003.3,1003.3,2.7,5.0
2024-05-23 01:00:00+02:00,13.9,13.9,13.0,10.9,82.0,19.6,83.0,0.0,0.0,0.0,0.0,0.0,0.0,25.0,68.6,124.7,6.0,9.0,115.0,1003.3,1003.3,2.7,5.0
2024-05-23 01:05:00+02:00,13.8,13.8,13.3,10.9,83.0,19.5,83.0,0.0,0.0,0.0,0.0,0.0,0.0,25.0,68.6,124.7,4.5,7.9,119.0,1003.3,1003.3,2.7,5.0
2024-05-23 01:10:00+02:00,13.7,13.7,13.1,10.9,83.0,19.5,83.0,0.0,0.0,0.0,0.0,0.0,0.0,25.0,68.6,124.7,4.8,8.3,125.0,1003.3,1003.3,2.7,5.0
2024-05-23 01:15:00+02:00,13.6,13.6,13.1,10.9,84.0,19.4,83.0,0.0,0.0,0.0,0.0,0.0,0.0,25.0,68.6,124.7,4.0,7.2,127.0,1003.3,1003.3,2.7,5.0
2024-05-23 01:20:00+02:00,13.6,13.6,13.2,10.9,84.0,19.3,83.0,0.0,0.0,0.0,0.0,0.0,0.0,25.0,68.6,124.7,3.3,7.9,130.0,1003.2,1003.2,2.7,5.0
2024-05-23 01:25:00+02:00,13.5,13.5,13.0,10.9,84.0,19.3,83.0,0.0,0.0,0.0,0.0,0.0,0.0,25.0,68.6,124.7,4.1,7.2,127.0,1003.4,1003.4,2.7,5.0
2024-05-23 01:30:00+02:00,13.5,13.5,13.1,10.9,84.0,19.2,83.0,0.0,0.0,0.0,0.0,0.0,0.0,25.0,68.6,124.7,3.3,5.4,105.0,1003.3,1003.3,2.7,5.0
2024-05-23 01:35:00+02:00,13.4,13.4,13.0,10.9,85.0,19.2,83.0,0.0,0.0,0.0,0.0,0.0,0.0,25.0,68.6,124.7,3.5,4.3,114.0,1003.4,1003.4,2.7,4.9
2024-05-23 01:40:00+02:00,13.4,13.4,13.2,10.9,85.0,19.1,83.0,0.0,0.0,0.0,0.0,0.0,0.0,25.0,68.6,124.7,2.5,5.8,126.0,1003.5,1003.5,2.7,4.9
2024-05-23 01:45:00+02:00,13.4,13.4,12.9,10.9,85.0,19.1,83.0,0.0,0.0,0.0,0.0,0.0,0.0,25.0,68.6,124.7,3.9,6.8,130.0,1003.4,1003.4,2.7,4.9
2024-05-23 01:50:00+02:00,13.3,13.3,12.8,10.9,85.0,19.0,83.0,0.0,0.0,0.0,0.0,0.0,0.0,25.0,68.6,124.7,3.9,5.8,128.0,1003.5,1003.5,2.7,4.9
2024-05-23 01:55:00+02:00,13.4,13.4,12.9,11.0,85.0,19.0,83.0,0.0,0.0,0.0,0.0,0.0,0.0,25.0,68.6,124.7,4.2,6.8,122.0,1003.5,1003.5,2.7,4.9
2024-05-23 02:00:00+02:00,13.4,13.4,12.9,11.0,85.0,18.9,83.0,0.0,0.0,0.0,0.0,0.0,0.0,25.0,68.6,124.7,4.1,6.8,122.0,1003.6,1003.6,2.7,4.9
2024-05-23 02:05:00+02:00,13.4,13.4,12.8,10.9,85.0,18.8,83.0,0.0,0.0,0.0,0.0,0.0,0.0,25.0,68.6,124.7,4.4,8.3,124.0,1003.5,1003.5,2.7,4.9
2024-05-23 02:10:00+02:00,13.4,13.4,12.7,11.0,85.0,18.8,83.0,0.0,0.0,0.0,0.0,0.0,0.0,25.0,68.6,124.7,5.1,8.6,118.0,1003.6,1003.6,2.7,4.9
2024-05-23 02:15:00+02:00,13.5,13.5,12.7,11.1,85.0,18.8,83.0,0.0,0.0,0.0,0.0,0.0,0.0,25.0,68.6,124.7,5.6,7.9,112.0,1003.5,1003.5,2.7,4.9
2024-05-23 02:20:00+02:00,13.4,13.4,12.7,11.0,85.0,18.7,83.0,0.0,0.0,0.0,0.0,0.0,0.0,25.0,68.6,124.7,5.2,7.9,134.0,1003.5,1003.5,2.7,4.9
2024-05-23 02:25:00+02:00,13.4,13.4,12.7,10.9,85.0,18.7,83.0,0.0,0.0,0.0,0.0,0.0,0.0,25.0,68.6,124.7,4.9,7.6,127.0,1003.5,1003.5,2.7,4.9
2024-05-23 02:30:00+02:00,13.3,13.3,12.8,11.0,86.0,18.7,83.0,0.0,0.0,0.0,0.0,0.0,0.0,25.0,68.6,124.7,4.0,8.3,116.0,1003.5,1003.5,2.7,4.9
2024-05-23 02:35:00+02:00,13.2,13.2,12.7,10.9,86.0,18.6,83.0,0.0,0.0,0.0,0.0,0.0,0.0,25.0,68.6,124.7,3.7,6.1,125.0,1003.6,1003.6,2.7,4.9
2024-05-23 02:40:00+02:00,13.2,13.2,12.6,10.9,86.0,18.5,83.0,0.0,0.0,0.0,0.0,0.0,0.0,25.0,68.6,124.7,4.2,8.6,130.0,1003.6,1003.6,2.7,4.9
2024-05-23 02:45:00+02:00,13.2,13.2,12.6,10.9,86.0,18.5,83.0,0.0,0.0,0.0,0.0,0.0,0.0,25.0,68.6,124.7,5.0,8.6,115.0,1003.7,1003.7,2.7,4.9
2024-05-23 02:50:00+02:00,13.2,13.2,12.6,10.8,85.0,18.4,83.0,0.0,0.0,0.0,0.0,0.0,0.0,25.0,68.6,124.7,4.5,9.4,119.0,1003.8,1003.8,2.7,4.9
2024-05-23 02:55:00+02:00,13.2,13.2,12.7,10.8,85.0,18.4,83.0,0.0,0.0,0.0,0.0,0.0,0.0,25.0,68.6,124.7,4.0,7.9,121.0,1003.7,1003.7,2.7,4.9
2024-05-23 03:00:00+02:00,13.2,13.2,12.5,10.8,85.0,18.4,83.0,0.0,0.0,0.0,0.0,0.0,0.0,25.0,68.6,124.7,4.5,6.5,123.0,1003.7,1003.7,2.7,4.9
2024-05-23 03:05:00+02:00,13.1,13.1,12.2,10.7,86.0,18.3,83.0,0.0,0.0,0.0,0.0,0.0,0.0,25.0,68.6,124.7,5.6,8.6,117.0,1003.7,1003.7,2.7,4.9
2024-05-23 03:10:00+02:00,13.2,13.2,12.6,10.8,85.0,18.3,83.0,0.0,0.0,0.0,0.0,0.0,0.0,25.0,68.6,124.7,4.4,9.0,117.0,1003.7,1003.7,2.7,4.9
2024-05-23 03:15:00+02:00,13.2,13.2,12.7,10.7,85.0,18.3,83.0,0.0,0.0,0.0,0.0,0.0,0.0,25.0,68.6,124.7,3.5,7.6,122.0,1003.6,1003.6,2.7,4.9
2024-05-23 03:20:00+02:00,13.1,13.1,12.7,10.7,85.0,18.2,83.0,0.0,0.0,0.0,0.0,0.0,0.0,25.0,68.6,124.7,3.4,6.1,122.0,1003.7,1003.7,2.7,4.9
2024-05-23 03:25:00+02:00,13.0,13.0,12.5,10.6,85.0,18.2,83.0,0.0,0.0,0.0,0.0,0.0,0.0,25.0,68.6,124.7,3.4,6.8,127.0,1003.6,1003.6,2.7,4.8
2024-05-23 03:30:00+02:00,12.8,12.8,12.5,10.6,86.0,18.1,83.0,0.0,0.0,0.0,0.0,0.0,0.0,25.0,68.6,124.7,3.0,6.8,120.0,1003.7,1003.7,2.7,4.8
2024-05-23 03:35:00+02:00,12.7,12.7,12.3,10.5,86.0,18.1,83.0,0.0,0.0,0.0,0.0,0.0,0.0,25.0,68.6,124.7,2.9,4.7,95.0,1003.6,1003.6,2.7,4.8
2024-05-23 03:40:00+02:00,12.8,12.8,12.2,10.5,86.0,18.1,83.0,0.0,0.0,0.0,0.0,0.0,0.0,25.0,68.6,124.7,4.0,6.8,121.0,1003.8,1003.8,2.7,4.8
2024-05-23 03:45:00+02:00,12.8,12.8,12.3,10.4,85.0,18.0,83.0,0.0,0.0,0.0,0.0,0.0,0.0,25.0,68.6,124.7,3.5,7.9,123.0,1003.8,1003.8,2.7,4.8
2024-05-23 03:50:00+02:00,12.7,12.7,12.1,10.4,86.0,18.0,83.0,0.0,0.0,0.0,0.0,0.0,0.0,25.0,68.6,124.7,3.8,5.8,103.0,1003.9,1003.9,2.7,4.8
2024-05-23 03:55:00+02:00,12.7,12.7,12.1,10.4,86.0,18.0,83.0,0.0,0.0,0.0,0.0,0.0,0.0,25.0,68.6,124.7,3.9,5.0,119.0,1003.8,1003.8,2.7,4.8
2024-05-23 04:00:00+02:00,12.8,12.8,12.2,10.3,85.0,17.9,83.0,0.0,0.0,0.0,0.0,0.0,0.0,25.0,68.6,124.7,3.8,6.5,121.0,1003.8,1003.8,2.7,4.8
2024-05-23 04:05:00+02:00,12.8,12.8,12.1,10.4,85.0,17.9,83.0,0.0,0.0,0.0,0.0,0.0,0.0,25.0,68.6,124.7,4.3,5.8,118.0,1003.9,1003.9,2.7,4.8
2024-05-23 04:10:00+02:00,12.7,12.7,12.1,10.4,85.0,17.8,83.0,0.0,0.0,0.0,0.0,0.0,0.0,25.0,68.6,124.7,3.7,5.4,118.0,1003.9,1003.9,2.7,4.8
2024-05-23 04:15:00+02:00,12.6,12.6,12.0,10.3,86.0,17.8,83.0,0.0,0.0,0.0,0.0,0.0,0.0,25.0,68.6,124.7,3.3,6.5,126.0,1003.9,1003.9,2.7,4.8
2024-05-23 04:20:00+02:00,12.5,12.5,11.9,10.3,86.0,17.7,83.0,0.0,0.0,0.0,0.0,0.0,0.0,25.0,68.6,124.7,3.7,6.5,116.0,1003.8,1003.8,2.7,4.8
2024-05-23 04:25:00+02:00,12.4,12.4,12.2,10.3,87.0,17.7,83.0,0.0,0.0,0.0,0.0,0.0,0.0,25.0,68.6,124.7,1.5,4.0,106.0,1003.8,1003.8,2.7,4.8
2024-05-23 04:30:00+02:00,12.1,12.1,11.7,10.2,88.0,17.7,83.0,0.0,0.0,0.0,0.0,0.0,0.0,25.0,68.6,124.7,2.7,4.3,114.0,1003.8,1003.8,2.7,4.8
2024-05-23 04:35:00+02:00,12.0,12.0,11.5,10.1,88.0,17.6,83.0,0.0,0.0,0.0,0.0,0.0,0.0,25.0,68.6,124.7,3.0,4.3,125.0,1003.9,1003.9,2.7,4.8
2024-05-23 04:40:00+02:00,12.2,12.2,11.6,10.1,87.0,17.6,83.0,0.0,0.0,0.0,0.0,0.0,0.0,25.0,68.6,124.7,3.6,5.0,117.0,1003.8,1003.8,2.7,4.8
2024-05-23 04:45:00+02:00,12.3,12.3,11.6,10.1,87.0,17.6,83.0,0.0,0.0,0.0,0.0,0.0,0.0,25.0,68.6,124.7,3.9,6.8,118.0,1003.8,1003.8,2.7,4.8
2024-05-23 04:50:00+02:00,12.3,12.3,11.7,10.1,86.0,17.5,83.0,0.0,0.0,0.0,0.0,0.0,0.0,25.0,68.6,124.7,3.7,6.5,112.0,1003.8,1003.8,2.7,4.8
2024-05-23 04:55:00+02:00,12.2,12.2,11.7,10.1,87.0,17.5,83.0,0.1,0.0,0.0,0.0,0.0,0.0,25.0,68.6,124.7,3.2,5.8,112.0,1003.9,1003.9,2.7,4.8
2024-05-23 05:00:00+02:00,12.1,12.1,11.1,10.0,87.0,17.4,83.0,0.2,0.0,0.0,0.0,0.0,0.0,25.0,68.6,124.7,5.4,7.2,116.0,1003.8,1003.8,2.7,4.8
2024-05-23 05:05:00+02:00,12.2,12.2,11.5,10.1,87.0,17.4,83.0,0.3,0.0,0.0,0.0,0.0,0.0,25.0,68.6,124.7,3.7,6.1,121.0,1003.9,1003.9,2.7,4.8
2024-05-23 05:10:00+02:00,12.1,12.1,11.6,10.1,87.0,17.3,83.0,0.6,0.0,0.0,0.0,0.0,0.0,25.0,68.6,124.7,2.8,5.8,122.0,1003.9,1003.9,2.7,4.8
2024-05-23 05:15:00+02:00,12.2,12.2,11.4,10.1,87.0,17.3,83.0,1.0,0.0,0.0,0.0,0.0,0.0,25.0,68.6,124.7,4.8,7.9,115.0,1004.0,1004.0,2.7,4.7
2024-05-23 05:20:00+02:00,12.3,12.3,11.7,10.1,86.0,17.3,83.0,1.7,0.0,0.0,0.0,0.0,0.0,25.0,68.6,124.7,4.0,7.9,110.0,1003.9,1003.9,2.7,4.7
2024-05-23 05:25:00+02:00,12.3,12.3,11.3,10.1,86.0,17.3,83.0,2.5,0.0,0.0,0.0,0.0,0.0,25.0,68.6,124.7,5.7,9.7,116.0,1004.0,1004.0,2.7,4.7
2024-05-23 05:30:00+02:00,12.4,12.4,11.7,10.2,86.0,17.2,83.0,3.7,0.0,0.0,0.0,0.0,0.0,25.0,68.6,124.7,4.0,8.6,122.0,1004.1,1004.1,2.7,4.7
2024-05-23 05:35:00+02:00,12.3,12.3,11.1,10.1,86.0,17.2,83.0,4.7,0.0,0.0,0.0,0.0,0.0,25.0,68.6,124.7,6.8,7.9,118.0,1004.0,1004.0,2.7,4.7
2024-05-23 05:40:00+02:00,12.3,12.3,11.4,10.1,86.0,17.2,83.0,6.2,0.0,0.0,0.0,0.0,0.0,25.0,68.6,124.7,5.2,7.9,120.0,1004.2,1004.2,2.7,4.7
2024-05-23 05:45:00+02:00,12.4,12.4,11.6,10.1,86.0,17.1,83.0,8.1,0.0,0.0,0.0,0.0,0.0,25.0,68.6,124.7,4.5,7.2,120.0,1004.2,1004.2,2.7,4.7
2024-05-23 05:50:00+02:00,12.4,12.4,11.7,10.1,86.0,17.1,83.0,9.9,0.0,0.0,0.0,0.0,0.0,25.0,68.6,124.7,4.3,8.3,125.0,1004.2,1004.2,2.7,4.7
2024-05-23 05:55:00+02:00,12.3,12.3,11.3,10.0,86.0,17.1,83.0,11.9,0.0,0.0,0.0,0.0,0.0,25.0,68.6,124.7,5.3,7.9,116.0,1004.3,1004.3,2.7,4.7
2024-05-23 06:00:00+02:00,12.3,12.3,11.9,10.1,86.0,17.1,83.0,14.3,0.0,0.0,0.0,0.0,0.0,25.0,68.6,124.7,3.0,7.9,113.0,1004.3,1004.3,2.7,4.7
2024-05-23 06:05:00+02:00,12.3,12.3,11.7,10.0,86.0,17.0,83.0,16.5,0.0,0.0,0.0,0.0,0.0,25.0,68.6,124.7,3.2,5.4,112.0,1004.3,1004.3,2.7,4.7
2024-05-23 06:10:00+02:00,12.5,12.5,11.5,10.0,85.0,17.0,83.0,18.9,0.0,0.0,0.0,0.0,0.0,25.0,68.6,124.7,5.4,7.6,115.0,1004.4,1004.4,2.7,4.7
2024-05-23 06:15:00+02:00,12.5,12.5,11.8,10.1,85.0,17.0,83.0,24.4,0.0,0.0,0.0,0.0,0.0,25.0,68.6,124.7,3.9,7.9,106.0,1004.3,1004.3,2.7,4.7
2024-05-23 06:20:00+02:00,12.7,12.7,11.7,10.2,85.0,17.0,83.0,28.1,0.0,0.0,0.0,0.0,0.0,25.0,68.6,124.7,5.3,7.9,119.0,1004.5,1004.5,2.7,4.7
2024-05-23 06:25:00+02:00,12.7,12.7,11.8,10.3,85.0,17.0,83.0,29.8,0.0,0.0,0.0,0.0,0.0,25.0,68.6,124.7,5.0,6.8,114.0,1004.5,1004.5,2.7,4.7
2024-05-23 06:30:00+02:00,12.8,12.8,12.3,10.3,84.0,17.0,84.0,38.2,0.0,0.0,0.0,0.0,0.0,25.0,68.6,124.7,3.7,7.9,119.0,1004.6,1004.6,2.7,4.7
2024-05-23 06:35:00+02:00,13.0,13.0,12.3,10.4,84.0,17.0,84.0,45.9,0.0,0.0,0.0,0.0,0.0,25.0,68.6,124.7,4.7,6.5,115.0,1004.6,1004.6,2.7,4.7
2024-05-23 06:40:00+02:00,13.1,13.1,12.2,10.4,84.0,17.0,84.0,53.0,0.0,0.0,0.0,0.0,0.0,25.0,68.6,124.7,5.3,8.6,122.0,1004.7,1004.7,2.7,4.7
2024-05-23 06:45:00+02:00,13.3,13.3,12.5,10.5,84.0,17.0,84.0,44.7,0.0,0.0,0.0,0.0,0.0,25.0,68.6,124.7,5.0,8.6,116.0,1004.6,1004.6,2.7,4.7
2024-05-23 06:50:00+02:00,13.3,13.3,12.5,10.5,83.0,17.0,84.0,45.7,0.0,0.0,0.0,0.0,0.0,25.0,68.6,124.7,5.2,8.3,114.0,1004.7,1004.7,2.7,4.7
2024-05-23 06:55:00+02:00,13.3,13.3,12.5,10.5,83.0,17.1,84.0,44.1,0.0,0.0,0.0,0.0,0.0,25.0,68.6,124.7,5.0,8.6,115.0,1004.8,1004.8,2.7,4.7
2024-05-23 07:00:00+02:00,13.3,13.3,12.3,10.5,83.0,17.1,84.0,42.5,0.0,0.0,0.0,0.0,0.0,25.0,68.6,124.7,5.8,8.6,124.0,1004.9,1004.9,2.7,4.7
2024-05-23 07:05:00+02:00,13.2,13.2,12.2,10.4,83.0,17.1,84.0,46.0,0.0,0.0,0.0,0.0,0.0,25.0,68.6,124.7,5.9,7.9,121.0,1004.8,1004.8,2.7,4.7
2024-05-23 07:10:00+02:00,13.3,13.3,12.5,10.5,83.0,17.2,84.0,47.9,0.0,0.0,0.0,0.0,0.0,25.0,68.6,124.7,5.1,11.2,117.0,1004.9,1004.9,2.7,4.7
2024-05-23 07:15:00+02:00,13.4,13.4,12.5,10.6,83.0,17.2,84.0,49.5,0.0,0.0,0.0,0.0,0.0,25.0,68.6,124.7,5.9,10.4,115.0,1005.0,1005.0,2.7,4.8
2024-05-23 07:20:00+02:00,13.6,13.6,13.0,10.7,83.0,17.2,84.0,51.2,0.0,0.0,0.0,0.0,0.0,25.0,68.6,124.7,4.1,7.9,135.0,1004.9,1004.9,2.7,4.8
2024-05-23 07:25:00+02:00,13.7,13.7,12.9,10.8,83.0,17.2,84.0,54.4,0.0,0.0,0.0,0.0,0.0,25.0,68.6,124.7,5.2,7.2,115.0,1004.9,1004.9,2.7,4.8
2024-05-23 07:30:00+02:00,13.8,13.8,13.0,10.8,82.0,17.2,84.0,56.3,0.0,0.0,0.0,0.0,0.0,25.0,68.6,124.7,5.3,10.8,120.0,1004.8,1004.8,2.7,4.8
2024-05-23 07:35:00+02:00,13.9,13.9,12.9,11.0,83.0,17.3,84.0,57.7,0.0,0.0,0.0,0.0,0.0,25.0,68.6,124.7,6.6,9.4,113.0,1005.0,1005.0,2.7,4.8
2024-05-23 07:40:00+02:00,14.1,14.1,13.4,11.0,82.0,17.3,85.0,59.9,0.0,0.0,0.0,0.0,0.0,25.0,68.6,124.7,5.0,10.4,115.0,1004.9,1004.9,2.7,4.8
2024-05-23 07:45:00+02:00,14.2,14.2,13.6,11.1,82.0,17.4,85.0,63.0,0.0,0.0,0.0,0.0,0.0,25.0,68.6,124.7,4.5,8.3,112.0,1005.0,1005.0,2.7,4.8
2024-05-23 07:50:00+02:00,14.3,14.3,13.8,11.0,81.0,17.4,85.0,64.1,0.0,0.0,0.0,0.0,0.0,25.0,68.6,124.7,3.9,13.0,110.0,1004.8,1004.8,2.7,4.8
2024-05-23 07:55:00+02:00,14.4,14.4,13.7,11.1,81.0,17.4,85.0,65.0,0.0,0.0,0.0,0.0,0.0,25.0,68.6,124.7,5.5,10.1,136.0,1005.0,1005.0,2.7,4.8
2024-05-23 08:00:00+02:00,14.5,14.5,14.2,11.2,81.0,17.5,85.0,63.1,0.0,0.0,0.0,0.0,0.0,25.0,68.6,124.7,3.5,9.7,133.0,1005.0,1005.0,2.7,4.8
2024-05-23 08:05:00+02:00,14.7,14.7,14.3,11.1,79.0,17.5,85.0,64.5,0.0,0.0,0.0,0.0,0.0,25.0,68.6,124.7,4.0,7.2,173.0,1005.1,1005.1,2.7,4.8
2024-05-23 08:10:00+02:00,14.8,14.8,13.8,11.1,79.0,17.6,85.0,66.8,0.0,0.0,0.0,0.0,0.0,25.0,68.6,124.7,6.9,13.0,109.0,1004.9,1004.9,2.7,4.8
2024-05-23 08:15:00+02:00,14.8,14.8,13.7,11.2,79.0,17.6,85.0,74.3,0.0,0.0,0.0,0.0,0.0,25.0,68.6,124.7,7.8,14.0,121.0,1005.2,1005.2,2.7,4.8
2024-05-23 08:20:00+02:00,14.9,14.9,13.9,11.3,79.0,17.7,85.0,219.8,2.0,0.0,0.0,0.0,0.0,25.0,68.6,124.7,7.4,14.0,121.0,1005.1,1005.1,2.7,4.8
2024-05-23 08:25:00+02:00,15.3,15.3,14.8,11.4,77.0,17.7,85.0,235.5,2.0,0.0,0.0,0.0,0.0,25.0,68.6,124.7,4.8,14.0,122.0,1005.2,1005.2,2.7,4.9
2024-05-23 08:30:00+02:00,15.7,15.7,15.0,11.6,77.0,17.8,85.0,252.6,2.0,0.0,0.0,0.0,0.0,25.0,68.6,124.7,5.8,15.5,144.0,1005.2,1005.2,2.7,4.9
2024-05-23 08:35:00+02:00,15.8,15.8,15.2,11.5,75.0,17.8,85.0,257.3,2.0,0.0,0.0,0.0,0.0,25.0,68.6,124.7,5.7,10.4,105.0,1005.3,1005.3,2.7,5.0
2024-05-23 08:40:00+02:00,15.9,15.9,14.7,11.6,75.0,17.9,86.0,180.7,1.0,0.0,0.0,0.0,0.0,25.0,68.6,124.7,8.8,17.3,119.0,1005.4,1005.4,2.7,5.0
2024-05-23 08:45:00+02:00,16.0,16.0,15.6,11.6,75.0,18.0,86.0,256.2,2.0,0.0,0.0,0.0,0.0,25.0,68.6,124.7,4.2,10.4,250.0,1005.3,1005.3,2.7,5.1
2024-05-23 08:50:00+02:00,16.5,16.5,16.1,11.7,73.0,18.2,86.0,291.8,2.0,0.0,0.0,0.0,0.0,25.0,68.6,124.7,4.8,14.0,136.0,1005.3,1005.3,2.7,5.1
2024-05-23 08:55:00+02:00,16.3,16.3,14.9,11.5,73.0,18.4,86.0,286.4,2.0,0.0,0.0,0.0,0.0,25.0,68.6,124.7,9.4,16.2,131.0,1005.3,1005.3,2.7,5.2
2024-05-23 09:00:00+02:00,16.4,16.4,16.3,11.4,72.0,18.6,86.0,300.0,2.0,0.0,0.0,0.0,0.0,25.0,68.6,124.7,3.0,16.2,183.0,1005.4,1005.4,2.7,5.2
2024-05-23 09:05:00+02:00,17.0,17.0,16.7,11.5,70.0,18.8,86.0,351.9,3.0,0.0,0.0,0.0,0.0,25.0,68.6,124.7,4.2,13.3,135.0,1005.4,1005.4,2.7,5.2
2024-05-23 09:10:00+02:00,17.0,17.0,17.0,11.5,70.0,19.0,86.0,344.2,3.0,0.0,0.0,0.0,0.0,25.0,68.6,124.7,2.6,13.3,135.0,1005.4,1005.4,2.7,5.2
2024-05-23 09:15:00+02:00,17.2,17.2,17.2,11.5,69.0,19.2,86.0,334.9,3.0,0.0,0.0,0.0,0.0,25.0,68.6,124.7,1.9,15.8,256.0,1005.3,1005.3,2.7,5.2
2024-05-23 09:20:00+02:00,16.9,16.9,16.6,11.4,70.0,19.3,86.0,375.9,3.0,0.0,0.0,0.0,0.0,25.0,68.6,124.7,4.0,15.8,250.0,1005.4,1005.4,2.7,5.2
2024-05-23 09:25:00+02:00,17.4,17.4,17.3,11.6,69.0,19.6,86.0,354.1,3.0,0.0,0.0,0.0,0.0,25.0,68.6,124.7,3.2,14.4,240.0,1005.4,1005.4,2.7,5.2
2024-05-23 09:30:00+02:00,17.5,17.5,17.4,11.4,67.0,19.7,86.0,401.2,3.0,0.0,0.0,0.0,0.0,25.0,68.6,124.7,2.9,8.6,197.0,1005.4,1005.4,2.7,5.2
2024-05-23 09:35:00+02:00,17.5,17.5,17.2,11.6,68.0,19.9,86.0,424.8,3.0,0.0,0.0,0.0,0.0,25.0,68.6,124.7,4.2,13.0,267.0,1005.5,1005.5,2.7,5.2
2024-05-23 09:40:00+02:00,17.9,17.9,18.4,12.1,69.0,20.1,86.0,426.6,3.0,0.0,0.0,0.0,0.0,25.0,68.6,124.7,1.1,6.5,174.0,1005.5,1005.5,2.7,5.2
2024-05-23 09:45:00+02:00,17.9,17.9,17.7,11.9,68.0,20.3,85.0,435.7,4.0,0.0,0.0,0.0,0.0,25.0,68.6,124.7,4.1,10.8,135.0,1005.4,1005.4,2.7,5.2
2024-05-23 09:50:00+02:00,17.4,17.4,17.1,11.5,68.0,20.5,85.0,385.6,3.0,0.0,0.0,0.0,0.0,25.0,68.6,124.7,4.2,8.6,104.0,1005.5,1005.5,2.7,5.2
2024-05-23 09:55:00+02:00,17.5,17.5,17.4,11.4,67.0,20.7,85.0,418.8,3.0,0.0,0.0,0.0,0.0,25.0,68.6,124.7,2.7,7.6,129.0,1005.5,1005.5,2.7,5.2
2024-05-23 10:00:00+02:00,17.9,17.9,17.8,11.2,65.0,20.8,85.0,469.8,4.0,0.0,0.0,0.0,0.0,25.0,68.6,124.7,2.4,9.4,237.0,1005.5,1005.5,2.7,5.2
2024-05-23 10:05:00+02:00,18.2,18.2,18.1,11.5,65.0,21.1,85.0,463.8,4.0,0.0,0.0,0.0,0.0,25.0,68.6,124.7,3.3,14.8,195.0,1005.6,1005.6,2.7,5.3
2024-05-23 10:10:00+02:00,17.9,17.9,17.2,11.7,67.0,21.3,85.0,431.7,4.0,0.0,0.0,0.0,0.0,25.0,68.6,124.7,6.5,14.8,117.0,1005.6,1005.6,2.7,5.3
2024-05-23 10:15:00+02:00,17.8,17.8,17.8,11.4,66.0,21.4,85.0,237.8,2.0,0.0,0.0,0.0,0.0,25.0,68.6,124.7,1.9,8.3,251.0,1005.7,1005.7,2.7,5.3
2024-05-23 10:20:00+02:00,18.2,18.2,18.1,11.2,64.0,21.6,85.0,463.5,4.0,0.0,0.0,0.0,0.0,25.0,68.6,124.7,2.2,7.2,211.0,1005.6,1005.6,2.7,5.3
2024-05-23 10:25:00+02:00,18.1,18.1,17.6,11.1,64.0,21.7,85.0,435.8,4.0,0.0,0.0,0.0,0.0,25.0,68.6,124.7,4.4,11.9,226.0,1005.6,1005.6,2.7,5.3
2024-05-23 10:30:00+02:00,17.8,17.8,17.2,11.6,67.0,21.8,85.0,486.1,4.0,0.0,0.0,0.0,0.0,25.0,68.6,124.7,5.5,9.4,137.0,1005.6,1005.6,2.7,5.3
2024-05-23 10:35:00+02:00,17.7,17.7,17.7,11.6,67.0,22.0,84.0,494.0,4.0,0.0,0.0,0.0,0.0,25.0,68.6,124.7,2.6,9.4,104.0,1005.6,1005.6,2.7,5.3
2024-05-23 10:40:00+02:00,18.5,18.5,18.3,11.4,64.0,22.2,84.0,523.8,4.0,0.0,0.0,0.0,0.0,25.0,68.6,124.7,3.2,6.1,172.0,1005.6,1005.6,2.7,5.3
2024-05-23 10:45:00+02:00,18.7,18.7,18.8,11.6,63.0,22.3,84.0,394.7,3.0,0.0,0.0,0.0,0.0,25.0,68.6,124.7,1.9,9.0,40.0,1005.6,1005.6,2.7,5.3
2024-05-23 10:50:00+02:00,18.3,18.3,18.1,11.4,64.0,22.4,84.0,500.9,4.0,0.0,0.0,0.0,0.0,25.0,68.6,124.7,3.4,9.4,108.0,1005.6,1005.6,2.7,5.3
2024-05-23 10:55:00+02:00,18.1,18.1,17.8,11.3,65.0,22.6,84.0,150.4,1.0,0.0,0.0,0.0,0.0,25.0,68.6,124.7,3.9,13.0,136.0,1005.7,1005.7,2.7,5.3
2024-05-23 11:00:00+02:00,17.9,17.9,17.5,11.4,66.0,22.7,84.0,516.8,4.0,0.0,0.0,0.0,0.0,25.0,68.6,124.7,4.4,7.6,120.0,1005.7,1005.7,2.7,5.3
2024-05-23 11:05:00+02:00,18.7,18.7,18.2,11.6,64.0,22.8,84.0,536.8,4.0,0.0,0.0,0.0,0.0,25.0,68.6,124.7,4.8,13.0,128.0,1005.6,1005.6,2.7,5.3
2024-05-23 11:10:00+02:00,19.6,19.6,19.4,11.2,58.0,22.9,84.0,569.5,5.0,0.0,0.0,0.0,0.0,25.0,68.6,124.7,3.0,10.4,169.0,1005.6,1005.6,2.7,5.3
2024-05-23 11:15:00+02:00,19.8,19.8,18.7,11.9,61.0,23.1,84.0,587.9,5.0,0.0,0.0,0.0,0.0,25.0,68.6,124.7,8.5,15.8,134.0,1005.8,1005.8,2.7,5.3
2024-05-23 11:20:00+02:00,19.5,19.5,19.1,11.5,60.0,23.3,84.0,603.8,5.0,0.0,0.0,0.0,0.0,25.0,68.6,124.7,4.4,13.3,187.0,1005.7,1005.7,2.7,5.3
2024-05-23 11:25:00+02:00,19.6,19.6,18.9,11.3,59.0,23.5,84.0,616.6,5.0,0.0,0.0,0.0,0.0,25.0,68.6,124.7,5.6,13.3,162.0,1005.9,1005.9,2.7,5.3
2024-05-23 11:30:00+02:00,19.2,19.2,18.2,11.3,60.0,23.7,84.0,626.2,5.0,0.0,0.0,0.0,0.0,25.0,68.6,124.7,7.1,16.2,123.0,1005.8,1005.8,2.7,5.3
2024-05-23 11:35:00+02:00,17.8,17.8,16.1,11.0,64.0,23.8,84.0,542.1,5.0,0.0,0.0,0.0,0.0,25.0,68.6,124.7,10.6,23.4,153.0,1005.8,1005.8,2.7,5.3
2024-05-23 11:40:00+02:00,18.5,18.5,18.1,10.9,61.0,24.0,83.0,355.2,3.0,0.0,0.0,0.0,0.0,25.0,68.6,124.7,3.9,9.0,153.0,1005.8,1005.8,2.7,5.3
2024-05-23 11:45:00+02:00,18.7,18.7,18.2,11.2,62.0,24.2,83.0,713.3,6.0,0.0,0.0,0.0,0.0,25.0,68.6,124.7,4.3,9.4,104.0,1005.6,1005.6,2.7,5.3
2024-05-23 11:50:00+02:00,19.8,19.8,19.4,11.1,57.0,24.3,83.0,687.5,6.0,0.0,0.0,0.0,0.0,25.0,68.6,124.7,4.2,11.2,234.0,1005.6,1005.6,2.7,5.3
2024-05-23 11:55:00+02:00,20.2,20.2,20.0,11.4,57.0,24.4,83.0,664.5,6.0,0.0,0.0,0.0,0.0,25.0,68.6,124.7,3.5,11.5,134.0,1005.6,1005.6,2.7,5.3
2024-05-23 12:00:00+02:00,20.5,20.5,19.9,11.1,55.0,24.5,83.0,685.2,6.0,0.0,0.0,0.0,0.0,25.0,68.6,124.7,4.5,10.1,218.0,1005.5,1005.5,2.7,5.3
2024-05-23 12:05:00+02:00,21.1,21.1,20.9,11.3,54.0,24.7,83.0,698.6,6.0,0.0,0.0,0.0,0.0,25.0,68.6,124.7,3.0,10.4,159.0,1005.5,1005.5,2.7,5.3
2024-05-23 12:10:00+02:00,21.4,21.4,21.2,11.2,52.0,24.9,83.0,696.8,6.0,0.0,0.0,0.0,0.0,25.0,68.6,124.7,2.8,10.1,152.0,1005.5,1005.5,2.7,5.3
2024-05-23 12:15:00+02:00,20.6,20.6,20.0,11.2,55.0,25.0,83.0,239.5,2.0,0.0,0.0,0.0,0.0,25.0,68.6,124.7,5.0,14.0,136.0,1005.6,1005.6,2.7,5.3
2024-05-23 12:20:00+02:00,20.0,20.0,19.4,11.3,57.0,25.2,83.0,215.9,2.0,0.0,0.0,0.0,0.0,25.0,68.6,124.7,4.9,8.6,187.0,1005.8,1005.8,2.7,5.3
2024-05-23 12:25:00+02:00,19.5,19.5,18.9,11.5,60.0,25.3,83.0,657.1,6.0,0.0,0.0,0.0,0.0,25.0,68.6,124.7,5.4,12.2,110.0,1005.6,1005.6,2.7,5.3
2024-05-23 12:30:00+02:00,19.7,19.7,19.8,11.5,59.0,25.3,83.0,645.9,6.0,0.0,0.0,0.0,0.0,25.0,68.6,124.7,2.2,12.2,170.0,1005.6,1005.6,2.7,5.3
2024-05-23 12:35:00+02:00,19.8,19.8,19.6,11.6,59.0,25.4,83.0,348.0,3.0,0.0,0.0,0.0,0.0,25.0,68.6,124.7,3.7,9.7,132.0,1005.6,1005.6,2.7,5.3
2024-05-23 12:40:00+02:00,19.7,19.7,19.4,11.2,58.0,25.5,82.0,681.7,6.0,0.0,0.0,0.0,0.0,25.0,68.6,124.7,3.4,10.4,174.0,1005.6,1005.6,2.7,5.3
2024-05-23 12:45:00+02:00,20.2,20.2,19.7,11.4,57.0,25.5,82.0,646.2,6.0,0.0,0.0,0.0,0.0,25.0,68.6,124.7,4.9,15.5,133.0,1005.7,1005.7,2.7,5.3
2024-05-23 12:50:00+02:00,20.1,20.1,19.4,11.3,57.0,25.6,83.0,676.5,6.0,0.0,0.0,0.0,0.0,25.0,68.6,124.7,5.8,20.9,107.0,1005.7,1005.7,2.7,5.3
2024-05-23 12:55:00+02:00,21.5,21.5,21.6,11.8,54.0,25.7,83.0,721.1,6.0,0.0,0.0,0.0,0.0,25.0,68.6,124.7,2.5,8.3,231.0,1005.5,1005.5,2.7,5.3
2024-05-23 13:00:00+02:00,21.1,21.1,21.3,11.8,55.0,25.8,82.0,238.6,2.0,0.0,0.0,0.0,0.0,25.0,68.6,124.7,1.8,7.9,187.0,1005.6,1005.6,2.7,5.3
2024-05-23 13:05:00+02:00,20.5,20.5,20.2,11.9,58.0,25.9,82.0,662.7,6.0,0.0,0.0,0.0,0.0,25.0,68.6,124.7,5.0,15.1,215.0,1005.7,1005.7,2.7,5.3
2024-05-23 13:10:00+02:00,21.0,21.0,20.9,12.0,56.0,26.0,82.0,627.5,5.0,0.0,0.0,0.0,0.0,25.0,68.6,124.7,3.3,9.4,192.0,1005.7,1005.7,2.7,5.3
2024-05-23 13:15:00+02:00,21.2,21.2,21.0,12.0,56.0,26.1,82.0,635.4,5.0,0.0,0.0,0.0,0.0,25.0,68.6,124.7,4.4,10.4,263.0,1005.6,1005.6,2.7,5.3
2024-05-23 13:20:00+02:00,21.9,21.9,21.7,11.8,53.0,26.2,82.0,656.6,6.0,0.0,0.0,0.0,0.0,25.0,68.6,124.7,3.7,7.2,223.0,1005.5,1005.5,2.7,5.3
2024-05-23 13:25:00+02:00,22.9,22.9,23.0,12.4,52.0,26.4,82.0,701.5,6.0,0.0,0.0,0.0,0.0,25.0,68.6,124.7,3.7,15.8,220.0,1005.5,1005.5,2.7,5.3
2024-05-23 13:30:00+02:00,22.9,22.9,22.6,11.6,49.0,26.6,82.0,705.1,6.0,0.0,0.0,0.0,0.0,25.0,68.6,124.7,4.2,15.8,178.0,1005.5,1005.5,2.7,5.3
2024-05-23 13:35:00+02:00,22.0,22.0,22.1,11.8,52.0,26.8,82.0,124.5,1.0,0.0,0.0,0.0,0.0,25.0,68.6,124.7,2.7,7.2,182.0,1005.5,1005.5,2.7,5.3
2024-05-23 13:40:00+02:00,21.3,21.3,21.1,11.6,54.0,26.8,82.0,155.2,1.0,0.0,0.0,0.0,0.0,25.0,68.6,124.7,4.2,6.8,124.0,1005.6,1005.6,2.7,5.3
2024-05-23 13:45:00+02:00,20.8,20.8,20.7,11.3,54.0,26.8,82.0,663.1,6.0,0.0,0.0,0.0,0.0,25.0,68.6,124.7,2.7,8.3,272.0,1005.6,1005.6,2.7,5.3
2024-05-23 13:50:00+02:00,20.6,20.6,19.9,11.4,56.0,26.8,82.0,647.7,6.0,0.0,0.0,0.0,0.0,25.0,68.6,124.7,5.6,9.4,96.0,1005.6,1005.6,2.7,5.3
2024-05-23 13:55:00+02:00,20.2,20.2,20.1,11.6,57.0,26.8,82.0,686.6,6.0,0.0,0.0,0.0,0.0,25.0,68.6,124.7,3.0,13.3,139.0,1005.6,1005.6,2.7,5.3
2024-05-23 14:00:00+02:00,20.2,20.2,20.1,11.5,57.0,26.9,82.0,230.5,2.0,0.0,0.0,0.0,0.0,25.0,68.6,124.7,3.0,8.6,141.0,1005.6,1005.6,2.7,5.3
2024-05-23 14:05:00+02:00,20.7,20.7,20.5,11.3,55.0,26.9,82.0,740.2,6.0,0.0,0.0,0.0,0.0,25.0,68.6,124.7,3.3,8.6,135.0,1005.5,1005.5,2.7,5.3
2024-05-23 14:10:00+02:00,21.9,21.9,21.7,11.5,52.0,26.9,83.0,708.6,6.0,0.0,0.0,0.0,0.0,25.0,68.6,124.7,3.6,15.5,249.0,1005.5,1005.5,2.7,5.3
2024-05-23 14:15:00+02:00,21.4,21.4,21.3,11.6,54.0,27.0,83.0,676.7,6.0,0.0,0.0,0.0,0.0,25.0,68.6,124.7,3.5,16.2,240.0,1005.5,1005.5,2.7,5.3
2024-05-23 14:20:00+02:00,21.5,21.5,21.5,11.4,53.0,27.1,83.0,649.9,6.0,0.0,0.0,0.0,0.0,25.0,68.6,124.7,2.1,10.1,203.0,1005.6,1005.6,2.7,5.3
2024-05-23 14:25:00+02:00,22.0,22.0,21.7,11.5,51.0,27.1,83.0,659.8,6.0,0.0,0.0,0.0,0.0,25.0,68.6,124.7,4.0,8.6,343.0,1005.5,1005.5,2.7,5.3
2024-05-23 14:30:00+02:00,21.3,21.3,20.0,11.4,53.0,27.2,83.0,648.5,6.0,0.0,0.0,0.0,0.0,25.0,68.6,124.7,8.9,16.6,291.0,1005.4,1005.4,2.7,5.3
2024-05-23 14:35:00+02:00,21.4,21.4,21.3,11.4,53.0,27.2,83.0,682.1,6.0,0.0,0.0,0.0,0.0,25.0,68.6,124.7,2.7,16.6,234.0,1005.3,1005.3,2.7,5.3
2024-05-23 14:40:00+02:00,22.7,22.7,22.4,11.0,48.0,27.3,83.0,675.0,6.0,0.0,0.0,0.0,0.0,25.0,68.6,124.7,3.2,9.4,126.0,1005.4,1005.4,2.7,5.3
2024-05-23 14:45:00+02:00,22.2,22.2,21.8,10.3,47.0,27.3,83.0,189.9,1.0,0.0,0.0,0.0,0.0,25.0,68.6,124.7,2.8,8.6,204.0,1005.3,1005.3,2.7,5.3
2024-05-23 14:50:00+02:00,21.5,21.5,21.0,11.3,52.0,27.4,83.0,663.7,6.0,0.0,0.0,0.0,0.0,25.0,68.6,124.7,5.0,16.6,289.0,1005.3,1005.3,2.7,5.3
2024-05-23 14:55:00+02:00,21.5,21.5,20.8,11.1,52.0,27.4,83.0,660.5,6.0,0.0,0.0,0.0,0.0,25.0,68.6,124.7,5.5,15.1,298.0,1005.1,1005.1,2.7,5.3
2024-05-23 15:00:00+02:00,22.0,22.0,21.9,11.3,51.0,27.4,83.0,668.0,6.0,0.0,0.0,0.0,0.0,25.0,68.6,124.7,2.9,9.0,220.0,1005.2,1005.2,2.7,5.3
2024-05-23 15:05:00+02:00,22.5,22.5,22.3,11.4,50.0,27.5,83.0,628.4,5.0,0.0,0.0,0.0,0.0,25.0,68.6,124.7,3.2,9.4,179.0,1005.2,1005.2,2.7,5.3
2024-05-23 15:10:00+02:00,21.9,21.9,21.2,11.1,50.0,27.5,83.0,661.6,6.0,0.0,0.0,0.0,0.0,25.0,68.6,124.7,5.7,14.8,133.0,1005.2,1005.2,2.7,5.3
2024-05-23 15:15:00+02:00,21.9,21.9,22.1,11.3,51.0,27.5,83.0,668.6,6.0,0.0,0.0,0.0,0.0,25.0,68.6,124.7,1.1,6.5,84.0,1005.3,1005.3,2.7,5.3
2024-05-23 15:20:00+02:00,21.6,21.6,21.1,11.0,51.0,27.6,83.0,433.3,4.0,0.0,0.0,0.0,0.0,25.0,68.6,124.7,4.5,8.6,87.0,1005.3,1005.3,2.7,5.3
2024-05-23 15:25:00+02:00,20.9,20.9,20.7,11.0,53.0,27.5,83.0,626.3,5.0,0.0,0.0,0.0,0.0,25.0,68.6,124.7,2.5,9.0,253.0,1005.2,1005.2,2.7,5.3
2024-05-23 15:30:00+02:00,21.2,21.2,20.6,10.9,52.0,27.5,83.0,499.0,4.0,0.0,0.0,0.0,0.0,25.0,68.6,124.7,5.0,14.8,277.0,1005.3,1005.3,2.7,5.3
2024-05-23 15:35:00+02:00,21.4,21.4,21.3,11.0,52.0,27.5,83.0,236.3,2.0,0.0,0.0,0.0,0.0,25.0,68.6,124.7,1.9,6.8,256.0,1005.3,1005.3,2.7,5.3
2024-05-23 15:40:00+02:00,21.7,21.7,21.9,11.2,51.0,27.5,83.0,646.2,6.0,0.0,0.0,0.0,0.0,25.0,68.6,124.7,0.7,5.8,124.0,1005.2,1005.2,2.7,5.3
2024-05-23 15:45:00+02:00,22.7,22.7,22.3,11.4,49.0,27.5,83.0,591.2,5.0,0.0,0.0,0.0,0.0,25.0,68.6,124.7,4.4,9.0,302.0,1005.2,1005.2,2.7,5.3
2024-05-23 15:50:00+02:00,22.5,22.5,22.4,11.9,51.0,27.5,83.0,571.4,5.0,0.0,0.0,0.0,0.0,25.0,68.6,124.7,3.2,9.7,234.0,1005.3,1005.3,2.7,5.3
2024-05-23 15:55:00+02:00,23.1,23.1,23.0,11.5,48.0,27.6,84.0,576.5,5.0,0.0,0.0,0.0,0.0,25.0,68.6,124.7,3.0,6.5,129.0,1005.2,1005.2,2.7,5.3
2024-05-23 16:00:00+02:00,23.2,23.2,22.8,11.3,47.0,27.6,84.0,586.4,5.0,0.0,0.0,0.0,0.0,25.0,68.6,124.7,4.4,8.3,112.0,1005.2,1005.2,2.7,5.3
2024-05-23 16:05:00+02:00,23.1,23.1,22.7,11.0,46.0,27.7,84.0,576.6,5.0,0.0,0.0,0.0,0.0,25.0,68.6,124.7,3.7,10.1,259.0,1005.2,1005.2,2.7,5.3
2024-05-23 16:10:00+02:00,23.4,23.4,22.7,10.8,45.0,27.8,83.0,572.3,5.0,0.0,0.0,0.0,0.0,25.0,68.6,124.7,4.8,13.7,141.0,1005.2,1005.2,2.7,5.3
2024-05-23 16:15:00+02:00,23.0,23.0,22.5,10.8,46.0,27.8,84.0,544.7,5.0,0.0,0.0,0.0,0.0,25.0,68.6,124.7,4.0,12.6,296.0,1005.3,1005.3,2.7,5.3
2024-05-23 16:20:00+02:00,22.2,22.2,21.6,11.0,49.0,27.8,84.0,565.9,5.0,0.0,0.0,0.0,0.0,25.0,68.6,124.7,4.5,13.3,315.0,1005.2,1005.2,2.7,5.3
2024-05-23 16:25:00+02:00,22.9,22.9,22.5,11.4,48.0,27.9,84.0,559.7,5.0,0.0,0.0,0.0,0.0,25.0,68.6,124.7,4.2,14.4,264.0,1005.2,1005.2,2.7,5.3
2024-05-23 16:30:00+02:00,21.9,21.9,21.8,10.6,49.0,27.9,84.0,492.6,4.0,0.0,0.0,0.0,0.0,25.0,68.6,124.7,1.9,14.4,317.0,1005.2,1005.2,2.7,5.3
2024-05-23 16:35:00+02:00,21.9,21.9,20.7,10.5,48.0,27.9,84.0,552.0,5.0,0.0,0.0,0.0,0.0,25.0,68.6,124.7,6.7,14.8,282.0,1005.2,1005.2,2.7,5.3
2024-05-23 16:40:00+02:00,22.1,22.1,21.5,10.3,47.0,27.9,84.0,542.2,5.0,0.0,0.0,0.0,0.0,25.0,68.6,124.7,3.9,10.8,243.0,1005.2,1005.2,2.7,5.3
2024-05-23 16:45:00+02:00,22.4,22.4,22.1,10.8,48.0,27.9,84.0,502.2,4.0,0.0,0.0,0.0,0.0,25.0,68.6,124.7,2.4,9.7,190.0,1005.3,1005.3,2.7,5.3
2024-05-23 16:50:00+02:00,23.0,23.0,22.5,10.6,46.0,27.9,84.0,482.7,4.0,0.0,0.0,0.0,0.0,25.0,68.6,124.7,3.5,6.8,219.0,1005.3,1005.3,2.7,5.3
2024-05-23 16:55:00+02:00,22.9,22.9,22.2,10.2,45.0,27.9,84.0,471.7,4.0,0.0,0.0,0.0,0.0,25.0,68.6,124.7,3.8,8.3,226.0,1005.2,1005.2,2.7,5.3
2024-05-23 17:00:00+02:00,22.0,22.0,21.4,10.6,48.0,27.9,84.0,454.1,4.0,0.0,0.0,0.0,0.0,25.0,68.6,124.7,4.4,10.8,269.0,1005.2,1005.2,2.7,5.3
2024-05-23 17:05:00+02:00,22.1,22.1,21.3,10.2,47.0,27.9,84.0,103.5,0.0,0.0,0.0,0.0,0.0,25.0,68.6,124.7,4.5,9.4,248.0,1005.3,1005.3,2.7,5.3
2024-05-23 17:10:00+02:00,21.2,21.2,21.1,10.6,51.0,27.9,84.0,83.0,0.0,0.0,0.0,0.0,0.0,25.0,68.6,124.7,2.0,9.4,127.0,1005.3,1005.3,2.7,5.3
2024-05-23 17:15:00+02:00,21.1,21.1,20.5,10.3,50.0,27.9,84.0,91.2,0.0,0.0,0.0,0.0,0.0,25.0,68.6,124.7,3.7,7.6,313.0,1005.3,1005.3,2.7,5.3
2024-05-23 17:20:00+02:00,21.1,21.1,21.1,10.5,51.0,27.9,84.0,403.0,3.0,0.0,0.0,0.0,0.0,25.0,68.6,124.7,0.9,4.0,23.0,1005.3,1005.3,2.7,5.3
2024-05-23 17:25:00+02:00,22.5,22.5,22.1,10.7,47.0,27.9,84.0,420.8,3.0,0.0,0.0,0.0,0.0,25.0,68.6,124.7,3.2,6.8,188.0,1005.2,1005.2,2.7,5.3
2024-05-23 17:30:00+02:00,22.5,22.5,21.5,9.9,45.0,27.8,84.0,423.8,3.0,0.0,0.0,0.0,0.0,25.0,68.6,124.7,5.3,17.6,273.0,1005.2,1005.2,2.7,5.3
2024-05-23 17:35:00+02:00,22.8,22.8,22.3,9.4,42.0,27.8,84.0,312.3,2.0,0.0,0.0,0.0,0.0,25.0,68.6,124.7,2.3,6.8,197.0,1005.1,1005.1,2.7,5.3
2024-05-23 17:40:00+02:00,22.6,22.6,21.8,9.7,44.0,27.8,84.0,167.3,1.0,0.0,0.0,0.0,0.0,25.0,68.6,124.7,4.2,12.6,148.0,1005.2,1005.2,2.7,5.3
2024-05-23 17:45:00+02:00,21.5,21.5,20.8,9.6,47.0,27.8,84.0,148.9,1.0,0.0,0.0,0.0,0.0,25.0,68.6,124.7,3.3,12.6,312.0,1005.2,1005.2,2.7,5.3
2024-05-23 17:50:00+02:00,21.6,21.6,21.0,9.8,47.0,27.8,84.0,161.6,1.0,0.0,0.0,0.0,0.0,25.0,68.6,124.7,2.7,4.7,139.0,1005.2,1005.2,2.7,5.3
2024-05-23 17:55:00+02:00,21.6,21.6,20.9,9.4,46.0,27.8,84.0,148.8,1.0,0.0,0.0,0.0,0.0,25.0,68.6,124.7,3.1,7.6,304.0,1005.2,1005.2,2.7,5.3
2024-05-23 18:00:00+02:00,21.4,21.4,20.6,9.4,46.0,27.7,84.0,159.0,1.0,0.0,0.0,0.0,0.0,25.0,68.6,124.7,3.5,7.6,321.0,1005.2,1005.2,2.7,5.3
2024-05-23 18:05:00+02:00,21.4,21.4,20.9,9.5,47.0,27.7,84.0,145.3,1.0,0.0,0.0,0.0,0.0,25.0,68.6,124.7,1.7,4.7,203.0,1005.2,1005.2,2.7,5.3
2024-05-23 18:10:00+02:00,21.6,21.6,21.5,10.4,49.0,27.7,85.0,161.6,1.0,0.0,0.0,0.0,0.0,25.0,68.6,124.7,1.2,4.3,109.0,1005.1,1005.1,2.7,5.3
2024-05-23 18:15:00+02:00,21.5,21.5,21.1,10.0,48.0,27.6,85.0,157.1,1.0,0.0,0.0,0.0,0.0,25.0,68.6,124.7,2.4,7.2,133.0,1005.3,1005.3,2.7,5.3
2024-05-23 18:20:00+02:00,21.0,21.0,20.4,9.8,49.0,27.6,85.0,123.1,1.0,0.0,0.0,0.0,0.0,25.0,68.6,124.7,3.3,7.2,115.0,1005.3,1005.3,2.7,5.3
2024-05-23 18:25:00+02:00,20.9,20.9,20.7,9.9,49.0,27.6,85.0,102.3,0.0,0.0,0.0,0.0,0.0,25.0,68.6,124.7,0.9,6.1,8.0,1005.2,1005.2,2.7,5.3
2024-05-23 18:30:00+02:00,21.2,21.2,21.1,9.7,48.0,27.5,85.0,106.4,0.0,0.0,0.0,0.0,0.0,25.0,68.6,124.7,0.4,4.3,169.0,1005.2,1005.2,2.7,5.3
2024-05-23 18:35:00+02:00,21.3,21.3,20.7,10.0,48.0,27.5,85.0,106.1,0.0,0.0,0.0,0.0,0.0,25.0,68.6,124.7,3.3,6.8,129.0,1005.2,1005.2,2.7,5.3
2024-05-23 18:40:00+02:00,20.9,20.9,20.2,10.1,50.0,27.5,85.0,215.3,2.0,0.0,0.0,0.0,0.0,25.0,68.6,124.7,3.9,8.3,105.0,1005.2,1005.2,2.7,5.3
2024-05-23 18:45:00+02:00,21.0,21.0,20.3,10.2,50.0,27.4,85.0,131.1,1.0,0.0,0.0,0.0,0.0,25.0,68.6,124.7,4.0,6.8,144.0,1005.2,1005.2,2.7,5.3
2024-05-23 18:50:00+02:00,20.7,20.7,20.2,10.2,51.0,27.4,85.0,99.7,0.0,0.0,0.0,0.0,0.0,25.0,68.6,124.7,3.3,6.8,108.0,1005.3,1005.3,2.7,5.3
2024-05-23 18:55:00+02:00,20.7,20.7,19.9,10.2,51.0,27.3,85.0,117.4,1.0,0.0,0.0,0.0,0.0,25.0,68.6,124.7,4.5,8.3,121.0,1005.3,1005.3,2.7,5.3
2024-05-23 19:00:00+02:00,20.7,20.7,20.0,10.3,51.0,27.3,85.0,111.4,1.0,0.0,0.0,0.0,0.0,25.0,68.6,124.7,4.1,9.4,107.0,1005.3,1005.3,2.7,5.3
2024-05-23 19:05:00+02:00,20.6,20.6,20.2,10.3,52.0,27.2,85.0,91.2,0.0,0.0,0.0,0.0,0.0,25.0,68.6,124.7,2.7,7.2,130.0,1005.3,1005.3,2.7,5.3
2024-05-23 19:10:00+02:00,20.4,20.4,20.0,10.3,52.0,27.2,85.0,84.3,0.0,0.0,0.0,0.0,0.0,25.0,68.6,124.7,3.0,5.8,113.0,1005.3,1005.3,2.7,5.3
2024-05-23 19:15:00+02:00,20.6,20.6,20.5,10.0,51.0,27.1,85.0,82.7,0.0,0.0,0.0,0.0,0.0,25.0,68.6,124.7,0.7,5.8,103.0,1005.3,1005.3,2.7,5.3
2024-05-23 19:20:00+02:00,20.7,20.7,20.8,10.9,53.0,27.1,84.0,80.7,0.0,0.0,0.0,0.0,0.0,25.0,68.6,124.7,1.1,4.0,192.0,1005.2,1005.2,2.7,5.3
2024-05-23 19:25:00+02:00,20.7,20.7,20.7,10.6,52.0,27.0,85.0,74.1,0.0,0.0,0.0,0.0,0.0,25.0,68.6,124.7,1.2,4.3,140.0,1005.5,1005.5,2.7,5.2
2024-05-23 19:30:00+02:00,20.3,20.3,20.0,10.7,54.0,27.0,84.0,71.3,0.0,0.0,0.0,0.0,0.0,25.0,68.6,124.7,3.0,8.3,126.0,1005.4,1005.4,2.7,5.2
2024-05-23 19:35:00+02:00,20.4,20.4,20.2,10.8,54.0,27.0,84.0,68.8,0.0,0.0,0.0,0.0,0.0,25.0,68.6,124.7,2.4,5.4,111.0,1005.3,1005.3,2.7,5.2
2024-05-23 19:40:00+02:00,20.4,20.4,20.5,10.6,53.0,26.9,84.0,58.4,0.0,0.0,0.0,0.0,0.0,25.0,68.6,124.7,0.8,5.8,194.0,1005.5,1005.5,2.7,5.2
2024-05-23 19:45:00+02:00,20.5,20.5,20.3,10.1,51.0,26.9,84.0,47.0,0.0,0.0,0.0,0.0,0.0,25.0,68.6,124.7,1.4,3.6,189.0,1005.5,1005.5,2.7,5.2
2024-05-23 19:50:00+02:00,20.4,20.4,20.4,10.2,52.0,26.8,84.0,37.2,0.0,0.0,0.0,0.0,0.0,25.0,68.6,124.7,0.7,5.0,134.0,1005.6,1005.6,2.7,5.2
2024-05-23 19:55:00+02:00,20.3,20.3,20.1,10.5,54.0,26.7,84.0,33.2,0.0,0.0,0.0,0.0,0.0,25.0,68.6,124.7,1.7,5.8,211.0,1005.5,1005.5,2.7,5.2
2024-05-23 20:00:00+02:00,20.1,20.1,20.0,10.4,54.0,26.7,84.0,29.0,0.0,0.0,0.0,0.0,0.0,25.0,68.6,124.7,1.1,4.0,244.0,1005.5,1005.5,2.7,5.2
2024-05-23 20:05:00+02:00,19.8,19.8,19.5,10.8,56.0,26.7,84.0,24.9,0.0,0.0,0.0,0.0,0.0,25.0,68.6,124.7,2.8,5.4,116.0,1005.5,1005.5,2.7,5.2
2024-05-23 20:10:00+02:00,19.6,19.6,19.6,10.8,57.0,26.6,84.0,24.6,0.0,0.0,0.0,0.0,0.0,25.0,68.6,124.7,1.2,3.6,132.0,1005.6,1005.6,2.7,5.2
2024-05-23 20:15:00+02:00,19.3,19.3,19.4,11.1,59.0,26.5,84.0,24.6,0.0,0.0,0.0,0.0,0.0,25.0,68.6,124.7,1.3,3.6,141.0,1005.8,1005.8,2.7,5.2
2024-05-23 20:20:00+02:00,19.2,19.2,19.5,11.2,60.0,26.4,84.0,23.8,0.0,0.0,0.0,0.0,0.0,25.0,68.6,124.7,0.4,2.2,275.0,1005.9,1005.9,2.7,5.2
2024-05-23 20:25:00+02:00,19.1,19.1,19.3,11.0,59.0,26.4,84.0,21.1,0.0,0.0,0.0,0.0,0.0,25.0,68.6,124.7,0.4,2.2,152.0,1005.8,1005.8,2.7,5.2
2024-05-23 20:30:00+02:00,18.9,18.9,19.0,10.7,59.0,26.3,84.0,16.3,0.0,0.0,0.0,0.0,0.0,25.0,68.6,124.7,1.2,4.3,133.0,1005.8,1005.8,2.7,5.2
2024-05-23 20:35:00+02:00,18.8,18.8,19.1,11.1,61.0,26.2,84.0,13.8,0.0,0.0,0.0,0.0,0.0,25.0,68.6,124.7,0.0,4.3,143.0,1005.8,1005.8,2.7,5.2
2024-05-23 20:40:00+02:00,18.6,18.6,18.9,11.1,62.0,26.2,84.0,12.4,0.0,0.0,0.0,0.0,0.0,25.0,68.6,124.7,0.0,2.2,74.0,1005.9,1005.9,2.7,5.2
2024-05-23 20:45:00+02:00,18.4,18.4,18.8,11.2,63.0,26.1,83.0,11.5,0.0,0.0,0.0,0.0,0.0,25.0,68.6,124.7,0.0,1.8,130.0,1005.9,1005.9,2.7,5.2
2024-05-23 20:50:00+02:00,18.1,18.1,18.5,11.2,64.0,26.0,83.0,10.7,0.0,0.0,0.0,0.0,0.0,25.0,68.6,124.7,0.0,1.8,122.0,1005.9,1005.9,2.7,5.2
2024-05-23 20:55:00+02:00,17.8,17.8,18.2,11.3,66.0,25.9,83.0,9.9,0.0,0.0,0.0,0.0,0.0,25.0,68.6,124.7,0.0,0.0,141.0,1005.9,1005.9,2.7,5.2
2024-05-23 21:00:00+02:00,17.5,17.5,17.9,11.5,68.0,25.8,83.0,8.2,0.0,0.0,0.0,0.0,0.0,25.0,68.6,124.7,0.5,2.9,126.0,1005.9,1005.9,2.7,5.2
2024-05-23 21:05:00+02:00,17.1,17.1,17.2,11.7,70.0,25.7,83.0,6.9,0.0,0.0,0.0,0.0,0.0,25.0,68.6,124.7,2.3,3.2,129.0,1006.1,1006.1,2.7,5.2
2024-05-23 21:10:00+02:00,16.8,16.8,16.9,11.4,71.0,25.7,83.0,5.8,0.0,0.0,0.0,0.0,0.0,25.0,68.6,124.7,1.9,3.2,127.0,1006.1,1006.1,2.7,5.2
2024-05-23 21:15:00+02:00,16.5,16.5,16.6,11.7,73.0,25.6,83.0,4.7,0.0,0.0,0.0,0.0,0.0,25.0,68.6,124.7,2.4,3.6,121.0,1006.3,1006.3,2.7,5.2
2024-05-23 21:20:00+02:00,16.2,16.2,16.3,11.8,75.0,25.4,83.0,3.5,0.0,0.0,0.0,0.0,0.0,25.0,68.6,124.7,2.6,3.6,112.0,1006.4,1006.4,2.7,5.2
2024-05-23 21:25:00+02:00,16.0,16.0,16.3,11.6,75.0,25.3,83.0,2.5,0.0,0.0,0.0,0.0,0.0,25.0,68.6,124.7,1.4,3.6,125.0,1006.4,1006.4,2.7,5.2
2024-05-23 21:30:00+02:00,15.9,15.9,16.5,11.6,75.0,25.2,83.0,1.7,0.0,0.0,0.0,0.0,0.0,25.0,68.6,124.7,0.0,2.2,106.0,1006.6,1006.6,2.7,5.2
2024-05-23 21:35:00+02:00,15.8,15.8,16.2,11.6,76.0,25.1,83.0,1.1,0.0,0.0,0.0,0.0,0.0,25.0,68.6,124.7,0.4,1.8,305.0,1006.6,1006.6,2.7,5.2
2024-05-23 21:40:00+02:00,15.7,15.7,16.3,11.8,77.0,25.0,83.0,0.7,0.0,0.0,0.0,0.0,0.0,25.0,68.6,124.7,0.0,0.0,258.0,1006.7,1006.7,2.7,5.2
2024-05-23 21:45:00+02:00,15.5,15.5,16.1,11.8,78.0,24.9,83.0,0.4,0.0,0.0,0.0,0.0,0.0,25.0,68.6,124.7,0.0,0.0,106.0,1006.9,1006.9,2.7,5.2
2024-05-23 21:50:00+02:00,15.2,15.2,15.7,11.7,80.0,24.8,83.0,0.2,0.0,0.0,0.0,0.0,0.0,25.0,68.6,124.7,0.4,2.5,113.0,1006.8,1006.8,2.7,5.2
2024-05-23 21:55:00+02:00,15.0,15.0,15.1,11.6,81.0,24.8,83.0,0.1,0.0,0.0,0.0,0.0,0.0,25.0,68.6,124.7,2.2,2.9,132.0,1007.0,1007.0,2.7,5.1
2024-05-23 22:00:00+02:00,14.8,14.8,15.0,11.7,82.0,24.7,83.0,0.0,0.0,0.0,0.0,0.0,0.0,25.0,68.6,124.7,1.9,2.9,122.0,1007.0,1007.0,2.7,5.1
2024-05-23 22:05:00+02:00,14.6,14.6,15.1,11.6,82.0,24.5,83.0,0.0,0.0,0.0,0.0,0.0,0.0,25.0,68.6,124.7,0.0,2.5,135.0,1007.1,1007.1,2.7,5.1
2024-05-23 22:10:00+02:00,14.4,14.4,14.6,11.6,83.0,24.4,82.0,0.0,0.0,0.0,0.0,0.0,0.0,25.0,68.6,124.7,1.5,2.5,117.0,1007.1,1007.1,2.7,5.1
2024-05-23 22:15:00+02:00,14.3,14.3,14.3,11.6,84.0,24.3,82.0,0.0,0.0,0.0,0.0,0.0,0.0,25.0,68.6,124.7,2.5,3.2,111.0,1007.3,1007.3,2.7,5.1
2024-05-23 22:20:00+02:00,14.3,14.3,14.7,11.8,85.0,24.2,82.0,0.0,0.0,0.0,0.0,0.0,0.0,25.0,68.6,124.7,0.4,3.2,100.0,1007.3,1007.3,2.7,5.1
2024-05-23 22:25:00+02:00,14.0,14.0,14.4,11.8,86.0,24.1,82.0,0.0,0.0,0.0,0.0,0.0,0.0,25.0,68.6,124.7,0.9,2.9,109.0,1007.2,1007.2,2.7,5.1
2024-05-23 22:30:00+02:00,14.0,14.0,14.0,11.7,86.0,24.0,82.0,0.0,0.0,0.0,0.0,0.0,0.0,25.0,68.6,124.7,2.5,3.2,103.0,1007.3,1007.3,2.7,5.1
2024-05-23 22:35:00+02:00,13.9,13.9,14.1,11.8,87.0,23.8,82.0,0.0,0.0,0.0,0.0,0.0,0.0,25.0,68.6,124.7,1.8,3.6,106.0,1007.4,1007.4,2.7,5.1
2024-05-23 22:40:00+02:00,13.8,13.8,14.2,11.8,88.0,23.8,82.0,0.0,0.0,0.0,0.0,0.0,0.0,25.0,68.6,124.7,0.8,2.5,110.0,1007.4,1007.4,2.7,5.1
2024-05-23 22:45:00+02:00,13.7,13.7,13.9,11.7,88.0,23.7,82.0,0.0,0.0,0.0,0.0,0.0,0.0,25.0,68.6,124.7,1.4,2.9,116.0,1007.4,1007.4,2.7,5.1
2024-05-23 22:50:00+02:00,13.6,13.6,13.7,11.7,88.0,23.6,82.0,0.0,0.0,0.0,0.0,0.0,0.0,25.0,68.6,124.7,2.0,3.2,107.0,1007.5,1007.5,2.7,5.1
2024-05-23 22:55:00+02:00,13.5,13.5,13.6,11.7,89.0,23.4,82.0,0.0,0.0,0.0,0.0,0.0,0.0,25.0,68.6,124.7,2.5,3.6,114.0,1007.6,1007.6,2.7,5.1
2024-05-23 23:00:00+02:00,13.4,13.4,13.4,11.6,89.0,23.3,82.0,0.0,0.0,0.0,0.0,0.0,0.0,25.0,68.6,124.7,2.5,3.6,116.0,1007.5,1007.5,2.7,5.1
2024-05-23 23:05:00+02:00,13.3,13.3,13.3,11.6,89.0,23.2,82.0,0.0,0.0,0.0,0.0,0.0,0.0,25.0,68.6,124.7,2.7,3.6,116.0,1007.5,1007.5,2.7,5.1
2024-05-23 23:10:00+02:00,13.3,13.3,13.5,11.7,90.0,23.1,82.0,0.0,0.0,0.0,0.0,0.0,0.0,25.0,68.6,124.7,2.2,3.2,113.0,1007.6,1007.6,2.7,5.1
2024-05-23 23:15:00+02:00,13.2,13.2,13.4,11.6,90.0,23.0,82.0,0.0,0.0,0.0,0.0,0.0,0.0,25.0,68.6,124.7,1.6,2.9,126.0,1007.5,1007.5,2.7,5.1
2024-05-23 23:20:00+02:00,13.1,13.1,13.3,11.5,90.0,22.8,82.0,0.0,0.0,0.0,0.0,0.0,0.0,25.0,68.6,124.7,1.6,2.9,119.0,1007.5,1007.5,2.7,5.1
2024-05-23 23:25:00+02:00,13.1,13.1,13.1,11.5,90.0,22.8,82.0,0.0,0.0,0.0,0.0,0.0,0.0,25.0,68.6,124.7,2.2,2.9,119.0,1007.5,1007.5,2.7,5.1
2024-05-23 23:30:00+02:00,13.0,13.0,13.1,11.6,91.0,22.7,82.0,0.0,0.0,0.0,0.0,0.0,0.0,25.0,68.6,124.7,2.5,3.2,117.0,1007.6,1007.6,2.7,5.1
2024-05-23 23:35:00+02:00,13.0,13.0,13.0,11.5,91.0,22.6,82.0,0.0,0.0,0.0,0.0,0.0,0.0,25.0,68.6,124.7,2.6,3.6,116.0,1007.5,1007.5,2.7,5.1
2024-05-23 23:40:00+02:00,13.0,13.0,13.0,11.5,91.0,22.4,82.0,0.0,0.0,0.0,0.0,0.0,0.0,25.0,68.6,124.7,2.4,3.2,119.0,1007.4,1007.4,2.7,5.1
2024-05-23 23:45:00+02:00,12.9,12.9,13.2,11.6,92.0,22.3,82.0,0.0,0.0,0.0,0.0,0.0,0.0,25.0,68.6,124.7,1.2,2.9,121.0,1007.6,1007.6,2.7,5.0
2024-05-23 23:50:00+02:00,12.8,12.8,12.9,11.5,92.0,22.2,82.0,0.0,0.0,0.0,0.0,0.0,0.0,25.0,68.6,124.7,2.1,2.9,118.0,1007.5,1007.5,2.7,5.0
2024-05-23 23:55:00+02:00,12.9,12.9,12.8,11.6,92.0,22.2,82.0,0.0,0.0,0.0,0.0,0.0,0.0,25.0,68.6,124.7,2.9,3.6,110.0,1007.6,1007.6,2.7,5.0
2024-05-24 00:00:00+02:00,12.9,12.9,12.9,11.6,92.0,22.1,82.0,0.0,0.0,0.0,0.0,0.0,0.0,25.0,68.6,124.7,2.7,3.6,117.0,1007.5,1007.5,2.7,5.0
2024-05-24 00:05:00+02:00,12.8,12.8,13.1,11.5,92.0,22.0,82.0,0.0,0.0,0.0,0.0,0.0,0.0,25.0,68.6,124.7,1.2,2.9,122.0,1007.5,1007.5,2.7,5.0
2024-05-24 00:10:00+02:00,12.8,12.8,13.0,11.5,92.0,21.9,82.0,0.0,0.0,0.0,0.0,0.0,0.0,25.0,68.6,124.7,1.4,2.9,115.0,1007.5,1007.5,2.7,5.0
2024-05-24 00:15:00+02:00,12.7,12.7,13.0,11.4,92.0,21.8,82.0,0.0,0.0,0.0,0.0,0.0,0.0,25.0,68.6,124.7,0.4,2.2,114.0,1007.6,1007.6,2.7,5.0
2024-05-24 00:20:00+02:00,12.7,12.7,13.2,11.6,93.0,21.7,82.0,0.0,0.0,0.0,0.0,0.0,0.0,25.0,68.6,124.7,0.0,0.0,107.0,1007.6,1007.6,2.7,5.0
2024-05-24 00:25:00+02:00,12.7,12.7,12.7,11.6,93.0,21.7,82.0,0.0,0.0,0.0,0.0,0.0,0.0,25.0,68.6,124.7,2.8,4.3,120.0,1007.7,1007.7,2.7,5.0
2024-05-24 00:30:00+02:00,12.9,12.9,12.7,11.7,93.0,21.6,82.0,0.0,0.0,0.0,0.0,0.0,0.0,25.0,68.6,124.7,3.7,4.7,115.0,1007.6,1007.6,2.7,5.0
2024-05-24 00:35:00+02:00,13.0,13.0,13.2,11.7,92.0,21.5,82.0,0.0,0.0,0.0,0.0,0.0,0.0,25.0,68.6,124.7,1.5,4.3,119.0,1007.6,1007.6,2.7,5.0
2024-05-24 00:40:00+02:00,13.0,13.0,13.4,11.8,92.0,21.4,83.0,0.0,0.0,0.0,0.0,0.0,0.0,25.0,68.6,124.7,0.7,2.9,108.0,1007.8,1007.8,2.7,5.0
2024-05-24 00:45:00+02:00,13.1,13.1,13.4,12.0,93.0,21.3,82.0,0.0,0.0,0.0,0.0,0.0,0.0,25.0,68.6,124.7,1.7,3.2,114.0,1007.6,1007.6,2.7,5.0
2024-05-24 00:50:00+02:00,13.3,13.3,13.4,12.0,92.0,21.3,83.0,0.0,0.0,0.0,0.0,0.0,0.0,25.0,68.6,124.7,2.4,3.2,113.0,1007.7,1007.7,2.7,5.0
2024-05-24 00:55:00+02:00,13.4,13.4,13.7,12.1,92.0,21.2,83.0,0.0,0.0,0.0,0.0,0.0,0.0,25.0,68.6,124.7,2.1,2.9,117.0,1007.6,1007.6,2.7,5.0
2024-05-24 01:00:00+02:00,13.5,13.5,14.0,12.1,92.0,21.2,83.0,0.0,0.0,0.0,0.0,0.0,0.0,25.0,68.6,124.7,0.5,2.9,125.0,1007.6,1007.6,2.7,5.0
2024-05-24 01:05:00+02:00,13.6,13.6,14.3,12.2,91.0,21.1,83.0,0.0,0.0,0.0,0.0,0.0,0.0,25.0,68.6,124.7,0.0,0.0,149.0,1007.8,1007.8,2.7,5.0
2024-05-24 01:10:00+02:00,13.5,13.5,14.1,12.2,92.0,21.1,83.0,0.0,0.0,0.0,0.0,0.0,0.0,25.0,68.6,124.7,0.4,2.2,87.0,1007.7,1007.7,2.7,5.0
2024-05-24 01:15:00+02:00,13.6,13.6,14.3,12.3,92.0,21.0,83.0,0.0,0.0,0.0,0.0,0.0,0.0,25.0,68.6,124.7,0.0,1.8,103.0,1007.8,1007.8,2.7,5.0
2024-05-24 01:20:00+02:00,13.7,13.7,14.4,12.3,91.0,21.0,83.0,0.0,0.0,0.0,0.0,0.0,0.0,25.0,68.6,124.7,0.0,0.0,103.0,1007.7,1007.7,2.7,5.0
2024-05-24 01:25:00+02:00,13.8,13.8,14.5,12.3,91.0,20.9,83.0,0.0,0.0,0.0,0.0,0.0,0.0,25.0,68.6,124.7,0.0,0.0,103.0,1007.8,1007.8,2.7,5.0
2024-05-24 01:30:00+02:00,13.8,13.8,14.5,12.3,91.0,20.9,83.0,0.0,0.0,0.0,0.0,0.0,0.0,25.0,68.6,124.7,0.0,1.8,113.0,1007.8,1007.8,2.7,5.0
2024-05-24 01:35:00+02:00,13.7,13.7,14.4,12.4,92.0,20.8,83.0,0.0,0.0,0.0,0.0,0.0,0.0,25.0,68.6,124.7,0.0,1.8,103.0,1007.9,1007.9,2.7,4.9
2024-05-24 01:40:00+02:00,13.7,13.7,14.4,12.4,92.0,20.8,83.0,0.0,0.0,0.0,0.0,0.0,0.0,25.0,68.6,124.7,0.0,2.2,104.0,1007.9,1007.9,2.7,4.9
2024-05-24 01:45:00+02:00,13.7,13.7,14.4,12.4,92.0,20.8,83.0,0.0,0.0,0.0,0.0,0.0,0.0,25.0,68.6,124.7,0.0,0.0,117.0,1007.8,1007.8,2.7,4.9
2024-05-24 01:50:00+02:00,13.8,13.8,14.5,12.3,91.0,20.7,83.0,0.0,0.0,0.0,0.0,0.0,0.0,25.0,68.6,124.7,0.0,0.0,87.0,1007.9,1007.9,2.7,4.9
2024-05-24 01:55:00+02:00,13.8,13.8,14.6,12.3,91.0,20.7,83.0,0.0,0.0,0.0,0.0,0.0,0.0,25.0,68.6,124.7,0.0,1.8,78.0,1007.9,1007.9,2.7,4.9
2024-05-24 02:00:00+02:00,13.9,13.9,14.6,12.2,90.0,20.7,83.0,0.0,0.0,0.0,0.0,0.0,0.0,25.0,68.6,124.7,0.0,1.8,152.0,1007.8,1007.8,2.7,4.9
2024-05-24 02:05:00+02:00,14.2,14.2,14.8,12.3,88.0,20.6,83.0,0.0,0.0,0.0,0.0,0.0,0.0,25.0,68.6,124.7,0.0,0.0,270.0,1007.8,1007.8,2.7,4.9
2024-05-24 02:10:00+02:00,14.2,14.2,15.0,12.5,89.0,20.6,83.0,0.0,0.0,0.0,0.0,0.0,0.0,25.0,68.6,124.7,0.0,1.8,312.0,1008.0,1008.0,2.7,4.9
2024-05-24 02:15:00+02:00,14.2,14.2,15.0,12.5,90.0,20.6,83.0,0.0,0.0,0.0,0.0,0.0,0.0,25.0,68.6,124.7,0.0,0.0,356.0,1007.9,1007.9,2.7,4.9
2024-05-24 02:20:00+02:00,14.0,14.0,14.8,12.4,90.0,20.5,83.0,0.0,0.0,0.0,0.0,0.0,0.0,25.0,68.6,124.7,0.0,0.0,87.0,1007.9,1007.9,2.7,4.9
2024-05-24 02:25:00+02:00,14.0,14.0,14.8,12.4,90.0,20.5,83.0,0.0,0.0,0.0,0.0,0.0,0.0,25.0,68.6,124.7,0.0,0.0,135.0,1007.9,1007.9,2.7,4.9
2024-05-24 02:30:00+02:00,14.1,14.1,14.9,12.4,89.0,20.5,83.0,0.0,0.0,0.0,0.0,0.0,0.0,25.0,68.6,124.7,0.0,0.0,135.0,1007.8,1007.8,2.7,4.9
2024-05-24 02:35:00+02:00,14.1,14.1,14.3,12.5,90.0,20.5,83.0,0.0,0.0,0.0,0.0,0.0,0.0,25.0,68.6,124.7,3.0,4.3,107.0,1007.8,1007.8,2.7,4.9
2024-05-24 02:40:00+02:00,14.1,14.1,14.3,12.8,92.0,20.4,83.0,0.0,0.0,0.0,0.0,0.0,0.0,25.0,68.6,124.7,3.0,4.3,102.0,1007.7,1007.7,2.7,4.9
2024-05-24 02:45:00+02:00,14.0,14.0,14.2,12.7,92.0,20.4,83.0,0.0,0.0,0.0,0.0,0.0,0.0,25.0,68.6,124.7,3.3,4.0,110.0,1007.8,1007.8,2.7,4.9
2024-05-24 02:50:00+02:00,13.9,13.9,14.5,12.7,92.0,20.4,83.0,0.0,0.0,0.0,0.0,0.0,0.0,25.0,68.6,124.7,1.4,3.6,116.0,1007.6,1007.6,2.7,4.9
2024-05-24 02:55:00+02:00,13.9,13.9,14.6,12.6,92.0,20.3,83.0,0.0,0.0,0.0,0.0,0.0,0.0,25.0,68.6,124.7,0.4,2.5,99.0,1007.7,1007.7,2.7,4.9
2024-05-24 03:00:00+02:00,13.8,13.8,14.6,12.5,92.0,20.3,83.0,0.0,0.0,0.0,0.0,0.0,0.0,25.0,68.6,124.7,0.0,1.8,77.0,1007.7,1007.7,2.7,4.9
2024-05-24 03:05:00+02:00,13.8,13.8,14.7,12.6,92.0,20.3,83.0,0.0,0.0,0.0,0.0,0.0,0.0,25.0,68.6,124.7,0.0,1.8,83.0,1007.6,1007.6,2.7,4.9
2024-05-24 03:10:00+02:00,13.8,13.8,14.5,12.5,92.0,20.3,83.0,0.0,0.0,0.0,0.0,0.0,0.0,25.0,68.6,124.7,0.4,2.5,107.0,1007.7,1007.7,2.7,4.9
2024-05-24 03:15:00+02:00,13.8,13.8,14.6,12.5,92.0,20.2,83.0,0.0,0.0,0.0,0.0,0.0,0.0,25.0,68.6,124.7,0.0,2.2,302.0,1007.7,1007.7,2.7,4.9
2024-05-24 03:20:00+02:00,13.7,13.7,14.4,12.3,91.0,20.2,83.0,0.0,0.0,0.0,0.0,0.0,0.0,25.0,68.6,124.7,0.0,1.8,106.0,1007.8,1007.8,2.7,4.9
2024-05-24 03:25:00+02:00,13.7,13.7,14.2,12.4,92.0,20.2,83.0,0.0,0.0,0.0,0.0,0.0,0.0,25.0,68.6,124.7,1.4,2.5,100.0,1007.6,1007.6,2.7,4.8
2024-05-24 03:30:00+02:00,13.8,13.8,14.2,12.7,93.0,20.2,83.0,0.0,0.0,0.0,0.0,0.0,0.0,25.0,68.6,124.7,2.5,3.6,109.0,1007.6,1007.6,2.7,4.8
2024-05-24 03:35:00+02:00,13.8,13.8,14.3,12.6,93.0,20.1,83.0,0.0,0.0,0.0,0.0,0.0,0.0,25.0,68.6,124.7,1.3,3.2,106.0,1007.7,1007.7,2.7,4.8
2024-05-24 03:40:00+02:00,13.7,13.7,14.5,12.6,93.0,20.1,83.0,0.0,0.0,0.0,0.0,0.0,0.0,25.0,68.6,124.7,0.0,2.5,319.0,1007.7,1007.7,2.7,4.8
2024-05-24 03:45:00+02:00,13.6,13.6,14.4,12.5,93.0,20.1,83.0,0.0,0.0,0.0,0.0,0.0,0.0,25.0,68.6,124.7,0.0,1.8,34.0,1007.8,1007.8,2.7,4.8
2024-05-24 03:50:00+02:00,13.7,13.7,14.5,12.4,92.0,20.0,83.0,0.0,0.0,0.0,0.0,0.0,0.0,25.0,68.6,124.7,0.0,2.2,39.0,1007.9,1007.9,2.7,4.8
2024-05-24 03:55:00+02:00,13.8,13.8,14.4,12.4,92.0,20.0,83.0,0.0,0.0,0.0,0.0,0.0,0.0,25.0,68.6,124.7,0.7,2.9,64.0,1007.8,1007.8,2.7,4.8
2024-05-24 04:00:00+02:00,13.6,13.6,14.2,12.3,92.0,20.0,83.0,0.0,0.0,0.0,0.0,0.0,0.0,25.0,68.6,124.7,0.5,2.2,122.0,1007.9,1007.9,2.7,4.8
2024-05-24 04:05:00+02:00,13.5,13.5,14.2,12.4,93.0,20.0,83.0,0.0,0.0,0.0,0.0,0.0,0.0,25.0,68.6,124.7,0.6,3.2,305.0,1007.8,1007.8,2.7,4.8
2024-05-24 04:10:00+02:00,13.4,13.4,14.1,12.3,93.0,19.9,83.0,0.0,0.0,0.0,0.0,0.0,0.0,25.0,68.6,124.7,0.0,2.5,33.0,1007.7,1007.7,2.7,4.8
2024-05-24 04:15:00+02:00,13.4,13.4,14.0,12.3,93.0,19.9,83.0,0.0,0.0,0.0,0.0,0.0,0.0,25.0,68.6,124.7,0.7,2.5,18.0,1007.6,1007.6,2.7,4.8
2024-05-24 04:20:00+02:00,13.3,13.3,13.7,12.2,93.0,19.9,83.0,0.0,0.0,0.0,0.0,0.0,0.0,25.0,68.6,124.7,1.7,2.9,122.0,1007.7,1007.7,2.7,4.8
2024-05-24 04:25:00+02:00,13.2,13.2,13.4,12.3,94.0,19.8,83.0,0.0,0.0,0.0,0.0,0.0,0.0,25.0,68.6,124.7,2.6,4.0,120.0,1007.7,1007.7,2.7,4.8
2024-05-24 04:30:00+02:00,13.2,13.2,13.6,12.2,94.0,19.8,83.0,0.0,0.0,0.0,0.0,0.0,0.0,25.0,68.6,124.7,1.4,3.6,122.0,1007.7,1007.7,2.7,4.8
2024-05-24 04:35:00+02:00,13.0,13.0,13.5,12.1,94.0,19.8,83.0,0.0,0.0,0.0,0.0,0.0,0.0,25.0,68.6,124.7,0.4,2.2,39.0,1007.8,1007.8,2.7,4.8
2024-05-24 04:40:00+02:00,12.9,12.9,13.3,12.0,94.0,19.7,83.0,0.0,0.0,0.0,0.0,0.0,0.0,25.0,68.6,124.7,1.5,2.5,128.0,1007.7,1007.7,2.7,4.8
2024-05-24 04:45:00+02:00,12.8,12.8,13.3,12.0,95.0,19.7,83.0,0.0,0.0,0.0,0.0,0.0,0.0,25.0,68.6,124.7,0.8,2.5,117.0,1007.8,1007.8,2.7,4.8
2024-05-24 04:50:00+02:00,12.8,12.8,13.1,12.0,95.0,19.7,83.0,0.0,0.0,0.0,0.0,0.0,0.0,25.0,68.6,124.7,2.0,3.2,115.0,1007.7,1007.7,2.7,4.8
2024-05-24 04:55:00+02:00,12.8,12.8,12.8,12.0,95.0,19.6,83.0,0.1,0.0,0.0,0.0,0.0,0.0,25.0,68.6,124.7,3.3,4.0,111.0,1007.7,1007.7,2.7,4.8
2024-05-24 05:00:00+02:00,12.7,12.7,12.7,12.0,95.0,19.6,83.0,0.2,0.0,0.0,0.0,0.0,0.0,25.0,68.6,124.7,3.0,4.3,113.0,1007.6,1007.6,2.7,4.8
2024-05-24 05:05:00+02:00,12.7,12.7,13.0,11.9,95.0,19.6,83.0,0.2,0.0,0.0,0.0,0.0,0.0,25.0,68.6,124.7,1.2,3.2,117.0,1007.6,1007.6,2.7,4.8
2024-05-24 05:10:00+02:00,12.7,12.7,13.3,11.9,95.0,19.5,83.0,0.5,0.0,0.0,0.0,0.0,0.0,25.0,68.6,124.7,0.0,0.0,341.0,1007.6,1007.6,2.7,4.8
2024-05-24 05:15:00+02:00,12.7,12.7,13.3,11.9,95.0,19.5,83.0,0.9,0.0,0.0,0.0,0.0,0.0,25.0,68.6,124.7,0.0,1.8,330.0,1007.7,1007.7,2.7,4.7
2024-05-24 05:20:00+02:00,12.6,12.6,13.1,11.8,95.0,19.5,83.0,1.5,0.0,0.0,0.0,0.0,0.0,25.0,68.6,124.7,0.0,1.8,123.0,1007.7,1007.7,2.7,4.7
2024-05-24 05:25:00+02:00,12.5,12.5,13.0,11.7,95.0,19.4,83.0,2.2,0.0,0.0,0.0,0.0,0.0,25.0,68.6,124.7,0.4,2.2,76.0,1007.7,1007.7,2.7,4.7
2024-05-24 05:30:00+02:00,12.5,12.5,12.9,11.9,96.0,19.4,83.0,3.2,0.0,0.0,0.0,0.0,0.0,25.0,68.6,124.7,1.4,3.2,112.0,1007.7,1007.7,2.7,4.7
2024-05-24 05:35:00+02:00,12.5,12.5,13.0,11.8,96.0,19.4,83.0,4.5,0.0,0.0,0.0,0.0,0.0,25.0,68.6,124.7,0.0,2.5,72.0,1007.7,1007.7,2.7,4.7
2024-05-24 05:40:00+02:00,12.7,12.7,13.2,12.0,96.0,19.3,83.0,5.5,0.0,0.0,0.0,0.0,0.0,25.0,68.6,124.7,0.4,2.5,104.0,1007.7,1007.7,2.7,4.7
2024-05-24 05:45:00+02:00,12.7,12.7,12.9,11.9,95.0,19.3,83.0,6.1,0.0,0.0,0.0,0.0,0.0,25.0,68.6,124.7,1.8,3.2,117.0,1007.7,1007.7,2.7,4.7
2024-05-24 05:50:00+02:00,12.6,12.6,13.2,11.9,96.0,19.3,83.0,7.7,0.0,0.0,0.0,0.0,0.0,25.0,68.6,124.7,0.0,2.5,121.0,1007.8,1007.8,2.7,4.7
2024-05-24 05:55:00+02:00,12.6,12.6,13.2,12.0,96.0,19.2,83.0,8.8,0.0,0.0,0.0,0.0,0.0,25.0,68.6,124.7,0.0,1.8,257.0,1007.9,1007.9,2.7,4.7
2024-05-24 06:00:00+02:00,12.6,12.6,13.2,12.0,96.0,19.2,83.0,10.3,0.0,0.0,0.0,0.0,0.0,25.0,68.6,124.7,0.0,1.8,61.0,1007.8,1007.8,2.7,4.7
2024-05-24 06:05:00+02:00,12.7,12.7,13.1,11.9,95.0,19.2,83.0,12.1,0.0,0.0,0.0,0.0,0.0,25.0,68.6,124.7,0.8,2.9,88.0,1007.8,1007.8,2.7,4.7
2024-05-24 06:10:00+02:00,12.7,12.7,12.8,11.9,95.0,19.2,83.0,13.6,0.0,0.0,0.0,0.0,0.0,25.0,68.6,124.7,1.9,3.2,116.0,1007.8,1007.8,2.7,4.7
2024-05-24 06:15:00+02:00,12.6,12.6,13.1,12.0,96.0,19.2,83.0,15.2,0.0,0.0,0.0,0.0,0.0,25.0,68.6,124.7,0.4,3.2,103.0,1007.9,1007.9,2.7,4.7
2024-05-24 06:20:00+02:00,12.6,12.6,13.2,12.0,96.0,19.1,83.0,15.7,0.0,0.0,0.0,0.0,0.0,25.0,68.6,124.7,0.0,2.5,181.0,1007.9,1007.9,2.7,4.7
2024-05-24 06:25:00+02:00,12.6,12.6,13.1,12.0,96.0,19.1,83.0,16.3,0.0,0.0,0.0,0.0,0.0,25.0,68.6,124.7,0.4,2.5,129.0,1007.9,1007.9,2.7,4.7
2024-05-24 06:30:00+02:00,12.6,12.6,13.0,12.0,96.0,19.1,83.0,17.6,0.0,0.0,0.0,0.0,0.0,25.0,68.6,124.7,0.9,2.5,129.0,1007.9,1007.9,2.7,4.7
2024-05-24 06:35:00+02:00,12.6,12.6,12.9,12.0,96.0,19.1,83.0,18.1,0.0,0.0,0.0,0.0,0.0,25.0,68.6,124.7,1.8,2.9,120.0,1007.9,1007.9,2.7,4.7
2024-05-24 06:40:00+02:00,12.7,12.7,13.3,12.1,96.0,19.0,83.0,19.9,0.0,0.0,0.0,0.0,0.0,25.0,68.6,124.7,0.4,2.9,109.0,1007.9,1007.9,2.7,4.7
2024-05-24 06:45:00+02:00,12.7,12.7,13.1,12.1,96.0,19.0,84.0,19.9,0.0,0.0,0.0,0.0,0.0,25.0,68.6,124.7,1.3,2.9,122.0,1008.0,1008.0,2.7,4.7
2024-05-24 06:50:00+02:00,12.8,12.8,13.1,12.2,96.0,19.0,84.0,19.0,0.0,0.0,0.0,0.0,0.0,25.0,68.6,124.7,1.8,3.2,117.0,1008.0,1008.0,2.7,4.7
2024-05-24 06:55:00+02:00,12.8,12.8,13.1,12.2,96.0,19.0,83.0,19.6,0.0,0.0,0.0,0.0,0.0,25.0,68.6,124.7,1.9,3.2,120.0,1008.0,1008.0,2.7,4.7
2024-05-24 07:00:00+02:00,12.8,12.8,13.5,12.2,96.0,19.0,84.0,20.8,0.0,0.0,0.0,0.0,0.0,25.0,68.6,124.7,0.0,2.5,116.0,1008.0,1008.0,2.7,4.7
2024-05-24 07:05:00+02:00,13.0,13.0,13.7,12.3,96.0,18.9,84.0,22.0,0.0,0.0,0.0,0.0,0.0,25.0,68.6,124.7,0.0,1.8,68.0,1008.0,1008.0,2.7,4.7
2024-05-24 07:10:00+02:00,13.2,13.2,13.9,12.5,96.0,18.9,84.0,24.8,0.0,0.0,0.0,0.0,0.0,25.0,68.6,124.7,0.4,2.2,47.0,1008.0,1008.0,2.7,4.7
2024-05-24 07:15:00+02:00,13.5,13.5,14.2,12.5,94.0,18.9,84.0,29.8,0.0,0.0,0.0,0.0,0.0,25.0,68.6,124.7,0.4,3.6,84.0,1008.0,1008.0,2.7,4.7
2024-05-24 07:20:00+02:00,13.6,13.6,14.1,12.6,93.0,18.9,84.0,33.9,0.0,0.0,0.0,0.0,0.0,25.0,68.6,124.7,1.3,3.6,38.0,1008.1,1008.1,2.7,4.7
2024-05-24 07:25:00+02:00,13.8,13.8,14.4,12.6,92.0,18.9,84.0,37.9,0.0,0.0,0.0,0.0,0.0,25.0,68.6,124.7,1.2,3.2,17.0,1008.1,1008.1,2.7,4.7
2024-05-24 07:30:00+02:00,14.0,14.0,14.8,12.6,91.0,18.9,84.0,38.3,0.0,0.0,0.0,0.0,0.0,25.0,68.6,124.7,0.0,2.9,14.0,1008.0,1008.0,2.7,4.7
2024-05-24 07:35:00+02:00,14.1,14.1,14.9,12.7,91.0,18.9,84.0,39.1,0.0,0.0,0.0,0.0,0.0,25.0,68.6,124.7,0.4,2.2,118.0,1008.0,1008.0,2.7,4.7
2024-05-24 07:40:00+02:00,14.2,14.2,15.1,12.8,91.0,19.0,84.0,43.6,0.0,0.0,0.0,0.0,0.0,25.0,68.6,124.7,0.0,2.5,147.0,1008.0,1008.0,2.7,4.7
2024-05-24 07:45:00+02:00,14.3,14.3,15.2,12.9,91.0,18.9,84.0,50.9,0.0,0.6,0.1,0.1,0.1,25.1,68.7,124.8,0.0,2.5,70.0,1008.0,1008.0,2.7,4.7
2024-05-24 07:50:00+02:00,14.5,14.5,15.3,12.8,90.0,19.0,84.0,62.6,0.0,0.6,0.1,0.1,0.1,25.1,68.7,124.8,0.0,3.6,219.0,1007.9,1007.9,2.7,4.7
2024-05-24 07:55:00+02:00,14.7,14.7,15.5,13.0,90.0,19.0,84.0,76.1,0.0,0.6,0.1,0.1,0.1,25.1,68.7,124.8,0.4,3.6,247.0,1008.1,1008.1,2.7,4.7
2024-05-24 08:00:00+02:00,14.7,14.7,15.4,13.0,89.0,19.0,84.0,78.8,0.0,0.0,0.1,0.1,0.1,25.1,68.7,124.8,1.2,2.5,242.0,1008.1,1008.1,2.7,4.7
2024-05-24 08:05:00+02:00,14.8,14.8,15.7,13.1,89.0,19.0,84.0,76.9,0.0,0.0,0.1,0.1,0.1,25.1,68.7,124.8,0.5,2.9,9.0,1008.0,1008.0,2.7,4.7
2024-05-24 08:10:00+02:00,15.0,15.0,15.8,13.1,88.0,19.0,85.0,67.7,0.0,0.0,0.1,0.1,0.1,25.1,68.7,124.8,1.1,3.6,357.0,1008.0,1008.0,2.7,4.7
2024-05-24 08:15:00+02:00,15.1,15.1,15.7,12.9,87.0,19.1,85.0,52.5,0.0,0.0,0.1,0.1,0.1,25.1,68.7,124.8,1.4,5.0,9.0,1008.1,1008.1,2.7,4.7
2024-05-24 08:20:00+02:00,15.2,15.2,16.0,13.0,87.0,19.1,85.0,52.8,0.0,0.0,0.1,0.1,0.1,25.1,68.7,124.8,0.8,4.3,118.0,1008.2,1008.2,2.7,4.7
2024-05-24 08:25:00+02:00,15.3,15.3,15.9,13.0,87.0,19.1,85.0,62.3,0.0,0.0,0.1,0.1,0.1,25.1,68.7,124.8,1.5,4.3,79.0,1008.3,1008.3,2.7,4.7
2024-05-24 08:30:00+02:00,15.3,15.3,15.9,12.9,86.0,19.2,85.0,72.1,0.0,0.0,0.1,0.1,0.1,25.1,68.7,124.8,1.7,6.8,90.0,1008.3,1008.3,2.7,4.7
2024-05-24 08:35:00+02:00,15.4,15.4,15.7,13.0,86.0,19.2,85.0,74.3,0.0,0.0,0.1,0.1,0.1,25.1,68.7,124.8,3.1,5.8,81.0,1008.4,1008.4,2.7,4.8
2024-05-24 08:40:00+02:00,15.4,15.4,15.8,13.1,86.0,19.2,85.0,70.6,0.0,0.0,0.1,0.1,0.1,25.1,68.7,124.8,3.0,6.5,77.0,1008.5,1008.5,2.7,4.8
2024-05-24 08:45:00+02:00,15.2,15.2,15.2,13.2,88.0,19.2,85.0,68.8,0.0,0.0,0.1,0.1,0.0,25.1,68.7,124.8,5.5,7.6,127.0,1008.6,1008.6,2.7,4.8
2024-05-24 08:50:00+02:00,15.1,15.1,15.3,13.3,89.0,19.2,85.0,59.8,0.0,0.0,0.1,0.1,0.0,25.1,68.7,124.8,4.0,13.3,97.0,1008.6,1008.6,2.7,4.8
2024-05-24 08:55:00+02:00,14.8,14.8,14.9,13.2,90.0,19.3,85.0,51.1,0.0,0.6,0.2,0.2,0.1,25.2,68.8,124.9,5.0,10.4,130.0,1008.8,1008.8,2.7,4.8
2024-05-24 09:00:00+02:00,14.7,14.7,14.5,13.2,90.0,19.3,85.0,60.8,0.0,1.2,0.3,0.3,0.2,25.3,68.9,125.0,6.0,9.4,112.0,1008.8,1008.8,2.7,4.8
2024-05-24 09:05:00+02:00,14.6,14.6,14.6,13.1,91.0,19.3,85.0,59.0,0.0,1.2,0.3,0.3,0.2,25.3,68.9,125.0,5.0,12.2,122.0,1008.9,1008.9,2.7,4.8
2024-05-24 09:10:00+02:00,14.4,14.4,13.9,12.8,90.0,19.3,85.0,48.8,0.0,0.6,0.3,0.3,0.2,25.3,68.9,125.0,7.1,12.2,135.0,1008.9,1008.9,2.7,4.8
2024-05-24 09:15:00+02:00,14.3,14.3,14.5,12.9,91.0,19.3,85.0,40.6,0.0,0.0,0.3,0.3,0.2,25.3,68.9,125.0,3.6,6.5,115.0,1008.9,1008.9,2.7,4.8
2024-05-24 09:20:00+02:00,14.3,14.3,14.5,12.9,91.0,19.3,85.0,39.9,0.0,0.0,0.3,0.3,0.2,25.3,68.9,125.0,3.7,6.1,129.0,1008.9,1008.9,2.7,4.8
2024-05-24 09:25:00+02:00,14.4,14.4,14.3,13.1,92.0,19.4,85.0,39.9,0.0,0.6,0.4,0.4,0.3,25.4,69.0,125.1,5.2,6.5,119.0,1008.9,1008.9,2.7,4.8
2024-05-24 09:30:00+02:00,14.3,14.3,14.5,13.0,92.0,19.4,85.0,41.5,0.0,0.6,0.4,0.4,0.3,25.4,69.0,125.1,4.0,6.5,118.0,1009.0,1009.0,2.7,4.8
2024-05-24 09:35:00+02:00,14.3,14.3,14.9,13.0,92.0,19.4,85.0,51.7,0.0,0.6,0.5,0.5,0.4,25.5,69.1,125.2,1.5,6.8,125.0,1009.0,1009.0,2.7,4.7
2024-05-24 09:45:00+02:00,14.4,14.4,14.9,13.1,92.0,19.4,85.0,54.3,0.0,1.2,0.8,0.8,0.7,25.8,69.4,125.5,2.2,5.4,105.0,1009.0,1009.0,2.7,4.7
2024-05-24 09:50:00+02:00,14.3,14.3,14.8,13.1,92.0,19.4,85.0,54.5,0.0,2.4,1.0,1.0,0.9,26.0,69.6,125.7,2.6,5.4,129.0,1009.2,1009.2,2.7,4.7
2024-05-24 09:55:00+02:00,14.3,14.3,14.8,13.1,92.0,19.4,85.0,51.7,0.0,3.0,1.2,1.2,1.0,26.2,69.8,125.9,2.8,6.1,130.0,1009.2,1009.2,2.7,4.7
2024-05-24 10:00:00+02:00,14.3,14.3,14.5,13.1,93.0,19.4,85.0,46.2,0.0,3.0,1.5,1.5,1.2,26.5,70.1,126.2,4.0,7.6,129.0,1009.2,1009.2,2.7,4.7
2024-05-24 10:05:00+02:00,14.2,14.2,15.0,13.1,93.0,19.4,85.0,44.5,0.0,3.6,1.8,1.8,1.5,26.8,70.4,126.5,1.1,4.7,107.0,1009.1,1009.1,2.7,4.7
2024-05-24 10:10:00+02:00,14.2,14.2,15.2,13.3,94.0,19.4,85.0,51.1,0.0,4.2,2.2,2.2,1.9,27.2,70.8,126.9,0.4,2.5,79.0,1009.1,1009.1,2.7,4.7
2024-05-24 10:15:00+02:00,14.3,14.3,15.2,13.3,94.0,19.4,85.0,55.5,0.0,4.2,2.5,2.5,2.2,27.5,71.1,127.2,0.4,2.2,74.0,1009.2,1009.2,2.7,4.7
2024-05-24 10:20:00+02:00,14.2,14.2,15.0,13.3,94.0,19.4,85.0,56.1,0.0,3.6,2.7,2.7,2.4,27.7,71.3,127.4,1.3,2.9,129.0,1009.1,1009.1,2.7,4.7
2024-05-24 10:25:00+02:00,14.3,14.3,15.3,13.3,94.0,19.4,85.0,52.2,0.0,3.0,2.9,2.9,2.5,27.9,71.5,127.6,0.0,2.2,109.0,1009.0,1009.0,2.7,4.7
2024-05-24 10:30:00+02:00,14.3,14.3,15.2,13.5,95.0,19.4,85.0,56.6,0.0,2.4,3.1,3.1,2.7,28.1,71.7,127.8,1.2,2.5,96.0,1009.1,1009.1,2.7,4.7
2024-05-24 10:35:00+02:00,14.2,14.2,14.9,13.5,95.0,19.4,85.0,64.1,0.0,2.4,3.3,3.3,2.7,28.3,71.9,128.0,2.2,2.5,117.0,1009.3,1009.3,2.7,4.6
2024-05-24 10:40:00+02:00,14.3,14.3,15.4,13.5,95.0,19.4,85.0,70.6,0.0,1.8,3.4,3.4,2.7,28.4,72.0,128.1,0.0,2.5,94.0,1009.3,1009.3,2.7,4.6
2024-05-24 10:45:00+02:00,14.3,14.3,15.4,13.5,95.0,19.4,85.0,72.1,0.0,1.8,3.6,3.6,2.8,28.6,72.2,128.3,0.5,2.5,289.0,1009.3,1009.3,2.7,4.6
2024-05-24 10:50:00+02:00,14.2,14.2,15.1,13.5,95.0,19.4,85.0,73.5,0.0,3.0,3.9,3.9,2.9,28.9,72.5,128.6,1.3,4.0,34.0,1009.4,1009.4,2.7,4.6
2024-05-24 10:55:00+02:00,14.3,14.3,15.1,13.5,95.0,19.4,85.0,73.6,0.0,3.0,4.0,4.0,2.8,29.0,72.6,128.7,1.3,4.0,103.0,1009.5,1009.5,2.7,4.6
2024-05-24 11:00:00+02:00,14.3,14.3,15.2,13.5,95.0,19.4,85.0,70.0,0.0,3.0,4.3,4.3,2.8,29.3,72.9,129.0,1.1,2.9,330.0,1009.5,1009.5,2.7,4.6
2024-05-24 11:05:00+02:00,14.3,14.3,14.7,13.5,95.0,19.4,85.0,59.5,0.0,4.8,4.9,4.9,3.0,29.9,73.5,129.6,3.7,7.2,271.0,1009.4,1009.4,2.7,4.6
2024-05-24 11:10:00+02:00,14.3,14.3,14.3,13.6,96.0,19.4,85.0,54.5,0.0,5.4,5.2,5.2,3.0,30.2,73.8,129.9,5.8,10.1,287.0,1009.0,1009.0,2.7,4.6
2024-05-24 11:15:00+02:00,14.2,14.2,14.4,13.6,96.0,19.4,85.0,68.0,0.0,4.8,5.4,5.4,2.9,30.4,74.0,130.1,4.4,10.1,314.0,1009.0,1009.0,2.7,4.6
2024-05-24 11:20:00+02:00,14.2,14.2,14.6,13.6,96.0,19.4,85.0,72.9,0.0,2.4,5.6,5.6,2.9,30.6,74.2,130.3,3.9,6.8,304.0,1009.0,1009.0,2.7,4.6
2024-05-24 11:25:00+02:00,14.2,14.2,14.7,13.8,97.0,19.4,85.0,84.1,0.0,2.4,5.8,5.8,2.9,30.8,74.4,130.5,3.6,9.0,313.0,1009.1,1009.1,2.7,4.6
2024-05-24 11:30:00+02:00,14.4,14.4,15.0,13.9,97.0,19.3,85.0,89.0,0.0,2.4,5.9,5.9,2.8,30.9,74.5,130.6,3.2,9.0,324.0,1009.2,1009.2,2.7,4.6
2024-05-24 11:35:00+02:00,14.4,14.4,14.9,14.0,97.0,19.3,85.0,104.4,0.0,1.8,6.1,6.1,2.8,31.1,74.7,130.8,4.3,7.9,270.0,1008.9,1008.9,2.7,4.6
2024-05-24 11:40:00+02:00,14.4,14.4,14.8,14.0,97.0,19.3,85.0,105.7,0.0,2.4,6.3,6.3,2.9,31.3,74.9,131.0,4.6,8.6,292.0,1008.8,1008.8,2.7,4.6
2024-05-24 11:45:00+02:00,14.5,14.5,14.9,14.1,97.0,19.3,85.0,118.8,1.0,3.0,6.5,6.5,2.9,31.5,75.1,131.2,4.7,7.9,285.0,1008.9,1008.9,2.7,4.6
2024-05-24 11:50:00+02:00,14.5,14.5,14.9,14.1,97.0,19.3,85.0,118.4,1.0,3.0,6.7,6.7,2.8,31.7,75.3,131.4,4.7,11.9,309.0,1008.8,1008.8,2.7,4.6
2024-05-24 11:55:00+02:00,14.5,14.5,14.7,14.0,97.0,19.3,85.0,101.0,0.0,2.4,6.7,6.7,2.6,31.7,75.3,131.4,5.5,9.4,344.0,1008.8,1008.8,2.7,4.6
2024-05-24 12:00:00+02:00,14.5,14.5,14.7,14.0,97.0,19.3,85.0,130.0,1.0,1.8,6.8,6.8,2.4,31.8,75.4,131.5,5.5,9.7,342.0,1008.7,1008.7,2.7,4.6
2024-05-24 12:05:00+02:00,14.5,14.5,14.3,14.0,97.0,19.3,85.0,145.4,1.0,1.2,6.9,6.9,2.0,31.9,75.5,131.6,7.3,13.7,337.0,1008.7,1008.7,2.7,4.6
2024-05-24 12:10:00+02:00,14.6,14.6,14.3,14.0,97.0,19.3,85.0,154.5,1.0,0.6,6.9,6.9,1.6,31.9,75.5,131.6,7.9,15.1,16.0,1008.8,1008.8,2.7,4.6
2024-05-24 12:15:00+02:00,14.6,14.6,14.6,14.0,96.0,19.3,85.0,245.5,2.0,0.6,6.9,6.9,1.5,31.9,75.5,131.6,6.5,14.4,326.0,1008.6,1008.6,2.7,4.7
2024-05-24 12:20:00+02:00,14.8,14.8,14.8,14.2,96.0,19.3,85.0,393.1,3.0,0.6,7.0,7.0,1.4,32.0,75.6,131.7,7.4,16.9,360.0,1008.6,1008.6,2.7,4.7
2024-05-24 12:25:00+02:00,15.3,15.3,16.0,14.6,95.0,19.4,85.0,654.9,6.0,0.6,7.0,7.0,1.2,32.0,75.6,131.7,3.9,11.2,351.0,1008.5,1008.5,2.7,4.7
2024-05-24 12:30:00+02:00,15.5,15.5,15.5,14.4,94.0,19.4,86.0,608.7,5.0,0.0,7.0,7.0,1.1,32.0,75.6,131.7,6.8,14.8,343.0,1008.6,1008.6,2.7,4.7
2024-05-24 12:35:00+02:00,15.8,15.8,16.5,14.6,93.0,19.5,86.0,319.5,2.0,0.0,7.0,7.0,0.9,32.0,75.6,131.7,4.4,13.7,351.0,1008.5,1008.5,2.7,4.9
2024-05-24 12:40:00+02:00,15.9,15.9,16.3,14.7,92.0,19.6,86.0,232.2,2.0,0.0,7.0,7.0,0.7,32.0,75.6,131.7,5.8,15.8,4.0,1008.6,1008.6,2.7,4.9
2024-05-24 12:45:00+02:00,15.8,15.8,16.0,14.3,91.0,19.7,86.0,171.0,1.0,0.0,7.0,7.0,0.5,32.0,75.6,131.7,6.0,15.8,6.0,1008.6,1008.6,2.7,5.0
2024-05-24 12:50:00+02:00,15.6,15.6,15.7,14.3,91.0,19.8,86.0,148.9,1.0,0.0,7.0,7.0,0.3,32.0,75.6,131.7,6.3,16.6,336.0,1008.4,1008.4,2.7,5.0
2024-05-24 12:55:00+02:00,15.6,15.6,16.1,14.4,93.0,19.8,86.0,166.4,1.0,0.0,7.0,7.0,0.3,32.0,75.6,131.7,4.7,12.6,311.0,1008.5,1008.5,2.7,5.1
2024-05-24 13:00:00+02:00,15.6,15.6,16.3,14.4,93.0,19.8,86.0,178.7,1.0,0.0,7.0,7.0,0.2,32.0,75.6,131.7,3.8,13.7,306.0,1008.5,1008.5,2.7,5.1
2024-05-24 13:05:00+02:00,15.6,15.6,16.1,14.4,92.0,20.0,86.0,265.4,2.0,0.0,7.0,7.0,0.1,32.0,75.6,131.7,4.7,11.5,357.0,1008.5,1008.5,2.7,5.1
2024-05-24 13:10:00+02:00,15.7,15.7,16.3,14.6,93.0,20.0,86.0,278.1,2.0,0.0,7.0,7.0,0.1,32.0,75.6,131.7,4.4,9.0,308.0,1008.3,1008.3,2.7,5.1
2024-05-24 13:15:00+02:00,15.7,15.7,15.9,14.5,92.0,20.0,86.0,225.7,2.0,0.0,7.0,7.0,0.1,32.0,75.6,131.7,6.6,10.8,1.0,1008.3,1008.3,2.7,5.2
2024-05-24 13:20:00+02:00,15.7,15.7,16.3,14.5,92.0,20.1,86.0,214.7,1.0,0.0,7.0,7.0,0.0,32.0,75.6,131.7,4.5,10.4,330.0,1008.2,1008.2,2.7,5.2
2024-05-24 13:25:00+02:00,15.8,15.8,16.0,14.5,92.0,20.2,86.0,272.2,2.0,0.0,7.0,7.0,0.0,32.0,75.6,131.7,6.3,11.2,340.0,1008.2,1008.2,2.7,5.2
2024-05-24 13:30:00+02:00,16.0,16.0,16.4,14.6,91.0,20.2,86.0,355.6,3.0,0.0,7.0,7.0,0.0,32.0,75.6,131.7,5.3,11.5,346.0,1008.1,1008.1,2.7,5.2
2024-05-24 13:35:00+02:00,16.0,16.0,16.2,14.4,90.0,20.3,86.0,345.8,3.0,0.0,7.0,7.0,0.0,32.0,75.6,131.7,6.6,12.2,24.0,1008.1,1008.1,2.7,5.2
2024-05-24 13:40:00+02:00,16.3,16.3,16.7,14.6,89.0,20.4,87.0,377.9,3.0,0.0,7.0,7.0,0.0,32.0,75.6,131.7,5.5,14.8,339.0,1008.0,1008.0,2.7,5.2
2024-05-24 13:45:00+02:00,16.5,16.5,16.6,14.7,89.0,20.5,87.0,301.2,2.0,0.0,7.0,7.0,0.0,32.0,75.6,131.7,7.2,15.8,2.0,1008.1,1008.1,2.7,5.2
2024-05-24 13:50:00+02:00,16.6,16.6,17.0,14.7,88.0,20.6,87.0,293.1,2.0,0.0,7.0,7.0,0.0,32.0,75.6,131.7,5.8,18.0,10.0,1007.9,1007.9,2.7,5.2
2024-05-24 13:55:00+02:00,16.5,16.5,16.8,14.5,88.0,20.7,87.0,354.3,3.0,0.0,7.0,7.0,0.0,32.0,75.6,131.7,5.8,16.2,341.0,1007.9,1007.9,2.7,5.2
2024-05-24 14:00:00+02:00,16.6,16.6,17.0,14.6,88.0,20.8,87.0,399.4,3.0,0.0,7.0,7.0,0.0,32.0,75.6,131.7,5.2,9.4,343.0,1007.8,1007.8,2.7,5.2
2024-05-24 14:05:00+02:00,17.1,17.1,18.3,15.1,88.0,20.9,87.0,334.9,3.0,0.0,7.0,7.0,0.0,32.0,75.6,131.7,2.6,7.6,19.0,1007.8,1007.8,2.7,5.2
2024-05-24 14:10:00+02:00,17.2,17.2,18.2,15.0,87.0,21.0,87.0,314.9,2.0,0.0,7.0,7.0,0.0,32.0,75.6,131.7,3.2,9.7,6.0,1007.8,1007.8,2.7,5.2
2024-05-24 14:15:00+02:00,17.5,17.5,18.5,15.1,86.0,21.1,87.0,320.8,2.0,0.0,7.0,7.0,0.0,32.0,75.6,131.7,3.4,9.0,40.0,1007.8,1007.8,2.7,5.2
2024-05-24 14:20:00+02:00,17.5,17.5,18.0,14.8,84.0,21.2,87.0,317.4,2.0,0.0,7.0,7.0,0.0,32.0,75.6,131.7,5.7,21.6,351.0,1007.6,1007.6,2.7,5.2
2024-05-24 14:25:00+02:00,17.3,17.3,17.4,14.5,84.0,21.3,87.0,275.8,2.0,0.0,7.0,7.0,0.0,32.0,75.6,131.7,6.8,21.6,352.0,1007.5,1007.5,2.7,5.2
2024-05-24 14:30:00+02:00,17.5,17.5,18.3,14.6,83.0,21.4,87.0,340.2,3.0,0.0,7.0,7.0,0.0,32.0,75.6,131.7,3.5,14.8,321.0,1007.6,1007.6,2.7,5.2
2024-05-24 14:35:00+02:00,17.5,17.5,17.9,14.5,82.0,21.5,87.0,347.0,3.0,0.0,7.0,7.0,0.0,32.0,75.6,131.7,5.5,13.3,33.0,1007.6,1007.6,2.7,5.2
2024-05-24 14:40:00+02:00,17.7,17.7,18.5,14.7,82.0,21.6,87.0,238.0,2.0,0.0,7.0,7.0,0.0,32.0,75.6,131.7,3.5,7.6,44.0,1007.6,1007.6,2.7,5.2
2024-05-24 14:45:00+02:00,17.7,17.7,18.3,14.7,82.0,21.7,87.0,198.6,1.0,0.0,7.0,7.0,0.0,32.0,75.6,131.7,4.8,10.1,79.0,1007.6,1007.6,2.7,5.2
2024-05-24 14:50:00+02:00,17.7,17.7,18.4,14.3,80.0,21.7,87.0,230.2,2.0,0.0,7.0,7.0,0.0,32.0,75.6,131.7,3.2,9.0,52.0,1007.6,1007.6,2.7,5.2
2024-05-24 14:55:00+02:00,17.9,17.9,18.6,14.3,80.0,21.8,87.0,309.4,2.0,0.0,7.0,7.0,0.0,32.0,75.6,131.7,3.4,7.2,63.0,1007.6,1007.6,2.7,5.2
2024-05-24 15:00:00+02:00,18.2,18.2,19.0,14.7,80.0,21.9,87.0,353.5,3.0,0.0,7.0,7.0,0.0,32.0,75.6,131.7,3.6,7.2,11.0,1007.6,1007.6,2.7,5.2
2024-05-24 15:05:00+02:00,18.6,18.6,19.4,14.9,79.0,22.0,87.0,335.9,3.0,0.0,7.0,7.0,0.0,32.0,75.6,131.7,3.9,11.5,39.0,1007.6,1007.6,2.7,5.2
2024-05-24 15:10:00+02:00,18.5,18.5,19.4,14.6,78.0,22.1,87.0,313.2,2.0,0.0,7.0,7.0,0.0,32.0,75.6,131.7,2.9,11.2,22.0,1007.7,1007.7,2.7,5.2
2024-05-24 15:15:00+02:00,18.4,18.4,19.0,14.5,78.0,22.2,87.0,407.6,3.0,0.0,7.0,7.0,0.0,32.0,75.6,131.7,4.5,18.4,42.0,1007.6,1007.6,2.7,5.2
2024-05-24 15:20:00+02:00,18.6,18.6,18.5,14.6,77.0,22.3,87.0,329.9,3.0,0.0,7.0,7.0,0.0,32.0,75.6,131.7,8.3,15.5,8.0,1007.4,1007.4,2.7,5.2
2024-05-24 15:25:00+02:00,18.8,18.8,19.7,14.7,77.0,22.3,87.0,320.0,2.0,0.0,7.0,7.0,0.0,32.0,75.6,131.7,3.3,10.1,21.0,1007.3,1007.3,2.7,5.2
2024-05-24 15:30:00+02:00,18.9,18.9,19.2,14.4,75.0,22.4,87.0,285.9,2.0,0.0,7.0,7.0,0.0,32.0,75.6,131.7,5.4,8.6,345.0,1007.2,1007.2,2.7,5.2
2024-05-24 15:40:00+02:00,18.3,18.3,18.9,14.3,77.0,22.6,87.0,99.8,0.0,0.0,7.0,7.0,0.0,32.0,75.6,131.7,3.8,7.9,9.0,1007.2,1007.2,2.7,5.3
2024-05-24 15:45:00+02:00,18.3,18.3,19.0,14.4,78.0,22.7,87.0,80.7,0.0,0.0,7.0,7.0,0.0,32.0,75.6,131.7,3.7,9.7,311.0,1007.3,1007.3,2.7,5.3
2024-05-24 15:50:00+02:00,18.0,18.0,18.5,14.1,78.0,22.7,87.0,60.5,0.0,0.0,7.0,7.0,0.0,32.0,75.6,131.7,4.3,10.1,23.0,1007.2,1007.2,2.7,5.3
2024-05-24 15:55:00+02:00,18.0,18.0,18.7,14.2,79.0,22.8,87.0,80.6,0.0,0.0,7.0,7.0,0.0,32.0,75.6,131.7,3.3,7.9,293.0,1007.2,1007.2,2.7,5.2
2024-05-24 16:00:00+02:00,17.8,17.8,18.3,14.3,80.0,22.8,87.0,60.3,0.0,0.0,7.0,7.0,0.0,32.0,75.6,131.7,4.2,10.4,307.0,1007.3,1007.3,2.7,5.2
2024-05-24 16:05:00+02:00,17.9,17.9,18.9,14.3,80.0,22.8,87.0,41.9,0.0,0.0,7.0,7.0,0.0,32.0,75.6,131.7,1.5,5.0,306.0,1007.5,1007.5,2.7,5.2
2024-05-24 16:10:00+02:00,17.8,17.8,19.0,14.4,81.0,22.8,87.0,71.2,0.0,0.0,7.0,7.0,0.0,32.0,75.6,131.7,1.1,4.0,288.0,1007.4,1007.4,2.7,5.2
2024-05-24 16:15:00+02:00,17.7,17.7,18.5,14.3,81.0,22.8,87.0,61.2,0.0,0.0,7.0,7.0,0.0,32.0,75.6,131.7,2.4,6.5,274.0,1007.4,1007.4,2.7,5.2
2024-05-24 16:20:00+02:00,17.7,17.7,18.7,14.5,81.0,22.8,87.0,82.6,0.0,0.0,7.0,7.0,0.0,32.0,75.6,131.7,1.9,6.5,1.0,1007.3,1007.3,2.7,5.2
2024-05-24 16:25:00+02:00,17.7,17.7,18.9,14.6,82.0,22.8,87.0,79.5,0.0,0.0,7.0,7.0,0.0,32.0,75.6,131.7,1.7,4.7,286.0,1007.2,1007.2,2.7,5.2
2024-05-24 16:30:00+02:00,17.7,17.7,18.6,14.6,82.0,22.8,87.0,73.7,0.0,0.0,7.0,7.0,0.0,32.0,75.6,131.7,3.0,6.5,324.0,1007.2,1007.2,2.7,5.2
2024-05-24 16:35:00+02:00,17.7,17.7,18.5,14.7,83.0,22.8,87.0,56.1,0.0,0.0,7.0,7.0,0.0,32.0,75.6,131.7,3.1,6.5,317.0,1007.1,1007.1,2.7,5.2
2024-05-24 16:40:00+02:00,17.6,17.6,18.9,14.7,83.0,22.8,86.0,42.9,0.0,0.0,7.0,7.0,0.0,32.0,75.6,131.7,1.1,5.8,276.0,1007.2,1007.2,2.7,5.2
2024-05-24 16:45:00+02:00,17.6,17.6,19.1,14.7,83.0,22.8,86.0,47.7,0.0,0.0,7.0,7.0,0.0,32.0,75.6,131.7,0.0,3.2,305.0,1007.1,1007.1,2.7,5.2
2024-05-24 16:50:00+02:00,17.6,17.6,18.8,14.7,83.0,22.8,86.0,37.8,0.0,0.0,7.0,7.0,0.0,32.0,75.6,131.7,1.7,4.7,314.0,1007.1,1007.1,2.7,5.2
2024-05-24 16:55:00+02:00,17.6,17.6,19.0,14.8,84.0,22.8,86.0,33.7,0.0,0.0,7.0,7.0,0.0,32.0,75.6,131.7,0.5,4.7,16.0,1007.3,1007.3,2.7,5.2
2024-05-24 17:00:00+02:00,17.5,17.5,18.9,15.3,87.0,22.8,86.0,30.5,0.0,0.0,7.0,7.0,0.0,32.0,75.6,131.7,1.3,2.9,136.0,1007.1,1007.1,2.7,5.2
2024-05-24 17:05:00+02:00,17.1,17.1,18.3,14.9,87.0,22.8,86.0,36.5,0.0,0.0,7.0,7.0,0.0,32.0,75.6,131.7,1.9,3.6,142.0,1007.1,1007.1,2.7,5.2
2024-05-24 17:10:00+02:00,17.1,17.1,18.4,14.7,86.0,22.7,86.0,27.9,0.0,0.0,7.0,7.0,0.0,32.0,75.6,131.7,1.0,3.6,116.0,1007.1,1007.1,2.7,5.2
2024-05-24 17:15:00+02:00,17.2,17.2,18.5,14.6,85.0,22.7,86.0,31.6,0.0,0.0,7.0,7.0,0.0,32.0,75.6,131.7,0.5,2.2,78.0,1007.1,1007.1,2.7,5.2
2024-05-24 17:20:00+02:00,17.3,17.3,18.8,14.7,85.0,22.7,86.0,39.9,0.0,0.0,7.0,7.0,0.0,32.0,75.6,131.7,0.0,1.8,69.0,1007.1,1007.1,2.7,5.2
2024-05-24 17:25:00+02:00,17.3,17.3,19.1,15.2,87.0,22.7,86.0,17.0,0.0,0.0,7.0,7.0,0.0,32.0,75.6,131.7,0.0,1.8,130.0,1007.1,1007.1,2.7,5.2
2024-05-24 17:30:00+02:00,17.2,17.2,18.7,15.3,89.0,22.7,86.0,21.0,0.0,0.0,7.0,7.0,0.0,32.0,75.6,131.7,1.2,2.5,143.0,1007.1,1007.1,2.7,5.2
2024-05-24 17:35:00+02:00,16.9,16.9,17.6,14.9,88.0,22.6,86.0,29.0,0.0,0.0,7.0,7.0,0.0,32.0,75.6,131.7,4.1,10.4,141.0,1007.1,1007.1,2.7,5.2
2024-05-24 17:40:00+02:00,16.4,16.4,16.9,14.5,88.0,22.6,86.0,26.5,0.0,0.6,7.1,7.1,0.1,32.1,75.7,131.8,5.1,15.5,111.0,1007.0,1007.0,2.7,5.2
2024-05-24 17:45:00+02:00,16.2,16.2,17.1,14.5,90.0,22.6,86.0,13.9,0.0,0.6,7.1,7.1,0.1,32.1,75.7,131.8,3.0,6.8,118.0,1007.1,1007.1,2.7,5.2
2024-05-24 17:50:00+02:00,16.2,16.2,17.4,14.6,90.0,22.5,86.0,25.6,0.0,1.2,7.3,7.3,0.3,32.3,75.9,132.0,1.7,5.4,331.0,1007.2,1007.2,2.7,5.2
2024-05-24 17:55:00+02:00,16.0,16.0,17.2,14.6,91.0,22.5,86.0,33.7,0.0,1.2,7.3,7.3,0.3,32.3,75.9,132.0,1.5,5.4,107.0,1007.2,1007.2,2.7,5.2
2024-05-24 18:00:00+02:00,16.0,16.0,17.2,14.8,92.0,22.5,86.0,37.6,0.0,1.2,7.3,7.3,0.3,32.3,75.9,132.0,1.8,7.6,101.0,1007.2,1007.2,2.7,5.2
2024-05-24 18:05:00+02:00,16.0,16.0,16.9,14.6,92.0,22.4,85.0,38.0,0.0,0.0,7.3,7.3,0.3,32.3,75.9,132.0,2.6,7.6,89.0,1007.2,1007.2,2.7,5.2
2024-05-24 18:10:00+02:00,15.9,15.9,16.8,14.6,92.0,22.4,85.0,35.9,0.0,0.0,7.3,7.3,0.3,32.3,75.9,132.0,3.0,6.1,96.0,1007.2,1007.2,2.7,5.2
2024-05-24 18:15:00+02:00,15.9,15.9,17.3,14.7,92.0,22.4,85.0,26.3,0.0,0.6,7.4,7.4,0.4,32.4,76.0,132.1,0.9,4.0,5.0,1007.3,1007.3,2.7,5.1
2024-05-24 18:20:00+02:00,15.9,15.9,17.0,14.6,92.0,22.3,85.0,15.4,0.0,1.8,7.6,7.6,0.6,32.6,76.2,132.3,1.9,4.0,43.0,1007.3,1007.3,2.7,5.1
2024-05-24 18:25:00+02:00,15.7,15.7,16.6,14.5,92.0,22.3,85.0,20.3,0.0,1.8,7.6,7.6,0.6,32.6,76.2,132.3,3.0,6.8,323.0,1007.2,1007.2,2.7,5.1
2024-05-24 18:30:00+02:00,15.6,15.6,16.5,14.2,91.0,22.3,85.0,24.5,0.0,1.2,7.7,7.7,0.7,32.7,76.3,132.4,2.3,8.3,353.0,1007.3,1007.3,2.7,5.1
2024-05-24 18:35:00+02:00,15.6,15.6,16.7,14.2,91.0,22.2,85.0,29.4,0.0,0.6,7.7,7.7,0.7,32.7,76.3,132.4,0.9,4.3,211.0,1007.1,1007.1,2.7,5.1
2024-05-24 18:40:00+02:00,15.4,15.4,16.0,13.9,91.0,22.2,85.0,28.8,0.0,0.6,7.7,7.7,0.6,32.7,76.3,132.4,3.2,5.4,131.0,1007.1,1007.1,2.7,5.1
2024-05-24 18:45:00+02:00,15.3,15.3,16.2,14.0,92.0,22.2,85.0,19.9,0.0,0.0,7.7,7.7,0.6,32.7,76.3,132.4,2.0,4.3,145.0,1007.3,1007.3,2.7,5.1
2024-05-24 18:50:00+02:00,15.3,15.3,16.5,14.0,92.0,22.1,85.0,19.9,0.0,0.0,7.7,7.7,0.4,32.7,76.3,132.4,0.4,2.5,39.0,1007.3,1007.3,2.7,5.1
2024-05-24 18:55:00+02:00,15.3,15.3,16.5,14.2,93.0,22.1,85.0,12.0,0.0,0.0,7.7,7.7,0.4,32.7,76.3,132.4,0.4,2.2,115.0,1007.3,1007.3,2.7,5.1
2024-05-24 19:00:00+02:00,15.1,15.1,16.0,14.0,93.0,22.0,85.0,9.6,0.0,0.0,7.7,7.7,0.4,32.7,76.3,132.4,1.9,3.6,143.0,1007.3,1007.3,2.7,5.1
2024-05-24 19:05:00+02:00,15.1,15.1,16.3,14.2,94.0,22.0,85.0,10.7,0.0,0.0,7.7,7.7,0.4,32.7,76.3,132.4,0.7,3.2,129.0,1007.3,1007.3,2.7,5.1
2024-05-24 19:10:00+02:00,15.1,15.1,16.3,14.2,94.0,22.0,85.0,14.2,0.0,0.0,7.7,7.7,0.4,32.7,76.3,132.4,0.4,2.2,307.0,1007.2,1007.2,2.7,5.1
2024-05-24 19:15:00+02:00,15.0,15.0,16.1,14.2,95.0,21.9,85.0,19.8,0.0,0.6,7.8,7.8,0.4,32.8,76.4,132.5,1.1,2.5,335.0,1007.3,1007.3,2.7,5.1
2024-05-24 19:20:00+02:00,14.9,14.9,15.2,13.9,94.0,21.9,85.0,21.4,0.0,0.6,7.8,7.8,0.2,32.8,76.4,132.5,4.5,7.9,349.0,1007.3,1007.3,2.7,5.1
2024-05-24 19:25:00+02:00,15.0,15.0,15.8,13.8,92.0,21.9,85.0,21.1,0.0,1.2,8.0,8.0,0.4,33.0,76.6,132.7,2.2,7.9,326.0,1007.3,1007.3,2.7,5.0
2024-05-24 19:30:00+02:00,15.0,15.0,15.8,13.9,93.0,21.8,85.0,20.8,0.0,1.8,8.1,8.1,0.4,33.1,76.7,132.8,2.2,4.3,327.0,1007.1,1007.1,2.7,5.0
2024-05-24 19:35:00+02:00,14.9,14.9,16.0,13.9,94.0,21.7,85.0,24.5,0.0,1.2,8.1,8.1,0.4,33.1,76.7,132.8,0.9,3.2,81.0,1007.3,1007.3,2.7,5.0
2024-05-24 19:40:00+02:00,14.9,14.9,16.0,13.9,94.0,21.7,85.0,28.1,0.0,0.6,8.2,8.2,0.5,33.2,76.8,132.9,0.9,2.9,127.0,1007.4,1007.4,2.7,5.0
2024-05-24 19:45:00+02:00,14.8,14.8,15.5,13.9,94.0,21.7,85.0,28.3,0.0,0.6,8.2,8.2,0.5,33.2,76.8,132.9,2.8,5.8,94.0,1007.3,1007.3,2.7,5.0
2024-05-24 19:50:00+02:00,14.8,14.8,15.7,13.9,94.0,21.6,85.0,25.4,0.0,0.6,8.2,8.2,0.5,33.2,76.8,132.9,1.8,5.8,31.0,1007.3,1007.3,2.7,5.0
2024-05-24 19:55:00+02:00,14.8,14.8,15.6,13.8,94.0,21.5,85.0,23.6,0.0,0.0,8.2,8.2,0.5,33.2,76.8,132.9,2.3,5.8,341.0,1007.3,1007.3,2.7,5.0
2024-05-24 20:00:00+02:00,14.8,14.8,15.9,13.8,94.0,21.5,85.0,23.6,0.0,0.0,8.2,8.2,0.5,33.2,76.8,132.9,0.8,5.4,250.0,1007.2,1007.2,2.7,5.0
2024-05-24 20:05:00+02:00,14.7,14.7,15.8,13.8,94.0,21.5,85.0,20.2,0.0,0.0,8.2,8.2,0.5,33.2,76.8,132.9,0.5,3.6,284.0,1007.2,1007.2,2.7,5.0
2024-05-24 20:10:00+02:00,14.7,14.7,15.8,13.8,94.0,21.4,85.0,23.5,0.0,0.0,8.2,8.2,0.5,33.2,76.8,132.9,0.8,2.9,252.0,1007.2,1007.2,2.7,5.0
2024-05-24 20:15:00+02:00,14.7,14.7,15.5,13.9,95.0,21.4,85.0,24.0,0.0,0.0,8.2,8.2,0.4,33.2,76.8,132.9,1.7,3.6,276.0,1007.1,1007.1,2.7,5.0
2024-05-24 20:20:00+02:00,14.6,14.6,15.7,13.8,95.0,21.3,85.0,20.1,0.0,0.0,8.2,8.2,0.4,33.2,76.8,132.9,0.5,2.5,241.0,1007.2,1007.2,2.7,5.0
2024-05-24 20:25:00+02:00,14.6,14.6,15.6,13.8,95.0,21.3,85.0,14.4,0.0,0.0,8.2,8.2,0.2,33.2,76.8,132.9,0.8,2.5,255.0,1007.2,1007.2,2.7,5.0
2024-05-24 20:30:00+02:00,14.5,14.5,15.6,13.8,95.0,21.3,85.0,10.4,0.0,0.0,8.2,8.2,0.1,33.2,76.8,132.9,0.6,3.2,265.0,1007.2,1007.2,2.7,5.0
2024-05-24 20:35:00+02:00,14.5,14.5,15.3,13.7,95.0,21.3,85.0,9.5,0.0,0.0,8.2,8.2,0.1,33.2,76.8,132.9,1.9,3.2,270.0,1007.0,1007.0,2.7,5.0
2024-05-24 20:40:00+02:00,14.5,14.5,15.6,13.8,96.0,21.2,85.0,7.0,0.0,0.0,8.2,8.2,0.0,33.2,76.8,132.9,0.4,3.6,296.0,1007.1,1007.1,2.7,5.0
2024-05-24 20:45:00+02:00,14.5,14.5,15.5,13.9,96.0,21.2,85.0,4.6,0.0,0.0,8.2,8.2,0.0,33.2,76.8,132.9,1.0,5.0,319.0,1007.1,1007.1,2.7,5.0
2024-05-24 20:50:00+02:00,14.5,14.5,15.0,13.8,95.0,21.2,85.0,5.0,0.0,0.0,8.2,8.2,0.0,33.2,76.8,132.9,3.2,6.1,20.0,1007.1,1007.1,2.7,5.0
2024-05-24 20:55:00+02:00,14.5,14.5,15.3,13.7,95.0,21.1,85.0,6.1,0.0,0.0,8.2,8.2,0.0,33.2,76.8,132.9,2.0,6.1,35.0,1007.1,1007.1,2.7,5.0
2024-05-24 21:00:00+02:00,14.5,14.5,15.2,13.7,95.0,21.1,85.0,6.1,0.0,0.0,8.2,8.2,0.0,33.2,76.8,132.9,2.2,6.1,353.0,1007.0,1007.0,2.7,5.0
2024-05-24 21:05:00+02:00,14.5,14.5,15.4,13.7,95.0,21.1,85.0,5.3,0.0,0.0,8.2,8.2,0.0,33.2,76.8,132.9,1.6,6.8,339.0,1007.0,1007.0,2.7,5.0
2024-05-24 21:10:00+02:00,14.5,14.5,15.3,13.7,95.0,21.0,85.0,3.7,0.0,0.0,8.2,8.2,0.0,33.2,76.8,132.9,1.9,5.4,30.0,1006.9,1006.9,2.7,5.0
2024-05-24 21:15:00+02:00,14.4,14.4,15.3,13.6,95.0,21.0,85.0,2.5,0.0,0.0,8.2,8.2,0.0,33.2,76.8,132.9,1.0,5.4,39.0,1006.9,1006.9,2.7,5.0
2024-05-24 21:20:00+02:00,14.4,14.4,15.5,13.6,95.0,20.9,85.0,1.7,0.0,0.0,8.2,8.2,0.0,33.2,76.8,132.9,0.5,5.4,40.0,1006.9,1006.9,2.7,5.0
2024-05-24 21:25:00+02:00,14.4,14.4,15.3,13.6,95.0,20.9,85.0,1.3,0.0,0.0,8.2,8.2,0.0,33.2,76.8,132.9,1.4,4.7,27.0,1007.0,1007.0,2.7,5.0
2024-05-24 21:30:00+02:00,14.4,14.4,15.3,13.6,95.0,20.9,85.0,0.9,0.0,0.0,8.2,8.2,0.0,33.2,76.8,132.9,1.3,6.1,10.0,1007.0,1007.0,2.7,5.0
2024-05-24 21:35:00+02:00,14.4,14.4,15.2,13.6,95.0,20.8,85.0,0.6,0.0,0.0,8.2,8.2,0.0,33.2,76.8,132.9,1.7,5.0,25.0,1007.0,1007.0,2.7,5.0
2024-05-24 21:40:00+02:00,14.3,14.3,15.4,13.6,95.0,20.8,85.0,0.4,0.0,0.0,8.2,8.2,0.0,33.2,76.8,132.9,0.4,3.6,81.0,1007.1,1007.1,2.7,5.0
2024-05-24 21:45:00+02:00,14.3,14.3,15.2,13.6,96.0,20.7,85.0,0.2,0.0,0.0,8.2,8.2,0.0,33.2,76.8,132.9,1.2,3.6,106.0,1007.1,1007.1,2.7,4.9
2024-05-24 21:50:00+02:00,14.2,14.2,14.9,13.6,96.0,20.7,85.0,0.1,0.0,0.0,8.2,8.2,0.0,33.2,76.8,132.9,2.0,3.6,104.0,1007.1,1007.1,2.7,4.9
2024-05-24 21:55:00+02:00,14.2,14.2,15.2,13.6,96.0,20.7,85.0,0.0,0.0,0.0,8.2,8.2,0.0,33.2,76.8,132.9,0.7,3.2,132.0,1007.1,1007.1,2.7,4.9
2024-05-24 22:00:00+02:00,14.1,14.1,15.0,13.5,96.0,20.6,85.0,0.0,0.0,0.0,8.2,8.2,0.0,33.2,76.8,132.9,1.2,3.2,112.0,1007.1,1007.1,2.7,4.9
2024-05-24 22:05:00+02:00,14.1,14.1,15.2,13.5,96.0,20.6,85.0,0.0,0.0,0.0,8.2,8.2,0.0,33.2,76.8,132.9,0.0,2.9,124.0,1007.2,1007.2,2.7,4.9
2024-05-24 22:10:00+02:00,14.1,14.1,15.1,13.5,96.0,20.6,85.0,0.0,0.0,0.0,8.2,8.2,0.0,33.2,76.8,132.9,0.0,1.8,111.0,1007.1,1007.1,2.7,4.9
2024-05-24 22:15:00+02:00,14.1,14.1,15.2,13.5,96.0,20.5,85.0,0.0,0.0,0.0,8.2,8.2,0.0,33.2,76.8,132.9,0.0,2.2,272.0,1007.3,1007.3,2.7,4.9
2024-05-24 22:20:00+02:00,14.1,14.1,15.2,13.7,97.0,20.5,85.0,0.0,0.0,0.0,8.2,8.2,0.0,33.2,76.8,132.9,0.0,2.5,348.0,1007.2,1007.2,2.7,4.9
2024-05-24 22:25:00+02:00,14.1,14.1,15.0,13.6,97.0,20.4,85.0,0.0,0.0,0.0,8.2,8.2,0.0,33.2,76.8,132.9,1.0,2.5,106.0,1007.3,1007.3,2.7,4.9
2024-05-24 22:30:00+02:00,14.0,14.0,15.1,13.5,97.0,20.4,85.0,0.0,0.0,0.0,8.2,8.2,0.0,33.2,76.8,132.9,0.0,2.5,112.0,1007.2,1007.2,2.7,4.9
2024-05-24 22:35:00+02:00,14.1,14.1,14.7,13.6,97.0,20.4,85.0,0.0,0.0,0.0,8.2,8.2,0.0,33.2,76.8,132.9,2.4,6.1,28.0,1007.3,1007.3,2.7,4.9
2024-05-24 22:40:00+02:00,14.1,14.1,14.8,13.7,97.0,20.3,85.0,0.0,0.0,0.0,8.2,8.2,0.0,33.2,76.8,132.9,2.1,7.9,52.0,1007.3,1007.3,2.7,4.9
2024-05-24 22:45:00+02:00,14.1,14.1,15.0,13.7,97.0,20.3,85.0,0.0,0.0,0.0,8.2,8.2,0.0,33.2,76.8,132.9,1.2,4.3,353.0,1007.3,1007.3,2.7,4.9
2024-05-24 22:50:00+02:00,14.1,14.1,14.5,13.7,97.0,20.3,85.0,0.0,0.0,0.0,8.2,8.2,0.0,33.2,76.8,132.9,3.8,7.6,42.0,1007.3,1007.3,2.7,4.9
2024-05-24 22:55:00+02:00,14.1,14.1,14.9,13.7,97.0,20.3,85.0,0.0,0.0,0.0,8.2,8.2,0.0,33.2,76.8,132.9,1.7,6.5,41.0,1007.3,1007.3,2.7,4.9
2024-05-24 23:00:00+02:00,14.1,14.1,14.7,13.7,97.0,20.2,85.0,0.0,0.0,0.0,8.2,8.2,0.0,33.2,76.8,132.9,2.5,6.5,38.0,1007.3,1007.3,2.7,4.9
2024-05-24 23:05:00+02:00,14.1,14.1,14.7,13.7,97.0,20.2,84.0,0.0,0.0,0.0,8.2,8.2,0.0,33.2,76.8,132.9,2.8,8.3,6.0,1007.3,1007.3,2.7,4.9
2024-05-24 23:10:00+02:00,14.1,14.1,14.9,13.7,97.0,20.2,85.0,0.0,0.0,0.0,8.2,8.2,0.0,33.2,76.8,132.9,1.9,4.7,73.0,1007.2,1007.2,2.7,4.9
2024-05-24 23:15:00+02:00,14.1,14.1,14.9,13.7,97.0,20.1,85.0,0.0,0.0,0.0,8.2,8.2,0.0,33.2,76.8,132.9,2.0,6.5,66.0,1007.1,1007.1,2.7,4.9
2024-05-24 23:20:00+02:00,14.2,14.2,14.8,13.8,97.0,20.1,84.0,0.0,0.0,0.0,8.2,8.2,0.0,33.2,76.8,132.9,2.9,6.5,39.0,1007.3,1007.3,2.7,4.9
2024-05-24 23:25:00+02:00,14.2,14.2,15.1,13.8,97.0,20.1,85.0,0.0,0.0,0.0,8.2,8.2,0.0,33.2,76.8,132.9,1.3,5.0,70.0,1007.2,1007.2,2.7,4.8
2024-05-24 23:30:00+02:00,14.2,14.2,15.0,13.8,97.0,20.0,85.0,0.0,0.0,0.0,8.2,8.2,0.0,33.2,76.8,132.9,2.2,6.1,29.0,1007.2,1007.2,2.7,4.8
2024-05-24 23:35:00+02:00,14.2,14.2,15.2,13.8,97.0,20.0,85.0,0.0,0.0,0.0,8.2,8.2,0.0,33.2,76.8,132.9,0.9,5.0,98.0,1007.1,1007.1,2.7,4.8
2024-05-24 23:40:00+02:00,14.2,14.2,14.9,13.8,97.0,20.0,85.0,0.0,0.0,0.0,8.2,8.2,0.0,33.2,76.8,132.9,2.2,6.8,78.0,1007.2,1007.2,2.7,4.8
2024-05-24 23:45:00+02:00,14.2,14.2,15.1,13.8,97.0,20.0,85.0,0.0,0.0,0.0,8.2,8.2,0.0,33.2,76.8,132.9,1.6,6.5,82.0,1007.2,1007.2,2.7,4.8
2024-05-24 23:50:00+02:00,14.3,14.3,14.8,13.8,97.0,19.9,85.0,0.0,0.0,0.0,8.2,8.2,0.0,33.2,76.8,132.9,3.5,8.6,6.0,1007.1,1007.1,2.7,4.8
2024-05-24 23:55:00+02:00,14.3,14.3,14.9,13.7,96.0,19.9,85.0,0.0,0.0,0.0,8.2,8.2,0.0,33.2,76.8,132.9,2.9,9.7,52.0,1007.1,1007.1,2.7,4.8
2024-05-25 00:00:00+02:00,14.3,14.3,15.3,13.8,97.0,19.9,85.0,0.0,0.0,0.0,0.0,8.2,0.0,33.2,76.8,132.9,0.9,4.7,121.0,1007.1,1007.1,2.7,4.8
2024-05-25 00:05:00+02:00,14.3,14.3,15.1,13.8,97.0,19.8,85.0,0.0,0.0,0.0,0.0,8.2,0.0,33.2,76.8,132.9,2.2,6.5,38.0,1007.0,1007.0,2.7,4.8
2024-05-25 00:10:00+02:00,14.3,14.3,15.1,13.7,97.0,19.8,85.0,0.0,0.0,0.0,0.0,8.2,0.0,33.2,76.8,132.9,1.5,6.1,35.0,1007.0,1007.0,2.7,4.8
2024-05-25 00:15:00+02:00,14.2,14.2,15.1,13.7,97.0,19.8,85.0,0.0,0.0,0.0,0.0,8.2,0.0,33.2,76.8,132.9,1.2,3.2,100.0,1007.0,1007.0,2.7,4.8
2024-05-25 00:20:00+02:00,14.2,14.2,15.0,13.7,97.0,19.8,85.0,0.0,0.0,0.0,0.0,8.2,0.0,33.2,76.8,132.9,1.8,5.8,30.0,1007.0,1007.0,2.7,4.8
2024-05-25 00:25:00+02:00,14.2,14.2,14.8,13.7,97.0,19.7,85.0,0.0,0.0,0.0,0.0,8.2,0.0,33.2,76.8,132.9,2.7,6.5,63.0,1007.0,1007.0,2.7,4.8
2024-05-25 00:30:00+02:00,14.2,14.2,14.9,13.6,96.0,19.7,85.0,0.0,0.0,0.0,0.0,8.2,0.0,33.2,76.8,132.9,2.1,8.3,44.0,1007.0,1007.0,2.7,4.8
2024-05-25 00:35:00+02:00,14.2,14.2,14.8,13.6,96.0,19.7,85.0,0.0,0.0,0.0,0.0,8.2,0.0,33.2,76.8,132.9,2.9,9.0,28.0,1007.1,1007.1,2.7,4.8
2024-05-25 00:40:00+02:00,14.3,14.3,14.9,13.7,96.0,19.7,85.0,0.0,0.0,0.0,0.0,8.2,0.0,33.2,76.8,132.9,2.6,9.0,78.0,1007.0,1007.0,2.7,4.8
2024-05-25 00:45:00+02:00,14.3,14.3,15.0,13.6,96.0,19.6,85.0,0.0,0.0,0.0,0.0,8.2,0.0,33.2,76.8,132.9,2.2,5.4,73.0,1007.1,1007.1,2.7,4.8
2024-05-25 00:50:00+02:00,14.3,14.3,15.0,13.7,96.0,19.6,85.0,0.0,0.0,0.0,0.0,8.2,0.0,33.2,76.8,132.9,2.2,4.7,116.0,1007.0,1007.0,2.7,4.8
2024-05-25 00:55:00+02:00,14.3,14.3,14.8,13.7,96.0,19.6,85.0,0.0,0.0,0.0,0.0,8.2,0.0,33.2,76.8,132.9,3.2,5.0,80.0,1007.0,1007.0,2.7,4.8
2024-05-25 01:00:00+02:00,14.3,14.3,14.9,13.7,96.0,19.6,85.0,0.0,0.0,0.0,0.0,8.2,0.0,33.2,76.8,132.9,2.6,6.5,80.0,1006.9,1006.9,2.7,4.8
2024-05-25 01:05:00+02:00,14.3,14.3,15.0,13.7,96.0,19.6,85.0,0.0,0.0,0.0,0.0,8.2,0.0,33.2,76.8,132.9,2.4,4.3,103.0,1007.0,1007.0,2.7,4.8
2024-05-25 01:10:00+02:00,14.3,14.3,14.9,13.7,96.0,19.6,85.0,0.0,0.0,0.0,0.0,8.2,0.0,33.2,76.8,132.9,2.7,5.0,84.0,1007.0,1007.0,2.7,4.8
2024-05-25 01:15:00+02:00,14.3,14.3,15.0,13.7,96.0,19.5,85.0,0.0,0.0,0.0,0.0,8.2,0.0,33.2,76.8,132.9,2.2,5.0,99.0,1006.8,1006.8,2.7,4.7
2024-05-25 01:20:00+02:00,14.3,14.3,15.1,13.7,96.0,19.5,85.0,0.0,0.0,0.6,0.1,8.3,0.1,33.3,76.9,133.0,2.1,4.7,52.0,1007.0,1007.0,2.7,4.7
2024-05-25 01:25:00+02:00,14.3,14.3,15.2,13.7,96.0,19.5,85.0,0.0,0.0,1.8,0.3,8.5,0.3,33.5,77.1,133.2,1.2,5.0,63.0,1006.8,1006.8,2.7,4.7
2024-05-25 01:30:00+02:00,14.3,14.3,15.0,13.7,96.0,19.5,85.0,0.0,0.0,2.4,0.5,8.7,0.5,33.7,77.3,133.4,2.4,7.2,29.0,1006.8,1006.8,2.7,4.7
2024-05-25 01:35:00+02:00,14.3,14.3,14.9,13.8,97.0,19.4,85.0,0.0,0.0,2.4,0.6,8.8,0.6,33.8,77.4,133.5,3.2,7.6,63.0,1006.8,1006.8,2.7,4.7
2024-05-25 01:40:00+02:00,14.2,14.2,14.6,13.8,97.0,19.4,85.0,0.0,0.0,4.2,1.2,9.4,1.2,34.4,78.0,134.1,4.3,14.8,46.0,1006.8,1006.8,2.7,4.7
2024-05-25 01:45:00+02:00,14.2,14.2,14.9,13.8,97.0,19.4,85.0,0.0,0.0,7.8,1.9,10.1,1.9,35.1,78.7,134.8,2.5,5.8,104.0,1006.8,1006.8,2.7,4.6
2024-05-25 01:50:00+02:00,14.2,14.2,14.7,13.8,97.0,19.4,85.0,0.0,0.0,7.2,2.2,10.4,2.2,35.4,79.0,135.1,3.4,7.9,115.0,1006.9,1006.9,2.7,4.6
2024-05-25 01:55:00+02:00,14.2,14.2,14.4,13.7,97.0,19.3,85.0,0.0,0.0,4.2,2.6,10.8,2.6,35.8,79.4,135.5,4.5,7.2,125.0,1006.9,1006.9,2.7,4.6
2024-05-25 02:00:00+02:00,14.1,14.1,14.7,13.7,97.0,19.3,85.0,0.0,0.0,4.2,2.7,10.9,2.7,35.9,79.5,135.6,2.6,5.8,109.0,1006.9,1006.9,2.7,4.6
2024-05-25 02:05:00+02:00,14.1,14.1,14.9,13.8,98.0,19.2,85.0,0.0,0.0,1.8,2.8,11.0,2.8,36.0,79.6,135.7,2.1,5.8,104.0,1006.9,1006.9,2.7,4.5
2024-05-25 02:10:00+02:00,14.0,14.0,14.6,13.7,98.0,19.2,85.0,0.0,0.0,1.8,3.0,11.2,3.0,36.2,79.8,135.9,3.2,6.5,97.0,1007.0,1007.0,2.7,4.5
2024-05-25 02:15:00+02:00,13.9,13.9,14.1,13.6,98.0,19.2,85.0,0.0,0.0,2.4,3.2,11.4,3.2,36.4,80.0,136.1,4.8,7.6,60.0,1006.9,1006.9,2.7,4.5
2024-05-25 02:20:00+02:00,13.9,13.9,14.4,13.6,98.0,19.2,85.0,0.0,0.0,1.8,3.2,11.4,3.1,36.4,80.0,136.1,3.4,7.6,67.0,1006.9,1006.9,2.7,4.5
2024-05-25 02:25:00+02:00,13.8,13.8,14.5,13.5,98.0,19.1,85.0,0.0,0.0,1.2,3.2,11.4,2.9,36.4,80.0,136.1,2.4,6.8,86.0,1006.9,1006.9,2.7,4.5
2024-05-25 02:30:00+02:00,13.8,13.8,14.3,13.4,98.0,19.2,85.0,0.0,0.0,0.0,3.2,11.4,2.7,36.4,80.0,136.1,3.2,5.8,1.0,1006.9,1006.9,2.7,4.5
2024-05-25 02:35:00+02:00,13.7,13.7,14.1,13.4,98.0,19.1,85.0,0.0,0.0,1.2,3.4,11.6,2.8,36.6,80.2,136.3,3.5,7.6,141.0,1006.9,1006.9,2.7,4.5
2024-05-25 02:40:00+02:00,13.7,13.7,14.3,13.4,98.0,19.1,85.0,0.0,0.0,1.2,3.4,11.6,2.0,36.6,80.2,136.3,2.4,7.6,144.0,1006.9,1006.9,2.7,4.5
2024-05-25 02:45:00+02:00,13.7,13.7,13.9,13.4,98.0,19.1,85.0,0.0,0.0,0.6,3.4,11.6,1.5,36.6,80.2,136.3,4.2,8.6,177.0,1006.9,1006.9,2.7,4.4
2024-05-25 02:50:00+02:00,13.7,13.7,14.2,13.4,98.0,19.1,85.0,0.0,0.0,0.0,3.4,11.6,1.2,36.6,80.2,136.3,3.0,7.6,94.0,1006.8,1006.8,2.7,4.4
2024-05-25 02:55:00+02:00,13.7,13.7,14.3,13.4,98.0,19.0,85.0,0.0,0.0,0.0,3.4,11.6,0.8,36.6,80.2,136.3,2.4,5.0,136.0,1006.8,1006.8,2.7,4.4
2024-05-25 03:00:00+02:00,13.7,13.7,14.2,13.4,98.0,19.0,85.0,0.0,0.0,0.6,3.5,11.7,0.8,36.7,80.3,136.4,2.6,9.0,70.0,1006.7,1006.7,2.7,4.4
2024-05-25 03:05:00+02:00,13.7,13.7,14.2,13.4,98.0,19.0,85.0,0.0,0.0,0.6,3.5,11.7,0.7,36.7,80.3,136.4,2.8,6.5,152.0,1006.8,1006.8,2.7,4.4
2024-05-25 03:10:00+02:00,13.7,13.7,14.2,13.4,98.0,19.0,85.0,0.0,0.0,0.6,3.5,11.7,0.5,36.7,80.3,136.4,2.9,7.6,133.0,1006.6,1006.6,2.7,4.4
2024-05-25 03:15:00+02:00,13.7,13.7,14.5,13.4,98.0,18.9,85.0,0.0,0.0,0.6,3.6,11.8,0.4,36.8,80.4,136.5,1.5,5.8,92.0,1006.7,1006.7,2.7,4.4
2024-05-25 03:20:00+02:00,13.7,13.7,14.2,13.4,98.0,18.9,85.0,0.0,0.0,0.6,3.6,11.8,0.4,36.8,80.4,136.5,2.8,6.1,113.0,1006.6,1006.6,2.7,4.4
2024-05-25 03:25:00+02:00,13.6,13.6,14.4,13.3,98.0,18.9,85.0,0.0,0.0,0.6,3.6,11.8,0.4,36.8,80.4,136.5,1.2,5.0,168.0,1006.6,1006.6,2.72,4.3
2024-05-25 03:30:00+02:00,13.6,13.6,13.6,13.3,98.0,18.9,85.0,0.0,0.0,0.0,3.6,11.8,0.3,36.8,80.4,136.5,5.3,7.6,104.0,1006.6,1006.6,2.72,4.3
2024-05-25 03:35:00+02:00,13.5,13.5,14.1,13.2,98.0,18.9,85.0,0.0,0.0,0.0,3.6,11.8,0.2,36.8,80.4,136.5,1.9,6.1,98.0,1006.5,1006.5,2.7,4.3
2024-05-25 03:40:00+02:00,13.3,13.3,13.4,13.0,98.0,18.9,85.0,0.0,0.0,0.0,3.6,11.8,0.2,36.8,80.4,136.5,4.3,7.9,144.0,1006.5,1006.5,2.7,4.3
2024-05-25 03:45:00+02:00,13.2,13.2,13.6,12.9,98.0,18.8,85.0,0.0,0.0,0.0,3.6,11.8,0.2,36.8,80.4,136.5,2.5,9.0,149.0,1006.4,1006.4,2.7,4.3
2024-05-25 03:50:00+02:00,13.1,13.1,13.7,12.8,98.0,18.8,85.0,0.0,0.0,0.0,3.6,11.8,0.2,36.8,80.4,136.5,1.6,5.4,84.0,1006.5,1006.5,2.7,4.3
2024-05-25 03:55:00+02:00,13.1,13.1,13.5,12.8,98.0,18.8,85.0,0.0,0.0,0.0,3.6,11.8,0.2,36.8,80.4,136.5,2.3,5.8,80.0,1006.4,1006.4,2.7,4.3
2024-05-25 04:00:00+02:00,12.9,12.9,13.1,12.6,98.0,18.8,85.0,0.0,0.0,0.0,3.6,11.8,0.1,36.8,80.4,136.5,3.0,5.8,129.0,1006.6,1006.6,2.7,4.3
2024-05-25 04:05:00+02:00,12.7,12.7,13.0,12.4,98.0,18.7,84.0,0.0,0.0,0.0,3.6,11.8,0.1,36.8,80.4,136.5,2.2,6.5,130.0,1006.5,1006.5,2.7,4.3
2024-05-25 04:10:00+02:00,12.6,12.6,12.8,12.3,98.0,18.7,84.0,0.0,0.0,0.0,3.6,11.8,0.1,36.8,80.4,136.5,2.7,6.5,129.0,1006.6,1006.6,2.7,4.3
2024-05-25 04:15:00+02:00,12.5,12.5,12.8,12.2,98.0,18.6,84.0,0.0,0.0,0.0,3.6,11.8,0.0,36.8,80.4,136.5,2.4,7.2,123.0,1006.5,1006.5,2.7,4.3
2024-05-25 04:20:00+02:00,12.4,12.4,12.7,12.1,98.0,18.6,84.0,0.0,0.0,0.0,3.6,11.8,0.0,36.8,80.4,136.5,1.7,6.1,115.0,1006.6,1006.6,2.7,4.3
2024-05-25 04:25:00+02:00,12.4,12.4,12.6,12.2,99.0,18.6,84.0,0.0,0.0,0.0,3.6,11.8,0.0,36.8,80.4,136.5,2.5,5.0,143.0,1006.6,1006.6,2.7,4.3
2024-05-25 04:30:00+02:00,12.4,12.4,12.7,12.2,99.0,18.5,84.0,0.0,0.0,0.0,3.6,11.8,0.0,36.8,80.4,136.5,2.1,4.7,119.0,1006.5,1006.5,2.7,4.3
2024-05-25 04:35:00+02:00,12.4,12.4,12.5,12.2,99.0,18.5,84.0,0.0,0.0,0.0,3.6,11.8,0.0,36.8,80.4,136.5,3.0,5.0,102.0,1006.4,1006.4,2.7,4.3
2024-05-25 04:40:00+02:00,12.3,12.3,12.6,12.1,99.0,18.5,84.0,0.0,0.0,0.0,3.6,11.8,0.0,36.8,80.4,136.5,2.0,5.4,64.0,1006.4,1006.4,2.7,4.3
2024-05-25 04:45:00+02:00,12.3,12.3,12.5,12.1,99.0,18.4,84.0,0.0,0.0,0.0,3.6,11.8,0.0,36.8,80.4,136.5,2.5,6.5,76.0,1006.4,1006.4,2.7,4.3
2024-05-25 04:50:00+02:00,12.3,12.3,12.4,12.1,99.0,18.4,84.0,0.0,0.0,0.0,3.6,11.8,0.0,36.8,80.4,136.5,2.9,6.5,75.0,1006.5,1006.5,2.7,4.3
2024-05-25 04:55:00+02:00,12.2,12.2,12.4,12.1,99.0,18.3,84.0,0.1,0.0,0.0,3.6,11.8,0.0,36.8,80.4,136.5,2.7,5.8,100.0,1006.4,1006.4,2.7,4.3
2024-05-25 05:00:00+02:00,12.2,12.2,12.4,12.1,99.0,18.3,84.0,0.2,0.0,0.0,3.6,11.8,0.0,36.8,80.4,136.5,2.3,5.0,82.0,1006.5,1006.5,2.7,4.3
2024-05-25 05:05:00+02:00,12.2,12.2,12.6,12.1,99.0,18.3,84.0,0.5,0.0,0.0,3.6,11.8,0.0,36.8,80.4,136.5,1.2,4.3,126.0,1006.5,1006.5,2.7,4.2
2024-05-25 05:10:00+02:00,12.2,12.2,12.3,12.0,99.0,18.3,84.0,0.8,0.0,0.0,3.6,11.8,0.0,36.8,80.4,136.5,2.4,5.4,140.0,1006.3,1006.3,2.7,4.2
2024-05-25 05:15:00+02:00,12.0,12.0,12.0,11.9,99.0,18.2,84.0,1.3,0.0,0.0,3.6,11.8,0.0,36.8,80.4,136.5,3.1,6.1,139.0,1006.3,1006.3,2.7,4.2
2024-05-25 05:20:00+02:00,12.1,12.1,12.3,12.0,99.0,18.2,84.0,2.0,0.0,0.0,3.6,11.8,0.0,36.8,80.4,136.5,2.2,5.4,127.0,1006.3,1006.3,2.7,4.2
2024-05-25 05:25:00+02:00,12.2,12.2,12.5,12.0,99.0,18.1,84.0,2.8,0.0,0.0,3.6,11.8,0.0,36.8,80.4,136.5,1.5,4.3,80.0,1006.2,1006.2,2.7,4.2
2024-05-25 05:30:00+02:00,12.1,12.1,12.3,11.9,99.0,18.1,84.0,3.7,0.0,0.0,3.6,11.8,0.0,36.8,80.4,136.5,2.2,4.3,105.0,1006.2,1006.2,2.7,4.2
2024-05-25 05:35:00+02:00,12.2,12.2,12.3,12.0,99.0,18.1,84.0,5.0,0.0,0.0,3.6,11.8,0.0,36.8,80.4,136.5,2.4,4.7,139.0,1006.2,1006.2,2.7,4.2
2024-05-25 05:40:00+02:00,12.1,12.1,11.9,11.9,99.0,18.0,84.0,6.5,0.0,0.0,3.6,11.8,0.0,36.8,80.4,136.5,4.1,7.2,130.0,1006.2,1006.2,2.7,4.2
2024-05-25 05:45:00+02:00,12.1,12.1,12.2,11.9,99.0,18.0,84.0,8.2,0.0,0.0,3.6,11.8,0.0,36.8,80.4,136.5,2.5,7.2,111.0,1006.2,1006.2,2.7,4.2
2024-05-25 05:50:00+02:00,11.9,11.9,12.3,11.7,99.0,18.0,84.0,10.1,0.0,0.0,3.6,11.8,0.0,36.8,80.4,136.5,0.7,2.9,97.0,1006.1,1006.1,2.7,4.2
2024-05-25 05:55:00+02:00,11.9,11.9,12.0,11.7,99.0,18.0,84.0,12.2,0.0,0.0,3.6,11.8,0.0,36.8,80.4,136.5,2.2,4.0,107.0,1006.0,1006.0,2.7,4.2
2024-05-25 06:00:00+02:00,11.9,11.9,11.8,11.7,99.0,17.9,84.0,14.5,0.0,0.0,3.6,11.8,0.0,36.8,80.4,136.5,3.3,5.4,126.0,1006.2,1006.2,2.7,4.2
2024-05-25 06:05:00+02:00,11.9,11.9,12.0,11.7,99.0,17.9,84.0,17.1,0.0,0.0,3.6,11.8,0.0,36.8,80.4,136.5,2.4,4.7,126.0,1006.0,1006.0,2.7,4.2
2024-05-25 06:10:00+02:00,12.0,12.0,12.0,11.8,99.0,17.9,84.0,19.3,0.0,0.0,3.6,11.8,0.0,36.8,80.4,136.5,2.9,5.8,109.0,1006.1,1006.1,2.7,4.2
2024-05-25 06:15:00+02:00,12.1,12.1,12.3,12.0,99.0,17.8,84.0,21.6,0.0,0.0,3.6,11.8,0.0,36.8,80.4,136.5,2.3,5.8,67.0,1006.2,1006.2,2.7,4.2
2024-05-25 06:20:00+02:00,12.1,12.1,12.1,11.9,99.0,17.8,84.0,23.4,0.0,0.0,3.6,11.8,0.0,36.8,80.4,136.5,3.0,6.1,83.0,1006.2,1006.2,2.7,4.2
2024-05-25 06:25:00+02:00,12.2,12.2,12.6,12.0,99.0,17.8,84.0,25.5,0.0,0.0,3.6,11.8,0.0,36.8,80.4,136.5,1.2,5.4,82.0,1006.1,1006.1,2.7,4.2
2024-05-25 06:30:00+02:00,12.3,12.3,12.4,12.1,99.0,17.8,84.0,36.3,0.0,0.0,3.6,11.8,0.0,36.8,80.4,136.5,2.5,6.1,336.0,1006.1,1006.1,2.7,4.2
2024-05-25 06:35:00+02:00,12.5,12.5,12.7,12.3,99.0,17.8,84.0,42.5,0.0,0.0,3.6,11.8,0.0,36.8,80.4,136.5,2.4,6.1,108.0,1006.1,1006.1,2.7,4.2
2024-05-25 06:40:00+02:00,12.6,12.6,12.9,12.4,99.0,17.7,84.0,56.0,0.0,0.0,3.6,11.8,0.0,36.8,80.4,136.5,2.2,5.4,115.0,1006.1,1006.1,2.7,4.2
2024-05-25 06:45:00+02:00,12.8,12.8,13.2,12.7,99.0,17.7,84.0,60.2,0.0,0.0,3.6,11.8,0.0,36.8,80.4,136.5,2.7,6.5,131.0,1006.1,1006.1,2.7,4.2
2024-05-25 06:50:00+02:00,12.8,12.8,13.0,12.7,99.0,17.7,84.0,64.1,0.0,0.0,3.6,11.8,0.0,36.8,80.4,136.5,3.4,6.8,126.0,1006.1,1006.1,2.7,4.2
2024-05-25 06:55:00+02:00,12.9,12.9,13.2,12.7,99.0,17.8,85.0,68.0,0.0,0.0,3.6,11.8,0.0,36.8,80.4,136.5,2.9,6.8,94.0,1006.2,1006.2,2.7,4.2
2024-05-25 07:00:00+02:00,13.0,13.0,13.3,12.9,99.0,17.8,85.0,74.0,0.0,0.0,3.6,11.8,0.0,36.8,80.4,136.5,3.2,6.8,92.0,1006.2,1006.2,2.7,4.2
2024-05-25 07:05:00+02:00,13.3,13.3,13.6,13.1,99.0,17.8,85.0,77.7,0.0,0.0,3.6,11.8,0.0,36.8,80.4,136.5,3.4,7.6,116.0,1006.2,1006.2,2.7,4.3
2024-05-25 07:10:00+02:00,13.3,13.3,13.3,13.1,99.0,17.9,85.0,79.4,0.0,0.0,3.6,11.8,0.0,36.8,80.4,136.5,5.0,14.4,117.0,1006.3,1006.3,2.7,4.3
2024-05-25 07:15:00+02:00,13.2,13.2,12.2,12.9,98.0,17.9,85.0,81.4,0.0,0.0,3.6,11.8,0.0,36.8,80.4,136.5,9.9,18.4,124.0,1006.2,1006.2,2.7,4.3
2024-05-25 07:20:00+02:00,13.3,13.3,13.1,12.9,98.0,17.9,85.0,84.7,0.0,0.0,3.6,11.8,0.0,36.8,80.4,136.5,5.8,13.3,113.0,1006.2,1006.2,2.7,4.3
2024-05-25 07:25:00+02:00,13.5,13.5,13.6,13.1,97.0,18.0,85.0,78.5,0.0,0.0,3.6,11.8,0.0,36.8,80.4,136.5,4.0,15.5,90.0,1006.1,1006.1,2.7,4.3
2024-05-25 07:30:00+02:00,13.5,13.5,13.2,12.9,96.0,18.1,86.0,70.9,0.0,0.0,3.6,11.8,0.0,36.8,80.4,136.5,6.2,19.4,130.0,1006.2,1006.2,2.7,4.3
2024-05-25 07:35:00+02:00,13.5,13.5,12.6,12.7,95.0,18.1,86.0,64.9,0.0,0.0,3.6,11.8,0.0,36.8,80.4,136.5,8.6,18.4,133.0,1006.2,1006.2,2.7,4.3
2024-05-25 07:40:00+02:00,13.6,13.6,12.9,12.6,94.0,18.2,86.0,59.3,0.0,0.0,3.6,11.8,0.0,36.8,80.4,136.5,7.4,16.9,115.0,1006.1,1006.1,2.7,4.3
2024-05-25 07:45:00+02:00,13.7,13.7,13.5,12.8,94.0,18.2,86.0,91.7,0.0,0.0,3.6,11.8,0.0,36.8,80.4,136.5,5.7,10.4,113.0,1006.2,1006.2,2.7,4.4
2024-05-25 07:50:00+02:00,13.9,13.9,13.3,12.8,93.0,18.2,86.0,145.8,1.0,0.0,3.6,11.8,0.0,36.8,80.4,136.5,7.5,18.0,112.0,1006.3,1006.3,2.7,4.4
2024-05-25 07:55:00+02:00,14.3,14.3,13.5,12.9,92.0,18.3,86.0,153.7,1.0,0.0,3.6,11.8,0.0,36.8,80.4,136.5,8.6,17.3,129.0,1006.3,1006.3,2.7,4.4
2024-05-25 08:00:00+02:00,14.4,14.4,13.6,13.1,92.0,18.3,86.0,178.1,1.0,0.0,3.6,11.8,0.0,36.8,80.4,136.5,8.9,14.0,115.0,1006.3,1006.3,2.7,4.4
2024-05-25 08:05:00+02:00,14.6,14.6,14.0,13.2,91.0,18.3,86.0,160.0,1.0,0.0,3.6,11.8,0.0,36.8,80.4,136.5,8.5,15.1,129.0,1006.3,1006.3,2.7,4.4
2024-05-25 08:10:00+02:00,14.6,14.6,13.5,13.0,90.0,18.4,86.0,118.8,1.0,0.0,3.6,11.8,0.0,36.8,80.4,136.5,10.3,20.9,121.0,1006.3,1006.3,2.7,4.4
2024-05-25 08:15:00+02:00,14.6,14.6,14.0,13.2,91.0,18.5,86.0,115.5,1.0,0.0,3.6,11.8,0.0,36.8,80.4,136.5,7.9,14.8,138.0,1006.4,1006.4,2.7,4.5
2024-05-25 08:20:00+02:00,14.4,14.4,13.9,12.9,91.0,18.5,86.0,52.5,0.0,0.0,3.6,11.8,0.0,36.8,80.4,136.5,7.4,18.4,123.0,1006.5,1006.5,2.7,4.5
2024-05-25 08:25:00+02:00,14.3,14.3,13.5,12.9,91.0,18.6,87.0,49.9,0.0,0.0,3.6,11.8,0.0,36.8,80.4,136.5,8.8,16.9,111.0,1006.5,1006.5,2.7,4.5
2024-05-25 08:30:00+02:00,14.3,14.3,13.8,12.8,91.0,18.7,86.0,74.3,0.0,0.0,3.6,11.8,0.0,36.8,80.4,136.5,7.2,15.1,124.0,1006.5,1006.5,2.7,4.5
2024-05-25 08:35:00+02:00,14.3,14.3,13.9,12.9,92.0,18.7,86.0,86.9,0.0,0.0,3.6,11.8,0.0,36.8,80.4,136.5,6.9,11.5,118.0,1006.4,1006.4,2.7,4.5
2024-05-25 08:40:00+02:00,14.3,14.3,13.6,12.9,91.0,18.7,86.0,99.6,0.0,0.0,3.6,11.8,0.0,36.8,80.4,136.5,8.4,14.0,128.0,1006.4,1006.4,2.7,4.5
2024-05-25 08:45:00+02:00,14.3,14.3,13.4,12.8,91.0,18.7,86.0,106.5,0.0,0.0,3.6,11.8,0.0,36.8,80.4,136.5,9.1,17.3,117.0,1006.4,1006.4,2.7,4.6
2024-05-25 08:50:00+02:00,14.3,14.3,13.8,12.9,91.0,18.8,86.0,102.7,0.0,0.0,3.6,11.8,0.0,36.8,80.4,136.5,7.1,17.3,111.0,1006.5,1006.5,2.7,4.6
2024-05-25 08:55:00+02:00,14.3,14.3,13.7,13.0,92.0,18.8,86.0,96.3,0.0,0.0,3.6,11.8,0.0,36.8,80.4,136.5,7.9,20.2,123.0,1006.5,1006.5,2.7,4.6
2024-05-25 09:00:00+02:00,14.2,14.2,13.1,12.9,92.0,18.8,86.0,146.7,1.0,0.0,3.6,11.8,0.0,36.8,80.4,136.5,10.4,20.2,120.0,1006.5,1006.5,2.7,4.6
2024-05-25 09:05:00+02:00,14.3,14.3,13.5,13.0,92.0,18.8,86.0,171.3,1.0,0.0,3.6,11.8,0.0,36.8,80.4,136.5,8.8,21.2,124.0,1006.5,1006.5,2.7,4.6
2024-05-25 09:10:00+02:00,14.4,14.4,13.3,13.0,91.0,18.8,86.0,174.9,1.0,0.0,3.6,11.8,0.0,36.8,80.4,136.5,10.4,19.4,125.0,1006.7,1006.7,2.7,4.6
2024-05-25 09:15:00+02:00,14.3,14.3,13.3,13.0,91.0,18.9,86.0,135.0,1.0,0.0,3.6,11.8,0.0,36.8,80.4,136.5,10.0,18.7,117.0,1006.6,1006.6,2.7,4.7
2024-05-25 09:20:00+02:00,14.3,14.3,13.6,13.0,91.0,18.9,86.0,136.9,1.0,0.0,3.6,11.8,0.0,36.8,80.4,136.5,8.8,17.3,129.0,1006.7,1006.7,2.7,4.7
2024-05-25 09:25:00+02:00,14.3,14.3,13.8,13.0,92.0,19.0,86.0,177.3,1.0,0.0,3.6,11.8,0.0,36.8,80.4,136.5,7.3,19.1,129.0,1006.7,1006.7,2.7,4.7
2024-05-25 09:30:00+02:00,14.5,14.5,13.7,13.1,91.0,19.0,86.0,250.3,2.0,0.0,3.6,11.8,0.0,36.8,80.4,136.5,9.1,15.1,126.0,1006.7,1006.7,2.7,4.7
2024-05-25 09:35:00+02:00,14.6,14.6,13.5,13.1,91.0,19.0,86.0,234.4,2.0,0.0,3.6,11.8,0.0,36.8,80.4,136.5,10.4,15.5,118.0,1006.6,1006.6,2.7,4.8
2024-05-25 09:40:00+02:00,14.6,14.6,13.3,13.0,90.0,19.1,86.0,143.7,1.0,0.0,3.6,11.8,0.0,36.8,80.4,136.5,11.4,20.2,130.0,1006.6,1006.6,2.7,4.8
2024-05-25 09:45:00+02:00,14.7,14.7,13.5,13.2,91.0,19.1,86.0,130.7,1.0,0.0,3.6,11.8,0.0,36.8,80.4,136.5,11.0,20.5,121.0,1006.7,1006.7,2.7,4.8
2024-05-25 09:50:00+02:00,14.5,14.5,12.9,12.9,90.0,19.2,86.0,154.7,1.0,0.0,3.6,11.8,0.0,36.8,80.4,136.5,12.7,21.6,114.0,1006.9,1006.9,2.7,4.8
2024-05-25 09:55:00+02:00,14.5,14.5,13.3,12.9,90.0,19.2,86.0,202.8,1.0,0.0,3.6,11.8,0.0,36.8,80.4,136.5,11.1,18.7,117.0,1006.8,1006.8,2.7,4.9
2024-05-25 10:00:00+02:00,14.7,14.7,13.6,13.1,90.0,19.2,86.0,229.9,2.0,0.0,3.6,11.8,0.0,36.8,80.4,136.5,10.6,19.1,136.0,1006.8,1006.8,2.7,4.9
2024-05-25 10:05:00+02:00,14.9,14.9,14.4,13.2,89.0,19.3,86.0,247.6,2.0,0.0,3.6,11.8,0.0,36.8,80.4,136.5,7.6,13.0,141.0,1006.8,1006.8,2.7,5.0
2024-05-25 10:10:00+02:00,15.1,15.1,14.5,13.2,88.0,19.3,86.0,522.5,4.0,0.0,3.6,11.8,0.0,36.8,80.4,136.5,8.4,13.7,129.0,1006.8,1006.8,2.7,5.0
2024-05-25 10:15:00+02:00,15.7,15.7,14.5,13.5,87.0,19.4,87.0,647.5,6.0,0.0,3.6,11.8,0.0,36.8,80.4,136.5,11.7,18.0,124.0,1006.8,1006.8,2.7,5.1
2024-05-25 10:20:00+02:00,16.0,16.0,15.4,13.6,85.0,19.5,87.0,605.9,5.0,0.0,3.6,11.8,0.0,36.8,80.4,136.5,8.9,18.4,120.0,1006.7,1006.7,2.7,5.1
2024-05-25 10:25:00+02:00,15.8,15.8,14.5,13.5,86.0,19.6,87.0,258.1,2.0,0.0,3.6,11.8,0.0,36.8,80.4,136.5,12.2,18.7,128.0,1007.0,1007.0,2.7,5.2
2024-05-25 10:30:00+02:00,15.7,15.7,15.2,13.4,86.0,19.7,88.0,244.8,2.0,0.0,3.6,11.8,0.0,36.8,80.4,136.5,7.9,18.4,130.0,1007.0,1007.0,2.7,5.2
2024-05-25 10:35:00+02:00,15.6,15.6,13.8,13.3,86.0,19.8,88.0,164.2,1.0,0.0,3.6,11.8,0.0,36.8,80.4,136.5,14.6,22.0,122.0,1007.1,1007.1,2.7,5.2
2024-05-25 10:40:00+02:00,15.2,15.2,14.1,13.1,87.0,20.0,88.0,172.4,1.0,0.0,3.6,11.8,0.0,36.8,80.4,136.5,10.8,21.2,127.0,1007.1,1007.1,2.7,5.2
2024-05-25 10:45:00+02:00,15.3,15.3,14.2,13.2,87.0,20.1,88.0,351.9,3.0,0.0,3.6,11.8,0.0,36.8,80.4,136.5,11.0,18.4,136.0,1007.2,1007.2,2.7,5.2
2024-05-25 10:50:00+02:00,15.5,15.5,15.2,13.2,87.0,20.2,88.0,331.2,3.0,0.0,3.6,11.8,0.0,36.8,80.4,136.5,6.7,19.1,129.0,1007.2,1007.2,2.7,5.2
2024-05-25 10:55:00+02:00,15.7,15.7,14.9,13.4,86.0,20.2,88.0,227.3,2.0,0.0,3.6,11.8,0.0,36.8,80.4,136.5,9.0,18.0,123.0,1007.1,1007.1,2.7,5.2
2024-05-25 11:00:00+02:00,15.5,15.5,15.0,13.3,87.0,20.3,88.0,163.1,1.0,0.0,3.6,11.8,0.0,36.8,80.4,136.5,8.1,15.8,124.0,1007.1,1007.1,2.7,5.2
2024-05-25 11:05:00+02:00,15.4,15.4,15.6,13.4,88.0,20.3,88.0,107.9,1.0,0.0,3.6,11.8,0.0,36.8,80.4,136.5,4.5,15.8,115.0,1007.2,1007.2,2.7,5.2
2024-05-25 11:10:00+02:00,15.2,15.2,14.4,13.2,88.0,20.4,88.0,218.7,2.0,0.0,3.6,11.8,0.0,36.8,80.4,136.5,9.3,15.5,133.0,1007.3,1007.3,2.7,5.2
2024-05-25 11:15:00+02:00,15.1,15.1,14.1,13.1,88.0,20.4,88.0,289.1,2.0,0.0,3.6,11.8,0.0,36.8,80.4,136.5,9.9,16.9,130.0,1007.3,1007.3,2.7,5.2
2024-05-25 11:20:00+02:00,15.3,15.3,14.5,13.1,87.0,20.5,88.0,221.8,2.0,0.0,3.6,11.8,0.0,36.8,80.4,136.5,9.3,18.4,134.0,1007.3,1007.3,2.7,5.2
2024-05-25 11:25:00+02:00,15.1,15.1,13.5,12.9,86.0,20.5,88.0,204.3,1.0,0.0,3.6,11.8,0.0,36.8,80.4,136.5,13.1,21.2,123.0,1007.4,1007.4,2.7,5.2
2024-05-25 11:30:00+02:00,15.1,15.1,14.1,12.9,87.0,20.5,88.0,170.7,1.0,0.0,3.6,11.8,0.0,36.8,80.4,136.5,9.7,20.2,140.0,1007.4,1007.4,2.7,5.2
2024-05-25 11:35:00+02:00,15.2,15.2,14.6,13.1,87.0,20.6,88.0,126.0,1.0,0.0,3.6,11.8,0.0,36.8,80.4,136.5,7.7,13.0,122.0,1007.4,1007.4,2.7,5.2
2024-05-25 11:40:00+02:00,15.0,15.0,14.0,12.8,87.0,20.6,88.0,122.9,1.0,0.0,3.6,11.8,0.0,36.8,80.4,136.5,10.0,18.4,112.0,1007.4,1007.4,2.7,5.2
2024-05-25 11:45:00+02:00,15.1,15.1,14.2,12.8,87.0,20.6,88.0,121.9,1.0,0.0,3.6,11.8,0.0,36.8,80.4,136.5,8.9,15.1,126.0,1007.4,1007.4,2.7,5.2
2024-05-25 11:50:00+02:00,15.2,15.2,14.6,13.1,87.0,20.7,88.0,116.8,1.0,0.0,3.6,11.8,0.0,36.8,80.4,136.5,7.9,18.0,131.0,1007.5,1007.5,2.7,5.2
2024-05-25 11:55:00+02:00,15.1,15.1,14.0,12.8,86.0,20.7,88.0,178.4,1.0,0.0,3.6,11.8,0.0,36.8,80.4,136.5,10.0,23.0,133.0,1007.5,1007.5,2.7,5.2
2024-05-25 12:00:00+02:00,15.1,15.1,13.4,12.7,86.0,20.7,88.0,104.7,0.0,0.0,3.6,11.8,0.0,36.8,80.4,136.5,12.7,19.1,119.0,1007.5,1007.5,2.7,5.2
2024-05-25 12:05:00+02:00,15.0,15.0,13.5,12.7,86.0,20.7,88.0,141.8,1.0,0.0,3.6,11.8,0.0,36.8,80.4,136.5,12.0,18.0,124.0,1007.5,1007.5,2.7,5.2
2024-05-25 12:10:00+02:00,15.1,15.1,14.2,12.8,87.0,20.7,88.0,144.0,1.0,0.0,3.6,11.8,0.0,36.8,80.4,136.5,9.2,16.6,129.0,1007.5,1007.5,2.7,5.2
2024-05-25 12:15:00+02:00,15.2,15.2,13.9,12.8,86.0,20.7,88.0,199.6,1.0,0.0,3.6,11.8,0.0,36.8,80.4,136.5,10.9,21.2,122.0,1007.5,1007.5,2.7,5.2
2024-05-25 12:20:00+02:00,15.2,15.2,13.8,12.8,85.0,20.7,88.0,211.5,1.0,0.0,3.6,11.8,0.0,36.8,80.4,136.5,11.6,18.0,126.0,1007.5,1007.5,2.7,5.2
2024-05-25 12:25:00+02:00,15.3,15.3,14.4,12.9,85.0,20.7,88.0,219.8,2.0,0.0,3.6,11.8,0.0,36.8,80.4,136.5,9.6,19.4,123.0,1007.5,1007.5,2.7,5.2
2024-05-25 12:30:00+02:00,15.4,15.4,13.6,12.9,85.0,20.7,88.0,242.7,2.0,0.0,3.6,11.8,0.0,36.8,80.4,136.5,13.7,24.1,128.0,1007.6,1007.6,2.7,5.2
2024-05-25 12:35:00+02:00,15.5,15.5,14.7,13.0,85.0,20.7,88.0,194.9,1.0,0.0,3.6,11.8,0.0,36.8,80.4,136.5,8.9,18.0,122.0,1007.6,1007.6,2.7,5.2
2024-05-25 12:40:00+02:00,15.5,15.5,14.7,13.0,85.0,20.7,88.0,162.8,1.0,0.0,3.6,11.8,0.0,36.8,80.4,136.5,8.7,14.8,125.0,1007.6,1007.6,2.7,5.2
2024-05-25 12:45:00+02:00,15.5,15.5,15.5,13.1,86.0,20.8,88.0,195.3,1.0,0.0,3.6,11.8,0.0,36.8,80.4,136.5,5.2,15.1,135.0,1007.5,1007.5,2.7,5.2
2024-05-25 12:50:00+02:00,15.7,15.7,14.1,13.0,84.0,20.8,88.0,200.7,1.0,0.0,3.6,11.8,0.0,36.8,80.4,136.5,12.5,24.1,123.0,1007.6,1007.6,2.7,5.2
2024-05-25 12:55:00+02:00,15.5,15.5,14.7,13.0,85.0,20.8,88.0,223.8,2.0,0.0,3.6,11.8,0.0,36.8,80.4,136.5,9.1,24.1,123.0,1007.6,1007.6,2.7,5.2
2024-05-25 13:00:00+02:00,15.8,15.8,14.9,13.1,84.0,20.8,88.0,427.5,3.0,0.0,3.6,11.8,0.0,36.8,80.4,136.5,9.5,15.5,132.0,1007.7,1007.7,2.7,5.2
2024-05-25 13:05:00+02:00,16.3,16.3,16.0,13.3,83.0,20.8,88.0,359.2,3.0,0.0,3.6,11.8,0.0,36.8,80.4,136.5,6.6,16.9,130.0,1007.6,1007.6,2.7,5.2
2024-05-25 13:10:00+02:00,16.3,16.3,16.5,13.3,82.0,20.9,88.0,127.3,1.0,0.0,3.6,11.8,0.0,36.8,80.4,136.5,4.1,13.7,147.0,1007.5,1007.5,2.7,5.2
2024-05-25 13:15:00+02:00,16.2,16.2,16.1,13.2,82.0,20.9,88.0,112.5,1.0,0.0,3.6,11.8,0.0,36.8,80.4,136.5,5.6,12.2,113.0,1007.8,1007.8,2.7,5.2
2024-05-25 13:20:00+02:00,15.7,15.7,15.0,13.2,85.0,21.0,88.0,93.9,0.0,0.0,3.6,11.8,0.0,36.8,80.4,136.5,8.6,18.0,128.0,1007.7,1007.7,2.7,5.2
2024-05-25 13:25:00+02:00,15.4,15.4,14.6,13.1,86.0,21.0,88.0,114.8,1.0,0.0,3.6,11.8,0.0,36.8,80.4,136.5,9.3,18.0,135.0,1007.8,1007.8,2.7,5.2
2024-05-25 13:30:00+02:00,15.4,15.4,15.3,13.2,87.0,21.0,87.0,111.2,1.0,0.0,3.6,11.8,0.0,36.8,80.4,136.5,5.7,14.8,145.0,1007.9,1007.9,2.7,5.2
2024-05-25 13:35:00+02:00,15.4,15.4,15.1,13.1,86.0,21.0,87.0,127.6,1.0,0.0,3.6,11.8,0.0,36.8,80.4,136.5,6.4,16.6,121.0,1007.8,1007.8,2.7,5.2
2024-05-25 13:40:00+02:00,15.5,15.5,15.4,13.1,86.0,21.0,87.0,100.7,0.0,0.0,3.6,11.8,0.0,36.8,80.4,136.5,5.2,9.4,124.0,1007.8,1007.8,2.7,5.2
2024-05-25 13:45:00+02:00,15.4,15.4,14.7,13.0,85.0,21.0,87.0,104.0,0.0,0.0,3.6,11.8,0.0,36.8,80.4,136.5,8.4,15.8,123.0,1007.8,1007.8,2.7,5.2
2024-05-25 13:50:00+02:00,15.3,15.3,14.9,12.8,85.0,21.0,87.0,147.1,1.0,0.0,3.6,11.8,0.0,36.8,80.4,136.5,6.6,14.4,131.0,1007.7,1007.7,2.7,5.2
2024-05-25 13:55:00+02:00,15.5,15.5,14.8,13.0,85.0,21.0,87.0,192.5,1.0,0.0,3.6,11.8,0.0,36.8,80.4,136.5,8.4,16.2,124.0,1007.7,1007.7,2.7,5.2
2024-05-25 14:00:00+02:00,15.8,15.8,15.2,13.0,84.0,21.0,87.0,263.1,2.0,0.0,3.6,11.8,0.0,36.8,80.4,136.5,7.9,16.9,116.0,1007.8,1007.8,2.7,5.2
2024-05-25 14:05:00+02:00,15.8,15.8,15.0,13.0,83.0,21.0,87.0,257.2,2.0,0.0,3.6,11.8,0.0,36.8,80.4,136.5,9.1,17.6,130.0,1007.8,1007.8,2.7,5.2
2024-05-25 14:10:00+02:00,16.0,16.0,15.5,13.1,83.0,21.1,87.0,151.7,1.0,0.0,3.6,11.8,0.0,36.8,80.4,136.5,7.1,14.8,131.0,1007.9,1007.9,2.7,5.2
2024-05-25 14:15:00+02:00,15.9,15.9,15.5,13.2,84.0,21.0,87.0,187.6,1.0,0.0,3.6,11.8,0.0,36.8,80.4,136.5,7.1,14.8,120.0,1007.8,1007.8,2.7,5.2
2024-05-25 14:20:00+02:00,16.2,16.2,16.5,13.4,83.0,21.1,87.0,146.7,1.0,0.0,3.6,11.8,0.0,36.8,80.4,136.5,3.7,15.1,168.0,1007.9,1007.9,2.7,5.2
2024-05-25 14:25:00+02:00,16.2,16.2,16.6,13.4,83.0,21.1,87.0,256.6,2.0,0.0,3.6,11.8,0.0,36.8,80.4,136.5,3.3,15.1,125.0,1007.9,1007.9,2.7,5.2
2024-05-25 14:30:00+02:00,16.6,16.6,16.8,13.7,83.0,21.2,87.0,348.4,3.0,0.0,3.6,11.8,0.0,36.8,80.4,136.5,4.9,14.8,121.0,1007.8,1007.8,2.7,5.2
2024-05-25 14:35:00+02:00,17.0,17.0,17.3,13.9,82.0,21.2,87.0,774.7,7.0,0.0,3.6,11.8,0.0,36.8,80.4,136.5,4.5,13.7,142.0,1007.8,1007.8,2.7,5.2
2024-05-25 14:40:00+02:00,17.7,17.7,18.0,14.1,79.0,21.3,87.0,769.3,7.0,0.0,3.6,11.8,0.0,36.8,80.4,136.5,5.2,13.7,117.0,1007.7,1007.7,2.7,5.2
2024-05-25 14:45:00+02:00,17.9,17.9,17.6,14.0,78.0,21.4,87.0,747.0,6.0,0.0,3.6,11.8,0.0,36.8,80.4,136.5,7.8,18.4,128.0,1007.5,1007.5,2.7,5.2
2024-05-25 14:50:00+02:00,17.5,17.5,16.5,13.6,78.0,21.5,88.0,654.1,6.0,0.0,3.6,11.8,0.0,36.8,80.4,136.5,10.7,17.6,124.0,1007.6,1007.6,2.7,5.2
2024-05-25 14:55:00+02:00,17.3,17.3,17.1,13.6,79.0,21.6,87.0,667.8,6.0,0.0,3.6,11.8,0.0,36.8,80.4,136.5,7.1,17.6,114.0,1007.5,1007.5,2.7,5.3
2024-05-25 15:00:00+02:00,18.3,18.3,18.4,13.9,75.0,21.7,87.0,641.4,5.0,0.0,3.6,11.8,0.0,36.8,80.4,136.5,5.7,15.1,118.0,1007.7,1007.7,2.7,5.3
2024-05-25 15:05:00+02:00,18.7,18.7,19.3,14.0,74.0,21.8,88.0,589.0,5.0,0.0,3.6,11.8,0.0,36.8,80.4,136.5,3.0,14.0,140.0,1007.6,1007.6,2.7,5.3
2024-05-25 15:10:00+02:00,18.2,18.2,18.0,13.9,76.0,21.9,87.0,260.6,2.0,0.0,3.6,11.8,0.0,36.8,80.4,136.5,7.1,16.2,134.0,1007.6,1007.6,2.7,5.3
2024-05-25 15:15:00+02:00,18.2,18.2,18.4,13.7,75.0,22.0,87.0,715.1,6.0,0.0,3.6,11.8,0.0,36.8,80.4,136.5,4.8,12.2,136.0,1007.6,1007.6,2.7,5.3
2024-05-25 15:20:00+02:00,17.9,17.9,17.2,13.5,76.0,22.0,87.0,728.6,6.0,0.0,3.6,11.8,0.0,36.8,80.4,136.5,9.1,14.4,124.0,1007.6,1007.6,2.7,5.3
2024-05-25 15:25:00+02:00,18.5,18.5,18.4,13.9,74.0,22.2,88.0,629.0,5.0,0.0,3.6,11.8,0.0,36.8,80.4,136.5,6.8,13.7,126.0,1007.5,1007.5,2.7,5.3
2024-05-25 15:30:00+02:00,18.8,18.8,19.0,14.0,73.0,22.2,88.0,672.9,6.0,0.0,3.6,11.8,0.0,36.8,80.4,136.5,5.8,16.6,134.0,1007.5,1007.5,2.7,5.3
2024-05-25 15:35:00+02:00,18.4,18.4,18.0,13.6,74.0,22.3,88.0,196.3,1.0,0.0,3.6,11.8,0.0,36.8,80.4,136.5,7.6,18.0,126.0,1007.5,1007.5,2.7,5.3
2024-05-25 15:40:00+02:00,18.4,18.4,19.1,13.5,73.0,22.4,88.0,708.3,6.0,0.0,3.6,11.8,0.0,36.8,80.4,136.5,2.0,9.0,119.0,1007.5,1007.5,2.7,5.3
2024-05-25 15:45:00+02:00,19.2,19.2,19.7,14.1,73.0,22.5,88.0,288.7,2.0,0.0,3.6,11.8,0.0,36.8,80.4,136.5,3.7,7.2,108.0,1007.5,1007.5,2.7,5.3
2024-05-25 15:50:00+02:00,19.2,19.2,19.7,13.7,71.0,22.6,88.0,695.2,6.0,0.0,3.6,11.8,0.0,36.8,80.4,136.5,3.6,9.7,260.0,1007.4,1007.4,2.7,5.3
2024-05-25 15:55:00+02:00,19.9,19.9,20.5,13.9,68.0,22.7,88.0,706.5,6.0,0.0,3.6,11.8,0.0,36.8,80.4,136.5,3.0,11.2,135.0,1007.5,1007.5,2.7,5.3
2024-05-25 16:00:00+02:00,19.1,19.1,19.1,13.9,72.0,22.7,88.0,503.7,4.0,0.0,3.6,11.8,0.0,36.8,80.4,136.5,6.6,11.2,114.0,1007.4,1007.4,2.7,5.3
2024-05-25 16:05:00+02:00,18.9,18.9,19.2,13.5,71.0,22.8,88.0,624.3,5.0,0.0,3.6,11.8,0.0,36.8,80.4,136.5,4.0,10.4,102.0,1007.5,1007.5,2.7,5.3
2024-05-25 16:10:00+02:00,19.2,19.2,19.2,13.6,70.0,22.8,88.0,671.8,6.0,0.0,3.6,11.8,0.0,36.8,80.4,136.5,5.5,12.2,153.0,1007.4,1007.4,2.7,5.3
2024-05-25 16:15:00+02:00,20.2,20.2,20.3,14.1,68.0,23.0,88.0,560.8,5.0,0.0,3.6,11.8,0.0,36.8,80.4,136.5,6.0,10.4,145.0,1007.4,1007.4,2.7,5.3
2024-05-25 16:20:00+02:00,20.2,20.2,20.7,13.9,67.0,23.1,88.0,544.9,5.0,0.0,3.6,11.8,0.0,36.8,80.4,136.5,4.1,9.7,154.0,1007.4,1007.4,2.7,5.3
2024-05-25 16:25:00+02:00,18.6,18.6,18.2,13.4,72.0,23.1,88.0,295.3,2.0,0.0,3.6,11.8,0.0,36.8,80.4,136.5,7.5,14.4,122.0,1007.4,1007.4,2.7,5.3
2024-05-25 16:30:00+02:00,18.4,18.4,18.0,13.4,72.0,23.2,88.0,635.6,5.0,0.0,3.6,11.8,0.0,36.8,80.4,136.5,7.9,15.1,124.0,1007.3,1007.3,2.7,5.3
2024-05-25 16:35:00+02:00,19.0,19.0,18.6,13.5,70.0,23.2,88.0,560.5,5.0,0.0,3.6,11.8,0.0,36.8,80.4,136.5,7.6,13.7,124.0,1007.3,1007.3,2.7,5.3
2024-05-25 16:40:00+02:00,19.7,19.7,20.4,13.5,67.0,23.3,88.0,542.1,5.0,0.0,3.6,11.8,0.0,36.8,80.4,136.5,2.0,9.0,166.0,1007.3,1007.3,2.7,5.3
2024-05-25 16:45:00+02:00,20.2,20.2,20.7,13.5,65.0,23.4,88.0,521.7,4.0,0.0,3.6,11.8,0.0,36.8,80.4,136.5,3.1,7.9,266.0,1007.4,1007.4,2.7,5.3
2024-05-25 16:50:00+02:00,20.6,20.6,21.0,13.5,64.0,23.4,88.0,477.7,4.0,0.0,3.6,11.8,0.0,36.8,80.4,136.5,3.7,10.1,252.0,1007.4,1007.4,2.7,5.3
2024-05-25 16:55:00+02:00,20.6,20.6,20.7,13.6,64.0,23.5,88.0,453.5,4.0,0.0,3.6,11.8,0.0,36.8,80.4,136.5,5.2,10.1,120.0,1007.3,1007.3,2.7,5.3
2024-05-25 17:00:00+02:00,19.5,19.5,19.2,13.1,67.0,23.6,88.0,431.9,4.0,0.0,3.6,11.8,0.0,36.8,80.4,136.5,6.4,16.2,114.0,1007.3,1007.3,2.7,5.3
2024-05-25 17:05:00+02:00,19.7,19.7,20.1,13.3,66.0,23.7,88.0,436.7,4.0,0.0,3.6,11.8,0.0,36.8,80.4,136.5,3.2,7.6,141.0,1007.3,1007.3,2.7,5.3
2024-05-25 17:10:00+02:00,20.2,20.2,20.8,13.6,66.0,23.7,88.0,421.9,3.0,0.0,3.6,11.8,0.0,36.8,80.4,136.5,2.7,6.1,149.0,1007.2,1007.2,2.7,5.3
2024-05-25 17:15:00+02:00,19.9,19.9,20.3,13.5,66.0,23.8,88.0,401.7,3.0,0.0,3.6,11.8,0.0,36.8,80.4,136.5,3.7,13.0,95.0,1007.2,1007.2,2.7,5.3
2024-05-25 17:20:00+02:00,19.2,19.2,19.7,13.1,68.0,23.8,88.0,416.8,3.0,0.0,3.6,11.8,0.0,36.8,80.4,136.5,2.7,13.0,97.0,1007.2,1007.2,2.7,5.3
2024-05-25 17:25:00+02:00,19.1,19.1,18.8,13.2,69.0,23.8,88.0,406.5,3.0,0.0,3.6,11.8,0.0,36.8,80.4,136.5,7.1,13.0,131.0,1007.2,1007.2,2.7,5.3
2024-05-25 17:30:00+02:00,19.0,19.0,18.8,13.3,70.0,23.8,88.0,415.9,3.0,0.0,3.6,11.8,0.0,36.8,80.4,136.5,6.2,13.3,118.0,1007.1,1007.1,2.7,5.3
2024-05-25 17:35:00+02:00,19.5,19.5,19.9,13.5,68.0,23.8,87.0,304.7,2.0,0.0,3.6,11.8,0.0,36.8,80.4,136.5,3.6,8.3,153.0,1007.0,1007.0,2.7,5.3
2024-05-25 17:40:00+02:00,20.0,20.0,20.6,13.3,65.0,23.9,87.0,369.1,3.0,0.0,3.6,11.8,0.0,36.8,80.4,136.5,1.9,7.2,210.0,1007.0,1007.0,2.7,5.3
2024-05-25 17:45:00+02:00,20.2,20.2,20.9,13.3,65.0,23.9,87.0,344.9,3.0,0.0,3.6,11.8,0.0,36.8,80.4,136.5,1.6,5.4,191.0,1007.1,1007.1,2.7,5.3
2024-05-25 17:50:00+02:00,20.0,20.0,20.7,13.6,67.0,23.8,87.0,377.0,3.0,0.0,3.6,11.8,0.0,36.8,80.4,136.5,2.2,7.2,138.0,1006.9,1006.9,2.7,5.3
2024-05-25 17:55:00+02:00,20.7,20.7,21.4,14.1,66.0,23.8,87.0,352.7,3.0,0.0,3.6,11.8,0.0,36.8,80.4,136.5,2.8,6.5,248.0,1007.1,1007.1,2.7,5.3
2024-05-25 18:00:00+02:00,20.7,20.7,21.3,13.8,65.0,23.8,87.0,341.5,3.0,0.0,3.6,11.8,0.0,36.8,80.4,136.5,3.0,6.5,157.0,1007.0,1007.0,2.7,5.3
2024-05-25 18:05:00+02:00,19.8,19.8,20.3,13.8,68.0,23.8,87.0,208.1,1.0,0.0,3.6,11.8,0.0,36.8,80.4,136.5,3.4,13.0,142.0,1007.1,1007.1,2.7,5.3
2024-05-25 18:10:00+02:00,19.5,19.5,19.7,13.4,68.0,23.8,87.0,87.9,0.0,0.0,3.6,11.8,0.0,36.8,80.4,136.5,4.2,7.9,122.0,1007.1,1007.1,2.7,5.3
2024-05-25 18:15:00+02:00,19.0,19.0,19.5,13.1,69.0,23.8,87.0,85.2,0.0,0.0,3.6,11.8,0.0,36.8,80.4,136.5,2.5,7.9,105.0,1007.1,1007.1,2.7,5.3
2024-05-25 18:20:00+02:00,19.2,19.2,20.0,13.2,68.0,23.8,87.0,75.1,0.0,0.0,3.6,11.8,0.0,36.8,80.4,136.5,1.2,6.5,253.0,1007.1,1007.1,2.7,5.3
2024-05-25 18:25:00+02:00,19.4,19.4,20.0,13.5,69.0,23.8,87.0,124.3,1.0,0.0,3.6,11.8,0.0,36.8,80.4,136.5,2.6,4.7,151.0,1007.1,1007.1,2.7,5.3
2024-05-25 18:30:00+02:00,19.1,19.1,20.0,13.3,69.0,23.8,87.0,67.8,0.0,0.0,3.6,11.8,0.0,36.8,80.4,136.5,1.0,4.3,134.0,1007.1,1007.1,2.7,5.3
2024-05-25 18:35:00+02:00,19.2,19.2,19.9,13.2,68.0,23.8,87.0,168.8,1.0,0.0,3.6,11.8,0.0,36.8,80.4,136.5,1.5,5.8,220.0,1007.1,1007.1,2.7,5.3
2024-05-25 18:40:00+02:00,19.0,19.0,19.1,12.8,67.0,23.7,87.0,189.5,1.0,0.0,3.6,11.8,0.0,36.8,80.4,136.5,3.9,13.3,139.0,1007.1,1007.1,2.7,5.3
2024-05-25 18:45:00+02:00,18.7,18.7,19.2,12.8,69.0,23.7,87.0,120.8,1.0,0.0,3.6,11.8,0.0,36.8,80.4,136.5,2.2,7.2,91.0,1007.3,1007.3,2.7,5.3
2024-05-25 18:50:00+02:00,18.7,18.7,18.9,13.0,70.0,23.7,87.0,132.2,1.0,0.0,3.6,11.8,0.0,36.8,80.4,136.5,3.6,12.6,127.0,1007.2,1007.2,2.7,5.3
2024-05-25 18:55:00+02:00,18.2,18.2,18.3,12.9,71.0,23.7,87.0,58.6,0.0,0.0,3.6,11.8,0.0,36.8,80.4,136.5,4.0,7.9,126.0,1007.2,1007.2,2.7,5.2
2024-05-25 19:00:00+02:00,18.1,18.1,17.8,12.6,70.0,23.6,87.0,82.8,0.0,0.0,3.6,11.8,0.0,36.8,80.4,136.5,5.9,11.2,122.0,1007.1,1007.1,2.7,5.2
2024-05-25 19:05:00+02:00,18.1,18.1,18.8,13.1,73.0,23.6,87.0,85.8,0.0,0.0,3.6,11.8,0.0,36.8,80.4,136.5,1.6,6.8,114.0,1007.2,1007.2,2.7,5.2
2024-05-25 19:10:00+02:00,18.2,18.2,19.1,13.1,72.0,23.5,87.0,77.3,0.0,0.0,3.6,11.8,0.0,36.8,80.4,136.5,0.6,4.7,235.0,1007.2,1007.2,2.7,5.2
2024-05-25 19:15:00+02:00,18.5,18.5,18.9,12.9,70.0,23.5,87.0,88.2,0.0,0.0,3.6,11.8,0.0,36.8,80.4,136.5,2.5,4.3,165.0,1007.1,1007.1,2.7,5.2
2024-05-25 19:20:00+02:00,18.4,18.4,19.0,13.3,72.0,23.5,87.0,90.3,0.0,0.0,3.6,11.8,0.0,36.8,80.4,136.5,2.4,9.0,105.0,1007.3,1007.3,2.7,5.2
2024-05-25 19:25:00+02:00,18.3,18.3,18.6,12.9,71.0,23.5,87.0,59.8,0.0,0.0,3.6,11.8,0.0,36.8,80.4,136.5,2.9,7.2,110.0,1007.3,1007.3,2.7,5.2
2024-05-25 19:30:00+02:00,18.1,18.1,18.3,12.8,71.0,23.5,87.0,42.2,0.0,0.0,3.6,11.8,0.0,36.8,80.4,136.5,3.5,5.4,118.0,1007.2,1007.2,2.7,5.2
2024-05-25 19:35:00+02:00,18.1,18.1,18.9,12.9,72.0,23.4,87.0,40.3,0.0,0.0,3.6,11.8,0.0,36.8,80.4,136.5,0.4,4.7,113.0,1007.4,1007.4,2.7,5.2
2024-05-25 19:40:00+02:00,18.1,18.1,17.7,12.6,70.0,23.4,87.0,36.9,0.0,0.0,3.6,11.8,0.0,36.8,80.4,136.5,5.8,9.7,122.0,1007.2,1007.2,2.7,5.2
2024-05-25 19:45:00+02:00,18.1,18.1,18.6,12.8,71.0,23.3,87.0,34.7,0.0,0.0,3.6,11.8,0.0,36.8,80.4,136.5,1.7,11.2,141.0,1007.3,1007.3,2.7,5.2
2024-05-25 19:50:00+02:00,18.0,18.0,18.5,12.5,70.0,23.3,87.0,31.6,0.0,0.0,3.6,11.8,0.0,36.8,80.4,136.5,1.3,6.8,136.0,1007.3,1007.3,2.7,5.2
2024-05-25 19:55:00+02:00,18.0,18.0,18.4,12.6,71.0,23.3,87.0,29.4,0.0,0.0,3.6,11.8,0.0,36.8,80.4,136.5,1.9,6.5,102.0,1007.3,1007.3,2.7,5.2
2024-05-25 20:00:00+02:00,17.8,17.8,17.4,12.3,70.0,23.2,87.0,31.9,0.0,0.0,3.6,11.8,0.0,36.8,80.4,136.5,6.0,9.0,116.0,1007.4,1007.4,2.7,5.2
2024-05-25 20:05:00+02:00,17.9,17.9,17.4,12.5,71.0,23.2,87.0,31.2,0.0,0.0,3.6,11.8,0.0,36.8,80.4,136.5,6.7,8.3,111.0,1007.4,1007.4,2.7,5.2
2024-05-25 20:10:00+02:00,17.8,17.8,17.8,12.8,73.0,23.2,86.0,28.1,0.0,0.0,3.6,11.8,0.0,36.8,80.4,136.5,4.6,10.8,132.0,1007.3,1007.3,2.7,5.2
2024-05-25 20:15:00+02:00,17.6,17.6,18.0,12.7,73.0,23.1,86.0,25.0,0.0,0.0,3.6,11.8,0.0,36.8,80.4,136.5,2.1,6.1,109.0,1007.4,1007.4,2.7,5.2
2024-05-25 20:20:00+02:00,17.5,17.5,17.7,12.7,74.0,23.1,86.0,23.5,0.0,0.0,3.6,11.8,0.0,36.8,80.4,136.5,3.0,8.3,122.0,1007.5,1007.5,2.7,5.2
2024-05-25 20:25:00+02:00,17.5,17.5,17.4,12.7,73.0,23.0,86.0,22.6,0.0,0.0,3.6,11.8,0.0,36.8,80.4,136.5,4.5,8.3,122.0,1007.4,1007.4,2.7,5.2
2024-05-25 20:30:00+02:00,17.5,17.5,17.8,12.7,74.0,23.0,86.0,22.3,0.0,0.0,3.6,11.8,0.0,36.8,80.4,136.5,2.7,6.1,115.0,1007.5,1007.5,2.7,5.2
2024-05-25 20:35:00+02:00,17.4,17.4,17.5,12.8,74.0,22.9,86.0,22.2,0.0,0.0,3.6,11.8,0.0,36.8,80.4,136.5,4.1,6.5,122.0,1007.5,1007.5,2.7,5.2
2024-05-25 20:40:00+02:00,17.4,17.4,17.5,12.7,74.0,22.9,86.0,21.1,0.0,0.0,3.6,11.8,0.0,36.8,80.4,136.5,3.6,5.8,101.0,1007.5,1007.5,2.7,5.2
2024-05-25 20:45:00+02:00,17.3,17.3,17.9,12.9,76.0,22.8,86.0,15.6,0.0,0.0,3.6,11.8,0.0,36.8,80.4,136.5,1.4,7.9,132.0,1007.5,1007.5,2.7,5.2
2024-05-25 20:50:00+02:00,17.1,17.1,17.7,12.7,75.0,22.8,86.0,13.9,0.0,0.0,3.6,11.8,0.0,36.8,80.4,136.5,1.0,3.6,122.0,1007.6,1007.6,2.7,5.2
2024-05-25 20:55:00+02:00,17.0,17.0,17.6,12.6,75.0,22.7,86.0,12.1,0.0,0.0,3.6,11.8,0.0,36.8,80.4,136.5,0.9,3.2,138.0,1007.6,1007.6,2.7,5.2
2024-05-25 21:00:00+02:00,16.8,16.8,17.5,12.6,77.0,22.7,86.0,10.3,0.0,0.0,3.6,11.8,0.0,36.8,80.4,136.5,0.4,2.9,137.0,1007.7,1007.7,2.7,5.2
2024-05-25 21:05:00+02:00,16.5,16.5,17.3,12.7,78.0,22.6,86.0,8.6,0.0,0.0,3.6,11.8,0.0,36.8,80.4,136.5,0.0,1.8,121.0,1007.7,1007.7,2.7,5.2
2024-05-25 21:10:00+02:00,16.3,16.3,17.1,12.6,79.0,22.6,86.0,7.1,0.0,0.0,3.6,11.8,0.0,36.8,80.4,136.5,0.0,1.8,124.0,1007.7,1007.7,2.7,5.2
2024-05-25 21:15:00+02:00,15.9,15.9,16.6,12.8,82.0,22.6,85.0,5.7,0.0,0.0,3.6,11.8,0.0,36.8,80.4,136.5,0.7,2.2,113.0,1007.9,1007.9,2.7,5.2
2024-05-25 21:20:00+02:00,15.7,15.7,16.4,12.6,82.0,22.5,85.0,4.3,0.0,0.0,3.6,11.8,0.0,36.8,80.4,136.5,0.0,2.5,135.0,1007.8,1007.8,2.7,5.2
2024-05-25 21:25:00+02:00,15.4,15.4,16.2,12.5,83.0,22.5,85.0,3.1,0.0,0.0,3.6,11.8,0.0,36.8,80.4,136.5,0.0,2.2,118.0,1007.8,1007.8,2.7,5.2
2024-05-25 21:30:00+02:00,15.1,15.1,15.9,12.5,84.0,22.4,85.0,2.1,0.0,0.0,3.6,11.8,0.0,36.8,80.4,136.5,0.0,2.5,125.0,1008.0,1008.0,2.7,5.2
2024-05-25 21:35:00+02:00,14.9,14.9,15.5,12.4,85.0,22.3,85.0,1.3,0.0,0.0,3.6,11.8,0.0,36.8,80.4,136.5,0.7,2.5,126.0,1007.9,1007.9,2.7,5.2
2024-05-25 21:40:00+02:00,14.7,14.7,15.3,12.4,86.0,22.3,85.0,0.9,0.0,0.0,3.6,11.8,0.0,36.8,80.4,136.5,0.7,3.2,116.0,1007.9,1007.9,2.7,5.2
2024-05-25 21:45:00+02:00,14.5,14.5,14.9,12.3,87.0,22.2,85.0,0.5,0.0,0.0,3.6,11.8,0.0,36.8,80.4,136.5,1.4,2.9,110.0,1007.9,1007.9,2.7,5.2
2024-05-25 21:50:00+02:00,14.3,14.3,14.5,12.2,87.0,22.2,85.0,0.2,0.0,0.0,3.6,11.8,0.0,36.8,80.4,136.5,2.4,3.6,110.0,1007.9,1007.9,2.7,5.2
2024-05-25 21:55:00+02:00,14.2,14.2,14.4,12.3,88.0,22.1,85.0,0.2,0.0,0.0,3.6,11.8,0.0,36.8,80.4,136.5,2.4,3.6,112.0,1008.0,1008.0,2.7,5.1
2024-05-25 22:00:00+02:00,14.2,14.2,14.5,12.4,89.0,22.0,85.0,0.1,0.0,0.0,3.6,11.8,0.0,36.8,80.4,136.5,2.2,2.9,117.0,1008.1,1008.1,2.7,5.1
2024-05-25 22:05:00+02:00,13.9,13.9,14.2,12.3,90.0,21.9,85.0,0.0,0.0,0.0,3.6,11.8,0.0,36.8,80.4,136.5,2.2,2.9,117.0,1008.1,1008.1,2.7,5.1
2024-05-25 22:10:00+02:00,13.7,13.7,13.9,12.2,90.0,21.8,85.0,0.0,0.0,0.0,3.6,11.8,0.0,36.8,80.4,136.5,2.4,3.6,114.0,1008.0,1008.0,2.7,5.1
2024-05-25 22:15:00+02:00,13.7,13.7,14.0,12.2,91.0,21.8,85.0,0.0,0.0,0.0,3.6,11.8,0.0,36.8,80.4,136.5,1.9,3.2,116.0,1008.2,1008.2,2.7,5.1
2024-05-25 22:20:00+02:00,13.5,13.5,14.1,12.1,91.0,21.7,85.0,0.0,0.0,0.0,3.6,11.8,0.0,36.8,80.4,136.5,0.4,2.5,127.0,1008.3,1008.3,2.7,5.1
2024-05-25 22:25:00+02:00,13.3,13.3,13.8,11.8,91.0,21.6,85.0,0.0,0.0,0.0,3.6,11.8,0.0,36.8,80.4,136.5,0.4,2.2,122.0,1008.3,1008.3,2.7,5.1
2024-05-25 22:30:00+02:00,13.1,13.1,13.5,11.8,92.0,21.5,85.0,0.0,0.0,0.0,3.6,11.8,0.0,36.8,80.4,136.5,0.8,2.2,123.0,1008.4,1008.4,2.7,5.1
2024-05-25 22:35:00+02:00,12.9,12.9,13.4,11.6,92.0,21.5,85.0,0.0,0.0,0.0,3.6,11.8,0.0,36.8,80.4,136.5,0.0,1.8,124.0,1008.2,1008.2,2.7,5.1
2024-05-25 22:40:00+02:00,12.8,12.8,13.3,11.6,93.0,21.4,84.0,0.0,0.0,0.0,3.6,11.8,0.0,36.8,80.4,136.5,0.0,2.2,94.0,1008.3,1008.3,2.7,5.1
2024-05-25 22:45:00+02:00,12.7,12.7,13.2,11.6,93.0,21.3,84.0,0.0,0.0,0.0,3.6,11.8,0.0,36.8,80.4,136.5,0.4,1.8,107.0,1008.3,1008.3,2.7,5.1
2024-05-25 22:50:00+02:00,12.7,12.7,13.2,11.8,94.0,21.2,84.0,0.0,0.0,0.0,3.6,11.8,0.0,36.8,80.4,136.5,0.5,2.2,118.0,1008.4,1008.4,2.7,5.1
2024-05-25 22:55:00+02:00,12.7,12.7,13.0,11.9,95.0,21.2,84.0,0.0,0.0,0.0,3.6,11.8,0.0,36.8,80.4,136.5,1.2,2.2,103.0,1008.4,1008.4,2.7,5.1
2024-05-25 23:00:00+02:00,12.7,12.7,13.0,11.9,95.0,21.1,84.0,0.0,0.0,0.0,3.6,11.8,0.0,36.8,80.4,136.5,1.4,2.5,109.0,1008.4,1008.4,2.7,5.1
2024-05-25 23:05:00+02:00,12.6,12.6,12.9,11.9,95.0,21.0,84.0,0.0,0.0,0.0,3.6,11.8,0.0,36.8,80.4,136.5,1.6,2.9,105.0,1008.4,1008.4,2.7,5.1
2024-05-25 23:10:00+02:00,12.5,12.5,12.5,11.8,95.0,20.9,84.0,0.0,0.0,0.0,3.6,11.8,0.0,36.8,80.4,136.5,3.1,4.0,104.0,1008.4,1008.4,2.7,5.1
2024-05-25 23:15:00+02:00,12.4,12.4,12.5,11.8,96.0,20.8,84.0,0.0,0.0,0.0,3.6,11.8,0.0,36.8,80.4,136.5,2.8,4.0,115.0,1008.4,1008.4,2.7,5.1
2024-05-25 23:20:00+02:00,12.3,12.3,12.4,11.7,96.0,20.7,84.0,0.0,0.0,0.0,3.6,11.8,0.0,36.8,80.4,136.5,2.2,3.2,111.0,1008.4,1008.4,2.7,5.1
2024-05-25 23:25:00+02:00,12.3,12.3,12.4,11.7,96.0,20.7,84.0,0.0,0.0,0.0,3.6,11.8,0.0,36.8,80.4,136.5,2.3,2.9,105.0,1008.4,1008.4,2.7,5.1
2024-05-25 23:30:00+02:00,12.3,12.3,12.7,11.6,96.0,20.6,84.0,0.0,0.0,0.0,3.6,11.8,0.0,36.8,80.4,136.5,0.4,2.9,113.0,1008.5,1008.5,2.7,5.1
2024-05-25 23:35:00+02:00,12.0,12.0,12.5,11.4,96.0,20.5,84.0,0.0,0.0,0.0,3.6,11.8,0.0,36.8,80.4,136.5,0.0,1.8,146.0,1008.4,1008.4,2.7,5.1
2024-05-25 23:40:00+02:00,12.3,12.3,12.7,11.7,96.0,20.5,84.0,0.0,0.0,0.0,3.6,11.8,0.0,36.8,80.4,136.5,0.8,2.5,125.0,1008.4,1008.4,2.7,5.1
2024-05-25 23:45:00+02:00,12.1,12.1,12.4,11.5,96.0,20.4,84.0,0.0,0.0,0.0,3.6,11.8,0.0,36.8,80.4,136.5,0.8,2.9,113.0,1008.5,1008.5,2.7,5.0
2024-05-25 23:50:00+02:00,11.9,11.9,12.4,11.3,96.0,20.3,84.0,0.0,0.0,0.0,3.6,11.8,0.0,36.8,80.4,136.5,0.0,2.2,122.0,1008.5,1008.5,2.7,5.0
2024-05-25 23:55:00+02:00,12.0,12.0,12.0,11.5,97.0,20.2,84.0,0.0,0.0,0.0,3.6,11.8,0.0,36.8,80.4,136.5,2.0,3.2,116.0,1008.6,1008.6,2.7,5.0
2024-05-26 00:00:00+02:00,11.9,11.9,12.2,11.5,97.0,20.2,84.0,0.0,0.0,0.0,0.0,11.8,0.0,0.0,80.4,136.5,1.2,2.9,108.0,1008.6,1008.6,2.7,5.0
2024-05-26 00:05:00+02:00,11.8,11.8,12.2,11.4,97.0,20.1,84.0,0.0,0.0,0.0,0.0,11.8,0.0,0.0,80.4,136.5,0.4,2.5,115.0,1008.6,1008.6,2.7,5.0
2024-05-26 00:10:00+02:00,11.8,11.8,12.0,11.4,97.0,20.0,84.0,0.0,0.0,0.0,0.0,11.8,0.0,0.0,80.4,136.5,1.7,2.9,112.0,1008.7,1008.7,2.7,5.0
2024-05-26 00:15:00+02:00,11.8,11.8,12.0,11.3,97.0,19.9,84.0,0.0,0.0,0.0,0.0,11.8,0.0,0.0,80.4,136.5,0.7,2.9,113.0,1008.5,1008.5,2.7,5.0
2024-05-26 00:20:00+02:00,11.5,11.5,11.9,11.1,97.0,19.8,84.0,0.0,0.0,0.0,0.0,11.8,0.0,0.0,80.4,136.5,0.0,1.8,108.0,1008.6,1008.6,2.7,5.0
2024-05-26 00:25:00+02:00,11.7,11.7,11.7,11.2,97.0,19.8,84.0,0.0,0.0,0.0,0.0,11.8,0.0,0.0,80.4,136.5,1.6,2.5,100.0,1008.6,1008.6,2.7,5.0
2024-05-26 00:30:00+02:00,11.6,11.6,12.0,11.2,97.0,19.7,84.0,0.0,0.0,0.0,0.0,11.8,0.0,0.0,80.4,136.5,0.0,2.2,110.0,1008.5,1008.5,2.7,5.0
2024-05-26 00:35:00+02:00,11.5,11.5,11.7,11.2,98.0,19.6,84.0,0.0,0.0,0.0,0.0,11.8,0.0,0.0,80.4,136.5,1.3,3.2,102.0,1008.6,1008.6,2.7,5.0
2024-05-26 00:40:00+02:00,11.6,11.6,11.5,11.3,98.0,19.6,84.0,0.0,0.0,0.0,0.0,11.8,0.0,0.0,80.4,136.5,2.7,3.6,106.0,1008.4,1008.4,2.7,5.0
2024-05-26 00:45:00+02:00,11.6,11.6,11.9,11.3,98.0,19.5,84.0,0.0,0.0,0.0,0.0,11.8,0.0,0.0,80.4,136.5,0.4,2.5,106.0,1008.4,1008.4,2.7,5.0
2024-05-26 00:50:00+02:00,11.5,11.5,11.7,11.2,98.0,19.4,84.0,0.0,0.0,0.0,0.0,11.8,0.0,0.0,80.4,136.5,1.0,2.5,89.0,1008.5,1008.5,2.7,5.0
2024-05-26 00:55:00+02:00,11.6,11.6,11.7,11.3,98.0,19.3,84.0,0.0,0.0,0.0,0.0,11.8,0.0,0.0,80.4,136.5,1.8,3.2,93.0,1008.4,1008.4,2.7,5.0
2024-05-26 01:00:00+02:00,11.6,11.6,11.8,11.3,98.0,19.3,84.0,0.0,0.0,0.0,0.0,11.8,0.0,0.0,80.4,136.5,1.2,2.9,115.0,1008.4,1008.4,2.7,5.0
2024-05-26 01:05:00+02:00,11.5,11.5,11.7,11.2,98.0,19.2,84.0,0.0,0.0,0.0,0.0,11.8,0.0,0.0,80.4,136.5,0.8,2.5,98.0,1008.5,1008.5,2.7,5.0
2024-05-26 01:10:00+02:00,11.5,11.5,11.6,11.2,98.0,19.1,84.0,0.0,0.0,0.0,0.0,11.8,0.0,0.0,80.4,136.5,1.6,3.2,108.0,1008.5,1008.5,2.7,5.0
2024-05-26 01:15:00+02:00,11.4,11.4,11.7,11.2,98.0,19.0,84.0,0.0,0.0,0.0,0.0,11.8,0.0,0.0,80.4,136.5,0.7,2.5,106.0,1008.4,1008.4,2.7,5.0
2024-05-26 01:20:00+02:00,11.3,11.3,11.6,11.0,98.0,19.0,84.0,0.0,0.0,0.0,0.0,11.8,0.0,0.0,80.4,136.5,0.4,2.2,103.0,1008.2,1008.2,2.7,5.0
2024-05-26 01:25:00+02:00,11.3,11.3,11.6,11.0,98.0,19.0,84.0,0.0,0.0,0.0,0.0,11.8,0.0,0.0,80.4,136.5,0.0,2.2,113.0,1008.3,1008.3,2.7,5.0
2024-05-26 01:30:00+02:00,11.0,11.0,11.3,10.8,98.0,18.9,84.0,0.0,0.0,0.0,0.0,11.8,0.0,0.0,80.4,136.5,0.0,1.8,94.0,1008.3,1008.3,2.7,5.0
2024-05-26 01:35:00+02:00,11.0,11.0,11.2,10.7,98.0,18.8,84.0,0.0,0.0,0.0,0.0,11.8,0.0,0.0,80.4,136.5,0.0,1.8,125.0,1008.4,1008.4,2.7,4.9
2024-05-26 01:40:00+02:00,10.8,10.8,11.0,10.6,98.0,18.7,84.0,0.0,0.0,0.0,0.0,11.8,0.0,0.0,80.4,136.5,0.4,2.2,113.0,1008.4,1008.4,2.7,4.9
2024-05-26 01:45:00+02:00,11.1,11.1,11.1,10.8,98.0,18.7,84.0,0.0,0.0,0.0,0.0,11.8,0.0,0.0,80.4,136.5,1.4,3.6,126.0,1008.3,1008.3,2.7,4.9
2024-05-26 01:50:00+02:00,11.3,11.3,11.2,11.0,98.0,18.6,84.0,0.0,0.0,0.0,0.0,11.8,0.0,0.0,80.4,136.5,2.1,3.6,118.0,1008.2,1008.2,2.7,4.9
2024-05-26 01:55:00+02:00,11.3,11.3,11.3,11.0,98.0,18.6,84.0,0.0,0.0,0.0,0.0,11.8,0.0,0.0,80.4,136.5,1.7,2.9,102.0,1008.2,1008.2,2.7,4.9
2024-05-26 02:00:00+02:00,11.1,11.1,11.2,10.8,98.0,18.5,84.0,0.0,0.0,0.0,0.0,0.0,0.0,0.0,80.4,136.5,0.7,2.9,133.0,1008.2,1008.2,2.7,4.9
2024-05-26 02:05:00+02:00,11.1,11.1,11.1,10.8,98.0,18.5,84.0,0.0,0.0,0.0,0.0,0.0,0.0,0.0,80.4,136.5,1.5,3.6,117.0,1008.1,1008.1,2.7,4.9
2024-05-26 02:10:00+02:00,11.1,11.1,10.8,10.8,98.0,18.4,84.0,0.0,0.0,0.0,0.0,0.0,0.0,0.0,80.4,136.5,2.9,4.0,114.0,1008.2,1008.2,2.7,4.9
2024-05-26 02:15:00+02:00,11.0,11.0,10.9,10.7,98.0,18.3,84.0,0.0,0.0,0.0,0.0,0.0,0.0,0.0,80.4,136.5,1.8,3.6,129.0,1008.1,1008.1,2.7,4.9
2024-05-26 02:20:00+02:00,10.9,10.9,11.1,10.6,98.0,18.2,84.0,0.0,0.0,0.0,0.0,0.0,0.0,0.0,80.4,136.5,0.0,2.5,128.0,1008.1,1008.1,2.7,4.9
2024-05-26 02:25:00+02:00,10.8,10.8,11.0,10.5,98.0,18.2,84.0,0.0,0.0,0.0,0.0,0.0,0.0,0.0,80.4,136.5,0.0,2.5,114.0,1008.0,1008.0,2.7,4.9
2024-05-26 02:30:00+02:00,10.8,10.8,10.9,10.5,98.0,18.2,84.0,0.0,0.0,0.0,0.0,0.0,0.0,0.0,80.4,136.5,0.4,2.2,118.0,1008.0,1008.0,2.7,4.9
2024-05-26 02:35:00+02:00,11.0,11.0,11.3,10.8,98.0,18.1,84.0,0.0,0.0,0.0,0.0,0.0,0.0,0.0,80.4,136.5,0.0,0.0,269.0,1008.1,1008.1,2.7,4.9
2024-05-26 02:40:00+02:00,10.8,10.8,11.0,10.5,98.0,18.1,84.0,0.0,0.0,0.0,0.0,0.0,0.0,0.0,80.4,136.5,0.4,2.2,111.0,1008.1,1008.1,2.7,4.9
2024-05-26 02:45:00+02:00,10.7,10.7,10.7,10.5,98.0,18.0,84.0,0.0,0.0,0.0,0.0,0.0,0.0,0.0,80.4,136.5,1.2,2.5,114.0,1008.0,1008.0,2.7,4.9
2024-05-26 02:50:00+02:00,10.8,10.8,10.9,10.6,99.0,18.0,84.0,0.0,0.0,0.0,0.0,0.0,0.0,0.0,80.4,136.5,0.4,2.5,111.0,1008.0,1008.0,2.7,4.9
2024-05-26 02:55:00+02:00,10.8,10.8,10.9,10.6,99.0,17.9,84.0,0.0,0.0,0.0,0.0,0.0,0.0,0.0,80.4,136.5,0.5,2.2,129.0,1007.9,1007.9,2.7,4.8
2024-05-26 03:00:00+02:00,10.7,10.7,10.7,10.5,99.0,17.9,84.0,0.0,0.0,0.0,0.0,0.0,0.0,0.0,80.4,136.5,0.8,2.5,113.0,1008.0,1008.0,2.7,4.8
2024-05-26 03:05:00+02:00,10.8,10.8,11.0,10.6,99.0,17.8,84.0,0.0,0.0,0.0,0.0,0.0,0.0,0.0,80.4,136.5,0.0,2.2,114.0,1008.0,1008.0,2.7,4.8
2024-05-26 03:10:00+02:00,11.0,11.0,11.2,10.8,99.0,17.8,84.0,0.0,0.0,0.0,0.0,0.0,0.0,0.0,80.4,136.5,0.0,0.0,104.0,1008.0,1008.0,2.7,4.8
2024-05-26 03:15:00+02:00,10.8,10.8,11.0,10.6,99.0,17.7,84.0,0.0,0.0,0.0,0.0,0.0,0.0,0.0,80.4,136.5,0.0,2.2,115.0,1007.9,1007.9,2.7,4.8
2024-05-26 03:20:00+02:00,10.8,10.8,11.0,10.6,99.0,17.7,84.0,0.0,0.0,0.0,0.0,0.0,0.0,0.0,80.4,136.5,0.0,0.0,131.0,1007.9,1007.9,2.7,4.8
2024-05-26 03:25:00+02:00,10.6,10.6,10.7,10.5,99.0,17.7,84.0,0.0,0.0,0.0,0.0,0.0,0.0,0.0,80.4,136.5,0.4,2.2,113.0,1007.8,1007.8,2.7,4.8
2024-05-26 03:30:00+02:00,10.3,10.3,10.4,10.2,99.0,17.6,84.0,0.0,0.0,0.0,0.0,0.0,0.0,0.0,80.4,136.5,0.4,2.5,115.0,1007.8,1007.8,2.7,4.8
2024-05-26 03:35:00+02:00,10.5,10.5,10.4,10.3,99.0,17.6,84.0,0.0,0.0,0.0,0.0,0.0,0.0,0.0,80.4,136.5,1.2,2.5,109.0,1007.9,1007.9,2.7,4.8
2024-05-26 03:40:00+02:00,10.4,10.4,10.4,10.2,99.0,17.6,84.0,0.0,0.0,0.0,0.0,0.0,0.0,0.0,80.4,136.5,0.4,2.2,110.0,1007.8,1007.8,2.7,4.8
2024-05-26 03:45:00+02:00,10.5,10.5,10.6,10.3,99.0,17.5,84.0,0.0,0.0,0.0,0.0,0.0,0.0,0.0,80.4,136.5,0.4,2.9,112.0,1007.9,1007.9,2.7,4.8
2024-05-26 03:50:00+02:00,10.4,10.4,10.3,10.3,99.0,17.5,84.0,0.0,0.0,0.0,0.0,0.0,0.0,0.0,80.4,136.5,1.2,2.2,109.0,1007.9,1007.9,2.7,4.8
2024-05-26 03:55:00+02:00,10.3,10.3,10.4,10.2,99.0,17.4,84.0,0.0,0.0,0.0,0.0,0.0,0.0,0.0,80.4,136.5,0.0,2.2,116.0,1007.7,1007.7,2.7,4.8
2024-05-26 04:00:00+02:00,10.2,10.2,10.3,10.0,99.0,17.4,84.0,0.0,0.0,0.0,0.0,0.0,0.0,0.0,80.4,136.5,0.0,2.2,101.0,1007.8,1007.8,2.7,4.8
2024-05-26 04:05:00+02:00,10.1,10.1,10.0,10.0,99.0,17.3,84.0,0.0,0.0,0.0,0.0,0.0,0.0,0.0,80.4,136.5,0.7,2.5,115.0,1007.8,1007.8,2.7,4.8
2024-05-26 04:10:00+02:00,10.1,10.1,10.1,9.9,99.0,17.3,84.0,0.0,0.0,0.0,0.0,0.0,0.0,0.0,80.4,136.5,0.0,2.2,105.0,1007.8,1007.8,2.7,4.8
2024-05-26 04:15:00+02:00,10.3,10.3,10.4,10.2,99.0,17.3,84.0,0.0,0.0,0.0,0.0,0.0,0.0,0.0,80.4,136.5,0.0,2.5,60.0,1007.5,1007.5,2.7,4.8
2024-05-26 04:20:00+02:00,10.5,10.5,10.7,10.4,99.0,17.2,84.0,0.0,0.0,0.0,0.0,0.0,0.0,0.0,80.4,136.5,0.0,0.0,114.0,1007.6,1007.6,2.7,4.8
2024-05-26 04:25:00+02:00,10.5,10.5,10.7,10.3,99.0,17.2,84.0,0.0,0.0,0.0,0.0,0.0,0.0,0.0,80.4,136.5,0.0,0.0,115.0,1007.7,1007.7,2.7,4.7
2024-05-26 04:30:00+02:00,10.6,10.6,10.8,10.4,99.0,17.2,84.0,0.0,0.0,0.0,0.0,0.0,0.0,0.0,80.4,136.5,0.0,0.0,352.0,1007.6,1007.6,2.7,4.7
2024-05-26 04:35:00+02:00,10.6,10.6,10.7,10.4,99.0,17.1,84.0,0.0,0.0,0.0,0.0,0.0,0.0,0.0,80.4,136.5,0.0,0.0,245.0,1007.6,1007.6,2.7,4.7
2024-05-26 04:40:00+02:00,10.5,10.5,10.7,10.4,99.0,17.1,84.0,0.0,0.0,0.0,0.0,0.0,0.0,0.0,80.4,136.5,0.0,0.0,113.0,1007.5,1007.5,2.7,4.7
2024-05-26 04:45:00+02:00,10.3,10.3,10.4,10.2,99.0,17.1,84.0,0.0,0.0,0.0,0.0,0.0,0.0,0.0,80.4,136.5,0.4,2.2,120.0,1007.6,1007.6,2.7,4.7
2024-05-26 04:50:00+02:00,10.2,10.2,10.2,10.0,99.0,17.0,84.0,0.1,0.0,0.0,0.0,0.0,0.0,0.0,80.4,136.5,0.0,1.8,73.0,1007.5,1007.5,2.7,4.7
2024-05-26 04:55:00+02:00,10.0,10.0,9.9,9.9,99.0,17.0,84.0,0.2,0.0,0.0,0.0,0.0,0.0,0.0,80.4,136.5,0.5,2.5,112.0,1007.5,1007.5,2.7,4.7
2024-05-26 05:00:00+02:00,10.3,10.3,10.1,10.1,99.0,17.0,84.0,0.2,0.0,0.0,0.0,0.0,0.0,0.0,80.4,136.5,1.2,2.9,98.0,1007.5,1007.5,2.7,4.7
2024-05-26 05:05:00+02:00,10.3,10.3,10.2,10.1,99.0,16.9,84.0,0.5,0.0,0.0,0.0,0.0,0.0,0.0,80.4,136.5,1.2,2.5,103.0,1007.4,1007.4,2.7,4.7
2024-05-26 05:10:00+02:00,10.2,10.2,10.3,10.1,99.0,16.9,84.0,0.9,0.0,0.0,0.0,0.0,0.0,0.0,80.4,136.5,0.0,2.2,124.0,1007.4,1007.4,2.7,4.7
2024-05-26 05:15:00+02:00,10.1,10.1,10.1,9.9,99.0,16.8,84.0,1.4,0.0,0.0,0.0,0.0,0.0,0.0,80.4,136.5,0.0,2.2,102.0,1007.3,1007.3,2.7,4.7
2024-05-26 05:20:00+02:00,10.0,10.0,9.9,9.8,99.0,16.8,84.0,2.5,0.0,0.0,0.0,0.0,0.0,0.0,80.4,136.5,0.4,2.2,111.0,1007.3,1007.3,2.7,4.7
2024-05-26 05:25:00+02:00,10.0,10.0,10.0,9.8,99.0,16.8,84.0,3.5,0.0,0.0,0.0,0.0,0.0,0.0,80.4,136.5,0.0,2.2,105.0,1007.3,1007.3,2.7,4.7
2024-05-26 05:30:00+02:00,10.2,10.2,10.3,10.1,99.0,16.8,84.0,4.8,0.0,0.0,0.0,0.0,0.0,0.0,80.4,136.5,0.0,1.8,14.0,1007.3,1007.3,2.7,4.7
2024-05-26 05:35:00+02:00,10.2,10.2,10.3,10.1,99.0,16.8,84.0,6.3,0.0,0.0,0.0,0.0,0.0,0.0,80.4,136.5,0.0,1.8,320.0,1007.4,1007.4,2.7,4.7
2024-05-26 05:40:00+02:00,10.3,10.3,10.3,10.1,99.0,16.7,84.0,8.3,0.0,0.0,0.0,0.0,0.0,0.0,80.4,136.5,0.0,1.8,66.0,1007.3,1007.3,2.7,4.7
2024-05-26 05:45:00+02:00,10.2,10.2,10.3,10.1,99.0,16.7,84.0,11.1,0.0,0.0,0.0,0.0,0.0,0.0,80.4,136.5,0.0,1.8,87.0,1007.3,1007.3,2.7,4.6
2024-05-26 05:50:00+02:00,10.1,10.1,10.0,9.9,99.0,16.7,84.0,14.2,0.0,0.0,0.0,0.0,0.0,0.0,80.4,136.5,0.4,2.5,134.0,1007.3,1007.3,2.7,4.6
2024-05-26 05:55:00+02:00,10.2,10.2,10.1,10.0,99.0,16.6,84.0,16.7,0.0,0.0,0.0,0.0,0.0,0.0,80.4,136.5,0.5,2.5,115.0,1007.3,1007.3,2.7,4.6
2024-05-26 06:00:00+02:00,10.1,10.1,10.1,10.0,99.0,16.6,84.0,19.2,0.0,0.0,0.0,0.0,0.0,0.0,80.4,136.5,0.0,1.8,66.0,1007.3,1007.3,2.7,4.6
2024-05-26 06:05:00+02:00,10.3,10.3,10.3,10.1,99.0,16.6,84.0,21.4,0.0,0.0,0.0,0.0,0.0,0.0,80.4,136.5,0.0,0.0,64.0,1007.3,1007.3,2.7,4.6
2024-05-26 06:10:00+02:00,10.3,10.3,10.3,10.1,99.0,16.6,84.0,25.1,0.0,0.0,0.0,0.0,0.0,0.0,80.4,136.5,0.4,2.5,101.0,1007.3,1007.3,2.7,4.6
2024-05-26 06:15:00+02:00,10.4,10.4,10.3,10.3,99.0,16.6,84.0,29.4,0.0,0.0,0.0,0.0,0.0,0.0,80.4,136.5,1.4,3.6,106.0,1007.2,1007.2,2.7,4.6
2024-05-26 06:20:00+02:00,10.5,10.5,10.2,10.3,99.0,16.6,84.0,32.3,0.0,0.0,0.0,0.0,0.0,0.0,80.4,136.5,2.3,4.0,110.0,1007.2,1007.2,2.7,4.6
2024-05-26 06:25:00+02:00,10.6,10.6,10.4,10.5,99.0,16.6,84.0,32.8,0.0,0.0,0.0,0.0,0.0,0.0,80.4,136.5,2.0,4.0,110.0,1007.2,1007.2,2.7,4.6
2024-05-26 06:30:00+02:00,10.7,10.7,10.9,10.6,99.0,16.6,84.0,38.2,0.0,0.0,0.0,0.0,0.0,0.0,80.4,136.5,0.4,2.9,114.0,1007.1,1007.1,2.7,4.6
2024-05-26 06:35:00+02:00,11.0,11.0,11.3,10.9,99.0,16.6,85.0,46.6,0.0,0.0,0.0,0.0,0.0,0.0,80.4,136.5,0.0,0.0,56.0,1007.1,1007.1,2.7,4.6
2024-05-26 06:40:00+02:00,11.3,11.3,11.6,11.2,99.0,16.6,85.0,47.1,0.0,0.0,0.0,0.0,0.0,0.0,80.4,136.5,0.4,1.8,22.0,1007.1,1007.1,2.7,4.6
2024-05-26 06:45:00+02:00,11.6,11.6,12.1,11.4,99.0,16.7,85.0,44.2,0.0,0.0,0.0,0.0,0.0,0.0,80.4,136.5,0.0,1.8,63.0,1007.0,1007.0,2.7,4.7
2024-05-26 06:50:00+02:00,11.7,11.7,12.0,11.6,99.0,16.7,85.0,36.5,0.0,0.0,0.0,0.0,0.0,0.0,80.4,136.5,0.9,2.5,113.0,1007.0,1007.0,2.7,4.7
2024-05-26 06:55:00+02:00,11.6,11.6,12.0,11.5,99.0,16.8,85.0,35.9,0.0,0.0,0.0,0.0,0.0,0.0,80.4,136.5,0.5,2.5,113.0,1007.1,1007.1,2.7,4.7
2024-05-26 07:00:00+02:00,11.6,11.6,11.9,11.4,99.0,16.9,85.0,41.5,0.0,0.0,0.0,0.0,0.0,0.0,80.4,136.5,0.9,2.5,109.0,1007.1,1007.1,2.7,4.7
2024-05-26 07:05:00+02:00,11.7,11.7,12.0,11.5,99.0,16.9,85.0,46.5,0.0,0.0,0.0,0.0,0.0,0.0,80.4,136.5,0.4,2.5,129.0,1007.2,1007.2,2.7,4.7
2024-05-26 07:10:00+02:00,11.8,11.8,12.3,11.6,99.0,17.0,86.0,51.2,0.0,0.0,0.0,0.0,0.0,0.0,80.4,136.5,0.0,2.2,131.0,1007.2,1007.2,2.7,4.7
2024-05-26 07:15:00+02:00,11.9,11.9,12.4,11.7,99.0,17.0,86.0,53.5,0.0,0.0,0.0,0.0,0.0,0.0,80.4,136.5,0.0,0.0,109.0,1007.2,1007.2,2.7,4.7
2024-05-26 07:20:00+02:00,12.1,12.1,12.7,11.9,99.0,17.0,86.0,53.3,0.0,0.0,0.0,0.0,0.0,0.0,80.4,136.5,0.0,2.2,81.0,1007.2,1007.2,2.7,4.7
2024-05-26 07:25:00+02:00,12.3,12.3,12.9,12.1,99.0,17.1,86.0,50.4,0.0,0.0,0.0,0.0,0.0,0.0,80.4,136.5,0.0,1.8,60.0,1007.3,1007.3,2.7,4.7
2024-05-26 07:30:00+02:00,12.4,12.4,13.1,12.2,99.0,17.1,86.0,55.9,0.0,0.0,0.0,0.0,0.0,0.0,80.4,136.5,0.0,1.8,79.0,1007.3,1007.3,2.7,4.7
2024-05-26 07:35:00+02:00,12.4,12.4,12.7,12.2,99.0,17.2,86.0,59.4,0.0,0.0,0.0,0.0,0.0,0.0,80.4,136.5,1.7,2.5,109.0,1007.3,1007.3,2.7,4.7
2024-05-26 07:40:00+02:00,12.3,12.3,12.6,12.1,99.0,17.2,86.0,59.8,0.0,0.0,0.0,0.0,0.0,0.0,80.4,136.5,2.1,2.9,104.0,1007.3,1007.3,2.7,4.7
2024-05-26 07:45:00+02:00,12.6,12.6,13.1,12.4,99.0,17.2,86.0,59.4,0.0,0.0,0.0,0.0,0.0,0.0,80.4,136.5,1.2,2.9,110.0,1007.2,1007.2,2.7,4.7
2024-05-26 07:50:00+02:00,12.8,12.8,13.4,12.6,99.0,17.3,86.0,58.7,0.0,0.0,0.0,0.0,0.0,0.0,80.4,136.5,0.7,2.5,131.0,1007.2,1007.2,2.7,4.7
2024-05-26 07:55:00+02:00,12.8,12.8,13.7,12.7,99.0,17.3,86.0,63.9,0.0,0.0,0.0,0.0,0.0,0.0,80.4,136.5,0.0,3.2,114.0,1007.3,1007.3,2.7,4.8
2024-05-26 08:00:00+02:00,13.0,13.0,13.7,12.9,99.0,17.4,86.0,64.9,0.0,0.0,0.0,0.0,0.0,0.0,80.4,136.5,1.3,4.0,81.0,1007.4,1007.4,2.7,4.8
2024-05-26 08:05:00+02:00,13.3,13.3,14.1,13.1,99.0,17.4,87.0,65.5,0.0,0.0,0.0,0.0,0.0,0.0,80.4,136.5,0.9,2.5,104.0,1007.4,1007.4,2.7,4.8
2024-05-26 08:10:00+02:00,13.4,13.4,14.2,13.1,98.0,17.5,87.0,66.0,0.0,0.0,0.0,0.0,0.0,0.0,80.4,136.5,0.8,3.6,122.0,1007.4,1007.4,2.7,4.8
2024-05-26 08:15:00+02:00,13.7,13.7,14.4,13.2,97.0,17.5,87.0,65.2,0.0,0.0,0.0,0.0,0.0,0.0,80.4,136.5,1.4,5.8,50.0,1007.4,1007.4,2.7,4.8
2024-05-26 08:20:00+02:00,14.1,14.1,14.5,13.2,94.0,17.6,87.0,210.3,1.0,0.0,0.0,0.0,0.0,0.0,80.4,136.5,3.2,7.9,120.0,1007.3,1007.3,2.7,4.8
2024-05-26 08:25:00+02:00,14.7,14.7,15.0,13.2,91.0,17.6,87.0,261.8,2.0,0.0,0.0,0.0,0.0,0.0,80.4,136.5,3.6,7.9,113.0,1007.4,1007.4,2.7,4.8
2024-05-26 08:30:00+02:00,15.2,15.2,15.3,13.1,88.0,17.7,86.0,285.5,2.0,0.0,0.0,0.0,0.0,0.0,80.4,136.5,4.5,7.2,126.0,1007.4,1007.4,2.7,4.8
2024-05-26 08:35:00+02:00,15.6,15.6,16.1,13.2,86.0,17.7,87.0,300.8,2.0,0.0,0.0,0.0,0.0,0.0,80.4,136.5,2.7,5.8,132.0,1007.4,1007.4,2.7,4.9
2024-05-26 08:40:00+02:00,16.0,16.0,16.2,13.2,83.0,17.8,87.0,341.0,3.0,0.0,0.0,0.0,0.0,0.0,80.4,136.5,4.4,8.3,137.0,1007.3,1007.3,2.7,4.9
2024-05-26 08:45:00+02:00,16.4,16.4,16.8,13.4,82.0,17.9,87.0,389.6,3.0,0.0,0.0,0.0,0.0,0.0,80.4,136.5,3.5,7.6,124.0,1007.3,1007.3,2.7,5.0
2024-05-26 08:50:00+02:00,16.8,16.8,17.3,13.5,81.0,18.0,87.0,439.5,4.0,0.0,0.0,0.0,0.0,0.0,80.4,136.5,3.2,9.4,140.0,1007.3,1007.3,2.7,5.0
2024-05-26 08:55:00+02:00,17.1,17.1,17.1,13.4,79.0,18.3,87.0,479.8,4.0,0.0,0.0,0.0,0.0,0.0,80.4,136.5,5.0,8.3,141.0,1007.2,1007.2,2.7,5.1
2024-05-26 09:00:00+02:00,17.3,17.3,17.6,13.5,79.0,18.6,87.0,456.3,4.0,0.0,0.0,0.0,0.0,0.0,80.4,136.5,3.8,8.3,130.0,1007.3,1007.3,2.7,5.1
2024-05-26 09:05:00+02:00,17.7,17.7,18.2,13.8,78.0,18.8,87.0,388.2,3.0,0.0,0.0,0.0,0.0,0.0,80.4,136.5,3.5,7.9,130.0,1007.3,1007.3,2.7,5.2
2024-05-26 09:10:00+02:00,17.9,17.9,18.6,13.7,76.0,19.0,86.0,367.2,3.0,0.0,0.0,0.0,0.0,0.0,80.4,136.5,2.6,7.2,126.0,1007.2,1007.2,2.7,5.2
2024-05-26 09:15:00+02:00,18.8,18.8,19.8,14.0,74.0,19.3,86.0,384.9,3.0,0.0,0.0,0.0,0.0,0.0,80.4,136.5,1.4,6.5,67.0,1007.1,1007.1,2.7,5.2
2024-05-26 09:20:00+02:00,19.4,19.4,20.2,14.1,71.0,19.6,86.0,325.8,3.0,0.0,0.0,0.0,0.0,0.0,80.4,136.5,2.5,4.7,124.0,1007.1,1007.1,2.7,5.2
2024-05-26 09:25:00+02:00,19.3,19.3,19.7,13.7,70.0,19.9,87.0,335.0,3.0,0.0,0.0,0.0,0.0,0.0,80.4,136.5,3.7,7.6,144.0,1007.1,1007.1,2.7,5.2
2024-05-26 09:30:00+02:00,19.5,19.5,20.3,14.0,71.0,20.2,86.0,341.4,3.0,0.0,0.0,0.0,0.0,0.0,80.4,136.5,2.7,7.2,122.0,1007.0,1007.0,2.7,5.2
2024-05-26 09:35:00+02:00,19.6,19.6,20.2,14.0,70.0,20.4,86.0,354.0,3.0,0.0,0.0,0.0,0.0,0.0,80.4,136.5,3.7,7.2,136.0,1006.8,1006.8,2.7,5.2
2024-05-26 09:40:00+02:00,20.0,20.0,20.7,14.1,69.0,20.7,86.0,356.0,3.0,0.0,0.0,0.0,0.0,0.0,80.4,136.5,3.0,8.6,81.0,1006.9,1006.9,2.7,5.2
2024-05-26 09:45:00+02:00,19.9,19.9,20.6,14.0,68.0,20.9,86.0,363.9,3.0,0.0,0.0,0.0,0.0,0.0,80.4,136.5,3.2,8.6,136.0,1006.9,1006.9,2.7,5.3
2024-05-26 09:50:00+02:00,20.3,20.3,20.9,14.2,68.0,21.1,86.0,375.9,3.0,0.0,0.0,0.0,0.0,0.0,80.4,136.5,3.7,9.0,120.0,1006.8,1006.8,2.7,5.3
2024-05-26 09:55:00+02:00,20.7,20.7,21.5,14.2,66.0,21.5,86.0,387.0,3.0,0.0,0.0,0.0,0.0,0.0,80.4,136.5,3.1,7.9,63.0,1006.8,1006.8,2.7,5.3
2024-05-26 10:00:00+02:00,21.8,21.8,23.1,14.7,64.0,21.7,86.0,395.7,3.0,0.0,0.0,0.0,0.0,0.0,80.4,136.5,1.1,4.3,138.0,1006.6,1006.6,2.7,5.3
2024-05-26 10:05:00+02:00,21.7,21.7,22.4,14.3,63.0,22.0,85.0,407.3,3.0,0.0,0.0,0.0,0.0,0.0,80.4,136.5,3.6,8.3,121.0,1006.7,1006.7,2.7,5.3
2024-05-26 10:10:00+02:00,21.3,21.3,22.1,14.1,64.0,22.2,85.0,418.1,3.0,0.0,0.0,0.0,0.0,0.0,80.4,136.5,2.7,9.0,112.0,1006.6,1006.6,2.7,5.3
2024-05-26 10:15:00+02:00,21.8,21.8,22.5,14.5,63.0,22.6,85.0,428.1,3.0,0.0,0.0,0.0,0.0,0.0,80.4,136.5,3.7,9.4,92.0,1006.6,1006.6,2.7,5.3
2024-05-26 10:20:00+02:00,21.9,21.9,22.7,14.5,63.0,22.8,85.0,459.0,4.0,0.0,0.0,0.0,0.0,0.0,80.4,136.5,3.0,9.4,71.0,1006.5,1006.5,2.7,5.3
2024-05-26 10:25:00+02:00,22.4,22.4,23.3,14.3,60.0,23.1,85.0,472.4,4.0,0.0,0.0,0.0,0.0,0.0,80.4,136.5,2.4,7.6,56.0,1006.4,1006.4,2.7,5.3
2024-05-26 10:30:00+02:00,22.4,22.4,22.6,14.3,60.0,23.4,84.0,422.4,3.0,0.0,0.0,0.0,0.0,0.0,80.4,136.5,5.9,12.6,104.0,1006.4,1006.4,2.7,5.3
2024-05-26 10:35:00+02:00,21.4,21.4,20.6,13.0,59.0,23.7,84.0,443.3,4.0,0.0,0.0,0.0,0.0,0.0,80.4,136.5,9.3,17.3,139.0,1006.5,1006.5,2.7,5.3
2024-05-26 10:40:00+02:00,21.6,21.6,21.9,12.8,57.0,23.9,84.0,484.1,4.0,0.0,0.0,0.0,0.0,0.0,80.4,136.5,3.0,10.4,136.0,1006.4,1006.4,2.7,5.3
2024-05-26 10:45:00+02:00,21.9,21.9,21.8,12.7,56.0,24.2,83.0,406.3,3.0,0.0,0.0,0.0,0.0,0.0,80.4,136.5,4.8,12.6,134.0,1006.4,1006.4,2.7,5.3
2024-05-26 10:50:00+02:00,21.9,21.9,21.2,12.4,55.0,24.4,83.0,471.7,4.0,0.0,0.0,0.0,0.0,0.0,80.4,136.5,7.1,18.7,125.0,1006.3,1006.3,2.7,5.3
2024-05-26 10:55:00+02:00,21.8,21.8,21.0,12.3,55.0,24.7,83.0,492.7,4.0,0.0,0.0,0.0,0.0,0.0,80.4,136.5,7.7,18.7,136.0,1006.3,1006.3,2.7,5.3
2024-05-26 11:00:00+02:00,22.1,22.1,20.9,12.1,53.0,24.9,83.0,543.0,5.0,0.0,0.0,0.0,0.0,0.0,80.4,136.5,9.4,16.6,124.0,1006.3,1006.3,2.7,5.3
2024-05-26 11:05:00+02:00,22.0,22.0,21.1,11.7,52.0,25.0,83.0,574.5,5.0,0.0,0.0,0.0,0.0,0.0,80.4,136.5,7.6,19.1,127.0,1006.2,1006.2,2.7,5.3
2024-05-26 11:10:00+02:00,22.1,22.1,21.1,11.5,51.0,25.3,82.0,592.7,5.0,0.0,0.0,0.0,0.0,0.0,80.4,136.5,7.5,21.2,143.0,1006.2,1006.2,2.7,5.3
2024-05-26 11:15:00+02:00,22.0,22.0,20.2,11.3,51.0,25.5,82.0,567.6,5.0,0.0,0.0,0.0,0.0,0.0,80.4,136.5,11.6,22.0,128.0,1006.2,1006.2,2.7,5.3
2024-05-26 11:20:00+02:00,22.2,22.2,20.8,10.7,48.0,25.7,82.0,588.1,5.0,0.0,0.0,0.0,0.0,0.0,80.4,136.5,8.0,23.8,104.0,1006.2,1006.2,2.7,5.3
2024-05-26 11:25:00+02:00,22.2,22.2,21.2,11.4,50.0,25.8,82.0,405.8,3.0,0.0,0.0,0.0,0.0,0.0,80.4,136.5,7.2,23.8,123.0,1006.2,1006.2,2.7,5.3
2024-05-26 11:30:00+02:00,22.0,22.0,20.7,11.2,50.0,26.0,82.0,312.5,2.0,0.0,0.0,0.0,0.0,0.0,80.4,136.5,8.4,19.1,100.0,1006.1,1006.1,2.7,5.3
2024-05-26 11:35:00+02:00,21.8,21.8,21.4,11.2,51.0,26.2,82.0,306.5,2.0,0.0,0.0,0.0,0.0,0.0,80.4,136.5,4.0,19.1,126.0,1006.1,1006.1,2.7,5.3
2024-05-26 11:40:00+02:00,21.8,21.8,20.3,11.3,51.0,26.3,81.0,230.1,2.0,0.0,0.0,0.0,0.0,0.0,80.4,136.5,9.6,18.4,127.0,1006.1,1006.1,2.7,5.3
2024-05-26 11:45:00+02:00,21.7,21.7,20.3,11.2,51.0,26.4,81.0,216.9,2.0,0.0,0.0,0.0,0.0,0.0,80.4,136.5,9.1,15.5,110.0,1006.2,1006.2,2.7,5.3
2024-05-26 11:50:00+02:00,21.5,21.5,20.8,11.3,52.0,26.4,81.0,182.6,1.0,0.0,0.0,0.0,0.0,0.0,80.4,136.5,5.8,16.2,126.0,1006.1,1006.1,2.7,5.3
2024-05-26 11:55:00+02:00,21.5,21.5,19.6,11.0,51.0,26.5,81.0,267.1,2.0,0.0,0.0,0.0,0.0,0.0,80.4,136.5,11.4,21.6,133.0,1006.0,1006.0,2.7,5.3
2024-05-26 12:00:00+02:00,21.7,21.7,20.3,11.4,52.0,26.5,81.0,291.5,2.0,0.0,0.0,0.0,0.0,0.0,80.4,136.5,9.5,22.7,128.0,1006.1,1006.1,2.7,5.3
2024-05-26 12:05:00+02:00,21.8,21.8,20.9,11.9,53.0,26.5,81.0,332.4,3.0,0.0,0.0,0.0,0.0,0.0,80.4,136.5,7.8,20.9,125.0,1006.0,1006.0,2.7,5.3
2024-05-26 12:10:00+02:00,21.9,21.9,21.0,11.4,51.0,26.5,81.0,348.4,3.0,0.0,0.0,0.0,0.0,0.0,80.4,136.5,6.9,15.1,128.0,1006.0,1006.0,2.7,5.3
2024-05-26 12:15:00+02:00,21.9,21.9,20.0,11.3,51.0,26.5,81.0,332.8,3.0,0.0,0.0,0.0,0.0,0.0,80.4,136.5,12.2,22.3,129.0,1006.1,1006.1,2.7,5.3
2024-05-26 12:20:00+02:00,21.8,21.8,20.2,11.4,51.0,26.6,81.0,328.7,3.0,0.0,0.0,0.0,0.0,0.0,80.4,136.5,10.5,19.1,126.0,1006.0,1006.0,2.7,5.3
2024-05-26 12:25:00+02:00,22.2,22.2,21.7,11.9,52.0,26.6,81.0,339.1,3.0,0.0,0.0,0.0,0.0,0.0,80.4,136.5,5.4,14.4,124.0,1006.0,1006.0,2.7,5.3
2024-05-26 12:30:00+02:00,22.2,22.2,21.8,11.9,52.0,26.6,82.0,349.3,3.0,0.0,0.0,0.0,0.0,0.0,80.4,136.5,5.3,11.5,138.0,1005.9,1005.9,2.7,5.3
2024-05-26 12:35:00+02:00,22.4,22.4,21.7,11.9,52.0,26.6,82.0,304.3,2.0,0.0,0.0,0.0,0.0,0.0,80.4,136.5,6.3,13.7,129.0,1005.8,1005.8,2.7,5.3
2024-05-26 12:40:00+02:00,22.3,22.3,21.2,10.9,48.0,26.7,82.0,294.9,2.0,0.0,0.0,0.0,0.0,0.0,80.4,136.5,7.7,15.1,141.0,1005.9,1005.9,2.7,5.3
2024-05-26 12:45:00+02:00,22.2,22.2,20.7,10.9,49.0,26.7,82.0,479.1,4.0,0.0,0.0,0.0,0.0,0.0,80.4,136.5,9.2,18.7,131.0,1005.9,1005.9,2.7,5.3
2024-05-26 12:50:00+02:00,22.1,22.1,19.7,10.6,48.0,26.7,82.0,406.2,3.0,0.0,0.0,0.0,0.0,0.0,80.4,136.5,13.7,22.0,117.0,1005.8,1005.8,2.7,5.3
2024-05-26 12:55:00+02:00,22.1,22.1,20.4,11.2,50.0,26.7,81.0,320.1,2.0,0.0,0.0,0.0,0.0,0.0,80.4,136.5,10.7,23.0,111.0,1005.9,1005.9,2.7,5.3
2024-05-26 13:00:00+02:00,21.8,21.8,19.6,10.9,50.0,26.8,82.0,354.9,3.0,0.0,0.0,0.0,0.0,0.0,80.4,136.5,13.0,24.1,128.0,1005.9,1005.9,2.7,5.3
2024-05-26 13:05:00+02:00,22.2,22.2,21.1,11.3,50.0,26.8,82.0,545.7,5.0,0.0,0.0,0.0,0.0,0.0,80.4,136.5,7.6,16.6,118.0,1005.7,1005.7,2.7,5.3
2024-05-26 13:10:00+02:00,22.5,22.5,21.9,11.8,51.0,26.8,82.0,646.5,6.0,0.0,0.0,0.0,0.0,0.0,80.4,136.5,6.3,14.8,135.0,1005.6,1005.6,2.7,5.3
2024-05-26 13:15:00+02:00,22.7,22.7,21.6,11.5,49.0,26.8,82.0,534.2,4.0,0.0,0.0,0.0,0.0,0.0,80.4,136.5,7.6,16.6,126.0,1005.6,1005.6,2.7,5.3
2024-05-26 13:20:00+02:00,22.6,22.6,20.8,11.6,50.0,26.9,82.0,712.1,6.0,0.0,0.0,0.0,0.0,0.0,80.4,136.5,11.7,22.0,135.0,1005.6,1005.6,2.7,5.3
2024-05-26 13:25:00+02:00,22.8,22.8,21.6,11.7,49.0,27.0,82.0,451.6,4.0,0.0,0.0,0.0,0.0,0.0,80.4,136.5,9.0,16.9,129.0,1005.5,1005.5,2.7,5.3
2024-05-26 13:30:00+02:00,22.9,22.9,22.2,11.7,49.0,27.0,82.0,534.6,4.0,0.0,0.0,0.0,0.0,0.0,80.4,136.5,6.5,15.8,131.0,1005.5,1005.5,2.7,5.3
2024-05-26 13:35:00+02:00,23.1,23.1,21.3,11.6,48.0,27.1,82.0,432.9,4.0,0.0,0.0,0.0,0.0,0.0,80.4,136.5,11.4,22.0,134.0,1005.4,1005.4,2.7,5.3
2024-05-26 13:40:00+02:00,22.9,22.9,21.8,11.5,49.0,27.2,82.0,557.5,5.0,0.0,0.0,0.0,0.0,0.0,80.4,136.5,8.3,22.0,130.0,1005.5,1005.5,2.7,5.3
2024-05-26 13:45:00+02:00,23.1,23.1,21.8,11.3,47.0,27.2,82.0,454.7,4.0,0.0,0.0,0.0,0.0,0.0,80.4,136.5,8.4,18.0,145.0,1005.5,1005.5,2.7,5.3
2024-05-26 13:50:00+02:00,23.2,23.2,22.6,11.6,48.0,27.3,82.0,524.3,4.0,0.0,0.0,0.0,0.0,0.0,80.4,136.5,5.5,14.4,133.0,1005.5,1005.5,2.7,5.3
2024-05-26 13:55:00+02:00,23.7,23.7,22.9,11.5,46.0,27.3,82.0,576.9,5.0,0.0,0.0,0.0,0.0,0.0,80.4,136.5,6.7,15.8,144.0,1005.4,1005.4,2.7,5.3
2024-05-26 14:00:00+02:00,23.5,23.5,21.3,10.7,44.0,27.5,82.0,514.0,4.0,0.0,0.0,0.0,0.0,0.0,80.4,136.5,12.4,18.4,125.0,1005.4,1005.4,2.7,5.3
2024-05-26 14:05:00+02:00,23.7,23.7,23.2,11.2,46.0,27.5,82.0,509.3,4.0,0.0,0.0,0.0,0.0,0.0,80.4,136.5,4.9,15.5,96.0,1005.2,1005.2,2.7,5.3
2024-05-26 14:10:00+02:00,23.9,23.9,22.4,10.6,43.0,27.6,81.0,451.2,4.0,0.0,0.0,0.0,0.0,0.0,80.4,136.5,8.9,19.1,129.0,1005.3,1005.3,2.7,5.3
2024-05-26 14:15:00+02:00,23.4,23.4,21.6,10.2,43.0,27.7,82.0,358.1,3.0,0.0,0.0,0.0,0.0,0.0,80.4,136.5,9.9,19.1,134.0,1005.1,1005.1,2.7,5.3
2024-05-26 14:20:00+02:00,22.9,22.9,20.4,9.7,43.0,27.7,82.0,325.7,3.0,0.0,0.0,0.0,0.0,0.0,80.4,136.5,12.5,25.2,135.0,1005.0,1005.0,2.7,5.3
2024-05-26 14:25:00+02:00,22.9,22.9,21.7,10.1,44.0,27.8,82.0,350.4,3.0,0.0,0.0,0.0,0.0,0.0,80.4,136.5,6.8,19.1,136.0,1005.1,1005.1,2.7,5.3
2024-05-26 14:30:00+02:00,23.2,23.2,22.0,11.2,47.0,27.8,82.0,229.8,2.0,0.0,0.0,0.0,0.0,0.0,80.4,136.5,8.1,14.4,135.0,1004.9,1004.9,2.7,5.3
2024-05-26 14:35:00+02:00,22.9,22.9,21.9,10.8,46.0,27.8,82.0,191.9,1.0,0.0,0.0,0.0,0.0,0.0,80.4,136.5,6.5,20.2,131.0,1004.9,1004.9,2.7,5.3
2024-05-26 14:40:00+02:00,22.7,22.7,21.4,10.4,46.0,27.8,82.0,163.8,1.0,0.0,0.0,0.0,0.0,0.0,80.4,136.5,7.7,18.4,118.0,1004.9,1004.9,2.7,5.3
2024-05-26 14:45:00+02:00,22.7,22.7,21.6,10.8,47.0,27.7,82.0,166.1,1.0,0.0,0.0,0.0,0.0,0.0,80.4,136.5,7.1,16.6,137.0,1004.8,1004.8,2.7,5.3
2024-05-26 14:50:00+02:00,22.7,22.7,21.4,10.4,46.0,27.7,82.0,206.6,1.0,0.0,0.0,0.0,0.0,0.0,80.4,136.5,7.7,18.0,121.0,1004.9,1004.9,2.7,5.3
2024-05-26 14:55:00+02:00,22.9,22.9,21.3,10.8,46.0,27.7,82.0,237.0,2.0,0.0,0.0,0.0,0.0,0.0,80.4,136.5,9.6,16.9,126.0,1004.8,1004.8,2.7,5.3
2024-05-26 15:00:00+02:00,22.9,22.9,20.7,10.6,46.0,27.7,82.0,245.5,2.0,0.0,0.0,0.0,0.0,0.0,80.4,136.5,12.9,21.2,125.0,1004.8,1004.8,2.7,5.3
2024-05-26 15:05:00+02:00,22.7,22.7,20.3,10.2,45.0,27.6,82.0,250.5,2.0,0.0,0.0,0.0,0.0,0.0,80.4,136.5,12.9,22.3,132.0,1004.9,1004.9,2.7,5.3
2024-05-26 15:10:00+02:00,22.7,22.7,21.6,10.7,47.0,27.6,82.0,223.0,2.0,0.0,0.0,0.0,0.0,0.0,80.4,136.5,7.2,19.8,119.0,1004.7,1004.7,2.7,5.3
2024-05-26 15:15:00+02:00,22.8,22.8,21.2,11.0,47.0,27.6,82.0,200.5,1.0,0.0,0.0,0.0,0.0,0.0,80.4,136.5,10.0,19.4,127.0,1004.7,1004.7,2.7,5.3
2024-05-26 15:20:00+02:00,22.6,22.6,21.0,10.9,48.0,27.6,82.0,212.1,1.0,0.0,0.0,0.0,0.0,0.0,80.4,136.5,9.6,20.2,127.0,1004.8,1004.8,2.7,5.3
2024-05-26 15:25:00+02:00,22.5,22.5,20.9,10.9,48.0,27.5,82.0,214.4,1.0,0.0,0.0,0.0,0.0,0.0,80.4,136.5,9.9,18.0,129.0,1004.8,1004.8,2.7,5.3
2024-05-26 15:30:00+02:00,22.6,22.6,21.3,11.2,48.0,27.5,82.0,220.5,2.0,0.0,0.0,0.0,0.0,0.0,80.4,136.5,8.4,16.9,122.0,1004.7,1004.7,2.7,5.3
2024-05-26 15:35:00+02:00,22.7,22.7,21.5,11.4,49.0,27.5,82.0,211.8,1.0,0.0,0.0,0.0,0.0,0.0,80.4,136.5,7.9,16.6,130.0,1004.6,1004.6,2.7,5.3
2024-05-26 15:40:00+02:00,22.5,22.5,21.7,11.0,48.0,27.5,82.0,253.5,2.0,0.0,0.0,0.0,0.0,0.0,80.4,136.5,6.0,16.9,136.0,1004.6,1004.6,2.7,5.3
2024-05-26 15:45:00+02:00,22.5,22.5,21.0,10.9,48.0,27.5,82.0,237.2,2.0,0.0,0.0,0.0,0.0,0.0,80.4,136.5,9.4,15.8,134.0,1004.6,1004.6,2.7,5.3
2024-05-26 15:50:00+02:00,22.6,22.6,21.8,11.2,49.0,27.5,82.0,223.1,2.0,0.0,0.0,0.0,0.0,0.0,80.4,136.5,6.1,16.2,135.0,1004.5,1004.5,2.7,5.3
2024-05-26 15:55:00+02:00,22.6,22.6,21.7,11.4,49.0,27.4,82.0,281.1,2.0,0.0,0.0,0.0,0.0,0.0,80.4,136.5,7.1,15.8,144.0,1004.5,1004.5,2.7,5.3
2024-05-26 16:00:00+02:00,22.9,22.9,22.1,11.4,48.0,27.4,82.0,335.8,3.0,0.0,0.0,0.0,0.0,0.0,80.4,136.5,6.6,11.9,150.0,1004.3,1004.3,2.7,5.3
2024-05-26 16:05:00+02:00,23.1,23.1,22.4,11.7,49.0,27.4,82.0,351.7,3.0,0.0,0.0,0.0,0.0,0.0,80.4,136.5,6.4,13.0,132.0,1004.3,1004.3,2.7,5.3
2024-05-26 16:10:00+02:00,23.0,23.0,21.6,11.6,49.0,27.4,82.0,329.7,3.0,0.0,0.0,0.0,0.0,0.0,80.4,136.5,9.5,16.9,126.0,1004.2,1004.2,2.7,5.3
2024-05-26 16:15:00+02:00,23.0,23.0,22.1,11.6,49.0,27.4,82.0,278.5,2.0,0.0,0.0,0.0,0.0,0.0,80.4,136.5,7.3,14.8,133.0,1004.0,1004.0,2.7,5.3
2024-05-26 16:20:00+02:00,23.0,23.0,22.6,12.0,50.0,27.4,83.0,272.8,2.0,0.0,0.0,0.0,0.0,0.0,80.4,136.5,5.1,8.3,111.0,1004.1,1004.1,2.7,5.3
2024-05-26 16:25:00+02:00,23.1,23.1,22.5,11.7,49.0,27.4,83.0,285.8,2.0,0.0,0.0,0.0,0.0,0.0,80.4,136.5,5.8,15.5,139.0,1004.0,1004.0,2.7,5.3
2024-05-26 16:30:00+02:00,23.0,23.0,22.6,12.3,51.0,27.4,83.0,196.1,1.0,0.0,0.0,0.0,0.0,0.0,80.4,136.5,5.9,10.1,127.0,1004.0,1004.0,2.7,5.3
2024-05-26 16:35:00+02:00,22.6,22.6,21.5,11.5,50.0,27.5,83.0,110.8,1.0,0.0,0.0,0.0,0.0,0.0,80.4,136.5,8.1,17.6,134.0,1004.1,1004.1,2.7,5.3
2024-05-26 16:40:00+02:00,22.6,22.6,21.7,11.6,50.0,27.4,83.0,98.3,0.0,0.0,0.0,0.0,0.0,0.0,80.4,136.5,7.1,13.3,152.0,1004.0,1004.0,2.7,5.3
2024-05-26 16:45:00+02:00,22.3,22.3,22.0,11.9,52.0,27.4,83.0,85.7,0.0,0.0,0.0,0.0,0.0,0.0,80.4,136.5,4.6,16.2,128.0,1003.9,1003.9,2.7,5.3
2024-05-26 16:50:00+02:00,22.0,22.0,18.3,11.1,50.0,27.4,82.0,55.7,0.0,0.0,0.0,0.0,0.0,0.0,80.4,136.5,20.6,37.1,132.0,1004.2,1004.2,2.7,5.3
2024-05-26 16:55:00+02:00,20.5,20.5,17.5,11.6,57.0,27.3,82.0,37.6,0.0,0.0,0.0,0.0,0.0,0.0,80.4,136.5,18.1,37.1,127.0,1004.4,1004.4,2.7,5.3
2024-05-26 17:00:00+02:00,18.8,18.8,17.2,12.4,66.0,27.2,82.0,50.2,0.0,1.2,0.2,0.2,0.2,0.2,80.6,136.7,11.7,27.0,126.0,1004.7,1004.7,2.7,5.3
2024-05-26 17:05:00+02:00,17.9,17.9,16.7,12.8,72.0,27.1,82.0,55.9,0.0,2.4,0.4,0.4,0.4,0.4,80.8,136.9,10.6,27.0,130.0,1004.8,1004.8,2.7,5.2
2024-05-26 17:10:00+02:00,17.5,17.5,17.8,13.3,76.0,27.0,82.0,62.4,0.0,3.0,0.7,0.7,0.7,0.7,81.1,137.2,4.1,14.0,82.0,1004.7,1004.7,2.7,5.2
2024-05-26 17:15:00+02:00,17.2,17.2,18.1,13.6,80.0,26.9,81.0,70.4,0.0,3.0,0.8,0.8,0.8,0.8,81.2,137.3,1.5,4.7,114.0,1004.5,1004.5,2.7,5.2
2024-05-26 17:20:00+02:00,17.1,17.1,17.9,13.9,81.0,26.8,81.0,116.4,1.0,1.8,0.8,0.8,0.8,0.8,81.2,137.3,2.2,4.7,110.0,1004.3,1004.3,2.7,5.2
2024-05-26 17:25:00+02:00,17.2,17.2,18.1,13.9,81.0,26.7,81.0,199.6,1.0,0.0,0.8,0.8,0.8,0.8,81.2,137.3,2.0,4.7,79.0,1004.2,1004.2,2.7,5.2
2024-05-26 17:30:00+02:00,17.9,17.9,18.6,13.9,77.0,26.6,81.0,340.4,3.0,0.0,0.8,0.8,0.8,0.8,81.2,137.3,2.5,5.0,82.0,1003.9,1003.9,2.7,5.2
2024-05-26 17:35:00+02:00,18.8,18.8,19.5,14.2,75.0,26.5,81.0,329.8,3.0,0.0,0.8,0.8,0.8,0.8,81.2,137.3,3.2,5.4,46.0,1003.9,1003.9,2.7,5.2
2024-05-26 17:40:00+02:00,19.6,19.6,20.4,14.5,72.0,26.4,81.0,298.2,2.0,0.0,0.8,0.8,0.8,0.8,81.2,137.3,3.1,5.0,53.0,1003.8,1003.8,2.7,5.2
2024-05-26 17:45:00+02:00,20.0,20.0,21.0,14.5,71.0,26.4,81.0,143.3,1.0,0.0,0.8,0.8,0.8,0.8,81.2,137.3,2.1,5.8,120.0,1003.8,1003.8,2.7,5.2
2024-05-26 17:50:00+02:00,19.7,19.7,20.2,13.8,69.0,26.3,81.0,64.2,0.0,0.0,0.8,0.8,0.8,0.8,81.2,137.3,3.5,7.2,98.0,1003.8,1003.8,2.7,5.2
2024-05-26 17:55:00+02:00,19.5,19.5,20.3,13.8,70.0,26.2,81.0,56.1,0.0,0.0,0.8,0.8,0.8,0.8,81.2,137.3,1.7,7.2,98.0,1003.8,1003.8,2.7,5.2
2024-05-26 18:00:00+02:00,19.1,19.1,20.0,14.0,72.0,26.2,81.0,26.2,0.0,0.0,0.8,0.8,0.6,0.8,81.2,137.3,1.7,5.0,114.0,1003.8,1003.8,2.7,5.2
2024-05-26 18:05:00+02:00,18.7,18.7,19.0,13.7,73.0,26.1,81.0,26.4,0.0,0.0,0.8,0.8,0.3,0.8,81.2,137.3,4.6,9.0,121.0,1004.0,1004.0,2.7,5.2
2024-05-26 18:10:00+02:00,18.5,18.5,18.0,13.7,74.0,26.1,81.0,25.2,0.0,0.6,0.9,0.9,0.2,0.9,81.3,137.4,8.6,16.2,130.0,1004.6,1004.6,2.7,5.2
2024-05-26 18:15:00+02:00,17.5,17.5,17.0,14.4,82.0,26.0,82.0,17.4,0.0,7.2,2.0,2.0,1.2,2.0,82.4,138.5,9.5,31.0,137.0,1005.4,1005.4,2.7,5.2
2024-05-26 18:20:00+02:00,16.0,16.0,16.2,13.7,86.0,25.9,82.0,24.7,0.0,8.4,2.4,2.4,1.6,2.4,82.8,138.9,5.3,13.0,116.0,1005.2,1005.2,2.7,5.2
2024-05-26 18:25:00+02:00,15.6,15.6,16.4,13.8,89.0,25.8,81.0,71.5,0.0,8.4,2.7,2.7,1.9,2.7,83.1,139.2,1.8,5.0,102.0,1005.0,1005.0,2.7,5.2
2024-05-26 18:30:00+02:00,15.6,15.6,16.4,14.0,90.0,25.7,81.0,120.7,1.0,3.0,2.8,2.8,2.0,2.8,83.2,139.3,2.6,4.0,82.0,1004.8,1004.8,2.7,5.2
2024-05-26 18:35:00+02:00,15.8,15.8,16.6,14.2,90.0,25.5,80.0,151.2,1.0,1.2,2.8,2.8,2.0,2.8,83.2,139.3,2.4,4.0,96.0,1004.6,1004.6,2.7,5.2
2024-05-26 18:40:00+02:00,16.0,16.0,17.1,14.4,90.0,25.3,80.0,169.1,1.0,0.6,2.8,2.8,2.0,2.8,83.2,139.3,1.2,4.7,98.0,1004.6,1004.6,2.7,5.2
2024-05-26 18:45:00+02:00,16.3,16.3,17.5,14.8,91.0,25.2,80.0,122.4,1.0,0.0,2.8,2.8,2.0,2.8,83.2,139.3,1.9,4.0,111.0,1004.6,1004.6,2.7,5.2
2024-05-26 18:50:00+02:00,16.5,16.5,17.8,15.1,91.0,25.1,80.0,83.9,0.0,0.0,2.8,2.8,2.0,2.8,83.2,139.3,1.8,4.0,85.0,1004.4,1004.4,2.7,5.2
2024-05-26 18:55:00+02:00,16.5,16.5,17.9,15.0,91.0,25.0,80.0,76.2,0.0,0.0,2.8,2.8,2.0,2.8,83.2,139.3,1.2,5.8,120.0,1004.3,1004.3,2.7,5.2
2024-05-26 19:00:00+02:00,16.5,16.5,17.9,15.1,91.0,24.9,80.0,75.1,0.0,0.0,2.8,2.8,2.0,2.8,83.2,139.3,1.2,3.6,114.0,1004.3,1004.3,2.7,5.2
2024-05-26 19:05:00+02:00,16.5,16.5,17.6,15.1,91.0,24.8,80.0,73.0,0.0,0.0,2.8,2.8,2.0,2.8,83.2,139.3,2.6,4.3,125.0,1004.3,1004.3,2.7,5.2
2024-05-26 19:10:00+02:00,16.5,16.5,17.8,15.1,91.0,24.7,80.0,62.6,0.0,0.0,2.8,2.8,1.8,2.8,83.2,139.3,1.5,4.3,119.0,1004.3,1004.3,2.7,5.2
2024-05-26 19:15:00+02:00,16.5,16.5,17.7,15.1,91.0,24.7,81.0,51.6,0.0,0.0,2.8,2.8,0.6,2.8,83.2,139.3,2.2,4.7,119.0,1004.3,1004.3,2.7,5.2
2024-05-26 19:20:00+02:00,16.5,16.5,17.8,15.1,91.0,24.6,81.0,37.9,0.0,0.0,2.8,2.8,0.3,2.8,83.2,139.3,1.6,4.3,95.0,1004.3,1004.3,2.7,5.2
2024-05-26 19:25:00+02:00,16.5,16.5,17.5,14.9,91.0,24.5,81.0,25.6,0.0,0.0,2.8,2.8,0.1,2.8,83.2,139.3,3.0,6.5,115.0,1004.2,1004.2,2.7,5.2
2024-05-26 19:30:00+02:00,16.5,16.5,17.7,15.0,91.0,24.4,81.0,27.8,0.0,0.0,2.8,2.8,0.0,2.8,83.2,139.3,2.2,6.5,103.0,1004.1,1004.1,2.7,5.2
2024-05-26 19:35:00+02:00,16.5,16.5,17.7,15.0,91.0,24.3,81.0,26.6,0.0,0.0,2.8,2.8,0.0,2.8,83.2,139.3,2.2,6.1,94.0,1004.0,1004.0,2.7,5.2
2024-05-26 19:40:00+02:00,16.4,16.4,17.5,15.0,91.0,24.3,81.0,18.4,0.0,0.0,2.8,2.8,0.0,2.8,83.2,139.3,2.3,4.7,92.0,1004.0,1004.0,2.7,5.2
2024-05-26 19:45:00+02:00,16.4,16.4,17.6,15.0,91.0,24.2,81.0,12.5,0.0,0.0,2.8,2.8,0.0,2.8,83.2,139.3,2.0,5.8,111.0,1004.1,1004.1,2.7,5.2
2024-05-26 19:50:00+02:00,16.3,16.3,17.4,14.9,92.0,24.2,81.0,10.2,0.0,0.0,2.8,2.8,0.0,2.8,83.2,139.3,2.3,6.1,108.0,1004.0,1004.0,2.7,5.2
2024-05-26 19:55:00+02:00,16.3,16.3,17.3,15.0,92.0,24.1,81.0,9.7,0.0,0.0,2.8,2.8,0.0,2.8,83.2,139.3,3.2,6.5,113.0,1004.0,1004.0,2.7,5.2
2024-05-26 20:00:00+02:00,16.5,16.5,17.0,14.9,91.0,24.0,81.0,3.2,0.0,0.0,2.8,2.8,0.0,2.8,83.2,139.3,5.4,9.4,133.0,1004.4,1004.4,2.7,5.2
2024-05-26 20:05:00+02:00,16.9,16.9,17.6,14.7,87.0,24.0,81.0,3.2,0.0,0.0,2.8,2.8,0.0,2.8,83.2,139.3,4.2,22.7,124.0,1005.2,1005.2,2.7,5.2
2024-05-26 20:10:00+02:00,17.1,17.1,17.5,14.8,86.0,23.9,81.0,3.2,0.0,0.0,2.8,2.8,0.0,2.8,83.2,139.3,5.6,8.6,260.0,1005.7,1005.7,2.7,5.2
2024-05-26 20:15:00+02:00,16.7,16.7,17.5,14.4,86.0,23.8,81.0,4.1,0.0,0.0,2.8,2.8,0.0,2.8,83.2,139.3,2.8,10.4,278.0,1005.6,1005.6,2.7,5.2
2024-05-26 20:20:00+02:00,16.2,16.2,17.1,14.2,88.0,23.8,81.0,7.7,0.0,0.0,2.8,2.8,0.0,2.8,83.2,139.3,2.2,8.3,261.0,1005.5,1005.5,2.7,5.2
2024-05-26 20:25:00+02:00,15.7,15.7,16.7,14.1,90.0,23.7,81.0,10.1,0.0,0.6,2.9,2.9,0.1,2.9,83.3,139.4,1.5,6.5,346.0,1005.4,1005.4,2.7,5.2
2024-05-26 20:30:00+02:00,15.5,15.5,16.6,14.1,91.0,23.6,81.0,13.7,0.0,0.6,2.9,2.9,0.1,2.9,83.3,139.4,1.2,3.6,96.0,1005.5,1005.5,2.7,5.2
2024-05-26 20:35:00+02:00,15.5,15.5,16.7,14.2,92.0,23.6,81.0,17.8,0.0,0.6,2.9,2.9,0.1,2.9,83.3,139.4,0.4,3.2,138.0,1005.6,1005.6,2.7,5.1
2024-05-26 20:40:00+02:00,15.4,15.4,16.4,14.2,93.0,23.5,81.0,21.0,0.0,0.0,2.9,2.9,0.1,2.9,83.3,139.4,1.7,4.7,126.0,1005.7,1005.7,2.7,5.1
2024-05-26 20:45:00+02:00,15.2,15.2,15.9,14.0,92.0,23.4,81.0,14.3,0.0,0.0,2.9,2.9,0.1,2.9,83.3,139.4,3.0,5.8,108.0,1005.7,1005.7,2.7,5.1
2024-05-26 20:50:00+02:00,15.2,15.2,16.2,14.0,92.0,23.3,81.0,7.1,0.0,0.0,2.9,2.9,0.1,2.9,83.3,139.4,1.3,3.6,77.0,1005.6,1005.6,2.7,5.1
2024-05-26 20:55:00+02:00,15.1,15.1,15.8,14.0,93.0,23.3,81.0,4.6,0.0,0.0,2.9,2.9,0.1,2.9,83.3,139.4,2.9,4.3,120.0,1005.5,1005.5,2.7,5.1
2024-05-26 21:00:00+02:00,15.0,15.0,16.1,13.9,93.0,23.2,81.0,3.4,0.0,0.0,2.9,2.9,0.1,2.9,83.3,139.4,0.7,3.6,119.0,1005.6,1005.6,2.7,5.1
2024-05-26 21:05:00+02:00,15.0,15.0,16.0,14.0,94.0,23.1,81.0,5.5,0.0,0.0,2.9,2.9,0.1,2.9,83.3,139.4,1.3,2.5,112.0,1005.5,1005.5,2.7,5.1
2024-05-26 21:10:00+02:00,15.0,15.0,16.0,14.0,94.0,23.1,81.0,5.6,0.0,0.0,2.9,2.9,0.1,2.9,83.3,139.4,1.1,2.5,117.0,1005.6,1005.6,2.7,5.1
2024-05-26 21:15:00+02:00,14.9,14.9,16.2,14.0,94.0,23.0,81.0,5.0,0.0,0.0,2.9,2.9,0.1,2.9,83.3,139.4,0.0,2.5,216.0,1005.6,1005.6,2.7,5.1
2024-05-26 21:20:00+02:00,14.9,14.9,15.8,14.1,95.0,23.0,81.0,4.6,0.0,0.0,2.9,2.9,0.1,2.9,83.3,139.4,1.9,3.6,115.0,1005.7,1005.7,2.7,5.1
2024-05-26 21:25:00+02:00,14.8,14.8,16.0,14.0,95.0,22.9,81.0,3.5,0.0,0.0,2.9,2.9,0.0,2.9,83.3,139.4,0.0,2.9,131.0,1005.8,1005.8,2.7,5.1
2024-05-26 21:30:00+02:00,14.8,14.8,16.0,14.0,95.0,22.8,81.0,2.2,0.0,0.0,2.9,2.9,0.0,2.9,83.3,139.4,0.0,1.8,116.0,1005.7,1005.7,2.7,5.1
2024-05-26 21:35:00+02:00,14.7,14.7,15.6,14.0,95.0,22.8,81.0,1.4,0.0,0.0,2.9,2.9,0.0,2.9,83.3,139.4,1.9,3.6,128.0,1005.8,1005.8,2.7,5.1
2024-05-26 21:40:00+02:00,14.7,14.7,15.5,14.1,96.0,22.7,81.0,0.9,0.0,0.0,2.9,2.9,0.0,2.9,83.3,139.4,2.2,3.6,114.0,1005.9,1005.9,2.7,5.1
2024-05-26 21:45:00+02:00,14.6,14.6,15.4,14.0,96.0,22.7,81.0,0.6,0.0,0.0,2.9,2.9,0.0,2.9,83.3,139.4,2.3,3.6,109.0,1006.0,1006.0,2.7,5.1
2024-05-26 21:50:00+02:00,14.5,14.5,15.6,13.9,96.0,22.6,81.0,0.3,0.0,0.0,2.9,2.9,0.0,2.9,83.3,139.4,0.4,2.9,107.0,1006.1,1006.1,2.7,5.1
2024-05-26 21:55:00+02:00,14.4,14.4,15.1,13.9,97.0,22.5,81.0,0.2,0.0,0.0,2.9,2.9,0.0,2.9,83.3,139.4,2.7,3.6,114.0,1006.1,1006.1,2.7,5.1
2024-05-26 22:00:00+02:00,14.4,14.4,15.2,13.9,97.0,22.4,81.0,0.1,0.0,0.0,2.9,2.9,0.0,2.9,83.3,139.4,2.1,3.6,100.0,1006.1,1006.1,2.7,5.1
2024-05-26 22:05:00+02:00,14.3,14.3,15.5,13.9,97.0,22.3,81.0,0.0,0.0,0.0,2.9,2.9,0.0,2.9,83.3,139.4,0.7,2.9,102.0,1006.2,1006.2,2.7,5.1
2024-05-26 22:10:00+02:00,14.3,14.3,15.3,13.8,97.0,22.3,81.0,0.0,0.0,0.0,2.9,2.9,0.0,2.9,83.3,139.4,1.1,2.5,117.0,1006.2,1006.2,2.7,5.1
2024-05-26 22:15:00+02:00,14.3,14.3,15.4,13.8,97.0,22.2,81.0,0.0,0.0,0.0,2.9,2.9,0.0,2.9,83.3,139.4,0.8,2.5,112.0,1006.1,1006.1,2.7,5.0
2024-05-26 22:20:00+02:00,14.2,14.2,15.4,13.8,97.0,22.2,81.0,0.0,0.0,0.0,2.9,2.9,0.0,2.9,83.3,139.4,0.4,2.2,116.0,1006.2,1006.2,2.7,5.0
2024-05-26 22:25:00+02:00,14.3,14.3,15.4,13.8,97.0,22.1,81.0,0.0,0.0,0.0,2.9,2.9,0.0,2.9,83.3,139.4,0.4,2.5,116.0,1006.2,1006.2,2.7,5.0
2024-05-26 22:30:00+02:00,14.3,14.3,15.2,13.9,97.0,22.0,81.0,0.0,0.0,0.0,2.9,2.9,0.0,2.9,83.3,139.4,1.6,2.5,106.0,1006.0,1006.0,2.7,5.0
2024-05-26 22:35:00+02:00,14.4,14.4,15.4,13.9,97.0,22.0,81.0,0.0,0.0,0.0,2.9,2.9,0.0,2.9,83.3,139.4,1.1,3.2,104.0,1006.0,1006.0,2.7,5.0
2024-05-26 22:40:00+02:00,14.4,14.4,15.5,13.9,97.0,21.9,81.0,0.0,0.0,0.0,2.9,2.9,0.0,2.9,83.3,139.4,0.8,2.9,102.0,1006.2,1006.2,2.7,5.0
2024-05-26 22:45:00+02:00,14.5,14.5,15.5,14.0,97.0,21.8,81.0,0.0,0.0,0.0,2.9,2.9,0.0,2.9,83.3,139.4,1.1,2.9,98.0,1006.1,1006.1,2.7,5.0
2024-05-26 22:50:00+02:00,14.5,14.5,15.6,14.1,97.0,21.8,81.0,0.0,0.0,0.0,2.9,2.9,0.0,2.9,83.3,139.4,1.0,3.6,116.0,1006.1,1006.1,2.7,5.0
2024-05-26 22:55:00+02:00,14.6,14.6,15.6,14.1,97.0,21.8,81.0,0.0,0.0,0.0,2.9,2.9,0.0,2.9,83.3,139.4,1.4,6.1,105.0,1006.2,1006.2,2.7,5.0
2024-05-26 23:00:00+02:00,14.6,14.6,15.7,14.2,97.0,21.7,81.0,0.0,0.0,0.0,2.9,2.9,0.0,2.9,83.3,139.4,1.3,3.6,89.0,1006.2,1006.2,2.7,5.0
2024-05-26 23:05:00+02:00,14.7,14.7,15.7,14.3,97.0,21.7,81.0,0.0,0.0,0.0,2.9,2.9,0.0,2.9,83.3,139.4,1.8,4.0,120.0,1006.2,1006.2,2.7,5.0
2024-05-26 23:10:00+02:00,14.7,14.7,15.7,14.3,97.0,21.6,81.0,0.0,0.0,0.0,2.9,2.9,0.0,2.9,83.3,139.4,1.6,5.0,108.0,1006.2,1006.2,2.7,5.0
2024-05-26 23:15:00+02:00,14.7,14.7,16.1,14.3,97.0,21.6,82.0,0.0,0.0,0.0,2.9,2.9,0.0,2.9,83.3,139.4,0.0,2.2,121.0,1006.1,1006.1,2.7,5.0
2024-05-26 23:20:00+02:00,14.7,14.7,15.8,14.3,97.0,21.5,82.0,0.0,0.0,0.0,2.9,2.9,0.0,2.9,83.3,139.4,1.2,2.9,134.0,1006.2,1006.2,2.7,5.0
2024-05-26 23:25:00+02:00,14.6,14.6,15.6,14.2,97.0,21.4,82.0,0.0,0.0,0.0,2.9,2.9,0.0,2.9,83.3,139.4,1.5,2.5,129.0,1006.2,1006.2,2.7,5.0
2024-05-26 23:30:00+02:00,14.5,14.5,15.6,14.1,97.0,21.4,82.0,0.0,0.0,0.0,2.9,2.9,0.0,2.9,83.3,139.4,0.8,2.5,112.0,1006.3,1006.3,2.7,5.0
2024-05-26 23:35:00+02:00,14.4,14.4,15.4,14.0,97.0,21.4,82.0,0.0,0.0,0.0,2.9,2.9,0.0,2.9,83.3,139.4,1.4,2.9,123.0,1006.2,1006.2,2.7,5.0
2024-05-26 23:40:00+02:00,14.5,14.5,15.4,14.0,97.0,21.3,82.0,0.0,0.0,0.0,2.9,2.9,0.0,2.9,83.3,139.4,1.8,3.6,127.0,1006.2,1006.2,2.7,5.0
2024-05-26 23:45:00+02:00,14.4,14.4,15.2,13.8,96.0,21.3,82.0,0.0,0.0,0.0,2.9,2.9,0.0,2.9,83.3,139.4,2.2,4.0,137.0,1006.2,1006.2,2.7,5.0
2024-05-26 23:50:00+02:00,14.4,14.4,15.3,13.6,95.0,21.2,82.0,0.0,0.0,0.0,2.9,2.9,0.0,2.9,83.3,139.4,1.4,4.0,132.0,1006.3,1006.3,2.7,5.0
2024-05-26 23:55:00+02:00,14.3,14.3,15.4,13.6,95.0,21.2,82.0,0.0,0.0,0.0,2.9,2.9,0.0,2.9,83.3,139.4,0.4,2.5,125.0,1006.3,1006.3,2.7,5.0
2024-05-27 00:00:00+02:00,14.3,14.3,15.0,13.5,95.0,21.2,82.0,0.0,0.0,0.0,0.0,2.9,0.0,2.9,83.3,139.4,2.0,4.0,128.0,1006.4,1006.4,2.7,5.0
2024-05-27 00:05:00+02:00,14.2,14.2,14.9,13.4,95.0,21.1,82.0,0.0,0.0,0.0,0.0,2.9,0.0,2.9,83.3,139.4,2.0,4.0,124.0,1006.4,1006.4,2.7,5.0
2024-05-27 00:10:00+02:00,14.2,14.2,14.8,13.3,94.0,21.0,82.0,0.0,0.0,0.0,0.0,2.9,0.0,2.9,83.3,139.4,2.4,4.0,110.0,1006.4,1006.4,2.7,5.0
2024-05-27 00:15:00+02:00,14.1,14.1,14.8,13.2,94.0,21.0,82.0,0.0,0.0,0.0,0.0,2.9,0.0,2.9,83.3,139.4,1.2,2.9,116.0,1006.4,1006.4,2.7,4.9
2024-05-27 00:20:00+02:00,13.9,13.9,14.9,13.1,95.0,20.9,82.0,0.0,0.0,0.0,0.0,2.9,0.0,2.9,83.3,139.4,0.0,2.2,106.0,1006.5,1006.5,2.7,4.9
2024-05-27 00:25:00+02:00,13.8,13.8,14.7,13.0,95.0,20.9,82.0,0.0,0.0,0.0,0.0,2.9,0.0,2.9,83.3,139.4,0.0,0.0,93.0,1006.4,1006.4,2.7,4.9
2024-05-27 00:30:00+02:00,13.7,13.7,14.5,13.0,95.0,20.9,82.0,0.0,0.0,0.0,0.0,2.9,0.0,2.9,83.3,139.4,0.9,2.9,125.0,1006.4,1006.4,2.7,4.9
2024-05-27 00:35:00+02:00,13.7,13.7,14.5,13.1,96.0,20.8,82.0,0.0,0.0,0.0,0.0,2.9,0.0,2.9,83.3,139.4,1.1,2.5,101.0,1006.3,1006.3,2.7,4.9
2024-05-27 00:40:00+02:00,13.7,13.7,14.5,13.1,96.0,20.8,82.0,0.0,0.0,0.0,0.0,2.9,0.0,2.9,83.3,139.4,0.7,2.5,109.0,1006.4,1006.4,2.7,4.9
2024-05-27 00:45:00+02:00,13.5,13.5,14.4,12.9,96.0,20.7,82.0,0.0,0.0,0.0,0.0,2.9,0.0,2.9,83.3,139.4,0.0,2.2,119.0,1006.5,1006.5,2.7,4.9
2024-05-27 00:50:00+02:00,13.5,13.5,13.9,12.9,96.0,20.7,82.0,0.0,0.0,0.0,0.0,2.9,0.0,2.9,83.3,139.4,2.3,3.6,115.0,1006.4,1006.4,2.7,4.9
2024-05-27 00:55:00+02:00,13.5,13.5,13.9,13.0,97.0,20.7,82.0,0.0,0.0,0.0,0.0,2.9,0.0,2.9,83.3,139.4,2.4,3.2,119.0,1006.7,1006.7,2.7,4.9
2024-05-27 01:00:00+02:00,13.4,13.4,14.0,12.9,97.0,20.5,82.0,0.0,0.0,0.0,0.0,2.9,0.0,2.9,83.3,139.4,1.9,5.0,122.0,1006.6,1006.6,2.7,4.9
2024-05-27 01:05:00+02:00,13.4,13.4,13.9,12.9,97.0,20.5,82.0,0.0,0.0,0.0,0.0,2.9,0.0,2.9,83.3,139.4,2.0,5.0,110.0,1006.7,1006.7,2.7,4.9
2024-05-27 01:10:00+02:00,13.3,13.3,13.9,12.9,97.0,20.4,82.0,0.0,0.0,0.0,0.0,2.9,0.0,2.9,83.3,139.4,1.7,3.2,125.0,1006.7,1006.7,2.7,4.9
2024-05-27 01:15:00+02:00,13.3,13.3,13.8,12.8,97.0,20.3,82.0,0.0,0.0,0.0,0.0,2.9,0.0,2.9,83.3,139.4,2.1,3.2,120.0,1006.7,1006.7,2.7,4.9
2024-05-27 01:20:00+02:00,13.2,13.2,13.9,12.8,97.0,20.3,82.0,0.0,0.0,0.0,0.0,2.9,0.0,2.9,83.3,139.4,0.9,2.5,127.0,1006.7,1006.7,2.7,4.9
2024-05-27 01:25:00+02:00,13.2,13.2,13.8,12.8,97.0,20.2,82.0,0.0,0.0,0.0,0.0,2.9,0.0,2.9,83.3,139.4,1.3,3.2,123.0,1006.7,1006.7,2.7,4.9
2024-05-27 01:30:00+02:00,13.2,13.2,13.7,12.9,98.0,20.2,82.0,0.0,0.0,0.0,0.0,2.9,0.0,2.9,83.3,139.4,2.2,3.2,117.0,1006.7,1006.7,2.7,4.9
2024-05-27 01:35:00+02:00,13.1,13.1,13.8,12.8,98.0,20.2,82.0,0.0,0.0,0.0,0.0,2.9,0.0,2.9,83.3,139.4,0.8,2.9,123.0,1006.8,1006.8,2.7,4.9
2024-05-27 01:40:00+02:00,13.1,13.1,13.7,12.8,98.0,20.1,82.0,0.0,0.0,0.0,0.0,2.9,0.0,2.9,83.3,139.4,1.3,3.6,109.0,1006.6,1006.6,2.7,4.9
2024-05-27 01:45:00+02:00,13.1,13.1,13.8,12.8,98.0,20.0,82.0,0.0,0.0,0.0,0.0,2.9,0.0,2.9,83.3,139.4,0.8,2.9,105.0,1006.7,1006.7,2.7,4.9
2024-05-27 01:50:00+02:00,13.1,13.1,13.6,12.8,98.0,19.9,82.0,0.0,0.0,0.0,0.0,2.9,0.0,2.9,83.3,139.4,1.7,3.2,111.0,1006.7,1006.7,2.7,4.9
2024-05-27 01:55:00+02:00,13.1,13.1,13.8,12.8,98.0,19.9,82.0,0.0,0.0,0.0,0.0,2.9,0.0,2.9,83.3,139.4,0.7,3.2,114.0,1006.8,1006.8,2.7,4.8
2024-05-27 02:00:00+02:00,13.1,13.1,13.8,12.8,98.0,19.8,82.0,0.0,0.0,0.0,0.0,2.9,0.0,2.9,83.3,139.4,0.4,3.2,167.0,1006.7,1006.7,2.7,4.8
2024-05-27 02:05:00+02:00,13.2,13.2,13.5,12.8,98.0,19.8,82.0,0.0,0.0,0.0,0.0,2.9,0.0,2.9,83.3,139.4,2.5,4.3,122.0,1006.7,1006.7,2.7,4.8
2024-05-27 02:10:00+02:00,13.2,13.2,13.4,12.9,98.0,19.8,82.0,0.0,0.0,0.0,0.0,2.9,0.0,2.9,83.3,139.4,3.5,5.0,124.0,1006.9,1006.9,2.7,4.8
2024-05-27 02:15:00+02:00,13.3,13.3,14.0,12.8,97.0,19.7,82.0,0.0,0.0,0.0,0.0,2.9,0.0,2.9,83.3,139.4,1.1,5.0,111.0,1006.8,1006.8,2.7,4.8
2024-05-27 02:20:00+02:00,13.3,13.3,14.1,12.9,97.0,19.7,82.0,0.0,0.0,0.0,0.0,2.9,0.0,2.9,83.3,139.4,0.4,2.5,70.0,1006.8,1006.8,2.7,4.8
2024-05-27 02:25:00+02:00,13.4,13.4,13.8,12.9,97.0,19.7,82.0,0.0,0.0,0.0,0.0,2.9,0.0,2.9,83.3,139.4,2.6,4.0,121.0,1006.9,1006.9,2.7,4.8
2024-05-27 02:30:00+02:00,13.4,13.4,13.9,12.9,97.0,19.6,82.0,0.0,0.0,0.0,0.0,2.9,0.0,2.9,83.3,139.4,2.0,7.9,116.0,1006.8,1006.8,2.7,4.8
2024-05-27 02:35:00+02:00,13.5,13.5,14.0,12.9,96.0,19.6,82.0,0.0,0.0,0.0,0.0,2.9,0.0,2.9,83.3,139.4,1.9,4.3,129.0,1006.7,1006.7,2.7,4.8
2024-05-27 02:40:00+02:00,13.5,13.5,13.9,12.9,96.0,19.5,82.0,0.0,0.0,0.0,0.0,2.9,0.0,2.9,83.3,139.4,2.7,4.3,112.0,1006.7,1006.7,2.7,4.8
2024-05-27 02:45:00+02:00,13.6,13.6,13.9,12.9,95.0,19.5,82.0,0.0,0.0,0.0,0.0,2.9,0.0,2.9,83.3,139.4,3.0,4.3,124.0,1006.7,1006.7,2.7,4.8
2024-05-27 02:50:00+02:00,13.6,13.6,14.3,12.8,95.0,19.5,82.0,0.0,0.0,0.0,0.0,2.9,0.0,2.9,83.3,139.4,1.0,3.6,118.0,1006.7,1006.7,2.7,4.8
2024-05-27 02:55:00+02:00,13.5,13.5,14.2,12.7,95.0,19.5,82.0,0.0,0.0,0.0,0.0,2.9,0.0,2.9,83.3,139.4,1.0,3.2,121.0,1006.6,1006.6,2.7,4.8
2024-05-27 03:00:00+02:00,13.4,13.4,14.0,12.7,95.0,19.4,82.0,0.0,0.0,0.0,0.0,2.9,0.0,2.9,83.3,139.4,1.4,3.2,118.0,1006.6,1006.6,2.7,4.8
2024-05-27 03:05:00+02:00,13.4,13.4,13.7,12.6,95.0,19.4,82.0,0.0,0.0,0.0,0.0,2.9,0.0,2.9,83.3,139.4,2.8,5.0,125.0,1006.6,1006.6,2.7,4.8
2024-05-27 03:10:00+02:00,13.5,13.5,13.7,12.6,94.0,19.4,82.0,0.0,0.0,0.0,0.0,2.9,0.0,2.9,83.3,139.4,3.5,5.0,125.0,1006.6,1006.6,2.7,4.8
2024-05-27 03:15:00+02:00,13.6,13.6,13.9,12.7,94.0,19.3,82.0,0.0,0.0,0.0,0.0,2.9,0.0,2.9,83.3,139.4,2.9,6.1,115.0,1006.8,1006.8,2.7,4.8
2024-05-27 03:20:00+02:00,13.7,13.7,13.9,12.6,93.0,19.3,82.0,0.0,0.0,0.0,0.0,2.9,0.0,2.9,83.3,139.4,2.5,6.5,109.0,1006.7,1006.7,2.7,4.8
2024-05-27 03:25:00+02:00,13.6,13.6,14.3,12.5,93.0,19.3,82.0,0.0,0.0,0.0,0.0,2.9,0.0,2.9,83.3,139.4,0.0,2.2,95.0,1006.7,1006.7,2.7,4.8
2024-05-27 03:30:00+02:00,13.5,13.5,13.9,12.6,94.0,19.3,82.0,0.0,0.0,0.0,0.0,2.9,0.0,2.9,83.3,139.4,1.9,4.7,114.0,1006.8,1006.8,2.7,4.8
2024-05-27 03:35:00+02:00,13.6,13.6,13.8,12.5,93.0,19.2,83.0,0.0,0.0,0.0,0.0,2.9,0.0,2.9,83.3,139.4,3.0,5.0,124.0,1006.7,1006.7,2.7,4.8
2024-05-27 03:40:00+02:00,13.6,13.6,13.9,12.7,94.0,19.2,83.0,0.0,0.0,0.0,0.0,2.9,0.0,2.9,83.3,139.4,2.8,4.3,116.0,1006.7,1006.7,2.7,4.8
2024-05-27 03:45:00+02:00,13.6,13.6,14.0,12.7,94.0,19.2,83.0,0.0,0.0,0.0,0.0,2.9,0.0,2.9,83.3,139.4,2.4,4.0,115.0,1006.7,1006.7,2.7,4.7
2024-05-27 03:50:00+02:00,13.6,13.6,13.6,12.5,93.0,19.2,83.0,0.0,0.0,0.0,0.0,2.9,0.0,2.9,83.3,139.4,3.9,7.9,120.0,1006.7,1006.7,2.7,4.7
2024-05-27 03:55:00+02:00,13.8,13.8,14.2,12.5,92.0,19.1,83.0,0.0,0.0,0.0,0.0,2.9,0.0,2.9,83.3,139.4,2.2,5.0,108.0,1006.7,1006.7,2.7,4.7
2024-05-27 04:00:00+02:00,13.7,13.7,14.1,12.6,93.0,19.1,83.0,0.0,0.0,0.0,0.0,2.9,0.0,2.9,83.3,139.4,1.9,6.1,112.0,1006.7,1006.7,2.7,4.7
2024-05-27 04:05:00+02:00,13.7,13.7,13.9,12.6,93.0,19.1,83.0,0.0,0.0,0.0,0.0,2.9,0.0,2.9,83.3,139.4,2.6,3.6,116.0,1006.7,1006.7,2.7,4.7
2024-05-27 04:10:00+02:00,13.7,13.7,14.2,12.5,93.0,19.1,83.0,0.0,0.0,0.0,0.0,2.9,0.0,2.9,83.3,139.4,0.9,4.0,101.0,1006.8,1006.8,2.7,4.7
2024-05-27 04:15:00+02:00,13.6,13.6,14.3,12.5,93.0,19.0,83.0,0.0,0.0,0.0,0.0,2.9,0.0,2.9,83.3,139.4,0.4,2.2,92.0,1006.7,1006.7,2.7,4.7
2024-05-27 04:20:00+02:00,13.7,13.7,14.0,12.6,93.0,19.0,83.0,0.0,0.0,0.0,0.0,2.9,0.0,2.9,83.3,139.4,2.0,2.9,62.0,1006.6,1006.6,2.7,4.7
2024-05-27 04:25:00+02:00,13.7,13.7,14.2,12.6,93.0,19.0,83.0,0.0,0.0,0.0,0.0,2.9,0.0,2.9,83.3,139.4,1.4,2.9,95.0,1006.7,1006.7,2.7,4.7
2024-05-27 04:30:00+02:00,13.7,13.7,14.3,12.8,94.0,19.0,83.0,0.0,0.0,0.0,0.0,2.9,0.0,2.9,83.3,139.4,1.2,2.9,119.0,1006.8,1006.8,2.7,4.7
2024-05-27 04:35:00+02:00,13.5,13.5,14.1,12.7,95.0,19.0,83.0,0.0,0.0,0.0,0.0,2.9,0.0,2.9,83.3,139.4,1.3,2.9,115.0,1006.9,1006.9,2.7,4.7
2024-05-27 04:40:00+02:00,13.5,13.5,13.8,12.7,95.0,19.0,83.0,0.0,0.0,0.0,0.0,2.9,0.0,2.9,83.3,139.4,2.4,2.9,112.0,1006.9,1006.9,2.7,4.7
2024-05-27 04:45:00+02:00,13.3,13.3,14.0,12.6,96.0,18.9,83.0,0.0,0.0,0.0,0.0,2.9,0.0,2.9,83.3,139.4,0.8,2.5,105.0,1006.7,1006.7,2.7,4.7
2024-05-27 04:50:00+02:00,13.3,13.3,13.7,12.7,96.0,18.9,83.0,0.0,0.0,0.0,0.0,2.9,0.0,2.9,83.3,139.4,2.5,3.2,122.0,1006.8,1006.8,2.7,4.7
2024-05-27 05:00:00+02:00,13.2,13.2,13.9,12.6,96.0,18.9,83.0,0.2,0.0,0.0,0.0,2.9,0.0,2.9,83.3,139.4,0.6,2.9,107.0,1006.9,1006.9,2.7,4.7
2024-05-27 05:05:00+02:00,13.2,13.2,13.7,12.6,96.0,18.8,83.0,0.4,0.0,0.0,0.0,2.9,0.0,2.9,83.3,139.4,1.7,4.0,104.0,1006.8,1006.8,2.7,4.7
2024-05-27 05:10:00+02:00,13.2,13.2,13.8,12.6,96.0,18.8,83.0,0.7,0.0,0.0,0.0,2.9,0.0,2.9,83.3,139.4,0.9,2.9,131.0,1006.8,1006.8,2.7,4.7
2024-05-27 05:15:00+02:00,13.2,13.2,13.8,12.6,96.0,18.8,83.0,1.2,0.0,0.0,0.0,2.9,0.0,2.9,83.3,139.4,1.2,2.9,111.0,1006.8,1006.8,2.7,4.7
2024-05-27 05:20:00+02:00,13.2,13.2,13.9,12.6,96.0,18.8,83.0,1.7,0.0,0.0,0.0,2.9,0.0,2.9,83.3,139.4,0.5,2.5,125.0,1006.8,1006.8,2.7,4.7
2024-05-27 05:25:00+02:00,13.2,13.2,13.9,12.5,96.0,18.8,83.0,2.4,0.0,0.0,0.0,2.9,0.0,2.9,83.3,139.4,0.0,2.5,112.0,1006.8,1006.8,2.7,4.7
2024-05-27 05:30:00+02:00,13.1,13.1,13.9,12.5,96.0,18.8,83.0,3.2,0.0,0.0,0.0,2.9,0.0,2.9,83.3,139.4,0.0,2.5,88.0,1006.9,1006.9,2.7,4.7
2024-05-27 05:35:00+02:00,13.2,13.2,13.8,12.5,96.0,18.7,83.0,4.2,0.0,0.0,0.0,2.9,0.0,2.9,83.3,139.4,0.7,2.9,52.0,1006.8,1006.8,2.7,4.6
2024-05-27 05:40:00+02:00,13.2,13.2,13.8,12.6,96.0,18.7,83.0,5.6,0.0,0.0,0.0,2.9,0.0,2.9,83.3,139.4,0.8,2.9,97.0,1006.9,1006.9,2.7,4.6
2024-05-27 05:45:00+02:00,13.2,13.2,13.7,12.6,96.0,18.7,83.0,6.5,0.0,0.0,0.0,2.9,0.0,2.9,83.3,139.4,1.6,2.5,116.0,1006.9,1006.9,2.7,4.6
2024-05-27 05:50:00+02:00,13.1,13.1,13.6,12.5,96.0,18.7,83.0,8.4,0.0,0.0,0.0,2.9,0.0,2.9,83.3,139.4,1.2,2.5,119.0,1007.0,1007.0,2.7,4.6
2024-05-27 05:55:00+02:00,13.1,13.1,13.4,12.5,96.0,18.7,83.0,9.6,0.0,0.0,0.0,2.9,0.0,2.9,83.3,139.4,2.3,3.6,114.0,1007.1,1007.1,2.7,4.6
2024-05-27 06:00:00+02:00,13.1,13.1,13.6,12.5,96.0,18.7,83.0,11.7,0.0,0.0,0.0,2.9,0.0,2.9,83.3,139.4,1.2,3.2,122.0,1007.1,1007.1,2.7,4.6
2024-05-27 06:05:00+02:00,13.0,13.0,13.5,12.3,96.0,18.6,83.0,14.8,0.0,0.0,0.0,2.9,0.0,2.9,83.3,139.4,0.7,2.9,118.0,1007.0,1007.0,2.7,4.6
2024-05-27 06:10:00+02:00,12.9,12.9,13.3,12.3,96.0,18.6,83.0,18.1,0.0,0.0,0.0,2.9,0.0,2.9,83.3,139.4,1.2,2.5,124.0,1007.1,1007.1,2.7,4.6
2024-05-27 06:15:00+02:00,12.8,12.8,13.5,12.4,97.0,18.6,83.0,21.4,0.0,0.0,0.0,2.9,0.0,2.9,83.3,139.4,0.5,2.2,103.0,1007.2,1007.2,2.7,4.6
2024-05-27 06:20:00+02:00,12.9,12.9,13.4,12.4,97.0,18.6,83.0,25.0,0.0,0.0,0.0,2.9,0.0,2.9,83.3,139.4,1.1,2.5,117.0,1007.1,1007.1,2.7,4.6
2024-05-27 06:25:00+02:00,12.8,12.8,13.4,12.3,97.0,18.6,83.0,31.0,0.0,0.0,0.0,2.9,0.0,2.9,83.3,139.4,0.8,2.5,126.0,1007.2,1007.2,2.7,4.6
2024-05-27 06:30:00+02:00,12.8,12.8,13.4,12.4,97.0,18.5,83.0,32.2,0.0,0.0,0.0,2.9,0.0,2.9,83.3,139.4,0.9,2.9,106.0,1007.2,1007.2,2.7,4.6
2024-05-27 06:35:00+02:00,12.9,12.9,13.5,12.4,97.0,18.5,83.0,35.6,0.0,0.0,0.0,2.9,0.0,2.9,83.3,139.4,0.7,2.9,117.0,1007.3,1007.3,2.7,4.6
2024-05-27 06:40:00+02:00,12.9,12.9,13.4,12.4,97.0,18.5,83.0,46.9,0.0,0.0,0.0,2.9,0.0,2.9,83.3,139.4,1.2,2.5,109.0,1007.3,1007.3,2.7,4.6
2024-05-27 06:45:00+02:00,13.1,13.1,13.5,12.6,97.0,18.5,83.0,74.3,0.0,0.0,0.0,2.9,0.0,2.9,83.3,139.4,1.9,3.6,116.0,1007.3,1007.3,2.7,4.6
2024-05-27 06:50:00+02:00,13.5,13.5,13.6,12.8,96.0,18.5,84.0,70.7,0.0,0.0,0.0,2.9,0.0,2.9,83.3,139.4,4.1,5.8,110.0,1007.5,1007.5,2.7,4.6
2024-05-27 06:55:00+02:00,14.0,14.0,14.1,12.9,93.0,18.5,84.0,61.0,0.0,0.0,0.0,2.9,0.0,2.9,83.3,139.4,4.1,7.2,112.0,1007.4,1007.4,2.7,4.7
2024-05-27 07:00:00+02:00,14.3,14.3,14.6,13.1,92.0,18.6,84.0,87.9,0.0,0.0,0.0,2.9,0.0,2.9,83.3,139.4,3.3,5.8,130.0,1007.5,1007.5,2.7,4.7
2024-05-27 07:05:00+02:00,14.5,14.5,15.2,13.3,92.0,18.6,84.0,98.1,0.0,0.0,0.0,2.9,0.0,2.9,83.3,139.4,1.9,4.3,120.0,1007.5,1007.5,2.7,4.7
2024-05-27 07:10:00+02:00,14.7,14.7,15.0,13.1,91.0,18.7,84.0,84.5,0.0,0.0,0.0,2.9,0.0,2.9,83.3,139.4,3.1,6.8,116.0,1007.5,1007.5,2.7,4.7
2024-05-27 07:15:00+02:00,14.8,14.8,14.9,13.0,89.0,18.7,84.0,65.6,0.0,0.0,0.0,2.9,0.0,2.9,83.3,139.4,4.2,7.2,120.0,1007.6,1007.6,2.7,4.7
2024-05-27 07:20:00+02:00,14.8,14.8,15.4,13.1,90.0,18.8,84.0,55.2,0.0,0.0,0.0,2.9,0.0,2.9,83.3,139.4,2.1,6.8,118.0,1007.6,1007.6,2.7,4.7
2024-05-27 07:25:00+02:00,14.8,14.8,15.4,13.1,89.0,18.8,84.0,50.2,0.0,0.0,0.0,2.9,0.0,2.9,83.3,139.4,2.3,5.4,116.0,1007.5,1007.5,2.7,4.7
2024-05-27 07:30:00+02:00,14.8,14.8,15.2,13.1,90.0,18.8,84.0,50.9,0.0,0.0,0.0,2.9,0.0,2.9,83.3,139.4,3.1,5.8,125.0,1007.7,1007.7,2.7,4.7
2024-05-27 07:35:00+02:00,14.8,14.8,15.3,13.1,90.0,18.9,84.0,51.1,0.0,0.0,0.0,2.9,0.0,2.9,83.3,139.4,2.5,6.5,127.0,1007.7,1007.7,2.7,4.8
2024-05-27 07:40:00+02:00,14.8,14.8,15.1,13.1,90.0,18.9,84.0,67.5,0.0,0.0,0.0,2.9,0.0,2.9,83.3,139.4,3.8,6.5,127.0,1007.7,1007.7,2.7,4.8
2024-05-27 07:45:00+02:00,14.8,14.8,15.5,13.0,88.0,18.9,84.0,77.8,0.0,0.0,0.0,2.9,0.0,2.9,83.3,139.4,1.4,9.7,110.0,1007.7,1007.7,2.7,4.8
2024-05-27 07:50:00+02:00,14.9,14.9,15.1,13.1,89.0,19.0,84.0,106.8,0.0,0.0,0.0,2.9,0.0,2.9,83.3,139.4,4.0,7.2,120.0,1007.9,1007.9,2.7,4.8
2024-05-27 07:55:00+02:00,15.0,15.0,15.2,13.1,88.0,19.0,84.0,115.3,1.0,0.0,0.0,2.9,0.0,2.9,83.3,139.4,4.1,8.6,108.0,1007.7,1007.7,2.7,4.8
2024-05-27 08:00:00+02:00,15.1,15.1,15.3,13.0,87.0,19.0,84.0,117.6,1.0,0.0,0.0,2.9,0.0,2.9,83.3,139.4,3.6,6.8,122.0,1007.8,1007.8,2.7,4.8
2024-05-27 08:05:00+02:00,15.2,15.2,15.9,13.0,87.0,19.1,84.0,107.4,0.0,0.0,0.0,2.9,0.0,2.9,83.3,139.4,1.3,6.8,132.0,1007.7,1007.7,2.7,4.8
2024-05-27 08:10:00+02:00,15.3,15.3,16.1,13.2,87.0,19.1,84.0,107.3,0.0,0.0,0.0,2.9,0.0,2.9,83.3,139.4,1.5,3.6,129.0,1007.8,1007.8,2.7,4.8
2024-05-27 08:15:00+02:00,15.3,15.3,15.7,13.2,87.0,19.2,85.0,122.8,1.0,0.0,0.0,2.9,0.0,2.9,83.3,139.4,3.3,6.5,117.0,1007.9,1007.9,2.7,4.9
2024-05-27 08:20:00+02:00,15.3,15.3,15.8,13.1,87.0,19.2,85.0,128.8,1.0,0.0,0.0,2.9,0.0,2.9,83.3,139.4,2.6,6.5,125.0,1007.7,1007.7,2.7,4.9
2024-05-27 08:25:00+02:00,15.4,15.4,16.1,13.2,87.0,19.3,85.0,127.0,1.0,0.0,0.0,2.9,0.0,2.9,83.3,139.4,1.9,8.3,126.0,1007.9,1007.9,2.7,4.9
2024-05-27 08:30:00+02:00,15.5,15.5,16.1,13.1,85.0,19.4,85.0,148.6,1.0,0.0,0.0,2.9,0.0,2.9,83.3,139.4,2.3,6.5,118.0,1007.9,1007.9,2.7,4.9
2024-05-27 08:35:00+02:00,15.6,15.6,16.1,13.2,86.0,19.4,85.0,159.8,1.0,0.0,0.0,2.9,0.0,2.9,83.3,139.4,2.6,7.6,110.0,1007.9,1007.9,2.7,5.0
2024-05-27 08:40:00+02:00,15.8,15.8,16.4,12.7,82.0,19.5,85.0,271.4,2.0,0.0,0.0,2.9,0.0,2.9,83.3,139.4,1.4,6.1,209.0,1007.9,1007.9,2.7,5.0
2024-05-27 08:45:00+02:00,16.6,16.6,17.0,12.7,78.0,19.6,85.0,239.1,2.0,0.0,0.0,2.9,0.0,2.9,83.3,139.4,2.2,6.1,179.0,1008.0,1008.0,2.7,5.0
2024-05-27 08:50:00+02:00,16.9,16.9,17.5,13.2,79.0,19.7,85.0,340.0,3.0,0.0,0.0,2.9,0.0,2.9,83.3,139.4,2.1,5.8,133.0,1008.0,1008.0,2.7,5.0
2024-05-27 08:55:00+02:00,16.8,16.8,17.2,12.9,78.0,19.8,86.0,280.8,2.0,0.0,0.0,2.9,0.0,2.9,83.3,139.4,2.7,7.2,108.0,1008.0,1008.0,2.7,5.1
2024-05-27 09:00:00+02:00,16.7,16.7,17.1,13.0,79.0,19.9,86.0,401.5,3.0,0.0,0.0,2.9,0.0,2.9,83.3,139.4,2.5,8.3,132.0,1007.9,1007.9,2.7,5.1
2024-05-27 09:05:00+02:00,16.8,16.8,17.4,13.1,78.0,20.2,86.0,642.0,5.0,0.0,0.0,2.9,0.0,2.9,83.3,139.4,2.2,6.5,127.0,1007.9,1007.9,2.7,5.2
2024-05-27 09:10:00+02:00,17.9,17.9,18.2,13.0,73.0,20.3,86.0,650.6,6.0,0.0,0.0,2.9,0.0,2.9,83.3,139.4,3.2,6.5,153.0,1007.9,1007.9,2.7,5.2
2024-05-27 09:15:00+02:00,18.2,18.2,18.8,12.3,69.0,20.5,86.0,183.6,1.0,0.0,0.0,2.9,0.0,2.9,83.3,139.4,1.0,6.5,186.0,1008.0,1008.0,2.7,5.2
2024-05-27 09:20:00+02:00,18.1,18.1,18.6,12.6,70.0,20.7,86.0,196.8,1.0,0.0,0.0,2.9,0.0,2.9,83.3,139.4,1.7,5.0,175.0,1008.1,1008.1,2.7,5.2
2024-05-27 09:25:00+02:00,18.1,18.1,18.3,12.2,69.0,20.8,86.0,195.5,1.0,0.0,0.0,2.9,0.0,2.9,83.3,139.4,2.2,5.0,257.0,1008.1,1008.1,2.7,5.2
2024-05-27 09:30:00+02:00,17.6,17.6,17.7,12.5,72.0,20.9,86.0,209.9,1.0,0.0,0.0,2.9,0.0,2.9,83.3,139.4,3.8,7.6,187.0,1008.2,1008.2,2.7,5.2
2024-05-27 09:35:00+02:00,16.8,16.8,16.5,12.4,75.0,21.0,86.0,320.9,2.0,0.0,0.0,2.9,0.0,2.9,83.3,139.4,5.3,12.2,123.0,1008.1,1008.1,2.7,5.2
2024-05-27 09:40:00+02:00,16.8,16.8,17.0,12.2,74.0,21.1,86.0,306.8,2.0,0.0,0.0,2.9,0.0,2.9,83.3,139.4,2.4,8.3,129.0,1008.1,1008.1,2.7,5.2
2024-05-27 09:45:00+02:00,17.4,17.4,17.6,12.5,73.0,21.2,86.0,534.6,4.0,0.0,0.0,2.9,0.0,2.9,83.3,139.4,3.4,7.2,134.0,1008.0,1008.0,2.7,5.2
2024-05-27 09:50:00+02:00,17.7,17.7,18.1,12.7,72.0,21.3,86.0,317.6,2.0,0.0,0.0,2.9,0.0,2.9,83.3,139.4,2.1,7.2,123.0,1008.1,1008.1,2.7,5.2
2024-05-27 09:55:00+02:00,17.9,17.9,18.3,12.6,71.0,21.5,86.0,230.1,2.0,0.0,0.0,2.9,0.0,2.9,83.3,139.4,1.8,6.1,158.0,1008.1,1008.1,2.7,5.2
2024-05-27 10:00:00+02:00,17.9,17.9,18.0,12.6,71.0,21.5,86.0,148.8,1.0,0.0,0.0,2.9,0.0,2.9,83.3,139.4,3.7,6.5,172.0,1008.2,1008.2,2.7,5.2
2024-05-27 10:05:00+02:00,17.3,17.3,17.4,12.5,73.0,21.7,86.0,133.2,1.0,0.0,0.0,2.9,0.0,2.9,83.3,139.4,3.3,6.5,138.0,1008.0,1008.0,2.7,5.2
2024-05-27 10:10:00+02:00,17.0,17.0,16.8,12.6,75.0,21.8,86.0,145.6,1.0,0.0,0.0,2.9,0.0,2.9,83.3,139.4,5.3,10.1,109.0,1008.1,1008.1,2.7,5.2
2024-05-27 10:15:00+02:00,17.0,17.0,17.2,12.6,75.0,21.8,86.0,161.6,1.0,0.0,0.0,2.9,0.0,2.9,83.3,139.4,3.0,6.5,132.0,1008.1,1008.1,2.7,5.2
2024-05-27 10:20:00+02:00,17.3,17.3,17.6,12.4,73.0,21.9,86.0,206.6,1.0,0.0,0.0,2.9,0.0,2.9,83.3,139.4,2.2,5.0,121.0,1008.0,1008.0,2.7,5.2
2024-05-27 10:25:00+02:00,17.4,17.4,17.4,12.3,72.0,22.0,86.0,300.1,2.0,0.0,0.0,2.9,0.0,2.9,83.3,139.4,3.9,9.0,113.0,1008.1,1008.1,2.7,5.2
2024-05-27 10:30:00+02:00,17.3,17.3,17.1,12.5,73.0,22.0,86.0,517.2,4.0,0.0,0.0,2.9,0.0,2.9,83.3,139.4,5.4,12.2,121.0,1008.1,1008.1,2.7,5.2
2024-05-27 10:35:00+02:00,17.3,17.3,17.1,12.3,73.0,22.2,86.0,534.7,4.0,0.0,0.0,2.9,0.0,2.9,83.3,139.4,4.8,14.0,101.0,1008.0,1008.0,2.7,5.2
2024-05-27 10:40:00+02:00,18.1,18.1,18.3,12.8,71.0,22.3,86.0,548.5,5.0,0.0,0.0,2.9,0.0,2.9,83.3,139.4,3.4,11.2,98.0,1008.1,1008.1,2.7,5.2
2024-05-27 10:45:00+02:00,19.2,19.2,19.7,12.7,66.0,22.5,86.0,553.5,5.0,0.0,0.0,2.9,0.0,2.9,83.3,139.4,1.7,5.4,112.0,1008.1,1008.1,2.7,5.3
2024-05-27 10:50:00+02:00,19.2,19.2,19.0,12.7,66.0,22.7,86.0,585.6,5.0,0.0,0.0,2.9,0.0,2.9,83.3,139.4,5.1,10.1,120.0,1008.1,1008.1,2.7,5.3
2024-05-27 10:55:00+02:00,19.1,19.1,19.1,12.6,66.0,22.9,86.0,557.5,5.0,0.0,0.0,2.9,0.0,2.9,83.3,139.4,3.7,13.3,102.0,1008.1,1008.1,2.7,5.3
2024-05-27 11:00:00+02:00,19.4,19.4,19.2,12.7,65.0,23.2,86.0,173.5,1.0,0.0,0.0,2.9,0.0,2.9,83.3,139.4,4.9,9.7,120.0,1008.1,1008.1,2.7,5.3
2024-05-27 11:05:00+02:00,18.1,18.1,18.1,12.7,71.0,23.3,86.0,131.7,1.0,0.0,0.0,2.9,0.0,2.9,83.3,139.4,4.3,9.7,162.0,1008.1,1008.1,2.7,5.3
2024-05-27 11:10:00+02:00,18.2,18.2,18.2,12.5,69.0,23.5,86.0,518.6,4.0,0.0,0.0,2.9,0.0,2.9,83.3,139.4,3.5,9.0,144.0,1008.0,1008.0,2.7,5.3
2024-05-27 11:15:00+02:00,18.0,18.0,17.8,12.5,70.0,23.7,86.0,672.1,6.0,0.0,0.0,2.9,0.0,2.9,83.3,139.4,5.3,9.7,121.0,1008.0,1008.0,2.7,5.3
2024-05-27 11:20:00+02:00,18.7,18.7,19.1,12.9,69.0,23.8,85.0,448.1,4.0,0.0,0.0,2.9,0.0,2.9,83.3,139.4,3.0,7.2,226.0,1007.9,1007.9,2.7,5.3
2024-05-27 11:25:00+02:00,19.0,19.0,18.8,12.6,66.0,23.9,85.0,411.8,3.0,0.0,0.0,2.9,0.0,2.9,83.3,139.4,5.0,7.6,117.0,1008.0,1008.0,2.7,5.3
2024-05-27 11:30:00+02:00,18.2,18.2,17.8,12.2,68.0,24.0,85.0,216.0,2.0,0.0,0.0,2.9,0.0,2.9,83.3,139.4,5.3,11.2,125.0,1008.0,1008.0,2.7,5.3
2024-05-27 11:35:00+02:00,18.0,18.0,17.4,12.3,70.0,24.1,85.0,194.9,1.0,0.0,0.0,2.9,0.0,2.9,83.3,139.4,6.7,11.2,131.0,1008.0,1008.0,2.7,5.3
2024-05-27 11:40:00+02:00,18.0,18.0,18.2,12.3,69.0,24.2,85.0,201.7,1.0,0.0,0.0,2.9,0.0,2.9,83.3,139.4,2.4,9.7,98.0,1008.1,1008.1,2.7,5.3
2024-05-27 11:45:00+02:00,18.3,18.3,18.7,12.6,69.0,24.2,85.0,272.1,2.0,0.0,0.0,2.9,0.0,2.9,83.3,139.4,1.8,7.6,90.0,1008.0,1008.0,2.7,5.3
2024-05-27 11:50:00+02:00,19.1,19.1,19.5,12.6,66.0,24.3,85.0,686.7,6.0,0.0,0.0,2.9,0.0,2.9,83.3,139.4,2.2,8.3,253.0,1007.9,1007.9,2.7,5.3
2024-05-27 11:55:00+02:00,20.2,20.2,20.2,12.7,62.0,24.3,85.0,704.9,6.0,0.0,0.0,2.9,0.0,2.9,83.3,139.4,4.3,15.8,207.0,1007.8,1007.8,2.7,5.3
2024-05-27 12:00:00+02:00,19.1,19.1,18.6,12.6,66.0,24.5,84.0,553.2,5.0,0.0,0.0,2.9,0.0,2.9,83.3,139.4,6.3,16.9,119.0,1007.8,1007.8,2.7,5.3
2024-05-27 12:05:00+02:00,19.2,19.2,19.5,12.8,67.0,24.6,85.0,492.5,4.0,0.0,0.0,2.9,0.0,2.9,83.3,139.4,3.1,9.4,253.0,1007.8,1007.8,2.7,5.3
2024-05-27 12:10:00+02:00,20.1,20.1,20.3,12.8,62.0,24.7,85.0,743.1,6.0,0.0,0.0,2.9,0.0,2.9,83.3,139.4,3.2,9.4,161.0,1007.8,1007.8,2.7,5.3
2024-05-27 12:15:00+02:00,21.1,21.1,21.8,12.9,60.0,24.8,84.0,551.7,5.0,0.0,0.0,2.9,0.0,2.9,83.3,139.4,1.2,6.1,174.0,1007.8,1007.8,2.7,5.3
2024-05-27 12:20:00+02:00,20.2,20.2,18.9,12.7,62.0,24.9,84.0,705.6,6.0,0.0,0.0,2.9,0.0,2.9,83.3,139.4,11.1,18.0,125.0,1007.9,1007.9,2.7,5.3
2024-05-27 12:25:00+02:00,19.6,19.6,19.3,12.2,62.0,25.1,84.0,284.9,2.0,0.0,0.0,2.9,0.0,2.9,83.3,139.4,4.8,16.9,120.0,1007.8,1007.8,2.7,5.3
2024-05-27 12:30:00+02:00,19.0,19.0,18.9,12.0,64.0,25.2,84.0,267.3,2.0,0.0,0.0,2.9,0.0,2.9,83.3,139.4,4.1,14.8,103.0,1007.8,1007.8,2.7,5.3
2024-05-27 12:35:00+02:00,19.8,19.8,20.0,12.8,64.0,25.2,84.0,519.9,4.0,0.0,0.0,2.9,0.0,2.9,83.3,139.4,3.2,8.3,180.0,1007.7,1007.7,2.7,5.3
2024-05-27 12:40:00+02:00,20.7,20.7,20.8,12.5,60.0,25.3,84.0,532.6,4.0,0.0,0.0,2.9,0.0,2.9,83.3,139.4,3.0,10.4,144.0,1007.6,1007.6,2.7,5.3
2024-05-27 12:45:00+02:00,20.0,20.0,20.1,12.3,61.0,25.4,84.0,460.0,4.0,0.0,0.0,2.9,0.0,2.9,83.3,139.4,3.0,10.4,128.0,1007.7,1007.7,2.7,5.3
2024-05-27 12:50:00+02:00,19.2,19.2,19.1,12.1,63.0,25.5,84.0,268.0,2.0,0.0,0.0,2.9,0.0,2.9,83.3,139.4,3.8,12.2,127.0,1007.6,1007.6,2.7,5.3
2024-05-27 12:55:00+02:00,19.8,19.8,20.0,12.2,61.0,25.5,84.0,232.2,2.0,0.0,0.0,2.9,0.0,2.9,83.3,139.4,2.4,6.1,206.0,1007.7,1007.7,2.7,5.3
2024-05-27 13:00:00+02:00,19.2,19.2,18.6,12.1,63.0,25.6,84.0,224.3,2.0,0.0,0.0,2.9,0.0,2.9,83.3,139.4,6.0,10.1,122.0,1007.6,1007.6,2.7,5.3
2024-05-27 13:05:00+02:00,19.1,19.1,19.2,12.1,64.0,25.6,84.0,444.3,4.0,0.0,0.0,2.9,0.0,2.9,83.3,139.4,3.0,8.6,129.0,1007.7,1007.7,2.7,5.3
2024-05-27 13:10:00+02:00,19.7,19.7,19.8,12.4,63.0,25.7,84.0,460.4,4.0,0.0,0.0,2.9,0.0,2.9,83.3,139.4,3.4,13.3,120.0,1007.6,1007.6,2.7,5.3
2024-05-27 13:15:00+02:00,19.2,19.2,18.5,11.7,62.0,25.7,84.0,661.6,6.0,0.0,0.0,2.9,0.0,2.9,83.3,139.4,6.3,13.3,111.0,1007.5,1007.5,2.7,5.3
2024-05-27 13:20:00+02:00,19.5,19.5,19.5,11.6,60.0,25.8,84.0,600.2,5.0,0.0,0.0,2.9,0.0,2.9,83.3,139.4,2.7,10.1,123.0,1007.5,1007.5,2.7,5.3
2024-05-27 13:25:00+02:00,21.0,21.0,20.6,11.2,54.0,25.9,84.0,640.0,5.0,0.0,0.0,2.9,0.0,2.9,83.3,139.4,4.0,9.4,232.0,1007.5,1007.5,2.7,5.3
2024-05-27 13:30:00+02:00,21.7,21.7,21.4,11.6,53.0,26.1,84.0,615.0,5.0,0.0,0.0,2.9,0.0,2.9,83.3,139.4,3.9,7.6,126.0,1007.4,1007.4,2.7,5.3
2024-05-27 13:35:00+02:00,21.7,21.7,21.1,11.5,52.0,26.2,83.0,663.5,6.0,0.0,0.0,2.9,0.0,2.9,83.3,139.4,5.4,15.8,117.0,1007.3,1007.3,2.7,5.3
2024-05-27 13:40:00+02:00,21.7,21.7,21.8,11.3,52.0,26.4,84.0,645.6,6.0,0.0,0.0,2.9,0.0,2.9,83.3,139.4,1.7,10.1,133.0,1007.2,1007.2,2.7,5.3
2024-05-27 13:45:00+02:00,21.9,21.9,21.2,11.6,52.0,26.5,84.0,565.7,5.0,0.0,0.0,2.9,0.0,2.9,83.3,139.4,5.8,12.2,137.0,1007.1,1007.1,2.7,5.3
2024-05-27 13:50:00+02:00,20.4,20.4,19.8,11.3,56.0,26.6,84.0,402.2,3.0,0.0,0.0,2.9,0.0,2.9,83.3,139.4,5.0,13.7,168.0,1007.0,1007.0,2.7,5.3
2024-05-27 13:55:00+02:00,21.1,21.1,21.3,11.5,54.0,26.6,84.0,281.1,2.0,0.0,0.0,2.9,0.0,2.9,83.3,139.4,1.3,6.5,195.0,1007.1,1007.1,2.7,5.3
2024-05-27 14:00:00+02:00,21.2,21.2,21.3,11.4,54.0,26.6,84.0,300.5,2.0,0.0,0.0,2.9,0.0,2.9,83.3,139.4,1.7,13.0,303.0,1007.0,1007.0,2.7,5.3
2024-05-27 14:05:00+02:00,20.7,20.7,20.5,11.0,54.0,26.6,84.0,282.8,2.0,0.0,0.0,2.9,0.0,2.9,83.3,139.4,2.4,6.1,271.0,1007.0,1007.0,2.7,5.3
2024-05-27 14:10:00+02:00,21.0,21.0,21.3,11.7,55.0,26.7,84.0,302.8,2.0,0.0,0.0,2.9,0.0,2.9,83.3,139.4,1.2,7.9,154.0,1007.0,1007.0,2.7,5.3
2024-05-27 14:15:00+02:00,21.5,21.5,21.8,12.0,55.0,26.7,84.0,286.1,2.0,0.0,0.0,2.9,0.0,2.9,83.3,139.4,1.3,6.8,298.0,1006.8,1006.8,2.7,5.3
2024-05-27 14:20:00+02:00,21.6,21.6,21.6,11.7,53.0,26.7,84.0,366.5,3.0,0.0,0.0,2.9,0.0,2.9,83.3,139.4,2.7,5.4,29.0,1007.0,1007.0,2.7,5.3
2024-05-27 14:25:00+02:00,20.5,20.5,19.7,10.8,54.0,26.8,84.0,405.1,3.0,0.0,0.0,2.9,0.0,2.9,83.3,139.4,5.3,9.7,286.0,1006.8,1006.8,2.7,5.3
2024-05-27 14:30:00+02:00,20.8,20.8,20.8,11.5,55.0,26.8,84.0,260.9,2.0,0.0,0.0,2.9,0.0,2.9,83.3,139.4,1.9,7.6,224.0,1006.9,1006.9,2.7,5.3
2024-05-27 14:35:00+02:00,21.6,21.6,21.2,11.0,51.0,26.9,84.0,827.0,7.0,0.0,0.0,2.9,0.0,2.9,83.3,139.4,3.9,6.5,259.0,1006.9,1006.9,2.7,5.3
2024-05-27 14:40:00+02:00,22.0,22.0,21.6,11.3,51.0,26.9,84.0,614.7,5.0,0.0,0.0,2.9,0.0,2.9,83.3,139.4,4.1,10.4,264.0,1006.7,1006.7,2.7,5.3
2024-05-27 14:45:00+02:00,21.1,21.1,20.2,10.7,51.0,27.0,84.0,442.1,4.0,0.0,0.0,2.9,0.0,2.9,83.3,139.4,5.6,11.9,329.0,1006.7,1006.7,2.7,5.3
2024-05-27 14:50:00+02:00,21.1,21.1,20.9,11.0,52.0,27.1,84.0,356.8,3.0,0.0,0.0,2.9,0.0,2.9,83.3,139.4,2.9,6.8,257.0,1006.8,1006.8,2.7,5.3
2024-05-27 14:55:00+02:00,21.7,21.7,21.4,10.2,48.0,27.1,84.0,251.0,2.0,0.0,0.0,2.9,0.0,2.9,83.3,139.4,2.0,6.5,208.0,1006.8,1006.8,2.7,5.3
2024-05-27 15:00:00+02:00,21.2,21.2,20.7,10.6,51.0,27.1,84.0,309.6,2.0,0.0,0.0,2.9,0.0,2.9,83.3,139.4,3.7,8.6,124.0,1006.8,1006.8,2.7,5.3
2024-05-27 15:05:00+02:00,21.3,21.3,21.2,10.7,51.0,27.2,84.0,310.8,2.0,0.0,0.0,2.9,0.0,2.9,83.3,139.4,1.6,8.3,260.0,1006.6,1006.6,2.7,5.3
2024-05-27 15:10:00+02:00,21.2,21.2,21.1,10.6,51.0,27.2,84.0,185.6,1.0,0.0,0.0,2.9,0.0,2.9,83.3,139.4,1.7,8.3,70.0,1006.6,1006.6,2.7,5.3
2024-05-27 15:15:00+02:00,20.9,20.9,20.5,10.1,50.0,27.2,84.0,188.6,1.0,0.0,0.0,2.9,0.0,2.9,83.3,139.4,2.4,6.1,294.0,1006.6,1006.6,2.7,5.3
2024-05-27 15:20:00+02:00,20.8,20.8,20.8,10.3,51.0,27.2,84.0,188.6,1.0,0.0,0.0,2.9,0.0,2.9,83.3,139.4,0.9,6.5,270.0,1006.6,1006.6,2.7,5.3
2024-05-27 15:25:00+02:00,21.0,21.0,20.9,10.4,50.0,27.2,84.0,172.1,1.0,0.0,0.0,2.9,0.0,2.9,83.3,139.4,1.3,4.3,97.0,1006.5,1006.5,2.7,5.3
2024-05-27 15:30:00+02:00,21.1,21.1,20.8,9.8,49.0,27.2,84.0,176.9,1.0,0.0,0.0,2.9,0.0,2.9,83.3,139.4,1.5,4.3,204.0,1006.3,1006.3,2.7,5.3
2024-05-27 15:35:00+02:00,20.8,20.8,20.4,9.9,50.0,27.2,84.0,203.3,1.0,0.0,0.0,2.9,0.0,2.9,83.3,139.4,2.2,6.1,111.0,1006.4,1006.4,2.7,5.3
2024-05-27 15:40:00+02:00,20.1,20.1,20.0,10.0,52.0,27.2,84.0,199.4,1.0,0.0,0.0,2.9,0.0,2.9,83.3,139.4,1.0,5.4,109.0,1006.4,1006.4,2.7,5.3
2024-05-27 15:45:00+02:00,20.6,20.6,20.4,10.1,51.0,27.2,84.0,182.9,1.0,0.0,0.0,2.9,0.0,2.9,83.3,139.4,1.6,5.8,272.0,1006.3,1006.3,2.7,5.3
2024-05-27 15:50:00+02:00,20.5,20.5,20.1,10.5,53.0,27.2,84.0,194.2,1.0,0.0,0.0,2.9,0.0,2.9,83.3,139.4,2.7,7.6,282.0,1006.2,1006.2,2.7,5.3
2024-05-27 15:55:00+02:00,20.0,20.0,19.2,10.1,53.0,27.2,84.0,184.7,1.0,0.0,0.0,2.9,0.0,2.9,83.3,139.4,4.5,9.7,279.0,1006.1,1006.1,2.7,5.3
2024-05-27 16:00:00+02:00,19.9,19.9,19.7,10.1,53.0,27.2,84.0,159.0,1.0,0.0,0.0,2.9,0.0,2.9,83.3,139.4,1.3,6.5,273.0,1006.2,1006.2,2.7,5.3
2024-05-27 16:05:00+02:00,20.0,20.0,20.0,10.6,55.0,27.2,84.0,237.6,2.0,0.0,0.0,2.9,0.0,2.9,83.3,139.4,1.2,6.5,235.0,1006.0,1006.0,2.7,5.3
2024-05-27 16:10:00+02:00,20.4,20.4,19.8,10.3,52.0,27.2,84.0,342.0,3.0,0.0,0.0,2.9,0.0,2.9,83.3,139.4,3.6,10.4,304.0,1006.0,1006.0,2.7,5.3
2024-05-27 16:15:00+02:00,19.9,19.9,19.2,10.6,55.0,27.2,84.0,228.3,2.0,0.0,0.0,2.9,0.0,2.9,83.3,139.4,4.5,10.1,310.0,1006.0,1006.0,2.7,5.3
2024-05-27 16:20:00+02:00,19.8,19.8,19.2,10.8,56.0,27.2,84.0,169.2,1.0,0.0,0.0,2.9,0.0,2.9,83.3,139.4,4.5,11.9,277.0,1005.9,1005.9,2.7,5.3
2024-05-27 16:25:00+02:00,19.4,19.4,19.1,10.7,57.0,27.2,84.0,150.7,1.0,0.0,0.0,2.9,0.0,2.9,83.3,139.4,2.6,10.4,303.0,1005.8,1005.8,2.7,5.3
2024-05-27 16:30:00+02:00,19.7,19.7,19.4,11.3,59.0,27.2,84.0,117.8,1.0,0.0,0.0,2.9,0.0,2.9,83.3,139.4,3.4,7.9,302.0,1005.9,1005.9,2.7,5.3
2024-05-27 16:35:00+02:00,19.4,19.4,19.0,10.8,57.0,27.1,84.0,108.8,1.0,0.0,0.0,2.9,0.0,2.9,83.3,139.4,3.2,10.4,284.0,1005.9,1005.9,2.7,5.3
2024-05-27 16:40:00+02:00,19.4,19.4,19.0,10.6,57.0,27.1,84.0,189.7,1.0,0.0,0.0,2.9,0.0,2.9,83.3,139.4,2.9,7.2,289.0,1005.9,1005.9,2.7,5.3
2024-05-27 16:45:00+02:00,19.6,19.6,19.1,10.7,56.0,27.1,84.0,273.7,2.0,0.0,0.0,2.9,0.0,2.9,83.3,139.4,4.0,6.8,249.0,1005.8,1005.8,2.7,5.3
2024-05-27 16:50:00+02:00,20.0,20.0,19.4,10.9,56.0,27.1,84.0,339.1,3.0,0.0,0.0,2.9,0.0,2.9,83.3,139.4,4.7,9.4,265.0,1005.8,1005.8,2.7,5.3
2024-05-27 16:55:00+02:00,19.9,19.9,19.6,10.9,56.0,27.1,84.0,209.8,1.0,0.0,0.0,2.9,0.0,2.9,83.3,139.4,2.9,16.2,281.0,1005.7,1005.7,2.7,5.3
2024-05-27 17:00:00+02:00,19.8,19.8,19.3,10.8,56.0,27.0,84.0,186.0,1.0,0.0,0.0,2.9,0.0,2.9,83.3,139.4,3.8,10.4,290.0,1005.7,1005.7,2.7,5.3
2024-05-27 17:05:00+02:00,19.9,19.9,19.6,10.9,56.0,27.0,84.0,180.7,1.0,0.0,0.0,2.9,0.0,2.9,83.3,139.4,3.3,8.6,269.0,1005.6,1005.6,2.7,5.3
2024-05-27 17:10:00+02:00,19.8,19.8,19.6,10.9,56.0,27.0,84.0,167.4,1.0,0.0,0.0,2.9,0.0,2.9,83.3,139.4,2.7,10.4,285.0,1005.6,1005.6,2.7,5.3
2024-05-27 17:15:00+02:00,19.8,19.8,19.6,11.0,57.0,27.0,84.0,117.0,1.0,0.0,0.0,2.9,0.0,2.9,83.3,139.4,2.3,10.4,272.0,1005.6,1005.6,2.7,5.3
2024-05-27 17:20:00+02:00,19.9,19.9,20.0,11.0,56.0,26.9,84.0,84.2,0.0,0.0,0.0,2.9,0.0,2.9,83.3,139.4,1.4,3.6,234.0,1005.8,1005.8,2.7,5.3
2024-05-27 17:25:00+02:00,19.8,19.8,20.1,11.0,57.0,26.9,84.0,57.7,0.0,0.0,0.0,2.9,0.0,2.9,83.3,139.4,0.4,3.2,197.0,1005.6,1005.6,2.7,5.3
2024-05-27 17:30:00+02:00,19.6,19.6,19.8,10.6,56.0,26.9,84.0,34.0,0.0,0.0,0.0,2.9,0.0,2.9,83.3,139.4,0.4,4.7,284.0,1005.8,1005.8,2.7,5.3
2024-05-27 17:35:00+02:00,19.3,19.3,19.4,10.8,58.0,26.8,84.0,33.7,0.0,0.0,0.0,2.9,0.0,2.9,83.3,139.4,0.6,4.7,295.0,1005.8,1005.8,2.7,5.2
2024-05-27 17:40:00+02:00,19.0,19.0,18.8,10.6,58.0,26.8,84.0,33.1,0.0,0.0,0.0,2.9,0.0,2.9,83.3,139.4,2.1,5.8,354.0,1005.9,1005.9,2.7,5.2
2024-05-27 17:45:00+02:00,18.8,18.8,19.2,11.3,62.0,26.8,84.0,39.0,0.0,0.0,0.0,2.9,0.0,2.9,83.3,139.4,0.4,4.7,351.0,1006.0,1006.0,2.7,5.2
2024-05-27 17:50:00+02:00,18.6,18.6,18.8,11.2,62.0,26.7,84.0,39.5,0.0,0.0,0.0,2.9,0.0,2.9,83.3,139.4,0.5,2.9,97.0,1006.0,1006.0,2.7,5.2
2024-05-27 17:55:00+02:00,18.1,18.1,18.6,12.1,68.0,26.7,83.0,46.5,0.0,0.6,0.1,3.0,0.1,3.0,83.4,139.5,0.9,3.2,82.0,1006.0,1006.0,2.7,5.2
2024-05-27 18:00:00+02:00,17.7,17.7,17.9,12.0,70.0,26.6,83.0,58.3,0.0,1.8,0.3,3.2,0.3,3.2,83.6,139.7,2.0,5.0,112.0,1005.9,1005.9,2.7,5.2
2024-05-27 18:05:00+02:00,17.3,17.3,17.8,12.4,73.0,26.5,83.0,53.8,0.0,1.8,0.4,3.3,0.4,3.3,83.7,139.8,1.1,4.3,126.0,1005.9,1005.9,2.7,5.2
2024-05-27 18:10:00+02:00,16.7,16.7,17.0,12.9,78.0,26.4,83.0,37.3,0.0,1.8,0.5,3.4,0.5,3.4,83.8,139.9,3.2,6.1,144.0,1006.1,1006.1,2.7,5.2
2024-05-27 18:15:00+02:00,16.2,16.2,15.8,12.7,79.0,26.3,83.0,21.1,0.0,1.2,0.6,3.5,0.6,3.5,83.9,140.0,6.5,10.4,138.0,1006.3,1006.3,2.7,5.2
2024-05-27 18:20:00+02:00,15.9,15.9,15.3,13.0,83.0,26.3,82.0,9.9,0.0,1.2,0.7,3.6,0.7,3.6,84.0,140.1,8.0,21.2,131.0,1006.6,1006.6,2.7,5.2
2024-05-27 18:25:00+02:00,14.9,14.9,14.4,12.9,88.0,26.2,82.0,18.4,0.0,2.4,0.9,3.8,0.9,3.8,84.2,140.3,7.1,19.8,126.0,1006.7,1006.7,2.7,5.1
2024-05-27 18:30:00+02:00,14.3,14.3,14.3,12.7,90.0,26.1,81.0,19.0,0.0,2.4,1.1,4.0,1.1,4.0,84.4,140.5,4.7,16.9,138.0,1006.6,1006.6,2.7,5.1
2024-05-27 18:35:00+02:00,14.3,14.3,14.3,12.8,91.0,25.9,81.0,19.1,0.0,2.4,1.2,4.1,1.2,4.1,84.5,140.6,4.3,7.2,46.0,1006.5,1006.5,2.7,5.1
2024-05-27 18:40:00+02:00,14.2,14.2,14.5,12.8,91.0,25.8,81.0,23.0,0.0,1.8,1.3,4.2,1.3,4.2,84.6,140.7,2.7,9.0,316.0,1006.4,1006.4,2.7,5.1
2024-05-27 18:45:00+02:00,14.1,14.1,14.4,12.8,92.0,25.6,81.0,31.6,0.0,0.6,1.3,4.2,1.3,4.2,84.6,140.7,2.8,7.6,321.0,1006.5,1006.5,2.7,5.1
2024-05-27 18:50:00+02:00,14.0,14.0,14.4,12.6,91.0,25.4,80.0,40.3,0.0,0.6,1.3,4.2,1.3,4.2,84.6,140.7,2.1,7.2,337.0,1006.3,1006.3,2.7,5.1
2024-05-27 18:55:00+02:00,13.9,13.9,14.1,12.6,92.0,25.2,80.0,41.7,0.0,0.0,1.3,4.2,1.1,4.2,84.6,140.7,3.2,6.5,20.0,1006.3,1006.3,2.7,5.1
2024-05-27 19:00:00+02:00,14.0,14.0,14.5,12.7,92.0,25.1,80.0,39.7,0.0,0.0,1.3,4.2,1.0,4.2,84.6,140.7,1.7,6.1,296.0,1006.3,1006.3,2.7,5.1
2024-05-27 19:05:00+02:00,14.0,14.0,14.7,12.7,92.0,24.9,80.0,38.6,0.0,0.0,1.3,4.2,0.9,4.2,84.6,140.7,0.7,3.6,73.0,1006.3,1006.3,2.7,5.1
2024-05-27 19:10:00+02:00,14.0,14.0,14.4,12.8,93.0,24.8,80.0,38.2,0.0,0.0,1.3,4.2,0.8,4.2,84.6,140.7,2.5,3.6,120.0,1006.3,1006.3,2.7,5.1
2024-05-27 19:15:00+02:00,13.9,13.9,14.5,12.8,93.0,24.7,80.0,42.0,0.0,0.0,1.3,4.2,0.7,4.2,84.6,140.7,1.4,3.2,100.0,1006.5,1006.5,2.7,5.1
2024-05-27 19:20:00+02:00,13.9,13.9,14.6,12.8,93.0,24.5,80.0,45.5,0.0,0.0,1.3,4.2,0.5,4.2,84.6,140.7,1.2,2.9,104.0,1006.4,1006.4,2.7,5.1
2024-05-27 19:25:00+02:00,14.0,14.0,14.9,13.1,94.0,24.4,81.0,40.9,0.0,0.0,1.3,4.2,0.4,4.2,84.6,140.7,0.0,2.5,102.0,1006.4,1006.4,2.7,5.1
2024-05-27 19:30:00+02:00,14.0,14.0,14.9,12.9,93.0,24.3,81.0,30.4,0.0,0.0,1.3,4.2,0.2,4.2,84.6,140.7,0.0,2.2,37.0,1006.4,1006.4,2.7,5.1
2024-05-27 19:35:00+02:00,14.0,14.0,14.9,12.9,93.0,24.2,81.0,25.9,0.0,0.0,1.3,4.2,0.1,4.2,84.6,140.7,0.0,2.5,48.0,1006.4,1006.4,2.7,5.1
2024-05-27 19:40:00+02:00,13.9,13.9,14.7,13.0,94.0,24.2,81.0,22.3,0.0,0.0,1.3,4.2,0.0,4.2,84.6,140.7,0.7,3.6,40.0,1006.4,1006.4,2.7,5.1
2024-05-27 19:45:00+02:00,14.0,14.0,14.9,13.0,94.0,24.1,81.0,20.1,0.0,0.0,1.3,4.2,0.0,4.2,84.6,140.7,0.4,2.2,98.0,1006.4,1006.4,2.7,5.1
2024-05-27 19:50:00+02:00,13.9,13.9,14.4,12.9,94.0,24.0,81.0,24.8,0.0,0.0,1.3,4.2,0.0,4.2,84.6,140.7,2.3,4.3,130.0,1006.4,1006.4,2.7,5.1
2024-05-27 19:55:00+02:00,13.9,13.9,14.5,12.9,94.0,23.9,81.0,24.2,0.0,0.0,1.3,4.2,0.0,4.2,84.6,140.7,1.7,3.6,117.0,1006.7,1006.7,2.7,5.1
2024-05-27 20:00:00+02:00,13.8,13.8,14.2,12.9,94.0,23.8,81.0,19.2,0.0,0.0,1.3,4.2,0.0,4.2,84.6,140.7,2.5,3.6,105.0,1006.6,1006.6,2.7,5.1
2024-05-27 20:05:00+02:00,14.0,14.0,14.7,13.2,95.0,23.7,81.0,11.8,0.0,0.0,1.3,4.2,0.0,4.2,84.6,140.7,1.4,3.2,106.0,1006.8,1006.8,2.7,5.1
2024-05-27 20:10:00+02:00,13.9,13.9,14.8,13.1,95.0,23.7,81.0,12.5,0.0,0.6,1.4,4.3,0.1,4.3,84.7,140.8,0.4,2.5,119.0,1006.8,1006.8,2.7,5.1
2024-05-27 20:15:00+02:00,13.9,13.9,14.7,13.1,95.0,23.5,81.0,14.5,0.0,0.6,1.4,4.3,0.1,4.3,84.7,140.8,0.7,2.5,359.0,1006.7,1006.7,2.7,5.1
2024-05-27 20:20:00+02:00,13.8,13.8,14.7,13.0,95.0,23.5,81.0,18.4,0.0,0.6,1.5,4.4,0.2,4.4,84.8,140.9,0.0,3.2,192.0,1006.6,1006.6,2.7,5.1
2024-05-27 20:25:00+02:00,13.8,13.8,14.7,13.0,95.0,23.4,81.0,18.6,0.0,0.6,1.5,4.4,0.2,4.4,84.8,140.9,0.4,3.2,117.0,1006.8,1006.8,2.7,5.0
2024-05-27 20:30:00+02:00,13.8,13.8,14.3,13.0,95.0,23.3,81.0,11.8,0.0,0.0,1.5,4.4,0.2,4.4,84.8,140.9,2.4,6.5,106.0,1006.9,1006.9,2.7,5.0
2024-05-27 20:35:00+02:00,13.8,13.8,14.3,13.0,95.0,23.3,81.0,9.0,0.0,0.0,1.5,4.4,0.2,4.4,84.8,140.9,2.3,4.0,107.0,1007.0,1007.0,2.7,5.0
2024-05-27 20:40:00+02:00,13.8,13.8,14.5,13.0,95.0,23.2,81.0,9.5,0.0,0.0,1.5,4.4,0.2,4.4,84.8,140.9,1.1,4.0,70.0,1007.0,1007.0,2.7,5.0
2024-05-27 20:45:00+02:00,13.8,13.8,14.7,13.1,95.0,23.1,81.0,9.6,0.0,0.0,1.5,4.4,0.2,4.4,84.8,140.9,0.6,3.6,122.0,1007.1,1007.1,2.7,5.0
2024-05-27 20:50:00+02:00,13.7,13.7,14.3,13.0,95.0,23.1,81.0,8.4,0.0,0.6,1.6,4.5,0.3,4.5,84.9,141.0,1.5,5.0,114.0,1007.0,1007.0,2.7,5.0
2024-05-27 20:55:00+02:00,13.7,13.7,14.4,13.0,95.0,23.0,81.0,3.4,0.0,0.6,1.6,4.5,0.3,4.5,84.9,141.0,1.5,4.3,107.0,1006.9,1006.9,2.7,5.0
2024-05-27 21:00:00+02:00,13.7,13.7,14.3,12.9,95.0,22.9,81.0,5.1,0.0,0.6,1.6,4.5,0.3,4.5,84.9,141.0,1.4,4.0,87.0,1007.0,1007.0,2.7,5.0
2024-05-27 21:05:00+02:00,13.7,13.7,14.3,12.9,95.0,22.8,81.0,5.3,0.0,0.0,1.6,4.5,0.2,4.5,84.9,141.0,1.2,3.2,89.0,1007.0,1007.0,2.7,5.0
2024-05-27 21:10:00+02:00,13.7,13.7,14.1,13.0,95.0,22.7,81.0,2.2,0.0,0.0,1.6,4.5,0.2,4.5,84.9,141.0,3.0,8.3,336.0,1007.0,1007.0,2.7,5.0
2024-05-27 21:15:00+02:00,13.5,13.5,13.5,12.5,94.0,22.7,81.0,2.1,0.0,0.0,1.6,4.5,0.1,4.5,84.9,141.0,4.4,10.4,294.0,1007.1,1007.1,2.7,5.0
2024-05-27 21:20:00+02:00,13.4,13.4,13.2,12.1,92.0,22.6,81.0,1.3,0.0,0.0,1.6,4.5,0.1,4.5,84.9,141.0,4.2,9.4,289.0,1007.3,1007.3,2.7,5.0
2024-05-27 21:25:00+02:00,13.3,13.3,13.3,12.1,93.0,22.5,81.0,1.0,0.0,0.0,1.6,4.5,0.1,4.5,84.9,141.0,3.4,12.6,306.0,1007.3,1007.3,2.7,5.0
2024-05-27 21:30:00+02:00,13.1,13.1,13.0,12.0,93.0,22.3,81.0,1.0,0.0,0.0,1.6,4.5,0.1,4.5,84.9,141.0,3.5,12.6,296.0,1007.1,1007.1,2.7,5.0
2024-05-27 21:35:00+02:00,13.0,13.0,13.1,11.9,93.0,22.3,81.0,0.8,0.0,0.0,1.6,4.5,0.1,4.5,84.9,141.0,2.5,6.8,276.0,1007.2,1007.2,2.7,5.0
2024-05-27 21:40:00+02:00,13.1,13.1,13.3,12.1,94.0,22.2,81.0,0.5,0.0,0.0,1.6,4.5,0.1,4.5,84.9,141.0,2.2,5.4,333.0,1007.4,1007.4,2.7,5.0
2024-05-27 21:45:00+02:00,13.0,13.0,13.1,12.0,94.0,22.2,81.0,0.3,0.0,0.0,1.6,4.5,0.1,4.5,84.9,141.0,2.5,5.0,320.0,1007.4,1007.4,2.7,5.0
2024-05-27 21:50:00+02:00,12.8,12.8,12.6,11.8,94.0,22.1,81.0,0.2,0.0,0.0,1.6,4.5,0.0,4.5,84.9,141.0,4.1,6.8,291.0,1007.2,1007.2,2.7,5.0
2024-05-27 21:55:00+02:00,12.8,12.8,12.9,11.7,93.0,22.0,81.0,0.1,0.0,0.0,1.6,4.5,0.0,4.5,84.9,141.0,2.5,6.1,297.0,1007.2,1007.2,2.7,5.0
2024-05-27 22:00:00+02:00,12.7,12.7,12.8,11.8,94.0,21.9,81.0,0.0,0.0,0.0,1.6,4.5,0.0,4.5,84.9,141.0,2.6,6.8,276.0,1007.2,1007.2,2.7,5.0
2024-05-27 22:05:00+02:00,12.7,12.7,13.0,11.7,94.0,21.8,81.0,0.0,0.0,0.0,1.6,4.5,0.0,4.5,84.9,141.0,1.0,3.2,107.0,1007.4,1007.4,2.7,4.9
2024-05-27 22:10:00+02:00,12.6,12.6,12.9,11.7,94.0,21.7,81.0,0.0,0.0,0.0,1.6,4.5,0.0,4.5,84.9,141.0,0.9,2.9,296.0,1007.5,1007.5,2.7,4.9
2024-05-27 22:15:00+02:00,12.6,12.6,13.0,11.6,94.0,21.7,81.0,0.0,0.0,0.0,1.6,4.5,0.0,4.5,84.9,141.0,0.4,4.3,271.0,1007.6,1007.6,2.7,4.9
2024-05-27 22:20:00+02:00,12.5,12.5,13.0,11.6,94.0,21.6,81.0,0.0,0.0,0.0,1.6,4.5,0.0,4.5,84.9,141.0,0.0,1.8,294.0,1007.7,1007.7,2.7,4.9
2024-05-27 22:25:00+02:00,12.5,12.5,13.0,11.7,95.0,21.5,81.0,0.0,0.0,0.0,1.6,4.5,0.0,4.5,84.9,141.0,0.0,2.5,37.0,1007.6,1007.6,2.7,4.9
2024-05-27 22:30:00+02:00,12.4,12.4,12.7,11.6,95.0,21.4,81.0,0.0,0.0,0.0,1.6,4.5,0.0,4.5,84.9,141.0,1.2,4.3,80.0,1007.8,1007.8,2.7,4.9
2024-05-27 22:35:00+02:00,12.3,12.3,12.6,11.5,95.0,21.4,81.0,0.0,0.0,0.0,1.6,4.5,0.0,4.5,84.9,141.0,1.0,3.2,127.0,1007.9,1007.9,2.7,4.9
2024-05-27 22:40:00+02:00,12.3,12.3,12.6,11.5,95.0,21.3,81.0,0.0,0.0,0.0,1.6,4.5,0.0,4.5,84.9,141.0,0.7,3.2,89.0,1007.9,1007.9,2.7,4.9
2024-05-27 22:45:00+02:00,12.2,12.2,12.6,11.4,94.0,21.3,81.0,0.0,0.0,0.0,1.6,4.5,0.0,4.5,84.9,141.0,0.4,3.6,282.0,1007.9,1007.9,2.7,4.9
2024-05-27 22:50:00+02:00,12.2,12.2,12.5,11.3,94.0,21.2,81.0,0.0,0.0,0.0,1.6,4.5,0.0,4.5,84.9,141.0,0.8,2.5,104.0,1007.9,1007.9,2.7,4.9
2024-05-27 22:55:00+02:00,12.2,12.2,12.3,11.4,95.0,21.1,81.0,0.0,0.0,0.0,1.6,4.5,0.0,4.5,84.9,141.0,1.2,2.5,112.0,1007.9,1007.9,2.7,4.9
2024-05-27 23:00:00+02:00,12.1,12.1,12.5,11.3,95.0,21.1,81.0,0.0,0.0,0.0,1.6,4.5,0.0,4.5,84.9,141.0,0.0,0.0,89.0,1008.0,1008.0,2.7,4.9
2024-05-27 23:05:00+02:00,12.0,12.0,12.3,11.2,95.0,21.0,81.0,0.0,0.0,0.0,1.6,4.5,0.0,4.5,84.9,141.0,0.7,2.2,120.0,1007.9,1007.9,2.7,4.9
2024-05-27 23:10:00+02:00,11.9,11.9,12.3,11.2,96.0,20.9,81.0,0.0,0.0,0.0,1.6,4.5,0.0,4.5,84.9,141.0,0.0,2.2,106.0,1008.0,1008.0,2.7,4.9
2024-05-27 23:15:00+02:00,11.9,11.9,12.3,11.3,96.0,20.8,81.0,0.0,0.0,0.0,1.6,4.5,0.0,4.5,84.9,141.0,0.4,2.2,110.0,1007.9,1007.9,2.7,4.9
2024-05-27 23:20:00+02:00,11.9,11.9,12.4,11.3,96.0,20.8,82.0,0.0,0.0,0.0,1.6,4.5,0.0,4.5,84.9,141.0,0.0,2.5,120.0,1007.9,1007.9,2.7,4.9
2024-05-27 23:25:00+02:00,12.0,12.0,12.5,11.4,96.0,20.7,82.0,0.0,0.0,0.0,1.6,4.5,0.0,4.5,84.9,141.0,0.0,2.2,116.0,1007.9,1007.9,2.7,4.9
2024-05-27 23:30:00+02:00,12.0,12.0,12.3,11.4,96.0,20.7,82.0,0.0,0.0,0.0,1.6,4.5,0.0,4.5,84.9,141.0,0.8,2.5,112.0,1007.9,1007.9,2.7,4.9
2024-05-27 23:35:00+02:00,12.0,12.0,12.4,11.4,96.0,20.6,82.0,0.0,0.0,0.0,1.6,4.5,0.0,4.5,84.9,141.0,0.4,3.2,316.0,1008.0,1008.0,2.7,4.9
2024-05-27 23:40:00+02:00,12.0,12.0,12.3,11.4,96.0,20.5,82.0,0.0,0.0,0.0,1.6,4.5,0.0,4.5,84.9,141.0,0.9,3.2,84.0,1007.9,1007.9,2.7,4.9
2024-05-27 23:45:00+02:00,12.0,12.0,12.4,11.4,96.0,20.5,82.0,0.0,0.0,0.0,1.6,4.5,0.0,4.5,84.9,141.0,0.0,3.2,35.0,1007.8,1007.8,2.7,4.9
2024-05-27 23:50:00+02:00,12.0,12.0,12.4,11.4,96.0,20.4,82.0,0.0,0.0,0.0,1.6,4.5,0.0,4.5,84.9,141.0,0.4,2.5,53.0,1007.9,1007.9,2.7,4.9
2024-05-27 23:55:00+02:00,11.9,11.9,12.4,11.3,96.0,20.4,82.0,0.0,0.0,0.0,1.6,4.5,0.0,4.5,84.9,141.0,0.0,2.2,81.0,1008.0,1008.0,2.7,4.8
2024-05-28 00:00:00+02:00,11.9,11.9,12.3,11.3,96.0,20.3,82.0,0.0,0.0,0.0,0.0,4.5,0.0,4.5,84.9,141.0,0.4,2.2,114.0,1007.9,1007.9,2.7,4.8
2024-05-28 00:05:00+02:00,11.9,11.9,12.0,11.3,96.0,20.3,82.0,0.0,0.0,0.0,0.0,4.5,0.0,4.5,84.9,141.0,1.4,2.5,79.0,1007.8,1007.8,2.7,4.8
2024-05-28 00:10:00+02:00,11.9,11.9,12.2,11.3,96.0,20.2,82.0,0.0,0.0,0.0,0.0,4.5,0.0,4.5,84.9,141.0,0.4,2.5,108.0,1007.8,1007.8,2.7,4.8
2024-05-28 00:15:00+02:00,11.9,11.9,12.2,11.4,97.0,20.2,82.0,0.0,0.0,0.0,0.0,4.5,0.0,4.5,84.9,141.0,0.8,2.9,129.0,1007.9,1007.9,2.7,4.8
2024-05-28 00:20:00+02:00,11.9,11.9,12.3,11.3,96.0,20.1,82.0,0.0,0.0,0.0,0.0,4.5,0.0,4.5,84.9,141.0,0.0,2.5,103.0,1007.9,1007.9,2.7,4.8
2024-05-28 00:25:00+02:00,11.8,11.8,11.8,11.2,96.0,20.1,82.0,0.0,0.0,0.0,0.0,4.5,0.0,4.5,84.9,141.0,2.2,3.6,108.0,1007.8,1007.8,2.7,4.8
2024-05-28 00:30:00+02:00,11.8,11.8,12.0,11.2,96.0,20.0,82.0,0.0,0.0,0.0,0.0,4.5,0.0,4.5,84.9,141.0,0.8,3.6,126.0,1007.7,1007.7,2.7,4.8
2024-05-28 00:35:00+02:00,11.8,11.8,12.0,11.3,96.0,20.0,82.0,0.0,0.0,0.0,0.0,4.5,0.0,4.5,84.9,141.0,1.3,2.9,104.0,1007.9,1007.9,2.7,4.8
2024-05-28 00:40:00+02:00,11.9,11.9,12.0,11.3,96.0,19.9,82.0,0.0,0.0,0.0,0.0,4.5,0.0,4.5,84.9,141.0,1.7,3.6,109.0,1007.9,1007.9,2.7,4.8
2024-05-28 00:45:00+02:00,12.0,12.0,12.1,11.5,97.0,19.8,82.0,0.0,0.0,0.0,0.0,4.5,0.0,4.5,84.9,141.0,2.0,5.8,84.0,1007.8,1007.8,2.7,4.8
2024-05-28 00:50:00+02:00,12.0,12.0,12.1,11.5,96.0,19.8,82.0,0.0,0.0,0.0,0.0,4.5,0.0,4.5,84.9,141.0,1.9,4.3,93.0,1008.0,1008.0,2.7,4.8
2024-05-28 00:55:00+02:00,12.0,12.0,12.1,11.4,96.0,19.8,82.0,0.0,0.0,0.0,0.0,4.5,0.0,4.5,84.9,141.0,1.5,4.3,103.0,1007.8,1007.8,2.7,4.8
2024-05-28 01:00:00+02:00,12.0,12.0,12.1,11.4,96.0,19.7,82.0,0.0,0.0,0.0,0.0,4.5,0.0,4.5,84.9,141.0,1.9,4.3,117.0,1007.8,1007.8,2.7,4.8
2024-05-28 01:05:00+02:00,12.0,12.0,12.1,11.4,96.0,19.7,82.0,0.0,0.0,0.0,0.0,4.5,0.0,4.5,84.9,141.0,1.6,5.4,107.0,1007.9,1007.9,2.7,4.8
2024-05-28 01:10:00+02:00,12.0,12.0,12.3,11.4,96.0,19.7,82.0,0.0,0.0,0.0,0.0,4.5,0.0,4.5,84.9,141.0,0.9,4.0,127.0,1007.8,1007.8,2.7,4.8
2024-05-28 01:15:00+02:00,11.9,11.9,11.9,11.3,96.0,19.6,82.0,0.0,0.0,0.0,0.0,4.5,0.0,4.5,84.9,141.0,2.4,4.0,123.0,1007.7,1007.7,2.7,4.7
2024-05-28 01:20:00+02:00,11.9,11.9,12.0,11.3,96.0,19.5,82.0,0.0,0.0,0.0,0.0,4.5,0.0,4.5,84.9,141.0,1.4,4.0,115.0,1007.8,1007.8,2.7,4.7
2024-05-28 01:25:00+02:00,11.9,11.9,11.9,11.3,96.0,19.5,82.0,0.0,0.0,0.0,0.0,4.5,0.0,4.5,84.9,141.0,2.2,4.3,126.0,1007.9,1007.9,2.7,4.7
2024-05-28 01:30:00+02:00,11.9,11.9,12.0,11.3,96.0,19.5,82.0,0.0,0.0,0.0,0.0,4.5,0.0,4.5,84.9,141.0,1.5,5.0,108.0,1007.9,1007.9,2.7,4.7
2024-05-28 01:35:00+02:00,11.9,11.9,11.9,11.3,96.0,19.4,82.0,0.0,0.0,0.0,0.0,4.5,0.0,4.5,84.9,141.0,1.9,5.0,110.0,1007.8,1007.8,2.7,4.7
2024-05-28 01:40:00+02:00,11.8,11.8,11.6,11.2,96.0,19.3,82.0,0.0,0.0,0.0,0.0,4.5,0.0,4.5,84.9,141.0,3.5,6.5,109.0,1007.8,1007.8,2.7,4.7
2024-05-28 01:45:00+02:00,11.9,11.9,11.7,11.3,96.0,19.3,82.0,0.0,0.0,0.0,0.0,4.5,0.0,4.5,84.9,141.0,3.2,5.0,122.0,1007.8,1007.8,2.7,4.7
2024-05-28 01:50:00+02:00,11.9,11.9,12.0,11.3,96.0,19.3,82.0,0.0,0.0,0.0,0.0,4.5,0.0,4.5,84.9,141.0,1.6,5.0,106.0,1007.7,1007.7,2.7,4.7
2024-05-28 01:55:00+02:00,11.8,11.8,11.6,11.2,96.0,19.3,82.0,0.0,0.0,0.0,0.0,4.5,0.0,4.5,84.9,141.0,3.2,4.3,108.0,1007.8,1007.8,2.7,4.7
2024-05-28 02:00:00+02:00,11.8,11.8,11.6,11.2,96.0,19.2,82.0,0.0,0.0,0.0,0.0,4.5,0.0,4.5,84.9,141.0,2.8,5.4,113.0,1008.1,1008.1,2.7,4.7
2024-05-28 02:05:00+02:00,11.8,11.8,12.0,11.2,96.0,19.2,82.0,0.0,0.0,0.0,0.0,4.5,0.0,4.5,84.9,141.0,1.0,3.6,104.0,1008.0,1008.0,2.7,4.7
2024-05-28 02:10:00+02:00,11.7,11.7,12.0,11.1,96.0,19.1,82.0,0.0,0.0,0.0,0.0,4.5,0.0,4.5,84.9,141.0,0.7,4.0,133.0,1008.2,1008.2,2.7,4.7
2024-05-28 02:15:00+02:00,11.7,11.7,11.6,11.1,96.0,19.1,82.0,0.0,0.0,0.0,0.0,4.5,0.0,4.5,84.9,141.0,2.4,6.5,83.0,1008.1,1008.1,2.7,4.7
2024-05-28 02:20:00+02:00,11.7,11.7,11.8,11.1,96.0,19.1,82.0,0.0,0.0,0.0,0.0,4.5,0.0,4.5,84.9,141.0,1.3,5.0,97.0,1008.1,1008.1,2.7,4.7
2024-05-28 02:25:00+02:00,11.6,11.6,11.4,11.0,96.0,19.0,82.0,0.0,0.0,0.0,0.0,4.5,0.0,4.5,84.9,141.0,2.7,5.0,95.0,1008.1,1008.1,2.7,4.7
2024-05-28 02:30:00+02:00,11.6,11.6,11.7,10.9,95.0,19.0,82.0,0.0,0.0,0.0,0.0,4.5,0.0,4.5,84.9,141.0,0.9,2.9,157.0,1008.2,1008.2,2.7,4.7
2024-05-28 02:35:00+02:00,11.6,11.6,11.7,11.0,96.0,19.0,82.0,0.0,0.0,0.0,0.0,4.5,0.0,4.5,84.9,141.0,1.4,4.3,123.0,1008.2,1008.2,2.7,4.7
2024-05-28 02:40:00+02:00,11.6,11.6,11.6,11.0,96.0,18.9,82.0,0.0,0.0,0.0,0.0,4.5,0.0,4.5,84.9,141.0,1.6,7.9,111.0,1008.3,1008.3,2.7,4.7
2024-05-28 02:45:00+02:00,11.5,11.5,11.5,10.9,96.0,18.9,82.0,0.0,0.0,0.0,0.0,4.5,0.0,4.5,84.9,141.0,1.7,4.7,98.0,1008.2,1008.2,2.7,4.7
2024-05-28 02:50:00+02:00,11.5,11.5,11.3,10.7,95.0,18.8,82.0,0.0,0.0,0.0,0.0,4.5,0.0,4.5,84.9,141.0,2.1,5.0,150.0,1008.3,1008.3,2.7,4.7
2024-05-28 02:55:00+02:00,11.4,11.4,11.6,10.7,95.0,18.8,82.0,0.0,0.0,0.0,0.0,4.5,0.0,4.5,84.9,141.0,0.5,2.9,94.0,1008.2,1008.2,2.7,4.6
2024-05-28 03:00:00+02:00,11.4,11.4,11.1,10.6,95.0,18.8,82.0,0.0,0.0,0.0,0.0,4.5,0.0,4.5,84.9,141.0,2.8,5.4,91.0,1008.2,1008.2,2.7,4.6
2024-05-28 03:05:00+02:00,11.3,11.3,10.9,10.5,95.0,18.7,82.0,0.0,0.0,0.0,0.0,4.5,0.0,4.5,84.9,141.0,3.1,4.7,100.0,1008.1,1008.1,2.7,4.6
2024-05-28 03:10:00+02:00,11.3,11.3,11.3,10.5,95.0,18.7,82.0,0.0,0.0,0.0,0.0,4.5,0.0,4.5,84.9,141.0,1.0,4.7,104.0,1008.2,1008.2,2.7,4.6
2024-05-28 03:15:00+02:00,11.3,11.3,11.3,10.5,95.0,18.7,82.0,0.0,0.0,0.0,0.0,4.5,0.0,4.5,84.9,141.0,1.1,4.3,120.0,1008.3,1008.3,2.7,4.6
2024-05-28 03:20:00+02:00,11.3,11.3,11.1,10.7,96.0,18.6,82.0,0.0,0.0,0.0,0.0,4.5,0.0,4.5,84.9,141.0,2.1,4.7,100.0,1008.3,1008.3,2.7,4.6
2024-05-28 03:25:00+02:00,11.3,11.3,11.0,10.7,96.0,18.6,82.0,0.0,0.0,0.0,0.0,4.5,0.0,4.5,84.9,141.0,2.5,5.4,110.0,1008.3,1008.3,2.7,4.6
2024-05-28 03:30:00+02:00,11.3,11.3,11.0,10.7,96.0,18.5,82.0,0.0,0.0,0.0,0.0,4.5,0.0,4.5,84.9,141.0,2.7,4.7,105.0,1008.3,1008.3,2.7,4.6
2024-05-28 03:35:00+02:00,11.2,11.2,11.0,10.6,96.0,18.5,82.0,0.0,0.0,0.0,0.0,4.5,0.0,4.5,84.9,141.0,2.2,6.1,125.0,1008.3,1008.3,2.7,4.6
2024-05-28 03:40:00+02:00,11.2,11.2,11.1,10.6,96.0,18.5,82.0,0.0,0.0,0.0,0.0,4.5,0.0,4.5,84.9,141.0,1.5,4.7,137.0,1008.2,1008.2,2.7,4.6
2024-05-28 03:45:00+02:00,11.2,11.2,11.2,10.6,96.0,18.4,82.0,0.0,0.0,0.0,0.0,4.5,0.0,4.5,84.9,141.0,1.1,4.3,95.0,1008.3,1008.3,2.7,4.6
2024-05-28 03:50:00+02:00,11.2,11.2,10.8,10.5,96.0,18.4,82.0,0.0,0.0,0.6,0.1,4.6,0.1,4.6,85.0,141.1,3.0,5.8,101.0,1008.4,1008.4,2.7,4.6
2024-05-28 03:55:00+02:00,11.2,11.2,11.0,10.4,95.0,18.4,82.0,0.0,0.0,0.6,0.1,4.6,0.1,4.6,85.0,141.1,1.8,5.8,134.0,1008.3,1008.3,2.7,4.5
2024-05-28 04:00:00+02:00,11.2,11.2,10.8,10.4,95.0,18.3,82.0,0.0,0.0,0.6,0.1,4.6,0.1,4.6,85.0,141.1,2.9,8.3,120.0,1008.3,1008.3,2.7,4.5
2024-05-28 04:05:00+02:00,11.2,11.2,10.9,10.5,96.0,18.3,82.0,0.0,0.0,0.0,0.1,4.6,0.1,4.6,85.0,141.1,2.3,5.0,125.0,1008.3,1008.3,2.7,4.5
2024-05-28 04:10:00+02:00,11.2,11.2,10.7,10.6,96.0,18.3,82.0,0.0,0.0,0.0,0.1,4.6,0.1,4.6,85.0,141.1,3.5,8.6,122.0,1008.3,1008.3,2.7,4.5
2024-05-28 04:15:00+02:00,11.2,11.2,10.4,10.6,96.0,18.2,82.0,0.0,0.0,0.0,0.1,4.6,0.1,4.6,85.0,141.1,4.9,9.4,133.0,1008.4,1008.4,2.7,4.5
2024-05-28 04:20:00+02:00,11.1,11.1,10.3,10.5,96.0,18.2,82.0,0.0,0.0,0.0,0.1,4.6,0.1,4.6,85.0,141.1,5.2,10.1,155.0,1008.3,1008.3,2.7,4.5
2024-05-28 04:25:00+02:00,11.2,11.2,10.4,10.5,96.0,18.2,82.0,0.0,0.0,0.0,0.1,4.6,0.1,4.6,85.0,141.1,4.8,7.9,100.0,1008.3,1008.3,2.7,4.5
2024-05-28 04:30:00+02:00,11.2,11.2,11.0,10.6,96.0,18.1,82.0,0.0,0.0,0.0,0.1,4.6,0.1,4.6,85.0,141.1,1.8,9.4,311.0,1008.4,1008.4,2.7,4.5
2024-05-28 04:35:00+02:00,11.1,11.1,10.7,10.5,96.0,18.1,82.0,0.0,0.0,0.0,0.1,4.6,0.1,4.6,85.0,141.1,2.9,7.2,131.0,1008.4,1008.4,2.72,4.5
2024-05-28 04:40:00+02:00,11.1,11.1,10.4,10.5,96.0,18.1,82.0,0.0,0.0,0.0,0.1,4.6,0.1,4.6,85.0,141.1,4.7,9.0,129.0,1008.4,1008.4,2.71,4.5
2024-05-28 04:45:00+02:00,11.0,11.0,10.0,10.4,96.0,18.0,82.0,0.0,0.0,0.0,0.1,4.6,0.1,4.6,85.0,141.1,6.0,11.9,133.0,1008.3,1008.3,2.68,4.5
2024-05-28 04:50:00+02:00,11.0,11.0,10.3,10.2,95.0,18.0,82.0,0.0,0.0,0.0,0.1,4.6,0.0,4.6,85.0,141.1,4.0,7.6,93.0,1008.2,1008.2,2.68,4.5
2024-05-28 04:55:00+02:00,11.0,11.0,10.5,10.3,95.0,17.9,82.0,0.1,0.0,0.0,0.1,4.6,0.0,4.6,85.0,141.1,3.3,8.3,60.0,1008.3,1008.3,2.7,4.5
2024-05-28 05:00:00+02:00,11.0,11.0,9.6,10.3,96.0,17.9,82.0,0.2,0.0,0.0,0.1,4.6,0.0,4.6,85.0,141.1,7.6,12.2,85.0,1008.3,1008.3,2.7,4.5
2024-05-28 05:05:00+02:00,10.9,10.9,10.0,10.1,95.0,17.9,82.0,0.5,0.0,0.0,0.1,4.6,0.0,4.6,85.0,141.1,5.1,8.6,78.0,1008.3,1008.3,2.72,4.4
2024-05-28 05:10:00+02:00,10.9,10.9,10.1,10.1,95.0,17.8,82.0,0.9,0.0,0.0,0.1,4.6,0.0,4.6,85.0,141.1,4.7,9.4,97.0,1008.3,1008.3,2.72,4.4
2024-05-28 05:15:00+02:00,10.8,10.8,10.2,10.0,95.0,17.8,82.0,1.4,0.0,0.0,0.1,4.6,0.0,4.6,85.0,141.1,3.3,9.0,146.0,1008.3,1008.3,2.68,4.5
2024-05-28 05:20:00+02:00,10.7,10.7,9.6,9.9,95.0,17.8,82.0,2.3,0.0,0.0,0.1,4.6,0.0,4.6,85.0,141.1,5.8,10.4,129.0,1008.3,1008.3,2.69,4.5
2024-05-28 05:25:00+02:00,10.7,10.7,9.3,9.8,94.0,17.7,82.0,3.0,0.0,0.0,0.1,4.6,0.0,4.6,85.0,141.1,6.9,10.4,131.0,1008.3,1008.3,2.72,4.4
2024-05-28 05:30:00+02:00,10.7,10.7,9.5,9.8,94.0,17.7,82.0,3.3,0.0,0.0,0.1,4.6,0.0,4.6,85.0,141.1,5.9,9.4,145.0,1008.4,1008.4,2.72,4.4
2024-05-28 05:35:00+02:00,10.7,10.7,9.8,9.8,94.0,17.7,82.0,5.1,0.0,0.0,0.1,4.6,0.0,4.6,85.0,141.1,4.7,9.0,117.0,1008.3,1008.3,2.7,4.4
2024-05-28 05:40:00+02:00,10.7,10.7,9.9,9.8,94.0,17.6,82.0,7.2,0.0,0.0,0.1,4.6,0.0,4.6,85.0,141.1,4.3,8.3,129.0,1008.3,1008.3,2.7,4.4
2024-05-28 05:45:00+02:00,10.7,10.7,9.6,9.8,94.0,17.6,82.0,7.3,0.0,0.0,0.1,4.6,0.0,4.6,85.0,141.1,5.4,9.4,124.0,1008.5,1008.5,2.72,4.4
2024-05-28 05:50:00+02:00,10.8,10.8,8.8,9.7,93.0,17.5,82.0,5.8,0.0,0.0,0.1,4.6,0.0,4.6,85.0,141.1,9.8,13.7,136.0,1008.4,1008.4,2.72,4.4
2024-05-28 05:55:00+02:00,10.9,10.9,9.3,9.8,93.0,17.5,82.0,6.9,0.0,0.0,0.1,4.6,0.0,4.6,85.0,141.1,8.0,13.7,123.0,1008.4,1008.4,2.72,4.4
2024-05-28 06:00:00+02:00,11.0,11.0,10.3,10.0,94.0,17.5,82.0,9.9,0.0,0.0,0.1,4.6,0.0,4.6,85.0,141.1,3.7,9.7,118.0,1008.5,1008.5,2.72,4.4
2024-05-28 06:05:00+02:00,11.0,11.0,9.6,10.1,94.0,17.4,82.0,16.6,0.0,0.0,0.1,4.6,0.0,4.6,85.0,141.1,7.4,14.0,105.0,1008.6,1008.6,2.7,4.4
2024-05-28 06:10:00+02:00,11.0,11.0,9.9,10.2,95.0,17.4,82.0,15.6,0.0,0.0,0.1,4.6,0.0,4.6,85.0,141.1,6.1,14.0,113.0,1008.6,1008.6,2.7,4.4
2024-05-28 06:15:00+02:00,11.0,11.0,10.2,10.2,95.0,17.4,82.0,21.5,0.0,0.0,0.1,4.6,0.0,4.6,85.0,141.1,4.6,9.7,119.0,1008.7,1008.7,2.7,4.4
2024-05-28 06:20:00+02:00,11.1,11.1,10.2,10.3,95.0,17.3,82.0,26.5,0.0,0.0,0.1,4.6,0.0,4.6,85.0,141.1,5.1,9.4,130.0,1008.7,1008.7,2.7,4.4
2024-05-28 06:25:00+02:00,11.1,11.1,10.5,10.3,95.0,17.3,82.0,17.1,0.0,0.0,0.1,4.6,0.0,4.6,85.0,141.1,3.8,9.4,122.0,1008.7,1008.7,2.7,4.4
2024-05-28 06:30:00+02:00,11.1,11.1,10.3,10.3,95.0,17.3,82.0,16.6,0.0,0.0,0.1,4.6,0.0,4.6,85.0,141.1,5.0,9.7,122.0,1008.8,1008.8,2.7,4.4
2024-05-28 06:35:00+02:00,11.1,11.1,10.6,10.4,95.0,17.2,82.0,28.5,0.0,0.0,0.1,4.6,0.0,4.6,85.0,141.1,3.4,9.0,144.0,1008.9,1008.9,2.7,4.4
2024-05-28 06:40:00+02:00,11.2,11.2,10.5,10.4,95.0,17.2,82.0,28.4,0.0,0.0,0.1,4.6,0.0,4.6,85.0,141.1,4.3,10.1,140.0,1009.0,1009.0,2.7,4.4
2024-05-28 06:45:00+02:00,11.2,11.2,10.8,10.4,95.0,17.2,82.0,30.6,0.0,0.0,0.1,4.6,0.0,4.6,85.0,141.1,3.0,8.3,148.0,1008.8,1008.8,2.72,4.4
2024-05-28 06:50:00+02:00,11.2,11.2,10.6,10.3,94.0,17.2,82.0,40.4,0.0,0.0,0.1,4.6,0.0,4.6,85.0,141.1,3.6,8.3,134.0,1008.7,1008.7,2.72,4.4
2024-05-28 06:55:00+02:00,11.2,11.2,10.5,10.2,94.0,17.2,82.0,51.5,0.0,0.0,0.1,4.6,0.0,4.6,85.0,141.1,3.9,9.4,112.0,1008.7,1008.7,2.7,4.4
2024-05-28 07:00:00+02:00,11.1,11.1,10.1,10.2,94.0,17.2,82.0,41.0,0.0,0.0,0.1,4.6,0.0,4.6,85.0,141.1,5.8,9.7,108.0,1008.8,1008.8,2.7,4.4
2024-05-28 07:05:00+02:00,11.0,11.0,10.5,10.1,94.0,17.1,83.0,37.4,0.0,0.0,0.1,4.6,0.0,4.6,85.0,141.1,3.2,8.3,103.0,1008.8,1008.8,2.7,4.4
2024-05-28 07:10:00+02:00,11.0,11.0,9.9,9.9,93.0,17.1,83.0,58.6,0.0,0.0,0.1,4.6,0.0,4.6,85.0,141.1,5.7,9.7,125.0,1009.0,1009.0,2.7,4.4
2024-05-28 07:15:00+02:00,11.0,11.0,9.6,9.9,93.0,17.1,83.0,62.5,0.0,0.0,0.1,4.6,0.0,4.6,85.0,141.1,7.4,11.9,147.0,1009.0,1009.0,2.7,4.4
2024-05-28 07:20:00+02:00,11.1,11.1,10.3,10.0,93.0,17.1,83.0,78.7,0.0,0.0,0.1,4.6,0.0,4.6,85.0,141.1,4.3,9.7,118.0,1009.1,1009.1,2.7,4.4
2024-05-28 07:25:00+02:00,11.2,11.2,10.3,10.1,93.0,17.1,83.0,72.8,0.0,0.0,0.1,4.6,0.0,4.6,85.0,141.1,4.8,8.3,128.0,1009.0,1009.0,2.72,4.4
2024-05-28 07:30:00+02:00,11.3,11.3,10.3,10.0,92.0,17.1,83.0,93.0,0.0,0.0,0.1,4.6,0.0,4.6,85.0,141.1,5.5,12.2,137.0,1009.1,1009.1,2.72,4.4
2024-05-28 07:35:00+02:00,11.4,11.4,10.3,10.0,92.0,17.2,83.0,81.5,0.0,0.0,0.1,4.6,0.0,4.6,85.0,141.1,6.0,14.4,99.0,1009.0,1009.0,2.72,4.4
2024-05-28 07:40:00+02:00,11.4,11.4,10.5,10.0,91.0,17.2,83.0,108.8,1.0,0.0,0.1,4.6,0.0,4.6,85.0,141.1,5.3,14.4,74.0,1009.1,1009.1,2.72,4.4
2024-05-28 07:45:00+02:00,11.5,11.5,10.5,10.0,90.0,17.2,83.0,85.2,0.0,0.0,0.1,4.6,0.0,4.6,85.0,141.1,5.5,14.0,85.0,1009.2,1009.2,2.72,4.4
2024-05-28 07:50:00+02:00,11.6,11.6,10.9,10.1,90.0,17.2,84.0,86.1,0.0,0.0,0.1,4.6,0.0,4.6,85.0,141.1,3.7,10.1,148.0,1009.1,1009.1,2.72,4.4
2024-05-28 07:55:00+02:00,11.6,11.6,11.0,9.9,89.0,17.2,84.0,103.5,0.0,0.0,0.1,4.6,0.0,4.6,85.0,141.1,3.3,7.2,97.0,1009.2,1009.2,2.7,4.5
2024-05-28 08:00:00+02:00,11.7,11.7,10.9,9.8,88.0,17.3,84.0,121.2,1.0,0.0,0.1,4.6,0.0,4.6,85.0,141.1,4.1,11.5,147.0,1009.3,1009.3,2.7,4.5
2024-05-28 08:05:00+02:00,11.8,11.8,11.2,9.9,88.0,17.3,84.0,104.6,0.0,0.0,0.1,4.6,0.0,4.6,85.0,141.1,3.4,6.8,134.0,1009.1,1009.1,2.7,4.5
2024-05-28 08:10:00+02:00,12.0,12.0,11.7,10.0,88.0,17.4,84.0,135.9,1.0,0.0,0.1,4.6,0.0,4.6,85.0,141.1,2.1,6.1,148.0,1009.3,1009.3,2.7,4.5
2024-05-28 08:15:00+02:00,12.3,12.3,11.5,10.1,87.0,17.4,84.0,118.1,1.0,0.0,0.1,4.6,0.0,4.6,85.0,141.1,4.0,9.4,129.0,1009.2,1009.2,2.7,4.6
2024-05-28 08:20:00+02:00,12.3,12.3,11.4,10.0,86.0,17.5,84.0,200.6,1.0,0.0,0.1,4.6,0.0,4.6,85.0,141.1,4.5,9.4,113.0,1009.3,1009.3,2.7,4.6
2024-05-28 08:25:00+02:00,12.4,12.4,11.7,10.1,86.0,17.5,84.0,121.1,1.0,0.0,0.1,4.6,0.0,4.6,85.0,141.1,4.0,9.4,102.0,1009.3,1009.3,2.7,4.6
2024-05-28 08:30:00+02:00,12.4,12.4,11.6,9.9,85.0,17.6,84.0,325.8,3.0,0.0,0.1,4.6,0.0,4.6,85.0,141.1,4.1,13.3,103.0,1009.3,1009.3,2.7,4.6
2024-05-28 08:35:00+02:00,12.8,12.8,12.2,10.2,84.0,17.7,84.0,350.0,3.0,0.0,0.1,4.6,0.0,4.6,85.0,141.1,3.3,7.2,118.0,1009.3,1009.3,2.7,4.7
2024-05-28 08:40:00+02:00,12.8,12.8,11.4,10.0,83.0,17.7,84.0,448.4,4.0,0.0,0.1,4.6,0.0,4.6,85.0,141.1,7.3,16.6,108.0,1009.3,1009.3,2.7,4.7
2024-05-28 08:45:00+02:00,13.0,13.0,12.1,10.3,83.0,17.8,85.0,512.9,4.0,0.0,0.1,4.6,0.0,4.6,85.0,141.1,5.3,11.9,125.0,1009.3,1009.3,2.7,4.8
2024-05-28 08:50:00+02:00,13.4,13.4,12.9,10.3,82.0,17.9,85.0,153.4,1.0,0.0,0.1,4.6,0.0,4.6,85.0,141.1,3.3,9.0,130.0,1009.4,1009.4,2.7,4.8
2024-05-28 08:55:00+02:00,13.5,13.5,13.0,10.3,81.0,18.1,85.0,157.3,1.0,0.0,0.1,4.6,0.0,4.6,85.0,141.1,3.3,7.9,132.0,1009.4,1009.4,2.7,4.9
2024-05-28 09:00:00+02:00,13.2,13.2,12.8,10.1,81.0,18.3,85.0,463.2,4.0,0.0,0.1,4.6,0.0,4.6,85.0,141.1,2.9,8.6,90.0,1009.5,1009.5,2.7,4.9
2024-05-28 09:05:00+02:00,13.5,13.5,13.1,10.1,80.0,18.3,85.0,474.4,4.0,0.0,0.1,4.6,0.0,4.6,85.0,141.1,2.2,8.3,147.0,1009.5,1009.5,2.7,4.9
2024-05-28 09:10:00+02:00,13.9,13.9,13.5,10.3,79.0,18.5,85.0,482.1,4.0,0.0,0.1,4.6,0.0,4.6,85.0,141.1,3.0,11.2,139.0,1009.6,1009.6,2.7,4.9
2024-05-28 09:15:00+02:00,14.3,14.3,13.3,10.1,76.0,18.7,85.0,561.6,5.0,0.0,0.1,4.6,0.0,4.6,85.0,141.1,5.6,11.5,156.0,1009.5,1009.5,2.7,5.0
2024-05-28 09:20:00+02:00,13.9,13.9,12.0,9.8,76.0,18.8,85.0,542.5,5.0,0.0,0.1,4.6,0.0,4.6,85.0,141.1,9.7,19.4,115.0,1009.5,1009.5,2.7,5.0
2024-05-28 09:25:00+02:00,14.1,14.1,13.0,9.9,76.0,19.1,84.0,521.1,4.0,0.0,0.1,4.6,0.0,4.6,85.0,141.1,5.5,16.2,115.0,1009.5,1009.5,2.7,5.2
2024-05-28 09:30:00+02:00,14.6,14.6,13.6,10.2,75.0,19.3,84.0,422.3,3.0,0.0,0.1,4.6,0.0,4.6,85.0,141.1,5.7,14.4,111.0,1009.4,1009.4,2.7,5.2
2024-05-28 09:35:00+02:00,14.1,14.1,12.6,9.9,76.0,19.5,84.0,514.7,4.0,0.0,0.1,4.6,0.0,4.6,85.0,141.1,7.4,18.0,120.0,1009.5,1009.5,2.7,5.2
2024-05-28 09:40:00+02:00,14.3,14.3,12.9,9.9,75.0,19.7,84.0,552.1,5.0,0.0,0.1,4.6,0.0,4.6,85.0,141.1,7.7,15.1,116.0,1009.4,1009.4,2.7,5.2
2024-05-28 09:45:00+02:00,14.7,14.7,13.5,10.0,73.0,19.9,84.0,560.1,5.0,0.0,0.1,4.6,0.0,4.6,85.0,141.1,6.6,15.5,119.0,1009.4,1009.4,2.7,5.2
2024-05-28 09:50:00+02:00,14.8,14.8,14.0,10.1,73.0,20.2,84.0,545.3,5.0,0.0,0.1,4.6,0.0,4.6,85.0,141.1,4.2,15.5,125.0,1009.4,1009.4,2.7,5.2
2024-05-28 09:55:00+02:00,15.4,15.4,14.9,10.3,72.0,20.4,84.0,613.6,5.0,0.0,0.1,4.6,0.0,4.6,85.0,141.1,3.2,7.2,175.0,1009.4,1009.4,2.7,5.2
2024-05-28 10:00:00+02:00,15.5,15.5,14.1,10.1,70.0,20.6,84.0,521.6,4.0,0.0,0.1,4.6,0.0,4.6,85.0,141.1,7.5,13.7,113.0,1009.5,1009.5,2.7,5.2
2024-05-28 10:05:00+02:00,15.5,15.5,14.6,10.1,70.0,20.8,84.0,484.4,4.0,0.0,0.1,4.6,0.0,4.6,85.0,141.1,4.8,10.1,203.0,1009.5,1009.5,2.7,5.2
2024-05-28 10:10:00+02:00,15.2,15.2,14.2,10.2,72.0,20.9,84.0,503.2,4.0,0.0,0.1,4.6,0.0,4.6,85.0,141.1,5.8,21.2,119.0,1009.5,1009.5,2.7,5.2
2024-05-28 10:15:00+02:00,15.5,15.5,14.9,10.3,71.0,21.2,84.0,491.3,4.0,0.0,0.1,4.6,0.0,4.6,85.0,141.1,4.0,9.4,145.0,1009.5,1009.5,2.7,5.2
2024-05-28 10:20:00+02:00,15.8,15.8,14.8,9.8,67.0,21.4,84.0,544.4,5.0,0.0,0.1,4.6,0.0,4.6,85.0,141.1,4.9,11.5,142.0,1009.5,1009.5,2.7,5.2
2024-05-28 10:25:00+02:00,15.6,15.6,14.0,9.9,69.0,21.5,84.0,529.8,4.0,0.0,0.1,4.6,0.0,4.6,85.0,141.1,8.6,17.3,119.0,1009.4,1009.4,2.7,5.3
2024-05-28 10:30:00+02:00,15.5,15.5,14.1,10.1,70.0,21.8,84.0,491.0,4.0,0.0,0.1,4.6,0.0,4.6,85.0,141.1,7.5,16.6,129.0,1009.4,1009.4,2.7,5.3
2024-05-28 10:35:00+02:00,15.5,15.5,13.8,9.7,68.0,21.9,84.0,494.4,4.0,0.0,0.1,4.6,0.0,4.6,85.0,141.1,8.7,22.3,119.0,1009.3,1009.3,2.7,5.3
2024-05-28 10:40:00+02:00,15.7,15.7,14.3,9.3,66.0,22.2,84.0,505.2,4.0,0.0,0.1,4.6,0.0,4.6,85.0,141.1,6.6,14.0,144.0,1009.5,1009.5,2.7,5.3
2024-05-28 10:45:00+02:00,16.3,16.3,15.0,9.5,64.0,22.3,84.0,532.0,4.0,0.0,0.1,4.6,0.0,4.6,85.0,141.1,6.0,21.2,116.0,1009.4,1009.4,2.7,5.3
2024-05-28 10:50:00+02:00,15.8,15.8,14.6,9.1,64.0,22.6,83.0,520.8,4.0,0.0,0.1,4.6,0.0,4.6,85.0,141.1,4.8,22.7,125.0,1009.4,1009.4,2.7,5.3
2024-05-28 10:55:00+02:00,16.1,16.1,15.5,9.5,65.0,22.7,83.0,548.7,5.0,0.0,0.1,4.6,0.0,4.6,85.0,141.1,2.8,8.3,88.0,1009.3,1009.3,2.7,5.3
2024-05-28 11:00:00+02:00,17.0,17.0,16.2,9.6,62.0,22.8,83.0,626.9,5.0,0.0,0.1,4.6,0.0,4.6,85.0,141.1,3.7,9.7,165.0,1009.3,1009.3,2.7,5.3
2024-05-28 11:05:00+02:00,17.5,17.5,16.4,9.2,58.0,23.0,83.0,691.5,6.0,0.0,0.1,4.6,0.0,4.6,85.0,141.1,4.6,15.5,110.0,1009.3,1009.3,2.7,5.3
2024-05-28 11:10:00+02:00,18.0,18.0,17.0,9.5,58.0,23.2,83.0,635.4,5.0,0.0,0.1,4.6,0.0,4.6,85.0,141.1,4.5,9.7,157.0,1009.3,1009.3,2.7,5.3
2024-05-28 11:15:00+02:00,16.7,16.7,15.9,9.6,63.0,23.4,83.0,161.5,1.0,0.0,0.1,4.6,0.0,4.6,85.0,141.1,3.9,10.4,131.0,1009.3,1009.3,2.7,5.3
2024-05-28 11:20:00+02:00,16.2,16.2,15.1,9.4,64.0,23.6,83.0,155.5,1.0,0.0,0.1,4.6,0.0,4.6,85.0,141.1,5.1,12.2,104.0,1009.3,1009.3,2.7,5.3
2024-05-28 11:25:00+02:00,15.9,15.9,14.7,8.9,63.0,23.7,82.0,172.4,1.0,0.0,0.1,4.6,0.0,4.6,85.0,141.1,5.3,14.0,199.0,1009.4,1009.4,2.7,5.3
2024-05-28 11:30:00+02:00,16.0,16.0,15.3,9.1,63.0,23.7,82.0,168.7,1.0,0.0,0.1,4.6,0.0,4.6,85.0,141.1,2.8,14.0,162.0,1009.4,1009.4,2.7,5.3
2024-05-28 11:35:00+02:00,15.9,15.9,14.4,9.3,65.0,23.7,82.0,578.6,5.0,0.0,0.1,4.6,0.0,4.6,85.0,141.1,6.9,18.4,123.0,1009.3,1009.3,2.7,5.3
2024-05-28 11:40:00+02:00,15.7,15.7,13.7,9.4,66.0,23.8,82.0,662.0,6.0,0.0,0.1,4.6,0.0,4.6,85.0,141.1,9.6,18.4,114.0,1009.2,1009.2,2.7,5.3
2024-05-28 11:45:00+02:00,16.4,16.4,14.8,9.8,65.0,23.9,82.0,762.2,7.0,0.0,0.1,4.6,0.0,4.6,85.0,141.1,8.4,14.0,115.0,1009.1,1009.1,2.7,5.3
2024-05-28 11:50:00+02:00,16.3,16.3,15.0,9.3,63.0,24.0,82.0,254.8,2.0,0.0,0.1,4.6,0.0,4.6,85.0,141.1,5.6,18.7,123.0,1009.2,1009.2,2.7,5.3
2024-05-28 11:55:00+02:00,15.6,15.6,13.7,8.8,64.0,24.0,82.0,113.7,1.0,0.0,0.1,4.6,0.0,4.6,85.0,141.1,8.6,12.2,122.0,1009.2,1009.2,2.7,5.3
2024-05-28 12:00:00+02:00,15.1,15.1,14.0,8.7,66.0,24.1,81.0,88.3,0.0,0.0,0.1,4.6,0.0,4.6,85.0,141.1,4.4,13.3,89.0,1009.1,1009.1,2.7,5.3
2024-05-28 12:05:00+02:00,15.3,15.3,13.9,9.3,68.0,24.1,81.0,159.1,1.0,0.0,0.1,4.6,0.0,4.6,85.0,141.1,6.1,15.5,122.0,1009.1,1009.1,2.7,5.3
2024-05-28 12:10:00+02:00,15.2,15.2,13.3,9.0,66.0,24.0,81.0,227.9,2.0,0.0,0.1,4.6,0.0,4.6,85.0,141.1,8.7,15.8,123.0,1009.1,1009.1,2.7,5.3
2024-05-28 12:15:00+02:00,15.5,15.5,14.0,9.3,67.0,24.0,81.0,235.5,2.0,0.0,0.1,4.6,0.0,4.6,85.0,141.1,6.9,14.8,116.0,1009.1,1009.1,2.7,5.3
2024-05-28 12:20:00+02:00,15.5,15.5,13.9,8.9,65.0,24.0,81.0,245.8,2.0,0.0,0.1,4.6,0.0,4.6,85.0,141.1,7.1,15.5,123.0,1009.0,1009.0,2.7,5.3
2024-05-28 12:25:00+02:00,16.1,16.1,15.2,9.4,64.0,23.9,81.0,714.4,6.0,0.0,0.1,4.6,0.0,4.6,85.0,141.1,3.7,14.4,63.0,1009.0,1009.0,2.7,5.2
2024-05-28 12:30:00+02:00,17.1,17.1,16.6,9.7,62.0,23.9,82.0,580.9,5.0,0.0,0.1,4.6,0.0,4.6,85.0,141.1,2.8,8.6,165.0,1009.0,1009.0,2.7,5.2
2024-05-28 12:35:00+02:00,16.8,16.8,14.7,9.7,63.0,24.0,82.0,338.1,3.0,0.0,0.1,4.6,0.0,4.6,85.0,141.1,10.9,20.2,128.0,1008.9,1008.9,2.7,5.3
2024-05-28 12:40:00+02:00,16.7,16.7,15.8,9.5,63.0,24.0,82.0,303.1,2.0,0.0,0.1,4.6,0.0,4.6,85.0,141.1,4.1,13.7,150.0,1009.0,1009.0,2.7,5.3
2024-05-28 12:45:00+02:00,16.5,16.5,14.6,9.6,64.0,24.0,82.0,742.3,6.0,0.0,0.1,4.6,0.0,4.6,85.0,141.1,9.4,15.5,123.0,1008.9,1008.9,2.7,5.3
2024-05-28 12:50:00+02:00,16.6,16.6,14.9,9.3,62.0,24.0,82.0,737.2,6.0,0.0,0.1,4.6,0.0,4.6,85.0,141.1,7.9,23.8,101.0,1008.8,1008.8,2.7,5.3
2024-05-28 12:55:00+02:00,17.1,17.1,15.6,9.1,59.0,24.1,82.0,262.6,2.0,0.0,0.1,4.6,0.0,4.6,85.0,141.1,6.5,12.6,117.0,1008.8,1008.8,2.7,5.3
2024-05-28 13:00:00+02:00,16.4,16.4,14.9,9.0,61.0,24.1,82.0,261.4,2.0,0.0,0.1,4.6,0.0,4.6,85.0,141.1,6.7,12.2,118.0,1008.8,1008.8,2.7,5.3
2024-05-28 13:05:00+02:00,16.3,16.3,14.7,9.1,62.0,24.2,82.0,212.6,1.0,0.0,0.1,4.6,0.0,4.6,85.0,141.1,7.2,12.2,130.0,1008.7,1008.7,2.7,5.3
2024-05-28 13:10:00+02:00,16.3,16.3,15.0,9.1,62.0,24.2,82.0,673.8,6.0,0.0,0.1,4.6,0.0,4.6,85.0,141.1,5.7,11.5,125.0,1008.6,1008.6,2.7,5.3
2024-05-28 13:15:00+02:00,17.4,17.4,16.0,9.6,60.0,24.2,82.0,701.5,6.0,0.0,0.1,4.6,0.0,4.6,85.0,141.1,6.8,14.4,119.0,1008.6,1008.6,2.7,5.3
2024-05-28 13:20:00+02:00,17.9,17.9,17.2,9.2,57.0,24.2,82.0,778.7,7.0,0.0,0.1,4.6,0.0,4.6,85.0,141.1,2.4,14.4,115.0,1008.6,1008.6,2.7,5.3
2024-05-28 13:25:00+02:00,17.9,17.9,16.9,9.4,58.0,24.3,82.0,594.5,5.0,0.0,0.1,4.6,0.0,4.6,85.0,141.1,4.5,9.7,150.0,1008.5,1008.5,2.7,5.3
2024-05-28 13:30:00+02:00,17.9,17.9,16.6,9.0,56.0,24.3,82.0,485.8,4.0,0.0,0.1,4.6,0.0,4.6,85.0,141.1,5.7,18.0,126.0,1008.5,1008.5,2.7,5.3
2024-05-28 13:35:00+02:00,17.8,17.8,16.5,9.4,58.0,24.3,82.0,374.3,3.0,0.0,0.1,4.6,0.0,4.6,85.0,141.1,6.2,13.3,131.0,1008.4,1008.4,2.7,5.3
2024-05-28 13:40:00+02:00,17.3,17.3,15.2,9.0,58.0,24.3,82.0,274.7,2.0,0.0,0.1,4.6,0.0,4.6,85.0,141.1,9.9,24.1,130.0,1008.4,1008.4,2.7,5.3
2024-05-28 13:45:00+02:00,16.8,16.8,15.1,8.9,59.0,24.3,82.0,183.3,1.0,0.0,0.1,4.6,0.0,4.6,85.0,141.1,7.5,20.5,139.0,1008.4,1008.4,2.7,5.3
2024-05-28 13:50:00+02:00,16.7,16.7,14.8,8.8,60.0,24.3,82.0,189.0,1.0,0.0,0.1,4.6,0.0,4.6,85.0,141.1,8.8,17.3,122.0,1008.3,1008.3,2.7,5.3
2024-05-28 13:55:00+02:00,16.7,16.7,15.4,8.8,60.0,24.3,82.0,251.1,2.0,0.0,0.1,4.6,0.0,4.6,85.0,141.1,5.2,13.0,117.0,1008.3,1008.3,2.7,5.3
2024-05-28 14:00:00+02:00,16.8,16.8,14.9,9.0,60.0,24.3,81.0,336.0,3.0,0.0,0.1,4.6,0.0,4.6,85.0,141.1,8.7,12.6,124.0,1008.4,1008.4,2.7,5.3
2024-05-28 14:05:00+02:00,17.5,17.5,16.6,9.5,60.0,24.3,81.0,751.4,6.0,0.0,0.1,4.6,0.0,4.6,85.0,141.1,3.9,11.9,104.0,1008.3,1008.3,2.7,5.3
2024-05-28 14:10:00+02:00,18.7,18.7,16.9,9.4,55.0,24.4,81.0,752.2,6.0,0.0,0.1,4.6,0.0,4.6,85.0,141.1,8.6,22.3,132.0,1008.3,1008.3,2.7,5.3
2024-05-28 14:15:00+02:00,17.5,17.5,15.8,9.2,58.0,24.5,81.0,588.1,5.0,0.0,0.1,4.6,0.0,4.6,85.0,141.1,7.8,22.3,125.0,1008.2,1008.2,2.7,5.3
2024-05-28 14:20:00+02:00,18.0,18.0,16.5,9.4,57.0,24.5,81.0,719.3,6.0,0.0,0.1,4.6,0.0,4.6,85.0,141.1,7.3,16.2,131.0,1008.1,1008.1,2.7,5.3
2024-05-28 14:25:00+02:00,18.4,18.4,17.4,9.2,55.0,24.5,81.0,408.0,3.0,0.0,0.1,4.6,0.0,4.6,85.0,141.1,4.7,13.0,161.0,1008.0,1008.0,2.7,5.3
2024-05-28 14:30:00+02:00,18.3,18.3,17.2,9.0,54.0,24.6,81.0,503.6,4.0,0.0,0.1,4.6,0.0,4.6,85.0,141.1,4.8,7.6,133.0,1008.1,1008.1,2.7,5.3
2024-05-28 14:35:00+02:00,18.5,18.5,16.6,9.5,56.0,24.5,81.0,761.0,7.0,0.0,0.1,4.6,0.0,4.6,85.0,141.1,9.4,14.8,118.0,1008.0,1008.0,2.7,5.3
2024-05-28 14:40:00+02:00,18.7,18.7,17.3,9.7,56.0,24.5,81.0,691.0,6.0,0.0,0.1,4.6,0.0,4.6,85.0,141.1,7.1,16.6,113.0,1008.0,1008.0,2.7,5.3
2024-05-28 14:45:00+02:00,18.7,18.7,16.8,9.4,55.0,24.6,81.0,698.0,6.0,0.0,0.1,4.6,0.0,4.6,85.0,141.1,8.9,22.7,128.0,1007.9,1007.9,2.7,5.3
2024-05-28 14:50:00+02:00,17.7,17.7,15.3,9.1,57.0,24.7,81.0,665.2,6.0,0.0,0.1,4.6,0.0,4.6,85.0,141.1,11.0,22.7,118.0,1007.7,1007.7,2.7,5.3
2024-05-28 14:55:00+02:00,18.8,18.8,17.7,9.1,54.0,24.7,81.0,635.9,5.0,0.0,0.1,4.6,0.0,4.6,85.0,141.1,4.7,18.0,150.0,1007.9,1007.9,2.7,5.3
2024-05-28 15:00:00+02:00,19.8,19.8,18.9,9.3,51.0,24.7,82.0,626.8,5.0,0.0,0.1,4.6,0.0,4.6,85.0,141.1,3.9,7.6,155.0,1007.8,1007.8,2.7,5.3
2024-05-28 15:05:00+02:00,19.9,19.9,18.0,9.3,50.0,24.7,82.0,672.8,6.0,0.0,0.1,4.6,0.0,4.6,85.0,141.1,8.9,19.4,118.0,1007.7,1007.7,2.7,5.3
2024-05-28 15:10:00+02:00,19.8,19.8,18.5,9.3,51.0,24.8,82.0,685.4,6.0,0.0,0.1,4.6,0.0,4.6,85.0,141.1,6.1,12.6,176.0,1007.5,1007.5,2.7,5.3
2024-05-28 15:15:00+02:00,19.5,19.5,18.7,8.8,50.0,24.9,82.0,629.3,5.0,0.0,0.1,4.6,0.0,4.6,85.0,141.1,3.1,16.2,143.0,1007.5,1007.5,2.7,5.3
2024-05-28 15:20:00+02:00,20.4,20.4,19.9,9.3,49.0,24.9,82.0,634.8,5.0,0.0,0.1,4.6,0.0,4.6,85.0,141.1,2.0,7.9,59.0,1007.4,1007.4,2.7,5.3
2024-05-28 15:25:00+02:00,21.7,21.7,21.3,9.9,47.0,25.0,82.0,712.3,6.0,0.0,0.1,4.6,0.0,4.6,85.0,141.1,2.0,7.9,97.0,1007.5,1007.5,2.7,5.3
2024-05-28 15:30:00+02:00,21.3,21.3,20.1,9.3,46.0,25.1,82.0,686.7,6.0,0.0,0.1,4.6,0.0,4.6,85.0,141.1,5.7,18.4,177.0,1007.3,1007.3,2.7,5.3
2024-05-28 15:35:00+02:00,20.4,20.4,19.2,9.3,49.0,25.2,82.0,671.0,6.0,0.0,0.1,4.6,0.0,4.6,85.0,141.1,5.3,15.1,118.0,1007.4,1007.4,2.7,5.3
2024-05-28 15:40:00+02:00,20.7,20.7,19.9,9.4,48.0,25.3,83.0,687.8,6.0,0.0,0.1,4.6,0.0,4.6,85.0,141.1,3.6,7.9,242.0,1007.3,1007.3,2.7,5.3
2024-05-28 15:45:00+02:00,19.6,19.6,16.8,9.1,51.0,25.3,82.0,336.5,3.0,0.0,0.1,4.6,0.0,4.6,85.0,141.1,13.2,20.5,127.0,1007.3,1007.3,2.7,5.3
2024-05-28 15:50:00+02:00,18.6,18.6,17.2,9.2,54.0,25.3,82.0,198.4,1.0,0.0,0.1,4.6,0.0,4.6,85.0,141.1,6.4,19.1,137.0,1007.3,1007.3,2.7,5.3
2024-05-28 15:55:00+02:00,18.9,18.9,18.0,9.3,54.0,25.3,83.0,567.5,5.0,0.0,0.1,4.6,0.0,4.6,85.0,141.1,3.8,15.1,133.0,1007.1,1007.1,2.7,5.3
2024-05-28 16:00:00+02:00,19.3,19.3,17.8,9.3,52.0,25.2,83.0,511.6,4.0,0.0,0.1,4.6,0.0,4.6,85.0,141.1,6.8,11.9,131.0,1007.1,1007.1,2.7,5.3
2024-05-28 16:05:00+02:00,19.4,19.4,18.4,9.1,52.0,25.3,83.0,347.7,3.0,0.0,0.1,4.6,0.0,4.6,85.0,141.1,4.2,10.1,86.0,1007.1,1007.1,2.7,5.3
2024-05-28 16:10:00+02:00,19.2,19.2,17.6,9.6,54.0,25.3,83.0,428.7,3.0,0.0,0.1,4.6,0.0,4.6,85.0,141.1,7.8,13.0,132.0,1007.1,1007.1,2.7,5.3
2024-05-28 16:15:00+02:00,18.9,18.9,17.5,9.2,53.0,25.2,83.0,324.6,3.0,0.0,0.1,4.6,0.0,4.6,85.0,141.1,6.7,11.9,123.0,1006.9,1006.9,2.7,5.3
2024-05-28 16:20:00+02:00,18.8,18.8,17.7,9.5,55.0,25.2,83.0,165.1,1.0,0.0,0.1,4.6,0.0,4.6,85.0,141.1,5.3,12.6,170.0,1006.9,1006.9,2.7,5.3
2024-05-28 16:25:00+02:00,18.7,18.7,17.3,9.6,55.0,25.2,83.0,275.4,2.0,0.0,0.1,4.6,0.0,4.6,85.0,141.1,6.8,13.0,119.0,1006.8,1006.8,2.7,5.3
2024-05-28 16:30:00+02:00,18.9,18.9,17.5,9.3,54.0,25.2,83.0,307.8,2.0,0.0,0.1,4.6,0.0,4.6,85.0,141.1,6.1,15.5,131.0,1006.9,1006.9,2.7,5.3
2024-05-28 16:35:00+02:00,19.2,19.2,18.3,9.6,54.0,25.2,83.0,506.6,4.0,0.0,0.1,4.6,0.0,4.6,85.0,141.1,4.4,10.8,151.0,1006.8,1006.8,2.7,5.3
2024-05-28 16:40:00+02:00,20.0,20.0,19.1,9.6,51.0,25.2,83.0,506.2,4.0,0.0,0.1,4.6,0.0,4.6,85.0,141.1,4.5,11.9,96.0,1006.6,1006.6,2.7,5.3
2024-05-28 16:45:00+02:00,19.1,19.1,18.3,9.5,54.0,25.2,84.0,179.1,1.0,0.0,0.1,4.6,0.0,4.6,85.0,141.1,4.0,11.9,120.0,1006.6,1006.6,2.7,5.3
2024-05-28 16:50:00+02:00,19.1,19.1,17.6,9.5,54.0,25.2,84.0,343.4,3.0,0.0,0.1,4.6,0.0,4.6,85.0,141.1,7.5,16.2,124.0,1006.4,1006.4,2.7,5.3
2024-05-28 16:55:00+02:00,19.1,19.1,17.9,9.7,54.0,25.2,84.0,436.9,4.0,0.0,0.1,4.6,0.0,4.6,85.0,141.1,6.3,11.5,125.0,1006.5,1006.5,2.7,5.3
2024-05-28 17:00:00+02:00,19.2,19.2,18.1,9.5,53.0,25.2,84.0,224.0,2.0,0.0,0.1,4.6,0.0,4.6,85.0,141.1,5.2,12.6,132.0,1006.5,1006.5,2.7,5.3
2024-05-28 17:05:00+02:00,18.9,18.9,17.2,9.1,53.0,25.2,84.0,214.2,1.0,0.0,0.1,4.6,0.0,4.6,85.0,141.1,7.4,16.6,116.0,1006.5,1006.5,2.7,5.3
2024-05-28 17:10:00+02:00,19.0,19.0,17.2,9.0,52.0,25.2,84.0,176.2,1.0,0.0,0.1,4.6,0.0,4.6,85.0,141.1,7.9,16.9,118.0,1006.5,1006.5,2.7,5.3
2024-05-28 17:15:00+02:00,18.8,18.8,16.6,8.8,52.0,25.2,83.0,206.2,1.0,0.0,0.1,4.6,0.0,4.6,85.0,141.1,9.8,16.2,112.0,1006.4,1006.4,2.7,5.3
2024-05-28 17:20:00+02:00,18.8,18.8,16.8,8.9,53.0,25.2,83.0,205.4,1.0,0.0,0.1,4.6,0.0,4.6,85.0,141.1,9.2,14.0,126.0,1006.3,1006.3,2.7,5.3
2024-05-28 17:25:00+02:00,18.8,18.8,17.2,8.9,53.0,25.2,83.0,246.4,2.0,0.0,0.1,4.6,0.0,4.6,85.0,141.1,7.1,16.2,129.0,1006.2,1006.2,2.7,5.3
2024-05-28 17:30:00+02:00,18.8,18.8,17.6,9.3,54.0,25.2,83.0,143.3,1.0,0.0,0.1,4.6,0.0,4.6,85.0,141.1,5.6,13.7,117.0,1006.3,1006.3,2.7,5.3
2024-05-28 17:35:00+02:00,18.6,18.6,17.4,9.4,55.0,25.1,83.0,109.6,1.0,0.0,0.1,4.6,0.0,4.6,85.0,141.1,5.8,15.5,122.0,1006.1,1006.1,2.7,5.3
2024-05-28 17:40:00+02:00,18.6,18.6,16.2,8.8,53.0,25.1,83.0,96.9,0.0,0.0,0.1,4.6,0.0,4.6,85.0,141.1,10.7,16.9,122.0,1006.1,1006.1,2.7,5.3
2024-05-28 17:50:00+02:00,18.4,18.4,17.5,9.5,56.0,25.1,83.0,62.0,0.0,0.0,0.1,4.6,0.0,4.6,85.0,141.1,4.1,11.5,116.0,1006.0,1006.0,2.7,5.3
2024-05-28 17:55:00+02:00,18.3,18.3,16.8,9.3,56.0,25.0,83.0,46.5,0.0,0.0,0.1,4.6,0.0,4.6,85.0,141.1,7.0,13.3,115.0,1006.0,1006.0,2.7,5.3
2024-05-28 18:00:00+02:00,18.3,18.3,16.0,8.5,53.0,25.0,83.0,33.6,0.0,0.0,0.1,0.0,0.0,4.6,85.0,141.1,10.0,19.1,126.0,1006.0,1006.0,2.7,5.3
2024-05-28 18:05:00+02:00,18.3,18.3,16.2,8.5,53.0,24.9,83.0,31.6,0.0,0.0,0.1,0.0,0.0,4.6,85.0,141.1,8.9,19.1,125.0,1006.0,1006.0,2.7,5.2
2024-05-28 18:10:00+02:00,18.2,18.2,16.2,8.5,53.0,24.9,83.0,24.6,0.0,0.0,0.1,0.0,0.0,4.6,85.0,141.1,8.6,17.3,129.0,1006.0,1006.0,2.7,5.2
2024-05-28 18:15:00+02:00,18.2,18.2,16.8,8.9,54.0,24.8,83.0,29.1,0.0,0.0,0.1,0.0,0.0,4.6,85.0,141.1,5.5,11.9,115.0,1005.9,1005.9,2.7,5.2
2024-05-28 18:20:00+02:00,18.1,18.1,16.9,9.3,57.0,24.7,83.0,27.5,0.0,0.0,0.1,0.0,0.0,4.6,85.0,141.1,5.5,11.5,114.0,1006.1,1006.1,2.7,5.2
2024-05-28 18:25:00+02:00,17.9,17.9,17.0,10.0,60.0,24.6,83.0,19.5,0.0,0.6,0.2,0.1,0.1,4.7,85.1,141.2,4.4,12.2,113.0,1006.2,1006.2,2.7,5.2
2024-05-28 18:30:00+02:00,17.4,17.4,16.9,10.7,65.0,24.6,82.0,20.8,0.0,1.2,0.3,0.2,0.2,4.8,85.2,141.3,3.6,15.1,132.0,1006.2,1006.2,2.7,5.2
2024-05-28 18:35:00+02:00,16.9,16.9,17.0,11.6,71.0,24.5,82.0,22.3,0.0,1.8,0.4,0.3,0.3,4.9,85.3,141.4,1.8,10.8,166.0,1006.4,1006.4,2.7,5.2
2024-05-28 18:40:00+02:00,16.3,16.3,16.7,12.1,76.0,24.4,82.0,39.7,0.0,1.8,0.5,0.4,0.4,5.0,85.4,141.5,1.4,5.8,144.0,1006.5,1006.5,2.7,5.2
2024-05-28 18:45:00+02:00,15.7,15.7,15.5,12.2,80.0,24.3,82.0,41.0,0.0,1.2,0.6,0.5,0.5,5.1,85.5,141.6,4.5,11.9,145.0,1006.7,1006.7,2.7,5.2
2024-05-28 18:50:00+02:00,15.4,15.4,15.5,12.4,82.0,24.2,82.0,40.8,0.0,1.2,0.7,0.6,0.6,5.2,85.6,141.7,3.2,7.6,121.0,1006.5,1006.5,2.7,5.2
2024-05-28 18:55:00+02:00,15.1,15.1,15.2,12.5,84.0,24.2,82.0,39.0,0.0,1.2,0.8,0.7,0.7,5.3,85.7,141.8,3.5,7.2,106.0,1006.7,1006.7,2.7,5.2
2024-05-28 19:00:00+02:00,14.9,14.9,14.6,12.4,85.0,24.1,82.0,33.3,0.0,1.2,0.9,0.8,0.8,5.4,85.8,141.9,5.5,9.7,119.0,1006.7,1006.7,2.7,5.2
2024-05-28 19:05:00+02:00,14.8,14.8,15.1,12.5,87.0,24.0,82.0,29.4,0.0,1.2,1.0,0.9,0.9,5.5,85.9,142.0,2.2,9.7,142.0,1006.7,1006.7,2.7,5.1
2024-05-28 19:10:00+02:00,14.6,14.6,14.4,12.6,88.0,23.9,82.0,28.1,0.0,1.8,1.1,1.0,1.0,5.6,86.0,142.1,4.8,9.4,131.0,1006.8,1006.8,2.7,5.1
2024-05-28 19:15:00+02:00,14.5,14.5,14.6,12.7,89.0,23.8,81.0,36.9,0.0,1.8,1.2,1.1,1.1,5.7,86.1,142.2,3.7,7.2,125.0,1006.7,1006.7,2.7,5.1
2024-05-28 19:20:00+02:00,14.4,14.4,14.9,12.6,89.0,23.7,81.0,37.2,0.0,1.2,1.3,1.2,1.2,5.8,86.2,142.3,1.7,7.6,105.0,1006.6,1006.6,2.7,5.1
2024-05-28 19:25:00+02:00,14.3,14.3,14.3,12.6,89.0,23.6,81.0,44.0,0.0,1.2,1.4,1.3,1.2,5.9,86.3,142.4,4.2,8.3,129.0,1006.5,1006.5,2.7,5.1
2024-05-28 19:30:00+02:00,14.3,14.3,14.3,12.7,90.0,23.5,81.0,49.3,0.0,1.2,1.5,1.4,1.2,6.0,86.4,142.5,4.4,7.2,117.0,1006.5,1006.5,2.7,5.1
2024-05-28 19:35:00+02:00,14.3,14.3,14.6,12.7,90.0,23.4,81.0,60.1,0.0,1.2,1.6,1.5,1.1,6.1,86.5,142.6,3.2,5.8,115.0,1006.6,1006.6,2.7,5.1
2024-05-28 19:40:00+02:00,14.4,14.4,14.6,12.9,91.0,23.3,81.0,72.8,0.0,1.2,1.7,1.6,1.2,6.2,86.6,142.7,3.7,6.8,123.0,1006.6,1006.6,2.7,5.1
2024-05-28 19:45:00+02:00,14.4,14.4,14.1,12.8,90.0,23.3,81.0,70.9,0.0,1.2,1.8,1.7,1.2,6.3,86.7,142.8,5.9,9.0,118.0,1006.5,1006.5,2.7,5.1
2024-05-28 19:50:00+02:00,14.4,14.4,14.6,13.0,91.0,23.2,81.0,45.8,0.0,1.2,1.8,1.7,1.1,6.3,86.7,142.8,4.0,8.3,121.0,1006.5,1006.5,2.7,5.1
2024-05-28 19:55:00+02:00,14.4,14.4,14.1,12.7,90.0,23.1,81.0,42.7,0.0,0.6,1.9,1.8,1.1,6.4,86.8,142.9,5.9,10.8,132.0,1006.4,1006.4,2.7,5.1
2024-05-28 20:00:00+02:00,14.4,14.4,14.2,12.8,90.0,23.0,81.0,34.6,0.0,0.6,1.9,1.8,1.0,6.4,86.8,142.9,5.3,10.8,118.0,1006.2,1006.2,2.7,5.1
2024-05-28 20:05:00+02:00,14.3,14.3,14.4,12.8,91.0,22.9,81.0,24.9,0.0,0.6,1.9,1.8,0.9,6.4,86.8,142.9,4.1,9.7,125.0,1006.3,1006.3,2.7,5.0
2024-05-28 20:10:00+02:00,14.3,14.3,14.1,12.8,91.0,22.8,81.0,25.4,0.0,0.0,1.9,1.8,0.7,6.4,86.8,142.9,5.1,8.3,126.0,1006.2,1006.2,2.7,5.0
2024-05-28 20:15:00+02:00,14.2,14.2,13.6,12.6,90.0,22.8,81.0,14.3,0.0,0.6,2.0,1.9,0.7,6.5,86.9,143.0,7.1,10.8,134.0,1006.1,1006.1,2.7,5.0
2024-05-28 20:20:00+02:00,14.2,14.2,13.9,12.8,91.0,22.7,81.0,14.8,0.0,0.6,2.0,1.9,0.7,6.5,86.9,143.0,5.6,8.6,125.0,1006.1,1006.1,2.7,5.0
2024-05-28 20:25:00+02:00,14.1,14.1,13.6,12.6,91.0,22.6,81.0,13.6,0.0,0.6,2.0,1.9,0.6,6.5,86.9,143.0,6.4,14.4,130.0,1006.1,1006.1,2.7,5.0
2024-05-28 20:30:00+02:00,14.1,14.1,13.4,12.5,90.0,22.6,81.0,11.4,0.0,0.0,2.0,1.9,0.5,6.5,86.9,143.0,7.8,14.4,122.0,1006.1,1006.1,2.7,5.0
2024-05-28 20:35:00+02:00,14.1,14.1,13.4,12.6,91.0,22.4,81.0,8.4,0.0,0.0,2.0,1.9,0.4,6.5,86.9,143.0,7.6,14.0,123.0,1006.1,1006.1,2.7,5.0
2024-05-28 20:40:00+02:00,14.0,14.0,13.4,12.5,91.0,22.3,81.0,6.0,0.0,0.0,2.0,1.9,0.3,6.5,86.9,143.0,6.8,14.8,128.0,1006.0,1006.0,2.7,5.0
2024-05-28 20:45:00+02:00,13.9,13.9,13.1,12.4,91.0,22.3,81.0,6.0,0.0,1.2,2.2,2.1,0.4,6.7,87.1,143.2,7.8,13.3,130.0,1005.9,1005.9,2.7,5.0
2024-05-28 20:50:00+02:00,13.8,13.8,13.1,12.5,92.0,22.2,81.0,3.7,0.0,2.4,2.4,2.3,0.6,6.9,87.3,143.4,7.1,16.6,117.0,1005.9,1005.9,2.7,5.0
2024-05-28 20:55:00+02:00,13.7,13.7,13.5,12.5,92.0,22.1,80.0,2.7,0.0,1.8,2.5,2.4,0.6,7.0,87.4,143.5,5.4,16.6,124.0,1005.8,1005.8,2.7,4.9
2024-05-28 21:00:00+02:00,13.7,13.7,13.0,12.4,92.0,21.9,80.0,4.1,0.0,2.4,2.7,2.6,0.8,7.2,87.6,143.7,7.7,13.0,120.0,1005.7,1005.7,2.7,4.9
2024-05-28 21:05:00+02:00,13.7,13.7,13.1,12.5,92.0,21.9,80.0,4.1,0.0,2.4,2.9,2.8,1.0,7.4,87.8,143.9,7.0,12.2,132.0,1005.7,1005.7,2.7,4.9
2024-05-28 21:10:00+02:00,13.6,13.6,13.2,12.5,93.0,21.8,80.0,3.6,0.0,2.4,3.0,2.9,1.1,7.5,87.9,144.0,6.4,13.3,120.0,1005.8,1005.8,2.7,4.9
2024-05-28 21:15:00+02:00,13.6,13.6,11.9,12.4,92.0,21.7,80.0,2.6,0.0,1.8,3.2,3.1,1.2,7.7,88.1,144.2,12.5,23.0,117.0,1005.7,1005.7,2.7,4.9
2024-05-28 21:20:00+02:00,13.6,13.6,12.6,12.5,93.0,21.6,80.0,1.5,0.0,1.8,3.2,3.1,1.2,7.7,88.1,144.2,9.1,18.7,125.0,1005.7,1005.7,2.7,4.9
2024-05-28 21:25:00+02:00,13.6,13.6,13.2,12.5,93.0,21.5,80.0,1.2,0.0,0.6,3.3,3.2,1.3,7.8,88.2,144.3,5.7,13.3,124.0,1005.6,1005.6,2.7,4.8
2024-05-28 21:30:00+02:00,13.5,13.5,12.7,12.4,93.0,21.3,80.0,1.2,0.0,0.6,3.3,3.2,1.3,7.8,88.2,144.3,7.5,14.4,119.0,1005.4,1005.4,2.7,4.8
2024-05-28 21:35:00+02:00,13.5,13.5,12.2,12.4,93.0,21.2,80.0,0.7,0.0,1.2,3.4,3.3,1.4,7.9,88.3,144.4,10.5,19.1,122.0,1005.5,1005.5,2.7,4.8
2024-05-28 21:40:00+02:00,13.5,13.5,12.7,12.4,93.0,21.1,80.0,0.6,0.0,0.6,3.4,3.3,1.4,7.9,88.3,144.4,8.3,13.0,117.0,1005.4,1005.4,2.7,4.8
2024-05-28 21:45:00+02:00,13.6,13.6,13.0,12.4,92.0,21.0,80.0,0.4,0.0,0.6,3.4,3.3,1.2,7.9,88.3,144.4,7.0,18.7,128.0,1005.5,1005.5,2.7,4.8
2024-05-28 21:50:00+02:00,13.6,13.6,13.1,12.5,93.0,20.9,80.0,0.2,0.0,0.0,3.4,3.3,1.0,7.9,88.3,144.4,6.5,15.1,126.0,1005.5,1005.5,2.7,4.8
2024-05-28 21:55:00+02:00,13.6,13.6,12.9,12.5,93.0,20.8,80.0,0.1,0.0,0.0,3.4,3.3,0.9,7.9,88.3,144.4,7.6,12.2,124.0,1005.4,1005.4,2.7,4.8
2024-05-28 22:00:00+02:00,13.7,13.7,13.3,12.6,93.0,20.7,80.0,0.0,0.0,0.0,3.4,3.3,0.7,7.9,88.3,144.4,6.2,14.0,121.0,1005.5,1005.5,2.7,4.8
2024-05-28 22:05:00+02:00,13.7,13.7,13.6,12.7,93.0,20.6,80.0,0.0,0.0,0.0,3.4,3.3,0.5,7.9,88.3,144.4,4.9,9.4,137.0,1005.4,1005.4,2.7,4.7
2024-05-28 22:10:00+02:00,13.7,13.7,12.6,12.6,93.0,20.5,80.0,0.0,0.0,0.0,3.4,3.3,0.3,7.9,88.3,144.4,9.6,19.8,125.0,1005.5,1005.5,2.7,4.7
2024-05-28 22:15:00+02:00,13.7,13.7,12.9,12.6,93.0,20.5,80.0,0.0,0.0,0.6,3.5,3.4,0.3,8.0,88.4,144.5,8.4,19.8,135.0,1005.5,1005.5,2.7,4.7
2024-05-28 22:20:00+02:00,13.7,13.7,12.4,12.6,93.0,20.4,80.0,0.0,0.0,1.2,3.6,3.5,0.4,8.1,88.5,144.6,10.9,21.6,124.0,1005.4,1005.4,2.7,4.7
2024-05-28 22:25:00+02:00,13.7,13.7,12.7,12.7,93.0,20.3,80.0,0.0,0.0,1.8,3.8,3.7,0.5,8.3,88.7,144.8,9.3,21.6,126.0,1005.3,1005.3,2.7,4.7
2024-05-28 22:30:00+02:00,13.5,13.5,12.1,12.6,94.0,20.2,80.0,0.0,0.0,2.4,3.9,3.8,0.6,8.4,88.8,144.9,11.7,20.9,127.0,1005.3,1005.3,2.7,4.7
2024-05-28 22:35:00+02:00,13.5,13.5,12.2,12.6,94.0,20.2,80.0,0.0,0.0,1.8,3.9,3.8,0.5,8.4,88.8,144.9,10.8,20.9,125.0,1005.3,1005.3,2.7,4.7
2024-05-28 22:40:00+02:00,13.5,13.5,12.2,12.6,94.0,20.1,80.0,0.0,0.0,1.2,4.0,3.9,0.6,8.5,88.9,145.0,10.9,18.7,126.0,1005.2,1005.2,2.7,4.7
2024-05-28 22:45:00+02:00,13.4,13.4,12.3,12.6,95.0,20.0,80.0,0.0,0.0,0.6,4.0,3.9,0.6,8.5,88.9,145.0,9.8,24.8,130.0,1005.1,1005.1,2.7,4.6
2024-05-28 22:50:00+02:00,13.5,13.5,12.3,12.7,95.0,19.8,80.0,0.0,0.0,0.6,4.1,4.0,0.7,8.6,89.0,145.1,10.3,16.9,131.0,1005.1,1005.1,2.7,4.6
2024-05-28 22:55:00+02:00,13.5,13.5,12.7,12.7,95.0,19.7,80.0,0.0,0.0,0.6,4.1,4.0,0.7,8.6,89.0,145.1,8.6,19.8,133.0,1005.2,1005.2,2.7,4.6
2024-05-28 23:00:00+02:00,13.5,13.5,12.3,12.7,95.0,19.7,80.0,0.0,0.0,0.0,4.1,4.0,0.7,8.6,89.0,145.1,10.3,20.5,115.0,1005.2,1005.2,2.7,4.6
2024-05-28 23:05:00+02:00,13.5,13.5,12.1,12.7,95.0,19.6,80.0,0.0,0.0,0.0,4.1,4.0,0.7,8.6,89.0,145.1,11.3,18.4,124.0,1005.1,1005.1,2.7,4.6
2024-05-28 23:10:00+02:00,13.5,13.5,12.3,12.6,94.0,19.5,80.0,0.0,0.0,0.0,4.1,4.0,0.7,8.6,89.0,145.1,10.3,20.5,120.0,1005.0,1005.0,2.7,4.6
2024-05-28 23:15:00+02:00,13.6,13.6,12.3,12.6,94.0,19.4,80.0,0.0,0.0,0.0,4.1,4.0,0.6,8.6,89.0,145.1,10.9,20.5,130.0,1005.0,1005.0,2.7,4.6
2024-05-28 23:20:00+02:00,13.6,13.6,12.3,12.7,94.0,19.3,81.0,0.0,0.0,0.0,4.1,4.0,0.5,8.6,89.0,145.1,10.7,16.9,120.0,1005.1,1005.1,2.7,4.6
2024-05-28 23:25:00+02:00,13.7,13.7,12.5,12.7,94.0,19.3,81.0,0.0,0.0,0.0,4.1,4.0,0.3,8.6,89.0,145.1,10.4,19.1,124.0,1005.0,1005.0,2.7,4.6
2024-05-28 23:30:00+02:00,13.7,13.7,13.1,12.7,94.0,19.2,81.0,0.0,0.0,0.0,4.1,4.0,0.2,8.6,89.0,145.1,7.5,16.9,127.0,1005.0,1005.0,2.7,4.6
2024-05-28 23:35:00+02:00,13.7,13.7,12.9,12.7,93.0,19.2,81.0,0.0,0.0,0.0,4.1,4.0,0.2,8.6,89.0,145.1,8.3,21.6,127.0,1005.0,1005.0,2.7,4.6
2024-05-28 23:40:00+02:00,13.8,13.8,12.8,12.7,93.0,19.2,81.0,0.0,0.0,0.0,4.1,4.0,0.1,8.6,89.0,145.1,9.6,19.8,124.0,1004.9,1004.9,2.7,4.6
2024-05-28 23:45:00+02:00,13.8,13.8,12.9,12.7,93.0,19.1,81.0,0.0,0.0,0.0,4.1,4.0,0.1,8.6,89.0,145.1,9.0,19.8,121.0,1004.8,1004.8,2.7,4.5
2024-05-28 23:50:00+02:00,13.8,13.8,13.6,12.7,93.0,19.1,81.0,0.0,0.0,0.0,4.1,4.0,0.0,8.6,89.0,145.1,5.1,15.5,121.0,1004.8,1004.8,2.7,4.5
2024-05-28 23:55:00+02:00,13.8,13.8,12.3,12.8,94.0,19.1,81.0,0.0,0.0,0.0,4.1,4.0,0.0,8.6,89.0,145.1,11.9,19.1,125.0,1004.8,1004.8,2.7,4.5
2024-05-29 00:00:00+02:00,13.8,13.8,12.5,12.8,94.0,19.0,81.0,0.0,0.0,0.0,0.0,4.0,0.0,8.6,89.0,145.1,11.1,17.3,126.0,1004.8,1004.8,2.7,4.5
2024-05-29 00:05:00+02:00,13.8,13.8,12.4,12.8,94.0,19.0,81.0,0.0,0.0,0.0,0.0,4.0,0.0,8.6,89.0,145.1,11.6,23.8,130.0,1004.8,1004.8,2.7,4.5
2024-05-29 00:10:00+02:00,13.8,13.8,12.3,12.8,94.0,18.9,81.0,0.0,0.0,0.0,0.0,4.0,0.0,8.6,89.0,145.1,12.0,23.8,136.0,1004.7,1004.7,2.7,4.5
2024-05-29 00:15:00+02:00,13.8,13.8,12.8,12.8,94.0,18.9,81.0,0.0,0.0,0.0,0.0,4.0,0.0,8.6,89.0,145.1,9.4,17.6,125.0,1004.6,1004.6,2.7,4.5
2024-05-29 00:20:00+02:00,13.8,13.8,13.2,12.8,94.0,18.9,82.0,0.0,0.0,0.0,0.0,4.0,0.0,8.6,89.0,145.1,7.9,20.5,144.0,1004.7,1004.7,2.7,4.5
2024-05-29 00:25:00+02:00,13.8,13.8,12.5,12.8,94.0,18.9,82.0,0.0,0.0,0.0,0.0,4.0,0.0,8.6,89.0,145.1,11.2,19.8,130.0,1004.6,1004.6,2.7,4.5
2024-05-29 00:30:00+02:00,13.8,13.8,13.0,12.8,94.0,18.8,82.0,0.0,0.0,0.0,0.0,4.0,0.0,8.6,89.0,145.1,8.8,16.6,144.0,1004.7,1004.7,2.7,4.5
2024-05-29 00:35:00+02:00,13.8,13.8,13.0,12.8,94.0,18.8,82.0,0.0,0.0,0.0,0.0,4.0,0.0,8.6,89.0,145.1,8.6,16.9,121.0,1004.6,1004.6,2.7,4.5
2024-05-29 00:40:00+02:00,13.8,13.8,12.9,12.9,94.0,18.8,82.0,0.0,0.0,0.0,0.0,4.0,0.0,8.6,89.0,145.1,9.2,16.9,132.0,1004.5,1004.5,2.7,4.5
2024-05-29 00:45:00+02:00,13.9,13.9,12.9,12.9,94.0,18.8,82.0,0.0,0.0,0.0,0.0,4.0,0.0,8.6,89.0,145.1,9.6,17.6,124.0,1004.5,1004.5,2.72,4.4
2024-05-29 00:50:00+02:00,13.9,13.9,12.7,12.9,94.0,18.8,82.0,0.0,0.0,0.0,0.0,4.0,0.0,8.6,89.0,145.1,11.2,17.6,128.0,1004.5,1004.5,2.71,4.4
2024-05-29 00:55:00+02:00,13.9,13.9,12.9,12.9,94.0,18.8,82.0,0.0,0.0,0.0,0.0,4.0,0.0,8.6,89.0,145.1,9.9,17.6,128.0,1004.4,1004.4,2.68,4.5
2024-05-29 01:00:00+02:00,14.0,14.0,14.0,13.0,94.0,18.8,82.0,0.0,0.0,0.0,0.0,4.0,0.0,8.6,89.0,145.1,4.9,16.2,127.0,1004.3,1004.3,2.68,4.5
2024-05-29 01:05:00+02:00,14.0,14.0,12.8,13.0,94.0,18.8,82.0,0.0,0.0,0.0,0.0,4.0,0.0,8.6,89.0,145.1,10.7,18.7,113.0,1004.2,1004.2,2.7,4.5
2024-05-29 01:10:00+02:00,14.0,14.0,13.5,13.1,94.0,18.8,82.0,0.0,0.0,0.0,0.0,4.0,0.0,8.6,89.0,145.1,7.4,16.6,113.0,1004.3,1004.3,2.7,4.5
2024-05-29 01:15:00+02:00,14.0,14.0,13.9,13.1,94.0,18.7,82.0,0.0,0.0,0.0,0.0,4.0,0.0,8.6,89.0,145.1,5.5,11.2,88.0,1004.2,1004.2,2.7,4.4
2024-05-29 01:20:00+02:00,14.0,14.0,13.6,13.1,94.0,18.7,82.0,0.0,0.0,0.0,0.0,4.0,0.0,8.6,89.0,145.1,6.9,15.8,120.0,1004.3,1004.3,2.7,4.4
2024-05-29 01:25:00+02:00,14.0,14.0,13.5,13.1,94.0,18.7,82.0,0.0,0.0,0.0,0.0,4.0,0.0,8.6,89.0,145.1,7.6,14.0,119.0,1004.3,1004.3,2.7,4.5
2024-05-29 01:30:00+02:00,14.1,14.1,13.5,13.1,93.0,18.7,82.0,0.0,0.0,0.0,0.0,4.0,0.0,8.6,89.0,145.1,8.1,18.0,136.0,1004.2,1004.2,2.7,4.5
2024-05-29 01:35:00+02:00,14.1,14.1,13.3,13.1,94.0,18.7,82.0,0.0,0.0,0.0,0.0,4.0,0.0,8.6,89.0,145.1,9.3,17.3,135.0,1004.2,1004.2,2.72,4.4
2024-05-29 01:40:00+02:00,14.1,14.1,13.4,13.1,94.0,18.7,82.0,0.0,0.0,0.0,0.0,4.0,0.0,8.6,89.0,145.1,8.6,17.3,133.0,1004.1,1004.1,2.72,4.4
2024-05-29 01:45:00+02:00,14.2,14.2,13.5,13.1,93.0,18.6,82.0,0.0,0.0,0.0,0.0,4.0,0.0,8.6,89.0,145.1,8.5,18.0,127.0,1004.0,1004.0,2.7,4.4
2024-05-29 01:50:00+02:00,14.2,14.2,13.9,13.1,93.0,18.6,82.0,0.0,0.0,0.0,0.0,4.0,0.0,8.6,89.0,145.1,6.7,15.5,131.0,1004.0,1004.0,2.7,4.4
2024-05-29 01:55:00+02:00,14.2,14.2,14.0,13.1,93.0,18.7,82.0,0.0,0.0,0.0,0.0,4.0,0.0,8.6,89.0,145.1,5.8,11.5,125.0,1004.0,1004.0,2.7,4.4
2024-05-29 02:00:00+02:00,14.2,14.2,13.9,13.1,93.0,18.6,82.0,0.0,0.0,0.0,0.0,4.0,0.0,8.6,89.0,145.1,6.4,18.4,125.0,1003.9,1003.9,2.7,4.4
2024-05-29 02:05:00+02:00,14.1,14.1,12.6,13.2,94.0,18.6,83.0,0.0,0.0,0.0,0.0,4.0,0.0,8.6,89.0,145.1,12.7,20.5,127.0,1003.9,1003.9,2.7,4.4
2024-05-29 02:10:00+02:00,14.0,14.0,12.8,13.1,94.0,18.6,82.0,0.0,0.0,0.0,0.0,4.0,0.0,8.6,89.0,145.1,11.3,18.0,126.0,1003.8,1003.8,2.7,4.4
2024-05-29 02:15:00+02:00,13.9,13.9,13.8,13.1,95.0,18.6,82.0,0.0,0.0,0.0,0.0,4.0,0.0,8.6,89.0,145.1,5.2,18.0,108.0,1003.8,1003.8,2.72,4.4
2024-05-29 02:20:00+02:00,13.9,13.9,13.5,13.1,95.0,18.6,82.0,0.0,0.0,0.0,0.0,4.0,0.0,8.6,89.0,145.1,6.8,10.8,92.0,1003.8,1003.8,2.72,4.4
2024-05-29 02:25:00+02:00,13.8,13.8,13.4,13.0,95.0,18.6,82.0,0.0,0.0,0.6,0.1,4.1,0.1,8.7,89.1,145.2,6.9,15.5,101.0,1003.7,1003.7,2.7,4.4
2024-05-29 02:30:00+02:00,13.9,13.9,13.1,13.1,95.0,18.5,83.0,0.0,0.0,0.6,0.1,4.1,0.1,8.7,89.1,145.2,8.7,21.6,122.0,1003.6,1003.6,2.7,4.4
2024-05-29 02:35:00+02:00,13.8,13.8,12.6,13.0,95.0,18.5,83.0,0.0,0.0,0.6,0.1,4.1,0.1,8.7,89.1,145.2,11.1,19.8,135.0,1003.5,1003.5,2.7,4.3
2024-05-29 02:40:00+02:00,13.8,13.8,13.3,13.0,95.0,18.5,83.0,0.0,0.0,0.0,0.1,4.1,0.1,8.7,89.1,145.2,7.3,19.1,114.0,1003.4,1003.4,2.7,4.3
2024-05-29 02:45:00+02:00,13.8,13.8,13.3,13.1,96.0,18.5,82.0,0.0,0.0,0.6,0.2,4.2,0.2,8.8,89.2,145.3,7.3,15.5,131.0,1003.4,1003.4,2.7,4.3
2024-05-29 02:50:00+02:00,13.7,13.7,12.9,13.1,96.0,18.4,83.0,0.0,0.0,0.6,0.2,4.2,0.2,8.8,89.2,145.3,9.1,15.5,130.0,1003.3,1003.3,2.7,4.3
2024-05-29 02:55:00+02:00,13.7,13.7,12.8,13.1,96.0,18.4,83.0,0.0,0.0,0.0,0.2,4.2,0.2,8.8,89.2,145.3,9.8,18.4,127.0,1003.3,1003.3,2.7,4.3
2024-05-29 03:00:00+02:00,13.8,13.8,12.8,13.2,96.0,18.4,82.0,0.0,0.0,0.0,0.2,4.2,0.2,8.8,89.2,145.3,10.3,19.1,130.0,1003.3,1003.3,2.7,4.3
2024-05-29 03:05:00+02:00,13.8,13.8,13.0,13.2,96.0,18.3,82.0,0.0,0.0,0.0,0.2,4.2,0.2,8.8,89.2,145.3,9.4,16.6,128.0,1003.3,1003.3,2.7,4.3
2024-05-29 03:10:00+02:00,13.8,13.8,12.8,13.2,96.0,18.3,82.0,0.0,0.0,0.0,0.2,4.2,0.2,8.8,89.2,145.3,10.5,20.2,129.0,1003.2,1003.2,2.7,4.3
2024-05-29 03:15:00+02:00,13.8,13.8,13.4,13.2,96.0,18.3,82.0,0.0,0.0,0.0,0.2,4.2,0.2,8.8,89.2,145.3,7.3,15.5,144.0,1003.2,1003.2,2.7,4.3
2024-05-29 03:20:00+02:00,13.8,13.8,13.2,13.1,96.0,18.3,83.0,0.0,0.0,0.0,0.2,4.2,0.2,8.8,89.2,145.3,8.1,18.4,117.0,1003.2,1003.2,2.7,4.3
2024-05-29 03:25:00+02:00,13.7,13.7,12.9,13.2,97.0,18.3,83.0,0.0,0.0,0.0,0.2,4.2,0.1,8.8,89.2,145.3,9.3,13.7,116.0,1003.1,1003.1,2.7,4.3
2024-05-29 03:30:00+02:00,13.7,13.7,13.4,13.3,97.0,18.2,83.0,0.0,0.0,0.0,0.2,4.2,0.1,8.8,89.2,145.3,6.9,12.6,123.0,1002.9,1002.9,2.7,4.3
2024-05-29 03:40:00+02:00,13.8,13.8,12.3,13.2,96.0,18.2,83.0,0.0,0.0,0.0,0.2,4.2,0.1,8.8,89.2,145.3,12.6,16.9,120.0,1002.9,1002.9,2.7,4.2
2024-05-29 03:45:00+02:00,13.8,13.8,13.2,13.2,96.0,18.2,83.0,0.0,0.0,0.0,0.2,4.2,0.0,8.8,89.2,145.3,8.3,17.3,128.0,1002.7,1002.7,2.7,4.2
2024-05-29 03:50:00+02:00,13.8,13.8,13.5,13.2,96.0,18.1,83.0,0.0,0.0,0.0,0.2,4.2,0.0,8.8,89.2,145.3,7.2,10.8,122.0,1002.6,1002.6,2.7,4.2
2024-05-29 03:55:00+02:00,13.9,13.9,13.0,13.3,96.0,18.2,83.0,0.0,0.0,0.0,0.2,4.2,0.0,8.8,89.2,145.3,10.0,16.6,128.0,1002.4,1002.4,2.7,4.2
2024-05-29 04:00:00+02:00,13.9,13.9,12.9,13.2,96.0,18.2,83.0,0.0,0.0,0.0,0.2,4.2,0.0,8.8,89.2,145.3,10.3,21.6,131.0,1002.5,1002.5,2.7,4.2
2024-05-29 04:05:00+02:00,14.0,14.0,13.1,13.2,95.0,18.2,83.0,0.0,0.0,0.0,0.2,4.2,0.0,8.8,89.2,145.3,9.9,19.8,130.0,1002.4,1002.4,2.7,4.2
2024-05-29 04:10:00+02:00,14.2,14.2,13.1,13.2,94.0,18.1,83.0,0.0,0.0,0.0,0.2,4.2,0.0,8.8,89.2,145.3,10.5,18.7,128.0,1002.2,1002.2,2.7,4.2
2024-05-29 04:15:00+02:00,14.3,14.3,13.4,13.3,94.0,18.1,83.0,0.0,0.0,0.0,0.2,4.2,0.0,8.8,89.2,145.3,10.0,18.0,127.0,1002.2,1002.2,2.7,4.2
2024-05-29 04:20:00+02:00,14.2,14.2,13.6,13.3,94.0,18.1,83.0,0.0,0.0,0.0,0.2,4.2,0.0,8.8,89.2,145.3,8.4,18.4,128.0,1002.1,1002.1,2.7,4.2
2024-05-29 04:25:00+02:00,14.4,14.4,13.4,13.2,92.0,18.1,83.0,0.0,0.0,0.0,0.2,4.2,0.0,8.8,89.2,145.3,9.9,23.0,107.0,1002.1,1002.1,2.7,4.2
2024-05-29 04:30:00+02:00,14.4,14.4,13.9,13.1,92.0,18.1,83.0,0.0,0.0,0.0,0.2,4.2,0.0,8.8,89.2,145.3,7.6,16.6,118.0,1002.1,1002.1,2.7,4.2
2024-05-29 04:35:00+02:00,14.4,14.4,13.7,13.3,93.0,18.1,83.0,0.0,0.0,0.0,0.2,4.2,0.0,8.8,89.2,145.3,9.0,19.1,131.0,1002.1,1002.1,2.7,4.2
2024-05-29 04:40:00+02:00,14.4,14.4,14.1,13.3,93.0,18.1,83.0,0.0,0.0,0.0,0.2,4.2,0.0,8.8,89.2,145.3,6.9,12.2,126.0,1002.0,1002.0,2.7,4.2
2024-05-29 04:45:00+02:00,14.3,14.3,13.3,13.2,93.0,18.1,83.0,0.0,0.0,0.0,0.2,4.2,0.0,8.8,89.2,145.3,10.4,16.9,133.0,1002.0,1002.0,2.7,4.2
2024-05-29 04:50:00+02:00,14.3,14.3,13.6,13.1,93.0,18.1,83.0,0.1,0.0,0.0,0.2,4.2,0.0,8.8,89.2,145.3,8.5,16.9,138.0,1001.9,1001.9,2.7,4.2
2024-05-29 04:55:00+02:00,14.3,14.3,14.0,13.1,93.0,18.1,83.0,0.2,0.0,0.0,0.2,4.2,0.0,8.8,89.2,145.3,6.6,15.5,129.0,1001.8,1001.8,2.7,4.2
2024-05-29 05:00:00+02:00,14.3,14.3,13.5,13.1,93.0,18.1,83.0,0.3,0.0,0.0,0.2,4.2,0.0,8.8,89.2,145.3,9.5,18.0,128.0,1001.8,1001.8,2.7,4.2
2024-05-29 05:05:00+02:00,14.5,14.5,13.9,13.2,92.0,18.1,83.0,0.6,0.0,0.0,0.2,4.2,0.0,8.8,89.2,145.3,8.0,18.7,133.0,1001.7,1001.7,2.7,4.1
2024-05-29 05:10:00+02:00,14.4,14.4,14.1,13.1,92.0,18.0,83.0,0.7,0.0,0.0,0.2,4.2,0.0,8.8,89.2,145.3,6.6,16.9,119.0,1001.7,1001.7,2.7,4.1
2024-05-29 05:15:00+02:00,14.4,14.4,13.9,13.1,92.0,18.1,83.0,0.9,0.0,0.0,0.2,4.2,0.0,8.8,89.2,145.3,7.5,13.7,117.0,1001.7,1001.7,2.7,4.1
2024-05-29 05:20:00+02:00,14.4,14.4,14.3,13.1,92.0,18.1,83.0,1.2,0.0,0.0,0.2,4.2,0.0,8.8,89.2,145.3,5.8,13.7,124.0,1001.6,1001.6,2.7,4.1
2024-05-29 05:25:00+02:00,14.5,14.5,14.3,13.2,92.0,18.1,83.0,2.5,0.0,0.0,0.2,4.2,0.0,8.8,89.2,145.3,6.0,13.3,116.0,1001.5,1001.5,2.7,4.1
2024-05-29 05:30:00+02:00,14.5,14.5,13.9,13.2,92.0,18.1,84.0,3.1,0.0,0.0,0.2,4.2,0.0,8.8,89.2,145.3,8.4,15.5,125.0,1001.6,1001.6,2.7,4.1
2024-05-29 05:35:00+02:00,14.4,14.4,13.7,13.1,92.0,18.1,84.0,4.2,0.0,0.0,0.2,4.2,0.0,8.8,89.2,145.3,8.8,18.4,130.0,1001.6,1001.6,2.7,4.1
2024-05-29 05:40:00+02:00,14.5,14.5,13.5,13.2,92.0,18.1,84.0,5.5,0.0,0.0,0.2,4.2,0.0,8.8,89.2,145.3,10.2,18.0,131.0,1001.5,1001.5,2.7,4.1
2024-05-29 05:45:00+02:00,14.5,14.5,14.0,13.2,92.0,18.1,84.0,6.9,0.0,0.0,0.2,4.2,0.0,8.8,89.2,145.3,7.8,16.9,126.0,1001.4,1001.4,2.7,4.1
2024-05-29 05:50:00+02:00,14.5,14.5,14.2,13.1,92.0,18.1,84.0,7.6,0.0,0.0,0.2,4.2,0.0,8.8,89.2,145.3,6.5,17.3,126.0,1001.5,1001.5,2.7,4.1
2024-05-29 05:55:00+02:00,14.5,14.5,13.5,13.2,91.0,18.1,84.0,8.7,0.0,0.0,0.2,4.2,0.0,8.8,89.2,145.3,10.4,17.3,139.0,1001.5,1001.5,2.7,4.1
2024-05-29 06:00:00+02:00,14.5,14.5,13.6,13.1,91.0,18.1,84.0,11.1,0.0,0.0,0.2,4.2,0.0,8.8,89.2,145.3,9.8,17.3,123.0,1001.5,1001.5,2.7,4.1
2024-05-29 06:05:00+02:00,14.6,14.6,14.1,13.2,91.0,18.1,84.0,13.8,0.0,0.0,0.2,4.2,0.0,8.8,89.2,145.3,7.9,15.1,124.0,1001.5,1001.5,2.7,4.1
2024-05-29 06:10:00+02:00,14.6,14.6,13.6,13.1,91.0,18.1,84.0,21.6,0.0,0.0,0.2,4.2,0.0,8.8,89.2,145.3,10.2,19.8,118.0,1001.4,1001.4,2.7,4.1
2024-05-29 06:15:00+02:00,14.6,14.6,14.2,13.3,92.0,18.1,84.0,19.9,0.0,0.6,0.3,4.3,0.1,8.9,89.3,145.4,7.4,18.4,124.0,1001.4,1001.4,2.7,4.1
2024-05-29 06:20:00+02:00,14.5,14.5,13.4,13.2,92.0,18.1,84.0,12.1,0.0,1.8,0.5,4.5,0.3,9.1,89.5,145.6,10.6,18.0,129.0,1001.4,1001.4,2.7,4.1
2024-05-29 06:25:00+02:00,14.3,14.3,13.9,13.2,93.0,18.1,84.0,9.9,0.0,1.8,0.6,4.6,0.4,9.2,89.6,145.7,7.6,15.8,125.0,1001.4,1001.4,2.7,4.0
2024-05-29 06:30:00+02:00,14.3,14.3,13.5,13.2,93.0,18.1,84.0,9.7,0.0,1.8,0.7,4.7,0.5,9.3,89.7,145.8,9.6,19.8,124.0,1001.3,1001.3,2.7,4.0
2024-05-29 06:35:00+02:00,14.2,14.2,13.6,13.3,94.0,18.1,84.0,6.2,0.0,1.2,0.8,4.8,0.6,9.4,89.8,145.9,8.6,14.4,124.0,1001.4,1001.4,2.7,4.0
2024-05-29 06:40:00+02:00,14.2,14.2,13.7,13.3,94.0,18.1,84.0,11.6,0.0,1.2,0.9,4.9,0.7,9.5,89.9,146.0,8.1,15.5,120.0,1001.3,1001.3,2.7,4.0
2024-05-29 06:45:00+02:00,14.2,14.2,13.5,13.3,94.0,18.1,84.0,27.3,0.0,1.2,1.0,5.0,0.8,9.6,90.0,146.1,8.9,16.6,130.0,1001.3,1001.3,2.7,4.0
2024-05-29 06:50:00+02:00,14.2,14.2,13.4,13.3,94.0,18.1,84.0,28.9,0.0,1.2,1.0,5.0,0.8,9.6,90.0,146.1,9.1,13.3,122.0,1001.3,1001.3,2.7,4.0
2024-05-29 06:55:00+02:00,14.2,14.2,13.8,13.3,94.0,18.1,84.0,13.2,0.0,1.8,1.3,5.3,1.1,9.9,90.3,146.4,7.2,13.7,145.0,1001.2,1001.2,2.7,3.9
2024-05-29 07:00:00+02:00,14.1,14.1,13.5,13.4,95.0,18.1,84.0,17.1,0.0,4.8,1.8,5.8,1.6,10.4,90.8,146.9,8.7,16.9,126.0,1001.2,1001.2,2.7,3.9
2024-05-29 07:05:00+02:00,14.0,14.0,13.2,13.3,95.0,18.1,84.0,18.0,0.0,4.2,1.8,5.8,1.6,10.4,90.8,146.9,9.5,16.6,130.0,1001.2,1001.2,2.7,3.9
2024-05-29 07:10:00+02:00,14.0,14.0,13.3,13.3,96.0,18.1,84.0,16.5,0.0,3.0,1.9,5.9,1.7,10.5,90.9,147.0,8.9,14.4,112.0,1001.2,1001.2,2.7,3.9
2024-05-29 07:15:00+02:00,14.0,14.0,13.1,13.4,96.0,18.1,84.0,18.0,0.0,1.2,2.0,6.0,1.7,10.6,91.0,147.1,10.3,15.8,125.0,1001.3,1001.3,2.7,3.9
2024-05-29 07:20:00+02:00,14.0,14.0,12.9,13.4,96.0,18.1,84.0,32.8,0.0,1.2,2.1,6.1,1.6,10.7,91.1,147.2,11.2,16.6,129.0,1001.3,1001.3,2.7,3.9
2024-05-29 07:25:00+02:00,14.0,14.0,13.0,13.4,96.0,18.0,84.0,89.7,0.0,1.2,2.2,6.2,1.6,10.8,91.2,147.3,10.7,20.2,129.0,1001.1,1001.1,2.7,3.8
2024-05-29 07:30:00+02:00,14.1,14.1,13.7,13.5,96.0,18.0,84.0,101.4,0.0,1.2,2.2,6.2,1.5,10.8,91.2,147.3,7.7,15.8,127.0,1001.1,1001.1,2.7,3.8
2024-05-29 07:35:00+02:00,14.1,14.1,13.1,13.5,96.0,18.0,84.0,71.3,0.0,0.6,2.3,6.3,1.5,10.9,91.3,147.4,10.7,18.7,127.0,1001.1,1001.1,2.7,3.8
2024-05-29 07:40:00+02:00,14.1,14.1,13.5,13.5,96.0,18.1,84.0,38.6,0.0,1.2,2.4,6.4,1.5,11.0,91.4,147.5,8.6,19.8,131.0,1001.1,1001.1,2.7,3.8
2024-05-29 07:45:00+02:00,14.1,14.1,13.3,13.5,96.0,18.1,84.0,52.6,0.0,1.2,2.4,6.4,1.4,11.0,91.4,147.5,9.5,19.8,126.0,1001.1,1001.1,2.7,3.8
2024-05-29 07:50:00+02:00,14.1,14.1,13.0,13.5,96.0,18.1,84.0,66.7,0.0,0.6,2.4,6.4,1.4,11.0,91.4,147.5,11.2,16.2,120.0,1001.1,1001.1,2.7,3.8
2024-05-29 07:55:00+02:00,14.2,14.2,12.8,13.4,95.0,18.1,84.0,61.2,0.0,0.0,2.4,6.4,1.1,11.0,91.4,147.5,12.5,19.8,122.0,1001.1,1001.1,2.7,3.8
2024-05-29 08:00:00+02:00,14.2,14.2,13.2,13.4,95.0,18.1,84.0,42.1,0.0,0.0,2.4,6.4,0.6,11.0,91.4,147.5,10.8,19.8,132.0,1001.1,1001.1,2.7,3.8
2024-05-29 08:05:00+02:00,14.1,14.1,13.1,13.4,95.0,18.1,84.0,38.0,0.0,0.6,2.5,6.5,0.7,11.1,91.5,147.6,10.9,23.8,126.0,1000.9,1000.9,2.7,3.8
2024-05-29 08:10:00+02:00,14.0,14.0,12.9,13.4,96.0,18.1,84.0,38.6,0.0,0.6,2.5,6.5,0.6,11.1,91.5,147.6,11.3,22.0,122.0,1001.0,1001.0,2.7,3.8
2024-05-29 08:15:00+02:00,14.0,14.0,13.0,13.4,96.0,18.1,84.0,51.5,0.0,0.0,2.5,6.5,0.5,11.1,91.5,147.6,10.7,16.9,118.0,1001.0,1001.0,2.7,3.8
2024-05-29 08:20:00+02:00,14.1,14.1,13.8,13.5,96.0,18.1,84.0,70.2,0.0,0.0,2.5,6.5,0.3,11.1,91.5,147.6,7.0,17.3,127.0,1001.0,1001.0,2.7,3.8
2024-05-29 08:25:00+02:00,14.1,14.1,13.5,13.6,97.0,18.1,84.0,71.0,0.0,0.0,2.5,6.5,0.3,11.1,91.5,147.6,8.6,14.8,127.0,1001.0,1001.0,2.7,3.8
2024-05-29 08:30:00+02:00,14.0,14.0,13.3,13.6,97.0,18.1,84.0,45.0,0.0,0.0,2.5,6.5,0.3,11.1,91.5,147.6,9.6,18.4,128.0,1001.1,1001.1,2.7,3.8
2024-05-29 08:35:00+02:00,14.0,14.0,13.1,13.4,96.0,18.1,84.0,23.1,0.0,0.0,2.5,6.5,0.2,11.1,91.5,147.6,10.4,22.0,121.0,1001.0,1001.0,2.7,3.8
2024-05-29 08:40:00+02:00,14.0,14.0,13.2,13.4,96.0,18.1,84.0,75.6,0.0,0.0,2.5,6.5,0.1,11.1,91.5,147.6,9.7,18.7,129.0,1001.0,1001.0,2.7,3.8
2024-05-29 08:45:00+02:00,14.2,14.2,14.0,13.6,96.0,18.1,84.0,90.6,0.0,0.0,2.5,6.5,0.1,11.1,91.5,147.6,6.5,15.5,134.0,1000.9,1000.9,2.7,3.8
2024-05-29 08:50:00+02:00,14.2,14.2,14.0,13.7,97.0,18.1,84.0,90.3,0.0,0.0,2.5,6.5,0.1,11.1,91.5,147.6,7.1,14.0,126.0,1001.0,1001.0,2.7,3.8
2024-05-29 08:55:00+02:00,14.3,14.3,13.7,13.6,96.0,18.1,84.0,76.6,0.0,0.0,2.5,6.5,0.1,11.1,91.5,147.6,8.4,16.2,115.0,1001.0,1001.0,2.7,3.8
2024-05-29 09:00:00+02:00,14.3,14.3,13.6,13.7,96.0,18.1,84.0,60.1,0.0,0.0,2.5,6.5,0.1,11.1,91.5,147.6,9.3,19.4,128.0,1000.9,1000.9,2.7,3.8
2024-05-29 09:05:00+02:00,14.3,14.3,13.7,13.6,95.0,18.1,84.0,82.2,0.0,0.0,2.5,6.5,0.0,11.1,91.5,147.6,9.2,16.9,128.0,1000.9,1000.9,2.7,3.8
2024-05-29 09:10:00+02:00,14.5,14.5,13.7,13.7,95.0,18.2,84.0,176.0,1.0,0.0,2.5,6.5,0.0,11.1,91.5,147.6,10.1,16.6,125.0,1000.9,1000.9,2.7,3.8
2024-05-29 09:15:00+02:00,14.7,14.7,13.8,13.9,95.0,18.2,84.0,184.4,1.0,0.0,2.5,6.5,0.0,11.1,91.5,147.6,10.9,17.6,131.0,1001.0,1001.0,2.7,3.9
2024-05-29 09:20:00+02:00,14.9,14.9,14.9,13.9,94.0,18.2,84.0,203.8,1.0,0.0,2.5,6.5,0.0,11.1,91.5,147.6,6.2,15.1,123.0,1001.0,1001.0,2.7,3.9
2024-05-29 09:25:00+02:00,15.0,15.0,14.5,14.0,93.0,18.2,84.0,257.3,2.0,0.0,2.5,6.5,0.0,11.1,91.5,147.6,9.0,16.6,121.0,1000.9,1000.9,2.7,3.9
2024-05-29 09:30:00+02:00,15.3,15.3,14.9,14.2,93.0,18.3,85.0,261.5,2.0,0.0,2.5,6.5,0.0,11.1,91.5,147.6,9.2,16.2,121.0,1000.9,1000.9,2.7,3.9
2024-05-29 09:35:00+02:00,15.4,15.4,15.4,14.3,93.0,18.3,85.0,231.3,2.0,0.0,2.5,6.5,0.0,11.1,91.5,147.6,7.2,16.2,116.0,1001.0,1001.0,2.7,4.0
2024-05-29 09:40:00+02:00,15.4,15.4,14.9,14.2,92.0,18.4,85.0,147.3,1.0,0.0,2.5,6.5,0.0,11.1,91.5,147.6,9.7,20.2,127.0,1000.9,1000.9,2.7,4.0
2024-05-29 09:45:00+02:00,15.3,15.3,15.3,14.1,92.0,18.4,85.0,183.6,1.0,0.0,2.5,6.5,0.0,11.1,91.5,147.6,6.8,19.1,119.0,1001.0,1001.0,2.7,4.1
2024-05-29 09:50:00+02:00,15.3,15.3,15.4,14.1,93.0,18.5,85.0,203.2,1.0,0.0,2.5,6.5,0.0,11.1,91.5,147.6,6.3,13.0,129.0,1001.0,1001.0,2.7,4.1
2024-05-29 09:55:00+02:00,15.4,15.4,15.7,14.2,93.0,18.6,85.0,207.2,1.0,0.0,2.5,6.5,0.0,11.1,91.5,147.6,5.3,13.0,98.0,1000.8,1000.8,2.7,4.1
2024-05-29 10:00:00+02:00,15.4,15.4,15.5,14.1,92.0,18.6,85.0,154.8,1.0,0.0,2.5,6.5,0.0,11.1,91.5,147.6,6.1,16.6,134.0,1000.9,1000.9,2.7,4.1
2024-05-29 10:05:00+02:00,15.4,15.4,15.4,14.1,92.0,18.7,85.0,116.0,1.0,0.0,2.5,6.5,0.0,11.1,91.5,147.6,6.8,13.3,130.0,1000.9,1000.9,2.7,4.2
2024-05-29 10:10:00+02:00,15.4,15.4,15.7,14.1,92.0,18.7,86.0,114.2,1.0,0.6,2.6,6.6,0.1,11.2,91.6,147.7,5.3,9.7,100.0,1000.9,1000.9,2.7,4.2
2024-05-29 10:15:00+02:00,15.3,15.3,15.1,13.9,91.0,18.8,86.0,119.7,1.0,0.6,2.6,6.6,0.1,11.2,91.6,147.7,7.6,14.4,122.0,1000.9,1000.9,2.7,4.2
2024-05-29 10:20:00+02:00,15.2,15.2,14.8,14.0,93.0,18.8,86.0,168.0,1.0,1.2,2.7,6.7,0.2,11.3,91.7,147.8,8.4,15.8,117.0,1001.0,1001.0,2.7,4.2
2024-05-29 10:25:00+02:00,15.2,15.2,14.7,14.1,93.0,18.9,86.0,163.7,1.0,1.2,2.8,6.8,0.3,11.4,91.8,147.9,8.9,15.1,135.0,1000.9,1000.9,2.7,4.2
2024-05-29 10:30:00+02:00,15.1,15.1,14.6,14.0,93.0,18.9,86.0,142.2,1.0,1.2,2.8,6.8,0.3,11.4,91.8,147.9,8.9,15.8,115.0,1000.8,1000.8,2.7,4.2
2024-05-29 10:35:00+02:00,15.2,15.2,15.3,14.1,93.0,18.9,86.0,315.5,2.0,0.6,2.9,6.9,0.4,11.5,91.9,148.0,6.0,18.0,121.0,1000.9,1000.9,2.7,4.3
2024-05-29 10:40:00+02:00,15.5,15.5,15.5,14.3,92.0,19.0,85.0,282.1,2.0,0.6,2.9,6.9,0.4,11.5,91.9,148.0,6.8,15.1,122.0,1000.8,1000.8,2.7,4.3
2024-05-29 10:45:00+02:00,15.6,15.6,15.4,14.0,90.0,19.1,86.0,292.3,2.0,0.0,2.9,6.9,0.4,11.5,91.9,148.0,7.5,15.8,133.0,1000.8,1000.8,2.7,4.3
2024-05-29 10:50:00+02:00,15.8,15.8,15.9,14.0,89.0,19.1,86.0,288.2,2.0,0.0,2.9,6.9,0.4,11.5,91.9,148.0,6.2,20.5,139.0,1000.9,1000.9,2.7,4.3
2024-05-29 10:55:00+02:00,16.0,16.0,16.2,14.0,88.0,19.2,86.0,291.1,2.0,0.0,2.9,6.9,0.4,11.5,91.9,148.0,5.3,20.5,121.0,1000.7,1000.7,2.7,4.4
2024-05-29 11:00:00+02:00,16.1,16.1,16.7,14.2,89.0,19.3,86.0,143.7,1.0,0.0,2.9,6.9,0.4,11.5,91.9,148.0,3.7,13.7,132.0,1000.8,1000.8,2.7,4.4
2024-05-29 11:05:00+02:00,15.7,15.7,15.8,14.2,91.0,19.3,86.0,108.2,1.0,0.6,3.0,7.0,0.5,11.6,92.0,148.1,6.6,13.7,111.0,1000.8,1000.8,2.7,4.5
2024-05-29 11:10:00+02:00,15.3,15.3,15.3,13.9,92.0,19.4,86.0,299.2,2.0,0.6,3.0,7.0,0.4,11.6,92.0,148.1,6.1,13.3,126.0,1000.8,1000.8,2.7,4.5
2024-05-29 11:15:00+02:00,15.5,15.5,16.0,14.1,91.0,19.5,86.0,733.4,6.0,0.6,3.0,7.0,0.4,11.6,92.0,148.1,3.9,12.6,133.0,1000.8,1000.8,2.7,4.5
2024-05-29 11:20:00+02:00,15.9,15.9,16.3,14.5,91.0,19.6,86.0,372.1,3.0,0.0,3.0,7.0,0.2,11.6,92.0,148.1,5.2,10.8,114.0,1000.7,1000.7,2.7,4.5
2024-05-29 11:25:00+02:00,16.1,16.1,16.3,14.3,89.0,19.6,86.0,455.2,4.0,0.0,3.0,7.0,0.2,11.6,92.0,148.1,6.0,19.4,133.0,1000.7,1000.7,2.7,4.6
2024-05-29 11:30:00+02:00,16.6,16.6,16.8,14.4,87.0,19.7,86.0,926.0,8.0,0.0,3.0,7.0,0.1,11.6,92.0,148.1,6.3,16.6,135.0,1000.7,1000.7,2.7,4.6
2024-05-29 11:35:00+02:00,17.3,17.3,18.2,14.9,86.0,19.8,86.0,956.0,8.0,0.0,3.0,7.0,0.1,11.6,92.0,148.1,3.3,9.0,164.0,1000.6,1000.6,2.7,4.8
2024-05-29 11:40:00+02:00,17.5,17.5,17.9,14.4,82.0,19.9,86.0,271.9,2.0,0.0,3.0,7.0,0.1,11.6,92.0,148.1,5.1,13.3,153.0,1000.6,1000.6,2.7,4.8
2024-05-29 11:45:00+02:00,17.3,17.3,18.1,14.4,83.0,20.0,87.0,1008.0,9.0,0.0,3.0,7.0,0.1,11.6,92.0,148.1,3.5,11.9,97.0,1000.7,1000.7,2.7,4.9
2024-05-29 11:50:00+02:00,18.0,18.0,18.4,14.6,81.0,20.2,87.0,1046.9,9.0,0.0,3.0,7.0,0.1,11.6,92.0,148.1,5.6,15.5,144.0,1000.6,1000.6,2.7,4.9
2024-05-29 11:55:00+02:00,17.8,17.8,17.7,14.0,79.0,20.3,87.0,191.7,1.0,0.0,3.0,7.0,0.1,11.6,92.0,148.1,6.9,15.1,130.0,1000.6,1000.6,2.7,5.1
2024-05-29 12:00:00+02:00,17.5,17.5,17.7,14.1,80.0,20.4,87.0,288.2,2.0,0.0,3.0,7.0,0.1,11.6,92.0,148.1,5.4,11.2,125.0,1000.7,1000.7,2.7,5.1
2024-05-29 12:05:00+02:00,17.1,17.1,16.9,13.7,80.0,20.6,87.0,339.2,3.0,0.0,3.0,7.0,0.0,11.6,92.0,148.1,7.3,15.1,127.0,1000.5,1000.5,2.7,5.2
2024-05-29 12:10:00+02:00,17.6,17.6,17.2,13.7,78.0,20.7,87.0,915.1,8.0,0.0,3.0,7.0,0.0,11.6,92.0,148.1,7.9,22.7,128.0,1000.5,1000.5,2.7,5.2
2024-05-29 12:15:00+02:00,18.3,18.3,17.8,14.3,78.0,20.9,87.0,842.1,7.0,0.0,3.0,7.0,0.0,11.6,92.0,148.1,9.2,18.7,117.0,1000.4,1000.4,2.7,5.2
2024-05-29 12:20:00+02:00,18.1,18.1,18.2,14.0,77.0,21.0,87.0,853.7,7.0,0.0,3.0,7.0,0.0,11.6,92.0,148.1,5.8,16.6,117.0,1000.4,1000.4,2.7,5.2
2024-05-29 12:25:00+02:00,18.5,18.5,18.3,13.9,75.0,21.3,87.0,784.9,7.0,0.0,3.0,7.0,0.0,11.6,92.0,148.1,7.5,15.1,153.0,1000.2,1000.2,2.7,5.2
2024-05-29 12:30:00+02:00,18.9,18.9,18.6,13.9,73.0,21.5,87.0,791.5,7.0,0.0,3.0,7.0,0.0,11.6,92.0,148.1,8.0,21.2,127.0,1000.3,1000.3,2.7,5.2
2024-05-29 12:35:00+02:00,18.8,18.8,18.1,13.8,73.0,21.7,87.0,849.0,7.0,0.0,3.0,7.0,0.0,11.6,92.0,148.1,10.1,23.4,126.0,1000.1,1000.1,2.7,5.3
2024-05-29 12:40:00+02:00,19.2,19.2,18.9,13.6,70.0,21.9,87.0,922.4,8.0,0.0,3.0,7.0,0.0,11.6,92.0,148.1,7.9,22.0,124.0,1000.0,1000.0,2.7,5.3
2024-05-29 12:45:00+02:00,19.4,19.4,19.9,14.2,72.0,22.1,87.0,1019.3,9.0,0.0,3.0,7.0,0.0,11.6,92.0,148.1,4.1,16.6,141.0,1000.0,1000.0,2.7,5.3
2024-05-29 12:50:00+02:00,19.1,19.1,18.2,13.8,72.0,22.3,87.0,979.6,9.0,0.0,3.0,7.0,0.0,11.6,92.0,148.1,10.8,27.4,126.0,1000.1,1000.1,2.7,5.3
2024-05-29 12:55:00+02:00,19.5,19.5,19.4,13.7,69.0,22.5,87.0,969.5,9.0,0.0,3.0,7.0,0.0,11.6,92.0,148.1,6.3,15.8,78.0,1000.0,1000.0,2.7,5.3
2024-05-29 13:00:00+02:00,20.1,20.1,20.3,13.2,65.0,22.7,87.0,772.9,7.0,0.0,3.0,7.0,0.0,11.6,92.0,148.1,4.0,15.8,182.0,1000.0,1000.0,2.7,5.3
2024-05-29 13:05:00+02:00,20.1,20.1,19.5,13.3,65.0,22.9,87.0,695.3,6.0,0.0,3.0,7.0,0.0,11.6,92.0,148.1,8.1,23.8,122.0,999.9,999.9,2.7,5.3
2024-05-29 13:10:00+02:00,20.2,20.2,20.4,13.3,65.0,23.1,87.0,715.9,6.0,0.0,3.0,7.0,0.0,11.6,92.0,148.1,4.2,10.1,159.0,999.8,999.8,2.7,5.3
2024-05-29 13:15:00+02:00,19.5,19.5,18.9,13.2,67.0,23.3,87.0,682.6,6.0,0.0,3.0,7.0,0.0,11.6,92.0,148.1,8.5,18.0,140.0,999.8,999.8,2.7,5.3
2024-05-29 13:20:00+02:00,19.8,19.8,18.9,13.4,66.0,23.4,87.0,713.6,6.0,0.0,3.0,7.0,0.0,11.6,92.0,148.1,10.1,19.1,129.0,999.7,999.7,2.7,5.3
2024-05-29 13:25:00+02:00,19.8,19.8,19.8,13.7,68.0,23.5,87.0,254.6,2.0,0.0,3.0,7.0,0.0,11.6,92.0,148.1,5.6,15.1,157.0,999.7,999.7,2.7,5.3
2024-05-29 13:30:00+02:00,19.1,19.1,18.1,13.3,69.0,23.6,87.0,890.8,8.0,0.0,3.0,7.0,0.0,11.6,92.0,148.1,10.2,21.2,123.0,999.7,999.7,2.7,5.3
2024-05-29 13:35:00+02:00,19.5,19.5,19.3,13.4,68.0,23.7,87.0,746.3,6.0,0.0,3.0,7.0,0.0,11.6,92.0,148.1,6.1,22.0,122.0,999.7,999.7,2.7,5.3
2024-05-29 13:40:00+02:00,19.7,19.7,19.0,13.7,68.0,23.8,87.0,746.2,6.0,0.0,3.0,7.0,0.0,11.6,92.0,148.1,9.7,22.0,126.0,999.8,999.8,2.7,5.3
2024-05-29 13:45:00+02:00,19.5,19.5,19.0,13.8,70.0,23.9,87.0,614.9,5.0,0.0,3.0,7.0,0.0,11.6,92.0,148.1,8.4,22.7,142.0,999.6,999.6,2.7,5.3
2024-05-29 13:50:00+02:00,20.3,20.3,20.4,13.8,66.0,24.0,87.0,628.6,5.0,0.0,3.0,7.0,0.0,11.6,92.0,148.1,5.7,12.6,127.0,999.7,999.7,2.7,5.3
2024-05-29 13:55:00+02:00,19.7,19.7,19.6,13.1,66.0,24.1,87.0,333.1,3.0,0.0,3.0,7.0,0.0,11.6,92.0,148.1,5.3,18.0,113.0,999.7,999.7,2.7,5.3
2024-05-29 14:00:00+02:00,19.3,19.3,18.4,13.0,67.0,24.2,86.0,309.6,2.0,0.0,3.0,7.0,0.0,11.6,92.0,148.1,9.4,16.9,133.0,999.5,999.5,2.7,5.3
2024-05-29 14:05:00+02:00,19.1,19.1,18.4,12.7,66.0,24.2,86.0,358.8,3.0,0.0,3.0,7.0,0.0,11.6,92.0,148.1,7.8,18.7,158.0,999.5,999.5,2.7,5.3
2024-05-29 14:10:00+02:00,19.2,19.2,19.2,13.6,70.0,24.3,86.0,378.1,3.0,0.0,3.0,7.0,0.0,11.6,92.0,148.1,5.6,18.4,133.0,999.5,999.5,2.7,5.3
2024-05-29 14:15:00+02:00,19.0,19.0,18.9,13.9,72.0,24.3,87.0,420.1,3.0,0.0,3.0,7.0,0.0,11.6,92.0,148.1,7.1,12.2,131.0,999.5,999.5,2.7,5.3
2024-05-29 14:20:00+02:00,18.6,18.6,18.5,13.6,73.0,24.3,86.0,257.7,2.0,0.0,3.0,7.0,0.0,11.6,92.0,148.1,6.6,15.8,132.0,999.4,999.4,2.7,5.3
2024-05-29 14:25:00+02:00,18.3,18.3,17.6,13.8,75.0,24.4,86.0,248.1,2.0,0.6,3.1,7.1,0.1,11.7,92.1,148.2,9.9,19.8,122.0,999.6,999.6,2.7,5.3
2024-05-29 14:30:00+02:00,17.7,17.7,17.4,13.9,79.0,24.4,86.0,193.4,1.0,1.2,3.2,7.2,0.2,11.8,92.2,148.3,7.8,16.9,128.0,999.8,999.8,2.7,5.3
2024-05-29 14:35:00+02:00,17.0,17.0,16.4,13.8,81.0,24.3,86.0,197.8,1.0,1.2,3.3,7.3,0.3,11.9,92.3,148.4,9.4,14.8,132.0,999.8,999.8,2.7,5.2
2024-05-29 14:40:00+02:00,16.8,16.8,16.9,13.7,82.0,24.3,86.0,238.3,2.0,0.6,3.3,7.3,0.3,11.9,92.3,148.4,5.5,17.3,112.0,999.7,999.7,2.7,5.2
2024-05-29 14:45:00+02:00,16.4,16.4,15.7,13.6,84.0,24.3,86.0,143.0,1.0,1.2,3.4,7.4,0.4,12.0,92.4,148.5,9.4,15.5,123.0,999.7,999.7,2.7,5.2
2024-05-29 14:50:00+02:00,16.2,16.2,16.4,13.6,84.0,24.3,85.0,142.6,1.0,0.6,3.4,7.4,0.4,12.0,92.4,148.5,4.8,9.7,115.0,999.6,999.6,2.7,5.2
2024-05-29 14:55:00+02:00,16.2,16.2,16.5,13.8,86.0,24.2,85.0,135.8,1.0,1.2,3.6,7.6,0.6,12.2,92.6,148.7,4.7,9.4,125.0,999.6,999.6,2.7,5.2
2024-05-29 15:00:00+02:00,16.1,16.1,16.5,13.9,87.0,24.2,85.0,144.7,1.0,1.2,3.6,7.6,0.6,12.2,92.6,148.7,4.3,8.6,111.0,999.6,999.6,2.7,5.2
2024-05-29 15:05:00+02:00,16.0,16.0,16.4,13.8,87.0,24.1,85.0,78.5,0.0,1.2,3.7,7.7,0.7,12.3,92.7,148.8,4.0,7.2,123.0,999.5,999.5,2.7,5.2
2024-05-29 15:10:00+02:00,15.9,15.9,16.7,14.0,88.0,24.1,85.0,56.4,0.0,3.0,4.1,8.1,1.1,12.7,93.1,149.2,2.4,7.2,109.0,999.4,999.4,2.7,5.2
2024-05-29 15:15:00+02:00,15.8,15.8,16.7,14.3,90.0,24.1,85.0,92.1,0.0,5.4,4.6,8.6,1.6,13.2,93.6,149.7,2.3,4.0,119.0,999.4,999.4,2.7,5.2
2024-05-29 15:20:00+02:00,15.7,15.7,16.7,14.4,92.0,24.0,85.0,129.8,1.0,6.6,5.1,9.1,2.1,13.7,94.1,150.2,2.0,5.0,105.0,999.2,999.2,2.7,5.2
2024-05-29 15:25:00+02:00,15.7,15.7,16.8,14.4,92.0,24.0,85.0,122.3,1.0,5.4,5.3,9.3,2.2,13.9,94.3,150.4,1.0,3.6,124.0,999.2,999.2,2.7,5.2
2024-05-29 15:30:00+02:00,15.6,15.6,16.6,14.4,92.0,23.9,85.0,126.0,1.0,3.6,5.6,9.6,2.4,14.2,94.6,150.7,2.3,5.8,88.0,999.3,999.3,2.7,5.2
2024-05-29 15:35:00+02:00,15.6,15.6,16.5,14.5,93.0,23.8,84.0,173.2,1.0,3.0,5.8,9.8,2.5,14.4,94.8,150.9,2.7,7.9,280.0,999.4,999.4,2.7,5.2
2024-05-29 15:40:00+02:00,15.5,15.5,16.7,14.4,93.0,23.8,84.0,167.2,1.0,3.6,6.0,10.0,2.6,14.6,95.0,151.1,1.4,9.0,98.0,999.5,999.5,2.7,5.2
2024-05-29 15:45:00+02:00,15.4,15.4,15.9,14.3,93.0,23.7,84.0,189.6,1.0,1.8,6.0,10.0,2.6,14.6,95.0,151.1,4.5,7.2,105.0,999.4,999.4,2.7,5.2
2024-05-29 15:50:00+02:00,15.3,15.3,15.9,14.2,93.0,23.7,84.0,190.4,1.0,0.6,6.1,10.1,2.6,14.7,95.1,151.2,4.0,7.9,104.0,999.3,999.3,2.7,5.2
2024-05-29 15:55:00+02:00,15.6,15.6,16.6,14.6,94.0,23.6,84.0,302.6,2.0,1.2,6.2,10.2,2.6,14.8,95.2,151.3,2.3,4.7,118.0,999.5,999.5,2.7,5.2
2024-05-29 16:00:00+02:00,15.8,15.8,16.6,14.7,93.0,23.5,84.0,263.5,2.0,1.2,6.2,10.2,2.6,14.8,95.2,151.3,3.9,11.9,224.0,999.4,999.4,2.7,5.2
2024-05-29 16:05:00+02:00,15.7,15.7,16.2,14.3,91.0,23.4,84.0,204.4,1.0,1.2,6.3,10.3,2.6,14.9,95.3,151.4,4.2,11.2,117.0,999.3,999.3,2.7,5.2
2024-05-29 16:10:00+02:00,15.6,15.6,16.6,14.3,92.0,23.4,84.0,278.5,2.0,0.6,6.3,10.3,2.2,14.9,95.3,151.4,1.9,11.9,128.0,999.1,999.1,2.7,5.2
2024-05-29 16:15:00+02:00,15.8,15.8,16.3,14.5,92.0,23.3,84.0,298.2,2.0,0.0,6.3,10.3,1.6,14.9,95.3,151.4,4.9,9.4,122.0,999.0,999.0,2.7,5.2
2024-05-29 16:20:00+02:00,16.0,16.0,16.3,14.5,91.0,23.3,84.0,588.2,5.0,0.0,6.3,10.3,1.2,14.9,95.3,151.4,5.8,15.5,110.0,999.0,999.0,2.7,5.2
2024-05-29 16:25:00+02:00,16.3,16.3,15.8,14.5,90.0,23.3,84.0,617.9,5.0,0.0,6.3,10.3,0.9,14.9,95.3,151.4,9.7,16.2,126.0,999.0,999.0,2.7,5.2
2024-05-29 16:30:00+02:00,16.6,16.6,16.6,14.8,89.0,23.2,84.0,529.8,4.0,0.0,6.3,10.3,0.7,14.9,95.3,151.4,7.9,14.0,126.0,998.9,998.9,2.7,5.2
2024-05-29 16:35:00+02:00,16.9,16.9,16.5,14.7,87.0,23.2,84.0,440.2,4.0,0.0,6.3,10.3,0.4,14.9,95.3,151.4,10.2,15.5,109.0,998.9,998.9,2.7,5.2
2024-05-29 16:40:00+02:00,17.1,17.1,16.8,14.6,85.0,23.2,84.0,379.2,3.0,0.0,6.3,10.3,0.3,14.9,95.3,151.4,8.9,17.3,118.0,998.8,998.8,2.7,5.2
2024-05-29 16:45:00+02:00,17.7,17.7,18.5,15.1,85.0,23.2,84.0,364.8,3.0,0.0,6.3,10.3,0.3,14.9,95.3,151.4,4.2,13.0,134.0,998.8,998.8,2.7,5.2
2024-05-29 16:50:00+02:00,17.4,17.4,17.7,14.8,84.0,23.2,84.0,177.7,1.0,0.0,6.3,10.3,0.2,14.9,95.3,151.4,6.6,15.5,130.0,998.8,998.8,2.7,5.2
2024-05-29 16:55:00+02:00,17.0,17.0,17.6,14.5,85.0,23.2,84.0,194.9,1.0,0.0,6.3,10.3,0.1,14.9,95.3,151.4,4.1,10.4,132.0,998.8,998.8,2.7,5.2
2024-05-29 17:00:00+02:00,17.1,17.1,17.6,14.6,85.0,23.2,84.0,396.0,3.0,0.0,6.3,10.3,0.1,14.9,95.3,151.4,4.7,11.5,125.0,998.8,998.8,2.7,5.2
2024-05-29 17:05:00+02:00,17.5,17.5,18.6,14.8,84.0,23.2,84.0,256.9,2.0,0.0,6.3,10.3,0.0,14.9,95.3,151.4,2.5,9.7,93.0,998.7,998.7,2.7,5.2
2024-05-29 17:10:00+02:00,17.8,17.8,19.0,15.0,84.0,23.2,85.0,376.2,3.0,0.0,6.3,10.3,0.0,14.9,95.3,151.4,2.7,7.6,123.0,998.7,998.7,2.7,5.2
2024-05-29 17:15:00+02:00,18.2,18.2,18.4,15.0,82.0,23.2,85.0,346.9,3.0,0.0,6.3,10.3,0.0,14.9,95.3,151.4,7.2,14.4,109.0,998.7,998.7,2.7,5.2
2024-05-29 17:20:00+02:00,17.9,17.9,18.7,14.8,82.0,23.2,85.0,330.9,3.0,0.0,6.3,10.3,0.0,14.9,95.3,151.4,3.6,9.4,126.0,998.6,998.6,2.7,5.2
2024-05-29 17:25:00+02:00,17.9,17.9,18.9,14.6,81.0,23.2,85.0,395.4,3.0,0.0,6.3,10.3,0.0,14.9,95.3,151.4,2.8,10.8,161.0,998.5,998.5,2.7,5.2
2024-05-29 17:30:00+02:00,18.2,18.2,19.0,14.9,81.0,23.2,85.0,226.3,2.0,0.0,6.3,10.3,0.0,14.9,95.3,151.4,4.0,10.1,116.0,998.6,998.6,2.7,5.2
2024-05-29 17:35:00+02:00,18.1,18.1,19.0,14.6,80.0,23.2,85.0,175.4,1.0,0.0,6.3,10.3,0.0,14.9,95.3,151.4,3.1,8.3,191.0,998.7,998.7,2.7,5.2
2024-05-29 17:40:00+02:00,18.0,18.0,18.5,14.1,78.0,23.2,85.0,142.8,1.0,0.0,6.3,10.3,0.0,14.9,95.3,151.4,4.2,11.9,147.0,998.5,998.5,2.7,5.2
2024-05-29 17:45:00+02:00,17.7,17.7,18.8,14.2,80.0,23.2,85.0,52.9,0.0,0.0,6.3,10.3,0.0,14.9,95.3,151.4,1.4,11.5,206.0,998.5,998.5,2.7,5.2
2024-05-29 17:50:00+02:00,17.7,17.7,18.5,14.0,79.0,23.2,85.0,32.0,0.0,0.0,6.3,10.3,0.0,14.9,95.3,151.4,2.3,6.1,231.0,998.7,998.7,2.7,5.2
2024-05-29 17:55:00+02:00,17.6,17.6,18.3,13.9,79.0,23.2,85.0,76.9,0.0,0.0,6.3,10.3,0.0,14.9,95.3,151.4,2.6,9.7,254.0,998.7,998.7,2.7,5.2
2024-05-29 18:00:00+02:00,17.4,17.4,18.1,13.3,77.0,23.2,85.0,79.7,0.0,0.0,6.3,10.3,0.0,14.9,95.3,151.4,1.7,9.7,182.0,998.6,998.6,2.7,5.2
2024-05-29 18:05:00+02:00,17.4,17.4,17.5,12.8,75.0,23.2,85.0,121.9,1.0,0.0,6.3,10.3,0.0,14.9,95.3,151.4,4.0,11.9,172.0,998.8,998.8,2.7,5.2
2024-05-29 18:10:00+02:00,17.6,17.6,18.0,12.7,73.0,23.2,85.0,123.5,1.0,0.0,6.3,10.3,0.0,14.9,95.3,151.4,1.8,5.4,268.0,998.6,998.6,2.7,5.2
2024-05-29 18:15:00+02:00,17.6,17.6,17.9,12.5,72.0,23.2,85.0,125.7,1.0,0.0,6.3,10.3,0.0,14.9,95.3,151.4,2.2,7.6,294.0,998.6,998.6,2.7,5.2
2024-05-29 18:20:00+02:00,17.8,17.8,18.5,12.6,72.0,23.2,85.0,150.9,1.0,0.0,6.3,10.3,0.0,14.9,95.3,151.4,0.6,4.0,245.0,998.6,998.6,2.7,5.2
2024-05-29 18:25:00+02:00,18.2,18.2,18.8,12.7,70.0,23.2,85.0,153.2,1.0,0.0,6.3,10.3,0.0,14.9,95.3,151.4,0.6,4.7,163.0,998.6,998.6,2.7,5.2
2024-05-29 18:30:00+02:00,18.1,18.1,18.7,12.8,71.0,23.2,85.0,124.9,1.0,0.0,6.3,10.3,0.0,14.9,95.3,151.4,1.3,7.9,138.0,998.6,998.6,2.7,5.2
2024-05-29 18:35:00+02:00,18.1,18.1,18.4,12.5,70.0,23.2,85.0,104.5,0.0,0.0,6.3,10.3,0.0,14.9,95.3,151.4,2.6,6.8,223.0,998.6,998.6,2.7,5.2
2024-05-29 18:40:00+02:00,18.2,18.2,18.8,12.7,70.0,23.2,85.0,114.3,1.0,0.0,6.3,10.3,0.0,14.9,95.3,151.4,1.2,3.6,205.0,998.6,998.6,2.7,5.2
2024-05-29 18:45:00+02:00,18.3,18.3,19.0,12.7,70.0,23.2,85.0,113.6,1.0,0.0,6.3,10.3,0.0,14.9,95.3,151.4,0.9,4.3,83.0,998.5,998.5,2.7,5.2
2024-05-29 18:50:00+02:00,18.2,18.2,18.1,12.5,70.0,23.2,86.0,108.8,1.0,0.0,6.3,10.3,0.0,14.9,95.3,151.4,4.4,6.5,291.0,998.5,998.5,2.7,5.2
2024-05-29 18:55:00+02:00,18.3,18.3,19.2,12.7,69.0,23.2,86.0,146.6,1.0,0.0,6.3,10.3,0.0,14.9,95.3,151.4,0.0,4.3,157.0,998.4,998.4,2.7,5.2
2024-05-29 19:00:00+02:00,18.5,18.5,19.0,12.4,68.0,23.2,86.0,96.5,0.0,0.0,6.3,10.3,0.0,14.9,95.3,151.4,1.1,6.8,282.0,998.6,998.6,2.7,5.2
2024-05-29 19:05:00+02:00,18.4,18.4,19.0,12.1,67.0,23.2,86.0,111.7,1.0,0.0,6.3,10.3,0.0,14.9,95.3,151.4,0.5,7.2,265.0,998.4,998.4,2.7,5.2
2024-05-29 19:10:00+02:00,18.3,18.3,18.5,12.0,66.0,23.1,86.0,74.7,0.0,0.0,6.3,10.3,0.0,14.9,95.3,151.4,2.7,6.5,263.0,998.4,998.4,2.7,5.2
2024-05-29 19:15:00+02:00,18.3,18.3,18.7,11.8,66.0,23.2,86.0,97.7,0.0,0.0,6.3,10.3,0.0,14.9,95.3,151.4,1.1,6.5,269.0,998.4,998.4,2.7,5.2
2024-05-29 19:20:00+02:00,18.3,18.3,18.7,12.0,67.0,23.2,86.0,77.8,0.0,0.0,6.3,10.3,0.0,14.9,95.3,151.4,0.8,5.8,165.0,998.5,998.5,2.7,5.2
2024-05-29 19:25:00+02:00,18.3,18.3,18.8,11.7,65.0,23.2,86.0,73.6,0.0,0.0,6.3,10.3,0.0,14.9,95.3,151.4,0.0,3.2,182.0,998.5,998.5,2.7,5.2
2024-05-29 19:30:00+02:00,18.3,18.3,18.3,11.3,64.0,23.2,86.0,81.4,0.0,0.0,6.3,10.3,0.0,14.9,95.3,151.4,1.8,5.0,8.0,998.5,998.5,2.7,5.2
2024-05-29 19:35:00+02:00,18.3,18.3,18.9,11.8,66.0,23.2,85.0,71.7,0.0,0.0,6.3,10.3,0.0,14.9,95.3,151.4,0.0,3.6,291.0,998.5,998.5,2.7,5.2
2024-05-29 19:40:00+02:00,18.3,18.3,18.6,11.4,64.0,23.2,86.0,60.0,0.0,0.0,6.3,10.3,0.0,14.9,95.3,151.4,0.6,6.1,252.0,998.5,998.5,2.7,5.2
2024-05-29 19:45:00+02:00,18.2,18.2,18.6,11.8,66.0,23.1,86.0,57.9,0.0,0.0,6.3,10.3,0.0,14.9,95.3,151.4,0.8,6.1,274.0,998.6,998.6,2.7,5.2
2024-05-29 19:50:00+02:00,18.2,18.2,18.7,11.8,66.0,23.1,85.0,50.2,0.0,0.0,6.3,10.3,0.0,14.9,95.3,151.4,0.4,2.9,269.0,998.3,998.3,2.7,5.2
2024-05-29 19:55:00+02:00,18.2,18.2,18.6,11.6,66.0,23.1,86.0,47.5,0.0,0.0,6.3,10.3,0.0,14.9,95.3,151.4,0.0,7.6,289.0,998.4,998.4,2.7,5.2
2024-05-29 20:00:00+02:00,18.1,18.1,18.3,11.6,66.0,23.1,85.0,56.8,0.0,0.0,6.3,10.3,0.0,14.9,95.3,151.4,1.5,6.1,268.0,998.2,998.2,2.7,5.2
2024-05-29 20:05:00+02:00,18.0,18.0,18.5,11.5,66.0,23.1,85.0,45.9,0.0,0.0,6.3,10.3,0.0,14.9,95.3,151.4,0.0,4.7,134.0,998.3,998.3,2.7,5.2
2024-05-29 20:10:00+02:00,17.9,17.9,18.3,12.1,69.0,23.1,85.0,31.1,0.0,0.0,6.3,10.3,0.0,14.9,95.3,151.4,1.1,3.2,113.0,998.3,998.3,2.7,5.2
2024-05-29 20:15:00+02:00,17.7,17.7,18.0,11.7,68.0,23.1,85.0,19.8,0.0,0.0,6.3,10.3,0.0,14.9,95.3,151.4,1.3,3.2,119.0,998.3,998.3,2.7,5.2
2024-05-29 20:20:00+02:00,17.7,17.7,18.0,11.5,67.0,23.0,85.0,18.7,0.0,0.0,6.3,10.3,0.0,14.9,95.3,151.4,1.0,3.2,113.0,998.3,998.3,2.7,5.2
2024-05-29 20:25:00+02:00,17.8,17.8,18.2,11.4,66.0,23.0,85.0,37.8,0.0,0.0,6.3,10.3,0.0,14.9,95.3,151.4,0.0,5.0,210.0,998.3,998.3,2.7,5.2
2024-05-29 20:30:00+02:00,17.8,17.8,18.1,11.4,66.0,23.0,85.0,37.8,0.0,0.0,6.3,10.3,0.0,14.9,95.3,151.4,0.8,4.3,152.0,998.1,998.1,2.7,5.2
2024-05-29 20:35:00+02:00,17.8,17.8,18.2,11.5,67.0,23.0,85.0,28.3,0.0,0.0,6.3,10.3,0.0,14.9,95.3,151.4,0.4,4.3,282.0,998.2,998.2,2.7,5.2
2024-05-29 20:40:00+02:00,17.7,17.7,18.1,11.6,67.0,23.0,85.0,21.7,0.0,0.0,6.3,10.3,0.0,14.9,95.3,151.4,0.7,2.5,251.0,998.1,998.1,2.7,5.2
2024-05-29 20:45:00+02:00,17.5,17.5,18.1,11.9,70.0,22.9,85.0,18.4,0.0,0.0,6.3,10.3,0.0,14.9,95.3,151.4,0.0,2.5,112.0,998.1,998.1,2.7,5.2
2024-05-29 20:50:00+02:00,17.3,17.3,17.9,12.0,71.0,22.9,85.0,16.0,0.0,0.0,6.3,10.3,0.0,14.9,95.3,151.4,0.0,2.5,141.0,998.2,998.2,2.7,5.2
2024-05-29 20:55:00+02:00,16.8,16.8,17.4,11.9,73.0,22.9,85.0,14.9,0.0,0.0,6.3,10.3,0.0,14.9,95.3,151.4,0.0,2.2,297.0,998.2,998.2,2.7,5.2
2024-05-29 21:00:00+02:00,16.7,16.7,17.1,11.7,73.0,22.8,85.0,12.7,0.0,0.0,6.3,10.3,0.0,14.9,95.3,151.4,0.4,2.2,63.0,998.2,998.2,2.7,5.2
2024-05-29 21:05:00+02:00,16.4,16.4,16.9,11.5,73.0,22.8,85.0,11.0,0.0,0.0,6.3,10.3,0.0,14.9,95.3,151.4,0.0,1.8,97.0,998.1,998.1,2.7,5.2
2024-05-29 21:10:00+02:00,16.2,16.2,16.4,11.9,76.0,22.8,84.0,10.1,0.0,0.0,6.3,10.3,0.0,14.9,95.3,151.4,1.5,3.2,112.0,998.2,998.2,2.7,5.2
2024-05-29 21:15:00+02:00,15.8,15.8,16.0,11.8,77.0,22.7,84.0,8.4,0.0,0.0,6.3,10.3,0.0,14.9,95.3,151.4,1.7,3.2,120.0,998.3,998.3,2.7,5.2
2024-05-29 21:20:00+02:00,15.6,15.6,15.8,11.7,78.0,22.7,84.0,6.0,0.0,0.0,6.3,10.3,0.0,14.9,95.3,151.4,1.6,3.2,127.0,998.2,998.2,2.7,5.2
2024-05-29 21:25:00+02:00,15.3,15.3,15.6,12.1,81.0,22.6,84.0,4.1,0.0,0.0,6.3,10.3,0.0,14.9,95.3,151.4,1.9,3.6,124.0,998.3,998.3,2.7,5.2
2024-05-29 21:30:00+02:00,15.2,15.2,15.5,12.2,82.0,22.5,84.0,2.6,0.0,0.0,6.3,10.3,0.0,14.9,95.3,151.4,2.1,3.2,95.0,998.4,998.4,2.7,5.2
2024-05-29 21:35:00+02:00,15.3,15.3,15.7,12.5,83.0,22.5,84.0,2.0,0.0,0.0,6.3,10.3,0.0,14.9,95.3,151.4,1.5,2.9,112.0,998.3,998.3,2.7,5.2
2024-05-29 21:40:00+02:00,15.2,15.2,15.8,12.6,84.0,22.4,84.0,1.3,0.0,0.0,6.3,10.3,0.0,14.9,95.3,151.4,0.8,2.5,139.0,998.3,998.3,2.7,5.2
2024-05-29 21:45:00+02:00,15.2,15.2,16.0,12.8,86.0,22.3,84.0,0.8,0.0,0.0,6.3,10.3,0.0,14.9,95.3,151.4,0.0,2.2,285.0,998.3,998.3,2.7,5.2
2024-05-29 21:50:00+02:00,15.2,15.2,16.1,13.0,87.0,22.3,84.0,0.4,0.0,0.0,6.3,10.3,0.0,14.9,95.3,151.4,0.0,1.8,320.0,998.3,998.3,2.7,5.2
2024-05-29 21:55:00+02:00,15.2,15.2,16.2,13.2,88.0,22.3,84.0,0.2,0.0,0.0,6.3,10.3,0.0,14.9,95.3,151.4,0.0,1.8,281.0,998.4,998.4,2.7,5.2
2024-05-29 22:00:00+02:00,15.1,15.1,16.0,12.9,87.0,22.2,84.0,0.1,0.0,0.0,6.3,10.3,0.0,14.9,95.3,151.4,0.0,2.5,10.0,998.4,998.4,2.7,5.2
2024-05-29 22:05:00+02:00,15.0,15.0,15.8,13.1,88.0,22.2,84.0,0.1,0.0,0.0,6.3,10.3,0.0,14.9,95.3,151.4,1.1,2.5,125.0,998.3,998.3,2.7,5.2
2024-05-29 22:10:00+02:00,14.9,14.9,15.6,13.1,89.0,22.1,84.0,0.0,0.0,0.0,6.3,10.3,0.0,14.9,95.3,151.4,1.3,2.9,132.0,998.3,998.3,2.7,5.2
2024-05-29 22:15:00+02:00,14.8,14.8,15.5,13.2,90.0,22.1,84.0,0.0,0.0,0.0,6.3,10.3,0.0,14.9,95.3,151.4,1.7,4.0,109.0,998.4,998.4,2.7,5.1
2024-05-29 22:20:00+02:00,14.8,14.8,15.3,13.2,90.0,22.0,84.0,0.0,0.0,0.0,6.3,10.3,0.0,14.9,95.3,151.4,2.3,4.0,125.0,998.4,998.4,2.7,5.1
2024-05-29 22:25:00+02:00,14.6,14.6,15.5,13.1,91.0,21.9,84.0,0.0,0.0,0.0,6.3,10.3,0.0,14.9,95.3,151.4,0.0,4.0,107.0,998.5,998.5,2.7,5.1
2024-05-29 22:30:00+02:00,14.3,14.3,15.3,12.9,91.0,21.9,84.0,0.0,0.0,0.0,6.3,10.3,0.0,14.9,95.3,151.4,0.0,1.8,124.0,998.5,998.5,2.7,5.1
2024-05-29 22:35:00+02:00,14.2,14.2,15.0,12.8,91.0,21.8,84.0,0.0,0.0,0.0,6.3,10.3,0.0,14.9,95.3,151.4,0.0,0.0,106.0,998.4,998.4,2.7,5.1
2024-05-29 22:40:00+02:00,14.0,14.0,14.8,12.7,92.0,21.8,84.0,0.0,0.0,0.0,6.3,10.3,0.0,14.9,95.3,151.4,0.4,2.5,101.0,998.4,998.4,2.7,5.1
2024-05-29 22:45:00+02:00,13.9,13.9,14.4,12.9,93.0,21.7,84.0,0.0,0.0,0.0,6.3,10.3,0.0,14.9,95.3,151.4,2.0,2.9,119.0,998.3,998.3,2.7,5.1
2024-05-29 22:50:00+02:00,13.7,13.7,14.4,12.8,94.0,21.7,84.0,0.0,0.0,0.0,6.3,10.3,0.0,14.9,95.3,151.4,0.8,2.5,125.0,998.3,998.3,2.7,5.1
2024-05-29 22:55:00+02:00,13.5,13.5,14.3,12.6,94.0,21.6,84.0,0.0,0.0,0.0,6.3,10.3,0.0,14.9,95.3,151.4,0.0,2.2,125.0,998.3,998.3,2.7,5.1
2024-05-29 23:00:00+02:00,13.3,13.3,14.0,12.3,94.0,21.6,84.0,0.0,0.0,0.0,6.3,10.3,0.0,14.9,95.3,151.4,0.0,2.2,103.0,998.2,998.2,2.7,5.1
2024-05-29 23:05:00+02:00,13.2,13.2,13.8,12.4,95.0,21.5,84.0,0.0,0.0,0.0,6.3,10.3,0.0,14.9,95.3,151.4,0.7,2.5,118.0,998.2,998.2,2.7,5.1
2024-05-29 23:10:00+02:00,13.2,13.2,14.0,12.4,95.0,21.4,84.0,0.0,0.0,0.0,6.3,10.3,0.0,14.9,95.3,151.4,0.0,2.2,282.0,998.1,998.1,2.7,5.1
2024-05-29 23:15:00+02:00,13.2,13.2,14.0,12.5,95.0,21.4,84.0,0.0,0.0,0.0,6.3,10.3,0.0,14.9,95.3,151.4,0.0,2.2,229.0,998.1,998.1,2.7,5.1
2024-05-29 23:20:00+02:00,13.0,13.0,13.3,12.3,96.0,21.3,84.0,0.0,0.0,0.0,6.3,10.3,0.0,14.9,95.3,151.4,1.9,3.2,110.0,998.3,998.3,2.7,5.1
2024-05-29 23:25:00+02:00,13.0,13.0,13.3,12.4,96.0,21.2,83.0,0.0,0.0,0.0,6.3,10.3,0.0,14.9,95.3,151.4,2.7,4.0,104.0,998.1,998.1,2.7,5.1
2024-05-29 23:30:00+02:00,13.0,13.0,13.4,12.4,96.0,21.2,83.0,0.0,0.0,0.0,6.3,10.3,0.0,14.9,95.3,151.4,1.6,3.6,121.0,998.1,998.1,2.7,5.1
2024-05-29 23:35:00+02:00,12.9,12.9,13.6,12.5,97.0,21.1,83.0,0.0,0.0,0.0,6.3,10.3,0.0,14.9,95.3,151.4,0.5,2.5,98.0,998.1,998.1,2.7,5.1
2024-05-29 23:40:00+02:00,12.8,12.8,13.3,12.4,97.0,21.0,83.0,0.0,0.0,0.0,6.3,10.3,0.0,14.9,95.3,151.4,1.5,2.5,107.0,998.1,998.1,2.7,5.1
2024-05-29 23:45:00+02:00,12.8,12.8,13.1,12.3,97.0,20.9,83.0,0.0,0.0,0.0,6.3,10.3,0.0,14.9,95.3,151.4,2.3,3.6,119.0,998.0,998.0,2.7,5.1
2024-05-29 23:50:00+02:00,12.8,12.8,13.1,12.3,97.0,20.8,83.0,0.0,0.0,0.0,6.3,10.3,0.0,14.9,95.3,151.4,2.1,3.6,98.0,997.9,997.9,2.7,5.1
2024-05-29 23:55:00+02:00,12.6,12.6,13.0,12.2,97.0,20.8,83.0,0.0,0.0,0.0,6.3,10.3,0.0,14.9,95.3,151.4,1.4,3.2,112.0,998.1,998.1,2.7,5.1
2024-05-30 00:00:00+02:00,12.6,12.6,13.2,12.1,97.0,20.7,83.0,0.0,0.0,0.0,0.0,10.3,0.0,14.9,95.3,151.4,0.0,2.5,119.0,997.9,997.9,2.7,5.1
2024-05-30 00:05:00+02:00,12.5,12.5,13.1,12.2,98.0,20.6,83.0,0.0,0.0,0.0,0.0,10.3,0.0,14.9,95.3,151.4,0.7,2.5,111.0,998.0,998.0,2.7,5.0
2024-05-30 00:10:00+02:00,12.4,12.4,13.0,12.1,98.0,20.5,83.0,0.0,0.0,0.0,0.0,10.3,0.0,14.9,95.3,151.4,0.4,2.5,97.0,997.9,997.9,2.7,5.0
2024-05-30 00:15:00+02:00,12.5,12.5,12.8,12.2,98.0,20.5,83.0,0.0,0.0,0.0,0.0,10.3,0.0,14.9,95.3,151.4,2.2,3.2,107.0,997.9,997.9,2.7,5.0
2024-05-30 00:20:00+02:00,12.4,12.4,12.5,12.1,98.0,20.4,83.0,0.0,0.0,0.0,0.0,10.3,0.0,14.9,95.3,151.4,2.9,4.3,116.0,997.8,997.8,2.7,5.0
2024-05-30 00:25:00+02:00,12.3,12.3,12.9,12.0,98.0,20.3,83.0,0.0,0.0,0.0,0.0,10.3,0.0,14.9,95.3,151.4,0.4,3.2,124.0,997.8,997.8,2.7,5.0
2024-05-30 00:30:00+02:00,12.3,12.3,13.0,12.0,98.0,20.3,83.0,0.0,0.0,0.0,0.0,10.3,0.0,14.9,95.3,151.4,0.0,2.2,315.0,997.7,997.7,2.7,5.0
2024-05-30 00:35:00+02:00,12.2,12.2,12.8,11.9,98.0,20.2,83.0,0.0,0.0,0.0,0.0,10.3,0.0,14.9,95.3,151.4,0.0,1.8,107.0,997.6,997.6,2.7,5.0
2024-05-30 00:40:00+02:00,12.2,12.2,12.4,11.9,98.0,20.2,83.0,0.0,0.0,0.0,0.0,10.3,0.0,14.9,95.3,151.4,1.5,2.5,121.0,997.6,997.6,2.7,5.0
2024-05-30 00:45:00+02:00,12.2,12.2,12.4,11.9,98.0,20.1,83.0,0.0,0.0,0.0,0.0,10.3,0.0,14.9,95.3,151.4,1.5,2.5,114.0,997.7,997.7,2.7,5.0
2024-05-30 00:50:00+02:00,12.1,12.1,12.1,11.8,98.0,20.0,83.0,0.0,0.0,0.0,0.0,10.3,0.0,14.9,95.3,151.4,3.0,4.7,111.0,997.6,997.6,2.7,5.0
2024-05-30 00:55:00+02:00,12.0,12.0,12.1,11.7,98.0,19.9,83.0,0.0,0.0,0.0,0.0,10.3,0.0,14.9,95.3,151.4,2.1,5.0,117.0,997.7,997.7,2.7,5.0
2024-05-30 01:00:00+02:00,11.9,11.9,12.4,11.6,98.0,19.8,83.0,0.0,0.0,0.0,0.0,10.3,0.0,14.9,95.3,151.4,0.0,1.8,108.0,997.6,997.6,2.7,5.0
2024-05-30 01:05:00+02:00,11.7,11.7,12.2,11.5,98.0,19.8,83.0,0.0,0.0,0.0,0.0,10.3,0.0,14.9,95.3,151.4,0.0,2.2,110.0,997.6,997.6,2.7,5.0
2024-05-30 01:10:00+02:00,11.8,11.8,12.2,11.5,98.0,19.7,83.0,0.0,0.0,0.0,0.0,10.3,0.0,14.9,95.3,151.4,0.4,2.5,98.0,997.6,997.6,2.7,5.0
2024-05-30 01:15:00+02:00,11.8,11.8,12.2,11.5,98.0,19.7,83.0,0.0,0.0,0.0,0.0,10.3,0.0,14.9,95.3,151.4,0.7,2.5,115.0,997.6,997.6,2.7,5.0
2024-05-30 01:20:00+02:00,11.9,11.9,12.4,11.6,98.0,19.6,83.0,0.0,0.0,0.0,0.0,10.3,0.0,14.9,95.3,151.4,0.0,2.5,122.0,997.5,997.5,2.7,5.0
2024-05-30 01:25:00+02:00,11.8,11.8,12.3,11.5,98.0,19.5,83.0,0.0,0.0,0.0,0.0,10.3,0.0,14.9,95.3,151.4,0.0,2.2,128.0,997.4,997.4,2.7,5.0
2024-05-30 01:30:00+02:00,11.8,11.8,12.3,11.6,98.0,19.4,83.0,0.0,0.0,0.0,0.0,10.3,0.0,14.9,95.3,151.4,0.4,2.2,122.0,997.4,997.4,2.7,5.0
2024-05-30 01:35:00+02:00,11.8,11.8,12.3,11.5,98.0,19.4,83.0,0.0,0.0,0.0,0.0,10.3,0.0,14.9,95.3,151.4,0.0,1.8,100.0,997.3,997.3,2.7,5.0
2024-05-30 01:40:00+02:00,11.8,11.8,12.2,11.5,98.0,19.3,83.0,0.0,0.0,0.0,0.0,10.3,0.0,14.9,95.3,151.4,0.0,2.2,119.0,997.2,997.2,2.7,5.0
2024-05-30 01:45:00+02:00,11.7,11.7,12.0,11.5,98.0,19.3,83.0,0.0,0.0,0.0,0.0,10.3,0.0,14.9,95.3,151.4,1.2,2.5,106.0,997.3,997.3,2.7,5.0
2024-05-30 01:50:00+02:00,11.8,11.8,12.1,11.5,98.0,19.2,83.0,0.0,0.0,0.0,0.0,10.3,0.0,14.9,95.3,151.4,0.7,2.5,110.0,997.3,997.3,2.7,5.0
2024-05-30 01:55:00+02:00,11.7,11.7,11.8,11.5,98.0,19.2,83.0,0.0,0.0,0.0,0.0,10.3,0.0,14.9,95.3,151.4,2.0,3.2,121.0,997.3,997.3,2.7,4.9
2024-05-30 02:00:00+02:00,11.7,11.7,12.1,11.4,98.0,19.1,83.0,0.0,0.0,0.0,0.0,10.3,0.0,14.9,95.3,151.4,0.0,2.2,93.0,997.3,997.3,2.7,4.9
2024-05-30 02:05:00+02:00,11.5,11.5,11.8,11.3,98.0,19.1,83.0,0.0,0.0,0.0,0.0,10.3,0.0,14.9,95.3,151.4,0.5,2.5,107.0,997.2,997.2,2.7,4.9
2024-05-30 02:10:00+02:00,11.6,11.6,12.0,11.3,98.0,19.0,83.0,0.0,0.0,0.0,0.0,10.3,0.0,14.9,95.3,151.4,0.0,1.8,93.0,997.1,997.1,2.7,4.9
2024-05-30 02:15:00+02:00,11.5,11.5,11.9,11.3,99.0,19.0,83.0,0.0,0.0,0.0,0.0,10.3,0.0,14.9,95.3,151.4,0.0,1.8,94.0,997.1,997.1,2.7,4.9
2024-05-30 02:20:00+02:00,11.6,11.6,12.1,11.4,99.0,18.9,83.0,0.0,0.0,0.0,0.0,10.3,0.0,14.9,95.3,151.4,0.0,0.0,330.0,996.9,996.9,2.7,4.9
2024-05-30 02:25:00+02:00,11.5,11.5,11.8,11.2,98.0,18.9,83.0,0.0,0.0,0.0,0.0,10.3,0.0,14.9,95.3,151.4,0.0,2.5,105.0,996.9,996.9,2.7,4.9
2024-05-30 02:30:00+02:00,11.5,11.5,11.7,11.3,99.0,18.8,83.0,0.0,0.0,0.0,0.0,10.3,0.0,14.9,95.3,151.4,1.2,3.6,105.0,997.0,997.0,2.7,4.9
2024-05-30 02:35:00+02:00,11.4,11.4,11.6,11.2,99.0,18.8,83.0,0.0,0.0,0.0,0.0,10.3,0.0,14.9,95.3,151.4,0.9,2.5,111.0,996.9,996.9,2.7,4.9
2024-05-30 02:40:00+02:00,11.4,11.4,11.7,11.2,99.0,18.8,83.0,0.0,0.0,0.0,0.0,10.3,0.0,14.9,95.3,151.4,0.4,2.5,108.0,996.9,996.9,2.7,4.9
2024-05-30 02:45:00+02:00,11.3,11.3,11.7,11.1,99.0,18.7,83.0,0.0,0.0,0.0,0.0,10.3,0.0,14.9,95.3,151.4,0.0,1.8,82.0,996.9,996.9,2.7,4.9
2024-05-30 02:50:00+02:00,11.2,11.2,11.5,11.1,99.0,18.7,83.0,0.0,0.0,0.0,0.0,10.3,0.0,14.9,95.3,151.4,0.4,2.2,130.0,996.9,996.9,2.7,4.9
2024-05-30 02:55:00+02:00,11.2,11.2,11.5,11.0,99.0,18.6,83.0,0.0,0.0,0.0,0.0,10.3,0.0,14.9,95.3,151.4,0.0,0.0,84.0,996.8,996.8,2.7,4.9
2024-05-30 03:00:00+02:00,11.5,11.5,12.0,11.4,99.0,18.6,83.0,0.0,0.0,0.0,0.0,10.3,0.0,14.9,95.3,151.4,0.0,0.0,55.0,996.7,996.7,2.7,4.9
2024-05-30 03:05:00+02:00,11.5,11.5,11.9,11.3,99.0,18.6,83.0,0.0,0.0,0.0,0.0,10.3,0.0,14.9,95.3,151.4,0.0,1.8,66.0,996.7,996.7,2.7,4.9
2024-05-30 03:10:00+02:00,11.3,11.3,11.5,11.2,99.0,18.5,83.0,0.0,0.0,0.0,0.0,10.3,0.0,14.9,95.3,151.4,1.3,2.5,111.0,996.7,996.7,2.7,4.9
2024-05-30 03:15:00+02:00,11.4,11.4,11.4,11.2,99.0,18.5,83.0,0.0,0.0,0.0,0.0,10.3,0.0,14.9,95.3,151.4,2.0,3.2,122.0,996.7,996.7,2.7,4.9
2024-05-30 03:20:00+02:00,11.3,11.3,11.3,11.1,99.0,18.5,83.0,0.0,0.0,0.0,0.0,10.3,0.0,14.9,95.3,151.4,2.1,2.9,123.0,996.6,996.6,2.7,4.9
2024-05-30 03:25:00+02:00,11.3,11.3,11.1,11.1,99.0,18.4,83.0,0.0,0.0,0.0,0.0,10.3,0.0,14.9,95.3,151.4,2.6,3.6,112.0,996.8,996.8,2.7,4.9
2024-05-30 03:30:00+02:00,11.2,11.2,11.2,11.0,99.0,18.4,83.0,0.0,0.0,0.0,0.0,10.3,0.0,14.9,95.3,151.4,1.1,2.5,122.0,996.7,996.7,2.7,4.9
2024-05-30 03:35:00+02:00,11.1,11.1,11.3,10.9,99.0,18.3,83.0,0.0,0.0,0.0,0.0,10.3,0.0,14.9,95.3,151.4,0.0,2.2,117.0,996.7,996.7,2.7,4.9
2024-05-30 03:40:00+02:00,11.0,11.0,11.2,10.9,99.0,18.3,83.0,0.0,0.0,0.0,0.0,10.3,0.0,14.9,95.3,151.4,0.5,2.2,238.0,996.7,996.7,2.7,4.9
2024-05-30 03:45:00+02:00,11.0,11.0,11.3,10.8,99.0,18.3,83.0,0.0,0.0,0.0,0.0,10.3,0.0,14.9,95.3,151.4,0.0,0.0,340.0,996.8,996.8,2.7,4.8
2024-05-30 03:50:00+02:00,10.9,10.9,11.1,10.7,99.0,18.3,83.0,0.0,0.0,0.0,0.0,10.3,0.0,14.9,95.3,151.4,0.4,1.8,112.0,996.7,996.7,2.7,4.8
2024-05-30 03:55:00+02:00,10.7,10.7,10.8,10.5,99.0,18.3,83.0,0.0,0.0,0.0,0.0,10.3,0.0,14.9,95.3,151.4,0.4,2.5,120.0,996.7,996.7,2.7,4.8
2024-05-30 04:00:00+02:00,10.7,10.7,10.5,10.5,99.0,18.2,83.0,0.0,0.0,0.0,0.0,10.3,0.0,14.9,95.3,151.4,1.9,3.6,117.0,996.7,996.7,2.7,4.8
2024-05-30 04:05:00+02:00,10.8,10.8,10.3,10.6,99.0,18.2,83.0,0.0,0.0,0.0,0.0,10.3,0.0,14.9,95.3,151.4,3.8,4.7,112.0,996.6,996.6,2.7,4.8
2024-05-30 04:10:00+02:00,10.7,10.7,10.5,10.6,99.0,18.1,83.0,0.0,0.0,0.0,0.0,10.3,0.0,14.9,95.3,151.4,2.4,4.0,107.0,996.5,996.5,2.7,4.8
2024-05-30 04:15:00+02:00,10.7,10.7,10.6,10.5,99.0,18.1,83.0,0.0,0.0,0.0,0.0,10.3,0.0,14.9,95.3,151.4,1.1,2.2,110.0,996.5,996.5,2.7,4.8
2024-05-30 04:20:00+02:00,10.7,10.7,10.4,10.5,99.0,18.1,83.0,0.0,0.0,0.0,0.0,10.3,0.0,14.9,95.3,151.4,1.9,3.6,118.0,996.4,996.4,2.7,4.8
2024-05-30 04:25:00+02:00,10.7,10.7,10.5,10.6,99.0,18.0,83.0,0.0,0.0,0.0,0.0,10.3,0.0,14.9,95.3,151.4,2.2,3.6,106.0,996.4,996.4,2.7,4.8
2024-05-30 04:30:00+02:00,10.7,10.7,10.6,10.6,99.0,18.0,83.0,0.0,0.0,0.0,0.0,10.3,0.0,14.9,95.3,151.4,1.7,3.2,107.0,996.5,996.5,2.7,4.8
2024-05-30 04:35:00+02:00,10.8,10.8,10.6,10.6,99.0,17.9,83.0,0.0,0.0,0.0,0.0,10.3,0.0,14.9,95.3,151.4,2.3,3.6,115.0,996.5,996.5,2.7,4.8
2024-05-30 04:40:00+02:00,10.7,10.7,10.6,10.6,99.0,17.9,83.0,0.0,0.0,0.0,0.0,10.3,0.0,14.9,95.3,151.4,1.6,2.5,120.0,996.5,996.5,2.7,4.8
2024-05-30 04:45:00+02:00,10.8,10.8,10.9,10.6,99.0,17.8,83.0,0.0,0.0,0.0,0.0,10.3,0.0,14.9,95.3,151.4,0.4,2.2,306.0,996.4,996.4,2.7,4.8
2024-05-30 04:50:00+02:00,10.9,10.9,11.2,10.8,99.0,17.8,83.0,0.1,0.0,0.0,0.0,10.3,0.0,14.9,95.3,151.4,0.0,0.0,328.0,996.4,996.4,2.7,4.8
2024-05-30 04:55:00+02:00,10.7,10.7,10.9,10.6,99.0,17.8,83.0,0.2,0.0,0.0,0.0,10.3,0.0,14.9,95.3,151.4,0.4,2.2,106.0,996.5,996.5,2.7,4.8
2024-05-30 05:00:00+02:00,10.7,10.7,10.8,10.5,99.0,17.8,83.0,0.4,0.0,0.0,0.0,10.3,0.0,14.9,95.3,151.4,0.0,0.0,103.0,996.4,996.4,2.7,4.8
2024-05-30 05:05:00+02:00,10.7,10.7,10.9,10.6,99.0,17.7,83.0,0.7,0.0,0.0,0.0,10.3,0.0,14.9,95.3,151.4,0.0,0.0,62.0,996.3,996.3,2.7,4.8
2024-05-30 05:10:00+02:00,10.7,10.7,10.9,10.5,99.0,17.7,83.0,1.2,0.0,0.0,0.0,10.3,0.0,14.9,95.3,151.4,0.0,1.8,299.0,996.3,996.3,2.7,4.8
2024-05-30 05:15:00+02:00,10.6,10.6,10.8,10.4,99.0,17.7,83.0,1.9,0.0,0.0,0.0,10.3,0.0,14.9,95.3,151.4,0.0,0.0,297.0,996.3,996.3,2.7,4.8
2024-05-30 05:20:00+02:00,10.5,10.5,10.6,10.4,99.0,17.6,83.0,2.7,0.0,0.0,0.0,10.3,0.0,14.9,95.3,151.4,0.4,2.5,105.0,996.3,996.3,2.7,4.8
2024-05-30 05:25:00+02:00,10.5,10.5,10.3,10.3,99.0,17.6,83.0,3.7,0.0,0.0,0.0,10.3,0.0,14.9,95.3,151.4,1.7,2.9,116.0,996.2,996.2,2.7,4.7
2024-05-30 05:30:00+02:00,10.5,10.5,10.3,10.3,99.0,17.6,83.0,4.9,0.0,0.0,0.0,10.3,0.0,14.9,95.3,151.4,1.6,2.5,111.0,996.2,996.2,2.7,4.7
2024-05-30 05:35:00+02:00,10.4,10.4,10.1,10.2,99.0,17.5,83.0,6.5,0.0,0.0,0.0,10.3,0.0,14.9,95.3,151.4,2.3,2.9,109.0,996.0,996.0,2.7,4.7
2024-05-30 05:40:00+02:00,10.4,10.4,10.0,10.2,99.0,17.5,83.0,8.0,0.0,0.0,0.0,10.3,0.0,14.9,95.3,151.4,2.7,4.0,108.0,996.1,996.1,2.7,4.7
2024-05-30 05:45:00+02:00,10.3,10.3,10.2,10.2,99.0,17.4,83.0,9.9,0.0,0.0,0.0,10.3,0.0,14.9,95.3,151.4,1.5,2.9,109.0,996.1,996.1,2.7,4.7
2024-05-30 05:50:00+02:00,10.2,10.2,10.3,10.1,99.0,17.3,83.0,12.2,0.0,0.0,0.0,10.3,0.0,14.9,95.3,151.4,0.0,2.5,120.0,996.1,996.1,2.7,4.7
2024-05-30 05:55:00+02:00,10.2,10.2,10.2,10.0,99.0,17.3,83.0,14.8,0.0,0.0,0.0,10.3,0.0,14.9,95.3,151.4,0.0,2.5,130.0,996.2,996.2,2.7,4.7
2024-05-30 06:00:00+02:00,10.1,10.1,10.1,9.9,99.0,17.2,83.0,17.9,0.0,0.0,0.0,10.3,0.0,14.9,95.3,151.4,0.0,2.5,118.0,996.0,996.0,2.7,4.7
2024-05-30 06:05:00+02:00,10.3,10.3,10.3,10.1,99.0,17.2,83.0,19.3,0.0,0.0,0.0,10.3,0.0,14.9,95.3,151.4,0.0,1.8,107.0,996.0,996.0,2.7,4.7
2024-05-30 06:10:00+02:00,10.3,10.3,10.0,10.1,99.0,17.2,83.0,22.7,0.0,0.0,0.0,10.3,0.0,14.9,95.3,151.4,2.0,3.6,105.0,996.1,996.1,2.7,4.7
2024-05-30 06:15:00+02:00,10.4,10.4,10.4,10.2,99.0,17.2,83.0,24.6,0.0,0.0,0.0,10.3,0.0,14.9,95.3,151.4,0.7,3.2,112.0,996.1,996.1,2.7,4.7
2024-05-30 06:20:00+02:00,10.3,10.3,10.4,10.1,99.0,17.2,83.0,27.6,0.0,0.0,0.0,10.3,0.0,14.9,95.3,151.4,0.0,2.2,106.0,996.2,996.2,2.7,4.7
2024-05-30 06:25:00+02:00,10.4,10.4,10.5,10.2,99.0,17.1,83.0,29.4,0.0,0.0,0.0,10.3,0.0,14.9,95.3,151.4,0.0,1.8,111.0,996.2,996.2,2.7,4.7
2024-05-30 06:30:00+02:00,10.6,10.6,10.8,10.4,99.0,17.1,83.0,36.9,0.0,0.0,0.0,10.3,0.0,14.9,95.3,151.4,0.0,0.0,129.0,996.2,996.2,2.7,4.7
2024-05-30 06:45:00+02:00,11.2,11.2,11.4,11.1,99.0,17.2,84.0,47.6,0.0,0.0,0.0,10.3,0.0,14.9,95.3,151.4,0.8,2.9,107.0,996.1,996.1,2.7,4.7
2024-05-30 06:50:00+02:00,11.8,11.8,12.3,11.6,99.0,17.2,84.0,52.0,0.0,0.0,0.0,10.3,0.0,14.9,95.3,151.4,0.0,1.8,104.0,996.2,996.2,2.7,4.7
2024-05-30 06:55:00+02:00,12.2,12.2,12.7,12.0,99.0,17.3,85.0,48.0,0.0,0.0,0.0,10.3,0.0,14.9,95.3,151.4,0.8,2.5,84.0,996.2,996.2,2.7,4.8
2024-05-30 07:00:00+02:00,11.8,11.8,12.0,11.6,99.0,17.5,86.0,52.9,0.0,0.0,0.0,10.3,0.0,14.9,95.3,151.4,1.6,2.9,135.0,996.3,996.3,2.7,4.8
2024-05-30 07:05:00+02:00,11.8,11.8,12.3,11.7,99.0,17.5,86.0,57.1,0.0,0.0,0.0,10.3,0.0,14.9,95.3,151.4,0.4,2.9,128.0,996.3,996.3,2.7,4.8
2024-05-30 07:10:00+02:00,12.1,12.1,12.7,11.9,99.0,17.6,86.0,66.5,0.0,0.0,0.0,10.3,0.0,14.9,95.3,151.4,0.0,0.0,95.0,996.3,996.3,2.7,4.8
2024-05-30 07:15:00+02:00,12.3,12.3,12.9,12.1,99.0,17.6,85.0,75.7,0.0,0.0,0.0,10.3,0.0,14.9,95.3,151.4,0.4,2.2,55.0,996.4,996.4,2.7,4.8
2024-05-30 07:20:00+02:00,12.6,12.6,13.4,12.5,99.0,17.7,85.0,79.7,0.0,0.0,0.0,10.3,0.0,14.9,95.3,151.4,0.0,2.2,73.0,996.2,996.2,2.7,4.8
2024-05-30 07:25:00+02:00,12.8,12.8,13.6,12.6,99.0,17.7,86.0,79.2,0.0,0.0,0.0,10.3,0.0,14.9,95.3,151.4,0.4,2.5,162.0,996.3,996.3,2.7,4.8
2024-05-30 07:30:00+02:00,13.0,13.0,13.7,12.8,99.0,17.8,86.0,78.9,0.0,0.0,0.0,10.3,0.0,14.9,95.3,151.4,0.9,3.2,118.0,996.4,996.4,2.7,4.8
2024-05-30 07:35:00+02:00,13.2,13.2,13.9,13.0,99.0,17.8,86.0,75.5,0.0,0.0,0.0,10.3,0.0,14.9,95.3,151.4,0.7,4.3,162.0,996.4,996.4,2.7,4.8
2024-05-30 07:40:00+02:00,13.3,13.3,14.1,13.1,99.0,17.9,86.0,81.5,0.0,0.0,0.0,10.3,0.0,14.9,95.3,151.4,0.8,3.2,106.0,996.4,996.4,2.7,4.8
2024-05-30 07:45:00+02:00,13.3,13.3,13.8,13.1,99.0,17.9,86.0,78.8,0.0,0.0,0.0,10.3,0.0,14.9,95.3,151.4,2.2,4.7,145.0,996.3,996.3,2.7,4.9
2024-05-30 07:50:00+02:00,13.3,13.3,14.0,13.1,99.0,18.0,86.0,79.2,0.0,0.0,0.0,10.3,0.0,14.9,95.3,151.4,1.3,4.7,278.0,996.3,996.3,2.7,4.9
2024-05-30 07:55:00+02:00,13.4,13.4,14.3,13.3,99.0,18.0,86.0,77.7,0.0,0.0,0.0,10.3,0.0,14.9,95.3,151.4,0.7,4.3,116.0,996.4,996.4,2.7,4.9
2024-05-30 08:00:00+02:00,13.6,13.6,14.5,13.4,99.0,18.1,86.0,82.8,0.0,0.0,0.0,10.3,0.0,14.9,95.3,151.4,0.9,4.7,146.0,996.4,996.4,2.7,4.9
2024-05-30 08:05:00+02:00,13.6,13.6,14.5,13.4,99.0,18.2,86.0,80.4,0.0,0.0,0.0,10.3,0.0,14.9,95.3,151.4,1.0,4.3,349.0,996.3,996.3,2.7,4.9
2024-05-30 08:10:00+02:00,13.7,13.7,14.6,13.4,98.0,18.2,86.0,76.6,0.0,0.0,0.0,10.3,0.0,14.9,95.3,151.4,0.7,4.3,39.0,996.4,996.4,2.7,4.9
2024-05-30 08:15:00+02:00,13.8,13.8,14.4,13.4,98.0,18.3,86.0,81.6,0.0,0.0,0.0,10.3,0.0,14.9,95.3,151.4,2.5,4.7,282.0,996.4,996.4,2.7,4.9
2024-05-30 08:20:00+02:00,13.8,13.8,14.6,13.4,97.0,18.3,86.0,190.9,1.0,0.0,0.0,10.3,0.0,14.9,95.3,151.4,1.8,5.0,304.0,996.4,996.4,2.7,4.9
2024-05-30 08:25:00+02:00,14.2,14.2,14.8,13.7,96.0,18.4,86.0,217.4,2.0,0.0,0.0,10.3,0.0,14.9,95.3,151.4,3.0,9.4,263.0,996.5,996.5,2.7,5.0
2024-05-30 08:30:00+02:00,14.3,14.3,15.2,13.4,94.0,18.5,86.0,238.0,2.0,0.0,0.0,10.3,0.0,14.9,95.3,151.4,1.3,9.4,66.0,996.5,996.5,2.7,5.0
2024-05-30 08:35:00+02:00,14.8,14.8,15.6,13.5,92.0,18.5,86.0,287.4,2.0,0.0,0.0,10.3,0.0,14.9,95.3,151.4,1.5,6.1,338.0,996.4,996.4,2.7,5.0
2024-05-30 08:40:00+02:00,15.5,15.5,16.6,14.2,92.0,18.6,86.0,293.9,2.0,0.0,0.0,10.3,0.0,14.9,95.3,151.4,1.4,3.2,102.0,996.4,996.4,2.7,5.0
2024-05-30 08:45:00+02:00,15.8,15.8,16.5,14.1,90.0,18.7,86.0,278.6,2.0,0.0,0.0,10.3,0.0,14.9,95.3,151.4,2.8,5.4,120.0,996.5,996.5,2.7,5.1
2024-05-30 08:50:00+02:00,15.8,15.8,16.5,13.9,88.0,18.8,86.0,268.0,2.0,0.0,0.0,10.3,0.0,14.9,95.3,151.4,2.7,8.3,322.0,996.5,996.5,2.7,5.1
2024-05-30 08:55:00+02:00,16.3,16.3,16.8,13.7,85.0,19.0,86.0,250.5,2.0,0.0,0.0,10.3,0.0,14.9,95.3,151.4,3.2,6.1,103.0,996.5,996.5,2.7,5.2
2024-05-30 09:00:00+02:00,16.3,16.3,16.9,13.4,83.0,19.2,86.0,268.2,2.0,0.0,0.0,10.3,0.0,14.9,95.3,151.4,2.4,5.0,117.0,996.4,996.4,2.7,5.2
2024-05-30 09:05:00+02:00,16.5,16.5,17.3,13.0,80.0,19.3,85.0,286.4,2.0,0.0,0.0,10.3,0.0,14.9,95.3,151.4,1.2,5.4,354.0,996.5,996.5,2.7,5.2
2024-05-30 09:10:00+02:00,16.8,16.8,17.2,13.0,78.0,19.6,85.0,322.5,2.0,0.0,0.0,10.3,0.0,14.9,95.3,151.4,2.4,5.0,0.0,996.5,996.5,2.7,5.2
2024-05-30 09:15:00+02:00,17.0,17.0,17.6,13.3,79.0,19.8,85.0,338.0,3.0,0.0,0.0,10.3,0.0,14.9,95.3,151.4,2.4,7.6,20.0,996.6,996.6,2.7,5.2
2024-05-30 09:20:00+02:00,17.1,17.1,17.5,13.2,78.0,20.0,86.0,328.3,3.0,0.0,0.0,10.3,0.0,14.9,95.3,151.4,3.3,7.9,9.0,996.6,996.6,2.7,5.2
2024-05-30 09:25:00+02:00,18.1,18.1,18.9,13.4,74.0,20.2,86.0,321.2,2.0,0.0,0.0,10.3,0.0,14.9,95.3,151.4,1.6,5.4,269.0,996.6,996.6,2.7,5.2
2024-05-30 09:30:00+02:00,18.0,18.0,18.3,13.0,72.0,20.5,85.0,320.1,2.0,0.0,0.0,10.3,0.0,14.9,95.3,151.4,3.2,9.0,302.0,996.5,996.5,2.7,5.2
2024-05-30 09:35:00+02:00,17.0,17.0,17.0,12.4,74.0,20.7,85.0,370.2,3.0,0.0,0.0,10.3,0.0,14.9,95.3,151.4,4.0,6.1,351.0,996.6,996.6,2.7,5.2
2024-05-30 09:40:00+02:00,17.0,17.0,17.0,12.2,73.0,20.9,85.0,383.7,3.0,0.0,0.0,10.3,0.0,14.9,95.3,151.4,3.5,7.6,322.0,996.5,996.5,2.7,5.2
2024-05-30 09:45:00+02:00,17.7,17.7,18.1,12.4,71.0,21.2,85.0,377.3,3.0,0.0,0.0,10.3,0.0,14.9,95.3,151.4,2.0,5.4,260.0,996.5,996.5,2.7,5.2
2024-05-30 09:50:00+02:00,18.4,18.4,19.0,12.3,67.0,21.3,85.0,389.1,3.0,0.0,0.0,10.3,0.0,14.9,95.3,151.4,0.9,3.2,37.0,996.5,996.5,2.7,5.2
2024-05-30 09:55:00+02:00,18.4,18.4,18.3,12.2,67.0,21.5,84.0,374.7,3.0,0.0,0.0,10.3,0.0,14.9,95.3,151.4,3.9,7.9,289.0,996.5,996.5,2.7,5.3
2024-05-30 10:00:00+02:00,17.6,17.6,17.8,11.9,69.0,21.7,84.0,422.3,3.0,0.0,0.0,10.3,0.0,14.9,95.3,151.4,2.2,7.2,353.0,996.4,996.4,2.7,5.3
2024-05-30 10:05:00+02:00,18.2,18.2,17.7,11.9,67.0,21.9,84.0,422.7,3.0,0.0,0.0,10.3,0.0,14.9,95.3,151.4,5.2,10.8,333.0,996.3,996.3,2.7,5.3
2024-05-30 10:10:00+02:00,18.0,18.0,17.9,11.8,67.0,22.2,84.0,348.4,3.0,0.0,0.0,10.3,0.0,14.9,95.3,151.4,3.2,6.8,288.0,996.4,996.4,2.7,5.3
2024-05-30 10:15:00+02:00,18.4,18.4,18.9,11.7,65.0,22.4,84.0,446.0,4.0,0.0,0.0,10.3,0.0,14.9,95.3,151.4,0.4,4.7,285.0,996.4,996.4,2.7,5.3
2024-05-30 10:20:00+02:00,18.7,18.7,18.8,11.5,63.0,22.5,83.0,469.1,4.0,0.0,0.0,10.3,0.0,14.9,95.3,151.4,1.7,5.8,21.0,996.3,996.3,2.7,5.3
2024-05-30 10:25:00+02:00,19.3,19.3,19.2,11.7,61.0,22.7,83.0,475.7,4.0,0.0,0.0,10.3,0.0,14.9,95.3,151.4,3.5,7.2,255.0,996.2,996.2,2.7,5.3
2024-05-30 10:30:00+02:00,19.7,19.7,19.8,11.9,61.0,22.9,83.0,489.3,4.0,0.0,0.0,10.3,0.0,14.9,95.3,151.4,2.1,7.2,333.0,996.2,996.2,2.7,5.3
2024-05-30 10:35:00+02:00,19.6,19.6,19.1,11.2,58.0,23.2,83.0,499.2,4.0,0.0,0.0,10.3,0.0,14.9,95.3,151.4,4.6,9.0,316.0,996.1,996.1,2.7,5.3
2024-05-30 10:40:00+02:00,18.6,18.6,17.4,10.9,61.0,23.4,82.0,400.5,3.0,0.0,0.0,10.3,0.0,14.9,95.3,151.4,7.3,14.0,300.0,996.2,996.2,2.7,5.3
2024-05-30 10:45:00+02:00,18.4,18.4,18.3,10.8,61.0,23.5,82.0,512.9,4.0,0.0,0.0,10.3,0.0,14.9,95.3,151.4,2.0,7.9,25.0,996.1,996.1,2.7,5.3
2024-05-30 10:50:00+02:00,19.3,19.3,18.5,11.1,59.0,23.7,82.0,549.0,5.0,0.0,0.0,10.3,0.0,14.9,95.3,151.4,5.8,11.2,287.0,996.0,996.0,2.7,5.3
2024-05-30 10:55:00+02:00,19.8,19.8,19.9,11.1,57.0,23.8,82.0,575.0,5.0,0.0,0.0,10.3,0.0,14.9,95.3,151.4,1.4,7.2,332.0,995.9,995.9,2.7,5.3
2024-05-30 11:00:00+02:00,19.9,19.9,19.5,11.0,57.0,24.0,82.0,567.4,5.0,0.0,0.0,10.3,0.0,14.9,95.3,151.4,3.7,9.7,294.0,995.9,995.9,2.7,5.3
2024-05-30 11:05:00+02:00,19.9,19.9,18.7,10.3,54.0,24.2,82.0,569.6,5.0,0.0,0.0,10.3,0.0,14.9,95.3,151.4,6.9,11.2,267.0,995.9,995.9,2.7,5.3
2024-05-30 11:10:00+02:00,20.7,20.7,20.1,10.0,50.0,24.4,82.0,589.0,5.0,0.0,0.0,10.3,0.0,14.9,95.3,151.4,3.0,11.2,254.0,996.0,996.0,2.7,5.3
2024-05-30 11:15:00+02:00,21.6,21.6,21.2,10.5,49.0,24.6,82.0,620.9,5.0,0.0,0.0,10.3,0.0,14.9,95.3,151.4,2.6,7.2,291.0,996.0,996.0,2.7,5.3
2024-05-30 11:20:00+02:00,22.2,22.2,21.6,10.5,47.0,24.8,82.0,633.5,5.0,0.0,0.0,10.3,0.0,14.9,95.3,151.4,4.0,14.0,248.0,995.9,995.9,2.7,5.3
2024-05-30 11:25:00+02:00,21.7,21.7,21.1,11.3,52.0,25.0,81.0,342.8,3.0,0.0,0.0,10.3,0.0,14.9,95.3,151.4,5.0,12.6,251.0,995.9,995.9,2.7,5.3
2024-05-30 11:30:00+02:00,20.4,20.4,20.1,11.7,57.0,25.3,81.0,630.9,5.0,0.0,0.0,10.3,0.0,14.9,95.3,151.4,4.1,17.3,287.0,995.9,995.9,2.7,5.3
2024-05-30 11:35:00+02:00,20.9,20.9,20.1,12.3,58.0,25.5,81.0,637.2,5.0,0.0,0.0,10.3,0.0,14.9,95.3,151.4,7.7,15.5,270.0,995.9,995.9,2.7,5.3
2024-05-30 11:40:00+02:00,20.3,20.3,19.5,12.2,59.0,25.7,81.0,541.5,5.0,0.0,0.0,10.3,0.0,14.9,95.3,151.4,7.8,17.6,271.0,996.0,996.0,2.7,5.3
2024-05-30 11:45:00+02:00,19.1,19.1,18.1,11.6,62.0,25.8,80.0,602.7,5.0,0.0,0.0,10.3,0.0,14.9,95.3,151.4,7.4,15.8,284.0,996.0,996.0,2.7,5.3
2024-05-30 11:50:00+02:00,19.3,19.3,19.0,11.3,60.0,26.0,80.0,562.6,5.0,0.0,0.0,10.3,0.0,14.9,95.3,151.4,3.6,8.3,270.0,996.0,996.0,2.7,5.3
2024-05-30 11:55:00+02:00,21.1,21.1,20.9,11.4,54.0,26.2,81.0,574.2,5.0,0.0,0.0,10.3,0.0,14.9,95.3,151.4,3.0,10.1,249.0,996.0,996.0,2.7,5.3
2024-05-30 12:00:00+02:00,20.1,20.1,19.5,11.1,56.0,26.3,80.0,585.1,5.0,0.0,0.0,10.3,0.0,14.9,95.3,151.4,5.0,15.1,289.0,995.9,995.9,2.7,5.3
2024-05-30 12:05:00+02:00,20.3,20.3,19.5,10.6,53.0,26.5,80.0,586.1,5.0,0.0,0.0,10.3,0.0,14.9,95.3,151.4,5.1,16.2,292.0,995.9,995.9,2.7,5.3
2024-05-30 12:10:00+02:00,20.7,20.7,20.3,10.8,53.0,26.6,80.0,590.5,5.0,0.0,0.0,10.3,0.0,14.9,95.3,151.4,3.2,8.3,287.0,995.9,995.9,2.7,5.3
2024-05-30 12:15:00+02:00,20.9,20.9,20.0,10.8,52.0,26.8,80.0,607.7,5.0,0.0,0.0,10.3,0.0,14.9,95.3,151.4,5.8,11.5,283.0,995.9,995.9,2.7,5.3
2024-05-30 12:20:00+02:00,20.8,20.8,19.2,10.0,50.0,27.0,80.0,612.5,5.0,0.0,0.0,10.3,0.0,14.9,95.3,151.4,8.0,18.0,276.0,995.9,995.9,2.7,5.3
2024-05-30 12:25:00+02:00,21.2,21.2,20.3,9.4,47.0,27.1,80.0,629.2,5.0,0.0,0.0,10.3,0.0,14.9,95.3,151.4,4.2,12.2,4.0,995.9,995.9,2.7,5.3
2024-05-30 12:30:00+02:00,21.2,21.2,20.6,10.3,50.0,27.3,79.0,645.8,6.0,0.0,0.0,10.3,0.0,14.9,95.3,151.4,3.3,13.7,259.0,995.9,995.9,2.7,5.3
2024-05-30 12:35:00+02:00,21.3,21.3,20.1,10.3,50.0,27.5,79.0,447.7,4.0,0.0,0.0,10.3,0.0,14.9,95.3,151.4,6.7,15.5,297.0,996.1,996.1,2.7,5.3
2024-05-30 12:40:00+02:00,19.8,19.8,18.3,8.9,49.0,27.7,79.0,652.4,6.0,0.0,0.0,10.3,0.0,14.9,95.3,151.4,6.4,13.0,310.0,995.9,995.9,2.7,5.3
2024-05-30 12:45:00+02:00,21.2,21.2,20.6,9.3,47.0,27.8,79.0,634.6,5.0,0.0,0.0,10.3,0.0,14.9,95.3,151.4,2.2,8.6,243.0,995.8,995.8,2.7,5.3
2024-05-30 12:50:00+02:00,21.5,21.5,20.5,8.9,45.0,27.9,79.0,662.9,6.0,0.0,0.0,10.3,0.0,14.9,95.3,151.4,3.8,9.0,17.0,995.8,995.8,2.7,5.3
2024-05-30 12:55:00+02:00,21.2,21.2,20.0,8.3,43.0,28.0,79.0,496.9,4.0,0.0,0.0,10.3,0.0,14.9,95.3,151.4,4.2,12.6,295.0,995.9,995.9,2.7,5.3
2024-05-30 13:00:00+02:00,21.0,21.0,19.9,8.3,44.0,28.1,79.0,697.5,6.0,0.0,0.0,10.3,0.0,14.9,95.3,151.4,3.6,5.8,74.0,995.7,995.7,2.7,5.3
2024-05-30 13:05:00+02:00,21.4,21.4,20.7,9.1,45.0,28.2,78.0,717.6,6.0,0.0,0.0,10.3,0.0,14.9,95.3,151.4,2.8,5.8,45.0,995.8,995.8,2.7,5.3
2024-05-30 13:10:00+02:00,21.8,21.8,21.2,9.7,46.0,28.3,79.0,261.8,2.0,0.0,0.0,10.3,0.0,14.9,95.3,151.4,2.7,14.4,33.0,995.7,995.7,2.7,5.3
2024-05-30 13:15:00+02:00,20.4,20.4,19.7,9.7,50.0,28.3,79.0,165.0,1.0,0.0,0.0,10.3,0.0,14.9,95.3,151.4,3.4,9.4,296.0,995.6,995.6,2.7,5.3
2024-05-30 13:20:00+02:00,20.9,20.9,20.7,10.6,52.0,28.3,79.0,86.1,0.0,0.0,0.0,10.3,0.0,14.9,95.3,151.4,2.2,5.0,212.0,995.8,995.8,2.7,5.3
2024-05-30 13:25:00+02:00,20.0,20.0,19.4,11.7,59.0,28.3,79.0,45.3,0.0,0.6,0.1,10.4,0.1,15.0,95.4,151.5,5.8,13.0,282.0,995.8,995.8,2.7,5.3
2024-05-30 13:30:00+02:00,18.8,18.8,18.9,11.9,64.0,28.3,79.0,35.4,0.0,0.6,0.1,10.4,0.1,15.0,95.4,151.5,2.8,9.7,244.0,995.9,995.9,2.7,5.3
2024-05-30 13:35:00+02:00,18.4,18.4,18.1,11.6,64.0,28.2,79.0,50.0,0.0,0.6,0.1,10.4,0.1,15.0,95.4,151.5,4.0,7.6,250.0,995.8,995.8,2.7,5.3
2024-05-30 13:40:00+02:00,18.0,18.0,18.0,12.2,69.0,28.2,79.0,58.2,0.0,1.2,0.3,10.6,0.3,15.2,95.6,151.7,3.6,7.6,266.0,995.8,995.8,2.7,5.3
2024-05-30 13:45:00+02:00,17.4,17.4,16.8,12.4,73.0,28.2,79.0,62.8,0.0,1.2,0.3,10.6,0.3,15.2,95.6,151.7,6.5,9.7,297.0,996.0,996.0,2.7,5.2
2024-05-30 13:50:00+02:00,16.6,16.6,16.1,12.3,76.0,28.0,79.0,69.4,0.0,1.2,0.3,10.6,0.3,15.2,95.6,151.7,6.3,11.9,315.0,995.9,995.9,2.7,5.2
2024-05-30 13:55:00+02:00,16.3,16.3,16.4,12.6,79.0,27.9,79.0,75.8,0.0,4.2,1.0,11.3,1.0,15.9,96.3,152.4,3.7,9.0,322.0,996.2,996.2,2.7,5.2
2024-05-30 14:00:00+02:00,16.0,16.0,16.2,13.1,83.0,27.8,79.0,96.3,0.0,6.0,1.4,11.7,1.4,16.3,96.7,152.8,4.0,7.9,12.0,996.0,996.0,2.7,5.2
2024-05-30 14:05:00+02:00,16.0,16.0,16.5,13.1,83.0,27.7,79.0,126.1,1.0,5.4,1.4,11.7,1.4,16.3,96.7,152.8,2.3,6.8,6.0,996.0,996.0,2.7,5.2
2024-05-30 14:10:00+02:00,16.1,16.1,16.8,13.3,83.0,27.6,79.0,186.3,1.0,1.2,1.4,11.7,1.4,16.3,96.7,152.8,1.3,4.3,312.0,996.0,996.0,2.7,5.2
2024-05-30 14:15:00+02:00,16.4,16.4,17.1,13.8,84.0,27.4,79.0,401.3,3.0,0.0,1.4,11.7,1.4,16.3,96.7,152.8,2.4,5.8,100.0,995.9,995.9,2.7,5.2
2024-05-30 14:20:00+02:00,17.0,17.0,17.7,13.8,82.0,27.2,79.0,472.3,4.0,0.0,1.4,11.7,1.4,16.3,96.7,152.8,2.1,5.4,132.0,996.0,996.0,2.7,5.2
2024-05-30 14:25:00+02:00,17.7,17.7,17.7,13.5,76.0,27.2,79.0,389.7,3.0,0.0,1.4,11.7,1.3,16.3,96.7,152.8,5.5,17.3,279.0,995.9,995.9,2.7,5.2
2024-05-30 14:30:00+02:00,17.7,17.7,17.6,12.8,73.0,27.0,79.0,231.6,2.0,0.0,1.4,11.7,1.3,16.3,96.7,152.8,5.0,11.2,270.0,996.0,996.0,2.7,5.2
2024-05-30 14:35:00+02:00,17.3,17.3,17.3,13.0,75.0,26.9,80.0,150.8,1.0,0.0,1.4,11.7,1.3,16.3,96.7,152.8,5.1,13.0,302.0,996.1,996.1,2.7,5.2
2024-05-30 14:40:00+02:00,16.9,16.9,16.7,13.1,78.0,26.8,80.0,161.0,1.0,0.0,1.4,11.7,1.1,16.3,96.7,152.8,6.1,10.8,300.0,996.1,996.1,2.7,5.2
2024-05-30 14:45:00+02:00,16.7,16.7,16.7,13.3,81.0,26.7,80.0,183.1,1.0,0.0,1.4,11.7,1.1,16.3,96.7,152.8,5.2,9.4,291.0,996.2,996.2,2.7,5.2
2024-05-30 14:50:00+02:00,16.7,16.7,16.8,13.0,79.0,26.7,80.0,563.3,5.0,0.0,1.4,11.7,0.9,16.3,96.7,152.8,4.4,9.4,291.0,996.1,996.1,2.7,5.2
2024-05-30 14:55:00+02:00,17.4,17.4,17.3,13.5,77.0,26.7,80.0,884.0,8.0,0.0,1.4,11.7,0.3,16.3,96.7,152.8,6.1,13.7,291.0,996.1,996.1,2.7,5.2
2024-05-30 15:00:00+02:00,17.9,17.9,17.8,13.3,75.0,26.7,80.0,788.3,7.0,0.0,1.4,11.7,0.0,16.3,96.7,152.8,5.9,13.0,270.0,996.1,996.1,2.7,5.2
2024-05-30 15:05:00+02:00,18.3,18.3,18.4,13.9,75.0,26.7,80.0,523.3,4.0,0.0,1.4,11.7,0.0,16.3,96.7,152.8,5.8,10.4,291.0,996.0,996.0,2.7,5.2
2024-05-30 15:10:00+02:00,18.1,18.1,18.0,13.7,75.0,26.6,80.0,237.4,2.0,0.0,1.4,11.7,0.0,16.3,96.7,152.8,6.5,9.0,284.0,995.9,995.9,2.7,5.2
2024-05-30 15:15:00+02:00,17.9,17.9,17.4,13.6,76.0,26.6,80.0,550.3,5.0,0.0,1.4,11.7,0.0,16.3,96.7,152.8,8.1,14.0,304.0,995.9,995.9,2.7,5.2
2024-05-30 15:20:00+02:00,18.0,18.0,18.2,13.5,75.0,26.7,80.0,495.2,4.0,0.0,1.4,11.7,0.0,16.3,96.7,152.8,4.9,9.7,283.0,995.9,995.9,2.7,5.2
2024-05-30 15:25:00+02:00,18.0,18.0,18.2,13.3,74.0,26.6,80.0,108.2,1.0,0.0,1.4,11.7,0.0,16.3,96.7,152.8,4.2,13.7,275.0,996.0,996.0,2.7,5.2
2024-05-30 15:30:00+02:00,18.0,18.0,18.5,13.5,75.0,26.5,80.0,100.4,0.0,0.0,1.4,11.7,0.0,16.3,96.7,152.8,3.0,5.8,294.0,995.9,995.9,2.7,5.2
2024-05-30 15:35:00+02:00,18.2,18.2,18.8,13.7,75.0,26.5,81.0,85.2,0.0,0.0,1.4,11.7,0.0,16.3,96.7,152.8,2.8,7.6,319.0,995.9,995.9,2.7,5.2
2024-05-30 15:40:00+02:00,18.0,18.0,18.0,13.0,72.0,26.5,80.0,117.0,1.0,0.0,1.4,11.7,0.0,16.3,96.7,152.8,4.3,13.3,304.0,995.9,995.9,2.7,5.2
2024-05-30 15:45:00+02:00,17.9,17.9,17.6,12.0,69.0,26.4,80.0,329.6,3.0,0.0,1.4,11.7,0.0,16.3,96.7,152.8,5.0,13.3,295.0,995.9,995.9,2.7,5.2
2024-05-30 15:50:00+02:00,18.5,18.5,18.1,11.8,65.0,26.3,80.0,453.4,4.0,0.0,1.4,11.7,0.0,16.3,96.7,152.8,4.9,13.3,301.0,995.9,995.9,2.7,5.2
2024-05-30 15:55:00+02:00,19.1,19.1,18.8,11.6,62.0,26.3,81.0,498.1,4.0,0.0,1.4,11.7,0.0,16.3,96.7,152.8,3.8,7.9,284.0,996.0,996.0,2.7,5.2
2024-05-30 16:00:00+02:00,19.7,19.7,19.5,11.9,61.0,26.3,81.0,645.6,6.0,0.0,1.4,11.7,0.0,16.3,96.7,152.8,4.3,12.6,302.0,995.8,995.8,2.7,5.2
2024-05-30 16:05:00+02:00,20.0,20.0,20.0,11.8,59.0,26.3,81.0,678.9,6.0,0.0,1.4,11.7,0.0,16.3,96.7,152.8,3.2,16.6,252.0,995.8,995.8,2.7,5.3
2024-05-30 16:10:00+02:00,20.2,20.2,19.8,11.9,59.0,26.3,81.0,477.2,4.0,0.0,1.4,11.7,0.0,16.3,96.7,152.8,5.3,15.1,275.0,995.8,995.8,2.7,5.3
2024-05-30 16:15:00+02:00,20.2,20.2,20.2,11.6,58.0,26.3,81.0,465.6,4.0,0.0,1.4,11.7,0.0,16.3,96.7,152.8,2.7,12.2,247.0,995.7,995.7,2.7,5.3
2024-05-30 16:20:00+02:00,20.5,20.5,20.2,11.9,58.0,26.3,81.0,469.8,4.0,0.0,1.4,11.7,0.0,16.3,96.7,152.8,4.3,11.2,230.0,995.7,995.7,2.7,5.3
2024-05-30 16:25:00+02:00,20.6,20.6,20.0,11.7,57.0,26.3,82.0,522.1,4.0,0.0,1.4,11.7,0.0,16.3,96.7,152.8,6.0,11.9,263.0,995.9,995.9,2.7,5.3
2024-05-30 16:30:00+02:00,20.7,20.7,20.4,12.0,58.0,26.4,82.0,418.5,3.0,0.0,1.4,11.7,0.0,16.3,96.7,152.8,4.8,13.3,253.0,995.8,995.8,2.7,5.3
2024-05-30 16:35:00+02:00,20.0,20.0,19.6,11.8,59.0,26.4,82.0,155.9,1.0,0.0,1.4,11.7,0.0,16.3,96.7,152.8,5.1,12.6,269.0,995.9,995.9,2.7,5.3
2024-05-30 16:40:00+02:00,19.2,19.2,18.5,11.0,59.0,26.4,82.0,116.2,1.0,0.0,1.4,11.7,0.0,16.3,96.7,152.8,5.6,15.8,270.0,996.0,996.0,2.7,5.3
2024-05-30 16:45:00+02:00,19.0,19.0,18.2,10.7,59.0,26.3,82.0,280.7,2.0,0.0,1.4,11.7,0.0,16.3,96.7,152.8,5.4,14.8,283.0,996.0,996.0,2.7,5.3
2024-05-30 16:50:00+02:00,19.3,19.3,18.6,10.7,58.0,26.3,82.0,433.3,4.0,0.0,1.4,11.7,0.0,16.3,96.7,152.8,4.7,7.6,257.0,996.0,996.0,2.7,5.3
2024-05-30 16:55:00+02:00,20.0,20.0,19.6,11.1,57.0,26.3,82.0,511.2,4.0,0.0,1.4,11.7,0.0,16.3,96.7,152.8,3.7,8.6,297.0,996.0,996.0,2.7,5.3
2024-05-30 17:00:00+02:00,20.3,20.3,19.1,10.7,54.0,26.3,82.0,545.9,5.0,0.0,1.4,11.7,0.0,16.3,96.7,152.8,7.4,16.2,276.0,996.0,996.0,2.7,5.3
2024-05-30 17:05:00+02:00,20.6,20.6,19.2,10.4,52.0,26.3,82.0,540.3,5.0,0.0,1.4,11.7,0.0,16.3,96.7,152.8,7.6,15.5,261.0,996.0,996.0,2.7,5.3
2024-05-30 17:10:00+02:00,21.5,21.5,20.7,10.2,49.0,26.3,83.0,518.9,4.0,0.0,1.4,11.7,0.0,16.3,96.7,152.8,4.3,10.1,268.0,996.0,996.0,2.7,5.3
2024-05-30 17:15:00+02:00,21.2,21.2,20.3,10.3,50.0,26.3,82.0,485.9,4.0,0.0,1.4,11.7,0.0,16.3,96.7,152.8,5.0,23.8,281.0,996.0,996.0,2.7,5.3
2024-05-30 17:20:00+02:00,20.6,20.6,18.7,9.3,48.0,26.4,82.0,480.7,4.0,0.0,1.4,11.7,0.0,16.3,96.7,152.8,9.1,23.8,272.0,996.2,996.2,2.7,5.3
2024-05-30 17:25:00+02:00,20.4,20.4,19.1,9.3,49.0,26.4,82.0,481.6,4.0,0.0,1.4,11.7,0.0,16.3,96.7,152.8,6.0,17.3,285.0,996.1,996.1,2.7,5.3
2024-05-30 17:30:00+02:00,21.0,21.0,20.0,10.0,49.0,26.5,83.0,464.5,4.0,0.0,1.4,11.7,0.0,16.3,96.7,152.8,5.2,12.6,266.0,996.1,996.1,2.7,5.3
2024-05-30 17:35:00+02:00,21.4,21.4,20.6,10.8,51.0,26.5,83.0,457.1,4.0,0.0,1.4,11.7,0.0,16.3,96.7,152.8,5.5,12.6,274.0,996.1,996.1,2.7,5.3
2024-05-30 17:40:00+02:00,19.9,19.9,18.3,10.5,55.0,26.6,83.0,258.2,2.0,0.0,1.4,11.7,0.0,16.3,96.7,152.8,9.4,21.6,275.0,996.2,996.2,2.7,5.3
2024-05-30 17:45:00+02:00,19.3,19.3,17.7,10.7,57.0,26.6,82.0,141.8,1.0,0.0,1.4,11.7,0.0,16.3,96.7,152.8,9.1,15.5,277.0,996.2,996.2,2.7,5.3
2024-05-30 17:50:00+02:00,19.0,19.0,18.2,11.0,59.0,26.6,82.0,123.0,1.0,0.0,1.4,11.7,0.0,16.3,96.7,152.8,6.1,13.0,276.0,996.4,996.4,2.7,5.3
2024-05-30 17:55:00+02:00,18.9,18.9,18.6,11.0,60.0,26.6,83.0,109.5,1.0,0.0,1.4,11.7,0.0,16.3,96.7,152.8,3.4,10.1,175.0,996.3,996.3,2.7,5.3
2024-05-30 18:00:00+02:00,18.8,18.8,18.4,10.5,58.0,26.5,82.0,94.2,0.0,0.0,1.4,11.7,0.0,16.3,96.7,152.8,3.0,9.0,189.0,996.3,996.3,2.7,5.3
2024-05-30 18:05:00+02:00,18.7,18.7,18.3,10.1,58.0,26.5,82.0,80.2,0.0,0.0,1.4,11.7,0.0,16.3,96.7,152.8,2.4,9.4,177.0,996.4,996.4,2.7,5.3
2024-05-30 18:10:00+02:00,18.5,18.5,18.1,10.1,58.0,26.4,82.0,72.3,0.0,0.0,1.4,11.7,0.0,16.3,96.7,152.8,2.5,5.8,154.0,996.6,996.6,2.7,5.3
2024-05-30 18:15:00+02:00,18.3,18.3,17.8,10.2,59.0,26.4,82.0,67.1,0.0,0.0,1.4,11.7,0.0,16.3,96.7,152.8,2.7,5.4,59.0,996.4,996.4,2.7,5.3
2024-05-30 18:20:00+02:00,18.2,18.2,18.0,10.2,59.0,26.3,82.0,66.5,0.0,0.0,1.4,11.7,0.0,16.3,96.7,152.8,1.4,5.0,173.0,996.5,996.5,2.7,5.3
2024-05-30 18:25:00+02:00,18.0,18.0,17.3,10.3,61.0,26.3,82.0,64.6,0.0,0.0,1.4,11.7,0.0,16.3,96.7,152.8,4.1,8.3,290.0,996.5,996.5,2.7,5.3
2024-05-30 18:30:00+02:00,17.8,17.8,17.6,10.4,62.0,26.2,82.0,69.1,0.0,0.0,1.4,11.7,0.0,16.3,96.7,152.8,1.7,10.1,189.0,996.5,996.5,2.7,5.3
2024-05-30 18:35:00+02:00,17.8,17.8,17.3,10.8,63.0,26.2,82.0,75.3,0.0,0.0,1.4,11.7,0.0,16.3,96.7,152.8,3.7,7.2,235.0,996.5,996.5,2.7,5.2
2024-05-30 18:40:00+02:00,17.8,17.8,17.6,11.1,65.0,26.1,82.0,75.8,0.0,0.0,1.4,11.7,0.0,16.3,96.7,152.8,3.0,7.9,257.0,996.5,996.5,2.7,5.2
2024-05-30 18:45:00+02:00,17.7,17.7,17.7,11.3,66.0,26.0,82.0,72.3,0.0,0.0,1.4,11.7,0.0,16.3,96.7,152.8,2.5,8.6,235.0,996.6,996.6,2.7,5.2
2024-05-30 18:50:00+02:00,17.7,17.7,17.8,11.5,67.0,26.0,82.0,58.2,0.0,0.0,1.4,11.7,0.0,16.3,96.7,152.8,1.8,7.2,97.0,996.6,996.6,2.7,5.2
2024-05-30 18:55:00+02:00,17.6,17.6,17.9,11.5,67.0,25.9,82.0,46.0,0.0,0.0,1.4,11.7,0.0,16.3,96.7,152.8,0.8,7.6,173.0,996.7,996.7,2.7,5.2
2024-05-30 19:00:00+02:00,17.4,17.4,17.6,11.5,68.0,25.9,82.0,40.8,0.0,0.0,1.4,11.7,0.0,16.3,96.7,152.8,1.2,7.2,165.0,996.7,996.7,2.7,5.2
2024-05-30 19:05:00+02:00,17.4,17.4,16.8,11.6,69.0,25.8,82.0,38.6,0.0,0.0,1.4,11.7,0.0,16.3,96.7,152.8,5.4,10.1,277.0,996.7,996.7,2.7,5.2
2024-05-30 19:10:00+02:00,17.2,17.2,17.4,11.7,70.0,25.7,82.0,40.5,0.0,0.0,1.4,11.7,0.0,16.3,96.7,152.8,1.7,9.0,253.0,996.7,996.7,2.7,5.2
2024-05-30 19:15:00+02:00,17.2,17.2,17.3,11.8,70.0,25.7,82.0,42.0,0.0,0.0,1.4,11.7,0.0,16.3,96.7,152.8,2.2,6.5,240.0,996.6,996.6,2.7,5.2
2024-05-30 19:20:00+02:00,17.2,17.2,17.0,11.8,71.0,25.6,82.0,43.6,0.0,0.0,1.4,11.7,0.0,16.3,96.7,152.8,3.7,7.6,310.0,996.7,996.7,2.7,5.2
2024-05-30 19:25:00+02:00,17.3,17.3,17.9,12.2,72.0,25.6,82.0,44.4,0.0,0.0,1.4,11.7,0.0,16.3,96.7,152.8,0.4,2.5,171.0,996.7,996.7,2.7,5.2
2024-05-30 19:30:00+02:00,17.3,17.3,17.5,11.9,70.0,25.5,82.0,44.1,0.0,0.0,1.4,11.7,0.0,16.3,96.7,152.8,2.3,7.6,325.0,996.8,996.8,2.7,5.2
2024-05-30 19:35:00+02:00,17.3,17.3,17.8,11.8,70.0,25.4,82.0,44.4,0.0,0.0,1.4,11.7,0.0,16.3,96.7,152.8,0.7,7.6,118.0,996.8,996.8,2.7,5.2
2024-05-30 19:40:00+02:00,17.4,17.4,17.9,11.8,70.0,25.3,82.0,46.5,0.0,0.0,1.4,11.7,0.0,16.3,96.7,152.8,0.4,3.6,122.0,996.8,996.8,2.7,5.2
2024-05-30 19:45:00+02:00,17.5,17.5,17.7,11.7,69.0,25.3,82.0,46.6,0.0,0.0,1.4,11.7,0.0,16.3,96.7,152.8,1.3,4.3,256.0,996.8,996.8,2.7,5.2
2024-05-30 19:50:00+02:00,17.4,17.4,17.2,11.7,69.0,25.2,82.0,45.0,0.0,0.0,1.4,11.7,0.0,16.3,96.7,152.8,3.5,8.3,277.0,996.8,996.8,2.7,5.2
2024-05-30 19:55:00+02:00,17.3,17.3,17.4,11.8,70.0,25.2,82.0,40.6,0.0,0.0,1.4,11.7,0.0,16.3,96.7,152.8,2.2,6.1,269.0,996.8,996.8,2.7,5.2
2024-05-30 20:00:00+02:00,17.3,17.3,17.4,11.8,70.0,25.1,82.0,38.7,0.0,0.0,1.4,11.7,0.0,16.3,96.7,152.8,2.2,5.8,312.0,996.9,996.9,2.7,5.2
2024-05-30 20:05:00+02:00,17.3,17.3,17.5,11.8,70.0,25.0,82.0,36.0,0.0,0.0,1.4,11.7,0.0,16.3,96.7,152.8,1.5,5.8,338.0,997.0,997.0,2.7,5.2
2024-05-30 20:10:00+02:00,17.2,17.2,17.5,11.7,70.0,25.0,82.0,35.4,0.0,0.0,1.4,11.7,0.0,16.3,96.7,152.8,1.4,4.7,269.0,996.9,996.9,2.7,5.2
2024-05-30 20:15:00+02:00,17.3,17.3,17.6,11.9,70.0,25.0,82.0,32.9,0.0,0.0,1.4,11.7,0.0,16.3,96.7,152.8,1.4,4.0,263.0,997.0,997.0,2.7,5.2
2024-05-30 20:20:00+02:00,17.2,17.2,17.3,11.8,70.0,24.9,83.0,26.4,0.0,0.0,1.4,11.7,0.0,16.3,96.7,152.8,1.9,5.4,288.0,997.1,997.1,2.7,5.2
2024-05-30 20:25:00+02:00,17.1,17.1,17.2,11.8,71.0,24.8,83.0,20.8,0.0,0.0,1.4,11.7,0.0,16.3,96.7,152.8,2.2,5.4,268.0,997.2,997.2,2.7,5.2
2024-05-30 20:30:00+02:00,17.0,17.0,17.4,11.9,72.0,24.8,83.0,20.5,0.0,0.0,1.4,11.7,0.0,16.3,96.7,152.8,0.9,4.3,336.0,997.2,997.2,2.7,5.2
2024-05-30 20:35:00+02:00,17.0,17.0,17.0,11.8,71.0,24.7,83.0,19.3,0.0,0.0,1.4,11.7,0.0,16.3,96.7,152.8,2.8,9.0,293.0,997.2,997.2,2.7,5.2
2024-05-30 20:40:00+02:00,17.0,17.0,17.3,11.9,72.0,24.7,82.0,18.4,0.0,0.0,1.4,11.7,0.0,16.3,96.7,152.8,1.4,4.3,290.0,997.2,997.2,2.7,5.2
2024-05-30 20:45:00+02:00,17.0,17.0,17.5,11.9,72.0,24.6,82.0,16.4,0.0,0.0,1.4,11.7,0.0,16.3,96.7,152.8,0.4,4.3,170.0,997.4,997.4,2.7,5.2
2024-05-30 20:50:00+02:00,16.9,16.9,17.1,12.1,73.0,24.5,83.0,14.0,0.0,0.0,1.4,11.7,0.0,16.3,96.7,152.8,2.3,7.2,343.0,997.2,997.2,2.7,5.2
2024-05-30 20:55:00+02:00,16.8,16.8,16.8,11.8,72.0,24.5,82.0,12.5,0.0,0.0,1.4,11.7,0.0,16.3,96.7,152.8,2.7,7.9,287.0,997.2,997.2,2.7,5.2
2024-05-30 21:00:00+02:00,16.8,16.8,16.4,11.7,72.0,24.4,82.0,8.4,0.0,0.0,1.4,11.7,0.0,16.3,96.7,152.8,4.5,7.9,294.0,997.3,997.3,2.7,5.2
2024-05-30 21:05:00+02:00,16.7,16.7,16.5,11.8,72.0,24.3,82.0,4.7,0.0,0.0,1.4,11.7,0.0,16.3,96.7,152.8,4.1,7.2,344.0,997.3,997.3,2.7,5.2
2024-05-30 21:10:00+02:00,16.6,16.6,16.8,11.8,73.0,24.3,82.0,2.5,0.0,0.0,1.4,11.7,0.0,16.3,96.7,152.8,1.9,6.1,14.0,997.6,997.6,2.7,5.2
2024-05-30 21:15:00+02:00,16.5,16.5,17.0,11.7,73.0,24.2,82.0,2.0,0.0,0.0,1.4,11.7,0.0,16.3,96.7,152.8,0.0,3.6,244.0,997.6,997.6,2.7,5.2
2024-05-30 21:20:00+02:00,16.4,16.4,17.0,11.8,74.0,24.2,82.0,1.9,0.0,0.0,1.4,11.7,0.0,16.3,96.7,152.8,0.0,2.2,99.0,997.6,997.6,2.7,5.2
2024-05-30 21:25:00+02:00,16.3,16.3,16.6,11.8,75.0,24.1,82.0,1.7,0.0,0.0,1.4,11.7,0.0,16.3,96.7,152.8,1.5,4.0,96.0,997.5,997.5,2.7,5.2
2024-05-30 21:30:00+02:00,16.2,16.2,16.5,11.9,75.0,24.0,82.0,1.5,0.0,0.0,1.4,11.7,0.0,16.3,96.7,152.8,1.7,4.7,64.0,997.6,997.6,2.7,5.2
2024-05-30 21:35:00+02:00,16.3,16.3,16.6,11.7,74.0,23.9,82.0,1.2,0.0,0.0,1.4,11.7,0.0,16.3,96.7,152.8,1.7,5.0,328.0,997.7,997.7,2.7,5.2
2024-05-30 21:40:00+02:00,16.4,16.4,17.0,11.8,74.0,23.9,82.0,1.0,0.0,0.0,1.4,11.7,0.0,16.3,96.7,152.8,0.0,4.7,53.0,997.8,997.8,2.7,5.2
2024-05-30 21:45:00+02:00,16.3,16.3,16.6,11.8,75.0,23.8,82.0,0.8,0.0,0.0,1.4,11.7,0.0,16.3,96.7,152.8,1.6,3.2,106.0,997.8,997.8,2.7,5.2
2024-05-30 21:50:00+02:00,16.2,16.2,16.5,12.1,76.0,23.8,82.0,0.6,0.0,0.0,1.4,11.7,0.0,16.3,96.7,152.8,1.8,4.0,75.0,997.8,997.8,2.7,5.2
2024-05-30 21:55:00+02:00,16.1,16.1,16.4,11.9,76.0,23.7,82.0,0.3,0.0,0.0,1.4,11.7,0.0,16.3,96.7,152.8,1.1,4.3,77.0,997.9,997.9,2.7,5.2
2024-05-30 22:00:00+02:00,16.0,16.0,16.6,11.9,77.0,23.6,82.0,0.2,0.0,0.0,1.4,11.7,0.0,16.3,96.7,152.8,0.0,2.2,53.0,997.9,997.9,2.7,5.2
2024-05-30 22:05:00+02:00,15.8,15.8,16.3,12.0,78.0,23.6,82.0,0.1,0.0,0.0,1.4,11.7,0.0,16.3,96.7,152.8,0.9,3.2,115.0,997.9,997.9,2.7,5.1
2024-05-30 22:10:00+02:00,15.4,15.4,15.7,12.0,80.0,23.5,82.0,0.0,0.0,0.0,1.4,11.7,0.0,16.3,96.7,152.8,1.9,3.6,135.0,997.9,997.9,2.7,5.1
2024-05-30 22:15:00+02:00,15.4,15.4,15.9,11.8,79.0,23.5,82.0,0.0,0.0,0.0,1.4,11.7,0.0,16.3,96.7,152.8,0.4,3.6,94.0,997.9,997.9,2.7,5.1
2024-05-30 22:20:00+02:00,15.5,15.5,15.8,12.0,80.0,23.4,82.0,0.0,0.0,0.0,1.4,11.7,0.0,16.3,96.7,152.8,1.5,4.0,123.0,998.0,998.0,2.7,5.1
2024-05-30 22:25:00+02:00,15.5,15.5,16.1,12.0,80.0,23.3,82.0,0.0,0.0,0.0,1.4,11.7,0.0,16.3,96.7,152.8,0.4,3.2,344.0,998.0,998.0,2.7,5.1
2024-05-30 22:30:00+02:00,15.4,15.4,15.6,12.1,81.0,23.3,82.0,0.0,0.0,0.0,1.4,11.7,0.0,16.3,96.7,152.8,2.3,5.4,220.0,998.1,998.1,2.7,5.1
2024-05-30 22:35:00+02:00,15.3,15.3,15.5,12.1,81.0,23.2,82.0,0.0,0.0,0.0,1.4,11.7,0.0,16.3,96.7,152.8,2.6,5.8,281.0,998.1,998.1,2.7,5.1
2024-05-30 22:40:00+02:00,15.2,15.2,14.9,11.9,81.0,23.1,82.0,0.0,0.0,0.0,1.4,11.7,0.0,16.3,96.7,152.8,4.2,8.6,306.0,998.1,998.1,2.7,5.1
2024-05-30 22:45:00+02:00,15.0,15.0,14.9,11.9,82.0,23.1,82.0,0.0,0.0,0.0,1.4,11.7,0.0,16.3,96.7,152.8,3.4,7.6,128.0,998.2,998.2,2.7,5.1
2024-05-30 22:50:00+02:00,14.8,14.8,15.2,11.8,82.0,23.0,82.0,0.0,0.0,0.0,1.4,11.7,0.0,16.3,96.7,152.8,1.1,8.6,287.0,998.2,998.2,2.7,5.1
2024-05-30 22:55:00+02:00,14.7,14.7,14.4,11.9,83.0,22.9,82.0,0.0,0.0,0.0,1.4,11.7,0.0,16.3,96.7,152.8,4.5,11.5,335.0,998.3,998.3,2.7,5.1
2024-05-30 23:00:00+02:00,14.5,14.5,13.9,11.8,84.0,22.8,82.0,0.0,0.0,0.0,1.4,11.7,0.0,16.3,96.7,152.8,5.8,20.2,259.0,998.4,998.4,2.7,5.1
2024-05-30 23:05:00+02:00,14.4,14.4,14.6,11.9,85.0,22.7,82.0,0.0,0.0,0.0,1.4,11.7,0.0,16.3,96.7,152.8,2.3,10.1,250.0,998.3,998.3,2.7,5.1
2024-05-30 23:10:00+02:00,14.3,14.3,14.4,11.8,85.0,22.6,82.0,0.0,0.0,0.0,1.4,11.7,0.0,16.3,96.7,152.8,2.5,8.6,306.0,998.5,998.5,2.7,5.1
2024-05-30 23:15:00+02:00,14.2,14.2,14.4,11.9,86.0,22.5,82.0,0.0,0.0,0.0,1.4,11.7,0.0,16.3,96.7,152.8,1.9,7.2,258.0,998.5,998.5,2.7,5.1
2024-05-30 23:20:00+02:00,14.1,14.1,14.5,12.0,87.0,22.4,82.0,0.0,0.0,0.0,1.4,11.7,0.0,16.3,96.7,152.8,0.8,5.0,229.0,998.4,998.4,2.7,5.1
2024-05-30 23:25:00+02:00,14.0,14.0,14.0,11.9,87.0,22.3,82.0,0.0,0.0,0.0,1.4,11.7,0.0,16.3,96.7,152.8,3.0,7.9,247.0,998.5,998.5,2.7,5.1
2024-05-30 23:30:00+02:00,13.9,13.9,14.2,11.9,88.0,22.2,82.0,0.0,0.0,0.0,1.4,11.7,0.0,16.3,96.7,152.8,1.4,5.0,58.0,998.4,998.4,2.7,5.1
2024-05-30 23:35:00+02:00,13.9,13.9,14.3,11.9,88.0,22.2,82.0,0.0,0.0,0.0,1.4,11.7,0.0,16.3,96.7,152.8,0.9,4.3,192.0,998.5,998.5,2.7,5.1
2024-05-30 23:40:00+02:00,13.9,13.9,14.3,11.9,88.0,22.1,82.0,0.0,0.0,0.0,1.4,11.7,0.0,16.3,96.7,152.8,1.2,5.4,125.0,998.5,998.5,2.7,5.1
2024-05-30 23:45:00+02:00,13.9,13.9,14.4,12.0,88.0,22.0,82.0,0.0,0.0,0.0,1.4,11.7,0.0,16.3,96.7,152.8,0.8,4.3,359.0,998.6,998.6,2.7,5.1
2024-05-30 23:50:00+02:00,13.9,13.9,14.1,12.0,88.0,22.0,82.0,0.0,0.0,0.0,1.4,11.7,0.0,16.3,96.7,152.8,1.9,4.7,6.0,998.5,998.5,2.7,5.1
2024-05-30 23:55:00+02:00,13.9,13.9,14.1,12.1,89.0,21.9,82.0,0.0,0.0,0.0,1.4,11.7,0.0,16.3,96.7,152.8,2.2,8.6,269.0,998.6,998.6,2.7,5.0
2024-05-31 00:00:00+02:00,13.9,13.9,14.3,12.1,89.0,21.8,82.0,0.0,0.0,0.0,0.0,11.7,0.0,16.3,96.7,152.8,1.4,4.7,341.0,998.7,998.7,2.7,5.0
2024-05-31 00:05:00+02:00,14.0,14.0,14.0,12.1,88.0,21.7,82.0,0.0,0.0,0.0,0.0,11.7,0.0,16.3,96.7,152.8,3.3,7.2,273.0,998.7,998.7,2.7,5.0
2024-05-31 00:10:00+02:00,14.1,14.1,14.6,12.1,88.0,21.7,82.0,0.0,0.0,0.0,0.0,11.7,0.0,16.3,96.7,152.8,0.5,4.3,0.0,998.7,998.7,2.7,5.0
2024-05-31 00:15:00+02:00,14.1,14.1,14.4,12.2,88.0,21.6,82.0,0.0,0.0,0.0,0.0,11.7,0.0,16.3,96.7,152.8,1.8,5.4,320.0,998.8,998.8,2.7,5.0
2024-05-31 00:20:00+02:00,14.1,14.1,14.4,12.2,88.0,21.6,82.0,0.0,0.0,0.0,0.0,11.7,0.0,16.3,96.7,152.8,2.0,9.0,280.0,998.8,998.8,2.7,5.0
2024-05-31 00:25:00+02:00,14.2,14.2,14.5,12.2,88.0,21.5,82.0,0.0,0.0,0.0,0.0,11.7,0.0,16.3,96.7,152.8,1.9,5.4,288.0,998.9,998.9,2.7,5.0
2024-05-31 00:30:00+02:00,14.2,14.2,14.5,12.1,87.0,21.5,82.0,0.0,0.0,0.0,0.0,11.7,0.0,16.3,96.7,152.8,1.9,7.9,255.0,998.8,998.8,2.7,5.0
2024-05-31 00:35:00+02:00,14.2,14.2,14.5,12.1,87.0,21.4,82.0,0.0,0.0,0.0,0.0,11.7,0.0,16.3,96.7,152.8,1.5,5.8,284.0,998.9,998.9,2.7,5.0
2024-05-31 00:40:00+02:00,14.2,14.2,14.5,12.1,87.0,21.3,82.0,0.0,0.0,0.0,0.0,11.7,0.0,16.3,96.7,152.8,1.6,4.3,313.0,999.0,999.0,2.7,5.0
2024-05-31 00:45:00+02:00,14.1,14.1,14.5,12.0,87.0,21.2,82.0,0.0,0.0,0.0,0.0,11.7,0.0,16.3,96.7,152.8,0.6,5.0,271.0,998.9,998.9,2.7,5.0
2024-05-31 00:50:00+02:00,14.0,14.0,14.4,12.0,87.0,21.2,82.0,0.0,0.0,0.0,0.0,11.7,0.0,16.3,96.7,152.8,1.1,5.0,338.0,998.9,998.9,2.7,5.0
2024-05-31 00:55:00+02:00,14.0,14.0,14.3,11.9,87.0,21.2,82.0,0.0,0.0,0.0,0.0,11.7,0.0,16.3,96.7,152.8,1.3,5.0,278.0,998.9,998.9,2.7,5.0
2024-05-31 01:00:00+02:00,13.9,13.9,14.1,11.8,87.0,21.1,82.0,0.0,0.0,0.0,0.0,11.7,0.0,16.3,96.7,152.8,2.0,5.8,269.0,999.0,999.0,2.7,5.0
2024-05-31 01:05:00+02:00,13.8,13.8,14.3,11.7,87.0,21.1,82.0,0.0,0.0,0.0,0.0,11.7,0.0,16.3,96.7,152.8,0.7,5.0,157.0,999.1,999.1,2.7,5.0
2024-05-31 01:10:00+02:00,13.7,13.7,14.1,11.7,88.0,21.0,82.0,0.0,0.0,0.0,0.0,11.7,0.0,16.3,96.7,152.8,0.7,5.0,255.0,999.1,999.1,2.7,5.0
2024-05-31 01:15:00+02:00,13.7,13.7,13.8,11.6,87.0,20.9,82.0,0.0,0.0,0.0,0.0,11.7,0.0,16.3,96.7,152.8,1.4,4.3,283.0,999.1,999.1,2.7,5.0
2024-05-31 01:20:00+02:00,13.5,13.5,13.7,11.3,86.0,20.9,82.0,0.0,0.0,0.0,0.0,11.7,0.0,16.3,96.7,152.8,1.4,5.4,60.0,999.1,999.1,2.7,5.0
2024-05-31 01:25:00+02:00,13.5,13.5,13.4,11.1,85.0,20.8,82.0,0.0,0.0,0.0,0.0,11.7,0.0,16.3,96.7,152.8,2.3,4.7,290.0,999.0,999.0,2.7,5.0
2024-05-31 01:30:00+02:00,13.5,13.5,13.7,11.0,85.0,20.8,82.0,0.0,0.0,0.0,0.0,11.7,0.0,16.3,96.7,152.8,0.4,3.6,267.0,999.1,999.1,2.7,5.0
2024-05-31 01:35:00+02:00,13.4,13.4,13.3,11.1,86.0,20.7,82.0,0.0,0.0,0.0,0.0,11.7,0.0,16.3,96.7,152.8,2.3,5.8,133.0,999.1,999.1,2.7,5.0
2024-05-31 01:40:00+02:00,13.3,13.3,13.5,11.2,87.0,20.7,82.0,0.0,0.0,0.0,0.0,11.7,0.0,16.3,96.7,152.8,1.4,5.8,127.0,999.2,999.2,2.7,5.0
2024-05-31 01:45:00+02:00,13.3,13.3,13.3,11.1,87.0,20.6,82.0,0.0,0.0,0.0,0.0,11.7,0.0,16.3,96.7,152.8,1.9,6.5,145.0,999.2,999.2,2.7,4.9
2024-05-31 01:50:00+02:00,13.3,13.3,13.4,11.0,86.0,20.6,82.0,0.0,0.0,0.0,0.0,11.7,0.0,16.3,96.7,152.8,0.9,6.5,275.0,999.2,999.2,2.7,4.9
2024-05-31 01:55:00+02:00,13.3,13.3,13.3,11.0,86.0,20.5,82.0,0.0,0.0,0.0,0.0,11.7,0.0,16.3,96.7,152.8,1.7,5.0,277.0,999.2,999.2,2.7,4.9
2024-05-31 02:00:00+02:00,13.3,13.3,13.3,11.0,86.0,20.5,82.0,0.0,0.0,0.0,0.0,11.7,0.0,16.3,96.7,152.8,1.7,4.3,230.0,999.2,999.2,2.7,4.9
2024-05-31 02:05:00+02:00,13.3,13.3,13.4,11.0,86.0,20.4,82.0,0.0,0.0,0.0,0.0,11.7,0.0,16.3,96.7,152.8,1.1,4.0,288.0,999.2,999.2,2.7,4.9
2024-05-31 02:10:00+02:00,13.2,13.2,13.1,11.1,87.0,20.4,82.0,0.0,0.0,0.0,0.0,11.7,0.0,16.3,96.7,152.8,2.2,5.4,161.0,999.1,999.1,2.7,4.9
2024-05-31 02:15:00+02:00,13.2,13.2,13.5,11.1,87.0,20.4,82.0,0.0,0.0,0.0,0.0,11.7,0.0,16.3,96.7,152.8,0.4,4.0,142.0,999.2,999.2,2.7,4.9
2024-05-31 02:20:00+02:00,13.1,13.1,13.1,11.0,87.0,20.3,82.0,0.0,0.0,0.0,0.0,11.7,0.0,16.3,96.7,152.8,1.7,4.3,66.0,999.4,999.4,2.7,4.9
2024-05-31 02:25:00+02:00,13.0,13.0,13.2,10.9,87.0,20.3,82.0,0.0,0.0,0.0,0.0,11.7,0.0,16.3,96.7,152.8,0.4,3.2,48.0,999.3,999.3,2.7,4.9
2024-05-31 02:30:00+02:00,12.9,12.9,12.9,10.8,87.0,20.2,82.0,0.0,0.0,0.0,0.0,11.7,0.0,16.3,96.7,152.8,1.4,5.8,110.0,999.4,999.4,2.7,4.9
2024-05-31 02:35:00+02:00,12.9,12.9,12.9,10.6,86.0,20.2,82.0,0.0,0.0,0.0,0.0,11.7,0.0,16.3,96.7,152.8,1.0,3.2,327.0,999.4,999.4,2.7,4.9
2024-05-31 02:40:00+02:00,12.9,12.9,12.9,10.6,86.0,20.2,82.0,0.0,0.0,0.0,0.0,11.7,0.0,16.3,96.7,152.8,0.8,2.5,91.0,999.4,999.4,2.7,4.9
2024-05-31 02:45:00+02:00,12.8,12.8,12.8,10.5,86.0,20.1,82.0,0.0,0.0,0.0,0.0,11.7,0.0,16.3,96.7,152.8,1.0,3.6,267.0,999.4,999.4,2.7,4.9
2024-05-31 02:50:00+02:00,12.8,12.8,13.0,10.5,86.0,20.1,82.0,0.0,0.0,0.0,0.0,11.7,0.0,16.3,96.7,152.8,0.0,2.5,273.0,999.4,999.4,2.7,4.9
2024-05-31 02:55:00+02:00,12.7,12.7,12.9,10.5,86.0,20.0,82.0,0.0,0.0,0.0,0.0,11.7,0.0,16.3,96.7,152.8,0.0,3.2,272.0,999.4,999.4,2.7,4.9
2024-05-31 03:00:00+02:00,12.6,12.6,12.4,10.5,87.0,20.0,82.0,0.0,0.0,0.0,0.0,11.7,0.0,16.3,96.7,152.8,1.8,3.6,107.0,999.5,999.5,2.7,4.9
2024-05-31 03:05:00+02:00,12.5,12.5,12.4,10.3,87.0,19.9,82.0,0.0,0.0,0.0,0.0,11.7,0.0,16.3,96.7,152.8,1.4,6.5,129.0,999.4,999.4,2.7,4.9
2024-05-31 03:10:00+02:00,12.5,12.5,12.5,10.4,87.0,19.9,82.0,0.0,0.0,0.0,0.0,11.7,0.0,16.3,96.7,152.8,0.8,3.6,107.0,999.5,999.5,2.7,4.9
2024-05-31 03:15:00+02:00,12.3,12.3,12.2,10.2,87.0,19.8,82.0,0.0,0.0,0.0,0.0,11.7,0.0,16.3,96.7,152.8,1.3,3.2,86.0,999.5,999.5,2.7,4.9
2024-05-31 03:20:00+02:00,12.2,12.2,11.9,10.2,88.0,19.8,82.0,0.0,0.0,0.0,0.0,11.7,0.0,16.3,96.7,152.8,2.0,4.7,134.0,999.4,999.4,2.7,4.9
2024-05-31 03:25:00+02:00,12.1,12.1,12.0,10.2,88.0,19.7,82.0,0.0,0.0,0.0,0.0,11.7,0.0,16.3,96.7,152.8,1.2,4.3,98.0,999.4,999.4,2.7,4.9
2024-05-31 03:30:00+02:00,12.0,12.0,11.9,10.0,88.0,19.7,82.0,0.0,0.0,0.0,0.0,11.7,0.0,16.3,96.7,152.8,0.9,3.6,89.0,999.5,999.5,2.7,4.9
2024-05-31 03:35:00+02:00,11.8,11.8,11.7,10.0,89.0,19.6,82.0,0.0,0.0,0.0,0.0,11.7,0.0,16.3,96.7,152.8,1.2,3.6,67.0,999.4,999.4,2.7,4.8
2024-05-31 03:40:00+02:00,11.8,11.8,11.7,10.0,89.0,19.6,82.0,0.0,0.0,0.0,0.0,11.7,0.0,16.3,96.7,152.8,0.7,2.9,137.0,999.5,999.5,2.7,4.8
2024-05-31 03:45:00+02:00,11.7,11.7,11.5,10.0,89.0,19.5,82.0,0.0,0.0,0.0,0.0,11.7,0.0,16.3,96.7,152.8,0.9,3.6,111.0,999.4,999.4,2.7,4.8
2024-05-31 03:50:00+02:00,11.6,11.6,11.5,10.0,90.0,19.5,82.0,0.0,0.0,0.0,0.0,11.7,0.0,16.3,96.7,152.8,0.4,3.2,37.0,999.4,999.4,2.7,4.8
2024-05-31 03:55:00+02:00,11.5,11.5,11.2,9.9,90.0,19.4,82.0,0.0,0.0,0.0,0.0,11.7,0.0,16.3,96.7,152.8,1.5,3.6,74.0,999.4,999.4,2.7,4.8
2024-05-31 04:00:00+02:00,11.3,11.3,11.1,9.9,91.0,19.4,82.0,0.0,0.0,0.0,0.0,11.7,0.0,16.3,96.7,152.8,1.2,4.3,104.0,999.4,999.4,2.7,4.8
2024-05-31 04:05:00+02:00,11.3,11.3,10.8,9.9,91.0,19.3,82.0,0.0,0.0,0.0,0.0,11.7,0.0,16.3,96.7,152.8,2.4,4.3,93.0,999.5,999.5,2.7,4.8
2024-05-31 04:10:00+02:00,11.2,11.2,10.9,9.9,91.0,19.3,82.0,0.0,0.0,0.0,0.0,11.7,0.0,16.3,96.7,152.8,1.5,3.6,103.0,999.4,999.4,2.7,4.8
2024-05-31 04:15:00+02:00,11.1,11.1,11.0,9.9,92.0,19.2,82.0,0.0,0.0,0.0,0.0,11.7,0.0,16.3,96.7,152.8,0.5,3.2,137.0,999.6,999.6,2.7,4.8
2024-05-31 04:20:00+02:00,11.1,11.1,10.7,9.9,92.0,19.2,82.0,0.0,0.0,0.0,0.0,11.7,0.0,16.3,96.7,152.8,1.7,4.0,93.0,999.5,999.5,2.7,4.8
2024-05-31 04:25:00+02:00,10.9,10.9,10.5,9.8,92.0,19.1,82.0,0.0,0.0,0.0,0.0,11.7,0.0,16.3,96.7,152.8,2.2,3.6,105.0,999.4,999.4,2.7,4.8
2024-05-31 04:30:00+02:00,11.0,11.0,10.4,9.9,93.0,19.0,82.0,0.0,0.0,0.0,0.0,11.7,0.0,16.3,96.7,152.8,3.3,4.7,111.0,999.5,999.5,2.7,4.8
2024-05-31 04:35:00+02:00,10.9,10.9,10.3,9.8,93.0,19.0,82.0,0.0,0.0,0.0,0.0,11.7,0.0,16.3,96.7,152.8,3.2,5.0,108.0,999.5,999.5,2.7,4.8
2024-05-31 04:40:00+02:00,10.8,10.8,10.3,9.7,93.0,18.9,82.0,0.0,0.0,0.0,0.0,11.7,0.0,16.3,96.7,152.8,2.6,4.3,104.0,999.5,999.5,2.7,4.8
2024-05-31 04:45:00+02:00,10.8,10.8,10.5,9.7,93.0,18.8,82.0,0.0,0.0,0.0,0.0,11.7,0.0,16.3,96.7,152.8,1.7,4.3,97.0,999.6,999.6,2.7,4.8
2024-05-31 04:50:00+02:00,10.7,10.7,10.1,9.7,93.0,18.7,82.0,0.1,0.0,0.0,0.0,11.7,0.0,16.3,96.7,152.8,2.9,4.0,105.0,999.6,999.6,2.7,4.8
2024-05-31 04:55:00+02:00,10.6,10.6,10.1,9.7,94.0,18.7,82.0,0.2,0.0,0.0,0.0,11.7,0.0,16.3,96.7,152.8,2.5,4.3,104.0,999.6,999.6,2.7,4.8
2024-05-31 05:00:00+02:00,10.6,10.6,10.0,9.7,94.0,18.6,82.0,0.4,0.0,0.0,0.0,11.7,0.0,16.3,96.7,152.8,2.7,4.0,103.0,999.5,999.5,2.7,4.8
2024-05-31 05:05:00+02:00,10.6,10.6,10.1,9.8,95.0,18.5,82.0,0.6,0.0,0.0,0.0,11.7,0.0,16.3,96.7,152.8,2.3,4.0,94.0,999.5,999.5,2.7,4.8
2024-05-31 05:10:00+02:00,10.7,10.7,10.3,9.9,95.0,18.5,82.0,1.0,0.0,0.0,0.0,11.7,0.0,16.3,96.7,152.8,2.6,3.6,105.0,999.6,999.6,2.7,4.8
2024-05-31 05:15:00+02:00,10.8,10.8,10.4,10.1,95.0,18.4,82.0,1.4,0.0,0.0,0.0,11.7,0.0,16.3,96.7,152.8,3.0,4.7,106.0,999.7,999.7,2.7,4.8
2024-05-31 05:20:00+02:00,11.0,11.0,10.4,10.1,94.0,18.4,82.0,1.7,0.0,0.0,0.0,11.7,0.0,16.3,96.7,152.8,3.6,5.4,103.0,999.6,999.6,2.7,4.8
2024-05-31 05:25:00+02:00,11.3,11.3,10.7,10.2,93.0,18.3,82.0,2.0,0.0,0.0,0.0,11.7,0.0,16.3,96.7,152.8,3.4,5.4,105.0,999.7,999.7,2.7,4.7
2024-05-31 05:30:00+02:00,11.4,11.4,10.5,10.3,93.0,18.3,82.0,2.9,0.0,0.0,0.0,11.7,0.0,16.3,96.7,152.8,4.9,7.9,113.0,999.6,999.6,2.7,4.7
2024-05-31 05:35:00+02:00,11.5,11.5,10.7,10.2,92.0,18.2,82.0,4.0,0.0,0.0,0.0,11.7,0.0,16.3,96.7,152.8,4.4,8.3,121.0,999.6,999.6,2.7,4.7
2024-05-31 05:40:00+02:00,11.5,11.5,11.0,10.3,92.0,18.2,82.0,6.3,0.0,0.0,0.0,11.7,0.0,16.3,96.7,152.8,3.2,5.0,118.0,999.7,999.7,2.7,4.7
2024-05-31 05:45:00+02:00,11.6,11.6,11.0,10.3,92.0,18.2,82.0,7.3,0.0,0.0,0.0,11.7,0.0,16.3,96.7,152.8,3.6,7.2,115.0,999.6,999.6,2.7,4.7
2024-05-31 05:50:00+02:00,11.7,11.7,10.8,10.5,92.0,18.2,82.0,7.5,0.0,0.0,0.0,11.7,0.0,16.3,96.7,152.8,5.9,8.6,121.0,999.6,999.6,2.7,4.7
2024-05-31 05:55:00+02:00,11.8,11.8,11.0,10.4,91.0,18.1,82.0,7.2,0.0,0.0,0.0,11.7,0.0,16.3,96.7,152.8,4.7,7.9,108.0,999.7,999.7,2.7,4.7
2024-05-31 06:00:00+02:00,11.8,11.8,10.9,10.4,91.0,18.1,82.0,7.4,0.0,0.0,0.0,11.7,0.0,16.3,96.7,152.8,5.6,7.9,112.0,999.6,999.6,2.7,4.7
2024-05-31 06:05:00+02:00,11.9,11.9,11.2,10.4,91.0,18.0,82.0,7.6,0.0,0.0,0.0,11.7,0.0,16.3,96.7,152.8,4.4,6.5,124.0,999.7,999.7,2.7,4.7
2024-05-31 06:10:00+02:00,11.9,11.9,11.3,10.4,91.0,18.0,82.0,10.2,0.0,0.0,0.0,11.7,0.0,16.3,96.7,152.8,4.2,6.1,111.0,999.8,999.8,2.7,4.7
2024-05-31 06:15:00+02:00,11.9,11.9,11.3,10.5,91.0,18.0,82.0,14.3,0.0,0.0,0.0,11.7,0.0,16.3,96.7,152.8,4.2,7.2,111.0,999.8,999.8,2.7,4.7
2024-05-31 06:20:00+02:00,12.0,12.0,11.5,10.6,91.0,18.0,82.0,18.2,0.0,0.0,0.0,11.7,0.0,16.3,96.7,152.8,3.5,5.0,110.0,999.8,999.8,2.7,4.7
2024-05-31 06:25:00+02:00,12.1,12.1,12.1,10.7,91.0,18.0,82.0,20.3,0.0,0.0,0.0,11.7,0.0,16.3,96.7,152.8,1.4,5.0,106.0,999.7,999.7,2.7,4.7
2024-05-31 06:30:00+02:00,12.2,12.2,11.7,10.7,91.0,18.0,82.0,22.3,0.0,0.0,0.0,11.7,0.0,16.3,96.7,152.8,3.5,5.4,113.0,999.8,999.8,2.7,4.7
2024-05-31 06:35:00+02:00,12.2,12.2,11.8,10.8,91.0,17.9,83.0,24.3,0.0,0.0,0.0,11.7,0.0,16.3,96.7,152.8,3.3,6.1,112.0,999.8,999.8,2.7,4.7
2024-05-31 06:40:00+02:00,12.2,12.2,11.6,10.7,91.0,17.9,82.0,26.8,0.0,0.0,0.0,11.7,0.0,16.3,96.7,152.8,4.2,6.1,114.0,999.9,999.9,2.7,4.7
2024-05-31 06:45:00+02:00,12.3,12.3,11.8,10.7,91.0,17.9,82.0,27.4,0.0,0.0,0.0,11.7,0.0,16.3,96.7,152.8,3.8,5.8,107.0,999.9,999.9,2.7,4.7
2024-05-31 06:50:00+02:00,12.3,12.3,11.7,10.8,91.0,17.9,82.0,28.8,0.0,0.0,0.0,11.7,0.0,16.3,96.7,152.8,4.7,7.6,105.0,999.8,999.8,2.7,4.7
2024-05-31 06:55:00+02:00,12.3,12.3,11.7,10.8,91.0,17.9,83.0,25.5,0.0,0.0,0.0,11.7,0.0,16.3,96.7,152.8,4.5,7.2,108.0,999.9,999.9,2.7,4.7
2024-05-31 07:00:00+02:00,12.4,12.4,12.2,10.9,91.0,17.9,83.0,21.8,0.0,0.0,0.0,11.7,0.0,16.3,96.7,152.8,2.9,6.1,105.0,1000.1,1000.1,2.7,4.7
2024-05-31 07:05:00+02:00,12.4,12.4,11.8,10.9,91.0,17.9,83.0,22.8,0.0,0.0,0.0,11.7,0.0,16.3,96.7,152.8,4.8,8.3,108.0,1000.1,1000.1,2.7,4.7
2024-05-31 07:10:00+02:00,12.4,12.4,11.7,10.9,91.0,17.9,83.0,24.5,0.0,0.0,0.0,11.7,0.0,16.3,96.7,152.8,5.2,9.7,111.0,1000.0,1000.0,2.7,4.7
2024-05-31 07:15:00+02:00,12.4,12.4,11.6,11.0,91.0,17.9,83.0,32.0,0.0,0.0,0.0,11.7,0.0,16.3,96.7,152.8,6.1,9.7,113.0,1000.0,1000.0,2.7,4.7
2024-05-31 07:20:00+02:00,12.4,12.4,11.4,11.0,91.0,17.9,83.0,37.3,0.0,0.0,0.0,11.7,0.0,16.3,96.7,152.8,7.3,12.6,119.0,1000.1,1000.1,2.7,4.7
2024-05-31 07:25:00+02:00,12.5,12.5,12.0,11.0,91.0,17.9,83.0,39.5,0.0,0.0,0.0,11.7,0.0,16.3,96.7,152.8,4.3,9.7,117.0,1000.0,1000.0,2.7,4.7
2024-05-31 07:30:00+02:00,12.6,12.6,11.6,11.0,90.0,17.9,83.0,60.5,0.0,0.0,0.0,11.7,0.0,16.3,96.7,152.8,7.0,9.4,114.0,1000.1,1000.1,2.7,4.7
2024-05-31 07:35:00+02:00,12.6,12.6,12.0,11.0,90.0,17.9,83.0,66.6,0.0,0.0,0.0,11.7,0.0,16.3,96.7,152.8,4.8,9.4,130.0,1000.1,1000.1,2.7,4.7
2024-05-31 07:40:00+02:00,12.9,12.9,13.0,11.2,90.0,17.9,83.0,67.4,0.0,0.0,0.0,11.7,0.0,16.3,96.7,152.8,1.2,3.6,181.0,1000.1,1000.1,2.7,4.7
2024-05-31 07:45:00+02:00,13.0,13.0,13.2,11.2,89.0,17.9,83.0,45.8,0.0,0.0,0.0,11.7,0.0,16.3,96.7,152.8,0.9,4.7,79.0,1000.1,1000.1,2.7,4.8
2024-05-31 07:50:00+02:00,13.1,13.1,13.3,11.3,89.0,17.9,83.0,55.3,0.0,0.0,0.0,11.7,0.0,16.3,96.7,152.8,1.3,4.0,81.0,1000.1,1000.1,2.7,4.8
2024-05-31 07:55:00+02:00,13.2,13.2,13.4,11.4,89.0,17.9,83.0,93.2,0.0,0.0,0.0,11.7,0.0,16.3,96.7,152.8,1.4,5.8,117.0,1000.2,1000.2,2.7,4.8
2024-05-31 08:00:00+02:00,13.3,13.3,13.6,11.5,89.0,17.9,83.0,110.0,1.0,0.0,0.0,11.7,0.0,16.3,96.7,152.8,1.2,4.3,138.0,1000.2,1000.2,2.7,4.8
2024-05-31 08:05:00+02:00,13.4,13.4,13.3,11.4,88.0,18.0,84.0,102.5,0.0,0.0,0.0,11.7,0.0,16.3,96.7,152.8,2.9,5.8,150.0,1000.2,1000.2,2.7,4.8
2024-05-31 08:10:00+02:00,13.5,13.5,13.3,11.4,87.0,18.0,84.0,99.2,0.0,0.0,0.0,11.7,0.0,16.3,96.7,152.8,3.3,5.0,100.0,1000.3,1000.3,2.7,4.8
2024-05-31 08:15:00+02:00,13.6,13.6,14.0,11.7,88.0,18.0,84.0,139.2,1.0,0.0,0.0,11.7,0.0,16.3,96.7,152.8,1.0,4.7,102.0,1000.4,1000.4,2.7,4.8
2024-05-31 08:20:00+02:00,13.8,13.8,13.7,11.6,86.0,18.1,84.0,130.1,1.0,0.0,0.0,11.7,0.0,16.3,96.7,152.8,3.0,6.1,282.0,1000.5,1000.5,2.7,4.8
2024-05-31 08:25:00+02:00,14.0,14.0,14.0,11.7,86.0,18.1,84.0,105.6,0.0,0.0,0.0,11.7,0.0,16.3,96.7,152.8,2.3,5.8,116.0,1000.5,1000.5,2.7,4.9
2024-05-31 08:30:00+02:00,14.2,14.2,14.5,11.7,85.0,18.2,84.0,120.2,1.0,0.0,0.0,11.7,0.0,16.3,96.7,152.8,1.6,3.6,103.0,1000.5,1000.5,2.7,4.9
2024-05-31 08:35:00+02:00,14.3,14.3,14.5,11.7,84.0,18.3,84.0,124.8,1.0,0.0,0.0,11.7,0.0,16.3,96.7,152.8,2.3,6.8,99.0,1000.5,1000.5,2.7,4.9
2024-05-31 08:40:00+02:00,14.2,14.2,14.3,11.6,84.0,18.3,84.0,130.0,1.0,0.0,0.0,11.7,0.0,16.3,96.7,152.8,2.2,5.8,114.0,1000.5,1000.5,2.7,4.9
2024-05-31 08:45:00+02:00,14.3,14.3,14.3,11.7,84.0,18.3,84.0,120.0,1.0,0.0,0.0,11.7,0.0,16.3,96.7,152.8,3.0,5.8,101.0,1000.5,1000.5,2.7,5.0
2024-05-31 08:50:00+02:00,14.3,14.3,14.4,11.6,84.0,18.4,85.0,130.2,1.0,0.0,0.0,11.7,0.0,16.3,96.7,152.8,2.2,7.6,271.0,1000.4,1000.4,2.7,5.0
2024-05-31 08:55:00+02:00,14.5,14.5,14.5,11.7,83.0,18.5,85.0,168.7,1.0,0.0,0.0,11.7,0.0,16.3,96.7,152.8,2.5,7.9,274.0,1000.4,1000.4,2.7,5.0
2024-05-31 09:00:00+02:00,14.5,14.5,14.1,11.6,83.0,18.5,85.0,223.3,2.0,0.0,0.0,11.7,0.0,16.3,96.7,152.8,4.2,7.9,9.0,1000.5,1000.5,2.7,5.0
2024-05-31 09:05:00+02:00,14.6,14.6,14.8,11.6,82.0,18.7,85.0,127.5,1.0,0.0,0.0,11.7,0.0,16.3,96.7,152.8,1.6,6.5,10.0,1000.7,1000.7,2.7,5.1
2024-05-31 09:10:00+02:00,14.7,14.7,14.7,11.7,82.0,18.7,85.0,76.5,0.0,0.0,0.0,11.7,0.0,16.3,96.7,152.8,2.6,4.3,31.0,1000.7,1000.7,2.7,5.1
2024-05-31 09:15:00+02:00,14.6,14.6,14.4,11.5,82.0,18.8,85.0,67.9,0.0,0.0,0.0,11.7,0.0,16.3,96.7,152.8,3.2,5.0,100.0,1000.8,1000.8,2.7,5.1
2024-05-31 09:20:00+02:00,14.4,14.4,14.5,11.3,82.0,18.8,85.0,56.5,0.0,0.0,0.0,11.7,0.0,16.3,96.7,152.8,1.9,5.4,109.0,1000.9,1000.9,2.7,5.1
2024-05-31 09:25:00+02:00,14.7,14.7,15.1,11.5,81.0,18.9,85.0,48.9,0.0,0.0,0.0,11.7,0.0,16.3,96.7,152.8,0.0,4.0,113.0,1000.9,1000.9,2.7,5.1
2024-05-31 09:30:00+02:00,14.7,14.7,15.0,11.6,82.0,18.9,85.0,45.1,0.0,0.0,0.0,11.7,0.0,16.3,96.7,152.8,1.0,3.2,310.0,1000.9,1000.9,2.7,5.1
2024-05-31 09:35:00+02:00,14.4,14.4,14.4,11.5,83.0,19.0,85.0,56.8,0.0,0.0,0.0,11.7,0.0,16.3,96.7,152.8,2.6,7.6,275.0,1000.9,1000.9,2.7,5.1
2024-05-31 09:40:00+02:00,14.3,14.3,14.6,11.6,84.0,19.1,85.0,70.0,0.0,0.0,0.0,11.7,0.0,16.3,96.7,152.8,1.1,7.6,296.0,1000.9,1000.9,2.7,5.1
2024-05-31 09:45:00+02:00,14.3,14.3,14.6,11.7,85.0,19.1,85.0,78.1,0.0,0.0,0.0,11.7,0.0,16.3,96.7,152.8,1.3,4.0,16.0,1000.9,1000.9,2.7,5.2
2024-05-31 09:50:00+02:00,14.3,14.3,14.8,11.6,84.0,19.1,85.0,89.3,0.0,0.0,0.0,11.7,0.0,16.3,96.7,152.8,0.4,5.4,112.0,1001.0,1001.0,2.7,5.2
2024-05-31 09:55:00+02:00,14.5,14.5,14.7,11.8,84.0,19.1,85.0,102.5,0.0,0.0,0.0,11.7,0.0,16.3,96.7,152.8,1.9,4.3,101.0,1001.0,1001.0,2.7,5.2
2024-05-31 10:00:00+02:00,14.7,14.7,15.3,12.1,84.0,19.2,85.0,101.7,0.0,0.0,0.0,11.7,0.0,16.3,96.7,152.8,0.4,4.0,35.0,1000.9,1000.9,2.7,5.2
2024-05-31 10:05:00+02:00,14.8,14.8,15.0,11.9,83.0,19.2,85.0,86.8,0.0,0.0,0.0,11.7,0.0,16.3,96.7,152.8,1.7,3.6,113.0,1001.0,1001.0,2.7,5.2
2024-05-31 10:10:00+02:00,14.8,14.8,15.0,11.9,83.0,19.2,85.0,86.8,0.0,0.0,0.0,11.7,0.0,16.3,96.7,152.8,1.7,4.0,83.0,1001.0,1001.0,2.7,5.2
2024-05-31 10:15:00+02:00,14.9,14.9,15.4,12.1,83.0,19.2,85.0,98.0,0.0,0.0,0.0,11.7,0.0,16.3,96.7,152.8,1.2,3.2,92.0,1001.1,1001.1,2.7,5.2
2024-05-31 10:20:00+02:00,15.1,15.1,15.4,12.1,82.0,19.3,85.0,111.4,1.0,0.0,0.0,11.7,0.0,16.3,96.7,152.8,1.4,3.2,108.0,1001.0,1001.0,2.7,5.2
2024-05-31 10:25:00+02:00,15.2,15.2,15.6,12.2,82.0,19.3,85.0,108.5,1.0,0.0,0.0,11.7,0.0,16.3,96.7,152.8,1.5,5.8,270.0,1000.9,1000.9,2.7,5.2
2024-05-31 10:30:00+02:00,15.0,15.0,15.3,12.0,82.0,19.3,85.0,103.5,0.0,0.0,0.0,11.7,0.0,16.3,96.7,152.8,1.9,5.8,286.0,1000.9,1000.9,2.7,5.2
2024-05-31 10:35:00+02:00,15.0,15.0,15.0,12.0,82.0,19.4,85.0,97.0,0.0,0.0,0.0,11.7,0.0,16.3,96.7,152.8,3.0,7.2,289.0,1001.0,1001.0,2.7,5.2
2024-05-31 10:40:00+02:00,14.5,14.5,13.7,11.7,84.0,19.4,85.0,95.1,0.0,0.0,0.0,11.7,0.0,16.3,96.7,152.8,6.8,8.3,300.0,1001.0,1001.0,2.7,5.2
2024-05-31 10:45:00+02:00,14.4,14.4,15.0,11.8,84.0,19.4,85.0,90.8,0.0,0.0,0.0,11.7,0.0,16.3,96.7,152.8,0.0,7.6,308.0,1001.0,1001.0,2.7,5.2
2024-05-31 10:50:00+02:00,14.6,14.6,14.5,12.0,84.0,19.4,85.0,84.9,0.0,0.0,0.0,11.7,0.0,16.3,96.7,152.8,3.8,6.5,305.0,1001.1,1001.1,2.7,5.2
2024-05-31 10:55:00+02:00,14.7,14.7,14.8,12.1,84.0,19.5,85.0,103.0,0.0,0.0,0.0,11.7,0.0,16.3,96.7,152.8,2.7,6.8,295.0,1001.1,1001.1,2.7,5.2
2024-05-31 11:00:00+02:00,14.7,14.7,15.1,12.1,84.0,19.5,85.0,156.4,1.0,0.0,0.0,11.7,0.0,16.3,96.7,152.8,1.5,6.8,129.0,1001.1,1001.1,2.7,5.2
2024-05-31 11:05:00+02:00,14.9,14.9,15.1,12.2,83.0,19.5,85.0,293.8,2.0,0.0,0.0,11.7,0.0,16.3,96.7,152.8,2.7,4.3,100.0,1001.2,1001.2,2.7,5.2
2024-05-31 11:10:00+02:00,15.4,15.4,15.9,12.3,82.0,19.6,85.0,624.5,5.0,0.0,0.0,11.7,0.0,16.3,96.7,152.8,0.9,4.0,131.0,1001.2,1001.2,2.7,5.2
2024-05-31 11:15:00+02:00,16.3,16.3,16.8,12.3,77.0,19.7,85.0,437.6,4.0,0.0,0.0,11.7,0.0,16.3,96.7,152.8,0.9,3.6,66.0,1001.2,1001.2,2.7,5.2
2024-05-31 11:20:00+02:00,16.9,16.9,17.5,12.5,75.0,19.8,85.0,513.7,4.0,0.0,0.0,11.7,0.0,16.3,96.7,152.8,1.2,5.4,101.0,1001.2,1001.2,2.7,5.2
2024-05-31 11:25:00+02:00,17.2,17.2,17.4,12.4,73.0,19.9,86.0,576.1,5.0,0.0,0.0,11.7,0.0,16.3,96.7,152.8,2.9,5.8,76.0,1001.1,1001.1,2.7,5.2
2024-05-31 11:30:00+02:00,17.5,17.5,18.0,12.2,71.0,20.1,86.0,736.6,6.0,0.0,0.0,11.7,0.0,16.3,96.7,152.8,1.2,5.0,82.0,1001.1,1001.1,2.7,5.2
2024-05-31 11:35:00+02:00,17.5,17.5,18.0,12.4,72.0,20.3,86.0,240.3,2.0,0.0,0.0,11.7,0.0,16.3,96.7,152.8,1.2,4.7,116.0,1001.1,1001.1,2.7,5.3
2024-05-31 11:40:00+02:00,17.4,17.4,17.8,12.2,72.0,20.5,86.0,186.9,1.0,0.0,0.0,11.7,0.0,16.3,96.7,152.8,0.9,3.2,212.0,1001.1,1001.1,2.7,5.3
2024-05-31 11:45:00+02:00,17.5,17.5,17.8,12.5,73.0,20.7,86.0,154.0,1.0,0.0,0.0,11.7,0.0,16.3,96.7,152.8,2.4,7.9,96.0,1001.1,1001.1,2.7,5.3
2024-05-31 11:50:00+02:00,17.2,17.2,17.5,12.5,74.0,20.7,86.0,226.5,2.0,0.0,0.0,11.7,0.0,16.3,96.7,152.8,2.4,6.8,110.0,1001.2,1001.2,2.7,5.3
2024-05-31 11:55:00+02:00,16.9,16.9,16.7,12.0,73.0,20.8,86.0,710.7,6.0,0.0,0.0,11.7,0.0,16.3,96.7,152.8,4.1,9.7,119.0,1001.3,1001.3,2.7,5.3
2024-05-31 12:00:00+02:00,16.9,16.9,16.8,12.2,74.0,21.0,86.0,309.0,2.0,0.0,0.0,11.7,0.0,16.3,96.7,152.8,4.2,8.3,120.0,1001.3,1001.3,2.7,5.3
2024-05-31 12:05:00+02:00,17.7,17.7,18.2,12.1,70.0,21.2,86.0,201.4,1.0,0.0,0.0,11.7,0.0,16.3,96.7,152.8,0.7,3.6,224.0,1001.3,1001.3,2.7,5.3
2024-05-31 12:10:00+02:00,18.1,18.1,18.5,11.8,67.0,21.2,86.0,182.2,1.0,0.0,0.0,11.7,0.0,16.3,96.7,152.8,0.7,5.0,37.0,1001.3,1001.3,2.7,5.3
2024-05-31 12:15:00+02:00,18.1,18.1,18.4,12.0,67.0,21.3,86.0,195.9,1.0,0.0,0.0,11.7,0.0,16.3,96.7,152.8,1.6,5.4,313.0,1001.3,1001.3,2.7,5.3
2024-05-31 12:20:00+02:00,17.6,17.6,17.8,11.8,69.0,21.4,86.0,240.8,2.0,0.0,0.0,11.7,0.0,16.3,96.7,152.8,2.1,7.2,323.0,1001.2,1001.2,2.7,5.3
2024-05-31 12:25:00+02:00,17.3,17.3,17.1,11.8,70.0,21.4,87.0,451.2,4.0,0.0,0.0,11.7,0.0,16.3,96.7,152.8,3.7,9.0,289.0,1001.3,1001.3,2.7,5.3
2024-05-31 12:30:00+02:00,18.2,18.2,18.4,11.9,66.0,21.6,86.0,717.7,6.0,0.0,0.0,11.7,0.0,16.3,96.7,152.8,2.1,6.1,76.0,1001.3,1001.3,2.7,5.3
2024-05-31 12:35:00+02:00,18.9,18.9,19.1,12.2,65.0,21.7,86.0,711.5,6.0,0.0,0.0,11.7,0.0,16.3,96.7,152.8,2.8,8.3,170.0,1001.3,1001.3,2.7,5.3
2024-05-31 12:40:00+02:00,19.7,19.7,20.0,12.2,62.0,21.8,86.0,540.3,5.0,0.0,0.0,11.7,0.0,16.3,96.7,152.8,1.9,8.3,32.0,1001.4,1001.4,2.7,5.3
2024-05-31 12:45:00+02:00,19.2,19.2,19.1,12.1,63.0,22.0,86.0,627.9,5.0,0.0,0.0,11.7,0.0,16.3,96.7,152.8,3.7,9.4,281.0,1001.3,1001.3,2.7,5.3
2024-05-31 12:50:00+02:00,19.2,19.2,19.3,11.7,62.0,22.2,86.0,605.3,5.0,0.0,0.0,11.7,0.0,16.3,96.7,152.8,2.2,5.8,214.0,1001.3,1001.3,2.7,5.3
2024-05-31 12:55:00+02:00,20.3,20.3,20.6,12.3,60.0,22.3,87.0,632.9,5.0,0.0,0.0,11.7,0.0,16.3,96.7,152.8,2.3,4.0,214.0,1001.3,1001.3,2.7,5.3
2024-05-31 13:00:00+02:00,20.0,20.0,20.3,12.1,60.0,22.5,86.0,287.4,2.0,0.0,0.0,0.0,0.0,16.3,96.7,152.8,1.4,6.5,88.0,1001.2,1001.2,2.7,5.3
2024-05-31 13:05:00+02:00,20.0,20.0,20.5,12.1,60.0,22.7,86.0,592.3,5.0,0.0,0.0,0.0,0.0,16.3,96.7,152.8,1.2,4.0,198.0,1001.1,1001.1,2.7,5.3
2024-05-31 13:10:00+02:00,20.7,20.7,20.9,12.1,58.0,22.8,87.0,493.5,4.0,0.0,0.0,0.0,0.0,16.3,96.7,152.8,2.2,5.4,223.0,1001.3,1001.3,2.7,5.3
2024-05-31 13:15:00+02:00,20.8,20.8,21.3,12.2,58.0,23.0,87.0,320.2,2.0,0.0,0.0,0.0,0.0,16.3,96.7,152.8,0.9,4.0,168.0,1001.2,1001.2,2.7,5.3
2024-05-31 13:20:00+02:00,21.0,21.0,20.9,12.0,57.0,23.1,87.0,611.1,5.0,0.0,0.0,0.0,0.0,16.3,96.7,152.8,3.4,5.8,294.0,1001.3,1001.3,2.7,5.3
2024-05-31 13:25:00+02:00,20.5,20.5,20.7,12.1,59.0,23.3,87.0,645.5,6.0,0.0,0.0,0.0,0.0,16.3,96.7,152.8,2.2,8.6,237.0,1001.2,1001.2,2.7,5.3
2024-05-31 13:30:00+02:00,22.0,22.0,22.4,12.2,54.0,23.4,87.0,713.4,6.0,0.0,0.0,0.0,0.0,16.3,96.7,152.8,1.4,5.0,201.0,1001.3,1001.3,2.7,5.3
2024-05-31 13:35:00+02:00,21.8,21.8,22.0,12.5,56.0,23.6,87.0,716.9,6.0,0.0,0.0,0.0,0.0,16.3,96.7,152.8,2.6,7.9,138.0,1001.3,1001.3,2.7,5.3
2024-05-31 13:40:00+02:00,20.2,20.2,20.3,12.0,59.0,23.8,87.0,169.8,1.0,0.0,0.0,0.0,0.0,16.3,96.7,152.8,2.7,5.0,194.0,1001.2,1001.2,2.7,5.3
2024-05-31 13:45:00+02:00,19.8,19.8,19.7,12.0,61.0,23.8,87.0,130.1,1.0,0.0,0.0,0.0,0.0,16.3,96.7,152.8,3.7,5.4,300.0,1001.2,1001.2,2.7,5.3
2024-05-31 13:50:00+02:00,19.0,19.0,19.0,12.0,64.0,24.0,87.0,129.3,1.0,0.0,0.0,0.0,0.0,16.3,96.7,152.8,3.5,8.3,292.0,1001.2,1001.2,2.7,5.3
2024-05-31 13:55:00+02:00,19.1,19.1,19.1,12.0,63.0,24.0,87.0,130.5,1.0,0.0,0.0,0.0,0.0,16.3,96.7,152.8,3.7,11.5,257.0,1001.3,1001.3,2.7,5.3
2024-05-31 14:00:00+02:00,18.7,18.7,18.4,12.0,65.0,24.1,87.0,118.8,1.0,0.0,0.0,0.0,0.0,16.3,96.7,152.8,5.0,11.5,274.0,1001.4,1001.4,2.7,5.3
2024-05-31 14:05:00+02:00,18.6,18.6,18.5,11.9,65.0,24.2,86.0,91.7,0.0,0.0,0.0,0.0,0.0,16.3,96.7,152.8,3.4,9.0,298.0,1001.5,1001.5,2.7,5.3
2024-05-31 14:10:00+02:00,17.7,17.7,17.5,11.7,68.0,24.2,86.0,85.5,0.0,0.0,0.0,0.0,0.0,16.3,96.7,152.8,3.7,9.7,286.0,1001.5,1001.5,2.7,5.3
2024-05-31 14:15:00+02:00,17.8,17.8,18.0,11.7,68.0,24.3,86.0,77.5,0.0,0.0,0.0,0.0,0.0,16.3,96.7,152.8,1.2,6.5,307.0,1001.6,1001.6,2.7,5.3
2024-05-31 14:20:00+02:00,17.7,17.7,18.0,11.7,68.0,24.2,86.0,81.7,0.0,0.0,0.0,0.0,0.0,16.3,96.7,152.8,1.2,4.3,292.0,1001.5,1001.5,2.7,5.3
2024-05-31 14:25:00+02:00,17.6,17.6,17.4,12.0,69.0,24.2,86.0,87.1,0.0,0.0,0.0,0.0,0.0,16.3,96.7,152.8,4.2,9.0,277.0,1001.6,1001.6,2.7,5.3
2024-05-31 14:30:00+02:00,17.8,17.8,18.2,12.1,69.0,24.2,86.0,98.0,0.0,0.0,0.0,0.0,0.0,16.3,96.7,152.8,1.2,6.8,256.0,1001.6,1001.6,2.7,5.3
2024-05-31 14:35:00+02:00,17.8,17.8,18.0,12.2,70.0,24.2,86.0,112.7,1.0,0.0,0.0,0.0,0.0,16.3,96.7,152.8,2.6,9.4,275.0,1001.6,1001.6,2.7,5.3
2024-05-31 14:40:00+02:00,17.8,17.8,18.1,12.3,70.0,24.2,86.0,129.8,1.0,0.0,0.0,0.0,0.0,16.3,96.7,152.8,2.2,6.5,311.0,1001.7,1001.7,2.7,5.3
2024-05-31 14:45:00+02:00,18.0,18.0,18.1,12.4,70.0,24.2,86.0,153.0,1.0,0.0,0.0,0.0,0.0,16.3,96.7,152.8,3.4,9.0,283.0,1001.6,1001.6,2.7,5.3
2024-05-31 14:50:00+02:00,17.9,17.9,17.9,12.4,70.0,24.2,86.0,164.4,1.0,0.0,0.0,0.0,0.0,16.3,96.7,152.8,3.8,9.0,286.0,1001.7,1001.7,2.7,5.3
2024-05-31 14:55:00+02:00,18.1,18.1,18.1,12.2,69.0,24.2,86.0,184.4,1.0,0.0,0.0,0.0,0.0,16.3,96.7,152.8,3.3,7.2,282.0,1001.7,1001.7,2.7,5.2
2024-05-31 15:00:00+02:00,18.0,18.0,18.3,12.2,69.0,24.2,86.0,184.0,1.0,0.0,0.0,0.0,0.0,16.3,96.7,152.8,1.9,10.1,240.0,1001.6,1001.6,2.7,5.2
2024-05-31 15:05:00+02:00,18.4,18.4,18.7,12.3,68.0,24.3,86.0,197.2,1.0,0.0,0.0,0.0,0.0,16.3,96.7,152.8,2.4,7.9,292.0,1001.7,1001.7,2.7,5.2
2024-05-31 15:10:00+02:00,18.1,18.1,17.6,12.2,68.0,24.2,86.0,204.7,1.0,0.0,0.0,0.0,0.0,16.3,96.7,152.8,6.1,11.2,289.0,1001.7,1001.7,2.7,5.2
2024-05-31 15:15:00+02:00,18.1,18.1,18.2,12.1,68.0,24.3,86.0,202.1,1.0,0.0,0.0,0.0,0.0,16.3,96.7,152.8,2.9,8.3,264.0,1001.8,1001.8,2.7,5.2
2024-05-31 15:20:00+02:00,18.5,18.5,18.8,12.4,67.0,24.3,86.0,243.2,2.0,0.0,0.0,0.0,0.0,16.3,96.7,152.8,2.3,7.2,295.0,1001.6,1001.6,2.7,5.2
2024-05-31 15:25:00+02:00,19.0,19.0,19.3,12.3,65.0,24.3,86.0,162.9,1.0,0.0,0.0,0.0,0.0,16.3,96.7,152.8,2.2,7.2,193.0,1001.6,1001.6,2.7,5.2
2024-05-31 15:30:00+02:00,18.9,18.9,19.2,12.3,65.0,24.3,86.0,190.3,1.0,0.0,0.0,0.0,0.0,16.3,96.7,152.8,1.8,7.2,267.0,1001.6,1001.6,2.7,5.2
2024-05-31 15:35:00+02:00,18.9,18.9,19.3,12.5,67.0,24.3,86.0,220.1,2.0,0.0,0.0,0.0,0.0,16.3,96.7,152.8,2.0,8.3,227.0,1001.6,1001.6,2.7,5.2
2024-05-31 15:40:00+02:00,19.0,19.0,19.4,12.7,67.0,24.3,86.0,386.7,3.0,0.0,0.0,0.0,0.0,16.3,96.7,152.8,2.4,9.0,276.0,1001.5,1001.5,2.7,5.2
2024-05-31 15:45:00+02:00,19.2,19.2,19.3,12.6,65.0,24.3,86.0,521.8,4.0,0.0,0.0,0.0,0.0,16.3,96.7,152.8,3.7,7.9,310.0,1001.7,1001.7,2.7,5.3
2024-05-31 15:50:00+02:00,19.3,19.3,18.9,12.3,64.0,24.4,86.0,542.5,5.0,0.0,0.0,0.0,0.0,16.3,96.7,152.8,5.6,13.3,249.0,1001.5,1001.5,2.7,5.3
2024-05-31 15:55:00+02:00,19.7,19.7,19.5,12.2,62.0,24.4,86.0,572.3,5.0,0.0,0.0,0.0,0.0,16.3,96.7,152.8,4.5,13.0,260.0,1001.7,1001.7,2.7,5.3
2024-05-31 16:00:00+02:00,20.7,20.7,20.4,12.6,60.0,24.4,86.0,530.0,4.0,0.0,0.0,0.0,0.0,16.3,96.7,152.8,5.8,15.8,275.0,1001.4,1001.4,2.7,5.3
2024-05-31 16:05:00+02:00,19.9,19.9,19.3,12.4,62.0,24.5,86.0,538.0,5.0,0.0,0.0,0.0,0.0,16.3,96.7,152.8,6.9,16.6,280.0,1001.5,1001.5,2.7,5.3
2024-05-31 16:10:00+02:00,20.4,20.4,20.5,12.6,61.0,24.5,86.0,559.0,5.0,0.0,0.0,0.0,0.0,16.3,96.7,152.8,3.3,9.4,291.0,1001.4,1001.4,2.7,5.3
2024-05-31 16:15:00+02:00,20.0,20.0,19.8,12.7,63.0,24.6,86.0,525.1,4.0,0.0,0.0,0.0,0.0,16.3,96.7,152.8,5.5,14.4,285.0,1001.4,1001.4,2.7,5.3
2024-05-31 16:20:00+02:00,20.7,20.7,20.5,12.2,58.0,24.6,86.0,444.3,4.0,0.0,0.0,0.0,0.0,16.3,96.7,152.8,4.4,7.2,252.0,1001.3,1001.3,2.7,5.3
2024-05-31 16:25:00+02:00,21.4,21.4,21.4,12.8,58.0,24.7,86.0,498.9,4.0,0.0,0.0,0.0,0.0,16.3,96.7,152.8,4.4,15.1,284.0,1001.3,1001.3,2.7,5.3
2024-05-31 16:30:00+02:00,20.4,20.4,20.3,12.8,62.0,24.8,86.0,480.8,4.0,0.0,0.0,0.0,0.0,16.3,96.7,152.8,5.0,15.1,296.0,1001.3,1001.3,2.7,5.3
2024-05-31 16:35:00+02:00,20.9,20.9,20.7,13.0,61.0,24.8,86.0,435.1,4.0,0.0,0.0,0.0,0.0,16.3,96.7,152.8,6.1,15.1,286.0,1001.4,1001.4,2.7,5.3
2024-05-31 16:40:00+02:00,20.9,20.9,21.5,13.0,61.0,24.9,86.0,445.1,4.0,0.0,0.0,0.0,0.0,16.3,96.7,152.8,1.7,15.1,67.0,1001.4,1001.4,2.7,5.3
2024-05-31 16:45:00+02:00,21.6,21.6,21.9,13.1,58.0,25.0,86.0,472.0,4.0,0.0,0.0,0.0,0.0,16.3,96.7,152.8,3.4,12.6,271.0,1001.4,1001.4,2.7,5.3
2024-05-31 16:50:00+02:00,21.4,21.4,21.7,13.1,59.0,25.0,86.0,480.7,4.0,0.0,0.0,0.0,0.0,16.3,96.7,152.8,3.1,12.6,256.0,1001.4,1001.4,2.7,5.3
2024-05-31 16:55:00+02:00,22.0,22.0,22.0,13.0,57.0,25.2,86.0,461.5,4.0,0.0,0.0,0.0,0.0,16.3,96.7,152.8,4.9,10.1,295.0,1001.3,1001.3,2.7,5.3
2024-05-31 17:00:00+02:00,21.7,21.7,21.7,13.0,58.0,25.2,86.0,461.5,4.0,0.0,0.0,0.0,0.0,16.3,96.7,152.8,4.8,11.9,269.0,1001.4,1001.4,2.7,5.3
2024-05-31 17:05:00+02:00,21.8,21.8,22.3,13.1,58.0,25.3,86.0,290.7,2.0,0.0,0.0,0.0,0.0,16.3,96.7,152.8,2.3,6.8,109.0,1001.4,1001.4,2.7,5.3
2024-05-31 17:10:00+02:00,21.6,21.6,22.3,13.1,58.0,25.3,87.0,249.4,2.0,0.0,0.0,0.0,0.0,16.3,96.7,152.8,1.1,5.8,257.0,1001.3,1001.3,2.7,5.3
2024-05-31 17:15:00+02:00,21.7,21.7,22.1,13.0,58.0,25.4,87.0,317.6,2.0,0.0,0.0,0.0,0.0,16.3,96.7,152.8,2.7,5.8,266.0,1001.4,1001.4,2.7,5.3
2024-05-31 17:20:00+02:00,20.7,20.7,20.3,12.7,60.0,25.4,87.0,364.1,3.0,0.0,0.0,0.0,0.0,16.3,96.7,152.8,6.4,18.4,307.0,1001.2,1001.2,2.7,5.3
2024-05-31 17:25:00+02:00,20.6,20.6,20.6,12.4,59.0,25.5,87.0,327.9,3.0,0.0,0.0,0.0,0.0,16.3,96.7,152.8,3.8,18.4,264.0,1001.3,1001.3,2.7,5.3
2024-05-31 17:30:00+02:00,20.9,20.9,21.0,12.6,59.0,25.5,87.0,297.6,2.0,0.0,0.0,0.0,0.0,16.3,96.7,152.8,3.6,9.7,267.0,1001.3,1001.3,2.7,5.3
2024-05-31 17:35:00+02:00,21.1,21.1,21.3,12.5,58.0,25.6,87.0,324.4,3.0,0.0,0.0,0.0,0.0,16.3,96.7,152.8,3.0,8.3,137.0,1001.4,1001.4,2.7,5.3
2024-05-31 17:40:00+02:00,21.1,21.1,21.4,12.5,58.0,25.5,87.0,313.6,2.0,0.0,0.0,0.0,0.0,16.3,96.7,152.8,2.3,7.6,215.0,1001.4,1001.4,2.7,5.3
2024-05-31 17:45:00+02:00,21.1,21.1,20.7,12.5,58.0,25.6,87.0,297.2,2.0,0.0,0.0,0.0,0.0,16.3,96.7,152.8,5.9,14.8,268.0,1001.4,1001.4,2.7,5.3
2024-05-31 17:50:00+02:00,21.2,21.2,20.8,12.6,58.0,25.6,87.0,306.2,2.0,0.0,0.0,0.0,0.0,16.3,96.7,152.8,6.2,13.3,282.0,1001.3,1001.3,2.7,5.3
2024-05-31 17:55:00+02:00,21.1,21.1,21.0,12.6,58.0,25.6,87.0,312.4,2.0,0.0,0.0,0.0,0.0,16.3,96.7,152.8,4.4,13.3,254.0,1001.5,1001.5,2.7,5.3
2024-05-31 18:00:00+02:00,21.3,21.3,21.0,12.2,56.0,25.6,87.0,266.8,2.0,0.0,0.0,0.0,0.0,16.3,96.7,152.8,4.7,10.8,235.0,1001.3,1001.3,2.7,5.3
2024-05-31 18:05:00+02:00,21.5,21.5,21.8,12.5,57.0,25.7,87.0,204.9,1.0,0.0,0.0,0.0,0.0,16.3,96.7,152.8,2.3,5.4,245.0,1001.3,1001.3,2.7,5.3
2024-05-31 18:10:00+02:00,20.7,20.7,20.4,12.0,57.0,25.7,87.0,91.1,0.0,0.0,0.0,0.0,0.0,16.3,96.7,152.8,5.3,13.0,273.0,1001.3,1001.3,2.7,5.3
2024-05-31 18:15:00+02:00,20.3,20.3,20.7,12.1,59.0,25.7,87.0,62.6,0.0,0.0,0.0,0.0,0.0,16.3,96.7,152.8,1.5,5.8,207.0,1001.2,1001.2,2.7,5.3
2024-05-31 18:20:00+02:00,20.1,20.1,20.3,12.3,61.0,25.6,87.0,52.9,0.0,0.0,0.0,0.0,0.0,16.3,96.7,152.8,2.5,6.5,300.0,1001.5,1001.5,2.7,5.3
2024-05-31 18:25:00+02:00,19.8,19.8,19.7,12.1,61.0,25.6,86.0,42.1,0.0,0.0,0.0,0.0,0.0,16.3,96.7,152.8,4.3,10.4,262.0,1001.4,1001.4,2.7,5.3
2024-05-31 18:30:00+02:00,19.3,19.3,18.5,12.1,63.0,25.6,86.0,16.1,0.0,0.0,0.0,0.0,0.0,16.3,96.7,152.8,7.4,16.2,277.0,1001.5,1001.5,2.7,5.3
2024-05-31 18:35:00+02:00,18.9,18.9,18.5,12.1,65.0,25.6,86.0,14.7,0.0,0.0,0.0,0.0,0.0,16.3,96.7,152.8,5.5,10.1,278.0,1001.6,1001.6,2.7,5.3
2024-05-31 18:40:00+02:00,18.7,18.7,18.8,12.1,66.0,25.5,86.0,16.6,0.0,0.0,0.0,0.0,0.0,16.3,96.7,152.8,2.9,13.0,292.0,1001.5,1001.5,2.7,5.3
2024-05-31 18:45:00+02:00,18.5,18.5,18.5,12.2,67.0,25.5,86.0,19.8,0.0,0.0,0.0,0.0,0.0,16.3,96.7,152.8,3.0,8.3,293.0,1001.6,1001.6,2.7,5.2
2024-05-31 18:50:00+02:00,18.4,18.4,18.8,12.2,67.0,25.4,86.0,22.9,0.0,0.0,0.0,0.0,0.0,16.3,96.7,152.8,1.5,4.3,306.0,1001.6,1001.6,2.7,5.2
2024-05-31 18:55:00+02:00,18.3,18.3,18.2,12.1,67.0,25.4,86.0,23.7,0.0,0.0,0.0,0.0,0.0,16.3,96.7,152.8,3.9,7.9,268.0,1001.8,1001.8,2.7,5.2
2024-05-31 19:00:00+02:00,18.4,18.4,17.9,11.4,64.0,25.3,86.0,24.3,0.0,0.0,0.0,0.0,0.0,16.3,96.7,152.8,4.6,14.0,273.0,1001.8,1001.8,2.7,5.2
2024-05-31 19:05:00+02:00,18.4,18.4,18.1,11.0,62.0,25.3,85.0,30.9,0.0,0.0,0.0,0.0,0.0,16.3,96.7,152.8,3.4,10.4,268.0,1001.9,1001.9,2.7,5.2
2024-05-31 19:10:00+02:00,18.4,18.4,18.0,10.8,61.0,25.2,85.0,38.2,0.0,0.0,0.0,0.0,0.0,16.3,96.7,152.8,3.7,14.0,278.0,1001.8,1001.8,2.7,5.2
2024-05-31 19:15:00+02:00,18.4,18.4,16.9,10.7,61.0,25.2,85.0,49.9,0.0,0.0,0.0,0.0,0.0,16.3,96.7,152.8,9.0,14.0,273.0,1001.9,1001.9,2.7,5.2
2024-05-31 19:20:00+02:00,18.5,18.5,17.0,10.8,61.0,25.1,85.0,66.4,0.0,0.0,0.0,0.0,0.0,16.3,96.7,152.8,9.0,18.0,311.0,1001.8,1001.8,2.7,5.2
2024-05-31 19:25:00+02:00,18.6,18.6,17.2,11.2,62.0,25.0,85.0,69.9,0.0,0.0,0.0,0.0,0.0,16.3,96.7,152.8,9.4,18.0,287.0,1001.9,1001.9,2.7,5.2
2024-05-31 19:30:00+02:00,18.7,18.7,18.0,11.5,63.0,25.0,85.0,72.1,0.0,0.0,0.0,0.0,0.0,16.3,96.7,152.8,5.7,13.3,291.0,1002.1,1002.1,2.7,5.2
2024-05-31 19:35:00+02:00,18.7,18.7,18.3,11.6,63.0,24.9,85.0,66.5,0.0,0.0,0.0,0.0,0.0,16.3,96.7,152.8,4.5,12.2,265.0,1002.1,1002.1,2.7,5.2
2024-05-31 19:40:00+02:00,18.7,18.7,17.8,11.6,63.0,24.8,85.0,64.8,0.0,0.0,0.0,0.0,0.0,16.3,96.7,152.8,6.8,18.7,266.0,1002.2,1002.2,2.7,5.2
2024-05-31 19:45:00+02:00,18.5,18.5,18.3,11.7,65.0,24.8,85.0,60.9,0.0,0.0,0.0,0.0,0.0,16.3,96.7,152.8,3.7,13.3,271.0,1002.2,1002.2,2.7,5.2
2024-05-31 19:50:00+02:00,18.4,18.4,18.1,11.8,65.0,24.8,85.0,49.2,0.0,0.0,0.0,0.0,0.0,16.3,96.7,152.8,4.3,11.9,258.0,1002.3,1002.3,2.7,5.2
2024-05-31 19:55:00+02:00,18.2,18.2,17.8,11.8,66.0,24.7,85.0,39.5,0.0,0.0,0.0,0.0,0.0,16.3,96.7,152.8,4.6,11.9,275.0,1002.4,1002.4,2.7,5.2
2024-05-31 20:00:00+02:00,18.0,18.0,17.8,11.9,67.0,24.7,85.0,37.2,0.0,0.0,0.0,0.0,0.0,16.3,96.7,152.8,4.4,7.2,268.0,1002.3,1002.3,2.7,5.2
2024-05-31 20:05:00+02:00,18.0,18.0,17.7,12.0,68.0,24.7,85.0,35.3,0.0,0.0,0.0,0.0,0.0,16.3,96.7,152.8,4.5,8.3,281.0,1002.2,1002.2,2.7,5.2
2024-05-31 20:10:00+02:00,17.8,17.8,17.7,12.0,69.0,24.6,85.0,32.0,0.0,0.0,0.0,0.0,0.0,16.3,96.7,152.8,3.5,11.9,281.0,1002.3,1002.3,2.7,5.2
2024-05-31 20:15:00+02:00,17.7,17.7,17.1,12.1,70.0,24.6,85.0,29.1,0.0,0.0,0.0,0.0,0.0,16.3,96.7,152.8,6.6,10.4,280.0,1002.4,1002.4,2.7,5.2
2024-05-31 20:20:00+02:00,17.7,17.7,17.2,12.2,70.0,24.5,85.0,27.4,0.0,0.0,0.0,0.0,0.0,16.3,96.7,152.8,5.8,11.2,286.0,1002.3,1002.3,2.7,5.2
2024-05-31 20:25:00+02:00,17.5,17.5,17.5,12.4,72.0,24.4,85.0,23.8,0.0,0.0,0.0,0.0,0.0,16.3,96.7,152.8,3.9,8.3,272.0,1002.6,1002.6,2.7,5.2
2024-05-31 20:30:00+02:00,17.5,17.5,17.3,12.4,72.0,24.4,85.0,20.3,0.0,0.0,0.0,0.0,0.0,16.3,96.7,152.8,4.8,11.5,294.0,1002.5,1002.5,2.7,5.2
2024-05-31 20:35:00+02:00,17.4,17.4,17.3,12.5,73.0,24.3,85.0,16.2,0.0,0.0,0.0,0.0,0.0,16.3,96.7,152.8,4.3,11.5,301.0,1002.5,1002.5,2.7,5.2
2024-05-31 20:40:00+02:00,17.3,17.3,17.1,12.5,73.0,24.3,85.0,14.1,0.0,0.0,0.0,0.0,0.0,16.3,96.7,152.8,5.0,9.0,275.0,1002.7,1002.7,2.7,5.2
2024-05-31 20:45:00+02:00,17.3,17.3,17.1,12.8,75.0,24.2,85.0,13.0,0.0,0.0,0.0,0.0,0.0,16.3,96.7,152.8,5.5,9.7,295.0,1002.5,1002.5,2.7,5.2
2024-05-31 20:50:00+02:00,17.2,17.2,16.7,12.9,76.0,24.2,85.0,10.2,0.0,0.0,0.0,0.0,0.0,16.3,96.7,152.8,7.1,11.9,280.0,1002.6,1002.6,2.7,5.2
2024-05-31 20:55:00+02:00,17.1,17.1,17.3,13.1,77.0,24.1,84.0,8.1,0.0,0.0,0.0,0.0,0.0,16.3,96.7,152.8,4.0,11.2,275.0,1002.6,1002.6,2.7,5.2
2024-05-31 21:00:00+02:00,17.1,17.1,17.4,13.1,77.0,24.0,84.0,7.7,0.0,0.0,0.0,0.0,0.0,16.3,96.7,152.8,3.4,11.2,271.0,1002.7,1002.7,2.7,5.2
2024-05-31 21:05:00+02:00,17.1,17.1,17.5,13.1,78.0,24.0,84.0,5.0,0.0,0.0,0.0,0.0,0.0,16.3,96.7,152.8,3.0,6.5,299.0,1002.7,1002.7,2.7,5.2
2024-05-31 21:10:00+02:00,17.0,17.0,17.2,13.2,78.0,23.9,84.0,5.5,0.0,0.0,0.0,0.0,0.0,16.3,96.7,152.8,3.8,9.0,261.0,1002.8,1002.8,2.7,5.2
2024-05-31 21:15:00+02:00,17.0,17.0,17.1,13.2,79.0,23.8,84.0,3.6,0.0,0.0,0.0,0.0,0.0,16.3,96.7,152.8,4.2,13.0,269.0,1002.7,1002.7,2.7,5.2
2024-05-31 21:20:00+02:00,16.9,16.9,16.8,13.2,79.0,23.7,85.0,3.6,0.0,0.0,0.0,0.0,0.0,16.3,96.7,152.8,5.5,9.0,283.0,1002.8,1002.8,2.7,5.2
2024-05-31 21:25:00+02:00,16.9,16.9,17.0,13.4,80.0,23.7,84.0,3.5,0.0,0.0,0.0,0.0,0.0,16.3,96.7,152.8,4.8,7.9,271.0,1002.8,1002.8,2.7,5.2
2024-05-31 21:30:00+02:00,16.8,16.8,17.2,13.3,80.0,23.7,84.0,2.8,0.0,0.0,0.0,0.0,0.0,16.3,96.7,152.8,3.2,9.4,270.0,1002.8,1002.8,2.7,5.2
2024-05-31 21:35:00+02:00,16.8,16.8,17.2,13.4,80.0,23.6,84.0,1.7,0.0,0.0,0.0,0.0,0.0,16.3,96.7,152.8,3.6,10.1,269.0,1002.7,1002.7,2.7,5.2
2024-05-31 21:40:00+02:00,16.7,16.7,17.2,13.4,81.0,23.6,84.0,1.6,0.0,0.0,0.0,0.0,0.0,16.3,96.7,152.8,3.0,8.6,280.0,1002.8,1002.8,2.7,5.2
2024-05-31 21:45:00+02:00,16.7,16.7,16.7,13.3,80.0,23.5,84.0,1.1,0.0,0.0,0.0,0.0,0.0,16.3,96.7,152.8,5.0,9.7,243.0,1002.9,1002.9,2.7,5.2
2024-05-31 21:50:00+02:00,16.6,16.6,16.7,13.0,79.0,23.4,84.0,0.7,0.0,0.0,0.0,0.0,0.0,16.3,96.7,152.8,4.0,9.7,277.0,1003.0,1003.0,2.7,5.2
2024-05-31 21:55:00+02:00,16.6,16.6,16.5,12.9,79.0,23.4,84.0,0.4,0.0,0.0,0.0,0.0,0.0,16.3,96.7,152.8,5.0,11.2,263.0,1003.1,1003.1,2.7,5.2
2024-05-31 22:00:00+02:00,16.5,16.5,16.5,12.8,79.0,23.3,84.0,0.2,0.0,0.0,0.0,0.0,0.0,16.3,96.7,152.8,4.7,14.0,295.0,1003.1,1003.1,2.7,5.2
2024-05-31 22:05:00+02:00,16.4,16.4,16.0,12.7,79.0,23.2,84.0,0.1,0.0,0.0,0.0,0.0,0.0,16.3,96.7,152.8,6.6,12.6,295.0,1003.2,1003.2,2.7,5.1
2024-05-31 22:10:00+02:00,16.4,16.4,16.5,12.9,80.0,23.2,84.0,0.0,0.0,0.0,0.0,0.0,0.0,16.3,96.7,152.8,4.2,8.6,284.0,1003.3,1003.3,2.7,5.1
2024-05-31 22:15:00+02:00,16.3,16.3,16.5,12.9,80.0,23.1,84.0,0.0,0.0,0.0,0.0,0.0,0.0,16.3,96.7,152.8,3.5,6.5,298.0,1003.3,1003.3,2.7,5.1
2024-05-31 22:20:00+02:00,16.2,16.2,16.7,12.9,81.0,23.0,84.0,0.0,0.0,0.0,0.0,0.0,0.0,16.3,96.7,152.8,2.1,4.3,320.0,1003.4,1003.4,2.7,5.1
2024-05-31 22:25:00+02:00,16.1,16.1,16.5,12.8,81.0,23.0,84.0,0.0,0.0,0.0,0.0,0.0,0.0,16.3,96.7,152.8,2.7,5.8,321.0,1003.3,1003.3,2.7,5.1
2024-05-31 22:30:00+02:00,16.1,16.1,16.3,12.8,81.0,22.9,84.0,0.0,0.0,0.0,0.0,0.0,0.0,16.3,96.7,152.8,3.6,7.9,286.0,1003.5,1003.5,2.7,5.1
2024-05-31 22:35:00+02:00,16.1,16.1,16.7,12.8,81.0,22.8,84.0,0.0,0.0,0.0,0.0,0.0,0.0,16.3,96.7,152.8,1.5,7.9,274.0,1003.5,1003.5,2.7,5.1
2024-05-31 22:40:00+02:00,16.0,16.0,16.0,12.7,81.0,22.8,84.0,0.0,0.0,0.0,0.0,0.0,0.0,16.3,96.7,152.8,4.5,10.1,276.0,1003.3,1003.3,2.7,5.1
2024-05-31 22:45:00+02:00,16.0,16.0,16.0,12.8,81.0,22.7,84.0,0.0,0.0,0.0,0.0,0.0,0.0,16.3,96.7,152.8,4.2,13.0,298.0,1003.5,1003.5,2.7,5.1
2024-05-31 22:50:00+02:00,16.0,16.0,16.4,12.9,82.0,22.7,84.0,0.0,0.0,0.0,0.0,0.0,0.0,16.3,96.7,152.8,2.4,11.9,288.0,1003.4,1003.4,2.7,5.1
2024-05-31 22:55:00+02:00,16.0,16.0,16.3,12.9,82.0,22.6,84.0,0.0,0.0,0.0,0.0,0.0,0.0,16.3,96.7,152.8,3.4,7.9,282.0,1003.4,1003.4,2.7,5.1
2024-05-31 23:00:00+02:00,16.0,16.0,16.4,12.9,82.0,22.5,84.0,0.0,0.0,0.0,0.0,0.0,0.0,16.3,96.7,152.8,2.5,5.4,269.0,1003.5,1003.5,2.7,5.1
2024-05-31 23:05:00+02:00,15.9,15.9,16.8,12.8,82.0,22.4,84.0,0.0,0.0,0.0,0.0,0.0,0.0,16.3,96.7,152.8,0.0,4.3,266.0,1003.5,1003.5,2.7,5.1
2024-05-31 23:10:00+02:00,15.8,15.8,16.2,12.9,83.0,22.4,84.0,0.0,0.0,0.0,0.0,0.0,0.0,16.3,96.7,152.8,2.9,6.5,270.0,1003.3,1003.3,2.7,5.1
2024-05-31 23:15:00+02:00,15.8,15.8,16.2,13.0,83.0,22.3,84.0,0.0,0.0,0.0,0.0,0.0,0.0,16.3,96.7,152.8,2.7,7.2,309.0,1003.3,1003.3,2.7,5.1
2024-05-31 23:20:00+02:00,15.8,15.8,15.9,12.9,83.0,22.3,84.0,0.0,0.0,0.0,0.0,0.0,0.0,16.3,96.7,152.8,4.0,8.6,294.0,1003.4,1003.4,2.7,5.1
2024-05-31 23:25:00+02:00,15.8,15.8,16.1,12.9,83.0,22.3,84.0,0.0,0.0,0.0,0.0,0.0,0.0,16.3,96.7,152.8,3.2,5.0,299.0,1003.4,1003.4,2.7,5.1
2024-05-31 23:30:00+02:00,15.8,15.8,16.3,12.9,83.0,22.2,84.0,0.0,0.0,0.0,0.0,0.0,0.0,16.3,96.7,152.8,2.2,6.8,285.0,1003.3,1003.3,2.7,5.1
2024-05-31 23:35:00+02:00,15.8,15.8,16.3,12.9,83.0,22.2,84.0,0.0,0.0,0.0,0.0,0.0,0.0,16.3,96.7,152.8,2.3,6.8,269.0,1003.3,1003.3,2.7,5.1
2024-05-31 23:40:00+02:00,15.8,15.8,15.8,12.9,83.0,22.1,84.0,0.0,0.0,0.0,0.0,0.0,0.0,16.3,96.7,152.8,4.5,10.8,285.0,1003.4,1003.4,2.7,5.1
2024-05-31 23:45:00+02:00,15.8,15.8,16.4,12.9,83.0,22.0,84.0,0.0,0.0,0.0,0.0,0.0,0.0,16.3,96.7,152.8,1.4,5.4,283.0,1003.4,1003.4,2.7,5.1
2024-05-31 23:50:00+02:00,15.7,15.7,16.0,13.0,84.0,22.0,84.0,0.0,0.0,0.0,0.0,0.0,0.0,16.3,96.7,152.8,3.5,11.5,304.0,1003.5,1003.5,2.7,5.1
2024-05-31 23:55:00+02:00,15.7,15.7,15.8,13.0,84.0,21.9,84.0,0.0,0.0,0.0,0.0,0.0,0.0,16.3,96.7,152.8,4.3,8.6,276.0,1003.7,1003.7,2.7,5.0
2024-06-01 02:00:00+02:00,14.4,14.4,14.7,12.6,89.0,20.9,84.0,0.0,0.0,0.0,0.0,0.0,0.0,16.3,0.0,152.8,2.5,4.3,274.0,1004.1,1004.1,2.7,4.9
2024-06-01 02:05:00+02:00,14.4,14.4,14.8,12.6,89.0,20.8,84.0,0.0,0.0,0.0,0.0,0.0,0.0,16.3,0.0,152.8,1.9,7.2,273.0,1004.2,1004.2,2.7,4.9
2024-06-01 02:10:00+02:00,14.4,14.4,14.7,12.6,89.0,20.8,84.0,0.0,0.0,0.0,0.0,0.0,0.0,16.3,0.0,152.8,2.4,7.2,249.0,1004.1,1004.1,2.7,4.9
2024-06-01 02:15:00+02:00,14.4,14.4,15.1,12.6,89.0,20.8,84.0,0.0,0.0,0.0,0.0,0.0,0.0,16.3,0.0,152.8,0.6,4.3,271.0,1004.0,1004.0,2.7,4.9
2024-06-01 02:20:00+02:00,14.4,14.4,14.7,12.7,89.0,20.7,84.0,0.0,0.0,0.0,0.0,0.0,0.0,16.3,0.0,152.8,2.9,6.1,296.0,1004.1,1004.1,2.7,4.9
2024-06-01 02:25:00+02:00,14.5,14.5,15.0,12.7,89.0,20.7,84.0,0.0,0.0,0.0,0.0,0.0,0.0,16.3,0.0,152.8,1.7,5.4,280.0,1004.0,1004.0,2.7,4.9
2024-06-01 02:30:00+02:00,14.5,14.5,15.0,12.7,89.0,20.7,84.0,0.0,0.0,0.0,0.0,0.0,0.0,16.3,0.0,152.8,1.6,4.7,345.0,1004.0,1004.0,2.7,4.9
2024-06-01 02:35:00+02:00,14.5,14.5,14.9,12.7,89.0,20.6,84.0,0.0,0.0,0.0,0.0,0.0,0.0,16.3,0.0,152.8,2.2,5.8,275.0,1003.9,1003.9,2.7,4.9
2024-06-01 02:40:00+02:00,14.5,14.5,15.1,12.7,89.0,20.6,84.0,0.0,0.0,0.0,0.0,0.0,0.0,16.3,0.0,152.8,1.4,4.7,276.0,1003.9,1003.9,2.7,4.9
2024-06-01 02:45:00+02:00,14.5,14.5,14.7,12.7,89.0,20.6,84.0,0.0,0.0,0.0,0.0,0.0,0.0,16.3,0.0,152.8,3.2,7.2,276.0,1003.9,1003.9,2.7,4.9
2024-06-01 02:50:00+02:00,14.5,14.5,14.8,12.6,88.0,20.5,84.0,0.0,0.0,0.0,0.0,0.0,0.0,16.3,0.0,152.8,2.4,5.8,305.0,1003.9,1003.9,2.7,4.9
2024-06-01 02:55:00+02:00,14.5,14.5,14.7,12.6,88.0,20.5,84.0,0.0,0.0,0.0,0.0,0.0,0.0,16.3,0.0,152.8,3.3,8.3,263.0,1003.9,1003.9,2.7,4.9
2024-06-01 03:00:00+02:00,14.6,14.6,15.1,12.6,88.0,20.4,84.0,0.0,0.0,0.0,0.0,0.0,0.0,16.3,0.0,152.8,1.2,7.6,267.0,1003.9,1003.9,2.7,4.9
2024-06-01 03:05:00+02:00,14.6,14.6,15.3,12.7,88.0,20.4,84.0,0.0,0.0,0.0,0.0,0.0,0.0,16.3,0.0,152.8,0.5,3.2,274.0,1003.8,1003.8,2.7,4.9
2024-06-01 03:10:00+02:00,14.6,14.6,15.3,12.8,89.0,20.4,84.0,0.0,0.0,0.0,0.0,0.0,0.0,16.3,0.0,152.8,0.4,2.9,96.0,1003.9,1003.9,2.7,4.9
2024-06-01 03:15:00+02:00,14.5,14.5,15.2,12.7,89.0,20.3,84.0,0.0,0.0,0.0,0.0,0.0,0.0,16.3,0.0,152.8,0.8,3.2,112.0,1003.9,1003.9,2.7,4.9
2024-06-01 03:20:00+02:00,14.5,14.5,15.4,12.8,89.0,20.3,84.0,0.0,0.0,0.0,0.0,0.0,0.0,16.3,0.0,152.8,0.0,2.5,313.0,1003.9,1003.9,2.7,4.9
2024-06-01 03:25:00+02:00,14.5,14.5,15.3,12.9,90.0,20.3,84.0,0.0,0.0,0.0,0.0,0.0,0.0,16.3,0.0,152.8,0.4,2.2,172.0,1004.0,1004.0,2.7,4.9
2024-06-01 03:30:00+02:00,14.4,14.4,15.3,12.8,90.0,20.3,84.0,0.0,0.0,0.0,0.0,0.0,0.0,16.3,0.0,152.8,0.0,2.5,322.0,1003.9,1003.9,2.7,4.9
2024-06-01 03:35:00+02:00,14.4,14.4,15.1,12.8,90.0,20.3,84.0,0.0,0.0,0.0,0.0,0.0,0.0,16.3,0.0,152.8,1.0,4.0,355.0,1004.1,1004.1,2.7,4.8
2024-06-01 03:40:00+02:00,14.4,14.4,14.8,12.8,90.0,20.2,84.0,0.0,0.0,0.0,0.0,0.0,0.0,16.3,0.0,152.8,2.2,4.3,221.0,1004.1,1004.1,2.7,4.8
2024-06-01 03:45:00+02:00,14.4,14.4,15.2,12.8,90.0,20.2,84.0,0.0,0.0,0.0,0.0,0.0,0.0,16.3,0.0,152.8,0.4,3.6,244.0,1004.0,1004.0,2.7,4.8
2024-06-01 03:50:00+02:00,14.4,14.4,15.2,12.8,90.0,20.2,84.0,0.0,0.0,0.0,0.0,0.0,0.0,16.3,0.0,152.8,0.4,5.0,71.0,1004.1,1004.1,2.7,4.8
2024-06-01 03:55:00+02:00,14.4,14.4,15.1,12.9,91.0,20.2,84.0,0.0,0.0,0.0,0.0,0.0,0.0,16.3,0.0,152.8,1.2,4.0,147.0,1004.0,1004.0,2.7,4.8
2024-06-01 04:00:00+02:00,14.4,14.4,15.2,12.9,91.0,20.1,85.0,0.0,0.0,0.0,0.0,0.0,0.0,16.3,0.0,152.8,0.4,2.9,284.0,1004.0,1004.0,2.7,4.8
2024-06-01 04:05:00+02:00,14.4,14.4,15.1,12.9,91.0,20.1,84.0,0.0,0.0,0.0,0.0,0.0,0.0,16.3,0.0,152.8,1.4,5.8,158.0,1004.0,1004.0,2.7,4.8
2024-06-01 04:10:00+02:00,14.4,14.4,15.0,12.9,91.0,20.1,84.0,0.0,0.0,0.0,0.0,0.0,0.0,16.3,0.0,152.8,1.7,5.8,142.0,1003.9,1003.9,2.7,4.8
2024-06-01 04:15:00+02:00,14.4,14.4,14.9,12.9,91.0,20.1,84.0,0.0,0.0,0.0,0.0,0.0,0.0,16.3,0.0,152.8,2.0,4.3,104.0,1003.9,1003.9,2.7,4.8
2024-06-01 04:20:00+02:00,14.3,14.3,14.9,12.9,91.0,20.1,84.0,0.0,0.0,0.0,0.0,0.0,0.0,16.3,0.0,152.8,1.7,3.6,131.0,1003.8,1003.8,2.7,4.8
2024-06-01 04:25:00+02:00,14.3,14.3,15.0,12.9,92.0,20.0,84.0,0.0,0.0,0.0,0.0,0.0,0.0,16.3,0.0,152.8,1.3,4.3,123.0,1003.9,1003.9,2.7,4.8
2024-06-01 04:30:00+02:00,14.3,14.3,14.7,13.0,92.0,20.0,84.0,0.0,0.0,0.0,0.0,0.0,0.0,16.3,0.0,152.8,2.5,4.3,123.0,1003.9,1003.9,2.7,4.8
2024-06-01 04:35:00+02:00,14.3,14.3,15.1,13.0,92.0,20.0,84.0,0.0,0.0,0.0,0.0,0.0,0.0,16.3,0.0,152.8,0.4,4.3,183.0,1004.0,1004.0,2.7,4.8
2024-06-01 04:40:00+02:00,14.2,14.2,14.9,13.0,92.0,20.0,84.0,0.0,0.0,0.0,0.0,0.0,0.0,16.3,0.0,152.8,1.4,4.3,128.0,1003.9,1003.9,2.7,4.8
2024-06-01 04:45:00+02:00,14.2,14.2,14.9,12.9,92.0,20.0,84.0,0.0,0.0,0.0,0.0,0.0,0.0,16.3,0.0,152.8,0.9,4.0,106.0,1003.8,1003.8,2.7,4.8
2024-06-01 04:50:00+02:00,14.2,14.2,15.0,12.9,92.0,19.9,84.0,0.1,0.0,0.0,0.0,0.0,0.0,16.3,0.0,152.8,0.5,2.5,265.0,1003.9,1003.9,2.7,4.8
2024-06-01 04:55:00+02:00,14.1,14.1,14.9,12.9,92.0,19.9,84.0,0.2,0.0,0.0,0.0,0.0,0.0,16.3,0.0,152.8,0.5,2.9,283.0,1003.8,1003.8,2.7,4.8
2024-06-01 05:00:00+02:00,14.1,14.1,14.9,12.8,92.0,19.9,84.0,0.3,0.0,0.0,0.0,0.0,0.0,16.3,0.0,152.8,0.4,3.6,271.0,1003.9,1003.9,2.7,4.8
2024-06-01 05:05:00+02:00,14.1,14.1,14.9,12.8,92.0,19.9,84.0,0.4,0.0,0.0,0.0,0.0,0.0,16.3,0.0,152.8,0.4,3.6,235.0,1003.9,1003.9,2.7,4.8
2024-06-01 05:10:00+02:00,14.2,14.2,14.8,12.9,92.0,19.8,84.0,0.4,0.0,0.0,0.0,0.0,0.0,16.3,0.0,152.8,1.2,3.6,81.0,1003.9,1003.9,2.7,4.8
2024-06-01 05:15:00+02:00,14.2,14.2,14.9,12.9,92.0,19.8,84.0,1.1,0.0,0.0,0.0,0.0,0.0,16.3,0.0,152.8,1.0,4.7,300.0,1004.0,1004.0,2.7,4.7
2024-06-01 05:20:00+02:00,14.2,14.2,14.7,12.9,92.0,19.8,84.0,2.2,0.0,0.0,0.0,0.0,0.0,16.3,0.0,152.8,2.2,6.1,301.0,1003.9,1003.9,2.7,4.7
2024-06-01 05:25:00+02:00,14.2,14.2,14.1,12.9,92.0,19.8,84.0,3.4,0.0,0.0,0.0,0.0,0.0,16.3,0.0,152.8,5.4,11.5,281.0,1004.1,1004.1,2.7,4.7
2024-06-01 05:30:00+02:00,14.3,14.3,14.8,12.8,91.0,19.8,84.0,5.0,0.0,0.0,0.0,0.0,0.0,16.3,0.0,152.8,1.9,9.4,256.0,1004.1,1004.1,2.7,4.7
2024-06-01 05:35:00+02:00,14.2,14.2,14.5,12.8,91.0,19.7,84.0,6.2,0.0,0.0,0.0,0.0,0.0,16.3,0.0,152.8,3.2,5.8,282.0,1004.2,1004.2,2.7,4.7
2024-06-01 05:40:00+02:00,14.2,14.2,14.3,12.8,91.0,19.7,84.0,6.3,0.0,0.0,0.0,0.0,0.0,16.3,0.0,152.8,4.0,11.5,280.0,1004.1,1004.1,2.7,4.7
2024-06-01 05:45:00+02:00,14.3,14.3,14.9,12.9,92.0,19.7,84.0,9.2,0.0,0.0,0.0,0.0,0.0,16.3,0.0,152.8,1.5,7.2,285.0,1004.1,1004.1,2.7,4.7
2024-06-01 05:50:00+02:00,14.3,14.3,15.1,12.8,91.0,19.7,84.0,13.3,0.0,0.0,0.0,0.0,0.0,16.3,0.0,152.8,0.5,2.9,307.0,1004.2,1004.2,2.7,4.7
2024-06-01 05:55:00+02:00,14.3,14.3,15.0,12.8,91.0,19.7,84.0,14.4,0.0,0.0,0.0,0.0,0.0,16.3,0.0,152.8,0.8,4.7,142.0,1004.2,1004.2,2.7,4.7
2024-06-01 06:00:00+02:00,14.4,14.4,15.3,13.0,91.0,19.6,85.0,16.3,0.0,0.0,0.0,0.0,0.0,16.3,0.0,152.8,0.4,3.2,266.0,1004.1,1004.1,2.7,4.7
2024-06-01 06:05:00+02:00,14.4,14.4,15.2,12.9,91.0,19.6,85.0,22.8,0.0,0.0,0.0,0.0,0.0,16.3,0.0,152.8,0.6,4.7,274.0,1004.2,1004.2,2.7,4.7
2024-06-01 06:10:00+02:00,14.5,14.5,15.2,13.0,91.0,19.7,85.0,26.7,0.0,0.0,0.0,0.0,0.0,16.3,0.0,152.8,0.8,4.0,276.0,1004.2,1004.2,2.7,4.7
2024-06-01 06:15:00+02:00,14.5,14.5,15.2,13.1,91.0,19.7,85.0,28.3,0.0,0.0,0.0,0.0,0.0,16.3,0.0,152.8,1.5,5.0,279.0,1004.3,1004.3,2.7,4.7
2024-06-01 06:20:00+02:00,14.5,14.5,15.2,13.1,91.0,19.7,85.0,25.3,0.0,0.0,0.0,0.0,0.0,16.3,0.0,152.8,1.4,5.0,247.0,1004.3,1004.3,2.7,4.7
2024-06-01 06:25:00+02:00,14.5,14.5,14.8,13.1,91.0,19.7,84.0,24.2,0.0,0.0,0.0,0.0,0.0,16.3,0.0,152.8,3.2,7.6,282.0,1004.2,1004.2,2.7,4.7
2024-06-01 06:30:00+02:00,14.5,14.5,15.2,13.1,91.0,19.7,85.0,24.0,0.0,0.0,0.0,0.0,0.0,16.3,0.0,152.8,1.5,4.3,251.0,1004.3,1004.3,2.7,4.7
2024-06-01 06:35:00+02:00,14.6,14.6,15.3,13.1,91.0,19.7,85.0,37.4,0.0,0.0,0.0,0.0,0.0,16.3,0.0,152.8,1.2,5.8,283.0,1004.4,1004.4,2.7,4.7
2024-06-01 06:40:00+02:00,14.7,14.7,15.0,13.0,90.0,19.7,85.0,57.9,0.0,0.0,0.0,0.0,0.0,16.3,0.0,152.8,3.1,6.5,292.0,1004.3,1004.3,2.7,4.7
2024-06-01 06:45:00+02:00,14.8,14.8,15.4,13.0,89.0,19.7,85.0,73.0,0.0,0.0,0.0,0.0,0.0,16.3,0.0,152.8,1.4,6.8,287.0,1004.2,1004.2,2.7,4.7
2024-06-01 06:50:00+02:00,14.8,14.8,15.4,13.2,90.0,19.7,85.0,49.2,0.0,0.0,0.0,0.0,0.0,16.3,0.0,152.8,2.5,6.8,211.0,1004.3,1004.3,2.7,4.7
2024-06-01 06:55:00+02:00,14.8,14.8,15.2,13.2,90.0,19.7,85.0,59.5,0.0,0.0,0.0,0.0,0.0,16.3,0.0,152.8,2.7,11.9,275.0,1004.4,1004.4,2.7,4.8
2024-06-01 07:00:00+02:00,14.8,14.8,15.7,13.2,90.0,19.7,85.0,75.1,0.0,0.0,0.0,0.0,0.0,16.3,0.0,152.8,0.9,5.4,36.0,1004.5,1004.5,2.7,4.8
2024-06-01 07:05:00+02:00,15.1,15.1,15.8,13.3,89.0,19.7,85.0,77.4,0.0,0.0,0.0,0.0,0.0,16.3,0.0,152.8,1.7,4.3,101.0,1004.6,1004.6,2.7,4.8
2024-06-01 07:10:00+02:00,15.1,15.1,15.8,13.3,89.0,19.7,85.0,68.0,0.0,0.0,0.0,0.0,0.0,16.3,0.0,152.8,1.5,4.0,118.0,1004.7,1004.7,2.7,4.8
2024-06-01 07:15:00+02:00,15.1,15.1,15.8,13.2,88.0,19.8,85.0,65.3,0.0,0.0,0.0,0.0,0.0,16.3,0.0,152.8,1.3,5.0,106.0,1004.8,1004.8,2.7,4.8
2024-06-01 07:20:00+02:00,15.2,15.2,16.1,13.2,88.0,19.8,85.0,66.2,0.0,0.0,0.0,0.0,0.0,16.3,0.0,152.8,0.6,2.9,140.0,1004.7,1004.7,2.7,4.8
2024-06-01 07:25:00+02:00,15.3,15.3,16.0,13.0,86.0,19.8,85.0,64.8,0.0,0.0,0.0,0.0,0.0,16.3,0.0,152.8,1.0,4.3,191.0,1004.8,1004.8,2.7,4.8
2024-06-01 07:30:00+02:00,15.3,15.3,16.2,13.0,86.0,19.8,85.0,59.4,0.0,0.0,0.0,0.0,0.0,16.3,0.0,152.8,0.4,2.5,51.0,1004.8,1004.8,2.7,4.8
2024-06-01 07:35:00+02:00,15.3,15.3,16.2,12.9,85.0,19.8,86.0,62.5,0.0,0.0,0.0,0.0,0.0,16.3,0.0,152.8,0.5,2.9,325.0,1004.9,1004.9,2.7,4.8
2024-06-01 07:40:00+02:00,15.5,15.5,16.2,13.0,85.0,19.8,86.0,71.0,0.0,0.0,0.0,0.0,0.0,16.3,0.0,152.8,0.6,4.0,232.0,1004.8,1004.8,2.7,4.8
2024-06-01 07:45:00+02:00,15.5,15.5,16.1,13.0,85.0,19.8,86.0,85.9,0.0,0.0,0.0,0.0,0.0,16.3,0.0,152.8,1.8,4.3,51.0,1004.9,1004.9,2.7,4.9
2024-06-01 07:50:00+02:00,15.7,15.7,16.3,13.0,84.0,19.9,86.0,97.9,0.0,0.0,0.0,0.0,0.0,16.3,0.0,152.8,1.6,6.8,291.0,1004.9,1004.9,2.7,4.9
2024-06-01 07:55:00+02:00,15.6,15.6,15.5,13.1,85.0,19.9,86.0,107.7,1.0,0.0,0.0,0.0,0.0,16.3,0.0,152.8,5.0,10.1,282.0,1005.0,1005.0,2.7,4.9
2024-06-01 08:00:00+02:00,15.5,15.5,15.7,13.0,85.0,20.0,86.0,116.8,1.0,0.0,0.0,0.0,0.0,16.3,0.0,152.8,4.0,9.0,273.0,1004.8,1004.8,2.7,4.9
2024-06-01 08:05:00+02:00,15.7,15.7,16.4,13.2,85.0,20.0,86.0,117.8,1.0,0.0,0.0,0.0,0.0,16.3,0.0,152.8,1.4,5.0,244.0,1004.9,1004.9,2.7,4.9
2024-06-01 08:10:00+02:00,15.8,15.8,16.4,13.3,85.0,20.0,86.0,80.8,0.0,0.0,0.0,0.0,0.0,16.3,0.0,152.8,2.2,9.0,232.0,1004.9,1004.9,2.7,4.9
2024-06-01 08:15:00+02:00,15.8,15.8,16.6,13.4,86.0,20.1,86.0,96.9,0.0,0.0,0.0,0.0,0.0,16.3,0.0,152.8,1.3,5.8,152.0,1004.9,1004.9,2.7,5.0
2024-06-01 08:20:00+02:00,15.7,15.7,16.2,13.4,86.0,20.1,86.0,109.3,1.0,0.0,0.0,0.0,0.0,16.3,0.0,152.8,3.0,5.8,304.0,1004.9,1004.9,2.7,5.0
2024-06-01 08:25:00+02:00,15.6,15.6,16.0,13.3,86.0,20.2,86.0,110.0,1.0,0.0,0.0,0.0,0.0,16.3,0.0,152.8,3.0,7.6,287.0,1005.1,1005.1,2.7,5.0
2024-06-01 08:30:00+02:00,15.6,15.6,16.0,13.3,86.0,20.2,86.0,96.7,0.0,0.0,0.0,0.0,0.0,16.3,0.0,152.8,3.1,8.3,287.0,1005.2,1005.2,2.7,5.0
2024-06-01 08:35:00+02:00,15.6,15.6,15.7,13.3,86.0,20.2,86.0,59.0,0.0,0.0,0.0,0.0,0.0,16.3,0.0,152.8,4.9,12.6,296.0,1005.2,1005.2,2.7,5.0
2024-06-01 08:40:00+02:00,15.5,15.5,15.9,13.3,87.0,20.2,86.0,47.7,0.0,0.0,0.0,0.0,0.0,16.3,0.0,152.8,3.0,12.6,316.0,1005.3,1005.3,2.7,5.0
2024-06-01 08:45:00+02:00,15.5,15.5,15.6,13.2,86.0,20.3,86.0,56.7,0.0,0.0,0.0,0.0,0.0,16.3,0.0,152.8,4.3,9.4,284.0,1005.3,1005.3,2.7,5.1
2024-06-01 08:50:00+02:00,15.4,15.4,16.0,13.3,87.0,20.3,86.0,55.0,0.0,0.0,0.0,0.0,0.0,16.3,0.0,152.8,2.5,7.2,246.0,1005.3,1005.3,2.7,5.1
2024-06-01 08:55:00+02:00,15.5,15.5,16.1,13.2,86.0,20.3,86.0,51.0,0.0,0.0,0.0,0.0,0.0,16.3,0.0,152.8,2.0,4.3,276.0,1005.3,1005.3,2.7,5.1
2024-06-01 09:00:00+02:00,15.5,15.5,16.0,13.3,87.0,20.3,86.0,59.2,0.0,0.0,0.0,0.0,0.0,16.3,0.0,152.8,2.3,9.7,301.0,1005.3,1005.3,2.7,5.1
2024-06-01 09:05:00+02:00,15.5,15.5,15.8,13.3,87.0,20.3,86.0,61.1,0.0,0.0,0.0,0.0,0.0,16.3,0.0,152.8,3.5,7.6,287.0,1005.3,1005.3,2.7,5.1
2024-06-01 09:10:00+02:00,15.4,15.4,15.6,13.2,87.0,20.4,86.0,70.4,0.0,0.0,0.0,0.0,0.0,16.3,0.0,152.8,4.1,12.6,316.0,1005.4,1005.4,2.7,5.1
2024-06-01 09:15:00+02:00,15.4,15.4,15.8,13.2,87.0,20.4,86.0,79.2,0.0,0.0,0.0,0.0,0.0,16.3,0.0,152.8,3.1,7.2,300.0,1005.4,1005.4,2.7,5.1
2024-06-01 09:20:00+02:00,15.7,15.7,16.4,13.4,86.0,20.4,86.0,74.7,0.0,0.0,0.0,0.0,0.0,16.3,0.0,152.8,1.4,3.6,253.0,1005.5,1005.5,2.7,5.1
2024-06-01 09:25:00+02:00,15.8,15.8,16.6,13.3,85.0,20.4,86.0,66.1,0.0,0.0,0.0,0.0,0.0,16.3,0.0,152.8,0.9,5.8,121.0,1005.4,1005.4,2.7,5.1
2024-06-01 09:30:00+02:00,15.7,15.7,16.2,13.4,86.0,20.4,86.0,70.0,0.0,0.0,0.0,0.0,0.0,16.3,0.0,152.8,3.2,8.3,300.0,1005.5,1005.5,2.7,5.1
2024-06-01 09:35:00+02:00,15.7,15.7,16.5,13.5,87.0,20.4,86.0,82.5,0.0,0.0,0.0,0.0,0.0,16.3,0.0,152.8,1.2,5.4,282.0,1005.5,1005.5,2.7,5.1
2024-06-01 09:40:00+02:00,15.8,15.8,16.5,13.5,86.0,20.4,86.0,85.7,0.0,0.0,0.0,0.0,0.0,16.3,0.0,152.8,2.2,3.6,343.0,1005.5,1005.5,2.7,5.1
2024-06-01 09:45:00+02:00,16.0,16.0,16.9,13.7,86.0,20.4,87.0,75.6,0.0,0.0,0.0,0.0,0.0,16.3,0.0,152.8,1.7,3.6,140.0,1005.5,1005.5,2.7,5.2
2024-06-01 09:50:00+02:00,15.9,15.9,16.0,13.7,87.0,20.4,88.0,135.9,1.0,0.0,0.0,0.0,0.0,16.3,0.0,152.8,5.3,9.4,288.0,1005.5,1005.5,2.7,5.2
2024-06-01 09:55:00+02:00,16.0,16.0,16.4,13.9,87.0,20.4,88.0,160.1,1.0,0.0,0.0,0.0,0.0,16.3,0.0,152.8,4.0,8.3,255.0,1005.5,1005.5,2.7,5.2
2024-06-01 10:00:00+02:00,16.4,16.4,17.3,14.1,86.0,20.5,86.0,220.8,2.0,0.0,0.0,0.0,0.0,16.3,0.0,152.8,2.3,6.5,265.0,1005.4,1005.4,2.7,5.2
2024-06-01 10:05:00+02:00,16.7,16.7,17.3,14.3,86.0,20.5,86.0,183.8,1.0,0.0,0.0,0.0,0.0,16.3,0.0,152.8,3.7,10.1,285.0,1005.5,1005.5,2.7,5.2
2024-06-01 10:10:00+02:00,16.5,16.5,17.2,14.2,86.0,20.6,86.0,118.8,1.0,0.0,0.0,0.0,0.0,16.3,0.0,152.8,3.0,10.1,288.0,1005.6,1005.6,2.7,5.2
2024-06-01 10:15:00+02:00,16.3,16.3,17.0,14.2,87.0,20.7,86.0,76.6,0.0,0.0,0.0,0.0,0.0,16.3,0.0,152.8,2.8,9.4,277.0,1005.6,1005.6,2.7,5.2
2024-06-01 10:20:00+02:00,16.0,16.0,16.8,14.1,89.0,20.7,87.0,41.6,0.0,0.0,0.0,0.0,0.0,16.3,0.0,152.8,2.3,8.6,273.0,1005.6,1005.6,2.7,5.2
2024-06-01 10:25:00+02:00,16.0,16.0,16.9,14.1,88.0,20.8,86.0,61.0,0.0,0.0,0.0,0.0,0.0,16.3,0.0,152.8,1.8,6.1,281.0,1005.6,1005.6,2.7,5.2
2024-06-01 10:30:00+02:00,16.2,16.2,17.4,14.2,88.0,20.8,86.0,57.2,0.0,0.0,0.0,0.0,0.0,16.3,0.0,152.8,0.4,4.0,222.0,1005.6,1005.6,2.7,5.2
2024-06-01 10:35:00+02:00,16.2,16.2,17.5,14.2,88.0,20.8,86.0,45.0,0.0,0.0,0.0,0.0,0.0,16.3,0.0,152.8,0.4,3.2,251.0,1005.8,1005.8,2.7,5.2
2024-06-01 10:40:00+02:00,16.2,16.2,17.4,14.3,88.0,20.8,86.0,50.4,0.0,0.0,0.0,0.0,0.0,16.3,0.0,152.8,1.0,2.9,112.0,1005.8,1005.8,2.7,5.2
2024-06-01 10:45:00+02:00,16.2,16.2,17.4,14.2,88.0,20.8,86.0,50.1,0.0,0.0,0.0,0.0,0.0,16.3,0.0,152.8,0.7,2.2,153.0,1005.8,1005.8,2.7,5.2
2024-06-01 10:50:00+02:00,16.2,16.2,17.3,14.2,88.0,20.8,86.0,45.2,0.0,0.0,0.0,0.0,0.0,16.3,0.0,152.8,1.5,4.3,326.0,1005.8,1005.8,2.7,5.2
2024-06-01 10:55:00+02:00,16.2,16.2,17.4,14.4,89.0,20.8,86.0,91.1,0.0,0.0,0.0,0.0,0.0,16.3,0.0,152.8,0.9,4.3,219.0,1005.9,1005.9,2.7,5.2
2024-06-01 11:00:00+02:00,16.3,16.3,17.3,14.4,88.0,20.9,86.0,98.8,0.0,0.0,0.0,0.0,0.0,16.3,0.0,152.8,2.1,4.7,255.0,1005.9,1005.9,2.7,5.2
2024-06-01 11:05:00+02:00,16.5,16.5,17.7,14.5,88.0,20.9,86.0,76.4,0.0,0.0,0.0,0.0,0.0,16.3,0.0,152.8,0.8,4.0,161.0,1005.9,1005.9,2.7,5.2
2024-06-01 11:10:00+02:00,16.6,16.6,17.7,14.6,88.0,20.9,86.0,79.0,0.0,0.0,0.0,0.0,0.0,16.3,0.0,152.8,1.8,5.4,191.0,1005.8,1005.8,2.7,5.2
2024-06-01 11:15:00+02:00,16.6,16.6,17.8,14.5,88.0,20.9,86.0,107.0,0.0,0.0,0.0,0.0,0.0,16.3,0.0,152.8,0.8,4.7,259.0,1006.0,1006.0,2.7,5.2
2024-06-01 11:20:00+02:00,16.7,16.7,17.8,14.6,87.0,20.9,86.0,105.8,0.0,0.0,0.0,0.0,0.0,16.3,0.0,152.8,1.9,5.8,294.0,1005.9,1005.9,2.7,5.2
2024-06-01 11:25:00+02:00,16.5,16.5,17.7,14.5,88.0,20.9,86.0,94.5,0.0,0.0,0.0,0.0,0.0,16.3,0.0,152.8,1.6,5.8,272.0,1005.9,1005.9,2.7,5.2
2024-06-01 11:30:00+02:00,16.7,16.7,18.0,14.6,88.0,21.0,86.0,83.8,0.0,0.0,0.0,0.0,0.0,16.3,0.0,152.8,0.6,4.0,269.0,1006.0,1006.0,2.7,5.2
2024-06-01 11:35:00+02:00,16.9,16.9,18.2,14.8,87.0,21.0,86.0,133.2,1.0,0.0,0.0,0.0,0.0,16.3,0.0,152.8,1.2,4.0,154.0,1005.9,1005.9,2.7,5.2
2024-06-01 11:40:00+02:00,17.2,17.2,18.6,14.9,87.0,21.0,86.0,148.5,1.0,0.0,0.0,0.0,0.0,16.3,0.0,152.8,0.8,3.2,166.0,1005.9,1005.9,2.7,5.2
2024-06-01 11:45:00+02:00,17.3,17.3,18.6,14.9,86.0,21.0,86.0,92.5,0.0,0.0,0.0,0.0,0.0,16.3,0.0,152.8,1.2,4.0,265.0,1006.0,1006.0,2.7,5.2
2024-06-01 11:50:00+02:00,17.3,17.3,18.9,14.9,86.0,21.0,86.0,77.6,0.0,0.0,0.0,0.0,0.0,16.3,0.0,152.8,0.4,2.5,227.0,1006.0,1006.0,2.7,5.2
2024-06-01 11:55:00+02:00,17.3,17.3,18.8,14.9,86.0,21.0,87.0,55.4,0.0,0.0,0.0,0.0,0.0,16.3,0.0,152.8,0.4,2.5,256.0,1006.0,1006.0,2.7,5.2
2024-06-01 12:00:00+02:00,17.0,17.0,18.1,14.9,87.0,21.1,87.0,54.2,0.0,0.0,0.0,0.0,0.0,16.3,0.0,152.8,2.4,5.8,283.0,1006.0,1006.0,2.7,5.2
2024-06-01 12:05:00+02:00,17.1,17.1,18.6,15.0,88.0,21.1,87.0,80.7,0.0,0.0,0.0,0.0,0.0,16.3,0.0,152.8,0.4,5.0,269.0,1006.0,1006.0,2.7,5.2
2024-06-01 12:10:00+02:00,17.1,17.1,18.2,15.0,88.0,21.1,87.0,77.3,0.0,0.0,0.0,0.0,0.0,16.3,0.0,152.8,2.3,7.6,281.0,1006.1,1006.1,2.7,5.2
2024-06-01 12:15:00+02:00,16.9,16.9,17.7,15.0,89.0,21.2,87.0,81.8,0.0,0.0,0.0,0.0,0.0,16.3,0.0,152.8,4.0,9.0,320.0,1006.1,1006.1,2.7,5.2
2024-06-01 12:20:00+02:00,16.9,16.9,17.5,15.0,89.0,21.2,87.0,98.5,0.0,0.0,0.0,0.0,0.0,16.3,0.0,152.8,5.2,10.4,283.0,1006.0,1006.0,2.7,5.2
2024-06-01 12:25:00+02:00,17.0,17.0,18.5,15.1,88.0,21.2,87.0,88.7,0.0,0.0,0.0,0.0,0.0,16.3,0.0,152.8,0.7,10.1,213.0,1006.1,1006.1,2.7,5.2
2024-06-01 12:30:00+02:00,17.1,17.1,18.6,15.2,88.0,21.2,87.0,65.6,0.0,0.0,0.0,0.0,0.0,16.3,0.0,152.8,0.9,4.7,277.0,1006.1,1006.1,2.7,5.2
2024-06-01 12:35:00+02:00,17.2,17.2,18.7,15.2,88.0,21.3,87.0,59.2,0.0,0.0,0.0,0.0,0.0,16.3,0.0,152.8,1.2,4.3,200.0,1006.1,1006.1,2.7,5.2
2024-06-01 12:40:00+02:00,17.2,17.2,18.6,15.2,88.0,21.3,87.0,61.6,0.0,0.0,0.0,0.0,0.0,16.3,0.0,152.8,0.9,5.0,282.0,1006.1,1006.1,2.7,5.2
2024-06-01 12:45:00+02:00,17.2,17.2,18.7,15.2,88.0,21.3,87.0,73.0,0.0,0.0,0.0,0.0,0.0,16.3,0.0,152.8,0.9,4.3,258.0,1006.2,1006.2,2.7,5.2
2024-06-01 12:50:00+02:00,17.3,17.3,18.8,15.3,88.0,21.3,87.0,188.2,1.0,0.0,0.0,0.0,0.0,16.3,0.0,152.8,0.9,5.4,313.0,1006.3,1006.3,2.7,5.2
2024-06-01 12:55:00+02:00,17.7,17.7,19.2,15.6,87.0,21.3,87.0,340.8,3.0,0.0,0.0,0.0,0.0,16.3,0.0,152.8,1.7,5.8,104.0,1006.1,1006.1,2.7,5.2
2024-06-01 13:00:00+02:00,18.1,18.1,19.7,15.6,85.0,21.3,87.0,278.2,2.0,0.0,0.0,0.0,0.0,16.3,0.0,152.8,1.3,4.7,54.0,1006.2,1006.2,2.7,5.2
2024-06-01 13:05:00+02:00,18.6,18.6,20.2,15.8,84.0,21.4,87.0,288.1,2.0,0.0,0.0,0.0,0.0,16.3,0.0,152.8,1.5,5.0,252.0,1006.2,1006.2,2.7,5.2
2024-06-01 13:10:00+02:00,19.2,19.2,21.0,15.9,81.0,21.5,87.0,293.2,2.0,0.0,0.0,0.0,0.0,16.3,0.0,152.8,0.8,3.6,211.0,1006.2,1006.2,2.7,5.2
2024-06-01 13:15:00+02:00,19.6,19.6,21.4,16.1,80.0,21.5,88.0,437.6,4.0,0.0,0.0,0.0,0.0,16.3,0.0,152.8,1.2,4.0,95.0,1006.2,1006.2,2.7,5.2
2024-06-01 13:20:00+02:00,19.7,19.7,21.0,16.2,80.0,21.7,88.0,559.7,5.0,0.0,0.0,0.0,0.0,16.3,0.0,152.8,4.1,8.6,132.0,1006.0,1006.0,2.7,5.2
2024-06-01 13:25:00+02:00,20.0,20.0,21.8,16.3,79.0,21.8,88.0,565.5,5.0,0.0,0.0,0.0,0.0,16.3,0.0,152.8,1.7,9.7,5.0,1005.9,1005.9,2.7,5.3
2024-06-01 13:30:00+02:00,21.7,21.7,23.7,16.7,73.0,21.9,88.0,603.1,5.0,0.0,0.0,0.0,0.0,16.3,0.0,152.8,1.2,5.8,151.0,1005.9,1005.9,2.7,5.3
2024-06-01 13:35:00+02:00,21.9,21.9,23.7,16.8,72.0,22.1,88.0,615.8,5.0,0.0,0.0,0.0,0.0,16.3,0.0,152.8,2.7,6.5,143.0,1006.0,1006.0,2.7,5.3
2024-06-01 13:40:00+02:00,21.7,21.7,23.6,16.6,73.0,22.3,88.0,329.3,3.0,0.0,0.0,0.0,0.0,16.3,0.0,152.8,1.3,5.8,14.0,1005.9,1005.9,2.7,5.3
2024-06-01 13:45:00+02:00,21.6,21.6,23.2,16.6,73.0,22.4,88.0,556.7,5.0,0.0,0.0,0.0,0.0,16.3,0.0,152.8,3.4,7.9,294.0,1006.1,1006.1,2.7,5.3
2024-06-01 13:50:00+02:00,22.1,22.1,23.8,16.7,71.0,22.6,88.0,366.1,3.0,0.0,0.0,0.0,0.0,16.3,0.0,152.8,2.7,6.1,224.0,1006.0,1006.0,2.7,5.3
2024-06-01 13:55:00+02:00,22.3,22.3,24.1,16.9,72.0,22.7,89.0,522.4,4.0,0.0,0.0,0.0,0.0,16.3,0.0,152.8,2.7,6.1,221.0,1006.0,1006.0,2.7,5.3
2024-06-01 14:00:00+02:00,22.8,22.8,24.8,16.9,69.0,22.9,89.0,483.9,4.0,0.0,0.0,0.0,0.0,16.3,0.0,152.8,1.9,6.1,288.0,1005.9,1005.9,2.7,5.3
2024-06-01 14:05:00+02:00,22.6,22.6,24.5,16.7,69.0,23.0,89.0,608.5,5.0,0.0,0.0,0.0,0.0,16.3,0.0,152.8,1.9,9.7,279.0,1005.8,1005.8,2.7,5.3
2024-06-01 14:10:00+02:00,23.7,23.7,25.3,16.8,65.0,23.2,89.0,578.7,5.0,0.0,0.0,0.0,0.0,16.3,0.0,152.8,3.5,7.9,267.0,1005.9,1005.9,2.7,5.3
2024-06-01 14:15:00+02:00,23.1,23.1,24.7,16.8,68.0,23.3,90.0,525.7,4.0,0.0,0.0,0.0,0.0,16.3,0.0,152.8,3.5,10.4,215.0,1005.9,1005.9,2.7,5.3
2024-06-01 14:20:00+02:00,22.9,22.9,24.4,16.9,69.0,23.5,90.0,290.8,2.0,0.0,0.0,0.0,0.0,16.3,0.0,152.8,4.4,11.9,268.0,1005.8,1005.8,2.7,5.3
2024-06-01 14:25:00+02:00,22.5,22.5,24.1,16.8,70.0,23.7,89.0,259.1,2.0,0.0,0.0,0.0,0.0,16.3,0.0,152.8,3.0,8.6,253.0,1005.7,1005.7,2.7,5.3
2024-06-01 14:30:00+02:00,22.8,22.8,24.7,16.8,69.0,23.8,89.0,202.0,1.0,0.0,0.0,0.0,0.0,16.3,0.0,152.8,1.9,5.4,247.0,1005.7,1005.7,2.7,5.3
2024-06-01 14:35:00+02:00,22.5,22.5,23.4,16.8,70.0,24.0,90.0,111.0,1.0,0.0,0.0,0.0,0.0,16.3,0.0,152.8,7.2,12.2,271.0,1005.8,1005.8,2.7,5.3
2024-06-01 14:40:00+02:00,20.5,20.5,21.5,17.3,82.0,24.1,89.0,27.4,0.0,8.4,1.4,1.4,1.4,17.7,1.4,154.2,7.4,15.1,299.0,1006.0,1006.0,2.7,5.3
2024-06-01 14:45:00+02:00,18.9,18.9,21.1,16.9,88.0,24.2,89.0,39.0,0.0,12.6,2.1,2.1,2.1,18.4,2.1,154.9,0.7,10.1,255.0,1005.9,1005.9,2.7,5.3
2024-06-01 14:50:00+02:00,18.8,18.8,21.0,17.0,90.0,24.2,89.0,87.3,0.0,10.8,2.2,2.2,2.2,18.5,2.2,155.0,0.7,2.5,181.0,1005.9,1005.9,2.7,5.3
2024-06-01 14:55:00+02:00,18.7,18.7,21.0,17.2,91.0,24.3,89.0,169.5,1.0,1.8,2.2,2.2,2.2,18.5,2.2,155.0,0.6,3.2,145.0,1006.0,1006.0,2.7,5.2
2024-06-01 15:00:00+02:00,18.8,18.8,21.3,17.4,92.0,24.3,88.0,190.5,1.0,0.6,2.2,2.2,2.2,18.5,2.2,155.0,0.4,3.2,37.0,1005.9,1005.9,2.7,5.2
2024-06-01 15:05:00+02:00,19.1,19.1,21.8,17.7,92.0,24.3,88.0,226.1,2.0,0.0,2.2,2.2,2.2,18.5,2.2,155.0,0.0,2.5,141.0,1005.9,1005.9,2.7,5.2
2024-06-01 15:10:00+02:00,19.5,19.5,22.2,18.0,91.0,24.3,88.0,227.2,2.0,0.0,2.2,2.2,2.2,18.5,2.2,155.0,0.4,3.2,145.0,1005.8,1005.8,2.7,5.2
2024-06-01 15:15:00+02:00,19.5,19.5,22.1,17.9,90.0,24.4,88.0,153.6,1.0,0.0,2.2,2.2,2.2,18.5,2.2,155.0,0.8,4.0,232.0,1005.9,1005.9,2.7,5.2
2024-06-01 15:20:00+02:00,19.6,19.6,21.9,17.9,90.0,24.4,88.0,403.2,3.0,0.0,2.2,2.2,2.2,18.5,2.2,155.0,2.4,4.7,283.0,1005.9,1005.9,2.7,5.2
2024-06-01 15:25:00+02:00,19.9,19.9,22.8,18.2,90.0,24.4,88.0,423.5,3.0,0.0,2.2,2.2,2.2,18.5,2.2,155.0,0.0,4.7,234.0,1005.9,1005.9,2.7,5.2
2024-06-01 15:30:00+02:00,20.9,20.9,23.8,18.8,88.0,24.4,88.0,397.4,3.0,0.0,2.2,2.2,2.2,18.5,2.2,155.0,0.9,4.3,180.0,1005.8,1005.8,2.7,5.2
2024-06-01 15:35:00+02:00,21.2,21.2,24.3,18.7,85.0,24.5,88.0,254.0,2.0,0.0,2.2,2.2,2.2,18.5,2.2,155.0,0.0,2.5,162.0,1005.8,1005.8,2.7,5.2
2024-06-01 15:40:00+02:00,21.4,21.4,24.0,18.5,84.0,24.5,88.0,234.0,2.0,0.0,2.2,2.2,0.8,18.5,2.2,155.0,2.2,4.3,316.0,1005.9,1005.9,2.7,5.2
2024-06-01 15:45:00+02:00,21.6,21.6,24.7,18.8,84.0,24.6,88.0,214.1,1.0,0.0,2.2,2.2,0.1,18.5,2.2,155.0,0.0,2.9,212.0,1005.9,1005.9,2.7,5.2
2024-06-01 15:50:00+02:00,21.7,21.7,24.4,18.5,82.0,24.6,88.0,234.3,2.0,0.0,2.2,2.2,0.0,18.5,2.2,155.0,1.4,3.6,263.0,1005.9,1005.9,2.7,5.2
2024-06-01 15:55:00+02:00,22.0,22.0,24.9,18.6,81.0,24.7,88.0,236.4,2.0,0.0,2.2,2.2,0.0,18.5,2.2,155.0,0.5,3.2,238.0,1005.9,1005.9,2.7,5.3
2024-06-01 16:00:00+02:00,22.1,22.1,25.3,18.9,82.0,24.7,88.0,388.7,3.0,0.0,2.2,2.2,0.0,18.5,2.2,155.0,0.0,3.2,186.0,1005.7,1005.7,2.7,5.3
2024-06-01 16:05:00+02:00,22.4,22.4,25.5,19.0,81.0,24.8,88.0,209.9,1.0,0.0,2.2,2.2,0.0,18.5,2.2,155.0,0.4,2.9,261.0,1005.8,1005.8,2.7,5.3
2024-06-01 16:10:00+02:00,22.0,22.0,24.5,18.1,79.0,24.8,88.0,88.5,0.0,0.0,2.2,2.2,0.0,18.5,2.2,155.0,2.1,6.1,243.0,1005.8,1005.8,2.7,5.3
2024-06-01 16:15:00+02:00,21.5,21.5,23.7,17.7,79.0,24.8,88.0,95.8,0.0,0.0,2.2,2.2,0.0,18.5,2.2,155.0,2.4,6.8,322.0,1005.9,1005.9,2.7,5.3
2024-06-01 16:20:00+02:00,21.0,21.0,23.0,17.6,81.0,24.9,88.0,114.8,1.0,0.0,2.2,2.2,0.0,18.5,2.2,155.0,3.0,6.1,254.0,1006.0,1006.0,2.7,5.3
2024-06-01 16:25:00+02:00,20.8,20.8,23.3,17.6,82.0,24.9,88.0,131.9,1.0,0.0,2.2,2.2,0.0,18.5,2.2,155.0,0.8,7.2,288.0,1005.9,1005.9,2.7,5.3
2024-06-01 16:30:00+02:00,21.0,21.0,23.3,17.6,81.0,24.9,88.0,141.0,1.0,0.0,2.2,2.2,0.0,18.5,2.2,155.0,1.9,4.0,230.0,1006.0,1006.0,2.7,5.3
2024-06-01 16:35:00+02:00,21.1,21.1,23.4,17.5,80.0,24.9,88.0,199.4,1.0,0.0,2.2,2.2,0.0,18.5,2.2,155.0,1.7,5.0,302.0,1005.9,1005.9,2.7,5.3
2024-06-01 16:40:00+02:00,21.6,21.6,24.3,17.9,79.0,24.9,88.0,416.6,3.0,0.0,2.2,2.2,0.0,18.5,2.2,155.0,0.0,4.7,232.0,1005.8,1005.8,2.7,5.3
2024-06-01 16:45:00+02:00,22.3,22.3,24.6,17.9,76.0,24.9,88.0,373.9,3.0,0.0,2.2,2.2,0.0,18.5,2.2,155.0,2.0,4.3,290.0,1005.9,1005.9,2.7,5.3
2024-06-01 16:50:00+02:00,22.6,22.6,25.0,17.8,75.0,24.9,88.0,425.8,3.0,0.0,2.2,2.2,0.0,18.5,2.2,155.0,1.4,6.8,243.0,1005.9,1005.9,2.7,5.3
2024-06-01 16:55:00+02:00,23.4,23.4,26.0,18.0,71.0,25.0,88.0,382.7,3.0,0.0,2.2,2.2,0.0,18.5,2.2,155.0,1.1,4.3,243.0,1005.9,1005.9,2.7,5.3
2024-06-01 17:00:00+02:00,23.3,23.3,25.7,17.8,71.0,25.1,88.0,99.4,0.0,0.0,2.2,2.2,0.0,18.5,2.2,155.0,1.4,6.5,170.0,1006.0,1006.0,2.7,5.3
2024-06-01 17:05:00+02:00,22.9,22.9,25.3,17.8,73.0,25.1,88.0,157.5,1.0,0.0,2.2,2.2,0.0,18.5,2.2,155.0,1.4,4.3,239.0,1005.9,1005.9,2.7,5.3
2024-06-01 17:10:00+02:00,22.5,22.5,24.9,17.9,75.0,25.1,88.0,120.8,1.0,0.0,2.2,2.2,0.0,18.5,2.2,155.0,1.7,5.4,297.0,1005.9,1005.9,2.7,5.3
2024-06-01 17:15:00+02:00,22.3,22.3,24.4,17.6,75.0,25.2,88.0,75.5,0.0,0.0,2.2,2.2,0.0,18.5,2.2,155.0,2.9,7.6,295.0,1006.0,1006.0,2.7,5.3
2024-06-01 17:20:00+02:00,21.7,21.7,23.0,16.9,74.0,25.2,88.0,95.0,0.0,0.0,2.2,2.2,0.0,18.5,2.2,155.0,5.4,12.6,267.0,1005.9,1005.9,2.7,5.3
2024-06-01 17:25:00+02:00,21.5,21.5,22.5,16.4,73.0,25.2,88.0,193.8,1.0,0.0,2.2,2.2,0.0,18.5,2.2,155.0,5.6,15.5,277.0,1005.9,1005.9,2.7,5.3
2024-06-01 17:30:00+02:00,21.5,21.5,22.8,16.5,73.0,25.2,88.0,183.3,1.0,0.0,2.2,2.2,0.0,18.5,2.2,155.0,4.8,14.8,275.0,1005.9,1005.9,2.7,5.3
2024-06-01 17:35:00+02:00,21.5,21.5,23.1,16.8,74.0,25.2,88.0,80.9,0.0,0.0,2.2,2.2,0.0,18.5,2.2,155.0,3.7,8.6,288.0,1006.0,1006.0,2.7,5.3
2024-06-01 17:40:00+02:00,21.4,21.4,22.6,16.7,75.0,25.2,88.0,158.1,1.0,0.0,2.2,2.2,0.0,18.5,2.2,155.0,5.3,16.2,272.0,1005.9,1005.9,2.7,5.3
2024-06-01 17:45:00+02:00,21.5,21.5,22.5,16.7,74.0,25.2,88.0,108.2,1.0,0.0,2.2,2.2,0.0,18.5,2.2,155.0,6.3,16.2,257.0,1005.9,1005.9,2.7,5.3
2024-06-01 17:50:00+02:00,21.4,21.4,22.7,16.8,75.0,25.2,88.0,87.2,0.0,0.0,2.2,2.2,0.0,18.5,2.2,155.0,5.4,14.8,292.0,1005.9,1005.9,2.7,5.3
2024-06-01 17:55:00+02:00,21.4,21.4,22.8,16.7,75.0,25.2,88.0,223.6,2.0,0.0,2.2,2.2,0.0,18.5,2.2,155.0,4.5,11.2,286.0,1005.9,1005.9,2.7,5.3
2024-06-01 18:00:00+02:00,21.7,21.7,22.5,16.5,72.0,25.2,88.0,243.7,2.0,0.0,2.2,2.2,0.0,18.5,2.2,155.0,7.1,16.9,281.0,1006.0,1006.0,2.7,5.3
2024-06-01 18:05:00+02:00,21.6,21.6,22.5,16.4,73.0,25.2,88.0,161.2,1.0,0.0,2.2,2.2,0.0,18.5,2.2,155.0,6.3,15.5,270.0,1005.9,1005.9,2.7,5.3
2024-06-01 18:10:00+02:00,21.4,21.4,21.6,16.3,73.0,25.2,88.0,172.5,1.0,0.0,2.2,2.2,0.0,18.5,2.2,155.0,10.1,17.6,289.0,1006.0,1006.0,2.7,5.3
2024-06-01 18:15:00+02:00,21.6,21.6,22.4,16.4,72.0,25.2,88.0,128.1,1.0,0.0,2.2,2.2,0.0,18.5,2.2,155.0,6.9,13.3,269.0,1005.9,1005.9,2.7,5.3
2024-06-01 18:20:00+02:00,21.8,21.8,22.8,16.7,73.0,25.2,88.0,142.5,1.0,0.0,2.2,2.2,0.0,18.5,2.2,155.0,6.3,13.3,263.0,1006.1,1006.1,2.7,5.3
2024-06-01 18:25:00+02:00,21.6,21.6,22.1,16.6,73.0,25.2,88.0,124.5,1.0,0.0,2.2,2.2,0.0,18.5,2.2,155.0,8.5,19.4,272.0,1006.1,1006.1,2.7,5.2
2024-06-01 18:30:00+02:00,21.5,21.5,22.1,16.5,73.0,25.2,88.0,145.2,1.0,0.0,2.2,2.2,0.0,18.5,2.2,155.0,7.9,15.8,270.0,1006.2,1006.2,2.7,5.2
2024-06-01 18:35:00+02:00,21.6,21.6,22.1,16.6,73.0,25.2,88.0,122.8,1.0,0.0,2.2,2.2,0.0,18.5,2.2,155.0,8.6,16.2,275.0,1006.3,1006.3,2.7,5.2
2024-06-01 18:40:00+02:00,21.5,21.5,22.6,16.7,74.0,25.2,88.0,154.8,1.0,0.0,2.2,2.2,0.0,18.5,2.2,155.0,5.8,16.6,261.0,1006.2,1006.2,2.7,5.2
2024-06-01 18:45:00+02:00,21.5,21.5,21.9,16.8,75.0,25.2,88.0,165.8,1.0,0.0,2.2,2.2,0.0,18.5,2.2,155.0,9.5,19.1,270.0,1006.3,1006.3,2.7,5.2
2024-06-01 18:50:00+02:00,21.5,21.5,23.1,17.0,75.0,25.3,87.0,117.7,1.0,0.0,2.2,2.2,0.0,18.5,2.2,155.0,4.0,10.4,258.0,1006.3,1006.3,2.7,5.2
2024-06-01 18:55:00+02:00,21.5,21.5,22.3,17.0,75.0,25.3,88.0,123.5,1.0,0.0,2.2,2.2,0.0,18.5,2.2,155.0,7.8,10.8,283.0,1006.4,1006.4,2.7,5.2
2024-06-01 19:00:00+02:00,21.5,21.5,22.9,17.0,75.0,25.3,88.0,137.2,1.0,0.0,2.2,2.2,0.0,18.5,2.2,155.0,5.3,16.2,274.0,1006.4,1006.4,2.7,5.2
2024-06-01 19:05:00+02:00,21.6,21.6,22.8,17.1,76.0,25.3,88.0,122.2,1.0,0.0,2.2,2.2,0.0,18.5,2.2,155.0,6.0,15.8,282.0,1006.5,1006.5,2.7,5.2
2024-06-01 19:10:00+02:00,21.3,21.3,22.4,16.9,76.0,25.2,88.0,62.3,0.0,0.0,2.2,2.2,0.0,18.5,2.2,155.0,6.4,16.9,266.0,1006.5,1006.5,2.7,5.2
2024-06-01 19:15:00+02:00,21.0,21.0,21.7,16.8,77.0,25.3,88.0,59.8,0.0,0.0,2.2,2.2,0.0,18.5,2.2,155.0,8.6,16.9,285.0,1006.5,1006.5,2.7,5.2
2024-06-01 19:20:00+02:00,20.8,20.8,22.1,16.8,78.0,25.3,88.0,107.5,0.0,0.0,2.2,2.2,0.0,18.5,2.2,155.0,5.3,12.6,264.0,1006.6,1006.6,2.7,5.2
2024-06-01 19:25:00+02:00,21.0,21.0,22.2,16.8,77.0,25.3,88.0,121.7,1.0,0.0,2.2,2.2,0.0,18.5,2.2,155.0,5.5,14.0,271.0,1006.7,1006.7,2.7,5.2
2024-06-01 19:30:00+02:00,21.0,21.0,21.9,16.9,78.0,25.3,88.0,102.1,0.0,0.0,2.2,2.2,0.0,18.5,2.2,155.0,7.3,18.0,278.0,1006.7,1006.7,2.7,5.2
2024-06-01 19:35:00+02:00,21.1,21.1,22.6,16.9,77.0,25.3,88.0,106.6,0.0,0.0,2.2,2.2,0.0,18.5,2.2,155.0,4.0,11.2,273.0,1006.7,1006.7,2.7,5.2
2024-06-01 19:40:00+02:00,21.0,21.0,21.9,16.8,77.0,25.2,88.0,94.0,0.0,0.0,2.2,2.2,0.0,18.5,2.2,155.0,7.1,16.6,282.0,1006.8,1006.8,2.7,5.2
2024-06-01 19:45:00+02:00,20.9,20.9,21.8,16.8,78.0,25.3,88.0,81.3,0.0,0.0,2.2,2.2,0.0,18.5,2.2,155.0,7.2,19.1,281.0,1006.9,1006.9,2.7,5.2
2024-06-01 19:50:00+02:00,20.7,20.7,22.0,16.8,78.0,25.3,87.0,61.4,0.0,0.0,2.2,2.2,0.0,18.5,2.2,155.0,4.8,16.9,266.0,1006.9,1006.9,2.7,5.2
2024-06-01 19:55:00+02:00,20.4,20.4,21.2,16.6,79.0,25.3,87.0,53.2,0.0,0.0,2.2,2.2,0.0,18.5,2.2,155.0,7.6,18.0,276.0,1007.0,1007.0,2.7,5.2
2024-06-01 20:00:00+02:00,20.2,20.2,20.7,16.6,80.0,25.3,87.0,47.0,0.0,0.0,2.2,2.2,0.0,18.5,2.2,155.0,8.6,18.0,276.0,1007.0,1007.0,2.7,5.2
2024-06-01 20:05:00+02:00,20.0,20.0,20.7,16.5,80.0,25.2,87.0,40.5,0.0,0.0,2.2,2.2,0.0,18.5,2.2,155.0,7.4,21.6,253.0,1007.1,1007.1,2.7,5.2
2024-06-01 20:10:00+02:00,20.0,20.0,21.1,16.6,81.0,25.3,87.0,31.0,0.0,0.0,2.2,2.2,0.0,18.5,2.2,155.0,5.8,13.7,283.0,1007.1,1007.1,2.7,5.2
2024-06-01 20:15:00+02:00,19.8,19.8,20.6,16.5,81.0,25.3,87.0,28.1,0.0,0.0,2.2,2.2,0.0,18.5,2.2,155.0,7.1,16.2,276.0,1007.2,1007.2,2.7,5.2
2024-06-01 20:20:00+02:00,19.8,19.8,20.5,16.4,81.0,25.2,87.0,28.0,0.0,0.0,2.2,2.2,0.0,18.5,2.2,155.0,7.4,19.1,282.0,1007.2,1007.2,2.7,5.2
2024-06-01 20:25:00+02:00,19.8,19.8,21.1,16.4,81.0,25.2,87.0,23.8,0.0,0.0,2.2,2.2,0.0,18.5,2.2,155.0,4.2,11.2,262.0,1007.4,1007.4,2.7,5.2
2024-06-01 20:30:00+02:00,19.8,19.8,20.7,16.4,81.0,25.1,87.0,21.7,0.0,0.0,2.2,2.2,0.0,18.5,2.2,155.0,6.0,14.0,257.0,1007.4,1007.4,2.7,5.2
2024-06-01 20:35:00+02:00,19.7,19.7,19.9,16.4,81.0,25.1,87.0,21.0,0.0,0.0,2.2,2.2,0.0,18.5,2.2,155.0,9.6,20.5,279.0,1007.4,1007.4,2.7,5.2
2024-06-01 20:40:00+02:00,19.6,19.6,19.9,16.2,81.0,25.1,87.0,20.9,0.0,0.0,2.2,2.2,0.0,18.5,2.2,155.0,8.9,18.4,294.0,1007.5,1007.5,2.7,5.2
2024-06-01 20:45:00+02:00,19.5,19.5,20.3,16.0,80.0,25.1,86.0,21.4,0.0,0.0,2.2,2.2,0.0,18.5,2.2,155.0,6.1,15.5,296.0,1007.6,1007.6,2.7,5.2
2024-06-01 20:50:00+02:00,19.4,19.4,20.1,16.1,81.0,25.0,86.0,18.3,0.0,0.0,2.2,2.2,0.0,18.5,2.2,155.0,6.8,11.2,286.0,1007.6,1007.6,2.7,5.2
2024-06-01 20:55:00+02:00,19.3,19.3,20.1,16.0,81.0,25.0,86.0,11.5,0.0,0.0,2.2,2.2,0.0,18.5,2.2,155.0,6.1,12.2,282.0,1007.6,1007.6,2.7,5.2
2024-06-01 21:00:00+02:00,19.3,19.3,19.9,15.9,81.0,24.9,86.0,10.3,0.0,0.0,2.2,2.2,0.0,18.5,2.2,155.0,7.0,14.4,266.0,1007.7,1007.7,2.7,5.2
2024-06-01 21:05:00+02:00,19.2,19.2,20.2,16.0,81.0,24.9,86.0,7.3,0.0,0.0,2.2,2.2,0.0,18.5,2.2,155.0,4.8,12.6,274.0,1007.7,1007.7,2.7,5.2
2024-06-01 21:10:00+02:00,19.2,19.2,19.7,16.0,82.0,24.8,86.0,5.1,0.0,0.0,2.2,2.2,0.0,18.5,2.2,155.0,7.4,13.7,285.0,1007.8,1007.8,2.7,5.2
2024-06-01 21:15:00+02:00,19.0,19.0,19.6,15.8,82.0,24.8,86.0,3.8,0.0,0.0,2.2,2.2,0.0,18.5,2.2,155.0,6.5,16.2,271.0,1007.9,1007.9,2.7,5.2
2024-06-01 21:20:00+02:00,18.9,18.9,19.7,15.8,82.0,24.8,86.0,3.1,0.0,0.0,2.2,2.2,0.0,18.5,2.2,155.0,5.3,10.4,263.0,1007.9,1007.9,2.7,5.2
2024-06-01 21:25:00+02:00,18.8,18.8,19.2,15.7,82.0,24.7,86.0,2.0,0.0,0.0,2.2,2.2,0.0,18.5,2.2,155.0,7.4,17.3,283.0,1008.0,1008.0,2.7,5.2
2024-06-01 21:30:00+02:00,18.7,18.7,19.0,15.4,81.0,24.7,85.0,1.9,0.0,0.0,2.2,2.2,0.0,18.5,2.2,155.0,7.4,17.3,267.0,1008.1,1008.1,2.7,5.2
2024-06-01 21:35:00+02:00,18.7,18.7,18.7,15.5,82.0,24.7,85.0,0.9,0.0,0.0,2.2,2.2,0.0,18.5,2.2,155.0,9.0,17.3,295.0,1008.2,1008.2,2.7,5.2
2024-06-01 21:40:00+02:00,18.5,18.5,18.9,15.2,81.0,24.6,85.0,0.6,0.0,0.0,2.2,2.2,0.0,18.5,2.2,155.0,6.7,17.3,271.0,1008.3,1008.3,2.7,5.2
2024-06-01 21:45:00+02:00,18.4,18.4,18.5,15.0,81.0,24.5,85.0,0.2,0.0,0.0,2.2,2.2,0.0,18.5,2.2,155.0,7.6,18.0,293.0,1008.4,1008.4,2.7,5.2
2024-06-01 21:50:00+02:00,18.3,18.3,18.2,14.9,81.0,24.5,85.0,0.3,0.0,0.0,2.2,2.2,0.0,18.5,2.2,155.0,8.5,18.4,280.0,1008.6,1008.6,2.7,5.2
2024-06-01 21:55:00+02:00,18.1,18.1,18.0,14.8,81.0,24.4,85.0,0.2,0.0,0.0,2.2,2.2,0.0,18.5,2.2,155.0,8.4,14.8,280.0,1008.6,1008.6,2.7,5.2
2024-06-01 22:00:00+02:00,18.1,18.1,18.1,14.8,81.0,24.3,85.0,0.1,0.0,0.0,2.2,2.2,0.0,18.5,2.2,155.0,7.8,19.1,311.0,1008.7,1008.7,2.7,5.2
2024-06-01 22:05:00+02:00,18.0,18.0,18.5,14.9,82.0,24.2,85.0,0.0,0.0,0.0,2.2,2.2,0.0,18.5,2.2,155.0,5.5,17.6,282.0,1008.6,1008.6,2.7,5.2
2024-06-01 22:10:00+02:00,17.9,17.9,18.5,14.8,82.0,24.2,85.0,0.0,0.0,0.0,2.2,2.2,0.0,18.5,2.2,155.0,4.8,10.4,291.0,1008.8,1008.8,2.7,5.2
2024-06-01 22:15:00+02:00,17.9,17.9,18.0,14.8,82.0,24.2,85.0,0.0,0.0,0.0,2.2,2.2,0.0,18.5,2.2,155.0,7.6,18.4,283.0,1008.9,1008.9,2.7,5.2
2024-06-01 22:20:00+02:00,17.7,17.7,17.9,14.6,82.0,24.2,85.0,0.0,0.0,0.0,2.2,2.2,0.0,18.5,2.2,155.0,6.6,18.4,271.0,1008.9,1008.9,2.7,5.2
2024-06-01 22:25:00+02:00,17.6,17.6,16.8,14.5,82.0,24.1,85.0,0.0,0.0,0.0,2.2,2.2,0.0,18.5,2.2,155.0,11.2,18.4,283.0,1008.8,1008.8,2.7,5.1
2024-06-01 22:30:00+02:00,17.5,17.5,17.6,14.3,82.0,24.0,85.0,0.0,0.0,0.0,2.2,2.2,0.0,18.5,2.2,155.0,6.4,13.3,277.0,1009.0,1009.0,2.7,5.1
2024-06-01 22:35:00+02:00,17.4,17.4,17.6,14.3,82.0,23.9,85.0,0.0,0.0,0.0,2.2,2.2,0.0,18.5,2.2,155.0,6.3,13.0,287.0,1009.1,1009.1,2.7,5.1
2024-06-01 22:40:00+02:00,17.3,17.3,17.1,14.4,83.0,23.8,85.0,0.0,0.0,0.0,2.2,2.2,0.0,18.5,2.2,155.0,8.6,14.8,260.0,1009.1,1009.1,2.7,5.1
2024-06-01 22:45:00+02:00,17.2,17.2,17.0,14.3,83.0,23.8,84.0,0.0,0.0,0.0,2.2,2.2,0.0,18.5,2.2,155.0,8.0,15.1,275.0,1009.2,1009.2,2.7,5.1
2024-06-01 22:50:00+02:00,17.2,17.2,17.6,14.3,83.0,23.7,84.0,0.0,0.0,0.0,2.2,2.2,0.0,18.5,2.2,155.0,4.9,14.4,275.0,1009.2,1009.2,2.7,5.1
2024-06-01 22:55:00+02:00,17.1,17.1,17.4,14.2,83.0,23.7,84.0,0.0,0.0,0.0,2.2,2.2,0.0,18.5,2.2,155.0,5.5,12.6,262.0,1009.2,1009.2,2.7,5.1
2024-06-01 23:00:00+02:00,17.1,17.1,17.5,14.4,84.0,23.7,84.0,0.0,0.0,0.0,2.2,2.2,0.0,18.5,2.2,155.0,5.3,11.9,290.0,1009.3,1009.3,2.7,5.1
2024-06-01 23:05:00+02:00,17.1,17.1,17.5,14.4,84.0,23.6,84.0,0.0,0.0,0.0,2.2,2.2,0.0,18.5,2.2,155.0,5.3,11.9,269.0,1009.2,1009.2,2.7,5.1
2024-06-01 23:10:00+02:00,17.0,17.0,17.5,14.3,84.0,23.5,84.0,0.0,0.0,0.0,2.2,2.2,0.0,18.5,2.2,155.0,4.4,15.1,293.0,1009.3,1009.3,2.7,5.1
2024-06-01 23:15:00+02:00,17.0,17.0,17.9,14.3,84.0,23.4,84.0,0.0,0.0,0.0,2.2,2.2,0.0,18.5,2.2,155.0,2.7,7.2,298.0,1009.4,1009.4,2.7,5.1
2024-06-01 23:20:00+02:00,17.0,17.0,17.8,14.4,85.0,23.3,84.0,0.0,0.0,0.0,2.2,2.2,0.0,18.5,2.2,155.0,3.0,9.7,253.0,1009.3,1009.3,2.7,5.1
2024-06-01 23:25:00+02:00,16.9,16.9,17.2,14.3,85.0,23.3,84.0,0.0,0.0,0.0,2.2,2.2,0.0,18.5,2.2,155.0,5.4,10.4,281.0,1009.5,1009.5,2.7,5.1
2024-06-01 23:30:00+02:00,16.8,16.8,17.2,14.3,85.0,23.2,84.0,0.0,0.0,0.0,2.2,2.2,0.0,18.5,2.2,155.0,5.4,10.1,294.0,1009.5,1009.5,2.7,5.1
2024-06-01 23:35:00+02:00,16.7,16.7,16.8,14.3,85.0,23.2,84.0,0.0,0.0,0.0,2.2,2.2,0.0,18.5,2.2,155.0,6.8,17.6,300.0,1009.4,1009.4,2.7,5.1
2024-06-01 23:40:00+02:00,16.7,16.7,16.7,14.2,85.0,23.1,84.0,0.0,0.0,0.0,2.2,2.2,0.0,18.5,2.2,155.0,7.0,17.6,304.0,1009.6,1009.6,2.7,5.1
2024-06-01 23:45:00+02:00,16.7,16.7,17.0,14.2,85.0,23.1,84.0,0.0,0.0,0.0,2.2,2.2,0.0,18.5,2.2,155.0,5.3,14.4,274.0,1009.6,1009.6,2.7,5.1
2024-06-01 23:50:00+02:00,16.7,16.7,16.9,14.1,85.0,23.1,84.0,0.0,0.0,0.0,2.2,2.2,0.0,18.5,2.2,155.0,5.4,10.1,278.0,1009.5,1009.5,2.7,5.1
2024-06-01 23:55:00+02:00,16.6,16.6,16.5,14.1,85.0,23.0,84.0,0.0,0.0,0.0,2.2,2.2,0.0,18.5,2.2,155.0,7.1,10.1,270.0,1009.5,1009.5,2.7,5.1
2024-06-01 00:00:00+02:00,15.6,15.6,15.6,12.9,84.0,21.9,84.0,0.0,0.0,0.0,0.0,0.0,0.0,16.3,0.0,152.8,4.8,11.2,302.0,1003.6,1003.6,2.7,5.0
2024-06-01 00:05:00+02:00,15.5,15.5,15.8,12.9,84.0,21.8,84.0,0.0,0.0,0.0,0.0,0.0,0.0,16.3,0.0,152.8,3.0,5.8,268.0,1003.7,1003.7,2.7,5.0
2024-06-01 00:10:00+02:00,15.5,15.5,15.9,12.9,84.0,21.8,84.0,0.0,0.0,0.0,0.0,0.0,0.0,16.3,0.0,152.8,2.7,7.6,273.0,1003.7,1003.7,2.7,5.0
2024-06-01 00:15:00+02:00,15.4,15.4,15.5,12.8,84.0,21.7,84.0,0.0,0.0,0.0,0.0,0.0,0.0,16.3,0.0,152.8,4.1,7.9,278.0,1003.8,1003.8,2.7,5.0
2024-06-01 00:20:00+02:00,15.4,15.4,15.9,12.9,85.0,21.7,84.0,0.0,0.0,0.0,0.0,0.0,0.0,16.3,0.0,152.8,2.2,5.0,254.0,1003.8,1003.8,2.7,5.0
2024-06-01 00:25:00+02:00,15.3,15.3,15.6,12.8,85.0,21.6,84.0,0.0,0.0,0.0,0.0,0.0,0.0,16.3,0.0,152.8,3.5,6.1,299.0,1003.9,1003.9,2.7,5.0
2024-06-01 00:30:00+02:00,15.3,15.3,15.6,12.8,85.0,21.6,84.0,0.0,0.0,0.0,0.0,0.0,0.0,16.3,0.0,152.8,2.8,9.7,296.0,1003.9,1003.9,2.7,5.0
2024-06-01 00:35:00+02:00,15.3,15.3,15.5,12.8,85.0,21.6,84.0,0.0,0.0,0.0,0.0,0.0,0.0,16.3,0.0,152.8,3.6,8.6,290.0,1003.9,1003.9,2.7,5.0
2024-06-01 00:40:00+02:00,15.3,15.3,15.6,12.8,85.0,21.5,84.0,0.0,0.0,0.0,0.0,0.0,0.0,16.3,0.0,152.8,2.9,6.1,284.0,1003.9,1003.9,2.7,5.0
2024-06-01 00:45:00+02:00,15.2,15.2,15.4,12.8,85.0,21.5,84.0,0.0,0.0,0.0,0.0,0.0,0.0,16.3,0.0,152.8,3.7,7.6,278.0,1004.0,1004.0,2.7,5.0
2024-06-01 00:50:00+02:00,15.2,15.2,15.2,12.8,85.0,21.4,84.0,0.0,0.0,0.0,0.0,0.0,0.0,16.3,0.0,152.8,4.3,7.9,283.0,1003.9,1003.9,2.7,5.0
2024-06-01 00:55:00+02:00,15.2,15.2,15.7,12.9,86.0,21.4,84.0,0.0,0.0,0.0,0.0,0.0,0.0,16.3,0.0,152.8,2.2,5.8,269.0,1003.9,1003.9,2.7,5.0
2024-06-01 01:00:00+02:00,15.2,15.2,15.4,12.9,86.0,21.3,84.0,0.0,0.0,0.0,0.0,0.0,0.0,16.3,0.0,152.8,3.3,8.6,282.0,1004.0,1004.0,2.7,5.0
2024-06-01 01:05:00+02:00,15.1,15.1,15.4,12.8,86.0,21.3,84.0,0.0,0.0,0.0,0.0,0.0,0.0,16.3,0.0,152.8,2.9,8.6,282.0,1004.1,1004.1,2.7,5.0
2024-06-01 01:10:00+02:00,15.1,15.1,15.4,12.8,86.0,21.3,84.0,0.0,0.0,0.0,0.0,0.0,0.0,16.3,0.0,152.8,3.0,5.8,305.0,1003.9,1003.9,2.7,5.0
2024-06-01 01:15:00+02:00,15.1,15.1,15.0,12.8,86.0,21.3,84.0,0.0,0.0,0.0,0.0,0.0,0.0,16.3,0.0,152.8,5.0,9.4,281.0,1004.0,1004.0,2.7,5.0
2024-06-01 01:20:00+02:00,15.0,15.0,15.3,12.7,86.0,21.2,84.0,0.0,0.0,0.0,0.0,0.0,0.0,16.3,0.0,152.8,2.9,9.0,273.0,1003.9,1003.9,2.7,5.0
2024-06-01 01:25:00+02:00,15.0,15.0,15.3,12.7,86.0,21.2,84.0,0.0,0.0,0.0,0.0,0.0,0.0,16.3,0.0,152.8,3.0,5.8,267.0,1004.0,1004.0,2.7,5.0
2024-06-01 01:30:00+02:00,14.9,14.9,15.2,12.7,87.0,21.1,84.0,0.0,0.0,0.0,0.0,0.0,0.0,16.3,0.0,152.8,3.0,5.8,282.0,1004.0,1004.0,2.7,5.0
2024-06-01 01:35:00+02:00,14.9,14.9,15.2,12.7,87.0,21.1,84.0,0.0,0.0,0.0,0.0,0.0,0.0,16.3,0.0,152.8,2.9,11.5,260.0,1004.1,1004.1,2.7,5.0
2024-06-01 01:40:00+02:00,14.8,14.8,14.9,12.6,87.0,21.1,84.0,0.0,0.0,0.0,0.0,0.0,0.0,16.3,0.0,152.8,3.5,11.5,257.0,1004.0,1004.0,2.7,5.0
2024-06-01 01:45:00+02:00,14.7,14.7,15.0,12.7,88.0,21.0,84.0,0.0,0.0,0.0,0.0,0.0,0.0,16.3,0.0,152.8,2.3,5.8,278.0,1004.1,1004.1,2.7,4.9
2024-06-01 01:50:00+02:00,14.5,14.5,15.0,12.7,89.0,21.0,84.0,0.0,0.0,0.0,0.0,0.0,0.0,16.3,0.0,152.8,1.9,6.5,287.0,1004.1,1004.1,2.7,4.9
2024-06-01 01:55:00+02:00,14.4,14.4,14.8,12.7,89.0,20.9,84.0,0.0,0.0,0.0,0.0,0.0,0.0,16.3,0.0,152.8,2.2,6.5,280.0,1004.1,1004.1,2.7,4.9
2024-06-02 00:00:00+02:00,16.5,16.5,16.9,14.2,86.0,22.9,84.0,0.0,0.0,0.0,0.0,2.2,0.0,0.0,2.2,155.0,4.9,8.6,257.0,1009.4,1009.4,2.7,5.1
2024-06-02 00:05:00+02:00,16.5,16.5,16.7,14.1,86.0,22.8,84.0,0.0,0.0,0.0,0.0,2.2,0.0,0.0,2.2,155.0,5.5,13.0,283.0,1009.5,1009.5,2.7,5.0
2024-06-02 00:10:00+02:00,16.4,16.4,16.4,14.1,86.0,22.8,84.0,0.0,0.0,0.0,0.0,2.2,0.0,0.0,2.2,155.0,6.8,10.1,265.0,1009.6,1009.6,2.7,5.0
2024-06-02 00:15:00+02:00,16.3,16.3,16.4,13.9,86.0,22.7,84.0,0.0,0.0,0.0,0.0,2.2,0.0,0.0,2.2,155.0,5.9,13.7,291.0,1009.4,1009.4,2.7,5.0
2024-06-02 00:20:00+02:00,16.3,16.3,16.3,13.9,86.0,22.7,84.0,0.0,0.0,0.0,0.0,2.2,0.0,0.0,2.2,155.0,6.4,14.4,265.0,1009.6,1009.6,2.7,5.0
2024-06-02 00:25:00+02:00,16.2,16.2,16.4,13.9,86.0,22.6,84.0,0.0,0.0,0.0,0.0,2.2,0.0,0.0,2.2,155.0,5.5,10.8,282.0,1009.5,1009.5,2.7,5.0
2024-06-02 00:30:00+02:00,16.1,16.1,15.8,13.8,86.0,22.6,84.0,0.0,0.0,0.0,0.0,2.2,0.0,0.0,2.2,155.0,8.0,15.5,286.0,1009.4,1009.4,2.7,5.0
2024-06-02 00:35:00+02:00,16.0,16.0,15.5,13.5,85.0,22.5,84.0,0.0,0.0,0.0,0.0,2.2,0.0,0.0,2.2,155.0,8.4,15.5,271.0,1009.5,1009.5,2.7,5.0
2024-06-02 00:40:00+02:00,16.0,16.0,15.4,13.5,85.0,22.4,84.0,0.0,0.0,0.0,0.0,2.2,0.0,0.0,2.2,155.0,8.5,25.9,278.0,1009.5,1009.5,2.7,5.0
2024-06-02 00:45:00+02:00,15.9,15.9,15.8,13.4,85.0,22.4,84.0,0.0,0.0,0.0,0.0,2.2,0.0,0.0,2.2,155.0,5.8,17.3,298.0,1009.5,1009.5,2.7,5.0
2024-06-02 00:50:00+02:00,15.9,15.9,16.0,13.5,86.0,22.3,84.0,0.0,0.0,0.0,0.0,2.2,0.0,0.0,2.2,155.0,5.2,14.0,283.0,1009.6,1009.6,2.7,5.0
2024-06-02 00:55:00+02:00,15.9,15.9,16.5,13.6,86.0,22.3,84.0,0.0,0.0,0.0,0.0,2.2,0.0,0.0,2.2,155.0,2.8,8.6,284.0,1009.7,1009.7,2.7,5.0
2024-06-02 01:00:00+02:00,15.8,15.8,16.1,13.5,86.0,22.2,84.0,0.0,0.0,0.0,0.0,2.2,0.0,0.0,2.2,155.0,4.3,10.1,269.0,1009.6,1009.6,2.7,5.0
2024-06-02 01:05:00+02:00,15.8,15.8,15.9,13.4,86.0,22.2,84.0,0.0,0.0,0.0,0.0,2.2,0.0,0.0,2.2,155.0,4.9,11.2,285.0,1009.6,1009.6,2.7,5.0
2024-06-02 01:10:00+02:00,15.7,15.7,15.4,13.4,86.0,22.2,84.0,0.0,0.0,0.0,0.0,2.2,0.0,0.0,2.2,155.0,6.9,13.0,274.0,1009.6,1009.6,2.7,5.0
2024-06-02 01:15:00+02:00,15.7,15.7,15.8,13.4,86.0,22.1,84.0,0.0,0.0,0.0,0.0,2.2,0.0,0.0,2.2,155.0,5.1,10.1,258.0,1009.6,1009.6,2.7,5.0
2024-06-02 01:20:00+02:00,15.6,15.6,15.7,13.4,87.0,22.1,84.0,0.0,0.0,0.0,0.0,2.2,0.0,0.0,2.2,155.0,5.3,15.5,269.0,1009.7,1009.7,2.7,5.0
2024-06-02 01:25:00+02:00,15.6,15.6,15.3,13.4,87.0,22.0,84.0,0.0,0.0,0.0,0.0,2.2,0.0,0.0,2.2,155.0,7.1,17.3,281.0,1009.8,1009.8,2.7,5.0
2024-06-02 01:30:00+02:00,15.5,15.5,14.9,13.3,87.0,21.9,84.0,0.0,0.0,0.0,0.0,2.2,0.0,0.0,2.2,155.0,8.3,17.3,291.0,1009.8,1009.8,2.7,5.0
2024-06-02 01:35:00+02:00,15.5,15.5,15.5,13.3,87.0,21.9,84.0,0.0,0.0,0.0,0.0,2.2,0.0,0.0,2.2,155.0,5.3,17.3,271.0,1009.8,1009.8,2.7,5.0
2024-06-02 01:40:00+02:00,15.5,15.5,15.6,13.3,87.0,21.8,84.0,0.0,0.0,0.0,0.0,2.2,0.0,0.0,2.2,155.0,4.8,10.8,302.0,1009.8,1009.8,2.7,5.0
2024-06-02 01:45:00+02:00,15.4,15.4,15.3,13.3,87.0,21.8,84.0,0.0,0.0,0.0,0.0,2.2,0.0,0.0,2.2,155.0,5.8,21.2,291.0,1009.9,1009.9,2.7,5.0
2024-06-02 01:50:00+02:00,15.4,15.4,15.2,13.2,87.0,21.7,84.0,0.0,0.0,0.0,0.0,2.2,0.0,0.0,2.2,155.0,6.0,21.2,303.0,1009.9,1009.9,2.7,5.0
2024-06-02 01:55:00+02:00,15.4,15.4,15.3,13.2,87.0,21.7,84.0,0.0,0.0,0.0,0.0,2.2,0.0,0.0,2.2,155.0,5.9,10.4,264.0,1009.9,1009.9,2.7,4.9
2024-06-02 02:00:00+02:00,15.4,15.4,15.5,13.2,87.0,21.6,84.0,0.0,0.0,0.0,0.0,2.2,0.0,0.0,2.2,155.0,4.5,14.0,268.0,1009.9,1009.9,2.7,4.9
2024-06-02 02:05:00+02:00,15.4,15.4,15.6,13.2,87.0,21.6,84.0,0.0,0.0,0.0,0.0,2.2,0.0,0.0,2.2,155.0,4.0,6.8,281.0,1009.8,1009.8,2.7,4.9
2024-06-02 02:10:00+02:00,15.4,15.4,15.6,13.2,87.0,21.6,84.0,0.0,0.0,0.0,0.0,2.2,0.0,0.0,2.2,155.0,4.1,9.0,303.0,1009.8,1009.8,2.7,4.9
2024-06-02 02:15:00+02:00,15.4,15.4,15.8,13.2,87.0,21.5,84.0,0.0,0.0,0.0,0.0,2.2,0.0,0.0,2.2,155.0,3.2,5.8,273.0,1009.8,1009.8,2.7,4.9
2024-06-02 02:20:00+02:00,15.4,15.4,15.6,13.2,87.0,21.6,84.0,0.0,0.0,0.0,0.0,2.2,0.0,0.0,2.2,155.0,4.0,7.2,269.0,1009.9,1009.9,2.7,4.9
2024-06-02 02:25:00+02:00,15.3,15.3,15.1,13.1,87.0,21.5,84.0,0.0,0.0,0.0,0.0,2.2,0.0,0.0,2.2,155.0,6.0,10.1,280.0,1009.8,1009.8,2.7,4.9
2024-06-02 02:30:00+02:00,15.3,15.3,15.6,13.1,87.0,21.4,84.0,0.0,0.0,0.0,0.0,2.2,0.0,0.0,2.2,155.0,3.3,7.9,289.0,1009.8,1009.8,2.7,4.9
2024-06-02 02:35:00+02:00,15.3,15.3,15.1,13.1,87.0,21.3,84.0,0.0,0.0,0.0,0.0,2.2,0.0,0.0,2.2,155.0,5.6,11.2,301.0,1009.9,1009.9,2.7,4.9
2024-06-02 02:40:00+02:00,15.2,15.2,15.3,13.1,87.0,21.3,84.0,0.0,0.0,0.0,0.0,2.2,0.0,0.0,2.2,155.0,4.6,11.5,282.0,1009.9,1009.9,2.7,4.9
2024-06-02 02:45:00+02:00,15.2,15.2,15.1,13.3,88.0,21.3,84.0,0.0,0.0,0.0,0.0,2.2,0.0,0.0,2.2,155.0,5.7,16.2,281.0,1010.1,1010.1,2.7,4.9
2024-06-02 02:50:00+02:00,15.2,15.2,15.5,13.3,88.0,21.2,84.0,0.0,0.0,0.0,0.0,2.2,0.0,0.0,2.2,155.0,3.7,9.7,308.0,1009.8,1009.8,2.7,4.9
2024-06-02 02:55:00+02:00,15.1,15.1,15.2,13.2,88.0,21.2,84.0,0.0,0.0,0.0,0.0,2.2,0.0,0.0,2.2,155.0,4.6,7.2,285.0,1009.9,1009.9,2.7,4.9
2024-06-02 03:00:00+02:00,15.1,15.1,15.8,13.2,88.0,21.2,84.0,0.0,0.0,0.0,0.0,2.2,0.0,0.0,2.2,155.0,1.3,5.0,285.0,1009.9,1009.9,2.7,4.9
2024-06-02 03:05:00+02:00,15.1,15.1,15.4,13.2,88.0,21.2,84.0,0.0,0.0,0.0,0.0,2.2,0.0,0.0,2.2,155.0,3.5,7.9,266.0,1010.0,1010.0,2.7,4.9
2024-06-02 03:10:00+02:00,15.1,15.1,15.4,13.1,88.0,21.1,84.0,0.0,0.0,0.0,0.0,2.2,0.0,0.0,2.2,155.0,3.1,9.4,277.0,1009.8,1009.8,2.7,4.9
2024-06-02 03:15:00+02:00,15.0,15.0,15.5,13.2,89.0,21.1,84.0,0.0,0.0,0.0,0.0,2.2,0.0,0.0,2.2,155.0,2.4,5.8,268.0,1009.9,1009.9,2.7,4.9
2024-06-02 03:20:00+02:00,15.0,15.0,14.7,13.2,89.0,21.1,84.0,0.0,0.0,0.0,0.0,2.2,0.0,0.0,2.2,155.0,6.6,11.9,279.0,1010.0,1010.0,2.7,4.9
2024-06-02 03:25:00+02:00,14.9,14.9,15.3,13.1,89.0,21.0,84.0,0.0,0.0,0.0,0.0,2.2,0.0,0.0,2.2,155.0,3.1,9.0,282.0,1010.0,1010.0,2.7,4.9
2024-06-02 03:30:00+02:00,14.9,14.9,14.4,13.1,89.0,21.0,84.0,0.0,0.0,0.0,0.0,2.2,0.0,0.0,2.2,155.0,7.8,14.8,286.0,1010.1,1010.1,2.7,4.9
2024-06-02 03:35:00+02:00,14.9,14.9,14.6,13.1,89.0,21.0,84.0,0.0,0.0,0.0,0.0,2.2,0.0,0.0,2.2,155.0,6.3,13.3,280.0,1010.3,1010.3,2.7,4.9
2024-06-02 03:40:00+02:00,14.8,14.8,14.4,13.0,89.0,20.9,84.0,0.0,0.0,0.0,0.0,2.2,0.0,0.0,2.2,155.0,6.7,17.3,267.0,1010.2,1010.2,2.7,4.9
2024-06-02 03:45:00+02:00,14.8,14.8,14.9,13.0,89.0,20.9,84.0,0.0,0.0,0.0,0.0,2.2,0.0,0.0,2.2,155.0,4.3,9.0,289.0,1010.2,1010.2,2.7,4.8
2024-06-02 03:50:00+02:00,14.8,14.8,14.5,13.0,89.0,20.9,84.0,0.0,0.0,0.0,0.0,2.2,0.0,0.0,2.2,155.0,6.3,14.8,297.0,1010.3,1010.3,2.7,4.8
2024-06-02 03:55:00+02:00,14.7,14.7,14.2,12.9,89.0,20.8,84.0,0.0,0.0,0.0,0.0,2.2,0.0,0.0,2.2,155.0,7.3,15.8,260.0,1010.3,1010.3,2.7,4.8
2024-06-02 04:00:00+02:00,14.7,14.7,14.7,12.9,89.0,20.8,84.0,0.0,0.0,0.0,0.0,2.2,0.0,0.0,2.2,155.0,4.8,12.2,283.0,1010.2,1010.2,2.7,4.8
2024-06-02 04:05:00+02:00,14.7,14.7,14.6,12.9,89.0,20.7,84.0,0.0,0.0,0.0,0.0,2.2,0.0,0.0,2.2,155.0,5.2,11.5,281.0,1010.2,1010.2,2.7,4.8
2024-06-02 04:15:00+02:00,14.7,14.7,14.8,12.9,89.0,20.7,84.0,0.0,0.0,0.0,0.0,2.2,0.0,0.0,2.2,155.0,4.1,8.3,274.0,1010.2,1010.2,2.7,4.8
2024-06-02 04:20:00+02:00,14.7,14.7,14.7,12.9,89.0,20.6,84.0,0.0,0.0,0.0,0.0,2.2,0.0,0.0,2.2,155.0,4.0,10.4,265.0,1010.2,1010.2,2.7,4.8
2024-06-02 04:25:00+02:00,14.6,14.6,14.9,12.9,89.0,20.6,84.0,0.0,0.0,0.0,0.0,2.2,0.0,0.0,2.2,155.0,3.3,12.2,257.0,1010.4,1010.4,2.7,4.8
2024-06-02 04:30:00+02:00,14.6,14.6,14.9,12.9,89.0,20.5,84.0,0.0,0.0,0.0,0.0,2.2,0.0,0.0,2.2,155.0,3.3,6.5,286.0,1010.4,1010.4,2.7,4.8
2024-06-02 04:35:00+02:00,14.7,14.7,15.1,12.9,89.0,20.5,84.0,0.0,0.0,0.0,0.0,2.2,0.0,0.0,2.2,155.0,1.9,6.8,287.0,1010.4,1010.4,2.7,4.8
2024-06-02 04:40:00+02:00,14.6,14.6,15.0,12.8,89.0,20.5,84.0,0.0,0.0,0.0,0.0,2.2,0.0,0.0,2.2,155.0,2.3,5.8,295.0,1010.4,1010.4,2.7,4.8
2024-06-02 04:45:00+02:00,14.6,14.6,14.7,12.8,89.0,20.5,84.0,0.0,0.0,0.0,0.0,2.2,0.0,0.0,2.2,155.0,4.0,19.8,266.0,1010.3,1010.3,2.7,4.8
2024-06-02 04:50:00+02:00,14.5,14.5,14.0,12.7,89.0,20.5,84.0,0.0,0.0,0.0,0.0,2.2,0.0,0.0,2.2,155.0,6.4,19.8,279.0,1010.3,1010.3,2.7,4.8
2024-06-02 04:55:00+02:00,14.4,14.4,14.1,12.6,89.0,20.4,84.0,0.1,0.0,0.0,0.0,2.2,0.0,0.0,2.2,155.0,5.5,11.9,282.0,1010.4,1010.4,2.7,4.8
2024-06-02 05:00:00+02:00,14.3,14.3,13.8,12.5,89.0,20.4,84.0,0.1,0.0,0.0,0.0,2.2,0.0,0.0,2.2,155.0,6.5,13.0,297.0,1010.4,1010.4,2.7,4.8
2024-06-02 05:05:00+02:00,14.3,14.3,14.1,12.5,89.0,20.3,84.0,0.2,0.0,0.0,0.0,2.2,0.0,0.0,2.2,155.0,5.0,11.2,276.0,1010.4,1010.4,2.7,4.8
2024-06-02 05:10:00+02:00,14.3,14.3,14.0,12.5,89.0,20.3,84.0,0.3,0.0,0.0,0.0,2.2,0.0,0.0,2.2,155.0,5.4,9.7,306.0,1010.4,1010.4,2.7,4.8
2024-06-02 05:15:00+02:00,14.3,14.3,14.4,12.5,89.0,20.3,84.0,0.4,0.0,0.0,0.0,2.2,0.0,0.0,2.2,155.0,3.4,9.4,284.0,1010.5,1010.5,2.7,4.8
2024-06-02 05:20:00+02:00,14.3,14.3,14.1,12.5,89.0,20.3,84.0,0.5,0.0,0.0,0.0,2.2,0.0,0.0,2.2,155.0,4.8,10.4,320.0,1010.5,1010.5,2.7,4.8
2024-06-02 05:25:00+02:00,14.3,14.3,14.5,12.5,89.0,20.2,84.0,0.6,0.0,0.0,0.0,2.2,0.0,0.0,2.2,155.0,2.9,7.2,282.0,1010.5,1010.5,2.7,4.8
2024-06-02 05:30:00+02:00,14.2,14.2,14.3,12.6,90.0,20.2,84.0,0.8,0.0,0.0,0.0,2.2,0.0,0.0,2.2,155.0,4.0,10.1,252.0,1010.6,1010.6,2.7,4.8
2024-06-02 05:35:00+02:00,14.1,14.1,14.2,12.5,90.0,20.2,84.0,1.1,0.0,0.0,0.0,2.2,0.0,0.0,2.2,155.0,3.3,11.5,274.0,1010.6,1010.6,2.7,4.7
2024-06-02 05:40:00+02:00,14.0,14.0,13.4,12.4,90.0,20.1,84.0,1.5,0.0,0.0,0.0,2.2,0.0,0.0,2.2,155.0,7.1,12.6,286.0,1010.7,1010.7,2.7,4.7
2024-06-02 05:45:00+02:00,14.0,14.0,13.4,12.4,90.0,20.1,84.0,2.0,0.0,0.0,0.0,2.2,0.0,0.0,2.2,155.0,7.0,14.4,284.0,1010.6,1010.6,2.7,4.7
2024-06-02 05:50:00+02:00,14.0,14.0,14.0,12.4,90.0,20.0,84.0,2.9,0.0,0.0,0.0,2.2,0.0,0.0,2.2,155.0,4.0,7.9,277.0,1010.7,1010.7,2.7,4.7
2024-06-02 05:55:00+02:00,14.0,14.0,14.1,12.4,90.0,20.0,84.0,2.9,0.0,0.0,0.0,2.2,0.0,0.0,2.2,155.0,3.0,7.9,283.0,1010.8,1010.8,2.7,4.7
2024-06-02 06:00:00+02:00,14.0,14.0,14.1,12.4,90.0,20.0,84.0,3.2,0.0,0.0,0.0,2.2,0.0,0.0,2.2,155.0,3.2,5.8,289.0,1010.7,1010.7,2.7,4.7
2024-06-02 06:05:00+02:00,14.0,14.0,14.2,12.4,90.0,20.0,84.0,3.5,0.0,0.0,0.0,2.2,0.0,0.0,2.2,155.0,2.9,5.8,298.0,1010.8,1010.8,2.7,4.7
2024-06-02 06:10:00+02:00,14.0,14.0,14.1,12.4,90.0,20.0,84.0,3.5,0.0,0.0,0.0,2.2,0.0,0.0,2.2,155.0,2.9,6.8,282.0,1010.8,1010.8,2.7,4.7
2024-06-02 06:15:00+02:00,13.9,13.9,13.8,12.4,91.0,19.9,84.0,4.0,0.0,0.0,0.0,2.2,0.0,0.0,2.2,155.0,4.3,7.9,275.0,1010.9,1010.9,2.7,4.7
2024-06-02 06:20:00+02:00,13.7,13.7,13.1,12.3,91.0,19.9,84.0,4.4,0.0,0.0,0.0,2.2,0.0,0.0,2.2,155.0,6.6,14.4,265.0,1011.0,1011.0,2.7,4.7
2024-06-02 06:25:00+02:00,13.5,13.5,12.7,12.2,92.0,19.9,84.0,5.2,0.0,0.0,0.0,2.2,0.0,0.0,2.2,155.0,7.6,16.2,284.0,1011.0,1011.0,2.7,4.7
2024-06-02 06:30:00+02:00,13.3,13.3,12.8,12.1,92.0,19.8,84.0,5.9,0.0,0.0,0.0,2.2,0.0,0.0,2.2,155.0,6.3,10.8,274.0,1011.1,1011.1,2.7,4.7
2024-06-02 06:35:00+02:00,13.3,13.3,13.1,12.2,93.0,19.8,84.0,6.4,0.0,0.0,0.0,2.2,0.0,0.0,2.2,155.0,4.3,11.5,274.0,1011.1,1011.1,2.7,4.7
2024-06-02 06:40:00+02:00,13.3,13.3,12.8,12.2,93.0,19.8,84.0,7.0,0.0,0.0,0.0,2.2,0.0,0.0,2.2,155.0,5.8,13.3,289.0,1011.1,1011.1,2.7,4.7
2024-06-02 06:45:00+02:00,13.2,13.2,12.8,12.1,93.0,19.7,84.0,8.5,0.0,0.0,0.0,2.2,0.0,0.0,2.2,155.0,5.4,13.7,285.0,1011.2,1011.2,2.7,4.7
2024-06-02 06:50:00+02:00,13.2,13.2,12.8,12.1,93.0,19.7,84.0,10.3,0.0,0.0,0.0,2.2,0.0,0.0,2.2,155.0,5.4,12.6,272.0,1011.1,1011.1,2.7,4.7
2024-06-02 06:55:00+02:00,13.2,13.2,12.8,12.0,93.0,19.7,84.0,11.7,0.0,0.0,0.0,2.2,0.0,0.0,2.2,155.0,5.3,11.9,273.0,1011.3,1011.3,2.7,4.7
2024-06-02 07:00:00+02:00,13.1,13.1,12.5,12.0,93.0,19.6,84.0,12.2,0.0,0.0,0.0,2.2,0.0,0.0,2.2,155.0,6.1,13.0,272.0,1011.2,1011.2,2.7,4.7
2024-06-02 07:05:00+02:00,13.0,13.0,12.2,11.9,93.0,19.6,84.0,11.8,0.0,0.0,0.0,2.2,0.0,0.0,2.2,155.0,7.1,13.0,288.0,1011.3,1011.3,2.7,4.7
2024-06-02 07:10:00+02:00,13.1,13.1,13.1,12.0,93.0,19.5,84.0,12.2,0.0,0.0,0.0,2.2,0.0,0.0,2.2,155.0,3.2,10.1,272.0,1011.3,1011.3,2.7,4.7
2024-06-02 07:15:00+02:00,13.1,13.1,13.1,12.0,93.0,19.5,84.0,12.5,0.0,0.0,0.0,2.2,0.0,0.0,2.2,155.0,2.9,7.6,307.0,1011.3,1011.3,2.7,4.7
2024-06-02 07:20:00+02:00,13.2,13.2,13.1,11.9,92.0,19.5,84.0,12.1,0.0,0.0,0.0,2.2,0.0,0.0,2.2,155.0,3.4,12.2,293.0,1011.4,1011.4,2.7,4.7
2024-06-02 07:25:00+02:00,13.2,13.2,12.8,11.9,92.0,19.5,84.0,19.3,0.0,0.0,0.0,2.2,0.0,0.0,2.2,155.0,5.0,12.6,282.0,1011.4,1011.4,2.7,4.7
2024-06-02 07:30:00+02:00,13.2,13.2,12.9,11.7,90.0,19.4,84.0,24.1,0.0,0.0,0.0,2.2,0.0,0.0,2.2,155.0,4.7,11.9,270.0,1011.3,1011.3,2.7,4.7
2024-06-02 07:35:00+02:00,13.3,13.3,12.7,11.7,90.0,19.4,84.0,25.5,0.0,0.0,0.0,2.2,0.0,0.0,2.2,155.0,5.6,14.0,266.0,1011.4,1011.4,2.7,4.7
2024-06-02 07:40:00+02:00,13.3,13.3,12.8,11.6,90.0,19.4,84.0,21.6,0.0,0.0,0.0,2.2,0.0,0.0,2.2,155.0,5.0,13.7,263.0,1011.4,1011.4,2.7,4.7
2024-06-02 07:45:00+02:00,13.2,13.2,12.9,11.7,91.0,19.3,84.0,19.6,0.0,0.0,0.0,2.2,0.0,0.0,2.2,155.0,4.2,9.0,297.0,1011.4,1011.4,2.7,4.7
2024-06-02 07:50:00+02:00,13.2,13.2,13.1,11.8,91.0,19.3,84.0,18.8,0.0,0.0,0.0,2.2,0.0,0.0,2.2,155.0,3.2,10.1,274.0,1011.4,1011.4,2.7,4.7
2024-06-02 07:55:00+02:00,13.2,13.2,12.9,11.9,92.0,19.3,84.0,16.7,0.0,0.0,0.0,2.2,0.0,0.0,2.2,155.0,4.4,9.4,289.0,1011.5,1011.5,2.7,4.7
2024-06-02 08:00:00+02:00,13.1,13.1,12.7,11.8,92.0,19.3,84.0,16.3,0.0,0.0,0.0,2.2,0.0,0.0,2.2,155.0,4.8,9.0,279.0,1011.6,1011.6,2.7,4.7
2024-06-02 08:05:00+02:00,13.0,13.0,12.9,11.8,93.0,19.3,84.0,14.4,0.0,0.0,0.0,2.2,0.0,0.0,2.2,155.0,3.4,10.1,295.0,1011.6,1011.6,2.7,4.7
2024-06-02 08:10:00+02:00,12.9,12.9,12.4,11.8,93.0,19.3,84.0,17.3,0.0,0.0,0.0,2.2,0.0,0.0,2.2,155.0,5.4,12.2,280.0,1011.7,1011.7,2.7,4.7
2024-06-02 08:15:00+02:00,12.9,12.9,12.6,11.8,93.0,19.2,84.0,21.6,0.0,0.0,0.0,2.2,0.0,0.0,2.2,155.0,4.5,8.6,281.0,1011.7,1011.7,2.7,4.7
2024-06-02 08:20:00+02:00,12.9,12.9,12.7,11.8,93.0,19.2,84.0,26.8,0.0,0.0,0.0,2.2,0.0,0.0,2.2,155.0,3.9,12.6,289.0,1011.8,1011.8,2.7,4.7
2024-06-02 08:25:00+02:00,13.0,13.0,12.8,11.8,93.0,19.2,84.0,28.6,0.0,0.0,0.0,2.2,0.0,0.0,2.2,155.0,3.6,7.9,304.0,1011.7,1011.7,2.7,4.7
2024-06-02 08:30:00+02:00,13.0,13.0,12.9,11.7,92.0,19.1,84.0,35.1,0.0,0.0,0.0,2.2,0.0,0.0,2.2,155.0,3.1,9.7,281.0,1011.8,1011.8,2.7,4.7
2024-06-02 08:35:00+02:00,13.0,13.0,12.6,11.6,91.0,19.1,84.0,36.6,0.0,0.0,0.0,2.2,0.0,0.0,2.2,155.0,4.5,14.0,273.0,1011.9,1011.9,2.7,4.7
2024-06-02 08:40:00+02:00,13.1,13.1,12.8,11.6,91.0,19.1,84.0,36.4,0.0,0.0,0.0,2.2,0.0,0.0,2.2,155.0,4.0,14.0,280.0,1011.8,1011.8,2.7,4.7
2024-06-02 08:45:00+02:00,13.1,13.1,12.8,11.5,90.0,19.1,84.0,37.7,0.0,0.0,0.0,2.2,0.0,0.0,2.2,155.0,4.0,10.8,285.0,1012.0,1012.0,2.7,4.7
2024-06-02 08:50:00+02:00,13.2,13.2,13.0,11.6,90.0,19.1,84.0,40.7,0.0,0.0,0.0,2.2,0.0,0.0,2.2,155.0,3.5,10.8,289.0,1011.9,1011.9,2.7,4.7
2024-06-02 08:55:00+02:00,13.2,13.2,13.1,11.5,89.0,19.1,85.0,38.3,0.0,0.0,0.0,2.2,0.0,0.0,2.2,155.0,2.9,7.9,290.0,1012.0,1012.0,2.7,4.7
2024-06-02 09:00:00+02:00,13.2,13.2,12.6,11.4,89.0,19.0,85.0,35.3,0.0,0.0,0.0,2.2,0.0,0.0,2.2,155.0,5.3,14.0,346.0,1012.1,1012.1,2.7,4.7
2024-06-02 09:05:00+02:00,13.2,13.2,12.9,11.4,89.0,19.0,85.0,33.5,0.0,0.0,0.0,2.2,0.0,0.0,2.2,155.0,4.1,13.3,281.0,1012.3,1012.3,2.7,4.7
2024-06-02 09:10:00+02:00,13.2,13.2,12.8,11.4,89.0,19.0,85.0,31.0,0.0,0.0,0.0,2.2,0.0,0.0,2.2,155.0,4.3,11.9,286.0,1012.2,1012.2,2.7,4.7
2024-06-02 09:15:00+02:00,13.2,13.2,13.1,11.6,90.0,19.0,85.0,32.1,0.0,0.0,0.0,2.2,0.0,0.0,2.2,155.0,3.5,6.8,296.0,1012.3,1012.3,2.7,4.7
2024-06-02 09:20:00+02:00,13.2,13.2,13.0,11.5,89.0,19.0,85.0,33.4,0.0,0.0,0.0,2.2,0.0,0.0,2.2,155.0,3.7,9.7,267.0,1012.4,1012.4,2.7,4.7
2024-06-02 09:25:00+02:00,13.2,13.2,13.2,11.5,89.0,19.0,85.0,34.6,0.0,0.0,0.0,2.2,0.0,0.0,2.2,155.0,2.2,6.5,273.0,1012.4,1012.4,2.7,4.7
2024-06-02 09:30:00+02:00,13.2,13.2,13.0,11.5,89.0,19.0,85.0,34.1,0.0,0.0,0.0,2.2,0.0,0.0,2.2,155.0,3.7,8.6,255.0,1012.3,1012.3,2.7,4.7
2024-06-02 09:35:00+02:00,13.2,13.2,12.9,11.6,90.0,19.0,85.0,31.4,0.0,0.0,0.0,2.2,0.0,0.0,2.2,155.0,3.8,7.9,290.0,1012.5,1012.5,2.7,4.7
2024-06-02 09:40:00+02:00,13.2,13.2,13.2,11.6,90.0,19.0,85.0,24.5,0.0,0.0,0.0,2.2,0.0,0.0,2.2,155.0,2.6,10.1,328.0,1012.5,1012.5,2.7,4.7
2024-06-02 09:45:00+02:00,13.2,13.2,12.7,11.4,89.0,19.0,85.0,31.0,0.0,0.0,0.0,2.2,0.0,0.0,2.2,155.0,4.5,11.5,266.0,1012.5,1012.5,2.7,4.7
2024-06-02 09:50:00+02:00,13.2,13.2,12.9,11.2,88.0,19.0,85.0,53.3,0.0,0.0,0.0,2.2,0.0,0.0,2.2,155.0,3.6,11.5,284.0,1012.5,1012.5,2.7,4.7
2024-06-02 09:55:00+02:00,13.3,13.3,12.6,11.1,87.0,18.9,85.0,67.1,0.0,0.0,0.0,2.2,0.0,0.0,2.2,155.0,5.3,10.4,293.0,1012.5,1012.5,2.7,4.7
2024-06-02 10:00:00+02:00,13.4,13.4,12.5,11.2,87.0,18.9,85.0,72.3,0.0,0.0,0.0,2.2,0.0,0.0,2.2,155.0,6.6,11.2,301.0,1012.5,1012.5,2.7,4.7
2024-06-02 10:05:00+02:00,13.4,13.4,12.9,11.2,87.0,18.9,85.0,70.7,0.0,0.0,0.0,2.2,0.0,0.0,2.2,155.0,4.3,11.9,290.0,1012.5,1012.5,2.7,4.7
2024-06-02 10:10:00+02:00,13.5,13.5,13.0,11.2,86.0,18.9,85.0,61.8,0.0,0.0,0.0,2.2,0.0,0.0,2.2,155.0,4.2,10.1,270.0,1012.5,1012.5,2.7,4.7
2024-06-02 10:15:00+02:00,13.5,13.5,13.0,11.2,86.0,18.9,85.0,49.1,0.0,0.0,0.0,2.2,0.0,0.0,2.2,155.0,4.5,13.7,283.0,1012.5,1012.5,2.7,4.7
2024-06-02 10:20:00+02:00,13.6,13.6,12.9,11.3,86.0,18.9,85.0,49.8,0.0,0.0,0.0,2.2,0.0,0.0,2.2,155.0,5.4,9.7,342.0,1012.5,1012.5,2.7,4.7
2024-06-02 10:25:00+02:00,13.6,13.6,13.2,11.3,86.0,18.9,85.0,55.9,0.0,0.0,0.0,2.2,0.0,0.0,2.2,155.0,4.2,11.9,304.0,1012.4,1012.4,2.7,4.8
2024-06-02 10:30:00+02:00,13.7,13.7,13.5,11.4,86.0,18.9,85.0,58.5,0.0,0.0,0.0,2.2,0.0,0.0,2.2,155.0,3.2,7.6,295.0,1012.4,1012.4,2.7,4.8
2024-06-02 10:35:00+02:00,13.7,13.7,13.5,11.5,86.0,19.0,85.0,55.4,0.0,0.0,0.0,2.2,0.0,0.0,2.2,155.0,3.4,7.6,260.0,1012.4,1012.4,2.7,4.8
2024-06-02 10:40:00+02:00,13.7,13.7,13.5,11.4,86.0,19.0,85.0,63.5,0.0,0.0,0.0,2.2,0.0,0.0,2.2,155.0,3.2,12.6,276.0,1012.4,1012.4,2.7,4.8
2024-06-02 10:45:00+02:00,13.7,13.7,12.9,11.4,86.0,18.9,85.0,68.0,0.0,0.0,0.0,2.2,0.0,0.0,2.2,155.0,6.2,12.6,277.0,1012.4,1012.4,2.7,4.8
2024-06-02 10:50:00+02:00,13.7,13.7,13.0,11.3,85.0,19.0,85.0,69.9,0.0,0.0,0.0,2.2,0.0,0.0,2.2,155.0,5.5,10.8,276.0,1012.5,1012.5,2.7,4.8
2024-06-02 10:55:00+02:00,13.8,13.8,13.4,11.3,85.0,19.0,85.0,70.3,0.0,0.0,0.0,2.2,0.0,0.0,2.2,155.0,4.3,9.7,315.0,1012.4,1012.4,2.7,4.8
2024-06-02 11:00:00+02:00,13.9,13.9,13.9,11.3,85.0,19.0,85.0,84.3,0.0,0.0,0.0,2.2,0.0,0.0,2.2,155.0,2.3,7.2,313.0,1012.4,1012.4,2.7,4.8
2024-06-02 11:05:00+02:00,14.0,14.0,13.5,11.3,84.0,19.0,85.0,78.8,0.0,0.0,0.0,2.2,0.0,0.0,2.2,155.0,4.9,7.2,293.0,1012.4,1012.4,2.7,4.8
2024-06-02 11:10:00+02:00,14.1,14.1,14.1,11.4,84.0,19.0,85.0,77.6,0.0,0.0,0.0,2.2,0.0,0.0,2.2,155.0,2.3,6.8,283.0,1012.4,1012.4,2.7,4.8
2024-06-02 11:15:00+02:00,14.0,14.0,13.8,11.4,84.0,19.0,85.0,92.4,0.0,0.0,0.0,2.2,0.0,0.0,2.2,155.0,3.6,9.4,302.0,1012.4,1012.4,2.7,4.9
2024-06-02 11:20:00+02:00,14.2,14.2,13.8,11.3,83.0,19.0,85.0,93.4,0.0,0.0,0.0,2.2,0.0,0.0,2.2,155.0,3.7,11.5,276.0,1012.3,1012.3,2.7,4.9
2024-06-02 11:25:00+02:00,14.1,14.1,13.3,11.3,83.0,19.0,85.0,100.2,0.0,0.0,0.0,2.2,0.0,0.0,2.2,155.0,6.2,16.2,303.0,1012.3,1012.3,2.7,4.9
2024-06-02 11:30:00+02:00,14.2,14.2,13.8,11.4,83.0,19.1,85.0,99.1,0.0,0.0,0.0,2.2,0.0,0.0,2.2,155.0,4.3,8.6,274.0,1012.4,1012.4,2.7,4.9
2024-06-02 11:35:00+02:00,14.1,14.1,13.5,11.3,83.0,19.1,85.0,98.1,0.0,0.0,0.0,2.2,0.0,0.0,2.2,155.0,5.3,12.6,290.0,1012.5,1012.5,2.7,4.9
2024-06-02 11:40:00+02:00,14.2,14.2,14.3,11.2,82.0,19.1,86.0,100.2,0.0,0.0,0.0,2.2,0.0,0.0,2.2,155.0,1.4,12.6,263.0,1012.4,1012.4,2.7,4.9
2024-06-02 11:45:00+02:00,14.2,14.2,13.8,11.3,83.0,19.1,86.0,128.4,1.0,0.0,0.0,2.2,0.0,0.0,2.2,155.0,4.2,11.2,310.0,1012.4,1012.4,2.7,5.0
2024-06-02 11:50:00+02:00,14.4,14.4,14.2,11.3,82.0,19.2,86.0,135.4,1.0,0.0,0.0,2.2,0.0,0.0,2.2,155.0,3.2,13.0,250.0,1012.3,1012.3,2.7,5.0
2024-06-02 11:55:00+02:00,14.4,14.4,13.6,11.3,82.0,19.2,86.0,127.9,1.0,0.0,0.0,2.2,0.0,0.0,2.2,155.0,6.3,11.2,285.0,1012.3,1012.3,2.7,5.0
2024-06-02 12:00:00+02:00,14.4,14.4,13.9,11.2,81.0,19.2,86.0,122.6,1.0,0.0,0.0,2.2,0.0,0.0,2.2,155.0,4.5,8.3,279.0,1012.5,1012.5,2.7,5.0
2024-06-02 12:05:00+02:00,14.5,14.5,14.4,11.2,81.0,19.3,86.0,117.0,1.0,0.0,0.0,2.2,0.0,0.0,2.2,155.0,2.6,10.1,295.0,1012.3,1012.3,2.7,5.1
2024-06-02 12:10:00+02:00,14.6,14.6,14.3,11.3,81.0,19.3,86.0,108.5,1.0,0.0,0.0,2.2,0.0,0.0,2.2,155.0,3.5,10.1,290.0,1012.5,1012.5,2.7,5.1
2024-06-02 12:15:00+02:00,14.6,14.6,14.3,11.3,80.0,19.3,86.0,111.1,1.0,0.0,0.0,2.2,0.0,0.0,2.2,155.0,3.7,11.9,258.0,1012.5,1012.5,2.7,5.1
2024-06-02 12:20:00+02:00,14.7,14.7,14.4,11.4,80.0,19.4,86.0,107.3,0.0,0.0,0.0,2.2,0.0,0.0,2.2,155.0,4.0,7.9,254.0,1012.4,1012.4,2.7,5.1
2024-06-02 12:25:00+02:00,14.8,14.8,14.6,11.4,80.0,19.4,86.0,108.0,1.0,0.0,0.0,2.2,0.0,0.0,2.2,155.0,2.8,8.6,287.0,1012.4,1012.4,2.7,5.1
2024-06-02 12:30:00+02:00,14.8,14.8,15.2,11.5,80.0,19.5,86.0,113.5,1.0,0.0,0.0,2.2,0.0,0.0,2.2,155.0,0.5,7.9,238.0,1012.3,1012.3,2.7,5.1
2024-06-02 12:35:00+02:00,15.0,15.0,15.1,11.4,79.0,19.5,86.0,165.8,1.0,0.0,0.0,2.2,0.0,0.0,2.2,155.0,1.4,7.9,108.0,1012.3,1012.3,2.7,5.2
2024-06-02 12:40:00+02:00,15.1,15.1,14.9,11.3,78.0,19.5,86.0,142.9,1.0,0.0,0.0,2.2,0.0,0.0,2.2,155.0,3.1,11.2,264.0,1012.3,1012.3,2.7,5.2
2024-06-02 12:45:00+02:00,15.2,15.2,14.7,11.3,78.0,19.6,86.0,155.3,1.0,0.0,0.0,2.2,0.0,0.0,2.2,155.0,4.8,10.1,287.0,1012.4,1012.4,2.7,5.2
2024-06-02 12:50:00+02:00,15.3,15.3,15.0,11.2,77.0,19.6,86.0,184.1,1.0,0.0,0.0,2.2,0.0,0.0,2.2,155.0,3.4,7.2,268.0,1012.3,1012.3,2.7,5.2
2024-06-02 12:55:00+02:00,15.6,15.6,15.5,11.4,76.0,19.7,86.0,189.7,1.0,0.0,0.0,2.2,0.0,0.0,2.2,155.0,2.7,6.5,242.0,1012.4,1012.4,2.7,5.2
2024-06-02 13:00:00+02:00,15.8,15.8,15.4,11.3,75.0,19.7,86.0,186.3,1.0,0.0,0.0,2.2,0.0,0.0,2.2,155.0,4.3,11.5,267.0,1012.4,1012.4,2.7,5.2
2024-06-02 13:05:00+02:00,15.8,15.8,15.7,11.5,76.0,19.8,86.0,204.3,1.0,0.0,0.0,2.2,0.0,0.0,2.2,155.0,3.3,9.4,281.0,1012.4,1012.4,2.7,5.2
2024-06-02 13:10:00+02:00,15.8,15.8,15.2,11.4,75.0,19.8,87.0,248.9,2.0,0.0,0.0,2.2,0.0,0.0,2.2,155.0,5.0,12.2,302.0,1012.4,1012.4,2.7,5.2
2024-06-02 13:15:00+02:00,16.2,16.2,16.1,11.4,73.0,19.9,87.0,257.2,2.0,0.0,0.0,2.2,0.0,0.0,2.2,155.0,3.0,9.7,272.0,1012.3,1012.3,2.7,5.2
2024-06-02 13:20:00+02:00,16.3,16.3,15.6,11.5,73.0,20.0,87.0,208.8,1.0,0.0,0.0,2.2,0.0,0.0,2.2,155.0,5.6,7.9,288.0,1012.3,1012.3,2.7,5.2
2024-06-02 13:25:00+02:00,16.2,16.2,15.2,11.2,72.0,20.1,87.0,269.3,2.0,0.0,0.0,2.2,0.0,0.0,2.2,155.0,6.8,17.3,266.0,1012.3,1012.3,2.7,5.2
2024-06-02 13:30:00+02:00,16.2,16.2,15.0,11.3,73.0,20.2,87.0,279.7,2.0,0.0,0.0,2.2,0.0,0.0,2.2,155.0,7.9,17.6,288.0,1012.3,1012.3,2.7,5.2
2024-06-02 13:35:00+02:00,16.5,16.5,16.0,11.2,71.0,20.2,87.0,282.0,2.0,0.0,0.0,2.2,0.0,0.0,2.2,155.0,4.8,9.7,267.0,1012.4,1012.4,2.7,5.2
2024-06-02 13:40:00+02:00,17.0,17.0,16.5,11.5,70.0,20.3,87.0,274.9,2.0,0.0,0.0,2.2,0.0,0.0,2.2,155.0,5.0,8.3,252.0,1012.3,1012.3,2.7,5.2
2024-06-02 13:45:00+02:00,16.8,16.8,16.3,11.4,71.0,20.4,87.0,249.9,2.0,0.0,0.0,2.2,0.0,0.0,2.2,155.0,5.0,8.6,280.0,1012.3,1012.3,2.7,5.2
2024-06-02 13:50:00+02:00,16.8,16.8,15.9,11.4,70.0,20.5,87.0,226.8,2.0,0.0,0.0,2.2,0.0,0.0,2.2,155.0,6.9,14.4,281.0,1012.3,1012.3,2.7,5.2
2024-06-02 13:55:00+02:00,16.7,16.7,16.0,11.3,71.0,20.6,88.0,188.8,1.0,0.0,0.0,2.2,0.0,0.0,2.2,155.0,5.3,14.0,287.0,1012.3,1012.3,2.7,5.2
2024-06-02 14:00:00+02:00,16.6,16.6,16.3,11.4,71.0,20.7,88.0,159.4,1.0,0.0,0.0,0.0,0.0,0.0,2.2,155.0,3.7,7.9,268.0,1012.2,1012.2,2.7,5.2
2024-06-02 14:05:00+02:00,16.7,16.7,16.1,11.7,72.0,20.8,88.0,175.8,1.0,0.0,0.0,0.0,0.0,0.0,2.2,155.0,5.8,10.4,328.0,1012.3,1012.3,2.7,5.2
2024-06-02 14:10:00+02:00,16.7,16.7,16.0,11.7,72.0,20.8,88.0,184.4,1.0,0.0,0.0,0.0,0.0,0.0,2.2,155.0,6.4,11.9,278.0,1012.2,1012.2,2.7,5.2
2024-06-02 14:15:00+02:00,16.6,16.6,16.3,11.3,71.0,20.9,88.0,223.9,2.0,0.0,0.0,0.0,0.0,0.0,2.2,155.0,3.8,15.5,311.0,1012.1,1012.1,2.7,5.2
2024-06-02 14:20:00+02:00,16.6,16.6,15.9,11.5,72.0,21.0,88.0,232.0,2.0,0.0,0.0,0.0,0.0,0.0,2.2,155.0,5.8,20.5,299.0,1012.2,1012.2,2.7,5.2
2024-06-02 14:25:00+02:00,16.7,16.7,16.0,11.3,71.0,21.1,88.0,194.9,1.0,0.0,0.0,0.0,0.0,0.0,2.2,155.0,5.3,10.1,286.0,1012.0,1012.0,2.7,5.2
2024-06-02 14:30:00+02:00,16.7,16.7,15.9,11.3,71.0,21.1,88.0,169.5,1.0,0.0,0.0,0.0,0.0,0.0,2.2,155.0,6.0,14.0,287.0,1012.0,1012.0,2.7,5.2
2024-06-02 14:35:00+02:00,16.5,16.5,16.1,11.3,72.0,21.1,88.0,169.5,1.0,0.0,0.0,0.0,0.0,0.0,2.2,155.0,4.0,15.1,269.0,1012.1,1012.1,2.7,5.2
2024-06-02 14:45:00+02:00,16.6,16.6,16.2,11.5,72.0,21.3,88.0,178.8,1.0,0.0,0.0,0.0,0.0,0.0,2.2,155.0,4.6,10.1,277.0,1012.1,1012.1,2.7,5.2
2024-06-02 14:50:00+02:00,16.5,16.5,15.5,11.5,72.0,21.3,88.0,154.3,1.0,0.0,0.0,0.0,0.0,0.0,2.2,155.0,7.4,14.0,276.0,1012.0,1012.0,2.7,5.2
2024-06-02 14:55:00+02:00,16.4,16.4,15.2,11.2,71.0,21.4,88.0,157.3,1.0,0.0,0.0,0.0,0.0,0.0,2.2,155.0,8.1,13.0,273.0,1012.0,1012.0,2.7,5.2
2024-06-02 15:00:00+02:00,16.5,16.5,16.0,11.3,72.0,21.5,88.0,184.4,1.0,0.0,0.0,0.0,0.0,0.0,2.2,155.0,4.8,11.5,262.0,1011.9,1011.9,2.7,5.2
2024-06-02 15:05:00+02:00,16.5,16.5,15.8,11.4,72.0,21.5,88.0,179.2,1.0,0.0,0.0,0.0,0.0,0.0,2.2,155.0,5.7,10.8,274.0,1012.0,1012.0,2.7,5.2
2024-06-02 15:10:00+02:00,16.4,16.4,15.8,11.3,72.0,21.5,88.0,166.9,1.0,0.0,0.0,0.0,0.0,0.0,2.2,155.0,5.2,14.8,194.0,1012.0,1012.0,2.7,5.2
2024-06-02 15:15:00+02:00,16.3,16.3,15.7,11.4,72.0,21.5,88.0,162.6,1.0,0.0,0.0,0.0,0.0,0.0,2.2,155.0,5.7,14.0,291.0,1012.1,1012.1,2.7,5.2
2024-06-02 15:20:00+02:00,16.4,16.4,16.1,11.3,72.0,21.6,88.0,151.4,1.0,0.0,0.0,0.0,0.0,0.0,2.2,155.0,3.8,10.8,268.0,1012.0,1012.0,2.7,5.2
2024-06-02 15:25:00+02:00,16.7,16.7,16.1,11.4,71.0,21.6,88.0,160.4,1.0,0.0,0.0,0.0,0.0,0.0,2.2,155.0,5.1,11.5,260.0,1012.0,1012.0,2.7,5.2
2024-06-02 15:30:00+02:00,16.4,16.4,15.7,11.2,71.0,21.7,88.0,168.3,1.0,0.0,0.0,0.0,0.0,0.0,2.2,155.0,5.9,10.8,290.0,1012.0,1012.0,2.7,5.2
2024-06-02 15:35:00+02:00,16.4,16.4,15.9,11.3,72.0,21.7,88.0,182.1,1.0,0.0,0.0,0.0,0.0,0.0,2.2,155.0,4.3,10.8,299.0,1012.1,1012.1,2.7,5.2
2024-06-02 15:40:00+02:00,16.6,16.6,16.4,11.3,71.0,21.7,88.0,184.4,1.0,0.0,0.0,0.0,0.0,0.0,2.2,155.0,3.5,8.3,259.0,1012.1,1012.1,2.7,5.2
2024-06-02 15:45:00+02:00,16.7,16.7,15.5,11.2,70.0,21.8,88.0,182.8,1.0,0.0,0.0,0.0,0.0,0.0,2.2,155.0,8.4,12.6,280.0,1012.0,1012.0,2.7,5.2
2024-06-02 15:50:00+02:00,16.5,16.5,16.3,11.2,71.0,21.8,88.0,172.9,1.0,0.0,0.0,0.0,0.0,0.0,2.2,155.0,3.2,11.5,253.0,1012.0,1012.0,2.7,5.2
2024-06-02 15:55:00+02:00,16.7,16.7,16.5,11.3,70.0,21.9,88.0,192.7,1.0,0.0,0.0,0.0,0.0,0.0,2.2,155.0,3.5,7.2,285.0,1012.0,1012.0,2.7,5.2
2024-06-02 16:00:00+02:00,16.8,16.8,16.1,11.2,70.0,22.0,88.0,213.6,1.0,0.0,0.0,0.0,0.0,0.0,2.2,155.0,5.3,12.6,271.0,1012.1,1012.1,2.7,5.2
2024-06-02 16:05:00+02:00,16.8,16.8,16.4,11.1,69.0,22.0,87.0,218.0,2.0,0.0,0.0,0.0,0.0,0.0,2.2,155.0,4.3,9.7,263.0,1012.0,1012.0,2.7,5.2
2024-06-02 16:10:00+02:00,16.7,16.7,15.9,11.2,70.0,22.1,88.0,220.4,2.0,0.0,0.0,0.0,0.0,0.0,2.2,155.0,5.8,12.2,281.0,1012.0,1012.0,2.7,5.2
2024-06-02 16:15:00+02:00,16.9,16.9,16.0,11.0,68.0,22.1,88.0,209.0,1.0,0.0,0.0,0.0,0.0,0.0,2.2,155.0,6.3,13.3,272.0,1012.0,1012.0,2.7,5.2
2024-06-02 16:20:00+02:00,16.9,16.9,16.4,11.1,69.0,22.1,88.0,176.9,1.0,0.0,0.0,0.0,0.0,0.0,2.2,155.0,4.5,13.0,291.0,1011.9,1011.9,2.7,5.2
2024-06-02 16:25:00+02:00,16.8,16.8,16.0,11.0,69.0,22.2,88.0,192.9,1.0,0.0,0.0,0.0,0.0,0.0,2.2,155.0,5.9,15.5,281.0,1011.9,1011.9,2.7,5.2
2024-06-02 16:30:00+02:00,16.8,16.8,16.0,11.1,69.0,22.2,87.0,193.2,1.0,0.0,0.0,0.0,0.0,0.0,2.2,155.0,5.8,15.5,298.0,1011.8,1011.8,2.7,5.2
2024-06-02 16:35:00+02:00,16.9,16.9,15.8,10.8,67.0,22.3,88.0,238.8,2.0,0.0,0.0,0.0,0.0,0.0,2.2,155.0,6.8,18.4,259.0,1011.7,1011.7,2.7,5.2
2024-06-02 16:40:00+02:00,16.8,16.8,15.9,10.9,68.0,22.3,88.0,282.9,2.0,0.0,0.0,0.0,0.0,0.0,2.2,155.0,6.3,18.4,297.0,1011.7,1011.7,2.7,5.2
2024-06-02 16:45:00+02:00,17.0,17.0,16.4,10.9,67.0,22.4,88.0,245.1,2.0,0.0,0.0,0.0,0.0,0.0,2.2,155.0,4.5,10.8,261.0,1011.7,1011.7,2.7,5.2
2024-06-02 16:50:00+02:00,17.0,17.0,15.9,11.0,68.0,22.4,87.0,216.6,2.0,0.0,0.0,0.0,0.0,0.0,2.2,155.0,7.1,11.9,319.0,1011.6,1011.6,2.7,5.2
2024-06-02 16:55:00+02:00,17.0,17.0,16.4,11.1,69.0,22.4,87.0,159.9,1.0,0.0,0.0,0.0,0.0,0.0,2.2,155.0,4.9,11.9,270.0,1011.7,1011.7,2.7,5.2
2024-06-02 17:00:00+02:00,16.9,16.9,15.4,10.8,67.0,22.5,87.0,205.8,1.0,0.0,0.0,0.0,0.0,0.0,2.2,155.0,9.1,18.0,284.0,1011.6,1011.6,2.7,5.2
2024-06-02 17:05:00+02:00,17.2,17.2,16.1,10.9,67.0,22.5,87.0,413.3,3.0,0.0,0.0,0.0,0.0,0.0,2.2,155.0,7.1,12.6,293.0,1011.6,1011.6,2.7,5.2
2024-06-02 17:10:00+02:00,17.2,17.2,16.4,11.0,67.0,22.6,87.0,196.6,1.0,0.0,0.0,0.0,0.0,0.0,2.2,155.0,5.7,12.2,293.0,1011.6,1011.6,2.7,5.2
2024-06-02 17:15:00+02:00,17.3,17.3,16.8,10.9,66.0,22.6,87.0,174.6,1.0,0.0,0.0,0.0,0.0,0.0,2.2,155.0,4.4,10.4,250.0,1011.4,1011.4,2.7,5.2
2024-06-02 17:20:00+02:00,17.3,17.3,16.4,11.1,67.0,22.6,87.0,165.5,1.0,0.0,0.0,0.0,0.0,0.0,2.2,155.0,6.8,13.0,277.0,1011.4,1011.4,2.7,5.2
2024-06-02 17:25:00+02:00,17.3,17.3,16.4,10.9,66.0,22.7,87.0,137.2,1.0,0.0,0.0,0.0,0.0,0.0,2.2,155.0,5.8,13.0,264.0,1011.5,1011.5,2.7,5.2
2024-06-02 17:30:00+02:00,17.0,17.0,15.8,11.0,68.0,22.7,87.0,143.0,1.0,0.0,0.0,0.0,0.0,0.0,2.2,155.0,7.9,22.0,296.0,1011.5,1011.5,2.7,5.2
2024-06-02 17:35:00+02:00,17.0,17.0,16.0,10.9,67.0,22.6,88.0,145.2,1.0,0.0,0.0,0.0,0.0,0.0,2.2,155.0,6.4,15.5,294.0,1011.4,1011.4,2.7,5.2
2024-06-02 17:40:00+02:00,17.0,17.0,15.8,11.0,68.0,22.7,87.0,142.5,1.0,0.0,0.0,0.0,0.0,0.0,2.2,155.0,7.9,17.6,281.0,1011.4,1011.4,2.7,5.2
2024-06-02 17:45:00+02:00,17.0,17.0,16.2,10.8,67.0,22.7,87.0,136.5,1.0,0.0,0.0,0.0,0.0,0.0,2.2,155.0,5.4,10.1,266.0,1011.6,1011.6,2.7,5.2
2024-06-02 17:50:00+02:00,16.9,16.9,15.8,10.6,66.0,22.7,87.0,145.2,1.0,0.0,0.0,0.0,0.0,0.0,2.2,155.0,7.1,13.7,276.0,1011.6,1011.6,2.7,5.2
2024-06-02 17:55:00+02:00,16.9,16.9,16.1,10.6,66.0,22.7,87.0,140.6,1.0,0.0,0.0,0.0,0.0,0.0,2.2,155.0,5.3,16.6,268.0,1011.5,1011.5,2.7,5.2
2024-06-02 18:00:00+02:00,16.9,16.9,16.0,10.5,66.0,22.8,87.0,104.7,0.0,0.0,0.0,0.0,0.0,0.0,2.2,155.0,5.4,10.8,242.0,1011.5,1011.5,2.7,5.2
2024-06-02 18:05:00+02:00,16.9,16.9,16.0,11.0,68.0,22.8,87.0,106.3,0.0,0.0,0.0,0.0,0.0,0.0,2.2,155.0,6.5,11.5,281.0,1011.5,1011.5,2.7,5.2
2024-06-02 18:10:00+02:00,16.8,16.8,15.7,10.7,67.0,22.8,87.0,106.8,0.0,0.0,0.0,0.0,0.0,0.0,2.2,155.0,6.8,11.9,273.0,1011.5,1011.5,2.7,5.2
2024-06-02 18:15:00+02:00,16.7,16.7,16.0,10.7,68.0,22.8,87.0,103.8,0.0,0.0,0.0,0.0,0.0,0.0,2.2,155.0,4.8,11.5,292.0,1011.5,1011.5,2.7,5.2
2024-06-02 18:20:00+02:00,16.7,16.7,15.5,10.6,67.0,22.8,87.0,110.9,1.0,0.0,0.0,0.0,0.0,0.0,2.2,155.0,7.5,14.8,292.0,1011.6,1011.6,2.7,5.2
2024-06-02 18:25:00+02:00,16.6,16.6,15.9,10.5,67.0,22.8,87.0,117.0,1.0,0.0,0.0,0.0,0.0,0.0,2.2,155.0,4.8,14.8,292.0,1011.5,1011.5,2.7,5.2
2024-06-02 18:30:00+02:00,16.7,16.7,15.7,10.4,66.0,22.8,87.0,115.9,1.0,0.0,0.0,0.0,0.0,0.0,2.2,155.0,5.9,14.4,275.0,1011.6,1011.6,2.7,5.2
2024-06-02 18:35:00+02:00,16.7,16.7,16.2,10.5,67.0,22.8,87.0,107.6,1.0,0.0,0.0,0.0,0.0,0.0,2.2,155.0,3.4,6.1,291.0,1011.5,1011.5,2.7,5.2
2024-06-02 18:40:00+02:00,16.7,16.7,16.0,10.3,66.0,22.8,87.0,95.4,0.0,0.0,0.0,0.0,0.0,0.0,2.2,155.0,4.5,10.4,268.0,1011.4,1011.4,2.7,5.2
2024-06-02 18:45:00+02:00,16.8,16.8,16.1,10.3,66.0,22.8,87.0,93.0,0.0,0.0,0.0,0.0,0.0,0.0,2.2,155.0,4.2,13.3,269.0,1011.5,1011.5,2.7,5.2
2024-06-02 18:50:00+02:00,16.8,16.8,15.9,10.3,66.0,22.8,87.0,98.2,0.0,0.0,0.0,0.0,0.0,0.0,2.2,155.0,5.1,9.7,274.0,1011.5,1011.5,2.7,5.2
2024-06-02 18:55:00+02:00,16.8,16.8,16.2,10.4,66.0,22.8,87.0,99.8,0.0,0.0,0.0,0.0,0.0,0.0,2.2,155.0,4.0,11.2,283.0,1011.5,1011.5,2.7,5.2
2024-06-02 19:00:00+02:00,16.8,16.8,15.8,10.4,66.0,22.8,87.0,100.7,0.0,0.0,0.0,0.0,0.0,0.0,2.2,155.0,5.4,10.4,281.0,1011.5,1011.5,2.7,5.2
2024-06-02 19:05:00+02:00,16.8,16.8,16.4,10.4,66.0,22.8,86.0,73.1,0.0,0.0,0.0,0.0,0.0,0.0,2.2,155.0,3.0,7.9,253.0,1011.6,1011.6,2.7,5.2
2024-06-02 19:10:00+02:00,16.7,16.7,15.8,10.4,66.0,22.7,87.0,69.8,0.0,0.0,0.0,0.0,0.0,0.0,2.2,155.0,5.3,8.3,269.0,1011.5,1011.5,2.7,5.2
2024-06-02 19:15:00+02:00,16.6,16.6,15.6,10.1,65.0,22.7,87.0,70.3,0.0,0.0,0.0,0.0,0.0,0.0,2.2,155.0,5.5,13.3,264.0,1011.5,1011.5,2.7,5.2
2024-06-02 19:20:00+02:00,16.7,16.7,15.8,10.4,66.0,22.7,87.0,72.5,0.0,0.0,0.0,0.0,0.0,0.0,2.2,155.0,5.0,11.9,291.0,1011.4,1011.4,2.7,5.2
2024-06-02 19:25:00+02:00,16.5,16.5,15.5,10.2,66.0,22.7,86.0,69.8,0.0,0.0,0.0,0.0,0.0,0.0,2.2,155.0,5.8,15.1,269.0,1011.5,1011.5,2.7,5.2
2024-06-02 19:30:00+02:00,16.6,16.6,15.9,10.4,67.0,22.7,86.0,63.7,0.0,0.0,0.0,0.0,0.0,0.0,2.2,155.0,4.4,12.2,267.0,1011.5,1011.5,2.7,5.2
2024-06-02 19:35:00+02:00,16.5,16.5,15.9,10.3,67.0,22.7,86.0,73.8,0.0,0.0,0.0,0.0,0.0,0.0,2.2,155.0,4.1,10.4,271.0,1011.6,1011.6,2.7,5.2
2024-06-02 19:40:00+02:00,16.5,16.5,15.6,10.5,68.0,22.6,86.0,70.2,0.0,0.0,0.0,0.0,0.0,0.0,2.2,155.0,5.5,13.0,280.0,1011.5,1011.5,2.7,5.2
2024-06-02 19:45:00+02:00,16.4,16.4,15.6,10.3,67.0,22.6,86.0,46.6,0.0,0.0,0.0,0.0,0.0,0.0,2.2,155.0,4.8,8.6,262.0,1011.6,1011.6,2.7,5.2
2024-06-02 19:50:00+02:00,16.3,16.3,15.7,10.2,67.0,22.5,86.0,55.2,0.0,0.0,0.0,0.0,0.0,0.0,2.2,155.0,3.6,11.2,285.0,1011.6,1011.6,2.7,5.2
2024-06-02 19:55:00+02:00,16.3,16.3,16.0,10.3,67.0,22.5,86.0,60.3,0.0,0.0,0.0,0.0,0.0,0.0,2.2,155.0,2.2,9.0,260.0,1011.7,1011.7,2.7,5.2
2024-06-02 20:00:00+02:00,16.4,16.4,16.3,10.4,68.0,22.5,86.0,58.6,0.0,0.0,0.0,0.0,0.0,0.0,2.2,155.0,1.6,9.4,323.0,1011.7,1011.7,2.7,5.2
2024-06-02 20:05:00+02:00,16.3,16.3,15.5,10.3,67.0,22.4,86.0,44.0,0.0,0.0,0.0,0.0,0.0,0.0,2.2,155.0,5.0,9.7,304.0,1011.7,1011.7,2.7,5.2
2024-06-02 20:10:00+02:00,16.3,16.3,15.5,10.1,67.0,22.4,86.0,27.8,0.0,0.0,0.0,0.0,0.0,0.0,2.2,155.0,4.1,9.7,273.0,1011.7,1011.7,2.7,5.2
2024-06-02 20:15:00+02:00,16.2,16.2,15.6,10.2,68.0,22.4,86.0,25.6,0.0,0.0,0.0,0.0,0.0,0.0,2.2,155.0,3.2,9.4,266.0,1011.8,1011.8,2.7,5.2
2024-06-02 20:20:00+02:00,16.1,16.1,14.8,10.0,67.0,22.4,86.0,26.1,0.0,0.0,0.0,0.0,0.0,0.0,2.2,155.0,7.1,12.6,283.0,1011.8,1011.8,2.7,5.2
2024-06-02 20:25:00+02:00,16.0,16.0,14.8,10.0,67.0,22.4,86.0,27.1,0.0,0.0,0.0,0.0,0.0,0.0,2.2,155.0,6.4,14.0,291.0,1011.7,1011.7,2.7,5.2
2024-06-02 20:30:00+02:00,16.0,16.0,15.2,10.0,68.0,22.3,86.0,27.4,0.0,0.0,0.0,0.0,0.0,0.0,2.2,155.0,4.2,13.7,265.0,1011.7,1011.7,2.7,5.2
2024-06-02 20:35:00+02:00,16.0,16.0,15.3,10.0,67.0,22.3,86.0,27.4,0.0,0.0,0.0,0.0,0.0,0.0,2.2,155.0,3.7,8.3,263.0,1011.6,1011.6,2.7,5.2
2024-06-02 20:40:00+02:00,16.0,16.0,15.6,10.2,68.0,22.3,86.0,23.7,0.0,0.0,0.0,0.0,0.0,0.0,2.2,155.0,2.3,7.9,292.0,1011.6,1011.6,2.7,5.2
2024-06-02 20:45:00+02:00,15.9,15.9,15.4,10.0,68.0,22.2,85.0,20.5,0.0,0.0,0.0,0.0,0.0,0.0,2.2,155.0,3.0,6.5,286.0,1011.7,1011.7,2.7,5.2
2024-06-02 20:50:00+02:00,15.9,15.9,15.8,10.2,69.0,22.2,85.0,17.8,0.0,0.0,0.0,0.0,0.0,0.0,2.2,155.0,0.8,5.0,284.0,1011.7,1011.7,2.7,5.2
2024-06-02 20:55:00+02:00,15.8,15.8,15.6,10.1,69.0,22.2,85.0,15.9,0.0,0.0,0.0,0.0,0.0,0.0,2.2,155.0,1.5,6.1,279.0,1011.7,1011.7,2.7,5.2
2024-06-02 21:00:00+02:00,15.8,15.8,15.3,10.1,69.0,22.1,85.0,14.5,0.0,0.0,0.0,0.0,0.0,0.0,2.2,155.0,3.0,6.1,290.0,1011.7,1011.7,2.7,5.2
2024-06-02 21:05:00+02:00,15.7,15.7,15.4,10.1,69.0,22.0,85.0,13.3,0.0,0.0,0.0,0.0,0.0,0.0,2.2,155.0,2.1,6.8,305.0,1011.6,1011.6,2.7,5.2
2024-06-02 21:10:00+02:00,15.5,15.5,15.2,10.1,70.0,22.0,85.0,11.1,0.0,0.0,0.0,0.0,0.0,0.0,2.2,155.0,1.9,6.5,303.0,1011.6,1011.6,2.7,5.2
2024-06-02 21:15:00+02:00,15.5,15.5,15.1,10.2,71.0,21.9,85.0,9.0,0.0,0.0,0.0,0.0,0.0,0.0,2.2,155.0,2.3,5.4,312.0,1011.7,1011.7,2.7,5.2
2024-06-02 21:20:00+02:00,15.4,15.4,14.9,10.0,70.0,21.9,85.0,7.0,0.0,0.0,0.0,0.0,0.0,0.0,2.2,155.0,2.6,4.3,265.0,1011.7,1011.7,2.7,5.2
2024-06-02 21:25:00+02:00,15.3,15.3,15.3,10.1,71.0,21.9,85.0,5.4,0.0,0.0,0.0,0.0,0.0,0.0,2.2,155.0,0.9,6.5,277.0,1011.7,1011.7,2.7,5.2
2024-06-02 21:30:00+02:00,15.2,15.2,15.0,10.1,71.0,21.8,85.0,4.2,0.0,0.0,0.0,0.0,0.0,0.0,2.2,155.0,1.7,6.5,299.0,1011.7,1011.7,2.7,5.2
2024-06-02 21:35:00+02:00,15.1,15.1,15.1,10.3,73.0,21.8,85.0,3.0,0.0,0.0,0.0,0.0,0.0,0.0,2.2,155.0,0.7,4.0,343.0,1011.9,1011.9,2.7,5.2
2024-06-02 21:40:00+02:00,15.0,15.0,14.9,10.2,73.0,21.7,85.0,2.0,0.0,0.0,0.0,0.0,0.0,0.0,2.2,155.0,0.9,4.0,329.0,1011.9,1011.9,2.7,5.2
2024-06-02 21:45:00+02:00,15.0,15.0,14.8,10.3,74.0,21.7,85.0,1.0,0.0,0.0,0.0,0.0,0.0,0.0,2.2,155.0,1.7,4.7,264.0,1011.8,1011.8,2.7,5.2
2024-06-02 21:50:00+02:00,15.0,15.0,14.8,10.3,74.0,21.6,85.0,0.6,0.0,0.0,0.0,0.0,0.0,0.0,2.2,155.0,1.5,4.0,273.0,1011.9,1011.9,2.7,5.2
2024-06-02 21:55:00+02:00,15.1,15.1,14.8,10.4,74.0,21.5,85.0,0.3,0.0,0.0,0.0,0.0,0.0,0.0,2.2,155.0,1.9,5.8,270.0,1012.0,1012.0,2.7,5.2
2024-06-02 22:00:00+02:00,15.1,15.1,14.6,10.4,73.0,21.5,85.0,0.2,0.0,0.0,0.0,0.0,0.0,0.0,2.2,155.0,3.6,13.3,290.0,1012.1,1012.1,2.7,5.2
2024-06-02 22:05:00+02:00,15.1,15.1,14.5,10.5,74.0,21.5,85.0,0.1,0.0,0.0,0.0,0.0,0.0,0.0,2.2,155.0,4.0,7.9,299.0,1012.1,1012.1,2.7,5.2
2024-06-02 22:10:00+02:00,15.1,15.1,15.0,10.5,74.0,21.4,85.0,0.0,0.0,0.0,0.0,0.0,0.0,0.0,2.2,155.0,1.3,6.5,288.0,1012.2,1012.2,2.7,5.2
2024-06-02 22:15:00+02:00,15.1,15.1,14.7,10.5,74.0,21.4,85.0,0.0,0.0,0.0,0.0,0.0,0.0,0.0,2.2,155.0,2.8,6.1,291.0,1012.2,1012.2,2.7,5.1
2024-06-02 22:20:00+02:00,15.0,15.0,15.1,10.5,75.0,21.3,85.0,0.0,0.0,0.0,0.0,0.0,0.0,0.0,2.2,155.0,0.6,5.4,291.0,1012.2,1012.2,2.7,5.1
2024-06-02 22:25:00+02:00,15.0,15.0,14.7,10.4,74.0,21.3,85.0,0.0,0.0,0.0,0.0,0.0,0.0,0.0,2.2,155.0,2.5,5.4,273.0,1012.2,1012.2,2.7,5.1
2024-06-02 22:30:00+02:00,15.0,15.0,14.2,10.3,74.0,21.2,85.0,0.0,0.0,0.0,0.0,0.0,0.0,0.0,2.2,155.0,4.7,7.9,287.0,1011.9,1011.9,2.7,5.1
2024-06-02 22:35:00+02:00,15.0,15.0,14.5,10.3,74.0,21.2,85.0,0.0,0.0,0.0,0.0,0.0,0.0,0.0,2.2,155.0,3.2,7.9,247.0,1012.0,1012.0,2.7,5.1
2024-06-02 22:40:00+02:00,14.9,14.9,14.1,10.1,73.0,21.2,85.0,0.0,0.0,0.0,0.0,0.0,0.0,0.0,2.2,155.0,4.5,9.0,275.0,1012.0,1012.0,2.7,5.1
2024-06-02 22:45:00+02:00,14.8,14.8,14.1,10.1,74.0,21.1,85.0,0.0,0.0,0.0,0.0,0.0,0.0,0.0,2.2,155.0,4.1,9.0,293.0,1011.9,1011.9,2.7,5.1
2024-06-02 22:50:00+02:00,14.7,14.7,14.2,10.1,74.0,21.1,85.0,0.0,0.0,0.0,0.0,0.0,0.0,0.0,2.2,155.0,2.5,7.9,275.0,1012.0,1012.0,2.7,5.1
2024-06-02 22:55:00+02:00,14.5,14.5,13.5,10.0,74.0,21.0,84.0,0.0,0.0,0.0,0.0,0.0,0.0,0.0,2.2,155.0,5.6,18.0,299.0,1012.0,1012.0,2.7,5.1
2024-06-02 23:00:00+02:00,14.4,14.4,13.5,9.9,75.0,21.0,84.0,0.0,0.0,0.0,0.0,0.0,0.0,0.0,2.2,155.0,4.8,18.0,307.0,1011.9,1011.9,2.7,5.1
2024-06-02 23:05:00+02:00,14.2,14.2,13.2,9.9,75.0,20.9,84.0,0.0,0.0,0.0,0.0,0.0,0.0,0.0,2.2,155.0,4.9,16.2,283.0,1012.0,1012.0,2.7,5.1
2024-06-02 23:10:00+02:00,14.0,14.0,13.2,9.8,76.0,20.8,84.0,0.0,0.0,0.0,0.0,0.0,0.0,0.0,2.2,155.0,4.0,11.9,276.0,1012.1,1012.1,2.7,5.1
2024-06-02 23:15:00+02:00,13.8,13.8,13.4,9.7,76.0,20.7,84.0,0.0,0.0,0.0,0.0,0.0,0.0,0.0,2.2,155.0,2.3,6.1,281.0,1012.0,1012.0,2.7,5.1
2024-06-02 23:20:00+02:00,13.7,13.7,13.3,9.8,77.0,20.7,84.0,0.0,0.0,0.0,0.0,0.0,0.0,0.0,2.2,155.0,2.2,6.5,278.0,1012.0,1012.0,2.7,5.1
2024-06-02 23:25:00+02:00,13.6,13.6,12.7,9.8,78.0,20.6,84.0,0.0,0.0,0.0,0.0,0.0,0.0,0.0,2.2,155.0,4.3,7.6,331.0,1012.0,1012.0,2.7,5.1
2024-06-02 23:35:00+02:00,13.2,13.2,12.7,9.7,79.0,20.5,84.0,0.0,0.0,0.0,0.0,0.0,0.0,0.0,2.2,155.0,2.5,6.5,196.0,1012.1,1012.1,2.7,5.1
2024-06-02 23:40:00+02:00,13.2,13.2,12.4,9.6,79.0,20.4,84.0,0.0,0.0,0.0,0.0,0.0,0.0,0.0,2.2,155.0,3.5,7.9,288.0,1012.0,1012.0,2.7,5.1
2024-06-02 23:45:00+02:00,13.0,13.0,12.1,9.4,79.0,20.4,84.0,0.0,0.0,0.0,0.0,0.0,0.0,0.0,2.2,155.0,4.0,7.9,281.0,1012.0,1012.0,2.7,5.1
2024-06-02 23:50:00+02:00,12.9,12.9,12.4,9.3,79.0,20.3,84.0,0.0,0.0,0.0,0.0,0.0,0.0,0.0,2.2,155.0,2.1,6.5,278.0,1012.0,1012.0,2.7,5.1
2024-06-02 23:55:00+02:00,12.8,12.8,12.0,9.4,80.0,20.2,84.0,0.0,0.0,0.0,0.0,0.0,0.0,0.0,2.2,155.0,3.3,6.5,247.0,1011.9,1011.9,2.7,5.1
2024-06-03 00:00:00+02:00,12.7,12.7,11.8,9.4,80.0,20.1,84.0,0.0,0.0,0.0,0.0,0.0,0.0,0.0,2.2,155.0,4.0,9.4,295.0,1011.9,1011.9,2.7,5.1
2024-06-03 00:05:00+02:00,12.6,12.6,11.6,9.4,80.0,20.1,84.0,0.0,0.0,0.0,0.0,0.0,0.0,0.0,2.2,155.0,4.5,8.3,280.0,1012.0,1012.0,2.7,5.0
2024-06-03 00:10:00+02:00,12.6,12.6,11.8,9.4,81.0,20.0,84.0,0.0,0.0,0.0,0.0,0.0,0.0,0.0,2.2,155.0,3.4,10.8,281.0,1011.9,1011.9,2.7,5.0
2024-06-03 00:15:00+02:00,12.5,12.5,12.0,9.4,81.0,19.9,84.0,0.0,0.0,0.0,0.0,0.0,0.0,0.0,2.2,155.0,2.0,6.5,300.0,1011.9,1011.9,2.7,5.0
2024-06-03 00:20:00+02:00,12.5,12.5,12.1,9.3,81.0,19.8,84.0,0.0,0.0,0.0,0.0,0.0,0.0,0.0,2.2,155.0,1.6,5.8,298.0,1011.9,1011.9,2.7,5.0
2024-06-03 00:25:00+02:00,12.5,12.5,11.3,9.2,80.0,19.8,84.0,0.0,0.0,0.0,0.0,0.0,0.0,0.0,2.2,155.0,5.0,9.0,278.0,1012.0,1012.0,2.7,5.0
2024-06-03 00:30:00+02:00,12.5,12.5,12.1,9.2,80.0,19.7,84.0,0.0,0.0,0.0,0.0,0.0,0.0,0.0,2.2,155.0,1.4,6.8,277.0,1012.0,1012.0,2.7,5.0
2024-06-03 00:35:00+02:00,12.5,12.5,11.9,9.2,81.0,19.7,84.0,0.0,0.0,0.0,0.0,0.0,0.0,0.0,2.2,155.0,2.0,6.1,277.0,1011.9,1011.9,2.7,5.0
2024-06-03 00:40:00+02:00,12.4,12.4,11.8,9.2,81.0,19.6,84.0,0.0,0.0,0.0,0.0,0.0,0.0,0.0,2.2,155.0,1.9,6.1,267.0,1011.8,1011.8,2.7,5.0
2024-06-03 00:45:00+02:00,12.3,12.3,11.6,9.2,81.0,19.6,84.0,0.0,0.0,0.0,0.0,0.0,0.0,0.0,2.2,155.0,2.9,5.4,270.0,1011.8,1011.8,2.7,5.0
2024-06-03 00:50:00+02:00,12.3,12.3,11.9,9.1,81.0,19.5,84.0,0.0,0.0,0.0,0.0,0.0,0.0,0.0,2.2,155.0,0.9,4.3,271.0,1011.8,1011.8,2.7,5.0
2024-06-03 00:55:00+02:00,12.2,12.2,11.6,9.1,81.0,19.5,84.0,0.0,0.0,0.0,0.0,0.0,0.0,0.0,2.2,155.0,2.0,6.8,270.0,1011.8,1011.8,2.7,5.0
2024-06-03 01:00:00+02:00,12.1,12.1,11.7,9.1,82.0,19.4,84.0,0.0,0.0,0.0,0.0,0.0,0.0,0.0,2.2,155.0,1.0,5.4,285.0,1011.7,1011.7,2.7,5.0
2024-06-03 01:05:00+02:00,12.1,12.1,11.6,9.1,82.0,19.3,84.0,0.0,0.0,0.0,0.0,0.0,0.0,0.0,2.2,155.0,1.2,7.2,296.0,1011.7,1011.7,2.7,5.0
2024-06-03 01:10:00+02:00,11.9,11.9,11.1,9.0,82.0,19.3,84.0,0.0,0.0,0.0,0.0,0.0,0.0,0.0,2.2,155.0,3.0,5.8,279.0,1011.8,1011.8,2.7,5.0
2024-06-03 01:15:00+02:00,12.0,12.0,11.5,9.1,82.0,19.2,84.0,0.0,0.0,0.0,0.0,0.0,0.0,0.0,2.2,155.0,1.4,5.0,288.0,1011.8,1011.8,2.7,5.0
2024-06-03 01:20:00+02:00,11.9,11.9,11.6,9.1,83.0,19.2,84.0,0.0,0.0,0.0,0.0,0.0,0.0,0.0,2.2,155.0,0.6,5.0,260.0,1011.8,1011.8,2.7,5.0
2024-06-03 01:25:00+02:00,11.9,11.9,11.6,9.1,83.0,19.1,84.0,0.0,0.0,0.0,0.0,0.0,0.0,0.0,2.2,155.0,0.6,5.0,306.0,1011.8,1011.8,2.7,5.0
2024-06-03 01:30:00+02:00,11.8,11.8,11.0,9.0,83.0,19.1,84.0,0.0,0.0,0.0,0.0,0.0,0.0,0.0,2.2,155.0,2.9,6.8,281.0,1011.7,1011.7,2.7,5.0
2024-06-03 01:35:00+02:00,11.8,11.8,11.1,9.0,83.0,19.0,84.0,0.0,0.0,0.0,0.0,0.0,0.0,0.0,2.2,155.0,2.3,6.8,302.0,1011.7,1011.7,2.7,5.0
2024-06-03 01:40:00+02:00,11.7,11.7,10.7,8.9,83.0,19.0,84.0,0.0,0.0,0.0,0.0,0.0,0.0,0.0,2.2,155.0,4.0,6.8,280.0,1011.8,1011.8,2.7,5.0
2024-06-03 01:45:00+02:00,11.8,11.8,10.6,8.8,82.0,18.9,84.0,0.0,0.0,0.0,0.0,0.0,0.0,0.0,2.2,155.0,4.8,9.4,284.0,1011.8,1011.8,2.7,5.0
2024-06-03 01:50:00+02:00,11.7,11.7,11.1,8.9,83.0,18.9,84.0,0.0,0.0,0.0,0.0,0.0,0.0,0.0,2.2,155.0,1.9,6.5,288.0,1011.7,1011.7,2.7,5.0
2024-06-03 01:55:00+02:00,11.6,11.6,10.5,8.8,83.0,18.8,84.0,0.0,0.0,0.0,0.0,0.0,0.0,0.0,2.2,155.0,4.2,7.2,281.0,1011.7,1011.7,2.7,4.9
2024-06-03 02:00:00+02:00,11.5,11.5,10.9,8.7,83.0,18.8,84.0,0.0,0.0,0.0,0.0,0.0,0.0,0.0,2.2,155.0,1.3,7.2,289.0,1011.7,1011.7,2.7,4.9
2024-06-03 02:05:00+02:00,11.3,11.3,10.9,8.6,83.0,18.7,84.0,0.0,0.0,0.0,0.0,0.0,0.0,0.0,2.2,155.0,0.9,6.1,286.0,1011.8,1011.8,2.7,4.9
2024-06-03 02:10:00+02:00,11.3,11.3,10.8,8.6,84.0,18.7,84.0,0.0,0.0,0.0,0.0,0.0,0.0,0.0,2.2,155.0,0.8,5.0,305.0,1011.6,1011.6,2.7,4.9
2024-06-03 02:15:00+02:00,11.2,11.2,10.5,8.6,84.0,18.7,83.0,0.0,0.0,0.0,0.0,0.0,0.0,0.0,2.2,155.0,2.0,5.0,295.0,1011.7,1011.7,2.7,4.9
2024-06-03 02:20:00+02:00,11.2,11.2,10.8,8.6,84.0,18.6,83.0,0.0,0.0,0.0,0.0,0.0,0.0,0.0,2.2,155.0,0.0,4.0,329.0,1011.7,1011.7,2.7,4.9
2024-06-03 02:25:00+02:00,11.0,11.0,10.6,8.5,84.0,18.5,83.0,0.0,0.0,0.0,0.0,0.0,0.0,0.0,2.2,155.0,0.5,2.5,121.0,1011.6,1011.6,2.7,4.9
2024-06-03 02:30:00+02:00,10.8,10.8,10.3,8.4,85.0,18.4,84.0,0.0,0.0,0.0,0.0,0.0,0.0,0.0,2.2,155.0,0.5,2.9,120.0,1011.6,1011.6,2.7,4.9
2024-06-03 02:35:00+02:00,10.7,10.7,10.3,8.5,86.0,18.4,84.0,0.0,0.0,0.0,0.0,0.0,0.0,0.0,2.2,155.0,0.0,2.2,101.0,1011.6,1011.6,2.7,4.9
2024-06-03 02:40:00+02:00,10.5,10.5,10.1,8.4,87.0,18.3,84.0,0.0,0.0,0.0,0.0,0.0,0.0,0.0,2.2,155.0,0.4,2.5,134.0,1011.6,1011.6,2.7,4.9
2024-06-03 02:45:00+02:00,10.3,10.3,9.7,8.2,87.0,18.3,84.0,0.0,0.0,0.0,0.0,0.0,0.0,0.0,2.2,155.0,0.8,2.5,105.0,1011.5,1011.5,2.7,4.9
2024-06-03 02:50:00+02:00,10.2,10.2,9.6,8.3,88.0,18.2,83.0,0.0,0.0,0.0,0.0,0.0,0.0,0.0,2.2,155.0,1.2,4.0,45.0,1011.5,1011.5,2.7,4.9
2024-06-03 02:55:00+02:00,10.3,10.3,9.7,8.3,88.0,18.2,83.0,0.0,0.0,0.0,0.0,0.0,0.0,0.0,2.2,155.0,0.9,2.9,123.0,1011.4,1011.4,2.7,4.9
2024-06-03 03:00:00+02:00,10.0,10.0,9.3,8.1,88.0,18.1,84.0,0.0,0.0,0.0,0.0,0.0,0.0,0.0,2.2,155.0,1.2,2.9,123.0,1011.3,1011.3,2.7,4.9
2024-06-03 03:05:00+02:00,9.8,9.8,9.0,8.2,89.0,18.1,83.0,0.0,0.0,0.0,0.0,0.0,0.0,0.0,2.2,155.0,2.2,3.6,101.0,1011.4,1011.4,2.7,4.9
2024-06-03 03:10:00+02:00,9.7,9.7,8.8,8.2,90.0,18.0,83.0,0.0,0.0,0.0,0.0,0.0,0.0,0.0,2.2,155.0,2.6,4.0,106.0,1011.4,1011.4,2.7,4.9
2024-06-03 03:15:00+02:00,9.6,9.6,8.6,8.2,91.0,17.9,83.0,0.0,0.0,0.0,0.0,0.0,0.0,0.0,2.2,155.0,2.7,4.0,113.0,1011.4,1011.4,2.7,4.9
2024-06-03 03:20:00+02:00,9.5,9.5,8.5,8.1,91.0,17.9,83.0,0.0,0.0,0.0,0.0,0.0,0.0,0.0,2.2,155.0,2.5,3.2,110.0,1011.3,1011.3,2.7,4.9
2024-06-03 03:25:00+02:00,9.4,9.4,8.5,8.0,91.0,17.8,83.0,0.0,0.0,0.0,0.0,0.0,0.0,0.0,2.2,155.0,2.2,3.2,109.0,1011.3,1011.3,2.7,4.9
2024-06-03 03:30:00+02:00,9.2,9.2,8.3,7.9,91.0,17.7,83.0,0.0,0.0,0.0,0.0,0.0,0.0,0.0,2.2,155.0,2.1,2.9,108.0,1011.5,1011.5,2.7,4.9
2024-06-03 03:35:00+02:00,9.1,9.1,8.2,7.8,92.0,17.7,83.0,0.0,0.0,0.0,0.0,0.0,0.0,0.0,2.2,155.0,1.8,3.2,115.0,1011.3,1011.3,2.7,4.9
2024-06-03 03:40:00+02:00,8.8,8.8,8.1,7.6,92.0,17.6,83.0,0.0,0.0,0.0,0.0,0.0,0.0,0.0,2.2,155.0,0.7,2.2,109.0,1011.1,1011.1,2.7,4.9
2024-06-03 03:45:00+02:00,8.7,8.7,7.9,7.5,92.0,17.6,83.0,0.0,0.0,0.0,0.0,0.0,0.0,0.0,2.2,155.0,0.8,2.5,111.0,1011.3,1011.3,2.7,4.8
2024-06-03 03:50:00+02:00,8.7,8.7,7.7,7.7,93.0,17.5,83.0,0.0,0.0,0.0,0.0,0.0,0.0,0.0,2.2,155.0,2.6,3.6,116.0,1011.3,1011.3,2.7,4.8
2024-06-03 03:55:00+02:00,8.8,8.8,7.8,7.9,94.0,17.5,83.0,0.0,0.0,0.0,0.0,0.0,0.0,0.0,2.2,155.0,2.7,3.6,107.0,1011.2,1011.2,2.7,4.8
2024-06-03 04:00:00+02:00,8.9,8.9,7.9,8.0,94.0,17.4,83.0,0.0,0.0,0.0,0.0,0.0,0.0,0.0,2.2,155.0,2.8,3.6,116.0,1011.2,1011.2,2.7,4.8
2024-06-03 04:05:00+02:00,9.0,9.0,8.0,8.1,94.0,17.3,83.0,0.0,0.0,0.0,0.0,0.0,0.0,0.0,2.2,155.0,2.7,3.6,107.0,1011.1,1011.1,2.7,4.8
2024-06-03 04:10:00+02:00,9.0,9.0,8.2,8.2,94.0,17.3,83.0,0.0,0.0,0.0,0.0,0.0,0.0,0.0,2.2,155.0,1.9,2.9,108.0,1011.1,1011.1,2.7,4.8
2024-06-03 04:15:00+02:00,9.0,9.0,8.4,8.1,94.0,17.2,83.0,0.0,0.0,0.0,0.0,0.0,0.0,0.0,2.2,155.0,0.8,2.5,98.0,1011.1,1011.1,2.7,4.8
2024-06-03 04:20:00+02:00,9.0,9.0,8.5,8.1,94.0,17.2,83.0,0.0,0.0,0.0,0.0,0.0,0.0,0.0,2.2,155.0,0.4,2.2,103.0,1011.1,1011.1,2.7,4.8
2024-06-03 04:25:00+02:00,9.1,9.1,8.5,8.3,94.0,17.2,83.0,0.0,0.0,0.0,0.0,0.0,0.0,0.0,2.2,155.0,0.9,2.5,98.0,1011.1,1011.1,2.7,4.8
2024-06-03 04:30:00+02:00,9.2,9.2,8.5,8.4,94.0,17.1,83.0,0.0,0.0,0.0,0.0,0.0,0.0,0.0,2.2,155.0,1.7,2.5,96.0,1011.0,1011.0,2.7,4.8
2024-06-03 04:35:00+02:00,9.3,9.3,8.8,8.4,94.0,17.1,83.0,0.0,0.0,0.0,0.0,0.0,0.0,0.0,2.2,155.0,0.7,2.5,92.0,1011.1,1011.1,2.7,4.8
2024-06-03 04:40:00+02:00,9.3,9.3,8.6,8.4,94.0,17.0,83.0,0.0,0.0,0.0,0.0,0.0,0.0,0.0,2.2,155.0,1.8,2.9,98.0,1011.0,1011.0,2.7,4.8
2024-06-03 04:45:00+02:00,9.5,9.5,9.0,8.6,93.0,17.0,83.0,0.0,0.0,0.0,0.0,0.0,0.0,0.0,2.2,155.0,1.2,2.9,104.0,1011.0,1011.0,2.7,4.8
2024-06-03 04:50:00+02:00,9.5,9.5,9.1,8.4,93.0,17.0,83.0,0.1,0.0,0.0,0.0,0.0,0.0,0.0,2.2,155.0,0.0,2.5,86.0,1011.1,1011.1,2.7,4.8
2024-06-03 04:55:00+02:00,9.6,9.6,8.8,8.4,93.0,17.0,83.0,0.2,0.0,0.0,0.0,0.0,0.0,0.0,2.2,155.0,2.0,3.6,111.0,1011.0,1011.0,2.7,4.8
2024-06-03 05:00:00+02:00,9.7,9.7,9.1,8.5,92.0,16.9,83.0,0.3,0.0,0.0,0.0,0.0,0.0,0.0,2.2,155.0,1.3,3.2,105.0,1011.0,1011.0,2.7,4.8
2024-06-03 05:05:00+02:00,9.7,9.7,9.0,8.5,92.0,16.9,83.0,0.6,0.0,0.0,0.0,0.0,0.0,0.0,2.2,155.0,1.8,2.9,88.0,1011.1,1011.1,2.7,4.8
2024-06-03 05:10:00+02:00,9.9,9.9,9.4,8.4,90.0,16.9,83.0,0.9,0.0,0.0,0.0,0.0,0.0,0.0,2.2,155.0,0.8,2.9,111.0,1011.2,1011.2,2.7,4.8
2024-06-03 05:15:00+02:00,10.0,10.0,9.3,8.5,90.0,16.9,84.0,1.4,0.0,0.0,0.0,0.0,0.0,0.0,2.2,155.0,1.9,3.2,120.0,1011.1,1011.1,2.7,4.8
2024-06-03 05:20:00+02:00,10.0,10.0,9.3,8.4,90.0,16.8,84.0,2.0,0.0,0.0,0.0,0.0,0.0,0.0,2.2,155.0,1.7,2.9,107.0,1011.0,1011.0,2.7,4.8
2024-06-03 05:25:00+02:00,10.0,10.0,9.6,8.4,90.0,16.8,84.0,2.8,0.0,0.0,0.0,0.0,0.0,0.0,2.2,155.0,0.4,3.2,118.0,1011.1,1011.1,2.7,4.8
2024-06-03 05:30:00+02:00,10.1,10.1,9.5,8.3,89.0,16.8,84.0,3.5,0.0,0.0,0.0,0.0,0.0,0.0,2.2,155.0,1.3,3.2,120.0,1011.2,1011.2,2.7,4.8
2024-06-03 05:35:00+02:00,10.2,10.2,9.5,8.2,88.0,16.8,84.0,4.5,0.0,0.0,0.0,0.0,0.0,0.0,2.2,155.0,1.1,3.6,104.0,1011.2,1011.2,2.7,4.7
2024-06-03 05:40:00+02:00,10.3,10.3,9.4,8.1,86.0,16.8,84.0,5.6,0.0,0.0,0.0,0.0,0.0,0.0,2.2,155.0,2.3,4.3,75.0,1011.1,1011.1,2.7,4.7
2024-06-03 05:45:00+02:00,10.4,10.4,9.8,8.2,86.0,16.8,84.0,7.2,0.0,0.0,0.0,0.0,0.0,0.0,2.2,155.0,0.9,4.0,81.0,1011.1,1011.1,2.7,4.7
2024-06-03 05:50:00+02:00,10.5,10.5,10.0,8.3,86.0,16.8,84.0,8.4,0.0,0.0,0.0,0.0,0.0,0.0,2.2,155.0,0.4,3.6,86.0,1011.1,1011.1,2.7,4.7
2024-06-03 05:55:00+02:00,10.5,10.5,9.9,8.3,86.0,16.8,84.0,9.6,0.0,0.0,0.0,0.0,0.0,0.0,2.2,155.0,0.8,2.9,5.0,1011.1,1011.1,2.7,4.7
2024-06-03 06:00:00+02:00,10.5,10.5,10.0,8.3,86.0,16.7,84.0,11.4,0.0,0.0,0.0,0.0,0.0,0.0,2.2,155.0,0.6,3.6,124.0,1011.1,1011.1,2.7,4.7
2024-06-03 06:05:00+02:00,10.6,10.6,10.1,8.3,86.0,16.7,84.0,13.5,0.0,0.0,0.0,0.0,0.0,0.0,2.2,155.0,0.4,2.5,58.0,1011.1,1011.1,2.7,4.7
2024-06-03 06:10:00+02:00,10.7,10.7,10.0,8.3,85.0,16.7,84.0,14.8,0.0,0.0,0.0,0.0,0.0,0.0,2.2,155.0,1.3,2.9,104.0,1011.0,1011.0,2.7,4.7
2024-06-03 06:15:00+02:00,10.7,10.7,10.0,8.3,85.0,16.7,84.0,15.6,0.0,0.0,0.0,0.0,0.0,0.0,2.2,155.0,1.5,3.2,75.0,1011.1,1011.1,2.7,4.7
2024-06-03 06:20:00+02:00,10.7,10.7,9.9,8.3,85.0,16.7,84.0,17.6,0.0,0.0,0.0,0.0,0.0,0.0,2.2,155.0,1.9,5.0,325.0,1011.0,1011.0,2.7,4.7
2024-06-03 06:25:00+02:00,10.8,10.8,10.0,8.3,85.0,16.7,84.0,19.6,0.0,0.0,0.0,0.0,0.0,0.0,2.2,155.0,2.1,4.0,243.0,1011.1,1011.1,2.7,4.7
2024-06-03 06:30:00+02:00,10.8,10.8,10.0,8.2,84.0,16.7,84.0,21.7,0.0,0.0,0.0,0.0,0.0,0.0,2.2,155.0,2.2,4.0,135.0,1011.1,1011.1,2.7,4.7
2024-06-03 06:35:00+02:00,10.8,10.8,10.2,8.2,84.0,16.7,84.0,22.5,0.0,0.0,0.0,0.0,0.0,0.0,2.2,155.0,1.2,4.3,101.0,1011.2,1011.2,2.7,4.7
2024-06-03 06:40:00+02:00,10.9,10.9,10.4,8.3,84.0,16.7,84.0,24.6,0.0,0.0,0.0,0.0,0.0,0.0,2.2,155.0,0.4,4.0,86.0,1011.1,1011.1,2.7,4.7
2024-06-03 06:45:00+02:00,10.9,10.9,10.5,8.2,83.0,16.7,84.0,28.0,0.0,0.0,0.0,0.0,0.0,0.0,2.2,155.0,0.0,3.2,31.0,1011.1,1011.1,2.7,4.7
2024-06-03 06:50:00+02:00,11.0,11.0,10.4,8.2,83.0,16.7,84.0,30.5,0.0,0.0,0.0,0.0,0.0,0.0,2.2,155.0,1.1,4.0,352.0,1011.0,1011.0,2.7,4.7
2024-06-03 06:55:00+02:00,11.0,11.0,10.2,8.0,82.0,16.7,84.0,33.7,0.0,0.0,0.0,0.0,0.0,0.0,2.2,155.0,2.1,6.1,330.0,1011.0,1011.0,2.7,4.7
2024-06-03 07:00:00+02:00,11.1,11.1,10.5,8.0,81.0,16.8,84.0,35.8,0.0,0.0,0.0,0.0,0.0,0.0,2.2,155.0,0.9,7.9,341.0,1010.9,1010.9,2.7,4.7
2024-06-03 07:05:00+02:00,11.2,11.2,10.4,8.0,81.0,16.8,84.0,40.5,0.0,0.0,0.0,0.0,0.0,0.0,2.2,155.0,1.7,6.1,297.0,1011.1,1011.1,2.7,4.7
2024-06-03 07:10:00+02:00,11.2,11.2,10.2,7.8,79.0,16.7,84.0,42.8,0.0,0.0,0.0,0.0,0.0,0.0,2.2,155.0,2.4,6.8,266.0,1011.1,1011.1,2.7,4.7
2024-06-03 07:15:00+02:00,11.3,11.3,10.7,7.9,79.0,16.7,84.0,45.5,0.0,0.0,0.0,0.0,0.0,0.0,2.2,155.0,0.9,4.3,329.0,1011.1,1011.1,2.7,4.7
2024-06-03 07:20:00+02:00,11.4,11.4,10.5,7.9,79.0,16.7,84.0,48.3,0.0,0.0,0.0,0.0,0.0,0.0,2.2,155.0,1.9,5.8,309.0,1011.2,1011.2,2.7,4.7
2024-06-03 07:25:00+02:00,11.4,11.4,10.6,7.8,79.0,16.7,84.0,50.3,0.0,0.0,0.0,0.0,0.0,0.0,2.2,155.0,1.8,4.3,321.0,1011.1,1011.1,2.7,4.8
2024-06-03 07:30:00+02:00,11.5,11.5,10.6,7.8,78.0,16.7,84.0,52.6,0.0,0.0,0.0,0.0,0.0,0.0,2.2,155.0,1.7,7.2,330.0,1011.3,1011.3,2.7,4.8
2024-06-03 07:35:00+02:00,11.7,11.7,10.9,8.0,78.0,16.7,85.0,56.8,0.0,0.0,0.0,0.0,0.0,0.0,2.2,155.0,1.3,3.6,306.0,1011.3,1011.3,2.7,4.8
2024-06-03 07:40:00+02:00,11.7,11.7,10.5,7.7,77.0,16.7,85.0,58.6,0.0,0.0,0.0,0.0,0.0,0.0,2.2,155.0,3.2,6.5,294.0,1011.2,1011.2,2.7,4.8
2024-06-03 07:45:00+02:00,11.7,11.7,10.7,7.8,77.0,16.8,85.0,63.1,0.0,0.0,0.0,0.0,0.0,0.0,2.2,155.0,2.0,6.1,315.0,1011.3,1011.3,2.7,4.8
2024-06-03 07:50:00+02:00,11.9,11.9,11.4,8.0,77.0,16.8,85.0,67.2,0.0,0.0,0.0,0.0,0.0,0.0,2.2,155.0,0.0,3.6,163.0,1011.4,1011.4,2.7,4.8
2024-06-03 07:55:00+02:00,12.0,12.0,11.0,7.9,76.0,16.8,85.0,72.4,0.0,0.0,0.0,0.0,0.0,0.0,2.2,155.0,2.6,6.1,289.0,1011.3,1011.3,2.7,4.8
2024-06-03 08:00:00+02:00,12.0,12.0,11.5,7.9,76.0,16.8,85.0,73.4,0.0,0.0,0.0,0.0,0.0,0.0,2.2,155.0,0.0,4.7,224.0,1011.5,1011.5,2.7,4.8
2024-06-03 08:05:00+02:00,12.1,12.1,10.9,7.7,75.0,16.8,85.0,78.2,0.0,0.0,0.0,0.0,0.0,0.0,2.2,155.0,3.6,6.1,278.0,1011.3,1011.3,2.7,4.8
2024-06-03 08:15:00+02:00,12.0,12.0,10.7,7.5,74.0,16.9,85.0,69.0,0.0,0.0,0.0,0.0,0.0,0.0,2.2,155.0,4.0,9.0,311.0,1011.4,1011.4,2.7,4.9
2024-06-03 08:20:00+02:00,12.0,12.0,10.6,7.6,75.0,17.0,85.0,71.2,0.0,0.0,0.0,0.0,0.0,0.0,2.2,155.0,4.2,7.9,273.0,1011.5,1011.5,2.7,4.9
2024-06-03 08:25:00+02:00,12.0,12.0,11.0,7.8,76.0,17.0,85.0,76.1,0.0,0.0,0.0,0.0,0.0,0.0,2.2,155.0,2.8,7.6,295.0,1011.5,1011.5,2.7,4.9
2024-06-03 08:30:00+02:00,12.1,12.1,10.8,7.8,75.0,17.0,85.0,85.2,0.0,0.0,0.0,0.0,0.0,0.0,2.2,155.0,4.2,6.8,280.0,1011.4,1011.4,2.7,4.9
2024-06-03 08:40:00+02:00,12.2,12.2,11.2,7.9,75.0,17.1,85.0,84.1,0.0,0.0,0.0,0.0,0.0,0.0,2.2,155.0,2.5,6.8,272.0,1011.5,1011.5,2.7,4.9
2024-06-03 08:45:00+02:00,12.3,12.3,11.4,7.8,74.0,17.1,85.0,96.4,0.0,0.0,0.0,0.0,0.0,0.0,2.2,155.0,1.7,7.9,242.0,1011.5,1011.5,2.7,4.9
2024-06-03 08:50:00+02:00,12.3,12.3,11.3,7.9,75.0,17.2,85.0,103.0,0.0,0.0,0.0,0.0,0.0,0.0,2.2,155.0,2.8,6.5,272.0,1011.5,1011.5,2.7,4.9
2024-06-03 08:55:00+02:00,12.4,12.4,11.6,7.9,74.0,17.2,85.0,115.5,1.0,0.0,0.0,0.0,0.0,0.0,2.2,155.0,1.5,5.8,305.0,1011.4,1011.4,2.7,5.0
2024-06-03 09:00:00+02:00,12.5,12.5,11.8,7.7,72.0,17.2,86.0,117.4,1.0,0.0,0.0,0.0,0.0,0.0,2.2,155.0,1.0,5.8,267.0,1011.4,1011.4,2.7,5.0
2024-06-03 09:05:00+02:00,12.7,12.7,12.0,7.6,71.0,17.3,86.0,114.2,1.0,0.0,0.0,0.0,0.0,0.0,2.2,155.0,0.6,3.6,260.0,1011.4,1011.4,2.7,5.0
2024-06-03 09:10:00+02:00,12.7,12.7,11.6,7.4,70.0,17.3,86.0,118.6,1.0,0.0,0.0,0.0,0.0,0.0,2.2,155.0,2.5,6.1,255.0,1011.3,1011.3,2.7,5.0
2024-06-03 09:15:00+02:00,12.8,12.8,11.8,7.1,68.0,17.4,86.0,128.5,1.0,0.0,0.0,0.0,0.0,0.0,2.2,155.0,1.8,5.4,262.0,1011.3,1011.3,2.7,5.1
2024-06-03 09:20:00+02:00,12.7,12.7,11.7,7.2,69.0,17.4,86.0,129.4,1.0,0.0,0.0,0.0,0.0,0.0,2.2,155.0,1.7,5.8,12.0,1011.4,1011.4,2.7,5.1
2024-06-03 09:25:00+02:00,12.7,12.7,11.8,7.5,71.0,17.5,86.0,124.5,1.0,0.0,0.0,0.0,0.0,0.0,2.2,155.0,1.6,4.3,270.0,1011.4,1011.4,2.7,5.1
2024-06-03 09:30:00+02:00,12.8,12.8,11.3,7.2,69.0,17.5,86.0,125.4,1.0,0.0,0.0,0.0,0.0,0.0,2.2,155.0,4.5,9.0,211.0,1011.4,1011.4,2.7,5.1
2024-06-03 09:35:00+02:00,12.9,12.9,12.3,7.2,68.0,17.5,86.0,129.7,1.0,0.0,0.0,0.0,0.0,0.0,2.2,155.0,0.0,5.4,110.0,1011.3,1011.3,2.7,5.2
2024-06-03 09:40:00+02:00,12.9,12.9,11.8,7.5,70.0,17.6,86.0,128.7,1.0,0.0,0.0,0.0,0.0,0.0,2.2,155.0,2.9,7.6,349.0,1011.2,1011.2,2.7,5.2
2024-06-03 09:45:00+02:00,12.8,12.8,11.8,7.5,70.0,17.6,86.0,121.7,1.0,0.0,0.0,0.0,0.0,0.0,2.2,155.0,2.3,7.6,275.0,1011.2,1011.2,2.7,5.2
2024-06-03 09:50:00+02:00,12.8,12.8,11.7,7.5,70.0,17.7,86.0,120.9,1.0,0.0,0.0,0.0,0.0,0.0,2.2,155.0,2.8,6.8,248.0,1011.2,1011.2,2.7,5.2
2024-06-03 09:55:00+02:00,12.8,12.8,11.8,7.9,72.0,17.7,86.0,116.2,1.0,0.0,0.0,0.0,0.0,0.0,2.2,155.0,2.4,7.6,267.0,1011.1,1011.1,2.7,5.2
2024-06-03 10:00:00+02:00,12.7,12.7,11.3,7.7,72.0,17.8,86.0,109.8,1.0,0.0,0.0,0.0,0.0,0.0,2.2,155.0,4.8,11.5,261.0,1011.3,1011.3,2.7,5.2
2024-06-03 10:05:00+02:00,12.6,12.6,11.5,7.8,73.0,17.8,86.0,114.3,1.0,0.0,0.0,0.0,0.0,0.0,2.2,155.0,3.0,11.2,245.0,1011.2,1011.2,2.7,5.2
2024-06-03 10:10:00+02:00,12.6,12.6,11.6,7.9,73.0,17.9,86.0,114.1,1.0,0.0,0.0,0.0,0.0,0.0,2.2,155.0,2.9,8.6,294.0,1011.1,1011.1,2.7,5.2
2024-06-03 10:15:00+02:00,12.5,12.5,10.9,7.9,74.0,17.9,86.0,110.7,1.0,0.0,0.0,0.0,0.0,0.0,2.2,155.0,5.8,10.4,296.0,1011.1,1011.1,2.7,5.2
2024-06-03 10:20:00+02:00,12.6,12.6,11.5,7.8,73.0,17.9,86.0,117.8,1.0,0.0,0.0,0.0,0.0,0.0,2.2,155.0,3.1,6.8,193.0,1011.1,1011.1,2.7,5.2
2024-06-03 10:25:00+02:00,12.7,12.7,12.0,8.0,73.0,18.0,86.0,125.1,1.0,0.0,0.0,0.0,0.0,0.0,2.2,155.0,1.4,8.6,270.0,1011.1,1011.1,2.7,5.2
2024-06-03 10:30:00+02:00,12.7,12.7,11.6,8.0,73.0,18.0,86.0,138.4,1.0,0.0,0.0,0.0,0.0,0.0,2.2,155.0,3.5,6.8,277.0,1011.1,1011.1,2.7,5.2
2024-06-03 10:35:00+02:00,12.6,12.6,11.9,8.2,74.0,18.1,86.0,145.0,1.0,0.0,0.0,0.0,0.0,0.0,2.2,155.0,1.2,7.6,252.0,1011.1,1011.1,2.7,5.2
2024-06-03 10:40:00+02:00,12.7,12.7,10.9,8.0,73.0,18.1,86.0,145.0,1.0,0.0,0.0,0.0,0.0,0.0,2.2,155.0,6.7,11.9,292.0,1011.2,1011.2,2.7,5.2
2024-06-03 10:45:00+02:00,12.7,12.7,11.6,8.0,73.0,18.2,86.0,145.9,1.0,0.0,0.0,0.0,0.0,0.0,2.2,155.0,3.1,11.5,268.0,1011.0,1011.0,2.7,5.2
2024-06-03 10:50:00+02:00,12.8,12.8,12.1,8.0,73.0,18.2,86.0,155.6,1.0,0.0,0.0,0.0,0.0,0.0,2.2,155.0,1.7,6.8,281.0,1011.1,1011.1,2.7,5.2
2024-06-03 10:55:00+02:00,13.1,13.1,12.0,8.0,71.0,18.3,86.0,166.1,1.0,0.0,0.0,0.0,0.0,0.0,2.2,155.0,3.2,6.5,257.0,1011.1,1011.1,2.7,5.2
2024-06-03 11:00:00+02:00,13.2,13.2,12.3,8.0,71.0,18.3,86.0,177.7,1.0,0.0,0.0,0.0,0.0,0.0,2.2,155.0,2.4,6.8,285.0,1011.1,1011.1,2.7,5.2
2024-06-03 11:05:00+02:00,13.5,13.5,12.2,7.9,69.0,18.4,87.0,179.9,1.0,0.0,0.0,0.0,0.0,0.0,2.2,155.0,3.7,9.4,275.0,1011.0,1011.0,2.7,5.2
2024-06-03 11:10:00+02:00,13.3,13.3,12.1,7.8,69.0,18.4,87.0,174.0,1.0,0.0,0.0,0.0,0.0,0.0,2.2,155.0,3.7,8.6,268.0,1010.9,1010.9,2.7,5.2
2024-06-03 11:15:00+02:00,13.3,13.3,12.2,7.7,69.0,18.5,87.0,175.1,1.0,0.0,0.0,0.0,0.0,0.0,2.2,155.0,2.7,8.3,316.0,1010.9,1010.9,2.7,5.2
2024-06-03 11:20:00+02:00,13.1,13.1,11.9,7.6,69.0,18.6,87.0,175.4,1.0,0.0,0.0,0.0,0.0,0.0,2.2,155.0,3.4,6.5,349.0,1011.0,1011.0,2.7,5.2
2024-06-03 11:25:00+02:00,13.2,13.2,12.2,7.6,69.0,18.6,87.0,164.9,1.0,0.0,0.0,0.0,0.0,0.0,2.2,155.0,2.2,6.1,346.0,1011.0,1011.0,2.7,5.2
2024-06-03 11:30:00+02:00,13.2,13.2,12.0,7.6,69.0,18.7,87.0,155.6,1.0,0.0,0.0,0.0,0.0,0.0,2.2,155.0,3.1,8.3,350.0,1011.1,1011.1,2.7,5.2
2024-06-03 11:35:00+02:00,13.2,13.2,12.1,7.5,69.0,18.7,87.0,154.8,1.0,0.0,0.0,0.0,0.0,0.0,2.2,155.0,2.2,4.3,347.0,1011.0,1011.0,2.7,5.2
2024-06-03 11:40:00+02:00,13.4,13.4,12.1,8.0,70.0,18.7,87.0,146.3,1.0,0.0,0.0,0.0,0.0,0.0,2.2,155.0,4.8,7.9,289.0,1011.0,1011.0,2.7,5.2
2024-06-03 11:45:00+02:00,13.3,13.3,11.9,8.0,70.0,18.8,87.0,145.1,1.0,0.0,0.0,0.0,0.0,0.0,2.2,155.0,4.9,11.5,278.0,1011.1,1011.1,2.7,5.2
2024-06-03 11:50:00+02:00,13.4,13.4,12.3,8.0,70.0,18.8,87.0,153.4,1.0,0.0,0.0,0.0,0.0,0.0,2.2,155.0,3.1,10.1,299.0,1011.1,1011.1,2.7,5.2
2024-06-03 11:55:00+02:00,13.4,13.4,12.3,8.2,71.0,18.9,87.0,149.3,1.0,0.0,0.0,0.0,0.0,0.0,2.2,155.0,3.6,8.3,294.0,1011.1,1011.1,2.7,5.2
2024-06-03 12:00:00+02:00,13.7,13.7,12.6,8.2,69.0,18.9,87.0,153.8,1.0,0.0,0.0,0.0,0.0,0.0,2.2,155.0,3.3,6.5,219.0,1011.0,1011.0,2.7,5.2
2024-06-03 12:05:00+02:00,13.7,13.7,12.8,8.3,69.0,19.0,87.0,150.4,1.0,0.0,0.0,0.0,0.0,0.0,2.2,155.0,2.6,8.3,257.0,1011.1,1011.1,2.7,5.2
2024-06-03 12:10:00+02:00,13.8,13.8,13.2,8.2,69.0,19.0,87.0,138.0,1.0,0.0,0.0,0.0,0.0,0.0,2.2,155.0,1.0,5.4,270.0,1011.2,1011.2,2.7,5.2
2024-06-03 12:15:00+02:00,13.6,13.6,12.7,8.0,69.0,19.0,87.0,140.2,1.0,0.0,0.0,0.0,0.0,0.0,2.2,155.0,2.5,8.6,252.0,1011.0,1011.0,2.7,5.2
2024-06-03 12:20:00+02:00,13.7,13.7,12.8,8.2,69.0,19.1,87.0,171.9,1.0,0.0,0.0,0.0,0.0,0.0,2.2,155.0,2.2,9.4,259.0,1011.0,1011.0,2.7,5.2
2024-06-03 12:25:00+02:00,13.9,13.9,13.2,8.2,68.0,19.2,87.0,209.7,1.0,0.0,0.0,0.0,0.0,0.0,2.2,155.0,1.5,5.8,100.0,1010.9,1010.9,2.7,5.2
2024-06-03 12:30:00+02:00,13.9,13.9,12.6,8.2,68.0,19.2,87.0,217.7,2.0,0.0,0.0,0.0,0.0,0.0,2.2,155.0,4.7,9.7,297.0,1010.9,1010.9,2.7,5.2
2024-06-03 12:35:00+02:00,13.9,13.9,12.9,8.1,68.0,19.3,87.0,211.3,1.0,0.0,0.0,0.0,0.0,0.0,2.2,155.0,2.5,9.4,316.0,1011.0,1011.0,2.7,5.2
2024-06-03 12:40:00+02:00,14.1,14.1,13.1,8.1,67.0,19.3,87.0,208.2,1.0,0.0,0.0,0.0,0.0,0.0,2.2,155.0,3.0,9.4,263.0,1010.9,1010.9,2.7,5.2
2024-06-03 12:45:00+02:00,14.3,14.3,13.4,8.2,67.0,19.3,87.0,175.8,1.0,0.0,0.0,0.0,0.0,0.0,2.2,155.0,2.3,6.5,236.0,1010.9,1010.9,2.7,5.2
2024-06-03 12:50:00+02:00,14.1,14.1,13.1,8.2,68.0,19.4,87.0,208.5,1.0,0.0,0.0,0.0,0.0,0.0,2.2,155.0,2.7,8.3,297.0,1011.0,1011.0,2.7,5.2
2024-06-03 12:55:00+02:00,14.5,14.5,13.7,8.6,67.0,19.5,87.0,280.8,2.0,0.0,0.0,0.0,0.0,0.0,2.2,155.0,2.5,4.3,175.0,1010.9,1010.9,2.7,5.2
2024-06-03 13:00:00+02:00,15.3,15.3,14.9,8.8,65.0,19.5,87.0,289.3,2.0,0.0,0.0,0.0,0.0,0.0,2.2,155.0,0.9,4.7,159.0,1010.9,1010.9,2.7,5.2
2024-06-03 13:05:00+02:00,15.7,15.7,15.1,8.9,64.0,19.6,87.0,227.2,2.0,0.0,0.0,0.0,0.0,0.0,2.2,155.0,1.9,5.0,151.0,1010.9,1010.9,2.7,5.2
2024-06-03 13:10:00+02:00,15.5,15.5,14.5,8.7,64.0,19.7,87.0,195.2,1.0,0.0,0.0,0.0,0.0,0.0,2.2,155.0,3.7,7.9,263.0,1010.8,1010.8,2.7,5.2
2024-06-03 13:15:00+02:00,14.9,14.9,14.3,8.6,66.0,19.7,87.0,191.3,1.0,0.0,0.0,0.0,0.0,0.0,2.2,155.0,1.7,7.9,261.0,1010.7,1010.7,2.7,5.2
2024-06-03 13:20:00+02:00,15.1,15.1,14.1,8.6,65.0,19.8,88.0,196.5,1.0,0.0,0.0,0.0,0.0,0.0,2.2,155.0,3.4,7.6,136.0,1010.7,1010.7,2.7,5.2
2024-06-03 13:25:00+02:00,15.1,15.1,14.5,8.6,65.0,19.8,88.0,230.9,2.0,0.0,0.0,0.0,0.0,0.0,2.2,155.0,1.6,7.2,95.0,1010.8,1010.8,2.7,5.2
2024-06-03 13:30:00+02:00,15.5,15.5,14.9,8.7,64.0,19.9,88.0,226.0,2.0,0.0,0.0,0.0,0.0,0.0,2.2,155.0,1.7,4.7,78.0,1010.7,1010.7,2.7,5.2
2024-06-03 13:35:00+02:00,15.5,15.5,14.8,8.6,63.0,19.9,88.0,189.3,1.0,0.0,0.0,0.0,0.0,0.0,2.2,155.0,1.9,9.4,159.0,1010.8,1010.8,2.7,5.2
2024-06-03 13:40:00+02:00,15.4,15.4,14.5,8.7,64.0,20.0,88.0,166.1,1.0,0.0,0.0,0.0,0.0,0.0,2.2,155.0,3.2,6.1,99.0,1010.8,1010.8,2.7,5.2
2024-06-03 13:45:00+02:00,15.2,15.2,14.0,8.6,65.0,20.1,88.0,163.8,1.0,0.0,0.0,0.0,0.0,0.0,2.2,155.0,4.5,13.0,296.0,1010.7,1010.7,2.7,5.2
2024-06-03 13:50:00+02:00,14.7,14.7,13.8,8.5,67.0,20.1,88.0,162.9,1.0,0.0,0.0,0.0,0.0,0.0,2.2,155.0,2.9,10.1,253.0,1010.7,1010.7,2.7,5.2
2024-06-03 13:55:00+02:00,15.0,15.0,14.5,8.7,66.0,20.2,88.0,148.0,1.0,0.0,0.0,0.0,0.0,0.0,2.2,155.0,0.9,6.1,326.0,1010.7,1010.7,2.7,5.2
2024-06-03 14:00:00+02:00,15.1,15.1,14.5,8.6,65.0,20.2,88.0,134.0,1.0,0.0,0.0,0.0,0.0,0.0,2.2,155.0,1.2,5.0,233.0,1010.7,1010.7,2.7,5.2
2024-06-03 14:05:00+02:00,15.3,15.3,14.8,8.9,66.0,20.3,88.0,127.9,1.0,0.0,0.0,0.0,0.0,0.0,2.2,155.0,1.8,5.8,99.0,1010.7,1010.7,2.7,5.2
2024-06-03 14:10:00+02:00,15.2,15.2,14.5,8.8,66.0,20.3,88.0,109.2,1.0,0.0,0.0,0.0,0.0,0.0,2.2,155.0,1.9,5.0,234.0,1010.6,1010.6,2.7,5.2
2024-06-03 14:15:00+02:00,15.0,15.0,14.3,8.9,67.0,20.4,87.0,149.2,1.0,0.0,0.0,0.0,0.0,0.0,2.2,155.0,1.8,5.0,142.0,1010.6,1010.6,2.7,5.2
2024-06-03 14:20:00+02:00,15.0,15.0,14.2,8.9,67.0,20.4,88.0,171.4,1.0,0.0,0.0,0.0,0.0,0.0,2.2,155.0,2.7,5.4,91.0,1010.6,1010.6,2.7,5.2
2024-06-03 14:25:00+02:00,14.9,14.9,14.2,8.8,67.0,20.4,88.0,227.2,2.0,0.0,0.0,0.0,0.0,0.0,2.2,155.0,2.2,5.0,124.0,1010.6,1010.6,2.7,5.2
2024-06-03 14:30:00+02:00,15.1,15.1,14.6,9.0,67.0,20.4,88.0,230.0,2.0,0.0,0.0,0.0,0.0,0.0,2.2,155.0,1.6,4.3,158.0,1010.6,1010.6,2.7,5.2
2024-06-03 14:35:00+02:00,15.6,15.6,15.0,8.8,64.0,20.5,88.0,191.0,1.0,0.0,0.0,0.0,0.0,0.0,2.2,155.0,2.0,6.5,324.0,1010.5,1010.5,2.7,5.2
2024-06-03 14:40:00+02:00,14.8,14.8,14.1,8.6,66.0,20.5,88.0,183.7,1.0,0.0,0.0,0.0,0.0,0.0,2.2,155.0,2.2,6.5,347.0,1010.5,1010.5,2.7,5.2
2024-06-03 14:45:00+02:00,15.2,15.2,14.5,8.8,66.0,20.6,88.0,221.0,2.0,0.0,0.0,0.0,0.0,0.0,2.2,155.0,2.4,7.2,70.0,1010.5,1010.5,2.7,5.2
2024-06-03 14:50:00+02:00,15.2,15.2,14.2,8.9,66.0,20.6,88.0,221.2,2.0,0.0,0.0,0.0,0.0,0.0,2.2,155.0,4.0,7.2,99.0,1010.4,1010.4,2.7,5.2
2024-06-03 15:05:00+02:00,15.4,15.4,14.8,8.9,65.0,20.8,87.0,161.0,1.0,0.0,0.0,0.0,0.0,0.0,2.2,155.0,1.8,6.1,326.0,1010.4,1010.4,2.7,5.2
2024-06-03 15:10:00+02:00,15.5,15.5,14.8,8.8,65.0,20.8,87.0,230.9,2.0,0.0,0.0,0.0,0.0,0.0,2.2,155.0,1.8,6.5,274.0,1010.3,1010.3,2.7,5.2
2024-06-03 15:15:00+02:00,16.0,16.0,15.5,9.0,63.0,20.9,87.0,261.2,2.0,0.0,0.0,0.0,0.0,0.0,2.2,155.0,1.4,4.3,126.0,1010.3,1010.3,2.7,5.2
2024-06-03 15:20:00+02:00,16.0,16.0,14.9,8.9,62.0,20.9,88.0,255.2,2.0,0.0,0.0,0.0,0.0,0.0,2.2,155.0,4.5,9.0,21.0,1010.2,1010.2,2.7,5.2
2024-06-03 15:25:00+02:00,15.6,15.6,14.4,8.8,64.0,21.0,88.0,191.6,1.0,0.0,0.0,0.0,0.0,0.0,2.2,155.0,4.9,10.8,12.0,1010.2,1010.2,2.7,5.2
2024-06-03 15:30:00+02:00,15.4,15.4,14.3,8.8,65.0,21.0,88.0,178.1,1.0,0.0,0.0,0.0,0.0,0.0,2.2,155.0,4.5,8.3,5.0,1010.1,1010.1,2.7,5.2
2024-06-03 15:35:00+02:00,15.2,15.2,14.2,8.5,64.0,21.0,88.0,147.4,1.0,0.0,0.0,0.0,0.0,0.0,2.2,155.0,3.2,10.1,340.0,1010.2,1010.2,2.7,5.2
2024-06-03 15:40:00+02:00,15.3,15.3,14.6,8.5,64.0,21.1,88.0,156.3,1.0,0.0,0.0,0.0,0.0,0.0,2.2,155.0,1.9,5.4,145.0,1010.2,1010.2,2.7,5.2
2024-06-03 15:45:00+02:00,15.9,15.9,15.3,8.9,63.0,21.1,88.0,161.3,1.0,0.0,0.0,0.0,0.0,0.0,2.2,155.0,1.9,5.0,111.0,1010.2,1010.2,2.7,5.2
2024-06-03 15:50:00+02:00,15.7,15.7,15.3,8.8,63.0,21.2,88.0,160.8,1.0,0.0,0.0,0.0,0.0,0.0,2.2,155.0,0.7,5.0,104.0,1010.2,1010.2,2.7,5.2
2024-06-03 15:55:00+02:00,16.3,16.3,15.8,9.4,64.0,21.1,88.0,129.4,1.0,0.0,0.0,0.0,0.0,0.0,2.2,155.0,1.8,2.5,281.0,1010.1,1010.1,2.7,5.2
2024-06-03 16:00:00+02:00,15.9,15.9,14.7,8.9,64.0,21.2,88.0,155.1,1.0,0.0,0.0,0.0,0.0,0.0,2.2,155.0,4.9,7.6,266.0,1010.0,1010.0,2.7,5.2
2024-06-03 16:05:00+02:00,15.9,15.9,15.2,9.1,64.0,21.3,88.0,224.9,2.0,0.0,0.0,0.0,0.0,0.0,2.2,155.0,2.0,4.7,70.0,1010.1,1010.1,2.7,5.2
2024-06-03 16:10:00+02:00,16.2,16.2,15.2,9.2,63.0,21.3,88.0,290.0,2.0,0.0,0.0,0.0,0.0,0.0,2.2,155.0,4.1,8.3,105.0,1009.9,1009.9,2.7,5.2
2024-06-03 16:15:00+02:00,16.5,16.5,15.8,9.1,62.0,21.4,88.0,243.2,2.0,0.0,0.0,0.0,0.0,0.0,2.2,155.0,2.2,8.3,291.0,1009.7,1009.7,2.7,5.2
2024-06-03 16:20:00+02:00,16.7,16.7,16.0,8.9,60.0,21.4,87.0,245.1,2.0,0.0,0.0,0.0,0.0,0.0,2.2,155.0,2.2,6.1,310.0,1009.8,1009.8,2.7,5.2
2024-06-03 16:25:00+02:00,16.4,16.4,15.7,9.1,62.0,21.5,87.0,231.5,2.0,0.0,0.0,0.0,0.0,0.0,2.2,155.0,2.9,8.3,285.0,1009.8,1009.8,2.7,5.2
2024-06-03 16:30:00+02:00,16.7,16.7,16.0,8.8,60.0,21.5,88.0,235.7,2.0,0.0,0.0,0.0,0.0,0.0,2.2,155.0,2.2,6.1,173.0,1009.8,1009.8,2.7,5.2
2024-06-03 16:35:00+02:00,17.3,17.3,16.9,8.9,58.0,21.5,88.0,159.0,1.0,0.0,0.0,0.0,0.0,0.0,2.2,155.0,0.4,3.2,138.0,1009.8,1009.8,2.7,5.2
2024-06-03 16:40:00+02:00,16.8,16.8,15.8,9.2,61.0,21.6,88.0,134.6,1.0,0.0,0.0,0.0,0.0,0.0,2.2,155.0,4.5,10.1,294.0,1009.8,1009.8,2.7,5.2
2024-06-03 16:45:00+02:00,16.3,16.3,15.7,9.0,62.0,21.6,88.0,128.7,1.0,0.0,0.0,0.0,0.0,0.0,2.2,155.0,1.9,8.3,293.0,1009.9,1009.9,2.7,5.2
2024-06-03 16:50:00+02:00,16.5,16.5,15.9,9.0,61.0,21.7,88.0,272.9,2.0,0.0,0.0,0.0,0.0,0.0,2.2,155.0,2.1,6.8,283.0,1009.7,1009.7,2.7,5.2
2024-06-03 16:55:00+02:00,16.8,16.8,16.2,9.0,60.0,21.7,88.0,214.0,1.0,0.0,0.0,0.0,0.0,0.0,2.2,155.0,1.8,4.7,87.0,1009.8,1009.8,2.7,5.2
2024-06-03 17:00:00+02:00,16.9,16.9,16.1,9.3,61.0,21.8,88.0,220.2,2.0,0.0,0.0,0.0,0.0,0.0,2.2,155.0,3.2,6.1,119.0,1009.6,1009.6,2.7,5.2
2024-06-03 17:05:00+02:00,17.1,17.1,16.8,9.5,61.0,21.8,88.0,207.6,1.0,0.0,0.0,0.0,0.0,0.0,2.2,155.0,1.0,4.3,285.0,1009.7,1009.7,2.7,5.2
2024-06-03 17:10:00+02:00,17.4,17.4,16.8,9.6,60.0,21.8,88.0,220.0,2.0,0.0,0.0,0.0,0.0,0.0,2.2,155.0,3.0,7.2,113.0,1009.7,1009.7,2.7,5.2
2024-06-03 17:15:00+02:00,16.6,16.6,15.8,9.5,63.0,21.8,88.0,200.6,1.0,0.0,0.0,0.0,0.0,0.0,2.2,155.0,4.0,7.2,143.0,1009.6,1009.6,2.7,5.2
2024-06-03 17:20:00+02:00,16.8,16.8,16.1,9.6,63.0,21.9,88.0,132.9,1.0,0.0,0.0,0.0,0.0,0.0,2.2,155.0,3.0,7.2,186.0,1009.6,1009.6,2.7,5.2
2024-06-03 17:25:00+02:00,16.8,16.8,16.3,9.4,62.0,21.9,88.0,111.7,1.0,0.0,0.0,0.0,0.0,0.0,2.2,155.0,2.0,4.7,136.0,1009.6,1009.6,2.7,5.2
2024-06-03 17:30:00+02:00,16.6,16.6,16.1,9.5,63.0,22.0,88.0,110.8,1.0,0.0,0.0,0.0,0.0,0.0,2.2,155.0,2.2,5.4,349.0,1009.6,1009.6,2.7,5.2
2024-06-03 17:35:00+02:00,16.5,16.5,16.1,9.4,63.0,22.0,87.0,110.9,1.0,0.0,0.0,0.0,0.0,0.0,2.2,155.0,1.6,5.8,297.0,1009.5,1009.5,2.7,5.2
2024-06-03 17:40:00+02:00,16.6,16.6,16.3,9.4,62.0,22.0,87.0,107.1,0.0,0.0,0.0,0.0,0.0,0.0,2.2,155.0,1.3,5.8,267.0,1009.5,1009.5,2.7,5.2
2024-06-03 17:45:00+02:00,16.8,16.8,16.5,9.8,63.0,22.0,88.0,101.3,0.0,0.0,0.0,0.0,0.0,0.0,2.2,155.0,1.5,4.7,324.0,1009.5,1009.5,2.7,5.2
2024-06-03 17:50:00+02:00,16.6,16.6,16.1,9.4,62.0,22.0,87.0,90.4,0.0,0.0,0.0,0.0,0.0,0.0,2.2,155.0,1.9,4.7,247.0,1009.5,1009.5,2.7,5.2
2024-06-03 17:55:00+02:00,16.5,16.5,16.3,9.5,63.0,22.1,87.0,73.0,0.0,0.0,0.0,0.0,0.0,0.0,2.2,155.0,0.9,3.6,343.0,1009.4,1009.4,2.7,5.2
2024-06-03 18:00:00+02:00,16.2,16.2,15.5,9.7,65.0,22.1,88.0,60.4,0.0,0.0,0.0,0.0,0.0,0.0,2.2,155.0,3.7,5.8,305.0,1009.4,1009.4,2.7,5.2
2024-06-03 18:05:00+02:00,16.0,16.0,15.4,9.7,66.0,22.1,87.0,61.0,0.0,0.0,0.0,0.0,0.0,0.0,2.2,155.0,2.6,6.5,317.0,1009.4,1009.4,2.7,5.2
2024-06-03 18:10:00+02:00,16.0,16.0,15.6,9.5,65.0,22.2,87.0,56.8,0.0,0.0,0.0,0.0,0.0,0.0,2.2,155.0,1.6,11.2,218.0,1009.5,1009.5,2.7,5.2
2024-06-03 18:15:00+02:00,16.0,16.0,15.7,9.5,65.0,22.1,87.0,45.4,0.0,0.0,0.0,0.0,0.0,0.0,2.2,155.0,1.4,5.0,269.0,1009.5,1009.5,2.7,5.2
2024-06-03 18:20:00+02:00,15.9,15.9,15.4,9.8,67.0,22.1,87.0,57.7,0.0,0.0,0.0,0.0,0.0,0.0,2.2,155.0,2.6,6.5,259.0,1009.4,1009.4,2.7,5.2
2024-06-03 18:25:00+02:00,15.8,15.8,15.4,9.8,67.0,22.1,87.0,68.6,0.0,0.0,0.0,0.0,0.0,0.0,2.2,155.0,1.9,6.5,304.0,1009.5,1009.5,2.7,5.2
2024-06-03 18:30:00+02:00,16.0,16.0,15.7,10.0,68.0,22.1,87.0,81.8,0.0,0.0,0.0,0.0,0.0,0.0,2.2,155.0,1.5,6.5,202.0,1009.4,1009.4,2.7,5.2
2024-06-03 18:35:00+02:00,16.0,16.0,15.4,9.8,67.0,22.0,87.0,82.6,0.0,0.0,0.0,0.0,0.0,0.0,2.2,155.0,3.0,6.8,204.0,1009.3,1009.3,2.7,5.2
2024-06-03 18:40:00+02:00,16.0,16.0,15.5,10.0,68.0,22.0,87.0,76.7,0.0,0.0,0.0,0.0,0.0,0.0,2.2,155.0,2.6,6.1,313.0,1009.4,1009.4,2.7,5.2
2024-06-03 18:45:00+02:00,16.0,16.0,15.8,9.8,67.0,22.0,87.0,69.7,0.0,0.0,0.0,0.0,0.0,0.0,2.2,155.0,1.2,4.7,107.0,1009.3,1009.3,2.7,5.2
2024-06-03 18:50:00+02:00,16.1,16.1,15.8,10.2,68.0,22.0,87.0,74.3,0.0,0.0,0.0,0.0,0.0,0.0,2.2,155.0,2.0,5.0,112.0,1009.2,1009.2,2.7,5.2
2024-06-03 18:55:00+02:00,15.9,15.9,15.8,10.1,68.0,22.0,87.0,71.5,0.0,0.0,0.0,0.0,0.0,0.0,2.2,155.0,1.0,4.7,324.0,1009.4,1009.4,2.7,5.2
2024-06-03 19:00:00+02:00,16.0,16.0,15.7,10.0,67.0,22.0,87.0,67.4,0.0,0.0,0.0,0.0,0.0,0.0,2.2,155.0,1.9,4.0,140.0,1009.3,1009.3,2.7,5.2
2024-06-03 19:05:00+02:00,16.1,16.1,16.1,10.1,67.0,22.0,87.0,74.0,0.0,0.0,0.0,0.0,0.0,0.0,2.2,155.0,0.5,5.4,304.0,1009.4,1009.4,2.7,5.2
2024-06-03 19:10:00+02:00,15.9,15.9,15.8,10.0,68.0,22.0,86.0,74.3,0.0,0.0,0.0,0.0,0.0,0.0,2.2,155.0,0.9,6.1,222.0,1009.2,1009.2,2.7,5.2
2024-06-03 19:15:00+02:00,16.0,16.0,15.6,10.1,68.0,22.0,87.0,68.6,0.0,0.0,0.0,0.0,0.0,0.0,2.2,155.0,2.4,8.3,317.0,1009.2,1009.2,2.7,5.2
2024-06-03 19:20:00+02:00,15.8,15.8,15.5,10.0,68.0,22.0,86.0,52.6,0.0,0.0,0.0,0.0,0.0,0.0,2.2,155.0,1.9,8.3,307.0,1009.3,1009.3,2.7,5.2
2024-06-03 19:25:00+02:00,15.8,15.8,15.6,10.0,68.0,21.9,86.0,46.6,0.0,0.0,0.0,0.0,0.0,0.0,2.2,155.0,1.7,4.3,213.0,1009.3,1009.3,2.7,5.2
2024-06-03 19:30:00+02:00,16.0,16.0,15.9,10.0,67.0,21.9,86.0,41.0,0.0,0.0,0.0,0.0,0.0,0.0,2.2,155.0,0.4,3.2,170.0,1009.2,1009.2,2.7,5.2
2024-06-03 19:35:00+02:00,16.0,16.0,15.8,10.3,69.0,21.9,86.0,38.3,0.0,0.0,0.0,0.0,0.0,0.0,2.2,155.0,1.7,3.2,111.0,1009.3,1009.3,2.7,5.2
2024-06-03 19:40:00+02:00,15.9,15.9,15.9,10.1,68.0,21.9,86.0,35.1,0.0,0.0,0.0,0.0,0.0,0.0,2.2,155.0,0.4,2.9,130.0,1009.2,1009.2,2.7,5.2
2024-06-03 19:45:00+02:00,15.9,15.9,15.9,10.3,70.0,21.9,86.0,34.8,0.0,0.0,0.0,0.0,0.0,0.0,2.2,155.0,0.5,2.9,46.0,1009.1,1009.1,2.7,5.2
2024-06-03 19:50:00+02:00,15.8,15.8,15.6,10.1,69.0,21.9,86.0,31.2,0.0,0.0,0.0,0.0,0.0,0.0,2.2,155.0,1.7,4.0,312.0,1009.0,1009.0,2.7,5.2
2024-06-03 19:55:00+02:00,15.6,15.6,15.2,10.1,70.0,21.9,86.0,28.6,0.0,0.0,0.0,0.0,0.0,0.0,2.2,155.0,2.5,5.0,302.0,1009.1,1009.1,2.7,5.2
2024-06-03 20:00:00+02:00,15.5,15.5,15.0,10.0,70.0,21.8,86.0,24.0,0.0,0.0,0.0,0.0,0.0,0.0,2.2,155.0,3.0,5.4,305.0,1009.0,1009.0,2.7,5.2
2024-06-03 20:05:00+02:00,15.5,15.5,15.2,10.1,70.0,21.8,86.0,20.5,0.0,0.0,0.0,0.0,0.0,0.0,2.2,155.0,1.6,4.3,311.0,1009.0,1009.0,2.7,5.2
2024-06-03 20:10:00+02:00,15.6,15.6,15.6,10.2,70.0,21.7,86.0,17.7,0.0,0.0,0.0,0.0,0.0,0.0,2.2,155.0,0.4,3.2,56.0,1009.1,1009.1,2.7,5.2
2024-06-03 20:15:00+02:00,15.5,15.5,15.6,10.4,72.0,21.7,86.0,14.3,0.0,0.0,0.0,0.0,0.0,0.0,2.2,155.0,0.0,2.2,129.0,1009.0,1009.0,2.7,5.2
2024-06-03 20:20:00+02:00,15.5,15.5,15.5,10.2,71.0,21.6,86.0,10.7,0.0,0.0,0.0,0.0,0.0,0.0,2.2,155.0,0.4,4.3,30.0,1008.9,1008.9,2.7,5.2
2024-06-03 20:25:00+02:00,15.4,15.4,15.4,10.1,71.0,21.6,86.0,8.8,0.0,0.0,0.0,0.0,0.0,0.0,2.2,155.0,0.4,2.9,158.0,1009.0,1009.0,2.7,5.2
2024-06-03 20:30:00+02:00,15.3,15.3,15.0,10.0,70.0,21.6,86.0,9.4,0.0,0.0,0.0,0.0,0.0,0.0,2.2,155.0,2.2,3.6,137.0,1009.0,1009.0,2.7,5.2
2024-06-03 20:35:00+02:00,15.3,15.3,15.1,9.9,70.0,21.6,86.0,11.6,0.0,0.0,0.0,0.0,0.0,0.0,2.2,155.0,1.4,3.6,105.0,1009.0,1009.0,2.7,5.2
2024-06-03 20:40:00+02:00,15.3,15.3,14.9,10.0,71.0,21.5,86.0,12.6,0.0,0.0,0.0,0.0,0.0,0.0,2.2,155.0,2.4,5.8,120.0,1009.0,1009.0,2.7,5.2
2024-06-03 20:45:00+02:00,15.3,15.3,14.9,9.9,71.0,21.5,85.0,11.5,0.0,0.0,0.0,0.0,0.0,0.0,2.2,155.0,2.2,5.8,326.0,1009.0,1009.0,2.7,5.2
2024-06-03 20:50:00+02:00,15.3,15.3,15.1,10.1,71.0,21.4,86.0,8.1,0.0,0.0,0.0,0.0,0.0,0.0,2.2,155.0,1.2,3.6,348.0,1008.9,1008.9,2.7,5.2
2024-06-03 20:55:00+02:00,15.2,15.2,15.1,10.1,72.0,21.4,86.0,5.7,0.0,0.0,0.0,0.0,0.0,0.0,2.2,155.0,1.1,3.2,352.0,1009.0,1009.0,2.7,5.2
2024-06-03 21:00:00+02:00,15.2,15.2,15.3,10.1,72.0,21.4,85.0,5.1,0.0,0.0,0.0,0.0,0.0,0.0,2.2,155.0,0.0,3.2,330.0,1008.9,1008.9,2.7,5.2
2024-06-03 21:05:00+02:00,15.2,15.2,15.3,10.2,72.0,21.3,85.0,5.0,0.0,0.0,0.0,0.0,0.0,0.0,2.2,155.0,0.0,2.5,92.0,1008.9,1008.9,2.7,5.2
2024-06-03 21:10:00+02:00,15.2,15.2,15.2,10.3,73.0,21.3,85.0,3.4,0.0,0.0,0.0,0.0,0.0,0.0,2.2,155.0,0.4,2.5,121.0,1008.8,1008.8,2.7,5.2
2024-06-03 21:15:00+02:00,15.1,15.1,15.1,10.4,73.0,21.3,85.0,3.3,0.0,0.0,0.0,0.0,0.0,0.0,2.2,155.0,0.9,2.5,124.0,1008.7,1008.7,2.7,5.2
2024-06-03 21:20:00+02:00,15.1,15.1,15.0,10.3,73.0,21.2,85.0,3.2,0.0,0.0,0.0,0.0,0.0,0.0,2.2,155.0,0.7,2.5,83.0,1008.8,1008.8,2.7,5.2
2024-06-03 21:25:00+02:00,15.0,15.0,15.0,10.1,73.0,21.2,85.0,2.5,0.0,0.0,0.0,0.0,0.0,0.0,2.2,155.0,0.4,2.5,121.0,1008.9,1008.9,2.7,5.2
2024-06-03 21:30:00+02:00,15.0,15.0,15.1,10.1,73.0,21.1,85.0,1.9,0.0,0.0,0.0,0.0,0.0,0.0,2.2,155.0,0.0,2.5,114.0,1008.9,1008.9,2.7,5.2
2024-06-03 21:35:00+02:00,15.0,15.0,15.2,10.5,74.0,21.1,85.0,1.3,0.0,0.0,0.0,0.0,0.0,0.0,2.2,155.0,0.0,2.2,136.0,1008.9,1008.9,2.7,5.1
2024-06-03 21:40:00+02:00,14.9,14.9,15.1,10.7,76.0,21.1,86.0,0.8,0.0,0.0,0.0,0.0,0.0,0.0,2.2,155.0,0.0,2.5,134.0,1009.0,1009.0,2.7,5.1
2024-06-03 21:45:00+02:00,14.8,14.8,14.7,10.5,76.0,21.0,86.0,0.6,0.0,0.0,0.0,0.0,0.0,0.0,2.2,155.0,1.2,3.6,112.0,1009.0,1009.0,2.7,5.1
2024-06-03 21:50:00+02:00,14.8,14.8,14.9,10.6,76.0,21.0,85.0,0.3,0.0,0.0,0.0,0.0,0.0,0.0,2.2,155.0,0.5,2.5,117.0,1008.8,1008.8,2.7,5.1
2024-06-03 21:55:00+02:00,14.7,14.7,14.8,10.8,78.0,21.0,85.0,0.2,0.0,0.0,0.0,0.0,0.0,0.0,2.2,155.0,0.4,2.5,112.0,1008.9,1008.9,2.7,5.1
2024-06-03 22:00:00+02:00,14.6,14.6,14.8,10.9,78.0,21.0,85.0,0.1,0.0,0.0,0.0,0.0,0.0,0.0,2.2,155.0,0.0,2.2,115.0,1008.8,1008.8,2.7,5.1
2024-06-03 22:05:00+02:00,14.5,14.5,14.6,10.9,79.0,20.9,85.0,0.1,0.0,0.0,0.0,0.0,0.0,0.0,2.2,155.0,1.2,2.5,111.0,1008.9,1008.9,2.7,5.1
2024-06-03 22:10:00+02:00,14.4,14.4,14.7,10.9,80.0,20.8,85.0,0.0,0.0,0.0,0.0,0.0,0.0,0.0,2.2,155.0,0.0,2.5,97.0,1008.9,1008.9,2.7,5.1
2024-06-03 22:15:00+02:00,14.4,14.4,14.4,10.7,79.0,20.8,85.0,0.0,0.0,0.0,0.0,0.0,0.0,0.0,2.2,155.0,1.2,2.9,116.0,1008.8,1008.8,2.7,5.1
2024-06-03 22:20:00+02:00,14.4,14.4,14.3,10.8,79.0,20.8,85.0,0.0,0.0,0.0,0.0,0.0,0.0,0.0,2.2,155.0,1.9,2.9,105.0,1008.8,1008.8,2.7,5.1
2024-06-03 22:25:00+02:00,14.3,14.3,14.4,10.6,79.0,20.7,85.0,0.0,0.0,0.0,0.0,0.0,0.0,0.0,2.2,155.0,0.9,2.9,106.0,1008.8,1008.8,2.7,5.1
2024-06-03 22:30:00+02:00,14.2,14.2,14.5,10.7,79.0,20.7,85.0,0.0,0.0,0.0,0.0,0.0,0.0,0.0,2.2,155.0,0.0,2.5,117.0,1008.7,1008.7,2.7,5.1
2024-06-03 22:35:00+02:00,14.2,14.2,14.4,10.6,79.0,20.7,85.0,0.0,0.0,0.0,0.0,0.0,0.0,0.0,2.2,155.0,0.0,1.8,117.0,1008.7,1008.7,2.7,5.1
2024-06-03 22:40:00+02:00,14.2,14.2,14.3,10.4,78.0,20.6,85.0,0.0,0.0,0.0,0.0,0.0,0.0,0.0,2.2,155.0,0.4,2.2,83.0,1008.7,1008.7,2.7,5.1
2024-06-03 22:45:00+02:00,14.2,14.2,14.0,10.6,79.0,20.6,85.0,0.0,0.0,0.0,0.0,0.0,0.0,0.0,2.2,155.0,2.1,3.2,114.0,1008.8,1008.8,2.7,5.1
2024-06-03 22:50:00+02:00,14.2,14.2,14.2,11.0,81.0,20.6,85.0,0.0,0.0,0.0,0.0,0.0,0.0,0.0,2.2,155.0,1.4,3.2,112.0,1008.8,1008.8,2.7,5.1
2024-06-03 22:55:00+02:00,14.1,14.1,14.1,10.8,81.0,20.5,85.0,0.0,0.0,0.0,0.0,0.0,0.0,0.0,2.2,155.0,1.4,2.5,99.0,1008.8,1008.8,2.7,5.1
2024-06-03 23:00:00+02:00,14.1,14.1,14.0,10.9,81.0,20.5,85.0,0.0,0.0,0.0,0.0,0.0,0.0,0.0,2.2,155.0,1.9,2.9,111.0,1008.8,1008.8,2.7,5.1
2024-06-03 23:05:00+02:00,14.0,14.0,14.0,11.0,82.0,20.4,85.0,0.0,0.0,0.0,0.0,0.0,0.0,0.0,2.2,155.0,1.6,2.9,108.0,1008.7,1008.7,2.7,5.1
2024-06-03 23:10:00+02:00,14.0,14.0,14.0,11.2,83.0,20.4,85.0,0.0,0.0,0.0,0.0,0.0,0.0,0.0,2.2,155.0,1.8,3.6,103.0,1008.7,1008.7,2.7,5.1
2024-06-03 23:15:00+02:00,14.0,14.0,13.9,11.1,83.0,20.4,85.0,0.0,0.0,0.0,0.0,0.0,0.0,0.0,2.2,155.0,1.9,3.6,113.0,1008.6,1008.6,2.7,5.1
2024-06-03 23:20:00+02:00,13.9,13.9,13.9,11.3,84.0,20.4,85.0,0.0,0.0,0.0,0.0,0.0,0.0,0.0,2.2,155.0,2.2,3.2,109.0,1008.7,1008.7,2.7,5.1
2024-06-03 23:25:00+02:00,13.8,13.8,13.9,11.1,84.0,20.3,85.0,0.0,0.0,0.0,0.0,0.0,0.0,0.0,2.2,155.0,1.9,2.9,115.0,1008.7,1008.7,2.7,5.0
2024-06-03 23:30:00+02:00,13.9,13.9,13.9,11.3,84.0,20.3,85.0,0.0,0.0,0.0,0.0,0.0,0.0,0.0,2.2,155.0,1.9,3.6,106.0,1008.7,1008.7,2.7,5.0
2024-06-03 23:35:00+02:00,13.8,13.8,14.0,11.1,84.0,20.3,85.0,0.0,0.0,0.0,0.0,0.0,0.0,0.0,2.2,155.0,0.8,2.9,112.0,1008.5,1008.5,2.7,5.0
2024-06-03 23:40:00+02:00,13.8,13.8,13.7,10.9,83.0,20.2,85.0,0.0,0.0,0.0,0.0,0.0,0.0,0.0,2.2,155.0,2.2,2.5,114.0,1008.6,1008.6,2.7,5.0
2024-06-03 23:45:00+02:00,13.9,13.9,14.0,11.1,83.0,20.2,85.0,0.0,0.0,0.0,0.0,0.0,0.0,0.0,2.2,155.0,1.5,2.9,112.0,1008.6,1008.6,2.7,5.0
2024-06-03 23:50:00+02:00,13.9,13.9,13.8,11.0,83.0,20.2,85.0,0.0,0.0,0.0,0.0,0.0,0.0,0.0,2.2,155.0,2.1,2.9,109.0,1008.5,1008.5,2.7,5.0
2024-06-03 23:55:00+02:00,14.0,14.0,14.1,11.2,83.0,20.2,85.0,0.0,0.0,0.0,0.0,0.0,0.0,0.0,2.2,155.0,1.6,2.9,103.0,1008.5,1008.5,2.7,5.0
2024-06-04 00:00:00+02:00,14.0,14.0,13.9,11.2,83.0,20.1,85.0,0.0,0.0,0.0,0.0,0.0,0.0,0.0,2.2,155.0,2.4,3.6,105.0,1008.4,1008.4,2.7,5.0
2024-06-04 00:05:00+02:00,14.0,14.0,13.9,11.2,83.0,20.1,85.0,0.0,0.0,0.0,0.0,0.0,0.0,0.0,2.2,155.0,2.2,3.2,105.0,1008.5,1008.5,2.7,5.0
2024-06-04 00:10:00+02:00,13.9,13.9,14.2,11.0,83.0,20.0,85.0,0.0,0.0,0.0,0.0,0.0,0.0,0.0,2.2,155.0,0.4,2.9,119.0,1008.4,1008.4,2.7,5.0
2024-06-04 00:15:00+02:00,13.9,13.9,14.2,11.1,83.0,20.0,85.0,0.0,0.0,0.0,0.0,0.0,0.0,0.0,2.2,155.0,0.0,2.5,99.0,1008.4,1008.4,2.7,5.0
2024-06-04 00:20:00+02:00,13.9,13.9,14.2,11.0,83.0,20.0,85.0,0.0,0.0,0.0,0.0,0.0,0.0,0.0,2.2,155.0,0.0,2.5,108.0,1008.4,1008.4,2.7,5.0
2024-06-04 00:25:00+02:00,13.9,13.9,14.1,11.0,82.0,20.0,85.0,0.0,0.0,0.0,0.0,0.0,0.0,0.0,2.2,155.0,0.4,2.5,121.0,1008.4,1008.4,2.7,5.0
2024-06-04 00:30:00+02:00,13.9,13.9,14.0,11.1,83.0,19.9,85.0,0.0,0.0,0.0,0.0,0.0,0.0,0.0,2.2,155.0,1.1,2.5,111.0,1008.4,1008.4,2.7,5.0
2024-06-04 00:35:00+02:00,13.9,13.9,14.2,11.0,83.0,19.9,85.0,0.0,0.0,0.0,0.0,0.0,0.0,0.0,2.2,155.0,0.0,2.5,96.0,1008.5,1008.5,2.7,5.0
2024-06-04 00:40:00+02:00,13.9,13.9,14.2,11.2,84.0,19.9,85.0,0.0,0.0,0.0,0.0,0.0,0.0,0.0,2.2,155.0,0.4,2.5,95.0,1008.4,1008.4,2.7,5.0
2024-06-04 00:45:00+02:00,13.9,13.9,14.0,11.2,84.0,19.8,85.0,0.0,0.0,0.0,0.0,0.0,0.0,0.0,2.2,155.0,1.5,2.9,107.0,1008.2,1008.2,2.7,5.0
2024-06-04 00:50:00+02:00,13.8,13.8,13.9,11.0,83.0,19.8,85.0,0.0,0.0,0.0,0.0,0.0,0.0,0.0,2.2,155.0,1.4,3.2,100.0,1008.2,1008.2,2.7,5.0
2024-06-04 00:55:00+02:00,13.8,13.8,14.1,11.1,83.0,19.8,85.0,0.0,0.0,0.0,0.0,0.0,0.0,0.0,2.2,155.0,0.4,2.5,111.0,1008.2,1008.2,2.7,5.0
2024-06-04 01:00:00+02:00,13.8,13.8,14.3,11.4,85.0,19.7,85.0,0.0,0.0,0.0,0.0,0.0,0.0,0.0,2.2,155.0,0.0,2.5,110.0,1008.2,1008.2,2.7,5.0
2024-06-04 01:05:00+02:00,13.7,13.7,14.0,11.2,85.0,19.7,85.0,0.0,0.0,0.0,0.0,0.0,0.0,0.0,2.2,155.0,0.7,2.2,124.0,1008.1,1008.1,2.7,5.0
2024-06-04 01:10:00+02:00,13.7,13.7,14.1,11.2,85.0,19.7,85.0,0.0,0.0,0.0,0.0,0.0,0.0,0.0,2.2,155.0,0.0,1.8,116.0,1008.1,1008.1,2.7,5.0
2024-06-04 01:15:00+02:00,13.8,13.8,14.1,11.0,83.0,19.7,85.0,0.0,0.0,0.0,0.0,0.0,0.0,0.0,2.2,155.0,0.0,1.8,92.0,1008.1,1008.1,2.7,4.9
2024-06-04 01:20:00+02:00,13.8,13.8,14.1,10.8,82.0,19.6,85.0,0.0,0.0,0.0,0.0,0.0,0.0,0.0,2.2,155.0,0.0,0.0,315.0,1008.1,1008.1,2.7,4.9
2024-06-04 01:25:00+02:00,13.9,13.9,14.2,10.9,82.0,19.6,85.0,0.0,0.0,0.0,0.0,0.0,0.0,0.0,2.2,155.0,0.0,1.8,77.0,1008.1,1008.1,2.7,4.9
2024-06-04 01:30:00+02:00,13.8,13.8,14.0,10.9,83.0,19.6,85.0,0.0,0.0,0.0,0.0,0.0,0.0,0.0,2.2,155.0,0.4,2.2,111.0,1008.1,1008.1,2.7,4.9
2024-06-04 01:35:00+02:00,13.8,13.8,13.9,11.3,85.0,19.6,85.0,0.0,0.0,0.0,0.0,0.0,0.0,0.0,2.2,155.0,1.9,3.2,113.0,1008.2,1008.2,2.7,4.9
2024-06-04 01:40:00+02:00,13.8,13.8,13.9,11.2,85.0,19.6,85.0,0.0,0.0,0.0,0.0,0.0,0.0,0.0,2.2,155.0,1.6,2.9,110.0,1008.2,1008.2,2.7,4.9
2024-06-04 01:45:00+02:00,13.7,13.7,13.7,11.2,85.0,19.5,85.0,0.0,0.0,0.0,0.0,0.0,0.0,0.0,2.2,155.0,1.9,3.2,116.0,1008.1,1008.1,2.7,4.9
2024-06-04 01:50:00+02:00,13.7,13.7,13.9,11.4,86.0,19.4,85.0,0.0,0.0,0.0,0.0,0.0,0.0,0.0,2.2,155.0,1.3,3.6,118.0,1008.0,1008.0,2.7,4.9
2024-06-04 01:55:00+02:00,13.7,13.7,13.8,11.1,84.0,19.4,85.0,0.0,0.0,0.0,0.0,0.0,0.0,0.0,2.2,155.0,1.2,2.5,112.0,1008.1,1008.1,2.7,4.9
2024-06-04 02:00:00+02:00,13.7,13.7,13.9,10.9,83.0,19.4,85.0,0.0,0.0,0.0,0.0,0.0,0.0,0.0,2.2,155.0,0.5,2.9,109.0,1008.1,1008.1,2.7,4.9
2024-06-04 02:05:00+02:00,13.7,13.7,14.0,11.0,83.0,19.4,85.0,0.0,0.0,0.0,0.0,0.0,0.0,0.0,2.2,155.0,0.0,1.8,101.0,1008.0,1008.0,2.7,4.9
2024-06-04 02:10:00+02:00,13.7,13.7,13.8,11.1,84.0,19.4,85.0,0.0,0.0,0.0,0.0,0.0,0.0,0.0,2.2,155.0,1.4,3.2,109.0,1008.0,1008.0,2.7,4.9
2024-06-04 02:15:00+02:00,13.7,13.7,13.7,11.2,85.0,19.4,85.0,0.0,0.0,0.0,0.0,0.0,0.0,0.0,2.2,155.0,2.3,3.6,107.0,1007.9,1007.9,2.7,4.9
2024-06-04 02:20:00+02:00,13.7,13.7,13.7,11.3,85.0,19.4,85.0,0.0,0.0,0.0,0.0,0.0,0.0,0.0,2.2,155.0,1.7,3.2,113.0,1007.9,1007.9,2.7,4.9
2024-06-04 02:25:00+02:00,13.6,13.6,13.7,11.2,85.0,19.3,85.0,0.0,0.0,0.0,0.0,0.0,0.0,0.0,2.2,155.0,1.2,2.5,110.0,1007.8,1007.8,2.7,4.9
2024-06-04 02:30:00+02:00,13.7,13.7,14.0,11.4,86.0,19.3,85.0,0.0,0.0,0.0,0.0,0.0,0.0,0.0,2.2,155.0,0.5,2.5,125.0,1007.8,1007.8,2.7,4.9
2024-06-04 02:35:00+02:00,13.6,13.6,13.6,11.1,85.0,19.3,85.0,0.0,0.0,0.0,0.0,0.0,0.0,0.0,2.2,155.0,1.9,3.2,114.0,1007.9,1007.9,2.7,4.9
2024-06-04 02:40:00+02:00,13.6,13.6,13.5,11.2,85.0,19.3,85.0,0.0,0.0,0.0,0.0,0.0,0.0,0.0,2.2,155.0,2.3,4.0,114.0,1007.7,1007.7,2.7,4.9
2024-06-04 02:45:00+02:00,13.7,13.7,13.4,10.9,83.0,19.3,85.0,0.0,0.0,0.0,0.0,0.0,0.0,0.0,2.2,155.0,2.7,3.6,108.0,1007.7,1007.7,2.7,4.9
2024-06-04 02:50:00+02:00,13.8,13.8,13.5,10.8,82.0,19.2,85.0,0.0,0.0,0.0,0.0,0.0,0.0,0.0,2.2,155.0,3.2,5.4,123.0,1007.6,1007.6,2.7,4.9
2024-06-04 02:55:00+02:00,13.8,13.8,13.8,11.1,84.0,19.2,85.0,0.0,0.0,0.0,0.0,0.0,0.0,0.0,2.2,155.0,2.3,4.0,115.0,1007.6,1007.6,2.7,4.9
2024-06-04 03:00:00+02:00,13.8,13.8,13.6,10.9,83.0,19.2,85.0,0.0,0.0,0.0,0.0,0.0,0.0,0.0,2.2,155.0,2.6,4.3,110.0,1007.7,1007.7,2.7,4.9
2024-06-04 03:05:00+02:00,13.8,13.8,13.8,10.9,82.0,19.2,85.0,0.0,0.0,0.0,0.0,0.0,0.0,0.0,2.2,155.0,1.9,4.3,113.0,1007.6,1007.6,2.7,4.8
2024-06-04 03:10:00+02:00,13.8,13.8,13.5,10.8,82.0,19.1,85.0,0.0,0.0,0.0,0.0,0.0,0.0,0.0,2.2,155.0,2.9,4.3,115.0,1007.6,1007.6,2.7,4.8
2024-06-04 03:15:00+02:00,13.8,13.8,13.9,10.7,81.0,19.1,85.0,0.0,0.0,0.0,0.0,0.0,0.0,0.0,2.2,155.0,1.2,3.2,112.0,1007.7,1007.7,2.7,4.8
2024-06-04 03:20:00+02:00,13.8,13.8,13.9,10.6,81.0,19.1,85.0,0.0,0.0,0.0,0.0,0.0,0.0,0.0,2.2,155.0,0.5,2.5,114.0,1007.5,1007.5,2.7,4.8
2024-06-04 03:25:00+02:00,13.8,13.8,13.9,10.8,82.0,19.0,85.0,0.0,0.0,0.0,0.0,0.0,0.0,0.0,2.2,155.0,0.7,3.6,101.0,1007.6,1007.6,2.7,4.8
2024-06-04 03:30:00+02:00,13.8,13.8,13.8,10.7,82.0,19.0,85.0,0.0,0.0,0.0,0.0,0.0,0.0,0.0,2.2,155.0,1.2,3.2,107.0,1007.6,1007.6,2.7,4.8
2024-06-04 03:35:00+02:00,13.8,13.8,13.4,10.6,81.0,19.0,85.0,0.0,0.0,0.0,0.0,0.0,0.0,0.0,2.2,155.0,3.2,4.7,107.0,1007.5,1007.5,2.7,4.8
2024-06-04 03:40:00+02:00,13.8,13.8,13.5,10.6,81.0,19.0,85.0,0.0,0.0,0.0,0.0,0.0,0.0,0.0,2.2,155.0,2.8,4.7,117.0,1007.5,1007.5,2.7,4.8
2024-06-04 03:45:00+02:00,13.8,13.8,13.7,10.6,81.0,19.0,85.0,0.0,0.0,0.0,0.0,0.0,0.0,0.0,2.2,155.0,1.9,4.0,111.0,1007.4,1007.4,2.7,4.8
2024-06-04 03:50:00+02:00,13.7,13.7,13.7,10.7,82.0,19.0,85.0,0.0,0.0,0.0,0.0,0.0,0.0,0.0,2.2,155.0,1.2,2.9,113.0,1007.4,1007.4,2.7,4.8
2024-06-04 03:55:00+02:00,13.5,13.5,13.5,10.7,83.0,19.0,85.0,0.0,0.0,0.0,0.0,0.0,0.0,0.0,2.2,155.0,1.5,2.9,117.0,1007.4,1007.4,2.7,4.8
2024-06-04 04:00:00+02:00,13.5,13.5,13.2,10.6,83.0,19.0,85.0,0.0,0.0,0.0,0.0,0.0,0.0,0.0,2.2,155.0,2.4,5.0,113.0,1007.3,1007.3,2.7,4.8
2024-06-04 04:05:00+02:00,13.6,13.6,13.3,10.6,82.0,18.9,85.0,0.0,0.0,0.0,0.0,0.0,0.0,0.0,2.2,155.0,2.6,4.0,119.0,1007.3,1007.3,2.7,4.8
2024-06-04 04:10:00+02:00,13.6,13.6,13.4,10.6,82.0,18.9,85.0,0.0,0.0,0.0,0.0,0.0,0.0,0.0,2.2,155.0,2.2,4.0,121.0,1007.3,1007.3,2.7,4.8
2024-06-04 04:15:00+02:00,13.6,13.6,13.3,10.6,82.0,18.9,85.0,0.0,0.0,0.0,0.0,0.0,0.0,0.0,2.2,155.0,2.4,4.0,122.0,1007.3,1007.3,2.7,4.8
2024-06-04 04:20:00+02:00,13.7,13.7,13.5,10.6,82.0,18.9,85.0,0.0,0.0,0.0,0.0,0.0,0.0,0.0,2.2,155.0,1.7,3.6,121.0,1007.1,1007.1,2.7,4.8
2024-06-04 04:25:00+02:00,13.7,13.7,13.5,10.7,82.0,18.9,85.0,0.0,0.0,0.0,0.0,0.0,0.0,0.0,2.2,155.0,2.1,3.2,109.0,1007.1,1007.1,2.7,4.8
2024-06-04 04:30:00+02:00,13.7,13.7,13.3,10.5,81.0,18.8,85.0,0.0,0.0,0.0,0.0,0.0,0.0,0.0,2.2,155.0,2.8,5.0,118.0,1007.1,1007.1,2.7,4.8
2024-06-04 04:35:00+02:00,13.8,13.8,13.3,10.4,80.0,18.8,85.0,0.0,0.0,0.0,0.0,0.0,0.0,0.0,2.2,155.0,3.2,5.0,112.0,1007.2,1007.2,2.7,4.8
2024-06-04 04:40:00+02:00,13.8,13.8,13.5,10.5,81.0,18.8,85.0,0.0,0.0,0.0,0.0,0.0,0.0,0.0,2.2,155.0,2.7,6.5,104.0,1007.2,1007.2,2.7,4.8
2024-06-04 04:45:00+02:00,13.8,13.8,13.2,10.4,80.0,18.7,85.0,0.0,0.0,0.0,0.0,0.0,0.0,0.0,2.2,155.0,4.1,5.8,116.0,1007.1,1007.1,2.7,4.8
2024-06-04 04:50:00+02:00,13.8,13.8,13.3,10.4,80.0,18.7,85.0,0.1,0.0,0.0,0.0,0.0,0.0,0.0,2.2,155.0,3.5,6.8,109.0,1007.1,1007.1,2.7,4.8
2024-06-04 04:55:00+02:00,13.8,13.8,13.2,10.4,80.0,18.7,85.0,0.2,0.0,0.0,0.0,0.0,0.0,0.0,2.2,155.0,4.2,7.2,125.0,1007.0,1007.0,2.7,4.7
2024-06-04 05:00:00+02:00,13.8,13.8,13.0,10.4,80.0,18.7,85.0,0.3,0.0,0.0,0.0,0.0,0.0,0.0,2.2,155.0,4.9,7.9,117.0,1007.0,1007.0,2.7,4.7
2024-06-04 05:05:00+02:00,13.8,13.8,13.2,10.4,80.0,18.7,85.0,0.6,0.0,0.0,0.0,0.0,0.0,0.0,2.2,155.0,4.0,6.8,116.0,1007.0,1007.0,2.7,4.7
2024-06-04 05:10:00+02:00,13.8,13.8,13.1,10.4,80.0,18.7,85.0,1.0,0.0,0.0,0.0,0.0,0.0,0.0,2.2,155.0,4.5,7.6,118.0,1006.8,1006.8,2.7,4.7
2024-06-04 05:15:00+02:00,13.8,13.8,13.0,10.3,80.0,18.6,85.0,1.5,0.0,0.0,0.0,0.0,0.0,0.0,2.2,155.0,4.8,7.6,118.0,1006.9,1006.9,2.7,4.7
2024-06-04 05:20:00+02:00,13.8,13.8,13.2,10.4,80.0,18.6,85.0,2.0,0.0,0.0,0.0,0.0,0.0,0.0,2.2,155.0,4.0,6.5,118.0,1006.7,1006.7,2.7,4.7
2024-06-04 05:25:00+02:00,13.7,13.7,13.0,10.4,80.0,18.6,85.0,2.8,0.0,0.0,0.0,0.0,0.0,0.0,2.2,155.0,4.5,6.1,126.0,1006.8,1006.8,2.7,4.7
2024-06-04 05:30:00+02:00,13.7,13.7,13.0,10.4,80.0,18.6,85.0,3.8,0.0,0.0,0.0,0.0,0.0,0.0,2.2,155.0,4.2,6.8,119.0,1006.8,1006.8,2.7,4.7
2024-06-04 05:35:00+02:00,13.7,13.7,12.9,10.3,80.0,18.5,85.0,5.0,0.0,0.0,0.0,0.0,0.0,0.0,2.2,155.0,4.7,9.0,126.0,1006.7,1006.7,2.7,4.7
2024-06-04 05:40:00+02:00,13.7,13.7,12.4,10.3,80.0,18.5,85.0,6.2,0.0,0.0,0.0,0.0,0.0,0.0,2.2,155.0,7.4,10.1,119.0,1006.6,1006.6,2.7,4.7
2024-06-04 05:45:00+02:00,13.8,13.8,12.8,10.3,79.0,18.5,85.0,7.4,0.0,0.0,0.0,0.0,0.0,0.0,2.2,155.0,5.8,13.0,130.0,1006.6,1006.6,2.7,4.7
2024-06-04 05:50:00+02:00,13.8,13.8,13.4,10.3,80.0,18.5,85.0,9.2,0.0,0.0,0.0,0.0,0.0,0.0,2.2,155.0,2.7,7.2,119.0,1006.6,1006.6,2.7,4.7
2024-06-04 05:55:00+02:00,13.8,13.8,13.0,10.3,79.0,18.5,85.0,9.9,0.0,0.0,0.0,0.0,0.0,0.0,2.2,155.0,4.7,8.3,112.0,1006.7,1006.7,2.7,4.7
2024-06-04 06:00:00+02:00,13.8,13.8,13.3,10.3,80.0,18.5,85.0,11.9,0.0,0.0,0.0,0.0,0.0,0.0,2.2,155.0,3.2,6.8,117.0,1006.7,1006.7,2.7,4.7
2024-06-04 06:05:00+02:00,13.8,13.8,13.5,10.4,80.0,18.5,85.0,15.0,0.0,0.0,0.0,0.0,0.0,0.0,2.2,155.0,2.4,5.4,129.0,1006.6,1006.6,2.7,4.7
2024-06-04 06:10:00+02:00,13.8,13.8,13.4,10.4,80.0,18.4,85.0,15.5,0.0,0.0,0.0,0.0,0.0,0.0,2.2,155.0,3.0,6.8,117.0,1006.7,1006.7,2.7,4.7
2024-06-04 06:15:00+02:00,13.8,13.8,13.4,10.4,80.0,18.4,85.0,15.5,0.0,0.0,0.0,0.0,0.0,0.0,2.2,155.0,3.1,4.7,113.0,1006.7,1006.7,2.7,4.7
2024-06-04 06:20:00+02:00,13.8,13.8,13.1,10.3,79.0,18.4,85.0,17.1,0.0,0.0,0.0,0.0,0.0,0.0,2.2,155.0,4.5,6.5,121.0,1006.7,1006.7,2.7,4.7
2024-06-04 06:25:00+02:00,13.9,13.9,13.4,10.3,79.0,18.4,85.0,19.3,0.0,0.0,0.0,0.0,0.0,0.0,2.2,155.0,3.5,6.1,126.0,1006.6,1006.6,2.7,4.7
2024-06-04 06:30:00+02:00,13.9,13.9,13.3,10.4,79.0,18.4,85.0,20.5,0.0,0.0,0.0,0.0,0.0,0.0,2.2,155.0,3.9,6.5,126.0,1006.5,1006.5,2.7,4.7
2024-06-04 06:35:00+02:00,13.9,13.9,13.1,10.3,79.0,18.4,85.0,20.8,0.0,0.0,0.0,0.0,0.0,0.0,2.2,155.0,4.7,7.6,121.0,1006.6,1006.6,2.7,4.7
2024-06-04 06:40:00+02:00,14.0,14.0,13.4,10.3,79.0,18.4,85.0,21.6,0.0,0.0,0.0,0.0,0.0,0.0,2.2,155.0,3.8,7.2,114.0,1006.5,1006.5,2.7,4.7
2024-06-04 06:45:00+02:00,13.9,13.9,13.1,10.3,79.0,18.4,85.0,22.1,0.0,0.0,0.0,0.0,0.0,0.0,2.2,155.0,4.8,6.5,120.0,1006.5,1006.5,2.7,4.7
2024-06-04 06:50:00+02:00,14.0,14.0,13.3,10.4,79.0,18.3,85.0,23.1,0.0,0.0,0.0,0.0,0.0,0.0,2.2,155.0,4.3,7.6,119.0,1006.6,1006.6,2.7,4.7
2024-06-04 06:55:00+02:00,14.0,14.0,13.2,10.3,78.0,18.3,85.0,24.6,0.0,0.0,0.0,0.0,0.0,0.0,2.2,155.0,4.5,7.6,122.0,1006.5,1006.5,2.7,4.7
2024-06-04 07:00:00+02:00,14.0,14.0,13.4,10.3,79.0,18.3,85.0,24.8,0.0,0.0,0.0,0.0,0.0,0.0,2.2,155.0,3.5,6.8,113.0,1006.5,1006.5,2.7,4.7
2024-06-04 07:05:00+02:00,14.0,14.0,13.1,10.3,78.0,18.3,85.0,24.9,0.0,0.0,0.0,0.0,0.0,0.0,2.2,155.0,5.2,10.4,125.0,1006.7,1006.7,2.7,4.7
2024-06-04 07:10:00+02:00,14.0,14.0,13.3,10.2,78.0,18.3,85.0,24.3,0.0,0.0,0.0,0.0,0.0,0.0,2.2,155.0,4.1,8.3,116.0,1006.6,1006.6,2.7,4.7
2024-06-04 07:15:00+02:00,14.1,14.1,13.2,10.2,77.0,18.4,85.0,26.6,0.0,0.0,0.0,0.0,0.0,0.0,2.2,155.0,5.0,11.2,119.0,1006.7,1006.7,2.7,4.7
2024-06-04 07:20:00+02:00,14.1,14.1,12.9,10.2,77.0,18.4,85.0,35.0,0.0,0.0,0.0,0.0,0.0,0.0,2.2,155.0,6.8,9.7,125.0,1006.6,1006.6,2.7,4.7
2024-06-04 07:25:00+02:00,14.1,14.1,13.3,10.3,78.0,18.4,85.0,40.8,0.0,0.0,0.0,0.0,0.0,0.0,2.2,155.0,4.8,7.6,126.0,1006.7,1006.7,2.7,4.7
2024-06-04 07:30:00+02:00,14.1,14.1,13.1,10.2,77.0,18.4,85.0,57.7,0.0,0.0,0.0,0.0,0.0,0.0,2.2,155.0,5.9,10.1,123.0,1006.6,1006.6,2.7,4.7
2024-06-04 07:35:00+02:00,14.2,14.2,13.4,10.2,77.0,18.4,85.0,68.5,0.0,0.0,0.0,0.0,0.0,0.0,2.2,155.0,4.6,7.9,117.0,1006.5,1006.5,2.7,4.7
2024-06-04 07:40:00+02:00,14.3,14.3,13.5,10.3,77.0,18.4,85.0,74.7,0.0,0.0,0.0,0.0,0.0,0.0,2.2,155.0,4.6,8.3,122.0,1006.5,1006.5,2.7,4.7
2024-06-04 07:45:00+02:00,14.3,14.3,13.0,10.1,76.0,18.4,85.0,72.8,0.0,0.0,0.0,0.0,0.0,0.0,2.2,155.0,7.0,11.9,117.0,1006.4,1006.4,2.7,4.7
2024-06-04 07:50:00+02:00,14.4,14.4,13.3,10.1,76.0,18.4,85.0,73.2,0.0,0.0,0.0,0.0,0.0,0.0,2.2,155.0,6.0,9.7,127.0,1006.5,1006.5,2.7,4.7
2024-06-04 07:55:00+02:00,14.5,14.5,13.8,10.3,76.0,18.4,86.0,66.1,0.0,0.0,0.0,0.0,0.0,0.0,2.2,155.0,4.3,7.6,130.0,1006.5,1006.5,2.7,4.8
2024-06-04 08:00:00+02:00,14.5,14.5,13.6,10.2,75.0,18.4,86.0,66.0,0.0,0.0,0.0,0.0,0.0,0.0,2.2,155.0,5.0,9.0,118.0,1006.4,1006.4,2.7,4.8
2024-06-04 08:05:00+02:00,14.6,14.6,13.6,10.3,75.0,18.5,86.0,64.6,0.0,0.0,0.0,0.0,0.0,0.0,2.2,155.0,5.8,11.5,124.0,1006.4,1006.4,2.7,4.8
2024-06-04 08:10:00+02:00,14.5,14.5,13.6,10.1,75.0,18.5,86.0,66.1,0.0,0.0,0.0,0.0,0.0,0.0,2.2,155.0,5.2,11.5,129.0,1006.4,1006.4,2.7,4.8
2024-06-04 08:15:00+02:00,14.5,14.5,13.4,10.0,74.0,18.5,86.0,77.3,0.0,0.0,0.0,0.0,0.0,0.0,2.2,155.0,6.1,9.7,119.0,1006.2,1006.2,2.7,4.8
2024-06-04 08:20:00+02:00,14.6,14.6,13.3,10.1,74.0,18.5,86.0,85.7,0.0,0.0,0.0,0.0,0.0,0.0,2.2,155.0,6.9,10.4,127.0,1006.3,1006.3,2.7,4.8
2024-06-04 08:25:00+02:00,14.6,14.6,13.1,9.9,73.0,18.5,86.0,86.4,0.0,0.0,0.0,0.0,0.0,0.0,2.2,155.0,7.8,11.9,124.0,1006.3,1006.3,2.7,4.8
2024-06-04 08:30:00+02:00,14.6,14.6,13.2,9.9,73.0,18.6,86.0,80.3,0.0,0.0,0.0,0.0,0.0,0.0,2.2,155.0,7.1,12.2,126.0,1006.3,1006.3,2.7,4.8
2024-06-04 08:35:00+02:00,14.6,14.6,13.4,10.0,74.0,18.6,86.0,67.0,0.0,0.0,0.0,0.0,0.0,0.0,2.2,155.0,6.6,14.0,118.0,1006.4,1006.4,2.7,4.9
2024-06-04 08:40:00+02:00,14.7,14.7,13.2,9.9,73.0,18.6,86.0,64.4,0.0,0.0,0.0,0.0,0.0,0.0,2.2,155.0,7.7,14.0,122.0,1006.3,1006.3,2.7,4.9
2024-06-04 08:45:00+02:00,14.7,14.7,13.5,10.1,74.0,18.7,86.0,84.2,0.0,0.0,0.0,0.0,0.0,0.0,2.2,155.0,6.5,12.2,126.0,1006.3,1006.3,2.7,4.9
2024-06-04 08:50:00+02:00,14.8,14.8,14.0,10.3,75.0,18.7,86.0,102.0,0.0,0.0,0.0,0.0,0.0,0.0,2.2,155.0,4.6,6.8,120.0,1006.3,1006.3,2.7,4.9
2024-06-04 08:55:00+02:00,14.9,14.9,13.7,10.3,74.0,18.7,86.0,144.0,1.0,0.0,0.0,0.0,0.0,0.0,2.2,155.0,6.6,14.0,123.0,1006.3,1006.3,2.7,4.9
2024-06-04 09:00:00+02:00,15.1,15.1,14.0,10.2,73.0,18.7,86.0,144.9,1.0,0.0,0.0,0.0,0.0,0.0,2.2,155.0,5.9,10.8,118.0,1006.2,1006.2,2.7,4.9
2024-06-04 09:05:00+02:00,15.0,15.0,13.9,10.2,73.0,18.8,86.0,109.7,1.0,0.0,0.0,0.0,0.0,0.0,2.2,155.0,6.1,10.1,118.0,1006.1,1006.1,2.7,5.0
2024-06-04 09:10:00+02:00,15.0,15.0,13.8,10.2,73.0,18.8,86.0,99.8,0.0,0.0,0.0,0.0,0.0,0.0,2.2,155.0,6.3,9.7,120.0,1006.1,1006.1,2.7,5.0
2024-06-04 09:15:00+02:00,15.0,15.0,14.2,10.2,73.0,18.8,86.0,103.2,0.0,0.0,0.0,0.0,0.0,0.0,2.2,155.0,4.5,10.1,133.0,1006.0,1006.0,2.7,5.0
2024-06-04 09:20:00+02:00,15.1,15.1,14.5,10.2,72.0,18.8,86.0,92.3,0.0,0.0,0.0,0.0,0.0,0.0,2.2,155.0,3.7,10.1,112.0,1006.1,1006.1,2.7,5.0
2024-06-04 09:25:00+02:00,15.1,15.1,13.8,10.0,72.0,18.9,86.0,82.1,0.0,0.0,0.0,0.0,0.0,0.0,2.2,155.0,6.8,11.2,124.0,1006.0,1006.0,2.7,5.0
2024-06-04 09:30:00+02:00,15.0,15.0,14.0,9.9,71.0,18.9,87.0,106.0,0.0,0.0,0.0,0.0,0.0,0.0,2.2,155.0,5.5,10.1,122.0,1006.1,1006.1,2.7,5.0
2024-06-04 09:35:00+02:00,15.1,15.1,13.8,10.0,71.0,19.0,87.0,122.0,1.0,0.0,0.0,0.0,0.0,0.0,2.2,155.0,6.8,10.1,117.0,1006.1,1006.1,2.7,5.1
2024-06-04 09:40:00+02:00,15.2,15.2,14.0,10.0,71.0,19.0,87.0,175.1,1.0,0.0,0.0,0.0,0.0,0.0,2.2,155.0,6.5,11.5,131.0,1006.1,1006.1,2.7,5.1
2024-06-04 09:45:00+02:00,15.4,15.4,13.9,10.2,71.0,19.0,87.0,216.3,2.0,0.0,0.0,0.0,0.0,0.0,2.2,155.0,8.3,13.3,125.0,1006.0,1006.0,2.7,5.1
2024-06-04 09:50:00+02:00,15.5,15.5,14.1,10.0,70.0,19.1,87.0,241.2,2.0,0.0,0.0,0.0,0.0,0.0,2.2,155.0,7.5,14.8,123.0,1005.8,1005.8,2.7,5.1
2024-06-04 09:55:00+02:00,15.5,15.5,13.8,10.1,70.0,19.1,87.0,212.2,1.0,0.0,0.0,0.0,0.0,0.0,2.2,155.0,9.0,16.2,115.0,1005.8,1005.8,2.7,5.2
2024-06-04 10:00:00+02:00,15.6,15.6,13.9,10.1,70.0,19.2,87.0,192.0,1.0,0.0,0.0,0.0,0.0,0.0,2.2,155.0,8.8,15.8,121.0,1005.9,1005.9,2.7,5.2
2024-06-04 10:05:00+02:00,15.5,15.5,13.4,10.0,70.0,19.3,87.0,179.4,1.0,0.0,0.0,0.0,0.0,0.0,2.2,155.0,11.3,18.0,125.0,1006.0,1006.0,2.7,5.2
2024-06-04 10:10:00+02:00,15.7,15.7,14.3,10.2,70.0,19.3,87.0,214.1,1.0,0.0,0.0,0.0,0.0,0.0,2.2,155.0,7.3,14.0,121.0,1006.0,1006.0,2.7,5.2
2024-06-04 10:15:00+02:00,15.8,15.8,14.4,10.4,70.0,19.3,87.0,224.3,2.0,0.0,0.0,0.0,0.0,0.0,2.2,155.0,7.6,13.7,123.0,1005.9,1005.9,2.7,5.2
2024-06-04 10:20:00+02:00,16.0,16.0,14.9,10.4,69.0,19.5,88.0,222.7,2.0,0.0,0.0,0.0,0.0,0.0,2.2,155.0,6.5,11.9,124.0,1005.9,1005.9,2.7,5.2
2024-06-04 10:25:00+02:00,16.4,16.4,15.7,10.6,69.0,19.5,88.0,223.7,2.0,0.0,0.0,0.0,0.0,0.0,2.2,155.0,4.5,9.0,132.0,1005.8,1005.8,2.7,5.2
2024-06-04 10:30:00+02:00,16.6,16.6,16.2,10.4,67.0,19.6,88.0,196.8,1.0,0.0,0.0,0.0,0.0,0.0,2.2,155.0,2.9,9.4,121.0,1005.8,1005.8,2.7,5.2
2024-06-04 10:35:00+02:00,16.5,16.5,15.8,10.3,67.0,19.7,88.0,214.9,1.0,0.0,0.0,0.0,0.0,0.0,2.2,155.0,4.6,10.4,145.0,1005.8,1005.8,2.7,5.2
2024-06-04 10:40:00+02:00,16.9,16.9,16.7,10.4,66.0,19.8,88.0,233.1,2.0,0.0,0.0,0.0,0.0,0.0,2.2,155.0,1.9,5.8,95.0,1005.7,1005.7,2.7,5.2
2024-06-04 10:45:00+02:00,17.1,17.1,15.9,10.5,65.0,19.8,88.0,305.4,2.0,0.0,0.0,0.0,0.0,0.0,2.2,155.0,7.3,15.1,126.0,1005.7,1005.7,2.7,5.2
2024-06-04 10:50:00+02:00,17.0,17.0,15.6,10.5,65.0,20.0,88.0,380.3,3.0,0.0,0.0,0.0,0.0,0.0,2.2,155.0,8.1,14.8,124.0,1005.7,1005.7,2.7,5.2
2024-06-04 10:55:00+02:00,16.7,16.7,14.8,10.0,65.0,20.0,88.0,357.9,3.0,0.0,0.0,0.0,0.0,0.0,2.2,155.0,9.9,15.8,132.0,1005.6,1005.6,2.7,5.2
2024-06-04 11:00:00+02:00,16.7,16.7,15.2,10.3,66.0,20.2,88.0,315.9,2.0,0.0,0.0,0.0,0.0,0.0,2.2,155.0,8.6,16.9,121.0,1005.5,1005.5,2.7,5.2
2024-06-04 11:05:00+02:00,16.6,16.6,14.8,10.1,66.0,20.3,89.0,352.6,3.0,0.0,0.0,0.0,0.0,0.0,2.2,155.0,9.7,14.8,128.0,1005.5,1005.5,2.7,5.2
2024-06-04 11:10:00+02:00,16.7,16.7,15.4,10.3,66.0,20.3,89.0,315.6,2.0,0.0,0.0,0.0,0.0,0.0,2.2,155.0,7.2,16.2,125.0,1005.4,1005.4,2.7,5.2
2024-06-04 11:15:00+02:00,17.1,17.1,16.0,10.6,66.0,20.4,89.0,469.1,4.0,0.0,0.0,0.0,0.0,0.0,2.2,155.0,6.9,15.1,126.0,1005.3,1005.3,2.7,5.2
2024-06-04 11:20:00+02:00,17.4,17.4,16.1,10.6,65.0,20.6,89.0,607.0,5.0,0.0,0.0,0.0,0.0,0.0,2.2,155.0,7.9,14.4,127.0,1005.2,1005.2,2.7,5.2
2024-06-04 11:25:00+02:00,17.6,17.6,16.1,10.7,64.0,20.8,89.0,598.7,5.0,0.0,0.0,0.0,0.0,0.0,2.2,155.0,8.9,16.6,131.0,1005.2,1005.2,2.7,5.3
2024-06-04 11:30:00+02:00,17.1,17.1,14.8,10.4,65.0,20.9,89.0,402.8,3.0,0.0,0.0,0.0,0.0,0.0,2.2,155.0,12.6,19.8,122.0,1005.2,1005.2,2.7,5.3
2024-06-04 11:35:00+02:00,17.2,17.2,15.8,10.2,63.0,21.2,89.0,521.5,4.0,0.0,0.0,0.0,0.0,0.0,2.2,155.0,7.8,15.5,131.0,1005.2,1005.2,2.7,5.3
2024-06-04 11:40:00+02:00,18.2,18.2,17.5,10.9,62.0,21.3,90.0,689.7,6.0,0.0,0.0,0.0,0.0,0.0,2.2,155.0,5.0,14.8,120.0,1005.2,1005.2,2.7,5.3
2024-06-04 11:45:00+02:00,18.4,18.4,17.6,11.0,62.0,21.5,90.0,663.5,6.0,0.0,0.0,0.0,0.0,0.0,2.2,155.0,5.3,15.1,119.0,1005.2,1005.2,2.7,5.3
2024-06-04 11:50:00+02:00,18.8,18.8,18.2,11.2,61.0,21.7,90.0,670.2,6.0,0.0,0.0,0.0,0.0,0.0,2.2,155.0,5.2,16.6,144.0,1005.2,1005.2,2.7,5.3
2024-06-04 11:55:00+02:00,19.2,19.2,18.1,11.1,59.0,22.0,90.0,684.2,6.0,0.0,0.0,0.0,0.0,0.0,2.2,155.0,7.6,19.1,121.0,1005.1,1005.1,2.7,5.3
2024-06-04 12:00:00+02:00,18.3,18.3,17.4,10.8,61.0,22.3,89.0,599.1,5.0,0.0,0.0,0.0,0.0,0.0,2.2,155.0,6.1,15.5,123.0,1004.8,1004.8,2.7,5.3
2024-06-04 12:05:00+02:00,18.9,18.9,18.1,11.0,60.0,22.4,90.0,687.4,6.0,0.0,0.0,0.0,0.0,0.0,2.2,155.0,5.7,15.5,138.0,1004.9,1004.9,2.7,5.3
2024-06-04 12:10:00+02:00,19.1,19.1,18.6,10.9,59.0,22.7,89.0,674.6,6.0,0.0,0.0,0.0,0.0,0.0,2.2,155.0,4.3,10.1,170.0,1004.8,1004.8,2.7,5.3
2024-06-04 12:15:00+02:00,20.2,20.2,19.9,11.9,59.0,23.0,89.0,431.5,4.0,0.0,0.0,0.0,0.0,0.0,2.2,155.0,4.4,9.7,156.0,1004.8,1004.8,2.7,5.3
2024-06-04 12:20:00+02:00,19.5,19.5,19.4,11.2,59.0,23.2,89.0,228.9,2.0,0.0,0.0,0.0,0.0,0.0,2.2,155.0,2.4,9.7,149.0,1004.7,1004.7,2.7,5.3
2024-06-04 12:25:00+02:00,19.6,19.6,19.3,11.1,58.0,23.3,89.0,186.7,1.0,0.0,0.0,0.0,0.0,0.0,2.2,155.0,3.2,6.1,223.0,1004.7,1004.7,2.7,5.3
2024-06-04 12:30:00+02:00,19.1,19.1,18.8,10.9,59.0,23.5,89.0,272.1,2.0,0.0,0.0,0.0,0.0,0.0,2.2,155.0,2.9,6.8,148.0,1004.7,1004.7,2.7,5.3
2024-06-04 12:35:00+02:00,19.8,19.8,19.6,10.6,56.0,23.7,89.0,311.2,2.0,0.0,0.0,0.0,0.0,0.0,2.2,155.0,2.1,6.8,203.0,1004.6,1004.6,2.7,5.3
2024-06-04 12:40:00+02:00,20.0,20.0,19.7,10.9,56.0,23.7,89.0,254.3,2.0,0.0,0.0,0.0,0.0,0.0,2.2,155.0,3.0,10.4,238.0,1004.5,1004.5,2.7,5.3
2024-06-04 12:45:00+02:00,19.1,19.1,18.4,11.0,59.0,23.8,88.0,263.1,2.0,0.0,0.0,0.0,0.0,0.0,2.2,155.0,4.9,9.0,119.0,1004.5,1004.5,2.7,5.3
2024-06-04 12:50:00+02:00,18.6,18.6,18.0,11.1,62.0,23.9,88.0,221.7,2.0,0.0,0.0,0.0,0.0,0.0,2.2,155.0,5.0,9.0,126.0,1004.4,1004.4,2.7,5.3
2024-06-04 12:55:00+02:00,18.3,18.3,17.5,10.9,62.0,24.0,88.0,219.5,2.0,0.0,0.0,0.0,0.0,0.0,2.2,155.0,5.5,12.2,121.0,1004.4,1004.4,2.7,5.3
2024-06-04 13:00:00+02:00,18.0,18.0,17.3,10.8,63.0,24.1,88.0,219.5,2.0,0.0,0.0,0.0,0.0,0.0,2.2,155.0,4.7,9.4,107.0,1004.4,1004.4,2.7,5.3
2024-06-04 13:05:00+02:00,18.5,18.5,18.7,11.2,62.0,24.1,88.0,201.2,1.0,0.0,0.0,0.0,0.0,0.0,2.2,155.0,1.3,6.5,121.0,1004.4,1004.4,2.7,5.3
2024-06-04 13:10:00+02:00,19.2,19.2,19.4,11.2,60.0,24.2,88.0,206.6,1.0,0.0,0.0,0.0,0.0,0.0,2.2,155.0,0.9,4.7,166.0,1004.3,1004.3,2.7,5.3
2024-06-04 13:15:00+02:00,19.6,19.6,19.7,11.3,58.0,24.2,88.0,217.1,2.0,0.0,0.0,0.0,0.0,0.0,2.2,155.0,1.6,3.6,138.0,1004.3,1004.3,2.7,5.3
2024-06-04 13:20:00+02:00,19.0,19.0,19.0,11.0,60.0,24.3,87.0,284.9,2.0,0.0,0.0,0.0,0.0,0.0,2.2,155.0,1.9,8.3,120.0,1004.2,1004.2,2.7,5.3
2024-06-04 13:25:00+02:00,18.7,18.7,17.8,10.9,60.0,24.3,87.0,296.0,2.0,0.0,0.0,0.0,0.0,0.0,2.2,155.0,6.5,11.2,116.0,1004.1,1004.1,2.7,5.3
2024-06-04 13:30:00+02:00,18.5,18.5,17.9,10.7,60.0,24.3,87.0,313.6,2.0,0.0,0.0,0.0,0.0,0.0,2.2,155.0,4.3,9.0,129.0,1004.1,1004.1,2.7,5.3
2024-06-04 13:35:00+02:00,18.6,18.6,17.5,11.0,61.0,24.3,87.0,303.0,2.0,0.0,0.0,0.0,0.0,0.0,2.2,155.0,7.3,14.0,119.0,1004.1,1004.1,2.7,5.3
2024-06-04 13:40:00+02:00,18.3,18.3,17.7,10.6,61.0,24.4,87.0,262.4,2.0,0.0,0.0,0.0,0.0,0.0,2.2,155.0,3.8,13.7,125.0,1004.0,1004.0,2.7,5.3
2024-06-04 13:45:00+02:00,18.6,18.6,18.0,11.0,61.0,24.5,87.0,282.6,2.0,0.0,0.0,0.0,0.0,0.0,2.2,155.0,4.8,10.1,124.0,1003.9,1003.9,2.7,5.3
2024-06-04 13:50:00+02:00,18.7,18.7,17.8,11.0,61.0,24.5,87.0,328.5,3.0,0.0,0.0,0.0,0.0,0.0,2.2,155.0,6.0,11.2,131.0,1003.9,1003.9,2.7,5.3
2024-06-04 13:55:00+02:00,18.5,18.5,17.3,10.9,61.0,24.5,87.0,343.0,3.0,0.0,0.0,0.0,0.0,0.0,2.2,155.0,7.4,16.2,124.0,1003.7,1003.7,2.7,5.3
2024-06-04 14:00:00+02:00,18.5,18.5,17.3,10.7,61.0,24.6,86.0,340.6,3.0,0.0,0.0,0.0,0.0,0.0,2.2,155.0,7.3,15.5,113.0,1003.7,1003.7,2.7,5.3
2024-06-04 14:05:00+02:00,18.8,18.8,17.9,11.2,61.0,24.7,86.0,398.3,3.0,0.0,0.0,0.0,0.0,0.0,2.2,155.0,6.1,9.0,117.0,1003.7,1003.7,2.7,5.3
2024-06-04 14:10:00+02:00,18.9,18.9,17.9,11.1,60.0,24.7,86.0,397.3,3.0,0.0,0.0,0.0,0.0,0.0,2.2,155.0,7.1,13.3,123.0,1003.8,1003.8,2.7,5.3
2024-06-04 14:15:00+02:00,18.6,18.6,17.4,10.9,61.0,24.7,86.0,384.0,3.0,0.0,0.0,0.0,0.0,0.0,2.2,155.0,7.3,18.7,111.0,1003.6,1003.6,2.7,5.3
2024-06-04 14:20:00+02:00,19.0,19.0,18.3,10.8,59.0,24.7,86.0,357.1,3.0,0.0,0.0,0.0,0.0,0.0,2.2,155.0,5.2,9.0,123.0,1003.6,1003.6,2.7,5.3
2024-06-04 14:25:00+02:00,18.8,18.8,18.4,11.0,60.0,24.8,86.0,413.5,3.0,0.0,0.0,0.0,0.0,0.0,2.2,155.0,3.7,8.6,123.0,1003.5,1003.5,2.7,5.3
2024-06-04 14:30:00+02:00,19.3,19.3,19.0,11.4,61.0,24.8,86.0,345.1,3.0,0.0,0.0,0.0,0.0,0.0,2.2,155.0,3.6,8.6,127.0,1003.3,1003.3,2.7,5.3
2024-06-04 14:40:00+02:00,19.0,19.0,18.0,10.8,59.0,25.0,85.0,182.9,1.0,0.0,0.0,0.0,0.0,0.0,2.2,155.0,6.5,8.3,130.0,1003.4,1003.4,2.7,5.3
2024-06-04 14:45:00+02:00,18.8,18.8,17.8,10.9,60.0,25.0,85.0,214.1,1.0,0.0,0.0,0.0,0.0,0.0,2.2,155.0,6.9,9.7,129.0,1003.2,1003.2,2.7,5.3
2024-06-04 14:50:00+02:00,18.8,18.8,18.4,11.0,60.0,25.0,85.0,431.9,4.0,0.0,0.0,0.0,0.0,0.0,2.2,155.0,3.5,8.6,99.0,1003.2,1003.2,2.7,5.3
2024-06-04 14:55:00+02:00,19.9,19.9,19.5,11.3,58.0,25.1,86.0,698.7,6.0,0.0,0.0,0.0,0.0,0.0,2.2,155.0,4.2,14.0,119.0,1003.1,1003.1,2.7,5.3
2024-06-04 15:00:00+02:00,19.3,19.3,17.9,11.0,59.0,25.2,85.0,217.8,2.0,0.0,0.0,0.0,0.0,0.0,2.2,155.0,8.8,15.5,126.0,1003.1,1003.1,2.7,5.3
2024-06-04 15:05:00+02:00,18.8,18.8,17.2,10.6,59.0,25.2,85.0,205.9,1.0,0.0,0.0,0.0,0.0,0.0,2.2,155.0,9.6,18.0,125.0,1003.0,1003.0,2.7,5.3
2024-06-04 15:10:00+02:00,18.7,18.7,17.8,10.8,60.0,25.2,85.0,385.9,3.0,0.0,0.0,0.0,0.0,0.0,2.2,155.0,5.9,18.0,111.0,1003.1,1003.1,2.7,5.3
2024-06-04 15:15:00+02:00,19.1,19.1,18.3,11.4,61.0,25.2,85.0,373.1,3.0,0.0,0.0,0.0,0.0,0.0,2.2,155.0,6.4,10.4,125.0,1002.9,1002.9,2.7,5.3
2024-06-04 15:20:00+02:00,18.9,18.9,17.7,10.8,59.0,25.3,85.0,265.8,2.0,0.0,0.0,0.0,0.0,0.0,2.2,155.0,7.5,15.1,130.0,1002.9,1002.9,2.7,5.3
2024-06-04 15:25:00+02:00,18.9,18.9,17.9,11.0,60.0,25.3,85.0,263.8,2.0,0.0,0.0,0.0,0.0,0.0,2.2,155.0,7.1,17.6,128.0,1002.9,1002.9,2.7,5.3
2024-06-04 15:30:00+02:00,19.2,19.2,18.8,11.4,60.0,25.3,85.0,281.4,2.0,0.0,0.0,0.0,0.0,0.0,2.2,155.0,4.2,10.4,144.0,1002.7,1002.7,2.7,5.3
2024-06-04 15:35:00+02:00,20.0,20.0,20.0,11.4,58.0,25.4,85.0,327.7,3.0,0.0,0.0,0.0,0.0,0.0,2.2,155.0,1.9,9.4,203.0,1002.6,1002.6,2.7,5.3
2024-06-04 15:40:00+02:00,20.6,20.6,20.0,10.8,53.0,25.3,85.0,494.1,4.0,0.0,0.0,0.0,0.0,0.0,2.2,155.0,4.5,8.3,259.0,1002.6,1002.6,2.7,5.3
2024-06-04 15:45:00+02:00,20.8,20.8,20.3,11.4,55.0,25.4,85.0,812.1,7.0,0.0,0.0,0.0,0.0,0.0,2.2,155.0,4.5,9.7,121.0,1002.6,1002.6,2.7,5.3
2024-06-04 15:50:00+02:00,20.3,20.3,19.3,11.6,57.0,25.4,86.0,753.8,7.0,0.0,0.0,0.0,0.0,0.0,2.2,155.0,7.8,16.9,125.0,1002.5,1002.5,2.7,5.3
2024-06-04 15:55:00+02:00,20.4,20.4,19.9,11.0,55.0,25.4,87.0,722.6,6.0,0.0,0.0,0.0,0.0,0.0,2.2,155.0,4.3,10.1,133.0,1002.4,1002.4,2.7,5.3
2024-06-04 16:00:00+02:00,20.8,20.8,20.5,11.6,55.0,25.5,86.0,629.9,5.0,0.0,0.0,0.0,0.0,0.0,2.2,155.0,4.5,11.2,126.0,1002.3,1002.3,2.7,5.3
2024-06-04 16:05:00+02:00,20.6,20.6,19.7,11.4,56.0,25.6,87.0,616.3,5.0,0.0,0.0,0.0,0.0,0.0,2.2,155.0,7.1,11.5,132.0,1002.4,1002.4,2.7,5.3
2024-06-04 16:10:00+02:00,20.1,20.1,19.6,10.7,55.0,25.7,87.0,608.5,5.0,0.0,0.0,0.0,0.0,0.0,2.2,155.0,3.5,11.9,109.0,1002.4,1002.4,2.7,5.3
2024-06-04 16:15:00+02:00,20.1,20.1,18.4,11.0,56.0,25.7,87.0,598.7,5.0,0.0,0.0,0.0,0.0,0.0,2.2,155.0,10.4,19.8,121.0,1002.3,1002.3,2.7,5.3
2024-06-04 16:20:00+02:00,20.1,20.1,18.5,10.9,55.0,25.8,87.0,591.7,5.0,0.0,0.0,0.0,0.0,0.0,2.2,155.0,9.6,17.3,112.0,1002.2,1002.2,2.7,5.3
2024-06-04 16:25:00+02:00,20.4,20.4,19.5,11.0,55.0,25.9,87.0,564.8,5.0,0.0,0.0,0.0,0.0,0.0,2.2,155.0,6.6,14.8,130.0,1002.4,1002.4,2.7,5.3
2024-06-04 16:30:00+02:00,20.5,20.5,19.4,11.1,55.0,25.9,87.0,526.9,4.0,0.0,0.0,0.0,0.0,0.0,2.2,155.0,7.2,15.5,137.0,1002.1,1002.1,2.7,5.3
2024-06-04 16:35:00+02:00,20.7,20.7,19.8,11.1,54.0,26.0,87.0,548.1,5.0,0.0,0.0,0.0,0.0,0.0,2.2,155.0,6.4,17.6,122.0,1002.1,1002.1,2.7,5.3
2024-06-04 16:40:00+02:00,20.2,20.2,17.7,10.9,55.0,26.1,87.0,522.5,4.0,0.0,0.0,0.0,0.0,0.0,2.2,155.0,14.1,17.6,124.0,1002.1,1002.1,2.7,5.3
2024-06-04 16:45:00+02:00,20.1,20.1,19.3,11.0,56.0,26.0,87.0,499.8,4.0,0.0,0.0,0.0,0.0,0.0,2.2,155.0,5.5,16.6,134.0,1001.9,1001.9,2.7,5.3
2024-06-04 16:50:00+02:00,20.9,20.9,20.4,11.4,54.0,26.1,87.0,479.7,4.0,0.0,0.0,0.0,0.0,0.0,2.2,155.0,4.8,11.9,118.0,1001.8,1001.8,2.7,5.3
2024-06-04 16:55:00+02:00,21.2,21.2,20.6,11.0,52.0,26.1,87.0,463.1,4.0,0.0,0.0,0.0,0.0,0.0,2.2,155.0,4.9,16.2,117.0,1001.8,1001.8,2.7,5.3
2024-06-04 17:00:00+02:00,20.5,20.5,19.1,10.8,54.0,26.2,87.0,451.9,4.0,0.0,0.0,0.0,0.0,0.0,2.2,155.0,8.6,16.2,135.0,1001.8,1001.8,2.7,5.3
2024-06-04 17:05:00+02:00,21.2,21.2,20.9,10.6,51.0,26.2,87.0,438.8,4.0,0.0,0.0,0.0,0.0,0.0,2.2,155.0,2.8,15.1,144.0,1001.7,1001.7,2.7,5.3
2024-06-04 17:10:00+02:00,21.7,21.7,21.4,10.7,50.0,26.2,87.0,428.5,3.0,0.0,0.0,0.0,0.0,0.0,2.2,155.0,2.7,7.6,145.0,1001.5,1001.5,2.7,5.3
2024-06-04 17:15:00+02:00,21.7,21.7,20.9,10.9,50.0,26.2,87.0,422.1,3.0,0.0,0.0,0.0,0.0,0.0,2.2,155.0,5.8,15.5,136.0,1001.5,1001.5,2.7,5.3
2024-06-04 17:20:00+02:00,20.8,20.8,19.7,10.6,52.0,26.3,87.0,430.5,4.0,0.0,0.0,0.0,0.0,0.0,2.2,155.0,6.5,13.7,141.0,1001.5,1001.5,2.7,5.3
2024-06-04 17:25:00+02:00,21.0,21.0,20.0,10.7,52.0,26.3,87.0,422.0,3.0,0.0,0.0,0.0,0.0,0.0,2.2,155.0,6.5,14.4,138.0,1001.4,1001.4,2.7,5.3
2024-06-04 17:30:00+02:00,21.6,21.6,20.4,10.4,49.0,26.3,87.0,421.4,3.0,0.0,0.0,0.0,0.0,0.0,2.2,155.0,6.9,18.0,113.0,1001.2,1001.2,2.7,5.3
2024-06-04 17:35:00+02:00,21.3,21.3,20.3,10.6,50.0,26.4,87.0,412.5,3.0,0.0,0.0,0.0,0.0,0.0,2.2,155.0,6.1,14.0,143.0,1001.1,1001.1,2.7,5.3
2024-06-04 17:40:00+02:00,21.2,21.2,19.6,10.6,51.0,26.4,87.0,393.8,3.0,0.0,0.0,0.0,0.0,0.0,2.2,155.0,9.1,16.6,124.0,1001.2,1001.2,2.7,5.3
2024-06-04 17:45:00+02:00,21.0,21.0,19.8,10.8,52.0,26.4,86.0,358.5,3.0,0.0,0.0,0.0,0.0,0.0,2.2,155.0,7.5,13.7,132.0,1001.2,1001.2,2.7,5.3
2024-06-04 17:50:00+02:00,20.9,20.9,20.0,10.8,52.0,26.4,87.0,339.5,3.0,0.0,0.0,0.0,0.0,0.0,2.2,155.0,5.9,12.6,132.0,1001.2,1001.2,2.7,5.3
2024-06-04 17:55:00+02:00,21.0,21.0,20.4,10.6,51.0,26.4,86.0,327.6,3.0,0.0,0.0,0.0,0.0,0.0,2.2,155.0,4.2,10.4,108.0,1001.1,1001.1,2.7,5.3
2024-06-04 18:00:00+02:00,20.4,20.4,18.9,10.4,53.0,26.4,87.0,68.7,0.0,0.0,0.0,0.0,0.0,0.0,2.2,155.0,8.4,13.7,117.0,1001.1,1001.1,2.7,5.3
2024-06-04 18:05:00+02:00,19.8,19.8,18.6,10.2,54.0,26.3,87.0,94.7,0.0,0.0,0.0,0.0,0.0,0.0,2.2,155.0,6.8,13.7,124.0,1001.1,1001.1,2.7,5.3
2024-06-04 18:10:00+02:00,20.0,20.0,19.4,10.8,55.0,26.3,86.0,203.1,1.0,0.0,0.0,0.0,0.0,0.0,2.2,155.0,4.2,11.2,128.0,1001.0,1001.0,2.7,5.3
2024-06-04 18:15:00+02:00,20.4,20.4,19.1,10.4,53.0,26.2,86.0,129.4,1.0,0.0,0.0,0.0,0.0,0.0,2.2,155.0,7.5,11.9,114.0,1000.9,1000.9,2.7,5.3
2024-06-04 18:20:00+02:00,20.4,20.4,19.3,10.2,52.0,26.1,86.0,118.1,1.0,0.0,0.0,0.0,0.0,0.0,2.2,155.0,6.2,16.9,118.0,1000.9,1000.9,2.7,5.3
2024-06-04 18:25:00+02:00,20.7,20.7,19.5,10.6,52.0,26.1,86.0,109.0,1.0,0.0,0.0,0.0,0.0,0.0,2.2,155.0,6.8,10.8,121.0,1000.9,1000.9,2.7,5.3
2024-06-04 18:30:00+02:00,20.6,20.6,20.2,10.5,52.0,26.0,86.0,89.3,0.0,0.0,0.0,0.0,0.0,0.0,2.2,155.0,3.1,8.3,130.0,1000.7,1000.7,2.7,5.3
2024-06-04 18:35:00+02:00,20.6,20.6,18.9,10.1,51.0,26.0,86.0,95.6,0.0,0.0,0.0,0.0,0.0,0.0,2.2,155.0,9.2,14.0,127.0,1000.8,1000.8,2.7,5.3
2024-06-04 18:40:00+02:00,20.5,20.5,19.3,10.4,53.0,25.9,86.0,153.0,1.0,0.0,0.0,0.0,0.0,0.0,2.2,155.0,6.8,13.7,134.0,1000.6,1000.6,2.7,5.3
2024-06-04 18:45:00+02:00,20.8,20.8,20.1,10.4,52.0,25.9,86.0,153.1,1.0,0.0,0.0,0.0,0.0,0.0,2.2,155.0,4.2,8.3,129.0,1000.6,1000.6,2.7,5.3
2024-06-04 18:50:00+02:00,20.7,20.7,20.1,10.3,51.0,25.9,86.0,134.7,1.0,0.0,0.0,0.0,0.0,0.0,2.2,155.0,3.5,9.7,148.0,1000.5,1000.5,2.7,5.3
2024-06-04 18:55:00+02:00,20.7,20.7,19.7,10.2,51.0,25.9,86.0,161.2,1.0,0.0,0.0,0.0,0.0,0.0,2.2,155.0,5.5,10.8,132.0,1000.4,1000.4,2.7,5.3
2024-06-04 19:00:00+02:00,20.4,20.4,19.8,10.2,52.0,25.8,86.0,60.9,0.0,0.0,0.0,0.0,0.0,0.0,2.2,155.0,3.7,14.8,105.0,1000.5,1000.5,2.7,5.3
2024-06-04 19:05:00+02:00,20.4,20.4,19.5,10.1,52.0,25.8,86.0,78.5,0.0,0.0,0.0,0.0,0.0,0.0,2.2,155.0,5.0,11.2,141.0,1000.4,1000.4,2.7,5.3
2024-06-04 19:10:00+02:00,20.3,20.3,20.0,10.3,53.0,25.7,86.0,88.9,0.0,0.0,0.0,0.0,0.0,0.0,2.2,155.0,2.5,7.2,203.0,1000.5,1000.5,2.7,5.3
2024-06-04 19:15:00+02:00,20.5,20.5,20.2,10.4,52.0,25.7,86.0,75.1,0.0,0.0,0.0,0.0,0.0,0.0,2.2,155.0,2.5,5.0,153.0,1000.3,1000.3,2.7,5.2
2024-06-04 19:20:00+02:00,20.3,20.3,19.9,10.5,53.0,25.7,86.0,84.9,0.0,0.0,0.0,0.0,0.0,0.0,2.2,155.0,3.0,6.1,102.0,1000.4,1000.4,2.7,5.2
2024-06-04 19:25:00+02:00,20.3,20.3,19.6,10.4,53.0,25.6,86.0,87.2,0.0,0.0,0.0,0.0,0.0,0.0,2.2,155.0,4.2,7.9,124.0,1000.5,1000.5,2.7,5.2
2024-06-04 19:30:00+02:00,20.3,20.3,19.4,10.2,52.0,25.6,86.0,67.2,0.0,0.0,0.0,0.0,0.0,0.0,2.2,155.0,5.2,9.4,129.0,1000.4,1000.4,2.7,5.2
2024-06-04 19:35:00+02:00,20.3,20.3,19.4,10.1,52.0,25.6,85.0,66.5,0.0,0.0,0.0,0.0,0.0,0.0,2.2,155.0,4.9,10.4,112.0,1000.4,1000.4,2.7,5.2
2024-06-04 19:40:00+02:00,20.3,20.3,19.1,10.2,52.0,25.6,85.0,58.6,0.0,0.0,0.0,0.0,0.0,0.0,2.2,155.0,6.2,13.3,120.0,1000.2,1000.2,2.7,5.2
2024-06-04 19:45:00+02:00,20.1,20.1,18.6,10.4,54.0,25.5,85.0,53.3,0.0,0.0,0.0,0.0,0.0,0.0,2.2,155.0,8.8,16.6,132.0,1000.1,1000.1,2.7,5.2
2024-06-04 19:50:00+02:00,19.9,19.9,19.3,10.5,55.0,25.4,86.0,47.1,0.0,0.0,0.0,0.0,0.0,0.0,2.2,155.0,4.0,12.2,123.0,1000.1,1000.1,2.7,5.2
2024-06-04 19:55:00+02:00,19.9,19.9,19.0,10.2,53.0,25.4,86.0,48.5,0.0,0.0,0.0,0.0,0.0,0.0,2.2,155.0,5.0,9.4,107.0,1000.1,1000.1,2.7,5.2
2024-06-04 20:00:00+02:00,19.8,19.8,19.1,10.7,55.0,25.3,85.0,47.8,0.0,0.0,0.0,0.0,0.0,0.0,2.2,155.0,4.8,9.4,140.0,1000.1,1000.1,2.7,5.2
2024-06-04 20:05:00+02:00,19.7,19.7,18.8,10.6,56.0,25.3,86.0,40.0,0.0,0.0,0.0,0.0,0.0,0.0,2.2,155.0,6.0,9.4,121.0,1000.1,1000.1,2.7,5.2
2024-06-04 20:10:00+02:00,19.7,19.7,19.0,10.7,56.0,25.3,85.0,41.0,0.0,0.0,0.0,0.0,0.0,0.0,2.2,155.0,4.6,9.4,131.0,1000.1,1000.1,2.7,5.2
2024-06-04 20:15:00+02:00,19.7,19.7,19.1,10.8,56.0,25.1,86.0,35.5,0.0,0.0,0.0,0.0,0.0,0.0,2.2,155.0,4.5,9.4,136.0,1000.0,1000.0,2.7,5.2
2024-06-04 20:20:00+02:00,19.5,19.5,19.0,11.0,58.0,25.1,86.0,30.1,0.0,0.0,0.0,0.0,0.0,0.0,2.2,155.0,3.7,7.6,130.0,999.9,999.9,2.7,5.2
2024-06-04 20:25:00+02:00,19.4,19.4,18.7,10.9,58.0,25.1,85.0,25.5,0.0,0.0,0.0,0.0,0.0,0.0,2.2,155.0,5.2,8.6,121.0,999.9,999.9,2.7,5.2
2024-06-04 20:30:00+02:00,19.2,19.2,18.7,11.0,59.0,25.0,85.0,26.1,0.0,0.0,0.0,0.0,0.0,0.0,2.2,155.0,4.2,8.6,133.0,1000.0,1000.0,2.7,5.2
2024-06-04 20:35:00+02:00,19.2,19.2,18.3,11.1,59.0,24.9,85.0,28.7,0.0,0.0,0.0,0.0,0.0,0.0,2.2,155.0,6.3,9.4,132.0,999.8,999.8,2.7,5.2
2024-06-04 20:40:00+02:00,19.3,19.3,18.5,11.0,59.0,24.8,85.0,28.0,0.0,0.0,0.0,0.0,0.0,0.0,2.2,155.0,6.0,10.1,124.0,999.7,999.7,2.7,5.2
2024-06-04 20:45:00+02:00,19.3,19.3,18.5,11.1,59.0,24.8,85.0,21.0,0.0,0.0,0.0,0.0,0.0,0.0,2.2,155.0,5.9,9.0,126.0,999.6,999.6,2.7,5.2
2024-06-04 20:50:00+02:00,19.1,19.1,18.8,11.2,60.0,24.7,85.0,19.4,0.0,0.0,0.0,0.0,0.0,0.0,2.2,155.0,3.5,7.9,133.0,999.5,999.5,2.7,5.2
2024-06-04 20:55:00+02:00,18.9,18.9,18.3,11.3,61.0,24.7,85.0,17.1,0.0,0.0,0.0,0.0,0.0,0.0,2.2,155.0,5.2,9.0,130.0,999.4,999.4,2.7,5.2
2024-06-04 21:00:00+02:00,19.0,19.0,18.3,11.3,61.0,24.6,85.0,14.4,0.0,0.0,0.0,0.0,0.0,0.0,2.2,155.0,5.7,13.7,136.0,999.5,999.5,2.7,5.2
2024-06-04 21:05:00+02:00,18.6,18.6,18.6,11.7,64.0,24.5,85.0,12.2,0.0,0.0,0.0,0.0,0.0,0.0,2.2,155.0,2.8,7.9,127.0,999.3,999.3,2.7,5.2
2024-06-04 21:10:00+02:00,18.4,18.4,18.0,11.4,64.0,24.5,84.0,10.2,0.0,0.0,0.0,0.0,0.0,0.0,2.2,155.0,4.3,7.9,130.0,999.3,999.3,2.7,5.2
2024-06-04 21:15:00+02:00,18.5,18.5,18.1,11.3,63.0,24.4,85.0,8.4,0.0,0.0,0.0,0.0,0.0,0.0,2.2,155.0,4.2,8.3,130.0,999.5,999.5,2.7,5.2
2024-06-04 21:20:00+02:00,18.4,18.4,18.0,11.3,63.0,24.3,84.0,6.8,0.0,0.0,0.0,0.0,0.0,0.0,2.2,155.0,4.4,9.7,118.0,999.4,999.4,2.7,5.2
2024-06-04 21:25:00+02:00,18.3,18.3,18.0,11.5,65.0,24.2,84.0,5.8,0.0,0.0,0.0,0.0,0.0,0.0,2.2,155.0,4.0,7.2,135.0,999.4,999.4,2.7,5.2
2024-06-04 21:30:00+02:00,18.2,18.2,17.8,11.4,64.0,24.2,84.0,4.5,0.0,0.0,0.0,0.0,0.0,0.0,2.2,155.0,4.3,8.6,119.0,999.4,999.4,2.7,5.2
2024-06-04 21:35:00+02:00,18.0,18.0,18.3,11.7,67.0,24.1,84.0,3.3,0.0,0.0,0.0,0.0,0.0,0.0,2.2,155.0,1.6,5.4,113.0,999.2,999.2,2.7,5.2
2024-06-04 21:40:00+02:00,17.8,17.8,17.9,11.6,67.0,24.0,84.0,2.5,0.0,0.0,0.0,0.0,0.0,0.0,2.2,155.0,1.7,4.0,119.0,999.2,999.2,2.7,5.2
2024-06-04 21:45:00+02:00,17.8,17.8,17.7,11.5,67.0,24.0,84.0,1.7,0.0,0.0,0.0,0.0,0.0,0.0,2.2,155.0,2.8,7.6,130.0,999.3,999.3,2.7,5.2
2024-06-04 21:50:00+02:00,17.7,17.7,17.9,11.9,69.0,23.8,84.0,1.0,0.0,0.0,0.0,0.0,0.0,0.0,2.2,155.0,1.7,4.7,114.0,999.4,999.4,2.7,5.2
2024-06-04 21:55:00+02:00,17.4,17.4,17.7,11.8,70.0,23.8,84.0,0.6,0.0,0.0,0.0,0.0,0.0,0.0,2.2,155.0,1.3,4.0,114.0,999.3,999.3,2.7,5.2
2024-06-04 22:00:00+02:00,17.1,17.1,17.3,11.9,71.0,23.7,84.0,0.3,0.0,0.0,0.0,0.0,0.0,0.0,2.2,155.0,1.9,2.9,127.0,999.3,999.3,2.7,5.2
2024-06-04 22:05:00+02:00,16.8,16.8,17.0,11.7,72.0,23.7,84.0,0.2,0.0,0.0,0.0,0.0,0.0,0.0,2.2,155.0,1.9,5.0,132.0,999.3,999.3,2.7,5.2
2024-06-04 22:10:00+02:00,17.0,17.0,17.0,11.6,70.0,23.6,84.0,0.1,0.0,0.0,0.0,0.0,0.0,0.0,2.2,155.0,2.5,5.0,125.0,999.2,999.2,2.7,5.2
2024-06-04 22:15:00+02:00,16.9,16.9,16.9,11.7,72.0,23.6,84.0,0.0,0.0,0.0,0.0,0.0,0.0,0.0,2.2,155.0,2.7,4.7,129.0,999.2,999.2,2.7,5.1
2024-06-04 22:20:00+02:00,16.8,16.8,16.7,11.4,71.0,23.4,84.0,0.0,0.0,0.0,0.0,0.0,0.0,0.0,2.2,155.0,2.8,4.3,135.0,999.2,999.2,2.7,5.1
2024-06-04 22:25:00+02:00,16.9,16.9,17.0,11.6,71.0,23.3,84.0,0.0,0.0,0.0,0.0,0.0,0.0,0.0,2.2,155.0,2.1,4.0,125.0,999.1,999.1,2.7,5.1
2024-06-04 22:30:00+02:00,16.7,16.7,16.6,11.4,71.0,23.3,84.0,0.0,0.0,0.0,0.0,0.0,0.0,0.0,2.2,155.0,3.0,4.7,123.0,999.1,999.1,2.7,5.1
2024-06-04 22:35:00+02:00,16.9,16.9,16.7,11.5,70.0,23.2,84.0,0.0,0.0,0.0,0.0,0.0,0.0,0.0,2.2,155.0,3.2,6.1,123.0,999.0,999.0,2.7,5.1
2024-06-04 22:40:00+02:00,17.0,17.0,16.7,11.4,69.0,23.1,84.0,0.0,0.0,0.0,0.0,0.0,0.0,0.0,2.2,155.0,4.2,8.3,128.0,999.0,999.0,2.7,5.1
2024-06-04 22:45:00+02:00,17.4,17.4,16.9,11.5,68.0,23.0,84.0,0.0,0.0,0.0,0.0,0.0,0.0,0.0,2.2,155.0,5.3,11.2,127.0,998.9,998.9,2.7,5.1
2024-06-04 22:50:00+02:00,17.7,17.7,16.9,11.5,67.0,23.0,84.0,0.0,0.0,0.0,0.0,0.0,0.0,0.0,2.2,155.0,6.1,13.7,129.0,998.9,998.9,2.7,5.1
2024-06-04 22:55:00+02:00,17.7,17.7,16.8,11.5,67.0,22.9,84.0,0.0,0.0,0.0,0.0,0.0,0.0,0.0,2.2,155.0,6.8,10.1,125.0,998.8,998.8,2.7,5.1
2024-06-04 23:00:00+02:00,17.7,17.7,17.2,11.6,67.0,22.8,84.0,0.0,0.0,0.0,0.0,0.0,0.0,0.0,2.2,155.0,5.4,9.4,140.0,998.8,998.8,2.7,5.1
2024-06-04 23:05:00+02:00,17.7,17.7,17.2,11.6,68.0,22.7,84.0,0.0,0.0,0.0,0.0,0.0,0.0,0.0,2.2,155.0,4.7,9.0,123.0,998.8,998.8,2.7,5.1
2024-06-04 23:10:00+02:00,17.7,17.7,16.9,11.5,67.0,22.7,84.0,0.0,0.0,0.0,0.0,0.0,0.0,0.0,2.2,155.0,6.8,10.4,129.0,998.8,998.8,2.7,5.1
2024-06-04 23:15:00+02:00,17.7,17.7,17.3,11.7,68.0,22.7,84.0,0.0,0.0,0.0,0.0,0.0,0.0,0.0,2.2,155.0,4.2,9.0,123.0,998.7,998.7,2.7,5.1
2024-06-04 23:20:00+02:00,17.6,17.6,17.1,11.6,68.0,22.6,84.0,0.0,0.0,0.0,0.0,0.0,0.0,0.0,2.2,155.0,4.9,7.9,117.0,998.8,998.8,2.7,5.1
2024-06-04 23:25:00+02:00,17.6,17.6,17.4,11.6,68.0,22.6,84.0,0.0,0.0,0.0,0.0,0.0,0.0,0.0,2.2,155.0,3.6,7.9,123.0,998.6,998.6,2.7,5.1
2024-06-04 23:30:00+02:00,17.7,17.7,16.7,11.5,67.0,22.5,84.0,0.0,0.0,0.0,0.0,0.0,0.0,0.0,2.2,155.0,7.0,11.5,125.0,998.6,998.6,2.7,5.1
2024-06-04 23:35:00+02:00,17.9,17.9,17.3,11.6,67.0,22.5,84.0,0.0,0.0,0.0,0.0,0.0,0.0,0.0,2.2,155.0,5.6,11.5,123.0,998.6,998.6,2.7,5.1
2024-06-04 23:40:00+02:00,17.9,17.9,17.4,11.5,66.0,22.4,84.0,0.0,0.0,0.0,0.0,0.0,0.0,0.0,2.2,155.0,5.0,10.8,129.0,998.6,998.6,2.7,5.1
2024-06-04 23:45:00+02:00,18.0,18.0,17.7,11.6,66.0,22.4,84.0,0.0,0.0,0.0,0.0,0.0,0.0,0.0,2.2,155.0,4.4,9.0,127.0,998.6,998.6,2.7,5.1
2024-06-04 23:50:00+02:00,18.0,18.0,17.8,11.6,66.0,22.3,84.0,0.0,0.0,0.0,0.0,0.0,0.0,0.0,2.2,155.0,3.8,8.6,133.0,998.6,998.6,2.7,5.1
2024-06-04 23:55:00+02:00,18.0,18.0,17.5,11.8,67.0,22.3,84.0,0.0,0.0,0.0,0.0,0.0,0.0,0.0,2.2,155.0,5.5,8.6,131.0,998.8,998.8,2.7,5.1
2024-06-05 00:00:00+02:00,17.5,17.5,17.6,12.6,73.0,22.3,84.0,0.0,0.0,1.8,0.3,0.3,0.3,0.3,2.5,155.3,3.7,7.9,125.0,998.9,998.9,2.7,5.1
2024-06-05 00:05:00+02:00,16.9,16.9,16.7,12.9,77.0,22.2,84.0,0.0,0.0,2.4,0.4,0.4,0.4,0.4,2.6,155.4,5.5,7.9,125.0,998.9,998.9,2.7,5.0
2024-06-05 00:10:00+02:00,16.4,16.4,16.6,13.2,81.0,22.2,84.0,0.0,0.0,1.8,0.4,0.4,0.4,0.4,2.6,155.4,3.8,7.9,135.0,998.8,998.8,2.7,5.0
2024-06-05 00:15:00+02:00,16.0,16.0,16.7,13.4,85.0,22.1,84.0,0.0,0.0,0.6,0.5,0.5,0.5,0.5,2.7,155.5,2.2,5.0,113.0,998.7,998.7,2.7,5.0
2024-06-05 00:20:00+02:00,15.8,15.8,16.9,13.6,87.0,22.1,84.0,0.0,0.0,0.6,0.5,0.5,0.5,0.5,2.7,155.5,0.0,2.5,125.0,998.7,998.7,2.7,5.0
2024-06-05 00:25:00+02:00,15.8,15.8,16.9,13.7,88.0,22.1,84.0,0.0,0.0,0.6,0.6,0.6,0.6,0.6,2.8,155.6,0.0,2.9,114.0,998.9,998.9,2.7,5.0
2024-06-05 00:30:00+02:00,15.6,15.6,16.6,13.8,89.0,22.0,84.0,0.0,0.0,1.2,0.7,0.7,0.7,0.7,2.9,155.7,1.2,5.4,359.0,998.9,998.9,2.7,5.0
2024-06-05 00:35:00+02:00,15.5,15.5,16.2,13.8,89.0,21.9,84.0,0.0,0.0,1.8,0.8,0.8,0.8,0.8,3.0,155.8,2.7,5.0,272.0,998.9,998.9,2.7,4.9
2024-06-05 00:40:00+02:00,15.4,15.4,16.1,13.9,90.0,21.9,84.0,0.0,0.0,1.2,0.9,0.9,0.9,0.9,3.1,155.9,2.7,8.6,113.0,999.0,999.0,2.7,4.9
2024-06-05 00:45:00+02:00,15.4,15.4,16.3,13.9,91.0,21.8,84.0,0.0,0.0,1.8,1.1,1.1,1.1,1.1,3.3,156.1,1.6,8.6,150.0,999.1,999.1,2.7,4.9
2024-06-05 00:50:00+02:00,15.3,15.3,16.1,13.9,92.0,21.8,84.0,0.0,0.0,3.0,1.4,1.4,1.4,1.4,3.6,156.4,1.9,3.6,121.0,999.1,999.1,2.7,4.9
2024-06-05 00:55:00+02:00,15.2,15.2,16.0,14.0,92.0,21.8,84.0,0.0,0.0,3.0,1.5,1.5,1.5,1.5,3.7,156.5,2.2,6.1,81.0,999.2,999.2,2.7,4.9
2024-06-05 01:00:00+02:00,15.1,15.1,15.8,14.0,93.0,21.7,84.0,0.0,0.0,2.4,1.7,1.7,1.4,1.7,3.9,156.7,2.8,9.0,135.0,999.4,999.4,2.7,4.9
2024-06-05 01:05:00+02:00,15.0,15.0,14.9,14.0,94.0,21.6,84.0,0.0,0.0,1.8,1.8,1.8,1.4,1.8,4.0,156.8,7.3,10.1,103.0,999.4,999.4,2.7,4.8
2024-06-05 01:10:00+02:00,15.1,15.1,15.5,14.1,94.0,21.5,84.0,0.0,0.0,1.2,1.9,1.9,1.5,1.9,4.1,156.9,4.7,10.1,114.0,999.3,999.3,2.7,4.8
2024-06-05 01:15:00+02:00,15.0,15.0,15.4,14.1,94.0,21.5,84.0,0.0,0.0,1.2,2.0,2.0,1.5,2.0,4.2,157.0,4.5,7.6,117.0,999.1,999.1,2.7,4.8
2024-06-05 01:20:00+02:00,15.0,15.0,15.2,14.1,94.0,21.4,84.0,0.0,0.0,1.2,2.0,2.0,1.5,2.0,4.2,157.0,5.7,9.4,119.0,999.0,999.0,2.7,4.8
2024-06-05 01:25:00+02:00,15.0,15.0,15.3,14.1,94.0,21.3,84.0,0.0,0.0,0.6,2.0,2.0,1.4,2.0,4.2,157.0,5.0,8.3,130.0,999.0,999.0,2.7,4.8
2024-06-05 01:30:00+02:00,15.0,15.0,15.2,14.1,94.0,21.3,84.0,0.0,0.0,0.6,2.1,2.1,1.4,2.1,4.3,157.1,5.3,9.4,129.0,998.9,998.9,2.7,4.8
2024-06-05 01:45:00+02:00,15.0,15.0,15.3,14.1,94.0,21.1,84.0,0.0,0.0,1.2,2.3,2.3,1.1,2.3,4.5,157.3,5.0,10.4,127.0,998.9,998.9,2.7,4.7
2024-06-05 01:50:00+02:00,15.1,15.1,15.2,14.2,94.0,21.1,84.0,0.0,0.0,1.2,2.4,2.4,1.0,2.4,4.6,157.4,6.2,11.2,130.0,998.9,998.9,2.7,4.7
2024-06-05 01:55:00+02:00,15.1,15.1,14.9,14.4,95.0,21.0,84.0,0.0,0.0,0.6,2.4,2.4,0.9,2.4,4.6,157.4,8.0,11.9,124.0,998.9,998.9,2.7,4.7
2024-06-05 02:00:00+02:00,15.2,15.2,15.4,14.3,94.0,20.9,84.0,0.0,0.0,1.2,2.5,2.5,0.8,2.5,4.7,157.5,6.1,12.6,127.0,998.9,998.9,2.7,4.7
2024-06-05 02:05:00+02:00,15.2,15.2,15.1,14.3,94.0,20.9,84.0,0.0,0.0,0.6,2.5,2.5,0.7,2.5,4.7,157.5,7.3,12.2,141.0,998.9,998.9,2.7,4.6
2024-06-05 02:10:00+02:00,15.2,15.2,15.0,14.3,94.0,20.8,84.0,0.0,0.0,0.0,2.5,2.5,0.6,2.5,4.7,157.5,8.1,11.5,121.0,998.9,998.9,2.7,4.6
2024-06-05 02:15:00+02:00,15.2,15.2,15.2,14.2,94.0,20.8,84.0,0.0,0.0,0.0,2.5,2.5,0.5,2.5,4.7,157.5,6.7,10.8,127.0,998.9,998.9,2.7,4.6
2024-06-05 02:20:00+02:00,15.3,15.3,14.8,14.2,93.0,20.8,84.0,0.0,0.0,0.0,2.5,2.5,0.5,2.5,4.7,157.5,9.0,14.8,127.0,998.9,998.9,2.7,4.6
2024-06-05 02:25:00+02:00,15.3,15.3,15.7,14.2,93.0,20.7,84.0,0.0,0.0,0.0,2.5,2.5,0.4,2.5,4.7,157.5,4.6,14.8,129.0,998.9,998.9,2.7,4.6
2024-06-05 02:30:00+02:00,15.3,15.3,15.8,14.3,94.0,20.7,84.0,0.0,0.0,0.0,2.5,2.5,0.4,2.5,4.7,157.5,4.5,9.7,114.0,999.0,999.0,2.7,4.6
2024-06-05 02:35:00+02:00,15.3,15.3,15.2,14.3,94.0,20.7,84.0,0.0,0.0,0.0,2.5,2.5,0.3,2.5,4.7,157.5,7.5,10.4,120.0,998.9,998.9,2.7,4.6
2024-06-05 02:40:00+02:00,15.3,15.3,15.8,14.3,94.0,20.6,84.0,0.0,0.0,0.6,2.6,2.6,0.3,2.6,4.8,157.6,4.4,13.7,131.0,999.0,999.0,2.7,4.6
2024-06-05 02:45:00+02:00,15.3,15.3,15.3,14.3,94.0,20.5,84.0,0.0,0.0,0.6,2.6,2.6,0.3,2.6,4.8,157.6,6.6,14.0,108.0,998.9,998.9,2.7,4.5
2024-06-05 02:50:00+02:00,15.2,15.2,15.3,14.3,94.0,20.5,84.0,0.0,0.0,0.6,2.7,2.7,0.3,2.7,4.9,157.7,6.7,15.1,125.0,998.8,998.8,2.7,4.5
2024-06-05 02:55:00+02:00,15.3,15.3,15.2,14.3,94.0,20.5,84.0,0.0,0.0,0.6,2.7,2.7,0.3,2.7,4.9,157.7,7.9,14.4,127.0,998.8,998.8,2.7,4.5
2024-06-05 03:00:00+02:00,15.3,15.3,15.3,14.3,94.0,20.5,84.0,0.0,0.0,0.6,2.7,2.7,0.2,2.7,4.9,157.7,7.0,16.9,132.0,998.8,998.8,2.7,4.5
2024-06-05 03:05:00+02:00,15.3,15.3,15.2,14.2,94.0,20.4,84.0,0.0,0.0,0.0,2.7,2.7,0.2,2.7,4.9,157.7,7.1,15.5,124.0,999.0,999.0,2.7,4.5
2024-06-05 03:10:00+02:00,15.2,15.2,15.4,14.2,94.0,20.4,84.0,0.0,0.0,0.0,2.7,2.7,0.2,2.7,4.9,157.7,6.1,12.6,135.0,998.9,998.9,2.7,4.5
2024-06-05 03:15:00+02:00,15.1,15.1,15.8,14.2,94.0,20.4,84.0,0.0,0.0,0.0,2.7,2.7,0.2,2.7,4.9,157.7,3.2,9.4,98.0,999.0,999.0,2.7,4.5
2024-06-05 03:20:00+02:00,15.0,15.0,15.4,14.1,94.0,20.3,84.0,0.0,0.0,0.0,2.7,2.7,0.2,2.7,4.9,157.7,4.9,9.0,134.0,999.1,999.1,2.7,4.5
2024-06-05 03:25:00+02:00,15.1,15.1,15.7,14.1,94.0,20.3,84.0,0.0,0.0,0.0,2.7,2.7,0.2,2.7,4.9,157.7,3.5,6.5,136.0,999.0,999.0,2.72,4.4
2024-06-05 03:30:00+02:00,15.0,15.0,15.7,14.1,94.0,20.3,84.0,0.0,0.0,0.0,2.7,2.7,0.2,2.7,4.9,157.7,3.3,8.6,138.0,999.1,999.1,2.72,4.4
2024-06-05 03:35:00+02:00,15.0,15.0,15.6,14.2,95.0,20.3,84.0,0.0,0.0,0.0,2.7,2.7,0.1,2.7,4.9,157.7,4.0,9.4,131.0,999.2,999.2,2.68,4.5
2024-06-05 03:40:00+02:00,15.0,15.0,15.4,14.1,94.0,20.2,84.0,0.0,0.0,0.0,2.7,2.7,0.1,2.7,4.9,157.7,4.5,9.4,102.0,999.1,999.1,2.68,4.5
2024-06-05 03:45:00+02:00,15.0,15.0,15.5,14.1,94.0,20.2,84.0,0.0,0.0,0.0,2.7,2.7,0.1,2.7,4.9,157.7,3.8,10.1,119.0,999.2,999.2,2.7,4.4
2024-06-05 03:50:00+02:00,15.1,15.1,15.4,14.1,94.0,20.2,84.0,0.0,0.0,0.0,2.7,2.7,0.0,2.7,4.9,157.7,5.2,11.2,2.0,999.2,999.2,2.7,4.4
2024-06-05 03:55:00+02:00,15.0,15.0,15.6,14.1,94.0,20.2,85.0,0.0,0.0,0.0,2.7,2.7,0.0,2.7,4.9,157.7,3.8,8.3,2.0,999.3,999.3,2.7,4.4
2024-06-05 04:00:00+02:00,14.8,14.8,15.1,13.5,92.0,20.2,85.0,0.0,0.0,0.0,2.7,2.7,0.0,2.7,4.9,157.7,4.5,16.2,89.0,999.4,999.4,2.7,4.4
2024-06-05 04:05:00+02:00,14.8,14.8,15.0,13.1,90.0,20.1,85.0,0.0,0.0,0.0,2.7,2.7,0.0,2.7,4.9,157.7,3.7,11.5,112.0,999.3,999.3,2.68,4.5
2024-06-05 04:10:00+02:00,14.7,14.7,14.6,12.9,89.0,20.1,85.0,0.0,0.0,0.0,2.7,2.7,0.0,2.7,4.9,157.7,4.9,10.4,140.0,999.2,999.2,2.68,4.5
2024-06-05 04:15:00+02:00,14.6,14.6,14.6,12.7,88.0,20.0,85.0,0.0,0.0,0.0,2.7,2.7,0.0,2.7,4.9,157.7,4.0,9.4,201.0,999.3,999.3,2.7,4.4
2024-06-05 04:20:00+02:00,14.5,14.5,14.5,12.7,89.0,20.1,85.0,0.0,0.0,0.0,2.7,2.7,0.0,2.7,4.9,157.7,4.5,11.2,167.0,999.5,999.5,2.7,4.4
2024-06-05 04:25:00+02:00,14.6,14.6,14.6,13.0,90.0,20.1,85.0,0.0,0.0,0.0,2.7,2.7,0.0,2.7,4.9,157.7,4.9,11.2,157.0,999.4,999.4,2.7,4.4
2024-06-05 04:30:00+02:00,14.5,14.5,14.7,13.0,91.0,20.0,85.0,0.0,0.0,0.0,2.7,2.7,0.0,2.7,4.9,157.7,3.6,9.4,131.0,999.4,999.4,2.7,4.4
2024-06-05 04:35:00+02:00,14.4,14.4,14.8,12.9,91.0,20.0,85.0,0.0,0.0,0.0,2.7,2.7,0.0,2.7,4.9,157.7,3.0,7.6,52.0,999.5,999.5,2.7,4.4
2024-06-05 04:40:00+02:00,14.4,14.4,14.5,12.9,91.0,19.9,85.0,0.0,0.0,0.0,2.7,2.7,0.0,2.7,4.9,157.7,4.2,11.5,149.0,999.6,999.6,2.7,4.4
2024-06-05 04:45:00+02:00,14.3,14.3,14.2,12.6,89.0,19.9,85.0,0.0,0.0,0.0,2.7,2.7,0.0,2.7,4.9,157.7,4.5,11.5,158.0,999.6,999.6,2.72,4.4
2024-06-05 04:50:00+02:00,14.3,14.3,14.4,12.5,89.0,19.9,85.0,0.1,0.0,0.0,2.7,2.7,0.0,2.7,4.9,157.7,3.6,9.0,256.0,999.5,999.5,2.72,4.4
2024-06-05 04:55:00+02:00,14.3,14.3,14.0,12.4,88.0,19.9,85.0,0.2,0.0,0.0,2.7,2.7,0.0,2.7,4.9,157.7,5.5,10.4,117.0,999.5,999.5,2.7,4.4
2024-06-05 05:00:00+02:00,14.3,14.3,14.2,12.5,89.0,19.9,85.0,0.3,0.0,0.0,2.7,2.7,0.0,2.7,4.9,157.7,4.5,11.2,151.0,999.7,999.7,2.7,4.4
2024-06-05 05:05:00+02:00,14.2,14.2,14.0,12.6,90.0,19.8,85.0,0.9,0.0,0.0,2.7,2.7,0.0,2.7,4.9,157.7,5.1,12.2,136.0,999.6,999.6,2.72,4.4
2024-06-05 05:10:00+02:00,14.1,14.1,14.2,12.5,90.0,19.8,85.0,1.7,0.0,0.0,2.7,2.7,0.0,2.7,4.9,157.7,3.6,9.7,91.0,999.6,999.6,2.72,4.4
2024-06-05 05:15:00+02:00,14.0,14.0,13.7,12.4,90.0,19.8,85.0,2.6,0.0,0.0,2.7,2.7,0.0,2.7,4.9,157.7,5.5,10.8,60.0,999.7,999.7,2.7,4.4
2024-06-05 05:20:00+02:00,14.0,14.0,13.6,12.3,89.0,19.8,85.0,3.8,0.0,0.0,2.7,2.7,0.0,2.7,4.9,157.7,5.8,13.0,79.0,999.7,999.7,2.7,4.4
2024-06-05 05:25:00+02:00,14.1,14.1,13.8,12.1,88.0,19.8,84.0,4.4,0.0,0.0,2.7,2.7,0.0,2.7,4.9,157.7,4.7,9.7,102.0,999.7,999.7,2.7,4.4
2024-06-05 05:30:00+02:00,14.0,14.0,13.4,12.1,88.0,19.7,84.0,4.3,0.0,0.0,2.7,2.7,0.0,2.7,4.9,157.7,6.5,9.0,113.0,999.8,999.8,2.7,4.4
2024-06-05 05:35:00+02:00,14.1,14.1,13.7,12.2,88.0,19.7,84.0,5.0,0.0,0.0,2.7,2.7,0.0,2.7,4.9,157.7,5.5,10.8,130.0,999.8,999.8,2.7,4.4
2024-06-05 05:40:00+02:00,14.1,14.1,13.7,12.1,88.0,19.7,84.0,4.7,0.0,0.0,2.7,2.7,0.0,2.7,4.9,157.7,5.4,14.8,135.0,999.9,999.9,2.7,4.4
2024-06-05 05:45:00+02:00,14.1,14.1,12.7,12.0,87.0,19.7,84.0,5.2,0.0,0.0,2.7,2.7,0.0,2.7,4.9,157.7,10.2,16.6,124.0,999.8,999.8,2.7,4.3
2024-06-05 05:50:00+02:00,14.1,14.1,13.6,12.0,87.0,19.6,84.0,5.0,0.0,0.0,2.7,2.7,0.0,2.7,4.9,157.7,5.9,16.6,147.0,999.9,999.9,2.7,4.3
2024-06-05 05:55:00+02:00,14.2,14.2,13.5,12.0,87.0,19.6,84.0,5.5,0.0,0.0,2.7,2.7,0.0,2.7,4.9,157.7,6.6,13.3,118.0,1000.1,1000.1,2.7,4.3
2024-06-05 06:00:00+02:00,14.1,14.1,13.8,12.0,87.0,19.6,84.0,6.3,0.0,0.0,2.7,2.7,0.0,2.7,4.9,157.7,4.7,13.3,107.0,1000.1,1000.1,2.7,4.3
2024-06-05 06:05:00+02:00,14.2,14.2,13.9,12.0,87.0,19.6,84.0,6.3,0.0,0.0,2.7,2.7,0.0,2.7,4.9,157.7,4.5,11.9,168.0,1000.1,1000.1,2.7,4.3
2024-06-05 06:10:00+02:00,14.2,14.2,13.4,12.1,87.0,19.5,84.0,10.4,0.0,0.0,2.7,2.7,0.0,2.7,4.9,157.7,7.3,11.2,131.0,1000.2,1000.2,2.7,4.3
2024-06-05 06:15:00+02:00,14.1,14.1,13.2,12.0,87.0,19.5,84.0,9.3,0.0,0.0,2.7,2.7,0.0,2.7,4.9,157.7,8.0,15.1,119.0,1000.1,1000.1,2.7,4.3
2024-06-05 06:20:00+02:00,14.1,14.1,13.9,12.0,87.0,19.5,84.0,12.3,0.0,0.0,2.7,2.7,0.0,2.7,4.9,157.7,3.7,11.5,120.0,1000.1,1000.1,2.7,4.3
2024-06-05 06:25:00+02:00,14.1,14.1,13.3,12.0,87.0,19.5,84.0,19.6,0.0,0.0,2.7,2.7,0.0,2.7,4.9,157.7,7.1,15.5,113.0,1000.0,1000.0,2.7,4.3
2024-06-05 06:30:00+02:00,14.2,14.2,14.0,12.0,87.0,19.4,84.0,18.6,0.0,0.0,2.7,2.7,0.0,2.7,4.9,157.7,4.2,14.0,90.0,1000.1,1000.1,2.7,4.3
2024-06-05 06:35:00+02:00,14.1,14.1,13.8,12.1,87.0,19.4,84.0,19.3,0.0,0.0,2.7,2.7,0.0,2.7,4.9,157.7,4.9,9.0,122.0,1000.2,1000.2,2.7,4.3
2024-06-05 06:40:00+02:00,14.1,14.1,13.6,12.1,87.0,19.4,85.0,17.7,0.0,0.0,2.7,2.7,0.0,2.7,4.9,157.7,6.0,13.0,118.0,1000.3,1000.3,2.7,4.3
2024-06-05 06:45:00+02:00,14.2,14.2,13.9,12.1,87.0,19.4,85.0,15.6,0.0,0.0,2.7,2.7,0.0,2.7,4.9,157.7,4.9,13.0,133.0,1000.3,1000.3,2.7,4.3
2024-06-05 06:50:00+02:00,14.2,14.2,13.9,12.1,87.0,19.4,85.0,12.4,0.0,0.0,2.7,2.7,0.0,2.7,4.9,157.7,4.9,13.0,126.0,1000.4,1000.4,2.7,4.3
2024-06-05 06:55:00+02:00,14.2,14.2,14.1,12.2,87.0,19.3,85.0,12.9,0.0,0.0,2.7,2.7,0.0,2.7,4.9,157.7,3.8,9.0,137.0,1000.5,1000.5,2.7,4.3
2024-06-05 07:00:00+02:00,14.2,14.2,14.1,12.1,87.0,19.3,85.0,13.7,0.0,0.0,2.7,2.7,0.0,2.7,4.9,157.7,4.1,10.1,155.0,1000.5,1000.5,2.7,4.3
2024-06-05 07:05:00+02:00,14.2,14.2,14.1,12.2,87.0,19.3,85.0,15.0,0.0,0.0,2.7,2.7,0.0,2.7,4.9,157.7,4.0,12.2,150.0,1000.7,1000.7,2.7,4.3
2024-06-05 07:10:00+02:00,14.2,14.2,14.1,12.1,87.0,19.3,85.0,12.2,0.0,0.0,2.7,2.7,0.0,2.7,4.9,157.7,4.0,19.8,167.0,1000.7,1000.7,2.7,4.3
2024-06-05 07:15:00+02:00,13.8,13.8,12.5,11.8,88.0,19.3,85.0,6.8,0.0,0.0,2.7,2.7,0.0,2.7,4.9,157.7,9.4,22.7,280.0,1000.9,1000.9,2.7,4.3
2024-06-05 07:20:00+02:00,12.1,12.1,10.2,10.7,91.0,19.2,85.0,7.6,0.0,0.0,2.7,2.7,0.0,2.7,4.9,157.7,11.2,23.4,277.0,1001.2,1001.2,2.7,4.3
2024-06-05 07:25:00+02:00,11.7,11.7,10.9,10.5,93.0,19.2,85.0,11.4,0.0,0.6,2.8,2.8,0.1,2.8,5.0,157.8,4.8,14.0,316.0,1001.3,1001.3,2.7,4.3
2024-06-05 07:30:00+02:00,11.4,11.4,10.4,10.3,93.0,19.2,85.0,12.2,0.0,0.6,2.8,2.8,0.1,2.8,5.0,157.8,5.6,14.0,308.0,1001.3,1001.3,2.7,4.3
2024-06-05 07:35:00+02:00,11.3,11.3,10.6,10.3,94.0,19.1,85.0,20.4,0.0,0.6,2.8,2.8,0.1,2.8,5.0,157.8,4.5,11.5,290.0,1001.4,1001.4,2.7,4.3
2024-06-05 07:40:00+02:00,11.3,11.3,10.8,10.3,94.0,19.1,85.0,42.1,0.0,0.0,2.8,2.8,0.1,2.8,5.0,157.8,3.4,8.3,284.0,1001.5,1001.5,2.7,4.3
2024-06-05 07:45:00+02:00,11.3,11.3,10.6,10.3,94.0,19.0,85.0,49.2,0.0,0.0,2.8,2.8,0.1,2.8,5.0,157.8,4.3,10.1,300.0,1001.5,1001.5,2.7,4.2
2024-06-05 07:50:00+02:00,11.3,11.3,10.9,10.4,94.0,19.0,85.0,55.5,0.0,0.0,2.8,2.8,0.1,2.8,5.0,157.8,3.0,7.9,286.0,1001.6,1001.6,2.7,4.2
2024-06-05 07:55:00+02:00,11.3,11.3,10.9,10.4,94.0,18.9,85.0,54.4,0.0,0.0,2.8,2.8,0.1,2.8,5.0,157.8,3.0,8.3,326.0,1001.6,1001.6,2.7,4.3
2024-06-05 08:00:00+02:00,11.4,11.4,11.2,10.4,94.0,18.9,85.0,64.9,0.0,0.0,2.8,2.8,0.1,2.8,5.0,157.8,1.7,6.8,330.0,1001.7,1001.7,2.7,4.3
2024-06-05 08:05:00+02:00,11.5,11.5,11.2,10.6,94.0,18.9,85.0,75.9,0.0,0.0,2.8,2.8,0.1,2.8,5.0,157.8,2.4,5.4,120.0,1001.7,1001.7,2.7,4.3
2024-06-05 08:10:00+02:00,11.7,11.7,11.5,10.5,93.0,18.9,85.0,71.3,0.0,0.0,2.8,2.8,0.1,2.8,5.0,157.8,1.8,5.4,235.0,1001.8,1001.8,2.7,4.3
2024-06-05 08:15:00+02:00,11.8,11.8,11.7,10.7,93.0,18.9,85.0,81.6,0.0,0.0,2.8,2.8,0.1,2.8,5.0,157.8,1.3,5.8,132.0,1001.8,1001.8,2.7,4.3
2024-06-05 08:20:00+02:00,11.8,11.8,12.0,10.7,93.0,18.9,85.0,157.6,1.0,0.0,2.8,2.8,0.1,2.8,5.0,157.8,0.6,5.8,86.0,1001.7,1001.7,2.7,4.3
2024-06-05 08:25:00+02:00,12.1,12.1,11.9,10.9,93.0,18.9,85.0,163.7,1.0,0.0,2.8,2.8,0.0,2.8,5.0,157.8,2.9,6.8,160.0,1001.7,1001.7,2.7,4.3
2024-06-05 08:30:00+02:00,12.3,12.3,11.8,10.8,91.0,18.9,85.0,119.8,1.0,0.0,2.8,2.8,0.0,2.8,5.0,157.8,3.8,6.8,40.0,1001.9,1001.9,2.7,4.3
2024-06-05 08:35:00+02:00,12.5,12.5,12.5,11.0,91.0,18.9,85.0,94.6,0.0,0.0,2.8,2.8,0.0,2.8,5.0,157.8,2.1,7.9,147.0,1001.9,1001.9,2.7,4.4
2024-06-05 08:40:00+02:00,12.6,12.6,12.3,10.9,89.0,18.9,86.0,83.1,0.0,0.0,2.8,2.8,0.0,2.8,5.0,157.8,2.9,7.9,130.0,1002.0,1002.0,2.7,4.4
2024-06-05 08:45:00+02:00,12.7,12.7,12.5,10.9,89.0,18.9,86.0,85.1,0.0,0.0,2.8,2.8,0.0,2.8,5.0,157.8,2.4,6.5,178.0,1002.2,1002.2,2.72,4.4
2024-06-05 08:50:00+02:00,12.8,12.8,12.3,10.9,89.0,18.9,86.0,88.0,0.0,0.0,2.8,2.8,0.0,2.8,5.0,157.8,4.4,9.7,136.0,1002.2,1002.2,2.72,4.4
2024-06-05 08:55:00+02:00,12.7,12.7,12.4,10.8,88.0,18.9,86.0,82.8,0.0,0.0,2.8,2.8,0.0,2.8,5.0,157.8,3.1,8.6,311.0,1002.2,1002.2,2.72,4.4
2024-06-05 09:00:00+02:00,12.5,12.5,12.1,10.2,86.0,18.9,86.0,81.8,0.0,0.0,2.8,2.8,0.0,2.8,5.0,157.8,2.8,10.1,315.0,1002.3,1002.3,2.72,4.4
2024-06-05 09:05:00+02:00,12.6,12.6,11.8,10.4,86.0,18.9,86.0,74.0,0.0,0.0,2.8,2.8,0.0,2.8,5.0,157.8,4.7,12.6,353.0,1002.4,1002.4,2.7,4.4
2024-06-05 09:10:00+02:00,12.6,12.6,12.0,10.5,87.0,18.9,86.0,188.8,1.0,0.0,2.8,2.8,0.0,2.8,5.0,157.8,4.2,11.5,314.0,1002.4,1002.4,2.7,4.4
2024-06-05 09:15:00+02:00,12.8,12.8,12.4,10.5,86.0,18.9,86.0,225.2,2.0,0.0,2.8,2.8,0.0,2.8,5.0,157.8,2.7,13.3,340.0,1002.3,1002.3,2.68,4.5
2024-06-05 09:20:00+02:00,12.9,12.9,12.8,10.7,87.0,18.9,86.0,294.6,2.0,0.0,2.8,2.8,0.0,2.8,5.0,157.8,1.8,5.8,114.0,1002.3,1002.3,2.68,4.5
2024-06-05 09:25:00+02:00,13.2,13.2,13.2,10.7,85.0,19.0,86.0,219.6,2.0,0.0,2.8,2.8,0.0,2.8,5.0,157.8,1.4,6.5,154.0,1002.4,1002.4,2.7,4.6
2024-06-05 09:30:00+02:00,13.4,13.4,13.5,11.0,86.0,19.0,86.0,123.8,1.0,0.0,2.8,2.8,0.0,2.8,5.0,157.8,1.3,4.7,229.0,1002.3,1002.3,2.7,4.6
2024-06-05 09:35:00+02:00,13.4,13.4,13.3,10.9,85.0,19.0,87.0,120.3,1.0,0.0,2.8,2.8,0.0,2.8,5.0,157.8,2.2,3.6,137.0,1002.4,1002.4,2.7,4.6
2024-06-05 09:40:00+02:00,13.5,13.5,13.4,11.1,85.0,19.1,87.0,203.2,1.0,0.0,2.8,2.8,0.0,2.8,5.0,157.8,2.2,6.5,73.0,1002.4,1002.4,2.7,4.6
2024-06-05 09:45:00+02:00,13.7,13.7,13.5,11.0,84.0,19.1,87.0,201.2,1.0,0.0,2.8,2.8,0.0,2.8,5.0,157.8,2.4,7.2,163.0,1002.5,1002.5,2.7,4.7
2024-06-05 09:50:00+02:00,13.9,13.9,13.9,10.9,82.0,19.2,87.0,273.0,2.0,0.0,2.8,2.8,0.0,2.8,5.0,157.8,1.5,5.4,214.0,1002.6,1002.6,2.7,4.7
2024-06-05 09:55:00+02:00,13.8,13.8,13.5,10.9,82.0,19.2,87.0,227.8,2.0,0.0,2.8,2.8,0.0,2.8,5.0,157.8,3.2,6.8,211.0,1002.6,1002.6,2.7,4.7
2024-06-05 10:00:00+02:00,14.1,14.1,13.9,10.7,80.0,19.3,87.0,223.4,2.0,0.0,2.8,2.8,0.0,2.8,5.0,157.8,1.9,7.2,185.0,1002.7,1002.7,2.7,4.7
2024-06-05 10:05:00+02:00,14.1,14.1,13.8,10.7,80.0,19.3,87.0,147.4,1.0,0.0,2.8,2.8,0.0,2.8,5.0,157.8,2.4,6.1,154.0,1002.7,1002.7,2.7,4.8
2024-06-05 10:10:00+02:00,14.1,14.1,14.0,10.7,80.0,19.4,87.0,159.5,1.0,0.0,2.8,2.8,0.0,2.8,5.0,157.8,1.6,5.8,143.0,1002.7,1002.7,2.7,4.8
2024-06-05 10:15:00+02:00,14.2,14.2,14.3,10.6,79.0,19.5,87.0,195.0,1.0,0.0,2.8,2.8,0.0,2.8,5.0,157.8,0.6,6.5,149.0,1002.8,1002.8,2.7,4.8
2024-06-05 10:20:00+02:00,14.5,14.5,14.6,10.8,79.0,19.5,87.0,177.3,1.0,0.0,2.8,2.8,0.0,2.8,5.0,157.8,1.2,5.0,159.0,1002.8,1002.8,2.7,4.8
2024-06-05 10:25:00+02:00,14.2,14.2,13.8,10.6,79.0,19.6,87.0,158.2,1.0,0.0,2.8,2.8,0.0,2.8,5.0,157.8,3.5,10.4,298.0,1002.9,1002.9,2.7,4.9
2024-06-05 10:30:00+02:00,13.7,13.7,12.8,10.4,81.0,19.6,87.0,270.6,2.0,0.0,2.8,2.8,0.0,2.8,5.0,157.8,5.5,10.8,297.0,1002.8,1002.8,2.7,4.9
2024-06-05 10:35:00+02:00,13.9,13.9,13.6,10.8,82.0,19.7,87.0,364.3,3.0,0.0,2.8,2.8,0.0,2.8,5.0,157.8,2.9,5.8,196.0,1002.8,1002.8,2.7,4.9
2024-06-05 10:40:00+02:00,14.4,14.4,14.2,10.5,77.0,19.8,87.0,314.8,2.0,0.0,2.8,2.8,0.0,2.8,5.0,157.8,2.0,4.7,238.0,1002.8,1002.8,2.7,4.9
2024-06-05 10:45:00+02:00,14.7,14.7,14.5,10.5,76.0,19.8,87.0,435.8,4.0,0.0,2.8,2.8,0.0,2.8,5.0,157.8,2.3,9.4,278.0,1002.9,1002.9,2.7,5.1
2024-06-05 10:50:00+02:00,14.5,14.5,14.4,10.4,76.0,19.9,87.0,230.8,2.0,0.0,2.8,2.8,0.0,2.8,5.0,157.8,1.5,10.1,264.0,1003.0,1003.0,2.7,5.1
2024-06-05 10:55:00+02:00,15.0,15.0,14.6,10.7,75.0,20.0,87.0,459.2,4.0,0.0,2.8,2.8,0.0,2.8,5.0,157.8,2.8,6.5,130.0,1002.9,1002.9,2.7,5.2
2024-06-05 11:00:00+02:00,15.5,15.5,15.2,10.6,72.0,20.1,87.0,324.2,3.0,0.0,2.8,2.8,0.0,2.8,5.0,157.8,2.5,6.5,119.0,1003.0,1003.0,2.7,5.2
2024-06-05 11:05:00+02:00,15.7,15.7,15.5,10.4,70.0,20.2,87.0,304.3,2.0,0.0,2.8,2.8,0.0,2.8,5.0,157.8,1.9,5.8,81.0,1003.0,1003.0,2.7,5.2
2024-06-05 11:10:00+02:00,15.8,15.8,15.4,10.1,69.0,20.3,87.0,302.1,2.0,0.0,2.8,2.8,0.0,2.8,5.0,157.8,2.2,5.8,157.0,1002.9,1002.9,2.7,5.2
2024-06-05 11:15:00+02:00,16.0,16.0,15.8,10.3,69.0,20.3,88.0,251.4,2.0,0.0,2.8,2.8,0.0,2.8,5.0,157.8,1.7,5.8,106.0,1003.0,1003.0,2.7,5.2
2024-06-05 11:20:00+02:00,16.2,16.2,16.2,10.7,70.0,20.4,88.0,533.0,4.0,0.0,2.8,2.8,0.0,2.8,5.0,157.8,1.2,5.0,60.0,1003.0,1003.0,2.7,5.2
2024-06-05 11:25:00+02:00,16.6,16.6,16.6,10.6,68.0,20.6,88.0,350.9,3.0,0.0,2.8,2.8,0.0,2.8,5.0,157.8,1.0,5.8,288.0,1003.0,1003.0,2.7,5.2
2024-06-05 11:30:00+02:00,16.8,16.8,16.3,10.4,66.0,20.7,88.0,335.0,3.0,0.0,2.8,2.8,0.0,2.8,5.0,157.8,3.2,6.8,189.0,1003.1,1003.1,2.7,5.2
2024-06-05 11:35:00+02:00,16.8,16.8,16.4,10.3,66.0,20.7,88.0,268.0,2.0,0.0,2.8,2.8,0.0,2.8,5.0,157.8,2.3,6.1,241.0,1003.1,1003.1,2.7,5.2
2024-06-05 11:40:00+02:00,16.8,16.8,16.8,10.5,66.0,20.8,88.0,416.2,3.0,0.0,2.8,2.8,0.0,2.8,5.0,157.8,1.5,6.5,110.0,1003.0,1003.0,2.7,5.2
2024-06-05 11:45:00+02:00,17.2,17.2,16.8,10.6,65.0,20.9,88.0,733.2,6.0,0.0,2.8,2.8,0.0,2.8,5.0,157.8,3.2,7.2,185.0,1003.2,1003.2,2.7,5.2
2024-06-05 11:50:00+02:00,17.0,17.0,16.4,10.5,65.0,21.0,89.0,620.4,5.0,0.0,2.8,2.8,0.0,2.8,5.0,157.8,3.9,11.5,287.0,1003.0,1003.0,2.7,5.2
2024-06-05 11:55:00+02:00,16.5,16.5,15.4,10.0,66.0,21.2,89.0,343.2,3.0,0.0,2.8,2.8,0.0,2.8,5.0,157.8,6.0,11.9,284.0,1003.1,1003.1,2.7,5.2
2024-06-05 12:00:00+02:00,16.1,16.1,15.2,9.8,66.0,21.3,89.0,766.1,7.0,0.0,2.8,2.8,0.0,2.8,5.0,157.8,4.7,13.0,279.0,1003.1,1003.1,2.7,5.2
2024-06-05 12:05:00+02:00,16.0,16.0,15.5,9.7,66.0,21.4,89.0,272.8,2.0,0.0,2.8,2.8,0.0,2.8,5.0,157.8,2.4,7.9,234.0,1003.2,1003.2,2.7,5.2
2024-06-05 12:10:00+02:00,16.7,16.7,16.5,10.1,65.0,21.5,89.0,368.4,3.0,0.0,2.8,2.8,0.0,2.8,5.0,157.8,1.8,7.2,195.0,1003.3,1003.3,2.7,5.2
2024-06-05 12:15:00+02:00,16.9,16.9,16.2,10.1,64.0,21.7,89.0,333.0,3.0,0.0,2.8,2.8,0.0,2.8,5.0,157.8,4.1,11.9,58.0,1003.3,1003.3,2.7,5.2
2024-06-05 12:20:00+02:00,16.6,16.6,15.4,9.9,65.0,21.8,89.0,416.3,3.0,0.0,2.8,2.8,0.0,2.8,5.0,157.8,6.2,11.9,285.0,1003.2,1003.2,2.7,5.2
2024-06-05 12:25:00+02:00,16.7,16.7,16.3,10.0,65.0,21.8,88.0,696.1,6.0,0.0,2.8,2.8,0.0,2.8,5.0,157.8,2.4,13.3,272.0,1003.4,1003.4,2.7,5.2
2024-06-05 12:30:00+02:00,17.2,17.2,16.5,9.9,62.0,21.9,89.0,452.6,4.0,0.0,2.8,2.8,0.0,2.8,5.0,157.8,3.7,15.8,272.0,1003.3,1003.3,2.7,5.2
2024-06-05 12:35:00+02:00,16.8,16.8,15.8,9.7,63.0,22.0,89.0,566.1,5.0,0.0,2.8,2.8,0.0,2.8,5.0,157.8,4.5,14.4,292.0,1003.2,1003.2,2.7,5.3
2024-06-05 12:40:00+02:00,17.2,17.2,16.7,9.7,61.0,22.2,89.0,472.5,4.0,0.0,2.8,2.8,0.0,2.8,5.0,157.8,2.4,6.8,88.0,1003.2,1003.2,2.7,5.3
2024-06-05 12:45:00+02:00,18.1,18.1,17.3,10.1,60.0,22.3,89.0,377.5,3.0,0.0,2.8,2.8,0.0,2.8,5.0,157.8,4.5,15.5,203.0,1003.3,1003.3,2.7,5.3
2024-06-05 12:50:00+02:00,17.8,17.8,17.0,9.7,59.0,22.4,89.0,430.1,3.0,0.0,2.8,2.8,0.0,2.8,5.0,157.8,3.8,15.5,249.0,1003.2,1003.2,2.7,5.3
2024-06-05 12:55:00+02:00,17.9,17.9,16.8,10.0,60.0,22.6,89.0,295.3,2.0,0.0,2.8,2.8,0.0,2.8,5.0,157.8,5.8,14.4,120.0,1003.3,1003.3,2.7,5.3
2024-06-05 13:00:00+02:00,17.3,17.3,16.6,9.6,61.0,22.7,89.0,224.4,2.0,0.0,2.8,2.8,0.0,2.8,5.0,157.8,3.2,9.7,128.0,1003.3,1003.3,2.7,5.3
2024-06-05 13:05:00+02:00,17.1,17.1,16.2,9.6,61.0,22.8,88.0,204.5,1.0,0.0,2.8,2.8,0.0,2.8,5.0,157.8,4.3,10.4,264.0,1003.3,1003.3,2.7,5.3
2024-06-05 13:10:00+02:00,17.0,17.0,15.3,9.7,62.0,22.9,88.0,394.7,3.0,0.0,2.8,2.8,0.0,2.8,5.0,157.8,8.8,14.4,121.0,1003.4,1003.4,2.7,5.3
2024-06-05 13:15:00+02:00,16.9,16.9,16.2,9.6,62.0,23.0,88.0,513.6,4.0,0.0,2.8,2.8,0.0,2.8,5.0,157.8,3.4,10.8,89.0,1003.2,1003.2,2.7,5.3
2024-06-05 13:20:00+02:00,17.5,17.5,16.6,9.8,61.0,23.0,88.0,640.2,5.0,0.0,2.8,2.8,0.0,2.8,5.0,157.8,4.2,9.0,131.0,1003.1,1003.1,2.7,5.3
2024-06-05 13:25:00+02:00,18.3,18.3,17.3,9.6,57.0,23.1,89.0,644.8,5.0,0.0,2.8,2.8,0.0,2.8,5.0,157.8,4.9,13.3,140.0,1003.2,1003.2,2.7,5.3
2024-06-05 13:30:00+02:00,18.5,18.5,17.8,9.3,55.0,23.3,88.0,521.5,4.0,0.0,2.8,2.8,0.0,2.8,5.0,157.8,3.3,11.2,134.0,1003.1,1003.1,2.7,5.3
2024-06-05 13:35:00+02:00,18.5,18.5,17.8,9.5,56.0,23.4,88.0,484.1,4.0,0.0,2.8,2.8,0.0,2.8,5.0,157.8,3.1,7.2,195.0,1003.1,1003.1,2.7,5.3
2024-06-05 13:40:00+02:00,18.7,18.7,18.0,9.6,56.0,23.5,88.0,616.3,5.0,0.0,2.8,2.8,0.0,2.8,5.0,157.8,3.1,9.7,197.0,1003.1,1003.1,2.7,5.3
2024-06-05 13:45:00+02:00,19.0,19.0,18.1,9.8,55.0,23.6,88.0,607.6,5.0,0.0,2.8,2.8,0.0,2.8,5.0,157.8,4.5,7.9,152.0,1003.1,1003.1,2.7,5.3
2024-06-05 13:50:00+02:00,19.3,19.3,18.5,9.4,53.0,23.7,88.0,624.7,5.0,0.0,2.8,2.8,0.0,2.8,5.0,157.8,3.6,8.3,205.0,1003.2,1003.2,2.7,5.3
2024-06-05 13:55:00+02:00,17.9,17.9,16.8,9.5,58.0,23.8,88.0,620.0,5.0,0.0,2.8,2.8,0.0,2.8,5.0,157.8,5.3,10.4,114.0,1003.0,1003.0,2.7,5.3
2024-06-05 14:00:00+02:00,18.5,18.5,17.6,9.7,57.0,23.9,88.0,528.5,4.0,0.0,2.8,2.8,0.0,2.8,5.0,157.8,4.5,12.2,145.0,1003.0,1003.0,2.7,5.3
2024-06-05 14:05:00+02:00,18.8,18.8,18.0,9.3,54.0,24.0,88.0,739.7,6.0,0.0,2.8,2.8,0.0,2.8,5.0,157.8,3.5,9.4,159.0,1002.9,1002.9,2.7,5.3
2024-06-05 14:10:00+02:00,19.7,19.7,18.9,9.8,53.0,24.1,88.0,705.4,6.0,0.0,2.8,2.8,0.0,2.8,5.0,157.8,4.3,10.4,161.0,1003.0,1003.0,2.7,5.3
2024-06-05 14:15:00+02:00,20.2,20.2,18.8,9.7,51.0,24.3,88.0,741.1,6.0,0.0,2.8,2.8,0.0,2.8,5.0,157.8,6.9,11.5,131.0,1003.1,1003.1,2.7,5.3
2024-06-05 14:20:00+02:00,19.8,19.8,18.7,9.2,50.0,24.3,88.0,643.2,5.0,0.0,2.8,2.8,0.0,2.8,5.0,157.8,4.9,16.2,336.0,1003.1,1003.1,2.7,5.3
2024-06-05 14:25:00+02:00,20.0,20.0,19.1,9.8,52.0,24.5,88.0,698.3,6.0,0.0,2.8,2.8,0.0,2.8,5.0,157.8,4.1,11.9,180.0,1003.0,1003.0,2.7,5.3
2024-06-05 14:30:00+02:00,20.5,20.5,20.0,10.1,51.0,24.6,88.0,341.0,3.0,0.0,2.8,2.8,0.0,2.8,5.0,157.8,2.9,10.1,318.0,1002.9,1002.9,2.7,5.3
2024-06-05 14:35:00+02:00,18.9,18.9,17.1,9.7,55.0,24.7,88.0,181.9,1.0,0.0,2.8,2.8,0.0,2.8,5.0,157.8,8.6,14.4,123.0,1002.9,1002.9,2.7,5.3
2024-06-05 14:40:00+02:00,17.7,17.7,16.9,9.6,59.0,24.8,88.0,96.2,0.0,0.0,2.8,2.8,0.0,2.8,5.0,157.8,3.7,14.4,260.0,1003.0,1003.0,2.7,5.3
2024-06-05 14:45:00+02:00,18.0,18.0,17.4,9.4,57.0,24.8,88.0,89.8,0.0,0.0,2.8,2.8,0.0,2.8,5.0,157.8,2.9,12.6,170.0,1003.0,1003.0,2.7,5.3
2024-06-05 14:50:00+02:00,17.5,17.5,16.2,9.2,58.0,24.9,87.0,82.1,0.0,0.0,2.8,2.8,0.0,2.8,5.0,157.8,5.6,11.9,273.0,1003.0,1003.0,2.7,5.3
2024-06-05 14:55:00+02:00,17.3,17.3,16.6,9.3,60.0,24.9,87.0,161.8,1.0,0.0,2.8,2.8,0.0,2.8,5.0,157.8,3.0,13.7,259.0,1003.0,1003.0,2.7,5.3
2024-06-05 15:00:00+02:00,17.6,17.6,17.1,9.5,59.0,24.9,87.0,126.1,1.0,0.0,2.8,2.8,0.0,2.8,5.0,157.8,2.1,6.1,268.0,1003.1,1003.1,2.7,5.3
2024-06-05 15:05:00+02:00,17.7,17.7,17.0,9.3,58.0,24.8,87.0,209.9,1.0,0.0,2.8,2.8,0.0,2.8,5.0,157.8,2.5,6.5,187.0,1003.0,1003.0,2.7,5.3
2024-06-05 15:10:00+02:00,17.7,17.7,16.6,9.8,60.0,24.8,87.0,228.4,2.0,0.0,2.8,2.8,0.0,2.8,5.0,157.8,5.5,11.2,215.0,1003.1,1003.1,2.7,5.3
2024-06-05 15:15:00+02:00,17.8,17.8,17.4,9.3,58.0,24.9,87.0,380.6,3.0,0.0,2.8,2.8,0.0,2.8,5.0,157.8,1.8,6.5,176.0,1003.1,1003.1,2.7,5.3
2024-06-05 15:20:00+02:00,19.0,19.0,19.1,10.3,57.0,24.8,87.0,439.4,4.0,0.0,2.8,2.8,0.0,2.8,5.0,157.8,0.0,4.0,123.0,1003.1,1003.1,2.7,5.3
2024-06-05 15:25:00+02:00,19.3,19.3,18.8,9.8,54.0,24.9,87.0,208.2,1.0,0.0,2.8,2.8,0.0,2.8,5.0,157.8,2.5,10.1,143.0,1003.2,1003.2,2.7,5.3
2024-06-05 15:30:00+02:00,18.6,18.6,17.5,9.3,55.0,24.9,87.0,251.8,2.0,0.0,2.8,2.8,0.0,2.8,5.0,157.8,5.0,11.2,155.0,1003.2,1003.2,2.7,5.3
2024-06-05 15:35:00+02:00,17.9,17.9,16.7,9.1,56.0,24.9,87.0,194.9,1.0,0.0,2.8,2.8,0.0,2.8,5.0,157.8,5.3,11.2,139.0,1003.3,1003.3,2.7,5.3
2024-06-05 15:40:00+02:00,18.1,18.1,17.1,9.0,56.0,25.0,87.0,647.0,6.0,0.0,2.8,2.8,0.0,2.8,5.0,157.8,4.1,10.1,166.0,1003.3,1003.3,2.7,5.3
2024-06-05 15:45:00+02:00,18.8,18.8,17.9,9.1,53.0,25.0,87.0,707.7,6.0,0.0,2.8,2.8,0.0,2.8,5.0,157.8,3.5,9.0,193.0,1003.1,1003.1,2.7,5.3
2024-06-05 15:50:00+02:00,19.3,19.3,18.5,9.4,53.0,25.0,87.0,283.5,2.0,0.0,2.8,2.8,0.0,2.8,5.0,157.8,3.5,9.4,187.0,1003.3,1003.3,2.7,5.3
2024-06-05 15:55:00+02:00,18.6,18.6,17.6,9.2,55.0,25.0,87.0,217.0,2.0,0.0,2.8,2.8,0.0,2.8,5.0,157.8,4.2,15.8,129.0,1003.2,1003.2,2.7,5.3
2024-06-05 16:00:00+02:00,18.6,18.6,17.7,9.0,54.0,25.0,87.0,277.6,2.0,0.0,2.8,2.8,0.0,2.8,5.0,157.8,3.6,8.3,120.0,1003.2,1003.2,2.7,5.3
2024-06-05 16:05:00+02:00,18.4,18.4,17.4,9.2,55.0,25.0,87.0,214.1,1.0,0.0,2.8,2.8,0.0,2.8,5.0,157.8,4.4,9.7,146.0,1003.2,1003.2,2.7,5.3
2024-06-05 16:10:00+02:00,18.7,18.7,17.7,8.9,53.0,25.0,87.0,212.4,1.0,0.0,2.8,2.8,0.0,2.8,5.0,157.8,3.7,10.1,40.0,1003.2,1003.2,2.7,5.3
2024-06-05 16:15:00+02:00,18.8,18.8,18.0,8.9,53.0,25.0,88.0,196.1,1.0,0.0,2.8,2.8,0.0,2.8,5.0,157.8,3.0,10.1,187.0,1003.3,1003.3,2.7,5.3
2024-06-05 16:20:00+02:00,18.6,18.6,17.8,8.7,52.0,25.0,89.0,157.2,1.0,0.0,2.8,2.8,0.0,2.8,5.0,157.8,2.7,9.0,283.0,1003.3,1003.3,2.7,5.3
2024-06-05 16:25:00+02:00,18.2,18.2,16.8,8.8,54.0,25.0,91.0,113.0,1.0,0.0,2.8,2.8,0.0,2.8,5.0,157.8,5.6,11.2,282.0,1003.4,1003.4,2.7,5.3
2024-06-05 16:30:00+02:00,17.5,17.5,16.3,8.2,54.0,25.0,91.0,85.6,0.0,0.0,2.8,2.8,0.0,2.8,5.0,157.8,4.0,18.4,264.0,1003.4,1003.4,2.7,5.3
2024-06-05 16:35:00+02:00,17.6,17.6,16.5,8.4,55.0,25.0,92.0,145.4,1.0,0.0,2.8,2.8,0.0,2.8,5.0,157.8,3.7,11.5,266.0,1003.3,1003.3,2.7,5.3
2024-06-05 16:40:00+02:00,17.7,17.7,16.7,8.2,54.0,24.9,91.0,134.7,1.0,0.0,2.8,2.8,0.0,2.8,5.0,157.8,2.9,13.3,257.0,1003.4,1003.4,2.7,5.3
2024-06-05 16:45:00+02:00,17.7,17.7,16.3,8.0,53.0,24.9,91.0,111.1,1.0,0.0,2.8,2.8,0.0,2.8,5.0,157.8,5.0,10.8,287.0,1003.3,1003.3,2.7,5.3
2024-06-05 16:50:00+02:00,17.9,17.9,16.8,8.1,53.0,24.9,90.0,184.0,1.0,0.0,2.8,2.8,0.0,2.8,5.0,157.8,3.2,9.7,275.0,1003.2,1003.2,2.7,5.3
2024-06-05 16:55:00+02:00,17.9,17.9,16.7,7.6,51.0,24.9,90.0,169.0,1.0,0.0,2.8,2.8,0.0,2.8,5.0,157.8,3.2,14.4,266.0,1003.3,1003.3,2.7,5.2
2024-06-05 17:00:00+02:00,18.0,18.0,16.8,8.1,53.0,24.8,90.0,139.1,1.0,0.0,2.8,2.8,0.0,2.8,5.0,157.8,3.5,11.2,148.0,1003.3,1003.3,2.7,5.2
2024-06-05 17:05:00+02:00,17.9,17.9,16.6,7.7,51.0,24.9,89.0,114.9,1.0,0.0,2.8,2.8,0.0,2.8,5.0,157.8,4.1,9.4,210.0,1003.2,1003.2,2.7,5.2
2024-06-05 17:10:00+02:00,17.8,17.8,16.1,7.3,50.0,24.9,89.0,149.8,1.0,0.0,2.8,2.8,0.0,2.8,5.0,157.8,5.0,13.7,253.0,1003.4,1003.4,2.7,5.2
2024-06-05 17:15:00+02:00,17.8,17.8,16.2,7.6,51.0,24.8,88.0,451.9,4.0,0.0,2.8,2.8,0.0,2.8,5.0,157.8,5.3,14.4,259.0,1003.3,1003.3,2.7,5.2
2024-06-05 17:20:00+02:00,18.6,18.6,17.1,7.4,48.0,24.8,89.0,447.8,4.0,0.0,2.8,2.8,0.0,2.8,5.0,157.8,4.5,12.6,330.0,1003.3,1003.3,2.7,5.2
2024-06-05 17:25:00+02:00,19.1,19.1,17.6,7.4,47.0,24.8,88.0,411.5,3.0,0.0,2.8,2.8,0.0,2.8,5.0,157.8,4.7,10.8,290.0,1003.2,1003.2,2.7,5.2
2024-06-05 17:30:00+02:00,18.8,18.8,17.5,7.5,48.0,24.8,88.0,409.7,3.0,0.0,2.8,2.8,0.0,2.8,5.0,157.8,3.7,11.9,237.0,1003.3,1003.3,2.7,5.2
2024-06-05 17:35:00+02:00,18.7,18.7,16.6,7.2,47.0,24.8,88.0,446.4,4.0,0.0,2.8,2.8,0.0,2.8,5.0,157.8,7.4,19.4,285.0,1003.4,1003.4,2.7,5.2
2024-06-05 17:40:00+02:00,18.4,18.4,16.5,7.0,47.0,24.9,88.0,248.3,2.0,0.0,2.8,2.8,0.0,2.8,5.0,157.8,6.4,18.4,252.0,1003.4,1003.4,2.7,5.2
2024-06-05 17:45:00+02:00,18.4,18.4,16.6,7.2,48.0,24.8,87.0,125.2,1.0,0.0,2.8,2.8,0.0,2.8,5.0,157.8,5.7,16.2,267.0,1003.4,1003.4,2.7,5.3
2024-06-05 17:50:00+02:00,18.3,18.3,16.7,7.1,48.0,24.8,88.0,108.0,1.0,0.0,2.8,2.8,0.0,2.8,5.0,157.8,4.6,9.7,245.0,1003.4,1003.4,2.7,5.3
2024-06-05 17:55:00+02:00,18.2,18.2,17.0,7.0,48.0,24.8,87.0,72.5,0.0,0.0,2.8,2.8,0.0,2.8,5.0,157.8,2.0,7.2,214.0,1003.5,1003.5,2.7,5.3
2024-06-05 18:00:00+02:00,18.0,18.0,16.8,7.0,49.0,24.8,87.0,163.7,1.0,0.0,2.8,2.8,0.0,2.8,5.0,157.8,2.2,6.5,130.0,1003.6,1003.6,2.7,5.3
2024-06-05 18:05:00+02:00,17.9,17.9,16.5,6.7,48.0,24.7,87.0,152.9,1.0,0.0,2.8,2.8,0.0,2.8,5.0,157.8,3.6,10.8,303.0,1003.6,1003.6,2.7,5.2
2024-06-05 18:10:00+02:00,17.9,17.9,16.4,6.7,48.0,24.7,87.0,293.4,2.0,0.0,2.8,2.8,0.0,2.8,5.0,157.8,4.0,15.1,277.0,1003.5,1003.5,2.7,5.2
2024-06-05 18:15:00+02:00,17.8,17.8,15.9,6.7,48.0,24.7,87.0,101.3,0.0,0.0,2.8,2.8,0.0,2.8,5.0,157.8,5.7,14.8,288.0,1003.5,1003.5,2.7,5.2
2024-06-05 18:20:00+02:00,17.7,17.7,16.4,6.7,49.0,24.7,87.0,153.5,1.0,0.0,2.8,2.8,0.0,2.8,5.0,157.8,2.4,7.6,229.0,1003.6,1003.6,2.7,5.2
2024-06-05 18:25:00+02:00,17.8,17.8,15.7,6.7,48.0,24.6,86.0,165.6,1.0,0.0,2.8,2.8,0.0,2.8,5.0,157.8,6.8,16.6,286.0,1003.5,1003.5,2.7,5.2
2024-06-05 18:30:00+02:00,17.9,17.9,16.5,6.6,48.0,24.6,87.0,110.6,1.0,0.0,2.8,2.8,0.0,2.8,5.0,157.8,3.1,14.8,232.0,1003.7,1003.7,2.7,5.2
2024-06-05 18:35:00+02:00,17.9,17.9,16.2,6.6,47.0,24.5,87.0,110.9,1.0,0.0,2.8,2.8,0.0,2.8,5.0,157.8,5.0,10.8,267.0,1003.6,1003.6,2.7,5.2
2024-06-05 18:40:00+02:00,17.3,17.3,15.3,6.8,50.0,24.5,86.0,98.3,0.0,0.0,2.8,2.8,0.0,2.8,5.0,157.8,6.5,14.4,282.0,1003.7,1003.7,2.7,5.2
2024-06-05 18:45:00+02:00,17.1,17.1,14.8,6.1,49.0,24.5,86.0,78.2,0.0,0.0,2.8,2.8,0.0,2.8,5.0,157.8,6.8,18.7,264.0,1003.7,1003.7,2.7,5.2
2024-06-05 18:50:00+02:00,17.0,17.0,15.3,6.2,49.0,24.4,86.0,115.1,1.0,0.0,2.8,2.8,0.0,2.8,5.0,157.8,4.5,16.9,283.0,1003.7,1003.7,2.7,5.2
2024-06-05 18:55:00+02:00,17.1,17.1,15.5,6.2,49.0,24.4,86.0,115.4,1.0,0.0,2.8,2.8,0.0,2.8,5.0,157.8,4.0,13.3,275.0,1003.6,1003.6,2.7,5.2
2024-06-05 19:00:00+02:00,17.2,17.2,14.8,5.8,47.0,24.3,86.0,90.7,0.0,0.0,2.8,2.8,0.0,2.8,5.0,157.8,7.4,15.5,265.0,1003.7,1003.7,2.7,5.2
2024-06-05 19:05:00+02:00,16.9,16.9,14.8,5.9,48.0,24.3,86.0,78.8,0.0,0.0,2.8,2.8,0.0,2.8,5.0,157.8,5.9,16.2,275.0,1003.8,1003.8,2.7,5.2
2024-06-05 19:10:00+02:00,16.8,16.8,14.6,5.5,47.0,24.3,86.0,93.3,0.0,0.0,2.8,2.8,0.0,2.8,5.0,157.8,5.8,16.2,269.0,1003.8,1003.8,2.7,5.2
2024-06-05 19:15:00+02:00,16.6,16.6,13.7,5.4,47.0,24.2,85.0,84.8,0.0,0.0,2.8,2.8,0.0,2.8,5.0,157.8,9.6,19.1,288.0,1003.8,1003.8,2.7,5.2
2024-06-05 19:20:00+02:00,16.6,16.6,13.7,5.3,47.0,24.1,85.0,89.6,0.0,0.0,2.8,2.8,0.0,2.8,5.0,157.8,9.4,20.2,278.0,1003.9,1003.9,2.7,5.2
2024-06-05 19:25:00+02:00,16.6,16.6,13.9,5.3,47.0,24.1,85.0,98.5,0.0,0.0,2.8,2.8,0.0,2.8,5.0,157.8,8.2,19.4,273.0,1004.0,1004.0,2.7,5.2
2024-06-05 19:30:00+02:00,16.6,16.6,14.7,5.7,49.0,24.0,85.0,94.3,0.0,0.0,2.8,2.8,0.0,2.8,5.0,157.8,4.9,19.4,280.0,1004.0,1004.0,2.7,5.2
2024-06-05 19:35:00+02:00,16.6,16.6,14.8,5.8,49.0,24.0,85.0,75.2,0.0,0.0,2.8,2.8,0.0,2.8,5.0,157.8,4.1,9.7,266.0,1004.1,1004.1,2.7,5.2
2024-06-05 19:40:00+02:00,16.5,16.5,14.5,5.4,48.0,23.9,85.0,61.9,0.0,0.0,2.8,2.8,0.0,2.8,5.0,157.8,5.0,15.5,271.0,1004.2,1004.2,2.7,5.2
2024-06-05 19:45:00+02:00,16.4,16.4,14.9,5.2,48.0,23.9,85.0,48.6,0.0,0.0,2.8,2.8,0.0,2.8,5.0,157.8,1.9,10.8,325.0,1004.1,1004.1,2.7,5.2
2024-06-05 19:50:00+02:00,16.3,16.3,14.4,5.2,48.0,23.8,85.0,69.7,0.0,0.0,2.8,2.8,0.0,2.8,5.0,157.8,4.6,12.2,286.0,1004.2,1004.2,2.7,5.2
2024-06-05 19:55:00+02:00,16.2,16.2,14.1,5.1,48.0,23.8,85.0,67.6,0.0,0.0,2.8,2.8,0.0,2.8,5.0,157.8,5.0,12.2,268.0,1004.4,1004.4,2.7,5.2
2024-06-05 20:00:00+02:00,16.2,16.2,14.2,5.1,48.0,23.7,85.0,57.1,0.0,0.0,2.8,2.8,0.0,2.8,5.0,157.8,4.3,10.4,275.0,1004.3,1004.3,2.7,5.2
2024-06-05 20:05:00+02:00,16.2,16.2,14.8,5.2,48.0,23.7,85.0,39.6,0.0,0.0,2.8,2.8,0.0,2.8,5.0,157.8,1.6,8.3,284.0,1004.3,1004.3,2.7,5.2
2024-06-05 20:10:00+02:00,16.1,16.1,14.2,5.3,49.0,23.6,85.0,35.4,0.0,0.0,2.8,2.8,0.0,2.8,5.0,157.8,4.2,11.2,259.0,1004.4,1004.4,2.7,5.2
2024-06-05 20:15:00+02:00,16.0,16.0,14.0,5.2,49.0,23.6,85.0,33.1,0.0,0.0,2.8,2.8,0.0,2.8,5.0,157.8,4.6,10.8,251.0,1004.4,1004.4,2.7,5.2
2024-06-05 20:20:00+02:00,15.9,15.9,14.3,5.4,50.0,23.5,84.0,30.9,0.0,0.0,2.8,2.8,0.0,2.8,5.0,157.8,2.8,7.2,317.0,1004.5,1004.5,2.7,5.2
2024-06-05 20:25:00+02:00,15.7,15.7,14.1,4.9,49.0,23.5,84.0,28.6,0.0,0.0,2.8,2.8,0.0,2.8,5.0,157.8,2.5,12.2,287.0,1004.5,1004.5,2.7,5.2
2024-06-05 20:30:00+02:00,15.5,15.5,13.2,5.2,50.0,23.4,84.0,25.9,0.0,0.0,2.8,2.8,0.0,2.8,5.0,157.8,6.2,11.2,269.0,1004.8,1004.8,2.7,5.2
2024-06-05 20:35:00+02:00,15.3,15.3,12.9,5.0,50.0,23.3,84.0,24.7,0.0,0.0,2.8,2.8,0.0,2.8,5.0,157.8,6.8,15.1,278.0,1004.8,1004.8,2.7,5.2
2024-06-05 20:40:00+02:00,15.2,15.2,13.3,4.9,50.0,23.2,84.0,24.5,0.0,0.0,2.8,2.8,0.0,2.8,5.0,157.8,3.7,15.1,314.0,1004.9,1004.9,2.7,5.2
2024-06-05 20:45:00+02:00,15.1,15.1,13.0,5.0,51.0,23.1,84.0,21.6,0.0,0.0,2.8,2.8,0.0,2.8,5.0,157.8,4.8,13.0,264.0,1005.0,1005.0,2.7,5.2
2024-06-05 20:50:00+02:00,15.1,15.1,13.5,4.7,50.0,23.1,84.0,15.9,0.0,0.0,2.8,2.8,0.0,2.8,5.0,157.8,2.2,16.2,261.0,1005.0,1005.0,2.7,5.2
2024-06-05 20:55:00+02:00,15.1,15.1,13.1,4.8,50.0,23.0,84.0,14.7,0.0,0.0,2.8,2.8,0.0,2.8,5.0,157.8,4.5,9.0,286.0,1005.2,1005.2,2.7,5.2
2024-06-05 21:00:00+02:00,15.0,15.0,13.4,4.8,51.0,23.0,83.0,14.4,0.0,0.0,2.8,2.8,0.0,2.8,5.0,157.8,2.4,9.0,174.0,1005.1,1005.1,2.7,5.2
2024-06-05 21:05:00+02:00,14.9,14.9,13.1,4.9,51.0,22.8,84.0,12.1,0.0,0.0,2.8,2.8,0.0,2.8,5.0,157.8,3.5,9.0,6.0,1005.2,1005.2,2.7,5.2
2024-06-05 21:10:00+02:00,14.8,14.8,12.9,4.5,50.0,22.8,84.0,11.3,0.0,0.0,2.8,2.8,0.0,2.8,5.0,157.8,3.4,9.0,275.0,1005.2,1005.2,2.7,5.2
2024-06-05 21:15:00+02:00,14.7,14.7,12.6,4.6,51.0,22.7,84.0,9.7,0.0,0.0,2.8,2.8,0.0,2.8,5.0,157.8,4.8,8.3,263.0,1005.2,1005.2,2.7,5.2
2024-06-05 21:20:00+02:00,14.7,14.7,12.3,4.4,50.0,22.6,84.0,7.3,0.0,0.0,2.8,2.8,0.0,2.8,5.0,157.8,5.8,11.5,256.0,1005.3,1005.3,2.7,5.2
2024-06-05 21:25:00+02:00,14.6,14.6,13.1,4.4,50.0,22.5,83.0,5.9,0.0,0.0,2.8,2.8,0.0,2.8,5.0,157.8,1.4,11.5,213.0,1005.2,1005.2,2.7,5.2
2024-06-05 21:30:00+02:00,14.4,14.4,12.8,4.5,51.0,22.5,83.0,4.7,0.0,0.0,2.8,2.8,0.0,2.8,5.0,157.8,1.8,5.4,319.0,1005.3,1005.3,2.7,5.2
2024-06-05 21:35:00+02:00,14.3,14.3,12.6,4.5,52.0,22.4,83.0,3.5,0.0,0.0,2.8,2.8,0.0,2.8,5.0,157.8,2.6,9.0,270.0,1005.5,1005.5,2.7,5.2
2024-06-05 21:40:00+02:00,14.3,14.3,12.0,4.4,51.0,22.3,83.0,2.4,0.0,0.0,2.8,2.8,0.0,2.8,5.0,157.8,5.3,9.0,269.0,1005.6,1005.6,2.7,5.2
2024-06-05 21:45:00+02:00,14.2,14.2,12.5,4.5,52.0,22.2,83.0,1.7,0.0,0.0,2.8,2.8,0.0,2.8,5.0,157.8,2.4,5.8,267.0,1005.5,1005.5,2.7,5.2
2024-06-05 21:50:00+02:00,14.1,14.1,12.4,4.4,52.0,22.1,83.0,0.9,0.0,0.0,2.8,2.8,0.0,2.8,5.0,157.8,2.2,9.7,292.0,1005.8,1005.8,2.7,5.2
2024-06-05 21:55:00+02:00,14.1,14.1,12.3,4.3,52.0,22.0,83.0,0.6,0.0,0.0,2.8,2.8,0.0,2.8,5.0,157.8,2.7,9.7,268.0,1005.9,1005.9,2.7,5.2
2024-06-05 22:00:00+02:00,14.1,14.1,12.4,4.2,51.0,21.9,83.0,0.2,0.0,0.0,2.8,2.8,0.0,2.8,5.0,157.8,2.1,9.4,266.0,1006.0,1006.0,2.7,5.2
2024-06-05 22:05:00+02:00,14.2,14.2,12.1,4.0,50.0,21.8,83.0,0.1,0.0,0.0,2.8,2.8,0.0,2.8,5.0,157.8,3.8,10.1,273.0,1006.2,1006.2,2.7,5.1
2024-06-05 22:10:00+02:00,14.2,14.2,11.9,3.6,49.0,21.7,83.0,0.1,0.0,0.0,2.8,2.8,0.0,2.8,5.0,157.8,4.5,11.5,277.0,1006.2,1006.2,2.7,5.1
2024-06-05 22:15:00+02:00,14.2,14.2,12.2,3.7,49.0,21.7,83.0,0.0,0.0,0.0,2.8,2.8,0.0,2.8,5.0,157.8,3.0,8.6,271.0,1006.2,1006.2,2.7,5.1
2024-06-05 22:20:00+02:00,14.2,14.2,12.1,3.5,49.0,21.5,83.0,0.0,0.0,0.0,2.8,2.8,0.0,2.8,5.0,157.8,3.0,15.1,248.0,1006.2,1006.2,2.7,5.1
2024-06-05 22:25:00+02:00,14.0,14.0,12.2,3.7,50.0,21.5,83.0,0.0,0.0,0.0,2.8,2.8,0.0,2.8,5.0,157.8,2.2,4.3,290.0,1006.2,1006.2,2.7,5.1
2024-06-05 22:35:00+02:00,13.9,13.9,10.8,3.8,51.0,21.3,83.0,0.0,0.0,0.0,2.8,2.8,0.0,2.8,5.0,157.8,8.8,9.4,281.0,1006.5,1006.5,2.7,5.1
2024-06-05 22:40:00+02:00,13.9,13.9,11.3,3.7,50.0,21.3,83.0,0.0,0.0,0.0,2.8,2.8,0.0,2.8,5.0,157.8,6.3,12.2,278.0,1006.5,1006.5,2.7,5.1
2024-06-05 22:45:00+02:00,13.8,13.8,11.4,3.4,49.0,21.2,83.0,0.0,0.0,0.0,2.8,2.8,0.0,2.8,5.0,157.8,5.1,9.4,284.0,1006.7,1006.7,2.7,5.1
2024-06-05 22:50:00+02:00,13.8,13.8,11.6,3.3,49.0,21.1,83.0,0.0,0.0,0.0,2.8,2.8,0.0,2.8,5.0,157.8,3.8,7.2,282.0,1006.8,1006.8,2.7,5.1
2024-06-05 22:55:00+02:00,13.7,13.7,11.5,3.2,49.0,21.0,83.0,0.0,0.0,0.0,2.8,2.8,0.0,2.8,5.0,157.8,3.8,8.6,280.0,1006.8,1006.8,2.7,5.1
2024-06-05 23:00:00+02:00,13.5,13.5,11.9,3.1,49.0,20.9,83.0,0.0,0.0,0.0,2.8,2.8,0.0,2.8,5.0,157.8,0.6,6.8,280.0,1006.8,1006.8,2.7,5.1
2024-06-05 23:05:00+02:00,13.4,13.4,11.4,3.1,50.0,20.8,83.0,0.0,0.0,0.0,2.8,2.8,0.0,2.8,5.0,157.8,2.7,8.6,269.0,1006.9,1006.9,2.7,5.1
2024-06-05 23:10:00+02:00,13.3,13.3,11.7,3.3,51.0,20.8,83.0,0.0,0.0,0.0,2.8,2.8,0.0,2.8,5.0,157.8,0.5,2.5,185.0,1006.9,1006.9,2.7,5.1
2024-06-05 23:15:00+02:00,13.0,13.0,11.5,3.6,53.0,20.7,83.0,0.0,0.0,0.0,2.8,2.8,0.0,2.8,5.0,157.8,0.6,3.6,43.0,1007.0,1007.0,2.7,5.1
2024-06-05 23:20:00+02:00,12.7,12.7,11.2,3.8,54.0,20.7,83.0,0.0,0.0,0.0,2.8,2.8,0.0,2.8,5.0,157.8,0.7,2.5,68.0,1006.9,1006.9,2.7,5.1
2024-06-05 23:25:00+02:00,12.6,12.6,11.1,3.5,54.0,20.6,83.0,0.0,0.0,0.0,2.8,2.8,0.0,2.8,5.0,157.8,0.4,3.2,126.0,1006.9,1006.9,2.7,5.1
2024-06-05 23:30:00+02:00,12.2,12.2,10.4,3.8,57.0,20.5,83.0,0.0,0.0,0.0,2.8,2.8,0.0,2.8,5.0,157.8,2.6,3.6,116.0,1007.1,1007.1,2.7,5.1
2024-06-05 23:35:00+02:00,11.8,11.8,10.1,4.1,59.0,20.5,83.0,0.0,0.0,0.0,2.8,2.8,0.0,2.8,5.0,157.8,2.2,3.6,103.0,1007.1,1007.1,2.7,5.1
2024-06-05 23:40:00+02:00,11.5,11.5,9.9,4.2,61.0,20.4,83.0,0.0,0.0,0.0,2.8,2.8,0.0,2.8,5.0,157.8,1.2,2.9,109.0,1007.1,1007.1,2.7,5.1
2024-06-05 23:45:00+02:00,11.1,11.1,9.4,4.4,63.0,20.3,83.0,0.0,0.0,0.0,2.8,2.8,0.0,2.8,5.0,157.8,2.3,2.9,114.0,1007.1,1007.1,2.7,5.1
2024-06-05 23:50:00+02:00,10.8,10.8,9.1,4.4,65.0,20.2,83.0,0.0,0.0,0.0,2.8,2.8,0.0,2.8,5.0,157.8,2.4,3.2,115.0,1007.1,1007.1,2.7,5.1
2024-06-05 23:55:00+02:00,10.5,10.5,8.8,4.5,66.0,20.1,83.0,0.0,0.0,0.0,2.8,2.8,0.0,2.8,5.0,157.8,2.8,3.6,112.0,1007.0,1007.0,2.7,5.0
2024-06-06 00:00:00+02:00,10.3,10.3,8.4,4.3,66.0,20.0,83.0,0.0,0.0,0.0,0.0,0.0,0.0,2.8,5.0,157.8,3.5,4.7,111.0,1007.1,1007.1,2.7,5.0
2024-06-06 00:05:00+02:00,10.2,10.2,8.4,4.9,69.0,19.9,82.0,0.0,0.0,0.0,0.0,0.0,0.0,2.8,5.0,157.8,3.1,4.3,106.0,1007.1,1007.1,2.7,5.0
2024-06-06 00:10:00+02:00,10.0,10.0,8.7,4.6,69.0,19.7,82.0,0.0,0.0,0.0,0.0,0.0,0.0,2.8,5.0,157.8,0.4,3.6,110.0,1007.1,1007.1,2.7,5.0
2024-06-06 00:15:00+02:00,9.8,9.8,8.7,5.2,73.0,19.7,83.0,0.0,0.0,0.0,0.0,0.0,0.0,2.8,5.0,157.8,0.0,1.8,81.0,1007.1,1007.1,2.7,5.0
2024-06-06 00:20:00+02:00,9.5,9.5,8.0,5.0,73.0,19.6,82.0,0.0,0.0,0.0,0.0,0.0,0.0,2.8,5.0,157.8,2.2,2.9,105.0,1007.0,1007.0,2.7,5.0
2024-06-06 00:25:00+02:00,9.3,9.3,7.9,5.0,75.0,19.5,82.0,0.0,0.0,0.0,0.0,0.0,0.0,2.8,5.0,157.8,1.9,3.2,112.0,1007.1,1007.1,2.7,5.0
2024-06-06 00:30:00+02:00,9.2,9.2,7.6,5.0,75.0,19.4,82.0,0.0,0.0,0.0,0.0,0.0,0.0,2.8,5.0,157.8,2.1,4.0,105.0,1007.1,1007.1,2.7,5.0
2024-06-06 00:35:00+02:00,9.0,9.0,7.3,5.1,77.0,19.3,82.0,0.0,0.0,0.0,0.0,0.0,0.0,2.8,5.0,157.8,3.1,4.0,112.0,1007.1,1007.1,2.7,5.0
2024-06-06 00:40:00+02:00,8.9,8.9,7.3,5.2,78.0,19.2,82.0,0.0,0.0,0.0,0.0,0.0,0.0,2.8,5.0,157.8,2.7,3.6,110.0,1007.1,1007.1,2.7,5.0
2024-06-06 00:45:00+02:00,8.7,8.7,7.4,5.1,78.0,19.1,82.0,0.0,0.0,0.0,0.0,0.0,0.0,2.8,5.0,157.8,0.8,3.2,111.0,1007.0,1007.0,2.7,5.0
2024-06-06 00:50:00+02:00,8.4,8.4,6.9,5.2,80.0,19.0,82.0,0.0,0.0,0.0,0.0,0.0,0.0,2.8,5.0,157.8,2.4,3.2,109.0,1006.9,1006.9,2.7,5.0
2024-06-06 00:55:00+02:00,8.3,8.3,6.7,5.1,80.0,19.0,82.0,0.0,0.0,0.0,0.0,0.0,0.0,2.8,5.0,157.8,2.8,3.6,110.0,1006.9,1006.9,2.72,5.0
2024-06-06 01:00:00+02:00,8.3,8.3,6.8,5.3,81.0,18.8,82.0,0.0,0.0,0.0,0.0,0.0,0.0,2.8,5.0,157.8,2.5,3.2,106.0,1006.9,1006.9,2.72,5.0
2024-06-06 01:05:00+02:00,8.2,8.2,6.5,5.3,82.0,18.7,82.0,0.0,0.0,0.0,0.0,0.0,0.0,2.8,5.0,157.8,3.2,4.0,109.0,1007.0,1007.0,2.72,5.0
2024-06-06 01:10:00+02:00,8.2,8.2,6.6,5.3,82.0,18.6,82.0,0.0,0.0,0.0,0.0,0.0,0.0,2.8,5.0,157.8,2.8,4.0,109.0,1006.9,1006.9,2.72,5.0
2024-06-06 01:15:00+02:00,8.1,8.1,6.6,5.3,83.0,18.5,82.0,0.0,0.0,0.0,0.0,0.0,0.0,2.8,5.0,157.8,2.3,2.9,98.0,1006.8,1006.8,2.72,5.0
2024-06-06 01:20:00+02:00,7.9,7.9,6.5,5.2,83.0,18.4,82.0,0.0,0.0,0.0,0.0,0.0,0.0,2.8,5.0,157.8,1.7,2.5,98.0,1006.9,1006.9,2.72,5.0
2024-06-06 01:25:00+02:00,7.8,7.8,6.4,5.2,84.0,18.3,82.0,0.0,0.0,0.0,0.0,0.0,0.0,2.8,5.0,157.8,1.5,2.5,99.0,1006.8,1006.8,2.72,5.0
2024-06-06 01:30:00+02:00,7.5,7.5,6.2,5.1,85.0,18.2,82.0,0.0,0.0,0.0,0.0,0.0,0.0,2.8,5.0,157.8,1.2,2.5,106.0,1006.8,1006.8,2.72,5.0
2024-06-06 01:35:00+02:00,7.6,7.6,6.5,5.2,85.0,18.2,82.0,0.0,0.0,0.0,0.0,0.0,0.0,2.8,5.0,157.8,0.0,1.8,51.0,1006.8,1006.8,2.72,5.0
2024-06-06 01:40:00+02:00,7.6,7.6,6.5,5.2,85.0,18.1,82.0,0.0,0.0,0.0,0.0,0.0,0.0,2.8,5.0,157.8,0.0,1.8,100.0,1006.9,1006.9,2.72,5.0
2024-06-06 01:45:00+02:00,7.4,7.4,5.9,5.2,86.0,18.0,82.0,0.0,0.0,0.0,0.0,0.0,0.0,2.8,5.0,157.8,2.3,3.2,100.0,1006.9,1006.9,2.72,4.9
2024-06-06 01:50:00+02:00,7.4,7.4,5.8,5.2,86.0,17.9,82.0,0.0,0.0,0.0,0.0,0.0,0.0,2.8,5.0,157.8,2.6,3.6,100.0,1007.0,1007.0,2.72,4.9
2024-06-06 01:55:00+02:00,7.4,7.4,5.7,5.2,86.0,17.8,82.0,0.0,0.0,0.0,0.0,0.0,0.0,2.8,5.0,157.8,3.3,4.0,102.0,1006.9,1006.9,2.72,4.9
2024-06-06 02:00:00+02:00,7.3,7.3,5.7,5.1,86.0,17.7,82.0,0.0,0.0,0.0,0.0,0.0,0.0,2.8,5.0,157.8,2.9,4.0,107.0,1006.8,1006.8,2.72,4.9
2024-06-06 02:05:00+02:00,7.2,7.2,5.6,5.0,86.0,17.7,81.0,0.0,0.0,0.0,0.0,0.0,0.0,2.8,5.0,157.8,2.1,3.2,101.0,1006.8,1006.8,2.72,4.9
2024-06-06 02:10:00+02:00,7.1,7.1,5.4,5.1,87.0,17.6,81.0,0.0,0.0,0.0,0.0,0.0,0.0,2.8,5.0,157.8,3.0,4.3,104.0,1006.9,1006.9,2.72,4.9
2024-06-06 02:15:00+02:00,7.1,7.1,5.4,5.0,87.0,17.5,81.0,0.0,0.0,0.0,0.0,0.0,0.0,2.8,5.0,157.8,2.7,4.0,113.0,1006.8,1006.8,2.72,4.9
2024-06-06 02:20:00+02:00,7.0,7.0,5.4,4.8,86.0,17.3,81.0,0.0,0.0,0.0,0.0,0.0,0.0,2.8,5.0,157.8,1.9,3.2,107.0,1006.9,1006.9,2.72,4.9
2024-06-06 02:25:00+02:00,6.8,6.8,5.5,4.7,87.0,17.3,81.0,0.0,0.0,0.0,0.0,0.0,0.0,2.8,5.0,157.8,0.4,2.2,106.0,1007.0,1007.0,2.72,4.9
2024-06-06 02:30:00+02:00,6.9,6.9,5.8,5.0,87.0,17.2,81.0,0.0,0.0,0.0,0.0,0.0,0.0,2.8,5.0,157.8,0.0,1.8,83.0,1007.1,1007.1,2.72,4.9
2024-06-06 02:35:00+02:00,6.6,6.6,5.0,4.8,88.0,17.1,81.0,0.0,0.0,0.0,0.0,0.0,0.0,2.8,5.0,157.8,2.3,3.2,107.0,1007.1,1007.1,2.72,4.9
2024-06-06 02:40:00+02:00,6.8,6.8,5.2,5.1,89.0,17.0,81.0,0.0,0.0,0.0,0.0,0.0,0.0,2.8,5.0,157.8,2.7,4.0,106.0,1007.1,1007.1,2.72,4.9
2024-06-06 02:45:00+02:00,7.0,7.0,5.6,5.3,89.0,17.0,81.0,0.0,0.0,0.0,0.0,0.0,0.0,2.8,5.0,157.8,1.8,4.0,104.0,1007.1,1007.1,2.72,4.9
2024-06-06 02:50:00+02:00,6.9,6.9,5.7,5.2,89.0,16.8,81.0,0.0,0.0,0.0,0.0,0.0,0.0,2.8,5.0,157.8,0.8,2.5,102.0,1007.2,1007.2,2.72,4.9
2024-06-06 02:55:00+02:00,7.1,7.1,5.7,5.5,89.0,16.8,82.0,0.0,0.0,0.0,0.0,0.0,0.0,2.8,5.0,157.8,2.2,2.9,96.0,1007.3,1007.3,2.72,4.9
2024-06-06 03:00:00+02:00,7.4,7.4,6.0,5.7,89.0,16.8,82.0,0.0,0.0,0.0,0.0,0.0,0.0,2.8,5.0,157.8,2.1,2.9,99.0,1007.1,1007.1,2.72,4.9
2024-06-06 03:05:00+02:00,7.5,7.5,6.2,5.8,89.0,16.7,82.0,0.0,0.0,0.0,0.0,0.0,0.0,2.8,5.0,157.8,1.7,2.5,97.0,1007.1,1007.1,2.72,4.9
2024-06-06 03:10:00+02:00,7.4,7.4,6.0,5.7,89.0,16.6,82.0,0.0,0.0,0.0,0.0,0.0,0.0,2.8,5.0,157.8,2.2,2.9,103.0,1006.9,1006.9,2.72,4.9
2024-06-06 03:15:00+02:00,7.4,7.4,5.9,5.7,89.0,16.6,82.0,0.0,0.0,0.0,0.0,0.0,0.0,2.8,5.0,157.8,2.6,2.9,107.0,1006.8,1006.8,2.72,4.9
2024-06-06 03:20:00+02:00,7.5,7.5,5.8,5.7,88.0,16.5,82.0,0.0,0.0,0.0,0.0,0.0,0.0,2.8,5.0,157.8,3.5,4.3,102.0,1006.8,1006.8,2.72,4.9
2024-06-06 03:25:00+02:00,7.6,7.6,6.0,5.6,87.0,16.5,82.0,0.0,0.0,0.0,0.0,0.0,0.0,2.8,5.0,157.8,2.8,4.0,103.0,1007.0,1007.0,2.72,4.9
2024-06-06 03:30:00+02:00,7.6,7.6,6.3,5.6,87.0,16.4,82.0,0.0,0.0,0.0,0.0,0.0,0.0,2.8,5.0,157.8,1.4,2.5,92.0,1007.1,1007.1,2.72,4.9
2024-06-06 03:35:00+02:00,7.5,7.5,6.3,5.7,88.0,16.3,82.0,0.0,0.0,0.0,0.0,0.0,0.0,2.8,5.0,157.8,1.1,2.2,90.0,1007.1,1007.1,2.72,4.8
2024-06-06 03:40:00+02:00,7.7,7.7,6.3,6.0,89.0,16.3,82.0,0.0,0.0,0.0,0.0,0.0,0.0,2.8,5.0,157.8,2.6,4.0,103.0,1007.1,1007.1,2.72,4.8
2024-06-06 03:45:00+02:00,8.0,8.0,6.6,6.1,88.0,16.2,82.0,0.0,0.0,0.0,0.0,0.0,0.0,2.8,5.0,157.8,2.5,4.0,104.0,1007.2,1007.2,2.72,4.8
2024-06-06 03:50:00+02:00,7.9,7.9,6.8,6.0,88.0,16.2,82.0,0.0,0.0,0.0,0.0,0.0,0.0,2.8,5.0,157.8,1.2,2.9,100.0,1007.1,1007.1,2.72,4.8
2024-06-06 03:55:00+02:00,7.9,7.9,6.9,6.0,88.0,16.2,82.0,0.0,0.0,0.0,0.0,0.0,0.0,2.8,5.0,157.8,0.5,2.5,105.0,1007.1,1007.1,2.72,4.8
2024-06-06 04:00:00+02:00,8.0,8.0,7.1,6.2,88.0,16.1,82.0,0.0,0.0,0.0,0.0,0.0,0.0,2.8,5.0,157.8,0.0,1.8,120.0,1007.0,1007.0,2.72,4.8
2024-06-06 04:05:00+02:00,8.3,8.3,7.5,6.3,87.0,16.1,82.0,0.0,0.0,0.0,0.0,0.0,0.0,2.8,5.0,157.8,0.0,0.0,130.0,1007.0,1007.0,2.72,4.8
2024-06-06 04:10:00+02:00,8.1,8.1,6.9,6.2,88.0,16.1,82.0,0.0,0.0,0.0,0.0,0.0,0.0,2.8,5.0,157.8,1.9,2.5,113.0,1007.0,1007.0,2.72,4.8
2024-06-06 04:15:00+02:00,7.9,7.9,7.0,6.1,88.0,16.1,82.0,0.0,0.0,0.0,0.0,0.0,0.0,2.8,5.0,157.8,0.4,2.2,106.0,1006.9,1006.9,2.72,4.8
2024-06-06 04:20:00+02:00,7.8,7.8,6.8,6.1,89.0,16.0,82.0,0.0,0.0,0.0,0.0,0.0,0.0,2.8,5.0,157.8,0.8,2.5,115.0,1006.9,1006.9,2.72,4.8
2024-06-06 04:25:00+02:00,7.8,7.8,6.9,6.1,89.0,16.0,82.0,0.0,0.0,0.0,0.0,0.0,0.0,2.8,5.0,157.8,0.4,2.5,120.0,1006.9,1006.9,2.72,4.8
2024-06-06 04:30:00+02:00,8.1,8.1,7.3,6.3,89.0,15.9,82.0,0.0,0.0,0.0,0.0,0.0,0.0,2.8,5.0,157.8,0.0,0.0,315.0,1007.0,1007.0,2.72,4.8
2024-06-06 04:35:00+02:00,8.3,8.3,7.5,6.2,87.0,15.9,82.0,0.0,0.0,0.0,0.0,0.0,0.0,2.8,5.0,157.8,0.0,0.0,74.0,1006.9,1006.9,2.7,4.8
2024-06-06 04:40:00+02:00,8.3,8.3,7.4,6.0,86.0,15.8,82.0,0.0,0.0,0.0,0.0,0.0,0.0,2.8,5.0,157.8,0.0,0.0,110.0,1006.9,1006.9,2.7,4.8
2024-06-06 04:45:00+02:00,8.4,8.4,7.3,6.0,85.0,15.8,82.0,0.1,0.0,0.0,0.0,0.0,0.0,2.8,5.0,157.8,0.9,2.5,101.0,1007.0,1007.0,2.72,4.8
2024-06-06 04:50:00+02:00,8.3,8.3,7.0,6.3,87.0,15.8,82.0,0.2,0.0,0.0,0.0,0.0,0.0,2.8,5.0,157.8,2.8,3.2,101.0,1007.2,1007.2,2.72,4.8
2024-06-06 04:55:00+02:00,8.4,8.4,7.0,6.4,87.0,15.8,82.0,0.4,0.0,0.0,0.0,0.0,0.0,2.8,5.0,157.8,2.8,4.0,110.0,1007.0,1007.0,2.72,4.8
2024-06-06 05:00:00+02:00,8.3,8.3,7.5,6.4,88.0,15.7,82.0,0.6,0.0,0.0,0.0,0.0,0.0,2.8,5.0,157.8,0.0,2.9,98.0,1007.0,1007.0,2.72,4.8
2024-06-06 05:05:00+02:00,8.4,8.4,7.6,6.3,87.0,15.7,82.0,0.9,0.0,0.0,0.0,0.0,0.0,2.8,5.0,157.8,0.0,1.8,81.0,1007.1,1007.1,2.7,4.8
2024-06-06 05:10:00+02:00,8.2,8.2,6.9,6.2,88.0,15.7,82.0,1.4,0.0,0.0,0.0,0.0,0.0,2.8,5.0,157.8,2.2,2.9,106.0,1007.0,1007.0,2.7,4.8
2024-06-06 05:15:00+02:00,8.0,8.0,6.8,6.1,88.0,15.6,82.0,1.7,0.0,0.0,0.0,0.0,0.0,2.8,5.0,157.8,1.7,2.9,108.0,1006.9,1006.9,2.72,4.8
2024-06-06 05:20:00+02:00,8.0,8.0,6.8,6.3,89.0,15.6,82.0,2.0,0.0,0.0,0.0,0.0,0.0,2.8,5.0,157.8,2.2,2.9,105.0,1007.2,1007.2,2.72,4.8
2024-06-06 05:25:00+02:00,8.2,8.2,7.0,6.6,90.0,15.6,83.0,3.1,0.0,0.0,0.0,0.0,0.0,2.8,5.0,157.8,2.3,3.6,111.0,1007.1,1007.1,2.7,4.7
2024-06-06 05:30:00+02:00,8.2,8.2,7.2,6.6,90.0,15.5,83.0,4.1,0.0,0.0,0.0,0.0,0.0,2.8,5.0,157.8,1.4,3.6,112.0,1007.1,1007.1,2.7,4.7
2024-06-06 05:35:00+02:00,8.2,8.2,7.0,6.5,89.0,15.5,83.0,5.9,0.0,0.0,0.0,0.0,0.0,2.8,5.0,157.8,2.2,2.9,106.0,1007.1,1007.1,2.7,4.7
2024-06-06 05:40:00+02:00,8.3,8.3,7.2,6.6,89.0,15.5,83.0,7.3,0.0,0.0,0.0,0.0,0.0,2.8,5.0,157.8,2.2,3.2,107.0,1007.0,1007.0,2.7,4.7
2024-06-06 05:45:00+02:00,8.3,8.3,7.0,6.5,88.0,15.6,82.0,8.2,0.0,0.0,0.0,0.0,0.0,2.8,5.0,157.8,2.3,3.2,112.0,1007.0,1007.0,2.7,4.7
2024-06-06 05:50:00+02:00,8.2,8.2,7.1,6.4,88.0,15.5,82.0,8.2,0.0,0.0,0.0,0.0,0.0,2.8,5.0,157.8,1.7,2.9,111.0,1007.1,1007.1,2.7,4.7
2024-06-06 05:55:00+02:00,8.3,8.3,7.1,6.4,88.0,15.6,82.0,10.5,0.0,0.0,0.0,0.0,0.0,2.8,5.0,157.8,2.2,3.2,100.0,1007.0,1007.0,2.7,4.7
2024-06-06 06:00:00+02:00,8.4,8.4,7.3,6.5,88.0,15.5,82.0,13.2,0.0,0.0,0.0,0.0,0.0,2.8,5.0,157.8,1.7,3.2,106.0,1007.0,1007.0,2.7,4.7
2024-06-06 06:05:00+02:00,8.4,8.4,7.5,6.5,88.0,15.5,82.0,13.4,0.0,0.0,0.0,0.0,0.0,2.8,5.0,157.8,0.4,3.2,98.0,1007.0,1007.0,2.7,4.7
2024-06-06 06:10:00+02:00,8.6,8.6,7.8,6.5,87.0,15.4,83.0,17.3,0.0,0.0,0.0,0.0,0.0,2.8,5.0,157.8,0.4,2.2,35.0,1007.1,1007.1,2.7,4.7
2024-06-06 06:15:00+02:00,8.8,8.8,7.9,6.5,86.0,15.5,83.0,18.1,0.0,0.0,0.0,0.0,0.0,2.8,5.0,157.8,0.4,2.2,108.0,1007.1,1007.1,2.7,4.7
2024-06-06 06:20:00+02:00,8.8,8.8,7.9,6.8,87.0,15.4,83.0,21.6,0.0,0.0,0.0,0.0,0.0,2.8,5.0,157.8,0.8,2.5,104.0,1007.1,1007.1,2.7,4.7
2024-06-06 06:25:00+02:00,8.9,8.9,8.0,6.7,86.0,15.4,83.0,20.4,0.0,0.0,0.0,0.0,0.0,2.8,5.0,157.8,0.4,2.5,113.0,1007.3,1007.3,2.7,4.7
2024-06-06 06:30:00+02:00,9.0,9.0,8.1,7.0,87.0,15.4,83.0,25.7,0.0,0.0,0.0,0.0,0.0,2.8,5.0,157.8,1.3,2.5,106.0,1007.2,1007.2,2.7,4.7
2024-06-06 06:35:00+02:00,9.3,9.3,8.2,7.3,87.0,15.4,83.0,24.1,0.0,0.0,0.0,0.0,0.0,2.8,5.0,157.8,2.7,4.0,108.0,1007.1,1007.1,2.7,4.7
2024-06-06 06:40:00+02:00,9.5,9.5,8.5,7.2,86.0,15.4,83.0,28.4,0.0,0.0,0.0,0.0,0.0,2.8,5.0,157.8,1.9,4.0,94.0,1007.1,1007.1,2.7,4.7
2024-06-06 06:45:00+02:00,9.5,9.5,8.5,6.9,84.0,15.4,83.0,54.0,0.0,0.0,0.0,0.0,0.0,2.8,5.0,157.8,1.7,3.2,104.0,1007.2,1007.2,2.7,4.7
2024-06-06 06:50:00+02:00,9.7,9.7,8.5,6.8,82.0,15.4,83.0,66.5,0.0,0.0,0.0,0.0,0.0,2.8,5.0,157.8,2.5,3.2,106.0,1007.2,1007.2,2.7,4.7
2024-06-06 06:55:00+02:00,10.1,10.1,8.9,6.9,80.0,15.4,83.0,72.1,0.0,0.0,0.0,0.0,0.0,2.8,5.0,157.8,2.2,3.6,118.0,1007.1,1007.1,2.7,4.7
2024-06-06 07:00:00+02:00,10.3,10.3,9.2,7.0,80.0,15.5,83.0,48.5,0.0,0.0,0.0,0.0,0.0,2.8,5.0,157.8,2.3,3.2,108.0,1007.3,1007.3,2.7,4.7
2024-06-06 07:05:00+02:00,10.4,10.4,9.3,6.9,79.0,15.5,83.0,72.8,0.0,0.0,0.0,0.0,0.0,2.8,5.0,157.8,2.0,3.2,113.0,1007.2,1007.2,2.7,4.8
2024-06-06 07:10:00+02:00,10.7,10.7,9.3,6.8,77.0,15.6,83.0,98.2,0.0,0.0,0.0,0.0,0.0,2.8,5.0,157.8,3.2,5.8,106.0,1007.3,1007.3,2.7,4.8
2024-06-06 07:15:00+02:00,11.1,11.1,9.7,6.8,75.0,15.6,84.0,101.0,0.0,0.0,0.0,0.0,0.0,2.8,5.0,157.8,3.4,7.2,113.0,1007.3,1007.3,2.7,4.8
2024-06-06 07:20:00+02:00,11.3,11.3,10.0,7.0,75.0,15.7,84.0,87.0,0.0,0.0,0.0,0.0,0.0,2.8,5.0,157.8,3.0,5.0,116.0,1007.3,1007.3,2.7,4.8
2024-06-06 07:25:00+02:00,11.3,11.3,10.1,6.8,74.0,15.7,84.0,68.7,0.0,0.0,0.0,0.0,0.0,2.8,5.0,157.8,2.3,5.8,107.0,1007.3,1007.3,2.7,4.8
2024-06-06 07:30:00+02:00,11.4,11.4,10.2,6.9,74.0,15.8,84.0,82.8,0.0,0.0,0.0,0.0,0.0,2.8,5.0,157.8,2.5,4.3,90.0,1007.1,1007.1,2.7,4.8
2024-06-06 07:35:00+02:00,11.7,11.7,10.6,6.8,72.0,15.8,84.0,119.9,1.0,0.0,0.0,0.0,0.0,2.8,5.0,157.8,1.8,3.6,115.0,1007.3,1007.3,2.7,4.8
2024-06-06 07:40:00+02:00,12.1,12.1,11.0,7.1,71.0,15.9,84.0,166.1,1.0,0.0,0.0,0.0,0.0,2.8,5.0,157.8,2.3,4.3,110.0,1007.2,1007.2,2.7,4.8
2024-06-06 07:45:00+02:00,12.5,12.5,11.2,6.8,68.0,16.0,85.0,149.3,1.0,0.0,0.0,0.0,0.0,2.8,5.0,157.8,3.2,7.2,124.0,1007.2,1007.2,2.7,4.9
2024-06-06 07:50:00+02:00,12.6,12.6,11.5,6.7,67.0,16.0,85.0,99.1,0.0,0.0,0.0,0.0,0.0,2.8,5.0,157.8,1.8,5.0,123.0,1007.2,1007.2,2.7,4.9
2024-06-06 07:55:00+02:00,12.8,12.8,11.7,6.5,65.0,16.2,85.0,118.6,1.0,0.0,0.0,0.0,0.0,2.8,5.0,157.8,1.7,4.0,118.0,1007.1,1007.1,2.7,4.9
2024-06-06 08:00:00+02:00,13.0,13.0,12.0,6.8,66.0,16.2,85.0,108.3,1.0,0.0,0.0,0.0,0.0,2.8,5.0,157.8,1.4,4.0,109.0,1007.1,1007.1,2.7,4.9
2024-06-06 08:05:00+02:00,13.0,13.0,11.8,7.0,67.0,16.3,85.0,97.2,0.0,0.0,0.0,0.0,0.0,2.8,5.0,157.8,2.7,4.3,97.0,1007.0,1007.0,2.7,5.0
2024-06-06 08:10:00+02:00,13.1,13.1,11.7,6.8,66.0,16.4,85.0,109.2,1.0,0.0,0.0,0.0,0.0,2.8,5.0,157.8,2.9,5.8,65.0,1007.0,1007.0,2.7,5.0
2024-06-06 08:15:00+02:00,13.2,13.2,12.0,6.7,65.0,16.5,85.0,123.4,1.0,0.0,0.0,0.0,0.0,2.8,5.0,157.8,2.0,5.4,109.0,1006.9,1006.9,2.7,5.0
2024-06-06 08:20:00+02:00,13.3,13.3,12.0,6.7,65.0,16.6,85.0,167.9,1.0,0.0,0.0,0.0,0.0,2.8,5.0,157.8,2.7,5.8,121.0,1006.9,1006.9,2.7,5.0
2024-06-06 08:25:00+02:00,13.4,13.4,11.8,6.4,63.0,16.7,85.0,315.1,2.0,0.0,0.0,0.0,0.0,2.8,5.0,157.8,4.1,7.9,133.0,1007.0,1007.0,2.7,5.1
2024-06-06 08:30:00+02:00,13.8,13.8,12.3,6.7,62.0,16.8,86.0,331.5,3.0,0.0,0.0,0.0,0.0,2.8,5.0,157.8,3.8,6.8,123.0,1007.0,1007.0,2.7,5.1
2024-06-06 08:35:00+02:00,14.0,14.0,12.7,6.8,62.0,16.9,86.0,165.4,1.0,0.0,0.0,0.0,0.0,2.8,5.0,157.8,2.6,7.9,125.0,1007.1,1007.1,2.7,5.2
2024-06-06 08:40:00+02:00,14.3,14.3,13.2,7.1,62.0,17.0,86.0,221.0,2.0,0.0,0.0,0.0,0.0,2.8,5.0,157.8,2.4,4.0,101.0,1007.2,1007.2,2.7,5.2
2024-06-06 08:45:00+02:00,14.5,14.5,13.4,6.7,59.0,17.2,86.0,223.8,2.0,0.0,0.0,0.0,0.0,2.8,5.0,157.8,1.7,3.6,105.0,1007.1,1007.1,2.7,5.2
2024-06-06 08:50:00+02:00,15.1,15.1,14.0,6.6,57.0,17.2,86.0,196.5,1.0,0.0,0.0,0.0,0.0,2.8,5.0,157.8,1.7,4.3,47.0,1006.9,1006.9,2.7,5.2
2024-06-06 08:55:00+02:00,15.0,15.0,13.7,6.6,57.0,17.4,86.0,161.6,1.0,0.0,0.0,0.0,0.0,2.8,5.0,157.8,2.6,5.0,9.0,1007.1,1007.1,2.7,5.2
2024-06-06 09:00:00+02:00,15.0,15.0,13.6,6.7,57.0,17.5,86.0,203.6,1.0,0.0,0.0,0.0,0.0,2.8,5.0,157.8,3.5,5.4,92.0,1006.9,1006.9,2.7,5.2
2024-06-06 09:05:00+02:00,14.9,14.9,13.6,6.6,58.0,17.6,86.0,234.5,2.0,0.0,0.0,0.0,0.0,2.8,5.0,157.8,2.4,7.2,102.0,1006.9,1006.9,2.7,5.2
2024-06-06 09:10:00+02:00,15.2,15.2,13.8,6.6,56.0,17.7,86.0,282.9,2.0,0.0,0.0,0.0,0.0,2.8,5.0,157.8,3.0,5.4,58.0,1006.8,1006.8,2.7,5.2
2024-06-06 09:15:00+02:00,15.3,15.3,13.9,6.3,55.0,17.8,86.0,183.1,1.0,0.0,0.0,0.0,0.0,2.8,5.0,157.8,2.9,7.2,104.0,1007.0,1007.0,2.7,5.2
2024-06-06 09:20:00+02:00,15.4,15.4,13.8,6.3,55.0,17.9,86.0,189.3,1.0,0.0,0.0,0.0,0.0,2.8,5.0,157.8,3.5,7.2,132.0,1006.8,1006.8,2.7,5.2
2024-06-06 09:25:00+02:00,15.1,15.1,13.7,5.7,53.0,18.0,86.0,224.2,2.0,0.0,0.0,0.0,0.0,2.8,5.0,157.8,2.4,6.1,127.0,1006.8,1006.8,2.7,5.2
2024-06-06 09:30:00+02:00,15.4,15.4,14.0,6.1,54.0,18.1,87.0,225.1,2.0,0.0,0.0,0.0,0.0,2.8,5.0,157.8,2.7,5.0,120.0,1006.8,1006.8,2.7,5.2
2024-06-06 09:35:00+02:00,15.7,15.7,14.3,6.1,53.0,18.2,87.0,228.2,2.0,0.0,0.0,0.0,0.0,2.8,5.0,157.8,2.4,6.1,138.0,1006.9,1006.9,2.7,5.2
2024-06-06 09:40:00+02:00,15.7,15.7,14.4,6.3,53.0,18.3,87.0,233.9,2.0,0.0,0.0,0.0,0.0,2.8,5.0,157.8,2.6,6.1,142.0,1006.9,1006.9,2.7,5.2
2024-06-06 09:45:00+02:00,16.0,16.0,15.0,6.5,53.0,18.4,87.0,390.4,3.0,0.0,0.0,0.0,0.0,2.8,5.0,157.8,1.3,5.4,140.0,1006.8,1006.8,2.7,5.2
2024-06-06 09:50:00+02:00,16.7,16.7,15.1,5.4,47.0,18.5,87.0,392.1,3.0,0.0,0.0,0.0,0.0,2.8,5.0,157.8,2.5,6.5,110.0,1006.8,1006.8,2.7,5.2
2024-06-06 09:55:00+02:00,16.8,16.8,15.4,5.8,48.0,18.7,87.0,470.6,4.0,0.0,0.0,0.0,0.0,2.8,5.0,157.8,2.4,7.2,106.0,1006.8,1006.8,2.7,5.2
2024-06-06 10:00:00+02:00,17.3,17.3,15.7,4.6,43.0,18.9,87.0,406.0,3.0,0.0,0.0,0.0,0.0,2.8,5.0,157.8,2.4,6.5,140.0,1006.8,1006.8,2.7,5.2
2024-06-06 10:05:00+02:00,17.3,17.3,15.0,3.7,41.0,19.1,87.0,323.0,3.0,0.0,0.0,0.0,0.0,2.8,5.0,157.8,4.4,8.3,136.0,1006.7,1006.7,2.7,5.3
2024-06-06 10:10:00+02:00,16.7,16.7,14.2,4.0,43.0,19.3,87.0,331.7,3.0,0.0,0.0,0.0,0.0,2.8,5.0,157.8,5.9,9.7,136.0,1006.6,1006.6,2.7,5.3
2024-06-06 10:15:00+02:00,16.5,16.5,14.4,4.4,45.0,19.5,88.0,389.7,3.0,0.0,0.0,0.0,0.0,2.8,5.0,157.8,4.5,9.0,115.0,1006.6,1006.6,2.7,5.3
2024-06-06 10:20:00+02:00,16.8,16.8,14.9,4.0,43.0,19.7,88.0,201.7,1.0,0.0,0.0,0.0,0.0,2.8,5.0,157.8,3.5,8.3,21.0,1006.6,1006.6,2.7,5.3
2024-06-06 10:25:00+02:00,17.0,17.0,15.7,4.3,43.0,19.8,88.0,231.7,2.0,0.0,0.0,0.0,0.0,2.8,5.0,157.8,0.0,4.7,217.0,1006.5,1006.5,2.7,5.3
2024-06-06 10:30:00+02:00,17.4,17.4,16.0,5.3,45.0,19.9,89.0,489.7,4.0,0.0,0.0,0.0,0.0,2.8,5.0,157.8,1.7,4.3,248.0,1006.3,1006.3,2.7,5.3
2024-06-06 10:35:00+02:00,17.8,17.8,16.0,6.0,46.0,20.2,88.0,518.4,4.0,0.0,0.0,0.0,0.0,2.8,5.0,157.8,4.3,10.1,139.0,1006.5,1006.5,2.7,5.3
2024-06-06 10:40:00+02:00,18.0,18.0,16.2,5.5,44.0,20.3,88.0,532.2,4.0,0.0,0.0,0.0,0.0,2.8,5.0,157.8,3.9,9.4,24.0,1006.5,1006.5,2.7,5.3
2024-06-06 10:45:00+02:00,18.3,18.3,16.8,6.5,46.0,20.6,88.0,543.5,5.0,0.0,0.0,0.0,0.0,2.8,5.0,157.8,3.2,9.4,36.0,1006.4,1006.4,2.7,5.3
2024-06-06 10:50:00+02:00,19.1,19.1,17.8,6.8,45.0,20.8,87.0,571.9,5.0,0.0,0.0,0.0,0.0,2.8,5.0,157.8,2.7,6.5,264.0,1006.4,1006.4,2.7,5.3
2024-06-06 10:55:00+02:00,18.9,18.9,17.4,6.7,45.0,21.1,88.0,575.2,5.0,0.0,0.0,0.0,0.0,2.8,5.0,157.8,3.6,10.1,56.0,1006.4,1006.4,2.7,5.3
2024-06-06 11:00:00+02:00,19.1,19.1,17.9,6.4,44.0,21.4,87.0,584.8,5.0,0.0,0.0,0.0,0.0,2.8,5.0,157.8,1.4,4.3,149.0,1006.4,1006.4,2.7,5.3
2024-06-06 11:05:00+02:00,20.0,20.0,18.8,6.7,42.0,21.6,87.0,585.5,5.0,0.0,0.0,0.0,0.0,2.8,5.0,157.8,2.1,6.1,246.0,1006.5,1006.5,2.7,5.3
2024-06-06 11:10:00+02:00,19.6,19.6,18.4,7.2,45.0,21.9,87.0,521.3,4.0,0.0,0.0,0.0,0.0,2.8,5.0,157.8,3.0,8.6,296.0,1006.4,1006.4,2.7,5.3
2024-06-06 11:15:00+02:00,19.3,19.3,18.0,7.0,45.0,22.2,87.0,411.1,3.0,0.0,0.0,0.0,0.0,2.8,5.0,157.8,3.1,7.9,196.0,1006.2,1006.2,2.7,5.3
2024-06-06 11:20:00+02:00,18.2,18.2,16.8,7.6,50.0,22.4,87.0,315.1,2.0,0.0,0.0,0.0,0.0,2.8,5.0,157.8,4.4,11.5,346.0,1006.3,1006.3,2.7,5.3
2024-06-06 11:25:00+02:00,17.7,17.7,16.0,7.6,51.0,22.7,87.0,437.6,4.0,0.0,0.0,0.0,0.0,2.8,5.0,157.8,6.0,15.8,110.0,1006.4,1006.4,2.7,5.3
2024-06-06 11:30:00+02:00,17.9,17.9,16.4,7.3,50.0,22.8,86.0,435.3,4.0,0.0,0.0,0.0,0.0,2.8,5.0,157.8,4.7,13.3,136.0,1006.4,1006.4,2.7,5.3
2024-06-06 11:35:00+02:00,17.7,17.7,16.2,7.2,50.0,23.0,86.0,394.5,3.0,0.0,0.0,0.0,0.0,2.8,5.0,157.8,4.2,13.3,137.0,1006.4,1006.4,2.7,5.3
2024-06-06 11:40:00+02:00,18.8,18.8,17.4,7.1,47.0,23.2,86.0,653.0,6.0,0.0,0.0,0.0,0.0,2.8,5.0,157.8,4.1,10.4,280.0,1006.3,1006.3,2.7,5.3
2024-06-06 11:45:00+02:00,19.4,19.4,17.5,6.8,44.0,23.3,85.0,661.9,6.0,0.0,0.0,0.0,0.0,2.8,5.0,157.8,5.9,14.0,247.0,1006.3,1006.3,2.7,5.3
2024-06-06 11:50:00+02:00,18.7,18.7,17.1,6.4,45.0,23.5,85.0,673.6,6.0,0.0,0.0,0.0,0.0,2.8,5.0,157.8,4.3,12.2,312.0,1006.3,1006.3,2.7,5.3
2024-06-06 11:55:00+02:00,20.3,20.3,19.3,7.7,44.0,23.7,84.0,737.8,6.0,0.0,0.0,0.0,0.0,2.8,5.0,157.8,3.0,5.8,160.0,1006.3,1006.3,2.7,5.3
2024-06-06 12:00:00+02:00,20.2,20.2,18.9,8.1,46.0,23.9,84.0,303.3,2.0,0.0,0.0,0.0,0.0,2.8,5.0,157.8,4.5,13.7,129.0,1006.3,1006.3,2.7,5.3
2024-06-06 12:05:00+02:00,18.1,18.1,16.1,7.2,49.0,24.1,84.0,248.7,2.0,0.0,0.0,0.0,0.0,2.8,5.0,157.8,7.4,13.3,132.0,1006.3,1006.3,2.7,5.3
2024-06-06 12:10:00+02:00,18.0,18.0,16.7,7.1,49.0,24.3,84.0,283.6,2.0,0.0,0.0,0.0,0.0,2.8,5.0,157.8,3.2,8.6,149.0,1006.3,1006.3,2.7,5.3
2024-06-06 12:15:00+02:00,19.1,19.1,18.3,7.2,46.0,24.4,83.0,619.3,5.0,0.0,0.0,0.0,0.0,2.8,5.0,157.8,1.4,5.4,144.0,1006.2,1006.2,2.7,5.3
2024-06-06 12:25:00+02:00,19.9,19.9,18.2,6.9,43.0,24.7,83.0,683.4,6.0,0.0,0.0,0.0,0.0,2.8,5.0,157.8,5.4,7.6,66.0,1006.2,1006.2,2.7,5.3
2024-06-06 12:30:00+02:00,19.6,19.6,17.8,7.7,46.0,24.9,82.0,786.4,7.0,0.0,0.0,0.0,0.0,2.8,5.0,157.8,6.5,24.1,111.0,1006.2,1006.2,2.7,5.3
2024-06-06 12:35:00+02:00,20.6,20.6,19.2,7.4,42.0,25.1,82.0,762.8,7.0,0.0,0.0,0.0,0.0,2.8,5.0,157.8,4.3,11.5,220.0,1006.3,1006.3,2.7,5.3
2024-06-06 12:40:00+02:00,20.9,20.9,18.4,8.2,44.0,25.2,82.0,767.6,7.0,0.0,0.0,0.0,0.0,2.8,5.0,157.8,10.8,19.4,156.0,1006.2,1006.2,2.7,5.3
2024-06-06 12:45:00+02:00,20.4,20.4,19.0,7.4,43.0,25.4,82.0,461.6,4.0,0.0,0.0,0.0,0.0,2.8,5.0,157.8,4.0,19.4,188.0,1006.3,1006.3,2.7,5.3
2024-06-06 12:50:00+02:00,20.1,20.1,18.9,7.7,45.0,25.6,82.0,790.8,7.0,0.0,0.0,0.0,0.0,2.8,5.0,157.8,3.5,15.5,73.0,1006.4,1006.4,2.7,5.3
2024-06-06 12:55:00+02:00,20.4,20.4,18.8,7.5,43.0,25.8,81.0,766.4,7.0,0.0,0.0,0.0,0.0,2.8,5.0,157.8,5.3,25.9,185.0,1006.3,1006.3,2.7,5.3
2024-06-06 13:00:00+02:00,20.4,20.4,18.5,7.2,42.0,26.0,81.0,776.9,7.0,0.0,0.0,0.0,0.0,2.8,5.0,157.8,6.3,12.6,186.0,1006.3,1006.3,2.7,5.3
2024-06-06 13:05:00+02:00,20.5,20.5,18.7,6.2,39.0,26.2,81.0,787.1,7.0,0.0,0.0,0.0,0.0,2.8,5.0,157.8,4.5,14.4,152.0,1006.3,1006.3,2.7,5.3
2024-06-06 13:10:00+02:00,20.4,20.4,18.3,6.0,39.0,26.3,81.0,695.0,6.0,0.0,0.0,0.0,0.0,2.8,5.0,157.8,6.0,15.8,126.0,1006.2,1006.2,2.7,5.3
2024-06-06 13:15:00+02:00,19.0,19.0,15.7,5.2,40.0,26.4,81.0,734.3,6.0,0.0,0.0,0.0,0.0,2.8,5.0,157.8,11.0,22.3,124.0,1006.4,1006.4,2.7,5.3
2024-06-06 13:20:00+02:00,18.7,18.7,16.2,5.7,42.0,26.7,80.0,738.4,6.0,0.0,0.0,0.0,0.0,2.8,5.0,157.8,7.8,19.1,132.0,1006.3,1006.3,2.7,5.3
2024-06-06 13:25:00+02:00,19.2,19.2,16.7,4.9,39.0,26.8,80.0,743.6,6.0,0.0,0.0,0.0,0.0,2.8,5.0,157.8,6.8,15.5,143.0,1006.3,1006.3,2.7,5.3
2024-06-06 13:30:00+02:00,19.5,19.5,17.7,5.8,41.0,27.0,80.0,640.1,5.0,0.0,0.0,0.0,0.0,2.8,5.0,157.8,4.3,12.6,147.0,1006.2,1006.2,2.7,5.3
2024-06-06 13:35:00+02:00,20.1,20.1,18.6,6.9,42.0,27.1,80.0,727.1,6.0,0.0,0.0,0.0,0.0,2.8,5.0,157.8,4.0,6.8,142.0,1006.3,1006.3,2.7,5.3
2024-06-06 13:40:00+02:00,19.8,19.8,18.2,5.7,40.0,27.2,81.0,612.4,5.0,0.0,0.0,0.0,0.0,2.8,5.0,157.8,2.7,7.9,114.0,1006.4,1006.4,2.7,5.3
2024-06-06 13:45:00+02:00,19.8,19.8,18.2,6.7,42.0,27.2,81.0,701.3,6.0,0.0,0.0,0.0,0.0,2.8,5.0,157.8,4.2,9.0,274.0,1006.3,1006.3,2.7,5.3
2024-06-06 13:50:00+02:00,20.1,20.1,18.7,6.7,42.0,27.2,81.0,199.8,1.0,0.0,0.0,0.0,0.0,2.8,5.0,157.8,3.5,8.3,258.0,1006.3,1006.3,2.7,5.3
2024-06-06 13:55:00+02:00,19.7,19.7,18.3,6.2,41.0,27.2,81.0,339.1,3.0,0.0,0.0,0.0,0.0,2.8,5.0,157.8,2.7,10.1,305.0,1006.4,1006.4,2.7,5.3
2024-06-06 14:00:00+02:00,19.4,19.4,17.9,6.2,42.0,27.2,81.0,203.6,1.0,0.0,0.0,0.0,0.0,2.8,5.0,157.8,3.2,6.8,60.0,1006.3,1006.3,2.7,5.3
2024-06-06 14:05:00+02:00,19.0,19.0,17.9,6.4,44.0,27.2,82.0,385.6,3.0,0.0,0.0,0.0,0.0,2.8,5.0,157.8,1.5,5.8,107.0,1006.4,1006.4,2.7,5.3
2024-06-06 14:10:00+02:00,19.6,19.6,18.4,6.6,43.0,27.2,82.0,697.0,6.0,0.0,0.0,0.0,0.0,2.8,5.0,157.8,2.0,8.6,115.0,1006.6,1006.6,2.7,5.3
2024-06-06 14:15:00+02:00,20.8,20.8,19.3,6.8,40.0,27.3,82.0,660.9,6.0,0.0,0.0,0.0,0.0,2.8,5.0,157.8,4.2,11.2,185.0,1006.4,1006.4,2.7,5.3
2024-06-06 14:20:00+02:00,20.1,20.1,18.4,7.0,43.0,27.3,82.0,612.7,5.0,0.0,0.0,0.0,0.0,2.8,5.0,157.8,4.7,18.0,83.0,1006.3,1006.3,2.7,5.3
2024-06-06 14:25:00+02:00,19.6,19.6,18.4,6.7,43.0,27.3,82.0,202.2,1.0,0.0,0.0,0.0,0.0,2.8,5.0,157.8,2.4,18.0,208.0,1006.6,1006.6,2.7,5.3
2024-06-06 14:30:00+02:00,19.6,19.6,17.8,6.9,44.0,27.3,82.0,599.0,5.0,0.0,0.0,0.0,0.0,2.8,5.0,157.8,5.5,8.6,313.0,1006.5,1006.5,2.7,5.3
2024-06-06 14:35:00+02:00,18.7,18.7,17.1,6.7,45.0,27.3,82.0,234.5,2.0,0.0,0.0,0.0,0.0,2.8,5.0,157.8,4.3,16.6,290.0,1006.5,1006.5,2.7,5.3
2024-06-06 14:40:00+02:00,19.2,19.2,17.4,7.1,45.0,27.3,82.0,207.7,1.0,0.0,0.0,0.0,0.0,2.8,5.0,157.8,5.8,13.7,275.0,1006.5,1006.5,2.7,5.3
2024-06-06 14:45:00+02:00,18.6,18.6,16.7,6.2,45.0,27.2,82.0,158.2,1.0,0.0,0.0,0.0,0.0,2.8,5.0,157.8,5.2,18.4,251.0,1006.6,1006.6,2.7,5.3
2024-06-06 14:50:00+02:00,18.7,18.7,17.9,6.6,45.0,27.2,82.0,166.8,1.0,0.0,0.0,0.0,0.0,2.8,5.0,157.8,0.0,7.2,262.0,1006.5,1006.5,2.7,5.3
2024-06-06 15:10:00+02:00,19.7,19.7,17.8,6.6,43.0,27.2,82.0,617.0,5.0,0.0,0.0,0.0,0.0,2.8,5.0,157.8,5.5,16.6,286.0,1006.6,1006.6,2.7,5.3
2024-06-06 15:15:00+02:00,19.3,19.3,17.3,6.8,44.0,27.2,82.0,195.2,1.0,0.0,0.0,0.0,0.0,2.8,5.0,157.8,6.2,16.6,289.0,1006.6,1006.6,2.7,5.3
2024-06-06 15:20:00+02:00,18.8,18.8,16.5,6.7,45.0,27.1,82.0,276.3,2.0,0.0,0.0,0.0,0.0,2.8,5.0,157.8,7.8,16.2,306.0,1006.8,1006.8,2.7,5.3
2024-06-06 15:25:00+02:00,18.6,18.6,16.6,6.3,45.0,27.0,82.0,149.5,1.0,0.0,0.0,0.0,0.0,2.8,5.0,157.8,5.8,16.2,284.0,1006.8,1006.8,2.7,5.3
2024-06-06 15:30:00+02:00,18.8,18.8,17.2,6.6,45.0,27.0,82.0,190.7,1.0,0.0,0.0,0.0,0.0,2.8,5.0,157.8,4.1,13.3,271.0,1006.8,1006.8,2.7,5.3
2024-06-06 15:35:00+02:00,18.8,18.8,16.9,6.3,44.0,26.9,82.0,354.1,3.0,0.0,0.0,0.0,0.0,2.8,5.0,157.8,5.4,13.3,269.0,1006.7,1006.7,2.7,5.3
2024-06-06 15:40:00+02:00,18.6,18.6,16.4,6.1,44.0,26.9,82.0,184.2,1.0,0.0,0.0,0.0,0.0,2.8,5.0,157.8,6.4,15.1,292.0,1006.9,1006.9,2.7,5.3
2024-06-06 15:45:00+02:00,18.4,18.4,16.4,6.2,45.0,26.9,82.0,575.1,5.0,0.0,0.0,0.0,0.0,2.8,5.0,157.8,6.1,13.0,287.0,1006.8,1006.8,2.7,5.3
2024-06-06 15:50:00+02:00,19.1,19.1,17.1,6.0,42.0,26.9,82.0,374.5,3.0,0.0,0.0,0.0,0.0,2.8,5.0,157.8,5.7,10.4,276.0,1006.8,1006.8,2.7,5.3
2024-06-06 15:55:00+02:00,19.1,19.1,17.7,5.9,42.0,26.8,83.0,458.4,4.0,0.0,0.0,0.0,0.0,2.8,5.0,157.8,2.0,14.4,309.0,1006.8,1006.8,2.7,5.3
2024-06-06 16:00:00+02:00,19.3,19.3,18.0,5.9,42.0,26.8,83.0,292.9,2.0,0.0,0.0,0.0,0.0,2.8,5.0,157.8,2.0,6.1,230.0,1006.7,1006.7,2.7,5.3
2024-06-06 16:10:00+02:00,20.0,20.0,18.9,6.6,42.0,26.8,82.0,180.2,1.0,0.0,0.0,0.0,0.0,2.8,5.0,157.8,1.7,7.9,228.0,1006.7,1006.7,2.7,5.3
2024-06-06 16:15:00+02:00,19.7,19.7,18.2,6.4,42.0,26.8,83.0,132.8,1.0,0.0,0.0,0.0,0.0,2.8,5.0,157.8,3.5,7.2,122.0,1006.9,1006.9,2.7,5.3
2024-06-06 16:20:00+02:00,19.4,19.4,18.0,5.4,40.0,26.8,83.0,247.4,2.0,0.0,0.0,0.0,0.0,2.8,5.0,157.8,2.2,4.7,178.0,1006.7,1006.7,2.7,5.3
2024-06-06 16:25:00+02:00,20.0,20.0,19.0,6.3,41.0,26.8,83.0,510.2,4.0,0.0,0.0,0.0,0.0,2.8,5.0,157.8,0.9,4.7,232.0,1006.8,1006.8,2.7,5.3
2024-06-06 16:30:00+02:00,21.2,21.2,19.5,5.6,36.0,26.8,83.0,494.2,4.0,0.0,0.0,0.0,0.0,2.8,5.0,157.8,3.2,13.7,297.0,1006.7,1006.7,2.7,5.3
2024-06-06 16:35:00+02:00,20.2,20.2,17.8,5.2,37.0,26.8,83.0,520.9,4.0,0.0,0.0,0.0,0.0,2.8,5.0,157.8,6.8,19.4,270.0,1006.7,1006.7,2.7,5.3
2024-06-06 16:40:00+02:00,20.9,20.9,19.1,5.1,35.0,26.8,83.0,514.7,4.0,0.0,0.0,0.0,0.0,2.8,5.0,157.8,3.7,13.0,283.0,1006.6,1006.6,2.7,5.3
2024-06-06 16:45:00+02:00,20.8,20.8,19.4,5.0,35.0,26.7,83.0,195.5,1.0,0.0,0.0,0.0,0.0,2.8,5.0,157.8,1.7,6.8,195.0,1006.7,1006.7,2.7,5.3
2024-06-06 16:50:00+02:00,20.6,20.6,18.7,5.3,37.0,26.8,83.0,383.5,3.0,0.0,0.0,0.0,0.0,2.8,5.0,157.8,4.2,9.0,289.0,1006.8,1006.8,2.7,5.3
2024-06-06 16:55:00+02:00,20.2,20.2,18.2,4.4,35.0,26.8,83.0,364.2,3.0,0.0,0.0,0.0,0.0,2.8,5.0,157.8,4.0,9.7,251.0,1006.7,1006.7,2.7,5.3
2024-06-06 17:00:00+02:00,20.1,20.1,18.2,4.8,37.0,26.9,83.0,411.4,3.0,0.0,0.0,0.0,0.0,2.8,5.0,157.8,3.9,9.0,149.0,1006.7,1006.7,2.7,5.3
2024-06-06 17:05:00+02:00,20.5,20.5,18.8,4.6,35.0,26.9,83.0,432.4,4.0,0.0,0.0,0.0,0.0,2.8,5.0,157.8,2.0,9.0,170.0,1006.6,1006.6,2.7,5.3
2024-06-06 17:10:00+02:00,21.4,21.4,19.8,5.3,35.0,26.8,83.0,417.1,3.0,0.0,0.0,0.0,0.0,2.8,5.0,157.8,3.0,9.0,268.0,1006.6,1006.6,2.7,5.3
2024-06-06 17:15:00+02:00,21.4,21.4,19.7,5.6,36.0,26.9,83.0,393.1,3.0,0.0,0.0,0.0,0.0,2.8,5.0,157.8,3.5,7.6,237.0,1006.8,1006.8,2.7,5.3
2024-06-06 17:20:00+02:00,20.8,20.8,18.5,4.5,34.0,26.9,83.0,284.2,2.0,0.0,0.0,0.0,0.0,2.8,5.0,157.8,5.4,11.2,267.0,1006.7,1006.7,2.7,5.3
2024-06-06 17:25:00+02:00,20.1,20.1,18.2,5.1,37.0,26.8,83.0,320.3,2.0,0.0,0.0,0.0,0.0,2.8,5.0,157.8,4.2,7.2,137.0,1006.6,1006.6,2.7,5.3
2024-06-06 17:30:00+02:00,20.2,20.2,18.3,4.9,37.0,26.8,83.0,391.3,3.0,0.0,0.0,0.0,0.0,2.8,5.0,157.8,3.8,7.9,259.0,1006.7,1006.7,2.7,5.3
2024-06-06 17:35:00+02:00,20.6,20.6,19.0,5.1,36.0,26.8,84.0,375.7,3.0,0.0,0.0,0.0,0.0,2.8,5.0,157.8,2.6,6.8,245.0,1006.8,1006.8,2.7,5.3
2024-06-06 17:40:00+02:00,20.3,20.3,18.2,5.3,37.0,26.8,83.0,196.8,1.0,0.0,0.0,0.0,0.0,2.8,5.0,157.8,5.3,14.0,241.0,1006.7,1006.7,2.7,5.3
2024-06-06 17:45:00+02:00,18.9,18.9,16.5,4.8,39.0,26.8,83.0,129.7,1.0,0.0,0.0,0.0,0.0,2.8,5.0,157.8,6.3,19.1,282.0,1006.9,1006.9,2.7,5.3
2024-06-06 17:50:00+02:00,18.9,18.9,16.8,5.1,40.0,26.8,83.0,170.3,1.0,0.0,0.0,0.0,0.0,2.8,5.0,157.8,5.2,9.0,260.0,1006.9,1006.9,2.7,5.3
2024-06-06 17:55:00+02:00,18.8,18.8,16.5,5.1,41.0,26.7,84.0,261.6,2.0,0.0,0.0,0.0,0.0,2.8,5.0,157.8,6.3,12.6,291.0,1006.8,1006.8,2.7,5.3
2024-06-06 18:00:00+02:00,18.8,18.8,16.5,5.2,41.0,26.7,83.0,280.0,2.0,0.0,0.0,0.0,0.0,2.8,5.0,157.8,6.3,14.4,290.0,1006.7,1006.7,2.7,5.3
2024-06-06 18:05:00+02:00,18.9,18.9,16.5,5.0,40.0,26.7,83.0,300.4,2.0,0.0,0.0,0.0,0.0,2.8,5.0,157.8,6.2,16.9,268.0,1006.8,1006.8,2.7,5.3
2024-06-06 18:10:00+02:00,19.0,19.0,17.0,4.9,39.0,26.6,83.0,197.7,1.0,0.0,0.0,0.0,0.0,2.8,5.0,157.8,4.5,12.2,268.0,1006.7,1006.7,2.7,5.3
2024-06-06 18:15:00+02:00,18.9,18.9,16.7,5.4,41.0,26.6,83.0,151.1,1.0,0.0,0.0,0.0,0.0,2.8,5.0,157.8,5.8,17.6,299.0,1006.8,1006.8,2.7,5.3
2024-06-06 18:20:00+02:00,18.9,18.9,17.0,5.3,41.0,26.6,83.0,132.0,1.0,0.0,0.0,0.0,0.0,2.8,5.0,157.8,4.2,13.7,292.0,1006.8,1006.8,2.7,5.3
2024-06-06 18:25:00+02:00,18.8,18.8,16.6,5.4,41.0,26.5,83.0,132.9,1.0,0.0,0.0,0.0,0.0,2.8,5.0,157.8,5.7,15.5,279.0,1006.7,1006.7,2.7,5.3
2024-06-06 18:30:00+02:00,18.6,18.6,16.1,5.1,41.0,26.4,83.0,118.0,1.0,0.0,0.0,0.0,0.0,2.8,5.0,157.8,7.2,17.6,278.0,1006.8,1006.8,2.7,5.3
2024-06-06 18:35:00+02:00,18.3,18.3,16.3,5.5,43.0,26.4,83.0,130.2,1.0,0.0,0.0,0.0,0.0,2.8,5.0,157.8,5.5,13.0,232.0,1006.8,1006.8,2.7,5.3
2024-06-06 18:40:00+02:00,18.6,18.6,16.9,5.7,43.0,26.3,83.0,150.4,1.0,0.0,0.0,0.0,0.0,2.8,5.0,157.8,3.7,11.5,254.0,1006.9,1006.9,2.7,5.3
2024-06-06 18:45:00+02:00,18.6,18.6,16.9,5.3,42.0,26.3,83.0,104.0,0.0,0.0,0.0,0.0,0.0,2.8,5.0,157.8,3.0,7.9,237.0,1006.9,1006.9,2.7,5.2
2024-06-06 18:50:00+02:00,18.5,18.5,16.7,5.5,43.0,26.3,83.0,128.8,1.0,0.0,0.0,0.0,0.0,2.8,5.0,157.8,4.1,6.5,98.0,1007.0,1007.0,2.7,5.2
2024-06-06 18:55:00+02:00,18.6,18.6,17.3,5.5,42.0,26.2,83.0,112.3,1.0,0.0,0.0,0.0,0.0,2.8,5.0,157.8,1.5,9.4,271.0,1007.0,1007.0,2.7,5.2
2024-06-06 19:00:00+02:00,18.5,18.5,16.9,5.5,42.0,26.2,83.0,105.8,0.0,0.0,0.0,0.0,0.0,2.8,5.0,157.8,3.4,15.1,274.0,1007.1,1007.1,2.7,5.2
2024-06-06 19:05:00+02:00,18.0,18.0,15.4,5.4,43.0,26.1,83.0,98.1,0.0,0.0,0.0,0.0,0.0,2.8,5.0,157.8,7.9,19.4,273.0,1007.1,1007.1,2.7,5.2
2024-06-06 19:10:00+02:00,17.9,17.9,15.9,5.4,44.0,26.0,83.0,89.0,0.0,0.0,0.0,0.0,0.0,2.8,5.0,157.8,5.0,20.2,282.0,1007.1,1007.1,2.7,5.2
2024-06-06 19:15:00+02:00,17.9,17.9,16.1,5.1,43.0,26.0,82.0,75.8,0.0,0.0,0.0,0.0,0.0,2.8,5.0,157.8,4.0,10.8,279.0,1007.1,1007.1,2.7,5.2
2024-06-06 19:20:00+02:00,17.9,17.9,16.0,5.3,44.0,25.9,83.0,72.1,0.0,0.0,0.0,0.0,0.0,2.8,5.0,157.8,4.1,8.6,281.0,1007.3,1007.3,2.7,5.2
2024-06-06 19:25:00+02:00,17.6,17.6,15.4,5.2,44.0,25.8,83.0,64.1,0.0,0.0,0.0,0.0,0.0,2.8,5.0,157.8,5.8,13.7,281.0,1007.1,1007.1,2.7,5.2
2024-06-06 19:30:00+02:00,17.5,17.5,15.4,5.1,44.0,25.7,82.0,64.2,0.0,0.0,0.0,0.0,0.0,2.8,5.0,157.8,5.4,13.7,286.0,1007.3,1007.3,2.7,5.2
2024-06-06 19:35:00+02:00,17.5,17.5,15.6,5.0,44.0,25.7,82.0,62.8,0.0,0.0,0.0,0.0,0.0,2.8,5.0,157.8,3.9,15.1,269.0,1007.3,1007.3,2.7,5.2
2024-06-06 19:40:00+02:00,17.6,17.6,16.2,5.2,44.0,25.6,82.0,55.2,0.0,0.0,0.0,0.0,0.0,2.8,5.0,157.8,1.5,6.8,281.0,1007.3,1007.3,2.7,5.2
2024-06-06 19:45:00+02:00,17.5,17.5,15.8,5.3,45.0,25.5,82.0,47.0,0.0,0.0,0.0,0.0,0.0,2.8,5.0,157.8,3.2,9.7,266.0,1007.3,1007.3,2.7,5.2
2024-06-06 19:50:00+02:00,17.4,17.4,16.0,5.8,46.0,25.5,82.0,41.5,0.0,0.0,0.0,0.0,0.0,2.8,5.0,157.8,2.2,7.2,216.0,1007.4,1007.4,2.7,5.2
2024-06-06 19:55:00+02:00,17.2,17.2,15.1,5.3,45.0,25.4,82.0,38.6,0.0,0.0,0.0,0.0,0.0,2.8,5.0,157.8,5.4,10.4,292.0,1007.4,1007.4,2.7,5.2
2024-06-06 20:00:00+02:00,17.3,17.3,15.3,5.2,45.0,25.3,82.0,35.8,0.0,0.0,0.0,0.0,0.0,2.8,5.0,157.8,4.8,10.4,287.0,1007.5,1007.5,2.7,5.2
2024-06-06 20:05:00+02:00,17.3,17.3,15.1,5.2,45.0,25.2,82.0,32.4,0.0,0.0,0.0,0.0,0.0,2.8,5.0,157.8,5.7,11.9,274.0,1007.4,1007.4,2.7,5.2
2024-06-06 20:10:00+02:00,17.3,17.3,15.8,5.4,46.0,25.2,82.0,30.9,0.0,0.0,0.0,0.0,0.0,2.8,5.0,157.8,2.4,5.8,282.0,1007.5,1007.5,2.7,5.2
2024-06-06 20:15:00+02:00,17.2,17.2,15.4,5.8,47.0,25.1,82.0,31.4,0.0,0.0,0.0,0.0,0.0,2.8,5.0,157.8,4.3,7.9,282.0,1007.5,1007.5,2.7,5.2
2024-06-06 20:20:00+02:00,17.2,17.2,15.6,5.8,47.0,25.0,82.0,32.0,0.0,0.0,0.0,0.0,0.0,2.8,5.0,157.8,3.0,7.6,284.0,1007.6,1007.6,2.7,5.2
2024-06-06 20:25:00+02:00,17.1,17.1,15.6,5.9,48.0,25.0,82.0,27.6,0.0,0.0,0.0,0.0,0.0,2.8,5.0,157.8,2.7,7.2,260.0,1007.5,1007.5,2.7,5.2
2024-06-06 20:30:00+02:00,17.0,17.0,14.9,6.0,48.0,24.9,82.0,26.8,0.0,0.0,0.0,0.0,0.0,2.8,5.0,157.8,5.6,7.6,280.0,1007.6,1007.6,2.7,5.2
2024-06-06 20:35:00+02:00,16.8,16.8,15.1,5.9,49.0,24.8,82.0,29.1,0.0,0.0,0.0,0.0,0.0,2.8,5.0,157.8,4.2,10.1,271.0,1007.5,1007.5,2.7,5.2
2024-06-06 20:40:00+02:00,16.7,16.7,14.7,6.0,49.0,24.8,82.0,28.1,0.0,0.0,0.0,0.0,0.0,2.8,5.0,157.8,5.6,10.1,302.0,1007.5,1007.5,2.7,5.2
2024-06-06 20:45:00+02:00,16.6,16.6,15.1,5.9,49.0,24.7,82.0,23.8,0.0,0.0,0.0,0.0,0.0,2.8,5.0,157.8,2.7,7.6,298.0,1007.5,1007.5,2.7,5.2
2024-06-06 20:50:00+02:00,16.5,16.5,14.9,6.0,50.0,24.6,82.0,20.8,0.0,0.0,0.0,0.0,0.0,2.8,5.0,157.8,3.3,6.8,295.0,1007.5,1007.5,2.7,5.2
2024-06-06 20:55:00+02:00,16.4,16.4,14.9,5.7,49.0,24.5,82.0,18.3,0.0,0.0,0.0,0.0,0.0,2.8,5.0,157.8,2.5,11.2,288.0,1007.7,1007.7,2.7,5.2
2024-06-06 21:00:00+02:00,16.3,16.3,14.9,5.6,49.0,24.5,82.0,15.6,0.0,0.0,0.0,0.0,0.0,2.8,5.0,157.8,2.3,7.2,277.0,1007.6,1007.6,2.7,5.2
2024-06-06 21:05:00+02:00,16.2,16.2,14.5,5.6,49.0,24.4,82.0,12.8,0.0,0.0,0.0,0.0,0.0,2.8,5.0,157.8,3.5,7.6,282.0,1007.5,1007.5,2.7,5.2
2024-06-06 21:10:00+02:00,16.2,16.2,14.6,5.8,50.0,24.3,82.0,10.2,0.0,0.0,0.0,0.0,0.0,2.8,5.0,157.8,3.0,5.4,293.0,1007.6,1007.6,2.7,5.2
2024-06-06 21:15:00+02:00,16.0,16.0,14.3,5.6,50.0,24.3,82.0,8.6,0.0,0.0,0.0,0.0,0.0,2.8,5.0,157.8,3.6,5.8,278.0,1007.5,1007.5,2.7,5.2
2024-06-06 21:20:00+02:00,15.9,15.9,14.5,5.7,51.0,24.2,81.0,7.2,0.0,0.0,0.0,0.0,0.0,2.8,5.0,157.8,2.2,5.4,300.0,1007.6,1007.6,2.7,5.2
2024-06-06 21:25:00+02:00,15.8,15.8,14.5,5.7,51.0,24.1,82.0,5.5,0.0,0.0,0.0,0.0,0.0,2.8,5.0,157.8,1.7,5.8,309.0,1007.7,1007.7,2.7,5.2
2024-06-06 21:30:00+02:00,15.7,15.7,14.5,5.7,51.0,24.0,81.0,4.1,0.0,0.0,0.0,0.0,0.0,2.8,5.0,157.8,1.3,2.9,342.0,1007.7,1007.7,2.7,5.2
2024-06-06 21:35:00+02:00,15.7,15.7,14.5,5.9,52.0,23.9,81.0,3.0,0.0,0.0,0.0,0.0,0.0,2.8,5.0,157.8,1.2,3.6,21.0,1007.9,1007.9,2.7,5.2
2024-06-06 21:40:00+02:00,15.6,15.6,14.5,6.2,54.0,23.8,81.0,2.1,0.0,0.0,0.0,0.0,0.0,2.8,5.0,157.8,1.1,2.9,21.0,1007.8,1007.8,2.7,5.2
2024-06-06 21:45:00+02:00,15.3,15.3,14.2,6.5,56.0,23.7,82.0,1.5,0.0,0.0,0.0,0.0,0.0,2.8,5.0,157.8,1.2,2.5,15.0,1007.8,1007.8,2.7,5.2
2024-06-06 21:50:00+02:00,15.2,15.2,14.1,5.8,53.0,23.7,81.0,1.0,0.0,0.0,0.0,0.0,0.0,2.8,5.0,157.8,1.1,5.0,302.0,1008.0,1008.0,2.7,5.2
2024-06-06 21:55:00+02:00,15.1,15.1,14.2,6.3,56.0,23.6,81.0,0.6,0.0,0.0,0.0,0.0,0.0,2.8,5.0,157.8,0.4,2.5,118.0,1007.9,1007.9,2.7,5.2
2024-06-06 22:00:00+02:00,14.7,14.7,13.9,7.1,60.0,23.5,81.0,0.3,0.0,0.0,0.0,0.0,0.0,2.8,5.0,157.8,0.9,2.5,115.0,1008.1,1008.1,2.7,5.2
2024-06-06 22:05:00+02:00,14.5,14.5,13.7,6.9,60.0,23.4,81.0,0.2,0.0,0.0,0.0,0.0,0.0,2.8,5.0,157.8,0.6,2.9,303.0,1008.2,1008.2,2.7,5.2
2024-06-06 22:10:00+02:00,14.7,14.7,13.6,6.1,56.0,23.3,81.0,0.1,0.0,0.0,0.0,0.0,0.0,2.8,5.0,157.8,1.6,4.7,304.0,1008.1,1008.1,2.7,5.2
2024-06-06 22:15:00+02:00,14.9,14.9,13.8,6.3,56.0,23.3,81.0,0.0,0.0,0.0,0.0,0.0,0.0,2.8,5.0,157.8,1.1,2.9,321.0,1008.1,1008.1,2.7,5.2
2024-06-06 22:20:00+02:00,14.8,14.8,13.8,6.3,57.0,23.2,81.0,0.0,0.0,0.0,0.0,0.0,0.0,2.8,5.0,157.8,0.9,3.6,325.0,1008.2,1008.2,2.7,5.2
2024-06-06 22:25:00+02:00,14.8,14.8,13.7,6.4,57.0,23.1,81.0,0.0,0.0,0.0,0.0,0.0,0.0,2.8,5.0,157.8,1.3,2.9,334.0,1008.1,1008.1,2.7,5.1
2024-06-06 22:30:00+02:00,14.8,14.8,13.9,6.5,58.0,23.0,82.0,0.0,0.0,0.0,0.0,0.0,0.0,2.8,5.0,157.8,0.4,4.0,321.0,1008.3,1008.3,2.7,5.1
2024-06-06 22:35:00+02:00,14.6,14.6,13.6,6.6,59.0,22.9,82.0,0.0,0.0,0.0,0.0,0.0,0.0,2.8,5.0,157.8,0.8,2.5,330.0,1008.3,1008.3,2.7,5.1
2024-06-06 22:40:00+02:00,14.5,14.5,13.6,6.7,59.0,22.8,82.0,0.0,0.0,0.0,0.0,0.0,0.0,2.8,5.0,157.8,0.8,2.5,14.0,1008.3,1008.3,2.7,5.1
2024-06-06 22:45:00+02:00,14.3,14.3,13.5,7.4,63.0,22.8,82.0,0.0,0.0,0.0,0.0,0.0,0.0,2.8,5.0,157.8,0.8,2.5,65.0,1008.3,1008.3,2.7,5.1
2024-06-06 22:50:00+02:00,13.9,13.9,13.2,7.4,65.0,22.7,82.0,0.0,0.0,0.0,0.0,0.0,0.0,2.8,5.0,157.8,0.4,2.2,129.0,1008.4,1008.4,2.7,5.1
2024-06-06 22:55:00+02:00,13.6,13.6,12.8,7.4,66.0,22.7,82.0,0.0,0.0,0.0,0.0,0.0,0.0,2.8,5.0,157.8,0.8,2.5,118.0,1008.5,1008.5,2.7,5.1
2024-06-06 23:00:00+02:00,13.4,13.4,12.6,7.4,67.0,22.6,82.0,0.0,0.0,0.0,0.0,0.0,0.0,2.8,5.0,157.8,1.2,2.9,110.0,1008.4,1008.4,2.7,5.1
2024-06-06 23:05:00+02:00,13.3,13.3,12.3,7.3,67.0,22.5,81.0,0.0,0.0,0.0,0.0,0.0,0.0,2.8,5.0,157.8,1.4,3.2,112.0,1008.5,1008.5,2.7,5.1
2024-06-06 23:20:00+02:00,12.9,12.9,12.3,7.4,70.0,22.2,81.0,0.0,0.0,0.0,0.0,0.0,0.0,2.8,5.0,157.8,0.0,2.5,110.0,1008.4,1008.4,2.7,5.1
2024-06-06 23:25:00+02:00,12.8,12.8,11.9,7.4,70.0,22.1,81.0,0.0,0.0,0.0,0.0,0.0,0.0,2.8,5.0,157.8,1.7,3.6,105.0,1008.4,1008.4,2.7,5.1
2024-06-06 23:30:00+02:00,12.7,12.7,11.7,7.6,71.0,22.0,81.0,0.0,0.0,0.0,0.0,0.0,0.0,2.8,5.0,157.8,2.2,3.2,103.0,1008.4,1008.4,2.7,5.1
2024-06-06 23:35:00+02:00,12.7,12.7,12.0,7.9,73.0,21.9,81.0,0.0,0.0,0.0,0.0,0.0,0.0,2.8,5.0,157.8,0.9,2.9,108.0,1008.4,1008.4,2.7,5.1
2024-06-06 23:40:00+02:00,12.6,12.6,11.9,7.9,73.0,21.8,81.0,0.0,0.0,0.0,0.0,0.0,0.0,2.8,5.0,157.8,0.9,2.9,99.0,1008.3,1008.3,2.7,5.1
2024-06-06 23:45:00+02:00,12.5,12.5,11.7,8.0,74.0,21.7,81.0,0.0,0.0,0.0,0.0,0.0,0.0,2.8,5.0,157.8,1.4,2.5,101.0,1008.5,1008.5,2.7,5.1
2024-06-06 23:50:00+02:00,12.4,12.4,11.6,8.0,74.0,21.7,81.0,0.0,0.0,0.0,0.0,0.0,0.0,2.8,5.0,157.8,1.7,2.9,107.0,1008.5,1008.5,2.7,5.1
2024-06-06 23:55:00+02:00,12.4,12.4,11.7,8.1,75.0,21.6,81.0,0.0,0.0,0.0,0.0,0.0,0.0,2.8,5.0,157.8,1.7,3.2,108.0,1008.5,1008.5,2.7,5.1
2024-06-07 00:00:00+02:00,12.4,12.4,11.7,7.7,73.0,21.5,81.0,0.0,0.0,0.0,0.0,0.0,0.0,2.8,5.0,157.8,0.7,2.5,116.0,1008.5,1008.5,2.7,5.1
2024-06-07 00:05:00+02:00,12.3,12.3,11.8,7.9,75.0,21.4,81.0,0.0,0.0,0.0,0.0,0.0,0.0,2.8,5.0,157.8,0.4,2.5,129.0,1008.6,1008.6,2.7,5.1
2024-06-07 00:10:00+02:00,12.3,12.3,11.7,8.1,75.0,21.3,81.0,0.0,0.0,0.0,0.0,0.0,0.0,2.8,5.0,157.8,0.9,2.9,102.0,1008.7,1008.7,2.7,5.1
2024-06-07 00:15:00+02:00,12.4,12.4,11.6,8.2,75.0,21.3,81.0,0.0,0.0,0.0,0.0,0.0,0.0,2.8,5.0,157.8,2.1,2.9,105.0,1008.6,1008.6,2.7,5.0
2024-06-07 00:20:00+02:00,12.4,12.4,11.8,8.3,76.0,21.2,82.0,0.0,0.0,0.0,0.0,0.0,0.0,2.8,5.0,157.8,1.4,2.9,111.0,1008.6,1008.6,2.7,5.0
2024-06-07 00:25:00+02:00,12.4,12.4,11.6,8.2,76.0,21.2,81.0,0.0,0.0,0.0,0.0,0.0,0.0,2.8,5.0,157.8,2.0,2.9,104.0,1008.6,1008.6,2.7,5.0
2024-06-07 00:30:00+02:00,12.4,12.4,11.5,8.2,76.0,21.1,81.0,0.0,0.0,0.0,0.0,0.0,0.0,2.8,5.0,157.8,2.3,2.9,106.0,1008.7,1008.7,2.7,5.0
2024-06-07 00:35:00+02:00,12.4,12.4,11.8,8.6,77.0,21.0,81.0,0.0,0.0,0.0,0.0,0.0,0.0,2.8,5.0,157.8,1.9,3.6,103.0,1008.6,1008.6,2.7,5.0
2024-06-07 00:40:00+02:00,12.3,12.3,11.8,8.6,78.0,21.0,81.0,0.0,0.0,0.0,0.0,0.0,0.0,2.8,5.0,157.8,1.2,3.2,109.0,1008.6,1008.6,2.7,5.0
2024-06-07 00:45:00+02:00,12.2,12.2,11.8,8.6,78.0,20.9,81.0,0.0,0.0,0.0,0.0,0.0,0.0,2.8,5.0,157.8,0.8,2.5,91.0,1008.7,1008.7,2.7,5.0
2024-06-07 00:50:00+02:00,12.3,12.3,11.5,8.5,78.0,20.8,81.0,0.0,0.0,0.0,0.0,0.0,0.0,2.8,5.0,157.8,2.3,2.9,117.0,1008.7,1008.7,2.7,5.0
2024-06-07 00:55:00+02:00,12.3,12.3,11.6,8.4,77.0,20.8,81.0,0.0,0.0,0.0,0.0,0.0,0.0,2.8,5.0,157.8,1.2,2.5,106.0,1008.6,1008.6,2.7,5.0
2024-06-07 01:00:00+02:00,12.3,12.3,11.5,8.5,78.0,20.7,82.0,0.0,0.0,0.0,0.0,0.0,0.0,2.8,5.0,157.8,2.2,2.9,108.0,1008.6,1008.6,2.7,5.0
2024-06-07 01:05:00+02:00,12.2,12.2,11.6,8.3,77.0,20.6,82.0,0.0,0.0,0.0,0.0,0.0,0.0,2.8,5.0,157.8,1.2,2.9,104.0,1008.7,1008.7,2.7,5.0
2024-06-07 01:10:00+02:00,12.2,12.2,11.7,8.5,78.0,20.6,81.0,0.0,0.0,0.0,0.0,0.0,0.0,2.8,5.0,157.8,0.8,2.5,101.0,1008.7,1008.7,2.7,5.0
2024-06-07 01:15:00+02:00,12.2,12.2,11.5,8.6,78.0,20.5,82.0,0.0,0.0,0.0,0.0,0.0,0.0,2.8,5.0,157.8,2.1,2.9,104.0,1008.7,1008.7,2.7,5.0
2024-06-07 01:20:00+02:00,12.1,12.1,11.4,8.4,78.0,20.4,82.0,0.0,0.0,0.0,0.0,0.0,0.0,2.8,5.0,157.8,1.7,2.9,116.0,1008.7,1008.7,2.7,5.0
2024-06-07 01:25:00+02:00,12.1,12.1,11.4,8.4,78.0,20.4,82.0,0.0,0.0,0.0,0.0,0.0,0.0,2.8,5.0,157.8,1.7,3.6,104.0,1008.7,1008.7,2.7,5.0
2024-06-07 01:30:00+02:00,12.2,12.2,11.4,8.6,79.0,20.3,82.0,0.0,0.0,0.0,0.0,0.0,0.0,2.8,5.0,157.8,2.3,3.2,116.0,1008.7,1008.7,2.7,5.0
2024-06-07 01:35:00+02:00,12.2,12.2,11.4,8.4,78.0,20.2,82.0,0.0,0.0,0.0,0.0,0.0,0.0,2.8,5.0,157.8,1.7,2.9,116.0,1008.6,1008.6,2.7,5.0
2024-06-07 01:40:00+02:00,12.2,12.2,11.7,8.6,79.0,20.2,82.0,0.0,0.0,0.0,0.0,0.0,0.0,2.8,5.0,157.8,1.2,2.9,100.0,1008.7,1008.7,2.7,5.0
2024-06-07 01:45:00+02:00,12.1,12.1,11.5,8.5,78.0,20.1,82.0,0.0,0.0,0.0,0.0,0.0,0.0,2.8,5.0,157.8,1.2,2.5,107.0,1008.7,1008.7,2.7,5.0
2024-06-07 01:50:00+02:00,12.1,12.1,11.7,8.5,79.0,20.1,82.0,0.0,0.0,0.0,0.0,0.0,0.0,2.8,5.0,157.8,0.0,2.2,104.0,1008.7,1008.7,2.7,5.0
2024-06-07 01:55:00+02:00,12.0,12.0,11.7,8.5,79.0,20.0,82.0,0.0,0.0,0.0,0.0,0.0,0.0,2.8,5.0,157.8,0.0,1.8,89.0,1008.8,1008.8,2.7,5.0
2024-06-07 02:00:00+02:00,12.0,12.0,11.3,8.8,81.0,20.0,82.0,0.0,0.0,0.0,0.0,0.0,0.0,2.8,5.0,157.8,2.7,4.0,112.0,1008.7,1008.7,2.7,5.0
2024-06-07 02:05:00+02:00,12.0,12.0,11.4,8.8,81.0,19.9,82.0,0.0,0.0,0.0,0.0,0.0,0.0,2.8,5.0,157.8,1.7,3.2,111.0,1008.7,1008.7,2.7,4.9
2024-06-07 02:10:00+02:00,12.0,12.0,11.7,8.7,80.0,19.9,82.0,0.0,0.0,0.0,0.0,0.0,0.0,2.8,5.0,157.8,0.0,1.8,117.0,1008.8,1008.8,2.7,4.9
2024-06-07 02:15:00+02:00,12.1,12.1,11.8,8.5,79.0,19.8,82.0,0.0,0.0,0.0,0.0,0.0,0.0,2.8,5.0,157.8,0.0,0.0,115.0,1008.8,1008.8,2.7,4.9
2024-06-07 02:20:00+02:00,12.1,12.1,11.7,8.4,78.0,19.8,82.0,0.0,0.0,0.0,0.0,0.0,0.0,2.8,5.0,157.8,0.4,2.2,111.0,1008.7,1008.7,2.7,4.9
2024-06-07 02:25:00+02:00,12.1,12.1,11.9,8.9,81.0,19.8,82.0,0.0,0.0,0.0,0.0,0.0,0.0,2.8,5.0,157.8,0.0,2.5,115.0,1008.7,1008.7,2.7,4.9
2024-06-07 02:30:00+02:00,12.0,12.0,11.8,8.9,81.0,19.7,82.0,0.0,0.0,0.0,0.0,0.0,0.0,2.8,5.0,157.8,0.0,1.8,117.0,1008.8,1008.8,2.7,4.9
2024-06-07 02:35:00+02:00,12.0,12.0,11.7,8.5,79.0,19.7,82.0,0.0,0.0,0.0,0.0,0.0,0.0,2.8,5.0,157.8,0.0,1.8,120.0,1008.6,1008.6,2.7,4.9
2024-06-07 02:40:00+02:00,11.9,11.9,11.5,8.6,80.0,19.6,82.0,0.0,0.0,0.0,0.0,0.0,0.0,2.8,5.0,157.8,0.8,2.2,113.0,1008.6,1008.6,2.7,4.9
2024-06-07 02:45:00+02:00,11.9,11.9,11.6,8.9,82.0,19.6,82.0,0.0,0.0,0.0,0.0,0.0,0.0,2.8,5.0,157.8,0.4,2.9,116.0,1008.5,1008.5,2.7,4.9
2024-06-07 02:50:00+02:00,11.8,11.8,11.5,8.7,81.0,19.5,82.0,0.0,0.0,0.0,0.0,0.0,0.0,2.8,5.0,157.8,0.0,0.0,133.0,1008.6,1008.6,2.7,4.9
2024-06-07 02:55:00+02:00,11.6,11.6,11.0,8.8,83.0,19.5,82.0,0.0,0.0,0.0,0.0,0.0,0.0,2.8,5.0,157.8,1.9,2.9,111.0,1008.6,1008.6,2.7,4.9
2024-06-07 03:00:00+02:00,11.4,11.4,11.1,8.7,83.0,19.5,82.0,0.0,0.0,0.0,0.0,0.0,0.0,2.8,5.0,157.8,0.4,2.9,95.0,1008.6,1008.6,2.7,4.9
2024-06-07 03:05:00+02:00,11.3,11.3,11.0,8.7,84.0,19.4,82.0,0.0,0.0,0.0,0.0,0.0,0.0,2.8,5.0,157.8,0.0,0.0,71.0,1008.6,1008.6,2.7,4.9
2024-06-07 03:10:00+02:00,11.3,11.3,11.0,8.8,85.0,19.4,82.0,0.0,0.0,0.0,0.0,0.0,0.0,2.8,5.0,157.8,0.0,1.8,317.0,1008.5,1008.5,2.7,4.9
2024-06-07 03:15:00+02:00,11.2,11.2,10.9,8.8,85.0,19.3,82.0,0.0,0.0,0.0,0.0,0.0,0.0,2.8,5.0,157.8,0.0,2.5,287.0,1008.7,1008.7,2.7,4.9
2024-06-07 03:20:00+02:00,10.9,10.9,10.2,8.6,86.0,19.3,82.0,0.0,0.0,0.0,0.0,0.0,0.0,2.8,5.0,157.8,2.1,3.2,118.0,1008.7,1008.7,2.7,4.9
2024-06-07 03:25:00+02:00,10.8,10.8,10.0,8.7,87.0,19.3,82.0,0.0,0.0,0.0,0.0,0.0,0.0,2.8,5.0,157.8,2.7,4.0,112.0,1008.6,1008.6,2.7,4.9
2024-06-07 03:30:00+02:00,10.7,10.7,10.1,8.6,87.0,19.2,82.0,0.0,0.0,0.0,0.0,0.0,0.0,2.8,5.0,157.8,1.2,3.6,116.0,1008.5,1008.5,2.7,4.9
2024-06-07 03:35:00+02:00,10.7,10.7,10.4,8.7,88.0,19.1,82.0,0.0,0.0,0.0,0.0,0.0,0.0,2.8,5.0,157.8,0.0,2.5,345.0,1008.5,1008.5,2.7,4.9
2024-06-07 03:40:00+02:00,10.7,10.7,10.4,8.6,87.0,19.0,82.0,0.0,0.0,0.0,0.0,0.0,0.0,2.8,5.0,157.8,0.0,1.8,355.0,1008.5,1008.5,2.7,4.9
2024-06-07 03:45:00+02:00,10.6,10.6,9.9,8.7,88.0,18.9,82.0,0.0,0.0,0.0,0.0,0.0,0.0,2.8,5.0,157.8,2.2,3.2,108.0,1008.5,1008.5,2.7,4.8
2024-06-07 03:50:00+02:00,10.6,10.6,9.8,8.7,88.0,18.9,82.0,0.0,0.0,0.0,0.0,0.0,0.0,2.8,5.0,157.8,2.4,3.2,111.0,1008.4,1008.4,2.7,4.8
2024-06-07 03:55:00+02:00,10.7,10.7,9.9,8.6,87.0,18.8,82.0,0.0,0.0,0.0,0.0,0.0,0.0,2.8,5.0,157.8,2.5,3.2,111.0,1008.4,1008.4,2.7,4.8
2024-06-07 04:00:00+02:00,10.7,10.7,10.0,8.6,87.0,18.8,82.0,0.0,0.0,0.0,0.0,0.0,0.0,2.8,5.0,157.8,2.0,3.2,105.0,1008.5,1008.5,2.7,4.8
2024-06-07 04:05:00+02:00,10.7,10.7,10.1,8.6,86.0,18.8,82.0,0.0,0.0,0.0,0.0,0.0,0.0,2.8,5.0,157.8,1.7,2.9,100.0,1008.6,1008.6,2.7,4.8
2024-06-07 04:10:00+02:00,10.9,10.9,10.2,8.8,87.0,18.7,82.0,0.0,0.0,0.0,0.0,0.0,0.0,2.8,5.0,157.8,2.3,2.9,102.0,1008.7,1008.7,2.7,4.8
2024-06-07 04:15:00+02:00,11.0,11.0,10.5,9.1,88.0,18.7,82.0,0.0,0.0,0.0,0.0,0.0,0.0,2.8,5.0,157.8,1.3,2.9,108.0,1008.6,1008.6,2.7,4.8
2024-06-07 04:20:00+02:00,11.0,11.0,10.8,9.1,88.0,18.6,82.0,0.0,0.0,0.0,0.0,0.0,0.0,2.8,5.0,157.8,0.0,2.5,110.0,1008.6,1008.6,2.7,4.8
2024-06-07 04:25:00+02:00,10.9,10.9,10.6,9.0,88.0,18.6,82.0,0.0,0.0,0.0,0.0,0.0,0.0,2.8,5.0,157.8,0.0,2.5,106.0,1008.6,1008.6,2.7,4.8
2024-06-07 04:30:00+02:00,10.8,10.8,10.6,8.9,88.0,18.5,82.0,0.0,0.0,0.0,0.0,0.0,0.0,2.8,5.0,157.8,0.0,2.5,104.0,1008.6,1008.6,2.7,4.8
2024-06-07 04:35:00+02:00,10.9,10.9,10.6,9.0,88.0,18.5,82.0,0.0,0.0,0.0,0.0,0.0,0.0,2.8,5.0,157.8,0.4,2.2,107.0,1008.7,1008.7,2.7,4.8
2024-06-07 04:40:00+02:00,10.9,10.9,10.6,9.1,88.0,18.5,82.0,0.0,0.0,0.0,0.0,0.0,0.0,2.8,5.0,157.8,0.4,2.2,103.0,1008.7,1008.7,2.7,4.8
2024-06-07 04:45:00+02:00,10.9,10.9,10.7,9.0,88.0,18.5,82.0,0.1,0.0,0.0,0.0,0.0,0.0,2.8,5.0,157.8,0.0,2.2,99.0,1008.6,1008.6,2.7,4.8
2024-06-07 04:50:00+02:00,10.8,10.8,10.3,9.0,88.0,18.4,82.0,0.2,0.0,0.0,0.0,0.0,0.0,2.8,5.0,157.8,1.8,2.5,113.0,1008.7,1008.7,2.7,4.8
2024-06-07 04:55:00+02:00,10.8,10.8,10.6,9.0,88.0,18.4,82.0,0.4,0.0,0.0,0.0,0.0,0.0,2.8,5.0,157.8,0.0,2.2,114.0,1008.6,1008.6,2.7,4.8
2024-06-07 05:00:00+02:00,10.8,10.8,10.6,8.9,88.0,18.3,82.0,0.7,0.0,0.0,0.0,0.0,0.0,2.8,5.0,157.8,0.0,0.0,70.0,1008.7,1008.7,2.7,4.8
2024-06-07 05:05:00+02:00,10.8,10.8,10.6,8.9,88.0,18.3,82.0,1.2,0.0,0.0,0.0,0.0,0.0,2.8,5.0,157.8,0.0,1.8,97.0,1008.7,1008.7,2.7,4.8
2024-06-07 05:10:00+02:00,10.8,10.8,10.5,8.9,88.0,18.3,82.0,1.7,0.0,0.0,0.0,0.0,0.0,2.8,5.0,157.8,0.0,0.0,79.0,1008.8,1008.8,2.7,4.8
2024-06-07 05:15:00+02:00,10.6,10.6,10.2,8.8,89.0,18.3,82.0,2.5,0.0,0.0,0.0,0.0,0.0,2.8,5.0,157.8,0.9,4.0,106.0,1008.8,1008.8,2.7,4.8
2024-06-07 05:20:00+02:00,10.6,10.6,9.8,9.0,90.0,18.2,82.0,3.5,0.0,0.0,0.0,0.0,0.0,2.8,5.0,157.8,2.8,4.0,120.0,1008.8,1008.8,2.7,4.8
2024-06-07 05:25:00+02:00,10.5,10.5,9.5,8.9,90.0,18.2,82.0,4.4,0.0,0.0,0.0,0.0,0.0,2.8,5.0,157.8,3.8,4.7,111.0,1008.7,1008.7,2.7,4.8
2024-06-07 05:30:00+02:00,10.3,10.3,9.5,8.8,90.0,18.1,82.0,5.6,0.0,0.0,0.0,0.0,0.0,2.8,5.0,157.8,3.0,4.3,113.0,1008.8,1008.8,2.7,4.8
2024-06-07 05:35:00+02:00,10.2,10.2,9.4,8.7,90.0,18.1,82.0,7.7,0.0,0.0,0.0,0.0,0.0,2.8,5.0,157.8,2.5,3.6,113.0,1008.7,1008.7,2.7,4.7
2024-06-07 05:40:00+02:00,10.2,10.2,9.3,8.7,91.0,18.0,82.0,9.0,0.0,0.0,0.0,0.0,0.0,2.8,5.0,157.8,2.7,4.0,114.0,1008.8,1008.8,2.7,4.7
2024-06-07 05:45:00+02:00,10.2,10.2,9.3,8.8,91.0,18.0,82.0,10.7,0.0,0.0,0.0,0.0,0.0,2.8,5.0,157.8,3.0,4.0,110.0,1008.9,1008.9,2.7,4.7
2024-06-07 05:50:00+02:00,10.2,10.2,9.4,8.8,91.0,17.9,82.0,12.4,0.0,0.0,0.0,0.0,0.0,2.8,5.0,157.8,2.9,4.0,107.0,1009.0,1009.0,2.7,4.7
2024-06-07 05:55:00+02:00,10.2,10.2,9.4,8.8,91.0,17.9,82.0,14.0,0.0,0.0,0.0,0.0,0.0,2.8,5.0,157.8,2.3,3.2,116.0,1009.0,1009.0,2.7,4.7
2024-06-07 06:00:00+02:00,10.1,10.1,9.3,8.7,91.0,17.9,82.0,16.3,0.0,0.0,0.0,0.0,0.0,2.8,5.0,157.8,2.4,3.6,110.0,1008.9,1008.9,2.7,4.7
2024-06-07 06:05:00+02:00,10.1,10.1,9.3,8.7,91.0,17.9,82.0,18.9,0.0,0.0,0.0,0.0,0.0,2.8,5.0,157.8,2.7,3.2,108.0,1009.0,1009.0,2.7,4.7
2024-06-07 06:10:00+02:00,10.1,10.1,9.3,8.8,92.0,17.8,82.0,21.4,0.0,0.0,0.0,0.0,0.0,2.8,5.0,157.8,2.7,3.6,113.0,1008.9,1008.9,2.7,4.7
2024-06-07 06:15:00+02:00,10.0,10.0,9.3,8.6,91.0,17.8,82.0,25.4,0.0,0.0,0.0,0.0,0.0,2.8,5.0,157.8,2.2,3.2,107.0,1008.9,1008.9,2.7,4.7
2024-06-07 06:20:00+02:00,10.0,10.0,9.5,8.6,91.0,17.8,82.0,27.0,0.0,0.0,0.0,0.0,0.0,2.8,5.0,157.8,0.7,2.9,99.0,1009.0,1009.0,2.7,4.7
2024-06-07 06:25:00+02:00,10.0,10.0,9.1,8.7,91.0,17.7,82.0,31.9,0.0,0.0,0.0,0.0,0.0,2.8,5.0,157.8,3.0,4.0,112.0,1009.2,1009.2,2.7,4.7
2024-06-07 06:30:00+02:00,10.0,10.0,9.1,8.6,91.0,17.8,82.0,39.2,0.0,0.0,0.0,0.0,0.0,2.8,5.0,157.8,3.2,4.0,112.0,1009.1,1009.1,2.7,4.7
2024-06-07 06:35:00+02:00,10.2,10.2,9.2,8.8,91.0,17.7,82.0,43.5,0.0,0.0,0.0,0.0,0.0,2.8,5.0,157.8,3.2,4.0,110.0,1009.1,1009.1,2.7,4.7
2024-06-07 06:40:00+02:00,10.4,10.4,9.7,8.9,90.0,17.7,82.0,49.3,0.0,0.0,0.0,0.0,0.0,2.8,5.0,157.8,2.3,4.0,103.0,1009.0,1009.0,2.7,4.7
2024-06-07 06:45:00+02:00,10.6,10.6,10.1,9.0,90.0,17.7,82.0,53.5,0.0,0.0,0.0,0.0,0.0,2.8,5.0,157.8,1.8,2.9,114.0,1008.9,1008.9,2.7,4.8
2024-06-07 06:50:00+02:00,10.9,10.9,10.1,9.1,89.0,17.7,83.0,57.0,0.0,0.0,0.0,0.0,0.0,2.8,5.0,157.8,2.8,4.0,106.0,1009.1,1009.1,2.7,4.8
2024-06-07 06:55:00+02:00,11.2,11.2,10.9,9.3,88.0,17.8,84.0,60.9,0.0,0.0,0.0,0.0,0.0,2.8,5.0,157.8,0.9,3.6,109.0,1008.9,1008.9,2.7,4.8
2024-06-07 07:00:00+02:00,11.7,11.7,11.3,9.4,86.0,18.0,84.0,48.1,0.0,0.0,0.0,0.0,0.0,2.8,5.0,157.8,1.9,2.9,105.0,1008.9,1008.9,2.7,4.8
2024-06-07 07:05:00+02:00,11.7,11.7,11.2,9.2,85.0,18.0,84.0,50.0,0.0,0.0,0.0,0.0,0.0,2.8,5.0,157.8,1.4,2.9,112.0,1009.0,1009.0,2.7,4.8
2024-06-07 07:10:00+02:00,11.7,11.7,11.2,9.3,85.0,18.1,84.0,52.3,0.0,0.0,0.0,0.0,0.0,2.8,5.0,157.8,2.1,2.5,107.0,1009.0,1009.0,2.7,4.8
2024-06-07 07:15:00+02:00,11.9,11.9,11.2,9.2,84.0,18.2,83.0,53.9,0.0,0.0,0.0,0.0,0.0,2.8,5.0,157.8,2.5,3.2,107.0,1008.9,1008.9,2.7,4.8
2024-06-07 07:20:00+02:00,12.4,12.4,11.7,9.2,81.0,18.2,83.0,56.7,0.0,0.0,0.0,0.0,0.0,2.8,5.0,157.8,2.7,4.0,107.0,1009.0,1009.0,2.7,4.8
2024-06-07 07:25:00+02:00,12.6,12.6,12.0,9.3,80.0,18.3,83.0,60.5,0.0,0.0,0.0,0.0,0.0,2.8,5.0,157.8,2.7,4.3,106.0,1009.0,1009.0,2.7,4.8
2024-06-07 07:30:00+02:00,12.9,12.9,12.1,9.3,79.0,18.3,83.0,63.0,0.0,0.0,0.0,0.0,0.0,2.8,5.0,157.8,3.4,4.7,116.0,1009.0,1009.0,2.7,4.8
2024-06-07 07:35:00+02:00,13.2,13.2,12.2,9.1,76.0,18.3,83.0,63.5,0.0,0.0,0.0,0.0,0.0,2.8,5.0,157.8,3.6,5.0,117.0,1009.0,1009.0,2.7,4.8
2024-06-07 07:40:00+02:00,13.3,13.3,12.5,9.1,75.0,18.4,83.0,65.4,0.0,0.0,0.0,0.0,0.0,2.8,5.0,157.8,3.5,5.0,119.0,1009.0,1009.0,2.7,4.8
2024-06-07 07:45:00+02:00,13.4,13.4,12.7,8.8,74.0,18.4,83.0,67.5,0.0,0.0,0.0,0.0,0.0,2.8,5.0,157.8,2.4,4.7,120.0,1009.0,1009.0,2.7,4.8
2024-06-07 07:50:00+02:00,13.6,13.6,12.8,9.1,74.0,18.4,83.0,69.2,0.0,0.0,0.0,0.0,0.0,2.8,5.0,157.8,2.7,4.0,120.0,1009.0,1009.0,2.7,4.8
2024-06-07 07:55:00+02:00,13.7,13.7,12.9,9.0,73.0,18.4,83.0,69.8,0.0,0.0,0.0,0.0,0.0,2.8,5.0,157.8,3.2,5.0,108.0,1009.0,1009.0,2.7,4.9
2024-06-07 08:00:00+02:00,13.8,13.8,12.8,8.5,70.0,18.4,83.0,71.0,0.0,0.0,0.0,0.0,0.0,2.8,5.0,157.8,3.9,5.8,115.0,1008.9,1008.9,2.7,4.9
2024-06-07 08:05:00+02:00,14.1,14.1,13.0,8.2,68.0,18.4,83.0,71.7,0.0,0.0,0.0,0.0,0.0,2.8,5.0,157.8,3.3,6.5,115.0,1009.0,1009.0,2.7,4.9
2024-06-07 08:10:00+02:00,14.2,14.2,12.6,8.1,67.0,18.5,83.0,72.6,0.0,0.0,0.0,0.0,0.0,2.8,5.0,157.8,6.3,9.0,118.0,1009.0,1009.0,2.7,4.9
2024-06-07 08:15:00+02:00,14.4,14.4,12.4,7.7,64.0,18.5,83.0,74.8,0.0,0.0,0.0,0.0,0.0,2.8,5.0,157.8,7.4,10.1,123.0,1009.1,1009.1,2.7,4.9
2024-06-07 08:20:00+02:00,14.5,14.5,13.3,8.0,65.0,18.5,83.0,161.8,1.0,0.0,0.0,0.0,0.0,2.8,5.0,157.8,3.8,9.4,119.0,1009.1,1009.1,2.7,4.9
2024-06-07 08:25:00+02:00,14.9,14.9,14.4,8.1,64.0,18.6,83.0,208.8,1.0,0.0,0.0,0.0,0.0,2.8,5.0,157.8,0.4,4.7,220.0,1009.2,1009.2,2.7,4.9
2024-06-07 08:30:00+02:00,15.8,15.8,14.9,8.3,61.0,18.6,83.0,218.0,2.0,0.0,0.0,0.0,0.0,2.8,5.0,157.8,2.3,5.8,151.0,1009.1,1009.1,2.7,4.9
2024-06-07 08:35:00+02:00,15.9,15.9,14.8,8.3,61.0,18.7,83.0,232.0,2.0,0.0,0.0,0.0,0.0,2.8,5.0,157.8,3.5,6.1,121.0,1009.2,1009.2,2.7,5.0
2024-06-07 08:40:00+02:00,16.2,16.2,15.3,7.8,57.0,18.7,84.0,247.9,2.0,0.0,0.0,0.0,0.0,2.8,5.0,157.8,2.3,8.3,122.0,1009.3,1009.3,2.7,5.0
2024-06-07 08:45:00+02:00,16.7,16.7,15.7,7.9,56.0,18.8,84.0,249.7,2.0,0.0,0.0,0.0,0.0,2.8,5.0,157.8,2.6,7.9,113.0,1009.3,1009.3,2.7,5.1
2024-06-07 08:50:00+02:00,16.3,16.3,14.8,8.2,59.0,18.8,85.0,257.5,2.0,0.0,0.0,0.0,0.0,2.8,5.0,157.8,5.9,11.9,124.0,1009.3,1009.3,2.7,5.1
2024-06-07 08:55:00+02:00,16.1,16.1,14.5,8.4,60.0,19.0,85.0,273.3,2.0,0.0,0.0,0.0,0.0,2.8,5.0,157.8,6.0,10.4,122.0,1009.4,1009.4,2.7,5.2
2024-06-07 09:00:00+02:00,16.2,16.2,15.1,8.7,61.0,19.2,85.0,246.4,2.0,0.0,0.0,0.0,0.0,2.8,5.0,157.8,4.1,7.2,123.0,1009.5,1009.5,2.7,5.2
2024-06-07 09:05:00+02:00,17.0,17.0,16.4,9.0,59.0,19.4,85.0,270.2,2.0,0.0,0.0,0.0,0.0,2.8,5.0,157.8,1.8,5.4,84.0,1009.5,1009.5,2.7,5.2
2024-06-07 09:10:00+02:00,17.5,17.5,16.5,8.0,54.0,19.7,85.0,312.2,2.0,0.0,0.0,0.0,0.0,2.8,5.0,157.8,2.7,7.6,173.0,1009.5,1009.5,2.7,5.2
2024-06-07 09:15:00+02:00,17.8,17.8,16.8,7.9,53.0,19.9,85.0,316.1,2.0,0.0,0.0,0.0,0.0,2.8,5.0,157.8,2.4,9.4,127.0,1009.4,1009.4,2.7,5.2
2024-06-07 09:20:00+02:00,17.8,17.8,16.5,7.8,52.0,20.1,85.0,302.1,2.0,0.0,0.0,0.0,0.0,2.8,5.0,157.8,3.7,9.0,269.0,1009.5,1009.5,2.7,5.2
2024-06-07 09:25:00+02:00,18.6,18.6,17.8,8.7,52.0,20.3,85.0,318.4,2.0,0.0,0.0,0.0,0.0,2.8,5.0,157.8,2.8,5.4,91.0,1009.5,1009.5,2.7,5.2
2024-06-07 09:30:00+02:00,18.9,18.9,17.8,8.0,49.0,20.4,85.0,307.6,2.0,0.0,0.0,0.0,0.0,2.8,5.0,157.8,3.2,6.8,289.0,1009.4,1009.4,2.7,5.2
2024-06-07 09:35:00+02:00,18.8,18.8,17.9,8.2,50.0,20.7,85.0,322.5,2.0,0.0,0.0,0.0,0.0,2.8,5.0,157.8,2.7,5.8,160.0,1009.4,1009.4,2.7,5.2
2024-06-07 09:40:00+02:00,18.9,18.9,18.0,8.1,50.0,20.9,85.0,339.5,3.0,0.0,0.0,0.0,0.0,2.8,5.0,157.8,2.5,6.8,165.0,1009.4,1009.4,2.7,5.2
2024-06-07 09:45:00+02:00,18.8,18.8,17.2,7.4,47.0,21.1,85.0,346.4,3.0,0.0,0.0,0.0,0.0,2.8,5.0,157.8,5.3,10.4,236.0,1009.4,1009.4,2.7,5.3
2024-06-07 10:00:00+02:00,17.9,17.9,15.6,6.8,48.0,21.8,84.0,396.8,3.0,0.0,0.0,0.0,0.0,2.8,5.0,157.8,7.7,17.3,294.0,1009.6,1009.6,2.7,5.3
2024-06-07 10:05:00+02:00,18.0,18.0,16.5,7.0,49.0,22.0,84.0,354.1,3.0,0.0,0.0,0.0,0.0,2.8,5.0,157.8,4.2,13.7,297.0,1009.5,1009.5,2.7,5.3
2024-06-07 10:10:00+02:00,18.7,18.7,17.0,7.0,47.0,22.3,83.0,393.4,3.0,0.0,0.0,0.0,0.0,2.8,5.0,157.8,5.4,8.6,280.0,1009.6,1009.6,2.7,5.3
2024-06-07 10:15:00+02:00,19.0,19.0,17.4,7.2,46.0,22.5,83.0,391.0,3.0,0.0,0.0,0.0,0.0,2.8,5.0,157.8,4.5,9.4,299.0,1009.5,1009.5,2.7,5.3
2024-06-07 10:20:00+02:00,19.2,19.2,17.7,7.5,47.0,22.7,83.0,380.4,3.0,0.0,0.0,0.0,0.0,2.8,5.0,157.8,4.5,10.4,121.0,1009.5,1009.5,2.7,5.3
2024-06-07 10:25:00+02:00,19.0,19.0,17.9,7.1,46.0,23.0,83.0,438.2,4.0,0.0,0.0,0.0,0.0,2.8,5.0,157.8,2.0,10.4,185.0,1009.5,1009.5,2.7,5.3
2024-06-07 10:30:00+02:00,19.5,19.5,18.5,7.2,45.0,23.2,82.0,437.3,4.0,0.0,0.0,0.0,0.0,2.8,5.0,157.8,1.9,10.4,68.0,1009.5,1009.5,2.7,5.3
2024-06-07 10:35:00+02:00,19.4,19.4,18.3,7.6,46.0,23.4,82.0,463.5,4.0,0.0,0.0,0.0,0.0,2.8,5.0,157.8,3.2,10.4,186.0,1009.5,1009.5,2.7,5.3
2024-06-07 10:40:00+02:00,19.4,19.4,17.6,6.5,43.0,23.6,82.0,464.1,4.0,0.0,0.0,0.0,0.0,2.8,5.0,157.8,5.3,10.4,337.0,1009.5,1009.5,2.7,5.3
2024-06-07 10:45:00+02:00,19.0,19.0,17.1,6.7,45.0,23.9,81.0,465.2,4.0,0.0,0.0,0.0,0.0,2.8,5.0,157.8,5.8,13.7,148.0,1009.6,1009.6,2.7,5.3
2024-06-07 10:50:00+02:00,19.0,19.0,17.6,6.8,45.0,24.1,81.0,481.4,4.0,0.0,0.0,0.0,0.0,2.8,5.0,157.8,3.2,9.0,92.0,1009.5,1009.5,2.7,5.3
2024-06-07 10:55:00+02:00,19.5,19.5,17.7,6.6,43.0,24.3,81.0,479.4,4.0,0.0,0.0,0.0,0.0,2.8,5.0,157.8,5.2,8.6,234.0,1009.5,1009.5,2.7,5.3
2024-06-07 11:00:00+02:00,19.3,19.3,17.8,7.2,45.0,24.5,80.0,502.3,4.0,0.0,0.0,0.0,0.0,2.8,5.0,157.8,4.3,8.6,124.0,1009.5,1009.5,2.7,5.3
2024-06-07 11:05:00+02:00,18.7,18.7,16.8,6.9,46.0,24.7,80.0,518.2,4.0,0.0,0.0,0.0,0.0,2.8,5.0,157.8,6.0,13.0,130.0,1009.4,1009.4,2.7,5.3
2024-06-07 11:10:00+02:00,19.1,19.1,18.0,7.3,46.0,24.9,80.0,520.3,4.0,0.0,0.0,0.0,0.0,2.8,5.0,157.8,2.7,9.4,125.0,1009.5,1009.5,2.7,5.3
2024-06-07 11:15:00+02:00,20.0,20.0,18.4,7.3,44.0,25.1,80.0,537.2,4.0,0.0,0.0,0.0,0.0,2.8,5.0,157.8,4.9,12.6,212.0,1009.4,1009.4,2.7,5.3
2024-06-07 11:20:00+02:00,20.1,20.1,18.8,7.2,43.0,25.3,79.0,261.2,2.0,0.0,0.0,0.0,0.0,2.8,5.0,157.8,3.4,9.0,175.0,1009.3,1009.3,2.7,5.3
2024-06-07 11:25:00+02:00,19.3,19.3,17.8,6.8,44.0,25.6,79.0,365.4,3.0,0.0,0.0,0.0,0.0,2.8,5.0,157.8,3.6,7.2,241.0,1009.4,1009.4,2.7,5.3
2024-06-07 11:30:00+02:00,18.8,18.8,17.6,7.0,46.0,25.7,79.0,366.8,3.0,0.0,0.0,0.0,0.0,2.8,5.0,157.8,3.0,9.0,287.0,1009.4,1009.4,2.7,5.3
2024-06-07 11:35:00+02:00,18.4,18.4,16.9,6.8,47.0,25.8,79.0,174.3,1.0,0.0,0.0,0.0,0.0,2.8,5.0,157.8,3.6,9.0,272.0,1009.3,1009.3,2.7,5.3
2024-06-07 11:40:00+02:00,18.2,18.2,16.0,6.4,46.0,25.9,78.0,559.4,5.0,0.0,0.0,0.0,0.0,2.8,5.0,157.8,7.1,15.8,278.0,1009.4,1009.4,2.7,5.3
2024-06-07 11:45:00+02:00,18.6,18.6,16.9,6.3,45.0,26.0,78.0,561.6,5.0,0.0,0.0,0.0,0.0,2.8,5.0,157.8,4.1,16.9,246.0,1009.4,1009.4,2.7,5.3
2024-06-07 11:50:00+02:00,18.8,18.8,17.2,6.5,45.0,26.1,78.0,603.3,5.0,0.0,0.0,0.0,0.0,2.8,5.0,157.8,4.0,11.5,100.0,1009.3,1009.3,2.7,5.3
2024-06-07 11:55:00+02:00,19.5,19.5,17.8,6.3,42.0,26.2,78.0,626.0,5.0,0.0,0.0,0.0,0.0,2.8,5.0,157.8,4.0,10.4,266.0,1009.3,1009.3,2.7,5.3
2024-06-07 12:00:00+02:00,20.6,20.6,19.2,6.8,41.0,26.3,78.0,570.9,5.0,0.0,0.0,0.0,0.0,2.8,5.0,157.8,3.0,5.8,216.0,1009.3,1009.3,2.7,5.3
2024-06-07 12:05:00+02:00,20.3,20.3,19.0,6.1,39.0,26.4,77.0,126.2,1.0,0.0,0.0,0.0,0.0,2.8,5.0,157.8,2.5,6.1,222.0,1009.3,1009.3,2.7,5.3
2024-06-07 12:10:00+02:00,19.8,19.8,18.4,6.4,42.0,26.5,77.0,614.8,5.0,0.0,0.0,0.0,0.0,2.8,5.0,157.8,2.8,9.0,160.0,1009.3,1009.3,2.7,5.3
2024-06-07 12:15:00+02:00,20.4,20.4,19.2,6.5,41.0,26.6,77.0,620.3,5.0,0.0,0.0,0.0,0.0,2.8,5.0,157.8,1.9,9.0,212.0,1009.2,1009.2,2.7,5.3
2024-06-07 12:20:00+02:00,21.1,21.1,19.5,6.8,39.0,26.7,77.0,622.7,5.0,0.0,0.0,0.0,0.0,2.8,5.0,157.8,4.7,11.9,93.0,1009.3,1009.3,2.7,5.3
2024-06-07 12:25:00+02:00,20.2,20.2,18.2,7.0,43.0,26.8,77.0,626.7,5.0,0.0,0.0,0.0,0.0,2.8,5.0,157.8,6.3,19.1,200.0,1009.3,1009.3,2.7,5.3
2024-06-07 12:30:00+02:00,19.2,19.2,17.2,6.3,43.0,26.9,77.0,577.7,5.0,0.0,0.0,0.0,0.0,2.8,5.0,157.8,5.5,19.1,259.0,1009.2,1009.2,2.7,5.3
2024-06-07 12:35:00+02:00,19.8,19.8,17.8,6.1,41.0,27.0,77.0,224.0,2.0,0.0,0.0,0.0,0.0,2.8,5.0,157.8,5.6,13.0,256.0,1009.2,1009.2,2.7,5.3
2024-06-07 12:40:00+02:00,19.3,19.3,17.3,5.8,41.0,27.2,77.0,624.0,5.0,0.0,0.0,0.0,0.0,2.8,5.0,157.8,5.3,13.0,288.0,1009.2,1009.2,2.7,5.3
2024-06-07 12:45:00+02:00,20.3,20.3,18.7,5.1,37.0,27.3,77.0,607.0,5.0,0.0,0.0,0.0,0.0,2.8,5.0,157.8,2.7,9.0,233.0,1009.2,1009.2,2.7,5.3
2024-06-07 12:50:00+02:00,20.5,20.5,19.4,6.1,39.0,27.3,77.0,605.8,5.0,0.0,0.0,0.0,0.0,2.8,5.0,157.8,1.2,7.2,116.0,1009.2,1009.2,2.7,5.3
2024-06-07 12:55:00+02:00,20.9,20.9,19.5,6.8,40.0,27.5,77.0,589.7,5.0,0.0,0.0,0.0,0.0,2.8,5.0,157.8,3.2,10.8,118.0,1009.3,1009.3,2.7,5.3
2024-06-07 13:00:00+02:00,20.6,20.6,19.2,6.9,41.0,27.5,77.0,260.9,2.0,0.0,0.0,0.0,0.0,2.8,5.0,157.8,3.1,6.8,106.0,1009.1,1009.1,2.7,5.3
2024-06-07 13:05:00+02:00,19.5,19.5,17.8,6.5,43.0,27.5,77.0,663.1,6.0,0.0,0.0,0.0,0.0,2.8,5.0,157.8,4.7,13.3,124.0,1009.2,1009.2,2.7,5.3
2024-06-07 13:10:00+02:00,19.9,19.9,18.6,6.1,41.0,27.5,77.0,600.2,5.0,0.0,0.0,0.0,0.0,2.8,5.0,157.8,2.4,5.4,77.0,1009.0,1009.0,2.7,5.3
2024-06-07 13:15:00+02:00,20.9,20.9,19.8,6.6,39.0,27.6,77.0,679.5,6.0,0.0,0.0,0.0,0.0,2.8,5.0,157.8,1.4,8.3,162.0,1009.1,1009.1,2.7,5.3
2024-06-07 13:20:00+02:00,19.9,19.9,17.4,6.7,42.0,27.6,77.0,638.7,5.0,0.0,0.0,0.0,0.0,2.8,5.0,157.8,8.8,17.3,107.0,1008.9,1008.9,2.7,5.3
2024-06-07 13:25:00+02:00,19.8,19.8,17.8,6.2,41.0,27.7,77.0,447.8,4.0,0.0,0.0,0.0,0.0,2.8,5.0,157.8,6.0,17.3,250.0,1008.9,1008.9,2.7,5.3
2024-06-07 13:30:00+02:00,19.9,19.9,18.6,6.3,41.0,27.7,77.0,658.2,6.0,0.0,0.0,0.0,0.0,2.8,5.0,157.8,2.0,9.7,211.0,1009.0,1009.0,2.7,5.3
2024-06-07 13:35:00+02:00,21.4,21.4,20.2,6.5,38.0,27.7,77.0,648.3,6.0,0.0,0.0,0.0,0.0,2.8,5.0,157.8,2.1,5.4,99.0,1008.9,1008.9,2.7,5.3
2024-06-07 13:40:00+02:00,22.3,22.3,20.6,6.6,36.0,27.8,77.0,669.3,6.0,0.0,0.0,0.0,0.0,2.8,5.0,157.8,4.5,10.1,245.0,1009.0,1009.0,2.7,5.3
2024-06-07 13:45:00+02:00,21.3,21.3,19.4,6.3,38.0,27.9,77.0,692.4,6.0,0.0,0.0,0.0,0.0,2.8,5.0,157.8,5.5,16.2,55.0,1008.9,1008.9,2.7,5.3
2024-06-07 13:50:00+02:00,20.6,20.6,17.9,7.2,42.0,28.1,77.0,670.0,6.0,0.0,0.0,0.0,0.0,2.8,5.0,157.8,10.1,16.2,128.0,1008.8,1008.8,2.7,5.3
2024-06-07 13:55:00+02:00,20.7,20.7,18.2,6.5,40.0,28.2,77.0,636.2,5.0,0.0,0.0,0.0,0.0,2.8,5.0,157.8,9.0,14.4,130.0,1008.8,1008.8,2.7,5.3
2024-06-07 14:00:00+02:00,21.3,21.3,20.3,6.8,39.0,28.3,77.0,607.9,5.0,0.0,0.0,0.0,0.0,2.8,5.0,157.8,1.4,13.3,189.0,1008.8,1008.8,2.7,5.3
2024-06-07 14:05:00+02:00,21.3,21.3,19.5,6.4,38.0,28.3,77.0,644.8,5.0,0.0,0.0,0.0,0.0,2.8,5.0,157.8,4.8,11.9,276.0,1008.8,1008.8,2.7,5.3
2024-06-07 14:10:00+02:00,22.0,22.0,20.3,6.0,35.0,28.5,78.0,655.8,6.0,0.0,0.0,0.0,0.0,2.8,5.0,157.8,4.2,11.2,287.0,1008.8,1008.8,2.7,5.3
2024-06-07 14:15:00+02:00,22.6,22.6,21.1,6.2,35.0,28.5,78.0,644.8,5.0,0.0,0.0,0.0,0.0,2.8,5.0,157.8,3.3,11.9,105.0,1008.7,1008.7,2.7,5.3
2024-06-07 14:20:00+02:00,21.9,21.9,20.3,5.8,35.0,28.6,78.0,636.0,5.0,0.0,0.0,0.0,0.0,2.8,5.0,157.8,3.4,14.0,159.0,1008.6,1008.6,2.7,5.3
2024-06-07 14:25:00+02:00,21.4,21.4,19.3,6.1,37.0,28.7,78.0,627.1,5.0,0.0,0.0,0.0,0.0,2.8,5.0,157.8,6.6,15.1,135.0,1008.5,1008.5,2.7,5.3
2024-06-07 14:30:00+02:00,21.1,21.1,18.7,6.3,38.0,28.7,78.0,638.7,5.0,0.0,0.0,0.0,0.0,2.8,5.0,157.8,7.9,13.3,109.0,1008.4,1008.4,2.7,5.3
2024-06-07 14:35:00+02:00,19.9,19.9,18.2,6.2,41.0,28.7,78.0,153.7,1.0,0.0,0.0,0.0,0.0,2.8,5.0,157.8,4.1,13.3,119.0,1008.4,1008.4,2.7,5.3
2024-06-07 14:40:00+02:00,19.5,19.5,17.4,5.7,40.0,28.7,78.0,665.5,6.0,0.0,0.0,0.0,0.0,2.8,5.0,157.8,5.8,11.9,131.0,1008.5,1008.5,2.7,5.3
2024-06-07 14:45:00+02:00,20.8,20.8,19.4,5.7,37.0,28.6,78.0,665.2,6.0,0.0,0.0,0.0,0.0,2.8,5.0,157.8,1.8,7.2,262.0,1008.4,1008.4,2.7,5.3
2024-06-07 14:50:00+02:00,22.0,22.0,20.4,5.6,34.0,28.6,78.0,626.6,5.0,0.0,0.0,0.0,0.0,2.8,5.0,157.8,2.7,9.0,257.0,1008.4,1008.4,2.7,5.3
2024-06-07 14:55:00+02:00,22.9,22.9,21.4,6.6,35.0,28.6,78.0,627.0,5.0,0.0,0.0,0.0,0.0,2.8,5.0,157.8,3.5,8.6,157.0,1008.3,1008.3,2.7,5.3
2024-06-07 15:10:00+02:00,20.5,20.5,19.1,6.1,39.0,28.5,79.0,626.3,5.0,0.0,0.0,0.0,0.0,2.8,5.0,157.8,2.4,11.5,133.0,1008.3,1008.3,2.7,5.3
2024-06-07 15:15:00+02:00,21.9,21.9,20.2,6.2,36.0,28.6,79.0,649.2,6.0,0.0,0.0,0.0,0.0,2.8,5.0,157.8,4.2,10.1,289.0,1008.2,1008.2,2.7,5.3
2024-06-07 15:20:00+02:00,21.9,21.9,19.7,6.1,36.0,28.5,79.0,623.6,5.0,0.0,0.0,0.0,0.0,2.8,5.0,157.8,6.8,18.4,265.0,1008.1,1008.1,2.7,5.3
2024-06-07 15:25:00+02:00,22.9,22.9,21.3,6.9,36.0,28.6,79.0,625.4,5.0,0.0,0.0,0.0,0.0,2.8,5.0,157.8,4.5,8.6,149.0,1008.2,1008.2,2.7,5.3
2024-06-07 15:30:00+02:00,23.4,23.4,21.8,5.6,32.0,28.6,79.0,626.3,5.0,0.0,0.0,0.0,0.0,2.8,5.0,157.8,2.9,9.4,168.0,1008.1,1008.1,2.7,5.3
2024-06-07 15:35:00+02:00,23.1,23.1,21.4,6.0,33.0,28.7,79.0,593.4,5.0,0.0,0.0,0.0,0.0,2.8,5.0,157.8,4.0,10.8,302.0,1008.0,1008.0,2.7,5.3
2024-06-07 15:40:00+02:00,22.8,22.8,20.9,5.8,33.0,28.7,79.0,612.8,5.0,0.0,0.0,0.0,0.0,2.8,5.0,157.8,4.8,11.9,288.0,1008.0,1008.0,2.7,5.3
2024-06-07 15:45:00+02:00,22.9,22.9,21.4,6.4,34.0,28.7,79.0,620.3,5.0,0.0,0.0,0.0,0.0,2.8,5.0,157.8,3.5,9.0,247.0,1007.9,1007.9,2.7,5.3
2024-06-07 15:50:00+02:00,23.5,23.5,22.0,5.6,31.0,28.8,79.0,609.7,5.0,0.0,0.0,0.0,0.0,2.8,5.0,157.8,2.4,7.2,262.0,1007.9,1007.9,2.7,5.3
2024-06-07 15:55:00+02:00,24.2,24.2,23.2,7.4,34.0,28.8,80.0,586.9,5.0,0.0,0.0,0.0,0.0,2.8,5.0,157.8,2.1,7.9,167.0,1007.9,1007.9,2.7,5.3
2024-06-07 16:00:00+02:00,23.4,23.4,21.2,6.6,34.0,28.9,80.0,597.4,5.0,0.0,0.0,0.0,0.0,2.8,5.0,157.8,6.9,13.7,119.0,1007.8,1007.8,2.7,5.3
2024-06-07 16:05:00+02:00,22.1,22.1,20.8,6.2,36.0,28.9,80.0,481.3,4.0,0.0,0.0,0.0,0.0,2.8,5.0,157.8,2.4,13.7,137.0,1007.9,1007.9,2.7,5.3
2024-06-07 16:10:00+02:00,21.8,21.8,19.5,6.0,36.0,28.8,80.0,481.5,4.0,0.0,0.0,0.0,0.0,2.8,5.0,157.8,7.1,18.7,278.0,1007.7,1007.7,2.7,5.3
2024-06-07 16:15:00+02:00,21.8,21.8,19.6,5.9,36.0,28.9,80.0,480.9,4.0,0.0,0.0,0.0,0.0,2.8,5.0,157.8,6.3,15.1,288.0,1007.7,1007.7,2.7,5.3
2024-06-07 16:20:00+02:00,21.6,21.6,19.9,5.6,35.0,28.9,80.0,470.1,4.0,0.0,0.0,0.0,0.0,2.8,5.0,157.8,3.5,13.3,261.0,1007.8,1007.8,2.7,5.3
2024-06-07 16:25:00+02:00,23.1,23.1,21.7,5.8,33.0,28.9,81.0,512.5,4.0,0.0,0.0,0.0,0.0,2.8,5.0,157.8,2.2,6.1,215.0,1007.7,1007.7,2.7,5.3
2024-06-07 16:30:00+02:00,22.9,22.9,20.9,5.9,33.0,29.0,81.0,512.9,4.0,0.0,0.0,0.0,0.0,2.8,5.0,157.8,5.1,14.8,311.0,1007.6,1007.6,2.7,5.3
2024-06-07 16:35:00+02:00,23.0,23.0,21.1,5.8,33.0,29.0,81.0,403.9,3.0,0.0,0.0,0.0,0.0,2.8,5.0,157.8,4.6,12.6,250.0,1007.7,1007.7,2.7,5.3
2024-06-07 16:40:00+02:00,22.8,22.8,21.6,6.3,35.0,29.0,81.0,466.6,4.0,0.0,0.0,0.0,0.0,2.8,5.0,157.8,1.7,9.4,293.0,1007.7,1007.7,2.7,5.3
2024-06-07 16:45:00+02:00,22.2,22.2,20.4,5.6,34.0,29.0,81.0,356.3,3.0,0.0,0.0,0.0,0.0,2.8,5.0,157.8,3.8,9.0,285.0,1007.6,1007.6,2.7,5.3
2024-06-07 16:50:00+02:00,22.0,22.0,20.2,6.2,36.0,29.0,81.0,358.3,3.0,0.0,0.0,0.0,0.0,2.8,5.0,157.8,4.8,12.6,296.0,1007.6,1007.6,2.7,5.3
2024-06-07 16:55:00+02:00,21.8,21.8,20.1,6.0,36.0,29.0,82.0,272.1,2.0,0.0,0.0,0.0,0.0,2.8,5.0,157.8,3.7,7.6,180.0,1007.5,1007.5,2.7,5.3
2024-06-07 17:00:00+02:00,21.5,21.5,20.2,6.0,36.0,29.0,82.0,352.3,3.0,0.0,0.0,0.0,0.0,2.8,5.0,157.8,2.4,7.9,118.0,1007.6,1007.6,2.7,5.3
2024-06-07 17:05:00+02:00,21.2,21.2,19.7,6.3,38.0,28.9,82.0,155.4,1.0,0.0,0.0,0.0,0.0,2.8,5.0,157.8,3.0,9.4,267.0,1007.5,1007.5,2.7,5.3
2024-06-07 17:10:00+02:00,20.5,20.5,18.3,5.5,37.0,28.9,82.0,157.3,1.0,0.0,0.0,0.0,0.0,2.8,5.0,157.8,6.3,13.3,114.0,1007.4,1007.4,2.7,5.3
2024-06-07 17:15:00+02:00,20.4,20.4,18.5,6.1,39.0,28.8,82.0,337.9,3.0,0.0,0.0,0.0,0.0,2.8,5.0,157.8,5.1,13.3,112.0,1007.4,1007.4,2.7,5.3
2024-06-07 17:20:00+02:00,20.3,20.3,18.2,5.3,37.0,28.8,82.0,285.7,2.0,0.0,0.0,0.0,0.0,2.8,5.0,157.8,5.5,14.0,131.0,1007.4,1007.4,2.7,5.3
2024-06-07 17:25:00+02:00,20.3,20.3,18.2,6.4,40.0,28.7,81.0,298.7,2.0,0.0,0.0,0.0,0.0,2.8,5.0,157.8,6.3,12.6,128.0,1007.3,1007.3,2.7,5.3
2024-06-07 17:30:00+02:00,21.0,21.0,19.5,5.9,37.0,28.6,82.0,353.6,3.0,0.0,0.0,0.0,0.0,2.8,5.0,157.8,2.6,11.9,139.0,1007.3,1007.3,2.7,5.3
2024-06-07 17:35:00+02:00,22.0,22.0,20.4,5.8,35.0,28.6,82.0,308.5,2.0,0.0,0.0,0.0,0.0,2.8,5.0,157.8,3.1,7.2,210.0,1007.3,1007.3,2.7,5.3
2024-06-07 17:40:00+02:00,21.7,21.7,19.9,5.2,34.0,28.6,82.0,268.4,2.0,0.0,0.0,0.0,0.0,2.8,5.0,157.8,3.7,8.6,334.0,1007.0,1007.0,2.7,5.3
2024-06-07 17:45:00+02:00,21.7,21.7,20.4,5.6,35.0,28.5,82.0,246.6,2.0,0.0,0.0,0.0,0.0,2.8,5.0,157.8,1.8,5.0,154.0,1007.1,1007.1,2.7,5.3
2024-06-07 17:50:00+02:00,21.7,21.7,20.6,6.4,37.0,28.5,82.0,250.5,2.0,0.0,0.0,0.0,0.0,2.8,5.0,157.8,1.8,5.0,151.0,1007.2,1007.2,2.7,5.3
2024-06-07 17:55:00+02:00,21.7,21.7,20.0,5.9,36.0,28.5,82.0,277.1,2.0,0.0,0.0,0.0,0.0,2.8,5.0,157.8,3.7,9.4,251.0,1007.2,1007.2,2.7,5.3
2024-06-07 18:00:00+02:00,21.9,21.9,20.4,6.2,36.0,28.4,82.0,293.5,2.0,0.0,0.0,0.0,0.0,2.8,5.0,157.8,3.0,9.4,219.0,1007.1,1007.1,2.7,5.3
2024-06-07 18:05:00+02:00,21.9,21.9,20.4,6.0,36.0,28.4,82.0,284.7,2.0,0.0,0.0,0.0,0.0,2.8,5.0,157.8,2.7,8.3,117.0,1007.0,1007.0,2.7,5.3
2024-06-07 18:10:00+02:00,21.1,21.1,19.5,5.7,37.0,28.4,82.0,108.6,1.0,0.0,0.0,0.0,0.0,2.8,5.0,157.8,3.2,8.3,89.0,1007.1,1007.1,2.7,5.3
2024-06-07 18:15:00+02:00,20.6,20.6,19.5,6.1,39.0,28.3,82.0,126.4,1.0,0.0,0.0,0.0,0.0,2.8,5.0,157.8,1.1,6.5,150.0,1006.9,1006.9,2.7,5.3
2024-06-07 18:20:00+02:00,20.7,20.7,19.3,6.0,38.0,28.2,82.0,131.2,1.0,0.0,0.0,0.0,0.0,2.8,5.0,157.8,2.4,10.4,170.0,1006.9,1006.9,2.7,5.3
2024-06-07 18:25:00+02:00,20.8,20.8,19.3,5.7,37.0,28.2,82.0,114.4,1.0,0.0,0.0,0.0,0.0,2.8,5.0,157.8,2.7,7.6,244.0,1006.8,1006.8,2.7,5.3
2024-06-07 18:30:00+02:00,20.7,20.7,18.7,5.9,38.0,28.1,82.0,96.5,0.0,0.0,0.0,0.0,0.0,2.8,5.0,157.8,5.5,11.5,262.0,1006.9,1006.9,2.7,5.3
2024-06-07 18:35:00+02:00,20.5,20.5,19.3,5.9,39.0,28.1,82.0,99.7,0.0,0.0,0.0,0.0,0.0,2.8,5.0,157.8,1.4,10.1,238.0,1006.8,1006.8,2.7,5.3
2024-06-07 18:40:00+02:00,20.5,20.5,18.8,6.0,39.0,28.0,82.0,101.0,0.0,0.0,0.0,0.0,0.0,2.8,5.0,157.8,4.0,9.0,241.0,1006.8,1006.8,2.7,5.3
2024-06-07 18:45:00+02:00,20.3,20.3,18.9,6.0,39.0,28.0,82.0,125.8,1.0,0.0,0.0,0.0,0.0,2.8,5.0,157.8,2.2,9.0,125.0,1006.8,1006.8,2.7,5.3
2024-06-07 18:50:00+02:00,20.1,20.1,18.2,5.4,38.0,27.9,82.0,142.2,1.0,0.0,0.0,0.0,0.0,2.8,5.0,157.8,4.5,10.1,109.0,1006.7,1006.7,2.7,5.3
2024-06-07 18:55:00+02:00,19.8,19.8,18.2,6.1,41.0,27.8,82.0,84.5,0.0,0.0,0.0,0.0,0.0,2.8,5.0,157.8,3.7,10.4,129.0,1006.7,1006.7,2.7,5.3
2024-06-07 19:00:00+02:00,19.7,19.7,18.2,6.0,41.0,27.7,82.0,71.7,0.0,0.0,0.0,0.0,0.0,2.8,5.0,157.8,2.6,5.4,143.0,1006.6,1006.6,2.7,5.3
2024-06-07 19:05:00+02:00,19.7,19.7,18.3,6.3,42.0,27.7,82.0,72.2,0.0,0.0,0.0,0.0,0.0,2.8,5.0,157.8,2.5,7.9,133.0,1006.7,1006.7,2.7,5.2
2024-06-07 19:10:00+02:00,19.7,19.7,17.9,6.0,41.0,27.6,82.0,66.5,0.0,0.0,0.0,0.0,0.0,2.8,5.0,157.8,4.0,9.4,138.0,1006.7,1006.7,2.7,5.2
2024-06-07 19:15:00+02:00,19.4,19.4,17.9,6.1,42.0,27.5,81.0,63.1,0.0,0.0,0.0,0.0,0.0,2.8,5.0,157.8,3.0,9.4,311.0,1006.7,1006.7,2.7,5.2
2024-06-07 19:20:00+02:00,19.6,19.6,18.2,5.9,41.0,27.5,81.0,63.1,0.0,0.0,0.0,0.0,0.0,2.8,5.0,157.8,2.4,4.7,326.0,1006.7,1006.7,2.7,5.2
2024-06-07 19:25:00+02:00,19.8,19.8,18.2,6.1,41.0,27.4,81.0,59.7,0.0,0.0,0.0,0.0,0.0,2.8,5.0,157.8,3.7,8.6,153.0,1006.8,1006.8,2.7,5.2
2024-06-07 19:30:00+02:00,19.5,19.5,17.6,5.6,40.0,27.3,81.0,55.0,0.0,0.0,0.0,0.0,0.0,2.8,5.0,157.8,4.6,8.6,270.0,1006.7,1006.7,2.7,5.2
2024-06-07 19:35:00+02:00,19.4,19.4,18.0,5.5,40.0,27.2,81.0,51.7,0.0,0.0,0.0,0.0,0.0,2.8,5.0,157.8,1.9,6.5,273.0,1006.8,1006.8,2.7,5.2
2024-06-07 19:40:00+02:00,19.4,19.4,17.9,5.4,40.0,27.1,81.0,48.4,0.0,0.0,0.0,0.0,0.0,2.8,5.0,157.8,2.4,4.3,198.0,1006.7,1006.7,2.7,5.2
2024-06-07 19:45:00+02:00,19.3,19.3,17.8,5.9,41.0,27.1,81.0,39.9,0.0,0.0,0.0,0.0,0.0,2.8,5.0,157.8,3.2,7.2,296.0,1006.5,1006.5,2.7,5.2
2024-06-07 19:50:00+02:00,19.2,19.2,17.9,5.5,40.0,27.0,81.0,45.1,0.0,0.0,0.0,0.0,0.0,2.8,5.0,157.8,1.6,7.9,292.0,1006.7,1006.7,2.7,5.2
2024-06-07 19:55:00+02:00,19.3,19.3,18.0,5.7,41.0,26.8,81.0,44.8,0.0,0.0,0.0,0.0,0.0,2.8,5.0,157.8,1.7,4.0,295.0,1006.7,1006.7,2.7,5.2
2024-06-07 20:00:00+02:00,19.2,19.2,17.9,5.6,41.0,26.8,81.0,41.2,0.0,0.0,0.0,0.0,0.0,2.8,5.0,157.8,1.5,4.7,138.0,1006.5,1006.5,2.7,5.2
2024-06-07 20:05:00+02:00,19.0,19.0,17.9,6.1,43.0,26.7,81.0,36.3,0.0,0.0,0.0,0.0,0.0,2.8,5.0,157.8,1.2,4.3,139.0,1006.6,1006.6,2.7,5.2
2024-06-07 20:10:00+02:00,18.8,18.8,17.7,6.1,43.0,26.7,81.0,33.4,0.0,0.0,0.0,0.0,0.0,2.8,5.0,157.8,1.0,3.6,51.0,1006.6,1006.6,2.7,5.2
2024-06-07 20:15:00+02:00,18.7,18.7,17.7,6.3,44.0,26.7,81.0,32.2,0.0,0.0,0.0,0.0,0.0,2.8,5.0,157.8,0.4,3.2,179.0,1006.6,1006.6,2.7,5.2
2024-06-07 20:20:00+02:00,18.5,18.5,17.5,6.2,44.0,26.6,81.0,30.9,0.0,0.0,0.0,0.0,0.0,2.8,5.0,157.8,0.9,4.3,359.0,1006.6,1006.6,2.7,5.2
2024-06-07 20:25:00+02:00,18.4,18.4,17.3,6.2,45.0,26.5,81.0,29.4,0.0,0.0,0.0,0.0,0.0,2.8,5.0,157.8,1.2,4.7,112.0,1006.6,1006.6,2.7,5.2
2024-06-07 20:30:00+02:00,18.3,18.3,17.3,6.3,46.0,26.4,81.0,27.6,0.0,0.0,0.0,0.0,0.0,2.8,5.0,157.8,0.4,2.9,131.0,1006.5,1006.5,2.7,5.2
2024-06-07 20:35:00+02:00,18.1,18.1,17.2,6.4,46.0,26.3,81.0,26.0,0.0,0.0,0.0,0.0,0.0,2.8,5.0,157.8,0.4,2.5,32.0,1006.6,1006.6,2.7,5.2
2024-06-07 20:40:00+02:00,17.8,17.8,16.9,6.7,48.0,26.2,81.0,22.7,0.0,0.0,0.0,0.0,0.0,2.8,5.0,157.8,0.8,2.9,130.0,1006.5,1006.5,2.7,5.2
2024-06-07 20:45:00+02:00,17.6,17.6,16.6,7.0,50.0,26.2,81.0,20.6,0.0,0.0,0.0,0.0,0.0,2.8,5.0,157.8,1.2,3.2,131.0,1006.4,1006.4,2.7,5.2
2024-06-07 20:50:00+02:00,17.4,17.4,16.3,6.6,49.0,26.0,81.0,19.4,0.0,0.0,0.0,0.0,0.0,2.8,5.0,157.8,1.8,4.0,118.0,1006.4,1006.4,2.7,5.2
2024-06-07 20:55:00+02:00,17.4,17.4,16.5,7.3,51.0,26.0,81.0,18.1,0.0,0.0,0.0,0.0,0.0,2.8,5.0,157.8,1.4,4.0,124.0,1006.5,1006.5,2.7,5.2
2024-06-07 21:00:00+02:00,17.1,17.1,16.3,7.0,52.0,25.8,81.0,16.2,0.0,0.0,0.0,0.0,0.0,2.8,5.0,157.8,0.4,3.2,146.0,1006.5,1006.5,2.7,5.2
2024-06-07 21:05:00+02:00,17.0,17.0,16.1,6.8,51.0,25.7,81.0,13.9,0.0,0.0,0.0,0.0,0.0,2.8,5.0,157.8,0.9,3.2,123.0,1006.6,1006.6,2.7,5.2
2024-06-07 21:10:00+02:00,16.8,16.8,16.0,7.2,53.0,25.7,81.0,11.8,0.0,0.0,0.0,0.0,0.0,2.8,5.0,157.8,0.9,3.6,133.0,1006.5,1006.5,2.7,5.2
2024-06-07 21:15:00+02:00,16.7,16.7,15.7,7.0,53.0,25.6,81.0,10.0,0.0,0.0,0.0,0.0,0.0,2.8,5.0,157.8,1.1,3.6,116.0,1006.5,1006.5,2.7,5.2
2024-06-07 21:20:00+02:00,16.4,16.4,15.6,7.4,55.0,25.4,81.0,8.2,0.0,0.0,0.0,0.0,0.0,2.8,5.0,157.8,0.7,3.2,117.0,1006.6,1006.6,2.7,5.2
2024-06-07 21:25:00+02:00,16.1,16.1,15.3,7.1,55.0,25.3,81.0,6.5,0.0,0.0,0.0,0.0,0.0,2.8,5.0,157.8,0.7,2.2,111.0,1006.6,1006.6,2.7,5.2
2024-06-07 21:30:00+02:00,16.0,16.0,15.0,7.3,56.0,25.3,81.0,5.0,0.0,0.0,0.0,0.0,0.0,2.8,5.0,157.8,1.7,3.2,123.0,1006.6,1006.6,2.7,5.2
2024-06-07 21:35:00+02:00,15.7,15.7,14.8,7.7,59.0,25.2,80.0,3.6,0.0,0.0,0.0,0.0,0.0,2.8,5.0,157.8,2.2,3.6,123.0,1006.6,1006.6,2.7,5.2
2024-06-07 21:40:00+02:00,15.4,15.4,14.5,7.8,61.0,25.0,80.0,2.6,0.0,0.0,0.0,0.0,0.0,2.8,5.0,157.8,2.3,3.2,127.0,1006.7,1006.7,2.7,5.2
2024-06-07 21:45:00+02:00,15.2,15.2,14.1,7.6,61.0,24.9,80.0,1.8,0.0,0.0,0.0,0.0,0.0,2.8,5.0,157.8,2.5,3.2,118.0,1006.7,1006.7,2.7,5.2
2024-06-07 21:50:00+02:00,15.1,15.1,14.1,7.3,60.0,24.8,80.0,1.3,0.0,0.0,0.0,0.0,0.0,2.8,5.0,157.8,1.7,3.2,127.0,1006.7,1006.7,2.7,5.2
2024-06-07 21:55:00+02:00,14.8,14.8,14.1,7.6,62.0,24.7,80.0,0.8,0.0,0.0,0.0,0.0,0.0,2.8,5.0,157.8,0.8,3.2,107.0,1006.8,1006.8,2.7,5.2
2024-06-07 22:00:00+02:00,14.6,14.6,14.0,7.8,64.0,24.6,80.0,0.5,0.0,0.0,0.0,0.0,0.0,2.8,5.0,157.8,0.0,1.8,112.0,1006.8,1006.8,2.7,5.2
2024-06-07 22:05:00+02:00,14.3,14.3,13.7,7.7,65.0,24.5,80.0,0.2,0.0,0.0,0.0,0.0,0.0,2.8,5.0,157.8,0.0,1.8,90.0,1006.8,1006.8,2.7,5.1
2024-06-07 22:10:00+02:00,14.1,14.1,13.6,7.8,66.0,24.3,80.0,0.2,0.0,0.0,0.0,0.0,0.0,2.8,5.0,157.8,0.0,2.2,96.0,1006.8,1006.8,2.7,5.1
2024-06-07 22:15:00+02:00,13.9,13.9,13.4,8.1,68.0,24.3,80.0,0.1,0.0,0.0,0.0,0.0,0.0,2.8,5.0,157.8,0.0,2.2,119.0,1007.0,1007.0,2.7,5.1
2024-06-07 22:20:00+02:00,13.7,13.7,13.2,8.3,70.0,24.2,80.0,0.0,0.0,0.0,0.0,0.0,0.0,2.8,5.0,157.8,0.4,2.5,120.0,1006.9,1006.9,2.7,5.1
2024-06-07 22:25:00+02:00,13.4,13.4,12.6,8.1,70.0,24.1,80.0,0.0,0.0,0.0,0.0,0.0,0.0,2.8,5.0,157.8,2.2,3.6,115.0,1007.0,1007.0,2.7,5.1
2024-06-07 22:30:00+02:00,13.3,13.3,12.5,8.1,71.0,24.0,80.0,0.0,0.0,0.0,0.0,0.0,0.0,2.8,5.0,157.8,2.1,3.6,116.0,1007.0,1007.0,2.7,5.1
2024-06-07 22:35:00+02:00,13.2,13.2,12.3,8.3,72.0,23.9,80.0,0.0,0.0,0.0,0.0,0.0,0.0,2.8,5.0,157.8,2.7,4.0,116.0,1007.1,1007.1,2.7,5.1
2024-06-07 22:40:00+02:00,13.2,13.2,12.2,8.5,73.0,23.8,80.0,0.0,0.0,0.0,0.0,0.0,0.0,2.8,5.0,157.8,2.8,4.0,113.0,1007.1,1007.1,2.7,5.1
2024-06-07 22:45:00+02:00,13.0,13.0,12.3,8.4,73.0,23.7,80.0,0.0,0.0,0.0,0.0,0.0,0.0,2.8,5.0,157.8,1.6,3.6,106.0,1007.2,1007.2,2.7,5.1
2024-06-07 22:50:00+02:00,12.9,12.9,12.3,8.4,74.0,23.5,80.0,0.0,0.0,0.0,0.0,0.0,0.0,2.8,5.0,157.8,1.2,3.2,104.0,1007.2,1007.2,2.7,5.1
2024-06-07 22:55:00+02:00,12.7,12.7,11.9,8.3,74.0,23.4,80.0,0.0,0.0,0.0,0.0,0.0,0.0,2.8,5.0,157.8,2.1,2.9,109.0,1007.2,1007.2,2.7,5.1
2024-06-07 23:00:00+02:00,12.6,12.6,11.8,8.1,74.0,23.3,80.0,0.0,0.0,0.0,0.0,0.0,0.0,2.8,5.0,157.8,1.9,3.2,100.0,1007.2,1007.2,2.7,5.1
2024-06-07 23:05:00+02:00,12.5,12.5,11.8,8.3,76.0,23.2,80.0,0.0,0.0,0.0,0.0,0.0,0.0,2.8,5.0,157.8,1.4,4.0,114.0,1007.1,1007.1,2.7,5.1
2024-06-07 23:10:00+02:00,12.4,12.4,11.6,8.5,77.0,23.1,80.0,0.0,0.0,0.0,0.0,0.0,0.0,2.8,5.0,157.8,2.4,3.6,108.0,1007.2,1007.2,2.7,5.1
2024-06-07 23:15:00+02:00,12.3,12.3,11.7,8.5,77.0,23.0,80.0,0.0,0.0,0.0,0.0,0.0,0.0,2.8,5.0,157.8,1.8,3.2,107.0,1007.2,1007.2,2.7,5.1
2024-06-07 23:20:00+02:00,12.3,12.3,11.6,8.4,77.0,22.8,80.0,0.0,0.0,0.0,0.0,0.0,0.0,2.8,5.0,157.8,1.8,3.2,110.0,1007.2,1007.2,2.7,5.1
2024-06-07 23:25:00+02:00,12.2,12.2,11.6,8.6,79.0,22.7,80.0,0.0,0.0,0.0,0.0,0.0,0.0,2.8,5.0,157.8,1.2,2.9,110.0,1007.1,1007.1,2.7,5.1
2024-06-07 23:30:00+02:00,12.0,12.0,11.1,8.3,78.0,22.5,80.0,0.0,0.0,0.0,0.0,0.0,0.0,2.8,5.0,157.8,2.2,3.2,113.0,1007.1,1007.1,2.7,5.1
2024-06-07 23:35:00+02:00,11.8,11.8,11.2,8.4,79.0,22.4,80.0,0.0,0.0,0.0,0.0,0.0,0.0,2.8,5.0,157.8,1.3,3.2,118.0,1007.1,1007.1,2.7,5.1
2024-06-07 23:40:00+02:00,11.7,11.7,11.1,8.5,81.0,22.3,80.0,0.0,0.0,0.0,0.0,0.0,0.0,2.8,5.0,157.8,1.4,3.2,116.0,1007.1,1007.1,2.7,5.1
2024-06-07 23:45:00+02:00,11.5,11.5,11.0,8.4,81.0,22.2,80.0,0.0,0.0,0.0,0.0,0.0,0.0,2.8,5.0,157.8,0.4,2.5,121.0,1006.9,1006.9,2.7,5.1
2024-06-07 23:50:00+02:00,11.3,11.3,10.8,8.4,82.0,22.2,80.0,0.0,0.0,0.0,0.0,0.0,0.0,2.8,5.0,157.8,1.0,2.5,115.0,1007.0,1007.0,2.7,5.1
2024-06-07 23:55:00+02:00,11.3,11.3,10.5,8.4,82.0,22.0,80.0,0.0,0.0,0.0,0.0,0.0,0.0,2.8,5.0,157.8,2.3,3.2,108.0,1007.0,1007.0,2.7,5.0
2024-06-08 00:00:00+02:00,11.3,11.3,10.5,8.5,83.0,22.0,80.0,0.0,0.0,0.0,0.0,0.0,0.0,2.8,5.0,157.8,2.6,3.2,106.0,1007.1,1007.1,2.7,5.0
2024-06-08 00:05:00+02:00,11.3,11.3,10.5,8.4,82.0,21.8,80.0,0.0,0.0,0.0,0.0,0.0,0.0,2.8,5.0,157.8,2.4,3.6,108.0,1007.1,1007.1,2.7,5.0
2024-06-08 00:10:00+02:00,11.3,11.3,10.4,8.5,83.0,21.7,80.0,0.0,0.0,0.0,0.0,0.0,0.0,2.8,5.0,157.8,3.0,4.0,105.0,1007.1,1007.1,2.7,5.0
2024-06-08 00:15:00+02:00,11.2,11.2,10.6,8.5,83.0,21.7,80.0,0.0,0.0,0.0,0.0,0.0,0.0,2.8,5.0,157.8,1.4,3.6,104.0,1007.0,1007.0,2.7,5.0
2024-06-08 00:20:00+02:00,11.1,11.1,10.5,8.3,83.0,21.6,80.0,0.0,0.0,0.0,0.0,0.0,0.0,2.8,5.0,157.8,0.7,2.9,103.0,1007.0,1007.0,2.7,5.0
2024-06-08 00:25:00+02:00,10.8,10.8,10.4,8.3,84.0,21.4,80.0,0.0,0.0,0.0,0.0,0.0,0.0,2.8,5.0,157.8,0.4,2.2,110.0,1007.1,1007.1,2.7,5.0
2024-06-08 00:30:00+02:00,10.7,10.7,10.1,8.3,85.0,21.3,80.0,0.0,0.0,0.0,0.0,0.0,0.0,2.8,5.0,157.8,0.8,2.5,99.0,1007.0,1007.0,2.7,5.0
2024-06-08 00:35:00+02:00,10.7,10.7,10.0,8.5,86.0,21.2,80.0,0.0,0.0,0.0,0.0,0.0,0.0,2.8,5.0,157.8,2.1,2.5,109.0,1007.1,1007.1,2.7,5.0
2024-06-08 00:40:00+02:00,10.8,10.8,10.1,8.6,86.0,21.2,80.0,0.0,0.0,0.0,0.0,0.0,0.0,2.8,5.0,157.8,2.2,2.9,108.0,1007.0,1007.0,2.7,5.0
2024-06-08 00:45:00+02:00,10.7,10.7,9.9,8.6,87.0,21.1,80.0,0.0,0.0,0.0,0.0,0.0,0.0,2.8,5.0,157.8,2.7,3.6,109.0,1007.1,1007.1,2.7,5.0
2024-06-08 00:50:00+02:00,10.8,10.8,9.9,8.7,87.0,21.0,80.0,0.0,0.0,0.0,0.0,0.0,0.0,2.8,5.0,157.8,2.7,4.0,107.0,1007.0,1007.0,2.7,5.0
2024-06-08 00:55:00+02:00,10.7,10.7,10.1,8.7,87.0,20.8,80.0,0.0,0.0,0.0,0.0,0.0,0.0,2.8,5.0,157.8,1.2,3.2,117.0,1007.0,1007.0,2.7,5.0
2024-06-08 01:00:00+02:00,10.4,10.4,9.9,8.5,88.0,20.8,80.0,0.0,0.0,0.0,0.0,0.0,0.0,2.8,5.0,157.8,0.8,2.5,104.0,1007.0,1007.0,2.7,5.0
2024-06-08 01:05:00+02:00,10.4,10.4,9.6,8.6,88.0,20.7,80.0,0.0,0.0,0.0,0.0,0.0,0.0,2.8,5.0,157.8,2.8,3.6,107.0,1007.1,1007.1,2.7,5.0
2024-06-08 01:10:00+02:00,10.5,10.5,9.8,8.6,88.0,20.6,80.0,0.0,0.0,0.0,0.0,0.0,0.0,2.8,5.0,157.8,1.9,3.6,109.0,1006.9,1006.9,2.7,5.0
2024-06-08 01:15:00+02:00,10.3,10.3,10.0,8.6,89.0,20.5,80.0,0.0,0.0,0.0,0.0,0.0,0.0,2.8,5.0,157.8,0.0,2.5,73.0,1006.9,1006.9,2.7,5.0
2024-06-08 01:20:00+02:00,10.2,10.2,9.6,8.6,90.0,20.4,80.0,0.0,0.0,0.0,0.0,0.0,0.0,2.8,5.0,157.8,1.3,2.9,110.0,1006.8,1006.8,2.7,5.0
2024-06-08 01:25:00+02:00,10.2,10.2,9.4,8.7,90.0,20.3,80.0,0.0,0.0,0.0,0.0,0.0,0.0,2.8,5.0,157.8,2.3,3.2,105.0,1006.9,1006.9,2.7,5.0
2024-06-08 01:30:00+02:00,10.2,10.2,9.4,8.7,90.0,20.2,80.0,0.0,0.0,0.0,0.0,0.0,0.0,2.8,5.0,157.8,2.5,3.6,112.0,1006.8,1006.8,2.7,5.0
2024-06-08 01:35:00+02:00,10.1,10.1,9.2,8.6,90.0,20.2,80.0,0.0,0.0,0.0,0.0,0.0,0.0,2.8,5.0,157.8,2.7,4.0,111.0,1006.9,1006.9,2.7,5.0
2024-06-08 01:40:00+02:00,10.1,10.1,9.3,8.7,91.0,20.1,80.0,0.0,0.0,0.0,0.0,0.0,0.0,2.8,5.0,157.8,2.4,3.2,111.0,1006.8,1006.8,2.7,5.0
2024-06-08 01:45:00+02:00,10.0,10.0,9.3,8.7,91.0,20.0,80.0,0.0,0.0,0.0,0.0,0.0,0.0,2.8,5.0,157.8,2.4,3.2,106.0,1006.7,1006.7,2.7,4.9
2024-06-08 01:50:00+02:00,10.0,10.0,9.3,8.6,91.0,19.9,80.0,0.0,0.0,0.0,0.0,0.0,0.0,2.8,5.0,157.8,2.0,4.0,109.0,1006.6,1006.6,2.7,4.9
2024-06-08 01:55:00+02:00,10.0,10.0,9.2,8.8,92.0,19.8,80.0,0.0,0.0,0.0,0.0,0.0,0.0,2.8,5.0,157.8,2.5,3.6,109.0,1006.7,1006.7,2.7,4.9
2024-06-08 02:00:00+02:00,9.9,9.9,9.1,8.6,91.0,19.7,80.0,0.0,0.0,0.0,0.0,0.0,0.0,2.8,5.0,157.8,2.5,3.2,109.0,1006.7,1006.7,2.7,4.9
2024-06-08 02:05:00+02:00,9.9,9.9,9.0,8.7,92.0,19.7,80.0,0.0,0.0,0.0,0.0,0.0,0.0,2.8,5.0,157.8,3.0,4.0,113.0,1006.6,1006.6,2.7,4.9
2024-06-08 02:10:00+02:00,9.8,9.8,9.0,8.6,92.0,19.6,80.0,0.0,0.0,0.0,0.0,0.0,0.0,2.8,5.0,157.8,2.9,4.3,113.0,1006.6,1006.6,2.7,4.9
2024-06-08 02:15:00+02:00,9.9,9.9,9.0,8.8,93.0,19.5,80.0,0.0,0.0,0.0,0.0,0.0,0.0,2.8,5.0,157.8,3.1,4.0,108.0,1006.6,1006.6,2.7,4.9
2024-06-08 02:20:00+02:00,9.9,9.9,9.4,8.8,93.0,19.4,80.0,0.0,0.0,0.0,0.0,0.0,0.0,2.8,5.0,157.8,1.0,3.6,108.0,1006.4,1006.4,2.7,4.9
2024-06-08 02:25:00+02:00,9.7,9.7,9.0,8.7,93.0,19.3,80.0,0.0,0.0,0.0,0.0,0.0,0.0,2.8,5.0,157.8,2.0,3.6,111.0,1006.5,1006.5,2.7,4.9
2024-06-08 02:30:00+02:00,9.7,9.7,9.0,8.7,93.0,19.3,80.0,0.0,0.0,0.0,0.0,0.0,0.0,2.8,5.0,157.8,1.8,3.6,102.0,1006.5,1006.5,2.7,4.9
2024-06-08 02:35:00+02:00,9.6,9.6,9.0,8.5,93.0,19.2,80.0,0.0,0.0,0.0,0.0,0.0,0.0,2.8,5.0,157.8,1.2,2.9,99.0,1006.6,1006.6,2.7,4.9
2024-06-08 02:40:00+02:00,9.4,9.4,8.8,8.4,93.0,19.1,80.0,0.0,0.0,0.0,0.0,0.0,0.0,2.8,5.0,157.8,1.2,2.5,110.0,1006.5,1006.5,2.7,4.9
2024-06-08 02:45:00+02:00,9.3,9.3,8.6,8.4,94.0,19.0,80.0,0.0,0.0,0.0,0.0,0.0,0.0,2.8,5.0,157.8,1.7,2.9,110.0,1006.5,1006.5,2.7,4.9
2024-06-08 02:50:00+02:00,9.4,9.4,8.6,8.5,94.0,19.0,80.0,0.0,0.0,0.0,0.0,0.0,0.0,2.8,5.0,157.8,2.4,3.2,108.0,1006.4,1006.4,2.7,4.9
2024-06-08 02:55:00+02:00,9.5,9.5,8.7,8.6,94.0,18.8,80.0,0.0,0.0,0.0,0.0,0.0,0.0,2.8,5.0,157.8,2.3,3.6,105.0,1006.4,1006.4,2.7,4.9
2024-06-08 03:00:00+02:00,9.4,9.4,8.7,8.5,94.0,18.8,80.0,0.0,0.0,0.0,0.0,0.0,0.0,2.8,5.0,157.8,1.6,2.9,105.0,1006.3,1006.3,2.7,4.9
2024-06-08 03:05:00+02:00,9.2,9.2,8.6,8.3,94.0,18.7,80.0,0.0,0.0,0.0,0.0,0.0,0.0,2.8,5.0,157.8,0.7,2.5,116.0,1006.3,1006.3,2.7,4.9
2024-06-08 03:10:00+02:00,9.2,9.2,8.5,8.4,95.0,18.7,80.0,0.0,0.0,0.0,0.0,0.0,0.0,2.8,5.0,157.8,1.7,2.9,107.0,1006.3,1006.3,2.7,4.9
2024-06-08 03:15:00+02:00,9.2,9.2,8.7,8.4,95.0,18.6,80.0,0.0,0.0,0.0,0.0,0.0,0.0,2.8,5.0,157.8,0.4,2.9,111.0,1006.3,1006.3,2.7,4.9
2024-06-08 03:20:00+02:00,9.2,9.2,8.6,8.5,95.0,18.5,80.0,0.0,0.0,0.0,0.0,0.0,0.0,2.8,5.0,157.8,1.2,3.2,86.0,1006.2,1006.2,2.7,4.9
2024-06-08 03:25:00+02:00,9.2,9.2,8.5,8.5,95.0,18.5,80.0,0.0,0.0,0.0,0.0,0.0,0.0,2.8,5.0,157.8,1.9,3.2,104.0,1006.2,1006.2,2.7,4.9
2024-06-08 03:30:00+02:00,9.3,9.3,8.5,8.5,95.0,18.4,80.0,0.0,0.0,0.0,0.0,0.0,0.0,2.8,5.0,157.8,2.2,3.2,112.0,1006.2,1006.2,2.7,4.9
2024-06-08 03:35:00+02:00,9.3,9.3,8.5,8.5,95.0,18.3,80.0,0.0,0.0,0.0,0.0,0.0,0.0,2.8,5.0,157.8,2.4,3.2,102.0,1006.0,1006.0,2.7,4.8
2024-06-08 03:40:00+02:00,9.2,9.2,8.5,8.4,95.0,18.3,80.0,0.0,0.0,0.0,0.0,0.0,0.0,2.8,5.0,157.8,2.0,2.9,102.0,1006.0,1006.0,2.7,4.8
2024-06-08 03:45:00+02:00,9.1,9.1,8.4,8.3,95.0,18.2,80.0,0.0,0.0,0.0,0.0,0.0,0.0,2.8,5.0,157.8,1.6,2.5,98.0,1006.1,1006.1,2.7,4.8
2024-06-08 03:50:00+02:00,9.0,9.0,8.3,8.4,96.0,18.1,81.0,0.0,0.0,0.0,0.0,0.0,0.0,2.8,5.0,157.8,2.1,2.5,105.0,1005.8,1005.8,2.7,4.8
2024-06-08 03:55:00+02:00,9.1,9.1,8.3,8.5,96.0,18.1,81.0,0.0,0.0,0.0,0.0,0.0,0.0,2.8,5.0,157.8,2.3,2.9,106.0,1005.7,1005.7,2.7,4.8
2024-06-08 04:00:00+02:00,9.1,9.1,8.3,8.5,96.0,18.0,81.0,0.0,0.0,0.0,0.0,0.0,0.0,2.8,5.0,157.8,2.2,3.2,110.0,1005.7,1005.7,2.7,4.8
2024-06-08 04:05:00+02:00,8.9,8.9,8.5,8.3,96.0,18.0,81.0,0.0,0.0,0.0,0.0,0.0,0.0,2.8,5.0,157.8,0.0,2.5,96.0,1005.6,1005.6,2.7,4.8
2024-06-08 04:10:00+02:00,8.8,8.8,8.0,8.2,96.0,17.9,81.0,0.0,0.0,0.0,0.0,0.0,0.0,2.8,5.0,157.8,2.4,3.6,109.0,1005.6,1005.6,2.7,4.8
2024-06-08 04:15:00+02:00,9.0,9.0,8.4,8.4,96.0,17.8,81.0,0.0,0.0,0.0,0.0,0.0,0.0,2.8,5.0,157.8,1.2,3.2,100.0,1005.6,1005.6,2.7,4.8
2024-06-08 04:20:00+02:00,8.8,8.8,8.1,8.2,96.0,17.8,81.0,0.0,0.0,0.0,0.0,0.0,0.0,2.8,5.0,157.8,1.6,2.9,111.0,1005.4,1005.4,2.7,4.8
2024-06-08 04:25:00+02:00,8.9,8.9,8.0,8.3,96.0,17.7,81.0,0.0,0.0,0.0,0.0,0.0,0.0,2.8,5.0,157.8,2.7,4.0,105.0,1005.3,1005.3,2.7,4.8
2024-06-08 04:30:00+02:00,9.0,9.0,8.1,8.4,96.0,17.6,81.0,0.0,0.0,0.0,0.0,0.0,0.0,2.8,5.0,157.8,2.8,3.6,112.0,1005.3,1005.3,2.7,4.8
2024-06-08 04:35:00+02:00,9.0,9.0,8.0,8.4,96.0,17.6,81.0,0.0,0.0,0.0,0.0,0.0,0.0,2.8,5.0,157.8,3.0,4.0,102.0,1005.2,1005.2,2.7,4.8
2024-06-08 04:40:00+02:00,9.0,9.0,8.1,8.4,96.0,17.5,81.0,0.1,0.0,0.0,0.0,0.0,0.0,2.8,5.0,157.8,3.1,4.0,106.0,1005.2,1005.2,2.7,4.8
2024-06-08 04:45:00+02:00,9.0,9.0,8.1,8.4,96.0,17.5,81.0,0.2,0.0,0.0,0.0,0.0,0.0,2.8,5.0,157.8,2.7,4.0,106.0,1005.2,1005.2,2.7,4.8
2024-06-08 04:50:00+02:00,8.8,8.8,8.2,8.2,96.0,17.4,81.0,0.2,0.0,0.0,0.0,0.0,0.0,2.8,5.0,157.8,1.2,3.2,108.0,1005.1,1005.1,2.7,4.8
2024-06-08 04:55:00+02:00,8.7,8.7,8.0,8.1,96.0,17.4,81.0,0.5,0.0,0.0,0.0,0.0,0.0,2.8,5.0,157.8,1.1,2.5,92.0,1005.1,1005.1,2.7,4.8
2024-06-08 05:00:00+02:00,8.8,8.8,8.1,8.4,97.0,17.3,81.0,0.8,0.0,0.0,0.0,0.0,0.0,2.8,5.0,157.8,1.7,2.9,104.0,1004.9,1004.9,2.7,4.8
2024-06-08 05:05:00+02:00,8.9,8.9,8.1,8.4,97.0,17.2,81.0,1.3,0.0,0.0,0.0,0.0,0.0,2.8,5.0,157.8,2.2,3.2,102.0,1004.9,1004.9,2.7,4.8
2024-06-08 05:10:00+02:00,8.9,8.9,8.0,8.5,97.0,17.2,81.0,2.0,0.0,0.0,0.0,0.0,0.0,2.8,5.0,157.8,3.0,4.0,109.0,1004.8,1004.8,2.7,4.8
2024-06-08 05:15:00+02:00,8.9,8.9,8.0,8.4,97.0,17.1,81.0,2.8,0.0,0.0,0.0,0.0,0.0,2.8,5.0,157.8,2.8,4.0,110.0,1004.8,1004.8,2.72,4.7
2024-06-08 05:20:00+02:00,8.9,8.9,8.0,8.4,97.0,17.1,81.0,4.0,0.0,0.0,0.0,0.0,0.0,2.8,5.0,157.8,3.0,4.3,108.0,1004.7,1004.7,2.72,4.7
2024-06-08 05:25:00+02:00,8.9,8.9,8.1,8.4,97.0,17.0,81.0,5.4,0.0,0.0,0.0,0.0,0.0,2.8,5.0,157.8,2.2,3.6,107.0,1004.7,1004.7,2.7,4.7
2024-06-08 05:30:00+02:00,8.8,8.8,8.2,8.4,97.0,16.9,81.0,7.2,0.0,0.0,0.0,0.0,0.0,2.8,5.0,157.8,1.7,2.9,102.0,1004.7,1004.7,2.7,4.7
2024-06-08 05:35:00+02:00,8.8,8.8,8.0,8.4,97.0,16.9,81.0,9.0,0.0,0.0,0.0,0.0,0.0,2.8,5.0,157.8,2.4,3.6,103.0,1004.7,1004.7,2.7,4.7
2024-06-08 05:40:00+02:00,8.9,8.9,8.0,8.4,97.0,16.8,81.0,10.9,0.0,0.0,0.0,0.0,0.0,2.8,5.0,157.8,2.6,3.2,105.0,1004.7,1004.7,2.7,4.7
2024-06-08 05:45:00+02:00,8.9,8.9,8.0,8.4,97.0,16.8,81.0,12.8,0.0,0.0,0.0,0.0,0.0,2.8,5.0,157.8,2.7,3.6,110.0,1004.6,1004.6,2.7,4.7
2024-06-08 05:50:00+02:00,9.0,9.0,8.2,8.6,97.0,16.8,81.0,15.0,0.0,0.0,0.0,0.0,0.0,2.8,5.0,157.8,2.2,2.9,109.0,1004.5,1004.5,2.7,4.7
2024-06-08 05:55:00+02:00,9.0,9.0,8.3,8.6,97.0,16.7,81.0,16.9,0.0,0.0,0.0,0.0,0.0,2.8,5.0,157.8,2.0,2.9,114.0,1004.5,1004.5,2.7,4.7
2024-06-08 06:00:00+02:00,9.0,9.0,8.4,8.6,97.0,16.7,81.0,19.0,0.0,0.0,0.0,0.0,0.0,2.8,5.0,157.8,1.3,2.9,112.0,1004.4,1004.4,2.7,4.7
2024-06-08 06:05:00+02:00,9.1,9.1,8.4,8.5,96.0,16.7,81.0,21.1,0.0,0.0,0.0,0.0,0.0,2.8,5.0,157.8,1.7,2.9,110.0,1004.4,1004.4,2.7,4.7
2024-06-08 06:10:00+02:00,9.1,9.1,8.4,8.5,96.0,16.6,81.0,23.1,0.0,0.0,0.0,0.0,0.0,2.8,5.0,157.8,1.6,2.9,112.0,1004.3,1004.3,2.7,4.7
2024-06-08 06:15:00+02:00,9.1,9.1,8.6,8.5,96.0,16.6,81.0,28.7,0.0,0.0,0.0,0.0,0.0,2.8,5.0,157.8,1.0,3.2,114.0,1004.4,1004.4,2.7,4.7
2024-06-08 06:20:00+02:00,9.3,9.3,8.6,8.7,96.0,16.6,81.0,31.4,0.0,0.0,0.0,0.0,0.0,2.8,5.0,157.8,2.2,3.2,104.0,1004.2,1004.2,2.7,4.7
2024-06-08 06:25:00+02:00,9.6,9.6,8.8,8.8,95.0,16.6,81.0,35.4,0.0,0.0,0.0,0.0,0.0,2.8,5.0,157.8,2.8,3.6,117.0,1004.3,1004.3,2.7,4.7
2024-06-08 06:30:00+02:00,9.9,9.9,9.2,8.8,93.0,16.5,82.0,41.5,0.0,0.0,0.0,0.0,0.0,2.8,5.0,157.8,1.9,3.6,124.0,1004.3,1004.3,2.7,4.7
2024-06-08 06:35:00+02:00,10.3,10.3,9.7,8.8,91.0,16.5,82.0,45.3,0.0,0.0,0.0,0.0,0.0,2.8,5.0,157.8,1.5,2.9,109.0,1004.2,1004.2,2.7,4.7
2024-06-08 06:40:00+02:00,10.8,10.8,10.3,9.0,88.0,16.6,82.0,49.7,0.0,0.0,0.0,0.0,0.0,2.8,5.0,157.8,1.6,4.0,97.0,1004.3,1004.3,2.7,4.7
2024-06-08 06:45:00+02:00,11.3,11.3,10.9,9.2,87.0,16.7,82.0,53.4,0.0,0.0,0.0,0.0,0.0,2.8,5.0,157.8,1.3,2.9,119.0,1004.2,1004.2,2.7,4.7
2024-06-08 06:50:00+02:00,11.6,11.6,11.1,9.2,85.0,16.8,82.0,57.9,0.0,0.0,0.0,0.0,0.0,2.8,5.0,157.8,1.4,2.5,104.0,1004.1,1004.1,2.7,4.7
2024-06-08 06:55:00+02:00,11.8,11.8,11.4,9.3,84.0,16.9,83.0,61.5,0.0,0.0,0.0,0.0,0.0,2.8,5.0,157.8,1.6,3.2,103.0,1004.3,1004.3,2.7,4.8
2024-06-08 07:00:00+02:00,11.9,11.9,11.3,9.3,84.0,17.1,83.0,53.0,0.0,0.0,0.0,0.0,0.0,2.8,5.0,157.8,2.6,3.2,108.0,1004.1,1004.1,2.7,4.8
2024-06-08 07:05:00+02:00,12.0,12.0,11.4,9.3,84.0,17.3,83.0,43.5,0.0,0.0,0.0,0.0,0.0,2.8,5.0,157.8,2.4,4.0,103.0,1004.0,1004.0,2.7,4.8
2024-06-08 07:10:00+02:00,12.2,12.2,11.6,9.3,82.0,17.3,83.0,45.9,0.0,0.0,0.0,0.0,0.0,2.8,5.0,157.8,2.3,3.6,102.0,1003.9,1003.9,2.7,4.8
2024-06-08 07:15:00+02:00,12.4,12.4,12.1,9.4,82.0,17.5,83.0,47.9,0.0,0.0,0.0,0.0,0.0,2.8,5.0,157.8,0.7,2.9,118.0,1004.0,1004.0,2.7,4.8
2024-06-08 07:20:00+02:00,12.6,12.6,12.2,9.3,80.0,17.6,82.0,50.4,0.0,0.0,0.0,0.0,0.0,2.8,5.0,157.8,1.3,3.2,133.0,1003.9,1003.9,2.7,4.8
2024-06-08 07:25:00+02:00,12.8,12.8,12.7,9.5,80.0,17.6,82.0,52.4,0.0,0.0,0.0,0.0,0.0,2.8,5.0,157.8,0.0,2.5,96.0,1003.9,1003.9,2.7,4.8
2024-06-08 07:30:00+02:00,13.0,13.0,12.9,9.5,79.0,17.7,82.0,55.2,0.0,0.0,0.0,0.0,0.0,2.8,5.0,157.8,0.0,2.5,106.0,1003.9,1003.9,2.7,4.8
2024-06-08 07:35:00+02:00,13.2,13.2,13.1,9.7,80.0,17.8,82.0,57.4,0.0,0.0,0.0,0.0,0.0,2.8,5.0,157.8,0.0,1.8,124.0,1003.8,1003.8,2.7,4.8
2024-06-08 07:40:00+02:00,13.4,13.4,13.3,9.6,78.0,17.8,82.0,60.6,0.0,0.0,0.0,0.0,0.0,2.8,5.0,157.8,0.0,2.2,88.0,1003.8,1003.8,2.7,4.8
2024-06-08 07:45:00+02:00,13.7,13.7,13.5,9.4,75.0,17.8,82.0,62.6,0.0,0.0,0.0,0.0,0.0,2.8,5.0,157.8,0.0,2.5,104.0,1003.8,1003.8,2.7,4.8
2024-06-08 07:50:00+02:00,13.9,13.9,13.7,9.3,74.0,17.9,82.0,65.6,0.0,0.0,0.0,0.0,0.0,2.8,5.0,157.8,0.4,3.2,319.0,1003.7,1003.7,2.7,4.8
2024-06-08 07:55:00+02:00,14.5,14.5,14.0,9.7,73.0,17.9,82.0,66.0,0.0,0.0,0.0,0.0,0.0,2.8,5.0,157.8,2.2,3.6,343.0,1003.6,1003.6,2.7,4.8
2024-06-08 08:00:00+02:00,14.5,14.5,13.8,9.6,72.0,17.9,82.0,66.5,0.0,0.0,0.0,0.0,0.0,2.8,5.0,157.8,3.2,4.7,109.0,1003.5,1003.5,2.7,4.8
2024-06-08 08:05:00+02:00,14.9,14.9,14.0,9.3,69.0,18.0,82.0,70.6,0.0,0.0,0.0,0.0,0.0,2.8,5.0,157.8,3.9,7.9,121.0,1003.5,1003.5,2.7,4.9
2024-06-08 08:10:00+02:00,15.0,15.0,14.3,9.7,71.0,18.0,82.0,71.5,0.0,0.0,0.0,0.0,0.0,2.8,5.0,157.8,3.3,7.2,119.0,1003.6,1003.6,2.7,4.9
2024-06-08 08:15:00+02:00,15.0,15.0,14.5,9.7,71.0,18.1,82.0,75.5,0.0,0.0,0.0,0.0,0.0,2.8,5.0,157.8,2.2,3.6,106.0,1003.6,1003.6,2.7,4.9
2024-06-08 08:20:00+02:00,15.2,15.2,14.5,9.5,69.0,18.1,82.0,111.6,1.0,0.0,0.0,0.0,0.0,2.8,5.0,157.8,3.5,5.8,224.0,1003.5,1003.5,2.7,4.9
2024-06-08 08:25:00+02:00,15.7,15.7,14.9,9.5,67.0,18.2,82.0,219.0,2.0,0.0,0.0,0.0,0.0,2.8,5.0,157.8,3.5,7.9,150.0,1003.5,1003.5,2.7,4.9
2024-06-08 08:30:00+02:00,16.1,16.1,16.0,9.8,66.0,18.2,82.0,241.4,2.0,0.0,0.0,0.0,0.0,2.8,5.0,157.8,0.4,7.9,135.0,1003.4,1003.4,2.7,4.9
2024-06-08 08:35:00+02:00,16.6,16.6,16.4,10.4,67.0,18.3,82.0,268.8,2.0,0.0,0.0,0.0,0.0,2.8,5.0,157.8,1.9,5.4,139.0,1003.5,1003.5,2.7,5.0
2024-06-08 08:40:00+02:00,16.8,16.8,15.8,9.8,63.0,18.4,83.0,274.9,2.0,0.0,0.0,0.0,0.0,2.8,5.0,157.8,5.5,7.6,106.0,1003.5,1003.5,2.7,5.0
2024-06-08 08:45:00+02:00,16.7,16.7,16.2,9.8,64.0,18.5,83.0,253.4,2.0,0.0,0.0,0.0,0.0,2.8,5.0,157.8,2.5,7.6,276.0,1003.5,1003.5,2.7,5.1
2024-06-08 08:50:00+02:00,17.4,17.4,16.6,10.1,62.0,18.5,84.0,263.4,2.0,0.0,0.0,0.0,0.0,2.8,5.0,157.8,4.2,9.0,97.0,1003.6,1003.6,2.7,5.1
2024-06-08 08:55:00+02:00,17.2,17.2,16.6,10.1,63.0,18.7,84.0,279.2,2.0,0.0,0.0,0.0,0.0,2.8,5.0,157.8,3.5,9.0,137.0,1003.4,1003.4,2.7,5.2
2024-06-08 09:00:00+02:00,17.6,17.6,17.2,10.1,62.0,18.9,84.0,285.6,2.0,0.0,0.0,0.0,0.0,2.8,5.0,157.8,2.5,6.5,191.0,1003.5,1003.5,2.7,5.2
2024-06-08 09:05:00+02:00,18.2,18.2,17.9,10.2,60.0,19.2,84.0,295.3,2.0,0.0,0.0,0.0,0.0,2.8,5.0,157.8,1.7,5.4,215.0,1003.4,1003.4,2.7,5.2
2024-06-08 09:10:00+02:00,18.7,18.7,18.2,10.1,57.0,19.4,84.0,306.1,2.0,0.0,0.0,0.0,0.0,2.8,5.0,157.8,2.8,13.0,137.0,1003.3,1003.3,2.7,5.2
2024-06-08 09:15:00+02:00,18.0,18.0,16.7,10.1,60.0,19.7,84.0,316.6,2.0,0.0,0.0,0.0,0.0,2.8,5.0,157.8,7.1,11.9,115.0,1003.3,1003.3,2.7,5.2
2024-06-08 09:20:00+02:00,17.7,17.7,17.2,10.1,61.0,20.0,84.0,324.0,3.0,0.0,0.0,0.0,0.0,2.8,5.0,157.8,3.1,11.5,115.0,1003.4,1003.4,2.7,5.2
2024-06-08 09:25:00+02:00,18.6,18.6,18.0,10.2,58.0,20.2,84.0,329.7,3.0,0.0,0.0,0.0,0.0,2.8,5.0,157.8,3.5,10.8,192.0,1003.3,1003.3,2.7,5.2
2024-06-08 09:30:00+02:00,18.6,18.6,17.6,10.5,59.0,20.5,84.0,339.2,3.0,0.0,0.0,0.0,0.0,2.8,5.0,157.8,6.1,13.7,109.0,1003.2,1003.2,2.7,5.2
2024-06-08 09:35:00+02:00,18.3,18.3,17.3,10.4,60.0,20.7,84.0,343.6,3.0,0.0,0.0,0.0,0.0,2.8,5.0,157.8,5.8,14.0,135.0,1003.2,1003.2,2.7,5.3
2024-06-08 09:40:00+02:00,18.7,18.7,18.5,10.5,59.0,21.0,83.0,360.1,3.0,0.0,0.0,0.0,0.0,2.8,5.0,157.8,2.1,14.0,155.0,1003.3,1003.3,2.7,5.3
2024-06-08 09:45:00+02:00,19.2,19.2,18.6,10.5,57.0,21.3,83.0,406.2,3.0,0.0,0.0,0.0,0.0,2.8,5.0,157.8,4.1,10.4,136.0,1003.3,1003.3,2.7,5.3
2024-06-08 09:50:00+02:00,19.0,19.0,18.2,10.6,58.0,21.5,83.0,346.5,3.0,0.0,0.0,0.0,0.0,2.8,5.0,157.8,5.5,13.0,128.0,1003.2,1003.2,2.7,5.3
2024-06-08 09:55:00+02:00,18.3,18.3,16.9,10.3,59.0,21.8,82.0,251.8,2.0,0.0,0.0,0.0,0.0,2.8,5.0,157.8,7.9,19.4,118.0,1003.1,1003.1,2.7,5.3
2024-06-08 10:00:00+02:00,17.9,17.9,16.1,10.2,61.0,21.9,82.0,414.8,3.0,0.0,0.0,0.0,0.0,2.8,5.0,157.8,9.8,14.8,121.0,1003.0,1003.0,2.7,5.3
2024-06-08 10:05:00+02:00,17.7,17.7,16.3,10.2,61.0,22.2,82.0,427.9,3.0,0.0,0.0,0.0,0.0,2.8,5.0,157.8,8.0,14.8,118.0,1003.1,1003.1,2.7,5.3
2024-06-08 10:10:00+02:00,17.8,17.8,16.8,10.6,63.0,22.3,81.0,426.0,3.0,0.0,0.0,0.0,0.0,2.8,5.0,157.8,6.3,16.9,123.0,1003.0,1003.0,2.7,5.3
2024-06-08 10:15:00+02:00,18.4,18.4,17.9,10.7,61.0,22.6,81.0,410.3,3.0,0.0,0.0,0.0,0.0,2.8,5.0,157.8,3.4,15.5,109.0,1002.9,1002.9,2.7,5.3
2024-06-08 10:20:00+02:00,18.7,18.7,18.0,10.2,58.0,22.8,81.0,424.2,3.0,0.0,0.0,0.0,0.0,2.8,5.0,157.8,4.0,15.5,171.0,1002.9,1002.9,2.7,5.3
2024-06-08 10:25:00+02:00,19.1,19.1,18.1,10.3,57.0,23.0,81.0,438.6,4.0,0.0,0.0,0.0,0.0,2.8,5.0,157.8,5.4,11.9,153.0,1002.8,1002.8,2.7,5.3
2024-06-08 10:30:00+02:00,19.2,19.2,18.5,10.8,58.0,23.2,80.0,461.0,4.0,0.0,0.0,0.0,0.0,2.8,5.0,157.8,5.3,17.3,115.0,1002.8,1002.8,2.7,5.3
2024-06-08 10:35:00+02:00,19.6,19.6,18.8,10.6,56.0,23.4,80.0,472.7,4.0,0.0,0.0,0.0,0.0,2.8,5.0,157.8,5.0,9.0,127.0,1002.7,1002.7,2.7,5.3
2024-06-08 10:40:00+02:00,20.0,20.0,19.6,11.1,56.0,23.7,80.0,543.8,5.0,0.0,0.0,0.0,0.0,2.8,5.0,157.8,3.8,9.7,142.0,1002.7,1002.7,2.7,5.3
2024-06-08 10:45:00+02:00,19.9,19.9,18.8,11.4,58.0,23.9,79.0,550.8,5.0,0.0,0.0,0.0,0.0,2.8,5.0,157.8,7.8,18.4,141.0,1002.7,1002.7,2.7,5.3
2024-06-08 10:50:00+02:00,19.2,19.2,18.5,10.6,58.0,24.2,79.0,257.0,2.0,0.0,0.0,0.0,0.0,2.8,5.0,157.8,5.0,18.4,145.0,1002.6,1002.6,2.7,5.3
2024-06-08 10:55:00+02:00,19.2,19.2,17.9,10.3,57.0,24.4,79.0,583.0,5.0,0.0,0.0,0.0,0.0,2.8,5.0,157.8,6.9,15.1,123.0,1002.4,1002.4,2.7,5.3
2024-06-08 11:00:00+02:00,19.6,19.6,19.3,10.9,57.0,24.6,79.0,582.6,5.0,0.0,0.0,0.0,0.0,2.8,5.0,157.8,2.9,10.4,161.0,1002.5,1002.5,2.7,5.3
2024-06-08 11:05:00+02:00,20.1,20.1,19.1,10.0,52.0,24.8,79.0,188.8,1.0,0.0,0.0,0.0,0.0,2.8,5.0,157.8,5.3,10.4,170.0,1002.3,1002.3,2.7,5.3
2024-06-08 11:10:00+02:00,19.1,19.1,18.2,10.0,55.0,25.0,78.0,372.9,3.0,0.0,0.0,0.0,0.0,2.8,5.0,157.8,5.0,14.0,149.0,1002.4,1002.4,2.7,5.3
2024-06-08 11:15:00+02:00,18.8,18.8,18.0,9.6,55.0,25.1,78.0,488.5,4.0,0.0,0.0,0.0,0.0,2.8,5.0,157.8,3.7,11.2,157.0,1002.3,1002.3,2.7,5.3
2024-06-08 11:20:00+02:00,18.9,18.9,18.4,9.5,54.0,25.2,78.0,603.9,5.0,0.0,0.0,0.0,0.0,2.8,5.0,157.8,2.1,7.6,165.0,1002.5,1002.5,2.7,5.3
2024-06-08 11:25:00+02:00,19.1,19.1,17.5,9.8,55.0,25.3,77.0,627.2,5.0,0.0,0.0,0.0,0.0,2.8,5.0,157.8,8.4,18.0,125.0,1002.2,1002.2,2.7,5.3
2024-06-08 11:30:00+02:00,19.2,19.2,18.3,9.8,55.0,25.5,78.0,606.7,5.0,0.0,0.0,0.0,0.0,2.8,5.0,157.8,4.5,13.3,117.0,1002.3,1002.3,2.7,5.3
2024-06-08 11:35:00+02:00,19.4,19.4,17.7,10.1,55.0,25.6,77.0,634.6,5.0,0.0,0.0,0.0,0.0,2.8,5.0,157.8,8.8,22.7,125.0,1002.2,1002.2,2.7,5.3
2024-06-08 11:40:00+02:00,19.5,19.5,18.4,9.9,54.0,25.7,77.0,627.3,5.0,0.0,0.0,0.0,0.0,2.8,5.0,157.8,5.9,16.9,130.0,1002.1,1002.1,2.7,5.3
2024-06-08 11:45:00+02:00,20.3,20.3,19.2,9.9,51.0,25.8,77.0,563.9,5.0,0.0,0.0,0.0,0.0,2.8,5.0,157.8,5.8,15.8,151.0,1002.1,1002.1,2.7,5.3
2024-06-08 11:50:00+02:00,20.2,20.2,18.6,9.7,51.0,26.0,77.0,605.7,5.0,0.0,0.0,0.0,0.0,2.8,5.0,157.8,7.8,20.5,121.0,1002.0,1002.0,2.7,5.3
2024-06-08 11:55:00+02:00,20.0,20.0,19.1,9.7,52.0,26.1,77.0,585.5,5.0,0.0,0.0,0.0,0.0,2.8,5.0,157.8,4.2,13.3,156.0,1001.9,1001.9,2.7,5.3
2024-06-08 12:00:00+02:00,21.0,21.0,20.6,10.6,51.0,26.3,77.0,616.3,5.0,0.0,0.0,0.0,0.0,2.8,5.0,157.8,3.0,11.2,133.0,1001.9,1001.9,2.7,5.3
2024-06-08 12:05:00+02:00,21.2,21.2,20.4,9.6,47.0,26.4,77.0,623.9,5.0,0.0,0.0,0.0,0.0,2.8,5.0,157.8,3.7,11.2,169.0,1002.0,1002.0,2.7,5.3
2024-06-08 12:10:00+02:00,21.2,21.2,20.3,9.7,48.0,26.6,77.0,602.9,5.0,0.0,0.0,0.0,0.0,2.8,5.0,157.8,4.1,11.2,147.0,1001.8,1001.8,2.7,5.3
2024-06-08 12:15:00+02:00,21.3,21.3,20.2,8.8,45.0,26.7,77.0,602.4,5.0,0.0,0.0,0.0,0.0,2.8,5.0,157.8,4.3,14.8,189.0,1001.7,1001.7,2.7,5.3
2024-06-08 12:20:00+02:00,20.8,20.8,19.5,8.7,46.0,26.9,77.0,604.7,5.0,0.0,0.0,0.0,0.0,2.8,5.0,157.8,4.8,19.1,167.0,1001.6,1001.6,2.7,5.3
2024-06-08 12:25:00+02:00,21.1,21.1,19.2,8.7,45.0,27.1,77.0,612.5,5.0,0.0,0.0,0.0,0.0,2.8,5.0,157.8,7.8,15.5,119.0,1001.5,1001.5,2.7,5.3
2024-06-08 12:30:00+02:00,21.1,21.1,19.7,7.9,43.0,27.2,77.0,612.5,5.0,0.0,0.0,0.0,0.0,2.8,5.0,157.8,5.1,15.1,189.0,1001.5,1001.5,2.7,5.3
2024-06-08 12:35:00+02:00,21.5,21.5,20.0,6.7,38.0,27.4,76.0,615.5,5.0,0.0,0.0,0.0,0.0,2.8,5.0,157.8,3.7,13.3,261.0,1001.5,1001.5,2.7,5.3
2024-06-08 12:40:00+02:00,21.5,21.5,19.3,7.4,40.0,27.6,76.0,616.0,5.0,0.0,0.0,0.0,0.0,2.8,5.0,157.8,8.2,24.5,131.0,1001.4,1001.4,2.7,5.3
2024-06-08 12:45:00+02:00,21.6,21.6,20.2,6.6,38.0,27.7,76.0,621.4,5.0,0.0,0.0,0.0,0.0,2.8,5.0,157.8,3.1,20.2,181.0,1001.4,1001.4,2.7,5.3
2024-06-08 12:50:00+02:00,22.1,22.1,20.2,6.1,35.0,27.9,76.0,621.5,5.0,0.0,0.0,0.0,0.0,2.8,5.0,157.8,5.1,10.4,186.0,1001.5,1001.5,2.7,5.3
2024-06-08 12:55:00+02:00,22.4,22.4,20.5,5.5,33.0,28.1,76.0,621.7,5.0,0.0,0.0,0.0,0.0,2.8,5.0,157.8,4.4,13.3,185.0,1001.5,1001.5,2.7,5.3
2024-06-08 13:00:00+02:00,22.2,22.2,20.5,5.4,33.0,28.2,75.0,622.5,5.0,0.0,0.0,0.0,0.0,2.8,5.0,157.8,3.6,14.4,216.0,1001.3,1001.3,2.7,5.3
2024-06-08 13:05:00+02:00,22.3,22.3,20.6,6.2,35.0,28.4,75.0,624.0,5.0,0.0,0.0,0.0,0.0,2.8,5.0,157.8,4.3,10.8,158.0,1001.4,1001.4,2.7,5.3
2024-06-08 13:10:00+02:00,22.6,22.6,20.6,5.7,33.0,28.5,75.0,624.5,5.0,0.0,0.0,0.0,0.0,2.8,5.0,157.8,5.0,10.8,215.0,1001.4,1001.4,2.7,5.3
2024-06-08 13:15:00+02:00,22.4,22.4,20.5,6.8,36.0,28.7,75.0,625.6,5.0,0.0,0.0,0.0,0.0,2.8,5.0,157.8,6.1,16.6,126.0,1001.4,1001.4,2.7,5.3
2024-06-08 13:20:00+02:00,21.6,21.6,19.7,6.3,37.0,28.8,75.0,621.2,5.0,0.0,0.0,0.0,0.0,2.8,5.0,157.8,5.5,13.3,357.0,1001.4,1001.4,2.7,5.3
2024-06-08 13:25:00+02:00,21.9,21.9,20.2,6.4,37.0,28.9,75.0,620.9,5.0,0.0,0.0,0.0,0.0,2.8,5.0,157.8,4.6,13.3,97.0,1001.3,1001.3,2.7,5.3
2024-06-08 13:30:00+02:00,22.2,22.2,20.5,7.3,38.0,29.1,74.0,617.9,5.0,0.0,0.0,0.0,0.0,2.8,5.0,157.8,5.5,19.1,183.0,1001.3,1001.3,2.7,5.3
2024-06-08 13:35:00+02:00,22.5,22.5,21.2,6.4,35.0,29.2,76.0,617.4,5.0,0.0,0.0,0.0,0.0,2.8,5.0,157.8,2.3,10.4,208.0,1001.3,1001.3,2.7,5.3
2024-06-08 13:40:00+02:00,22.2,22.2,20.6,6.8,37.0,29.3,76.0,615.0,5.0,0.0,0.0,0.0,0.0,2.8,5.0,157.8,4.3,16.6,144.0,1001.3,1001.3,2.7,5.3
2024-06-08 13:45:00+02:00,22.1,22.1,20.2,6.5,36.0,29.3,77.0,615.2,5.0,0.0,0.0,0.0,0.0,2.8,5.0,157.8,5.8,12.6,183.0,1001.2,1001.2,2.7,5.3
2024-06-08 13:50:00+02:00,22.0,22.0,19.9,7.1,38.0,29.4,77.0,613.3,5.0,0.0,0.0,0.0,0.0,2.8,5.0,157.8,7.6,17.3,127.0,1001.2,1001.2,2.7,5.3
2024-06-08 13:55:00+02:00,22.6,22.6,21.2,6.6,35.0,29.4,77.0,616.3,5.0,0.0,0.0,0.0,0.0,2.8,5.0,157.8,3.0,8.6,198.0,1001.2,1001.2,2.7,5.3
2024-06-08 14:00:00+02:00,23.4,23.4,22.0,6.8,34.0,29.4,77.0,614.1,5.0,0.0,0.0,0.0,0.0,2.8,5.0,157.8,3.2,10.1,192.0,1001.1,1001.1,2.7,5.3
2024-06-08 14:05:00+02:00,22.9,22.9,21.2,7.4,37.0,29.5,77.0,610.5,5.0,0.0,0.0,0.0,0.0,2.8,5.0,157.8,5.9,13.0,130.0,1001.1,1001.1,2.7,5.3
2024-06-08 14:10:00+02:00,22.4,22.4,20.9,6.8,36.0,29.5,77.0,613.4,5.0,0.0,0.0,0.0,0.0,2.8,5.0,157.8,3.8,13.0,90.0,1001.0,1001.0,2.7,5.3
2024-06-08 14:15:00+02:00,22.2,22.2,20.1,7.4,38.0,29.5,77.0,613.1,5.0,0.0,0.0,0.0,0.0,2.8,5.0,157.8,7.9,18.4,114.0,1001.0,1001.0,2.7,5.3
2024-06-08 14:20:00+02:00,21.9,21.9,20.4,7.5,39.0,29.5,77.0,615.2,5.0,0.0,0.0,0.0,0.0,2.8,5.0,157.8,4.8,13.7,132.0,1001.1,1001.1,2.7,5.3
2024-06-08 14:25:00+02:00,22.0,22.0,19.7,7.1,38.0,29.5,77.0,615.8,5.0,0.0,0.0,0.0,0.0,2.8,5.0,157.8,8.6,29.9,131.0,1000.9,1000.9,2.7,5.3
2024-06-08 14:30:00+02:00,21.9,21.9,19.6,7.8,40.0,29.6,77.0,619.5,5.0,0.0,0.0,0.0,0.0,2.8,5.0,157.8,9.0,18.0,111.0,1000.9,1000.9,2.7,5.3
2024-06-08 14:35:00+02:00,22.3,22.3,20.6,7.1,38.0,29.6,77.0,629.1,5.0,0.0,0.0,0.0,0.0,2.8,5.0,157.8,5.1,18.7,44.0,1000.9,1000.9,2.7,5.3
2024-06-08 14:40:00+02:00,23.1,23.1,21.8,7.9,38.0,29.6,77.0,630.5,5.0,0.0,0.0,0.0,0.0,2.8,5.0,157.8,4.0,19.8,178.0,1000.8,1000.8,2.7,5.3
2024-06-08 14:45:00+02:00,22.8,22.8,20.8,6.9,36.0,29.6,77.0,644.2,5.0,0.0,0.0,0.0,0.0,2.8,5.0,157.8,6.5,19.8,240.0,1000.9,1000.9,2.7,5.3
2024-06-08 14:50:00+02:00,23.0,23.0,21.2,7.1,36.0,29.6,77.0,661.4,6.0,0.0,0.0,0.0,0.0,2.8,5.0,157.8,5.6,15.1,263.0,1000.9,1000.9,2.7,5.3
2024-06-08 14:55:00+02:00,22.7,22.7,21.6,7.8,38.0,29.7,78.0,637.6,5.0,0.0,0.0,0.0,0.0,2.8,5.0,157.8,3.0,15.1,179.0,1000.7,1000.7,2.7,5.3
2024-06-08 15:00:00+02:00,23.7,23.7,21.6,7.8,36.0,29.7,78.0,633.0,5.0,0.0,0.0,0.0,0.0,2.8,5.0,157.8,8.0,14.8,270.0,1000.7,1000.7,2.7,5.3
2024-06-08 15:05:00+02:00,22.7,22.7,20.5,7.3,37.0,29.7,78.0,620.3,5.0,0.0,0.0,0.0,0.0,2.8,5.0,157.8,8.3,20.2,268.0,1000.8,1000.8,2.7,5.3
2024-06-08 15:10:00+02:00,22.8,22.8,20.8,7.6,38.0,29.7,78.0,618.4,5.0,0.0,0.0,0.0,0.0,2.8,5.0,157.8,7.2,19.1,222.0,1000.7,1000.7,2.7,5.3
2024-06-08 15:15:00+02:00,22.3,22.3,20.6,7.8,39.0,29.7,78.0,670.2,6.0,0.0,0.0,0.0,0.0,2.8,5.0,157.8,5.8,15.5,311.0,1000.5,1000.5,2.7,5.3
2024-06-08 15:20:00+02:00,22.8,22.8,21.5,8.0,39.0,29.7,78.0,629.7,5.0,0.0,0.0,0.0,0.0,2.8,5.0,157.8,4.7,10.8,271.0,1000.5,1000.5,2.7,5.3
2024-06-08 15:25:00+02:00,22.9,22.9,21.2,8.2,39.0,29.7,78.0,630.3,5.0,0.0,0.0,0.0,0.0,2.8,5.0,157.8,6.6,16.2,122.0,1000.5,1000.5,2.7,5.3
2024-06-08 15:30:00+02:00,22.8,22.8,21.3,7.8,38.0,29.7,79.0,629.4,5.0,0.0,0.0,0.0,0.0,2.8,5.0,157.8,5.1,15.1,228.0,1000.5,1000.5,2.7,5.3
2024-06-08 15:35:00+02:00,23.0,23.0,21.8,8.1,38.0,29.7,79.0,679.9,6.0,0.0,0.0,0.0,0.0,2.8,5.0,157.8,3.9,9.7,226.0,1000.6,1000.6,2.7,5.3
2024-06-08 15:40:00+02:00,22.9,22.9,21.3,8.2,39.0,29.7,79.0,638.4,5.0,0.0,0.0,0.0,0.0,2.8,5.0,157.8,6.3,16.6,250.0,1000.6,1000.6,2.7,5.3
2024-06-08 15:45:00+02:00,22.9,22.9,21.5,8.3,39.0,29.7,79.0,614.2,5.0,0.0,0.0,0.0,0.0,2.8,5.0,157.8,5.2,13.0,319.0,1000.6,1000.6,2.7,5.3
2024-06-08 15:50:00+02:00,23.1,23.1,22.1,8.6,40.0,29.7,79.0,654.6,6.0,0.0,0.0,0.0,0.0,2.8,5.0,157.8,3.5,9.4,205.0,1000.4,1000.4,2.7,5.3
2024-06-08 15:55:00+02:00,22.8,22.8,21.8,8.4,40.0,29.7,79.0,634.6,5.0,0.0,0.0,0.0,0.0,2.8,5.0,157.8,3.2,10.1,131.0,1000.5,1000.5,2.7,5.3
2024-06-08 16:00:00+02:00,22.4,22.4,21.2,8.0,40.0,29.6,80.0,476.0,4.0,0.0,0.0,0.0,0.0,2.8,5.0,157.8,3.7,10.1,185.0,1000.5,1000.5,2.7,5.3
2024-06-08 16:05:00+02:00,22.5,22.5,21.3,8.1,40.0,29.6,80.0,389.3,3.0,0.0,0.0,0.0,0.0,2.8,5.0,157.8,3.5,8.6,209.0,1000.3,1000.3,2.7,5.3
2024-06-08 16:10:00+02:00,22.7,22.7,21.3,8.7,41.0,29.6,80.0,583.3,5.0,0.0,0.0,0.0,0.0,2.8,5.0,157.8,5.5,7.9,215.0,1000.4,1000.4,2.7,5.3
2024-06-08 16:15:00+02:00,22.7,22.7,21.5,8.4,40.0,29.6,80.0,574.3,5.0,0.0,0.0,0.0,0.0,2.8,5.0,157.8,4.2,10.4,360.0,1000.2,1000.2,2.7,5.3
2024-06-08 16:20:00+02:00,22.1,22.1,21.1,8.7,42.0,29.5,80.0,355.9,3.0,0.0,0.0,0.0,0.0,2.8,5.0,157.8,3.7,7.9,256.0,1000.2,1000.2,2.7,5.3
2024-06-08 16:25:00+02:00,21.6,21.6,19.9,8.4,43.0,29.5,80.0,472.3,4.0,0.0,0.0,0.0,0.0,2.8,5.0,157.8,6.7,17.6,287.0,1000.1,1000.1,2.7,5.3
2024-06-08 16:30:00+02:00,21.5,21.5,20.1,8.4,43.0,29.5,80.0,554.9,5.0,0.0,0.0,0.0,0.0,2.8,5.0,157.8,5.2,13.0,251.0,1000.2,1000.2,2.7,5.3
2024-06-08 16:35:00+02:00,21.3,21.3,19.3,8.3,43.0,29.4,80.0,260.1,2.0,0.0,0.0,0.0,0.0,2.8,5.0,157.8,8.2,16.9,285.0,1000.3,1000.3,2.7,5.3
2024-06-08 16:40:00+02:00,21.2,21.2,19.6,8.1,43.0,29.4,80.0,570.1,5.0,0.0,0.0,0.0,0.0,2.8,5.0,157.8,5.9,18.0,223.0,1000.1,1000.1,2.7,5.3
2024-06-08 16:45:00+02:00,22.1,22.1,20.4,8.2,41.0,29.4,81.0,544.0,5.0,0.0,0.0,0.0,0.0,2.8,5.0,157.8,6.6,16.9,219.0,1000.3,1000.3,2.7,5.3
2024-06-08 16:50:00+02:00,22.2,22.2,21.1,8.4,41.0,29.3,81.0,547.1,5.0,0.0,0.0,0.0,0.0,2.8,5.0,157.8,3.9,15.5,231.0,1000.2,1000.2,2.7,5.3
2024-06-08 16:55:00+02:00,22.1,22.1,20.9,8.6,42.0,29.3,81.0,248.9,2.0,0.0,0.0,0.0,0.0,2.8,5.0,157.8,4.2,14.8,163.0,1000.0,1000.0,2.7,5.3
2024-06-08 17:00:00+02:00,21.7,21.7,20.0,8.4,42.0,29.3,81.0,149.3,1.0,0.0,0.0,0.0,0.0,2.8,5.0,157.8,7.0,9.4,84.0,1000.1,1000.1,2.7,5.3
2024-06-08 17:05:00+02:00,21.0,21.0,19.8,8.3,44.0,29.3,81.0,145.1,1.0,0.0,0.0,0.0,0.0,2.8,5.0,157.8,4.2,11.5,4.0,1000.1,1000.1,2.7,5.3
2024-06-08 17:10:00+02:00,21.2,21.2,20.2,7.9,42.0,29.3,81.0,167.5,1.0,0.0,0.0,0.0,0.0,2.8,5.0,157.8,2.8,9.0,176.0,1000.1,1000.1,2.7,5.3
2024-06-08 17:15:00+02:00,21.0,21.0,18.1,8.3,44.0,29.2,81.0,180.6,1.0,0.0,0.0,0.0,0.0,2.8,5.0,157.8,12.5,25.2,279.0,1000.0,1000.0,2.7,5.3
2024-06-08 17:20:00+02:00,20.3,20.3,18.4,8.4,46.0,29.2,81.0,142.2,1.0,0.0,0.0,0.0,0.0,2.8,5.0,157.8,8.1,16.6,290.0,1000.1,1000.1,2.7,5.3
2024-06-08 17:25:00+02:00,20.4,20.4,18.7,8.2,45.0,29.1,81.0,152.4,1.0,0.0,0.0,0.0,0.0,2.8,5.0,157.8,6.8,16.6,248.0,1000.0,1000.0,2.7,5.3
2024-06-08 17:30:00+02:00,20.5,20.5,19.2,8.3,45.0,29.1,81.0,149.1,1.0,0.0,0.0,0.0,0.0,2.8,5.0,157.8,4.9,15.8,228.0,1000.0,1000.0,2.7,5.3
2024-06-08 17:35:00+02:00,20.8,20.8,19.6,8.0,44.0,29.0,81.0,430.8,4.0,0.0,0.0,0.0,0.0,2.8,5.0,157.8,3.8,11.9,190.0,1000.0,1000.0,2.7,5.3
2024-06-08 17:40:00+02:00,20.9,20.9,19.7,8.0,43.0,29.0,81.0,144.5,1.0,0.0,0.0,0.0,0.0,2.8,5.0,157.8,3.5,11.5,121.0,1000.1,1000.1,2.7,5.3
2024-06-08 17:45:00+02:00,20.6,20.6,19.3,7.9,44.0,28.9,81.0,386.4,3.0,0.0,0.0,0.0,0.0,2.8,5.0,157.8,4.0,9.7,69.0,1000.1,1000.1,2.7,5.3
2024-06-08 17:50:00+02:00,20.9,20.9,19.1,8.2,44.0,28.9,81.0,229.0,2.0,0.0,0.0,0.0,0.0,2.8,5.0,157.8,7.1,21.2,260.0,1000.0,1000.0,2.7,5.3
2024-06-08 17:55:00+02:00,21.0,21.0,20.0,8.5,45.0,28.8,81.0,356.9,3.0,0.0,0.0,0.0,0.0,2.8,5.0,157.8,3.8,11.9,291.0,1000.1,1000.1,2.7,5.3
2024-06-08 18:00:00+02:00,21.0,21.0,19.9,8.8,45.0,28.8,81.0,161.9,1.0,0.0,0.0,0.0,0.0,2.8,5.0,157.8,4.6,9.0,242.0,1000.1,1000.1,2.7,5.3
2024-06-08 18:05:00+02:00,20.5,20.5,19.2,8.9,47.0,28.7,81.0,124.6,1.0,0.0,0.0,0.0,0.0,2.8,5.0,157.8,5.7,14.4,293.0,1000.1,1000.1,2.7,5.3
2024-06-08 18:10:00+02:00,20.0,20.0,18.8,8.8,48.0,28.7,81.0,99.5,0.0,0.0,0.0,0.0,0.0,2.8,5.0,157.8,5.2,12.6,251.0,1000.1,1000.1,2.7,5.3
2024-06-08 18:15:00+02:00,20.0,20.0,18.4,8.9,49.0,28.6,81.0,82.6,0.0,0.0,0.0,0.0,0.0,2.8,5.0,157.8,7.0,14.8,269.0,1000.1,1000.1,2.7,5.3
2024-06-08 18:20:00+02:00,19.7,19.7,18.3,8.9,50.0,28.6,81.0,67.3,0.0,0.0,0.0,0.0,0.0,2.8,5.0,157.8,6.0,17.3,265.0,1000.1,1000.1,2.7,5.3
2024-06-08 18:25:00+02:00,19.6,19.6,18.4,8.9,50.0,28.5,81.0,95.0,0.0,0.0,0.0,0.0,0.0,2.8,5.0,157.8,4.7,14.4,262.0,1000.3,1000.3,2.7,5.3
2024-06-08 18:30:00+02:00,19.6,19.6,18.4,9.0,51.0,28.4,81.0,121.1,1.0,0.0,0.0,0.0,0.0,2.8,5.0,157.8,4.8,10.1,274.0,1000.2,1000.2,2.7,5.3
2024-06-08 18:35:00+02:00,19.6,19.6,18.9,9.3,51.0,28.3,81.0,104.6,0.0,0.0,0.0,0.0,0.0,2.8,5.0,157.8,3.0,10.4,238.0,1000.1,1000.1,2.7,5.3
2024-06-08 18:40:00+02:00,19.7,19.7,19.1,9.4,51.0,28.3,81.0,72.2,0.0,0.0,0.0,0.0,0.0,2.8,5.0,157.8,2.1,9.0,240.0,1000.2,1000.2,2.7,5.3
2024-06-08 18:45:00+02:00,19.3,19.3,18.2,9.5,53.0,28.2,81.0,75.1,0.0,0.0,0.0,0.0,0.0,2.8,5.0,157.8,5.5,11.5,289.0,1000.4,1000.4,2.7,5.2
2024-06-08 18:50:00+02:00,19.3,19.3,18.6,9.3,53.0,28.2,81.0,101.7,0.0,0.0,0.0,0.0,0.0,2.8,5.0,157.8,2.5,14.4,283.0,1000.4,1000.4,2.7,5.2
2024-06-08 18:55:00+02:00,19.3,19.3,18.0,9.5,53.0,28.1,81.0,125.5,1.0,0.0,0.0,0.0,0.0,2.8,5.0,157.8,6.5,10.8,187.0,1000.4,1000.4,2.7,5.2
2024-06-08 19:00:00+02:00,19.4,19.4,18.7,9.8,54.0,28.0,81.0,113.3,1.0,0.0,0.0,0.0,0.0,2.8,5.0,157.8,3.7,11.5,257.0,1000.4,1000.4,2.7,5.2
2024-06-08 19:05:00+02:00,19.2,19.2,18.3,10.0,55.0,27.9,81.0,104.8,0.0,0.0,0.0,0.0,0.0,2.8,5.0,157.8,5.0,14.8,273.0,1000.3,1000.3,2.7,5.2
2024-06-08 19:10:00+02:00,18.9,18.9,17.3,10.0,56.0,27.9,81.0,86.7,0.0,0.0,0.0,0.0,0.0,2.8,5.0,157.8,8.9,14.8,263.0,1000.5,1000.5,2.7,5.2
2024-06-08 19:15:00+02:00,19.0,19.0,18.6,10.0,56.0,27.8,81.0,87.0,0.0,0.0,0.0,0.0,0.0,2.8,5.0,157.8,1.9,14.8,225.0,1000.5,1000.5,2.7,5.2
2024-06-08 19:20:00+02:00,19.0,19.0,18.1,9.9,55.0,27.7,81.0,87.7,0.0,0.0,0.0,0.0,0.0,2.8,5.0,157.8,4.8,11.2,270.0,1000.5,1000.5,2.7,5.2
2024-06-08 19:25:00+02:00,18.8,18.8,18.0,9.9,56.0,27.7,81.0,92.7,0.0,0.0,0.0,0.0,0.0,2.8,5.0,157.8,4.2,13.3,229.0,1000.6,1000.6,2.7,5.2
2024-06-08 19:30:00+02:00,18.8,18.8,18.0,9.9,56.0,27.6,81.0,92.7,0.0,0.0,0.0,0.0,0.0,2.8,5.0,157.8,4.3,7.9,252.0,1000.7,1000.7,2.7,5.2
2024-06-08 19:35:00+02:00,18.8,18.8,17.8,9.9,56.0,27.6,81.0,75.8,0.0,0.0,0.0,0.0,0.0,2.8,5.0,157.8,5.2,8.6,263.0,1000.7,1000.7,2.7,5.2
2024-06-08 19:40:00+02:00,18.5,18.5,17.5,9.9,57.0,27.5,81.0,62.5,0.0,0.0,0.0,0.0,0.0,2.8,5.0,157.8,5.5,18.4,258.0,1000.7,1000.7,2.7,5.2
2024-06-08 19:45:00+02:00,18.5,18.5,17.8,9.8,57.0,27.4,81.0,52.4,0.0,0.0,0.0,0.0,0.0,2.8,5.0,157.8,3.5,8.6,266.0,1000.7,1000.7,2.7,5.2
2024-06-08 19:50:00+02:00,18.4,18.4,18.1,9.8,57.0,27.3,81.0,50.9,0.0,0.0,0.0,0.0,0.0,2.8,5.0,157.8,1.5,8.3,275.0,1000.7,1000.7,2.7,5.2
2024-06-08 19:55:00+02:00,18.2,18.2,17.4,9.8,58.0,27.3,81.0,47.9,0.0,0.0,0.0,0.0,0.0,2.8,5.0,157.8,4.1,15.8,272.0,1000.8,1000.8,2.7,5.2
2024-06-08 20:00:00+02:00,18.2,18.2,17.8,9.8,58.0,27.2,81.0,32.7,0.0,0.0,0.0,0.0,0.0,2.8,5.0,157.8,2.0,4.7,299.0,1000.8,1000.8,2.7,5.2
2024-06-08 20:05:00+02:00,18.2,18.2,17.6,9.8,58.0,27.1,81.0,25.6,0.0,0.0,0.0,0.0,0.0,2.8,5.0,157.8,2.9,10.4,270.0,1000.8,1000.8,2.7,5.2
2024-06-08 20:10:00+02:00,18.1,18.1,16.9,9.8,59.0,27.1,81.0,33.5,0.0,0.0,0.0,0.0,0.0,2.8,5.0,157.8,6.0,18.0,293.0,1000.8,1000.8,2.7,5.2
2024-06-08 20:15:00+02:00,17.8,17.8,16.5,9.8,60.0,27.0,81.0,36.1,0.0,0.0,0.0,0.0,0.0,2.8,5.0,157.8,6.6,18.0,282.0,1000.9,1000.9,2.7,5.2
2024-06-08 20:20:00+02:00,17.7,17.7,17.0,9.8,60.0,26.9,81.0,38.4,0.0,0.0,0.0,0.0,0.0,2.8,5.0,157.8,3.7,15.5,275.0,1000.9,1000.9,2.7,5.2
2024-06-08 20:25:00+02:00,17.6,17.6,16.8,9.7,60.0,26.8,81.0,25.5,0.0,0.0,0.0,0.0,0.0,2.8,5.0,157.8,3.7,15.1,283.0,1000.9,1000.9,2.7,5.2
2024-06-08 20:30:00+02:00,17.5,17.5,15.9,9.5,59.0,26.7,81.0,16.8,0.0,0.0,0.0,0.0,0.0,2.8,5.0,157.8,7.4,12.6,269.0,1001.0,1001.0,2.7,5.2
2024-06-08 20:35:00+02:00,17.4,17.4,16.4,9.3,59.0,26.6,81.0,14.1,0.0,0.0,0.0,0.0,0.0,2.8,5.0,157.8,4.6,11.5,282.0,1001.0,1001.0,2.7,5.2
2024-06-08 20:40:00+02:00,17.4,17.4,16.7,9.3,59.0,26.5,81.0,18.7,0.0,0.0,0.0,0.0,0.0,2.8,5.0,157.8,2.7,14.8,276.0,1001.0,1001.0,2.7,5.2
2024-06-08 20:45:00+02:00,17.4,17.4,16.7,9.2,59.0,26.4,81.0,19.6,0.0,0.0,0.0,0.0,0.0,2.8,5.0,157.8,2.6,10.1,271.0,1001.0,1001.0,2.7,5.2
2024-06-08 20:50:00+02:00,17.4,17.4,16.6,9.2,59.0,26.3,81.0,19.3,0.0,0.0,0.0,0.0,0.0,2.8,5.0,157.8,3.5,7.2,251.0,1000.9,1000.9,2.7,5.2
2024-06-08 20:55:00+02:00,17.3,17.3,16.6,9.1,59.0,26.2,80.0,18.1,0.0,0.0,0.0,0.0,0.0,2.8,5.0,157.8,2.7,9.0,305.0,1000.9,1000.9,2.7,5.2
2024-06-08 21:00:00+02:00,17.3,17.3,16.5,9.1,59.0,26.2,81.0,15.5,0.0,0.0,0.0,0.0,0.0,2.8,5.0,157.8,2.8,7.9,276.0,1001.1,1001.1,2.7,5.2
2024-06-08 21:05:00+02:00,17.2,17.2,16.7,9.2,59.0,26.1,81.0,12.3,0.0,0.0,0.0,0.0,0.0,2.8,5.0,157.8,1.4,4.7,249.0,1001.0,1001.0,2.7,5.2
2024-06-08 21:10:00+02:00,17.2,17.2,16.6,9.2,59.0,26.0,81.0,10.8,0.0,0.0,0.0,0.0,0.0,2.8,5.0,157.8,2.1,5.4,278.0,1001.0,1001.0,2.7,5.2
2024-06-08 21:15:00+02:00,17.1,17.1,16.7,9.3,60.0,25.9,81.0,9.8,0.0,0.0,0.0,0.0,0.0,2.8,5.0,157.8,1.6,4.7,195.0,1001.1,1001.1,2.7,5.2
2024-06-08 21:20:00+02:00,17.1,17.1,16.3,9.1,59.0,25.8,81.0,8.4,0.0,0.0,0.0,0.0,0.0,2.8,5.0,157.8,3.2,13.3,148.0,1001.0,1001.0,2.7,5.2
2024-06-08 21:25:00+02:00,17.1,17.1,16.5,9.1,59.0,25.7,81.0,7.3,0.0,0.0,0.0,0.0,0.0,2.8,5.0,157.8,1.7,8.6,14.0,1001.1,1001.1,2.7,5.2
2024-06-08 21:30:00+02:00,16.9,16.9,16.3,9.0,60.0,25.6,81.0,5.7,0.0,0.0,0.0,0.0,0.0,2.8,5.0,157.8,2.4,9.7,230.0,1001.1,1001.1,2.7,5.2
2024-06-08 21:35:00+02:00,16.8,16.8,16.1,9.1,60.0,25.5,81.0,4.1,0.0,0.0,0.0,0.0,0.0,2.8,5.0,157.8,2.3,9.7,319.0,1001.1,1001.1,2.7,5.2
2024-06-08 21:40:00+02:00,16.6,16.6,15.9,9.1,61.0,25.4,80.0,3.0,0.0,0.0,0.0,0.0,0.0,2.8,5.0,157.8,2.8,5.0,299.0,1001.2,1001.2,2.7,5.2
2024-06-08 21:45:00+02:00,16.5,16.5,16.2,9.0,61.0,25.3,80.0,2.0,0.0,0.0,0.0,0.0,0.0,2.8,5.0,157.8,0.7,5.8,190.0,1001.1,1001.1,2.7,5.2
2024-06-08 21:50:00+02:00,16.4,16.4,15.7,9.2,62.0,25.3,80.0,1.1,0.0,0.0,0.0,0.0,0.0,2.8,5.0,157.8,2.7,6.8,302.0,1001.2,1001.2,2.7,5.2
2024-06-08 21:55:00+02:00,16.4,16.4,15.2,9.2,62.0,25.2,80.0,0.8,0.0,0.0,0.0,0.0,0.0,2.8,5.0,157.8,5.4,8.6,301.0,1001.4,1001.4,2.7,5.2
2024-06-08 22:00:00+02:00,16.3,16.3,15.2,9.2,63.0,25.1,80.0,0.6,0.0,0.0,0.0,0.0,0.0,2.8,5.0,157.8,5.1,20.5,277.0,1001.5,1001.5,2.7,5.2
2024-06-08 22:05:00+02:00,16.3,16.3,14.8,9.2,63.0,25.0,80.0,0.3,0.0,0.0,0.0,0.0,0.0,2.8,5.0,157.8,6.8,16.2,275.0,1001.6,1001.6,2.7,5.2
2024-06-08 22:10:00+02:00,16.2,16.2,15.0,9.3,64.0,24.9,80.0,0.2,0.0,0.0,0.0,0.0,0.0,2.8,5.0,157.8,5.0,9.0,276.0,1001.7,1001.7,2.7,5.2
2024-06-08 22:15:00+02:00,16.0,16.0,14.9,9.3,65.0,24.8,80.0,0.1,0.0,0.0,0.0,0.0,0.0,2.8,5.0,157.8,4.8,9.7,281.0,1001.8,1001.8,2.7,5.1
2024-06-08 22:20:00+02:00,15.8,15.8,15.1,9.5,66.0,24.7,80.0,0.0,0.0,0.0,0.0,0.0,0.0,2.8,5.0,157.8,3.4,9.7,257.0,1001.8,1001.8,2.7,5.1
2024-06-08 22:25:00+02:00,15.7,15.7,14.7,9.5,67.0,24.6,80.0,0.0,0.0,0.0,0.0,0.0,0.0,2.8,5.0,157.8,4.7,10.8,279.0,1002.0,1002.0,2.7,5.1
2024-06-08 22:30:00+02:00,15.6,15.6,14.4,9.5,67.0,24.5,80.0,0.0,0.0,0.0,0.0,0.0,0.0,2.8,5.0,157.8,5.8,10.4,281.0,1002.0,1002.0,2.7,5.1
2024-06-08 22:35:00+02:00,15.5,15.5,14.5,9.5,67.0,24.3,80.0,0.0,0.0,0.0,0.0,0.0,0.0,2.8,5.0,157.8,4.8,12.2,269.0,1002.0,1002.0,2.7,5.1
2024-06-08 22:40:00+02:00,15.4,15.4,14.9,9.6,68.0,24.2,80.0,0.0,0.0,0.0,0.0,0.0,0.0,2.8,5.0,157.8,2.4,5.8,282.0,1002.1,1002.1,2.7,5.1
2024-06-08 22:45:00+02:00,15.2,15.2,14.9,9.6,69.0,24.2,80.0,0.0,0.0,0.0,0.0,0.0,0.0,2.8,5.0,157.8,1.4,4.0,277.0,1002.1,1002.1,2.7,5.1
2024-06-08 22:50:00+02:00,15.1,15.1,14.6,9.6,70.0,24.1,80.0,0.0,0.0,0.0,0.0,0.0,0.0,2.8,5.0,157.8,2.1,5.8,285.0,1002.1,1002.1,2.7,5.1
2024-06-08 22:55:00+02:00,15.0,15.0,14.3,9.7,71.0,24.0,80.0,0.0,0.0,0.0,0.0,0.0,0.0,2.8,5.0,157.8,3.2,8.3,274.0,1002.2,1002.2,2.7,5.1
2024-06-08 23:00:00+02:00,14.9,14.9,14.9,9.7,71.0,23.9,80.0,0.0,0.0,0.0,0.0,0.0,0.0,2.8,5.0,157.8,0.0,5.8,152.0,1002.3,1002.3,2.7,5.1
2024-06-08 23:05:00+02:00,14.6,14.6,14.5,9.7,72.0,23.8,80.0,0.0,0.0,0.0,0.0,0.0,0.0,2.8,5.0,157.8,0.0,2.9,123.0,1002.2,1002.2,2.7,5.1
2024-06-08 23:10:00+02:00,14.3,14.3,14.2,9.7,74.0,23.7,80.0,0.0,0.0,0.0,0.0,0.0,0.0,2.8,5.0,157.8,0.4,2.2,110.0,1002.1,1002.1,2.7,5.1
2024-06-08 23:15:00+02:00,14.2,14.2,13.7,9.8,75.0,23.6,80.0,0.0,0.0,0.0,0.0,0.0,0.0,2.8,5.0,157.8,2.4,3.6,314.0,1002.1,1002.1,2.7,5.1
2024-06-08 23:20:00+02:00,14.3,14.3,13.7,9.8,74.0,23.5,80.0,0.0,0.0,0.0,0.0,0.0,0.0,2.8,5.0,157.8,3.0,8.3,275.0,1002.2,1002.2,2.7,5.1
2024-06-08 23:25:00+02:00,14.6,14.6,14.0,9.8,73.0,23.4,80.0,0.0,0.0,0.0,0.0,0.0,0.0,2.8,5.0,157.8,2.8,9.4,266.0,1002.3,1002.3,2.7,5.1
2024-06-08 23:30:00+02:00,14.8,14.8,13.9,9.8,72.0,23.3,80.0,0.0,0.0,0.0,0.0,0.0,0.0,2.8,5.0,157.8,4.2,12.2,281.0,1002.3,1002.3,2.7,5.1
2024-06-08 23:35:00+02:00,14.8,14.8,14.3,9.9,72.0,23.2,80.0,0.0,0.0,0.0,0.0,0.0,0.0,2.8,5.0,157.8,2.7,11.2,214.0,1002.3,1002.3,2.7,5.1
2024-06-08 23:40:00+02:00,14.7,14.7,14.0,9.9,73.0,23.1,80.0,0.0,0.0,0.0,0.0,0.0,0.0,2.8,5.0,157.8,3.7,15.5,278.0,1002.3,1002.3,2.7,5.1
2024-06-08 23:45:00+02:00,14.7,14.7,14.1,9.9,73.0,23.0,80.0,0.0,0.0,0.0,0.0,0.0,0.0,2.8,5.0,157.8,2.9,15.1,241.0,1002.3,1002.3,2.7,5.1
2024-06-08 23:50:00+02:00,14.6,14.6,14.0,9.8,73.0,22.9,80.0,0.0,0.0,0.0,0.0,0.0,0.0,2.8,5.0,157.8,3.2,9.0,265.0,1002.4,1002.4,2.7,5.1
2024-06-08 23:55:00+02:00,14.6,14.6,14.1,9.8,73.0,22.8,80.0,0.0,0.0,0.0,0.0,0.0,0.0,2.8,5.0,157.8,2.5,6.1,266.0,1002.4,1002.4,2.7,5.1
2024-06-09 00:00:00+02:00,14.6,14.6,14.1,9.8,73.0,22.8,80.0,0.0,0.0,0.0,0.0,0.0,0.0,0.0,5.0,157.8,2.4,17.6,252.0,1002.3,1002.3,2.7,5.1
2024-06-09 00:05:00+02:00,14.5,14.5,14.0,10.0,74.0,22.7,80.0,0.0,0.0,0.0,0.0,0.0,0.0,0.0,5.0,157.8,2.7,8.3,254.0,1002.4,1002.4,2.7,5.0
2024-06-09 00:10:00+02:00,14.4,14.4,13.1,9.8,74.0,22.6,80.0,0.0,0.0,0.0,0.0,0.0,0.0,0.0,5.0,157.8,6.7,11.5,265.0,1002.5,1002.5,2.7,5.0
2024-06-09 00:15:00+02:00,14.4,14.4,13.2,9.6,73.0,22.5,80.0,0.0,0.0,0.0,0.0,0.0,0.0,0.0,5.0,157.8,5.8,11.9,275.0,1002.6,1002.6,2.7,5.0
2024-06-09 00:20:00+02:00,14.3,14.3,13.6,9.7,74.0,22.4,80.0,0.0,0.0,0.0,0.0,0.0,0.0,0.0,5.0,157.8,3.5,7.2,299.0,1002.7,1002.7,2.7,5.0
2024-06-09 00:25:00+02:00,14.2,14.2,13.4,9.9,76.0,22.3,80.0,0.0,0.0,0.0,0.0,0.0,0.0,0.0,5.0,157.8,4.0,8.6,289.0,1002.6,1002.6,2.7,5.0
2024-06-09 00:30:00+02:00,13.9,13.9,13.1,10.3,79.0,22.3,80.0,0.0,0.0,0.0,0.0,0.0,0.0,0.0,5.0,157.8,4.6,10.4,313.0,1002.6,1002.6,2.7,5.0
2024-06-09 00:35:00+02:00,13.6,13.6,12.8,10.4,81.0,22.2,80.0,0.0,0.0,0.0,0.0,0.0,0.0,0.0,5.0,157.8,4.8,10.4,269.0,1002.6,1002.6,2.7,5.0
2024-06-09 00:40:00+02:00,13.3,13.3,12.3,10.3,82.0,22.1,80.0,0.0,0.0,0.0,0.0,0.0,0.0,0.0,5.0,157.8,5.6,10.1,282.0,1002.8,1002.8,2.7,5.0
2024-06-09 00:45:00+02:00,13.1,13.1,12.4,10.2,83.0,22.0,80.0,0.0,0.0,0.0,0.0,0.0,0.0,0.0,5.0,157.8,4.3,21.6,282.0,1002.8,1002.8,2.7,5.0
2024-06-09 00:50:00+02:00,13.0,13.0,11.9,10.1,83.0,21.9,80.0,0.0,0.0,0.0,0.0,0.0,0.0,0.0,5.0,157.8,6.1,21.6,289.0,1002.8,1002.8,2.7,5.0
2024-06-09 00:55:00+02:00,12.9,12.9,12.0,9.9,82.0,21.8,80.0,0.0,0.0,0.0,0.0,0.0,0.0,0.0,5.0,157.8,4.7,17.3,284.0,1002.9,1002.9,2.7,5.0
2024-06-09 01:00:00+02:00,12.8,12.8,11.5,9.5,80.0,21.7,80.0,0.0,0.0,0.0,0.0,0.0,0.0,0.0,5.0,157.8,6.1,12.6,293.0,1003.0,1003.0,2.7,5.0
2024-06-09 01:05:00+02:00,12.8,12.8,11.3,9.2,79.0,21.6,80.0,0.0,0.0,0.0,0.0,0.0,0.0,0.0,5.0,157.8,6.7,13.7,277.0,1002.9,1002.9,2.7,5.0
2024-06-09 01:10:00+02:00,12.8,12.8,12.2,9.2,79.0,21.5,80.0,0.0,0.0,0.0,0.0,0.0,0.0,0.0,5.0,157.8,1.9,5.8,273.0,1003.0,1003.0,2.7,5.0
2024-06-09 01:15:00+02:00,12.6,12.6,11.9,9.1,79.0,21.4,80.0,0.0,0.0,0.0,0.0,0.0,0.0,0.0,5.0,157.8,2.8,6.1,292.0,1003.0,1003.0,2.7,5.0
2024-06-09 01:20:00+02:00,12.5,12.5,11.4,9.0,79.0,21.3,80.0,0.0,0.0,0.0,0.0,0.0,0.0,0.0,5.0,157.8,4.4,8.6,284.0,1003.0,1003.0,2.7,5.0
2024-06-09 01:25:00+02:00,12.4,12.4,11.7,8.8,79.0,21.3,80.0,0.0,0.0,0.0,0.0,0.0,0.0,0.0,5.0,157.8,2.2,8.6,275.0,1003.1,1003.1,2.7,5.0
2024-06-09 01:30:00+02:00,12.3,12.3,11.7,8.9,80.0,21.2,80.0,0.0,0.0,0.0,0.0,0.0,0.0,0.0,5.0,157.8,1.8,5.0,254.0,1003.2,1003.2,2.7,5.0
2024-06-09 01:35:00+02:00,12.2,12.2,11.2,8.7,79.0,21.1,80.0,0.0,0.0,0.0,0.0,0.0,0.0,0.0,5.0,157.8,3.6,9.0,285.0,1003.1,1003.1,2.7,5.0
2024-06-09 01:40:00+02:00,12.1,12.1,11.1,8.4,78.0,21.0,80.0,0.0,0.0,0.0,0.0,0.0,0.0,0.0,5.0,157.8,3.4,9.0,290.0,1003.2,1003.2,2.7,5.0
2024-06-09 01:45:00+02:00,12.0,12.0,11.1,8.3,78.0,20.9,80.0,0.0,0.0,0.0,0.0,0.0,0.0,0.0,5.0,157.8,2.5,7.9,276.0,1003.2,1003.2,2.7,5.0
2024-06-09 01:50:00+02:00,12.1,12.1,11.2,8.5,78.0,20.9,80.0,0.0,0.0,0.0,0.0,0.0,0.0,0.0,5.0,157.8,2.7,8.3,285.0,1003.3,1003.3,2.7,5.0
2024-06-09 01:55:00+02:00,12.1,12.1,11.3,8.6,79.0,20.8,80.0,0.0,0.0,0.0,0.0,0.0,0.0,0.0,5.0,157.8,2.6,7.9,295.0,1003.4,1003.4,2.7,4.9
2024-06-09 02:00:00+02:00,12.1,12.1,11.0,8.6,79.0,20.7,80.0,0.0,0.0,0.0,0.0,0.0,0.0,0.0,5.0,157.8,4.1,8.3,278.0,1003.4,1003.4,2.7,4.9
2024-06-09 02:05:00+02:00,12.1,12.1,11.3,8.8,80.0,20.6,80.0,0.0,0.0,0.0,0.0,0.0,0.0,0.0,5.0,157.8,2.4,7.6,276.0,1003.4,1003.4,2.7,4.9
2024-06-09 02:10:00+02:00,12.1,12.1,11.5,8.8,80.0,20.6,80.0,0.0,0.0,0.0,0.0,0.0,0.0,0.0,5.0,157.8,1.8,6.1,277.0,1003.3,1003.3,2.7,4.9
2024-06-09 02:15:00+02:00,12.0,12.0,11.2,8.8,81.0,20.5,80.0,0.0,0.0,0.0,0.0,0.0,0.0,0.0,5.0,157.8,2.3,7.6,286.0,1003.3,1003.3,2.7,4.9
2024-06-09 02:20:00+02:00,11.8,11.8,11.1,8.9,82.0,20.4,80.0,0.0,0.0,0.0,0.0,0.0,0.0,0.0,5.0,157.8,2.5,6.1,299.0,1003.4,1003.4,2.7,4.9
2024-06-09 02:25:00+02:00,11.7,11.7,10.9,8.9,83.0,20.3,80.0,0.0,0.0,0.0,0.0,0.0,0.0,0.0,5.0,157.8,3.2,7.6,282.0,1003.3,1003.3,2.7,4.9
2024-06-09 02:30:00+02:00,11.6,11.6,10.9,8.9,83.0,20.3,80.0,0.0,0.0,0.0,0.0,0.0,0.0,0.0,5.0,157.8,2.4,7.6,2.0,1003.2,1003.2,2.7,4.9
2024-06-09 02:35:00+02:00,11.5,11.5,11.2,8.9,84.0,20.2,80.0,0.0,0.0,0.0,0.0,0.0,0.0,0.0,5.0,157.8,0.4,4.0,285.0,1003.2,1003.2,2.7,4.9
2024-06-09 02:40:00+02:00,11.3,11.3,10.7,8.9,85.0,20.1,80.0,0.0,0.0,0.0,0.0,0.0,0.0,0.0,5.0,157.8,1.9,5.4,347.0,1003.2,1003.2,2.7,4.9
2024-06-09 02:45:00+02:00,11.1,11.1,10.9,8.9,86.0,20.1,80.0,0.0,0.0,0.0,0.0,0.0,0.0,0.0,5.0,157.8,0.0,4.0,161.0,1003.2,1003.2,2.7,4.9
2024-06-09 02:50:00+02:00,11.0,11.0,10.8,8.9,87.0,20.0,80.0,0.0,0.0,0.0,0.0,0.0,0.0,0.0,5.0,157.8,0.0,2.9,359.0,1003.2,1003.2,2.7,4.9
2024-06-09 02:55:00+02:00,10.8,10.8,10.4,8.7,87.0,19.9,80.0,0.0,0.0,0.0,0.0,0.0,0.0,0.0,5.0,157.8,0.4,2.9,123.0,1003.3,1003.3,2.7,4.9
2024-06-09 03:00:00+02:00,10.6,10.6,9.8,8.7,88.0,19.8,80.0,0.0,0.0,0.0,0.0,0.0,0.0,0.0,5.0,157.8,2.2,3.2,111.0,1003.4,1003.4,2.7,4.9
2024-06-09 03:05:00+02:00,10.4,10.4,9.6,8.7,89.0,19.8,80.0,0.0,0.0,0.0,0.0,0.0,0.0,0.0,5.0,157.8,2.3,3.6,102.0,1003.4,1003.4,2.7,4.9
2024-06-09 03:10:00+02:00,10.3,10.3,9.5,8.7,90.0,19.7,80.0,0.0,0.0,0.0,0.0,0.0,0.0,0.0,5.0,157.8,2.5,4.3,113.0,1003.3,1003.3,2.7,4.9
2024-06-09 03:15:00+02:00,10.0,10.0,9.2,8.5,90.0,19.6,80.0,0.0,0.0,0.0,0.0,0.0,0.0,0.0,5.0,157.8,2.5,4.0,111.0,1003.4,1003.4,2.7,4.9
2024-06-09 03:20:00+02:00,9.9,9.9,9.0,8.5,91.0,19.5,80.0,0.0,0.0,0.0,0.0,0.0,0.0,0.0,5.0,157.8,2.6,4.0,112.0,1003.2,1003.2,2.7,4.9
2024-06-09 03:25:00+02:00,9.7,9.7,8.9,8.3,91.0,19.4,80.0,0.0,0.0,0.0,0.0,0.0,0.0,0.0,5.0,157.8,1.8,3.2,107.0,1003.2,1003.2,2.7,4.9
2024-06-09 03:30:00+02:00,9.5,9.5,8.7,8.2,92.0,19.4,80.0,0.0,0.0,0.0,0.0,0.0,0.0,0.0,5.0,157.8,2.0,4.0,116.0,1003.2,1003.2,2.7,4.9
2024-06-09 03:35:00+02:00,9.4,9.4,8.5,8.3,93.0,19.3,80.0,0.0,0.0,0.0,0.0,0.0,0.0,0.0,5.0,157.8,2.5,4.0,113.0,1003.1,1003.1,2.7,4.9
2024-06-09 03:40:00+02:00,9.3,9.3,8.4,8.2,93.0,19.2,80.0,0.0,0.0,0.0,0.0,0.0,0.0,0.0,5.0,157.8,2.4,3.2,108.0,1003.2,1003.2,2.7,4.9
2024-06-09 03:45:00+02:00,9.2,9.2,8.3,8.2,93.0,19.1,80.0,0.0,0.0,0.0,0.0,0.0,0.0,0.0,5.0,157.8,2.2,3.2,103.0,1003.1,1003.1,2.7,4.8
2024-06-09 03:50:00+02:00,9.1,9.1,8.2,8.2,94.0,19.0,80.0,0.0,0.0,0.0,0.0,0.0,0.0,0.0,5.0,157.8,2.3,3.2,103.0,1002.9,1002.9,2.7,4.8
2024-06-09 03:55:00+02:00,9.0,9.0,8.0,8.1,94.0,18.9,80.0,0.0,0.0,0.0,0.0,0.0,0.0,0.0,5.0,157.8,3.2,4.7,116.0,1002.9,1002.9,2.7,4.8
2024-06-09 04:00:00+02:00,8.9,8.9,7.9,8.1,94.0,18.8,80.0,0.0,0.0,0.0,0.0,0.0,0.0,0.0,5.0,157.8,3.3,5.0,113.0,1002.9,1002.9,2.7,4.8
2024-06-09 04:05:00+02:00,8.8,8.8,8.1,8.0,95.0,18.8,80.0,0.0,0.0,0.0,0.0,0.0,0.0,0.0,5.0,157.8,1.0,4.0,114.0,1003.0,1003.0,2.7,4.8
2024-06-09 04:10:00+02:00,8.6,8.6,7.6,7.8,95.0,18.7,80.0,0.0,0.0,0.0,0.0,0.0,0.0,0.0,5.0,157.8,2.4,3.6,109.0,1003.0,1003.0,2.7,4.8
2024-06-09 04:15:00+02:00,8.7,8.7,7.5,7.9,95.0,18.6,80.0,0.0,0.0,0.0,0.0,0.0,0.0,0.0,5.0,157.8,3.1,4.3,114.0,1003.0,1003.0,2.7,4.8
2024-06-09 04:20:00+02:00,8.6,8.6,7.5,7.8,95.0,18.5,80.0,0.0,0.0,0.0,0.0,0.0,0.0,0.0,5.0,157.8,2.9,4.0,110.0,1002.8,1002.8,2.7,4.8
2024-06-09 04:25:00+02:00,8.5,8.5,7.4,7.7,95.0,18.4,80.0,0.0,0.0,0.0,0.0,0.0,0.0,0.0,5.0,157.8,2.8,4.0,112.0,1003.0,1003.0,2.72,4.8
2024-06-09 04:30:00+02:00,8.4,8.4,7.6,7.8,96.0,18.3,80.0,0.0,0.0,0.0,0.0,0.0,0.0,0.0,5.0,157.8,1.6,3.6,112.0,1003.0,1003.0,2.72,4.8
2024-06-09 04:35:00+02:00,8.2,8.2,7.7,7.6,96.0,18.2,80.0,0.0,0.0,0.0,0.0,0.0,0.0,0.0,5.0,157.8,0.0,2.5,114.0,1002.9,1002.9,2.72,4.8
2024-06-09 04:40:00+02:00,8.4,8.4,7.9,7.8,96.0,18.2,80.0,0.1,0.0,0.0,0.0,0.0,0.0,0.0,5.0,157.8,0.0,1.8,128.0,1002.8,1002.8,2.72,4.8
2024-06-09 04:45:00+02:00,8.1,8.1,7.2,7.5,96.0,18.1,80.0,0.2,0.0,0.0,0.0,0.0,0.0,0.0,5.0,157.8,1.8,3.2,101.0,1002.8,1002.8,2.72,4.8
2024-06-09 04:50:00+02:00,8.2,8.2,7.2,7.6,96.0,18.0,80.0,0.3,0.0,0.0,0.0,0.0,0.0,0.0,5.0,157.8,2.4,3.2,105.0,1002.8,1002.8,2.72,4.8
2024-06-09 04:55:00+02:00,8.2,8.2,7.0,7.6,96.0,17.9,80.0,0.6,0.0,0.0,0.0,0.0,0.0,0.0,5.0,157.8,3.0,4.3,108.0,1002.8,1002.8,2.72,4.8
2024-06-09 05:00:00+02:00,8.2,8.2,7.2,7.6,96.0,17.9,79.0,0.9,0.0,0.0,0.0,0.0,0.0,0.0,5.0,157.8,2.1,3.6,104.0,1002.6,1002.6,2.72,4.8
2024-06-09 05:05:00+02:00,8.2,8.2,7.1,7.7,97.0,17.8,80.0,1.5,0.0,0.0,0.0,0.0,0.0,0.0,5.0,157.8,2.4,3.2,99.0,1002.6,1002.6,2.72,4.8
2024-06-09 05:10:00+02:00,8.0,8.0,7.1,7.4,96.0,17.7,80.0,2.2,0.0,0.0,0.0,0.0,0.0,0.0,5.0,157.8,1.2,3.2,101.0,1002.6,1002.6,2.72,4.8
2024-06-09 05:15:00+02:00,7.9,7.9,7.3,7.4,97.0,17.6,80.0,3.2,0.0,0.0,0.0,0.0,0.0,0.0,5.0,157.8,0.0,2.2,66.0,1002.6,1002.6,2.72,4.8
2024-06-09 05:20:00+02:00,7.9,7.9,7.1,7.4,97.0,17.6,80.0,4.0,0.0,0.0,0.0,0.0,0.0,0.0,5.0,157.8,1.1,2.5,99.0,1002.5,1002.5,2.72,4.8
2024-06-09 05:25:00+02:00,7.7,7.7,6.8,7.3,97.0,17.5,80.0,5.4,0.0,0.0,0.0,0.0,0.0,0.0,5.0,157.8,1.8,2.9,109.0,1002.5,1002.5,2.72,4.8
2024-06-09 05:30:00+02:00,7.7,7.7,6.7,7.3,97.0,17.4,80.0,6.7,0.0,0.0,0.0,0.0,0.0,0.0,5.0,157.8,2.0,2.9,99.0,1002.5,1002.5,2.72,4.8
2024-06-09 05:35:00+02:00,7.7,7.7,6.6,7.3,97.0,17.3,80.0,8.2,0.0,0.0,0.0,0.0,0.0,0.0,5.0,157.8,2.4,3.2,102.0,1002.4,1002.4,2.72,4.7
2024-06-09 05:40:00+02:00,7.8,7.8,6.7,7.4,97.0,17.3,80.0,9.8,0.0,0.0,0.0,0.0,0.0,0.0,5.0,157.8,2.9,4.0,107.0,1002.5,1002.5,2.72,4.7
2024-06-09 05:45:00+02:00,7.8,7.8,6.7,7.4,97.0,17.2,80.0,11.4,0.0,0.0,0.0,0.0,0.0,0.0,5.0,157.8,2.7,3.6,101.0,1002.4,1002.4,2.72,4.7
2024-06-09 05:50:00+02:00,7.9,7.9,6.8,7.4,97.0,17.1,80.0,12.9,0.0,0.0,0.0,0.0,0.0,0.0,5.0,157.8,2.6,4.0,101.0,1002.5,1002.5,2.72,4.7
2024-06-09 05:55:00+02:00,7.9,7.9,6.9,7.4,97.0,17.1,80.0,14.5,0.0,0.0,0.0,0.0,0.0,0.0,5.0,157.8,2.2,2.9,108.0,1002.4,1002.4,2.72,4.7
2024-06-09 06:00:00+02:00,7.8,7.8,6.9,7.4,97.0,17.0,80.0,15.9,0.0,0.0,0.0,0.0,0.0,0.0,5.0,157.8,2.1,2.9,103.0,1002.4,1002.4,2.72,4.7
2024-06-09 06:05:00+02:00,7.9,7.9,6.8,7.4,97.0,16.9,80.0,17.5,0.0,0.0,0.0,0.0,0.0,0.0,5.0,157.8,2.4,3.2,101.0,1002.4,1002.4,2.72,4.7
2024-06-09 06:10:00+02:00,8.0,8.0,7.2,7.5,97.0,16.9,80.0,18.9,0.0,0.0,0.0,0.0,0.0,0.0,5.0,157.8,0.9,3.2,97.0,1002.3,1002.3,2.72,4.7
2024-06-09 06:15:00+02:00,8.1,8.1,7.1,7.8,98.0,16.8,80.0,32.0,0.0,0.0,0.0,0.0,0.0,0.0,5.0,157.8,2.6,4.0,105.0,1002.3,1002.3,2.72,4.7
2024-06-09 06:20:00+02:00,8.7,8.7,7.7,8.3,97.0,16.8,80.0,32.7,0.0,0.0,0.0,0.0,0.0,0.0,5.0,157.8,2.9,5.4,109.0,1002.4,1002.4,2.72,4.7
2024-06-09 06:25:00+02:00,8.9,8.9,8.1,8.5,97.0,16.7,80.0,36.8,0.0,0.0,0.0,0.0,0.0,0.0,5.0,157.8,2.6,4.3,107.0,1002.3,1002.3,2.72,4.7
2024-06-09 06:30:00+02:00,9.2,9.1,8.2,8.7,97.0,16.7,80.0,42.0,0.0,0.0,0.0,0.0,0.0,0.0,5.0,157.8,3.7,6.8,113.0,1002.3,1002.3,2.72,4.7
2024-06-09 06:35:00+02:00,9.5,9.5,8.6,9.0,96.0,16.6,80.0,45.8,0.0,0.0,0.0,0.0,0.0,0.0,5.0,157.8,3.7,7.9,106.0,1002.2,1002.2,2.7,4.7
2024-06-09 06:40:00+02:00,9.7,9.7,8.9,8.9,95.0,16.6,81.0,49.8,0.0,0.0,0.0,0.0,0.0,0.0,5.0,157.8,3.2,5.4,116.0,1002.4,1002.4,2.7,4.7
2024-06-09 06:45:00+02:00,10.1,10.1,9.4,9.0,93.0,16.7,81.0,53.5,0.0,0.0,0.0,0.0,0.0,0.0,5.0,157.8,2.6,5.8,99.0,1002.3,1002.3,2.7,4.7
2024-06-09 06:50:00+02:00,10.5,10.5,9.6,9.0,91.0,16.8,81.0,57.8,0.0,0.0,0.0,0.0,0.0,0.0,5.0,157.8,3.2,6.1,103.0,1002.3,1002.3,2.7,4.7
2024-06-09 06:55:00+02:00,10.8,10.8,10.0,9.1,89.0,17.1,82.0,61.4,0.0,0.0,0.0,0.0,0.0,0.0,5.0,157.8,3.0,5.4,114.0,1002.2,1002.2,2.7,4.8
2024-06-09 07:00:00+02:00,10.8,10.8,9.9,9.0,88.0,17.3,82.0,41.2,0.0,0.0,0.0,0.0,0.0,0.0,5.0,157.8,3.5,6.1,107.0,1002.1,1002.1,2.7,4.8
2024-06-09 07:05:00+02:00,10.9,10.9,10.4,9.0,88.0,17.5,82.0,30.3,0.0,0.0,0.0,0.0,0.0,0.0,5.0,157.8,1.7,5.8,92.0,1002.1,1002.1,2.7,4.8
2024-06-09 07:10:00+02:00,11.0,11.0,9.8,9.0,87.0,17.6,82.0,31.7,0.0,0.0,0.0,0.0,0.0,0.0,5.0,157.8,4.9,6.5,112.0,1002.1,1002.1,2.7,4.8
2024-06-09 07:15:00+02:00,11.1,11.1,10.2,9.1,87.0,17.7,81.0,33.1,0.0,0.0,0.0,0.0,0.0,0.0,5.0,157.8,3.9,5.8,105.0,1002.1,1002.1,2.7,4.8
2024-06-09 07:20:00+02:00,11.2,11.2,10.3,9.1,87.0,17.7,81.0,33.7,0.0,0.0,0.0,0.0,0.0,0.0,5.0,157.8,3.4,5.4,106.0,1002.1,1002.1,2.7,4.8
2024-06-09 07:25:00+02:00,11.3,11.3,10.5,9.2,87.0,17.8,81.0,34.6,0.0,0.0,0.0,0.0,0.0,0.0,5.0,157.8,3.5,5.8,99.0,1002.1,1002.1,2.7,4.8
2024-06-09 07:30:00+02:00,11.3,11.3,10.7,9.2,87.0,17.8,80.0,35.8,0.0,0.0,0.0,0.0,0.0,0.0,5.0,157.8,2.5,4.7,131.0,1002.1,1002.1,2.7,4.8
2024-06-09 07:35:00+02:00,11.4,11.4,10.6,9.2,87.0,17.8,80.0,36.5,0.0,0.0,0.0,0.0,0.0,0.0,5.0,157.8,3.7,7.6,111.0,1002.0,1002.0,2.7,4.8
2024-06-09 07:40:00+02:00,11.7,11.7,10.6,9.2,85.0,17.8,80.0,37.2,0.0,0.0,0.0,0.0,0.0,0.0,5.0,157.8,4.7,10.1,111.0,1002.0,1002.0,2.7,4.8
2024-06-09 07:45:00+02:00,11.8,11.8,10.5,9.0,83.0,17.8,80.0,38.6,0.0,0.0,0.0,0.0,0.0,0.0,5.0,157.8,5.4,10.1,106.0,1002.0,1002.0,2.7,4.8
2024-06-09 07:50:00+02:00,11.9,11.9,10.7,9.1,83.0,17.8,80.0,40.2,0.0,0.0,0.0,0.0,0.0,0.0,5.0,157.8,5.5,8.6,113.0,1002.0,1002.0,2.7,4.8
2024-06-09 07:55:00+02:00,12.0,12.0,10.3,9.1,83.0,17.8,80.0,41.5,0.0,0.0,0.0,0.0,0.0,0.0,5.0,157.8,7.6,10.8,126.0,1002.0,1002.0,2.7,4.8
2024-06-09 08:00:00+02:00,12.1,12.1,10.7,9.0,82.0,17.8,80.0,42.9,0.0,0.0,0.0,0.0,0.0,0.0,5.0,157.8,6.1,11.5,123.0,1002.0,1002.0,2.7,4.8
2024-06-09 08:05:00+02:00,12.2,12.2,11.3,9.1,82.0,17.8,80.0,44.0,0.0,0.0,0.0,0.0,0.0,0.0,5.0,157.8,3.5,7.2,160.0,1002.1,1002.1,2.7,4.8
2024-06-09 08:10:00+02:00,12.4,12.4,11.6,8.8,79.0,17.8,80.0,45.0,0.0,0.0,0.0,0.0,0.0,0.0,5.0,157.8,2.4,6.8,238.0,1002.1,1002.1,2.7,4.8
2024-06-09 08:15:00+02:00,12.6,12.6,11.9,8.9,78.0,17.8,80.0,45.5,0.0,0.0,0.0,0.0,0.0,0.0,5.0,157.8,2.2,6.1,247.0,1002.2,1002.2,2.7,4.8
2024-06-09 08:20:00+02:00,12.7,12.7,12.1,9.0,78.0,17.8,80.0,120.0,1.0,0.0,0.0,0.0,0.0,0.0,5.0,157.8,2.0,7.9,141.0,1002.1,1002.1,2.7,4.8
2024-06-09 08:25:00+02:00,13.1,13.1,12.0,8.8,75.0,17.8,80.0,217.8,2.0,0.0,0.0,0.0,0.0,0.0,5.0,157.8,4.0,7.9,259.0,1002.1,1002.1,2.7,4.8
2024-06-09 08:30:00+02:00,13.6,13.6,12.7,8.8,73.0,17.8,80.0,260.9,2.0,0.0,0.0,0.0,0.0,0.0,5.0,157.8,3.2,7.6,116.0,1002.1,1002.1,2.7,4.8
2024-06-09 08:35:00+02:00,14.0,14.0,13.2,9.1,72.0,17.9,81.0,262.2,2.0,0.0,0.0,0.0,0.0,0.0,5.0,157.8,3.2,8.6,143.0,1002.1,1002.1,2.7,4.9
2024-06-09 08:40:00+02:00,14.3,14.3,13.3,9.2,72.0,17.9,81.0,263.0,2.0,0.0,0.0,0.0,0.0,0.0,5.0,157.8,3.8,5.8,141.0,1002.1,1002.1,2.7,4.9
2024-06-09 08:45:00+02:00,14.2,14.2,13.0,9.1,71.0,17.9,81.0,271.7,2.0,0.0,0.0,0.0,0.0,0.0,5.0,157.8,5.3,10.1,118.0,1002.0,1002.0,2.7,5.0
2024-06-09 08:50:00+02:00,14.9,14.9,14.0,8.8,67.0,18.0,82.0,294.4,2.0,0.0,0.0,0.0,0.0,0.0,5.0,157.8,3.2,8.3,109.0,1002.0,1002.0,2.7,5.0
2024-06-09 08:55:00+02:00,15.3,15.3,14.6,8.4,64.0,18.2,83.0,289.6,2.0,0.0,0.0,0.0,0.0,0.0,5.0,157.8,1.6,6.5,168.0,1001.9,1001.9,2.7,5.1
2024-06-09 09:00:00+02:00,15.7,15.7,14.7,8.3,61.0,18.5,83.0,301.4,2.0,0.0,0.0,0.0,0.0,0.0,5.0,157.8,2.9,5.4,153.0,1001.9,1001.9,2.7,5.1
2024-06-09 09:05:00+02:00,15.8,15.8,14.9,8.4,61.0,18.7,83.0,307.9,2.0,0.0,0.0,0.0,0.0,0.0,5.0,157.8,2.7,7.9,121.0,1001.9,1001.9,2.7,5.2
2024-06-09 09:10:00+02:00,15.5,15.5,14.1,7.2,58.0,18.9,83.0,321.1,2.0,0.0,0.0,0.0,0.0,0.0,5.0,157.8,3.6,7.2,122.0,1001.8,1001.8,2.7,5.2
2024-06-09 09:15:00+02:00,15.4,15.4,14.1,6.9,57.0,19.2,83.0,332.0,3.0,0.0,0.0,0.0,0.0,0.0,5.0,157.8,2.9,8.6,73.0,1001.8,1001.8,2.7,5.2
2024-06-09 09:20:00+02:00,16.3,16.3,15.6,7.8,57.0,19.4,83.0,340.2,3.0,0.0,0.0,0.0,0.0,0.0,5.0,157.8,1.4,6.1,183.0,1001.8,1001.8,2.7,5.2
2024-06-09 09:25:00+02:00,16.9,16.9,15.7,8.2,57.0,19.7,82.0,344.8,3.0,0.0,0.0,0.0,0.0,0.0,5.0,157.8,4.1,9.7,161.0,1001.7,1001.7,2.7,5.2
2024-06-09 09:30:00+02:00,15.7,15.7,13.9,7.7,59.0,20.0,82.0,354.5,3.0,0.0,0.0,0.0,0.0,0.0,5.0,157.8,6.6,14.0,132.0,1001.7,1001.7,2.7,5.2
2024-06-09 09:35:00+02:00,15.9,15.9,14.6,7.4,57.0,20.2,82.0,365.2,3.0,0.0,0.0,0.0,0.0,0.0,5.0,157.8,3.5,14.0,124.0,1001.5,1001.5,2.7,5.2
2024-06-09 09:40:00+02:00,16.2,16.2,14.8,6.5,52.0,20.5,82.0,371.2,3.0,0.0,0.0,0.0,0.0,0.0,5.0,157.8,3.2,10.1,227.0,1001.4,1001.4,2.7,5.2
2024-06-09 09:45:00+02:00,17.0,17.0,15.6,6.8,51.0,20.8,81.0,376.6,3.0,0.0,0.0,0.0,0.0,0.0,5.0,157.8,3.5,8.3,176.0,1001.6,1001.6,2.7,5.2
2024-06-09 09:50:00+02:00,16.5,16.5,14.7,7.3,54.0,21.0,81.0,388.9,3.0,0.0,0.0,0.0,0.0,0.0,5.0,157.8,6.1,14.0,126.0,1001.4,1001.4,2.7,5.2
2024-06-09 09:55:00+02:00,16.0,16.0,14.0,6.5,53.0,21.3,80.0,396.4,3.0,0.0,0.0,0.0,0.0,0.0,5.0,157.8,6.1,14.0,101.0,1001.3,1001.3,2.7,5.3
2024-06-09 10:00:00+02:00,16.1,16.1,13.1,6.4,53.0,21.5,80.0,405.3,3.0,0.0,0.0,0.0,0.0,0.0,5.0,157.8,10.9,19.1,133.0,1001.4,1001.4,2.7,5.3
2024-06-09 10:05:00+02:00,15.6,15.6,13.4,5.9,53.0,21.8,80.0,415.1,3.0,0.0,0.0,0.0,0.0,0.0,5.0,157.8,6.6,17.3,105.0,1001.4,1001.4,2.7,5.3
2024-06-09 10:10:00+02:00,16.5,16.5,15.2,6.5,52.0,22.0,79.0,426.2,3.0,0.0,0.0,0.0,0.0,0.0,5.0,157.8,2.4,5.8,170.0,1001.2,1001.2,2.7,5.3
2024-06-09 10:15:00+02:00,17.5,17.5,15.9,6.3,48.0,22.3,79.0,428.7,3.0,0.0,0.0,0.0,0.0,0.0,5.0,157.8,4.0,11.9,174.0,1001.2,1001.2,2.7,5.3
2024-06-09 10:20:00+02:00,18.0,18.0,16.3,5.5,44.0,22.6,79.0,438.8,4.0,0.0,0.0,0.0,0.0,0.0,5.0,157.8,3.2,9.0,228.0,1001.3,1001.3,2.7,5.3
2024-06-09 10:25:00+02:00,17.3,17.3,15.3,5.4,45.0,22.8,78.0,458.6,4.0,0.0,0.0,0.0,0.0,0.0,5.0,157.8,4.6,13.0,100.0,1001.1,1001.1,2.7,5.3
2024-06-09 10:30:00+02:00,17.4,17.4,15.0,5.8,47.0,23.1,78.0,461.8,4.0,0.0,0.0,0.0,0.0,0.0,5.0,157.8,7.3,20.2,101.0,1001.1,1001.1,2.7,5.3
2024-06-09 10:35:00+02:00,17.0,17.0,15.5,5.7,47.0,23.3,77.0,489.7,4.0,0.0,0.0,0.0,0.0,0.0,5.0,157.8,2.8,19.4,124.0,1001.2,1001.2,2.7,5.3
2024-06-09 10:40:00+02:00,17.6,17.6,15.4,5.3,44.0,23.5,77.0,504.2,4.0,0.0,0.0,0.0,0.0,0.0,5.0,157.8,6.0,12.6,131.0,1001.2,1001.2,2.7,5.3
2024-06-09 10:45:00+02:00,18.4,18.4,16.6,4.8,41.0,23.7,77.0,535.0,4.0,0.0,0.0,0.0,0.0,0.0,5.0,157.8,3.2,9.7,211.0,1001.1,1001.1,2.7,5.3
2024-06-09 10:50:00+02:00,18.5,18.5,16.4,4.8,40.0,24.0,77.0,510.3,4.0,0.0,0.0,0.0,0.0,0.0,5.0,157.8,5.0,14.8,49.0,1001.2,1001.2,2.7,5.3
2024-06-09 10:55:00+02:00,18.5,18.5,16.7,5.1,41.0,24.2,77.0,538.0,5.0,0.0,0.0,0.0,0.0,0.0,5.0,157.8,3.6,10.4,134.0,1001.1,1001.1,2.7,5.3
2024-06-09 11:00:00+02:00,19.0,19.0,17.2,5.5,41.0,24.4,77.0,550.8,5.0,0.0,0.0,0.0,0.0,0.0,5.0,157.8,4.1,10.8,177.0,1001.0,1001.0,2.7,5.3
2024-06-09 11:05:00+02:00,18.7,18.7,17.0,5.5,42.0,24.7,77.0,554.3,5.0,0.0,0.0,0.0,0.0,0.0,5.0,157.8,3.2,7.6,135.0,1001.1,1001.1,2.7,5.3
2024-06-09 11:10:00+02:00,18.7,18.7,16.6,5.7,42.0,24.9,76.0,559.2,5.0,0.0,0.0,0.0,0.0,0.0,5.0,157.8,5.6,14.0,137.0,1001.1,1001.1,2.7,5.3
2024-06-09 11:15:00+02:00,17.9,17.9,15.9,5.4,44.0,25.1,76.0,556.1,5.0,0.0,0.0,0.0,0.0,0.0,5.0,157.8,5.2,18.0,108.0,1001.0,1001.0,2.7,5.3
2024-06-09 11:20:00+02:00,19.1,19.1,17.3,5.1,40.0,25.3,76.0,549.0,5.0,0.0,0.0,0.0,0.0,0.0,5.0,157.8,3.3,10.1,95.0,1001.1,1001.1,2.7,5.3
2024-06-09 11:25:00+02:00,18.8,18.8,16.8,5.3,41.0,25.5,76.0,556.0,5.0,0.0,0.0,0.0,0.0,0.0,5.0,157.8,4.9,10.1,69.0,1001.0,1001.0,2.7,5.3
2024-06-09 11:30:00+02:00,19.0,19.0,17.2,5.9,43.0,25.8,76.0,564.6,5.0,0.0,0.0,0.0,0.0,0.0,5.0,157.8,4.2,13.3,133.0,1001.1,1001.1,2.7,5.3
2024-06-09 11:35:00+02:00,18.7,18.7,16.5,5.5,42.0,25.9,75.0,571.7,5.0,0.0,0.0,0.0,0.0,0.0,5.0,157.8,6.0,13.7,115.0,1001.0,1001.0,2.7,5.3
2024-06-09 11:40:00+02:00,18.5,18.5,16.3,5.7,43.0,26.2,75.0,602.1,5.0,0.0,0.0,0.0,0.0,0.0,5.0,157.8,6.4,12.6,87.0,1001.0,1001.0,2.7,5.3
2024-06-09 11:45:00+02:00,18.9,18.9,17.0,5.5,42.0,26.3,75.0,627.5,5.0,0.0,0.0,0.0,0.0,0.0,5.0,157.8,4.2,11.2,16.0,1001.0,1001.0,2.7,5.3
2024-06-09 11:50:00+02:00,18.8,18.8,16.5,5.4,41.0,26.5,75.0,614.0,5.0,0.0,0.0,0.0,0.0,0.0,5.0,157.8,6.8,11.9,262.0,1000.9,1000.9,2.7,5.3
2024-06-09 11:55:00+02:00,19.7,19.7,17.8,5.5,39.0,26.7,75.0,621.8,5.0,0.0,0.0,0.0,0.0,0.0,5.0,157.8,4.3,10.4,223.0,1000.9,1000.9,2.7,5.3
2024-06-09 12:00:00+02:00,20.2,20.2,18.6,6.1,40.0,26.9,74.0,660.9,6.0,0.0,0.0,0.0,0.0,0.0,5.0,157.8,3.5,10.4,291.0,1000.9,1000.9,2.7,5.3
2024-06-09 12:05:00+02:00,19.1,19.1,16.7,5.5,41.0,27.1,74.0,627.9,5.0,0.0,0.0,0.0,0.0,0.0,5.0,157.8,6.9,13.3,284.0,1001.0,1001.0,2.7,5.3
2024-06-09 12:10:00+02:00,18.7,18.7,17.0,5.8,43.0,27.2,74.0,643.4,5.0,0.0,0.0,0.0,0.0,0.0,5.0,157.8,3.9,13.7,347.0,1000.8,1000.8,2.7,5.3
2024-06-09 12:15:00+02:00,19.6,19.6,17.8,5.2,39.0,27.4,74.0,665.9,6.0,0.0,0.0,0.0,0.0,0.0,5.0,157.8,3.7,14.0,199.0,1000.9,1000.9,2.7,5.3
2024-06-09 12:20:00+02:00,20.2,20.2,18.4,5.3,38.0,27.5,74.0,665.9,6.0,0.0,0.0,0.0,0.0,0.0,5.0,157.8,3.8,12.2,175.0,1000.9,1000.9,2.7,5.3
2024-06-09 12:25:00+02:00,19.8,19.8,17.9,5.5,39.0,27.7,74.0,664.7,6.0,0.0,0.0,0.0,0.0,0.0,5.0,157.8,5.0,15.1,276.0,1000.7,1000.7,2.7,5.3
2024-06-09 12:30:00+02:00,20.3,20.3,18.2,5.8,39.0,27.8,74.0,670.6,6.0,0.0,0.0,0.0,0.0,0.0,5.0,157.8,5.8,11.9,134.0,1000.6,1000.6,2.7,5.3
2024-06-09 12:35:00+02:00,19.9,19.9,18.4,5.6,39.0,28.0,73.0,675.3,6.0,0.0,0.0,0.0,0.0,0.0,5.0,157.8,2.7,11.9,241.0,1000.6,1000.6,2.7,5.3
2024-06-09 12:40:00+02:00,20.7,20.7,18.2,6.1,39.0,28.2,73.0,694.0,6.0,0.0,0.0,0.0,0.0,0.0,5.0,157.8,8.4,18.0,279.0,1000.5,1000.5,2.7,5.3
2024-06-09 12:45:00+02:00,19.8,19.8,17.9,5.7,40.0,28.3,73.0,661.5,6.0,0.0,0.0,0.0,0.0,0.0,5.0,157.8,5.0,15.8,274.0,1000.6,1000.6,2.7,5.3
2024-06-09 12:50:00+02:00,20.8,20.8,19.0,5.4,37.0,28.4,73.0,659.7,6.0,0.0,0.0,0.0,0.0,0.0,5.0,157.8,3.9,9.7,146.0,1000.5,1000.5,2.7,5.3
2024-06-09 12:55:00+02:00,20.9,20.9,19.2,6.0,38.0,28.5,73.0,685.7,6.0,0.0,0.0,0.0,0.0,0.0,5.0,157.8,4.2,15.8,190.0,1000.3,1000.3,2.7,5.3
2024-06-09 13:00:00+02:00,20.9,20.9,19.2,5.7,37.0,28.6,73.0,677.4,6.0,0.0,0.0,0.0,0.0,0.0,5.0,157.8,3.7,9.4,225.0,1000.3,1000.3,2.7,5.3
2024-06-09 13:05:00+02:00,21.7,21.7,19.6,5.7,35.0,28.8,73.0,694.7,6.0,0.0,0.0,0.0,0.0,0.0,5.0,157.8,5.4,12.2,248.0,1000.3,1000.3,2.7,5.3
2024-06-09 13:10:00+02:00,20.4,20.4,18.4,5.6,38.0,28.8,73.0,706.2,6.0,0.0,0.0,0.0,0.0,0.0,5.0,157.8,5.5,17.3,91.0,1000.3,1000.3,2.7,5.3
2024-06-09 13:15:00+02:00,19.6,19.6,16.7,5.7,40.0,28.8,73.0,693.4,6.0,0.0,0.0,0.0,0.0,0.0,5.0,157.8,9.5,18.7,294.0,1000.2,1000.2,2.7,5.3
2024-06-09 13:20:00+02:00,20.6,20.6,19.1,6.1,39.0,29.0,73.0,674.7,6.0,0.0,0.0,0.0,0.0,0.0,5.0,157.8,3.2,13.0,144.0,1000.1,1000.1,2.7,5.3
2024-06-09 13:25:00+02:00,21.2,21.2,18.6,5.2,35.0,29.1,73.0,655.6,6.0,0.0,0.0,0.0,0.0,0.0,5.0,157.8,7.8,14.0,274.0,1000.1,1000.1,2.7,5.3
2024-06-09 13:30:00+02:00,20.9,20.9,18.9,6.0,38.0,29.3,72.0,694.4,6.0,0.0,0.0,0.0,0.0,0.0,5.0,157.8,5.7,12.2,116.0,999.9,999.9,2.7,5.3
2024-06-09 13:35:00+02:00,21.6,21.6,19.9,6.4,37.0,29.3,73.0,677.5,6.0,0.0,0.0,0.0,0.0,0.0,5.0,157.8,4.4,8.3,273.0,1000.0,1000.0,2.7,5.3
2024-06-09 13:40:00+02:00,21.5,21.5,19.9,5.9,36.0,29.5,72.0,685.8,6.0,0.0,0.0,0.0,0.0,0.0,5.0,157.8,3.4,12.2,287.0,999.7,999.7,2.7,5.3
2024-06-09 13:45:00+02:00,21.4,21.4,19.3,6.2,37.0,29.7,73.0,695.3,6.0,0.0,0.0,0.0,0.0,0.0,5.0,157.8,6.3,10.8,132.0,999.8,999.8,2.7,5.3
2024-06-09 13:50:00+02:00,21.2,21.2,19.4,5.8,37.0,29.6,74.0,639.0,5.0,0.0,0.0,0.0,0.0,0.0,5.0,157.8,4.5,9.4,135.0,999.8,999.8,2.7,5.3
2024-06-09 13:55:00+02:00,21.8,21.8,20.3,5.8,35.0,29.7,74.0,633.9,5.0,0.0,0.0,0.0,0.0,0.0,5.0,157.8,2.6,9.4,335.0,999.7,999.7,2.7,5.3
2024-06-09 14:00:00+02:00,21.3,21.3,19.4,6.2,38.0,29.7,75.0,632.8,5.0,0.0,0.0,0.0,0.0,0.0,5.0,157.8,5.1,10.1,117.0,999.7,999.7,2.7,5.3
2024-06-09 14:05:00+02:00,21.0,21.0,18.6,6.2,38.0,29.8,75.0,633.4,5.0,0.0,0.0,0.0,0.0,0.0,5.0,157.8,7.6,17.6,174.0,999.6,999.6,2.7,5.3
2024-06-09 14:10:00+02:00,20.8,20.8,19.1,6.5,39.0,29.8,75.0,635.5,5.0,0.0,0.0,0.0,0.0,0.0,5.0,157.8,4.4,16.6,153.0,999.5,999.5,2.7,5.3
2024-06-09 14:15:00+02:00,22.1,22.1,20.4,5.6,34.0,29.8,75.0,634.3,5.0,0.0,0.0,0.0,0.0,0.0,5.0,157.8,3.4,9.7,246.0,999.5,999.5,2.7,5.3
2024-06-09 14:20:00+02:00,21.8,21.8,20.0,5.9,36.0,29.8,75.0,622.5,5.0,0.0,0.0,0.0,0.0,0.0,5.0,157.8,4.5,15.1,203.0,999.4,999.4,2.7,5.3
2024-06-09 14:25:00+02:00,21.4,21.4,19.3,6.5,38.0,29.8,75.0,636.2,5.0,0.0,0.0,0.0,0.0,0.0,5.0,157.8,6.6,16.9,124.0,999.5,999.5,2.7,5.3
2024-06-09 14:30:00+02:00,21.3,21.3,19.3,4.9,34.0,29.9,75.0,641.8,5.0,0.0,0.0,0.0,0.0,0.0,5.0,157.8,4.4,9.7,200.0,999.4,999.4,2.7,5.3
2024-06-09 14:35:00+02:00,21.5,21.5,19.5,5.8,36.0,29.8,75.0,659.8,6.0,0.0,0.0,0.0,0.0,0.0,5.0,157.8,5.3,16.2,307.0,999.2,999.2,2.7,5.3
2024-06-09 14:40:00+02:00,22.1,22.1,20.6,5.4,34.0,29.9,75.0,685.7,6.0,0.0,0.0,0.0,0.0,0.0,5.0,157.8,2.2,8.3,251.0,999.4,999.4,2.7,5.3
2024-06-09 14:45:00+02:00,21.3,21.3,19.5,5.8,36.0,29.9,75.0,728.6,6.0,0.0,0.0,0.0,0.0,0.0,5.0,157.8,4.5,14.4,238.0,999.1,999.1,2.7,5.3
2024-06-09 14:50:00+02:00,21.4,21.4,19.9,6.3,37.0,29.8,75.0,668.3,6.0,0.0,0.0,0.0,0.0,0.0,5.0,157.8,3.5,12.2,189.0,999.2,999.2,2.7,5.3
2024-06-09 14:55:00+02:00,21.5,21.5,19.3,5.7,36.0,29.8,75.0,356.2,3.0,0.0,0.0,0.0,0.0,0.0,5.0,157.8,5.9,16.2,285.0,999.2,999.2,2.7,5.3
2024-06-09 15:00:00+02:00,20.5,20.5,18.7,5.4,37.0,29.8,75.0,507.6,4.0,0.0,0.0,0.0,0.0,0.0,5.0,157.8,4.2,16.2,249.0,999.1,999.1,2.7,5.3
2024-06-09 15:05:00+02:00,20.9,20.9,19.1,5.6,37.0,29.7,76.0,699.9,6.0,0.0,0.0,0.0,0.0,0.0,5.0,157.8,4.2,8.6,125.0,999.2,999.2,2.7,5.3
2024-06-09 15:10:00+02:00,20.4,20.4,18.4,5.7,38.0,29.7,76.0,717.6,6.0,0.0,0.0,0.0,0.0,0.0,5.0,157.8,5.5,11.5,177.0,999.1,999.1,2.7,5.3
2024-06-09 15:15:00+02:00,21.5,21.5,20.1,5.7,36.0,29.6,76.0,711.8,6.0,0.0,0.0,0.0,0.0,0.0,5.0,157.8,2.1,18.0,250.0,999.0,999.0,2.7,5.3
2024-06-09 15:20:00+02:00,21.1,21.1,19.1,5.6,36.0,29.6,76.0,675.2,6.0,0.0,0.0,0.0,0.0,0.0,5.0,157.8,5.1,15.5,156.0,999.0,999.0,2.7,5.3
2024-06-09 15:25:00+02:00,22.3,22.3,20.8,6.1,35.0,29.6,76.0,669.2,6.0,0.0,0.0,0.0,0.0,0.0,5.0,157.8,3.2,13.0,189.0,999.1,999.1,2.7,5.3
2024-06-09 15:30:00+02:00,22.1,22.1,20.3,6.3,36.0,29.6,76.0,365.0,3.0,0.0,0.0,0.0,0.0,0.0,5.0,157.8,4.6,9.4,199.0,999.0,999.0,2.7,5.3
2024-06-09 15:35:00+02:00,21.4,21.4,19.5,5.4,35.0,29.6,76.0,680.6,6.0,0.0,0.0,0.0,0.0,0.0,5.0,157.8,4.3,7.6,256.0,998.9,998.9,2.7,5.3
2024-06-09 15:40:00+02:00,22.0,22.0,19.9,5.9,35.0,29.5,76.0,638.7,5.0,0.0,0.0,0.0,0.0,0.0,5.0,157.8,5.9,14.8,252.0,998.9,998.9,2.7,5.3
2024-06-09 15:45:00+02:00,21.5,21.5,19.6,6.2,37.0,29.5,76.0,649.5,6.0,0.0,0.0,0.0,0.0,0.0,5.0,157.8,4.8,14.8,230.0,998.7,998.7,2.7,5.3
2024-06-09 15:50:00+02:00,21.7,21.7,19.5,6.3,37.0,29.5,77.0,637.5,5.0,0.0,0.0,0.0,0.0,0.0,5.0,157.8,6.8,13.3,143.0,998.7,998.7,2.7,5.3
2024-06-09 15:55:00+02:00,21.9,21.9,19.6,5.4,34.0,29.5,77.0,608.1,5.0,0.0,0.0,0.0,0.0,0.0,5.0,157.8,6.3,18.4,271.0,998.8,998.8,2.7,5.3
2024-06-09 16:00:00+02:00,22.7,22.7,21.1,6.2,34.0,29.5,77.0,592.5,5.0,0.0,0.0,0.0,0.0,0.0,5.0,157.8,4.0,9.0,15.0,998.7,998.7,2.7,5.3
2024-06-09 16:05:00+02:00,22.4,22.4,20.2,5.7,34.0,29.5,77.0,561.1,5.0,0.0,0.0,0.0,0.0,0.0,5.0,157.8,6.0,13.7,301.0,998.7,998.7,2.7,5.3
2024-06-09 16:10:00+02:00,21.8,21.8,20.3,5.8,35.0,29.5,77.0,563.0,5.0,0.0,0.0,0.0,0.0,0.0,5.0,157.8,2.7,16.2,262.0,998.8,998.8,2.7,5.3
2024-06-09 16:15:00+02:00,22.6,22.6,20.7,5.6,33.0,29.5,77.0,566.5,5.0,0.0,0.0,0.0,0.0,0.0,5.0,157.8,4.3,9.4,211.0,998.6,998.6,2.7,5.3
2024-06-09 16:20:00+02:00,22.6,22.6,20.7,5.5,33.0,29.5,77.0,579.1,5.0,0.0,0.0,0.0,0.0,0.0,5.0,157.8,4.6,11.9,204.0,998.7,998.7,2.7,5.3
2024-06-09 16:25:00+02:00,21.8,21.8,19.8,5.2,34.0,29.5,78.0,576.6,5.0,0.0,0.0,0.0,0.0,0.0,5.0,157.8,4.5,10.4,194.0,998.8,998.8,2.7,5.3
2024-06-09 16:30:00+02:00,21.6,21.6,18.4,5.3,34.0,29.5,78.0,554.4,5.0,0.0,0.0,0.0,0.0,0.0,5.0,157.8,11.2,20.9,285.0,998.6,998.6,2.7,5.3
2024-06-09 16:35:00+02:00,20.6,20.6,18.7,5.2,37.0,29.5,78.0,518.1,4.0,0.0,0.0,0.0,0.0,0.0,5.0,157.8,4.4,16.6,283.0,998.6,998.6,2.7,5.3
2024-06-09 16:40:00+02:00,21.7,21.7,19.9,5.3,34.0,29.5,78.0,530.1,4.0,0.0,0.0,0.0,0.0,0.0,5.0,157.8,4.0,13.3,221.0,998.6,998.6,2.7,5.3
2024-06-09 16:45:00+02:00,22.3,22.3,20.6,5.3,33.0,29.5,78.0,516.3,4.0,0.0,0.0,0.0,0.0,0.0,5.0,157.8,3.2,13.3,250.0,998.7,998.7,2.7,5.3
2024-06-09 16:50:00+02:00,21.9,21.9,19.4,5.3,34.0,29.5,78.0,530.5,4.0,0.0,0.0,0.0,0.0,0.0,5.0,157.8,7.2,16.6,261.0,998.7,998.7,2.7,5.3
2024-06-09 16:55:00+02:00,20.9,20.9,18.1,5.1,36.0,29.4,78.0,495.3,4.0,0.0,0.0,0.0,0.0,0.0,5.0,157.8,8.8,22.3,275.0,998.6,998.6,2.7,5.3
2024-06-09 17:00:00+02:00,20.7,20.7,18.5,5.2,36.0,29.4,79.0,468.3,4.0,0.0,0.0,0.0,0.0,0.0,5.0,157.8,6.0,22.3,272.0,998.7,998.7,2.7,5.3
2024-06-09 17:05:00+02:00,21.1,21.1,19.0,5.4,36.0,29.4,79.0,460.5,4.0,0.0,0.0,0.0,0.0,0.0,5.0,157.8,5.3,13.3,280.0,998.6,998.6,2.7,5.3
2024-06-09 17:10:00+02:00,20.9,20.9,18.3,5.3,36.0,29.4,79.0,451.1,4.0,0.0,0.0,0.0,0.0,0.0,5.0,157.8,8.1,17.6,271.0,998.6,998.6,2.7,5.3
2024-06-09 17:15:00+02:00,20.9,20.9,19.0,5.3,36.0,29.3,79.0,427.6,3.0,0.0,0.0,0.0,0.0,0.0,5.0,157.8,4.3,25.9,290.0,998.7,998.7,2.7,5.3
2024-06-09 17:20:00+02:00,21.1,21.1,18.3,5.6,36.0,29.3,79.0,415.6,3.0,0.0,0.0,0.0,0.0,0.0,5.0,157.8,9.1,20.9,268.0,998.6,998.6,2.7,5.3
2024-06-09 17:25:00+02:00,20.5,20.5,18.4,5.4,37.0,29.3,79.0,432.0,4.0,0.0,0.0,0.0,0.0,0.0,5.0,157.8,5.3,14.8,324.0,998.6,998.6,2.7,5.3
2024-06-09 17:30:00+02:00,20.0,20.0,17.3,5.0,37.0,29.2,79.0,429.1,3.0,0.0,0.0,0.0,0.0,0.0,5.0,157.8,8.3,21.2,273.0,998.7,998.7,2.7,5.3
2024-06-09 17:35:00+02:00,20.3,20.3,18.2,5.1,37.0,29.2,79.0,434.6,4.0,0.0,0.0,0.0,0.0,0.0,5.0,157.8,5.3,16.6,265.0,998.6,998.6,2.7,5.3
2024-06-09 17:40:00+02:00,20.8,20.8,18.6,5.1,36.0,29.1,79.0,410.8,3.0,0.0,0.0,0.0,0.0,0.0,5.0,157.8,5.3,14.0,246.0,998.6,998.6,2.7,5.3
2024-06-09 17:45:00+02:00,21.4,21.4,19.4,5.6,36.0,29.0,79.0,371.0,3.0,0.0,0.0,0.0,0.0,0.0,5.0,157.8,5.3,12.6,206.0,998.7,998.7,2.7,5.3
2024-06-09 17:50:00+02:00,21.6,21.6,19.4,5.5,35.0,29.0,79.0,350.5,3.0,0.0,0.0,0.0,0.0,0.0,5.0,157.8,6.0,10.1,283.0,998.7,998.7,2.7,5.3
2024-06-09 17:55:00+02:00,20.4,20.4,17.4,4.9,36.0,28.9,79.0,358.0,3.0,0.0,0.0,0.0,0.0,0.0,5.0,157.8,9.7,19.4,266.0,998.8,998.8,2.7,5.3
2024-06-09 18:00:00+02:00,20.4,20.4,17.4,4.9,36.0,28.8,79.0,360.5,3.0,0.0,0.0,0.0,0.0,0.0,5.0,157.8,9.3,23.4,272.0,998.7,998.7,2.7,5.3
2024-06-09 18:05:00+02:00,20.0,20.0,18.1,5.2,38.0,28.8,79.0,336.3,3.0,0.0,0.0,0.0,0.0,0.0,5.0,157.8,4.0,23.4,250.0,998.7,998.7,2.7,5.3
2024-06-09 18:10:00+02:00,20.0,20.0,17.1,4.8,37.0,28.7,79.0,296.8,2.0,0.0,0.0,0.0,0.0,0.0,5.0,157.8,8.5,29.9,286.0,998.7,998.7,2.7,5.3
2024-06-09 18:15:00+02:00,18.8,18.8,15.8,4.2,38.0,28.6,79.0,85.8,0.0,0.0,0.0,0.0,0.0,0.0,5.0,157.8,8.5,29.9,275.0,998.8,998.8,2.7,5.3
2024-06-09 18:20:00+02:00,18.7,18.7,16.1,4.2,38.0,28.5,79.0,54.1,0.0,0.0,0.0,0.0,0.0,0.0,5.0,157.8,6.6,18.4,280.0,998.8,998.8,2.7,5.3
2024-06-09 18:25:00+02:00,18.7,18.7,16.4,4.5,39.0,28.4,79.0,51.6,0.0,0.0,0.0,0.0,0.0,0.0,5.0,157.8,5.7,10.1,269.0,998.8,998.8,2.7,5.3
2024-06-09 18:30:00+02:00,18.7,18.7,16.4,4.2,38.0,28.3,79.0,51.1,0.0,0.0,0.0,0.0,0.0,0.0,5.0,157.8,5.0,22.7,247.0,998.8,998.8,2.7,5.3
2024-06-09 18:35:00+02:00,18.6,18.6,16.6,4.3,39.0,28.2,79.0,145.2,1.0,0.0,0.0,0.0,0.0,0.0,5.0,157.8,4.0,18.0,254.0,998.8,998.8,2.7,5.3
2024-06-09 18:40:00+02:00,18.5,18.5,15.4,4.3,39.0,28.1,79.0,157.6,1.0,0.0,0.0,0.0,0.0,0.0,5.0,157.8,9.5,23.0,280.0,998.8,998.8,2.7,5.3
2024-06-09 18:45:00+02:00,18.7,18.7,17.3,4.6,39.0,28.0,79.0,182.9,1.0,0.0,0.0,0.0,0.0,0.0,5.0,157.8,0.9,15.5,95.0,998.8,998.8,2.7,5.3
2024-06-09 18:50:00+02:00,18.4,18.4,15.0,4.8,41.0,27.8,79.0,165.6,1.0,0.0,0.0,0.0,0.0,0.0,5.0,157.8,11.7,27.0,283.0,998.9,998.9,2.7,5.3
2024-06-09 18:55:00+02:00,18.0,18.0,15.8,5.2,43.0,27.7,79.0,68.0,0.0,0.0,0.0,0.0,0.0,0.0,5.0,157.8,6.0,20.2,255.0,998.9,998.9,2.7,5.2
2024-06-09 19:00:00+02:00,17.9,17.9,15.7,5.1,43.0,27.6,79.0,50.0,0.0,0.0,0.0,0.0,0.0,0.0,5.0,157.8,5.5,20.2,276.0,998.9,998.9,2.7,5.2
2024-06-09 19:05:00+02:00,18.0,18.0,16.0,5.2,43.0,27.5,79.0,49.5,0.0,0.0,0.0,0.0,0.0,0.0,5.0,157.8,4.5,12.6,264.0,998.9,998.9,2.7,5.2
2024-06-09 19:10:00+02:00,17.8,17.8,15.3,5.2,43.0,27.4,79.0,44.4,0.0,0.0,0.0,0.0,0.0,0.0,5.0,157.8,7.3,17.6,269.0,998.9,998.9,2.7,5.2
2024-06-09 19:15:00+02:00,17.7,17.7,15.0,5.3,44.0,27.3,79.0,44.0,0.0,0.0,0.0,0.0,0.0,0.0,5.0,157.8,8.0,20.9,277.0,998.8,998.8,2.7,5.2
2024-06-09 19:20:00+02:00,17.3,17.3,14.7,5.4,45.0,27.2,79.0,44.0,0.0,0.0,0.0,0.0,0.0,0.0,5.0,157.8,8.4,16.9,281.0,998.9,998.9,2.7,5.2
2024-06-09 19:25:00+02:00,17.2,17.2,15.2,5.7,47.0,27.1,78.0,43.0,0.0,0.0,0.0,0.0,0.0,0.0,5.0,157.8,5.6,17.6,284.0,998.9,998.9,2.7,5.2
2024-06-09 19:30:00+02:00,17.0,17.0,14.1,5.5,47.0,27.0,78.0,41.1,0.0,0.0,0.0,0.0,0.0,0.0,5.0,157.8,9.9,22.0,278.0,998.9,998.9,2.7,5.2
2024-06-09 19:35:00+02:00,16.8,16.8,14.3,5.6,48.0,26.9,78.0,39.1,0.0,0.0,0.0,0.0,0.0,0.0,5.0,157.8,7.5,20.2,270.0,999.0,999.0,2.7,5.2
2024-06-09 19:40:00+02:00,16.8,16.8,14.4,5.8,48.0,26.8,78.0,41.0,0.0,0.0,0.0,0.0,0.0,0.0,5.0,157.8,7.1,23.0,285.0,999.0,999.0,2.7,5.2
2024-06-09 19:45:00+02:00,16.6,16.6,14.7,5.8,49.0,26.7,78.0,40.7,0.0,0.0,0.0,0.0,0.0,0.0,5.0,157.8,5.0,16.6,283.0,999.0,999.0,2.7,5.2
2024-06-09 19:50:00+02:00,16.5,16.5,13.2,5.8,49.0,26.5,78.0,37.6,0.0,0.0,0.0,0.0,0.0,0.0,5.0,157.8,12.3,20.9,284.0,999.1,999.1,2.7,5.2
2024-06-09 19:55:00+02:00,16.3,16.3,13.9,5.8,50.0,26.5,78.0,37.1,0.0,0.0,0.0,0.0,0.0,0.0,5.0,157.8,7.3,19.4,280.0,999.1,999.1,2.7,5.2
2024-06-09 20:00:00+02:00,16.3,16.3,14.4,5.8,50.0,26.3,78.0,33.9,0.0,0.0,0.0,0.0,0.0,0.0,5.0,157.8,4.8,17.3,256.0,999.2,999.2,2.7,5.2
2024-06-09 20:05:00+02:00,16.2,16.2,13.9,5.9,50.0,26.2,78.0,32.6,0.0,0.0,0.0,0.0,0.0,0.0,5.0,157.8,6.9,19.8,279.0,999.1,999.1,2.7,5.2
2024-06-09 20:10:00+02:00,16.0,16.0,13.7,5.8,51.0,26.2,78.0,30.9,0.0,0.0,0.0,0.0,0.0,0.0,5.0,157.8,6.8,22.3,250.0,999.0,999.0,2.7,5.2
2024-06-09 20:15:00+02:00,15.9,15.9,13.6,5.8,51.0,26.0,78.0,30.0,0.0,0.0,0.0,0.0,0.0,0.0,5.0,157.8,6.8,13.0,284.0,999.2,999.2,2.7,5.2
2024-06-09 20:20:00+02:00,15.8,15.8,13.8,5.8,52.0,25.9,78.0,28.6,0.0,0.0,0.0,0.0,0.0,0.0,5.0,157.8,5.5,17.3,266.0,999.3,999.3,2.7,5.2
2024-06-09 20:25:00+02:00,15.7,15.7,13.2,5.8,52.0,25.7,78.0,27.1,0.0,0.0,0.0,0.0,0.0,0.0,5.0,157.8,7.5,18.4,271.0,999.4,999.4,2.7,5.2
2024-06-09 20:30:00+02:00,15.6,15.6,13.7,5.9,53.0,25.6,78.0,26.1,0.0,0.0,0.0,0.0,0.0,0.0,5.0,157.8,5.0,14.8,254.0,999.4,999.4,2.7,5.2
2024-06-09 20:35:00+02:00,15.4,15.4,12.3,5.8,53.0,25.5,78.0,26.0,0.0,0.0,0.0,0.0,0.0,0.0,5.0,157.8,10.9,19.8,282.0,999.4,999.4,2.7,5.2
2024-06-09 20:40:00+02:00,15.2,15.2,12.6,5.8,53.0,25.4,78.0,24.4,0.0,0.0,0.0,0.0,0.0,0.0,5.0,157.8,8.4,29.2,277.0,999.5,999.5,2.7,5.2
2024-06-09 20:45:00+02:00,15.2,15.2,12.6,5.7,53.0,25.3,78.0,21.9,0.0,0.0,0.0,0.0,0.0,0.0,5.0,157.8,8.0,14.8,286.0,999.5,999.5,2.7,5.2
2024-06-09 20:50:00+02:00,15.1,15.1,13.3,5.7,54.0,25.2,78.0,19.8,0.0,0.0,0.0,0.0,0.0,0.0,5.0,157.8,4.1,16.2,279.0,999.6,999.6,2.7,5.2
2024-06-09 20:55:00+02:00,15.0,15.0,12.8,5.6,53.0,25.0,78.0,18.3,0.0,0.0,0.0,0.0,0.0,0.0,5.0,157.8,6.2,9.4,279.0,999.5,999.5,2.7,5.2
2024-06-09 21:00:00+02:00,14.8,14.8,12.2,5.6,54.0,24.9,78.0,16.2,0.0,0.0,0.0,0.0,0.0,0.0,5.0,157.8,8.4,18.4,278.0,999.5,999.5,2.7,5.2
2024-06-09 21:05:00+02:00,14.8,14.8,12.9,5.5,54.0,24.8,78.0,14.3,0.0,0.0,0.0,0.0,0.0,0.0,5.0,157.8,4.5,14.8,289.0,999.5,999.5,2.7,5.2
2024-06-09 21:10:00+02:00,14.7,14.7,12.6,5.5,54.0,24.7,78.0,12.5,0.0,0.0,0.0,0.0,0.0,0.0,5.0,157.8,5.5,17.6,289.0,999.5,999.5,2.7,5.2
2024-06-09 21:15:00+02:00,14.6,14.6,12.9,5.5,54.0,24.5,78.0,10.7,0.0,0.0,0.0,0.0,0.0,0.0,5.0,157.8,3.7,19.1,275.0,999.5,999.5,2.7,5.2
2024-06-09 21:20:00+02:00,14.5,14.5,13.1,5.6,55.0,24.4,78.0,8.8,0.0,0.0,0.0,0.0,0.0,0.0,5.0,157.8,2.0,6.8,257.0,999.5,999.5,2.7,5.2
2024-06-09 21:25:00+02:00,14.4,14.4,12.7,5.5,55.0,24.3,78.0,6.6,0.0,0.0,0.0,0.0,0.0,0.0,5.0,157.8,3.4,9.0,266.0,999.6,999.6,2.7,5.2
2024-06-09 21:30:00+02:00,14.2,14.2,12.9,5.7,57.0,24.2,78.0,5.0,0.0,0.0,0.0,0.0,0.0,0.0,5.0,157.8,1.7,5.0,108.0,999.5,999.5,2.7,5.2
2024-06-09 21:35:00+02:00,14.0,14.0,12.3,5.4,56.0,24.1,78.0,3.8,0.0,0.0,0.0,0.0,0.0,0.0,5.0,157.8,3.5,7.6,91.0,999.5,999.5,2.7,5.2
2024-06-09 21:40:00+02:00,13.9,13.9,12.4,5.6,58.0,24.0,78.0,2.8,0.0,0.0,0.0,0.0,0.0,0.0,5.0,157.8,2.4,6.1,277.0,999.5,999.5,2.7,5.2
2024-06-09 21:45:00+02:00,13.8,13.8,12.0,5.2,56.0,23.9,78.0,2.0,0.0,0.0,0.0,0.0,0.0,0.0,5.0,157.8,3.9,13.3,221.0,999.6,999.6,2.7,5.2
2024-06-09 21:50:00+02:00,13.9,13.9,12.0,5.1,55.0,23.8,78.0,1.4,0.0,0.0,0.0,0.0,0.0,0.0,5.0,157.8,4.5,9.0,305.0,999.6,999.6,2.7,5.2
2024-06-09 21:55:00+02:00,13.8,13.8,12.4,5.3,56.0,23.7,78.0,0.9,0.0,0.0,0.0,0.0,0.0,0.0,5.0,157.8,1.4,5.0,68.0,999.7,999.7,2.7,5.2
2024-06-09 22:00:00+02:00,13.7,13.7,12.2,5.3,57.0,23.6,78.0,0.6,0.0,0.0,0.0,0.0,0.0,0.0,5.0,157.8,1.9,5.0,93.0,999.8,999.8,2.7,5.2
2024-06-09 22:05:00+02:00,13.5,13.5,11.9,5.3,58.0,23.5,78.0,0.3,0.0,0.0,0.0,0.0,0.0,0.0,5.0,157.8,2.4,5.8,101.0,999.8,999.8,2.7,5.1
2024-06-09 22:10:00+02:00,13.3,13.3,12.1,5.4,59.0,23.3,78.0,0.2,0.0,0.0,0.0,0.0,0.0,0.0,5.0,157.8,0.9,4.0,124.0,999.7,999.7,2.7,5.1
2024-06-09 22:15:00+02:00,13.2,13.2,11.9,5.5,59.0,23.3,78.0,0.1,0.0,0.0,0.0,0.0,0.0,0.0,5.0,157.8,1.7,3.6,90.0,999.8,999.8,2.7,5.1
2024-06-09 22:20:00+02:00,13.1,13.1,11.9,5.6,60.0,23.2,78.0,0.0,0.0,0.0,0.0,0.0,0.0,0.0,5.0,157.8,1.2,4.0,122.0,999.8,999.8,2.7,5.1
2024-06-09 22:25:00+02:00,13.0,13.0,11.8,5.6,61.0,23.1,78.0,0.0,0.0,0.0,0.0,0.0,0.0,0.0,5.0,157.8,1.3,3.2,82.0,999.9,999.9,2.7,5.1
2024-06-09 22:30:00+02:00,12.9,12.9,11.7,5.7,62.0,23.0,78.0,0.0,0.0,0.0,0.0,0.0,0.0,0.0,5.0,157.8,1.0,3.2,102.0,999.9,999.9,2.7,5.1
2024-06-09 22:35:00+02:00,12.7,12.7,11.4,5.6,62.0,22.8,78.0,0.0,0.0,0.0,0.0,0.0,0.0,0.0,5.0,157.8,1.9,4.7,110.0,1000.0,1000.0,2.7,5.1
2024-06-09 22:40:00+02:00,12.6,12.6,11.2,5.6,63.0,22.7,78.0,0.0,0.0,0.0,0.0,0.0,0.0,0.0,5.0,157.8,1.9,4.0,127.0,1000.0,1000.0,2.7,5.1
2024-06-09 22:45:00+02:00,12.5,12.5,11.4,5.7,63.0,22.6,78.0,0.0,0.0,0.0,0.0,0.0,0.0,0.0,5.0,157.8,0.4,3.6,106.0,1000.2,1000.2,2.7,5.1
2024-06-09 22:50:00+02:00,12.4,12.4,11.3,5.6,63.0,22.5,78.0,0.0,0.0,0.0,0.0,0.0,0.0,0.0,5.0,157.8,0.9,4.0,103.0,1000.1,1000.1,2.7,5.1
2024-06-09 22:55:00+02:00,12.2,12.2,10.9,5.7,64.0,22.4,78.0,0.0,0.0,0.0,0.0,0.0,0.0,0.0,5.0,157.8,2.0,3.6,118.0,1000.2,1000.2,2.7,5.1
2024-06-09 23:00:00+02:00,12.1,12.1,10.7,6.1,67.0,22.3,78.0,0.0,0.0,0.0,0.0,0.0,0.0,0.0,5.0,157.8,2.6,3.2,106.0,1000.1,1000.1,2.7,5.1
2024-06-09 23:05:00+02:00,11.9,11.9,10.4,5.9,67.0,22.2,78.0,0.0,0.0,0.0,0.0,0.0,0.0,0.0,5.0,157.8,3.2,5.4,114.0,1000.2,1000.2,2.7,5.1
2024-06-09 23:10:00+02:00,11.9,11.9,10.5,6.0,67.0,22.1,78.0,0.0,0.0,0.0,0.0,0.0,0.0,0.0,5.0,157.8,2.7,5.4,115.0,1000.1,1000.1,2.7,5.1
2024-06-09 23:15:00+02:00,11.7,11.7,10.3,6.1,68.0,22.0,78.0,0.0,0.0,0.0,0.0,0.0,0.0,0.0,5.0,157.8,2.6,4.0,106.0,1000.1,1000.1,2.7,5.1
2024-06-09 23:20:00+02:00,11.5,11.5,10.0,6.2,70.0,21.8,78.0,0.0,0.0,0.0,0.0,0.0,0.0,0.0,5.0,157.8,3.0,4.0,115.0,1000.1,1000.1,2.7,5.1
2024-06-09 23:25:00+02:00,11.3,11.3,10.1,6.2,71.0,21.7,78.0,0.0,0.0,0.0,0.0,0.0,0.0,0.0,5.0,157.8,1.9,3.6,117.0,1000.1,1000.1,2.7,5.1
2024-06-09 23:30:00+02:00,11.2,11.2,10.0,6.2,71.0,21.6,78.0,0.0,0.0,0.0,0.0,0.0,0.0,0.0,5.0,157.8,1.3,3.2,126.0,1000.1,1000.1,2.7,5.1
2024-06-09 23:35:00+02:00,11.2,11.2,9.8,6.2,71.0,21.5,78.0,0.0,0.0,0.0,0.0,0.0,0.0,0.0,5.0,157.8,2.7,4.0,113.0,1000.1,1000.1,2.7,5.1
2024-06-09 23:40:00+02:00,11.1,11.1,9.8,6.3,72.0,21.4,78.0,0.0,0.0,0.0,0.0,0.0,0.0,0.0,5.0,157.8,2.3,3.6,118.0,1000.1,1000.1,2.7,5.1
2024-06-09 23:45:00+02:00,11.1,11.1,9.5,6.4,73.0,21.3,78.0,0.0,0.0,0.0,0.0,0.0,0.0,0.0,5.0,157.8,3.5,4.7,106.0,1000.1,1000.1,2.7,5.1
2024-06-09 23:50:00+02:00,10.9,10.9,9.6,6.4,73.0,21.2,78.0,0.0,0.0,0.0,0.0,0.0,0.0,0.0,5.0,157.8,2.7,4.0,110.0,1000.0,1000.0,2.7,5.1
2024-06-09 23:55:00+02:00,10.8,10.8,9.4,6.4,74.0,21.1,78.0,0.0,0.0,0.0,0.0,0.0,0.0,0.0,5.0,157.8,2.9,4.3,112.0,1000.1,1000.1,2.7,5.0
2024-06-10 00:00:00+02:00,10.7,10.7,9.4,6.5,75.0,21.0,78.0,0.0,0.0,0.0,0.0,0.0,0.0,0.0,5.0,157.8,2.7,4.0,114.0,1000.1,1000.1,2.7,5.0
2024-06-10 00:05:00+02:00,10.6,10.6,9.2,6.4,75.0,20.9,78.0,0.0,0.0,0.0,0.0,0.0,0.0,0.0,5.0,157.8,2.7,4.0,110.0,1000.1,1000.1,2.7,5.0
2024-06-10 00:10:00+02:00,10.5,10.5,9.1,6.4,76.0,20.8,78.0,0.0,0.0,0.0,0.0,0.0,0.0,0.0,5.0,157.8,3.1,4.0,112.0,1000.0,1000.0,2.7,5.0
2024-06-10 00:15:00+02:00,10.4,10.4,9.0,6.5,77.0,20.7,78.0,0.0,0.0,0.0,0.0,0.0,0.0,0.0,5.0,157.8,3.1,4.0,113.0,1000.1,1000.1,2.7,5.0
2024-06-10 00:20:00+02:00,10.2,10.2,8.9,6.5,78.0,20.6,78.0,0.0,0.0,0.0,0.0,0.0,0.0,0.0,5.0,157.8,2.4,3.6,110.0,1000.0,1000.0,2.7,5.0
2024-06-10 00:25:00+02:00,10.1,10.1,8.7,6.5,78.0,20.5,78.0,0.0,0.0,0.0,0.0,0.0,0.0,0.0,5.0,157.8,2.8,4.0,111.0,1000.1,1000.1,2.7,5.0
2024-06-10 00:30:00+02:00,10.1,10.1,8.8,6.6,79.0,20.4,78.0,0.0,0.0,0.0,0.0,0.0,0.0,0.0,5.0,157.8,2.3,3.6,108.0,1000.0,1000.0,2.7,5.0
2024-06-10 00:35:00+02:00,9.8,9.8,8.8,6.3,79.0,20.3,78.0,0.0,0.0,0.0,0.0,0.0,0.0,0.0,5.0,157.8,0.8,2.5,114.0,1000.2,1000.2,2.7,5.0
2024-06-10 00:40:00+02:00,9.6,9.6,8.6,6.4,81.0,20.2,78.0,0.0,0.0,0.0,0.0,0.0,0.0,0.0,5.0,157.8,0.7,2.5,127.0,1000.1,1000.1,2.7,5.0
2024-06-10 00:45:00+02:00,9.5,9.5,8.7,6.5,81.0,20.1,78.0,0.0,0.0,0.0,0.0,0.0,0.0,0.0,5.0,157.8,0.0,2.5,52.0,1000.0,1000.0,2.7,5.0
2024-06-10 00:50:00+02:00,9.6,9.6,8.7,6.5,81.0,20.0,78.0,0.0,0.0,0.0,0.0,0.0,0.0,0.0,5.0,157.8,0.7,2.2,107.0,1000.1,1000.1,2.7,5.0
2024-06-10 00:55:00+02:00,9.3,9.3,8.1,6.5,83.0,19.9,78.0,0.0,0.0,0.0,0.0,0.0,0.0,0.0,5.0,157.8,2.2,3.2,108.0,1000.1,1000.1,2.7,5.0
2024-06-10 01:00:00+02:00,9.3,9.3,8.0,6.6,83.0,19.8,78.0,0.0,0.0,0.0,0.0,0.0,0.0,0.0,5.0,157.8,2.6,3.6,108.0,1000.1,1000.1,2.7,5.0
2024-06-10 01:05:00+02:00,9.2,9.2,8.2,6.5,83.0,19.8,79.0,0.0,0.0,0.0,0.0,0.0,0.0,0.0,5.0,157.8,1.2,3.2,106.0,1000.1,1000.1,2.7,5.0
2024-06-10 01:10:00+02:00,9.1,9.1,7.8,6.4,83.0,19.7,79.0,0.0,0.0,0.0,0.0,0.0,0.0,0.0,5.0,157.8,2.3,3.2,105.0,999.9,999.9,2.7,5.0
2024-06-10 01:15:00+02:00,9.1,9.1,7.8,6.4,83.0,19.6,78.0,0.0,0.0,0.0,0.0,0.0,0.0,0.0,5.0,157.8,2.5,3.6,109.0,1000.0,1000.0,2.7,5.0
2024-06-10 01:20:00+02:00,9.0,9.0,7.7,6.4,84.0,19.5,78.0,0.0,0.0,0.0,0.0,0.0,0.0,0.0,5.0,157.8,2.5,4.0,110.0,999.8,999.8,2.7,5.0
2024-06-10 01:25:00+02:00,8.9,8.9,7.7,6.5,85.0,19.4,78.0,0.0,0.0,0.0,0.0,0.0,0.0,0.0,5.0,157.8,2.1,3.6,109.0,999.9,999.9,2.7,5.0
2024-06-10 01:30:00+02:00,8.7,8.7,7.7,6.3,85.0,19.3,79.0,0.0,0.0,0.0,0.0,0.0,0.0,0.0,5.0,157.8,1.0,2.9,115.0,999.9,999.9,2.7,5.0
2024-06-10 01:35:00+02:00,8.7,8.7,7.8,6.5,86.0,19.2,79.0,0.0,0.0,0.0,0.0,0.0,0.0,0.0,5.0,157.8,0.4,2.2,126.0,999.9,999.9,2.7,5.0
2024-06-10 01:40:00+02:00,8.6,8.6,7.5,6.6,87.0,19.1,79.0,0.0,0.0,0.0,0.0,0.0,0.0,0.0,5.0,157.8,1.7,2.9,104.0,999.9,999.9,2.7,5.0
2024-06-10 01:45:00+02:00,8.7,8.7,7.5,6.7,87.0,19.0,79.0,0.0,0.0,0.0,0.0,0.0,0.0,0.0,5.0,157.8,2.4,3.2,106.0,999.9,999.9,2.7,4.9
2024-06-10 01:50:00+02:00,8.7,8.7,7.6,6.7,87.0,19.0,79.0,0.0,0.0,0.0,0.0,0.0,0.0,0.0,5.0,157.8,1.9,3.6,108.0,999.9,999.9,2.7,4.9
2024-06-10 01:55:00+02:00,8.8,8.8,7.5,6.7,87.0,18.8,79.0,0.0,0.0,0.0,0.0,0.0,0.0,0.0,5.0,157.8,3.0,3.6,106.0,999.8,999.8,2.7,4.9
2024-06-10 02:00:00+02:00,8.8,8.8,7.5,6.7,87.0,18.8,79.0,0.0,0.0,0.0,0.0,0.0,0.0,0.0,5.0,157.8,2.7,4.0,108.0,999.8,999.8,2.7,4.9
2024-06-10 02:05:00+02:00,8.8,8.8,7.5,6.7,87.0,18.7,79.0,0.0,0.0,0.0,0.0,0.0,0.0,0.0,5.0,157.8,3.0,4.0,107.0,999.7,999.7,2.72,4.9
2024-06-10 02:10:00+02:00,8.8,8.8,7.6,6.7,87.0,18.6,79.0,0.0,0.0,0.0,0.0,0.0,0.0,0.0,5.0,157.8,2.5,3.2,107.0,999.8,999.8,2.72,4.9
2024-06-10 02:15:00+02:00,8.7,8.7,7.7,6.6,87.0,18.5,79.0,0.0,0.0,0.0,0.0,0.0,0.0,0.0,5.0,157.8,0.8,2.9,96.0,999.7,999.7,2.72,4.9
2024-06-10 02:20:00+02:00,8.4,8.4,7.5,6.4,87.0,18.4,79.0,0.0,0.0,0.0,0.0,0.0,0.0,0.0,5.0,157.8,0.7,2.5,112.0,999.7,999.7,2.72,4.9
2024-06-10 02:25:00+02:00,8.4,8.4,7.6,6.5,88.0,18.4,79.0,0.0,0.0,0.0,0.0,0.0,0.0,0.0,5.0,157.8,0.0,1.8,80.0,999.7,999.7,2.72,4.9
2024-06-10 02:30:00+02:00,8.3,8.3,7.3,6.5,89.0,18.3,79.0,0.0,0.0,0.0,0.0,0.0,0.0,0.0,5.0,157.8,0.7,2.5,110.0,999.6,999.6,2.72,4.9
2024-06-10 02:35:00+02:00,8.2,8.2,7.3,6.5,89.0,18.3,79.0,0.0,0.0,0.0,0.0,0.0,0.0,0.0,5.0,157.8,0.0,2.5,89.0,999.6,999.6,2.72,4.9
2024-06-10 02:40:00+02:00,8.3,8.3,7.0,6.6,89.0,18.2,79.0,0.0,0.0,0.0,0.0,0.0,0.0,0.0,5.0,157.8,2.7,4.3,115.0,999.7,999.7,2.72,4.9
2024-06-10 02:45:00+02:00,8.5,8.5,7.2,6.7,89.0,18.1,79.0,0.0,0.0,0.0,0.0,0.0,0.0,0.0,5.0,157.8,3.1,4.7,108.0,999.6,999.6,2.72,4.9
2024-06-10 02:50:00+02:00,8.6,8.6,7.7,6.7,88.0,18.1,79.0,0.0,0.0,0.0,0.0,0.0,0.0,0.0,5.0,157.8,0.4,3.2,86.0,999.6,999.6,2.72,4.9
2024-06-10 02:55:00+02:00,8.5,8.5,7.2,6.8,89.0,18.0,79.0,0.0,0.0,0.0,0.0,0.0,0.0,0.0,5.0,157.8,2.9,4.3,109.0,999.4,999.4,2.72,4.9
2024-06-10 03:00:00+02:00,8.7,8.7,7.4,6.9,88.0,17.9,79.0,0.0,0.0,0.0,0.0,0.0,0.0,0.0,5.0,157.8,2.7,4.3,109.0,999.2,999.2,2.72,4.9
2024-06-10 03:05:00+02:00,8.6,8.6,7.8,6.7,88.0,17.8,79.0,0.0,0.0,0.0,0.0,0.0,0.0,0.0,5.0,157.8,0.4,2.9,108.0,999.2,999.2,2.72,4.9
2024-06-10 03:10:00+02:00,8.4,8.4,7.3,6.6,88.0,17.8,79.0,0.0,0.0,0.0,0.0,0.0,0.0,0.0,5.0,157.8,1.9,3.2,109.0,999.2,999.2,2.72,4.9
2024-06-10 03:15:00+02:00,8.6,8.6,7.3,6.8,88.0,17.7,79.0,0.0,0.0,0.0,0.0,0.0,0.0,0.0,5.0,157.8,3.0,4.0,109.0,999.3,999.3,2.72,4.9
2024-06-10 03:20:00+02:00,8.7,8.7,7.4,6.8,88.0,17.7,79.0,0.0,0.0,0.0,0.0,0.0,0.0,0.0,5.0,157.8,2.9,4.0,106.0,999.1,999.1,2.72,4.9
2024-06-10 03:25:00+02:00,8.8,8.8,7.5,6.8,87.0,17.6,79.0,0.0,0.0,0.0,0.0,0.0,0.0,0.0,5.0,157.8,3.1,4.3,106.0,999.1,999.1,2.72,4.8
2024-06-10 03:30:00+02:00,8.8,8.8,7.4,6.8,87.0,17.5,79.0,0.0,0.0,0.0,0.0,0.0,0.0,0.0,5.0,157.8,3.5,4.7,109.0,999.1,999.1,2.72,4.8
2024-06-10 03:35:00+02:00,8.9,8.9,7.6,6.8,87.0,17.5,79.0,0.0,0.0,0.0,0.0,0.0,0.0,0.0,5.0,157.8,2.7,4.7,102.0,998.9,998.9,2.7,4.8
2024-06-10 03:40:00+02:00,8.7,8.7,7.6,6.8,87.0,17.4,79.0,0.0,0.0,0.0,0.0,0.0,0.0,0.0,5.0,157.8,2.2,2.9,108.0,999.0,999.0,2.7,4.8
2024-06-10 03:45:00+02:00,8.7,8.7,7.4,6.8,88.0,17.3,79.0,0.0,0.0,0.0,0.0,0.0,0.0,0.0,5.0,157.8,2.8,3.6,107.0,999.0,999.0,2.72,4.8
2024-06-10 03:50:00+02:00,8.7,8.7,7.5,6.8,88.0,17.3,79.0,0.0,0.0,0.0,0.0,0.0,0.0,0.0,5.0,157.8,2.1,3.6,103.0,999.0,999.0,2.72,4.8
2024-06-10 03:55:00+02:00,8.7,8.7,7.4,6.8,88.0,17.2,79.0,0.0,0.0,0.0,0.0,0.0,0.0,0.0,5.0,157.8,2.8,4.3,101.0,999.0,999.0,2.72,4.8
2024-06-10 04:00:00+02:00,8.9,8.9,7.5,6.8,87.0,17.2,79.0,0.0,0.0,0.0,0.0,0.0,0.0,0.0,5.0,157.8,3.5,4.7,107.0,999.1,999.1,2.72,4.8
2024-06-10 04:05:00+02:00,9.1,8.9,7.5,6.8,85.0,17.1,79.0,0.0,0.0,0.0,0.0,0.0,0.0,0.0,5.0,157.8,4.6,6.5,111.0,998.9,998.9,2.72,4.8
2024-06-10 04:10:00+02:00,9.7,9.4,7.9,6.8,82.0,17.1,79.0,0.0,0.0,0.0,0.0,0.0,0.0,0.0,5.0,157.8,5.0,6.5,114.0,998.9,998.9,2.72,4.8
2024-06-10 04:15:00+02:00,9.8,9.8,8.3,6.8,81.0,17.0,79.0,0.0,0.0,0.0,0.0,0.0,0.0,0.0,5.0,157.8,4.0,5.8,120.0,998.9,998.9,2.7,4.8
2024-06-10 04:20:00+02:00,10.0,9.9,8.5,7.0,82.0,17.0,79.0,0.0,0.0,0.0,0.0,0.0,0.0,0.0,5.0,157.8,4.2,5.4,120.0,998.9,998.9,2.7,4.8
2024-06-10 04:25:00+02:00,10.1,10.1,8.4,6.8,80.0,16.9,80.0,0.0,0.0,0.0,0.0,0.0,0.0,0.0,5.0,157.8,4.8,6.1,115.0,998.8,998.8,2.7,4.8
2024-06-10 04:30:00+02:00,10.4,10.4,8.8,6.9,79.0,16.8,80.0,0.0,0.0,0.0,0.0,0.0,0.0,0.0,5.0,157.8,4.7,6.5,118.0,998.8,998.8,2.7,4.8
2024-06-10 04:35:00+02:00,10.3,10.3,8.8,7.0,80.0,16.8,80.0,0.0,0.0,0.0,0.0,0.0,0.0,0.0,5.0,157.8,4.2,5.4,116.0,998.7,998.7,2.7,4.8
2024-06-10 04:40:00+02:00,10.3,10.3,8.6,6.8,79.0,16.8,80.0,0.1,0.0,0.0,0.0,0.0,0.0,0.0,5.0,157.8,5.2,6.1,120.0,998.7,998.7,2.7,4.8
2024-06-10 04:45:00+02:00,10.5,10.5,8.8,6.9,79.0,16.8,80.0,0.2,0.0,0.0,0.0,0.0,0.0,0.0,5.0,157.8,4.8,6.8,121.0,998.7,998.7,2.7,4.8
2024-06-10 04:50:00+02:00,10.5,10.5,8.8,6.9,79.0,16.7,80.0,0.2,0.0,0.0,0.0,0.0,0.0,0.0,5.0,157.8,5.0,6.8,113.0,998.7,998.7,2.7,4.8
2024-06-10 05:00:00+02:00,10.5,10.5,8.8,6.7,77.0,16.7,80.0,0.9,0.0,0.0,0.0,0.0,0.0,0.0,5.0,157.8,4.7,6.8,119.0,998.5,998.5,2.7,4.8
2024-06-10 05:05:00+02:00,10.5,10.5,9.0,6.7,77.0,16.7,80.0,1.4,0.0,0.0,0.0,0.0,0.0,0.0,5.0,157.8,4.1,7.9,115.0,998.5,998.5,2.7,4.8
2024-06-10 05:10:00+02:00,10.4,10.4,9.0,6.7,77.0,16.6,80.0,2.0,0.0,0.0,0.0,0.0,0.0,0.0,5.0,157.8,3.3,6.5,121.0,998.5,998.5,2.7,4.8
2024-06-10 05:15:00+02:00,10.3,10.3,8.7,6.5,77.0,16.6,80.0,3.3,0.0,0.0,0.0,0.0,0.0,0.0,5.0,157.8,4.0,6.1,123.0,998.4,998.4,2.7,4.7
2024-06-10 05:20:00+02:00,10.3,10.3,8.8,6.6,78.0,16.5,80.0,5.0,0.0,0.0,0.0,0.0,0.0,0.0,5.0,157.8,3.9,5.4,118.0,998.4,998.4,2.7,4.7
2024-06-10 05:25:00+02:00,10.3,10.3,8.5,6.6,78.0,16.5,80.0,7.0,0.0,0.0,0.0,0.0,0.0,0.0,5.0,157.8,5.2,8.6,114.0,998.3,998.3,2.7,4.7
2024-06-10 05:30:00+02:00,10.3,10.3,8.8,6.6,77.0,16.5,80.0,8.5,0.0,0.0,0.0,0.0,0.0,0.0,5.0,157.8,3.8,6.1,112.0,998.2,998.2,2.7,4.7
2024-06-10 05:35:00+02:00,10.5,10.5,8.7,6.6,77.0,16.4,80.0,9.9,0.0,0.0,0.0,0.0,0.0,0.0,5.0,157.8,4.9,6.8,112.0,998.1,998.1,2.7,4.7
2024-06-10 05:40:00+02:00,10.5,10.5,9.0,6.7,77.0,16.4,80.0,10.5,0.0,0.0,0.0,0.0,0.0,0.0,5.0,157.8,3.9,7.2,115.0,998.1,998.1,2.7,4.7
2024-06-10 05:45:00+02:00,10.5,10.5,8.7,6.7,77.0,16.4,80.0,11.4,0.0,0.0,0.0,0.0,0.0,0.0,5.0,157.8,5.3,8.3,119.0,998.1,998.1,2.7,4.7
2024-06-10 05:50:00+02:00,10.6,10.6,8.8,6.9,78.0,16.4,80.0,13.7,0.0,0.0,0.0,0.0,0.0,0.0,5.0,157.8,5.2,9.0,118.0,998.1,998.1,2.7,4.7
2024-06-10 05:55:00+02:00,10.5,10.5,8.6,6.8,78.0,16.3,80.0,15.7,0.0,0.0,0.0,0.0,0.0,0.0,5.0,157.8,5.7,7.6,121.0,998.1,998.1,2.7,4.7
2024-06-10 06:00:00+02:00,10.6,10.6,8.8,6.8,77.0,16.3,80.0,19.5,0.0,0.0,0.0,0.0,0.0,0.0,5.0,157.8,5.5,7.6,110.0,998.1,998.1,2.7,4.7
2024-06-10 06:05:00+02:00,10.7,10.7,8.8,6.9,77.0,16.3,80.0,20.8,0.0,0.0,0.0,0.0,0.0,0.0,5.0,157.8,5.7,8.6,112.0,998.2,998.2,2.7,4.7
2024-06-10 06:10:00+02:00,10.7,10.7,9.1,7.0,78.0,16.3,80.0,20.8,0.0,0.0,0.0,0.0,0.0,0.0,5.0,157.8,4.6,7.9,120.0,998.2,998.2,2.7,4.7
2024-06-10 06:15:00+02:00,10.7,10.7,8.8,6.9,77.0,16.3,80.0,26.8,0.0,0.0,0.0,0.0,0.0,0.0,5.0,157.8,6.0,9.4,115.0,998.2,998.2,2.7,4.7
2024-06-10 06:20:00+02:00,10.8,10.8,9.4,6.9,77.0,16.3,81.0,34.9,0.0,0.0,0.0,0.0,0.0,0.0,5.0,157.8,3.6,8.6,116.0,998.1,998.1,2.7,4.7
2024-06-10 06:25:00+02:00,10.8,10.8,9.1,6.9,77.0,16.3,80.0,41.2,0.0,0.0,0.0,0.0,0.0,0.0,5.0,157.8,5.3,7.9,114.0,998.2,998.2,2.7,4.7
2024-06-10 06:30:00+02:00,11.0,11.0,9.1,7.0,76.0,16.3,81.0,53.3,0.0,0.0,0.0,0.0,0.0,0.0,5.0,157.8,6.3,9.4,113.0,998.2,998.2,2.7,4.7
2024-06-10 06:35:00+02:00,11.2,11.2,9.4,7.1,76.0,16.3,81.0,71.8,0.0,0.0,0.0,0.0,0.0,0.0,5.0,157.8,5.5,9.0,114.0,998.2,998.2,2.7,4.7
2024-06-10 06:40:00+02:00,11.3,11.3,9.7,7.1,75.0,16.3,81.0,69.1,0.0,0.0,0.0,0.0,0.0,0.0,5.0,157.8,5.2,8.6,112.0,998.0,998.0,2.7,4.7
2024-06-10 06:45:00+02:00,11.5,11.5,9.7,7.3,75.0,16.4,81.0,56.0,0.0,0.0,0.0,0.0,0.0,0.0,5.0,157.8,6.2,9.0,114.0,998.0,998.0,2.7,4.8
2024-06-10 06:50:00+02:00,11.6,11.6,9.8,7.3,75.0,16.4,81.0,53.5,0.0,0.0,0.0,0.0,0.0,0.0,5.0,157.8,5.8,9.4,126.0,998.0,998.0,2.7,4.8
2024-06-10 06:55:00+02:00,11.6,11.6,10.1,7.4,75.0,16.4,81.0,41.3,0.0,0.0,0.0,0.0,0.0,0.0,5.0,157.8,4.5,8.6,115.0,997.9,997.9,2.7,4.8
2024-06-10 07:00:00+02:00,11.7,11.7,10.2,7.4,75.0,16.5,81.0,38.1,0.0,0.0,0.0,0.0,0.0,0.0,5.0,157.8,4.2,9.7,101.0,997.8,997.8,2.7,4.8
2024-06-10 07:05:00+02:00,11.7,11.7,10.0,7.3,74.0,16.5,81.0,31.2,0.0,0.0,0.0,0.0,0.0,0.0,5.0,157.8,5.5,9.7,114.0,997.9,997.9,2.7,4.8
2024-06-10 07:10:00+02:00,11.7,11.7,10.1,7.3,74.0,16.5,81.0,38.0,0.0,0.0,0.0,0.0,0.0,0.0,5.0,157.8,4.7,9.0,110.0,997.8,997.8,2.7,4.8
2024-06-10 07:15:00+02:00,11.7,11.7,9.9,7.4,75.0,16.6,81.0,51.1,0.0,0.0,0.0,0.0,0.0,0.0,5.0,157.8,6.1,11.2,120.0,997.8,997.8,2.7,4.8
2024-06-10 07:20:00+02:00,11.8,11.8,10.3,7.3,74.0,16.6,81.0,49.6,0.0,0.0,0.0,0.0,0.0,0.0,5.0,157.8,4.6,10.4,114.0,997.7,997.7,2.7,4.8
2024-06-10 07:25:00+02:00,11.8,11.8,9.9,7.4,74.0,16.6,81.0,41.8,0.0,0.0,0.0,0.0,0.0,0.0,5.0,157.8,6.4,9.4,119.0,997.7,997.7,2.7,4.8
2024-06-10 07:30:00+02:00,11.8,11.8,10.1,7.3,74.0,16.6,81.0,48.8,0.0,0.0,0.0,0.0,0.0,0.0,5.0,157.8,5.4,10.1,119.0,997.6,997.6,2.7,4.8
2024-06-10 07:35:00+02:00,11.8,11.8,9.7,7.5,75.0,16.6,81.0,52.5,0.0,0.0,0.0,0.0,0.0,0.0,5.0,157.8,8.0,11.5,120.0,997.6,997.6,2.7,4.8
2024-06-10 07:40:00+02:00,11.7,11.7,10.0,7.8,77.0,16.7,81.0,47.8,0.0,0.0,0.0,0.0,0.0,0.0,5.0,157.8,6.2,10.4,118.0,997.6,997.6,2.7,4.8
2024-06-10 07:45:00+02:00,11.6,11.6,9.6,7.7,77.0,16.7,81.0,57.8,0.0,0.0,0.0,0.0,0.0,0.0,5.0,157.8,7.3,13.0,122.0,997.7,997.7,2.7,4.8
2024-06-10 07:50:00+02:00,11.7,11.7,10.2,8.0,78.0,16.7,81.0,66.4,0.0,0.0,0.0,0.0,0.0,0.0,5.0,157.8,4.9,9.4,133.0,997.6,997.6,2.7,4.8
2024-06-10 07:55:00+02:00,11.7,11.7,10.1,7.8,77.0,16.7,81.0,66.5,0.0,0.0,0.0,0.0,0.0,0.0,5.0,157.8,5.4,10.8,117.0,997.7,997.7,2.7,4.8
2024-06-10 08:00:00+02:00,11.7,11.7,10.0,7.9,77.0,16.7,81.0,61.8,0.0,0.0,0.0,0.0,0.0,0.0,5.0,157.8,6.3,12.2,120.0,997.6,997.6,2.7,4.8
2024-06-10 08:05:00+02:00,11.7,11.7,10.0,7.9,77.0,16.7,81.0,63.1,0.0,0.0,0.0,0.0,0.0,0.0,5.0,157.8,6.2,11.5,114.0,997.8,997.8,2.7,4.9
2024-06-10 08:10:00+02:00,11.7,11.7,9.8,8.0,78.0,16.8,81.0,56.2,0.0,0.0,0.0,0.0,0.0,0.0,5.0,157.8,7.3,13.0,113.0,997.8,997.8,2.7,4.9
2024-06-10 08:15:00+02:00,11.8,11.8,10.5,8.2,79.0,16.8,81.0,80.1,0.0,0.0,0.0,0.0,0.0,0.0,5.0,157.8,4.5,11.5,117.0,997.7,997.7,2.7,4.9
2024-06-10 08:20:00+02:00,11.8,11.8,9.8,7.9,77.0,16.8,81.0,92.3,0.0,0.0,0.0,0.0,0.0,0.0,5.0,157.8,7.8,13.3,131.0,997.8,997.8,2.7,4.9
2024-06-10 08:25:00+02:00,11.8,11.8,9.9,8.0,78.0,16.8,81.0,92.3,0.0,0.0,0.0,0.0,0.0,0.0,5.0,157.8,7.6,13.3,112.0,997.7,997.7,2.7,4.9
2024-06-10 08:30:00+02:00,11.8,11.8,10.0,8.2,79.0,16.9,81.0,84.7,0.0,0.0,0.0,0.0,0.0,0.0,5.0,157.8,7.1,12.6,124.0,997.9,997.9,2.7,4.9
2024-06-10 08:35:00+02:00,11.8,11.8,10.3,8.3,79.0,16.9,81.0,60.4,0.0,0.0,0.0,0.0,0.0,0.0,5.0,157.8,5.6,12.6,125.0,997.9,997.9,2.7,4.9
2024-06-10 08:40:00+02:00,11.7,11.7,10.4,8.4,80.0,16.9,82.0,55.3,0.0,0.0,0.0,0.0,0.0,0.0,5.0,157.8,5.0,10.4,104.0,997.8,997.8,2.7,4.9
2024-06-10 08:45:00+02:00,11.7,11.7,10.5,8.6,81.0,16.9,82.0,69.8,0.0,0.6,0.1,0.1,0.1,0.1,5.1,157.9,4.5,7.9,121.0,997.8,997.8,2.7,4.9
2024-06-10 08:50:00+02:00,11.7,11.7,10.8,8.8,83.0,17.0,82.0,74.3,0.0,0.6,0.1,0.1,0.1,0.1,5.1,157.9,3.6,8.3,122.0,997.9,997.9,2.7,4.9
2024-06-10 08:55:00+02:00,11.7,11.7,10.4,8.9,83.0,17.0,82.0,89.0,0.0,0.6,0.2,0.2,0.2,0.2,5.2,158.0,5.3,7.9,124.0,997.9,997.9,2.7,4.9
2024-06-10 09:00:00+02:00,11.7,11.7,9.8,8.6,81.0,17.0,82.0,78.8,0.0,0.6,0.3,0.3,0.3,0.3,5.3,158.1,8.0,12.2,110.0,998.0,998.0,2.7,4.9
2024-06-10 09:05:00+02:00,11.7,11.7,10.4,8.8,82.0,17.0,82.0,82.7,0.0,1.2,0.4,0.4,0.4,0.4,5.4,158.2,5.3,10.1,113.0,998.0,998.0,2.7,4.9
2024-06-10 09:10:00+02:00,11.7,11.7,10.5,9.0,83.0,17.0,82.0,103.5,0.0,1.2,0.5,0.5,0.5,0.5,5.5,158.3,5.0,8.3,123.0,998.0,998.0,2.7,4.9
2024-06-10 09:15:00+02:00,11.7,11.7,10.5,9.1,84.0,17.1,82.0,147.8,1.0,1.2,0.5,0.5,0.5,0.5,5.5,158.3,5.3,8.3,118.0,998.0,998.0,2.7,4.9
2024-06-10 09:20:00+02:00,11.9,11.9,11.0,9.2,83.0,17.1,82.0,147.7,1.0,1.2,0.6,0.6,0.6,0.6,5.6,158.4,3.7,8.3,120.0,998.0,998.0,2.7,4.9
2024-06-10 09:25:00+02:00,12.0,12.0,10.9,9.3,83.0,17.1,82.0,149.9,1.0,1.2,0.7,0.7,0.7,0.7,5.7,158.5,4.7,9.0,117.0,997.9,997.9,2.7,4.9
2024-06-10 09:30:00+02:00,12.0,12.0,11.1,9.5,84.0,17.1,82.0,146.1,1.0,1.2,0.8,0.8,0.8,0.8,5.8,158.6,4.1,7.9,126.0,997.9,997.9,2.7,4.9
2024-06-10 09:35:00+02:00,12.0,12.0,11.0,9.4,84.0,17.2,82.0,170.4,1.0,1.8,0.9,0.9,0.9,0.9,5.9,158.7,5.0,9.0,117.0,997.9,997.9,2.7,4.9
2024-06-10 09:40:00+02:00,12.2,12.2,11.7,9.7,85.0,17.2,82.0,177.7,1.0,1.2,1.0,1.0,0.9,1.0,6.0,158.8,2.4,8.6,121.0,997.9,997.9,2.7,4.9
2024-06-10 09:45:00+02:00,12.3,12.3,11.7,9.8,84.0,17.3,82.0,187.8,1.0,1.2,1.0,1.0,0.9,1.0,6.0,158.8,3.2,11.5,114.0,997.9,997.9,2.7,5.0
2024-06-10 09:50:00+02:00,12.5,12.5,11.8,10.0,85.0,17.3,82.0,179.3,1.0,0.6,1.1,1.1,0.9,1.1,6.1,158.9,3.8,8.3,130.0,997.9,997.9,2.7,5.0
2024-06-10 09:55:00+02:00,12.4,12.4,11.3,9.6,83.0,17.4,82.0,197.6,1.0,0.6,1.1,1.1,0.9,1.1,6.1,158.9,5.3,10.1,119.0,998.0,998.0,2.7,5.0
2024-06-10 10:00:00+02:00,12.3,12.3,10.9,9.6,83.0,17.4,82.0,240.1,2.0,0.6,1.2,1.2,0.9,1.2,6.2,159.0,7.3,12.2,115.0,997.8,997.8,2.7,5.0
2024-06-10 10:05:00+02:00,12.4,12.4,11.3,9.9,84.0,17.5,82.0,297.9,2.0,0.6,1.2,1.2,0.8,1.2,6.2,159.0,5.8,11.2,117.0,997.8,997.8,2.7,5.1
2024-06-10 10:10:00+02:00,12.6,12.6,11.6,9.8,83.0,17.6,83.0,342.9,3.0,0.6,1.3,1.3,0.8,1.3,6.3,159.1,5.0,13.0,106.0,997.7,997.7,2.7,5.1
2024-06-10 10:15:00+02:00,12.9,12.9,11.9,10.1,83.0,17.6,83.0,302.1,2.0,0.6,1.3,1.3,0.8,1.3,6.3,159.1,5.6,14.4,124.0,997.7,997.7,2.7,5.2
2024-06-10 10:20:00+02:00,12.8,12.8,11.0,9.7,81.0,17.7,83.0,251.1,2.0,0.6,1.4,1.4,0.8,1.4,6.4,159.2,9.1,17.6,121.0,997.6,997.6,2.7,5.2
2024-06-10 10:25:00+02:00,12.6,12.6,11.4,9.5,81.0,17.8,83.0,155.8,1.0,0.6,1.4,1.4,0.7,1.4,6.4,159.2,5.5,16.6,112.0,997.6,997.6,2.7,5.2
2024-06-10 10:30:00+02:00,12.5,12.5,11.3,9.4,81.0,17.9,83.0,205.8,1.0,0.6,1.5,1.5,0.7,1.5,6.5,159.3,5.8,14.4,124.0,997.7,997.7,2.7,5.2
2024-06-10 10:35:00+02:00,12.7,12.7,11.8,9.8,83.0,18.0,83.0,221.1,2.0,0.6,1.5,1.5,0.6,1.5,6.5,159.3,4.4,10.4,115.0,997.6,997.6,2.7,5.2
2024-06-10 10:40:00+02:00,12.9,12.9,12.1,10.1,83.0,18.1,83.0,204.4,1.0,0.6,1.6,1.6,0.6,1.6,6.6,159.4,4.4,10.4,109.0,997.6,997.6,2.7,5.2
2024-06-10 10:45:00+02:00,12.7,12.7,11.2,9.8,82.0,18.1,83.0,172.1,1.0,1.2,1.7,1.7,0.7,1.7,6.7,159.5,7.8,19.8,122.0,997.5,997.5,2.7,5.2
2024-06-10 10:50:00+02:00,12.5,12.5,11.0,9.6,83.0,18.2,83.0,145.7,1.0,1.2,1.8,1.8,0.7,1.8,6.8,159.6,7.6,13.0,113.0,997.5,997.5,2.7,5.2
2024-06-10 10:55:00+02:00,12.4,12.4,10.6,9.7,84.0,18.2,83.0,134.9,1.0,1.2,1.8,1.8,0.7,1.8,6.8,159.6,8.9,14.8,132.0,997.5,997.5,2.7,5.2
2024-06-10 11:00:00+02:00,12.2,12.2,10.1,9.4,83.0,18.2,82.0,109.5,1.0,0.6,1.9,1.9,0.7,1.9,6.9,159.7,10.1,18.0,121.0,997.6,997.6,2.7,5.2
2024-06-10 11:05:00+02:00,12.1,12.1,10.8,9.7,85.0,18.3,82.0,123.0,1.0,1.2,2.0,2.0,0.8,2.0,7.0,159.8,6.0,11.5,121.0,997.5,997.5,2.7,5.2
2024-06-10 11:10:00+02:00,12.2,12.2,11.4,10.1,87.0,18.3,82.0,130.8,1.0,1.2,2.0,2.0,0.7,2.0,7.0,159.8,4.5,8.6,118.0,997.5,997.5,2.7,5.2
2024-06-10 11:15:00+02:00,12.1,12.1,10.5,9.8,86.0,18.3,82.0,129.4,1.0,1.2,2.2,2.2,0.9,2.2,7.2,160.0,8.0,15.8,116.0,997.4,997.4,2.7,5.2
2024-06-10 11:20:00+02:00,12.0,12.0,10.6,9.7,86.0,18.3,82.0,148.1,1.0,1.2,2.2,2.2,0.8,2.2,7.2,160.0,7.2,15.5,118.0,997.3,997.3,2.7,5.2
2024-06-10 11:25:00+02:00,12.0,12.0,10.5,9.8,87.0,18.3,82.0,180.0,1.0,1.2,2.3,2.3,0.9,2.3,7.3,160.1,7.9,15.8,106.0,997.4,997.4,2.7,5.2
2024-06-10 11:30:00+02:00,12.0,12.0,10.0,9.7,86.0,18.4,81.0,172.7,1.0,1.2,2.4,2.4,0.9,2.4,7.4,160.2,10.2,20.2,119.0,997.4,997.4,2.7,5.2
2024-06-10 11:35:00+02:00,11.9,11.9,10.1,9.6,86.0,18.3,81.0,104.7,0.0,1.2,2.5,2.5,1.0,2.5,7.5,160.3,8.7,20.2,115.0,997.3,997.3,2.7,5.2
2024-06-10 11:40:00+02:00,11.8,11.8,10.0,9.7,87.0,18.4,81.0,143.9,1.0,1.2,2.6,2.6,1.0,2.6,7.6,160.4,8.9,15.8,117.0,997.3,997.3,2.7,5.2
2024-06-10 11:45:00+02:00,11.7,11.7,9.2,9.7,87.0,18.3,81.0,120.4,1.0,1.2,2.7,2.7,1.0,2.7,7.7,160.5,12.5,17.3,123.0,997.2,997.2,2.7,5.2
2024-06-10 11:50:00+02:00,11.7,11.7,9.7,9.4,86.0,18.3,81.0,147.0,1.0,1.2,2.7,2.7,0.9,2.7,7.7,160.5,9.6,18.7,118.0,997.1,997.1,2.7,5.2
2024-06-10 11:55:00+02:00,11.7,11.7,10.1,9.8,88.0,18.3,81.0,161.1,1.0,0.6,2.8,2.8,1.0,2.8,7.8,160.6,8.5,13.3,122.0,997.2,997.2,2.7,5.2
2024-06-10 12:00:00+02:00,11.8,11.8,10.2,9.8,88.0,18.3,81.0,169.0,1.0,1.2,2.9,2.9,1.0,2.9,7.9,160.7,8.3,16.2,119.0,997.1,997.1,2.7,5.2
2024-06-10 12:05:00+02:00,11.8,11.8,10.2,9.9,88.0,18.3,81.0,162.3,1.0,1.8,3.1,3.1,1.1,3.1,8.1,160.9,8.4,18.0,121.0,997.0,997.0,2.7,5.2
2024-06-10 12:10:00+02:00,12.0,12.0,11.0,10.2,89.0,18.3,80.0,166.9,1.0,1.8,3.2,3.2,1.1,3.2,8.2,161.0,5.5,10.4,121.0,996.9,996.9,2.7,5.2
2024-06-10 12:15:00+02:00,12.0,12.0,10.7,10.3,89.0,18.2,81.0,168.8,1.0,1.8,3.3,3.3,1.1,3.3,8.3,161.1,7.5,14.0,122.0,996.9,996.9,2.7,5.2
2024-06-10 12:20:00+02:00,12.2,12.2,11.2,10.5,90.0,18.2,80.0,168.3,1.0,1.2,3.4,3.4,1.2,3.4,8.4,161.2,6.0,11.9,128.0,996.9,996.9,2.7,5.2
2024-06-10 12:25:00+02:00,12.1,12.1,10.4,10.3,89.0,18.3,81.0,170.0,1.0,1.2,3.5,3.5,1.2,3.5,8.5,161.3,9.7,18.0,123.0,996.8,996.8,2.7,5.2
2024-06-10 12:30:00+02:00,12.2,12.2,10.6,10.3,88.0,18.3,81.0,168.1,1.0,1.2,3.6,3.6,1.2,3.6,8.6,161.4,8.7,18.0,128.0,996.8,996.8,2.7,5.2
2024-06-10 12:35:00+02:00,12.2,12.2,9.5,10.1,87.0,18.3,81.0,169.9,1.0,1.2,3.7,3.7,1.2,3.7,8.7,161.5,13.8,20.5,117.0,996.7,996.7,2.7,5.2
2024-06-10 12:40:00+02:00,12.2,12.2,10.1,10.2,88.0,18.3,80.0,224.5,2.0,1.8,3.9,3.9,1.3,3.9,8.9,161.7,11.0,19.8,124.0,996.7,996.7,2.7,5.2
2024-06-10 12:45:00+02:00,12.3,12.3,10.9,10.5,89.0,18.3,81.0,219.3,2.0,1.8,3.9,3.9,1.2,3.9,8.9,161.7,8.1,12.6,130.0,996.7,996.7,2.7,5.2
2024-06-10 12:50:00+02:00,12.3,12.3,10.4,10.5,89.0,18.3,81.0,198.0,1.0,1.2,4.0,4.0,1.3,4.0,9.0,161.8,11.0,19.8,125.0,996.7,996.7,2.7,5.2
2024-06-10 12:55:00+02:00,12.3,12.3,10.8,10.5,89.0,18.3,80.0,213.7,1.0,1.2,4.1,4.1,1.3,4.1,9.1,161.9,8.7,19.8,124.0,996.5,996.5,2.7,5.2
2024-06-10 13:00:00+02:00,12.4,12.4,11.1,10.7,90.0,18.3,81.0,234.9,2.0,0.6,4.1,4.1,1.1,4.1,9.1,161.9,8.1,19.8,106.0,996.6,996.6,2.7,5.2
2024-06-10 13:05:00+02:00,12.6,12.6,11.4,11.0,90.0,18.3,81.0,236.3,2.0,1.2,4.2,4.2,1.1,4.2,9.2,162.0,7.4,16.2,112.0,996.5,996.5,2.7,5.2
2024-06-10 13:10:00+02:00,12.8,12.8,11.4,11.1,90.0,18.3,81.0,234.4,2.0,0.6,4.3,4.3,1.1,4.3,9.3,162.1,9.0,12.2,133.0,996.4,996.4,2.7,5.2
2024-06-10 13:15:00+02:00,12.7,12.7,11.0,10.9,89.0,18.3,81.0,236.3,2.0,0.6,4.3,4.3,1.0,4.3,9.3,162.1,10.4,26.6,129.0,996.3,996.3,2.7,5.2
2024-06-10 13:20:00+02:00,12.6,12.6,10.0,10.6,87.0,18.3,81.0,239.7,2.0,0.6,4.3,4.3,0.9,4.3,9.3,162.1,14.7,24.1,116.0,996.4,996.4,2.7,5.2
2024-06-10 13:25:00+02:00,12.8,12.8,11.0,10.8,88.0,18.3,81.0,259.9,2.0,0.6,4.4,4.4,0.9,4.4,9.4,162.2,10.6,20.9,125.0,996.2,996.2,2.7,5.2
2024-06-10 13:30:00+02:00,12.8,12.8,11.2,10.9,88.0,18.3,81.0,221.9,2.0,0.6,4.4,4.4,0.8,4.4,9.4,162.2,10.3,15.1,134.0,996.1,996.1,2.7,5.2
2024-06-10 13:35:00+02:00,12.8,12.8,11.2,10.8,88.0,18.4,81.0,207.4,1.0,0.6,4.5,4.5,0.8,4.5,9.5,162.3,9.8,20.5,127.0,996.1,996.1,2.7,5.2
2024-06-10 13:40:00+02:00,12.7,12.7,9.9,10.7,88.0,18.4,81.0,152.8,1.0,1.2,4.6,4.6,0.7,4.6,9.6,162.4,15.7,27.0,129.0,996.0,996.0,2.7,5.2
2024-06-10 13:45:00+02:00,12.6,12.6,11.5,10.8,89.0,18.4,81.0,147.5,1.0,1.2,4.7,4.7,0.8,4.7,9.7,162.5,7.3,22.3,129.0,995.9,995.9,2.7,5.2
2024-06-10 13:50:00+02:00,12.5,12.5,10.4,10.6,88.0,18.5,81.0,166.1,1.0,1.2,4.8,4.8,0.8,4.8,9.8,162.6,12.2,24.1,132.0,996.0,996.0,2.7,5.2
2024-06-10 13:55:00+02:00,12.6,12.6,10.7,10.9,89.0,18.5,81.0,178.2,1.0,1.2,4.9,4.9,0.8,4.9,9.9,162.7,11.2,18.7,133.0,995.9,995.9,2.7,5.2
2024-06-10 14:00:00+02:00,12.6,12.6,11.2,11.0,90.0,18.4,81.0,168.0,1.0,1.2,5.0,5.0,0.8,5.0,10.0,162.8,9.1,14.0,130.0,995.8,995.8,2.7,5.2
2024-06-10 14:05:00+02:00,12.7,12.7,11.4,11.1,90.0,18.4,81.0,169.5,1.0,1.2,5.1,5.1,0.9,5.1,10.1,162.9,8.4,13.7,126.0,995.7,995.7,2.7,5.2
2024-06-10 14:10:00+02:00,12.7,12.7,11.1,11.0,90.0,18.4,81.0,151.6,1.0,1.2,5.1,5.1,0.8,5.1,10.1,162.9,9.6,17.3,122.0,995.6,995.6,2.7,5.2
2024-06-10 14:15:00+02:00,12.7,12.7,11.1,11.0,90.0,18.4,81.0,180.7,1.0,1.2,5.2,5.2,0.9,5.2,10.2,163.0,9.9,20.5,129.0,995.5,995.5,2.7,5.2
2024-06-10 14:20:00+02:00,12.7,12.7,11.3,11.1,90.0,18.4,81.0,171.0,1.0,1.2,5.3,5.3,1.0,5.3,10.3,163.1,9.1,20.5,130.0,995.5,995.5,2.7,5.2
2024-06-10 14:25:00+02:00,12.7,12.7,11.0,11.1,90.0,18.4,81.0,134.7,1.0,0.6,5.3,5.3,0.9,5.3,10.3,163.1,10.7,16.6,132.0,995.4,995.4,2.7,5.2
2024-06-10 14:30:00+02:00,12.7,12.7,10.3,10.8,88.0,18.4,81.0,149.0,1.0,0.6,5.3,5.3,0.9,5.3,10.3,163.1,13.6,25.9,132.0,995.3,995.3,2.7,5.2
2024-06-10 14:35:00+02:00,12.7,12.7,10.2,10.8,88.0,18.4,81.0,128.1,1.0,0.6,5.4,5.4,0.9,5.4,10.4,163.2,14.0,23.8,128.0,995.3,995.3,2.7,5.2
2024-06-10 14:40:00+02:00,12.7,12.7,10.7,10.8,88.0,18.4,81.0,160.5,1.0,0.6,5.4,5.4,0.8,5.4,10.4,163.2,11.7,23.4,123.0,995.3,995.3,2.7,5.2
2024-06-10 14:45:00+02:00,12.8,12.8,11.1,10.8,88.0,18.4,81.0,170.2,1.0,0.6,5.5,5.5,0.8,5.5,10.5,163.3,10.4,20.9,128.0,995.1,995.1,2.7,5.2
2024-06-10 14:50:00+02:00,13.0,13.0,10.8,10.9,87.0,18.4,81.0,189.7,1.0,0.6,5.5,5.5,0.7,5.5,10.5,163.3,12.4,24.8,123.0,995.1,995.1,2.7,5.2
2024-06-10 14:55:00+02:00,13.0,13.0,10.9,10.9,87.0,18.4,81.0,141.7,1.0,1.2,5.7,5.7,0.8,5.7,10.7,163.5,12.5,21.2,128.0,995.1,995.1,2.7,5.2
2024-06-10 15:00:00+02:00,13.0,13.0,11.4,11.1,88.0,18.4,81.0,159.1,1.0,1.8,5.8,5.8,0.8,5.8,10.8,163.6,9.7,18.4,123.0,994.9,994.9,2.7,5.2
2024-06-10 15:05:00+02:00,13.0,13.0,11.2,11.0,87.0,18.4,81.0,180.2,1.0,1.8,5.9,5.9,0.8,5.9,10.9,163.7,10.9,26.3,134.0,994.9,994.9,2.7,5.2
2024-06-10 15:10:00+02:00,13.1,13.1,10.4,11.0,87.0,18.5,81.0,198.6,1.0,1.2,5.9,5.9,0.7,5.9,10.9,163.7,15.6,26.6,119.0,995.0,995.0,2.7,5.2
2024-06-10 15:15:00+02:00,13.1,13.1,11.1,10.9,86.0,18.4,81.0,131.6,1.0,1.2,6.0,6.0,0.8,6.0,11.0,163.8,11.9,23.4,125.0,994.8,994.8,2.7,5.2
2024-06-10 15:20:00+02:00,13.0,13.0,10.2,10.9,87.0,18.5,81.0,107.0,0.0,1.2,6.1,6.1,0.8,6.1,11.1,163.9,15.8,25.9,121.0,994.9,994.9,2.7,5.2
2024-06-10 15:25:00+02:00,12.8,12.8,10.7,10.8,88.0,18.5,81.0,168.6,1.0,1.2,6.2,6.2,0.9,6.2,11.2,164.0,12.7,21.2,128.0,994.8,994.8,2.7,5.2
2024-06-10 15:30:00+02:00,13.0,13.0,10.7,10.9,87.0,18.4,81.0,159.0,1.0,1.2,6.2,6.2,0.9,6.2,11.2,164.0,13.5,25.2,123.0,994.8,994.8,2.7,5.2
2024-06-10 15:35:00+02:00,13.0,13.0,11.1,11.0,88.0,18.5,81.0,150.8,1.0,0.6,6.2,6.2,0.8,6.2,11.2,164.0,11.3,23.0,131.0,994.5,994.5,2.7,5.2
2024-06-10 15:40:00+02:00,13.0,13.0,11.0,11.1,88.0,18.4,81.0,238.1,2.0,0.0,6.2,6.2,0.8,6.2,11.2,164.0,12.4,25.6,128.0,994.5,994.5,2.7,5.2
2024-06-10 15:45:00+02:00,13.2,13.2,10.6,11.2,88.0,18.4,81.0,240.4,2.0,0.0,6.2,6.2,0.7,6.2,11.2,164.0,15.2,30.6,128.0,994.6,994.6,2.7,5.2
2024-06-10 15:50:00+02:00,13.2,13.2,10.4,11.3,88.0,18.4,81.0,143.2,1.0,0.0,6.2,6.2,0.7,6.2,11.2,164.0,16.3,30.2,124.0,994.5,994.5,2.7,5.2
2024-06-10 15:55:00+02:00,13.1,13.1,11.2,11.3,89.0,18.5,81.0,144.6,1.0,0.6,6.3,6.3,0.6,6.3,11.3,164.1,12.2,25.6,125.0,994.5,994.5,2.7,5.2
2024-06-10 16:00:00+02:00,13.0,13.0,10.7,11.4,90.0,18.4,81.0,130.2,1.0,0.6,6.3,6.3,0.5,6.3,11.3,164.1,14.0,25.2,125.0,994.6,994.6,2.7,5.2
2024-06-10 16:05:00+02:00,12.8,12.8,11.6,11.4,92.0,18.4,81.0,95.7,0.0,2.4,6.6,6.6,0.7,6.6,11.6,164.4,8.1,20.9,119.0,994.5,994.5,2.7,5.2
2024-06-10 16:10:00+02:00,12.7,12.7,12.9,11.6,93.0,18.4,81.0,33.0,0.0,3.0,6.8,6.8,0.8,6.8,11.8,164.6,2.0,13.3,158.0,994.4,994.4,2.7,5.2
2024-06-10 16:15:00+02:00,12.6,12.6,12.3,11.6,94.0,18.4,81.0,66.8,0.0,5.4,7.5,7.5,1.5,7.5,12.5,165.3,4.5,10.4,124.0,994.5,994.5,2.7,5.2
2024-06-10 16:20:00+02:00,12.4,12.4,10.9,11.4,94.0,18.4,81.0,75.1,0.0,6.6,7.9,7.9,1.8,7.9,12.9,165.7,9.8,22.7,118.0,994.5,994.5,2.7,5.2
2024-06-10 16:25:00+02:00,12.2,12.2,9.8,11.1,93.0,18.3,81.0,44.1,0.0,6.0,8.3,8.3,2.1,8.3,13.3,166.1,14.4,22.3,114.0,994.4,994.4,2.7,5.2
2024-06-10 16:30:00+02:00,12.2,12.2,11.2,11.0,93.0,18.3,81.0,61.4,0.0,4.2,8.7,8.7,2.5,8.7,13.7,166.5,6.8,18.7,136.0,994.4,994.4,2.7,5.2
2024-06-10 16:35:00+02:00,12.1,12.1,11.3,11.1,94.0,18.3,80.0,222.0,2.0,4.8,9.0,9.0,2.8,9.0,14.0,166.8,5.4,14.8,101.0,994.4,994.4,2.7,5.1
2024-06-10 16:40:00+02:00,12.5,12.5,11.5,11.5,94.0,18.2,81.0,699.2,6.0,3.6,9.0,9.0,2.8,9.0,14.0,166.8,8.0,14.8,132.0,994.4,994.4,2.7,5.1
2024-06-10 16:45:00+02:00,13.3,13.3,12.8,12.3,94.0,18.2,82.0,469.6,4.0,1.8,9.0,9.0,2.8,9.0,14.0,166.8,6.2,18.7,122.0,994.2,994.2,2.7,5.2
2024-06-10 16:50:00+02:00,13.3,13.3,12.6,12.1,93.0,18.2,82.0,207.2,1.0,0.0,9.0,9.0,2.8,9.0,14.0,166.8,6.8,16.9,120.0,994.2,994.2,2.7,5.2
2024-06-10 16:55:00+02:00,13.3,13.3,12.9,12.0,92.0,18.2,82.0,187.4,1.0,0.0,9.0,9.0,2.7,9.0,14.0,166.8,5.3,14.0,137.0,994.2,994.2,2.7,5.2
2024-06-10 17:00:00+02:00,13.3,13.3,13.4,12.1,92.0,18.2,82.0,158.0,1.0,0.6,9.1,9.1,2.7,9.1,14.1,166.9,3.0,10.8,118.0,994.1,994.1,2.7,5.2
2024-06-10 17:05:00+02:00,13.5,13.5,13.1,12.1,91.0,18.2,82.0,400.8,3.0,0.6,9.1,9.1,2.3,9.1,14.1,166.9,5.3,15.1,121.0,994.2,994.2,2.7,5.2
2024-06-10 17:10:00+02:00,13.6,13.6,12.4,11.8,89.0,18.2,82.0,185.4,1.0,0.0,9.1,9.1,2.2,9.1,14.1,166.9,8.9,18.0,113.0,994.2,994.2,2.7,5.2
2024-06-10 17:15:00+02:00,13.4,13.4,12.3,11.6,89.0,18.2,82.0,254.8,2.0,0.0,9.1,9.1,1.5,9.1,14.1,166.9,8.1,20.2,110.0,994.1,994.1,2.7,5.2
2024-06-10 17:20:00+02:00,13.8,13.8,13.3,11.8,88.0,18.3,82.0,537.2,4.0,0.0,9.1,9.1,1.1,9.1,14.1,166.9,5.5,20.2,137.0,994.2,994.2,2.7,5.2
2024-06-10 17:25:00+02:00,14.4,14.4,12.6,11.9,85.0,18.3,83.0,541.2,5.0,0.0,9.1,9.1,0.8,9.1,14.1,166.9,12.4,20.5,135.0,994.1,994.1,2.7,5.2
2024-06-10 17:30:00+02:00,14.3,14.3,12.6,11.5,83.0,18.4,83.0,425.6,3.0,0.0,9.1,9.1,0.4,9.1,14.1,166.9,11.1,23.4,124.0,994.0,994.0,2.7,5.2
2024-06-10 17:35:00+02:00,14.6,14.6,13.7,11.7,83.0,18.5,83.0,373.7,3.0,0.0,9.1,9.1,0.1,9.1,14.1,166.9,7.6,22.7,129.0,993.8,993.8,2.7,5.2
2024-06-10 17:40:00+02:00,14.8,14.8,14.5,11.8,82.0,18.6,83.0,370.0,3.0,0.0,9.1,9.1,0.1,9.1,14.1,166.9,4.7,19.8,149.0,993.8,993.8,2.7,5.2
2024-06-10 17:45:00+02:00,14.9,14.9,13.5,11.5,80.0,18.7,83.0,412.8,3.0,0.0,9.1,9.1,0.1,9.1,14.1,166.9,9.6,20.2,140.0,993.7,993.7,2.7,5.2
2024-06-10 17:50:00+02:00,14.4,14.4,13.0,11.1,81.0,18.7,83.0,257.5,2.0,0.0,9.1,9.1,0.1,9.1,14.1,166.9,9.1,20.2,123.0,993.7,993.7,2.7,5.2
2024-06-10 17:55:00+02:00,14.2,14.2,12.8,10.8,80.0,18.7,83.0,396.1,3.0,0.0,9.1,9.1,0.1,9.1,14.1,166.9,8.5,21.2,131.0,993.8,993.8,2.7,5.2
2024-06-10 18:00:00+02:00,14.4,14.4,12.5,10.4,77.0,18.8,83.0,266.7,2.0,0.0,9.1,9.1,0.0,9.1,14.1,166.9,10.4,33.8,127.0,993.5,993.5,2.7,5.2
2024-06-10 18:05:00+02:00,14.2,14.2,12.4,9.8,75.0,18.8,82.0,352.6,3.0,0.0,9.1,9.1,0.0,9.1,14.1,166.9,8.9,26.6,109.0,993.6,993.6,2.7,5.2
2024-06-10 18:10:00+02:00,14.1,14.1,12.5,9.9,76.0,18.8,82.0,160.1,1.0,0.0,9.1,9.1,0.0,9.1,14.1,166.9,8.1,20.2,128.0,993.7,993.7,2.7,5.2
2024-06-10 18:15:00+02:00,13.9,13.9,13.1,9.6,75.0,18.8,82.0,89.4,0.0,0.0,9.1,9.1,0.0,9.1,14.1,166.9,4.2,16.6,140.0,993.7,993.7,2.7,5.2
2024-06-10 18:20:00+02:00,14.0,14.0,12.0,9.4,74.0,18.8,82.0,128.7,1.0,0.0,9.1,9.1,0.0,9.1,14.1,166.9,9.6,27.4,129.0,993.7,993.7,2.7,5.2
2024-06-10 18:25:00+02:00,14.0,14.0,12.1,8.9,72.0,18.8,82.0,117.3,1.0,0.0,9.1,9.1,0.0,9.1,14.1,166.9,8.6,19.8,138.0,993.7,993.7,2.7,5.2
2024-06-10 18:30:00+02:00,13.9,13.9,12.4,8.6,71.0,18.8,82.0,88.3,0.0,0.0,9.1,9.1,0.0,9.1,14.1,166.9,5.9,16.6,140.0,993.8,993.8,2.7,5.2
2024-06-10 18:35:00+02:00,13.7,13.7,11.7,8.5,71.0,18.8,82.0,108.0,1.0,0.0,9.1,9.1,0.0,9.1,14.1,166.9,8.1,16.6,146.0,993.9,993.9,2.7,5.2
2024-06-10 18:40:00+02:00,13.5,13.5,11.2,7.9,69.0,18.8,82.0,76.0,0.0,0.0,9.1,9.1,0.0,9.1,14.1,166.9,9.4,28.1,163.0,993.9,993.9,2.7,5.2
2024-06-10 18:45:00+02:00,13.3,13.3,11.1,7.7,69.0,18.9,82.0,65.0,0.0,0.0,9.1,9.1,0.0,9.1,14.1,166.9,8.8,20.5,121.0,994.0,994.0,2.7,5.2
2024-06-10 18:50:00+02:00,13.1,13.1,10.0,7.5,69.0,18.8,82.0,44.8,0.0,0.0,9.1,9.1,0.0,9.1,14.1,166.9,12.9,19.4,101.0,994.0,994.0,2.7,5.2
2024-06-10 18:55:00+02:00,12.8,12.8,9.8,7.5,70.0,18.8,82.0,40.8,0.0,0.0,9.1,9.1,0.0,9.1,14.1,166.9,12.6,24.5,129.0,994.1,994.1,2.7,5.2
2024-06-10 19:00:00+02:00,12.6,12.6,8.9,7.7,72.0,18.8,82.0,52.2,0.0,0.0,9.1,9.1,0.0,9.1,14.1,166.9,15.7,31.3,130.0,994.2,994.2,2.7,5.2
2024-06-10 19:05:00+02:00,12.3,12.3,9.7,7.7,74.0,18.8,81.0,51.1,0.0,0.0,9.1,9.1,0.0,9.1,14.1,166.9,11.0,28.4,113.0,994.3,994.3,2.7,5.2
2024-06-10 19:10:00+02:00,12.2,12.2,9.5,7.7,74.0,18.7,81.0,45.4,0.0,0.0,9.1,9.1,0.0,9.1,14.1,166.9,11.1,28.8,113.0,994.3,994.3,2.7,5.2
2024-06-10 19:15:00+02:00,12.2,12.2,10.0,7.9,75.0,18.7,81.0,38.4,0.0,0.0,9.1,9.1,0.0,9.1,14.1,166.9,8.8,18.7,142.0,994.2,994.2,2.7,5.2
2024-06-10 19:20:00+02:00,12.0,12.0,10.0,7.9,76.0,18.7,81.0,23.2,0.0,0.0,9.1,9.1,0.0,9.1,14.1,166.9,7.6,21.2,126.0,994.3,994.3,2.7,5.2
2024-06-10 19:25:00+02:00,11.8,11.8,8.4,7.9,77.0,18.7,81.0,41.2,0.0,0.0,9.1,9.1,0.0,9.1,14.1,166.9,15.5,28.4,127.0,994.4,994.4,2.7,5.2
2024-06-10 19:30:00+02:00,11.7,11.7,8.9,8.1,79.0,18.6,81.0,21.7,0.0,0.0,9.1,9.1,0.0,9.1,14.1,166.9,12.2,36.0,124.0,994.4,994.4,2.7,5.2
2024-06-10 19:35:00+02:00,11.5,11.5,9.3,8.3,81.0,18.5,81.0,24.6,0.0,0.0,9.1,9.1,0.0,9.1,14.1,166.9,9.2,36.0,137.0,994.5,994.5,2.7,5.2
2024-06-10 19:40:00+02:00,11.2,11.2,8.6,8.4,83.0,18.5,81.0,24.9,0.0,0.0,9.1,9.1,0.0,9.1,14.1,166.9,11.2,24.5,124.0,994.5,994.5,2.7,5.2
2024-06-10 19:45:00+02:00,11.1,11.1,9.2,8.5,84.0,18.5,81.0,58.2,0.0,0.0,9.1,9.1,0.0,9.1,14.1,166.9,8.2,18.7,107.0,994.7,994.7,2.7,5.2
2024-06-10 19:50:00+02:00,11.1,11.1,9.0,8.6,85.0,18.4,81.0,57.1,0.0,0.0,9.1,9.1,0.0,9.1,14.1,166.9,9.4,25.9,123.0,994.7,994.7,2.7,5.2
2024-06-10 19:55:00+02:00,11.1,11.1,9.1,8.5,84.0,18.4,80.0,29.1,0.0,0.0,9.1,9.1,0.0,9.1,14.1,166.9,8.6,25.9,130.0,994.7,994.7,2.7,5.2
2024-06-10 20:00:00+02:00,11.1,11.1,8.8,8.6,85.0,18.3,81.0,18.8,0.0,0.0,9.1,9.1,0.0,9.1,14.1,166.9,9.9,20.2,124.0,994.7,994.7,2.7,5.2
2024-06-10 20:05:00+02:00,11.1,11.1,8.9,8.7,86.0,18.3,80.0,9.9,0.0,0.0,9.1,9.1,0.0,9.1,14.1,166.9,9.5,17.3,118.0,994.8,994.8,2.7,5.2
2024-06-10 20:10:00+02:00,10.9,10.9,8.7,8.8,87.0,18.2,80.0,8.1,0.0,0.0,9.1,9.1,0.0,9.1,14.1,166.9,9.9,20.9,119.0,994.8,994.8,2.7,5.2
2024-06-10 20:15:00+02:00,10.9,10.9,9.9,9.0,88.0,18.1,80.0,8.1,0.0,0.0,9.1,9.1,0.0,9.1,14.1,166.9,3.8,15.8,166.0,995.1,995.1,2.7,5.2
2024-06-10 20:20:00+02:00,10.8,10.8,9.3,9.1,89.0,18.0,80.0,16.4,0.0,0.6,9.2,9.2,0.1,9.2,14.2,167.0,6.6,20.9,109.0,995.1,995.1,2.7,5.2
2024-06-10 20:25:00+02:00,10.7,10.7,9.1,8.9,89.0,17.9,80.0,14.2,0.0,0.6,9.2,9.2,0.1,9.2,14.2,167.0,6.6,33.5,293.0,995.5,995.5,2.7,5.2
2024-06-10 20:30:00+02:00,10.5,10.5,8.7,8.6,88.0,17.9,80.0,20.5,0.0,0.0,9.2,9.2,0.1,9.2,14.2,167.0,7.4,20.2,70.0,995.5,995.5,2.7,5.2
2024-06-10 20:35:00+02:00,10.3,10.3,8.7,8.1,86.0,17.9,80.0,9.7,0.0,0.0,9.2,9.2,0.1,9.2,14.2,167.0,6.2,16.6,214.0,995.7,995.7,2.7,5.1
2024-06-10 20:40:00+02:00,10.2,10.2,7.9,7.9,85.0,17.8,80.0,9.4,0.0,0.0,9.2,9.2,0.1,9.2,14.2,167.0,9.4,24.8,141.0,996.0,996.0,2.7,5.1
2024-06-10 20:45:00+02:00,10.1,10.1,8.6,7.7,85.0,17.7,80.0,11.5,0.0,0.0,9.2,9.2,0.1,9.2,14.2,167.0,4.7,16.6,212.0,996.1,996.1,2.7,5.1
2024-06-10 20:50:00+02:00,10.1,9.8,8.4,7.5,84.0,17.7,80.0,6.4,0.0,0.0,9.2,9.2,0.1,9.2,14.2,167.0,5.3,19.4,225.0,996.2,996.2,2.7,5.1
2024-06-10 20:55:00+02:00,9.9,9.4,8.2,7.5,85.0,17.6,80.0,4.6,0.0,0.0,9.2,9.2,0.1,9.2,14.2,167.0,5.8,21.2,148.0,996.3,996.3,2.7,5.1
2024-06-10 21:00:00+02:00,9.7,8.9,7.8,7.6,87.0,17.5,80.0,4.3,0.0,0.0,9.2,9.2,0.1,9.2,14.2,167.0,6.6,19.1,198.0,996.5,996.5,2.7,5.1
2024-06-10 21:05:00+02:00,9.5,8.6,7.5,7.5,88.0,17.4,80.0,3.9,0.0,0.0,9.2,9.2,0.1,9.2,14.2,167.0,7.2,16.2,202.0,996.6,996.6,2.7,5.1
2024-06-10 21:10:00+02:00,9.5,8.7,7.5,7.5,87.0,17.3,80.0,4.0,0.0,0.0,9.2,9.2,0.1,9.2,14.2,167.0,7.1,29.2,123.0,996.6,996.6,2.7,5.1
2024-06-10 21:15:00+02:00,9.5,8.8,7.7,7.3,86.0,17.3,80.0,2.7,0.0,0.0,9.2,9.2,0.0,9.2,14.2,167.0,6.3,19.4,210.0,996.9,996.9,2.7,5.1
2024-06-10 21:20:00+02:00,9.6,8.8,7.6,7.5,87.0,17.2,80.0,2.1,0.0,0.0,9.2,9.2,0.0,9.2,14.2,167.0,7.0,26.3,197.0,997.1,997.1,2.7,5.1
2024-06-10 21:25:00+02:00,9.5,9.0,7.8,7.5,88.0,17.2,80.0,1.7,0.0,0.0,9.2,9.2,0.0,9.2,14.2,167.0,5.8,14.0,206.0,997.1,997.1,2.7,5.1
2024-06-10 21:30:00+02:00,9.5,8.9,7.7,7.4,87.0,17.1,80.0,1.4,0.0,0.0,9.2,9.2,0.0,9.2,14.2,167.0,5.9,16.2,153.0,997.2,997.2,2.7,5.1
2024-06-10 21:35:00+02:00,9.5,9.0,7.8,7.3,86.0,17.0,80.0,1.2,0.0,0.0,9.2,9.2,0.0,9.2,14.2,167.0,5.7,23.8,169.0,997.4,997.4,2.7,5.1
2024-06-10 21:40:00+02:00,9.6,9.3,8.0,7.2,85.0,16.9,80.0,1.1,0.0,0.0,9.2,9.2,0.0,9.2,14.2,167.0,4.8,20.9,153.0,997.5,997.5,2.7,5.1
2024-06-10 21:45:00+02:00,9.7,9.2,7.8,7.1,84.0,16.9,80.0,0.5,0.0,0.0,9.2,9.2,0.0,9.2,14.2,167.0,5.9,19.1,136.0,997.6,997.6,2.7,5.1
2024-06-10 21:50:00+02:00,9.7,9.0,7.8,7.2,84.0,16.8,80.0,0.3,0.0,0.0,9.2,9.2,0.0,9.2,14.2,167.0,6.6,14.4,103.0,997.8,997.8,2.7,5.1
2024-06-10 21:55:00+02:00,9.6,9.6,8.3,7.2,85.0,16.8,80.0,0.2,0.0,0.0,9.2,9.2,0.0,9.2,14.2,167.0,3.2,18.7,200.0,998.0,998.0,2.7,5.1
2024-06-10 22:00:00+02:00,9.6,9.2,7.9,7.3,86.0,16.7,80.0,0.1,0.0,0.0,9.2,9.2,0.0,9.2,14.2,167.0,5.4,17.6,115.0,998.1,998.1,2.7,5.1
2024-06-10 22:05:00+02:00,9.5,9.0,7.8,7.3,86.0,16.6,80.0,0.0,0.0,0.0,9.2,9.2,0.0,9.2,14.2,167.0,5.5,11.9,95.0,998.4,998.4,2.7,5.1
2024-06-10 22:10:00+02:00,9.5,9.2,7.8,7.3,86.0,16.5,80.0,0.0,0.0,0.0,9.2,9.2,0.0,9.2,14.2,167.0,5.2,14.4,183.0,998.6,998.6,2.7,5.1
2024-06-10 22:15:00+02:00,9.5,8.7,7.6,7.4,87.0,16.5,80.0,0.0,0.0,0.0,9.2,9.2,0.0,9.2,14.2,167.0,6.7,14.4,265.0,998.6,998.6,2.7,5.0
2024-06-10 22:20:00+02:00,9.5,9.0,7.8,7.4,87.0,16.4,80.0,0.0,0.0,0.0,9.2,9.2,0.0,9.2,14.2,167.0,5.2,15.1,223.0,998.8,998.8,2.7,5.0
2024-06-10 22:25:00+02:00,9.4,9.3,8.0,7.5,88.0,16.4,81.0,0.0,0.0,0.0,9.2,9.2,0.0,9.2,14.2,167.0,4.0,13.7,169.0,998.9,998.9,2.7,5.0
2024-06-10 22:30:00+02:00,9.3,8.9,7.8,7.4,88.0,16.3,81.0,0.0,0.0,0.0,9.2,9.2,0.0,9.2,14.2,167.0,4.8,13.7,251.0,999.0,999.0,2.7,5.0
2024-06-10 22:35:00+02:00,9.3,8.6,7.5,7.4,88.0,16.3,81.0,0.0,0.0,0.0,9.2,9.2,0.0,9.2,14.2,167.0,6.1,25.2,309.0,999.0,999.0,2.7,5.0
2024-06-10 22:40:00+02:00,9.3,8.8,7.6,7.2,87.0,16.2,81.0,0.0,0.0,0.0,9.2,9.2,0.0,9.2,14.2,167.0,5.3,17.3,236.0,999.2,999.2,2.7,5.0
2024-06-10 22:45:00+02:00,9.4,8.9,7.7,7.1,86.0,16.2,81.0,0.0,0.0,0.0,9.2,9.2,0.0,9.2,14.2,167.0,5.3,14.0,252.0,999.3,999.3,2.7,5.0
2024-06-10 22:50:00+02:00,9.4,8.8,7.6,7.1,85.0,16.2,81.0,0.0,0.0,0.0,9.2,9.2,0.0,9.2,14.2,167.0,5.6,16.2,218.0,999.5,999.5,2.7,5.0
2024-06-10 22:55:00+02:00,9.5,8.9,7.7,7.1,85.0,16.1,81.0,0.0,0.0,0.0,9.2,9.2,0.0,9.2,14.2,167.0,5.7,15.1,134.0,999.6,999.6,2.7,5.0
2024-06-10 23:00:00+02:00,9.5,9.5,8.2,7.1,85.0,16.1,81.0,0.0,0.0,0.0,9.2,9.2,0.0,9.2,14.2,167.0,3.4,13.3,281.0,999.6,999.6,2.7,5.0
2024-06-10 23:05:00+02:00,9.5,8.7,7.4,7.1,85.0,16.1,81.0,0.0,0.0,0.0,9.2,9.2,0.0,9.2,14.2,167.0,7.1,20.9,279.0,999.9,999.9,2.7,4.9
2024-06-10 23:10:00+02:00,9.6,9.6,8.4,7.2,85.0,16.0,81.0,0.0,0.0,0.0,9.2,9.2,0.0,9.2,14.2,167.0,2.8,20.9,141.0,999.9,999.9,2.7,4.9
2024-06-10 23:15:00+02:00,9.5,9.5,8.1,7.1,85.0,16.0,81.0,0.0,0.0,0.0,9.2,9.2,0.0,9.2,14.2,167.0,3.7,17.3,303.0,1000.0,1000.0,2.7,4.9
2024-06-10 23:20:00+02:00,9.5,9.5,8.4,7.2,85.0,15.9,81.0,0.0,0.0,0.0,9.2,9.2,0.0,9.2,14.2,167.0,2.2,9.0,61.0,1000.0,1000.0,2.7,4.9
2024-06-10 23:25:00+02:00,9.5,9.4,8.2,7.2,85.0,15.9,81.0,0.0,0.0,0.0,9.2,9.2,0.0,9.2,14.2,167.0,3.4,10.4,155.0,1000.1,1000.1,2.7,4.9
2024-06-10 23:30:00+02:00,9.5,9.0,7.8,7.1,85.0,15.8,81.0,0.0,0.0,0.0,9.2,9.2,0.0,9.2,14.2,167.0,5.4,13.7,214.0,1000.2,1000.2,2.7,4.9
2024-06-10 23:35:00+02:00,9.5,9.5,8.4,7.1,85.0,15.8,81.0,0.0,0.0,0.0,9.2,9.2,0.0,9.2,14.2,167.0,2.0,14.0,14.0,1000.2,1000.2,2.7,4.9
2024-06-10 23:40:00+02:00,9.5,9.5,8.3,7.1,85.0,15.8,81.0,0.0,0.0,0.0,9.2,9.2,0.0,9.2,14.2,167.0,2.8,6.8,146.0,1000.3,1000.3,2.7,4.9
2024-06-10 23:45:00+02:00,9.5,9.4,8.0,7.1,85.0,15.7,81.0,0.0,0.0,0.0,9.2,9.2,0.0,9.2,14.2,167.0,4.1,10.4,168.0,1000.5,1000.5,2.7,4.9
2024-06-10 23:50:00+02:00,9.5,9.4,8.1,7.2,85.0,15.7,81.0,0.0,0.0,0.0,9.2,9.2,0.0,9.2,14.2,167.0,3.7,9.4,136.0,1000.6,1000.6,2.7,4.9
2024-06-10 23:55:00+02:00,9.5,9.1,8.0,7.1,85.0,15.7,81.0,0.0,0.0,0.0,9.2,9.2,0.0,9.2,14.2,167.0,4.3,16.9,14.0,1000.6,1000.6,2.7,4.9
2024-06-11 00:00:00+02:00,9.6,9.6,8.3,7.2,85.0,15.6,81.0,0.0,0.0,0.0,0.0,9.2,0.0,9.2,14.2,167.0,3.0,9.7,225.0,1000.6,1000.6,2.7,4.9
2024-06-11 00:05:00+02:00,9.6,9.0,7.8,7.2,85.0,15.6,81.0,0.0,0.0,0.0,0.0,9.2,0.0,9.2,14.2,167.0,6.1,15.5,171.0,1000.8,1000.8,2.7,4.9
2024-06-11 00:10:00+02:00,9.6,9.5,8.4,7.2,85.0,15.6,81.0,0.0,0.0,0.0,0.0,9.2,0.0,9.2,14.2,167.0,3.0,13.0,100.0,1000.9,1000.9,2.7,4.9
2024-06-11 00:15:00+02:00,9.5,9.3,8.1,7.1,85.0,15.5,81.0,0.0,0.0,0.0,0.0,9.2,0.0,9.2,14.2,167.0,3.8,9.0,50.0,1000.8,1000.8,2.7,4.9
2024-06-11 00:20:00+02:00,9.6,9.6,8.3,7.1,85.0,15.5,81.0,0.0,0.0,0.0,0.0,9.2,0.0,9.2,14.2,167.0,3.3,10.8,92.0,1001.0,1001.0,2.7,4.9
2024-06-11 00:25:00+02:00,9.6,9.4,8.3,7.1,84.0,15.5,81.0,0.0,0.0,0.0,0.0,9.2,0.0,9.2,14.2,167.0,3.3,9.0,169.0,1001.0,1001.0,2.7,4.9
2024-06-11 00:30:00+02:00,9.6,9.5,8.3,7.1,84.0,15.4,81.0,0.0,0.0,0.0,0.0,9.2,0.0,9.2,14.2,167.0,3.4,7.9,202.0,1001.0,1001.0,2.7,4.9
2024-06-11 00:35:00+02:00,9.6,9.2,8.0,7.1,84.0,15.4,81.0,0.0,0.0,0.0,0.0,9.2,0.0,9.2,14.2,167.0,4.8,14.0,127.0,1001.0,1001.0,2.7,4.9
2024-06-11 00:40:00+02:00,9.6,9.5,8.3,7.1,84.0,15.4,81.0,0.0,0.0,0.0,0.0,9.2,0.0,9.2,14.2,167.0,3.0,12.6,161.0,1001.1,1001.1,2.7,4.9
2024-06-11 00:45:00+02:00,9.7,9.6,8.4,7.1,84.0,15.4,81.0,0.0,0.0,0.0,0.0,9.2,0.0,9.2,14.2,167.0,3.2,9.7,109.0,1001.2,1001.2,2.7,4.9
2024-06-11 00:50:00+02:00,9.7,9.5,8.3,7.3,85.0,15.3,81.0,0.0,0.0,0.0,0.0,9.2,0.0,9.2,14.2,167.0,3.6,6.8,95.0,1001.1,1001.1,2.7,4.9
2024-06-11 00:55:00+02:00,9.7,9.7,8.4,7.2,84.0,15.4,81.0,0.0,0.0,0.0,0.0,9.2,0.0,9.2,14.2,167.0,3.2,7.6,189.0,1001.2,1001.2,2.7,4.8
2024-06-11 01:00:00+02:00,9.7,9.3,8.0,7.2,84.0,15.4,81.0,0.0,0.0,0.0,0.0,9.2,0.0,9.2,14.2,167.0,5.3,15.8,91.0,1001.2,1001.2,2.7,4.8
2024-06-11 01:05:00+02:00,9.7,9.5,8.3,7.3,85.0,15.4,81.0,0.0,0.0,0.0,0.0,9.2,0.0,9.2,14.2,167.0,3.7,11.5,141.0,1001.3,1001.3,2.7,4.8
2024-06-11 01:10:00+02:00,9.6,9.5,8.2,7.2,85.0,15.4,81.0,0.0,0.0,0.0,0.0,9.2,0.0,9.2,14.2,167.0,4.0,10.1,130.0,1001.3,1001.3,2.7,4.8
2024-06-11 01:15:00+02:00,9.6,8.9,7.6,7.2,85.0,15.3,81.0,0.0,0.0,0.0,0.0,9.2,0.0,9.2,14.2,167.0,7.0,14.8,162.0,1001.3,1001.3,2.7,4.8
2024-06-11 01:20:00+02:00,9.6,9.4,8.2,7.3,85.0,15.3,81.0,0.0,0.0,0.0,0.0,9.2,0.0,9.2,14.2,167.0,3.8,8.6,268.0,1001.6,1001.6,2.7,4.8
2024-06-11 01:25:00+02:00,9.6,9.1,7.8,7.3,86.0,15.3,81.0,0.0,0.0,0.0,0.0,9.2,0.0,9.2,14.2,167.0,5.8,10.4,120.0,1001.4,1001.4,2.7,4.8
2024-06-11 01:30:00+02:00,9.6,9.6,8.4,7.4,86.0,15.3,81.0,0.0,0.0,0.0,0.0,9.2,0.0,9.2,14.2,167.0,2.7,10.4,134.0,1001.6,1001.6,2.7,4.8
2024-06-11 01:35:00+02:00,9.6,9.5,8.2,7.4,86.0,15.3,81.0,0.0,0.0,0.0,0.0,9.2,0.0,9.2,14.2,167.0,4.0,10.8,332.0,1001.6,1001.6,2.7,4.8
2024-06-11 01:40:00+02:00,9.6,9.6,8.4,7.4,86.0,15.3,81.0,0.0,0.0,0.0,0.0,9.2,0.0,9.2,14.2,167.0,3.2,5.8,148.0,1001.7,1001.7,2.7,4.8
2024-06-11 01:45:00+02:00,9.6,9.5,8.2,7.3,86.0,15.2,81.0,0.0,0.0,0.0,0.0,9.2,0.0,9.2,14.2,167.0,3.7,7.6,159.0,1001.8,1001.8,2.7,4.8
2024-06-11 01:50:00+02:00,9.5,9.5,8.3,7.3,86.0,15.1,81.0,0.0,0.0,0.0,0.0,9.2,0.0,9.2,14.2,167.0,3.2,7.9,226.0,1001.8,1001.8,2.7,4.8
2024-06-11 01:55:00+02:00,9.4,9.2,8.1,7.4,87.0,15.1,81.0,0.0,0.0,0.0,0.0,9.2,0.0,9.2,14.2,167.0,3.5,12.2,131.0,1001.9,1001.9,2.7,4.8
2024-06-11 02:00:00+02:00,9.5,9.5,8.2,7.4,87.0,15.1,81.0,0.0,0.0,0.0,0.0,9.2,0.0,9.2,14.2,167.0,3.2,9.0,117.0,1001.8,1001.8,2.7,4.8
2024-06-11 02:05:00+02:00,9.5,9.5,8.5,7.5,87.0,15.1,82.0,0.0,0.0,0.0,0.0,9.2,0.0,9.2,14.2,167.0,2.2,6.5,98.0,1001.9,1001.9,2.7,4.8
2024-06-11 02:10:00+02:00,9.5,9.5,8.3,7.4,87.0,15.1,82.0,0.0,0.0,0.0,0.0,9.2,0.0,9.2,14.2,167.0,3.0,7.9,158.0,1002.1,1002.1,2.7,4.8
2024-06-11 02:15:00+02:00,9.6,9.6,8.3,7.5,87.0,15.1,82.0,0.0,0.0,0.0,0.0,9.2,0.0,9.2,14.2,167.0,3.2,11.5,115.0,1002.1,1002.1,2.7,4.8
2024-06-11 02:20:00+02:00,9.6,9.5,8.5,7.6,87.0,15.0,82.0,0.0,0.0,0.0,0.0,9.2,0.0,9.2,14.2,167.0,2.9,10.8,108.0,1002.1,1002.1,2.7,4.8
2024-06-11 02:25:00+02:00,9.6,9.6,8.4,7.6,87.0,15.0,82.0,0.0,0.0,0.0,0.0,9.2,0.0,9.2,14.2,167.0,3.2,9.4,169.0,1002.1,1002.1,2.7,4.8
2024-06-11 02:30:00+02:00,9.6,9.6,8.5,7.6,87.0,15.0,82.0,0.0,0.0,0.0,0.0,9.2,0.0,9.2,14.2,167.0,2.8,6.1,112.0,1002.1,1002.1,2.7,4.8
2024-06-11 02:35:00+02:00,9.5,9.5,8.6,7.6,88.0,15.0,82.0,0.0,0.0,0.0,0.0,9.2,0.0,9.2,14.2,167.0,1.9,5.0,238.0,1002.0,1002.0,2.7,4.7
2024-06-11 02:40:00+02:00,9.5,9.2,8.3,7.6,88.0,15.0,82.0,0.0,0.0,1.2,0.2,9.4,0.2,9.4,14.4,167.2,3.2,9.4,169.0,1002.1,1002.1,2.7,4.7
2024-06-11 02:45:00+02:00,9.5,9.2,8.2,7.9,90.0,15.0,82.0,0.0,0.0,6.0,1.0,10.2,1.0,10.2,15.2,168.0,4.4,11.2,142.0,1002.3,1002.3,2.7,4.7
2024-06-11 02:50:00+02:00,9.3,8.9,7.9,7.9,91.0,15.0,82.0,0.0,0.0,6.6,1.1,10.3,1.1,10.3,15.3,168.1,4.7,16.2,125.0,1002.2,1002.2,2.7,4.7
2024-06-11 02:55:00+02:00,9.2,9.0,8.0,7.9,92.0,14.9,82.0,0.0,0.0,3.6,1.2,10.4,1.2,10.4,15.4,168.2,3.4,16.2,152.0,1002.3,1002.3,2.7,4.7
2024-06-11 03:00:00+02:00,9.2,8.8,8.0,8.0,92.0,14.9,82.0,0.0,0.0,1.2,1.3,10.5,1.3,10.5,15.5,168.3,3.7,15.8,298.0,1002.4,1002.4,2.7,4.7
2024-06-11 03:05:00+02:00,9.1,9.1,8.2,8.0,92.0,14.9,82.0,0.0,0.0,1.8,1.5,10.7,1.5,10.7,15.7,168.5,2.4,7.2,121.0,1002.4,1002.4,2.7,4.7
2024-06-11 03:10:00+02:00,9.1,9.1,8.3,8.1,93.0,14.8,82.0,0.0,0.0,1.2,1.5,10.7,1.5,10.7,15.7,168.5,1.9,9.7,117.0,1002.4,1002.4,2.7,4.7
2024-06-11 03:15:00+02:00,9.0,8.9,7.7,8.0,93.0,14.8,82.0,0.0,0.0,1.8,1.7,10.9,1.7,10.9,15.9,168.7,4.2,14.0,118.0,1002.4,1002.4,2.7,4.6
2024-06-11 03:20:00+02:00,9.0,9.0,8.0,8.1,94.0,14.8,81.0,0.0,0.0,1.8,1.8,11.0,1.8,11.0,16.0,168.8,3.0,8.3,135.0,1002.3,1002.3,2.7,4.6
2024-06-11 03:25:00+02:00,9.0,9.0,8.1,8.1,94.0,14.8,82.0,0.0,0.0,1.2,1.8,11.0,1.8,11.0,16.0,168.8,2.0,5.0,118.0,1002.4,1002.4,2.7,4.6
2024-06-11 03:30:00+02:00,8.9,8.9,8.0,8.0,94.0,14.7,82.0,0.0,0.0,0.0,1.8,11.0,1.8,11.0,16.0,168.8,2.4,6.1,125.0,1002.5,1002.5,2.7,4.6
2024-06-11 03:35:00+02:00,8.9,8.8,7.8,8.0,94.0,14.7,82.0,0.0,0.0,0.0,1.8,11.0,1.8,11.0,16.0,168.8,3.0,5.4,169.0,1002.5,1002.5,2.7,4.6
2024-06-11 03:40:00+02:00,9.0,9.0,8.2,8.1,94.0,14.7,82.0,0.0,0.0,0.0,1.8,11.0,1.5,11.0,16.0,168.8,1.8,5.8,100.0,1002.4,1002.4,2.7,4.6
2024-06-11 03:45:00+02:00,9.0,9.0,8.2,8.1,94.0,14.7,82.0,0.0,0.0,0.0,1.8,11.0,0.8,11.0,16.0,168.8,1.7,4.7,141.0,1002.5,1002.5,2.7,4.6
2024-06-11 03:50:00+02:00,9.0,9.0,8.1,8.1,95.0,14.7,82.0,0.0,0.0,0.0,1.8,11.0,0.7,11.0,16.0,168.8,2.1,4.3,103.0,1002.5,1002.5,2.7,4.6
2024-06-11 03:55:00+02:00,8.9,8.8,7.8,8.0,94.0,14.6,82.0,0.0,0.0,0.0,1.8,11.0,0.6,11.0,16.0,168.8,3.5,5.8,109.0,1002.5,1002.5,2.7,4.6
2024-06-11 04:00:00+02:00,8.8,8.8,7.7,8.0,95.0,14.6,82.0,0.0,0.0,0.0,1.8,11.0,0.5,11.0,16.0,168.8,3.5,6.1,118.0,1002.5,1002.5,2.7,4.6
2024-06-11 04:05:00+02:00,8.7,8.7,7.6,7.9,95.0,14.6,82.0,0.0,0.0,0.0,1.8,11.0,0.3,11.0,16.0,168.8,3.2,6.1,100.0,1002.4,1002.4,2.7,4.6
2024-06-11 04:10:00+02:00,8.6,8.6,7.5,7.8,95.0,14.6,82.0,0.0,0.0,0.0,1.8,11.0,0.3,11.0,16.0,168.8,2.6,4.7,121.0,1002.4,1002.4,2.7,4.6
2024-06-11 04:15:00+02:00,8.5,8.5,7.3,7.7,95.0,14.6,82.0,0.0,0.0,0.0,1.8,11.0,0.0,11.0,16.0,168.8,3.5,5.8,99.0,1002.5,1002.5,2.7,4.5
2024-06-11 04:20:00+02:00,8.5,8.5,7.3,7.7,95.0,14.5,81.0,0.0,0.0,0.0,1.8,11.0,0.0,11.0,16.0,168.8,3.2,7.9,113.0,1002.5,1002.5,2.7,4.5
2024-06-11 04:25:00+02:00,8.4,8.3,7.1,7.6,95.0,14.5,81.0,0.0,0.0,0.0,1.8,11.0,0.0,11.0,16.0,168.8,3.6,5.8,110.0,1002.4,1002.4,2.7,4.5
2024-06-11 04:30:00+02:00,8.3,8.2,7.0,7.6,95.0,14.5,81.0,0.0,0.0,0.0,1.8,11.0,0.0,11.0,16.0,168.8,4.0,9.7,127.0,1002.6,1002.6,2.7,4.5
2024-06-11 04:35:00+02:00,8.3,7.8,6.7,7.5,95.0,14.4,81.0,0.0,0.0,0.0,1.8,11.0,0.0,11.0,16.0,168.8,5.5,10.8,136.0,1002.6,1002.6,2.7,4.5
2024-06-11 04:40:00+02:00,8.3,8.2,7.0,7.5,95.0,14.4,81.0,0.1,0.0,0.0,1.8,11.0,0.0,11.0,16.0,168.8,3.5,7.2,91.0,1002.7,1002.7,2.7,4.5
2024-06-11 04:45:00+02:00,8.3,8.3,7.2,7.5,95.0,14.4,81.0,0.2,0.0,0.0,1.8,11.0,0.0,11.0,16.0,168.8,2.4,7.2,118.0,1002.7,1002.7,2.72,4.5
2024-06-11 04:50:00+02:00,8.3,7.7,6.6,7.5,95.0,14.3,81.0,0.3,0.0,0.0,1.8,11.0,0.0,11.0,16.0,168.8,5.5,8.6,123.0,1002.8,1002.8,2.72,4.5
2024-06-11 04:55:00+02:00,8.3,7.8,6.8,7.7,96.0,14.3,81.0,0.6,0.0,0.0,1.8,11.0,0.0,11.0,16.0,168.8,5.2,9.4,156.0,1002.7,1002.7,2.72,4.5
2024-06-11 05:00:00+02:00,8.3,8.3,7.0,7.6,95.0,14.3,81.0,0.9,0.0,0.0,1.8,11.0,0.0,11.0,16.0,168.8,4.0,6.8,82.0,1002.9,1002.9,2.72,4.5
2024-06-11 05:05:00+02:00,8.2,7.8,6.8,7.5,96.0,14.3,81.0,1.4,0.0,0.0,1.8,11.0,0.0,11.0,16.0,168.8,4.2,7.2,109.0,1003.0,1003.0,2.7,4.5
2024-06-11 05:10:00+02:00,8.0,8.0,6.8,7.4,96.0,14.2,81.0,2.1,0.0,0.0,1.8,11.0,0.0,11.0,16.0,168.8,3.1,5.4,112.0,1003.0,1003.0,2.7,4.5
2024-06-11 05:15:00+02:00,8.0,8.0,6.8,7.4,96.0,14.2,81.0,3.0,0.0,0.0,1.8,11.0,0.0,11.0,16.0,168.8,3.4,8.3,115.0,1003.0,1003.0,2.7,4.5
2024-06-11 05:20:00+02:00,8.0,7.7,6.5,7.4,96.0,14.1,81.0,3.9,0.0,0.0,1.8,11.0,0.0,11.0,16.0,168.8,4.7,10.1,132.0,1002.9,1002.9,2.7,4.5
2024-06-11 05:25:00+02:00,8.0,7.7,6.6,7.4,96.0,14.1,81.0,5.2,0.0,0.0,1.8,11.0,0.0,11.0,16.0,168.8,4.0,8.6,97.0,1003.1,1003.1,2.7,4.5
2024-06-11 05:30:00+02:00,8.0,8.0,6.7,7.4,96.0,14.1,81.0,7.0,0.0,0.0,1.8,11.0,0.0,11.0,16.0,168.8,3.3,8.6,88.0,1003.0,1003.0,2.7,4.5
2024-06-11 05:35:00+02:00,8.0,7.3,6.3,7.4,96.0,14.1,81.0,8.5,0.0,0.0,1.8,11.0,0.0,11.0,16.0,168.8,5.6,9.7,89.0,1003.1,1003.1,2.72,4.4
2024-06-11 05:40:00+02:00,8.0,7.5,6.3,7.4,96.0,14.0,81.0,10.9,0.0,0.0,1.8,11.0,0.0,11.0,16.0,168.8,5.6,13.7,51.0,1003.2,1003.2,2.72,4.4
2024-06-11 05:45:00+02:00,8.0,7.7,6.7,7.4,96.0,14.0,81.0,12.6,0.0,0.0,1.8,11.0,0.0,11.0,16.0,168.8,3.9,8.6,42.0,1003.1,1003.1,2.72,4.4
2024-06-11 05:50:00+02:00,8.0,8.0,6.6,7.4,96.0,14.0,81.0,14.4,0.0,0.0,1.8,11.0,0.0,11.0,16.0,168.8,4.1,7.2,64.0,1003.2,1003.2,2.72,4.4
2024-06-11 05:55:00+02:00,8.1,8.0,6.7,7.5,96.0,13.9,81.0,15.7,0.0,0.0,1.8,11.0,0.0,11.0,16.0,168.8,4.0,8.3,75.0,1003.2,1003.2,2.72,4.4
2024-06-11 06:00:00+02:00,8.1,8.1,6.9,7.5,96.0,13.9,81.0,16.9,0.0,0.0,1.8,11.0,0.0,11.0,16.0,168.8,3.2,7.6,28.0,1003.4,1003.4,2.72,4.4
2024-06-11 06:05:00+02:00,8.2,7.8,6.6,7.6,96.0,13.9,81.0,25.0,0.0,0.0,1.8,11.0,0.0,11.0,16.0,168.8,5.2,11.2,52.0,1003.3,1003.3,2.7,4.5
2024-06-11 06:10:00+02:00,8.3,7.8,6.7,7.6,96.0,13.8,81.0,28.5,0.0,0.0,1.8,11.0,0.0,11.0,16.0,168.8,5.3,10.4,64.0,1003.4,1003.4,2.7,4.5
2024-06-11 06:15:00+02:00,8.4,7.5,6.6,7.7,96.0,13.8,81.0,32.3,0.0,0.0,1.8,11.0,0.0,11.0,16.0,168.8,6.5,10.8,74.0,1003.3,1003.3,2.72,4.4
2024-06-11 06:20:00+02:00,8.6,8.6,7.4,7.8,95.0,13.8,81.0,33.6,0.0,0.0,1.8,11.0,0.0,11.0,16.0,168.8,3.5,9.0,72.0,1003.4,1003.4,2.72,4.4
2024-06-11 06:25:00+02:00,8.7,8.2,7.1,7.9,95.0,13.9,81.0,37.1,0.0,0.0,1.8,11.0,0.0,11.0,16.0,168.8,5.8,11.2,129.0,1003.5,1003.5,2.7,4.5
2024-06-11 06:30:00+02:00,8.8,8.8,7.8,8.0,95.0,13.8,82.0,39.3,0.0,0.0,1.8,11.0,0.0,11.0,16.0,168.8,3.2,9.0,114.0,1003.5,1003.5,2.7,4.5
2024-06-11 06:35:00+02:00,9.0,8.8,7.7,8.1,94.0,13.9,82.0,42.7,0.0,0.0,1.8,11.0,0.0,11.0,16.0,168.8,4.3,9.4,101.0,1003.6,1003.6,2.72,4.5
2024-06-11 06:40:00+02:00,9.2,9.1,8.3,8.4,94.0,13.9,82.0,48.4,0.0,0.0,1.8,11.0,0.0,11.0,16.0,168.8,2.9,7.9,134.0,1003.7,1003.7,2.72,4.5
2024-06-11 06:45:00+02:00,9.4,9.2,8.2,8.3,93.0,13.9,82.0,50.2,0.0,0.0,1.8,11.0,0.0,11.0,16.0,168.8,4.1,9.4,116.0,1003.6,1003.6,2.7,4.5
2024-06-11 06:50:00+02:00,9.6,9.6,8.5,8.3,92.0,14.1,83.0,54.7,0.0,0.0,1.8,11.0,0.0,11.0,16.0,168.8,3.6,8.6,125.0,1003.7,1003.7,2.7,4.5
2024-06-11 06:55:00+02:00,9.7,9.7,8.7,8.4,92.0,14.3,83.0,57.9,0.0,0.0,1.8,11.0,0.0,11.0,16.0,168.8,3.2,7.2,99.0,1003.9,1003.9,2.7,4.5
2024-06-11 07:00:00+02:00,9.9,9.9,8.9,8.5,91.0,14.5,83.0,54.1,0.0,0.0,1.8,11.0,0.0,11.0,16.0,168.8,3.6,7.6,92.0,1003.9,1003.9,2.7,4.5
2024-06-11 07:05:00+02:00,9.8,9.5,8.6,8.4,91.0,14.6,83.0,40.7,0.0,0.0,1.8,11.0,0.0,11.0,16.0,168.8,4.5,9.0,109.0,1003.9,1003.9,2.7,4.6
2024-06-11 07:10:00+02:00,9.8,9.8,9.0,8.4,91.0,14.7,83.0,40.9,0.0,0.0,1.8,11.0,0.0,11.0,16.0,168.8,2.5,6.1,124.0,1004.0,1004.0,2.7,4.6
2024-06-11 07:15:00+02:00,9.9,9.9,8.9,8.5,91.0,14.8,83.0,41.8,0.0,0.0,1.8,11.0,0.0,11.0,16.0,168.8,3.1,7.9,105.0,1003.9,1003.9,2.7,4.6
2024-06-11 07:20:00+02:00,9.9,9.4,8.5,8.5,91.0,14.9,83.0,42.5,0.0,0.0,1.8,11.0,0.0,11.0,16.0,168.8,5.4,10.1,118.0,1004.0,1004.0,2.7,4.6
2024-06-11 07:25:00+02:00,9.9,9.8,8.8,8.4,90.0,15.0,82.0,46.6,0.0,0.0,1.8,11.0,0.0,11.0,16.0,168.8,3.9,10.1,65.0,1004.1,1004.1,2.7,4.6
2024-06-11 07:30:00+02:00,10.1,10.1,9.4,8.5,89.0,15.0,82.0,60.3,0.0,0.0,1.8,11.0,0.0,11.0,16.0,168.8,2.1,5.4,68.0,1004.2,1004.2,2.7,4.6
2024-06-11 07:35:00+02:00,10.3,10.3,9.4,8.7,90.0,15.1,82.0,77.3,0.0,0.0,1.8,11.0,0.0,11.0,16.0,168.8,3.3,7.2,106.0,1004.2,1004.2,2.7,4.6
2024-06-11 07:40:00+02:00,10.3,10.3,9.2,8.6,89.0,15.1,82.0,88.1,0.0,0.0,1.8,11.0,0.0,11.0,16.0,168.8,4.5,11.5,95.0,1004.2,1004.2,2.7,4.6
2024-06-11 07:45:00+02:00,10.5,10.5,9.4,8.8,89.0,15.2,82.0,98.9,0.0,0.0,1.8,11.0,0.0,11.0,16.0,168.8,4.3,11.5,118.0,1004.2,1004.2,2.7,4.6
2024-06-11 07:50:00+02:00,10.7,10.7,9.8,8.9,89.0,15.2,82.0,123.8,1.0,0.0,1.8,11.0,0.0,11.0,16.0,168.8,3.0,7.9,135.0,1004.3,1004.3,2.7,4.6
2024-06-11 07:55:00+02:00,10.8,10.8,10.0,8.7,87.0,15.3,82.0,126.8,1.0,0.0,1.8,11.0,0.0,11.0,16.0,168.8,2.7,8.6,191.0,1004.3,1004.3,2.7,4.7
2024-06-11 08:00:00+02:00,11.0,11.0,10.2,8.8,86.0,15.3,82.0,122.7,1.0,0.0,1.8,11.0,0.0,11.0,16.0,168.8,2.7,10.1,139.0,1004.4,1004.4,2.7,4.7
2024-06-11 08:05:00+02:00,11.2,11.2,10.4,8.7,85.0,15.3,82.0,99.5,0.0,0.0,1.8,11.0,0.0,11.0,16.0,168.8,2.6,7.2,171.0,1004.4,1004.4,2.7,4.7
2024-06-11 08:10:00+02:00,11.1,11.1,10.2,8.7,85.0,15.4,83.0,79.4,0.0,0.0,1.8,11.0,0.0,11.0,16.0,168.8,3.4,7.9,126.0,1004.4,1004.4,2.7,4.7
2024-06-11 08:15:00+02:00,11.2,11.2,10.7,8.8,85.0,15.5,83.0,122.8,1.0,0.0,1.8,11.0,0.0,11.0,16.0,168.8,1.4,7.9,137.0,1004.5,1004.5,2.7,4.8
2024-06-11 08:20:00+02:00,11.3,11.3,10.2,8.7,84.0,15.5,83.0,129.8,1.0,0.0,1.8,11.0,0.0,11.0,16.0,168.8,4.5,11.5,108.0,1004.6,1004.6,2.7,4.8
2024-06-11 08:25:00+02:00,11.4,11.4,10.3,8.5,82.0,15.6,83.0,233.4,2.0,0.0,1.8,11.0,0.0,11.0,16.0,168.8,3.7,8.3,241.0,1004.5,1004.5,2.7,4.8
2024-06-11 08:30:00+02:00,11.8,11.8,10.6,8.5,80.0,15.6,84.0,227.9,2.0,0.0,1.8,11.0,0.0,11.0,16.0,168.8,4.4,7.9,222.0,1004.5,1004.5,2.7,4.8
2024-06-11 08:35:00+02:00,12.1,12.1,11.3,8.5,79.0,15.7,83.0,228.7,2.0,0.0,1.8,11.0,0.0,11.0,16.0,168.8,2.7,7.9,70.0,1004.6,1004.6,2.7,4.9
2024-06-11 08:40:00+02:00,12.4,12.4,11.5,8.6,78.0,15.8,83.0,192.9,1.0,0.0,1.8,11.0,0.0,11.0,16.0,168.8,3.0,8.6,142.0,1004.7,1004.7,2.7,4.9
2024-06-11 08:45:00+02:00,12.3,12.3,11.2,8.5,78.0,15.8,83.0,163.8,1.0,0.0,1.8,11.0,0.0,11.0,16.0,168.8,4.0,14.0,345.0,1004.7,1004.7,2.7,5.0
2024-06-11 08:50:00+02:00,12.4,12.4,11.6,8.4,77.0,15.9,83.0,164.5,1.0,0.0,1.8,11.0,0.0,11.0,16.0,168.8,2.7,14.0,291.0,1004.8,1004.8,2.7,5.0
2024-06-11 08:55:00+02:00,12.5,12.5,11.2,8.3,76.0,16.0,84.0,243.5,2.0,0.0,1.8,11.0,0.0,11.0,16.0,168.8,4.8,12.6,202.0,1004.9,1004.9,2.7,5.0
2024-06-11 09:00:00+02:00,12.7,12.7,11.9,8.5,75.0,16.1,83.0,344.1,3.0,0.0,1.8,11.0,0.0,11.0,16.0,168.8,2.2,7.9,156.0,1004.8,1004.8,2.7,5.0
2024-06-11 09:05:00+02:00,12.8,12.8,11.9,8.4,75.0,16.2,83.0,181.2,1.0,0.0,1.8,11.0,0.0,11.0,16.0,168.8,2.5,10.1,187.0,1004.8,1004.8,2.7,5.1
2024-06-11 09:10:00+02:00,12.8,12.8,11.5,8.4,75.0,16.3,83.0,440.2,4.0,0.0,1.8,11.0,0.0,11.0,16.0,168.8,4.8,11.9,161.0,1004.9,1004.9,2.7,5.1
2024-06-11 09:15:00+02:00,13.0,13.0,12.0,8.1,72.0,16.4,84.0,669.9,6.0,0.0,1.8,11.0,0.0,11.0,16.0,168.8,3.0,12.2,126.0,1005.0,1005.0,2.7,5.2
2024-06-11 09:20:00+02:00,13.6,13.6,12.2,8.2,70.0,16.6,84.0,719.9,6.0,0.0,1.8,11.0,0.0,11.0,16.0,168.8,4.8,20.5,96.0,1005.0,1005.0,2.7,5.2
2024-06-11 09:25:00+02:00,13.5,13.5,11.9,8.0,69.0,16.7,84.0,672.5,6.0,0.0,1.8,11.0,0.0,11.0,16.0,168.8,5.8,14.8,97.0,1005.0,1005.0,2.7,5.2
2024-06-11 09:30:00+02:00,13.8,13.8,12.4,8.2,69.0,16.9,84.0,655.2,6.0,0.0,1.8,11.0,0.0,11.0,16.0,168.8,5.0,19.8,186.0,1005.0,1005.0,2.7,5.2
2024-06-11 09:35:00+02:00,14.1,14.1,13.0,8.5,69.0,17.1,84.0,342.1,3.0,0.0,1.8,11.0,0.0,11.0,16.0,168.8,4.1,10.8,105.0,1005.0,1005.0,2.7,5.2
2024-06-11 09:40:00+02:00,13.8,13.8,12.3,8.0,68.0,17.3,84.0,433.9,4.0,0.0,1.8,11.0,0.0,11.0,16.0,168.8,5.2,7.2,167.0,1005.1,1005.1,2.7,5.2
2024-06-11 09:45:00+02:00,14.0,14.0,13.0,8.2,68.0,17.4,84.0,567.7,5.0,0.0,1.8,11.0,0.0,11.0,16.0,168.8,3.2,7.6,226.0,1005.1,1005.1,2.7,5.2
2024-06-11 09:50:00+02:00,14.5,14.5,13.3,8.2,66.0,17.6,84.0,629.3,5.0,0.0,1.8,11.0,0.0,11.0,16.0,168.8,3.9,11.5,117.0,1004.9,1004.9,2.7,5.2
2024-06-11 09:55:00+02:00,15.1,15.1,13.9,8.5,65.0,17.8,83.0,651.3,6.0,0.0,1.8,11.0,0.0,11.0,16.0,168.8,4.5,11.2,193.0,1005.0,1005.0,2.7,5.2
2024-06-11 10:00:00+02:00,14.5,14.5,13.3,7.9,65.0,18.1,83.0,162.6,1.0,0.0,1.8,11.0,0.0,11.0,16.0,168.8,3.7,8.6,185.0,1005.1,1005.1,2.7,5.2
2024-06-11 10:05:00+02:00,14.2,14.2,13.1,7.9,66.0,18.1,83.0,213.7,1.0,0.0,1.8,11.0,0.0,11.0,16.0,168.8,3.1,8.6,109.0,1005.0,1005.0,2.7,5.2
2024-06-11 10:10:00+02:00,14.2,14.2,12.9,7.9,66.0,18.2,83.0,233.2,2.0,0.0,1.8,11.0,0.0,11.0,16.0,168.8,4.0,10.1,197.0,1005.1,1005.1,2.7,5.2
2024-06-11 10:15:00+02:00,14.0,14.0,12.7,7.4,65.0,18.3,83.0,249.9,2.0,0.0,1.8,11.0,0.0,11.0,16.0,168.8,3.6,10.1,163.0,1005.1,1005.1,2.7,5.2
2024-06-11 10:20:00+02:00,14.0,14.0,12.7,7.3,64.0,18.4,83.0,669.7,6.0,0.0,1.8,11.0,0.0,11.0,16.0,168.8,3.5,8.3,138.0,1005.1,1005.1,2.7,5.2
2024-06-11 10:25:00+02:00,14.3,14.3,13.1,7.8,65.0,18.6,83.0,143.9,1.0,0.0,1.8,11.0,0.0,11.0,16.0,168.8,3.6,10.8,259.0,1005.0,1005.0,2.7,5.2
2024-06-11 10:30:00+02:00,14.0,14.0,12.6,7.5,65.0,18.6,83.0,111.9,1.0,0.0,1.8,11.0,0.0,11.0,16.0,168.8,4.0,8.6,267.0,1005.1,1005.1,2.7,5.2
2024-06-11 10:35:00+02:00,13.8,13.8,12.5,7.3,65.0,18.7,83.0,599.0,5.0,0.0,1.8,11.0,0.0,11.0,16.0,168.8,3.4,11.2,139.0,1005.2,1005.2,2.7,5.2
2024-06-11 10:40:00+02:00,14.5,14.5,13.1,7.5,63.0,18.8,82.0,661.3,6.0,0.0,1.8,11.0,0.0,11.0,16.0,168.8,4.5,12.6,166.0,1005.1,1005.1,2.7,5.2
2024-06-11 10:45:00+02:00,15.3,15.3,13.7,7.4,59.0,19.0,82.0,604.9,5.0,0.0,1.8,11.0,0.0,11.0,16.0,168.8,5.1,9.7,134.0,1005.1,1005.1,2.7,5.2
2024-06-11 10:50:00+02:00,14.7,14.7,13.1,7.1,60.0,19.2,82.0,164.0,1.0,0.0,1.8,11.0,0.0,11.0,16.0,168.8,4.6,14.8,191.0,1005.1,1005.1,2.7,5.2
2024-06-11 10:55:00+02:00,14.2,14.2,12.4,6.9,62.0,19.2,82.0,170.2,1.0,0.0,1.8,11.0,0.0,11.0,16.0,168.8,5.7,13.7,254.0,1005.2,1005.2,2.7,5.2
2024-06-11 11:00:00+02:00,14.1,14.1,13.0,6.9,62.0,19.3,82.0,174.7,1.0,0.0,1.8,11.0,0.0,11.0,16.0,168.8,1.8,17.6,205.0,1005.2,1005.2,2.7,5.2
2024-06-11 11:05:00+02:00,14.4,14.4,13.1,7.0,61.0,19.4,82.0,612.6,5.0,0.0,1.8,11.0,0.0,11.0,16.0,168.8,3.2,9.4,213.0,1005.2,1005.2,2.7,5.2
2024-06-11 11:10:00+02:00,15.3,15.3,14.0,7.1,58.0,19.5,82.0,665.4,6.0,0.0,1.8,11.0,0.0,11.0,16.0,168.8,3.3,9.4,139.0,1005.2,1005.2,2.7,5.2
2024-06-11 11:15:00+02:00,15.7,15.7,14.2,7.4,58.0,19.7,81.0,110.0,1.0,0.0,1.8,11.0,0.0,11.0,16.0,168.8,4.8,13.3,158.0,1005.2,1005.2,2.7,5.2
2024-06-11 11:20:00+02:00,14.9,14.9,13.4,7.2,60.0,19.8,81.0,105.0,0.0,0.0,1.8,11.0,0.0,11.0,16.0,168.8,4.2,10.4,244.0,1005.2,1005.2,2.7,5.2
2024-06-11 11:25:00+02:00,14.4,14.4,12.5,7.1,62.0,19.9,82.0,591.2,5.0,0.0,1.8,11.0,0.0,11.0,16.0,168.8,6.1,15.5,297.0,1005.2,1005.2,2.7,5.2
2024-06-11 11:30:00+02:00,14.9,14.9,13.4,6.7,58.0,20.0,81.0,626.2,5.0,0.0,1.8,11.0,0.0,11.0,16.0,168.8,3.5,15.5,251.0,1005.1,1005.1,2.7,5.2
2024-06-11 11:35:00+02:00,16.3,16.3,15.4,7.6,56.0,20.1,81.0,714.4,6.0,0.0,1.8,11.0,0.0,11.0,16.0,168.8,1.8,8.3,235.0,1005.1,1005.1,2.7,5.2
2024-06-11 11:40:00+02:00,16.8,16.8,15.5,7.4,54.0,20.3,81.0,168.8,1.0,0.0,1.8,11.0,0.0,11.0,16.0,168.8,3.3,11.9,223.0,1005.2,1005.2,2.7,5.2
2024-06-11 11:45:00+02:00,15.8,15.8,14.3,7.1,56.0,20.4,81.0,121.3,1.0,0.0,1.8,11.0,0.0,11.0,16.0,168.8,4.5,10.8,200.0,1005.2,1005.2,2.7,5.3
2024-06-11 11:50:00+02:00,15.2,15.2,13.7,6.8,57.0,20.6,81.0,147.6,1.0,0.0,1.8,11.0,0.0,11.0,16.0,168.8,3.7,10.1,239.0,1005.3,1005.3,2.7,5.3
2024-06-11 11:55:00+02:00,14.3,14.3,11.4,6.6,60.0,20.7,81.0,86.4,0.0,0.0,1.8,11.0,0.0,11.0,16.0,168.8,10.9,28.8,265.0,1005.3,1005.3,2.7,5.2
2024-06-11 12:00:00+02:00,12.9,12.9,10.3,5.9,63.0,20.7,81.0,63.9,0.0,0.0,1.8,11.0,0.0,11.0,16.0,168.8,8.4,32.0,261.0,1005.5,1005.5,2.7,5.2
2024-06-11 12:05:00+02:00,12.0,12.0,9.5,6.7,70.0,20.7,80.0,94.5,0.0,0.0,1.8,11.0,0.0,11.0,16.0,168.8,9.2,24.1,282.0,1005.7,1005.7,2.7,5.2
2024-06-11 12:10:00+02:00,11.4,11.4,9.1,7.3,76.0,20.7,80.0,157.6,1.0,0.0,1.8,11.0,0.0,11.0,16.0,168.8,8.7,18.0,274.0,1005.8,1005.8,2.7,5.2
2024-06-11 12:15:00+02:00,11.2,11.2,8.5,7.6,78.0,20.7,80.0,180.6,1.0,0.6,1.9,11.1,0.1,11.1,16.1,168.9,11.0,22.0,294.0,1005.8,1005.8,2.7,5.2
2024-06-11 12:20:00+02:00,11.1,11.1,9.2,8.0,81.0,20.6,80.0,168.2,1.0,1.2,2.0,11.2,0.2,11.2,16.2,169.0,7.6,17.6,280.0,1005.9,1005.9,2.7,5.2
2024-06-11 12:25:00+02:00,11.1,11.1,9.1,8.2,82.0,20.6,80.0,192.0,1.0,1.2,2.0,11.2,0.2,11.2,16.2,169.0,8.3,21.2,284.0,1005.9,1005.9,2.7,5.2
2024-06-11 12:30:00+02:00,10.9,10.9,9.0,7.9,82.0,20.5,79.0,162.1,1.0,1.2,2.1,11.3,0.3,11.3,16.3,169.1,7.2,24.5,295.0,1006.0,1006.0,2.7,5.2
2024-06-11 12:35:00+02:00,10.5,10.5,8.0,7.7,83.0,20.4,79.0,87.1,0.0,1.8,2.3,11.5,0.5,11.5,16.5,169.3,9.7,24.5,258.0,1006.1,1006.1,2.7,5.2
2024-06-11 12:40:00+02:00,10.3,10.3,9.7,7.8,84.0,20.4,79.0,74.8,0.0,1.2,2.3,11.5,0.5,11.5,16.5,169.3,0.9,11.5,3.0,1006.1,1006.1,2.7,5.2
2024-06-11 12:45:00+02:00,10.5,10.5,9.4,7.8,84.0,20.3,79.0,55.6,0.0,0.6,2.4,11.6,0.6,11.6,16.6,169.4,3.0,6.1,121.0,1006.1,1006.1,2.7,5.2
2024-06-11 12:50:00+02:00,10.4,10.4,9.1,7.7,84.0,20.3,79.0,97.6,0.0,0.6,2.4,11.6,0.6,11.6,16.6,169.4,4.0,13.0,291.0,1006.1,1006.1,2.7,5.2
2024-06-11 12:55:00+02:00,10.6,10.6,9.9,8.4,86.0,20.2,79.0,129.8,1.0,0.0,2.4,11.6,0.6,11.6,16.6,169.4,1.3,4.3,107.0,1005.9,1005.9,2.7,5.2
2024-06-11 13:00:00+02:00,10.7,10.7,10.2,8.3,85.0,20.2,79.0,196.4,1.0,0.6,2.5,11.7,0.7,11.7,16.7,169.5,0.6,4.7,76.0,1006.0,1006.0,2.7,5.2
2024-06-11 13:05:00+02:00,11.3,11.3,10.8,8.8,85.0,20.1,79.0,316.1,2.0,0.6,2.5,11.7,0.7,11.7,16.7,169.5,1.0,4.3,100.0,1005.9,1005.9,2.7,5.2
2024-06-11 13:10:00+02:00,11.8,11.8,10.6,9.0,83.0,20.0,79.0,737.4,6.0,0.6,2.5,11.7,0.7,11.7,16.7,169.5,4.9,7.9,105.0,1005.9,1005.9,2.7,5.2
2024-06-11 13:15:00+02:00,12.8,12.8,12.0,9.4,80.0,20.1,79.0,1016.9,9.0,0.0,2.5,11.7,0.6,11.7,16.7,169.5,3.1,8.6,117.0,1005.8,1005.8,2.7,5.2
2024-06-11 13:20:00+02:00,13.6,13.6,13.2,9.7,77.0,20.1,79.0,393.0,3.0,0.0,2.5,11.7,0.5,11.7,16.7,169.5,1.9,8.3,42.0,1005.9,1005.9,2.7,5.2
2024-06-11 13:25:00+02:00,13.9,13.9,13.4,9.7,75.0,20.1,79.0,344.0,3.0,0.0,2.5,11.7,0.4,11.7,16.7,169.5,2.4,8.3,25.0,1005.9,1005.9,2.7,5.2
2024-06-11 13:30:00+02:00,14.1,14.1,13.2,9.7,75.0,20.1,80.0,315.1,2.0,0.0,2.5,11.7,0.3,11.7,16.7,169.5,4.8,8.6,105.0,1005.7,1005.7,2.7,5.2
2024-06-11 13:35:00+02:00,14.1,14.1,13.6,9.5,74.0,20.2,80.0,222.2,2.0,0.0,2.5,11.7,0.2,11.7,16.7,169.5,2.0,9.0,250.0,1005.7,1005.7,2.7,5.2
2024-06-11 13:40:00+02:00,14.2,14.2,13.3,9.2,72.0,20.2,80.0,211.9,1.0,0.0,2.5,11.7,0.1,11.7,16.7,169.5,4.0,10.8,220.0,1005.8,1005.8,2.7,5.2
2024-06-11 13:45:00+02:00,14.2,14.2,13.3,8.3,68.0,20.2,80.0,495.5,4.0,0.0,2.5,11.7,0.1,11.7,16.7,169.5,2.5,10.8,241.0,1005.7,1005.7,2.7,5.2
2024-06-11 13:50:00+02:00,14.5,14.5,13.7,8.5,67.0,20.2,80.0,933.0,8.0,0.0,2.5,11.7,0.1,11.7,16.7,169.5,2.2,8.6,341.0,1005.8,1005.8,2.7,5.2
2024-06-11 13:55:00+02:00,15.7,15.7,14.5,8.4,62.0,20.3,80.0,852.6,7.0,0.0,2.5,11.7,0.1,11.7,16.7,169.5,4.2,6.8,173.0,1005.7,1005.7,2.7,5.2
2024-06-11 14:00:00+02:00,16.4,16.4,14.9,8.5,59.0,20.3,80.0,800.2,7.0,0.0,2.5,11.7,0.0,11.7,16.7,169.5,6.1,16.2,217.0,1005.7,1005.7,2.7,5.2
2024-06-11 14:05:00+02:00,16.9,16.9,16.1,8.8,59.0,20.5,80.0,815.6,7.0,0.0,2.5,11.7,0.0,11.7,16.7,169.5,2.7,16.2,269.0,1005.5,1005.5,2.7,5.2
2024-06-11 14:10:00+02:00,17.5,17.5,16.8,8.8,57.0,20.5,80.0,942.5,8.0,0.0,2.5,11.7,0.0,11.7,16.7,169.5,2.4,9.0,226.0,1005.5,1005.5,2.7,5.2
2024-06-11 14:15:00+02:00,16.9,16.9,15.7,8.7,59.0,20.7,80.0,478.2,4.0,0.0,2.5,11.7,0.0,11.7,16.7,169.5,4.5,16.2,295.0,1005.5,1005.5,2.7,5.3
2024-06-11 14:20:00+02:00,16.6,16.6,14.8,8.7,59.0,20.7,80.0,870.4,8.0,0.0,2.5,11.7,0.0,11.7,16.7,169.5,7.6,26.3,284.0,1005.5,1005.5,2.7,5.3
2024-06-11 14:25:00+02:00,16.8,16.8,15.2,7.6,55.0,20.8,80.0,826.7,7.0,0.0,2.5,11.7,0.0,11.7,16.7,169.5,5.2,13.0,268.0,1005.6,1005.6,2.7,5.3
2024-06-11 14:30:00+02:00,16.8,16.8,15.7,7.4,54.0,20.8,80.0,885.5,8.0,0.0,2.5,11.7,0.0,11.7,16.7,169.5,3.0,9.7,314.0,1005.7,1005.7,2.7,5.3
2024-06-11 14:35:00+02:00,17.2,17.2,15.7,7.3,52.0,20.9,80.0,761.2,7.0,0.0,2.5,11.7,0.0,11.7,16.7,169.5,4.9,9.7,237.0,1005.7,1005.7,2.7,5.3
2024-06-11 14:40:00+02:00,18.2,18.2,16.9,7.4,49.0,21.1,81.0,702.5,6.0,0.0,2.5,11.7,0.0,11.7,16.7,169.5,3.8,10.1,190.0,1005.8,1005.8,2.7,5.3
2024-06-11 14:45:00+02:00,18.3,18.3,16.1,6.6,46.0,21.2,81.0,716.4,6.0,0.0,2.5,11.7,0.0,11.7,16.7,169.5,7.2,13.3,194.0,1005.7,1005.7,2.7,5.3
2024-06-11 14:50:00+02:00,16.8,16.8,13.8,7.0,52.0,21.3,81.0,381.4,3.0,0.0,2.5,11.7,0.0,11.7,16.7,169.5,11.7,22.3,278.0,1005.8,1005.8,2.7,5.3
2024-06-11 14:55:00+02:00,15.9,15.9,13.6,6.8,55.0,21.3,81.0,311.2,2.0,0.0,2.5,11.7,0.0,11.7,16.7,169.5,8.0,24.8,257.0,1006.0,1006.0,2.7,5.3
2024-06-11 15:00:00+02:00,14.9,14.9,12.8,6.7,58.0,21.4,81.0,260.3,2.0,0.0,2.5,11.7,0.0,11.7,16.7,169.5,6.6,28.8,281.0,1006.1,1006.1,2.7,5.3
2024-06-11 15:05:00+02:00,14.7,14.7,12.8,6.6,58.0,21.4,81.0,269.6,2.0,0.0,2.5,11.7,0.0,11.7,16.7,169.5,5.4,18.4,258.0,1006.1,1006.1,2.7,5.3
2024-06-11 15:10:00+02:00,15.3,15.3,13.8,7.2,58.0,21.5,81.0,688.4,6.0,0.0,2.5,11.7,0.0,11.7,16.7,169.5,4.5,15.1,273.0,1006.0,1006.0,2.7,5.3
2024-06-11 15:15:00+02:00,16.5,16.5,14.9,7.3,54.0,21.5,81.0,685.4,6.0,0.0,2.5,11.7,0.0,11.7,16.7,169.5,5.0,11.9,241.0,1006.1,1006.1,2.7,5.3
2024-06-11 15:20:00+02:00,17.1,17.1,15.4,7.5,53.0,21.6,81.0,706.8,6.0,0.0,2.5,11.7,0.0,11.7,16.7,169.5,5.8,17.6,262.0,1006.0,1006.0,2.7,5.3
2024-06-11 15:25:00+02:00,17.3,17.3,16.1,7.0,51.0,21.7,81.0,246.2,2.0,0.0,2.5,11.7,0.0,11.7,16.7,169.5,2.7,13.3,233.0,1006.0,1006.0,2.7,5.3
2024-06-11 15:30:00+02:00,16.9,16.9,15.3,6.6,51.0,21.7,81.0,685.2,6.0,0.0,2.5,11.7,0.0,11.7,16.7,169.5,4.2,12.2,69.0,1005.9,1005.9,2.7,5.3
2024-06-11 15:35:00+02:00,17.6,17.6,16.1,6.7,49.0,21.8,81.0,694.3,6.0,0.0,2.5,11.7,0.0,11.7,16.7,169.5,3.7,15.8,279.0,1005.9,1005.9,2.7,5.3
2024-06-11 15:40:00+02:00,19.2,19.2,18.1,7.2,46.0,21.9,81.0,691.9,6.0,0.0,2.5,11.7,0.0,11.7,16.7,169.5,2.6,7.9,226.0,1005.9,1005.9,2.7,5.3
2024-06-11 15:45:00+02:00,19.6,19.6,18.0,7.1,44.0,22.0,82.0,641.8,5.0,0.0,2.5,11.7,0.0,11.7,16.7,169.5,4.6,9.7,143.0,1005.8,1005.8,2.7,5.3
2024-06-11 15:50:00+02:00,19.9,19.9,17.8,6.4,41.0,22.1,82.0,633.6,5.0,0.0,2.5,11.7,0.0,11.7,16.7,169.5,6.5,15.8,254.0,1005.9,1005.9,2.7,5.3
2024-06-11 15:55:00+02:00,19.2,19.2,17.2,5.7,41.0,22.2,82.0,628.6,5.0,0.0,2.5,11.7,0.0,11.7,16.7,169.5,5.4,15.8,261.0,1005.8,1005.8,2.7,5.3
2024-06-11 16:00:00+02:00,19.6,19.6,17.6,5.5,39.0,22.3,82.0,606.7,5.0,0.0,2.5,11.7,0.0,11.7,16.7,169.5,5.0,10.8,282.0,1005.8,1005.8,2.7,5.3
2024-06-11 16:05:00+02:00,19.6,19.6,17.1,5.7,40.0,22.5,82.0,574.9,5.0,0.0,2.5,11.7,0.0,11.7,16.7,169.5,7.6,12.2,169.0,1005.9,1005.9,2.7,5.3
2024-06-11 16:10:00+02:00,18.8,18.8,16.4,6.4,44.0,22.5,82.0,569.5,5.0,0.0,2.5,11.7,0.0,11.7,16.7,169.5,7.9,18.7,262.0,1005.9,1005.9,2.7,5.3
2024-06-11 16:15:00+02:00,18.3,18.3,15.8,6.1,45.0,22.6,82.0,580.4,5.0,0.0,2.5,11.7,0.0,11.7,16.7,169.5,8.1,18.7,297.0,1005.9,1005.9,2.7,5.3
2024-06-11 16:20:00+02:00,18.5,18.5,16.6,6.5,45.0,22.7,82.0,581.5,5.0,0.0,2.5,11.7,0.0,11.7,16.7,169.5,5.5,19.1,254.0,1005.8,1005.8,2.7,5.3
2024-06-11 16:25:00+02:00,18.1,18.1,15.9,6.4,46.0,22.8,82.0,134.2,1.0,0.0,2.5,11.7,0.0,11.7,16.7,169.5,6.8,10.8,274.0,1005.8,1005.8,2.7,5.3
2024-06-11 16:30:00+02:00,17.2,17.2,15.7,6.4,49.0,22.8,82.0,97.1,0.0,0.0,2.5,11.7,0.0,11.7,16.7,169.5,3.3,11.5,286.0,1005.7,1005.7,2.7,5.3
2024-06-11 16:35:00+02:00,16.5,16.5,13.8,6.9,53.0,22.8,82.0,558.7,5.0,0.0,2.5,11.7,0.0,11.7,16.7,169.5,10.5,19.8,304.0,1005.9,1005.9,2.7,5.3
2024-06-11 16:40:00+02:00,16.4,16.4,14.2,6.6,52.0,22.8,82.0,185.5,1.0,0.0,2.5,11.7,0.0,11.7,16.7,169.5,7.3,19.8,285.0,1005.9,1005.9,2.7,5.3
2024-06-11 16:45:00+02:00,17.1,17.1,15.2,6.2,49.0,22.8,82.0,560.1,5.0,0.0,2.5,11.7,0.0,11.7,16.7,169.5,5.3,13.3,308.0,1005.8,1005.8,2.7,5.3
2024-06-11 16:50:00+02:00,17.8,17.8,15.9,6.3,47.0,22.9,82.0,503.2,4.0,0.0,2.5,11.7,0.0,11.7,16.7,169.5,5.6,12.6,281.0,1005.8,1005.8,2.7,5.3
2024-06-11 16:55:00+02:00,18.1,18.1,16.4,5.8,45.0,22.9,82.0,482.0,4.0,0.0,2.5,11.7,0.0,11.7,16.7,169.5,3.5,12.6,161.0,1005.8,1005.8,2.7,5.3
2024-06-11 17:00:00+02:00,18.5,18.5,16.6,5.6,43.0,23.0,83.0,486.4,4.0,0.0,2.5,11.7,0.0,11.7,16.7,169.5,4.6,14.8,234.0,1005.8,1005.8,2.7,5.3
2024-06-11 17:05:00+02:00,18.3,18.3,16.6,5.5,43.0,23.0,83.0,450.2,4.0,0.0,2.5,11.7,0.0,11.7,16.7,169.5,3.9,9.4,184.0,1005.8,1005.8,2.7,5.3
2024-06-11 17:10:00+02:00,17.4,17.4,14.7,5.9,47.0,23.1,83.0,456.8,4.0,0.0,2.5,11.7,0.0,11.7,16.7,169.5,9.0,16.6,141.0,1005.6,1005.6,2.7,5.3
2024-06-11 17:15:00+02:00,17.8,17.8,15.9,5.5,44.0,23.1,83.0,469.6,4.0,0.0,2.5,11.7,0.0,11.7,16.7,169.5,4.2,18.0,123.0,1005.6,1005.6,2.7,5.3
2024-06-11 17:20:00+02:00,18.5,18.5,16.3,5.3,42.0,23.1,83.0,446.3,4.0,0.0,2.5,11.7,0.0,11.7,16.7,169.5,5.8,13.3,168.0,1005.7,1005.7,2.7,5.3
2024-06-11 17:25:00+02:00,18.6,18.6,16.9,5.1,41.0,23.2,83.0,273.6,2.0,0.0,2.5,11.7,0.0,11.7,16.7,169.5,2.8,15.1,154.0,1005.8,1005.8,2.7,5.3
2024-06-11 17:30:00+02:00,18.6,18.6,16.9,5.2,41.0,23.2,83.0,394.2,3.0,0.0,2.5,11.7,0.0,11.7,16.7,169.5,3.1,13.3,114.0,1005.8,1005.8,2.7,5.3
2024-06-11 17:35:00+02:00,18.5,18.5,16.9,5.3,42.0,23.3,83.0,408.4,3.0,0.0,2.5,11.7,0.0,11.7,16.7,169.5,2.7,13.3,210.0,1005.8,1005.8,2.7,5.3
2024-06-11 17:40:00+02:00,17.4,17.4,15.6,5.1,44.0,23.3,83.0,111.1,1.0,0.0,2.5,11.7,0.0,11.7,16.7,169.5,3.5,9.4,225.0,1005.8,1005.8,2.7,5.3
2024-06-11 17:45:00+02:00,17.2,17.2,15.3,5.3,45.0,23.3,83.0,105.0,0.0,0.0,2.5,11.7,0.0,11.7,16.7,169.5,4.5,13.3,261.0,1005.7,1005.7,2.7,5.3
2024-06-11 17:50:00+02:00,16.8,16.8,15.1,5.3,47.0,23.2,83.0,282.6,2.0,0.0,2.5,11.7,0.0,11.7,16.7,169.5,3.0,14.8,240.0,1005.8,1005.8,2.7,5.3
2024-06-11 17:55:00+02:00,17.3,17.3,15.3,5.5,46.0,23.2,83.0,391.3,3.0,0.0,2.5,11.7,0.0,11.7,16.7,169.5,4.8,14.4,268.0,1005.7,1005.7,2.7,5.3
2024-06-11 18:00:00+02:00,17.4,17.4,15.9,5.7,46.0,23.2,83.0,223.7,2.0,0.0,2.5,11.7,0.0,11.7,16.7,169.5,2.5,14.0,188.0,1005.8,1005.8,2.7,5.3
2024-06-11 18:05:00+02:00,17.3,17.3,15.2,5.3,45.0,23.2,83.0,351.8,3.0,0.0,2.5,11.7,0.0,11.7,16.7,169.5,5.4,11.9,310.0,1005.7,1005.7,2.7,5.3
2024-06-11 18:10:00+02:00,17.4,17.4,15.2,5.0,44.0,23.2,83.0,341.5,3.0,0.0,2.5,11.7,0.0,11.7,16.7,169.5,5.3,13.7,268.0,1005.7,1005.7,2.7,5.3
2024-06-11 18:15:00+02:00,17.1,17.1,15.0,5.3,46.0,23.1,83.0,124.9,1.0,0.0,2.5,11.7,0.0,11.7,16.7,169.5,5.5,16.2,255.0,1005.6,1005.6,2.7,5.3
2024-06-11 18:20:00+02:00,17.1,17.1,15.2,5.1,45.0,23.1,83.0,126.3,1.0,0.0,2.5,11.7,0.0,11.7,16.7,169.5,4.0,14.0,138.0,1005.6,1005.6,2.7,5.3
2024-06-11 18:25:00+02:00,17.4,17.4,15.7,5.2,45.0,23.1,83.0,123.7,1.0,0.0,2.5,11.7,0.0,11.7,16.7,169.5,3.6,16.6,85.0,1005.7,1005.7,2.7,5.3
2024-06-11 18:30:00+02:00,17.5,17.5,15.6,4.4,42.0,23.1,83.0,110.4,1.0,0.0,2.5,11.7,0.0,11.7,16.7,169.5,3.6,16.6,198.0,1005.5,1005.5,2.7,5.3
2024-06-11 18:35:00+02:00,17.3,17.3,15.7,4.3,42.0,23.1,83.0,87.7,0.0,0.0,2.5,11.7,0.0,11.7,16.7,169.5,2.0,10.1,153.0,1005.6,1005.6,2.7,5.2
2024-06-11 18:40:00+02:00,17.1,17.1,14.6,4.9,44.0,23.0,83.0,166.1,1.0,0.0,2.5,11.7,0.0,11.7,16.7,169.5,7.1,18.4,246.0,1005.8,1005.8,2.7,5.2
2024-06-11 18:45:00+02:00,16.9,16.9,14.6,4.9,45.0,23.0,83.0,143.3,1.0,0.0,2.5,11.7,0.0,11.7,16.7,169.5,5.7,16.6,268.0,1005.7,1005.7,2.7,5.2
2024-06-11 18:50:00+02:00,16.7,16.7,15.0,5.0,46.0,23.0,83.0,85.3,0.0,0.0,2.5,11.7,0.0,11.7,16.7,169.5,3.0,8.6,219.0,1005.7,1005.7,2.7,5.2
2024-06-11 18:55:00+02:00,16.6,16.6,14.9,5.0,46.0,23.0,83.0,93.5,0.0,0.0,2.5,11.7,0.0,11.7,16.7,169.5,3.2,6.5,153.0,1005.7,1005.7,2.7,5.2
2024-06-11 19:00:00+02:00,16.6,16.6,14.7,4.7,45.0,22.9,83.0,111.3,1.0,0.0,2.5,11.7,0.0,11.7,16.7,169.5,3.7,11.9,227.0,1005.6,1005.6,2.7,5.2
2024-06-11 19:05:00+02:00,16.5,16.5,14.3,4.9,46.0,22.9,83.0,95.4,0.0,0.0,2.5,11.7,0.0,11.7,16.7,169.5,5.2,13.7,130.0,1005.7,1005.7,2.7,5.2
2024-06-11 19:10:00+02:00,16.3,16.3,14.1,4.9,47.0,22.8,83.0,82.4,0.0,0.0,2.5,11.7,0.0,11.7,16.7,169.5,5.1,10.8,260.0,1005.8,1005.8,2.7,5.2
2024-06-11 19:15:00+02:00,16.1,16.1,14.4,5.1,48.0,22.8,83.0,63.5,0.0,0.0,2.5,11.7,0.0,11.7,16.7,169.5,3.0,9.0,48.0,1005.8,1005.8,2.7,5.2
2024-06-11 19:20:00+02:00,16.0,16.0,14.6,5.3,49.0,22.8,83.0,53.8,0.0,0.0,2.5,11.7,0.0,11.7,16.7,169.5,1.9,8.3,159.0,1005.8,1005.8,2.7,5.2
2024-06-11 19:25:00+02:00,15.8,15.8,14.1,5.4,50.0,22.7,83.0,47.3,0.0,0.0,2.5,11.7,0.0,11.7,16.7,169.5,3.6,7.9,143.0,1005.8,1005.8,2.7,5.2
2024-06-11 19:30:00+02:00,15.7,15.7,14.2,5.2,50.0,22.7,83.0,38.5,0.0,0.0,2.5,11.7,0.0,11.7,16.7,169.5,1.9,7.9,130.0,1005.9,1005.9,2.7,5.2
2024-06-11 19:35:00+02:00,15.6,15.6,14.0,5.6,52.0,22.6,83.0,25.2,0.0,0.0,2.5,11.7,0.0,11.7,16.7,169.5,2.5,14.4,161.0,1005.9,1005.9,2.7,5.2
2024-06-11 19:40:00+02:00,15.2,15.2,13.6,6.4,55.0,22.6,83.0,38.0,0.0,0.0,2.5,11.7,0.0,11.7,16.7,169.5,4.0,9.4,356.0,1006.1,1006.1,2.7,5.2
2024-06-11 19:45:00+02:00,14.7,14.7,12.7,7.5,62.0,22.5,82.0,62.1,0.0,0.0,2.5,11.7,0.0,11.7,16.7,169.5,7.4,20.5,280.0,1006.0,1006.0,2.7,5.2
2024-06-11 19:50:00+02:00,14.5,14.5,12.7,8.0,65.0,22.5,82.0,97.0,0.0,0.0,2.5,11.7,0.0,11.7,16.7,169.5,6.6,12.6,267.0,1006.0,1006.0,2.7,5.2
2024-06-11 19:55:00+02:00,14.7,14.7,13.6,8.1,65.0,22.4,82.0,100.2,0.0,0.0,2.5,11.7,0.0,11.7,16.7,169.5,3.2,9.4,190.0,1006.1,1006.1,2.7,5.2
2024-06-11 20:00:00+02:00,14.8,14.8,13.7,7.8,63.0,22.3,82.0,72.3,0.0,0.0,2.5,11.7,0.0,11.7,16.7,169.5,3.3,13.0,240.0,1006.2,1006.2,2.7,5.2
2024-06-11 20:05:00+02:00,14.7,14.7,13.2,7.5,62.0,22.3,82.0,52.7,0.0,0.0,2.5,11.7,0.0,11.7,16.7,169.5,4.8,12.2,256.0,1006.1,1006.1,2.7,5.2
2024-06-11 20:10:00+02:00,14.5,14.5,12.9,7.4,62.0,22.3,82.0,42.2,0.0,0.0,2.5,11.7,0.0,11.7,16.7,169.5,4.7,14.8,307.0,1006.3,1006.3,2.7,5.2
2024-06-11 20:15:00+02:00,14.3,14.3,12.7,7.0,61.0,22.2,82.0,35.5,0.0,0.0,2.5,11.7,0.0,11.7,16.7,169.5,4.8,10.1,291.0,1006.2,1006.2,2.7,5.2
2024-06-11 20:20:00+02:00,14.2,14.2,12.2,6.6,60.0,22.2,82.0,29.9,0.0,0.0,2.5,11.7,0.0,11.7,16.7,169.5,6.2,15.1,280.0,1006.2,1006.2,2.7,5.2
2024-06-11 20:25:00+02:00,14.0,14.0,12.6,6.7,61.0,22.1,82.0,32.0,0.0,0.0,2.5,11.7,0.0,11.7,16.7,169.5,3.4,15.1,233.0,1006.3,1006.3,2.7,5.2
2024-06-11 20:30:00+02:00,13.9,13.9,12.3,6.6,62.0,22.0,82.0,32.4,0.0,0.0,2.5,11.7,0.0,11.7,16.7,169.5,4.4,13.7,275.0,1006.4,1006.4,2.7,5.2
2024-06-11 20:35:00+02:00,13.8,13.8,12.0,6.6,62.0,22.0,82.0,29.4,0.0,0.0,2.5,11.7,0.0,11.7,16.7,169.5,5.1,10.8,260.0,1006.5,1006.5,2.7,5.2
2024-06-11 20:40:00+02:00,13.7,13.7,12.0,6.4,61.0,21.9,82.0,25.6,0.0,0.0,2.5,11.7,0.0,11.7,16.7,169.5,4.1,12.2,257.0,1006.5,1006.5,2.7,5.2
2024-06-11 20:45:00+02:00,13.5,13.5,12.5,6.5,62.0,21.8,82.0,22.3,0.0,0.0,2.5,11.7,0.0,11.7,16.7,169.5,1.4,7.2,242.0,1006.4,1006.4,2.7,5.2
2024-06-11 20:50:00+02:00,13.4,13.4,12.1,6.4,63.0,21.8,81.0,20.1,0.0,0.0,2.5,11.7,0.0,11.7,16.7,169.5,2.7,7.9,289.0,1006.5,1006.5,2.7,5.2
2024-06-11 20:55:00+02:00,13.3,13.3,11.8,6.3,62.0,21.7,81.0,17.9,0.0,0.0,2.5,11.7,0.0,11.7,16.7,169.5,3.3,11.2,260.0,1006.6,1006.6,2.7,5.2
2024-06-11 21:00:00+02:00,13.2,13.2,11.7,6.0,62.0,21.6,81.0,15.7,0.0,0.0,2.5,11.7,0.0,11.7,16.7,169.5,2.9,11.2,306.0,1006.6,1006.6,2.7,5.2
2024-06-11 21:05:00+02:00,13.0,13.0,11.5,6.2,63.0,21.5,81.0,13.9,0.0,0.0,2.5,11.7,0.0,11.7,16.7,169.5,3.5,6.5,88.0,1006.8,1006.8,2.7,5.2
2024-06-11 21:10:00+02:00,12.8,12.8,12.0,6.3,64.0,21.4,81.0,12.0,0.0,0.0,2.5,11.7,0.0,11.7,16.7,169.5,0.0,4.7,54.0,1006.8,1006.8,2.7,5.2
2024-06-11 21:15:00+02:00,12.7,12.7,11.4,6.4,65.0,21.3,81.0,10.2,0.0,0.0,2.5,11.7,0.0,11.7,16.7,169.5,1.9,7.9,225.0,1006.9,1006.9,2.7,5.2
2024-06-11 21:20:00+02:00,12.5,12.5,11.2,6.3,66.0,21.3,81.0,8.4,0.0,0.0,2.5,11.7,0.0,11.7,16.7,169.5,2.2,7.2,98.0,1006.8,1006.8,2.7,5.2
2024-06-11 21:25:00+02:00,12.4,12.4,10.9,6.3,66.0,21.2,81.0,6.9,0.0,0.0,2.5,11.7,0.0,11.7,16.7,169.5,3.3,6.8,103.0,1006.8,1006.8,2.7,5.2
2024-06-11 21:30:00+02:00,12.3,12.3,11.4,6.4,67.0,21.1,81.0,5.5,0.0,0.0,2.5,11.7,0.0,11.7,16.7,169.5,0.4,6.1,111.0,1007.0,1007.0,2.7,5.2
2024-06-11 21:35:00+02:00,12.1,12.1,11.2,6.4,68.0,21.0,81.0,4.3,0.0,0.0,2.5,11.7,0.0,11.7,16.7,169.5,0.5,3.6,120.0,1007.0,1007.0,2.7,5.2
2024-06-11 21:40:00+02:00,11.9,11.9,10.9,6.4,69.0,20.9,81.0,3.3,0.0,0.0,2.5,11.7,0.0,11.7,16.7,169.5,0.7,4.0,50.0,1007.0,1007.0,2.7,5.2
2024-06-11 21:45:00+02:00,11.7,11.7,10.5,6.4,70.0,20.8,81.0,2.4,0.0,0.0,2.5,11.7,0.0,11.7,16.7,169.5,2.2,4.0,120.0,1007.3,1007.3,2.7,5.2
2024-06-11 21:50:00+02:00,11.7,11.7,10.6,6.4,70.0,20.7,81.0,1.6,0.0,0.0,2.5,11.7,0.0,11.7,16.7,169.5,1.8,5.8,135.0,1007.3,1007.3,2.7,5.2
2024-06-11 21:55:00+02:00,11.7,11.7,10.6,6.3,69.0,20.6,81.0,1.0,0.0,0.0,2.5,11.7,0.0,11.7,16.7,169.5,1.1,3.6,356.0,1007.4,1007.4,2.7,5.2
2024-06-11 22:00:00+02:00,11.5,11.5,10.2,6.2,70.0,20.5,81.0,0.6,0.0,0.0,2.5,11.7,0.0,11.7,16.7,169.5,2.2,4.3,129.0,1007.4,1007.4,2.7,5.2
2024-06-11 22:05:00+02:00,11.4,11.4,10.1,6.0,70.0,20.5,81.0,0.3,0.0,0.0,2.5,11.7,0.0,11.7,16.7,169.5,2.3,6.8,93.0,1007.5,1007.5,2.7,5.1
2024-06-11 22:10:00+02:00,11.4,11.4,10.4,6.3,71.0,20.4,81.0,0.2,0.0,0.0,2.5,11.7,0.0,11.7,16.7,169.5,1.1,4.0,134.0,1007.6,1007.6,2.7,5.1
2024-06-11 22:15:00+02:00,11.3,11.3,9.9,6.2,71.0,20.3,81.0,0.1,0.0,0.0,2.5,11.7,0.0,11.7,16.7,169.5,2.6,5.0,104.0,1007.7,1007.7,2.7,5.1
2024-06-11 22:20:00+02:00,11.4,11.4,10.2,6.2,70.0,20.2,81.0,0.0,0.0,0.0,2.5,11.7,0.0,11.7,16.7,169.5,1.7,9.0,139.0,1007.8,1007.8,2.7,5.1
2024-06-11 22:25:00+02:00,11.5,11.5,10.2,6.3,70.0,20.1,81.0,0.0,0.0,0.0,2.5,11.7,0.0,11.7,16.7,169.5,2.2,9.0,333.0,1007.8,1007.8,2.7,5.1
2024-06-11 22:30:00+02:00,11.4,11.4,10.3,6.4,71.0,20.0,81.0,0.0,0.0,0.0,2.5,11.7,0.0,11.7,16.7,169.5,1.6,4.0,118.0,1007.8,1007.8,2.7,5.1
2024-06-11 22:35:00+02:00,11.4,11.4,10.4,6.4,71.0,20.0,81.0,0.0,0.0,0.0,2.5,11.7,0.0,11.7,16.7,169.5,0.7,5.4,296.0,1007.7,1007.7,2.7,5.1
2024-06-11 22:40:00+02:00,11.4,11.4,10.5,6.4,72.0,19.9,81.0,0.0,0.0,0.0,2.5,11.7,0.0,11.7,16.7,169.5,0.4,3.2,110.0,1007.9,1007.9,2.7,5.1
2024-06-11 22:45:00+02:00,11.4,11.4,10.1,6.4,72.0,19.9,80.0,0.0,0.0,0.0,2.5,11.7,0.0,11.7,16.7,169.5,2.4,6.5,85.0,1007.9,1007.9,2.7,5.1
2024-06-11 22:50:00+02:00,11.3,11.3,10.3,6.4,72.0,19.8,81.0,0.0,0.0,0.0,2.5,11.7,0.0,11.7,16.7,169.5,1.4,3.6,110.0,1008.0,1008.0,2.7,5.1
2024-06-11 22:55:00+02:00,11.3,11.3,10.3,6.6,73.0,19.8,81.0,0.0,0.0,0.0,2.5,11.7,0.0,11.7,16.7,169.5,1.3,4.3,111.0,1007.9,1007.9,2.7,5.1
2024-06-11 23:00:00+02:00,11.2,11.2,10.3,6.7,73.0,19.7,81.0,0.0,0.0,0.0,2.5,11.7,0.0,11.7,16.7,169.5,0.8,5.8,128.0,1007.9,1007.9,2.7,5.1
2024-06-11 23:05:00+02:00,11.2,11.2,10.2,6.7,74.0,19.6,81.0,0.0,0.0,0.0,2.5,11.7,0.0,11.7,16.7,169.5,0.9,5.8,173.0,1007.9,1007.9,2.7,5.1
2024-06-11 23:10:00+02:00,11.1,11.1,10.0,6.7,74.0,19.5,81.0,0.0,0.0,0.0,2.5,11.7,0.0,11.7,16.7,169.5,1.8,5.8,360.0,1008.1,1008.1,2.7,5.1
2024-06-11 23:15:00+02:00,11.1,11.1,10.2,6.7,74.0,19.5,81.0,0.0,0.0,0.0,2.5,11.7,0.0,11.7,16.7,169.5,0.8,4.7,108.0,1008.1,1008.1,2.7,5.1
2024-06-11 23:20:00+02:00,11.2,11.2,10.1,6.9,74.0,19.4,81.0,0.0,0.0,0.0,2.5,11.7,0.0,11.7,16.7,169.5,2.2,5.8,123.0,1008.0,1008.0,2.7,5.1
2024-06-11 23:25:00+02:00,11.2,11.2,10.0,6.8,74.0,19.3,81.0,0.0,0.0,0.0,2.5,11.7,0.0,11.7,16.7,169.5,2.4,4.7,121.0,1008.1,1008.1,2.7,5.1
2024-06-11 23:30:00+02:00,11.1,11.1,10.2,6.9,75.0,19.2,81.0,0.0,0.0,0.0,2.5,11.7,0.0,11.7,16.7,169.5,0.8,4.7,78.0,1008.1,1008.1,2.7,5.1
2024-06-11 23:35:00+02:00,10.9,10.9,9.9,6.9,76.0,19.2,81.0,0.0,0.0,0.0,2.5,11.7,0.0,11.7,16.7,169.5,1.7,5.8,71.0,1008.2,1008.2,2.7,5.1
2024-06-11 23:40:00+02:00,10.8,10.8,10.0,6.8,76.0,19.1,81.0,0.0,0.0,0.0,2.5,11.7,0.0,11.7,16.7,169.5,0.0,2.5,106.0,1008.2,1008.2,2.7,5.1
2024-06-11 23:45:00+02:00,10.7,10.7,9.5,6.8,77.0,19.0,81.0,0.0,0.0,0.0,2.5,11.7,0.0,11.7,16.7,169.5,2.2,5.4,132.0,1008.2,1008.2,2.7,5.1
2024-06-11 23:50:00+02:00,10.7,10.7,9.7,6.9,78.0,18.9,81.0,0.0,0.0,0.0,2.5,11.7,0.0,11.7,16.7,169.5,1.0,4.3,99.0,1008.2,1008.2,2.7,5.1
2024-06-11 23:55:00+02:00,10.7,10.7,9.5,6.9,78.0,18.8,81.0,0.0,0.0,0.0,2.5,11.7,0.0,11.7,16.7,169.5,2.4,5.8,88.0,1008.2,1008.2,2.7,5.0
2024-06-12 00:00:00+02:00,10.5,10.5,9.4,6.9,78.0,18.8,81.0,0.0,0.0,0.0,0.0,11.7,0.0,11.7,16.7,169.5,1.7,4.3,110.0,1008.3,1008.3,2.7,5.0
2024-06-12 00:05:00+02:00,10.4,10.4,9.5,6.9,79.0,18.7,81.0,0.0,0.0,0.0,0.0,11.7,0.0,11.7,16.7,169.5,0.9,5.4,122.0,1008.2,1008.2,2.7,5.0
2024-06-12 00:10:00+02:00,10.3,10.3,9.2,6.8,79.0,18.7,81.0,0.0,0.0,0.0,0.0,11.7,0.0,11.7,16.7,169.5,2.4,4.7,124.0,1008.3,1008.3,2.7,5.0
2024-06-12 00:15:00+02:00,10.3,10.3,9.1,6.9,80.0,18.5,81.0,0.0,0.0,0.0,0.0,11.7,0.0,11.7,16.7,169.5,2.4,5.8,129.0,1008.4,1008.4,2.7,5.0
2024-06-12 00:20:00+02:00,10.2,10.2,9.0,6.9,80.0,18.5,81.0,0.0,0.0,0.0,0.0,11.7,0.0,11.7,16.7,169.5,2.4,5.8,125.0,1008.3,1008.3,2.7,5.0
2024-06-12 00:25:00+02:00,10.2,10.2,9.0,6.9,80.0,18.3,81.0,0.0,0.0,0.0,0.0,11.7,0.0,11.7,16.7,169.5,2.5,5.8,103.0,1008.4,1008.4,2.7,5.0
2024-06-12 00:30:00+02:00,10.0,10.0,8.8,6.9,81.0,18.3,81.0,0.0,0.0,0.0,0.0,11.7,0.0,11.7,16.7,169.5,2.7,5.8,126.0,1008.4,1008.4,2.7,5.0
2024-06-12 00:35:00+02:00,9.9,9.9,8.7,6.9,82.0,18.2,81.0,0.0,0.0,0.0,0.0,11.7,0.0,11.7,16.7,169.5,2.4,4.0,111.0,1008.5,1008.5,2.7,5.0
2024-06-12 00:40:00+02:00,9.7,9.7,8.5,7.0,83.0,18.1,81.0,0.0,0.0,0.0,0.0,11.7,0.0,11.7,16.7,169.5,2.7,4.0,107.0,1008.4,1008.4,2.7,5.0
2024-06-12 00:45:00+02:00,9.6,9.6,8.4,6.9,83.0,18.1,80.0,0.0,0.0,0.0,0.0,11.7,0.0,11.7,16.7,169.5,2.5,4.3,103.0,1008.5,1008.5,2.7,5.0
2024-06-12 00:50:00+02:00,9.6,9.6,8.3,7.0,84.0,18.0,81.0,0.0,0.0,0.0,0.0,11.7,0.0,11.7,16.7,169.5,3.0,4.3,106.0,1008.5,1008.5,2.7,5.0
2024-06-12 00:55:00+02:00,9.5,9.5,8.2,6.9,84.0,17.9,80.0,0.0,0.0,0.0,0.0,11.7,0.0,11.7,16.7,169.5,2.5,4.0,115.0,1008.5,1008.5,2.7,5.0
2024-06-12 01:00:00+02:00,9.4,9.4,8.1,6.9,84.0,17.8,81.0,0.0,0.0,0.0,0.0,11.7,0.0,11.7,16.7,169.5,3.2,5.0,104.0,1008.4,1008.4,2.7,5.0
2024-06-12 01:05:00+02:00,9.5,9.5,8.2,7.0,84.0,17.7,81.0,0.0,0.0,0.0,0.0,11.7,0.0,11.7,16.7,169.5,3.2,5.4,113.0,1008.5,1008.5,2.7,5.0
2024-06-12 01:10:00+02:00,9.5,9.5,8.3,7.0,84.0,17.6,80.0,0.0,0.0,0.0,0.0,11.7,0.0,11.7,16.7,169.5,2.7,5.0,106.0,1008.6,1008.6,2.7,5.0
2024-06-12 01:15:00+02:00,9.4,9.4,8.1,6.9,84.0,17.5,81.0,0.0,0.0,0.0,0.0,11.7,0.0,11.7,16.7,169.5,2.7,3.6,112.0,1008.5,1008.5,2.7,5.0
2024-06-12 01:20:00+02:00,9.3,9.3,8.0,6.9,85.0,17.4,80.0,0.0,0.0,0.0,0.0,11.7,0.0,11.7,16.7,169.5,2.8,4.3,104.0,1008.5,1008.5,2.7,5.0
2024-06-12 01:25:00+02:00,9.2,9.2,7.9,6.9,85.0,17.3,81.0,0.0,0.0,0.0,0.0,11.7,0.0,11.7,16.7,169.5,3.0,4.7,99.0,1008.5,1008.5,2.7,5.0
2024-06-12 01:30:00+02:00,9.2,9.2,8.0,6.9,85.0,17.2,81.0,0.0,0.0,0.0,0.0,11.7,0.0,11.7,16.7,169.5,2.4,4.7,104.0,1008.5,1008.5,2.7,5.0
2024-06-12 01:35:00+02:00,9.2,9.2,7.8,6.8,85.0,17.2,81.0,0.0,0.0,0.0,0.0,11.7,0.0,11.7,16.7,169.5,3.1,5.0,109.0,1008.6,1008.6,2.7,5.0
2024-06-12 01:40:00+02:00,9.2,9.2,7.9,6.9,86.0,17.1,80.0,0.0,0.0,0.0,0.0,11.7,0.0,11.7,16.7,169.5,2.8,5.0,102.0,1008.7,1008.7,2.7,5.0
2024-06-12 01:45:00+02:00,9.1,9.1,7.8,6.9,86.0,17.1,80.0,0.0,0.0,0.0,0.0,11.7,0.0,11.7,16.7,169.5,3.0,4.7,107.0,1008.6,1008.6,2.7,4.9
2024-06-12 01:50:00+02:00,9.1,9.1,7.6,6.9,87.0,17.0,80.0,0.0,0.0,0.0,0.0,11.7,0.0,11.7,16.7,169.5,3.9,4.7,108.0,1008.7,1008.7,2.7,4.9
2024-06-12 01:55:00+02:00,8.9,8.9,7.6,6.9,87.0,16.9,80.0,0.0,0.0,0.0,0.0,11.7,0.0,11.7,16.7,169.5,3.0,4.7,96.0,1008.7,1008.7,2.7,4.9
2024-06-12 02:00:00+02:00,8.9,8.9,7.5,6.9,87.0,16.8,80.0,0.0,0.0,0.0,0.0,11.7,0.0,11.7,16.7,169.5,3.3,5.0,108.0,1008.7,1008.7,2.7,4.9
2024-06-12 02:05:00+02:00,9.0,9.0,7.6,6.9,87.0,16.8,80.0,0.0,0.0,0.0,0.0,11.7,0.0,11.7,16.7,169.5,3.3,4.7,100.0,1008.8,1008.8,2.7,4.9
2024-06-12 02:10:00+02:00,9.0,9.0,7.7,6.9,87.0,16.7,80.0,0.0,0.0,0.0,0.0,11.7,0.0,11.7,16.7,169.5,2.8,4.7,103.0,1008.7,1008.7,2.7,4.9
2024-06-12 02:15:00+02:00,9.0,9.0,7.8,7.0,87.0,16.6,80.0,0.0,0.0,0.0,0.0,11.7,0.0,11.7,16.7,169.5,3.0,4.7,107.0,1008.8,1008.8,2.7,4.9
2024-06-12 02:20:00+02:00,9.2,9.1,7.8,7.2,87.0,16.5,81.0,0.0,0.0,0.0,0.0,11.7,0.0,11.7,16.7,169.5,3.7,5.8,110.0,1008.8,1008.8,2.7,4.9
2024-06-12 02:25:00+02:00,9.3,9.3,7.9,7.2,87.0,16.5,80.0,0.0,0.0,0.0,0.0,11.7,0.0,11.7,16.7,169.5,4.0,6.1,115.0,1008.7,1008.7,2.7,4.9
2024-06-12 02:30:00+02:00,9.4,9.4,8.1,7.3,87.0,16.4,81.0,0.0,0.0,0.0,0.0,11.7,0.0,11.7,16.7,169.5,3.4,5.0,107.0,1008.7,1008.7,2.7,4.9
2024-06-12 02:35:00+02:00,9.5,9.5,8.2,7.4,87.0,16.4,81.0,0.0,0.0,0.0,0.0,11.7,0.0,11.7,16.7,169.5,3.5,6.1,113.0,1008.7,1008.7,2.7,4.9
2024-06-12 02:40:00+02:00,9.5,9.3,8.0,7.4,87.0,16.3,81.0,0.0,0.0,0.0,0.0,11.7,0.0,11.7,16.7,169.5,4.5,6.8,115.0,1008.7,1008.7,2.7,4.9
2024-06-12 02:45:00+02:00,9.6,9.6,8.1,7.5,87.0,16.3,81.0,0.0,0.0,0.0,0.0,11.7,0.0,11.7,16.7,169.5,4.5,6.5,117.0,1008.7,1008.7,2.7,4.9
2024-06-12 02:50:00+02:00,9.6,9.5,8.2,7.6,87.0,16.2,81.0,0.0,0.0,0.0,0.0,11.7,0.0,11.7,16.7,169.5,4.3,6.1,114.0,1008.6,1008.6,2.7,4.9
2024-06-12 02:55:00+02:00,9.7,9.4,8.1,7.6,87.0,16.2,81.0,0.0,0.0,0.0,0.0,11.7,0.0,11.7,16.7,169.5,5.0,6.5,116.0,1008.6,1008.6,2.7,4.9
2024-06-12 03:00:00+02:00,9.7,9.6,8.3,7.6,87.0,16.2,81.0,0.0,0.0,0.0,0.0,0.0,0.0,11.7,16.7,169.5,4.4,6.1,119.0,1008.6,1008.6,2.7,4.9
2024-06-12 03:05:00+02:00,9.7,9.7,8.4,7.7,87.0,16.2,81.0,0.0,0.0,0.0,0.0,0.0,0.0,11.7,16.7,169.5,3.7,6.1,112.0,1008.8,1008.8,2.7,4.9
2024-06-12 03:10:00+02:00,9.8,9.8,8.6,7.7,87.0,16.1,81.0,0.0,0.0,0.0,0.0,0.0,0.0,11.7,16.7,169.5,3.5,5.8,96.0,1008.7,1008.7,2.7,4.9
2024-06-12 03:15:00+02:00,9.8,9.8,8.8,7.7,87.0,16.1,81.0,0.0,0.0,0.0,0.0,0.0,0.0,11.7,16.7,169.5,2.4,4.7,126.0,1008.7,1008.7,2.7,4.9
2024-06-12 03:20:00+02:00,9.9,9.9,9.1,7.8,87.0,16.1,81.0,0.0,0.0,0.0,0.0,0.0,0.0,11.7,16.7,169.5,1.2,7.9,102.0,1008.7,1008.7,2.7,4.9
2024-06-12 03:25:00+02:00,9.8,9.8,8.9,7.9,87.0,16.0,81.0,0.0,0.0,0.0,0.0,0.0,0.0,11.7,16.7,169.5,2.2,5.4,106.0,1008.8,1008.8,2.7,4.9
2024-06-12 03:30:00+02:00,9.9,9.9,8.8,7.9,87.0,16.0,81.0,0.0,0.0,0.0,0.0,0.0,0.0,11.7,16.7,169.5,3.2,5.4,111.0,1008.8,1008.8,2.7,4.9
2024-06-12 03:35:00+02:00,9.9,9.8,8.8,7.9,87.0,16.0,81.0,0.0,0.0,0.0,0.0,0.0,0.0,11.7,16.7,169.5,3.3,5.0,113.0,1008.6,1008.6,2.7,4.8
2024-06-12 03:40:00+02:00,9.9,9.9,8.9,8.0,88.0,16.0,81.0,0.0,0.0,0.0,0.0,0.0,0.0,11.7,16.7,169.5,2.7,5.8,122.0,1008.6,1008.6,2.7,4.8
2024-06-12 03:45:00+02:00,9.9,9.9,8.7,8.0,88.0,16.0,81.0,0.0,0.0,0.0,0.0,0.0,0.0,11.7,16.7,169.5,3.8,5.4,96.0,1008.8,1008.8,2.7,4.8
2024-06-12 03:50:00+02:00,9.9,9.9,8.9,8.0,88.0,15.9,81.0,0.0,0.0,0.0,0.0,0.0,0.0,11.7,16.7,169.5,2.9,5.0,122.0,1008.7,1008.7,2.7,4.8
2024-06-12 03:55:00+02:00,9.9,9.9,9.0,8.0,88.0,15.9,81.0,0.0,0.0,0.0,0.0,0.0,0.0,11.7,16.7,169.5,2.5,5.0,109.0,1008.7,1008.7,2.7,4.8
2024-06-12 04:00:00+02:00,9.8,9.8,9.0,7.9,88.0,16.0,81.0,0.0,0.0,0.0,0.0,0.0,0.0,11.7,16.7,169.5,1.7,5.0,85.0,1008.6,1008.6,2.7,4.8
2024-06-12 04:05:00+02:00,9.8,9.8,8.7,7.9,88.0,15.9,81.0,0.0,0.0,0.0,0.0,0.0,0.0,11.7,16.7,169.5,2.9,4.7,125.0,1008.7,1008.7,2.7,4.8
2024-06-12 04:10:00+02:00,9.7,9.7,8.7,7.8,88.0,15.9,81.0,0.0,0.0,0.0,0.0,0.0,0.0,11.7,16.7,169.5,2.7,4.7,94.0,1008.6,1008.6,2.7,4.8
2024-06-12 04:15:00+02:00,9.6,9.6,8.4,7.7,88.0,15.9,81.0,0.0,0.0,0.0,0.0,0.0,0.0,11.7,16.7,169.5,3.5,7.2,118.0,1008.6,1008.6,2.7,4.8
2024-06-12 04:20:00+02:00,9.5,9.5,8.5,7.8,89.0,15.8,81.0,0.0,0.0,0.0,0.0,0.0,0.0,11.7,16.7,169.5,3.0,4.7,95.0,1008.6,1008.6,2.7,4.8
2024-06-12 04:25:00+02:00,9.5,9.5,8.3,7.8,89.0,15.8,81.0,0.0,0.0,0.0,0.0,0.0,0.0,11.7,16.7,169.5,3.4,5.4,109.0,1008.7,1008.7,2.7,4.8
2024-06-12 04:30:00+02:00,9.5,9.5,8.3,7.8,89.0,15.8,81.0,0.0,0.0,0.0,0.0,0.0,0.0,11.7,16.7,169.5,3.5,5.4,106.0,1008.8,1008.8,2.7,4.8
2024-06-12 04:35:00+02:00,9.6,9.6,8.5,7.8,89.0,15.8,81.0,0.0,0.0,0.0,0.0,0.0,0.0,11.7,16.7,169.5,2.7,5.4,106.0,1008.8,1008.8,2.7,4.8
2024-06-12 04:40:00+02:00,9.6,9.6,8.4,7.9,89.0,15.8,81.0,0.0,0.0,0.0,0.0,0.0,0.0,11.7,16.7,169.5,3.7,5.8,103.0,1008.8,1008.8,2.7,4.8
2024-06-12 04:45:00+02:00,9.6,9.6,8.6,7.9,89.0,15.7,81.0,0.1,0.0,0.0,0.0,0.0,0.0,11.7,16.7,169.5,2.5,5.8,118.0,1008.8,1008.8,2.7,4.8
2024-06-12 04:50:00+02:00,9.6,9.6,8.5,7.9,89.0,15.8,81.0,0.2,0.0,0.0,0.0,0.0,0.0,11.7,16.7,169.5,3.3,5.0,109.0,1008.8,1008.8,2.7,4.8
2024-06-12 04:55:00+02:00,9.7,9.7,8.6,7.9,89.0,15.7,81.0,0.3,0.0,0.0,0.0,0.0,0.0,11.7,16.7,169.5,2.7,5.8,124.0,1008.8,1008.8,2.7,4.8
2024-06-12 05:00:00+02:00,9.6,9.6,8.7,7.9,89.0,15.7,81.0,0.6,0.0,0.0,0.0,0.0,0.0,11.7,16.7,169.5,2.2,5.0,110.0,1008.7,1008.7,2.7,4.8
2024-06-12 05:05:00+02:00,9.6,9.6,8.5,7.9,89.0,15.7,81.0,1.1,0.0,0.0,0.0,0.0,0.0,11.7,16.7,169.5,2.8,5.0,107.0,1008.8,1008.8,2.7,4.8
2024-06-12 05:10:00+02:00,9.6,9.6,8.7,7.9,89.0,15.7,81.0,1.4,0.0,0.0,0.0,0.0,0.0,11.7,16.7,169.5,2.2,4.7,117.0,1008.7,1008.7,2.7,4.8
2024-06-12 05:15:00+02:00,9.6,9.6,8.6,7.9,89.0,15.6,81.0,2.1,0.0,0.0,0.0,0.0,0.0,11.7,16.7,169.5,2.5,4.0,109.0,1008.8,1008.8,2.7,4.7
2024-06-12 05:20:00+02:00,9.7,9.7,8.5,7.9,89.0,15.6,82.0,3.0,0.0,0.0,0.0,0.0,0.0,11.7,16.7,169.5,3.5,5.0,100.0,1008.8,1008.8,2.7,4.7
2024-06-12 05:25:00+02:00,9.7,9.7,8.6,8.0,89.0,15.6,82.0,4.0,0.0,0.0,0.0,0.0,0.0,11.7,16.7,169.5,3.2,5.0,111.0,1008.7,1008.7,2.7,4.7
2024-06-12 05:30:00+02:00,9.7,9.7,8.6,8.0,89.0,15.6,82.0,4.9,0.0,0.0,0.0,0.0,0.0,11.7,16.7,169.5,3.1,5.0,116.0,1008.9,1008.9,2.7,4.7
2024-06-12 05:35:00+02:00,9.7,9.3,8.1,8.1,89.0,15.6,82.0,7.0,0.0,0.0,0.0,0.0,0.0,11.7,16.7,169.5,5.6,10.4,113.0,1008.8,1008.8,2.7,4.7
2024-06-12 05:40:00+02:00,9.7,9.2,8.1,7.9,89.0,15.6,82.0,9.1,0.0,0.0,0.0,0.0,0.0,11.7,16.7,169.5,5.6,9.0,117.0,1008.8,1008.8,2.7,4.7
2024-06-12 05:45:00+02:00,9.6,9.5,8.3,7.9,89.0,15.6,82.0,9.7,0.0,0.0,0.0,0.0,0.0,11.7,16.7,169.5,4.0,6.8,120.0,1008.8,1008.8,2.7,4.7
2024-06-12 05:50:00+02:00,9.6,9.6,8.5,8.0,89.0,15.5,82.0,10.0,0.0,0.0,0.0,0.0,0.0,11.7,16.7,169.5,3.3,7.2,104.0,1009.0,1009.0,2.7,4.7
2024-06-12 05:55:00+02:00,9.6,9.4,8.3,8.1,90.0,15.5,82.0,10.2,0.0,0.0,0.0,0.0,0.0,11.7,16.7,169.5,4.5,9.4,122.0,1009.1,1009.1,2.7,4.7
2024-06-12 06:00:00+02:00,9.7,9.3,8.2,8.1,90.0,15.5,82.0,5.5,0.0,0.0,0.0,0.0,0.0,11.7,16.7,169.5,4.9,9.4,114.0,1008.9,1008.9,2.7,4.7
2024-06-12 06:05:00+02:00,9.7,9.1,8.0,8.0,89.0,15.5,82.0,6.2,0.0,0.0,0.0,0.0,0.0,11.7,16.7,169.5,5.9,11.5,123.0,1009.1,1009.1,2.7,4.7
2024-06-12 06:10:00+02:00,9.6,8.8,7.8,8.1,90.0,15.5,82.0,7.8,0.0,0.0,0.0,0.0,0.0,11.7,16.7,169.5,6.9,10.1,119.0,1009.1,1009.1,2.7,4.7
2024-06-12 06:15:00+02:00,9.6,9.4,8.3,8.1,90.0,15.4,82.0,12.6,0.0,0.0,0.0,0.0,0.0,11.7,16.7,169.5,4.5,8.3,105.0,1009.1,1009.1,2.7,4.7
2024-06-12 06:20:00+02:00,9.7,9.4,8.2,8.1,90.0,15.4,82.0,33.2,0.0,0.0,0.0,0.0,0.0,11.7,16.7,169.5,5.2,8.3,116.0,1009.0,1009.0,2.7,4.7
2024-06-12 06:25:00+02:00,9.8,9.7,8.6,8.2,90.0,15.4,82.0,34.6,0.0,0.0,0.0,0.0,0.0,11.7,16.7,169.5,3.7,8.3,119.0,1009.1,1009.1,2.7,4.7
2024-06-12 06:30:00+02:00,9.8,9.8,8.9,8.3,90.0,15.4,82.0,38.0,0.0,0.0,0.0,0.0,0.0,11.7,16.7,169.5,2.7,7.2,105.0,1009.1,1009.1,2.7,4.7
2024-06-12 06:35:00+02:00,10.0,10.0,9.2,8.4,90.0,15.4,82.0,45.3,0.0,0.0,0.0,0.0,0.0,11.7,16.7,169.5,2.2,5.0,140.0,1009.3,1009.3,2.7,4.7
2024-06-12 06:40:00+02:00,10.1,10.1,9.4,8.5,90.0,15.4,82.0,61.3,0.0,0.0,0.0,0.0,0.0,11.7,16.7,169.5,1.6,6.5,84.0,1009.2,1009.2,2.7,4.7
2024-06-12 06:45:00+02:00,10.2,10.2,9.4,8.6,90.0,15.4,82.0,73.2,0.0,0.0,0.0,0.0,0.0,11.7,16.7,169.5,2.7,5.8,98.0,1009.1,1009.1,2.7,4.7
2024-06-12 06:50:00+02:00,10.3,10.3,9.3,8.6,89.0,15.4,82.0,82.4,0.0,0.0,0.0,0.0,0.0,11.7,16.7,169.5,3.6,6.1,96.0,1009.2,1009.2,2.7,4.7
2024-06-12 06:55:00+02:00,10.4,10.4,9.5,8.6,89.0,15.5,82.0,84.6,0.0,0.0,0.0,0.0,0.0,11.7,16.7,169.5,2.8,6.5,124.0,1009.3,1009.3,2.7,4.8
2024-06-12 07:00:00+02:00,10.7,10.7,10.0,8.8,88.0,15.5,82.0,84.8,0.0,0.0,0.0,0.0,0.0,11.7,16.7,169.5,1.9,8.6,115.0,1009.3,1009.3,2.7,4.8
2024-06-12 07:05:00+02:00,10.7,10.7,10.0,8.7,87.0,15.5,83.0,58.0,0.0,0.0,0.0,0.0,0.0,11.7,16.7,169.5,2.3,6.1,145.0,1009.3,1009.3,2.7,4.8
2024-06-12 07:10:00+02:00,10.7,10.7,9.7,8.9,88.0,15.5,83.0,47.8,0.0,0.0,0.0,0.0,0.0,11.7,16.7,169.5,3.8,7.2,118.0,1009.3,1009.3,2.7,4.8
2024-06-12 07:15:00+02:00,10.7,10.7,10.0,8.8,88.0,15.6,83.0,36.3,0.0,0.0,0.0,0.0,0.0,11.7,16.7,169.5,2.1,7.2,122.0,1009.3,1009.3,2.7,4.8
2024-06-12 07:20:00+02:00,10.6,10.6,9.6,8.7,88.0,15.7,83.0,33.0,0.0,0.0,0.0,0.0,0.0,11.7,16.7,169.5,3.7,7.9,106.0,1009.4,1009.4,2.7,4.8
2024-06-12 07:25:00+02:00,10.6,10.6,10.0,8.7,88.0,15.7,83.0,32.9,0.0,0.0,0.0,0.0,0.0,11.7,16.7,169.5,1.7,5.4,68.0,1009.3,1009.3,2.7,4.8
2024-06-12 07:30:00+02:00,10.6,10.6,9.8,8.7,88.0,15.7,83.0,32.6,0.0,0.0,0.0,0.0,0.0,11.7,16.7,169.5,2.4,5.0,141.0,1009.3,1009.3,2.7,4.8
2024-06-12 07:35:00+02:00,10.6,10.6,9.9,8.8,88.0,15.7,83.0,44.3,0.0,0.0,0.0,0.0,0.0,11.7,16.7,169.5,2.2,5.4,126.0,1009.4,1009.4,2.7,4.8
2024-06-12 07:40:00+02:00,10.6,10.6,9.3,8.7,88.0,15.7,83.0,110.5,1.0,0.0,0.0,0.0,0.0,11.7,16.7,169.5,5.2,9.4,134.0,1009.4,1009.4,2.7,4.8
2024-06-12 07:45:00+02:00,10.7,10.7,9.9,8.8,88.0,15.8,83.0,117.4,1.0,0.0,0.0,0.0,0.0,11.7,16.7,169.5,2.7,7.6,99.0,1009.4,1009.4,2.7,4.8
2024-06-12 07:50:00+02:00,10.9,10.9,10.0,8.9,87.0,15.8,83.0,120.0,1.0,0.0,0.0,0.0,0.0,11.7,16.7,169.5,3.1,8.6,113.0,1009.4,1009.4,2.7,4.8
2024-06-12 07:55:00+02:00,10.9,10.9,9.9,8.8,87.0,15.8,83.0,86.3,0.0,0.0,0.0,0.0,0.0,11.7,16.7,169.5,4.1,8.6,128.0,1009.3,1009.3,2.7,4.9
2024-06-12 08:00:00+02:00,10.8,10.8,9.4,8.8,87.0,15.9,83.0,129.9,1.0,0.0,0.0,0.0,0.0,11.7,16.7,169.5,5.9,12.6,114.0,1009.4,1009.4,2.7,4.9
2024-06-12 08:05:00+02:00,10.9,10.9,9.8,8.8,87.0,15.9,83.0,92.7,0.0,0.0,0.0,0.0,0.0,11.7,16.7,169.5,4.5,7.9,126.0,1009.5,1009.5,2.7,4.9
2024-06-12 08:10:00+02:00,11.1,11.1,10.3,8.9,86.0,16.0,83.0,133.5,1.0,0.0,0.0,0.0,0.0,11.7,16.7,169.5,3.0,8.3,102.0,1009.4,1009.4,2.7,4.9
2024-06-12 08:15:00+02:00,11.5,11.5,10.5,9.0,85.0,16.1,83.0,145.2,1.0,0.0,0.0,0.0,0.0,11.7,16.7,169.5,4.1,8.3,89.0,1009.5,1009.5,2.7,4.9
2024-06-12 08:20:00+02:00,11.7,11.7,10.9,9.0,83.0,16.2,83.0,156.3,1.0,0.0,0.0,0.0,0.0,11.7,16.7,169.5,2.9,7.6,164.0,1009.6,1009.6,2.7,4.9
2024-06-12 08:25:00+02:00,11.8,11.8,10.9,8.9,82.0,16.2,83.0,238.9,2.0,0.0,0.0,0.0,0.0,11.7,16.7,169.5,3.4,7.2,128.0,1009.6,1009.6,2.7,5.0
2024-06-12 08:30:00+02:00,12.2,12.2,11.7,8.8,80.0,16.3,84.0,235.3,2.0,0.0,0.0,0.0,0.0,11.7,16.7,169.5,1.7,6.1,66.0,1009.6,1009.6,2.7,5.0
2024-06-12 08:35:00+02:00,12.3,12.3,11.5,8.8,79.0,16.4,84.0,270.6,2.0,0.0,0.0,0.0,0.0,11.7,16.7,169.5,3.2,8.6,190.0,1009.7,1009.7,2.7,5.1
2024-06-12 08:40:00+02:00,12.7,12.7,12.0,9.0,78.0,16.5,84.0,367.8,3.0,0.0,0.0,0.0,0.0,11.7,16.7,169.5,2.2,5.8,73.0,1009.7,1009.7,2.7,5.1
2024-06-12 08:45:00+02:00,13.0,13.0,11.9,8.9,76.0,16.6,84.0,361.3,3.0,0.0,0.0,0.0,0.0,11.7,16.7,169.5,4.2,11.2,87.0,1009.7,1009.7,2.7,5.1
2024-06-12 08:50:00+02:00,13.4,13.4,12.4,9.2,76.0,16.8,84.0,296.5,2.0,0.0,0.0,0.0,0.0,11.7,16.7,169.5,4.1,14.8,81.0,1009.7,1009.7,2.7,5.1
2024-06-12 08:55:00+02:00,12.7,12.7,11.4,9.0,78.0,16.8,84.0,180.1,1.0,0.0,0.0,0.0,0.0,11.7,16.7,169.5,5.5,11.2,117.0,1009.7,1009.7,2.7,5.2
2024-06-12 09:00:00+02:00,12.5,12.5,11.7,8.9,78.0,17.0,84.0,77.8,0.0,0.0,0.0,0.0,0.0,11.7,16.7,169.5,3.0,6.8,121.0,1009.6,1009.6,2.7,5.2
2024-06-12 09:05:00+02:00,12.6,12.6,11.9,9.1,79.0,17.1,84.0,62.8,0.0,0.0,0.0,0.0,0.0,11.7,16.7,169.5,2.7,5.0,103.0,1009.6,1009.6,2.7,5.2
2024-06-12 09:10:00+02:00,12.5,12.5,11.7,9.0,79.0,17.1,85.0,40.9,0.0,0.0,0.0,0.0,0.0,11.7,16.7,169.5,3.0,6.8,116.0,1009.6,1009.6,2.7,5.2
2024-06-12 09:15:00+02:00,12.3,12.3,11.7,8.8,79.0,17.2,85.0,65.0,0.0,0.0,0.0,0.0,0.0,11.7,16.7,169.5,1.9,6.8,74.0,1009.7,1009.7,2.7,5.2
2024-06-12 09:20:00+02:00,12.3,12.3,11.6,8.8,79.0,17.3,84.0,98.3,0.0,0.0,0.0,0.0,0.0,11.7,16.7,169.5,2.7,5.4,167.0,1009.8,1009.8,2.7,5.2
2024-06-12 09:25:00+02:00,12.4,12.4,11.4,8.6,78.0,17.3,84.0,98.5,0.0,0.0,0.0,0.0,0.0,11.7,16.7,169.5,3.2,8.3,109.0,1009.7,1009.7,2.7,5.2
2024-06-12 09:30:00+02:00,12.2,12.2,11.1,8.5,78.0,17.4,84.0,123.0,1.0,0.0,0.0,0.0,0.0,11.7,16.7,169.5,4.1,9.7,119.0,1009.7,1009.7,2.7,5.2
2024-06-12 09:35:00+02:00,12.3,12.3,11.6,8.5,77.0,17.4,84.0,123.9,1.0,0.0,0.0,0.0,0.0,11.7,16.7,169.5,1.9,9.7,77.0,1009.6,1009.6,2.7,5.2
2024-06-12 09:40:00+02:00,12.7,12.7,11.9,8.7,77.0,17.5,84.0,135.8,1.0,0.0,0.0,0.0,0.0,11.7,16.7,169.5,2.2,5.4,203.0,1009.7,1009.7,2.7,5.2
2024-06-12 09:45:00+02:00,12.9,12.9,12.3,8.8,76.0,17.5,84.0,165.0,1.0,0.0,0.0,0.0,0.0,11.7,16.7,169.5,1.9,6.5,202.0,1009.7,1009.7,2.7,5.2
2024-06-12 09:50:00+02:00,12.9,12.9,12.2,8.8,76.0,17.5,84.0,174.7,1.0,0.0,0.0,0.0,0.0,11.7,16.7,169.5,2.5,6.5,125.0,1009.7,1009.7,2.7,5.2
2024-06-12 09:55:00+02:00,12.9,12.9,11.8,8.6,75.0,17.6,84.0,206.5,1.0,0.0,0.0,0.0,0.0,11.7,16.7,169.5,4.3,9.7,118.0,1009.6,1009.6,2.7,5.2
2024-06-12 10:00:00+02:00,13.2,13.2,12.4,8.5,73.0,17.6,84.0,190.6,1.0,0.0,0.0,0.0,0.0,11.7,16.7,169.5,2.2,7.2,259.0,1009.7,1009.7,2.7,5.2
2024-06-12 10:05:00+02:00,13.4,13.4,12.4,8.1,70.0,17.7,84.0,263.1,2.0,0.0,0.0,0.0,0.0,11.7,16.7,169.5,3.0,6.8,303.0,1009.7,1009.7,2.7,5.2
2024-06-12 10:10:00+02:00,13.4,13.4,11.8,8.1,70.0,17.8,84.0,174.7,1.0,0.0,0.0,0.0,0.0,11.7,16.7,169.5,6.0,11.9,267.0,1009.7,1009.7,2.7,5.2
2024-06-12 10:15:00+02:00,13.4,13.4,12.2,8.0,70.0,17.8,85.0,173.3,1.0,0.0,0.0,0.0,0.0,11.7,16.7,169.5,3.9,9.4,311.0,1009.7,1009.7,2.7,5.2
2024-06-12 10:20:00+02:00,13.4,13.4,12.3,8.1,70.0,17.9,84.0,195.7,1.0,0.0,0.0,0.0,0.0,11.7,16.7,169.5,3.2,12.6,170.0,1009.6,1009.6,2.7,5.2
2024-06-12 10:25:00+02:00,13.4,13.4,12.3,7.9,70.0,18.0,84.0,151.4,1.0,0.0,0.0,0.0,0.0,11.7,16.7,169.5,3.0,8.3,273.0,1009.7,1009.7,2.7,5.2
2024-06-12 10:30:00+02:00,13.4,13.4,12.7,7.9,69.0,18.0,85.0,154.2,1.0,0.0,0.0,0.0,0.0,11.7,16.7,169.5,1.2,8.6,104.0,1009.6,1009.6,2.7,5.2
2024-06-12 10:35:00+02:00,13.5,13.5,12.5,8.0,69.0,18.1,85.0,139.1,1.0,0.0,0.0,0.0,0.0,11.7,16.7,169.5,3.0,9.4,285.0,1009.7,1009.7,2.7,5.2
2024-06-12 10:40:00+02:00,13.5,13.5,12.5,7.9,69.0,18.1,85.0,226.6,2.0,0.0,0.0,0.0,0.0,11.7,16.7,169.5,2.5,6.1,231.0,1009.7,1009.7,2.7,5.2
2024-06-12 10:45:00+02:00,13.8,13.8,12.6,7.8,67.0,18.2,85.0,425.3,3.0,0.0,0.0,0.0,0.0,11.7,16.7,169.5,3.4,6.5,211.0,1009.7,1009.7,2.7,5.2
2024-06-12 10:50:00+02:00,14.3,14.3,13.3,8.2,67.0,18.3,84.0,666.6,6.0,0.0,0.0,0.0,0.0,11.7,16.7,169.5,3.2,7.6,243.0,1009.6,1009.6,2.7,5.2
2024-06-12 10:55:00+02:00,14.3,14.3,13.1,8.2,67.0,18.3,84.0,233.0,2.0,0.0,0.0,0.0,0.0,11.7,16.7,169.5,4.1,13.7,123.0,1009.7,1009.7,2.7,5.2
2024-06-12 11:00:00+02:00,13.9,13.9,12.4,7.8,66.0,18.5,85.0,158.2,1.0,0.0,0.0,0.0,0.0,11.7,16.7,169.5,4.9,11.2,219.0,1009.7,1009.7,2.7,5.2
2024-06-12 11:05:00+02:00,14.0,14.0,12.9,7.9,66.0,18.5,85.0,232.3,2.0,0.0,0.0,0.0,0.0,11.7,16.7,169.5,3.3,8.3,178.0,1009.8,1009.8,2.7,5.2
2024-06-12 11:10:00+02:00,14.2,14.2,12.8,7.8,66.0,18.6,85.0,251.2,2.0,0.0,0.0,0.0,0.0,11.7,16.7,169.5,4.7,10.8,113.0,1009.8,1009.8,2.7,5.2
2024-06-12 11:15:00+02:00,14.3,14.3,13.2,7.7,65.0,18.7,85.0,209.2,1.0,0.0,0.0,0.0,0.0,11.7,16.7,169.5,2.7,6.5,116.0,1009.8,1009.8,2.7,5.2
2024-06-12 11:20:00+02:00,14.2,14.2,12.8,7.6,65.0,18.7,85.0,215.9,2.0,0.0,0.0,0.0,0.0,11.7,16.7,169.5,4.0,8.3,207.0,1009.8,1009.8,2.7,5.2
2024-06-12 11:25:00+02:00,14.3,14.3,13.4,7.4,63.0,18.8,85.0,221.4,2.0,0.0,0.0,0.0,0.0,11.7,16.7,169.5,1.6,8.6,256.0,1009.7,1009.7,2.7,5.2
2024-06-12 11:30:00+02:00,14.5,14.5,13.3,7.6,63.0,18.8,86.0,218.6,2.0,0.0,0.0,0.0,0.0,11.7,16.7,169.5,3.3,9.0,112.0,1009.7,1009.7,2.7,5.2
2024-06-12 11:35:00+02:00,14.4,14.4,13.2,7.2,62.0,18.9,85.0,249.9,2.0,0.0,0.0,0.0,0.0,11.7,16.7,169.5,2.7,9.4,135.0,1009.7,1009.7,2.7,5.2
2024-06-12 11:40:00+02:00,14.7,14.7,13.7,7.8,63.0,19.0,85.0,258.6,2.0,0.0,0.0,0.0,0.0,11.7,16.7,169.5,2.2,7.6,250.0,1009.7,1009.7,2.7,5.2
2024-06-12 11:45:00+02:00,14.8,14.8,13.8,8.1,64.0,19.1,86.0,280.2,2.0,0.0,0.0,0.0,0.0,11.7,16.7,169.5,2.5,8.6,164.0,1009.6,1009.6,2.7,5.2
2024-06-12 11:50:00+02:00,14.5,14.5,13.2,8.1,65.0,19.2,85.0,260.9,2.0,0.0,0.0,0.0,0.0,11.7,16.7,169.5,4.8,11.2,150.0,1009.6,1009.6,2.7,5.2
2024-06-12 11:55:00+02:00,14.3,14.3,12.7,7.9,66.0,19.3,85.0,543.0,5.0,0.0,0.0,0.0,0.0,11.7,16.7,169.5,5.6,15.1,206.0,1009.5,1009.5,2.7,5.2
2024-06-12 12:00:00+02:00,15.0,15.0,13.6,8.4,65.0,19.3,85.0,657.9,6.0,0.0,0.0,0.0,0.0,11.7,16.7,169.5,5.6,11.2,125.0,1009.5,1009.5,2.7,5.2
2024-06-12 12:05:00+02:00,16.0,16.0,14.6,7.7,58.0,19.5,85.0,669.6,6.0,0.0,0.0,0.0,0.0,11.7,16.7,169.5,4.8,9.7,239.0,1009.5,1009.5,2.7,5.2
2024-06-12 12:10:00+02:00,16.3,16.3,14.8,7.8,57.0,19.6,85.0,702.0,6.0,0.0,0.0,0.0,0.0,11.7,16.7,169.5,5.5,15.5,217.0,1009.4,1009.4,2.7,5.2
2024-06-12 12:15:00+02:00,16.5,16.5,15.3,8.5,59.0,19.8,85.0,283.5,2.0,0.0,0.0,0.0,0.0,11.7,16.7,169.5,4.5,10.1,148.0,1009.5,1009.5,2.7,5.3
2024-06-12 12:20:00+02:00,15.9,15.9,14.9,7.8,59.0,20.0,85.0,302.8,2.0,0.0,0.0,0.0,0.0,11.7,16.7,169.5,3.0,9.4,134.0,1009.5,1009.5,2.7,5.3
2024-06-12 12:25:00+02:00,15.3,15.3,13.3,7.7,61.0,20.1,85.0,375.6,3.0,0.0,0.0,0.0,0.0,11.7,16.7,169.5,7.5,13.3,127.0,1009.4,1009.4,2.7,5.3
2024-06-12 12:30:00+02:00,15.2,15.2,14.0,7.6,61.0,20.2,85.0,190.7,1.0,0.0,0.0,0.0,0.0,11.7,16.7,169.5,2.9,7.2,219.0,1009.4,1009.4,2.7,5.3
2024-06-12 12:35:00+02:00,15.2,15.2,13.9,7.8,61.0,20.4,85.0,194.8,1.0,0.0,0.0,0.0,0.0,11.7,16.7,169.5,3.7,9.4,248.0,1009.4,1009.4,2.7,5.3
2024-06-12 12:40:00+02:00,14.9,14.9,13.8,7.5,61.0,20.5,85.0,200.7,1.0,0.0,0.0,0.0,0.0,11.7,16.7,169.5,2.7,6.8,198.0,1009.3,1009.3,2.7,5.3
2024-06-12 12:45:00+02:00,15.2,15.2,14.1,7.8,61.0,20.6,85.0,698.2,6.0,0.0,0.0,0.0,0.0,11.7,16.7,169.5,3.0,6.1,104.0,1009.4,1009.4,2.7,5.3
2024-06-12 12:50:00+02:00,16.4,16.4,15.0,7.9,57.0,20.7,85.0,742.5,6.0,0.0,0.0,0.0,0.0,11.7,16.7,169.5,5.2,10.4,256.0,1009.3,1009.3,2.7,5.3
2024-06-12 12:55:00+02:00,17.6,17.6,16.6,7.9,53.0,20.8,85.0,802.9,7.0,0.0,0.0,0.0,0.0,11.7,16.7,169.5,2.7,10.4,132.0,1009.2,1009.2,2.7,5.3
2024-06-12 13:00:00+02:00,18.2,18.2,16.9,7.9,51.0,21.0,85.0,728.3,6.0,0.0,0.0,0.0,0.0,11.7,16.7,169.5,4.5,9.4,171.0,1009.3,1009.3,2.7,5.3
2024-06-12 13:05:00+02:00,17.8,17.8,16.0,7.5,51.0,21.2,85.0,304.1,2.0,0.0,0.0,0.0,0.0,11.7,16.7,169.5,5.9,11.5,162.0,1009.2,1009.2,2.7,5.3
2024-06-12 13:10:00+02:00,16.7,16.7,15.2,7.8,56.0,21.3,85.0,366.4,3.0,0.0,0.0,0.0,0.0,11.7,16.7,169.5,5.0,13.7,288.0,1009.1,1009.1,2.7,5.3
2024-06-12 13:15:00+02:00,16.5,16.5,14.5,6.9,53.0,21.5,85.0,552.5,5.0,0.0,0.0,0.0,0.0,11.7,16.7,169.5,6.5,14.0,238.0,1009.1,1009.1,2.7,5.3
2024-06-12 13:20:00+02:00,16.3,16.3,14.9,7.2,55.0,21.7,85.0,187.8,1.0,0.0,0.0,0.0,0.0,11.7,16.7,169.5,4.2,7.9,131.0,1009.2,1009.2,2.7,5.3
2024-06-12 13:25:00+02:00,16.1,16.1,14.8,7.1,55.0,21.7,85.0,198.1,1.0,0.0,0.0,0.0,0.0,11.7,16.7,169.5,3.0,9.0,189.0,1009.1,1009.1,2.7,5.3
2024-06-12 13:30:00+02:00,15.9,15.9,14.4,6.8,55.0,21.8,85.0,181.5,1.0,0.0,0.0,0.0,0.0,11.7,16.7,169.5,4.0,9.0,170.0,1009.1,1009.1,2.7,5.3
2024-06-12 13:35:00+02:00,16.0,16.0,14.3,6.9,55.0,21.8,84.0,676.3,6.0,0.0,0.0,0.0,0.0,11.7,16.7,169.5,5.0,9.4,310.0,1009.2,1009.2,2.7,5.3
2024-06-12 13:40:00+02:00,16.7,16.7,15.0,6.2,50.0,22.0,84.0,723.0,6.0,0.0,0.0,0.0,0.0,11.7,16.7,169.5,4.1,16.2,183.0,1009.1,1009.1,2.7,5.3
2024-06-12 13:45:00+02:00,17.6,17.6,15.8,6.0,47.0,22.1,84.0,666.2,6.0,0.0,0.0,0.0,0.0,11.7,16.7,169.5,4.8,14.4,246.0,1009.0,1009.0,2.7,5.3
2024-06-12 13:50:00+02:00,17.2,17.2,15.4,6.0,48.0,22.1,85.0,662.0,6.0,0.0,0.0,0.0,0.0,11.7,16.7,169.5,4.5,14.4,306.0,1009.0,1009.0,2.7,5.3
2024-06-12 13:55:00+02:00,18.0,18.0,16.4,6.9,48.0,22.3,85.0,730.7,6.0,0.0,0.0,0.0,0.0,11.7,16.7,169.5,4.2,14.8,186.0,1008.9,1008.9,2.7,5.3
2024-06-12 14:00:00+02:00,18.7,18.7,17.0,6.5,45.0,22.3,85.0,822.3,7.0,0.0,0.0,0.0,0.0,11.7,16.7,169.5,4.5,12.2,137.0,1009.0,1009.0,2.7,5.3
2024-06-12 14:05:00+02:00,18.8,18.8,17.2,6.3,44.0,22.5,85.0,774.5,7.0,0.0,0.0,0.0,0.0,11.7,16.7,169.5,4.0,11.2,110.0,1008.8,1008.8,2.7,5.3
2024-06-12 14:10:00+02:00,18.3,18.3,16.6,6.0,44.0,22.7,85.0,199.8,1.0,0.0,0.0,0.0,0.0,11.7,16.7,169.5,4.1,9.4,41.0,1008.9,1008.9,2.7,5.3
2024-06-12 14:15:00+02:00,17.8,17.8,16.3,6.4,47.0,22.8,85.0,127.7,1.0,0.0,0.0,0.0,0.0,11.7,16.7,169.5,3.5,9.0,207.0,1009.0,1009.0,2.7,5.3
2024-06-12 14:20:00+02:00,16.4,16.4,14.0,6.0,50.0,22.8,85.0,78.7,0.0,0.0,0.0,0.0,0.0,11.7,16.7,169.5,7.6,16.9,265.0,1009.0,1009.0,2.7,5.3
2024-06-12 14:25:00+02:00,15.0,15.0,12.6,6.7,58.0,22.9,84.0,94.4,0.0,0.0,0.0,0.0,0.0,11.7,16.7,169.5,8.5,21.6,281.0,1009.0,1009.0,2.7,5.3
2024-06-12 14:30:00+02:00,14.5,14.5,12.9,6.8,60.0,22.8,84.0,99.4,0.0,0.0,0.0,0.0,0.0,11.7,16.7,169.5,4.4,19.1,265.0,1009.0,1009.0,2.7,5.3
2024-06-12 14:35:00+02:00,14.5,14.5,12.1,6.8,60.0,22.9,84.0,81.8,0.0,0.0,0.0,0.0,0.0,11.7,16.7,169.5,8.4,16.6,291.0,1009.0,1009.0,2.7,5.3
2024-06-12 14:40:00+02:00,14.3,14.3,12.7,6.6,60.0,22.8,84.0,53.4,0.0,0.0,0.0,0.0,0.0,11.7,16.7,169.5,4.3,10.1,244.0,1009.2,1009.2,2.7,5.3
2024-06-12 14:45:00+02:00,14.3,14.3,12.6,6.6,60.0,22.8,84.0,56.1,0.0,0.0,0.0,0.0,0.0,11.7,16.7,169.5,4.8,16.9,321.0,1009.2,1009.2,2.7,5.3
2024-06-12 14:50:00+02:00,14.2,14.2,12.4,6.6,60.0,22.8,84.0,83.7,0.0,0.0,0.0,0.0,0.0,11.7,16.7,169.5,5.0,11.2,300.0,1009.1,1009.1,2.7,5.3
2024-06-12 14:55:00+02:00,14.3,14.3,12.5,6.6,60.0,22.8,84.0,105.0,0.0,0.0,0.0,0.0,0.0,11.7,16.7,169.5,4.9,11.2,267.0,1009.1,1009.1,2.7,5.3
2024-06-12 15:00:00+02:00,14.4,14.4,13.1,6.2,58.0,22.7,83.0,129.3,1.0,0.0,0.0,0.0,0.0,11.7,16.7,169.5,2.7,9.7,245.0,1009.2,1009.2,2.7,5.3
2024-06-12 15:05:00+02:00,14.7,14.7,12.8,6.1,56.0,22.7,83.0,186.1,1.0,0.0,0.0,0.0,0.0,11.7,16.7,169.5,5.1,12.6,255.0,1009.2,1009.2,2.7,5.2
2024-06-12 15:10:00+02:00,14.8,14.8,12.7,6.1,56.0,22.6,83.0,214.6,1.0,0.0,0.0,0.0,0.0,11.7,16.7,169.5,5.8,12.6,217.0,1009.1,1009.1,2.7,5.2
2024-06-12 15:15:00+02:00,14.9,14.9,12.3,6.4,57.0,22.6,83.0,222.3,2.0,0.0,0.0,0.0,0.0,11.7,16.7,169.5,8.9,15.1,298.0,1009.0,1009.0,2.7,5.2
2024-06-12 15:20:00+02:00,15.1,15.1,13.3,6.5,57.0,22.6,83.0,255.7,2.0,0.0,0.0,0.0,0.0,11.7,16.7,169.5,5.0,10.1,311.0,1009.0,1009.0,2.7,5.2
2024-06-12 15:25:00+02:00,15.8,15.8,14.7,6.9,56.0,22.6,83.0,249.3,2.0,0.0,0.0,0.0,0.0,11.7,16.7,169.5,1.9,7.2,95.0,1009.0,1009.0,2.7,5.2
2024-06-12 15:30:00+02:00,16.0,16.0,12.8,6.4,53.0,22.5,83.0,780.2,7.0,0.0,0.0,0.0,0.0,11.7,16.7,169.5,12.2,22.0,283.0,1009.0,1009.0,2.7,5.2
2024-06-12 15:35:00+02:00,15.9,15.9,13.2,6.2,52.0,22.5,83.0,258.7,2.0,0.0,0.0,0.0,0.0,11.7,16.7,169.5,9.1,30.2,265.0,1008.9,1008.9,2.7,5.2
2024-06-12 15:40:00+02:00,15.8,15.8,14.3,6.4,54.0,22.5,84.0,167.5,1.0,0.0,0.0,0.0,0.0,11.7,16.7,169.5,3.2,13.0,131.0,1009.0,1009.0,2.7,5.2
2024-06-12 15:45:00+02:00,15.9,15.9,14.2,6.4,53.0,22.5,84.0,143.2,1.0,0.0,0.0,0.0,0.0,11.7,16.7,169.5,4.9,8.3,270.0,1009.0,1009.0,2.7,5.2
2024-06-12 15:50:00+02:00,15.6,15.6,13.9,5.8,52.0,22.5,84.0,131.4,1.0,0.0,0.0,0.0,0.0,11.7,16.7,169.5,3.7,13.0,212.0,1009.0,1009.0,2.7,5.2
2024-06-12 15:55:00+02:00,15.5,15.5,13.8,5.4,51.0,22.5,84.0,131.7,1.0,0.0,0.0,0.0,0.0,11.7,16.7,169.5,3.1,8.3,241.0,1009.1,1009.1,2.7,5.2
2024-06-12 16:00:00+02:00,15.3,15.3,13.6,5.7,53.0,22.5,84.0,123.3,1.0,0.0,0.0,0.0,0.0,11.7,16.7,169.5,3.6,7.9,287.0,1009.0,1009.0,2.7,5.2
2024-06-12 16:05:00+02:00,15.2,15.2,13.6,6.0,54.0,22.5,84.0,122.5,1.0,0.0,0.0,0.0,0.0,11.7,16.7,169.5,3.5,7.9,259.0,1009.2,1009.2,2.7,5.2
2024-06-12 16:10:00+02:00,14.9,14.9,13.3,6.0,55.0,22.5,84.0,119.8,1.0,0.0,0.0,0.0,0.0,11.7,16.7,169.5,3.7,10.4,150.0,1009.1,1009.1,2.7,5.2
2024-06-12 16:15:00+02:00,14.8,14.8,13.0,5.6,54.0,22.5,84.0,108.0,1.0,0.0,0.0,0.0,0.0,11.7,16.7,169.5,3.8,7.9,169.0,1009.3,1009.3,2.7,5.2
2024-06-12 16:20:00+02:00,14.7,14.7,13.1,5.6,54.0,22.5,84.0,83.3,0.0,0.0,0.0,0.0,0.0,11.7,16.7,169.5,2.9,8.6,166.0,1009.2,1009.2,2.7,5.2
2024-06-12 16:25:00+02:00,14.5,14.5,13.0,5.5,55.0,22.4,84.0,69.1,0.0,0.0,0.0,0.0,0.0,11.7,16.7,169.5,2.4,9.0,315.0,1009.1,1009.1,2.7,5.2
2024-06-12 16:30:00+02:00,14.4,14.4,12.8,4.9,53.0,22.4,84.0,61.3,0.0,0.0,0.0,0.0,0.0,11.7,16.7,169.5,2.7,6.5,89.0,1009.2,1009.2,2.7,5.2
2024-06-12 16:35:00+02:00,14.3,14.3,12.8,4.8,53.0,22.4,84.0,63.8,0.0,0.0,0.0,0.0,0.0,11.7,16.7,169.5,1.7,5.4,305.0,1009.2,1009.2,2.7,5.2
2024-06-12 16:40:00+02:00,14.3,14.3,12.6,4.8,53.0,22.3,83.0,83.9,0.0,0.0,0.0,0.0,0.0,11.7,16.7,169.5,2.9,10.4,133.0,1009.2,1009.2,2.7,5.2
2024-06-12 16:45:00+02:00,14.5,14.5,13.0,4.8,52.0,22.3,83.0,86.7,0.0,0.0,0.0,0.0,0.0,11.7,16.7,169.5,1.8,7.6,122.0,1009.1,1009.1,2.7,5.2
2024-06-12 16:50:00+02:00,14.5,14.5,13.1,5.1,53.0,22.2,83.0,117.6,1.0,0.0,0.0,0.0,0.0,11.7,16.7,169.5,1.5,7.9,62.0,1009.1,1009.1,2.7,5.2
2024-06-12 16:55:00+02:00,14.8,14.8,13.3,5.5,54.0,22.2,83.0,184.1,1.0,0.0,0.0,0.0,0.0,11.7,16.7,169.5,2.2,5.4,129.0,1009.0,1009.0,2.7,5.2
2024-06-12 17:00:00+02:00,14.9,14.9,13.0,5.6,54.0,22.2,83.0,243.0,2.0,0.0,0.0,0.0,0.0,11.7,16.7,169.5,4.9,10.8,275.0,1008.9,1008.9,2.7,5.2
2024-06-12 17:05:00+02:00,15.0,15.0,12.9,5.8,54.0,22.2,83.0,226.1,2.0,0.0,0.0,0.0,0.0,11.7,16.7,169.5,5.9,10.1,263.0,1008.9,1008.9,2.7,5.2
2024-06-12 17:10:00+02:00,15.3,15.3,13.6,6.2,54.0,22.2,83.0,220.8,2.0,0.0,0.0,0.0,0.0,11.7,16.7,169.5,4.1,10.8,278.0,1008.9,1008.9,2.7,5.2
2024-06-12 17:15:00+02:00,15.3,15.3,13.8,6.5,56.0,22.1,83.0,170.2,1.0,0.0,0.0,0.0,0.0,11.7,16.7,169.5,4.0,15.5,241.0,1009.0,1009.0,2.7,5.2
2024-06-12 17:20:00+02:00,15.1,15.1,13.4,6.8,57.0,22.1,83.0,120.6,1.0,0.0,0.0,0.0,0.0,11.7,16.7,169.5,4.9,22.7,266.0,1008.9,1008.9,2.7,5.2
2024-06-12 17:25:00+02:00,14.8,14.8,13.6,7.1,60.0,22.2,83.0,164.3,1.0,0.0,0.0,0.0,0.0,11.7,16.7,169.5,2.2,22.7,219.0,1009.0,1009.0,2.7,5.2
2024-06-12 17:30:00+02:00,14.8,14.8,13.2,7.0,60.0,22.1,83.0,172.6,1.0,0.0,0.0,0.0,0.0,11.7,16.7,169.5,5.1,19.1,245.0,1009.0,1009.0,2.7,5.2
2024-06-12 17:35:00+02:00,14.5,14.5,12.5,6.9,60.0,22.1,83.0,160.1,1.0,0.0,0.0,0.0,0.0,11.7,16.7,169.5,6.6,19.4,251.0,1009.0,1009.0,2.7,5.2
2024-06-12 17:40:00+02:00,14.7,14.7,13.3,6.9,60.0,22.1,83.0,198.4,1.0,0.0,0.0,0.0,0.0,11.7,16.7,169.5,3.3,10.4,258.0,1009.0,1009.0,2.7,5.2
2024-06-12 17:45:00+02:00,14.8,14.8,13.0,6.9,59.0,22.1,83.0,187.3,1.0,0.0,0.0,0.0,0.0,11.7,16.7,169.5,5.6,13.0,286.0,1008.9,1008.9,2.7,5.2
2024-06-12 17:50:00+02:00,14.5,14.5,12.2,6.8,60.0,22.1,83.0,180.8,1.0,0.0,0.0,0.0,0.0,11.7,16.7,169.5,8.1,13.7,295.0,1008.8,1008.8,2.7,5.2
2024-06-12 17:55:00+02:00,14.7,14.7,13.2,7.0,60.0,22.0,83.0,135.8,1.0,0.0,0.0,0.0,0.0,11.7,16.7,169.5,3.6,9.4,280.0,1008.8,1008.8,2.7,5.2
2024-06-12 18:00:00+02:00,14.4,14.4,12.8,6.7,60.0,22.0,84.0,93.8,0.0,0.0,0.0,0.0,0.0,11.7,16.7,169.5,4.3,14.8,325.0,1008.8,1008.8,2.7,5.2
2024-06-12 18:05:00+02:00,14.5,14.5,13.4,6.9,60.0,22.0,83.0,60.8,0.0,0.0,0.0,0.0,0.0,11.7,16.7,169.5,2.2,7.2,246.0,1008.8,1008.8,2.7,5.2
2024-06-12 18:10:00+02:00,14.7,14.7,13.9,7.2,61.0,22.0,83.0,61.1,0.0,0.0,0.0,0.0,0.0,11.7,16.7,169.5,0.4,5.8,143.0,1008.7,1008.7,2.7,5.2
2024-06-12 18:15:00+02:00,14.8,14.8,13.6,7.3,61.0,21.9,83.0,123.8,1.0,0.0,0.0,0.0,0.0,11.7,16.7,169.5,2.7,7.2,87.0,1008.8,1008.8,2.7,5.2
2024-06-12 18:20:00+02:00,15.0,15.0,13.3,7.0,59.0,21.9,83.0,146.1,1.0,0.0,0.0,0.0,0.0,11.7,16.7,169.5,4.9,11.9,330.0,1008.8,1008.8,2.7,5.2
2024-06-12 18:25:00+02:00,14.8,14.8,13.1,6.2,56.0,21.9,83.0,133.7,1.0,0.0,0.0,0.0,0.0,11.7,16.7,169.5,4.6,12.2,252.0,1008.8,1008.8,2.7,5.2
2024-06-12 18:30:00+02:00,14.9,14.9,12.5,5.9,55.0,21.9,83.0,131.8,1.0,0.0,0.0,0.0,0.0,11.7,16.7,169.5,7.3,20.2,287.0,1008.7,1008.7,2.7,5.2
2024-06-12 18:35:00+02:00,14.7,14.7,12.3,5.7,55.0,21.9,83.0,116.2,1.0,0.0,0.0,0.0,0.0,11.7,16.7,169.5,7.2,16.9,277.0,1008.7,1008.7,2.7,5.2
2024-06-12 18:40:00+02:00,14.8,14.8,13.2,6.0,56.0,21.8,83.0,109.9,1.0,0.0,0.0,0.0,0.0,11.7,16.7,169.5,3.5,14.0,305.0,1008.7,1008.7,2.7,5.2
2024-06-12 18:45:00+02:00,14.7,14.7,12.7,6.3,57.0,21.8,83.0,106.5,0.0,0.0,0.0,0.0,0.0,11.7,16.7,169.5,5.6,14.0,279.0,1008.7,1008.7,2.7,5.2
2024-06-12 18:50:00+02:00,14.5,14.5,12.6,6.4,58.0,21.8,83.0,67.2,0.0,0.0,0.0,0.0,0.0,11.7,16.7,169.5,5.4,15.1,280.0,1008.8,1008.8,2.7,5.2
2024-06-12 18:55:00+02:00,14.4,14.4,12.6,6.5,59.0,21.7,83.0,60.8,0.0,0.0,0.0,0.0,0.0,11.7,16.7,169.5,5.1,10.1,289.0,1008.8,1008.8,2.7,5.2
2024-06-12 19:00:00+02:00,14.3,14.3,12.4,6.7,61.0,21.8,83.0,60.8,0.0,0.0,0.0,0.0,0.0,11.7,16.7,169.5,5.7,11.9,305.0,1008.8,1008.8,2.7,5.2
2024-06-12 19:05:00+02:00,14.3,14.3,12.4,6.6,60.0,21.7,83.0,104.5,0.0,0.0,0.0,0.0,0.0,11.7,16.7,169.5,5.5,16.2,275.0,1008.9,1008.9,2.7,5.2
2024-06-12 19:10:00+02:00,14.3,14.3,12.4,6.5,59.0,21.7,83.0,106.9,0.0,0.0,0.0,0.0,0.0,11.7,16.7,169.5,6.1,13.3,266.0,1008.9,1008.9,2.7,5.2
2024-06-12 19:15:00+02:00,14.5,14.5,13.1,6.5,59.0,21.7,83.0,95.7,0.0,0.0,0.0,0.0,0.0,11.7,16.7,169.5,2.7,9.7,271.0,1008.9,1008.9,2.7,5.2
2024-06-12 19:20:00+02:00,14.5,14.5,13.2,6.3,58.0,21.7,83.0,77.0,0.0,0.0,0.0,0.0,0.0,11.7,16.7,169.5,2.4,7.6,261.0,1008.9,1008.9,2.7,5.2
2024-06-12 19:25:00+02:00,14.4,14.4,12.4,6.0,57.0,21.6,83.0,73.0,0.0,0.0,0.0,0.0,0.0,11.7,16.7,169.5,5.6,15.8,301.0,1008.9,1008.9,2.7,5.2
2024-06-12 19:30:00+02:00,14.3,14.3,12.5,5.7,56.0,21.5,83.0,67.2,0.0,0.0,0.0,0.0,0.0,11.7,16.7,169.5,3.9,15.8,288.0,1008.8,1008.8,2.7,5.2
2024-06-12 19:35:00+02:00,14.2,14.2,12.5,5.6,56.0,21.5,83.0,65.6,0.0,0.0,0.0,0.0,0.0,11.7,16.7,169.5,3.7,8.3,269.0,1008.8,1008.8,2.7,5.2
2024-06-12 19:40:00+02:00,14.3,14.3,12.4,5.9,57.0,21.5,83.0,53.7,0.0,0.0,0.0,0.0,0.0,11.7,16.7,169.5,4.5,12.6,273.0,1008.9,1008.9,2.7,5.2
2024-06-12 19:45:00+02:00,14.2,14.2,13.0,6.3,59.0,21.5,83.0,25.6,0.0,0.0,0.0,0.0,0.0,11.7,16.7,169.5,1.9,10.4,110.0,1008.9,1008.9,2.7,5.2
2024-06-12 19:50:00+02:00,14.1,14.1,12.6,6.1,59.0,21.4,83.0,15.5,0.0,0.0,0.0,0.0,0.0,11.7,16.7,169.5,3.0,9.7,214.0,1008.8,1008.8,2.7,5.2
2024-06-12 19:55:00+02:00,14.0,14.0,12.6,6.0,59.0,21.4,83.0,18.5,0.0,0.0,0.0,0.0,0.0,11.7,16.7,169.5,2.2,11.9,267.0,1008.9,1008.9,2.7,5.2
2024-06-12 20:00:00+02:00,13.9,13.9,12.2,5.4,57.0,21.3,83.0,19.4,0.0,0.0,0.0,0.0,0.0,11.7,16.7,169.5,3.6,9.4,299.0,1008.9,1008.9,2.7,5.2
2024-06-12 20:05:00+02:00,13.9,13.9,12.6,5.4,56.0,21.3,82.0,19.6,0.0,0.0,0.0,0.0,0.0,11.7,16.7,169.5,1.2,5.8,109.0,1008.9,1008.9,2.7,5.2
2024-06-12 20:10:00+02:00,13.8,13.8,12.4,5.5,57.0,21.3,82.0,22.3,0.0,0.0,0.0,0.0,0.0,11.7,16.7,169.5,1.9,5.0,187.0,1009.0,1009.0,2.7,5.2
2024-06-12 20:15:00+02:00,13.8,13.8,12.5,5.9,59.0,21.3,82.0,35.6,0.0,0.0,0.0,0.0,0.0,11.7,16.7,169.5,1.8,4.3,126.0,1009.0,1009.0,2.7,5.2
2024-06-12 20:20:00+02:00,13.8,13.8,12.4,5.5,57.0,21.2,82.0,42.1,0.0,0.0,0.0,0.0,0.0,11.7,16.7,169.5,2.2,11.5,292.0,1009.0,1009.0,2.7,5.2
2024-06-12 20:25:00+02:00,13.8,13.8,12.4,5.6,58.0,21.1,82.0,40.2,0.0,0.0,0.0,0.0,0.0,11.7,16.7,169.5,1.8,5.0,222.0,1008.9,1008.9,2.7,5.2
2024-06-12 20:30:00+02:00,13.7,13.7,11.9,5.7,58.0,21.1,82.0,30.3,0.0,0.0,0.0,0.0,0.0,11.7,16.7,169.5,4.2,7.6,298.0,1009.0,1009.0,2.7,5.2
2024-06-12 20:35:00+02:00,13.6,13.6,11.8,5.5,58.0,21.1,82.0,21.2,0.0,0.0,0.0,0.0,0.0,11.7,16.7,169.5,3.9,8.6,305.0,1009.0,1009.0,2.7,5.2
2024-06-12 20:40:00+02:00,13.6,13.6,11.7,5.6,58.0,21.0,82.0,20.0,0.0,0.0,0.0,0.0,0.0,11.7,16.7,169.5,4.5,13.3,282.0,1009.0,1009.0,2.7,5.2
2024-06-12 20:45:00+02:00,13.5,13.5,11.7,5.8,60.0,21.0,82.0,20.8,0.0,0.0,0.0,0.0,0.0,11.7,16.7,169.5,4.0,9.4,308.0,1009.0,1009.0,2.7,5.2
2024-06-12 20:50:00+02:00,13.4,13.4,11.3,6.0,61.0,20.9,82.0,20.2,0.0,0.0,0.0,0.0,0.0,11.7,16.7,169.5,6.1,18.4,265.0,1009.2,1009.2,2.7,5.2
2024-06-12 20:55:00+02:00,13.3,13.3,11.2,6.0,61.0,20.9,82.0,16.5,0.0,0.0,0.0,0.0,0.0,11.7,16.7,169.5,6.1,11.2,274.0,1009.1,1009.1,2.7,5.2
2024-06-12 21:00:00+02:00,13.1,13.1,11.1,5.9,62.0,20.8,82.0,12.9,0.0,0.0,0.0,0.0,0.0,11.7,16.7,169.5,5.6,14.0,269.0,1009.1,1009.1,2.7,5.2
2024-06-12 21:05:00+02:00,13.1,13.1,11.5,6.0,62.0,20.7,82.0,11.1,0.0,0.0,0.0,0.0,0.0,11.7,16.7,169.5,3.5,7.9,277.0,1009.1,1009.1,2.7,5.2
2024-06-12 21:10:00+02:00,13.0,13.0,12.1,6.1,63.0,20.6,82.0,10.2,0.0,0.0,0.0,0.0,0.0,11.7,16.7,169.5,0.0,3.2,242.0,1009.2,1009.2,2.7,5.2
2024-06-12 21:15:00+02:00,12.8,12.8,11.6,6.1,63.0,20.6,82.0,7.7,0.0,0.0,0.0,0.0,0.0,11.7,16.7,169.5,1.9,6.8,280.0,1009.1,1009.1,2.7,5.2
2024-06-12 21:20:00+02:00,12.7,12.7,10.9,6.0,63.0,20.5,82.0,5.8,0.0,0.0,0.0,0.0,0.0,11.7,16.7,169.5,4.5,10.1,219.0,1009.2,1009.2,2.7,5.2
2024-06-12 21:25:00+02:00,12.7,12.7,11.3,6.0,64.0,20.5,82.0,4.3,0.0,0.0,0.0,0.0,0.0,11.7,16.7,169.5,2.7,7.9,283.0,1009.3,1009.3,2.7,5.2
2024-06-12 21:30:00+02:00,12.6,12.6,11.1,6.0,64.0,20.4,82.0,3.3,0.0,0.0,0.0,0.0,0.0,11.7,16.7,169.5,3.0,7.2,253.0,1009.2,1009.2,2.7,5.2
2024-06-12 21:35:00+02:00,12.6,12.6,10.9,5.7,63.0,20.3,82.0,2.5,0.0,0.0,0.0,0.0,0.0,11.7,16.7,169.5,3.4,10.8,275.0,1009.4,1009.4,2.7,5.2
2024-06-12 21:40:00+02:00,12.6,12.6,11.0,5.6,62.0,20.3,82.0,2.1,0.0,0.0,0.0,0.0,0.0,11.7,16.7,169.5,2.7,9.7,45.0,1009.4,1009.4,2.7,5.2
2024-06-12 21:45:00+02:00,12.5,12.5,10.7,5.6,63.0,20.2,82.0,1.7,0.0,0.0,0.0,0.0,0.0,11.7,16.7,169.5,4.0,9.4,246.0,1009.4,1009.4,2.7,5.2
2024-06-12 21:50:00+02:00,12.5,12.5,10.9,5.4,62.0,20.1,81.0,1.1,0.0,0.0,0.0,0.0,0.0,11.7,16.7,169.5,3.0,11.2,157.0,1009.6,1009.6,2.7,5.2
2024-06-12 21:55:00+02:00,12.5,12.5,11.2,5.5,62.0,20.0,81.0,0.6,0.0,0.0,0.0,0.0,0.0,11.7,16.7,169.5,1.6,9.4,284.0,1009.6,1009.6,2.7,5.2
2024-06-12 22:00:00+02:00,12.5,12.5,10.5,5.4,62.0,19.9,82.0,0.4,0.0,0.0,0.0,0.0,0.0,11.7,16.7,169.5,4.8,14.8,283.0,1009.6,1009.6,2.7,5.2
2024-06-12 22:05:00+02:00,12.4,12.4,10.8,5.6,63.0,19.9,82.0,0.2,0.0,0.0,0.0,0.0,0.0,11.7,16.7,169.5,3.1,4.7,185.0,1009.6,1009.6,2.7,5.1
2024-06-12 22:10:00+02:00,12.3,12.3,11.0,5.5,63.0,19.8,82.0,0.2,0.0,0.0,0.0,0.0,0.0,11.7,16.7,169.5,1.7,6.8,273.0,1009.7,1009.7,2.7,5.1
2024-06-12 22:15:00+02:00,12.3,12.3,11.0,5.6,64.0,19.7,82.0,0.1,0.0,0.0,0.0,0.0,0.0,11.7,16.7,169.5,1.2,7.9,121.0,1009.6,1009.6,2.7,5.1
2024-06-12 22:20:00+02:00,12.1,12.1,10.6,5.7,65.0,19.7,81.0,0.0,0.0,0.0,0.0,0.0,0.0,11.7,16.7,169.5,2.5,4.7,277.0,1009.7,1009.7,2.7,5.1
2024-06-12 22:25:00+02:00,12.0,12.0,11.0,5.7,66.0,19.6,81.0,0.0,0.0,0.0,0.0,0.0,0.0,11.7,16.7,169.5,0.4,3.6,94.0,1009.7,1009.7,2.7,5.1
2024-06-12 22:30:00+02:00,11.9,11.9,10.5,5.8,66.0,19.5,82.0,0.0,0.0,0.0,0.0,0.0,0.0,11.7,16.7,169.5,2.2,6.5,271.0,1009.7,1009.7,2.7,5.1
2024-06-12 22:35:00+02:00,11.7,11.7,10.5,5.8,67.0,19.5,82.0,0.0,0.0,0.0,0.0,0.0,0.0,11.7,16.7,169.5,1.3,4.3,123.0,1009.7,1009.7,2.7,5.1
2024-06-12 22:40:00+02:00,11.7,11.7,10.5,5.9,68.0,19.4,82.0,0.0,0.0,0.0,0.0,0.0,0.0,11.7,16.7,169.5,0.9,4.3,259.0,1009.7,1009.7,2.7,5.1
2024-06-12 22:45:00+02:00,11.7,11.7,10.3,5.9,68.0,19.3,82.0,0.0,0.0,0.0,0.0,0.0,0.0,11.7,16.7,169.5,2.2,3.2,9.0,1009.7,1009.7,2.7,5.1
2024-06-12 22:55:00+02:00,11.3,11.3,10.3,6.1,71.0,19.1,82.0,0.0,0.0,0.0,0.0,0.0,0.0,11.7,16.7,169.5,0.7,3.6,41.0,1009.8,1009.8,2.7,5.1
2024-06-12 23:00:00+02:00,11.2,11.2,10.0,6.0,70.0,19.1,82.0,0.0,0.0,0.0,0.0,0.0,0.0,11.7,16.7,169.5,1.2,5.8,217.0,1009.7,1009.7,2.7,5.1
2024-06-12 23:05:00+02:00,11.2,11.2,10.0,5.9,70.0,19.0,82.0,0.0,0.0,0.0,0.0,0.0,0.0,11.7,16.7,169.5,1.2,4.7,274.0,1009.7,1009.7,2.7,5.1
2024-06-12 23:10:00+02:00,11.2,11.2,10.1,6.0,71.0,18.9,82.0,0.0,0.0,0.0,0.0,0.0,0.0,11.7,16.7,169.5,0.6,4.3,285.0,1009.8,1009.8,2.7,5.1
2024-06-12 23:15:00+02:00,11.0,11.0,9.9,6.0,71.0,18.9,82.0,0.0,0.0,0.0,0.0,0.0,0.0,11.7,16.7,169.5,1.2,3.6,32.0,1009.9,1009.9,2.7,5.1
2024-06-12 23:20:00+02:00,10.8,10.8,9.9,6.0,72.0,18.8,82.0,0.0,0.0,0.0,0.0,0.0,0.0,11.7,16.7,169.5,0.4,3.2,347.0,1009.8,1009.8,2.7,5.1
2024-06-12 23:25:00+02:00,10.8,10.8,9.8,6.0,72.0,18.7,82.0,0.0,0.0,0.0,0.0,0.0,0.0,11.7,16.7,169.5,0.4,3.2,106.0,1009.9,1009.9,2.7,5.1
2024-06-12 23:30:00+02:00,10.6,10.6,9.3,6.2,74.0,18.7,82.0,0.0,0.0,0.0,0.0,0.0,0.0,11.7,16.7,169.5,2.0,3.2,115.0,1010.1,1010.1,2.7,5.1
2024-06-12 23:35:00+02:00,10.3,10.3,8.9,6.2,76.0,18.6,82.0,0.0,0.0,0.0,0.0,0.0,0.0,11.7,16.7,169.5,2.4,4.3,101.0,1009.9,1009.9,2.7,5.1
2024-06-12 23:40:00+02:00,10.1,10.1,8.6,6.2,77.0,18.6,81.0,0.0,0.0,0.0,0.0,0.0,0.0,11.7,16.7,169.5,3.1,4.3,107.0,1009.9,1009.9,2.7,5.1
2024-06-12 23:45:00+02:00,10.0,10.0,8.5,6.2,77.0,18.5,81.0,0.0,0.0,0.0,0.0,0.0,0.0,11.7,16.7,169.5,3.4,4.3,111.0,1010.0,1010.0,2.7,5.1
2024-06-12 23:50:00+02:00,10.0,10.0,8.5,6.2,77.0,18.4,81.0,0.0,0.0,0.0,0.0,0.0,0.0,11.7,16.7,169.5,3.3,4.3,115.0,1010.0,1010.0,2.7,5.1
2024-06-12 23:55:00+02:00,10.0,10.0,8.6,6.4,78.0,18.3,81.0,0.0,0.0,0.0,0.0,0.0,0.0,11.7,16.7,169.5,3.0,4.0,110.0,1010.2,1010.2,2.7,5.0
2024-06-13 00:00:00+02:00,10.0,10.0,8.7,6.3,78.0,18.3,81.0,0.0,0.0,0.0,0.0,0.0,0.0,11.7,16.7,169.5,2.4,4.0,114.0,1010.1,1010.1,2.7,5.0
2024-06-13 00:05:00+02:00,10.0,10.0,8.7,6.6,79.0,18.2,81.0,0.0,0.0,0.0,0.0,0.0,0.0,11.7,16.7,169.5,2.6,4.0,112.0,1010.0,1010.0,2.7,5.0
2024-06-13 00:10:00+02:00,9.9,9.9,8.6,6.5,79.0,18.1,81.0,0.0,0.0,0.0,0.0,0.0,0.0,11.7,16.7,169.5,2.4,4.3,102.0,1010.0,1010.0,2.7,5.0
2024-06-13 00:15:00+02:00,10.0,10.0,8.5,6.6,79.0,18.1,81.0,0.0,0.0,0.0,0.0,0.0,0.0,11.7,16.7,169.5,3.3,4.3,110.0,1010.1,1010.1,2.7,5.0
2024-06-13 00:20:00+02:00,10.0,10.0,8.7,6.6,79.0,18.0,81.0,0.0,0.0,0.0,0.0,0.0,0.0,11.7,16.7,169.5,2.4,3.6,107.0,1010.2,1010.2,2.7,5.0
2024-06-13 00:25:00+02:00,10.0,10.0,8.7,6.6,79.0,18.0,81.0,0.0,0.0,0.0,0.0,0.0,0.0,11.7,16.7,169.5,2.5,3.2,115.0,1010.1,1010.1,2.7,5.0
2024-06-13 00:30:00+02:00,9.9,9.9,8.7,6.5,79.0,17.9,81.0,0.0,0.0,0.0,0.0,0.0,0.0,11.7,16.7,169.5,2.1,4.3,114.0,1010.2,1010.2,2.7,5.0
2024-06-13 00:35:00+02:00,10.0,10.0,8.7,6.6,79.0,17.8,81.0,0.0,0.0,0.0,0.0,0.0,0.0,11.7,16.7,169.5,2.4,4.3,105.0,1010.2,1010.2,2.7,5.0
2024-06-13 00:40:00+02:00,10.0,10.0,8.7,6.8,80.0,17.8,81.0,0.0,0.0,0.0,0.0,0.0,0.0,11.7,16.7,169.5,2.8,4.3,114.0,1010.1,1010.1,2.7,5.0
2024-06-13 00:45:00+02:00,9.9,9.9,8.7,6.7,80.0,17.7,81.0,0.0,0.0,0.0,0.0,0.0,0.0,11.7,16.7,169.5,2.2,4.3,113.0,1010.2,1010.2,2.7,5.0
2024-06-13 00:50:00+02:00,9.8,9.8,9.0,6.7,81.0,17.7,81.0,0.0,0.0,0.0,0.0,0.0,0.0,11.7,16.7,169.5,0.5,3.2,121.0,1010.2,1010.2,2.7,5.0
2024-06-13 00:55:00+02:00,9.8,9.8,8.9,6.7,81.0,17.6,81.0,0.0,0.0,0.0,0.0,0.0,0.0,11.7,16.7,169.5,0.6,4.0,112.0,1010.2,1010.2,2.7,5.0
2024-06-13 01:00:00+02:00,9.7,9.7,8.6,6.6,81.0,17.6,81.0,0.0,0.0,0.0,0.0,0.0,0.0,11.7,16.7,169.5,1.9,4.0,103.0,1010.1,1010.1,2.7,5.0
2024-06-13 01:05:00+02:00,9.8,9.8,8.4,6.5,80.0,17.5,81.0,0.0,0.0,0.0,0.0,0.0,0.0,11.7,16.7,169.5,3.0,5.4,110.0,1010.1,1010.1,2.7,5.0
2024-06-13 01:10:00+02:00,9.8,9.8,8.7,6.5,80.0,17.5,81.0,0.0,0.0,0.0,0.0,0.0,0.0,11.7,16.7,169.5,1.5,5.4,115.0,1010.1,1010.1,2.7,5.0
2024-06-13 01:15:00+02:00,9.6,9.6,8.4,6.5,81.0,17.4,81.0,0.0,0.0,0.0,0.0,0.0,0.0,11.7,16.7,169.5,1.9,4.0,97.0,1010.1,1010.1,2.7,5.0
2024-06-13 01:20:00+02:00,9.6,9.6,8.3,6.5,81.0,17.3,81.0,0.0,0.0,0.0,0.0,0.0,0.0,11.7,16.7,169.5,2.7,5.0,120.0,1010.2,1010.2,2.7,5.0
2024-06-13 01:25:00+02:00,9.5,9.5,8.2,6.5,82.0,17.3,81.0,0.0,0.0,0.0,0.0,0.0,0.0,11.7,16.7,169.5,2.2,3.2,111.0,1010.2,1010.2,2.7,5.0
2024-06-13 01:30:00+02:00,9.3,9.3,8.2,6.6,83.0,17.2,81.0,0.0,0.0,0.0,0.0,0.0,0.0,11.7,16.7,169.5,1.4,3.2,103.0,1010.2,1010.2,2.7,5.0
2024-06-13 01:35:00+02:00,9.1,9.1,7.8,6.4,83.0,17.2,81.0,0.0,0.0,0.0,0.0,0.0,0.0,11.7,16.7,169.5,1.9,2.5,103.0,1010.2,1010.2,2.7,5.0
2024-06-13 01:40:00+02:00,8.9,8.9,7.7,6.3,84.0,17.1,81.0,0.0,0.0,0.0,0.0,0.0,0.0,11.7,16.7,169.5,1.8,2.9,110.0,1010.1,1010.1,2.7,5.0
2024-06-13 01:45:00+02:00,8.9,8.9,7.6,6.5,85.0,17.1,81.0,0.0,0.0,0.0,0.0,0.0,0.0,11.7,16.7,169.5,2.6,3.6,110.0,1010.1,1010.1,2.7,4.9
2024-06-13 01:50:00+02:00,8.8,8.8,7.3,6.5,85.0,17.0,81.0,0.0,0.0,0.0,0.0,0.0,0.0,11.7,16.7,169.5,3.5,4.7,106.0,1010.1,1010.1,2.7,4.9
2024-06-13 01:55:00+02:00,8.8,8.8,7.6,6.5,86.0,16.9,81.0,0.0,0.0,0.0,0.0,0.0,0.0,11.7,16.7,169.5,2.1,4.7,112.0,1010.1,1010.1,2.7,4.9
2024-06-13 02:00:00+02:00,8.7,8.7,7.4,6.5,86.0,16.9,81.0,0.0,0.0,0.0,0.0,0.0,0.0,11.7,16.7,169.5,2.7,4.0,107.0,1010.0,1010.0,2.7,4.9
2024-06-13 02:05:00+02:00,8.7,8.7,7.3,6.5,86.0,16.8,81.0,0.0,0.0,0.0,0.0,0.0,0.0,11.7,16.7,169.5,2.9,4.3,107.0,1010.1,1010.1,2.7,4.9
2024-06-13 02:10:00+02:00,8.7,8.7,7.4,6.5,86.0,16.8,81.0,0.0,0.0,0.0,0.0,0.0,0.0,11.7,16.7,169.5,2.3,3.2,101.0,1010.1,1010.1,2.7,4.9
2024-06-13 02:15:00+02:00,8.6,8.6,7.3,6.4,86.0,16.7,81.0,0.0,0.0,0.0,0.0,0.0,0.0,11.7,16.7,169.5,2.3,3.2,105.0,1010.0,1010.0,2.72,4.9
2024-06-13 02:20:00+02:00,8.5,8.5,7.5,6.3,86.0,16.7,81.0,0.0,0.0,0.0,0.0,0.0,0.0,11.7,16.7,169.5,0.9,2.9,117.0,1010.1,1010.1,2.72,4.9
2024-06-13 02:25:00+02:00,8.3,8.3,7.1,6.3,87.0,16.6,81.0,0.0,0.0,0.0,0.0,0.0,0.0,11.7,16.7,169.5,1.9,3.2,108.0,1010.0,1010.0,2.72,4.9
2024-06-13 02:30:00+02:00,8.3,8.3,7.3,6.4,88.0,16.5,81.0,0.0,0.0,0.0,0.0,0.0,0.0,11.7,16.7,169.5,0.7,3.2,111.0,1010.1,1010.1,2.72,4.9
2024-06-13 02:35:00+02:00,8.3,8.3,7.0,6.5,88.0,16.5,81.0,0.0,0.0,0.0,0.0,0.0,0.0,11.7,16.7,169.5,2.7,4.3,101.0,1010.1,1010.1,2.7,4.9
2024-06-13 02:40:00+02:00,8.5,8.5,7.0,6.6,88.0,16.4,81.0,0.0,0.0,0.0,0.0,0.0,0.0,11.7,16.7,169.5,3.5,4.7,111.0,1009.9,1009.9,2.7,4.9
2024-06-13 02:45:00+02:00,8.5,8.5,7.2,6.6,88.0,16.4,81.0,0.0,0.0,0.0,0.0,0.0,0.0,11.7,16.7,169.5,2.4,3.6,108.0,1010.1,1010.1,2.72,4.9
2024-06-13 02:50:00+02:00,8.5,8.5,7.2,6.6,88.0,16.3,81.0,0.0,0.0,0.0,0.0,0.0,0.0,11.7,16.7,169.5,2.8,4.3,110.0,1010.1,1010.1,2.72,4.9
2024-06-13 02:55:00+02:00,8.7,8.7,7.3,6.6,87.0,16.3,81.0,0.0,0.0,0.0,0.0,0.0,0.0,11.7,16.7,169.5,2.7,4.3,107.0,1010.1,1010.1,2.7,4.9
2024-06-13 03:00:00+02:00,8.7,8.7,7.7,6.7,87.0,16.2,81.0,0.0,0.0,0.0,0.0,0.0,0.0,11.7,16.7,169.5,1.4,3.2,110.0,1010.1,1010.1,2.7,4.9
2024-06-13 03:05:00+02:00,8.7,8.7,7.8,6.6,87.0,16.2,81.0,0.0,0.0,0.0,0.0,0.0,0.0,11.7,16.7,169.5,0.4,2.5,93.0,1010.1,1010.1,2.7,4.9
2024-06-13 03:10:00+02:00,8.8,8.8,7.5,6.7,87.0,16.2,81.0,0.0,0.0,0.0,0.0,0.0,0.0,11.7,16.7,169.5,2.2,3.6,106.0,1010.1,1010.1,2.7,4.9
2024-06-13 03:15:00+02:00,8.8,8.8,7.7,6.7,87.0,16.2,81.0,0.0,0.0,0.0,0.0,0.0,0.0,11.7,16.7,169.5,1.9,2.9,103.0,1009.9,1009.9,2.7,4.9
2024-06-13 03:20:00+02:00,8.8,8.8,7.5,6.6,86.0,16.2,81.0,0.0,0.0,0.0,0.0,0.0,0.0,11.7,16.7,169.5,2.5,3.2,110.0,1009.9,1009.9,2.7,4.9
2024-06-13 03:25:00+02:00,8.8,8.8,7.6,6.7,86.0,16.1,81.0,0.0,0.0,0.0,0.0,0.0,0.0,11.7,16.7,169.5,2.7,4.0,103.0,1009.9,1009.9,2.7,4.9
2024-06-13 03:30:00+02:00,8.9,8.9,7.7,6.8,87.0,16.1,81.0,0.0,0.0,0.0,0.0,0.0,0.0,11.7,16.7,169.5,2.2,2.9,101.0,1009.9,1009.9,2.7,4.9
2024-06-13 03:35:00+02:00,8.9,8.9,7.8,6.8,87.0,16.1,81.0,0.0,0.0,0.0,0.0,0.0,0.0,11.7,16.7,169.5,1.7,3.2,99.0,1009.7,1009.7,2.7,4.8
2024-06-13 03:40:00+02:00,8.8,8.8,7.9,6.6,86.0,16.0,81.0,0.0,0.0,0.0,0.0,0.0,0.0,11.7,16.7,169.5,0.9,2.5,108.0,1009.8,1009.8,2.7,4.8
2024-06-13 03:45:00+02:00,8.9,8.9,7.7,6.6,86.0,16.0,81.0,0.0,0.0,0.0,0.0,0.0,0.0,11.7,16.7,169.5,1.9,3.2,101.0,1009.7,1009.7,2.7,4.8
2024-06-13 03:50:00+02:00,8.9,8.9,7.8,6.6,85.0,16.0,81.0,0.0,0.0,0.0,0.0,0.0,0.0,11.7,16.7,169.5,1.5,3.2,92.0,1009.8,1009.8,2.7,4.8
2024-06-13 03:55:00+02:00,8.9,8.9,7.8,6.7,86.0,16.0,81.0,0.0,0.0,0.0,0.0,0.0,0.0,11.7,16.7,169.5,1.9,3.2,104.0,1009.6,1009.6,2.7,4.8
2024-06-13 04:00:00+02:00,8.8,8.8,8.1,6.7,86.0,15.9,81.0,0.0,0.0,0.0,0.0,0.0,0.0,11.7,16.7,169.5,0.0,3.2,108.0,1009.7,1009.7,2.7,4.8
2024-06-13 04:05:00+02:00,8.9,8.9,8.1,6.8,87.0,15.9,81.0,0.0,0.0,0.0,0.0,0.0,0.0,11.7,16.7,169.5,0.4,2.9,65.0,1009.6,1009.6,2.7,4.8
2024-06-13 04:10:00+02:00,9.0,9.0,8.2,6.7,86.0,15.9,82.0,0.0,0.0,0.0,0.0,0.0,0.0,11.7,16.7,169.5,0.5,2.5,131.0,1009.6,1009.6,2.7,4.8
2024-06-13 04:15:00+02:00,8.9,8.9,7.8,6.7,86.0,15.9,81.0,0.0,0.0,0.0,0.0,0.0,0.0,11.7,16.7,169.5,1.7,2.9,111.0,1009.6,1009.6,2.7,4.8
2024-06-13 04:20:00+02:00,8.8,8.8,7.7,6.7,87.0,15.8,82.0,0.0,0.0,0.0,0.0,0.0,0.0,11.7,16.7,169.5,1.9,2.5,109.0,1009.5,1009.5,2.7,4.8
2024-06-13 04:25:00+02:00,8.8,8.8,7.6,6.7,87.0,15.8,82.0,0.0,0.0,0.0,0.0,0.0,0.0,11.7,16.7,169.5,2.2,2.5,107.0,1009.5,1009.5,2.7,4.8
2024-06-13 04:30:00+02:00,8.7,8.7,7.6,6.7,87.0,15.8,82.0,0.0,0.0,0.0,0.0,0.0,0.0,11.7,16.7,169.5,2.1,3.2,109.0,1009.5,1009.5,2.7,4.8
2024-06-13 04:35:00+02:00,8.8,8.8,7.5,6.8,87.0,15.8,82.0,0.0,0.0,0.0,0.0,0.0,0.0,11.7,16.7,169.5,2.7,4.0,106.0,1009.4,1009.4,2.7,4.8
2024-06-13 04:40:00+02:00,8.8,8.8,7.5,6.7,87.0,15.7,82.0,0.0,0.0,0.0,0.0,0.0,0.0,11.7,16.7,169.5,2.8,3.6,113.0,1009.5,1009.5,2.7,4.8
2024-06-13 04:45:00+02:00,8.8,8.8,7.5,6.7,87.0,15.7,82.0,0.1,0.0,0.0,0.0,0.0,0.0,11.7,16.7,169.5,3.1,4.0,112.0,1009.4,1009.4,2.7,4.8
2024-06-13 04:50:00+02:00,8.8,8.8,7.5,6.8,87.0,15.7,82.0,0.2,0.0,0.0,0.0,0.0,0.0,11.7,16.7,169.5,2.7,4.0,108.0,1009.4,1009.4,2.7,4.8
2024-06-13 04:55:00+02:00,8.7,8.7,7.5,6.8,87.0,15.7,82.0,0.4,0.0,0.0,0.0,0.0,0.0,11.7,16.7,169.5,2.3,2.9,94.0,1009.5,1009.5,2.7,4.8
2024-06-13 05:00:00+02:00,8.7,8.7,7.7,6.6,87.0,15.7,82.0,0.7,0.0,0.0,0.0,0.0,0.0,11.7,16.7,169.5,0.9,2.5,114.0,1009.4,1009.4,2.7,4.8
2024-06-13 05:05:00+02:00,8.7,8.7,7.3,6.8,88.0,15.6,82.0,1.1,0.0,0.0,0.0,0.0,0.0,11.7,16.7,169.5,3.0,4.3,112.0,1009.4,1009.4,2.7,4.8
2024-06-13 05:10:00+02:00,8.7,8.7,7.3,6.8,88.0,15.6,82.0,1.7,0.0,0.0,0.0,0.0,0.0,11.7,16.7,169.5,3.3,4.7,108.0,1009.5,1009.5,2.7,4.8
2024-06-13 05:15:00+02:00,8.7,8.7,7.5,6.8,88.0,15.6,82.0,2.2,0.0,0.0,0.0,0.0,0.0,11.7,16.7,169.5,2.4,3.2,100.0,1009.5,1009.5,2.7,4.7
2024-06-13 05:20:00+02:00,8.7,8.7,7.5,6.8,88.0,15.6,82.0,3.1,0.0,0.0,0.0,0.0,0.0,11.7,16.7,169.5,2.4,2.9,103.0,1009.5,1009.5,2.7,4.7
2024-06-13 05:25:00+02:00,8.7,8.7,7.5,6.8,88.0,15.5,82.0,4.1,0.0,0.0,0.0,0.0,0.0,11.7,16.7,169.5,2.4,3.6,108.0,1009.5,1009.5,2.7,4.7
2024-06-13 05:30:00+02:00,8.7,8.7,7.4,7.0,89.0,15.5,82.0,5.5,0.0,0.0,0.0,0.0,0.0,11.7,16.7,169.5,2.8,4.0,107.0,1009.4,1009.4,2.7,4.7
2024-06-13 05:35:00+02:00,8.7,8.7,7.4,7.0,89.0,15.5,82.0,6.7,0.0,0.0,0.0,0.0,0.0,11.7,16.7,169.5,3.2,4.7,107.0,1009.5,1009.5,2.7,4.7
2024-06-13 05:40:00+02:00,8.7,8.7,7.5,7.0,89.0,15.5,82.0,7.9,0.0,0.0,0.0,0.0,0.0,11.7,16.7,169.5,2.7,4.7,107.0,1009.5,1009.5,2.7,4.7
2024-06-13 05:45:00+02:00,8.7,8.7,7.6,6.8,88.0,15.4,82.0,9.2,0.0,0.0,0.0,0.0,0.0,11.7,16.7,169.5,2.0,4.0,91.0,1009.4,1009.4,2.7,4.7
2024-06-13 05:50:00+02:00,8.8,8.8,7.9,6.9,88.0,15.4,82.0,11.1,0.0,0.0,0.0,0.0,0.0,11.7,16.7,169.5,0.8,2.9,113.0,1009.5,1009.5,2.7,4.7
2024-06-13 05:55:00+02:00,8.8,8.8,7.8,6.9,88.0,15.3,82.0,13.1,0.0,0.0,0.0,0.0,0.0,11.7,16.7,169.5,1.2,2.5,112.0,1009.4,1009.4,2.7,4.7
2024-06-13 06:00:00+02:00,8.7,8.7,7.8,7.0,89.0,15.4,82.0,16.1,0.0,0.0,0.0,0.0,0.0,11.7,16.7,169.5,1.2,2.5,95.0,1009.4,1009.4,2.7,4.7
2024-06-13 06:05:00+02:00,8.8,8.8,7.6,7.0,89.0,15.4,82.0,20.5,0.0,0.0,0.0,0.0,0.0,11.7,16.7,169.5,2.2,3.2,99.0,1009.4,1009.4,2.7,4.7
2024-06-13 06:10:00+02:00,8.9,8.9,7.8,6.9,87.0,15.3,82.0,26.1,0.0,0.0,0.0,0.0,0.0,11.7,16.7,169.5,2.3,4.0,102.0,1009.4,1009.4,2.7,4.7
2024-06-13 06:15:00+02:00,9.2,9.2,8.1,6.9,86.0,15.3,82.0,29.0,0.0,0.0,0.0,0.0,0.0,11.7,16.7,169.5,2.2,4.0,106.0,1009.3,1009.3,2.7,4.7
2024-06-13 06:20:00+02:00,9.3,9.3,8.2,6.9,85.0,15.3,82.0,31.9,0.0,0.0,0.0,0.0,0.0,11.7,16.7,169.5,2.1,4.3,116.0,1009.4,1009.4,2.7,4.7
2024-06-13 06:25:00+02:00,9.5,9.5,8.4,7.1,85.0,15.3,82.0,33.2,0.0,0.0,0.0,0.0,0.0,11.7,16.7,169.5,1.9,3.2,100.0,1009.4,1009.4,2.7,4.7
2024-06-13 06:30:00+02:00,9.6,9.6,8.5,7.1,85.0,15.3,82.0,35.3,0.0,0.0,0.0,0.0,0.0,11.7,16.7,169.5,2.3,3.6,100.0,1009.4,1009.4,2.7,4.7
2024-06-13 06:35:00+02:00,9.7,9.7,8.7,7.1,84.0,15.3,82.0,34.1,0.0,0.0,0.0,0.0,0.0,11.7,16.7,169.5,1.4,3.2,106.0,1009.4,1009.4,2.7,4.7
2024-06-13 06:40:00+02:00,9.7,9.7,8.9,7.3,85.0,15.3,82.0,45.0,0.0,0.0,0.0,0.0,0.0,11.7,16.7,169.5,0.8,2.5,103.0,1009.4,1009.4,2.7,4.7
2024-06-13 06:45:00+02:00,9.8,9.8,8.6,7.4,85.0,15.3,82.0,59.9,0.0,0.0,0.0,0.0,0.0,11.7,16.7,169.5,3.2,4.0,110.0,1009.4,1009.4,2.7,4.7
2024-06-13 06:50:00+02:00,10.0,10.0,8.8,7.3,83.0,15.3,82.0,66.6,0.0,0.0,0.0,0.0,0.0,11.7,16.7,169.5,3.0,4.0,103.0,1009.4,1009.4,2.7,4.7
2024-06-13 06:55:00+02:00,10.2,10.2,9.0,7.2,82.0,15.4,82.0,69.5,0.0,0.0,0.0,0.0,0.0,11.7,16.7,169.5,3.2,4.7,101.0,1009.4,1009.4,2.7,4.8
2024-06-13 07:00:00+02:00,10.4,10.4,8.8,7.1,80.0,15.4,83.0,74.0,0.0,0.0,0.0,0.0,0.0,11.7,16.7,169.5,4.6,7.6,110.0,1009.4,1009.4,2.7,4.8
2024-06-13 07:05:00+02:00,10.5,10.5,8.4,6.9,79.0,15.4,83.0,69.9,0.0,0.0,0.0,0.0,0.0,11.7,16.7,169.5,7.0,9.0,115.0,1009.4,1009.4,2.7,4.8
2024-06-13 07:10:00+02:00,10.6,10.6,8.7,7.0,79.0,15.4,83.0,63.1,0.0,0.0,0.0,0.0,0.0,11.7,16.7,169.5,6.0,8.6,120.0,1009.4,1009.4,2.7,4.8
2024-06-13 07:15:00+02:00,10.6,10.6,8.7,6.9,78.0,15.5,83.0,69.5,0.0,0.0,0.0,0.0,0.0,11.7,16.7,169.5,5.9,9.4,114.0,1009.5,1009.5,2.7,4.8
2024-06-13 07:20:00+02:00,10.7,10.7,8.6,6.9,77.0,15.5,83.0,74.3,0.0,0.0,0.0,0.0,0.0,11.7,16.7,169.5,7.1,9.4,112.0,1009.5,1009.5,2.7,4.8
2024-06-13 07:25:00+02:00,10.8,10.8,9.0,7.0,77.0,15.5,83.0,72.6,0.0,0.0,0.0,0.0,0.0,11.7,16.7,169.5,6.0,9.0,108.0,1009.4,1009.4,2.7,4.8
2024-06-13 07:30:00+02:00,10.9,10.9,9.1,7.1,77.0,15.6,83.0,75.7,0.0,0.0,0.0,0.0,0.0,11.7,16.7,169.5,5.8,7.9,110.0,1009.3,1009.3,2.7,4.8
2024-06-13 07:35:00+02:00,11.0,11.0,9.7,7.2,77.0,15.6,83.0,87.2,0.0,0.0,0.0,0.0,0.0,11.7,16.7,169.5,3.5,6.1,105.0,1009.4,1009.4,2.7,4.9
2024-06-13 07:40:00+02:00,11.2,11.2,9.7,7.2,77.0,15.6,83.0,98.3,0.0,0.0,0.0,0.0,0.0,11.7,16.7,169.5,4.1,9.7,115.0,1009.5,1009.5,2.7,4.9
2024-06-13 07:45:00+02:00,11.2,11.2,9.4,7.1,76.0,15.7,83.0,97.6,0.0,0.0,0.0,0.0,0.0,11.7,16.7,169.5,5.3,7.9,113.0,1009.4,1009.4,2.7,4.9
2024-06-13 07:50:00+02:00,11.2,11.2,9.2,7.2,76.0,15.7,83.0,91.8,0.0,0.0,0.0,0.0,0.0,11.7,16.7,169.5,6.8,11.9,117.0,1009.5,1009.5,2.7,4.9
2024-06-13 07:55:00+02:00,11.3,11.3,9.4,7.1,76.0,15.7,83.0,94.2,0.0,0.0,0.0,0.0,0.0,11.7,16.7,169.5,6.3,10.1,111.0,1009.3,1009.3,2.7,4.9
2024-06-13 08:00:00+02:00,11.3,11.3,9.1,7.1,75.0,15.8,83.0,117.3,1.0,0.0,0.0,0.0,0.0,11.7,16.7,169.5,7.9,10.4,116.0,1009.4,1009.4,2.7,4.9
2024-06-13 08:05:00+02:00,11.3,11.3,9.2,7.0,75.0,15.8,83.0,122.5,1.0,0.0,0.0,0.0,0.0,11.7,16.7,169.5,7.5,11.5,118.0,1009.4,1009.4,2.7,5.0
2024-06-13 08:10:00+02:00,11.4,11.4,9.5,7.2,76.0,15.8,83.0,106.8,0.0,0.0,0.0,0.0,0.0,11.7,16.7,169.5,6.5,11.5,115.0,1009.4,1009.4,2.7,5.0
2024-06-13 08:15:00+02:00,11.4,11.4,9.3,7.0,75.0,15.9,84.0,104.8,0.0,0.0,0.0,0.0,0.0,11.7,16.7,169.5,7.4,12.6,112.0,1009.4,1009.4,2.7,5.0
2024-06-13 08:20:00+02:00,11.4,11.4,9.4,7.0,74.0,15.9,84.0,119.7,1.0,0.0,0.0,0.0,0.0,11.7,16.7,169.5,6.9,10.8,112.0,1009.4,1009.4,2.7,5.0
2024-06-13 08:25:00+02:00,11.5,11.5,9.4,7.1,74.0,15.9,84.0,155.2,1.0,0.0,0.0,0.0,0.0,11.7,16.7,169.5,7.7,11.5,111.0,1009.4,1009.4,2.7,5.0
2024-06-13 08:30:00+02:00,11.8,11.8,9.8,7.2,73.0,16.0,84.0,342.8,3.0,0.0,0.0,0.0,0.0,11.7,16.7,169.5,6.5,11.2,111.0,1009.4,1009.4,2.7,5.0
2024-06-13 08:35:00+02:00,12.1,12.1,10.1,7.3,72.0,16.0,84.0,306.3,2.0,0.0,0.0,0.0,0.0,11.7,16.7,169.5,6.9,13.3,116.0,1009.4,1009.4,2.7,5.1
2024-06-13 08:40:00+02:00,12.3,12.3,10.5,7.3,71.0,16.1,84.0,302.1,2.0,0.0,0.0,0.0,0.0,11.7,16.7,169.5,6.0,13.7,117.0,1009.4,1009.4,2.7,5.1
2024-06-13 08:45:00+02:00,12.5,12.5,11.0,7.1,70.0,16.2,84.0,283.7,2.0,0.0,0.0,0.0,0.0,11.7,16.7,169.5,4.4,13.7,92.0,1009.2,1009.2,2.7,5.2
2024-06-13 08:50:00+02:00,12.6,12.6,10.6,7.3,70.0,16.3,84.0,167.3,1.0,0.0,0.0,0.0,0.0,11.7,16.7,169.5,7.0,12.6,121.0,1009.3,1009.3,2.7,5.2
2024-06-13 08:55:00+02:00,12.5,12.5,9.9,7.2,70.0,16.3,85.0,220.2,2.0,0.0,0.0,0.0,0.0,11.7,16.7,169.5,9.6,18.0,108.0,1009.3,1009.3,2.7,5.2
2024-06-13 09:00:00+02:00,12.5,12.5,10.5,7.2,70.0,16.5,85.0,234.2,2.0,0.0,0.0,0.0,0.0,11.7,16.7,169.5,7.1,19.1,118.0,1009.2,1009.2,2.7,5.2
2024-06-13 09:05:00+02:00,13.0,13.0,11.3,7.4,69.0,16.6,85.0,271.6,2.0,0.0,0.0,0.0,0.0,11.7,16.7,169.5,5.6,12.2,109.0,1009.2,1009.2,2.7,5.2
2024-06-13 09:10:00+02:00,13.2,13.2,11.3,7.5,68.0,16.8,85.0,262.2,2.0,0.0,0.0,0.0,0.0,11.7,16.7,169.5,7.0,12.6,111.0,1009.1,1009.1,2.7,5.2
2024-06-13 09:15:00+02:00,14.1,14.1,13.0,7.8,66.0,16.9,85.0,300.7,2.0,0.0,0.0,0.0,0.0,11.7,16.7,169.5,3.2,7.6,102.0,1009.1,1009.1,2.7,5.2
2024-06-13 09:20:00+02:00,13.9,13.9,12.2,7.8,67.0,17.0,85.0,346.5,3.0,0.0,0.0,0.0,0.0,11.7,16.7,169.5,5.9,13.7,106.0,1009.1,1009.1,2.7,5.2
2024-06-13 09:25:00+02:00,14.1,14.1,12.7,7.7,65.0,17.2,86.0,382.2,3.0,0.0,0.0,0.0,0.0,11.7,16.7,169.5,4.7,9.0,94.0,1009.1,1009.1,2.7,5.2
2024-06-13 09:30:00+02:00,14.5,14.5,13.2,7.5,63.0,17.3,85.0,402.7,3.0,0.0,0.0,0.0,0.0,11.7,16.7,169.5,3.5,7.6,218.0,1009.0,1009.0,2.7,5.2
2024-06-13 09:35:00+02:00,15.3,15.3,13.4,8.0,62.0,17.6,85.0,439.1,4.0,0.0,0.0,0.0,0.0,11.7,16.7,169.5,7.3,15.5,134.0,1008.9,1008.9,2.7,5.2
2024-06-13 09:40:00+02:00,14.7,14.7,13.5,7.5,62.0,17.8,85.0,476.9,4.0,0.0,0.0,0.0,0.0,11.7,16.7,169.5,3.4,15.5,131.0,1009.0,1009.0,2.7,5.2
2024-06-13 09:45:00+02:00,15.3,15.3,13.3,7.4,59.0,18.0,85.0,400.2,3.0,0.0,0.0,0.0,0.0,11.7,16.7,169.5,6.8,14.4,96.0,1009.1,1009.1,2.7,5.2
2024-06-13 09:50:00+02:00,14.7,14.7,13.2,6.8,59.0,18.3,85.0,339.9,3.0,0.0,0.0,0.0,0.0,11.7,16.7,169.5,4.0,11.9,102.0,1009.0,1009.0,2.7,5.2
2024-06-13 09:55:00+02:00,14.7,14.7,13.1,7.3,61.0,18.5,85.0,355.8,3.0,0.0,0.0,0.0,0.0,11.7,16.7,169.5,5.0,11.5,114.0,1009.0,1009.0,2.7,5.2
2024-06-13 10:00:00+02:00,14.8,14.8,13.0,7.4,61.0,18.7,85.0,392.3,3.0,0.0,0.0,0.0,0.0,11.7,16.7,169.5,6.1,15.5,116.0,1008.8,1008.8,2.7,5.2
2024-06-13 10:05:00+02:00,15.2,15.2,13.3,7.1,58.0,18.9,85.0,470.1,4.0,0.0,0.0,0.0,0.0,11.7,16.7,169.5,6.0,10.8,120.0,1008.8,1008.8,2.7,5.2
2024-06-13 10:10:00+02:00,15.3,15.3,13.2,6.1,54.0,19.2,85.0,470.3,4.0,0.0,0.0,0.0,0.0,11.7,16.7,169.5,6.1,12.2,115.0,1008.8,1008.8,2.7,5.2
2024-06-13 10:15:00+02:00,15.4,15.4,13.4,6.5,55.0,19.4,85.0,470.5,4.0,0.0,0.0,0.0,0.0,11.7,16.7,169.5,6.1,12.2,114.0,1008.7,1008.7,2.7,5.3
2024-06-13 10:20:00+02:00,15.4,15.4,13.3,6.3,55.0,19.7,85.0,470.3,4.0,0.0,0.0,0.0,0.0,11.7,16.7,169.5,6.4,14.4,118.0,1008.8,1008.8,2.7,5.3
2024-06-13 10:25:00+02:00,15.7,15.7,14.0,6.5,55.0,19.8,84.0,504.7,4.0,0.0,0.0,0.0,0.0,11.7,16.7,169.5,4.6,11.5,55.0,1008.7,1008.7,2.7,5.3
2024-06-13 10:30:00+02:00,16.8,16.8,15.3,6.2,50.0,20.0,84.0,501.2,4.0,0.0,0.0,0.0,0.0,11.7,16.7,169.5,3.1,10.4,316.0,1008.8,1008.8,2.7,5.3
2024-06-13 10:35:00+02:00,17.3,17.3,15.9,6.2,48.0,20.3,83.0,463.9,4.0,0.0,0.0,0.0,0.0,11.7,16.7,169.5,2.5,5.8,159.0,1008.7,1008.7,2.7,5.3
2024-06-13 10:40:00+02:00,17.4,17.4,15.6,6.2,48.0,20.5,83.0,408.4,3.0,0.0,0.0,0.0,0.0,11.7,16.7,169.5,5.0,14.4,296.0,1008.8,1008.8,2.7,5.3
2024-06-13 10:45:00+02:00,16.8,16.8,15.4,6.1,49.0,20.7,83.0,390.1,3.0,0.0,0.0,0.0,0.0,11.7,16.7,169.5,2.7,13.3,233.0,1008.8,1008.8,2.7,5.3
2024-06-13 11:05:00+02:00,17.0,17.0,16.0,5.4,46.0,21.5,81.0,503.4,4.0,0.0,0.0,0.0,0.0,11.7,16.7,169.5,0.0,8.3,25.0,1008.5,1008.5,2.7,5.3
2024-06-13 11:10:00+02:00,16.9,16.9,14.9,5.5,47.0,21.7,81.0,622.9,5.0,0.0,0.0,0.0,0.0,11.7,16.7,169.5,5.3,14.4,120.0,1008.5,1008.5,2.7,5.3
2024-06-13 11:15:00+02:00,18.0,18.0,16.5,4.7,41.0,21.8,81.0,627.5,5.0,0.0,0.0,0.0,0.0,11.7,16.7,169.5,1.3,9.0,200.0,1008.5,1008.5,2.7,5.3
2024-06-13 11:20:00+02:00,18.7,18.7,17.2,5.9,43.0,22.1,81.0,615.3,5.0,0.0,0.0,0.0,0.0,11.7,16.7,169.5,2.7,9.7,140.0,1008.4,1008.4,2.7,5.3
2024-06-13 11:25:00+02:00,18.0,18.0,15.9,5.4,44.0,22.3,81.0,622.3,5.0,0.0,0.0,0.0,0.0,11.7,16.7,169.5,5.6,10.1,122.0,1008.4,1008.4,2.7,5.3
2024-06-13 11:30:00+02:00,16.6,16.6,14.2,5.4,48.0,22.6,80.0,627.8,5.0,0.0,0.0,0.0,0.0,11.7,16.7,169.5,7.1,19.1,144.0,1008.4,1008.4,2.7,5.3
2024-06-13 11:35:00+02:00,17.4,17.4,15.2,4.5,42.0,22.8,80.0,467.5,4.0,0.0,0.0,0.0,0.0,11.7,16.7,169.5,4.5,9.7,127.0,1008.3,1008.3,2.7,5.3
2024-06-13 11:40:00+02:00,18.0,18.0,16.2,4.2,40.0,23.0,80.0,557.0,5.0,0.0,0.0,0.0,0.0,11.7,16.7,169.5,3.0,11.2,223.0,1008.4,1008.4,2.7,5.3
2024-06-13 11:45:00+02:00,18.7,18.7,16.6,3.9,38.0,23.3,79.0,724.0,6.0,0.0,0.0,0.0,0.0,11.7,16.7,169.5,4.2,14.4,157.0,1008.3,1008.3,2.7,5.3
2024-06-13 11:50:00+02:00,18.5,18.5,16.5,4.2,39.0,23.5,79.0,692.1,6.0,0.0,0.0,0.0,0.0,11.7,16.7,169.5,3.8,13.7,203.0,1008.3,1008.3,2.7,5.3
2024-06-13 11:55:00+02:00,19.4,19.4,17.6,4.5,37.0,23.7,79.0,701.7,6.0,0.0,0.0,0.0,0.0,11.7,16.7,169.5,3.3,15.5,97.0,1008.3,1008.3,2.7,5.3
2024-06-13 12:00:00+02:00,18.3,18.3,16.0,4.7,41.0,23.9,79.0,458.7,4.0,0.0,0.0,0.0,0.0,11.7,16.7,169.5,5.5,18.7,142.0,1008.1,1008.1,2.7,5.3
2024-06-13 12:05:00+02:00,17.1,17.1,14.7,4.3,43.0,24.1,78.0,476.1,4.0,0.0,0.0,0.0,0.0,11.7,16.7,169.5,6.0,17.6,96.0,1008.1,1008.1,2.7,5.3
2024-06-13 12:10:00+02:00,18.2,18.2,16.3,4.9,41.0,24.3,78.0,661.4,6.0,0.0,0.0,0.0,0.0,11.7,16.7,169.5,4.2,9.7,58.0,1008.2,1008.2,2.7,5.3
2024-06-13 12:15:00+02:00,18.6,18.6,16.5,5.3,42.0,24.4,78.0,531.7,4.0,0.0,0.0,0.0,0.0,11.7,16.7,169.5,5.1,10.1,152.0,1008.1,1008.1,2.7,5.3
2024-06-13 12:20:00+02:00,18.8,18.8,16.6,4.7,39.0,24.6,78.0,620.8,5.0,0.0,0.0,0.0,0.0,11.7,16.7,169.5,5.3,14.8,102.0,1008.0,1008.0,2.7,5.3
2024-06-13 12:25:00+02:00,19.7,19.7,18.2,5.3,39.0,24.7,78.0,539.5,5.0,0.0,0.0,0.0,0.0,11.7,16.7,169.5,2.1,14.8,313.0,1008.0,1008.0,2.7,5.3
2024-06-13 12:30:00+02:00,19.2,19.2,16.6,5.0,39.0,24.8,78.0,735.8,6.0,0.0,0.0,0.0,0.0,11.7,16.7,169.5,7.3,19.8,119.0,1008.0,1008.0,2.7,5.3
2024-06-13 12:35:00+02:00,18.2,18.2,15.8,4.5,40.0,25.0,77.0,724.6,6.0,0.0,0.0,0.0,0.0,11.7,16.7,169.5,6.1,11.9,121.0,1007.9,1007.9,2.7,5.3
2024-06-13 12:40:00+02:00,19.0,19.0,16.7,3.8,36.0,25.2,77.0,692.8,6.0,0.0,0.0,0.0,0.0,11.7,16.7,169.5,5.0,11.5,243.0,1007.9,1007.9,2.7,5.3
2024-06-13 12:45:00+02:00,18.9,18.9,16.0,5.0,40.0,25.4,77.0,707.7,6.0,0.0,0.0,0.0,0.0,11.7,16.7,169.5,9.0,21.6,110.0,1007.9,1007.9,2.7,5.3
2024-06-13 12:50:00+02:00,18.6,18.6,16.5,4.1,38.0,25.5,77.0,666.9,6.0,0.0,0.0,0.0,0.0,11.7,16.7,169.5,3.9,10.8,82.0,1007.8,1007.8,2.7,5.3
2024-06-13 12:55:00+02:00,19.1,19.1,17.2,5.2,40.0,25.8,77.0,644.7,5.0,0.0,0.0,0.0,0.0,11.7,16.7,169.5,4.3,12.2,143.0,1007.7,1007.7,2.7,5.3
2024-06-13 13:00:00+02:00,20.0,20.0,18.0,4.3,36.0,26.0,77.0,633.7,5.0,0.0,0.0,0.0,0.0,11.7,16.7,169.5,3.8,8.3,241.0,1007.7,1007.7,2.7,5.3
2024-06-13 13:05:00+02:00,20.8,20.8,18.5,4.5,34.0,26.2,76.0,629.0,5.0,0.0,0.0,0.0,0.0,11.7,16.7,169.5,5.2,13.7,227.0,1007.6,1007.6,2.7,5.3
2024-06-13 13:10:00+02:00,20.1,20.1,17.6,4.8,37.0,26.3,76.0,628.9,5.0,0.0,0.0,0.0,0.0,11.7,16.7,169.5,6.8,21.2,155.0,1007.6,1007.6,2.7,5.3
2024-06-13 13:15:00+02:00,18.4,18.4,15.8,4.4,40.0,26.4,76.0,610.7,5.0,0.0,0.0,0.0,0.0,11.7,16.7,169.5,6.7,19.8,123.0,1007.4,1007.4,2.7,5.3
2024-06-13 13:20:00+02:00,18.3,18.3,15.6,4.8,41.0,26.5,76.0,622.3,5.0,0.0,0.0,0.0,0.0,11.7,16.7,169.5,8.2,22.7,203.0,1007.5,1007.5,2.7,5.3
2024-06-13 13:25:00+02:00,19.8,19.8,18.1,5.0,38.0,26.6,76.0,619.9,5.0,0.0,0.0,0.0,0.0,11.7,16.7,169.5,3.0,10.4,202.0,1007.5,1007.5,2.7,5.3
2024-06-13 13:30:00+02:00,19.5,19.5,16.7,5.0,39.0,26.7,76.0,681.2,6.0,0.0,0.0,0.0,0.0,11.7,16.7,169.5,8.8,17.6,118.0,1007.4,1007.4,2.7,5.3
2024-06-13 13:35:00+02:00,18.0,18.0,14.1,5.3,43.0,26.8,76.0,591.7,5.0,0.0,0.0,0.0,0.0,11.7,16.7,169.5,14.6,21.6,127.0,1007.3,1007.3,2.7,5.3
2024-06-13 13:40:00+02:00,17.4,17.4,14.6,4.9,44.0,26.8,76.0,627.4,5.0,0.0,0.0,0.0,0.0,11.7,16.7,169.5,8.5,21.6,135.0,1007.2,1007.2,2.7,5.3
2024-06-13 13:45:00+02:00,18.2,18.2,14.9,4.5,40.0,26.9,76.0,596.7,5.0,0.0,0.0,0.0,0.0,11.7,16.7,169.5,10.7,25.2,116.0,1007.2,1007.2,2.7,5.3
2024-06-13 13:50:00+02:00,17.9,17.9,15.6,5.4,44.0,27.0,76.0,591.2,5.0,0.0,0.0,0.0,0.0,11.7,16.7,169.5,6.8,13.7,131.0,1007.2,1007.2,2.7,5.3
2024-06-13 13:55:00+02:00,18.6,18.6,16.3,4.6,40.0,27.0,77.0,610.4,5.0,0.0,0.0,0.0,0.0,11.7,16.7,169.5,5.5,14.8,208.0,1007.1,1007.1,2.7,5.3
2024-06-13 14:00:00+02:00,19.5,19.5,17.9,5.2,39.0,27.1,78.0,615.5,5.0,0.0,0.0,0.0,0.0,11.7,16.7,169.5,3.0,10.1,164.0,1007.1,1007.1,2.7,5.3
2024-06-13 14:05:00+02:00,18.4,18.4,15.7,5.5,43.0,27.2,77.0,627.2,5.0,0.0,0.0,0.0,0.0,11.7,16.7,169.5,8.4,20.9,127.0,1006.9,1006.9,2.7,5.3
2024-06-13 14:10:00+02:00,19.4,19.4,17.5,4.7,38.0,27.1,78.0,609.8,5.0,0.0,0.0,0.0,0.0,11.7,16.7,169.5,3.8,12.6,203.0,1006.8,1006.8,2.7,5.3
2024-06-13 14:15:00+02:00,19.5,19.5,16.7,5.4,40.0,27.1,78.0,645.7,6.0,0.0,0.0,0.0,0.0,11.7,16.7,169.5,9.3,20.2,123.0,1006.8,1006.8,2.7,5.3
2024-06-13 14:20:00+02:00,18.4,18.4,16.0,4.8,41.0,27.1,79.0,663.1,6.0,0.0,0.0,0.0,0.0,11.7,16.7,169.5,6.3,16.6,122.0,1006.8,1006.8,2.7,5.3
2024-06-13 14:25:00+02:00,19.6,19.6,18.0,5.0,39.0,27.2,78.0,678.2,6.0,0.0,0.0,0.0,0.0,11.7,16.7,169.5,2.5,7.9,205.0,1006.7,1006.7,2.7,5.3
2024-06-13 14:30:00+02:00,19.8,19.8,17.8,5.1,38.0,27.2,78.0,689.3,6.0,0.0,0.0,0.0,0.0,11.7,16.7,169.5,4.6,15.8,131.0,1006.8,1006.8,2.7,5.3
2024-06-13 14:35:00+02:00,19.8,19.8,17.7,5.6,40.0,27.1,79.0,628.0,5.0,0.0,0.0,0.0,0.0,11.7,16.7,169.5,5.7,20.2,129.0,1006.7,1006.7,2.7,5.3
2024-06-13 14:40:00+02:00,19.3,19.3,17.4,4.7,38.0,27.2,79.0,236.7,2.0,0.0,0.0,0.0,0.0,11.7,16.7,169.5,3.7,13.3,194.0,1006.7,1006.7,2.7,5.3
2024-06-13 14:45:00+02:00,19.5,19.5,17.7,4.5,37.0,27.1,79.0,522.9,4.0,0.0,0.0,0.0,0.0,11.7,16.7,169.5,2.7,8.6,43.0,1006.7,1006.7,2.7,5.3
2024-06-13 14:50:00+02:00,20.4,20.4,18.5,4.7,36.0,27.2,79.0,586.5,5.0,0.0,0.0,0.0,0.0,11.7,16.7,169.5,3.6,10.8,184.0,1006.6,1006.6,2.7,5.3
2024-06-13 14:55:00+02:00,19.5,19.5,17.3,5.1,39.0,27.2,79.0,562.7,5.0,0.0,0.0,0.0,0.0,11.7,16.7,169.5,5.5,11.5,105.0,1006.6,1006.6,2.7,5.3
2024-06-13 15:00:00+02:00,19.0,19.0,16.5,5.2,40.0,27.2,79.0,508.9,4.0,0.0,0.0,0.0,0.0,11.7,16.7,169.5,6.8,15.8,126.0,1006.5,1006.5,2.7,5.3
2024-06-13 15:05:00+02:00,18.5,18.5,16.8,5.0,41.0,27.1,79.0,519.4,4.0,0.0,0.0,0.0,0.0,11.7,16.7,169.5,2.6,8.6,134.0,1006.6,1006.6,2.7,5.3
2024-06-13 15:10:00+02:00,19.9,19.9,18.2,5.1,38.0,27.1,79.0,624.7,5.0,0.0,0.0,0.0,0.0,11.7,16.7,169.5,2.8,14.4,103.0,1006.4,1006.4,2.7,5.3
2024-06-13 15:15:00+02:00,19.7,19.7,16.9,5.0,38.0,27.0,79.0,654.7,6.0,0.0,0.0,0.0,0.0,11.7,16.7,169.5,8.4,15.8,155.0,1006.4,1006.4,2.7,5.3
2024-06-13 15:20:00+02:00,20.8,20.8,19.1,5.3,36.0,27.1,79.0,617.4,5.0,0.0,0.0,0.0,0.0,11.7,16.7,169.5,3.1,7.6,225.0,1006.3,1006.3,2.7,5.3
2024-06-13 15:25:00+02:00,20.6,20.6,19.2,5.1,36.0,27.1,79.0,638.5,5.0,0.0,0.0,0.0,0.0,11.7,16.7,169.5,1.7,9.7,105.0,1006.1,1006.1,2.7,5.3
2024-06-13 15:30:00+02:00,21.1,21.1,19.2,5.4,36.0,27.1,80.0,684.1,6.0,0.0,0.0,0.0,0.0,11.7,16.7,169.5,4.7,10.1,138.0,1006.3,1006.3,2.7,5.3
2024-06-13 15:35:00+02:00,19.9,19.9,17.6,5.3,38.0,27.1,80.0,581.1,5.0,0.0,0.0,0.0,0.0,11.7,16.7,169.5,6.3,19.1,110.0,1006.1,1006.1,2.7,5.3
2024-06-13 15:40:00+02:00,20.7,20.7,18.5,5.8,38.0,27.2,80.0,607.3,5.0,0.0,0.0,0.0,0.0,11.7,16.7,169.5,6.3,10.4,123.0,1005.9,1005.9,2.7,5.3
2024-06-13 15:45:00+02:00,20.6,20.6,18.6,5.1,36.0,27.2,80.0,482.6,4.0,0.0,0.0,0.0,0.0,11.7,16.7,169.5,4.5,10.4,127.0,1006.0,1006.0,2.7,5.3
2024-06-13 15:50:00+02:00,20.1,20.1,17.5,5.4,38.0,27.2,79.0,417.4,3.0,0.0,0.0,0.0,0.0,11.7,16.7,169.5,8.1,15.8,134.0,1006.0,1006.0,2.7,5.3
2024-06-13 16:00:00+02:00,18.8,18.8,15.7,4.8,40.0,27.1,79.0,502.4,4.0,0.0,0.0,0.0,0.0,11.7,16.7,169.5,10.1,16.6,126.0,1005.9,1005.9,2.7,5.3
2024-06-13 16:05:00+02:00,18.9,18.9,15.4,5.1,40.0,27.1,79.0,536.5,4.0,0.0,0.0,0.0,0.0,11.7,16.7,169.5,12.4,26.6,118.0,1005.8,1005.8,2.7,5.3
2024-06-13 16:10:00+02:00,18.8,18.8,15.7,5.3,41.0,27.0,80.0,410.3,3.0,0.0,0.0,0.0,0.0,11.7,16.7,169.5,10.2,19.1,115.0,1005.8,1005.8,2.7,5.3
2024-06-13 16:15:00+02:00,18.6,18.6,15.2,5.1,41.0,27.0,79.0,502.8,4.0,0.0,0.0,0.0,0.0,11.7,16.7,169.5,11.7,22.7,123.0,1005.8,1005.8,2.7,5.3
2024-06-13 16:20:00+02:00,18.7,18.7,15.1,4.9,40.0,27.0,79.0,432.8,4.0,0.0,0.0,0.0,0.0,11.7,16.7,169.5,12.6,18.7,129.0,1005.8,1005.8,2.7,5.3
2024-06-13 16:25:00+02:00,18.7,18.7,16.2,5.2,41.0,26.9,79.0,465.8,4.0,0.0,0.0,0.0,0.0,11.7,16.7,169.5,7.6,19.8,126.0,1005.6,1005.6,2.7,5.3
2024-06-13 16:30:00+02:00,18.9,18.9,16.3,5.5,41.0,26.9,80.0,499.6,4.0,0.0,0.0,0.0,0.0,11.7,16.7,169.5,8.3,19.8,132.0,1005.7,1005.7,2.7,5.3
2024-06-13 16:35:00+02:00,19.4,19.4,16.7,5.6,40.0,26.9,80.0,531.6,4.0,0.0,0.0,0.0,0.0,11.7,16.7,169.5,8.6,17.6,117.0,1005.7,1005.7,2.7,5.3
2024-06-13 16:40:00+02:00,19.1,19.1,16.4,5.9,42.0,26.8,80.0,411.9,3.0,0.0,0.0,0.0,0.0,11.7,16.7,169.5,8.8,18.0,122.0,1005.6,1005.6,2.7,5.3
2024-06-13 16:45:00+02:00,18.7,18.7,16.2,5.2,41.0,26.8,80.0,502.6,4.0,0.0,0.0,0.0,0.0,11.7,16.7,169.5,7.5,16.9,129.0,1005.6,1005.6,2.7,5.3
2024-06-13 16:50:00+02:00,18.7,18.7,16.4,5.5,42.0,26.8,80.0,494.6,4.0,0.0,0.0,0.0,0.0,11.7,16.7,169.5,6.8,17.6,132.0,1005.4,1005.4,2.7,5.3
2024-06-13 16:55:00+02:00,19.4,19.4,17.7,5.2,39.0,26.7,80.0,500.0,4.0,0.0,0.0,0.0,0.0,11.7,16.7,169.5,3.4,15.8,132.0,1005.4,1005.4,2.7,5.3
2024-06-13 17:00:00+02:00,19.5,19.5,16.7,5.1,39.0,26.7,81.0,226.4,2.0,0.0,0.0,0.0,0.0,11.7,16.7,169.5,8.6,22.3,122.0,1005.3,1005.3,2.7,5.3
2024-06-13 17:05:00+02:00,19.2,19.2,17.3,4.8,39.0,26.7,80.0,545.4,5.0,0.0,0.0,0.0,0.0,11.7,16.7,169.5,3.8,22.3,193.0,1005.2,1005.2,2.7,5.3
2024-06-13 17:10:00+02:00,20.7,20.7,18.2,5.0,36.0,26.7,81.0,495.7,4.0,0.0,0.0,0.0,0.0,11.7,16.7,169.5,6.9,19.1,130.0,1005.2,1005.2,2.7,5.3
2024-06-13 17:15:00+02:00,19.4,19.4,16.4,5.3,40.0,26.7,81.0,182.1,1.0,0.0,0.0,0.0,0.0,11.7,16.7,169.5,9.6,18.4,122.0,1005.2,1005.2,2.7,5.3
2024-06-13 17:20:00+02:00,19.4,19.4,17.1,5.0,39.0,26.7,81.0,494.9,4.0,0.0,0.0,0.0,0.0,11.7,16.7,169.5,5.8,19.1,127.0,1005.3,1005.3,2.7,5.3
2024-06-13 17:25:00+02:00,20.7,20.7,18.9,5.4,37.0,26.7,81.0,485.6,4.0,0.0,0.0,0.0,0.0,11.7,16.7,169.5,3.5,10.4,35.0,1005.2,1005.2,2.7,5.3
2024-06-13 17:30:00+02:00,21.1,21.1,19.2,5.4,36.0,26.7,81.0,451.0,4.0,0.0,0.0,0.0,0.0,11.7,16.7,169.5,4.2,10.1,193.0,1005.3,1005.3,2.7,5.3
2024-06-13 17:35:00+02:00,20.7,20.7,18.8,5.7,38.0,26.7,81.0,307.3,2.0,0.0,0.0,0.0,0.0,11.7,16.7,169.5,4.8,12.6,148.0,1005.2,1005.2,2.7,5.3
2024-06-13 17:40:00+02:00,20.3,20.3,18.4,5.2,37.0,26.7,81.0,404.5,3.0,0.0,0.0,0.0,0.0,11.7,16.7,169.5,4.0,12.6,164.0,1005.2,1005.2,2.7,5.3
2024-06-13 17:45:00+02:00,20.7,20.7,18.7,5.7,37.0,26.6,81.0,376.7,3.0,0.0,0.0,0.0,0.0,11.7,16.7,169.5,5.3,14.4,138.0,1005.1,1005.1,2.7,5.3
2024-06-13 17:50:00+02:00,19.4,19.4,16.5,5.5,40.0,26.6,82.0,157.5,1.0,0.0,0.0,0.0,0.0,11.7,16.7,169.5,9.4,17.3,126.0,1005.1,1005.1,2.7,5.3
2024-06-13 17:55:00+02:00,19.1,19.1,16.9,5.5,41.0,26.6,81.0,160.0,1.0,0.0,0.0,0.0,0.0,11.7,16.7,169.5,5.8,9.0,117.0,1005.0,1005.0,2.7,5.3
2024-06-13 18:00:00+02:00,19.6,19.6,18.1,5.4,39.0,26.6,81.0,224.0,2.0,0.0,0.0,0.0,0.0,11.7,16.7,169.5,2.3,6.8,148.0,1005.0,1005.0,2.7,5.3
2024-06-13 18:05:00+02:00,20.1,20.1,17.8,5.6,39.0,26.5,81.0,287.8,2.0,0.0,0.0,0.0,0.0,11.7,16.7,169.5,6.6,18.4,130.0,1005.0,1005.0,2.7,5.3
2024-06-13 18:10:00+02:00,19.2,19.2,16.4,5.4,40.0,26.5,81.0,242.9,2.0,0.0,0.0,0.0,0.0,11.7,16.7,169.5,9.0,18.4,122.0,1004.7,1004.7,2.7,5.3
2024-06-13 18:15:00+02:00,18.8,18.8,15.9,4.9,40.0,26.4,81.0,159.4,1.0,0.0,0.0,0.0,0.0,11.7,16.7,169.5,9.4,16.9,125.0,1004.7,1004.7,2.7,5.3
2024-06-13 18:20:00+02:00,18.8,18.8,16.2,5.6,42.0,26.4,81.0,124.5,1.0,0.0,0.0,0.0,0.0,11.7,16.7,169.5,8.0,11.2,137.0,1004.7,1004.7,2.7,5.3
2024-06-13 18:25:00+02:00,18.7,18.7,16.7,5.4,41.0,26.3,81.0,118.3,1.0,0.0,0.0,0.0,0.0,11.7,16.7,169.5,5.0,10.1,124.0,1004.6,1004.6,2.7,5.3
2024-06-13 18:30:00+02:00,18.6,18.6,16.6,5.4,42.0,26.3,81.0,106.0,0.0,0.0,0.0,0.0,0.0,11.7,16.7,169.5,4.9,13.0,118.0,1004.7,1004.7,2.7,5.3
2024-06-13 18:35:00+02:00,18.6,18.6,16.0,5.4,42.0,26.2,81.0,107.4,0.0,0.0,0.0,0.0,0.0,11.7,16.7,169.5,7.7,14.8,118.0,1004.5,1004.5,2.7,5.3
2024-06-13 18:40:00+02:00,18.6,18.6,16.0,5.3,42.0,26.2,80.0,103.6,0.0,0.0,0.0,0.0,0.0,11.7,16.7,169.5,8.0,17.6,118.0,1004.6,1004.6,2.7,5.3
2024-06-13 18:45:00+02:00,18.5,18.5,16.8,5.5,43.0,26.1,80.0,111.0,1.0,0.0,0.0,0.0,0.0,11.7,16.7,169.5,3.4,14.4,121.0,1004.6,1004.6,2.7,5.3
2024-06-13 18:50:00+02:00,18.6,18.6,16.1,5.4,42.0,26.1,80.0,112.3,1.0,0.0,0.0,0.0,0.0,11.7,16.7,169.5,7.3,15.1,120.0,1004.4,1004.4,2.7,5.3
2024-06-13 18:55:00+02:00,18.6,18.6,16.3,5.4,42.0,26.0,80.0,107.9,1.0,0.0,0.0,0.0,0.0,11.7,16.7,169.5,6.2,16.6,126.0,1004.3,1004.3,2.7,5.2
2024-06-13 19:00:00+02:00,18.6,18.6,16.8,6.0,44.0,25.9,80.0,103.5,0.0,0.0,0.0,0.0,0.0,11.7,16.7,169.5,4.3,10.1,122.0,1004.4,1004.4,2.7,5.2
2024-06-13 19:05:00+02:00,18.5,18.5,16.2,5.5,42.0,25.8,80.0,94.3,0.0,0.0,0.0,0.0,0.0,11.7,16.7,169.5,6.6,16.6,137.0,1004.2,1004.2,2.7,5.2
2024-06-13 19:10:00+02:00,18.5,18.5,16.6,5.7,43.0,25.8,80.0,90.1,0.0,0.0,0.0,0.0,0.0,11.7,16.7,169.5,4.6,9.7,125.0,1004.2,1004.2,2.7,5.2
2024-06-13 19:15:00+02:00,18.5,18.5,16.1,5.7,43.0,25.7,80.0,85.4,0.0,0.0,0.0,0.0,0.0,11.7,16.7,169.5,7.3,14.4,124.0,1004.2,1004.2,2.7,5.2
2024-06-13 19:20:00+02:00,18.3,18.3,16.2,5.7,44.0,25.6,80.0,84.3,0.0,0.0,0.0,0.0,0.0,11.7,16.7,169.5,6.3,10.1,123.0,1004.1,1004.1,2.7,5.2
2024-06-13 19:25:00+02:00,18.4,18.4,15.1,5.0,41.0,25.6,80.0,80.6,0.0,0.0,0.0,0.0,0.0,11.7,16.7,169.5,11.2,16.6,120.0,1004.2,1004.2,2.7,5.2
2024-06-13 19:30:00+02:00,18.3,18.3,15.7,5.1,42.0,25.5,80.0,77.7,0.0,0.0,0.0,0.0,0.0,11.7,16.7,169.5,8.2,14.8,120.0,1004.1,1004.1,2.7,5.2
2024-06-13 19:35:00+02:00,18.4,18.4,16.0,5.4,43.0,25.4,80.0,77.0,0.0,0.0,0.0,0.0,0.0,11.7,16.7,169.5,6.8,12.6,114.0,1004.1,1004.1,2.7,5.2
2024-06-13 19:40:00+02:00,18.4,18.4,15.9,5.5,43.0,25.4,80.0,74.7,0.0,0.0,0.0,0.0,0.0,11.7,16.7,169.5,7.4,11.2,121.0,1004.0,1004.0,2.7,5.2
2024-06-13 19:45:00+02:00,18.4,18.4,15.5,5.4,42.0,25.3,80.0,73.1,0.0,0.0,0.0,0.0,0.0,11.7,16.7,169.5,9.5,14.0,120.0,1003.8,1003.8,2.7,5.2
2024-06-13 19:50:00+02:00,18.3,18.3,16.2,5.7,44.0,25.2,80.0,69.1,0.0,0.0,0.0,0.0,0.0,11.7,16.7,169.5,6.2,14.0,126.0,1003.8,1003.8,2.7,5.2
2024-06-13 19:55:00+02:00,18.3,18.3,16.6,5.9,44.0,25.2,80.0,60.9,0.0,0.0,0.0,0.0,0.0,11.7,16.7,169.5,3.7,8.3,109.0,1003.8,1003.8,2.7,5.2
2024-06-13 20:00:00+02:00,18.2,18.2,16.2,6.0,45.0,25.1,80.0,48.4,0.0,0.0,0.0,0.0,0.0,11.7,16.7,169.5,5.2,11.5,123.0,1003.9,1003.9,2.7,5.2
2024-06-13 20:05:00+02:00,18.2,18.2,16.3,6.0,45.0,25.0,80.0,42.4,0.0,0.0,0.0,0.0,0.0,11.7,16.7,169.5,5.0,10.4,121.0,1003.8,1003.8,2.7,5.2
2024-06-13 20:10:00+02:00,18.1,18.1,15.9,6.1,45.0,24.9,80.0,40.4,0.0,0.0,0.0,0.0,0.0,11.7,16.7,169.5,6.8,10.8,126.0,1003.8,1003.8,2.7,5.2
2024-06-13 20:15:00+02:00,18.1,18.1,15.7,6.0,45.0,24.8,80.0,38.4,0.0,0.0,0.0,0.0,0.0,11.7,16.7,169.5,7.3,12.6,131.0,1003.8,1003.8,2.7,5.2
2024-06-13 20:20:00+02:00,18.0,18.0,16.0,6.1,46.0,24.7,80.0,35.5,0.0,0.0,0.0,0.0,0.0,11.7,16.7,169.5,5.2,9.7,127.0,1003.8,1003.8,2.7,5.2
2024-06-13 20:25:00+02:00,17.9,17.9,16.8,6.5,47.0,24.7,80.0,31.9,0.0,0.0,0.0,0.0,0.0,11.7,16.7,169.5,1.6,9.0,93.0,1003.7,1003.7,2.7,5.2
2024-06-13 20:30:00+02:00,17.7,17.7,16.0,6.3,47.0,24.6,80.0,30.5,0.0,0.0,0.0,0.0,0.0,11.7,16.7,169.5,4.7,10.4,114.0,1003.7,1003.7,2.7,5.2
2024-06-13 20:35:00+02:00,17.8,17.8,16.1,6.1,47.0,24.6,80.0,30.5,0.0,0.0,0.0,0.0,0.0,11.7,16.7,169.5,4.2,10.4,111.0,1003.7,1003.7,2.7,5.2
2024-06-13 20:40:00+02:00,17.7,17.7,16.2,6.6,48.0,24.5,80.0,30.0,0.0,0.0,0.0,0.0,0.0,11.7,16.7,169.5,4.1,9.0,122.0,1003.8,1003.8,2.7,5.2
2024-06-13 20:45:00+02:00,17.6,17.6,16.2,6.8,49.0,24.4,80.0,27.3,0.0,0.0,0.0,0.0,0.0,11.7,16.7,169.5,3.2,7.2,103.0,1003.7,1003.7,2.7,5.2
2024-06-13 20:50:00+02:00,17.4,17.4,16.2,6.8,50.0,24.3,80.0,21.6,0.0,0.0,0.0,0.0,0.0,11.7,16.7,169.5,2.8,5.4,102.0,1003.7,1003.7,2.7,5.2
2024-06-13 20:55:00+02:00,17.2,17.2,15.7,6.9,51.0,24.3,80.0,17.3,0.0,0.0,0.0,0.0,0.0,11.7,16.7,169.5,4.1,7.2,114.0,1003.6,1003.6,2.7,5.2
2024-06-13 21:00:00+02:00,17.2,17.2,15.5,6.7,50.0,24.2,80.0,15.1,0.0,0.0,0.0,0.0,0.0,11.7,16.7,169.5,4.8,8.6,105.0,1003.5,1003.5,2.7,5.2
2024-06-13 21:05:00+02:00,17.2,17.2,16.2,7.0,51.0,24.2,80.0,12.9,0.0,0.0,0.0,0.0,0.0,11.7,16.7,169.5,1.4,6.1,115.0,1003.5,1003.5,2.7,5.2
2024-06-13 21:10:00+02:00,16.9,16.9,15.1,6.6,51.0,24.1,80.0,11.2,0.0,0.0,0.0,0.0,0.0,11.7,16.7,169.5,5.2,7.6,115.0,1003.6,1003.6,2.7,5.2
2024-06-13 21:20:00+02:00,16.5,16.5,15.4,6.7,52.0,23.9,80.0,6.6,0.0,0.0,0.0,0.0,0.0,11.7,16.7,169.5,1.7,2.9,83.0,1003.4,1003.4,2.7,5.2
2024-06-13 21:25:00+02:00,16.5,16.5,15.5,6.8,53.0,23.9,80.0,5.4,0.0,0.0,0.0,0.0,0.0,11.7,16.7,169.5,1.4,4.0,116.0,1003.4,1003.4,2.7,5.2
2024-06-13 21:30:00+02:00,16.4,16.4,15.2,6.9,54.0,23.8,80.0,3.3,0.0,0.0,0.0,0.0,0.0,11.7,16.7,169.5,2.4,4.0,113.0,1003.4,1003.4,2.7,5.2
2024-06-13 21:35:00+02:00,16.4,16.4,15.4,6.8,53.0,23.7,80.0,1.8,0.0,0.0,0.0,0.0,0.0,11.7,16.7,169.5,1.3,3.2,114.0,1003.5,1003.5,2.7,5.2
2024-06-13 21:40:00+02:00,16.4,16.4,15.4,7.1,54.0,23.7,80.0,1.2,0.0,0.0,0.0,0.0,0.0,11.7,16.7,169.5,1.4,5.4,90.0,1003.5,1003.5,2.7,5.2
2024-06-13 21:45:00+02:00,16.3,16.3,15.5,7.4,55.0,23.6,80.0,0.8,0.0,0.0,0.0,0.0,0.0,11.7,16.7,169.5,1.5,4.0,114.0,1003.6,1003.6,2.7,5.2
2024-06-13 21:50:00+02:00,16.3,16.3,15.3,7.0,54.0,23.5,80.0,0.8,0.0,0.0,0.0,0.0,0.0,11.7,16.7,169.5,1.7,3.6,120.0,1003.5,1003.5,2.7,5.2
2024-06-13 21:55:00+02:00,16.3,16.3,15.3,6.8,53.0,23.5,80.0,0.6,0.0,0.0,0.0,0.0,0.0,11.7,16.7,169.5,1.8,3.2,107.0,1003.6,1003.6,2.7,5.2
2024-06-13 22:00:00+02:00,16.3,16.3,15.3,6.8,53.0,23.4,80.0,0.4,0.0,0.0,0.0,0.0,0.0,11.7,16.7,169.5,1.4,4.3,95.0,1003.5,1003.5,2.7,5.2
2024-06-13 22:05:00+02:00,16.3,16.3,15.0,7.0,54.0,23.3,80.0,0.2,0.0,0.0,0.0,0.0,0.0,11.7,16.7,169.5,3.4,7.9,111.0,1003.5,1003.5,2.7,5.2
2024-06-13 22:10:00+02:00,16.2,16.2,15.1,7.3,55.0,23.3,80.0,0.2,0.0,0.0,0.0,0.0,0.0,11.7,16.7,169.5,2.4,5.4,105.0,1003.6,1003.6,2.7,5.2
2024-06-13 22:15:00+02:00,16.2,16.2,14.9,7.1,55.0,23.2,80.0,0.1,0.0,0.0,0.0,0.0,0.0,11.7,16.7,169.5,3.4,8.3,99.0,1003.5,1003.5,2.7,5.2
2024-06-13 22:20:00+02:00,16.2,16.2,15.0,7.1,55.0,23.2,80.0,0.0,0.0,0.0,0.0,0.0,0.0,11.7,16.7,169.5,2.7,8.3,107.0,1003.4,1003.4,2.7,5.2
2024-06-13 22:25:00+02:00,16.1,16.1,14.6,7.1,55.0,23.1,80.0,0.0,0.0,0.0,0.0,0.0,0.0,11.7,16.7,169.5,4.2,7.9,125.0,1003.4,1003.4,2.7,5.1
2024-06-13 22:30:00+02:00,16.1,16.1,14.9,7.1,55.0,23.0,80.0,0.0,0.0,0.0,0.0,0.0,0.0,11.7,16.7,169.5,2.6,8.6,106.0,1003.4,1003.4,2.7,5.1
2024-06-13 22:35:00+02:00,16.0,16.0,14.6,7.0,55.0,23.0,80.0,0.0,0.0,0.0,0.0,0.0,0.0,11.7,16.7,169.5,3.7,7.2,108.0,1003.4,1003.4,2.7,5.1
2024-06-13 22:40:00+02:00,16.0,16.0,15.0,6.8,55.0,22.9,80.0,0.0,0.0,0.0,0.0,0.0,0.0,11.7,16.7,169.5,1.4,6.5,105.0,1003.3,1003.3,2.7,5.1
2024-06-13 22:45:00+02:00,16.0,16.0,14.1,6.9,55.0,22.9,80.0,0.0,0.0,0.0,0.0,0.0,0.0,11.7,16.7,169.5,6.3,10.8,103.0,1003.3,1003.3,2.7,5.1
2024-06-13 22:50:00+02:00,16.1,16.1,14.7,7.0,55.0,22.8,80.0,0.0,0.0,0.0,0.0,0.0,0.0,11.7,16.7,169.5,3.6,10.8,108.0,1003.3,1003.3,2.7,5.1
2024-06-13 22:55:00+02:00,16.0,16.0,14.4,6.9,55.0,22.7,80.0,0.0,0.0,0.0,0.0,0.0,0.0,11.7,16.7,169.5,4.3,9.7,100.0,1003.2,1003.2,2.7,5.1
2024-06-13 23:00:00+02:00,16.0,16.0,14.5,7.0,55.0,22.7,80.0,0.0,0.0,0.0,0.0,0.0,0.0,11.7,16.7,169.5,4.0,9.7,114.0,1003.1,1003.1,2.7,5.1
2024-06-13 23:05:00+02:00,16.1,16.1,14.1,6.9,54.0,22.6,80.0,0.0,0.0,0.0,0.0,0.0,0.0,11.7,16.7,169.5,6.6,12.6,115.0,1003.0,1003.0,2.7,5.1
2024-06-13 23:10:00+02:00,16.2,16.2,14.1,6.8,54.0,22.5,80.0,0.0,0.0,0.0,0.0,0.0,0.0,11.7,16.7,169.5,6.9,10.8,116.0,1003.0,1003.0,2.7,5.1
2024-06-13 23:15:00+02:00,16.2,16.2,14.0,6.8,54.0,22.4,80.0,0.0,0.0,0.0,0.0,0.0,0.0,11.7,16.7,169.5,7.4,12.6,108.0,1002.9,1002.9,2.7,5.1
2024-06-13 23:20:00+02:00,16.2,16.2,14.1,6.8,54.0,22.4,80.0,0.0,0.0,0.0,0.0,0.0,0.0,11.7,16.7,169.5,6.3,11.9,112.0,1002.9,1002.9,2.7,5.1
2024-06-13 23:25:00+02:00,16.2,16.2,14.0,6.7,53.0,22.3,80.0,0.0,0.0,0.0,0.0,0.0,0.0,11.7,16.7,169.5,7.3,13.3,113.0,1002.9,1002.9,2.7,5.1
2024-06-13 23:30:00+02:00,16.2,16.2,14.1,6.8,54.0,22.2,81.0,0.0,0.0,0.0,0.0,0.0,0.0,11.7,16.7,169.5,7.1,12.2,111.0,1002.9,1002.9,2.7,5.1
2024-06-13 23:35:00+02:00,16.2,16.2,13.9,6.7,53.0,22.2,80.0,0.0,0.0,0.0,0.0,0.0,0.0,11.7,16.7,169.5,7.9,13.0,114.0,1002.8,1002.8,2.7,5.1
2024-06-13 23:40:00+02:00,16.3,16.3,14.5,6.7,53.0,22.1,80.0,0.0,0.0,0.0,0.0,0.0,0.0,11.7,16.7,169.5,5.3,15.5,112.0,1002.7,1002.7,2.7,5.1
2024-06-13 23:45:00+02:00,16.2,16.2,13.9,6.8,54.0,22.0,81.0,0.0,0.0,0.0,0.0,0.0,0.0,11.7,16.7,169.5,7.7,12.6,116.0,1002.8,1002.8,2.7,5.1
2024-06-13 23:50:00+02:00,16.2,16.2,14.2,6.7,53.0,22.0,81.0,0.0,0.0,0.0,0.0,0.0,0.0,11.7,16.7,169.5,5.9,12.2,107.0,1002.7,1002.7,2.7,5.1
2024-06-13 23:55:00+02:00,16.0,16.0,13.9,6.8,54.0,21.8,81.0,0.0,0.0,0.0,0.0,0.0,0.0,11.7,16.7,169.5,7.1,12.2,113.0,1002.5,1002.5,2.7,5.1
2024-06-14 00:00:00+02:00,16.0,16.0,14.0,6.7,54.0,21.8,81.0,0.0,0.0,0.0,0.0,0.0,0.0,11.7,16.7,169.5,6.6,12.2,113.0,1002.5,1002.5,2.7,5.1
2024-06-14 00:05:00+02:00,16.0,16.0,14.0,6.8,54.0,21.7,81.0,0.0,0.0,0.0,0.0,0.0,0.0,11.7,16.7,169.5,6.4,15.1,122.0,1002.5,1002.5,2.7,5.1
2024-06-14 00:10:00+02:00,16.0,16.0,14.3,6.9,55.0,21.7,81.0,0.0,0.0,0.0,0.0,0.0,0.0,11.7,16.7,169.5,4.9,11.5,112.0,1002.5,1002.5,2.7,5.1
2024-06-14 00:15:00+02:00,15.9,15.9,13.6,6.7,54.0,21.6,81.0,0.0,0.0,0.0,0.0,0.0,0.0,11.7,16.7,169.5,7.8,14.0,116.0,1002.5,1002.5,2.7,5.0
2024-06-14 00:20:00+02:00,16.0,16.0,13.9,6.8,54.0,21.5,81.0,0.0,0.0,0.0,0.0,0.0,0.0,11.7,16.7,169.5,6.8,14.0,117.0,1002.5,1002.5,2.7,5.0
2024-06-14 00:25:00+02:00,15.9,15.9,14.1,6.9,55.0,21.5,81.0,0.0,0.0,0.0,0.0,0.0,0.0,11.7,16.7,169.5,5.8,11.9,117.0,1002.5,1002.5,2.7,5.0
2024-06-14 00:30:00+02:00,15.8,15.8,14.0,6.9,55.0,21.4,81.0,0.0,0.0,0.0,0.0,0.0,0.0,11.7,16.7,169.5,5.7,10.1,118.0,1002.4,1002.4,2.7,5.0
2024-06-14 00:35:00+02:00,15.7,15.7,14.0,6.8,55.0,21.4,81.0,0.0,0.0,0.0,0.0,0.0,0.0,11.7,16.7,169.5,5.0,10.1,116.0,1002.3,1002.3,2.7,5.0
2024-06-14 00:40:00+02:00,15.8,15.8,13.8,6.6,54.0,21.3,81.0,0.0,0.0,0.0,0.0,0.0,0.0,11.7,16.7,169.5,6.4,12.6,106.0,1002.3,1002.3,2.7,5.0
2024-06-14 00:45:00+02:00,15.7,15.7,14.4,7.0,56.0,21.3,81.0,0.0,0.0,0.0,0.0,0.0,0.0,11.7,16.7,169.5,3.1,12.6,111.0,1002.3,1002.3,2.7,5.0
2024-06-14 00:50:00+02:00,15.6,15.6,13.5,6.7,55.0,21.2,81.0,0.0,0.0,0.0,0.0,0.0,0.0,11.7,16.7,169.5,6.9,11.2,124.0,1002.3,1002.3,2.7,5.0
2024-06-14 00:55:00+02:00,15.7,15.7,13.8,6.8,55.0,21.2,81.0,0.0,0.0,0.0,0.0,0.0,0.0,11.7,16.7,169.5,6.0,13.7,112.0,1002.2,1002.2,2.7,5.0
2024-06-14 01:00:00+02:00,15.7,15.7,13.7,6.9,56.0,21.1,81.0,0.0,0.0,0.0,0.0,0.0,0.0,11.7,16.7,169.5,6.6,14.8,107.0,1002.1,1002.1,2.7,5.0
2024-06-14 01:05:00+02:00,15.6,15.6,13.8,6.8,56.0,21.0,81.0,0.0,0.0,0.0,0.0,0.0,0.0,11.7,16.7,169.5,5.3,9.7,117.0,1002.2,1002.2,2.7,5.0
2024-06-14 01:10:00+02:00,15.6,15.6,14.0,6.9,56.0,21.0,81.0,0.0,0.0,0.0,0.0,0.0,0.0,11.7,16.7,169.5,4.2,10.4,109.0,1002.3,1002.3,2.7,5.0
2024-06-14 01:15:00+02:00,15.6,15.6,13.6,6.7,55.0,20.9,81.0,0.0,0.0,0.0,0.0,0.0,0.0,11.7,16.7,169.5,6.1,10.4,118.0,1002.3,1002.3,2.7,5.0
2024-06-14 01:20:00+02:00,15.7,15.7,13.5,6.8,55.0,20.9,81.0,0.0,0.0,0.0,0.0,0.0,0.0,11.7,16.7,169.5,7.1,10.4,121.0,1002.0,1002.0,2.7,5.0
2024-06-14 01:25:00+02:00,15.7,15.7,13.7,6.8,55.0,20.8,81.0,0.0,0.0,0.0,0.0,0.0,0.0,11.7,16.7,169.5,6.4,13.0,118.0,1001.9,1001.9,2.7,5.0
2024-06-14 01:30:00+02:00,15.6,15.6,13.9,6.8,56.0,20.8,81.0,0.0,0.0,0.0,0.0,0.0,0.0,11.7,16.7,169.5,5.2,9.4,121.0,1001.7,1001.7,2.7,5.0
2024-06-14 01:35:00+02:00,15.6,15.6,13.4,6.7,55.0,20.7,81.0,0.0,0.0,0.0,0.0,0.0,0.0,11.7,16.7,169.5,7.2,15.8,100.0,1001.9,1001.9,2.7,5.0
2024-06-14 01:40:00+02:00,15.5,15.5,13.4,6.8,56.0,20.7,81.0,0.0,0.0,0.0,0.0,0.0,0.0,11.7,16.7,169.5,7.1,11.2,107.0,1001.7,1001.7,2.7,5.0
2024-06-14 01:45:00+02:00,15.5,15.5,13.4,6.7,56.0,20.7,81.0,0.0,0.0,0.0,0.0,0.0,0.0,11.7,16.7,169.5,6.8,16.2,123.0,1001.7,1001.7,2.7,5.0
2024-06-14 01:50:00+02:00,15.5,15.5,13.6,6.7,56.0,20.6,81.0,0.0,0.0,0.0,0.0,0.0,0.0,11.7,16.7,169.5,6.0,10.1,108.0,1001.7,1001.7,2.7,5.0
2024-06-14 01:55:00+02:00,15.4,15.4,13.8,6.8,57.0,20.6,81.0,0.0,0.0,0.0,0.0,0.0,0.0,11.7,16.7,169.5,4.7,8.3,130.0,1001.7,1001.7,2.7,5.0
2024-06-14 02:00:00+02:00,15.4,15.4,13.5,6.8,57.0,20.6,81.0,0.0,0.0,0.0,0.0,0.0,0.0,11.7,16.7,169.5,5.8,9.4,119.0,1001.6,1001.6,2.7,5.0
2024-06-14 02:05:00+02:00,15.3,15.3,13.5,6.7,57.0,20.5,81.0,0.0,0.0,0.0,0.0,0.0,0.0,11.7,16.7,169.5,5.4,10.4,112.0,1001.4,1001.4,2.7,4.9
2024-06-14 02:10:00+02:00,15.4,15.4,13.8,6.9,57.0,20.5,81.0,0.0,0.0,0.0,0.0,0.0,0.0,11.7,16.7,169.5,4.8,11.5,102.0,1001.5,1001.5,2.7,4.9
2024-06-14 02:15:00+02:00,15.3,15.3,13.3,6.8,57.0,20.4,81.0,0.0,0.0,0.0,0.0,0.0,0.0,11.7,16.7,169.5,6.6,10.1,123.0,1001.3,1001.3,2.7,4.9
2024-06-14 02:20:00+02:00,15.5,15.5,13.0,6.7,56.0,20.3,82.0,0.0,0.0,0.0,0.0,0.0,0.0,11.7,16.7,169.5,8.6,13.0,117.0,1001.3,1001.3,2.7,4.9
2024-06-14 02:25:00+02:00,15.6,15.6,13.6,6.6,55.0,20.3,82.0,0.0,0.0,0.0,0.0,0.0,0.0,11.7,16.7,169.5,6.1,12.6,110.0,1001.2,1001.2,2.7,4.9
2024-06-14 02:30:00+02:00,15.5,15.5,13.6,6.8,56.0,20.3,82.0,0.0,0.0,0.0,0.0,0.0,0.0,11.7,16.7,169.5,5.9,13.0,116.0,1001.2,1001.2,2.7,4.9
2024-06-14 02:35:00+02:00,15.5,15.5,13.0,6.6,55.0,20.3,82.0,0.0,0.0,0.0,0.0,0.0,0.0,11.7,16.7,169.5,8.6,15.8,120.0,1001.1,1001.1,2.7,4.9
2024-06-14 02:40:00+02:00,15.6,15.6,14.1,6.6,55.0,20.2,81.0,0.0,0.0,0.0,0.0,0.0,0.0,11.7,16.7,169.5,3.2,15.8,101.0,1001.0,1001.0,2.7,4.9
2024-06-14 02:45:00+02:00,15.4,15.4,13.8,6.6,56.0,20.2,82.0,0.0,0.0,0.0,0.0,0.0,0.0,11.7,16.7,169.5,4.2,8.3,111.0,1001.0,1001.0,2.7,4.9
2024-06-14 02:50:00+02:00,15.3,15.3,14.0,6.8,57.0,20.2,82.0,0.0,0.0,0.0,0.0,0.0,0.0,11.7,16.7,169.5,3.1,9.7,103.0,1000.8,1000.8,2.7,4.9
2024-06-14 02:55:00+02:00,15.2,15.2,13.3,6.9,57.0,20.2,82.0,0.0,0.0,0.0,0.0,0.0,0.0,11.7,16.7,169.5,5.9,9.4,114.0,1000.9,1000.9,2.7,4.9
2024-06-14 03:00:00+02:00,15.2,15.2,13.0,6.9,57.0,20.1,82.0,0.0,0.0,0.0,0.0,0.0,0.0,11.7,16.7,169.5,7.5,12.6,114.0,1000.8,1000.8,2.7,4.9
2024-06-14 03:05:00+02:00,15.2,15.2,13.3,6.8,57.0,20.1,82.0,0.0,0.0,0.0,0.0,0.0,0.0,11.7,16.7,169.5,5.9,12.6,115.0,1000.7,1000.7,2.7,4.9
2024-06-14 03:10:00+02:00,15.3,15.3,13.4,6.8,57.0,20.0,82.0,0.0,0.0,0.0,0.0,0.0,0.0,11.7,16.7,169.5,5.5,10.4,119.0,1000.7,1000.7,2.7,4.9
2024-06-14 03:15:00+02:00,15.2,15.2,13.3,6.7,57.0,20.0,82.0,0.0,0.0,0.0,0.0,0.0,0.0,11.7,16.7,169.5,5.9,12.2,127.0,1000.6,1000.6,2.7,4.9
2024-06-14 03:20:00+02:00,15.3,15.3,13.5,6.7,57.0,20.0,82.0,0.0,0.0,0.0,0.0,0.0,0.0,11.7,16.7,169.5,5.2,13.0,109.0,1000.5,1000.5,2.7,4.9
2024-06-14 03:25:00+02:00,15.2,15.2,13.5,6.8,57.0,20.0,82.0,0.0,0.0,0.0,0.0,0.0,0.0,11.7,16.7,169.5,4.7,11.2,114.0,1000.5,1000.5,2.7,4.9
2024-06-14 03:30:00+02:00,15.2,15.2,13.3,6.7,57.0,20.0,82.0,0.0,0.0,0.0,0.0,0.0,0.0,11.7,16.7,169.5,5.4,10.1,110.0,1000.3,1000.3,2.7,4.9
2024-06-14 03:35:00+02:00,15.2,15.2,13.0,6.7,57.0,19.9,82.0,0.0,0.0,0.0,0.0,0.0,0.0,11.7,16.7,169.5,7.5,12.6,118.0,1000.4,1000.4,2.7,4.9
2024-06-14 03:40:00+02:00,15.2,15.2,13.3,6.7,57.0,19.9,82.0,0.0,0.0,0.0,0.0,0.0,0.0,11.7,16.7,169.5,5.8,13.7,118.0,1000.3,1000.3,2.7,4.9
2024-06-14 03:45:00+02:00,15.3,15.3,13.6,6.6,56.0,19.9,82.0,0.0,0.0,0.0,0.0,0.0,0.0,11.7,16.7,169.5,4.6,13.7,125.0,1000.3,1000.3,2.7,4.9
2024-06-14 03:50:00+02:00,15.3,15.3,13.2,6.9,57.0,19.8,82.0,0.0,0.0,0.0,0.0,0.0,0.0,11.7,16.7,169.5,7.1,11.2,118.0,1000.2,1000.2,2.7,4.9
2024-06-14 03:55:00+02:00,15.3,15.3,13.0,6.6,56.0,19.8,82.0,0.0,0.0,0.0,0.0,0.0,0.0,11.7,16.7,169.5,8.2,14.0,113.0,1000.2,1000.2,2.7,4.8
2024-06-14 04:00:00+02:00,15.3,15.3,13.1,6.7,56.0,19.8,82.0,0.0,0.0,0.0,0.0,0.0,0.0,11.7,16.7,169.5,8.0,12.6,119.0,1000.0,1000.0,2.7,4.8
2024-06-14 04:05:00+02:00,15.4,15.4,13.2,6.6,56.0,19.7,82.0,0.0,0.0,0.0,0.0,0.0,0.0,11.7,16.7,169.5,7.3,19.1,121.0,1000.1,1000.1,2.7,4.8
2024-06-14 04:10:00+02:00,15.4,15.4,13.3,6.5,55.0,19.7,82.0,0.0,0.0,0.0,0.0,0.0,0.0,11.7,16.7,169.5,6.4,13.7,127.0,1000.0,1000.0,2.7,4.8
2024-06-14 04:15:00+02:00,15.4,15.4,13.2,6.6,56.0,19.7,82.0,0.0,0.0,0.0,0.0,0.0,0.0,11.7,16.7,169.5,7.1,13.7,126.0,1000.0,1000.0,2.7,4.8
2024-06-14 04:20:00+02:00,15.4,15.4,13.3,6.7,56.0,19.6,82.0,0.0,0.0,0.0,0.0,0.0,0.0,11.7,16.7,169.5,6.6,13.7,125.0,999.9,999.9,2.7,4.8
2024-06-14 04:25:00+02:00,15.5,15.5,12.5,6.5,55.0,19.6,82.0,0.0,0.0,0.0,0.0,0.0,0.0,11.7,16.7,169.5,11.3,20.2,125.0,999.8,999.8,2.7,4.8
2024-06-14 04:30:00+02:00,15.5,15.5,12.9,6.5,55.0,19.6,82.0,0.0,0.0,0.0,0.0,0.0,0.0,11.7,16.7,169.5,9.4,14.0,117.0,999.8,999.8,2.7,4.8
2024-06-14 04:35:00+02:00,15.5,15.5,13.1,6.6,55.0,19.6,82.0,0.0,0.0,0.0,0.0,0.0,0.0,11.7,16.7,169.5,8.1,12.2,121.0,999.7,999.7,2.7,4.8
2024-06-14 04:40:00+02:00,15.5,15.5,13.1,6.5,55.0,19.6,82.0,0.0,0.0,0.0,0.0,0.0,0.0,11.7,16.7,169.5,8.1,12.6,121.0,999.6,999.6,2.7,4.8
2024-06-14 04:45:00+02:00,15.5,15.5,12.9,6.6,56.0,19.5,82.0,0.0,0.0,0.0,0.0,0.0,0.0,11.7,16.7,169.5,9.0,12.6,115.0,999.6,999.6,2.7,4.8
2024-06-14 04:50:00+02:00,15.4,15.4,12.8,6.5,55.0,19.5,82.0,0.1,0.0,0.0,0.0,0.0,0.0,11.7,16.7,169.5,9.0,12.2,126.0,999.7,999.7,2.7,4.8
2024-06-14 05:00:00+02:00,15.5,15.5,13.3,6.5,55.0,19.5,82.0,0.2,0.0,0.0,0.0,0.0,0.0,11.7,16.7,169.5,7.0,11.5,135.0,999.7,999.7,2.7,4.8
2024-06-14 05:05:00+02:00,15.5,15.5,12.8,6.9,57.0,19.5,82.0,0.4,0.0,0.0,0.0,0.0,0.0,11.7,16.7,169.5,10.3,23.8,126.0,999.8,999.8,2.7,4.8
2024-06-14 05:10:00+02:00,15.3,15.3,11.7,7.2,59.0,19.5,82.0,0.5,0.0,0.0,0.0,0.0,0.0,11.7,16.7,169.5,15.0,32.4,120.0,999.9,999.9,2.7,4.8
2024-06-14 05:15:00+02:00,15.4,15.4,12.4,7.2,58.0,19.4,82.0,0.6,0.0,0.0,0.0,0.0,0.0,11.7,16.7,169.5,12.2,32.4,126.0,1000.0,1000.0,2.7,4.8
2024-06-14 05:20:00+02:00,15.0,15.0,13.0,7.8,62.0,19.4,82.0,1.7,0.0,0.0,0.0,0.0,0.0,11.7,16.7,169.5,7.6,19.4,103.0,999.7,999.7,2.7,4.8
2024-06-14 05:25:00+02:00,14.7,14.7,12.7,7.8,63.0,19.3,82.0,2.5,0.0,0.0,0.0,0.0,0.0,11.7,16.7,169.5,8.1,15.1,125.0,999.6,999.6,2.7,4.8
2024-06-14 05:30:00+02:00,14.8,14.8,13.5,7.8,63.0,19.3,82.0,2.7,0.0,0.0,0.0,0.0,0.0,11.7,16.7,169.5,4.2,11.2,122.0,999.6,999.6,2.7,4.8
2024-06-14 05:35:00+02:00,14.6,14.6,13.5,8.0,65.0,19.3,82.0,2.6,0.0,0.0,0.0,0.0,0.0,11.7,16.7,169.5,3.5,7.2,104.0,999.6,999.6,2.7,4.7
2024-06-14 05:40:00+02:00,14.4,14.4,13.1,8.0,65.0,19.3,82.0,2.8,0.0,0.0,0.0,0.0,0.0,11.7,16.7,169.5,4.5,9.7,119.0,999.5,999.5,2.7,4.7
2024-06-14 05:45:00+02:00,14.8,14.8,12.8,7.4,61.0,19.3,82.0,3.6,0.0,0.0,0.0,0.0,0.0,11.7,16.7,169.5,7.1,13.3,121.0,999.6,999.6,2.7,4.7
2024-06-14 05:50:00+02:00,15.2,15.2,13.2,7.3,60.0,19.2,82.0,4.1,0.0,0.0,0.0,0.0,0.0,11.7,16.7,169.5,6.9,17.3,113.0,999.5,999.5,2.7,4.7
2024-06-14 05:55:00+02:00,15.3,15.3,13.0,7.3,59.0,19.2,82.0,3.6,0.0,0.0,0.0,0.0,0.0,11.7,16.7,169.5,8.4,16.2,124.0,999.6,999.6,2.7,4.7
2024-06-14 06:00:00+02:00,15.4,15.4,13.1,7.1,57.0,19.2,82.0,3.1,0.0,0.0,0.0,0.0,0.0,11.7,16.7,169.5,8.7,16.9,115.0,999.4,999.4,2.7,4.7
2024-06-14 06:05:00+02:00,15.3,15.3,13.1,7.1,58.0,19.2,82.0,3.6,0.0,0.0,0.0,0.0,0.0,11.7,16.7,169.5,8.0,14.8,119.0,999.6,999.6,2.7,4.7
2024-06-14 06:10:00+02:00,15.3,15.3,13.7,7.2,58.0,19.1,82.0,3.0,0.0,0.0,0.0,0.0,0.0,11.7,16.7,169.5,5.0,9.0,130.0,999.5,999.5,2.7,4.7
2024-06-14 06:15:00+02:00,15.3,15.3,13.9,7.1,58.0,19.1,82.0,5.4,0.0,0.0,0.0,0.0,0.0,11.7,16.7,169.5,3.8,9.0,159.0,999.6,999.6,2.7,4.7
2024-06-14 06:20:00+02:00,15.3,15.3,14.4,7.6,60.0,19.1,82.0,12.2,0.0,0.0,0.0,0.0,0.0,11.7,16.7,169.5,1.9,6.5,121.0,999.8,999.8,2.7,4.7
2024-06-14 06:25:00+02:00,15.2,15.2,14.1,7.8,61.0,19.1,82.0,13.0,0.0,0.0,0.0,0.0,0.0,11.7,16.7,169.5,2.5,6.5,126.0,999.8,999.8,2.7,4.7
2024-06-14 06:30:00+02:00,15.0,15.0,13.6,8.0,63.0,19.1,82.0,13.9,0.0,0.0,0.0,0.0,0.0,11.7,16.7,169.5,4.7,7.9,130.0,999.9,999.9,2.7,4.7
2024-06-14 06:35:00+02:00,15.0,15.0,13.1,7.6,61.0,19.1,82.0,18.0,0.0,0.0,0.0,0.0,0.0,11.7,16.7,169.5,7.2,10.8,128.0,1000.0,1000.0,2.7,4.7
2024-06-14 06:40:00+02:00,15.1,15.1,13.0,7.9,62.0,19.1,82.0,20.9,0.0,0.0,0.0,0.0,0.0,11.7,16.7,169.5,8.1,16.2,128.0,1000.0,1000.0,2.7,4.7
2024-06-14 06:45:00+02:00,15.1,15.1,12.9,8.0,63.0,19.1,82.0,20.9,0.0,0.0,0.0,0.0,0.0,11.7,16.7,169.5,9.0,16.2,121.0,1000.1,1000.1,2.7,4.7
2024-06-14 06:50:00+02:00,15.1,15.1,12.7,7.9,63.0,19.0,82.0,19.8,0.0,0.0,0.0,0.0,0.0,11.7,16.7,169.5,9.5,17.6,119.0,1000.2,1000.2,2.7,4.7
2024-06-14 06:55:00+02:00,15.0,15.0,13.3,8.1,63.0,19.0,82.0,21.6,0.0,0.0,0.0,0.0,0.0,11.7,16.7,169.5,6.5,17.6,119.0,1000.1,1000.1,2.7,4.7
2024-06-14 07:00:00+02:00,15.1,15.1,13.2,8.2,64.0,19.0,82.0,30.1,0.0,0.0,0.0,0.0,0.0,11.7,16.7,169.5,7.3,15.5,127.0,1000.1,1000.1,2.7,4.7
2024-06-14 07:05:00+02:00,15.0,15.0,13.5,8.4,64.0,19.0,82.0,41.0,0.0,0.0,0.0,0.0,0.0,11.7,16.7,169.5,5.8,9.0,117.0,1000.0,1000.0,2.7,4.7
2024-06-14 07:10:00+02:00,15.0,15.0,13.4,8.5,65.0,19.0,83.0,50.6,0.0,0.0,0.0,0.0,0.0,11.7,16.7,169.5,6.6,11.2,118.0,999.9,999.9,2.7,4.7
2024-06-14 07:15:00+02:00,15.1,15.1,13.4,8.5,65.0,19.0,83.0,58.5,0.0,0.0,0.0,0.0,0.0,11.7,16.7,169.5,7.1,11.5,120.0,999.9,999.9,2.7,4.7
2024-06-14 07:20:00+02:00,15.1,15.1,13.4,8.6,65.0,19.0,83.0,69.7,0.0,0.0,0.0,0.0,0.0,11.7,16.7,169.5,6.8,11.9,115.0,1000.0,1000.0,2.7,4.7
2024-06-14 07:25:00+02:00,15.1,15.1,13.8,8.7,66.0,19.0,83.0,77.6,0.0,0.0,0.0,0.0,0.0,11.7,16.7,169.5,5.1,12.6,116.0,999.9,999.9,2.7,4.7
2024-06-14 07:30:00+02:00,15.1,15.1,13.9,9.1,67.0,19.0,83.0,74.6,0.0,0.0,0.0,0.0,0.0,11.7,16.7,169.5,5.3,12.2,130.0,1000.0,1000.0,2.7,4.7
2024-06-14 07:35:00+02:00,15.0,15.0,13.4,9.0,68.0,19.0,83.0,74.4,0.0,0.0,0.0,0.0,0.0,11.7,16.7,169.5,6.7,13.3,127.0,1000.0,1000.0,2.7,4.8
2024-06-14 07:40:00+02:00,14.9,14.9,13.0,9.1,68.0,19.0,83.0,70.6,0.0,0.0,0.0,0.0,0.0,11.7,16.7,169.5,8.9,16.2,123.0,999.8,999.8,2.7,4.8
2024-06-14 07:45:00+02:00,14.8,14.8,13.1,9.1,69.0,19.1,83.0,60.9,0.0,0.0,0.0,0.0,0.0,11.7,16.7,169.5,7.8,14.8,118.0,999.8,999.8,2.7,4.8
2024-06-14 07:50:00+02:00,14.8,14.8,13.3,9.2,69.0,19.1,83.0,65.1,0.0,0.0,0.0,0.0,0.0,11.7,16.7,169.5,6.6,13.0,133.0,999.7,999.7,2.7,4.8
2024-06-14 07:55:00+02:00,14.8,14.8,13.5,9.3,70.0,19.1,83.0,69.8,0.0,0.0,0.0,0.0,0.0,11.7,16.7,169.5,6.0,13.0,120.0,999.8,999.8,2.7,4.8
2024-06-14 08:00:00+02:00,14.7,14.7,12.7,9.4,70.0,19.1,83.0,63.9,0.0,0.0,0.0,0.0,0.0,11.7,16.7,169.5,10.0,14.8,135.0,999.7,999.7,2.7,4.8
2024-06-14 08:05:00+02:00,14.7,14.7,13.4,9.6,71.0,19.1,83.0,62.0,0.0,0.0,0.0,0.0,0.0,11.7,16.7,169.5,6.6,15.1,140.0,999.7,999.7,2.7,4.8
2024-06-14 08:10:00+02:00,14.5,14.5,12.6,9.5,72.0,19.2,83.0,63.7,0.0,0.0,0.0,0.0,0.0,11.7,16.7,169.5,9.5,17.3,125.0,999.6,999.6,2.7,4.8
2024-06-14 08:15:00+02:00,14.5,14.5,12.6,9.6,73.0,19.2,83.0,80.9,0.0,0.0,0.0,0.0,0.0,11.7,16.7,169.5,9.3,13.7,128.0,999.7,999.7,2.7,4.8
2024-06-14 08:20:00+02:00,14.6,14.6,13.1,9.7,72.0,19.2,83.0,92.7,0.0,0.0,0.0,0.0,0.0,11.7,16.7,169.5,7.5,13.0,124.0,999.6,999.6,2.7,4.8
2024-06-14 08:25:00+02:00,14.7,14.7,13.4,9.7,72.0,19.2,83.0,94.3,0.0,0.0,0.0,0.0,0.0,11.7,16.7,169.5,6.1,12.2,128.0,999.6,999.6,2.7,4.9
2024-06-14 08:30:00+02:00,14.7,14.7,13.3,9.6,71.0,19.2,83.0,71.2,0.0,0.0,0.0,0.0,0.0,11.7,16.7,169.5,6.8,15.5,126.0,999.6,999.6,2.7,4.9
2024-06-14 08:35:00+02:00,14.7,14.7,13.0,9.4,71.0,19.2,83.0,85.3,0.0,0.0,0.0,0.0,0.0,11.7,16.7,169.5,8.1,16.9,124.0,999.6,999.6,2.7,4.9
2024-06-14 08:40:00+02:00,14.7,14.7,12.9,9.3,70.0,19.2,83.0,84.5,0.0,0.0,0.0,0.0,0.0,11.7,16.7,169.5,8.7,16.9,120.0,999.4,999.4,2.7,4.9
2024-06-14 08:45:00+02:00,14.8,14.8,13.0,9.3,70.0,19.3,83.0,115.0,1.0,0.0,0.0,0.0,0.0,11.7,16.7,169.5,8.5,22.3,126.0,999.3,999.3,2.7,4.9
2024-06-14 08:50:00+02:00,14.8,14.8,13.1,9.2,69.0,19.3,83.0,122.8,1.0,0.0,0.0,0.0,0.0,11.7,16.7,169.5,7.8,18.7,135.0,999.3,999.3,2.7,4.9
2024-06-14 08:55:00+02:00,15.0,15.0,13.8,9.5,70.0,19.3,84.0,120.0,1.0,0.0,0.0,0.0,0.0,11.7,16.7,169.5,5.8,11.5,114.0,999.3,999.3,2.7,5.0
2024-06-14 09:00:00+02:00,14.9,14.9,13.2,9.4,69.0,19.3,84.0,112.5,1.0,0.0,0.0,0.0,0.0,11.7,16.7,169.5,8.5,17.3,126.0,999.2,999.2,2.7,5.0
2024-06-14 09:05:00+02:00,14.9,14.9,13.6,9.5,70.0,19.3,84.0,134.3,1.0,0.0,0.0,0.0,0.0,11.7,16.7,169.5,6.3,17.3,134.0,999.2,999.2,2.7,5.0
2024-06-14 09:10:00+02:00,15.0,15.0,13.4,9.6,70.0,19.4,84.0,135.1,1.0,0.0,0.0,0.0,0.0,11.7,16.7,169.5,8.1,16.2,133.0,999.2,999.2,2.7,5.0
2024-06-14 09:15:00+02:00,15.1,15.1,13.4,9.7,70.0,19.4,84.0,120.2,1.0,0.0,0.0,0.0,0.0,11.7,16.7,169.5,8.1,19.8,125.0,999.1,999.1,2.7,5.1
2024-06-14 09:20:00+02:00,15.0,15.0,13.4,9.7,71.0,19.4,84.0,98.3,0.0,0.0,0.0,0.0,0.0,11.7,16.7,169.5,8.1,19.4,135.0,999.1,999.1,2.7,5.1
2024-06-14 09:25:00+02:00,15.0,15.0,12.9,9.8,71.0,19.5,84.0,146.2,1.0,0.0,0.0,0.0,0.0,11.7,16.7,169.5,11.0,22.0,133.0,999.0,999.0,2.7,5.1
2024-06-14 09:30:00+02:00,15.1,15.1,12.8,9.8,70.0,19.5,84.0,194.4,1.0,0.0,0.0,0.0,0.0,11.7,16.7,169.5,11.8,24.1,122.0,999.1,999.1,2.7,5.1
2024-06-14 09:35:00+02:00,15.3,15.3,13.3,9.8,69.0,19.5,84.0,176.1,1.0,0.0,0.0,0.0,0.0,11.7,16.7,169.5,10.7,17.3,117.0,999.0,999.0,2.7,5.1
2024-06-14 09:40:00+02:00,15.3,15.3,13.8,9.8,70.0,19.6,84.0,93.7,0.0,0.0,0.0,0.0,0.0,11.7,16.7,169.5,7.7,17.3,105.0,999.1,999.1,2.7,5.1
2024-06-14 09:45:00+02:00,15.3,15.3,13.8,9.9,70.0,19.6,84.0,87.6,0.0,0.0,0.0,0.0,0.0,11.7,16.7,169.5,7.6,16.2,123.0,999.0,999.0,2.7,5.2
2024-06-14 09:50:00+02:00,15.4,15.4,13.2,9.9,70.0,19.6,84.0,89.0,0.0,0.0,0.0,0.0,0.0,11.7,16.7,169.5,11.6,25.6,129.0,999.0,999.0,2.7,5.2
2024-06-14 09:55:00+02:00,15.4,15.4,13.7,9.9,70.0,19.6,84.0,105.5,0.0,0.0,0.0,0.0,0.0,11.7,16.7,169.5,9.1,18.0,133.0,999.0,999.0,2.7,5.2
2024-06-14 10:00:00+02:00,15.4,15.4,13.7,10.0,70.0,19.7,84.0,123.1,1.0,0.0,0.0,0.0,0.0,11.7,16.7,169.5,9.1,16.6,130.0,999.0,999.0,2.7,5.2
2024-06-14 10:05:00+02:00,15.6,15.6,13.7,10.3,71.0,19.7,85.0,165.0,1.0,0.0,0.0,0.0,0.0,11.7,16.7,169.5,10.1,17.6,136.0,999.1,999.1,2.7,5.2
2024-06-14 10:10:00+02:00,15.8,15.8,14.1,10.3,70.0,19.7,85.0,169.7,1.0,0.0,0.0,0.0,0.0,11.7,16.7,169.5,8.9,14.0,127.0,999.0,999.0,2.7,5.2
2024-06-14 10:15:00+02:00,15.9,15.9,14.3,10.4,70.0,19.7,85.0,222.8,2.0,0.0,0.0,0.0,0.0,11.7,16.7,169.5,9.1,18.0,124.0,999.0,999.0,2.7,5.2
2024-06-14 10:20:00+02:00,16.1,16.1,13.4,10.5,69.0,19.8,85.0,444.4,4.0,0.0,0.0,0.0,0.0,11.7,16.7,169.5,14.6,22.0,123.0,998.9,998.9,2.7,5.2
2024-06-14 10:25:00+02:00,16.3,16.3,14.3,10.4,68.0,19.9,85.0,369.1,3.0,0.0,0.0,0.0,0.0,11.7,16.7,169.5,11.1,23.0,132.0,998.8,998.8,2.7,5.2
2024-06-14 10:30:00+02:00,16.6,16.6,14.7,10.8,68.0,20.0,85.0,352.8,3.0,0.0,0.0,0.0,0.0,11.7,16.7,169.5,10.9,23.0,127.0,998.8,998.8,2.7,5.2
2024-06-14 10:35:00+02:00,16.7,16.7,14.5,10.5,67.0,20.2,85.0,287.8,2.0,0.0,0.0,0.0,0.0,11.7,16.7,169.5,12.1,21.6,120.0,998.8,998.8,2.7,5.2
2024-06-14 10:40:00+02:00,16.9,16.9,15.5,10.7,67.0,20.2,85.0,473.6,4.0,0.0,0.0,0.0,0.0,11.7,16.7,169.5,8.4,20.5,137.0,998.8,998.8,2.7,5.2
2024-06-14 10:45:00+02:00,16.9,16.9,13.7,10.3,65.0,20.4,85.0,355.6,3.0,0.0,0.0,0.0,0.0,11.7,16.7,169.5,17.3,29.5,127.0,998.8,998.8,2.7,5.2
2024-06-14 10:50:00+02:00,16.8,16.8,14.6,10.3,66.0,20.5,85.0,283.9,2.0,0.0,0.0,0.0,0.0,11.7,16.7,169.5,12.4,26.6,136.0,998.6,998.6,2.7,5.2
2024-06-14 10:55:00+02:00,16.8,16.8,13.9,10.2,65.0,20.7,85.0,237.2,2.0,0.0,0.0,0.0,0.0,11.7,16.7,169.5,15.1,28.8,138.0,998.5,998.5,2.7,5.2
2024-06-14 11:00:00+02:00,16.8,16.8,14.8,10.4,66.0,20.7,86.0,211.2,1.0,0.0,0.0,0.0,0.0,11.7,16.7,169.5,10.9,28.1,128.0,998.7,998.7,2.7,5.2
2024-06-14 11:05:00+02:00,16.9,16.9,15.0,10.5,66.0,20.8,86.0,311.1,2.0,0.0,0.0,0.0,0.0,11.7,16.7,169.5,10.6,21.6,117.0,998.5,998.5,2.7,5.2
2024-06-14 11:10:00+02:00,17.1,17.1,14.4,10.5,65.0,20.9,86.0,471.4,4.0,0.0,0.0,0.0,0.0,11.7,16.7,169.5,14.5,36.0,117.0,998.6,998.6,2.7,5.2
2024-06-14 11:15:00+02:00,17.5,17.5,15.5,10.6,64.0,21.0,85.0,462.9,4.0,0.0,0.0,0.0,0.0,11.7,16.7,169.5,11.2,26.3,126.0,998.6,998.6,2.7,5.2
2024-06-14 11:20:00+02:00,17.6,17.6,14.8,10.6,63.0,21.1,85.0,489.2,4.0,0.0,0.0,0.0,0.0,11.7,16.7,169.5,15.0,24.8,123.0,998.6,998.6,2.7,5.2
2024-06-14 11:25:00+02:00,17.8,17.8,16.1,10.8,64.0,21.3,85.0,303.4,2.0,0.0,0.0,0.0,0.0,11.7,16.7,169.5,9.9,24.8,124.0,998.6,998.6,2.7,5.3
2024-06-14 11:30:00+02:00,17.6,17.6,16.1,10.6,63.0,21.4,85.0,184.0,1.0,0.0,0.0,0.0,0.0,11.7,16.7,169.5,8.7,23.4,132.0,998.6,998.6,2.7,5.3
2024-06-14 11:35:00+02:00,17.0,17.0,15.0,10.2,64.0,21.5,85.0,228.1,2.0,0.0,0.0,0.0,0.0,11.7,16.7,169.5,10.6,23.4,131.0,998.6,998.6,2.7,5.3
2024-06-14 11:40:00+02:00,17.2,17.2,15.6,10.5,65.0,21.6,85.0,291.1,2.0,0.0,0.0,0.0,0.0,11.7,16.7,169.5,9.1,19.4,129.0,998.5,998.5,2.7,5.3
2024-06-14 11:45:00+02:00,17.5,17.5,16.0,10.6,64.0,21.7,85.0,404.8,3.0,0.0,0.0,0.0,0.0,11.7,16.7,169.5,8.7,19.4,132.0,998.5,998.5,2.7,5.3
2024-06-14 11:50:00+02:00,17.5,17.5,15.2,10.6,64.0,21.7,85.0,490.1,4.0,0.0,0.0,0.0,0.0,11.7,16.7,169.5,12.9,21.6,122.0,998.6,998.6,2.7,5.3
2024-06-14 11:55:00+02:00,17.3,17.3,15.0,10.5,65.0,21.8,85.0,263.1,2.0,0.0,0.0,0.0,0.0,11.7,16.7,169.5,12.9,22.3,115.0,998.6,998.6,2.7,5.3
2024-06-14 12:00:00+02:00,17.4,17.4,15.6,10.9,66.0,21.9,85.0,267.3,2.0,0.0,0.0,0.0,0.0,11.7,16.7,169.5,10.5,19.8,126.0,998.4,998.4,2.7,5.3
2024-06-14 12:05:00+02:00,17.5,17.5,15.7,10.8,65.0,22.0,85.0,261.2,2.0,0.0,0.0,0.0,0.0,11.7,16.7,169.5,10.4,27.0,141.0,998.4,998.4,2.7,5.3
2024-06-14 12:10:00+02:00,17.3,17.3,15.1,10.7,65.0,22.1,84.0,247.1,2.0,0.0,0.0,0.0,0.0,11.7,16.7,169.5,12.5,24.8,124.0,998.5,998.5,2.7,5.3
2024-06-14 12:15:00+02:00,17.1,17.1,14.8,10.8,66.0,22.2,84.0,199.4,1.0,0.0,0.0,0.0,0.0,11.7,16.7,169.5,13.4,24.1,129.0,998.4,998.4,2.7,5.3
2024-06-14 12:20:00+02:00,17.1,17.1,14.7,10.8,66.0,22.2,84.0,183.9,1.0,0.0,0.0,0.0,0.0,11.7,16.7,169.5,13.6,23.0,128.0,998.4,998.4,2.7,5.3
2024-06-14 12:25:00+02:00,17.3,17.3,16.2,11.3,68.0,22.2,84.0,193.8,1.0,0.0,0.0,0.0,0.0,11.7,16.7,169.5,7.6,18.0,124.0,998.4,998.4,2.7,5.3
2024-06-14 12:30:00+02:00,17.4,17.4,16.2,11.0,66.0,22.3,84.0,178.6,1.0,0.0,0.0,0.0,0.0,11.7,16.7,169.5,8.0,20.5,142.0,998.4,998.4,2.7,5.3
2024-06-14 12:35:00+02:00,17.3,17.3,16.3,11.0,66.0,22.3,84.0,147.7,1.0,0.0,0.0,0.0,0.0,11.7,16.7,169.5,6.3,16.9,132.0,998.3,998.3,2.7,5.2
2024-06-14 12:40:00+02:00,17.3,17.3,15.9,11.1,67.0,22.4,84.0,135.1,1.0,0.0,0.0,0.0,0.0,11.7,16.7,169.5,9.2,18.4,128.0,998.3,998.3,2.7,5.2
2024-06-14 12:45:00+02:00,17.2,17.2,15.9,11.2,68.0,22.4,84.0,81.9,0.0,0.0,0.0,0.0,0.0,11.7,16.7,169.5,8.5,18.4,118.0,998.3,998.3,2.7,5.2
2024-06-14 12:50:00+02:00,17.2,17.2,15.7,11.2,68.0,22.4,83.0,77.0,0.0,0.0,0.0,0.0,0.0,11.7,16.7,169.5,9.4,24.5,128.0,998.4,998.4,2.7,5.2
2024-06-14 12:55:00+02:00,17.0,17.0,15.9,11.2,69.0,22.4,83.0,116.0,1.0,0.0,0.0,0.0,0.0,11.7,16.7,169.5,7.6,19.1,129.0,998.4,998.4,2.7,5.2
2024-06-14 13:00:00+02:00,17.2,17.2,15.4,11.2,68.0,22.4,83.0,198.8,1.0,0.0,0.0,0.0,0.0,11.7,16.7,169.5,10.7,17.3,149.0,998.5,998.5,2.7,5.2
2024-06-14 13:05:00+02:00,17.3,17.3,15.9,11.0,66.0,22.4,83.0,209.9,1.0,0.0,0.0,0.0,0.0,11.7,16.7,169.5,9.0,18.4,133.0,998.3,998.3,2.7,5.2
2024-06-14 13:10:00+02:00,17.4,17.4,15.1,11.3,67.0,22.4,83.0,266.4,2.0,0.0,0.0,0.0,0.0,11.7,16.7,169.5,13.7,31.0,125.0,998.3,998.3,2.7,5.2
2024-06-14 13:15:00+02:00,17.3,17.3,14.5,11.0,67.0,22.4,83.0,434.9,4.0,0.0,0.0,0.0,0.0,11.7,16.7,169.5,15.9,31.0,129.0,998.2,998.2,2.7,5.2
2024-06-14 13:20:00+02:00,17.5,17.5,15.8,11.3,67.0,22.4,83.0,419.6,3.0,0.0,0.0,0.0,0.0,11.7,16.7,169.5,10.9,29.2,139.0,998.3,998.3,2.7,5.2
2024-06-14 13:25:00+02:00,17.8,17.8,15.2,11.3,66.0,22.5,83.0,508.1,4.0,0.0,0.0,0.0,0.0,11.7,16.7,169.5,15.1,25.9,119.0,998.1,998.1,2.7,5.2
2024-06-14 13:30:00+02:00,18.3,18.3,16.3,11.6,65.0,22.5,84.0,829.6,7.0,0.0,0.0,0.0,0.0,11.7,16.7,169.5,12.6,27.4,117.0,998.1,998.1,2.7,5.2
2024-06-14 13:35:00+02:00,18.6,18.6,17.2,11.5,64.0,22.7,84.0,498.7,4.0,0.0,0.0,0.0,0.0,11.7,16.7,169.5,9.6,21.6,132.0,998.0,998.0,2.7,5.3
2024-06-14 13:40:00+02:00,19.0,19.0,18.1,11.7,63.0,22.8,84.0,489.8,4.0,0.0,0.0,0.0,0.0,11.7,16.7,169.5,7.3,22.3,129.0,998.2,998.2,2.7,5.3
2024-06-14 13:45:00+02:00,18.6,18.6,16.4,11.5,63.0,22.8,83.0,349.5,3.0,0.0,0.0,0.0,0.0,11.7,16.7,169.5,13.5,20.9,125.0,998.0,998.0,2.7,5.3
2024-06-14 13:50:00+02:00,18.4,18.4,16.5,11.6,65.0,23.0,83.0,572.5,5.0,0.0,0.0,0.0,0.0,11.7,16.7,169.5,12.2,25.2,120.0,998.0,998.0,2.7,5.3
2024-06-14 13:55:00+02:00,18.5,18.5,16.3,11.6,64.0,23.0,84.0,360.2,3.0,0.0,0.0,0.0,0.0,11.7,16.7,169.5,13.9,23.0,122.0,998.0,998.0,2.7,5.3
2024-06-14 14:10:00+02:00,18.3,18.3,15.7,11.6,65.0,23.3,84.0,127.7,1.0,0.0,0.0,0.0,0.0,11.7,16.7,169.5,16.2,16.6,120.0,997.9,997.9,2.7,5.3
2024-06-14 14:15:00+02:00,18.0,18.0,16.9,11.3,65.0,23.3,84.0,117.3,1.0,0.0,0.0,0.0,0.0,11.7,16.7,169.5,7.7,18.7,129.0,998.0,998.0,2.7,5.3
2024-06-14 14:20:00+02:00,17.9,17.9,16.6,11.6,66.0,23.3,84.0,145.9,1.0,0.0,0.0,0.0,0.0,11.7,16.7,169.5,9.1,19.4,117.0,998.1,998.1,2.7,5.3
2024-06-14 14:25:00+02:00,17.8,17.8,15.7,11.4,66.0,23.3,83.0,250.8,2.0,0.0,0.0,0.0,0.0,11.7,16.7,169.5,13.5,23.0,134.0,998.1,998.1,2.7,5.3
2024-06-14 14:30:00+02:00,18.1,18.1,15.5,11.6,66.0,23.3,84.0,259.5,2.0,0.0,0.0,0.0,0.0,11.7,16.7,169.5,15.6,25.2,125.0,998.0,998.0,2.7,5.3
2024-06-14 14:35:00+02:00,18.2,18.2,17.1,11.7,66.0,23.4,83.0,226.8,2.0,0.0,0.0,0.0,0.0,11.7,16.7,169.5,8.4,22.7,140.0,998.0,998.0,2.7,5.3
2024-06-14 14:40:00+02:00,18.2,18.2,16.1,11.6,65.0,23.4,84.0,228.5,2.0,0.0,0.0,0.0,0.0,11.7,16.7,169.5,13.1,21.6,127.0,998.0,998.0,2.7,5.3
2024-06-14 14:45:00+02:00,18.4,18.4,16.5,11.7,65.0,23.5,83.0,412.3,3.0,0.0,0.0,0.0,0.0,11.7,16.7,169.5,12.7,23.8,127.0,998.0,998.0,2.7,5.3
2024-06-14 14:50:00+02:00,18.4,18.4,16.6,11.7,65.0,23.5,83.0,317.8,2.0,0.0,0.0,0.0,0.0,11.7,16.7,169.5,12.1,28.8,139.0,998.1,998.1,2.7,5.3
2024-06-14 14:55:00+02:00,18.2,18.2,16.1,11.6,65.0,23.6,83.0,565.0,5.0,0.0,0.0,0.0,0.0,11.7,16.7,169.5,13.2,28.8,130.0,998.1,998.1,2.7,5.3
2024-06-14 15:00:00+02:00,18.5,18.5,16.7,11.7,65.0,23.6,83.0,394.9,3.0,0.0,0.0,0.0,0.0,11.7,16.7,169.5,11.9,28.8,135.0,998.2,998.2,2.7,5.3
2024-06-14 15:05:00+02:00,18.7,18.7,16.5,11.9,65.0,23.6,83.0,883.9,8.0,0.0,0.0,0.0,0.0,11.7,16.7,169.5,14.4,30.6,123.0,998.1,998.1,2.7,5.3
2024-06-14 15:10:00+02:00,19.2,19.2,18.0,12.3,64.0,23.7,84.0,758.6,7.0,0.0,0.0,0.0,0.0,11.7,16.7,169.5,10.1,24.8,120.0,998.1,998.1,2.7,5.3
2024-06-14 15:15:00+02:00,19.7,19.7,17.8,12.5,63.0,23.8,84.0,664.0,6.0,0.0,0.0,0.0,0.0,11.7,16.7,169.5,13.8,23.4,124.0,998.0,998.0,2.7,5.3
2024-06-14 15:20:00+02:00,19.4,19.4,18.2,12.2,63.0,23.8,84.0,629.8,5.0,0.0,0.0,0.0,0.0,11.7,16.7,169.5,9.5,23.8,133.0,997.9,997.9,2.7,5.3
2024-06-14 15:25:00+02:00,19.9,19.9,17.5,12.3,62.0,23.9,84.0,657.2,6.0,0.0,0.0,0.0,0.0,11.7,16.7,169.5,16.1,28.4,122.0,997.9,997.9,2.7,5.3
2024-06-14 15:30:00+02:00,20.0,20.0,18.8,12.3,61.0,24.0,85.0,698.8,6.0,0.0,0.0,0.0,0.0,11.7,16.7,169.5,10.1,23.4,127.0,997.9,997.9,2.7,5.3
2024-06-14 15:35:00+02:00,20.0,20.0,18.1,12.4,62.0,24.2,85.0,727.5,6.0,0.0,0.0,0.0,0.0,11.7,16.7,169.5,13.5,21.6,126.0,997.8,997.8,2.7,5.3
2024-06-14 15:40:00+02:00,19.5,19.5,17.9,12.3,63.0,24.2,85.0,522.3,4.0,0.0,0.0,0.0,0.0,11.7,16.7,169.5,11.7,20.9,131.0,997.7,997.7,2.7,5.3
2024-06-14 15:45:00+02:00,19.6,19.6,17.7,12.0,62.0,24.3,85.0,728.6,6.0,0.0,0.0,0.0,0.0,11.7,16.7,169.5,13.2,26.3,134.0,997.7,997.7,2.7,5.3
2024-06-14 15:50:00+02:00,19.9,19.9,17.9,12.2,61.0,24.4,85.0,738.6,6.0,0.0,0.0,0.0,0.0,11.7,16.7,169.5,13.9,28.4,125.0,997.6,997.6,2.7,5.3
2024-06-14 15:55:00+02:00,19.5,19.5,17.6,12.2,63.0,24.4,85.0,724.7,6.0,0.0,0.0,0.0,0.0,11.7,16.7,169.5,13.3,24.5,128.0,997.6,997.6,2.7,5.3
2024-06-14 16:00:00+02:00,19.7,19.7,18.0,12.3,62.0,24.6,85.0,681.4,6.0,0.0,0.0,0.0,0.0,11.7,16.7,169.5,12.3,25.2,130.0,997.7,997.7,2.7,5.3
2024-06-14 16:05:00+02:00,19.4,19.4,17.5,12.3,64.0,24.6,85.0,243.4,2.0,0.0,0.0,0.0,0.0,11.7,16.7,169.5,13.0,28.1,128.0,997.7,997.7,2.7,5.3
2024-06-14 16:10:00+02:00,18.8,18.8,17.0,12.2,65.0,24.6,85.0,172.1,1.0,0.0,0.0,0.0,0.0,11.7,16.7,169.5,13.0,28.1,132.0,997.8,997.8,2.7,5.3
2024-06-14 16:15:00+02:00,18.5,18.5,16.3,12.1,66.0,24.6,85.0,145.2,1.0,0.0,0.0,0.0,0.0,11.7,16.7,169.5,14.5,26.6,126.0,997.7,997.7,2.7,5.3
2024-06-14 16:20:00+02:00,18.5,18.5,17.4,12.2,67.0,24.6,85.0,188.9,1.0,0.0,0.0,0.0,0.0,11.7,16.7,169.5,9.1,20.5,140.0,997.6,997.6,2.7,5.3
2024-06-14 16:25:00+02:00,18.7,18.7,17.6,12.3,66.0,24.6,85.0,182.9,1.0,0.0,0.0,0.0,0.0,11.7,16.7,169.5,9.0,20.5,124.0,997.6,997.6,2.7,5.3
2024-06-14 16:30:00+02:00,18.6,18.6,17.6,12.1,66.0,24.6,85.0,113.7,1.0,0.0,0.0,0.0,0.0,11.7,16.7,169.5,8.6,20.5,123.0,997.6,997.6,2.7,5.3
2024-06-14 16:35:00+02:00,18.5,18.5,17.5,12.3,67.0,24.6,85.0,112.7,1.0,0.0,0.0,0.0,0.0,11.7,16.7,169.5,8.9,17.3,114.0,997.5,997.5,2.7,5.3
2024-06-14 16:40:00+02:00,18.4,18.4,17.4,12.2,67.0,24.6,84.0,92.9,0.0,0.0,0.0,0.0,0.0,11.7,16.7,169.5,8.9,18.4,133.0,997.5,997.5,2.7,5.3
2024-06-14 16:45:00+02:00,18.4,18.4,16.9,12.1,67.0,24.6,84.0,163.1,1.0,0.0,0.0,0.0,0.0,11.7,16.7,169.5,11.4,19.1,124.0,997.5,997.5,2.7,5.3
2024-06-14 16:50:00+02:00,18.6,18.6,16.7,12.2,66.0,24.6,84.0,169.5,1.0,0.0,0.0,0.0,0.0,11.7,16.7,169.5,13.3,22.3,122.0,997.5,997.5,2.7,5.3
2024-06-14 16:55:00+02:00,18.6,18.6,16.9,12.3,67.0,24.5,84.0,118.7,1.0,0.0,0.0,0.0,0.0,11.7,16.7,169.5,12.3,24.1,128.0,997.4,997.4,2.7,5.3
2024-06-14 17:00:00+02:00,18.4,18.4,16.7,12.2,67.0,24.5,84.0,123.9,1.0,0.0,0.0,0.0,0.0,11.7,16.7,169.5,12.1,24.1,132.0,997.4,997.4,2.7,5.3
2024-06-14 17:05:00+02:00,18.3,18.3,16.3,12.1,67.0,24.5,84.0,114.0,1.0,0.0,0.0,0.0,0.0,11.7,16.7,169.5,13.9,29.9,132.0,997.4,997.4,2.7,5.2
2024-06-14 17:10:00+02:00,18.2,18.2,15.5,12.4,69.0,24.5,84.0,51.5,0.0,0.0,0.0,0.0,0.0,11.7,16.7,169.5,17.5,34.9,129.0,997.4,997.4,2.7,5.2
2024-06-14 17:15:00+02:00,18.0,18.0,16.8,12.6,70.0,24.5,83.0,97.7,0.0,0.0,0.0,0.0,0.0,11.7,16.7,169.5,10.3,34.9,125.0,997.4,997.4,2.7,5.2
2024-06-14 17:20:00+02:00,18.1,18.1,17.2,12.6,70.0,24.4,83.0,165.3,1.0,0.0,0.0,0.0,0.0,11.7,16.7,169.5,8.8,19.4,126.0,997.2,997.2,2.7,5.2
2024-06-14 17:25:00+02:00,18.5,18.5,17.9,12.8,69.0,24.4,83.0,273.5,2.0,0.0,0.0,0.0,0.0,11.7,16.7,169.5,7.6,14.0,139.0,997.2,997.2,2.7,5.2
2024-06-14 17:30:00+02:00,18.9,18.9,17.2,12.8,67.0,24.4,83.0,512.1,4.0,0.0,0.0,0.0,0.0,11.7,16.7,169.5,13.2,22.7,127.0,997.1,997.1,2.7,5.2
2024-06-14 17:35:00+02:00,19.1,19.1,17.8,13.0,68.0,24.3,83.0,471.1,4.0,0.0,0.0,0.0,0.0,11.7,16.7,169.5,11.5,25.2,127.0,997.1,997.1,2.7,5.2
2024-06-14 17:40:00+02:00,18.8,18.8,18.2,12.7,68.0,24.4,83.0,318.2,2.0,0.0,0.0,0.0,0.0,11.7,16.7,169.5,7.1,19.1,136.0,997.1,997.1,2.7,5.2
2024-06-14 17:45:00+02:00,19.2,19.2,18.5,12.8,66.0,24.3,84.0,427.7,3.0,0.0,0.0,0.0,0.0,11.7,16.7,169.5,8.0,13.3,127.0,997.0,997.0,2.7,5.2
2024-06-14 17:50:00+02:00,20.1,20.1,19.7,12.9,63.0,24.3,84.0,362.4,3.0,0.0,0.0,0.0,0.0,11.7,16.7,169.5,6.8,17.3,140.0,997.0,997.0,2.7,5.2
2024-06-14 17:55:00+02:00,19.7,19.7,18.0,12.7,64.0,24.3,84.0,160.2,1.0,0.0,0.0,0.0,0.0,11.7,16.7,169.5,13.5,22.3,135.0,997.0,997.0,2.7,5.3
2024-06-14 18:00:00+02:00,19.6,19.6,18.2,12.4,63.0,24.3,83.0,392.4,3.0,0.0,0.0,0.0,0.0,11.7,16.7,169.5,11.1,22.3,124.0,997.0,997.0,2.7,5.3
2024-06-14 18:05:00+02:00,19.7,19.7,19.1,12.8,65.0,24.3,83.0,188.5,1.0,0.0,0.0,0.0,0.0,11.7,16.7,169.5,7.4,21.2,144.0,996.9,996.9,2.7,5.3
2024-06-14 18:10:00+02:00,19.5,19.5,18.4,12.6,64.0,24.3,83.0,96.8,0.0,0.0,0.0,0.0,0.0,11.7,16.7,169.5,9.9,20.9,138.0,997.0,997.0,2.7,5.3
2024-06-14 18:15:00+02:00,19.2,19.2,18.0,12.7,66.0,24.3,83.0,53.9,0.0,0.0,0.0,0.0,0.0,11.7,16.7,169.5,10.1,20.9,140.0,997.0,997.0,2.7,5.3
2024-06-14 18:20:00+02:00,19.1,19.1,17.6,12.6,66.0,24.3,83.0,45.2,0.0,0.0,0.0,0.0,0.0,11.7,16.7,169.5,11.4,19.1,129.0,996.8,996.8,2.7,5.3
2024-06-14 18:25:00+02:00,19.0,19.0,17.4,12.3,65.0,24.2,83.0,61.1,0.0,0.0,0.0,0.0,0.0,11.7,16.7,169.5,12.0,22.3,128.0,996.8,996.8,2.7,5.2
2024-06-14 18:30:00+02:00,18.9,18.9,16.6,12.1,64.0,24.2,83.0,67.2,0.0,0.0,0.0,0.0,0.0,11.7,16.7,169.5,15.3,24.1,125.0,996.8,996.8,2.7,5.2
2024-06-14 18:35:00+02:00,18.9,18.9,17.7,12.2,65.0,24.2,83.0,74.8,0.0,0.0,0.0,0.0,0.0,11.7,16.7,169.5,9.5,24.1,126.0,996.6,996.6,2.7,5.2
2024-06-14 18:40:00+02:00,19.0,19.0,18.6,12.4,66.0,24.2,83.0,84.5,0.0,0.0,0.0,0.0,0.0,11.7,16.7,169.5,5.9,14.8,140.0,996.6,996.6,2.7,5.2
2024-06-14 18:45:00+02:00,19.1,19.1,18.2,12.5,65.0,24.1,83.0,122.4,1.0,0.0,0.0,0.0,0.0,11.7,16.7,169.5,8.6,12.2,145.0,996.6,996.6,2.7,5.2
2024-06-14 18:50:00+02:00,19.2,19.2,18.1,12.5,65.0,24.1,83.0,121.1,1.0,0.0,0.0,0.0,0.0,11.7,16.7,169.5,9.1,15.5,138.0,996.6,996.6,2.7,5.2
2024-06-14 18:55:00+02:00,19.1,19.1,18.6,12.6,66.0,24.0,83.0,103.1,0.0,0.0,0.0,0.0,0.0,11.7,16.7,169.5,6.6,14.0,132.0,996.6,996.6,2.7,5.2
2024-06-14 19:00:00+02:00,19.1,19.1,19.0,12.7,67.0,24.1,83.0,104.2,0.0,0.0,0.0,0.0,0.0,11.7,16.7,169.5,5.1,13.0,130.0,996.5,996.5,2.7,5.2
2024-06-14 19:05:00+02:00,19.0,19.0,18.3,12.8,67.0,24.0,83.0,74.8,0.0,0.0,0.0,0.0,0.0,11.7,16.7,169.5,8.1,13.3,131.0,996.5,996.5,2.7,5.2
2024-06-14 19:10:00+02:00,18.9,18.9,18.1,12.7,67.0,24.0,83.0,71.9,0.0,0.0,0.0,0.0,0.0,11.7,16.7,169.5,8.4,14.4,136.0,996.3,996.3,2.7,5.2
2024-06-14 19:15:00+02:00,18.8,18.8,18.0,12.7,68.0,24.0,83.0,65.8,0.0,0.0,0.0,0.0,0.0,11.7,16.7,169.5,8.5,17.6,126.0,996.3,996.3,2.7,5.2
2024-06-14 19:20:00+02:00,18.8,18.8,18.4,12.8,68.0,23.9,83.0,63.8,0.0,0.0,0.0,0.0,0.0,11.7,16.7,169.5,6.8,10.8,130.0,996.3,996.3,2.7,5.2
2024-06-14 19:25:00+02:00,18.8,18.8,17.8,12.6,67.0,23.9,84.0,58.8,0.0,0.0,0.0,0.0,0.0,11.7,16.7,169.5,9.3,15.8,124.0,996.3,996.3,2.7,5.2
2024-06-14 19:30:00+02:00,18.7,18.7,18.5,12.8,68.0,23.9,83.0,55.5,0.0,0.0,0.0,0.0,0.0,11.7,16.7,169.5,5.3,12.2,129.0,996.1,996.1,2.7,5.2
2024-06-14 19:35:00+02:00,18.7,18.7,18.5,12.9,69.0,23.9,83.0,45.7,0.0,0.0,0.0,0.0,0.0,11.7,16.7,169.5,5.4,9.7,111.0,996.1,996.1,2.7,5.2
2024-06-14 19:40:00+02:00,18.6,18.6,18.1,12.8,69.0,23.9,83.0,40.5,0.0,0.0,0.0,0.0,0.0,11.7,16.7,169.5,6.8,13.0,132.0,996.3,996.3,2.7,5.2
2024-06-14 19:45:00+02:00,18.6,18.6,19.0,12.9,69.0,23.8,83.0,41.7,0.0,0.0,0.0,0.0,0.0,11.7,16.7,169.5,2.7,5.8,108.0,996.3,996.3,2.7,5.2
2024-06-14 19:50:00+02:00,18.6,18.6,18.6,13.0,70.0,23.8,83.0,58.5,0.0,0.0,0.0,0.0,0.0,11.7,16.7,169.5,4.6,7.2,121.0,996.2,996.2,2.7,5.2
2024-06-14 19:55:00+02:00,18.6,18.6,18.2,12.9,69.0,23.8,83.0,59.4,0.0,0.0,0.0,0.0,0.0,11.7,16.7,169.5,6.4,14.0,135.0,996.1,996.1,2.7,5.2
2024-06-14 20:00:00+02:00,18.6,18.6,18.1,12.8,69.0,23.8,83.0,59.8,0.0,0.0,0.0,0.0,0.0,11.7,16.7,169.5,7.1,15.8,129.0,996.1,996.1,2.7,5.2
2024-06-14 20:05:00+02:00,18.6,18.6,18.2,12.9,69.0,23.7,83.0,59.6,0.0,0.0,0.0,0.0,0.0,11.7,16.7,169.5,6.5,10.1,136.0,996.1,996.1,2.7,5.2
2024-06-14 20:10:00+02:00,18.7,18.7,17.8,12.9,69.0,23.7,83.0,55.6,0.0,0.0,0.0,0.0,0.0,11.7,16.7,169.5,8.9,14.4,120.0,996.2,996.2,2.7,5.2
2024-06-14 20:15:00+02:00,18.6,18.6,18.2,12.9,69.0,23.7,83.0,52.9,0.0,0.0,0.0,0.0,0.0,11.7,16.7,169.5,6.8,14.4,122.0,996.0,996.0,2.7,5.2
2024-06-14 20:20:00+02:00,18.5,18.5,18.6,13.0,70.0,23.7,83.0,44.3,0.0,0.0,0.0,0.0,0.0,11.7,16.7,169.5,4.7,7.6,129.0,996.0,996.0,2.7,5.2
2024-06-14 20:25:00+02:00,18.5,18.5,18.3,13.0,70.0,23.6,83.0,38.5,0.0,0.0,0.0,0.0,0.0,11.7,16.7,169.5,5.7,11.2,135.0,995.9,995.9,2.7,5.2
2024-06-14 20:30:00+02:00,18.5,18.5,18.7,13.1,71.0,23.6,83.0,35.4,0.0,0.0,0.0,0.0,0.0,11.7,16.7,169.5,4.1,13.0,108.0,995.8,995.8,2.7,5.2
2024-06-14 20:35:00+02:00,18.5,18.5,18.6,13.1,71.0,23.6,83.0,34.4,0.0,0.0,0.0,0.0,0.0,11.7,16.7,169.5,4.4,13.0,109.0,995.9,995.9,2.7,5.2
2024-06-14 20:40:00+02:00,18.4,18.4,18.6,13.1,71.0,23.5,83.0,29.1,0.0,0.0,0.0,0.0,0.0,11.7,16.7,169.5,4.0,14.0,99.0,995.7,995.7,2.7,5.2
2024-06-14 20:45:00+02:00,18.3,18.3,18.5,13.0,71.0,23.5,83.0,24.1,0.0,0.0,0.0,0.0,0.0,11.7,16.7,169.5,4.1,13.7,115.0,995.8,995.8,2.7,5.2
2024-06-14 20:50:00+02:00,18.3,18.3,17.7,13.0,71.0,23.4,83.0,22.3,0.0,0.0,0.0,0.0,0.0,11.7,16.7,169.5,8.1,13.7,126.0,995.7,995.7,2.7,5.2
2024-06-14 20:55:00+02:00,18.3,18.3,18.1,13.0,71.0,23.4,83.0,17.4,0.0,0.0,0.0,0.0,0.0,11.7,16.7,169.5,5.8,15.8,127.0,995.7,995.7,2.7,5.2
2024-06-14 21:00:00+02:00,18.2,18.2,17.7,13.1,72.0,23.4,83.0,13.1,0.0,0.0,0.0,0.0,0.0,11.7,16.7,169.5,7.6,13.3,110.0,995.7,995.7,2.7,5.2
2024-06-14 21:05:00+02:00,18.2,18.2,18.4,13.2,73.0,23.3,83.0,10.2,0.0,0.0,0.0,0.0,0.0,11.7,16.7,169.5,3.7,15.5,103.0,995.8,995.8,2.7,5.2
2024-06-14 21:10:00+02:00,18.0,18.0,18.5,13.1,73.0,23.3,83.0,8.3,0.0,0.0,0.0,0.0,0.0,11.7,16.7,169.5,2.5,6.5,120.0,995.7,995.7,2.7,5.2
2024-06-14 21:15:00+02:00,18.0,18.0,18.4,13.1,73.0,23.3,83.0,8.1,0.0,0.0,0.0,0.0,0.0,11.7,16.7,169.5,2.5,8.3,97.0,995.6,995.6,2.7,5.2
2024-06-14 21:20:00+02:00,17.9,17.9,18.2,13.1,74.0,23.2,83.0,8.1,0.0,0.0,0.0,0.0,0.0,11.7,16.7,169.5,3.2,8.3,101.0,995.6,995.6,2.7,5.2
2024-06-14 21:25:00+02:00,17.9,17.9,18.1,13.2,74.0,23.2,83.0,7.7,0.0,0.0,0.0,0.0,0.0,11.7,16.7,169.5,3.8,8.3,98.0,995.6,995.6,2.7,5.2
2024-06-14 21:30:00+02:00,17.8,17.8,17.8,13.2,74.0,23.2,83.0,6.3,0.0,0.0,0.0,0.0,0.0,11.7,16.7,169.5,5.5,9.7,119.0,995.5,995.5,2.7,5.2
2024-06-14 21:35:00+02:00,17.8,17.8,18.0,13.3,75.0,23.1,83.0,4.0,0.0,0.0,0.0,0.0,0.0,11.7,16.7,169.5,4.4,9.0,106.0,995.6,995.6,2.7,5.2
2024-06-14 21:40:00+02:00,17.7,17.7,18.2,13.2,75.0,23.0,83.0,3.9,0.0,0.0,0.0,0.0,0.0,11.7,16.7,169.5,2.8,9.7,98.0,995.6,995.6,2.7,5.2
2024-06-14 21:45:00+02:00,17.7,17.7,18.2,13.3,75.0,23.0,83.0,2.5,0.0,0.0,0.0,0.0,0.0,11.7,16.7,169.5,2.7,9.7,97.0,995.3,995.3,2.7,5.2
2024-06-14 21:50:00+02:00,17.6,17.6,18.1,13.3,76.0,22.9,83.0,1.7,0.0,0.0,0.0,0.0,0.0,11.7,16.7,169.5,2.7,7.2,127.0,995.3,995.3,2.7,5.2
2024-06-14 21:55:00+02:00,17.6,17.6,18.1,13.4,76.0,22.9,83.0,0.8,0.0,0.0,0.0,0.0,0.0,11.7,16.7,169.5,3.1,7.6,82.0,995.3,995.3,2.7,5.2
2024-06-14 22:00:00+02:00,17.6,17.6,18.5,13.4,76.0,22.9,83.0,0.7,0.0,0.0,0.0,0.0,0.0,11.7,16.7,169.5,0.8,4.7,138.0,995.1,995.1,2.7,5.2
2024-06-14 22:05:00+02:00,17.5,17.5,17.4,13.2,76.0,22.8,83.0,0.4,0.0,0.0,0.0,0.0,0.0,11.7,16.7,169.5,5.5,10.8,138.0,995.0,995.0,2.7,5.2
2024-06-14 22:10:00+02:00,17.7,17.7,17.9,13.4,76.0,22.8,83.0,0.2,0.0,0.0,0.0,0.0,0.0,11.7,16.7,169.5,4.1,10.8,117.0,995.0,995.0,2.7,5.2
2024-06-14 22:15:00+02:00,17.6,17.6,18.3,13.4,76.0,22.8,83.0,0.1,0.0,0.0,0.0,0.0,0.0,11.7,16.7,169.5,2.1,6.5,77.0,995.0,995.0,2.7,5.2
2024-06-14 22:20:00+02:00,17.7,17.7,17.5,13.4,76.0,22.7,83.0,0.0,0.0,0.0,0.0,0.0,0.0,11.7,16.7,169.5,6.4,11.2,110.0,994.7,994.7,2.7,5.2
2024-06-14 22:25:00+02:00,17.6,17.6,18.2,13.6,77.0,22.7,83.0,0.0,0.0,0.0,0.0,0.0,0.0,11.7,16.7,169.5,2.9,7.9,98.0,994.8,994.8,2.7,5.1
2024-06-14 22:30:00+02:00,17.6,17.6,18.0,13.6,77.0,22.7,83.0,0.0,0.0,0.0,0.0,0.0,0.0,11.7,16.7,169.5,3.6,7.9,123.0,994.8,994.8,2.7,5.1
2024-06-14 22:35:00+02:00,17.6,17.6,17.9,13.6,77.0,22.6,83.0,0.0,0.0,1.2,0.2,0.2,0.2,11.9,16.9,169.7,4.4,13.0,136.0,994.8,994.8,2.7,5.1
2024-06-14 22:40:00+02:00,17.3,17.3,17.7,14.0,81.0,22.6,83.0,0.0,0.0,4.8,0.8,0.8,0.8,12.5,17.5,170.3,4.8,12.2,120.0,994.8,994.8,2.7,5.1
2024-06-14 22:45:00+02:00,16.8,16.8,18.0,14.2,85.0,22.5,83.0,0.0,0.0,4.8,0.8,0.8,0.8,12.5,17.5,170.3,0.5,4.7,134.0,994.7,994.7,2.7,5.1
2024-06-14 22:50:00+02:00,16.4,16.4,17.5,14.2,87.0,22.5,83.0,0.0,0.0,3.0,0.9,0.9,0.9,12.6,17.6,170.4,1.5,4.3,73.0,994.6,994.6,2.7,5.1
2024-06-14 22:55:00+02:00,16.0,16.0,17.3,14.2,89.0,22.5,83.0,0.0,0.0,0.6,0.9,0.9,0.9,12.6,17.6,170.4,0.4,3.2,121.0,994.6,994.6,2.7,5.1
2024-06-14 23:00:00+02:00,15.8,15.8,16.9,14.1,90.0,22.4,83.0,0.0,0.0,0.0,0.9,0.9,0.9,12.6,17.6,170.4,1.0,4.7,71.0,994.5,994.5,2.7,5.1
2024-06-14 23:05:00+02:00,15.7,15.7,16.8,14.0,90.0,22.3,83.0,0.0,0.0,0.0,0.9,0.9,0.9,12.6,17.6,170.4,0.8,4.7,137.0,994.4,994.4,2.7,5.1
2024-06-14 23:10:00+02:00,15.5,15.5,16.3,14.0,91.0,22.3,83.0,0.0,0.0,0.0,0.9,0.9,0.9,12.6,17.6,170.4,2.1,5.4,92.0,994.3,994.3,2.7,5.1
2024-06-14 23:15:00+02:00,15.6,15.6,16.4,14.0,90.0,22.3,83.0,0.0,0.0,0.0,0.9,0.9,0.9,12.6,17.6,170.4,2.2,6.8,95.0,994.2,994.2,2.7,5.1
2024-06-14 23:20:00+02:00,15.8,15.8,15.8,13.8,88.0,22.2,83.0,0.0,0.0,0.0,0.9,0.9,0.9,12.6,17.6,170.4,6.1,13.0,110.0,994.1,994.1,2.7,5.1
2024-06-14 23:25:00+02:00,16.1,16.1,15.8,13.8,86.0,22.1,83.0,0.0,0.0,0.0,0.9,0.9,0.9,12.6,17.6,170.4,7.6,16.2,115.0,994.0,994.0,2.7,5.1
2024-06-14 23:30:00+02:00,16.5,16.5,16.5,13.9,85.0,22.1,82.0,0.0,0.0,0.0,0.9,0.9,0.9,12.6,17.6,170.4,6.6,16.2,126.0,994.0,994.0,2.7,5.1
2024-06-14 23:35:00+02:00,16.5,16.5,16.9,14.0,85.0,22.0,82.0,0.0,0.0,0.0,0.9,0.9,0.7,12.6,17.6,170.4,4.8,11.2,104.0,993.9,993.9,2.7,5.0
2024-06-14 23:40:00+02:00,16.6,16.6,16.4,14.0,85.0,21.9,82.0,0.0,0.0,0.0,0.9,0.9,0.1,12.6,17.6,170.4,7.1,16.2,116.0,994.0,994.0,2.7,5.0
2024-06-14 23:45:00+02:00,16.8,16.8,16.7,13.9,83.0,21.8,82.0,0.0,0.0,0.0,0.9,0.9,0.1,12.6,17.6,170.4,7.0,16.2,123.0,993.9,993.9,2.7,5.0
2024-06-14 23:50:00+02:00,16.9,16.9,17.2,14.0,83.0,21.8,82.0,0.0,0.0,0.0,0.9,0.9,0.0,12.6,17.6,170.4,5.2,15.1,109.0,993.6,993.6,2.7,5.0
2024-06-14 23:55:00+02:00,16.8,16.8,17.3,14.1,84.0,21.8,82.0,0.0,0.0,0.0,0.9,0.9,0.0,12.6,17.6,170.4,4.1,9.7,117.0,993.6,993.6,2.7,5.0
2024-06-15 00:00:00+02:00,16.8,16.8,17.2,14.0,84.0,21.7,83.0,0.0,0.0,0.0,0.0,0.0,0.0,12.6,17.6,170.4,4.8,17.6,116.0,993.4,993.4,2.7,5.0
2024-06-15 00:05:00+02:00,17.2,17.2,16.3,14.0,82.0,21.7,83.0,0.0,0.0,0.0,0.0,0.0,0.0,12.6,17.6,170.4,10.7,18.4,119.0,993.4,993.4,2.7,5.0
2024-06-15 00:10:00+02:00,17.2,17.2,16.3,14.0,82.0,21.7,83.0,0.0,0.0,0.0,0.0,0.0,0.0,12.6,17.6,170.4,11.2,21.2,119.0,993.2,993.2,2.7,5.0
2024-06-15 00:15:00+02:00,17.2,17.2,17.3,14.2,82.0,21.6,83.0,0.0,0.0,0.0,0.0,0.0,0.0,12.6,17.6,170.4,6.6,21.2,120.0,993.2,993.2,2.7,5.0
2024-06-15 00:20:00+02:00,17.2,17.2,17.2,14.1,82.0,21.6,83.0,0.0,0.0,0.0,0.0,0.0,0.0,12.6,17.6,170.4,6.8,16.2,122.0,993.2,993.2,2.7,5.0
2024-06-15 00:25:00+02:00,17.3,17.3,16.4,14.1,82.0,21.6,83.0,0.0,0.0,0.0,0.0,0.0,0.0,12.6,17.6,170.4,11.4,25.2,126.0,993.0,993.0,2.7,5.0
2024-06-15 00:30:00+02:00,17.3,17.3,16.9,14.2,82.0,21.6,83.0,0.0,0.0,0.0,0.0,0.0,0.0,12.6,17.6,170.4,9.1,21.2,124.0,992.8,992.8,2.7,5.0
2024-06-15 00:35:00+02:00,17.3,17.3,16.8,14.1,81.0,21.5,83.0,0.0,0.0,0.0,0.0,0.0,0.0,12.6,17.6,170.4,9.3,25.2,124.0,992.8,992.8,2.7,5.0
2024-06-15 00:40:00+02:00,17.5,17.5,16.1,14.2,81.0,21.5,83.0,0.0,0.0,0.0,0.0,0.0,0.0,12.6,17.6,170.4,13.9,24.8,122.0,992.7,992.7,2.7,5.0
2024-06-15 00:45:00+02:00,17.4,17.4,16.9,14.4,82.0,21.4,83.0,0.0,0.0,0.0,0.0,0.0,0.0,12.6,17.6,170.4,9.7,24.8,130.0,992.5,992.5,2.7,5.0
2024-06-15 00:50:00+02:00,17.2,17.2,16.2,14.3,83.0,21.4,83.0,0.0,0.0,0.0,0.0,0.0,0.0,12.6,17.6,170.4,11.8,19.4,129.0,992.6,992.6,2.7,5.0
2024-06-15 00:55:00+02:00,17.2,17.2,16.5,14.3,83.0,21.4,83.0,0.0,0.0,0.0,0.0,0.0,0.0,12.6,17.6,170.4,10.2,21.6,126.0,992.6,992.6,2.7,4.9
2024-06-15 01:00:00+02:00,17.1,17.1,16.6,14.3,84.0,21.3,83.0,0.0,0.0,0.0,0.0,0.0,0.0,12.6,17.6,170.4,9.5,19.8,124.0,992.6,992.6,2.7,4.9
2024-06-15 01:05:00+02:00,17.0,17.0,16.2,14.2,83.0,21.3,83.0,0.0,0.0,0.0,0.0,0.0,0.0,12.6,17.6,170.4,10.6,17.6,127.0,992.4,992.4,2.7,4.9
2024-06-15 01:10:00+02:00,16.9,16.9,16.0,14.0,83.0,21.3,83.0,0.0,0.0,0.0,0.0,0.0,0.0,12.6,17.6,170.4,11.2,21.2,119.0,992.4,992.4,2.7,4.9
2024-06-15 01:15:00+02:00,16.8,16.8,16.3,13.9,83.0,21.3,83.0,0.0,0.0,0.0,0.0,0.0,0.0,12.6,17.6,170.4,8.8,17.3,134.0,992.3,992.3,2.7,4.9
2024-06-15 01:20:00+02:00,16.8,16.8,16.3,13.7,82.0,21.2,83.0,0.0,0.0,0.0,0.0,0.0,0.0,12.6,17.6,170.4,8.9,24.8,120.0,992.4,992.4,2.7,4.9
2024-06-15 01:25:00+02:00,16.8,16.8,15.8,13.7,82.0,21.2,83.0,0.0,0.0,0.0,0.0,0.0,0.0,12.6,17.6,170.4,10.9,16.6,119.0,992.3,992.3,2.7,4.9
2024-06-15 01:30:00+02:00,16.8,16.8,15.6,13.9,83.0,21.2,83.0,0.0,0.0,0.0,0.0,0.0,0.0,12.6,17.6,170.4,12.6,23.4,127.0,992.2,992.2,2.7,4.9
2024-06-15 01:35:00+02:00,16.8,16.8,16.2,14.0,84.0,21.1,83.0,0.0,0.0,0.0,0.0,0.0,0.0,12.6,17.6,170.4,9.1,19.8,125.0,992.0,992.0,2.7,4.9
2024-06-15 01:40:00+02:00,16.7,16.7,16.0,14.0,84.0,21.1,83.0,0.0,0.0,0.0,0.0,0.0,0.0,12.6,17.6,170.4,10.4,21.6,129.0,992.1,992.1,2.7,4.9
2024-06-15 01:45:00+02:00,16.8,16.8,16.4,14.0,84.0,21.0,83.0,0.0,0.0,0.0,0.0,0.0,0.0,12.6,17.6,170.4,8.6,20.2,126.0,992.0,992.0,2.7,4.9
2024-06-15 01:50:00+02:00,16.7,16.7,16.1,14.0,84.0,21.0,83.0,0.0,0.0,0.0,0.0,0.0,0.0,12.6,17.6,170.4,10.0,27.7,128.0,992.0,992.0,2.7,4.9
2024-06-15 01:55:00+02:00,16.8,16.8,16.3,14.1,84.0,21.0,83.0,0.0,0.0,0.0,0.0,0.0,0.0,12.6,17.6,170.4,9.3,27.7,125.0,992.0,992.0,2.7,4.9
2024-06-15 02:00:00+02:00,16.8,16.8,16.4,14.1,84.0,21.0,83.0,0.0,0.0,0.0,0.0,0.0,0.0,12.6,17.6,170.4,8.7,17.3,122.0,992.0,992.0,2.7,4.9
2024-06-15 02:05:00+02:00,16.7,16.7,16.9,14.1,85.0,21.0,83.0,0.0,0.0,0.0,0.0,0.0,0.0,12.6,17.6,170.4,5.6,12.6,119.0,991.8,991.8,2.7,4.9
2024-06-15 02:10:00+02:00,16.8,16.8,16.1,14.1,84.0,20.9,83.0,0.0,0.0,0.0,0.0,0.0,0.0,12.6,17.6,170.4,10.0,22.7,120.0,991.8,991.8,2.7,4.9
2024-06-15 02:15:00+02:00,16.8,16.8,16.7,14.1,84.0,20.9,83.0,0.0,0.0,0.0,0.0,0.0,0.0,12.6,17.6,170.4,7.1,23.8,119.0,991.9,991.9,2.7,4.9
2024-06-15 02:20:00+02:00,16.8,16.8,16.7,14.1,84.0,20.9,83.0,0.0,0.0,0.0,0.0,0.0,0.0,12.6,17.6,170.4,7.2,19.1,136.0,991.8,991.8,2.7,4.9
2024-06-15 02:25:00+02:00,16.8,16.8,16.1,14.0,84.0,20.9,83.0,0.0,0.0,0.0,0.0,0.0,0.0,12.6,17.6,170.4,10.4,21.6,123.0,991.8,991.8,2.7,4.9
2024-06-15 02:30:00+02:00,16.9,16.9,15.6,14.0,83.0,20.9,83.0,0.0,0.0,0.0,0.0,0.0,0.0,12.6,17.6,170.4,13.4,21.6,123.0,991.7,991.7,2.7,4.9
2024-06-15 02:35:00+02:00,16.8,16.8,16.1,14.1,84.0,20.8,83.0,0.0,0.0,0.0,0.0,0.0,0.0,12.6,17.6,170.4,10.5,18.7,132.0,991.5,991.5,2.7,4.8
2024-06-15 02:40:00+02:00,16.7,16.7,15.6,14.2,85.0,20.8,83.0,0.0,0.0,0.0,0.0,0.0,0.0,12.6,17.6,170.4,12.8,28.4,124.0,991.6,991.6,2.7,4.8
2024-06-15 02:45:00+02:00,16.7,16.7,15.4,14.1,85.0,20.8,83.0,0.0,0.0,0.0,0.0,0.0,0.0,12.6,17.6,170.4,13.1,20.5,125.0,991.5,991.5,2.7,4.8
2024-06-15 02:50:00+02:00,16.6,16.6,16.1,14.3,86.0,20.8,83.0,0.0,0.0,0.0,0.0,0.0,0.0,12.6,17.6,170.4,9.6,20.5,131.0,991.5,991.5,2.7,4.8
2024-06-15 02:55:00+02:00,16.5,16.5,15.7,14.1,86.0,20.7,83.0,0.0,0.0,0.0,0.0,0.0,0.0,12.6,17.6,170.4,10.8,20.9,132.0,991.7,991.7,2.7,4.8
2024-06-15 03:00:00+02:00,16.5,16.5,16.0,14.0,85.0,20.7,83.0,0.0,0.0,0.0,0.0,0.0,0.0,12.6,17.6,170.4,9.3,16.2,124.0,991.6,991.6,2.7,4.8
2024-06-15 03:05:00+02:00,16.5,16.5,16.2,14.1,85.0,20.7,83.0,0.0,0.0,0.0,0.0,0.0,0.0,12.6,17.6,170.4,8.1,16.2,131.0,991.4,991.4,2.7,4.8
2024-06-15 03:10:00+02:00,16.4,16.4,16.5,14.1,86.0,20.7,83.0,0.0,0.0,0.0,0.0,0.0,0.0,12.6,17.6,170.4,6.6,14.4,129.0,991.4,991.4,2.7,4.8
2024-06-15 03:15:00+02:00,16.4,16.4,16.4,14.1,86.0,20.7,83.0,0.0,0.0,0.0,0.0,0.0,0.0,12.6,17.6,170.4,6.8,12.2,121.0,991.5,991.5,2.7,4.8
2024-06-15 03:20:00+02:00,16.3,16.3,16.1,13.9,86.0,20.6,83.0,0.0,0.0,0.0,0.0,0.0,0.0,12.6,17.6,170.4,7.3,13.3,125.0,991.5,991.5,2.7,4.8
2024-06-15 03:25:00+02:00,16.3,16.3,16.4,13.8,85.0,20.6,83.0,0.0,0.0,0.0,0.0,0.0,0.0,12.6,17.6,170.4,5.8,12.2,125.0,991.5,991.5,2.7,4.8
2024-06-15 03:30:00+02:00,16.2,16.2,15.9,13.8,86.0,20.6,83.0,0.0,0.0,0.0,0.0,0.0,0.0,12.6,17.6,170.4,7.9,14.8,121.0,991.4,991.4,2.7,4.8
2024-06-15 03:35:00+02:00,16.2,16.2,14.8,13.6,85.0,20.6,83.0,0.0,0.0,0.0,0.0,0.0,0.0,12.6,17.6,170.4,13.1,21.6,121.0,991.5,991.5,2.7,4.8
2024-06-15 03:40:00+02:00,16.2,16.2,15.7,13.7,85.0,20.6,83.0,0.0,0.0,0.0,0.0,0.0,0.0,12.6,17.6,170.4,8.1,17.6,127.0,991.5,991.5,2.7,4.8
2024-06-15 03:45:00+02:00,16.0,16.0,14.8,13.4,84.0,20.6,83.0,0.0,0.0,0.0,0.0,0.0,0.0,12.6,17.6,170.4,12.1,23.0,125.0,991.2,991.2,2.7,4.8
2024-06-15 03:50:00+02:00,15.9,15.9,15.1,13.2,84.0,20.5,83.0,0.0,0.0,0.0,0.0,0.0,0.0,12.6,17.6,170.4,9.4,16.6,124.0,991.3,991.3,2.7,4.8
2024-06-15 03:55:00+02:00,15.8,15.8,14.9,13.1,84.0,20.5,83.0,0.0,0.0,0.0,0.0,0.0,0.0,12.6,17.6,170.4,9.4,16.9,127.0,991.5,991.5,2.7,4.8
2024-06-15 04:00:00+02:00,15.7,15.7,14.3,13.1,84.0,20.5,83.0,0.0,0.0,0.0,0.0,0.0,0.0,12.6,17.6,170.4,12.2,16.6,123.0,991.5,991.5,2.7,4.8
2024-06-15 04:05:00+02:00,15.6,15.6,14.6,12.9,84.0,20.4,83.0,0.0,0.0,0.0,0.0,0.0,0.0,12.6,17.6,170.4,9.9,20.9,123.0,991.4,991.4,2.7,4.8
2024-06-15 04:10:00+02:00,15.5,15.5,14.7,12.9,85.0,20.4,83.0,0.0,0.0,0.0,0.0,0.0,0.0,12.6,17.6,170.4,8.6,16.2,124.0,991.2,991.2,2.7,4.8
2024-06-15 04:15:00+02:00,15.5,15.5,15.2,13.0,85.0,20.4,83.0,0.0,0.0,0.0,0.0,0.0,0.0,12.6,17.6,170.4,6.1,14.4,140.0,991.4,991.4,2.7,4.7
2024-06-15 04:25:00+02:00,15.3,15.3,14.2,12.9,86.0,20.3,83.0,0.0,0.0,0.0,0.0,0.0,0.0,12.6,17.6,170.4,10.4,16.9,117.0,991.6,991.6,2.7,4.7
2024-06-15 04:30:00+02:00,15.1,15.1,14.3,13.1,87.0,20.3,83.0,0.0,0.0,1.8,0.3,0.3,0.3,12.9,17.9,170.7,9.2,15.8,127.0,991.3,991.3,2.7,4.7
2024-06-15 04:35:00+02:00,14.8,14.8,14.4,13.1,90.0,20.3,83.0,0.0,0.0,3.6,0.6,0.6,0.6,13.2,18.2,171.0,6.8,15.8,126.0,991.2,991.2,2.7,4.7
2024-06-15 04:40:00+02:00,14.6,14.6,13.8,13.0,90.0,20.2,83.0,0.0,0.0,3.0,0.6,0.6,0.6,13.2,18.2,171.0,8.9,18.7,121.0,991.1,991.1,2.7,4.7
2024-06-15 04:45:00+02:00,14.7,14.7,13.8,13.1,91.0,20.2,83.0,0.0,0.0,0.6,0.6,0.6,0.6,13.2,18.2,171.0,9.6,18.7,122.0,991.3,991.3,2.7,4.7
2024-06-15 04:50:00+02:00,14.6,14.6,14.2,13.2,91.0,20.1,83.0,0.0,0.0,0.0,0.6,0.6,0.6,13.2,18.2,171.0,7.3,15.8,122.0,991.1,991.1,2.7,4.7
2024-06-15 04:55:00+02:00,14.6,14.6,13.8,13.1,91.0,20.1,83.0,0.1,0.0,0.6,0.7,0.7,0.7,13.3,18.3,171.1,9.1,19.8,129.0,990.9,990.9,2.7,4.7
2024-06-15 05:00:00+02:00,14.5,14.5,13.9,13.1,91.0,20.0,83.0,0.2,0.0,0.6,0.7,0.7,0.7,13.3,18.3,171.1,8.0,13.7,132.0,991.1,991.1,2.7,4.7
2024-06-15 05:05:00+02:00,14.5,14.5,14.3,13.2,92.0,20.0,83.0,0.2,0.0,1.2,0.8,0.8,0.8,13.4,18.4,171.2,6.0,12.2,130.0,991.2,991.2,2.7,4.6
2024-06-15 05:10:00+02:00,14.4,14.4,13.7,13.1,92.0,20.0,83.0,0.4,0.0,1.8,1.0,1.0,1.0,13.6,18.6,171.4,8.6,20.5,126.0,991.2,991.2,2.7,4.6
2024-06-15 05:15:00+02:00,14.4,14.4,14.2,13.1,92.0,19.9,83.0,0.7,0.0,1.8,1.1,1.1,1.1,13.7,18.7,171.5,6.1,12.6,118.0,991.3,991.3,2.7,4.6
2024-06-15 05:20:00+02:00,14.3,14.3,13.6,13.1,93.0,19.9,83.0,0.9,0.0,1.8,1.2,1.2,1.2,13.8,18.8,171.6,8.5,13.7,120.0,991.3,991.3,2.7,4.6
2024-06-15 05:25:00+02:00,14.2,14.2,13.7,13.1,93.0,19.9,83.0,1.8,0.0,1.2,1.3,1.3,1.3,13.9,18.9,171.7,8.0,20.2,117.0,991.2,991.2,2.7,4.5
2024-06-15 05:30:00+02:00,14.2,14.2,13.4,13.1,93.0,19.8,83.0,2.4,0.0,1.2,1.3,1.3,0.9,13.9,18.9,171.7,9.0,20.2,123.0,991.1,991.1,2.7,4.5
2024-06-15 05:35:00+02:00,14.2,14.2,13.4,13.1,93.0,19.8,83.0,2.7,0.0,1.2,1.4,1.4,0.8,14.0,19.0,171.8,8.8,18.7,127.0,991.2,991.2,2.7,4.5
2024-06-15 05:40:00+02:00,14.2,14.2,13.3,12.9,92.0,19.8,83.0,4.2,0.0,1.2,1.5,1.5,0.9,14.1,19.1,171.9,9.1,15.5,117.0,991.3,991.3,2.7,4.5
2024-06-15 05:45:00+02:00,14.2,14.2,13.3,12.9,92.0,19.7,83.0,3.9,0.0,1.2,1.5,1.5,0.9,14.1,19.1,171.9,9.2,18.7,137.0,991.3,991.3,2.7,4.5
2024-06-15 05:50:00+02:00,14.2,14.2,14.0,12.9,92.0,19.7,83.0,4.7,0.0,0.6,1.5,1.5,0.9,14.1,19.1,171.9,5.8,15.1,125.0,991.2,991.2,2.7,4.5
2024-06-15 05:55:00+02:00,14.2,14.2,13.3,12.9,92.0,19.6,83.0,5.0,0.0,0.0,1.5,1.5,0.8,14.1,19.1,171.9,8.9,18.7,123.0,991.2,991.2,2.7,4.4
2024-06-15 06:00:00+02:00,14.1,14.1,13.2,12.8,92.0,19.6,83.0,4.1,0.0,0.0,1.5,1.5,0.8,14.1,19.1,171.9,9.3,14.4,128.0,991.3,991.3,2.7,4.4
2024-06-15 06:05:00+02:00,14.2,14.2,13.3,12.9,92.0,19.6,83.0,3.7,0.0,0.0,1.5,1.5,0.7,14.1,19.1,171.9,9.1,22.7,132.0,991.4,991.4,2.72,4.4
2024-06-15 06:10:00+02:00,14.2,14.2,13.0,12.9,92.0,19.5,83.0,6.6,0.0,0.0,1.5,1.5,0.5,14.1,19.1,171.9,11.1,16.2,136.0,991.4,991.4,2.72,4.4
2024-06-15 06:15:00+02:00,14.2,14.2,13.4,13.0,92.0,19.5,83.0,4.8,0.0,0.0,1.5,1.5,0.4,14.1,19.1,171.9,8.6,18.4,146.0,991.4,991.4,2.7,4.4
2024-06-15 06:20:00+02:00,14.2,14.2,13.6,13.1,93.0,19.4,83.0,8.8,0.0,0.0,1.5,1.5,0.3,14.1,19.1,171.9,7.6,12.6,156.0,991.7,991.7,2.7,4.4
2024-06-15 06:25:00+02:00,14.2,14.2,12.9,13.0,92.0,19.4,83.0,9.9,0.0,0.0,1.5,1.5,0.2,14.1,19.1,171.9,11.4,20.9,127.0,991.5,991.5,2.7,4.4
2024-06-15 06:30:00+02:00,14.2,14.2,13.4,12.9,92.0,19.4,83.0,14.2,0.0,0.0,1.5,1.5,0.2,14.1,19.1,171.9,9.0,20.9,129.0,991.6,991.6,2.7,4.4
2024-06-15 06:35:00+02:00,14.3,14.3,13.3,12.8,91.0,19.4,83.0,17.6,0.0,0.0,1.5,1.5,0.1,14.1,19.1,171.9,9.7,16.9,134.0,991.5,991.5,2.7,4.4
2024-06-15 06:40:00+02:00,14.3,14.3,13.4,12.9,91.0,19.3,83.0,16.7,0.0,0.0,1.5,1.5,0.0,14.1,19.1,171.9,9.4,18.4,130.0,991.6,991.6,2.7,4.4
2024-06-15 06:45:00+02:00,14.3,14.3,12.9,12.9,91.0,19.3,83.0,6.5,0.0,0.6,1.6,1.6,0.1,14.2,19.2,172.0,12.0,22.3,124.0,991.8,991.8,2.72,4.4
2024-06-15 06:50:00+02:00,14.3,14.3,12.7,13.0,92.0,19.3,83.0,9.1,0.0,2.4,1.9,1.9,0.4,14.5,19.5,172.3,13.0,25.2,131.0,992.0,992.0,2.72,4.4
2024-06-15 06:55:00+02:00,14.0,14.0,13.2,12.9,93.0,19.2,83.0,25.8,0.0,2.4,1.9,1.9,0.4,14.5,19.5,172.3,8.7,25.2,134.0,992.1,992.1,2.7,4.4
2024-06-15 07:00:00+02:00,13.9,13.9,13.2,12.8,93.0,19.2,83.0,29.2,0.0,1.8,1.9,1.9,0.4,14.5,19.5,172.3,7.9,16.9,110.0,992.0,992.0,2.7,4.4
2024-06-15 07:05:00+02:00,13.8,13.8,13.0,12.7,93.0,19.2,83.0,48.7,0.0,0.0,1.9,1.9,0.4,14.5,19.5,172.3,8.3,15.5,87.0,991.8,991.8,2.7,4.4
2024-06-15 07:10:00+02:00,13.8,13.8,13.1,12.7,93.0,19.2,82.0,77.0,0.0,0.0,1.9,1.9,0.4,14.5,19.5,172.3,7.9,17.6,125.0,992.0,992.0,2.7,4.4
2024-06-15 07:15:00+02:00,13.9,13.9,13.3,12.6,92.0,19.1,83.0,75.5,0.0,0.0,1.9,1.9,0.4,14.5,19.5,172.3,7.3,18.4,120.0,992.0,992.0,2.72,4.4
2024-06-15 07:20:00+02:00,13.8,13.8,12.4,12.5,92.0,19.1,83.0,45.3,0.0,0.6,2.0,2.0,0.5,14.6,19.6,172.4,11.2,19.8,131.0,992.1,992.1,2.72,4.4
2024-06-15 07:25:00+02:00,13.8,13.8,13.0,12.4,91.0,19.0,83.0,82.9,0.0,0.6,2.0,2.0,0.5,14.6,19.6,172.4,8.0,20.5,127.0,992.1,992.1,2.72,4.4
2024-06-15 07:30:00+02:00,13.9,13.9,12.7,12.6,92.0,19.0,83.0,82.0,0.0,1.2,2.2,2.2,0.7,14.8,19.8,172.6,10.4,20.5,133.0,992.2,992.2,2.72,4.4
2024-06-15 07:35:00+02:00,13.7,13.7,12.1,12.5,92.0,19.0,83.0,51.5,0.0,5.4,2.9,2.9,1.4,15.5,20.5,173.3,11.9,20.2,129.0,992.4,992.4,2.7,4.4
2024-06-15 07:40:00+02:00,13.3,13.3,11.7,12.0,92.0,19.0,83.0,28.0,0.0,10.2,3.9,3.9,2.4,16.5,21.5,174.3,11.2,25.2,124.0,992.4,992.4,2.7,4.4
2024-06-15 07:45:00+02:00,12.8,12.8,11.7,11.5,92.0,18.9,83.0,32.2,0.0,9.6,4.0,4.0,2.4,16.6,21.6,174.4,8.3,17.3,126.0,992.4,992.4,2.7,4.4
2024-06-15 07:50:00+02:00,12.8,12.8,12.3,11.8,94.0,18.9,83.0,40.7,0.0,4.8,4.0,4.0,2.1,16.6,21.6,174.4,5.3,13.7,56.0,992.4,992.4,2.7,4.4
2024-06-15 07:55:00+02:00,12.9,12.9,12.6,12.1,94.0,18.8,82.0,58.0,0.0,0.6,4.1,4.1,2.2,16.7,21.7,174.5,4.9,13.7,103.0,992.4,992.4,2.7,4.3
2024-06-15 08:00:00+02:00,13.0,13.0,12.6,12.2,95.0,18.8,82.0,31.5,0.0,3.0,4.5,4.5,2.6,17.1,22.1,174.9,5.7,14.8,92.0,992.6,992.6,2.7,4.3
2024-06-15 08:05:00+02:00,13.0,13.0,12.6,12.2,95.0,18.7,82.0,49.8,0.0,3.0,4.5,4.5,2.6,17.1,22.1,174.9,5.5,15.1,143.0,992.7,992.7,2.7,4.3
2024-06-15 08:10:00+02:00,13.1,13.1,12.2,12.3,95.0,18.7,82.0,108.8,1.0,2.4,4.5,4.5,2.6,17.1,22.1,174.9,8.2,16.9,115.0,992.8,992.8,2.7,4.3
2024-06-15 08:15:00+02:00,13.4,13.4,13.5,12.7,95.0,18.7,82.0,194.9,1.0,0.0,4.5,4.5,2.6,17.1,22.1,174.9,4.0,15.1,136.0,993.0,993.0,2.7,4.3
2024-06-15 08:20:00+02:00,13.7,13.7,13.4,12.9,95.0,18.7,83.0,73.7,0.0,0.0,4.5,4.5,2.5,17.1,22.1,174.9,6.3,13.3,90.0,992.9,992.9,2.7,4.3
2024-06-15 08:25:00+02:00,13.5,13.5,13.3,12.6,94.0,18.6,83.0,35.4,0.0,0.0,4.5,4.5,2.5,17.1,22.1,174.9,5.0,10.1,89.0,993.1,993.1,2.7,4.4
2024-06-15 08:30:00+02:00,13.3,13.3,12.4,12.1,93.0,18.7,83.0,46.7,0.0,3.0,5.0,5.0,2.7,17.6,22.6,175.4,7.9,23.0,116.0,993.4,993.4,2.7,4.4
2024-06-15 08:35:00+02:00,12.8,12.8,11.4,11.5,91.0,18.6,83.0,44.5,0.0,4.2,5.2,5.2,2.2,17.8,22.8,175.6,9.6,20.2,155.0,993.6,993.6,2.7,4.4
2024-06-15 08:40:00+02:00,12.3,12.3,11.2,11.1,92.0,18.6,83.0,71.8,0.0,4.8,5.5,5.5,1.5,18.1,23.1,175.9,7.9,22.7,166.0,993.7,993.7,2.7,4.4
2024-06-15 08:45:00+02:00,12.2,12.2,11.1,11.1,93.0,18.6,83.0,120.8,1.0,3.0,5.7,5.7,1.7,18.3,23.3,176.1,7.9,22.7,145.0,993.5,993.5,2.7,4.3
2024-06-15 08:50:00+02:00,12.4,12.4,11.7,11.4,94.0,18.5,83.0,201.8,1.0,2.4,5.7,5.7,1.7,18.3,23.3,176.1,5.8,14.0,126.0,993.8,993.8,2.7,4.3
2024-06-15 08:55:00+02:00,12.5,12.5,11.1,11.4,93.0,18.5,83.0,114.2,1.0,0.6,5.8,5.8,1.7,18.4,23.4,176.2,9.3,22.0,134.0,993.9,993.9,2.72,4.4
2024-06-15 09:00:00+02:00,12.3,12.3,10.7,11.2,93.0,18.5,83.0,56.7,0.0,0.6,5.8,5.8,1.3,18.4,23.4,176.2,9.8,22.7,111.0,994.0,994.0,2.72,4.4
2024-06-15 09:05:00+02:00,12.2,12.2,10.5,11.1,93.0,18.4,83.0,196.0,1.0,0.6,5.9,5.9,1.4,18.5,23.5,176.3,10.4,21.2,142.0,994.0,994.0,2.7,4.4
2024-06-15 09:10:00+02:00,12.4,12.4,11.5,11.3,93.0,18.4,83.0,321.6,2.0,0.6,5.9,5.9,1.4,18.5,23.5,176.3,7.1,22.0,160.0,994.0,994.0,2.7,4.4
2024-06-15 09:15:00+02:00,12.7,12.7,10.5,11.2,91.0,18.4,83.0,200.6,1.0,0.6,5.9,5.9,1.4,18.5,23.5,176.3,12.7,23.8,113.0,994.1,994.1,2.7,4.4
2024-06-15 09:20:00+02:00,12.7,12.7,11.2,11.2,91.0,18.4,83.0,227.4,2.0,0.0,5.9,5.9,1.4,18.5,23.5,176.3,9.1,20.5,128.0,994.2,994.2,2.7,4.4
2024-06-15 09:25:00+02:00,12.7,12.7,11.2,11.1,90.0,18.4,83.0,260.5,2.0,0.0,5.9,5.9,1.4,18.5,23.5,176.3,9.9,27.4,128.0,994.3,994.3,2.7,4.5
2024-06-15 09:30:00+02:00,12.9,12.9,11.5,11.2,90.0,18.4,83.0,281.8,2.0,0.0,5.9,5.9,0.9,18.5,23.5,176.3,9.3,22.7,129.0,994.1,994.1,2.7,4.5
2024-06-15 09:35:00+02:00,12.9,12.9,11.5,11.1,89.0,18.5,83.0,626.8,5.0,0.0,5.9,5.9,0.6,18.5,23.5,176.3,9.0,19.8,121.0,994.3,994.3,2.7,4.6
2024-06-15 09:40:00+02:00,13.2,13.2,11.7,11.1,87.0,18.6,84.0,745.1,6.0,0.0,5.9,5.9,0.4,18.5,23.5,176.3,9.9,20.5,122.0,994.2,994.2,2.7,4.6
2024-06-15 09:45:00+02:00,13.7,13.7,12.9,11.1,85.0,18.7,84.0,756.1,7.0,0.0,5.9,5.9,0.2,18.5,23.5,176.3,5.7,20.5,132.0,994.3,994.3,2.7,4.7
2024-06-15 09:50:00+02:00,14.2,14.2,12.8,11.5,84.0,18.8,85.0,823.4,7.0,0.0,5.9,5.9,0.2,18.5,23.5,176.3,9.4,26.3,81.0,994.4,994.4,2.7,4.7
2024-06-15 09:55:00+02:00,14.2,14.2,12.7,11.4,83.0,19.1,85.0,734.6,6.0,0.0,5.9,5.9,0.1,18.5,23.5,176.3,9.9,27.4,133.0,994.5,994.5,2.7,4.9
2024-06-15 10:00:00+02:00,14.7,14.7,13.0,11.5,81.0,19.3,85.0,776.5,7.0,0.0,5.9,5.9,0.1,18.5,23.5,176.3,11.4,23.0,122.0,994.5,994.5,2.7,4.9
2024-06-15 10:05:00+02:00,14.4,14.4,12.1,11.0,80.0,19.5,85.0,705.8,6.0,0.0,5.9,5.9,0.0,18.5,23.5,176.3,13.5,29.2,111.0,994.6,994.6,2.7,5.0
2024-06-15 10:10:00+02:00,14.3,14.3,12.4,11.0,81.0,19.8,85.0,129.0,1.0,0.0,5.9,5.9,0.0,18.5,23.5,176.3,11.4,22.0,125.0,994.5,994.5,2.7,5.0
2024-06-15 10:15:00+02:00,13.8,13.8,13.3,11.2,84.0,19.9,84.0,87.9,0.0,1.8,6.2,6.2,0.3,18.8,23.8,176.6,4.8,22.0,126.0,994.8,994.8,2.7,5.1
2024-06-15 10:20:00+02:00,13.1,13.1,12.8,11.1,88.0,20.0,84.0,50.0,0.0,6.6,7.0,7.0,1.1,19.6,24.6,177.4,3.7,11.5,126.0,994.8,994.8,2.7,5.1
2024-06-15 10:25:00+02:00,12.6,12.6,11.7,10.9,90.0,20.0,85.0,202.4,1.0,6.6,7.0,7.0,1.1,19.6,24.6,177.4,6.3,12.6,87.0,995.0,995.0,2.7,5.1
2024-06-15 10:30:00+02:00,12.7,12.7,12.4,11.2,90.0,20.1,85.0,658.1,6.0,3.6,7.0,7.0,1.1,19.6,24.6,177.4,3.5,9.4,92.0,995.1,995.1,2.7,5.1
2024-06-15 10:35:00+02:00,12.9,12.9,12.2,11.3,90.0,20.1,84.0,426.4,3.0,0.0,7.0,7.0,1.1,19.6,24.6,177.4,5.8,10.8,109.0,995.0,995.0,2.7,5.2
2024-06-15 10:40:00+02:00,13.5,13.5,12.3,11.3,87.0,20.2,85.0,737.4,6.0,0.0,7.0,7.0,1.1,19.6,24.6,177.4,8.7,22.3,119.0,995.1,995.1,2.7,5.2
2024-06-15 10:45:00+02:00,14.1,14.1,13.3,11.4,84.0,20.2,84.0,754.9,7.0,0.0,7.0,7.0,1.1,19.6,24.6,177.4,6.4,16.9,117.0,995.2,995.2,2.7,5.2
2024-06-15 10:50:00+02:00,14.8,14.8,14.5,11.6,81.0,20.3,84.0,641.4,5.0,0.0,7.0,7.0,1.1,19.6,24.6,177.4,4.4,20.2,163.0,995.3,995.3,2.7,5.2
2024-06-15 10:55:00+02:00,15.2,15.2,14.2,12.1,82.0,20.5,84.0,632.9,5.0,0.0,7.0,7.0,1.1,19.6,24.6,177.4,8.5,20.2,119.0,995.2,995.2,2.7,5.2
2024-06-15 11:00:00+02:00,14.9,14.9,13.6,11.2,78.0,20.7,84.0,631.8,5.0,0.0,7.0,7.0,1.1,19.6,24.6,177.4,8.9,20.5,141.0,995.1,995.1,2.7,5.2
2024-06-15 11:05:00+02:00,15.8,15.8,15.2,11.2,74.0,20.8,84.0,723.5,6.0,0.0,7.0,7.0,1.1,19.6,24.6,177.4,5.1,15.1,224.0,995.2,995.2,2.7,5.2
2024-06-15 11:10:00+02:00,16.4,16.4,16.0,11.1,71.0,21.0,84.0,788.2,7.0,0.0,7.0,7.0,1.1,19.6,24.6,177.4,3.7,9.4,223.0,995.3,995.3,2.7,5.2
2024-06-15 11:15:00+02:00,15.7,15.7,14.1,10.9,73.0,21.2,84.0,227.8,2.0,0.0,7.0,7.0,0.8,19.6,24.6,177.4,10.0,20.5,125.0,995.4,995.4,2.7,5.2
2024-06-15 11:20:00+02:00,15.0,15.0,13.6,10.4,74.0,21.4,84.0,642.0,5.0,0.0,7.0,7.0,0.0,19.6,24.6,177.4,8.0,19.8,127.0,995.4,995.4,2.7,5.2
2024-06-15 11:25:00+02:00,15.9,15.9,15.4,11.0,73.0,21.5,83.0,584.5,5.0,0.0,7.0,7.0,0.0,19.6,24.6,177.4,4.5,16.9,130.0,995.6,995.6,2.7,5.2
2024-06-15 11:30:00+02:00,16.0,16.0,14.2,10.2,68.0,21.6,83.0,622.8,5.0,0.0,7.0,7.0,0.0,19.6,24.6,177.4,9.4,27.4,147.0,995.3,995.3,2.7,5.2
2024-06-15 11:35:00+02:00,16.3,16.3,14.6,10.5,68.0,21.7,83.0,605.6,5.0,0.0,7.0,7.0,0.0,19.6,24.6,177.4,9.9,29.2,123.0,995.3,995.3,2.7,5.3
2024-06-15 11:40:00+02:00,16.7,16.7,15.3,9.7,63.0,21.9,83.0,618.0,5.0,0.0,7.0,7.0,0.0,19.6,24.6,177.4,7.0,27.0,151.0,995.5,995.5,2.7,5.3
2024-06-15 11:45:00+02:00,16.9,16.9,15.0,9.6,62.0,22.2,83.0,738.0,6.0,0.0,7.0,7.0,0.0,19.6,24.6,177.4,9.5,25.2,120.0,995.4,995.4,2.7,5.3
2024-06-15 11:50:00+02:00,16.8,16.8,15.3,9.3,61.0,22.3,83.0,196.1,1.0,0.0,7.0,7.0,0.0,19.6,24.6,177.4,6.8,22.0,122.0,995.4,995.4,2.7,5.3
2024-06-15 11:55:00+02:00,16.2,16.2,15.1,9.3,64.0,22.5,83.0,139.2,1.0,0.0,7.0,7.0,0.0,19.6,24.6,177.4,5.2,22.0,163.0,995.6,995.6,2.7,5.3
2024-06-15 12:00:00+02:00,15.9,15.9,14.4,9.3,65.0,22.7,82.0,701.3,6.0,0.0,7.0,7.0,0.0,19.6,24.6,177.4,7.2,20.5,93.0,995.7,995.7,2.7,5.3
2024-06-15 12:05:00+02:00,16.4,16.4,14.9,9.5,64.0,22.7,82.0,785.6,7.0,0.0,7.0,7.0,0.0,19.6,24.6,177.4,7.0,18.0,132.0,995.6,995.6,2.7,5.3
2024-06-15 12:10:00+02:00,16.5,16.5,14.5,9.5,63.0,22.8,82.0,666.5,6.0,0.0,7.0,7.0,0.0,19.6,24.6,177.4,9.9,19.1,134.0,995.7,995.7,2.7,5.3
2024-06-15 12:15:00+02:00,17.1,17.1,15.2,9.9,62.0,22.8,82.0,705.0,6.0,0.0,7.0,7.0,0.0,19.6,24.6,177.4,10.1,26.6,137.0,995.6,995.6,2.7,5.3
2024-06-15 12:20:00+02:00,17.3,17.3,14.1,9.4,60.0,22.9,82.0,750.8,6.0,0.0,7.0,7.0,0.0,19.6,24.6,177.4,15.6,30.6,113.0,995.8,995.8,2.7,5.3
2024-06-15 12:25:00+02:00,17.5,17.5,15.7,8.9,57.0,23.2,82.0,771.4,7.0,0.0,7.0,7.0,0.0,19.6,24.6,177.4,8.1,30.6,147.0,995.8,995.8,2.7,5.3
2024-06-15 12:30:00+02:00,16.9,16.9,14.1,8.5,58.0,23.3,82.0,221.6,2.0,0.0,7.0,7.0,0.0,19.6,24.6,177.4,12.6,25.2,118.0,995.8,995.8,2.7,5.3
2024-06-15 12:35:00+02:00,16.6,16.6,14.6,8.5,59.0,23.3,82.0,767.0,7.0,0.0,7.0,7.0,0.0,19.6,24.6,177.4,8.5,20.5,135.0,995.9,995.9,2.7,5.3
2024-06-15 12:40:00+02:00,17.5,17.5,16.2,8.6,56.0,23.5,81.0,395.7,3.0,0.0,7.0,7.0,0.0,19.6,24.6,177.4,5.3,16.2,233.0,995.9,995.9,2.7,5.3
2024-06-15 12:45:00+02:00,17.5,17.5,16.1,8.7,56.0,23.5,81.0,471.9,4.0,0.0,7.0,7.0,0.0,19.6,24.6,177.4,5.9,15.5,121.0,995.9,995.9,2.7,5.3
2024-06-15 12:50:00+02:00,17.2,17.2,15.4,8.0,55.0,23.6,81.0,777.0,7.0,0.0,7.0,7.0,0.0,19.6,24.6,177.4,6.7,15.8,244.0,996.1,996.1,2.7,5.3
2024-06-15 12:55:00+02:00,18.0,18.0,16.4,8.2,52.0,23.7,81.0,765.4,7.0,0.0,7.0,7.0,0.0,19.6,24.6,177.4,6.0,17.3,195.0,996.0,996.0,2.7,5.3
2024-06-15 13:00:00+02:00,18.3,18.3,16.5,9.2,55.0,23.8,81.0,716.2,6.0,0.0,7.0,7.0,0.0,19.6,24.6,177.4,8.1,24.8,144.0,996.0,996.0,2.7,5.3
2024-06-15 13:05:00+02:00,17.5,17.5,14.0,8.5,56.0,23.9,81.0,752.3,6.0,0.0,7.0,7.0,0.0,19.6,24.6,177.4,15.8,32.4,127.0,996.1,996.1,2.7,5.3
2024-06-15 13:10:00+02:00,17.6,17.6,14.9,8.8,56.0,24.0,81.0,696.1,6.0,0.0,7.0,7.0,0.0,19.6,24.6,177.4,12.1,27.0,125.0,996.0,996.0,2.7,5.3
2024-06-15 13:15:00+02:00,17.7,17.7,16.1,8.7,56.0,24.0,81.0,711.7,6.0,0.0,7.0,7.0,0.0,19.6,24.6,177.4,7.0,19.4,126.0,996.0,996.0,2.7,5.3
2024-06-15 13:20:00+02:00,17.6,17.6,15.3,8.9,57.0,24.2,81.0,756.5,7.0,0.0,7.0,7.0,0.0,19.6,24.6,177.4,11.0,30.2,135.0,996.1,996.1,2.7,5.3
2024-06-15 13:25:00+02:00,17.8,17.8,16.1,8.4,54.0,24.3,81.0,758.2,7.0,0.0,7.0,7.0,0.0,19.6,24.6,177.4,7.1,40.0,121.0,996.1,996.1,2.7,5.3
2024-06-15 13:30:00+02:00,17.6,17.6,15.0,8.4,55.0,24.3,81.0,692.1,6.0,0.0,7.0,7.0,0.0,19.6,24.6,177.4,11.2,24.1,132.0,996.2,996.2,2.7,5.3
2024-06-15 13:35:00+02:00,17.9,17.9,15.9,8.3,53.0,24.4,81.0,726.0,6.0,0.0,7.0,7.0,0.0,19.6,24.6,177.4,8.1,24.1,142.0,996.2,996.2,2.7,5.3
2024-06-15 13:40:00+02:00,18.7,18.7,16.6,8.4,51.0,24.5,81.0,745.1,6.0,0.0,7.0,7.0,0.0,19.6,24.6,177.4,8.7,17.3,140.0,996.3,996.3,2.7,5.3
2024-06-15 13:45:00+02:00,17.6,17.6,14.8,8.1,54.0,24.5,81.0,280.4,2.0,0.0,7.0,7.0,0.0,19.6,24.6,177.4,12.1,27.0,144.0,996.3,996.3,2.7,5.3
2024-06-15 13:50:00+02:00,17.9,17.9,15.6,8.6,54.0,24.6,81.0,826.9,7.0,0.0,7.0,7.0,0.0,19.6,24.6,177.4,10.2,23.8,127.0,996.3,996.3,2.7,5.3
2024-06-15 13:55:00+02:00,18.0,18.0,14.6,8.4,53.0,24.7,81.0,873.8,8.0,0.0,7.0,7.0,0.0,19.6,24.6,177.4,15.6,25.9,125.0,996.4,996.4,2.7,5.3
2024-06-15 14:00:00+02:00,17.7,17.7,15.5,8.4,54.0,24.7,81.0,255.1,2.0,0.0,7.0,7.0,0.0,19.6,24.6,177.4,9.6,24.8,130.0,996.6,996.6,2.7,5.3
2024-06-15 14:05:00+02:00,17.3,17.3,15.4,8.2,55.0,24.7,81.0,319.3,2.0,0.0,7.0,7.0,0.0,19.6,24.6,177.4,7.7,27.4,116.0,996.6,996.6,2.7,5.3
2024-06-15 14:10:00+02:00,17.7,17.7,16.3,8.3,54.0,24.6,81.0,698.7,6.0,0.0,7.0,7.0,0.0,19.6,24.6,177.4,5.0,23.4,125.0,996.5,996.5,2.7,5.3
2024-06-15 14:15:00+02:00,18.1,18.1,15.6,8.2,52.0,24.6,82.0,706.2,6.0,0.0,7.0,7.0,0.0,19.6,24.6,177.4,10.5,25.6,123.0,996.6,996.6,2.7,5.3
2024-06-15 14:20:00+02:00,17.6,17.6,14.5,8.2,54.0,24.6,82.0,368.0,3.0,0.0,7.0,7.0,0.0,19.6,24.6,177.4,13.7,25.6,124.0,996.5,996.5,2.7,5.3
2024-06-15 14:25:00+02:00,17.9,17.9,15.8,8.7,55.0,24.7,81.0,806.0,7.0,0.0,7.0,7.0,0.0,19.6,24.6,177.4,9.6,21.2,122.0,996.7,996.7,2.7,5.3
2024-06-15 14:30:00+02:00,18.0,18.0,16.0,8.1,53.0,24.7,81.0,606.7,5.0,0.0,7.0,7.0,0.0,19.6,24.6,177.4,8.0,23.8,130.0,996.6,996.6,2.7,5.3
2024-06-15 14:35:00+02:00,18.3,18.3,15.8,8.2,52.0,24.7,81.0,768.0,7.0,0.0,7.0,7.0,0.0,19.6,24.6,177.4,10.4,25.6,128.0,996.7,996.7,2.7,5.3
2024-06-15 14:40:00+02:00,18.3,18.3,16.3,7.9,51.0,24.7,82.0,655.6,6.0,0.0,7.0,7.0,0.0,19.6,24.6,177.4,7.8,27.0,155.0,996.7,996.7,2.7,5.3
2024-06-15 14:45:00+02:00,18.2,18.2,15.9,7.8,51.0,24.7,82.0,383.5,3.0,0.0,7.0,7.0,0.0,19.6,24.6,177.4,9.3,27.0,150.0,996.8,996.8,2.7,5.3
2024-06-15 14:50:00+02:00,18.7,18.7,17.0,7.7,49.0,24.8,81.0,777.2,7.0,0.0,7.0,7.0,0.0,19.6,24.6,177.4,5.7,20.9,130.0,996.8,996.8,2.7,5.3
2024-06-15 14:55:00+02:00,18.7,18.7,16.2,7.7,49.0,24.8,81.0,768.7,7.0,0.0,7.0,7.0,0.0,19.6,24.6,177.4,9.9,24.5,132.0,996.7,996.7,2.7,5.3
2024-06-15 15:00:00+02:00,18.1,18.1,15.7,7.5,50.0,24.8,82.0,277.3,2.0,0.0,7.0,7.0,0.0,19.6,24.6,177.4,9.3,24.5,128.0,996.7,996.7,2.7,5.3
2024-06-15 15:05:00+02:00,17.9,17.9,15.2,7.5,51.0,24.8,82.0,175.4,1.0,0.0,7.0,7.0,0.0,19.6,24.6,177.4,11.0,22.0,144.0,996.8,996.8,2.7,5.3
2024-06-15 15:10:00+02:00,17.9,17.9,14.8,8.0,52.0,24.8,82.0,717.8,6.0,0.0,7.0,7.0,0.0,19.6,24.6,177.4,13.9,21.6,123.0,996.8,996.8,2.7,5.3
2024-06-15 15:15:00+02:00,18.8,18.8,16.3,8.0,50.0,24.8,82.0,761.5,7.0,0.0,7.0,7.0,0.0,19.6,24.6,177.4,10.1,22.3,136.0,996.8,996.8,2.7,5.3
2024-06-15 15:20:00+02:00,18.5,18.5,16.5,7.9,50.0,24.8,82.0,484.7,4.0,0.0,7.0,7.0,0.0,19.6,24.6,177.4,7.9,19.1,117.0,996.7,996.7,2.7,5.3
2024-06-15 15:25:00+02:00,18.2,18.2,15.1,7.4,49.0,24.8,81.0,466.1,4.0,0.0,7.0,7.0,0.0,19.6,24.6,177.4,12.8,22.3,131.0,996.7,996.7,2.7,5.3
2024-06-15 15:30:00+02:00,18.5,18.5,16.3,7.5,49.0,24.8,82.0,607.1,5.0,0.0,7.0,7.0,0.0,19.6,24.6,177.4,8.4,22.3,112.0,996.9,996.9,2.7,5.3
2024-06-15 15:35:00+02:00,18.5,18.5,16.7,8.1,51.0,24.8,81.0,720.4,6.0,0.0,7.0,7.0,0.0,19.6,24.6,177.4,7.1,19.8,120.0,996.7,996.7,2.7,5.3
2024-06-15 15:40:00+02:00,19.2,19.2,17.1,7.2,46.0,24.8,82.0,438.6,4.0,0.0,7.0,7.0,0.0,19.6,24.6,177.4,7.4,17.6,124.0,996.8,996.8,2.7,5.3
2024-06-15 15:45:00+02:00,18.7,18.7,16.1,7.3,47.0,24.8,82.0,673.8,6.0,0.0,7.0,7.0,0.0,19.6,24.6,177.4,10.2,24.5,136.0,996.7,996.7,2.7,5.3
2024-06-15 15:50:00+02:00,19.6,19.6,17.2,6.9,44.0,24.8,82.0,585.8,5.0,0.0,7.0,7.0,0.0,19.6,24.6,177.4,8.5,15.8,219.0,996.8,996.8,2.7,5.3
2024-06-15 15:55:00+02:00,20.0,20.0,18.3,7.2,43.0,24.8,82.0,389.0,3.0,0.0,7.0,7.0,0.0,19.6,24.6,177.4,5.5,19.8,139.0,996.7,996.7,2.7,5.3
2024-06-15 16:00:00+02:00,19.4,19.4,17.0,6.4,43.0,24.8,82.0,556.4,5.0,0.0,7.0,7.0,0.0,19.6,24.6,177.4,8.0,20.2,152.0,996.7,996.7,2.7,5.3
2024-06-15 16:05:00+02:00,18.8,18.8,16.7,6.4,44.0,24.9,82.0,207.7,1.0,0.0,7.0,7.0,0.0,19.6,24.6,177.4,6.4,20.5,117.0,996.7,996.7,2.7,5.3
2024-06-15 16:10:00+02:00,19.3,19.3,17.7,6.4,43.0,24.9,82.0,580.3,5.0,0.0,7.0,7.0,0.0,19.6,24.6,177.4,4.2,13.0,168.0,996.7,996.7,2.7,5.3
2024-06-15 16:15:00+02:00,20.0,20.0,18.3,7.4,44.0,24.8,82.0,606.2,5.0,0.0,7.0,7.0,0.0,19.6,24.6,177.4,5.7,16.9,157.0,996.8,996.8,2.7,5.3
2024-06-15 16:20:00+02:00,20.8,20.8,19.1,7.1,41.0,24.9,82.0,607.8,5.0,0.0,7.0,7.0,0.0,19.6,24.6,177.4,5.2,16.9,114.0,996.7,996.7,2.7,5.3
2024-06-15 16:25:00+02:00,20.4,20.4,17.5,7.7,44.0,24.9,82.0,629.9,5.0,0.0,7.0,7.0,0.0,19.6,24.6,177.4,12.0,20.5,136.0,996.7,996.7,2.7,5.3
2024-06-15 16:30:00+02:00,20.6,20.6,18.6,7.2,42.0,25.0,82.0,560.1,5.0,0.0,7.0,7.0,0.0,19.6,24.6,177.4,6.7,18.7,152.0,996.8,996.8,2.7,5.3
2024-06-15 16:35:00+02:00,19.8,19.8,16.9,6.9,43.0,25.0,82.0,506.5,4.0,0.0,7.0,7.0,0.0,19.6,24.6,177.4,11.4,26.3,124.0,996.7,996.7,2.7,5.3
2024-06-15 16:40:00+02:00,19.3,19.3,15.9,6.5,43.0,25.0,83.0,280.3,2.0,0.0,7.0,7.0,0.0,19.6,24.6,177.4,13.5,27.0,121.0,996.7,996.7,2.7,5.3
2024-06-15 16:45:00+02:00,19.2,19.2,16.7,6.6,44.0,25.0,83.0,653.0,6.0,0.0,7.0,7.0,0.0,19.6,24.6,177.4,8.9,18.7,117.0,996.6,996.6,2.7,5.3
2024-06-15 16:50:00+02:00,19.5,19.5,16.6,6.9,44.0,25.1,83.0,602.8,5.0,0.0,7.0,7.0,0.0,19.6,24.6,177.4,10.9,28.8,118.0,996.6,996.6,2.7,5.3
2024-06-15 16:55:00+02:00,19.4,19.4,16.1,6.9,44.0,25.0,83.0,265.4,2.0,0.0,7.0,7.0,0.0,19.6,24.6,177.4,13.2,25.9,126.0,996.4,996.4,2.7,5.3
2024-06-15 17:00:00+02:00,18.9,18.9,16.6,6.8,45.0,25.0,83.0,611.5,5.0,0.0,7.0,7.0,0.0,19.6,24.6,177.4,8.0,20.9,119.0,996.5,996.5,2.7,5.3
2024-06-15 17:05:00+02:00,19.6,19.6,17.9,7.0,44.0,25.0,83.0,575.9,5.0,0.0,7.0,7.0,0.0,19.6,24.6,177.4,5.2,12.6,137.0,996.5,996.5,2.7,5.3
2024-06-15 17:10:00+02:00,19.7,19.7,18.0,6.5,42.0,25.0,83.0,159.4,1.0,0.0,7.0,7.0,0.0,19.6,24.6,177.4,4.6,16.9,177.0,996.5,996.5,2.7,5.3
2024-06-15 17:15:00+02:00,19.0,19.0,16.4,6.5,44.0,25.0,83.0,130.7,1.0,0.0,7.0,7.0,0.0,19.6,24.6,177.4,8.9,18.4,134.0,996.4,996.4,2.7,5.3
2024-06-15 17:20:00+02:00,18.8,18.8,16.5,6.5,45.0,25.0,83.0,118.2,1.0,0.0,7.0,7.0,0.0,19.6,24.6,177.4,7.6,14.8,130.0,996.5,996.5,2.7,5.3
2024-06-15 17:25:00+02:00,18.7,18.7,16.3,6.2,44.0,25.0,83.0,102.7,0.0,0.0,7.0,7.0,0.0,19.6,24.6,177.4,8.1,20.2,122.0,996.5,996.5,2.7,5.3
2024-06-15 17:30:00+02:00,18.6,18.6,16.2,5.8,43.0,24.9,83.0,88.4,0.0,0.0,7.0,7.0,0.0,19.6,24.6,177.4,7.5,12.6,119.0,996.5,996.5,2.7,5.3
2024-06-15 17:35:00+02:00,18.4,18.4,16.2,6.3,45.0,24.9,83.0,81.4,0.0,0.0,7.0,7.0,0.0,19.6,24.6,177.4,7.3,17.3,132.0,996.5,996.5,2.7,5.3
2024-06-15 17:40:00+02:00,18.3,18.3,15.3,6.0,44.0,24.8,82.0,82.7,0.0,0.0,7.0,7.0,0.0,19.6,24.6,177.4,10.8,16.9,122.0,996.5,996.5,2.7,5.3
2024-06-15 17:45:00+02:00,18.3,18.3,16.4,6.2,45.0,24.8,82.0,77.4,0.0,0.0,7.0,7.0,0.0,19.6,24.6,177.4,5.3,12.6,124.0,996.6,996.6,2.7,5.3
2024-06-15 17:50:00+02:00,18.3,18.3,15.9,6.3,45.0,24.7,83.0,71.7,0.0,0.0,7.0,7.0,0.0,19.6,24.6,177.4,8.1,12.6,118.0,996.6,996.6,2.7,5.3
2024-06-15 17:55:00+02:00,18.3,18.3,16.5,6.2,45.0,24.7,82.0,76.6,0.0,0.0,7.0,7.0,0.0,19.6,24.6,177.4,4.7,14.8,119.0,996.7,996.7,2.7,5.2
2024-06-15 18:00:00+02:00,18.4,18.4,16.1,6.2,45.0,24.6,82.0,74.0,0.0,0.0,7.0,7.0,0.0,19.6,24.6,177.4,7.6,16.9,125.0,996.6,996.6,2.7,5.2
2024-06-15 18:05:00+02:00,18.3,18.3,15.5,5.9,44.0,24.6,82.0,72.5,0.0,0.0,7.0,7.0,0.0,19.6,24.6,177.4,9.6,17.3,118.0,996.7,996.7,2.7,5.2
2024-06-15 18:10:00+02:00,18.3,18.3,16.1,6.0,45.0,24.5,83.0,79.5,0.0,0.0,7.0,7.0,0.0,19.6,24.6,177.4,6.8,14.4,124.0,996.6,996.6,2.7,5.2
2024-06-15 18:15:00+02:00,18.3,18.3,15.7,5.7,44.0,24.4,83.0,84.8,0.0,0.0,7.0,7.0,0.0,19.6,24.6,177.4,8.4,15.8,115.0,996.5,996.5,2.7,5.2
2024-06-15 18:20:00+02:00,18.3,18.3,16.3,5.9,44.0,24.4,82.0,83.4,0.0,0.0,7.0,7.0,0.0,19.6,24.6,177.4,5.4,17.3,108.0,996.6,996.6,2.7,5.2
2024-06-15 18:25:00+02:00,18.4,18.4,16.7,6.3,45.0,24.4,82.0,113.5,1.0,0.0,7.0,7.0,0.0,19.6,24.6,177.4,4.5,9.7,113.0,996.7,996.7,2.7,5.2
2024-06-15 18:30:00+02:00,18.4,18.4,16.0,6.1,45.0,24.3,82.0,125.7,1.0,0.0,7.0,7.0,0.0,19.6,24.6,177.4,7.6,14.8,126.0,996.6,996.6,2.7,5.2
2024-06-15 18:35:00+02:00,18.6,18.6,17.2,6.3,45.0,24.3,83.0,133.5,1.0,0.0,7.0,7.0,0.0,19.6,24.6,177.4,3.2,10.1,113.0,996.6,996.6,2.7,5.2
2024-06-15 18:40:00+02:00,18.6,18.6,16.3,5.9,43.0,24.3,82.0,105.8,0.0,0.0,7.0,7.0,0.0,19.6,24.6,177.4,6.9,11.5,123.0,996.7,996.7,2.7,5.2
2024-06-15 18:45:00+02:00,18.5,18.5,16.4,6.3,45.0,24.2,82.0,122.9,1.0,0.0,7.0,7.0,0.0,19.6,24.6,177.4,6.6,15.5,129.0,996.8,996.8,2.7,5.2
2024-06-15 18:50:00+02:00,18.5,18.5,16.7,6.3,45.0,24.2,83.0,126.0,1.0,0.0,7.0,7.0,0.0,19.6,24.6,177.4,4.8,12.6,118.0,996.8,996.8,2.7,5.2
2024-06-15 18:55:00+02:00,18.4,18.4,16.3,6.2,45.0,24.2,82.0,100.3,0.0,0.0,7.0,7.0,0.0,19.6,24.6,177.4,6.3,11.2,124.0,996.8,996.8,2.7,5.2
2024-06-15 19:00:00+02:00,18.4,18.4,16.5,6.6,46.0,24.1,82.0,99.6,0.0,0.0,7.0,7.0,0.0,19.6,24.6,177.4,5.8,16.2,131.0,996.8,996.8,2.7,5.2
2024-06-15 19:05:00+02:00,18.5,18.5,16.7,6.8,47.0,24.1,82.0,96.7,0.0,0.0,7.0,7.0,0.0,19.6,24.6,177.4,5.1,10.1,130.0,996.8,996.8,2.7,5.2
2024-06-15 19:10:00+02:00,18.5,18.5,16.5,6.6,46.0,24.0,83.0,99.7,0.0,0.0,7.0,7.0,0.0,19.6,24.6,177.4,6.1,14.4,114.0,996.7,996.7,2.7,5.2
2024-06-15 19:15:00+02:00,18.5,18.5,16.8,7.0,47.0,24.0,83.0,86.0,0.0,0.0,7.0,7.0,0.0,19.6,24.6,177.4,5.1,10.4,106.0,996.7,996.7,2.7,5.2
2024-06-15 19:20:00+02:00,18.5,18.5,15.4,6.6,46.0,23.9,83.0,73.9,0.0,0.0,7.0,7.0,0.0,19.6,24.6,177.4,11.7,20.9,128.0,996.8,996.8,2.7,5.2
2024-06-15 19:25:00+02:00,18.3,18.3,15.9,6.8,47.0,23.9,83.0,64.1,0.0,0.0,7.0,7.0,0.0,19.6,24.6,177.4,8.3,14.8,117.0,996.9,996.9,2.7,5.2
2024-06-15 19:30:00+02:00,18.2,18.2,16.3,7.1,48.0,23.9,83.0,59.0,0.0,0.0,7.0,7.0,0.0,19.6,24.6,177.4,6.6,14.4,125.0,996.9,996.9,2.7,5.2
2024-06-15 19:35:00+02:00,18.2,18.2,16.5,7.0,48.0,23.8,83.0,44.8,0.0,0.0,7.0,7.0,0.0,19.6,24.6,177.4,5.0,12.6,129.0,996.9,996.9,2.7,5.2
2024-06-15 19:40:00+02:00,18.2,18.2,16.0,6.6,47.0,23.8,83.0,41.8,0.0,0.0,7.0,7.0,0.0,19.6,24.6,177.4,7.1,18.0,125.0,996.9,996.9,2.7,5.2
2024-06-15 19:45:00+02:00,18.1,18.1,16.2,7.1,48.0,23.7,83.0,36.0,0.0,0.0,7.0,7.0,0.0,19.6,24.6,177.4,6.5,10.4,138.0,996.9,996.9,2.7,5.2
2024-06-15 19:50:00+02:00,17.9,17.9,16.3,7.1,49.0,23.7,83.0,31.6,0.0,0.0,7.0,7.0,0.0,19.6,24.6,177.4,4.9,10.8,120.0,996.9,996.9,2.7,5.2
2024-06-15 19:55:00+02:00,17.8,17.8,16.2,6.9,49.0,23.7,83.0,26.2,0.0,0.0,7.0,7.0,0.0,19.6,24.6,177.4,4.8,11.9,116.0,996.9,996.9,2.7,5.2
2024-06-15 20:00:00+02:00,17.8,17.8,16.1,6.9,49.0,23.6,82.0,20.8,0.0,0.0,7.0,7.0,0.0,19.6,24.6,177.4,5.3,13.0,127.0,996.9,996.9,2.7,5.2
2024-06-15 20:05:00+02:00,17.8,17.8,15.2,6.6,48.0,23.5,82.0,19.8,0.0,0.0,7.0,7.0,0.0,19.6,24.6,177.4,9.5,16.6,119.0,997.0,997.0,2.7,5.2
2024-06-15 20:10:00+02:00,17.7,17.7,15.7,6.7,48.0,23.5,82.0,21.8,0.0,0.0,7.0,7.0,0.0,19.6,24.6,177.4,6.8,14.8,124.0,997.0,997.0,2.7,5.2
2024-06-15 20:15:00+02:00,17.7,17.7,15.5,7.0,49.0,23.4,83.0,21.6,0.0,0.0,7.0,7.0,0.0,19.6,24.6,177.4,7.3,11.9,119.0,997.0,997.0,2.7,5.2
2024-06-15 20:20:00+02:00,17.6,17.6,15.5,6.7,49.0,23.4,83.0,20.9,0.0,0.0,7.0,7.0,0.0,19.6,24.6,177.4,7.0,10.4,122.0,997.0,997.0,2.7,5.2
2024-06-15 20:25:00+02:00,17.6,17.6,15.7,7.1,50.0,23.3,82.0,19.3,0.0,0.0,7.0,7.0,0.0,19.6,24.6,177.4,6.0,10.8,117.0,997.0,997.0,2.7,5.2
2024-06-15 20:30:00+02:00,17.5,17.5,15.7,6.8,50.0,23.3,82.0,18.6,0.0,0.0,7.0,7.0,0.0,19.6,24.6,177.4,5.7,9.7,119.0,997.0,997.0,2.7,5.2
2024-06-15 20:35:00+02:00,17.4,17.4,15.9,6.9,50.0,23.2,82.0,16.1,0.0,0.0,7.0,7.0,0.0,19.6,24.6,177.4,4.3,7.6,128.0,996.9,996.9,2.7,5.2
2024-06-15 20:40:00+02:00,17.4,17.4,15.4,7.0,50.0,23.2,82.0,12.1,0.0,0.0,7.0,7.0,0.0,19.6,24.6,177.4,6.8,9.7,122.0,997.0,997.0,2.7,5.2
2024-06-15 20:45:00+02:00,17.4,17.4,15.8,7.0,51.0,23.1,82.0,12.3,0.0,0.0,7.0,7.0,0.0,19.6,24.6,177.4,4.8,9.7,132.0,996.9,996.9,2.7,5.2
2024-06-15 20:50:00+02:00,17.3,17.3,15.8,7.1,51.0,23.0,82.0,14.3,0.0,0.0,7.0,7.0,0.0,19.6,24.6,177.4,4.0,8.3,126.0,996.9,996.9,2.7,5.2
2024-06-15 20:55:00+02:00,17.3,17.3,15.8,7.0,51.0,23.0,82.0,17.4,0.0,0.0,7.0,7.0,0.0,19.6,24.6,177.4,4.0,8.3,120.0,997.0,997.0,2.7,5.2
2024-06-15 21:00:00+02:00,17.2,17.2,15.6,7.0,51.0,22.9,82.0,17.4,0.0,0.0,7.0,7.0,0.0,19.6,24.6,177.4,4.4,7.2,127.0,997.0,997.0,2.7,5.2
2024-06-15 21:05:00+02:00,17.2,17.2,15.1,7.1,51.0,22.8,82.0,16.3,0.0,0.0,7.0,7.0,0.0,19.6,24.6,177.4,7.0,9.7,121.0,997.1,997.1,2.7,5.2
2024-06-15 21:10:00+02:00,17.2,17.2,15.6,7.1,51.0,22.8,82.0,12.3,0.0,0.0,7.0,7.0,0.0,19.6,24.6,177.4,4.5,9.4,127.0,997.0,997.0,2.7,5.2
2024-06-15 21:15:00+02:00,17.2,17.2,14.5,6.8,50.0,22.7,82.0,10.5,0.0,0.0,7.0,7.0,0.0,19.6,24.6,177.4,9.8,14.8,121.0,997.1,997.1,2.7,5.2
2024-06-15 21:20:00+02:00,17.3,17.3,14.8,6.8,50.0,22.7,82.0,8.0,0.0,0.0,7.0,7.0,0.0,19.6,24.6,177.4,9.0,16.6,127.0,997.1,997.1,2.7,5.2
2024-06-15 21:25:00+02:00,17.3,17.3,14.6,6.8,50.0,22.6,82.0,5.8,0.0,0.0,7.0,7.0,0.0,19.6,24.6,177.4,9.6,16.6,122.0,997.1,997.1,2.7,5.2
2024-06-15 21:30:00+02:00,17.2,17.2,15.0,6.7,50.0,22.6,82.0,4.2,0.0,0.0,7.0,7.0,0.0,19.6,24.6,177.4,7.1,18.7,131.0,997.2,997.2,2.7,5.2
2024-06-15 21:35:00+02:00,17.2,17.2,14.7,6.7,50.0,22.5,82.0,3.6,0.0,0.0,7.0,7.0,0.0,19.6,24.6,177.4,8.8,22.7,124.0,997.2,997.2,2.7,5.2
2024-06-15 21:40:00+02:00,17.1,17.1,15.2,6.7,50.0,22.4,82.0,2.7,0.0,0.0,7.0,7.0,0.0,19.6,24.6,177.4,5.7,12.2,121.0,997.3,997.3,2.7,5.2
2024-06-15 21:45:00+02:00,16.9,16.9,15.0,6.8,51.0,22.4,82.0,2.1,0.0,0.0,7.0,7.0,0.0,19.6,24.6,177.4,6.1,11.2,117.0,997.3,997.3,2.7,5.2
2024-06-15 21:50:00+02:00,16.8,16.8,14.8,6.8,52.0,22.4,82.0,1.5,0.0,0.0,7.0,7.0,0.0,19.6,24.6,177.4,7.0,13.3,118.0,997.3,997.3,2.7,5.2
2024-06-15 21:55:00+02:00,16.8,16.8,14.7,6.8,52.0,22.3,82.0,1.0,0.0,0.0,7.0,7.0,0.0,19.6,24.6,177.4,7.0,13.3,130.0,997.3,997.3,2.7,5.2
2024-06-15 22:00:00+02:00,16.8,16.8,14.6,6.8,52.0,22.2,82.0,0.6,0.0,0.0,7.0,7.0,0.0,19.6,24.6,177.4,7.7,12.6,115.0,997.4,997.4,2.7,5.2
2024-06-15 22:05:00+02:00,16.8,16.8,14.6,7.0,52.0,22.2,82.0,0.4,0.0,0.0,7.0,7.0,0.0,19.6,24.6,177.4,7.6,15.1,119.0,997.4,997.4,2.7,5.1
2024-06-15 22:10:00+02:00,16.6,16.6,14.6,7.0,53.0,22.1,82.0,0.2,0.0,0.0,7.0,7.0,0.0,19.6,24.6,177.4,6.7,10.8,124.0,997.5,997.5,2.7,5.1
2024-06-15 22:15:00+02:00,16.6,16.6,14.4,7.0,53.0,22.0,82.0,0.1,0.0,0.0,7.0,7.0,0.0,19.6,24.6,177.4,7.5,12.2,131.0,997.6,997.6,2.7,5.1
2024-06-15 22:20:00+02:00,16.6,16.6,14.9,7.3,54.0,21.9,82.0,0.0,0.0,0.0,7.0,7.0,0.0,19.6,24.6,177.4,5.5,11.5,117.0,997.6,997.6,2.7,5.1
2024-06-15 22:25:00+02:00,16.5,16.5,14.3,7.2,54.0,21.9,82.0,0.0,0.0,0.0,7.0,7.0,0.0,19.6,24.6,177.4,7.9,13.7,130.0,997.6,997.6,2.7,5.1
2024-06-15 22:30:00+02:00,16.5,16.5,14.4,7.2,54.0,21.8,82.0,0.0,0.0,0.0,7.0,7.0,0.0,19.6,24.6,177.4,7.5,12.6,127.0,997.5,997.5,2.7,5.1
2024-06-15 22:35:00+02:00,16.4,16.4,14.5,7.2,54.0,21.8,82.0,0.0,0.0,0.0,7.0,7.0,0.0,19.6,24.6,177.4,6.5,13.3,126.0,997.5,997.5,2.7,5.1
2024-06-15 22:40:00+02:00,16.4,16.4,14.4,7.2,54.0,21.7,82.0,0.0,0.0,0.0,7.0,7.0,0.0,19.6,24.6,177.4,7.1,16.2,123.0,997.6,997.6,2.7,5.1
2024-06-15 22:45:00+02:00,16.4,16.4,13.9,7.2,55.0,21.7,82.0,0.0,0.0,0.0,7.0,7.0,0.0,19.6,24.6,177.4,9.3,15.5,128.0,997.7,997.7,2.7,5.1
2024-06-15 22:50:00+02:00,16.4,16.4,14.3,7.3,55.0,21.6,82.0,0.0,0.0,0.0,7.0,7.0,0.0,19.6,24.6,177.4,7.7,14.4,129.0,997.7,997.7,2.7,5.1
2024-06-15 22:55:00+02:00,16.4,16.4,14.4,7.2,55.0,21.5,82.0,0.0,0.0,0.0,7.0,7.0,0.0,19.6,24.6,177.4,6.8,11.5,127.0,997.7,997.7,2.7,5.1
2024-06-15 23:00:00+02:00,16.3,16.3,14.6,7.4,56.0,21.5,82.0,0.0,0.0,0.0,7.0,7.0,0.0,19.6,24.6,177.4,6.0,14.4,124.0,997.6,997.6,2.7,5.1
2024-06-15 23:05:00+02:00,16.3,16.3,14.3,7.3,55.0,21.4,82.0,0.0,0.0,0.0,7.0,7.0,0.0,19.6,24.6,177.4,7.3,11.5,130.0,997.8,997.8,2.7,5.1
2024-06-15 23:10:00+02:00,16.3,16.3,13.9,7.3,55.0,21.4,82.0,0.0,0.0,0.0,7.0,7.0,0.0,19.6,24.6,177.4,8.9,15.1,136.0,997.8,997.8,2.7,5.1
2024-06-15 23:15:00+02:00,16.2,16.2,14.3,7.5,56.0,21.3,82.0,0.0,0.0,0.0,7.0,7.0,0.0,19.6,24.6,177.4,7.1,12.6,123.0,997.8,997.8,2.7,5.1
2024-06-15 23:20:00+02:00,16.2,16.2,14.2,7.4,56.0,21.3,82.0,0.0,0.0,0.0,7.0,7.0,0.0,19.6,24.6,177.4,7.3,14.0,126.0,997.8,997.8,2.7,5.1
2024-06-15 23:25:00+02:00,16.3,16.3,14.2,7.5,56.0,21.2,82.0,0.0,0.0,0.0,7.0,7.0,0.0,19.6,24.6,177.4,7.9,16.2,121.0,997.8,997.8,2.7,5.1
2024-06-15 23:30:00+02:00,16.3,16.3,13.7,7.5,56.0,21.2,82.0,0.0,0.0,0.0,7.0,7.0,0.0,19.6,24.6,177.4,10.4,16.2,132.0,997.8,997.8,2.7,5.1
2024-06-15 23:35:00+02:00,16.2,16.2,14.0,7.6,57.0,21.1,82.0,0.0,0.0,0.0,7.0,7.0,0.0,19.6,24.6,177.4,8.8,13.3,121.0,997.7,997.7,2.7,5.1
2024-06-15 23:40:00+02:00,16.2,16.2,13.5,7.7,57.0,21.1,82.0,0.0,0.0,0.0,7.0,7.0,0.0,19.6,24.6,177.4,11.1,20.2,127.0,997.8,997.8,2.7,5.1
2024-06-15 23:45:00+02:00,16.2,16.2,14.2,7.8,57.0,21.0,82.0,0.0,0.0,0.0,7.0,7.0,0.0,19.6,24.6,177.4,7.2,12.6,129.0,997.9,997.9,2.7,5.1
2024-06-15 23:50:00+02:00,16.1,16.1,14.0,7.9,58.0,21.0,82.0,0.0,0.0,0.0,7.0,7.0,0.0,19.6,24.6,177.4,8.4,13.3,131.0,997.8,997.8,2.7,5.1
2024-06-15 23:55:00+02:00,16.2,16.2,14.0,7.8,57.0,20.9,82.0,0.0,0.0,0.0,7.0,7.0,0.0,19.6,24.6,177.4,8.6,19.4,112.0,997.9,997.9,2.7,5.0
2024-06-16 00:00:00+02:00,16.1,16.1,14.2,7.9,59.0,20.9,82.0,0.0,0.0,0.0,0.0,7.0,0.0,0.0,24.6,177.4,7.3,13.0,125.0,997.9,997.9,2.7,5.0
2024-06-16 00:05:00+02:00,16.0,16.0,13.9,7.9,59.0,20.8,82.0,0.0,0.0,0.0,0.0,7.0,0.0,0.0,24.6,177.4,8.2,13.0,119.0,997.9,997.9,2.7,5.0
2024-06-16 00:10:00+02:00,15.9,15.9,14.0,8.0,59.0,20.8,82.0,0.0,0.0,0.0,0.0,7.0,0.0,0.0,24.6,177.4,7.6,12.6,121.0,997.8,997.8,2.7,5.0
2024-06-16 00:15:00+02:00,15.8,15.8,13.9,8.0,60.0,20.7,82.0,0.0,0.0,0.0,0.0,7.0,0.0,0.0,24.6,177.4,7.1,13.0,123.0,997.8,997.8,2.7,5.0
2024-06-16 00:20:00+02:00,15.8,15.8,14.1,8.0,60.0,20.7,82.0,0.0,0.0,0.0,0.0,7.0,0.0,0.0,24.6,177.4,6.5,12.2,119.0,997.7,997.7,2.7,5.0
2024-06-16 00:25:00+02:00,15.7,15.7,14.1,8.1,60.0,20.7,82.0,0.0,0.0,0.0,0.0,7.0,0.0,0.0,24.6,177.4,6.2,10.1,113.0,997.8,997.8,2.7,5.0
2024-06-16 00:30:00+02:00,15.7,15.7,14.0,8.1,60.0,20.6,83.0,0.0,0.0,0.0,0.0,7.0,0.0,0.0,24.6,177.4,6.5,10.4,112.0,997.7,997.7,2.7,5.0
2024-06-16 00:35:00+02:00,15.7,15.7,14.1,8.2,61.0,20.6,82.0,0.0,0.0,0.0,0.0,7.0,0.0,0.0,24.6,177.4,6.0,13.0,133.0,997.7,997.7,2.7,5.0
2024-06-16 00:40:00+02:00,15.7,15.7,14.0,8.1,61.0,20.6,82.0,0.0,0.0,0.0,0.0,7.0,0.0,0.0,24.6,177.4,5.9,9.4,117.0,997.8,997.8,2.7,5.0
2024-06-16 00:45:00+02:00,15.6,15.6,13.8,8.2,61.0,20.5,82.0,0.0,0.0,0.0,0.0,7.0,0.0,0.0,24.6,177.4,7.0,9.7,123.0,997.7,997.7,2.7,5.0
2024-06-16 00:50:00+02:00,15.5,15.5,14.0,8.3,62.0,20.5,82.0,0.0,0.0,0.0,0.0,7.0,0.0,0.0,24.6,177.4,5.5,10.1,129.0,997.6,997.6,2.7,5.0
2024-06-16 00:55:00+02:00,15.4,15.4,13.9,8.4,63.0,20.4,83.0,0.0,0.0,0.0,0.0,7.0,0.0,0.0,24.6,177.4,6.0,10.8,122.0,997.7,997.7,2.7,5.0
2024-06-16 01:00:00+02:00,15.4,15.4,13.9,8.3,62.0,20.4,83.0,0.0,0.0,0.0,0.0,7.0,0.0,0.0,24.6,177.4,5.6,11.2,128.0,997.8,997.8,2.7,5.0
2024-06-16 01:05:00+02:00,15.3,15.3,13.7,8.3,63.0,20.3,83.0,0.0,0.0,0.0,0.0,7.0,0.0,0.0,24.6,177.4,6.3,9.7,130.0,997.7,997.7,2.7,5.0
2024-06-16 01:10:00+02:00,15.3,15.3,13.5,8.4,63.0,20.3,82.0,0.0,0.0,0.0,0.0,7.0,0.0,0.0,24.6,177.4,7.3,13.0,124.0,997.7,997.7,2.7,5.0
2024-06-16 01:15:00+02:00,15.3,15.3,13.3,8.4,64.0,20.2,82.0,0.0,0.0,0.0,0.0,7.0,0.0,0.0,24.6,177.4,8.5,13.0,127.0,997.6,997.6,2.7,5.0
2024-06-16 01:20:00+02:00,15.2,15.2,13.5,8.4,64.0,20.2,82.0,0.0,0.0,0.0,0.0,7.0,0.0,0.0,24.6,177.4,6.8,13.7,126.0,997.7,997.7,2.7,5.0
2024-06-16 01:25:00+02:00,15.2,15.2,13.6,8.5,64.0,20.2,82.0,0.0,0.0,0.0,0.0,7.0,0.0,0.0,24.6,177.4,6.3,14.8,126.0,997.8,997.8,2.7,5.0
2024-06-16 01:30:00+02:00,15.2,15.2,13.8,8.5,64.0,20.2,82.0,0.0,0.0,0.0,0.0,7.0,0.0,0.0,24.6,177.4,5.5,11.9,121.0,997.6,997.6,2.7,5.0
2024-06-16 01:35:00+02:00,15.2,15.2,13.3,8.6,65.0,20.1,82.0,0.0,0.0,0.0,0.0,7.0,0.0,0.0,24.6,177.4,7.6,11.5,130.0,997.6,997.6,2.7,5.0
2024-06-16 01:40:00+02:00,15.2,15.2,13.4,8.4,64.0,20.1,82.0,0.0,0.0,0.0,0.0,7.0,0.0,0.0,24.6,177.4,7.0,15.8,117.0,997.7,997.7,2.7,5.0
2024-06-16 01:45:00+02:00,15.1,15.1,13.6,8.6,65.0,20.0,82.0,0.0,0.0,0.0,0.0,7.0,0.0,0.0,24.6,177.4,6.4,13.7,125.0,997.7,997.7,2.7,4.9
2024-06-16 01:50:00+02:00,15.1,15.1,13.0,8.5,65.0,20.0,82.0,0.0,0.0,0.0,0.0,7.0,0.0,0.0,24.6,177.4,8.6,11.9,123.0,997.7,997.7,2.7,4.9
2024-06-16 01:55:00+02:00,15.1,15.1,13.5,8.5,65.0,19.9,82.0,0.0,0.0,0.0,0.0,7.0,0.0,0.0,24.6,177.4,6.4,13.0,129.0,997.7,997.7,2.7,4.9
2024-06-16 02:00:00+02:00,15.2,15.2,13.4,8.6,65.0,19.9,83.0,0.0,0.0,0.0,0.0,7.0,0.0,0.0,24.6,177.4,7.6,15.8,125.0,997.5,997.5,2.7,4.9
2024-06-16 02:05:00+02:00,15.2,15.2,13.7,8.8,65.0,19.8,83.0,0.0,0.0,0.0,0.0,7.0,0.0,0.0,24.6,177.4,6.0,17.3,129.0,997.6,997.6,2.7,4.9
2024-06-16 02:10:00+02:00,15.2,15.2,13.3,8.6,65.0,19.8,83.0,0.0,0.0,0.0,0.0,7.0,0.0,0.0,24.6,177.4,7.8,13.0,128.0,997.5,997.5,2.7,4.9
2024-06-16 02:15:00+02:00,15.3,15.3,13.5,8.7,65.0,19.8,83.0,0.0,0.0,0.0,0.0,7.0,0.0,0.0,24.6,177.4,7.8,15.5,122.0,997.4,997.4,2.7,4.9
2024-06-16 02:20:00+02:00,15.3,15.3,13.7,8.8,65.0,19.8,83.0,0.0,0.0,0.0,0.0,7.0,0.0,0.0,24.6,177.4,6.6,12.2,124.0,997.6,997.6,2.7,4.9
2024-06-16 02:25:00+02:00,15.3,15.3,13.0,8.6,65.0,19.7,83.0,0.0,0.0,0.0,0.0,7.0,0.0,0.0,24.6,177.4,10.1,14.4,125.0,997.4,997.4,2.7,4.9
2024-06-16 02:30:00+02:00,15.3,15.3,13.7,8.7,65.0,19.7,83.0,0.0,0.0,0.0,0.0,7.0,0.0,0.0,24.6,177.4,6.6,10.8,133.0,997.5,997.5,2.7,4.9
2024-06-16 02:35:00+02:00,15.3,15.3,13.3,8.6,65.0,19.7,83.0,0.0,0.0,0.0,0.0,7.0,0.0,0.0,24.6,177.4,8.9,14.0,130.0,997.3,997.3,2.7,4.9
2024-06-16 02:40:00+02:00,15.3,15.3,13.7,8.6,65.0,19.7,83.0,0.0,0.0,0.0,0.0,7.0,0.0,0.0,24.6,177.4,6.7,15.1,122.0,997.3,997.3,2.7,4.9
2024-06-16 02:45:00+02:00,15.3,15.3,13.8,8.6,64.0,19.6,83.0,0.0,0.0,0.0,0.0,7.0,0.0,0.0,24.6,177.4,6.2,13.0,133.0,997.1,997.1,2.7,4.9
2024-06-16 02:50:00+02:00,15.3,15.3,13.7,8.6,64.0,19.6,83.0,0.0,0.0,0.0,0.0,7.0,0.0,0.0,24.6,177.4,6.8,11.9,126.0,997.1,997.1,2.7,4.9
2024-06-16 02:55:00+02:00,15.4,15.4,13.4,8.7,64.0,19.6,83.0,0.0,0.0,0.0,0.0,7.0,0.0,0.0,24.6,177.4,8.9,12.6,119.0,997.1,997.1,2.7,4.9
2024-06-16 03:00:00+02:00,15.4,15.4,13.6,8.7,64.0,19.6,83.0,0.0,0.0,0.0,0.0,7.0,0.0,0.0,24.6,177.4,7.6,12.2,120.0,997.3,997.3,2.7,4.9
2024-06-16 03:05:00+02:00,15.4,15.4,13.6,8.7,64.0,19.5,83.0,0.0,0.0,0.0,0.0,7.0,0.0,0.0,24.6,177.4,7.7,10.4,123.0,997.2,997.2,2.7,4.9
2024-06-16 03:10:00+02:00,15.4,15.4,14.0,8.7,64.0,19.5,83.0,0.0,0.0,0.0,0.0,7.0,0.0,0.0,24.6,177.4,5.6,12.2,135.0,997.3,997.3,2.7,4.9
2024-06-16 03:15:00+02:00,15.3,15.3,14.1,8.7,65.0,19.5,83.0,0.0,0.0,0.0,0.0,7.0,0.0,0.0,24.6,177.4,5.2,9.7,122.0,997.2,997.2,2.7,4.9
2024-06-16 03:20:00+02:00,15.4,15.4,14.0,8.7,64.0,19.5,83.0,0.0,0.0,0.0,0.0,7.0,0.0,0.0,24.6,177.4,5.7,9.7,129.0,997.3,997.3,2.7,4.9
2024-06-16 03:25:00+02:00,15.4,15.4,13.9,8.8,65.0,19.4,83.0,0.0,0.0,0.0,0.0,7.0,0.0,0.0,24.6,177.4,6.8,12.6,123.0,997.2,997.2,2.7,4.9
2024-06-16 03:30:00+02:00,15.4,15.4,13.8,8.6,64.0,19.4,83.0,0.0,0.0,0.0,0.0,7.0,0.0,0.0,24.6,177.4,6.6,10.8,124.0,997.2,997.2,2.7,4.9
2024-06-16 03:35:00+02:00,15.4,15.4,14.0,8.7,64.0,19.4,83.0,0.0,0.0,0.0,0.0,7.0,0.0,0.0,24.6,177.4,6.0,10.1,126.0,997.1,997.1,2.7,4.8
2024-06-16 03:40:00+02:00,15.4,15.4,13.9,8.6,64.0,19.4,83.0,0.0,0.0,0.0,0.0,7.0,0.0,0.0,24.6,177.4,6.0,11.2,134.0,997.1,997.1,2.7,4.8
2024-06-16 03:45:00+02:00,15.3,15.3,14.6,9.0,66.0,19.4,83.0,0.0,0.0,0.0,0.0,7.0,0.0,0.0,24.6,177.4,2.8,8.3,123.0,997.0,997.0,2.7,4.8
2024-06-16 03:50:00+02:00,15.1,15.1,14.0,8.9,66.0,19.4,83.0,0.0,0.0,0.0,0.0,7.0,0.0,0.0,24.6,177.4,4.2,7.2,139.0,997.0,997.0,2.7,4.8
2024-06-16 03:55:00+02:00,15.0,15.0,14.1,9.1,67.0,19.4,83.0,0.0,0.0,0.0,0.0,7.0,0.0,0.0,24.6,177.4,3.9,6.8,115.0,997.0,997.0,2.7,4.8
2024-06-16 04:00:00+02:00,14.8,14.8,14.0,9.1,68.0,19.3,83.0,0.0,0.0,0.0,0.0,7.0,0.0,0.0,24.6,177.4,3.2,6.8,122.0,996.9,996.9,2.7,4.8
2024-06-16 04:05:00+02:00,14.8,14.8,13.1,8.8,67.0,19.3,83.0,0.0,0.0,0.0,0.0,7.0,0.0,0.0,24.6,177.4,7.6,15.5,117.0,997.0,997.0,2.7,4.8
2024-06-16 04:10:00+02:00,15.1,15.1,13.5,8.7,66.0,19.3,83.0,0.0,0.0,0.0,0.0,7.0,0.0,0.0,24.6,177.4,6.9,15.5,124.0,997.0,997.0,2.7,4.8
2024-06-16 04:15:00+02:00,15.1,15.1,13.0,8.7,66.0,19.3,83.0,0.0,0.0,0.0,0.0,7.0,0.0,0.0,24.6,177.4,9.3,21.6,138.0,997.0,997.0,2.7,4.8
2024-06-16 04:20:00+02:00,15.2,15.2,13.3,8.7,65.0,19.3,83.0,0.0,0.0,0.0,0.0,7.0,0.0,0.0,24.6,177.4,8.5,21.6,124.0,997.0,997.0,2.7,4.8
2024-06-16 04:25:00+02:00,15.2,15.2,13.1,8.7,65.0,19.3,83.0,0.0,0.0,0.0,0.0,7.0,0.0,0.0,24.6,177.4,9.3,17.6,125.0,997.1,997.1,2.7,4.8
2024-06-16 04:30:00+02:00,15.3,15.3,13.2,8.7,65.0,19.2,83.0,0.0,0.0,0.0,0.0,7.0,0.0,0.0,24.6,177.4,9.6,19.8,134.0,997.1,997.1,2.7,4.8
2024-06-16 04:35:00+02:00,15.3,15.3,13.4,8.8,66.0,19.2,83.0,0.0,0.0,0.0,0.0,7.0,0.0,0.0,24.6,177.4,8.6,18.4,123.0,997.2,997.2,2.7,4.8
2024-06-16 04:40:00+02:00,15.2,15.2,13.6,8.7,65.0,19.2,83.0,0.0,0.0,0.0,0.0,7.0,0.0,0.0,24.6,177.4,6.8,13.7,136.0,997.2,997.2,2.7,4.8
2024-06-16 04:45:00+02:00,15.2,15.2,13.4,8.8,66.0,19.2,83.0,0.1,0.0,0.0,0.0,7.0,0.0,0.0,24.6,177.4,8.1,15.8,124.0,997.1,997.1,2.7,4.8
2024-06-16 04:50:00+02:00,15.2,15.2,12.8,8.7,65.0,19.2,83.0,0.2,0.0,0.0,0.0,7.0,0.0,0.0,24.6,177.4,11.2,17.3,135.0,997.2,997.2,2.7,4.8
2024-06-16 04:55:00+02:00,15.2,15.2,13.4,9.0,66.0,19.2,83.0,0.3,0.0,0.0,0.0,7.0,0.0,0.0,24.6,177.4,8.4,14.8,128.0,997.1,997.1,2.7,4.8
2024-06-16 05:00:00+02:00,15.2,15.2,13.1,8.9,66.0,19.1,83.0,0.6,0.0,0.0,0.0,7.0,0.0,0.0,24.6,177.4,9.4,16.6,125.0,997.2,997.2,2.7,4.8
2024-06-16 05:05:00+02:00,15.1,15.1,13.5,9.0,67.0,19.1,83.0,0.8,0.0,0.0,0.0,7.0,0.0,0.0,24.6,177.4,7.3,13.0,138.0,997.2,997.2,2.7,4.8
2024-06-16 05:10:00+02:00,15.1,15.1,13.4,9.1,67.0,19.1,83.0,1.2,0.0,0.0,0.0,7.0,0.0,0.0,24.6,177.4,7.4,15.8,135.0,997.4,997.4,2.7,4.8
2024-06-16 05:15:00+02:00,15.1,15.1,13.2,9.1,67.0,19.1,83.0,1.6,0.0,0.0,0.0,7.0,0.0,0.0,24.6,177.4,8.5,15.5,136.0,997.3,997.3,2.7,4.8
2024-06-16 05:20:00+02:00,15.1,15.1,13.3,9.1,67.0,19.0,83.0,1.7,0.0,0.0,0.0,7.0,0.0,0.0,24.6,177.4,8.0,13.0,116.0,997.3,997.3,2.7,4.8
2024-06-16 05:25:00+02:00,15.1,15.1,12.8,9.1,67.0,19.0,83.0,2.0,0.0,0.0,0.0,7.0,0.0,0.0,24.6,177.4,10.7,20.9,117.0,997.3,997.3,2.7,4.7
2024-06-16 05:30:00+02:00,15.1,15.1,13.3,9.2,68.0,19.0,83.0,1.7,0.0,0.0,0.0,7.0,0.0,0.0,24.6,177.4,8.3,17.3,131.0,997.4,997.4,2.7,4.7
2024-06-16 05:35:00+02:00,15.1,15.1,13.2,9.1,67.0,19.0,83.0,3.3,0.0,0.0,0.0,7.0,0.0,0.0,24.6,177.4,8.9,17.3,122.0,997.4,997.4,2.7,4.7
2024-06-16 05:40:00+02:00,15.1,15.1,13.3,9.1,67.0,18.9,83.0,3.9,0.0,0.0,0.0,7.0,0.0,0.0,24.6,177.4,8.1,17.6,118.0,997.3,997.3,2.7,4.7
2024-06-16 05:45:00+02:00,15.2,15.2,13.1,9.2,67.0,19.0,83.0,3.5,0.0,0.0,0.0,7.0,0.0,0.0,24.6,177.4,9.8,18.0,109.0,997.4,997.4,2.7,4.7
2024-06-16 05:50:00+02:00,15.2,15.2,13.8,9.3,68.0,18.9,83.0,4.4,0.0,0.0,0.0,7.0,0.0,0.0,24.6,177.4,6.3,15.8,135.0,997.4,997.4,2.7,4.7
2024-06-16 05:55:00+02:00,15.1,15.1,13.1,9.3,68.0,18.9,83.0,7.7,0.0,0.0,0.0,7.0,0.0,0.0,24.6,177.4,9.7,15.5,127.0,997.4,997.4,2.7,4.7
2024-06-16 06:00:00+02:00,15.1,15.1,13.4,9.3,68.0,18.9,83.0,11.0,0.0,0.0,0.0,7.0,0.0,0.0,24.6,177.4,7.9,15.8,126.0,997.5,997.5,2.7,4.7
2024-06-16 06:05:00+02:00,15.2,15.2,13.9,9.3,68.0,18.9,83.0,12.0,0.0,0.0,0.0,7.0,0.0,0.0,24.6,177.4,5.6,13.7,126.0,997.6,997.6,2.7,4.7
2024-06-16 06:10:00+02:00,15.1,15.1,13.7,9.3,68.0,18.9,83.0,15.6,0.0,0.0,0.0,7.0,0.0,0.0,24.6,177.4,6.7,22.0,115.0,997.6,997.6,2.7,4.7
2024-06-16 06:15:00+02:00,15.1,15.1,13.2,9.5,69.0,18.9,83.0,21.1,0.0,0.0,0.0,7.0,0.0,0.0,24.6,177.4,9.6,22.0,117.0,997.6,997.6,2.7,4.7
2024-06-16 06:20:00+02:00,14.9,14.9,13.5,9.7,71.0,18.9,83.0,20.5,0.0,0.0,0.0,7.0,0.0,0.0,24.6,177.4,7.2,16.2,120.0,997.6,997.6,2.7,4.7
2024-06-16 06:25:00+02:00,14.8,14.8,12.8,9.9,73.0,18.9,84.0,21.3,0.0,0.6,0.1,7.1,0.1,0.1,24.7,177.5,10.1,16.9,120.0,997.7,997.7,2.7,4.7
2024-06-16 06:30:00+02:00,14.6,14.6,13.3,10.1,74.0,18.9,84.0,21.9,0.0,0.6,0.1,7.1,0.1,0.1,24.7,177.5,6.9,12.2,121.0,997.6,997.6,2.7,4.7
2024-06-16 06:35:00+02:00,14.5,14.5,13.0,10.1,75.0,18.8,84.0,22.2,0.0,0.6,0.1,7.1,0.1,0.1,24.7,177.5,8.1,11.5,121.0,997.6,997.6,2.7,4.7
2024-06-16 06:40:00+02:00,14.5,14.5,12.6,10.0,74.0,18.8,84.0,20.5,0.0,0.0,0.1,7.1,0.1,0.1,24.7,177.5,9.9,16.6,121.0,997.7,997.7,2.7,4.7
2024-06-16 06:45:00+02:00,14.6,14.6,13.3,10.0,74.0,18.8,84.0,22.7,0.0,0.0,0.1,7.1,0.1,0.1,24.7,177.5,6.9,16.6,126.0,997.6,997.6,2.7,4.7
2024-06-16 06:50:00+02:00,14.6,14.6,13.0,10.0,74.0,18.8,84.0,25.1,0.0,0.0,0.1,7.1,0.1,0.1,24.7,177.5,8.1,15.1,133.0,997.7,997.7,2.7,4.7
2024-06-16 06:55:00+02:00,14.7,14.7,13.0,10.0,73.0,18.8,84.0,29.7,0.0,0.0,0.1,7.1,0.1,0.1,24.7,177.5,8.6,20.5,133.0,997.7,997.7,2.7,4.7
2024-06-16 07:00:00+02:00,14.7,14.7,12.6,9.9,73.0,18.8,84.0,42.0,0.0,0.0,0.1,7.1,0.1,0.1,24.7,177.5,10.5,15.5,121.0,997.7,997.7,2.7,4.7
2024-06-16 07:05:00+02:00,14.8,14.8,13.0,9.9,73.0,18.8,84.0,44.3,0.0,0.0,0.1,7.1,0.1,0.1,24.7,177.5,9.4,16.2,119.0,997.7,997.7,2.7,4.7
2024-06-16 07:10:00+02:00,14.8,14.8,13.0,10.0,73.0,18.8,84.0,49.1,0.0,0.0,0.1,7.1,0.1,0.1,24.7,177.5,9.3,15.1,128.0,997.7,997.7,2.7,4.7
2024-06-16 07:15:00+02:00,14.8,14.8,13.0,10.0,73.0,18.8,84.0,65.9,0.0,0.0,0.1,7.1,0.1,0.1,24.7,177.5,9.6,17.6,126.0,997.7,997.7,2.7,4.7
2024-06-16 07:20:00+02:00,14.9,14.9,13.1,10.0,73.0,18.8,84.0,64.7,0.0,0.0,0.1,7.1,0.1,0.1,24.7,177.5,9.4,15.8,126.0,997.6,997.6,2.7,4.7
2024-06-16 07:25:00+02:00,15.0,15.0,13.3,10.0,72.0,18.8,84.0,88.6,0.0,0.0,0.1,7.1,0.0,0.1,24.7,177.5,9.1,17.3,122.0,997.7,997.7,2.7,4.7
2024-06-16 07:30:00+02:00,15.1,15.1,13.6,10.2,72.0,18.8,84.0,98.3,0.0,0.0,0.1,7.1,0.0,0.1,24.7,177.5,7.9,16.9,135.0,997.7,997.7,2.7,4.7
2024-06-16 07:35:00+02:00,15.2,15.2,13.3,10.3,72.0,18.8,84.0,111.2,1.0,0.0,0.1,7.1,0.0,0.1,24.7,177.5,10.2,20.5,125.0,997.7,997.7,2.7,4.8
2024-06-16 07:40:00+02:00,15.3,15.3,13.7,10.2,72.0,18.9,84.0,115.8,1.0,0.0,0.1,7.1,0.0,0.1,24.7,177.5,8.7,20.5,126.0,997.6,997.6,2.7,4.8
2024-06-16 07:45:00+02:00,15.3,15.3,13.7,10.3,72.0,18.9,84.0,110.6,1.0,0.0,0.1,7.1,0.0,0.1,24.7,177.5,8.6,17.3,130.0,997.7,997.7,2.7,4.8
2024-06-16 07:50:00+02:00,15.4,15.4,14.0,10.3,72.0,18.9,84.0,100.0,0.0,0.0,0.1,7.1,0.0,0.1,24.7,177.5,8.2,13.3,139.0,997.6,997.6,2.7,4.8
2024-06-16 07:55:00+02:00,15.4,15.4,13.8,10.3,72.0,19.0,84.0,105.2,0.0,0.0,0.1,7.1,0.0,0.1,24.7,177.5,9.0,19.8,125.0,997.7,997.7,2.7,4.8
2024-06-16 08:00:00+02:00,15.4,15.4,12.9,10.2,71.0,19.0,85.0,72.7,0.0,0.0,0.1,7.1,0.0,0.1,24.7,177.5,13.0,22.3,121.0,997.6,997.6,2.7,4.8
2024-06-16 08:05:00+02:00,15.3,15.3,13.2,10.3,72.0,19.1,85.0,92.7,0.0,0.0,0.1,7.1,0.0,0.1,24.7,177.5,11.5,23.4,126.0,997.5,997.5,2.7,4.9
2024-06-16 08:10:00+02:00,15.4,15.4,13.5,10.5,72.0,19.2,85.0,105.8,0.0,0.0,0.1,7.1,0.0,0.1,24.7,177.5,10.7,20.5,132.0,997.7,997.7,2.7,4.9
2024-06-16 08:15:00+02:00,15.4,15.4,13.3,10.5,72.0,19.2,85.0,115.2,1.0,0.0,0.1,7.1,0.0,0.1,24.7,177.5,12.1,19.1,127.0,997.6,997.6,2.7,4.9
2024-06-16 08:20:00+02:00,15.4,15.4,13.0,10.3,72.0,19.2,85.0,139.2,1.0,0.0,0.1,7.1,0.0,0.1,24.7,177.5,13.5,22.3,129.0,997.6,997.6,2.7,4.9
2024-06-16 08:25:00+02:00,15.6,15.6,14.1,10.5,72.0,19.3,85.0,145.7,1.0,0.0,0.1,7.1,0.0,0.1,24.7,177.5,8.7,17.3,127.0,997.8,997.8,2.7,4.9
2024-06-16 08:30:00+02:00,15.7,15.7,13.8,10.6,71.0,19.3,85.0,132.0,1.0,0.0,0.1,7.1,0.0,0.1,24.7,177.5,10.5,21.2,123.0,997.7,997.7,2.7,4.9
2024-06-16 08:35:00+02:00,15.6,15.6,13.7,10.6,72.0,19.3,85.0,211.5,1.0,0.0,0.1,7.1,0.0,0.1,24.7,177.5,10.8,22.0,126.0,997.7,997.7,2.7,5.0
2024-06-16 08:40:00+02:00,15.7,15.7,13.7,10.5,71.0,19.4,85.0,229.3,2.0,0.0,0.1,7.1,0.0,0.1,24.7,177.5,11.2,25.2,122.0,997.7,997.7,2.7,5.0
2024-06-16 08:45:00+02:00,15.9,15.9,14.4,10.6,71.0,19.5,85.0,240.0,2.0,0.0,0.1,7.1,0.0,0.1,24.7,177.5,9.1,19.8,118.0,997.7,997.7,2.7,5.1
2024-06-16 08:50:00+02:00,16.1,16.1,14.9,10.7,71.0,19.6,85.0,194.2,1.0,0.0,0.1,7.1,0.0,0.1,24.7,177.5,7.4,11.9,141.0,997.7,997.7,2.7,5.1
2024-06-16 08:55:00+02:00,16.2,16.2,13.6,10.5,69.0,19.6,85.0,421.0,3.0,0.0,0.1,7.1,0.0,0.1,24.7,177.5,14.3,23.0,123.0,997.7,997.7,2.7,5.2
2024-06-16 09:00:00+02:00,16.2,16.2,14.1,10.6,69.0,19.7,86.0,242.9,2.0,0.0,0.1,7.1,0.0,0.1,24.7,177.5,12.2,25.6,134.0,997.7,997.7,2.7,5.2
2024-06-16 09:05:00+02:00,16.4,16.4,15.4,10.5,68.0,19.8,86.0,337.8,3.0,0.0,0.1,7.1,0.0,0.1,24.7,177.5,5.9,25.6,130.0,997.7,997.7,2.7,5.2
2024-06-16 09:10:00+02:00,16.4,16.4,14.2,10.5,68.0,20.0,86.0,157.8,1.0,0.0,0.1,7.1,0.0,0.1,24.7,177.5,12.2,27.0,138.0,997.6,997.6,2.7,5.2
2024-06-16 09:15:00+02:00,16.3,16.3,13.6,10.3,68.0,20.1,86.0,218.0,2.0,0.0,0.1,7.1,0.0,0.1,24.7,177.5,14.8,24.1,128.0,997.6,997.6,2.7,5.2
2024-06-16 09:20:00+02:00,16.2,16.2,13.4,10.2,68.0,20.3,86.0,181.4,1.0,0.0,0.1,7.1,0.0,0.1,24.7,177.5,14.6,28.4,124.0,997.7,997.7,2.7,5.2
2024-06-16 09:25:00+02:00,16.2,16.2,13.7,10.0,67.0,20.3,86.0,398.4,3.0,0.0,0.1,7.1,0.0,0.1,24.7,177.5,13.2,25.9,117.0,997.7,997.7,2.7,5.2
2024-06-16 09:30:00+02:00,16.4,16.4,13.8,10.1,66.0,20.5,86.0,376.2,3.0,0.0,0.1,7.1,0.0,0.1,24.7,177.5,13.9,26.3,126.0,997.7,997.7,2.7,5.2
2024-06-16 09:35:00+02:00,16.7,16.7,13.3,9.9,64.0,20.5,86.0,394.0,3.0,0.0,0.1,7.1,0.0,0.1,24.7,177.5,17.6,24.8,122.0,997.6,997.6,2.7,5.2
2024-06-16 09:40:00+02:00,17.3,17.3,15.9,10.2,63.0,20.7,86.0,451.9,4.0,0.0,0.1,7.1,0.0,0.1,24.7,177.5,7.7,24.8,137.0,997.5,997.5,2.7,5.2
2024-06-16 09:45:00+02:00,18.0,18.0,15.9,10.2,60.0,20.8,86.0,484.4,4.0,0.0,0.1,7.1,0.0,0.1,24.7,177.5,11.3,25.2,138.0,997.6,997.6,2.7,5.2
2024-06-16 09:50:00+02:00,17.7,17.7,15.6,9.9,60.0,21.0,86.0,394.9,3.0,0.0,0.1,7.1,0.0,0.1,24.7,177.5,11.2,27.4,141.0,997.7,997.7,2.7,5.2
2024-06-16 09:55:00+02:00,17.3,17.3,14.9,9.6,61.0,21.2,86.0,427.6,3.0,0.0,0.1,7.1,0.0,0.1,24.7,177.5,12.0,27.4,134.0,997.7,997.7,2.7,5.2
2024-06-16 10:00:00+02:00,17.5,17.5,15.6,9.9,61.0,21.3,86.0,426.3,3.0,0.0,0.1,0.0,0.0,0.1,24.7,177.5,9.8,24.8,128.0,997.6,997.6,2.7,5.2
2024-06-16 10:05:00+02:00,17.2,17.2,15.2,10.0,62.0,21.5,86.0,206.4,1.0,0.0,0.1,0.0,0.0,0.1,24.7,177.5,10.7,24.8,134.0,997.6,997.6,2.7,5.2
2024-06-16 10:10:00+02:00,17.3,17.3,16.0,9.7,61.0,21.6,86.0,194.0,1.0,0.0,0.1,0.0,0.0,0.1,24.7,177.5,6.6,18.7,168.0,997.6,997.6,2.7,5.2
2024-06-16 10:15:00+02:00,17.1,17.1,15.2,9.8,62.0,21.7,86.0,188.9,1.0,0.0,0.1,0.0,0.0,0.1,24.7,177.5,9.8,23.8,141.0,997.7,997.7,2.7,5.2
2024-06-16 10:20:00+02:00,17.2,17.2,16.7,10.1,63.0,21.8,85.0,272.9,2.0,0.0,0.1,0.0,0.0,0.1,24.7,177.5,2.9,16.9,146.0,997.5,997.5,2.7,5.2
2024-06-16 10:25:00+02:00,17.7,17.7,16.5,10.4,62.0,21.9,85.0,369.1,3.0,0.0,0.1,0.0,0.0,0.1,24.7,177.5,6.9,15.5,126.0,997.5,997.5,2.7,5.2
2024-06-16 10:30:00+02:00,17.8,17.8,15.6,10.5,62.0,22.0,85.0,317.6,2.0,0.0,0.1,0.0,0.0,0.1,24.7,177.5,12.2,28.8,115.0,997.5,997.5,2.7,5.2
2024-06-16 10:35:00+02:00,17.3,17.3,14.3,10.1,62.0,22.1,85.0,259.0,2.0,0.0,0.1,0.0,0.0,0.1,24.7,177.5,16.2,28.8,125.0,997.5,997.5,2.7,5.2
2024-06-16 10:40:00+02:00,17.4,17.4,15.6,10.3,63.0,22.2,85.0,244.5,2.0,0.0,0.1,0.0,0.0,0.1,24.7,177.5,9.9,25.6,128.0,997.5,997.5,2.7,5.2
2024-06-16 10:45:00+02:00,17.4,17.4,14.4,10.2,63.0,22.2,85.0,207.8,1.0,0.0,0.1,0.0,0.0,0.1,24.7,177.5,15.8,25.9,124.0,997.4,997.4,2.7,5.3
2024-06-16 10:50:00+02:00,17.1,17.1,14.5,10.0,63.0,22.3,85.0,139.6,1.0,0.0,0.1,0.0,0.0,0.1,24.7,177.5,13.9,23.0,131.0,997.6,997.6,2.7,5.3
2024-06-16 10:55:00+02:00,17.3,17.3,15.9,10.3,63.0,22.3,85.0,265.8,2.0,0.0,0.1,0.0,0.0,0.1,24.7,177.5,8.0,19.4,125.0,997.4,997.4,2.7,5.2
2024-06-16 11:00:00+02:00,17.6,17.6,16.2,10.3,62.0,22.4,85.0,244.6,2.0,0.0,0.1,0.0,0.0,0.1,24.7,177.5,8.4,18.0,127.0,997.4,997.4,2.7,5.2
2024-06-16 11:05:00+02:00,17.8,17.8,15.4,10.2,61.0,22.4,84.0,236.1,2.0,0.0,0.1,0.0,0.0,0.1,24.7,177.5,12.8,23.4,117.0,997.3,997.3,2.7,5.2
2024-06-16 11:10:00+02:00,17.7,17.7,14.7,10.1,61.0,22.4,84.0,241.5,2.0,0.0,0.1,0.0,0.0,0.1,24.7,177.5,15.7,24.8,120.0,997.3,997.3,2.7,5.2
2024-06-16 11:15:00+02:00,17.6,17.6,15.0,10.2,62.0,22.5,84.0,202.7,1.0,0.0,0.1,0.0,0.0,0.1,24.7,177.5,13.8,29.2,115.0,997.4,997.4,2.7,5.2
2024-06-16 11:20:00+02:00,17.7,17.7,14.8,10.3,62.0,22.5,84.0,290.4,2.0,0.0,0.1,0.0,0.0,0.1,24.7,177.5,15.3,29.2,121.0,997.3,997.3,2.7,5.2
2024-06-16 11:25:00+02:00,17.7,17.7,14.8,10.2,62.0,22.5,84.0,360.5,3.0,0.0,0.1,0.0,0.0,0.1,24.7,177.5,15.3,27.7,120.0,997.4,997.4,2.7,5.2
2024-06-16 11:30:00+02:00,18.1,18.1,15.5,10.3,60.0,22.6,83.0,641.5,5.0,0.0,0.1,0.0,0.0,0.1,24.7,177.5,14.1,30.6,127.0,997.4,997.4,2.7,5.2
2024-06-16 11:35:00+02:00,18.4,18.4,15.9,10.5,60.0,22.7,83.0,657.1,6.0,0.0,0.1,0.0,0.0,0.1,24.7,177.5,13.7,27.7,133.0,997.3,997.3,2.7,5.3
2024-06-16 11:40:00+02:00,19.0,19.0,17.0,10.5,58.0,22.8,83.0,624.8,5.0,0.0,0.1,0.0,0.0,0.1,24.7,177.5,11.2,23.0,124.0,997.3,997.3,2.7,5.3
2024-06-16 11:45:00+02:00,19.4,19.4,17.1,10.6,57.0,22.9,83.0,528.1,4.0,0.0,0.1,0.0,0.0,0.1,24.7,177.5,12.6,31.7,141.0,997.2,997.2,2.7,5.3
2024-06-16 11:50:00+02:00,18.4,18.4,15.1,10.3,59.0,23.0,83.0,294.9,2.0,0.0,0.1,0.0,0.0,0.1,24.7,177.5,17.6,31.7,139.0,997.2,997.2,2.7,5.3
2024-06-16 11:55:00+02:00,18.4,18.4,15.4,10.0,58.0,23.2,83.0,661.2,6.0,0.0,0.1,0.0,0.0,0.1,24.7,177.5,16.1,28.1,131.0,997.3,997.3,2.7,5.3
2024-06-16 12:00:00+02:00,18.8,18.8,16.8,10.4,58.0,23.3,83.0,566.5,5.0,0.0,0.1,0.0,0.0,0.1,24.7,177.5,11.4,33.8,144.0,997.3,997.3,2.7,5.3
2024-06-16 12:05:00+02:00,18.7,18.7,17.1,10.3,58.0,23.3,83.0,306.5,2.0,0.0,0.1,0.0,0.0,0.1,24.7,177.5,8.9,29.2,138.0,997.2,997.2,2.7,5.3
2024-06-16 12:10:00+02:00,18.1,18.1,15.5,10.5,61.0,23.4,83.0,208.8,1.0,0.0,0.1,0.0,0.0,0.1,24.7,177.5,14.3,29.2,134.0,997.3,997.3,2.7,5.3
2024-06-16 12:15:00+02:00,17.9,17.9,16.7,11.3,65.0,23.5,82.0,285.9,2.0,0.0,0.1,0.0,0.0,0.1,24.7,177.5,8.0,20.9,147.0,997.5,997.5,2.7,5.3
2024-06-16 12:20:00+02:00,17.8,17.8,17.3,11.8,68.0,23.6,82.0,254.1,2.0,0.0,0.1,0.0,0.0,0.1,24.7,177.5,5.3,17.6,131.0,997.5,997.5,2.7,5.3
2024-06-16 12:25:00+02:00,17.5,17.5,17.5,12.3,72.0,23.6,82.0,160.8,1.0,0.0,0.1,0.0,0.0,0.1,24.7,177.5,4.0,14.0,139.0,997.5,997.5,2.7,5.3
2024-06-16 12:30:00+02:00,16.8,16.8,16.5,12.7,77.0,23.6,82.0,111.2,1.0,1.8,0.4,0.3,0.3,0.4,25.0,177.8,6.0,10.1,126.0,997.5,997.5,2.7,5.3
2024-06-16 12:35:00+02:00,16.1,16.1,16.1,12.7,80.0,23.6,82.0,105.7,0.0,1.8,0.4,0.3,0.3,0.4,25.0,177.8,4.1,11.5,138.0,997.4,997.4,2.7,5.2
2024-06-16 12:40:00+02:00,15.9,15.9,16.2,12.7,81.0,23.7,82.0,138.0,1.0,1.2,0.4,0.3,0.3,0.4,25.0,177.8,3.0,11.5,119.0,997.4,997.4,2.7,5.2
2024-06-16 12:45:00+02:00,15.9,15.9,15.5,12.4,80.0,23.7,82.0,131.3,1.0,0.0,0.4,0.3,0.3,0.4,25.0,177.8,6.2,10.8,124.0,997.5,997.5,2.7,5.2
2024-06-16 12:50:00+02:00,16.0,16.0,16.0,12.6,80.0,23.7,82.0,314.8,2.0,0.0,0.4,0.3,0.3,0.4,25.0,177.8,4.2,9.0,131.0,997.4,997.4,2.7,5.2
2024-06-16 12:55:00+02:00,16.4,16.4,15.9,12.6,78.0,23.7,81.0,628.4,5.0,0.0,0.4,0.3,0.3,0.4,25.0,177.8,6.8,11.9,115.0,997.4,997.4,2.7,5.2
2024-06-16 13:00:00+02:00,17.3,17.3,16.8,13.2,77.0,23.7,81.0,675.8,6.0,0.0,0.4,0.3,0.3,0.4,25.0,177.8,7.8,14.4,118.0,997.3,997.3,2.7,5.2
2024-06-16 13:05:00+02:00,17.5,17.5,16.9,12.9,74.0,23.7,81.0,715.3,6.0,0.0,0.4,0.3,0.3,0.4,25.0,177.8,7.9,18.0,119.0,997.3,997.3,2.7,5.2
2024-06-16 13:10:00+02:00,18.4,18.4,17.7,13.2,71.0,23.7,81.0,775.7,7.0,0.0,0.4,0.3,0.3,0.4,25.0,177.8,8.9,19.4,134.0,997.2,997.2,2.7,5.2
2024-06-16 13:15:00+02:00,18.6,18.6,16.2,11.6,64.0,23.8,82.0,644.3,5.0,0.0,0.4,0.3,0.3,0.4,25.0,177.8,14.9,28.8,116.0,997.2,997.2,2.7,5.2
2024-06-16 13:20:00+02:00,18.7,18.7,15.8,11.0,61.0,23.9,82.0,529.5,4.0,0.0,0.4,0.3,0.3,0.4,25.0,177.8,16.5,35.3,132.0,997.3,997.3,2.7,5.2
2024-06-16 13:25:00+02:00,18.7,18.7,16.2,11.0,61.0,24.0,82.0,511.7,4.0,0.0,0.4,0.3,0.3,0.4,25.0,177.8,14.8,30.6,124.0,997.4,997.4,2.7,5.3
2024-06-16 13:30:00+02:00,19.0,19.0,17.8,10.8,59.0,24.0,82.0,409.2,3.0,0.0,0.4,0.3,0.0,0.4,25.0,177.8,7.3,28.1,135.0,997.4,997.4,2.7,5.3
2024-06-16 13:35:00+02:00,18.8,18.8,15.6,10.2,57.0,24.1,82.0,377.0,3.0,0.0,0.4,0.3,0.0,0.4,25.0,177.8,17.2,33.8,124.0,997.3,997.3,2.7,5.3
2024-06-16 13:40:00+02:00,19.0,19.0,17.4,10.2,57.0,24.2,82.0,471.0,4.0,0.0,0.4,0.3,0.0,0.4,25.0,177.8,8.8,24.5,124.0,997.3,997.3,2.7,5.3
2024-06-16 13:45:00+02:00,19.2,19.2,17.2,10.2,56.0,24.2,82.0,448.3,4.0,0.0,0.4,0.3,0.0,0.4,25.0,177.8,10.8,23.4,116.0,997.3,997.3,2.7,5.3
2024-06-16 13:50:00+02:00,18.9,18.9,17.1,10.3,57.0,24.3,82.0,488.5,4.0,0.0,0.4,0.3,0.0,0.4,25.0,177.8,10.2,22.3,120.0,997.3,997.3,2.7,5.3
2024-06-16 13:55:00+02:00,19.4,19.4,17.2,10.5,57.0,24.3,82.0,395.8,3.0,0.0,0.4,0.3,0.0,0.4,25.0,177.8,12.2,27.4,123.0,997.2,997.2,2.7,5.3
2024-06-16 14:00:00+02:00,18.8,18.8,17.0,10.3,58.0,24.4,82.0,274.7,2.0,0.0,0.4,0.0,0.0,0.4,25.0,177.8,9.6,27.7,137.0,997.3,997.3,2.7,5.3
2024-06-16 14:05:00+02:00,18.7,18.7,16.8,10.8,60.0,24.5,82.0,230.3,2.0,0.0,0.4,0.0,0.0,0.4,25.0,177.8,11.4,27.7,151.0,997.6,997.6,2.7,5.3
2024-06-16 14:10:00+02:00,17.7,17.7,16.3,11.0,65.0,24.5,82.0,196.0,1.0,0.0,0.4,0.0,0.0,0.4,25.0,177.8,8.5,27.7,109.0,997.8,997.8,2.7,5.3
2024-06-16 14:15:00+02:00,17.2,17.2,16.3,11.6,70.0,24.5,82.0,173.6,1.0,0.6,0.5,0.1,0.1,0.5,25.1,177.9,7.2,16.9,129.0,997.8,997.8,2.7,5.3
2024-06-16 14:20:00+02:00,16.7,16.7,15.7,11.7,72.0,24.5,82.0,175.6,1.0,0.6,0.5,0.1,0.1,0.5,25.1,177.9,8.0,18.7,119.0,997.9,997.9,2.7,5.3
2024-06-16 14:25:00+02:00,16.3,16.3,13.7,11.5,73.0,24.5,81.0,161.3,1.0,0.6,0.6,0.2,0.2,0.6,25.2,178.0,15.8,27.7,118.0,997.9,997.9,2.7,5.2
2024-06-16 14:30:00+02:00,16.0,16.0,14.0,11.6,75.0,24.5,81.0,169.2,1.0,1.2,0.7,0.3,0.3,0.7,25.3,178.1,13.2,27.7,120.0,998.1,998.1,2.7,5.2
2024-06-16 14:35:00+02:00,15.8,15.8,14.1,11.8,77.0,24.3,81.0,161.0,1.0,1.2,0.8,0.4,0.4,0.8,25.4,178.2,12.0,25.2,128.0,998.1,998.1,2.7,5.2
2024-06-16 14:40:00+02:00,15.7,15.7,13.9,11.9,78.0,24.3,81.0,202.4,1.0,1.2,0.8,0.4,0.4,0.8,25.4,178.2,12.5,24.1,132.0,998.1,998.1,2.7,5.2
2024-06-16 14:45:00+02:00,15.8,15.8,14.2,11.8,77.0,24.3,81.0,226.9,2.0,0.6,0.8,0.4,0.4,0.8,25.4,178.2,11.0,25.6,126.0,998.0,998.0,2.7,5.2
2024-06-16 14:50:00+02:00,15.9,15.9,14.7,12.0,78.0,24.2,81.0,397.1,3.0,0.0,0.8,0.4,0.4,0.8,25.4,178.2,9.4,25.6,131.0,998.0,998.0,2.7,5.2
2024-06-16 14:55:00+02:00,16.3,16.3,15.0,12.2,77.0,24.2,81.0,407.0,3.0,0.0,0.8,0.4,0.4,0.8,25.4,178.2,10.2,25.6,121.0,998.1,998.1,2.7,5.2
2024-06-16 15:00:00+02:00,16.3,16.3,13.8,11.8,74.0,24.1,81.0,311.1,2.0,0.0,0.8,0.4,0.4,0.8,25.4,178.2,15.8,31.0,130.0,998.0,998.0,2.7,5.2
2024-06-16 15:05:00+02:00,16.4,16.4,14.6,12.1,75.0,24.1,80.0,351.7,3.0,0.0,0.8,0.4,0.4,0.8,25.4,178.2,12.8,22.0,134.0,998.0,998.0,2.7,5.2
2024-06-16 15:10:00+02:00,16.9,16.9,15.2,12.2,74.0,24.0,81.0,422.3,3.0,0.0,0.8,0.4,0.4,0.8,25.4,178.2,12.5,21.6,126.0,998.0,998.0,2.7,5.2
2024-06-16 15:15:00+02:00,16.8,16.8,14.9,11.8,72.0,24.0,81.0,342.9,3.0,0.0,0.8,0.4,0.3,0.8,25.4,178.2,12.7,26.6,124.0,997.8,997.8,2.7,5.2
2024-06-16 15:20:00+02:00,17.2,17.2,15.5,11.5,69.0,24.0,81.0,331.8,3.0,0.0,0.8,0.4,0.3,0.8,25.4,178.2,11.1,22.3,136.0,997.9,997.9,2.7,5.2
2024-06-16 15:25:00+02:00,17.2,17.2,15.1,11.1,68.0,24.0,81.0,276.6,2.0,0.0,0.8,0.4,0.2,0.8,25.4,178.2,12.3,24.8,139.0,997.8,997.8,2.7,5.2
2024-06-16 15:30:00+02:00,17.1,17.1,14.2,10.8,67.0,24.0,81.0,262.6,2.0,0.0,0.8,0.4,0.1,0.8,25.4,178.2,16.1,28.4,130.0,997.9,997.9,2.7,5.2
2024-06-16 15:35:00+02:00,17.0,17.0,14.9,10.7,67.0,24.0,81.0,360.3,3.0,0.0,0.8,0.4,0.0,0.8,25.4,178.2,12.0,33.1,129.0,997.6,997.6,2.7,5.2
2024-06-16 15:40:00+02:00,17.4,17.4,15.8,11.0,66.0,24.0,81.0,326.5,3.0,0.0,0.8,0.4,0.0,0.8,25.4,178.2,10.4,20.2,140.0,997.6,997.6,2.7,5.2
2024-06-16 15:45:00+02:00,17.6,17.6,16.1,11.3,66.0,24.0,81.0,216.2,2.0,0.0,0.8,0.4,0.0,0.8,25.4,178.2,9.9,20.2,124.0,997.6,997.6,2.7,5.3
2024-06-16 15:50:00+02:00,17.4,17.4,15.5,10.9,66.0,23.9,81.0,362.0,3.0,0.0,0.8,0.4,0.0,0.8,25.4,178.2,11.2,24.1,124.0,997.6,997.6,2.7,5.3
2024-06-16 15:55:00+02:00,17.7,17.7,14.9,10.8,64.0,23.9,81.0,491.6,4.0,0.0,0.8,0.4,0.0,0.8,25.4,178.2,15.9,30.2,129.0,997.6,997.6,2.7,5.3
2024-06-16 16:00:00+02:00,17.6,17.6,15.1,10.4,63.0,24.0,81.0,251.8,2.0,0.0,0.8,0.0,0.0,0.8,25.4,178.2,13.5,28.8,130.0,997.6,997.6,2.7,5.3
2024-06-16 16:05:00+02:00,17.5,17.5,14.7,10.4,63.0,24.0,81.0,205.0,1.0,0.0,0.8,0.0,0.0,0.8,25.4,178.2,15.3,28.8,123.0,997.6,997.6,2.7,5.3
2024-06-16 16:10:00+02:00,17.3,17.3,14.8,10.4,64.0,24.0,81.0,131.2,1.0,0.0,0.8,0.0,0.0,0.8,25.4,178.2,13.6,25.9,118.0,997.4,997.4,2.7,5.3
2024-06-16 16:15:00+02:00,17.3,17.3,15.3,10.5,64.0,24.0,81.0,169.5,1.0,0.0,0.8,0.0,0.0,0.8,25.4,178.2,11.2,25.9,121.0,997.3,997.3,2.7,5.3
2024-06-16 16:20:00+02:00,17.5,17.5,15.0,10.6,64.0,23.9,81.0,168.1,1.0,0.0,0.8,0.0,0.0,0.8,25.4,178.2,13.8,24.1,135.0,997.4,997.4,2.7,5.3
2024-06-16 16:25:00+02:00,17.5,17.5,15.4,10.7,64.0,23.9,82.0,160.3,1.0,0.0,0.8,0.0,0.0,0.8,25.4,178.2,12.5,22.3,139.0,997.3,997.3,2.7,5.2
2024-06-16 16:30:00+02:00,17.4,17.4,15.6,10.7,65.0,23.9,81.0,143.9,1.0,0.0,0.8,0.0,0.0,0.8,25.4,178.2,10.5,29.5,129.0,997.3,997.3,2.7,5.2
2024-06-16 16:35:00+02:00,17.3,17.3,14.8,10.7,65.0,23.8,81.0,122.4,1.0,0.0,0.8,0.0,0.0,0.8,25.4,178.2,14.3,31.3,127.0,997.4,997.4,2.7,5.2
2024-06-16 16:40:00+02:00,17.3,17.3,15.6,10.8,65.0,23.8,81.0,124.5,1.0,0.0,0.8,0.0,0.0,0.8,25.4,178.2,10.2,26.3,125.0,997.4,997.4,2.7,5.2
2024-06-16 16:45:00+02:00,17.3,17.3,15.0,10.9,66.0,23.8,81.0,224.4,2.0,0.0,0.8,0.0,0.0,0.8,25.4,178.2,13.6,30.2,131.0,997.4,997.4,2.7,5.2
2024-06-16 16:50:00+02:00,17.4,17.4,14.5,11.3,67.0,23.8,81.0,252.1,2.0,0.0,0.8,0.0,0.0,0.8,25.4,178.2,17.1,30.6,131.0,997.4,997.4,2.7,5.2
2024-06-16 16:55:00+02:00,17.4,17.4,14.9,11.4,68.0,23.8,81.0,157.5,1.0,0.0,0.8,0.0,0.0,0.8,25.4,178.2,14.8,24.8,131.0,997.4,997.4,2.7,5.2
2024-06-16 17:00:00+02:00,17.0,17.0,15.3,11.8,71.0,23.8,81.0,138.7,1.0,0.0,0.8,0.0,0.0,0.8,25.4,178.2,11.4,27.0,131.0,997.3,997.3,2.7,5.2
2024-06-16 17:05:00+02:00,17.0,17.0,15.5,11.9,72.0,23.7,81.0,196.3,1.0,0.0,0.8,0.0,0.0,0.8,25.4,178.2,10.8,19.1,122.0,997.5,997.5,2.7,5.2
2024-06-16 17:10:00+02:00,17.0,17.0,15.2,11.9,72.0,23.7,81.0,148.9,1.0,0.0,0.8,0.0,0.0,0.8,25.4,178.2,12.0,20.5,123.0,997.4,997.4,2.7,5.2
2024-06-16 17:15:00+02:00,16.8,16.8,15.1,11.9,73.0,23.7,81.0,108.0,1.0,0.0,0.8,0.0,0.0,0.8,25.4,178.2,11.7,29.2,123.0,997.4,997.4,2.7,5.2
2024-06-16 17:20:00+02:00,16.8,16.8,15.1,12.1,74.0,23.7,81.0,153.3,1.0,0.0,0.8,0.0,0.0,0.8,25.4,178.2,12.2,29.9,116.0,997.4,997.4,2.7,5.2
2024-06-16 17:25:00+02:00,16.8,16.8,14.6,12.3,75.0,23.6,81.0,156.3,1.0,0.0,0.8,0.0,0.0,0.8,25.4,178.2,14.5,29.9,126.0,997.4,997.4,2.7,5.2
2024-06-16 17:30:00+02:00,16.7,16.7,14.4,12.3,75.0,23.5,81.0,145.2,1.0,0.0,0.8,0.0,0.0,0.8,25.4,178.2,15.4,28.1,126.0,997.3,997.3,2.7,5.2
2024-06-16 17:35:00+02:00,16.6,16.6,14.1,12.3,76.0,23.5,81.0,220.5,2.0,0.0,0.8,0.0,0.0,0.8,25.4,178.2,16.6,30.2,132.0,997.3,997.3,2.7,5.2
2024-06-16 17:40:00+02:00,16.7,16.7,14.4,12.5,76.0,23.4,81.0,181.5,1.0,0.0,0.8,0.0,0.0,0.8,25.4,178.2,15.6,30.2,123.0,997.3,997.3,2.7,5.2
2024-06-16 17:45:00+02:00,16.8,16.8,15.1,12.5,76.0,23.4,81.0,401.5,3.0,0.0,0.8,0.0,0.0,0.8,25.4,178.2,12.8,24.8,131.0,997.3,997.3,2.7,5.2
2024-06-16 17:50:00+02:00,17.1,17.1,15.4,12.6,75.0,23.4,81.0,219.3,2.0,0.0,0.8,0.0,0.0,0.8,25.4,178.2,12.5,29.2,127.0,997.2,997.2,2.7,5.2
2024-06-16 17:55:00+02:00,17.2,17.2,15.1,12.6,74.0,23.3,81.0,278.5,2.0,0.0,0.8,0.0,0.0,0.8,25.4,178.2,14.8,31.3,118.0,997.1,997.1,2.7,5.2
2024-06-16 18:00:00+02:00,17.3,17.3,15.1,12.5,74.0,23.4,81.0,392.7,3.0,0.0,0.8,0.0,0.0,0.8,25.4,178.2,15.0,31.3,129.0,997.2,997.2,2.7,5.2
2024-06-16 18:05:00+02:00,17.9,17.9,15.8,12.8,72.0,23.3,81.0,434.6,4.0,0.0,0.8,0.0,0.0,0.8,25.4,178.2,15.2,26.6,133.0,997.1,997.1,2.7,5.2
2024-06-16 18:10:00+02:00,17.9,17.9,16.0,12.7,72.0,23.3,81.0,417.6,3.0,0.0,0.8,0.0,0.0,0.8,25.4,178.2,14.1,33.8,136.0,997.1,997.1,2.7,5.2
2024-06-16 18:15:00+02:00,18.0,18.0,16.3,12.9,72.0,23.3,81.0,268.4,2.0,0.0,0.8,0.0,0.0,0.8,25.4,178.2,13.2,22.3,136.0,997.0,997.0,2.7,5.2
2024-06-16 18:20:00+02:00,17.7,17.7,15.5,12.7,73.0,23.3,82.0,149.4,1.0,0.0,0.8,0.0,0.0,0.8,25.4,178.2,15.3,27.7,128.0,997.1,997.1,2.7,5.2
2024-06-16 18:25:00+02:00,17.5,17.5,15.7,12.7,74.0,23.3,82.0,90.1,0.0,0.0,0.8,0.0,0.0,0.8,25.4,178.2,13.4,23.0,125.0,997.1,997.1,2.7,5.2
2024-06-16 18:30:00+02:00,17.4,17.4,16.8,12.7,74.0,23.3,82.0,75.6,0.0,0.0,0.8,0.0,0.0,0.8,25.4,178.2,7.3,19.4,123.0,997.1,997.1,2.7,5.2
2024-06-16 18:35:00+02:00,17.5,17.5,16.3,12.7,74.0,23.3,82.0,61.6,0.0,0.0,0.8,0.0,0.0,0.8,25.4,178.2,10.0,23.0,141.0,997.1,997.1,2.7,5.2
2024-06-16 18:40:00+02:00,17.5,17.5,15.9,12.8,74.0,23.2,82.0,55.1,0.0,0.0,0.8,0.0,0.0,0.8,25.4,178.2,12.8,24.8,132.0,997.1,997.1,2.7,5.2
2024-06-16 18:45:00+02:00,17.5,17.5,16.5,12.8,74.0,23.2,81.0,66.8,0.0,0.0,0.8,0.0,0.0,0.8,25.4,178.2,9.5,16.2,123.0,997.1,997.1,2.7,5.2
2024-06-16 18:50:00+02:00,17.6,17.6,16.5,12.7,73.0,23.2,82.0,61.0,0.0,0.0,0.8,0.0,0.0,0.8,25.4,178.2,10.3,18.4,129.0,997.1,997.1,2.7,5.2
2024-06-16 18:55:00+02:00,17.7,17.7,16.2,12.8,73.0,23.1,82.0,37.3,0.0,0.0,0.8,0.0,0.0,0.8,25.4,178.2,11.6,24.5,119.0,997.1,997.1,2.7,5.2
2024-06-16 19:00:00+02:00,17.5,17.5,16.4,12.9,75.0,23.1,82.0,30.0,0.0,0.0,0.8,0.0,0.0,0.8,25.4,178.2,10.4,22.3,121.0,997.3,997.3,2.7,5.2
2024-06-16 19:05:00+02:00,17.2,17.2,16.8,13.2,78.0,23.1,82.0,30.5,0.0,0.0,0.8,0.0,0.0,0.8,25.4,178.2,7.5,19.8,129.0,997.4,997.4,2.7,5.2
2024-06-16 19:10:00+02:00,16.8,16.8,15.4,13.4,80.0,23.0,82.0,25.0,0.0,1.2,1.0,0.2,0.2,1.0,25.6,178.4,12.7,19.1,115.0,997.4,997.4,2.7,5.2
2024-06-16 19:15:00+02:00,16.3,16.3,15.7,13.4,83.0,23.0,81.0,52.6,0.0,2.4,1.3,0.5,0.5,1.3,25.9,178.7,9.0,18.0,129.0,997.4,997.4,2.7,5.2
2024-06-16 19:20:00+02:00,16.0,16.0,15.9,13.9,87.0,22.9,81.0,83.7,0.0,5.4,2.0,1.2,1.2,2.0,26.6,179.4,7.1,13.7,126.0,997.5,997.5,2.7,5.2
2024-06-16 19:25:00+02:00,15.8,15.8,16.1,14.1,90.0,22.8,81.0,68.5,0.0,5.4,2.1,1.3,1.3,2.1,26.7,179.5,5.3,11.2,129.0,997.6,997.6,2.7,5.2
2024-06-16 19:30:00+02:00,15.7,15.7,15.5,14.0,89.0,22.8,81.0,99.8,0.0,4.2,2.2,1.4,1.4,2.2,26.8,179.6,7.4,11.5,119.0,997.6,997.6,2.7,5.2
2024-06-16 19:35:00+02:00,15.8,15.8,16.4,14.3,91.0,22.7,81.0,100.9,0.0,1.2,2.2,1.4,1.4,2.2,26.8,179.6,3.9,6.8,127.0,997.7,997.7,2.7,5.2
2024-06-16 19:40:00+02:00,15.8,15.8,16.3,14.3,90.0,22.6,81.0,76.4,0.0,0.0,2.2,1.4,1.4,2.2,26.8,179.6,5.0,8.6,127.0,997.7,997.7,2.7,5.2
2024-06-16 19:45:00+02:00,15.9,15.9,16.3,14.3,90.0,22.6,81.0,79.4,0.0,0.0,2.2,1.4,1.4,2.2,26.8,179.6,5.3,12.2,111.0,997.8,997.8,2.7,5.2
2024-06-16 19:50:00+02:00,15.9,15.9,16.5,14.3,90.0,22.5,81.0,80.1,0.0,0.0,2.2,1.4,1.4,2.2,26.8,179.6,4.1,10.1,125.0,997.9,997.9,2.7,5.2
2024-06-16 19:55:00+02:00,16.0,16.0,16.5,14.4,90.0,22.4,81.0,61.8,0.0,0.0,2.2,1.4,1.4,2.2,26.8,179.6,4.3,8.3,132.0,997.9,997.9,2.7,5.2
2024-06-16 20:00:00+02:00,16.0,16.0,16.3,14.3,90.0,22.4,81.0,69.9,0.0,0.0,2.2,1.4,1.4,2.2,26.8,179.6,5.3,12.2,117.0,998.0,998.0,2.7,5.2
2024-06-16 20:05:00+02:00,16.1,16.1,16.4,14.2,89.0,22.3,81.0,61.8,0.0,0.0,2.2,1.4,1.3,2.2,26.8,179.6,5.3,12.2,122.0,998.0,998.0,2.7,5.2
2024-06-16 20:10:00+02:00,16.0,16.0,16.2,14.1,88.0,22.3,81.0,34.6,0.0,0.0,2.2,1.4,1.1,2.2,26.8,179.6,5.7,11.2,121.0,998.1,998.1,2.7,5.2
2024-06-16 20:15:00+02:00,16.0,16.0,16.2,14.0,88.0,22.2,81.0,29.7,0.0,0.0,2.2,1.4,0.8,2.2,26.8,179.6,5.3,11.2,119.0,998.1,998.1,2.7,5.2
2024-06-16 20:20:00+02:00,16.0,16.0,15.7,13.9,87.0,22.2,81.0,25.8,0.0,0.0,2.2,1.4,0.2,2.2,26.8,179.6,8.1,13.3,126.0,998.0,998.0,2.7,5.2
2024-06-16 20:25:00+02:00,16.0,16.0,16.4,14.0,88.0,22.2,81.0,28.0,0.0,0.0,2.2,1.4,0.0,2.2,26.8,179.6,4.5,11.2,128.0,998.0,998.0,2.7,5.2
2024-06-16 20:30:00+02:00,16.0,16.0,16.1,14.0,88.0,22.1,81.0,30.7,0.0,0.0,2.2,1.4,0.0,2.2,26.8,179.6,6.0,13.3,121.0,998.2,998.2,2.7,5.2
2024-06-16 20:35:00+02:00,16.1,16.1,16.2,14.0,88.0,22.0,81.0,29.4,0.0,0.0,2.2,1.4,0.0,2.2,26.8,179.6,5.8,9.4,123.0,998.1,998.1,2.7,5.2
2024-06-16 20:40:00+02:00,15.9,15.9,16.2,14.0,89.0,22.0,81.0,21.7,0.0,0.0,2.2,1.4,0.0,2.2,26.8,179.6,5.1,7.6,134.0,998.2,998.2,2.7,5.2
2024-06-16 20:45:00+02:00,15.8,15.8,16.2,14.0,89.0,22.0,81.0,17.4,0.0,0.0,2.2,1.4,0.0,2.2,26.8,179.6,4.2,9.7,132.0,998.4,998.4,2.7,5.2
2024-06-16 20:50:00+02:00,15.7,15.7,16.1,13.9,89.0,21.9,81.0,17.4,0.0,0.0,2.2,1.4,0.0,2.2,26.8,179.6,4.0,8.3,119.0,998.5,998.5,2.7,5.2
2024-06-16 20:55:00+02:00,15.6,15.6,16.1,14.0,90.0,21.9,81.0,16.5,0.0,0.0,2.2,1.4,0.0,2.2,26.8,179.6,3.9,6.1,128.0,998.5,998.5,2.7,5.2
2024-06-16 21:00:00+02:00,15.4,15.4,15.8,13.9,91.0,21.8,81.0,15.1,0.0,0.0,2.2,1.4,0.0,2.2,26.8,179.6,4.7,7.6,131.0,998.5,998.5,2.7,5.2
2024-06-16 21:05:00+02:00,15.4,15.4,15.9,13.8,90.0,21.8,81.0,13.3,0.0,0.0,2.2,1.4,0.0,2.2,26.8,179.6,3.8,9.4,124.0,998.6,998.6,2.7,5.2
2024-06-16 21:10:00+02:00,15.4,15.4,15.6,13.8,90.0,21.8,81.0,11.5,0.0,0.0,2.2,1.4,0.0,2.2,26.8,179.6,5.1,9.0,117.0,998.4,998.4,2.7,5.2
2024-06-16 21:15:00+02:00,15.3,15.3,15.5,13.7,90.0,21.7,81.0,9.6,0.0,0.0,2.2,1.4,0.0,2.2,26.8,179.6,4.7,7.9,125.0,998.6,998.6,2.7,5.2
2024-06-16 21:20:00+02:00,15.3,15.3,15.4,13.7,90.0,21.7,81.0,8.7,0.0,0.0,2.2,1.4,0.0,2.2,26.8,179.6,5.3,9.4,132.0,998.6,998.6,2.7,5.2
2024-06-16 21:25:00+02:00,15.3,15.3,15.3,13.7,90.0,21.6,81.0,7.7,0.0,0.0,2.2,1.4,0.0,2.2,26.8,179.6,5.7,11.9,133.0,998.6,998.6,2.7,5.2
2024-06-16 21:30:00+02:00,15.3,15.3,14.7,13.6,90.0,21.5,81.0,6.4,0.0,0.0,2.2,1.4,0.0,2.2,26.8,179.6,8.6,10.8,131.0,998.7,998.7,2.7,5.2
2024-06-16 21:35:00+02:00,15.2,15.2,15.1,13.5,89.0,21.5,81.0,4.9,0.0,0.0,2.2,1.4,0.0,2.2,26.8,179.6,6.1,10.8,128.0,998.8,998.8,2.7,5.2
2024-06-16 21:40:00+02:00,15.2,15.2,14.9,13.5,89.0,21.4,81.0,3.6,0.0,0.0,2.2,1.4,0.0,2.2,26.8,179.6,6.8,11.9,124.0,998.9,998.9,2.7,5.2
2024-06-16 21:45:00+02:00,15.2,15.2,15.4,13.5,89.0,21.3,81.0,2.4,0.0,0.0,2.2,1.4,0.0,2.2,26.8,179.6,4.5,9.4,130.0,998.9,998.9,2.7,5.2
2024-06-16 21:50:00+02:00,15.1,15.1,15.1,13.4,89.0,21.3,81.0,1.6,0.0,0.0,2.2,1.4,0.0,2.2,26.8,179.6,5.1,9.7,126.0,998.9,998.9,2.7,5.2
2024-06-16 21:55:00+02:00,15.0,15.0,15.5,13.4,90.0,21.3,81.0,1.0,0.0,0.0,2.2,1.4,0.0,2.2,26.8,179.6,3.0,5.8,132.0,999.0,999.0,2.7,5.1
2024-06-16 22:00:00+02:00,14.9,14.9,15.3,13.4,91.0,21.2,81.0,0.6,0.0,0.0,2.2,1.4,0.0,2.2,26.8,179.6,3.2,4.7,125.0,999.1,999.1,2.7,5.1
2024-06-16 22:05:00+02:00,14.8,14.8,15.1,13.3,91.0,21.2,81.0,0.3,0.0,0.0,2.2,1.4,0.0,2.2,26.8,179.6,3.7,5.0,130.0,999.1,999.1,2.7,5.1
2024-06-16 22:10:00+02:00,14.8,14.8,15.3,13.3,91.0,21.2,81.0,0.2,0.0,0.0,2.2,1.4,0.0,2.2,26.8,179.6,2.8,4.3,129.0,999.1,999.1,2.7,5.1
2024-06-16 22:15:00+02:00,14.8,14.8,15.3,13.4,92.0,21.1,81.0,0.2,0.0,0.0,2.2,1.4,0.0,2.2,26.8,179.6,2.5,4.3,125.0,999.1,999.1,2.7,5.1
2024-06-16 22:20:00+02:00,14.6,14.6,15.3,13.3,92.0,21.1,81.0,0.1,0.0,0.0,2.2,1.4,0.0,2.2,26.8,179.6,1.7,2.5,121.0,999.2,999.2,2.7,5.1
2024-06-16 22:25:00+02:00,14.4,14.4,15.3,13.2,93.0,21.0,81.0,0.0,0.0,0.0,2.2,1.4,0.0,2.2,26.8,179.6,0.4,2.5,120.0,999.2,999.2,2.7,5.1
2024-06-16 22:30:00+02:00,14.2,14.2,15.1,13.1,93.0,21.0,81.0,0.0,0.0,0.0,2.2,1.4,0.0,2.2,26.8,179.6,0.4,2.2,124.0,999.2,999.2,2.7,5.1
2024-06-16 22:35:00+02:00,14.2,14.2,14.9,13.2,94.0,20.9,81.0,0.0,0.0,0.0,2.2,1.4,0.0,2.2,26.8,179.6,1.2,4.0,132.0,999.2,999.2,2.7,5.1
2024-06-16 22:40:00+02:00,13.9,13.9,14.7,12.9,94.0,20.8,81.0,0.0,0.0,0.0,2.2,1.4,0.0,2.2,26.8,179.6,0.4,4.0,113.0,999.2,999.2,2.7,5.1
2024-06-16 22:45:00+02:00,13.8,13.8,14.5,12.9,94.0,20.8,81.0,0.0,0.0,0.0,2.2,1.4,0.0,2.2,26.8,179.6,0.8,2.9,118.0,999.2,999.2,2.7,5.1
2024-06-16 22:50:00+02:00,13.7,13.7,14.1,12.9,95.0,20.7,81.0,0.0,0.0,0.0,2.2,1.4,0.0,2.2,26.8,179.6,2.7,4.7,131.0,999.3,999.3,2.7,5.1
2024-06-16 22:55:00+02:00,13.5,13.5,14.1,12.9,96.0,20.7,81.0,0.0,0.0,0.0,2.2,1.4,0.0,2.2,26.8,179.6,1.5,3.2,116.0,999.3,999.3,2.7,5.1
2024-06-16 23:00:00+02:00,13.4,13.4,13.7,12.8,96.0,20.6,81.0,0.0,0.0,0.0,2.2,1.4,0.0,2.2,26.8,179.6,2.8,4.0,127.0,999.4,999.4,2.7,5.1
2024-06-16 23:05:00+02:00,13.3,13.3,13.7,12.7,96.0,20.6,81.0,0.0,0.0,0.0,2.2,1.4,0.0,2.2,26.8,179.6,2.2,3.6,123.0,999.3,999.3,2.7,5.1
2024-06-16 23:10:00+02:00,13.3,13.3,13.7,12.7,96.0,20.5,81.0,0.0,0.0,0.0,2.2,1.4,0.0,2.2,26.8,179.6,2.3,3.2,119.0,999.4,999.4,2.7,5.1
2024-06-16 23:15:00+02:00,13.2,13.2,13.6,12.6,96.0,20.5,81.0,0.0,0.0,0.0,2.2,1.4,0.0,2.2,26.8,179.6,2.2,4.0,129.0,999.4,999.4,2.7,5.1
2024-06-16 23:20:00+02:00,13.2,13.2,13.6,12.8,97.0,20.4,81.0,0.0,0.0,0.0,2.2,1.4,0.0,2.2,26.8,179.6,2.3,3.6,121.0,999.5,999.5,2.7,5.1
2024-06-16 23:25:00+02:00,13.2,13.2,13.5,12.7,97.0,20.3,81.0,0.0,0.0,0.0,2.2,1.4,0.0,2.2,26.8,179.6,2.5,3.6,117.0,999.5,999.5,2.7,5.1
2024-06-16 23:30:00+02:00,13.2,13.2,13.5,12.8,97.0,20.3,81.0,0.0,0.0,0.0,2.2,1.4,0.0,2.2,26.8,179.6,3.0,7.2,117.0,999.5,999.5,2.7,5.1
2024-06-16 23:35:00+02:00,13.3,13.3,13.5,12.9,97.0,20.2,81.0,0.0,0.0,0.0,2.2,1.4,0.0,2.2,26.8,179.6,4.0,7.9,128.0,999.6,999.6,2.7,5.1
2024-06-16 23:40:00+02:00,13.6,13.6,13.7,13.0,96.0,20.2,81.0,0.0,0.0,0.0,2.2,1.4,0.0,2.2,26.8,179.6,4.2,8.6,127.0,999.7,999.7,2.7,5.1
2024-06-16 23:45:00+02:00,13.8,13.8,13.8,12.9,95.0,20.2,81.0,0.0,0.0,0.0,2.2,1.4,0.0,2.2,26.8,179.6,4.5,8.3,132.0,999.6,999.6,2.7,5.0
2024-06-16 23:50:00+02:00,14.1,14.1,14.2,13.0,93.0,20.1,81.0,0.0,0.0,0.0,2.2,1.4,0.0,2.2,26.8,179.6,4.7,10.1,126.0,999.5,999.5,2.7,5.0
2024-06-16 23:55:00+02:00,14.5,14.5,14.3,13.1,91.0,20.0,81.0,0.0,0.0,0.0,2.2,1.4,0.0,2.2,26.8,179.6,6.0,13.0,122.0,999.6,999.6,2.7,5.0
2024-06-17 00:00:00+02:00,14.6,14.6,14.2,13.0,90.0,20.0,81.0,0.0,0.0,0.0,0.0,1.4,0.0,2.2,26.8,179.6,7.0,10.8,132.0,999.6,999.6,2.7,5.0
2024-06-17 00:05:00+02:00,14.7,14.7,14.3,13.1,90.0,19.9,81.0,0.0,0.0,0.0,0.0,1.4,0.0,2.2,26.8,179.6,7.0,10.4,129.0,999.7,999.7,2.7,5.0
2024-06-17 00:10:00+02:00,14.7,14.7,14.6,13.1,90.0,19.9,81.0,0.0,0.0,0.6,0.1,1.5,0.1,2.3,26.9,179.7,5.3,13.3,126.0,999.7,999.7,2.7,5.0
2024-06-17 00:15:00+02:00,14.7,14.7,14.5,13.1,90.0,19.9,81.0,0.0,0.0,0.6,0.1,1.5,0.1,2.3,26.9,179.7,5.8,10.8,134.0,999.7,999.7,2.7,5.0
2024-06-17 00:20:00+02:00,14.7,14.7,14.3,13.1,90.0,19.8,81.0,0.0,0.0,0.6,0.2,1.6,0.2,2.4,27.0,179.8,6.9,15.5,124.0,999.7,999.7,2.7,5.0
2024-06-17 00:25:00+02:00,14.7,14.7,14.1,13.1,90.0,19.8,82.0,0.0,0.0,1.2,0.3,1.7,0.3,2.5,27.1,179.9,8.1,13.0,124.0,999.8,999.8,2.7,5.0
2024-06-17 00:30:00+02:00,14.7,14.7,14.3,13.2,90.0,19.8,82.0,0.0,0.0,1.2,0.3,1.7,0.3,2.5,27.1,179.9,7.2,13.0,124.0,999.8,999.8,2.7,5.0
2024-06-17 00:35:00+02:00,14.7,14.7,14.3,13.2,91.0,19.8,82.0,0.0,0.0,0.0,0.3,1.7,0.3,2.5,27.1,179.9,7.0,12.2,131.0,999.8,999.8,2.7,4.9
2024-06-17 00:40:00+02:00,14.6,14.6,13.9,13.2,91.0,19.7,82.0,0.0,0.0,0.0,0.3,1.7,0.3,2.5,27.1,179.9,8.8,15.1,132.0,999.8,999.8,2.7,4.9
2024-06-17 00:45:00+02:00,14.7,14.7,14.0,13.2,90.0,19.7,82.0,0.0,0.0,0.0,0.3,1.7,0.3,2.5,27.1,179.9,8.5,13.3,124.0,999.9,999.9,2.7,4.9
2024-06-17 00:50:00+02:00,14.7,14.7,14.5,13.2,91.0,19.7,82.0,0.0,0.0,0.0,0.3,1.7,0.3,2.5,27.1,179.9,6.1,11.9,132.0,999.8,999.8,2.7,4.9
2024-06-17 00:55:00+02:00,14.6,14.6,14.2,13.2,91.0,19.6,82.0,0.0,0.0,0.0,0.3,1.7,0.3,2.5,27.1,179.9,7.0,11.9,127.0,999.9,999.9,2.7,4.9
2024-06-17 01:00:00+02:00,14.6,14.6,14.1,13.2,91.0,19.6,82.0,0.0,0.0,0.0,0.3,1.7,0.3,2.5,27.1,179.9,7.8,14.8,128.0,1000.0,1000.0,2.7,4.9
2024-06-17 01:05:00+02:00,14.7,14.7,14.3,13.3,91.0,19.6,82.0,0.0,0.0,0.0,0.3,1.7,0.3,2.5,27.1,179.9,7.1,15.1,128.0,1000.0,1000.0,2.7,4.9
2024-06-17 01:10:00+02:00,14.7,14.7,14.3,13.3,91.0,19.6,82.0,0.0,0.0,0.0,0.3,1.7,0.2,2.5,27.1,179.9,7.5,13.3,140.0,1000.1,1000.1,2.7,4.9
2024-06-17 01:15:00+02:00,14.8,14.8,14.7,13.3,91.0,19.6,82.0,0.0,0.0,0.0,0.3,1.7,0.2,2.5,27.1,179.9,5.5,14.0,125.0,1000.0,1000.0,2.7,4.9
2024-06-17 01:20:00+02:00,14.8,14.8,14.5,13.3,91.0,19.6,82.0,0.0,0.0,0.0,0.3,1.7,0.0,2.5,27.1,179.9,6.4,10.1,142.0,1000.1,1000.1,2.7,4.9
2024-06-17 01:25:00+02:00,14.8,14.8,14.7,13.3,91.0,19.5,82.0,0.0,0.0,0.0,0.3,1.7,0.0,2.5,27.1,179.9,5.8,10.4,121.0,1000.1,1000.1,2.7,4.9
2024-06-17 01:30:00+02:00,14.7,14.7,14.8,13.3,91.0,19.5,82.0,0.0,0.0,0.0,0.3,1.7,0.0,2.5,27.1,179.9,4.8,10.4,133.0,1000.1,1000.1,2.7,4.9
2024-06-17 01:35:00+02:00,14.7,14.7,14.6,13.3,91.0,19.5,82.0,0.0,0.0,0.0,0.3,1.7,0.0,2.5,27.1,179.9,5.9,11.2,117.0,1000.2,1000.2,2.7,4.9
2024-06-17 01:40:00+02:00,14.7,14.7,14.7,13.2,91.0,19.5,82.0,0.0,0.0,0.6,0.4,1.8,0.1,2.6,27.2,180.0,4.8,11.2,118.0,1000.2,1000.2,2.7,4.9
2024-06-17 01:45:00+02:00,14.5,14.5,14.8,13.0,91.0,19.5,82.0,0.0,0.0,0.6,0.4,1.8,0.1,2.6,27.2,180.0,3.3,5.4,121.0,1000.0,1000.0,2.7,4.8
2024-06-17 01:50:00+02:00,14.4,14.4,14.4,13.0,91.0,19.4,82.0,0.0,0.0,0.6,0.4,1.8,0.1,2.6,27.2,180.0,5.0,6.8,116.0,999.9,999.9,2.7,4.8
2024-06-17 01:55:00+02:00,14.4,14.4,14.4,13.1,92.0,19.4,82.0,0.0,0.0,0.0,0.4,1.8,0.1,2.6,27.2,180.0,5.3,7.9,115.0,1000.0,1000.0,2.7,4.8
2024-06-17 02:00:00+02:00,14.5,14.5,14.9,13.3,93.0,19.4,82.0,0.0,0.0,0.0,0.4,1.8,0.1,2.6,27.2,180.0,3.4,7.6,110.0,1000.0,1000.0,2.7,4.8
2024-06-17 02:05:00+02:00,14.4,14.4,14.7,13.4,94.0,19.4,82.0,0.0,0.0,0.0,0.4,1.8,0.1,2.6,27.2,180.0,3.8,6.5,129.0,999.9,999.9,2.7,4.8
2024-06-17 02:10:00+02:00,14.3,14.3,14.4,13.3,94.0,19.3,82.0,0.0,0.0,0.0,0.4,1.8,0.1,2.6,27.2,180.0,4.8,9.0,122.0,999.9,999.9,2.7,4.8
2024-06-17 02:15:00+02:00,14.4,14.4,14.4,13.3,93.0,19.3,82.0,0.0,0.0,0.0,0.4,1.8,0.1,2.6,27.2,180.0,5.3,10.1,121.0,999.9,999.9,2.7,4.8
2024-06-17 02:20:00+02:00,14.5,14.5,14.5,13.3,92.0,19.3,82.0,0.0,0.0,0.0,0.4,1.8,0.1,2.6,27.2,180.0,5.5,9.4,120.0,999.9,999.9,2.7,4.8
2024-06-17 02:25:00+02:00,14.5,14.5,14.7,13.3,93.0,19.3,82.0,0.0,0.0,0.0,0.4,1.8,0.1,2.6,27.2,180.0,4.5,8.3,137.0,1000.0,1000.0,2.7,4.8
2024-06-17 02:30:00+02:00,14.5,14.5,14.5,13.4,93.0,19.3,82.0,0.0,0.0,0.0,0.4,1.8,0.1,2.6,27.2,180.0,5.3,9.4,125.0,999.8,999.8,2.7,4.8
2024-06-17 02:35:00+02:00,14.5,14.5,14.4,13.3,92.0,19.3,82.0,0.0,0.0,0.0,0.4,1.8,0.1,2.6,27.2,180.0,6.0,11.5,125.0,999.9,999.9,2.7,4.8
2024-06-17 02:40:00+02:00,14.6,14.6,14.5,13.3,92.0,19.3,82.0,0.0,0.0,0.0,0.4,1.8,0.0,2.6,27.2,180.0,6.0,8.3,123.0,999.8,999.8,2.7,4.8
2024-06-17 02:45:00+02:00,14.5,14.5,14.9,13.4,93.0,19.3,82.0,0.0,0.0,0.0,0.4,1.8,0.0,2.6,27.2,180.0,3.6,8.3,144.0,999.9,999.9,2.7,4.8
2024-06-17 02:50:00+02:00,14.5,14.5,14.8,13.4,93.0,19.2,82.0,0.0,0.0,0.0,0.4,1.8,0.0,2.6,27.2,180.0,4.1,7.2,132.0,999.8,999.8,2.7,4.8
2024-06-17 02:55:00+02:00,14.5,14.5,14.9,13.4,93.0,19.2,83.0,0.0,0.0,0.0,0.4,1.8,0.0,2.6,27.2,180.0,3.5,6.1,119.0,999.8,999.8,2.7,4.8
2024-06-17 03:00:00+02:00,14.4,14.4,14.9,13.3,93.0,19.2,82.0,0.0,0.0,0.0,0.4,1.8,0.0,2.6,27.2,180.0,3.0,5.4,133.0,999.9,999.9,2.7,4.8
2024-06-17 03:05:00+02:00,14.4,14.4,14.8,13.3,93.0,19.2,83.0,0.0,0.0,0.0,0.4,1.8,0.0,2.6,27.2,180.0,3.1,5.8,117.0,999.8,999.8,2.7,4.7
2024-06-17 03:10:00+02:00,14.4,14.4,14.8,13.3,93.0,19.2,83.0,0.0,0.0,0.0,0.4,1.8,0.0,2.6,27.2,180.0,3.1,5.0,125.0,999.8,999.8,2.7,4.7
2024-06-17 03:15:00+02:00,14.3,14.3,14.8,13.3,94.0,19.2,82.0,0.0,0.0,0.0,0.4,1.8,0.0,2.6,27.2,180.0,3.0,6.1,139.0,999.8,999.8,2.7,4.7
2024-06-17 03:20:00+02:00,14.3,14.3,14.6,13.2,93.0,19.2,82.0,0.0,0.0,0.0,0.4,1.8,0.0,2.6,27.2,180.0,3.9,9.0,135.0,999.8,999.8,2.7,4.7
2024-06-17 03:25:00+02:00,14.4,14.4,14.4,13.3,93.0,19.1,82.0,0.0,0.0,0.0,0.4,1.8,0.0,2.6,27.2,180.0,5.4,9.0,123.0,999.8,999.8,2.7,4.7
2024-06-17 03:30:00+02:00,14.5,14.5,14.6,13.3,93.0,19.1,82.0,0.0,0.0,0.0,0.4,1.8,0.0,2.6,27.2,180.0,4.7,9.7,132.0,999.7,999.7,2.7,4.7
2024-06-17 03:35:00+02:00,14.5,14.5,14.5,13.2,92.0,19.1,83.0,0.0,0.0,0.0,0.4,1.8,0.0,2.6,27.2,180.0,5.0,7.2,128.0,999.8,999.8,2.7,4.7
2024-06-17 03:40:00+02:00,14.5,14.5,14.4,13.2,92.0,19.1,83.0,0.0,0.0,0.0,0.4,1.8,0.0,2.6,27.2,180.0,5.7,9.7,133.0,999.8,999.8,2.7,4.7
2024-06-17 03:45:00+02:00,14.6,14.6,14.6,13.3,92.0,19.1,83.0,0.0,0.0,0.0,0.4,1.8,0.0,2.6,27.2,180.0,5.4,9.4,126.0,999.9,999.9,2.7,4.7
2024-06-17 03:50:00+02:00,14.6,14.6,14.4,13.3,92.0,19.1,83.0,0.0,0.0,0.0,0.4,1.8,0.0,2.6,27.2,180.0,6.0,9.4,131.0,999.8,999.8,2.7,4.7
2024-06-17 03:55:00+02:00,14.7,14.7,14.4,13.3,91.0,19.1,83.0,0.0,0.0,0.0,0.4,1.8,0.0,2.6,27.2,180.0,6.8,13.7,127.0,999.8,999.8,2.7,4.7
2024-06-17 04:00:00+02:00,14.7,14.7,14.5,13.3,91.0,19.1,83.0,0.0,0.0,0.0,0.4,1.8,0.0,2.6,27.2,180.0,6.3,11.5,125.0,999.9,999.9,2.7,4.7
2024-06-17 04:05:00+02:00,14.7,14.7,14.6,13.3,91.0,19.0,83.0,0.0,0.0,0.0,0.4,1.8,0.0,2.6,27.2,180.0,5.8,10.1,121.0,999.9,999.9,2.7,4.7
2024-06-17 04:10:00+02:00,14.7,14.7,14.6,13.2,91.0,19.0,83.0,0.0,0.0,0.0,0.4,1.8,0.0,2.6,27.2,180.0,5.3,7.6,135.0,999.9,999.9,2.7,4.7
2024-06-17 04:15:00+02:00,14.6,14.6,14.6,13.2,91.0,19.0,83.0,0.0,0.0,0.0,0.4,1.8,0.0,2.6,27.2,180.0,5.0,8.3,130.0,999.8,999.8,2.7,4.7
2024-06-17 04:20:00+02:00,14.5,14.5,14.6,13.2,92.0,19.0,83.0,0.0,0.0,0.0,0.4,1.8,0.0,2.6,27.2,180.0,4.8,6.5,125.0,999.8,999.8,2.7,4.7
2024-06-17 04:25:00+02:00,14.5,14.5,14.7,13.2,92.0,19.0,83.0,0.0,0.0,0.0,0.4,1.8,0.0,2.6,27.2,180.0,4.0,8.3,134.0,1000.0,1000.0,2.7,4.7
2024-06-17 04:30:00+02:00,14.4,14.4,14.7,13.1,92.0,19.0,83.0,0.0,0.0,0.0,0.4,1.8,0.0,2.6,27.2,180.0,3.5,6.1,140.0,1000.0,1000.0,2.7,4.7
2024-06-17 04:35:00+02:00,14.4,14.4,14.7,13.1,92.0,19.0,83.0,0.0,0.0,0.0,0.4,1.8,0.0,2.6,27.2,180.0,3.3,7.2,135.0,1000.0,1000.0,2.7,4.7
2024-06-17 04:40:00+02:00,14.2,14.2,14.4,13.0,92.0,18.9,83.0,0.1,0.0,0.0,0.4,1.8,0.0,2.6,27.2,180.0,4.0,7.6,130.0,999.8,999.8,2.7,4.7
2024-06-17 04:45:00+02:00,14.2,14.2,14.4,13.1,93.0,18.9,83.0,0.2,0.0,0.0,0.4,1.8,0.0,2.6,27.2,180.0,3.9,6.5,133.0,1000.0,1000.0,2.7,4.7
2024-06-17 04:50:00+02:00,14.2,14.2,14.3,13.0,92.0,18.9,83.0,0.3,0.0,0.0,0.4,1.8,0.0,2.6,27.2,180.0,4.1,6.8,128.0,1000.1,1000.1,2.7,4.7
2024-06-17 04:55:00+02:00,14.2,14.2,14.3,13.1,93.0,18.9,83.0,0.6,0.0,0.0,0.4,1.8,0.0,2.6,27.2,180.0,4.3,7.9,130.0,1000.1,1000.1,2.7,4.6
2024-06-17 05:00:00+02:00,14.2,14.2,14.3,13.1,93.0,18.9,83.0,1.0,0.0,0.0,0.4,1.8,0.0,2.6,27.2,180.0,4.4,8.3,122.0,1000.1,1000.1,2.7,4.6
2024-06-17 05:05:00+02:00,14.2,14.2,14.3,13.1,93.0,18.8,83.0,1.6,0.0,0.0,0.4,1.8,0.0,2.6,27.2,180.0,4.7,8.3,121.0,1000.1,1000.1,2.7,4.6
2024-06-17 05:10:00+02:00,14.1,14.1,14.5,13.0,93.0,18.8,83.0,2.1,0.0,0.0,0.4,1.8,0.0,2.6,27.2,180.0,2.8,7.2,125.0,1000.1,1000.1,2.7,4.6
2024-06-17 05:15:00+02:00,14.1,14.1,14.2,13.0,93.0,18.8,83.0,2.8,0.0,0.0,0.4,1.8,0.0,2.6,27.2,180.0,3.8,7.9,125.0,1000.1,1000.1,2.7,4.6
2024-06-17 05:20:00+02:00,14.1,14.1,14.3,13.0,93.0,18.8,83.0,3.8,0.0,0.0,0.4,1.8,0.0,2.6,27.2,180.0,3.6,9.4,122.0,1000.1,1000.1,2.7,4.6
2024-06-17 05:25:00+02:00,14.0,14.0,13.9,12.8,93.0,18.8,83.0,5.0,0.0,0.0,0.4,1.8,0.0,2.6,27.2,180.0,4.7,7.6,121.0,1000.1,1000.1,2.7,4.6
2024-06-17 05:30:00+02:00,13.9,13.9,14.0,12.8,93.0,18.7,83.0,7.0,0.0,0.0,0.4,1.8,0.0,2.6,27.2,180.0,3.7,5.8,125.0,1000.2,1000.2,2.7,4.6
2024-06-17 05:35:00+02:00,13.9,13.9,14.0,12.8,93.0,18.7,83.0,8.8,0.0,0.0,0.4,1.8,0.0,2.6,27.2,180.0,3.8,6.8,135.0,1000.2,1000.2,2.7,4.6
2024-06-17 05:40:00+02:00,14.0,14.0,14.0,12.9,93.0,18.7,83.0,12.2,0.0,0.0,0.4,1.8,0.0,2.6,27.2,180.0,4.6,8.3,128.0,1000.2,1000.2,2.7,4.6
2024-06-17 05:45:00+02:00,14.1,14.1,14.0,13.0,93.0,18.7,83.0,12.9,0.0,0.0,0.4,1.8,0.0,2.6,27.2,180.0,5.1,8.3,127.0,1000.3,1000.3,2.7,4.6
2024-06-17 05:50:00+02:00,14.2,14.2,14.1,13.1,93.0,18.7,83.0,17.9,0.0,0.0,0.4,1.8,0.0,2.6,27.2,180.0,5.5,10.8,126.0,1000.2,1000.2,2.7,4.6
2024-06-17 05:55:00+02:00,14.3,14.3,13.9,13.0,92.0,18.6,83.0,22.0,0.0,0.0,0.4,1.8,0.0,2.6,27.2,180.0,6.7,12.6,127.0,1000.3,1000.3,2.7,4.6
2024-06-17 06:00:00+02:00,14.4,14.4,14.3,13.1,92.0,18.6,83.0,27.3,0.0,0.0,0.4,1.8,0.0,2.6,27.2,180.0,5.5,12.6,127.0,1000.1,1000.1,2.7,4.6
2024-06-17 06:05:00+02:00,14.4,14.4,14.1,13.1,92.0,18.6,83.0,31.1,0.0,0.0,0.4,1.8,0.0,2.6,27.2,180.0,6.8,10.1,119.0,1000.1,1000.1,2.7,4.6
2024-06-17 06:10:00+02:00,14.6,14.6,14.3,13.2,91.0,18.6,83.0,32.7,0.0,0.0,0.4,1.8,0.0,2.6,27.2,180.0,6.3,10.1,130.0,1000.1,1000.1,2.7,4.6
2024-06-17 06:15:00+02:00,14.7,14.7,14.6,13.3,92.0,18.6,83.0,35.8,0.0,0.0,0.4,1.8,0.0,2.6,27.2,180.0,5.6,8.3,123.0,1000.2,1000.2,2.7,4.6
2024-06-17 06:20:00+02:00,14.7,14.7,14.8,13.3,91.0,18.6,83.0,39.3,0.0,0.0,0.4,1.8,0.0,2.6,27.2,180.0,5.1,10.1,125.0,1000.2,1000.2,2.7,4.6
2024-06-17 06:25:00+02:00,14.8,14.8,14.4,13.3,91.0,18.6,83.0,32.4,0.0,0.0,0.4,1.8,0.0,2.6,27.2,180.0,7.4,11.9,126.0,1000.2,1000.2,2.7,4.6
2024-06-17 06:30:00+02:00,14.8,14.8,14.6,13.3,91.0,18.6,83.0,31.5,0.0,0.0,0.4,1.8,0.0,2.6,27.2,180.0,6.4,11.9,116.0,1000.3,1000.3,2.7,4.6
2024-06-17 06:35:00+02:00,14.8,14.8,14.6,13.4,91.0,18.6,83.0,32.8,0.0,0.0,0.4,1.8,0.0,2.6,27.2,180.0,6.4,9.0,117.0,1000.1,1000.1,2.7,4.6
2024-06-17 06:40:00+02:00,14.9,14.9,15.1,13.4,91.0,18.6,83.0,32.7,0.0,0.0,0.4,1.8,0.0,2.6,27.2,180.0,4.5,7.9,125.0,1000.1,1000.1,2.7,4.6
2024-06-17 06:45:00+02:00,14.8,14.8,14.6,13.3,90.0,18.6,83.0,40.2,0.0,0.0,0.4,1.8,0.0,2.6,27.2,180.0,6.8,11.9,128.0,1000.2,1000.2,2.7,4.6
2024-06-17 06:50:00+02:00,15.0,15.0,14.9,13.4,90.0,18.6,83.0,49.2,0.0,0.0,0.4,1.8,0.0,2.6,27.2,180.0,5.6,10.1,125.0,1000.1,1000.1,2.7,4.6
2024-06-17 06:55:00+02:00,15.0,15.0,14.8,13.4,90.0,18.7,83.0,51.0,0.0,0.0,0.4,1.8,0.0,2.6,27.2,180.0,6.4,10.1,129.0,1000.2,1000.2,2.7,4.6
2024-06-17 07:00:00+02:00,15.1,15.1,14.7,13.4,90.0,18.7,83.0,52.8,0.0,0.0,0.4,1.8,0.0,2.6,27.2,180.0,7.3,10.4,125.0,1000.2,1000.2,2.7,4.6
2024-06-17 07:05:00+02:00,15.2,15.2,14.7,13.5,90.0,18.7,83.0,65.7,0.0,0.0,0.4,1.8,0.0,2.6,27.2,180.0,7.6,11.9,125.0,1000.4,1000.4,2.7,4.7
2024-06-17 07:10:00+02:00,15.2,15.2,15.2,13.6,90.0,18.7,84.0,68.6,0.0,0.0,0.4,1.8,0.0,2.6,27.2,180.0,5.9,12.2,125.0,1000.5,1000.5,2.7,4.7
2024-06-17 07:15:00+02:00,15.2,15.2,15.0,13.5,89.0,18.7,84.0,68.5,0.0,0.0,0.4,1.8,0.0,2.6,27.2,180.0,6.7,11.2,118.0,1000.5,1000.5,2.7,4.7
2024-06-17 07:20:00+02:00,15.3,15.3,15.0,13.5,89.0,18.7,84.0,77.3,0.0,0.0,0.4,1.8,0.0,2.6,27.2,180.0,7.0,9.7,123.0,1000.5,1000.5,2.7,4.7
2024-06-17 07:25:00+02:00,15.3,15.3,15.0,13.5,89.0,18.8,84.0,78.7,0.0,0.0,0.4,1.8,0.0,2.6,27.2,180.0,7.4,9.7,124.0,1000.5,1000.5,2.7,4.7
2024-06-17 07:30:00+02:00,15.4,15.4,15.1,13.6,89.0,18.8,84.0,78.5,0.0,0.0,0.4,1.8,0.0,2.6,27.2,180.0,7.5,11.9,123.0,1000.7,1000.7,2.7,4.7
2024-06-17 07:35:00+02:00,15.4,15.4,15.0,13.7,89.0,18.8,84.0,92.7,0.0,0.0,0.4,1.8,0.0,2.6,27.2,180.0,8.0,11.9,123.0,1000.7,1000.7,2.7,4.7
2024-06-17 07:40:00+02:00,15.6,15.6,15.4,13.7,89.0,18.9,84.0,93.0,0.0,0.0,0.4,1.8,0.0,2.6,27.2,180.0,6.8,10.4,122.0,1000.9,1000.9,2.7,4.7
2024-06-17 07:45:00+02:00,15.7,15.7,15.5,13.8,88.0,18.9,84.0,91.7,0.0,0.0,0.4,1.8,0.0,2.6,27.2,180.0,7.3,11.2,121.0,1000.8,1000.8,2.7,4.8
2024-06-17 07:50:00+02:00,15.8,15.8,15.9,13.8,88.0,19.0,84.0,88.1,0.0,0.0,0.4,1.8,0.0,2.6,27.2,180.0,5.5,11.2,126.0,1000.9,1000.9,2.7,4.8
2024-06-17 07:55:00+02:00,15.8,15.8,15.5,13.8,88.0,19.0,84.0,117.6,1.0,0.0,0.4,1.8,0.0,2.6,27.2,180.0,7.9,13.7,132.0,1001.0,1001.0,2.7,4.8
2024-06-17 08:00:00+02:00,16.0,16.0,15.4,13.9,87.0,19.1,84.0,156.8,1.0,0.0,0.4,1.8,0.0,2.6,27.2,180.0,9.4,13.3,118.0,1000.9,1000.9,2.7,4.8
2024-06-17 08:05:00+02:00,16.3,16.3,15.9,14.1,87.0,19.2,84.0,166.1,1.0,0.0,0.4,1.8,0.0,2.6,27.2,180.0,8.5,14.4,130.0,1001.0,1001.0,2.7,4.9
2024-06-17 08:10:00+02:00,16.4,16.4,15.6,14.0,85.0,19.2,84.0,167.7,1.0,0.0,0.4,1.8,0.0,2.6,27.2,180.0,10.4,18.4,121.0,1000.9,1000.9,2.7,4.9
2024-06-17 08:15:00+02:00,16.5,16.5,15.9,14.0,85.0,19.3,85.0,161.6,1.0,0.0,0.4,1.8,0.0,2.6,27.2,180.0,9.8,15.5,121.0,1001.0,1001.0,2.7,4.9
2024-06-17 08:20:00+02:00,16.6,16.6,16.4,14.0,85.0,19.3,85.0,167.2,1.0,0.0,0.4,1.8,0.0,2.6,27.2,180.0,7.3,15.5,124.0,1001.0,1001.0,2.7,4.9
2024-06-17 08:25:00+02:00,16.6,16.6,16.3,13.9,84.0,19.4,85.0,189.0,1.0,0.0,0.4,1.8,0.0,2.6,27.2,180.0,8.1,15.1,121.0,1001.0,1001.0,2.7,5.0
2024-06-17 08:30:00+02:00,16.6,16.6,16.0,13.8,84.0,19.5,85.0,200.6,1.0,0.0,0.4,1.8,0.0,2.6,27.2,180.0,8.9,16.6,126.0,1001.0,1001.0,2.7,5.0
2024-06-17 08:35:00+02:00,16.8,16.8,16.9,14.1,84.0,19.7,85.0,176.9,1.0,0.0,0.4,1.8,0.0,2.6,27.2,180.0,6.3,16.9,130.0,1001.0,1001.0,2.7,5.1
2024-06-17 08:40:00+02:00,17.0,17.0,18.0,14.2,84.0,19.7,85.0,282.2,2.0,0.0,0.4,1.8,0.0,2.6,27.2,180.0,1.6,9.7,102.0,1001.1,1001.1,2.7,5.1
2024-06-17 08:45:00+02:00,17.4,17.4,18.0,14.1,81.0,19.8,85.0,284.0,2.0,0.0,0.4,1.8,0.0,2.6,27.2,180.0,3.4,9.7,112.0,1001.1,1001.1,2.7,5.1
2024-06-17 08:50:00+02:00,17.7,17.7,18.0,14.3,81.0,19.9,85.0,273.5,2.0,0.0,0.4,1.8,0.0,2.6,27.2,180.0,5.5,13.3,117.0,1001.1,1001.1,2.7,5.1
2024-06-17 08:55:00+02:00,17.3,17.3,17.3,14.0,81.0,20.1,85.0,318.1,2.0,0.0,0.4,1.8,0.0,2.6,27.2,180.0,6.3,12.6,122.0,1001.1,1001.1,2.7,5.2
2024-06-17 09:00:00+02:00,17.3,17.3,17.0,14.1,81.0,20.2,86.0,284.4,2.0,0.0,0.4,1.8,0.0,2.6,27.2,180.0,7.8,15.1,128.0,1001.2,1001.2,2.7,5.2
2024-06-17 09:05:00+02:00,17.5,17.5,17.3,14.2,81.0,20.3,86.0,354.2,3.0,0.0,0.4,1.8,0.0,2.6,27.2,180.0,7.6,15.1,120.0,1001.3,1001.3,2.7,5.2
2024-06-17 09:10:00+02:00,17.3,17.3,17.0,14.0,81.0,20.5,86.0,429.0,3.0,0.0,0.4,1.8,0.0,2.6,27.2,180.0,8.3,17.3,124.0,1001.2,1001.2,2.7,5.2
2024-06-17 09:15:00+02:00,17.8,17.8,17.8,14.4,81.0,20.7,86.0,450.6,4.0,0.0,0.4,1.8,0.0,2.6,27.2,180.0,7.4,13.7,120.0,1001.3,1001.3,2.7,5.2
2024-06-17 09:20:00+02:00,17.8,17.8,18.4,14.4,80.0,20.8,86.0,175.9,1.0,0.0,0.4,1.8,0.0,2.6,27.2,180.0,4.3,10.8,119.0,1001.3,1001.3,2.7,5.2
2024-06-17 09:25:00+02:00,17.7,17.7,18.0,14.2,80.0,21.0,86.0,387.9,3.0,0.0,0.4,1.8,0.0,2.6,27.2,180.0,5.2,10.1,120.0,1001.3,1001.3,2.7,5.2
2024-06-17 09:30:00+02:00,18.0,18.0,18.8,14.4,79.0,21.2,86.0,678.5,6.0,0.0,0.4,1.8,0.0,2.6,27.2,180.0,3.1,10.1,128.0,1001.3,1001.3,2.7,5.2
2024-06-17 09:35:00+02:00,17.9,17.9,17.6,14.1,78.0,21.3,85.0,471.3,4.0,0.0,0.4,1.8,0.0,2.6,27.2,180.0,8.4,17.3,126.0,1001.2,1001.2,2.7,5.2
2024-06-17 09:40:00+02:00,17.9,17.9,17.2,14.0,78.0,21.5,85.0,785.7,7.0,0.0,0.4,1.8,0.0,2.6,27.2,180.0,9.9,18.4,117.0,1001.2,1001.2,2.7,5.2
2024-06-17 09:45:00+02:00,18.0,18.0,18.3,14.0,78.0,21.6,86.0,486.9,4.0,0.0,0.4,1.8,0.0,2.6,27.2,180.0,5.1,18.4,115.0,1001.2,1001.2,2.7,5.2
2024-06-17 09:50:00+02:00,18.0,18.0,18.5,14.0,77.0,21.7,85.0,183.6,1.0,0.0,0.4,1.8,0.0,2.6,27.2,180.0,3.7,9.7,138.0,1001.3,1001.3,2.7,5.2
2024-06-17 09:55:00+02:00,18.4,18.4,19.0,14.2,77.0,21.8,85.0,647.3,6.0,0.0,0.4,1.8,0.0,2.6,27.2,180.0,3.7,8.3,136.0,1001.3,1001.3,2.7,5.2
2024-06-17 10:00:00+02:00,18.7,18.7,19.5,14.1,74.0,22.0,85.0,219.7,2.0,0.0,0.4,1.8,0.0,2.6,27.2,180.0,2.8,10.1,175.0,1001.3,1001.3,2.7,5.2
2024-06-17 10:05:00+02:00,19.0,19.0,19.4,14.0,73.0,22.1,85.0,197.6,1.0,0.0,0.4,1.8,0.0,2.6,27.2,180.0,4.3,7.9,177.0,1001.3,1001.3,2.7,5.2
2024-06-17 10:10:00+02:00,19.0,19.0,19.4,14.1,73.0,22.2,85.0,259.9,2.0,0.0,0.4,1.8,0.0,2.6,27.2,180.0,4.2,8.6,139.0,1001.3,1001.3,2.7,5.2
2024-06-17 10:15:00+02:00,18.7,18.7,19.1,14.0,74.0,22.3,85.0,657.9,6.0,0.0,0.4,1.8,0.0,2.6,27.2,180.0,4.1,13.0,132.0,1001.3,1001.3,2.7,5.2
2024-06-17 10:20:00+02:00,19.3,19.3,20.1,14.1,72.0,22.3,84.0,684.6,6.0,0.0,0.4,1.8,0.0,2.6,27.2,180.0,2.7,5.8,266.0,1001.3,1001.3,2.7,5.2
2024-06-17 10:25:00+02:00,19.4,19.4,19.8,14.2,72.0,22.5,84.0,458.2,4.0,0.0,0.4,1.8,0.0,2.6,27.2,180.0,4.8,10.4,130.0,1001.3,1001.3,2.7,5.2
2024-06-17 10:30:00+02:00,19.2,19.2,19.7,14.3,73.0,22.6,84.0,620.8,5.0,0.0,0.4,1.8,0.0,2.6,27.2,180.0,4.2,7.9,115.0,1001.3,1001.3,2.7,5.2
2024-06-17 10:35:00+02:00,19.8,19.8,20.1,14.3,70.0,22.8,84.0,490.1,4.0,0.0,0.4,1.8,0.0,2.6,27.2,180.0,5.5,9.0,94.0,1001.3,1001.3,2.7,5.2
2024-06-17 10:40:00+02:00,19.7,19.7,20.0,14.0,69.0,22.9,84.0,672.1,6.0,0.0,0.4,1.8,0.0,2.6,27.2,180.0,5.0,11.9,125.0,1001.4,1001.4,2.7,5.2
2024-06-17 10:45:00+02:00,19.6,19.6,19.7,14.0,70.0,23.1,83.0,288.8,2.0,0.0,0.4,1.8,0.0,2.6,27.2,180.0,6.2,13.7,129.0,1001.4,1001.4,2.7,5.3
2024-06-17 10:50:00+02:00,19.6,19.6,20.3,14.0,70.0,23.2,83.0,211.5,1.0,0.0,0.4,1.8,0.0,2.6,27.2,180.0,2.7,10.4,99.0,1001.5,1001.5,2.7,5.3
2024-06-17 10:55:00+02:00,19.8,19.8,20.0,13.8,68.0,23.3,83.0,163.8,1.0,0.0,0.4,1.8,0.0,2.6,27.2,180.0,5.1,8.3,116.0,1001.4,1001.4,2.7,5.3
2024-06-17 11:00:00+02:00,19.5,19.5,19.8,13.7,69.0,23.5,83.0,655.1,6.0,0.0,0.4,1.8,0.0,2.6,27.2,180.0,4.2,10.8,121.0,1001.5,1001.5,2.7,5.3
2024-06-17 11:05:00+02:00,19.9,19.9,19.7,14.1,69.0,23.6,83.0,478.4,4.0,0.0,0.4,1.8,0.0,2.6,27.2,180.0,7.5,18.7,143.0,1001.5,1001.5,2.7,5.3
2024-06-17 11:10:00+02:00,19.9,19.9,20.0,13.9,68.0,23.7,82.0,491.3,4.0,0.0,0.4,1.8,0.0,2.6,27.2,180.0,6.2,16.6,130.0,1001.5,1001.5,2.7,5.3
2024-06-17 11:15:00+02:00,19.8,19.8,20.1,13.9,69.0,23.8,82.0,317.1,2.0,0.0,0.4,1.8,0.0,2.6,27.2,180.0,4.9,13.3,162.0,1001.5,1001.5,2.7,5.3
2024-06-17 11:20:00+02:00,19.8,19.8,20.6,14.1,70.0,23.9,82.0,143.0,1.0,0.0,0.4,1.8,0.0,2.6,27.2,180.0,2.5,9.0,102.0,1001.6,1001.6,2.7,5.3
2024-06-17 11:25:00+02:00,19.5,19.5,19.9,13.8,70.0,24.0,82.0,203.9,1.0,0.0,0.4,1.8,0.0,2.6,27.2,180.0,4.2,7.6,127.0,1001.7,1001.7,2.7,5.3
2024-06-17 11:30:00+02:00,19.7,19.7,20.5,13.8,69.0,24.1,82.0,146.8,1.0,0.0,0.4,1.8,0.0,2.6,27.2,180.0,1.9,6.1,254.0,1001.7,1001.7,2.7,5.3
2024-06-17 11:35:00+02:00,19.8,19.8,19.9,13.9,69.0,24.2,82.0,176.6,1.0,0.0,0.4,1.8,0.0,2.6,27.2,180.0,5.8,10.8,129.0,1001.7,1001.7,2.7,5.3
2024-06-17 11:40:00+02:00,19.5,19.5,20.0,14.0,71.0,24.2,82.0,779.5,7.0,0.0,0.4,1.8,0.0,2.6,27.2,180.0,4.0,9.7,123.0,1001.7,1001.7,2.7,5.3
2024-06-17 11:45:00+02:00,20.4,20.4,20.7,14.2,68.0,24.3,81.0,750.0,6.0,0.0,0.4,1.8,0.0,2.6,27.2,180.0,5.1,16.9,138.0,1001.7,1001.7,2.7,5.3
2024-06-17 11:50:00+02:00,20.4,20.4,20.1,13.9,66.0,24.4,81.0,820.3,7.0,0.0,0.4,1.8,0.0,2.6,27.2,180.0,8.0,23.8,107.0,1001.7,1001.7,2.7,5.3
2024-06-17 11:55:00+02:00,20.1,20.1,19.5,13.8,67.0,24.5,81.0,498.6,4.0,0.0,0.4,1.8,0.0,2.6,27.2,180.0,9.2,15.1,113.0,1001.6,1001.6,2.7,5.3
2024-06-17 12:00:00+02:00,20.1,20.1,20.1,13.9,68.0,24.7,81.0,358.8,3.0,0.0,0.4,1.8,0.0,2.6,27.2,180.0,6.2,15.1,101.0,1001.7,1001.7,2.7,5.3
2024-06-17 12:05:00+02:00,20.6,20.6,21.6,14.0,66.0,24.8,81.0,244.5,2.0,0.0,0.4,1.8,0.0,2.6,27.2,180.0,1.4,9.4,179.0,1001.7,1001.7,2.7,5.3
2024-06-17 12:10:00+02:00,20.8,20.8,21.6,14.0,65.0,24.9,81.0,232.2,2.0,0.0,0.4,1.8,0.0,2.6,27.2,180.0,2.6,7.6,207.0,1001.9,1001.9,2.7,5.3
2024-06-17 12:15:00+02:00,20.8,20.8,21.9,14.5,67.0,25.0,81.0,271.9,2.0,0.0,0.4,1.8,0.0,2.6,27.2,180.0,1.8,6.5,191.0,1001.8,1001.8,2.7,5.3
2024-06-17 12:20:00+02:00,21.1,21.1,22.0,15.1,69.0,25.1,81.0,344.2,3.0,0.0,0.4,1.8,0.0,2.6,27.2,180.0,3.9,9.0,90.0,1002.0,1002.0,2.7,5.3
2024-06-17 12:25:00+02:00,20.7,20.7,21.5,14.4,67.0,25.2,81.0,315.9,2.0,0.0,0.4,1.8,0.0,2.6,27.2,180.0,3.0,9.0,196.0,1001.9,1001.9,2.7,5.3
2024-06-17 12:30:00+02:00,20.9,20.9,21.6,14.3,66.0,25.2,81.0,296.1,2.0,0.0,0.4,1.8,0.0,2.6,27.2,180.0,3.2,6.5,233.0,1001.9,1001.9,2.7,5.3
2024-06-17 12:35:00+02:00,20.7,20.7,21.1,14.0,65.0,25.3,81.0,325.7,3.0,0.0,0.4,1.8,0.0,2.6,27.2,180.0,4.3,12.6,145.0,1002.0,1002.0,2.7,5.3
2024-06-17 12:40:00+02:00,21.0,21.0,21.2,14.0,64.0,25.4,81.0,276.3,2.0,0.0,0.4,1.8,0.0,2.6,27.2,180.0,5.8,9.4,217.0,1002.0,1002.0,2.7,5.3
2024-06-17 12:45:00+02:00,20.9,20.9,21.3,13.9,64.0,25.4,81.0,575.9,5.0,0.0,0.4,1.8,0.0,2.6,27.2,180.0,4.0,13.7,326.0,1002.0,1002.0,2.7,5.3
2024-06-17 12:50:00+02:00,21.3,21.3,21.8,14.0,63.0,25.5,81.0,820.0,7.0,0.0,0.4,1.8,0.0,2.6,27.2,180.0,4.2,13.7,135.0,1002.0,1002.0,2.7,5.3
2024-06-17 12:55:00+02:00,21.6,21.6,22.0,14.4,64.0,25.6,80.0,555.6,5.0,0.0,0.4,1.8,0.0,2.6,27.2,180.0,5.0,14.8,130.0,1001.9,1001.9,2.7,5.3
2024-06-17 13:00:00+02:00,21.1,21.1,21.4,13.8,63.0,25.7,80.0,153.0,1.0,0.0,0.4,1.8,0.0,2.6,27.2,180.0,4.2,13.3,134.0,1002.0,1002.0,2.7,5.3
2024-06-17 13:05:00+02:00,20.5,20.5,20.4,14.1,66.0,25.7,80.0,241.2,2.0,0.0,0.4,1.8,0.0,2.6,27.2,180.0,7.2,13.0,264.0,1002.0,1002.0,2.7,5.3
2024-06-17 13:10:00+02:00,20.6,20.6,21.2,14.2,67.0,25.8,80.0,518.5,4.0,0.0,0.4,1.8,0.0,2.6,27.2,180.0,3.4,12.2,297.0,1001.9,1001.9,2.7,5.3
2024-06-17 13:15:00+02:00,21.6,21.6,22.6,14.5,64.0,25.9,80.0,775.5,7.0,0.0,0.4,1.8,0.0,2.6,27.2,180.0,1.9,5.8,186.0,1002.0,1002.0,2.7,5.3
2024-06-17 13:20:00+02:00,22.7,22.7,23.5,14.4,60.0,26.0,80.0,847.8,7.0,0.0,0.4,1.8,0.0,2.6,27.2,180.0,2.9,7.2,193.0,1002.1,1002.1,2.7,5.3
2024-06-17 13:25:00+02:00,22.8,22.8,23.9,15.2,62.0,26.0,80.0,881.8,8.0,0.0,0.4,1.8,0.0,2.6,27.2,180.0,3.3,7.6,160.0,1002.0,1002.0,2.7,5.3
2024-06-17 13:30:00+02:00,22.4,22.4,23.1,14.2,59.0,26.1,80.0,216.2,2.0,0.0,0.4,1.8,0.0,2.6,27.2,180.0,3.5,11.5,219.0,1002.1,1002.1,2.7,5.3
2024-06-17 13:35:00+02:00,21.6,21.6,22.0,14.1,62.0,26.2,80.0,212.6,1.0,0.0,0.4,1.8,0.0,2.6,27.2,180.0,4.8,14.4,124.0,1002.3,1002.3,2.7,5.3
2024-06-17 13:40:00+02:00,20.6,20.6,20.3,13.7,64.0,26.3,80.0,188.6,1.0,0.0,0.4,1.8,0.0,2.6,27.2,180.0,7.3,13.7,121.0,1002.2,1002.2,2.7,5.3
2024-06-17 13:45:00+02:00,20.1,20.1,20.0,13.5,66.0,26.3,80.0,197.9,1.0,0.0,0.4,1.8,0.0,2.6,27.2,180.0,6.0,19.4,117.0,1002.3,1002.3,2.7,5.3
2024-06-17 13:50:00+02:00,20.2,20.2,20.2,14.0,68.0,26.3,80.0,466.1,4.0,0.0,0.4,1.8,0.0,2.6,27.2,180.0,6.5,15.1,130.0,1002.4,1002.4,2.7,5.3
2024-06-17 13:55:00+02:00,21.1,21.1,21.6,14.6,67.0,26.4,80.0,811.4,7.0,0.0,0.4,1.8,0.0,2.6,27.2,180.0,4.9,10.8,132.0,1002.2,1002.2,2.7,5.3
2024-06-17 14:00:00+02:00,21.2,21.2,20.5,14.5,65.0,26.5,80.0,725.5,6.0,0.0,0.4,1.8,0.0,2.6,27.2,180.0,11.1,22.0,131.0,1002.2,1002.2,2.7,5.3
2024-06-17 14:05:00+02:00,20.9,20.9,20.3,14.1,65.0,26.6,80.0,535.8,4.0,0.0,0.4,1.8,0.0,2.6,27.2,180.0,9.8,21.6,130.0,1002.1,1002.1,2.7,5.3
2024-06-17 14:10:00+02:00,20.9,20.9,21.0,14.4,67.0,26.7,80.0,746.7,6.0,0.0,0.4,1.8,0.0,2.6,27.2,180.0,7.1,19.8,132.0,1002.1,1002.1,2.7,5.3
2024-06-17 14:15:00+02:00,21.8,21.8,22.0,14.1,62.0,26.7,81.0,773.3,7.0,0.0,0.4,1.8,0.0,2.6,27.2,180.0,5.6,15.5,139.0,1002.2,1002.2,2.7,5.3
2024-06-17 14:20:00+02:00,23.3,23.3,23.8,14.2,57.0,26.9,82.0,637.4,5.0,0.0,0.4,1.8,0.0,2.6,27.2,180.0,3.9,7.6,246.0,1002.2,1002.2,2.7,5.3
2024-06-17 14:25:00+02:00,23.1,23.1,23.2,14.2,58.0,26.9,82.0,369.0,3.0,0.0,0.4,1.8,0.0,2.6,27.2,180.0,5.9,11.9,105.0,1002.3,1002.3,2.7,5.3
2024-06-17 14:30:00+02:00,22.3,22.3,22.6,14.2,60.0,27.1,82.0,573.2,5.0,0.0,0.4,1.8,0.0,2.6,27.2,180.0,5.4,19.8,111.0,1002.3,1002.3,2.7,5.3
2024-06-17 14:35:00+02:00,21.2,21.2,20.8,13.6,62.0,27.1,82.0,655.0,6.0,0.0,0.4,1.8,0.0,2.6,27.2,180.0,8.0,21.2,126.0,1002.2,1002.2,2.7,5.3
2024-06-17 14:40:00+02:00,21.5,21.5,22.4,13.8,61.0,27.2,83.0,702.5,6.0,0.0,0.4,1.8,0.0,2.6,27.2,180.0,1.6,8.3,202.0,1002.3,1002.3,2.7,5.3
2024-06-17 14:45:00+02:00,22.6,22.6,23.0,14.2,59.0,27.3,82.0,206.9,1.0,0.0,0.4,1.8,0.0,2.6,27.2,180.0,4.9,9.4,238.0,1002.4,1002.4,2.7,5.3
2024-06-17 14:50:00+02:00,20.6,20.6,20.1,14.8,69.0,27.3,82.0,161.3,1.0,0.0,0.4,1.8,0.0,2.6,27.2,180.0,10.8,20.5,274.0,1002.8,1002.8,2.7,5.3
2024-06-17 14:55:00+02:00,19.2,19.2,19.9,14.6,74.0,27.3,82.0,599.5,5.0,0.0,0.4,1.8,0.0,2.6,27.2,180.0,4.0,15.8,248.0,1002.6,1002.6,2.7,5.3
2024-06-17 15:00:00+02:00,19.8,19.8,19.9,15.0,74.0,27.3,82.0,760.8,7.0,0.0,0.4,1.8,0.0,2.6,27.2,180.0,8.0,15.5,279.0,1002.6,1002.6,2.7,5.3
2024-06-17 15:05:00+02:00,20.4,20.4,21.1,15.0,71.0,27.3,83.0,290.7,2.0,0.0,0.4,1.8,0.0,2.6,27.2,180.0,4.8,11.5,274.0,1002.5,1002.5,2.7,5.3
2024-06-17 15:10:00+02:00,20.8,20.8,21.8,15.1,70.0,27.4,83.0,687.0,6.0,0.0,0.4,1.8,0.0,2.6,27.2,180.0,3.4,6.8,178.0,1002.4,1002.4,2.7,5.3
2024-06-17 15:15:00+02:00,21.5,21.5,22.4,15.1,67.0,27.4,83.0,740.7,6.0,0.0,0.4,1.8,0.0,2.6,27.2,180.0,3.5,9.0,264.0,1002.3,1002.3,2.7,5.3
2024-06-17 15:20:00+02:00,22.1,22.1,22.0,15.1,64.0,27.4,83.0,405.8,3.0,0.0,0.4,1.8,0.0,2.6,27.2,180.0,9.1,16.6,307.0,1002.4,1002.4,2.7,5.3
2024-06-17 15:25:00+02:00,21.6,21.6,22.3,14.8,65.0,27.5,83.0,355.7,3.0,0.0,0.4,1.8,0.0,2.6,27.2,180.0,4.5,16.6,255.0,1002.3,1002.3,2.7,5.3
2024-06-17 15:30:00+02:00,22.3,22.3,23.3,14.7,62.0,27.5,83.0,382.0,3.0,0.0,0.4,1.8,0.0,2.6,27.2,180.0,2.8,7.2,289.0,1002.4,1002.4,2.7,5.3
2024-06-17 15:35:00+02:00,22.6,22.6,23.6,14.6,61.0,27.6,83.0,588.2,5.0,0.0,0.4,1.8,0.0,2.6,27.2,180.0,2.2,7.6,255.0,1002.4,1002.4,2.7,5.3
2024-06-17 15:40:00+02:00,22.5,22.5,23.0,14.4,60.0,27.6,83.0,743.0,6.0,0.0,0.4,1.8,0.0,2.6,27.2,180.0,4.5,16.2,280.0,1002.5,1002.5,2.7,5.3
2024-06-17 15:45:00+02:00,22.9,22.9,23.3,14.3,59.0,27.6,83.0,727.1,6.0,0.0,0.4,1.8,0.0,2.6,27.2,180.0,4.7,9.7,225.0,1002.5,1002.5,2.7,5.3
2024-06-17 15:50:00+02:00,21.9,21.9,21.6,14.3,62.0,27.7,83.0,221.5,2.0,0.0,0.4,1.8,0.0,2.6,27.2,180.0,8.4,15.8,281.0,1002.6,1002.6,2.7,5.3
2024-06-17 15:55:00+02:00,21.6,21.6,22.0,14.3,63.0,27.7,83.0,561.6,5.0,0.0,0.4,1.8,0.0,2.6,27.2,180.0,4.8,10.4,242.0,1002.6,1002.6,2.7,5.3
2024-06-17 16:00:00+02:00,22.2,22.2,22.7,14.3,61.0,27.7,82.0,496.9,4.0,0.0,0.4,1.8,0.0,2.6,27.2,180.0,4.8,13.7,143.0,1002.6,1002.6,2.7,5.3
2024-06-17 16:05:00+02:00,21.9,21.9,21.5,13.9,61.0,27.7,83.0,638.7,5.0,0.0,0.4,1.8,0.0,2.6,27.2,180.0,8.4,15.5,139.0,1002.6,1002.6,2.7,5.3
2024-06-17 16:10:00+02:00,22.7,22.7,23.3,13.6,56.0,27.6,83.0,473.4,4.0,0.0,0.4,1.8,0.0,2.6,27.2,180.0,2.9,10.1,193.0,1002.6,1002.6,2.7,5.3
2024-06-17 16:15:00+02:00,22.8,22.8,23.2,13.5,56.0,27.6,83.0,333.5,3.0,0.0,0.4,1.8,0.0,2.6,27.2,180.0,3.5,6.8,116.0,1002.6,1002.6,2.7,5.3
2024-06-17 16:20:00+02:00,23.0,23.0,23.4,13.3,54.0,27.7,83.0,235.0,2.0,0.0,0.4,1.8,0.0,2.6,27.2,180.0,3.6,10.1,253.0,1002.5,1002.5,2.7,5.3
2024-06-17 16:25:00+02:00,22.9,22.9,23.3,13.3,55.0,27.8,83.0,595.9,5.0,0.0,0.4,1.8,0.0,2.6,27.2,180.0,3.6,9.4,179.0,1002.6,1002.6,2.7,5.3
2024-06-17 16:30:00+02:00,23.2,23.2,23.3,13.1,53.0,27.8,83.0,345.8,3.0,0.0,0.4,1.8,0.0,2.6,27.2,180.0,4.2,9.7,245.0,1002.7,1002.7,2.7,5.3
2024-06-17 16:35:00+02:00,22.7,22.7,23.0,13.6,56.0,27.8,83.0,401.3,3.0,0.0,0.4,1.8,0.0,2.6,27.2,180.0,4.3,13.3,139.0,1002.7,1002.7,2.7,5.3
2024-06-17 16:40:00+02:00,22.4,22.4,22.4,13.3,57.0,27.9,83.0,620.0,5.0,0.0,0.4,1.8,0.0,2.6,27.2,180.0,5.3,16.6,205.0,1002.7,1002.7,2.7,5.3
2024-06-17 16:45:00+02:00,22.7,22.7,23.1,13.6,57.0,27.9,83.0,497.4,4.0,0.0,0.4,1.8,0.0,2.6,27.2,180.0,3.8,8.6,134.0,1002.7,1002.7,2.7,5.3
2024-06-17 16:50:00+02:00,22.7,22.7,23.0,13.6,56.0,27.8,84.0,479.9,4.0,0.0,0.4,1.8,0.0,2.6,27.2,180.0,4.2,13.0,146.0,1002.8,1002.8,2.7,5.3
2024-06-17 16:55:00+02:00,22.4,22.4,22.7,13.5,57.0,27.9,84.0,548.3,5.0,0.0,0.4,1.8,0.0,2.6,27.2,180.0,4.1,9.7,125.0,1002.7,1002.7,2.7,5.3
2024-06-17 17:00:00+02:00,22.2,22.2,22.0,13.6,58.0,28.0,83.0,335.5,3.0,0.0,0.4,1.8,0.0,2.6,27.2,180.0,6.8,11.9,275.0,1002.8,1002.8,2.7,5.3
2024-06-17 17:05:00+02:00,22.0,22.0,22.5,13.8,60.0,27.9,84.0,555.5,5.0,0.0,0.4,1.8,0.0,2.6,27.2,180.0,3.9,16.9,263.0,1002.9,1002.9,2.7,5.3
2024-06-17 17:10:00+02:00,22.6,22.6,22.8,14.0,58.0,28.0,84.0,542.5,5.0,0.0,0.4,1.8,0.0,2.6,27.2,180.0,5.5,16.9,94.0,1002.8,1002.8,2.7,5.3
2024-06-17 17:15:00+02:00,22.9,22.9,23.4,14.3,58.0,28.0,84.0,471.1,4.0,0.0,0.4,1.8,0.0,2.6,27.2,180.0,4.4,11.5,272.0,1002.7,1002.7,2.7,5.3
2024-06-17 17:20:00+02:00,22.5,22.5,22.2,14.1,59.0,28.1,84.0,146.0,1.0,0.0,0.4,1.8,0.0,2.6,27.2,180.0,8.5,14.0,277.0,1002.6,1002.6,2.7,5.3
2024-06-17 17:25:00+02:00,21.7,21.7,22.3,13.8,61.0,28.1,84.0,105.3,0.0,0.0,0.4,1.8,0.0,2.6,27.2,180.0,2.9,10.1,272.0,1002.7,1002.7,2.7,5.3
2024-06-17 17:30:00+02:00,21.8,21.8,22.8,13.8,61.0,28.1,83.0,92.4,0.0,0.0,0.4,1.8,0.0,2.6,27.2,180.0,0.9,4.0,212.0,1002.8,1002.8,2.7,5.3
2024-06-17 17:35:00+02:00,21.7,21.7,22.2,13.7,61.0,28.0,84.0,91.1,0.0,0.0,0.4,1.8,0.0,2.6,27.2,180.0,3.0,7.9,194.0,1002.8,1002.8,2.7,5.3
2024-06-17 17:40:00+02:00,21.3,21.3,22.0,13.7,62.0,28.0,84.0,79.4,0.0,0.0,0.4,1.8,0.0,2.6,27.2,180.0,2.3,9.7,257.0,1002.9,1002.9,2.7,5.3
2024-06-17 17:45:00+02:00,21.1,21.1,21.4,13.5,62.0,28.0,83.0,134.7,1.0,0.0,0.4,1.8,0.0,2.6,27.2,180.0,4.0,8.3,272.0,1002.9,1002.9,2.7,5.3
2024-06-17 17:50:00+02:00,21.2,21.2,21.5,13.4,61.0,28.0,83.0,89.2,0.0,0.0,0.4,1.8,0.0,2.6,27.2,180.0,3.7,12.2,275.0,1002.6,1002.6,2.7,5.3
2024-06-17 17:55:00+02:00,21.2,21.2,21.9,13.5,62.0,27.9,83.0,72.7,0.0,0.0,0.4,1.8,0.0,2.6,27.2,180.0,1.9,12.2,237.0,1002.9,1002.9,2.7,5.3
2024-06-17 18:00:00+02:00,21.2,21.2,22.0,13.5,62.0,27.9,84.0,69.9,0.0,0.0,0.4,1.8,0.0,2.6,27.2,180.0,1.0,5.0,251.0,1002.9,1002.9,2.7,5.3
2024-06-17 18:05:00+02:00,20.9,20.9,21.3,13.3,62.0,27.9,83.0,44.8,0.0,0.0,0.4,1.8,0.0,2.6,27.2,180.0,3.0,11.5,160.0,1002.9,1002.9,2.7,5.3
2024-06-17 18:10:00+02:00,20.7,20.7,21.7,14.0,65.0,27.8,83.0,106.7,0.0,0.0,0.4,1.8,0.0,2.6,27.2,180.0,1.4,6.1,227.0,1003.0,1003.0,2.7,5.3
2024-06-17 18:15:00+02:00,20.7,20.7,21.9,14.7,68.0,27.8,83.0,135.1,1.0,0.0,0.4,1.8,0.0,2.6,27.2,180.0,1.4,9.7,140.0,1003.1,1003.1,2.7,5.3
2024-06-17 18:20:00+02:00,20.7,20.7,22.0,15.0,70.0,27.8,83.0,199.3,1.0,0.0,0.4,1.8,0.0,2.6,27.2,180.0,1.3,4.3,186.0,1003.0,1003.0,2.7,5.3
2024-06-17 18:25:00+02:00,20.7,20.7,21.9,14.7,69.0,27.8,83.0,146.1,1.0,0.0,0.4,1.8,0.0,2.6,27.2,180.0,1.8,4.3,174.0,1002.9,1002.9,2.7,5.3
2024-06-17 18:30:00+02:00,20.8,20.8,22.0,14.7,68.0,27.7,83.0,115.7,1.0,0.0,0.4,1.8,0.0,2.6,27.2,180.0,1.9,5.0,298.0,1002.9,1002.9,2.7,5.3
2024-06-17 18:35:00+02:00,20.4,20.4,20.8,14.4,68.0,27.7,83.0,105.9,0.0,0.0,0.4,1.8,0.0,2.6,27.2,180.0,5.3,9.4,117.0,1003.0,1003.0,2.7,5.2
2024-06-17 18:40:00+02:00,20.1,20.1,20.5,13.4,65.0,27.6,83.0,90.5,0.0,0.0,0.4,1.8,0.0,2.6,27.2,180.0,3.2,9.4,235.0,1002.8,1002.8,2.7,5.2
2024-06-17 18:45:00+02:00,20.2,20.2,20.8,13.9,67.0,27.5,83.0,90.7,0.0,0.0,0.4,1.8,0.0,2.6,27.2,180.0,2.9,5.8,161.0,1002.9,1002.9,2.7,5.2
2024-06-17 18:50:00+02:00,20.2,20.2,21.1,13.9,67.0,27.5,83.0,115.3,1.0,0.0,0.4,1.8,0.0,2.6,27.2,180.0,1.6,6.1,130.0,1003.0,1003.0,2.7,5.2
2024-06-17 18:55:00+02:00,20.1,20.1,20.9,13.8,67.0,27.4,83.0,130.2,1.0,0.0,0.4,1.8,0.0,2.6,27.2,180.0,2.2,6.1,133.0,1002.9,1002.9,2.7,5.2
2024-06-17 19:00:00+02:00,20.2,20.2,20.8,13.8,67.0,27.3,83.0,144.2,1.0,0.0,0.4,0.0,0.0,2.6,27.2,180.0,3.0,5.8,117.0,1002.9,1002.9,2.7,5.2
2024-06-17 19:05:00+02:00,20.4,20.4,20.7,13.5,65.0,27.3,83.0,153.6,1.0,0.0,0.4,0.0,0.0,2.6,27.2,180.0,4.0,10.1,128.0,1003.0,1003.0,2.7,5.2
2024-06-17 19:10:00+02:00,20.3,20.3,20.5,13.2,64.0,27.2,83.0,131.5,1.0,0.0,0.4,0.0,0.0,2.6,27.2,180.0,4.4,10.1,110.0,1003.0,1003.0,2.7,5.2
2024-06-17 19:15:00+02:00,20.4,20.4,20.4,13.6,65.0,27.2,83.0,72.5,0.0,0.0,0.4,0.0,0.0,2.6,27.2,180.0,5.5,8.6,122.0,1003.0,1003.0,2.7,5.2
2024-06-17 19:20:00+02:00,20.2,20.2,19.7,13.6,66.0,27.2,83.0,56.4,0.0,0.0,0.4,0.0,0.0,2.6,27.2,180.0,8.0,15.8,121.0,1003.0,1003.0,2.7,5.2
2024-06-17 19:25:00+02:00,20.0,20.0,20.1,13.4,66.0,27.1,83.0,59.0,0.0,0.0,0.4,0.0,0.0,2.6,27.2,180.0,5.3,11.5,121.0,1003.0,1003.0,2.7,5.2
2024-06-17 19:30:00+02:00,19.9,19.9,20.2,13.5,67.0,27.1,83.0,52.2,0.0,0.0,0.4,0.0,0.0,2.6,27.2,180.0,4.3,10.4,116.0,1003.0,1003.0,2.7,5.2
2024-06-17 19:35:00+02:00,19.9,19.9,19.3,13.4,66.0,27.1,82.0,57.0,0.0,0.0,0.4,0.0,0.0,2.6,27.2,180.0,8.6,13.0,126.0,1003.1,1003.1,2.7,5.2
2024-06-17 19:40:00+02:00,20.0,20.0,19.6,13.1,64.0,27.0,82.0,58.4,0.0,0.0,0.4,0.0,0.0,2.6,27.2,180.0,6.8,13.0,125.0,1003.1,1003.1,2.7,5.2
2024-06-17 19:45:00+02:00,20.0,20.0,19.6,13.1,64.0,26.8,83.0,58.9,0.0,0.0,0.4,0.0,0.0,2.6,27.2,180.0,6.9,11.5,115.0,1003.1,1003.1,2.7,5.2
2024-06-17 19:50:00+02:00,19.8,19.8,19.5,13.2,66.0,26.8,82.0,45.5,0.0,0.0,0.4,0.0,0.0,2.6,27.2,180.0,7.1,11.9,124.0,1003.1,1003.1,2.7,5.2
2024-06-17 19:55:00+02:00,19.7,19.7,20.2,13.4,67.0,26.7,82.0,42.0,0.0,0.0,0.4,0.0,0.0,2.6,27.2,180.0,2.6,6.8,138.0,1003.1,1003.1,2.7,5.2
2024-06-17 20:00:00+02:00,19.5,19.5,19.8,13.2,67.0,26.7,82.0,39.5,0.0,0.0,0.4,0.0,0.0,2.6,27.2,180.0,3.3,5.8,132.0,1003.2,1003.2,2.7,5.2
2024-06-17 20:05:00+02:00,19.5,19.5,20.0,13.2,67.0,26.5,82.0,37.3,0.0,0.0,0.4,0.0,0.0,2.6,27.2,180.0,2.2,4.7,120.0,1003.2,1003.2,2.7,5.2
2024-06-17 20:10:00+02:00,19.4,19.4,20.2,13.1,67.0,26.5,82.0,36.4,0.0,0.0,0.4,0.0,0.0,2.6,27.2,180.0,0.8,4.7,134.0,1003.2,1003.2,2.7,5.2
2024-06-17 20:15:00+02:00,19.4,19.4,20.3,13.2,67.0,26.4,82.0,32.2,0.0,0.0,0.4,0.0,0.0,2.6,27.2,180.0,0.4,3.6,113.0,1003.2,1003.2,2.7,5.2
2024-06-17 20:20:00+02:00,19.2,19.2,20.0,13.2,68.0,26.3,82.0,30.1,0.0,0.0,0.4,0.0,0.0,2.6,27.2,180.0,1.3,2.9,131.0,1003.4,1003.4,2.7,5.2
2024-06-17 20:25:00+02:00,19.1,19.1,20.0,13.3,69.0,26.3,82.0,37.2,0.0,0.0,0.4,0.0,0.0,2.6,27.2,180.0,1.0,3.2,136.0,1003.3,1003.3,2.7,5.2
2024-06-17 20:30:00+02:00,19.1,19.1,20.0,13.3,69.0,26.2,82.0,39.3,0.0,0.0,0.4,0.0,0.0,2.6,27.2,180.0,0.5,2.2,105.0,1003.3,1003.3,2.7,5.2
2024-06-17 20:35:00+02:00,19.2,19.2,19.7,13.4,69.0,26.2,82.0,37.7,0.0,0.0,0.4,0.0,0.0,2.6,27.2,180.0,3.2,5.0,116.0,1003.4,1003.4,2.7,5.2
2024-06-17 20:40:00+02:00,19.3,19.3,20.0,13.2,68.0,26.1,82.0,31.3,0.0,0.0,0.4,0.0,0.0,2.6,27.2,180.0,2.0,5.0,119.0,1003.6,1003.6,2.7,5.2
2024-06-17 20:45:00+02:00,19.3,19.3,20.0,13.2,68.0,26.0,82.0,28.3,0.0,0.0,0.4,0.0,0.0,2.6,27.2,180.0,2.1,4.3,126.0,1003.6,1003.6,2.7,5.2
2024-06-17 20:50:00+02:00,19.4,19.4,19.9,13.2,67.0,26.0,82.0,24.8,0.0,0.0,0.4,0.0,0.0,2.6,27.2,180.0,2.3,5.0,117.0,1003.5,1003.5,2.7,5.2
2024-06-17 20:55:00+02:00,19.4,19.4,20.1,13.4,68.0,25.9,82.0,22.9,0.0,0.0,0.4,0.0,0.0,2.6,27.2,180.0,1.5,4.0,78.0,1003.5,1003.5,2.7,5.2
2024-06-17 21:00:00+02:00,19.3,19.3,19.7,13.0,67.0,25.8,82.0,19.4,0.0,0.0,0.4,0.0,0.0,2.6,27.2,180.0,3.0,6.1,120.0,1003.7,1003.7,2.7,5.2
2024-06-17 21:05:00+02:00,19.3,19.3,20.4,13.3,68.0,25.8,82.0,16.0,0.0,0.0,0.4,0.0,0.0,2.6,27.2,180.0,0.0,5.8,137.0,1003.7,1003.7,2.7,5.2
2024-06-17 21:10:00+02:00,19.2,19.2,20.2,13.4,69.0,25.7,82.0,14.0,0.0,0.0,0.4,0.0,0.0,2.6,27.2,180.0,0.4,2.9,113.0,1003.6,1003.6,2.7,5.2
2024-06-17 21:15:00+02:00,19.0,19.0,20.1,13.5,70.0,25.7,82.0,10.0,0.0,0.0,0.4,0.0,0.0,2.6,27.2,180.0,0.0,2.2,121.0,1003.8,1003.8,2.7,5.2
2024-06-17 21:20:00+02:00,18.8,18.8,19.9,13.7,72.0,25.7,82.0,7.7,0.0,0.0,0.4,0.0,0.0,2.6,27.2,180.0,0.8,2.9,133.0,1003.9,1003.9,2.7,5.2
2024-06-17 21:25:00+02:00,18.7,18.7,19.7,13.5,72.0,25.6,82.0,6.6,0.0,0.0,0.4,0.0,0.0,2.6,27.2,180.0,0.4,2.5,142.0,1003.8,1003.8,2.7,5.2
2024-06-17 21:30:00+02:00,18.6,18.6,19.6,13.6,73.0,25.6,82.0,5.8,0.0,0.0,0.4,0.0,0.0,2.6,27.2,180.0,0.5,2.2,139.0,1003.8,1003.8,2.7,5.2
2024-06-17 21:35:00+02:00,18.2,18.2,19.3,13.5,74.0,25.5,82.0,5.2,0.0,0.0,0.4,0.0,0.0,2.6,27.2,180.0,0.0,2.5,132.0,1003.9,1003.9,2.7,5.2
2024-06-17 21:40:00+02:00,18.0,18.0,18.8,13.4,75.0,25.4,82.0,4.1,0.0,0.0,0.4,0.0,0.0,2.6,27.2,180.0,1.2,2.9,117.0,1004.0,1004.0,2.7,5.2
2024-06-17 21:45:00+02:00,17.8,17.8,18.8,13.3,75.0,25.3,82.0,3.0,0.0,0.0,0.4,0.0,0.0,2.6,27.2,180.0,0.0,2.9,120.0,1004.0,1004.0,2.7,5.2
2024-06-17 21:50:00+02:00,17.6,17.6,18.6,13.5,77.0,25.3,82.0,2.2,0.0,0.0,0.4,0.0,0.0,2.6,27.2,180.0,0.0,2.5,91.0,1004.0,1004.0,2.7,5.2
2024-06-17 21:55:00+02:00,17.4,17.4,18.5,13.4,77.0,25.2,82.0,1.6,0.0,0.0,0.4,0.0,0.0,2.6,27.2,180.0,0.0,0.0,315.0,1004.2,1004.2,2.7,5.2
2024-06-17 22:00:00+02:00,17.2,17.2,18.2,13.4,78.0,25.1,82.0,1.0,0.0,0.0,0.4,0.0,0.0,2.6,27.2,180.0,0.0,1.8,357.0,1004.2,1004.2,2.7,5.2
2024-06-17 22:05:00+02:00,17.0,17.0,17.8,13.5,79.0,25.0,82.0,0.6,0.0,0.0,0.4,0.0,0.0,2.6,27.2,180.0,1.6,4.0,119.0,1004.4,1004.4,2.7,5.2
2024-06-17 22:10:00+02:00,16.7,16.7,17.2,13.4,81.0,24.9,82.0,0.3,0.0,0.0,0.4,0.0,0.0,2.6,27.2,180.0,3.0,4.0,125.0,1004.5,1004.5,2.7,5.2
2024-06-17 22:15:00+02:00,16.5,16.5,17.0,13.4,82.0,24.9,82.0,0.2,0.0,0.0,0.4,0.0,0.0,2.6,27.2,180.0,2.6,3.6,125.0,1004.4,1004.4,2.7,5.2
2024-06-17 22:20:00+02:00,16.4,16.4,17.0,13.3,82.0,24.8,82.0,0.1,0.0,0.0,0.4,0.0,0.0,2.6,27.2,180.0,2.3,3.6,123.0,1004.5,1004.5,2.7,5.2
2024-06-17 22:25:00+02:00,16.4,16.4,17.3,13.1,81.0,24.7,82.0,0.0,0.0,0.0,0.4,0.0,0.0,2.6,27.2,180.0,0.4,2.9,128.0,1004.5,1004.5,2.7,5.1
2024-06-17 22:30:00+02:00,16.3,16.3,17.2,13.2,82.0,24.6,82.0,0.0,0.0,0.0,0.4,0.0,0.0,2.6,27.2,180.0,0.5,2.2,119.0,1004.5,1004.5,2.7,5.1
2024-06-17 22:35:00+02:00,16.2,16.2,17.0,13.4,83.0,24.5,82.0,0.0,0.0,0.0,0.4,0.0,0.0,2.6,27.2,180.0,1.7,2.5,120.0,1004.6,1004.6,2.7,5.1
2024-06-17 22:40:00+02:00,16.2,16.2,17.1,13.3,83.0,24.5,82.0,0.0,0.0,0.0,0.4,0.0,0.0,2.6,27.2,180.0,0.4,2.5,122.0,1004.7,1004.7,2.7,5.1
2024-06-17 22:45:00+02:00,16.1,16.1,17.1,13.4,84.0,24.4,82.0,0.0,0.0,0.0,0.4,0.0,0.0,2.6,27.2,180.0,0.0,0.0,260.0,1004.7,1004.7,2.7,5.1
2024-06-17 22:50:00+02:00,15.9,15.9,17.0,13.4,85.0,24.3,82.0,0.0,0.0,0.0,0.4,0.0,0.0,2.6,27.2,180.0,0.0,2.5,108.0,1004.7,1004.7,2.7,5.1
2024-06-17 22:55:00+02:00,15.6,15.6,16.3,13.3,86.0,24.2,82.0,0.0,0.0,0.0,0.4,0.0,0.0,2.6,27.2,180.0,2.0,3.2,116.0,1004.7,1004.7,2.7,5.1
2024-06-17 23:00:00+02:00,15.3,15.3,16.3,13.2,87.0,24.1,81.0,0.0,0.0,0.0,0.4,0.0,0.0,2.6,27.2,180.0,0.4,2.9,105.0,1004.7,1004.7,2.7,5.1
2024-06-17 23:05:00+02:00,15.2,15.2,15.9,13.3,88.0,24.0,81.0,0.0,0.0,0.0,0.4,0.0,0.0,2.6,27.2,180.0,2.1,3.6,121.0,1004.8,1004.8,2.7,5.1
2024-06-17 23:10:00+02:00,15.1,15.1,15.7,13.3,89.0,24.0,81.0,0.0,0.0,0.0,0.4,0.0,0.0,2.6,27.2,180.0,1.7,3.2,123.0,1004.8,1004.8,2.7,5.1
2024-06-17 23:15:00+02:00,14.9,14.9,15.7,13.1,89.0,23.9,81.0,0.0,0.0,0.0,0.4,0.0,0.0,2.6,27.2,180.0,0.8,2.9,130.0,1004.8,1004.8,2.7,5.1
2024-06-17 23:20:00+02:00,14.7,14.7,15.3,13.1,90.0,23.7,81.0,0.0,0.0,0.0,0.4,0.0,0.0,2.6,27.2,180.0,2.1,2.9,131.0,1004.9,1004.9,2.7,5.1
2024-06-17 23:25:00+02:00,14.5,14.5,15.2,12.9,90.0,23.7,81.0,0.0,0.0,0.0,0.4,0.0,0.0,2.6,27.2,180.0,1.3,2.5,123.0,1004.9,1004.9,2.7,5.1
2024-06-17 23:30:00+02:00,14.4,14.4,14.9,13.0,91.0,23.6,81.0,0.0,0.0,0.0,0.4,0.0,0.0,2.6,27.2,180.0,2.5,3.2,124.0,1004.8,1004.8,2.7,5.1
2024-06-17 23:35:00+02:00,14.3,14.3,14.7,12.9,91.0,23.5,81.0,0.0,0.0,0.0,0.4,0.0,0.0,2.6,27.2,180.0,2.9,4.3,117.0,1004.9,1004.9,2.7,5.1
2024-06-17 23:40:00+02:00,14.2,14.2,14.6,12.9,92.0,23.4,81.0,0.0,0.0,0.0,0.4,0.0,0.0,2.6,27.2,180.0,2.6,4.3,117.0,1004.9,1004.9,2.7,5.1
2024-06-17 23:45:00+02:00,14.1,14.1,14.5,12.8,92.0,23.3,81.0,0.0,0.0,0.0,0.4,0.0,0.0,2.6,27.2,180.0,2.4,3.2,107.0,1004.9,1004.9,2.7,5.1
2024-06-17 23:50:00+02:00,14.0,14.0,14.7,12.8,93.0,23.2,81.0,0.0,0.0,0.0,0.4,0.0,0.0,2.6,27.2,180.0,0.8,2.5,102.0,1005.1,1005.1,2.7,5.1
2024-06-17 23:55:00+02:00,13.8,13.8,14.4,12.7,93.0,23.1,81.0,0.0,0.0,0.0,0.4,0.0,0.0,2.6,27.2,180.0,1.4,2.9,100.0,1005.0,1005.0,2.7,5.1
2024-06-18 00:00:00+02:00,13.8,13.8,14.3,12.7,93.0,23.0,81.0,0.0,0.0,0.0,0.0,0.0,0.0,2.6,27.2,180.0,2.2,3.6,115.0,1005.0,1005.0,2.7,5.1
2024-06-18 00:05:00+02:00,13.8,13.8,14.0,12.7,93.0,22.9,81.0,0.0,0.0,0.0,0.0,0.0,0.0,2.6,27.2,180.0,3.0,4.0,115.0,1004.9,1004.9,2.7,5.1
2024-06-18 00:10:00+02:00,13.7,13.7,14.0,12.7,94.0,22.8,81.0,0.0,0.0,0.0,0.0,0.0,0.0,2.6,27.2,180.0,2.7,4.0,119.0,1005.0,1005.0,2.7,5.1
2024-06-18 00:15:00+02:00,13.6,13.6,13.9,12.7,94.0,22.7,81.0,0.0,0.0,0.0,0.0,0.0,0.0,2.6,27.2,180.0,2.4,3.6,113.0,1005.1,1005.1,2.7,5.0
2024-06-18 00:20:00+02:00,13.5,13.5,14.0,12.6,94.0,22.7,81.0,0.0,0.0,0.0,0.0,0.0,0.0,2.6,27.2,180.0,1.8,3.2,118.0,1005.0,1005.0,2.7,5.0
2024-06-18 00:25:00+02:00,13.5,13.5,14.0,12.5,94.0,22.6,81.0,0.0,0.0,0.0,0.0,0.0,0.0,2.6,27.2,180.0,1.2,2.5,120.0,1005.1,1005.1,2.7,5.0
2024-06-18 00:30:00+02:00,13.4,13.4,13.7,12.6,95.0,22.5,81.0,0.0,0.0,0.0,0.0,0.0,0.0,2.6,27.2,180.0,2.4,3.2,113.0,1005.1,1005.1,2.7,5.0
2024-06-18 00:35:00+02:00,13.3,13.3,13.8,12.6,95.0,22.4,81.0,0.0,0.0,0.0,0.0,0.0,0.0,2.6,27.2,180.0,1.5,2.9,118.0,1005.0,1005.0,2.7,5.0
2024-06-18 00:40:00+02:00,13.3,13.3,13.6,12.5,95.0,22.3,81.0,0.0,0.0,0.0,0.0,0.0,0.0,2.6,27.2,180.0,2.3,3.6,116.0,1005.1,1005.1,2.7,5.0
2024-06-18 00:45:00+02:00,13.2,13.2,13.8,12.5,95.0,22.3,81.0,0.0,0.0,0.0,0.0,0.0,0.0,2.6,27.2,180.0,0.8,2.9,120.0,1005.1,1005.1,2.7,5.0
2024-06-18 00:50:00+02:00,13.2,13.2,13.4,12.4,95.0,22.2,81.0,0.0,0.0,0.0,0.0,0.0,0.0,2.6,27.2,180.0,2.8,4.0,113.0,1005.1,1005.1,2.7,5.0
2024-06-18 00:55:00+02:00,13.2,13.2,13.7,12.5,96.0,22.0,81.0,0.0,0.0,0.0,0.0,0.0,0.0,2.6,27.2,180.0,1.4,4.0,118.0,1005.1,1005.1,2.7,5.0
2024-06-18 01:00:00+02:00,13.0,13.0,13.7,12.2,95.0,21.9,81.0,0.0,0.0,0.0,0.0,0.0,0.0,2.6,27.2,180.0,0.0,2.2,123.0,1005.2,1005.2,2.7,5.0
2024-06-18 01:05:00+02:00,12.8,12.8,13.4,12.0,95.0,21.9,81.0,0.0,0.0,0.0,0.0,0.0,0.0,2.6,27.2,180.0,0.0,1.8,132.0,1005.2,1005.2,2.7,5.0
2024-06-18 01:10:00+02:00,12.8,12.8,13.4,12.1,96.0,21.8,81.0,0.0,0.0,0.0,0.0,0.0,0.0,2.6,27.2,180.0,0.4,2.2,110.0,1005.1,1005.1,2.7,5.0
2024-06-18 01:15:00+02:00,12.9,12.9,13.0,12.2,96.0,21.8,81.0,0.0,0.0,0.0,0.0,0.0,0.0,2.6,27.2,180.0,3.0,4.3,106.0,1005.2,1005.2,2.7,5.0
2024-06-18 01:20:00+02:00,12.9,12.9,13.2,12.3,96.0,21.7,80.0,0.0,0.0,0.0,0.0,0.0,0.0,2.6,27.2,180.0,2.1,4.0,108.0,1005.2,1005.2,2.7,5.0
2024-06-18 01:25:00+02:00,12.9,12.9,13.4,12.3,96.0,21.7,81.0,0.0,0.0,0.0,0.0,0.0,0.0,2.6,27.2,180.0,1.3,2.9,105.0,1005.2,1005.2,2.7,5.0
2024-06-18 01:30:00+02:00,12.8,12.8,13.4,12.1,96.0,21.4,81.0,0.0,0.0,0.0,0.0,0.0,0.0,2.6,27.2,180.0,0.0,2.5,110.0,1005.3,1005.3,2.7,5.0
2024-06-18 01:35:00+02:00,12.6,12.6,12.9,12.1,97.0,21.4,81.0,0.0,0.0,0.0,0.0,0.0,0.0,2.6,27.2,180.0,1.7,2.9,106.0,1005.2,1005.2,2.7,5.0
2024-06-18 01:40:00+02:00,12.7,12.7,13.0,12.3,97.0,21.4,81.0,0.0,0.0,0.0,0.0,0.0,0.0,2.6,27.2,180.0,1.9,3.2,106.0,1005.2,1005.2,2.7,5.0
2024-06-18 01:45:00+02:00,12.7,12.7,13.1,12.3,97.0,21.3,81.0,0.0,0.0,0.0,0.0,0.0,0.0,2.6,27.2,180.0,1.7,2.9,109.0,1005.3,1005.3,2.7,5.0
2024-06-18 01:50:00+02:00,12.6,12.6,12.8,12.2,97.0,21.2,81.0,0.0,0.0,0.0,0.0,0.0,0.0,2.6,27.2,180.0,2.4,3.2,103.0,1005.3,1005.3,2.7,5.0
2024-06-18 01:55:00+02:00,12.6,12.6,12.8,12.2,97.0,21.2,81.0,0.0,0.0,0.0,0.0,0.0,0.0,2.6,27.2,180.0,2.5,3.2,106.0,1005.2,1005.2,2.7,5.0
2024-06-18 02:00:00+02:00,12.5,12.5,12.7,12.1,97.0,21.1,81.0,0.0,0.0,0.0,0.0,0.0,0.0,2.6,27.2,180.0,2.4,3.6,99.0,1005.3,1005.3,2.7,5.0
2024-06-18 02:05:00+02:00,12.5,12.5,12.7,12.1,97.0,21.0,81.0,0.0,0.0,0.0,0.0,0.0,0.0,2.6,27.2,180.0,2.3,3.2,99.0,1005.2,1005.2,2.7,4.9
2024-06-18 02:10:00+02:00,12.5,12.5,12.6,12.1,97.0,20.8,81.0,0.0,0.0,0.0,0.0,0.0,0.0,2.6,27.2,180.0,2.7,3.2,106.0,1005.2,1005.2,2.7,4.9
2024-06-18 02:15:00+02:00,12.4,12.4,12.8,12.0,97.0,20.7,81.0,0.0,0.0,0.0,0.0,0.0,0.0,2.6,27.2,180.0,1.3,3.2,109.0,1005.2,1005.2,2.7,4.9
2024-06-18 02:20:00+02:00,12.4,12.4,12.8,11.9,97.0,20.7,81.0,0.0,0.0,0.0,0.0,0.0,0.0,2.6,27.2,180.0,0.9,2.9,104.0,1005.2,1005.2,2.7,4.9
2024-06-18 02:25:00+02:00,12.3,12.3,12.8,11.9,97.0,20.6,81.0,0.0,0.0,0.0,0.0,0.0,0.0,2.6,27.2,180.0,0.4,2.5,118.0,1005.2,1005.2,2.7,4.9
2024-06-18 02:30:00+02:00,12.3,12.3,12.9,11.8,97.0,20.5,81.0,0.0,0.0,0.0,0.0,0.0,0.0,2.6,27.2,180.0,0.0,2.5,101.0,1005.1,1005.1,2.7,4.9
2024-06-18 02:35:00+02:00,12.3,12.3,12.5,11.8,97.0,20.4,81.0,0.0,0.0,0.0,0.0,0.0,0.0,2.6,27.2,180.0,1.7,2.5,117.0,1005.0,1005.0,2.7,4.9
2024-06-18 02:40:00+02:00,12.3,12.3,12.7,11.9,97.0,20.4,81.0,0.0,0.0,0.0,0.0,0.0,0.0,2.6,27.2,180.0,0.8,2.5,116.0,1005.0,1005.0,2.7,4.9
2024-06-18 02:45:00+02:00,12.3,12.3,12.6,12.0,98.0,20.3,81.0,0.0,0.0,0.0,0.0,0.0,0.0,2.6,27.2,180.0,1.7,3.6,115.0,1005.1,1005.1,2.7,4.9
2024-06-18 02:50:00+02:00,12.2,12.2,12.7,11.9,98.0,20.2,81.0,0.0,0.0,0.0,0.0,0.0,0.0,2.6,27.2,180.0,0.5,2.5,131.0,1005.2,1005.2,2.7,4.9
2024-06-18 02:55:00+02:00,12.1,12.1,12.6,11.8,98.0,20.3,81.0,0.0,0.0,0.0,0.0,0.0,0.0,2.6,27.2,180.0,0.0,2.2,107.0,1005.1,1005.1,2.7,4.9
2024-06-18 03:00:00+02:00,12.0,12.0,12.6,11.8,98.0,20.2,81.0,0.0,0.0,0.0,0.0,0.0,0.0,2.6,27.2,180.0,0.0,2.2,83.0,1005.2,1005.2,2.7,4.9
2024-06-18 03:05:00+02:00,12.4,12.4,13.1,12.1,98.0,20.1,81.0,0.0,0.0,0.0,0.0,0.0,0.0,2.6,27.2,180.0,0.0,0.0,296.0,1005.1,1005.1,2.7,4.9
2024-06-18 03:10:00+02:00,12.4,12.4,13.1,12.1,98.0,20.0,81.0,0.0,0.0,0.0,0.0,0.0,0.0,2.6,27.2,180.0,0.0,2.2,308.0,1005.1,1005.1,2.7,4.9
2024-06-18 03:15:00+02:00,12.3,12.3,12.5,12.0,98.0,20.0,81.0,0.0,0.0,0.0,0.0,0.0,0.0,2.6,27.2,180.0,2.2,2.9,106.0,1005.1,1005.1,2.7,4.9
2024-06-18 03:20:00+02:00,12.3,12.3,12.4,12.0,98.0,19.9,81.0,0.0,0.0,0.0,0.0,0.0,0.0,2.6,27.2,180.0,2.5,3.2,116.0,1005.1,1005.1,2.7,4.9
2024-06-18 03:25:00+02:00,12.2,12.2,12.5,12.0,98.0,19.9,81.0,0.0,0.0,0.0,0.0,0.0,0.0,2.6,27.2,180.0,1.5,3.2,119.0,1005.1,1005.1,2.7,4.9
2024-06-18 03:30:00+02:00,12.2,12.2,12.3,11.9,98.0,19.8,81.0,0.0,0.0,0.0,0.0,0.0,0.0,2.6,27.2,180.0,2.4,3.2,115.0,1005.1,1005.1,2.7,4.9
2024-06-18 03:35:00+02:00,12.3,12.3,12.4,12.0,98.0,19.8,81.0,0.0,0.0,0.0,0.0,0.0,0.0,2.6,27.2,180.0,2.3,3.2,124.0,1005.2,1005.2,2.7,4.9
2024-06-18 03:40:00+02:00,12.2,12.2,12.4,11.9,98.0,19.7,81.0,0.0,0.0,0.0,0.0,0.0,0.0,2.6,27.2,180.0,2.2,2.9,115.0,1005.1,1005.1,2.7,4.9
2024-06-18 03:45:00+02:00,12.2,12.2,12.5,11.9,98.0,19.7,81.0,0.0,0.0,0.0,0.0,0.0,0.0,2.6,27.2,180.0,1.7,2.9,117.0,1005.1,1005.1,2.7,4.9
2024-06-18 03:50:00+02:00,12.2,12.2,12.5,11.9,98.0,19.6,81.0,0.0,0.0,0.0,0.0,0.0,0.0,2.6,27.2,180.0,1.5,3.6,110.0,1005.0,1005.0,2.7,4.9
2024-06-18 03:55:00+02:00,12.2,12.2,12.4,11.9,98.0,19.5,81.0,0.0,0.0,0.0,0.0,0.0,0.0,2.6,27.2,180.0,2.1,2.9,114.0,1004.8,1004.8,2.7,4.8
2024-06-18 04:00:00+02:00,12.2,12.2,12.5,11.9,98.0,19.5,81.0,0.0,0.0,0.0,0.0,0.0,0.0,2.6,27.2,180.0,1.4,3.2,117.0,1005.0,1005.0,2.7,4.8
2024-06-18 04:05:00+02:00,12.2,12.2,12.6,11.9,98.0,19.4,81.0,0.0,0.0,0.0,0.0,0.0,0.0,2.6,27.2,180.0,0.7,2.5,104.0,1005.0,1005.0,2.7,4.8
2024-06-18 04:10:00+02:00,12.2,12.2,12.8,12.0,98.0,19.4,81.0,0.0,0.0,0.0,0.0,0.0,0.0,2.6,27.2,180.0,0.0,0.0,104.0,1005.0,1005.0,2.7,4.8
2024-06-18 04:15:00+02:00,12.2,12.2,12.7,11.9,98.0,19.3,81.0,0.0,0.0,0.0,0.0,0.0,0.0,2.6,27.2,180.0,0.0,2.2,127.0,1005.0,1005.0,2.7,4.8
2024-06-18 04:20:00+02:00,12.2,12.2,12.7,11.9,98.0,19.3,81.0,0.0,0.0,0.0,0.0,0.0,0.0,2.6,27.2,180.0,0.4,2.2,105.0,1005.0,1005.0,2.7,4.8
2024-06-18 04:25:00+02:00,12.2,12.2,12.4,11.9,98.0,19.3,81.0,0.0,0.0,0.0,0.0,0.0,0.0,2.6,27.2,180.0,1.9,2.9,115.0,1004.9,1004.9,2.7,4.8
2024-06-18 04:30:00+02:00,12.3,12.3,12.7,12.0,98.0,19.2,81.0,0.0,0.0,0.0,0.0,0.0,0.0,2.6,27.2,180.0,0.9,2.9,112.0,1004.9,1004.9,2.7,4.8
2024-06-18 04:35:00+02:00,12.4,12.4,12.7,12.1,98.0,19.2,81.0,0.0,0.0,0.0,0.0,0.0,0.0,2.6,27.2,180.0,2.0,2.9,126.0,1004.9,1004.9,2.7,4.8
2024-06-18 04:40:00+02:00,12.3,12.3,13.0,12.0,98.0,19.2,81.0,0.1,0.0,0.0,0.0,0.0,0.0,2.6,27.2,180.0,0.0,2.5,119.0,1005.0,1005.0,2.7,4.8
2024-06-18 04:45:00+02:00,12.3,12.3,13.0,12.0,98.0,19.1,82.0,0.2,0.0,0.0,0.0,0.0,0.0,2.6,27.2,180.0,0.0,1.8,135.0,1005.0,1005.0,2.7,4.8
2024-06-18 04:50:00+02:00,12.3,12.3,13.0,12.0,98.0,19.1,82.0,0.3,0.0,0.0,0.0,0.0,0.0,2.6,27.2,180.0,0.0,0.0,114.0,1004.9,1004.9,2.7,4.8
2024-06-18 04:55:00+02:00,12.5,12.5,13.1,12.1,98.0,19.1,82.0,0.6,0.0,0.0,0.0,0.0,0.0,2.6,27.2,180.0,0.0,0.0,121.0,1004.7,1004.7,2.7,4.8
2024-06-18 05:00:00+02:00,12.5,12.5,13.2,12.2,98.0,19.0,82.0,1.0,0.0,0.0,0.0,0.0,0.0,2.6,27.2,180.0,0.0,0.0,130.0,1004.8,1004.8,2.7,4.8
2024-06-18 05:05:00+02:00,12.5,12.5,13.2,12.2,98.0,19.0,82.0,1.7,0.0,0.0,0.0,0.0,0.0,2.6,27.2,180.0,0.0,1.8,73.0,1004.9,1004.9,2.7,4.8
2024-06-18 05:10:00+02:00,12.5,12.5,13.2,12.2,98.0,18.9,82.0,2.5,0.0,0.0,0.0,0.0,0.0,2.6,27.2,180.0,0.0,1.8,107.0,1004.9,1004.9,2.7,4.8
2024-06-18 05:15:00+02:00,12.5,12.5,13.2,12.2,98.0,18.9,82.0,3.4,0.0,0.0,0.0,0.0,0.0,2.6,27.2,180.0,0.0,0.0,128.0,1004.9,1004.9,2.7,4.8
2024-06-18 05:20:00+02:00,12.7,12.7,13.4,12.4,98.0,18.9,82.0,4.0,0.0,0.0,0.0,0.0,0.0,2.6,27.2,180.0,0.0,2.2,105.0,1004.9,1004.9,2.7,4.8
2024-06-18 05:25:00+02:00,12.9,12.9,13.7,12.7,99.0,18.9,82.0,5.0,0.0,0.0,0.0,0.0,0.0,2.6,27.2,180.0,0.0,2.2,109.0,1005.0,1005.0,2.7,4.8
2024-06-18 05:30:00+02:00,13.1,13.1,13.8,12.9,99.0,18.9,82.0,6.2,0.0,0.0,0.0,0.0,0.0,2.6,27.2,180.0,1.1,2.2,122.0,1004.8,1004.8,2.7,4.8
2024-06-18 05:35:00+02:00,13.3,13.3,14.0,13.1,99.0,18.8,82.0,8.3,0.0,0.0,0.0,0.0,0.0,2.6,27.2,180.0,1.2,3.6,119.0,1004.7,1004.7,2.7,4.8
2024-06-18 05:40:00+02:00,13.5,13.5,14.3,13.3,99.0,18.8,82.0,9.2,0.0,0.0,0.0,0.0,0.0,2.6,27.2,180.0,0.9,3.6,124.0,1004.7,1004.7,2.7,4.8
2024-06-18 05:45:00+02:00,13.5,13.5,14.3,13.3,99.0,18.8,82.0,10.9,0.0,0.0,0.0,0.0,0.0,2.6,27.2,180.0,1.2,2.9,118.0,1004.8,1004.8,2.7,4.7
2024-06-18 05:50:00+02:00,13.7,13.7,14.6,13.5,99.0,18.8,82.0,11.6,0.0,0.0,0.0,0.0,0.0,2.6,27.2,180.0,0.7,2.9,128.0,1004.7,1004.7,2.7,4.7
2024-06-18 05:55:00+02:00,13.7,13.7,14.6,13.5,99.0,18.8,82.0,11.6,0.0,0.0,0.0,0.0,0.0,2.6,27.2,180.0,0.7,2.2,127.0,1004.7,1004.7,2.7,4.7
2024-06-18 06:00:00+02:00,13.7,13.7,14.9,13.6,99.0,18.8,82.0,13.7,0.0,0.0,0.0,0.0,0.0,2.6,27.2,180.0,0.0,2.5,126.0,1004.7,1004.7,2.7,4.7
2024-06-18 06:05:00+02:00,13.9,13.9,14.9,13.7,99.0,18.8,82.0,15.6,0.0,0.0,0.0,0.0,0.0,2.6,27.2,180.0,0.7,3.6,124.0,1004.7,1004.7,2.7,4.7
2024-06-18 06:10:00+02:00,14.1,14.1,15.1,13.9,99.0,18.8,82.0,15.6,0.0,0.0,0.0,0.0,0.0,2.6,27.2,180.0,1.4,5.4,103.0,1004.7,1004.7,2.7,4.7
2024-06-18 06:15:00+02:00,14.3,14.3,15.0,14.1,99.0,18.8,83.0,18.0,0.0,0.0,0.0,0.0,0.0,2.6,27.2,180.0,3.2,6.5,112.0,1004.8,1004.8,2.7,4.7
2024-06-18 06:20:00+02:00,14.4,14.4,15.2,14.2,99.0,18.8,83.0,20.4,0.0,0.0,0.0,0.0,0.0,2.6,27.2,180.0,2.4,4.7,102.0,1004.7,1004.7,2.7,4.7
2024-06-18 06:25:00+02:00,14.4,14.4,15.4,14.1,98.0,18.8,83.0,25.0,0.0,0.0,0.0,0.0,0.0,2.6,27.2,180.0,1.6,4.3,98.0,1004.7,1004.7,2.7,4.7
2024-06-18 06:30:00+02:00,14.5,14.5,15.5,14.2,98.0,18.8,83.0,25.7,0.0,0.0,0.0,0.0,0.0,2.6,27.2,180.0,1.4,4.0,109.0,1004.7,1004.7,2.7,4.7
2024-06-18 06:35:00+02:00,14.6,14.6,15.7,14.2,98.0,18.8,83.0,24.7,0.0,0.0,0.0,0.0,0.0,2.6,27.2,180.0,0.9,2.9,104.0,1004.7,1004.7,2.7,4.7
2024-06-18 06:40:00+02:00,14.6,14.6,16.0,14.3,98.0,18.9,83.0,24.7,0.0,0.0,0.0,0.0,0.0,2.6,27.2,180.0,0.0,1.8,205.0,1004.8,1004.8,2.7,4.7
2024-06-18 06:45:00+02:00,14.7,14.7,16.1,14.4,98.0,18.9,83.0,27.3,0.0,0.0,0.0,0.0,0.0,2.6,27.2,180.0,0.0,1.8,65.0,1004.6,1004.6,2.7,4.7
2024-06-18 06:50:00+02:00,14.7,14.7,16.1,14.4,98.0,18.9,83.0,27.6,0.0,0.0,0.0,0.0,0.0,2.6,27.2,180.0,0.0,1.8,132.0,1004.8,1004.8,2.7,4.7
2024-06-18 06:55:00+02:00,14.8,14.8,16.2,14.4,97.0,18.9,83.0,30.5,0.0,0.0,0.0,0.0,0.0,2.6,27.2,180.0,0.0,2.2,112.0,1004.7,1004.7,2.7,4.7
2024-06-18 07:00:00+02:00,14.8,14.8,16.2,14.4,97.0,18.9,83.0,34.1,0.0,0.0,0.0,0.0,0.0,2.6,27.2,180.0,0.0,1.8,128.0,1004.6,1004.6,2.7,4.7
2024-06-18 07:05:00+02:00,14.9,14.9,16.2,14.4,97.0,19.0,83.0,46.2,0.0,0.0,0.0,0.0,0.0,2.6,27.2,180.0,0.6,3.2,94.0,1004.6,1004.6,2.7,4.7
2024-06-18 07:10:00+02:00,15.0,15.0,16.2,14.5,97.0,19.0,83.0,57.9,0.0,0.0,0.0,0.0,0.0,2.6,27.2,180.0,0.9,3.6,112.0,1004.5,1004.5,2.7,4.7
2024-06-18 07:15:00+02:00,15.1,15.1,16.3,14.5,96.0,19.0,83.0,63.5,0.0,0.0,0.0,0.0,0.0,2.6,27.2,180.0,0.9,3.2,97.0,1004.4,1004.4,2.7,4.8
2024-06-18 07:20:00+02:00,15.4,15.4,16.9,14.8,96.0,19.0,83.0,57.9,0.0,0.0,0.0,0.0,0.0,2.6,27.2,180.0,0.0,2.2,97.0,1004.5,1004.5,2.7,4.8
2024-06-18 07:25:00+02:00,15.5,15.5,16.8,14.8,95.0,19.1,84.0,53.9,0.0,0.0,0.0,0.0,0.0,2.6,27.2,180.0,1.1,3.6,140.0,1004.5,1004.5,2.7,4.8
2024-06-18 07:30:00+02:00,15.6,15.6,16.7,14.6,94.0,19.1,84.0,72.6,0.0,0.0,0.0,0.0,0.0,2.6,27.2,180.0,2.2,3.6,126.0,1004.4,1004.4,2.7,4.8
2024-06-18 07:35:00+02:00,15.9,15.9,16.7,14.5,91.0,19.2,84.0,82.2,0.0,0.0,0.0,0.0,0.0,2.6,27.2,180.0,3.3,5.8,119.0,1004.6,1004.6,2.7,4.8
2024-06-18 07:40:00+02:00,16.1,16.1,17.0,14.4,90.0,19.2,84.0,93.7,0.0,0.0,0.0,0.0,0.0,2.6,27.2,180.0,2.9,4.7,133.0,1004.5,1004.5,2.7,4.8
2024-06-18 07:45:00+02:00,16.3,16.3,17.3,14.5,89.0,19.2,84.0,96.4,0.0,0.0,0.0,0.0,0.0,2.6,27.2,180.0,2.2,5.0,133.0,1004.5,1004.5,2.7,4.8
2024-06-18 07:50:00+02:00,16.6,16.6,17.7,14.5,88.0,19.3,84.0,90.0,0.0,0.0,0.0,0.0,0.0,2.6,27.2,180.0,1.7,5.0,113.0,1004.7,1004.7,2.7,4.8
2024-06-18 07:55:00+02:00,16.7,16.7,17.9,14.5,87.0,19.3,84.0,102.8,0.0,0.0,0.0,0.0,0.0,2.6,27.2,180.0,1.3,4.0,104.0,1004.6,1004.6,2.7,4.9
2024-06-18 08:00:00+02:00,16.9,16.9,18.4,14.7,87.0,19.3,84.0,119.0,1.0,0.0,0.0,0.0,0.0,2.6,27.2,180.0,0.0,4.0,102.0,1004.7,1004.7,2.7,4.9
2024-06-18 08:05:00+02:00,17.2,17.2,18.5,14.7,85.0,19.4,84.0,130.3,1.0,0.0,0.0,0.0,0.0,2.6,27.2,180.0,1.4,4.0,99.0,1004.5,1004.5,2.7,4.9
2024-06-18 08:10:00+02:00,17.4,17.4,18.3,14.6,84.0,19.4,84.0,127.5,1.0,0.0,0.0,0.0,0.0,2.6,27.2,180.0,3.0,5.8,130.0,1004.6,1004.6,2.7,4.9
2024-06-18 08:15:00+02:00,17.5,17.5,18.9,14.8,84.0,19.5,85.0,131.8,1.0,0.0,0.0,0.0,0.0,2.6,27.2,180.0,0.9,5.8,141.0,1004.6,1004.6,2.7,4.9
2024-06-18 08:20:00+02:00,17.7,17.7,18.9,14.9,83.0,19.6,85.0,142.8,1.0,0.0,0.0,0.0,0.0,2.6,27.2,180.0,1.9,4.3,130.0,1004.6,1004.6,2.7,4.9
2024-06-18 08:25:00+02:00,17.8,17.8,18.5,14.7,82.0,19.7,85.0,171.6,1.0,0.0,0.0,0.0,0.0,2.6,27.2,180.0,4.5,9.0,128.0,1004.7,1004.7,2.7,5.0
2024-06-18 08:30:00+02:00,17.8,17.8,18.4,14.8,82.0,19.7,85.0,182.7,1.0,0.0,0.0,0.0,0.0,2.6,27.2,180.0,5.0,9.0,123.0,1004.7,1004.7,2.7,5.0
2024-06-18 08:35:00+02:00,18.0,18.0,18.7,15.0,82.0,19.8,85.0,187.7,1.0,0.0,0.0,0.0,0.0,2.6,27.2,180.0,4.8,7.6,128.0,1004.6,1004.6,2.7,5.1
2024-06-18 08:40:00+02:00,18.2,18.2,18.7,14.9,81.0,19.9,86.0,208.8,1.0,0.0,0.0,0.0,0.0,2.6,27.2,180.0,5.8,9.7,135.0,1004.5,1004.5,2.7,5.1
2024-06-18 08:45:00+02:00,18.4,18.4,19.5,15.1,81.0,20.0,86.0,204.7,1.0,0.0,0.0,0.0,0.0,2.6,27.2,180.0,3.3,7.6,126.0,1004.4,1004.4,2.7,5.1
2024-06-18 08:50:00+02:00,18.7,18.7,19.5,15.1,79.0,20.2,86.0,179.3,1.0,0.0,0.0,0.0,0.0,2.6,27.2,180.0,4.2,7.9,144.0,1004.6,1004.6,2.7,5.1
2024-06-18 08:55:00+02:00,18.9,18.9,19.7,15.1,79.0,20.2,86.0,248.1,2.0,0.0,0.0,0.0,0.0,2.6,27.2,180.0,4.3,8.6,130.0,1004.6,1004.6,2.7,5.2
2024-06-18 09:00:00+02:00,19.1,19.1,20.1,15.2,78.0,20.4,86.0,220.9,2.0,0.0,0.0,0.0,0.0,2.6,27.2,180.0,3.9,7.6,116.0,1004.8,1004.8,2.7,5.2
2024-06-18 09:05:00+02:00,19.4,19.4,20.6,15.3,77.0,20.5,86.0,206.8,1.0,0.0,0.0,0.0,0.0,2.6,27.2,180.0,2.8,6.8,107.0,1004.9,1004.9,2.7,5.2
2024-06-18 09:10:00+02:00,19.7,19.7,20.7,15.4,76.0,20.7,87.0,242.0,2.0,0.0,0.0,0.0,0.0,2.6,27.2,180.0,3.5,5.8,127.0,1004.5,1004.5,2.7,5.2
2024-06-18 09:15:00+02:00,19.7,19.7,21.0,15.2,75.0,20.8,86.0,175.9,1.0,0.0,0.0,0.0,0.0,2.6,27.2,180.0,2.2,5.8,127.0,1004.6,1004.6,2.7,5.2
2024-06-18 09:20:00+02:00,20.0,20.0,21.4,15.4,75.0,20.9,87.0,168.6,1.0,0.0,0.0,0.0,0.0,2.6,27.2,180.0,1.8,4.7,65.0,1004.7,1004.7,2.7,5.2
2024-06-18 09:25:00+02:00,20.2,20.2,21.9,15.4,74.0,21.0,87.0,191.0,1.0,0.0,0.0,0.0,0.0,2.6,27.2,180.0,0.4,4.0,356.0,1004.6,1004.6,2.7,5.2
2024-06-18 09:30:00+02:00,20.7,20.7,22.1,15.5,72.0,21.2,87.0,220.8,2.0,0.0,0.0,0.0,0.0,2.6,27.2,180.0,2.3,4.7,187.0,1004.5,1004.5,2.7,5.2
2024-06-18 09:35:00+02:00,20.8,20.8,22.3,15.5,72.0,21.3,86.0,241.2,2.0,0.0,0.0,0.0,0.0,2.6,27.2,180.0,2.0,5.4,119.0,1004.5,1004.5,2.7,5.2
2024-06-18 09:40:00+02:00,20.9,20.9,22.4,15.3,70.0,21.3,87.0,242.5,2.0,0.0,0.0,0.0,0.0,2.6,27.2,180.0,1.2,5.0,74.0,1004.4,1004.4,2.7,5.2
2024-06-18 09:45:00+02:00,21.1,21.1,22.1,15.1,69.0,21.5,87.0,285.6,2.0,0.0,0.0,0.0,0.0,2.6,27.2,180.0,3.2,7.2,181.0,1004.5,1004.5,2.7,5.2
2024-06-18 09:50:00+02:00,21.0,21.0,22.3,15.2,69.0,21.6,87.0,255.9,2.0,0.0,0.0,0.0,0.0,2.6,27.2,180.0,2.1,7.6,146.0,1004.5,1004.5,2.7,5.2
2024-06-18 09:55:00+02:00,21.6,21.6,23.1,15.6,69.0,21.8,87.0,248.2,2.0,0.0,0.0,0.0,0.0,2.6,27.2,180.0,1.7,4.7,135.0,1004.4,1004.4,2.7,5.3
2024-06-18 10:00:00+02:00,21.4,21.4,22.7,15.7,70.0,22.0,87.0,185.9,1.0,0.0,0.0,0.0,0.0,2.6,27.2,180.0,2.9,6.5,136.0,1004.4,1004.4,2.7,5.3
2024-06-18 10:05:00+02:00,21.4,21.4,23.0,15.2,68.0,22.1,87.0,196.8,1.0,0.0,0.0,0.0,0.0,2.6,27.2,180.0,0.4,6.1,163.0,1004.3,1004.3,2.7,5.3
2024-06-18 10:10:00+02:00,21.6,21.6,23.0,15.2,67.0,22.2,87.0,200.4,1.0,0.0,0.0,0.0,0.0,2.6,27.2,180.0,1.7,3.6,147.0,1004.4,1004.4,2.7,5.3
2024-06-18 10:15:00+02:00,21.9,21.9,23.2,15.3,66.0,22.3,87.0,188.7,1.0,0.0,0.0,0.0,0.0,2.6,27.2,180.0,1.9,4.3,359.0,1004.2,1004.2,2.7,5.3
2024-06-18 10:20:00+02:00,21.7,21.7,23.0,15.0,66.0,22.4,87.0,182.4,1.0,0.0,0.0,0.0,0.0,2.6,27.2,180.0,1.6,4.0,47.0,1004.2,1004.2,2.7,5.3
2024-06-18 10:25:00+02:00,21.8,21.8,23.1,14.7,64.0,22.5,87.0,184.1,1.0,0.0,0.0,0.0,0.0,2.6,27.2,180.0,1.5,7.6,130.0,1004.2,1004.2,2.7,5.3
2024-06-18 10:30:00+02:00,21.7,21.7,23.0,14.7,65.0,22.6,87.0,211.6,1.0,0.0,0.0,0.0,0.0,2.6,27.2,180.0,0.8,4.3,129.0,1004.2,1004.2,2.7,5.3
2024-06-18 10:35:00+02:00,22.4,22.4,23.7,15.2,64.0,22.8,87.0,209.4,1.0,0.0,0.0,0.0,0.0,2.6,27.2,180.0,1.7,4.7,346.0,1004.1,1004.1,2.7,5.3
2024-06-18 10:40:00+02:00,22.2,22.2,23.5,15.2,65.0,22.8,87.0,204.5,1.0,0.0,0.0,0.0,0.0,2.6,27.2,180.0,1.8,4.3,31.0,1004.1,1004.1,2.7,5.3
2024-06-18 10:45:00+02:00,21.8,21.8,22.6,14.6,64.0,22.9,86.0,198.6,1.0,0.0,0.0,0.0,0.0,2.6,27.2,180.0,3.9,7.9,45.0,1004.0,1004.0,2.7,5.3
2024-06-18 10:50:00+02:00,21.8,21.8,22.6,14.6,64.0,23.1,86.0,208.0,1.0,0.0,0.0,0.0,0.0,2.6,27.2,180.0,3.4,7.6,353.0,1004.0,1004.0,2.7,5.3
2024-06-18 10:55:00+02:00,21.7,21.7,22.5,14.4,63.0,23.2,86.0,212.6,1.0,0.0,0.0,0.0,0.0,2.6,27.2,180.0,3.1,7.9,343.0,1004.0,1004.0,2.7,5.3
2024-06-18 11:00:00+02:00,22.1,22.1,22.9,14.1,61.0,23.3,86.0,208.0,1.0,0.0,0.0,0.0,0.0,2.6,27.2,180.0,2.4,5.0,305.0,1004.0,1004.0,2.7,5.3
2024-06-18 11:05:00+02:00,22.1,22.1,22.8,14.3,61.0,23.4,86.0,193.6,1.0,0.0,0.0,0.0,0.0,2.6,27.2,180.0,3.6,10.8,354.0,1003.8,1003.8,2.7,5.3
2024-06-18 11:10:00+02:00,22.0,22.0,22.9,15.2,65.0,23.5,86.0,186.8,1.0,0.0,0.0,0.0,0.0,2.6,27.2,180.0,4.2,8.3,290.0,1003.8,1003.8,2.7,5.3
2024-06-18 11:15:00+02:00,21.8,21.8,22.7,15.4,67.0,23.5,86.0,146.0,1.0,0.0,0.0,0.0,0.0,2.6,27.2,180.0,4.5,8.3,311.0,1003.9,1003.9,2.7,5.3
2024-06-18 11:20:00+02:00,21.8,21.8,23.0,15.1,66.0,23.6,86.0,173.2,1.0,0.0,0.0,0.0,0.0,2.6,27.2,180.0,2.4,6.5,323.0,1003.8,1003.8,2.7,5.3
2024-06-18 11:25:00+02:00,22.0,22.0,23.2,15.3,66.0,23.7,86.0,257.2,2.0,0.0,0.0,0.0,0.0,2.6,27.2,180.0,2.6,7.6,349.0,1003.7,1003.7,2.7,5.3
2024-06-18 11:30:00+02:00,21.9,21.9,22.7,15.5,67.0,23.8,86.0,417.0,3.0,0.0,0.0,0.0,0.0,2.6,27.2,180.0,5.5,10.8,355.0,1003.5,1003.5,2.7,5.3
2024-06-18 11:35:00+02:00,22.3,22.3,23.1,15.5,65.0,23.9,86.0,427.8,3.0,0.0,0.0,0.0,0.0,2.6,27.2,180.0,5.4,11.2,329.0,1003.5,1003.5,2.7,5.3
2024-06-18 11:40:00+02:00,23.0,23.0,24.0,14.9,60.0,24.0,86.0,459.0,4.0,0.0,0.0,0.0,0.0,2.6,27.2,180.0,2.7,7.9,295.0,1003.5,1003.5,2.7,5.3
2024-06-18 11:45:00+02:00,23.4,23.4,24.1,14.4,57.0,24.2,86.0,471.7,4.0,0.0,0.0,0.0,0.0,2.6,27.2,180.0,3.5,11.5,35.0,1003.5,1003.5,2.7,5.3
2024-06-18 11:50:00+02:00,23.3,23.3,24.2,15.0,59.0,24.3,86.0,472.1,4.0,0.0,0.0,0.0,0.0,2.6,27.2,180.0,3.8,8.6,292.0,1003.5,1003.5,2.7,5.3
2024-06-18 11:55:00+02:00,23.0,23.0,24.1,15.6,63.0,24.5,86.0,337.8,3.0,0.0,0.0,0.0,0.0,2.6,27.2,180.0,3.7,12.2,318.0,1003.4,1003.4,2.7,5.3
2024-06-18 12:00:00+02:00,23.2,23.2,24.0,14.7,59.0,24.7,86.0,284.7,2.0,0.0,0.0,0.0,0.0,2.6,27.2,180.0,3.5,11.9,146.0,1003.4,1003.4,2.7,5.3
2024-06-18 12:05:00+02:00,23.5,23.5,24.3,14.6,57.0,24.8,86.0,324.9,3.0,0.0,0.0,0.0,0.0,2.6,27.2,180.0,3.2,9.4,331.0,1003.4,1003.4,2.7,5.3
2024-06-18 12:10:00+02:00,23.5,23.5,24.5,15.0,59.0,25.0,86.0,539.3,5.0,0.0,0.0,0.0,0.0,2.6,27.2,180.0,3.2,9.4,86.0,1003.4,1003.4,2.7,5.3
2024-06-18 12:15:00+02:00,24.3,24.3,25.6,15.0,56.0,25.2,85.0,426.6,3.0,0.0,0.0,0.0,0.0,2.6,27.2,180.0,1.3,7.2,32.0,1003.3,1003.3,2.7,5.3
2024-06-18 12:20:00+02:00,24.2,24.2,24.9,15.0,56.0,25.3,86.0,377.7,3.0,0.0,0.0,0.0,0.0,2.6,27.2,180.0,4.5,8.3,3.0,1003.2,1003.2,2.7,5.3
2024-06-18 12:25:00+02:00,23.6,23.6,24.7,15.5,60.0,25.4,86.0,330.9,3.0,0.0,0.0,0.0,0.0,2.6,27.2,180.0,3.7,9.0,31.0,1003.3,1003.3,2.7,5.3
2024-06-18 12:30:00+02:00,23.6,23.6,24.8,15.7,61.0,25.6,86.0,269.6,2.0,0.0,0.0,0.0,0.0,2.6,27.2,180.0,3.8,7.9,348.0,1003.1,1003.1,2.7,5.3
2024-06-18 12:35:00+02:00,23.5,23.5,24.6,14.9,59.0,25.7,86.0,266.0,2.0,0.0,0.0,0.0,0.0,2.6,27.2,180.0,2.1,6.8,157.0,1003.1,1003.1,2.7,5.3
2024-06-18 12:40:00+02:00,23.7,23.7,25.0,14.9,58.0,25.8,86.0,235.9,2.0,0.0,0.0,0.0,0.0,2.6,27.2,180.0,1.4,6.8,3.0,1003.0,1003.0,2.7,5.3
2024-06-18 12:45:00+02:00,24.0,24.0,25.3,15.3,58.0,26.0,85.0,179.7,1.0,0.0,0.0,0.0,0.0,2.6,27.2,180.0,2.3,5.0,357.0,1003.0,1003.0,2.7,5.3
2024-06-18 12:50:00+02:00,23.7,23.7,25.0,15.4,60.0,26.1,85.0,196.9,1.0,0.0,0.0,0.0,0.0,2.6,27.2,180.0,2.2,6.1,260.0,1003.0,1003.0,2.7,5.3
2024-06-18 12:55:00+02:00,24.0,24.0,25.3,15.7,60.0,26.2,85.0,200.6,1.0,0.0,0.0,0.0,0.0,2.6,27.2,180.0,3.0,7.9,88.0,1003.0,1003.0,2.7,5.3
2024-06-18 13:00:00+02:00,23.4,23.4,24.7,15.5,61.0,26.2,85.0,169.6,1.0,0.0,0.0,0.0,0.0,2.6,27.2,180.0,2.6,6.8,95.0,1002.9,1002.9,2.7,5.3
2024-06-18 13:05:00+02:00,23.3,23.3,24.5,15.6,62.0,26.3,85.0,128.7,1.0,0.0,0.0,0.0,0.0,2.6,27.2,180.0,2.9,9.0,283.0,1002.9,1002.9,2.7,5.3
2024-06-18 13:10:00+02:00,23.2,23.2,24.6,15.5,62.0,26.4,84.0,127.5,1.0,0.0,0.0,0.0,0.0,2.6,27.2,180.0,2.2,9.0,9.0,1002.9,1002.9,2.7,5.3
2024-06-18 13:15:00+02:00,23.1,23.1,24.8,15.6,63.0,26.5,84.0,116.0,1.0,0.0,0.0,0.0,0.0,2.6,27.2,180.0,0.7,4.7,176.0,1002.7,1002.7,2.7,5.3
2024-06-18 13:20:00+02:00,23.0,23.0,24.5,15.5,63.0,26.6,84.0,71.3,0.0,0.0,0.0,0.0,0.0,2.6,27.2,180.0,1.3,2.9,138.0,1002.7,1002.7,2.7,5.3
2024-06-18 13:25:00+02:00,23.0,23.0,24.6,15.4,62.0,26.6,84.0,101.0,0.0,0.0,0.0,0.0,0.0,2.6,27.2,180.0,0.8,7.2,110.0,1002.6,1002.6,2.7,5.3
2024-06-18 13:30:00+02:00,22.8,22.8,24.5,15.9,65.0,26.6,84.0,112.2,1.0,0.0,0.0,0.0,0.0,2.6,27.2,180.0,1.3,2.9,77.0,1002.6,1002.6,2.7,5.3
2024-06-18 13:35:00+02:00,22.8,22.8,24.8,16.3,67.0,26.7,83.0,104.4,0.0,0.0,0.0,0.0,0.0,2.6,27.2,180.0,0.4,2.5,142.0,1002.4,1002.4,2.7,5.3
2024-06-18 13:40:00+02:00,22.4,22.4,24.3,16.4,69.0,26.8,83.0,86.9,0.0,0.0,0.0,0.0,0.0,2.6,27.2,180.0,1.7,4.0,145.0,1002.5,1002.5,2.7,5.3
2024-06-18 13:45:00+02:00,22.2,22.2,24.4,16.7,71.0,26.7,83.0,62.3,0.0,0.0,0.0,0.0,0.0,2.6,27.2,180.0,0.4,2.2,161.0,1002.5,1002.5,2.7,5.3
2024-06-18 13:50:00+02:00,22.1,22.1,24.4,16.9,73.0,26.7,83.0,45.7,0.0,0.0,0.0,0.0,0.0,2.6,27.2,180.0,0.0,2.2,166.0,1002.5,1002.5,2.7,5.3
2024-06-18 13:55:00+02:00,21.8,21.8,24.2,17.2,75.0,26.8,83.0,65.8,0.0,0.0,0.0,0.0,0.0,2.6,27.2,180.0,0.4,2.5,136.0,1002.4,1002.4,2.7,5.2
2024-06-18 14:00:00+02:00,21.3,21.3,23.8,17.3,78.0,26.8,83.0,83.0,0.0,0.0,0.0,0.0,0.0,2.6,27.2,180.0,0.0,2.5,147.0,1002.4,1002.4,2.7,5.2
2024-06-18 14:05:00+02:00,21.3,21.3,23.7,17.1,77.0,26.7,83.0,80.3,0.0,0.0,0.0,0.0,0.0,2.6,27.2,180.0,0.0,1.8,154.0,1002.3,1002.3,2.7,5.2
2024-06-18 14:10:00+02:00,21.5,21.5,24.0,17.7,79.0,26.8,82.0,76.7,0.0,0.0,0.0,0.0,0.0,2.6,27.2,180.0,0.9,3.2,276.0,1002.1,1002.1,2.7,5.2
2024-06-18 14:15:00+02:00,21.4,21.4,23.8,17.3,78.0,26.7,83.0,76.4,0.0,0.6,0.1,0.1,0.1,2.7,27.3,180.1,0.4,2.5,280.0,1002.0,1002.0,2.7,5.2
2024-06-18 14:20:00+02:00,21.5,21.5,24.2,17.8,79.0,26.8,82.0,87.1,0.0,0.6,0.1,0.1,0.1,2.7,27.3,180.1,0.0,1.8,284.0,1001.8,1001.8,2.7,5.2
2024-06-18 14:25:00+02:00,21.6,21.6,24.3,17.8,79.0,26.8,82.0,106.2,0.0,0.6,0.1,0.1,0.1,2.7,27.3,180.1,0.0,1.8,310.0,1001.9,1001.9,2.7,5.2
2024-06-18 14:30:00+02:00,21.3,21.3,23.8,17.5,79.0,26.7,82.0,124.9,1.0,0.0,0.1,0.1,0.1,2.7,27.3,180.1,0.4,3.6,304.0,1001.8,1001.8,2.7,5.2
2024-06-18 14:35:00+02:00,21.3,21.3,23.5,17.7,80.0,26.8,82.0,120.1,1.0,0.0,0.1,0.1,0.1,2.7,27.3,180.1,2.7,3.6,280.0,1001.7,1001.7,2.7,5.2
2024-06-18 14:40:00+02:00,21.2,21.2,23.2,17.6,80.0,26.8,82.0,131.0,1.0,0.6,0.2,0.2,0.2,2.8,27.4,180.2,2.8,5.0,280.0,1001.7,1001.7,2.7,5.2
2024-06-18 14:45:00+02:00,21.0,21.0,23.2,17.8,82.0,26.7,83.0,137.3,1.0,1.2,0.3,0.3,0.3,2.9,27.5,180.3,3.0,4.7,289.0,1001.4,1001.4,2.7,5.2
2024-06-18 14:50:00+02:00,21.0,21.0,22.8,18.0,83.0,26.8,82.0,149.8,1.0,1.2,0.4,0.4,0.4,3.0,27.6,180.4,5.2,7.9,304.0,1001.0,1001.0,2.7,5.2
2024-06-18 14:55:00+02:00,20.8,20.8,22.2,17.7,82.0,26.8,82.0,166.4,1.0,1.2,0.5,0.5,0.5,3.1,27.7,180.5,6.2,12.6,271.0,1000.7,1000.7,2.7,5.2
2024-06-18 15:00:00+02:00,20.4,20.4,21.7,17.4,83.0,26.7,83.0,122.4,1.0,1.2,0.5,0.5,0.5,3.1,27.7,180.5,6.1,12.6,291.0,1000.9,1000.9,2.7,5.2
2024-06-18 15:05:00+02:00,20.1,20.1,21.6,17.1,83.0,26.7,83.0,69.8,0.0,0.6,0.5,0.5,0.5,3.1,27.7,180.5,4.2,8.3,262.0,1001.2,1001.2,2.7,5.2
2024-06-18 15:10:00+02:00,19.8,19.8,21.4,16.9,83.0,26.8,83.0,52.0,0.0,0.0,0.5,0.5,0.5,3.1,27.7,180.5,4.0,8.3,262.0,1001.2,1001.2,2.7,5.2
2024-06-18 15:15:00+02:00,19.6,19.6,21.3,16.9,84.0,26.7,83.0,41.0,0.0,2.4,0.9,0.9,0.8,3.5,28.1,180.9,3.3,8.6,284.0,1001.3,1001.3,2.7,5.2
2024-06-18 15:20:00+02:00,19.2,19.2,20.4,16.8,86.0,26.7,82.0,102.3,0.0,4.2,1.2,1.2,1.1,3.8,28.4,181.2,5.8,10.8,290.0,1001.3,1001.3,2.7,5.2
2024-06-18 15:25:00+02:00,19.0,19.0,20.1,16.7,87.0,26.6,82.0,111.9,1.0,3.6,1.2,1.2,1.1,3.8,28.4,181.2,6.0,12.2,289.0,1001.3,1001.3,2.7,5.2
2024-06-18 15:30:00+02:00,18.9,18.9,20.1,16.8,88.0,26.5,82.0,113.1,1.0,0.6,1.2,1.2,1.1,3.8,28.4,181.2,6.1,10.1,286.0,1001.4,1001.4,2.7,5.2
2024-06-18 15:35:00+02:00,18.9,18.9,19.9,16.8,88.0,26.5,83.0,109.2,1.0,0.6,1.3,1.3,1.2,3.9,28.5,181.3,7.0,12.2,279.0,1001.4,1001.4,2.7,5.2
2024-06-18 15:40:00+02:00,18.7,18.7,19.4,16.8,89.0,26.4,83.0,78.7,0.0,1.8,1.5,1.5,1.3,4.1,28.7,181.5,7.9,15.5,280.0,1001.6,1001.6,2.7,5.2
2024-06-18 15:45:00+02:00,18.4,18.4,18.9,16.5,89.0,26.3,82.0,52.6,0.0,2.4,1.6,1.6,1.3,4.2,28.8,181.6,8.4,16.2,289.0,1001.6,1001.6,2.7,5.2
2024-06-18 15:50:00+02:00,18.2,18.2,19.1,16.4,90.0,26.3,82.0,48.8,0.0,1.8,1.8,1.8,1.4,4.4,29.0,181.8,6.4,17.3,278.0,1001.6,1001.6,2.7,5.2
2024-06-18 15:55:00+02:00,17.8,17.8,18.6,16.2,90.0,26.2,82.0,49.8,0.0,2.4,2.0,2.0,1.5,4.6,29.2,182.0,6.5,16.2,294.0,1001.8,1001.8,2.7,5.2
2024-06-18 16:00:00+02:00,17.5,17.5,18.4,16.2,92.0,26.2,82.0,56.8,0.0,3.0,2.3,2.3,1.8,4.9,29.5,182.3,6.1,10.8,286.0,1001.8,1001.8,2.7,5.2
2024-06-18 16:05:00+02:00,17.4,17.4,18.2,16.1,93.0,26.1,82.0,59.1,0.0,3.0,2.5,2.5,2.0,5.1,29.7,182.5,6.1,13.0,283.0,1001.7,1001.7,2.7,5.2
2024-06-18 16:10:00+02:00,17.2,17.2,17.7,16.0,93.0,26.0,81.0,45.9,0.0,3.6,2.9,2.9,2.4,5.5,30.1,182.9,7.6,10.8,286.0,1002.0,1002.0,2.7,5.2
2024-06-18 16:15:00+02:00,17.1,17.1,17.6,15.9,93.0,25.8,81.0,50.1,0.0,6.0,3.6,3.6,2.6,6.2,30.8,183.6,7.3,15.8,306.0,1002.0,1002.0,2.7,5.1
2024-06-18 16:20:00+02:00,17.0,17.0,18.0,16.0,93.0,25.8,81.0,60.2,0.0,6.6,4.0,4.0,2.8,6.6,31.2,184.0,5.0,8.6,295.0,1002.0,1002.0,2.7,5.1
2024-06-18 16:25:00+02:00,17.0,17.0,18.2,16.0,94.0,25.7,81.0,61.2,0.0,6.6,4.2,4.2,3.0,6.8,31.4,184.2,4.1,8.6,277.0,1002.0,1002.0,2.7,5.1
2024-06-18 16:30:00+02:00,17.0,17.0,18.0,16.1,94.0,25.5,81.0,65.7,0.0,2.4,4.4,4.4,3.2,7.0,31.6,184.4,5.0,7.9,277.0,1001.9,1001.9,2.7,5.1
2024-06-18 16:35:00+02:00,17.1,17.1,18.2,16.3,95.0,25.4,80.0,63.4,0.0,3.0,4.7,4.7,3.4,7.3,31.9,184.7,5.2,9.0,289.0,1002.2,1002.2,2.7,5.1
2024-06-18 16:40:00+02:00,17.1,17.1,18.6,16.3,95.0,25.3,80.0,68.8,0.0,3.6,4.8,4.8,3.3,7.4,32.0,184.8,3.0,8.3,299.0,1002.2,1002.2,2.7,5.1
2024-06-18 16:45:00+02:00,17.3,17.3,19.0,16.4,95.0,25.2,80.0,66.2,0.0,2.4,5.1,5.1,3.5,7.7,32.3,185.1,2.7,8.3,280.0,1002.4,1002.4,2.7,5.1
2024-06-18 16:50:00+02:00,17.2,17.2,18.4,16.4,95.0,25.1,80.0,73.6,0.0,3.6,5.5,5.5,3.7,8.1,32.7,185.5,4.9,8.3,280.0,1002.3,1002.3,2.7,5.1
2024-06-18 16:55:00+02:00,17.3,17.3,19.3,16.5,95.0,24.9,80.0,42.1,0.0,3.6,5.6,5.6,3.5,8.2,32.8,185.6,1.3,5.8,262.0,1002.6,1002.6,2.7,5.1
2024-06-18 17:00:00+02:00,17.3,17.3,18.6,16.6,96.0,24.8,80.0,32.9,0.0,3.0,6.0,6.0,3.7,8.6,33.2,186.0,5.1,10.4,292.0,1002.7,1002.7,2.7,5.1
2024-06-18 17:05:00+02:00,17.2,17.2,17.9,16.4,96.0,24.7,80.0,64.0,0.0,3.0,6.1,6.1,3.5,8.7,33.3,186.1,7.2,13.0,276.0,1002.6,1002.6,2.7,5.1
2024-06-18 17:10:00+02:00,17.0,17.0,18.2,16.3,96.0,24.6,80.0,63.4,0.0,3.0,6.2,6.2,3.2,8.8,33.4,186.2,5.0,12.2,272.0,1002.5,1002.5,2.7,5.1
2024-06-18 17:15:00+02:00,17.0,17.0,18.4,16.4,96.0,24.5,80.0,78.1,0.0,1.2,6.2,6.2,2.5,8.8,33.4,186.2,4.0,10.1,289.0,1002.6,1002.6,2.7,5.1
2024-06-18 17:20:00+02:00,17.1,17.1,18.7,16.4,96.0,24.4,80.0,55.5,0.0,0.6,6.3,6.3,2.2,8.9,33.5,186.3,2.9,7.9,321.0,1002.6,1002.6,2.7,5.1
2024-06-18 17:25:00+02:00,17.1,17.1,18.7,16.4,96.0,24.3,80.0,70.0,0.0,0.6,6.3,6.3,2.1,8.9,33.5,186.3,3.0,7.2,308.0,1002.6,1002.6,2.7,5.1
2024-06-18 17:30:00+02:00,17.2,17.2,18.6,16.5,96.0,24.2,80.0,62.7,0.0,0.6,6.3,6.3,1.9,8.9,33.5,186.3,3.9,6.1,299.0,1002.6,1002.6,2.7,5.1
2024-06-18 17:35:00+02:00,17.1,17.1,18.1,16.5,96.0,24.1,80.0,54.5,0.0,0.0,6.3,6.3,1.6,8.9,33.5,186.3,6.2,9.7,297.0,1002.4,1002.4,2.7,5.1
2024-06-18 17:40:00+02:00,17.1,17.1,17.8,16.4,96.0,24.0,81.0,54.6,0.0,0.0,6.3,6.3,1.4,8.9,33.5,186.3,7.2,13.7,353.0,1002.4,1002.4,2.7,5.1
2024-06-18 17:45:00+02:00,17.0,17.0,17.9,16.3,96.0,23.9,81.0,54.7,0.0,0.0,6.3,6.3,1.2,8.9,33.5,186.3,6.1,12.2,299.0,1002.4,1002.4,2.7,5.1
2024-06-18 17:50:00+02:00,16.8,16.8,17.5,16.1,95.0,23.8,81.0,35.0,0.0,0.0,6.3,6.3,0.8,8.9,33.5,186.3,6.8,15.8,334.0,1002.5,1002.5,2.7,5.1
2024-06-18 17:55:00+02:00,16.7,16.7,17.3,16.0,95.0,23.8,81.0,60.0,0.0,0.0,6.3,6.3,0.7,8.9,33.5,186.3,6.9,13.3,311.0,1002.5,1002.5,2.7,5.1
2024-06-18 18:00:00+02:00,16.7,16.7,17.4,15.8,94.0,23.7,81.0,61.9,0.0,0.0,6.3,6.3,0.3,8.9,33.5,186.3,6.1,13.3,329.0,1002.5,1002.5,2.7,5.1
2024-06-18 18:05:00+02:00,16.6,16.6,16.7,15.7,94.0,23.6,81.0,41.8,0.0,0.0,6.3,6.3,0.2,8.9,33.5,186.3,9.3,13.3,316.0,1002.6,1002.6,2.7,5.1
2024-06-18 18:10:00+02:00,16.5,16.5,16.9,15.5,94.0,23.5,81.0,63.5,0.0,0.0,6.3,6.3,0.1,8.9,33.5,186.3,6.9,12.6,289.0,1002.6,1002.6,2.7,5.1
2024-06-18 18:15:00+02:00,16.5,16.5,17.1,15.5,94.0,23.4,81.0,83.0,0.0,0.0,6.3,6.3,0.1,8.9,33.5,186.3,6.2,11.9,320.0,1002.5,1002.5,2.7,5.1
2024-06-18 18:20:00+02:00,16.4,16.4,17.3,15.5,94.0,23.4,81.0,78.6,0.0,0.0,6.3,6.3,0.0,8.9,33.5,186.3,5.0,10.4,301.0,1002.4,1002.4,2.7,5.1
2024-06-18 18:25:00+02:00,16.3,16.3,17.2,15.2,93.0,23.3,81.0,85.6,0.0,0.0,6.3,6.3,0.0,8.9,33.5,186.3,4.2,15.5,323.0,1002.4,1002.4,2.7,5.1
2024-06-18 18:30:00+02:00,16.2,16.2,16.7,15.2,93.0,23.3,81.0,49.5,0.0,0.0,6.3,6.3,0.0,8.9,33.5,186.3,6.0,10.8,306.0,1002.5,1002.5,2.7,5.1
2024-06-18 18:35:00+02:00,16.1,16.1,16.4,15.1,93.0,23.2,81.0,45.1,0.0,0.0,6.3,6.3,0.0,8.9,33.5,186.3,6.7,13.0,308.0,1002.6,1002.6,2.7,5.1
2024-06-18 18:40:00+02:00,16.2,16.2,17.2,15.2,94.0,23.1,81.0,40.5,0.0,0.0,6.3,6.3,0.0,8.9,33.5,186.3,3.2,12.6,296.0,1002.7,1002.7,2.7,5.1
2024-06-18 18:45:00+02:00,16.1,16.1,16.9,15.2,94.0,23.1,81.0,24.9,0.0,0.6,6.4,6.4,0.1,9.0,33.6,186.4,4.3,6.8,288.0,1002.6,1002.6,2.7,5.1
2024-06-18 18:50:00+02:00,16.0,16.0,16.7,15.2,95.0,23.0,81.0,23.6,0.0,0.6,6.4,6.4,0.1,9.0,33.6,186.4,4.7,8.3,286.0,1002.7,1002.7,2.7,5.1
2024-06-18 18:55:00+02:00,15.9,15.9,16.6,15.1,95.0,23.0,81.0,15.3,0.0,0.6,6.5,6.5,0.2,9.1,33.7,186.5,5.0,9.4,281.0,1002.7,1002.7,2.7,5.1
2024-06-18 19:00:00+02:00,15.8,15.8,16.8,15.0,95.0,22.9,82.0,15.2,0.0,0.6,6.5,6.5,0.2,9.1,33.7,186.5,3.2,9.4,277.0,1002.7,1002.7,2.7,5.1
2024-06-18 19:05:00+02:00,15.7,15.7,16.5,14.9,95.0,22.9,81.0,12.8,0.0,0.6,6.5,6.5,0.2,9.1,33.7,186.5,4.1,7.9,295.0,1002.8,1002.8,2.7,5.1
2024-06-18 19:10:00+02:00,15.7,15.7,16.5,14.9,95.0,22.8,81.0,12.8,0.0,0.0,6.5,6.5,0.2,9.1,33.7,186.5,3.8,8.3,306.0,1002.8,1002.8,2.7,5.1
2024-06-18 19:15:00+02:00,15.6,15.6,16.4,15.0,96.0,22.8,81.0,15.9,0.0,0.6,6.6,6.6,0.3,9.2,33.8,186.6,4.2,9.4,287.0,1002.9,1002.9,2.7,5.1
2024-06-18 19:20:00+02:00,15.5,15.5,16.2,14.8,95.0,22.7,81.0,18.8,0.0,1.8,6.8,6.8,0.5,9.4,34.0,186.8,4.5,9.7,306.0,1002.9,1002.9,2.7,5.1
2024-06-18 19:25:00+02:00,15.4,15.4,15.8,14.6,95.0,22.7,81.0,18.4,0.0,1.8,6.9,6.9,0.6,9.5,34.1,186.9,5.5,13.3,13.0,1003.0,1003.0,2.7,5.0
2024-06-18 19:30:00+02:00,15.3,15.3,15.7,14.6,95.0,22.6,81.0,16.6,0.0,1.8,7.0,7.0,0.7,9.6,34.2,187.0,5.7,11.9,358.0,1003.0,1003.0,2.7,5.0
2024-06-18 19:35:00+02:00,15.3,15.3,15.8,14.5,95.0,22.5,81.0,12.3,0.0,1.2,7.1,7.1,0.8,9.7,34.3,187.1,4.7,12.6,357.0,1002.9,1002.9,2.7,5.0
2024-06-18 19:40:00+02:00,15.2,15.2,15.9,14.4,95.0,22.4,81.0,12.4,0.0,1.8,7.3,7.3,1.0,9.9,34.5,187.3,3.4,9.0,7.0,1003.1,1003.1,2.7,5.0
2024-06-18 19:45:00+02:00,15.2,15.2,15.7,14.4,95.0,22.3,81.0,12.6,0.0,3.0,7.6,7.6,1.2,10.2,34.8,187.6,4.8,10.1,310.0,1003.1,1003.1,2.7,5.0
2024-06-18 19:50:00+02:00,15.2,15.2,16.0,14.5,95.0,22.2,81.0,9.8,0.0,3.6,7.8,7.8,1.4,10.4,35.0,187.8,3.0,7.9,307.0,1003.1,1003.1,2.7,5.0
2024-06-18 19:55:00+02:00,15.1,15.1,15.9,14.5,96.0,22.2,81.0,9.5,0.0,3.0,7.9,7.9,1.4,10.5,35.1,187.9,3.2,7.9,296.0,1003.1,1003.1,2.7,4.9
2024-06-18 20:00:00+02:00,15.1,15.1,16.1,14.5,96.0,22.1,81.0,9.9,0.0,1.8,8.1,8.1,1.6,10.7,35.3,188.1,2.2,6.5,292.0,1003.2,1003.2,2.7,4.9
2024-06-18 20:05:00+02:00,15.1,15.1,16.2,14.5,96.0,22.0,81.0,12.0,0.0,2.4,8.3,8.3,1.8,10.9,35.5,188.3,1.7,6.5,357.0,1003.2,1003.2,2.7,4.9
2024-06-18 20:10:00+02:00,15.1,15.1,16.1,14.5,96.0,21.9,81.0,17.4,0.0,1.8,8.4,8.4,1.9,11.0,35.6,188.4,1.9,5.4,337.0,1003.1,1003.1,2.7,4.9
2024-06-18 20:15:00+02:00,15.2,15.2,15.9,14.6,96.0,21.9,81.0,20.8,0.0,1.8,8.6,8.6,1.9,11.2,35.8,188.6,3.7,7.6,323.0,1003.1,1003.1,2.7,4.9
2024-06-18 20:20:00+02:00,15.2,15.2,16.2,14.8,97.0,21.8,81.0,18.7,0.0,1.8,8.7,8.7,1.9,11.3,35.9,188.7,2.4,6.1,306.0,1003.1,1003.1,2.7,4.9
2024-06-18 20:25:00+02:00,15.2,15.2,16.2,14.8,97.0,21.7,81.0,14.0,0.0,1.8,8.8,8.8,1.9,11.4,36.0,188.8,2.5,5.8,319.0,1003.0,1003.0,2.7,4.9
2024-06-18 20:30:00+02:00,15.2,15.2,16.1,14.8,97.0,21.7,81.0,10.2,0.0,0.6,8.8,8.8,1.8,11.4,36.0,188.8,3.2,10.8,307.0,1002.8,1002.8,2.7,4.9
2024-06-18 20:35:00+02:00,15.2,15.2,16.1,14.8,97.0,21.7,81.0,10.8,0.0,0.0,8.8,8.8,1.7,11.4,36.0,188.8,3.3,8.3,272.0,1002.9,1002.9,2.7,4.8
2024-06-18 20:40:00+02:00,15.2,15.2,15.9,14.7,97.0,21.6,81.0,10.5,0.0,0.0,8.8,8.8,1.5,11.4,36.0,188.8,3.7,6.8,308.0,1003.1,1003.1,2.7,4.8
2024-06-18 20:45:00+02:00,15.1,15.1,15.9,14.7,97.0,21.5,81.0,7.6,0.0,0.6,8.9,8.9,1.3,11.5,36.1,188.9,3.5,7.9,290.0,1003.2,1003.2,2.7,4.8
2024-06-18 20:50:00+02:00,15.1,15.1,16.3,14.7,97.0,21.5,81.0,6.5,0.0,0.6,8.9,8.9,1.1,11.5,36.1,188.9,1.2,5.0,267.0,1003.2,1003.2,2.7,4.8
2024-06-18 20:55:00+02:00,15.1,15.1,15.4,14.7,97.0,21.4,81.0,5.2,0.0,0.0,8.9,8.9,0.9,11.5,36.1,188.9,6.2,15.1,317.0,1003.2,1003.2,2.7,4.8
2024-06-18 21:00:00+02:00,15.1,15.1,15.9,14.7,97.0,21.3,81.0,6.1,0.0,0.6,9.0,9.0,0.8,11.6,36.2,189.0,3.7,9.4,343.0,1003.1,1003.1,2.7,4.8
2024-06-18 21:05:00+02:00,15.2,15.2,16.4,14.7,97.0,21.3,81.0,6.0,0.0,0.6,9.0,9.0,0.7,11.6,36.2,189.0,1.2,8.3,36.0,1003.2,1003.2,2.7,4.8
2024-06-18 21:10:00+02:00,15.2,15.2,16.2,14.8,97.0,21.3,81.0,3.9,0.0,0.0,9.0,9.0,0.5,11.6,36.2,189.0,2.4,6.1,347.0,1003.1,1003.1,2.7,4.8
2024-06-18 21:15:00+02:00,15.2,15.2,16.3,14.8,97.0,21.2,81.0,2.6,0.0,0.0,9.0,9.0,0.4,11.6,36.2,189.0,2.2,7.6,33.0,1003.3,1003.3,2.7,4.7
2024-06-18 21:20:00+02:00,15.2,15.2,16.1,14.7,97.0,21.1,82.0,2.6,0.0,0.0,9.0,9.0,0.3,11.6,36.2,189.0,3.0,5.0,282.0,1003.2,1003.2,2.7,4.7
2024-06-18 21:25:00+02:00,15.2,15.2,16.3,14.8,97.0,21.1,82.0,2.4,0.0,0.0,9.0,9.0,0.2,11.6,36.2,189.0,2.1,6.5,280.0,1003.2,1003.2,2.7,4.7
2024-06-18 21:30:00+02:00,15.2,15.2,16.3,14.8,97.0,21.0,82.0,1.3,0.0,0.0,9.0,9.0,0.2,11.6,36.2,189.0,2.3,6.5,1.0,1003.2,1003.2,2.7,4.7
2024-06-18 21:35:00+02:00,15.2,15.2,16.2,14.8,97.0,21.0,82.0,1.5,0.0,0.6,9.1,9.1,0.3,11.7,36.3,189.1,2.5,9.0,29.0,1003.2,1003.2,2.7,4.7
2024-06-18 21:40:00+02:00,15.1,15.1,16.3,14.7,97.0,20.9,82.0,1.3,0.0,0.6,9.1,9.1,0.3,11.7,36.3,189.1,1.6,9.0,40.0,1003.2,1003.2,2.7,4.7
2024-06-18 21:45:00+02:00,15.1,15.1,16.3,14.7,97.0,20.9,82.0,0.7,0.0,0.6,9.2,9.2,0.3,11.8,36.4,189.2,1.4,5.8,33.0,1003.4,1003.4,2.7,4.7
2024-06-18 21:50:00+02:00,15.1,15.1,16.1,14.7,97.0,20.9,82.0,0.4,0.0,1.2,9.3,9.3,0.4,11.9,36.5,189.3,2.4,5.8,346.0,1003.3,1003.3,2.7,4.7
2024-06-18 21:55:00+02:00,15.1,15.1,16.2,14.7,97.0,20.9,82.0,0.2,0.0,1.2,9.3,9.3,0.4,11.9,36.5,189.3,1.7,3.6,254.0,1003.3,1003.3,2.7,4.7
2024-06-18 22:00:00+02:00,15.1,15.1,16.1,14.7,97.0,20.9,82.0,0.2,0.0,1.2,9.4,9.4,0.4,12.0,36.6,189.4,2.4,4.0,306.0,1003.5,1003.5,2.7,4.7
2024-06-18 22:05:00+02:00,15.1,15.1,16.2,14.7,97.0,20.9,82.0,0.1,0.0,0.6,9.4,9.4,0.4,12.0,36.6,189.4,1.9,4.0,318.0,1003.4,1003.4,2.7,4.6
2024-06-18 22:10:00+02:00,15.1,15.1,16.1,14.7,97.0,20.8,82.0,0.0,0.0,1.2,9.6,9.6,0.6,12.2,36.8,189.6,2.3,4.7,330.0,1003.4,1003.4,2.7,4.6
2024-06-18 22:15:00+02:00,15.1,15.1,16.3,14.7,97.0,20.8,82.0,0.0,0.0,1.2,9.7,9.7,0.7,12.3,36.9,189.7,1.3,7.6,333.0,1003.4,1003.4,2.7,4.6
2024-06-18 22:20:00+02:00,15.1,15.1,15.9,14.7,97.0,20.8,82.0,0.0,0.0,1.2,9.7,9.7,0.7,12.3,36.9,189.7,3.4,5.4,10.0,1003.3,1003.3,2.7,4.6
2024-06-18 22:25:00+02:00,15.1,15.1,16.4,14.6,97.0,20.8,82.0,0.0,0.0,1.2,9.8,9.8,0.8,12.4,37.0,189.8,0.6,5.4,47.0,1003.4,1003.4,2.7,4.5
2024-06-18 22:30:00+02:00,15.0,15.0,15.7,14.6,97.0,20.7,82.0,0.0,0.0,1.2,9.9,9.9,0.9,12.5,37.1,189.9,4.2,11.2,24.0,1003.3,1003.3,2.7,4.5
2024-06-18 22:35:00+02:00,15.0,15.0,15.2,14.6,97.0,20.7,82.0,0.0,0.0,1.2,9.9,9.9,0.8,12.5,37.1,189.9,6.3,15.1,323.0,1003.2,1003.2,2.7,4.5
2024-06-18 22:40:00+02:00,14.9,14.9,15.0,14.4,97.0,20.7,82.0,0.0,0.0,1.2,10.0,10.0,0.9,12.6,37.2,190.0,6.5,15.8,345.0,1003.1,1003.1,2.7,4.5
2024-06-18 22:45:00+02:00,14.8,14.8,15.2,14.3,97.0,20.6,82.0,0.0,0.0,1.2,10.1,10.1,0.9,12.7,37.3,190.1,5.0,10.8,27.0,1003.3,1003.3,2.7,4.5
2024-06-18 22:50:00+02:00,14.8,14.8,15.5,14.2,96.0,20.6,82.0,0.0,0.0,0.6,10.1,10.1,0.8,12.7,37.3,190.1,3.2,10.4,25.0,1003.4,1003.4,2.7,4.5
2024-06-18 22:55:00+02:00,14.8,14.8,14.5,14.2,96.0,20.5,82.0,0.0,0.0,0.6,10.1,10.1,0.8,12.7,37.3,190.1,7.9,14.0,4.0,1003.2,1003.2,2.68,4.5
2024-06-18 23:00:00+02:00,14.7,14.7,15.0,14.1,96.0,20.5,82.0,0.0,0.0,0.0,10.1,10.1,0.7,12.7,37.3,190.1,5.3,14.0,324.0,1003.1,1003.1,2.68,4.5
2024-06-18 23:05:00+02:00,14.7,14.7,15.0,14.1,96.0,20.5,82.0,0.0,0.0,0.0,10.1,10.1,0.6,12.7,37.3,190.1,5.2,14.0,274.0,1003.4,1003.4,2.7,4.4
2024-06-18 23:10:00+02:00,14.6,14.6,14.7,14.0,96.0,20.4,82.0,0.0,0.0,0.6,10.2,10.2,0.6,12.8,37.4,190.2,5.9,12.6,360.0,1003.3,1003.3,2.7,4.4
2024-06-18 23:15:00+02:00,14.6,14.6,14.9,14.0,96.0,20.4,82.0,0.0,0.0,1.2,10.3,10.3,0.6,12.9,37.5,190.3,4.8,11.2,101.0,1003.7,1003.7,2.7,4.4
2024-06-18 23:20:00+02:00,14.6,14.6,15.0,14.0,96.0,20.3,82.0,0.0,0.0,1.2,10.3,10.3,0.6,12.9,37.5,190.3,4.4,12.6,304.0,1003.6,1003.6,2.7,4.4
2024-06-18 23:25:00+02:00,14.6,14.6,15.3,14.0,96.0,20.3,82.0,0.0,0.0,0.6,10.4,10.4,0.6,13.0,37.6,190.4,2.7,10.8,241.0,1003.4,1003.4,2.7,4.4
2024-06-18 23:30:00+02:00,14.6,14.6,14.9,14.0,96.0,20.2,82.0,0.0,0.0,1.2,10.5,10.5,0.6,13.1,37.7,190.5,4.8,12.6,17.0,1003.5,1003.5,2.7,4.4
2024-06-18 23:35:00+02:00,14.5,14.5,15.1,14.0,97.0,20.2,82.0,0.0,0.0,1.2,10.5,10.5,0.5,13.1,37.7,190.5,3.4,7.6,238.0,1003.4,1003.4,2.7,4.3
2024-06-18 23:40:00+02:00,14.5,14.5,15.2,14.1,97.0,20.2,82.0,0.0,0.0,0.6,10.5,10.5,0.5,13.1,37.7,190.5,2.9,7.6,299.0,1003.5,1003.5,2.7,4.3
2024-06-18 23:45:00+02:00,14.5,14.5,15.0,14.1,97.0,20.2,82.0,0.0,0.0,0.0,10.5,10.5,0.4,13.1,37.7,190.5,4.1,7.9,338.0,1003.6,1003.6,2.7,4.3
2024-06-18 23:50:00+02:00,14.5,14.5,15.1,14.1,97.0,20.1,82.0,0.0,0.0,0.6,10.6,10.6,0.5,13.2,37.8,190.6,3.5,9.0,329.0,1003.5,1003.5,2.7,4.3
2024-06-18 23:55:00+02:00,14.5,14.5,15.2,14.1,97.0,20.1,82.0,0.0,0.0,0.6,10.6,10.6,0.5,13.2,37.8,190.6,3.0,9.0,329.0,1003.5,1003.5,2.7,4.3
2024-06-19 00:00:00+02:00,14.5,14.5,15.3,14.1,97.0,20.0,82.0,0.0,0.0,0.6,0.0,10.6,0.5,13.2,37.8,190.6,2.4,7.6,350.0,1003.8,1003.8,2.7,4.3
2024-06-19 00:05:00+02:00,14.5,14.5,15.2,14.1,97.0,20.0,82.0,0.0,0.0,0.0,0.0,10.6,0.5,13.2,37.8,190.6,3.0,7.9,353.0,1003.8,1003.8,2.7,4.3
2024-06-19 00:10:00+02:00,14.5,14.5,15.4,14.1,97.0,20.0,82.0,0.0,0.0,0.0,0.0,10.6,0.4,13.2,37.8,190.6,2.0,7.9,336.0,1003.8,1003.8,2.7,4.3
2024-06-19 00:15:00+02:00,14.5,14.5,15.2,14.1,97.0,19.9,82.0,0.0,0.0,0.0,0.0,10.6,0.3,13.2,37.8,190.6,2.8,6.8,304.0,1004.0,1004.0,2.7,4.3
2024-06-19 00:20:00+02:00,14.5,14.5,15.5,14.1,97.0,19.9,82.0,0.0,0.0,0.0,0.0,10.6,0.3,13.2,37.8,190.6,1.4,6.1,356.0,1004.1,1004.1,2.7,4.3
2024-06-19 00:25:00+02:00,14.5,14.5,15.5,14.1,97.0,19.9,82.0,0.0,0.0,0.0,0.0,10.6,0.2,13.2,37.8,190.6,1.4,4.7,34.0,1004.3,1004.3,2.7,4.3
2024-06-19 00:30:00+02:00,14.4,14.4,15.2,14.0,97.0,19.8,82.0,0.0,0.0,0.0,0.0,10.6,0.1,13.2,37.8,190.6,2.7,5.4,23.0,1004.4,1004.4,2.7,4.3
2024-06-19 00:35:00+02:00,14.5,14.5,15.2,14.1,97.0,19.8,82.0,0.0,0.0,0.0,0.0,10.6,0.1,13.2,37.8,190.6,2.7,5.8,286.0,1004.4,1004.4,2.7,4.2
2024-06-19 00:40:00+02:00,14.5,14.5,14.9,14.1,97.0,19.8,82.0,0.0,0.0,0.0,0.0,10.6,0.1,13.2,37.8,190.6,4.3,6.8,263.0,1004.4,1004.4,2.7,4.2
2024-06-19 00:45:00+02:00,14.5,14.5,15.3,14.1,97.0,19.8,83.0,0.0,0.0,0.0,0.0,10.6,0.1,13.2,37.8,190.6,2.7,7.6,275.0,1004.4,1004.4,2.7,4.2
2024-06-19 00:50:00+02:00,14.5,14.5,15.4,14.2,98.0,19.8,83.0,0.0,0.0,0.6,0.1,10.7,0.1,13.3,37.9,190.7,2.2,5.8,280.0,1004.3,1004.3,2.7,4.2
2024-06-19 00:55:00+02:00,14.5,14.5,15.3,14.2,98.0,19.7,83.0,0.0,0.0,0.6,0.1,10.7,0.1,13.3,37.9,190.7,2.7,6.5,256.0,1004.5,1004.5,2.7,4.2
2024-06-19 01:00:00+02:00,14.6,14.6,15.3,14.2,98.0,19.7,83.0,0.0,0.0,0.6,0.1,10.7,0.1,13.3,37.9,190.7,3.3,6.5,322.0,1004.4,1004.4,2.7,4.2
2024-06-19 01:05:00+02:00,14.5,14.5,15.4,14.2,98.0,19.7,83.0,0.0,0.0,0.6,0.2,10.8,0.2,13.4,38.0,190.8,2.2,5.4,264.0,1004.4,1004.4,2.7,4.2
2024-06-19 01:15:00+02:00,14.5,14.5,15.3,14.2,98.0,19.7,83.0,0.0,0.0,0.0,0.2,10.8,0.2,13.4,38.0,190.8,3.1,5.0,277.0,1004.4,1004.4,2.7,4.1
2024-06-19 01:20:00+02:00,14.5,14.5,15.2,14.2,98.0,19.7,83.0,0.0,0.0,0.6,0.3,10.9,0.3,13.5,38.1,190.9,3.2,5.4,284.0,1004.5,1004.5,2.7,4.1
2024-06-19 01:25:00+02:00,14.5,14.5,15.2,14.2,98.0,19.6,83.0,0.0,0.0,0.6,0.3,10.9,0.3,13.5,38.1,190.9,3.5,7.6,279.0,1004.4,1004.4,2.7,4.1
2024-06-19 01:30:00+02:00,14.5,14.5,15.2,14.2,98.0,19.6,83.0,0.0,0.0,0.6,0.4,11.0,0.4,13.6,38.2,191.0,3.2,5.8,291.0,1004.5,1004.5,2.7,4.1
2024-06-19 01:35:00+02:00,14.5,14.5,15.2,14.2,98.0,19.6,83.0,0.0,0.0,0.6,0.4,11.0,0.4,13.6,38.2,191.0,3.2,7.2,282.0,1004.5,1004.5,2.7,4.1
2024-06-19 01:40:00+02:00,14.5,14.5,15.2,14.2,98.0,19.6,83.0,0.0,0.0,0.6,0.4,11.0,0.4,13.6,38.2,191.0,3.2,7.2,283.0,1004.6,1004.6,2.7,4.1
2024-06-19 01:45:00+02:00,14.5,14.5,15.1,14.2,98.0,19.6,83.0,0.0,0.0,0.6,0.5,11.1,0.5,13.7,38.3,191.1,3.9,9.4,320.0,1004.5,1004.5,2.7,4.0
2024-06-19 01:50:00+02:00,14.5,14.5,15.0,14.2,98.0,19.6,83.0,0.0,0.0,0.6,0.5,11.1,0.4,13.7,38.3,191.1,4.1,9.0,277.0,1004.5,1004.5,2.7,4.0
2024-06-19 01:55:00+02:00,14.5,14.5,14.9,14.2,98.0,19.6,83.0,0.0,0.0,0.6,0.6,11.2,0.5,13.8,38.4,191.2,4.8,8.3,296.0,1004.5,1004.5,2.7,4.0
2024-06-19 02:00:00+02:00,14.5,14.5,14.8,14.2,98.0,19.6,83.0,0.0,0.0,0.6,0.6,11.2,0.5,13.8,38.4,191.2,5.1,11.9,325.0,1004.4,1004.4,2.7,4.0
2024-06-19 02:05:00+02:00,14.5,14.5,14.8,14.2,98.0,19.5,83.0,0.0,0.0,0.6,0.6,11.2,0.4,13.8,38.4,191.2,5.2,14.8,328.0,1004.4,1004.4,2.7,3.9
2024-06-19 02:10:00+02:00,14.5,14.5,15.0,14.2,98.0,19.5,83.0,0.0,0.0,0.0,0.6,11.2,0.4,13.8,38.4,191.2,4.5,14.8,311.0,1004.3,1004.3,2.7,3.9
2024-06-19 02:15:00+02:00,14.4,14.4,14.7,14.1,98.0,19.5,83.0,0.0,0.0,0.0,0.6,11.2,0.4,13.8,38.4,191.2,5.6,14.0,332.0,1004.1,1004.1,2.7,3.9
2024-06-19 02:20:00+02:00,14.4,14.4,14.6,14.1,98.0,19.5,83.0,0.0,0.0,0.0,0.6,11.2,0.3,13.8,38.4,191.2,5.6,13.0,356.0,1004.1,1004.1,2.7,3.9
2024-06-19 02:25:00+02:00,14.4,14.4,15.0,14.1,98.0,19.4,83.0,0.0,0.0,0.0,0.6,11.2,0.3,13.8,38.4,191.2,3.7,9.7,18.0,1004.1,1004.1,2.7,3.9
2024-06-19 02:30:00+02:00,14.4,14.4,15.0,14.1,98.0,19.4,83.0,0.0,0.0,0.0,0.6,11.2,0.2,13.8,38.4,191.2,3.6,9.0,354.0,1004.2,1004.2,2.7,3.9
2024-06-19 02:35:00+02:00,14.5,14.5,14.8,14.1,98.0,19.4,83.0,0.0,0.0,0.0,0.6,11.2,0.2,13.8,38.4,191.2,5.0,9.7,283.0,1004.3,1004.3,2.7,3.9
2024-06-19 02:40:00+02:00,14.3,14.3,14.7,14.0,98.0,19.4,83.0,0.0,0.0,0.0,0.6,11.2,0.2,13.8,38.4,191.2,4.8,9.7,294.0,1004.4,1004.4,2.7,3.9
2024-06-19 02:45:00+02:00,14.3,14.3,14.6,13.9,98.0,19.3,83.0,0.0,0.0,0.0,0.6,11.2,0.1,13.8,38.4,191.2,4.7,7.9,301.0,1004.4,1004.4,2.7,3.9
2024-06-19 02:50:00+02:00,14.2,14.2,14.9,13.8,97.0,19.3,83.0,0.0,0.0,0.0,0.6,11.2,0.1,13.8,38.4,191.2,2.6,8.6,4.0,1004.4,1004.4,2.7,3.9
2024-06-19 02:55:00+02:00,14.2,14.2,15.0,13.8,97.0,19.3,83.0,0.0,0.0,0.0,0.6,11.2,0.0,13.8,38.4,191.2,2.1,6.8,274.0,1004.4,1004.4,2.7,3.9
2024-06-19 03:00:00+02:00,14.2,14.2,14.9,13.8,97.0,19.3,83.0,0.0,0.0,0.0,0.6,11.2,0.0,13.8,38.4,191.2,2.6,7.9,282.0,1004.7,1004.7,2.7,3.9
2024-06-19 03:05:00+02:00,14.2,14.2,14.9,13.8,97.0,19.3,83.0,0.0,0.0,0.0,0.6,11.2,0.0,13.8,38.4,191.2,2.5,7.9,306.0,1004.8,1004.8,2.7,3.9
2024-06-19 03:10:00+02:00,14.2,14.2,15.1,13.8,97.0,19.3,83.0,0.0,0.0,0.0,0.6,11.2,0.0,13.8,38.4,191.2,1.2,5.0,299.0,1004.9,1004.9,2.7,3.9
2024-06-19 03:15:00+02:00,14.2,14.2,14.8,13.8,97.0,19.2,83.0,0.0,0.0,0.0,0.6,11.2,0.0,13.8,38.4,191.2,2.9,5.4,287.0,1004.8,1004.8,2.7,3.9
2024-06-19 03:20:00+02:00,14.2,14.2,14.8,13.8,97.0,19.2,83.0,0.0,0.0,0.0,0.6,11.2,0.0,13.8,38.4,191.2,3.0,5.4,254.0,1004.9,1004.9,2.7,3.9
2024-06-19 03:25:00+02:00,14.2,14.2,15.0,13.8,97.0,19.2,83.0,0.0,0.0,0.0,0.6,11.2,0.0,13.8,38.4,191.2,2.2,6.5,341.0,1004.8,1004.8,2.7,3.8
2024-06-19 03:30:00+02:00,14.2,14.2,15.0,13.8,97.0,19.2,83.0,0.0,0.0,0.0,0.6,11.2,0.0,13.8,38.4,191.2,1.9,6.1,247.0,1004.7,1004.7,2.7,3.8
2024-06-19 03:35:00+02:00,14.2,14.2,15.2,13.9,98.0,19.2,83.0,0.0,0.0,0.0,0.6,11.2,0.0,13.8,38.4,191.2,1.5,6.1,290.0,1004.7,1004.7,2.7,3.8
2024-06-19 03:40:00+02:00,14.2,14.2,14.9,13.9,98.0,19.2,83.0,0.0,0.0,0.0,0.6,11.2,0.0,13.8,38.4,191.2,2.7,6.5,267.0,1004.8,1004.8,2.7,3.8
2024-06-19 03:45:00+02:00,14.2,14.2,15.3,13.9,98.0,19.2,83.0,0.0,0.0,0.0,0.6,11.2,0.0,13.8,38.4,191.2,0.6,5.4,306.0,1004.8,1004.8,2.7,3.8
2024-06-19 03:50:00+02:00,14.2,14.2,15.1,13.9,98.0,19.2,83.0,0.0,0.0,0.0,0.6,11.2,0.0,13.8,38.4,191.2,1.5,4.3,93.0,1004.8,1004.8,2.7,3.8
2024-06-19 03:55:00+02:00,14.2,14.2,15.2,13.9,98.0,19.2,83.0,0.0,0.0,0.0,0.6,11.2,0.0,13.8,38.4,191.2,1.4,4.0,112.0,1004.9,1004.9,2.7,3.8
2024-06-19 04:00:00+02:00,14.1,14.1,14.9,13.8,98.0,19.2,83.0,0.0,0.0,0.0,0.6,11.2,0.0,13.8,38.4,191.2,2.2,4.7,119.0,1004.7,1004.7,2.7,3.8
2024-06-19 04:05:00+02:00,14.1,14.1,14.8,13.8,98.0,19.2,83.0,0.0,0.0,0.0,0.6,11.2,0.0,13.8,38.4,191.2,2.4,4.7,132.0,1004.7,1004.7,2.7,3.8
2024-06-19 04:10:00+02:00,14.0,14.0,14.8,13.7,98.0,19.2,83.0,0.0,0.0,0.0,0.6,11.2,0.0,13.8,38.4,191.2,2.1,5.0,33.0,1004.7,1004.7,2.7,3.8
2024-06-19 04:15:00+02:00,14.1,14.1,14.9,13.8,98.0,19.2,83.0,0.0,0.0,0.0,0.6,11.2,0.0,13.8,38.4,191.2,1.9,5.4,39.0,1004.6,1004.6,2.7,3.8
2024-06-19 04:20:00+02:00,14.1,14.1,15.0,13.8,98.0,19.1,83.0,0.0,0.0,0.0,0.6,11.2,0.0,13.8,38.4,191.2,1.3,4.0,320.0,1004.6,1004.6,2.7,3.8
2024-06-19 04:25:00+02:00,14.1,14.1,14.9,13.8,98.0,19.2,83.0,0.0,0.0,0.0,0.6,11.2,0.0,13.8,38.4,191.2,1.9,4.3,319.0,1004.7,1004.7,2.7,3.8
2024-06-19 04:30:00+02:00,14.1,14.1,15.1,13.8,98.0,19.2,83.0,0.0,0.0,0.0,0.6,11.2,0.0,13.8,38.4,191.2,0.7,5.0,345.0,1004.6,1004.6,2.7,3.8
2024-06-19 04:35:00+02:00,14.1,14.1,14.9,13.8,98.0,19.2,83.0,0.0,0.0,0.0,0.6,11.2,0.0,13.8,38.4,191.2,2.0,8.6,4.0,1004.4,1004.4,2.7,3.8
2024-06-19 04:40:00+02:00,14.1,14.1,15.0,13.8,98.0,19.2,83.0,0.1,0.0,0.0,0.6,11.2,0.0,13.8,38.4,191.2,1.4,9.0,43.0,1004.4,1004.4,2.7,3.8
2024-06-19 04:45:00+02:00,14.1,14.1,14.7,13.8,98.0,19.2,83.0,0.1,0.0,0.0,0.6,11.2,0.0,13.8,38.4,191.2,2.9,9.0,69.0,1004.2,1004.2,2.7,3.8
2024-06-19 04:50:00+02:00,14.1,14.1,15.1,13.8,98.0,19.1,83.0,0.2,0.0,0.0,0.6,11.2,0.0,13.8,38.4,191.2,1.2,5.4,87.0,1004.3,1004.3,2.7,3.8
2024-06-19 04:55:00+02:00,14.1,14.1,15.1,13.8,98.0,19.1,83.0,0.4,0.0,0.0,0.6,11.2,0.0,13.8,38.4,191.2,1.2,5.4,36.0,1004.4,1004.4,2.7,3.8
2024-06-19 05:00:00+02:00,14.1,14.1,14.6,13.8,98.0,19.1,83.0,0.7,0.0,0.0,0.6,11.2,0.0,13.8,38.4,191.2,3.5,8.3,16.0,1004.4,1004.4,2.7,3.8
2024-06-19 05:05:00+02:00,14.1,14.1,15.0,13.8,98.0,19.1,83.0,1.2,0.0,0.0,0.6,11.2,0.0,13.8,38.4,191.2,1.7,6.5,312.0,1004.4,1004.4,2.7,3.7
2024-06-19 05:10:00+02:00,14.1,14.1,14.6,13.8,98.0,19.1,83.0,1.5,0.0,0.0,0.6,11.2,0.0,13.8,38.4,191.2,3.3,6.1,264.0,1004.5,1004.5,2.7,3.7
2024-06-19 05:15:00+02:00,14.2,14.2,15.1,13.8,98.0,19.1,83.0,2.1,0.0,0.0,0.6,11.2,0.0,13.8,38.4,191.2,1.1,5.4,335.0,1004.6,1004.6,2.7,3.7
2024-06-19 05:20:00+02:00,14.1,14.1,15.0,13.8,98.0,19.1,83.0,2.8,0.0,0.0,0.6,11.2,0.0,13.8,38.4,191.2,1.5,6.1,257.0,1004.7,1004.7,2.7,3.7
2024-06-19 05:25:00+02:00,14.2,14.2,14.8,13.9,98.0,19.1,83.0,3.1,0.0,0.0,0.6,11.2,0.0,13.8,38.4,191.2,3.2,7.2,353.0,1004.8,1004.8,2.7,3.7
2024-06-19 05:30:00+02:00,14.2,14.2,15.1,13.9,98.0,19.1,83.0,5.5,0.0,0.0,0.6,11.2,0.0,13.8,38.4,191.2,1.9,4.7,277.0,1005.1,1005.1,2.7,3.7
2024-06-19 05:35:00+02:00,14.2,14.2,15.1,13.9,98.0,19.1,83.0,7.0,0.0,0.0,0.6,11.2,0.0,13.8,38.4,191.2,1.7,4.3,236.0,1005.2,1005.2,2.7,3.7
2024-06-19 05:40:00+02:00,14.2,14.2,15.1,13.9,98.0,19.1,83.0,11.3,0.0,0.0,0.6,11.2,0.0,13.8,38.4,191.2,1.9,3.6,283.0,1005.4,1005.4,2.7,3.7
2024-06-19 05:45:00+02:00,14.3,14.3,14.9,13.9,98.0,19.1,83.0,11.2,0.0,0.0,0.6,11.2,0.0,13.8,38.4,191.2,3.0,7.6,274.0,1005.4,1005.4,2.7,3.7
2024-06-19 05:50:00+02:00,14.2,14.2,14.8,13.9,98.0,19.1,83.0,10.4,0.0,0.0,0.6,11.2,0.0,13.8,38.4,191.2,3.5,7.6,278.0,1005.4,1005.4,2.7,3.7
2024-06-19 05:55:00+02:00,14.3,14.3,14.8,13.9,98.0,19.1,83.0,9.9,0.0,0.0,0.6,11.2,0.0,13.8,38.4,191.2,3.7,9.0,276.0,1005.4,1005.4,2.7,3.7
2024-06-19 06:00:00+02:00,14.2,14.2,14.9,13.9,98.0,19.1,83.0,11.5,0.0,0.0,0.6,11.2,0.0,13.8,38.4,191.2,2.7,8.3,280.0,1005.3,1005.3,2.7,3.7
2024-06-19 06:05:00+02:00,14.2,14.2,14.7,13.9,98.0,19.0,83.0,10.3,0.0,0.0,0.6,11.2,0.0,13.8,38.4,191.2,3.7,7.2,301.0,1005.3,1005.3,2.7,3.7
2024-06-19 06:10:00+02:00,14.3,14.3,15.0,13.9,98.0,19.0,83.0,15.6,0.0,0.0,0.6,11.2,0.0,13.8,38.4,191.2,3.1,6.5,273.0,1005.3,1005.3,2.7,3.7
2024-06-19 06:15:00+02:00,14.3,14.3,14.8,13.9,98.0,19.0,83.0,31.5,0.0,0.0,0.6,11.2,0.0,13.8,38.4,191.2,3.9,7.2,332.0,1005.2,1005.2,2.7,3.7
2024-06-19 06:20:00+02:00,14.3,14.3,14.8,13.9,98.0,19.0,83.0,34.6,0.0,0.0,0.6,11.2,0.0,13.8,38.4,191.2,3.7,6.8,299.0,1005.2,1005.2,2.7,3.7
2024-06-19 06:25:00+02:00,14.3,14.3,14.8,13.9,98.0,19.0,84.0,36.9,0.0,0.0,0.6,11.2,0.0,13.8,38.4,191.2,4.0,7.9,299.0,1005.3,1005.3,2.7,3.7
2024-06-19 06:30:00+02:00,14.3,14.3,15.0,13.9,98.0,19.0,84.0,38.4,0.0,0.0,0.6,11.2,0.0,13.8,38.4,191.2,2.8,7.9,262.0,1005.3,1005.3,2.7,3.7
2024-06-19 06:35:00+02:00,14.3,14.3,14.8,13.9,98.0,19.0,84.0,39.1,0.0,0.0,0.6,11.2,0.0,13.8,38.4,191.2,4.0,8.3,284.0,1005.5,1005.5,2.7,3.7
2024-06-19 06:40:00+02:00,14.3,14.3,14.8,13.9,98.0,19.0,84.0,38.2,0.0,0.0,0.6,11.2,0.0,13.8,38.4,191.2,4.1,8.3,255.0,1005.4,1005.4,2.7,3.7
2024-06-19 06:45:00+02:00,14.3,14.3,14.7,13.9,98.0,19.0,84.0,43.3,0.0,0.0,0.6,11.2,0.0,13.8,38.4,191.2,4.6,8.6,274.0,1005.6,1005.6,2.7,3.7
2024-06-19 06:50:00+02:00,14.3,14.3,14.2,13.9,97.0,19.0,84.0,43.1,0.0,0.0,0.6,11.2,0.0,13.8,38.4,191.2,6.7,11.2,2.0,1005.5,1005.5,2.7,3.7
2024-06-19 06:55:00+02:00,14.3,14.3,14.6,13.9,97.0,19.0,84.0,50.2,0.0,0.0,0.6,11.2,0.0,13.8,38.4,191.2,4.9,10.1,287.0,1005.5,1005.5,2.7,3.7
2024-06-19 07:00:00+02:00,14.4,14.4,14.6,13.9,97.0,19.0,84.0,59.8,0.0,0.0,0.6,11.2,0.0,13.8,38.4,191.2,5.5,12.6,319.0,1005.5,1005.5,2.7,3.7
2024-06-19 07:05:00+02:00,14.4,14.4,14.9,14.0,97.0,19.0,84.0,70.3,0.0,0.0,0.6,11.2,0.0,13.8,38.4,191.2,4.1,6.1,324.0,1005.4,1005.4,2.7,3.7
2024-06-19 07:10:00+02:00,14.4,14.4,14.6,13.9,97.0,19.0,84.0,73.1,0.0,0.0,0.6,11.2,0.0,13.8,38.4,191.2,5.4,11.5,358.0,1005.6,1005.6,2.7,3.7
2024-06-19 07:15:00+02:00,14.5,14.5,14.8,14.0,97.0,19.0,84.0,77.0,0.0,0.0,0.6,11.2,0.0,13.8,38.4,191.2,4.8,11.5,352.0,1005.6,1005.6,2.7,3.8
2024-06-19 07:20:00+02:00,14.5,14.5,14.6,13.9,96.0,19.0,84.0,78.5,0.0,0.0,0.6,11.2,0.0,13.8,38.4,191.2,5.7,11.9,7.0,1005.8,1005.8,2.7,3.8
2024-06-19 07:25:00+02:00,14.7,14.7,15.3,14.1,96.0,19.1,84.0,67.1,0.0,0.0,0.6,11.2,0.0,13.8,38.4,191.2,3.5,9.0,293.0,1005.8,1005.8,2.7,3.8
2024-06-19 07:30:00+02:00,14.7,14.7,15.2,14.1,96.0,19.1,84.0,58.2,0.0,0.0,0.6,11.2,0.0,13.8,38.4,191.2,4.2,9.4,8.0,1006.1,1006.1,2.7,3.8
2024-06-19 07:35:00+02:00,14.7,14.7,15.2,14.1,96.0,19.1,84.0,65.1,0.0,0.0,0.6,11.2,0.0,13.8,38.4,191.2,3.8,8.3,18.0,1006.2,1006.2,2.7,3.8
2024-06-19 07:40:00+02:00,14.8,14.8,15.4,14.2,96.0,19.1,84.0,73.2,0.0,0.0,0.6,11.2,0.0,13.8,38.4,191.2,3.7,8.3,14.0,1006.2,1006.2,2.7,3.8
2024-06-19 07:45:00+02:00,14.8,14.8,15.3,14.2,96.0,19.2,84.0,78.4,0.0,0.0,0.6,11.2,0.0,13.8,38.4,191.2,4.8,7.9,269.0,1006.2,1006.2,2.7,3.8
2024-06-19 07:50:00+02:00,14.8,14.8,15.2,14.1,95.0,19.2,84.0,73.3,0.0,0.0,0.6,11.2,0.0,13.8,38.4,191.2,4.8,10.1,285.0,1006.3,1006.3,2.7,3.8
2024-06-19 07:55:00+02:00,14.9,14.9,15.6,14.2,95.0,19.2,84.0,71.4,0.0,0.0,0.6,11.2,0.0,13.8,38.4,191.2,3.5,10.4,285.0,1006.4,1006.4,2.7,3.8
2024-06-19 08:00:00+02:00,15.0,15.0,15.6,14.2,95.0,19.2,84.0,68.6,0.0,0.0,0.6,11.2,0.0,13.8,38.4,191.2,3.7,8.6,3.0,1006.4,1006.4,2.7,3.8
2024-06-19 08:05:00+02:00,14.9,14.9,15.5,14.1,95.0,19.2,84.0,79.6,0.0,0.0,0.6,11.2,0.0,13.8,38.4,191.2,3.7,11.9,313.0,1006.5,1006.5,2.7,3.9
2024-06-19 08:10:00+02:00,14.9,14.9,15.2,14.1,95.0,19.3,84.0,82.2,0.0,0.0,0.6,11.2,0.0,13.8,38.4,191.2,4.9,6.5,13.0,1006.5,1006.5,2.7,3.9
2024-06-19 08:15:00+02:00,14.9,14.9,15.5,14.2,95.0,19.3,84.0,85.6,0.0,0.0,0.6,11.2,0.0,13.8,38.4,191.2,4.0,9.0,348.0,1006.6,1006.6,2.7,3.9
2024-06-19 08:20:00+02:00,15.0,15.0,15.5,14.3,95.0,19.3,84.0,81.9,0.0,0.0,0.6,11.2,0.0,13.8,38.4,191.2,4.7,9.7,287.0,1006.8,1006.8,2.7,3.9
2024-06-19 08:25:00+02:00,14.9,14.9,15.4,14.1,95.0,19.3,85.0,68.1,0.0,0.0,0.6,11.2,0.0,13.8,38.4,191.2,4.1,10.1,321.0,1006.8,1006.8,2.7,3.9
2024-06-19 08:30:00+02:00,15.1,15.1,15.6,14.2,95.0,19.3,85.0,129.2,1.0,0.0,0.6,11.2,0.0,13.8,38.4,191.2,4.5,10.1,296.0,1006.8,1006.8,2.7,3.9
2024-06-19 08:35:00+02:00,15.1,15.1,15.3,14.2,94.0,19.4,84.0,147.7,1.0,0.0,0.6,11.2,0.0,13.8,38.4,191.2,5.5,9.4,347.0,1006.8,1006.8,2.7,4.0
2024-06-19 08:40:00+02:00,15.2,15.2,15.6,14.3,94.0,19.4,84.0,115.4,1.0,0.0,0.6,11.2,0.0,13.8,38.4,191.2,4.6,10.4,327.0,1006.7,1006.7,2.7,4.0
2024-06-19 08:45:00+02:00,15.2,15.2,15.7,14.1,93.0,19.4,84.0,85.6,0.0,0.0,0.6,11.2,0.0,13.8,38.4,191.2,3.7,9.4,319.0,1006.7,1006.7,2.7,4.0
2024-06-19 08:50:00+02:00,15.3,15.3,15.7,14.2,93.0,19.4,85.0,169.9,1.0,0.0,0.6,11.2,0.0,13.8,38.4,191.2,4.6,12.6,316.0,1006.7,1006.7,2.7,4.0
2024-06-19 08:55:00+02:00,15.3,15.3,15.5,14.2,93.0,19.4,85.0,179.8,1.0,0.0,0.6,11.2,0.0,13.8,38.4,191.2,5.9,12.6,337.0,1006.7,1006.7,2.7,4.0
2024-06-19 09:00:00+02:00,15.5,15.5,15.9,14.3,93.0,19.5,85.0,180.3,1.0,0.0,0.6,11.2,0.0,13.8,38.4,191.2,5.3,10.1,356.0,1006.8,1006.8,2.7,4.0
2024-06-19 09:05:00+02:00,15.7,15.7,16.4,14.4,92.0,19.5,85.0,169.5,1.0,0.0,0.6,11.2,0.0,13.8,38.4,191.2,3.7,10.1,311.0,1006.7,1006.7,2.7,4.1
2024-06-19 09:10:00+02:00,15.7,15.7,16.3,14.3,91.0,19.6,85.0,204.7,1.0,0.0,0.6,11.2,0.0,13.8,38.4,191.2,3.8,9.7,277.0,1006.8,1006.8,2.7,4.1
2024-06-19 09:15:00+02:00,15.8,15.8,16.6,14.3,91.0,19.6,85.0,209.8,1.0,0.0,0.6,11.2,0.0,13.8,38.4,191.2,3.4,9.7,261.0,1006.8,1006.8,2.7,4.2
2024-06-19 09:20:00+02:00,15.8,15.8,15.6,14.2,91.0,19.7,85.0,188.6,1.0,0.0,0.6,11.2,0.0,13.8,38.4,191.2,7.7,15.5,307.0,1006.6,1006.6,2.7,4.2
2024-06-19 09:25:00+02:00,15.8,15.8,16.2,14.1,90.0,19.8,85.0,200.3,1.0,0.0,0.6,11.2,0.0,13.8,38.4,191.2,4.5,15.5,286.0,1006.6,1006.6,2.7,4.3
2024-06-19 09:30:00+02:00,15.9,15.9,16.4,14.3,90.0,19.8,85.0,220.5,2.0,0.0,0.6,11.2,0.0,13.8,38.4,191.2,4.8,9.0,255.0,1006.7,1006.7,2.7,4.3
2024-06-19 09:35:00+02:00,16.0,16.0,15.9,14.2,89.0,19.9,85.0,165.9,1.0,0.0,0.6,11.2,0.0,13.8,38.4,191.2,7.2,16.6,343.0,1006.8,1006.8,2.7,4.3
2024-06-19 09:40:00+02:00,15.8,15.8,15.9,14.1,90.0,20.0,86.0,157.4,1.0,0.0,0.6,11.2,0.0,13.8,38.4,191.2,6.2,12.6,1.0,1006.8,1006.8,2.7,4.3
2024-06-19 09:45:00+02:00,15.8,15.8,16.0,14.2,90.0,20.1,85.0,235.7,2.0,0.0,0.6,11.2,0.0,13.8,38.4,191.2,5.9,15.5,345.0,1006.9,1006.9,2.72,4.4
2024-06-19 09:50:00+02:00,15.7,15.7,15.8,14.1,90.0,20.1,85.0,174.9,1.0,0.0,0.6,11.2,0.0,13.8,38.4,191.2,6.5,15.8,300.0,1006.8,1006.8,2.72,4.4
2024-06-19 09:55:00+02:00,15.8,15.8,16.1,14.2,90.0,20.2,85.0,180.9,1.0,0.0,0.6,11.2,0.0,13.8,38.4,191.2,5.4,14.0,331.0,1006.9,1006.9,2.72,4.4
2024-06-19 10:00:00+02:00,15.9,15.9,15.9,14.1,89.0,20.2,85.0,144.0,1.0,0.0,0.6,11.2,0.0,13.8,38.4,191.2,6.8,15.1,288.0,1007.0,1007.0,2.72,4.4
2024-06-19 10:05:00+02:00,15.8,15.8,16.1,14.1,89.0,20.3,85.0,174.8,1.0,0.0,0.6,11.2,0.0,13.8,38.4,191.2,5.8,12.6,336.0,1007.1,1007.1,2.7,4.5
2024-06-19 10:10:00+02:00,15.9,15.9,16.2,14.0,89.0,20.3,85.0,269.4,2.0,0.0,0.6,11.2,0.0,13.8,38.4,191.2,5.0,13.3,303.0,1007.2,1007.2,2.7,4.5
2024-06-19 10:15:00+02:00,16.1,16.1,15.7,14.1,88.0,20.4,85.0,351.8,3.0,0.0,0.6,11.2,0.0,13.8,38.4,191.2,8.3,17.3,273.0,1007.2,1007.2,2.7,4.6
2024-06-19 10:20:00+02:00,16.3,16.3,16.4,14.1,87.0,20.4,86.0,442.4,4.0,0.0,0.6,11.2,0.0,13.8,38.4,191.2,6.4,10.4,308.0,1007.2,1007.2,2.7,4.6
2024-06-19 10:25:00+02:00,16.3,16.3,16.2,13.8,85.0,20.5,86.0,210.4,1.0,0.0,0.6,11.2,0.0,13.8,38.4,191.2,6.7,11.5,285.0,1007.2,1007.2,2.7,4.7
2024-06-19 10:30:00+02:00,16.2,16.2,16.2,13.7,85.0,20.6,86.0,431.9,4.0,0.0,0.6,11.2,0.0,13.8,38.4,191.2,6.2,12.6,319.0,1007.3,1007.3,2.7,4.7
2024-06-19 10:35:00+02:00,16.7,16.7,16.8,13.9,83.0,20.7,86.0,444.0,4.0,0.0,0.6,11.2,0.0,13.8,38.4,191.2,5.6,12.6,271.0,1007.2,1007.2,2.7,4.8
2024-06-19 10:40:00+02:00,16.9,16.9,17.2,14.1,83.0,20.8,86.0,509.2,4.0,0.0,0.6,11.2,0.0,13.8,38.4,191.2,4.7,13.7,290.0,1007.3,1007.3,2.7,4.8
2024-06-19 10:45:00+02:00,16.8,16.8,16.6,13.9,83.0,20.9,86.0,565.8,5.0,0.0,0.6,11.2,0.0,13.8,38.4,191.2,7.7,14.0,308.0,1007.6,1007.6,2.7,5.0
2024-06-19 10:50:00+02:00,16.7,16.7,16.3,13.6,82.0,21.0,86.0,254.0,2.0,0.0,0.6,11.2,0.0,13.8,38.4,191.2,7.8,16.9,335.0,1007.8,1007.8,2.7,5.0
2024-06-19 10:55:00+02:00,16.7,16.7,16.8,13.5,81.0,21.1,86.0,258.2,2.0,0.0,0.6,11.2,0.0,13.8,38.4,191.2,5.3,13.7,9.0,1007.8,1007.8,2.7,5.1
2024-06-19 11:00:00+02:00,16.5,16.5,15.9,13.2,81.0,21.2,86.0,417.7,3.0,0.0,0.6,11.2,0.0,13.8,38.4,191.2,8.4,18.0,17.0,1007.9,1007.9,2.7,5.1
2024-06-19 11:05:00+02:00,16.7,16.7,16.6,13.3,80.0,21.3,86.0,305.4,2.0,0.0,0.6,11.2,0.0,13.8,38.4,191.2,5.3,14.0,342.0,1008.1,1008.1,2.7,5.2
2024-06-19 11:10:00+02:00,16.7,16.7,16.7,13.1,79.0,21.4,86.0,166.5,1.0,0.0,0.6,11.2,0.0,13.8,38.4,191.2,5.0,10.8,1.0,1008.2,1008.2,2.7,5.2
2024-06-19 11:15:00+02:00,16.5,16.5,16.7,13.1,80.0,21.4,86.0,152.7,1.0,0.0,0.6,11.2,0.0,13.8,38.4,191.2,3.6,10.8,307.0,1008.3,1008.3,2.7,5.2
2024-06-19 11:25:00+02:00,17.0,17.0,16.3,13.4,79.0,21.7,85.0,345.9,3.0,0.0,0.6,11.2,0.0,13.8,38.4,191.2,8.7,14.4,344.0,1008.3,1008.3,2.7,5.2
2024-06-19 11:30:00+02:00,17.3,17.3,17.3,13.4,78.0,21.7,85.0,434.5,4.0,0.0,0.6,11.2,0.0,13.8,38.4,191.2,4.9,12.2,334.0,1008.2,1008.2,2.7,5.2
2024-06-19 11:35:00+02:00,17.2,17.2,17.7,13.3,78.0,21.8,85.0,429.8,3.0,0.0,0.6,11.2,0.0,13.8,38.4,191.2,2.7,12.2,46.0,1008.4,1008.4,2.7,5.2
2024-06-19 11:40:00+02:00,17.4,17.4,17.5,13.4,77.0,21.9,85.0,436.2,4.0,0.0,0.6,11.2,0.0,13.8,38.4,191.2,5.1,11.2,348.0,1008.4,1008.4,2.7,5.2
2024-06-19 11:45:00+02:00,17.0,17.0,16.8,13.0,77.0,22.0,85.0,209.9,1.0,0.0,0.6,11.2,0.0,13.8,38.4,191.2,5.9,14.8,325.0,1008.5,1008.5,2.7,5.2
2024-06-19 11:50:00+02:00,17.1,17.1,16.9,13.2,78.0,22.0,85.0,213.6,1.0,0.0,0.6,11.2,0.0,13.8,38.4,191.2,5.9,12.2,286.0,1008.6,1008.6,2.7,5.2
2024-06-19 11:55:00+02:00,17.1,17.1,17.0,13.2,78.0,22.1,85.0,280.7,2.0,0.0,0.6,11.2,0.0,13.8,38.4,191.2,5.6,14.4,2.0,1008.4,1008.4,2.7,5.2
2024-06-19 12:00:00+02:00,17.1,17.1,16.7,12.8,76.0,22.2,85.0,411.4,3.0,0.0,0.6,11.2,0.0,13.8,38.4,191.2,6.6,14.4,302.0,1008.4,1008.4,2.7,5.2
2024-06-19 12:05:00+02:00,18.0,18.0,18.4,13.2,74.0,22.2,85.0,485.6,4.0,0.0,0.6,11.2,0.0,13.8,38.4,191.2,3.2,6.8,308.0,1008.4,1008.4,2.7,5.2
2024-06-19 12:10:00+02:00,18.1,18.1,18.0,13.0,72.0,22.3,85.0,367.1,3.0,0.0,0.6,11.2,0.0,13.8,38.4,191.2,5.5,13.3,330.0,1008.6,1008.6,2.7,5.2
2024-06-19 12:15:00+02:00,18.0,18.0,18.0,13.1,73.0,22.4,85.0,460.1,4.0,0.0,0.6,11.2,0.0,13.8,38.4,191.2,5.3,14.8,0.0,1008.6,1008.6,2.7,5.3
2024-06-19 12:20:00+02:00,18.5,18.5,18.0,13.3,72.0,22.6,86.0,768.7,7.0,0.0,0.6,11.2,0.0,13.8,38.4,191.2,7.3,14.8,339.0,1008.4,1008.4,2.7,5.3
2024-06-19 12:25:00+02:00,18.8,18.8,18.9,13.1,69.0,22.7,86.0,724.2,6.0,0.0,0.6,11.2,0.0,13.8,38.4,191.2,4.5,10.1,25.0,1008.4,1008.4,2.7,5.3
2024-06-19 12:30:00+02:00,19.5,19.5,19.1,13.3,67.0,22.8,85.0,717.8,6.0,0.0,0.6,11.2,0.0,13.8,38.4,191.2,7.0,16.9,304.0,1008.6,1008.6,2.7,5.3
2024-06-19 12:35:00+02:00,19.1,19.1,18.6,13.1,68.0,23.1,85.0,752.2,6.0,0.0,0.6,11.2,0.0,13.8,38.4,191.2,7.5,16.9,299.0,1008.8,1008.8,2.7,5.3
2024-06-19 12:40:00+02:00,18.9,18.9,18.5,12.9,68.0,23.2,85.0,757.8,7.0,0.0,0.6,11.2,0.0,13.8,38.4,191.2,7.1,16.9,270.0,1008.7,1008.7,2.7,5.3
2024-06-19 12:45:00+02:00,19.0,19.0,18.8,13.3,69.0,23.3,86.0,680.7,6.0,0.0,0.6,11.2,0.0,13.8,38.4,191.2,6.1,16.2,10.0,1008.8,1008.8,2.7,5.3
2024-06-19 12:50:00+02:00,18.7,18.7,18.4,13.1,70.0,23.5,85.0,658.3,6.0,0.0,0.6,11.2,0.0,13.8,38.4,191.2,6.2,13.3,297.0,1008.8,1008.8,2.7,5.3
2024-06-19 12:55:00+02:00,19.2,19.2,18.8,12.9,67.0,23.7,85.0,360.1,3.0,0.0,0.6,11.2,0.0,13.8,38.4,191.2,6.6,12.6,275.0,1008.9,1008.9,2.7,5.3
2024-06-19 13:00:00+02:00,19.0,19.0,18.3,13.2,69.0,23.8,85.0,282.1,2.0,0.0,0.6,11.2,0.0,13.8,38.4,191.2,8.9,13.3,280.0,1008.9,1008.9,2.7,5.3
2024-06-19 13:05:00+02:00,18.6,18.6,17.9,12.9,69.0,23.9,85.0,223.2,2.0,0.0,0.6,11.2,0.0,13.8,38.4,191.2,8.1,14.4,274.0,1008.9,1008.9,2.7,5.3
2024-06-19 13:10:00+02:00,18.6,18.6,18.4,13.0,70.0,23.9,85.0,227.5,2.0,0.0,0.6,11.2,0.0,13.8,38.4,191.2,5.8,12.6,309.0,1009.1,1009.1,2.7,5.3
2024-06-19 13:15:00+02:00,18.5,18.5,18.9,13.0,70.0,24.0,85.0,719.5,6.0,0.0,0.6,11.2,0.0,13.8,38.4,191.2,2.8,9.4,60.0,1009.2,1009.2,2.7,5.3
2024-06-19 13:20:00+02:00,19.0,19.0,19.0,12.9,68.0,24.1,85.0,721.4,6.0,0.0,0.6,11.2,0.0,13.8,38.4,191.2,4.6,14.4,18.0,1009.1,1009.1,2.7,5.3
2024-06-19 13:25:00+02:00,19.0,19.0,19.1,12.7,67.0,24.2,85.0,687.3,6.0,0.0,0.6,11.2,0.0,13.8,38.4,191.2,3.8,9.7,354.0,1009.1,1009.1,2.7,5.3
2024-06-19 13:30:00+02:00,19.3,19.3,19.5,13.1,67.0,24.3,85.0,844.4,7.0,0.0,0.6,11.2,0.0,13.8,38.4,191.2,4.0,14.0,31.0,1009.2,1009.2,2.7,5.3
2024-06-19 13:35:00+02:00,19.6,19.6,19.0,13.3,67.0,24.5,84.0,735.5,6.0,0.0,0.6,11.2,0.0,13.8,38.4,191.2,8.1,16.6,303.0,1009.0,1009.0,2.7,5.3
2024-06-19 13:40:00+02:00,19.4,19.4,18.7,12.8,66.0,24.6,84.0,224.6,2.0,0.0,0.6,11.2,0.0,13.8,38.4,191.2,8.0,16.6,276.0,1009.2,1009.2,2.7,5.3
2024-06-19 13:45:00+02:00,18.8,18.8,18.9,12.6,67.0,24.6,84.0,278.1,2.0,0.0,0.6,11.2,0.0,13.8,38.4,191.2,3.5,15.8,3.0,1009.3,1009.3,2.7,5.3
2024-06-19 13:50:00+02:00,18.8,18.8,18.3,12.4,66.0,24.7,84.0,710.3,6.0,0.0,0.6,11.2,0.0,13.8,38.4,191.2,6.3,12.6,345.0,1009.0,1009.0,2.7,5.3
2024-06-19 13:55:00+02:00,19.7,19.7,19.7,12.8,64.0,24.9,84.0,704.7,6.0,0.0,0.6,11.2,0.0,13.8,38.4,191.2,4.5,10.8,357.0,1009.1,1009.1,2.7,5.3
2024-06-19 14:00:00+02:00,20.9,20.9,21.0,13.4,62.0,25.0,84.0,714.2,6.0,0.0,0.6,11.2,0.0,13.8,38.4,191.2,5.0,19.1,253.0,1009.1,1009.1,2.7,5.3
2024-06-19 14:05:00+02:00,19.9,19.9,19.2,12.7,63.0,25.2,84.0,203.8,1.0,0.0,0.6,11.2,0.0,13.8,38.4,191.2,8.1,19.1,267.0,1009.2,1009.2,2.7,5.3
2024-06-19 14:10:00+02:00,19.0,19.0,18.6,12.2,65.0,25.2,84.0,191.6,1.0,0.0,0.6,11.2,0.0,13.8,38.4,191.2,5.5,16.2,320.0,1009.1,1009.1,2.7,5.3
2024-06-19 14:15:00+02:00,18.8,18.8,18.2,12.1,65.0,25.2,84.0,311.8,2.0,0.0,0.6,11.2,0.0,13.8,38.4,191.2,6.6,14.0,318.0,1009.0,1009.0,2.7,5.3
2024-06-19 14:20:00+02:00,18.8,18.8,18.1,12.1,65.0,25.3,84.0,653.6,6.0,0.0,0.6,11.2,0.0,13.8,38.4,191.2,7.3,14.0,286.0,1009.2,1009.2,2.7,5.3
2024-06-19 14:25:00+02:00,19.6,19.6,19.3,12.2,62.0,25.3,84.0,679.6,6.0,0.0,0.6,11.2,0.0,13.8,38.4,191.2,5.1,13.3,339.0,1009.0,1009.0,2.7,5.3
2024-06-19 14:30:00+02:00,20.5,20.5,20.2,11.9,58.0,25.3,84.0,710.8,6.0,0.0,0.6,11.2,0.0,13.8,38.4,191.2,5.0,17.3,275.0,1008.9,1008.9,2.7,5.3
2024-06-19 14:35:00+02:00,20.6,20.6,20.2,11.8,57.0,25.4,84.0,666.5,6.0,0.0,0.6,11.2,0.0,13.8,38.4,191.2,5.0,17.3,25.0,1009.0,1009.0,2.7,5.3
2024-06-19 14:40:00+02:00,21.2,21.2,20.9,11.8,55.0,25.6,84.0,691.6,6.0,0.0,0.6,11.2,0.0,13.8,38.4,191.2,4.3,13.3,288.0,1009.0,1009.0,2.7,5.3
2024-06-19 14:45:00+02:00,21.7,21.7,21.5,12.0,54.0,25.7,84.0,746.2,6.0,0.0,0.6,11.2,0.0,13.8,38.4,191.2,4.3,9.7,261.0,1009.2,1009.2,2.7,5.3
2024-06-19 14:50:00+02:00,21.8,21.8,20.8,12.4,55.0,25.8,84.0,777.0,7.0,0.0,0.6,11.2,0.0,13.8,38.4,191.2,9.3,20.9,337.0,1009.1,1009.1,2.7,5.3
2024-06-19 14:55:00+02:00,20.6,20.6,19.6,12.2,58.0,26.0,84.0,495.4,4.0,0.0,0.6,11.2,0.0,13.8,38.4,191.2,8.6,20.9,331.0,1009.3,1009.3,2.7,5.3
2024-06-19 15:00:00+02:00,20.2,20.2,19.7,12.0,59.0,26.1,84.0,706.8,6.0,0.0,0.6,11.2,0.0,13.8,38.4,191.2,5.9,12.2,11.0,1009.2,1009.2,2.7,5.3
2024-06-19 15:05:00+02:00,21.3,21.3,21.1,12.1,56.0,26.2,84.0,698.6,6.0,0.0,0.6,11.2,0.0,13.8,38.4,191.2,4.4,12.6,348.0,1009.0,1009.0,2.7,5.3
2024-06-19 15:10:00+02:00,21.3,21.3,20.5,12.0,55.0,26.3,84.0,672.9,6.0,0.0,0.6,11.2,0.0,13.8,38.4,191.2,7.0,13.3,296.0,1009.1,1009.1,2.7,5.3
2024-06-19 15:15:00+02:00,20.4,20.4,19.9,12.3,60.0,26.3,84.0,123.3,1.0,0.0,0.6,11.2,0.0,13.8,38.4,191.2,5.8,17.6,278.0,1009.2,1009.2,2.7,5.3
2024-06-19 15:20:00+02:00,20.0,20.0,19.3,11.2,57.0,26.3,84.0,642.7,5.0,0.0,0.6,11.2,0.0,13.8,38.4,191.2,5.8,14.4,281.0,1009.2,1009.2,2.7,5.3
2024-06-19 15:25:00+02:00,20.9,20.9,20.5,11.2,54.0,26.3,84.0,639.5,5.0,0.0,0.6,11.2,0.0,13.8,38.4,191.2,3.7,9.4,296.0,1009.2,1009.2,2.7,5.3
2024-06-19 15:30:00+02:00,21.9,21.9,21.7,11.6,52.0,26.4,84.0,677.8,6.0,0.0,0.6,11.2,0.0,13.8,38.4,191.2,3.5,9.7,45.0,1009.3,1009.3,2.7,5.3
2024-06-19 15:35:00+02:00,21.8,21.8,21.3,11.9,53.0,26.5,84.0,671.0,6.0,0.0,0.6,11.2,0.0,13.8,38.4,191.2,5.5,14.4,339.0,1009.3,1009.3,2.7,5.3
2024-06-19 15:40:00+02:00,20.3,20.3,18.8,11.0,55.0,26.5,84.0,462.8,4.0,0.0,0.6,11.2,0.0,13.8,38.4,191.2,9.1,16.2,313.0,1009.5,1009.5,2.7,5.3
2024-06-19 15:45:00+02:00,20.1,20.1,19.5,11.0,56.0,26.5,84.0,437.6,4.0,0.0,0.6,11.2,0.0,13.8,38.4,191.2,4.6,14.4,318.0,1009.5,1009.5,2.7,5.3
2024-06-19 15:50:00+02:00,20.7,20.7,19.9,10.9,54.0,26.6,84.0,673.8,6.0,0.0,0.6,11.2,0.0,13.8,38.4,191.2,5.5,13.3,359.0,1009.5,1009.5,2.7,5.3
2024-06-19 15:55:00+02:00,21.5,21.5,21.0,11.0,51.0,26.6,84.0,677.9,6.0,0.0,0.6,11.2,0.0,13.8,38.4,191.2,4.4,18.0,321.0,1009.5,1009.5,2.7,5.3
2024-06-19 16:00:00+02:00,20.9,20.9,20.0,11.2,54.0,26.6,84.0,221.5,2.0,0.0,0.6,11.2,0.0,13.8,38.4,191.2,6.7,17.6,296.0,1009.4,1009.4,2.7,5.3
2024-06-19 16:05:00+02:00,20.3,20.3,19.2,10.8,54.0,26.7,84.0,155.6,1.0,0.0,0.6,11.2,0.0,13.8,38.4,191.2,7.1,13.3,276.0,1009.5,1009.5,2.7,5.3
2024-06-19 16:10:00+02:00,20.2,20.2,19.1,10.3,53.0,26.7,84.0,194.6,1.0,0.0,0.6,11.2,0.0,13.8,38.4,191.2,6.2,13.3,273.0,1009.6,1009.6,2.7,5.3
2024-06-19 16:15:00+02:00,20.5,20.5,19.8,10.3,52.0,26.6,84.0,186.0,1.0,0.0,0.6,11.2,0.0,13.8,38.4,191.2,4.5,9.4,273.0,1009.6,1009.6,2.7,5.3
2024-06-19 16:20:00+02:00,20.6,20.6,19.4,10.5,52.0,26.6,84.0,215.5,2.0,0.0,0.6,11.2,0.0,13.8,38.4,191.2,7.3,13.0,268.0,1009.6,1009.6,2.7,5.3
2024-06-19 16:25:00+02:00,20.8,20.8,19.9,10.8,53.0,26.6,84.0,666.2,6.0,0.0,0.6,11.2,0.0,13.8,38.4,191.2,6.2,13.3,294.0,1009.5,1009.5,2.7,5.3
2024-06-19 16:30:00+02:00,21.2,21.2,20.4,11.2,53.0,26.6,84.0,503.0,4.0,0.0,0.6,11.2,0.0,13.8,38.4,191.2,6.3,15.1,311.0,1009.5,1009.5,2.7,5.3
2024-06-19 16:35:00+02:00,20.5,20.5,19.1,10.7,53.0,26.6,84.0,158.2,1.0,0.0,0.6,11.2,0.0,13.8,38.4,191.2,8.2,15.1,288.0,1009.6,1009.6,2.7,5.3
2024-06-19 16:40:00+02:00,20.7,20.7,19.9,10.8,53.0,26.6,84.0,573.8,5.0,0.0,0.6,11.2,0.0,13.8,38.4,191.2,5.3,13.7,326.0,1009.6,1009.6,2.7,5.3
2024-06-19 16:45:00+02:00,20.9,20.9,20.0,10.8,52.0,26.6,84.0,538.7,5.0,0.0,0.6,11.2,0.0,13.8,38.4,191.2,6.0,16.9,359.0,1009.6,1009.6,2.7,5.3
2024-06-19 16:50:00+02:00,21.1,21.1,20.7,11.3,54.0,26.6,84.0,476.4,4.0,0.0,0.6,11.2,0.0,13.8,38.4,191.2,3.9,13.0,30.0,1009.5,1009.5,2.7,5.3
2024-06-19 16:55:00+02:00,20.8,20.8,20.0,10.7,53.0,26.7,84.0,558.0,5.0,0.0,0.6,11.2,0.0,13.8,38.4,191.2,5.4,17.3,17.0,1009.6,1009.6,2.7,5.3
2024-06-19 17:00:00+02:00,20.4,20.4,20.1,11.0,55.0,26.7,84.0,157.3,1.0,0.0,0.6,11.2,0.0,13.8,38.4,191.2,3.6,9.0,311.0,1009.7,1009.7,2.7,5.3
2024-06-19 17:05:00+02:00,20.7,20.7,19.7,10.9,54.0,26.7,84.0,520.4,4.0,0.0,0.6,11.2,0.0,13.8,38.4,191.2,6.3,11.9,12.0,1009.5,1009.5,2.7,5.3
2024-06-19 17:10:00+02:00,21.1,21.1,20.3,10.6,51.0,26.7,84.0,502.0,4.0,0.0,0.6,11.2,0.0,13.8,38.4,191.2,5.0,11.9,313.0,1009.6,1009.6,2.7,5.3
2024-06-19 17:15:00+02:00,22.2,22.2,21.6,10.8,48.0,26.7,84.0,485.9,4.0,0.0,0.6,11.2,0.0,13.8,38.4,191.2,4.2,10.1,9.0,1009.6,1009.6,2.7,5.3
2024-06-19 17:20:00+02:00,21.8,21.8,21.3,10.5,49.0,26.8,84.0,444.2,4.0,0.0,0.6,11.2,0.0,13.8,38.4,191.2,3.6,13.7,341.0,1009.5,1009.5,2.7,5.3
2024-06-19 17:25:00+02:00,22.0,22.0,21.2,10.1,47.0,26.8,84.0,444.8,4.0,0.0,0.6,11.2,0.0,13.8,38.4,191.2,4.6,13.7,284.0,1009.6,1009.6,2.7,5.3
2024-06-19 17:30:00+02:00,21.8,21.8,20.7,10.0,47.0,26.8,84.0,230.7,2.0,0.0,0.6,11.2,0.0,13.8,38.4,191.2,6.0,10.8,281.0,1009.5,1009.5,2.7,5.3
2024-06-19 17:35:00+02:00,20.9,20.9,19.8,10.0,50.0,26.7,84.0,118.5,1.0,0.0,0.6,11.2,0.0,13.8,38.4,191.2,5.8,14.8,297.0,1009.5,1009.5,2.7,5.3
2024-06-19 17:40:00+02:00,20.6,20.6,19.1,9.8,50.0,26.8,84.0,129.8,1.0,0.0,0.6,11.2,0.0,13.8,38.4,191.2,7.9,17.3,310.0,1009.5,1009.5,2.7,5.3
2024-06-19 17:45:00+02:00,20.4,20.4,19.3,9.6,50.0,26.7,84.0,110.8,1.0,0.0,0.6,11.2,0.0,13.8,38.4,191.2,5.4,11.5,291.0,1009.6,1009.6,2.7,5.3
2024-06-19 17:50:00+02:00,20.5,20.5,19.6,9.7,50.0,26.7,84.0,423.1,3.0,0.0,0.6,11.2,0.0,13.8,38.4,191.2,4.2,9.0,274.0,1009.6,1009.6,2.7,5.3
2024-06-19 17:55:00+02:00,21.3,21.3,20.3,9.9,48.0,26.7,84.0,421.7,3.0,0.0,0.6,11.2,0.0,13.8,38.4,191.2,5.3,7.9,271.0,1009.6,1009.6,2.7,5.3
2024-06-19 18:00:00+02:00,21.5,21.5,20.6,9.8,47.0,26.6,84.0,170.8,1.0,0.0,0.6,11.2,0.0,13.8,38.4,191.2,4.5,9.0,290.0,1009.6,1009.6,2.7,5.3
2024-06-19 18:05:00+02:00,20.9,20.9,20.2,9.6,48.0,26.6,84.0,100.3,0.0,0.0,0.6,11.2,0.0,13.8,38.4,191.2,3.1,10.1,327.0,1009.7,1009.7,2.7,5.3
2024-06-19 18:10:00+02:00,20.7,20.7,19.7,9.8,50.0,26.6,84.0,120.3,1.0,0.0,0.6,11.2,0.0,13.8,38.4,191.2,4.5,9.7,284.0,1009.6,1009.6,2.7,5.3
2024-06-19 18:15:00+02:00,20.5,20.5,19.8,10.2,52.0,26.5,84.0,173.9,1.0,0.0,0.6,11.2,0.0,13.8,38.4,191.2,4.1,8.3,280.0,1009.6,1009.6,2.7,5.3
2024-06-19 18:20:00+02:00,20.9,20.9,20.2,10.6,52.0,26.5,84.0,146.0,1.0,0.0,0.6,11.2,0.0,13.8,38.4,191.2,4.7,12.6,311.0,1009.6,1009.6,2.7,5.3
2024-06-19 18:25:00+02:00,21.1,21.1,20.8,10.2,50.0,26.5,84.0,125.0,1.0,0.0,0.6,11.2,0.0,13.8,38.4,191.2,2.1,8.3,342.0,1009.6,1009.6,2.7,5.3
2024-06-19 18:30:00+02:00,21.3,21.3,20.8,10.6,51.0,26.4,84.0,105.0,0.0,0.0,0.6,11.2,0.0,13.8,38.4,191.2,3.3,8.6,315.0,1009.7,1009.7,2.7,5.3
2024-06-19 18:35:00+02:00,21.1,21.1,19.9,10.4,50.0,26.4,85.0,81.9,0.0,0.0,0.6,11.2,0.0,13.8,38.4,191.2,7.2,14.4,288.0,1009.6,1009.6,2.7,5.3
2024-06-19 18:40:00+02:00,20.8,20.8,19.5,10.3,51.0,26.4,85.0,70.3,0.0,0.0,0.6,11.2,0.0,13.8,38.4,191.2,7.5,14.0,286.0,1009.6,1009.6,2.7,5.3
2024-06-19 18:45:00+02:00,20.8,20.8,19.7,10.1,50.0,26.3,85.0,164.2,1.0,0.0,0.6,11.2,0.0,13.8,38.4,191.2,6.0,11.2,342.0,1009.7,1009.7,2.7,5.3
2024-06-19 18:50:00+02:00,21.0,21.0,19.9,9.9,49.0,26.3,85.0,193.8,1.0,0.0,0.6,11.2,0.0,13.8,38.4,191.2,6.1,10.4,267.0,1009.7,1009.7,2.7,5.3
2024-06-19 18:55:00+02:00,20.7,20.7,19.7,10.1,51.0,26.3,85.0,87.5,0.0,0.0,0.6,11.2,0.0,13.8,38.4,191.2,5.3,10.1,288.0,1009.8,1009.8,2.7,5.3
2024-06-19 19:00:00+02:00,20.7,20.7,19.9,10.0,51.0,26.3,85.0,63.4,0.0,0.0,0.6,11.2,0.0,13.8,38.4,191.2,4.1,9.7,334.0,1009.6,1009.6,2.7,5.3
2024-06-19 19:05:00+02:00,20.7,20.7,20.2,10.1,50.0,26.2,84.0,52.2,0.0,0.0,0.6,11.2,0.0,13.8,38.4,191.2,3.0,11.9,29.0,1009.7,1009.7,2.7,5.2
2024-06-19 19:10:00+02:00,20.7,20.7,19.6,10.0,50.0,26.2,85.0,54.8,0.0,0.0,0.6,11.2,0.0,13.8,38.4,191.2,5.8,11.9,316.0,1009.7,1009.7,2.7,5.2
2024-06-19 19:15:00+02:00,20.6,20.6,19.9,10.4,52.0,26.2,84.0,64.0,0.0,0.0,0.6,11.2,0.0,13.8,38.4,191.2,4.4,13.0,340.0,1009.7,1009.7,2.7,5.2
2024-06-19 19:20:00+02:00,20.4,20.4,18.8,10.9,54.0,26.1,85.0,73.7,0.0,0.0,0.6,11.2,0.0,13.8,38.4,191.2,10.0,15.5,7.0,1009.8,1009.8,2.7,5.2
2024-06-19 19:25:00+02:00,20.3,20.3,19.0,10.7,54.0,26.0,84.0,73.8,0.0,0.0,0.6,11.2,0.0,13.8,38.4,191.2,8.1,17.6,356.0,1010.0,1010.0,2.7,5.2
2024-06-19 19:30:00+02:00,20.3,20.3,19.4,10.8,54.0,26.0,84.0,69.5,0.0,0.0,0.6,11.2,0.0,13.8,38.4,191.2,6.0,13.3,349.0,1010.0,1010.0,2.7,5.2
2024-06-19 19:35:00+02:00,20.2,20.2,19.4,10.6,54.0,25.9,84.0,56.1,0.0,0.0,0.6,11.2,0.0,13.8,38.4,191.2,5.1,11.2,328.0,1010.1,1010.1,2.7,5.2
2024-06-19 19:40:00+02:00,20.0,20.0,19.0,10.4,54.0,25.9,84.0,36.6,0.0,0.0,0.6,11.2,0.0,13.8,38.4,191.2,5.8,9.4,347.0,1010.1,1010.1,2.7,5.2
2024-06-19 19:45:00+02:00,19.8,19.8,19.2,10.4,55.0,25.8,84.0,31.5,0.0,0.0,0.6,11.2,0.0,13.8,38.4,191.2,3.7,8.6,316.0,1010.1,1010.1,2.7,5.2
2024-06-19 19:50:00+02:00,19.5,19.5,19.0,10.2,55.0,25.8,84.0,33.7,0.0,0.0,0.6,11.2,0.0,13.8,38.4,191.2,3.2,7.6,310.0,1010.2,1010.2,2.7,5.2
2024-06-19 19:55:00+02:00,19.5,19.5,19.1,10.3,55.0,25.8,84.0,36.9,0.0,0.0,0.6,11.2,0.0,13.8,38.4,191.2,2.8,11.9,316.0,1010.2,1010.2,2.7,5.2
2024-06-19 20:00:00+02:00,19.7,19.7,18.8,10.1,54.0,25.7,84.0,36.5,0.0,0.0,0.6,11.2,0.0,13.8,38.4,191.2,5.0,8.3,7.0,1010.1,1010.1,2.7,5.2
2024-06-19 20:05:00+02:00,19.8,19.8,19.0,10.1,54.0,25.6,84.0,34.1,0.0,0.0,0.6,11.2,0.0,13.8,38.4,191.2,4.6,9.7,335.0,1010.1,1010.1,2.7,5.2
2024-06-19 20:10:00+02:00,19.8,19.8,19.1,10.6,55.0,25.6,84.0,32.8,0.0,0.0,0.6,11.2,0.0,13.8,38.4,191.2,4.4,9.4,301.0,1010.1,1010.1,2.7,5.2
2024-06-19 20:15:00+02:00,19.7,19.7,19.0,10.6,56.0,25.5,84.0,29.8,0.0,0.0,0.6,11.2,0.0,13.8,38.4,191.2,4.5,9.4,313.0,1010.2,1010.2,2.7,5.2
2024-06-19 20:20:00+02:00,19.6,19.6,19.2,10.7,56.0,25.4,84.0,27.9,0.0,0.0,0.6,11.2,0.0,13.8,38.4,191.2,3.0,9.4,329.0,1010.3,1010.3,2.7,5.2
2024-06-19 20:25:00+02:00,19.7,19.7,19.2,10.7,56.0,25.4,84.0,26.2,0.0,0.0,0.6,11.2,0.0,13.8,38.4,191.2,3.8,9.4,12.0,1010.2,1010.2,2.7,5.2
2024-06-19 20:30:00+02:00,19.7,19.7,19.3,11.0,57.0,25.3,84.0,25.3,0.0,0.0,0.6,11.2,0.0,13.8,38.4,191.2,3.7,9.4,13.0,1010.3,1010.3,2.7,5.2
2024-06-19 20:35:00+02:00,19.5,19.5,19.4,11.2,58.0,25.2,84.0,24.8,0.0,0.0,0.6,11.2,0.0,13.8,38.4,191.2,2.7,5.8,333.0,1010.5,1010.5,2.7,5.2
2024-06-19 20:40:00+02:00,19.4,19.4,19.7,11.4,60.0,25.2,84.0,23.4,0.0,0.0,0.6,11.2,0.0,13.8,38.4,191.2,0.9,5.8,66.0,1010.5,1010.5,2.7,5.2
2024-06-19 20:45:00+02:00,19.3,19.3,18.9,11.3,60.0,25.2,84.0,21.9,0.0,0.0,0.6,11.2,0.0,13.8,38.4,191.2,4.0,9.7,351.0,1010.6,1010.6,2.7,5.2
2024-06-19 20:50:00+02:00,19.3,19.3,19.0,11.3,60.0,25.1,84.0,20.8,0.0,0.0,0.6,11.2,0.0,13.8,38.4,191.2,3.5,6.8,315.0,1010.8,1010.8,2.7,5.2
2024-06-19 20:55:00+02:00,19.2,19.2,18.9,11.3,60.0,25.1,84.0,19.1,0.0,0.0,0.6,11.2,0.0,13.8,38.4,191.2,3.7,6.1,286.0,1010.7,1010.7,2.7,5.2
2024-06-19 21:00:00+02:00,18.9,18.9,18.8,11.4,62.0,25.0,83.0,17.3,0.0,0.0,0.6,11.2,0.0,13.8,38.4,191.2,2.9,6.8,298.0,1010.9,1010.9,2.7,5.2
2024-06-19 21:05:00+02:00,18.7,18.7,19.0,11.6,63.0,24.9,83.0,15.0,0.0,0.0,0.6,11.2,0.0,13.8,38.4,191.2,1.2,4.0,293.0,1010.8,1010.8,2.7,5.2
2024-06-19 21:10:00+02:00,18.6,18.6,18.5,11.2,62.0,24.8,84.0,11.8,0.0,0.0,0.6,11.2,0.0,13.8,38.4,191.2,2.4,7.6,346.0,1010.9,1010.9,2.7,5.2
2024-06-19 21:15:00+02:00,18.4,18.4,18.4,11.3,63.0,24.8,83.0,9.9,0.0,0.0,0.6,11.2,0.0,13.8,38.4,191.2,2.2,4.3,296.0,1011.0,1011.0,2.7,5.2
2024-06-19 21:20:00+02:00,18.2,18.2,18.4,11.3,64.0,24.7,83.0,9.0,0.0,0.0,0.6,11.2,0.0,13.8,38.4,191.2,1.2,4.3,283.0,1010.9,1010.9,2.7,5.2
2024-06-19 21:25:00+02:00,18.1,18.1,18.3,11.4,65.0,24.7,83.0,7.8,0.0,0.0,0.6,11.2,0.0,13.8,38.4,191.2,0.9,4.3,294.0,1010.9,1010.9,2.7,5.2
2024-06-19 21:30:00+02:00,17.8,17.8,18.1,11.3,66.0,24.6,83.0,6.9,0.0,0.0,0.6,11.2,0.0,13.8,38.4,191.2,0.4,4.7,328.0,1011.1,1011.1,2.7,5.2
2024-06-19 21:35:00+02:00,17.7,17.7,18.0,11.5,67.0,24.6,83.0,5.6,0.0,0.0,0.6,11.2,0.0,13.8,38.4,191.2,0.7,4.7,279.0,1011.1,1011.1,2.7,5.2
2024-06-19 21:40:00+02:00,17.3,17.3,17.7,11.5,69.0,24.5,83.0,4.4,0.0,0.0,0.6,11.2,0.0,13.8,38.4,191.2,0.4,2.5,284.0,1011.3,1011.3,2.7,5.2
2024-06-19 21:45:00+02:00,17.1,17.1,17.5,11.4,69.0,24.4,83.0,3.3,0.0,0.0,0.6,11.2,0.0,13.8,38.4,191.2,0.4,2.2,304.0,1011.3,1011.3,2.7,5.2
2024-06-19 21:50:00+02:00,17.0,17.0,17.4,11.3,69.0,24.4,83.0,2.5,0.0,0.0,0.6,11.2,0.0,13.8,38.4,191.2,0.0,2.5,247.0,1011.3,1011.3,2.7,5.2
2024-06-19 21:55:00+02:00,16.7,16.7,17.2,11.6,72.0,24.3,83.0,1.7,0.0,0.0,0.6,11.2,0.0,13.8,38.4,191.2,0.0,2.5,254.0,1011.4,1011.4,2.7,5.2
2024-06-19 22:00:00+02:00,16.5,16.5,16.8,11.6,73.0,24.2,83.0,1.1,0.0,0.0,0.6,11.2,0.0,13.8,38.4,191.2,1.2,3.2,111.0,1011.4,1011.4,2.7,5.2
2024-06-19 22:05:00+02:00,16.1,16.1,16.6,11.7,75.0,24.1,83.0,0.6,0.0,0.0,0.6,11.2,0.0,13.8,38.4,191.2,0.4,2.5,126.0,1011.5,1011.5,2.7,5.1
2024-06-19 22:10:00+02:00,15.8,15.8,16.3,11.6,76.0,24.1,83.0,0.3,0.0,0.0,0.6,11.2,0.0,13.8,38.4,191.2,0.4,2.5,93.0,1011.4,1011.4,2.7,5.1
2024-06-19 22:15:00+02:00,15.6,15.6,16.1,11.7,78.0,24.0,83.0,0.2,0.0,0.0,0.6,11.2,0.0,13.8,38.4,191.2,0.4,2.2,159.0,1011.5,1011.5,2.7,5.1
2024-06-19 22:20:00+02:00,15.6,15.6,15.9,11.4,76.0,23.8,83.0,0.1,0.0,0.0,0.6,11.2,0.0,13.8,38.4,191.2,0.4,3.6,223.0,1011.6,1011.6,2.7,5.1
2024-06-19 22:25:00+02:00,15.6,15.6,16.0,11.5,77.0,23.8,83.0,0.0,0.0,0.0,0.6,11.2,0.0,13.8,38.4,191.2,0.4,3.6,311.0,1011.6,1011.6,2.7,5.1
2024-06-19 22:30:00+02:00,15.3,15.3,15.8,11.5,78.0,23.7,83.0,0.0,0.0,0.0,0.6,11.2,0.0,13.8,38.4,191.2,0.0,2.5,129.0,1011.7,1011.7,2.7,5.1
2024-06-19 22:35:00+02:00,15.0,15.0,15.4,11.6,80.0,23.7,83.0,0.0,0.0,0.0,0.6,11.2,0.0,13.8,38.4,191.2,0.5,3.2,142.0,1011.8,1011.8,2.7,5.1
2024-06-19 22:40:00+02:00,14.8,14.8,15.0,11.5,81.0,23.6,83.0,0.0,0.0,0.0,0.6,11.2,0.0,13.8,38.4,191.2,1.4,3.2,140.0,1011.7,1011.7,2.7,5.1
2024-06-19 22:45:00+02:00,14.6,14.6,14.7,11.5,81.0,23.4,83.0,0.0,0.0,0.0,0.6,11.2,0.0,13.8,38.4,191.2,1.9,3.6,117.0,1011.7,1011.7,2.7,5.1
2024-06-19 22:50:00+02:00,14.5,14.5,14.6,11.4,82.0,23.3,82.0,0.0,0.0,0.0,0.6,11.2,0.0,13.8,38.4,191.2,1.7,3.6,130.0,1011.8,1011.8,2.7,5.1
2024-06-19 22:55:00+02:00,14.3,14.3,14.4,11.5,83.0,23.3,82.0,0.0,0.0,0.0,0.6,11.2,0.0,13.8,38.4,191.2,1.6,4.0,121.0,1011.8,1011.8,2.7,5.1
2024-06-19 23:00:00+02:00,14.2,14.2,14.1,11.5,83.0,23.2,82.0,0.0,0.0,0.0,0.6,0.0,0.0,13.8,38.4,191.2,2.9,4.0,109.0,1011.9,1011.9,2.7,5.1
2024-06-19 23:05:00+02:00,14.1,14.1,14.1,11.5,84.0,23.2,82.0,0.0,0.0,0.0,0.6,0.0,0.0,13.8,38.4,191.2,2.4,3.6,117.0,1011.9,1011.9,2.7,5.1
2024-06-19 23:10:00+02:00,14.0,14.0,14.3,11.4,84.0,23.0,82.0,0.0,0.0,0.0,0.6,0.0,0.0,13.8,38.4,191.2,0.7,3.2,83.0,1012.1,1012.1,2.7,5.1
2024-06-19 23:15:00+02:00,14.0,14.0,14.0,11.4,85.0,22.9,82.0,0.0,0.0,0.0,0.6,0.0,0.0,13.8,38.4,191.2,2.4,3.6,114.0,1012.1,1012.1,2.7,5.1
2024-06-19 23:20:00+02:00,13.8,13.8,13.7,11.5,86.0,22.8,82.0,0.0,0.0,0.0,0.6,0.0,0.0,13.8,38.4,191.2,2.9,3.6,117.0,1012.1,1012.1,2.7,5.1
2024-06-19 23:25:00+02:00,13.7,13.7,14.0,11.4,86.0,22.7,82.0,0.0,0.0,0.0,0.6,0.0,0.0,13.8,38.4,191.2,0.4,2.9,122.0,1012.0,1012.0,2.7,5.1
2024-06-19 23:30:00+02:00,13.6,13.6,13.6,11.4,87.0,22.7,82.0,0.0,0.0,0.0,0.6,0.0,0.0,13.8,38.4,191.2,2.0,2.5,119.0,1012.0,1012.0,2.7,5.1
2024-06-19 23:35:00+02:00,13.4,13.4,13.7,11.3,87.0,22.5,82.0,0.0,0.0,0.0,0.6,0.0,0.0,13.8,38.4,191.2,0.4,2.5,105.0,1011.9,1011.9,2.7,5.1
2024-06-19 23:40:00+02:00,13.3,13.3,13.6,11.3,88.0,22.5,82.0,0.0,0.0,0.0,0.6,0.0,0.0,13.8,38.4,191.2,0.4,2.2,113.0,1012.0,1012.0,2.7,5.1
2024-06-19 23:45:00+02:00,13.3,13.3,13.0,11.3,88.0,22.4,82.0,0.0,0.0,0.0,0.6,0.0,0.0,13.8,38.4,191.2,3.2,5.0,121.0,1012.0,1012.0,2.7,5.1
2024-06-19 23:50:00+02:00,13.2,13.2,13.1,11.3,88.0,22.3,82.0,0.0,0.0,0.0,0.6,0.0,0.0,13.8,38.4,191.2,2.4,3.6,117.0,1012.1,1012.1,2.7,5.1
2024-06-19 23:55:00+02:00,13.3,13.3,13.1,11.3,88.0,22.2,82.0,0.0,0.0,0.0,0.6,0.0,0.0,13.8,38.4,191.2,2.8,3.6,115.0,1012.1,1012.1,2.7,5.0
2024-06-20 00:00:00+02:00,13.3,13.3,13.1,11.4,88.0,22.1,81.0,0.0,0.0,0.0,0.0,0.0,0.0,13.8,38.4,191.2,3.0,4.3,120.0,1012.1,1012.1,2.7,5.0
2024-06-20 00:05:00+02:00,13.1,13.1,12.9,11.2,88.0,22.0,81.0,0.0,0.0,0.0,0.0,0.0,0.0,13.8,38.4,191.2,3.0,4.7,116.0,1012.2,1012.2,2.7,5.0
2024-06-20 00:10:00+02:00,13.0,13.0,13.1,11.2,89.0,21.9,81.0,0.0,0.0,0.0,0.0,0.0,0.0,13.8,38.4,191.2,1.2,3.2,123.0,1012.2,1012.2,2.7,5.0
2024-06-20 00:15:00+02:00,12.8,12.8,13.1,11.1,89.0,21.8,81.0,0.0,0.0,0.0,0.0,0.0,0.0,13.8,38.4,191.2,0.4,2.5,68.0,1012.2,1012.2,2.7,5.0
2024-06-20 00:20:00+02:00,13.0,13.0,13.1,11.1,88.0,21.7,81.0,0.0,0.0,0.0,0.0,0.0,0.0,13.8,38.4,191.2,0.9,3.6,325.0,1012.1,1012.1,2.7,5.0
2024-06-20 00:25:00+02:00,13.6,13.6,13.6,11.1,85.0,21.7,81.0,0.0,0.0,0.0,0.0,0.0,0.0,13.8,38.4,191.2,1.7,4.0,298.0,1012.2,1012.2,2.7,5.0
2024-06-20 00:30:00+02:00,13.9,13.9,13.9,11.0,83.0,21.6,81.0,0.0,0.0,0.0,0.0,0.0,0.0,13.8,38.4,191.2,1.9,4.3,344.0,1012.1,1012.1,2.7,5.0
2024-06-20 00:35:00+02:00,14.0,14.0,14.0,11.2,83.0,21.5,81.0,0.0,0.0,0.0,0.0,0.0,0.0,13.8,38.4,191.2,1.7,4.7,103.0,1012.1,1012.1,2.7,5.0
2024-06-20 00:40:00+02:00,13.9,13.9,13.9,11.1,83.0,21.4,81.0,0.0,0.0,0.0,0.0,0.0,0.0,13.8,38.4,191.2,1.6,4.7,11.0,1012.1,1012.1,2.7,5.0
2024-06-20 00:45:00+02:00,14.3,14.3,14.5,11.1,81.0,21.3,81.0,0.0,0.0,0.0,0.0,0.0,0.0,13.8,38.4,191.2,1.2,7.6,21.0,1011.8,1011.8,2.7,5.0
2024-06-20 00:50:00+02:00,14.2,14.2,14.3,11.1,82.0,21.2,82.0,0.0,0.0,0.0,0.0,0.0,0.0,13.8,38.4,191.2,1.7,4.7,104.0,1011.9,1011.9,2.7,5.0
2024-06-20 00:55:00+02:00,14.1,14.1,13.8,10.9,81.0,21.1,82.0,0.0,0.0,0.0,0.0,0.0,0.0,13.8,38.4,191.2,2.8,7.2,31.0,1011.9,1011.9,2.7,5.0
2024-06-20 01:00:00+02:00,14.3,14.3,14.0,10.9,80.0,21.0,82.0,0.0,0.0,0.0,0.0,0.0,0.0,13.8,38.4,191.2,3.4,8.3,58.0,1011.8,1011.8,2.7,5.0
2024-06-20 01:05:00+02:00,14.4,14.4,14.0,11.0,80.0,21.0,82.0,0.0,0.0,0.0,0.0,0.0,0.0,13.8,38.4,191.2,3.7,6.8,90.0,1011.7,1011.7,2.7,5.0
2024-06-20 01:10:00+02:00,14.3,14.3,14.2,10.9,80.0,20.9,82.0,0.0,0.0,0.0,0.0,0.0,0.0,13.8,38.4,191.2,1.8,4.0,98.0,1011.8,1011.8,2.7,5.0
2024-06-20 01:15:00+02:00,14.2,14.2,14.2,10.9,80.0,20.8,82.0,0.0,0.0,0.0,0.0,0.0,0.0,13.8,38.4,191.2,1.4,7.2,53.0,1011.8,1011.8,2.7,5.0
2024-06-20 01:20:00+02:00,14.2,14.2,14.2,10.9,81.0,20.8,82.0,0.0,0.0,0.0,0.0,0.0,0.0,13.8,38.4,191.2,0.9,4.0,22.0,1012.0,1012.0,2.7,5.0
2024-06-20 01:25:00+02:00,13.9,13.9,14.1,10.8,81.0,20.7,82.0,0.0,0.0,0.0,0.0,0.0,0.0,13.8,38.4,191.2,0.4,3.2,69.0,1011.9,1011.9,2.7,5.0
2024-06-20 01:30:00+02:00,13.7,13.7,13.9,10.8,82.0,20.6,82.0,0.0,0.0,0.0,0.0,0.0,0.0,13.8,38.4,191.2,0.5,2.5,147.0,1012.2,1012.2,2.7,5.0
2024-06-20 01:35:00+02:00,13.5,13.5,13.5,10.8,84.0,20.6,82.0,0.0,0.0,0.0,0.0,0.0,0.0,13.8,38.4,191.2,1.3,3.2,117.0,1012.2,1012.2,2.7,5.0
2024-06-20 01:40:00+02:00,13.2,13.2,13.0,10.8,85.0,20.5,82.0,0.0,0.0,0.0,0.0,0.0,0.0,13.8,38.4,191.2,2.6,3.6,124.0,1012.1,1012.1,2.7,5.0
2024-06-20 01:45:00+02:00,13.1,13.1,13.0,10.8,86.0,20.4,82.0,0.0,0.0,0.0,0.0,0.0,0.0,13.8,38.4,191.2,1.5,4.3,124.0,1012.2,1012.2,2.7,4.9
2024-06-20 01:50:00+02:00,12.8,12.8,13.1,10.7,87.0,20.3,82.0,0.0,0.0,0.0,0.0,0.0,0.0,13.8,38.4,191.2,0.0,2.5,86.0,1012.1,1012.1,2.7,4.9
2024-06-20 01:55:00+02:00,12.8,12.8,13.0,10.7,87.0,20.3,82.0,0.0,0.0,0.0,0.0,0.0,0.0,13.8,38.4,191.2,0.0,1.8,277.0,1012.2,1012.2,2.7,4.9
2024-06-20 02:00:00+02:00,12.7,12.7,12.9,10.7,88.0,20.2,82.0,0.0,0.0,0.0,0.0,0.0,0.0,13.8,38.4,191.2,0.0,0.0,281.0,1012.2,1012.2,2.7,4.9
2024-06-20 02:05:00+02:00,12.5,12.5,12.7,10.7,89.0,20.2,82.0,0.0,0.0,0.0,0.0,0.0,0.0,13.8,38.4,191.2,0.0,0.0,11.0,1012.2,1012.2,2.7,4.9
2024-06-20 02:10:00+02:00,12.3,12.3,12.5,10.5,89.0,20.1,82.0,0.0,0.0,0.0,0.0,0.0,0.0,13.8,38.4,191.2,0.0,0.0,152.0,1012.2,1012.2,2.7,4.9
2024-06-20 02:15:00+02:00,12.2,12.2,12.5,10.6,90.0,20.1,82.0,0.0,0.0,0.0,0.0,0.0,0.0,13.8,38.4,191.2,0.0,0.0,359.0,1012.2,1012.2,2.7,4.9
2024-06-20 02:20:00+02:00,12.1,12.1,12.3,10.5,90.0,20.0,82.0,0.0,0.0,0.0,0.0,0.0,0.0,13.8,38.4,191.2,0.0,1.8,220.0,1012.0,1012.0,2.7,4.9
2024-06-20 02:25:00+02:00,12.1,12.1,12.3,10.6,91.0,19.9,82.0,0.0,0.0,0.0,0.0,0.0,0.0,13.8,38.4,191.2,0.0,1.8,313.0,1012.1,1012.1,2.7,4.9
2024-06-20 02:30:00+02:00,11.8,11.8,12.0,10.4,91.0,19.9,82.0,0.0,0.0,0.0,0.0,0.0,0.0,13.8,38.4,191.2,0.0,1.8,120.0,1012.2,1012.2,2.7,4.9
2024-06-20 02:35:00+02:00,11.7,11.7,11.7,10.3,91.0,19.8,82.0,0.0,0.0,0.0,0.0,0.0,0.0,13.8,38.4,191.2,0.7,2.2,118.0,1012.3,1012.3,2.7,4.9
2024-06-20 02:40:00+02:00,11.7,11.7,11.8,10.3,91.0,19.7,82.0,0.0,0.0,0.0,0.0,0.0,0.0,13.8,38.4,191.2,0.0,2.2,262.0,1012.3,1012.3,2.7,4.9
2024-06-20 02:45:00+02:00,11.7,11.7,11.8,10.4,91.0,19.7,82.0,0.0,0.0,0.0,0.0,0.0,0.0,13.8,38.4,191.2,0.4,2.9,280.0,1012.2,1012.2,2.7,4.9
2024-06-20 02:50:00+02:00,11.8,11.8,11.9,10.4,91.0,19.6,82.0,0.0,0.0,0.0,0.0,0.0,0.0,13.8,38.4,191.2,0.4,2.9,269.0,1012.0,1012.0,2.7,4.9
2024-06-20 02:55:00+02:00,11.7,11.7,11.9,10.3,91.0,19.6,82.0,0.0,0.0,0.0,0.0,0.0,0.0,13.8,38.4,191.2,0.0,1.8,176.0,1012.0,1012.0,2.7,4.9
2024-06-20 03:00:00+02:00,11.7,11.7,11.8,10.3,91.0,19.5,82.0,0.0,0.0,0.0,0.0,0.0,0.0,13.8,38.4,191.2,0.0,2.5,330.0,1012.1,1012.1,2.7,4.9
2024-06-20 03:05:00+02:00,11.8,11.8,11.9,10.4,91.0,19.4,82.0,0.0,0.0,0.0,0.0,0.0,0.0,13.8,38.4,191.2,0.5,2.5,278.0,1012.2,1012.2,2.7,4.9
2024-06-20 03:10:00+02:00,11.7,11.7,11.9,10.3,91.0,19.4,82.0,0.0,0.0,0.0,0.0,0.0,0.0,13.8,38.4,191.2,0.0,1.8,303.0,1012.0,1012.0,2.7,4.9
2024-06-20 03:15:00+02:00,11.6,11.6,11.5,10.4,92.0,19.3,82.0,0.0,0.0,0.0,0.0,0.0,0.0,13.8,38.4,191.2,1.2,3.2,309.0,1012.0,1012.0,2.7,4.9
2024-06-20 03:20:00+02:00,11.5,11.5,11.5,10.2,92.0,19.3,82.0,0.0,0.0,0.0,0.0,0.0,0.0,13.8,38.4,191.2,0.7,2.5,62.0,1011.8,1011.8,2.7,4.9
2024-06-20 03:25:00+02:00,11.4,11.4,11.2,10.1,92.0,19.2,82.0,0.0,0.0,0.0,0.0,0.0,0.0,13.8,38.4,191.2,1.4,3.2,119.0,1011.8,1011.8,2.7,4.9
2024-06-20 03:30:00+02:00,11.4,11.4,11.0,10.2,92.0,19.2,82.0,0.0,0.0,0.0,0.0,0.0,0.0,13.8,38.4,191.2,3.0,3.6,121.0,1012.0,1012.0,2.7,4.9
2024-06-20 03:35:00+02:00,11.3,11.3,11.3,10.1,92.0,19.1,82.0,0.0,0.0,0.0,0.0,0.0,0.0,13.8,38.4,191.2,0.5,3.2,102.0,1012.0,1012.0,2.7,4.8
2024-06-20 03:40:00+02:00,11.2,11.2,11.3,10.1,93.0,19.0,82.0,0.0,0.0,0.0,0.0,0.0,0.0,13.8,38.4,191.2,0.0,2.2,78.0,1012.2,1012.2,2.7,4.8
2024-06-20 03:45:00+02:00,11.3,11.3,11.4,10.2,93.0,19.0,82.0,0.0,0.0,0.0,0.0,0.0,0.0,13.8,38.4,191.2,0.0,2.2,297.0,1011.9,1011.9,2.7,4.8
2024-06-20 03:50:00+02:00,11.2,11.2,11.3,10.1,93.0,18.9,82.0,0.0,0.0,0.0,0.0,0.0,0.0,13.8,38.4,191.2,0.0,1.8,315.0,1012.2,1012.2,2.7,4.8
2024-06-20 03:55:00+02:00,11.2,11.2,11.1,10.2,93.0,18.9,82.0,0.0,0.0,0.0,0.0,0.0,0.0,13.8,38.4,191.2,0.9,2.5,289.0,1012.1,1012.1,2.7,4.8
2024-06-20 04:00:00+02:00,11.1,11.1,11.0,10.2,94.0,18.8,82.0,0.0,0.0,0.0,0.0,0.0,0.0,13.8,38.4,191.2,1.2,3.6,284.0,1012.1,1012.1,2.7,4.8
2024-06-20 04:05:00+02:00,11.0,11.0,11.1,10.1,94.0,18.8,82.0,0.0,0.0,0.0,0.0,0.0,0.0,13.8,38.4,191.2,0.0,2.2,291.0,1012.0,1012.0,2.7,4.8
2024-06-20 04:10:00+02:00,11.2,11.2,11.3,10.2,94.0,18.7,82.0,0.0,0.0,0.0,0.0,0.0,0.0,13.8,38.4,191.2,0.0,2.2,310.0,1012.0,1012.0,2.7,4.8
2024-06-20 04:15:00+02:00,11.0,11.0,11.1,10.1,94.0,18.7,82.0,0.0,0.0,0.0,0.0,0.0,0.0,13.8,38.4,191.2,0.0,1.8,111.0,1012.0,1012.0,2.7,4.8
2024-06-20 04:20:00+02:00,11.0,11.0,10.9,10.1,94.0,18.6,82.0,0.0,0.0,0.0,0.0,0.0,0.0,13.8,38.4,191.2,1.2,2.5,303.0,1011.8,1011.8,2.7,4.8
2024-06-20 04:25:00+02:00,10.8,10.8,10.9,9.9,94.0,18.6,82.0,0.0,0.0,0.0,0.0,0.0,0.0,13.8,38.4,191.2,0.0,2.2,51.0,1011.9,1011.9,2.7,4.8
2024-06-20 04:30:00+02:00,10.8,10.8,10.7,9.9,95.0,18.5,82.0,0.0,0.0,0.0,0.0,0.0,0.0,13.8,38.4,191.2,0.8,2.5,302.0,1011.8,1011.8,2.7,4.8
2024-06-20 04:35:00+02:00,10.9,10.9,11.0,10.1,95.0,18.5,82.0,0.0,0.0,0.0,0.0,0.0,0.0,13.8,38.4,191.2,0.0,2.5,276.0,1012.0,1012.0,2.7,4.8
2024-06-20 04:40:00+02:00,10.9,10.9,11.0,10.1,95.0,18.4,82.0,0.1,0.0,0.0,0.0,0.0,0.0,13.8,38.4,191.2,0.0,0.0,304.0,1012.3,1012.3,2.7,4.8
2024-06-20 04:45:00+02:00,10.9,10.9,11.0,10.1,95.0,18.4,82.0,0.2,0.0,0.0,0.0,0.0,0.0,13.8,38.4,191.2,0.0,1.8,93.0,1012.3,1012.3,2.7,4.8
2024-06-20 04:50:00+02:00,11.0,11.0,11.1,10.2,95.0,18.3,82.0,0.4,0.0,0.0,0.0,0.0,0.0,13.8,38.4,191.2,0.0,2.2,325.0,1012.2,1012.2,2.7,4.8
2024-06-20 04:55:00+02:00,10.8,10.8,10.7,10.1,95.0,18.2,82.0,0.7,0.0,0.0,0.0,0.0,0.0,13.8,38.4,191.2,0.9,2.2,35.0,1012.4,1012.4,2.7,4.8
2024-06-20 05:00:00+02:00,10.9,10.9,10.9,10.1,95.0,18.2,82.0,1.1,0.0,0.0,0.0,0.0,0.0,13.8,38.4,191.2,0.4,2.2,51.0,1012.3,1012.3,2.7,4.8
2024-06-20 05:05:00+02:00,10.8,10.8,10.8,10.1,95.0,18.2,82.0,1.6,0.0,0.0,0.0,0.0,0.0,13.8,38.4,191.2,0.9,2.9,115.0,1012.3,1012.3,2.7,4.8
2024-06-20 05:10:00+02:00,10.7,10.7,10.5,9.9,95.0,18.1,82.0,2.1,0.0,0.0,0.0,0.0,0.0,13.8,38.4,191.2,1.0,3.6,107.0,1012.3,1012.3,2.7,4.8
2024-06-20 05:15:00+02:00,10.7,10.7,10.7,10.1,96.0,18.1,82.0,2.9,0.0,0.0,0.0,0.0,0.0,13.8,38.4,191.2,0.0,1.8,113.0,1012.3,1012.3,2.7,4.7
2024-06-20 05:20:00+02:00,10.7,10.7,10.7,10.1,96.0,18.0,82.0,3.9,0.0,0.0,0.0,0.0,0.0,13.8,38.4,191.2,0.4,2.2,299.0,1012.2,1012.2,2.7,4.7
2024-06-20 05:25:00+02:00,10.6,10.6,10.5,10.0,96.0,18.0,82.0,4.8,0.0,0.0,0.0,0.0,0.0,13.8,38.4,191.2,0.8,2.5,132.0,1012.3,1012.3,2.7,4.7
2024-06-20 05:30:00+02:00,10.6,10.6,10.5,10.0,96.0,17.9,82.0,5.9,0.0,0.0,0.0,0.0,0.0,13.8,38.4,191.2,0.9,2.5,123.0,1012.3,1012.3,2.7,4.7
2024-06-20 05:35:00+02:00,10.7,10.7,10.8,10.1,96.0,17.9,82.0,7.0,0.0,0.0,0.0,0.0,0.0,13.8,38.4,191.2,0.0,3.6,305.0,1012.4,1012.4,2.7,4.7
2024-06-20 05:40:00+02:00,10.7,10.7,10.8,10.1,96.0,17.9,82.0,8.4,0.0,0.0,0.0,0.0,0.0,13.8,38.4,191.2,0.0,3.6,268.0,1012.5,1012.5,2.7,4.7
2024-06-20 05:45:00+02:00,10.7,10.7,10.8,10.1,96.0,17.8,82.0,9.6,0.0,0.0,0.0,0.0,0.0,13.8,38.4,191.2,0.0,1.8,120.0,1012.4,1012.4,2.7,4.7
2024-06-20 05:50:00+02:00,10.8,10.8,10.4,10.2,96.0,17.8,82.0,12.2,0.0,0.0,0.0,0.0,0.0,13.8,38.4,191.2,2.5,3.2,328.0,1012.5,1012.5,2.7,4.7
2024-06-20 05:55:00+02:00,11.0,11.0,11.0,10.4,96.0,17.7,82.0,15.2,0.0,0.0,0.0,0.0,0.0,13.8,38.4,191.2,0.9,4.0,58.0,1012.3,1012.3,2.7,4.7
2024-06-20 06:00:00+02:00,11.0,11.0,11.1,10.4,96.0,17.7,82.0,17.6,0.0,0.0,0.0,0.0,0.0,13.8,38.4,191.2,0.0,2.5,179.0,1012.4,1012.4,2.7,4.7
2024-06-20 06:05:00+02:00,11.1,11.1,11.3,10.5,96.0,17.7,82.0,20.1,0.0,0.0,0.0,0.0,0.0,13.8,38.4,191.2,0.0,2.5,284.0,1012.4,1012.4,2.7,4.7
2024-06-20 06:10:00+02:00,11.1,11.1,11.2,10.3,95.0,17.6,82.0,24.0,0.0,0.0,0.0,0.0,0.0,13.8,38.4,191.2,0.0,1.8,344.0,1012.4,1012.4,2.7,4.7
2024-06-20 06:15:00+02:00,11.3,11.3,11.3,10.5,95.0,17.6,82.0,33.8,0.0,0.0,0.0,0.0,0.0,13.8,38.4,191.2,1.1,4.0,319.0,1012.3,1012.3,2.7,4.7
2024-06-20 06:20:00+02:00,11.7,11.7,11.4,10.8,94.0,17.6,82.0,39.3,0.0,0.0,0.0,0.0,0.0,13.8,38.4,191.2,3.0,6.8,21.0,1012.0,1012.0,2.7,4.7
2024-06-20 06:25:00+02:00,12.2,12.2,12.4,11.0,92.0,17.6,82.0,42.1,0.0,0.0,0.0,0.0,0.0,13.8,38.4,191.2,0.7,3.6,316.0,1011.9,1011.9,2.7,4.7
2024-06-20 06:30:00+02:00,12.4,12.4,12.2,10.9,91.0,17.6,82.0,45.2,0.0,0.0,0.0,0.0,0.0,13.8,38.4,191.2,2.7,4.7,306.0,1011.7,1011.7,2.7,4.7
2024-06-20 06:35:00+02:00,12.6,12.6,12.4,10.9,90.0,17.6,82.0,48.7,0.0,0.0,0.0,0.0,0.0,13.8,38.4,191.2,2.5,6.1,277.0,1011.4,1011.4,2.7,4.7
2024-06-20 06:40:00+02:00,12.9,12.9,12.4,11.1,89.0,17.6,82.0,53.6,0.0,0.0,0.0,0.0,0.0,13.8,38.4,191.2,4.5,9.7,340.0,1011.2,1011.2,2.7,4.7
2024-06-20 06:45:00+02:00,13.3,13.3,13.1,11.3,88.0,17.6,83.0,60.5,0.0,0.0,0.0,0.0,0.0,13.8,38.4,191.2,3.1,9.7,46.0,1011.2,1011.2,2.7,4.8
2024-06-20 06:50:00+02:00,13.5,13.5,13.5,11.3,86.0,17.7,84.0,65.6,0.0,0.0,0.0,0.0,0.0,13.8,38.4,191.2,2.4,8.6,20.0,1011.0,1011.0,2.7,4.8
2024-06-20 06:55:00+02:00,13.8,13.8,13.6,11.4,85.0,17.9,84.0,68.3,0.0,0.0,0.0,0.0,0.0,13.8,38.4,191.2,3.5,5.0,353.0,1011.2,1011.2,2.7,4.8
2024-06-20 07:00:00+02:00,14.2,14.2,14.1,11.5,84.0,18.1,84.0,69.1,0.0,0.0,0.0,0.0,0.0,13.8,38.4,191.2,3.0,5.8,41.0,1011.1,1011.1,2.7,4.8
2024-06-20 07:05:00+02:00,14.0,14.0,13.7,11.5,85.0,18.3,84.0,40.6,0.0,0.0,0.0,0.0,0.0,13.8,38.4,191.2,3.7,6.1,57.0,1011.1,1011.1,2.7,4.8
2024-06-20 07:10:00+02:00,13.7,13.7,13.4,11.4,86.0,18.4,84.0,45.0,0.0,0.0,0.0,0.0,0.0,13.8,38.4,191.2,4.0,9.4,40.0,1011.1,1011.1,2.7,4.8
2024-06-20 07:15:00+02:00,13.8,13.8,13.7,11.4,86.0,18.5,85.0,57.8,0.0,0.0,0.0,0.0,0.0,13.8,38.4,191.2,2.4,7.2,74.0,1011.1,1011.1,2.7,4.8
2024-06-20 07:20:00+02:00,13.9,13.9,13.9,11.5,85.0,18.6,85.0,75.9,0.0,0.0,0.0,0.0,0.0,13.8,38.4,191.2,2.5,8.3,111.0,1011.1,1011.1,2.7,4.8
2024-06-20 07:25:00+02:00,14.1,14.1,13.7,11.5,85.0,18.6,85.0,93.0,0.0,0.0,0.0,0.0,0.0,13.8,38.4,191.2,4.3,9.0,66.0,1011.1,1011.1,2.7,4.8
2024-06-20 07:30:00+02:00,14.3,14.3,14.1,11.7,85.0,18.7,84.0,102.5,0.0,0.0,0.0,0.0,0.0,13.8,38.4,191.2,4.0,10.1,138.0,1011.4,1011.4,2.7,4.8
2024-06-20 07:35:00+02:00,14.4,14.4,14.4,11.8,84.0,18.7,84.0,107.3,0.0,0.0,0.0,0.0,0.0,13.8,38.4,191.2,3.2,8.3,130.0,1011.4,1011.4,2.7,4.9
2024-06-20 07:40:00+02:00,14.5,14.5,14.2,11.8,84.0,18.8,84.0,105.8,0.0,0.0,0.0,0.0,0.0,13.8,38.4,191.2,4.2,10.8,121.0,1011.5,1011.5,2.7,4.9
2024-06-20 07:45:00+02:00,14.6,14.6,14.3,11.9,84.0,18.8,84.0,103.2,0.0,0.0,0.0,0.0,0.0,13.8,38.4,191.2,4.5,7.2,85.0,1011.3,1011.3,2.7,4.9
2024-06-20 07:50:00+02:00,14.7,14.7,14.6,11.9,83.0,18.9,84.0,106.2,0.0,0.0,0.0,0.0,0.0,13.8,38.4,191.2,3.9,7.9,31.0,1011.1,1011.1,2.7,4.9
2024-06-20 07:55:00+02:00,14.8,14.8,15.0,12.0,83.0,19.0,84.0,113.2,1.0,0.0,0.0,0.0,0.0,13.8,38.4,191.2,2.4,5.8,80.0,1011.1,1011.1,2.7,5.0
2024-06-20 08:00:00+02:00,15.0,15.0,15.2,12.0,82.0,19.0,84.0,118.9,1.0,0.0,0.0,0.0,0.0,13.8,38.4,191.2,2.2,7.2,79.0,1011.1,1011.1,2.7,5.0
2024-06-20 08:05:00+02:00,15.0,15.0,15.2,12.1,83.0,19.1,84.0,118.6,1.0,0.0,0.0,0.0,0.0,13.8,38.4,191.2,2.8,6.5,138.0,1011.3,1011.3,2.7,5.0
2024-06-20 08:10:00+02:00,15.2,15.2,15.5,12.2,82.0,19.1,84.0,117.7,1.0,0.0,0.0,0.0,0.0,13.8,38.4,191.2,1.9,6.1,134.0,1011.2,1011.2,2.7,5.0
2024-06-20 08:15:00+02:00,15.3,15.3,15.8,12.3,82.0,19.2,84.0,118.1,1.0,0.0,0.0,0.0,0.0,13.8,38.4,191.2,1.2,6.1,128.0,1011.3,1011.3,2.7,5.1
2024-06-20 08:20:00+02:00,15.6,15.6,16.1,12.4,81.0,19.3,84.0,118.3,1.0,0.0,0.0,0.0,0.0,13.8,38.4,191.2,1.2,4.7,60.0,1011.2,1011.2,2.7,5.1
2024-06-20 08:25:00+02:00,15.8,15.8,16.5,12.5,81.0,19.3,84.0,140.5,1.0,0.0,0.0,0.0,0.0,13.8,38.4,191.2,0.5,4.0,16.0,1011.1,1011.1,2.7,5.1
2024-06-20 08:30:00+02:00,16.0,16.0,16.4,12.4,79.0,19.4,84.0,197.9,1.0,0.0,0.0,0.0,0.0,13.8,38.4,191.2,1.7,7.2,96.0,1011.1,1011.1,2.7,5.1
2024-06-20 08:35:00+02:00,16.3,16.3,16.6,12.5,78.0,19.4,84.0,227.0,2.0,0.0,0.0,0.0,0.0,13.8,38.4,191.2,2.2,5.0,79.0,1011.4,1011.4,2.7,5.2
2024-06-20 08:40:00+02:00,16.6,16.6,17.1,12.8,78.0,19.4,85.0,220.9,2.0,0.0,0.0,0.0,0.0,13.8,38.4,191.2,1.7,4.7,285.0,1011.3,1011.3,2.7,5.2
2024-06-20 08:45:00+02:00,16.9,16.9,17.2,12.6,76.0,19.6,85.0,216.1,2.0,0.0,0.0,0.0,0.0,13.8,38.4,191.2,2.7,6.8,26.0,1011.4,1011.4,2.7,5.2
2024-06-20 08:50:00+02:00,16.9,16.9,17.2,12.7,76.0,19.6,85.0,179.4,1.0,0.0,0.0,0.0,0.0,13.8,38.4,191.2,2.8,6.5,311.0,1011.3,1011.3,2.7,5.2
2024-06-20 08:55:00+02:00,16.8,16.8,17.1,12.8,77.0,19.7,85.0,198.6,1.0,0.0,0.0,0.0,0.0,13.8,38.4,191.2,3.2,6.1,293.0,1011.4,1011.4,2.7,5.2
2024-06-20 09:00:00+02:00,16.9,16.9,17.3,12.9,77.0,19.8,85.0,198.9,1.0,0.0,0.0,0.0,0.0,13.8,38.4,191.2,2.9,6.1,314.0,1011.4,1011.4,2.7,5.2
2024-06-20 09:05:00+02:00,17.0,17.0,17.3,12.8,76.0,19.9,86.0,196.1,1.0,0.0,0.0,0.0,0.0,13.8,38.4,191.2,3.2,7.2,280.0,1011.5,1011.5,2.7,5.2
2024-06-20 09:10:00+02:00,17.2,17.2,17.1,12.8,76.0,20.0,86.0,270.0,2.0,0.0,0.0,0.0,0.0,13.8,38.4,191.2,4.7,6.8,316.0,1011.5,1011.5,2.7,5.2
2024-06-20 09:15:00+02:00,17.5,17.5,17.8,13.0,75.0,20.1,86.0,287.1,2.0,0.0,0.0,0.0,0.0,13.8,38.4,191.2,3.2,7.6,306.0,1011.7,1011.7,2.7,5.2
2024-06-20 09:20:00+02:00,17.7,17.7,17.8,13.2,75.0,20.2,86.0,219.8,2.0,0.0,0.0,0.0,0.0,13.8,38.4,191.2,4.5,7.6,279.0,1011.6,1011.6,2.7,5.2
2024-06-20 09:25:00+02:00,17.6,17.6,17.5,13.2,75.0,20.3,86.0,215.0,1.0,0.0,0.0,0.0,0.0,13.8,38.4,191.2,5.5,9.0,283.0,1011.6,1011.6,2.7,5.2
2024-06-20 09:30:00+02:00,17.7,17.7,18.3,13.2,75.0,20.4,86.0,217.1,2.0,0.0,0.0,0.0,0.0,13.8,38.4,191.2,2.2,6.1,298.0,1011.8,1011.8,2.7,5.2
2024-06-20 09:35:00+02:00,17.9,17.9,18.7,13.1,73.0,20.5,86.0,210.8,1.0,0.0,0.0,0.0,0.0,13.8,38.4,191.2,1.2,5.8,295.0,1011.7,1011.7,2.7,5.2
2024-06-20 09:40:00+02:00,18.4,18.4,19.2,13.5,74.0,20.6,86.0,320.7,2.0,0.0,0.0,0.0,0.0,13.8,38.4,191.2,1.5,5.0,293.0,1011.7,1011.7,2.7,5.2
2024-06-20 09:45:00+02:00,18.4,18.4,19.1,13.4,73.0,20.7,86.0,355.6,3.0,0.0,0.0,0.0,0.0,13.8,38.4,191.2,1.8,7.6,268.0,1011.6,1011.6,2.7,5.2
2024-06-20 09:50:00+02:00,18.3,18.3,18.3,13.3,73.0,20.9,86.0,385.5,3.0,0.0,0.0,0.0,0.0,13.8,38.4,191.2,5.0,8.3,301.0,1011.7,1011.7,2.7,5.2
2024-06-20 09:55:00+02:00,18.3,18.3,18.1,13.3,73.0,21.0,86.0,364.4,3.0,0.0,0.0,0.0,0.0,13.8,38.4,191.2,6.3,8.6,335.0,1011.5,1011.5,2.7,5.2
2024-06-20 10:00:00+02:00,18.1,18.1,18.1,13.2,73.0,21.2,86.0,282.8,2.0,0.0,0.0,0.0,0.0,13.8,38.4,191.2,5.0,8.6,350.0,1011.7,1011.7,2.7,5.2
2024-06-20 10:05:00+02:00,18.1,18.1,18.4,13.1,72.0,21.3,86.0,210.7,1.0,0.0,0.0,0.0,0.0,13.8,38.4,191.2,3.5,6.8,44.0,1011.6,1011.6,2.7,5.3
2024-06-20 10:10:00+02:00,18.2,18.2,18.4,13.1,72.0,21.4,86.0,427.6,3.0,0.0,0.0,0.0,0.0,13.8,38.4,191.2,3.6,6.1,41.0,1011.2,1011.2,2.7,5.3
2024-06-20 10:15:00+02:00,18.9,18.9,18.8,13.3,70.0,21.6,86.0,421.1,3.0,0.0,0.0,0.0,0.0,13.8,38.4,191.2,5.4,11.5,14.0,1011.1,1011.1,2.7,5.3
2024-06-20 10:20:00+02:00,19.1,19.1,19.3,13.4,70.0,21.8,86.0,460.0,4.0,0.0,0.0,0.0,0.0,13.8,38.4,191.2,4.7,14.8,3.0,1011.1,1011.1,2.7,5.3
2024-06-20 10:25:00+02:00,19.2,19.2,19.3,13.4,69.0,22.0,86.0,486.0,4.0,0.0,0.0,0.0,0.0,13.8,38.4,191.2,4.9,14.8,7.0,1010.9,1010.9,2.7,5.3
2024-06-20 10:30:00+02:00,19.9,19.9,20.7,13.5,66.0,22.2,86.0,471.2,4.0,0.0,0.0,0.0,0.0,13.8,38.4,191.2,1.7,7.6,120.0,1011.0,1011.0,2.7,5.3
2024-06-20 10:35:00+02:00,20.2,20.2,20.4,13.4,65.0,22.4,86.0,457.8,4.0,0.0,0.0,0.0,0.0,13.8,38.4,191.2,4.7,9.7,360.0,1010.8,1010.8,2.7,5.3
2024-06-20 10:40:00+02:00,19.7,19.7,19.7,13.3,67.0,22.7,86.0,480.4,4.0,0.0,0.0,0.0,0.0,13.8,38.4,191.2,5.3,11.5,54.0,1010.9,1010.9,2.7,5.3
2024-06-20 10:45:00+02:00,19.6,19.6,20.1,13.3,67.0,22.9,86.0,475.7,4.0,0.0,0.0,0.0,0.0,13.8,38.4,191.2,2.9,11.2,283.0,1010.9,1010.9,2.7,5.3
2024-06-20 10:50:00+02:00,20.4,20.4,20.5,13.7,65.0,23.1,85.0,465.8,4.0,0.0,0.0,0.0,0.0,13.8,38.4,191.2,5.9,11.5,317.0,1010.8,1010.8,2.7,5.3
2024-06-20 10:55:00+02:00,20.1,20.1,20.4,12.9,63.0,23.4,85.0,249.4,2.0,0.0,0.0,0.0,0.0,13.8,38.4,191.2,2.9,9.0,77.0,1010.9,1010.9,2.7,5.3
2024-06-20 11:00:00+02:00,20.0,20.0,20.4,13.0,64.0,23.5,85.0,305.5,2.0,0.0,0.0,0.0,0.0,13.8,38.4,191.2,2.9,8.3,106.0,1010.6,1010.6,2.7,5.3
2024-06-20 11:05:00+02:00,20.1,20.1,20.0,12.9,63.0,23.7,84.0,423.4,3.0,0.0,0.0,0.0,0.0,13.8,38.4,191.2,5.0,13.7,4.0,1010.5,1010.5,2.7,5.3
2024-06-20 11:10:00+02:00,19.8,19.8,19.9,12.5,63.0,23.9,84.0,555.0,5.0,0.0,0.0,0.0,0.0,13.8,38.4,191.2,3.7,13.0,4.0,1010.5,1010.5,2.7,5.3
2024-06-20 11:15:00+02:00,20.4,20.4,20.0,12.9,62.0,24.0,84.0,578.1,5.0,0.0,0.0,0.0,0.0,13.8,38.4,191.2,6.6,15.1,0.0,1010.7,1010.7,2.7,5.3
2024-06-20 11:20:00+02:00,20.4,20.4,20.8,12.7,61.0,24.2,83.0,590.5,5.0,0.0,0.0,0.0,0.0,13.8,38.4,191.2,2.2,11.2,34.0,1010.7,1010.7,2.7,5.3
2024-06-20 11:25:00+02:00,20.3,20.3,20.3,12.6,61.0,24.4,83.0,514.8,4.0,0.0,0.0,0.0,0.0,13.8,38.4,191.2,4.3,11.2,67.0,1010.6,1010.6,2.7,5.3
2024-06-20 11:30:00+02:00,20.7,20.7,20.7,12.5,60.0,24.5,83.0,269.2,2.0,0.0,0.0,0.0,0.0,13.8,38.4,191.2,4.0,11.9,266.0,1010.4,1010.4,2.7,5.3
2024-06-20 11:35:00+02:00,20.7,20.7,20.4,12.1,58.0,24.7,83.0,465.1,4.0,0.0,0.0,0.0,0.0,13.8,38.4,191.2,4.6,13.3,187.0,1010.3,1010.3,2.7,5.3
2024-06-20 11:40:00+02:00,20.7,20.7,20.7,12.1,58.0,24.9,83.0,353.7,3.0,0.0,0.0,0.0,0.0,13.8,38.4,191.2,3.3,9.7,358.0,1010.2,1010.2,2.7,5.3
2024-06-20 11:45:00+02:00,20.4,20.4,20.2,12.4,60.0,24.9,83.0,236.5,2.0,0.0,0.0,0.0,0.0,13.8,38.4,191.2,4.5,13.3,13.0,1010.0,1010.0,2.7,5.3
2024-06-20 11:50:00+02:00,20.2,20.2,19.7,12.3,60.0,25.1,83.0,253.0,2.0,0.0,0.0,0.0,0.0,13.8,38.4,191.2,6.3,13.7,328.0,1010.1,1010.1,2.7,5.3
2024-06-20 11:55:00+02:00,20.1,20.1,20.0,12.6,62.0,25.2,82.0,221.9,2.0,0.0,0.0,0.0,0.0,13.8,38.4,191.2,4.5,12.6,14.0,1010.1,1010.1,2.7,5.3
2024-06-20 12:00:00+02:00,20.1,20.1,19.6,12.6,62.0,25.3,82.0,514.1,4.0,0.0,0.0,0.0,0.0,13.8,38.4,191.2,6.3,12.6,348.0,1010.0,1010.0,2.7,5.3
2024-06-20 12:05:00+02:00,20.3,20.3,20.1,12.7,62.0,25.4,82.0,600.6,5.0,0.0,0.0,0.0,0.0,13.8,38.4,191.2,5.0,14.0,24.0,1010.0,1010.0,2.7,5.3
2024-06-20 12:10:00+02:00,21.1,21.1,21.5,13.0,60.0,25.5,81.0,602.8,5.0,0.0,0.0,0.0,0.0,13.8,38.4,191.2,3.0,8.3,47.0,1009.7,1009.7,2.7,5.3
2024-06-20 12:15:00+02:00,21.4,21.4,21.5,13.0,59.0,25.7,81.0,627.0,5.0,0.0,0.0,0.0,0.0,13.8,38.4,191.2,4.4,23.0,9.0,1009.7,1009.7,2.7,5.3
2024-06-20 12:20:00+02:00,21.1,21.1,20.8,13.1,60.0,25.8,81.0,629.5,5.0,0.0,0.0,0.0,0.0,13.8,38.4,191.2,6.6,23.0,1.0,1009.6,1009.6,2.7,5.3
2024-06-20 12:25:00+02:00,21.4,21.4,21.3,12.8,58.0,26.0,81.0,702.0,6.0,0.0,0.0,0.0,0.0,13.8,38.4,191.2,4.8,19.4,35.0,1009.7,1009.7,2.7,5.3
2024-06-20 12:30:00+02:00,21.7,21.7,21.9,13.0,58.0,26.2,81.0,711.4,6.0,0.0,0.0,0.0,0.0,13.8,38.4,191.2,3.8,16.2,91.0,1009.6,1009.6,2.7,5.3
2024-06-20 12:35:00+02:00,22.0,22.0,22.3,13.1,57.0,26.3,81.0,296.4,2.0,0.0,0.0,0.0,0.0,13.8,38.4,191.2,3.2,10.1,50.0,1009.7,1009.7,2.7,5.3
2024-06-20 12:40:00+02:00,21.8,21.8,21.9,13.0,58.0,26.5,81.0,229.7,2.0,0.0,0.0,0.0,0.0,13.8,38.4,191.2,4.3,7.9,290.0,1009.6,1009.6,2.7,5.3
2024-06-20 12:45:00+02:00,21.6,21.6,21.4,12.9,58.0,26.7,81.0,199.6,1.0,0.0,0.0,0.0,0.0,13.8,38.4,191.2,5.3,16.6,325.0,1009.7,1009.7,2.7,5.3
2024-06-20 12:50:00+02:00,21.3,21.3,21.2,12.9,59.0,26.7,81.0,182.0,1.0,0.0,0.0,0.0,0.0,13.8,38.4,191.2,4.9,9.0,323.0,1009.7,1009.7,2.7,5.3
2024-06-20 12:55:00+02:00,21.4,21.4,21.6,13.0,59.0,26.7,81.0,177.7,1.0,0.0,0.0,0.0,0.0,13.8,38.4,191.2,3.6,11.2,356.0,1009.6,1009.6,2.7,5.3
2024-06-20 13:00:00+02:00,20.7,20.7,19.9,12.7,60.0,26.8,81.0,175.8,1.0,0.0,0.0,0.0,0.0,13.8,38.4,191.2,8.3,15.8,330.0,1009.6,1009.6,2.7,5.3
2024-06-20 13:05:00+02:00,20.7,20.7,20.8,12.9,61.0,26.8,81.0,177.3,1.0,0.0,0.0,0.0,0.0,13.8,38.4,191.2,4.0,15.8,44.0,1009.6,1009.6,2.7,5.3
2024-06-20 13:10:00+02:00,20.7,20.7,20.7,12.6,60.0,26.8,81.0,175.7,1.0,0.0,0.0,0.0,0.0,13.8,38.4,191.2,3.8,12.6,345.0,1009.6,1009.6,2.7,5.3
2024-06-20 13:15:00+02:00,20.7,20.7,20.6,12.6,60.0,26.8,81.0,154.1,1.0,0.0,0.0,0.0,0.0,13.8,38.4,191.2,4.2,12.2,31.0,1009.6,1009.6,2.7,5.3
2024-06-20 13:20:00+02:00,20.6,20.6,20.4,12.5,60.0,26.9,80.0,127.3,1.0,0.0,0.0,0.0,0.0,13.8,38.4,191.2,4.8,16.6,317.0,1009.6,1009.6,2.7,5.3
2024-06-20 13:25:00+02:00,20.4,20.4,20.3,12.7,61.0,26.9,80.0,90.0,0.0,0.0,0.0,0.0,0.0,13.8,38.4,191.2,5.0,16.2,331.0,1009.6,1009.6,2.7,5.3
2024-06-20 13:30:00+02:00,20.4,20.4,20.7,12.8,62.0,26.8,80.0,86.3,0.0,0.0,0.0,0.0,0.0,13.8,38.4,191.2,2.7,6.5,331.0,1009.6,1009.6,2.7,5.3
2024-06-20 13:35:00+02:00,20.4,20.4,20.4,13.1,63.0,26.8,80.0,88.1,0.0,0.0,0.0,0.0,0.0,13.8,38.4,191.2,5.1,9.4,334.0,1009.4,1009.4,2.7,5.3
2024-06-20 13:40:00+02:00,20.3,20.3,20.4,12.9,62.0,26.8,80.0,104.7,0.0,0.0,0.0,0.0,0.0,13.8,38.4,191.2,4.2,14.4,345.0,1009.2,1009.2,2.7,5.3
2024-06-20 13:45:00+02:00,20.3,20.3,20.3,12.9,63.0,26.8,80.0,124.9,1.0,0.0,0.0,0.0,0.0,13.8,38.4,191.2,5.0,10.4,29.0,1009.0,1009.0,2.7,5.3
2024-06-20 13:50:00+02:00,20.3,20.3,19.9,13.0,63.0,26.8,80.0,121.5,1.0,0.0,0.0,0.0,0.0,13.8,38.4,191.2,7.1,13.0,335.0,1008.8,1008.8,2.7,5.3
2024-06-20 13:55:00+02:00,20.2,20.2,19.6,12.9,63.0,26.8,80.0,101.4,0.0,0.0,0.0,0.0,0.0,13.8,38.4,191.2,7.3,14.0,353.0,1008.9,1008.9,2.7,5.3
2024-06-20 14:00:00+02:00,20.1,20.1,20.4,13.2,64.0,26.8,80.0,115.2,1.0,0.0,0.0,0.0,0.0,13.8,38.4,191.2,3.5,9.7,347.0,1008.8,1008.8,2.7,5.3
2024-06-20 14:05:00+02:00,20.2,20.2,20.2,13.2,64.0,26.7,80.0,114.6,1.0,0.0,0.0,0.0,0.0,13.8,38.4,191.2,4.8,8.3,358.0,1008.8,1008.8,2.7,5.3
2024-06-20 14:10:00+02:00,20.1,20.1,20.5,13.5,66.0,26.8,80.0,84.4,0.0,0.0,0.0,0.0,0.0,13.8,38.4,191.2,3.5,7.9,335.0,1008.6,1008.6,2.7,5.3
2024-06-20 14:15:00+02:00,20.0,20.0,20.4,13.5,66.0,26.8,80.0,103.4,0.0,0.0,0.0,0.0,0.0,13.8,38.4,191.2,3.5,9.7,317.0,1008.5,1008.5,2.7,5.3
2024-06-20 14:20:00+02:00,20.1,20.1,20.8,13.5,66.0,26.7,80.0,109.3,1.0,0.0,0.0,0.0,0.0,13.8,38.4,191.2,2.0,9.7,40.0,1008.6,1008.6,2.7,5.3
2024-06-20 14:25:00+02:00,20.2,20.2,20.3,13.4,65.0,26.6,80.0,111.0,1.0,0.0,0.0,0.0,0.0,13.8,38.4,191.2,4.8,10.1,356.0,1008.8,1008.8,2.7,5.2
2024-06-20 14:30:00+02:00,20.3,20.3,20.8,13.4,64.0,26.6,80.0,147.0,1.0,0.0,0.0,0.0,0.0,13.8,38.4,191.2,2.9,10.8,311.0,1008.6,1008.6,2.7,5.2
2024-06-20 14:35:00+02:00,20.5,20.5,20.8,13.2,63.0,26.6,80.0,165.3,1.0,0.0,0.0,0.0,0.0,13.8,38.4,191.2,3.7,10.8,1.0,1008.6,1008.6,2.7,5.2
2024-06-20 14:40:00+02:00,20.7,20.7,20.7,13.1,62.0,26.5,80.0,191.9,1.0,0.0,0.0,0.0,0.0,13.8,38.4,191.2,4.7,12.2,335.0,1008.4,1008.4,2.7,5.2
2024-06-20 14:45:00+02:00,20.7,20.7,20.8,13.2,62.0,26.5,81.0,195.3,1.0,0.0,0.0,0.0,0.0,13.8,38.4,191.2,4.7,10.1,357.0,1008.3,1008.3,2.7,5.2
2024-06-20 14:50:00+02:00,20.7,20.7,20.1,13.1,62.0,26.4,81.0,169.1,1.0,0.0,0.0,0.0,0.0,13.8,38.4,191.2,7.7,16.9,14.0,1008.5,1008.5,2.7,5.2
2024-06-20 14:55:00+02:00,20.7,20.7,21.0,13.1,62.0,26.4,81.0,350.1,3.0,0.0,0.0,0.0,0.0,13.8,38.4,191.2,3.2,16.9,337.0,1008.4,1008.4,2.7,5.2
2024-06-20 15:00:00+02:00,20.9,20.9,20.3,13.3,62.0,26.3,81.0,392.1,3.0,0.0,0.0,0.0,0.0,13.8,38.4,191.2,8.3,17.3,46.0,1008.4,1008.4,2.7,5.2
2024-06-20 15:05:00+02:00,21.2,21.2,21.3,13.3,61.0,26.3,81.0,231.9,2.0,0.0,0.0,0.0,0.0,13.8,38.4,191.2,4.8,11.5,334.0,1008.4,1008.4,2.7,5.3
2024-06-20 15:10:00+02:00,21.2,21.2,21.4,13.3,61.0,26.4,81.0,137.6,1.0,0.0,0.0,0.0,0.0,13.8,38.4,191.2,4.0,15.8,312.0,1008.3,1008.3,2.7,5.3
2024-06-20 15:15:00+02:00,20.9,20.9,20.5,13.1,61.0,26.3,81.0,91.0,0.0,0.0,0.0,0.0,0.0,13.8,38.4,191.2,7.0,10.8,4.0,1008.3,1008.3,2.7,5.3
2024-06-20 15:20:00+02:00,20.6,20.6,20.9,13.1,62.0,26.3,81.0,81.5,0.0,0.0,0.0,0.0,0.0,13.8,38.4,191.2,3.6,9.0,31.0,1008.3,1008.3,2.7,5.3
2024-06-20 15:25:00+02:00,20.6,20.6,20.8,13.2,63.0,26.3,81.0,91.7,0.0,0.0,0.0,0.0,0.0,13.8,38.4,191.2,4.3,10.4,354.0,1008.3,1008.3,2.7,5.3
2024-06-20 15:30:00+02:00,20.6,20.6,20.9,13.2,63.0,26.3,81.0,65.6,0.0,0.0,0.0,0.0,0.0,13.8,38.4,191.2,3.2,11.2,346.0,1008.3,1008.3,2.7,5.3
2024-06-20 15:35:00+02:00,20.5,20.5,20.9,13.4,64.0,26.3,81.0,73.4,0.0,0.0,0.0,0.0,0.0,13.8,38.4,191.2,3.2,6.5,304.0,1008.5,1008.5,2.7,5.3
2024-06-20 15:40:00+02:00,20.3,20.3,20.5,13.6,66.0,26.3,81.0,173.2,1.0,0.0,0.0,0.0,0.0,13.8,38.4,191.2,4.5,7.9,334.0,1008.3,1008.3,2.7,5.3
2024-06-20 15:45:00+02:00,20.5,20.5,21.1,14.1,66.0,26.2,82.0,173.2,1.0,0.0,0.0,0.0,0.0,13.8,38.4,191.2,3.7,7.6,313.0,1008.2,1008.2,2.7,5.2
2024-06-20 15:50:00+02:00,20.5,20.5,21.0,14.3,67.0,26.2,82.0,148.3,1.0,0.0,0.0,0.0,0.0,13.8,38.4,191.2,4.6,7.6,339.0,1008.1,1008.1,2.7,5.2
2024-06-20 15:55:00+02:00,20.5,20.5,20.9,14.1,67.0,26.2,82.0,122.4,1.0,0.0,0.0,0.0,0.0,13.8,38.4,191.2,4.5,8.3,283.0,1008.0,1008.0,2.7,5.2
2024-06-20 16:00:00+02:00,20.5,20.5,20.9,14.0,67.0,26.2,82.0,100.2,0.0,0.0,0.0,0.0,0.0,13.8,38.4,191.2,4.5,8.3,279.0,1008.1,1008.1,2.7,5.2
2024-06-20 16:05:00+02:00,20.5,20.5,20.9,14.0,66.0,26.1,82.0,105.4,0.0,0.0,0.0,0.0,0.0,13.8,38.4,191.2,4.3,6.5,277.0,1008.0,1008.0,2.7,5.2
2024-06-20 16:10:00+02:00,20.6,20.6,20.9,13.8,65.0,26.1,82.0,99.6,0.0,0.0,0.0,0.0,0.0,13.8,38.4,191.2,5.0,9.0,315.0,1007.9,1007.9,2.7,5.2
2024-06-20 16:15:00+02:00,20.7,20.7,21.3,13.8,65.0,26.1,82.0,111.1,1.0,0.0,0.0,0.0,0.0,13.8,38.4,191.2,3.4,7.6,292.0,1008.1,1008.1,2.7,5.2
2024-06-20 16:20:00+02:00,20.8,20.8,21.7,13.7,64.0,26.1,82.0,134.1,1.0,0.0,0.0,0.0,0.0,13.8,38.4,191.2,1.4,6.5,304.0,1008.0,1008.0,2.7,5.2
2024-06-20 16:25:00+02:00,20.9,20.9,21.5,13.6,63.0,26.1,82.0,149.7,1.0,0.0,0.0,0.0,0.0,13.8,38.4,191.2,2.8,8.3,44.0,1007.9,1007.9,2.7,5.2
2024-06-20 16:30:00+02:00,21.0,21.0,20.5,13.6,63.0,26.0,82.0,198.0,1.0,0.0,0.0,0.0,0.0,13.8,38.4,191.2,8.2,17.3,292.0,1007.7,1007.7,2.7,5.2
2024-06-20 16:35:00+02:00,21.1,21.1,21.1,13.7,62.0,26.0,82.0,242.5,2.0,0.0,0.0,0.0,0.0,13.8,38.4,191.2,6.1,9.4,329.0,1007.6,1007.6,2.7,5.2
2024-06-20 16:40:00+02:00,21.2,21.2,21.0,13.7,63.0,26.0,82.0,269.7,2.0,0.0,0.0,0.0,0.0,13.8,38.4,191.2,7.1,15.8,342.0,1007.5,1007.5,2.7,5.2
2024-06-20 16:45:00+02:00,21.4,21.4,21.3,13.9,62.0,26.0,82.0,283.0,2.0,0.0,0.0,0.0,0.0,13.8,38.4,191.2,6.9,15.1,314.0,1007.3,1007.3,2.7,5.2
2024-06-20 16:50:00+02:00,21.3,21.3,21.1,13.7,62.0,26.0,83.0,283.8,2.0,0.0,0.0,0.0,0.0,13.8,38.4,191.2,7.1,19.1,339.0,1007.4,1007.4,2.7,5.2
2024-06-20 16:55:00+02:00,21.5,21.5,21.3,14.0,62.0,26.0,83.0,255.2,2.0,0.0,0.0,0.0,0.0,13.8,38.4,191.2,7.4,15.8,353.0,1007.3,1007.3,2.7,5.3
2024-06-20 17:00:00+02:00,21.6,21.6,22.1,14.0,62.0,26.0,83.0,178.8,1.0,0.0,0.0,0.0,0.0,13.8,38.4,191.2,3.7,14.0,294.0,1007.2,1007.2,2.7,5.3
2024-06-20 17:05:00+02:00,21.6,21.6,21.6,14.3,63.0,26.1,83.0,166.1,1.0,0.0,0.0,0.0,0.0,13.8,38.4,191.2,6.8,13.7,300.0,1007.3,1007.3,2.7,5.3
2024-06-20 17:10:00+02:00,21.3,21.3,21.1,13.9,63.0,26.1,83.0,174.7,1.0,0.0,0.0,0.0,0.0,13.8,38.4,191.2,7.3,16.9,318.0,1007.3,1007.3,2.7,5.3
2024-06-20 17:15:00+02:00,21.3,21.3,21.8,14.0,63.0,26.1,83.0,182.2,1.0,0.0,0.0,0.0,0.0,13.8,38.4,191.2,4.1,16.6,323.0,1007.3,1007.3,2.7,5.3
2024-06-20 17:20:00+02:00,21.4,21.4,21.6,14.1,63.0,26.1,83.0,215.1,1.0,0.0,0.0,0.0,0.0,13.8,38.4,191.2,5.3,9.7,323.0,1007.1,1007.1,2.7,5.3
2024-06-20 17:25:00+02:00,21.4,21.4,21.8,14.1,63.0,26.2,83.0,183.5,1.0,0.0,0.0,0.0,0.0,13.8,38.4,191.2,4.8,13.3,292.0,1007.0,1007.0,2.7,5.3
2024-06-20 17:30:00+02:00,21.3,21.3,21.2,14.1,64.0,26.1,83.0,148.0,1.0,0.0,0.0,0.0,0.0,13.8,38.4,191.2,6.8,13.3,356.0,1007.0,1007.0,2.7,5.3
2024-06-20 17:35:00+02:00,21.3,21.3,21.8,14.3,64.0,26.1,83.0,158.8,1.0,0.0,0.0,0.0,0.0,13.8,38.4,191.2,4.8,16.9,12.0,1006.8,1006.8,2.7,5.3
2024-06-20 17:40:00+02:00,21.2,21.2,21.5,14.2,64.0,26.2,83.0,232.8,2.0,0.0,0.0,0.0,0.0,13.8,38.4,191.2,5.5,13.0,356.0,1006.7,1006.7,2.7,5.3
2024-06-20 17:45:00+02:00,21.5,21.5,21.9,14.3,64.0,26.2,84.0,225.7,2.0,0.0,0.0,0.0,0.0,13.8,38.4,191.2,4.9,11.9,306.0,1006.8,1006.8,2.7,5.3
2024-06-20 17:50:00+02:00,21.6,21.6,21.9,14.4,64.0,26.2,83.0,152.6,1.0,0.0,0.0,0.0,0.0,13.8,38.4,191.2,5.9,11.5,338.0,1006.6,1006.6,2.7,5.3
2024-06-20 17:55:00+02:00,21.3,21.3,22.1,14.3,64.0,26.2,83.0,115.4,1.0,0.0,0.0,0.0,0.0,13.8,38.4,191.2,3.4,11.9,318.0,1006.9,1006.9,2.7,5.3
2024-06-20 18:00:00+02:00,21.3,21.3,21.5,14.3,64.0,26.2,83.0,114.3,1.0,0.0,0.0,0.0,0.0,13.8,38.4,191.2,6.1,17.6,3.0,1006.9,1006.9,2.7,5.3
2024-06-20 18:05:00+02:00,21.3,21.3,22.1,14.1,64.0,26.2,83.0,105.6,0.0,0.0,0.0,0.0,0.0,13.8,38.4,191.2,2.2,15.5,35.0,1006.9,1006.9,2.7,5.3
2024-06-20 18:10:00+02:00,21.3,21.3,22.2,14.2,64.0,26.3,83.0,74.0,0.0,0.0,0.0,0.0,0.0,13.8,38.4,191.2,2.4,9.0,115.0,1007.1,1007.1,2.7,5.3
2024-06-20 18:15:00+02:00,21.2,21.2,22.0,14.2,64.0,26.2,83.0,72.1,0.0,0.0,0.0,0.0,0.0,13.8,38.4,191.2,2.7,11.5,341.0,1007.2,1007.2,2.7,5.3
2024-06-20 18:20:00+02:00,21.2,21.2,21.9,14.2,64.0,26.2,84.0,68.2,0.0,0.0,0.0,0.0,0.0,13.8,38.4,191.2,3.2,10.4,7.0,1007.0,1007.0,2.7,5.3
2024-06-20 18:25:00+02:00,21.1,21.1,21.8,14.2,65.0,26.2,83.0,41.7,0.0,0.0,0.0,0.0,0.0,13.8,38.4,191.2,3.5,10.1,52.0,1007.1,1007.1,2.7,5.3
2024-06-20 18:30:00+02:00,21.1,21.1,21.9,14.3,65.0,26.2,83.0,47.8,0.0,0.0,0.0,0.0,0.0,13.8,38.4,191.2,2.8,9.0,10.0,1006.9,1006.9,2.7,5.3
2024-06-20 18:35:00+02:00,21.0,21.0,22.3,14.4,66.0,26.2,83.0,45.5,0.0,0.0,0.0,0.0,0.0,13.8,38.4,191.2,0.9,5.0,293.0,1006.9,1006.9,2.7,5.2
2024-06-20 18:40:00+02:00,21.1,21.1,22.2,14.4,66.0,26.2,83.0,41.5,0.0,0.0,0.0,0.0,0.0,13.8,38.4,191.2,1.5,5.0,80.0,1006.8,1006.8,2.7,5.2
2024-06-20 18:45:00+02:00,20.9,20.9,21.8,14.3,66.0,26.2,83.0,30.9,0.0,0.0,0.0,0.0,0.0,13.8,38.4,191.2,2.7,9.4,327.0,1006.8,1006.8,2.7,5.2
2024-06-20 18:50:00+02:00,20.8,20.8,21.3,14.3,66.0,26.1,84.0,30.4,0.0,0.0,0.0,0.0,0.0,13.8,38.4,191.2,4.1,7.6,338.0,1006.7,1006.7,2.7,5.2
2024-06-20 18:55:00+02:00,20.8,20.8,21.6,14.2,66.0,26.1,83.0,42.4,0.0,0.0,0.0,0.0,0.0,13.8,38.4,191.2,2.7,8.6,349.0,1006.7,1006.7,2.7,5.2
2024-06-20 19:00:00+02:00,20.7,20.7,21.6,14.2,66.0,26.1,83.0,44.4,0.0,0.0,0.0,0.0,0.0,13.8,38.4,191.2,2.2,8.3,344.0,1006.3,1006.3,2.7,5.2
2024-06-20 19:05:00+02:00,20.7,20.7,22.0,14.3,66.0,26.0,83.0,51.3,0.0,0.0,0.0,0.0,0.0,13.8,38.4,191.2,0.7,6.1,309.0,1006.4,1006.4,2.7,5.2
2024-06-20 19:10:00+02:00,20.7,20.7,21.6,14.2,66.0,26.1,83.0,57.0,0.0,0.0,0.0,0.0,0.0,13.8,38.4,191.2,2.4,9.4,43.0,1006.3,1006.3,2.7,5.2
2024-06-20 19:15:00+02:00,20.7,20.7,21.7,14.3,67.0,26.1,83.0,51.2,0.0,0.0,0.0,0.0,0.0,13.8,38.4,191.2,1.9,9.0,338.0,1006.2,1006.2,2.7,5.2
2024-06-20 19:20:00+02:00,20.7,20.7,21.5,14.3,67.0,26.0,83.0,55.2,0.0,0.0,0.0,0.0,0.0,13.8,38.4,191.2,2.6,7.6,45.0,1006.3,1006.3,2.7,5.2
2024-06-20 19:25:00+02:00,20.6,20.6,21.7,14.2,67.0,26.0,83.0,48.8,0.0,0.0,0.0,0.0,0.0,13.8,38.4,191.2,1.2,7.9,313.0,1006.4,1006.4,2.7,5.2
2024-06-20 19:30:00+02:00,20.6,20.6,21.0,14.2,67.0,26.0,83.0,51.0,0.0,0.0,0.0,0.0,0.0,13.8,38.4,191.2,4.5,14.4,352.0,1006.2,1006.2,2.7,5.2
2024-06-20 19:35:00+02:00,20.5,20.5,20.6,14.2,67.0,25.9,83.0,65.8,0.0,0.0,0.0,0.0,0.0,13.8,38.4,191.2,6.2,12.2,354.0,1006.1,1006.1,2.7,5.2
2024-06-20 19:40:00+02:00,20.5,20.5,21.3,14.2,67.0,25.9,83.0,58.7,0.0,0.0,0.0,0.0,0.0,13.8,38.4,191.2,2.8,11.9,46.0,1006.2,1006.2,2.7,5.2
2024-06-20 19:45:00+02:00,20.5,20.5,21.1,14.2,67.0,25.9,83.0,50.0,0.0,0.0,0.0,0.0,0.0,13.8,38.4,191.2,3.5,10.1,46.0,1006.2,1006.2,2.7,5.2
2024-06-20 19:50:00+02:00,20.5,20.5,21.0,14.2,67.0,25.9,83.0,48.1,0.0,0.0,0.0,0.0,0.0,13.8,38.4,191.2,4.5,8.3,338.0,1006.2,1006.2,2.7,5.2
2024-06-20 19:55:00+02:00,20.4,20.4,20.7,14.2,68.0,25.9,83.0,44.9,0.0,0.0,0.0,0.0,0.0,13.8,38.4,191.2,5.0,11.5,13.0,1006.0,1006.0,2.7,5.2
2024-06-20 20:05:00+02:00,20.2,20.2,20.9,14.1,68.0,25.8,83.0,51.5,0.0,0.0,0.0,0.0,0.0,13.8,38.4,191.2,3.2,6.5,26.0,1006.0,1006.0,2.7,5.2
2024-06-20 20:10:00+02:00,20.2,20.2,20.7,14.2,68.0,25.8,83.0,47.2,0.0,0.0,0.0,0.0,0.0,13.8,38.4,191.2,4.2,6.5,33.0,1006.2,1006.2,2.7,5.2
2024-06-20 20:15:00+02:00,20.2,20.2,21.2,14.3,69.0,25.7,82.0,42.9,0.0,0.0,0.0,0.0,0.0,13.8,38.4,191.2,1.9,9.0,45.0,1006.2,1006.2,2.7,5.2
2024-06-20 20:20:00+02:00,20.1,20.1,21.0,14.3,69.0,25.7,83.0,41.0,0.0,0.0,0.0,0.0,0.0,13.8,38.4,191.2,2.2,7.9,48.0,1006.3,1006.3,2.7,5.2
2024-06-20 20:25:00+02:00,20.1,20.1,21.2,14.3,69.0,25.6,83.0,40.6,0.0,0.0,0.0,0.0,0.0,13.8,38.4,191.2,1.0,7.9,65.0,1006.2,1006.2,2.7,5.2
2024-06-20 20:30:00+02:00,20.0,20.0,21.0,14.3,70.0,25.6,82.0,30.8,0.0,0.0,0.0,0.0,0.0,13.8,38.4,191.2,1.9,6.1,64.0,1006.1,1006.1,2.7,5.2
2024-06-20 20:35:00+02:00,20.0,20.0,21.4,14.4,70.0,25.6,83.0,17.8,0.0,0.0,0.0,0.0,0.0,13.8,38.4,191.2,0.4,8.3,307.0,1006.1,1006.1,2.7,5.2
2024-06-20 20:40:00+02:00,20.0,20.0,20.7,14.5,70.0,25.5,83.0,15.6,0.0,0.0,0.0,0.0,0.0,13.8,38.4,191.2,3.7,8.6,356.0,1006.0,1006.0,2.7,5.2
2024-06-20 20:45:00+02:00,19.9,19.9,20.4,14.3,70.0,25.4,83.0,15.9,0.0,0.0,0.0,0.0,0.0,13.8,38.4,191.2,4.8,13.0,312.0,1005.9,1005.9,2.7,5.2
2024-06-20 20:50:00+02:00,19.9,19.9,20.6,14.4,71.0,25.4,83.0,15.3,0.0,0.0,0.0,0.0,0.0,13.8,38.4,191.2,3.4,7.6,356.0,1005.8,1005.8,2.7,5.2
2024-06-20 20:55:00+02:00,19.8,19.8,21.0,14.4,71.0,25.4,83.0,15.0,0.0,0.0,0.0,0.0,0.0,13.8,38.4,191.2,1.3,5.4,59.0,1005.9,1005.9,2.7,5.2
2024-06-20 21:00:00+02:00,19.8,19.8,20.7,14.4,71.0,25.4,82.0,20.4,0.0,0.0,0.0,0.0,0.0,13.8,38.4,191.2,2.8,8.6,355.0,1005.7,1005.7,2.7,5.2
2024-06-20 21:05:00+02:00,19.8,19.8,21.0,14.5,72.0,25.3,83.0,15.7,0.0,0.0,0.0,0.0,0.0,13.8,38.4,191.2,1.2,7.6,0.0,1005.7,1005.7,2.7,5.2
2024-06-20 21:10:00+02:00,19.7,19.7,21.1,14.6,72.0,25.3,82.0,7.6,0.0,0.0,0.0,0.0,0.0,13.8,38.4,191.2,0.4,4.0,43.0,1005.8,1005.8,2.7,5.2
2024-06-20 21:15:00+02:00,19.7,19.7,20.6,14.6,72.0,25.3,82.0,6.5,0.0,0.0,0.0,0.0,0.0,13.8,38.4,191.2,2.6,6.1,303.0,1005.8,1005.8,2.7,5.2
2024-06-20 21:20:00+02:00,19.7,19.7,20.5,14.6,73.0,25.3,82.0,8.5,0.0,0.0,0.0,0.0,0.0,13.8,38.4,191.2,2.9,8.3,327.0,1005.6,1005.6,2.7,5.2
2024-06-20 21:25:00+02:00,19.6,19.6,20.6,14.7,73.0,25.2,82.0,8.7,0.0,0.0,0.0,0.0,0.0,13.8,38.4,191.2,2.5,6.8,300.0,1005.5,1005.5,2.7,5.2
2024-06-20 21:30:00+02:00,19.4,19.4,20.4,14.6,74.0,25.2,82.0,6.6,0.0,0.0,0.0,0.0,0.0,13.8,38.4,191.2,2.7,7.6,288.0,1005.6,1005.6,2.7,5.2
2024-06-20 21:35:00+02:00,19.4,19.4,20.4,14.6,74.0,25.1,82.0,2.8,0.0,0.0,0.0,0.0,0.0,13.8,38.4,191.2,2.2,7.2,294.0,1005.7,1005.7,2.7,5.2
2024-06-20 21:40:00+02:00,19.3,19.3,20.4,14.6,74.0,25.1,83.0,1.4,0.0,0.0,0.0,0.0,0.0,13.8,38.4,191.2,1.9,4.3,315.0,1005.8,1005.8,2.7,5.2
2024-06-20 21:45:00+02:00,19.3,19.3,20.4,14.7,75.0,25.0,82.0,0.9,0.0,0.0,0.0,0.0,0.0,13.8,38.4,191.2,1.9,4.0,324.0,1005.6,1005.6,2.7,5.2
2024-06-20 21:50:00+02:00,19.2,19.2,20.4,14.7,75.0,25.0,83.0,0.6,0.0,0.0,0.0,0.0,0.0,13.8,38.4,191.2,1.4,3.6,275.0,1005.7,1005.7,2.7,5.2
2024-06-20 21:55:00+02:00,19.1,19.1,20.2,14.7,76.0,25.0,82.0,0.7,0.0,0.0,0.0,0.0,0.0,13.8,38.4,191.2,1.9,4.0,281.0,1005.5,1005.5,2.7,5.2
2024-06-20 22:00:00+02:00,19.0,19.0,19.9,14.7,76.0,24.9,82.0,0.6,0.0,0.0,0.0,0.0,0.0,13.8,38.4,191.2,3.2,7.6,326.0,1005.6,1005.6,2.7,5.2
2024-06-20 22:05:00+02:00,19.1,19.1,20.3,14.6,75.0,24.9,82.0,0.2,0.0,0.0,0.0,0.0,0.0,13.8,38.4,191.2,1.2,7.2,325.0,1005.6,1005.6,2.7,5.2
2024-06-20 22:10:00+02:00,19.1,19.1,20.5,14.7,76.0,24.8,82.0,0.2,0.0,0.0,0.0,0.0,0.0,13.8,38.4,191.2,0.4,3.2,347.0,1005.8,1005.8,2.7,5.2
2024-06-20 22:15:00+02:00,19.0,19.0,20.0,14.7,76.0,24.8,82.0,0.1,0.0,0.0,0.0,0.0,0.0,13.8,38.4,191.2,2.7,6.1,333.0,1005.7,1005.7,2.7,5.2
2024-06-20 22:20:00+02:00,19.0,19.0,20.2,14.8,77.0,24.8,82.0,0.1,0.0,0.0,0.0,0.0,0.0,13.8,38.4,191.2,1.4,6.1,302.0,1005.7,1005.7,2.7,5.2
2024-06-20 22:25:00+02:00,18.8,18.8,20.0,14.8,77.0,24.7,82.0,0.0,0.0,0.0,0.0,0.0,0.0,13.8,38.4,191.2,2.2,2.9,287.0,1005.8,1005.8,2.7,5.1
2024-06-20 22:30:00+02:00,18.7,18.7,20.1,14.8,78.0,24.7,82.0,0.0,0.0,0.0,0.0,0.0,0.0,13.8,38.4,191.2,0.7,4.3,14.0,1005.8,1005.8,2.7,5.1
2024-06-20 22:35:00+02:00,18.7,18.7,20.1,14.7,78.0,24.6,82.0,0.0,0.0,0.0,0.0,0.0,0.0,13.8,38.4,191.2,0.7,2.5,3.0,1005.8,1005.8,2.7,5.1
2024-06-20 22:40:00+02:00,18.7,18.7,19.9,14.6,77.0,24.6,82.0,0.0,0.0,0.0,0.0,0.0,0.0,13.8,38.4,191.2,1.3,4.7,39.0,1005.7,1005.7,2.7,5.1
2024-06-20 22:45:00+02:00,18.7,18.7,20.0,14.7,78.0,24.5,82.0,0.0,0.0,0.0,0.0,0.0,0.0,13.8,38.4,191.2,0.8,2.9,151.0,1006.0,1006.0,2.7,5.1
2024-06-20 22:50:00+02:00,18.6,18.6,20.0,14.8,78.0,24.5,82.0,0.0,0.0,0.0,0.0,0.0,0.0,13.8,38.4,191.2,0.4,2.2,251.0,1006.0,1006.0,2.7,5.1
2024-06-20 22:55:00+02:00,18.5,18.5,19.6,14.7,79.0,24.4,82.0,0.0,0.0,0.0,0.0,0.0,0.0,13.8,38.4,191.2,1.9,6.8,276.0,1005.9,1005.9,2.7,5.1
2024-06-20 23:00:00+02:00,18.5,18.5,19.9,14.8,79.0,24.4,83.0,0.0,0.0,0.0,0.0,0.0,0.0,13.8,38.4,191.2,0.8,3.2,278.0,1006.0,1006.0,2.7,5.1
2024-06-20 23:05:00+02:00,18.4,18.4,19.8,14.7,79.0,24.4,82.0,0.0,0.0,0.0,0.0,0.0,0.0,13.8,38.4,191.2,0.5,2.9,300.0,1005.9,1005.9,2.7,5.1
2024-06-20 23:10:00+02:00,18.3,18.3,19.4,14.8,80.0,24.3,82.0,0.0,0.0,0.0,0.0,0.0,0.0,13.8,38.4,191.2,2.0,3.6,293.0,1005.8,1005.8,2.7,5.1
2024-06-20 23:15:00+02:00,18.0,18.0,19.3,14.6,81.0,24.3,82.0,0.0,0.0,0.0,0.0,0.0,0.0,13.8,38.4,191.2,1.3,3.2,301.0,1005.9,1005.9,2.7,5.1
2024-06-20 23:20:00+02:00,18.1,18.1,19.5,14.6,80.0,24.3,82.0,0.0,0.0,0.0,0.0,0.0,0.0,13.8,38.4,191.2,0.4,3.2,277.0,1005.8,1005.8,2.7,5.1
2024-06-20 23:25:00+02:00,18.1,18.1,19.6,14.7,81.0,24.2,82.0,0.0,0.0,0.0,0.0,0.0,0.0,13.8,38.4,191.2,0.0,1.8,135.0,1005.8,1005.8,2.7,5.1
2024-06-20 23:30:00+02:00,18.0,18.0,19.5,14.8,82.0,24.2,82.0,0.0,0.0,0.0,0.0,0.0,0.0,13.8,38.4,191.2,0.0,1.8,135.0,1005.9,1005.9,2.7,5.1
2024-06-20 23:35:00+02:00,17.9,17.9,19.4,14.7,82.0,24.1,82.0,0.0,0.0,0.0,0.0,0.0,0.0,13.8,38.4,191.2,0.0,2.5,26.0,1006.1,1006.1,2.7,5.1
2024-06-20 23:40:00+02:00,17.9,17.9,19.4,14.7,81.0,24.1,82.0,0.0,0.0,0.0,0.0,0.0,0.0,13.8,38.4,191.2,0.0,2.5,253.0,1006.1,1006.1,2.7,5.1
2024-06-20 23:45:00+02:00,18.0,18.0,19.3,14.7,81.0,24.0,83.0,0.0,0.0,0.0,0.0,0.0,0.0,13.8,38.4,191.2,0.9,3.2,308.0,1005.9,1005.9,2.7,5.1
2024-06-20 23:50:00+02:00,18.0,18.0,19.2,14.7,81.0,24.0,83.0,0.0,0.0,0.0,0.0,0.0,0.0,13.8,38.4,191.2,1.7,4.0,9.0,1005.8,1005.8,2.7,5.1
2024-06-20 23:55:00+02:00,18.0,18.0,19.5,14.7,81.0,23.9,83.0,0.0,0.0,0.0,0.0,0.0,0.0,13.8,38.4,191.2,0.0,2.5,249.0,1005.8,1005.8,2.7,5.1
2024-06-21 00:00:00+02:00,18.0,18.0,19.4,14.8,81.0,23.9,83.0,0.0,0.0,0.0,0.0,0.0,0.0,13.8,38.4,191.2,0.7,2.5,299.0,1005.8,1005.8,2.7,5.1
2024-06-21 00:05:00+02:00,17.8,17.8,19.3,14.7,82.0,23.9,83.0,0.0,0.0,0.0,0.0,0.0,0.0,13.8,38.4,191.2,0.0,2.9,341.0,1006.0,1006.0,2.7,5.1
2024-06-21 00:10:00+02:00,17.8,17.8,19.0,14.8,83.0,23.8,82.0,0.0,0.0,0.0,0.0,0.0,0.0,13.8,38.4,191.2,1.5,2.9,332.0,1006.2,1006.2,2.7,5.1
2024-06-21 00:15:00+02:00,17.6,17.6,19.1,14.7,83.0,23.8,83.0,0.0,0.0,0.0,0.0,0.0,0.0,13.8,38.4,191.2,0.4,2.9,290.0,1006.0,1006.0,2.7,5.0
2024-06-21 00:20:00+02:00,17.6,17.6,19.0,14.8,84.0,23.8,83.0,0.0,0.0,0.0,0.0,0.0,0.0,13.8,38.4,191.2,0.4,2.5,324.0,1005.9,1005.9,2.7,5.0
2024-06-21 00:25:00+02:00,17.5,17.5,18.9,14.8,84.0,23.7,83.0,0.0,0.0,0.0,0.0,0.0,0.0,13.8,38.4,191.2,0.8,2.5,319.0,1005.9,1005.9,2.7,5.0
2024-06-21 00:30:00+02:00,17.3,17.3,18.5,14.8,85.0,23.7,83.0,0.0,0.0,0.0,0.0,0.0,0.0,13.8,38.4,191.2,1.6,3.2,310.0,1005.7,1005.7,2.7,5.0
2024-06-21 00:35:00+02:00,17.1,17.1,18.6,14.9,86.0,23.6,83.0,0.0,0.0,0.0,0.0,0.0,0.0,13.8,38.4,191.2,0.4,2.2,316.0,1005.8,1005.8,2.7,5.0
2024-06-21 00:40:00+02:00,17.2,17.2,18.7,14.8,86.0,23.5,83.0,0.0,0.0,0.0,0.0,0.0,0.0,13.8,38.4,191.2,0.0,0.0,305.0,1005.5,1005.5,2.7,5.0
2024-06-21 00:45:00+02:00,17.0,17.0,18.3,14.8,87.0,23.5,83.0,0.0,0.0,0.0,0.0,0.0,0.0,13.8,38.4,191.2,1.2,3.2,283.0,1005.6,1005.6,2.7,5.0
2024-06-21 00:50:00+02:00,16.8,16.8,17.8,14.8,88.0,23.4,83.0,0.0,0.0,0.0,0.0,0.0,0.0,13.8,38.4,191.2,2.4,3.2,300.0,1005.5,1005.5,2.7,5.0
2024-06-21 00:55:00+02:00,16.8,16.8,17.8,14.7,87.0,23.4,83.0,0.0,0.0,0.0,0.0,0.0,0.0,13.8,38.4,191.2,2.6,3.6,299.0,1005.5,1005.5,2.7,5.0
2024-06-21 01:00:00+02:00,16.8,16.8,17.8,14.7,87.0,23.3,83.0,0.0,0.0,0.0,0.0,0.0,0.0,13.8,38.4,191.2,2.7,4.3,289.0,1005.5,1005.5,2.7,5.0
2024-06-21 01:05:00+02:00,16.8,16.8,18.2,14.6,87.0,23.3,83.0,0.0,0.0,0.0,0.0,0.0,0.0,13.8,38.4,191.2,0.4,2.9,313.0,1005.7,1005.7,2.7,5.0
2024-06-21 01:10:00+02:00,17.0,17.0,18.3,14.7,86.0,23.3,83.0,0.0,0.0,0.0,0.0,0.0,0.0,13.8,38.4,191.2,0.8,3.2,297.0,1005.6,1005.6,2.7,5.0
2024-06-21 01:15:00+02:00,16.9,16.9,18.1,14.7,87.0,23.2,83.0,0.0,0.0,0.0,0.0,0.0,0.0,13.8,38.4,191.2,1.8,4.3,292.0,1005.7,1005.7,2.7,5.0
2024-06-21 01:20:00+02:00,17.0,17.0,18.3,14.7,86.0,23.2,83.0,0.0,0.0,0.0,0.0,0.0,0.0,13.8,38.4,191.2,0.8,2.9,289.0,1005.7,1005.7,2.7,5.0
2024-06-21 01:25:00+02:00,17.1,17.1,18.1,14.7,86.0,23.1,83.0,0.0,0.0,0.0,0.0,0.0,0.0,13.8,38.4,191.2,2.6,5.0,273.0,1005.6,1005.6,2.7,5.0
2024-06-21 01:30:00+02:00,17.1,17.1,18.4,14.8,86.0,23.1,83.0,0.0,0.0,0.0,0.0,0.0,0.0,13.8,38.4,191.2,1.3,3.6,293.0,1005.5,1005.5,2.7,5.0
2024-06-21 01:35:00+02:00,17.1,17.1,18.5,14.8,86.0,23.1,83.0,0.0,0.0,0.0,0.0,0.0,0.0,13.8,38.4,191.2,0.9,2.9,320.0,1005.4,1005.4,2.7,5.0
2024-06-21 01:40:00+02:00,17.0,17.0,18.1,14.7,86.0,23.0,83.0,0.0,0.0,0.0,0.0,0.0,0.0,13.8,38.4,191.2,2.3,4.0,302.0,1005.4,1005.4,2.7,5.0
2024-06-21 01:45:00+02:00,17.0,17.0,18.1,14.8,87.0,23.0,83.0,0.0,0.0,0.0,0.0,0.0,0.0,13.8,38.4,191.2,2.0,6.1,283.0,1005.3,1005.3,2.7,5.0
2024-06-21 01:50:00+02:00,16.9,16.9,18.5,14.8,87.0,23.0,83.0,0.0,0.0,0.0,0.0,0.0,0.0,13.8,38.4,191.2,0.0,2.5,312.0,1005.3,1005.3,2.7,5.0
2024-06-21 01:55:00+02:00,16.8,16.8,18.4,14.7,87.0,22.9,83.0,0.0,0.0,0.0,0.0,0.0,0.0,13.8,38.4,191.2,0.0,2.5,168.0,1005.3,1005.3,2.7,4.9
2024-06-21 02:00:00+02:00,16.8,16.8,18.3,14.8,88.0,22.9,83.0,0.0,0.0,0.0,0.0,0.0,0.0,13.8,38.4,191.2,0.5,4.3,32.0,1005.3,1005.3,2.7,4.9
2024-06-21 02:05:00+02:00,16.8,16.8,18.0,14.7,87.0,22.8,83.0,0.0,0.0,0.0,0.0,0.0,0.0,13.8,38.4,191.2,1.9,4.0,309.0,1005.3,1005.3,2.7,4.9
2024-06-21 02:10:00+02:00,16.8,16.8,18.3,14.7,88.0,22.8,83.0,0.0,0.0,0.0,0.0,0.0,0.0,13.8,38.4,191.2,0.4,4.0,283.0,1005.2,1005.2,2.7,4.9
2024-06-21 02:15:00+02:00,16.8,16.8,18.1,14.7,88.0,22.8,83.0,0.0,0.0,0.0,0.0,0.0,0.0,13.8,38.4,191.2,1.2,2.9,283.0,1005.1,1005.1,2.7,4.9
2024-06-21 02:20:00+02:00,16.8,16.8,18.0,14.7,87.0,22.8,83.0,0.0,0.0,0.0,0.0,0.0,0.0,13.8,38.4,191.2,1.8,4.0,280.0,1005.1,1005.1,2.7,4.9
2024-06-21 02:25:00+02:00,16.8,16.8,18.1,14.8,88.0,22.7,83.0,0.0,0.0,0.0,0.0,0.0,0.0,13.8,38.4,191.2,1.2,4.0,301.0,1005.1,1005.1,2.7,4.9
2024-06-21 02:30:00+02:00,16.7,16.7,18.0,14.7,88.0,22.7,83.0,0.0,0.0,0.0,0.0,0.0,0.0,13.8,38.4,191.2,0.9,2.9,334.0,1005.1,1005.1,2.7,4.9
2024-06-21 02:35:00+02:00,16.8,16.8,18.2,14.6,87.0,22.7,83.0,0.0,0.0,0.0,0.0,0.0,0.0,13.8,38.4,191.2,0.4,2.5,329.0,1004.9,1004.9,2.7,4.9
2024-06-21 02:40:00+02:00,16.8,16.8,18.3,14.7,88.0,22.7,83.0,0.0,0.0,0.0,0.0,0.0,0.0,13.8,38.4,191.2,0.0,2.2,313.0,1004.8,1004.8,2.7,4.9
2024-06-21 02:45:00+02:00,16.7,16.7,18.2,14.6,87.0,22.6,83.0,0.0,0.0,0.0,0.0,0.0,0.0,13.8,38.4,191.2,0.4,2.2,299.0,1004.7,1004.7,2.7,4.9
2024-06-21 02:50:00+02:00,16.7,16.7,17.8,14.6,87.0,22.6,83.0,0.0,0.0,0.0,0.0,0.0,0.0,13.8,38.4,191.2,2.2,3.2,299.0,1004.5,1004.5,2.7,4.9
2024-06-21 02:55:00+02:00,16.8,16.8,18.3,14.6,87.0,22.6,83.0,0.0,0.0,0.0,0.0,0.0,0.0,13.8,38.4,191.2,0.0,5.4,263.0,1004.4,1004.4,2.7,4.9
2024-06-21 03:00:00+02:00,16.8,16.8,18.2,14.6,87.0,22.5,83.0,0.0,0.0,0.0,0.0,0.0,0.0,13.8,38.4,191.2,0.5,5.4,84.0,1004.4,1004.4,2.7,4.9
2024-06-21 03:05:00+02:00,16.7,16.7,18.2,14.7,88.0,22.5,83.0,0.0,0.0,0.0,0.0,0.0,0.0,13.8,38.4,191.2,0.0,2.2,135.0,1004.5,1004.5,2.7,4.9
2024-06-21 03:10:00+02:00,16.7,16.7,18.2,14.7,88.0,22.5,83.0,0.0,0.0,0.0,0.0,0.0,0.0,13.8,38.4,191.2,0.0,2.9,148.0,1004.5,1004.5,2.7,4.9
2024-06-21 03:15:00+02:00,16.6,16.6,18.1,14.7,89.0,22.5,83.0,0.0,0.0,0.0,0.0,0.0,0.0,13.8,38.4,191.2,0.0,1.8,235.0,1004.6,1004.6,2.7,4.9
2024-06-21 03:20:00+02:00,16.5,16.5,17.9,14.7,89.0,22.4,83.0,0.0,0.0,0.0,0.0,0.0,0.0,13.8,38.4,191.2,0.4,2.9,40.0,1004.7,1004.7,2.7,4.9
2024-06-21 03:25:00+02:00,16.6,16.6,18.1,14.8,89.0,22.4,83.0,0.0,0.0,0.0,0.0,0.0,0.0,13.8,38.4,191.2,0.0,2.9,45.0,1004.4,1004.4,2.7,4.9
2024-06-21 03:30:00+02:00,16.5,16.5,17.7,14.8,90.0,22.4,83.0,0.0,0.0,0.0,0.0,0.0,0.0,13.8,38.4,191.2,1.5,2.5,137.0,1004.3,1004.3,2.7,4.9
2024-06-21 03:35:00+02:00,16.4,16.4,17.9,14.7,90.0,22.4,83.0,0.0,0.0,0.0,0.0,0.0,0.0,13.8,38.4,191.2,0.4,2.2,169.0,1004.3,1004.3,2.7,4.8
2024-06-21 03:40:00+02:00,16.4,16.4,17.9,14.7,90.0,22.3,83.0,0.0,0.0,0.0,0.0,0.0,0.0,13.8,38.4,191.2,0.0,2.2,216.0,1004.3,1004.3,2.7,4.8
2024-06-21 03:45:00+02:00,16.3,16.3,17.8,14.7,91.0,22.3,84.0,0.0,0.0,0.0,0.0,0.0,0.0,13.8,38.4,191.2,0.0,1.8,309.0,1004.3,1004.3,2.7,4.8
2024-06-21 03:50:00+02:00,16.2,16.2,17.7,14.8,91.0,22.3,83.0,0.0,0.0,0.0,0.0,0.0,0.0,13.8,38.4,191.2,0.0,1.8,26.0,1004.3,1004.3,2.7,4.8
2024-06-21 03:55:00+02:00,16.2,16.2,17.5,14.7,91.0,22.2,83.0,0.0,0.0,0.0,0.0,0.0,0.0,13.8,38.4,191.2,0.8,2.9,298.0,1004.2,1004.2,2.7,4.8
2024-06-21 04:00:00+02:00,16.3,16.3,17.8,14.6,90.0,22.2,83.0,0.0,0.0,0.0,0.0,0.0,0.0,13.8,38.4,191.2,0.0,1.8,309.0,1004.1,1004.1,2.7,4.8
2024-06-21 04:05:00+02:00,16.2,16.2,17.7,14.6,90.0,22.2,83.0,0.0,0.0,0.0,0.0,0.0,0.0,13.8,38.4,191.2,0.0,1.8,210.0,1004.1,1004.1,2.7,4.8
2024-06-21 04:10:00+02:00,16.0,16.0,17.4,14.6,91.0,22.2,83.0,0.0,0.0,0.0,0.0,0.0,0.0,13.8,38.4,191.2,0.4,2.5,106.0,1004.1,1004.1,2.7,4.8
2024-06-21 04:15:00+02:00,16.0,16.0,17.3,14.7,92.0,22.1,83.0,0.0,0.0,0.0,0.0,0.0,0.0,13.8,38.4,191.2,0.7,2.9,116.0,1004.1,1004.1,2.7,4.8
2024-06-21 04:20:00+02:00,15.8,15.8,17.2,14.6,92.0,22.1,83.0,0.0,0.0,0.0,0.0,0.0,0.0,13.8,38.4,191.2,0.4,2.5,125.0,1003.8,1003.8,2.7,4.8
2024-06-21 04:25:00+02:00,15.8,15.8,17.1,14.5,92.0,22.1,83.0,0.0,0.0,0.0,0.0,0.0,0.0,13.8,38.4,191.2,0.5,2.2,127.0,1003.9,1003.9,2.7,4.8
2024-06-21 04:35:00+02:00,15.7,15.7,17.2,14.6,93.0,22.0,83.0,0.0,0.0,0.0,0.0,0.0,0.0,13.8,38.4,191.2,0.0,1.8,145.0,1003.6,1003.6,2.7,4.8
2024-06-21 04:40:00+02:00,15.7,15.7,17.1,14.6,93.0,22.0,83.0,0.1,0.0,0.0,0.0,0.0,0.0,13.8,38.4,191.2,0.4,1.8,303.0,1003.7,1003.7,2.7,4.8
2024-06-21 04:45:00+02:00,15.8,15.8,17.2,14.6,93.0,22.0,83.0,0.2,0.0,0.0,0.0,0.0,0.0,13.8,38.4,191.2,0.0,1.8,329.0,1003.7,1003.7,2.7,4.8
2024-06-21 04:50:00+02:00,15.8,15.8,17.2,14.6,93.0,22.0,83.0,0.2,0.0,0.0,0.0,0.0,0.0,13.8,38.4,191.2,0.4,2.2,308.0,1003.7,1003.7,2.7,4.8
2024-06-21 04:55:00+02:00,15.9,15.9,17.3,14.8,93.0,21.9,83.0,0.4,0.0,0.0,0.0,0.0,0.0,13.8,38.4,191.2,0.4,2.9,267.0,1003.5,1003.5,2.7,4.8
2024-06-21 05:00:00+02:00,15.9,15.9,17.0,14.8,93.0,21.9,84.0,0.6,0.0,0.0,0.0,0.0,0.0,13.8,38.4,191.2,2.1,2.9,284.0,1003.5,1003.5,2.7,4.8
2024-06-21 05:05:00+02:00,15.9,15.9,17.5,14.8,93.0,21.9,83.0,0.9,0.0,0.0,0.0,0.0,0.0,13.8,38.4,191.2,0.0,3.2,325.0,1003.4,1003.4,2.7,4.8
2024-06-21 05:10:00+02:00,16.0,16.0,17.6,14.9,93.0,21.8,83.0,1.5,0.0,0.0,0.0,0.0,0.0,13.8,38.4,191.2,0.0,2.5,348.0,1003.3,1003.3,2.7,4.8
2024-06-21 05:15:00+02:00,16.1,16.1,17.6,14.8,92.0,21.8,83.0,2.7,0.0,0.0,0.0,0.0,0.0,13.8,38.4,191.2,0.4,2.2,133.0,1003.3,1003.3,2.7,4.8
2024-06-21 05:20:00+02:00,16.1,16.1,17.4,14.9,92.0,21.8,83.0,3.5,0.0,0.0,0.0,0.0,0.0,13.8,38.4,191.2,1.2,3.2,96.0,1003.2,1003.2,2.7,4.8
2024-06-21 05:25:00+02:00,16.1,16.1,17.4,15.0,93.0,21.8,83.0,4.7,0.0,0.0,0.0,0.0,0.0,13.8,38.4,191.2,1.8,3.6,126.0,1003.4,1003.4,2.7,4.7
2024-06-21 05:30:00+02:00,16.1,16.1,17.6,15.0,93.0,21.8,83.0,4.9,0.0,0.0,0.0,0.0,0.0,13.8,38.4,191.2,0.4,3.2,132.0,1003.2,1003.2,2.7,4.7
2024-06-21 05:35:00+02:00,16.2,16.2,17.5,15.1,93.0,21.7,83.0,3.7,0.0,0.0,0.0,0.0,0.0,13.8,38.4,191.2,2.1,5.0,74.0,1003.2,1003.2,2.7,4.7
2024-06-21 05:40:00+02:00,16.5,16.5,17.8,15.3,92.0,21.7,83.0,4.9,0.0,0.0,0.0,0.0,0.0,13.8,38.4,191.2,2.5,5.4,28.0,1003.2,1003.2,2.7,4.7
2024-06-21 05:45:00+02:00,16.6,16.6,18.2,15.3,92.0,21.7,84.0,6.4,0.0,0.6,0.1,0.1,0.1,13.9,38.5,191.3,0.9,4.0,314.0,1003.0,1003.0,2.7,4.7
2024-06-21 05:50:00+02:00,16.7,16.7,18.3,15.4,92.0,21.7,84.0,11.2,0.0,1.2,0.2,0.2,0.2,14.0,38.6,191.4,0.7,3.2,346.0,1002.9,1002.9,2.7,4.7
2024-06-21 05:55:00+02:00,16.7,16.7,18.2,15.5,93.0,21.7,84.0,20.7,0.0,0.6,0.2,0.2,0.2,14.0,38.6,191.4,1.7,3.6,82.0,1002.9,1002.9,2.7,4.7
2024-06-21 06:00:00+02:00,16.7,16.7,18.5,15.6,93.0,21.7,84.0,24.7,0.0,0.6,0.3,0.3,0.3,14.1,38.7,191.5,0.0,3.2,50.0,1002.9,1002.9,2.7,4.7
2024-06-21 06:05:00+02:00,16.8,16.8,18.6,15.7,93.0,21.6,84.0,21.0,0.0,1.2,0.4,0.4,0.4,14.2,38.8,191.6,0.4,2.9,302.0,1003.0,1003.0,2.7,4.7
2024-06-21 06:10:00+02:00,16.8,16.8,18.5,15.7,93.0,21.6,84.0,13.5,0.0,1.8,0.6,0.6,0.6,14.4,39.0,191.8,0.8,2.9,3.0,1002.9,1002.9,2.7,4.7
2024-06-21 06:15:00+02:00,16.8,16.8,18.5,15.8,94.0,21.6,84.0,13.2,0.0,1.8,0.7,0.7,0.7,14.5,39.1,191.9,1.0,3.6,81.0,1002.9,1002.9,2.7,4.6
2024-06-21 06:20:00+02:00,16.8,16.8,18.7,15.8,94.0,21.6,84.0,16.8,0.0,1.8,0.8,0.8,0.8,14.6,39.2,192.0,0.4,2.2,121.0,1002.9,1002.9,2.7,4.6
2024-06-21 06:25:00+02:00,16.8,16.8,18.7,15.8,94.0,21.6,84.0,21.5,0.0,1.2,0.8,0.8,0.8,14.6,39.2,192.0,0.0,2.2,73.0,1002.5,1002.5,2.7,4.6
2024-06-21 06:30:00+02:00,16.8,16.8,18.7,15.8,94.0,21.6,84.0,25.4,0.0,0.0,0.8,0.8,0.8,14.6,39.2,192.0,0.0,2.2,122.0,1002.7,1002.7,2.7,4.6
2024-06-21 06:35:00+02:00,16.8,16.8,18.7,15.8,94.0,21.6,84.0,28.5,0.0,0.0,0.8,0.8,0.8,14.6,39.2,192.0,0.0,1.8,99.0,1002.7,1002.7,2.7,4.6
2024-06-21 06:40:00+02:00,16.8,16.8,18.8,16.0,95.0,21.6,84.0,39.0,0.0,0.0,0.8,0.8,0.8,14.6,39.2,192.0,0.0,1.8,169.0,1002.7,1002.7,2.7,4.6
2024-06-21 06:45:00+02:00,16.8,16.8,18.6,16.0,95.0,21.6,84.0,47.7,0.0,0.6,0.9,0.9,0.8,14.7,39.3,192.1,1.1,2.5,272.0,1002.9,1002.9,2.7,4.6
2024-06-21 06:50:00+02:00,17.0,17.0,19.0,16.2,95.0,21.6,84.0,58.0,0.0,0.6,0.9,0.9,0.7,14.7,39.3,192.1,0.4,2.2,314.0,1003.0,1003.0,2.7,4.6
2024-06-21 06:55:00+02:00,17.0,17.0,18.9,16.3,96.0,21.6,84.0,68.8,0.0,0.6,0.9,0.9,0.7,14.7,39.3,192.1,1.3,3.6,105.0,1003.0,1003.0,2.7,4.6
2024-06-21 07:00:00+02:00,17.0,17.0,18.9,16.2,95.0,21.6,84.0,73.0,0.0,0.0,0.9,0.9,0.6,14.7,39.3,192.1,0.9,3.6,100.0,1002.9,1002.9,2.7,4.6
2024-06-21 07:05:00+02:00,17.2,17.2,19.2,16.4,95.0,21.6,84.0,75.5,0.0,0.0,0.9,0.9,0.5,14.7,39.3,192.1,0.5,2.5,79.0,1002.8,1002.8,2.7,4.6
2024-06-21 07:10:00+02:00,17.2,17.2,19.2,16.3,94.0,21.6,85.0,72.8,0.0,0.0,0.9,0.9,0.3,14.7,39.3,192.1,0.7,2.5,116.0,1002.9,1002.9,2.7,4.6
2024-06-21 07:15:00+02:00,17.3,17.3,19.0,16.3,94.0,21.6,85.0,75.0,0.0,0.0,0.9,0.9,0.2,14.7,39.3,192.1,1.7,2.9,111.0,1002.8,1002.8,2.7,4.6
2024-06-21 07:20:00+02:00,17.5,17.5,19.7,16.5,94.0,21.7,85.0,75.1,0.0,0.0,0.9,0.9,0.1,14.7,39.3,192.1,0.0,2.2,172.0,1002.8,1002.8,2.7,4.6
2024-06-21 07:25:00+02:00,17.6,17.6,19.8,16.5,94.0,21.7,85.0,83.5,0.0,0.0,0.9,0.9,0.1,14.7,39.3,192.1,0.0,2.2,122.0,1002.9,1002.9,2.7,4.7
2024-06-21 07:30:00+02:00,17.7,17.7,19.8,16.5,93.0,21.7,85.0,126.8,1.0,0.0,0.9,0.9,0.1,14.7,39.3,192.1,0.4,1.8,132.0,1003.1,1003.1,2.7,4.7
2024-06-21 07:35:00+02:00,17.9,17.9,20.0,16.7,93.0,21.8,85.0,128.7,1.0,0.0,0.9,0.9,0.1,14.7,39.3,192.1,0.9,2.9,287.0,1002.8,1002.8,2.7,4.7
2024-06-21 07:40:00+02:00,18.0,18.0,20.1,16.8,93.0,21.8,85.0,120.6,1.0,0.0,0.9,0.9,0.1,14.7,39.3,192.1,0.9,2.9,268.0,1002.6,1002.6,2.7,4.7
2024-06-21 07:45:00+02:00,18.1,18.1,19.9,16.9,93.0,21.9,85.0,120.5,1.0,0.0,0.9,0.9,0.0,14.7,39.3,192.1,2.6,4.7,296.0,1002.7,1002.7,2.7,4.8
2024-06-21 07:50:00+02:00,18.2,18.2,20.2,17.0,93.0,21.9,85.0,102.9,0.0,0.0,0.9,0.9,0.0,14.7,39.3,192.1,1.3,3.6,305.0,1002.7,1002.7,2.7,4.8
2024-06-21 07:55:00+02:00,18.2,18.2,20.0,17.0,93.0,22.0,85.0,94.4,0.0,0.0,0.9,0.9,0.0,14.7,39.3,192.1,2.4,6.1,285.0,1002.9,1002.9,2.7,4.8
2024-06-21 08:00:00+02:00,18.1,18.1,20.0,16.9,93.0,22.0,85.0,91.5,0.0,0.0,0.9,0.0,0.0,14.7,39.3,192.1,2.2,6.1,295.0,1002.9,1002.9,2.7,4.8
2024-06-21 08:05:00+02:00,18.1,18.1,20.2,16.9,93.0,22.0,85.0,98.1,0.0,0.0,0.9,0.0,0.0,14.7,39.3,192.1,1.2,4.7,292.0,1003.0,1003.0,2.7,4.8
2024-06-21 08:10:00+02:00,18.2,18.2,20.1,17.0,93.0,22.1,85.0,104.8,0.0,0.0,0.9,0.0,0.0,14.7,39.3,192.1,2.0,5.0,305.0,1003.1,1003.1,2.7,4.8
2024-06-21 08:15:00+02:00,18.1,18.1,19.8,16.9,93.0,22.1,85.0,98.3,0.0,0.0,0.9,0.0,0.0,14.7,39.3,192.1,3.0,6.1,291.0,1003.3,1003.3,2.7,4.9
2024-06-21 08:20:00+02:00,18.1,18.1,20.2,17.0,93.0,22.1,85.0,87.5,0.0,0.0,0.9,0.0,0.0,14.7,39.3,192.1,1.5,5.8,305.0,1003.2,1003.2,2.7,4.9
2024-06-21 08:25:00+02:00,18.2,18.2,20.1,17.0,93.0,22.2,86.0,83.3,0.0,0.0,0.9,0.0,0.0,14.7,39.3,192.1,2.2,6.1,265.0,1003.2,1003.2,2.7,4.9
2024-06-21 08:30:00+02:00,18.2,18.2,20.3,17.0,93.0,22.2,85.0,71.0,0.0,0.0,0.9,0.0,0.0,14.7,39.3,192.1,1.3,4.7,288.0,1003.2,1003.2,2.7,4.9
2024-06-21 08:35:00+02:00,18.3,18.3,20.5,16.9,92.0,22.3,85.0,90.9,0.0,0.0,0.9,0.0,0.0,14.7,39.3,192.1,0.9,3.2,124.0,1003.2,1003.2,2.7,4.9
2024-06-21 08:40:00+02:00,18.5,18.5,20.8,17.1,92.0,22.3,85.0,143.2,1.0,0.0,0.9,0.0,0.0,14.7,39.3,192.1,0.4,2.5,158.0,1003.3,1003.3,2.7,4.9
2024-06-21 08:45:00+02:00,18.7,18.7,21.2,17.2,91.0,22.3,85.0,171.0,1.0,0.0,0.9,0.0,0.0,14.7,39.3,192.1,0.0,2.5,50.0,1003.2,1003.2,2.7,5.0
2024-06-21 08:50:00+02:00,18.9,18.9,21.4,17.3,90.0,22.4,85.0,119.5,1.0,0.0,0.9,0.0,0.0,14.7,39.3,192.1,0.0,1.8,58.0,1003.1,1003.1,2.7,5.0
2024-06-21 08:55:00+02:00,19.3,19.3,21.8,17.7,90.0,22.4,86.0,77.8,0.0,0.0,0.9,0.0,0.0,14.7,39.3,192.1,0.9,1.8,242.0,1003.1,1003.1,2.7,5.0
2024-06-21 09:00:00+02:00,19.3,19.3,21.6,17.6,90.0,22.4,86.0,63.0,0.0,0.0,0.9,0.0,0.0,14.7,39.3,192.1,1.5,3.2,124.0,1003.1,1003.1,2.7,5.0
2024-06-21 09:05:00+02:00,19.2,19.2,21.7,17.5,90.0,22.5,86.0,87.8,0.0,0.0,0.9,0.0,0.0,14.7,39.3,192.1,0.5,2.9,152.0,1003.1,1003.1,2.7,5.0
2024-06-21 09:10:00+02:00,19.3,19.3,21.8,17.6,90.0,22.5,86.0,95.0,0.0,0.0,0.9,0.0,0.0,14.7,39.3,192.1,0.4,2.5,105.0,1003.1,1003.1,2.7,5.0
2024-06-21 09:15:00+02:00,19.3,19.3,21.6,17.7,91.0,22.5,86.0,99.7,0.0,0.0,0.9,0.0,0.0,14.7,39.3,192.1,1.6,4.3,303.0,1002.9,1002.9,2.7,5.1
2024-06-21 09:20:00+02:00,19.1,19.1,21.4,17.5,90.0,22.6,86.0,106.0,0.0,0.0,0.9,0.0,0.0,14.7,39.3,192.1,1.6,4.3,339.0,1002.7,1002.7,2.7,5.1
2024-06-21 09:25:00+02:00,19.2,19.2,21.6,17.6,90.0,22.6,86.0,89.2,0.0,0.0,0.9,0.0,0.0,14.7,39.3,192.1,1.6,4.7,135.0,1002.7,1002.7,2.7,5.1
2024-06-21 09:30:00+02:00,19.2,19.2,21.6,17.7,91.0,22.7,86.0,110.2,1.0,0.0,0.9,0.0,0.0,14.7,39.3,192.1,1.6,4.7,110.0,1002.8,1002.8,2.7,5.1
2024-06-21 09:35:00+02:00,19.2,19.2,21.7,17.6,91.0,22.7,86.0,122.5,1.0,0.0,0.9,0.0,0.0,14.7,39.3,192.1,0.4,2.5,129.0,1002.7,1002.7,2.7,5.1
2024-06-21 09:40:00+02:00,19.4,19.4,22.0,17.7,90.0,22.7,86.0,129.4,1.0,0.0,0.9,0.0,0.0,14.7,39.3,192.1,0.7,2.5,348.0,1002.5,1002.5,2.7,5.1
2024-06-21 09:45:00+02:00,19.6,19.6,22.3,17.9,90.0,22.7,86.0,107.9,1.0,0.0,0.9,0.0,0.0,14.7,39.3,192.1,0.0,2.2,240.0,1002.4,1002.4,2.7,5.1
2024-06-21 09:50:00+02:00,19.7,19.7,22.3,18.1,90.0,22.7,86.0,101.9,0.0,0.0,0.9,0.0,0.0,14.7,39.3,192.1,1.0,2.9,129.0,1002.5,1002.5,2.7,5.1
2024-06-21 09:55:00+02:00,19.8,19.8,22.4,18.1,90.0,22.8,87.0,71.9,0.0,0.0,0.9,0.0,0.0,14.7,39.3,192.1,1.1,3.6,133.0,1002.8,1002.8,2.7,5.2
2024-06-21 10:00:00+02:00,19.6,19.6,21.9,18.1,91.0,22.8,87.0,195.7,1.0,0.0,0.9,0.0,0.0,14.7,39.3,192.1,2.5,6.1,116.0,1002.9,1002.9,2.7,5.2
2024-06-21 10:05:00+02:00,20.0,20.0,22.9,18.3,90.0,22.8,86.0,200.7,1.0,0.0,0.9,0.0,0.0,14.7,39.3,192.1,0.0,2.5,150.0,1002.9,1002.9,2.7,5.2
2024-06-21 10:10:00+02:00,20.3,20.3,23.2,18.4,89.0,22.9,87.0,384.7,3.0,0.0,0.9,0.0,0.0,14.7,39.3,192.1,0.5,3.2,263.0,1002.8,1002.8,2.7,5.2
2024-06-21 10:15:00+02:00,20.7,20.7,23.8,18.7,88.0,22.9,87.0,517.3,4.0,0.0,0.9,0.0,0.0,14.7,39.3,192.1,0.0,3.2,110.0,1002.8,1002.8,2.7,5.2
2024-06-21 10:20:00+02:00,20.7,20.7,23.8,18.7,88.0,23.0,87.0,139.2,1.0,0.0,0.9,0.0,0.0,14.7,39.3,192.1,0.0,5.0,119.0,1002.9,1002.9,2.7,5.2
2024-06-21 10:25:00+02:00,21.0,21.0,23.8,18.8,87.0,23.1,87.0,138.8,1.0,0.0,0.9,0.0,0.0,14.7,39.3,192.1,1.8,2.5,139.0,1002.8,1002.8,2.7,5.2
2024-06-21 10:30:00+02:00,20.9,20.9,23.8,18.7,87.0,23.2,87.0,138.5,1.0,0.0,0.9,0.0,0.0,14.7,39.3,192.1,1.1,3.6,155.0,1002.8,1002.8,2.7,5.2
2024-06-21 10:35:00+02:00,21.1,21.1,24.1,18.8,87.0,23.2,87.0,142.9,1.0,0.0,0.9,0.0,0.0,14.7,39.3,192.1,0.6,4.3,247.0,1002.8,1002.8,2.7,5.2
2024-06-21 10:40:00+02:00,21.3,21.3,24.3,18.9,86.0,23.3,87.0,141.4,1.0,0.0,0.9,0.0,0.0,14.7,39.3,192.1,1.2,3.6,239.0,1002.6,1002.6,2.7,5.2
2024-06-21 10:45:00+02:00,21.4,21.4,24.6,18.9,85.0,23.3,87.0,128.1,1.0,0.0,0.9,0.0,0.0,14.7,39.3,192.1,0.0,3.6,215.0,1002.5,1002.5,2.7,5.2
2024-06-21 10:50:00+02:00,21.6,21.6,24.8,19.0,85.0,23.4,87.0,101.0,0.0,0.0,0.9,0.0,0.0,14.7,39.3,192.1,0.0,2.9,235.0,1002.4,1002.4,2.7,5.2
2024-06-21 10:55:00+02:00,21.5,21.5,24.6,18.8,85.0,23.5,87.0,92.7,0.0,0.0,0.9,0.0,0.0,14.7,39.3,192.1,0.4,3.2,215.0,1002.6,1002.6,2.7,5.2
2024-06-21 11:00:00+02:00,21.4,21.4,24.5,18.9,86.0,23.5,87.0,91.3,0.0,0.0,0.9,0.0,0.0,14.7,39.3,192.1,0.0,3.2,167.0,1002.8,1002.8,2.7,5.2
2024-06-21 11:05:00+02:00,21.3,21.3,24.1,18.8,86.0,23.6,87.0,133.3,1.0,0.0,0.9,0.0,0.0,14.7,39.3,192.1,1.9,4.3,185.0,1002.5,1002.5,2.7,5.2
2024-06-21 11:10:00+02:00,21.3,21.3,24.3,18.6,85.0,23.6,87.0,133.6,1.0,0.0,0.9,0.0,0.0,14.7,39.3,192.1,0.5,4.3,319.0,1002.3,1002.3,2.7,5.2
2024-06-21 11:15:00+02:00,21.3,21.3,24.1,18.6,85.0,23.7,87.0,129.4,1.0,0.0,0.9,0.0,0.0,14.7,39.3,192.1,1.0,4.3,235.0,1002.3,1002.3,2.7,5.2
2024-06-21 11:20:00+02:00,21.2,21.2,23.8,18.6,85.0,23.7,87.0,149.2,1.0,0.0,0.9,0.0,0.0,14.7,39.3,192.1,2.6,5.4,268.0,1002.3,1002.3,2.7,5.2
2024-06-21 11:25:00+02:00,21.2,21.2,23.8,18.4,84.0,23.8,87.0,151.2,1.0,0.0,0.9,0.0,0.0,14.7,39.3,192.1,1.7,5.0,138.0,1002.2,1002.2,2.7,5.2
2024-06-21 11:30:00+02:00,21.0,21.0,23.7,18.4,85.0,23.8,87.0,162.2,1.0,0.0,0.9,0.0,0.0,14.7,39.3,192.1,1.0,3.6,5.0,1002.1,1002.1,2.7,5.2
2024-06-21 11:35:00+02:00,21.2,21.2,24.0,18.4,84.0,23.8,87.0,173.6,1.0,0.0,0.9,0.0,0.0,14.7,39.3,192.1,0.9,2.9,282.0,1002.0,1002.0,2.7,5.2
2024-06-21 11:40:00+02:00,21.3,21.3,24.0,18.5,84.0,23.9,87.0,170.1,1.0,0.0,0.9,0.0,0.0,14.7,39.3,192.1,1.3,5.0,272.0,1001.8,1001.8,2.7,5.2
2024-06-21 11:45:00+02:00,21.5,21.5,24.5,18.6,83.0,23.9,88.0,180.8,1.0,0.0,0.9,0.0,0.0,14.7,39.3,192.1,0.4,4.0,307.0,1001.6,1001.6,2.7,5.2
2024-06-21 11:50:00+02:00,21.5,21.5,23.7,18.4,83.0,23.9,88.0,278.0,2.0,0.0,0.9,0.0,0.0,14.7,39.3,192.1,4.0,7.9,280.0,1001.7,1001.7,2.7,5.2
2024-06-21 11:55:00+02:00,21.1,21.1,23.5,18.2,84.0,24.0,88.0,323.8,3.0,0.0,0.9,0.0,0.0,14.7,39.3,192.1,2.3,7.9,355.0,1001.6,1001.6,2.7,5.2
2024-06-21 12:00:00+02:00,21.3,21.3,23.4,18.3,83.0,24.1,87.0,543.9,5.0,0.0,0.9,0.0,0.0,14.7,39.3,192.1,4.2,8.3,289.0,1001.5,1001.5,2.7,5.2
2024-06-21 12:05:00+02:00,22.6,22.6,25.5,18.8,79.0,24.2,87.0,620.9,5.0,0.0,0.9,0.0,0.0,14.7,39.3,192.1,1.2,4.0,130.0,1001.7,1001.7,2.7,5.3
2024-06-21 12:10:00+02:00,22.9,22.9,25.5,19.0,79.0,24.3,87.0,758.8,7.0,0.0,0.9,0.0,0.0,14.7,39.3,192.1,3.2,6.1,116.0,1001.8,1001.8,2.7,5.3
2024-06-21 12:15:00+02:00,23.4,23.4,26.2,19.0,76.0,24.4,87.0,700.1,6.0,0.0,0.9,0.0,0.0,14.7,39.3,192.1,2.3,8.6,59.0,1001.8,1001.8,2.7,5.3
2024-06-21 12:20:00+02:00,22.9,22.9,25.4,18.6,76.0,24.6,88.0,557.1,5.0,0.0,0.9,0.0,0.0,14.7,39.3,192.1,3.1,8.6,66.0,1001.8,1001.8,2.7,5.3
2024-06-21 12:25:00+02:00,23.4,23.4,25.8,18.9,76.0,24.8,88.0,457.6,4.0,0.0,0.9,0.0,0.0,14.7,39.3,192.1,3.6,6.5,240.0,1001.7,1001.7,2.7,5.3
2024-06-21 12:30:00+02:00,23.5,23.5,25.9,19.0,76.0,24.9,88.0,450.3,4.0,0.0,0.9,0.0,0.0,14.7,39.3,192.1,4.2,11.9,131.0,1001.9,1001.9,2.7,5.3
2024-06-21 12:35:00+02:00,23.4,23.4,26.1,19.0,77.0,25.0,88.0,397.6,3.0,0.0,0.9,0.0,0.0,14.7,39.3,192.1,2.3,6.1,141.0,1002.0,1002.0,2.7,5.3
2024-06-21 12:40:00+02:00,23.2,23.2,26.1,18.8,76.0,25.2,88.0,315.0,2.0,0.0,0.9,0.0,0.0,14.7,39.3,192.1,1.4,6.8,127.0,1002.0,1002.0,2.7,5.3
2024-06-21 12:45:00+02:00,23.6,23.6,26.4,19.1,76.0,25.3,88.0,376.8,3.0,0.0,0.9,0.0,0.0,14.7,39.3,192.1,2.8,6.1,166.0,1001.8,1001.8,2.7,5.3
2024-06-21 12:50:00+02:00,22.8,22.8,25.3,18.9,78.0,25.5,88.0,287.1,2.0,0.0,0.9,0.0,0.0,14.7,39.3,192.1,3.8,10.1,140.0,1001.7,1001.7,2.7,5.3
2024-06-21 12:55:00+02:00,23.2,23.2,26.3,19.0,77.0,25.6,88.0,134.5,1.0,0.0,0.9,0.0,0.0,14.7,39.3,192.1,0.9,6.8,137.0,1001.6,1001.6,2.7,5.3
2024-06-21 13:00:00+02:00,23.3,23.3,26.0,19.0,77.0,25.7,87.0,187.6,1.0,0.0,0.9,0.0,0.0,14.7,39.3,192.1,2.4,5.4,256.0,1001.5,1001.5,2.7,5.3
2024-06-21 13:05:00+02:00,23.2,23.2,25.8,19.0,77.0,25.8,87.0,126.0,1.0,0.0,0.9,0.0,0.0,14.7,39.3,192.1,3.2,6.8,273.0,1001.5,1001.5,2.7,5.3
2024-06-21 13:10:00+02:00,22.8,22.8,25.3,18.7,78.0,25.9,87.0,119.0,1.0,0.0,0.9,0.0,0.0,14.7,39.3,192.1,2.9,5.4,266.0,1001.5,1001.5,2.7,5.3
2024-06-21 13:15:00+02:00,22.5,22.5,24.9,18.7,79.0,26.0,87.0,135.9,1.0,0.0,0.9,0.0,0.0,14.7,39.3,192.1,3.4,6.8,255.0,1001.6,1001.6,2.7,5.3
2024-06-21 13:20:00+02:00,22.7,22.7,25.4,18.7,78.0,26.1,87.0,119.0,1.0,0.0,0.9,0.0,0.0,14.7,39.3,192.1,1.5,4.7,241.0,1001.6,1001.6,2.7,5.3
2024-06-21 13:25:00+02:00,22.6,22.6,25.3,18.7,78.0,26.2,87.0,98.5,0.0,0.0,0.9,0.0,0.0,14.7,39.3,192.1,2.2,4.7,196.0,1001.7,1001.7,2.7,5.3
2024-06-21 13:30:00+02:00,22.5,22.5,24.9,18.6,78.0,26.3,86.0,130.0,1.0,0.0,0.9,0.0,0.0,14.7,39.3,192.1,3.3,7.9,255.0,1001.5,1001.5,2.7,5.3
2024-06-21 13:35:00+02:00,22.4,22.4,25.2,18.7,79.0,26.2,86.0,126.4,1.0,0.0,0.9,0.0,0.0,14.7,39.3,192.1,1.8,7.2,165.0,1001.4,1001.4,2.7,5.3
2024-06-21 13:40:00+02:00,22.3,22.3,25.2,18.6,79.0,26.2,87.0,78.1,0.0,0.0,0.9,0.0,0.0,14.7,39.3,192.1,1.3,4.0,100.0,1001.4,1001.4,2.7,5.3
2024-06-21 13:45:00+02:00,22.3,22.3,25.3,18.8,81.0,26.3,86.0,122.5,1.0,0.0,0.9,0.0,0.0,14.7,39.3,192.1,0.8,4.0,118.0,1001.5,1001.5,2.7,5.3
2024-06-21 13:50:00+02:00,22.3,22.3,25.1,19.2,83.0,26.4,86.0,162.9,1.0,0.0,0.9,0.0,0.0,14.7,39.3,192.1,2.4,5.8,156.0,1001.4,1001.4,2.7,5.3
2024-06-21 13:55:00+02:00,22.0,22.0,25.1,19.4,85.0,26.3,86.0,270.6,2.0,0.6,1.0,0.1,0.1,14.8,39.4,192.2,1.9,5.4,134.0,1001.4,1001.4,2.7,5.2
2024-06-21 14:00:00+02:00,22.4,22.4,25.9,20.2,88.0,26.3,86.0,990.3,9.0,0.6,1.0,0.1,0.1,14.8,39.4,192.2,1.2,4.3,159.0,1001.3,1001.3,2.7,5.2
2024-06-21 14:05:00+02:00,23.6,23.6,27.4,21.2,86.0,26.4,86.0,984.8,9.0,0.6,1.0,0.1,0.1,14.8,39.4,192.2,2.5,5.8,250.0,1001.2,1001.2,2.7,5.2
2024-06-21 14:10:00+02:00,24.0,24.0,27.3,20.4,81.0,26.5,87.0,906.2,8.0,0.0,1.0,0.1,0.1,14.8,39.4,192.2,2.9,6.1,183.0,1000.8,1000.8,2.7,5.2
2024-06-21 14:15:00+02:00,24.2,24.2,27.5,20.5,80.0,26.5,87.0,924.9,8.0,0.0,1.0,0.1,0.1,14.8,39.4,192.2,3.3,7.6,278.0,1000.8,1000.8,2.7,5.3
2024-06-21 14:20:00+02:00,24.2,24.2,27.1,20.0,78.0,26.7,87.0,637.6,5.0,0.0,1.0,0.1,0.1,14.8,39.4,192.2,4.0,8.6,225.0,1000.9,1000.9,2.7,5.3
2024-06-21 14:25:00+02:00,25.1,25.1,28.7,20.3,75.0,26.8,87.0,621.5,5.0,0.0,1.0,0.1,0.1,14.8,39.4,192.2,0.8,4.3,178.0,1000.7,1000.7,2.7,5.3
2024-06-21 14:30:00+02:00,25.7,25.7,29.3,20.4,73.0,26.8,87.0,905.3,8.0,0.0,1.0,0.1,0.1,14.8,39.4,192.2,1.8,5.0,219.0,1000.7,1000.7,2.7,5.3
2024-06-21 14:35:00+02:00,26.2,26.2,29.7,20.9,73.0,27.1,87.0,888.2,8.0,0.0,1.0,0.1,0.1,14.8,39.4,192.2,2.9,7.2,289.0,1000.5,1000.5,2.7,5.3
2024-06-21 14:40:00+02:00,26.4,26.4,29.9,20.3,69.0,27.2,87.0,849.8,7.0,0.0,1.0,0.1,0.1,14.8,39.4,192.2,1.4,6.5,199.0,1000.4,1000.4,2.7,5.3
2024-06-21 14:45:00+02:00,26.3,26.3,29.9,20.3,70.0,27.4,87.0,870.4,8.0,0.0,1.0,0.1,0.1,14.8,39.4,192.2,1.4,9.0,93.0,1000.3,1000.3,2.7,5.3
2024-06-21 14:50:00+02:00,26.1,26.1,28.7,20.2,70.0,27.6,87.0,754.2,7.0,0.0,1.0,0.1,0.1,14.8,39.4,192.2,6.3,11.2,282.0,1000.3,1000.3,2.7,5.3
2024-06-21 14:55:00+02:00,24.4,24.4,26.7,19.5,74.0,27.8,87.0,327.9,3.0,0.0,1.0,0.1,0.0,14.8,39.4,192.2,5.8,14.0,272.0,1000.0,1000.0,2.7,5.3
2024-06-21 15:00:00+02:00,24.9,24.9,28.0,19.6,72.0,27.8,87.0,194.2,1.0,0.0,1.0,0.1,0.0,14.8,39.4,192.2,2.0,7.2,220.0,1000.1,1000.1,2.7,5.3
2024-06-21 15:05:00+02:00,24.7,24.7,27.6,19.5,73.0,27.9,87.0,154.2,1.0,0.0,1.0,0.1,0.0,14.8,39.4,192.2,3.1,8.3,244.0,1000.2,1000.2,2.7,5.3
2024-06-21 15:10:00+02:00,24.1,24.1,27.0,19.3,75.0,28.0,87.0,79.2,0.0,0.0,1.0,0.1,0.0,14.8,39.4,192.2,2.2,8.3,268.0,1000.2,1000.2,2.7,5.3
2024-06-21 15:15:00+02:00,23.9,23.9,26.7,19.2,75.0,28.1,87.0,74.3,0.0,0.0,1.0,0.1,0.0,14.8,39.4,192.2,2.5,6.5,275.0,1000.3,1000.3,2.7,5.3
2024-06-21 15:20:00+02:00,23.7,23.7,26.6,19.1,76.0,28.1,87.0,89.7,0.0,0.0,1.0,0.1,0.0,14.8,39.4,192.2,1.7,5.4,224.0,1000.1,1000.1,2.7,5.3
2024-06-21 15:25:00+02:00,23.5,23.5,26.5,19.2,77.0,28.1,87.0,90.4,0.0,0.0,1.0,0.1,0.0,14.8,39.4,192.2,1.6,4.3,224.0,1000.0,1000.0,2.7,5.3
2024-06-21 15:30:00+02:00,23.4,23.4,26.6,19.4,78.0,28.1,87.0,73.5,0.0,0.6,1.1,0.2,0.1,14.9,39.5,192.3,0.9,5.0,231.0,999.9,999.9,2.7,5.3
2024-06-21 15:35:00+02:00,23.1,23.1,26.2,19.6,81.0,28.2,86.0,66.4,0.0,0.6,1.1,0.2,0.1,14.9,39.5,192.3,2.0,5.4,201.0,999.9,999.9,2.7,5.3
2024-06-21 15:40:00+02:00,22.4,22.4,25.7,19.6,84.0,28.1,87.0,50.2,0.0,10.2,2.8,1.9,1.8,16.6,41.2,194.0,1.4,5.0,273.0,1000.0,1000.0,2.7,5.3
2024-06-21 15:45:00+02:00,21.4,21.4,24.8,19.5,89.0,28.1,87.0,27.9,0.0,21.6,4.8,3.9,3.8,18.6,43.2,196.0,0.4,5.0,288.0,1000.0,1000.0,2.7,5.2
2024-06-21 15:50:00+02:00,20.8,20.8,24.0,19.4,92.0,28.0,87.0,25.6,0.0,24.6,7.2,6.3,6.2,21.0,45.6,198.4,0.7,3.6,173.0,1000.1,1000.1,2.7,5.2
2024-06-21 15:55:00+02:00,20.3,20.3,23.6,19.3,94.0,28.0,86.0,66.6,0.0,26.4,8.4,7.5,7.4,22.2,46.8,199.6,0.6,3.6,127.0,1000.1,1000.1,2.7,5.2
2024-06-21 16:00:00+02:00,20.0,20.0,22.7,19.0,94.0,27.9,86.0,63.8,0.0,18.6,8.6,7.7,7.6,22.4,47.0,199.8,2.6,4.3,154.0,999.9,999.9,2.7,5.2
2024-06-21 16:05:00+02:00,19.5,19.5,21.8,18.6,94.0,27.9,85.0,67.2,0.0,6.6,9.5,8.6,8.5,23.3,47.9,200.7,4.1,7.6,124.0,999.9,999.9,2.7,5.2
2024-06-21 16:10:00+02:00,19.4,19.4,22.0,18.6,95.0,27.8,85.0,31.5,0.0,25.8,13.0,12.1,12.0,26.8,51.4,204.2,2.2,4.3,125.0,1000.0,1000.0,2.7,5.2
2024-06-21 16:15:00+02:00,19.3,19.3,22.3,18.6,96.0,27.7,85.0,26.8,0.0,27.6,14.0,13.1,13.0,27.8,52.4,205.2,0.5,4.3,80.0,999.8,999.8,2.7,5.2
2024-06-21 16:20:00+02:00,19.4,19.4,22.1,18.7,96.0,27.6,85.0,16.2,0.0,24.6,16.5,15.6,15.5,30.3,54.9,207.7,1.7,4.3,19.0,999.7,999.7,2.7,5.2
2024-06-21 16:25:00+02:00,19.3,19.3,22.0,18.7,96.0,27.5,85.0,10.7,0.0,20.4,16.8,15.9,15.8,30.6,55.2,208.0,2.2,5.0,131.0,999.9,999.9,2.7,5.1
2024-06-21 16:30:00+02:00,19.3,19.3,22.4,18.8,97.0,27.4,84.0,43.4,0.0,9.0,16.8,15.9,15.7,30.6,55.2,208.0,0.4,2.2,146.0,999.8,999.8,2.7,5.1
2024-06-21 16:35:00+02:00,19.3,19.3,22.2,18.8,97.0,27.3,84.0,70.8,0.0,0.6,16.9,16.0,15.7,30.7,55.3,208.1,1.7,4.3,337.0,999.7,999.7,2.7,5.1
2024-06-21 16:40:00+02:00,19.4,19.4,22.2,18.9,97.0,27.2,84.0,99.0,0.0,1.2,17.0,16.1,13.9,30.8,55.4,208.2,2.5,3.6,264.0,999.6,999.6,2.7,5.1
2024-06-21 16:45:00+02:00,19.6,19.6,22.8,19.1,97.0,27.2,84.0,93.2,0.0,1.2,17.0,16.1,12.0,30.8,55.4,208.2,0.4,3.6,135.0,999.5,999.5,2.7,5.1
2024-06-21 16:50:00+02:00,19.6,19.6,22.8,19.1,97.0,27.0,84.0,60.2,0.0,0.6,17.0,16.1,9.6,30.8,55.4,208.2,0.4,1.8,227.0,999.4,999.4,2.7,5.1
2024-06-21 16:55:00+02:00,19.4,19.4,22.2,18.9,97.0,26.9,84.0,102.4,0.0,0.6,17.1,16.2,8.7,30.9,55.5,208.3,1.7,3.6,131.0,999.5,999.5,2.7,5.1
2024-06-21 17:00:00+02:00,19.4,19.4,22.4,18.9,97.0,26.8,84.0,148.9,1.0,0.6,17.1,16.2,8.4,30.9,55.5,208.3,1.2,3.6,163.0,999.7,999.7,2.7,5.1
2024-06-21 17:05:00+02:00,19.8,19.8,23.2,19.4,98.0,26.8,84.0,130.4,1.0,0.0,17.1,16.2,7.5,30.9,55.5,208.3,0.0,2.9,139.0,999.8,999.8,2.7,5.1
2024-06-21 17:10:00+02:00,19.9,19.9,23.4,19.6,98.0,26.7,84.0,110.5,1.0,0.0,17.1,16.2,4.1,30.9,55.5,208.3,0.4,4.3,5.0,999.8,999.8,2.7,5.1
2024-06-21 17:15:00+02:00,19.8,19.8,23.0,19.4,98.0,26.7,84.0,133.4,1.0,0.0,17.1,16.2,2.6,30.9,55.5,208.3,1.0,4.3,305.0,999.6,999.6,2.7,5.1
2024-06-21 17:20:00+02:00,19.8,19.8,23.1,19.4,98.0,26.6,85.0,189.1,1.0,0.0,17.1,16.2,0.5,30.9,55.5,208.3,0.5,3.2,309.0,999.5,999.5,2.7,5.1
2024-06-21 17:25:00+02:00,19.9,19.9,22.9,19.4,97.0,26.6,85.0,208.3,1.0,0.0,17.1,16.2,0.3,30.9,55.5,208.3,2.1,6.1,104.0,999.6,999.6,2.7,5.2
2024-06-21 17:30:00+02:00,19.7,19.7,22.4,19.2,97.0,26.6,85.0,158.6,1.0,0.0,17.1,16.2,0.3,30.9,55.5,208.3,3.2,6.8,127.0,999.6,999.6,2.7,5.2
2024-06-21 17:35:00+02:00,19.6,19.6,22.4,19.0,97.0,26.5,85.0,152.2,1.0,0.0,17.1,16.2,0.2,30.9,55.5,208.3,2.2,5.4,150.0,999.7,999.7,2.7,5.2
2024-06-21 17:40:00+02:00,19.5,19.5,22.1,19.0,97.0,26.5,85.0,275.5,2.0,0.0,17.1,16.2,0.1,30.9,55.5,208.3,3.4,8.6,124.0,999.7,999.7,2.7,5.2
2024-06-21 17:45:00+02:00,19.9,19.9,23.1,19.3,96.0,26.5,85.0,225.2,2.0,0.0,17.1,16.2,0.1,30.9,55.5,208.3,1.3,3.6,144.0,999.6,999.6,2.7,5.2
2024-06-21 17:50:00+02:00,19.7,19.7,22.3,19.0,96.0,26.5,85.0,172.1,1.0,0.0,17.1,16.2,0.1,30.9,55.5,208.3,3.0,9.0,125.0,999.8,999.8,2.7,5.2
2024-06-21 17:55:00+02:00,19.7,19.7,22.2,18.9,95.0,26.5,85.0,185.4,1.0,0.0,17.1,16.2,0.0,30.9,55.5,208.3,3.5,6.5,123.0,999.8,999.8,2.7,5.2
2024-06-21 18:00:00+02:00,19.7,19.7,22.7,18.8,95.0,26.5,85.0,236.1,2.0,0.0,17.1,16.2,0.0,30.9,55.5,208.3,0.4,7.2,137.0,999.8,999.8,2.7,5.2
2024-06-21 18:05:00+02:00,19.9,19.9,22.9,19.0,95.0,26.5,85.0,170.1,1.0,0.0,17.1,16.2,0.0,30.9,55.5,208.3,1.2,3.2,172.0,999.6,999.6,2.7,5.2
2024-06-21 18:10:00+02:00,19.7,19.7,22.2,18.8,94.0,26.4,86.0,148.5,1.0,0.0,17.1,16.2,0.0,30.9,55.5,208.3,3.0,6.1,120.0,999.6,999.6,2.7,5.2
2024-06-21 18:15:00+02:00,19.6,19.6,22.1,18.6,94.0,26.4,86.0,61.8,0.0,0.0,17.1,16.2,0.0,30.9,55.5,208.3,2.5,6.1,150.0,999.3,999.3,2.7,5.2
2024-06-21 18:20:00+02:00,19.4,19.4,22.2,18.5,95.0,26.4,86.0,45.6,0.0,0.0,17.1,16.2,0.0,30.9,55.5,208.3,1.4,6.1,150.0,999.2,999.2,2.7,5.2
2024-06-21 18:25:00+02:00,19.3,19.3,22.0,18.4,95.0,26.5,86.0,20.9,0.0,0.0,17.1,16.2,0.0,30.9,55.5,208.3,1.4,4.3,159.0,999.1,999.1,2.7,5.2
2024-06-21 18:30:00+02:00,19.2,19.2,21.7,18.4,95.0,26.4,86.0,12.9,0.0,0.6,17.2,16.3,0.1,31.0,55.6,208.4,2.7,6.5,256.0,999.2,999.2,2.7,5.2
2024-06-21 18:35:00+02:00,19.2,19.2,21.4,18.4,95.0,26.4,86.0,27.2,0.0,1.2,17.3,16.4,0.2,31.1,55.7,208.5,4.3,7.9,278.0,999.3,999.3,2.7,5.2
2024-06-21 18:40:00+02:00,19.0,19.0,20.9,18.2,95.0,26.4,86.0,32.0,0.0,9.0,18.7,17.8,1.6,32.5,57.1,209.9,4.8,9.0,277.0,999.2,999.2,2.7,5.2
2024-06-21 18:45:00+02:00,18.8,18.8,20.8,18.1,96.0,26.3,85.0,21.0,0.0,9.0,18.7,17.8,1.6,32.5,57.1,209.9,4.2,10.4,257.0,999.2,999.2,2.7,5.2
2024-06-21 18:50:00+02:00,18.6,18.6,21.0,17.9,96.0,26.3,85.0,56.8,0.0,7.8,19.9,19.0,2.8,33.7,58.3,211.1,1.9,9.4,259.0,999.5,999.5,2.7,5.2
2024-06-21 18:55:00+02:00,18.3,18.3,20.2,17.7,96.0,26.3,85.0,85.8,0.0,18.0,21.8,20.9,4.7,35.6,60.2,213.0,3.9,9.0,303.0,999.8,999.8,2.7,5.2
2024-06-21 19:00:00+02:00,18.2,18.2,20.5,17.7,97.0,26.2,85.0,41.4,0.0,20.4,22.4,21.5,5.3,36.2,60.8,213.6,1.8,9.0,253.0,999.8,999.8,2.7,5.2
2024-06-21 19:05:00+02:00,18.0,18.0,19.6,17.5,97.0,26.1,84.0,36.5,0.0,13.8,22.7,21.8,5.6,36.5,61.1,213.9,4.9,13.7,258.0,999.7,999.7,2.7,5.1
2024-06-21 19:10:00+02:00,17.8,17.8,19.9,17.3,97.0,26.0,84.0,39.8,0.0,3.0,22.7,21.8,5.6,36.5,61.1,213.9,2.2,7.6,277.0,999.8,999.8,2.7,5.1
2024-06-21 19:15:00+02:00,17.8,17.8,19.6,17.3,97.0,25.9,84.0,56.8,0.0,0.6,22.7,21.8,5.6,36.5,61.1,213.9,3.2,12.2,220.0,999.8,999.8,2.7,5.1
2024-06-21 19:20:00+02:00,17.7,17.7,19.8,17.2,97.0,25.8,84.0,45.0,0.0,0.0,22.7,21.8,5.6,36.5,61.1,213.9,1.7,7.6,210.0,999.7,999.7,2.7,5.1
2024-06-21 19:25:00+02:00,17.7,17.7,19.8,17.2,97.0,25.7,84.0,44.7,0.0,0.0,22.7,21.8,5.6,36.5,61.1,213.9,2.2,12.6,117.0,999.8,999.8,2.7,5.1
2024-06-21 19:30:00+02:00,17.6,17.6,19.5,17.1,97.0,25.7,84.0,33.3,0.0,0.0,22.7,21.8,5.5,36.5,61.1,213.9,2.7,7.2,181.0,999.7,999.7,2.7,5.1
2024-06-21 19:35:00+02:00,17.6,17.6,19.5,17.1,97.0,25.6,83.0,38.8,0.0,0.0,22.7,21.8,5.3,36.5,61.1,213.9,2.7,7.6,255.0,999.8,999.8,2.7,5.1
2024-06-21 19:40:00+02:00,17.5,17.5,19.4,17.0,97.0,25.5,83.0,17.4,0.0,0.0,22.7,21.8,4.0,36.5,61.1,213.9,2.7,9.4,297.0,999.9,999.9,2.7,5.1
2024-06-21 19:45:00+02:00,17.5,17.5,19.3,17.0,97.0,25.4,83.0,10.9,0.0,0.0,22.7,21.8,3.9,36.5,61.1,213.9,2.7,9.0,178.0,1000.2,1000.2,2.7,5.1
2024-06-21 19:50:00+02:00,17.2,17.2,19.0,16.7,97.0,25.3,83.0,12.6,0.0,0.0,22.7,21.8,2.6,36.5,61.1,213.9,2.5,9.0,278.0,1000.2,1000.2,2.7,5.1
2024-06-21 19:55:00+02:00,17.2,17.2,18.8,16.7,97.0,25.2,83.0,14.8,0.0,0.0,22.7,21.8,0.8,36.5,61.1,213.9,2.9,7.9,292.0,1000.3,1000.3,2.7,5.1
2024-06-21 20:00:00+02:00,17.1,17.1,18.8,16.6,97.0,25.2,83.0,12.6,0.0,0.0,22.7,21.8,0.2,36.5,61.1,213.9,2.3,5.8,174.0,1000.4,1000.4,2.7,5.1
2024-06-21 20:05:00+02:00,17.0,17.0,18.6,16.5,97.0,25.1,83.0,24.1,0.0,0.0,22.7,21.8,0.0,36.5,61.1,213.9,2.7,9.4,142.0,1000.5,1000.5,2.7,5.1
2024-06-21 20:10:00+02:00,16.8,16.8,18.6,16.3,97.0,25.0,83.0,27.9,0.0,0.0,22.7,21.8,0.0,36.5,61.1,213.9,1.7,5.4,91.0,1000.4,1000.4,2.7,5.1
2024-06-21 20:15:00+02:00,16.8,16.8,18.7,16.3,97.0,24.9,83.0,21.9,0.0,0.0,22.7,21.8,0.0,36.5,61.1,213.9,1.1,6.5,130.0,1000.6,1000.6,2.7,5.1
2024-06-21 20:20:00+02:00,16.7,16.7,18.7,16.3,97.0,24.8,83.0,17.1,0.0,0.0,22.7,21.8,0.0,36.5,61.1,213.9,0.5,6.5,130.0,1000.5,1000.5,2.7,5.1
2024-06-21 20:25:00+02:00,16.7,16.7,18.3,16.3,97.0,24.8,83.0,14.7,0.0,0.0,22.7,21.8,0.0,36.5,61.1,213.9,2.7,6.8,240.0,1000.5,1000.5,2.7,5.1
2024-06-21 20:30:00+02:00,16.6,16.6,17.9,16.2,98.0,24.7,83.0,11.8,0.0,0.0,22.7,21.8,0.0,36.5,61.1,213.9,3.9,7.6,220.0,1000.5,1000.5,2.7,5.1
2024-06-21 20:35:00+02:00,16.5,16.5,17.9,16.1,98.0,24.7,83.0,6.5,0.0,0.0,22.7,21.8,0.0,36.5,61.1,213.9,3.1,10.4,172.0,1000.5,1000.5,2.7,5.1
2024-06-21 20:40:00+02:00,16.5,16.5,18.0,16.1,98.0,24.6,83.0,4.9,0.0,0.0,22.7,21.8,0.0,36.5,61.1,213.9,2.9,6.8,173.0,1000.6,1000.6,2.7,5.1
2024-06-21 20:45:00+02:00,16.3,16.3,18.0,16.0,98.0,24.5,83.0,4.2,0.0,0.0,22.7,21.8,0.0,36.5,61.1,213.9,1.9,6.1,114.0,1000.7,1000.7,2.7,5.1
2024-06-21 20:50:00+02:00,16.3,16.3,17.9,15.9,98.0,24.5,83.0,3.5,0.0,0.0,22.7,21.8,0.0,36.5,61.1,213.9,2.2,6.1,318.0,1000.9,1000.9,2.7,5.1
2024-06-21 20:55:00+02:00,16.2,16.2,17.7,15.8,98.0,24.4,83.0,3.2,0.0,0.0,22.7,21.8,0.0,36.5,61.1,213.9,2.2,9.7,218.0,1000.8,1000.8,2.7,5.1
2024-06-21 21:00:00+02:00,16.1,16.1,17.7,15.6,97.0,24.3,83.0,2.4,0.0,0.0,22.7,21.8,0.0,36.5,61.1,213.9,1.4,12.6,180.0,1000.9,1000.9,2.7,5.1
2024-06-21 21:05:00+02:00,16.1,16.1,17.4,15.6,97.0,24.3,83.0,1.6,0.0,0.0,22.7,21.8,0.0,36.5,61.1,213.9,2.7,9.4,196.0,1000.9,1000.9,2.7,5.1
2024-06-21 21:10:00+02:00,16.2,16.2,17.6,15.7,97.0,24.2,83.0,2.0,0.0,0.0,22.7,21.8,0.0,36.5,61.1,213.9,2.0,6.8,218.0,1000.9,1000.9,2.7,5.1
2024-06-21 21:15:00+02:00,16.1,16.1,17.2,15.6,97.0,24.2,83.0,1.7,0.0,0.0,22.7,21.8,0.0,36.5,61.1,213.9,3.8,12.2,171.0,1001.1,1001.1,2.7,5.1
2024-06-21 21:20:00+02:00,15.9,15.9,16.3,15.4,97.0,24.0,83.0,1.4,0.0,0.0,22.7,21.8,0.0,36.5,61.1,213.9,7.3,14.0,262.0,1001.1,1001.1,2.7,5.1
2024-06-21 21:25:00+02:00,15.8,15.8,16.9,15.3,97.0,24.0,83.0,1.3,0.0,0.0,22.7,21.8,0.0,36.5,61.1,213.9,3.5,14.0,252.0,1001.1,1001.1,2.7,5.1
2024-06-21 21:30:00+02:00,15.7,15.7,16.7,15.2,97.0,23.9,83.0,1.2,0.0,0.0,22.7,21.8,0.0,36.5,61.1,213.9,3.6,9.7,283.0,1001.2,1001.2,2.7,5.1
2024-06-21 21:35:00+02:00,15.7,15.7,16.4,15.2,97.0,23.9,82.0,1.0,0.0,0.0,22.7,21.8,0.0,36.5,61.1,213.9,4.8,11.5,264.0,1001.2,1001.2,2.7,5.1
2024-06-21 21:40:00+02:00,15.6,15.6,16.8,15.1,97.0,23.8,82.0,0.9,0.0,0.0,22.7,21.8,0.0,36.5,61.1,213.9,2.3,8.3,158.0,1001.2,1001.2,2.7,5.1
2024-06-21 21:45:00+02:00,15.6,15.6,16.3,15.1,97.0,23.8,82.0,0.3,0.0,0.0,22.7,21.8,0.0,36.5,61.1,213.9,4.8,13.0,124.0,1001.2,1001.2,2.7,5.0
2024-06-21 21:50:00+02:00,15.3,15.3,16.1,14.9,97.0,23.7,82.0,0.3,0.0,0.0,22.7,21.8,0.0,36.5,61.1,213.9,4.3,10.1,123.0,1001.4,1001.4,2.7,5.0
2024-06-21 21:55:00+02:00,14.9,14.9,15.7,14.4,97.0,23.6,82.0,0.2,0.0,0.0,22.7,21.8,0.0,36.5,61.1,213.9,3.0,11.5,212.0,1001.7,1001.7,2.7,5.0
2024-06-21 22:00:00+02:00,14.8,14.8,15.5,14.2,96.0,23.5,82.0,0.1,0.0,0.0,22.7,21.8,0.0,36.5,61.1,213.9,3.2,9.0,130.0,1002.0,1002.0,2.7,5.0
2024-06-21 22:05:00+02:00,14.7,14.7,14.9,14.1,96.0,23.4,82.0,0.0,0.0,0.0,22.7,21.8,0.0,36.5,61.1,213.9,5.4,15.1,111.0,1002.2,1002.2,2.7,5.0
2024-06-21 22:10:00+02:00,14.3,14.3,14.4,13.7,96.0,23.4,82.0,0.0,0.0,0.0,22.7,21.8,0.0,36.5,61.1,213.9,5.3,19.1,141.0,1002.5,1002.5,2.7,5.0
2024-06-21 22:15:00+02:00,14.0,14.0,14.3,13.4,96.0,23.3,81.0,0.0,0.0,0.0,22.7,21.8,0.0,36.5,61.1,213.9,4.1,10.8,164.0,1002.5,1002.5,2.7,5.0
2024-06-21 22:20:00+02:00,13.7,13.7,14.1,13.1,96.0,23.1,82.0,0.0,0.0,0.0,22.7,21.8,0.0,36.5,61.1,213.9,2.6,10.8,271.0,1002.8,1002.8,2.7,5.0
2024-06-21 22:25:00+02:00,13.5,13.5,13.3,12.8,96.0,23.0,81.0,0.0,0.0,0.6,22.8,21.9,0.1,36.6,61.2,214.0,5.6,16.2,268.0,1002.8,1002.8,2.7,5.0
2024-06-21 22:30:00+02:00,13.4,13.4,13.7,12.6,95.0,23.0,81.0,0.0,0.0,2.4,23.1,22.2,0.4,36.9,61.5,214.3,2.7,9.7,61.0,1002.9,1002.9,2.7,5.0
2024-06-21 22:35:00+02:00,13.3,13.3,13.4,12.5,95.0,22.9,81.0,0.0,0.0,4.8,23.6,22.7,0.9,37.4,62.0,214.8,3.0,10.4,131.0,1003.0,1003.0,2.7,4.9
2024-06-21 22:40:00+02:00,13.2,13.2,13.4,12.5,96.0,22.8,81.0,0.0,0.0,4.8,23.7,22.8,1.0,37.5,62.1,214.9,2.8,9.4,137.0,1003.1,1003.1,2.7,4.9
2024-06-21 22:45:00+02:00,13.1,13.1,13.5,12.5,96.0,22.7,81.0,0.0,0.0,2.4,23.7,22.8,1.0,37.5,62.1,214.9,2.1,5.4,250.0,1003.1,1003.1,2.7,4.9
2024-06-21 22:50:00+02:00,13.1,13.1,13.4,12.5,96.0,22.6,81.0,0.0,0.0,0.6,23.8,22.9,1.1,37.6,62.2,215.0,2.2,5.0,125.0,1003.1,1003.1,2.7,4.9
2024-06-21 22:55:00+02:00,13.1,13.1,13.5,12.5,96.0,22.4,81.0,0.0,0.0,0.6,23.8,22.9,1.1,37.6,62.2,215.0,1.7,4.3,74.0,1003.3,1003.3,2.7,4.9
2024-06-21 23:00:00+02:00,13.1,13.1,13.2,12.5,96.0,22.3,81.0,0.0,0.0,1.8,24.0,23.1,1.3,37.8,62.4,215.2,3.5,5.8,134.0,1003.2,1003.2,2.7,4.9
2024-06-21 23:05:00+02:00,13.0,13.0,13.5,12.6,97.0,22.2,81.0,0.0,0.0,1.8,24.1,23.2,1.4,37.9,62.5,215.3,1.6,4.7,116.0,1003.3,1003.3,2.7,4.8
2024-06-21 23:10:00+02:00,13.0,13.0,13.5,12.6,97.0,22.1,81.0,0.0,0.0,1.2,24.1,23.2,1.4,37.9,62.5,215.3,1.3,4.0,123.0,1003.3,1003.3,2.7,4.8
2024-06-21 23:15:00+02:00,13.0,13.0,13.5,12.6,97.0,22.0,81.0,0.0,0.0,0.6,24.2,23.3,1.5,38.0,62.6,215.4,1.7,4.3,91.0,1003.3,1003.3,2.7,4.8
2024-06-21 23:20:00+02:00,13.1,13.1,13.4,12.7,97.0,21.9,81.0,0.0,0.0,0.6,24.2,23.3,1.5,38.0,62.6,215.4,2.6,6.1,143.0,1003.4,1003.4,2.7,4.8
2024-06-21 23:25:00+02:00,13.1,13.1,13.6,12.7,97.0,21.8,80.0,0.0,0.0,1.2,24.3,23.4,1.5,38.1,62.7,215.5,1.7,7.2,161.0,1003.3,1003.3,2.7,4.8
2024-06-21 23:30:00+02:00,13.0,13.0,13.5,12.6,97.0,21.8,80.0,0.0,0.0,1.2,24.4,23.5,1.2,38.2,62.8,215.6,1.8,5.8,103.0,1003.4,1003.4,2.7,4.8
2024-06-21 23:35:00+02:00,13.1,13.1,13.5,12.6,97.0,21.7,81.0,0.0,0.0,0.6,24.4,23.5,0.8,38.2,62.8,215.6,1.8,5.8,106.0,1003.5,1003.5,2.7,4.7
2024-06-21 23:40:00+02:00,13.1,13.1,13.3,12.7,97.0,21.6,81.0,0.0,0.0,0.6,24.5,23.6,0.8,38.3,62.9,215.7,3.3,5.4,120.0,1003.3,1003.3,2.7,4.7
2024-06-21 23:45:00+02:00,13.1,13.1,13.4,12.7,97.0,21.5,80.0,0.0,0.0,1.2,24.6,23.7,0.9,38.4,63.0,215.8,3.1,5.4,109.0,1003.5,1003.5,2.7,4.7
2024-06-21 23:50:00+02:00,13.2,13.2,13.3,12.8,97.0,21.4,80.0,0.0,0.0,0.6,24.6,23.7,0.8,38.4,63.0,215.8,3.8,5.0,105.0,1003.4,1003.4,2.7,4.7
2024-06-21 23:55:00+02:00,13.2,13.2,13.2,12.8,98.0,21.3,81.0,0.0,0.0,0.6,24.6,23.7,0.8,38.4,63.0,215.8,4.4,7.6,112.0,1003.4,1003.4,2.7,4.7
2024-06-22 00:00:00+02:00,13.2,13.2,13.2,12.8,97.0,21.2,81.0,0.0,0.0,0.0,0.0,23.7,0.6,38.4,63.0,215.8,4.3,6.5,125.0,1003.4,1003.4,2.7,4.7
2024-06-22 00:05:00+02:00,13.2,13.2,13.3,12.8,97.0,21.2,81.0,0.0,0.0,0.0,0.0,23.7,0.5,38.4,63.0,215.8,4.0,7.2,116.0,1003.4,1003.4,2.7,4.6
2024-06-22 00:10:00+02:00,13.3,13.3,13.7,12.9,98.0,21.1,81.0,0.0,0.0,0.0,0.0,23.7,0.5,38.4,63.0,215.8,2.7,4.3,127.0,1003.5,1003.5,2.7,4.6
2024-06-22 00:15:00+02:00,13.2,13.2,13.3,12.9,98.0,20.9,81.0,0.0,0.0,0.0,0.0,23.7,0.4,38.4,63.0,215.8,3.9,6.1,120.0,1003.3,1003.3,2.7,4.6
2024-06-22 00:20:00+02:00,13.1,13.1,12.8,12.7,97.0,20.8,81.0,0.0,0.0,0.0,0.0,23.7,0.3,38.4,63.0,215.8,5.7,7.6,119.0,1003.4,1003.4,2.7,4.6
2024-06-22 00:25:00+02:00,13.2,13.2,13.1,12.7,97.0,20.7,81.0,0.0,0.0,0.0,0.0,23.7,0.3,38.4,63.0,215.8,4.8,9.4,130.0,1003.4,1003.4,2.7,4.6
2024-06-22 00:30:00+02:00,13.2,13.2,13.0,12.8,97.0,20.7,81.0,0.0,0.0,0.0,0.0,23.7,0.2,38.4,63.0,215.8,5.4,7.9,123.0,1003.4,1003.4,2.7,4.6
2024-06-22 00:35:00+02:00,13.3,13.3,13.3,12.8,97.0,20.6,81.0,0.0,0.0,0.0,0.0,23.7,0.2,38.4,63.0,215.8,4.3,6.8,126.0,1003.4,1003.4,2.7,4.6
2024-06-22 00:40:00+02:00,13.4,13.4,13.4,12.9,97.0,20.6,81.0,0.0,0.0,0.0,0.0,23.7,0.1,38.4,63.0,215.8,4.3,6.8,123.0,1003.3,1003.3,2.7,4.6
2024-06-22 00:45:00+02:00,13.4,13.4,13.6,13.0,97.0,20.5,81.0,0.0,0.0,0.0,0.0,23.7,0.0,38.4,63.0,215.8,3.7,7.6,99.0,1003.2,1003.2,2.7,4.6
2024-06-22 00:50:00+02:00,13.5,13.5,13.6,13.0,97.0,20.5,81.0,0.0,0.0,0.0,0.0,23.7,0.0,38.4,63.0,215.8,3.9,6.5,119.0,1003.4,1003.4,2.7,4.6
2024-06-22 00:55:00+02:00,13.5,13.5,13.9,13.1,98.0,20.4,81.0,0.0,0.0,0.0,0.0,23.7,0.0,38.4,63.0,215.8,3.0,5.0,114.0,1003.2,1003.2,2.7,4.6
2024-06-22 01:00:00+02:00,13.5,13.5,13.3,13.1,98.0,20.4,81.0,0.0,0.0,0.0,0.0,23.7,0.0,38.4,63.0,215.8,5.6,10.8,122.0,1003.3,1003.3,2.7,4.6
2024-06-22 01:05:00+02:00,13.4,13.4,13.5,13.1,98.0,20.3,82.0,0.0,0.0,0.0,0.0,23.7,0.0,38.4,63.0,215.8,4.5,11.9,123.0,1003.3,1003.3,2.7,4.6
2024-06-22 01:10:00+02:00,13.4,13.4,13.3,13.0,97.0,20.3,82.0,0.0,0.0,0.0,0.0,23.7,0.0,38.4,63.0,215.8,5.3,9.4,123.0,1003.4,1003.4,2.7,4.6
2024-06-22 01:15:00+02:00,13.3,13.3,13.4,12.9,97.0,20.2,82.0,0.0,0.0,0.0,0.0,23.7,0.0,38.4,63.0,215.8,4.3,7.6,118.0,1003.2,1003.2,2.7,4.6
2024-06-22 01:20:00+02:00,13.3,13.3,13.4,12.8,97.0,20.2,82.0,0.0,0.0,0.0,0.0,23.7,0.0,38.4,63.0,215.8,4.2,7.9,110.0,1003.1,1003.1,2.7,4.6
2024-06-22 01:25:00+02:00,13.2,13.2,13.3,12.8,97.0,20.2,82.0,0.0,0.0,0.0,0.0,23.7,0.0,38.4,63.0,215.8,4.0,7.9,108.0,1003.1,1003.1,2.7,4.6
2024-06-22 01:30:00+02:00,13.2,13.2,13.0,12.8,97.0,20.1,82.0,0.0,0.0,0.0,0.0,23.7,0.0,38.4,63.0,215.8,5.3,8.3,116.0,1003.0,1003.0,2.7,4.6
2024-06-22 01:35:00+02:00,13.2,13.2,13.0,12.7,97.0,20.1,81.0,0.0,0.0,0.0,0.0,23.7,0.0,38.4,63.0,215.8,4.9,9.4,127.0,1003.0,1003.0,2.7,4.6
2024-06-22 01:40:00+02:00,13.2,13.2,13.3,12.8,97.0,20.0,81.0,0.0,0.0,0.0,0.0,23.7,0.0,38.4,63.0,215.8,3.7,9.0,129.0,1003.1,1003.1,2.7,4.6
2024-06-22 01:45:00+02:00,13.2,13.2,13.1,12.7,97.0,20.0,82.0,0.0,0.0,0.0,0.0,23.7,0.0,38.4,63.0,215.8,4.7,6.8,127.0,1003.1,1003.1,2.7,4.5
2024-06-22 01:50:00+02:00,13.1,13.1,13.1,12.7,97.0,19.9,82.0,0.0,0.0,0.0,0.0,23.7,0.0,38.4,63.0,215.8,4.3,9.4,132.0,1003.2,1003.2,2.7,4.5
2024-06-22 01:55:00+02:00,13.0,13.0,13.0,12.6,97.0,19.9,82.0,0.0,0.0,0.0,0.0,23.7,0.0,38.4,63.0,215.8,4.0,9.4,110.0,1003.1,1003.1,2.7,4.5
2024-06-22 02:00:00+02:00,12.9,12.9,12.6,12.5,97.0,19.8,82.0,0.0,0.0,0.0,0.0,23.7,0.0,38.4,63.0,215.8,5.8,9.4,127.0,1003.2,1003.2,2.7,4.5
2024-06-22 02:05:00+02:00,12.9,12.9,12.5,12.4,97.0,19.8,82.0,0.0,0.0,0.0,0.0,23.7,0.0,38.4,63.0,215.8,6.0,10.1,134.0,1003.3,1003.3,2.7,4.5
2024-06-22 02:10:00+02:00,12.8,12.8,12.6,12.4,97.0,19.7,81.0,0.0,0.0,0.0,0.0,23.7,0.0,38.4,63.0,215.8,4.8,9.7,153.0,1003.2,1003.2,2.7,4.5
2024-06-22 02:15:00+02:00,12.7,12.7,12.0,12.2,96.0,19.7,82.0,0.0,0.0,0.0,0.0,23.7,0.0,38.4,63.0,215.8,7.2,15.1,134.0,1003.2,1003.2,2.7,4.5
2024-06-22 02:20:00+02:00,12.7,12.7,12.3,12.1,96.0,19.7,81.0,0.0,0.0,0.0,0.0,23.7,0.0,38.4,63.0,215.8,5.6,10.4,112.0,1003.2,1003.2,2.7,4.5
2024-06-22 02:25:00+02:00,12.7,12.7,12.1,12.0,96.0,19.6,81.0,0.0,0.0,0.0,0.0,23.7,0.0,38.4,63.0,215.8,6.5,13.7,135.0,1003.4,1003.4,2.7,4.5
2024-06-22 02:30:00+02:00,12.7,12.7,12.5,12.1,96.0,19.6,81.0,0.0,0.0,0.0,0.0,23.7,0.0,38.4,63.0,215.8,4.5,11.9,155.0,1003.3,1003.3,2.7,4.5
2024-06-22 02:35:00+02:00,12.6,12.6,11.9,12.0,96.0,19.5,81.0,0.0,0.0,0.0,0.0,23.7,0.0,38.4,63.0,215.8,6.6,12.6,158.0,1003.2,1003.2,2.7,4.5
2024-06-22 02:40:00+02:00,12.6,12.6,11.8,11.9,95.0,19.4,81.0,0.0,0.0,0.0,0.0,23.7,0.0,38.4,63.0,215.8,7.4,15.1,108.0,1003.4,1003.4,2.7,4.5
2024-06-22 02:45:00+02:00,12.7,12.7,12.7,12.0,96.0,19.4,82.0,0.0,0.0,0.0,0.0,23.7,0.0,38.4,63.0,215.8,2.9,8.6,133.0,1003.5,1003.5,2.7,4.5
2024-06-22 02:50:00+02:00,12.5,12.5,12.3,11.9,96.0,19.3,82.0,0.0,0.0,0.0,0.0,23.7,0.0,38.4,63.0,215.8,4.2,7.2,116.0,1003.4,1003.4,2.7,4.5
2024-06-22 02:55:00+02:00,12.4,12.4,11.8,11.7,95.0,19.3,81.0,0.0,0.0,0.0,0.0,23.7,0.0,38.4,63.0,215.8,5.9,14.4,134.0,1003.4,1003.4,2.7,4.5
2024-06-22 03:00:00+02:00,12.4,12.4,11.8,11.6,95.0,19.2,81.0,0.0,0.0,0.0,0.0,23.7,0.0,38.4,63.0,215.8,5.6,14.4,133.0,1003.3,1003.3,2.7,4.5
2024-06-22 03:05:00+02:00,12.4,12.4,12.5,11.6,95.0,19.2,81.0,0.0,0.0,0.0,0.0,23.7,0.0,38.4,63.0,215.8,2.0,5.0,109.0,1003.2,1003.2,2.7,4.5
2024-06-22 03:10:00+02:00,12.3,12.3,11.9,11.6,95.0,19.2,81.0,0.0,0.0,0.0,0.0,23.7,0.0,38.4,63.0,215.8,4.8,9.7,69.0,1003.2,1003.2,2.7,4.5
2024-06-22 03:15:00+02:00,12.3,12.3,11.9,11.6,96.0,19.1,81.0,0.0,0.0,0.0,0.0,23.7,0.0,38.4,63.0,215.8,4.5,9.7,31.0,1003.2,1003.2,2.72,4.4
2024-06-22 03:20:00+02:00,12.2,12.2,11.9,11.6,96.0,19.1,82.0,0.0,0.0,0.0,0.0,23.7,0.0,38.4,63.0,215.8,3.7,7.2,69.0,1003.1,1003.1,2.72,4.4
2024-06-22 03:25:00+02:00,12.1,12.1,11.7,11.5,96.0,19.0,81.0,0.0,0.0,0.0,0.0,23.7,0.0,38.4,63.0,215.8,4.4,7.2,93.0,1003.1,1003.1,2.7,4.5
2024-06-22 03:30:00+02:00,12.0,12.0,11.9,11.4,96.0,19.0,82.0,0.0,0.0,0.0,0.0,23.7,0.0,38.4,63.0,215.8,2.7,6.8,87.0,1003.0,1003.0,2.7,4.5
2024-06-22 03:35:00+02:00,12.0,12.0,11.7,11.4,96.0,18.9,84.0,0.0,0.0,0.0,0.0,23.7,0.0,38.4,63.0,215.8,3.6,7.2,112.0,1003.0,1003.0,2.7,4.4
2024-06-22 03:40:00+02:00,11.9,11.9,11.4,11.3,96.0,18.9,83.0,0.0,0.0,0.0,0.0,23.7,0.0,38.4,63.0,215.8,5.0,8.6,129.0,1003.0,1003.0,2.7,4.4
2024-06-22 03:45:00+02:00,12.0,12.0,11.2,11.4,96.0,18.9,82.0,0.0,0.0,0.0,0.0,23.7,0.0,38.4,63.0,215.8,6.3,9.0,137.0,1002.8,1002.8,2.72,4.4
2024-06-22 03:50:00+02:00,12.1,12.1,11.4,11.5,96.0,18.8,82.0,0.0,0.0,0.0,0.0,23.7,0.0,38.4,63.0,215.8,5.8,9.7,137.0,1002.8,1002.8,2.72,4.4
2024-06-22 03:55:00+02:00,12.2,12.2,11.5,11.6,96.0,18.8,81.0,0.0,0.0,0.0,0.0,23.7,0.0,38.4,63.0,215.8,5.8,10.1,115.0,1002.7,1002.7,2.7,4.4
2024-06-22 04:00:00+02:00,12.3,12.3,12.0,11.6,96.0,18.8,81.0,0.0,0.0,0.0,0.0,23.7,0.0,38.4,63.0,215.8,4.0,10.4,129.0,1002.7,1002.7,2.7,4.4
2024-06-22 04:05:00+02:00,12.3,12.3,11.8,11.6,95.0,18.7,81.0,0.0,0.0,0.0,0.0,23.7,0.0,38.4,63.0,215.8,5.3,9.7,121.0,1002.8,1002.8,2.72,4.4
2024-06-22 04:10:00+02:00,12.3,12.3,11.5,11.6,96.0,18.7,81.0,0.0,0.0,0.0,0.0,23.7,0.0,38.4,63.0,215.8,6.6,11.2,139.0,1002.7,1002.7,2.72,4.4
2024-06-22 04:15:00+02:00,12.3,12.3,12.0,11.6,96.0,18.6,81.0,0.0,0.0,0.0,0.0,23.7,0.0,38.4,63.0,215.8,4.0,9.4,126.0,1002.7,1002.7,2.7,4.4
2024-06-22 04:20:00+02:00,12.3,12.3,11.7,11.5,95.0,18.6,81.0,0.0,0.0,0.0,0.0,23.7,0.0,38.4,63.0,215.8,5.4,10.8,125.0,1002.7,1002.7,2.7,4.4
2024-06-22 04:25:00+02:00,12.3,12.3,11.9,11.5,95.0,18.5,81.0,0.0,0.0,0.0,0.0,23.7,0.0,38.4,63.0,215.8,4.4,7.2,138.0,1002.7,1002.7,2.72,4.4
2024-06-22 04:30:00+02:00,12.3,12.3,11.3,11.6,95.0,18.5,81.0,0.0,0.0,0.0,0.0,23.7,0.0,38.4,63.0,215.8,7.8,16.9,127.0,1002.6,1002.6,2.72,4.4
2024-06-22 04:35:00+02:00,12.3,12.3,12.1,11.5,95.0,18.4,81.0,0.0,0.0,0.0,0.0,23.7,0.0,38.4,63.0,215.8,3.2,9.7,99.0,1002.6,1002.6,2.72,4.4
2024-06-22 04:40:00+02:00,12.2,12.2,12.0,11.5,95.0,18.4,81.0,0.1,0.0,0.0,0.0,23.7,0.0,38.4,63.0,215.8,3.8,8.6,55.0,1002.7,1002.7,2.72,4.4
2024-06-22 04:45:00+02:00,12.2,12.2,11.6,11.6,96.0,18.4,81.0,0.2,0.0,0.0,0.0,23.7,0.0,38.4,63.0,215.8,5.8,9.0,84.0,1002.7,1002.7,2.7,4.4
2024-06-22 04:50:00+02:00,12.2,12.2,11.8,11.5,95.0,18.3,81.0,0.3,0.0,0.0,0.0,23.7,0.0,38.4,63.0,215.8,4.8,7.6,130.0,1002.7,1002.7,2.7,4.4
2024-06-22 04:55:00+02:00,12.2,12.2,11.7,11.5,96.0,18.3,81.0,0.6,0.0,0.0,0.0,23.7,0.0,38.4,63.0,215.8,5.1,8.3,113.0,1002.7,1002.7,2.72,4.4
2024-06-22 05:00:00+02:00,12.1,12.1,11.8,11.5,96.0,18.3,81.0,0.9,0.0,0.0,0.0,23.7,0.0,38.4,63.0,215.8,4.0,8.3,118.0,1002.6,1002.6,2.72,4.4
2024-06-22 05:05:00+02:00,12.1,12.1,11.7,11.5,96.0,18.2,81.0,1.5,0.0,0.0,0.0,23.7,0.0,38.4,63.0,215.8,4.3,7.6,123.0,1002.6,1002.6,2.7,4.4
2024-06-22 05:10:00+02:00,12.0,12.0,11.4,11.4,96.0,18.2,81.0,2.0,0.0,0.0,0.0,23.7,0.0,38.4,63.0,215.8,5.3,11.5,132.0,1002.6,1002.6,2.7,4.4
2024-06-22 05:15:00+02:00,12.0,12.0,11.6,11.4,96.0,18.2,81.0,2.8,0.0,0.0,0.0,23.7,0.0,38.4,63.0,215.8,4.4,7.2,137.0,1002.5,1002.5,2.7,4.3
2024-06-22 05:20:00+02:00,12.0,12.0,11.5,11.4,96.0,18.1,81.0,3.7,0.0,0.0,0.0,23.7,0.0,38.4,63.0,215.8,4.9,8.6,124.0,1002.5,1002.5,2.7,4.3
2024-06-22 05:25:00+02:00,11.9,11.9,11.7,11.3,96.0,18.1,81.0,4.6,0.0,0.0,0.0,23.7,0.0,38.4,63.0,215.8,3.6,8.6,128.0,1002.6,1002.6,2.7,4.3
2024-06-22 05:30:00+02:00,12.0,12.0,11.3,11.3,96.0,18.0,81.0,5.8,0.0,0.0,0.0,23.7,0.0,38.4,63.0,215.8,5.5,9.0,138.0,1002.6,1002.6,2.7,4.3
2024-06-22 05:35:00+02:00,12.0,12.0,11.1,11.4,96.0,18.0,82.0,7.1,0.0,0.0,0.0,23.7,0.0,38.4,63.0,215.8,6.7,13.0,127.0,1002.7,1002.7,2.7,4.3
2024-06-22 05:40:00+02:00,12.0,12.0,11.3,11.3,96.0,18.0,81.0,8.6,0.0,0.0,0.0,23.7,0.0,38.4,63.0,215.8,5.5,11.2,122.0,1002.7,1002.7,2.7,4.3
2024-06-22 05:45:00+02:00,12.0,12.0,11.8,11.4,96.0,17.9,81.0,10.5,0.0,0.0,0.0,23.7,0.0,38.4,63.0,215.8,3.3,9.4,116.0,1002.7,1002.7,2.72,4.3
2024-06-22 05:50:00+02:00,12.0,12.0,11.4,11.3,95.0,17.9,81.0,13.0,0.0,0.0,0.0,23.7,0.0,38.4,63.0,215.8,5.5,12.2,114.0,1002.7,1002.7,2.72,4.3
2024-06-22 05:55:00+02:00,12.1,12.1,11.4,11.3,95.0,17.8,81.0,16.0,0.0,0.0,0.0,23.7,0.0,38.4,63.0,215.8,5.9,9.4,125.0,1002.7,1002.7,2.7,4.3
2024-06-22 06:00:00+02:00,12.1,12.1,11.1,11.4,95.0,17.8,82.0,18.1,0.0,0.0,0.0,23.7,0.0,38.4,63.0,215.8,7.4,13.7,115.0,1002.7,1002.7,2.7,4.3
2024-06-22 06:05:00+02:00,12.2,12.2,11.9,11.5,95.0,17.8,82.0,20.2,0.0,0.0,0.0,23.7,0.0,38.4,63.0,215.8,4.2,13.7,155.0,1002.6,1002.6,2.72,4.3
2024-06-22 06:10:00+02:00,12.3,12.3,11.8,11.5,95.0,17.7,82.0,22.1,0.0,0.0,0.0,23.7,0.0,38.4,63.0,215.8,5.1,11.2,103.0,1002.7,1002.7,2.72,4.3
2024-06-22 06:15:00+02:00,12.4,12.4,11.9,11.7,95.0,17.7,82.0,26.8,0.0,0.0,0.0,23.7,0.0,38.4,63.0,215.8,5.5,11.5,115.0,1002.8,1002.8,2.7,4.3
2024-06-22 06:20:00+02:00,12.6,12.6,11.7,11.7,94.0,17.7,82.0,33.5,0.0,0.0,0.0,23.7,0.0,38.4,63.0,215.8,7.3,11.5,138.0,1002.7,1002.7,2.7,4.3
2024-06-22 06:25:00+02:00,12.8,12.8,12.5,11.9,94.0,17.7,82.0,36.8,0.0,0.0,0.0,23.7,0.0,38.4,63.0,215.8,4.8,9.7,108.0,1002.7,1002.7,2.7,4.3
2024-06-22 06:30:00+02:00,12.9,12.9,11.8,11.8,93.0,17.7,82.0,39.6,0.0,0.0,0.0,23.7,0.0,38.4,63.0,215.8,8.7,13.3,145.0,1002.6,1002.6,2.7,4.3
2024-06-22 06:35:00+02:00,13.0,13.0,12.8,11.9,93.0,17.7,82.0,42.7,0.0,0.0,0.0,23.7,0.0,38.4,63.0,215.8,4.3,9.0,148.0,1002.6,1002.6,2.7,4.3
2024-06-22 06:40:00+02:00,13.1,13.1,12.3,12.0,93.0,17.7,82.0,47.1,0.0,0.0,0.0,23.7,0.0,38.4,63.0,215.8,7.3,14.0,135.0,1002.7,1002.7,2.7,4.3
2024-06-22 06:45:00+02:00,13.3,13.3,12.5,12.0,92.0,17.7,83.0,51.3,0.0,0.0,0.0,23.7,0.0,38.4,63.0,215.8,7.5,14.0,115.0,1002.7,1002.7,2.7,4.3
2024-06-22 06:50:00+02:00,13.5,13.5,13.1,12.2,92.0,17.8,83.0,59.0,0.0,0.0,0.0,23.7,0.0,38.4,63.0,215.8,5.3,9.4,86.0,1002.8,1002.8,2.7,4.3
2024-06-22 06:55:00+02:00,13.6,13.6,12.9,12.3,92.0,18.0,84.0,60.8,0.0,0.0,0.0,23.7,0.0,38.4,63.0,215.8,7.5,13.0,126.0,1002.6,1002.6,2.7,4.4
2024-06-22 07:00:00+02:00,13.8,13.8,13.2,12.3,91.0,18.1,84.0,59.9,0.0,0.0,0.0,23.7,0.0,38.4,63.0,215.8,6.6,13.0,128.0,1002.8,1002.8,2.7,4.4
2024-06-22 07:05:00+02:00,13.8,13.8,13.4,12.4,91.0,18.3,84.0,42.6,0.0,0.0,0.0,23.7,0.0,38.4,63.0,215.8,6.1,12.6,142.0,1002.7,1002.7,2.7,4.4
2024-06-22 07:10:00+02:00,13.9,13.9,13.0,12.5,91.0,18.4,84.0,49.1,0.0,0.0,0.0,23.7,0.0,38.4,63.0,215.8,8.7,13.3,139.0,1002.8,1002.8,2.7,4.4
2024-06-22 07:15:00+02:00,14.0,14.0,13.7,12.6,91.0,18.5,84.0,50.2,0.0,0.0,0.0,23.7,0.0,38.4,63.0,215.8,5.5,13.3,130.0,1002.7,1002.7,2.72,4.4
2024-06-22 07:20:00+02:00,14.1,14.1,13.7,12.6,91.0,18.6,84.0,49.3,0.0,0.0,0.0,23.7,0.0,38.4,63.0,215.8,6.3,12.2,118.0,1002.7,1002.7,2.72,4.4
2024-06-22 07:25:00+02:00,14.2,14.2,13.7,12.7,90.0,18.7,84.0,57.5,0.0,0.0,0.0,23.7,0.0,38.4,63.0,215.8,7.3,10.8,130.0,1002.7,1002.7,2.7,4.4
2024-06-22 07:30:00+02:00,14.3,14.3,13.4,12.7,90.0,18.7,84.0,59.4,0.0,0.0,0.0,23.7,0.0,38.4,63.0,215.8,8.8,14.0,128.0,1002.7,1002.7,2.7,4.4
2024-06-22 07:35:00+02:00,14.4,14.4,13.9,12.8,90.0,18.8,83.0,48.3,0.0,0.0,0.0,23.7,0.0,38.4,63.0,215.8,7.1,14.4,135.0,1002.8,1002.8,2.72,4.4
2024-06-22 07:40:00+02:00,14.4,14.4,14.1,12.8,90.0,18.8,83.0,52.2,0.0,0.0,0.0,23.7,0.0,38.4,63.0,215.8,6.0,13.7,121.0,1002.9,1002.9,2.72,4.4
2024-06-22 07:45:00+02:00,14.5,14.5,13.9,12.8,89.0,18.8,83.0,55.3,0.0,0.0,0.0,23.7,0.0,38.4,63.0,215.8,7.6,16.2,119.0,1002.8,1002.8,2.7,4.5
2024-06-22 07:50:00+02:00,14.7,14.7,14.4,12.8,89.0,18.9,83.0,58.2,0.0,0.0,0.0,23.7,0.0,38.4,63.0,215.8,5.8,14.4,100.0,1002.8,1002.8,2.7,4.5
2024-06-22 07:55:00+02:00,14.8,14.8,14.9,13.0,89.0,18.9,83.0,69.8,0.0,0.0,0.0,23.7,0.0,38.4,63.0,215.8,4.4,10.8,97.0,1002.9,1002.9,2.72,4.4
2024-06-22 08:00:00+02:00,14.9,14.9,14.1,13.1,89.0,19.0,83.0,100.5,0.0,0.0,0.0,23.7,0.0,38.4,63.0,215.8,9.2,22.3,129.0,1002.9,1002.9,2.72,4.4
2024-06-22 08:05:00+02:00,15.2,15.2,14.8,13.3,88.0,19.0,83.0,110.3,1.0,0.0,0.0,23.7,0.0,38.4,63.0,215.8,7.0,16.2,127.0,1002.8,1002.8,2.7,4.5
2024-06-22 08:10:00+02:00,15.3,15.3,14.6,13.1,87.0,19.0,83.0,83.4,0.0,0.0,0.0,23.7,0.0,38.4,63.0,215.8,9.0,19.8,127.0,1002.7,1002.7,2.7,4.5
2024-06-22 08:15:00+02:00,15.4,15.4,15.1,13.2,87.0,19.0,83.0,84.7,0.0,0.0,0.0,23.7,0.0,38.4,63.0,215.8,6.8,19.1,118.0,1002.8,1002.8,2.7,4.5
2024-06-22 08:20:00+02:00,15.6,15.6,14.8,13.1,85.0,19.1,83.0,95.5,0.0,0.0,0.0,23.7,0.0,38.4,63.0,215.8,9.3,18.0,114.0,1002.9,1002.9,2.7,4.5
2024-06-22 08:25:00+02:00,15.8,15.8,15.5,13.4,86.0,19.1,83.0,146.9,1.0,0.0,0.0,23.7,0.0,38.4,63.0,215.8,7.1,14.8,134.0,1003.0,1003.0,2.7,4.5
2024-06-22 08:30:00+02:00,16.0,16.0,16.2,13.3,84.0,19.2,83.0,213.0,1.0,0.0,0.0,23.7,0.0,38.4,63.0,215.8,4.0,12.2,113.0,1003.0,1003.0,2.7,4.5
2024-06-22 08:35:00+02:00,16.2,16.2,16.6,13.4,83.0,19.2,83.0,208.1,1.0,0.0,0.0,23.7,0.0,38.4,63.0,215.8,3.5,12.2,108.0,1003.1,1003.1,2.7,4.6
2024-06-22 08:40:00+02:00,16.2,16.2,16.0,13.5,84.0,19.3,83.0,205.8,1.0,0.0,0.0,23.7,0.0,38.4,63.0,215.8,6.5,14.4,123.0,1003.1,1003.1,2.7,4.6
2024-06-22 08:45:00+02:00,16.2,16.2,16.1,13.3,83.0,19.3,84.0,173.4,1.0,0.0,0.0,23.7,0.0,38.4,63.0,215.8,5.8,13.7,110.0,1003.1,1003.1,2.7,4.7
2024-06-22 08:50:00+02:00,16.2,16.2,15.6,13.3,83.0,19.4,84.0,189.5,1.0,0.0,0.0,23.7,0.0,38.4,63.0,215.8,8.3,16.2,126.0,1003.0,1003.0,2.7,4.7
2024-06-22 08:55:00+02:00,16.1,16.1,15.7,13.2,83.0,19.5,84.0,193.4,1.0,0.0,0.0,23.7,0.0,38.4,63.0,215.8,7.3,11.5,122.0,1003.0,1003.0,2.7,4.8
2024-06-22 09:00:00+02:00,16.3,16.3,16.5,13.5,83.0,19.5,85.0,221.6,2.0,0.0,0.0,23.7,0.0,38.4,63.0,215.8,4.7,11.5,113.0,1003.0,1003.0,2.7,4.8
2024-06-22 09:05:00+02:00,16.5,16.5,16.5,13.4,82.0,19.6,85.0,324.1,3.0,0.0,0.0,23.7,0.0,38.4,63.0,215.8,5.5,13.3,99.0,1003.1,1003.1,2.7,4.8
2024-06-22 09:10:00+02:00,16.8,16.8,17.0,13.3,80.0,19.7,85.0,295.7,2.0,0.0,0.0,23.7,0.0,38.4,63.0,215.8,4.2,13.3,122.0,1003.0,1003.0,2.7,4.8
2024-06-22 09:15:00+02:00,17.3,17.3,18.1,13.7,79.0,19.8,85.0,252.6,2.0,0.0,0.0,23.7,0.0,38.4,63.0,215.8,2.2,5.8,173.0,1003.1,1003.1,2.7,5.0
2024-06-22 09:20:00+02:00,17.2,17.2,17.4,13.4,78.0,20.0,85.0,239.9,2.0,0.0,0.0,23.7,0.0,38.4,63.0,215.8,4.2,9.7,144.0,1003.0,1003.0,2.7,5.0
2024-06-22 09:25:00+02:00,17.0,17.0,17.1,13.5,80.0,20.1,85.0,387.6,3.0,0.0,0.0,23.7,0.0,38.4,63.0,215.8,5.3,15.5,128.0,1002.9,1002.9,2.7,5.0
2024-06-22 09:30:00+02:00,17.1,17.1,17.0,13.6,80.0,20.2,85.0,569.5,5.0,0.0,0.0,23.7,0.0,38.4,63.0,215.8,6.0,9.7,114.0,1002.9,1002.9,2.7,5.0
2024-06-22 09:35:00+02:00,17.6,17.6,18.1,13.7,78.0,20.3,85.0,563.5,5.0,0.0,0.0,23.7,0.0,38.4,63.0,215.8,3.5,9.7,159.0,1002.9,1002.9,2.7,5.1
2024-06-22 09:40:00+02:00,18.2,18.2,17.7,13.8,75.0,20.5,85.0,553.4,5.0,0.0,0.0,23.7,0.0,38.4,63.0,215.8,8.8,18.4,112.0,1002.9,1002.9,2.7,5.1
2024-06-22 09:45:00+02:00,18.3,18.3,18.4,13.9,76.0,20.7,85.0,528.8,4.0,0.0,0.0,23.7,0.0,38.4,63.0,215.8,5.5,12.2,108.0,1002.9,1002.9,2.7,5.2
2024-06-22 09:50:00+02:00,18.2,18.2,18.0,13.7,75.0,20.9,85.0,567.7,5.0,0.0,0.0,23.7,0.0,38.4,63.0,215.8,7.3,16.9,146.0,1002.9,1002.9,2.7,5.2
2024-06-22 09:55:00+02:00,18.8,18.8,19.4,13.7,72.0,21.2,85.0,581.1,5.0,0.0,0.0,23.7,0.0,38.4,63.0,215.8,3.0,8.6,291.0,1002.8,1002.8,2.7,5.2
2024-06-22 10:00:00+02:00,19.3,19.3,19.9,14.0,71.0,21.4,85.0,569.1,5.0,0.0,0.0,23.7,0.0,38.4,63.0,215.8,3.2,11.5,146.0,1002.8,1002.8,2.7,5.2
2024-06-22 10:05:00+02:00,19.4,19.4,20.0,14.0,71.0,21.6,85.0,596.1,5.0,0.0,0.0,23.7,0.0,38.4,63.0,215.8,3.8,6.8,216.0,1002.9,1002.9,2.7,5.2
2024-06-22 10:10:00+02:00,19.7,19.7,20.2,14.2,71.0,21.8,85.0,670.4,6.0,0.0,0.0,23.7,0.0,38.4,63.0,215.8,3.7,12.2,167.0,1002.8,1002.8,2.7,5.2
2024-06-22 10:15:00+02:00,19.7,19.7,20.4,14.3,71.0,22.1,85.0,739.8,6.0,0.0,0.0,23.7,0.0,38.4,63.0,215.8,3.5,9.4,167.0,1002.9,1002.9,2.7,5.2
2024-06-22 10:20:00+02:00,20.2,20.2,21.6,14.3,69.0,22.2,85.0,473.3,4.0,0.0,0.0,23.7,0.0,38.4,63.0,215.8,0.0,8.3,2.0,1002.9,1002.9,2.7,5.2
2024-06-22 10:30:00+02:00,19.5,19.5,19.9,14.1,71.0,22.8,85.0,213.7,1.0,0.0,0.0,23.7,0.0,38.4,63.0,215.8,4.6,8.6,257.0,1003.0,1003.0,2.7,5.3
2024-06-22 10:35:00+02:00,19.1,19.1,19.9,14.1,73.0,22.8,85.0,215.9,2.0,0.0,0.0,23.7,0.0,38.4,63.0,215.8,2.3,11.2,195.0,1002.9,1002.9,2.7,5.3
2024-06-22 10:40:00+02:00,18.8,18.8,19.7,14.2,75.0,23.0,84.0,193.5,1.0,0.0,0.0,23.7,0.0,38.4,63.0,215.8,2.4,10.1,66.0,1002.9,1002.9,2.7,5.3
2024-06-22 10:45:00+02:00,18.6,18.6,19.2,14.1,75.0,23.1,84.0,378.4,3.0,0.0,0.0,23.7,0.0,38.4,63.0,215.8,3.0,10.1,106.0,1002.8,1002.8,2.7,5.3
2024-06-22 10:50:00+02:00,18.8,18.8,18.8,14.2,75.0,23.2,84.0,724.9,6.0,0.0,0.0,23.7,0.0,38.4,63.0,215.8,7.1,15.1,132.0,1002.9,1002.9,2.7,5.3
2024-06-22 10:55:00+02:00,19.2,19.2,19.5,14.1,73.0,23.3,83.0,721.4,6.0,0.0,0.0,23.7,0.0,38.4,63.0,215.8,5.0,15.5,114.0,1002.9,1002.9,2.7,5.3
2024-06-22 11:00:00+02:00,19.5,19.5,19.9,14.2,71.0,23.5,83.0,629.6,5.0,0.0,0.0,23.7,0.0,38.4,63.0,215.8,4.5,13.0,163.0,1002.9,1002.9,2.7,5.3
2024-06-22 11:05:00+02:00,19.4,19.4,20.3,14.1,71.0,23.7,83.0,576.3,5.0,0.0,0.0,23.7,0.0,38.4,63.0,215.8,2.4,11.9,279.0,1002.9,1002.9,2.7,5.3
2024-06-22 11:10:00+02:00,19.9,19.9,21.0,14.5,71.0,23.8,83.0,726.4,6.0,0.0,0.0,23.7,0.0,38.4,63.0,215.8,1.9,8.6,125.0,1002.9,1002.9,2.7,5.3
2024-06-22 11:15:00+02:00,20.4,20.4,20.9,14.1,67.0,23.9,83.0,695.3,6.0,0.0,0.0,23.7,0.0,38.4,63.0,215.8,4.2,10.1,95.0,1002.9,1002.9,2.7,5.3
2024-06-22 11:20:00+02:00,20.1,20.1,20.7,14.5,70.0,24.1,82.0,675.9,6.0,0.0,0.0,23.7,0.0,38.4,63.0,215.8,4.2,10.1,134.0,1002.8,1002.8,2.7,5.3
2024-06-22 11:25:00+02:00,20.4,20.4,20.9,14.4,69.0,24.2,83.0,718.8,6.0,0.0,0.0,23.7,0.0,38.4,63.0,215.8,4.9,15.5,153.0,1002.9,1002.9,2.7,5.3
2024-06-22 11:30:00+02:00,19.9,19.9,19.8,14.2,69.0,24.5,82.0,676.9,6.0,0.0,0.0,23.7,0.0,38.4,63.0,215.8,7.7,17.6,117.0,1003.0,1003.0,2.7,5.3
2024-06-22 11:35:00+02:00,19.7,19.7,19.3,13.9,69.0,24.7,82.0,652.7,6.0,0.0,0.0,23.7,0.0,38.4,63.0,215.8,8.4,26.6,112.0,1003.0,1003.0,2.7,5.3
2024-06-22 11:40:00+02:00,19.8,19.8,19.4,14.0,70.0,24.9,82.0,638.0,5.0,0.0,0.0,23.7,0.0,38.4,63.0,215.8,8.4,15.5,124.0,1003.0,1003.0,2.7,5.3
2024-06-22 11:45:00+02:00,19.8,19.8,19.3,13.8,68.0,25.0,81.0,684.9,6.0,0.0,0.0,23.7,0.0,38.4,63.0,215.8,8.6,17.6,117.0,1003.0,1003.0,2.7,5.3
2024-06-22 11:50:00+02:00,20.0,20.0,19.4,14.2,69.0,25.2,81.0,670.2,6.0,0.0,0.0,23.7,0.0,38.4,63.0,215.8,9.9,22.0,124.0,1003.0,1003.0,2.7,5.3
2024-06-22 11:55:00+02:00,20.4,20.4,20.5,13.3,64.0,25.4,81.0,433.3,4.0,0.0,0.0,23.7,0.0,38.4,63.0,215.8,4.5,11.9,106.0,1003.0,1003.0,2.7,5.3
2024-06-22 12:00:00+02:00,20.6,20.6,20.7,13.6,64.0,25.6,81.0,344.9,3.0,0.0,0.0,23.7,0.0,38.4,63.0,215.8,4.9,13.3,143.0,1003.1,1003.1,2.7,5.3
2024-06-22 12:05:00+02:00,20.3,20.3,20.6,13.5,65.0,25.8,80.0,349.6,3.0,0.0,0.0,23.7,0.0,38.4,63.0,215.8,4.0,13.3,144.0,1003.0,1003.0,2.7,5.3
2024-06-22 12:10:00+02:00,20.1,20.1,20.1,13.1,64.0,25.9,80.0,298.7,2.0,0.0,0.0,23.7,0.0,38.4,63.0,215.8,5.0,15.8,161.0,1003.1,1003.1,2.7,5.3
2024-06-22 12:15:00+02:00,20.5,20.5,21.2,13.3,63.0,26.0,80.0,282.2,2.0,0.0,0.0,23.7,0.0,38.4,63.0,215.8,1.7,7.6,303.0,1003.1,1003.1,2.7,5.3
2024-06-22 12:20:00+02:00,20.6,20.6,20.7,13.0,62.0,26.1,80.0,290.9,2.0,0.0,0.0,23.7,0.0,38.4,63.0,215.8,4.2,9.0,280.0,1003.0,1003.0,2.7,5.3
2024-06-22 12:25:00+02:00,20.3,20.3,20.6,13.2,64.0,26.2,80.0,748.8,6.0,0.0,0.0,23.7,0.0,38.4,63.0,215.8,3.5,5.8,167.0,1003.1,1003.1,2.7,5.3
2024-06-22 12:30:00+02:00,20.9,20.9,20.9,12.7,60.0,26.3,80.0,706.4,6.0,0.0,0.0,23.7,0.0,38.4,63.0,215.8,4.6,14.8,267.0,1003.1,1003.1,2.7,5.3
2024-06-22 12:35:00+02:00,21.5,21.5,21.5,12.5,57.0,26.3,80.0,646.2,6.0,0.0,0.0,23.7,0.0,38.4,63.0,215.8,4.2,18.7,172.0,1003.2,1003.2,2.7,5.3
2024-06-22 12:40:00+02:00,21.9,21.9,21.8,12.1,54.0,26.4,79.0,689.3,6.0,0.0,0.0,23.7,0.0,38.4,63.0,215.8,4.0,12.6,174.0,1003.2,1003.2,2.7,5.3
2024-06-22 12:45:00+02:00,21.3,21.3,20.8,12.0,55.0,26.5,79.0,668.8,6.0,0.0,0.0,23.7,0.0,38.4,63.0,215.8,5.8,16.9,111.0,1003.2,1003.2,2.7,5.3
2024-06-22 12:50:00+02:00,21.9,21.9,22.0,11.8,52.0,26.7,79.0,673.6,6.0,0.0,0.0,23.7,0.0,38.4,63.0,215.8,2.5,11.2,188.0,1003.2,1003.2,2.7,5.3
2024-06-22 12:55:00+02:00,21.4,21.4,20.9,11.3,52.0,26.9,79.0,645.1,5.0,0.0,0.0,23.7,0.0,38.4,63.0,215.8,5.0,18.0,76.0,1003.2,1003.2,2.7,5.3
2024-06-22 13:00:00+02:00,21.8,21.8,21.0,10.3,48.0,27.0,79.0,633.0,5.0,0.0,0.0,23.7,0.0,38.4,63.0,215.8,4.9,14.8,229.0,1003.2,1003.2,2.7,5.3
2024-06-22 13:05:00+02:00,22.1,22.1,21.7,10.8,49.0,27.2,79.0,630.9,5.0,0.0,0.0,23.7,0.0,38.4,63.0,215.8,3.3,9.7,166.0,1003.3,1003.3,2.7,5.3
2024-06-22 13:10:00+02:00,22.3,22.3,22.1,12.2,53.0,27.3,79.0,641.8,5.0,0.0,0.0,23.7,0.0,38.4,63.0,215.8,4.6,14.8,121.0,1003.4,1003.4,2.7,5.3
2024-06-22 13:15:00+02:00,21.8,21.8,21.3,12.1,54.0,27.5,78.0,645.0,5.0,0.0,0.0,23.7,0.0,38.4,63.0,215.8,5.5,14.8,125.0,1003.3,1003.3,2.7,5.3
2024-06-22 13:20:00+02:00,21.4,21.4,20.5,11.6,54.0,27.6,78.0,682.6,6.0,0.0,0.0,23.7,0.0,38.4,63.0,215.8,7.3,18.4,209.0,1003.2,1003.2,2.7,5.3
2024-06-22 13:25:00+02:00,22.1,22.1,22.3,12.8,55.0,27.7,79.0,678.8,6.0,0.0,0.0,23.7,0.0,38.4,63.0,215.8,3.4,15.5,145.0,1003.2,1003.2,2.7,5.3
2024-06-22 13:30:00+02:00,22.0,22.0,21.6,12.6,55.0,28.0,79.0,661.9,6.0,0.0,0.0,23.7,0.0,38.4,63.0,215.8,5.9,13.3,148.0,1003.3,1003.3,2.7,5.3
2024-06-22 13:35:00+02:00,21.4,21.4,20.9,12.7,58.0,28.1,79.0,230.7,2.0,0.0,0.0,23.7,0.0,38.4,63.0,215.8,6.9,15.1,275.0,1003.3,1003.3,2.7,5.3
2024-06-22 13:40:00+02:00,21.3,21.3,21.4,12.1,56.0,28.1,80.0,684.1,6.0,0.0,0.0,23.7,0.0,38.4,63.0,215.8,3.0,15.1,239.0,1003.2,1003.2,2.7,5.3
2024-06-22 13:45:00+02:00,21.3,21.3,20.8,12.4,57.0,28.2,80.0,306.3,2.0,0.0,0.0,23.7,0.0,38.4,63.0,215.8,6.4,19.1,253.0,1003.3,1003.3,2.7,5.3
2024-06-22 13:50:00+02:00,21.1,21.1,21.1,12.3,57.0,28.2,80.0,669.9,6.0,0.0,0.0,23.7,0.0,38.4,63.0,215.8,3.6,15.5,247.0,1003.4,1003.4,2.7,5.3
2024-06-22 13:55:00+02:00,21.8,21.8,21.1,12.3,55.0,28.2,80.0,697.2,6.0,0.0,0.0,23.7,0.0,38.4,63.0,215.8,7.1,14.4,239.0,1003.3,1003.3,2.7,5.3
2024-06-22 14:00:00+02:00,21.7,21.7,21.7,13.4,60.0,28.3,81.0,684.8,6.0,0.0,0.0,23.7,0.0,38.4,63.0,215.8,5.4,17.3,134.0,1003.4,1003.4,2.7,5.3
2024-06-22 14:05:00+02:00,21.3,21.3,20.9,12.4,57.0,28.3,81.0,686.3,6.0,0.0,0.0,23.7,0.0,38.4,63.0,215.8,5.8,14.4,131.0,1003.2,1003.2,2.7,5.3
2024-06-22 14:10:00+02:00,22.5,22.5,22.5,12.3,53.0,28.3,81.0,665.7,6.0,0.0,0.0,23.7,0.0,38.4,63.0,215.8,3.6,7.9,217.0,1003.4,1003.4,2.7,5.3
2024-06-22 14:15:00+02:00,22.4,22.4,22.1,12.1,52.0,28.4,81.0,684.4,6.0,0.0,0.0,23.7,0.0,38.4,63.0,215.8,4.6,15.8,182.0,1003.3,1003.3,2.7,5.3
2024-06-22 14:20:00+02:00,22.6,22.6,22.5,11.9,51.0,28.4,81.0,698.6,6.0,0.0,0.0,23.7,0.0,38.4,63.0,215.8,3.4,11.9,213.0,1003.4,1003.4,2.7,5.3
2024-06-22 14:25:00+02:00,23.3,23.3,23.3,12.1,49.0,28.5,81.0,696.0,6.0,0.0,0.0,23.7,0.0,38.4,63.0,215.8,3.8,9.7,183.0,1003.3,1003.3,2.7,5.3
2024-06-22 14:30:00+02:00,24.1,24.1,24.6,13.4,51.0,28.6,81.0,710.7,6.0,0.0,0.0,23.7,0.0,38.4,63.0,215.8,2.7,13.0,182.0,1003.3,1003.3,2.7,5.3
2024-06-22 14:35:00+02:00,23.9,23.9,23.6,12.7,50.0,28.6,81.0,615.4,5.0,0.0,0.0,23.7,0.0,38.4,63.0,215.8,5.4,12.2,264.0,1003.4,1003.4,2.7,5.3
2024-06-22 14:40:00+02:00,22.6,22.6,22.0,12.4,52.0,28.6,81.0,726.4,6.0,0.0,0.0,23.7,0.0,38.4,63.0,215.8,6.8,16.2,275.0,1003.4,1003.4,2.7,5.3
2024-06-22 14:45:00+02:00,23.7,23.7,23.5,12.3,49.0,28.7,81.0,689.5,6.0,0.0,0.0,23.7,0.0,38.4,63.0,215.8,4.5,13.7,248.0,1003.4,1003.4,2.7,5.3
2024-06-22 14:50:00+02:00,23.8,23.8,23.9,12.8,50.0,28.7,81.0,522.1,4.0,0.0,0.0,23.7,0.0,38.4,63.0,215.8,3.7,9.4,237.0,1003.5,1003.5,2.7,5.3
2024-06-22 14:55:00+02:00,22.6,22.6,21.6,11.9,51.0,28.8,81.0,688.0,6.0,0.0,0.0,23.7,0.0,38.4,63.0,215.8,8.3,19.8,287.0,1003.5,1003.5,2.7,5.3
2024-06-22 15:00:00+02:00,23.3,23.3,23.0,11.8,49.0,28.8,81.0,659.2,6.0,0.0,0.0,23.7,0.0,38.4,63.0,215.8,4.5,15.1,188.0,1003.6,1003.6,2.7,5.3
2024-06-22 15:05:00+02:00,24.0,24.0,23.6,12.1,47.0,28.7,81.0,684.5,6.0,0.0,0.0,23.7,0.0,38.4,63.0,215.8,5.5,13.0,287.0,1003.5,1003.5,2.7,5.3
2024-06-22 15:10:00+02:00,23.6,23.6,23.7,12.4,49.0,28.8,82.0,262.8,2.0,0.0,0.0,23.7,0.0,38.4,63.0,215.8,3.3,14.0,178.0,1003.6,1003.6,2.7,5.3
2024-06-22 15:15:00+02:00,23.2,23.2,23.2,12.5,51.0,28.8,81.0,705.1,6.0,0.0,0.0,23.7,0.0,38.4,63.0,215.8,3.7,8.6,216.0,1003.5,1003.5,2.7,5.3
2024-06-22 15:20:00+02:00,23.9,23.9,23.8,12.6,49.0,28.9,81.0,681.5,6.0,0.0,0.0,23.7,0.0,38.4,63.0,215.8,4.8,13.3,156.0,1003.5,1003.5,2.7,5.3
2024-06-22 15:25:00+02:00,23.0,23.0,23.1,12.2,51.0,29.0,81.0,685.4,6.0,0.0,0.0,23.7,0.0,38.4,63.0,215.8,2.8,14.4,152.0,1003.5,1003.5,2.7,5.3
2024-06-22 15:30:00+02:00,24.0,24.0,24.0,12.6,49.0,29.0,81.0,677.0,6.0,0.0,0.0,23.7,0.0,38.4,63.0,215.8,4.2,13.0,259.0,1003.5,1003.5,2.7,5.3
2024-06-22 15:35:00+02:00,24.2,24.2,24.0,12.6,48.0,29.0,81.0,638.3,5.0,0.0,0.0,23.7,0.0,38.4,63.0,215.8,5.2,15.1,114.0,1003.5,1003.5,2.7,5.3
2024-06-22 15:40:00+02:00,23.6,23.6,23.3,12.7,51.0,29.0,82.0,610.7,5.0,0.0,0.0,23.7,0.0,38.4,63.0,215.8,5.9,18.4,170.0,1003.5,1003.5,2.7,5.3
2024-06-22 15:45:00+02:00,23.0,23.0,23.6,12.8,53.0,29.0,82.0,628.4,5.0,0.0,0.0,23.7,0.0,38.4,63.0,215.8,1.7,18.4,176.0,1003.6,1003.6,2.7,5.3
2024-06-22 15:50:00+02:00,23.3,23.3,23.1,12.4,50.0,29.0,81.0,623.0,5.0,0.0,0.0,23.7,0.0,38.4,63.0,215.8,4.8,11.5,267.0,1003.7,1003.7,2.7,5.3
2024-06-22 15:55:00+02:00,23.4,23.4,23.3,12.6,51.0,29.0,82.0,623.6,5.0,0.0,0.0,23.7,0.0,38.4,63.0,215.8,4.2,10.1,209.0,1003.8,1003.8,2.7,5.3
2024-06-22 16:00:00+02:00,22.7,22.7,22.0,12.3,52.0,28.9,82.0,582.5,5.0,0.0,0.0,23.7,0.0,38.4,63.0,215.8,7.3,21.6,254.0,1003.7,1003.7,2.7,5.3
2024-06-22 16:05:00+02:00,23.0,23.0,22.8,12.8,53.0,28.9,82.0,602.5,5.0,0.0,0.0,23.7,0.0,38.4,63.0,215.8,5.1,11.2,132.0,1003.7,1003.7,2.7,5.3
2024-06-22 16:10:00+02:00,23.1,23.1,23.3,12.9,53.0,28.9,82.0,598.7,5.0,0.0,0.0,23.7,0.0,38.4,63.0,215.8,3.5,11.2,132.0,1003.7,1003.7,2.7,5.3
2024-06-22 16:15:00+02:00,23.5,23.5,23.5,12.7,51.0,29.0,82.0,582.0,5.0,0.0,0.0,23.7,0.0,38.4,63.0,215.8,4.4,10.1,159.0,1003.8,1003.8,2.7,5.3
2024-06-22 16:20:00+02:00,24.4,24.4,24.5,12.7,48.0,29.0,82.0,585.5,5.0,0.0,0.0,23.7,0.0,38.4,63.0,215.8,3.8,18.7,255.0,1003.8,1003.8,2.7,5.3
2024-06-22 16:25:00+02:00,25.1,25.1,25.7,13.4,48.0,29.1,82.0,580.1,5.0,0.0,0.0,23.7,0.0,38.4,63.0,215.8,2.5,6.8,199.0,1003.7,1003.7,2.7,5.3
2024-06-22 16:30:00+02:00,25.0,25.0,25.1,12.9,47.0,29.1,82.0,528.5,4.0,0.0,0.0,23.7,0.0,38.4,63.0,215.8,4.0,15.5,182.0,1003.7,1003.7,2.7,5.3
2024-06-22 16:35:00+02:00,23.6,23.6,23.3,12.5,50.0,29.1,83.0,144.8,1.0,0.0,0.0,23.7,0.0,38.4,63.0,215.8,5.3,9.7,254.0,1003.8,1003.8,2.7,5.3
2024-06-22 16:40:00+02:00,22.8,22.8,21.9,12.0,51.0,29.1,83.0,510.7,4.0,0.0,0.0,23.7,0.0,38.4,63.0,215.8,7.6,14.0,263.0,1003.8,1003.8,2.7,5.3
2024-06-22 16:45:00+02:00,22.9,22.9,22.9,11.8,49.0,29.1,83.0,526.6,4.0,0.0,0.0,23.7,0.0,38.4,63.0,215.8,2.7,13.7,150.0,1003.8,1003.8,2.7,5.3
2024-06-22 16:50:00+02:00,23.1,23.1,22.3,12.2,50.0,29.1,83.0,439.7,4.0,0.0,0.0,23.7,0.0,38.4,63.0,215.8,7.6,16.6,260.0,1003.9,1003.9,2.7,5.3
2024-06-22 16:55:00+02:00,22.7,22.7,21.8,11.9,51.0,29.1,83.0,471.4,4.0,0.0,0.0,23.7,0.0,38.4,63.0,215.8,7.6,16.6,292.0,1003.9,1003.9,2.7,5.3
2024-06-22 17:00:00+02:00,22.3,22.3,22.2,11.6,51.0,29.1,83.0,459.4,4.0,0.0,0.0,23.7,0.0,38.4,63.0,215.8,3.2,13.3,167.0,1003.9,1003.9,2.7,5.3
2024-06-22 17:05:00+02:00,22.4,22.4,22.5,11.9,51.0,29.1,83.0,475.4,4.0,0.0,0.0,23.7,0.0,38.4,63.0,215.8,2.5,9.4,247.0,1003.9,1003.9,2.7,5.3
2024-06-22 17:10:00+02:00,22.4,22.4,20.9,11.9,52.0,29.1,83.0,467.9,4.0,0.0,0.0,23.7,0.0,38.4,63.0,215.8,10.7,27.0,279.0,1003.8,1003.8,2.7,5.3
2024-06-22 17:15:00+02:00,22.3,22.3,21.8,11.7,51.0,29.0,83.0,451.1,4.0,0.0,0.0,23.7,0.0,38.4,63.0,215.8,5.5,17.3,276.0,1003.8,1003.8,2.7,5.3
2024-06-22 17:20:00+02:00,23.1,23.1,22.7,11.9,49.0,29.0,83.0,412.7,3.0,0.0,0.0,23.7,0.0,38.4,63.0,215.8,5.3,14.0,289.0,1003.8,1003.8,2.7,5.3
2024-06-22 17:25:00+02:00,22.8,22.8,22.3,12.1,51.0,29.0,83.0,394.9,3.0,0.0,0.0,23.7,0.0,38.4,63.0,215.8,6.2,10.8,294.0,1004.0,1004.0,2.7,5.3
2024-06-22 17:30:00+02:00,22.7,22.7,21.9,12.1,51.0,29.0,83.0,375.3,3.0,0.0,0.0,23.7,0.0,38.4,63.0,215.8,7.2,12.6,283.0,1003.9,1003.9,2.7,5.3
2024-06-22 17:35:00+02:00,23.1,23.1,22.2,12.0,50.0,29.0,83.0,376.3,3.0,0.0,0.0,23.7,0.0,38.4,63.0,215.8,7.6,16.6,259.0,1003.9,1003.9,2.7,5.3
2024-06-22 17:40:00+02:00,22.9,22.9,22.6,12.0,50.0,29.0,83.0,146.7,1.0,0.0,0.0,23.7,0.0,38.4,63.0,215.8,4.4,9.4,278.0,1003.9,1003.9,2.7,5.3
2024-06-22 17:45:00+02:00,22.5,22.5,22.2,11.8,51.0,29.0,83.0,143.5,1.0,0.0,0.0,23.7,0.0,38.4,63.0,215.8,4.1,14.0,274.0,1003.9,1003.9,2.7,5.3
2024-06-22 17:50:00+02:00,21.9,21.9,21.7,11.8,53.0,28.9,83.0,111.6,1.0,0.0,0.0,23.7,0.0,38.4,63.0,215.8,3.9,6.8,189.0,1004.0,1004.0,2.7,5.3
2024-06-22 17:55:00+02:00,21.8,21.8,22.0,12.0,54.0,28.9,83.0,94.6,0.0,0.0,0.0,23.7,0.0,38.4,63.0,215.8,1.8,6.5,278.0,1004.0,1004.0,2.7,5.3
2024-06-22 18:00:00+02:00,21.9,21.9,22.2,12.0,53.0,28.9,83.0,104.6,0.0,0.0,0.0,23.7,0.0,38.4,63.0,215.8,1.8,4.7,254.0,1003.9,1003.9,2.7,5.3
2024-06-22 18:05:00+02:00,22.0,22.0,22.0,11.5,51.0,28.8,83.0,292.2,2.0,0.0,0.0,23.7,0.0,38.4,63.0,215.8,2.4,4.7,262.0,1004.0,1004.0,2.7,5.3
2024-06-22 18:10:00+02:00,22.2,22.2,21.5,11.5,51.0,28.8,83.0,311.4,2.0,0.0,0.0,23.7,0.0,38.4,63.0,215.8,5.7,16.2,263.0,1003.9,1003.9,2.7,5.3
2024-06-22 18:15:00+02:00,21.9,21.9,21.5,11.3,51.0,28.8,83.0,313.1,2.0,0.0,0.0,23.7,0.0,38.4,63.0,215.8,4.4,13.7,266.0,1004.0,1004.0,2.7,5.3
2024-06-22 18:20:00+02:00,22.1,22.1,21.9,11.6,51.0,28.7,83.0,146.9,1.0,0.0,0.0,23.7,0.0,38.4,63.0,215.8,3.7,13.7,224.0,1004.0,1004.0,2.7,5.3
2024-06-22 18:25:00+02:00,21.9,21.9,21.4,11.5,52.0,28.7,83.0,107.5,0.0,0.0,0.0,23.7,0.0,38.4,63.0,215.8,5.0,10.1,279.0,1004.1,1004.1,2.7,5.3
2024-06-22 18:30:00+02:00,21.4,21.4,21.6,11.7,54.0,28.6,83.0,93.6,0.0,0.0,0.0,23.7,0.0,38.4,63.0,215.8,1.9,8.6,152.0,1004.1,1004.1,2.7,5.3
2024-06-22 18:35:00+02:00,21.5,21.5,21.7,11.9,54.0,28.5,83.0,88.1,0.0,0.0,0.0,23.7,0.0,38.4,63.0,215.8,1.9,7.2,155.0,1004.0,1004.0,2.7,5.3
2024-06-22 18:40:00+02:00,21.5,21.5,21.8,11.8,54.0,28.5,83.0,82.9,0.0,0.0,0.0,23.7,0.0,38.4,63.0,215.8,1.6,6.8,345.0,1004.0,1004.0,2.7,5.3
2024-06-22 18:45:00+02:00,21.6,21.6,20.9,11.4,52.0,28.4,83.0,156.3,1.0,0.0,0.0,23.7,0.0,38.4,63.0,215.8,5.8,14.0,267.0,1004.1,1004.1,2.7,5.3
2024-06-22 18:50:00+02:00,22.1,22.1,21.4,11.6,51.0,28.3,83.0,213.5,1.0,0.0,0.0,23.7,0.0,38.4,63.0,215.8,6.2,14.0,283.0,1004.1,1004.1,2.7,5.3
2024-06-22 18:55:00+02:00,21.8,21.8,21.1,11.5,52.0,28.3,83.0,210.0,1.0,0.0,0.0,23.7,0.0,38.4,63.0,215.8,6.5,15.8,254.0,1004.1,1004.1,2.7,5.3
2024-06-22 19:00:00+02:00,21.5,21.5,21.3,11.7,54.0,28.2,83.0,94.5,0.0,0.0,0.0,23.7,0.0,38.4,63.0,215.8,3.9,11.5,267.0,1004.1,1004.1,2.7,5.3
2024-06-22 19:05:00+02:00,21.5,21.5,21.4,11.8,54.0,28.2,84.0,92.7,0.0,0.0,0.0,23.7,0.0,38.4,63.0,215.8,3.2,7.9,285.0,1004.2,1004.2,2.7,5.3
2024-06-22 19:10:00+02:00,21.2,21.2,20.8,11.6,54.0,28.1,83.0,91.8,0.0,0.0,0.0,23.7,0.0,38.4,63.0,215.8,4.8,14.4,281.0,1004.2,1004.2,2.7,5.3
2024-06-22 19:15:00+02:00,21.2,21.2,21.2,11.5,54.0,28.1,83.0,86.1,0.0,0.0,0.0,23.7,0.0,38.4,63.0,215.8,2.2,6.1,312.0,1004.4,1004.4,2.7,5.3
2024-06-22 19:20:00+02:00,21.2,21.2,21.0,11.7,55.0,28.0,84.0,68.7,0.0,0.0,0.0,23.7,0.0,38.4,63.0,215.8,3.5,8.3,274.0,1004.2,1004.2,2.7,5.3
2024-06-22 19:25:00+02:00,21.0,21.0,20.8,11.8,56.0,27.9,83.0,52.1,0.0,0.0,0.0,23.7,0.0,38.4,63.0,215.8,4.0,6.8,280.0,1004.3,1004.3,2.7,5.2
2024-06-22 19:30:00+02:00,20.9,20.9,21.5,12.3,58.0,27.8,83.0,46.6,0.0,0.0,0.0,23.7,0.0,38.4,63.0,215.8,0.8,5.0,29.0,1004.2,1004.2,2.7,5.2
2024-06-22 19:35:00+02:00,20.8,20.8,21.1,12.1,57.0,27.8,84.0,39.1,0.0,0.0,0.0,23.7,0.0,38.4,63.0,215.8,1.9,5.0,286.0,1004.4,1004.4,2.7,5.2
2024-06-22 19:40:00+02:00,20.7,20.7,21.1,12.2,58.0,27.8,84.0,34.7,0.0,0.0,0.0,23.7,0.0,38.4,63.0,215.8,1.5,8.6,270.0,1004.4,1004.4,2.7,5.2
2024-06-22 19:45:00+02:00,20.7,20.7,21.1,12.2,58.0,27.7,84.0,33.6,0.0,0.0,0.0,23.7,0.0,38.4,63.0,215.8,1.2,5.0,257.0,1004.5,1004.5,2.7,5.2
2024-06-22 19:50:00+02:00,20.7,20.7,21.1,12.4,59.0,27.7,84.0,30.6,0.0,0.0,0.0,23.7,0.0,38.4,63.0,215.8,1.4,6.1,249.0,1004.5,1004.5,2.7,5.2
2024-06-22 19:55:00+02:00,20.6,20.6,20.9,12.2,59.0,27.7,83.0,28.8,0.0,0.0,0.0,23.7,0.0,38.4,63.0,215.8,1.7,7.9,195.0,1004.6,1004.6,2.7,5.2
2024-06-22 20:00:00+02:00,20.3,20.3,20.3,12.4,60.0,27.5,83.0,29.4,0.0,0.0,0.0,23.7,0.0,38.4,63.0,215.8,3.9,9.7,260.0,1004.8,1004.8,2.7,5.2
2024-06-22 20:05:00+02:00,20.3,20.3,20.6,12.7,62.0,27.5,83.0,29.7,0.0,0.0,0.0,23.7,0.0,38.4,63.0,215.8,2.7,7.6,272.0,1004.7,1004.7,2.7,5.2
2024-06-22 20:10:00+02:00,20.1,20.1,20.4,12.8,63.0,27.4,83.0,28.6,0.0,0.0,0.0,23.7,0.0,38.4,63.0,215.8,2.9,8.6,258.0,1004.8,1004.8,2.7,5.2
2024-06-22 20:15:00+02:00,20.0,20.0,20.1,12.7,63.0,27.4,83.0,26.9,0.0,0.0,0.0,23.7,0.0,38.4,63.0,215.8,3.7,8.3,287.0,1004.7,1004.7,2.7,5.2
2024-06-22 20:20:00+02:00,19.9,19.9,20.4,12.8,64.0,27.3,83.0,23.7,0.0,0.0,0.0,23.7,0.0,38.4,63.0,215.8,1.9,8.3,299.0,1004.9,1004.9,2.7,5.2
2024-06-22 20:25:00+02:00,19.8,19.8,20.2,12.8,64.0,27.3,83.0,23.0,0.0,0.0,0.0,23.7,0.0,38.4,63.0,215.8,2.5,7.9,275.0,1004.8,1004.8,2.7,5.2
2024-06-22 20:30:00+02:00,19.7,19.7,19.7,12.8,64.0,27.1,83.0,20.4,0.0,0.0,0.0,23.7,0.0,38.4,63.0,215.8,4.4,10.8,286.0,1004.9,1004.9,2.7,5.2
2024-06-22 20:35:00+02:00,19.5,19.5,19.3,12.7,65.0,27.1,83.0,17.6,0.0,0.0,0.0,23.7,0.0,38.4,63.0,215.8,5.5,15.1,269.0,1005.0,1005.0,2.7,5.2
2024-06-22 20:40:00+02:00,19.4,19.4,19.3,12.7,65.0,27.0,83.0,14.4,0.0,0.0,0.0,23.7,0.0,38.4,63.0,215.8,4.9,9.7,276.0,1004.9,1004.9,2.7,5.2
2024-06-22 20:45:00+02:00,19.3,19.3,19.2,12.6,65.0,26.9,83.0,14.7,0.0,0.0,0.0,23.7,0.0,38.4,63.0,215.8,5.1,10.1,292.0,1004.9,1004.9,2.7,5.2
2024-06-22 20:50:00+02:00,19.3,19.3,19.0,12.5,65.0,26.8,83.0,15.6,0.0,0.0,0.0,23.7,0.0,38.4,63.0,215.8,5.5,10.8,266.0,1004.9,1004.9,2.7,5.2
2024-06-22 20:55:00+02:00,19.2,19.2,19.6,12.6,66.0,26.8,83.0,15.5,0.0,0.0,0.0,23.7,0.0,38.4,63.0,215.8,2.0,5.8,214.0,1005.0,1005.0,2.7,5.2
2024-06-22 21:00:00+02:00,19.0,19.0,19.9,12.7,67.0,26.7,83.0,13.6,0.0,0.0,0.0,23.7,0.0,38.4,63.0,215.8,0.0,4.0,135.0,1005.1,1005.1,2.7,5.2
2024-06-22 21:05:00+02:00,18.8,18.8,19.7,12.8,68.0,26.6,83.0,12.3,0.0,0.0,0.0,23.7,0.0,38.4,63.0,215.8,0.0,2.2,81.0,1005.0,1005.0,2.7,5.2
2024-06-22 21:10:00+02:00,18.6,18.6,19.1,12.8,69.0,26.6,83.0,11.3,0.0,0.0,0.0,23.7,0.0,38.4,63.0,215.8,1.7,4.3,240.0,1004.9,1004.9,2.7,5.2
2024-06-22 21:15:00+02:00,18.5,18.5,19.1,12.8,69.0,26.4,83.0,10.4,0.0,0.0,0.0,23.7,0.0,38.4,63.0,215.8,1.4,4.3,290.0,1005.1,1005.1,2.7,5.2
2024-06-22 21:20:00+02:00,18.3,18.3,19.2,12.9,71.0,26.3,83.0,9.2,0.0,0.0,0.0,23.7,0.0,38.4,63.0,215.8,0.0,2.2,118.0,1005.0,1005.0,2.7,5.2
2024-06-22 21:25:00+02:00,17.9,17.9,18.7,12.8,72.0,26.3,83.0,8.1,0.0,0.0,0.0,23.7,0.0,38.4,63.0,215.8,0.4,2.5,115.0,1005.1,1005.1,2.7,5.2
2024-06-22 21:30:00+02:00,17.7,17.7,18.3,13.0,74.0,26.2,82.0,7.0,0.0,0.0,0.0,23.7,0.0,38.4,63.0,215.8,1.9,3.2,109.0,1005.2,1005.2,2.7,5.2
2024-06-22 21:35:00+02:00,17.4,17.4,17.9,12.9,75.0,26.1,82.0,5.8,0.0,0.0,0.0,23.7,0.0,38.4,63.0,215.8,2.2,4.0,118.0,1005.3,1005.3,2.7,5.2
2024-06-22 21:40:00+02:00,17.3,17.3,17.8,12.6,74.0,26.0,82.0,4.6,0.0,0.0,0.0,23.7,0.0,38.4,63.0,215.8,1.3,4.0,134.0,1005.3,1005.3,2.7,5.2
2024-06-22 21:45:00+02:00,17.3,17.3,17.8,12.3,73.0,25.9,82.0,3.5,0.0,0.0,0.0,23.7,0.0,38.4,63.0,215.8,1.3,4.0,140.0,1005.4,1005.4,2.7,5.2
2024-06-22 21:50:00+02:00,17.3,17.3,18.0,12.4,73.0,25.8,82.0,2.8,0.0,0.0,0.0,23.7,0.0,38.4,63.0,215.8,0.0,2.9,119.0,1005.5,1005.5,2.7,5.2
2024-06-22 21:55:00+02:00,17.1,17.1,17.7,12.1,72.0,25.7,82.0,1.9,0.0,0.0,0.0,23.7,0.0,38.4,63.0,215.8,0.0,4.0,128.0,1005.6,1005.6,2.7,5.2
2024-06-22 22:00:00+02:00,17.1,17.1,17.7,12.2,73.0,25.7,82.0,1.3,0.0,0.0,0.0,0.0,0.0,38.4,63.0,215.8,0.4,3.2,11.0,1005.8,1005.8,2.7,5.2
2024-06-22 22:05:00+02:00,17.0,17.0,17.6,12.2,73.0,25.6,82.0,0.8,0.0,0.0,0.0,0.0,0.0,38.4,63.0,215.8,0.7,3.2,119.0,1005.8,1005.8,2.7,5.1
2024-06-22 22:10:00+02:00,16.9,16.9,17.7,12.4,74.0,25.5,82.0,0.5,0.0,0.0,0.0,0.0,0.0,38.4,63.0,215.8,0.0,2.9,107.0,1006.0,1006.0,2.7,5.1
2024-06-22 22:15:00+02:00,16.8,16.8,17.3,12.4,76.0,25.4,82.0,0.2,0.0,0.0,0.0,0.0,0.0,38.4,63.0,215.8,1.2,2.5,123.0,1006.0,1006.0,2.7,5.1
2024-06-22 22:20:00+02:00,16.5,16.5,17.1,12.5,77.0,25.3,82.0,0.1,0.0,0.0,0.0,0.0,0.0,38.4,63.0,215.8,0.9,2.9,142.0,1005.9,1005.9,2.7,5.1
2024-06-22 22:25:00+02:00,16.4,16.4,16.8,12.5,78.0,25.2,82.0,0.1,0.0,0.0,0.0,0.0,0.0,38.4,63.0,215.8,1.7,2.9,121.0,1006.1,1006.1,2.7,5.1
2024-06-22 22:30:00+02:00,16.3,16.3,16.8,12.6,79.0,25.1,82.0,0.0,0.0,0.0,0.0,0.0,0.0,38.4,63.0,215.8,1.2,2.9,127.0,1006.1,1006.1,2.7,5.1
2024-06-22 22:35:00+02:00,16.2,16.2,16.7,12.5,79.0,25.0,82.0,0.0,0.0,0.0,0.0,0.0,0.0,38.4,63.0,215.8,1.2,3.2,116.0,1006.1,1006.1,2.7,5.1
2024-06-22 22:40:00+02:00,16.0,16.0,16.6,12.5,79.0,24.9,82.0,0.0,0.0,0.0,0.0,0.0,0.0,38.4,63.0,215.8,0.9,2.9,122.0,1006.2,1006.2,2.7,5.1
2024-06-22 22:45:00+02:00,16.0,16.0,16.4,12.5,80.0,24.8,82.0,0.0,0.0,0.0,0.0,0.0,0.0,38.4,63.0,215.8,1.9,3.2,120.0,1006.3,1006.3,2.7,5.1
2024-06-22 22:50:00+02:00,16.0,16.0,16.5,12.6,80.0,24.7,81.0,0.0,0.0,0.0,0.0,0.0,0.0,38.4,63.0,215.8,1.3,3.2,106.0,1006.4,1006.4,2.7,5.1
2024-06-22 22:55:00+02:00,15.8,15.8,16.2,12.6,81.0,24.7,81.0,0.0,0.0,0.0,0.0,0.0,0.0,38.4,63.0,215.8,2.2,3.6,114.0,1006.4,1006.4,2.7,5.1
2024-06-22 23:00:00+02:00,15.7,15.7,16.3,12.7,82.0,24.5,81.0,0.0,0.0,0.0,0.0,0.0,0.0,38.4,63.0,215.8,1.5,3.2,114.0,1006.6,1006.6,2.7,5.1
2024-06-22 23:05:00+02:00,15.6,15.6,16.1,12.6,82.0,24.4,81.0,0.0,0.0,0.0,0.0,0.0,0.0,38.4,63.0,215.8,1.7,3.2,125.0,1006.5,1006.5,2.7,5.1
2024-06-22 23:10:00+02:00,15.5,15.5,16.0,12.6,83.0,24.3,81.0,0.0,0.0,0.0,0.0,0.0,0.0,38.4,63.0,215.8,1.6,3.6,114.0,1006.5,1006.5,2.7,5.1
2024-06-22 23:15:00+02:00,15.4,15.4,15.7,12.5,83.0,24.2,81.0,0.0,0.0,0.0,0.0,0.0,0.0,38.4,63.0,215.8,2.7,4.7,103.0,1006.6,1006.6,2.7,5.1
2024-06-22 23:20:00+02:00,15.3,15.3,15.9,12.6,84.0,24.1,81.0,0.0,0.0,0.0,0.0,0.0,0.0,38.4,63.0,215.8,1.2,3.6,116.0,1006.6,1006.6,2.7,5.1
2024-06-22 23:25:00+02:00,15.2,15.2,15.7,12.6,84.0,24.0,81.0,0.0,0.0,0.0,0.0,0.0,0.0,38.4,63.0,215.8,1.6,2.5,125.0,1006.5,1006.5,2.7,5.1
2024-06-22 23:30:00+02:00,15.1,15.1,15.6,12.6,85.0,23.9,81.0,0.0,0.0,0.0,0.0,0.0,0.0,38.4,63.0,215.8,1.4,3.2,131.0,1006.8,1006.8,2.7,5.1
2024-06-22 23:35:00+02:00,14.9,14.9,15.4,12.4,85.0,23.8,81.0,0.0,0.0,0.0,0.0,0.0,0.0,38.4,63.0,215.8,1.3,2.9,122.0,1006.7,1006.7,2.7,5.1
2024-06-22 23:40:00+02:00,14.9,14.9,15.4,12.5,86.0,23.7,81.0,0.0,0.0,0.0,0.0,0.0,0.0,38.4,63.0,215.8,1.7,3.2,124.0,1006.8,1006.8,2.7,5.1
2024-06-22 23:45:00+02:00,14.8,14.8,15.1,12.5,86.0,23.6,81.0,0.0,0.0,0.0,0.0,0.0,0.0,38.4,63.0,215.8,2.5,3.2,126.0,1006.8,1006.8,2.7,5.1
2024-06-22 23:50:00+02:00,14.7,14.7,15.0,12.6,87.0,23.6,81.0,0.0,0.0,0.0,0.0,0.0,0.0,38.4,63.0,215.8,2.7,3.6,117.0,1006.9,1006.9,2.7,5.1
2024-06-22 23:55:00+02:00,14.6,14.6,14.9,12.5,87.0,23.5,81.0,0.0,0.0,0.0,0.0,0.0,0.0,38.4,63.0,215.8,2.3,3.2,124.0,1006.8,1006.8,2.7,5.0
2024-06-23 00:00:00+02:00,14.5,14.5,15.1,12.5,88.0,23.3,81.0,0.0,0.0,0.0,0.0,0.0,0.0,0.0,63.0,215.8,0.7,3.2,89.0,1007.0,1007.0,2.7,5.0
2024-06-23 00:05:00+02:00,14.3,14.3,14.8,12.4,88.0,23.3,81.0,0.0,0.0,0.0,0.0,0.0,0.0,0.0,63.0,215.8,1.6,3.2,112.0,1007.0,1007.0,2.7,5.0
2024-06-23 00:10:00+02:00,14.2,14.2,14.6,12.4,89.0,23.2,81.0,0.0,0.0,0.0,0.0,0.0,0.0,0.0,63.0,215.8,1.7,3.2,107.0,1007.1,1007.1,2.7,5.0
2024-06-23 00:15:00+02:00,14.2,14.2,14.3,12.4,89.0,23.1,81.0,0.0,0.0,0.0,0.0,0.0,0.0,0.0,63.0,215.8,2.7,4.0,113.0,1007.0,1007.0,2.7,5.0
2024-06-23 00:20:00+02:00,14.0,14.0,14.2,12.4,90.0,23.0,81.0,0.0,0.0,0.0,0.0,0.0,0.0,0.0,63.0,215.8,2.8,3.6,116.0,1007.1,1007.1,2.7,5.0
2024-06-23 00:25:00+02:00,13.9,13.9,14.1,12.3,90.0,22.9,81.0,0.0,0.0,0.0,0.0,0.0,0.0,0.0,63.0,215.8,2.7,3.6,105.0,1007.1,1007.1,2.7,5.0
2024-06-23 00:30:00+02:00,13.8,13.8,14.0,12.4,91.0,22.8,81.0,0.0,0.0,0.0,0.0,0.0,0.0,0.0,63.0,215.8,3.2,4.0,116.0,1007.2,1007.2,2.7,5.0
2024-06-23 00:35:00+02:00,13.8,13.8,14.0,12.3,91.0,22.7,81.0,0.0,0.0,0.0,0.0,0.0,0.0,0.0,63.0,215.8,2.7,4.0,113.0,1007.3,1007.3,2.7,5.0
2024-06-23 00:40:00+02:00,13.7,13.7,14.2,12.4,92.0,22.6,81.0,0.0,0.0,0.0,0.0,0.0,0.0,0.0,63.0,215.8,1.2,2.9,111.0,1007.3,1007.3,2.7,5.0
2024-06-23 00:45:00+02:00,13.5,13.5,14.0,12.3,92.0,22.5,81.0,0.0,0.0,0.0,0.0,0.0,0.0,0.0,63.0,215.8,1.0,2.5,110.0,1007.4,1007.4,2.7,5.0
2024-06-23 00:50:00+02:00,13.5,13.5,13.7,12.4,93.0,22.4,81.0,0.0,0.0,0.0,0.0,0.0,0.0,0.0,63.0,215.8,2.4,4.0,118.0,1007.3,1007.3,2.7,5.0
2024-06-23 00:55:00+02:00,13.4,13.4,13.6,12.3,93.0,22.3,81.0,0.0,0.0,0.0,0.0,0.0,0.0,0.0,63.0,215.8,3.0,4.0,116.0,1007.3,1007.3,2.7,5.0
2024-06-23 01:00:00+02:00,13.4,13.4,13.5,12.3,93.0,22.3,81.0,0.0,0.0,0.0,0.0,0.0,0.0,0.0,63.0,215.8,2.9,4.3,117.0,1007.3,1007.3,2.7,5.0
2024-06-23 01:05:00+02:00,13.3,13.3,13.5,12.3,94.0,22.2,81.0,0.0,0.0,0.0,0.0,0.0,0.0,0.0,63.0,215.8,2.6,4.0,109.0,1007.2,1007.2,2.7,5.0
2024-06-23 01:10:00+02:00,13.2,13.2,13.4,12.3,94.0,22.1,81.0,0.0,0.0,0.0,0.0,0.0,0.0,0.0,63.0,215.8,2.6,4.0,112.0,1007.3,1007.3,2.7,5.0
2024-06-23 01:15:00+02:00,13.2,13.2,13.4,12.2,94.0,22.0,81.0,0.0,0.0,0.0,0.0,0.0,0.0,0.0,63.0,215.8,2.4,3.6,111.0,1007.2,1007.2,2.7,5.0
2024-06-23 01:20:00+02:00,13.1,13.1,13.4,12.3,95.0,21.9,81.0,0.0,0.0,0.0,0.0,0.0,0.0,0.0,63.0,215.8,2.0,3.2,114.0,1007.2,1007.2,2.7,5.0
2024-06-23 01:25:00+02:00,13.2,13.2,13.4,12.4,95.0,21.8,81.0,0.0,0.0,0.0,0.0,0.0,0.0,0.0,63.0,215.8,2.7,3.2,113.0,1007.2,1007.2,2.7,5.0
2024-06-23 01:30:00+02:00,13.2,13.2,13.5,12.4,95.0,21.7,81.0,0.0,0.0,0.0,0.0,0.0,0.0,0.0,63.0,215.8,2.2,3.2,118.0,1007.2,1007.2,2.7,5.0
2024-06-23 01:35:00+02:00,13.1,13.1,13.5,12.3,95.0,21.6,81.0,0.0,0.0,0.0,0.0,0.0,0.0,0.0,63.0,215.8,1.9,3.6,106.0,1007.2,1007.2,2.7,5.0
2024-06-23 01:40:00+02:00,13.0,13.0,13.3,12.3,95.0,21.5,81.0,0.0,0.0,0.0,0.0,0.0,0.0,0.0,63.0,215.8,2.2,3.2,113.0,1007.3,1007.3,2.7,5.0
2024-06-23 01:45:00+02:00,12.9,12.9,13.3,12.1,95.0,21.5,81.0,0.0,0.0,0.0,0.0,0.0,0.0,0.0,63.0,215.8,1.6,3.2,109.0,1007.3,1007.3,2.7,4.9
2024-06-23 01:50:00+02:00,12.9,12.9,13.2,12.1,95.0,21.4,81.0,0.0,0.0,0.0,0.0,0.0,0.0,0.0,63.0,215.8,1.9,3.6,120.0,1007.2,1007.2,2.7,4.9
2024-06-23 01:55:00+02:00,12.9,12.9,13.1,12.2,95.0,21.3,81.0,0.0,0.0,0.0,0.0,0.0,0.0,0.0,63.0,215.8,2.4,3.6,110.0,1007.4,1007.4,2.7,4.9
2024-06-23 02:00:00+02:00,12.9,12.9,13.1,12.3,96.0,21.2,81.0,0.0,0.0,0.0,0.0,0.0,0.0,0.0,63.0,215.8,2.6,3.2,114.0,1007.5,1007.5,2.7,4.9
2024-06-23 02:05:00+02:00,12.9,12.9,13.5,12.3,96.0,21.2,81.0,0.0,0.0,0.0,0.0,0.0,0.0,0.0,63.0,215.8,0.5,3.2,127.0,1007.5,1007.5,2.7,4.9
2024-06-23 02:10:00+02:00,12.8,12.8,13.0,12.2,96.0,21.1,81.0,0.0,0.0,0.0,0.0,0.0,0.0,0.0,63.0,215.8,2.2,3.6,108.0,1007.5,1007.5,2.7,4.9
2024-06-23 02:15:00+02:00,12.8,12.8,13.0,12.2,96.0,21.1,81.0,0.0,0.0,0.0,0.0,0.0,0.0,0.0,63.0,215.8,2.4,3.6,106.0,1007.6,1007.6,2.7,4.9
2024-06-23 02:20:00+02:00,12.8,12.8,12.9,12.2,96.0,21.0,81.0,0.0,0.0,0.0,0.0,0.0,0.0,0.0,63.0,215.8,3.1,4.0,99.0,1007.6,1007.6,2.7,4.9
2024-06-23 02:25:00+02:00,12.8,12.8,13.3,12.1,96.0,20.9,81.0,0.0,0.0,0.0,0.0,0.0,0.0,0.0,63.0,215.8,0.9,3.6,106.0,1007.7,1007.7,2.7,4.9
2024-06-23 02:30:00+02:00,12.6,12.6,13.2,12.0,96.0,20.8,81.0,0.0,0.0,0.0,0.0,0.0,0.0,0.0,63.0,215.8,0.0,2.2,110.0,1007.7,1007.7,2.7,4.9
2024-06-23 02:35:00+02:00,12.7,12.7,12.9,12.1,96.0,20.8,81.0,0.0,0.0,0.0,0.0,0.0,0.0,0.0,63.0,215.8,1.9,3.2,113.0,1007.7,1007.7,2.7,4.9
2024-06-23 02:40:00+02:00,12.7,12.7,12.7,12.1,96.0,20.7,81.0,0.0,0.0,0.0,0.0,0.0,0.0,0.0,63.0,215.8,3.1,4.0,102.0,1007.7,1007.7,2.7,4.9
2024-06-23 02:45:00+02:00,12.7,12.7,12.9,12.1,96.0,20.7,81.0,0.0,0.0,0.0,0.0,0.0,0.0,0.0,63.0,215.8,2.5,4.0,103.0,1007.7,1007.7,2.7,4.9
2024-06-23 02:50:00+02:00,12.7,12.7,13.3,12.1,96.0,20.6,81.0,0.0,0.0,0.0,0.0,0.0,0.0,0.0,63.0,215.8,0.0,2.9,89.0,1007.9,1007.9,2.7,4.9
2024-06-23 02:55:00+02:00,12.6,12.6,13.0,12.0,96.0,20.5,81.0,0.0,0.0,0.0,0.0,0.0,0.0,0.0,63.0,215.8,0.9,2.9,114.0,1007.8,1007.8,2.7,4.9
2024-06-23 03:00:00+02:00,12.7,12.7,13.1,12.0,96.0,20.5,81.0,0.0,0.0,0.0,0.0,0.0,0.0,0.0,63.0,215.8,0.8,2.9,100.0,1007.9,1007.9,2.7,4.9
2024-06-23 03:05:00+02:00,12.7,12.7,13.3,12.1,96.0,20.4,81.0,0.0,0.0,0.0,0.0,0.0,0.0,0.0,63.0,215.8,0.0,1.8,310.0,1007.9,1007.9,2.7,4.9
2024-06-23 03:10:00+02:00,12.5,12.5,13.1,11.9,96.0,20.3,81.0,0.0,0.0,0.0,0.0,0.0,0.0,0.0,63.0,215.8,0.0,2.2,54.0,1007.9,1007.9,2.7,4.9
2024-06-23 03:15:00+02:00,12.5,12.5,12.6,12.0,97.0,20.3,81.0,0.0,0.0,0.0,0.0,0.0,0.0,0.0,63.0,215.8,2.8,4.0,101.0,1007.9,1007.9,2.7,4.9
2024-06-23 03:20:00+02:00,12.5,12.5,12.7,12.1,97.0,20.2,81.0,0.0,0.0,0.0,0.0,0.0,0.0,0.0,63.0,215.8,2.4,4.0,106.0,1007.9,1007.9,2.7,4.9
2024-06-23 03:25:00+02:00,12.6,12.6,12.7,12.1,97.0,20.2,81.0,0.0,0.0,0.0,0.0,0.0,0.0,0.0,63.0,215.8,2.7,3.2,109.0,1008.0,1008.0,2.7,4.9
2024-06-23 03:30:00+02:00,12.5,12.5,12.8,12.1,97.0,20.1,81.0,0.0,0.0,0.0,0.0,0.0,0.0,0.0,63.0,215.8,1.6,3.2,102.0,1007.9,1007.9,2.7,4.9
2024-06-23 03:35:00+02:00,12.5,12.5,13.0,12.1,97.0,20.1,81.0,0.0,0.0,0.0,0.0,0.0,0.0,0.0,63.0,215.8,0.4,2.2,119.0,1007.9,1007.9,2.7,4.8
2024-06-23 03:40:00+02:00,12.5,12.5,13.0,12.1,97.0,20.0,81.0,0.0,0.0,0.0,0.0,0.0,0.0,0.0,63.0,215.8,0.4,2.5,122.0,1008.0,1008.0,2.7,4.8
2024-06-23 03:45:00+02:00,12.3,12.3,12.8,11.9,97.0,20.0,81.0,0.0,0.0,0.0,0.0,0.0,0.0,0.0,63.0,215.8,0.8,2.2,102.0,1008.0,1008.0,2.7,4.8
2024-06-23 03:50:00+02:00,12.4,12.4,12.8,11.9,97.0,19.9,81.0,0.0,0.0,0.0,0.0,0.0,0.0,0.0,63.0,215.8,1.2,3.2,110.0,1007.9,1007.9,2.7,4.8
2024-06-23 03:55:00+02:00,12.4,12.4,13.0,11.9,97.0,19.8,81.0,0.0,0.0,0.0,0.0,0.0,0.0,0.0,63.0,215.8,0.0,2.5,89.0,1007.7,1007.7,2.7,4.8
2024-06-23 04:00:00+02:00,12.4,12.4,12.9,12.0,97.0,19.8,81.0,0.0,0.0,0.0,0.0,0.0,0.0,0.0,63.0,215.8,0.8,2.5,104.0,1007.7,1007.7,2.7,4.8
2024-06-23 04:05:00+02:00,12.5,12.5,13.1,12.0,97.0,19.7,81.0,0.0,0.0,0.0,0.0,0.0,0.0,0.0,63.0,215.8,0.0,2.9,109.0,1007.8,1007.8,2.7,4.8
2024-06-23 04:10:00+02:00,12.4,12.4,12.6,11.9,97.0,19.7,81.0,0.0,0.0,0.0,0.0,0.0,0.0,0.0,63.0,215.8,2.0,2.9,107.0,1007.9,1007.9,2.7,4.8
2024-06-23 04:20:00+02:00,12.5,12.5,13.0,12.1,97.0,19.6,81.0,0.0,0.0,0.0,0.0,0.0,0.0,0.0,63.0,215.8,0.7,2.5,118.0,1007.9,1007.9,2.7,4.8
2024-06-23 04:25:00+02:00,12.4,12.4,12.9,11.9,97.0,19.6,81.0,0.0,0.0,0.0,0.0,0.0,0.0,0.0,63.0,215.8,0.4,2.5,132.0,1007.9,1007.9,2.7,4.8
2024-06-23 04:30:00+02:00,12.2,12.2,12.5,11.8,97.0,19.5,81.0,0.0,0.0,0.0,0.0,0.0,0.0,0.0,63.0,215.8,1.6,2.9,118.0,1007.9,1007.9,2.7,4.8
2024-06-23 04:35:00+02:00,12.4,12.4,12.8,11.9,97.0,19.5,82.0,0.0,0.0,0.0,0.0,0.0,0.0,0.0,63.0,215.8,0.9,2.9,114.0,1007.9,1007.9,2.7,4.8
2024-06-23 04:40:00+02:00,12.3,12.3,12.4,11.8,97.0,19.4,82.0,0.1,0.0,0.0,0.0,0.0,0.0,0.0,63.0,215.8,2.2,3.6,116.0,1007.8,1007.8,2.7,4.8
2024-06-23 04:45:00+02:00,12.3,12.3,12.6,11.8,97.0,19.4,82.0,0.2,0.0,0.0,0.0,0.0,0.0,0.0,63.0,215.8,1.3,3.6,118.0,1007.9,1007.9,2.7,4.8
2024-06-23 04:50:00+02:00,12.1,12.1,12.6,11.7,97.0,19.3,81.0,0.3,0.0,0.0,0.0,0.0,0.0,0.0,63.0,215.8,0.0,1.8,116.0,1007.9,1007.9,2.7,4.8
2024-06-23 04:55:00+02:00,12.2,12.2,12.8,11.8,97.0,19.3,82.0,0.6,0.0,0.0,0.0,0.0,0.0,0.0,63.0,215.8,0.0,0.0,243.0,1008.2,1008.2,2.7,4.8
2024-06-23 05:00:00+02:00,12.2,12.2,12.7,11.8,97.0,19.3,82.0,1.0,0.0,0.0,0.0,0.0,0.0,0.0,63.0,215.8,0.0,0.0,130.0,1008.3,1008.3,2.7,4.8
2024-06-23 05:05:00+02:00,12.0,12.0,12.3,11.6,97.0,19.2,82.0,1.7,0.0,0.0,0.0,0.0,0.0,0.0,63.0,215.8,0.7,2.5,122.0,1008.3,1008.3,2.7,4.8
2024-06-23 05:10:00+02:00,12.0,12.0,12.3,11.8,98.0,19.2,82.0,2.4,0.0,0.0,0.0,0.0,0.0,0.0,63.0,215.8,1.5,2.5,121.0,1008.3,1008.3,2.7,4.8
2024-06-23 05:15:00+02:00,12.0,12.0,12.6,11.8,98.0,19.2,82.0,3.3,0.0,0.0,0.0,0.0,0.0,0.0,63.0,215.8,0.0,2.2,115.0,1008.3,1008.3,2.7,4.7
2024-06-23 05:20:00+02:00,12.1,12.1,12.7,11.8,98.0,19.1,82.0,4.5,0.0,0.0,0.0,0.0,0.0,0.0,63.0,215.8,0.0,1.8,303.0,1008.3,1008.3,2.7,4.7
2024-06-23 05:25:00+02:00,12.1,12.1,12.6,11.8,98.0,19.1,82.0,5.9,0.0,0.0,0.0,0.0,0.0,0.0,63.0,215.8,0.0,2.2,14.0,1008.3,1008.3,2.7,4.7
2024-06-23 05:30:00+02:00,11.9,11.9,12.0,11.6,98.0,19.0,82.0,7.4,0.0,0.0,0.0,0.0,0.0,0.0,63.0,215.8,2.2,2.9,118.0,1008.4,1008.4,2.7,4.7
2024-06-23 05:35:00+02:00,12.0,12.0,12.2,11.8,98.0,19.0,82.0,9.1,0.0,0.0,0.0,0.0,0.0,0.0,63.0,215.8,1.7,3.2,122.0,1008.4,1008.4,2.7,4.7
2024-06-23 05:40:00+02:00,12.0,12.0,12.3,11.7,98.0,19.0,82.0,10.7,0.0,0.0,0.0,0.0,0.0,0.0,63.0,215.8,0.7,2.5,113.0,1008.4,1008.4,2.7,4.7
2024-06-23 05:45:00+02:00,11.9,11.9,12.1,11.6,98.0,18.9,82.0,12.3,0.0,0.0,0.0,0.0,0.0,0.0,63.0,215.8,1.5,2.5,113.0,1008.4,1008.4,2.7,4.7
2024-06-23 05:50:00+02:00,12.0,12.0,12.5,11.7,98.0,18.9,82.0,14.1,0.0,0.0,0.0,0.0,0.0,0.0,63.0,215.8,0.0,2.5,127.0,1008.4,1008.4,2.7,4.7
2024-06-23 05:55:00+02:00,11.9,11.9,12.3,11.6,98.0,18.9,82.0,15.6,0.0,0.0,0.0,0.0,0.0,0.0,63.0,215.8,0.5,1.8,119.0,1008.6,1008.6,2.7,4.7
2024-06-23 06:00:00+02:00,11.8,11.8,12.2,11.5,98.0,18.9,82.0,17.4,0.0,0.0,0.0,0.0,0.0,0.0,63.0,215.8,0.4,2.2,122.0,1008.6,1008.6,2.7,4.7
2024-06-23 06:05:00+02:00,11.8,11.8,12.0,11.6,98.0,18.8,82.0,19.4,0.0,0.0,0.0,0.0,0.0,0.0,63.0,215.8,1.9,2.9,115.0,1008.5,1008.5,2.7,4.7
2024-06-23 06:10:00+02:00,12.1,12.1,12.1,11.8,98.0,18.8,82.0,21.5,0.0,0.0,0.0,0.0,0.0,0.0,63.0,215.8,2.7,3.6,119.0,1008.5,1008.5,2.7,4.7
2024-06-23 06:15:00+02:00,12.2,12.2,12.5,11.9,98.0,18.8,82.0,25.6,0.0,0.0,0.0,0.0,0.0,0.0,63.0,215.8,1.2,3.6,115.0,1008.6,1008.6,2.7,4.7
2024-06-23 06:20:00+02:00,12.3,12.3,12.8,12.0,98.0,18.8,82.0,34.3,0.0,0.0,0.0,0.0,0.0,0.0,63.0,215.8,0.8,2.5,124.0,1008.8,1008.8,2.7,4.7
2024-06-23 06:25:00+02:00,12.5,12.5,13.0,12.2,98.0,18.7,82.0,38.6,0.0,0.0,0.0,0.0,0.0,0.0,63.0,215.8,1.4,2.9,117.0,1008.8,1008.8,2.7,4.7
2024-06-23 06:30:00+02:00,12.9,12.9,13.6,12.6,98.0,18.7,82.0,42.9,0.0,0.0,0.0,0.0,0.0,0.0,63.0,215.8,0.8,2.5,102.0,1008.6,1008.6,2.7,4.7
2024-06-23 06:35:00+02:00,13.1,13.1,13.8,12.7,98.0,18.7,82.0,46.6,0.0,0.0,0.0,0.0,0.0,0.0,63.0,215.8,0.7,2.9,90.0,1008.7,1008.7,2.7,4.7
2024-06-23 06:40:00+02:00,13.2,13.2,13.9,12.9,98.0,18.7,82.0,50.8,0.0,0.0,0.0,0.0,0.0,0.0,63.0,215.8,0.9,3.2,107.0,1008.8,1008.8,2.7,4.7
2024-06-23 06:45:00+02:00,13.4,13.4,14.2,13.0,98.0,18.7,82.0,53.9,0.0,0.0,0.0,0.0,0.0,0.0,63.0,215.8,0.7,2.9,113.0,1008.8,1008.8,2.7,4.7
2024-06-23 06:50:00+02:00,13.6,13.6,14.5,13.2,97.0,18.8,83.0,58.4,0.0,0.0,0.0,0.0,0.0,0.0,63.0,215.8,0.4,2.5,115.0,1008.9,1008.9,2.7,4.7
2024-06-23 06:55:00+02:00,14.1,14.1,15.0,13.7,97.0,19.0,84.0,62.5,0.0,0.0,0.0,0.0,0.0,0.0,63.0,215.8,1.5,3.2,127.0,1008.8,1008.8,2.7,4.8
2024-06-23 07:00:00+02:00,14.3,14.3,14.9,13.6,96.0,19.2,84.0,65.8,0.0,0.0,0.0,0.0,0.0,0.0,63.0,215.8,2.6,3.6,105.0,1008.9,1008.9,2.7,4.8
2024-06-23 07:05:00+02:00,14.3,14.3,14.8,13.4,94.0,19.3,84.0,46.3,0.0,0.0,0.0,0.0,0.0,0.0,63.0,215.8,2.8,4.0,105.0,1009.0,1009.0,2.7,4.8
2024-06-23 07:10:00+02:00,14.5,14.5,15.1,13.4,93.0,19.4,84.0,47.4,0.0,0.0,0.0,0.0,0.0,0.0,63.0,215.8,2.2,4.3,127.0,1009.0,1009.0,2.7,4.8
2024-06-23 07:15:00+02:00,14.7,14.7,15.4,13.4,92.0,19.5,84.0,50.0,0.0,0.0,0.0,0.0,0.0,0.0,63.0,215.8,1.9,3.6,100.0,1009.1,1009.1,2.7,4.8
2024-06-23 07:20:00+02:00,14.9,14.9,15.6,13.5,91.0,19.6,84.0,51.5,0.0,0.0,0.0,0.0,0.0,0.0,63.0,215.8,2.1,4.0,89.0,1009.1,1009.1,2.7,4.8
2024-06-23 07:25:00+02:00,15.2,15.2,16.0,13.6,90.0,19.7,84.0,52.1,0.0,0.0,0.0,0.0,0.0,0.0,63.0,215.8,1.2,4.3,122.0,1009.1,1009.1,2.7,4.8
2024-06-23 07:30:00+02:00,15.4,15.4,16.2,13.6,89.0,19.8,83.0,55.5,0.0,0.0,0.0,0.0,0.0,0.0,63.0,215.8,1.6,5.0,64.0,1009.1,1009.1,2.7,4.8
2024-06-23 07:35:00+02:00,15.5,15.5,16.4,13.7,89.0,19.8,83.0,59.7,0.0,0.0,0.0,0.0,0.0,0.0,63.0,215.8,1.4,3.6,94.0,1009.2,1009.2,2.7,4.8
2024-06-23 07:40:00+02:00,15.6,15.6,16.5,13.8,89.0,19.8,83.0,60.1,0.0,0.0,0.0,0.0,0.0,0.0,63.0,215.8,1.8,4.0,91.0,1009.2,1009.2,2.7,4.8
2024-06-23 07:45:00+02:00,15.8,15.8,16.6,13.8,88.0,19.9,83.0,60.5,0.0,0.0,0.0,0.0,0.0,0.0,63.0,215.8,2.3,5.0,94.0,1009.2,1009.2,2.7,4.8
2024-06-23 07:50:00+02:00,15.9,15.9,16.8,13.8,87.0,20.0,83.0,61.2,0.0,0.0,0.0,0.0,0.0,0.0,63.0,215.8,2.0,4.7,127.0,1009.2,1009.2,2.7,4.8
2024-06-23 07:55:00+02:00,16.1,16.1,17.1,13.9,87.0,20.0,83.0,62.4,0.0,0.0,0.0,0.0,0.0,0.0,63.0,215.8,1.0,4.0,130.0,1009.4,1009.4,2.7,4.8
2024-06-23 08:00:00+02:00,16.2,16.2,16.9,13.9,87.0,20.0,83.0,65.3,0.0,0.0,0.0,0.0,0.0,0.0,63.0,215.8,2.7,5.8,127.0,1009.2,1009.2,2.7,4.8
2024-06-23 08:05:00+02:00,16.3,16.3,16.8,13.9,86.0,20.1,83.0,67.2,0.0,0.0,0.0,0.0,0.0,0.0,63.0,215.8,4.0,6.8,120.0,1009.4,1009.4,2.7,4.9
2024-06-23 08:10:00+02:00,16.4,16.4,16.8,13.9,85.0,20.1,83.0,67.6,0.0,0.0,0.0,0.0,0.0,0.0,63.0,215.8,4.5,6.5,126.0,1009.3,1009.3,2.7,4.9
2024-06-23 08:15:00+02:00,16.5,16.5,17.1,14.0,85.0,20.1,83.0,68.8,0.0,0.0,0.0,0.0,0.0,0.0,63.0,215.8,3.4,6.8,119.0,1009.4,1009.4,2.7,4.9
2024-06-23 08:20:00+02:00,16.7,16.7,17.5,13.9,84.0,20.2,83.0,67.9,0.0,0.0,0.0,0.0,0.0,0.0,63.0,215.8,2.1,6.5,104.0,1009.4,1009.4,2.7,4.9
2024-06-23 08:25:00+02:00,16.9,16.9,18.1,14.2,85.0,20.2,83.0,192.5,1.0,0.0,0.0,0.0,0.0,0.0,63.0,215.8,0.8,4.0,91.0,1009.5,1009.5,2.7,4.9
2024-06-23 08:30:00+02:00,17.4,17.4,18.3,14.5,83.0,20.2,83.0,212.1,1.0,0.0,0.0,0.0,0.0,0.0,63.0,215.8,2.9,5.0,141.0,1009.5,1009.5,2.7,4.9
2024-06-23 08:35:00+02:00,18.0,18.0,19.3,14.6,81.0,20.3,83.0,241.8,2.0,0.0,0.0,0.0,0.0,0.0,63.0,215.8,0.9,3.6,112.0,1009.5,1009.5,2.7,5.0
2024-06-23 08:40:00+02:00,18.5,18.5,19.9,14.8,79.0,20.4,83.0,278.1,2.0,0.0,0.0,0.0,0.0,0.0,63.0,215.8,1.0,4.0,287.0,1009.6,1009.6,2.7,5.0
2024-06-23 08:45:00+02:00,19.1,19.1,20.1,14.8,76.0,20.4,83.0,315.0,2.0,0.0,0.0,0.0,0.0,0.0,63.0,215.8,2.7,7.2,76.0,1009.5,1009.5,2.7,5.1
2024-06-23 08:50:00+02:00,18.8,18.8,19.9,14.5,76.0,20.5,84.0,342.1,3.0,0.0,0.0,0.0,0.0,0.0,63.0,215.8,1.9,7.2,100.0,1009.6,1009.6,2.7,5.1
2024-06-23 08:55:00+02:00,19.3,19.3,20.3,14.7,75.0,20.6,85.0,335.9,3.0,0.0,0.0,0.0,0.0,0.0,63.0,215.8,2.4,5.0,114.0,1009.6,1009.6,2.7,5.2
2024-06-23 09:00:00+02:00,19.1,19.1,19.7,14.5,75.0,20.8,85.0,334.9,3.0,0.0,0.0,0.0,0.0,0.0,63.0,215.8,4.4,6.8,115.0,1009.7,1009.7,2.7,5.2
2024-06-23 09:05:00+02:00,18.8,18.8,19.8,14.4,75.0,21.0,85.0,314.2,2.0,0.0,0.0,0.0,0.0,0.0,63.0,215.8,1.9,5.4,88.0,1009.7,1009.7,2.7,5.2
2024-06-23 09:10:00+02:00,20.1,20.1,21.5,15.1,73.0,21.3,85.0,314.4,2.0,0.0,0.0,0.0,0.0,0.0,63.0,215.8,1.1,3.2,335.0,1009.7,1009.7,2.7,5.2
2024-06-23 09:15:00+02:00,20.6,20.6,21.5,14.7,69.0,21.5,85.0,340.6,3.0,0.0,0.0,0.0,0.0,0.0,63.0,215.8,3.3,8.6,280.0,1009.8,1009.8,2.7,5.2
2024-06-23 09:20:00+02:00,20.0,20.0,21.2,14.4,70.0,21.7,85.0,346.1,3.0,0.0,0.0,0.0,0.0,0.0,63.0,215.8,1.2,5.4,80.0,1009.8,1009.8,2.7,5.2
2024-06-23 09:25:00+02:00,20.6,20.6,21.5,14.3,67.0,22.0,85.0,356.4,3.0,0.0,0.0,0.0,0.0,0.0,63.0,215.8,2.4,5.4,186.0,1009.8,1009.8,2.7,5.2
2024-06-23 09:30:00+02:00,20.8,20.8,22.0,14.5,67.0,22.2,85.0,372.9,3.0,0.0,0.0,0.0,0.0,0.0,63.0,215.8,1.4,9.0,308.0,1009.8,1009.8,2.7,5.2
2024-06-23 09:35:00+02:00,20.5,20.5,21.1,14.5,68.0,22.4,85.0,416.0,3.0,0.0,0.0,0.0,0.0,0.0,63.0,215.8,4.5,8.3,281.0,1009.8,1009.8,2.7,5.3
2024-06-23 09:40:00+02:00,20.5,20.5,21.5,14.6,69.0,22.7,85.0,407.9,3.0,0.0,0.0,0.0,0.0,0.0,63.0,215.8,2.4,7.9,94.0,1009.9,1009.9,2.7,5.3
2024-06-23 09:45:00+02:00,20.1,20.1,21.0,14.5,70.0,23.0,84.0,237.0,2.0,0.0,0.0,0.0,0.0,0.0,63.0,215.8,2.3,5.0,111.0,1010.0,1010.0,2.7,5.3
2024-06-23 09:50:00+02:00,20.0,20.0,20.9,14.5,71.0,23.2,84.0,281.6,2.0,0.0,0.0,0.0,0.0,0.0,63.0,215.8,2.4,5.8,269.0,1010.1,1010.1,2.7,5.3
2024-06-23 09:55:00+02:00,20.3,20.3,21.4,14.0,67.0,23.3,84.0,121.9,1.0,0.0,0.0,0.0,0.0,0.0,63.0,215.8,0.8,5.8,330.0,1010.0,1010.0,2.7,5.3
2024-06-23 10:00:00+02:00,20.3,20.3,21.2,14.3,68.0,23.4,83.0,129.4,1.0,0.0,0.0,0.0,0.0,0.0,63.0,215.8,2.2,4.7,3.0,1010.1,1010.1,2.7,5.3
2024-06-23 10:05:00+02:00,19.9,19.9,20.4,14.1,69.0,23.6,83.0,480.3,4.0,0.0,0.0,0.0,0.0,0.0,63.0,215.8,3.8,8.6,311.0,1010.1,1010.1,2.7,5.3
2024-06-23 10:10:00+02:00,20.4,20.4,21.3,14.2,68.0,23.7,83.0,481.4,4.0,0.0,0.0,0.0,0.0,0.0,63.0,215.8,2.2,7.2,296.0,1010.0,1010.0,2.7,5.3
2024-06-23 10:15:00+02:00,21.3,21.3,22.0,14.5,65.0,23.8,82.0,453.9,4.0,0.0,0.0,0.0,0.0,0.0,63.0,215.8,4.1,10.8,264.0,1009.8,1009.8,2.7,5.3
2024-06-23 10:20:00+02:00,20.6,20.6,20.8,14.3,67.0,24.1,82.0,470.8,4.0,0.0,0.0,0.0,0.0,0.0,63.0,215.8,6.4,13.7,280.0,1009.9,1009.9,2.7,5.3
2024-06-23 10:25:00+02:00,21.2,21.2,21.5,14.0,64.0,24.2,82.0,471.4,4.0,0.0,0.0,0.0,0.0,0.0,63.0,215.8,5.0,10.1,258.0,1010.0,1010.0,2.7,5.3
2024-06-23 10:30:00+02:00,20.6,20.6,20.4,13.4,64.0,24.4,82.0,480.7,4.0,0.0,0.0,0.0,0.0,0.0,63.0,215.8,6.2,11.2,293.0,1009.8,1009.8,2.7,5.3
2024-06-23 10:35:00+02:00,20.8,20.8,20.9,13.3,62.0,24.6,82.0,491.8,4.0,0.0,0.0,0.0,0.0,0.0,63.0,215.8,4.5,9.7,298.0,1009.9,1009.9,2.7,5.3
2024-06-23 10:40:00+02:00,22.6,22.6,23.6,13.5,56.0,24.8,81.0,482.8,4.0,0.0,0.0,0.0,0.0,0.0,63.0,215.8,0.6,5.4,293.0,1009.9,1009.9,2.7,5.3
2024-06-23 10:45:00+02:00,22.8,22.8,23.3,13.9,57.0,25.1,81.0,552.3,5.0,0.0,0.0,0.0,0.0,0.0,63.0,215.8,3.7,5.4,150.0,1009.9,1009.9,2.7,5.3
2024-06-23 10:50:00+02:00,22.7,22.7,23.4,13.7,57.0,25.3,81.0,603.4,5.0,0.0,0.0,0.0,0.0,0.0,63.0,215.8,2.4,5.4,62.0,1009.9,1009.9,2.7,5.3
2024-06-23 10:55:00+02:00,23.0,23.0,23.8,14.0,57.0,25.6,81.0,569.9,5.0,0.0,0.0,0.0,0.0,0.0,63.0,215.8,2.9,8.3,134.0,1010.0,1010.0,2.7,5.3
2024-06-23 11:00:00+02:00,22.5,22.5,23.4,14.1,59.0,25.8,81.0,168.0,1.0,0.0,0.0,0.0,0.0,0.0,63.0,215.8,2.2,6.8,119.0,1010.0,1010.0,2.7,5.3
2024-06-23 11:05:00+02:00,21.6,21.6,22.1,13.9,61.0,26.0,81.0,140.3,1.0,0.0,0.0,0.0,0.0,0.0,63.0,215.8,3.8,6.8,143.0,1010.0,1010.0,2.7,5.3
2024-06-23 11:10:00+02:00,20.5,20.5,20.1,13.1,63.0,26.2,80.0,543.7,5.0,0.0,0.0,0.0,0.0,0.0,63.0,215.8,6.6,12.2,126.0,1010.1,1010.1,2.7,5.3
2024-06-23 11:15:00+02:00,20.2,20.2,19.7,12.8,63.0,26.3,80.0,123.3,1.0,0.0,0.0,0.0,0.0,0.0,63.0,215.8,7.1,13.3,120.0,1010.1,1010.1,2.7,5.3
2024-06-23 11:20:00+02:00,20.3,20.3,20.9,13.4,65.0,26.5,79.0,98.6,0.0,0.0,0.0,0.0,0.0,0.0,63.0,215.8,2.5,5.8,264.0,1010.3,1010.3,2.7,5.3
2024-06-23 11:25:00+02:00,20.5,20.5,20.7,13.4,64.0,26.5,79.0,93.4,0.0,0.0,0.0,0.0,0.0,0.0,63.0,215.8,4.2,9.7,279.0,1010.3,1010.3,2.7,5.3
2024-06-23 11:30:00+02:00,20.5,20.5,21.3,13.4,64.0,26.6,79.0,91.2,0.0,0.0,0.0,0.0,0.0,0.0,63.0,215.8,1.6,6.5,259.0,1010.3,1010.3,2.7,5.3
2024-06-23 11:35:00+02:00,20.2,20.2,20.9,13.4,65.0,26.7,79.0,123.8,1.0,0.0,0.0,0.0,0.0,0.0,63.0,215.8,1.7,6.5,350.0,1010.2,1010.2,2.7,5.3
2024-06-23 11:40:00+02:00,20.8,20.8,21.8,13.8,64.0,26.7,79.0,589.7,5.0,0.0,0.0,0.0,0.0,0.0,63.0,215.8,0.5,4.0,6.0,1010.3,1010.3,2.7,5.3
2024-06-23 11:45:00+02:00,22.0,22.0,22.6,14.0,61.0,26.7,79.0,622.5,5.0,0.0,0.0,0.0,0.0,0.0,63.0,215.8,3.0,7.2,284.0,1010.1,1010.1,2.7,5.3
2024-06-23 11:50:00+02:00,22.0,22.0,22.6,13.7,59.0,26.8,78.0,624.8,5.0,0.0,0.0,0.0,0.0,0.0,63.0,215.8,2.7,7.2,182.0,1010.2,1010.2,2.7,5.3
2024-06-23 11:55:00+02:00,22.3,22.3,23.0,14.4,61.0,26.9,78.0,580.2,5.0,0.0,0.0,0.0,0.0,0.0,63.0,215.8,3.7,10.1,127.0,1010.3,1010.3,2.7,5.3
2024-06-23 12:00:00+02:00,21.7,21.7,22.4,14.0,62.0,27.1,78.0,288.7,2.0,0.0,0.0,0.0,0.0,0.0,63.0,215.8,3.2,10.1,93.0,1010.2,1010.2,2.7,5.3
2024-06-23 12:05:00+02:00,21.9,21.9,22.2,13.3,58.0,27.2,78.0,682.0,6.0,0.0,0.0,0.0,0.0,0.0,63.0,215.8,3.5,11.5,310.0,1010.2,1010.2,2.7,5.3
2024-06-23 12:10:00+02:00,21.9,21.9,22.1,13.1,57.0,27.2,78.0,532.7,4.0,0.0,0.0,0.0,0.0,0.0,63.0,215.8,3.7,8.6,103.0,1010.2,1010.2,2.7,5.3
2024-06-23 12:15:00+02:00,22.0,22.0,22.5,13.6,59.0,27.3,78.0,609.6,5.0,0.0,0.0,0.0,0.0,0.0,63.0,215.8,3.1,10.4,273.0,1010.2,1010.2,2.7,5.3
2024-06-23 12:20:00+02:00,22.0,22.0,22.2,13.1,57.0,27.4,78.0,226.4,2.0,0.0,0.0,0.0,0.0,0.0,63.0,215.8,3.9,10.8,307.0,1010.2,1010.2,2.7,5.3
2024-06-23 12:25:00+02:00,22.4,22.4,23.4,14.2,60.0,27.5,78.0,200.9,1.0,0.0,0.0,0.0,0.0,0.0,63.0,215.8,1.7,7.9,140.0,1010.1,1010.1,2.7,5.3
2024-06-23 12:30:00+02:00,22.3,22.3,23.3,14.4,61.0,27.6,78.0,215.2,2.0,0.0,0.0,0.0,0.0,0.0,63.0,215.8,2.4,8.3,125.0,1010.1,1010.1,2.7,5.3
2024-06-23 12:35:00+02:00,22.3,22.3,23.4,14.1,60.0,27.6,78.0,649.2,6.0,0.0,0.0,0.0,0.0,0.0,63.0,215.8,0.9,5.8,125.0,1010.1,1010.1,2.7,5.3
2024-06-23 12:40:00+02:00,23.5,23.5,24.1,13.6,54.0,27.7,77.0,641.6,5.0,0.0,0.0,0.0,0.0,0.0,63.0,215.8,2.7,5.4,265.0,1010.1,1010.1,2.7,5.3
2024-06-23 12:45:00+02:00,24.2,24.2,24.9,14.0,53.0,27.8,77.0,622.2,5.0,0.0,0.0,0.0,0.0,0.0,63.0,215.8,2.6,7.9,273.0,1010.1,1010.1,2.7,5.3
2024-06-23 12:50:00+02:00,24.3,24.3,25.1,14.2,53.0,27.8,78.0,625.9,5.0,0.0,0.0,0.0,0.0,0.0,63.0,215.8,2.4,7.2,141.0,1010.1,1010.1,2.7,5.3
2024-06-23 12:55:00+02:00,24.0,24.0,24.3,13.7,53.0,27.9,78.0,629.8,5.0,0.0,0.0,0.0,0.0,0.0,63.0,215.8,4.5,12.6,251.0,1010.0,1010.0,2.7,5.3
2024-06-23 13:00:00+02:00,24.3,24.3,24.6,13.2,50.0,28.1,78.0,629.6,5.0,0.0,0.0,0.0,0.0,0.0,63.0,215.8,3.5,7.9,265.0,1010.0,1010.0,2.7,5.3
2024-06-23 13:05:00+02:00,24.9,24.9,25.8,13.7,50.0,28.3,77.0,598.0,5.0,0.0,0.0,0.0,0.0,0.0,63.0,215.8,1.3,7.9,289.0,1010.0,1010.0,2.7,5.3
2024-06-23 13:10:00+02:00,25.3,25.3,26.0,13.7,48.0,28.3,77.0,613.0,5.0,0.0,0.0,0.0,0.0,0.0,63.0,215.8,2.7,5.8,246.0,1010.1,1010.1,2.7,5.3
2024-06-23 13:15:00+02:00,26.1,26.1,26.5,13.6,46.0,28.5,77.0,634.0,5.0,0.0,0.0,0.0,0.0,0.0,63.0,215.8,3.3,8.3,262.0,1010.1,1010.1,2.7,5.3
2024-06-23 13:20:00+02:00,25.7,25.7,26.1,13.8,48.0,28.7,77.0,629.7,5.0,0.0,0.0,0.0,0.0,0.0,63.0,215.8,4.0,8.6,291.0,1009.9,1009.9,2.7,5.3
2024-06-23 13:25:00+02:00,25.4,25.4,26.0,13.7,48.0,28.8,77.0,655.2,6.0,0.0,0.0,0.0,0.0,0.0,63.0,215.8,2.7,13.7,246.0,1009.9,1009.9,2.7,5.3
2024-06-23 13:30:00+02:00,25.2,25.2,26.4,14.8,53.0,28.9,77.0,649.6,6.0,0.0,0.0,0.0,0.0,0.0,63.0,215.8,1.8,6.8,81.0,1009.9,1009.9,2.7,5.3
2024-06-23 13:40:00+02:00,24.5,24.5,24.9,13.5,50.0,29.3,78.0,250.8,2.0,0.0,0.0,0.0,0.0,0.0,63.0,215.8,3.2,11.2,265.0,1009.9,1009.9,2.7,5.3
2024-06-23 13:45:00+02:00,23.9,23.9,23.7,13.7,53.0,29.3,78.0,693.2,6.0,0.0,0.0,0.0,0.0,0.0,63.0,215.8,6.6,14.0,282.0,1009.9,1009.9,2.7,5.3
2024-06-23 13:50:00+02:00,23.8,23.8,23.8,13.9,54.0,29.4,78.0,259.1,2.0,0.0,0.0,0.0,0.0,0.0,63.0,215.8,6.3,14.4,301.0,1009.8,1009.8,2.7,5.3
2024-06-23 13:55:00+02:00,23.3,23.3,22.9,13.3,54.0,29.4,79.0,224.9,2.0,0.0,0.0,0.0,0.0,0.0,63.0,215.8,7.1,11.2,283.0,1009.9,1009.9,2.7,5.3
2024-06-23 14:00:00+02:00,22.9,22.9,23.0,13.2,54.0,29.4,79.0,357.6,3.0,0.0,0.0,0.0,0.0,0.0,63.0,215.8,4.5,10.4,274.0,1009.9,1009.9,2.7,5.3
2024-06-23 14:05:00+02:00,22.9,22.9,23.2,13.5,55.0,29.4,79.0,269.9,2.0,0.0,0.0,0.0,0.0,0.0,63.0,215.8,4.1,9.0,307.0,1009.8,1009.8,2.7,5.3
2024-06-23 14:10:00+02:00,23.2,23.2,23.6,13.3,54.0,29.5,79.0,218.8,2.0,0.0,0.0,0.0,0.0,0.0,63.0,215.8,3.3,6.5,315.0,1009.8,1009.8,2.7,5.3
2024-06-23 14:15:00+02:00,23.4,23.4,23.6,13.4,53.0,29.5,79.0,682.8,6.0,0.0,0.0,0.0,0.0,0.0,63.0,215.8,4.7,8.6,287.0,1009.8,1009.8,2.7,5.3
2024-06-23 14:20:00+02:00,24.2,24.2,24.2,13.5,51.0,29.5,79.0,681.8,6.0,0.0,0.0,0.0,0.0,0.0,63.0,215.8,5.6,13.3,283.0,1009.8,1009.8,2.7,5.3
2024-06-23 14:25:00+02:00,24.5,24.5,24.8,13.6,50.0,29.6,79.0,610.7,5.0,0.0,0.0,0.0,0.0,0.0,63.0,215.8,4.6,13.3,240.0,1009.8,1009.8,2.7,5.3
2024-06-23 14:30:00+02:00,24.8,24.8,25.4,13.5,49.0,29.6,79.0,456.6,4.0,0.0,0.0,0.0,0.0,0.0,63.0,215.8,2.4,5.4,103.0,1009.7,1009.7,2.7,5.3
2024-06-23 14:35:00+02:00,23.5,23.5,24.3,13.0,52.0,29.7,79.0,189.2,1.0,0.0,0.0,0.0,0.0,0.0,63.0,215.8,0.8,5.0,129.0,1009.7,1009.7,2.7,5.3
2024-06-23 14:40:00+02:00,23.9,23.9,24.7,13.5,52.0,29.7,79.0,506.7,4.0,0.0,0.0,0.0,0.0,0.0,63.0,215.8,1.8,5.0,242.0,1009.7,1009.7,2.7,5.3
2024-06-23 14:45:00+02:00,24.4,24.4,25.5,14.0,52.0,29.7,80.0,228.6,2.0,0.0,0.0,0.0,0.0,0.0,63.0,215.8,0.9,7.2,92.0,1009.7,1009.7,2.7,5.3
2024-06-23 14:50:00+02:00,24.1,24.1,25.0,13.7,52.0,29.7,80.0,668.5,6.0,0.0,0.0,0.0,0.0,0.0,63.0,215.8,1.3,4.7,201.0,1009.6,1009.6,2.7,5.3
2024-06-23 14:55:00+02:00,24.4,24.4,23.9,13.3,50.0,29.7,80.0,685.9,6.0,0.0,0.0,0.0,0.0,0.0,63.0,215.8,8.0,13.3,292.0,1009.6,1009.6,2.7,5.3
2024-06-23 15:00:00+02:00,23.9,23.9,24.4,13.3,51.0,29.7,80.0,682.3,6.0,0.0,0.0,0.0,0.0,0.0,63.0,215.8,2.5,12.6,139.0,1009.6,1009.6,2.7,5.3
2024-06-23 15:05:00+02:00,24.4,24.4,24.9,13.8,52.0,29.7,80.0,177.1,1.0,0.0,0.0,0.0,0.0,0.0,63.0,215.8,3.4,9.0,297.0,1009.5,1009.5,2.7,5.3
2024-06-23 15:10:00+02:00,24.5,24.5,25.3,13.5,50.0,29.7,80.0,174.7,1.0,0.0,0.0,0.0,0.0,0.0,63.0,215.8,1.4,5.0,262.0,1009.5,1009.5,2.7,5.3
2024-06-23 15:15:00+02:00,24.9,24.9,26.0,14.0,51.0,29.7,80.0,174.3,1.0,0.0,0.0,0.0,0.0,0.0,63.0,215.8,0.9,4.0,277.0,1009.5,1009.5,2.7,5.3
2024-06-23 15:20:00+02:00,25.2,25.2,26.0,14.0,50.0,29.7,80.0,605.5,5.0,0.0,0.0,0.0,0.0,0.0,63.0,215.8,2.4,6.1,230.0,1009.6,1009.6,2.7,5.3
2024-06-23 15:25:00+02:00,25.6,25.6,26.1,13.9,49.0,29.7,81.0,614.4,5.0,0.0,0.0,0.0,0.0,0.0,63.0,215.8,3.7,11.2,276.0,1009.6,1009.6,2.7,5.3
2024-06-23 15:30:00+02:00,24.9,24.9,25.7,13.9,50.0,29.7,81.0,514.6,4.0,0.0,0.0,0.0,0.0,0.0,63.0,215.8,2.2,10.8,262.0,1009.5,1009.5,2.7,5.3
2024-06-23 15:35:00+02:00,24.4,24.4,24.9,13.9,52.0,29.7,81.0,396.4,3.0,0.0,0.0,0.0,0.0,0.0,63.0,215.8,3.9,7.6,122.0,1009.6,1009.6,2.7,5.3
2024-06-23 15:40:00+02:00,24.5,24.5,25.3,13.8,51.0,29.7,81.0,627.9,5.0,0.0,0.0,0.0,0.0,0.0,63.0,215.8,1.9,7.6,133.0,1009.5,1009.5,2.7,5.3
2024-06-23 15:45:00+02:00,24.5,24.5,23.8,13.3,50.0,29.8,81.0,166.1,1.0,0.0,0.0,0.0,0.0,0.0,63.0,215.8,9.1,15.8,294.0,1009.6,1009.6,2.7,5.3
2024-06-23 15:50:00+02:00,24.2,24.2,24.5,13.1,50.0,29.8,81.0,186.7,1.0,0.0,0.0,0.0,0.0,0.0,63.0,215.8,3.2,11.2,304.0,1009.5,1009.5,2.7,5.3
2024-06-23 15:55:00+02:00,24.5,24.5,24.8,12.9,48.0,29.8,81.0,162.2,1.0,0.0,0.0,0.0,0.0,0.0,63.0,215.8,3.1,7.2,277.0,1009.5,1009.5,2.7,5.3
2024-06-23 16:00:00+02:00,23.7,23.7,23.9,13.1,51.0,29.7,81.0,150.8,1.0,0.0,0.0,0.0,0.0,0.0,63.0,215.8,4.2,11.5,286.0,1009.5,1009.5,2.7,5.3
2024-06-23 16:05:00+02:00,23.4,23.4,23.1,13.2,53.0,29.7,81.0,145.5,1.0,0.0,0.0,0.0,0.0,0.0,63.0,215.8,6.4,14.0,294.0,1009.5,1009.5,2.7,5.3
2024-06-23 16:10:00+02:00,23.3,23.3,23.4,13.2,53.0,29.7,81.0,132.3,1.0,0.0,0.0,0.0,0.0,0.0,63.0,215.8,5.1,8.3,298.0,1009.5,1009.5,2.7,5.3
2024-06-23 16:15:00+02:00,23.2,23.2,23.4,13.3,54.0,29.7,81.0,136.0,1.0,0.0,0.0,0.0,0.0,0.0,63.0,215.8,4.1,10.1,284.0,1009.5,1009.5,2.7,5.3
2024-06-23 16:20:00+02:00,23.3,23.3,23.5,13.3,53.0,29.6,81.0,141.5,1.0,0.0,0.0,0.0,0.0,0.0,63.0,215.8,4.0,10.1,293.0,1009.6,1009.6,2.7,5.3
2024-06-23 16:25:00+02:00,23.3,23.3,23.5,13.4,54.0,29.6,81.0,165.9,1.0,0.0,0.0,0.0,0.0,0.0,63.0,215.8,4.2,7.2,298.0,1009.5,1009.5,2.7,5.3
2024-06-23 16:30:00+02:00,23.2,23.2,23.5,13.0,53.0,29.6,81.0,430.0,3.0,0.0,0.0,0.0,0.0,0.0,63.0,215.8,3.1,7.2,309.0,1009.5,1009.5,2.7,5.3
2024-06-23 16:35:00+02:00,24.3,24.3,24.7,13.1,50.0,29.6,81.0,536.2,4.0,0.0,0.0,0.0,0.0,0.0,63.0,215.8,2.5,4.3,169.0,1009.5,1009.5,2.7,5.3
2024-06-23 16:40:00+02:00,25.3,25.3,26.1,13.0,47.0,29.6,81.0,555.2,5.0,0.0,0.0,0.0,0.0,0.0,63.0,215.8,0.8,5.4,171.0,1009.5,1009.5,2.7,5.3
2024-06-23 16:45:00+02:00,26.0,26.0,26.7,14.1,48.0,29.6,81.0,525.6,4.0,0.0,0.0,0.0,0.0,0.0,63.0,215.8,3.1,7.9,133.0,1009.4,1009.4,2.7,5.3
2024-06-23 16:50:00+02:00,25.3,25.3,26.0,13.3,47.0,29.6,82.0,191.6,1.0,0.0,0.0,0.0,0.0,0.0,63.0,215.8,1.5,6.8,168.0,1009.3,1009.3,2.7,5.3
2024-06-23 16:55:00+02:00,25.4,25.4,26.0,13.2,47.0,29.6,82.0,469.9,4.0,0.0,0.0,0.0,0.0,0.0,63.0,215.8,1.7,5.8,231.0,1009.4,1009.4,2.7,5.3
2024-06-23 17:00:00+02:00,25.0,25.0,24.8,13.3,48.0,29.6,82.0,192.5,1.0,0.0,0.0,0.0,0.0,0.0,63.0,215.8,6.0,16.6,300.0,1009.4,1009.4,2.7,5.3
2024-06-23 17:05:00+02:00,24.1,24.1,23.7,13.0,50.0,29.6,82.0,158.5,1.0,0.0,0.0,0.0,0.0,0.0,63.0,215.8,6.7,12.2,278.0,1009.4,1009.4,2.7,5.3
2024-06-23 17:10:00+02:00,24.0,24.0,24.1,12.9,50.0,29.6,82.0,357.5,3.0,0.0,0.0,0.0,0.0,0.0,63.0,215.8,4.5,12.2,300.0,1009.3,1009.3,2.7,5.3
2024-06-23 17:15:00+02:00,24.1,24.1,24.0,12.5,48.0,29.6,82.0,124.2,1.0,0.0,0.0,0.0,0.0,0.0,63.0,215.8,4.6,7.9,275.0,1009.3,1009.3,2.7,5.3
2024-06-23 17:20:00+02:00,23.9,23.9,24.0,12.5,49.0,29.5,82.0,118.9,1.0,0.0,0.0,0.0,0.0,0.0,63.0,215.8,3.5,8.3,270.0,1009.4,1009.4,2.7,5.3
2024-06-23 17:25:00+02:00,23.8,23.8,23.3,12.6,50.0,29.5,82.0,357.0,3.0,0.0,0.0,0.0,0.0,0.0,63.0,215.8,6.6,12.2,303.0,1009.4,1009.4,2.7,5.3
2024-06-23 17:30:00+02:00,23.8,23.8,24.2,12.4,49.0,29.5,82.0,129.0,1.0,0.0,0.0,0.0,0.0,0.0,63.0,215.8,2.1,6.8,280.0,1009.3,1009.3,2.7,5.3
2024-06-23 17:35:00+02:00,23.9,23.9,24.4,12.5,49.0,29.4,82.0,120.3,1.0,0.0,0.0,0.0,0.0,0.0,63.0,215.8,1.6,4.7,282.0,1009.4,1009.4,2.7,5.3
2024-06-23 17:40:00+02:00,23.7,23.7,23.8,12.0,48.0,29.4,82.0,327.9,3.0,0.0,0.0,0.0,0.0,0.0,63.0,215.8,2.8,9.0,308.0,1009.4,1009.4,2.7,5.3
2024-06-23 17:45:00+02:00,24.4,24.4,24.7,12.2,47.0,29.4,82.0,390.4,3.0,0.0,0.0,0.0,0.0,0.0,63.0,215.8,1.9,6.8,284.0,1009.4,1009.4,2.7,5.3
2024-06-23 17:50:00+02:00,25.2,25.2,24.6,12.2,44.0,29.3,82.0,390.1,3.0,0.0,0.0,0.0,0.0,0.0,63.0,215.8,6.6,10.1,273.0,1009.4,1009.4,2.7,5.3
2024-06-23 17:55:00+02:00,25.4,25.4,24.7,12.7,45.0,29.3,82.0,367.4,3.0,0.0,0.0,0.0,0.0,0.0,63.0,215.8,7.9,23.8,262.0,1009.3,1009.3,2.7,5.3
2024-06-23 18:00:00+02:00,25.3,25.3,25.4,13.0,47.0,29.3,82.0,354.9,3.0,0.0,0.0,0.0,0.0,0.0,63.0,215.8,3.9,12.6,268.0,1009.4,1009.4,2.7,5.3
2024-06-23 18:05:00+02:00,25.4,25.4,25.4,13.5,48.0,29.3,82.0,324.7,3.0,0.0,0.0,0.0,0.0,0.0,63.0,215.8,5.9,15.5,282.0,1009.4,1009.4,2.7,5.3
2024-06-23 18:10:00+02:00,25.3,25.3,25.2,13.2,47.0,29.2,82.0,307.1,2.0,0.0,0.0,0.0,0.0,0.0,63.0,215.8,5.5,14.4,273.0,1009.4,1009.4,2.7,5.3
2024-06-23 18:15:00+02:00,24.8,24.8,24.5,12.8,47.0,29.2,82.0,284.4,2.0,0.0,0.0,0.0,0.0,0.0,63.0,215.8,5.8,15.1,284.0,1009.4,1009.4,2.7,5.3
2024-06-23 18:20:00+02:00,24.4,24.4,23.8,12.7,48.0,29.2,82.0,107.1,0.0,0.0,0.0,0.0,0.0,0.0,63.0,215.8,7.1,10.4,279.0,1009.4,1009.4,2.7,5.3
2024-06-23 18:25:00+02:00,24.2,24.2,23.9,12.4,48.0,29.1,82.0,113.0,1.0,0.0,0.0,0.0,0.0,0.0,63.0,215.8,5.5,11.9,274.0,1009.4,1009.4,2.7,5.3
2024-06-23 18:30:00+02:00,24.2,24.2,23.6,12.9,49.0,29.1,82.0,116.0,1.0,0.0,0.0,0.0,0.0,0.0,63.0,215.8,7.3,14.0,304.0,1009.4,1009.4,2.7,5.3
2024-06-23 18:35:00+02:00,23.7,23.7,23.8,12.8,50.0,29.0,82.0,115.8,1.0,0.0,0.0,0.0,0.0,0.0,63.0,215.8,3.8,11.9,287.0,1009.4,1009.4,2.7,5.3
2024-06-23 18:40:00+02:00,23.9,23.9,24.1,12.8,50.0,29.0,82.0,126.1,1.0,0.0,0.0,0.0,0.0,0.0,63.0,215.8,3.0,7.6,270.0,1009.5,1009.5,2.7,5.3
2024-06-23 18:45:00+02:00,23.8,23.8,23.8,12.6,49.0,29.0,82.0,139.2,1.0,0.0,0.0,0.0,0.0,0.0,63.0,215.8,4.5,9.0,276.0,1009.4,1009.4,2.7,5.3
2024-06-23 18:50:00+02:00,23.8,23.8,23.6,12.2,48.0,28.9,82.0,172.6,1.0,0.0,0.0,0.0,0.0,0.0,63.0,215.8,4.8,8.3,291.0,1009.5,1009.5,2.7,5.3
2024-06-23 18:55:00+02:00,23.9,23.9,24.0,12.3,48.0,28.9,82.0,133.5,1.0,0.0,0.0,0.0,0.0,0.0,63.0,215.8,3.0,6.8,331.0,1009.5,1009.5,2.7,5.3
2024-06-23 19:00:00+02:00,23.7,23.7,23.9,13.1,51.0,28.9,82.0,78.0,0.0,0.0,0.0,0.0,0.0,0.0,63.0,215.8,3.9,7.9,286.0,1009.6,1009.6,2.7,5.3
2024-06-23 19:05:00+02:00,23.4,23.4,23.7,13.1,52.0,28.8,82.0,61.5,0.0,0.0,0.0,0.0,0.0,0.0,63.0,215.8,3.4,7.2,303.0,1009.5,1009.5,2.7,5.3
2024-06-23 19:10:00+02:00,23.3,23.3,23.9,12.9,52.0,28.8,82.0,61.6,0.0,0.0,0.0,0.0,0.0,0.0,63.0,215.8,2.1,5.8,292.0,1009.5,1009.5,2.7,5.3
2024-06-23 19:15:00+02:00,23.6,23.6,24.0,12.9,51.0,28.7,82.0,60.5,0.0,0.0,0.0,0.0,0.0,0.0,63.0,215.8,2.9,4.7,307.0,1009.4,1009.4,2.7,5.3
2024-06-23 19:20:00+02:00,23.7,23.7,23.7,12.5,49.0,28.7,82.0,60.8,0.0,0.0,0.0,0.0,0.0,0.0,63.0,215.8,3.9,9.0,353.0,1009.5,1009.5,2.7,5.3
2024-06-23 19:25:00+02:00,23.8,23.8,23.6,12.8,50.0,28.7,82.0,67.5,0.0,0.0,0.0,0.0,0.0,0.0,63.0,215.8,5.7,10.4,325.0,1009.5,1009.5,2.7,5.3
2024-06-23 19:30:00+02:00,23.9,23.9,24.0,12.9,50.0,28.6,82.0,74.6,0.0,0.0,0.0,0.0,0.0,0.0,63.0,215.8,3.8,9.4,275.0,1009.6,1009.6,2.7,5.3
2024-06-23 19:35:00+02:00,23.9,23.9,23.4,13.0,50.0,28.6,82.0,86.0,0.0,0.0,0.0,0.0,0.0,0.0,63.0,215.8,7.2,12.6,307.0,1009.6,1009.6,2.7,5.3
2024-06-23 19:40:00+02:00,23.9,23.9,23.6,13.1,51.0,28.6,83.0,89.3,0.0,0.0,0.0,0.0,0.0,0.0,63.0,215.8,6.3,13.7,277.0,1009.6,1009.6,2.7,5.3
2024-06-23 19:45:00+02:00,23.8,23.8,23.4,12.9,50.0,28.5,83.0,87.3,0.0,0.0,0.0,0.0,0.0,0.0,63.0,215.8,6.9,14.0,278.0,1009.7,1009.7,2.7,5.3
2024-06-23 19:50:00+02:00,23.9,23.9,23.7,12.6,49.0,28.5,83.0,79.2,0.0,0.0,0.0,0.0,0.0,0.0,63.0,215.8,5.2,11.9,260.0,1009.7,1009.7,2.7,5.3
2024-06-23 19:55:00+02:00,23.9,23.9,24.0,12.8,50.0,28.5,83.0,69.8,0.0,0.0,0.0,0.0,0.0,0.0,63.0,215.8,4.1,8.3,294.0,1009.7,1009.7,2.7,5.3
2024-06-23 20:00:00+02:00,23.6,23.6,22.9,12.8,51.0,28.4,83.0,59.8,0.0,0.0,0.0,0.0,0.0,0.0,63.0,215.8,8.1,11.9,309.0,1009.8,1009.8,2.7,5.3
2024-06-23 20:05:00+02:00,23.5,23.5,23.5,12.8,51.0,28.4,83.0,52.4,0.0,0.0,0.0,0.0,0.0,0.0,63.0,215.8,4.3,8.6,298.0,1009.8,1009.8,2.7,5.3
2024-06-23 20:10:00+02:00,23.5,23.5,23.4,12.8,51.0,28.3,83.0,46.8,0.0,0.0,0.0,0.0,0.0,0.0,63.0,215.8,4.6,7.2,289.0,1009.7,1009.7,2.7,5.3
2024-06-23 20:15:00+02:00,23.3,23.3,23.5,12.9,52.0,28.3,83.0,43.9,0.0,0.0,0.0,0.0,0.0,0.0,63.0,215.8,4.2,8.6,294.0,1009.7,1009.7,2.7,5.2
2024-06-23 20:20:00+02:00,23.3,23.3,22.9,12.5,51.0,28.3,83.0,40.0,0.0,0.0,0.0,0.0,0.0,0.0,63.0,215.8,5.8,10.8,274.0,1009.9,1009.9,2.7,5.2
2024-06-23 20:25:00+02:00,23.2,23.2,23.3,12.5,51.0,28.3,83.0,36.0,0.0,0.0,0.0,0.0,0.0,0.0,63.0,215.8,3.6,8.6,275.0,1009.8,1009.8,2.7,5.2
2024-06-23 20:30:00+02:00,23.1,23.1,23.4,12.6,51.0,28.2,83.0,32.8,0.0,0.0,0.0,0.0,0.0,0.0,63.0,215.8,2.7,7.6,266.0,1009.7,1009.7,2.7,5.2
2024-06-23 20:35:00+02:00,23.1,23.1,23.1,12.8,52.0,28.2,83.0,30.1,0.0,0.0,0.0,0.0,0.0,0.0,63.0,215.8,4.2,8.3,282.0,1009.7,1009.7,2.7,5.2
2024-06-23 20:40:00+02:00,22.8,22.8,22.7,12.9,53.0,28.2,83.0,28.6,0.0,0.0,0.0,0.0,0.0,0.0,63.0,215.8,5.3,9.7,262.0,1009.8,1009.8,2.7,5.2
2024-06-23 20:45:00+02:00,22.8,22.8,22.7,12.8,53.0,28.1,83.0,26.7,0.0,0.0,0.0,0.0,0.0,0.0,63.0,215.8,5.1,6.8,282.0,1009.9,1009.9,2.7,5.2
2024-06-23 20:50:00+02:00,22.6,22.6,23.3,13.3,56.0,28.1,83.0,24.5,0.0,0.0,0.0,0.0,0.0,0.0,63.0,215.8,1.4,6.8,274.0,1010.0,1010.0,2.7,5.2
2024-06-23 20:55:00+02:00,22.4,22.4,22.7,13.0,55.0,28.0,82.0,22.3,0.0,0.0,0.0,0.0,0.0,0.0,63.0,215.8,3.0,5.4,269.0,1010.0,1010.0,2.7,5.2
2024-06-23 21:00:00+02:00,22.3,22.3,22.6,12.9,55.0,27.9,82.0,20.0,0.0,0.0,0.0,0.0,0.0,0.0,63.0,215.8,2.9,5.8,254.0,1010.0,1010.0,2.7,5.2
2024-06-23 21:05:00+02:00,22.1,22.1,22.8,13.1,57.0,27.9,82.0,17.9,0.0,0.0,0.0,0.0,0.0,0.0,63.0,215.8,1.4,5.0,289.0,1010.0,1010.0,2.7,5.2
2024-06-23 21:10:00+02:00,21.9,21.9,22.9,13.3,58.0,27.8,82.0,15.8,0.0,0.0,0.0,0.0,0.0,0.0,63.0,215.8,0.0,3.6,320.0,1010.1,1010.1,2.7,5.2
2024-06-23 21:15:00+02:00,21.6,21.6,22.7,13.5,60.0,27.8,82.0,14.2,0.0,0.0,0.0,0.0,0.0,0.0,63.0,215.8,0.0,1.8,167.0,1010.1,1010.1,2.7,5.2
2024-06-23 21:20:00+02:00,21.3,21.3,22.4,13.5,61.0,27.7,82.0,12.2,0.0,0.0,0.0,0.0,0.0,0.0,63.0,215.8,0.0,1.8,146.0,1010.1,1010.1,2.7,5.2
2024-06-23 21:25:00+02:00,20.7,20.7,21.8,13.7,64.0,27.7,82.0,10.3,0.0,0.0,0.0,0.0,0.0,0.0,63.0,215.8,0.4,2.2,127.0,1010.2,1010.2,2.7,5.2
2024-06-23 21:30:00+02:00,20.3,20.3,21.5,13.7,66.0,27.6,82.0,8.4,0.0,0.0,0.0,0.0,0.0,0.0,63.0,215.8,0.0,1.8,119.0,1010.2,1010.2,2.7,5.2
2024-06-23 21:35:00+02:00,20.1,20.1,21.2,13.7,67.0,27.5,82.0,6.8,0.0,0.0,0.0,0.0,0.0,0.0,63.0,215.8,0.0,1.8,127.0,1010.3,1010.3,2.7,5.2
2024-06-23 21:40:00+02:00,19.7,19.7,20.8,13.6,67.0,27.4,82.0,5.2,0.0,0.0,0.0,0.0,0.0,0.0,63.0,215.8,0.4,1.8,130.0,1010.2,1010.2,2.7,5.2
2024-06-23 21:45:00+02:00,19.5,19.5,20.5,13.6,69.0,27.3,82.0,4.0,0.0,0.0,0.0,0.0,0.0,0.0,63.0,215.8,0.4,2.2,119.0,1010.3,1010.3,2.7,5.2
2024-06-23 21:50:00+02:00,19.2,19.2,19.9,13.6,70.0,27.3,82.0,2.8,0.0,0.0,0.0,0.0,0.0,0.0,63.0,215.8,2.0,2.9,131.0,1010.4,1010.4,2.7,5.2
2024-06-23 21:55:00+02:00,18.8,18.8,19.6,13.7,72.0,27.2,82.0,2.0,0.0,0.0,0.0,0.0,0.0,0.0,63.0,215.8,2.2,2.9,123.0,1010.5,1010.5,2.7,5.2
2024-06-23 22:00:00+02:00,18.6,18.6,19.4,13.5,73.0,27.1,82.0,1.3,0.0,0.0,0.0,0.0,0.0,0.0,63.0,215.8,1.5,2.9,120.0,1010.4,1010.4,2.7,5.2
2024-06-23 22:05:00+02:00,18.3,18.3,19.4,13.6,74.0,27.0,82.0,0.8,0.0,0.0,0.0,0.0,0.0,0.0,63.0,215.8,0.4,2.2,124.0,1010.4,1010.4,2.7,5.2
2024-06-23 22:10:00+02:00,18.2,18.2,19.3,13.8,76.0,26.9,82.0,0.5,0.0,0.0,0.0,0.0,0.0,0.0,63.0,215.8,0.5,2.2,114.0,1010.4,1010.4,2.7,5.2
2024-06-23 22:15:00+02:00,17.9,17.9,19.0,13.7,76.0,26.8,82.0,0.2,0.0,0.0,0.0,0.0,0.0,0.0,63.0,215.8,0.4,1.8,125.0,1010.5,1010.5,2.7,5.2
2024-06-23 22:20:00+02:00,17.7,17.7,18.8,13.7,77.0,26.7,81.0,0.2,0.0,0.0,0.0,0.0,0.0,0.0,63.0,215.8,0.0,1.8,99.0,1010.5,1010.5,2.7,5.2
2024-06-23 22:25:00+02:00,17.5,17.5,18.7,13.7,78.0,26.6,81.0,0.1,0.0,0.0,0.0,0.0,0.0,0.0,63.0,215.8,0.0,2.2,111.0,1010.5,1010.5,2.7,5.2
2024-06-23 22:30:00+02:00,17.3,17.3,18.2,13.7,79.0,26.5,81.0,0.0,0.0,0.0,0.0,0.0,0.0,0.0,63.0,215.8,1.6,2.9,108.0,1010.5,1010.5,2.7,5.2
2024-06-23 22:35:00+02:00,17.2,17.2,18.0,13.9,81.0,26.5,81.0,0.0,0.0,0.0,0.0,0.0,0.0,0.0,63.0,215.8,1.7,2.9,107.0,1010.5,1010.5,2.7,5.1
2024-06-23 22:40:00+02:00,17.0,17.0,17.8,13.7,81.0,26.3,81.0,0.0,0.0,0.0,0.0,0.0,0.0,0.0,63.0,215.8,1.6,2.9,107.0,1010.5,1010.5,2.7,5.1
2024-06-23 22:45:00+02:00,16.9,16.9,18.1,13.8,82.0,26.3,81.0,0.0,0.0,0.0,0.0,0.0,0.0,0.0,63.0,215.8,0.0,2.9,126.0,1010.6,1010.6,2.7,5.1
2024-06-23 22:50:00+02:00,16.7,16.7,17.8,13.9,84.0,26.2,81.0,0.0,0.0,0.0,0.0,0.0,0.0,0.0,63.0,215.8,0.9,2.9,125.0,1010.6,1010.6,2.7,5.1
2024-06-23 22:55:00+02:00,16.5,16.5,17.2,13.7,83.0,26.1,81.0,0.0,0.0,0.0,0.0,0.0,0.0,0.0,63.0,215.8,2.6,3.2,125.0,1010.6,1010.6,2.7,5.1
2024-06-23 23:00:00+02:00,16.4,16.4,17.3,13.8,84.0,26.0,81.0,0.0,0.0,0.0,0.0,0.0,0.0,0.0,63.0,215.8,1.5,2.9,119.0,1010.6,1010.6,2.7,5.1
2024-06-23 23:05:00+02:00,16.3,16.3,17.1,13.8,85.0,25.9,81.0,0.0,0.0,0.0,0.0,0.0,0.0,0.0,63.0,215.8,2.3,3.2,116.0,1010.6,1010.6,2.7,5.1
2024-06-23 23:10:00+02:00,16.3,16.3,16.9,13.8,85.0,25.8,81.0,0.0,0.0,0.0,0.0,0.0,0.0,0.0,63.0,215.8,2.6,3.6,115.0,1010.7,1010.7,2.7,5.1
2024-06-23 23:15:00+02:00,16.1,16.1,17.1,13.7,85.0,25.7,81.0,0.0,0.0,0.0,0.0,0.0,0.0,0.0,63.0,215.8,0.8,3.2,117.0,1010.7,1010.7,2.7,5.1
2024-06-23 23:20:00+02:00,16.0,16.0,17.0,13.8,87.0,25.6,81.0,0.0,0.0,0.0,0.0,0.0,0.0,0.0,63.0,215.8,0.9,2.9,105.0,1010.7,1010.7,2.7,5.1
2024-06-23 23:25:00+02:00,15.9,15.9,16.6,13.7,87.0,25.5,81.0,0.0,0.0,0.0,0.0,0.0,0.0,0.0,63.0,215.8,2.4,3.2,111.0,1010.7,1010.7,2.7,5.1
2024-06-23 23:30:00+02:00,15.9,15.9,16.7,13.7,87.0,25.4,81.0,0.0,0.0,0.0,0.0,0.0,0.0,0.0,63.0,215.8,1.9,3.2,113.0,1010.8,1010.8,2.7,5.1
2024-06-23 23:35:00+02:00,15.7,15.7,16.7,13.7,88.0,25.3,81.0,0.0,0.0,0.0,0.0,0.0,0.0,0.0,63.0,215.8,1.1,2.5,105.0,1010.6,1010.6,2.7,5.1
2024-06-23 23:40:00+02:00,15.6,15.6,16.5,13.6,88.0,25.2,81.0,0.0,0.0,0.0,0.0,0.0,0.0,0.0,63.0,215.8,1.2,2.9,108.0,1010.7,1010.7,2.7,5.1
2024-06-23 23:45:00+02:00,15.5,15.5,16.2,13.7,89.0,25.1,81.0,0.0,0.0,0.0,0.0,0.0,0.0,0.0,63.0,215.8,2.5,3.2,109.0,1010.7,1010.7,2.7,5.1
2024-06-23 23:50:00+02:00,15.4,15.4,16.2,13.7,89.0,25.0,81.0,0.0,0.0,0.0,0.0,0.0,0.0,0.0,63.0,215.8,2.0,2.9,114.0,1010.8,1010.8,2.7,5.1
2024-06-23 23:55:00+02:00,15.4,15.4,16.2,13.7,89.0,24.8,81.0,0.0,0.0,0.0,0.0,0.0,0.0,0.0,63.0,215.8,2.0,2.9,112.0,1010.8,1010.8,2.7,5.1
2024-06-24 00:00:00+02:00,15.3,15.3,16.4,13.7,90.0,24.7,80.0,0.0,0.0,0.0,0.0,0.0,0.0,0.0,63.0,215.8,0.4,2.5,122.0,1010.8,1010.8,2.7,5.1
2024-06-24 00:05:00+02:00,15.2,15.2,16.4,13.6,90.0,24.7,81.0,0.0,0.0,0.0,0.0,0.0,0.0,0.0,63.0,215.8,0.0,0.0,103.0,1010.9,1010.9,2.7,5.1
2024-06-24 00:10:00+02:00,15.0,15.0,16.1,13.6,91.0,24.5,81.0,0.0,0.0,0.0,0.0,0.0,0.0,0.0,63.0,215.8,0.0,2.2,112.0,1011.0,1011.0,2.7,5.1
2024-06-24 00:15:00+02:00,15.0,15.0,15.9,13.7,92.0,24.4,81.0,0.0,0.0,0.0,0.0,0.0,0.0,0.0,63.0,215.8,1.4,2.5,106.0,1011.0,1011.0,2.7,5.1
2024-06-24 00:20:00+02:00,15.0,15.0,15.8,13.7,92.0,24.3,81.0,0.0,0.0,0.0,0.0,0.0,0.0,0.0,63.0,215.8,1.7,3.2,109.0,1011.0,1011.0,2.7,5.1
2024-06-24 00:25:00+02:00,15.0,15.0,15.7,13.7,92.0,24.3,81.0,0.0,0.0,0.0,0.0,0.0,0.0,0.0,63.0,215.8,2.2,2.9,120.0,1011.1,1011.1,2.7,5.0
2024-06-24 00:30:00+02:00,14.9,14.9,15.8,13.6,92.0,24.2,81.0,0.0,0.0,0.0,0.0,0.0,0.0,0.0,63.0,215.8,1.3,3.2,120.0,1011.2,1011.2,2.7,5.0
2024-06-24 00:35:00+02:00,14.8,14.8,15.4,13.5,92.0,24.1,81.0,0.0,0.0,0.0,0.0,0.0,0.0,0.0,63.0,215.8,2.7,3.6,123.0,1011.0,1011.0,2.7,5.0
2024-06-24 00:40:00+02:00,14.8,14.8,15.4,13.5,92.0,24.0,80.0,0.0,0.0,0.0,0.0,0.0,0.0,0.0,63.0,215.8,2.7,4.3,116.0,1011.1,1011.1,2.7,5.0
2024-06-24 00:45:00+02:00,14.7,14.7,15.5,13.6,93.0,23.9,80.0,0.0,0.0,0.0,0.0,0.0,0.0,0.0,63.0,215.8,1.8,4.3,218.0,1011.3,1011.3,2.7,5.0
2024-06-24 00:50:00+02:00,14.8,14.8,15.8,13.7,93.0,23.8,80.0,0.0,0.0,0.0,0.0,0.0,0.0,0.0,63.0,215.8,0.7,3.6,97.0,1011.2,1011.2,2.7,5.0
2024-06-24 00:55:00+02:00,14.7,14.7,15.4,13.6,93.0,23.7,81.0,0.0,0.0,0.0,0.0,0.0,0.0,0.0,63.0,215.8,1.9,3.6,118.0,1011.2,1011.2,2.7,5.0
2024-06-24 01:00:00+02:00,14.7,14.7,15.4,13.6,93.0,23.6,81.0,0.0,0.0,0.0,0.0,0.0,0.0,0.0,63.0,215.8,1.8,3.6,130.0,1011.3,1011.3,2.7,5.0
2024-06-24 01:05:00+02:00,14.6,14.6,15.3,13.5,93.0,23.5,80.0,0.0,0.0,0.0,0.0,0.0,0.0,0.0,63.0,215.8,1.9,2.5,117.0,1011.2,1011.2,2.7,5.0
2024-06-24 01:10:00+02:00,14.6,14.6,15.5,13.5,93.0,23.4,80.0,0.0,0.0,0.0,0.0,0.0,0.0,0.0,63.0,215.8,1.0,4.0,129.0,1011.2,1011.2,2.7,5.0
2024-06-24 01:15:00+02:00,14.6,14.6,15.4,13.6,94.0,23.3,80.0,0.0,0.0,0.0,0.0,0.0,0.0,0.0,63.0,215.8,1.3,3.2,130.0,1011.2,1011.2,2.7,5.0
2024-06-24 01:20:00+02:00,14.5,14.5,15.2,13.5,94.0,23.3,80.0,0.0,0.0,0.0,0.0,0.0,0.0,0.0,63.0,215.8,2.1,3.2,113.0,1011.1,1011.1,2.7,5.0
2024-06-24 01:25:00+02:00,14.4,14.4,15.1,13.4,94.0,23.2,80.0,0.0,0.0,0.0,0.0,0.0,0.0,0.0,63.0,215.8,1.9,3.2,115.0,1011.1,1011.1,2.7,5.0
2024-06-24 01:30:00+02:00,14.4,14.4,15.0,13.4,94.0,23.1,80.0,0.0,0.0,0.0,0.0,0.0,0.0,0.0,63.0,215.8,2.5,3.6,107.0,1011.1,1011.1,2.7,5.0
2024-06-24 01:35:00+02:00,14.4,14.4,15.1,13.5,95.0,23.0,80.0,0.0,0.0,0.0,0.0,0.0,0.0,0.0,63.0,215.8,2.1,3.2,113.0,1011.2,1011.2,2.7,5.0
2024-06-24 01:40:00+02:00,14.3,14.3,15.0,13.5,95.0,22.9,80.0,0.0,0.0,0.0,0.0,0.0,0.0,0.0,63.0,215.8,2.3,3.6,115.0,1011.2,1011.2,2.7,5.0
2024-06-24 01:45:00+02:00,14.2,14.2,14.8,13.5,95.0,22.8,80.0,0.0,0.0,0.0,0.0,0.0,0.0,0.0,63.0,215.8,2.7,3.6,107.0,1011.2,1011.2,2.7,5.0
2024-06-24 01:50:00+02:00,14.2,14.2,14.8,13.4,95.0,22.8,80.0,0.0,0.0,0.0,0.0,0.0,0.0,0.0,63.0,215.8,2.4,3.2,108.0,1011.1,1011.1,2.7,5.0
2024-06-24 01:55:00+02:00,14.2,14.2,14.8,13.5,95.0,22.7,80.0,0.0,0.0,0.0,0.0,0.0,0.0,0.0,63.0,215.8,2.3,2.9,106.0,1011.1,1011.1,2.7,5.0
2024-06-24 02:00:00+02:00,14.2,14.2,15.0,13.6,96.0,22.6,80.0,0.0,0.0,0.0,0.0,0.0,0.0,0.0,63.0,215.8,1.3,2.9,114.0,1011.2,1011.2,2.7,5.0
2024-06-24 02:05:00+02:00,14.1,14.1,14.9,13.5,96.0,22.5,81.0,0.0,0.0,0.0,0.0,0.0,0.0,0.0,63.0,215.8,1.3,2.9,109.0,1011.1,1011.1,2.7,5.0
2024-06-24 02:10:00+02:00,14.0,14.0,14.6,13.4,96.0,22.4,80.0,0.0,0.0,0.0,0.0,0.0,0.0,0.0,63.0,215.8,2.5,3.6,109.0,1011.1,1011.1,2.7,5.0
2024-06-24 02:15:00+02:00,14.0,14.0,14.9,13.4,96.0,22.4,81.0,0.0,0.0,0.0,0.0,0.0,0.0,0.0,63.0,215.8,1.0,3.2,106.0,1011.2,1011.2,2.7,4.9
2024-06-24 02:20:00+02:00,14.0,14.0,14.7,13.3,96.0,22.3,81.0,0.0,0.0,0.0,0.0,0.0,0.0,0.0,63.0,215.8,1.5,2.9,109.0,1011.2,1011.2,2.7,4.9
2024-06-24 02:25:00+02:00,13.8,13.8,14.8,13.2,96.0,22.2,81.0,0.0,0.0,0.0,0.0,0.0,0.0,0.0,63.0,215.8,0.4,2.5,121.0,1011.2,1011.2,2.7,4.9
2024-06-24 02:30:00+02:00,13.7,13.7,14.6,13.1,96.0,22.2,81.0,0.0,0.0,0.0,0.0,0.0,0.0,0.0,63.0,215.8,0.4,2.2,112.0,1011.1,1011.1,2.7,4.9
2024-06-24 02:35:00+02:00,13.7,13.7,14.3,13.2,97.0,22.1,81.0,0.0,0.0,0.0,0.0,0.0,0.0,0.0,63.0,215.8,1.9,3.2,115.0,1011.1,1011.1,2.7,4.9
2024-06-24 02:40:00+02:00,13.8,13.8,14.3,13.3,97.0,22.0,81.0,0.0,0.0,0.0,0.0,0.0,0.0,0.0,63.0,215.8,2.4,3.6,116.0,1011.0,1011.0,2.7,4.9
2024-06-24 02:45:00+02:00,13.8,13.8,14.4,13.3,97.0,22.0,81.0,0.0,0.0,0.0,0.0,0.0,0.0,0.0,63.0,215.8,1.9,3.6,117.0,1011.0,1011.0,2.7,4.9
2024-06-24 02:50:00+02:00,13.7,13.7,14.3,13.3,97.0,21.9,81.0,0.0,0.0,0.0,0.0,0.0,0.0,0.0,63.0,215.8,1.9,2.9,114.0,1011.2,1011.2,2.7,4.9
2024-06-24 02:55:00+02:00,13.7,13.7,14.3,13.3,97.0,21.8,81.0,0.0,0.0,0.0,0.0,0.0,0.0,0.0,63.0,215.8,2.0,3.6,118.0,1011.1,1011.1,2.7,4.9
2024-06-24 03:00:00+02:00,13.7,13.7,14.2,13.2,97.0,21.7,81.0,0.0,0.0,0.0,0.0,0.0,0.0,0.0,63.0,215.8,2.4,3.2,121.0,1011.2,1011.2,2.7,4.9
2024-06-24 03:05:00+02:00,13.6,13.6,14.4,13.1,97.0,21.7,81.0,0.0,0.0,0.0,0.0,0.0,0.0,0.0,63.0,215.8,0.9,2.9,127.0,1011.1,1011.1,2.7,4.9
2024-06-24 03:10:00+02:00,13.5,13.5,14.2,13.0,97.0,21.6,81.0,0.0,0.0,0.0,0.0,0.0,0.0,0.0,63.0,215.8,1.2,2.5,118.0,1011.0,1011.0,2.7,4.9
2024-06-24 03:15:00+02:00,13.5,13.5,14.0,13.1,97.0,21.6,81.0,0.0,0.0,0.0,0.0,0.0,0.0,0.0,63.0,215.8,2.3,3.2,114.0,1011.2,1011.2,2.7,4.9
2024-06-24 03:20:00+02:00,13.5,13.5,14.0,13.1,97.0,21.5,81.0,0.0,0.0,0.0,0.0,0.0,0.0,0.0,63.0,215.8,2.5,3.2,119.0,1011.0,1011.0,2.7,4.9
2024-06-24 03:25:00+02:00,13.4,13.4,14.0,12.9,97.0,21.4,81.0,0.0,0.0,0.0,0.0,0.0,0.0,0.0,63.0,215.8,1.6,2.9,112.0,1011.0,1011.0,2.7,4.9
2024-06-24 03:30:00+02:00,13.3,13.3,14.2,12.9,97.0,21.3,81.0,0.0,0.0,0.0,0.0,0.0,0.0,0.0,63.0,215.8,0.4,2.5,111.0,1011.0,1011.0,2.7,4.9
2024-06-24 03:35:00+02:00,13.2,13.2,13.9,12.8,97.0,21.3,81.0,0.0,0.0,0.0,0.0,0.0,0.0,0.0,63.0,215.8,0.4,2.2,115.0,1011.0,1011.0,2.7,4.9
2024-06-24 03:40:00+02:00,13.2,13.2,14.0,12.7,97.0,21.2,81.0,0.0,0.0,0.0,0.0,0.0,0.0,0.0,63.0,215.8,0.0,2.2,108.0,1011.2,1011.2,2.7,4.9
2024-06-24 03:45:00+02:00,13.1,13.1,13.8,12.8,98.0,21.2,81.0,0.0,0.0,0.0,0.0,0.0,0.0,0.0,63.0,215.8,0.7,2.2,106.0,1011.1,1011.1,2.7,4.9
2024-06-24 03:50:00+02:00,13.2,13.2,13.9,12.8,98.0,21.1,81.0,0.0,0.0,0.0,0.0,0.0,0.0,0.0,63.0,215.8,0.4,2.2,126.0,1011.0,1011.0,2.7,4.9
2024-06-24 03:55:00+02:00,13.1,13.1,13.9,12.8,98.0,21.1,81.0,0.0,0.0,0.0,0.0,0.0,0.0,0.0,63.0,215.8,0.0,2.2,111.0,1011.0,1011.0,2.7,4.8
2024-06-24 04:00:00+02:00,13.2,13.2,13.6,12.8,98.0,21.0,81.0,0.0,0.0,0.0,0.0,0.0,0.0,0.0,63.0,215.8,2.2,3.2,100.0,1011.0,1011.0,2.7,4.8
2024-06-24 04:05:00+02:00,13.1,13.1,13.8,12.8,98.0,21.0,81.0,0.0,0.0,0.0,0.0,0.0,0.0,0.0,63.0,215.8,1.2,3.2,104.0,1011.1,1011.1,2.7,4.8
2024-06-24 04:10:00+02:00,13.1,13.1,13.6,12.7,98.0,20.9,81.0,0.0,0.0,0.0,0.0,0.0,0.0,0.0,63.0,215.8,1.6,2.5,96.0,1011.0,1011.0,2.7,4.8
2024-06-24 04:15:00+02:00,13.1,13.1,13.9,12.8,98.0,20.8,81.0,0.0,0.0,0.0,0.0,0.0,0.0,0.0,63.0,215.8,0.0,2.5,109.0,1011.0,1011.0,2.7,4.8
2024-06-24 04:20:00+02:00,12.9,12.9,13.7,12.6,98.0,20.8,81.0,0.0,0.0,0.0,0.0,0.0,0.0,0.0,63.0,215.8,0.0,1.8,86.0,1010.9,1010.9,2.7,4.8
2024-06-24 04:25:00+02:00,12.8,12.8,13.6,12.5,98.0,20.7,81.0,0.0,0.0,0.0,0.0,0.0,0.0,0.0,63.0,215.8,0.0,2.2,98.0,1011.0,1011.0,2.7,4.8
2024-06-24 04:30:00+02:00,12.9,12.9,13.3,12.6,98.0,20.7,81.0,0.0,0.0,0.0,0.0,0.0,0.0,0.0,63.0,215.8,2.4,3.2,100.0,1010.9,1010.9,2.7,4.8
2024-06-24 04:35:00+02:00,12.9,12.9,13.5,12.6,98.0,20.6,81.0,0.0,0.0,0.0,0.0,0.0,0.0,0.0,63.0,215.8,1.2,2.9,100.0,1010.9,1010.9,2.7,4.8
2024-06-24 04:40:00+02:00,12.9,12.9,13.6,12.6,98.0,20.6,81.0,0.1,0.0,0.0,0.0,0.0,0.0,0.0,63.0,215.8,0.4,2.5,100.0,1010.9,1010.9,2.7,4.8
2024-06-24 04:45:00+02:00,12.9,12.9,13.3,12.6,98.0,20.5,81.0,0.2,0.0,0.0,0.0,0.0,0.0,0.0,63.0,215.8,1.9,2.9,106.0,1010.9,1010.9,2.7,4.8
2024-06-24 04:50:00+02:00,12.9,12.9,13.4,12.5,98.0,20.5,81.0,0.4,0.0,0.0,0.0,0.0,0.0,0.0,63.0,215.8,1.6,2.5,115.0,1010.8,1010.8,2.7,4.8
2024-06-24 04:55:00+02:00,12.8,12.8,13.3,12.5,98.0,20.4,81.0,0.6,0.0,0.0,0.0,0.0,0.0,0.0,63.0,215.8,1.5,2.5,107.0,1010.8,1010.8,2.7,4.8
2024-06-24 05:00:00+02:00,12.9,12.9,13.3,12.5,98.0,20.4,81.0,1.1,0.0,0.0,0.0,0.0,0.0,0.0,63.0,215.8,2.1,2.9,103.0,1010.8,1010.8,2.7,4.8
2024-06-24 05:05:00+02:00,12.9,12.9,13.4,12.5,98.0,20.3,81.0,1.7,0.0,0.0,0.0,0.0,0.0,0.0,63.0,215.8,1.3,2.9,103.0,1010.9,1010.9,2.7,4.8
2024-06-24 05:10:00+02:00,12.8,12.8,13.5,12.4,98.0,20.3,81.0,2.5,0.0,0.0,0.0,0.0,0.0,0.0,63.0,215.8,0.0,2.5,121.0,1010.9,1010.9,2.7,4.8
2024-06-24 05:15:00+02:00,12.8,12.8,13.2,12.4,98.0,20.2,81.0,3.5,0.0,0.0,0.0,0.0,0.0,0.0,63.0,215.8,1.6,2.5,116.0,1010.9,1010.9,2.7,4.8
2024-06-24 05:20:00+02:00,12.8,12.8,13.5,12.4,98.0,20.2,81.0,4.6,0.0,0.0,0.0,0.0,0.0,0.0,63.0,215.8,0.0,2.5,129.0,1010.8,1010.8,2.7,4.8
2024-06-24 05:25:00+02:00,12.6,12.6,13.4,12.3,98.0,20.1,81.0,5.9,0.0,0.0,0.0,0.0,0.0,0.0,63.0,215.8,0.0,1.8,128.0,1010.9,1010.9,2.7,4.8
2024-06-24 05:30:00+02:00,12.6,12.6,13.1,12.3,98.0,20.1,81.0,7.6,0.0,0.0,0.0,0.0,0.0,0.0,63.0,215.8,0.8,2.9,114.0,1010.8,1010.8,2.7,4.8
2024-06-24 05:35:00+02:00,12.8,12.8,13.1,12.4,98.0,20.0,81.0,9.3,0.0,0.0,0.0,0.0,0.0,0.0,63.0,215.8,2.5,3.6,114.0,1010.8,1010.8,2.7,4.8
2024-06-24 05:40:00+02:00,12.7,12.7,13.4,12.4,98.0,20.0,81.0,11.2,0.0,0.0,0.0,0.0,0.0,0.0,63.0,215.8,0.4,2.9,109.0,1010.8,1010.8,2.7,4.8
2024-06-24 05:45:00+02:00,12.8,12.8,13.1,12.5,98.0,19.9,81.0,13.2,0.0,0.0,0.0,0.0,0.0,0.0,63.0,215.8,2.4,3.6,116.0,1011.0,1011.0,2.7,4.7
2024-06-24 05:50:00+02:00,12.8,12.8,13.2,12.6,99.0,19.9,81.0,15.3,0.0,0.0,0.0,0.0,0.0,0.0,63.0,215.8,2.0,3.6,109.0,1011.0,1011.0,2.7,4.7
2024-06-24 05:55:00+02:00,12.8,12.8,13.5,12.6,99.0,19.8,81.0,17.5,0.0,0.0,0.0,0.0,0.0,0.0,63.0,215.8,0.7,2.2,123.0,1011.1,1011.1,2.7,4.7
2024-06-24 06:00:00+02:00,13.0,13.0,13.8,12.8,99.0,19.8,81.0,19.6,0.0,0.0,0.0,0.0,0.0,0.0,63.0,215.8,0.0,1.8,316.0,1011.0,1011.0,2.7,4.7
2024-06-24 06:05:00+02:00,13.0,13.0,13.8,12.7,98.0,19.8,81.0,21.8,0.0,0.0,0.0,0.0,0.0,0.0,63.0,215.8,0.0,1.8,317.0,1011.1,1011.1,2.7,4.7
2024-06-24 06:10:00+02:00,12.9,12.9,13.3,12.8,99.0,19.8,81.0,24.0,0.0,0.0,0.0,0.0,0.0,0.0,63.0,215.8,2.7,4.0,101.0,1011.1,1011.1,2.7,4.7
2024-06-24 06:15:00+02:00,13.0,13.0,13.4,12.9,99.0,19.8,81.0,28.7,0.0,0.0,0.0,0.0,0.0,0.0,63.0,215.8,2.6,4.0,104.0,1011.2,1011.2,2.7,4.7
2024-06-24 06:20:00+02:00,13.2,13.2,13.7,13.0,99.0,19.7,81.0,34.8,0.0,0.0,0.0,0.0,0.0,0.0,63.0,215.8,2.2,2.9,97.0,1011.2,1011.2,2.7,4.7
2024-06-24 06:25:00+02:00,13.4,13.4,14.3,13.2,99.0,19.7,81.0,38.8,0.0,0.0,0.0,0.0,0.0,0.0,63.0,215.8,0.5,2.9,103.0,1011.2,1011.2,2.7,4.7
2024-06-24 06:30:00+02:00,13.7,13.7,14.7,13.4,98.0,19.7,81.0,43.4,0.0,0.0,0.0,0.0,0.0,0.0,63.0,215.8,0.4,2.2,86.0,1011.2,1011.2,2.7,4.7
2024-06-24 06:35:00+02:00,13.8,13.8,14.9,13.5,98.0,19.7,81.0,47.3,0.0,0.0,0.0,0.0,0.0,0.0,63.0,215.8,0.4,2.2,112.0,1011.2,1011.2,2.7,4.7
2024-06-24 06:40:00+02:00,13.8,13.8,14.6,13.5,98.0,19.7,81.0,51.9,0.0,0.0,0.0,0.0,0.0,0.0,63.0,215.8,1.7,2.9,108.0,1011.2,1011.2,2.7,4.7
2024-06-24 06:45:00+02:00,14.0,14.0,14.8,13.7,98.0,19.7,82.0,56.0,0.0,0.0,0.0,0.0,0.0,0.0,63.0,215.8,2.0,2.5,107.0,1011.2,1011.2,2.7,4.8
2024-06-24 06:50:00+02:00,14.2,14.2,15.2,13.9,98.0,19.8,82.0,60.1,0.0,0.0,0.0,0.0,0.0,0.0,63.0,215.8,1.2,2.5,115.0,1011.2,1011.2,2.7,4.8
2024-06-24 06:55:00+02:00,14.6,14.6,15.8,14.3,98.0,19.9,83.0,64.4,0.0,0.0,0.0,0.0,0.0,0.0,63.0,215.8,0.8,2.2,124.0,1011.0,1011.0,2.7,4.8
2024-06-24 07:00:00+02:00,14.7,14.7,15.9,14.4,98.0,20.0,83.0,67.3,0.0,0.0,0.0,0.0,0.0,0.0,63.0,215.8,1.3,3.6,115.0,1011.1,1011.1,2.7,4.8
2024-06-24 07:05:00+02:00,15.1,15.1,16.6,14.7,98.0,20.2,84.0,43.8,0.0,0.0,0.0,0.0,0.0,0.0,63.0,215.8,0.0,1.8,92.0,1011.1,1011.1,2.7,4.8
2024-06-24 07:10:00+02:00,15.2,15.2,16.7,14.8,97.0,20.3,83.0,45.1,0.0,0.0,0.0,0.0,0.0,0.0,63.0,215.8,0.0,1.8,109.0,1011.1,1011.1,2.7,4.8
2024-06-24 07:15:00+02:00,15.2,15.2,16.6,14.7,97.0,20.4,83.0,46.2,0.0,0.0,0.0,0.0,0.0,0.0,63.0,215.8,0.4,2.2,97.0,1011.1,1011.1,2.7,4.8
2024-06-24 07:20:00+02:00,15.2,15.2,16.7,14.6,96.0,20.5,83.0,47.4,0.0,0.0,0.0,0.0,0.0,0.0,63.0,215.8,0.0,2.2,104.0,1011.1,1011.1,2.7,4.8
2024-06-24 07:25:00+02:00,15.4,15.4,17.0,14.8,96.0,20.6,83.0,48.5,0.0,0.0,0.0,0.0,0.0,0.0,63.0,215.8,0.0,1.8,104.0,1011.1,1011.1,2.7,4.8
2024-06-24 07:30:00+02:00,15.5,15.5,16.8,14.7,94.0,20.7,82.0,49.9,0.0,0.0,0.0,0.0,0.0,0.0,63.0,215.8,1.1,2.2,120.0,1011.2,1011.2,2.7,4.8
2024-06-24 07:35:00+02:00,15.9,15.9,17.4,14.7,93.0,20.7,82.0,51.6,0.0,0.0,0.0,0.0,0.0,0.0,63.0,215.8,0.4,2.2,124.0,1011.2,1011.2,2.7,4.8
2024-06-24 07:40:00+02:00,16.2,16.2,17.7,14.8,91.0,20.8,82.0,53.3,0.0,0.0,0.0,0.0,0.0,0.0,63.0,215.8,0.0,2.5,95.0,1011.2,1011.2,2.7,4.8
2024-06-24 07:45:00+02:00,16.5,16.5,18.0,14.7,89.0,20.8,82.0,54.0,0.0,0.0,0.0,0.0,0.0,0.0,63.0,215.8,0.0,2.5,117.0,1011.1,1011.1,2.7,4.9
2024-06-24 07:50:00+02:00,16.7,16.7,18.3,15.1,90.0,20.8,82.0,55.0,0.0,0.0,0.0,0.0,0.0,0.0,63.0,215.8,0.0,1.8,113.0,1011.2,1011.2,2.7,4.9
2024-06-24 07:55:00+02:00,16.9,16.9,18.3,15.0,89.0,20.9,82.0,56.4,0.0,0.0,0.0,0.0,0.0,0.0,63.0,215.8,0.7,2.9,299.0,1011.3,1011.3,2.7,4.9
2024-06-24 08:00:00+02:00,17.4,17.4,19.0,15.0,86.0,20.9,82.0,58.1,0.0,0.0,0.0,0.0,0.0,0.0,63.0,215.8,0.0,3.2,136.0,1011.3,1011.3,2.7,4.9
2024-06-24 08:05:00+02:00,17.6,17.6,19.3,15.2,86.0,20.9,82.0,60.5,0.0,0.0,0.0,0.0,0.0,0.0,63.0,215.8,0.0,2.5,269.0,1011.2,1011.2,2.7,4.9
2024-06-24 08:10:00+02:00,17.9,17.9,19.4,15.0,83.0,20.9,82.0,62.0,0.0,0.0,0.0,0.0,0.0,0.0,63.0,215.8,0.7,3.6,220.0,1011.3,1011.3,2.7,4.9
2024-06-24 08:15:00+02:00,18.3,18.3,19.7,15.2,82.0,21.0,82.0,63.5,0.0,0.0,0.0,0.0,0.0,0.0,63.0,215.8,1.2,2.9,328.0,1011.3,1011.3,2.7,4.9
2024-06-24 08:20:00+02:00,18.6,18.6,19.7,15.2,81.0,21.0,82.0,64.2,0.0,0.0,0.0,0.0,0.0,0.0,63.0,215.8,2.9,4.3,9.0,1011.3,1011.3,2.7,4.9
2024-06-24 08:25:00+02:00,18.7,18.7,20.1,15.4,81.0,21.1,82.0,184.7,1.0,0.0,0.0,0.0,0.0,0.0,63.0,215.8,1.9,3.6,282.0,1011.3,1011.3,2.7,4.9
2024-06-24 08:30:00+02:00,19.2,19.2,20.7,15.3,79.0,21.1,82.0,197.6,1.0,0.0,0.0,0.0,0.0,0.0,63.0,215.8,1.4,3.6,352.0,1011.4,1011.4,2.7,4.9
2024-06-24 08:35:00+02:00,20.0,20.0,21.4,15.6,76.0,21.2,82.0,213.5,1.0,0.0,0.0,0.0,0.0,0.0,63.0,215.8,1.9,4.3,306.0,1011.4,1011.4,2.7,5.0
2024-06-24 08:40:00+02:00,20.4,20.4,22.4,16.0,76.0,21.2,83.0,234.6,2.0,0.0,0.0,0.0,0.0,0.0,63.0,215.8,0.0,3.2,260.0,1011.3,1011.3,2.7,5.0
2024-06-24 08:45:00+02:00,21.1,21.1,23.3,16.8,77.0,21.3,83.0,259.2,2.0,0.0,0.0,0.0,0.0,0.0,63.0,215.8,0.4,2.5,280.0,1011.3,1011.3,2.7,5.1
2024-06-24 08:50:00+02:00,21.6,21.6,23.4,16.0,70.0,21.3,83.0,285.2,2.0,0.0,0.0,0.0,0.0,0.0,63.0,215.8,1.3,4.3,292.0,1011.4,1011.4,2.7,5.1
2024-06-24 08:55:00+02:00,21.5,21.5,22.8,15.6,69.0,21.5,84.0,303.3,2.0,0.0,0.0,0.0,0.0,0.0,63.0,215.8,2.6,4.3,273.0,1011.3,1011.3,2.7,5.2
2024-06-24 09:00:00+02:00,21.9,21.9,22.9,15.0,65.0,21.7,84.0,311.4,2.0,0.0,0.0,0.0,0.0,0.0,63.0,215.8,2.7,6.5,323.0,1011.3,1011.3,2.7,5.2
2024-06-24 09:05:00+02:00,21.9,21.9,22.9,14.8,64.0,21.9,84.0,292.0,2.0,0.0,0.0,0.0,0.0,0.0,63.0,215.8,2.5,10.1,312.0,1011.3,1011.3,2.7,5.2
2024-06-24 09:10:00+02:00,22.0,22.0,23.1,14.9,64.0,22.2,84.0,301.3,2.0,0.0,0.0,0.0,0.0,0.0,63.0,215.8,2.4,7.2,318.0,1011.3,1011.3,2.7,5.2
2024-06-24 09:15:00+02:00,22.7,22.7,23.6,14.4,60.0,22.5,84.0,312.9,2.0,0.0,0.0,0.0,0.0,0.0,63.0,215.8,2.6,7.6,287.0,1011.3,1011.3,2.7,5.2
2024-06-24 09:20:00+02:00,22.7,22.7,24.0,14.3,59.0,22.7,84.0,317.8,2.0,0.0,0.0,0.0,0.0,0.0,63.0,215.8,0.0,7.6,343.0,1011.3,1011.3,2.7,5.2
2024-06-24 09:25:00+02:00,22.9,22.9,23.7,14.5,59.0,22.9,84.0,323.1,3.0,0.0,0.0,0.0,0.0,0.0,63.0,215.8,3.5,9.4,333.0,1011.4,1011.4,2.7,5.3
2024-06-24 09:30:00+02:00,22.8,22.8,23.9,14.6,60.0,23.2,84.0,334.2,3.0,0.0,0.0,0.0,0.0,0.0,63.0,215.8,2.0,7.2,319.0,1011.4,1011.4,2.7,5.3
2024-06-24 09:35:00+02:00,23.2,23.2,24.2,14.4,58.0,23.4,84.0,342.9,3.0,0.0,0.0,0.0,0.0,0.0,63.0,215.8,2.2,6.5,325.0,1011.3,1011.3,2.7,5.3
2024-06-24 09:40:00+02:00,23.5,23.5,24.5,14.3,57.0,23.7,84.0,351.1,3.0,0.0,0.0,0.0,0.0,0.0,63.0,215.8,1.8,5.8,299.0,1011.2,1011.2,2.7,5.3
2024-06-24 09:45:00+02:00,23.6,23.6,24.3,14.2,55.0,23.9,84.0,360.2,3.0,0.0,0.0,0.0,0.0,0.0,63.0,215.8,3.5,6.5,7.0,1011.4,1011.4,2.7,5.3
2024-06-24 09:50:00+02:00,24.3,24.3,25.7,14.6,55.0,24.2,83.0,365.6,3.0,0.0,0.0,0.0,0.0,0.0,63.0,215.8,0.4,4.7,191.0,1011.3,1011.3,2.7,5.3
2024-06-24 09:55:00+02:00,25.4,25.4,26.7,15.1,53.0,24.5,83.0,377.3,3.0,0.0,0.0,0.0,0.0,0.0,63.0,215.8,1.6,6.8,275.0,1011.3,1011.3,2.7,5.3
2024-06-24 10:00:00+02:00,24.1,24.1,24.8,15.0,57.0,24.7,83.0,383.8,3.0,0.0,0.0,0.0,0.0,0.0,63.0,215.8,4.3,7.6,307.0,1011.2,1011.2,2.7,5.3
2024-06-24 10:05:00+02:00,24.0,24.0,24.8,14.0,53.0,25.0,82.0,397.6,3.0,0.0,0.0,0.0,0.0,0.0,63.0,215.8,2.4,8.3,351.0,1011.2,1011.2,2.7,5.3
2024-06-24 10:10:00+02:00,24.0,24.0,24.7,14.3,54.0,25.3,81.0,400.3,3.0,0.0,0.0,0.0,0.0,0.0,63.0,215.8,3.4,7.6,35.0,1011.1,1011.1,2.7,5.3
2024-06-24 10:15:00+02:00,24.0,24.0,24.9,14.0,54.0,25.6,81.0,410.3,3.0,0.0,0.0,0.0,0.0,0.0,63.0,215.8,2.1,4.3,72.0,1011.2,1011.2,2.7,5.3
2024-06-24 10:20:00+02:00,24.3,24.3,25.4,14.5,54.0,25.9,81.0,419.0,3.0,0.0,0.0,0.0,0.0,0.0,63.0,215.8,1.5,5.4,101.0,1011.2,1011.2,2.7,5.3
2024-06-24 10:25:00+02:00,25.0,25.0,25.9,14.6,53.0,26.1,81.0,425.1,3.0,0.0,0.0,0.0,0.0,0.0,63.0,215.8,2.9,8.3,277.0,1011.1,1011.1,2.7,5.3
2024-06-24 10:30:00+02:00,24.6,24.6,25.4,14.8,54.0,26.4,80.0,439.5,4.0,0.0,0.0,0.0,0.0,0.0,63.0,215.8,3.8,8.6,282.0,1011.0,1011.0,2.7,5.3
2024-06-24 10:35:00+02:00,24.6,24.6,25.1,14.8,54.0,26.7,80.0,446.6,4.0,0.0,0.0,0.0,0.0,0.0,63.0,215.8,5.3,8.6,311.0,1011.1,1011.1,2.7,5.3
2024-06-24 10:40:00+02:00,25.1,25.1,26.1,15.0,54.0,26.9,80.0,463.5,4.0,0.0,0.0,0.0,0.0,0.0,63.0,215.8,2.8,7.9,303.0,1011.0,1011.0,2.7,5.3
2024-06-24 10:45:00+02:00,25.8,25.8,26.5,14.6,50.0,27.2,79.0,487.4,4.0,0.0,0.0,0.0,0.0,0.0,63.0,215.8,3.9,8.3,267.0,1011.0,1011.0,2.7,5.3
2024-06-24 10:50:00+02:00,25.0,25.0,25.7,14.6,52.0,27.5,78.0,492.9,4.0,0.0,0.0,0.0,0.0,0.0,63.0,215.8,3.7,10.1,335.0,1011.0,1011.0,2.7,5.3
2024-06-24 10:55:00+02:00,24.2,24.2,25.3,14.3,54.0,27.8,78.0,500.4,4.0,0.0,0.0,0.0,0.0,0.0,63.0,215.8,1.1,9.4,57.0,1010.9,1010.9,2.7,5.3
2024-06-24 11:00:00+02:00,24.4,24.4,25.3,14.6,55.0,28.0,78.0,508.8,4.0,0.0,0.0,0.0,0.0,0.0,63.0,215.8,2.7,7.2,67.0,1010.9,1010.9,2.7,5.3
2024-06-24 11:05:00+02:00,24.7,24.7,25.3,14.1,52.0,28.2,77.0,526.8,4.0,0.0,0.0,0.0,0.0,0.0,63.0,215.8,3.6,7.9,281.0,1010.8,1010.8,2.7,5.3
2024-06-24 11:10:00+02:00,25.4,25.4,26.4,14.3,50.0,28.4,77.0,547.8,5.0,0.0,0.0,0.0,0.0,0.0,63.0,215.8,2.1,7.2,66.0,1010.8,1010.8,2.7,5.3
2024-06-24 11:15:00+02:00,25.1,25.1,25.6,13.9,50.0,28.7,77.0,538.6,5.0,0.0,0.0,0.0,0.0,0.0,63.0,215.8,3.9,8.6,340.0,1011.0,1011.0,2.7,5.3
2024-06-24 11:20:00+02:00,25.1,25.1,25.8,13.9,50.0,28.9,76.0,533.5,4.0,0.0,0.0,0.0,0.0,0.0,63.0,215.8,2.7,7.2,336.0,1010.9,1010.9,2.7,5.3
2024-06-24 11:25:00+02:00,25.2,25.2,25.5,14.0,50.0,29.1,76.0,549.3,5.0,0.0,0.0,0.0,0.0,0.0,63.0,215.8,4.8,9.7,285.0,1010.8,1010.8,2.7,5.3
2024-06-24 11:30:00+02:00,24.8,24.8,25.2,13.8,50.0,29.3,76.0,575.9,5.0,0.0,0.0,0.0,0.0,0.0,63.0,215.8,4.3,7.9,330.0,1010.8,1010.8,2.7,5.3
2024-06-24 11:35:00+02:00,25.5,25.5,25.7,14.1,49.0,29.5,76.0,571.9,5.0,0.0,0.0,0.0,0.0,0.0,63.0,215.8,5.6,10.1,285.0,1010.7,1010.7,2.7,5.3
2024-06-24 11:40:00+02:00,25.1,25.1,25.2,13.8,49.0,29.8,75.0,574.1,5.0,0.0,0.0,0.0,0.0,0.0,63.0,215.8,5.3,13.0,286.0,1010.8,1010.8,2.7,5.3
2024-06-24 11:45:00+02:00,25.3,25.3,25.9,13.8,49.0,30.0,75.0,576.9,5.0,0.0,0.0,0.0,0.0,0.0,63.0,215.8,3.5,11.2,283.0,1010.7,1010.7,2.7,5.3
2024-06-24 11:50:00+02:00,26.3,26.3,27.0,14.1,47.0,30.2,75.0,602.4,5.0,0.0,0.0,0.0,0.0,0.0,63.0,215.8,3.1,7.2,267.0,1010.8,1010.8,2.7,5.3
2024-06-24 11:55:00+02:00,25.7,25.7,26.6,13.8,48.0,30.4,74.0,500.5,4.0,0.0,0.0,0.0,0.0,0.0,63.0,215.8,1.4,6.1,218.0,1010.6,1010.6,2.7,5.3
2024-06-24 12:00:00+02:00,25.6,25.6,25.6,14.0,49.0,30.6,74.0,263.4,2.0,0.0,0.0,0.0,0.0,0.0,63.0,215.8,6.4,13.7,291.0,1010.6,1010.6,2.7,5.3
2024-06-24 12:05:00+02:00,24.5,24.5,24.6,14.2,53.0,30.7,74.0,579.2,5.0,0.0,0.0,0.0,0.0,0.0,63.0,215.8,6.0,14.0,306.0,1010.5,1010.5,2.7,5.3
2024-06-24 12:10:00+02:00,24.4,24.4,24.3,14.1,52.0,30.8,74.0,594.9,5.0,0.0,0.0,0.0,0.0,0.0,63.0,215.8,7.3,13.0,275.0,1010.5,1010.5,2.7,5.3
2024-06-24 12:15:00+02:00,24.0,24.0,24.3,13.8,53.0,30.9,73.0,427.6,3.0,0.0,0.0,0.0,0.0,0.0,63.0,215.8,4.8,14.0,342.0,1010.4,1010.4,2.7,5.3
2024-06-24 12:20:00+02:00,24.3,24.3,24.8,13.9,53.0,31.0,73.0,525.3,4.0,0.0,0.0,0.0,0.0,0.0,63.0,215.8,3.6,13.3,269.0,1010.4,1010.4,2.7,5.3
2024-06-24 12:25:00+02:00,24.2,24.2,24.6,13.7,52.0,31.1,73.0,627.9,5.0,0.0,0.0,0.0,0.0,0.0,63.0,215.8,4.1,13.3,310.0,1010.4,1010.4,2.7,5.3
2024-06-24 12:30:00+02:00,24.8,24.8,25.3,13.6,50.0,31.1,73.0,629.0,5.0,0.0,0.0,0.0,0.0,0.0,63.0,215.8,2.8,10.1,328.0,1010.5,1010.5,2.7,5.3
2024-06-24 12:35:00+02:00,25.2,25.2,25.3,13.9,50.0,31.2,73.0,629.3,5.0,0.0,0.0,0.0,0.0,0.0,63.0,215.8,5.8,12.2,345.0,1010.4,1010.4,2.7,5.3
2024-06-24 12:40:00+02:00,25.3,25.3,25.4,14.1,50.0,31.3,73.0,629.0,5.0,0.0,0.0,0.0,0.0,0.0,63.0,215.8,6.1,12.2,315.0,1010.4,1010.4,2.7,5.3
2024-06-24 12:45:00+02:00,24.8,24.8,24.9,13.8,51.0,31.3,73.0,133.4,1.0,0.0,0.0,0.0,0.0,0.0,63.0,215.8,5.5,7.9,290.0,1010.3,1010.3,2.7,5.3
2024-06-24 12:50:00+02:00,24.8,24.8,24.9,13.4,49.0,31.4,73.0,656.9,6.0,0.0,0.0,0.0,0.0,0.0,63.0,215.8,4.8,8.6,266.0,1010.3,1010.3,2.7,5.3
2024-06-24 12:55:00+02:00,26.0,26.0,26.7,13.7,47.0,31.5,73.0,663.6,6.0,0.0,0.0,0.0,0.0,0.0,63.0,215.8,2.0,7.6,339.0,1010.3,1010.3,2.7,5.3
2024-06-24 13:00:00+02:00,26.4,26.4,26.6,14.0,47.0,31.5,73.0,667.9,6.0,0.0,0.0,0.0,0.0,0.0,63.0,215.8,5.6,9.0,314.0,1010.4,1010.4,2.7,5.3
2024-06-24 13:05:00+02:00,26.8,26.9,28.0,13.9,45.0,31.6,73.0,191.2,1.0,0.0,0.0,0.0,0.0,0.0,63.0,215.8,0.0,4.7,170.0,1010.0,1010.0,2.7,5.3
2024-06-24 13:10:00+02:00,27.5,27.5,27.5,14.2,44.0,31.7,73.0,626.2,5.0,0.0,0.0,0.0,0.0,0.0,63.0,215.8,6.8,10.4,16.0,1010.3,1010.3,2.7,5.3
2024-06-24 13:15:00+02:00,26.9,27.0,27.3,13.5,44.0,31.9,73.0,655.9,6.0,0.0,0.0,0.0,0.0,0.0,63.0,215.8,3.6,9.0,339.0,1010.3,1010.3,2.7,5.3
2024-06-24 13:20:00+02:00,26.6,26.7,27.2,13.5,44.0,31.9,73.0,676.5,6.0,0.0,0.0,0.0,0.0,0.0,63.0,215.8,2.7,8.6,328.0,1010.1,1010.1,2.7,5.3
2024-06-24 13:25:00+02:00,27.0,27.0,26.9,13.6,44.0,32.1,72.0,655.3,6.0,0.0,0.0,0.0,0.0,0.0,63.0,215.8,6.3,11.5,278.0,1010.0,1010.0,2.7,5.3
2024-06-24 13:30:00+02:00,27.3,27.4,27.8,14.1,44.0,32.2,72.0,653.2,6.0,0.0,0.0,0.0,0.0,0.0,63.0,215.8,4.2,9.0,311.0,1010.1,1010.1,2.7,5.3
2024-06-24 13:35:00+02:00,26.1,26.1,26.2,13.4,45.0,32.2,74.0,647.5,6.0,0.0,0.0,0.0,0.0,0.0,63.0,215.8,4.8,9.0,290.0,1010.0,1010.0,2.7,5.3
2024-06-24 13:40:00+02:00,26.6,26.7,26.6,13.5,44.0,32.3,73.0,649.4,6.0,0.0,0.0,0.0,0.0,0.0,63.0,215.8,5.8,15.1,291.0,1009.9,1009.9,2.7,5.3
2024-06-24 13:45:00+02:00,27.0,27.1,27.1,13.6,43.0,32.4,74.0,663.7,6.0,0.0,0.0,0.0,0.0,0.0,63.0,215.8,5.3,15.1,317.0,1009.8,1009.8,2.7,5.3
2024-06-24 13:50:00+02:00,26.4,26.5,26.4,13.9,46.0,32.5,75.0,628.6,5.0,0.0,0.0,0.0,0.0,0.0,63.0,215.8,6.3,12.2,14.0,1009.9,1009.9,2.7,5.3
2024-06-24 13:55:00+02:00,26.3,26.3,26.1,13.6,46.0,32.6,75.0,628.3,5.0,0.0,0.0,0.0,0.0,0.0,63.0,215.8,7.0,15.1,323.0,1009.8,1009.8,2.7,5.3
2024-06-24 14:00:00+02:00,26.7,26.8,27.2,13.5,44.0,32.7,75.0,642.0,5.0,0.0,0.0,0.0,0.0,0.0,63.0,215.8,3.3,7.9,115.0,1009.9,1009.9,2.7,5.3
2024-06-24 14:05:00+02:00,26.9,26.9,27.5,13.8,44.0,32.8,75.0,646.2,6.0,0.0,0.0,0.0,0.0,0.0,63.0,215.8,3.2,9.0,182.0,1009.8,1009.8,2.7,5.3
2024-06-24 14:10:00+02:00,27.9,27.6,27.8,13.3,41.0,32.8,75.0,655.6,6.0,0.0,0.0,0.0,0.0,0.0,63.0,215.8,5.5,11.9,287.0,1009.7,1009.7,2.7,5.3
2024-06-24 14:15:00+02:00,26.7,26.7,26.6,13.2,43.0,32.9,76.0,648.5,6.0,0.0,0.0,0.0,0.0,0.0,63.0,215.8,5.7,12.6,2.0,1009.7,1009.7,2.7,5.3
2024-06-24 14:20:00+02:00,27.6,27.4,28.0,13.3,41.0,32.9,76.0,669.9,6.0,0.0,0.0,0.0,0.0,0.0,63.0,215.8,3.0,8.3,240.0,1009.7,1009.7,2.7,5.3
2024-06-24 14:25:00+02:00,27.9,27.6,28.0,12.8,39.0,33.0,76.0,673.2,6.0,0.0,0.0,0.0,0.0,0.0,63.0,215.8,4.2,9.4,264.0,1009.5,1009.5,2.7,5.3
2024-06-24 14:30:00+02:00,28.5,28.2,28.9,13.6,40.0,33.1,76.0,650.4,6.0,0.0,0.0,0.0,0.0,0.0,63.0,215.8,4.0,10.1,6.0,1009.6,1009.6,2.7,5.3
2024-06-24 14:35:00+02:00,27.4,27.3,27.4,13.7,43.0,33.1,76.0,620.8,5.0,0.0,0.0,0.0,0.0,0.0,63.0,215.8,5.9,14.0,287.0,1009.6,1009.6,2.68,5.3
2024-06-24 14:40:00+02:00,26.4,26.5,26.5,13.3,44.0,33.2,76.0,197.6,1.0,0.0,0.0,0.0,0.0,0.0,63.0,215.8,5.1,11.9,280.0,1009.5,1009.5,2.68,5.3
2024-06-24 14:45:00+02:00,26.7,26.8,26.5,13.6,44.0,33.2,76.0,669.5,6.0,0.0,0.0,0.0,0.0,0.0,63.0,215.8,7.1,11.2,281.0,1009.5,1009.5,2.7,5.3
2024-06-24 14:50:00+02:00,26.9,26.9,26.8,13.6,44.0,33.2,76.0,668.3,6.0,0.0,0.0,0.0,0.0,0.0,63.0,215.8,6.2,15.5,286.0,1009.5,1009.5,2.7,5.3
2024-06-24 14:55:00+02:00,27.6,27.5,28.0,13.8,43.0,33.2,77.0,627.1,5.0,0.0,0.0,0.0,0.0,0.0,63.0,215.8,3.9,14.4,242.0,1009.4,1009.4,2.7,5.3
2024-06-24 15:00:00+02:00,26.7,26.7,26.6,13.5,44.0,33.2,77.0,500.7,4.0,0.0,0.0,0.0,0.0,0.0,63.0,215.8,6.5,14.4,337.0,1009.4,1009.4,2.7,5.3
2024-06-24 15:05:00+02:00,25.8,25.8,25.5,13.3,46.0,33.2,77.0,173.3,1.0,0.0,0.0,0.0,0.0,0.0,63.0,215.8,6.4,12.2,294.0,1009.2,1009.2,2.7,5.3
2024-06-24 15:10:00+02:00,25.8,25.8,25.7,13.2,46.0,33.2,77.0,663.9,6.0,0.0,0.0,0.0,0.0,0.0,63.0,215.8,5.5,9.4,276.0,1009.3,1009.3,2.7,5.3
2024-06-24 15:15:00+02:00,26.6,26.6,26.5,13.3,44.0,33.1,77.0,658.3,6.0,0.0,0.0,0.0,0.0,0.0,63.0,215.8,5.8,15.1,307.0,1009.3,1009.3,2.7,5.3
2024-06-24 15:20:00+02:00,26.5,26.6,25.6,13.2,44.0,33.1,77.0,672.5,6.0,0.0,0.0,0.0,0.0,0.0,63.0,215.8,9.9,15.8,313.0,1009.3,1009.3,2.7,5.3
2024-06-24 15:25:00+02:00,26.5,26.5,26.2,13.2,44.0,33.1,77.0,649.6,6.0,0.0,0.0,0.0,0.0,0.0,63.0,215.8,6.7,13.7,275.0,1009.3,1009.3,2.7,5.3
2024-06-24 15:30:00+02:00,26.9,27.0,26.5,13.7,44.0,33.1,77.0,568.9,5.0,0.0,0.0,0.0,0.0,0.0,63.0,215.8,8.0,13.3,274.0,1009.1,1009.1,2.7,5.3
2024-06-24 15:35:00+02:00,26.4,26.4,26.7,13.7,46.0,33.1,78.0,405.8,3.0,0.0,0.0,0.0,0.0,0.0,63.0,215.8,4.6,13.3,324.0,1009.3,1009.3,2.7,5.3
2024-06-24 15:40:00+02:00,26.2,26.2,27.0,13.7,46.0,33.1,78.0,636.6,5.0,0.0,0.0,0.0,0.0,0.0,63.0,215.8,1.9,8.3,51.0,1009.2,1009.2,2.7,5.3
2024-06-24 15:45:00+02:00,26.7,26.8,26.7,13.6,45.0,33.1,78.0,616.1,5.0,0.0,0.0,0.0,0.0,0.0,63.0,215.8,5.7,10.4,8.0,1009.2,1009.2,2.7,5.3
2024-06-24 15:50:00+02:00,26.7,26.7,27.1,13.5,44.0,33.1,78.0,595.3,5.0,0.0,0.0,0.0,0.0,0.0,63.0,215.8,3.6,11.9,2.0,1009.2,1009.2,2.7,5.3
2024-06-24 15:55:00+02:00,27.1,27.0,27.4,13.1,42.0,33.1,78.0,581.5,5.0,0.0,0.0,0.0,0.0,0.0,63.0,215.8,3.4,9.7,291.0,1009.0,1009.0,2.7,5.3
2024-06-24 16:00:00+02:00,27.6,27.4,27.5,13.3,41.0,33.1,79.0,580.1,5.0,0.0,0.0,0.0,0.0,0.0,63.0,215.8,5.6,11.2,325.0,1008.9,1008.9,2.7,5.3
2024-06-24 16:05:00+02:00,28.0,27.7,28.7,13.3,41.0,33.2,79.0,585.7,5.0,0.0,0.0,0.0,0.0,0.0,63.0,215.8,1.7,11.2,261.0,1008.8,1008.8,2.7,5.3
2024-06-24 16:10:00+02:00,28.8,28.4,28.9,13.8,40.0,33.2,79.0,584.1,5.0,0.0,0.0,0.0,0.0,0.0,63.0,215.8,5.6,13.0,269.0,1008.8,1008.8,2.7,5.3
2024-06-24 16:15:00+02:00,27.9,27.7,28.0,13.8,42.0,33.2,79.0,553.4,5.0,0.0,0.0,0.0,0.0,0.0,63.0,215.8,5.9,16.9,27.0,1008.8,1008.8,2.7,5.3
2024-06-24 16:20:00+02:00,26.8,26.8,26.8,13.4,44.0,33.2,79.0,168.4,1.0,0.0,0.0,0.0,0.0,0.0,63.0,215.8,5.3,12.6,9.0,1008.9,1008.9,2.7,5.3
2024-06-24 16:25:00+02:00,26.4,26.4,26.9,13.3,45.0,33.2,79.0,175.3,1.0,0.0,0.0,0.0,0.0,0.0,63.0,215.8,2.9,7.9,5.0,1008.8,1008.8,2.7,5.3
2024-06-24 16:30:00+02:00,26.5,26.6,26.5,13.5,45.0,33.2,79.0,164.2,1.0,0.0,0.0,0.0,0.0,0.0,63.0,215.8,5.5,10.1,359.0,1008.7,1008.7,2.7,5.3
2024-06-24 16:35:00+02:00,26.0,26.0,26.0,13.3,45.0,33.1,79.0,160.6,1.0,0.0,0.0,0.0,0.0,0.0,63.0,215.8,5.3,9.7,331.0,1008.6,1008.6,2.7,5.3
2024-06-24 16:40:00+02:00,25.8,25.8,25.9,13.4,46.0,33.1,79.0,513.6,4.0,0.0,0.0,0.0,0.0,0.0,63.0,215.8,5.0,9.7,288.0,1008.6,1008.6,2.7,5.3
2024-06-24 16:45:00+02:00,26.7,26.7,26.4,13.5,44.0,33.0,79.0,521.9,4.0,0.0,0.0,0.0,0.0,0.0,63.0,215.8,7.1,14.4,266.0,1008.6,1008.6,2.7,5.3
2024-06-24 16:50:00+02:00,27.1,27.1,26.7,13.6,43.0,33.0,80.0,519.2,4.0,0.0,0.0,0.0,0.0,0.0,63.0,215.8,7.7,20.2,282.0,1008.6,1008.6,2.7,5.3
2024-06-24 16:55:00+02:00,26.9,27.0,26.7,13.8,45.0,33.0,80.0,469.8,4.0,0.0,0.0,0.0,0.0,0.0,63.0,215.8,7.3,14.4,344.0,1008.6,1008.6,2.7,5.3
2024-06-24 17:00:00+02:00,26.4,26.4,27.2,13.4,45.0,32.9,80.0,122.6,1.0,0.0,0.0,0.0,0.0,0.0,63.0,215.8,1.7,9.0,316.0,1008.5,1008.5,2.7,5.3
2024-06-24 17:05:00+02:00,26.1,26.1,26.7,13.3,45.0,32.9,80.0,432.4,4.0,0.0,0.0,0.0,0.0,0.0,63.0,215.8,2.2,9.4,358.0,1008.6,1008.6,2.7,5.3
2024-06-24 17:10:00+02:00,26.2,26.2,26.3,13.5,46.0,32.8,80.0,395.3,3.0,0.0,0.0,0.0,0.0,0.0,63.0,215.8,5.2,10.1,281.0,1008.6,1008.6,2.7,5.3
2024-06-24 17:15:00+02:00,26.4,26.4,26.5,13.5,45.0,32.8,80.0,419.0,3.0,0.0,0.0,0.0,0.0,0.0,63.0,215.8,4.6,8.6,329.0,1008.4,1008.4,2.7,5.3
2024-06-24 17:20:00+02:00,27.0,27.1,26.7,13.5,43.0,32.8,80.0,387.7,3.0,0.0,0.0,0.0,0.0,0.0,63.0,215.8,7.2,11.2,262.0,1008.6,1008.6,2.7,5.3
2024-06-24 17:25:00+02:00,26.9,27.0,27.4,13.3,43.0,32.7,80.0,376.9,3.0,0.0,0.0,0.0,0.0,0.0,63.0,215.8,3.2,9.7,268.0,1008.5,1008.5,2.7,5.3
2024-06-24 17:30:00+02:00,27.3,27.2,27.4,13.2,42.0,32.7,80.0,371.9,3.0,0.0,0.0,0.0,0.0,0.0,63.0,215.8,4.5,6.5,264.0,1008.4,1008.4,2.7,5.3
2024-06-24 17:35:00+02:00,27.9,27.7,28.9,13.6,41.0,32.7,81.0,369.3,3.0,0.0,0.0,0.0,0.0,0.0,63.0,215.8,0.4,4.0,191.0,1008.3,1008.3,2.7,5.3
2024-06-24 17:40:00+02:00,28.4,28.1,29.1,13.9,41.0,32.7,81.0,377.4,3.0,0.0,0.0,0.0,0.0,0.0,63.0,215.8,2.4,5.8,4.0,1008.2,1008.2,2.7,5.3
2024-06-24 17:45:00+02:00,27.8,27.6,28.0,13.6,42.0,32.7,81.0,385.5,3.0,0.0,0.0,0.0,0.0,0.0,63.0,215.8,5.1,13.0,307.0,1008.3,1008.3,2.7,5.3
2024-06-24 17:50:00+02:00,27.5,27.6,28.0,14.6,45.0,32.6,81.0,373.5,3.0,0.0,0.0,0.0,0.0,0.0,63.0,215.8,5.1,13.3,22.0,1008.0,1008.0,2.7,5.3
2024-06-24 17:55:00+02:00,27.5,27.5,28.0,14.2,44.0,32.6,81.0,367.6,3.0,0.0,0.0,0.0,0.0,0.0,63.0,215.8,4.3,13.3,234.0,1008.3,1008.3,2.7,5.3
2024-06-24 18:00:00+02:00,27.0,27.1,27.3,13.9,44.0,32.5,81.0,322.5,2.0,0.0,0.0,0.0,0.0,0.0,63.0,215.8,5.0,14.4,352.0,1008.2,1008.2,2.7,5.3
2024-06-24 18:05:00+02:00,26.2,26.2,26.3,13.3,45.0,32.5,81.0,166.1,1.0,0.0,0.0,0.0,0.0,0.0,63.0,215.8,4.5,11.9,307.0,1008.3,1008.3,2.7,5.3
2024-06-24 18:10:00+02:00,26.1,26.1,26.1,13.2,45.0,32.4,81.0,270.8,2.0,0.0,0.0,0.0,0.0,0.0,63.0,215.8,4.8,9.0,348.0,1008.2,1008.2,2.7,5.3
2024-06-24 18:15:00+02:00,26.3,26.3,26.7,13.4,45.0,32.3,81.0,263.6,2.0,0.0,0.0,0.0,0.0,0.0,63.0,215.8,3.4,8.3,359.0,1008.2,1008.2,2.7,5.3
2024-06-24 18:20:00+02:00,26.2,26.2,26.7,13.0,44.0,32.2,81.0,73.6,0.0,0.0,0.0,0.0,0.0,0.0,63.0,215.8,1.9,7.6,347.0,1008.2,1008.2,2.7,5.3
2024-06-24 18:25:00+02:00,26.2,26.2,26.9,13.2,45.0,32.2,81.0,66.6,0.0,0.0,0.0,0.0,0.0,0.0,63.0,215.8,1.7,9.0,12.0,1008.1,1008.1,2.7,5.3
2024-06-24 18:30:00+02:00,26.3,26.3,26.9,12.9,44.0,32.1,81.0,64.3,0.0,0.0,0.0,0.0,0.0,0.0,63.0,215.8,1.6,4.3,314.0,1008.2,1008.2,2.7,5.3
2024-06-24 18:35:00+02:00,26.1,26.1,26.1,13.1,45.0,32.0,81.0,63.1,0.0,0.0,0.0,0.0,0.0,0.0,63.0,215.8,4.7,7.9,306.0,1008.0,1008.0,2.7,5.3
2024-06-24 18:40:00+02:00,26.1,26.1,26.2,13.4,46.0,32.0,81.0,62.9,0.0,0.0,0.0,0.0,0.0,0.0,63.0,215.8,4.9,10.4,299.0,1008.1,1008.1,2.7,5.3
2024-06-24 18:45:00+02:00,25.9,25.9,25.7,13.7,47.0,31.9,81.0,128.7,1.0,0.0,0.0,0.0,0.0,0.0,63.0,215.8,7.3,14.8,352.0,1008.1,1008.1,2.7,5.3
2024-06-24 18:50:00+02:00,26.1,26.1,26.1,13.7,46.0,31.8,81.0,169.9,1.0,0.0,0.0,0.0,0.0,0.0,63.0,215.8,6.1,12.6,329.0,1007.9,1007.9,2.7,5.3
2024-06-24 18:55:00+02:00,26.2,26.2,26.3,13.6,46.0,31.7,81.0,178.9,1.0,0.0,0.0,0.0,0.0,0.0,63.0,215.8,4.9,9.7,359.0,1007.9,1007.9,2.7,5.3
2024-06-24 19:00:00+02:00,25.8,25.8,26.0,13.5,47.0,31.7,81.0,69.1,0.0,0.0,0.0,0.0,0.0,0.0,63.0,215.8,5.0,12.6,353.0,1008.0,1008.0,2.7,5.3
2024-06-24 19:05:00+02:00,25.7,25.7,25.9,13.4,47.0,31.6,81.0,57.4,0.0,0.0,0.0,0.0,0.0,0.0,63.0,215.8,4.8,9.4,7.0,1007.8,1007.8,2.7,5.3
2024-06-24 19:10:00+02:00,25.7,25.7,25.6,13.3,46.0,31.5,81.0,55.8,0.0,0.0,0.0,0.0,0.0,0.0,63.0,215.8,5.8,14.4,336.0,1007.9,1007.9,2.7,5.3
2024-06-24 19:15:00+02:00,25.6,25.6,25.6,13.2,46.0,31.4,81.0,51.9,0.0,0.0,0.0,0.0,0.0,0.0,63.0,215.8,5.5,15.1,337.0,1007.8,1007.8,2.7,5.3
2024-06-24 19:20:00+02:00,25.5,25.5,25.6,13.3,47.0,31.4,81.0,49.8,0.0,0.0,0.0,0.0,0.0,0.0,63.0,215.8,4.8,13.0,328.0,1007.9,1007.9,2.7,5.3
2024-06-24 19:25:00+02:00,25.5,25.5,25.9,13.2,46.0,31.3,81.0,48.3,0.0,0.0,0.0,0.0,0.0,0.0,63.0,215.8,3.2,11.9,328.0,1008.0,1008.0,2.7,5.3
2024-06-24 19:30:00+02:00,25.5,25.5,25.6,13.5,47.0,31.2,81.0,47.4,0.0,0.0,0.0,0.0,0.0,0.0,63.0,215.8,4.9,11.9,345.0,1007.9,1007.9,2.7,5.3
2024-06-24 19:35:00+02:00,25.4,25.4,25.5,13.6,48.0,31.2,81.0,46.5,0.0,0.0,0.0,0.0,0.0,0.0,63.0,215.8,5.2,15.1,302.0,1007.9,1007.9,2.7,5.3
2024-06-24 19:40:00+02:00,25.3,25.3,25.2,13.6,48.0,31.1,81.0,45.5,0.0,0.0,0.0,0.0,0.0,0.0,63.0,215.8,5.9,11.2,326.0,1007.8,1007.8,2.7,5.3
2024-06-24 19:45:00+02:00,25.4,25.4,25.7,13.6,48.0,31.0,81.0,44.9,0.0,0.0,0.0,0.0,0.0,0.0,63.0,215.8,4.0,8.3,327.0,1007.9,1007.9,2.7,5.2
2024-06-24 19:50:00+02:00,25.3,25.3,25.3,13.8,49.0,31.0,81.0,43.4,0.0,0.0,0.0,0.0,0.0,0.0,63.0,215.8,5.8,13.0,329.0,1007.8,1007.8,2.7,5.2
2024-06-24 19:55:00+02:00,25.2,25.2,25.5,13.8,49.0,30.9,81.0,41.8,0.0,0.0,0.0,0.0,0.0,0.0,63.0,215.8,4.5,9.7,292.0,1007.7,1007.7,2.7,5.2
2024-06-24 20:00:00+02:00,25.2,25.2,25.7,13.8,49.0,30.8,81.0,39.5,0.0,0.0,0.0,0.0,0.0,0.0,63.0,215.8,3.5,9.7,311.0,1007.9,1007.9,2.7,5.2
2024-06-24 20:05:00+02:00,25.2,25.2,25.4,13.6,49.0,30.8,81.0,38.0,0.0,0.0,0.0,0.0,0.0,0.0,63.0,215.8,4.5,9.0,351.0,1007.9,1007.9,2.7,5.2
2024-06-24 20:10:00+02:00,25.0,25.0,25.2,13.7,50.0,30.7,81.0,36.9,0.0,0.0,0.0,0.0,0.0,0.0,63.0,215.8,5.0,8.6,342.0,1007.9,1007.9,2.7,5.2
2024-06-24 20:15:00+02:00,24.9,24.9,25.4,13.8,50.0,30.6,81.0,35.5,0.0,0.0,0.0,0.0,0.0,0.0,63.0,215.8,3.8,8.6,325.0,1007.8,1007.8,2.7,5.2
2024-06-24 20:20:00+02:00,24.8,24.8,25.3,13.7,50.0,30.5,81.0,33.9,0.0,0.0,0.0,0.0,0.0,0.0,63.0,215.8,3.8,8.6,304.0,1007.8,1007.8,2.7,5.2
2024-06-24 20:25:00+02:00,24.7,24.7,25.0,13.5,50.0,30.5,81.0,32.3,0.0,0.0,0.0,0.0,0.0,0.0,63.0,215.8,4.4,9.7,304.0,1007.7,1007.7,2.7,5.2
2024-06-24 20:30:00+02:00,24.7,24.7,25.2,13.6,50.0,30.4,81.0,30.5,0.0,0.0,0.0,0.0,0.0,0.0,63.0,215.8,3.2,9.7,321.0,1007.8,1007.8,2.7,5.2
2024-06-24 20:35:00+02:00,24.5,24.5,24.8,13.8,51.0,30.3,81.0,29.1,0.0,0.0,0.0,0.0,0.0,0.0,63.0,215.8,4.7,6.8,297.0,1007.9,1007.9,2.7,5.2
2024-06-24 20:40:00+02:00,24.4,24.4,25.2,13.7,51.0,30.3,81.0,27.8,0.0,0.0,0.0,0.0,0.0,0.0,63.0,215.8,2.0,8.6,283.0,1008.0,1008.0,2.7,5.2
2024-06-24 20:45:00+02:00,24.3,24.3,25.1,13.9,52.0,30.2,81.0,25.7,0.0,0.0,0.0,0.0,0.0,0.0,63.0,215.8,1.7,5.8,283.0,1007.9,1007.9,2.7,5.2
2024-06-24 20:50:00+02:00,24.2,24.2,24.7,13.8,52.0,30.1,81.0,24.0,0.0,0.0,0.0,0.0,0.0,0.0,63.0,215.8,3.1,5.8,315.0,1007.9,1007.9,2.7,5.2
2024-06-24 20:55:00+02:00,24.0,24.0,24.6,13.8,53.0,30.1,81.0,22.2,0.0,0.0,0.0,0.0,0.0,0.0,63.0,215.8,3.0,7.2,318.0,1007.9,1007.9,2.7,5.2
2024-06-24 21:00:00+02:00,23.9,23.9,24.4,13.7,53.0,30.0,81.0,19.8,0.0,0.0,0.0,0.0,0.0,0.0,63.0,215.8,3.5,6.1,302.0,1007.9,1007.9,2.7,5.2
2024-06-24 21:05:00+02:00,23.8,23.8,24.3,13.7,53.0,29.9,81.0,17.6,0.0,0.0,0.0,0.0,0.0,0.0,63.0,215.8,3.7,7.2,342.0,1008.0,1008.0,2.7,5.2
2024-06-24 21:10:00+02:00,23.7,23.7,24.6,13.8,54.0,29.8,81.0,15.6,0.0,0.0,0.0,0.0,0.0,0.0,63.0,215.8,1.3,7.2,283.0,1007.9,1007.9,2.7,5.2
2024-06-24 21:15:00+02:00,23.5,23.5,24.3,14.0,55.0,29.8,81.0,13.7,0.0,0.0,0.0,0.0,0.0,0.0,63.0,215.8,1.9,2.9,273.0,1008.0,1008.0,2.7,5.2
2024-06-24 21:20:00+02:00,23.2,23.2,23.9,13.9,56.0,29.7,81.0,11.8,0.0,0.0,0.0,0.0,0.0,0.0,63.0,215.8,2.2,4.3,286.0,1008.0,1008.0,2.7,5.2
2024-06-24 21:25:00+02:00,23.0,23.0,23.8,13.9,56.0,29.6,81.0,9.9,0.0,0.0,0.0,0.0,0.0,0.0,63.0,215.8,2.1,5.0,274.0,1008.1,1008.1,2.7,5.2
2024-06-24 21:30:00+02:00,23.0,23.0,23.5,13.8,56.0,29.5,81.0,8.2,0.0,0.0,0.0,0.0,0.0,0.0,63.0,215.8,3.2,5.0,285.0,1008.0,1008.0,2.7,5.2
2024-06-24 21:35:00+02:00,22.8,22.8,23.7,13.8,57.0,29.4,81.0,6.5,0.0,0.0,0.0,0.0,0.0,0.0,63.0,215.8,1.5,4.3,274.0,1008.1,1008.1,2.7,5.2
2024-06-24 21:40:00+02:00,22.7,22.7,23.5,13.9,57.0,29.4,81.0,5.4,0.0,0.0,0.0,0.0,0.0,0.0,63.0,215.8,2.2,4.3,268.0,1008.2,1008.2,2.7,5.2
2024-06-24 21:45:00+02:00,22.5,22.5,23.5,13.9,58.0,29.3,81.0,4.1,0.0,0.0,0.0,0.0,0.0,0.0,63.0,215.8,1.4,4.0,272.0,1008.2,1008.2,2.7,5.2
2024-06-24 21:50:00+02:00,22.2,22.2,23.6,14.2,60.0,29.2,81.0,3.0,0.0,0.0,0.0,0.0,0.0,0.0,63.0,215.8,0.0,2.9,217.0,1008.2,1008.2,2.7,5.2
2024-06-24 21:55:00+02:00,21.9,21.9,23.3,14.4,62.0,29.2,81.0,2.0,0.0,0.0,0.0,0.0,0.0,0.0,63.0,215.8,0.0,3.6,17.0,1008.2,1008.2,2.7,5.2
2024-06-24 22:00:00+02:00,21.4,21.4,22.7,14.1,63.0,29.1,81.0,1.3,0.0,0.0,0.0,0.0,0.0,0.0,63.0,215.8,0.0,0.0,195.0,1008.3,1008.3,2.7,5.2
2024-06-24 22:05:00+02:00,21.0,21.0,22.3,14.3,66.0,28.9,81.0,0.9,0.0,0.0,0.0,0.0,0.0,0.0,63.0,215.8,0.0,1.8,200.0,1008.3,1008.3,2.7,5.2
2024-06-24 22:10:00+02:00,20.6,20.6,21.9,14.4,67.0,28.8,81.0,0.5,0.0,0.0,0.0,0.0,0.0,0.0,63.0,215.8,0.5,2.5,120.0,1008.4,1008.4,2.7,5.2
2024-06-24 22:15:00+02:00,20.2,20.2,21.4,14.4,69.0,28.8,81.0,0.2,0.0,0.0,0.0,0.0,0.0,0.0,63.0,215.8,1.4,2.9,124.0,1008.4,1008.4,2.7,5.2
2024-06-24 22:20:00+02:00,19.8,19.8,21.2,14.4,71.0,28.7,81.0,0.2,0.0,0.0,0.0,0.0,0.0,0.0,63.0,215.8,0.4,2.9,113.0,1008.5,1008.5,2.7,5.2
2024-06-24 22:25:00+02:00,19.7,19.7,20.7,14.3,71.0,28.6,81.0,0.1,0.0,0.0,0.0,0.0,0.0,0.0,63.0,215.8,1.7,2.9,122.0,1008.3,1008.3,2.7,5.1
2024-06-24 22:30:00+02:00,19.4,19.4,20.5,14.4,73.0,28.5,81.0,0.0,0.0,0.0,0.0,0.0,0.0,0.0,63.0,215.8,1.9,2.9,124.0,1008.4,1008.4,2.7,5.1
2024-06-24 22:35:00+02:00,19.2,19.2,20.2,14.4,74.0,28.3,81.0,0.0,0.0,0.0,0.0,0.0,0.0,0.0,63.0,215.8,2.2,3.2,129.0,1008.5,1008.5,2.7,5.1
2024-06-24 22:40:00+02:00,19.0,19.0,19.9,14.4,75.0,28.3,81.0,0.0,0.0,0.0,0.0,0.0,0.0,0.0,63.0,215.8,2.7,3.6,118.0,1008.4,1008.4,2.7,5.1
2024-06-24 22:45:00+02:00,18.8,18.8,19.7,14.4,76.0,28.2,81.0,0.0,0.0,0.0,0.0,0.0,0.0,0.0,63.0,215.8,2.7,3.6,125.0,1008.3,1008.3,2.7,5.1
2024-06-24 22:50:00+02:00,18.7,18.7,19.6,14.5,76.0,28.0,80.0,0.0,0.0,0.0,0.0,0.0,0.0,0.0,63.0,215.8,2.7,3.6,123.0,1008.3,1008.3,2.7,5.1
2024-06-24 22:55:00+02:00,18.5,18.5,19.5,14.5,77.0,27.9,80.0,0.0,0.0,0.0,0.0,0.0,0.0,0.0,63.0,215.8,2.3,3.6,131.0,1008.4,1008.4,2.7,5.1
2024-06-24 23:00:00+02:00,18.4,18.4,19.4,14.4,78.0,27.8,80.0,0.0,0.0,0.0,0.0,0.0,0.0,0.0,63.0,215.8,2.1,2.9,125.0,1008.4,1008.4,2.7,5.1
2024-06-24 23:05:00+02:00,18.3,18.3,19.3,14.5,78.0,27.7,80.0,0.0,0.0,0.0,0.0,0.0,0.0,0.0,63.0,215.8,2.7,3.6,127.0,1008.3,1008.3,2.7,5.1
2024-06-24 23:10:00+02:00,18.2,18.2,19.3,14.5,79.0,27.6,80.0,0.0,0.0,0.0,0.0,0.0,0.0,0.0,63.0,215.8,1.8,3.6,122.0,1008.4,1008.4,2.7,5.1
2024-06-24 23:15:00+02:00,18.2,18.2,19.2,14.5,79.0,27.5,80.0,0.0,0.0,0.0,0.0,0.0,0.0,0.0,63.0,215.8,2.7,3.6,124.0,1008.4,1008.4,2.7,5.1
2024-06-24 23:20:00+02:00,18.2,18.2,19.2,14.5,79.0,27.4,80.0,0.0,0.0,0.0,0.0,0.0,0.0,0.0,63.0,215.8,2.4,3.6,135.0,1008.4,1008.4,2.7,5.1
2024-06-24 23:25:00+02:00,18.2,18.2,19.1,14.4,79.0,27.3,80.0,0.0,0.0,0.0,0.0,0.0,0.0,0.0,63.0,215.8,2.2,3.2,122.0,1008.5,1008.5,2.7,5.1
2024-06-24 23:30:00+02:00,18.1,18.1,19.1,14.6,80.0,27.2,80.0,0.0,0.0,0.0,0.0,0.0,0.0,0.0,63.0,215.8,2.2,4.0,124.0,1008.6,1008.6,2.7,5.1
2024-06-24 23:35:00+02:00,17.9,17.9,19.0,14.5,81.0,27.1,80.0,0.0,0.0,0.0,0.0,0.0,0.0,0.0,63.0,215.8,1.7,3.6,126.0,1008.4,1008.4,2.7,5.1
2024-06-24 23:40:00+02:00,17.8,17.8,18.8,14.5,81.0,26.9,80.0,0.0,0.0,0.0,0.0,0.0,0.0,0.0,63.0,215.8,2.4,3.2,117.0,1008.5,1008.5,2.7,5.1
2024-06-24 23:45:00+02:00,17.9,17.9,18.9,14.3,80.0,26.8,80.0,0.0,0.0,0.0,0.0,0.0,0.0,0.0,63.0,215.8,2.2,4.0,130.0,1008.6,1008.6,2.7,5.1
2024-06-24 23:50:00+02:00,17.9,17.9,18.8,14.4,80.0,26.7,80.0,0.0,0.0,0.0,0.0,0.0,0.0,0.0,63.0,215.8,2.6,3.6,126.0,1008.5,1008.5,2.7,5.1
2024-06-24 23:55:00+02:00,17.8,17.8,18.8,14.4,81.0,26.6,80.0,0.0,0.0,0.0,0.0,0.0,0.0,0.0,63.0,215.8,2.2,3.6,120.0,1008.5,1008.5,2.7,5.1
2024-06-25 00:00:00+02:00,17.7,17.7,18.9,14.4,81.0,26.5,80.0,0.0,0.0,0.0,0.0,0.0,0.0,0.0,63.0,215.8,1.3,2.9,120.0,1008.4,1008.4,2.7,5.1
2024-06-25 00:05:00+02:00,17.7,17.7,18.7,14.4,81.0,26.4,80.0,0.0,0.0,0.0,0.0,0.0,0.0,0.0,63.0,215.8,1.8,3.2,121.0,1008.5,1008.5,2.7,5.1
2024-06-25 00:10:00+02:00,17.6,17.6,18.7,14.4,81.0,26.3,80.0,0.0,0.0,0.0,0.0,0.0,0.0,0.0,63.0,215.8,1.7,3.2,116.0,1008.4,1008.4,2.7,5.1
2024-06-25 00:15:00+02:00,17.6,17.6,18.6,14.2,81.0,26.2,80.0,0.0,0.0,0.0,0.0,0.0,0.0,0.0,63.0,215.8,1.5,2.9,120.0,1008.5,1008.5,2.7,5.0
2024-06-25 00:20:00+02:00,17.6,17.6,18.5,14.3,81.0,26.1,80.0,0.0,0.0,0.0,0.0,0.0,0.0,0.0,63.0,215.8,2.2,3.2,110.0,1008.5,1008.5,2.7,5.0
2024-06-25 00:25:00+02:00,17.4,17.4,18.4,14.2,81.0,26.0,80.0,0.0,0.0,0.0,0.0,0.0,0.0,0.0,63.0,215.8,1.6,3.2,108.0,1008.4,1008.4,2.7,5.0
2024-06-25 00:30:00+02:00,17.3,17.3,18.4,14.3,82.0,25.9,80.0,0.0,0.0,0.0,0.0,0.0,0.0,0.0,63.0,215.8,1.6,3.2,109.0,1008.5,1008.5,2.7,5.0
2024-06-25 00:35:00+02:00,17.2,17.2,18.3,14.4,83.0,25.8,80.0,0.0,0.0,0.0,0.0,0.0,0.0,0.0,63.0,215.8,1.4,3.2,94.0,1008.4,1008.4,2.7,5.0
2024-06-25 00:40:00+02:00,17.1,17.1,18.1,14.3,84.0,25.7,80.0,0.0,0.0,0.0,0.0,0.0,0.0,0.0,63.0,215.8,1.7,3.2,108.0,1008.4,1008.4,2.7,5.0
2024-06-25 00:45:00+02:00,17.0,17.0,18.2,14.3,84.0,25.6,80.0,0.0,0.0,0.0,0.0,0.0,0.0,0.0,63.0,215.8,0.7,2.9,112.0,1008.4,1008.4,2.7,5.0
2024-06-25 00:50:00+02:00,16.9,16.9,18.2,14.2,84.0,25.5,80.0,0.0,0.0,0.0,0.0,0.0,0.0,0.0,63.0,215.8,0.0,2.2,108.0,1008.4,1008.4,2.7,5.0
2024-06-25 00:55:00+02:00,16.8,16.8,18.1,14.1,85.0,25.4,80.0,0.0,0.0,0.0,0.0,0.0,0.0,0.0,63.0,215.8,0.0,0.0,101.0,1008.5,1008.5,2.7,5.0
2024-06-25 01:00:00+02:00,16.7,16.7,17.9,14.1,85.0,25.3,80.0,0.0,0.0,0.0,0.0,0.0,0.0,0.0,63.0,215.8,0.0,0.0,313.0,1008.5,1008.5,2.7,5.0
2024-06-25 01:05:00+02:00,16.5,16.5,17.8,14.2,86.0,25.2,80.0,0.0,0.0,0.0,0.0,0.0,0.0,0.0,63.0,215.8,0.0,0.0,116.0,1008.4,1008.4,2.7,5.0
2024-06-25 01:10:00+02:00,16.4,16.4,17.7,14.1,86.0,25.2,80.0,0.0,0.0,0.0,0.0,0.0,0.0,0.0,63.0,215.8,0.0,2.5,125.0,1008.4,1008.4,2.7,5.0
2024-06-25 01:15:00+02:00,16.3,16.3,17.5,14.1,87.0,25.1,80.0,0.0,0.0,0.0,0.0,0.0,0.0,0.0,63.0,215.8,0.4,2.5,132.0,1008.4,1008.4,2.7,5.0
2024-06-25 01:20:00+02:00,16.3,16.3,17.5,14.1,87.0,25.0,80.0,0.0,0.0,0.0,0.0,0.0,0.0,0.0,63.0,215.8,0.8,2.9,126.0,1008.3,1008.3,2.7,5.0
2024-06-25 01:25:00+02:00,16.3,16.3,17.2,14.1,87.0,24.9,80.0,0.0,0.0,0.0,0.0,0.0,0.0,0.0,63.0,215.8,2.1,2.9,121.0,1008.3,1008.3,2.7,5.0
2024-06-25 01:30:00+02:00,16.3,16.3,17.4,14.1,87.0,24.8,80.0,0.0,0.0,0.0,0.0,0.0,0.0,0.0,63.0,215.8,0.7,2.9,123.0,1008.3,1008.3,2.7,5.0
2024-06-25 01:35:00+02:00,16.2,16.2,17.4,14.0,87.0,24.7,80.0,0.0,0.0,0.0,0.0,0.0,0.0,0.0,63.0,215.8,0.0,2.2,129.0,1008.1,1008.1,2.7,5.0
2024-06-25 01:40:00+02:00,16.1,16.1,17.4,14.1,88.0,24.7,80.0,0.0,0.0,0.0,0.0,0.0,0.0,0.0,63.0,215.8,0.0,0.0,266.0,1008.0,1008.0,2.7,5.0
2024-06-25 01:45:00+02:00,16.2,16.2,17.5,14.1,87.0,24.6,80.0,0.0,0.0,0.0,0.0,0.0,0.0,0.0,63.0,215.8,0.4,1.8,296.0,1008.0,1008.0,2.7,5.0
2024-06-25 01:50:00+02:00,16.2,16.2,17.5,14.1,87.0,24.5,80.0,0.0,0.0,0.0,0.0,0.0,0.0,0.0,63.0,215.8,0.0,0.0,135.0,1008.0,1008.0,2.7,5.0
2024-06-25 01:55:00+02:00,16.2,16.2,17.5,14.0,87.0,24.5,80.0,0.0,0.0,0.0,0.0,0.0,0.0,0.0,63.0,215.8,0.0,1.8,273.0,1007.9,1007.9,2.7,4.9
2024-06-25 02:00:00+02:00,16.3,16.3,17.6,14.0,87.0,24.4,81.0,0.0,0.0,0.0,0.0,0.0,0.0,0.0,63.0,215.8,0.0,2.2,256.0,1007.9,1007.9,2.7,4.9
2024-06-25 02:05:00+02:00,16.3,16.3,17.5,14.1,87.0,24.3,81.0,0.0,0.0,0.0,0.0,0.0,0.0,0.0,63.0,215.8,0.4,3.2,271.0,1007.9,1007.9,2.7,4.9
2024-06-25 02:10:00+02:00,16.2,16.2,17.5,14.0,87.0,24.2,81.0,0.0,0.0,0.0,0.0,0.0,0.0,0.0,63.0,215.8,0.0,0.0,136.0,1007.9,1007.9,2.7,4.9
2024-06-25 02:15:00+02:00,16.0,16.0,17.2,14.0,88.0,24.2,81.0,0.0,0.0,0.0,0.0,0.0,0.0,0.0,63.0,215.8,0.4,1.8,143.0,1007.9,1007.9,2.7,4.9
2024-06-25 02:20:00+02:00,15.8,15.8,17.1,14.0,89.0,24.1,81.0,0.0,0.0,0.0,0.0,0.0,0.0,0.0,63.0,215.8,0.4,2.2,128.0,1008.0,1008.0,2.7,4.9
2024-06-25 02:25:00+02:00,15.7,15.7,16.7,13.9,89.0,24.0,81.0,0.0,0.0,0.0,0.0,0.0,0.0,0.0,63.0,215.8,1.2,2.2,120.0,1007.9,1007.9,2.7,4.9
2024-06-25 02:30:00+02:00,15.7,15.7,16.9,14.0,90.0,24.0,81.0,0.0,0.0,0.0,0.0,0.0,0.0,0.0,63.0,215.8,0.0,2.2,41.0,1007.8,1007.8,2.7,4.9
2024-06-25 02:35:00+02:00,15.9,15.9,17.1,14.0,89.0,23.9,81.0,0.0,0.0,0.0,0.0,0.0,0.0,0.0,63.0,215.8,0.4,2.2,354.0,1007.7,1007.7,2.7,4.9
2024-06-25 02:40:00+02:00,15.9,15.9,17.1,13.9,88.0,23.8,81.0,0.0,0.0,0.0,0.0,0.0,0.0,0.0,63.0,215.8,0.0,2.2,220.0,1007.6,1007.6,2.7,4.9
2024-06-25 02:45:00+02:00,15.9,15.9,17.1,13.9,88.0,23.8,81.0,0.0,0.0,0.0,0.0,0.0,0.0,0.0,63.0,215.8,0.0,1.8,192.0,1007.6,1007.6,2.7,4.9
2024-06-25 02:50:00+02:00,15.6,15.6,16.5,14.0,90.0,23.7,81.0,0.0,0.0,0.0,0.0,0.0,0.0,0.0,63.0,215.8,1.6,3.6,109.0,1007.5,1007.5,2.7,4.9
2024-06-25 02:55:00+02:00,15.5,15.5,16.4,13.9,90.0,23.7,81.0,0.0,0.0,0.0,0.0,0.0,0.0,0.0,63.0,215.8,1.6,3.6,116.0,1007.4,1007.4,2.7,4.9
2024-06-25 03:00:00+02:00,15.5,15.5,16.5,14.0,90.0,23.6,81.0,0.0,0.0,0.0,0.0,0.0,0.0,0.0,63.0,215.8,1.2,2.9,104.0,1007.5,1007.5,2.7,4.9
2024-06-25 03:05:00+02:00,15.4,15.4,16.5,13.9,91.0,23.5,81.0,0.0,0.0,0.0,0.0,0.0,0.0,0.0,63.0,215.8,0.4,2.2,291.0,1007.5,1007.5,2.7,4.9
2024-06-25 03:10:00+02:00,15.5,15.5,16.8,14.0,90.0,23.4,81.0,0.0,0.0,0.0,0.0,0.0,0.0,0.0,63.0,215.8,0.0,2.2,293.0,1007.4,1007.4,2.7,4.9
2024-06-25 03:15:00+02:00,15.6,15.6,16.8,14.0,90.0,23.4,81.0,0.0,0.0,0.0,0.0,0.0,0.0,0.0,63.0,215.8,0.0,2.2,315.0,1007.5,1007.5,2.7,4.9
2024-06-25 03:20:00+02:00,15.7,15.7,16.9,13.9,89.0,23.3,81.0,0.0,0.0,0.0,0.0,0.0,0.0,0.0,63.0,215.8,0.0,0.0,311.0,1007.3,1007.3,2.7,4.9
2024-06-25 03:25:00+02:00,15.4,15.4,16.6,13.8,90.0,23.3,81.0,0.0,0.0,0.0,0.0,0.0,0.0,0.0,63.0,215.8,0.0,0.0,336.0,1007.5,1007.5,2.7,4.9
2024-06-25 03:30:00+02:00,15.3,15.3,16.5,13.8,91.0,23.2,81.0,0.0,0.0,0.0,0.0,0.0,0.0,0.0,63.0,215.8,0.0,0.0,131.0,1007.3,1007.3,2.7,4.9
2024-06-25 03:35:00+02:00,15.2,15.2,16.3,13.7,91.0,23.2,81.0,0.0,0.0,0.0,0.0,0.0,0.0,0.0,63.0,215.8,0.0,0.0,339.0,1007.4,1007.4,2.7,4.9
2024-06-25 03:40:00+02:00,15.0,15.0,16.2,13.7,92.0,23.1,81.0,0.0,0.0,0.0,0.0,0.0,0.0,0.0,63.0,215.8,0.0,1.8,54.0,1007.4,1007.4,2.7,4.9
2024-06-25 03:45:00+02:00,14.8,14.8,15.8,13.6,92.0,23.0,81.0,0.0,0.0,0.0,0.0,0.0,0.0,0.0,63.0,215.8,0.7,2.5,118.0,1007.3,1007.3,2.7,4.8
2024-06-25 03:50:00+02:00,14.8,14.8,15.9,13.7,93.0,23.0,81.0,0.0,0.0,0.0,0.0,0.0,0.0,0.0,63.0,215.8,0.0,2.5,78.0,1007.4,1007.4,2.7,4.8
2024-06-25 03:55:00+02:00,14.9,14.9,16.1,13.8,93.0,22.9,81.0,0.0,0.0,0.0,0.0,0.0,0.0,0.0,63.0,215.8,0.0,1.8,296.0,1007.3,1007.3,2.7,4.8
2024-06-25 04:00:00+02:00,15.0,15.0,16.2,13.9,93.0,22.8,81.0,0.0,0.0,0.0,0.0,0.0,0.0,0.0,63.0,215.8,0.0,2.2,318.0,1007.3,1007.3,2.7,4.8
2024-06-25 04:05:00+02:00,15.1,15.1,16.2,13.8,92.0,22.8,81.0,0.0,0.0,0.0,0.0,0.0,0.0,0.0,63.0,215.8,0.0,1.8,302.0,1007.4,1007.4,2.7,4.8
2024-06-25 04:10:00+02:00,15.1,15.1,16.2,13.8,92.0,22.7,81.0,0.0,0.0,0.0,0.0,0.0,0.0,0.0,63.0,215.8,0.0,0.0,168.0,1007.3,1007.3,2.7,4.8
2024-06-25 04:15:00+02:00,14.9,14.9,16.1,13.6,92.0,22.7,81.0,0.0,0.0,0.0,0.0,0.0,0.0,0.0,63.0,215.8,0.0,1.8,315.0,1007.4,1007.4,2.7,4.8
2024-06-25 04:20:00+02:00,15.0,15.0,16.2,13.8,92.0,22.6,81.0,0.0,0.0,0.0,0.0,0.0,0.0,0.0,63.0,215.8,0.0,2.5,314.0,1007.4,1007.4,2.7,4.8
2024-06-25 04:25:00+02:00,15.0,15.0,16.1,13.7,92.0,22.6,81.0,0.0,0.0,0.0,0.0,0.0,0.0,0.0,63.0,215.8,0.0,0.0,328.0,1007.3,1007.3,2.7,4.8
2024-06-25 04:30:00+02:00,14.9,14.9,16.1,13.6,92.0,22.5,81.0,0.0,0.0,0.0,0.0,0.0,0.0,0.0,63.0,215.8,0.0,0.0,321.0,1007.4,1007.4,2.7,4.8
2024-06-25 04:35:00+02:00,14.8,14.8,16.0,13.6,92.0,22.5,81.0,0.0,0.0,0.0,0.0,0.0,0.0,0.0,63.0,215.8,0.0,1.8,353.0,1007.4,1007.4,2.7,4.8
2024-06-25 04:40:00+02:00,14.6,14.6,15.5,13.4,93.0,22.4,81.0,0.1,0.0,0.0,0.0,0.0,0.0,0.0,63.0,215.8,0.5,2.2,128.0,1007.3,1007.3,2.7,4.8
2024-06-25 04:45:00+02:00,14.4,14.4,15.5,13.3,93.0,22.4,81.0,0.2,0.0,0.0,0.0,0.0,0.0,0.0,63.0,215.8,0.0,2.5,116.0,1007.4,1007.4,2.7,4.8
2024-06-25 04:50:00+02:00,14.3,14.3,15.2,13.4,94.0,22.3,81.0,0.3,0.0,0.0,0.0,0.0,0.0,0.0,63.0,215.8,1.1,3.2,124.0,1007.4,1007.4,2.7,4.8
2024-06-25 04:55:00+02:00,14.3,14.3,15.3,13.3,94.0,22.3,81.0,0.6,0.0,0.0,0.0,0.0,0.0,0.0,63.0,215.8,0.0,2.5,118.0,1007.3,1007.3,2.7,4.8
2024-06-25 05:00:00+02:00,14.3,14.3,15.3,13.3,94.0,22.2,81.0,1.0,0.0,0.0,0.0,0.0,0.0,0.0,63.0,215.8,0.0,0.0,329.0,1007.4,1007.4,2.7,4.8
2024-06-25 05:05:00+02:00,14.3,14.3,15.4,13.4,95.0,22.2,81.0,1.6,0.0,0.0,0.0,0.0,0.0,0.0,63.0,215.8,0.0,0.0,129.0,1007.4,1007.4,2.7,4.8
2024-06-25 05:10:00+02:00,14.2,14.2,15.2,13.4,95.0,22.1,81.0,2.3,0.0,0.0,0.0,0.0,0.0,0.0,63.0,215.8,0.0,0.0,55.0,1007.4,1007.4,2.7,4.8
2024-06-25 05:15:00+02:00,14.1,14.1,14.9,13.4,95.0,22.1,81.0,3.2,0.0,0.0,0.0,0.0,0.0,0.0,63.0,215.8,1.5,2.9,115.0,1007.4,1007.4,2.7,4.8
2024-06-25 05:20:00+02:00,14.2,14.2,15.0,13.5,95.0,22.0,81.0,4.4,0.0,0.0,0.0,0.0,0.0,0.0,63.0,215.8,1.3,3.2,118.0,1007.4,1007.4,2.7,4.8
2024-06-25 05:25:00+02:00,14.1,14.1,15.1,13.5,96.0,21.9,81.0,5.2,0.0,0.0,0.0,0.0,0.0,0.0,63.0,215.8,0.6,2.2,121.0,1007.4,1007.4,2.7,4.8
2024-06-25 05:35:00+02:00,14.1,14.1,15.2,13.5,96.0,21.8,81.0,8.9,0.0,0.0,0.0,0.0,0.0,0.0,63.0,215.8,0.0,0.0,135.0,1007.2,1007.2,2.7,4.7
2024-06-25 05:40:00+02:00,14.1,14.1,15.1,13.5,96.0,21.8,81.0,10.7,0.0,0.0,0.0,0.0,0.0,0.0,63.0,215.8,0.0,0.0,135.0,1007.4,1007.4,2.7,4.7
2024-06-25 05:45:00+02:00,14.0,14.0,15.1,13.4,96.0,21.7,81.0,12.0,0.0,0.0,0.0,0.0,0.0,0.0,63.0,215.8,0.0,1.8,135.0,1007.3,1007.3,2.7,4.7
2024-06-25 05:50:00+02:00,14.0,14.0,15.0,13.3,96.0,21.7,81.0,13.8,0.0,0.0,0.0,0.0,0.0,0.0,63.0,215.8,0.0,1.8,130.0,1007.3,1007.3,2.7,4.7
2024-06-25 05:55:00+02:00,14.0,14.0,15.0,13.4,96.0,21.7,81.0,15.6,0.0,0.0,0.0,0.0,0.0,0.0,63.0,215.8,0.4,2.9,99.0,1007.3,1007.3,2.7,4.7
2024-06-25 06:00:00+02:00,14.1,14.1,14.9,13.5,96.0,21.6,81.0,17.3,0.0,0.0,0.0,0.0,0.0,0.0,63.0,215.8,1.3,2.5,111.0,1007.4,1007.4,2.7,4.7
2024-06-25 06:05:00+02:00,14.2,14.2,15.0,13.6,96.0,21.6,81.0,19.0,0.0,0.0,0.0,0.0,0.0,0.0,63.0,215.8,1.6,2.9,120.0,1007.4,1007.4,2.7,4.7
2024-06-25 06:10:00+02:00,14.2,14.2,14.9,13.7,96.0,21.5,81.0,21.0,0.0,0.0,0.0,0.0,0.0,0.0,63.0,215.8,2.4,3.6,112.0,1007.3,1007.3,2.7,4.7
2024-06-25 06:15:00+02:00,14.3,14.3,14.9,13.6,96.0,21.5,81.0,23.5,0.0,0.0,0.0,0.0,0.0,0.0,63.0,215.8,2.7,3.6,114.0,1007.4,1007.4,2.7,4.7
2024-06-25 06:20:00+02:00,14.5,14.5,15.4,13.9,96.0,21.4,81.0,35.5,0.0,0.0,0.0,0.0,0.0,0.0,63.0,215.8,1.5,3.6,127.0,1007.3,1007.3,2.7,4.7
2024-06-25 06:25:00+02:00,14.8,14.8,16.0,14.2,96.0,21.4,81.0,39.4,0.0,0.0,0.0,0.0,0.0,0.0,63.0,215.8,0.9,2.5,113.0,1007.3,1007.3,2.7,4.7
2024-06-25 06:30:00+02:00,14.8,14.8,15.7,14.1,95.0,21.4,81.0,43.0,0.0,0.0,0.0,0.0,0.0,0.0,63.0,215.8,2.1,3.2,114.0,1007.3,1007.3,2.7,4.7
2024-06-25 06:35:00+02:00,15.1,15.1,16.5,14.4,95.0,21.4,81.0,47.1,0.0,0.0,0.0,0.0,0.0,0.0,63.0,215.8,0.0,3.2,105.0,1007.3,1007.3,2.7,4.7
2024-06-25 06:40:00+02:00,15.8,15.8,17.3,14.8,94.0,21.3,81.0,50.9,0.0,0.0,0.0,0.0,0.0,0.0,63.0,215.8,0.0,2.2,92.0,1007.2,1007.2,2.7,4.7
2024-06-25 06:45:00+02:00,15.9,15.9,17.4,14.8,93.0,21.3,82.0,53.8,0.0,0.0,0.0,0.0,0.0,0.0,63.0,215.8,0.5,2.2,114.0,1007.3,1007.3,2.7,4.8
2024-06-25 06:50:00+02:00,16.3,16.3,17.6,14.9,91.0,21.4,82.0,58.4,0.0,0.0,0.0,0.0,0.0,0.0,63.0,215.8,1.2,2.5,113.0,1007.3,1007.3,2.7,4.8
2024-06-25 06:55:00+02:00,16.4,16.4,18.0,14.9,91.0,21.5,83.0,62.8,0.0,0.0,0.0,0.0,0.0,0.0,63.0,215.8,0.0,2.5,132.0,1007.3,1007.3,2.7,4.8
2024-06-25 07:00:00+02:00,17.2,17.2,18.9,15.3,89.0,21.7,83.0,66.5,0.0,0.0,0.0,0.0,0.0,0.0,63.0,215.8,0.0,1.8,122.0,1007.2,1007.2,2.7,4.8
2024-06-25 07:05:00+02:00,17.5,17.5,19.2,15.3,87.0,21.8,83.0,35.8,0.0,0.0,0.0,0.0,0.0,0.0,63.0,215.8,0.0,1.8,108.0,1007.2,1007.2,2.7,4.8
2024-06-25 07:10:00+02:00,17.8,17.8,19.6,15.5,86.0,22.0,83.0,36.7,0.0,0.0,0.0,0.0,0.0,0.0,63.0,215.8,0.0,0.0,114.0,1007.1,1007.1,2.7,4.8
2024-06-25 07:15:00+02:00,17.8,17.8,19.5,15.3,85.0,22.0,83.0,37.6,0.0,0.0,0.0,0.0,0.0,0.0,63.0,215.8,0.4,2.2,293.0,1007.2,1007.2,2.7,4.8
2024-06-25 07:20:00+02:00,17.7,17.7,19.2,15.1,85.0,22.2,83.0,38.7,0.0,0.0,0.0,0.0,0.0,0.0,63.0,215.8,0.6,3.2,0.0,1007.3,1007.3,2.7,4.8
2024-06-25 07:25:00+02:00,18.0,18.0,19.5,15.0,83.0,22.2,83.0,39.7,0.0,0.0,0.0,0.0,0.0,0.0,63.0,215.8,0.4,3.2,285.0,1007.3,1007.3,2.7,4.8
2024-06-25 07:30:00+02:00,18.2,18.2,19.7,15.2,83.0,22.3,82.0,40.6,0.0,0.0,0.0,0.0,0.0,0.0,63.0,215.8,0.7,2.9,297.0,1007.3,1007.3,2.7,4.8
2024-06-25 07:35:00+02:00,18.5,18.5,20.0,15.2,81.0,22.4,82.0,41.4,0.0,0.0,0.0,0.0,0.0,0.0,63.0,215.8,0.9,3.6,291.0,1007.3,1007.3,2.7,4.8
2024-06-25 07:40:00+02:00,18.7,18.7,20.1,15.1,80.0,22.4,82.0,42.5,0.0,0.0,0.0,0.0,0.0,0.0,63.0,215.8,0.9,5.0,20.0,1007.3,1007.3,2.7,4.8
2024-06-25 07:45:00+02:00,19.0,19.0,20.3,14.9,77.0,22.4,82.0,43.3,0.0,0.0,0.0,0.0,0.0,0.0,63.0,215.8,1.4,5.0,13.0,1007.3,1007.3,2.7,4.8
2024-06-25 07:50:00+02:00,19.2,19.2,20.5,15.1,77.0,22.5,81.0,44.2,0.0,0.0,0.0,0.0,0.0,0.0,63.0,215.8,1.9,6.5,305.0,1007.3,1007.3,2.7,4.8
2024-06-25 07:55:00+02:00,19.3,19.3,20.3,14.9,76.0,22.5,81.0,45.3,0.0,0.0,0.0,0.0,0.0,0.0,63.0,215.8,3.0,6.5,314.0,1007.2,1007.2,2.7,4.8
2024-06-25 08:00:00+02:00,19.5,19.5,20.3,14.8,74.0,22.5,81.0,46.7,0.0,0.0,0.0,0.0,0.0,0.0,63.0,215.8,3.9,8.3,353.0,1007.2,1007.2,2.7,4.8
2024-06-25 08:05:00+02:00,19.7,19.7,20.0,14.9,74.0,22.5,81.0,48.3,0.0,0.0,0.0,0.0,0.0,0.0,63.0,215.8,6.2,10.8,354.0,1007.3,1007.3,2.7,4.8
2024-06-25 08:10:00+02:00,19.8,19.8,20.7,14.8,73.0,22.6,81.0,49.6,0.0,0.0,0.0,0.0,0.0,0.0,63.0,215.8,3.3,7.2,356.0,1007.2,1007.2,2.7,4.8
2024-06-25 08:15:00+02:00,20.0,20.0,20.8,14.9,73.0,22.6,81.0,50.9,0.0,0.0,0.0,0.0,0.0,0.0,63.0,215.8,3.7,7.2,348.0,1007.2,1007.2,2.7,4.9
2024-06-25 08:20:00+02:00,20.2,20.2,20.9,14.8,71.0,22.6,82.0,51.3,0.0,0.0,0.0,0.0,0.0,0.0,63.0,215.8,4.4,8.3,2.0,1007.2,1007.2,2.7,4.9
2024-06-25 08:25:00+02:00,20.3,20.3,20.7,14.7,70.0,22.7,82.0,224.1,2.0,0.0,0.0,0.0,0.0,0.0,63.0,215.8,5.8,7.9,354.0,1007.1,1007.1,2.7,4.9
2024-06-25 08:30:00+02:00,20.8,20.8,21.5,14.7,68.0,22.7,82.0,233.1,2.0,0.0,0.0,0.0,0.0,0.0,63.0,215.8,4.2,7.9,344.0,1007.2,1007.2,2.7,4.9
2024-06-25 08:35:00+02:00,21.3,21.3,22.3,14.9,67.0,22.8,82.0,243.1,2.0,0.0,0.0,0.0,0.0,0.0,63.0,215.8,2.4,6.8,5.0,1007.2,1007.2,2.7,4.9
2024-06-25 08:40:00+02:00,21.6,21.6,22.5,14.5,64.0,22.8,82.0,252.6,2.0,0.0,0.0,0.0,0.0,0.0,63.0,215.8,2.7,8.6,345.0,1007.2,1007.2,2.7,4.9
2024-06-25 08:45:00+02:00,22.2,22.2,23.3,14.9,63.0,22.8,83.0,261.6,2.0,0.0,0.0,0.0,0.0,0.0,63.0,215.8,2.6,5.0,337.0,1007.1,1007.1,2.7,5.0
2024-06-25 08:50:00+02:00,22.3,22.3,23.2,15.2,64.0,22.9,83.0,271.0,2.0,0.0,0.0,0.0,0.0,0.0,63.0,215.8,4.0,6.1,302.0,1007.1,1007.1,2.7,5.0
2024-06-25 08:55:00+02:00,22.3,22.3,23.5,15.2,64.0,23.0,84.0,282.9,2.0,0.0,0.0,0.0,0.0,0.0,63.0,215.8,3.1,7.2,297.0,1007.1,1007.1,2.7,5.1
2024-06-25 09:00:00+02:00,22.6,22.6,23.5,15.1,63.0,23.2,84.0,294.5,2.0,0.0,0.0,0.0,0.0,0.0,63.0,215.8,3.8,9.4,342.0,1007.1,1007.1,2.7,5.1
2024-06-25 09:05:00+02:00,22.7,22.7,23.5,15.2,63.0,23.5,84.0,303.6,2.0,0.0,0.0,0.0,0.0,0.0,63.0,215.8,4.6,8.6,311.0,1007.0,1007.0,2.7,5.2
2024-06-25 09:10:00+02:00,22.8,22.8,23.7,15.5,63.0,23.7,84.0,314.5,2.0,0.0,0.0,0.0,0.0,0.0,63.0,215.8,4.5,8.6,323.0,1006.9,1006.9,2.7,5.2
2024-06-25 09:15:00+02:00,23.1,23.1,24.1,15.6,63.0,24.0,84.0,322.9,3.0,0.0,0.0,0.0,0.0,0.0,63.0,215.8,4.4,10.1,318.0,1007.0,1007.0,2.7,5.2
2024-06-25 09:20:00+02:00,23.3,23.3,24.3,15.5,62.0,24.3,84.0,331.4,3.0,0.0,0.0,0.0,0.0,0.0,63.0,215.8,4.3,9.4,297.0,1007.0,1007.0,2.7,5.2
2024-06-25 09:25:00+02:00,23.6,23.6,24.5,15.2,60.0,24.5,84.0,339.5,3.0,0.0,0.0,0.0,0.0,0.0,63.0,215.8,4.0,9.0,344.0,1007.0,1007.0,2.7,5.3
2024-06-25 09:30:00+02:00,23.4,23.4,24.0,15.4,61.0,24.8,84.0,348.5,3.0,0.0,0.0,0.0,0.0,0.0,63.0,215.8,6.1,10.8,331.0,1006.9,1006.9,2.7,5.3
2024-06-25 09:35:00+02:00,23.2,23.2,24.0,15.5,62.0,25.0,84.0,356.2,3.0,0.0,0.0,0.0,0.0,0.0,63.0,215.8,5.3,9.7,302.0,1006.9,1006.9,2.7,5.3
2024-06-25 09:40:00+02:00,23.7,23.7,24.5,15.3,59.0,25.3,83.0,364.4,3.0,0.0,0.0,0.0,0.0,0.0,63.0,215.8,5.0,7.9,346.0,1006.9,1006.9,2.7,5.3
2024-06-25 09:45:00+02:00,23.9,23.9,24.8,14.9,57.0,25.6,83.0,375.0,3.0,0.0,0.0,0.0,0.0,0.0,63.0,215.8,3.7,9.4,31.0,1006.9,1006.9,2.7,5.3
2024-06-25 09:50:00+02:00,24.3,24.3,25.0,14.8,56.0,25.8,83.0,377.4,3.0,0.0,0.0,0.0,0.0,0.0,63.0,215.8,4.1,8.3,349.0,1006.8,1006.8,2.7,5.3
2024-06-25 09:55:00+02:00,24.2,24.2,24.8,15.1,57.0,26.1,82.0,388.0,3.0,0.0,0.0,0.0,0.0,0.0,63.0,215.8,5.4,15.1,293.0,1006.8,1006.8,2.7,5.3
2024-06-25 10:00:00+02:00,24.2,24.2,24.4,14.5,55.0,26.4,81.0,397.3,3.0,0.0,0.0,0.0,0.0,0.0,63.0,215.8,6.4,15.1,331.0,1006.8,1006.8,2.7,5.3
2024-06-25 10:05:00+02:00,24.4,24.4,25.1,14.9,55.0,26.7,81.0,406.8,3.0,0.0,0.0,0.0,0.0,0.0,63.0,215.8,4.8,10.4,17.0,1006.7,1006.7,2.7,5.3
2024-06-25 10:10:00+02:00,24.3,24.3,24.9,14.9,56.0,27.0,80.0,413.4,3.0,0.0,0.0,0.0,0.0,0.0,63.0,215.8,5.2,11.5,7.0,1006.7,1006.7,2.7,5.3
2024-06-25 10:15:00+02:00,24.6,24.6,25.2,14.9,55.0,27.2,80.0,421.7,3.0,0.0,0.0,0.0,0.0,0.0,63.0,215.8,4.8,13.0,349.0,1006.7,1006.7,2.7,5.3
2024-06-25 10:20:00+02:00,24.5,24.5,24.9,15.1,56.0,27.5,79.0,432.5,4.0,0.0,0.0,0.0,0.0,0.0,63.0,215.8,6.2,14.8,300.0,1006.5,1006.5,2.7,5.3
2024-06-25 10:25:00+02:00,24.7,24.7,25.4,15.0,55.0,27.8,79.0,440.7,4.0,0.0,0.0,0.0,0.0,0.0,63.0,215.8,4.5,11.9,293.0,1006.6,1006.6,2.7,5.3
2024-06-25 10:30:00+02:00,24.8,24.8,25.7,15.0,54.0,28.0,78.0,454.1,4.0,0.0,0.0,0.0,0.0,0.0,63.0,215.8,3.8,13.3,286.0,1006.5,1006.5,2.7,5.3
2024-06-25 10:35:00+02:00,24.9,24.9,25.2,14.9,54.0,28.3,78.0,462.9,4.0,0.0,0.0,0.0,0.0,0.0,63.0,215.8,6.3,13.3,1.0,1006.5,1006.5,2.7,5.3
2024-06-25 10:40:00+02:00,25.1,25.1,26.2,14.8,53.0,28.6,78.0,472.1,4.0,0.0,0.0,0.0,0.0,0.0,63.0,215.8,2.2,11.5,79.0,1006.5,1006.5,2.7,5.3
2024-06-25 10:45:00+02:00,25.4,25.4,25.7,14.4,50.0,28.9,77.0,479.2,4.0,0.0,0.0,0.0,0.0,0.0,63.0,215.8,5.4,16.2,330.0,1006.3,1006.3,2.7,5.3
2024-06-25 10:50:00+02:00,25.2,25.2,25.6,14.3,51.0,29.1,77.0,485.8,4.0,0.0,0.0,0.0,0.0,0.0,63.0,215.8,4.9,8.3,350.0,1006.4,1006.4,2.7,5.3
2024-06-25 10:55:00+02:00,25.3,25.3,25.6,14.5,51.0,29.3,77.0,492.3,4.0,0.0,0.0,0.0,0.0,0.0,63.0,215.8,5.8,14.4,344.0,1006.2,1006.2,2.7,5.3
2024-06-25 11:00:00+02:00,25.3,25.3,26.0,14.5,51.0,29.6,76.0,501.3,4.0,0.0,0.0,0.0,0.0,0.0,63.0,215.8,3.9,14.4,322.0,1006.3,1006.3,2.7,5.3
2024-06-25 11:05:00+02:00,25.3,25.3,26.2,14.2,50.0,29.8,76.0,511.4,4.0,0.0,0.0,0.0,0.0,0.0,63.0,215.8,2.5,10.8,20.0,1006.3,1006.3,2.7,5.3
2024-06-25 11:10:00+02:00,25.9,25.9,26.4,14.2,48.0,30.1,76.0,521.6,4.0,0.0,0.0,0.0,0.0,0.0,63.0,215.8,4.1,10.8,18.0,1006.3,1006.3,2.7,5.3
2024-06-25 11:15:00+02:00,25.8,25.8,26.5,14.4,49.0,30.3,76.0,521.5,4.0,0.0,0.0,0.0,0.0,0.0,63.0,215.8,3.6,10.4,56.0,1006.3,1006.3,2.7,5.3
2024-06-25 11:20:00+02:00,26.2,26.2,26.9,14.6,49.0,30.6,76.0,530.0,4.0,0.0,0.0,0.0,0.0,0.0,63.0,215.8,4.0,9.4,14.0,1006.2,1006.2,2.7,5.3
2024-06-25 11:25:00+02:00,26.0,26.0,26.7,14.6,49.0,30.8,75.0,539.9,5.0,0.0,0.0,0.0,0.0,0.0,63.0,215.8,3.7,9.0,325.0,1006.1,1006.1,2.7,5.3
2024-06-25 11:30:00+02:00,26.4,26.6,26.8,14.7,49.0,31.0,75.0,541.0,5.0,0.0,0.0,0.0,0.0,0.0,63.0,215.8,6.1,10.4,318.0,1006.1,1006.1,2.7,5.3
2024-06-25 11:35:00+02:00,26.3,26.3,27.2,14.7,49.0,31.3,75.0,552.1,5.0,0.0,0.0,0.0,0.0,0.0,63.0,215.8,3.2,14.0,44.0,1006.2,1006.2,2.7,5.3
2024-06-25 11:40:00+02:00,26.4,26.4,27.4,14.6,48.0,31.5,75.0,557.6,5.0,0.0,0.0,0.0,0.0,0.0,63.0,215.8,2.4,6.8,2.0,1006.1,1006.1,2.7,5.3
2024-06-25 11:45:00+02:00,27.1,27.4,27.9,15.0,47.0,31.7,74.0,564.7,5.0,0.0,0.0,0.0,0.0,0.0,63.0,215.8,4.2,12.6,69.0,1006.1,1006.1,2.7,5.3
2024-06-25 11:50:00+02:00,26.5,26.6,26.5,14.7,48.0,31.9,74.0,567.7,5.0,0.0,0.0,0.0,0.0,0.0,63.0,215.8,7.5,18.7,2.0,1006.2,1006.2,2.7,5.3
2024-06-25 11:55:00+02:00,25.8,25.8,25.8,14.4,49.0,32.1,74.0,573.7,5.0,0.0,0.0,0.0,0.0,0.0,63.0,215.8,7.1,18.7,3.0,1006.2,1006.2,2.7,5.3
2024-06-25 12:00:00+02:00,26.2,26.2,26.7,14.6,49.0,32.3,74.0,577.4,5.0,0.0,0.0,0.0,0.0,0.0,63.0,215.8,5.1,13.0,334.0,1006.1,1006.1,2.7,5.3
2024-06-25 12:05:00+02:00,26.7,27.0,27.3,15.0,49.0,32.5,73.0,585.2,5.0,0.0,0.0,0.0,0.0,0.0,63.0,215.8,5.3,11.2,91.0,1006.1,1006.1,2.7,5.3
2024-06-25 12:10:00+02:00,26.4,26.4,26.6,14.5,48.0,32.6,73.0,590.3,5.0,0.0,0.0,0.0,0.0,0.0,63.0,215.8,6.4,16.9,18.0,1006.1,1006.1,2.7,5.3
2024-06-25 12:15:00+02:00,26.9,27.1,27.2,14.7,47.0,32.8,73.0,595.4,5.0,0.0,0.0,0.0,0.0,0.0,63.0,215.8,6.0,17.6,305.0,1006.0,1006.0,2.7,5.3
2024-06-25 12:20:00+02:00,27.3,27.4,27.9,14.4,45.0,33.0,73.0,597.3,5.0,0.0,0.0,0.0,0.0,0.0,63.0,215.8,3.8,17.6,14.0,1006.1,1006.1,2.7,5.3
2024-06-25 12:25:00+02:00,27.1,27.2,27.6,14.7,47.0,33.1,73.0,602.0,5.0,0.0,0.0,0.0,0.0,0.0,63.0,215.8,4.8,19.1,333.0,1006.0,1006.0,2.7,5.3
2024-06-25 12:30:00+02:00,26.5,26.5,27.2,14.3,47.0,33.2,73.0,608.4,5.0,0.0,0.0,0.0,0.0,0.0,63.0,215.8,3.4,10.1,350.0,1006.0,1006.0,2.7,5.3
2024-06-25 12:35:00+02:00,27.3,27.4,28.0,14.8,46.0,33.4,72.0,609.0,5.0,0.0,0.0,0.0,0.0,0.0,63.0,215.8,3.9,15.5,314.0,1006.1,1006.1,2.7,5.3
2024-06-25 12:40:00+02:00,27.5,27.5,27.1,14.4,45.0,33.5,72.0,611.9,5.0,0.0,0.0,0.0,0.0,0.0,63.0,215.8,8.8,15.1,336.0,1006.0,1006.0,2.7,5.3
2024-06-25 12:45:00+02:00,26.9,27.1,26.5,14.1,45.0,33.7,72.0,620.0,5.0,0.0,0.0,0.0,0.0,0.0,63.0,215.8,9.0,17.3,343.0,1006.0,1006.0,2.7,5.3
2024-06-25 12:50:00+02:00,27.2,27.3,25.9,14.5,46.0,33.8,72.0,617.0,5.0,0.0,0.0,0.0,0.0,0.0,63.0,215.8,13.6,18.4,311.0,1005.7,1005.7,2.7,5.3
2024-06-25 12:55:00+02:00,27.1,27.2,27.3,14.4,46.0,33.9,72.0,616.6,5.0,0.0,0.0,0.0,0.0,0.0,63.0,215.8,6.1,17.3,260.0,1005.8,1005.8,2.7,5.3
2024-06-25 13:00:00+02:00,27.6,27.7,27.6,14.6,45.0,34.0,72.0,621.3,5.0,0.0,0.0,0.0,0.0,0.0,63.0,215.8,7.7,10.4,338.0,1005.7,1005.7,2.7,5.3
2024-06-25 13:05:00+02:00,27.6,27.7,28.8,14.5,45.0,34.2,72.0,618.9,5.0,0.0,0.0,0.0,0.0,0.0,63.0,215.8,1.6,10.1,21.0,1005.8,1005.8,2.7,5.3
2024-06-25 13:10:00+02:00,28.2,28.1,28.6,14.4,43.0,34.2,72.0,612.1,5.0,0.0,0.0,0.0,0.0,0.0,63.0,215.8,5.3,9.7,23.0,1005.8,1005.8,2.7,5.3
2024-06-25 13:15:00+02:00,28.2,28.1,29.1,14.6,43.0,34.4,71.0,619.2,5.0,0.0,0.0,0.0,0.0,0.0,63.0,215.8,2.9,10.8,80.0,1005.8,1005.8,2.7,5.3
2024-06-25 13:20:00+02:00,28.5,28.4,29.7,14.7,43.0,34.4,71.0,608.5,5.0,0.0,0.0,0.0,0.0,0.0,63.0,215.8,1.8,8.6,140.0,1005.8,1005.8,2.7,5.3
2024-06-25 13:25:00+02:00,28.5,28.4,29.5,14.8,43.0,34.5,71.0,618.9,5.0,0.0,0.0,0.0,0.0,0.0,63.0,215.8,2.7,7.9,82.0,1005.6,1005.6,2.7,5.3
2024-06-25 13:30:00+02:00,28.5,28.5,29.3,15.1,44.0,34.7,71.0,615.1,5.0,0.0,0.0,0.0,0.0,0.0,63.0,215.8,4.5,12.6,60.0,1005.5,1005.5,2.7,5.3
2024-06-25 13:35:00+02:00,28.5,28.4,29.4,14.7,43.0,34.7,71.0,613.5,5.0,0.0,0.0,0.0,0.0,0.0,63.0,215.8,3.2,15.1,358.0,1005.5,1005.5,2.68,5.3
2024-06-25 13:40:00+02:00,28.9,28.6,29.3,14.3,41.0,34.8,71.0,617.4,5.0,0.0,0.0,0.0,0.0,0.0,63.0,215.8,4.8,13.3,330.0,1005.5,1005.5,2.68,5.3
2024-06-25 13:45:00+02:00,29.6,29.4,30.5,15.0,41.0,34.9,72.0,616.5,5.0,0.0,0.0,0.0,0.0,0.0,63.0,215.8,4.1,15.1,277.0,1005.4,1005.4,2.68,5.3
2024-06-25 13:50:00+02:00,29.1,28.9,29.7,14.9,42.0,35.0,73.0,616.2,5.0,0.0,0.0,0.0,0.0,0.0,63.0,215.8,4.7,20.2,324.0,1005.3,1005.3,2.68,5.3
2024-06-25 13:55:00+02:00,29.2,29.1,29.7,15.2,42.0,35.1,73.0,616.6,5.0,0.0,0.0,0.0,0.0,0.0,63.0,215.8,6.1,13.7,265.0,1005.2,1005.2,2.68,5.3
2024-06-25 14:00:00+02:00,28.7,28.5,29.6,14.7,42.0,35.1,74.0,612.5,5.0,0.0,0.0,0.0,0.0,0.0,63.0,215.8,2.9,18.0,168.0,1005.1,1005.1,2.68,5.3
2024-06-25 14:05:00+02:00,29.0,28.8,29.1,14.8,42.0,35.1,74.0,613.6,5.0,0.0,0.0,0.0,0.0,0.0,63.0,215.8,7.5,18.0,348.0,1005.2,1005.2,2.68,5.3
2024-06-25 14:10:00+02:00,28.9,28.6,29.3,14.6,42.0,35.2,74.0,611.9,5.0,0.0,0.0,0.0,0.0,0.0,63.0,215.8,5.3,9.0,156.0,1005.2,1005.2,2.68,5.3
2024-06-25 14:15:00+02:00,29.6,29.1,30.4,13.9,38.0,35.2,74.0,610.3,5.0,0.0,0.0,0.0,0.0,0.0,63.0,215.8,2.2,5.4,214.0,1005.0,1005.0,2.68,5.3
2024-06-25 14:20:00+02:00,29.4,29.2,30.1,15.1,42.0,35.2,74.0,606.5,5.0,0.0,0.0,0.0,0.0,0.0,63.0,215.8,4.6,10.1,83.0,1005.0,1005.0,2.68,5.3
2024-06-25 14:25:00+02:00,28.8,28.6,29.6,14.7,42.0,35.2,74.0,608.0,5.0,0.0,0.0,0.0,0.0,0.0,63.0,215.8,3.7,13.0,3.0,1005.1,1005.1,2.68,5.3
2024-06-25 14:30:00+02:00,28.6,28.4,29.0,14.6,42.0,35.2,74.0,612.1,5.0,0.0,0.0,0.0,0.0,0.0,63.0,215.8,5.4,12.2,289.0,1005.1,1005.1,2.68,5.3
2024-06-25 14:35:00+02:00,28.7,28.5,29.4,14.6,42.0,35.2,74.0,612.3,5.0,0.0,0.0,0.0,0.0,0.0,63.0,215.8,3.8,10.4,347.0,1005.0,1005.0,2.68,5.3
2024-06-25 14:40:00+02:00,29.0,28.8,28.9,14.8,42.0,35.2,75.0,619.7,5.0,0.0,0.0,0.0,0.0,0.0,63.0,215.8,8.5,15.8,299.0,1004.9,1004.9,2.68,5.3
2024-06-25 14:45:00+02:00,29.0,28.8,29.7,14.9,42.0,35.3,75.0,617.6,5.0,0.0,0.0,0.0,0.0,0.0,63.0,215.8,4.3,10.8,357.0,1004.8,1004.8,2.68,5.3
2024-06-25 14:50:00+02:00,29.6,29.3,30.3,14.7,40.0,35.3,75.0,619.3,5.0,0.0,0.0,0.0,0.0,0.0,63.0,215.8,4.2,14.4,273.0,1004.9,1004.9,2.68,5.3
2024-06-25 14:55:00+02:00,29.4,29.1,29.3,14.6,41.0,35.3,75.0,619.2,5.0,0.0,0.0,0.0,0.0,0.0,63.0,215.8,7.9,14.4,280.0,1004.9,1004.9,2.68,5.3
2024-06-25 15:00:00+02:00,28.7,28.5,28.5,14.5,42.0,35.3,75.0,613.8,5.0,0.0,0.0,0.0,0.0,0.0,63.0,215.8,8.4,15.8,328.0,1004.9,1004.9,2.68,5.3
2024-06-25 15:05:00+02:00,28.6,28.3,29.3,14.3,42.0,35.3,75.0,611.4,5.0,0.0,0.0,0.0,0.0,0.0,63.0,215.8,3.4,9.7,23.0,1004.8,1004.8,2.68,5.3
2024-06-25 15:10:00+02:00,28.9,28.5,28.8,14.2,41.0,35.3,75.0,608.3,5.0,0.0,0.0,0.0,0.0,0.0,63.0,215.8,7.1,18.0,328.0,1004.7,1004.7,2.68,5.3
2024-06-25 15:15:00+02:00,28.7,28.4,29.0,13.9,40.0,35.3,75.0,606.2,5.0,0.0,0.0,0.0,0.0,0.0,63.0,215.8,4.9,16.9,2.0,1004.6,1004.6,2.68,5.3
2024-06-25 15:20:00+02:00,29.3,28.9,29.7,14.4,40.0,35.3,76.0,602.3,5.0,0.0,0.0,0.0,0.0,0.0,63.0,215.8,5.0,15.5,92.0,1004.6,1004.6,2.68,5.3
2024-06-25 15:25:00+02:00,29.3,29.0,30.1,14.5,40.0,35.2,76.0,599.5,5.0,0.0,0.0,0.0,0.0,0.0,63.0,215.8,3.5,10.1,132.0,1004.7,1004.7,2.68,5.3
2024-06-25 15:30:00+02:00,29.1,28.8,29.2,14.4,41.0,35.2,76.0,595.7,5.0,0.0,0.0,0.0,0.0,0.0,63.0,215.8,6.4,16.9,316.0,1004.6,1004.6,2.68,5.3
2024-06-25 15:35:00+02:00,28.8,28.5,29.0,14.2,41.0,35.2,76.0,589.3,5.0,0.0,0.0,0.0,0.0,0.0,63.0,215.8,5.7,17.3,359.0,1004.6,1004.6,2.68,5.3
2024-06-25 15:40:00+02:00,28.8,28.4,28.6,13.8,40.0,35.2,76.0,589.1,5.0,0.0,0.0,0.0,0.0,0.0,63.0,215.8,6.7,15.1,330.0,1004.7,1004.7,2.68,5.3
2024-06-25 15:45:00+02:00,29.0,28.7,29.2,14.2,40.0,35.2,77.0,582.6,5.0,0.0,0.0,0.0,0.0,0.0,63.0,215.8,5.8,15.5,286.0,1004.6,1004.6,2.68,5.3
2024-06-25 15:50:00+02:00,29.7,29.3,30.3,14.5,40.0,35.2,77.0,580.4,5.0,0.0,0.0,0.0,0.0,0.0,63.0,215.8,4.5,18.0,322.0,1004.5,1004.5,2.68,5.3
2024-06-25 15:55:00+02:00,29.7,29.3,30.2,14.3,39.0,35.2,77.0,574.1,5.0,0.0,0.0,0.0,0.0,0.0,63.0,215.8,4.6,18.0,267.0,1004.4,1004.4,2.68,5.3
2024-06-25 16:00:00+02:00,29.5,29.1,30.3,14.3,39.0,35.1,77.0,567.2,5.0,0.0,0.0,0.0,0.0,0.0,63.0,215.8,2.8,15.1,44.0,1004.4,1004.4,2.68,5.3
2024-06-25 16:05:00+02:00,29.8,29.3,29.3,14.3,39.0,35.1,77.0,559.4,5.0,0.0,0.0,0.0,0.0,0.0,63.0,215.8,9.6,18.0,278.0,1004.3,1004.3,2.68,5.3
2024-06-25 16:10:00+02:00,29.9,29.4,30.0,14.2,38.0,35.1,77.0,547.0,5.0,0.0,0.0,0.0,0.0,0.0,63.0,215.8,6.3,13.7,348.0,1004.3,1004.3,2.68,5.3
2024-06-25 16:15:00+02:00,29.6,29.1,29.9,14.2,39.0,35.1,78.0,537.4,4.0,0.0,0.0,0.0,0.0,0.0,63.0,215.8,5.0,13.7,349.0,1004.2,1004.2,2.68,5.3
2024-06-25 16:20:00+02:00,29.4,28.9,29.4,14.1,39.0,35.1,78.0,534.5,4.0,0.0,0.0,0.0,0.0,0.0,63.0,215.8,6.5,20.2,353.0,1004.2,1004.2,2.68,5.3
2024-06-25 16:25:00+02:00,29.3,28.9,29.4,14.2,40.0,35.1,78.0,522.9,4.0,0.0,0.0,0.0,0.0,0.0,63.0,215.8,6.4,18.0,7.0,1004.1,1004.1,2.68,5.3
2024-06-25 16:30:00+02:00,29.3,28.8,29.6,14.1,40.0,35.1,78.0,516.7,4.0,0.0,0.0,0.0,0.0,0.0,63.0,215.8,4.8,18.0,333.0,1004.1,1004.1,2.68,5.3
2024-06-25 16:35:00+02:00,29.5,29.0,29.9,14.1,39.0,35.1,79.0,507.7,4.0,0.0,0.0,0.0,0.0,0.0,63.0,215.8,4.7,11.2,22.0,1004.0,1004.0,2.68,5.3
2024-06-25 16:40:00+02:00,29.8,29.3,30.2,14.2,39.0,35.1,79.0,499.0,4.0,0.0,0.0,0.0,0.0,0.0,63.0,215.8,4.9,19.1,281.0,1003.9,1003.9,2.68,5.3
2024-06-25 16:45:00+02:00,29.7,29.3,30.2,14.2,39.0,35.1,79.0,488.3,4.0,0.0,0.0,0.0,0.0,0.0,63.0,215.8,4.5,14.4,295.0,1004.0,1004.0,2.68,5.3
2024-06-25 16:50:00+02:00,29.4,29.0,29.1,14.4,40.0,35.1,79.0,481.2,4.0,0.0,0.0,0.0,0.0,0.0,63.0,215.8,8.6,18.0,347.0,1003.8,1003.8,2.68,5.3
2024-06-25 16:55:00+02:00,29.0,28.7,29.6,14.6,41.0,35.1,79.0,471.4,4.0,0.0,0.0,0.0,0.0,0.0,63.0,215.8,4.4,17.3,334.0,1003.6,1003.6,2.7,5.3
2024-06-25 17:00:00+02:00,29.4,29.1,29.8,14.8,41.0,35.1,79.0,459.6,4.0,0.0,0.0,0.0,0.0,0.0,63.0,215.8,5.8,15.8,22.0,1003.7,1003.7,2.7,5.3
2024-06-25 17:05:00+02:00,29.5,29.1,30.6,14.2,39.0,35.1,80.0,445.6,4.0,0.0,0.0,0.0,0.0,0.0,63.0,215.8,1.6,9.4,297.0,1003.9,1003.9,2.7,5.3
2024-06-25 17:10:00+02:00,29.6,29.2,30.4,14.5,40.0,35.1,80.0,435.1,4.0,0.0,0.0,0.0,0.0,0.0,63.0,215.8,3.5,9.0,13.0,1003.7,1003.7,2.7,5.3
2024-06-25 17:15:00+02:00,29.6,29.4,30.7,15.1,41.0,35.1,80.0,424.1,3.0,0.0,0.0,0.0,0.0,0.0,63.0,215.8,2.7,12.2,108.0,1003.7,1003.7,2.7,5.3
2024-06-25 17:20:00+02:00,30.0,29.7,31.0,14.9,40.0,35.1,80.0,411.0,3.0,0.0,0.0,0.0,0.0,0.0,63.0,215.8,2.9,8.6,294.0,1003.7,1003.7,2.7,5.3
2024-06-25 17:25:00+02:00,29.6,29.2,30.0,14.5,40.0,35.0,80.0,404.7,3.0,0.0,0.0,0.0,0.0,0.0,63.0,215.8,5.3,16.2,32.0,1003.5,1003.5,2.7,5.3
2024-06-25 17:30:00+02:00,29.3,28.9,29.6,14.2,40.0,35.0,80.0,392.7,3.0,0.0,0.0,0.0,0.0,0.0,63.0,215.8,5.5,23.0,325.0,1003.4,1003.4,2.7,5.3
2024-06-25 17:35:00+02:00,29.4,29.0,29.7,14.4,40.0,35.0,80.0,380.4,3.0,0.0,0.0,0.0,0.0,0.0,63.0,215.8,5.3,13.3,281.0,1003.5,1003.5,2.7,5.3
2024-06-25 17:40:00+02:00,29.2,28.8,29.6,14.4,40.0,34.9,80.0,372.7,3.0,0.0,0.0,0.0,0.0,0.0,63.0,215.8,5.1,13.0,342.0,1003.2,1003.2,2.7,5.3
2024-06-25 17:45:00+02:00,29.3,29.1,29.4,14.9,41.0,34.9,80.0,362.8,3.0,0.0,0.0,0.0,0.0,0.0,63.0,215.8,7.7,14.4,287.0,1003.3,1003.3,2.7,5.3
2024-06-25 17:50:00+02:00,29.3,29.0,29.3,14.4,40.0,34.9,80.0,351.9,3.0,0.0,0.0,0.0,0.0,0.0,63.0,215.8,7.7,18.7,322.0,1003.3,1003.3,2.7,5.3
2024-06-25 17:55:00+02:00,29.4,29.0,28.9,14.3,40.0,34.8,80.0,337.6,3.0,0.0,0.0,0.0,0.0,0.0,63.0,215.8,9.3,17.6,309.0,1003.4,1003.4,2.7,5.3
2024-06-25 18:00:00+02:00,29.3,28.9,29.5,14.2,40.0,34.7,80.0,328.7,3.0,0.0,0.0,0.0,0.0,0.0,63.0,215.8,5.5,11.5,324.0,1003.2,1003.2,2.7,5.3
2024-06-25 18:05:00+02:00,29.2,28.9,29.7,14.3,40.0,34.7,80.0,319.3,2.0,0.0,0.0,0.0,0.0,0.0,63.0,215.8,4.6,13.0,353.0,1003.3,1003.3,2.7,5.3
2024-06-25 18:10:00+02:00,29.0,28.6,29.3,14.1,40.0,34.6,81.0,305.8,2.0,0.0,0.0,0.0,0.0,0.0,63.0,215.8,5.3,12.6,24.0,1003.3,1003.3,2.7,5.3
2024-06-25 18:15:00+02:00,28.7,28.4,29.2,14.0,41.0,34.5,81.0,294.3,2.0,0.0,0.0,0.0,0.0,0.0,63.0,215.8,4.1,15.1,43.0,1003.3,1003.3,2.7,5.3
2024-06-25 18:20:00+02:00,28.5,28.2,29.5,14.0,41.0,34.4,81.0,65.6,0.0,0.0,0.0,0.0,0.0,0.0,63.0,215.8,1.7,16.6,41.0,1003.2,1003.2,2.7,5.3
2024-06-25 18:25:00+02:00,28.5,28.1,28.3,13.6,40.0,34.3,81.0,50.5,0.0,0.0,0.0,0.0,0.0,0.0,63.0,215.8,6.6,20.9,304.0,1003.1,1003.1,2.7,5.3
2024-06-25 18:30:00+02:00,28.2,27.9,28.0,13.7,41.0,34.3,81.0,49.6,0.0,0.0,0.0,0.0,0.0,0.0,63.0,215.8,7.2,15.1,321.0,1003.1,1003.1,2.7,5.3
2024-06-25 18:35:00+02:00,28.2,27.9,28.8,13.7,41.0,34.2,81.0,48.3,0.0,0.0,0.0,0.0,0.0,0.0,63.0,215.8,3.0,15.1,333.0,1003.0,1003.0,2.7,5.3
2024-06-25 18:40:00+02:00,28.3,28.0,28.8,13.9,41.0,34.1,81.0,47.8,0.0,0.0,0.0,0.0,0.0,0.0,63.0,215.8,3.5,15.5,11.0,1003.0,1003.0,2.7,5.3
2024-06-25 18:45:00+02:00,28.3,28.1,28.9,13.9,41.0,34.1,81.0,71.0,0.0,0.0,0.0,0.0,0.0,0.0,63.0,215.8,3.4,11.9,357.0,1003.1,1003.1,2.7,5.3
2024-06-25 18:50:00+02:00,28.4,28.2,28.9,14.2,42.0,34.0,81.0,153.3,1.0,0.0,0.0,0.0,0.0,0.0,63.0,215.8,4.0,18.7,4.0,1002.9,1002.9,2.7,5.3
2024-06-25 18:55:00+02:00,28.3,28.0,27.9,13.8,41.0,33.9,81.0,187.4,1.0,0.0,0.0,0.0,0.0,0.0,63.0,215.8,8.1,16.2,358.0,1003.0,1003.0,2.7,5.3
2024-06-25 19:00:00+02:00,28.2,27.9,28.3,13.9,42.0,33.8,81.0,56.4,0.0,0.0,0.0,0.0,0.0,0.0,63.0,215.8,5.5,16.9,350.0,1003.1,1003.1,2.7,5.3
2024-06-25 19:05:00+02:00,28.1,27.9,28.2,13.8,41.0,33.8,81.0,46.4,0.0,0.0,0.0,0.0,0.0,0.0,63.0,215.8,5.9,13.0,358.0,1002.9,1002.9,2.7,5.3
2024-06-25 19:10:00+02:00,28.0,27.7,27.6,13.5,41.0,33.7,81.0,44.8,0.0,0.0,0.0,0.0,0.0,0.0,63.0,215.8,7.6,19.4,333.0,1002.9,1002.9,2.7,5.3
2024-06-25 19:15:00+02:00,27.8,27.6,28.0,13.7,42.0,33.6,81.0,41.8,0.0,0.0,0.0,0.0,0.0,0.0,63.0,215.8,4.9,19.4,267.0,1003.0,1003.0,2.7,5.3
2024-06-25 19:20:00+02:00,27.8,27.6,27.8,13.9,43.0,33.5,81.0,41.1,0.0,0.0,0.0,0.0,0.0,0.0,63.0,215.8,6.0,19.8,309.0,1003.0,1003.0,2.7,5.3
2024-06-25 19:25:00+02:00,27.8,27.6,27.5,13.5,41.0,33.5,81.0,40.2,0.0,0.0,0.0,0.0,0.0,0.0,63.0,215.8,7.3,18.0,12.0,1002.9,1002.9,2.7,5.3
2024-06-25 19:30:00+02:00,27.7,27.6,28.1,13.6,42.0,33.4,81.0,39.0,0.0,0.0,0.0,0.0,0.0,0.0,63.0,215.8,3.7,10.4,43.0,1002.9,1002.9,2.7,5.3
2024-06-25 19:35:00+02:00,27.6,27.5,27.6,13.7,42.0,33.3,81.0,38.2,0.0,0.0,0.0,0.0,0.0,0.0,63.0,215.8,5.8,10.8,23.0,1002.9,1002.9,2.7,5.3
2024-06-25 19:40:00+02:00,27.6,27.5,28.0,13.6,42.0,33.2,81.0,37.5,0.0,0.0,0.0,0.0,0.0,0.0,63.0,215.8,3.7,11.9,354.0,1002.8,1002.8,2.7,5.3
2024-06-25 19:45:00+02:00,27.5,27.4,28.2,13.6,42.0,33.2,81.0,36.9,0.0,0.0,0.0,0.0,0.0,0.0,63.0,215.8,2.5,13.0,25.0,1002.9,1002.9,2.7,5.3
2024-06-25 19:50:00+02:00,27.5,27.4,28.0,13.8,43.0,33.1,81.0,36.9,0.0,0.0,0.0,0.0,0.0,0.0,63.0,215.8,3.5,13.0,324.0,1002.7,1002.7,2.7,5.3
2024-06-25 19:55:00+02:00,27.5,27.4,28.0,13.8,43.0,33.0,81.0,35.0,0.0,0.0,0.0,0.0,0.0,0.0,63.0,215.8,3.6,10.4,331.0,1002.7,1002.7,2.7,5.2
2024-06-25 20:00:00+02:00,27.4,27.3,27.6,13.7,43.0,32.9,81.0,33.5,0.0,0.0,0.0,0.0,0.0,0.0,63.0,215.8,4.7,13.0,21.0,1002.8,1002.8,2.7,5.2
2024-06-25 20:05:00+02:00,27.3,27.3,27.8,13.9,44.0,32.8,81.0,32.5,0.0,0.0,0.0,0.0,0.0,0.0,63.0,215.8,3.7,8.3,350.0,1002.7,1002.7,2.7,5.2
2024-06-25 20:10:00+02:00,27.3,27.3,27.8,14.0,44.0,32.8,81.0,31.5,0.0,0.0,0.0,0.0,0.0,0.0,63.0,215.8,4.1,9.0,13.0,1002.6,1002.6,2.7,5.2
2024-06-25 20:15:00+02:00,27.2,27.3,28.0,14.3,45.0,32.7,81.0,30.5,0.0,0.0,0.0,0.0,0.0,0.0,63.0,215.8,2.5,5.4,312.0,1002.7,1002.7,2.7,5.2
2024-06-25 20:20:00+02:00,27.2,27.2,27.6,14.1,45.0,32.7,81.0,29.4,0.0,0.0,0.0,0.0,0.0,0.0,63.0,215.8,4.0,14.8,314.0,1002.6,1002.6,2.7,5.2
2024-06-25 20:25:00+02:00,27.0,27.1,27.6,14.0,45.0,32.6,81.0,28.2,0.0,0.0,0.0,0.0,0.0,0.0,63.0,215.8,3.8,14.8,6.0,1002.6,1002.6,2.7,5.2
2024-06-25 20:30:00+02:00,27.0,27.1,27.6,14.1,45.0,32.5,81.0,27.0,0.0,0.0,0.0,0.0,0.0,0.0,63.0,215.8,3.8,10.8,308.0,1002.7,1002.7,2.7,5.2
2024-06-25 20:35:00+02:00,26.9,27.1,28.2,14.2,46.0,32.4,81.0,25.8,0.0,0.0,0.0,0.0,0.0,0.0,63.0,215.8,0.5,10.1,345.0,1002.9,1002.9,2.7,5.2
2024-06-25 20:40:00+02:00,26.8,27.0,27.8,14.4,47.0,32.4,81.0,24.7,0.0,0.0,0.0,0.0,0.0,0.0,63.0,215.8,2.1,10.1,339.0,1002.8,1002.8,2.7,5.2
2024-06-25 20:45:00+02:00,26.7,27.0,27.6,14.5,47.0,32.3,81.0,23.0,0.0,0.0,0.0,0.0,0.0,0.0,63.0,215.8,2.6,8.3,339.0,1002.9,1002.9,2.7,5.2
2024-06-25 20:55:00+02:00,26.4,26.4,27.0,14.5,48.0,32.1,81.0,19.0,0.0,0.0,0.0,0.0,0.0,0.0,63.0,215.8,4.5,9.4,333.0,1003.0,1003.0,2.7,5.2
2024-06-25 21:00:00+02:00,26.4,26.4,27.5,14.8,49.0,32.1,81.0,18.2,0.0,0.0,0.0,0.0,0.0,0.0,63.0,215.8,2.0,9.0,6.0,1002.9,1002.9,2.7,5.2
2024-06-25 21:05:00+02:00,26.2,26.2,27.4,14.7,49.0,32.0,81.0,17.0,0.0,0.0,0.0,0.0,0.0,0.0,63.0,215.8,1.7,5.8,351.0,1002.9,1002.9,2.7,5.2
2024-06-25 21:10:00+02:00,26.1,26.1,27.5,14.8,50.0,31.9,81.0,15.2,0.0,0.0,0.0,0.0,0.0,0.0,63.0,215.8,0.9,4.7,24.0,1002.8,1002.8,2.7,5.2
2024-06-25 21:15:00+02:00,25.8,25.8,27.3,15.1,52.0,31.8,81.0,13.5,0.0,0.0,0.0,0.0,0.0,0.0,63.0,215.8,0.9,3.6,316.0,1002.9,1002.9,2.7,5.2
2024-06-25 21:20:00+02:00,25.6,25.6,26.8,15.0,52.0,31.8,81.0,11.8,0.0,0.0,0.0,0.0,0.0,0.0,63.0,215.8,2.1,6.1,325.0,1003.0,1003.0,2.7,5.2
2024-06-25 21:25:00+02:00,25.3,25.3,27.0,15.2,54.0,31.7,81.0,10.1,0.0,0.0,0.0,0.0,0.0,0.0,63.0,215.8,0.0,2.2,226.0,1003.1,1003.1,2.7,5.2
2024-06-25 21:30:00+02:00,24.8,24.8,26.3,15.2,55.0,31.6,81.0,8.4,0.0,0.0,0.0,0.0,0.0,0.0,63.0,215.8,1.4,3.6,275.0,1003.0,1003.0,2.7,5.2
2024-06-25 21:35:00+02:00,24.4,24.4,26.0,15.4,57.0,31.5,81.0,6.8,0.0,0.0,0.0,0.0,0.0,0.0,63.0,215.8,0.7,3.6,264.0,1003.1,1003.1,2.7,5.2
2024-06-25 21:40:00+02:00,24.2,24.2,25.6,15.4,58.0,31.5,81.0,5.3,0.0,0.0,0.0,0.0,0.0,0.0,63.0,215.8,1.5,3.2,272.0,1003.1,1003.1,2.7,5.2
2024-06-25 21:45:00+02:00,23.8,23.8,25.5,15.5,60.0,31.3,81.0,4.0,0.0,0.0,0.0,0.0,0.0,0.0,63.0,215.8,0.7,2.5,264.0,1003.2,1003.2,2.7,5.2
2024-06-25 21:50:00+02:00,23.5,23.5,25.3,15.6,61.0,31.3,81.0,2.8,0.0,0.0,0.0,0.0,0.0,0.0,63.0,215.8,0.0,2.5,263.0,1003.2,1003.2,2.7,5.2
2024-06-25 21:55:00+02:00,23.2,23.2,25.0,15.6,63.0,31.2,81.0,2.0,0.0,0.0,0.0,0.0,0.0,0.0,63.0,215.8,0.0,2.2,269.0,1003.1,1003.1,2.7,5.2
2024-06-25 22:00:00+02:00,22.9,22.9,24.7,15.8,64.0,31.1,81.0,1.3,0.0,0.0,0.0,0.0,0.0,0.0,63.0,215.8,0.4,2.2,253.0,1003.2,1003.2,2.7,5.2
2024-06-25 22:05:00+02:00,22.6,22.6,24.4,15.6,65.0,31.0,81.0,0.8,0.0,0.0,0.0,0.0,0.0,0.0,63.0,215.8,0.0,2.2,259.0,1003.2,1003.2,2.7,5.2
2024-06-25 22:10:00+02:00,22.4,22.4,24.2,15.6,65.0,30.9,81.0,0.5,0.0,0.0,0.0,0.0,0.0,0.0,63.0,215.8,0.0,1.8,217.0,1003.1,1003.1,2.7,5.2
2024-06-25 22:15:00+02:00,22.1,22.1,24.1,16.0,68.0,30.8,81.0,0.2,0.0,0.0,0.0,0.0,0.0,0.0,63.0,215.8,0.0,1.8,219.0,1003.2,1003.2,2.7,5.1
2024-06-25 22:20:00+02:00,21.8,21.8,23.7,15.8,69.0,30.7,81.0,0.2,0.0,0.0,0.0,0.0,0.0,0.0,63.0,215.8,0.0,0.0,210.0,1003.2,1003.2,2.7,5.1
2024-06-25 22:25:00+02:00,21.6,21.6,23.5,15.8,69.0,30.6,81.0,0.1,0.0,0.0,0.0,0.0,0.0,0.0,63.0,215.8,0.0,1.8,295.0,1003.3,1003.3,2.7,5.1
2024-06-25 22:30:00+02:00,21.4,21.4,23.2,15.7,70.0,30.5,81.0,0.0,0.0,0.0,0.0,0.0,0.0,0.0,63.0,215.8,0.4,2.9,283.0,1003.3,1003.3,2.7,5.1
2024-06-25 22:35:00+02:00,21.3,21.3,22.9,15.6,70.0,30.4,81.0,0.0,0.0,0.0,0.0,0.0,0.0,0.0,63.0,215.8,1.2,2.9,277.0,1003.1,1003.1,2.7,5.1
2024-06-25 22:40:00+02:00,21.4,21.4,23.1,15.7,70.0,30.3,81.0,0.0,0.0,0.0,0.0,0.0,0.0,0.0,63.0,215.8,1.4,3.6,284.0,1003.2,1003.2,2.7,5.1
2024-06-25 22:45:00+02:00,21.2,21.2,22.9,15.7,71.0,30.2,81.0,0.0,0.0,0.0,0.0,0.0,0.0,0.0,63.0,215.8,0.7,2.9,305.0,1003.2,1003.2,2.7,5.1
2024-06-25 22:50:00+02:00,21.0,21.0,22.9,15.6,71.0,30.1,81.0,0.0,0.0,0.0,0.0,0.0,0.0,0.0,63.0,215.8,0.0,2.2,150.0,1003.3,1003.3,2.7,5.1
2024-06-25 22:55:00+02:00,20.7,20.7,22.3,15.7,73.0,30.0,81.0,0.0,0.0,0.0,0.0,0.0,0.0,0.0,63.0,215.8,1.4,2.5,129.0,1003.3,1003.3,2.7,5.1
2024-06-25 23:00:00+02:00,20.5,20.5,22.4,15.7,74.0,29.9,81.0,0.0,0.0,0.0,0.0,0.0,0.0,0.0,63.0,215.8,0.0,2.5,129.0,1003.3,1003.3,2.7,5.1
2024-06-25 23:05:00+02:00,20.3,20.3,22.2,15.7,75.0,29.8,81.0,0.0,0.0,0.0,0.0,0.0,0.0,0.0,63.0,215.8,0.0,1.8,151.0,1003.2,1003.2,2.7,5.1
2024-06-25 23:10:00+02:00,20.2,20.2,22.0,15.6,75.0,29.7,81.0,0.0,0.0,0.0,0.0,0.0,0.0,0.0,63.0,215.8,0.0,1.8,153.0,1003.2,1003.2,2.7,5.1
2024-06-25 23:15:00+02:00,20.0,20.0,21.6,15.6,76.0,29.6,81.0,0.0,0.0,0.0,0.0,0.0,0.0,0.0,63.0,215.8,1.3,2.9,138.0,1003.2,1003.2,2.7,5.1
2024-06-25 23:20:00+02:00,20.0,20.0,21.8,15.6,76.0,29.4,81.0,0.0,0.0,0.0,0.0,0.0,0.0,0.0,63.0,215.8,0.4,2.9,155.0,1003.3,1003.3,2.7,5.1
2024-06-25 23:25:00+02:00,20.2,20.2,21.8,15.7,75.0,29.3,81.0,0.0,0.0,0.0,0.0,0.0,0.0,0.0,63.0,215.8,1.2,2.9,291.0,1003.3,1003.3,2.7,5.1
2024-06-25 23:30:00+02:00,20.2,20.2,22.1,15.8,76.0,29.2,81.0,0.0,0.0,0.0,0.0,0.0,0.0,0.0,63.0,215.8,0.0,2.2,259.0,1003.3,1003.3,2.7,5.1
2024-06-25 23:35:00+02:00,20.4,20.4,22.0,15.6,74.0,29.1,81.0,0.0,0.0,0.0,0.0,0.0,0.0,0.0,63.0,215.8,1.2,2.9,117.0,1003.2,1003.2,2.7,5.1
2024-06-25 23:40:00+02:00,20.8,20.8,22.6,15.6,72.0,29.0,81.0,0.0,0.0,0.0,0.0,0.0,0.0,0.0,63.0,215.8,0.0,2.9,184.0,1003.3,1003.3,2.7,5.1
2024-06-25 23:45:00+02:00,20.7,20.7,22.3,15.7,73.0,28.9,81.0,0.0,0.0,0.0,0.0,0.0,0.0,0.0,63.0,215.8,1.0,6.8,7.0,1003.2,1003.2,2.7,5.1
2024-06-25 23:50:00+02:00,21.0,21.0,22.8,15.6,71.0,28.8,81.0,0.0,0.0,0.0,0.0,0.0,0.0,0.0,63.0,215.8,0.0,3.6,11.0,1003.2,1003.2,2.7,5.1
2024-06-25 23:55:00+02:00,21.0,21.0,22.7,15.7,71.0,28.7,81.0,0.0,0.0,0.0,0.0,0.0,0.0,0.0,63.0,215.8,1.1,4.3,314.0,1003.2,1003.2,2.7,5.1
2024-06-26 00:00:00+02:00,21.2,21.2,22.9,15.7,71.0,28.6,81.0,0.0,0.0,0.0,0.0,0.0,0.0,0.0,63.0,215.8,0.4,4.3,339.0,1003.2,1003.2,2.7,5.1
2024-06-26 00:05:00+02:00,21.0,21.0,22.8,15.7,72.0,28.5,81.0,0.0,0.0,0.0,0.0,0.0,0.0,0.0,63.0,215.8,0.5,3.6,302.0,1003.3,1003.3,2.7,5.0
2024-06-26 00:10:00+02:00,20.8,20.8,22.6,15.6,72.0,28.4,81.0,0.0,0.0,0.0,0.0,0.0,0.0,0.0,63.0,215.8,0.4,2.5,274.0,1003.2,1003.2,2.7,5.0
2024-06-26 00:15:00+02:00,20.6,20.6,22.3,15.6,73.0,28.3,81.0,0.0,0.0,0.0,0.0,0.0,0.0,0.0,63.0,215.8,0.5,2.9,271.0,1003.3,1003.3,2.7,5.0
2024-06-26 00:20:00+02:00,20.4,20.4,22.2,15.5,74.0,28.2,81.0,0.0,0.0,0.0,0.0,0.0,0.0,0.0,63.0,215.8,0.0,2.9,158.0,1003.3,1003.3,2.7,5.0
2024-06-26 00:25:00+02:00,20.2,20.2,22.0,15.6,75.0,28.1,81.0,0.0,0.0,0.0,0.0,0.0,0.0,0.0,63.0,215.8,0.0,1.8,191.0,1003.3,1003.3,2.7,5.0
2024-06-26 00:30:00+02:00,20.0,20.0,21.8,15.6,76.0,28.0,81.0,0.0,0.0,0.0,0.0,0.0,0.0,0.0,63.0,215.8,0.0,1.8,301.0,1003.3,1003.3,2.7,5.0
2024-06-26 00:35:00+02:00,19.8,19.8,21.6,15.5,77.0,28.0,81.0,0.0,0.0,0.0,0.0,0.0,0.0,0.0,63.0,215.8,0.0,1.8,182.0,1003.3,1003.3,2.7,5.0
2024-06-26 00:40:00+02:00,19.6,19.6,21.4,15.6,78.0,27.9,81.0,0.0,0.0,0.0,0.0,0.0,0.0,0.0,63.0,215.8,0.0,1.8,217.0,1003.4,1003.4,2.7,5.0
2024-06-26 00:45:00+02:00,19.4,19.4,21.2,15.5,78.0,27.8,81.0,0.0,0.0,0.0,0.0,0.0,0.0,0.0,63.0,215.8,0.0,1.8,238.0,1003.4,1003.4,2.7,5.0
2024-06-26 00:50:00+02:00,19.3,19.3,20.9,15.4,78.0,27.7,81.0,0.0,0.0,0.0,0.0,0.0,0.0,0.0,63.0,215.8,0.7,2.5,313.0,1003.4,1003.4,2.7,5.0
2024-06-26 00:55:00+02:00,19.3,19.3,21.1,15.5,79.0,27.6,81.0,0.0,0.0,0.0,0.0,0.0,0.0,0.0,63.0,215.8,0.0,2.2,281.0,1003.4,1003.4,2.7,5.0
2024-06-26 01:00:00+02:00,19.2,19.2,20.9,15.5,79.0,27.5,81.0,0.0,0.0,0.0,0.0,0.0,0.0,0.0,63.0,215.8,0.4,2.2,296.0,1003.4,1003.4,2.7,5.0
2024-06-26 01:05:00+02:00,19.2,19.2,20.9,15.5,79.0,27.4,81.0,0.0,0.0,0.0,0.0,0.0,0.0,0.0,63.0,215.8,0.0,2.2,252.0,1003.3,1003.3,2.7,5.0
2024-06-26 01:10:00+02:00,19.1,19.1,20.8,15.6,80.0,27.3,81.0,0.0,0.0,0.0,0.0,0.0,0.0,0.0,63.0,215.8,0.4,2.9,262.0,1003.3,1003.3,2.7,5.0
2024-06-26 01:15:00+02:00,19.2,19.2,20.9,15.5,79.0,27.3,81.0,0.0,0.0,0.0,0.0,0.0,0.0,0.0,63.0,215.8,0.4,2.9,266.0,1003.3,1003.3,2.7,5.0
2024-06-26 01:20:00+02:00,19.5,19.5,21.0,15.5,78.0,27.2,81.0,0.0,0.0,0.0,0.0,0.0,0.0,0.0,63.0,215.8,1.5,2.5,288.0,1003.3,1003.3,2.7,5.0
2024-06-26 01:25:00+02:00,19.4,19.4,21.0,15.5,78.0,27.1,81.0,0.0,0.0,0.0,0.0,0.0,0.0,0.0,63.0,215.8,1.1,2.9,309.0,1003.4,1003.4,2.7,5.0
2024-06-26 01:30:00+02:00,19.3,19.3,20.8,15.5,79.0,27.0,81.0,0.0,0.0,0.0,0.0,0.0,0.0,0.0,63.0,215.8,1.2,2.9,288.0,1003.4,1003.4,2.7,5.0
2024-06-26 01:35:00+02:00,19.2,19.2,21.0,15.5,79.0,26.9,81.0,0.0,0.0,0.0,0.0,0.0,0.0,0.0,63.0,215.8,0.0,2.2,304.0,1003.3,1003.3,2.7,5.0
2024-06-26 01:45:00+02:00,18.6,18.6,20.3,15.3,81.0,26.7,81.0,0.0,0.0,0.0,0.0,0.0,0.0,0.0,63.0,215.8,0.0,0.0,104.0,1003.5,1003.5,2.7,5.0
2024-06-26 01:50:00+02:00,18.6,18.6,20.4,15.4,82.0,26.7,81.0,0.0,0.0,0.0,0.0,0.0,0.0,0.0,63.0,215.8,0.0,0.0,104.0,1003.3,1003.3,2.7,5.0
2024-06-26 01:55:00+02:00,18.4,18.4,20.2,15.4,82.0,26.6,81.0,0.0,0.0,0.0,0.0,0.0,0.0,0.0,63.0,215.8,0.0,1.8,156.0,1003.3,1003.3,2.7,4.9
2024-06-26 02:00:00+02:00,18.3,18.3,20.1,15.3,83.0,26.5,81.0,0.0,0.0,0.0,0.0,0.0,0.0,0.0,63.0,215.8,0.0,0.0,164.0,1003.3,1003.3,2.7,4.9
2024-06-26 02:05:00+02:00,18.1,18.1,19.8,15.3,83.0,26.5,81.0,0.0,0.0,0.0,0.0,0.0,0.0,0.0,63.0,215.8,0.0,0.0,154.0,1003.3,1003.3,2.7,4.9
2024-06-26 02:10:00+02:00,18.0,18.0,19.7,15.3,84.0,26.4,81.0,0.0,0.0,0.0,0.0,0.0,0.0,0.0,63.0,215.8,0.0,0.0,135.0,1003.2,1003.2,2.7,4.9
2024-06-26 02:15:00+02:00,18.1,18.1,19.8,15.2,83.0,26.3,81.0,0.0,0.0,0.0,0.0,0.0,0.0,0.0,63.0,215.8,0.0,1.8,101.0,1003.3,1003.3,2.7,4.9
2024-06-26 02:20:00+02:00,18.1,18.1,19.6,15.2,83.0,26.3,81.0,0.0,0.0,0.0,0.0,0.0,0.0,0.0,63.0,215.8,1.1,2.5,125.0,1003.2,1003.2,2.7,4.9
2024-06-26 02:25:00+02:00,18.0,18.0,19.5,15.1,83.0,26.2,81.0,0.0,0.0,0.0,0.0,0.0,0.0,0.0,63.0,215.8,0.7,2.9,127.0,1003.1,1003.1,2.7,4.9
2024-06-26 02:30:00+02:00,18.1,18.1,19.6,15.1,83.0,26.1,81.0,0.0,0.0,0.0,0.0,0.0,0.0,0.0,63.0,215.8,0.9,2.9,135.0,1003.0,1003.0,2.7,4.9
2024-06-26 02:35:00+02:00,18.0,18.0,19.7,15.1,83.0,26.0,81.0,0.0,0.0,0.0,0.0,0.0,0.0,0.0,63.0,215.8,0.0,2.9,161.0,1003.2,1003.2,2.7,4.9
2024-06-26 02:40:00+02:00,17.9,17.9,19.6,15.2,84.0,26.0,81.0,0.0,0.0,0.0,0.0,0.0,0.0,0.0,63.0,215.8,0.0,1.8,299.0,1003.1,1003.1,2.7,4.9
2024-06-26 02:45:00+02:00,18.0,18.0,19.7,15.2,84.0,25.9,81.0,0.0,0.0,0.0,0.0,0.0,0.0,0.0,63.0,215.8,0.0,1.8,295.0,1003.0,1003.0,2.7,4.9
2024-06-26 02:50:00+02:00,17.7,17.7,19.2,15.0,84.0,25.8,81.0,0.0,0.0,0.0,0.0,0.0,0.0,0.0,63.0,215.8,0.4,2.2,126.0,1003.1,1003.1,2.7,4.9
2024-06-26 02:55:00+02:00,17.6,17.6,19.2,15.1,85.0,25.7,81.0,0.0,0.0,0.0,0.0,0.0,0.0,0.0,63.0,215.8,0.0,1.8,121.0,1003.1,1003.1,2.7,4.9
2024-06-26 03:00:00+02:00,17.5,17.5,19.2,15.0,85.0,25.7,81.0,0.0,0.0,0.0,0.0,0.0,0.0,0.0,63.0,215.8,0.0,0.0,14.0,1003.0,1003.0,2.7,4.9
2024-06-26 03:05:00+02:00,17.6,17.6,19.1,15.0,85.0,25.6,81.0,0.0,0.0,0.0,0.0,0.0,0.0,0.0,63.0,215.8,0.4,1.8,307.0,1003.0,1003.0,2.7,4.9
2024-06-26 03:10:00+02:00,17.6,17.6,19.3,15.0,85.0,25.5,81.0,0.0,0.0,0.0,0.0,0.0,0.0,0.0,63.0,215.8,0.0,2.2,287.0,1002.9,1002.9,2.7,4.9
2024-06-26 03:15:00+02:00,17.6,17.6,19.2,15.0,85.0,25.5,81.0,0.0,0.0,0.0,0.0,0.0,0.0,0.0,63.0,215.8,0.0,1.8,91.0,1002.9,1002.9,2.7,4.9
2024-06-26 03:20:00+02:00,17.3,17.3,18.8,14.9,86.0,25.4,81.0,0.0,0.0,0.0,0.0,0.0,0.0,0.0,63.0,215.8,0.4,1.8,142.0,1002.7,1002.7,2.7,4.9
2024-06-26 03:25:00+02:00,17.2,17.2,18.7,14.9,86.0,25.3,81.0,0.0,0.0,0.0,0.0,0.0,0.0,0.0,63.0,215.8,0.0,0.0,9.0,1002.8,1002.8,2.7,4.9
2024-06-26 03:30:00+02:00,17.2,17.2,18.8,15.0,87.0,25.3,81.0,0.0,0.0,0.0,0.0,0.0,0.0,0.0,63.0,215.8,0.0,2.2,307.0,1002.8,1002.8,2.7,4.9
2024-06-26 03:35:00+02:00,17.3,17.3,18.8,14.8,85.0,25.2,81.0,0.0,0.0,0.0,0.0,0.0,0.0,0.0,63.0,215.8,0.4,2.9,296.0,1002.9,1002.9,2.7,4.8
2024-06-26 03:40:00+02:00,17.4,17.4,19.0,14.9,85.0,25.1,81.0,0.0,0.0,0.0,0.0,0.0,0.0,0.0,63.0,215.8,0.0,2.2,270.0,1002.8,1002.8,2.7,4.8
2024-06-26 03:45:00+02:00,17.4,17.4,18.9,14.8,85.0,25.1,81.0,0.0,0.0,0.0,0.0,0.0,0.0,0.0,63.0,215.8,0.0,1.8,310.0,1002.8,1002.8,2.7,4.8
2024-06-26 03:50:00+02:00,17.2,17.2,18.7,14.8,86.0,25.0,81.0,0.0,0.0,0.0,0.0,0.0,0.0,0.0,63.0,215.8,0.0,0.0,61.0,1002.8,1002.8,2.7,4.8
2024-06-26 03:55:00+02:00,16.8,16.8,18.4,14.7,87.0,24.9,81.0,0.0,0.0,0.0,0.0,0.0,0.0,0.0,63.0,215.8,0.0,2.2,124.0,1002.8,1002.8,2.7,4.8
2024-06-26 04:00:00+02:00,16.7,16.7,17.8,14.8,89.0,24.8,81.0,0.0,0.0,0.0,0.0,0.0,0.0,0.0,63.0,215.8,2.0,3.2,114.0,1002.8,1002.8,2.7,4.8
2024-06-26 04:05:00+02:00,16.5,16.5,17.5,14.7,89.0,24.8,81.0,0.0,0.0,0.0,0.0,0.0,0.0,0.0,63.0,215.8,2.5,3.6,124.0,1002.8,1002.8,2.7,4.8
2024-06-26 04:10:00+02:00,16.4,16.4,17.6,14.7,90.0,24.7,81.0,0.0,0.0,0.0,0.0,0.0,0.0,0.0,63.0,215.8,1.8,2.5,126.0,1002.7,1002.7,2.7,4.8
2024-06-26 04:15:00+02:00,16.3,16.3,17.7,14.6,90.0,24.7,81.0,0.0,0.0,0.0,0.0,0.0,0.0,0.0,63.0,215.8,0.7,2.2,126.0,1002.7,1002.7,2.7,4.8
2024-06-26 04:20:00+02:00,16.1,16.1,17.4,14.5,90.0,24.6,81.0,0.0,0.0,0.0,0.0,0.0,0.0,0.0,63.0,215.8,0.4,1.8,126.0,1002.8,1002.8,2.7,4.8
2024-06-26 04:25:00+02:00,16.1,16.1,17.5,14.6,91.0,24.5,81.0,0.0,0.0,0.0,0.0,0.0,0.0,0.0,63.0,215.8,0.0,0.0,113.0,1002.7,1002.7,2.7,4.8
2024-06-26 04:30:00+02:00,16.1,16.1,17.5,14.6,91.0,24.5,81.0,0.0,0.0,0.0,0.0,0.0,0.0,0.0,63.0,215.8,0.0,0.0,141.0,1002.7,1002.7,2.7,4.8
2024-06-26 04:35:00+02:00,15.9,15.9,17.2,14.5,91.0,24.4,81.0,0.0,0.0,0.0,0.0,0.0,0.0,0.0,63.0,215.8,0.7,2.2,133.0,1002.6,1002.6,2.7,4.8
2024-06-26 04:40:00+02:00,15.8,15.8,17.1,14.5,92.0,24.3,81.0,0.1,0.0,0.0,0.0,0.0,0.0,0.0,63.0,215.8,0.7,2.9,117.0,1002.6,1002.6,2.7,4.8
2024-06-26 04:45:00+02:00,15.9,15.9,17.4,14.6,92.0,24.3,81.0,0.2,0.0,0.0,0.0,0.0,0.0,0.0,63.0,215.8,0.0,1.8,311.0,1002.6,1002.6,2.7,4.8
2024-06-26 04:50:00+02:00,16.0,16.0,17.4,14.7,92.0,24.2,81.0,0.3,0.0,0.0,0.0,0.0,0.0,0.0,63.0,215.8,0.4,1.8,252.0,1002.6,1002.6,2.7,4.8
2024-06-26 04:55:00+02:00,16.0,16.0,17.5,14.7,92.0,24.1,81.0,0.6,0.0,0.0,0.0,0.0,0.0,0.0,63.0,215.8,0.0,2.2,278.0,1002.6,1002.6,2.7,4.8
2024-06-26 05:00:00+02:00,16.1,16.1,17.5,14.6,91.0,24.1,81.0,0.9,0.0,0.0,0.0,0.0,0.0,0.0,63.0,215.8,0.0,1.8,174.0,1002.6,1002.6,2.7,4.8
2024-06-26 05:05:00+02:00,16.0,16.0,17.5,14.6,91.0,24.0,81.0,1.6,0.0,0.0,0.0,0.0,0.0,0.0,63.0,215.8,0.0,1.8,163.0,1002.6,1002.6,2.7,4.8
2024-06-26 05:10:00+02:00,16.1,16.1,17.6,14.7,91.0,23.9,81.0,2.1,0.0,0.0,0.0,0.0,0.0,0.0,63.0,215.8,0.0,1.8,301.0,1002.6,1002.6,2.7,4.8
2024-06-26 05:15:00+02:00,16.2,16.2,17.6,14.6,91.0,23.9,81.0,3.0,0.0,0.0,0.0,0.0,0.0,0.0,63.0,215.8,0.0,1.8,295.0,1002.6,1002.6,2.7,4.8
2024-06-26 05:20:00+02:00,16.3,16.3,17.7,14.6,90.0,23.8,81.0,4.1,0.0,0.0,0.0,0.0,0.0,0.0,63.0,215.8,0.5,2.5,274.0,1002.5,1002.5,2.7,4.8
2024-06-26 05:25:00+02:00,16.4,16.4,17.8,14.6,89.0,23.8,81.0,5.5,0.0,0.0,0.0,0.0,0.0,0.0,63.0,215.8,0.6,3.6,285.0,1002.6,1002.6,2.7,4.7
2024-06-26 05:30:00+02:00,16.6,16.6,17.7,14.7,88.0,23.7,81.0,6.9,0.0,0.0,0.0,0.0,0.0,0.0,63.0,215.8,1.9,4.7,329.0,1002.6,1002.6,2.7,4.7
2024-06-26 05:35:00+02:00,17.0,17.0,18.2,14.7,86.0,23.7,81.0,8.4,0.0,0.0,0.0,0.0,0.0,0.0,63.0,215.8,1.4,4.7,342.0,1002.6,1002.6,2.7,4.7
2024-06-26 05:40:00+02:00,17.0,17.0,18.4,14.7,86.0,23.6,81.0,10.0,0.0,0.0,0.0,0.0,0.0,0.0,63.0,215.8,0.4,2.9,308.0,1002.7,1002.7,2.7,4.7
2024-06-26 05:45:00+02:00,17.0,17.0,18.3,14.6,86.0,23.6,81.0,11.7,0.0,0.0,0.0,0.0,0.0,0.0,63.0,215.8,0.8,3.6,175.0,1002.6,1002.6,2.7,4.7
2024-06-26 05:50:00+02:00,17.0,17.0,18.3,14.7,86.0,23.5,82.0,13.4,0.0,0.0,0.0,0.0,0.0,0.0,63.0,215.8,0.8,3.6,17.0,1002.7,1002.7,2.7,4.7
2024-06-26 05:55:00+02:00,17.2,17.2,18.4,14.7,85.0,23.5,82.0,15.1,0.0,0.0,0.0,0.0,0.0,0.0,63.0,215.8,1.2,4.0,312.0,1002.6,1002.6,2.7,4.7
2024-06-26 06:00:00+02:00,17.3,17.3,18.8,14.7,85.0,23.4,82.0,16.7,0.0,0.0,0.0,0.0,0.0,0.0,63.0,215.8,0.0,4.3,267.0,1002.6,1002.6,2.7,4.7
2024-06-26 06:05:00+02:00,17.2,17.2,18.5,14.7,85.0,23.4,82.0,18.3,0.0,0.0,0.0,0.0,0.0,0.0,63.0,215.8,1.2,2.5,287.0,1002.6,1002.6,2.7,4.7
2024-06-26 06:10:00+02:00,17.3,17.3,18.5,14.7,85.0,23.3,82.0,20.1,0.0,0.0,0.0,0.0,0.0,0.0,63.0,215.8,1.2,4.3,256.0,1002.5,1002.5,2.7,4.7
2024-06-26 06:15:00+02:00,17.4,17.4,18.9,14.8,85.0,23.3,82.0,21.3,0.0,0.0,0.0,0.0,0.0,0.0,63.0,215.8,0.0,2.9,270.0,1002.6,1002.6,2.7,4.7
2024-06-26 06:20:00+02:00,17.6,17.6,18.6,14.8,84.0,23.3,82.0,36.0,0.0,0.0,0.0,0.0,0.0,0.0,63.0,215.8,2.8,4.3,359.0,1002.4,1002.4,2.7,4.7
2024-06-26 06:25:00+02:00,18.2,18.2,19.6,14.9,81.0,23.3,82.0,39.3,0.0,0.0,0.0,0.0,0.0,0.0,63.0,215.8,1.1,4.7,318.0,1002.5,1002.5,2.7,4.7
2024-06-26 06:30:00+02:00,18.6,18.6,19.9,15.1,80.0,23.2,82.0,42.4,0.0,0.0,0.0,0.0,0.0,0.0,63.0,215.8,1.7,5.8,46.0,1002.5,1002.5,2.7,4.7
2024-06-26 06:35:00+02:00,19.0,19.0,20.3,15.0,78.0,23.2,82.0,45.9,0.0,0.0,0.0,0.0,0.0,0.0,63.0,215.8,1.5,4.0,13.0,1002.4,1002.4,2.7,4.7
2024-06-26 06:40:00+02:00,19.3,19.3,20.8,15.1,77.0,23.2,82.0,49.8,0.0,0.0,0.0,0.0,0.0,0.0,63.0,215.8,0.9,5.8,57.0,1002.4,1002.4,2.7,4.7
2024-06-26 06:45:00+02:00,19.4,19.4,20.9,15.1,76.0,23.2,82.0,55.2,0.0,0.0,0.0,0.0,0.0,0.0,63.0,215.8,0.4,6.5,305.0,1002.5,1002.5,2.7,4.8
2024-06-26 06:50:00+02:00,19.7,19.7,21.0,15.2,75.0,23.3,83.0,62.4,0.0,0.0,0.0,0.0,0.0,0.0,63.0,215.8,2.1,6.5,20.0,1002.4,1002.4,2.7,4.8
2024-06-26 06:55:00+02:00,19.8,19.8,21.5,15.3,75.0,23.4,83.0,73.2,0.0,0.0,0.0,0.0,0.0,0.0,63.0,215.8,0.0,4.7,86.0,1002.5,1002.5,2.7,4.8
2024-06-26 07:00:00+02:00,20.0,20.0,21.7,15.3,74.0,23.6,84.0,76.4,0.0,0.0,0.0,0.0,0.0,0.0,63.0,215.8,0.4,4.7,207.0,1002.4,1002.4,2.7,4.8
2024-06-26 07:05:00+02:00,19.7,19.7,20.8,15.1,75.0,23.8,84.0,36.9,0.0,0.0,0.0,0.0,0.0,0.0,63.0,215.8,2.4,9.0,89.0,1002.5,1002.5,2.7,4.8
2024-06-26 07:10:00+02:00,19.3,19.3,20.2,15.0,76.0,23.9,84.0,37.8,0.0,0.0,0.0,0.0,0.0,0.0,63.0,215.8,4.0,6.8,62.0,1002.4,1002.4,2.7,4.8
2024-06-26 07:15:00+02:00,19.4,19.4,20.8,15.1,76.0,24.0,84.0,38.5,0.0,0.0,0.0,0.0,0.0,0.0,63.0,215.8,1.3,6.8,146.0,1002.3,1002.3,2.7,4.8
2024-06-26 07:20:00+02:00,19.3,19.3,20.5,15.1,77.0,24.1,84.0,39.6,0.0,0.0,0.0,0.0,0.0,0.0,63.0,215.8,2.7,6.5,343.0,1002.3,1002.3,2.7,4.8
2024-06-26 07:25:00+02:00,19.4,19.4,20.2,15.0,76.0,24.1,83.0,40.5,0.0,0.0,0.0,0.0,0.0,0.0,63.0,215.8,3.9,7.9,345.0,1002.3,1002.3,2.7,4.8
2024-06-26 07:30:00+02:00,19.4,19.4,20.3,15.0,75.0,24.2,83.0,41.1,0.0,0.0,0.0,0.0,0.0,0.0,63.0,215.8,4.0,11.5,1.0,1002.2,1002.2,2.7,4.8
2024-06-26 07:35:00+02:00,19.6,19.6,20.9,15.1,75.0,24.2,83.0,41.6,0.0,0.0,0.0,0.0,0.0,0.0,63.0,215.8,1.4,6.8,357.0,1002.1,1002.1,2.7,4.8
2024-06-26 07:40:00+02:00,19.7,19.7,20.8,15.1,75.0,24.3,82.0,42.2,0.0,0.0,0.0,0.0,0.0,0.0,63.0,215.8,2.8,7.9,10.0,1002.1,1002.1,2.7,4.8
2024-06-26 07:45:00+02:00,19.8,19.8,20.5,15.0,74.0,24.3,82.0,43.2,0.0,0.0,0.0,0.0,0.0,0.0,63.0,215.8,4.3,9.4,24.0,1002.2,1002.2,2.7,4.8
2024-06-26 07:50:00+02:00,19.9,19.9,21.2,15.1,74.0,24.3,82.0,44.1,0.0,0.0,0.0,0.0,0.0,0.0,63.0,215.8,2.2,8.3,44.0,1002.2,1002.2,2.7,4.8
2024-06-26 07:55:00+02:00,19.9,19.9,21.6,15.2,74.0,24.3,82.0,44.9,0.0,0.0,0.0,0.0,0.0,0.0,63.0,215.8,0.0,8.3,165.0,1002.2,1002.2,2.7,4.8
2024-06-26 08:00:00+02:00,20.0,20.0,21.5,15.4,75.0,24.4,82.0,46.0,0.0,0.0,0.0,0.0,0.0,0.0,63.0,215.8,1.5,4.3,155.0,1002.2,1002.2,2.7,4.8
2024-06-26 08:05:00+02:00,20.1,20.1,21.5,15.2,74.0,24.4,82.0,47.2,0.0,0.0,0.0,0.0,0.0,0.0,63.0,215.8,1.7,5.4,55.0,1002.3,1002.3,2.7,4.8
2024-06-26 08:10:00+02:00,20.3,20.3,21.9,15.5,74.0,24.4,82.0,48.5,0.0,0.0,0.0,0.0,0.0,0.0,63.0,215.8,1.3,5.4,168.0,1002.3,1002.3,2.7,4.8
2024-06-26 08:15:00+02:00,20.3,20.3,21.8,15.5,74.0,24.4,82.0,49.6,0.0,0.0,0.0,0.0,0.0,0.0,63.0,215.8,1.9,5.4,146.0,1002.3,1002.3,2.7,4.9
2024-06-26 08:20:00+02:00,20.5,20.5,22.0,15.5,73.0,24.4,82.0,50.6,0.0,0.0,0.0,0.0,0.0,0.0,63.0,215.8,1.9,5.0,4.0,1002.5,1002.5,2.7,4.9
2024-06-26 08:25:00+02:00,20.7,20.7,22.2,15.5,72.0,24.4,82.0,203.9,1.0,0.0,0.0,0.0,0.0,0.0,63.0,215.8,1.7,4.3,287.0,1002.4,1002.4,2.7,4.9
2024-06-26 08:30:00+02:00,21.2,21.2,22.5,15.6,70.0,24.4,82.0,230.2,2.0,0.0,0.0,0.0,0.0,0.0,63.0,215.8,2.7,8.3,319.0,1002.3,1002.3,2.7,4.9
2024-06-26 08:35:00+02:00,21.8,21.8,23.0,15.7,68.0,24.4,82.0,239.2,2.0,0.0,0.0,0.0,0.0,0.0,63.0,215.8,3.3,8.3,312.0,1002.3,1002.3,2.7,4.9
2024-06-26 08:40:00+02:00,22.1,22.1,23.2,15.5,66.0,24.5,82.0,249.6,2.0,0.0,0.0,0.0,0.0,0.0,63.0,215.8,3.3,9.4,15.0,1002.3,1002.3,2.7,4.9
2024-06-26 08:45:00+02:00,22.5,22.5,23.9,15.6,65.0,24.5,83.0,258.7,2.0,0.0,0.0,0.0,0.0,0.0,63.0,215.8,1.7,6.8,32.0,1002.3,1002.3,2.7,5.0
2024-06-26 08:50:00+02:00,23.2,23.2,24.8,15.8,63.0,24.5,83.0,269.3,2.0,0.0,0.0,0.0,0.0,0.0,63.0,215.8,1.1,5.0,9.0,1002.2,1002.2,2.7,5.0
2024-06-26 08:55:00+02:00,23.2,23.2,24.6,15.8,63.0,24.7,84.0,282.2,2.0,0.0,0.0,0.0,0.0,0.0,63.0,215.8,2.8,9.7,339.0,1002.2,1002.2,2.7,5.1
2024-06-26 09:00:00+02:00,23.1,23.1,24.4,15.6,63.0,24.8,84.0,292.7,2.0,0.0,0.0,0.0,0.0,0.0,63.0,215.8,3.1,6.8,41.0,1002.1,1002.1,2.7,5.1
2024-06-26 09:05:00+02:00,23.2,23.2,24.4,15.7,63.0,25.1,84.0,303.0,2.0,0.0,0.0,0.0,0.0,0.0,63.0,215.8,3.4,7.6,33.0,1002.0,1002.0,2.7,5.2
2024-06-26 09:10:00+02:00,23.4,23.4,24.7,15.8,62.0,25.4,84.0,311.9,2.0,0.0,0.0,0.0,0.0,0.0,63.0,215.8,2.8,8.3,0.0,1002.0,1002.0,2.7,5.2
2024-06-26 09:15:00+02:00,23.8,23.8,25.3,16.1,62.0,25.6,84.0,319.6,2.0,0.0,0.0,0.0,0.0,0.0,63.0,215.8,2.9,6.5,277.0,1001.9,1001.9,2.7,5.2
2024-06-26 09:20:00+02:00,23.7,23.7,24.6,15.9,62.0,25.8,84.0,328.0,3.0,0.0,0.0,0.0,0.0,0.0,63.0,215.8,5.2,7.9,324.0,1001.8,1001.8,2.7,5.2
2024-06-26 09:25:00+02:00,23.3,23.3,24.4,15.8,63.0,26.1,84.0,335.5,3.0,0.0,0.0,0.0,0.0,0.0,63.0,215.8,4.4,12.2,336.0,1001.9,1001.9,2.7,5.3
2024-06-26 09:30:00+02:00,23.7,23.7,24.6,15.9,61.0,26.3,84.0,343.0,3.0,0.0,0.0,0.0,0.0,0.0,63.0,215.8,5.2,10.8,352.0,1001.8,1001.8,2.7,5.3
2024-06-26 09:35:00+02:00,23.9,23.9,24.8,16.0,61.0,26.6,84.0,352.0,3.0,0.0,0.0,0.0,0.0,0.0,63.0,215.8,5.5,10.8,268.0,1001.9,1001.9,2.7,5.3
2024-06-26 09:40:00+02:00,24.0,24.0,25.3,16.2,62.0,26.9,83.0,359.2,3.0,0.0,0.0,0.0,0.0,0.0,63.0,215.8,4.1,9.0,352.0,1001.8,1001.8,2.7,5.3
2024-06-26 09:45:00+02:00,24.0,24.0,25.0,16.3,62.0,27.1,83.0,368.6,3.0,0.0,0.0,0.0,0.0,0.0,63.0,215.8,6.0,10.1,347.0,1001.9,1001.9,2.7,5.3
2024-06-26 09:50:00+02:00,23.9,23.9,24.8,16.1,62.0,27.3,83.0,377.3,3.0,0.0,0.0,0.0,0.0,0.0,63.0,215.8,5.9,9.7,329.0,1001.8,1001.8,2.7,5.3
2024-06-26 09:55:00+02:00,24.5,24.5,25.8,16.1,60.0,27.6,82.0,384.1,3.0,0.0,0.0,0.0,0.0,0.0,63.0,215.8,3.7,9.0,287.0,1001.8,1001.8,2.7,5.3
2024-06-26 10:00:00+02:00,24.9,24.9,26.4,16.3,59.0,27.9,82.0,392.5,3.0,0.0,0.0,0.0,0.0,0.0,63.0,215.8,2.9,7.2,315.0,1001.9,1001.9,2.7,5.3
2024-06-26 10:05:00+02:00,25.6,25.6,26.8,16.6,58.0,28.2,81.0,400.6,3.0,0.0,0.0,0.0,0.0,0.0,63.0,215.8,4.7,9.4,270.0,1001.9,1001.9,2.7,5.3
2024-06-26 10:10:00+02:00,25.0,25.0,25.9,16.5,59.0,28.5,81.0,410.7,3.0,0.0,0.0,0.0,0.0,0.0,63.0,215.8,6.8,11.9,281.0,1001.7,1001.7,2.7,5.3
2024-06-26 10:15:00+02:00,25.0,25.0,26.1,15.9,57.0,28.7,80.0,418.9,3.0,0.0,0.0,0.0,0.0,0.0,63.0,215.8,4.5,11.9,296.0,1001.8,1001.8,2.7,5.3
2024-06-26 10:20:00+02:00,25.2,25.2,26.4,16.2,57.0,29.0,79.0,427.0,3.0,0.0,0.0,0.0,0.0,0.0,63.0,215.8,4.2,10.4,40.0,1001.7,1001.7,2.7,5.3
2024-06-26 10:25:00+02:00,25.6,25.6,27.3,16.2,56.0,29.2,79.0,435.4,4.0,0.0,0.0,0.0,0.0,0.0,63.0,215.8,2.1,5.8,153.0,1001.7,1001.7,2.7,5.3
2024-06-26 10:30:00+02:00,25.7,25.7,27.3,16.6,57.0,29.5,79.0,443.3,4.0,0.0,0.0,0.0,0.0,0.0,63.0,215.8,2.9,8.6,88.0,1001.5,1001.5,2.7,5.3
2024-06-26 10:35:00+02:00,25.5,25.5,26.5,16.5,57.0,29.7,78.0,453.2,4.0,0.0,0.0,0.0,0.0,0.0,63.0,215.8,6.2,12.2,355.0,1001.6,1001.6,2.7,5.3
2024-06-26 10:40:00+02:00,25.5,25.5,27.0,16.3,57.0,30.0,78.0,463.1,4.0,0.0,0.0,0.0,0.0,0.0,63.0,215.8,3.5,9.4,310.0,1001.5,1001.5,2.7,5.3
2024-06-26 10:45:00+02:00,26.5,26.7,28.1,16.8,55.0,30.2,78.0,469.9,4.0,0.0,0.0,0.0,0.0,0.0,63.0,215.8,3.2,11.9,19.0,1001.6,1001.6,2.7,5.3
2024-06-26 10:50:00+02:00,26.1,26.1,27.6,16.2,55.0,30.5,77.0,475.0,4.0,0.0,0.0,0.0,0.0,0.0,63.0,215.8,3.0,15.8,345.0,1001.6,1001.6,2.7,5.3
2024-06-26 10:55:00+02:00,26.3,26.3,27.2,16.5,55.0,30.7,77.0,486.6,4.0,0.0,0.0,0.0,0.0,0.0,63.0,215.8,6.5,11.5,310.0,1001.4,1001.4,2.7,5.3
2024-06-26 11:00:00+02:00,26.6,26.8,27.9,16.5,54.0,31.0,77.0,494.2,4.0,0.0,0.0,0.0,0.0,0.0,63.0,215.8,4.3,11.5,12.0,1001.6,1001.6,2.7,5.3
2024-06-26 11:05:00+02:00,26.7,27.2,28.5,16.5,53.0,31.2,76.0,502.5,4.0,0.0,0.0,0.0,0.0,0.0,63.0,215.8,1.7,9.0,128.0,1001.6,1001.6,2.7,5.3
2024-06-26 11:10:00+02:00,27.0,27.6,28.7,16.6,53.0,31.5,76.0,513.3,4.0,0.0,0.0,0.0,0.0,0.0,63.0,215.8,2.7,7.2,18.0,1001.6,1001.6,2.7,5.3
2024-06-26 11:15:00+02:00,26.7,27.1,27.8,16.6,54.0,31.7,76.0,519.4,4.0,0.0,0.0,0.0,0.0,0.0,63.0,215.8,5.6,14.8,335.0,1001.6,1001.6,2.7,5.3
2024-06-26 11:20:00+02:00,26.5,26.6,27.7,16.5,54.0,31.9,76.0,529.2,4.0,0.0,0.0,0.0,0.0,0.0,63.0,215.8,5.2,14.4,323.0,1001.4,1001.4,2.7,5.3
2024-06-26 11:25:00+02:00,26.7,27.1,28.0,16.6,54.0,32.2,75.0,534.5,4.0,0.0,0.0,0.0,0.0,0.0,63.0,215.8,4.5,10.8,323.0,1001.4,1001.4,2.7,5.3
2024-06-26 11:30:00+02:00,27.6,28.2,29.4,16.9,52.0,32.4,75.0,539.8,5.0,0.0,0.0,0.0,0.0,0.0,63.0,215.8,2.6,15.5,316.0,1001.4,1001.4,2.7,5.3
2024-06-26 11:35:00+02:00,27.0,27.5,28.1,16.4,53.0,32.6,75.0,545.9,5.0,0.0,0.0,0.0,0.0,0.0,63.0,215.8,5.2,15.5,286.0,1001.5,1001.5,2.7,5.3
2024-06-26 11:40:00+02:00,27.6,28.1,29.4,16.6,51.0,32.8,75.0,552.6,5.0,0.0,0.0,0.0,0.0,0.0,63.0,215.8,2.2,7.9,67.0,1001.4,1001.4,2.7,5.3
2024-06-26 11:45:00+02:00,27.8,28.4,29.4,16.9,51.0,33.1,74.0,556.4,5.0,0.0,0.0,0.0,0.0,0.0,63.0,215.8,3.7,10.4,21.0,1001.4,1001.4,2.7,5.3
2024-06-26 11:50:00+02:00,27.8,28.2,29.1,16.2,49.0,33.3,74.0,559.2,5.0,0.0,0.0,0.0,0.0,0.0,63.0,215.8,3.7,14.8,70.0,1001.5,1001.5,2.7,5.3
2024-06-26 11:55:00+02:00,28.1,28.4,29.6,16.4,49.0,33.4,74.0,562.1,5.0,0.0,0.0,0.0,0.0,0.0,63.0,215.8,3.2,6.1,343.0,1001.3,1001.3,2.7,5.3
2024-06-26 12:00:00+02:00,29.0,29.5,31.0,17.0,48.0,33.7,73.0,566.2,5.0,0.0,0.0,0.0,0.0,0.0,63.0,215.8,2.2,10.1,116.0,1001.3,1001.3,2.7,5.3
2024-06-26 12:05:00+02:00,29.0,29.3,30.3,16.4,46.0,33.8,73.0,574.2,5.0,0.0,0.0,0.0,0.0,0.0,63.0,215.8,4.4,14.8,306.0,1001.3,1001.3,2.7,5.3
2024-06-26 12:10:00+02:00,28.4,28.7,29.6,16.3,48.0,34.0,73.0,583.3,5.0,0.0,0.0,0.0,0.0,0.0,63.0,215.8,4.4,14.8,41.0,1001.3,1001.3,2.7,5.3
2024-06-26 12:15:00+02:00,28.5,28.8,30.2,16.4,48.0,34.3,73.0,583.0,5.0,0.0,0.0,0.0,0.0,0.0,63.0,215.8,2.2,8.6,47.0,1001.3,1001.3,2.7,5.3
2024-06-26 12:20:00+02:00,29.8,30.0,31.1,16.5,45.0,34.4,72.0,583.8,5.0,0.0,0.0,0.0,0.0,0.0,63.0,215.8,4.0,18.7,299.0,1001.3,1001.3,2.7,5.3
2024-06-26 12:25:00+02:00,29.2,29.4,30.1,16.4,46.0,34.5,72.0,597.3,5.0,0.0,0.0,0.0,0.0,0.0,63.0,215.8,6.3,18.7,302.0,1001.2,1001.2,2.68,5.3
2024-06-26 12:30:00+02:00,29.6,29.8,30.8,16.5,45.0,34.7,72.0,598.5,5.0,0.0,0.0,0.0,0.0,0.0,63.0,215.8,4.6,9.0,273.0,1001.2,1001.2,2.68,5.3
2024-06-26 12:35:00+02:00,29.4,29.7,31.1,16.6,46.0,34.9,72.0,602.8,5.0,0.0,0.0,0.0,0.0,0.0,63.0,215.8,2.4,9.7,133.0,1001.2,1001.2,2.68,5.3
2024-06-26 12:40:00+02:00,29.6,30.0,30.8,16.8,46.0,35.0,72.0,604.4,5.0,0.0,0.0,0.0,0.0,0.0,63.0,215.8,5.7,9.7,353.0,1001.2,1001.2,2.68,5.3
2024-06-26 12:45:00+02:00,29.3,29.4,30.0,15.9,44.0,35.2,72.0,606.3,5.0,0.0,0.0,0.0,0.0,0.0,63.0,215.8,6.3,11.5,280.0,1001.1,1001.1,2.68,5.3
2024-06-26 12:50:00+02:00,29.3,29.3,30.4,15.7,44.0,35.3,72.0,615.4,5.0,0.0,0.0,0.0,0.0,0.0,63.0,215.8,3.7,13.7,274.0,1001.1,1001.1,2.68,5.3
2024-06-26 12:55:00+02:00,29.7,29.6,31.1,15.6,42.0,35.4,72.0,620.5,5.0,0.0,0.0,0.0,0.0,0.0,63.0,215.8,2.2,7.9,238.0,1001.1,1001.1,2.68,5.3
2024-06-26 13:00:00+02:00,29.6,29.6,30.5,15.7,43.0,35.6,72.0,616.6,5.0,0.0,0.0,0.0,0.0,0.0,63.0,215.8,4.8,11.5,310.0,1001.1,1001.1,2.68,5.3
2024-06-26 13:05:00+02:00,29.3,29.1,29.8,15.1,42.0,35.7,71.0,610.3,5.0,0.0,0.0,0.0,0.0,0.0,63.0,215.8,5.5,11.9,307.0,1001.1,1001.1,2.68,5.3
2024-06-26 13:10:00+02:00,29.2,29.0,29.8,15.2,43.0,35.9,71.0,604.0,5.0,0.0,0.0,0.0,0.0,0.0,63.0,215.8,5.6,12.2,346.0,1001.1,1001.1,2.68,5.3
2024-06-26 13:15:00+02:00,29.3,29.3,30.1,15.7,44.0,36.0,71.0,602.7,5.0,0.0,0.0,0.0,0.0,0.0,63.0,215.8,5.4,13.0,331.0,1001.1,1001.1,2.68,5.3
2024-06-26 13:20:00+02:00,29.3,29.5,30.3,16.5,46.0,36.1,71.0,612.5,5.0,0.0,0.0,0.0,0.0,0.0,63.0,215.8,5.7,10.1,113.0,1001.1,1001.1,2.68,5.3
2024-06-26 13:25:00+02:00,29.5,29.6,30.9,16.1,44.0,36.2,71.0,608.5,5.0,0.0,0.0,0.0,0.0,0.0,63.0,215.8,3.2,8.3,140.0,1001.0,1001.0,2.68,5.3
2024-06-26 13:30:00+02:00,29.6,29.5,31.0,15.7,43.0,36.2,71.0,630.1,5.0,0.0,0.0,0.0,0.0,0.0,63.0,215.8,2.0,7.2,303.0,1001.0,1001.0,2.68,5.3
2024-06-26 13:35:00+02:00,29.6,29.6,30.8,15.9,43.0,36.4,71.0,624.9,5.0,0.0,0.0,0.0,0.0,0.0,63.0,215.8,4.1,10.4,305.0,1001.0,1001.0,2.68,5.3
2024-06-26 13:40:00+02:00,30.6,30.7,32.1,16.1,42.0,36.5,71.0,630.1,5.0,0.0,0.0,0.0,0.0,0.0,63.0,215.8,2.5,7.6,140.0,1000.9,1000.9,2.68,5.3
2024-06-26 13:45:00+02:00,30.5,30.6,31.5,16.2,42.0,36.6,71.0,643.6,5.0,0.0,0.0,0.0,0.0,0.0,63.0,215.8,5.5,10.8,286.0,1001.0,1001.0,2.68,5.3
2024-06-26 13:50:00+02:00,30.1,30.0,30.6,15.8,42.0,36.6,71.0,681.8,6.0,0.0,0.0,0.0,0.0,0.0,63.0,215.8,7.1,12.2,268.0,1001.0,1001.0,2.68,5.3
2024-06-26 13:55:00+02:00,30.6,30.7,32.0,16.0,41.0,36.7,71.0,695.7,6.0,0.0,0.0,0.0,0.0,0.0,63.0,215.8,3.4,12.2,263.0,1000.8,1000.8,2.68,5.3
2024-06-26 14:00:00+02:00,31.2,31.2,32.2,16.1,40.0,36.7,73.0,676.6,6.0,0.0,0.0,0.0,0.0,0.0,63.0,215.8,4.9,9.0,276.0,1000.9,1000.9,2.68,5.3
2024-06-26 14:05:00+02:00,30.0,29.9,31.2,15.7,42.0,36.6,73.0,649.5,6.0,0.0,0.0,0.0,0.0,0.0,63.0,215.8,3.1,7.9,269.0,1000.8,1000.8,2.68,5.3
2024-06-26 14:10:00+02:00,31.0,30.9,32.6,15.9,40.0,36.7,73.0,654.4,6.0,0.0,0.0,0.0,0.0,0.0,63.0,215.8,1.8,6.8,214.0,1000.8,1000.8,2.68,5.3
2024-06-26 14:15:00+02:00,30.7,30.7,32.3,16.0,41.0,36.8,73.0,506.6,4.0,0.0,0.0,0.0,0.0,0.0,63.0,215.8,1.8,6.5,281.0,1000.8,1000.8,2.68,5.3
2024-06-26 14:20:00+02:00,30.4,31.0,32.7,17.4,46.0,36.7,74.0,609.2,5.0,0.0,0.0,0.0,0.0,0.0,63.0,215.8,1.2,2.9,107.0,1000.5,1000.5,2.68,5.3
2024-06-26 14:25:00+02:00,30.0,30.2,31.8,16.5,44.0,36.7,74.0,638.8,5.0,0.0,0.0,0.0,0.0,0.0,63.0,215.8,2.0,4.7,166.0,1000.7,1000.7,2.68,5.3
2024-06-26 14:30:00+02:00,30.1,30.3,31.7,16.4,44.0,36.7,74.0,168.4,1.0,0.0,0.0,0.0,0.0,0.0,63.0,215.8,2.6,5.0,189.0,1000.6,1000.6,2.68,5.3
2024-06-26 14:35:00+02:00,30.4,30.4,31.7,15.9,41.0,36.7,74.0,659.6,6.0,0.0,0.0,0.0,0.0,0.0,63.0,215.8,3.6,7.9,248.0,1000.7,1000.7,2.68,5.3
2024-06-26 14:40:00+02:00,31.0,30.9,32.5,15.8,40.0,36.7,74.0,188.2,1.0,0.0,0.0,0.0,0.0,0.0,63.0,215.8,2.1,6.8,303.0,1000.5,1000.5,2.68,5.3
2024-06-26 14:45:00+02:00,29.9,30.2,31.5,16.6,45.0,36.6,74.0,561.5,5.0,0.0,0.0,0.0,0.0,0.0,63.0,215.8,3.2,8.6,131.0,1000.5,1000.5,2.68,5.3
2024-06-26 14:50:00+02:00,29.9,29.9,31.0,16.0,43.0,36.6,74.0,672.5,6.0,0.0,0.0,0.0,0.0,0.0,63.0,215.8,4.7,8.3,326.0,1000.4,1000.4,2.68,5.3
2024-06-26 14:55:00+02:00,29.8,29.9,31.3,16.2,44.0,36.6,74.0,190.4,1.0,0.0,0.0,0.0,0.0,0.0,63.0,215.8,2.7,6.8,327.0,1000.4,1000.4,2.7,5.3
2024-06-26 15:00:00+02:00,29.6,29.8,31.5,16.2,44.0,36.5,75.0,652.1,6.0,0.0,0.0,0.0,0.0,0.0,63.0,215.8,1.2,6.8,108.0,1000.3,1000.3,2.7,5.3
2024-06-26 15:05:00+02:00,30.3,30.3,31.9,16.0,42.0,36.5,75.0,629.2,5.0,0.0,0.0,0.0,0.0,0.0,63.0,215.8,2.2,9.7,343.0,1000.2,1000.2,2.7,5.3
2024-06-26 15:10:00+02:00,30.8,31.1,32.4,16.6,42.0,36.5,75.0,632.4,5.0,0.0,0.0,0.0,0.0,0.0,63.0,215.8,3.2,7.9,119.0,1000.2,1000.2,2.7,5.3
2024-06-26 15:15:00+02:00,30.9,31.1,32.5,16.4,42.0,36.5,75.0,648.9,6.0,0.0,0.0,0.0,0.0,0.0,63.0,215.8,3.1,8.3,57.0,1000.2,1000.2,2.68,5.3
2024-06-26 15:20:00+02:00,31.4,31.7,32.9,16.7,41.0,36.5,75.0,629.6,5.0,0.0,0.0,0.0,0.0,0.0,63.0,215.8,4.0,10.1,139.0,1000.1,1000.1,2.68,5.3
2024-06-26 15:25:00+02:00,30.4,30.3,31.7,15.6,41.0,36.5,75.0,640.3,5.0,0.0,0.0,0.0,0.0,0.0,63.0,215.8,2.8,10.4,166.0,1000.1,1000.1,2.68,5.3
2024-06-26 15:30:00+02:00,31.2,31.2,32.7,16.0,40.0,36.5,75.0,638.0,5.0,0.0,0.0,0.0,0.0,0.0,63.0,215.8,2.8,7.2,110.0,1000.0,1000.0,2.68,5.3
2024-06-26 15:35:00+02:00,31.8,31.8,33.1,15.9,38.0,36.5,75.0,619.5,5.0,0.0,0.0,0.0,0.0,0.0,63.0,215.8,3.5,7.6,279.0,999.9,999.9,2.68,5.3
2024-06-26 15:40:00+02:00,32.6,32.5,33.5,15.6,36.0,36.5,76.0,606.0,5.0,0.0,0.0,0.0,0.0,0.0,63.0,215.8,4.9,9.0,244.0,999.9,999.9,2.68,5.3
2024-06-26 15:45:00+02:00,32.2,32.0,33.2,15.7,37.0,36.5,76.0,613.3,5.0,0.0,0.0,0.0,0.0,0.0,63.0,215.8,4.4,9.0,314.0,999.8,999.8,2.68,5.3
2024-06-26 15:50:00+02:00,31.4,31.3,31.6,15.6,39.0,36.5,76.0,596.1,5.0,0.0,0.0,0.0,0.0,0.0,63.0,215.8,8.6,13.3,144.0,999.7,999.7,2.68,5.3
2024-06-26 15:55:00+02:00,31.4,31.2,32.7,15.5,38.0,36.5,76.0,602.6,5.0,0.0,0.0,0.0,0.0,0.0,63.0,215.8,2.5,11.2,245.0,999.6,999.6,2.68,5.3
2024-06-26 16:00:00+02:00,31.4,31.6,33.1,16.6,41.0,36.6,76.0,607.0,5.0,0.0,0.0,0.0,0.0,0.0,63.0,215.8,2.9,12.6,135.0,999.5,999.5,2.68,5.3
2024-06-26 16:05:00+02:00,31.0,30.8,32.4,15.5,39.0,36.6,77.0,608.8,5.0,0.0,0.0,0.0,0.0,0.0,63.0,215.8,2.0,12.6,155.0,999.5,999.5,2.68,5.3
2024-06-26 16:10:00+02:00,31.6,31.6,33.3,16.0,39.0,36.6,77.0,598.2,5.0,0.0,0.0,0.0,0.0,0.0,63.0,215.8,1.7,6.1,169.0,999.4,999.4,2.68,5.3
2024-06-26 16:15:00+02:00,32.0,32.1,33.4,16.3,39.0,36.7,77.0,582.0,5.0,0.0,0.0,0.0,0.0,0.0,63.0,215.8,3.5,8.3,150.0,999.4,999.4,2.68,5.3
2024-06-26 16:20:00+02:00,32.2,32.2,33.3,16.0,38.0,36.7,77.0,563.1,5.0,0.0,0.0,0.0,0.0,0.0,63.0,215.8,4.6,8.3,215.0,999.4,999.4,2.68,5.3
2024-06-26 16:25:00+02:00,32.6,33.0,34.3,16.9,39.0,36.7,77.0,561.6,5.0,0.0,0.0,0.0,0.0,0.0,63.0,215.8,3.2,8.3,147.0,999.3,999.3,2.68,5.3
2024-06-26 16:30:00+02:00,31.8,31.8,32.9,16.0,39.0,36.7,78.0,549.6,5.0,0.0,0.0,0.0,0.0,0.0,63.0,215.8,4.5,14.4,131.0,999.4,999.4,2.68,5.3
2024-06-26 16:35:00+02:00,31.2,31.3,32.6,16.3,41.0,36.8,78.0,544.9,5.0,0.0,0.0,0.0,0.0,0.0,63.0,215.8,3.5,14.4,143.0,999.4,999.4,2.68,5.3
2024-06-26 16:40:00+02:00,31.5,31.4,33.0,15.9,39.0,36.8,78.0,541.5,5.0,0.0,0.0,0.0,0.0,0.0,63.0,215.8,2.3,9.4,141.0,999.4,999.4,2.68,5.3
2024-06-26 16:45:00+02:00,32.7,32.6,34.2,15.9,37.0,36.8,78.0,517.6,4.0,0.0,0.0,0.0,0.0,0.0,63.0,215.8,1.9,4.7,138.0,999.3,999.3,2.68,5.3
2024-06-26 16:50:00+02:00,31.6,31.6,33.0,16.2,40.0,36.8,78.0,493.3,4.0,0.0,0.0,0.0,0.0,0.0,63.0,215.8,3.4,8.6,158.0,999.3,999.3,2.68,5.3
2024-06-26 16:55:00+02:00,31.5,31.4,32.9,15.9,39.0,36.9,79.0,484.0,4.0,0.0,0.0,0.0,0.0,0.0,63.0,215.8,2.8,10.4,177.0,999.2,999.2,2.68,5.3
2024-06-26 17:00:00+02:00,31.5,31.6,33.0,16.4,40.0,36.9,79.0,461.9,4.0,0.0,0.0,0.0,0.0,0.0,63.0,215.8,3.2,5.0,155.0,999.1,999.1,2.68,5.3
2024-06-26 17:05:00+02:00,30.9,31.1,32.2,16.5,42.0,36.9,79.0,440.2,4.0,0.0,0.0,0.0,0.0,0.0,63.0,215.8,4.4,10.8,161.0,999.2,999.2,2.68,5.3
2024-06-26 17:10:00+02:00,30.7,30.6,31.8,15.7,40.0,36.9,79.0,415.7,3.0,0.0,0.0,0.0,0.0,0.0,63.0,215.8,3.6,8.6,173.0,999.0,999.0,2.68,5.3
2024-06-26 17:15:00+02:00,30.8,30.5,31.9,15.2,39.0,36.8,79.0,134.8,1.0,0.0,0.0,0.0,0.0,0.0,63.0,215.8,3.2,9.0,265.0,999.1,999.1,2.68,5.3
2024-06-26 17:20:00+02:00,30.9,30.7,32.2,15.6,40.0,36.8,79.0,415.6,3.0,0.0,0.0,0.0,0.0,0.0,63.0,215.8,2.7,7.6,304.0,999.1,999.1,2.68,5.3
2024-06-26 17:25:00+02:00,31.1,30.8,32.3,15.4,39.0,36.8,79.0,400.2,3.0,0.0,0.0,0.0,0.0,0.0,63.0,215.8,2.8,5.0,202.0,999.0,999.0,2.68,5.3
2024-06-26 17:30:00+02:00,30.8,30.8,32.1,16.0,41.0,36.8,79.0,108.2,1.0,0.0,0.0,0.0,0.0,0.0,63.0,215.8,3.5,7.9,277.0,999.0,999.0,2.68,5.3
2024-06-26 17:35:00+02:00,30.8,30.8,32.3,16.1,41.0,36.7,79.0,385.6,3.0,0.0,0.0,0.0,0.0,0.0,63.0,215.8,2.4,6.8,287.0,999.0,999.0,2.68,5.3
2024-06-26 17:40:00+02:00,31.1,31.2,32.5,16.2,41.0,36.7,80.0,377.3,3.0,0.0,0.0,0.0,0.0,0.0,63.0,215.8,3.7,9.7,299.0,998.9,998.9,2.68,5.3
2024-06-26 17:45:00+02:00,31.2,31.2,32.1,16.1,40.0,36.7,80.0,366.6,3.0,0.0,0.0,0.0,0.0,0.0,63.0,215.8,5.8,13.7,314.0,999.0,999.0,2.68,5.3
2024-06-26 17:50:00+02:00,31.3,31.4,33.2,16.3,40.0,36.6,80.0,349.0,3.0,0.0,0.0,0.0,0.0,0.0,63.0,215.8,0.9,11.9,314.0,998.9,998.9,2.68,5.3
2024-06-26 17:55:00+02:00,31.7,32.0,33.1,16.6,40.0,36.6,80.0,339.1,3.0,0.0,0.0,0.0,0.0,0.0,63.0,215.8,4.6,12.2,353.0,998.9,998.9,2.68,5.3
2024-06-26 18:00:00+02:00,31.0,31.0,32.1,16.0,40.0,36.5,80.0,335.3,3.0,0.0,0.0,0.0,0.0,0.0,63.0,215.8,4.4,9.7,302.0,998.9,998.9,2.68,5.3
2024-06-26 18:05:00+02:00,31.1,31.1,32.1,16.1,40.0,36.5,80.0,320.0,2.0,0.0,0.0,0.0,0.0,0.0,63.0,215.8,5.1,10.1,294.0,998.8,998.8,2.68,5.3
2024-06-26 18:10:00+02:00,31.2,31.2,32.0,16.1,40.0,36.4,80.0,305.7,2.0,0.0,0.0,0.0,0.0,0.0,63.0,215.8,6.1,10.1,269.0,998.9,998.9,2.68,5.3
2024-06-26 18:15:00+02:00,31.0,30.9,32.4,15.6,39.0,36.4,80.0,293.5,2.0,0.0,0.0,0.0,0.0,0.0,63.0,215.8,2.4,7.6,280.0,998.9,998.9,2.68,5.3
2024-06-26 18:20:00+02:00,30.8,30.7,32.6,15.9,41.0,36.3,80.0,122.6,1.0,0.0,0.0,0.0,0.0,0.0,63.0,215.8,0.8,4.3,139.0,999.0,999.0,2.68,5.3
2024-06-26 18:25:00+02:00,30.7,30.5,31.6,15.7,41.0,36.3,80.0,100.1,0.0,0.0,0.0,0.0,0.0,0.0,63.0,215.8,4.4,6.8,270.0,998.9,998.9,2.7,5.3
2024-06-26 18:30:00+02:00,30.4,30.5,31.8,16.2,42.0,36.2,80.0,99.7,0.0,0.0,0.0,0.0,0.0,0.0,63.0,215.8,3.2,7.2,295.0,998.8,998.8,2.7,5.3
2024-06-26 18:35:00+02:00,30.4,30.6,32.1,16.5,43.0,36.2,80.0,100.9,0.0,0.0,0.0,0.0,0.0,0.0,63.0,215.8,2.1,4.3,132.0,998.9,998.9,2.7,5.3
2024-06-26 18:40:00+02:00,30.0,30.1,31.5,16.1,43.0,36.1,80.0,105.1,0.0,0.0,0.0,0.0,0.0,0.0,63.0,215.8,2.7,6.1,182.0,998.9,998.9,2.7,5.3
2024-06-26 18:45:00+02:00,30.2,30.3,31.5,16.1,43.0,36.0,80.0,100.3,0.0,0.0,0.0,0.0,0.0,0.0,63.0,215.8,3.7,7.9,259.0,998.8,998.8,2.7,5.3
2024-06-26 18:50:00+02:00,30.3,30.3,31.6,15.9,42.0,36.0,80.0,109.7,1.0,0.0,0.0,0.0,0.0,0.0,63.0,215.8,3.2,8.3,295.0,998.8,998.8,2.7,5.3
2024-06-26 18:55:00+02:00,30.2,30.3,31.4,16.1,43.0,35.9,80.0,183.4,1.0,0.0,0.0,0.0,0.0,0.0,63.0,215.8,4.3,7.6,302.0,998.9,998.9,2.7,5.3
2024-06-26 19:00:00+02:00,30.3,30.3,32.0,15.9,42.0,35.9,80.0,100.2,0.0,0.0,0.0,0.0,0.0,0.0,63.0,215.8,1.4,6.1,277.0,998.8,998.8,2.7,5.3
2024-06-26 19:05:00+02:00,29.9,29.9,31.1,15.9,43.0,35.8,80.0,84.6,0.0,0.0,0.0,0.0,0.0,0.0,63.0,215.8,3.6,9.7,301.0,998.7,998.7,2.7,5.3
2024-06-26 19:10:00+02:00,29.8,29.9,30.9,16.2,44.0,35.8,80.0,79.5,0.0,0.0,0.0,0.0,0.0,0.0,63.0,215.8,4.5,6.1,285.0,998.7,998.7,2.7,5.3
2024-06-26 19:15:00+02:00,29.7,29.8,30.7,15.9,43.0,35.7,81.0,81.5,0.0,0.0,0.0,0.0,0.0,0.0,63.0,215.8,5.2,7.6,326.0,998.7,998.7,2.7,5.3
2024-06-26 19:20:00+02:00,29.8,30.0,30.9,16.3,44.0,35.6,81.0,81.5,0.0,0.0,0.0,0.0,0.0,0.0,63.0,215.8,5.3,10.1,288.0,998.7,998.7,2.7,5.3
2024-06-26 19:25:00+02:00,29.8,30.0,31.1,16.4,44.0,35.6,81.0,79.5,0.0,0.0,0.0,0.0,0.0,0.0,63.0,215.8,4.2,6.5,326.0,998.6,998.6,2.7,5.3
2024-06-26 19:30:00+02:00,29.7,30.0,31.3,16.5,45.0,35.5,81.0,71.8,0.0,0.0,0.0,0.0,0.0,0.0,63.0,215.8,3.2,6.1,312.0,998.7,998.7,2.7,5.3
2024-06-26 19:35:00+02:00,29.6,29.9,31.6,16.6,45.0,35.4,81.0,62.5,0.0,0.0,0.0,0.0,0.0,0.0,63.0,215.8,1.3,4.7,281.0,998.8,998.8,2.7,5.3
2024-06-26 19:40:00+02:00,29.5,29.7,31.1,16.4,45.0,35.3,81.0,59.8,0.0,0.0,0.0,0.0,0.0,0.0,63.0,215.8,2.5,6.5,323.0,998.9,998.9,2.7,5.3
2024-06-26 19:45:00+02:00,29.5,29.7,31.1,16.6,46.0,35.3,81.0,57.5,0.0,0.0,0.0,0.0,0.0,0.0,63.0,215.8,2.9,7.2,349.0,998.9,998.9,2.7,5.3
2024-06-26 19:50:00+02:00,29.2,29.7,31.7,17.2,49.0,35.2,81.0,52.3,0.0,0.0,0.0,0.0,0.0,0.0,63.0,215.8,0.0,5.8,191.0,998.8,998.8,2.7,5.3
2024-06-26 19:55:00+02:00,28.7,29.3,31.1,17.4,51.0,35.2,81.0,50.8,0.0,0.0,0.0,0.0,0.0,0.0,63.0,215.8,0.8,2.5,265.0,998.9,998.9,2.7,5.3
2024-06-26 20:00:00+02:00,28.4,29.3,30.8,17.8,53.0,35.1,81.0,44.9,0.0,0.0,0.0,0.0,0.0,0.0,63.0,215.8,1.9,3.6,268.0,998.9,998.9,2.7,5.3
2024-06-26 20:05:00+02:00,28.2,29.1,30.9,18.1,54.0,35.0,81.0,42.5,0.0,0.0,0.0,0.0,0.0,0.0,63.0,215.8,0.9,3.6,259.0,998.8,998.8,2.7,5.3
2024-06-26 20:10:00+02:00,28.2,29.3,31.2,18.6,56.0,35.0,81.0,43.1,0.0,0.0,0.0,0.0,0.0,0.0,63.0,215.8,0.0,2.9,249.0,999.0,999.0,2.7,5.3
2024-06-26 20:15:00+02:00,27.7,28.6,30.2,18.0,55.0,34.8,81.0,49.4,0.0,0.0,0.0,0.0,0.0,0.0,63.0,215.8,1.6,2.9,279.0,999.0,999.0,2.7,5.3
2024-06-26 20:20:00+02:00,27.6,28.6,30.4,18.4,57.0,34.8,81.0,49.6,0.0,0.0,0.0,0.0,0.0,0.0,63.0,215.8,0.5,2.5,277.0,999.0,999.0,2.7,5.3
2024-06-26 20:25:00+02:00,27.3,28.3,30.2,18.4,59.0,34.7,81.0,43.3,0.0,0.0,0.0,0.0,0.0,0.0,63.0,215.8,0.0,1.8,200.0,999.1,999.1,2.7,5.3
2024-06-26 20:30:00+02:00,27.1,28.2,30.1,18.6,60.0,34.6,80.0,40.6,0.0,0.0,0.0,0.0,0.0,0.0,63.0,215.8,0.0,2.2,168.0,999.1,999.1,2.7,5.3
2024-06-26 20:35:00+02:00,26.8,27.9,29.9,18.6,61.0,34.5,80.0,36.5,0.0,0.0,0.0,0.0,0.0,0.0,63.0,215.8,0.0,1.8,132.0,999.1,999.1,2.7,5.3
2024-06-26 20:40:00+02:00,26.9,28.2,30.3,19.3,63.0,34.5,80.0,31.9,0.0,0.0,0.0,0.0,0.0,0.0,63.0,215.8,0.0,1.8,126.0,999.1,999.1,2.7,5.3
2024-06-26 20:45:00+02:00,26.8,28.1,30.2,19.3,63.0,34.4,81.0,26.2,0.0,0.0,0.0,0.0,0.0,0.0,63.0,215.8,0.0,0.0,131.0,999.1,999.1,2.7,5.3
2024-06-26 20:50:00+02:00,26.7,28.1,30.2,19.5,65.0,34.3,81.0,22.1,0.0,0.0,0.0,0.0,0.0,0.0,63.0,215.8,0.0,0.0,150.0,999.1,999.1,2.7,5.3
2024-06-26 20:55:00+02:00,26.7,28.0,30.0,19.3,64.0,34.2,81.0,19.2,0.0,0.0,0.0,0.0,0.0,0.0,63.0,215.8,0.0,0.0,189.0,999.1,999.1,2.7,5.2
2024-06-26 21:00:00+02:00,26.9,28.2,30.2,19.5,64.0,34.2,81.0,18.3,0.0,0.0,0.0,0.0,0.0,0.0,63.0,215.8,0.7,2.5,270.0,999.2,999.2,2.7,5.2
2024-06-26 21:05:00+02:00,26.8,28.0,30.1,19.1,63.0,34.1,81.0,17.0,0.0,0.0,0.0,0.0,0.0,0.0,63.0,215.8,0.0,2.5,265.0,999.0,999.0,2.7,5.2
2024-06-26 21:10:00+02:00,26.5,26.5,29.8,19.2,64.0,34.0,81.0,15.9,0.0,0.0,0.0,0.0,0.0,0.0,63.0,215.8,0.0,0.0,135.0,999.0,999.0,2.7,5.2
2024-06-26 21:15:00+02:00,26.3,26.3,29.5,19.0,64.0,33.9,81.0,14.2,0.0,0.0,0.0,0.0,0.0,0.0,63.0,215.8,0.0,0.0,193.0,999.0,999.0,2.7,5.2
2024-06-26 21:20:00+02:00,26.1,26.1,29.3,19.0,65.0,33.8,81.0,11.8,0.0,0.0,0.0,0.0,0.0,0.0,63.0,215.8,0.0,1.8,246.0,999.0,999.0,2.7,5.2
2024-06-26 21:25:00+02:00,25.7,25.7,28.9,19.0,67.0,33.8,81.0,10.0,0.0,0.0,0.0,0.0,0.0,0.0,63.0,215.8,0.5,2.2,126.0,999.0,999.0,2.7,5.2
2024-06-26 21:40:00+02:00,24.9,24.9,28.1,18.9,70.0,33.5,80.0,5.3,0.0,0.0,0.0,0.0,0.0,0.0,63.0,215.8,0.0,0.0,134.0,998.8,998.8,2.7,5.2
2024-06-26 21:45:00+02:00,24.7,24.7,28.0,19.1,71.0,33.3,80.0,4.0,0.0,0.0,0.0,0.0,0.0,0.0,63.0,215.8,0.0,1.8,137.0,999.0,999.0,2.7,5.2
2024-06-26 21:50:00+02:00,24.4,24.4,27.4,19.1,72.0,33.3,80.0,2.9,0.0,0.0,0.0,0.0,0.0,0.0,63.0,215.8,1.2,2.5,144.0,998.9,998.9,2.7,5.2
2024-06-26 21:55:00+02:00,24.1,24.1,27.3,19.0,73.0,33.2,80.0,2.0,0.0,0.0,0.0,0.0,0.0,0.0,63.0,215.8,0.0,2.2,146.0,999.0,999.0,2.7,5.2
2024-06-26 22:00:00+02:00,23.9,23.9,27.1,18.9,73.0,33.1,80.0,1.3,0.0,0.0,0.0,0.0,0.0,0.0,63.0,215.8,0.0,0.0,193.0,999.0,999.0,2.7,5.2
2024-06-26 22:05:00+02:00,23.8,23.8,27.1,19.1,75.0,33.0,80.0,0.8,0.0,0.0,0.0,0.0,0.0,0.0,63.0,215.8,0.0,2.2,168.0,999.0,999.0,2.7,5.2
2024-06-26 22:10:00+02:00,23.6,23.6,26.8,19.0,75.0,32.8,80.0,0.5,0.0,0.0,0.0,0.0,0.0,0.0,63.0,215.8,0.0,1.8,150.0,998.9,998.9,2.7,5.2
2024-06-26 22:15:00+02:00,23.4,23.4,26.4,18.8,75.0,32.7,80.0,0.2,0.0,0.0,0.0,0.0,0.0,0.0,63.0,215.8,0.4,2.2,140.0,999.0,999.0,2.7,5.2
2024-06-26 22:20:00+02:00,23.2,23.2,26.4,18.8,76.0,32.6,80.0,0.1,0.0,0.0,0.0,0.0,0.0,0.0,63.0,215.8,0.0,0.0,143.0,999.0,999.0,2.7,5.2
2024-06-26 22:25:00+02:00,23.1,23.1,26.3,18.9,77.0,32.5,80.0,0.1,0.0,0.0,0.0,0.0,0.0,0.0,63.0,215.8,0.0,1.8,144.0,999.1,999.1,2.7,5.2
2024-06-26 22:30:00+02:00,22.9,22.9,26.0,18.7,77.0,32.4,80.0,0.0,0.0,0.0,0.0,0.0,0.0,0.0,63.0,215.8,0.0,1.8,142.0,999.1,999.1,2.7,5.2
2024-06-26 22:35:00+02:00,22.8,22.8,25.9,18.6,77.0,32.3,80.0,0.0,0.0,0.0,0.0,0.0,0.0,0.0,63.0,215.8,0.0,0.0,129.0,999.2,999.2,2.7,5.2
2024-06-26 22:40:00+02:00,22.8,22.8,26.0,18.9,79.0,32.2,80.0,0.0,0.0,0.0,0.0,0.0,0.0,0.0,63.0,215.8,0.0,1.8,121.0,999.1,999.1,2.7,5.2
2024-06-26 22:45:00+02:00,22.7,22.7,25.8,18.8,79.0,32.1,80.0,0.0,0.0,0.0,0.0,0.0,0.0,0.0,63.0,215.8,0.0,1.8,136.0,999.2,999.2,2.7,5.1
2024-06-26 22:50:00+02:00,22.5,22.5,25.5,18.8,79.0,32.0,80.0,0.0,0.0,0.0,0.0,0.0,0.0,0.0,63.0,215.8,0.7,2.2,135.0,999.2,999.2,2.7,5.1
2024-06-26 22:55:00+02:00,22.4,22.4,25.2,18.6,79.0,31.8,80.0,0.0,0.0,0.0,0.0,0.0,0.0,0.0,63.0,215.8,1.2,2.5,121.0,999.2,999.2,2.7,5.1
2024-06-26 23:00:00+02:00,22.4,22.4,25.4,18.5,79.0,31.7,80.0,0.0,0.0,0.0,0.0,0.0,0.0,0.0,63.0,215.8,0.0,2.2,128.0,999.3,999.3,2.7,5.1
2024-06-26 23:05:00+02:00,22.4,22.4,25.5,18.8,80.0,31.7,80.0,0.0,0.0,0.0,0.0,0.0,0.0,0.0,63.0,215.8,0.4,2.5,118.0,999.3,999.3,2.7,5.1
2024-06-26 23:10:00+02:00,22.3,22.3,25.4,18.8,80.0,31.5,80.0,0.0,0.0,0.0,0.0,0.0,0.0,0.0,63.0,215.8,0.0,2.2,141.0,999.4,999.4,2.7,5.1
2024-06-26 23:15:00+02:00,22.2,22.2,25.2,18.6,80.0,31.4,80.0,0.0,0.0,0.0,0.0,0.0,0.0,0.0,63.0,215.8,0.0,0.0,135.0,999.3,999.3,2.7,5.1
2024-06-26 23:20:00+02:00,22.1,22.1,25.2,18.8,82.0,31.3,80.0,0.0,0.0,0.0,0.0,0.0,0.0,0.0,63.0,215.8,0.0,1.8,132.0,999.3,999.3,2.7,5.1
2024-06-26 23:25:00+02:00,22.0,22.0,25.1,18.8,82.0,31.2,80.0,0.0,0.0,0.0,0.0,0.0,0.0,0.0,63.0,215.8,0.0,1.8,136.0,999.2,999.2,2.7,5.1
2024-06-26 23:30:00+02:00,21.9,21.9,24.7,18.6,82.0,31.1,80.0,0.0,0.0,0.0,0.0,0.0,0.0,0.0,63.0,215.8,1.4,2.5,135.0,999.3,999.3,2.7,5.1
2024-06-26 23:35:00+02:00,21.7,21.7,24.3,18.4,81.0,31.0,80.0,0.0,0.0,0.0,0.0,0.0,0.0,0.0,63.0,215.8,1.9,3.2,140.0,999.2,999.2,2.7,5.1
2024-06-26 23:40:00+02:00,21.7,21.7,24.5,18.6,82.0,30.9,80.0,0.0,0.0,0.0,0.0,0.0,0.0,0.0,63.0,215.8,1.2,2.9,140.0,999.2,999.2,2.7,5.1
2024-06-26 23:45:00+02:00,21.6,21.6,24.5,18.4,82.0,30.8,80.0,0.0,0.0,0.0,0.0,0.0,0.0,0.0,63.0,215.8,0.0,1.8,139.0,999.1,999.1,2.7,5.1
2024-06-26 23:50:00+02:00,21.5,21.5,24.4,18.4,83.0,30.7,80.0,0.0,0.0,0.0,0.0,0.0,0.0,0.0,63.0,215.8,0.4,2.5,134.0,999.0,999.0,2.7,5.1
2024-06-26 23:55:00+02:00,21.4,21.4,24.2,18.5,83.0,30.6,80.0,0.0,0.0,0.0,0.0,0.0,0.0,0.0,63.0,215.8,1.1,2.5,129.0,999.1,999.1,2.7,5.1
2024-06-27 00:00:00+02:00,21.3,21.3,24.0,18.3,83.0,30.5,80.0,0.0,0.0,0.0,0.0,0.0,0.0,0.0,63.0,215.8,1.2,2.9,130.0,999.1,999.1,2.7,5.1
2024-06-27 00:05:00+02:00,21.3,21.3,23.9,18.4,84.0,30.4,80.0,0.0,0.0,0.0,0.0,0.0,0.0,0.0,63.0,215.8,1.9,2.9,137.0,999.1,999.1,2.7,5.1
2024-06-27 00:10:00+02:00,21.2,21.2,23.8,18.5,85.0,30.3,80.0,0.0,0.0,0.0,0.0,0.0,0.0,0.0,63.0,215.8,2.3,2.9,127.0,999.1,999.1,2.7,5.1
2024-06-27 00:15:00+02:00,21.2,21.2,24.0,18.4,84.0,30.2,80.0,0.0,0.0,0.0,0.0,0.0,0.0,0.0,63.0,215.8,0.8,2.9,132.0,999.2,999.2,2.7,5.1
2024-06-27 00:20:00+02:00,21.1,21.1,23.9,18.3,84.0,30.1,80.0,0.0,0.0,0.0,0.0,0.0,0.0,0.0,63.0,215.8,0.7,2.2,133.0,999.2,999.2,2.7,5.1
2024-06-27 00:25:00+02:00,21.0,21.0,24.0,18.4,85.0,30.0,80.0,0.0,0.0,0.0,0.0,0.0,0.0,0.0,63.0,215.8,0.0,2.2,132.0,999.1,999.1,2.7,5.1
2024-06-27 00:30:00+02:00,20.9,20.9,23.7,18.4,86.0,29.9,80.0,0.0,0.0,0.0,0.0,0.0,0.0,0.0,63.0,215.8,1.1,2.9,111.0,999.2,999.2,2.7,5.1
2024-06-27 00:35:00+02:00,20.9,20.9,23.8,18.4,86.0,29.8,80.0,0.0,0.0,0.0,0.0,0.0,0.0,0.0,63.0,215.8,0.4,2.5,142.0,999.0,999.0,2.7,5.0
2024-06-27 00:40:00+02:00,20.8,20.8,23.8,18.4,86.0,29.7,80.0,0.0,0.0,0.0,0.0,0.0,0.0,0.0,63.0,215.8,0.0,2.5,274.0,999.0,999.0,2.7,5.0
2024-06-27 00:45:00+02:00,20.8,20.8,23.8,18.5,86.0,29.6,80.0,0.0,0.0,0.0,0.0,0.0,0.0,0.0,63.0,215.8,0.0,0.0,230.0,998.8,998.8,2.7,5.0
2024-06-27 00:50:00+02:00,20.7,20.7,23.6,18.4,87.0,29.5,80.0,0.0,0.0,0.0,0.0,0.0,0.0,0.0,63.0,215.8,0.0,0.0,217.0,998.9,998.9,2.7,5.0
2024-06-27 00:55:00+02:00,20.5,20.5,23.5,18.4,87.0,29.4,80.0,0.0,0.0,0.0,0.0,0.0,0.0,0.0,63.0,215.8,0.0,1.8,129.0,999.0,999.0,2.7,5.0
2024-06-27 01:00:00+02:00,20.5,20.5,23.2,18.4,88.0,29.4,80.0,0.0,0.0,0.0,0.0,0.0,0.0,0.0,63.0,215.8,1.4,2.2,126.0,998.8,998.8,2.7,5.0
2024-06-27 01:05:00+02:00,20.4,20.4,23.2,18.3,88.0,29.3,80.0,0.0,0.0,0.0,0.0,0.0,0.0,0.0,63.0,215.8,0.4,2.2,130.0,998.8,998.8,2.7,5.0
2024-06-27 01:10:00+02:00,20.3,20.3,23.3,18.3,88.0,29.2,80.0,0.0,0.0,0.0,0.0,0.0,0.0,0.0,63.0,215.8,0.0,1.8,127.0,998.8,998.8,2.7,5.0
2024-06-27 01:15:00+02:00,20.3,20.3,23.0,18.4,89.0,29.1,80.0,0.0,0.0,0.0,0.0,0.0,0.0,0.0,63.0,215.8,1.2,3.2,131.0,998.8,998.8,2.7,5.0
2024-06-27 01:20:00+02:00,20.2,20.2,23.1,18.3,89.0,29.0,80.0,0.0,0.0,0.0,0.0,0.0,0.0,0.0,63.0,215.8,0.0,2.2,140.0,998.7,998.7,2.7,5.0
2024-06-27 01:25:00+02:00,20.2,20.2,23.1,18.3,89.0,28.9,80.0,0.0,0.0,0.0,0.0,0.0,0.0,0.0,63.0,215.8,0.0,0.0,237.0,998.8,998.8,2.7,5.0
2024-06-27 01:30:00+02:00,20.1,20.1,23.0,18.3,90.0,28.8,80.0,0.0,0.0,0.0,0.0,0.0,0.0,0.0,63.0,215.8,0.0,1.8,154.0,998.9,998.9,2.7,5.0
2024-06-27 01:35:00+02:00,20.1,20.1,22.9,18.4,90.0,28.8,80.0,0.0,0.0,0.0,0.0,0.0,0.0,0.0,63.0,215.8,0.5,2.2,131.0,998.9,998.9,2.7,5.0
2024-06-27 01:40:00+02:00,20.0,20.0,22.9,18.3,90.0,28.7,80.0,0.0,0.0,0.0,0.0,0.0,0.0,0.0,63.0,215.8,0.0,2.2,127.0,998.9,998.9,2.7,5.0
2024-06-27 01:45:00+02:00,20.0,20.0,22.7,18.2,89.0,28.6,80.0,0.0,0.0,0.0,0.0,0.0,0.0,0.0,63.0,215.8,1.2,2.9,127.0,999.0,999.0,2.7,5.0
2024-06-27 01:50:00+02:00,20.0,20.0,22.6,18.1,89.0,28.5,80.0,0.0,0.0,0.0,0.0,0.0,0.0,0.0,63.0,215.8,1.3,3.2,124.0,999.0,999.0,2.7,5.0
2024-06-27 01:55:00+02:00,20.0,20.0,22.8,18.2,89.0,28.4,80.0,0.0,0.0,0.0,0.0,0.0,0.0,0.0,63.0,215.8,0.4,2.5,144.0,998.8,998.8,2.7,5.0
2024-06-27 02:00:00+02:00,19.8,19.8,22.7,18.0,89.0,28.3,80.0,0.0,0.0,0.0,0.0,0.0,0.0,0.0,63.0,215.8,0.0,1.8,180.0,998.9,998.9,2.7,5.0
2024-06-27 02:05:00+02:00,19.8,19.8,22.4,18.1,90.0,28.3,80.0,0.0,0.0,0.0,0.0,0.0,0.0,0.0,63.0,215.8,1.2,2.9,131.0,998.8,998.8,2.7,5.0
2024-06-27 02:10:00+02:00,19.8,19.8,22.6,18.1,90.0,28.2,80.0,0.0,0.0,0.0,0.0,0.0,0.0,0.0,63.0,215.8,0.4,2.9,128.0,998.8,998.8,2.7,5.0
2024-06-27 02:15:00+02:00,19.8,19.8,22.4,18.1,90.0,28.1,80.0,0.0,0.0,0.0,0.0,0.0,0.0,0.0,63.0,215.8,1.1,2.2,142.0,998.8,998.8,2.7,5.0
2024-06-27 02:20:00+02:00,19.7,19.7,22.5,18.1,90.0,28.0,80.0,0.0,0.0,0.0,0.0,0.0,0.0,0.0,63.0,215.8,0.0,1.8,174.0,998.8,998.8,2.7,5.0
2024-06-27 02:25:00+02:00,19.6,19.6,22.4,18.1,91.0,28.0,81.0,0.0,0.0,0.0,0.0,0.0,0.0,0.0,63.0,215.8,0.4,2.2,135.0,998.8,998.8,2.7,4.9
2024-06-27 02:30:00+02:00,19.6,19.6,22.4,18.1,91.0,27.9,81.0,0.0,0.0,0.0,0.0,0.0,0.0,0.0,63.0,215.8,0.0,0.0,135.0,998.7,998.7,2.7,4.9
2024-06-27 02:35:00+02:00,19.6,19.6,22.3,18.2,91.0,27.8,81.0,0.0,0.0,0.0,0.0,0.0,0.0,0.0,63.0,215.8,1.0,2.9,134.0,998.8,998.8,2.7,4.9
2024-06-27 02:50:00+02:00,19.5,19.5,22.3,18.2,92.0,27.6,81.0,0.0,0.0,0.0,0.0,0.0,0.0,0.0,63.0,215.8,0.4,2.5,142.0,998.7,998.7,2.7,4.9
2024-06-27 02:55:00+02:00,19.4,19.4,22.2,18.1,92.0,27.6,81.0,0.0,0.0,0.0,0.0,0.0,0.0,0.0,63.0,215.8,0.4,2.5,116.0,998.5,998.5,2.7,4.9
2024-06-27 03:00:00+02:00,19.4,19.4,22.0,18.1,92.0,27.5,81.0,0.0,0.0,0.0,0.0,0.0,0.0,0.0,63.0,215.8,1.4,3.2,143.0,998.5,998.5,2.7,4.9
2024-06-27 03:05:00+02:00,19.3,19.3,22.0,18.0,92.0,27.4,81.0,0.0,0.0,0.0,0.0,0.0,0.0,0.0,63.0,215.8,0.4,1.8,311.0,998.4,998.4,2.7,4.9
2024-06-27 03:10:00+02:00,19.3,19.3,22.1,18.1,93.0,27.3,81.0,0.0,0.0,0.0,0.0,0.0,0.0,0.0,63.0,215.8,0.0,1.8,324.0,998.4,998.4,2.7,4.9
2024-06-27 03:15:00+02:00,19.2,19.2,22.0,18.1,93.0,27.3,81.0,0.0,0.0,0.0,0.0,0.0,0.0,0.0,63.0,215.8,0.0,1.8,134.0,998.5,998.5,2.7,4.9
2024-06-27 03:20:00+02:00,19.1,19.1,21.9,18.0,93.0,27.2,81.0,0.0,0.0,0.0,0.0,0.0,0.0,0.0,63.0,215.8,0.0,1.8,134.0,998.4,998.4,2.7,4.9
2024-06-27 03:25:00+02:00,19.1,19.1,21.8,18.0,94.0,27.2,81.0,0.0,0.0,0.0,0.0,0.0,0.0,0.0,63.0,215.8,0.7,2.5,114.0,998.4,998.4,2.7,4.9
2024-06-27 03:30:00+02:00,19.1,19.1,21.9,18.1,94.0,27.1,81.0,0.0,0.0,0.0,0.0,0.0,0.0,0.0,63.0,215.8,0.0,2.5,117.0,998.3,998.3,2.7,4.9
2024-06-27 03:35:00+02:00,19.1,19.1,21.9,18.1,94.0,27.0,81.0,0.0,0.0,0.0,0.0,0.0,0.0,0.0,63.0,215.8,0.0,2.2,120.0,998.3,998.3,2.7,4.9
2024-06-27 03:40:00+02:00,19.1,19.1,21.8,18.1,94.0,27.0,81.0,0.0,0.0,0.0,0.0,0.0,0.0,0.0,63.0,215.8,0.4,2.2,93.0,998.3,998.3,2.7,4.9
2024-06-27 03:45:00+02:00,19.0,19.0,21.8,18.0,94.0,26.9,81.0,0.0,0.0,0.0,0.0,0.0,0.0,0.0,63.0,215.8,0.0,1.8,291.0,998.3,998.3,2.7,4.9
2024-06-27 03:50:00+02:00,18.9,18.9,21.7,17.9,94.0,26.8,81.0,0.0,0.0,0.0,0.0,0.0,0.0,0.0,63.0,215.8,0.0,1.8,344.0,998.3,998.3,2.7,4.9
2024-06-27 03:55:00+02:00,18.9,18.9,21.5,17.9,94.0,26.8,81.0,0.0,0.0,0.0,0.0,0.0,0.0,0.0,63.0,215.8,1.1,2.5,111.0,998.3,998.3,2.7,4.9
2024-06-27 04:00:00+02:00,18.8,18.8,21.6,17.9,95.0,26.7,81.0,0.0,0.0,0.0,0.0,0.0,0.0,0.0,63.0,215.8,0.0,2.5,129.0,998.4,998.4,2.7,4.9
2024-06-27 04:05:00+02:00,18.8,18.8,21.6,17.9,95.0,26.7,81.0,0.0,0.0,0.0,0.0,0.0,0.0,0.0,63.0,215.8,0.0,1.8,135.0,998.4,998.4,2.7,4.9
2024-06-27 04:10:00+02:00,18.8,18.8,21.6,17.9,95.0,26.6,81.0,0.0,0.0,0.0,0.0,0.0,0.0,0.0,63.0,215.8,0.0,2.2,125.0,998.4,998.4,2.7,4.9
2024-06-27 04:15:00+02:00,18.7,18.7,21.2,17.9,95.0,26.5,81.0,0.0,0.0,0.0,0.0,0.0,0.0,0.0,63.0,215.8,1.1,2.9,117.0,998.4,998.4,2.7,4.8
2024-06-27 04:20:00+02:00,18.6,18.6,21.1,17.8,95.0,26.4,81.0,0.0,0.0,0.0,0.0,0.0,0.0,0.0,63.0,215.8,1.2,2.9,135.0,998.3,998.3,2.7,4.8
2024-06-27 04:25:00+02:00,18.6,18.6,21.2,17.8,95.0,26.4,81.0,0.0,0.0,0.0,0.0,0.0,0.0,0.0,63.0,215.8,0.7,2.5,134.0,998.4,998.4,2.7,4.8
2024-06-27 04:30:00+02:00,18.5,18.5,21.3,17.8,96.0,26.3,81.0,0.0,0.0,0.0,0.0,0.0,0.0,0.0,63.0,215.8,0.0,1.8,119.0,998.4,998.4,2.7,4.8
2024-06-27 04:35:00+02:00,18.4,18.4,21.1,17.7,96.0,26.2,81.0,0.0,0.0,0.0,0.0,0.0,0.0,0.0,63.0,215.8,0.0,1.8,113.0,998.4,998.4,2.7,4.8
2024-06-27 04:40:00+02:00,18.5,18.5,21.0,17.8,96.0,26.2,81.0,0.1,0.0,0.0,0.0,0.0,0.0,0.0,63.0,215.8,1.4,2.5,123.0,998.3,998.3,2.7,4.8
2024-06-27 04:45:00+02:00,18.4,18.4,21.1,17.7,96.0,26.2,81.0,0.1,0.0,0.0,0.0,0.0,0.0,0.0,63.0,215.8,0.0,1.8,130.0,998.3,998.3,2.7,4.8
2024-06-27 04:50:00+02:00,18.3,18.3,20.9,17.6,96.0,26.1,81.0,0.2,0.0,0.0,0.0,0.0,0.0,0.0,63.0,215.8,0.0,1.8,76.0,998.3,998.3,2.7,4.8
2024-06-27 04:55:00+02:00,18.4,18.4,20.9,17.7,96.0,26.0,81.0,0.4,0.0,0.0,0.0,0.0,0.0,0.0,63.0,215.8,1.1,2.2,138.0,998.3,998.3,2.7,4.8
2024-06-27 05:00:00+02:00,18.3,18.3,20.7,17.7,96.0,26.0,81.0,0.7,0.0,0.0,0.0,0.0,0.0,0.0,63.0,215.8,1.7,3.2,126.0,998.2,998.2,2.7,4.8
2024-06-27 05:05:00+02:00,18.3,18.3,20.7,17.6,96.0,25.9,81.0,1.2,0.0,0.0,0.0,0.0,0.0,0.0,63.0,215.8,1.5,3.2,130.0,998.3,998.3,2.7,4.8
2024-06-27 05:10:00+02:00,18.2,18.2,20.8,17.6,96.0,25.9,81.0,1.7,0.0,0.0,0.0,0.0,0.0,0.0,63.0,215.8,0.0,2.2,157.0,998.4,998.4,2.7,4.8
2024-06-27 05:15:00+02:00,18.3,18.3,21.0,17.6,96.0,25.8,81.0,2.5,0.0,0.0,0.0,0.0,0.0,0.0,63.0,215.8,0.0,2.2,290.0,998.3,998.3,2.7,4.8
2024-06-27 05:25:00+02:00,18.2,18.2,20.3,17.6,96.0,25.7,81.0,4.4,0.0,0.0,0.0,0.0,0.0,0.0,63.0,215.8,2.5,3.2,124.0,998.3,998.3,2.7,4.8
2024-06-27 05:30:00+02:00,18.2,18.2,20.4,17.6,96.0,25.7,81.0,5.6,0.0,0.0,0.0,0.0,0.0,0.0,63.0,215.8,1.9,4.0,130.0,998.5,998.5,2.7,4.8
2024-06-27 05:35:00+02:00,18.2,18.2,20.5,17.7,97.0,25.6,81.0,7.2,0.0,0.0,0.0,0.0,0.0,0.0,63.0,215.8,1.8,3.2,132.0,998.5,998.5,2.7,4.8
2024-06-27 05:40:00+02:00,18.2,18.2,20.7,17.6,97.0,25.6,81.0,8.5,0.0,0.0,0.0,0.0,0.0,0.0,63.0,215.8,0.9,2.5,135.0,998.4,998.4,2.7,4.8
2024-06-27 05:45:00+02:00,18.2,18.2,20.7,17.6,96.0,25.5,81.0,9.5,0.0,0.0,0.0,0.0,0.0,0.0,63.0,215.8,0.4,2.5,144.0,998.4,998.4,2.7,4.8
2024-06-27 05:50:00+02:00,18.2,18.2,20.8,17.6,97.0,25.4,81.0,11.1,0.0,0.0,0.0,0.0,0.0,0.0,63.0,215.8,0.0,2.2,301.0,998.5,998.5,2.7,4.8
2024-06-27 05:55:00+02:00,18.2,18.2,20.8,17.6,96.0,25.4,81.0,13.1,0.0,0.0,0.0,0.0,0.0,0.0,63.0,215.8,0.0,1.8,235.0,998.5,998.5,2.7,4.8
2024-06-27 06:00:00+02:00,18.2,18.2,20.6,17.6,97.0,25.4,81.0,14.7,0.0,0.0,0.0,0.0,0.0,0.0,63.0,215.8,0.9,3.2,120.0,998.5,998.5,2.7,4.8
2024-06-27 06:05:00+02:00,18.2,18.2,20.4,17.7,97.0,25.3,81.0,16.2,0.0,0.0,0.0,0.0,0.0,0.0,63.0,215.8,2.4,4.0,132.0,998.6,998.6,2.7,4.7
2024-06-27 06:10:00+02:00,18.2,18.2,20.7,17.7,97.0,25.3,81.0,19.7,0.0,0.0,0.0,0.0,0.0,0.0,63.0,215.8,0.9,2.5,151.0,998.7,998.7,2.7,4.7
2024-06-27 06:15:00+02:00,18.3,18.3,20.9,17.7,97.0,25.2,81.0,24.3,0.0,0.0,0.0,0.0,0.0,0.0,63.0,215.8,0.0,1.8,323.0,998.7,998.7,2.7,4.7
2024-06-27 06:20:00+02:00,18.3,18.3,21.0,17.7,96.0,25.2,81.0,32.8,0.0,0.0,0.0,0.0,0.0,0.0,63.0,215.8,0.0,2.5,133.0,998.7,998.7,2.7,4.7
2024-06-27 06:25:00+02:00,18.6,18.6,21.1,17.9,96.0,25.2,81.0,36.9,0.0,0.0,0.0,0.0,0.0,0.0,63.0,215.8,1.2,3.2,131.0,998.6,998.6,2.7,4.7
2024-06-27 06:30:00+02:00,18.7,18.7,21.2,17.9,95.0,25.1,81.0,41.4,0.0,0.0,0.0,0.0,0.0,0.0,63.0,215.8,1.3,3.2,123.0,998.6,998.6,2.7,4.7
2024-06-27 06:35:00+02:00,18.9,18.9,21.6,17.9,94.0,25.1,81.0,45.0,0.0,0.0,0.0,0.0,0.0,0.0,63.0,215.8,0.4,2.9,133.0,998.7,998.7,2.7,4.8
2024-06-27 06:40:00+02:00,19.2,19.2,22.0,18.2,94.0,25.1,82.0,48.8,0.0,0.0,0.0,0.0,0.0,0.0,63.0,215.8,0.5,2.9,289.0,998.6,998.6,2.7,4.8
2024-06-27 06:45:00+02:00,19.7,19.7,22.4,18.2,91.0,25.1,82.0,53.6,0.0,0.0,0.0,0.0,0.0,0.0,63.0,215.8,0.7,2.9,2.0,998.7,998.7,2.7,4.8
2024-06-27 06:50:00+02:00,20.0,20.0,22.7,18.3,90.0,25.1,82.0,57.9,0.0,0.0,0.0,0.0,0.0,0.0,63.0,215.8,1.2,3.2,121.0,998.8,998.8,2.7,4.8
2024-06-27 06:55:00+02:00,19.9,19.9,22.6,18.2,90.0,25.2,82.0,62.0,0.0,0.0,0.0,0.0,0.0,0.0,63.0,215.8,1.2,2.9,122.0,998.8,998.8,2.7,4.8
2024-06-27 07:00:00+02:00,20.2,20.2,22.6,18.3,89.0,25.3,83.0,65.8,0.0,0.0,0.0,0.0,0.0,0.0,63.0,215.8,2.4,4.0,124.0,998.7,998.7,2.7,4.8
2024-06-27 07:05:00+02:00,20.4,20.4,23.1,18.3,88.0,25.4,83.0,49.3,0.0,0.0,0.0,0.0,0.0,0.0,63.0,215.8,0.9,3.2,94.0,998.7,998.7,2.7,4.8
2024-06-27 07:10:00+02:00,20.8,20.8,23.7,18.2,85.0,25.5,83.0,49.1,0.0,0.0,0.0,0.0,0.0,0.0,63.0,215.8,0.0,0.0,344.0,998.7,998.7,2.7,4.8
2024-06-27 07:15:00+02:00,21.1,21.1,24.1,18.5,85.0,25.6,82.0,51.2,0.0,0.0,0.0,0.0,0.0,0.0,63.0,215.8,0.0,0.0,139.0,998.6,998.6,2.7,4.8
2024-06-27 07:20:00+02:00,21.3,21.3,24.0,18.3,83.0,25.7,82.0,53.8,0.0,0.0,0.0,0.0,0.0,0.0,63.0,215.8,0.8,2.2,130.0,998.6,998.6,2.7,4.8
2024-06-27 07:25:00+02:00,21.4,21.4,24.1,18.5,83.0,25.7,82.0,56.4,0.0,0.0,0.0,0.0,0.0,0.0,63.0,215.8,1.6,3.6,139.0,998.6,998.6,2.7,4.8
2024-06-27 07:30:00+02:00,21.6,21.6,24.1,18.4,82.0,25.8,82.0,59.4,0.0,0.0,0.0,0.0,0.0,0.0,63.0,215.8,2.4,4.0,139.0,998.7,998.7,2.7,4.8
2024-06-27 07:35:00+02:00,22.0,22.0,24.6,18.4,80.0,25.8,82.0,61.6,0.0,0.0,0.0,0.0,0.0,0.0,63.0,215.8,1.9,5.8,127.0,998.8,998.8,2.7,4.8
2024-06-27 07:40:00+02:00,22.5,22.5,25.2,18.4,78.0,25.9,82.0,63.1,0.0,0.0,0.0,0.0,0.0,0.0,63.0,215.8,1.8,5.8,137.0,998.7,998.7,2.7,4.8
2024-06-27 07:45:00+02:00,22.7,22.7,25.5,18.6,78.0,25.9,82.0,65.0,0.0,0.0,0.0,0.0,0.0,0.0,63.0,215.8,1.0,3.2,141.0,998.7,998.7,2.7,4.9
2024-06-27 07:50:00+02:00,22.8,22.8,25.7,18.3,76.0,25.9,82.0,67.2,0.0,0.0,0.0,0.0,0.0,0.0,63.0,215.8,0.0,3.2,155.0,998.9,998.9,2.7,4.9
2024-06-27 07:55:00+02:00,23.0,23.0,25.9,18.5,76.0,26.0,82.0,68.6,0.0,0.0,0.0,0.0,0.0,0.0,63.0,215.8,0.4,4.3,115.0,998.7,998.7,2.7,4.9
2024-06-27 08:00:00+02:00,23.2,23.2,25.8,18.2,73.0,26.0,82.0,71.0,0.0,0.0,0.0,0.0,0.0,0.0,63.0,215.8,1.2,4.3,114.0,998.8,998.8,2.7,4.9
2024-06-27 08:05:00+02:00,23.4,23.4,25.9,18.1,72.0,26.0,82.0,74.0,0.0,0.0,0.0,0.0,0.0,0.0,63.0,215.8,1.8,5.8,120.0,998.7,998.7,2.7,4.9
2024-06-27 08:10:00+02:00,23.8,23.8,26.1,18.1,71.0,26.1,82.0,76.2,0.0,0.0,0.0,0.0,0.0,0.0,63.0,215.8,2.7,7.6,129.0,998.8,998.8,2.7,4.9
2024-06-27 08:15:00+02:00,23.8,23.8,26.1,18.0,70.0,26.1,82.0,75.4,0.0,0.0,0.0,0.0,0.0,0.0,63.0,215.8,2.8,5.0,112.0,998.8,998.8,2.7,4.9
2024-06-27 08:20:00+02:00,24.0,24.0,26.4,18.0,69.0,26.1,82.0,77.5,0.0,0.0,0.0,0.0,0.0,0.0,63.0,215.8,2.2,6.1,125.0,998.8,998.8,2.7,4.9
2024-06-27 08:25:00+02:00,24.1,24.1,26.8,18.4,70.0,26.2,82.0,201.3,1.0,0.0,0.0,0.0,0.0,0.0,63.0,215.8,1.3,4.3,102.0,998.7,998.7,2.7,4.9
2024-06-27 08:30:00+02:00,24.6,24.6,27.1,18.2,68.0,26.2,82.0,213.1,1.0,0.0,0.0,0.0,0.0,0.0,63.0,215.8,2.0,4.3,228.0,998.7,998.7,2.7,4.9
2024-06-27 08:35:00+02:00,25.4,25.4,28.1,18.2,65.0,26.3,82.0,222.9,2.0,0.0,0.0,0.0,0.0,0.0,63.0,215.8,0.8,3.6,324.0,998.8,998.8,2.7,5.0
2024-06-27 08:40:00+02:00,25.9,25.9,28.5,18.3,63.0,26.3,83.0,233.3,2.0,0.0,0.0,0.0,0.0,0.0,63.0,215.8,1.4,5.8,347.0,998.8,998.8,2.7,5.0
2024-06-27 08:45:00+02:00,26.1,26.1,28.5,18.0,61.0,26.4,83.0,242.9,2.0,0.0,0.0,0.0,0.0,0.0,63.0,215.8,2.2,5.0,270.0,998.7,998.7,2.7,5.1
2024-06-27 08:50:00+02:00,26.6,27.0,28.9,18.1,59.0,26.4,83.0,251.1,2.0,0.0,0.0,0.0,0.0,0.0,63.0,215.8,2.7,5.8,113.0,998.8,998.8,2.7,5.1
2024-06-27 08:55:00+02:00,26.8,27.5,29.1,17.7,57.0,26.6,84.0,267.4,2.0,0.0,0.0,0.0,0.0,0.0,63.0,215.8,2.2,5.0,244.0,998.9,998.9,2.7,5.2
2024-06-27 09:00:00+02:00,27.5,28.4,29.8,18.0,56.0,26.7,84.0,278.4,2.0,0.0,0.0,0.0,0.0,0.0,63.0,215.8,2.4,6.1,270.0,998.8,998.8,2.7,5.2
2024-06-27 09:05:00+02:00,27.9,28.7,30.1,17.7,54.0,26.9,84.0,290.4,2.0,0.0,0.0,0.0,0.0,0.0,63.0,215.8,2.4,5.4,239.0,998.8,998.8,2.7,5.2
2024-06-27 09:10:00+02:00,27.7,28.5,30.1,17.8,55.0,27.2,84.0,302.4,2.0,0.0,0.0,0.0,0.0,0.0,63.0,215.8,1.2,5.0,136.0,998.9,998.9,2.7,5.2
2024-06-27 09:15:00+02:00,28.0,28.9,30.4,18.1,55.0,27.4,84.0,316.6,2.0,0.0,0.0,0.0,0.0,0.0,63.0,215.8,1.9,5.8,187.0,998.9,998.9,2.7,5.3
2024-06-27 09:20:00+02:00,27.8,28.5,29.9,17.5,54.0,27.7,84.0,330.2,3.0,0.0,0.0,0.0,0.0,0.0,63.0,215.8,2.4,5.4,232.0,998.8,998.8,2.7,5.3
2024-06-27 09:25:00+02:00,28.1,29.0,30.4,18.2,55.0,27.9,84.0,339.2,3.0,0.0,0.0,0.0,0.0,0.0,63.0,215.8,2.6,6.5,160.0,998.8,998.8,2.7,5.3
2024-06-27 09:35:00+02:00,27.0,28.0,28.8,18.3,59.0,28.5,84.0,361.6,3.0,0.0,0.0,0.0,0.0,0.0,63.0,215.8,5.8,6.5,128.0,998.9,998.9,2.7,5.3
2024-06-27 09:40:00+02:00,27.2,28.1,29.4,17.8,56.0,28.6,84.0,363.9,3.0,0.0,0.0,0.0,0.0,0.0,63.0,215.8,2.4,6.5,101.0,998.9,998.9,2.7,5.3
2024-06-27 09:45:00+02:00,27.5,28.4,29.7,17.9,56.0,28.8,83.0,365.0,3.0,0.0,0.0,0.0,0.0,0.0,63.0,215.8,2.8,8.6,165.0,998.8,998.8,2.7,5.3
2024-06-27 09:50:00+02:00,27.9,28.8,30.3,18.2,56.0,29.1,82.0,371.0,3.0,0.0,0.0,0.0,0.0,0.0,63.0,215.8,2.2,6.5,130.0,998.8,998.8,2.7,5.3
2024-06-27 09:55:00+02:00,28.1,29.0,30.5,18.1,55.0,29.3,82.0,377.8,3.0,0.0,0.0,0.0,0.0,0.0,63.0,215.8,2.1,5.0,139.0,998.9,998.9,2.7,5.3
2024-06-27 10:00:00+02:00,27.8,28.9,29.8,18.5,57.0,29.6,82.0,379.8,3.0,0.0,0.0,0.0,0.0,0.0,63.0,215.8,5.0,8.3,135.0,998.8,998.8,2.7,5.3
2024-06-27 10:05:00+02:00,27.8,28.7,30.0,18.1,56.0,29.8,81.0,390.0,3.0,0.0,0.0,0.0,0.0,0.0,63.0,215.8,3.6,6.1,216.0,998.7,998.7,2.7,5.3
2024-06-27 10:10:00+02:00,29.2,30.5,32.0,19.0,54.0,30.1,81.0,389.4,3.0,0.0,0.0,0.0,0.0,0.0,63.0,215.8,2.1,5.4,247.0,998.8,998.8,2.7,5.3
2024-06-27 10:15:00+02:00,29.1,30.4,31.6,18.8,54.0,30.3,80.0,376.6,3.0,0.0,0.0,0.0,0.0,0.0,63.0,215.8,3.3,7.9,147.0,998.7,998.7,2.7,5.3
2024-06-27 10:20:00+02:00,28.4,29.5,30.7,18.5,55.0,30.6,80.0,298.6,2.0,0.0,0.0,0.0,0.0,0.0,63.0,215.8,3.5,6.1,155.0,998.8,998.8,2.7,5.3
2024-06-27 10:25:00+02:00,28.4,29.6,31.1,19.0,57.0,30.8,79.0,452.7,4.0,0.0,0.0,0.0,0.0,0.0,63.0,215.8,2.4,5.4,109.0,998.8,998.8,2.7,5.3
2024-06-27 10:30:00+02:00,28.5,29.7,31.2,18.9,56.0,31.0,79.0,460.9,4.0,0.0,0.0,0.0,0.0,0.0,63.0,215.8,2.2,6.1,170.0,998.8,998.8,2.7,5.3
2024-06-27 10:35:00+02:00,29.5,30.8,32.6,19.0,53.0,31.3,79.0,428.8,3.0,0.0,0.0,0.0,0.0,0.0,63.0,215.8,0.5,5.8,227.0,998.8,998.8,2.7,5.3
2024-06-27 10:40:00+02:00,29.0,30.3,31.6,19.1,55.0,31.5,78.0,427.0,3.0,0.0,0.0,0.0,0.0,0.0,63.0,215.8,3.6,10.1,109.0,998.9,998.9,2.7,5.3
2024-06-27 10:45:00+02:00,28.0,29.1,30.0,18.6,57.0,31.7,78.0,437.9,4.0,0.0,0.0,0.0,0.0,0.0,63.0,215.8,5.1,11.2,132.0,998.8,998.8,2.7,5.3
2024-06-27 10:50:00+02:00,28.1,29.4,30.4,19.0,58.0,31.9,78.0,442.9,4.0,0.0,0.0,0.0,0.0,0.0,63.0,215.8,4.5,9.4,128.0,998.8,998.8,2.7,5.3
2024-06-27 10:55:00+02:00,28.5,29.7,31.2,18.8,56.0,32.1,78.0,455.3,4.0,0.0,0.0,0.0,0.0,0.0,63.0,215.8,2.5,9.0,181.0,998.8,998.8,2.7,5.3
2024-06-27 11:00:00+02:00,29.3,30.2,32.0,18.3,52.0,32.3,77.0,450.1,4.0,0.0,0.0,0.0,0.0,0.0,63.0,215.8,1.2,6.5,202.0,998.7,998.7,2.7,5.3
2024-06-27 11:05:00+02:00,30.1,31.0,32.3,18.2,49.0,32.5,77.0,469.4,4.0,0.0,0.0,0.0,0.0,0.0,63.0,215.8,3.2,6.5,245.0,998.7,998.7,2.7,5.3
2024-06-27 11:10:00+02:00,30.7,31.7,32.7,18.3,48.0,32.7,77.0,471.6,4.0,0.0,0.0,0.0,0.0,0.0,63.0,215.8,4.3,7.9,296.0,998.7,998.7,2.7,5.3
2024-06-27 11:15:00+02:00,30.1,31.3,32.5,18.6,50.0,33.0,77.0,488.2,4.0,0.0,0.0,0.0,0.0,0.0,63.0,215.8,3.4,9.0,46.0,998.7,998.7,2.68,5.3
2024-06-27 11:20:00+02:00,30.7,31.8,33.2,18.5,48.0,33.2,76.0,489.8,4.0,0.0,0.0,0.0,0.0,0.0,63.0,215.8,2.4,11.9,239.0,998.6,998.6,2.68,5.3
2024-06-27 11:25:00+02:00,31.0,32.1,33.4,18.3,47.0,33.4,76.0,499.4,4.0,0.0,0.0,0.0,0.0,0.0,63.0,215.8,3.0,15.5,279.0,998.6,998.6,2.68,5.3
2024-06-27 11:30:00+02:00,30.8,32.0,33.4,18.6,48.0,33.6,76.0,504.9,4.0,0.0,0.0,0.0,0.0,0.0,63.0,215.8,2.2,15.5,122.0,998.5,998.5,2.68,5.3
2024-06-27 11:35:00+02:00,29.9,30.9,32.4,18.4,50.0,33.8,75.0,514.4,4.0,0.0,0.0,0.0,0.0,0.0,63.0,215.8,2.4,9.0,127.0,998.7,998.7,2.68,5.3
2024-06-27 11:40:00+02:00,30.5,31.2,32.6,17.8,47.0,34.1,75.0,518.2,4.0,0.0,0.0,0.0,0.0,0.0,63.0,215.8,2.8,8.3,268.0,998.6,998.6,2.68,5.3
2024-06-27 11:45:00+02:00,30.3,31.1,32.3,17.7,47.0,34.3,75.0,521.7,4.0,0.0,0.0,0.0,0.0,0.0,63.0,215.8,3.5,8.3,184.0,998.6,998.6,2.68,5.3
2024-06-27 11:50:00+02:00,30.9,31.7,32.9,17.8,46.0,34.4,75.0,521.9,4.0,0.0,0.0,0.0,0.0,0.0,63.0,215.8,3.9,9.0,249.0,998.7,998.7,2.68,5.3
2024-06-27 11:55:00+02:00,31.3,32.3,33.6,18.0,45.0,34.7,75.0,518.0,4.0,0.0,0.0,0.0,0.0,0.0,63.0,215.8,2.9,9.4,297.0,998.7,998.7,2.68,5.3
2024-06-27 12:00:00+02:00,32.1,33.1,34.6,18.1,44.0,34.8,74.0,540.5,5.0,0.0,0.0,0.0,0.0,0.0,63.0,215.8,1.9,6.5,239.0,998.5,998.5,2.68,5.3
2024-06-27 12:05:00+02:00,31.9,32.6,33.1,17.6,43.0,35.0,74.0,555.3,5.0,0.0,0.0,0.0,0.0,0.0,63.0,215.8,6.9,22.7,272.0,998.6,998.6,2.68,5.3
2024-06-27 12:10:00+02:00,30.5,31.0,31.9,17.3,45.0,35.2,74.0,567.6,5.0,0.0,0.0,0.0,0.0,0.0,63.0,215.8,5.8,16.6,260.0,998.6,998.6,2.68,5.3
2024-06-27 12:15:00+02:00,32.1,32.8,34.4,17.6,42.0,35.3,74.0,574.1,5.0,0.0,0.0,0.0,0.0,0.0,63.0,215.8,1.4,8.3,241.0,998.6,998.6,2.68,5.3
2024-06-27 12:20:00+02:00,32.3,33.3,34.6,18.2,43.0,35.6,73.0,566.4,5.0,0.0,0.0,0.0,0.0,0.0,63.0,215.8,3.0,10.1,265.0,998.6,998.6,2.68,5.3
2024-06-27 12:25:00+02:00,32.2,32.9,33.9,17.6,42.0,35.7,73.0,574.7,5.0,0.0,0.0,0.0,0.0,0.0,63.0,215.8,4.6,9.0,257.0,998.6,998.6,2.68,5.3
2024-06-27 12:30:00+02:00,31.1,31.7,32.3,17.4,44.0,35.9,73.0,559.4,5.0,0.0,0.0,0.0,0.0,0.0,63.0,215.8,6.6,16.2,272.0,998.4,998.4,2.68,5.3
2024-06-27 12:35:00+02:00,31.3,31.7,32.4,17.1,43.0,36.1,72.0,556.2,5.0,0.0,0.0,0.0,0.0,0.0,63.0,215.8,6.7,13.0,267.0,998.4,998.4,2.68,5.3
2024-06-27 12:40:00+02:00,31.1,31.8,33.2,17.6,45.0,36.2,72.0,611.4,5.0,0.0,0.0,0.0,0.0,0.0,63.0,215.8,2.9,11.5,202.0,998.4,998.4,2.68,5.3
2024-06-27 12:45:00+02:00,31.4,32.1,33.4,17.6,44.0,36.3,72.0,614.9,5.0,0.0,0.0,0.0,0.0,0.0,63.0,215.8,2.9,9.4,179.0,998.3,998.3,2.68,5.3
2024-06-27 12:55:00+02:00,31.8,31.9,33.2,16.5,40.0,36.5,72.0,598.0,5.0,0.0,0.0,0.0,0.0,0.0,63.0,215.8,4.3,7.2,242.0,998.5,998.5,2.68,5.3
2024-06-27 13:00:00+02:00,30.9,31.6,32.9,17.6,45.0,36.6,72.0,594.6,5.0,0.0,0.0,0.0,0.0,0.0,63.0,215.8,3.2,10.4,126.0,998.3,998.3,2.68,5.3
2024-06-27 13:05:00+02:00,31.4,31.7,33.0,16.8,42.0,36.7,72.0,629.5,5.0,0.0,0.0,0.0,0.0,0.0,63.0,215.8,3.3,10.1,220.0,998.2,998.2,2.68,5.3
2024-06-27 13:10:00+02:00,32.1,32.3,33.1,16.6,39.0,36.8,72.0,619.8,5.0,0.0,0.0,0.0,0.0,0.0,63.0,215.8,6.0,15.5,271.0,998.2,998.2,2.68,5.3
2024-06-27 13:15:00+02:00,32.4,33.0,34.0,17.4,41.0,36.8,72.0,631.8,5.0,0.0,0.0,0.0,0.0,0.0,63.0,215.8,4.6,12.6,235.0,998.1,998.1,2.68,5.3
2024-06-27 13:20:00+02:00,32.7,33.7,34.7,18.0,42.0,37.0,72.0,629.4,5.0,0.0,0.0,0.0,0.0,0.0,63.0,215.8,4.3,7.6,179.0,998.1,998.1,2.68,5.3
2024-06-27 13:25:00+02:00,31.2,31.8,32.5,17.3,43.0,37.1,71.0,314.1,2.0,0.0,0.0,0.0,0.0,0.0,63.0,215.8,6.2,9.4,146.0,998.2,998.2,2.68,5.3
2024-06-27 13:30:00+02:00,30.4,30.7,32.0,16.8,44.0,37.1,71.0,560.6,5.0,0.0,0.0,0.0,0.0,0.0,63.0,215.8,3.6,10.4,177.0,998.2,998.2,2.68,5.3
2024-06-27 13:35:00+02:00,30.7,31.2,32.3,17.1,44.0,37.2,72.0,340.0,3.0,0.0,0.0,0.0,0.0,0.0,63.0,215.8,4.4,7.9,247.0,998.2,998.2,2.68,5.3
2024-06-27 13:40:00+02:00,31.0,31.5,32.7,17.2,44.0,37.2,72.0,611.4,5.0,0.0,0.0,0.0,0.0,0.0,63.0,215.8,3.7,7.9,251.0,998.1,998.1,2.68,5.3
2024-06-27 13:45:00+02:00,30.7,31.2,32.3,17.3,45.0,37.2,73.0,259.5,2.0,0.0,0.0,0.0,0.0,0.0,63.0,215.8,4.8,10.8,270.0,998.3,998.3,2.68,5.3
2024-06-27 13:50:00+02:00,29.8,30.3,30.7,17.2,47.0,37.2,72.0,626.4,5.0,0.0,0.0,0.0,0.0,0.0,63.0,215.8,8.5,15.8,297.0,998.2,998.2,2.68,5.3
2024-06-27 13:55:00+02:00,29.9,30.5,32.2,17.5,47.0,37.2,73.0,544.3,5.0,0.0,0.0,0.0,0.0,0.0,63.0,215.8,1.9,7.6,185.0,998.3,998.3,2.7,5.3
2024-06-27 14:00:00+02:00,30.0,30.5,31.8,17.3,47.0,37.2,73.0,552.4,5.0,0.0,0.0,0.0,0.0,0.0,63.0,215.8,3.5,11.9,252.0,998.3,998.3,2.7,5.3
2024-06-27 14:05:00+02:00,30.3,30.8,31.9,17.3,46.0,37.1,74.0,574.9,5.0,0.0,0.0,0.0,0.0,0.0,63.0,215.8,4.2,9.7,259.0,998.3,998.3,2.7,5.3
2024-06-27 14:10:00+02:00,30.6,31.1,32.4,17.2,45.0,37.1,74.0,594.9,5.0,0.0,0.0,0.0,0.0,0.0,63.0,215.8,3.3,8.3,290.0,998.4,998.4,2.7,5.3
2024-06-27 14:15:00+02:00,30.9,31.4,32.8,17.3,44.0,37.1,74.0,627.9,5.0,0.0,0.0,0.0,0.0,0.0,63.0,215.8,3.0,8.3,214.0,998.4,998.4,2.7,5.3
2024-06-27 14:20:00+02:00,32.0,32.6,34.1,17.3,41.0,37.2,74.0,607.2,5.0,0.0,0.0,0.0,0.0,0.0,63.0,215.8,2.4,14.0,219.0,998.4,998.4,2.7,5.3
2024-06-27 14:25:00+02:00,32.5,33.4,34.4,17.7,41.0,37.2,74.0,624.9,5.0,0.0,0.0,0.0,0.0,0.0,63.0,215.8,4.2,19.1,143.0,998.4,998.4,2.68,5.3
2024-06-27 14:30:00+02:00,31.2,31.6,32.7,17.0,43.0,37.3,73.0,595.1,5.0,0.0,0.0,0.0,0.0,0.0,63.0,215.8,4.5,19.1,269.0,998.4,998.4,2.68,5.3
2024-06-27 14:35:00+02:00,32.0,32.7,33.8,17.4,42.0,37.4,74.0,617.4,5.0,0.0,0.0,0.0,0.0,0.0,63.0,215.8,4.0,11.5,211.0,998.4,998.4,2.68,5.3
2024-06-27 14:40:00+02:00,32.2,32.9,33.6,17.6,42.0,37.5,74.0,601.3,5.0,0.0,0.0,0.0,0.0,0.0,63.0,215.8,6.0,13.7,274.0,998.4,998.4,2.68,5.3
2024-06-27 14:45:00+02:00,31.8,32.5,33.9,17.6,43.0,37.5,74.0,643.2,5.0,0.0,0.0,0.0,0.0,0.0,63.0,215.8,2.5,10.1,268.0,998.4,998.4,2.68,5.3
2024-06-27 14:50:00+02:00,32.5,32.9,33.5,17.0,40.0,37.5,74.0,646.1,6.0,0.0,0.0,0.0,0.0,0.0,63.0,215.8,7.2,16.9,233.0,998.4,998.4,2.68,5.3
2024-06-27 14:55:00+02:00,32.2,32.7,32.9,17.1,41.0,37.5,74.0,629.0,5.0,0.0,0.0,0.0,0.0,0.0,63.0,215.8,8.7,14.4,257.0,998.6,998.6,2.68,5.3
2024-06-27 15:00:00+02:00,32.1,32.7,33.2,17.5,42.0,37.6,74.0,600.4,5.0,0.0,0.0,0.0,0.0,0.0,63.0,215.8,7.4,15.8,263.0,998.6,998.6,2.68,5.3
2024-06-27 15:05:00+02:00,31.1,31.6,32.3,17.2,43.0,37.6,75.0,589.9,5.0,0.0,0.0,0.0,0.0,0.0,63.0,215.8,6.3,16.9,262.0,998.6,998.6,2.68,5.3
2024-06-27 15:10:00+02:00,31.2,31.6,32.6,17.3,43.0,37.6,75.0,402.6,3.0,0.0,0.0,0.0,0.0,0.0,63.0,215.8,5.3,16.9,217.0,998.6,998.6,2.68,5.3
2024-06-27 15:15:00+02:00,31.1,31.8,32.1,17.6,45.0,37.6,75.0,615.8,5.0,0.0,0.0,0.0,0.0,0.0,63.0,215.8,8.5,18.4,269.0,998.5,998.5,2.68,5.3
2024-06-27 15:20:00+02:00,31.5,32.0,33.2,17.1,42.0,37.6,75.0,583.0,5.0,0.0,0.0,0.0,0.0,0.0,63.0,215.8,3.9,13.3,186.0,998.5,998.5,2.68,5.3
2024-06-27 15:25:00+02:00,32.0,32.6,33.7,17.4,42.0,37.6,75.0,279.2,2.0,0.0,0.0,0.0,0.0,0.0,63.0,215.8,4.2,9.4,237.0,998.6,998.6,2.68,5.3
2024-06-27 15:30:00+02:00,31.8,32.4,33.8,17.5,43.0,37.6,75.0,373.0,3.0,0.0,0.0,0.0,0.0,0.0,63.0,215.8,3.0,9.4,229.0,998.7,998.7,2.68,5.3
2024-06-27 15:35:00+02:00,31.3,31.8,33.1,17.3,43.0,37.5,76.0,406.3,3.0,0.0,0.0,0.0,0.0,0.0,63.0,215.8,3.3,10.4,240.0,998.7,998.7,2.68,5.3
2024-06-27 15:40:00+02:00,31.1,31.6,33.1,17.3,44.0,37.5,76.0,531.3,4.0,0.0,0.0,0.0,0.0,0.0,63.0,215.8,2.5,5.8,241.0,998.7,998.7,2.68,5.3
2024-06-27 15:45:00+02:00,30.9,31.4,32.3,17.3,44.0,37.5,76.0,591.0,5.0,0.0,0.0,0.0,0.0,0.0,63.0,215.8,5.6,11.5,278.0,998.7,998.7,2.68,5.3
2024-06-27 15:50:00+02:00,31.2,31.7,32.6,17.2,43.0,37.4,76.0,262.1,2.0,0.0,0.0,0.0,0.0,0.0,63.0,215.8,5.6,15.1,266.0,998.6,998.6,2.68,5.3
2024-06-27 15:55:00+02:00,30.6,30.9,32.3,16.7,43.0,37.4,76.0,159.2,1.0,0.0,0.0,0.0,0.0,0.0,63.0,215.8,2.6,12.6,259.0,998.7,998.7,2.68,5.3
2024-06-27 16:00:00+02:00,30.7,30.9,32.1,16.6,43.0,37.4,76.0,479.6,4.0,0.0,0.0,0.0,0.0,0.0,63.0,215.8,4.0,10.1,263.0,998.6,998.6,2.68,5.3
2024-06-27 16:05:00+02:00,31.2,31.3,31.9,16.4,41.0,37.3,76.0,494.6,4.0,0.0,0.0,0.0,0.0,0.0,63.0,215.8,7.0,13.7,263.0,998.6,998.6,2.7,5.3
2024-06-27 16:10:00+02:00,30.9,31.1,32.1,16.5,42.0,37.3,76.0,269.9,2.0,0.0,0.0,0.0,0.0,0.0,63.0,215.8,5.0,11.2,256.0,998.6,998.6,2.7,5.3
2024-06-27 16:15:00+02:00,30.9,31.2,32.5,16.7,43.0,37.3,77.0,516.3,4.0,0.0,0.0,0.0,0.0,0.0,63.0,215.8,3.6,10.1,270.0,998.6,998.6,2.7,5.3
2024-06-27 16:20:00+02:00,31.0,31.6,32.3,17.3,44.0,37.3,77.0,193.8,1.0,0.0,0.0,0.0,0.0,0.0,63.0,215.8,6.0,12.6,266.0,998.6,998.6,2.7,5.3
2024-06-27 16:25:00+02:00,30.3,30.6,31.7,17.0,45.0,37.2,77.0,171.3,1.0,0.0,0.0,0.0,0.0,0.0,63.0,215.8,4.8,9.0,281.0,998.6,998.6,2.7,5.3
2024-06-27 16:30:00+02:00,30.5,31.2,32.9,17.7,46.0,37.2,77.0,483.1,4.0,0.0,0.0,0.0,0.0,0.0,63.0,215.8,1.6,4.7,205.0,998.5,998.5,2.7,5.3
2024-06-27 16:35:00+02:00,31.0,31.6,32.5,17.3,44.0,37.2,77.0,477.8,4.0,0.0,0.0,0.0,0.0,0.0,63.0,215.8,5.3,16.6,242.0,998.5,998.5,2.7,5.3
2024-06-27 16:40:00+02:00,30.6,31.1,31.3,17.2,45.0,37.1,77.0,333.6,3.0,0.0,0.0,0.0,0.0,0.0,63.0,215.8,8.9,16.6,266.0,998.5,998.5,2.7,5.3
2024-06-27 16:45:00+02:00,30.3,30.8,31.9,17.1,45.0,37.1,77.0,434.9,4.0,0.0,0.0,0.0,0.0,0.0,63.0,215.8,4.5,13.7,259.0,998.5,998.5,2.7,5.3
2024-06-27 16:50:00+02:00,30.8,31.3,32.7,17.1,44.0,37.1,77.0,413.5,3.0,0.0,0.0,0.0,0.0,0.0,63.0,215.8,3.0,9.0,208.0,998.6,998.6,2.7,5.3
2024-06-27 16:55:00+02:00,31.5,31.9,32.5,17.1,42.0,37.0,77.0,419.1,3.0,0.0,0.0,0.0,0.0,0.0,63.0,215.8,7.2,10.4,275.0,998.6,998.6,2.7,5.3
2024-06-27 17:00:00+02:00,30.8,31.1,32.5,16.8,43.0,37.0,77.0,251.1,2.0,0.0,0.0,0.0,0.0,0.0,63.0,215.8,3.2,15.5,230.0,998.6,998.6,2.7,5.3
2024-06-27 17:05:00+02:00,30.5,30.7,31.7,16.6,43.0,37.0,78.0,182.6,1.0,0.0,0.0,0.0,0.0,0.0,63.0,215.8,5.1,9.0,285.0,998.7,998.7,2.7,5.3
2024-06-27 17:10:00+02:00,30.2,30.5,31.7,16.6,44.0,37.0,78.0,360.5,3.0,0.0,0.0,0.0,0.0,0.0,63.0,215.8,3.8,13.7,258.0,998.7,998.7,2.7,5.3
2024-06-27 17:15:00+02:00,30.1,30.1,31.1,15.9,42.0,36.9,78.0,171.7,1.0,0.0,0.0,0.0,0.0,0.0,63.0,215.8,4.9,13.7,261.0,998.6,998.6,2.7,5.3
2024-06-27 17:20:00+02:00,29.5,29.6,30.4,15.9,44.0,36.9,78.0,387.1,3.0,0.0,0.0,0.0,0.0,0.0,63.0,215.8,5.8,15.5,316.0,998.6,998.6,2.7,5.3
2024-06-27 17:25:00+02:00,30.3,30.3,31.5,15.8,42.0,36.8,78.0,396.6,3.0,0.0,0.0,0.0,0.0,0.0,63.0,215.8,3.6,12.6,300.0,998.5,998.5,2.7,5.3
2024-06-27 17:30:00+02:00,30.6,30.5,31.4,15.8,41.0,36.8,78.0,352.9,3.0,0.0,0.0,0.0,0.0,0.0,63.0,215.8,5.4,16.6,259.0,998.4,998.4,2.7,5.3
2024-06-27 17:35:00+02:00,30.6,30.5,31.3,15.7,41.0,36.8,78.0,363.0,3.0,0.0,0.0,0.0,0.0,0.0,63.0,215.8,6.1,11.2,281.0,998.4,998.4,2.7,5.3
2024-06-27 17:40:00+02:00,30.8,30.8,31.7,16.0,41.0,36.7,78.0,352.7,3.0,0.0,0.0,0.0,0.0,0.0,63.0,215.8,5.5,20.2,289.0,998.4,998.4,2.7,5.3
2024-06-27 17:45:00+02:00,30.9,30.7,32.1,15.6,40.0,36.7,78.0,332.0,3.0,0.0,0.0,0.0,0.0,0.0,63.0,215.8,3.3,20.2,146.0,998.3,998.3,2.7,5.3
2024-06-27 17:50:00+02:00,31.0,30.9,32.3,15.8,40.0,36.7,78.0,291.9,2.0,0.0,0.0,0.0,0.0,0.0,63.0,215.8,3.2,12.2,264.0,998.5,998.5,2.7,5.3
2024-06-27 17:55:00+02:00,31.1,30.9,31.9,15.7,39.0,36.6,78.0,299.4,2.0,0.0,0.0,0.0,0.0,0.0,63.0,215.8,5.4,12.2,272.0,998.6,998.6,2.7,5.3
2024-06-27 18:00:00+02:00,30.7,30.4,31.4,15.0,39.0,36.5,78.0,295.3,2.0,0.0,0.0,0.0,0.0,0.0,63.0,215.8,5.0,15.5,262.0,998.5,998.5,2.7,5.3
2024-06-27 18:05:00+02:00,31.3,31.0,32.4,15.2,38.0,36.5,78.0,288.6,2.0,0.0,0.0,0.0,0.0,0.0,63.0,215.8,3.0,7.6,269.0,998.6,998.6,2.7,5.3
2024-06-27 18:10:00+02:00,31.4,31.2,32.9,15.5,38.0,36.4,78.0,282.1,2.0,0.0,0.0,0.0,0.0,0.0,63.0,215.8,1.7,7.2,267.0,998.5,998.5,2.7,5.3
2024-06-27 18:15:00+02:00,31.6,31.5,33.0,15.8,38.0,36.3,78.0,253.2,2.0,0.0,0.0,0.0,0.0,0.0,63.0,215.8,3.0,7.6,153.0,998.4,998.4,2.7,5.3
2024-06-27 18:20:00+02:00,30.7,30.4,31.1,15.3,39.0,36.3,78.0,128.8,1.0,0.0,0.0,0.0,0.0,0.0,63.0,215.8,6.6,13.3,265.0,998.5,998.5,2.7,5.3
2024-06-27 18:25:00+02:00,29.9,29.7,30.4,15.3,41.0,36.2,78.0,94.1,0.0,0.0,0.0,0.0,0.0,0.0,63.0,215.8,6.2,15.1,282.0,998.3,998.3,2.7,5.3
2024-06-27 18:30:00+02:00,29.5,29.4,30.5,15.2,42.0,36.2,78.0,89.6,0.0,0.0,0.0,0.0,0.0,0.0,63.0,215.8,3.8,15.1,282.0,998.3,998.3,2.7,5.3
2024-06-27 18:35:00+02:00,29.5,29.3,30.3,14.9,41.0,36.1,78.0,95.9,0.0,0.0,0.0,0.0,0.0,0.0,63.0,215.8,4.0,9.7,323.0,998.3,998.3,2.7,5.3
2024-06-27 18:40:00+02:00,29.5,29.3,30.1,15.1,42.0,36.0,78.0,97.2,0.0,0.0,0.0,0.0,0.0,0.0,63.0,215.8,5.3,14.4,223.0,998.3,998.3,2.7,5.3
2024-06-27 18:45:00+02:00,29.6,29.4,30.4,15.1,41.0,35.9,78.0,92.9,0.0,0.0,0.0,0.0,0.0,0.0,63.0,215.8,4.5,9.7,248.0,998.2,998.2,2.7,5.3
2024-06-27 18:50:00+02:00,29.7,29.4,30.7,14.8,40.0,35.9,78.0,160.1,1.0,0.0,0.0,0.0,0.0,0.0,63.0,215.8,3.2,9.7,239.0,998.3,998.3,2.7,5.3
2024-06-27 18:55:00+02:00,29.9,29.6,30.7,14.8,40.0,35.8,78.0,171.0,1.0,0.0,0.0,0.0,0.0,0.0,63.0,215.8,4.0,7.2,264.0,998.3,998.3,2.7,5.3
2024-06-27 19:00:00+02:00,29.8,29.6,31.3,14.9,40.0,35.8,79.0,123.8,1.0,0.0,0.0,0.0,0.0,0.0,63.0,215.8,1.1,5.8,289.0,998.3,998.3,2.7,5.3
2024-06-27 19:05:00+02:00,29.8,29.6,31.0,15.2,41.0,35.7,79.0,98.3,0.0,0.0,0.0,0.0,0.0,0.0,63.0,215.8,2.6,7.9,263.0,998.2,998.2,2.7,5.3
2024-06-27 19:10:00+02:00,29.4,29.2,30.3,15.0,42.0,35.6,79.0,94.8,0.0,0.0,0.0,0.0,0.0,0.0,63.0,215.8,3.8,10.1,282.0,998.1,998.1,2.7,5.3
2024-06-27 19:15:00+02:00,29.3,29.1,30.1,15.0,42.0,35.6,79.0,83.3,0.0,0.0,0.0,0.0,0.0,0.0,63.0,215.8,4.5,10.8,263.0,998.2,998.2,2.7,5.3
2024-06-27 19:20:00+02:00,29.2,29.0,30.3,15.2,43.0,35.5,79.0,74.6,0.0,0.0,0.0,0.0,0.0,0.0,63.0,215.8,2.8,9.4,286.0,998.3,998.3,2.7,5.3
2024-06-27 19:25:00+02:00,29.1,29.1,30.5,15.6,44.0,35.4,79.0,74.1,0.0,0.0,0.0,0.0,0.0,0.0,63.0,215.8,1.9,3.6,189.0,998.2,998.2,2.7,5.3
2024-06-27 19:30:00+02:00,28.8,28.7,30.3,15.1,43.0,35.4,79.0,64.1,0.0,0.0,0.0,0.0,0.0,0.0,63.0,215.8,0.9,3.2,297.0,998.2,998.2,2.7,5.3
2024-06-27 19:35:00+02:00,28.8,28.6,29.7,14.7,42.0,35.3,79.0,61.9,0.0,0.0,0.0,0.0,0.0,0.0,63.0,215.8,3.0,7.2,297.0,998.2,998.2,2.7,5.3
2024-06-27 19:40:00+02:00,28.7,28.8,30.5,15.9,46.0,35.2,79.0,61.9,0.0,0.0,0.0,0.0,0.0,0.0,63.0,215.8,0.4,4.0,153.0,998.1,998.1,2.7,5.3
2024-06-27 19:45:00+02:00,28.3,28.4,30.0,15.5,46.0,35.2,79.0,59.4,0.0,0.0,0.0,0.0,0.0,0.0,63.0,215.8,0.9,2.9,207.0,998.2,998.2,2.7,5.3
2024-06-27 19:50:00+02:00,28.3,28.4,30.0,15.4,45.0,35.1,79.0,52.4,0.0,0.0,0.0,0.0,0.0,0.0,63.0,215.8,0.4,3.2,98.0,998.2,998.2,2.7,5.3
2024-06-27 19:55:00+02:00,28.2,28.3,29.4,15.6,47.0,35.1,79.0,42.4,0.0,0.0,0.0,0.0,0.0,0.0,63.0,215.8,2.9,8.3,138.0,998.2,998.2,2.7,5.3
2024-06-27 20:00:00+02:00,28.1,28.2,29.0,15.3,46.0,35.0,79.0,37.6,0.0,0.0,0.0,0.0,0.0,0.0,63.0,215.8,3.9,8.3,143.0,998.2,998.2,2.7,5.3
2024-06-27 20:05:00+02:00,27.9,28.0,28.7,15.3,46.0,34.9,79.0,31.0,0.0,0.0,0.0,0.0,0.0,0.0,63.0,215.8,4.7,8.3,138.0,998.1,998.1,2.7,5.3
2024-06-27 20:10:00+02:00,27.9,28.0,28.8,15.1,46.0,34.8,79.0,34.9,0.0,0.0,0.0,0.0,0.0,0.0,63.0,215.8,3.6,6.1,152.0,998.0,998.0,2.7,5.3
2024-06-27 20:15:00+02:00,27.7,27.9,29.3,15.3,47.0,34.7,79.0,39.1,0.0,0.0,0.0,0.0,0.0,0.0,63.0,215.8,1.0,5.8,162.0,998.1,998.1,2.7,5.3
2024-06-27 20:20:00+02:00,27.7,27.9,28.8,15.1,46.0,34.6,79.0,38.9,0.0,0.0,0.0,0.0,0.0,0.0,63.0,215.8,3.0,5.4,122.0,998.0,998.0,2.7,5.3
2024-06-27 20:25:00+02:00,27.9,28.0,28.9,15.2,46.0,34.5,79.0,35.4,0.0,0.0,0.0,0.0,0.0,0.0,63.0,215.8,3.5,9.4,114.0,998.1,998.1,2.7,5.2
2024-06-27 20:30:00+02:00,27.7,27.9,29.1,15.2,46.0,34.5,79.0,32.0,0.0,0.0,0.0,0.0,0.0,0.0,63.0,215.8,1.8,4.0,128.0,998.1,998.1,2.7,5.2
2024-06-27 20:35:00+02:00,27.7,27.8,29.0,15.2,46.0,34.4,79.0,23.4,0.0,0.0,0.0,0.0,0.0,0.0,63.0,215.8,1.9,4.0,128.0,998.1,998.1,2.7,5.2
2024-06-27 20:40:00+02:00,27.4,27.6,28.7,15.4,48.0,34.3,79.0,17.0,0.0,0.0,0.0,0.0,0.0,0.0,63.0,215.8,1.9,4.0,141.0,998.2,998.2,2.7,5.2
2024-06-27 20:45:00+02:00,27.1,27.4,28.5,15.4,49.0,34.2,79.0,15.1,0.0,0.0,0.0,0.0,0.0,0.0,63.0,215.8,1.6,4.0,159.0,998.2,998.2,2.7,5.2
2024-06-27 20:50:00+02:00,26.7,27.2,28.5,15.7,51.0,34.1,79.0,15.6,0.0,0.0,0.0,0.0,0.0,0.0,63.0,215.8,0.7,2.2,231.0,998.1,998.1,2.7,5.2
2024-06-27 20:55:00+02:00,26.5,26.5,28.4,15.7,52.0,34.0,79.0,16.5,0.0,0.0,0.0,0.0,0.0,0.0,63.0,215.8,0.0,0.0,211.0,998.5,998.5,2.7,5.2
2024-06-27 21:00:00+02:00,26.2,26.2,28.2,16.1,54.0,33.9,79.0,17.6,0.0,0.0,0.0,0.0,0.0,0.0,63.0,215.8,0.0,1.8,197.0,998.3,998.3,2.7,5.2
2024-06-27 21:05:00+02:00,25.9,25.9,28.0,16.3,55.0,33.8,79.0,14.0,0.0,0.0,0.0,0.0,0.0,0.0,63.0,215.8,0.0,2.2,156.0,998.4,998.4,2.7,5.2
2024-06-27 21:10:00+02:00,25.7,25.7,27.5,16.0,55.0,33.7,79.0,11.0,0.0,0.0,0.0,0.0,0.0,0.0,63.0,215.8,0.9,2.5,151.0,998.4,998.4,2.7,5.2
2024-06-27 21:15:00+02:00,25.6,25.6,27.3,16.1,56.0,33.6,79.0,10.3,0.0,0.0,0.0,0.0,0.0,0.0,63.0,215.8,1.3,2.9,135.0,998.4,998.4,2.7,5.2
2024-06-27 21:20:00+02:00,25.3,25.3,27.3,16.5,58.0,33.5,79.0,9.4,0.0,0.0,0.0,0.0,0.0,0.0,63.0,215.8,1.3,2.9,128.0,998.5,998.5,2.7,5.2
2024-06-27 21:25:00+02:00,25.1,25.1,27.3,17.2,62.0,33.4,79.0,8.5,0.0,0.0,0.0,0.0,0.0,0.0,63.0,215.8,1.3,2.9,138.0,998.6,998.6,2.7,5.2
2024-06-27 21:30:00+02:00,24.8,24.8,27.0,16.8,61.0,33.3,79.0,6.6,0.0,0.0,0.0,0.0,0.0,0.0,63.0,215.8,0.4,2.2,155.0,998.7,998.7,2.7,5.2
2024-06-27 21:35:00+02:00,24.8,24.8,27.1,16.6,60.0,33.2,79.0,5.1,0.0,0.0,0.0,0.0,0.0,0.0,63.0,215.8,0.0,1.8,166.0,998.7,998.7,2.7,5.2
2024-06-27 21:40:00+02:00,24.9,24.9,27.1,16.9,61.0,33.1,79.0,4.2,0.0,0.0,0.0,0.0,0.0,0.0,63.0,215.8,0.9,2.2,128.0,998.8,998.8,2.7,5.2
2024-06-27 21:45:00+02:00,24.7,24.7,26.9,17.1,63.0,33.0,79.0,2.7,0.0,0.0,0.0,0.0,0.0,0.0,63.0,215.8,0.9,2.9,135.0,998.8,998.8,2.7,5.2
2024-06-27 21:50:00+02:00,24.6,24.6,26.9,17.0,63.0,32.8,79.0,1.7,0.0,0.0,0.0,0.0,0.0,0.0,63.0,215.8,0.4,2.9,138.0,998.9,998.9,2.7,5.2
2024-06-27 21:55:00+02:00,24.4,24.4,26.8,17.0,63.0,32.8,79.0,1.3,0.0,0.0,0.0,0.0,0.0,0.0,63.0,215.8,0.0,2.2,135.0,998.8,998.8,2.7,5.2
2024-06-27 22:00:00+02:00,24.3,24.3,26.8,17.2,65.0,32.7,79.0,0.9,0.0,0.0,0.0,0.0,0.0,0.0,63.0,215.8,0.0,0.0,187.0,998.9,998.9,2.7,5.2
2024-06-27 22:05:00+02:00,24.1,24.1,26.5,17.4,66.0,32.6,79.0,0.6,0.0,0.0,0.0,0.0,0.0,0.0,63.0,215.8,0.5,3.2,139.0,998.9,998.9,2.7,5.2
2024-06-27 22:10:00+02:00,24.0,24.0,26.3,17.2,66.0,32.5,79.0,0.4,0.0,0.0,0.0,0.0,0.0,0.0,63.0,215.8,0.9,2.9,120.0,999.0,999.0,2.7,5.2
2024-06-27 22:15:00+02:00,24.0,24.0,26.4,17.1,65.0,32.3,79.0,0.2,0.0,0.0,0.0,0.0,0.0,0.0,63.0,215.8,0.4,2.5,134.0,999.0,999.0,2.7,5.2
2024-06-27 22:20:00+02:00,23.8,23.8,26.3,17.3,67.0,32.2,79.0,0.1,0.0,0.0,0.0,0.0,0.0,0.0,63.0,215.8,0.4,3.2,127.0,999.1,999.1,2.7,5.2
2024-06-27 22:25:00+02:00,23.7,23.7,26.1,17.7,69.0,32.2,79.0,0.0,0.0,0.0,0.0,0.0,0.0,0.0,63.0,215.8,1.4,2.9,133.0,999.2,999.2,2.7,5.1
2024-06-27 22:30:00+02:00,23.6,23.6,26.0,17.5,69.0,32.0,79.0,0.0,0.0,0.0,0.0,0.0,0.0,0.0,63.0,215.8,1.1,3.2,122.0,999.1,999.1,2.7,5.1
2024-06-27 22:35:00+02:00,23.8,23.8,25.9,17.0,66.0,31.9,79.0,0.0,0.0,0.0,0.0,0.0,0.0,0.0,63.0,215.8,1.5,4.7,146.0,999.1,999.1,2.7,5.1
2024-06-27 22:40:00+02:00,24.6,24.6,26.1,16.7,61.0,31.8,79.0,0.0,0.0,0.0,0.0,0.0,0.0,0.0,63.0,215.8,3.8,6.5,145.0,999.2,999.2,2.7,5.1
2024-06-27 22:45:00+02:00,25.4,25.4,25.4,16.6,58.0,31.7,79.0,0.0,0.0,0.0,0.0,0.0,0.0,0.0,63.0,215.8,11.3,25.2,139.0,999.3,999.3,2.7,5.1
2024-06-27 22:50:00+02:00,25.7,25.7,25.5,17.5,61.0,31.6,79.0,0.0,0.0,0.6,0.1,0.1,0.1,0.1,63.1,215.9,14.2,28.1,137.0,999.5,999.5,2.7,5.1
2024-06-27 22:55:00+02:00,23.9,23.9,24.8,18.3,71.0,31.5,79.0,0.0,0.0,1.2,0.2,0.2,0.2,0.2,63.2,216.0,10.1,26.6,136.0,999.6,999.6,2.7,5.1
2024-06-27 23:00:00+02:00,23.7,23.7,24.2,18.3,72.0,31.4,79.0,0.0,0.0,1.8,0.4,0.4,0.4,0.4,63.4,216.2,12.6,24.1,135.0,999.5,999.5,2.7,5.1
2024-06-27 23:05:00+02:00,22.3,22.3,23.5,18.7,80.0,31.3,78.0,0.0,0.0,1.2,0.4,0.4,0.4,0.4,63.4,216.2,10.0,22.3,128.0,999.5,999.5,2.7,5.1
2024-06-27 23:10:00+02:00,21.8,21.8,24.1,18.7,82.0,31.2,78.0,0.0,0.0,1.2,0.4,0.4,0.4,0.4,63.4,216.2,4.2,10.4,144.0,999.7,999.7,2.7,5.1
2024-06-27 23:15:00+02:00,21.6,21.6,23.7,18.7,84.0,31.0,78.0,0.0,0.0,0.0,0.4,0.4,0.4,0.4,63.4,216.2,5.2,11.5,140.0,999.7,999.7,2.7,5.1
2024-06-27 23:20:00+02:00,21.6,21.6,23.9,18.7,84.0,30.9,78.0,0.0,0.0,0.0,0.4,0.4,0.4,0.4,63.4,216.2,4.2,11.5,132.0,999.6,999.6,2.7,5.1
2024-06-27 23:25:00+02:00,21.6,21.6,24.2,18.8,84.0,30.7,78.0,0.0,0.0,0.0,0.4,0.4,0.4,0.4,63.4,216.2,2.7,6.5,149.0,999.6,999.6,2.7,5.0
2024-06-27 23:30:00+02:00,21.4,21.4,24.1,18.7,85.0,30.7,78.0,0.0,0.0,0.0,0.4,0.4,0.4,0.4,63.4,216.2,2.2,5.8,144.0,999.7,999.7,2.7,5.0
2024-06-27 23:35:00+02:00,21.5,21.5,24.1,18.7,84.0,30.5,78.0,0.0,0.0,0.0,0.4,0.4,0.4,0.4,63.4,216.2,2.3,7.2,132.0,999.8,999.8,2.7,5.0
2024-06-27 23:40:00+02:00,21.7,21.7,23.9,18.8,83.0,30.4,78.0,0.0,0.0,0.0,0.4,0.4,0.4,0.4,63.4,216.2,5.0,10.4,177.0,1000.1,1000.1,2.7,5.0
2024-06-27 23:45:00+02:00,21.8,21.8,24.5,18.8,83.0,30.3,78.0,0.0,0.0,0.0,0.4,0.4,0.4,0.4,63.4,216.2,2.4,7.9,159.0,1000.2,1000.2,2.7,5.0
2024-06-27 23:50:00+02:00,21.8,21.8,24.4,18.7,83.0,30.2,78.0,0.0,0.0,0.0,0.4,0.4,0.2,0.4,63.4,216.2,2.4,5.4,130.0,1000.1,1000.1,2.7,5.0
2024-06-27 23:55:00+02:00,21.6,21.6,24.1,18.7,83.0,30.1,78.0,0.0,0.0,0.0,0.4,0.4,0.2,0.4,63.4,216.2,2.9,4.7,124.0,1000.3,1000.3,2.7,5.0
2024-06-28 00:00:00+02:00,21.6,21.6,24.2,18.7,83.0,30.0,78.0,0.0,0.0,0.0,0.0,0.4,0.0,0.4,63.4,216.2,2.7,6.5,166.0,1000.3,1000.3,2.7,5.0
2024-06-28 00:05:00+02:00,21.8,21.8,24.7,18.6,82.0,29.9,78.0,0.0,0.0,0.0,0.0,0.4,0.0,0.4,63.4,216.2,1.0,4.7,160.0,1000.3,1000.3,2.7,5.0
2024-06-28 00:10:00+02:00,21.9,21.9,24.8,18.7,82.0,29.8,78.0,0.0,0.0,0.0,0.0,0.4,0.0,0.4,63.4,216.2,1.0,7.9,343.0,1000.3,1000.3,2.7,5.0
2024-06-28 00:15:00+02:00,21.9,21.9,24.7,18.7,82.0,29.7,78.0,0.0,0.0,0.0,0.0,0.4,0.0,0.4,63.4,216.2,1.2,7.2,231.0,1000.6,1000.6,2.7,5.0
2024-06-28 00:20:00+02:00,21.8,21.8,24.0,18.5,82.0,29.6,78.0,0.0,0.0,0.0,0.0,0.4,0.0,0.4,63.4,216.2,4.0,6.1,229.0,1000.8,1000.8,2.7,5.0
2024-06-28 00:25:00+02:00,21.8,21.8,24.1,18.3,80.0,29.5,79.0,0.0,0.0,0.0,0.0,0.4,0.0,0.4,63.4,216.2,3.1,7.2,262.0,1000.8,1000.8,2.7,5.0
2024-06-28 00:30:00+02:00,21.7,21.7,23.7,17.5,77.0,29.4,79.0,0.0,0.0,0.0,0.0,0.4,0.0,0.4,63.4,216.2,2.7,16.6,283.0,1000.8,1000.8,2.7,5.0
2024-06-28 00:35:00+02:00,21.6,21.6,23.4,17.2,76.0,29.3,79.0,0.0,0.0,0.0,0.0,0.4,0.0,0.4,63.4,216.2,3.5,8.6,149.0,1000.8,1000.8,2.7,5.0
2024-06-28 00:40:00+02:00,21.5,21.5,23.3,16.9,75.0,29.3,79.0,0.0,0.0,0.0,0.0,0.4,0.0,0.4,63.4,216.2,2.7,9.7,264.0,1000.8,1000.8,2.7,5.0
2024-06-28 00:45:00+02:00,21.3,21.3,23.4,16.7,75.0,29.2,79.0,0.0,0.0,0.0,0.0,0.4,0.0,0.4,63.4,216.2,1.0,9.7,157.0,1000.9,1000.9,2.7,5.0
2024-06-28 00:50:00+02:00,21.2,21.2,22.4,16.4,74.0,29.1,79.0,0.0,0.0,0.0,0.0,0.4,0.0,0.4,63.4,216.2,4.8,10.8,272.0,1001.1,1001.1,2.7,5.0
2024-06-28 00:55:00+02:00,21.0,21.0,22.4,16.2,74.0,29.0,79.0,0.0,0.0,0.0,0.0,0.4,0.0,0.4,63.4,216.2,3.7,7.6,224.0,1000.9,1000.9,2.7,5.0
2024-06-28 01:00:00+02:00,21.0,21.0,22.6,16.0,73.0,28.9,79.0,0.0,0.0,0.0,0.0,0.0,0.0,0.4,63.4,216.2,2.0,10.1,248.0,1001.1,1001.1,2.7,5.0
2024-06-28 01:05:00+02:00,20.9,20.9,22.4,16.0,73.0,28.8,79.0,0.0,0.0,0.0,0.0,0.0,0.0,0.4,63.4,216.2,2.4,10.1,264.0,1001.0,1001.0,2.7,5.0
2024-06-28 01:10:00+02:00,20.8,20.8,22.5,15.8,73.0,28.8,79.0,0.0,0.0,0.0,0.0,0.0,0.0,0.4,63.4,216.2,1.1,3.6,302.0,1001.1,1001.1,2.7,5.0
2024-06-28 01:15:00+02:00,20.8,20.8,22.2,15.6,72.0,28.7,79.0,0.0,0.0,0.0,0.0,0.0,0.0,0.4,63.4,216.2,2.4,7.2,124.0,1001.2,1001.2,2.7,4.9
2024-06-28 01:20:00+02:00,20.8,20.8,21.7,15.5,72.0,28.6,79.0,0.0,0.0,0.0,0.0,0.0,0.0,0.4,63.4,216.2,4.6,9.0,269.0,1001.1,1001.1,2.7,4.9
2024-06-28 01:25:00+02:00,20.7,20.7,22.0,15.4,72.0,28.5,79.0,0.0,0.0,0.0,0.0,0.0,0.0,0.4,63.4,216.2,1.9,8.6,283.0,1001.2,1001.2,2.7,4.9
2024-06-28 01:30:00+02:00,20.5,20.5,21.9,15.4,72.0,28.4,79.0,0.0,0.0,0.0,0.0,0.0,0.0,0.4,63.4,216.2,1.7,5.0,264.0,1001.2,1001.2,2.7,4.9
2024-06-28 01:35:00+02:00,20.4,20.4,22.0,15.3,72.0,28.3,79.0,0.0,0.0,0.0,0.0,0.0,0.0,0.4,63.4,216.2,0.4,3.6,104.0,1001.2,1001.2,2.7,4.9
2024-06-28 01:40:00+02:00,20.3,20.3,21.7,15.3,73.0,28.3,79.0,0.0,0.0,0.0,0.0,0.0,0.0,0.4,63.4,216.2,1.9,4.7,265.0,1001.1,1001.1,2.7,4.9
2024-06-28 01:45:00+02:00,20.3,20.3,21.8,15.3,73.0,28.2,79.0,0.0,0.0,0.0,0.0,0.0,0.0,0.4,63.4,216.2,1.0,4.0,250.0,1001.3,1001.3,2.7,4.9
2024-06-28 01:50:00+02:00,20.2,20.2,21.8,15.3,73.0,28.1,79.0,0.0,0.0,0.0,0.0,0.0,0.0,0.4,63.4,216.2,0.7,4.0,129.0,1001.2,1001.2,2.7,4.9
2024-06-28 01:55:00+02:00,20.2,20.2,21.8,15.3,73.0,28.0,79.0,0.0,0.0,0.0,0.0,0.0,0.0,0.4,63.4,216.2,0.7,4.0,152.0,1001.2,1001.2,2.7,4.9
2024-06-28 02:00:00+02:00,20.2,20.2,21.7,15.3,74.0,28.0,80.0,0.0,0.0,0.0,0.0,0.0,0.0,0.4,63.4,216.2,0.6,2.5,110.0,1001.3,1001.3,2.7,4.9
2024-06-28 02:05:00+02:00,20.0,20.0,21.4,15.2,74.0,27.9,80.0,0.0,0.0,0.0,0.0,0.0,0.0,0.4,63.4,216.2,1.4,4.3,217.0,1001.4,1001.4,2.7,4.9
2024-06-28 02:10:00+02:00,20.0,20.0,21.7,15.3,74.0,27.8,80.0,0.0,0.0,0.0,0.0,0.0,0.0,0.4,63.4,216.2,0.4,4.3,218.0,1001.5,1001.5,2.7,4.9
2024-06-28 02:15:00+02:00,19.9,19.9,21.4,15.2,74.0,27.8,80.0,0.0,0.0,0.0,0.0,0.0,0.0,0.4,63.4,216.2,1.1,5.4,282.0,1001.4,1001.4,2.7,4.9
2024-06-28 02:20:00+02:00,19.8,19.8,21.4,15.2,74.0,27.7,80.0,0.0,0.0,0.0,0.0,0.0,0.0,0.4,63.4,216.2,0.7,5.4,233.0,1001.4,1001.4,2.7,4.9
2024-06-28 02:25:00+02:00,19.7,19.7,21.2,15.2,75.0,27.7,80.0,0.0,0.0,0.0,0.0,0.0,0.0,0.4,63.4,216.2,0.9,5.0,158.0,1001.6,1001.6,2.7,4.9
2024-06-28 02:30:00+02:00,19.7,19.7,21.2,15.2,75.0,27.6,80.0,0.0,0.0,0.0,0.0,0.0,0.0,0.4,63.4,216.2,1.1,5.0,155.0,1001.5,1001.5,2.7,4.9
2024-06-28 02:35:00+02:00,19.7,19.7,21.3,15.3,76.0,27.5,80.0,0.0,0.0,0.0,0.0,0.0,0.0,0.4,63.4,216.2,0.6,3.2,50.0,1001.7,1001.7,2.7,4.9
2024-06-28 02:40:00+02:00,19.5,19.5,21.2,15.2,76.0,27.4,80.0,0.0,0.0,0.0,0.0,0.0,0.0,0.4,63.4,216.2,0.0,1.8,62.0,1001.8,1001.8,2.7,4.9
2024-06-28 02:45:00+02:00,19.4,19.4,21.0,15.3,77.0,27.3,80.0,0.0,0.0,0.0,0.0,0.0,0.0,0.4,63.4,216.2,0.6,3.2,335.0,1001.7,1001.7,2.7,4.9
2024-06-28 02:50:00+02:00,19.3,19.3,20.8,15.3,78.0,27.3,80.0,0.0,0.0,0.0,0.0,0.0,0.0,0.4,63.4,216.2,1.1,4.3,139.0,1001.6,1001.6,2.7,4.9
2024-06-28 02:55:00+02:00,19.2,19.2,20.7,15.3,78.0,27.2,80.0,0.0,0.0,0.0,0.0,0.0,0.0,0.4,63.4,216.2,0.9,4.3,275.0,1001.7,1001.7,2.7,4.8
2024-06-28 03:00:00+02:00,19.1,19.1,20.6,15.2,78.0,27.2,80.0,0.0,0.0,0.0,0.0,0.0,0.0,0.4,63.4,216.2,1.2,3.2,59.0,1001.9,1001.9,2.7,4.8
2024-06-28 03:05:00+02:00,19.1,19.1,20.8,15.3,79.0,27.1,80.0,0.0,0.0,0.0,0.0,0.0,0.0,0.4,63.4,216.2,0.0,6.1,195.0,1001.8,1001.8,2.7,4.8
2024-06-28 03:10:00+02:00,19.0,19.0,20.7,15.1,78.0,27.0,80.0,0.0,0.0,0.0,0.0,0.0,0.0,0.4,63.4,216.2,0.0,3.6,223.0,1002.0,1002.0,2.7,4.8
2024-06-28 03:15:00+02:00,18.9,18.9,20.3,15.0,78.0,27.0,80.0,0.0,0.0,0.0,0.0,0.0,0.0,0.4,63.4,216.2,1.2,3.6,244.0,1001.9,1001.9,2.7,4.8
2024-06-28 03:20:00+02:00,18.9,18.9,20.3,15.1,78.0,26.9,80.0,0.0,0.0,0.0,0.0,0.0,0.0,0.4,63.4,216.2,1.6,6.1,130.0,1001.9,1001.9,2.7,4.8
2024-06-28 03:25:00+02:00,19.1,19.1,19.9,15.0,77.0,26.8,80.0,0.0,0.0,0.0,0.0,0.0,0.0,0.4,63.4,216.2,4.0,16.6,182.0,1001.8,1001.8,2.7,4.8
2024-06-28 03:30:00+02:00,19.0,19.0,20.6,15.0,77.0,26.7,80.0,0.0,0.0,0.0,0.0,0.0,0.0,0.4,63.4,216.2,0.0,2.9,76.0,1001.8,1001.8,2.7,4.8
2024-06-28 03:35:00+02:00,18.8,18.8,20.0,14.9,78.0,26.7,80.0,0.0,0.0,0.0,0.0,0.0,0.0,0.4,63.4,216.2,1.9,5.4,132.0,1001.8,1001.8,2.7,4.8
2024-06-28 03:40:00+02:00,18.7,18.7,19.9,15.0,79.0,26.6,80.0,0.0,0.0,0.0,0.0,0.0,0.0,0.4,63.4,216.2,2.0,4.7,128.0,1001.9,1001.9,2.7,4.8
2024-06-28 03:45:00+02:00,18.6,18.6,19.9,14.9,79.0,26.5,80.0,0.0,0.0,0.0,0.0,0.0,0.0,0.4,63.4,216.2,1.2,2.9,101.0,1001.9,1001.9,2.7,4.8
2024-06-28 03:50:00+02:00,18.5,18.5,19.6,14.8,79.0,26.4,80.0,0.0,0.0,0.0,0.0,0.0,0.0,0.4,63.4,216.2,2.4,6.8,156.0,1002.0,1002.0,2.7,4.8
2024-06-28 03:55:00+02:00,18.6,18.6,19.4,14.8,78.0,26.4,80.0,0.0,0.0,0.0,0.0,0.0,0.0,0.4,63.4,216.2,3.7,9.0,146.0,1002.1,1002.1,2.7,4.8
2024-06-28 04:00:00+02:00,18.6,18.6,19.3,14.8,78.0,26.3,80.0,0.0,0.0,0.0,0.0,0.0,0.0,0.4,63.4,216.2,4.2,7.6,144.0,1002.0,1002.0,2.7,4.8
2024-06-28 04:05:00+02:00,18.5,18.5,19.3,14.6,78.0,26.2,80.0,0.0,0.0,0.0,0.0,0.0,0.0,0.4,63.4,216.2,3.5,7.6,125.0,1002.1,1002.1,2.7,4.8
2024-06-28 04:10:00+02:00,18.5,18.5,19.2,14.6,78.0,26.2,80.0,0.0,0.0,0.0,0.0,0.0,0.0,0.4,63.4,216.2,4.0,14.8,115.0,1002.1,1002.1,2.7,4.8
2024-06-28 04:15:00+02:00,18.4,18.4,19.4,14.5,78.0,26.1,80.0,0.0,0.0,0.0,0.0,0.0,0.0,0.4,63.4,216.2,2.6,5.4,73.0,1002.2,1002.2,2.7,4.8
2024-06-28 04:20:00+02:00,18.3,18.3,18.8,14.5,78.0,26.0,80.0,0.0,0.0,0.0,0.0,0.0,0.0,0.4,63.4,216.2,5.0,7.2,123.0,1002.1,1002.1,2.7,4.8
2024-06-28 04:25:00+02:00,18.3,18.3,18.9,14.6,79.0,25.9,80.0,0.0,0.0,0.0,0.0,0.0,0.0,0.4,63.4,216.2,4.4,10.8,126.0,1002.2,1002.2,2.7,4.8
2024-06-28 04:30:00+02:00,18.2,18.2,19.3,14.5,79.0,25.8,80.0,0.0,0.0,0.0,0.0,0.0,0.0,0.4,63.4,216.2,1.7,5.0,141.0,1002.3,1002.3,2.7,4.8
2024-06-28 04:35:00+02:00,18.1,18.1,18.8,14.3,79.0,25.8,80.0,0.0,0.0,0.0,0.0,0.0,0.0,0.4,63.4,216.2,3.1,7.9,118.0,1002.3,1002.3,2.7,4.8
2024-06-28 04:40:00+02:00,18.1,18.1,18.7,14.2,78.0,25.7,80.0,0.1,0.0,0.0,0.0,0.0,0.0,0.4,63.4,216.2,3.3,16.9,127.0,1002.4,1002.4,2.7,4.8
2024-06-28 04:45:00+02:00,18.1,18.1,19.0,14.1,78.0,25.6,80.0,0.2,0.0,0.0,0.0,0.0,0.0,0.4,63.4,216.2,1.8,6.1,196.0,1002.4,1002.4,2.7,4.7
2024-06-28 04:50:00+02:00,18.0,18.0,18.9,14.0,78.0,25.5,80.0,0.2,0.0,0.0,0.0,0.0,0.0,0.4,63.4,216.2,2.2,7.9,122.0,1002.5,1002.5,2.7,4.7
2024-06-28 04:55:00+02:00,17.9,17.9,18.8,14.0,78.0,25.5,80.0,0.5,0.0,0.0,0.0,0.0,0.0,0.4,63.4,216.2,2.1,7.9,126.0,1002.5,1002.5,2.7,4.7
2024-06-28 05:00:00+02:00,17.8,17.8,18.8,13.9,78.0,25.4,80.0,0.9,0.0,0.0,0.0,0.0,0.0,0.4,63.4,216.2,1.3,6.1,21.0,1002.3,1002.3,2.7,4.7
2024-06-28 05:05:00+02:00,17.7,17.7,18.6,13.8,78.0,25.3,80.0,1.3,0.0,0.0,0.0,0.0,0.0,0.4,63.4,216.2,1.5,5.4,96.0,1002.3,1002.3,2.7,4.7
2024-06-28 05:10:00+02:00,17.7,17.7,18.5,13.9,78.0,25.3,80.0,1.9,0.0,0.0,0.0,0.0,0.0,0.4,63.4,216.2,2.0,4.3,94.0,1002.4,1002.4,2.7,4.7
2024-06-28 05:15:00+02:00,17.5,17.5,18.6,13.9,79.0,25.2,80.0,2.8,0.0,0.0,0.0,0.0,0.0,0.4,63.4,216.2,0.7,5.0,160.0,1002.3,1002.3,2.7,4.7
2024-06-28 05:20:00+02:00,17.4,17.4,17.9,13.8,79.0,25.1,80.0,3.9,0.0,0.0,0.0,0.0,0.0,0.4,63.4,216.2,3.7,6.1,108.0,1002.2,1002.2,2.7,4.7
2024-06-28 05:25:00+02:00,17.4,17.4,18.0,13.8,80.0,25.1,80.0,5.2,0.0,0.0,0.0,0.0,0.0,0.4,63.4,216.2,3.5,6.8,123.0,1002.3,1002.3,2.7,4.7
2024-06-28 05:30:00+02:00,17.4,17.4,17.9,13.9,80.0,25.0,80.0,6.8,0.0,0.0,0.0,0.0,0.0,0.4,63.4,216.2,3.5,6.5,113.0,1002.3,1002.3,2.7,4.7
2024-06-28 05:35:00+02:00,17.2,17.2,17.8,13.9,81.0,24.9,80.0,8.6,0.0,0.0,0.0,0.0,0.0,0.4,63.4,216.2,3.2,6.8,120.0,1002.3,1002.3,2.7,4.7
2024-06-28 05:40:00+02:00,17.2,17.2,17.8,13.9,81.0,24.8,80.0,10.5,0.0,0.0,0.0,0.0,0.0,0.4,63.4,216.2,3.2,5.0,135.0,1002.3,1002.3,2.7,4.7
2024-06-28 05:45:00+02:00,17.1,17.1,17.4,13.9,82.0,24.8,80.0,12.7,0.0,0.0,0.0,0.0,0.0,0.4,63.4,216.2,4.6,6.1,115.0,1002.5,1002.5,2.7,4.7
2024-06-28 05:50:00+02:00,17.1,17.1,17.3,13.9,82.0,24.7,80.0,14.0,0.0,0.0,0.0,0.0,0.0,0.4,63.4,216.2,4.9,7.9,114.0,1002.5,1002.5,2.7,4.7
2024-06-28 05:55:00+02:00,17.1,17.1,17.4,14.0,82.0,24.6,80.0,16.6,0.0,0.0,0.0,0.0,0.0,0.4,63.4,216.2,4.8,8.6,116.0,1002.6,1002.6,2.7,4.7
2024-06-28 06:00:00+02:00,17.1,17.1,17.5,14.0,82.0,24.6,80.0,17.2,0.0,0.0,0.0,0.0,0.0,0.4,63.4,216.2,4.4,8.3,124.0,1002.9,1002.9,2.7,4.7
2024-06-28 06:05:00+02:00,17.0,17.0,17.8,13.9,82.0,24.5,79.0,18.6,0.0,0.0,0.0,0.0,0.0,0.4,63.4,216.2,2.7,4.7,119.0,1002.9,1002.9,2.7,4.7
2024-06-28 06:10:00+02:00,16.9,16.9,17.6,13.8,82.0,24.4,80.0,20.9,0.0,0.0,0.0,0.0,0.0,0.4,63.4,216.2,2.7,6.5,121.0,1002.9,1002.9,2.7,4.7
2024-06-28 06:15:00+02:00,17.0,17.0,17.4,13.8,81.0,24.4,80.0,21.8,0.0,0.0,0.0,0.0,0.0,0.4,63.4,216.2,3.8,7.9,136.0,1003.0,1003.0,2.7,4.7
2024-06-28 06:20:00+02:00,17.0,17.0,17.2,13.6,80.0,24.3,80.0,41.5,0.0,0.0,0.0,0.0,0.0,0.4,63.4,216.2,4.8,10.4,121.0,1002.8,1002.8,2.7,4.7
2024-06-28 06:25:00+02:00,17.4,17.4,18.1,13.7,79.0,24.2,80.0,50.5,0.0,0.0,0.0,0.0,0.0,0.4,63.4,216.2,2.4,8.3,125.0,1003.0,1003.0,2.7,4.7
2024-06-28 06:30:00+02:00,17.6,17.6,17.7,13.6,77.0,24.2,80.0,52.5,0.0,0.0,0.0,0.0,0.0,0.4,63.4,216.2,5.0,12.6,117.0,1003.0,1003.0,2.7,4.7
2024-06-28 06:35:00+02:00,17.6,17.6,17.6,13.7,78.0,24.1,80.0,56.4,0.0,0.0,0.0,0.0,0.0,0.4,63.4,216.2,5.8,10.4,112.0,1002.9,1002.9,2.7,4.7
2024-06-28 06:40:00+02:00,17.8,17.8,18.4,13.8,78.0,24.1,80.0,68.8,0.0,0.0,0.0,0.0,0.0,0.4,63.4,216.2,3.0,14.0,106.0,1003.0,1003.0,2.7,4.7
2024-06-28 06:45:00+02:00,18.0,18.0,18.8,13.9,77.0,24.1,80.0,73.8,0.0,0.0,0.0,0.0,0.0,0.4,63.4,216.2,2.4,14.0,136.0,1003.0,1003.0,2.7,4.7
2024-06-28 06:50:00+02:00,17.9,17.9,18.7,14.0,78.0,24.1,81.0,59.8,0.0,0.0,0.0,0.0,0.0,0.4,63.4,216.2,2.3,13.0,217.0,1003.0,1003.0,2.7,4.7
2024-06-28 06:55:00+02:00,17.9,17.9,18.8,14.1,78.0,24.2,81.0,56.4,0.0,0.0,0.0,0.0,0.0,0.4,63.4,216.2,1.9,7.9,104.0,1003.0,1003.0,2.7,4.7
2024-06-28 07:00:00+02:00,17.8,17.8,18.7,14.3,80.0,24.3,81.0,49.3,0.0,0.0,0.0,0.0,0.0,0.4,63.4,216.2,2.4,6.5,109.0,1003.1,1003.1,2.7,4.7
2024-06-28 07:05:00+02:00,17.8,17.8,18.9,14.2,79.0,24.3,81.0,59.4,0.0,0.0,0.0,0.0,0.0,0.4,63.4,216.2,1.1,4.0,241.0,1003.1,1003.1,2.7,4.8
2024-06-28 07:10:00+02:00,17.7,17.7,18.0,14.1,79.0,24.3,81.0,61.1,0.0,0.0,0.0,0.0,0.0,0.4,63.4,216.2,5.1,7.9,123.0,1003.2,1003.2,2.7,4.8
2024-06-28 07:15:00+02:00,17.5,17.5,17.9,14.0,80.0,24.4,81.0,68.7,0.0,0.0,0.0,0.0,0.0,0.4,63.4,216.2,4.2,9.7,133.0,1003.2,1003.2,2.7,4.8
2024-06-28 07:20:00+02:00,17.6,17.6,18.0,13.5,77.0,24.4,81.0,72.1,0.0,0.0,0.0,0.0,0.0,0.4,63.4,216.2,3.5,8.6,232.0,1003.4,1003.4,2.7,4.8
2024-06-28 07:25:00+02:00,17.7,17.7,17.9,12.8,73.0,24.4,81.0,68.9,0.0,0.0,0.0,0.0,0.0,0.4,63.4,216.2,3.0,8.6,165.0,1003.5,1003.5,2.7,4.8
2024-06-28 07:30:00+02:00,17.6,17.6,18.1,12.7,73.0,24.4,81.0,77.2,0.0,0.0,0.0,0.0,0.0,0.4,63.4,216.2,1.9,9.7,150.0,1003.6,1003.6,2.7,4.8
2024-06-28 07:35:00+02:00,17.7,17.7,17.8,12.7,72.0,24.4,81.0,86.5,0.0,0.0,0.0,0.0,0.0,0.4,63.4,216.2,4.0,11.2,237.0,1003.7,1003.7,2.7,4.8
2024-06-28 07:40:00+02:00,17.7,17.7,17.7,12.7,72.0,24.4,81.0,89.9,0.0,0.0,0.0,0.0,0.0,0.4,63.4,216.2,4.3,10.4,216.0,1003.8,1003.8,2.7,4.8
2024-06-28 07:45:00+02:00,17.7,17.7,17.9,12.7,72.0,24.4,81.0,101.4,0.0,0.0,0.0,0.0,0.0,0.4,63.4,216.2,3.4,10.4,217.0,1003.8,1003.8,2.7,4.9
2024-06-28 07:50:00+02:00,17.7,17.7,17.8,12.7,72.0,24.4,81.0,92.1,0.0,0.0,0.0,0.0,0.0,0.4,63.4,216.2,3.7,8.3,340.0,1003.9,1003.9,2.7,4.9
2024-06-28 07:55:00+02:00,17.8,17.8,18.1,13.0,73.0,24.5,81.0,94.1,0.0,0.0,0.0,0.0,0.0,0.4,63.4,216.2,3.2,9.4,153.0,1004.0,1004.0,2.7,4.9
2024-06-28 08:00:00+02:00,17.6,17.6,17.5,12.7,73.0,24.5,81.0,120.3,1.0,0.0,0.0,0.0,0.0,0.4,63.4,216.2,4.7,10.8,110.0,1004.1,1004.1,2.7,4.9
2024-06-28 08:05:00+02:00,17.5,17.5,17.4,12.5,72.0,24.5,81.0,119.5,1.0,0.0,0.0,0.0,0.0,0.4,63.4,216.2,4.5,10.1,141.0,1004.2,1004.2,2.7,4.9
2024-06-28 08:10:00+02:00,17.7,17.7,17.1,12.3,71.0,24.5,81.0,85.3,0.0,0.0,0.0,0.0,0.0,0.4,63.4,216.2,7.0,13.0,162.0,1004.3,1004.3,2.7,4.9
2024-06-28 08:15:00+02:00,17.7,17.7,17.7,12.3,70.0,24.5,81.0,81.1,0.0,0.0,0.0,0.0,0.0,0.4,63.4,216.2,3.7,10.8,233.0,1004.2,1004.2,2.7,5.0
2024-06-28 08:20:00+02:00,17.8,17.8,17.5,12.4,70.0,24.6,81.0,146.2,1.0,0.0,0.0,0.0,0.0,0.4,63.4,216.2,5.5,14.0,251.0,1004.3,1004.3,2.7,5.0
2024-06-28 08:25:00+02:00,18.0,18.0,17.6,12.4,70.0,24.6,81.0,137.2,1.0,0.0,0.0,0.0,0.0,0.4,63.4,216.2,5.8,12.6,329.0,1004.5,1004.5,2.7,5.0
2024-06-28 08:30:00+02:00,17.9,17.9,18.1,12.2,69.0,24.6,81.0,284.1,2.0,0.0,0.0,0.0,0.0,0.4,63.4,216.2,2.2,8.6,163.0,1004.5,1004.5,2.7,5.0
2024-06-28 08:35:00+02:00,18.0,18.0,17.9,12.2,69.0,24.6,81.0,233.6,2.0,0.0,0.0,0.0,0.0,0.4,63.4,216.2,4.3,10.1,185.0,1004.5,1004.5,2.7,5.1
2024-06-28 08:40:00+02:00,18.0,18.0,17.5,12.3,69.0,24.7,81.0,288.1,2.0,0.0,0.0,0.0,0.0,0.4,63.4,216.2,6.3,17.6,267.0,1004.8,1004.8,2.7,5.1
2024-06-28 08:45:00+02:00,18.2,18.2,17.7,12.3,68.0,24.7,81.0,280.9,2.0,0.0,0.0,0.0,0.0,0.4,63.4,216.2,5.7,13.7,260.0,1004.8,1004.8,2.7,5.1
2024-06-28 08:50:00+02:00,18.5,18.5,18.8,12.3,67.0,24.8,81.0,299.4,2.0,0.0,0.0,0.0,0.0,0.4,63.4,216.2,2.5,12.2,176.0,1005.0,1005.0,2.7,5.1
2024-06-28 08:55:00+02:00,18.6,18.6,18.3,12.6,68.0,24.9,82.0,331.5,3.0,0.0,0.0,0.0,0.0,0.4,63.4,216.2,5.6,13.3,116.0,1005.1,1005.1,2.7,5.2
2024-06-28 09:00:00+02:00,18.4,18.4,17.8,12.7,69.0,25.0,82.0,342.3,3.0,0.0,0.0,0.0,0.0,0.4,63.4,216.2,7.2,12.2,112.0,1005.1,1005.1,2.7,5.2
2024-06-28 09:05:00+02:00,18.5,18.5,18.6,12.7,69.0,25.2,82.0,183.1,1.0,0.0,0.0,0.0,0.0,0.4,63.4,216.2,3.5,9.4,152.0,1005.2,1005.2,2.7,5.2
2024-06-28 09:10:00+02:00,18.4,18.4,18.4,12.6,69.0,25.3,82.0,151.5,1.0,0.0,0.0,0.0,0.0,0.4,63.4,216.2,4.1,7.6,164.0,1005.2,1005.2,2.7,5.2
2024-06-28 09:15:00+02:00,17.9,17.9,17.4,12.7,71.0,25.4,82.0,84.3,0.0,0.0,0.0,0.0,0.0,0.4,63.4,216.2,6.7,11.5,127.0,1005.4,1005.4,2.7,5.2
2024-06-28 09:20:00+02:00,17.7,17.7,17.9,12.5,71.0,25.5,82.0,84.1,0.0,0.0,0.0,0.0,0.0,0.4,63.4,216.2,3.3,7.9,217.0,1005.3,1005.3,2.7,5.2
2024-06-28 09:25:00+02:00,17.7,17.7,17.8,12.5,71.0,25.6,82.0,89.7,0.0,0.0,0.0,0.0,0.0,0.4,63.4,216.2,3.5,11.2,227.0,1005.5,1005.5,2.7,5.2
2024-06-28 09:30:00+02:00,17.5,17.5,17.7,12.6,73.0,25.6,82.0,91.5,0.0,0.0,0.0,0.0,0.0,0.4,63.4,216.2,3.2,8.6,131.0,1005.5,1005.5,2.7,5.2
2024-06-28 09:35:00+02:00,17.4,17.4,17.8,12.7,74.0,25.6,82.0,110.7,1.0,0.0,0.0,0.0,0.0,0.4,63.4,216.2,2.4,6.5,137.0,1005.5,1005.5,2.7,5.2
2024-06-28 09:40:00+02:00,17.5,17.5,17.5,12.7,73.0,25.7,81.0,156.1,1.0,0.0,0.0,0.0,0.0,0.4,63.4,216.2,4.4,7.9,118.0,1005.5,1005.5,2.7,5.2
2024-06-28 09:45:00+02:00,17.6,17.6,17.6,12.7,73.0,25.7,81.0,425.3,3.0,0.0,0.0,0.0,0.0,0.4,63.4,216.2,4.2,8.6,126.0,1005.5,1005.5,2.7,5.2
2024-06-28 09:50:00+02:00,17.7,17.7,16.8,12.8,73.0,25.7,81.0,441.0,4.0,0.0,0.0,0.0,0.0,0.4,63.4,216.2,9.1,16.2,122.0,1005.2,1005.2,2.7,5.2
2024-06-28 09:55:00+02:00,17.5,17.5,16.4,12.6,73.0,25.7,81.0,408.0,3.0,0.0,0.0,0.0,0.0,0.4,63.4,216.2,9.9,22.3,126.0,1005.4,1005.4,2.7,5.2
2024-06-28 10:00:00+02:00,17.9,17.9,17.1,12.9,73.0,25.8,81.0,411.4,3.0,0.0,0.0,0.0,0.0,0.4,63.4,216.2,8.6,15.1,125.0,1005.4,1005.4,2.7,5.2
2024-06-28 10:05:00+02:00,17.8,17.8,16.6,12.8,73.0,26.0,81.0,415.0,3.0,0.0,0.0,0.0,0.0,0.4,63.4,216.2,10.4,20.2,137.0,1005.6,1005.6,2.7,5.2
2024-06-28 10:10:00+02:00,17.8,17.8,16.8,13.0,74.0,26.1,81.0,421.0,3.0,0.0,0.0,0.0,0.0,0.4,63.4,216.2,9.8,19.1,117.0,1005.6,1005.6,2.7,5.2
2024-06-28 10:15:00+02:00,18.1,18.1,17.9,13.0,72.0,26.3,81.0,446.6,4.0,0.0,0.0,0.0,0.0,0.4,63.4,216.2,5.5,17.3,125.0,1005.6,1005.6,2.7,5.3
2024-06-28 10:20:00+02:00,19.0,19.0,19.1,13.2,69.0,26.4,81.0,507.5,4.0,0.0,0.0,0.0,0.0,0.4,63.4,216.2,5.0,15.5,156.0,1005.8,1005.8,2.7,5.3
2024-06-28 10:25:00+02:00,19.1,19.1,18.9,13.2,68.0,26.6,81.0,501.1,4.0,0.0,0.0,0.0,0.0,0.4,63.4,216.2,6.3,14.8,123.0,1005.9,1005.9,2.7,5.3
2024-06-28 10:30:00+02:00,18.9,18.9,19.2,13.1,69.0,26.7,81.0,563.2,5.0,0.0,0.0,0.0,0.0,0.4,63.4,216.2,3.6,14.8,146.0,1006.0,1006.0,2.7,5.3
2024-06-28 10:35:00+02:00,19.4,19.4,19.8,13.0,66.0,26.9,80.0,527.1,4.0,0.0,0.0,0.0,0.0,0.4,63.4,216.2,3.1,13.7,151.0,1006.0,1006.0,2.7,5.3
2024-06-28 10:40:00+02:00,19.8,19.8,20.3,13.4,66.0,27.0,80.0,573.0,5.0,0.0,0.0,0.0,0.0,0.4,63.4,216.2,3.0,6.8,195.0,1006.0,1006.0,2.7,5.3
2024-06-28 10:45:00+02:00,20.1,20.1,20.6,13.0,64.0,27.2,80.0,445.1,4.0,0.0,0.0,0.0,0.0,0.4,63.4,216.2,2.6,9.4,129.0,1006.1,1006.1,2.7,5.3
2024-06-28 10:50:00+02:00,20.0,20.0,19.9,13.3,65.0,27.3,80.0,588.9,5.0,0.0,0.0,0.0,0.0,0.4,63.4,216.2,5.8,14.4,136.0,1006.0,1006.0,2.7,5.3
2024-06-28 10:55:00+02:00,20.3,20.3,20.6,12.9,63.0,27.5,80.0,590.4,5.0,0.0,0.0,0.0,0.0,0.4,63.4,216.2,3.0,14.4,349.0,1005.9,1005.9,2.7,5.3
2024-06-28 11:00:00+02:00,21.3,21.3,21.8,13.4,61.0,27.6,80.0,534.3,4.0,0.0,0.0,0.0,0.0,0.4,63.4,216.2,2.9,8.6,205.0,1006.0,1006.0,2.7,5.3
2024-06-28 11:05:00+02:00,21.3,21.3,21.6,13.0,59.0,27.7,80.0,252.8,2.0,0.0,0.0,0.0,0.0,0.4,63.4,216.2,2.9,8.6,191.0,1006.1,1006.1,2.7,5.3
2024-06-28 11:10:00+02:00,19.8,19.8,19.3,12.9,65.0,27.8,80.0,174.4,1.0,0.0,0.0,0.0,0.0,0.4,63.4,216.2,7.1,18.7,115.0,1006.2,1006.2,2.7,5.3
2024-06-28 11:15:00+02:00,19.3,19.3,19.8,12.7,65.0,27.8,80.0,178.3,1.0,0.0,0.0,0.0,0.0,0.4,63.4,216.2,2.0,18.7,181.0,1006.1,1006.1,2.7,5.3
2024-06-28 11:20:00+02:00,19.8,19.8,20.2,13.0,65.0,27.9,79.0,170.9,1.0,0.0,0.0,0.0,0.0,0.4,63.4,216.2,2.8,6.1,72.0,1006.1,1006.1,2.7,5.3
2024-06-28 11:25:00+02:00,20.3,20.3,20.6,13.6,65.0,27.9,80.0,648.1,6.0,0.0,0.0,0.0,0.0,0.4,63.4,216.2,4.3,9.0,110.0,1005.9,1005.9,2.7,5.3
2024-06-28 11:30:00+02:00,20.7,20.7,20.5,13.3,63.0,28.1,79.0,597.7,5.0,0.0,0.0,0.0,0.0,0.4,63.4,216.2,6.3,14.8,141.0,1005.8,1005.8,2.7,5.3
2024-06-28 11:35:00+02:00,20.7,20.7,20.9,13.1,62.0,28.2,79.0,587.5,5.0,0.0,0.0,0.0,0.0,0.4,63.4,216.2,4.2,14.8,129.0,1005.8,1005.8,2.7,5.3
2024-06-28 11:40:00+02:00,21.7,21.7,22.2,13.0,58.0,28.3,79.0,599.4,5.0,0.0,0.0,0.0,0.0,0.4,63.4,216.2,2.2,7.9,135.0,1005.8,1005.8,2.7,5.3
2024-06-28 11:45:00+02:00,21.4,21.4,21.5,12.6,57.0,28.5,79.0,626.8,5.0,0.0,0.0,0.0,0.0,0.4,63.4,216.2,3.2,10.1,244.0,1005.9,1005.9,2.7,5.3
2024-06-28 11:50:00+02:00,21.4,21.4,21.7,12.7,58.0,28.7,79.0,236.6,2.0,0.0,0.0,0.0,0.0,0.4,63.4,216.2,2.5,11.5,201.0,1006.1,1006.1,2.7,5.3
2024-06-28 11:55:00+02:00,21.4,21.4,21.6,13.0,59.0,28.8,79.0,626.9,5.0,0.0,0.0,0.0,0.0,0.4,63.4,216.2,3.7,10.4,217.0,1006.2,1006.2,2.7,5.3
2024-06-28 12:00:00+02:00,22.3,22.3,22.0,12.3,53.0,28.9,79.0,657.9,6.0,0.0,0.0,0.0,0.0,0.4,63.4,216.2,5.3,11.9,275.0,1006.1,1006.1,2.7,5.3
2024-06-28 12:05:00+02:00,22.2,22.2,22.3,12.5,54.0,29.0,78.0,260.4,2.0,0.0,0.0,0.0,0.0,0.4,63.4,216.2,3.3,9.7,175.0,1006.3,1006.3,2.7,5.3
2024-06-28 12:10:00+02:00,21.5,21.5,21.4,12.2,55.0,29.1,78.0,659.0,6.0,0.0,0.0,0.0,0.0,0.4,63.4,216.2,4.2,13.7,124.0,1006.4,1006.4,2.7,5.3
2024-06-28 12:15:00+02:00,21.1,21.1,20.4,11.7,55.0,29.2,78.0,644.8,5.0,0.0,0.0,0.0,0.0,0.4,63.4,216.2,6.7,16.6,163.0,1006.4,1006.4,2.7,5.3
2024-06-28 12:20:00+02:00,22.0,22.0,22.1,12.0,53.0,29.3,78.0,633.1,5.0,0.0,0.0,0.0,0.0,0.4,63.4,216.2,2.9,12.6,199.0,1006.5,1006.5,2.7,5.3
2024-06-28 12:25:00+02:00,21.5,21.5,21.1,12.3,56.0,29.4,78.0,665.9,6.0,0.0,0.0,0.0,0.0,0.4,63.4,216.2,5.2,15.5,119.0,1006.5,1006.5,2.7,5.3
2024-06-28 12:30:00+02:00,22.5,22.5,22.7,11.9,51.0,29.5,78.0,704.8,6.0,0.0,0.0,0.0,0.0,0.4,63.4,216.2,1.9,7.2,346.0,1006.4,1006.4,2.7,5.3
2024-06-28 12:35:00+02:00,22.0,22.0,21.9,12.6,55.0,29.6,78.0,552.2,5.0,0.0,0.0,0.0,0.0,0.4,63.4,216.2,4.7,13.7,143.0,1006.5,1006.5,2.7,5.3
2024-06-28 12:40:00+02:00,21.5,21.5,20.8,12.4,56.0,29.7,78.0,332.1,3.0,0.0,0.0,0.0,0.0,0.4,63.4,216.2,7.3,18.4,133.0,1006.5,1006.5,2.7,5.3
2024-06-28 12:45:00+02:00,20.4,20.4,20.6,12.1,59.0,29.8,78.0,672.3,6.0,0.0,0.0,0.0,0.0,0.4,63.4,216.2,2.5,14.8,119.0,1006.6,1006.6,2.7,5.3
2024-06-28 12:50:00+02:00,21.6,21.6,21.7,12.3,56.0,29.8,77.0,526.8,4.0,0.0,0.0,0.0,0.0,0.4,63.4,216.2,3.1,20.2,129.0,1007.1,1007.1,2.7,5.3
2024-06-28 13:00:00+02:00,21.7,21.7,22.2,11.4,52.0,30.0,77.0,143.1,1.0,0.0,0.0,0.0,0.0,0.4,63.4,216.2,0.0,16.2,213.0,1006.7,1006.7,2.7,5.3
2024-06-28 13:05:00+02:00,21.3,21.3,21.1,11.9,55.0,30.0,77.0,276.0,2.0,0.0,0.0,0.0,0.0,0.4,63.4,216.2,4.1,17.6,134.0,1006.9,1006.9,2.7,5.3
2024-06-28 13:10:00+02:00,21.6,21.6,21.4,11.9,54.0,30.0,77.0,476.2,4.0,0.0,0.0,0.0,0.0,0.4,63.4,216.2,3.5,7.9,307.0,1006.9,1006.9,2.7,5.3
2024-06-28 13:15:00+02:00,21.7,21.7,21.3,12.0,54.0,30.0,77.0,154.5,1.0,0.0,0.0,0.0,0.0,0.4,63.4,216.2,4.8,15.8,253.0,1006.9,1006.9,2.7,5.3
2024-06-28 13:20:00+02:00,21.1,21.1,20.6,11.2,53.0,30.0,77.0,688.8,6.0,0.0,0.0,0.0,0.0,0.4,63.4,216.2,4.3,15.8,303.0,1006.8,1006.8,2.7,5.3
2024-06-28 13:25:00+02:00,21.6,21.6,21.5,11.6,53.0,30.0,77.0,172.1,1.0,0.0,0.0,0.0,0.0,0.4,63.4,216.2,3.1,7.2,193.0,1006.8,1006.8,2.7,5.3
2024-06-28 13:30:00+02:00,22.0,22.0,21.9,11.4,51.0,30.0,77.0,727.3,6.0,0.0,0.0,0.0,0.0,0.4,63.4,216.2,3.0,13.7,262.0,1007.0,1007.0,2.7,5.3
2024-06-28 13:35:00+02:00,22.7,22.7,22.5,11.6,50.0,30.1,77.0,687.1,6.0,0.0,0.0,0.0,0.0,0.4,63.4,216.2,3.7,13.7,206.0,1006.9,1006.9,2.7,5.3
2024-06-28 13:40:00+02:00,22.7,22.7,22.7,11.5,49.0,30.1,77.0,728.8,6.0,0.0,0.0,0.0,0.0,0.4,63.4,216.2,1.9,6.1,249.0,1006.9,1006.9,2.7,5.3
2024-06-28 13:45:00+02:00,23.2,23.2,23.1,11.3,47.0,30.0,77.0,736.2,6.0,0.0,0.0,0.0,0.0,0.4,63.4,216.2,2.2,9.7,207.0,1006.9,1006.9,2.7,5.3
2024-06-28 13:50:00+02:00,23.4,23.4,23.0,11.1,46.0,30.1,77.0,205.8,1.0,0.0,0.0,0.0,0.0,0.4,63.4,216.2,3.9,9.7,265.0,1007.0,1007.0,2.7,5.3
2024-06-28 13:55:00+02:00,23.3,23.3,22.6,11.6,48.0,30.1,77.0,786.9,7.0,0.0,0.0,0.0,0.0,0.4,63.4,216.2,6.1,10.8,177.0,1007.1,1007.1,2.7,5.3
2024-06-28 14:00:00+02:00,23.7,23.7,23.3,11.7,47.0,30.2,77.0,748.9,6.0,0.0,0.0,0.0,0.0,0.4,63.4,216.2,4.8,11.9,130.0,1007.1,1007.1,2.7,5.3
2024-06-28 14:05:00+02:00,23.5,23.5,23.0,11.5,47.0,30.2,77.0,709.6,6.0,0.0,0.0,0.0,0.0,0.4,63.4,216.2,4.8,18.7,218.0,1007.2,1007.2,2.7,5.3
2024-06-28 14:10:00+02:00,23.6,23.6,23.5,11.9,48.0,30.2,78.0,684.9,6.0,0.0,0.0,0.0,0.0,0.4,63.4,216.2,3.5,7.9,101.0,1007.1,1007.1,2.7,5.3
2024-06-28 14:15:00+02:00,23.9,23.9,23.8,11.6,46.0,30.3,78.0,679.0,6.0,0.0,0.0,0.0,0.0,0.4,63.4,216.2,2.8,15.5,133.0,1007.0,1007.0,2.7,5.3
2024-06-28 14:20:00+02:00,24.3,24.3,24.0,11.7,45.0,30.3,78.0,674.4,6.0,0.0,0.0,0.0,0.0,0.4,63.4,216.2,4.1,9.0,138.0,1006.8,1006.8,2.7,5.3
2024-06-28 14:25:00+02:00,25.0,25.0,24.7,11.1,42.0,30.4,78.0,679.1,6.0,0.0,0.0,0.0,0.0,0.4,63.4,216.2,3.2,8.3,140.0,1006.9,1006.9,2.7,5.3
2024-06-28 14:30:00+02:00,24.8,24.8,24.1,11.5,43.0,30.4,78.0,684.8,6.0,0.0,0.0,0.0,0.0,0.4,63.4,216.2,6.2,14.8,133.0,1006.7,1006.7,2.7,5.3
2024-06-28 14:35:00+02:00,23.2,23.2,22.4,11.3,47.0,30.5,78.0,748.6,6.0,0.0,0.0,0.0,0.0,0.4,63.4,216.2,6.3,15.5,135.0,1006.8,1006.8,2.7,5.3
2024-06-28 14:40:00+02:00,24.2,24.2,23.2,11.0,43.0,30.6,79.0,713.4,6.0,0.0,0.0,0.0,0.0,0.4,63.4,216.2,6.6,10.8,279.0,1006.8,1006.8,2.7,5.3
2024-06-28 14:45:00+02:00,25.3,25.3,24.7,11.1,41.0,30.6,79.0,677.9,6.0,0.0,0.0,0.0,0.0,0.4,63.4,216.2,4.8,8.6,157.0,1006.8,1006.8,2.7,5.3
2024-06-28 14:50:00+02:00,24.4,24.4,23.7,11.3,44.0,30.7,79.0,652.9,6.0,0.0,0.0,0.0,0.0,0.4,63.4,216.2,5.5,15.5,137.0,1006.6,1006.6,2.7,5.3
2024-06-28 14:55:00+02:00,25.1,25.1,24.5,10.8,41.0,30.8,79.0,662.7,6.0,0.0,0.0,0.0,0.0,0.4,63.4,216.2,4.7,13.0,232.0,1006.8,1006.8,2.7,5.3
2024-06-28 15:00:00+02:00,25.6,25.6,25.3,11.5,41.0,30.9,79.0,673.5,6.0,0.0,0.0,0.0,0.0,0.4,63.4,216.2,4.0,14.4,118.0,1006.8,1006.8,2.7,5.3
2024-06-28 15:05:00+02:00,24.6,24.6,24.1,10.9,42.0,30.9,79.0,679.5,6.0,0.0,0.0,0.0,0.0,0.4,63.4,216.2,3.7,13.3,132.0,1006.7,1006.7,2.7,5.3
2024-06-28 15:10:00+02:00,24.7,24.7,24.1,11.4,44.0,31.0,79.0,699.0,6.0,0.0,0.0,0.0,0.0,0.4,63.4,216.2,5.4,14.8,151.0,1006.8,1006.8,2.7,5.3
2024-06-28 15:15:00+02:00,24.3,24.3,23.6,10.2,41.0,31.1,79.0,666.0,6.0,0.0,0.0,0.0,0.0,0.4,63.4,216.2,4.3,15.5,165.0,1007.0,1007.0,2.7,5.3
2024-06-28 15:20:00+02:00,25.3,25.3,24.8,10.9,41.0,31.2,79.0,663.1,6.0,0.0,0.0,0.0,0.0,0.4,63.4,216.2,4.1,11.5,161.0,1006.9,1006.9,2.7,5.3
2024-06-28 15:25:00+02:00,24.9,24.9,24.1,10.1,39.0,31.2,79.0,680.7,6.0,0.0,0.0,0.0,0.0,0.4,63.4,216.2,4.6,15.5,238.0,1006.9,1006.9,2.7,5.3
2024-06-28 15:30:00+02:00,24.7,24.7,24.1,9.9,39.0,31.2,79.0,185.7,1.0,0.0,0.0,0.0,0.0,0.4,63.4,216.2,3.5,15.5,236.0,1006.9,1006.9,2.7,5.3
2024-06-28 15:35:00+02:00,24.5,24.5,23.8,9.7,39.0,31.2,79.0,712.0,6.0,0.0,0.0,0.0,0.0,0.4,63.4,216.2,3.3,15.5,256.0,1007.0,1007.0,2.7,5.3
2024-06-28 15:40:00+02:00,25.8,25.8,24.9,10.2,38.0,31.2,80.0,651.6,6.0,0.0,0.0,0.0,0.0,0.4,63.4,216.2,5.1,14.4,203.0,1006.8,1006.8,2.7,5.3
2024-06-28 15:45:00+02:00,23.8,23.8,22.7,9.9,41.0,31.3,80.0,268.7,2.0,0.0,0.0,0.0,0.0,0.4,63.4,216.2,5.9,13.0,153.0,1006.8,1006.8,2.7,5.3
2024-06-28 15:50:00+02:00,23.6,23.6,23.0,10.2,43.0,31.2,80.0,605.6,5.0,0.0,0.0,0.0,0.0,0.4,63.4,216.2,3.7,11.9,155.0,1006.6,1006.6,2.7,5.3
2024-06-28 15:55:00+02:00,24.9,24.9,23.6,9.8,39.0,31.3,80.0,599.5,5.0,0.0,0.0,0.0,0.0,0.4,63.4,216.2,6.5,9.7,198.0,1006.8,1006.8,2.7,5.3
2024-06-28 16:00:00+02:00,25.9,25.9,25.1,10.1,37.0,31.3,80.0,575.8,5.0,0.0,0.0,0.0,0.0,0.4,63.4,216.2,4.1,11.2,275.0,1006.8,1006.8,2.7,5.3
2024-06-28 16:05:00+02:00,24.6,24.6,24.0,11.1,43.0,31.3,80.0,585.2,5.0,0.0,0.0,0.0,0.0,0.4,63.4,216.2,4.9,13.3,138.0,1006.8,1006.8,2.7,5.3
2024-06-28 16:10:00+02:00,24.5,24.5,23.9,11.1,43.0,31.3,80.0,629.8,5.0,0.0,0.0,0.0,0.0,0.4,63.4,216.2,5.1,11.9,128.0,1006.9,1006.9,2.7,5.3
2024-06-28 16:15:00+02:00,24.6,24.6,23.2,10.6,41.0,31.3,80.0,588.6,5.0,0.0,0.0,0.0,0.0,0.4,63.4,216.2,8.4,20.5,147.0,1006.9,1006.9,2.7,5.3
2024-06-28 16:20:00+02:00,25.4,25.4,24.6,11.2,41.0,31.3,80.0,554.2,5.0,0.0,0.0,0.0,0.0,0.4,63.4,216.2,5.7,14.4,138.0,1006.8,1006.8,2.7,5.3
2024-06-28 16:25:00+02:00,24.3,24.3,23.6,10.3,41.0,31.3,80.0,557.8,5.0,0.0,0.0,0.0,0.0,0.4,63.4,216.2,4.6,14.4,145.0,1007.0,1007.0,2.7,5.3
2024-06-28 16:30:00+02:00,23.8,23.8,22.4,10.5,43.0,31.3,80.0,575.5,5.0,0.0,0.0,0.0,0.0,0.4,63.4,216.2,8.1,19.1,137.0,1006.9,1006.9,2.7,5.3
2024-06-28 16:35:00+02:00,23.5,23.5,22.6,9.9,42.0,31.3,80.0,552.6,5.0,0.0,0.0,0.0,0.0,0.4,63.4,216.2,4.8,19.1,106.0,1006.9,1006.9,2.7,5.3
2024-06-28 16:40:00+02:00,24.4,24.4,23.8,10.3,41.0,31.3,80.0,471.8,4.0,0.0,0.0,0.0,0.0,0.4,63.4,216.2,3.6,9.7,127.0,1007.0,1007.0,2.7,5.3
2024-06-28 16:45:00+02:00,24.4,24.4,24.0,10.3,41.0,31.3,80.0,539.4,5.0,0.0,0.0,0.0,0.0,0.4,63.4,216.2,3.0,9.7,196.0,1006.9,1006.9,2.7,5.3
2024-06-28 16:50:00+02:00,25.1,25.1,24.5,9.8,38.0,31.3,81.0,539.4,5.0,0.0,0.0,0.0,0.0,0.4,63.4,216.2,3.5,10.4,241.0,1006.9,1006.9,2.7,5.3
2024-06-28 16:55:00+02:00,25.3,25.3,24.4,10.1,38.0,31.3,81.0,496.0,4.0,0.0,0.0,0.0,0.0,0.4,63.4,216.2,5.0,13.0,304.0,1006.8,1006.8,2.7,5.3
2024-06-28 17:00:00+02:00,25.6,25.6,25.0,10.0,37.0,31.3,81.0,443.7,4.0,0.0,0.0,0.0,0.0,0.4,63.4,216.2,3.3,13.3,251.0,1006.8,1006.8,2.7,5.3
2024-06-28 17:05:00+02:00,25.3,25.3,24.8,9.8,38.0,31.3,81.0,482.9,4.0,0.0,0.0,0.0,0.0,0.4,63.4,216.2,2.9,9.0,81.0,1006.8,1006.8,2.7,5.3
2024-06-28 17:10:00+02:00,25.1,25.1,24.4,9.7,38.0,31.3,81.0,451.4,4.0,0.0,0.0,0.0,0.0,0.4,63.4,216.2,3.4,11.5,230.0,1006.9,1006.9,2.7,5.3
2024-06-28 17:15:00+02:00,25.5,25.5,24.8,10.2,38.0,31.3,82.0,421.5,3.0,0.0,0.0,0.0,0.0,0.4,63.4,216.2,4.4,11.2,174.0,1006.7,1006.7,2.7,5.3
2024-06-28 17:20:00+02:00,25.8,25.8,25.2,10.2,38.0,31.3,82.0,417.7,3.0,0.0,0.0,0.0,0.0,0.4,63.4,216.2,3.6,7.9,179.0,1006.8,1006.8,2.7,5.3
2024-06-28 17:25:00+02:00,25.7,25.7,24.5,9.9,37.0,31.3,82.0,404.8,3.0,0.0,0.0,0.0,0.0,0.4,63.4,216.2,6.2,14.8,276.0,1006.8,1006.8,2.7,5.3
2024-06-28 17:30:00+02:00,25.9,25.9,25.0,9.9,36.0,31.3,82.0,402.6,3.0,0.0,0.0,0.0,0.0,0.4,63.4,216.2,4.5,10.4,313.0,1006.8,1006.8,2.7,5.3
2024-06-28 17:35:00+02:00,24.9,24.9,23.3,9.7,38.0,31.4,82.0,386.5,3.0,0.0,0.0,0.0,0.0,0.4,63.4,216.2,7.8,22.3,247.0,1006.8,1006.8,2.7,5.3
2024-06-28 17:40:00+02:00,25.3,25.3,24.4,9.3,36.0,31.3,82.0,376.2,3.0,0.0,0.0,0.0,0.0,0.4,63.4,216.2,3.6,11.9,265.0,1006.8,1006.8,2.7,5.3
2024-06-28 17:45:00+02:00,25.6,25.6,24.2,9.0,35.0,31.3,82.0,364.7,3.0,0.0,0.0,0.0,0.0,0.4,63.4,216.2,5.8,14.0,271.0,1007.0,1007.0,2.7,5.3
2024-06-28 17:50:00+02:00,24.6,24.6,23.3,9.2,38.0,31.3,82.0,339.5,3.0,0.0,0.0,0.0,0.0,0.4,63.4,216.2,5.7,14.0,277.0,1006.9,1006.9,2.7,5.3
2024-06-28 17:55:00+02:00,24.4,24.4,23.0,8.9,37.0,31.3,82.0,377.2,3.0,0.0,0.0,0.0,0.0,0.4,63.4,216.2,6.0,19.1,280.0,1006.7,1006.7,2.7,5.3
2024-06-28 18:00:00+02:00,25.0,25.0,24.4,10.0,39.0,31.3,82.0,363.5,3.0,0.0,0.0,0.0,0.0,0.4,63.4,216.2,3.3,9.7,188.0,1006.8,1006.8,2.7,5.3
2024-06-28 18:05:00+02:00,24.6,24.6,24.0,9.8,39.0,31.2,82.0,338.5,3.0,0.0,0.0,0.0,0.0,0.4,63.4,216.2,2.9,10.8,138.0,1006.9,1006.9,2.7,5.3
2024-06-28 18:10:00+02:00,24.4,24.4,23.3,9.5,39.0,31.1,82.0,298.7,2.0,0.0,0.0,0.0,0.0,0.4,63.4,216.2,5.1,9.4,170.0,1006.8,1006.8,2.7,5.3
2024-06-28 18:15:00+02:00,23.9,23.9,22.8,8.8,38.0,31.1,82.0,159.8,1.0,0.0,0.0,0.0,0.0,0.4,63.4,216.2,4.0,9.4,231.0,1006.7,1006.7,2.7,5.3
2024-06-28 18:20:00+02:00,23.8,23.8,23.0,9.3,40.0,31.0,82.0,115.1,1.0,0.0,0.0,0.0,0.0,0.4,63.4,216.2,3.4,11.9,257.0,1006.8,1006.8,2.7,5.3
2024-06-28 18:25:00+02:00,23.5,23.5,22.1,9.3,41.0,31.0,82.0,74.7,0.0,0.0,0.0,0.0,0.0,0.4,63.4,216.2,6.5,14.8,57.0,1006.7,1006.7,2.7,5.3
2024-06-28 18:30:00+02:00,23.5,23.5,23.1,9.5,41.0,30.9,82.0,76.0,0.0,0.0,0.0,0.0,0.0,0.4,63.4,216.2,1.8,6.5,157.0,1006.7,1006.7,2.7,5.3
2024-06-28 18:35:00+02:00,23.6,23.6,23.1,10.0,42.0,30.9,82.0,72.8,0.0,0.0,0.0,0.0,0.0,0.4,63.4,216.2,2.7,4.7,133.0,1006.8,1006.8,2.7,5.3
2024-06-28 18:40:00+02:00,23.3,23.3,22.4,9.2,41.0,30.8,82.0,71.2,0.0,0.0,0.0,0.0,0.0,0.4,63.4,216.2,3.9,9.0,144.0,1006.9,1006.9,2.7,5.3
2024-06-28 18:45:00+02:00,23.2,23.2,22.7,9.3,41.0,30.7,82.0,61.5,0.0,0.0,0.0,0.0,0.0,0.4,63.4,216.2,1.7,6.5,203.0,1006.9,1006.9,2.7,5.3
2024-06-28 18:50:00+02:00,23.5,23.5,22.6,9.0,40.0,30.7,82.0,147.3,1.0,0.0,0.0,0.0,0.0,0.4,63.4,216.2,3.5,8.3,273.0,1006.8,1006.8,2.7,5.3
2024-06-28 18:55:00+02:00,23.8,23.8,23.2,9.5,40.0,30.6,82.0,166.7,1.0,0.0,0.0,0.0,0.0,0.4,63.4,216.2,2.5,8.3,28.0,1006.8,1006.8,2.7,5.3
2024-06-28 19:00:00+02:00,23.4,23.4,22.8,9.2,41.0,30.6,82.0,86.6,0.0,0.0,0.0,0.0,0.0,0.4,63.4,216.2,2.2,8.3,324.0,1006.8,1006.8,2.7,5.3
2024-06-28 19:05:00+02:00,23.1,23.1,22.2,9.2,41.0,30.5,82.0,53.0,0.0,0.0,0.0,0.0,0.0,0.4,63.4,216.2,4.0,9.4,117.0,1006.8,1006.8,2.7,5.3
2024-06-28 19:10:00+02:00,22.6,22.6,20.9,8.9,42.0,30.4,81.0,51.7,0.0,0.0,0.0,0.0,0.0,0.4,63.4,216.2,7.6,15.1,125.0,1006.8,1006.8,2.7,5.3
2024-06-28 19:15:00+02:00,22.4,22.4,21.6,9.5,44.0,30.3,81.0,46.4,0.0,0.0,0.0,0.0,0.0,0.4,63.4,216.2,3.9,9.4,126.0,1006.9,1006.9,2.7,5.3
2024-06-28 19:20:00+02:00,22.3,22.3,22.0,9.6,45.0,30.3,81.0,44.1,0.0,0.0,0.0,0.0,0.0,0.4,63.4,216.2,1.4,7.2,153.0,1006.7,1006.7,2.7,5.3
2024-06-28 19:25:00+02:00,22.4,22.4,21.9,9.6,44.0,30.2,81.0,42.9,0.0,0.0,0.0,0.0,0.0,0.4,63.4,216.2,2.1,6.5,131.0,1006.9,1006.9,2.7,5.3
2024-06-28 19:30:00+02:00,22.5,22.5,22.2,9.7,44.0,30.1,81.0,42.6,0.0,0.0,0.0,0.0,0.0,0.4,63.4,216.2,1.4,7.9,189.0,1006.8,1006.8,2.7,5.3
2024-06-28 19:35:00+02:00,22.5,22.5,22.2,9.2,43.0,30.1,81.0,44.0,0.0,0.0,0.0,0.0,0.0,0.4,63.4,216.2,0.4,5.4,77.0,1007.0,1007.0,2.7,5.2
2024-06-28 19:40:00+02:00,22.3,22.3,21.4,9.7,45.0,30.0,81.0,46.2,0.0,0.0,0.0,0.0,0.0,0.4,63.4,216.2,4.3,10.4,224.0,1006.9,1006.9,2.7,5.2
2024-06-28 19:45:00+02:00,22.3,22.3,21.4,9.0,43.0,29.9,81.0,41.7,0.0,0.0,0.0,0.0,0.0,0.4,63.4,216.2,3.5,11.2,287.0,1006.9,1006.9,2.7,5.2
2024-06-28 19:50:00+02:00,22.2,22.2,22.0,9.5,44.0,29.9,81.0,37.6,0.0,0.0,0.0,0.0,0.0,0.4,63.4,216.2,0.5,3.2,266.0,1007.1,1007.1,2.7,5.2
2024-06-28 19:55:00+02:00,22.0,22.0,21.7,9.6,45.0,29.8,81.0,36.6,0.0,0.0,0.0,0.0,0.0,0.4,63.4,216.2,1.6,4.7,81.0,1007.3,1007.3,2.7,5.2
2024-06-28 20:00:00+02:00,22.1,22.1,21.2,9.3,44.0,29.8,81.0,38.8,0.0,0.0,0.0,0.0,0.0,0.4,63.4,216.2,3.7,7.6,107.0,1007.2,1007.2,2.7,5.2
2024-06-28 20:05:00+02:00,22.1,22.1,21.6,9.3,44.0,29.7,81.0,37.8,0.0,0.0,0.0,0.0,0.0,0.4,63.4,216.2,1.6,7.2,202.0,1007.2,1007.2,2.7,5.2
2024-06-28 20:10:00+02:00,22.0,22.0,21.5,9.3,44.0,29.6,81.0,33.9,0.0,0.0,0.0,0.0,0.0,0.4,63.4,216.2,1.9,4.7,138.0,1007.2,1007.2,2.7,5.2
2024-06-28 20:15:00+02:00,21.8,21.8,21.3,9.7,46.0,29.5,81.0,30.9,0.0,0.0,0.0,0.0,0.0,0.4,63.4,216.2,2.4,6.8,272.0,1007.1,1007.1,2.7,5.2
2024-06-28 20:20:00+02:00,21.8,21.8,21.5,9.7,46.0,29.5,81.0,28.6,0.0,0.0,0.0,0.0,0.0,0.4,63.4,216.2,1.4,7.2,289.0,1007.0,1007.0,2.7,5.2
2024-06-28 20:25:00+02:00,21.7,21.7,21.5,9.9,47.0,29.4,81.0,26.9,0.0,0.0,0.0,0.0,0.0,0.4,63.4,216.2,1.0,3.2,251.0,1007.0,1007.0,2.7,5.2
2024-06-28 20:30:00+02:00,21.6,21.6,21.4,9.8,47.0,29.3,81.0,24.9,0.0,0.0,0.0,0.0,0.0,0.4,63.4,216.2,1.1,6.8,312.0,1007.1,1007.1,2.7,5.2
2024-06-28 20:35:00+02:00,21.4,21.4,20.5,9.9,48.0,29.3,81.0,23.1,0.0,0.0,0.0,0.0,0.0,0.4,63.4,216.2,4.8,8.6,284.0,1007.3,1007.3,2.7,5.2
2024-06-28 20:40:00+02:00,21.5,21.5,20.7,9.9,48.0,29.2,81.0,21.9,0.0,0.0,0.0,0.0,0.0,0.4,63.4,216.2,4.2,8.6,290.0,1007.2,1007.2,2.7,5.2
2024-06-28 20:45:00+02:00,21.3,21.3,20.3,10.1,49.0,29.1,81.0,20.6,0.0,0.0,0.0,0.0,0.0,0.4,63.4,216.2,5.8,8.6,295.0,1007.2,1007.2,2.7,5.2
2024-06-28 20:50:00+02:00,21.2,21.2,20.5,9.9,48.0,29.0,81.0,19.8,0.0,0.0,0.0,0.0,0.0,0.4,63.4,216.2,3.7,6.8,264.0,1007.1,1007.1,2.7,5.2
2024-06-28 20:55:00+02:00,21.2,21.2,20.6,9.9,48.0,29.0,81.0,19.1,0.0,0.0,0.0,0.0,0.0,0.4,63.4,216.2,3.5,6.5,279.0,1007.3,1007.3,2.7,5.2
2024-06-28 21:00:00+02:00,21.1,21.1,20.8,10.1,49.0,28.9,81.0,18.1,0.0,0.0,0.0,0.0,0.0,0.4,63.4,216.2,1.8,5.4,300.0,1007.3,1007.3,2.7,5.2
2024-06-28 21:05:00+02:00,20.9,20.9,20.8,10.2,50.0,28.8,81.0,17.1,0.0,0.0,0.0,0.0,0.0,0.4,63.4,216.2,1.2,5.8,269.0,1007.4,1007.4,2.7,5.2
2024-06-28 21:10:00+02:00,20.7,20.7,20.5,10.3,51.0,28.7,81.0,16.2,0.0,0.0,0.0,0.0,0.0,0.4,63.4,216.2,1.6,4.3,311.0,1007.5,1007.5,2.7,5.2
2024-06-28 21:15:00+02:00,20.6,20.6,20.5,10.5,52.0,28.6,81.0,14.5,0.0,0.0,0.0,0.0,0.0,0.4,63.4,216.2,1.8,4.7,279.0,1007.6,1007.6,2.7,5.2
2024-06-28 21:20:00+02:00,20.4,20.4,20.2,10.4,53.0,28.6,81.0,12.3,0.0,0.0,0.0,0.0,0.0,0.4,63.4,216.2,1.9,4.7,298.0,1007.5,1007.5,2.7,5.2
2024-06-28 21:25:00+02:00,20.3,20.3,20.4,10.4,53.0,28.5,81.0,10.1,0.0,0.0,0.0,0.0,0.0,0.4,63.4,216.2,0.5,4.7,249.0,1007.5,1007.5,2.7,5.2
2024-06-28 21:30:00+02:00,19.9,19.9,19.9,10.4,54.0,28.4,81.0,8.4,0.0,0.0,0.0,0.0,0.0,0.4,63.4,216.2,0.8,2.2,135.0,1007.6,1007.6,2.7,5.2
2024-06-28 21:35:00+02:00,19.7,19.7,19.9,10.7,56.0,28.3,80.0,6.5,0.0,0.0,0.0,0.0,0.0,0.4,63.4,216.2,0.0,1.8,118.0,1007.7,1007.7,2.7,5.2
2024-06-28 21:40:00+02:00,19.3,19.3,19.5,10.5,57.0,28.2,81.0,4.9,0.0,0.0,0.0,0.0,0.0,0.4,63.4,216.2,0.0,1.8,56.0,1007.6,1007.6,2.7,5.2
2024-06-28 21:45:00+02:00,19.0,19.0,19.2,10.7,58.0,28.2,81.0,3.5,0.0,0.0,0.0,0.0,0.0,0.4,63.4,216.2,0.4,2.9,145.0,1007.8,1007.8,2.7,5.2
2024-06-28 21:50:00+02:00,18.8,18.8,19.0,10.8,60.0,28.1,80.0,2.5,0.0,0.0,0.0,0.0,0.0,0.4,63.4,216.2,0.0,2.2,93.0,1007.8,1007.8,2.7,5.2
2024-06-28 21:55:00+02:00,18.6,18.6,18.9,11.1,62.0,28.0,80.0,1.7,0.0,0.0,0.0,0.0,0.0,0.4,63.4,216.2,0.4,2.2,329.0,1007.7,1007.7,2.7,5.2
2024-06-28 22:00:00+02:00,18.3,18.3,18.1,10.9,62.0,27.9,80.0,1.1,0.0,0.0,0.0,0.0,0.0,0.4,63.4,216.2,2.1,3.2,109.0,1008.0,1008.0,2.7,5.2
2024-06-28 22:05:00+02:00,18.0,18.0,17.8,10.9,63.0,27.8,80.0,0.7,0.0,0.0,0.0,0.0,0.0,0.4,63.4,216.2,2.4,3.6,114.0,1007.9,1007.9,2.7,5.2
2024-06-28 22:10:00+02:00,17.8,17.8,17.7,10.9,64.0,27.7,80.0,0.4,0.0,0.0,0.0,0.0,0.0,0.4,63.4,216.2,1.6,2.9,115.0,1008.0,1008.0,2.7,5.2
2024-06-28 22:15:00+02:00,17.6,17.6,17.7,10.9,65.0,27.5,80.0,0.2,0.0,0.0,0.0,0.0,0.0,0.4,63.4,216.2,0.8,2.5,110.0,1007.9,1007.9,2.7,5.1
2024-06-28 22:20:00+02:00,17.4,17.4,17.5,10.9,66.0,27.4,80.0,0.1,0.0,0.0,0.0,0.0,0.0,0.4,63.4,216.2,0.7,2.2,119.0,1008.0,1008.0,2.7,5.1
2024-06-28 22:25:00+02:00,17.1,17.1,17.0,11.1,68.0,27.4,80.0,0.0,0.0,0.0,0.0,0.0,0.0,0.4,63.4,216.2,2.2,2.9,122.0,1007.9,1007.9,2.7,5.1
2024-06-28 22:30:00+02:00,16.9,16.9,16.7,10.9,68.0,27.2,80.0,0.0,0.0,0.0,0.0,0.0,0.0,0.4,63.4,216.2,2.2,3.2,116.0,1007.9,1007.9,2.7,5.1
2024-06-28 22:35:00+02:00,16.6,16.6,16.5,11.0,69.0,27.2,80.0,0.0,0.0,0.0,0.0,0.0,0.0,0.4,63.4,216.2,2.4,4.0,119.0,1008.0,1008.0,2.7,5.1
2024-06-28 22:40:00+02:00,16.5,16.5,16.5,11.4,72.0,27.0,80.0,0.0,0.0,0.0,0.0,0.0,0.0,0.4,63.4,216.2,2.4,3.6,110.0,1008.2,1008.2,2.7,5.1
2024-06-28 22:45:00+02:00,16.4,16.4,16.6,11.3,72.0,26.9,80.0,0.0,0.0,0.0,0.0,0.0,0.0,0.4,63.4,216.2,1.1,2.9,122.0,1008.2,1008.2,2.7,5.1
2024-06-28 22:50:00+02:00,16.3,16.3,16.7,11.4,73.0,26.8,80.0,0.0,0.0,0.0,0.0,0.0,0.0,0.4,63.4,216.2,0.0,2.2,84.0,1008.2,1008.2,2.7,5.1
2024-06-28 22:55:00+02:00,16.1,16.1,16.4,11.5,74.0,26.7,80.0,0.0,0.0,0.0,0.0,0.0,0.0,0.4,63.4,216.2,0.8,2.9,102.0,1008.3,1008.3,2.7,5.1
2024-06-28 23:00:00+02:00,16.0,16.0,16.1,11.4,74.0,26.6,80.0,0.0,0.0,0.0,0.0,0.0,0.0,0.4,63.4,216.2,1.5,2.9,107.0,1008.3,1008.3,2.7,5.1
2024-06-28 23:05:00+02:00,15.8,15.8,15.9,11.4,75.0,26.4,79.0,0.0,0.0,0.0,0.0,0.0,0.0,0.4,63.4,216.2,1.8,2.9,109.0,1008.3,1008.3,2.7,5.1
2024-06-28 23:10:00+02:00,15.7,15.7,16.1,11.4,76.0,26.3,79.0,0.0,0.0,0.0,0.0,0.0,0.0,0.4,63.4,216.2,0.4,2.5,116.0,1008.2,1008.2,2.7,5.1
2024-06-28 23:15:00+02:00,15.5,15.5,15.9,11.3,76.0,26.2,79.0,0.0,0.0,0.0,0.0,0.0,0.0,0.4,63.4,216.2,0.4,2.2,105.0,1008.3,1008.3,2.7,5.1
2024-06-28 23:20:00+02:00,15.4,15.4,15.8,11.5,77.0,26.2,80.0,0.0,0.0,0.0,0.0,0.0,0.0,0.4,63.4,216.2,0.4,2.2,109.0,1008.4,1008.4,2.7,5.1
2024-06-28 23:25:00+02:00,15.3,15.3,15.5,11.5,78.0,26.1,80.0,0.0,0.0,0.0,0.0,0.0,0.0,0.4,63.4,216.2,1.4,2.9,117.0,1008.4,1008.4,2.7,5.1
2024-06-28 23:30:00+02:00,15.2,15.2,15.3,11.4,78.0,26.0,79.0,0.0,0.0,0.0,0.0,0.0,0.0,0.4,63.4,216.2,1.7,2.9,124.0,1008.4,1008.4,2.7,5.1
2024-06-28 23:35:00+02:00,15.2,15.2,15.1,11.4,78.0,25.9,79.0,0.0,0.0,0.0,0.0,0.0,0.0,0.4,63.4,216.2,2.4,3.6,121.0,1008.4,1008.4,2.7,5.1
2024-06-28 23:40:00+02:00,15.0,15.0,15.0,11.3,78.0,25.8,79.0,0.0,0.0,0.0,0.0,0.0,0.0,0.4,63.4,216.2,2.4,3.6,127.0,1008.4,1008.4,2.7,5.1
2024-06-28 23:45:00+02:00,14.9,14.9,15.1,11.3,79.0,25.7,79.0,0.0,0.0,0.0,0.0,0.0,0.0,0.4,63.4,216.2,1.2,3.6,128.0,1008.5,1008.5,2.7,5.1
2024-06-28 23:50:00+02:00,14.7,14.7,14.9,11.4,80.0,25.6,79.0,0.0,0.0,0.0,0.0,0.0,0.0,0.4,63.4,216.2,1.4,3.2,130.0,1008.4,1008.4,2.7,5.1
2024-06-28 23:55:00+02:00,14.7,14.7,14.5,11.4,81.0,25.5,79.0,0.0,0.0,0.0,0.0,0.0,0.0,0.4,63.4,216.2,3.2,4.0,121.0,1008.4,1008.4,2.7,5.1
2024-06-29 00:00:00+02:00,14.7,14.7,14.8,11.4,80.0,25.4,79.0,0.0,0.0,0.0,0.0,0.0,0.0,0.4,63.4,216.2,1.4,4.0,120.0,1008.5,1008.5,2.7,5.1
2024-06-29 00:05:00+02:00,14.5,14.5,14.7,11.3,81.0,25.3,79.0,0.0,0.0,0.0,0.0,0.0,0.0,0.4,63.4,216.2,1.2,2.9,131.0,1008.4,1008.4,2.7,5.0
2024-06-29 00:10:00+02:00,14.3,14.3,14.7,11.3,82.0,25.2,79.0,0.0,0.0,0.0,0.0,0.0,0.0,0.4,63.4,216.2,0.4,2.5,137.0,1008.4,1008.4,2.7,5.0
2024-06-29 00:15:00+02:00,14.2,14.2,14.4,11.4,83.0,25.0,79.0,0.0,0.0,0.0,0.0,0.0,0.0,0.4,63.4,216.2,1.3,2.9,116.0,1008.3,1008.3,2.7,5.0
2024-06-29 00:20:00+02:00,14.3,14.3,14.3,11.5,83.0,25.0,79.0,0.0,0.0,0.0,0.0,0.0,0.0,0.4,63.4,216.2,2.4,3.2,121.0,1008.3,1008.3,2.7,5.0
2024-06-29 00:25:00+02:00,14.3,14.3,14.6,11.4,83.0,24.9,79.0,0.0,0.0,0.0,0.0,0.0,0.0,0.4,63.4,216.2,1.2,3.2,119.0,1008.1,1008.1,2.7,5.0
2024-06-29 00:30:00+02:00,14.2,14.2,14.5,11.4,83.0,24.8,79.0,0.0,0.0,0.0,0.0,0.0,0.0,0.4,63.4,216.2,0.5,1.8,123.0,1008.2,1008.2,2.7,5.0
2024-06-29 00:35:00+02:00,14.0,14.0,14.4,11.3,84.0,24.7,79.0,0.0,0.0,0.0,0.0,0.0,0.0,0.4,63.4,216.2,0.0,1.8,118.0,1008.1,1008.1,2.7,5.0
2024-06-29 00:40:00+02:00,13.8,13.8,14.3,11.3,85.0,24.6,79.0,0.0,0.0,0.0,0.0,0.0,0.0,0.4,63.4,216.2,0.0,1.8,120.0,1008.2,1008.2,2.7,5.0
2024-06-29 00:45:00+02:00,13.7,13.7,14.0,11.4,86.0,24.5,79.0,0.0,0.0,0.0,0.0,0.0,0.0,0.4,63.4,216.2,0.4,2.2,112.0,1008.1,1008.1,2.7,5.0
2024-06-29 00:50:00+02:00,13.9,13.9,14.4,11.6,86.0,24.4,79.0,0.0,0.0,0.0,0.0,0.0,0.0,0.4,63.4,216.2,0.4,1.8,134.0,1008.1,1008.1,2.7,5.0
2024-06-29 00:55:00+02:00,13.8,13.8,13.9,11.5,86.0,24.3,79.0,0.0,0.0,0.0,0.0,0.0,0.0,0.4,63.4,216.2,1.8,2.9,99.0,1008.1,1008.1,2.7,5.0
2024-06-29 01:00:00+02:00,13.7,13.7,13.8,11.4,86.0,24.3,79.0,0.0,0.0,0.0,0.0,0.0,0.0,0.4,63.4,216.2,1.7,2.9,113.0,1008.0,1008.0,2.7,5.0
2024-06-29 01:05:00+02:00,13.7,13.7,13.9,11.5,86.0,24.2,79.0,0.0,0.0,0.0,0.0,0.0,0.0,0.4,63.4,216.2,1.1,2.2,111.0,1008.1,1008.1,2.7,5.0
2024-06-29 01:10:00+02:00,13.5,13.5,13.9,11.3,87.0,24.1,79.0,0.0,0.0,0.0,0.0,0.0,0.0,0.4,63.4,216.2,0.0,2.2,117.0,1008.1,1008.1,2.7,5.0
2024-06-29 01:15:00+02:00,13.3,13.3,13.6,11.2,87.0,24.0,79.0,0.0,0.0,0.0,0.0,0.0,0.0,0.4,63.4,216.2,0.4,2.5,118.0,1008.1,1008.1,2.7,5.0
2024-06-29 01:20:00+02:00,13.5,13.5,14.0,11.5,87.0,23.9,79.0,0.0,0.0,0.0,0.0,0.0,0.0,0.4,63.4,216.2,0.0,2.2,311.0,1008.1,1008.1,2.7,5.0
2024-06-29 01:25:00+02:00,13.9,13.9,14.4,11.4,85.0,23.8,79.0,0.0,0.0,0.0,0.0,0.0,0.0,0.4,63.4,216.2,0.0,0.0,306.0,1008.2,1008.2,2.7,5.0
2024-06-29 01:30:00+02:00,14.2,14.2,14.6,11.5,84.0,23.8,79.0,0.0,0.0,0.0,0.0,0.0,0.0,0.4,63.4,216.2,0.0,1.8,286.0,1008.2,1008.2,2.7,5.0
2024-06-29 01:35:00+02:00,14.0,14.0,14.5,11.5,85.0,23.7,79.0,0.0,0.0,0.0,0.0,0.0,0.0,0.4,63.4,216.2,0.0,1.8,259.0,1008.2,1008.2,2.7,5.0
2024-06-29 01:40:00+02:00,13.7,13.7,14.0,11.5,86.0,23.6,79.0,0.0,0.0,0.0,0.0,0.0,0.0,0.4,63.4,216.2,0.7,2.2,116.0,1008.1,1008.1,2.7,5.0
2024-06-29 01:45:00+02:00,13.6,13.6,13.5,11.5,87.0,23.5,79.0,0.0,0.0,0.0,0.0,0.0,0.0,0.4,63.4,216.2,2.7,3.6,116.0,1008.2,1008.2,2.7,4.9
2024-06-29 01:50:00+02:00,13.4,13.4,13.3,11.4,88.0,23.4,79.0,0.0,0.0,0.0,0.0,0.0,0.0,0.4,63.4,216.2,2.9,3.6,120.0,1008.1,1008.1,2.7,4.9
2024-06-29 01:55:00+02:00,13.3,13.3,13.3,11.3,88.0,23.4,79.0,0.0,0.0,0.0,0.0,0.0,0.0,0.4,63.4,216.2,2.1,3.6,120.0,1008.1,1008.1,2.7,4.9
2024-06-29 02:00:00+02:00,13.2,13.2,13.2,11.4,89.0,23.3,79.0,0.0,0.0,0.0,0.0,0.0,0.0,0.4,63.4,216.2,2.3,3.2,118.0,1008.1,1008.1,2.7,4.9
2024-06-29 02:05:00+02:00,13.2,13.2,13.1,11.4,89.0,23.2,79.0,0.0,0.0,0.0,0.0,0.0,0.0,0.4,63.4,216.2,2.4,3.6,125.0,1008.1,1008.1,2.7,4.9
2024-06-29 02:10:00+02:00,13.1,13.1,13.0,11.3,89.0,23.1,79.0,0.0,0.0,0.0,0.0,0.0,0.0,0.4,63.4,216.2,2.9,4.0,121.0,1007.9,1007.9,2.7,4.9
2024-06-29 02:15:00+02:00,13.2,13.2,13.2,11.4,89.0,23.0,79.0,0.0,0.0,0.0,0.0,0.0,0.0,0.4,63.4,216.2,2.1,3.6,113.0,1008.0,1008.0,2.7,4.9
2024-06-29 02:20:00+02:00,13.0,13.0,13.4,11.2,89.0,22.9,79.0,0.0,0.0,0.0,0.0,0.0,0.0,0.4,63.4,216.2,0.0,2.5,132.0,1008.0,1008.0,2.7,4.9
2024-06-29 02:25:00+02:00,12.8,12.8,13.1,11.1,90.0,22.8,79.0,0.0,0.0,0.0,0.0,0.0,0.0,0.4,63.4,216.2,0.4,2.5,124.0,1008.0,1008.0,2.7,4.9
2024-06-29 02:30:00+02:00,12.6,12.6,12.8,10.9,90.0,22.8,79.0,0.0,0.0,0.0,0.0,0.0,0.0,0.4,63.4,216.2,0.5,2.2,134.0,1007.9,1007.9,2.7,4.9
2024-06-29 02:35:00+02:00,12.7,12.7,12.6,11.2,91.0,22.7,79.0,0.0,0.0,0.0,0.0,0.0,0.0,0.4,63.4,216.2,2.1,2.9,117.0,1008.0,1008.0,2.7,4.9
2024-06-29 02:40:00+02:00,12.7,12.7,13.0,11.3,91.0,22.6,79.0,0.0,0.0,0.0,0.0,0.0,0.0,0.4,63.4,216.2,0.4,2.5,137.0,1007.9,1007.9,2.7,4.9
2024-06-29 02:45:00+02:00,12.9,12.9,13.3,11.5,91.0,22.6,79.0,0.0,0.0,0.0,0.0,0.0,0.0,0.4,63.4,216.2,0.0,0.0,270.0,1007.9,1007.9,2.7,4.9
2024-06-29 02:50:00+02:00,12.9,12.9,13.0,11.5,91.0,22.5,79.0,0.0,0.0,0.0,0.0,0.0,0.0,0.4,63.4,216.2,1.9,6.5,292.0,1007.9,1007.9,2.7,4.9
2024-06-29 02:55:00+02:00,12.9,12.9,13.0,11.5,91.0,22.4,79.0,0.0,0.0,0.0,0.0,0.0,0.0,0.4,63.4,216.2,2.0,6.5,116.0,1007.9,1007.9,2.7,4.9
2024-06-29 03:00:00+02:00,13.0,13.0,13.1,11.5,91.0,22.3,79.0,0.0,0.0,0.0,0.0,0.0,0.0,0.4,63.4,216.2,2.1,3.2,132.0,1007.8,1007.8,2.7,4.9
2024-06-29 03:05:00+02:00,12.9,12.9,13.0,11.4,91.0,22.3,79.0,0.0,0.0,0.0,0.0,0.0,0.0,0.4,63.4,216.2,1.7,2.9,125.0,1007.8,1007.8,2.7,4.9
2024-06-29 03:10:00+02:00,12.7,12.7,12.8,11.3,91.0,22.2,79.0,0.0,0.0,0.0,0.0,0.0,0.0,0.4,63.4,216.2,1.5,2.9,122.0,1007.7,1007.7,2.7,4.9
2024-06-29 03:15:00+02:00,12.7,12.7,12.6,11.3,91.0,22.1,79.0,0.0,0.0,0.0,0.0,0.0,0.0,0.4,63.4,216.2,2.4,3.2,116.0,1007.7,1007.7,2.7,4.9
2024-06-29 03:20:00+02:00,12.6,12.6,13.0,11.2,91.0,22.0,79.0,0.0,0.0,0.0,0.0,0.0,0.0,0.4,63.4,216.2,0.0,3.2,124.0,1007.7,1007.7,2.7,4.9
2024-06-29 03:25:00+02:00,12.5,12.5,12.9,11.2,92.0,22.0,79.0,0.0,0.0,0.0,0.0,0.0,0.0,0.4,63.4,216.2,0.0,1.8,63.0,1007.8,1007.8,2.7,4.9
2024-06-29 03:30:00+02:00,12.4,12.4,12.5,11.1,92.0,21.9,79.0,0.0,0.0,0.0,0.0,0.0,0.0,0.4,63.4,216.2,1.6,2.9,107.0,1007.8,1007.8,2.7,4.9
2024-06-29 03:35:00+02:00,12.4,12.4,12.3,11.1,92.0,21.9,79.0,0.0,0.0,0.0,0.0,0.0,0.0,0.4,63.4,216.2,2.2,3.6,104.0,1007.8,1007.8,2.7,4.8
2024-06-29 03:40:00+02:00,12.3,12.3,12.5,11.0,92.0,21.8,79.0,0.0,0.0,0.0,0.0,0.0,0.0,0.4,63.4,216.2,0.8,2.9,103.0,1007.8,1007.8,2.7,4.8
2024-06-29 03:45:00+02:00,12.2,12.2,12.2,11.1,93.0,21.7,79.0,0.0,0.0,0.0,0.0,0.0,0.0,0.4,63.4,216.2,2.1,2.9,98.0,1007.8,1007.8,2.7,4.8
2024-06-29 03:50:00+02:00,12.2,12.2,12.5,11.1,93.0,21.7,79.0,0.0,0.0,0.0,0.0,0.0,0.0,0.4,63.4,216.2,0.0,2.2,93.0,1007.8,1007.8,2.7,4.8
2024-06-29 03:55:00+02:00,12.2,12.2,12.5,11.1,93.0,21.6,79.0,0.0,0.0,0.0,0.0,0.0,0.0,0.4,63.4,216.2,0.0,1.8,89.0,1007.8,1007.8,2.7,4.8
2024-06-29 04:00:00+02:00,12.2,12.2,12.6,11.1,93.0,21.5,79.0,0.0,0.0,0.0,0.0,0.0,0.0,0.4,63.4,216.2,0.0,1.8,80.0,1007.9,1007.9,2.7,4.8
2024-06-29 04:05:00+02:00,12.3,12.3,12.7,11.2,93.0,21.5,79.0,0.0,0.0,0.0,0.0,0.0,0.0,0.4,63.4,216.2,0.0,1.8,217.0,1008.0,1008.0,2.7,4.8
2024-06-29 04:10:00+02:00,12.3,12.3,12.6,11.0,92.0,21.4,80.0,0.0,0.0,0.0,0.0,0.0,0.0,0.4,63.4,216.2,0.0,1.8,92.0,1008.0,1008.0,2.7,4.8
2024-06-29 04:15:00+02:00,12.4,12.4,12.8,11.1,92.0,21.3,80.0,0.0,0.0,0.0,0.0,0.0,0.0,0.4,63.4,216.2,0.0,1.8,304.0,1008.0,1008.0,2.7,4.8
2024-06-29 04:20:00+02:00,12.5,12.5,12.9,11.2,92.0,21.3,79.0,0.0,0.0,0.0,0.0,0.0,0.0,0.4,63.4,216.2,0.0,0.0,358.0,1008.0,1008.0,2.7,4.8
2024-06-29 04:25:00+02:00,12.5,12.5,12.6,11.1,91.0,21.2,79.0,0.0,0.0,0.0,0.0,0.0,0.0,0.4,63.4,216.2,0.9,2.9,129.0,1007.9,1007.9,2.7,4.8
2024-06-29 04:30:00+02:00,12.3,12.3,12.6,11.0,92.0,21.2,79.0,0.0,0.0,0.0,0.0,0.0,0.0,0.4,63.4,216.2,0.0,2.9,104.0,1007.9,1007.9,2.7,4.8
2024-06-29 04:35:00+02:00,12.2,12.2,12.0,11.1,93.0,21.1,79.0,0.0,0.0,0.0,0.0,0.0,0.0,0.4,63.4,216.2,2.6,3.6,104.0,1007.9,1007.9,2.7,4.8
2024-06-29 04:40:00+02:00,12.1,12.1,12.0,11.0,93.0,21.1,79.0,0.0,0.0,0.0,0.0,0.0,0.0,0.4,63.4,216.2,2.2,4.0,106.0,1007.9,1007.9,2.7,4.8
2024-06-29 04:45:00+02:00,12.0,12.0,11.9,10.9,93.0,21.0,79.0,0.1,0.0,0.0,0.0,0.0,0.0,0.4,63.4,216.2,2.3,2.9,115.0,1007.8,1007.8,2.7,4.8
2024-06-29 04:50:00+02:00,11.9,11.9,11.9,10.8,93.0,20.9,79.0,0.2,0.0,0.0,0.0,0.0,0.0,0.4,63.4,216.2,1.2,2.9,110.0,1007.7,1007.7,2.7,4.8
2024-06-29 04:55:00+02:00,11.9,11.9,12.2,10.9,94.0,20.8,79.0,0.5,0.0,0.0,0.0,0.0,0.0,0.4,63.4,216.2,0.0,2.5,298.0,1007.8,1007.8,2.7,4.8
2024-06-29 05:00:00+02:00,12.1,12.1,12.4,11.2,94.0,20.8,79.0,0.9,0.0,0.0,0.0,0.0,0.0,0.4,63.4,216.2,0.0,0.0,297.0,1007.7,1007.7,2.7,4.8
2024-06-29 05:05:00+02:00,12.2,12.2,12.5,11.1,93.0,20.7,80.0,1.4,0.0,0.0,0.0,0.0,0.0,0.4,63.4,216.2,0.0,0.0,297.0,1007.6,1007.6,2.7,4.8
2024-06-29 05:10:00+02:00,12.2,12.2,12.5,11.1,93.0,20.7,80.0,2.3,0.0,0.0,0.0,0.0,0.0,0.4,63.4,216.2,0.0,0.0,48.0,1007.7,1007.7,2.7,4.8
2024-06-29 05:15:00+02:00,12.1,12.1,12.4,11.1,94.0,20.7,80.0,3.5,0.0,0.0,0.0,0.0,0.0,0.4,63.4,216.2,0.0,1.8,42.0,1007.7,1007.7,2.7,4.8
2024-06-29 05:20:00+02:00,12.2,12.2,12.6,11.2,93.0,20.6,80.0,4.7,0.0,0.0,0.0,0.0,0.0,0.4,63.4,216.2,0.0,1.8,309.0,1007.6,1007.6,2.7,4.8
2024-06-29 05:25:00+02:00,12.0,12.0,12.3,11.0,94.0,20.5,80.0,6.2,0.0,0.0,0.0,0.0,0.0,0.4,63.4,216.2,0.4,2.5,122.0,1007.6,1007.6,2.7,4.7
2024-06-29 05:30:00+02:00,12.0,12.0,11.8,11.1,94.0,20.5,80.0,7.4,0.0,0.0,0.0,0.0,0.0,0.4,63.4,216.2,2.6,3.6,108.0,1007.6,1007.6,2.7,4.7
2024-06-29 05:35:00+02:00,12.0,12.0,11.8,11.0,94.0,20.5,80.0,9.5,0.0,0.0,0.0,0.0,0.0,0.4,63.4,216.2,2.4,3.6,111.0,1007.6,1007.6,2.7,4.7
2024-06-29 05:40:00+02:00,11.9,11.9,12.2,10.9,94.0,20.4,80.0,12.3,0.0,0.0,0.0,0.0,0.0,0.4,63.4,216.2,0.4,2.5,117.0,1007.6,1007.6,2.7,4.7
2024-06-29 05:45:00+02:00,12.0,12.0,12.3,11.1,95.0,20.4,80.0,14.9,0.0,0.0,0.0,0.0,0.0,0.4,63.4,216.2,0.0,1.8,165.0,1007.7,1007.7,2.7,4.7
2024-06-29 05:50:00+02:00,12.2,12.2,12.6,11.3,94.0,20.3,80.0,17.5,0.0,0.0,0.0,0.0,0.0,0.4,63.4,216.2,0.0,2.5,190.0,1007.5,1007.5,2.7,4.7
2024-06-29 05:55:00+02:00,12.2,12.2,12.6,11.2,94.0,20.3,80.0,20.9,0.0,0.0,0.0,0.0,0.0,0.4,63.4,216.2,0.0,1.8,129.0,1007.4,1007.4,2.7,4.7
2024-06-29 06:00:00+02:00,12.3,12.3,12.1,11.4,94.0,20.2,80.0,21.3,0.0,0.0,0.0,0.0,0.0,0.4,63.4,216.2,3.0,4.0,113.0,1007.5,1007.5,2.7,4.7
2024-06-29 06:05:00+02:00,12.3,12.3,12.3,11.3,94.0,20.2,80.0,21.0,0.0,0.0,0.0,0.0,0.0,0.4,63.4,216.2,2.1,3.6,110.0,1007.4,1007.4,2.7,4.7
2024-06-29 06:10:00+02:00,12.4,12.4,12.6,11.4,94.0,20.2,80.0,22.8,0.0,0.0,0.0,0.0,0.0,0.4,63.4,216.2,1.5,3.6,104.0,1007.4,1007.4,2.7,4.7
2024-06-29 06:15:00+02:00,12.5,12.5,13.0,11.6,94.0,20.2,80.0,30.8,0.0,0.0,0.0,0.0,0.0,0.4,63.4,216.2,0.0,1.8,138.0,1007.5,1007.5,2.7,4.7
2024-06-29 06:20:00+02:00,12.6,12.6,13.1,11.7,94.0,20.2,80.0,35.0,0.0,0.0,0.0,0.0,0.0,0.4,63.4,216.2,0.0,2.5,124.0,1007.4,1007.4,2.7,4.7
2024-06-29 06:25:00+02:00,12.7,12.7,13.2,11.8,94.0,20.2,80.0,36.1,0.0,0.0,0.0,0.0,0.0,0.4,63.4,216.2,0.0,1.8,129.0,1007.3,1007.3,2.7,4.7
2024-06-29 06:30:00+02:00,12.8,12.8,13.4,11.9,94.0,20.2,80.0,35.8,0.0,0.0,0.0,0.0,0.0,0.4,63.4,216.2,0.0,1.8,131.0,1007.3,1007.3,2.7,4.7
2024-06-29 06:35:00+02:00,13.1,13.1,13.7,12.0,93.0,20.2,80.0,35.0,0.0,0.0,0.0,0.0,0.0,0.4,63.4,216.2,0.0,1.8,142.0,1007.2,1007.2,2.7,4.8
2024-06-29 06:40:00+02:00,13.5,13.5,14.1,12.0,91.0,20.2,81.0,41.1,0.0,0.0,0.0,0.0,0.0,0.4,63.4,216.2,0.0,1.8,321.0,1007.2,1007.2,2.7,4.8
2024-06-29 06:45:00+02:00,13.9,13.9,14.4,12.0,89.0,20.2,81.0,57.6,0.0,0.0,0.0,0.0,0.0,0.4,63.4,216.2,0.4,2.2,331.0,1007.2,1007.2,2.7,4.8
2024-06-29 06:50:00+02:00,14.2,14.2,14.7,12.0,87.0,20.2,81.0,57.2,0.0,0.0,0.0,0.0,0.0,0.4,63.4,216.2,0.7,2.9,294.0,1007.1,1007.1,2.7,4.8
2024-06-29 06:55:00+02:00,14.3,14.3,14.8,12.1,86.0,20.3,81.0,63.8,0.0,0.0,0.0,0.0,0.0,0.4,63.4,216.2,0.9,3.6,305.0,1007.2,1007.2,2.7,4.8
2024-06-29 07:00:00+02:00,14.4,14.4,15.0,12.1,86.0,20.3,81.0,65.5,0.0,0.0,0.0,0.0,0.0,0.4,63.4,216.2,0.4,3.6,294.0,1007.1,1007.1,2.7,4.8
2024-06-29 07:05:00+02:00,14.6,14.6,15.1,12.3,86.0,20.4,81.0,64.4,0.0,0.0,0.0,0.0,0.0,0.4,63.4,216.2,0.9,3.2,277.0,1007.0,1007.0,2.7,4.8
2024-06-29 07:10:00+02:00,14.7,14.7,15.0,12.2,85.0,20.5,81.0,66.1,0.0,0.0,0.0,0.0,0.0,0.4,63.4,216.2,1.9,3.2,282.0,1007.0,1007.0,2.7,4.8
2024-06-29 07:15:00+02:00,14.9,14.9,15.7,12.4,85.0,20.6,81.0,65.6,0.0,0.0,0.0,0.0,0.0,0.4,63.4,216.2,0.0,2.2,265.0,1006.9,1006.9,2.7,4.8
2024-06-29 07:20:00+02:00,15.2,15.2,15.9,12.4,84.0,20.7,81.0,64.8,0.0,0.0,0.0,0.0,0.0,0.4,63.4,216.2,0.0,1.8,280.0,1006.9,1006.9,2.7,4.8
2024-06-29 07:25:00+02:00,15.3,15.3,16.1,12.5,84.0,20.7,81.0,66.2,0.0,0.0,0.0,0.0,0.0,0.4,63.4,216.2,0.0,0.0,304.0,1006.9,1006.9,2.7,4.9
2024-06-29 07:30:00+02:00,15.3,15.3,15.9,12.5,83.0,20.8,81.0,73.2,0.0,0.0,0.0,0.0,0.0,0.4,63.4,216.2,0.9,3.2,120.0,1007.0,1007.0,2.7,4.9
2024-06-29 07:35:00+02:00,15.5,15.5,16.3,12.6,83.0,20.8,82.0,82.0,0.0,0.0,0.0,0.0,0.0,0.4,63.4,216.2,0.0,0.0,110.0,1006.9,1006.9,2.7,4.9
2024-06-29 07:40:00+02:00,15.7,15.7,16.3,12.8,83.0,20.8,82.0,87.5,0.0,0.0,0.0,0.0,0.0,0.4,63.4,216.2,0.9,2.9,116.0,1006.9,1006.9,2.7,4.9
2024-06-29 07:45:00+02:00,15.8,15.8,16.5,12.7,82.0,20.9,82.0,89.5,0.0,0.0,0.0,0.0,0.0,0.4,63.4,216.2,1.1,3.6,118.0,1006.8,1006.8,2.7,4.9
2024-06-29 07:50:00+02:00,16.2,16.2,16.7,12.5,79.0,20.9,82.0,88.6,0.0,0.0,0.0,0.0,0.0,0.4,63.4,216.2,1.8,5.4,26.0,1006.6,1006.6,2.7,4.9
2024-06-29 07:55:00+02:00,16.5,16.5,17.1,12.3,76.0,21.0,82.0,81.8,0.0,0.0,0.0,0.0,0.0,0.4,63.4,216.2,0.6,5.0,23.0,1006.6,1006.6,2.7,4.9
2024-06-29 08:00:00+02:00,16.6,16.6,17.2,12.4,76.0,21.1,82.0,78.7,0.0,0.0,0.0,0.0,0.0,0.4,63.4,216.2,0.9,4.3,72.0,1006.6,1006.6,2.7,4.9
2024-06-29 08:05:00+02:00,16.6,16.6,17.1,12.9,79.0,21.1,82.0,80.4,0.0,0.0,0.0,0.0,0.0,0.4,63.4,216.2,1.9,4.3,302.0,1006.6,1006.6,2.7,5.0
2024-06-29 08:10:00+02:00,16.5,16.5,16.9,12.6,77.0,21.2,82.0,82.2,0.0,0.0,0.0,0.0,0.0,0.4,63.4,216.2,2.1,6.1,328.0,1006.4,1006.4,2.7,5.0
2024-06-29 08:15:00+02:00,16.8,16.8,17.5,12.6,76.0,21.3,82.0,81.2,0.0,0.0,0.0,0.0,0.0,0.4,63.4,216.2,1.1,4.0,274.0,1006.5,1006.5,2.7,5.0
2024-06-29 08:20:00+02:00,17.0,17.0,17.7,12.6,75.0,21.3,81.0,78.9,0.0,0.0,0.0,0.0,0.0,0.4,63.4,216.2,0.4,4.7,246.0,1006.5,1006.5,2.7,5.0
2024-06-29 08:25:00+02:00,17.2,17.2,17.7,12.7,75.0,21.4,81.0,167.4,1.0,0.0,0.0,0.0,0.0,0.4,63.4,216.2,1.3,4.7,34.0,1006.5,1006.5,2.7,5.0
2024-06-29 08:30:00+02:00,17.4,17.4,17.7,12.5,73.0,21.4,82.0,198.0,1.0,0.0,0.0,0.0,0.0,0.4,63.4,216.2,2.4,6.1,9.0,1006.4,1006.4,2.7,5.0
2024-06-29 08:35:00+02:00,17.8,17.8,18.3,12.7,72.0,21.5,82.0,239.5,2.0,0.0,0.0,0.0,0.0,0.4,63.4,216.2,2.0,6.8,5.0,1006.4,1006.4,2.7,5.1
2024-06-29 08:40:00+02:00,18.3,18.3,18.9,13.1,71.0,21.6,82.0,254.8,2.0,0.0,0.0,0.0,0.0,0.4,63.4,216.2,2.2,6.8,265.0,1006.4,1006.4,2.7,5.1
2024-06-29 08:45:00+02:00,18.7,18.7,18.8,13.2,70.0,21.7,82.0,253.0,2.0,0.0,0.0,0.0,0.0,0.4,63.4,216.2,4.0,5.8,277.0,1006.4,1006.4,2.7,5.2
2024-06-29 08:50:00+02:00,18.9,18.9,19.3,13.0,68.0,21.7,82.0,276.7,2.0,0.0,0.0,0.0,0.0,0.4,63.4,216.2,2.9,6.1,259.0,1006.4,1006.4,2.7,5.2
2024-06-29 08:55:00+02:00,19.4,19.4,20.1,13.2,67.0,21.8,82.0,312.6,2.0,0.0,0.0,0.0,0.0,0.4,63.4,216.2,1.4,4.0,286.0,1006.4,1006.4,2.7,5.2
2024-06-29 09:00:00+02:00,20.8,20.8,21.7,13.4,63.0,22.1,83.0,332.4,3.0,0.0,0.0,0.0,0.0,0.4,63.4,216.2,0.8,2.9,144.0,1006.5,1006.5,2.7,5.2
2024-06-29 09:05:00+02:00,20.9,20.9,21.5,13.5,62.0,22.3,83.0,334.2,3.0,0.0,0.0,0.0,0.0,0.4,63.4,216.2,3.0,6.8,302.0,1006.4,1006.4,2.7,5.2
2024-06-29 09:10:00+02:00,19.9,19.9,20.4,13.3,66.0,22.5,83.0,319.1,2.0,0.0,0.0,0.0,0.0,0.4,63.4,216.2,2.7,6.8,306.0,1006.5,1006.5,2.7,5.2
2024-06-29 09:15:00+02:00,20.5,20.5,21.0,13.5,64.0,22.8,83.0,296.6,2.0,0.0,0.0,0.0,0.0,0.4,63.4,216.2,2.8,5.4,299.0,1006.5,1006.5,2.7,5.2
2024-06-29 09:20:00+02:00,20.6,20.6,21.2,13.5,64.0,23.1,82.0,344.7,3.0,0.0,0.0,0.0,0.0,0.4,63.4,216.2,2.3,6.5,307.0,1006.5,1006.5,2.7,5.2
2024-06-29 09:25:00+02:00,20.9,20.9,21.8,13.4,62.0,23.3,82.0,348.8,3.0,0.0,0.0,0.0,0.0,0.4,63.4,216.2,0.7,4.3,64.0,1006.4,1006.4,2.7,5.3
2024-06-29 09:30:00+02:00,21.5,21.5,21.9,13.7,61.0,23.6,82.0,385.4,3.0,0.0,0.0,0.0,0.0,0.4,63.4,216.2,3.9,6.1,298.0,1006.3,1006.3,2.7,5.3
2024-06-29 09:35:00+02:00,21.3,21.3,21.5,13.6,62.0,23.8,82.0,378.4,3.0,0.0,0.0,0.0,0.0,0.4,63.4,216.2,4.6,7.2,306.0,1006.3,1006.3,2.7,5.3
2024-06-29 09:40:00+02:00,21.6,21.6,21.7,13.9,61.0,24.0,82.0,390.4,3.0,0.0,0.0,0.0,0.0,0.4,63.4,216.2,6.0,9.0,292.0,1006.3,1006.3,2.7,5.3
2024-06-29 09:45:00+02:00,21.6,21.6,21.8,13.9,61.0,24.3,81.0,357.5,3.0,0.0,0.0,0.0,0.0,0.4,63.4,216.2,5.4,9.0,274.0,1006.3,1006.3,2.7,5.3
2024-06-29 09:50:00+02:00,21.7,21.7,22.1,13.7,60.0,24.5,81.0,364.6,3.0,0.0,0.0,0.0,0.0,0.4,63.4,216.2,4.4,9.7,276.0,1006.3,1006.3,2.7,5.3
2024-06-29 09:55:00+02:00,21.9,21.9,22.3,14.1,61.0,24.8,81.0,418.9,3.0,0.0,0.0,0.0,0.0,0.4,63.4,216.2,4.7,7.2,296.0,1006.3,1006.3,2.7,5.3
2024-06-29 10:00:00+02:00,21.5,21.5,21.6,13.5,60.0,25.0,81.0,403.9,3.0,0.0,0.0,0.0,0.0,0.4,63.4,216.2,5.4,9.0,275.0,1006.2,1006.2,2.7,5.3
2024-06-29 10:05:00+02:00,22.0,22.0,22.2,13.3,58.0,25.3,80.0,443.4,4.0,0.0,0.0,0.0,0.0,0.4,63.4,216.2,4.0,10.1,272.0,1006.1,1006.1,2.7,5.3
2024-06-29 10:10:00+02:00,22.5,22.5,22.5,13.5,57.0,25.5,80.0,427.0,3.0,0.0,0.0,0.0,0.0,0.4,63.4,216.2,6.0,10.1,339.0,1006.0,1006.0,2.7,5.3
2024-06-29 10:15:00+02:00,21.3,21.3,20.9,12.9,59.0,25.8,79.0,277.8,2.0,0.0,0.0,0.0,0.0,0.4,63.4,216.2,6.7,10.8,347.0,1005.8,1005.8,2.7,5.3
2024-06-29 10:20:00+02:00,21.6,21.6,21.7,12.9,57.0,26.1,79.0,297.2,2.0,0.0,0.0,0.0,0.0,0.4,63.4,216.2,4.5,7.6,269.0,1005.7,1005.7,2.7,5.3
2024-06-29 10:25:00+02:00,21.6,21.6,21.5,13.3,59.0,26.3,79.0,407.6,3.0,0.0,0.0,0.0,0.0,0.4,63.4,216.2,5.7,9.0,277.0,1005.7,1005.7,2.7,5.3
2024-06-29 10:30:00+02:00,22.1,22.1,22.0,12.8,56.0,26.5,78.0,376.9,3.0,0.0,0.0,0.0,0.0,0.4,63.4,216.2,5.1,10.4,274.0,1005.7,1005.7,2.7,5.3
2024-06-29 10:35:00+02:00,22.4,22.4,22.4,12.9,55.0,26.7,78.0,530.8,4.0,0.0,0.0,0.0,0.0,0.4,63.4,216.2,5.0,8.6,346.0,1005.8,1005.8,2.7,5.3
2024-06-29 10:40:00+02:00,22.7,22.7,21.9,12.5,53.0,26.9,77.0,523.1,4.0,0.0,0.0,0.0,0.0,0.4,63.4,216.2,7.8,11.9,272.0,1005.7,1005.7,2.7,5.3
2024-06-29 10:45:00+02:00,22.9,22.9,22.5,12.0,50.0,27.1,77.0,448.4,4.0,0.0,0.0,0.0,0.0,0.4,63.4,216.2,5.0,12.6,271.0,1005.6,1005.6,2.7,5.3
2024-06-29 10:50:00+02:00,22.8,22.8,21.9,11.6,49.0,27.3,77.0,482.4,4.0,0.0,0.0,0.0,0.0,0.4,63.4,216.2,7.5,12.6,278.0,1005.4,1005.4,2.7,5.3
2024-06-29 10:55:00+02:00,23.0,23.0,22.6,11.8,49.0,27.5,77.0,462.4,4.0,0.0,0.0,0.0,0.0,0.4,63.4,216.2,4.8,10.8,293.0,1005.4,1005.4,2.7,5.3
2024-06-29 11:00:00+02:00,23.2,23.2,22.8,12.5,51.0,27.7,77.0,522.6,4.0,0.0,0.0,0.0,0.0,0.4,63.4,216.2,5.7,9.0,294.0,1005.4,1005.4,2.7,5.3
2024-06-29 11:05:00+02:00,23.2,23.2,23.0,12.5,51.0,27.9,76.0,516.6,4.0,0.0,0.0,0.0,0.0,0.4,63.4,216.2,5.0,12.6,299.0,1005.3,1005.3,2.7,5.3
2024-06-29 11:10:00+02:00,23.3,23.3,22.6,12.5,51.0,28.2,76.0,519.6,4.0,0.0,0.0,0.0,0.0,0.4,63.4,216.2,7.9,14.0,283.0,1005.2,1005.2,2.7,5.3
2024-06-29 11:15:00+02:00,23.6,23.6,22.9,12.4,49.0,28.4,76.0,490.7,4.0,0.0,0.0,0.0,0.0,0.4,63.4,216.2,7.1,13.3,275.0,1005.0,1005.0,2.7,5.3
2024-06-29 11:20:00+02:00,23.9,23.9,23.5,11.8,47.0,28.7,76.0,482.6,4.0,0.0,0.0,0.0,0.0,0.4,63.4,216.2,4.8,12.2,336.0,1005.1,1005.1,2.7,5.3
2024-06-29 11:25:00+02:00,23.9,23.9,23.4,11.4,46.0,28.9,76.0,539.1,5.0,0.0,0.0,0.0,0.0,0.4,63.4,216.2,4.5,13.7,353.0,1005.1,1005.1,2.7,5.3
2024-06-29 11:30:00+02:00,23.9,23.9,22.8,11.9,47.0,29.1,75.0,513.3,4.0,0.0,0.0,0.0,0.0,0.4,63.4,216.2,8.1,14.4,311.0,1005.1,1005.1,2.7,5.3
2024-06-29 11:35:00+02:00,23.7,23.7,23.0,12.3,49.0,29.3,75.0,555.5,5.0,0.0,0.0,0.0,0.0,0.4,63.4,216.2,7.2,12.2,291.0,1004.9,1004.9,2.7,5.3
2024-06-29 11:40:00+02:00,24.5,24.5,24.7,12.0,46.0,29.5,75.0,539.1,5.0,0.0,0.0,0.0,0.0,0.4,63.4,216.2,2.1,11.9,16.0,1004.9,1004.9,2.7,5.3
2024-06-29 11:45:00+02:00,24.9,24.9,24.4,11.8,44.0,29.7,75.0,553.0,5.0,0.0,0.0,0.0,0.0,0.4,63.4,216.2,5.3,9.4,349.0,1004.8,1004.8,2.7,5.3
2024-06-29 11:50:00+02:00,24.5,24.5,24.4,11.2,43.0,30.0,74.0,539.7,5.0,0.0,0.0,0.0,0.0,0.4,63.4,216.2,2.7,8.6,280.0,1004.8,1004.8,2.7,5.3
2024-06-29 11:55:00+02:00,24.3,24.3,23.9,11.3,44.0,30.2,74.0,560.2,5.0,0.0,0.0,0.0,0.0,0.4,63.4,216.2,4.2,13.7,320.0,1004.8,1004.8,2.7,5.3
2024-06-29 12:00:00+02:00,24.9,24.9,24.7,11.7,44.0,30.3,74.0,558.6,5.0,0.0,0.0,0.0,0.0,0.4,63.4,216.2,4.0,7.6,351.0,1004.7,1004.7,2.7,5.3
2024-06-29 12:05:00+02:00,25.4,25.4,25.3,11.8,43.0,30.6,74.0,568.8,5.0,0.0,0.0,0.0,0.0,0.4,63.4,216.2,3.4,11.5,339.0,1004.6,1004.6,2.7,5.3
2024-06-29 12:10:00+02:00,25.2,25.2,24.5,12.0,44.0,30.8,74.0,567.3,5.0,0.0,0.0,0.0,0.0,0.4,63.4,216.2,6.6,13.7,291.0,1004.6,1004.6,2.7,5.3
2024-06-29 12:15:00+02:00,25.2,25.2,25.0,11.8,43.0,31.0,73.0,585.2,5.0,0.0,0.0,0.0,0.0,0.4,63.4,216.2,3.7,10.4,344.0,1004.5,1004.5,2.7,5.3
2024-06-29 12:20:00+02:00,26.1,26.1,25.9,12.0,42.0,31.2,73.0,587.1,5.0,0.0,0.0,0.0,0.0,0.4,63.4,216.2,4.0,10.8,267.0,1004.5,1004.5,2.7,5.3
2024-06-29 12:25:00+02:00,26.4,26.4,26.4,12.3,41.0,31.4,73.0,595.6,5.0,0.0,0.0,0.0,0.0,0.4,63.4,216.2,3.9,10.4,279.0,1004.5,1004.5,2.7,5.3
2024-06-29 12:30:00+02:00,26.0,26.0,25.3,11.5,40.0,31.6,73.0,622.4,5.0,0.0,0.0,0.0,0.0,0.4,63.4,216.2,6.3,11.5,358.0,1004.5,1004.5,2.7,5.3
2024-06-29 12:35:00+02:00,25.8,25.8,25.4,11.9,42.0,31.8,72.0,540.3,5.0,0.0,0.0,0.0,0.0,0.4,63.4,216.2,4.9,11.9,279.0,1004.4,1004.4,2.7,5.3
2024-06-29 12:40:00+02:00,25.3,25.3,24.7,11.6,42.0,31.9,72.0,654.6,6.0,0.0,0.0,0.0,0.0,0.4,63.4,216.2,5.7,10.8,327.0,1004.2,1004.2,2.7,5.3
2024-06-29 12:45:00+02:00,25.4,25.4,25.1,11.9,43.0,32.1,72.0,581.7,5.0,0.0,0.0,0.0,0.0,0.4,63.4,216.2,4.4,8.6,160.0,1004.1,1004.1,2.7,5.3
2024-06-29 12:50:00+02:00,25.8,25.8,26.0,11.6,41.0,32.2,72.0,584.1,5.0,0.0,0.0,0.0,0.0,0.4,63.4,216.2,1.5,7.2,295.0,1004.0,1004.0,2.7,5.3
2024-06-29 12:55:00+02:00,26.7,26.6,26.7,11.4,38.0,32.3,72.0,629.1,5.0,0.0,0.0,0.0,0.0,0.4,63.4,216.2,2.5,8.6,130.0,1004.1,1004.1,2.7,5.3
2024-06-29 13:00:00+02:00,26.1,26.1,26.1,11.3,40.0,32.4,72.0,651.1,6.0,0.0,0.0,0.0,0.0,0.4,63.4,216.2,2.2,9.7,322.0,1004.1,1004.1,2.7,5.3
2024-06-29 13:05:00+02:00,26.0,26.0,25.7,11.7,41.0,32.6,72.0,556.6,5.0,0.0,0.0,0.0,0.0,0.4,63.4,216.2,4.2,9.7,177.0,1004.0,1004.0,2.7,5.3
2024-06-29 13:10:00+02:00,26.3,26.3,26.1,10.7,38.0,32.6,72.0,576.7,5.0,0.0,0.0,0.0,0.0,0.4,63.4,216.2,2.4,6.5,207.0,1004.0,1004.0,2.7,5.3
2024-06-29 13:15:00+02:00,26.9,26.8,26.2,11.6,38.0,32.7,72.0,595.3,5.0,0.0,0.0,0.0,0.0,0.4,63.4,216.2,6.3,10.1,261.0,1003.9,1003.9,2.7,5.3
2024-06-29 13:20:00+02:00,26.7,26.6,26.1,11.3,38.0,32.8,72.0,622.0,5.0,0.0,0.0,0.0,0.0,0.4,63.4,216.2,5.3,15.1,342.0,1003.9,1003.9,2.7,5.3
2024-06-29 13:25:00+02:00,26.6,26.4,26.2,10.6,37.0,33.0,72.0,683.5,6.0,0.0,0.0,0.0,0.0,0.4,63.4,216.2,3.0,8.3,254.0,1003.9,1003.9,2.7,5.3
2024-06-29 13:30:00+02:00,27.0,26.8,26.5,11.8,39.0,33.1,72.0,647.8,6.0,0.0,0.0,0.0,0.0,0.4,63.4,216.2,5.2,10.8,102.0,1003.7,1003.7,2.7,5.3
2024-06-29 13:35:00+02:00,26.8,26.6,26.4,11.3,38.0,33.3,72.0,608.4,5.0,0.0,0.0,0.0,0.0,0.4,63.4,216.2,4.0,10.4,285.0,1003.7,1003.7,2.7,5.3
2024-06-29 13:40:00+02:00,27.2,26.9,26.4,11.4,37.0,33.3,72.0,360.7,3.0,0.0,0.0,0.0,0.0,0.4,63.4,216.2,6.3,9.4,272.0,1003.5,1003.5,2.7,5.3
2024-06-29 13:45:00+02:00,26.7,26.6,25.8,11.4,39.0,33.4,73.0,538.4,5.0,0.0,0.0,0.0,0.0,0.4,63.4,216.2,6.8,9.7,269.0,1003.7,1003.7,2.7,5.3
2024-06-29 13:50:00+02:00,26.5,26.5,25.7,11.4,39.0,33.4,73.0,639.8,5.0,0.0,0.0,0.0,0.0,0.4,63.4,216.2,6.2,14.4,293.0,1003.5,1003.5,2.7,5.3
2024-06-29 13:55:00+02:00,26.3,26.3,25.5,11.2,39.0,33.6,72.0,635.5,5.0,0.0,0.0,0.0,0.0,0.4,63.4,216.2,6.7,16.2,5.0,1003.4,1003.4,2.7,5.3
2024-06-29 14:00:00+02:00,26.4,26.4,25.9,11.3,39.0,33.7,73.0,637.4,5.0,0.0,0.0,0.0,0.0,0.4,63.4,216.2,4.4,10.8,284.0,1003.3,1003.3,2.7,5.3
2024-06-29 14:05:00+02:00,27.4,27.0,26.8,11.7,38.0,33.8,73.0,605.6,5.0,0.0,0.0,0.0,0.0,0.4,63.4,216.2,5.7,9.7,289.0,1003.2,1003.2,2.7,5.3
2024-06-29 14:10:00+02:00,27.6,27.1,27.2,11.7,37.0,33.8,74.0,671.4,6.0,0.0,0.0,0.0,0.0,0.4,63.4,216.2,4.5,8.6,305.0,1003.2,1003.2,2.7,5.3
2024-06-29 14:15:00+02:00,27.4,27.0,27.3,11.9,38.0,34.0,74.0,653.0,6.0,0.0,0.0,0.0,0.0,0.4,63.4,216.2,3.3,11.9,316.0,1003.2,1003.2,2.7,5.3
2024-06-29 14:20:00+02:00,27.7,27.3,27.4,11.9,38.0,34.1,74.0,685.5,6.0,0.0,0.0,0.0,0.0,0.4,63.4,216.2,4.8,15.5,273.0,1003.1,1003.1,2.7,5.3
2024-06-29 14:25:00+02:00,27.7,27.2,28.0,11.8,37.0,34.2,74.0,679.8,6.0,0.0,0.0,0.0,0.0,0.4,63.4,216.2,1.4,6.1,319.0,1002.9,1002.9,2.7,5.3
2024-06-29 14:30:00+02:00,27.4,27.1,27.3,12.3,39.0,34.3,74.0,634.5,5.0,0.0,0.0,0.0,0.0,0.4,63.4,216.2,4.5,14.4,353.0,1002.8,1002.8,2.7,5.3
2024-06-29 14:35:00+02:00,27.0,26.9,26.8,12.5,41.0,34.3,74.0,524.0,4.0,0.0,0.0,0.0,0.0,0.4,63.4,216.2,5.1,13.3,337.0,1002.7,1002.7,2.7,5.3
2024-06-29 14:40:00+02:00,27.1,27.0,27.6,12.7,41.0,34.3,75.0,527.7,4.0,0.0,0.0,0.0,0.0,0.4,63.4,216.2,1.9,7.6,135.0,1002.7,1002.7,2.7,5.3
2024-06-29 14:45:00+02:00,27.9,27.5,28.1,12.7,39.0,34.3,75.0,516.6,4.0,0.0,0.0,0.0,0.0,0.4,63.4,216.2,3.2,6.5,255.0,1002.8,1002.8,2.7,5.3
2024-06-29 14:50:00+02:00,28.0,27.5,28.0,12.2,38.0,34.4,75.0,491.3,4.0,0.0,0.0,0.0,0.0,0.4,63.4,216.2,3.2,9.0,338.0,1002.7,1002.7,2.7,5.3
2024-06-29 14:55:00+02:00,27.7,27.3,27.9,12.3,38.0,34.4,75.0,536.6,4.0,0.0,0.0,0.0,0.0,0.4,63.4,216.2,3.0,7.9,270.0,1002.6,1002.6,2.7,5.3
2024-06-29 15:00:00+02:00,27.8,27.4,27.7,12.1,38.0,34.4,75.0,446.3,4.0,0.0,0.0,0.0,0.0,0.4,63.4,216.2,3.7,11.9,314.0,1002.7,1002.7,2.7,5.3
2024-06-29 15:05:00+02:00,28.5,28.0,28.6,12.9,38.0,34.5,75.0,426.1,3.0,0.0,0.0,0.0,0.0,0.4,63.4,216.2,3.9,8.6,270.0,1002.6,1002.6,2.7,5.3
2024-06-29 15:10:00+02:00,27.7,27.4,27.1,12.9,40.0,34.5,75.0,414.9,3.0,0.0,0.0,0.0,0.0,0.4,63.4,216.2,7.6,16.6,339.0,1002.4,1002.4,2.7,5.3
2024-06-29 15:15:00+02:00,27.1,27.0,26.7,12.5,40.0,34.5,76.0,342.5,3.0,0.0,0.0,0.0,0.0,0.4,63.4,216.2,6.4,14.4,334.0,1002.2,1002.2,2.7,5.3
2024-06-29 15:20:00+02:00,27.3,27.1,27.1,12.6,40.0,34.5,76.0,366.5,3.0,0.0,0.0,0.0,0.0,0.4,63.4,216.2,4.8,11.2,325.0,1002.2,1002.2,2.7,5.3
2024-06-29 15:25:00+02:00,27.0,26.9,26.5,12.7,41.0,34.5,76.0,431.5,4.0,0.0,0.0,0.0,0.0,0.4,63.4,216.2,6.9,13.0,329.0,1002.1,1002.1,2.7,5.3
2024-06-29 15:30:00+02:00,27.2,27.0,26.3,12.3,40.0,34.5,76.0,437.2,4.0,0.0,0.0,0.0,0.0,0.4,63.4,216.2,7.9,12.2,273.0,1002.1,1002.1,2.7,5.3
2024-06-29 15:35:00+02:00,26.9,26.8,26.4,12.5,41.0,34.5,76.0,434.6,4.0,0.0,0.0,0.0,0.0,0.4,63.4,216.2,6.6,14.4,282.0,1002.0,1002.0,2.7,5.3
2024-06-29 15:40:00+02:00,27.0,26.9,26.1,12.2,40.0,34.5,76.0,449.0,4.0,0.0,0.0,0.0,0.0,0.4,63.4,216.2,8.4,16.2,261.0,1001.9,1001.9,2.7,5.3
2024-06-29 15:45:00+02:00,27.5,27.3,27.3,13.1,41.0,34.5,76.0,472.2,4.0,0.0,0.0,0.0,0.0,0.4,63.4,216.2,5.8,13.3,295.0,1001.9,1001.9,2.7,5.3
2024-06-29 15:50:00+02:00,27.6,27.3,27.4,12.8,40.0,34.6,76.0,462.0,4.0,0.0,0.0,0.0,0.0,0.4,63.4,216.2,5.4,13.3,270.0,1001.7,1001.7,2.7,5.3
2024-06-29 15:55:00+02:00,27.5,27.2,27.2,12.8,40.0,34.6,76.0,289.1,2.0,0.0,0.0,0.0,0.0,0.4,63.4,216.2,6.1,9.4,289.0,1001.9,1001.9,2.7,5.3
2024-06-29 16:00:00+02:00,26.6,26.7,26.4,12.6,42.0,34.5,76.0,402.4,3.0,0.0,0.0,0.0,0.0,0.4,63.4,216.2,5.5,12.2,306.0,1001.9,1001.9,2.7,5.3
2024-06-29 16:05:00+02:00,26.7,26.6,26.4,12.9,43.0,34.5,76.0,278.4,2.0,0.0,0.0,0.0,0.0,0.4,63.4,216.2,6.0,12.6,271.0,1001.7,1001.7,2.7,5.3
2024-06-29 16:10:00+02:00,26.7,26.7,26.7,12.5,41.0,34.5,76.0,549.5,5.0,0.0,0.0,0.0,0.0,0.4,63.4,216.2,3.9,9.7,266.0,1001.7,1001.7,2.7,5.3
2024-06-29 16:15:00+02:00,27.3,27.2,27.2,13.1,41.0,34.5,77.0,548.1,5.0,0.0,0.0,0.0,0.0,0.4,63.4,216.2,5.5,10.8,299.0,1001.7,1001.7,2.7,5.3
2024-06-29 16:20:00+02:00,27.4,27.2,27.1,13.0,41.0,34.5,77.0,417.7,3.0,0.0,0.0,0.0,0.0,0.4,63.4,216.2,6.5,13.0,305.0,1001.6,1001.6,2.7,5.3
2024-06-29 16:25:00+02:00,27.5,27.3,27.6,13.1,41.0,34.5,77.0,460.9,4.0,0.0,0.0,0.0,0.0,0.4,63.4,216.2,4.4,12.6,358.0,1001.5,1001.5,2.7,5.3
2024-06-29 16:30:00+02:00,27.7,27.4,27.5,12.8,40.0,34.6,77.0,405.4,3.0,0.0,0.0,0.0,0.0,0.4,63.4,216.2,5.3,9.7,301.0,1001.5,1001.5,2.7,5.3
2024-06-29 16:35:00+02:00,27.6,27.4,28.1,13.2,41.0,34.5,77.0,270.2,2.0,0.0,0.0,0.0,0.0,0.4,63.4,216.2,2.5,9.4,286.0,1001.3,1001.3,2.7,5.3
2024-06-29 16:40:00+02:00,27.4,27.3,27.1,13.3,42.0,34.6,77.0,270.7,2.0,0.0,0.0,0.0,0.0,0.4,63.4,216.2,6.5,13.7,285.0,1001.3,1001.3,2.7,5.3
2024-06-29 16:45:00+02:00,27.3,27.1,27.0,12.9,41.0,34.5,77.0,394.9,3.0,0.0,0.0,0.0,0.0,0.4,63.4,216.2,6.1,13.3,294.0,1001.1,1001.1,2.7,5.3
2024-06-29 16:50:00+02:00,27.2,27.2,27.1,13.3,42.0,34.5,77.0,459.0,4.0,0.0,0.0,0.0,0.0,0.4,63.4,216.2,5.9,12.6,282.0,1001.0,1001.0,2.7,5.3
2024-06-29 16:55:00+02:00,27.4,27.2,26.9,13.1,41.0,34.5,77.0,457.9,4.0,0.0,0.0,0.0,0.0,0.4,63.4,216.2,7.2,10.4,296.0,1000.9,1000.9,2.7,5.3
2024-06-29 17:00:00+02:00,27.9,27.6,27.3,13.0,40.0,34.5,77.0,447.5,4.0,0.0,0.0,0.0,0.0,0.4,63.4,216.2,7.8,12.6,266.0,1000.9,1000.9,2.7,5.3
2024-06-29 17:05:00+02:00,27.8,27.5,27.6,13.2,41.0,34.5,77.0,428.4,3.0,0.0,0.0,0.0,0.0,0.4,63.4,216.2,6.0,12.6,281.0,1000.8,1000.8,2.7,5.3
2024-06-29 17:10:00+02:00,27.6,27.4,27.0,13.5,42.0,34.5,77.0,325.4,3.0,0.0,0.0,0.0,0.0,0.4,63.4,216.2,8.6,14.8,296.0,1000.6,1000.6,2.7,5.3
2024-06-29 17:15:00+02:00,27.5,27.3,27.6,13.4,42.0,34.5,78.0,263.3,2.0,0.0,0.0,0.0,0.0,0.4,63.4,216.2,4.7,10.4,291.0,1000.5,1000.5,2.7,5.3
2024-06-29 17:20:00+02:00,27.0,27.0,26.6,13.3,43.0,34.4,78.0,189.4,1.0,0.0,0.0,0.0,0.0,0.4,63.4,216.2,7.7,12.2,279.0,1000.4,1000.4,2.7,5.3
2024-06-29 17:25:00+02:00,27.1,27.1,27.3,13.3,43.0,34.4,78.0,374.6,3.0,0.0,0.0,0.0,0.0,0.4,63.4,216.2,4.2,8.6,303.0,1000.4,1000.4,2.7,5.3
2024-06-29 17:30:00+02:00,27.4,27.3,27.1,13.2,42.0,34.4,78.0,365.6,3.0,0.0,0.0,0.0,0.0,0.4,63.4,216.2,6.8,11.2,354.0,1000.2,1000.2,2.7,5.3
2024-06-29 17:35:00+02:00,27.3,27.2,26.9,13.1,42.0,34.3,78.0,346.8,3.0,0.0,0.0,0.0,0.0,0.4,63.4,216.2,7.3,15.1,327.0,1000.1,1000.1,2.7,5.3
2024-06-29 17:40:00+02:00,27.0,27.0,27.2,13.3,43.0,34.3,78.0,170.5,1.0,0.0,0.0,0.0,0.0,0.4,63.4,216.2,4.5,11.2,309.0,1000.2,1000.2,2.7,5.3
2024-06-29 17:45:00+02:00,26.9,27.0,27.1,13.4,43.0,34.3,78.0,275.0,2.0,0.0,0.0,0.0,0.0,0.4,63.4,216.2,4.8,10.8,268.0,1000.2,1000.2,2.7,5.3
2024-06-29 17:50:00+02:00,27.0,27.0,26.8,13.5,43.0,34.2,78.0,176.3,1.0,0.0,0.0,0.0,0.0,0.4,63.4,216.2,6.3,8.6,272.0,1000.1,1000.1,2.7,5.3
2024-06-29 17:55:00+02:00,27.0,27.0,27.1,13.5,43.0,34.2,78.0,275.4,2.0,0.0,0.0,0.0,0.0,0.4,63.4,216.2,5.1,9.0,295.0,1000.1,1000.1,2.7,5.3
2024-06-29 18:00:00+02:00,27.2,27.1,27.6,13.5,43.0,34.2,78.0,163.1,1.0,0.0,0.0,0.0,0.0,0.4,63.4,216.2,3.0,7.9,5.0,999.9,999.9,2.7,5.3
2024-06-29 18:05:00+02:00,26.9,26.9,27.1,13.3,43.0,34.1,78.0,206.2,1.0,0.0,0.0,0.0,0.0,0.4,63.4,216.2,4.2,11.2,351.0,999.9,999.9,2.7,5.3
2024-06-29 18:10:00+02:00,26.7,26.9,26.8,13.6,44.0,34.1,78.0,147.6,1.0,0.0,0.0,0.0,0.0,0.4,63.4,216.2,5.7,13.7,323.0,999.9,999.9,2.7,5.3
2024-06-29 18:15:00+02:00,26.9,27.0,27.1,13.6,44.0,34.0,78.0,217.6,2.0,0.0,0.0,0.0,0.0,0.4,63.4,216.2,4.5,10.1,292.0,999.7,999.7,2.7,5.3
2024-06-29 18:20:00+02:00,26.8,27.0,26.9,13.8,45.0,34.0,78.0,152.2,1.0,0.0,0.0,0.0,0.0,0.4,63.4,216.2,6.1,10.4,271.0,999.7,999.7,2.7,5.3
2024-06-29 18:25:00+02:00,26.8,26.9,26.4,13.3,43.0,33.9,78.0,147.5,1.0,0.0,0.0,0.0,0.0,0.4,63.4,216.2,7.6,13.0,288.0,999.6,999.6,2.7,5.3
2024-06-29 18:30:00+02:00,26.8,26.9,26.7,13.6,44.0,33.8,78.0,149.3,1.0,0.0,0.0,0.0,0.0,0.4,63.4,216.2,6.3,15.1,290.0,999.6,999.6,2.7,5.3
2024-06-29 18:35:00+02:00,26.8,26.9,26.4,13.4,44.0,33.8,78.0,132.6,1.0,0.0,0.0,0.0,0.0,0.4,63.4,216.2,7.6,16.6,326.0,999.4,999.4,2.7,5.3
2024-06-29 18:40:00+02:00,26.8,26.8,27.0,13.3,43.0,33.7,78.0,141.4,1.0,0.0,0.0,0.0,0.0,0.4,63.4,216.2,4.1,11.2,298.0,999.5,999.5,2.7,5.3
2024-06-29 18:45:00+02:00,26.8,26.9,26.9,13.4,44.0,33.7,78.0,134.7,1.0,0.0,0.0,0.0,0.0,0.4,63.4,216.2,5.3,9.0,331.0,999.5,999.5,2.7,5.3
2024-06-29 18:50:00+02:00,26.9,26.9,26.8,13.3,43.0,33.7,78.0,106.8,0.0,0.0,0.0,0.0,0.0,0.4,63.4,216.2,5.8,9.0,319.0,999.5,999.5,2.7,5.3
2024-06-29 18:55:00+02:00,26.7,26.8,26.8,13.5,44.0,33.6,79.0,93.2,0.0,0.0,0.0,0.0,0.0,0.4,63.4,216.2,5.4,7.9,284.0,999.4,999.4,2.7,5.3
2024-06-29 19:00:00+02:00,26.7,26.7,26.8,13.3,44.0,33.5,79.0,96.5,0.0,0.0,0.0,0.0,0.0,0.4,63.4,216.2,4.5,7.6,292.0,999.3,999.3,2.7,5.3
2024-06-29 19:05:00+02:00,26.7,26.8,26.8,13.4,44.0,33.5,79.0,111.0,1.0,0.0,0.0,0.0,0.0,0.4,63.4,216.2,5.3,9.0,300.0,999.2,999.2,2.7,5.3
2024-06-29 19:10:00+02:00,26.7,26.7,26.9,13.5,44.0,33.5,79.0,82.6,0.0,0.0,0.0,0.0,0.0,0.4,63.4,216.2,4.2,7.9,269.0,999.3,999.3,2.7,5.3
2024-06-29 19:15:00+02:00,26.5,26.5,26.8,13.4,45.0,33.4,79.0,69.4,0.0,0.0,0.0,0.0,0.0,0.4,63.4,216.2,3.9,8.6,280.0,999.4,999.4,2.7,5.3
2024-06-29 19:20:00+02:00,26.4,26.4,27.0,13.6,45.0,33.4,79.0,84.1,0.0,0.0,0.0,0.0,0.0,0.4,63.4,216.2,2.7,5.0,296.0,999.2,999.2,2.7,5.3
2024-06-29 19:25:00+02:00,26.4,26.4,26.9,13.4,45.0,33.3,79.0,89.1,0.0,0.0,0.0,0.0,0.0,0.4,63.4,216.2,3.3,7.2,303.0,999.2,999.2,2.7,5.3
2024-06-29 19:30:00+02:00,26.5,26.5,26.9,13.7,45.0,33.2,79.0,85.6,0.0,0.0,0.0,0.0,0.0,0.4,63.4,216.2,3.9,7.2,271.0,999.2,999.2,2.7,5.3
2024-06-29 19:35:00+02:00,26.3,26.3,26.6,13.5,45.0,33.2,79.0,81.5,0.0,0.0,0.0,0.0,0.0,0.4,63.4,216.2,4.2,6.5,268.0,999.0,999.0,2.7,5.3
2024-06-29 19:40:00+02:00,26.2,26.2,26.7,13.8,46.0,33.2,79.0,66.1,0.0,0.0,0.0,0.0,0.0,0.4,63.4,216.2,3.6,7.2,273.0,999.1,999.1,2.7,5.3
2024-06-29 19:45:00+02:00,26.1,26.1,26.7,13.8,47.0,33.1,79.0,47.1,0.0,0.0,0.0,0.0,0.0,0.4,63.4,216.2,3.3,7.2,262.0,999.2,999.2,2.7,5.3
2024-06-29 19:50:00+02:00,26.0,26.0,26.8,13.9,47.0,33.1,79.0,26.4,0.0,0.0,0.0,0.0,0.0,0.4,63.4,216.2,2.1,5.8,276.0,999.2,999.2,2.7,5.3
2024-06-29 19:55:00+02:00,25.8,25.8,26.6,13.9,48.0,33.0,79.0,26.9,0.0,0.0,0.0,0.0,0.0,0.4,63.4,216.2,2.5,4.7,283.0,999.1,999.1,2.7,5.3
2024-06-29 20:00:00+02:00,25.8,25.8,26.4,13.9,48.0,33.0,79.0,35.4,0.0,0.0,0.0,0.0,0.0,0.4,63.4,216.2,3.2,5.8,274.0,999.0,999.0,2.7,5.3
2024-06-29 20:05:00+02:00,25.7,25.7,26.3,13.8,48.0,32.9,79.0,36.5,0.0,0.0,0.0,0.0,0.0,0.4,63.4,216.2,2.9,4.7,272.0,999.0,999.0,2.7,5.3
2024-06-29 20:10:00+02:00,25.6,25.6,26.3,14.2,49.0,32.8,79.0,36.6,0.0,0.0,0.0,0.0,0.0,0.4,63.4,216.2,3.3,6.5,273.0,998.8,998.8,2.7,5.3
2024-06-29 20:15:00+02:00,25.3,25.3,25.7,14.0,50.0,32.8,79.0,32.4,0.0,0.0,0.0,0.0,0.0,0.4,63.4,216.2,4.4,6.8,279.0,998.9,998.9,2.7,5.3
2024-06-29 20:20:00+02:00,25.3,25.3,25.7,13.7,48.0,32.7,79.0,30.2,0.0,0.0,0.0,0.0,0.0,0.4,63.4,216.2,4.0,6.5,276.0,998.6,998.6,2.7,5.3
2024-06-29 20:25:00+02:00,25.3,25.3,25.6,13.7,48.0,32.7,79.0,20.4,0.0,0.0,0.0,0.0,0.0,0.4,63.4,216.2,4.9,9.0,281.0,998.5,998.5,2.7,5.2
2024-06-29 20:30:00+02:00,25.3,25.3,25.3,13.3,47.0,32.6,79.0,14.6,0.0,0.0,0.0,0.0,0.0,0.4,63.4,216.2,5.8,8.6,285.0,998.6,998.6,2.7,5.2
2024-06-29 20:35:00+02:00,25.4,25.4,25.3,12.8,45.0,32.5,79.0,11.4,0.0,0.0,0.0,0.0,0.0,0.4,63.4,216.2,5.4,13.0,291.0,998.6,998.6,2.7,5.2
2024-06-29 20:40:00+02:00,25.5,25.5,25.2,12.3,44.0,32.4,78.0,5.3,0.0,0.0,0.0,0.0,0.0,0.4,63.4,216.2,5.3,13.3,256.0,998.6,998.6,2.7,5.2
2024-06-29 20:45:00+02:00,25.5,25.5,25.3,12.3,44.0,32.3,78.0,3.7,0.0,0.0,0.0,0.0,0.0,0.4,63.4,216.2,4.8,10.4,295.0,998.4,998.4,2.7,5.2
2024-06-29 20:50:00+02:00,25.4,25.4,24.9,12.1,44.0,32.3,78.0,3.0,0.0,0.0,0.0,0.0,0.0,0.4,63.4,216.2,5.9,9.7,307.0,998.3,998.3,2.7,5.2
2024-06-29 20:55:00+02:00,25.3,25.3,24.8,12.0,43.0,32.2,78.0,2.7,0.0,0.0,0.0,0.0,0.0,0.4,63.4,216.2,5.6,14.4,280.0,998.3,998.3,2.7,5.2
2024-06-29 21:00:00+02:00,25.3,25.3,24.7,11.9,43.0,32.2,78.0,1.4,0.0,0.0,0.0,0.0,0.0,0.4,63.4,216.2,6.0,9.4,308.0,998.3,998.3,2.7,5.2
2024-06-29 21:05:00+02:00,24.9,24.9,26.0,15.1,56.0,32.0,78.0,0.5,0.0,6.6,1.1,1.1,1.1,1.5,64.5,217.3,2.8,7.6,237.0,998.7,998.7,2.7,5.2
2024-06-29 21:10:00+02:00,21.2,21.2,23.4,17.5,79.0,32.0,78.0,0.5,0.0,21.6,3.6,3.6,3.6,4.0,67.0,219.8,2.1,6.1,238.0,999.9,999.9,2.7,5.2
2024-06-29 21:15:00+02:00,19.3,19.3,20.0,16.4,83.0,31.9,78.0,1.0,0.0,37.2,7.7,7.7,7.7,8.1,71.1,223.9,7.2,16.6,5.0,1000.6,1000.6,2.7,5.2
2024-06-29 21:20:00+02:00,18.1,18.1,18.8,15.7,86.0,31.7,76.0,1.4,0.0,45.6,10.9,10.9,10.9,11.3,74.3,227.1,6.2,14.0,321.0,1000.2,1000.2,2.7,5.2
2024-06-29 21:25:00+02:00,17.5,17.5,18.9,15.8,90.0,31.3,75.0,1.3,0.0,37.2,11.1,11.1,11.1,11.5,74.5,227.3,3.1,8.6,355.0,1000.0,1000.0,2.7,5.1
2024-06-29 21:30:00+02:00,17.3,17.3,19.1,16.0,92.0,31.0,75.0,1.3,0.0,9.0,11.2,11.2,11.2,11.6,74.6,227.4,1.3,4.7,48.0,1000.0,1000.0,2.7,5.1
2024-06-29 21:35:00+02:00,17.3,17.3,19.0,16.1,93.0,30.6,75.0,1.4,0.0,0.6,11.2,11.2,11.2,11.6,74.6,227.4,1.7,6.1,302.0,999.9,999.9,2.7,5.1
2024-06-29 21:40:00+02:00,17.3,17.3,18.8,16.0,93.0,30.4,75.0,2.1,0.0,0.6,11.3,11.3,11.3,11.7,74.7,227.5,2.2,5.0,322.0,999.8,999.8,2.7,5.1
2024-06-29 21:45:00+02:00,17.4,17.4,18.6,16.0,91.0,30.1,75.0,1.8,0.0,1.8,11.5,11.5,11.5,11.9,74.9,227.7,4.1,5.8,282.0,999.2,999.2,2.7,5.1
2024-06-29 21:50:00+02:00,17.4,17.4,18.9,16.0,92.0,29.8,75.0,1.1,0.0,1.8,11.5,11.5,11.5,11.9,74.9,227.7,2.4,6.1,306.0,999.0,999.0,2.7,5.1
2024-06-29 21:55:00+02:00,17.3,17.3,19.0,15.9,91.0,29.6,76.0,0.7,0.0,0.6,11.5,11.5,11.5,11.9,74.9,227.7,1.6,4.3,66.0,999.0,999.0,2.7,5.0
2024-06-29 22:00:00+02:00,17.2,17.2,18.8,16.0,93.0,29.5,75.0,0.6,0.0,0.0,11.5,11.5,11.5,11.9,74.9,227.7,1.5,2.9,140.0,999.0,999.0,2.7,5.0
2024-06-29 22:05:00+02:00,17.0,17.0,18.9,16.1,94.0,29.3,75.0,0.2,0.0,0.0,11.5,11.5,10.0,11.9,74.9,227.7,0.6,2.9,283.0,999.0,999.0,2.7,5.0
2024-06-29 22:10:00+02:00,16.9,16.9,18.4,15.8,93.0,29.1,76.0,0.1,0.0,0.0,11.5,11.5,7.5,11.9,74.9,227.7,2.0,4.7,289.0,998.8,998.8,2.7,5.0
2024-06-29 22:15:00+02:00,17.0,17.0,18.5,16.1,94.0,28.8,76.0,0.0,0.0,0.0,11.5,11.5,3.4,11.9,74.9,227.7,2.9,4.7,293.0,998.7,998.7,2.7,5.0
2024-06-29 22:20:00+02:00,17.0,17.0,18.3,15.8,93.0,28.6,76.0,0.0,0.0,0.0,11.5,11.5,0.5,11.9,74.9,227.7,3.2,5.8,293.0,998.2,998.2,2.7,5.0
2024-06-29 22:25:00+02:00,17.0,17.0,18.5,15.9,93.0,28.4,76.0,0.0,0.0,0.0,11.5,11.5,0.4,11.9,74.9,227.7,2.3,5.8,301.0,997.9,997.9,2.7,5.0
2024-06-29 22:30:00+02:00,17.0,17.0,18.7,16.0,94.0,28.3,76.0,0.0,0.0,0.0,11.5,11.5,0.3,11.9,74.9,227.7,0.9,3.2,124.0,998.0,998.0,2.7,5.0
2024-06-29 22:35:00+02:00,16.8,16.8,18.5,15.9,94.0,28.2,76.0,0.0,0.0,0.6,11.6,11.6,0.4,12.0,75.0,227.8,1.4,5.4,321.0,997.9,997.9,2.7,5.0
2024-06-29 22:40:00+02:00,16.9,16.9,18.6,15.9,94.0,28.1,76.0,0.0,0.0,0.6,11.6,11.6,0.3,12.0,75.0,227.8,1.5,5.4,327.0,997.9,997.9,2.7,5.0
2024-06-29 22:45:00+02:00,17.0,17.0,18.8,16.0,94.0,27.9,76.0,0.0,0.0,0.0,11.6,11.6,0.1,12.0,75.0,227.8,0.7,5.0,185.0,997.6,997.6,2.7,4.9
2024-06-29 22:50:00+02:00,16.9,16.9,18.3,15.9,94.0,27.8,76.0,0.0,0.0,0.0,11.6,11.6,0.1,12.0,75.0,227.8,2.7,4.7,129.0,997.4,997.4,2.7,4.9
2024-06-29 22:55:00+02:00,16.8,16.8,18.4,15.7,93.0,27.7,76.0,0.0,0.0,0.0,11.6,11.6,0.1,12.0,75.0,227.8,1.4,6.5,73.0,997.2,997.2,2.7,4.9
2024-06-29 23:00:00+02:00,16.8,16.8,18.6,15.7,93.0,27.5,76.0,0.0,0.0,0.0,11.6,11.6,0.1,12.0,75.0,227.8,0.7,3.2,231.0,997.4,997.4,2.7,4.9
2024-06-29 23:05:00+02:00,16.8,16.8,18.5,15.8,94.0,27.5,76.0,0.0,0.0,0.0,11.6,11.6,0.1,12.0,75.0,227.8,1.4,4.3,217.0,997.5,997.5,2.7,4.9
2024-06-29 23:10:00+02:00,17.0,17.0,18.2,16.0,94.0,27.3,76.0,0.0,0.0,0.0,11.6,11.6,0.1,12.0,75.0,227.8,3.7,5.0,278.0,997.4,997.4,2.7,4.9
2024-06-29 23:15:00+02:00,17.0,17.0,18.4,16.0,94.0,27.1,77.0,0.0,0.0,0.0,11.6,11.6,0.1,12.0,75.0,227.8,2.7,5.0,3.0,997.4,997.4,2.7,4.9
2024-06-29 23:20:00+02:00,17.0,17.0,18.7,15.9,93.0,27.0,77.0,0.0,0.0,0.0,11.6,11.6,0.1,12.0,75.0,227.8,1.2,3.6,96.0,997.2,997.2,2.7,4.9
2024-06-29 23:25:00+02:00,17.0,17.0,18.7,16.1,95.0,26.9,77.0,0.0,0.0,0.0,11.6,11.6,0.1,12.0,75.0,227.8,1.7,4.3,130.0,997.4,997.4,2.7,4.9
2024-06-29 23:30:00+02:00,16.8,16.8,18.6,16.0,95.0,26.8,77.0,0.0,0.0,0.0,11.6,11.6,0.1,12.0,75.0,227.8,1.1,2.5,105.0,997.3,997.3,2.7,4.9
2024-06-29 23:35:00+02:00,16.8,16.8,18.5,16.1,96.0,26.7,77.0,0.0,0.0,0.0,11.6,11.6,0.0,12.0,75.0,227.8,1.7,3.6,106.0,997.4,997.4,2.7,4.9
2024-06-29 23:40:00+02:00,16.8,16.8,18.6,16.1,96.0,26.6,77.0,0.0,0.0,0.0,11.6,11.6,0.0,12.0,75.0,227.8,1.2,4.3,114.0,997.5,997.5,2.7,4.9
2024-06-29 23:45:00+02:00,16.8,16.8,18.6,16.2,96.0,26.5,77.0,0.0,0.0,0.0,11.6,11.6,0.0,12.0,75.0,227.8,1.9,3.6,273.0,997.4,997.4,2.7,4.9
2024-06-29 23:50:00+02:00,17.0,17.0,18.9,16.3,96.0,26.4,77.0,0.0,0.0,0.0,11.6,11.6,0.0,12.0,75.0,227.8,1.2,2.9,295.0,997.4,997.4,2.7,4.9
2024-06-29 23:55:00+02:00,17.1,17.1,19.3,16.4,96.0,26.4,77.0,0.0,0.0,0.6,11.7,11.7,0.1,12.1,75.1,227.9,0.0,2.2,358.0,997.4,997.4,2.7,4.9
2024-06-30 00:00:00+02:00,17.0,17.0,18.8,16.4,96.0,26.3,77.0,0.0,0.0,0.6,0.0,11.7,0.1,0.0,75.1,227.9,1.7,4.7,127.0,997.6,997.6,2.7,4.9
2024-06-30 00:05:00+02:00,17.0,17.0,19.0,16.5,97.0,26.2,77.0,0.0,0.0,0.6,0.0,11.7,0.1,0.0,75.1,227.9,1.2,2.9,103.0,997.5,997.5,2.7,4.8
2024-06-30 00:10:00+02:00,17.0,17.0,19.1,16.5,97.0,26.2,77.0,0.0,0.0,0.6,0.1,11.8,0.2,0.1,75.2,228.0,0.4,3.6,103.0,997.3,997.3,2.7,4.8
2024-06-30 00:15:00+02:00,17.0,17.0,19.2,16.5,97.0,26.1,77.0,0.0,0.0,1.2,0.2,11.9,0.3,0.2,75.3,228.1,0.0,2.2,122.0,997.3,997.3,2.7,4.8
2024-06-30 00:20:00+02:00,17.0,17.0,19.0,16.5,97.0,26.0,77.0,0.0,0.0,1.8,0.4,12.1,0.5,0.4,75.5,228.3,0.7,2.2,215.0,997.3,997.3,2.7,4.8
2024-06-30 00:25:00+02:00,17.1,17.1,18.9,16.6,97.0,25.9,77.0,0.0,0.0,1.8,0.5,12.2,0.6,0.5,75.6,228.4,2.0,2.9,199.0,997.2,997.2,2.7,4.8
2024-06-30 00:30:00+02:00,17.0,17.0,18.2,16.5,97.0,25.8,77.0,0.0,0.0,2.4,0.8,12.5,0.9,0.8,75.9,228.7,5.5,10.1,125.0,997.5,997.5,2.7,4.8
2024-06-30 00:35:00+02:00,17.1,17.1,17.8,16.6,97.0,25.8,77.0,0.0,0.0,4.2,1.2,12.9,1.3,1.2,76.3,229.1,7.8,13.0,121.0,997.7,997.7,2.7,4.7
2024-06-30 00:40:00+02:00,17.2,17.2,18.7,16.5,96.0,25.7,77.0,0.0,0.0,14.4,3.3,15.0,3.4,3.3,78.4,231.2,3.5,10.8,93.0,997.5,997.5,2.7,4.7
2024-06-30 00:45:00+02:00,17.1,17.1,17.2,16.4,96.0,25.6,77.0,0.0,0.0,16.2,3.9,15.6,4.0,3.9,79.0,231.8,10.2,16.6,134.0,998.4,998.4,2.7,4.7
2024-06-30 00:50:00+02:00,17.1,17.1,17.1,16.4,96.0,25.5,76.0,0.0,0.0,15.0,5.2,16.9,5.3,5.2,80.3,233.1,11.2,20.5,136.0,998.6,998.6,2.7,4.7
2024-06-30 00:55:00+02:00,17.0,17.0,18.3,16.3,96.0,25.4,76.0,0.0,0.0,19.8,7.1,18.8,7.1,7.1,82.2,235.0,3.8,13.3,140.0,998.0,998.0,2.7,4.6
2024-06-30 01:00:00+02:00,16.8,16.8,18.7,16.2,96.0,25.3,76.0,0.0,0.0,22.2,8.7,20.4,8.7,8.7,83.8,236.6,1.4,7.6,295.0,997.5,997.5,2.7,4.6
2024-06-30 01:05:00+02:00,16.8,16.8,18.5,16.3,97.0,25.2,76.0,0.0,0.0,16.8,8.8,20.5,8.8,8.8,83.9,236.7,2.4,6.5,10.0,996.7,996.7,2.7,4.6
2024-06-30 01:10:00+02:00,16.8,16.8,18.6,16.3,97.0,25.1,76.0,0.0,0.0,5.4,8.9,20.6,8.8,8.9,84.0,236.8,1.7,6.1,112.0,997.0,997.0,2.7,4.6
2024-06-30 01:15:00+02:00,16.8,16.8,18.6,16.3,97.0,25.0,76.0,0.0,0.0,1.2,8.9,20.6,8.6,8.9,84.0,236.8,1.8,4.0,287.0,996.9,996.9,2.7,4.6
2024-06-30 01:20:00+02:00,16.9,16.9,18.6,16.4,97.0,24.9,76.0,0.0,0.0,1.2,9.1,20.8,8.7,9.1,84.2,237.0,2.4,4.7,263.0,996.8,996.8,2.7,4.6
2024-06-30 01:25:00+02:00,16.9,16.9,18.2,16.4,97.0,24.8,76.0,0.0,0.0,1.8,9.3,21.0,8.8,9.3,84.4,237.2,4.4,9.4,262.0,996.6,996.6,2.7,4.5
2024-06-30 01:30:00+02:00,16.9,16.9,17.8,16.4,97.0,24.7,77.0,0.0,0.0,4.2,9.8,21.5,8.9,9.8,84.9,237.7,6.3,10.8,265.0,996.6,996.6,2.7,4.5
2024-06-30 01:35:00+02:00,17.0,17.0,17.4,16.5,97.0,24.5,77.0,0.0,0.0,6.0,10.3,22.0,9.0,10.3,85.4,238.2,9.0,11.5,271.0,996.7,996.7,2.7,4.5
2024-06-30 01:40:00+02:00,16.9,16.9,17.2,16.5,98.0,24.5,77.0,0.0,0.0,7.2,11.0,22.7,7.7,11.0,86.1,238.9,9.8,22.0,290.0,996.5,996.5,2.7,4.5
2024-06-30 01:45:00+02:00,16.9,16.9,17.6,16.6,98.0,24.3,77.0,0.0,0.0,8.4,11.8,23.5,7.9,11.8,86.9,239.7,7.7,15.5,264.0,996.3,996.3,2.68,4.5
2024-06-30 01:50:00+02:00,16.9,16.9,17.5,16.5,98.0,24.2,77.0,0.0,0.0,8.4,12.2,23.9,7.0,12.2,87.3,240.1,8.2,18.4,274.0,996.1,996.1,2.69,4.5
2024-06-30 01:55:00+02:00,16.8,16.8,17.9,16.4,98.0,24.1,77.0,0.0,0.0,6.6,12.5,24.2,5.1,12.5,87.6,240.4,5.3,18.4,255.0,996.2,996.2,2.72,4.4
2024-06-30 02:00:00+02:00,16.8,16.8,17.8,16.4,98.0,24.1,77.0,0.0,0.0,4.2,12.8,24.5,4.1,12.8,87.9,240.7,5.5,12.6,299.0,996.1,996.1,2.72,4.4
2024-06-30 02:05:00+02:00,16.6,16.6,17.7,16.3,98.0,24.0,77.0,0.0,0.0,3.6,13.1,24.8,4.3,13.1,88.2,241.0,5.3,11.5,267.0,996.2,996.2,2.7,4.4
2024-06-30 02:10:00+02:00,16.6,16.6,17.9,16.3,98.0,23.9,77.0,0.0,0.0,3.0,13.2,24.9,4.3,13.2,88.3,241.1,4.1,9.4,254.0,996.0,996.0,2.7,4.4
2024-06-30 02:15:00+02:00,16.5,16.5,17.8,16.2,98.0,23.8,77.0,0.0,0.0,1.8,13.3,25.0,4.3,13.3,88.4,241.2,4.3,9.4,267.0,996.0,996.0,2.7,4.4
2024-06-30 02:20:00+02:00,16.5,16.5,18.4,16.1,98.0,23.7,78.0,0.0,0.0,1.2,13.4,25.1,4.3,13.4,88.5,241.3,0.6,8.3,220.0,996.2,996.2,2.7,4.4
2024-06-30 02:25:00+02:00,16.5,16.5,17.9,16.1,98.0,23.6,78.0,0.0,0.0,1.2,13.5,25.2,4.2,13.5,88.6,241.4,2.9,6.5,245.0,996.3,996.3,2.7,4.3
2024-06-30 02:30:00+02:00,16.5,16.5,18.0,16.2,98.0,23.6,78.0,0.0,0.0,1.2,13.6,25.3,3.8,13.6,88.7,241.5,2.7,7.9,347.0,996.2,996.2,2.7,4.3
2024-06-30 02:35:00+02:00,16.4,16.4,18.3,16.1,98.0,23.5,78.0,0.0,0.0,1.2,13.7,25.4,3.3,13.7,88.8,241.6,1.2,4.7,112.0,996.2,996.2,2.7,4.3
2024-06-30 02:40:00+02:00,16.4,16.4,18.0,16.1,98.0,23.4,78.0,0.0,0.0,1.2,13.8,25.5,2.8,13.8,88.9,241.7,2.2,4.7,18.0,996.0,996.0,2.7,4.3
2024-06-30 02:45:00+02:00,16.4,16.4,17.9,16.1,98.0,23.3,78.0,0.0,0.0,1.2,13.9,25.6,2.1,13.9,89.0,241.8,2.7,5.4,341.0,995.6,995.6,2.7,4.2
2024-06-30 02:50:00+02:00,16.4,16.4,18.3,16.1,98.0,23.3,78.0,0.0,0.0,1.2,14.0,25.7,1.8,14.0,89.1,241.9,0.5,4.0,263.0,995.8,995.8,2.7,4.2
2024-06-30 02:55:00+02:00,16.4,16.4,18.3,16.1,98.0,23.2,78.0,0.0,0.0,1.2,14.0,25.7,1.4,14.0,89.1,241.9,0.7,4.0,327.0,995.9,995.9,2.7,4.2
2024-06-30 03:00:00+02:00,16.5,16.5,18.2,16.2,98.0,23.2,78.0,0.0,0.0,1.2,14.1,25.8,1.2,14.1,89.2,242.0,1.8,4.3,288.0,995.8,995.8,2.7,4.2
2024-06-30 03:05:00+02:00,16.4,16.4,18.2,16.1,98.0,23.2,78.0,0.0,0.0,1.2,14.2,25.9,1.1,14.2,89.3,242.1,1.2,2.9,221.0,995.8,995.8,2.7,4.2
2024-06-30 03:10:00+02:00,16.4,16.4,18.1,16.1,98.0,23.1,78.0,0.0,0.0,1.2,14.3,26.0,1.0,14.3,89.4,242.2,1.9,4.0,257.0,995.8,995.8,2.7,4.2
2024-06-30 03:15:00+02:00,16.5,16.5,18.2,16.2,98.0,23.0,79.0,0.0,0.0,0.6,14.3,26.0,0.9,14.3,89.4,242.2,1.9,4.0,265.0,995.7,995.7,2.7,4.1
2024-06-30 03:20:00+02:00,16.6,16.6,18.4,16.3,98.0,23.0,79.0,0.0,0.0,0.6,14.3,26.0,0.9,14.3,89.4,242.2,1.5,4.0,171.0,995.6,995.6,2.7,4.1
2024-06-30 03:25:00+02:00,16.6,16.6,18.6,16.3,98.0,23.0,79.0,0.0,0.0,0.0,14.3,26.0,0.8,14.3,89.4,242.2,0.8,3.2,151.0,995.8,995.8,2.7,4.1
2024-06-30 03:30:00+02:00,16.7,16.7,18.6,16.4,98.0,22.9,79.0,0.0,0.0,0.0,14.3,26.0,0.7,14.3,89.4,242.2,1.4,4.3,138.0,995.8,995.8,2.7,4.1
2024-06-30 03:35:00+02:00,16.6,16.6,18.5,16.3,98.0,22.9,79.0,0.0,0.0,0.0,14.3,26.0,0.6,14.3,89.4,242.2,1.0,3.6,143.0,995.8,995.8,2.7,4.1
2024-06-30 03:40:00+02:00,16.5,16.5,18.1,16.2,98.0,22.9,79.0,0.0,0.0,0.0,14.3,26.0,0.5,14.3,89.4,242.2,2.4,8.6,232.0,995.6,995.6,2.7,4.1
2024-06-30 03:45:00+02:00,16.5,16.5,18.3,16.2,98.0,22.9,79.0,0.0,0.0,0.0,14.3,26.0,0.4,14.3,89.4,242.2,1.4,5.8,261.0,995.7,995.7,2.7,4.1
2024-06-30 03:50:00+02:00,16.4,16.4,17.6,16.1,98.0,22.8,79.0,0.0,0.0,0.6,14.4,26.1,0.4,14.4,89.5,242.3,4.3,7.6,285.0,995.9,995.9,2.7,4.1
2024-06-30 03:55:00+02:00,16.2,16.2,17.6,15.9,98.0,22.8,79.0,0.0,0.0,0.6,14.4,26.1,0.4,14.4,89.5,242.3,2.9,9.7,303.0,995.9,995.9,2.7,4.1
2024-06-30 04:00:00+02:00,16.2,16.2,17.4,15.9,98.0,22.8,79.0,0.0,0.0,0.6,14.4,26.1,0.3,14.4,89.5,242.3,3.8,9.0,291.0,995.8,995.8,2.7,4.1
2024-06-30 04:05:00+02:00,16.2,16.2,17.2,15.8,98.0,22.7,79.0,0.0,0.0,0.0,14.4,26.1,0.2,14.4,89.5,242.3,4.4,11.5,284.0,995.7,995.7,2.7,4.1
2024-06-30 04:10:00+02:00,16.1,16.1,17.2,15.8,98.0,22.7,79.0,0.0,0.0,0.0,14.4,26.1,0.1,14.4,89.5,242.3,4.2,10.1,287.0,995.5,995.5,2.7,4.1
2024-06-30 04:15:00+02:00,16.0,16.0,16.7,15.6,98.0,22.7,79.0,0.0,0.0,0.0,14.4,26.1,0.1,14.4,89.5,242.3,5.5,10.1,285.0,995.6,995.6,2.7,4.1
2024-06-30 04:20:00+02:00,15.8,15.8,16.6,15.5,98.0,22.6,79.0,0.0,0.0,0.0,14.4,26.1,0.1,14.4,89.5,242.3,5.6,9.0,289.0,995.4,995.4,2.7,4.1
2024-06-30 04:25:00+02:00,15.9,15.9,17.3,15.6,98.0,22.5,79.0,0.0,0.0,0.0,14.4,26.1,0.1,14.4,89.5,242.3,2.0,8.6,358.0,995.5,995.5,2.7,4.0
2024-06-30 04:30:00+02:00,15.9,15.9,17.3,15.4,97.0,22.5,79.0,0.0,0.0,0.0,14.4,26.1,0.1,14.4,89.5,242.3,2.2,7.9,324.0,995.7,995.7,2.7,4.0
2024-06-30 04:35:00+02:00,15.8,15.8,17.1,15.3,97.0,22.5,79.0,0.0,0.0,0.0,14.4,26.1,0.1,14.4,89.5,242.3,2.6,9.0,308.0,995.7,995.7,2.7,4.0
2024-06-30 04:40:00+02:00,16.0,16.0,17.1,15.5,97.0,22.5,79.0,0.0,0.0,0.0,14.4,26.1,0.1,14.4,89.5,242.3,3.2,6.5,316.0,995.7,995.7,2.7,4.0
2024-06-30 04:45:00+02:00,15.9,15.9,17.1,15.4,97.0,22.4,79.0,0.0,0.0,0.0,14.4,26.1,0.1,14.4,89.5,242.3,2.8,5.8,285.0,995.6,995.6,2.7,4.0
2024-06-30 04:50:00+02:00,15.9,15.9,17.6,15.4,97.0,22.4,79.0,0.0,0.0,0.0,14.4,26.1,0.0,14.4,89.5,242.3,0.9,5.4,281.0,995.9,995.9,2.7,4.0
2024-06-30 04:55:00+02:00,16.0,16.0,17.6,15.5,97.0,22.4,79.0,0.0,0.0,0.0,14.4,26.1,0.0,14.4,89.5,242.3,0.8,2.9,313.0,995.8,995.8,2.7,4.0
2024-06-30 05:00:00+02:00,16.1,16.1,17.5,15.6,97.0,22.4,80.0,0.1,0.0,0.0,14.4,26.1,0.0,14.4,89.5,242.3,2.1,4.0,254.0,995.7,995.7,2.7,4.0
2024-06-30 05:05:00+02:00,16.0,16.0,17.7,15.5,97.0,22.4,79.0,0.1,0.0,0.0,14.4,26.1,0.0,14.4,89.5,242.3,0.9,4.0,273.0,995.7,995.7,2.7,4.0
2024-06-30 05:10:00+02:00,16.1,16.1,17.7,15.6,97.0,22.4,79.0,0.2,0.0,0.0,14.4,26.1,0.0,14.4,89.5,242.3,1.2,3.6,297.0,995.9,995.9,2.7,4.0
2024-06-30 05:15:00+02:00,16.1,16.1,17.8,15.6,97.0,22.4,79.0,0.2,0.0,0.0,14.4,26.1,0.0,14.4,89.5,242.3,0.6,4.0,349.0,995.8,995.8,2.7,4.0
2024-06-30 05:20:00+02:00,16.1,16.1,17.8,15.6,97.0,22.4,79.0,0.3,0.0,0.0,14.4,26.1,0.0,14.4,89.5,242.3,0.6,4.0,324.0,995.9,995.9,2.7,4.0
2024-06-30 05:25:00+02:00,16.0,16.0,17.6,15.5,97.0,22.4,79.0,0.4,0.0,0.0,14.4,26.1,0.0,14.4,89.5,242.3,1.2,3.2,74.0,995.8,995.8,2.7,4.0
2024-06-30 05:30:00+02:00,16.1,16.1,17.8,15.6,97.0,22.4,80.0,0.6,0.0,0.0,14.4,26.1,0.0,14.4,89.5,242.3,0.7,3.2,290.0,995.7,995.7,2.7,4.0
2024-06-30 05:35:00+02:00,16.1,16.1,17.9,15.7,97.0,22.4,79.0,0.7,0.0,0.0,14.4,26.1,0.0,14.4,89.5,242.3,0.4,2.2,282.0,995.8,995.8,2.7,4.0
2024-06-30 05:40:00+02:00,16.2,16.2,17.8,15.8,98.0,22.4,79.0,1.1,0.0,0.0,14.4,26.1,0.0,14.4,89.5,242.3,1.7,4.7,276.0,995.7,995.7,2.7,4.0
2024-06-30 05:45:00+02:00,16.1,16.1,17.8,15.8,98.0,22.3,80.0,1.3,0.0,0.0,14.4,26.1,0.0,14.4,89.5,242.3,0.9,5.4,254.0,995.6,995.6,2.7,4.0
2024-06-30 05:50:00+02:00,16.1,16.1,17.3,15.6,97.0,22.3,80.0,1.7,0.0,0.0,14.4,26.1,0.0,14.4,89.5,242.3,3.4,5.8,263.0,995.6,995.6,2.7,4.0
2024-06-30 05:55:00+02:00,16.1,16.1,17.2,15.6,97.0,22.3,80.0,2.1,0.0,0.0,14.4,26.1,0.0,14.4,89.5,242.3,3.7,7.2,270.0,995.6,995.6,2.7,3.9
2024-06-30 06:00:00+02:00,16.2,16.2,17.3,15.7,97.0,22.2,80.0,2.5,0.0,0.0,14.4,26.1,0.0,14.4,89.5,242.3,4.2,7.9,272.0,995.8,995.8,2.7,3.9
2024-06-30 06:05:00+02:00,16.2,16.2,17.7,15.7,97.0,22.2,80.0,2.9,0.0,0.0,14.4,26.1,0.0,14.4,89.5,242.3,2.2,7.6,267.0,995.8,995.8,2.7,3.9
2024-06-30 06:10:00+02:00,16.2,16.2,17.7,15.7,97.0,22.2,80.0,3.0,0.0,0.0,14.4,26.1,0.0,14.4,89.5,242.3,1.7,4.3,233.0,995.8,995.8,2.7,3.9
2024-06-30 06:15:00+02:00,16.2,16.2,17.0,15.7,97.0,22.2,80.0,3.1,0.0,0.0,14.4,26.1,0.0,14.4,89.5,242.3,5.4,11.5,270.0,995.9,995.9,2.7,3.9
2024-06-30 06:20:00+02:00,16.2,16.2,17.2,15.7,97.0,22.2,80.0,3.1,0.0,0.0,14.4,26.1,0.0,14.4,89.5,242.3,4.4,11.5,270.0,996.0,996.0,2.7,3.9
2024-06-30 06:25:00+02:00,16.2,16.2,17.3,15.8,97.0,22.2,80.0,2.5,0.0,0.0,14.4,26.1,0.0,14.4,89.5,242.3,4.1,10.1,268.0,996.1,996.1,2.7,3.9
2024-06-30 06:30:00+02:00,16.3,16.3,18.0,15.9,98.0,22.2,80.0,1.9,0.0,0.0,14.4,26.1,0.0,14.4,89.5,242.3,1.4,5.8,242.0,996.2,996.2,2.7,3.9
2024-06-30 06:35:00+02:00,16.3,16.3,17.9,16.0,98.0,22.2,80.0,3.2,0.0,0.0,14.4,26.1,0.0,14.4,89.5,242.3,2.1,5.8,248.0,996.4,996.4,2.7,3.9
2024-06-30 06:40:00+02:00,16.3,16.3,17.4,16.0,98.0,22.2,80.0,5.1,0.0,0.0,14.4,26.1,0.0,14.4,89.5,242.3,4.7,13.7,281.0,996.4,996.4,2.7,3.9
2024-06-30 06:45:00+02:00,16.4,16.4,17.5,16.1,98.0,22.2,80.0,6.6,0.0,0.0,14.4,26.1,0.0,14.4,89.5,242.3,4.5,10.1,282.0,996.4,996.4,2.7,3.9
2024-06-30 06:50:00+02:00,16.3,16.3,17.2,16.0,98.0,22.2,80.0,8.3,0.0,0.0,14.4,26.1,0.0,14.4,89.5,242.3,5.6,14.4,255.0,996.4,996.4,2.7,3.9
2024-06-30 06:55:00+02:00,16.1,16.1,17.0,15.8,98.0,22.1,80.0,11.4,0.0,0.0,14.4,26.1,0.0,14.4,89.5,242.3,5.5,14.4,278.0,996.4,996.4,2.7,3.9
2024-06-30 07:00:00+02:00,15.9,15.9,17.1,15.6,98.0,22.1,80.0,13.4,0.0,0.0,14.4,26.1,0.0,14.4,89.5,242.3,3.3,14.8,243.0,996.5,996.5,2.7,3.9
2024-06-30 07:05:00+02:00,15.9,15.9,17.2,15.6,98.0,22.1,80.0,13.3,0.0,0.0,14.4,26.1,0.0,14.4,89.5,242.3,2.7,7.2,274.0,996.6,996.6,2.7,3.9
2024-06-30 07:10:00+02:00,15.8,15.8,16.4,15.3,97.0,22.1,80.0,12.4,0.0,0.0,14.4,26.1,0.0,14.4,89.5,242.3,5.8,16.9,273.0,996.7,996.7,2.7,3.9
2024-06-30 07:15:00+02:00,15.7,15.7,16.3,15.2,97.0,22.0,80.0,12.9,0.0,0.0,14.4,26.1,0.0,14.4,89.5,242.3,5.6,13.0,282.0,996.7,996.7,2.7,3.8
2024-06-30 07:20:00+02:00,15.6,15.6,16.5,15.1,97.0,22.0,80.0,13.2,0.0,0.0,14.4,26.1,0.0,14.4,89.5,242.3,3.9,9.0,268.0,996.7,996.7,2.7,3.8
2024-06-30 07:25:00+02:00,15.5,15.5,16.6,15.0,97.0,22.0,80.0,17.4,0.0,0.6,14.5,26.2,0.1,14.5,89.6,242.4,2.6,7.2,283.0,996.7,996.7,2.7,3.8
2024-06-30 07:30:00+02:00,15.5,15.5,16.4,15.0,97.0,21.9,80.0,17.0,0.0,1.2,14.6,26.3,0.2,14.6,89.7,242.5,4.0,8.3,277.0,996.9,996.9,2.7,3.8
2024-06-30 07:35:00+02:00,15.5,15.5,16.9,15.0,97.0,21.9,80.0,17.8,0.0,1.2,14.7,26.4,0.3,14.7,89.8,242.6,1.3,7.6,289.0,996.9,996.9,2.7,3.8
2024-06-30 07:40:00+02:00,15.5,15.5,16.8,15.2,98.0,21.9,80.0,18.1,0.0,1.2,14.7,26.4,0.3,14.7,89.8,242.6,2.1,5.8,289.0,996.9,996.9,2.7,3.8
2024-06-30 07:45:00+02:00,15.5,15.5,16.3,15.2,98.0,21.9,80.0,16.8,0.0,0.6,14.8,26.5,0.4,14.8,89.9,242.7,4.5,7.2,278.0,997.0,997.0,2.7,3.8
2024-06-30 07:50:00+02:00,15.4,15.4,16.5,15.1,98.0,21.8,80.0,17.9,0.0,0.6,14.8,26.5,0.4,14.8,89.9,242.7,3.0,10.4,296.0,997.0,997.0,2.7,3.8
2024-06-30 07:55:00+02:00,15.3,15.3,16.4,15.0,98.0,21.8,80.0,19.6,0.0,0.6,14.9,26.6,0.5,14.9,90.0,242.8,3.2,7.2,304.0,996.9,996.9,2.7,3.7
2024-06-30 08:00:00+02:00,15.3,15.3,16.6,15.0,98.0,21.7,80.0,21.5,0.0,0.6,14.9,26.6,0.5,14.9,90.0,242.8,2.2,5.8,269.0,996.9,996.9,2.7,3.7
2024-06-30 08:05:00+02:00,15.4,15.4,16.8,15.1,98.0,21.7,80.0,21.6,0.0,0.6,15.0,26.7,0.6,15.0,90.1,242.9,1.1,3.6,344.0,997.0,997.0,2.7,3.7
2024-06-30 08:10:00+02:00,15.4,15.4,16.9,15.1,98.0,21.7,80.0,29.6,0.0,0.6,15.0,26.7,0.6,15.0,90.1,242.9,0.9,7.6,247.0,997.1,997.1,2.7,3.7
2024-06-30 08:15:00+02:00,15.4,15.4,16.3,15.1,98.0,21.7,80.0,33.9,0.0,0.6,15.1,26.8,0.7,15.1,90.2,243.0,3.7,11.2,264.0,997.1,997.1,2.7,3.7
2024-06-30 08:20:00+02:00,15.3,15.3,16.5,15.0,98.0,21.6,80.0,33.1,0.0,1.2,15.2,26.9,0.8,15.2,90.3,243.1,2.4,5.8,260.0,997.3,997.3,2.7,3.7
2024-06-30 08:25:00+02:00,15.3,15.3,16.5,15.0,98.0,21.6,80.0,27.2,0.0,1.2,15.2,26.9,0.7,15.2,90.3,243.1,2.5,5.0,299.0,997.4,997.4,2.7,3.6
2024-06-30 08:30:00+02:00,15.2,15.2,16.4,14.8,97.0,21.6,80.0,58.6,0.0,1.2,15.3,27.0,0.7,15.3,90.4,243.2,1.6,6.1,90.0,997.4,997.4,2.7,3.6
2024-06-30 08:35:00+02:00,15.2,15.2,16.6,14.8,97.0,21.5,80.0,58.3,0.0,1.2,15.4,27.1,0.7,15.4,90.5,243.3,0.7,3.6,273.0,997.5,997.5,2.7,3.6
2024-06-30 08:40:00+02:00,15.3,15.3,16.7,14.9,98.0,21.5,80.0,55.1,0.0,0.6,15.4,27.1,0.7,15.4,90.5,243.3,1.1,4.3,260.0,997.5,997.5,2.7,3.6
2024-06-30 08:45:00+02:00,15.3,15.3,16.7,14.9,98.0,21.5,80.0,63.5,0.0,0.6,15.5,27.2,0.7,15.5,90.6,243.4,0.8,4.7,297.0,997.5,997.5,2.7,3.6
2024-06-30 08:50:00+02:00,15.3,15.3,16.4,14.9,98.0,21.5,80.0,55.6,0.0,0.6,15.5,27.2,0.7,15.5,90.6,243.4,2.5,5.0,220.0,997.7,997.7,2.7,3.6
2024-06-30 08:55:00+02:00,15.3,15.3,16.6,14.9,98.0,21.4,80.0,70.3,0.0,1.2,15.6,27.3,0.7,15.6,90.7,243.5,1.7,5.0,238.0,997.6,997.6,2.7,3.6
2024-06-30 09:00:00+02:00,15.4,15.4,17.0,15.1,98.0,21.4,80.0,79.1,0.0,1.2,15.7,27.4,0.8,15.7,90.8,243.6,0.4,5.0,326.0,997.7,997.7,2.7,3.6
2024-06-30 09:05:00+02:00,15.4,15.4,16.5,15.0,98.0,21.4,80.0,61.6,0.0,1.2,15.8,27.5,0.8,15.8,90.9,243.7,2.4,6.1,177.0,997.8,997.8,2.7,3.5
2024-06-30 09:10:00+02:00,15.3,15.3,16.5,14.9,97.0,21.4,80.0,51.5,0.0,1.8,15.9,27.6,0.9,15.9,91.0,243.8,1.7,6.1,59.0,997.8,997.8,2.7,3.5
2024-06-30 09:15:00+02:00,15.3,15.3,16.7,14.9,97.0,21.4,80.0,67.6,0.0,1.8,16.1,27.8,1.0,16.1,91.2,244.0,0.9,5.0,84.0,997.8,997.8,2.7,3.5
2024-06-30 09:20:00+02:00,15.4,15.4,16.9,14.9,97.0,21.4,80.0,80.5,0.0,1.2,16.1,27.8,0.9,16.1,91.2,244.0,0.7,2.9,16.0,997.8,997.8,2.7,3.5
2024-06-30 09:25:00+02:00,15.4,15.4,17.0,14.9,97.0,21.4,80.0,83.3,0.0,1.2,16.2,27.9,0.9,16.2,91.3,244.1,0.0,3.2,11.0,997.8,997.8,2.7,3.5
2024-06-30 09:30:00+02:00,15.5,15.5,16.8,15.0,97.0,21.4,81.0,91.2,0.0,0.6,16.2,27.9,0.9,16.2,91.3,244.1,1.2,2.9,149.0,997.8,997.8,2.7,3.5
2024-06-30 09:35:00+02:00,15.7,15.7,16.9,15.2,97.0,21.4,81.0,108.0,1.0,0.6,16.2,27.9,0.8,16.2,91.3,244.1,2.1,4.0,130.0,997.8,997.8,2.7,3.5
2024-06-30 09:40:00+02:00,15.7,15.7,16.8,15.2,97.0,21.4,81.0,85.7,0.0,0.6,16.3,28.0,0.9,16.3,91.4,244.2,2.8,5.0,125.0,997.7,997.7,2.7,3.5
2024-06-30 09:45:00+02:00,15.7,15.7,16.9,15.2,97.0,21.4,81.0,98.7,0.0,1.2,16.4,28.1,0.9,16.4,91.5,244.3,2.4,5.8,116.0,997.8,997.8,2.7,3.5
2024-06-30 09:50:00+02:00,15.8,15.8,17.3,15.3,97.0,21.4,81.0,95.1,0.0,0.6,16.4,28.1,0.9,16.4,91.5,244.3,1.2,5.8,97.0,997.8,997.8,2.7,3.5
2024-06-30 09:55:00+02:00,15.7,15.7,16.8,15.2,97.0,21.4,81.0,75.6,0.0,0.6,16.5,28.2,0.9,16.5,91.6,244.4,3.0,5.4,133.0,997.9,997.9,2.7,3.5
2024-06-30 10:00:00+02:00,15.7,15.7,17.0,15.2,97.0,21.4,81.0,70.4,0.0,0.6,16.5,28.2,0.8,16.5,91.6,244.4,2.0,5.4,149.0,998.0,998.0,2.7,3.5
2024-06-30 10:05:00+02:00,15.7,15.7,17.0,15.2,97.0,21.4,81.0,72.6,0.0,0.6,16.5,28.2,0.7,16.5,91.6,244.4,1.9,5.0,103.0,998.1,998.1,2.7,3.5
2024-06-30 10:10:00+02:00,15.7,15.7,17.2,15.2,97.0,21.5,81.0,50.3,0.0,0.6,16.6,28.3,0.6,16.6,91.7,244.5,1.1,3.6,128.0,998.0,998.0,2.7,3.5
2024-06-30 10:15:00+02:00,15.6,15.6,16.7,15.1,97.0,21.5,81.0,64.7,0.0,1.2,16.8,28.5,0.7,16.8,91.9,244.7,2.7,7.6,125.0,998.0,998.0,2.7,3.4
2024-06-30 10:20:00+02:00,15.7,15.7,16.9,15.2,97.0,21.5,81.0,52.9,0.0,1.8,16.9,28.6,0.8,16.9,92.0,244.8,1.9,6.1,119.0,998.1,998.1,2.7,3.4
2024-06-30 10:25:00+02:00,15.7,15.7,16.4,15.2,97.0,21.5,81.0,70.7,0.0,1.2,16.9,28.6,0.7,16.9,92.0,244.8,5.0,7.6,123.0,998.3,998.3,2.7,3.4
2024-06-30 10:30:00+02:00,15.7,15.7,16.8,15.2,97.0,21.5,81.0,79.9,0.0,1.2,17.0,28.7,0.8,17.0,92.1,244.9,3.5,7.6,108.0,998.3,998.3,2.7,3.4
2024-06-30 10:35:00+02:00,15.8,15.8,16.8,15.3,97.0,21.5,81.0,80.0,0.0,0.6,17.0,28.7,0.8,17.0,92.1,244.9,3.4,8.6,116.0,998.2,998.2,2.7,3.4
2024-06-30 10:40:00+02:00,15.8,15.8,16.7,15.3,97.0,21.5,81.0,95.7,0.0,0.0,17.0,28.7,0.7,17.0,92.1,244.9,4.8,7.6,114.0,998.2,998.2,2.7,3.4
2024-06-30 10:45:00+02:00,15.9,15.9,16.7,15.4,97.0,21.5,81.0,118.5,1.0,0.0,17.0,28.7,0.6,17.0,92.1,244.9,4.9,7.9,127.0,998.3,998.3,2.7,3.4
2024-06-30 10:50:00+02:00,16.0,16.0,17.0,15.5,97.0,21.5,81.0,133.2,1.0,0.0,17.0,28.7,0.6,17.0,92.1,244.9,4.5,7.9,140.0,998.3,998.3,2.7,3.4
2024-06-30 10:55:00+02:00,16.2,16.2,17.1,15.7,97.0,21.5,81.0,165.2,1.0,0.0,17.0,28.7,0.5,17.0,92.1,244.9,4.7,6.8,117.0,998.2,998.2,2.7,3.4
2024-06-30 11:00:00+02:00,16.3,16.3,17.5,15.8,97.0,21.5,81.0,170.6,1.0,0.0,17.0,28.7,0.5,17.0,92.1,244.9,4.0,7.2,121.0,998.3,998.3,2.7,3.4
2024-06-30 11:05:00+02:00,16.5,16.5,17.7,16.0,97.0,21.6,81.0,164.7,1.0,0.0,17.0,28.7,0.4,17.0,92.1,244.9,4.0,5.8,110.0,998.3,998.3,2.7,3.5
2024-06-30 11:10:00+02:00,16.5,16.5,17.6,16.0,97.0,21.6,81.0,102.6,0.0,0.0,17.0,28.7,0.4,17.0,92.1,244.9,4.5,8.3,119.0,998.3,998.3,2.7,3.5
2024-06-30 11:15:00+02:00,16.5,16.5,17.7,16.0,97.0,21.7,81.0,120.4,1.0,0.0,17.0,28.7,0.2,17.0,92.1,244.9,4.3,7.9,122.0,998.4,998.4,2.7,3.5
2024-06-30 11:20:00+02:00,16.7,16.7,18.2,16.2,97.0,21.7,82.0,157.7,1.0,0.6,17.1,28.8,0.2,17.1,92.2,245.0,3.0,7.2,114.0,998.4,998.4,2.7,3.5
2024-06-30 11:25:00+02:00,17.0,17.0,18.9,16.5,97.0,21.7,82.0,202.5,1.0,0.6,17.1,28.8,0.2,17.1,92.2,245.0,1.5,5.4,166.0,998.4,998.4,2.7,3.6
2024-06-30 11:30:00+02:00,17.3,17.3,19.4,16.8,97.0,21.7,82.0,242.5,2.0,0.6,17.1,28.8,0.1,17.1,92.2,245.0,1.2,5.4,199.0,998.6,998.6,2.7,3.6
2024-06-30 11:35:00+02:00,17.9,17.9,20.0,17.2,96.0,21.8,82.0,280.7,2.0,0.0,17.1,28.8,0.1,17.1,92.2,245.0,1.6,5.0,111.0,998.5,998.5,2.7,3.7
2024-06-30 11:40:00+02:00,17.9,17.9,19.7,17.0,95.0,21.9,82.0,235.8,2.0,0.0,17.1,28.8,0.1,17.1,92.2,245.0,2.8,7.9,117.0,998.5,998.5,2.7,3.7
2024-06-30 11:45:00+02:00,17.9,17.9,19.6,17.0,94.0,21.9,82.0,228.2,2.0,0.0,17.1,28.8,0.1,17.1,92.2,245.0,3.8,7.6,93.0,998.7,998.7,2.7,3.8
2024-06-30 11:50:00+02:00,18.2,18.2,20.1,17.2,94.0,22.0,83.0,232.8,2.0,0.0,17.1,28.8,0.1,17.1,92.2,245.0,2.9,7.6,206.0,998.7,998.7,2.7,3.8
2024-06-30 11:55:00+02:00,18.4,18.4,20.3,17.2,93.0,22.1,83.0,244.7,2.0,0.0,17.1,28.8,0.1,17.1,92.2,245.0,3.0,7.6,117.0,998.7,998.7,2.7,3.8
2024-06-30 12:00:00+02:00,18.5,18.5,20.4,17.2,92.0,22.2,83.0,436.9,4.0,0.0,17.1,28.8,0.1,17.1,92.2,245.0,3.2,7.2,162.0,998.8,998.8,2.7,3.8
2024-06-30 12:05:00+02:00,18.6,18.6,20.0,17.0,90.0,22.3,83.0,412.6,3.0,0.0,17.1,28.8,0.1,17.1,92.2,245.0,5.0,15.5,278.0,998.7,998.7,2.7,3.9
2024-06-30 12:10:00+02:00,18.8,18.8,20.5,17.1,90.0,22.3,83.0,355.0,3.0,0.0,17.1,28.8,0.1,17.1,92.2,245.0,3.7,9.4,266.0,998.8,998.8,2.7,3.9
2024-06-30 12:15:00+02:00,19.0,19.0,20.4,16.7,87.0,22.5,83.0,497.4,4.0,0.0,17.1,28.8,0.1,17.1,92.2,245.0,4.4,20.2,258.0,998.8,998.8,2.7,4.1
2024-06-30 12:20:00+02:00,19.6,19.6,21.6,16.9,85.0,22.6,83.0,518.3,4.0,0.0,17.1,28.8,0.0,17.1,92.2,245.0,2.2,6.5,223.0,999.0,999.0,2.7,4.1
2024-06-30 12:25:00+02:00,19.8,19.8,21.0,16.9,83.0,22.7,83.0,378.1,3.0,0.0,17.1,28.8,0.0,17.1,92.2,245.0,5.8,19.1,260.0,999.0,999.0,2.7,4.2
2024-06-30 12:30:00+02:00,19.7,19.7,20.5,16.7,83.0,22.8,83.0,447.0,4.0,0.0,17.1,28.8,0.0,17.1,92.2,245.0,7.2,12.6,255.0,999.0,999.0,2.7,4.2
2024-06-30 12:35:00+02:00,19.7,19.7,21.0,16.8,83.0,23.0,83.0,460.8,4.0,0.0,17.1,28.8,0.0,17.1,92.2,245.0,4.9,13.7,311.0,999.0,999.0,2.7,4.4
2024-06-30 12:40:00+02:00,20.1,20.1,22.0,16.7,81.0,23.1,83.0,444.1,4.0,0.0,17.1,28.8,0.0,17.1,92.2,245.0,2.2,7.6,204.0,998.9,998.9,2.7,4.4
2024-06-30 12:45:00+02:00,19.9,19.9,20.0,16.1,79.0,23.3,84.0,514.0,4.0,0.0,17.1,28.8,0.0,17.1,92.2,245.0,9.9,19.1,282.0,999.0,999.0,2.7,4.5
2024-06-30 12:50:00+02:00,19.7,19.7,20.4,16.2,81.0,23.4,83.0,397.3,3.0,0.0,17.1,28.8,0.0,17.1,92.2,245.0,7.2,14.4,275.0,999.1,999.1,2.7,4.5
2024-06-30 12:55:00+02:00,20.0,20.0,21.4,16.6,81.0,23.6,83.0,410.0,3.0,0.0,17.1,28.8,0.0,17.1,92.2,245.0,3.8,10.1,275.0,999.1,999.1,2.7,4.7
2024-06-30 13:00:00+02:00,20.4,20.4,21.4,16.7,79.0,23.7,83.0,678.1,6.0,0.0,17.1,28.8,0.0,17.1,92.2,245.0,6.2,15.1,260.0,999.1,999.1,2.7,4.7
2024-06-30 13:05:00+02:00,21.0,21.0,22.4,16.9,77.0,23.8,84.0,890.9,8.0,0.0,17.1,28.8,0.0,17.1,92.2,245.0,4.4,17.6,247.0,999.3,999.3,2.7,4.9
2024-06-30 13:10:00+02:00,21.4,21.4,23.0,16.8,75.0,24.0,84.0,733.2,6.0,0.0,17.1,28.8,0.0,17.1,92.2,245.0,3.3,13.3,248.0,999.4,999.4,2.7,4.9
2024-06-30 13:15:00+02:00,21.4,21.4,22.4,16.1,72.0,24.2,84.0,647.0,6.0,0.0,17.1,28.8,0.0,17.1,92.2,245.0,5.5,18.7,257.0,999.2,999.2,2.7,5.1
2024-06-30 13:20:00+02:00,20.8,20.8,21.4,15.9,73.0,24.3,84.0,442.4,4.0,0.0,17.1,28.8,0.0,17.1,92.2,245.0,7.1,19.8,275.0,999.4,999.4,2.7,5.1
2024-06-30 13:25:00+02:00,21.1,21.1,21.9,16.1,73.0,24.4,84.0,354.9,3.0,0.0,17.1,28.8,0.0,17.1,92.2,245.0,5.8,14.8,257.0,999.4,999.4,2.7,5.2
2024-06-30 13:30:00+02:00,21.2,21.2,22.6,16.1,73.0,24.6,84.0,447.2,4.0,0.0,17.1,28.8,0.0,17.1,92.2,245.0,2.7,9.7,321.0,999.4,999.4,2.7,5.2
2024-06-30 13:35:00+02:00,21.5,21.5,22.6,16.1,71.0,24.7,84.0,829.8,7.0,0.0,17.1,28.8,0.0,17.1,92.2,245.0,4.4,11.2,266.0,999.5,999.5,2.7,5.2
2024-06-30 13:40:00+02:00,22.1,22.1,23.5,16.1,69.0,24.9,84.0,551.0,5.0,0.0,17.1,28.8,0.0,17.1,92.2,245.0,3.2,11.2,313.0,999.6,999.6,2.7,5.2
2024-06-30 13:45:00+02:00,21.1,21.1,21.8,15.9,72.0,25.0,84.0,257.1,2.0,0.0,17.1,28.8,0.0,17.1,92.2,245.0,6.5,18.4,298.0,999.6,999.6,2.7,5.3
2024-06-30 13:50:00+02:00,20.9,20.9,22.1,16.1,74.0,25.2,83.0,303.6,2.0,0.0,17.1,28.8,0.0,17.1,92.2,245.0,4.7,18.0,221.0,999.6,999.6,2.7,5.3
2024-06-30 13:55:00+02:00,21.0,21.0,22.3,15.6,71.0,25.3,83.0,324.1,3.0,0.0,17.1,28.8,0.0,17.1,92.2,245.0,2.7,14.4,278.0,999.7,999.7,2.7,5.3
2024-06-30 14:00:00+02:00,21.5,21.5,23.0,15.9,70.0,25.3,83.0,781.1,7.0,0.0,17.1,28.8,0.0,17.1,92.2,245.0,2.2,4.7,300.0,999.7,999.7,2.7,5.3
2024-06-30 14:05:00+02:00,22.8,22.8,24.3,16.5,68.0,25.5,84.0,780.4,7.0,0.0,17.1,28.8,0.0,17.1,92.2,245.0,3.6,9.7,238.0,999.7,999.7,2.7,5.3
2024-06-30 14:10:00+02:00,23.0,23.0,24.5,16.3,66.0,25.6,84.0,699.7,6.0,0.0,17.1,28.8,0.0,17.1,92.2,245.0,2.7,17.3,311.0,999.7,999.7,2.7,5.3
2024-06-30 14:15:00+02:00,23.1,23.1,23.4,15.9,64.0,25.7,84.0,681.9,6.0,0.0,17.1,28.8,0.0,17.1,92.2,245.0,8.2,17.3,279.0,999.6,999.6,2.7,5.3
2024-06-30 14:20:00+02:00,22.8,22.8,24.2,15.8,65.0,25.9,84.0,731.4,6.0,0.0,17.1,28.8,0.0,17.1,92.2,245.0,2.9,16.9,236.0,999.7,999.7,2.7,5.3
2024-06-30 14:25:00+02:00,23.3,23.3,24.8,16.0,63.0,26.0,84.0,627.9,5.0,0.0,17.1,28.8,0.0,17.1,92.2,245.0,2.7,6.8,155.0,999.7,999.7,2.7,5.3
2024-06-30 14:30:00+02:00,23.3,23.3,24.9,16.1,64.0,26.1,84.0,274.7,2.0,0.0,17.1,28.8,0.0,17.1,92.2,245.0,2.4,6.8,304.0,999.7,999.7,2.7,5.3
2024-06-30 14:35:00+02:00,22.7,22.7,23.7,15.7,65.0,26.2,83.0,240.5,2.0,0.0,17.1,28.8,0.0,17.1,92.2,245.0,4.5,8.6,292.0,999.7,999.7,2.7,5.3
2024-06-30 14:40:00+02:00,22.3,22.3,23.6,15.5,65.0,26.3,83.0,205.8,1.0,0.0,17.1,28.8,0.0,17.1,92.2,245.0,3.0,9.0,272.0,999.8,999.8,2.7,5.3
2024-06-30 14:45:00+02:00,21.9,21.9,22.7,15.7,68.0,26.3,83.0,111.2,1.0,0.0,17.1,28.8,0.0,17.1,92.2,245.0,5.7,13.0,283.0,999.7,999.7,2.7,5.3
2024-06-30 14:50:00+02:00,21.4,21.4,22.2,15.3,68.0,26.3,83.0,69.8,0.0,0.0,17.1,28.8,0.0,17.1,92.2,245.0,4.8,13.0,269.0,999.9,999.9,2.7,5.3
2024-06-30 14:55:00+02:00,21.4,21.4,22.0,15.4,69.0,26.4,83.0,50.5,0.0,0.0,17.1,28.8,0.0,17.1,92.2,245.0,5.9,12.2,257.0,999.8,999.8,2.7,5.3
2024-06-30 15:00:00+02:00,20.8,20.8,21.3,15.4,71.0,26.4,83.0,41.4,0.0,0.0,17.1,28.8,0.0,17.1,92.2,245.0,6.8,20.9,268.0,1000.1,1000.1,2.7,5.3
2024-06-30 15:05:00+02:00,19.8,19.8,19.7,15.0,74.0,26.4,83.0,61.1,0.0,0.0,17.1,28.8,0.0,17.1,92.2,245.0,8.9,19.4,267.0,1000.1,1000.1,2.7,5.3
2024-06-30 15:10:00+02:00,19.6,19.6,20.2,14.9,74.0,26.4,82.0,63.1,0.0,0.0,17.1,28.8,0.0,17.1,92.2,245.0,5.0,16.2,258.0,1000.2,1000.2,2.7,5.3
2024-06-30 15:15:00+02:00,19.7,19.7,20.2,14.9,74.0,26.4,82.0,60.1,0.0,0.0,17.1,28.8,0.0,17.1,92.2,245.0,5.2,12.6,269.0,1000.3,1000.3,2.7,5.3
2024-06-30 15:20:00+02:00,19.7,19.7,20.8,15.0,74.0,26.4,82.0,59.4,0.0,0.0,17.1,28.8,0.0,17.1,92.2,245.0,2.4,5.8,283.0,1000.4,1000.4,2.7,5.3
2024-06-30 15:25:00+02:00,19.8,19.8,21.1,14.8,73.0,26.3,82.0,76.2,0.0,0.0,17.1,28.8,0.0,17.1,92.2,245.0,1.2,6.8,253.0,1000.5,1000.5,2.7,5.3
2024-06-30 15:30:00+02:00,19.9,19.9,21.1,15.0,73.0,26.3,82.0,77.6,0.0,0.0,17.1,28.8,0.0,17.1,92.2,245.0,2.1,5.8,273.0,1000.4,1000.4,2.7,5.3
2024-06-30 15:35:00+02:00,20.0,20.0,21.3,15.1,73.0,26.3,82.0,70.5,0.0,0.0,17.1,28.8,0.0,17.1,92.2,245.0,1.7,5.0,284.0,1000.5,1000.5,2.7,5.2
2024-06-30 15:40:00+02:00,20.0,20.0,21.5,15.5,75.0,26.3,82.0,54.9,0.0,0.0,17.1,28.8,0.0,17.1,92.2,245.0,1.6,6.1,176.0,1000.5,1000.5,2.7,5.2
2024-06-30 15:45:00+02:00,19.9,19.9,21.4,15.5,76.0,26.2,82.0,64.4,0.0,0.0,17.1,28.8,0.0,17.1,92.2,245.0,1.5,6.1,127.0,1000.6,1000.6,2.7,5.2
2024-06-30 15:50:00+02:00,20.0,20.0,21.3,15.2,74.0,26.2,82.0,89.5,0.0,0.0,17.1,28.8,0.0,17.1,92.2,245.0,1.7,5.8,198.0,1000.5,1000.5,2.7,5.2
2024-06-30 15:55:00+02:00,20.1,20.1,21.6,15.5,75.0,26.2,82.0,103.6,0.0,0.0,17.1,28.8,0.0,17.1,92.2,245.0,1.5,7.6,210.0,1000.5,1000.5,2.7,5.2
2024-06-30 16:00:00+02:00,20.2,20.2,21.9,15.5,74.0,26.1,82.0,87.1,0.0,0.0,17.1,28.8,0.0,17.1,92.2,245.0,0.7,7.6,83.0,1000.6,1000.6,2.7,5.2
2024-06-30 16:05:00+02:00,20.3,20.3,22.0,15.8,75.0,26.1,82.0,61.4,0.0,0.0,17.1,28.8,0.0,17.1,92.2,245.0,1.4,3.2,219.0,1000.6,1000.6,2.7,5.2
2024-06-30 16:10:00+02:00,20.2,20.2,21.6,15.9,77.0,26.1,82.0,26.7,0.0,0.0,17.1,28.8,0.0,17.1,92.2,245.0,2.6,7.9,253.0,1000.7,1000.7,2.7,5.2
2024-06-30 16:15:00+02:00,19.9,19.9,21.7,15.8,77.0,26.1,82.0,44.9,0.0,0.0,17.1,28.8,0.0,17.1,92.2,245.0,0.8,4.3,258.0,1000.6,1000.6,2.7,5.2
2024-06-30 16:20:00+02:00,19.9,19.9,21.8,15.8,77.0,26.0,82.0,145.4,1.0,0.0,17.1,28.8,0.0,17.1,92.2,245.0,0.4,6.5,213.0,1000.7,1000.7,2.7,5.2
2024-06-30 16:25:00+02:00,20.2,20.2,22.0,16.0,77.0,26.0,82.0,314.9,2.0,0.0,17.1,28.8,0.0,17.1,92.2,245.0,0.7,4.7,249.0,1000.7,1000.7,2.7,5.2
2024-06-30 16:30:00+02:00,20.7,20.7,21.9,15.8,74.0,26.0,82.0,257.1,2.0,0.0,17.1,28.8,0.0,17.1,92.2,245.0,3.9,9.4,275.0,1000.8,1000.8,2.7,5.2
2024-06-30 16:35:00+02:00,21.0,21.0,22.2,15.6,71.0,26.0,82.0,183.5,1.0,0.0,17.1,28.8,0.0,17.1,92.2,245.0,3.0,11.2,256.0,1000.7,1000.7,2.7,5.2
2024-06-30 16:40:00+02:00,21.1,21.1,22.2,15.4,70.0,26.0,82.0,173.4,1.0,0.0,17.1,28.8,0.0,17.1,92.2,245.0,3.7,6.8,265.0,1000.8,1000.8,2.7,5.2
2024-06-30 16:45:00+02:00,21.1,21.1,22.3,15.2,69.0,26.0,82.0,74.3,0.0,0.0,17.1,28.8,0.0,17.1,92.2,245.0,2.4,6.8,278.0,1000.8,1000.8,2.7,5.2
2024-06-30 16:50:00+02:00,20.8,20.8,22.3,15.4,71.0,26.0,82.0,50.2,0.0,0.0,17.1,28.8,0.0,17.1,92.2,245.0,1.8,6.5,245.0,1000.9,1000.9,2.7,5.2
2024-06-30 16:55:00+02:00,20.7,20.7,21.9,15.1,70.0,26.0,82.0,59.1,0.0,0.0,17.1,28.8,0.0,17.1,92.2,245.0,2.2,5.8,286.0,1000.9,1000.9,2.7,5.2
2024-06-30 17:00:00+02:00,20.6,20.6,21.8,15.0,70.0,26.0,82.0,55.9,0.0,0.0,17.1,28.8,0.0,17.1,92.2,245.0,2.3,5.8,249.0,1000.9,1000.9,2.7,5.2
2024-06-30 17:05:00+02:00,20.5,20.5,21.5,15.0,71.0,26.0,82.0,98.7,0.0,0.0,17.1,28.8,0.0,17.1,92.2,245.0,3.2,10.1,257.0,1000.9,1000.9,2.7,5.2
2024-06-30 17:10:00+02:00,20.4,20.4,20.9,14.6,69.0,25.9,82.0,129.7,1.0,0.0,17.1,28.8,0.0,17.1,92.2,245.0,4.9,10.1,256.0,1000.9,1000.9,2.7,5.2
2024-06-30 17:15:00+02:00,20.5,20.5,21.5,14.5,68.0,25.9,82.0,116.1,1.0,0.0,17.1,28.8,0.0,17.1,92.2,245.0,2.2,9.4,270.0,1000.9,1000.9,2.7,5.2
2024-06-30 17:20:00+02:00,20.6,20.6,21.8,14.6,68.0,25.9,82.0,70.7,0.0,0.0,17.1,28.8,0.0,17.1,92.2,245.0,1.4,5.8,247.0,1001.0,1001.0,2.7,5.2
2024-06-30 17:25:00+02:00,20.5,20.5,20.8,14.3,68.0,25.9,82.0,99.3,0.0,0.0,17.1,28.8,0.0,17.1,92.2,245.0,4.9,15.1,270.0,1001.0,1001.0,2.7,5.2
2024-06-30 17:30:00+02:00,20.5,20.5,21.8,14.6,69.0,25.9,82.0,94.3,0.0,0.0,17.1,28.8,0.0,17.1,92.2,245.0,1.0,4.7,267.0,1001.0,1001.0,2.7,5.2
2024-06-30 17:35:00+02:00,20.5,20.5,21.6,14.7,69.0,25.9,82.0,57.1,0.0,0.0,17.1,28.8,0.0,17.1,92.2,245.0,2.3,7.2,277.0,1001.1,1001.1,2.7,5.2
2024-06-30 17:40:00+02:00,20.5,20.5,21.3,14.5,69.0,25.9,82.0,73.9,0.0,0.0,17.1,28.8,0.0,17.1,92.2,245.0,3.3,7.2,237.0,1001.2,1001.2,2.7,5.2
2024-06-30 17:45:00+02:00,20.4,20.4,21.0,14.5,69.0,25.8,82.0,78.1,0.0,0.0,17.1,28.8,0.0,17.1,92.2,245.0,4.2,7.2,276.0,1001.2,1001.2,2.7,5.2
2024-06-30 17:50:00+02:00,20.4,20.4,21.6,14.5,69.0,25.9,82.0,72.7,0.0,0.0,17.1,28.8,0.0,17.1,92.2,245.0,1.2,6.8,253.0,1001.3,1001.3,2.7,5.2
2024-06-30 17:55:00+02:00,20.3,20.3,21.4,14.7,70.0,25.8,82.0,93.9,0.0,0.0,17.1,28.8,0.0,17.1,92.2,245.0,2.4,10.4,131.0,1001.3,1001.3,2.7,5.2
2024-06-30 18:00:00+02:00,20.3,20.3,21.7,15.0,71.0,25.8,82.0,90.1,0.0,0.0,17.1,28.8,0.0,17.1,92.2,245.0,1.3,4.3,124.0,1001.3,1001.3,2.7,5.2
2024-06-30 18:05:00+02:00,20.3,20.3,21.6,14.6,70.0,25.8,82.0,38.6,0.0,0.0,17.1,28.8,0.0,17.1,92.2,245.0,1.1,4.3,99.0,1001.4,1001.4,2.7,5.2
2024-06-30 18:10:00+02:00,20.3,20.3,21.6,14.7,71.0,25.8,82.0,32.3,0.0,0.0,17.1,28.8,0.0,17.1,92.2,245.0,0.9,5.0,146.0,1001.3,1001.3,2.7,5.2
2024-06-30 18:15:00+02:00,20.2,20.2,21.5,14.8,71.0,25.8,82.0,37.1,0.0,0.0,17.1,28.8,0.0,17.1,92.2,245.0,1.7,4.7,210.0,1001.3,1001.3,2.7,5.2
2024-06-30 18:20:00+02:00,20.2,20.2,21.5,14.6,70.0,25.7,82.0,36.4,0.0,0.0,17.1,28.8,0.0,17.1,92.2,245.0,0.9,5.8,104.0,1001.4,1001.4,2.7,5.2
2024-06-30 18:25:00+02:00,20.2,20.2,21.3,14.7,71.0,25.7,82.0,36.5,0.0,0.0,17.1,28.8,0.0,17.1,92.2,245.0,1.7,4.7,102.0,1001.4,1001.4,2.7,5.2
2024-06-30 18:30:00+02:00,20.2,20.2,21.6,14.7,71.0,25.7,82.0,74.1,0.0,0.0,17.1,28.8,0.0,17.1,92.2,245.0,0.5,4.3,175.0,1001.5,1001.5,2.7,5.2
2024-06-30 18:35:00+02:00,20.2,20.2,20.7,14.3,69.0,25.7,82.0,94.4,0.0,0.0,17.1,28.8,0.0,17.1,92.2,245.0,4.8,9.0,261.0,1001.4,1001.4,2.7,5.2
2024-06-30 18:40:00+02:00,20.4,20.4,21.2,14.3,68.0,25.7,82.0,88.5,0.0,0.0,17.1,28.8,0.0,17.1,92.2,245.0,3.2,5.8,320.0,1001.4,1001.4,2.7,5.2
2024-06-30 18:45:00+02:00,20.5,20.5,21.1,14.1,67.0,25.6,82.0,68.2,0.0,0.0,17.1,28.8,0.0,17.1,92.2,245.0,3.5,7.6,268.0,1001.5,1001.5,2.7,5.2
2024-06-30 18:50:00+02:00,20.4,20.4,21.3,14.0,67.0,25.6,82.0,39.9,0.0,0.0,17.1,28.8,0.0,17.1,92.2,245.0,1.9,7.2,287.0,1001.5,1001.5,2.7,5.2
2024-06-30 18:55:00+02:00,20.3,20.3,20.9,14.0,67.0,25.6,82.0,41.8,0.0,0.0,17.1,28.8,0.0,17.1,92.2,245.0,3.5,9.4,256.0,1001.5,1001.5,2.7,5.2
2024-06-30 19:00:00+02:00,20.3,20.3,21.0,14.1,68.0,25.6,82.0,46.5,0.0,0.0,17.1,28.8,0.0,17.1,92.2,245.0,3.0,9.4,251.0,1001.6,1001.6,2.7,5.2
2024-06-30 19:05:00+02:00,20.3,20.3,21.1,14.0,67.0,25.6,82.0,50.1,0.0,0.0,17.1,28.8,0.0,17.1,92.2,245.0,2.4,5.0,260.0,1001.6,1001.6,2.7,5.2
2024-06-30 19:10:00+02:00,20.3,20.3,21.2,14.1,68.0,25.5,82.0,37.8,0.0,0.0,17.1,28.8,0.0,17.1,92.2,245.0,1.9,7.9,300.0,1001.6,1001.6,2.7,5.2
2024-06-30 19:15:00+02:00,20.2,20.2,21.3,14.1,68.0,25.5,82.0,42.5,0.0,0.0,17.1,28.8,0.0,17.1,92.2,245.0,1.2,8.3,266.0,1001.6,1001.6,2.7,5.2
2024-06-30 19:20:00+02:00,20.2,20.2,21.2,14.1,68.0,25.5,82.0,47.7,0.0,0.0,17.1,28.8,0.0,17.1,92.2,245.0,1.9,5.8,194.0,1001.6,1001.6,2.7,5.2
2024-06-30 19:25:00+02:00,20.2,20.2,21.4,14.1,68.0,25.5,82.0,40.6,0.0,0.0,17.1,28.8,0.0,17.1,92.2,245.0,0.5,4.7,235.0,1001.6,1001.6,2.7,5.2
2024-06-30 19:30:00+02:00,20.2,20.2,20.9,14.2,69.0,25.4,82.0,25.1,0.0,0.0,17.1,28.8,0.0,17.1,92.2,245.0,3.1,6.1,306.0,1001.5,1001.5,2.7,5.2
2024-06-30 19:35:00+02:00,20.1,20.1,21.0,14.2,69.0,25.4,82.0,23.9,0.0,0.0,17.1,28.8,0.0,17.1,92.2,245.0,2.1,8.3,252.0,1001.5,1001.5,2.7,5.2
2024-06-30 19:40:00+02:00,20.0,20.0,20.9,14.3,69.0,25.4,82.0,24.0,0.0,0.0,17.1,28.8,0.0,17.1,92.2,245.0,2.2,6.8,288.0,1001.6,1001.6,2.7,5.2
2024-06-30 19:45:00+02:00,20.0,20.0,20.2,14.0,68.0,25.4,82.0,22.8,0.0,0.0,17.1,28.8,0.0,17.1,92.2,245.0,5.2,9.0,278.0,1001.6,1001.6,2.7,5.2
2024-06-30 19:50:00+02:00,19.9,19.9,20.6,13.8,68.0,25.3,82.0,24.6,0.0,0.0,17.1,28.8,0.0,17.1,92.2,245.0,2.4,8.3,318.0,1001.6,1001.6,2.7,5.2
2024-06-30 19:55:00+02:00,19.9,19.9,20.4,13.7,67.0,25.3,82.0,18.6,0.0,0.0,17.1,28.8,0.0,17.1,92.2,245.0,3.2,6.8,254.0,1001.4,1001.4,2.7,5.2
2024-06-30 20:00:00+02:00,19.9,19.9,20.7,13.8,68.0,25.3,82.0,18.9,0.0,0.0,17.1,28.8,0.0,17.1,92.2,245.0,2.2,8.6,275.0,1001.6,1001.6,2.7,5.2
2024-06-30 20:05:00+02:00,19.8,19.8,20.6,13.8,68.0,25.2,82.0,18.9,0.0,0.0,17.1,28.8,0.0,17.1,92.2,245.0,2.5,7.9,294.0,1001.6,1001.6,2.7,5.2
2024-06-30 20:10:00+02:00,19.8,19.8,20.7,13.7,68.0,25.2,82.0,20.3,0.0,0.0,17.1,28.8,0.0,17.1,92.2,245.0,1.6,5.0,272.0,1001.6,1001.6,2.7,5.2
2024-06-30 20:15:00+02:00,19.8,19.8,21.1,14.1,70.0,25.2,82.0,20.4,0.0,0.0,17.1,28.8,0.0,17.1,92.2,245.0,0.0,2.5,96.0,1001.7,1001.7,2.7,5.2
2024-06-30 20:20:00+02:00,19.7,19.7,20.8,14.0,69.0,25.2,82.0,17.4,0.0,0.0,17.1,28.8,0.0,17.1,92.2,245.0,0.7,4.0,283.0,1001.6,1001.6,2.7,5.2
2024-06-30 20:25:00+02:00,19.7,19.7,20.8,14.2,70.0,25.2,82.0,14.0,0.0,0.0,17.1,28.8,0.0,17.1,92.2,245.0,0.9,2.9,279.0,1001.7,1001.7,2.7,5.2
2024-06-30 20:30:00+02:00,19.7,19.7,20.4,13.9,69.0,25.1,82.0,9.6,0.0,0.0,17.1,28.8,0.0,17.1,92.2,245.0,2.2,3.6,265.0,1001.9,1001.9,2.7,5.2
2024-06-30 20:35:00+02:00,19.6,19.6,20.1,13.8,69.0,25.1,82.0,8.4,0.0,0.0,17.1,28.8,0.0,17.1,92.2,245.0,3.5,6.5,271.0,1001.8,1001.8,2.7,5.2
2024-06-30 20:40:00+02:00,19.6,19.6,20.2,13.8,69.0,25.1,82.0,9.2,0.0,0.0,17.1,28.8,0.0,17.1,92.2,245.0,3.1,6.5,281.0,1001.9,1001.9,2.7,5.2
2024-06-30 20:45:00+02:00,19.5,19.5,20.6,14.0,70.0,25.0,82.0,7.5,0.0,0.0,17.1,28.8,0.0,17.1,92.2,245.0,0.8,4.7,5.0,1001.9,1001.9,2.7,5.2
2024-06-30 20:50:00+02:00,19.4,19.4,20.6,13.9,70.0,25.0,82.0,8.0,0.0,0.0,17.1,28.8,0.0,17.1,92.2,245.0,0.4,2.9,181.0,1002.0,1002.0,2.7,5.2
2024-06-30 20:55:00+02:00,19.4,19.4,20.5,14.0,71.0,25.0,82.0,8.5,0.0,0.0,17.1,28.8,0.0,17.1,92.2,245.0,1.0,5.8,163.0,1001.9,1001.9,2.7,5.2
2024-06-30 21:00:00+02:00,19.3,19.3,20.6,14.0,72.0,24.9,82.0,4.7,0.0,0.0,17.1,28.8,0.0,17.1,92.2,245.0,0.0,5.8,149.0,1002.1,1002.1,2.7,5.2
2024-06-30 21:05:00+02:00,19.2,19.2,20.3,14.0,72.0,24.9,82.0,3.2,0.0,0.0,17.1,28.8,0.0,17.1,92.2,245.0,0.9,3.2,172.0,1002.1,1002.1,2.7,5.2
2024-06-30 21:10:00+02:00,19.2,19.2,20.4,14.2,73.0,24.9,82.0,2.8,0.0,0.0,17.1,28.8,0.0,17.1,92.2,245.0,0.9,4.0,222.0,1002.1,1002.1,2.7,5.2
2024-06-30 21:15:00+02:00,19.2,19.2,19.8,14.1,72.0,24.8,82.0,3.2,0.0,0.0,17.1,28.8,0.0,17.1,92.2,245.0,3.3,7.9,346.0,1002.2,1002.2,2.7,5.2
2024-06-30 21:20:00+02:00,19.0,19.0,19.0,13.7,71.0,24.8,82.0,5.0,0.0,0.0,17.1,28.8,0.0,17.1,92.2,245.0,6.0,16.6,253.0,1002.2,1002.2,2.7,5.2
2024-06-30 21:25:00+02:00,18.9,18.9,18.9,13.5,71.0,24.8,82.0,5.2,0.0,0.0,17.1,28.8,0.0,17.1,92.2,245.0,5.5,9.4,277.0,1002.2,1002.2,2.7,5.2
2024-06-30 21:30:00+02:00,18.8,18.8,19.6,13.4,71.0,24.7,82.0,4.3,0.0,0.0,17.1,28.8,0.0,17.1,92.2,245.0,1.6,9.4,249.0,1002.1,1002.1,2.7,5.2
2024-06-30 21:35:00+02:00,18.7,18.7,19.4,13.6,72.0,24.7,82.0,3.6,0.0,0.0,17.1,28.8,0.0,17.1,92.2,245.0,2.5,11.5,282.0,1002.3,1002.3,2.7,5.1
2024-06-30 21:40:00+02:00,18.6,18.6,19.2,13.6,73.0,24.6,82.0,1.4,0.0,0.0,17.1,28.8,0.0,17.1,92.2,245.0,3.2,5.8,267.0,1002.4,1002.4,2.7,5.1
2024-06-30 21:45:00+02:00,18.5,18.5,19.7,13.6,73.0,24.6,82.0,1.2,0.0,0.0,17.1,28.8,0.0,17.1,92.2,245.0,0.0,3.6,160.0,1002.3,1002.3,2.7,5.1
2024-06-30 21:50:00+02:00,18.5,18.5,19.6,13.7,74.0,24.6,82.0,1.2,0.0,0.0,17.1,28.8,0.0,17.1,92.2,245.0,0.4,2.5,175.0,1002.3,1002.3,2.7,5.1
2024-06-30 21:55:00+02:00,18.4,18.4,19.6,13.7,74.0,24.5,82.0,0.8,0.0,0.0,17.1,28.8,0.0,17.1,92.2,245.0,0.0,1.8,141.0,1002.3,1002.3,2.7,5.1
2024-06-30 22:00:00+02:00,18.3,18.3,19.5,13.8,75.0,24.5,82.0,0.5,0.0,0.0,17.1,28.8,0.0,17.1,92.2,245.0,0.0,1.8,61.0,1002.4,1002.4,2.7,5.1
2024-06-30 22:05:00+02:00,18.3,18.3,19.4,13.8,75.0,24.4,82.0,0.2,0.0,0.0,17.1,28.8,0.0,17.1,92.2,245.0,0.4,4.0,280.0,1002.3,1002.3,2.7,5.1
2024-06-30 22:10:00+02:00,18.2,18.2,19.0,14.0,76.0,24.4,82.0,0.2,0.0,0.0,17.1,28.8,0.0,17.1,92.2,245.0,2.4,4.7,293.0,1002.4,1002.4,2.7,5.1
2024-06-30 22:15:00+02:00,18.2,18.2,18.6,13.9,76.0,24.4,82.0,0.1,0.0,0.0,17.1,28.8,0.0,17.1,92.2,245.0,4.1,7.2,287.0,1002.5,1002.5,2.7,5.1
2024-06-30 22:20:00+02:00,18.2,18.2,19.2,13.9,76.0,24.3,82.0,0.0,0.0,0.0,17.1,28.8,0.0,17.1,92.2,245.0,1.2,6.8,266.0,1002.5,1002.5,2.7,5.1
2024-06-30 22:25:00+02:00,18.1,18.1,19.0,13.9,76.0,24.3,82.0,0.0,0.0,0.0,17.1,28.8,0.0,17.1,92.2,245.0,1.9,6.5,291.0,1002.5,1002.5,2.7,5.1
2024-06-30 22:30:00+02:00,18.0,18.0,19.1,13.9,77.0,24.3,82.0,0.0,0.0,0.0,17.1,28.8,0.0,17.1,92.2,245.0,0.7,4.7,309.0,1002.5,1002.5,2.7,5.1
2024-06-30 22:35:00+02:00,17.9,17.9,19.2,14.0,78.0,24.2,82.0,0.0,0.0,0.0,17.1,28.8,0.0,17.1,92.2,245.0,0.0,0.0,279.0,1002.4,1002.4,2.7,5.1
2024-06-30 22:40:00+02:00,17.8,17.8,19.1,14.0,79.0,24.2,82.0,0.0,0.0,0.0,17.1,28.8,0.0,17.1,92.2,245.0,0.0,2.5,16.0,1002.6,1002.6,2.7,5.1
2024-06-30 22:45:00+02:00,17.7,17.7,19.0,14.1,79.0,24.2,82.0,0.0,0.0,0.0,17.1,28.8,0.0,17.1,92.2,245.0,0.0,2.2,79.0,1002.5,1002.5,2.7,5.1
2024-06-30 22:50:00+02:00,17.7,17.7,18.5,14.1,79.0,24.1,82.0,0.0,0.0,0.0,17.1,28.8,0.0,17.1,92.2,245.0,2.6,5.4,137.0,1002.6,1002.6,2.7,5.1
2024-06-30 22:55:00+02:00,17.7,17.7,18.9,13.9,79.0,24.1,82.0,0.0,0.0,0.0,17.1,28.8,0.0,17.1,92.2,245.0,0.0,4.0,311.0,1002.6,1002.6,2.7,5.1
2024-06-30 23:00:00+02:00,17.7,17.7,19.0,14.1,79.0,24.1,82.0,0.0,0.0,0.0,17.1,28.8,0.0,17.1,92.2,245.0,0.0,2.2,23.0,1002.7,1002.7,2.7,5.1
2024-06-30 23:05:00+02:00,17.7,17.7,18.7,14.1,79.0,24.0,82.0,0.0,0.0,0.0,17.1,28.8,0.0,17.1,92.2,245.0,1.3,6.5,280.0,1002.7,1002.7,2.7,5.1
2024-06-30 23:10:00+02:00,17.7,17.7,18.8,14.0,79.0,24.0,82.0,0.0,0.0,0.0,17.1,28.8,0.0,17.1,92.2,245.0,0.7,4.3,258.0,1002.7,1002.7,2.7,5.1
2024-06-30 23:15:00+02:00,17.6,17.6,18.6,14.0,79.0,23.9,82.0,0.0,0.0,0.0,17.1,28.8,0.0,17.1,92.2,245.0,1.2,4.3,278.0,1002.8,1002.8,2.7,5.1
2024-06-30 23:20:00+02:00,17.6,17.6,18.6,14.1,80.0,23.9,82.0,0.0,0.0,0.0,17.1,28.8,0.0,17.1,92.2,245.0,1.4,3.6,215.0,1002.7,1002.7,2.7,5.1
2024-06-30 23:25:00+02:00,17.5,17.5,18.8,14.3,81.0,23.9,82.0,0.0,0.0,0.0,17.1,28.8,0.0,17.1,92.2,245.0,0.4,5.0,325.0,1002.7,1002.7,2.7,5.0
2024-06-30 23:30:00+02:00,17.4,17.4,18.8,14.5,83.0,23.8,82.0,0.0,0.0,0.0,17.1,28.8,0.0,17.1,92.2,245.0,0.0,5.0,152.0,1002.9,1002.9,2.7,5.0
2024-06-30 23:35:00+02:00,17.2,17.2,18.5,14.5,84.0,23.8,82.0,0.0,0.0,1.2,17.3,29.0,0.2,17.3,92.4,245.2,0.8,4.7,143.0,1003.0,1003.0,2.7,5.0
2024-06-30 23:40:00+02:00,17.1,17.1,18.4,14.7,86.0,23.8,82.0,0.0,0.0,3.0,17.6,29.3,0.5,17.6,92.7,245.5,0.7,2.5,139.0,1003.1,1003.1,2.7,5.0
2024-06-30 23:45:00+02:00,16.8,16.8,18.2,15.0,89.0,23.7,82.0,0.0,0.0,3.0,17.8,29.5,0.7,17.8,92.9,245.7,1.5,4.0,121.0,1003.0,1003.0,2.7,5.0
2024-06-30 23:50:00+02:00,16.5,16.5,17.4,14.9,91.0,23.7,82.0,0.0,0.0,2.4,17.9,29.6,0.8,17.9,93.0,245.8,3.1,5.0,123.0,1003.0,1003.0,2.7,5.0
2024-06-30 23:55:00+02:00,16.3,16.3,17.4,15.0,92.0,23.7,82.0,0.0,0.0,1.8,18.0,29.7,0.9,18.0,93.1,245.9,2.3,4.7,125.0,1003.1,1003.1,2.7,4.9
2024-07-01 02:00:00+02:00,15.7,15.7,16.7,15.1,96.0,22.6,82.0,0.0,0.0,0.6,0.6,30.3,0.1,18.6,0.6,246.5,2.9,5.8,113.0,1002.8,1002.8,2.7,4.7
2024-07-01 02:05:00+02:00,15.7,15.7,17.1,15.1,96.0,22.6,82.0,0.0,0.0,0.0,0.6,30.3,0.1,18.6,0.6,246.5,1.4,3.2,244.0,1002.9,1002.9,2.7,4.7
2024-07-01 02:10:00+02:00,15.7,15.7,16.6,15.1,96.0,22.5,82.0,0.0,0.0,0.0,0.6,30.3,0.1,18.6,0.6,246.5,3.7,6.5,277.0,1003.0,1003.0,2.7,4.7
2024-07-01 02:15:00+02:00,15.7,15.7,17.0,15.1,96.0,22.5,82.0,0.0,0.0,4.8,1.4,31.1,0.9,19.4,1.4,247.3,1.7,5.4,304.0,1002.9,1002.9,2.7,4.7
2024-07-01 02:20:00+02:00,15.6,15.6,17.2,15.0,96.0,22.5,82.0,0.0,0.0,5.4,1.5,31.2,1.0,19.5,1.5,247.4,0.0,2.5,83.0,1002.9,1002.9,2.7,4.7
2024-07-01 02:25:00+02:00,15.6,15.6,17.1,15.0,96.0,22.4,82.0,0.0,0.0,5.4,1.5,31.2,1.0,19.5,1.5,247.4,0.6,3.6,204.0,1002.8,1002.8,2.7,4.6
2024-07-01 02:30:00+02:00,15.4,15.4,16.6,14.8,96.0,22.4,82.0,0.0,0.0,0.0,1.5,31.2,1.0,19.5,1.5,247.4,1.7,4.3,90.0,1002.9,1002.9,2.7,4.6
2024-07-01 02:35:00+02:00,15.3,15.3,16.2,14.7,96.0,22.4,82.0,0.0,0.0,0.0,1.5,31.2,1.0,19.5,1.5,247.4,2.8,7.2,163.0,1002.9,1002.9,2.7,4.6
2024-07-01 02:40:00+02:00,15.3,15.3,16.5,14.7,96.0,22.3,82.0,0.0,0.0,0.0,1.5,31.2,1.0,19.5,1.5,247.4,1.4,3.6,288.0,1003.0,1003.0,2.7,4.6
2024-07-01 02:45:00+02:00,15.3,15.3,16.4,14.6,96.0,22.3,82.0,0.0,0.0,0.0,1.5,31.2,1.0,19.5,1.5,247.4,1.9,7.2,293.0,1002.9,1002.9,2.7,4.6
2024-07-01 02:50:00+02:00,15.2,15.2,16.2,14.6,96.0,22.3,82.0,0.0,0.0,0.0,1.5,31.2,0.9,19.5,1.5,247.4,2.4,6.8,201.0,1002.9,1002.9,2.7,4.6
2024-07-01 02:55:00+02:00,15.2,15.2,16.6,14.6,96.0,22.2,82.0,0.0,0.0,0.0,1.5,31.2,0.9,19.5,1.5,247.4,0.5,4.7,255.0,1002.9,1002.9,2.7,4.6
2024-07-01 03:00:00+02:00,15.2,15.2,16.2,14.6,96.0,22.2,82.0,0.0,0.0,0.0,1.5,31.2,0.9,19.5,1.5,247.4,2.0,7.2,178.0,1002.9,1002.9,2.7,4.6
2024-07-01 03:05:00+02:00,15.2,15.2,16.2,14.6,96.0,22.1,82.0,0.0,0.0,0.0,1.5,31.2,0.9,19.5,1.5,247.4,2.4,11.2,245.0,1002.8,1002.8,2.7,4.6
2024-07-01 03:10:00+02:00,15.1,15.1,16.0,14.5,96.0,22.1,82.0,0.0,0.0,0.6,1.6,31.3,1.0,19.6,1.6,247.5,2.4,14.8,291.0,1002.9,1002.9,2.7,4.6
2024-07-01 03:15:00+02:00,15.0,15.0,16.0,14.4,96.0,22.0,82.0,0.0,0.0,0.6,1.6,31.3,0.2,19.6,1.6,247.5,2.3,5.4,244.0,1002.9,1002.9,2.7,4.6
2024-07-01 03:20:00+02:00,15.1,15.1,16.3,14.6,97.0,22.0,82.0,0.0,0.0,1.2,1.7,31.4,0.2,19.7,1.7,247.6,1.3,4.7,149.0,1002.9,1002.9,2.7,4.6
2024-07-01 03:25:00+02:00,15.0,15.0,15.6,14.6,97.0,22.0,82.0,0.0,0.0,0.6,1.7,31.4,0.2,19.7,1.7,247.6,4.5,12.6,231.0,1002.8,1002.8,2.7,4.5
2024-07-01 03:30:00+02:00,14.9,14.9,15.2,14.4,97.0,21.9,82.0,0.0,0.0,0.0,1.7,31.4,0.2,19.7,1.7,247.6,5.4,16.2,261.0,1002.9,1002.9,2.7,4.5
2024-07-01 03:35:00+02:00,14.8,14.8,15.1,14.4,97.0,21.8,82.0,0.0,0.0,0.0,1.7,31.4,0.2,19.7,1.7,247.6,5.3,15.1,251.0,1003.0,1003.0,2.7,4.5
2024-07-01 03:40:00+02:00,14.7,14.7,15.1,14.3,97.0,21.8,82.0,0.0,0.0,0.0,1.7,31.4,0.2,19.7,1.7,247.6,4.7,10.8,243.0,1002.8,1002.8,2.7,4.5
2024-07-01 03:45:00+02:00,14.6,14.6,14.6,14.1,97.0,21.8,82.0,0.0,0.0,0.0,1.7,31.4,0.2,19.7,1.7,247.6,6.5,12.2,236.0,1002.8,1002.8,2.7,4.5
2024-07-01 03:50:00+02:00,14.6,14.6,14.7,14.0,96.0,21.7,81.0,0.0,0.0,0.0,1.7,31.4,0.2,19.7,1.7,247.6,5.8,19.8,279.0,1002.9,1002.9,2.7,4.5
2024-07-01 03:55:00+02:00,14.4,14.4,14.4,13.8,96.0,21.7,81.0,0.0,0.0,0.0,1.7,31.4,0.2,19.7,1.7,247.6,5.8,19.8,262.0,1002.8,1002.8,2.7,4.5
2024-07-01 04:00:00+02:00,14.4,14.4,14.1,13.8,96.0,21.6,81.0,0.0,0.0,0.0,1.7,31.4,0.2,19.7,1.7,247.6,7.6,14.4,267.0,1002.9,1002.9,2.7,4.5
2024-07-01 04:05:00+02:00,14.3,14.3,14.7,13.7,96.0,21.6,81.0,0.0,0.0,0.0,1.7,31.4,0.2,19.7,1.7,247.6,4.0,14.4,198.0,1003.0,1003.0,2.7,4.5
2024-07-01 04:10:00+02:00,14.2,14.2,14.6,13.6,96.0,21.5,81.0,0.0,0.0,0.0,1.7,31.4,0.1,19.7,1.7,247.6,4.0,10.1,219.0,1003.0,1003.0,2.7,4.5
2024-07-01 04:15:00+02:00,14.3,14.3,14.9,13.7,96.0,21.5,81.0,0.0,0.0,0.0,1.7,31.4,0.1,19.7,1.7,247.6,2.9,7.6,172.0,1003.2,1003.2,2.7,4.5
2024-07-01 04:20:00+02:00,14.3,14.3,15.1,13.7,96.0,21.5,81.0,0.0,0.0,0.0,1.7,31.4,0.0,19.7,1.7,247.6,1.9,10.8,190.0,1003.1,1003.1,2.7,4.5
2024-07-01 04:25:00+02:00,14.2,14.2,14.8,13.6,96.0,21.4,81.0,0.0,0.0,0.0,1.7,31.4,0.0,19.7,1.7,247.6,2.7,10.8,44.0,1003.1,1003.1,2.7,4.5
2024-07-01 04:30:00+02:00,14.1,14.1,14.4,13.5,96.0,21.4,81.0,0.0,0.0,0.0,1.7,31.4,0.0,19.7,1.7,247.6,4.3,11.2,16.0,1003.2,1003.2,2.7,4.5
2024-07-01 04:35:00+02:00,14.1,14.1,14.7,13.5,96.0,21.4,81.0,0.0,0.0,0.0,1.7,31.4,0.0,19.7,1.7,247.6,2.7,8.6,60.0,1003.1,1003.1,2.7,4.4
2024-07-01 04:40:00+02:00,14.1,14.1,14.5,13.5,96.0,21.3,81.0,0.0,0.0,0.0,1.7,31.4,0.0,19.7,1.7,247.6,3.7,7.9,104.0,1003.2,1003.2,2.7,4.4
2024-07-01 04:45:00+02:00,14.0,14.0,14.4,13.4,96.0,21.3,81.0,0.0,0.0,0.0,1.7,31.4,0.0,19.7,1.7,247.6,3.2,8.6,65.0,1003.1,1003.1,2.7,4.5
2024-07-01 04:50:00+02:00,14.0,14.0,14.7,13.4,96.0,21.3,81.0,0.0,0.0,0.0,1.7,31.4,0.0,19.7,1.7,247.6,1.7,7.9,132.0,1003.2,1003.2,2.7,4.5
2024-07-01 04:55:00+02:00,14.0,14.0,14.4,13.4,96.0,21.3,81.0,0.1,0.0,0.0,1.7,31.4,0.0,19.7,1.7,247.6,3.2,6.5,229.0,1003.1,1003.1,2.72,4.4
2024-07-01 05:00:00+02:00,14.0,14.0,14.4,13.4,96.0,21.2,81.0,0.2,0.0,0.0,1.7,31.4,0.0,19.7,1.7,247.6,3.4,8.3,167.0,1003.1,1003.1,2.72,4.4
2024-07-01 05:05:00+02:00,13.9,13.9,14.1,13.3,96.0,21.2,81.0,0.4,0.0,0.0,1.7,31.4,0.0,19.7,1.7,247.6,4.5,9.0,160.0,1003.3,1003.3,2.72,4.4
2024-07-01 05:10:00+02:00,13.9,13.9,14.2,13.3,96.0,21.1,81.0,0.7,0.0,0.6,1.8,31.5,0.1,19.8,1.8,247.7,3.6,9.7,121.0,1003.3,1003.3,2.72,4.4
2024-07-01 05:15:00+02:00,13.8,13.8,14.2,13.2,96.0,21.1,81.0,1.0,0.0,0.6,1.8,31.5,0.1,19.8,1.8,247.7,3.0,7.6,147.0,1003.4,1003.4,2.7,4.4
2024-07-01 05:20:00+02:00,13.8,13.8,14.2,13.2,96.0,21.1,81.0,1.6,0.0,0.6,1.8,31.5,0.1,19.8,1.8,247.7,3.1,9.0,170.0,1003.4,1003.4,2.7,4.4
2024-07-01 05:25:00+02:00,13.8,13.8,14.1,13.2,96.0,21.0,81.0,2.4,0.0,0.0,1.8,31.5,0.1,19.8,1.8,247.7,3.3,9.0,165.0,1003.3,1003.3,2.72,4.4
2024-07-01 05:30:00+02:00,13.8,13.8,14.2,13.2,96.0,21.0,81.0,2.8,0.0,0.0,1.8,31.5,0.1,19.8,1.8,247.7,2.9,8.3,242.0,1003.4,1003.4,2.72,4.4
2024-07-01 05:35:00+02:00,13.7,13.7,14.0,13.1,96.0,21.0,81.0,3.7,0.0,0.0,1.8,31.5,0.1,19.8,1.8,247.7,3.6,8.3,159.0,1003.4,1003.4,2.7,4.4
2024-07-01 05:40:00+02:00,13.7,13.7,14.0,13.1,96.0,20.9,81.0,4.1,0.0,0.0,1.8,31.5,0.1,19.8,1.8,247.7,3.2,7.9,169.0,1003.4,1003.4,2.7,4.4
2024-07-01 05:45:00+02:00,13.7,13.7,14.0,13.1,96.0,20.9,81.0,5.8,0.0,0.0,1.8,31.5,0.1,19.8,1.8,247.7,3.1,6.8,155.0,1003.5,1003.5,2.72,4.4
2024-07-01 05:50:00+02:00,13.7,13.7,14.1,13.1,96.0,20.9,81.0,7.4,0.0,0.0,1.8,31.5,0.1,19.8,1.8,247.7,2.7,6.8,15.0,1003.7,1003.7,2.72,4.4
2024-07-01 05:55:00+02:00,13.6,13.6,13.5,13.0,96.0,20.8,81.0,7.3,0.0,0.0,1.8,31.5,0.1,19.8,1.8,247.7,5.0,13.0,32.0,1003.7,1003.7,2.7,4.4
2024-07-01 06:00:00+02:00,13.6,13.6,14.1,13.0,96.0,20.8,81.0,8.5,0.0,0.0,1.8,31.5,0.1,19.8,1.8,247.7,2.2,14.0,50.0,1003.7,1003.7,2.7,4.4
2024-07-01 06:05:00+02:00,13.6,13.6,13.7,13.0,96.0,20.8,81.0,8.6,0.0,0.0,1.8,31.5,0.1,19.8,1.8,247.7,4.4,8.6,251.0,1003.8,1003.8,2.72,4.4
2024-07-01 06:10:00+02:00,13.5,13.5,14.0,12.8,95.0,20.7,81.0,10.0,0.0,0.0,1.8,31.5,0.0,19.8,1.8,247.7,2.2,5.4,147.0,1003.8,1003.8,2.72,4.4
2024-07-01 06:15:00+02:00,13.6,13.6,13.8,12.8,95.0,20.7,81.0,13.2,0.0,0.0,1.8,31.5,0.0,19.8,1.8,247.7,3.2,5.0,201.0,1003.8,1003.8,2.7,4.4
2024-07-01 06:20:00+02:00,13.6,13.6,13.8,12.8,95.0,20.7,81.0,13.5,0.0,0.0,1.8,31.5,0.0,19.8,1.8,247.7,3.4,5.8,195.0,1003.8,1003.8,2.7,4.4
2024-07-01 06:25:00+02:00,13.6,13.6,13.8,12.8,95.0,20.7,81.0,26.1,0.0,0.0,1.8,31.5,0.0,19.8,1.8,247.7,3.5,12.6,168.0,1003.8,1003.8,2.7,4.3
2024-07-01 06:30:00+02:00,13.6,13.6,14.3,12.8,95.0,20.6,81.0,33.6,0.0,0.0,1.8,31.5,0.0,19.8,1.8,247.7,0.9,12.6,137.0,1003.9,1003.9,2.7,4.3
2024-07-01 06:35:00+02:00,13.6,13.6,13.7,12.8,95.0,20.6,81.0,22.7,0.0,0.0,1.8,31.5,0.0,19.8,1.8,247.7,3.7,8.3,229.0,1003.9,1003.9,2.7,4.3
2024-07-01 06:40:00+02:00,13.6,13.6,13.7,12.7,94.0,20.6,81.0,18.5,0.0,0.0,1.8,31.5,0.0,19.8,1.8,247.7,3.9,8.3,201.0,1004.0,1004.0,2.7,4.3
2024-07-01 06:45:00+02:00,13.6,13.6,13.6,12.7,94.0,20.6,81.0,26.8,0.0,0.0,1.8,31.5,0.0,19.8,1.8,247.7,4.1,7.6,208.0,1004.0,1004.0,2.7,4.3
2024-07-01 06:50:00+02:00,13.7,13.7,14.0,12.8,94.0,20.6,81.0,28.5,0.0,0.0,1.8,31.5,0.0,19.8,1.8,247.7,2.4,7.9,164.0,1004.0,1004.0,2.7,4.3
2024-07-01 06:55:00+02:00,13.7,13.7,14.2,12.8,94.0,20.5,81.0,31.2,0.0,0.0,1.8,31.5,0.0,19.8,1.8,247.7,1.8,6.1,149.0,1004.0,1004.0,2.7,4.3
2024-07-01 07:00:00+02:00,13.7,13.7,13.6,12.7,94.0,20.5,82.0,31.2,0.0,0.0,1.8,31.5,0.0,19.8,1.8,247.7,5.0,9.4,266.0,1004.0,1004.0,2.7,4.3
2024-07-01 07:05:00+02:00,13.7,13.7,13.8,12.6,93.0,20.5,82.0,38.7,0.0,0.0,1.8,31.5,0.0,19.8,1.8,247.7,3.5,7.9,267.0,1004.0,1004.0,2.7,4.3
2024-07-01 07:10:00+02:00,13.8,13.8,14.3,12.7,93.0,20.5,82.0,38.4,0.0,0.0,1.8,31.5,0.0,19.8,1.8,247.7,1.6,6.8,324.0,1004.0,1004.0,2.7,4.3
2024-07-01 07:15:00+02:00,13.8,13.8,14.2,12.7,93.0,20.5,82.0,36.6,0.0,0.0,1.8,31.5,0.0,19.8,1.8,247.7,2.4,7.9,89.0,1004.1,1004.1,2.7,4.4
2024-07-01 07:20:00+02:00,13.8,13.8,13.9,12.7,93.0,20.5,82.0,45.6,0.0,0.0,1.8,31.5,0.0,19.8,1.8,247.7,4.4,7.6,292.0,1004.0,1004.0,2.7,4.4
2024-07-01 07:25:00+02:00,13.9,13.9,14.2,12.8,93.0,20.5,82.0,37.3,0.0,0.0,1.8,31.5,0.0,19.8,1.8,247.7,3.1,13.3,12.0,1004.1,1004.1,2.7,4.4
2024-07-01 07:30:00+02:00,13.8,13.8,13.8,12.7,93.0,20.4,82.0,89.7,0.0,0.0,1.8,31.5,0.0,19.8,1.8,247.7,4.5,13.3,16.0,1004.2,1004.2,2.7,4.4
2024-07-01 07:35:00+02:00,13.9,13.9,14.4,12.7,92.0,20.4,82.0,52.6,0.0,0.0,1.8,31.5,0.0,19.8,1.8,247.7,1.8,6.1,242.0,1004.2,1004.2,2.72,4.4
2024-07-01 07:40:00+02:00,14.1,14.1,14.6,12.8,92.0,20.4,82.0,128.7,1.0,0.0,1.8,31.5,0.0,19.8,1.8,247.7,1.9,7.9,180.0,1004.2,1004.2,2.72,4.4
2024-07-01 07:45:00+02:00,14.3,14.3,14.5,12.9,91.0,20.4,82.0,137.7,1.0,0.0,1.8,31.5,0.0,19.8,1.8,247.7,3.5,8.3,150.0,1004.4,1004.4,2.72,4.4
2024-07-01 07:50:00+02:00,14.4,14.4,14.5,12.9,91.0,20.4,82.0,77.4,0.0,0.0,1.8,31.5,0.0,19.8,1.8,247.7,4.1,9.7,119.0,1004.2,1004.2,2.72,4.4
2024-07-01 07:55:00+02:00,14.4,14.4,14.5,13.0,91.0,20.5,82.0,65.4,0.0,0.0,1.8,31.5,0.0,19.8,1.8,247.7,4.0,6.8,65.0,1004.3,1004.3,2.7,4.4
2024-07-01 08:00:00+02:00,14.4,14.4,14.9,13.0,91.0,20.5,82.0,61.9,0.0,0.0,1.8,31.5,0.0,19.8,1.8,247.7,2.2,8.3,52.0,1004.3,1004.3,2.7,4.4
2024-07-01 08:05:00+02:00,14.4,14.4,15.1,12.9,91.0,20.5,82.0,53.2,0.0,0.0,1.8,31.5,0.0,19.8,1.8,247.7,1.3,6.5,342.0,1004.3,1004.3,2.7,4.4
2024-07-01 08:10:00+02:00,14.3,14.3,14.5,12.8,91.0,20.5,82.0,55.7,0.0,0.0,1.8,31.5,0.0,19.8,1.8,247.7,3.9,10.1,150.0,1004.5,1004.5,2.7,4.4
2024-07-01 08:15:00+02:00,14.4,14.4,15.1,12.9,91.0,20.6,82.0,58.9,0.0,0.0,1.8,31.5,0.0,19.8,1.8,247.7,1.2,7.6,172.0,1004.5,1004.5,2.68,4.5
2024-07-01 08:20:00+02:00,14.6,14.6,15.3,13.2,91.0,20.6,82.0,64.9,0.0,0.0,1.8,31.5,0.0,19.8,1.8,247.7,1.6,5.8,123.0,1004.4,1004.4,2.69,4.5
2024-07-01 08:25:00+02:00,14.6,14.6,14.8,13.0,90.0,20.6,82.0,66.4,0.0,0.0,1.8,31.5,0.0,19.8,1.8,247.7,3.6,7.9,135.0,1004.7,1004.7,2.7,4.5
2024-07-01 08:30:00+02:00,14.6,14.6,14.8,13.1,91.0,20.6,82.0,83.9,0.0,0.0,1.8,31.5,0.0,19.8,1.8,247.7,4.1,14.4,209.0,1004.6,1004.6,2.7,4.5
2024-07-01 08:35:00+02:00,14.6,14.6,14.9,13.0,90.0,20.6,82.0,89.9,0.0,0.0,1.8,31.5,0.0,19.8,1.8,247.7,3.0,9.4,202.0,1004.6,1004.6,2.7,4.5
2024-07-01 08:40:00+02:00,14.6,14.6,14.5,12.7,88.0,20.6,82.0,122.0,1.0,0.0,1.8,31.5,0.0,19.8,1.8,247.7,5.0,9.0,318.0,1004.6,1004.6,2.7,4.5
2024-07-01 08:45:00+02:00,14.7,14.7,14.5,12.6,87.0,20.6,82.0,150.8,1.0,0.0,1.8,31.5,0.0,19.8,1.8,247.7,5.1,13.7,289.0,1004.7,1004.7,2.7,4.5
2024-07-01 08:50:00+02:00,14.9,14.9,14.9,12.7,87.0,20.7,82.0,188.5,1.0,0.0,1.8,31.5,0.0,19.8,1.8,247.7,4.5,12.6,276.0,1004.7,1004.7,2.7,4.5
2024-07-01 08:55:00+02:00,15.2,15.2,15.7,13.0,87.0,20.7,83.0,188.2,1.0,0.0,1.8,31.5,0.0,19.8,1.8,247.7,2.3,12.6,271.0,1004.7,1004.7,2.7,4.6
2024-07-01 09:00:00+02:00,15.5,15.5,16.0,13.0,85.0,20.7,83.0,179.6,1.0,0.0,1.8,31.5,0.0,19.8,1.8,247.7,1.7,6.1,220.0,1004.7,1004.7,2.7,4.6
2024-07-01 09:05:00+02:00,15.4,15.4,15.5,12.9,85.0,20.8,83.0,168.3,1.0,0.0,1.8,31.5,0.0,19.8,1.8,247.7,3.7,8.3,259.0,1004.8,1004.8,2.7,4.7
2024-07-01 09:10:00+02:00,15.4,15.4,15.7,12.9,85.0,20.9,83.0,149.6,1.0,0.0,1.8,31.5,0.0,19.8,1.8,247.7,3.2,7.2,274.0,1004.9,1004.9,2.7,4.7
2024-07-01 09:15:00+02:00,15.4,15.4,15.0,12.8,84.0,21.0,83.0,154.3,1.0,0.0,1.8,31.5,0.0,19.8,1.8,247.7,6.4,11.9,294.0,1004.9,1004.9,2.7,4.7
2024-07-01 09:20:00+02:00,15.5,15.5,15.9,12.7,83.0,21.0,83.0,430.5,4.0,0.0,1.8,31.5,0.0,19.8,1.8,247.7,2.3,7.9,303.0,1004.9,1004.9,2.7,4.7
2024-07-01 09:25:00+02:00,15.5,15.5,15.8,12.7,83.0,21.1,83.0,147.6,1.0,0.0,1.8,31.5,0.0,19.8,1.8,247.7,2.7,11.9,295.0,1005.1,1005.1,2.7,4.8
2024-07-01 09:30:00+02:00,15.9,15.9,16.4,12.7,81.0,21.2,83.0,873.0,8.0,0.0,1.8,31.5,0.0,19.8,1.8,247.7,1.6,6.8,286.0,1005.0,1005.0,2.7,4.8
2024-07-01 09:35:00+02:00,16.7,16.7,16.6,12.8,78.0,21.3,83.0,820.0,7.0,0.0,1.8,31.5,0.0,19.8,1.8,247.7,4.5,10.4,284.0,1004.9,1004.9,2.7,4.9
2024-07-01 09:40:00+02:00,16.7,16.7,16.5,12.6,77.0,21.4,83.0,242.9,2.0,0.0,1.8,31.5,0.0,19.8,1.8,247.7,5.0,13.0,287.0,1004.9,1004.9,2.7,4.9
2024-07-01 09:45:00+02:00,16.7,16.7,16.7,12.6,77.0,21.5,84.0,798.8,7.0,0.0,1.8,31.5,0.0,19.8,1.8,247.7,3.9,13.0,249.0,1004.9,1004.9,2.7,5.0
2024-07-01 09:50:00+02:00,16.5,16.5,15.7,12.5,77.0,21.7,84.0,68.4,0.0,0.0,1.8,31.5,0.0,19.8,1.8,247.7,8.1,17.6,296.0,1004.9,1004.9,2.7,5.0
2024-07-01 09:55:00+02:00,16.2,16.2,16.4,12.6,79.0,21.8,84.0,103.5,0.0,0.0,1.8,31.5,0.0,19.8,1.8,247.7,3.0,11.2,269.0,1005.0,1005.0,2.7,5.1
2024-07-01 10:00:00+02:00,16.0,16.0,16.4,12.7,81.0,21.9,84.0,100.9,0.0,0.0,1.8,31.5,0.0,19.8,1.8,247.7,2.4,7.6,283.0,1005.0,1005.0,2.7,5.1
2024-07-01 10:05:00+02:00,15.8,15.8,15.9,12.9,83.0,21.9,84.0,89.2,0.0,0.0,1.8,31.5,0.0,19.8,1.8,247.7,3.7,12.2,266.0,1005.1,1005.1,2.7,5.1
2024-07-01 10:10:00+02:00,15.5,15.5,15.5,12.7,83.0,21.9,84.0,173.1,1.0,0.0,1.8,31.5,0.0,19.8,1.8,247.7,4.3,10.1,270.0,1005.3,1005.3,2.7,5.1
2024-07-01 10:15:00+02:00,15.5,15.5,15.5,12.6,83.0,22.0,83.0,305.4,2.0,0.0,1.8,31.5,0.0,19.8,1.8,247.7,4.0,8.3,278.0,1005.2,1005.2,2.7,5.1
2024-07-01 10:20:00+02:00,15.8,15.8,15.6,12.7,82.0,22.1,83.0,315.1,2.0,0.0,1.8,31.5,0.0,19.8,1.8,247.7,5.1,13.3,245.0,1005.2,1005.2,2.7,5.1
2024-07-01 10:25:00+02:00,16.0,16.0,16.1,12.7,81.0,22.2,83.0,451.1,4.0,0.0,1.8,31.5,0.0,19.8,1.8,247.7,4.1,12.6,243.0,1005.1,1005.1,2.7,5.2
2024-07-01 10:30:00+02:00,16.3,16.3,16.1,12.6,79.0,22.2,83.0,284.1,2.0,0.0,1.8,31.5,0.0,19.8,1.8,247.7,5.3,10.8,275.0,1005.2,1005.2,2.7,5.2
2024-07-01 10:35:00+02:00,16.5,16.5,16.1,12.7,78.0,22.3,83.0,303.7,2.0,0.0,1.8,31.5,0.0,19.8,1.8,247.7,6.0,14.0,258.0,1005.2,1005.2,2.7,5.2
2024-07-01 10:40:00+02:00,16.2,16.2,15.2,12.4,78.0,22.3,83.0,714.4,6.0,0.0,1.8,31.5,0.0,19.8,1.8,247.7,8.9,15.1,294.0,1005.1,1005.1,2.7,5.2
2024-07-01 10:45:00+02:00,17.2,17.2,17.3,12.6,74.0,22.4,83.0,771.9,7.0,0.0,1.8,31.5,0.0,19.8,1.8,247.7,3.5,10.1,274.0,1005.2,1005.2,2.7,5.2
2024-07-01 10:50:00+02:00,17.4,17.4,17.6,12.4,73.0,22.5,83.0,753.6,7.0,0.0,1.8,31.5,0.0,19.8,1.8,247.7,2.7,7.2,135.0,1005.1,1005.1,2.7,5.2
2024-07-01 10:55:00+02:00,17.5,17.5,17.5,11.9,70.0,22.7,83.0,751.3,6.0,0.0,1.8,31.5,0.0,19.8,1.8,247.7,2.9,8.3,168.0,1005.2,1005.2,2.7,5.2
2024-07-01 11:00:00+02:00,17.9,17.9,17.9,12.2,69.0,22.8,83.0,783.8,7.0,0.0,1.8,31.5,0.0,19.8,1.8,247.7,3.7,10.4,301.0,1005.2,1005.2,2.7,5.2
2024-07-01 11:05:00+02:00,18.4,18.4,18.4,12.1,67.0,23.0,83.0,700.5,6.0,0.0,1.8,31.5,0.0,19.8,1.8,247.7,3.4,8.3,249.0,1005.3,1005.3,2.7,5.2
2024-07-01 11:10:00+02:00,19.0,19.0,18.9,12.1,64.0,23.2,83.0,693.6,6.0,0.0,1.8,31.5,0.0,19.8,1.8,247.7,4.1,9.4,183.0,1005.3,1005.3,2.7,5.2
2024-07-01 11:15:00+02:00,19.2,19.2,18.2,12.0,63.0,23.3,83.0,675.4,6.0,0.0,1.8,31.5,0.0,19.8,1.8,247.7,8.3,11.9,294.0,1005.1,1005.1,2.7,5.2
2024-07-01 11:20:00+02:00,18.5,18.5,17.0,11.0,62.0,23.6,83.0,694.5,6.0,0.0,1.8,31.5,0.0,19.8,1.8,247.7,9.2,20.5,285.0,1005.2,1005.2,2.7,5.2
2024-07-01 11:25:00+02:00,18.6,18.6,17.1,11.3,63.0,23.7,83.0,751.9,6.0,0.0,1.8,31.5,0.0,19.8,1.8,247.7,9.5,19.4,287.0,1005.0,1005.0,2.7,5.3
2024-07-01 11:30:00+02:00,18.5,18.5,17.7,11.2,63.0,23.9,83.0,805.3,7.0,0.0,1.8,31.5,0.0,19.8,1.8,247.7,6.2,16.9,310.0,1005.1,1005.1,2.7,5.3
2024-07-01 11:35:00+02:00,19.0,19.0,18.6,11.7,62.0,24.2,82.0,216.9,2.0,0.0,1.8,31.5,0.0,19.8,1.8,247.7,4.8,17.6,246.0,1005.0,1005.0,2.7,5.3
2024-07-01 11:40:00+02:00,18.6,18.6,18.3,11.8,64.0,24.3,82.0,162.1,1.0,0.0,1.8,31.5,0.0,19.8,1.8,247.7,4.5,12.6,231.0,1005.1,1005.1,2.7,5.3
2024-07-01 11:45:00+02:00,18.6,18.6,18.5,11.6,64.0,24.6,82.0,264.3,2.0,0.0,1.8,31.5,0.0,19.8,1.8,247.7,3.0,8.6,247.0,1005.1,1005.1,2.7,5.3
2024-07-01 11:50:00+02:00,18.5,18.5,18.6,11.7,65.0,24.7,81.0,395.0,3.0,0.0,1.8,31.5,0.0,19.8,1.8,247.7,2.3,6.1,262.0,1005.2,1005.2,2.7,5.3
2024-07-01 11:55:00+02:00,18.9,18.9,18.0,12.0,64.0,24.8,81.0,723.8,6.0,0.0,1.8,31.5,0.0,19.8,1.8,247.7,8.1,16.9,275.0,1005.2,1005.2,2.7,5.3
2024-07-01 12:00:00+02:00,19.3,19.3,19.4,12.0,63.0,24.9,81.0,487.9,4.0,0.0,1.8,31.5,0.0,19.8,1.8,247.7,3.0,16.6,159.0,1005.2,1005.2,2.7,5.3
2024-07-01 12:05:00+02:00,19.5,19.5,19.8,12.0,62.0,25.0,81.0,322.5,2.0,0.0,1.8,31.5,0.0,19.8,1.8,247.7,2.0,10.1,159.0,1005.3,1005.3,2.7,5.3
2024-07-01 12:10:00+02:00,19.3,19.3,19.0,11.2,60.0,25.2,81.0,215.3,2.0,0.0,1.8,31.5,0.0,19.8,1.8,247.7,3.1,10.4,206.0,1005.3,1005.3,2.7,5.3
2024-07-01 12:15:00+02:00,19.0,19.0,18.5,11.0,60.0,25.3,81.0,190.1,1.0,0.0,1.8,31.5,0.0,19.8,1.8,247.7,4.0,11.2,237.0,1005.3,1005.3,2.7,5.3
2024-07-01 12:20:00+02:00,19.1,19.1,19.2,11.6,62.0,25.4,81.0,121.6,1.0,0.0,1.8,31.5,0.0,19.8,1.8,247.7,1.6,7.9,234.0,1005.4,1005.4,2.7,5.3
2024-07-01 12:25:00+02:00,18.6,18.6,18.6,11.5,63.0,25.4,81.0,104.6,0.0,0.0,1.8,31.5,0.0,19.8,1.8,247.7,2.7,7.9,205.0,1005.5,1005.5,2.7,5.3
2024-07-01 12:30:00+02:00,17.8,17.8,16.8,11.3,66.0,25.5,81.0,77.3,0.0,0.0,1.8,31.5,0.0,19.8,1.8,247.7,7.3,19.1,266.0,1005.4,1005.4,2.7,5.3
2024-07-01 12:35:00+02:00,17.4,17.4,17.3,11.1,66.0,25.5,80.0,114.6,1.0,0.0,1.8,31.5,0.0,19.8,1.8,247.7,2.2,14.8,234.0,1005.4,1005.4,2.7,5.3
2024-07-01 12:40:00+02:00,17.3,17.3,16.1,10.6,65.0,25.5,80.0,156.8,1.0,0.0,1.8,31.5,0.0,19.8,1.8,247.7,7.1,18.0,293.0,1005.3,1005.3,2.7,5.3
2024-07-01 12:45:00+02:00,17.1,17.1,15.8,10.8,66.0,25.4,81.0,159.3,1.0,0.0,1.8,31.5,0.0,19.8,1.8,247.7,8.1,11.9,281.0,1005.4,1005.4,2.7,5.3
2024-07-01 12:50:00+02:00,17.3,17.3,17.1,11.1,67.0,25.5,80.0,147.5,1.0,0.0,1.8,31.5,0.0,19.8,1.8,247.7,3.3,10.4,241.0,1005.4,1005.4,2.7,5.3
2024-07-01 12:55:00+02:00,17.5,17.5,17.3,11.4,67.0,25.5,80.0,198.5,1.0,0.0,1.8,31.5,0.0,19.8,1.8,247.7,3.4,10.4,289.0,1005.3,1005.3,2.7,5.3
2024-07-01 13:00:00+02:00,17.7,17.7,17.3,11.2,66.0,25.4,80.0,207.0,1.0,0.0,1.8,31.5,0.0,19.8,1.8,247.7,4.2,10.4,286.0,1005.4,1005.4,2.7,5.3
2024-07-01 13:05:00+02:00,17.9,17.9,17.6,11.1,64.0,25.4,80.0,182.5,1.0,0.0,1.8,31.5,0.0,19.8,1.8,247.7,3.4,9.4,257.0,1005.5,1005.5,2.7,5.2
2024-07-01 13:10:00+02:00,17.7,17.7,17.3,10.9,64.0,25.3,80.0,170.7,1.0,0.0,1.8,31.5,0.0,19.8,1.8,247.7,3.7,16.2,276.0,1005.5,1005.5,2.7,5.2
2024-07-01 13:15:00+02:00,17.7,17.7,16.8,10.8,64.0,25.3,81.0,252.3,2.0,0.0,1.8,31.5,0.0,19.8,1.8,247.7,5.8,16.2,277.0,1005.5,1005.5,2.7,5.2
2024-07-01 13:20:00+02:00,17.9,17.9,17.0,11.1,64.0,25.3,81.0,386.7,3.0,0.0,1.8,31.5,0.0,19.8,1.8,247.7,6.6,17.3,227.0,1005.6,1005.6,2.7,5.2
2024-07-01 13:25:00+02:00,18.3,18.3,17.6,11.1,63.0,25.3,81.0,556.4,5.0,0.0,1.8,31.5,0.0,19.8,1.8,247.7,5.5,20.9,261.0,1005.6,1005.6,2.7,5.2
2024-07-01 13:30:00+02:00,18.6,18.6,16.9,11.6,64.0,25.4,80.0,708.5,6.0,0.0,1.8,31.5,0.0,19.8,1.8,247.7,11.2,21.2,279.0,1005.5,1005.5,2.7,5.2
2024-07-01 13:35:00+02:00,18.7,18.7,17.9,11.5,63.0,25.5,80.0,767.0,7.0,0.0,1.8,31.5,0.0,19.8,1.8,247.7,6.3,21.2,279.0,1005.6,1005.6,2.7,5.3
2024-07-01 13:40:00+02:00,19.2,19.2,19.0,12.0,63.0,25.5,80.0,253.3,2.0,0.0,1.8,31.5,0.0,19.8,1.8,247.7,4.4,13.3,268.0,1005.7,1005.7,2.7,5.3
2024-07-01 13:45:00+02:00,19.4,19.4,19.4,11.8,62.0,25.5,80.0,275.5,2.0,0.0,1.8,31.5,0.0,19.8,1.8,247.7,3.0,9.4,306.0,1005.6,1005.6,2.7,5.3
2024-07-01 13:50:00+02:00,19.1,19.1,17.0,12.0,63.0,25.6,80.0,260.3,2.0,0.0,1.8,31.5,0.0,19.8,1.8,247.7,13.7,30.2,279.0,1005.6,1005.6,2.7,5.3
2024-07-01 13:55:00+02:00,17.2,17.2,15.1,13.0,76.0,25.6,80.0,127.7,1.0,0.0,1.8,31.5,0.0,19.8,1.8,247.7,15.7,31.3,259.0,1006.0,1006.0,2.7,5.3
2024-07-01 14:00:00+02:00,16.0,16.0,14.9,12.7,81.0,25.6,80.0,109.7,1.0,0.0,1.8,31.5,0.0,19.8,1.8,247.7,10.1,24.8,288.0,1005.9,1005.9,2.7,5.3
2024-07-01 14:05:00+02:00,15.4,15.4,14.6,12.3,82.0,25.6,80.0,96.1,0.0,0.0,1.8,31.5,0.0,19.8,1.8,247.7,7.8,19.1,266.0,1006.0,1006.0,2.7,5.3
2024-07-01 14:10:00+02:00,14.9,14.9,14.5,11.9,82.0,25.5,80.0,111.2,1.0,0.0,1.8,31.5,0.0,19.8,1.8,247.7,5.0,19.1,292.0,1006.0,1006.0,2.7,5.3
2024-07-01 14:15:00+02:00,14.8,14.8,14.7,12.1,84.0,25.5,80.0,103.2,0.0,0.0,1.8,31.5,0.0,19.8,1.8,247.7,4.1,9.4,303.0,1005.9,1005.9,2.7,5.2
2024-07-01 14:20:00+02:00,15.0,15.0,15.1,12.3,84.0,25.4,80.0,151.2,1.0,0.0,1.8,31.5,0.0,19.8,1.8,247.7,3.3,8.6,290.0,1005.9,1005.9,2.7,5.2
2024-07-01 14:25:00+02:00,15.4,15.4,15.7,12.4,82.0,25.3,80.0,276.9,2.0,0.6,1.9,31.6,0.1,19.9,1.9,247.8,2.5,10.1,271.0,1005.8,1005.8,2.7,5.2
2024-07-01 14:30:00+02:00,16.1,16.1,16.1,12.4,79.0,25.3,80.0,635.4,5.0,0.6,1.9,31.6,0.1,19.9,1.9,247.8,4.1,9.7,282.0,1005.8,1005.8,2.7,5.2
2024-07-01 14:35:00+02:00,17.3,17.3,17.7,13.1,76.0,25.3,80.0,664.8,6.0,0.6,1.9,31.6,0.1,19.9,1.9,247.8,3.0,7.2,257.0,1005.7,1005.7,2.7,5.2
2024-07-01 14:40:00+02:00,17.9,17.9,17.0,12.4,70.0,25.2,80.0,682.5,6.0,0.0,1.9,31.6,0.1,19.9,1.9,247.8,8.9,20.2,280.0,1005.8,1005.8,2.7,5.2
2024-07-01 14:45:00+02:00,18.0,18.0,17.8,12.4,70.0,25.2,80.0,361.6,3.0,0.0,1.9,31.6,0.1,19.9,1.9,247.8,4.8,14.8,279.0,1005.6,1005.6,2.7,5.2
2024-07-01 14:50:00+02:00,18.0,18.0,17.6,12.7,71.0,25.2,80.0,203.1,1.0,0.0,1.9,31.6,0.1,19.9,1.9,247.8,6.5,13.7,277.0,1005.6,1005.6,2.7,5.2
2024-07-01 14:55:00+02:00,18.1,18.1,18.5,12.8,71.0,25.2,80.0,121.9,1.0,0.0,1.9,31.6,0.1,19.9,1.9,247.8,2.3,6.5,241.0,1005.8,1005.8,2.7,5.2
2024-07-01 15:00:00+02:00,17.9,17.9,18.0,12.8,72.0,25.2,80.0,111.3,1.0,0.0,1.9,31.6,0.1,19.9,1.9,247.8,4.1,11.5,228.0,1005.7,1005.7,2.7,5.2
2024-07-01 15:05:00+02:00,17.7,17.7,18.0,12.7,72.0,25.2,80.0,194.7,1.0,0.0,1.9,31.6,0.1,19.9,1.9,247.8,2.8,7.6,269.0,1005.7,1005.7,2.7,5.2
2024-07-01 15:10:00+02:00,18.0,18.0,18.5,13.0,72.0,25.2,80.0,258.8,2.0,0.0,1.9,31.6,0.1,19.9,1.9,247.8,2.4,6.5,282.0,1005.7,1005.7,2.7,5.2
2024-07-01 15:15:00+02:00,18.0,18.0,17.6,12.7,71.0,25.2,80.0,339.5,3.0,0.0,1.9,31.6,0.1,19.9,1.9,247.8,6.6,10.4,302.0,1005.6,1005.6,2.7,5.2
2024-07-01 15:20:00+02:00,18.3,18.3,18.9,12.5,69.0,25.1,81.0,282.9,2.0,0.0,1.9,31.6,0.1,19.9,1.9,247.8,0.9,10.4,310.0,1005.7,1005.7,2.7,5.2
2024-07-01 15:25:00+02:00,18.6,18.6,18.7,12.8,69.0,25.1,81.0,121.0,1.0,0.0,1.9,31.6,0.0,19.9,1.9,247.8,4.1,7.9,236.0,1005.7,1005.7,2.7,5.2
2024-07-01 15:30:00+02:00,18.1,18.1,17.5,12.6,70.0,25.1,81.0,118.8,1.0,0.0,1.9,31.6,0.0,19.9,1.9,247.8,7.2,12.6,299.0,1005.7,1005.7,2.7,5.2
2024-07-01 15:35:00+02:00,17.9,17.9,17.3,12.5,71.0,25.1,81.0,377.0,3.0,0.0,1.9,31.6,0.0,19.9,1.9,247.8,7.2,17.3,267.0,1005.7,1005.7,2.7,5.2
2024-07-01 15:40:00+02:00,18.3,18.3,17.9,12.6,69.0,25.1,81.0,765.0,7.0,0.0,1.9,31.6,0.0,19.9,1.9,247.8,6.4,17.3,282.0,1005.8,1005.8,2.7,5.2
2024-07-01 15:45:00+02:00,18.8,18.8,17.4,12.1,65.0,25.1,81.0,440.2,4.0,0.0,1.9,31.6,0.0,19.9,1.9,247.8,10.6,23.4,264.0,1005.8,1005.8,2.7,5.2
2024-07-01 15:50:00+02:00,19.1,19.1,17.8,11.6,62.0,25.1,81.0,510.1,4.0,0.0,1.9,31.6,0.0,19.9,1.9,247.8,9.5,28.4,269.0,1005.8,1005.8,2.7,5.2
2024-07-01 15:55:00+02:00,19.0,19.0,16.6,11.3,61.0,25.1,81.0,700.8,6.0,0.0,1.9,31.6,0.0,19.9,1.9,247.8,14.1,28.4,277.0,1005.9,1005.9,2.7,5.3
2024-07-01 16:00:00+02:00,18.9,18.9,17.5,11.4,62.0,25.1,81.0,432.5,4.0,0.0,1.9,31.6,0.0,19.9,1.9,247.8,9.1,18.7,293.0,1005.8,1005.8,2.7,5.3
2024-07-01 16:05:00+02:00,18.6,18.6,17.4,11.4,63.0,25.2,81.0,224.2,2.0,0.0,1.9,31.6,0.0,19.9,1.9,247.8,8.6,23.4,285.0,1005.9,1005.9,2.7,5.3
2024-07-01 16:10:00+02:00,18.6,18.6,18.4,11.6,63.0,25.2,81.0,263.8,2.0,0.0,1.9,31.6,0.0,19.9,1.9,247.8,3.5,17.3,242.0,1005.8,1005.8,2.7,5.3
2024-07-01 16:15:00+02:00,18.8,18.8,18.4,11.8,64.0,25.2,82.0,236.0,2.0,0.0,1.9,31.6,0.0,19.9,1.9,247.8,5.0,11.5,287.0,1005.9,1005.9,2.7,5.3
2024-07-01 16:20:00+02:00,18.7,18.7,18.3,11.8,64.0,25.2,82.0,198.0,1.0,0.0,1.9,31.6,0.0,19.9,1.9,247.8,4.8,13.3,255.0,1005.8,1005.8,2.7,5.3
2024-07-01 16:25:00+02:00,18.9,18.9,18.4,11.8,64.0,25.2,82.0,176.6,1.0,0.0,1.9,31.6,0.0,19.9,1.9,247.8,5.4,9.0,273.0,1005.7,1005.7,2.7,5.3
2024-07-01 16:35:00+02:00,18.6,18.6,17.9,11.5,64.0,25.3,82.0,147.5,1.0,0.0,1.9,31.6,0.0,19.9,1.9,247.8,5.6,15.1,294.0,1005.8,1005.8,2.7,5.3
2024-07-01 16:40:00+02:00,18.3,18.3,17.1,11.5,64.0,25.3,81.0,201.3,1.0,0.0,1.9,31.6,0.0,19.9,1.9,247.8,8.5,17.3,277.0,1005.6,1005.6,2.7,5.3
2024-07-01 16:45:00+02:00,18.5,18.5,17.9,11.5,64.0,25.3,81.0,454.6,4.0,0.0,1.9,31.6,0.0,19.9,1.9,247.8,5.5,16.2,270.0,1005.8,1005.8,2.7,5.3
2024-07-01 16:50:00+02:00,19.0,19.0,18.4,11.8,63.0,25.3,81.0,584.2,5.0,0.0,1.9,31.6,0.0,19.9,1.9,247.8,6.2,17.3,279.0,1005.6,1005.6,2.7,5.3
2024-07-01 16:55:00+02:00,19.3,19.3,18.2,11.7,61.0,25.3,82.0,262.6,2.0,0.0,1.9,31.6,0.0,19.9,1.9,247.8,8.0,19.1,276.0,1005.6,1005.6,2.7,5.3
2024-07-01 17:00:00+02:00,18.9,18.9,18.5,11.3,61.0,25.3,82.0,194.3,1.0,0.0,1.9,31.6,0.0,19.9,1.9,247.8,4.5,14.4,201.0,1005.6,1005.6,2.7,5.3
2024-07-01 17:05:00+02:00,18.9,18.9,18.4,11.5,62.0,25.3,82.0,121.0,1.0,0.0,1.9,31.6,0.0,19.9,1.9,247.8,5.0,13.7,295.0,1005.6,1005.6,2.7,5.3
2024-07-01 17:10:00+02:00,18.8,18.8,18.5,11.6,63.0,25.3,82.0,113.2,1.0,0.0,1.9,31.6,0.0,19.9,1.9,247.8,4.2,15.1,255.0,1005.6,1005.6,2.7,5.3
2024-07-01 17:15:00+02:00,18.5,18.5,18.4,11.4,63.0,25.3,82.0,111.3,1.0,0.0,1.9,31.6,0.0,19.9,1.9,247.8,2.9,14.0,268.0,1005.5,1005.5,2.7,5.3
2024-07-01 17:20:00+02:00,18.5,18.5,17.9,11.4,63.0,25.3,82.0,114.9,1.0,0.0,1.9,31.6,0.0,19.9,1.9,247.8,5.1,11.5,304.0,1005.5,1005.5,2.7,5.3
2024-07-01 17:25:00+02:00,18.3,18.3,18.1,11.4,64.0,25.3,82.0,91.4,0.0,0.0,1.9,31.6,0.0,19.9,1.9,247.8,3.5,8.6,239.0,1005.6,1005.6,2.7,5.2
2024-07-01 17:30:00+02:00,18.3,18.3,18.3,11.6,65.0,25.3,82.0,95.9,0.0,0.0,1.9,31.6,0.0,19.9,1.9,247.8,3.1,7.9,209.0,1005.5,1005.5,2.7,5.2
2024-07-01 17:35:00+02:00,18.4,18.4,18.2,12.0,66.0,25.3,82.0,116.3,1.0,0.0,1.9,31.6,0.0,19.9,1.9,247.8,4.1,7.6,281.0,1005.6,1005.6,2.7,5.2
2024-07-01 17:40:00+02:00,18.2,18.2,17.5,11.7,66.0,25.2,81.0,132.9,1.0,0.0,1.9,31.6,0.0,19.9,1.9,247.8,6.3,14.0,292.0,1005.6,1005.6,2.7,5.2
2024-07-01 17:45:00+02:00,18.2,18.2,17.8,11.9,66.0,25.2,81.0,150.2,1.0,0.0,1.9,31.6,0.0,19.9,1.9,247.8,5.1,12.6,278.0,1005.5,1005.5,2.7,5.2
2024-07-01 17:50:00+02:00,18.2,18.2,17.9,12.0,67.0,25.2,81.0,191.2,1.0,0.0,1.9,31.6,0.0,19.9,1.9,247.8,5.0,10.8,270.0,1005.5,1005.5,2.7,5.2
2024-07-01 17:55:00+02:00,18.5,18.5,18.4,12.3,67.0,25.2,81.0,230.0,2.0,0.0,1.9,31.6,0.0,19.9,1.9,247.8,3.7,8.3,291.0,1005.5,1005.5,2.7,5.2
2024-07-01 18:00:00+02:00,18.5,18.5,18.5,12.4,68.0,25.1,81.0,182.3,1.0,0.0,1.9,31.6,0.0,19.9,1.9,247.8,3.8,8.3,299.0,1005.5,1005.5,2.7,5.2
2024-07-01 18:05:00+02:00,18.3,18.3,17.9,12.1,67.0,25.1,81.0,155.6,1.0,0.0,1.9,31.6,0.0,19.9,1.9,247.8,5.9,15.1,282.0,1005.5,1005.5,2.7,5.2
2024-07-01 18:10:00+02:00,18.4,18.4,18.6,12.3,67.0,25.1,81.0,132.5,1.0,0.0,1.9,31.6,0.0,19.9,1.9,247.8,2.7,15.1,273.0,1005.5,1005.5,2.7,5.2
2024-07-01 18:15:00+02:00,18.4,18.4,17.8,12.2,67.0,25.1,81.0,94.3,0.0,0.0,1.9,31.6,0.0,19.9,1.9,247.8,6.3,10.8,276.0,1005.6,1005.6,2.7,5.2
2024-07-01 18:20:00+02:00,18.2,18.2,17.6,12.1,68.0,25.0,81.0,231.1,2.0,0.0,1.9,31.6,0.0,19.9,1.9,247.8,6.3,16.2,270.0,1005.5,1005.5,2.7,5.2
2024-07-01 18:25:00+02:00,18.4,18.4,17.1,12.0,66.0,25.0,81.0,208.4,1.0,0.0,1.9,31.6,0.0,19.9,1.9,247.8,9.9,20.9,287.0,1005.6,1005.6,2.7,5.2
2024-07-01 18:30:00+02:00,18.4,18.4,17.9,12.1,67.0,25.0,81.0,108.2,1.0,0.0,1.9,31.6,0.0,19.9,1.9,247.8,5.8,17.6,268.0,1005.5,1005.5,2.7,5.2
2024-07-01 18:35:00+02:00,17.9,17.9,16.8,12.5,71.0,25.0,81.0,68.9,0.0,0.0,1.9,31.6,0.0,19.9,1.9,247.8,9.4,19.8,282.0,1005.7,1005.7,2.7,5.2
2024-07-01 18:40:00+02:00,17.1,17.1,16.5,13.1,77.0,25.0,81.0,19.6,0.0,0.0,1.9,31.6,0.0,19.9,1.9,247.8,7.9,19.8,279.0,1005.7,1005.7,2.7,5.2
2024-07-01 18:45:00+02:00,16.6,16.6,15.9,13.1,80.0,24.9,81.0,19.9,0.0,0.0,1.9,31.6,0.0,19.9,1.9,247.8,8.4,20.5,274.0,1005.9,1005.9,2.7,5.2
2024-07-01 18:50:00+02:00,15.9,15.9,15.2,12.5,80.0,24.9,81.0,38.8,0.0,0.0,1.9,31.6,0.0,19.9,1.9,247.8,7.5,20.5,279.0,1005.9,1005.9,2.7,5.2
2024-07-01 18:55:00+02:00,15.7,15.7,15.2,12.4,81.0,24.8,81.0,60.4,0.0,0.0,1.9,31.6,0.0,19.9,1.9,247.8,6.6,15.1,270.0,1005.9,1005.9,2.7,5.2
2024-07-01 19:00:00+02:00,15.8,15.8,15.5,12.4,80.0,24.8,81.0,97.0,0.0,0.0,1.9,31.6,0.0,19.9,1.9,247.8,5.5,10.1,288.0,1005.9,1005.9,2.7,5.2
2024-07-01 19:05:00+02:00,16.2,16.2,15.8,12.5,79.0,24.7,81.0,118.7,1.0,0.0,1.9,31.6,0.0,19.9,1.9,247.8,5.8,15.1,272.0,1006.0,1006.0,2.7,5.2
2024-07-01 19:10:00+02:00,16.5,16.5,15.8,12.5,77.0,24.7,81.0,130.7,1.0,0.0,1.9,31.6,0.0,19.9,1.9,247.8,7.6,13.3,286.0,1006.0,1006.0,2.7,5.2
2024-07-01 19:15:00+02:00,16.6,16.6,16.0,12.1,75.0,24.6,81.0,130.2,1.0,0.0,1.9,31.6,0.0,19.9,1.9,247.8,6.3,14.0,269.0,1006.0,1006.0,2.7,5.2
2024-07-01 19:25:00+02:00,16.8,16.8,16.7,12.3,75.0,24.5,81.0,64.6,0.0,0.0,1.9,31.6,0.0,19.9,1.9,247.8,4.1,7.2,276.0,1006.0,1006.0,2.7,5.2
2024-07-01 19:30:00+02:00,16.8,16.8,16.8,12.2,74.0,24.5,81.0,73.9,0.0,0.0,1.9,31.6,0.0,19.9,1.9,247.8,3.7,11.2,269.0,1006.0,1006.0,2.7,5.2
2024-07-01 19:35:00+02:00,16.8,16.8,16.8,12.1,74.0,24.4,81.0,71.2,0.0,0.0,1.9,31.6,0.0,19.9,1.9,247.8,3.7,8.3,276.0,1006.0,1006.0,2.7,5.2
2024-07-01 19:40:00+02:00,17.0,17.0,16.9,12.3,74.0,24.4,81.0,67.3,0.0,0.0,1.9,31.6,0.0,19.9,1.9,247.8,4.0,7.9,273.0,1005.9,1005.9,2.7,5.2
2024-07-01 19:45:00+02:00,16.9,16.9,16.9,12.1,73.0,24.3,81.0,59.1,0.0,0.0,1.9,31.6,0.0,19.9,1.9,247.8,3.6,11.2,287.0,1006.0,1006.0,2.7,5.2
2024-07-01 19:50:00+02:00,17.0,17.0,17.3,12.5,74.0,24.3,81.0,46.2,0.0,0.0,1.9,31.6,0.0,19.9,1.9,247.8,2.7,6.5,249.0,1006.1,1006.1,2.7,5.2
2024-07-01 19:55:00+02:00,17.1,17.1,17.5,12.4,74.0,24.3,81.0,45.4,0.0,0.0,1.9,31.6,0.0,19.9,1.9,247.8,1.9,7.2,320.0,1006.1,1006.1,2.7,5.2
2024-07-01 20:00:00+02:00,16.9,16.9,16.6,12.3,74.0,24.2,81.0,39.9,0.0,0.0,1.9,31.6,0.0,19.9,1.9,247.8,5.2,9.0,265.0,1006.2,1006.2,2.7,5.2
2024-07-01 20:05:00+02:00,16.7,16.7,16.5,12.4,75.0,24.2,80.0,43.7,0.0,0.0,1.9,31.6,0.0,19.9,1.9,247.8,5.2,10.4,296.0,1006.2,1006.2,2.7,5.2
2024-07-01 20:10:00+02:00,16.7,16.7,16.7,12.5,76.0,24.2,80.0,42.8,0.0,0.0,1.9,31.6,0.0,19.9,1.9,247.8,4.1,8.3,265.0,1006.2,1006.2,2.7,5.2
2024-07-01 20:15:00+02:00,16.7,16.7,16.6,12.3,75.0,24.1,80.0,41.1,0.0,0.0,1.9,31.6,0.0,19.9,1.9,247.8,4.1,10.4,249.0,1006.2,1006.2,2.7,5.2
2024-07-01 20:20:00+02:00,16.7,16.7,16.4,12.1,74.0,24.0,80.0,37.2,0.0,0.0,1.9,31.6,0.0,19.9,1.9,247.8,4.3,9.4,272.0,1006.2,1006.2,2.7,5.2
2024-07-01 20:25:00+02:00,16.6,16.6,16.8,12.1,75.0,24.0,81.0,25.1,0.0,0.0,1.9,31.6,0.0,19.9,1.9,247.8,2.2,9.4,304.0,1006.1,1006.1,2.7,5.2
2024-07-01 20:30:00+02:00,16.6,16.6,17.0,12.1,75.0,23.9,81.0,21.3,0.0,0.0,1.9,31.6,0.0,19.9,1.9,247.8,1.0,6.1,289.0,1006.2,1006.2,2.7,5.2
2024-07-01 20:35:00+02:00,16.6,16.6,16.8,11.9,74.0,23.9,80.0,13.3,0.0,0.0,1.9,31.6,0.0,19.9,1.9,247.8,1.7,5.0,337.0,1006.2,1006.2,2.7,5.2
2024-07-01 20:40:00+02:00,16.6,16.6,16.6,12.0,74.0,23.8,81.0,15.6,0.0,0.0,1.9,31.6,0.0,19.9,1.9,247.8,3.1,4.3,321.0,1006.1,1006.1,2.7,5.2
2024-07-01 20:45:00+02:00,16.6,16.6,17.2,12.3,76.0,23.8,81.0,18.6,0.0,0.0,1.9,31.6,0.0,19.9,1.9,247.8,0.4,4.3,245.0,1006.2,1006.2,2.7,5.2
2024-07-01 20:50:00+02:00,16.5,16.5,17.1,12.3,76.0,23.7,81.0,20.6,0.0,0.0,1.9,31.6,0.0,19.9,1.9,247.8,0.4,3.6,273.0,1006.2,1006.2,2.7,5.2
2024-07-01 20:55:00+02:00,16.3,16.3,16.9,12.2,76.0,23.7,81.0,20.2,0.0,0.0,1.9,31.6,0.0,19.9,1.9,247.8,0.4,2.2,265.0,1006.1,1006.1,2.7,5.2
2024-07-01 21:00:00+02:00,16.2,16.2,16.9,12.2,77.0,23.6,81.0,18.0,0.0,0.0,1.9,31.6,0.0,19.9,1.9,247.8,0.0,3.6,101.0,1006.2,1006.2,2.7,5.2
2024-07-01 21:05:00+02:00,16.2,16.2,16.7,12.1,77.0,23.6,81.0,16.4,0.0,0.0,1.9,31.6,0.0,19.9,1.9,247.8,0.4,2.9,128.0,1006.3,1006.3,2.7,5.2
2024-07-01 21:10:00+02:00,16.0,16.0,16.6,12.1,77.0,23.5,81.0,13.7,0.0,0.0,1.9,31.6,0.0,19.9,1.9,247.8,0.4,2.9,118.0,1006.3,1006.3,2.7,5.2
2024-07-01 21:15:00+02:00,15.9,15.9,16.5,12.1,78.0,23.5,81.0,12.0,0.0,0.0,1.9,31.6,0.0,19.9,1.9,247.8,0.4,3.2,77.0,1006.3,1006.3,2.7,5.2
2024-07-01 21:20:00+02:00,15.9,15.9,16.5,12.1,78.0,23.4,81.0,7.7,0.0,0.0,1.9,31.6,0.0,19.9,1.9,247.8,0.4,2.9,127.0,1006.3,1006.3,2.7,5.2
2024-07-01 21:25:00+02:00,15.9,15.9,16.6,12.1,78.0,23.3,81.0,7.0,0.0,0.0,1.9,31.6,0.0,19.9,1.9,247.8,0.0,2.2,173.0,1006.3,1006.3,2.7,5.2
2024-07-01 21:30:00+02:00,15.9,15.9,16.5,12.2,79.0,23.3,81.0,6.7,0.0,0.0,1.9,31.6,0.0,19.9,1.9,247.8,0.4,2.2,107.0,1006.3,1006.3,2.7,5.2
2024-07-01 21:35:00+02:00,15.8,15.8,16.2,12.2,79.0,23.2,81.0,5.1,0.0,0.0,1.9,31.6,0.0,19.9,1.9,247.8,1.2,2.9,104.0,1006.3,1006.3,2.7,5.2
2024-07-01 21:40:00+02:00,15.7,15.7,16.3,12.3,80.0,23.2,81.0,3.5,0.0,0.0,1.9,31.6,0.0,19.9,1.9,247.8,0.4,2.9,112.0,1006.3,1006.3,2.7,5.2
2024-07-01 21:45:00+02:00,15.5,15.5,15.9,12.3,81.0,23.1,81.0,2.6,0.0,0.0,1.9,31.6,0.0,19.9,1.9,247.8,1.5,2.9,110.0,1006.2,1006.2,2.7,5.2
2024-07-01 21:50:00+02:00,15.4,15.4,16.1,12.3,82.0,23.1,81.0,1.9,0.0,0.0,1.9,31.6,0.0,19.9,1.9,247.8,0.0,2.5,127.0,1006.3,1006.3,2.7,5.2
2024-07-01 21:55:00+02:00,15.3,15.3,15.7,12.4,83.0,23.0,81.0,1.3,0.0,0.0,1.9,31.6,0.0,19.9,1.9,247.8,1.7,2.5,119.0,1006.4,1006.4,2.7,5.2
2024-07-01 22:00:00+02:00,15.2,15.2,15.6,12.4,83.0,23.0,81.0,0.8,0.0,0.0,1.9,31.6,0.0,19.9,1.9,247.8,1.7,3.2,125.0,1006.4,1006.4,2.7,5.2
2024-07-01 22:05:00+02:00,15.2,15.2,15.6,12.5,84.0,22.9,81.0,0.4,0.0,0.0,1.9,31.6,0.0,19.9,1.9,247.8,1.7,3.2,122.0,1006.4,1006.4,2.7,5.1
2024-07-01 22:10:00+02:00,15.1,15.1,15.6,12.4,84.0,22.9,81.0,0.2,0.0,0.0,1.9,31.6,0.0,19.9,1.9,247.8,1.4,2.5,120.0,1006.5,1006.5,2.7,5.1
2024-07-01 22:15:00+02:00,15.1,15.1,15.4,12.4,84.0,22.8,81.0,0.1,0.0,0.0,1.9,31.6,0.0,19.9,1.9,247.8,1.9,3.6,116.0,1006.5,1006.5,2.7,5.1
2024-07-01 22:20:00+02:00,15.1,15.1,15.6,12.4,84.0,22.8,81.0,0.1,0.0,0.0,1.9,31.6,0.0,19.9,1.9,247.8,1.2,2.9,129.0,1006.6,1006.6,2.7,5.1
2024-07-01 22:25:00+02:00,15.1,15.1,15.5,12.5,85.0,22.7,81.0,0.0,0.0,0.0,1.9,31.6,0.0,19.9,1.9,247.8,2.1,2.9,124.0,1006.4,1006.4,2.7,5.1
2024-07-01 22:30:00+02:00,15.0,15.0,15.6,12.5,85.0,22.7,81.0,0.0,0.0,0.0,1.9,31.6,0.0,19.9,1.9,247.8,1.1,3.2,120.0,1006.4,1006.4,2.7,5.1
2024-07-01 22:35:00+02:00,15.0,15.0,15.6,12.5,85.0,22.6,81.0,0.0,0.0,0.0,1.9,31.6,0.0,19.9,1.9,247.8,0.7,2.5,123.0,1006.6,1006.6,2.7,5.1
2024-07-01 22:40:00+02:00,15.0,15.0,15.6,12.4,85.0,22.6,81.0,0.0,0.0,0.0,1.9,31.6,0.0,19.9,1.9,247.8,0.7,2.2,131.0,1006.5,1006.5,2.7,5.1
2024-07-01 22:45:00+02:00,14.9,14.9,15.4,12.3,85.0,22.5,81.0,0.0,0.0,0.0,1.9,31.6,0.0,19.9,1.9,247.8,1.4,2.9,120.0,1006.5,1006.5,2.7,5.1
2024-07-01 22:50:00+02:00,14.9,14.9,15.6,12.2,84.0,22.5,81.0,0.0,0.0,0.0,1.9,31.6,0.0,19.9,1.9,247.8,0.0,2.5,134.0,1006.5,1006.5,2.7,5.1
2024-07-01 22:55:00+02:00,15.0,15.0,15.7,12.0,82.0,22.4,81.0,0.0,0.0,0.0,1.9,31.6,0.0,19.9,1.9,247.8,0.0,2.5,86.0,1006.6,1006.6,2.7,5.1
2024-07-01 23:00:00+02:00,15.0,15.0,15.4,12.0,82.0,22.4,81.0,0.0,0.0,0.0,1.9,31.6,0.0,19.9,1.9,247.8,1.1,2.5,119.0,1006.6,1006.6,2.7,5.1
2024-07-01 23:05:00+02:00,15.2,15.2,15.5,12.1,82.0,22.4,81.0,0.0,0.0,0.0,1.9,31.6,0.0,19.9,1.9,247.8,1.4,2.9,107.0,1006.5,1006.5,2.7,5.1
2024-07-01 23:10:00+02:00,15.2,15.2,15.4,11.7,80.0,22.3,81.0,0.0,0.0,0.0,1.9,31.6,0.0,19.9,1.9,247.8,1.8,4.3,133.0,1006.4,1006.4,2.7,5.1
2024-07-01 23:15:00+02:00,15.5,15.5,15.8,11.9,79.0,22.3,81.0,0.0,0.0,0.0,1.9,31.6,0.0,19.9,1.9,247.8,1.2,3.6,120.0,1006.5,1006.5,2.7,5.1
2024-07-01 23:20:00+02:00,15.4,15.4,16.0,12.0,80.0,22.2,81.0,0.0,0.0,0.0,1.9,31.6,0.0,19.9,1.9,247.8,0.0,2.5,118.0,1006.6,1006.6,2.7,5.1
2024-07-01 23:25:00+02:00,15.3,15.3,15.9,11.9,80.0,22.2,81.0,0.0,0.0,0.0,1.9,31.6,0.0,19.9,1.9,247.8,0.0,2.5,120.0,1006.5,1006.5,2.7,5.1
2024-07-01 23:30:00+02:00,15.3,15.3,15.7,11.7,79.0,22.2,81.0,0.0,0.0,0.0,1.9,31.6,0.0,19.9,1.9,247.8,0.4,3.6,126.0,1006.6,1006.6,2.7,5.1
2024-07-01 23:35:00+02:00,15.4,15.4,15.6,11.6,78.0,22.1,81.0,0.0,0.0,0.0,1.9,31.6,0.0,19.9,1.9,247.8,1.6,3.2,114.0,1006.5,1006.5,2.7,5.1
2024-07-01 23:40:00+02:00,15.3,15.3,15.6,12.1,81.0,22.1,81.0,0.0,0.0,0.0,1.9,31.6,0.0,19.9,1.9,247.8,2.2,3.6,122.0,1006.5,1006.5,2.7,5.1
2024-07-01 23:45:00+02:00,15.2,15.2,15.4,11.7,80.0,22.1,81.0,0.0,0.0,0.0,1.9,31.6,0.0,19.9,1.9,247.8,1.6,3.2,133.0,1006.5,1006.5,2.7,5.1
2024-07-01 23:50:00+02:00,15.2,15.2,15.3,11.7,79.0,22.0,81.0,0.0,0.0,0.0,1.9,31.6,0.0,19.9,1.9,247.8,2.0,3.6,114.0,1006.4,1006.4,2.7,5.1
2024-07-01 23:55:00+02:00,15.2,15.2,15.5,11.8,80.0,22.0,81.0,0.0,0.0,0.0,1.9,31.6,0.0,19.9,1.9,247.8,1.3,3.6,115.0,1006.3,1006.3,2.7,5.0
2024-07-01 00:00:00+02:00,16.1,16.1,17.2,14.9,92.0,23.6,82.0,0.0,0.0,1.8,0.1,29.8,1.0,18.1,0.1,246.0,2.5,4.7,103.0,1003.0,1003.0,2.7,4.9
2024-07-01 00:05:00+02:00,16.0,16.0,17.3,14.8,93.0,23.5,82.0,0.0,0.0,1.8,0.2,29.9,1.1,18.2,0.2,246.1,1.2,3.6,133.0,1003.2,1003.2,2.7,4.9
2024-07-01 00:10:00+02:00,15.9,15.9,17.4,15.0,94.0,23.5,82.0,0.0,0.0,1.2,0.3,30.0,1.2,18.3,0.3,246.2,0.7,2.9,114.0,1003.1,1003.1,2.7,4.9
2024-07-01 00:15:00+02:00,15.8,15.8,17.2,14.9,94.0,23.4,82.0,0.0,0.0,1.2,0.3,30.0,1.2,18.3,0.3,246.2,1.1,2.5,104.0,1003.0,1003.0,2.7,4.9
2024-07-01 00:20:00+02:00,15.8,15.8,17.4,15.0,95.0,23.3,82.0,0.0,0.0,0.6,0.4,30.1,1.3,18.4,0.4,246.3,0.0,2.2,122.0,1003.0,1003.0,2.7,4.9
2024-07-01 00:25:00+02:00,15.8,15.8,17.4,15.0,95.0,23.3,82.0,0.0,0.0,0.6,0.4,30.1,1.3,18.4,0.4,246.3,0.0,2.2,132.0,1003.1,1003.1,2.7,4.8
2024-07-01 00:30:00+02:00,15.8,15.8,17.4,15.0,95.0,23.2,82.0,0.0,0.0,0.6,0.4,30.1,1.3,18.4,0.4,246.3,0.0,0.0,120.0,1003.1,1003.1,2.7,4.8
2024-07-01 00:35:00+02:00,15.8,15.8,17.4,15.0,95.0,23.2,82.0,0.0,0.0,0.6,0.5,30.2,1.1,18.5,0.5,246.4,0.0,2.2,97.0,1003.1,1003.1,2.7,4.8
2024-07-01 00:40:00+02:00,15.8,15.8,17.3,15.0,95.0,23.2,82.0,0.0,0.0,0.6,0.5,30.2,0.9,18.5,0.5,246.4,0.4,2.2,93.0,1003.0,1003.0,2.7,4.8
2024-07-01 00:45:00+02:00,15.8,15.8,17.4,15.0,95.0,23.1,82.0,0.0,0.0,0.6,0.5,30.2,0.7,18.5,0.5,246.4,0.0,2.2,276.0,1003.0,1003.0,2.7,4.8
2024-07-01 00:50:00+02:00,15.8,15.8,17.4,15.1,95.0,23.1,82.0,0.0,0.0,0.0,0.5,30.2,0.6,18.5,0.5,246.4,0.0,1.8,114.0,1003.0,1003.0,2.7,4.8
2024-07-01 00:55:00+02:00,15.8,15.8,17.5,15.2,96.0,23.0,82.0,0.0,0.0,0.0,0.5,30.2,0.5,18.5,0.5,246.4,0.0,1.8,96.0,1002.9,1002.9,2.7,4.8
2024-07-01 01:00:00+02:00,15.7,15.7,17.4,15.1,96.0,23.0,82.0,0.0,0.0,0.0,0.5,30.2,0.4,18.5,0.5,246.4,0.0,1.8,128.0,1003.0,1003.0,2.7,4.8
2024-07-01 01:05:00+02:00,15.7,15.7,17.3,15.1,96.0,22.9,82.0,0.0,0.0,0.0,0.5,30.2,0.3,18.5,0.5,246.4,0.0,1.8,132.0,1003.1,1003.1,2.7,4.8
2024-07-01 01:10:00+02:00,15.8,15.8,17.3,15.1,96.0,22.9,82.0,0.0,0.0,0.0,0.5,30.2,0.2,18.5,0.5,246.4,0.4,2.5,264.0,1003.0,1003.0,2.7,4.8
2024-07-01 01:15:00+02:00,15.8,15.8,17.4,15.1,96.0,22.8,82.0,0.0,0.0,0.0,0.5,30.2,0.2,18.5,0.5,246.4,0.0,2.5,293.0,1003.0,1003.0,2.7,4.8
2024-07-01 01:20:00+02:00,15.8,15.8,17.0,15.2,96.0,22.8,82.0,0.0,0.0,0.0,0.5,30.2,0.1,18.5,0.5,246.4,2.3,3.2,94.0,1003.0,1003.0,2.7,4.8
2024-07-01 01:25:00+02:00,15.8,15.8,17.4,15.2,96.0,22.8,82.0,0.0,0.0,0.0,0.5,30.2,0.1,18.5,0.5,246.4,0.4,2.9,94.0,1002.9,1002.9,2.7,4.8
2024-07-01 01:30:00+02:00,15.8,15.8,17.4,15.2,96.0,22.8,82.0,0.0,0.0,0.0,0.5,30.2,0.1,18.5,0.5,246.4,0.4,2.9,277.0,1002.9,1002.9,2.7,4.8
2024-07-01 01:35:00+02:00,15.8,15.8,17.5,15.2,96.0,22.7,82.0,0.0,0.0,0.0,0.5,30.2,0.0,18.5,0.5,246.4,0.0,1.8,212.0,1002.9,1002.9,2.7,4.7
2024-07-01 01:40:00+02:00,15.8,15.8,17.4,15.2,96.0,22.7,82.0,0.0,0.0,0.0,0.5,30.2,0.0,18.5,0.5,246.4,0.4,2.2,142.0,1002.9,1002.9,2.7,4.7
2024-07-01 01:45:00+02:00,15.8,15.8,17.5,15.2,96.0,22.7,82.0,0.0,0.0,0.0,0.5,30.2,0.0,18.5,0.5,246.4,0.0,2.2,355.0,1003.0,1003.0,2.7,4.7
2024-07-01 01:50:00+02:00,15.8,15.8,17.3,15.2,96.0,22.7,82.0,0.0,0.0,0.6,0.6,30.3,0.1,18.6,0.6,246.5,0.9,2.9,96.0,1003.0,1003.0,2.7,4.7
2024-07-01 01:55:00+02:00,15.8,15.8,17.1,15.2,96.0,22.6,82.0,0.0,0.0,0.6,0.6,30.3,0.1,18.6,0.6,246.5,2.0,4.0,117.0,1002.8,1002.8,2.7,4.7
2024-07-02 00:00:00+02:00,15.1,15.1,15.3,11.7,80.0,21.9,81.0,0.0,0.0,0.0,0.0,31.6,0.0,19.9,1.9,247.8,1.8,3.6,118.0,1006.5,1006.5,2.7,5.0
2024-07-02 00:05:00+02:00,15.1,15.1,15.4,11.6,79.0,21.9,81.0,0.0,0.0,0.0,0.0,31.6,0.0,19.9,1.9,247.8,1.1,2.9,111.0,1006.4,1006.4,2.7,5.0
2024-07-02 00:10:00+02:00,15.0,15.0,15.3,11.5,80.0,21.8,81.0,0.0,0.0,0.0,0.0,31.6,0.0,19.9,1.9,247.8,0.9,2.5,136.0,1006.3,1006.3,2.7,5.0
2024-07-02 00:15:00+02:00,14.9,14.9,15.1,11.7,81.0,21.8,81.0,0.0,0.0,0.0,0.0,31.6,0.0,19.9,1.9,247.8,1.8,3.2,126.0,1006.4,1006.4,2.7,5.0
2024-07-02 00:20:00+02:00,14.8,14.8,15.0,11.7,82.0,21.7,81.0,0.0,0.0,0.0,0.0,31.6,0.0,19.9,1.9,247.8,1.8,3.2,121.0,1006.4,1006.4,2.7,5.0
2024-07-02 00:25:00+02:00,14.7,14.7,15.2,11.7,82.0,21.7,81.0,0.0,0.0,0.0,0.0,31.6,0.0,19.9,1.9,247.8,0.4,3.2,118.0,1006.4,1006.4,2.7,5.0
2024-07-02 00:30:00+02:00,14.5,14.5,15.0,11.8,83.0,21.7,81.0,0.0,0.0,0.0,0.0,31.6,0.0,19.9,1.9,247.8,0.4,2.5,120.0,1006.3,1006.3,2.7,5.0
2024-07-02 00:35:00+02:00,14.4,14.4,14.6,11.6,83.0,21.6,81.0,0.0,0.0,0.0,0.0,31.6,0.0,19.9,1.9,247.8,1.6,2.9,122.0,1006.4,1006.4,2.7,5.0
2024-07-02 00:40:00+02:00,14.3,14.3,14.6,11.6,84.0,21.6,81.0,0.0,0.0,0.0,0.0,31.6,0.0,19.9,1.9,247.8,1.3,2.9,107.0,1006.5,1006.5,2.7,5.0
2024-07-02 00:45:00+02:00,14.3,14.3,14.3,11.4,83.0,21.5,81.0,0.0,0.0,0.0,0.0,31.6,0.0,19.9,1.9,247.8,2.3,3.6,116.0,1006.4,1006.4,2.7,5.0
2024-07-02 00:50:00+02:00,14.3,14.3,14.6,11.3,82.0,21.5,81.0,0.0,0.0,0.0,0.0,31.6,0.0,19.9,1.9,247.8,0.9,2.5,126.0,1006.4,1006.4,2.7,5.0
2024-07-02 00:55:00+02:00,14.3,14.3,14.4,11.2,82.0,21.5,81.0,0.0,0.0,0.0,0.0,31.6,0.0,19.9,1.9,247.8,1.4,2.5,124.0,1006.3,1006.3,2.7,5.0
2024-07-02 01:00:00+02:00,14.3,14.3,14.6,11.3,82.0,21.4,81.0,0.0,0.0,0.0,0.0,31.6,0.0,19.9,1.9,247.8,0.9,2.9,115.0,1006.3,1006.3,2.7,5.0
2024-07-02 01:05:00+02:00,14.3,14.3,14.4,11.6,84.0,21.4,81.0,0.0,0.0,0.0,0.0,31.6,0.0,19.9,1.9,247.8,1.7,3.2,109.0,1006.4,1006.4,2.7,5.0
2024-07-02 01:10:00+02:00,14.2,14.2,14.0,11.4,83.0,21.3,81.0,0.0,0.0,0.0,0.0,31.6,0.0,19.9,1.9,247.8,3.2,4.3,114.0,1006.3,1006.3,2.7,5.0
2024-07-02 01:15:00+02:00,14.3,14.3,14.2,11.2,81.0,21.3,81.0,0.0,0.0,0.0,0.0,31.6,0.0,19.9,1.9,247.8,2.6,4.7,117.0,1006.2,1006.2,2.7,5.0
2024-07-02 01:20:00+02:00,14.5,14.5,14.3,11.1,80.0,21.3,81.0,0.0,0.0,0.0,0.0,31.6,0.0,19.9,1.9,247.8,3.0,4.7,126.0,1006.3,1006.3,2.7,5.0
2024-07-02 01:25:00+02:00,14.7,14.7,14.6,11.2,79.0,21.2,81.0,0.0,0.0,0.0,0.0,31.6,0.0,19.9,1.9,247.8,2.4,4.0,130.0,1006.3,1006.3,2.7,5.0
2024-07-02 01:30:00+02:00,14.8,14.8,14.7,11.2,79.0,21.2,81.0,0.0,0.0,0.0,0.0,31.6,0.0,19.9,1.9,247.8,2.7,3.6,132.0,1006.3,1006.3,2.7,5.0
2024-07-02 01:35:00+02:00,14.9,14.9,14.6,11.2,79.0,21.1,81.0,0.0,0.0,0.0,0.0,31.6,0.0,19.9,1.9,247.8,3.4,5.4,130.0,1006.2,1006.2,2.7,5.0
2024-07-02 01:40:00+02:00,15.0,15.0,14.8,11.4,79.0,21.1,81.0,0.0,0.0,0.0,0.0,31.6,0.0,19.9,1.9,247.8,3.3,5.4,127.0,1006.2,1006.2,2.7,5.0
2024-07-02 01:45:00+02:00,14.9,14.9,14.6,11.3,79.0,21.1,81.0,0.0,0.0,0.0,0.0,31.6,0.0,19.9,1.9,247.8,3.7,5.8,121.0,1006.1,1006.1,2.7,4.9
2024-07-02 01:50:00+02:00,15.0,15.0,14.8,11.3,79.0,21.0,81.0,0.0,0.0,0.0,0.0,31.6,0.0,19.9,1.9,247.8,3.0,5.8,124.0,1006.0,1006.0,2.7,4.9
2024-07-02 01:55:00+02:00,15.0,15.0,15.0,11.3,79.0,21.0,81.0,0.0,0.0,0.0,0.0,31.6,0.0,19.9,1.9,247.8,2.2,3.6,122.0,1006.0,1006.0,2.7,4.9
2024-07-02 02:00:00+02:00,14.9,14.9,14.8,11.6,80.0,20.9,81.0,0.0,0.0,0.0,0.0,0.0,0.0,19.9,1.9,247.8,2.8,4.3,127.0,1006.0,1006.0,2.7,4.9
2024-07-02 02:05:00+02:00,14.8,14.8,14.8,11.5,80.0,20.9,81.0,0.0,0.0,0.0,0.0,0.0,0.0,19.9,1.9,247.8,2.6,4.0,129.0,1006.0,1006.0,2.7,4.9
2024-07-02 02:10:00+02:00,14.9,14.9,14.7,11.5,80.0,20.9,81.0,0.0,0.0,0.0,0.0,0.0,0.0,19.9,1.9,247.8,3.0,4.3,121.0,1005.9,1005.9,2.7,4.9
2024-07-02 02:15:00+02:00,14.9,14.9,14.9,11.5,80.0,20.9,81.0,0.0,0.0,0.0,0.0,0.0,0.0,19.9,1.9,247.8,2.4,5.8,136.0,1006.0,1006.0,2.7,4.9
2024-07-02 02:20:00+02:00,14.9,14.9,14.8,11.3,79.0,20.8,81.0,0.0,0.0,0.0,0.0,0.0,0.0,19.9,1.9,247.8,3.0,5.8,125.0,1005.9,1005.9,2.7,4.9
2024-07-02 02:25:00+02:00,14.9,14.9,14.9,11.0,77.0,20.8,81.0,0.0,0.0,0.0,0.0,0.0,0.0,19.9,1.9,247.8,1.9,7.2,106.0,1005.9,1005.9,2.7,4.9
2024-07-02 02:30:00+02:00,15.0,15.0,15.2,10.9,76.0,20.8,81.0,0.0,0.0,0.0,0.0,0.0,0.0,19.9,1.9,247.8,0.4,3.6,157.0,1005.8,1005.8,2.7,4.9
2024-07-02 02:35:00+02:00,14.9,14.9,14.9,10.8,77.0,20.7,81.0,0.0,0.0,0.0,0.0,0.0,0.0,19.9,1.9,247.8,1.3,2.9,150.0,1005.8,1005.8,2.7,4.9
2024-07-02 02:40:00+02:00,14.8,14.8,14.6,10.8,77.0,20.7,81.0,0.0,0.0,0.0,0.0,0.0,0.0,19.9,1.9,247.8,2.4,4.0,124.0,1005.8,1005.8,2.7,4.9
2024-07-02 02:45:00+02:00,14.9,14.9,14.7,10.9,77.0,20.7,81.0,0.0,0.0,0.0,0.0,0.0,0.0,19.9,1.9,247.8,2.7,5.0,125.0,1005.7,1005.7,2.7,4.9
2024-07-02 02:50:00+02:00,14.9,14.9,14.6,11.0,78.0,20.7,81.0,0.0,0.0,0.0,0.0,0.0,0.0,19.9,1.9,247.8,3.2,5.0,120.0,1005.6,1005.6,2.7,4.9
2024-07-02 02:55:00+02:00,14.8,14.8,14.5,10.9,77.0,20.6,81.0,0.0,0.0,0.0,0.0,0.0,0.0,19.9,1.9,247.8,3.2,5.0,118.0,1005.7,1005.7,2.7,4.9
2024-07-02 03:00:00+02:00,14.9,14.9,14.4,11.0,77.0,20.6,81.0,0.0,0.0,0.0,0.0,0.0,0.0,19.9,1.9,247.8,4.0,6.8,119.0,1005.6,1005.6,2.7,4.9
2024-07-02 03:05:00+02:00,14.9,14.9,14.6,11.1,78.0,20.6,81.0,0.0,0.0,0.0,0.0,0.0,0.0,19.9,1.9,247.8,3.4,5.8,124.0,1005.6,1005.6,2.7,4.9
2024-07-02 03:10:00+02:00,14.9,14.9,14.4,11.0,78.0,20.6,81.0,0.0,0.0,0.0,0.0,0.0,0.0,19.9,1.9,247.8,4.0,6.5,126.0,1005.6,1005.6,2.7,4.9
2024-07-02 03:15:00+02:00,14.9,14.9,14.4,10.9,77.0,20.5,81.0,0.0,0.0,0.0,0.0,0.0,0.0,19.9,1.9,247.8,4.3,6.5,115.0,1005.5,1005.5,2.7,4.9
2024-07-02 03:20:00+02:00,14.8,14.8,14.1,10.9,77.0,20.5,81.0,0.0,0.0,0.0,0.0,0.0,0.0,19.9,1.9,247.8,5.1,7.2,132.0,1005.5,1005.5,2.7,4.9
2024-07-02 03:25:00+02:00,14.8,14.8,14.1,10.8,77.0,20.5,81.0,0.0,0.0,0.0,0.0,0.0,0.0,19.9,1.9,247.8,4.9,8.6,119.0,1005.5,1005.5,2.7,4.9
2024-07-02 03:30:00+02:00,14.8,14.8,14.0,10.7,77.0,20.4,81.0,0.0,0.0,0.0,0.0,0.0,0.0,19.9,1.9,247.8,5.3,9.4,112.0,1005.6,1005.6,2.7,4.9
2024-07-02 03:35:00+02:00,14.8,14.8,14.1,10.8,77.0,20.4,81.0,0.0,0.0,0.0,0.0,0.0,0.0,19.9,1.9,247.8,4.8,6.1,123.0,1005.4,1005.4,2.7,4.8
2024-07-02 03:40:00+02:00,14.8,14.8,14.1,10.8,77.0,20.4,81.0,0.0,0.0,0.0,0.0,0.0,0.0,19.9,1.9,247.8,5.2,7.6,129.0,1005.5,1005.5,2.7,4.8
2024-07-02 03:45:00+02:00,14.8,14.8,14.0,10.8,77.0,20.3,81.0,0.0,0.0,0.0,0.0,0.0,0.0,19.9,1.9,247.8,5.6,7.9,119.0,1005.3,1005.3,2.7,4.8
2024-07-02 03:50:00+02:00,14.8,14.8,14.1,11.0,78.0,20.3,81.0,0.0,0.0,0.0,0.0,0.0,0.0,19.9,1.9,247.8,5.5,8.3,122.0,1005.3,1005.3,2.7,4.8
2024-07-02 03:55:00+02:00,14.8,14.8,14.0,11.0,78.0,20.3,81.0,0.0,0.0,0.0,0.0,0.0,0.0,19.9,1.9,247.8,5.5,7.9,124.0,1005.3,1005.3,2.7,4.8
2024-07-02 04:00:00+02:00,14.8,14.8,14.0,11.0,78.0,20.3,81.0,0.0,0.0,0.0,0.0,0.0,0.0,19.9,1.9,247.8,6.0,9.0,128.0,1005.2,1005.2,2.7,4.8
2024-07-02 04:05:00+02:00,14.8,14.8,14.2,11.1,79.0,20.2,81.0,0.0,0.0,0.0,0.0,0.0,0.0,19.9,1.9,247.8,4.5,7.6,123.0,1005.3,1005.3,2.7,4.8
2024-07-02 04:10:00+02:00,14.7,14.7,14.2,11.1,79.0,20.2,81.0,0.0,0.0,0.0,0.0,0.0,0.0,19.9,1.9,247.8,4.5,7.6,112.0,1005.3,1005.3,2.7,4.8
2024-07-02 04:15:00+02:00,14.7,14.7,14.4,11.3,80.0,20.2,81.0,0.0,0.0,0.0,0.0,0.0,0.0,19.9,1.9,247.8,3.4,7.6,122.0,1005.2,1005.2,2.7,4.8
2024-07-02 04:20:00+02:00,14.6,14.6,14.0,11.2,80.0,20.2,81.0,0.0,0.0,0.0,0.0,0.0,0.0,19.9,1.9,247.8,5.0,8.3,122.0,1005.3,1005.3,2.7,4.8
2024-07-02 04:25:00+02:00,14.6,14.6,14.1,11.2,80.0,20.2,81.0,0.0,0.0,0.0,0.0,0.0,0.0,19.9,1.9,247.8,4.7,10.4,114.0,1005.3,1005.3,2.7,4.8
2024-07-02 04:30:00+02:00,14.5,14.5,14.1,11.1,80.0,20.1,81.0,0.0,0.0,0.0,0.0,0.0,0.0,19.9,1.9,247.8,4.1,9.7,132.0,1005.3,1005.3,2.7,4.8
2024-07-02 04:35:00+02:00,14.3,14.3,13.7,11.0,80.0,20.1,81.0,0.0,0.0,0.0,0.0,0.0,0.0,19.9,1.9,247.8,5.0,8.3,109.0,1005.3,1005.3,2.7,4.8
2024-07-02 04:40:00+02:00,14.3,14.3,13.7,11.0,80.0,20.0,81.0,0.0,0.0,0.0,0.0,0.0,0.0,19.9,1.9,247.8,4.6,7.2,119.0,1005.3,1005.3,2.7,4.8
2024-07-02 04:45:00+02:00,14.2,14.2,13.8,11.0,81.0,20.0,81.0,0.1,0.0,0.0,0.0,0.0,0.0,19.9,1.9,247.8,3.8,6.1,110.0,1005.3,1005.3,2.7,4.8
2024-07-02 04:50:00+02:00,14.1,14.1,13.7,11.0,82.0,20.0,81.0,0.2,0.0,0.0,0.0,0.0,0.0,19.9,1.9,247.8,4.0,6.1,116.0,1005.3,1005.3,2.7,4.8
2024-07-02 04:55:00+02:00,14.2,14.2,13.6,11.0,81.0,20.0,81.0,0.2,0.0,0.0,0.0,0.0,0.0,19.9,1.9,247.8,4.7,6.8,119.0,1005.3,1005.3,2.7,4.8
2024-07-02 05:00:00+02:00,14.2,14.2,13.5,11.0,81.0,19.9,81.0,0.5,0.0,0.0,0.0,0.0,0.0,19.9,1.9,247.8,5.3,7.9,117.0,1005.3,1005.3,2.7,4.8
2024-07-02 05:05:00+02:00,14.3,14.3,13.5,10.9,80.0,19.9,81.0,0.6,0.0,0.0,0.0,0.0,0.0,19.9,1.9,247.8,5.5,7.9,121.0,1005.2,1005.2,2.7,4.8
2024-07-02 05:10:00+02:00,14.3,14.3,13.6,11.0,80.0,19.8,81.0,0.9,0.0,0.0,0.0,0.0,0.0,19.9,1.9,247.8,5.0,8.3,120.0,1005.1,1005.1,2.7,4.8
2024-07-02 05:15:00+02:00,14.4,14.4,13.6,11.0,80.0,19.8,81.0,1.9,0.0,0.0,0.0,0.0,0.0,19.9,1.9,247.8,5.7,8.6,109.0,1005.0,1005.0,2.7,4.8
2024-07-02 05:20:00+02:00,14.4,14.4,13.6,11.0,80.0,19.8,81.0,3.0,0.0,0.0,0.0,0.0,0.0,19.9,1.9,247.8,5.7,11.2,114.0,1005.2,1005.2,2.7,4.8
2024-07-02 05:25:00+02:00,14.4,14.4,13.6,11.0,80.0,19.8,81.0,3.5,0.0,0.0,0.0,0.0,0.0,19.9,1.9,247.8,5.9,9.7,120.0,1005.1,1005.1,2.7,4.7
2024-07-02 05:30:00+02:00,14.5,14.5,13.9,11.1,80.0,19.7,81.0,5.0,0.0,0.0,0.0,0.0,0.0,19.9,1.9,247.8,4.8,9.7,123.0,1005.2,1005.2,2.7,4.7
2024-07-02 05:35:00+02:00,14.5,14.5,13.8,11.1,80.0,19.7,81.0,5.9,0.0,0.0,0.0,0.0,0.0,19.9,1.9,247.8,5.3,7.6,127.0,1005.1,1005.1,2.7,4.7
2024-07-02 05:40:00+02:00,14.5,14.5,14.0,11.2,81.0,19.7,81.0,6.5,0.0,0.0,0.0,0.0,0.0,19.9,1.9,247.8,4.6,7.9,126.0,1005.2,1005.2,2.7,4.7
2024-07-02 05:45:00+02:00,14.5,14.5,13.7,11.2,80.0,19.7,81.0,7.3,0.0,0.0,0.0,0.0,0.0,19.9,1.9,247.8,6.4,10.8,122.0,1005.2,1005.2,2.7,4.7
2024-07-02 05:50:00+02:00,14.6,14.6,14.0,11.3,81.0,19.6,81.0,7.3,0.0,0.0,0.0,0.0,0.0,19.9,1.9,247.8,5.3,9.0,129.0,1005.1,1005.1,2.7,4.7
2024-07-02 05:55:00+02:00,14.6,14.6,13.9,11.3,80.0,19.6,81.0,8.6,0.0,0.0,0.0,0.0,0.0,19.9,1.9,247.8,5.7,8.3,114.0,1005.1,1005.1,2.7,4.7
2024-07-02 06:00:00+02:00,14.7,14.7,14.3,11.3,80.0,19.6,81.0,11.5,0.0,0.0,0.0,0.0,0.0,19.9,1.9,247.8,3.9,11.5,118.0,1004.9,1004.9,2.7,4.7
2024-07-02 06:05:00+02:00,14.7,14.7,14.0,11.4,80.0,19.6,81.0,14.9,0.0,0.0,0.0,0.0,0.0,19.9,1.9,247.8,5.6,9.0,112.0,1005.0,1005.0,2.7,4.7
2024-07-02 06:10:00+02:00,14.7,14.7,14.8,11.4,80.0,19.6,82.0,17.1,0.0,0.0,0.0,0.0,0.0,19.9,1.9,247.8,2.2,12.6,123.0,1004.9,1004.9,2.7,4.7
2024-07-02 06:15:00+02:00,14.8,14.8,14.6,11.4,80.0,19.6,82.0,14.8,0.0,0.0,0.0,0.0,0.0,19.9,1.9,247.8,3.6,8.6,123.0,1005.0,1005.0,2.7,4.7
2024-07-02 06:20:00+02:00,14.8,14.8,14.6,11.5,81.0,19.6,82.0,14.8,0.0,0.0,0.0,0.0,0.0,19.9,1.9,247.8,3.5,8.3,132.0,1004.8,1004.8,2.7,4.7
2024-07-02 06:25:00+02:00,14.8,14.8,14.5,11.5,81.0,19.6,82.0,15.4,0.0,0.0,0.0,0.0,0.0,19.9,1.9,247.8,3.7,7.6,109.0,1004.8,1004.8,2.7,4.7
2024-07-02 06:30:00+02:00,14.8,14.8,14.5,11.6,81.0,19.5,82.0,36.1,0.0,0.0,0.0,0.0,0.0,19.9,1.9,247.8,4.4,7.6,121.0,1004.8,1004.8,2.7,4.7
2024-07-02 06:35:00+02:00,15.0,15.0,14.9,11.7,81.0,19.5,82.0,43.2,0.0,0.0,0.0,0.0,0.0,19.9,1.9,247.8,3.0,6.5,123.0,1004.8,1004.8,2.7,4.7
2024-07-02 06:40:00+02:00,15.0,15.0,15.0,11.8,81.0,19.5,82.0,43.8,0.0,0.0,0.0,0.0,0.0,19.9,1.9,247.8,3.1,7.9,121.0,1004.9,1004.9,2.7,4.7
2024-07-02 06:45:00+02:00,15.2,15.2,15.2,11.8,80.0,19.5,82.0,41.8,0.0,0.0,0.0,0.0,0.0,19.9,1.9,247.8,2.3,6.5,129.0,1004.8,1004.8,2.7,4.7
2024-07-02 06:50:00+02:00,15.2,15.2,15.1,11.7,80.0,19.5,82.0,54.0,0.0,0.0,0.0,0.0,0.0,19.9,1.9,247.8,3.4,12.6,149.0,1004.7,1004.7,2.7,4.7
2024-07-02 06:55:00+02:00,15.3,15.3,15.1,11.8,80.0,19.5,82.0,64.6,0.0,0.0,0.0,0.0,0.0,19.9,1.9,247.8,3.7,12.6,130.0,1004.7,1004.7,2.7,4.7
2024-07-02 07:00:00+02:00,15.4,15.4,15.9,11.8,79.0,19.6,82.0,69.8,0.0,0.0,0.0,0.0,0.0,19.9,1.9,247.8,0.4,7.2,123.0,1004.6,1004.6,2.7,4.7
2024-07-02 07:05:00+02:00,15.5,15.5,15.7,11.9,79.0,19.6,82.0,54.6,0.0,0.0,0.0,0.0,0.0,19.9,1.9,247.8,1.9,5.4,64.0,1004.7,1004.7,2.7,4.8
2024-07-02 07:10:00+02:00,15.5,15.5,15.8,11.9,79.0,19.6,82.0,46.2,0.0,0.0,0.0,0.0,0.0,19.9,1.9,247.8,1.5,7.2,319.0,1004.8,1004.8,2.7,4.8
2024-07-02 07:15:00+02:00,15.5,15.5,15.5,11.8,79.0,19.6,82.0,31.2,0.0,0.0,0.0,0.0,0.0,19.9,1.9,247.8,2.6,8.3,186.0,1004.7,1004.7,2.7,4.8
2024-07-02 07:20:00+02:00,15.4,15.4,15.4,11.8,79.0,19.6,82.0,32.4,0.0,0.0,0.0,0.0,0.0,19.9,1.9,247.8,2.9,7.2,110.0,1004.7,1004.7,2.7,4.8
2024-07-02 07:25:00+02:00,15.3,15.3,15.3,11.8,80.0,19.7,82.0,28.8,0.0,0.0,0.0,0.0,0.0,19.9,1.9,247.8,3.1,11.9,112.0,1004.8,1004.8,2.7,4.8
2024-07-02 07:30:00+02:00,15.3,15.3,15.6,11.9,80.0,19.7,83.0,39.8,0.0,0.0,0.0,0.0,0.0,19.9,1.9,247.8,1.7,6.5,156.0,1004.8,1004.8,2.7,4.8
2024-07-02 07:35:00+02:00,15.3,15.3,15.3,12.1,81.0,19.7,83.0,39.2,0.0,0.0,0.0,0.0,0.0,19.9,1.9,247.8,3.7,8.6,103.0,1004.6,1004.6,2.7,4.8
2024-07-02 07:40:00+02:00,15.4,15.4,15.5,12.1,81.0,19.7,83.0,43.6,0.0,0.0,0.0,0.0,0.0,19.9,1.9,247.8,2.4,8.3,144.0,1004.5,1004.5,2.7,4.8
2024-07-02 07:45:00+02:00,15.3,15.3,15.6,11.9,80.0,19.7,83.0,52.0,0.0,0.0,0.0,0.0,0.0,19.9,1.9,247.8,2.0,9.0,102.0,1004.7,1004.7,2.7,4.8
2024-07-02 07:50:00+02:00,15.4,15.4,15.3,12.1,81.0,19.7,83.0,39.6,0.0,0.0,0.0,0.0,0.0,19.9,1.9,247.8,3.8,10.1,104.0,1004.7,1004.7,2.7,4.8
2024-07-02 07:55:00+02:00,15.4,15.4,16.0,12.0,80.0,19.8,83.0,41.0,0.0,0.0,0.0,0.0,0.0,19.9,1.9,247.8,0.5,10.1,255.0,1004.7,1004.7,2.7,4.8
2024-07-02 08:00:00+02:00,15.4,15.4,15.1,12.1,80.0,19.8,83.0,40.9,0.0,0.0,0.0,0.0,0.0,19.9,1.9,247.8,5.2,11.5,113.0,1004.6,1004.6,2.7,4.8
2024-07-02 08:05:00+02:00,15.3,15.3,14.9,12.1,81.0,19.8,83.0,34.4,0.0,0.0,0.0,0.0,0.0,19.9,1.9,247.8,5.3,11.5,139.0,1004.6,1004.6,2.7,4.8
2024-07-02 08:10:00+02:00,15.2,15.2,14.9,12.0,81.0,19.8,83.0,35.8,0.0,0.0,0.0,0.0,0.0,19.9,1.9,247.8,4.6,14.4,123.0,1004.5,1004.5,2.7,4.8
2024-07-02 08:15:00+02:00,15.2,15.2,14.8,12.1,82.0,19.8,83.0,40.2,0.0,0.0,0.0,0.0,0.0,19.9,1.9,247.8,5.0,10.1,115.0,1004.5,1004.5,2.7,4.8
2024-07-02 08:20:00+02:00,15.1,15.1,14.5,12.1,82.0,19.8,83.0,53.6,0.0,0.0,0.0,0.0,0.0,19.9,1.9,247.8,6.5,10.4,124.0,1004.5,1004.5,2.7,4.8
2024-07-02 08:25:00+02:00,15.1,15.1,14.3,12.0,81.0,19.8,83.0,48.0,0.0,0.0,0.0,0.0,0.0,19.9,1.9,247.8,7.1,10.8,126.0,1004.5,1004.5,2.7,4.8
2024-07-02 08:30:00+02:00,15.0,15.0,13.9,11.8,81.0,19.9,83.0,53.9,0.0,0.0,0.0,0.0,0.0,19.9,1.9,247.8,8.9,16.9,129.0,1004.4,1004.4,2.7,4.8
2024-07-02 08:35:00+02:00,15.0,15.0,14.8,12.0,82.0,19.9,83.0,56.4,0.0,0.0,0.0,0.0,0.0,19.9,1.9,247.8,4.4,14.8,161.0,1004.5,1004.5,2.7,4.8
2024-07-02 08:40:00+02:00,15.0,15.0,14.6,12.2,83.0,19.9,83.0,59.6,0.0,0.0,0.0,0.0,0.0,19.9,1.9,247.8,5.8,15.5,115.0,1004.6,1004.6,2.7,4.8
2024-07-02 08:45:00+02:00,14.9,14.9,14.7,12.3,84.0,19.9,83.0,47.6,0.0,0.0,0.0,0.0,0.0,19.9,1.9,247.8,4.4,8.3,138.0,1004.5,1004.5,2.7,4.9
2024-07-02 08:50:00+02:00,14.7,14.7,14.3,12.4,86.0,19.9,83.0,51.4,0.0,0.0,0.0,0.0,0.0,19.9,1.9,247.8,6.0,12.6,124.0,1004.6,1004.6,2.7,4.9
2024-07-02 08:55:00+02:00,14.6,14.6,14.0,12.5,87.0,19.9,83.0,49.6,0.0,0.0,0.0,0.0,0.0,19.9,1.9,247.8,7.1,10.8,108.0,1004.5,1004.5,2.7,4.9
2024-07-02 09:00:00+02:00,14.4,14.4,14.2,12.6,89.0,19.9,83.0,51.0,0.0,0.0,0.0,0.0,0.0,19.9,1.9,247.8,5.3,10.8,107.0,1004.6,1004.6,2.7,4.9
2024-07-02 09:05:00+02:00,14.4,14.4,14.7,12.8,90.0,19.9,83.0,85.6,0.0,0.6,0.1,0.1,0.1,20.0,2.0,247.9,3.2,9.7,152.0,1004.5,1004.5,2.7,4.9
2024-07-02 09:10:00+02:00,14.3,14.3,14.3,12.8,91.0,19.9,83.0,89.9,0.0,1.2,0.2,0.2,0.2,20.1,2.1,248.0,4.9,8.3,139.0,1004.5,1004.5,2.7,4.9
2024-07-02 09:15:00+02:00,14.2,14.2,14.1,12.9,92.0,19.9,83.0,71.0,0.0,1.2,0.3,0.3,0.3,20.2,2.2,248.1,5.1,8.6,115.0,1004.5,1004.5,2.7,4.9
2024-07-02 09:20:00+02:00,14.2,14.2,13.7,12.9,92.0,19.9,83.0,77.4,0.0,0.6,0.3,0.3,0.3,20.2,2.2,248.1,7.3,11.5,117.0,1004.6,1004.6,2.7,4.9
2024-07-02 09:25:00+02:00,14.1,14.1,14.1,13.0,93.0,19.9,83.0,62.9,0.0,0.6,0.3,0.3,0.3,20.2,2.2,248.1,4.8,11.5,114.0,1004.5,1004.5,2.7,4.9
2024-07-02 09:30:00+02:00,14.1,14.1,14.4,13.0,93.0,19.9,83.0,54.5,0.0,0.6,0.4,0.4,0.4,20.3,2.3,248.2,3.1,8.6,128.0,1004.4,1004.4,2.7,4.9
2024-07-02 09:35:00+02:00,14.2,14.2,14.1,13.1,93.0,19.9,83.0,106.2,0.0,0.6,0.4,0.4,0.4,20.3,2.3,248.2,5.0,10.1,124.0,1004.4,1004.4,2.7,4.9
2024-07-02 09:40:00+02:00,14.1,14.1,13.8,13.1,93.0,19.9,82.0,101.7,0.0,0.6,0.5,0.5,0.5,20.4,2.4,248.3,6.6,14.8,119.0,1004.4,1004.4,2.7,4.9
2024-07-02 09:45:00+02:00,14.1,14.1,13.8,13.1,94.0,19.9,82.0,59.0,0.0,0.6,0.5,0.5,0.5,20.4,2.4,248.3,6.0,11.5,116.0,1004.4,1004.4,2.7,4.9
2024-07-02 09:50:00+02:00,14.2,14.2,14.4,13.2,94.0,19.9,82.0,61.3,0.0,0.6,0.5,0.5,0.5,20.4,2.4,248.3,3.7,9.7,134.0,1004.4,1004.4,2.7,4.9
2024-07-02 09:55:00+02:00,14.2,14.2,14.2,13.2,94.0,19.9,82.0,65.6,0.0,0.0,0.5,0.5,0.5,20.4,2.4,248.3,4.9,9.7,125.0,1004.5,1004.5,2.7,4.9
2024-07-02 10:00:00+02:00,14.2,14.2,14.2,13.2,94.0,19.9,82.0,74.3,0.0,0.0,0.5,0.5,0.5,20.4,2.4,248.3,4.8,9.7,122.0,1004.4,1004.4,2.7,4.9
2024-07-02 10:05:00+02:00,14.2,14.2,14.1,13.2,94.0,19.9,82.0,78.1,0.0,0.0,0.5,0.5,0.3,20.4,2.4,248.3,5.4,9.7,114.0,1004.4,1004.4,2.7,4.9
2024-07-02 10:10:00+02:00,14.2,14.2,14.8,13.3,94.0,19.9,82.0,74.3,0.0,0.0,0.5,0.5,0.3,20.4,2.4,248.3,2.3,9.4,155.0,1004.4,1004.4,2.7,4.9
2024-07-02 10:15:00+02:00,14.3,14.3,15.1,13.6,95.0,19.9,82.0,84.5,0.0,0.0,0.5,0.5,0.2,20.4,2.4,248.3,2.2,8.3,96.0,1004.2,1004.2,2.7,4.9
2024-07-02 10:20:00+02:00,14.3,14.3,14.8,13.5,95.0,19.9,82.0,111.1,1.0,0.0,0.5,0.5,0.2,20.4,2.4,248.3,3.5,10.1,98.0,1004.3,1004.3,2.7,4.9
2024-07-02 10:25:00+02:00,14.5,14.5,15.1,13.7,95.0,19.9,83.0,124.8,1.0,0.0,0.5,0.5,0.2,20.4,2.4,248.3,2.4,11.9,123.0,1004.3,1004.3,2.7,4.9
2024-07-02 10:30:00+02:00,14.5,14.5,14.6,13.7,95.0,19.9,83.0,115.3,1.0,0.0,0.5,0.5,0.1,20.4,2.4,248.3,5.5,11.9,123.0,1004.2,1004.2,2.7,4.9
2024-07-02 10:35:00+02:00,14.4,14.4,14.7,13.6,95.0,19.9,83.0,69.9,0.0,0.0,0.5,0.5,0.1,20.4,2.4,248.3,4.7,8.6,126.0,1004.2,1004.2,2.7,5.0
2024-07-02 10:40:00+02:00,14.5,14.5,15.1,13.7,95.0,20.0,83.0,63.6,0.0,0.0,0.5,0.5,0.0,20.4,2.4,248.3,2.8,6.5,120.0,1004.2,1004.2,2.7,5.0
2024-07-02 10:45:00+02:00,14.4,14.4,14.8,13.7,95.0,20.0,83.0,68.5,0.0,0.0,0.5,0.5,0.0,20.4,2.4,248.3,4.0,11.2,109.0,1004.1,1004.1,2.7,5.0
2024-07-02 10:50:00+02:00,14.5,14.5,15.2,13.7,95.0,20.0,83.0,93.5,0.0,0.0,0.5,0.5,0.0,20.4,2.4,248.3,2.4,5.4,208.0,1004.2,1004.2,2.7,5.0
2024-07-02 10:55:00+02:00,14.6,14.6,15.0,13.8,95.0,20.0,83.0,93.7,0.0,0.0,0.5,0.5,0.0,20.4,2.4,248.3,4.0,7.2,210.0,1004.3,1004.3,2.7,5.0
2024-07-02 11:00:00+02:00,14.7,14.7,15.5,13.8,94.0,20.0,83.0,55.6,0.0,0.0,0.5,0.0,0.0,20.4,2.4,248.3,1.9,7.2,141.0,1004.2,1004.2,2.7,5.0
2024-07-02 11:05:00+02:00,14.7,14.7,15.6,13.8,94.0,20.0,83.0,103.4,0.0,0.0,0.5,0.0,0.0,20.4,2.4,248.3,1.5,6.5,207.0,1004.2,1004.2,2.7,5.0
2024-07-02 11:10:00+02:00,14.9,14.9,15.9,14.0,94.0,20.1,83.0,170.6,1.0,0.0,0.5,0.0,0.0,20.4,2.4,248.3,1.3,5.0,351.0,1004.2,1004.2,2.7,5.0
2024-07-02 11:15:00+02:00,15.1,15.1,15.9,14.1,94.0,20.1,83.0,133.5,1.0,0.0,0.5,0.0,0.0,20.4,2.4,248.3,2.2,8.3,122.0,1004.2,1004.2,2.7,5.1
2024-07-02 11:20:00+02:00,15.1,15.1,15.8,14.0,93.0,20.1,83.0,89.7,0.0,0.0,0.5,0.0,0.0,20.4,2.4,248.3,2.7,9.7,100.0,1004.1,1004.1,2.7,5.1
2024-07-02 11:25:00+02:00,15.2,15.2,16.2,14.1,93.0,20.2,83.0,80.1,0.0,0.0,0.5,0.0,0.0,20.4,2.4,248.3,1.6,6.1,115.0,1004.0,1004.0,2.7,5.1
2024-07-02 11:30:00+02:00,15.3,15.3,16.3,14.1,93.0,20.2,83.0,47.6,0.0,0.0,0.5,0.0,0.0,20.4,2.4,248.3,1.6,5.0,114.0,1004.1,1004.1,2.7,5.1
2024-07-02 11:35:00+02:00,15.1,15.1,15.6,13.8,92.0,20.2,83.0,91.1,0.0,0.0,0.5,0.0,0.0,20.4,2.4,248.3,3.2,10.1,118.0,1004.1,1004.1,2.7,5.1
2024-07-02 11:40:00+02:00,15.2,15.2,16.1,14.0,93.0,20.2,83.0,151.6,1.0,0.0,0.5,0.0,0.0,20.4,2.4,248.3,1.6,6.1,224.0,1004.1,1004.1,2.7,5.1
2024-07-02 11:45:00+02:00,15.5,15.5,16.5,14.4,93.0,20.2,83.0,221.0,2.0,0.0,0.5,0.0,0.0,20.4,2.4,248.3,1.9,5.8,161.0,1004.0,1004.0,2.7,5.1
2024-07-02 11:50:00+02:00,15.6,15.6,16.6,14.4,92.0,20.3,83.0,173.0,1.0,0.0,0.5,0.0,0.0,20.4,2.4,248.3,2.2,6.1,80.0,1004.0,1004.0,2.7,5.1
2024-07-02 11:55:00+02:00,15.5,15.5,15.8,14.2,92.0,20.3,83.0,84.4,0.0,0.0,0.5,0.0,0.0,20.4,2.4,248.3,5.4,9.4,87.0,1004.0,1004.0,2.7,5.2
2024-07-02 12:00:00+02:00,15.4,15.4,16.5,14.2,92.0,20.3,83.0,84.0,0.0,0.0,0.5,0.0,0.0,20.4,2.4,248.3,1.2,6.8,40.0,1004.0,1004.0,2.7,5.2
2024-07-02 12:05:00+02:00,15.3,15.3,15.9,14.1,93.0,20.3,83.0,83.3,0.0,0.6,0.6,0.1,0.1,20.5,2.5,248.4,3.5,7.2,125.0,1004.1,1004.1,2.7,5.2
2024-07-02 12:10:00+02:00,15.2,15.2,16.3,14.2,93.0,20.4,83.0,116.3,1.0,0.6,0.6,0.1,0.1,20.5,2.5,248.4,1.4,4.0,141.0,1004.0,1004.0,2.7,5.2
2024-07-02 12:15:00+02:00,15.3,15.3,16.2,14.4,94.0,20.4,83.0,167.6,1.0,0.6,0.6,0.1,0.1,20.5,2.5,248.4,2.7,5.8,132.0,1003.9,1003.9,2.7,5.2
2024-07-02 12:20:00+02:00,15.3,15.3,16.3,14.4,94.0,20.4,83.0,214.7,1.0,0.0,0.6,0.1,0.1,20.5,2.5,248.4,2.1,7.9,135.0,1004.1,1004.1,2.7,5.2
2024-07-02 12:25:00+02:00,15.5,15.5,16.7,14.6,94.0,20.5,83.0,235.7,2.0,0.0,0.6,0.1,0.1,20.5,2.5,248.4,1.4,4.0,159.0,1004.0,1004.0,2.7,5.2
2024-07-02 12:30:00+02:00,15.9,15.9,17.2,14.9,94.0,20.5,83.0,379.1,3.0,0.0,0.6,0.1,0.1,20.5,2.5,248.4,1.3,7.9,144.0,1004.0,1004.0,2.7,5.2
2024-07-02 12:35:00+02:00,16.3,16.3,17.5,15.1,92.0,20.6,83.0,378.0,3.0,0.0,0.6,0.1,0.1,20.5,2.5,248.4,2.3,9.7,256.0,1003.9,1003.9,2.7,5.2
2024-07-02 12:40:00+02:00,16.4,16.4,17.7,14.8,90.0,20.7,84.0,277.3,2.0,0.0,0.6,0.1,0.1,20.5,2.5,248.4,1.5,7.6,275.0,1003.9,1003.9,2.7,5.2
2024-07-02 12:45:00+02:00,16.6,16.6,17.9,14.8,89.0,20.7,84.0,126.6,1.0,0.0,0.6,0.1,0.1,20.5,2.5,248.4,1.1,5.4,153.0,1003.8,1003.8,2.7,5.2
2024-07-02 12:50:00+02:00,16.6,16.6,18.0,15.0,90.0,20.8,84.0,160.2,1.0,0.0,0.6,0.1,0.1,20.5,2.5,248.4,1.5,6.1,189.0,1003.9,1003.9,2.7,5.2
2024-07-02 12:55:00+02:00,16.5,16.5,17.7,15.1,91.0,20.8,84.0,84.4,0.0,0.0,0.6,0.1,0.1,20.5,2.5,248.4,2.3,4.7,93.0,1003.8,1003.8,2.7,5.2
2024-07-02 13:00:00+02:00,16.1,16.1,17.1,14.7,91.0,20.9,84.0,212.5,1.0,0.0,0.6,0.1,0.1,20.5,2.5,248.4,2.5,7.9,145.0,1004.0,1004.0,2.7,5.2
2024-07-02 13:05:00+02:00,16.1,16.1,17.1,14.7,91.0,20.9,84.0,172.7,1.0,0.0,0.6,0.1,0.0,20.5,2.5,248.4,2.4,5.8,129.0,1003.9,1003.9,2.7,5.2
2024-07-02 13:10:00+02:00,16.0,16.0,17.0,14.6,91.0,21.0,84.0,80.0,0.0,0.0,0.6,0.1,0.0,20.5,2.5,248.4,2.4,5.8,122.0,1003.9,1003.9,2.7,5.2
2024-07-02 13:15:00+02:00,15.8,15.8,17.0,14.4,91.0,21.0,84.0,157.5,1.0,0.0,0.6,0.1,0.0,20.5,2.5,248.4,1.2,4.3,168.0,1004.0,1004.0,2.7,5.2
2024-07-02 13:20:00+02:00,16.0,16.0,17.1,14.7,92.0,21.1,84.0,164.2,1.0,0.0,0.6,0.1,0.0,20.5,2.5,248.4,1.6,4.0,102.0,1003.8,1003.8,2.7,5.2
2024-07-02 13:25:00+02:00,16.1,16.1,17.6,14.9,93.0,21.1,84.0,82.9,0.0,0.0,0.6,0.1,0.0,20.5,2.5,248.4,0.5,3.2,18.0,1004.0,1004.0,2.7,5.2
2024-07-02 13:30:00+02:00,15.9,15.9,17.3,14.8,93.0,21.1,84.0,92.9,0.0,0.0,0.6,0.1,0.0,20.5,2.5,248.4,0.9,5.0,226.0,1003.9,1003.9,2.7,5.2
2024-07-02 13:35:00+02:00,15.8,15.8,17.1,14.6,93.0,21.2,84.0,99.8,0.0,0.0,0.6,0.1,0.0,20.5,2.5,248.4,1.2,7.2,115.0,1004.1,1004.1,2.7,5.2
2024-07-02 13:40:00+02:00,15.9,15.9,17.3,14.8,93.0,21.2,84.0,202.4,1.0,0.0,0.6,0.1,0.0,20.5,2.5,248.4,0.7,3.6,86.0,1004.0,1004.0,2.7,5.2
2024-07-02 13:45:00+02:00,16.0,16.0,17.4,14.9,93.0,21.2,84.0,180.3,1.0,0.0,0.6,0.1,0.0,20.5,2.5,248.4,0.9,6.8,129.0,1004.0,1004.0,2.7,5.2
2024-07-02 13:50:00+02:00,16.2,16.2,17.7,15.3,94.0,21.3,84.0,171.4,1.0,0.0,0.6,0.1,0.0,20.5,2.5,248.4,1.2,3.6,215.0,1003.8,1003.8,2.7,5.2
2024-07-02 13:55:00+02:00,16.3,16.3,17.4,15.0,92.0,21.3,84.0,171.1,1.0,0.0,0.6,0.1,0.0,20.5,2.5,248.4,3.0,6.8,120.0,1003.9,1003.9,2.7,5.2
2024-07-02 14:00:00+02:00,16.4,16.4,17.7,15.0,91.0,21.3,84.0,163.3,1.0,0.0,0.6,0.0,0.0,20.5,2.5,248.4,1.3,6.8,140.0,1003.9,1003.9,2.7,5.2
2024-07-02 14:05:00+02:00,16.6,16.6,18.1,15.1,91.0,21.4,84.0,144.5,1.0,0.0,0.6,0.0,0.0,20.5,2.5,248.4,1.1,5.4,193.0,1003.9,1003.9,2.7,5.2
2024-07-02 14:10:00+02:00,16.6,16.6,17.9,15.1,91.0,21.4,84.0,253.8,2.0,0.0,0.6,0.0,0.0,20.5,2.5,248.4,1.3,6.5,164.0,1003.8,1003.8,2.7,5.2
2024-07-02 14:15:00+02:00,16.5,16.5,17.4,15.0,91.0,21.4,84.0,139.2,1.0,0.6,0.7,0.1,0.1,20.6,2.6,248.5,3.5,9.0,270.0,1003.9,1003.9,2.7,5.2
2024-07-02 14:20:00+02:00,16.0,16.0,16.1,14.7,92.0,21.5,84.0,151.1,1.0,1.2,0.8,0.2,0.2,20.7,2.7,248.6,7.1,14.4,291.0,1004.0,1004.0,2.7,5.2
2024-07-02 14:25:00+02:00,15.3,15.3,15.3,14.1,92.0,21.5,84.0,164.2,1.0,1.2,0.8,0.2,0.2,20.7,2.7,248.6,6.9,19.4,277.0,1004.0,1004.0,2.7,5.2
2024-07-02 14:30:00+02:00,15.2,15.2,15.1,14.1,93.0,21.5,84.0,159.4,1.0,0.0,0.8,0.2,0.2,20.7,2.7,248.6,7.1,19.4,271.0,1004.2,1004.2,2.7,5.2
2024-07-02 14:35:00+02:00,15.2,15.2,15.5,14.1,93.0,21.5,84.0,172.2,1.0,0.0,0.8,0.2,0.2,20.7,2.7,248.6,4.9,13.7,274.0,1004.0,1004.0,2.7,5.2
2024-07-02 14:40:00+02:00,15.1,15.1,15.5,14.2,94.0,21.6,84.0,139.4,1.0,0.0,0.8,0.2,0.2,20.7,2.7,248.6,5.0,10.1,280.0,1004.0,1004.0,2.7,5.2
2024-07-02 14:45:00+02:00,15.1,15.1,15.2,14.1,94.0,21.6,84.0,233.1,2.0,0.0,0.8,0.2,0.2,20.7,2.7,248.6,6.0,10.4,274.0,1004.0,1004.0,2.7,5.2
2024-07-02 14:50:00+02:00,15.4,15.4,16.4,14.4,94.0,21.6,84.0,300.5,2.0,0.0,0.8,0.2,0.2,20.7,2.7,248.6,2.2,9.7,272.0,1004.0,1004.0,2.7,5.2
2024-07-02 14:55:00+02:00,15.5,15.5,15.8,14.2,92.0,21.7,84.0,333.9,3.0,0.0,0.8,0.2,0.2,20.7,2.7,248.6,5.3,11.9,288.0,1003.9,1003.9,2.7,5.2
2024-07-02 15:00:00+02:00,15.8,15.8,16.2,14.4,91.0,21.7,84.0,336.9,3.0,0.0,0.8,0.2,0.2,20.7,2.7,248.6,5.2,14.0,337.0,1004.0,1004.0,2.7,5.2
2024-07-02 15:05:00+02:00,15.8,15.8,15.9,14.0,89.0,21.8,84.0,410.6,3.0,0.0,0.8,0.2,0.2,20.7,2.7,248.6,5.8,17.6,265.0,1003.9,1003.9,2.7,5.2
2024-07-02 15:10:00+02:00,16.3,16.3,16.9,14.4,89.0,21.8,84.0,317.8,2.0,0.0,0.8,0.2,0.2,20.7,2.7,248.6,3.8,12.2,269.0,1003.9,1003.9,2.7,5.2
2024-07-02 15:15:00+02:00,16.7,16.7,16.8,14.5,87.0,21.9,84.0,310.6,2.0,0.0,0.8,0.2,0.0,20.7,2.7,248.6,6.8,17.6,272.0,1003.8,1003.8,2.7,5.2
2024-07-02 15:20:00+02:00,16.8,16.8,17.7,14.6,87.0,21.9,84.0,274.0,2.0,0.0,0.8,0.2,0.0,20.7,2.7,248.6,2.7,17.6,288.0,1003.8,1003.8,2.7,5.2
2024-07-02 15:25:00+02:00,17.1,17.1,17.6,14.7,86.0,22.0,84.0,283.9,2.0,0.0,0.8,0.2,0.0,20.7,2.7,248.6,5.1,12.6,286.0,1003.9,1003.9,2.7,5.2
2024-07-02 15:30:00+02:00,17.3,17.3,17.9,14.5,84.0,22.1,84.0,279.2,2.0,0.0,0.8,0.2,0.0,20.7,2.7,248.6,4.3,14.8,259.0,1003.8,1003.8,2.7,5.2
2024-07-02 15:35:00+02:00,17.3,17.3,17.8,14.5,83.0,22.1,84.0,211.8,1.0,0.0,0.8,0.2,0.0,20.7,2.7,248.6,5.1,12.2,281.0,1003.8,1003.8,2.7,5.2
2024-07-02 15:40:00+02:00,17.1,17.1,17.4,14.2,83.0,22.2,84.0,121.1,1.0,0.0,0.8,0.2,0.0,20.7,2.7,248.6,5.5,15.8,291.0,1003.9,1003.9,2.7,5.2
2024-07-02 15:45:00+02:00,16.9,16.9,17.1,14.1,84.0,22.2,84.0,95.3,0.0,0.0,0.8,0.2,0.0,20.7,2.7,248.6,5.5,12.2,263.0,1003.8,1003.8,2.7,5.2
2024-07-02 15:50:00+02:00,16.5,16.5,16.3,14.1,86.0,22.3,84.0,100.7,0.0,0.0,0.8,0.2,0.0,20.7,2.7,248.6,7.9,13.0,308.0,1003.8,1003.8,2.7,5.2
2024-07-02 15:55:00+02:00,16.1,16.1,15.9,13.8,86.0,22.3,84.0,126.4,1.0,0.0,0.8,0.2,0.0,20.7,2.7,248.6,7.1,16.9,311.0,1004.0,1004.0,2.7,5.2
2024-07-02 16:00:00+02:00,16.1,16.1,16.3,13.8,86.0,22.3,84.0,225.9,2.0,0.0,0.8,0.0,0.0,20.7,2.7,248.6,5.2,10.1,308.0,1004.0,1004.0,2.7,5.2
2024-07-02 16:05:00+02:00,16.4,16.4,16.6,13.8,85.0,22.3,84.0,210.1,1.0,0.0,0.8,0.0,0.0,20.7,2.7,248.6,5.4,10.4,264.0,1004.0,1004.0,2.7,5.2
2024-07-02 16:10:00+02:00,16.2,16.2,15.6,13.6,84.0,22.3,84.0,45.8,0.0,0.0,0.8,0.0,0.0,20.7,2.7,248.6,9.1,18.4,281.0,1004.0,1004.0,2.7,5.2
2024-07-02 16:15:00+02:00,15.8,15.8,15.7,13.6,87.0,22.4,84.0,75.8,0.0,0.0,0.8,0.0,0.0,20.7,2.7,248.6,6.1,13.7,293.0,1003.9,1003.9,2.7,5.2
2024-07-02 16:20:00+02:00,15.6,15.6,16.1,13.8,89.0,22.4,83.0,119.5,1.0,0.0,0.8,0.0,0.0,20.7,2.7,248.6,3.3,10.8,274.0,1004.0,1004.0,2.7,5.2
2024-07-02 16:25:00+02:00,15.7,15.7,16.0,13.9,89.0,22.4,83.0,118.2,1.0,0.0,0.8,0.0,0.0,20.7,2.7,248.6,4.4,7.9,267.0,1004.0,1004.0,2.7,5.2
2024-07-02 16:30:00+02:00,15.7,15.7,16.2,13.7,88.0,22.3,83.0,141.2,1.0,0.0,0.8,0.0,0.0,20.7,2.7,248.6,3.6,7.9,191.0,1003.9,1003.9,2.7,5.2
2024-07-02 16:35:00+02:00,16.0,16.0,16.5,13.8,87.0,22.3,83.0,145.6,1.0,0.0,0.8,0.0,0.0,20.7,2.7,248.6,3.5,8.3,266.0,1004.0,1004.0,2.7,5.2
2024-07-02 16:40:00+02:00,16.0,16.0,16.4,13.7,86.0,22.3,83.0,172.4,1.0,0.0,0.8,0.0,0.0,20.7,2.7,248.6,4.0,8.3,291.0,1003.9,1003.9,2.7,5.2
2024-07-02 16:45:00+02:00,16.2,16.2,16.2,13.7,85.0,22.3,83.0,236.3,2.0,0.0,0.8,0.0,0.0,20.7,2.7,248.6,5.5,16.2,277.0,1003.9,1003.9,2.7,5.2
2024-07-02 16:50:00+02:00,16.5,16.5,16.7,13.8,84.0,22.3,83.0,307.2,2.0,0.0,0.8,0.0,0.0,20.7,2.7,248.6,5.3,10.1,273.0,1003.9,1003.9,2.7,5.2
2024-07-02 16:55:00+02:00,16.7,16.7,16.1,13.7,83.0,22.4,83.0,311.0,2.0,0.0,0.8,0.0,0.0,20.7,2.7,248.6,9.1,17.3,285.0,1003.9,1003.9,2.7,5.2
2024-07-02 17:00:00+02:00,16.8,16.8,17.1,13.7,82.0,22.4,83.0,234.1,2.0,0.0,0.8,0.0,0.0,20.7,2.7,248.6,4.7,12.2,306.0,1003.8,1003.8,2.7,5.2
2024-07-02 17:05:00+02:00,17.0,17.0,17.0,13.9,82.0,22.4,83.0,189.2,1.0,0.0,0.8,0.0,0.0,20.7,2.7,248.6,6.2,15.1,274.0,1003.9,1003.9,2.7,5.2
2024-07-02 17:10:00+02:00,16.9,16.9,17.3,13.7,82.0,22.4,83.0,135.0,1.0,0.0,0.8,0.0,0.0,20.7,2.7,248.6,3.7,12.6,275.0,1003.8,1003.8,2.7,5.2
2024-07-02 17:15:00+02:00,17.0,17.0,17.6,13.8,81.0,22.4,84.0,133.7,1.0,0.0,0.8,0.0,0.0,20.7,2.7,248.6,2.9,10.1,260.0,1003.8,1003.8,2.7,5.2
2024-07-02 17:20:00+02:00,16.9,16.9,17.2,13.6,81.0,22.5,84.0,111.0,1.0,0.0,0.8,0.0,0.0,20.7,2.7,248.6,4.3,9.4,286.0,1003.8,1003.8,2.7,5.2
2024-07-02 17:25:00+02:00,16.9,16.9,17.3,13.7,81.0,22.5,84.0,257.4,2.0,0.0,0.8,0.0,0.0,20.7,2.7,248.6,3.9,10.4,259.0,1003.8,1003.8,2.7,5.2
2024-07-02 17:30:00+02:00,17.2,17.2,16.9,13.8,80.0,22.5,84.0,229.0,2.0,0.0,0.8,0.0,0.0,20.7,2.7,248.6,7.7,13.3,280.0,1003.8,1003.8,2.7,5.2
2024-07-02 17:35:00+02:00,16.8,16.8,16.1,13.3,80.0,22.5,84.0,132.0,1.0,0.0,0.8,0.0,0.0,20.7,2.7,248.6,9.1,17.6,277.0,1003.7,1003.7,2.7,5.2
2024-07-02 17:40:00+02:00,16.4,16.4,15.5,12.6,78.0,22.5,84.0,79.6,0.0,0.0,0.8,0.0,0.0,20.7,2.7,248.6,8.5,18.4,270.0,1003.7,1003.7,2.7,5.2
2024-07-02 17:45:00+02:00,16.2,16.2,15.9,12.5,79.0,22.5,83.0,85.1,0.0,0.0,0.8,0.0,0.0,20.7,2.7,248.6,5.9,18.0,269.0,1003.9,1003.9,2.7,5.2
2024-07-02 17:50:00+02:00,16.1,16.1,15.4,12.5,79.0,22.6,83.0,77.0,0.0,0.0,0.8,0.0,0.0,20.7,2.7,248.6,7.8,15.1,273.0,1003.7,1003.7,2.7,5.2
2024-07-02 17:55:00+02:00,16.0,16.0,15.3,12.4,79.0,22.5,83.0,100.2,0.0,0.0,0.8,0.0,0.0,20.7,2.7,248.6,7.6,15.8,288.0,1003.8,1003.8,2.7,5.2
2024-07-02 18:00:00+02:00,16.1,16.1,15.6,12.5,79.0,22.5,83.0,116.0,1.0,0.0,0.8,0.0,0.0,20.7,2.7,248.6,6.8,13.7,270.0,1003.9,1003.9,2.7,5.2
2024-07-02 18:05:00+02:00,16.3,16.3,16.1,12.5,78.0,22.5,83.0,144.9,1.0,0.0,0.8,0.0,0.0,20.7,2.7,248.6,4.9,8.3,270.0,1003.8,1003.8,2.7,5.2
2024-07-02 18:10:00+02:00,16.5,16.5,15.7,12.3,77.0,22.5,83.0,147.2,1.0,0.0,0.8,0.0,0.0,20.7,2.7,248.6,7.7,23.4,281.0,1003.8,1003.8,2.7,5.2
2024-07-02 18:15:00+02:00,16.5,16.5,16.4,12.3,76.0,22.5,83.0,125.9,1.0,0.0,0.8,0.0,0.0,20.7,2.7,248.6,4.5,23.4,287.0,1003.8,1003.8,2.7,5.2
2024-07-02 18:20:00+02:00,16.7,16.7,16.5,12.4,76.0,22.5,83.0,104.0,0.0,0.0,0.8,0.0,0.0,20.7,2.7,248.6,4.6,11.5,261.0,1003.9,1003.9,2.7,5.2
2024-07-02 18:25:00+02:00,16.5,16.5,15.9,12.1,75.0,22.5,83.0,78.1,0.0,0.0,0.8,0.0,0.0,20.7,2.7,248.6,6.6,18.4,287.0,1003.9,1003.9,2.7,5.2
2024-07-02 18:30:00+02:00,16.5,16.5,16.3,12.0,75.0,22.5,83.0,75.1,0.0,0.0,0.8,0.0,0.0,20.7,2.7,248.6,4.2,12.2,278.0,1003.9,1003.9,2.7,5.2
2024-07-02 18:35:00+02:00,16.4,16.4,15.8,12.0,75.0,22.5,83.0,74.3,0.0,0.0,0.8,0.0,0.0,20.7,2.7,248.6,6.6,13.0,296.0,1003.8,1003.8,2.7,5.2
2024-07-02 18:40:00+02:00,16.4,16.4,16.0,12.0,75.0,22.5,83.0,56.2,0.0,0.0,0.8,0.0,0.0,20.7,2.7,248.6,5.3,13.0,282.0,1003.9,1003.9,2.7,5.2
2024-07-02 18:45:00+02:00,16.4,16.4,16.4,12.1,76.0,22.5,83.0,59.0,0.0,0.0,0.8,0.0,0.0,20.7,2.7,248.6,3.1,9.0,283.0,1003.9,1003.9,2.7,5.2
2024-07-02 18:50:00+02:00,16.3,16.3,15.7,11.7,74.0,22.4,83.0,58.5,0.0,0.0,0.8,0.0,0.0,20.7,2.7,248.6,6.0,9.4,285.0,1003.8,1003.8,2.7,5.2
2024-07-02 18:55:00+02:00,16.3,16.3,15.7,11.5,73.0,22.4,83.0,62.8,0.0,0.0,0.8,0.0,0.0,20.7,2.7,248.6,5.8,9.7,280.0,1003.8,1003.8,2.7,5.2
2024-07-02 19:00:00+02:00,16.3,16.3,15.1,11.0,71.0,22.4,83.0,75.1,0.0,0.0,0.8,0.0,0.0,20.7,2.7,248.6,8.1,20.9,285.0,1003.8,1003.8,2.7,5.2
2024-07-02 19:05:00+02:00,16.3,16.3,15.6,10.6,69.0,22.4,83.0,89.8,0.0,0.0,0.8,0.0,0.0,20.7,2.7,248.6,5.2,13.0,263.0,1003.7,1003.7,2.7,5.2
2024-07-02 19:10:00+02:00,16.5,16.5,15.3,10.5,68.0,22.4,83.0,93.0,0.0,0.0,0.8,0.0,0.0,20.7,2.7,248.6,6.7,11.5,275.0,1003.7,1003.7,2.7,5.2
2024-07-02 19:15:00+02:00,16.5,16.5,15.3,10.4,67.0,22.4,83.0,99.2,0.0,0.0,0.8,0.0,0.0,20.7,2.7,248.6,6.9,12.2,278.0,1003.8,1003.8,2.7,5.2
2024-07-02 19:20:00+02:00,16.5,16.5,15.5,10.2,66.0,22.4,82.0,107.9,1.0,0.0,0.8,0.0,0.0,20.7,2.7,248.6,6.1,13.3,268.0,1003.7,1003.7,2.7,5.2
2024-07-02 19:25:00+02:00,16.6,16.6,15.6,10.3,66.0,22.3,82.0,108.4,1.0,0.0,0.8,0.0,0.0,20.7,2.7,248.6,5.8,11.5,286.0,1003.7,1003.7,2.7,5.2
2024-07-02 19:30:00+02:00,16.6,16.6,15.3,10.2,66.0,22.3,82.0,99.8,0.0,0.0,0.8,0.0,0.0,20.7,2.7,248.6,7.5,16.6,280.0,1003.8,1003.8,2.7,5.2
2024-07-02 19:35:00+02:00,16.6,16.6,15.5,10.5,67.0,22.3,83.0,86.7,0.0,0.0,0.8,0.0,0.0,20.7,2.7,248.6,6.2,15.1,283.0,1003.8,1003.8,2.7,5.2
2024-07-02 19:40:00+02:00,16.5,16.5,15.4,10.4,68.0,22.3,83.0,70.4,0.0,0.0,0.8,0.0,0.0,20.7,2.7,248.6,6.3,13.3,282.0,1003.8,1003.8,2.7,5.2
2024-07-02 19:45:00+02:00,16.3,16.3,15.6,10.7,69.0,22.3,83.0,65.2,0.0,0.0,0.8,0.0,0.0,20.7,2.7,248.6,4.9,10.4,317.0,1003.9,1003.9,2.7,5.2
2024-07-02 19:50:00+02:00,16.2,16.2,15.6,10.7,70.0,22.3,82.0,67.6,0.0,0.0,0.8,0.0,0.0,20.7,2.7,248.6,4.5,8.3,303.0,1003.8,1003.8,2.7,5.2
2024-07-02 19:55:00+02:00,16.3,16.3,15.3,10.8,70.0,22.2,82.0,79.8,0.0,0.0,0.8,0.0,0.0,20.7,2.7,248.6,6.3,14.0,289.0,1003.9,1003.9,2.7,5.2
2024-07-02 20:00:00+02:00,16.3,16.3,15.4,10.8,70.0,22.2,82.0,95.8,0.0,0.0,0.8,0.0,0.0,20.7,2.7,248.6,5.8,12.6,275.0,1003.8,1003.8,2.7,5.2
2024-07-02 20:05:00+02:00,16.4,16.4,15.0,10.7,69.0,22.2,82.0,92.7,0.0,0.0,0.8,0.0,0.0,20.7,2.7,248.6,8.3,15.1,283.0,1003.7,1003.7,2.7,5.2
2024-07-02 20:10:00+02:00,16.3,16.3,15.3,10.6,69.0,22.2,82.0,83.3,0.0,0.0,0.8,0.0,0.0,20.7,2.7,248.6,6.3,15.1,291.0,1003.9,1003.9,2.7,5.2
2024-07-02 20:15:00+02:00,16.3,16.3,15.4,10.6,69.0,22.2,82.0,64.2,0.0,0.0,0.8,0.0,0.0,20.7,2.7,248.6,5.6,9.0,274.0,1003.8,1003.8,2.7,5.2
2024-07-02 20:20:00+02:00,16.2,16.2,15.4,10.7,70.0,22.2,82.0,37.3,0.0,0.0,0.8,0.0,0.0,20.7,2.7,248.6,5.3,11.2,273.0,1004.0,1004.0,2.7,5.2
2024-07-02 20:25:00+02:00,16.0,16.0,15.2,10.6,70.0,22.1,82.0,47.0,0.0,0.0,0.8,0.0,0.0,20.7,2.7,248.6,5.0,9.7,289.0,1003.9,1003.9,2.7,5.2
2024-07-02 20:30:00+02:00,16.1,16.1,15.7,10.8,71.0,22.1,82.0,52.8,0.0,0.0,0.8,0.0,0.0,20.7,2.7,248.6,3.3,7.2,291.0,1003.9,1003.9,2.7,5.2
2024-07-02 20:35:00+02:00,16.1,16.1,15.8,10.8,71.0,22.1,82.0,47.4,0.0,0.0,0.8,0.0,0.0,20.7,2.7,248.6,3.0,8.6,272.0,1004.0,1004.0,2.7,5.2
2024-07-02 20:40:00+02:00,16.0,16.0,15.7,10.7,71.0,22.1,82.0,32.5,0.0,0.0,0.8,0.0,0.0,20.7,2.7,248.6,3.2,6.1,283.0,1003.9,1003.9,2.7,5.2
2024-07-02 20:45:00+02:00,16.0,16.0,15.8,10.8,72.0,22.0,82.0,30.5,0.0,0.0,0.8,0.0,0.0,20.7,2.7,248.6,2.4,5.8,289.0,1004.0,1004.0,2.7,5.2
2024-07-02 20:50:00+02:00,15.9,15.9,16.0,10.9,72.0,22.0,82.0,22.3,0.0,0.0,0.8,0.0,0.0,20.7,2.7,248.6,0.7,2.9,328.0,1004.0,1004.0,2.7,5.2
2024-07-02 20:55:00+02:00,15.8,15.8,15.5,10.8,72.0,22.0,82.0,13.7,0.0,0.0,0.8,0.0,0.0,20.7,2.7,248.6,2.9,6.5,292.0,1004.0,1004.0,2.7,5.2
2024-07-02 21:00:00+02:00,15.7,15.7,15.2,10.6,72.0,22.0,82.0,5.4,0.0,0.0,0.8,0.0,0.0,20.7,2.7,248.6,3.5,6.5,280.0,1004.0,1004.0,2.7,5.2
2024-07-02 21:05:00+02:00,15.7,15.7,15.0,10.6,72.0,22.0,82.0,2.4,0.0,0.0,0.8,0.0,0.0,20.7,2.7,248.6,4.7,7.2,291.0,1004.0,1004.0,2.7,5.2
2024-07-02 21:10:00+02:00,15.7,15.7,15.3,10.8,73.0,21.9,82.0,1.7,0.0,0.0,0.8,0.0,0.0,20.7,2.7,248.6,3.3,5.0,296.0,1004.1,1004.1,2.7,5.2
2024-07-02 21:15:00+02:00,15.6,15.6,14.8,10.6,72.0,21.9,82.0,2.4,0.0,0.0,0.8,0.0,0.0,20.7,2.7,248.6,5.0,9.0,288.0,1004.1,1004.1,2.7,5.2
2024-07-02 21:20:00+02:00,15.6,15.6,15.2,10.6,72.0,21.9,82.0,3.3,0.0,0.0,0.8,0.0,0.0,20.7,2.7,248.6,2.8,7.2,289.0,1004.1,1004.1,2.7,5.2
2024-07-02 21:25:00+02:00,15.5,15.5,15.0,10.6,72.0,21.8,82.0,4.0,0.0,0.0,0.8,0.0,0.0,20.7,2.7,248.6,3.7,7.2,305.0,1004.0,1004.0,2.7,5.2
2024-07-02 21:30:00+02:00,15.5,15.5,15.1,10.6,73.0,21.8,82.0,4.1,0.0,0.0,0.8,0.0,0.0,20.7,2.7,248.6,3.2,6.1,313.0,1004.0,1004.0,2.7,5.2
2024-07-02 21:35:00+02:00,15.5,15.5,14.6,10.4,72.0,21.8,82.0,3.5,0.0,0.0,0.8,0.0,0.0,20.7,2.7,248.6,5.4,9.0,279.0,1004.0,1004.0,2.7,5.2
2024-07-02 21:40:00+02:00,15.5,15.5,15.1,10.5,72.0,21.7,82.0,2.8,0.0,0.0,0.8,0.0,0.0,20.7,2.7,248.6,2.9,5.8,263.0,1004.0,1004.0,2.7,5.2
2024-07-02 21:45:00+02:00,15.4,15.4,14.8,10.6,73.0,21.7,82.0,1.9,0.0,0.0,0.8,0.0,0.0,20.7,2.7,248.6,4.0,7.2,295.0,1004.2,1004.2,2.7,5.2
2024-07-02 21:50:00+02:00,15.3,15.3,14.9,10.6,73.0,21.7,82.0,1.3,0.0,0.0,0.8,0.0,0.0,20.7,2.7,248.6,3.3,8.3,282.0,1004.2,1004.2,2.7,5.2
2024-07-02 21:55:00+02:00,15.3,15.3,14.8,10.5,73.0,21.6,82.0,0.9,0.0,0.0,0.8,0.0,0.0,20.7,2.7,248.6,3.4,14.4,291.0,1004.2,1004.2,2.7,5.2
2024-07-02 22:00:00+02:00,15.2,15.2,14.0,10.1,71.0,21.6,82.0,0.6,0.0,0.0,0.8,0.0,0.0,20.7,2.7,248.6,6.4,15.8,279.0,1004.3,1004.3,2.7,5.2
2024-07-02 22:05:00+02:00,15.2,15.2,14.7,10.1,72.0,21.6,82.0,0.3,0.0,0.0,0.8,0.0,0.0,20.7,2.7,248.6,2.7,7.2,277.0,1004.4,1004.4,2.7,5.2
2024-07-02 22:10:00+02:00,15.1,15.1,14.2,10.1,72.0,21.5,82.0,0.2,0.0,0.0,0.8,0.0,0.0,20.7,2.7,248.6,5.0,9.4,280.0,1004.3,1004.3,2.7,5.2
2024-07-02 22:15:00+02:00,15.1,15.1,14.4,10.2,72.0,21.5,82.0,0.1,0.0,0.0,0.8,0.0,0.0,20.7,2.7,248.6,4.1,9.0,284.0,1004.4,1004.4,2.7,5.1
2024-07-02 22:20:00+02:00,15.0,15.0,14.4,10.2,73.0,21.4,82.0,0.0,0.0,0.0,0.8,0.0,0.0,20.7,2.7,248.6,3.7,7.6,300.0,1004.4,1004.4,2.7,5.1
2024-07-02 22:25:00+02:00,14.9,14.9,14.3,10.2,73.0,21.4,82.0,0.0,0.0,0.0,0.8,0.0,0.0,20.7,2.7,248.6,3.6,6.8,281.0,1004.4,1004.4,2.7,5.1
2024-07-02 22:30:00+02:00,14.9,14.9,14.2,10.1,73.0,21.3,82.0,0.0,0.0,0.0,0.8,0.0,0.0,20.7,2.7,248.6,4.2,7.6,270.0,1004.4,1004.4,2.7,5.1
2024-07-02 22:35:00+02:00,14.9,14.9,14.4,10.2,74.0,21.3,82.0,0.0,0.0,0.0,0.8,0.0,0.0,20.7,2.7,248.6,3.2,7.6,267.0,1004.5,1004.5,2.7,5.1
2024-07-02 22:40:00+02:00,14.8,14.8,14.4,10.2,74.0,21.2,82.0,0.0,0.0,0.0,0.8,0.0,0.0,20.7,2.7,248.6,3.1,6.8,279.0,1004.5,1004.5,2.7,5.1
2024-07-02 22:45:00+02:00,14.8,14.8,14.3,10.3,74.0,21.2,82.0,0.0,0.0,0.0,0.8,0.0,0.0,20.7,2.7,248.6,3.1,7.9,250.0,1004.4,1004.4,2.7,5.1
2024-07-02 22:50:00+02:00,14.7,14.7,14.2,10.2,74.0,21.2,82.0,0.0,0.0,0.0,0.8,0.0,0.0,20.7,2.7,248.6,3.1,7.9,263.0,1004.5,1004.5,2.7,5.1
2024-07-02 22:55:00+02:00,14.6,14.6,14.1,10.1,74.0,21.1,82.0,0.0,0.0,0.0,0.8,0.0,0.0,20.7,2.7,248.6,3.2,6.8,293.0,1004.5,1004.5,2.7,5.1
2024-07-02 23:00:00+02:00,14.5,14.5,13.5,10.0,75.0,21.1,82.0,0.0,0.0,0.0,0.8,0.0,0.0,20.7,2.7,248.6,5.5,11.2,271.0,1004.4,1004.4,2.7,5.1
2024-07-02 23:05:00+02:00,14.4,14.4,13.7,10.0,75.0,21.0,82.0,0.0,0.0,0.0,0.8,0.0,0.0,20.7,2.7,248.6,3.7,8.6,263.0,1004.4,1004.4,2.7,5.1
2024-07-02 23:10:00+02:00,14.3,14.3,14.3,9.9,75.0,21.0,82.0,0.0,0.0,0.0,0.8,0.0,0.0,20.7,2.7,248.6,0.5,6.8,209.0,1004.4,1004.4,2.7,5.1
2024-07-02 23:15:00+02:00,14.3,14.3,13.8,10.0,76.0,21.0,82.0,0.0,0.0,0.0,0.8,0.0,0.0,20.7,2.7,248.6,3.0,6.1,278.0,1004.3,1004.3,2.7,5.1
2024-07-02 23:20:00+02:00,14.3,14.3,14.1,10.1,76.0,20.9,82.0,0.0,0.0,0.0,0.8,0.0,0.0,20.7,2.7,248.6,1.6,6.5,300.0,1004.4,1004.4,2.7,5.1
2024-07-02 23:25:00+02:00,14.3,14.3,14.1,10.1,76.0,20.8,82.0,0.0,0.0,0.0,0.8,0.0,0.0,20.7,2.7,248.6,1.5,5.8,327.0,1004.4,1004.4,2.7,5.1
2024-07-02 23:30:00+02:00,14.2,14.2,14.1,10.2,77.0,20.8,82.0,0.0,0.0,0.0,0.8,0.0,0.0,20.7,2.7,248.6,1.0,4.3,280.0,1004.4,1004.4,2.7,5.1
2024-07-02 23:35:00+02:00,14.2,14.2,14.1,10.3,77.0,20.7,82.0,0.0,0.0,0.0,0.8,0.0,0.0,20.7,2.7,248.6,1.0,3.2,257.0,1004.4,1004.4,2.7,5.1
2024-07-02 23:40:00+02:00,14.1,14.1,14.0,10.2,77.0,20.7,82.0,0.0,0.0,0.0,0.8,0.0,0.0,20.7,2.7,248.6,1.2,4.7,279.0,1004.4,1004.4,2.7,5.1
2024-07-02 23:45:00+02:00,14.1,14.1,14.0,10.2,78.0,20.7,82.0,0.0,0.0,0.0,0.8,0.0,0.0,20.7,2.7,248.6,0.8,2.5,106.0,1004.2,1004.2,2.7,5.1
2024-07-02 23:50:00+02:00,14.0,14.0,14.0,10.3,78.0,20.6,82.0,0.0,0.0,0.0,0.8,0.0,0.0,20.7,2.7,248.6,0.6,3.6,139.0,1004.4,1004.4,2.7,5.1
2024-07-02 23:55:00+02:00,13.9,13.9,14.0,10.2,78.0,20.6,82.0,0.0,0.0,0.0,0.8,0.0,0.0,20.7,2.7,248.6,0.4,2.2,117.0,1004.2,1004.2,2.7,5.1
2024-07-03 00:00:00+02:00,13.9,13.9,14.0,10.3,79.0,20.6,82.0,0.0,0.0,0.0,0.0,0.0,0.0,20.7,2.7,248.6,0.0,2.2,98.0,1004.2,1004.2,2.7,5.1
2024-07-03 00:05:00+02:00,13.9,13.9,13.9,10.3,79.0,20.5,82.0,0.0,0.0,0.0,0.0,0.0,0.0,20.7,2.7,248.6,0.4,4.3,69.0,1004.2,1004.2,2.7,5.0
2024-07-03 00:10:00+02:00,13.8,13.8,13.6,10.2,79.0,20.5,82.0,0.0,0.0,0.0,0.0,0.0,0.0,20.7,2.7,248.6,1.3,5.4,136.0,1004.1,1004.1,2.7,5.0
2024-07-03 00:15:00+02:00,13.8,13.8,13.9,10.0,78.0,20.5,82.0,0.0,0.0,0.0,0.0,0.0,0.0,20.7,2.7,248.6,0.0,1.8,135.0,1004.3,1004.3,2.7,5.0
2024-07-03 00:20:00+02:00,13.9,13.9,13.8,10.1,78.0,20.4,82.0,0.0,0.0,0.0,0.0,0.0,0.0,20.7,2.7,248.6,0.9,2.9,292.0,1004.0,1004.0,2.7,5.0
2024-07-03 00:25:00+02:00,13.9,13.9,13.7,10.2,79.0,20.4,82.0,0.0,0.0,0.0,0.0,0.0,0.0,20.7,2.7,248.6,1.5,6.8,290.0,1004.0,1004.0,2.7,5.0
2024-07-03 00:30:00+02:00,13.9,13.9,13.6,10.2,78.0,20.4,82.0,0.0,0.0,0.0,0.0,0.0,0.0,20.7,2.7,248.6,2.0,5.8,324.0,1004.0,1004.0,2.7,5.0
2024-07-03 00:35:00+02:00,13.8,13.8,13.7,10.3,79.0,20.3,82.0,0.0,0.0,0.0,0.0,0.0,0.0,20.7,2.7,248.6,1.1,4.3,287.0,1003.9,1003.9,2.7,5.0
2024-07-03 00:40:00+02:00,13.8,13.8,13.7,10.3,79.0,20.3,82.0,0.0,0.0,0.0,0.0,0.0,0.0,20.7,2.7,248.6,0.9,4.0,292.0,1004.0,1004.0,2.7,5.0
2024-07-03 00:45:00+02:00,13.8,13.8,13.7,10.3,80.0,20.2,82.0,0.0,0.0,0.0,0.0,0.0,0.0,20.7,2.7,248.6,0.9,4.7,94.0,1003.9,1003.9,2.7,5.0
2024-07-03 00:50:00+02:00,13.7,13.7,13.5,10.2,79.0,20.2,82.0,0.0,0.0,0.0,0.0,0.0,0.0,20.7,2.7,248.6,1.4,6.8,123.0,1003.7,1003.7,2.7,5.0
2024-07-03 00:55:00+02:00,13.6,13.6,13.5,10.1,79.0,20.2,82.0,0.0,0.0,0.0,0.0,0.0,0.0,20.7,2.7,248.6,0.9,2.5,123.0,1003.8,1003.8,2.7,5.0
2024-07-03 01:00:00+02:00,13.6,13.6,13.5,10.0,79.0,20.2,82.0,0.0,0.0,0.0,0.0,0.0,0.0,20.7,2.7,248.6,0.8,2.9,115.0,1003.7,1003.7,2.7,5.0
2024-07-03 01:05:00+02:00,13.5,13.5,13.5,10.2,81.0,20.1,82.0,0.0,0.0,0.0,0.0,0.0,0.0,20.7,2.7,248.6,0.5,2.9,140.0,1003.5,1003.5,2.7,5.0
2024-07-03 01:10:00+02:00,13.3,13.3,13.1,10.2,81.0,20.1,82.0,0.0,0.0,0.0,0.0,0.0,0.0,20.7,2.7,248.6,1.7,3.2,130.0,1003.6,1003.6,2.7,5.0
2024-07-03 01:15:00+02:00,13.2,13.2,13.0,10.0,81.0,20.1,82.0,0.0,0.0,0.0,0.0,0.0,0.0,20.7,2.7,248.6,0.9,3.2,110.0,1003.6,1003.6,2.7,5.0
2024-07-03 01:20:00+02:00,13.0,13.0,12.6,10.0,82.0,20.0,82.0,0.0,0.0,0.0,0.0,0.0,0.0,20.7,2.7,248.6,2.3,3.2,122.0,1003.5,1003.5,2.7,5.0
2024-07-03 01:25:00+02:00,13.0,13.0,12.5,10.1,83.0,20.0,82.0,0.0,0.0,0.0,0.0,0.0,0.0,20.7,2.7,248.6,2.6,4.0,115.0,1003.7,1003.7,2.7,5.0
2024-07-03 01:30:00+02:00,12.9,12.9,12.4,10.1,83.0,20.0,82.0,0.0,0.0,0.0,0.0,0.0,0.0,20.7,2.7,248.6,3.0,4.0,110.0,1003.6,1003.6,2.7,5.0
2024-07-03 01:35:00+02:00,12.9,12.9,12.6,10.3,84.0,19.9,82.0,0.0,0.0,0.0,0.0,0.0,0.0,20.7,2.7,248.6,2.3,4.0,107.0,1003.7,1003.7,2.7,5.0
2024-07-03 01:40:00+02:00,12.9,12.9,12.8,10.4,85.0,19.9,82.0,0.0,0.0,0.0,0.0,0.0,0.0,20.7,2.7,248.6,1.4,3.2,118.0,1003.6,1003.6,2.7,5.0
2024-07-03 01:45:00+02:00,12.9,12.9,12.7,10.3,84.0,19.8,82.0,0.0,0.0,0.0,0.0,0.0,0.0,20.7,2.7,248.6,1.5,3.6,138.0,1003.6,1003.6,2.7,5.0
2024-07-03 01:50:00+02:00,13.0,13.0,12.9,10.1,83.0,19.8,82.0,0.0,0.0,0.0,0.0,0.0,0.0,20.7,2.7,248.6,0.8,3.6,91.0,1003.6,1003.6,2.7,5.0
2024-07-03 01:55:00+02:00,13.1,13.1,13.0,10.2,83.0,19.8,82.0,0.0,0.0,0.0,0.0,0.0,0.0,20.7,2.7,248.6,1.1,4.0,127.0,1003.7,1003.7,2.7,4.9
2024-07-03 02:00:00+02:00,13.2,13.2,13.0,10.3,82.0,19.7,82.0,0.0,0.0,0.0,0.0,0.0,0.0,20.7,2.7,248.6,1.7,4.3,131.0,1003.7,1003.7,2.7,4.9
2024-07-03 02:05:00+02:00,13.2,13.2,13.1,10.2,82.0,19.7,82.0,0.0,0.0,0.0,0.0,0.0,0.0,20.7,2.7,248.6,0.7,2.5,183.0,1003.5,1003.5,2.7,4.9
2024-07-03 02:10:00+02:00,13.3,13.3,13.3,10.2,82.0,19.7,82.0,0.0,0.0,0.0,0.0,0.0,0.0,20.7,2.7,248.6,0.5,3.2,128.0,1003.7,1003.7,2.7,4.9
2024-07-03 02:15:00+02:00,13.3,13.3,13.0,10.3,82.0,19.7,82.0,0.0,0.0,0.0,0.0,0.0,0.0,20.7,2.7,248.6,2.1,4.7,142.0,1003.6,1003.6,2.7,4.9
2024-07-03 02:20:00+02:00,13.2,13.2,13.2,10.2,82.0,19.6,82.0,0.0,0.0,0.0,0.0,0.0,0.0,20.7,2.7,248.6,0.4,4.3,152.0,1003.6,1003.6,2.7,4.9
2024-07-03 02:25:00+02:00,13.2,13.2,13.0,10.2,82.0,19.6,82.0,0.0,0.0,0.0,0.0,0.0,0.0,20.7,2.7,248.6,1.7,3.2,130.0,1003.5,1003.5,2.7,4.9
2024-07-03 02:30:00+02:00,13.2,13.2,13.1,10.3,82.0,19.6,82.0,0.0,0.0,0.0,0.0,0.0,0.0,20.7,2.7,248.6,0.8,3.2,205.0,1003.4,1003.4,2.7,4.9
2024-07-03 02:35:00+02:00,13.2,13.2,13.1,10.3,83.0,19.6,82.0,0.0,0.0,0.0,0.0,0.0,0.0,20.7,2.7,248.6,0.9,2.9,146.0,1003.3,1003.3,2.7,4.9
2024-07-03 02:40:00+02:00,13.1,13.1,13.0,10.3,83.0,19.5,82.0,0.0,0.0,0.0,0.0,0.0,0.0,20.7,2.7,248.6,0.9,2.9,130.0,1003.4,1003.4,2.7,4.9
2024-07-03 02:45:00+02:00,13.1,13.1,13.3,10.4,84.0,19.5,82.0,0.0,0.0,0.0,0.0,0.0,0.0,20.7,2.7,248.6,0.0,2.5,111.0,1003.3,1003.3,2.7,4.9
2024-07-03 02:50:00+02:00,13.1,13.1,13.2,10.3,83.0,19.5,82.0,0.0,0.0,0.0,0.0,0.0,0.0,20.7,2.7,248.6,0.0,2.5,48.0,1003.2,1003.2,2.7,4.9
2024-07-03 02:55:00+02:00,13.1,13.1,13.2,10.2,83.0,19.5,82.0,0.0,0.0,0.0,0.0,0.0,0.0,20.7,2.7,248.6,0.0,2.9,225.0,1003.4,1003.4,2.7,4.9
2024-07-03 03:05:00+02:00,13.0,13.0,13.1,10.2,83.0,19.4,82.0,0.0,0.0,0.0,0.0,0.0,0.0,20.7,2.7,248.6,0.0,2.9,104.0,1003.2,1003.2,2.7,4.9
2024-07-03 03:10:00+02:00,13.0,13.0,12.8,10.1,83.0,19.4,82.0,0.0,0.0,0.0,0.0,0.0,0.0,20.7,2.7,248.6,1.3,4.3,144.0,1003.2,1003.2,2.7,4.9
2024-07-03 03:15:00+02:00,13.0,13.0,13.1,10.1,83.0,19.4,82.0,0.0,0.0,0.0,0.0,0.0,0.0,20.7,2.7,248.6,0.0,1.8,111.0,1003.2,1003.2,2.7,4.9
2024-07-03 03:20:00+02:00,12.9,12.9,12.8,10.1,83.0,19.3,82.0,0.0,0.0,0.0,0.0,0.0,0.0,20.7,2.7,248.6,1.2,2.5,125.0,1003.2,1003.2,2.7,4.9
2024-07-03 03:25:00+02:00,12.9,12.9,12.8,10.3,84.0,19.3,82.0,0.0,0.0,0.0,0.0,0.0,0.0,20.7,2.7,248.6,1.3,3.2,118.0,1003.1,1003.1,2.7,4.9
2024-07-03 03:30:00+02:00,13.0,13.0,12.9,10.4,84.0,19.3,82.0,0.0,0.0,0.0,0.0,0.0,0.0,20.7,2.7,248.6,1.3,4.0,110.0,1003.0,1003.0,2.7,4.9
2024-07-03 03:35:00+02:00,13.0,13.0,13.2,10.4,84.0,19.3,82.0,0.0,0.0,0.0,0.0,0.0,0.0,20.7,2.7,248.6,0.0,2.5,317.0,1003.0,1003.0,2.7,4.9
2024-07-03 03:40:00+02:00,13.0,13.0,13.2,10.4,84.0,19.3,82.0,0.0,0.0,0.0,0.0,0.0,0.0,20.7,2.7,248.6,0.0,2.2,325.0,1003.0,1003.0,2.7,4.9
2024-07-03 03:45:00+02:00,13.0,13.0,12.8,10.3,84.0,19.2,82.0,0.0,0.0,0.0,0.0,0.0,0.0,20.7,2.7,248.6,1.5,3.2,125.0,1003.1,1003.1,2.7,4.8
2024-07-03 03:50:00+02:00,12.8,12.8,12.8,10.2,84.0,19.2,82.0,0.0,0.0,0.0,0.0,0.0,0.0,20.7,2.7,248.6,0.8,3.6,125.0,1003.0,1003.0,2.7,4.8
2024-07-03 03:55:00+02:00,12.8,12.8,12.7,10.2,84.0,19.2,82.0,0.0,0.0,0.0,0.0,0.0,0.0,20.7,2.7,248.6,1.2,4.3,127.0,1003.0,1003.0,2.7,4.8
2024-07-03 04:00:00+02:00,12.9,12.9,12.8,10.1,83.0,19.2,82.0,0.0,0.0,0.0,0.0,0.0,0.0,20.7,2.7,248.6,0.7,3.6,178.0,1003.1,1003.1,2.7,4.8
2024-07-03 04:05:00+02:00,12.9,12.9,12.6,10.2,84.0,19.2,82.0,0.0,0.0,0.0,0.0,0.0,0.0,20.7,2.7,248.6,1.9,3.6,116.0,1003.0,1003.0,2.7,4.8
2024-07-03 04:10:00+02:00,12.9,12.9,12.8,10.1,83.0,19.1,82.0,0.0,0.0,0.0,0.0,0.0,0.0,20.7,2.7,248.6,0.7,3.6,135.0,1003.0,1003.0,2.7,4.8
2024-07-03 04:15:00+02:00,12.8,12.8,12.8,10.3,84.0,19.1,82.0,0.0,0.0,0.0,0.0,0.0,0.0,20.7,2.7,248.6,0.9,2.5,127.0,1002.9,1002.9,2.7,4.8
2024-07-03 04:20:00+02:00,12.8,12.8,12.8,10.2,84.0,19.1,82.0,0.0,0.0,0.0,0.0,0.0,0.0,20.7,2.7,248.6,0.7,2.5,94.0,1002.8,1002.8,2.7,4.8
2024-07-03 04:25:00+02:00,12.7,12.7,12.5,10.3,85.0,19.1,82.0,0.0,0.0,0.0,0.0,0.0,0.0,20.7,2.7,248.6,1.9,3.2,115.0,1002.9,1002.9,2.7,4.8
2024-07-03 04:30:00+02:00,12.7,12.7,12.5,10.5,86.0,19.1,82.0,0.0,0.0,0.0,0.0,0.0,0.0,20.7,2.7,248.6,1.7,4.0,120.0,1002.8,1002.8,2.7,4.8
2024-07-03 04:35:00+02:00,12.7,12.7,12.6,10.4,86.0,19.1,82.0,0.0,0.0,0.0,0.0,0.0,0.0,20.7,2.7,248.6,1.2,3.6,128.0,1002.8,1002.8,2.7,4.8
2024-07-03 04:40:00+02:00,12.7,12.7,12.7,10.3,85.0,19.0,82.0,0.0,0.0,0.0,0.0,0.0,0.0,20.7,2.7,248.6,0.4,2.2,137.0,1002.8,1002.8,2.7,4.8
2024-07-03 04:45:00+02:00,12.7,12.7,12.6,10.3,85.0,19.0,82.0,0.0,0.0,0.0,0.0,0.0,0.0,20.7,2.7,248.6,1.4,3.2,221.0,1002.8,1002.8,2.7,4.8
2024-07-03 04:50:00+02:00,12.7,12.7,12.4,10.1,84.0,19.0,82.0,0.0,0.0,0.0,0.0,0.0,0.0,20.7,2.7,248.6,1.9,5.0,220.0,1002.7,1002.7,2.7,4.8
2024-07-03 04:55:00+02:00,12.8,12.8,12.8,10.3,85.0,19.0,82.0,0.1,0.0,0.0,0.0,0.0,0.0,20.7,2.7,248.6,0.8,5.0,281.0,1002.8,1002.8,2.7,4.8
2024-07-03 05:00:00+02:00,12.8,12.8,12.6,10.2,84.0,18.9,82.0,0.2,0.0,0.0,0.0,0.0,0.0,20.7,2.7,248.6,1.7,5.0,300.0,1002.6,1002.6,2.7,4.8
2024-07-03 05:05:00+02:00,12.9,12.9,13.0,10.2,84.0,18.9,82.0,0.3,0.0,0.0,0.0,0.0,0.0,20.7,2.7,248.6,0.0,4.3,226.0,1002.6,1002.6,2.7,4.8
2024-07-03 05:10:00+02:00,12.8,12.8,12.8,10.2,84.0,18.9,82.0,0.6,0.0,0.0,0.0,0.0,0.0,20.7,2.7,248.6,0.4,2.2,66.0,1002.6,1002.6,2.7,4.8
2024-07-03 05:15:00+02:00,12.8,12.8,12.8,10.3,85.0,18.9,82.0,0.9,0.0,0.0,0.0,0.0,0.0,20.7,2.7,248.6,0.6,2.9,75.0,1002.6,1002.6,2.7,4.8
2024-07-03 05:20:00+02:00,12.7,12.7,12.9,10.3,85.0,18.9,82.0,1.6,0.0,0.0,0.0,0.0,0.0,20.7,2.7,248.6,0.0,2.5,160.0,1002.6,1002.6,2.7,4.8
2024-07-03 05:25:00+02:00,12.7,12.7,12.8,10.3,85.0,18.9,82.0,2.3,0.0,0.0,0.0,0.0,0.0,20.7,2.7,248.6,0.0,0.0,203.0,1002.6,1002.6,2.7,4.7
2024-07-03 05:30:00+02:00,12.7,12.7,12.8,10.4,85.0,18.8,82.0,2.9,0.0,0.0,0.0,0.0,0.0,20.7,2.7,248.6,0.5,3.6,279.0,1002.6,1002.6,2.7,4.7
2024-07-03 05:35:00+02:00,12.8,12.8,12.9,10.3,85.0,18.8,82.0,3.5,0.0,0.0,0.0,0.0,0.0,20.7,2.7,248.6,0.4,4.0,83.0,1002.6,1002.6,2.7,4.7
2024-07-03 05:40:00+02:00,12.7,12.7,12.6,10.3,85.0,18.8,82.0,4.5,0.0,0.0,0.0,0.0,0.0,20.7,2.7,248.6,1.3,3.2,322.0,1002.6,1002.6,2.7,4.7
2024-07-03 05:45:00+02:00,12.7,12.7,12.8,10.3,85.0,18.8,82.0,5.4,0.0,0.0,0.0,0.0,0.0,20.7,2.7,248.6,0.4,2.5,129.0,1002.7,1002.7,2.7,4.7
2024-07-03 05:50:00+02:00,12.7,12.7,12.5,10.3,85.0,18.8,82.0,6.2,0.0,0.0,0.0,0.0,0.0,20.7,2.7,248.6,1.7,4.3,120.0,1002.6,1002.6,2.7,4.7
2024-07-03 05:55:00+02:00,12.7,12.7,12.5,10.4,86.0,18.8,82.0,6.8,0.0,0.0,0.0,0.0,0.0,20.7,2.7,248.6,1.7,4.3,105.0,1002.7,1002.7,2.7,4.7
2024-07-03 06:00:00+02:00,12.7,12.7,12.7,10.4,86.0,18.7,82.0,7.8,0.0,0.0,0.0,0.0,0.0,20.7,2.7,248.6,0.9,2.9,104.0,1002.6,1002.6,2.7,4.7
2024-07-03 06:05:00+02:00,12.7,12.7,12.5,10.5,86.0,18.7,82.0,8.0,0.0,0.0,0.0,0.0,0.0,20.7,2.7,248.6,1.9,3.6,105.0,1002.6,1002.6,2.7,4.7
2024-07-03 06:10:00+02:00,12.7,12.7,12.8,10.5,87.0,18.7,82.0,9.9,0.0,0.0,0.0,0.0,0.0,20.7,2.7,248.6,0.4,3.2,95.0,1002.6,1002.6,2.7,4.7
2024-07-03 06:15:00+02:00,12.7,12.7,12.7,10.6,87.0,18.7,82.0,11.9,0.0,0.0,0.0,0.0,0.0,20.7,2.7,248.6,1.1,2.9,91.0,1002.5,1002.5,2.7,4.7
2024-07-03 06:20:00+02:00,12.7,12.7,12.7,10.5,86.0,18.7,82.0,14.4,0.0,0.0,0.0,0.0,0.0,20.7,2.7,248.6,1.1,5.4,146.0,1002.5,1002.5,2.7,4.7
2024-07-03 06:25:00+02:00,12.8,12.8,12.7,10.3,85.0,18.7,82.0,17.4,0.0,0.0,0.0,0.0,0.0,20.7,2.7,248.6,1.2,4.7,59.0,1002.5,1002.5,2.7,4.7
2024-07-03 06:30:00+02:00,12.8,12.8,12.9,10.4,85.0,18.7,82.0,20.1,0.0,0.0,0.0,0.0,0.0,20.7,2.7,248.6,0.4,2.2,125.0,1002.6,1002.6,2.7,4.7
2024-07-03 06:35:00+02:00,12.9,12.9,12.8,10.4,85.0,18.7,82.0,20.8,0.0,0.0,0.0,0.0,0.0,20.7,2.7,248.6,1.7,3.2,79.0,1002.5,1002.5,2.7,4.7
2024-07-03 06:40:00+02:00,12.9,12.9,12.7,10.4,85.0,18.7,82.0,23.0,0.0,0.0,0.0,0.0,0.0,20.7,2.7,248.6,1.6,4.3,128.0,1002.5,1002.5,2.7,4.7
2024-07-03 06:45:00+02:00,12.9,12.9,12.8,10.4,85.0,18.6,82.0,26.4,0.0,0.0,0.0,0.0,0.0,20.7,2.7,248.6,1.4,2.9,83.0,1002.4,1002.4,2.7,4.7
2024-07-03 06:50:00+02:00,13.0,13.0,12.9,10.4,84.0,18.6,82.0,29.8,0.0,0.0,0.0,0.0,0.0,20.7,2.7,248.6,1.4,4.0,110.0,1002.3,1002.3,2.7,4.7
2024-07-03 06:55:00+02:00,13.0,13.0,12.8,10.2,83.0,18.6,82.0,33.0,0.0,0.0,0.0,0.0,0.0,20.7,2.7,248.6,1.7,4.3,345.0,1002.3,1002.3,2.7,4.7
2024-07-03 07:00:00+02:00,13.1,13.1,13.0,10.3,83.0,18.6,83.0,34.9,0.0,0.0,0.0,0.0,0.0,20.7,2.7,248.6,1.1,2.9,152.0,1002.4,1002.4,2.7,4.7
2024-07-03 07:05:00+02:00,13.2,13.2,13.2,10.3,82.0,18.6,82.0,36.2,0.0,0.0,0.0,0.0,0.0,20.7,2.7,248.6,0.5,4.3,137.0,1002.3,1002.3,2.7,4.7
2024-07-03 07:10:00+02:00,13.3,13.3,13.3,10.3,82.0,18.6,83.0,36.7,0.0,0.0,0.0,0.0,0.0,20.7,2.7,248.6,0.8,4.7,69.0,1002.3,1002.3,2.7,4.7
2024-07-03 07:15:00+02:00,13.3,13.3,13.1,10.2,81.0,18.6,83.0,41.8,0.0,0.0,0.0,0.0,0.0,20.7,2.7,248.6,1.3,5.8,158.0,1002.4,1002.4,2.7,4.7
2024-07-03 07:20:00+02:00,13.4,13.4,13.3,10.3,82.0,18.6,83.0,41.9,0.0,0.0,0.0,0.0,0.0,20.7,2.7,248.6,1.1,3.6,64.0,1002.2,1002.2,2.7,4.7
2024-07-03 07:25:00+02:00,13.4,13.4,13.2,10.3,81.0,18.6,83.0,48.6,0.0,0.0,0.0,0.0,0.0,20.7,2.7,248.6,1.9,5.8,258.0,1002.3,1002.3,2.7,4.7
2024-07-03 07:30:00+02:00,13.5,13.5,13.3,10.3,81.0,18.6,83.0,63.0,0.0,0.0,0.0,0.0,0.0,20.7,2.7,248.6,1.7,4.3,263.0,1002.4,1002.4,2.7,4.7
2024-07-03 07:35:00+02:00,13.6,13.6,13.6,10.5,81.0,18.6,83.0,72.1,0.0,0.0,0.0,0.0,0.0,20.7,2.7,248.6,0.8,3.2,129.0,1002.3,1002.3,2.7,4.8
2024-07-03 07:40:00+02:00,13.7,13.7,13.3,10.7,82.0,18.7,83.0,74.2,0.0,0.0,0.0,0.0,0.0,20.7,2.7,248.6,3.5,6.1,109.0,1002.3,1002.3,2.7,4.8
2024-07-03 07:45:00+02:00,13.6,13.6,12.9,10.8,83.0,18.7,83.0,86.5,0.0,0.0,0.0,0.0,0.0,20.7,2.7,248.6,5.0,6.5,119.0,1002.3,1002.3,2.7,4.8
2024-07-03 07:50:00+02:00,13.6,13.6,13.0,10.8,83.0,18.7,83.0,87.8,0.0,0.0,0.0,0.0,0.0,20.7,2.7,248.6,4.6,6.8,123.0,1002.2,1002.2,2.7,4.8
2024-07-03 07:55:00+02:00,13.6,13.6,13.1,10.8,83.0,18.7,83.0,87.1,0.0,0.0,0.0,0.0,0.0,20.7,2.7,248.6,4.0,7.2,115.0,1002.0,1002.0,2.7,4.8
2024-07-03 08:00:00+02:00,13.6,13.6,12.8,10.6,82.0,18.7,83.0,94.5,0.0,0.0,0.0,0.0,0.0,20.7,2.7,248.6,5.5,8.3,120.0,1002.0,1002.0,2.7,4.8
2024-07-03 08:05:00+02:00,13.8,13.8,13.7,10.7,82.0,18.7,83.0,127.6,1.0,0.0,0.0,0.0,0.0,20.7,2.7,248.6,1.5,7.6,99.0,1002.0,1002.0,2.7,4.8
2024-07-03 08:10:00+02:00,14.2,14.2,13.9,10.6,79.0,18.8,83.0,126.0,1.0,0.0,0.0,0.0,0.0,20.7,2.7,248.6,2.4,4.3,94.0,1002.0,1002.0,2.7,4.8
2024-07-03 08:15:00+02:00,14.3,14.3,14.1,10.4,78.0,18.8,83.0,117.3,1.0,0.0,0.0,0.0,0.0,20.7,2.7,248.6,2.1,7.6,344.0,1001.9,1001.9,2.7,4.9
2024-07-03 08:20:00+02:00,14.4,14.4,14.3,10.4,77.0,18.9,83.0,119.6,1.0,0.0,0.0,0.0,0.0,20.7,2.7,248.6,1.7,5.8,236.0,1002.0,1002.0,2.7,4.9
2024-07-03 08:25:00+02:00,14.6,14.6,14.5,10.5,76.0,18.9,84.0,103.6,0.0,0.0,0.0,0.0,0.0,20.7,2.7,248.6,1.7,6.8,134.0,1002.0,1002.0,2.7,4.9
2024-07-03 08:30:00+02:00,14.4,14.4,13.8,10.6,78.0,19.0,84.0,91.6,0.0,0.0,0.0,0.0,0.0,20.7,2.7,248.6,4.2,7.2,114.0,1002.1,1002.1,2.7,4.9
2024-07-03 08:35:00+02:00,14.1,14.1,13.6,10.9,81.0,19.0,84.0,55.5,0.0,0.0,0.0,0.0,0.0,20.7,2.7,248.6,3.9,8.6,119.0,1002.0,1002.0,2.7,5.0
2024-07-03 08:40:00+02:00,13.9,13.9,13.4,11.0,82.0,19.1,84.0,35.8,0.0,0.0,0.0,0.0,0.0,20.7,2.7,248.6,4.6,7.9,118.0,1001.9,1001.9,2.7,5.0
2024-07-03 08:45:00+02:00,13.8,13.8,13.2,10.9,83.0,19.2,84.0,41.2,0.0,0.0,0.0,0.0,0.0,20.7,2.7,248.6,4.5,9.7,117.0,1002.0,1002.0,2.7,5.0
2024-07-03 08:50:00+02:00,13.9,13.9,14.0,10.7,81.0,19.2,84.0,74.1,0.0,0.0,0.0,0.0,0.0,20.7,2.7,248.6,1.1,5.8,181.0,1001.9,1001.9,2.7,5.0
2024-07-03 08:55:00+02:00,14.0,14.0,13.9,10.4,79.0,19.2,83.0,108.3,1.0,0.0,0.0,0.0,0.0,20.7,2.7,248.6,1.6,9.4,59.0,1001.9,1001.9,2.7,5.0
2024-07-03 09:00:00+02:00,14.3,14.3,14.0,10.4,77.0,19.2,83.0,128.5,1.0,0.0,0.0,0.0,0.0,20.7,2.7,248.6,2.5,5.0,115.0,1001.9,1001.9,2.7,5.0
2024-07-03 09:05:00+02:00,14.5,14.5,14.3,10.5,77.0,19.3,83.0,128.5,1.0,0.0,0.0,0.0,0.0,20.7,2.7,248.6,2.3,10.4,29.0,1001.8,1001.8,2.7,5.0
2024-07-03 09:10:00+02:00,14.3,14.3,13.5,10.3,77.0,19.3,83.0,111.6,1.0,0.0,0.0,0.0,0.0,20.7,2.7,248.6,4.7,11.5,284.0,1001.9,1001.9,2.7,5.0
2024-07-03 09:15:00+02:00,14.5,14.5,14.1,9.9,74.0,19.3,84.0,376.7,3.0,0.0,0.0,0.0,0.0,20.7,2.7,248.6,2.2,12.2,291.0,1001.7,1001.7,2.7,5.1
2024-07-03 09:20:00+02:00,15.4,15.4,14.7,10.3,72.0,19.4,84.0,424.9,3.0,0.0,0.0,0.0,0.0,20.7,2.7,248.6,4.1,6.8,115.0,1001.8,1001.8,2.7,5.1
2024-07-03 09:25:00+02:00,15.9,15.9,15.3,10.0,68.0,19.5,84.0,458.9,4.0,0.0,0.0,0.0,0.0,20.7,2.7,248.6,3.5,7.9,189.0,1001.7,1001.7,2.7,5.2
2024-07-03 09:30:00+02:00,16.4,16.4,15.9,10.1,67.0,19.7,84.0,469.5,4.0,0.0,0.0,0.0,0.0,20.7,2.7,248.6,2.8,6.5,109.0,1001.6,1001.6,2.7,5.2
2024-07-03 09:35:00+02:00,15.7,15.7,14.7,10.1,69.0,19.8,84.0,140.2,1.0,0.0,0.0,0.0,0.0,20.7,2.7,248.6,5.5,10.1,121.0,1001.6,1001.6,2.7,5.2
2024-07-03 09:40:00+02:00,15.5,15.5,14.8,10.0,70.0,20.0,84.0,278.3,2.0,0.0,0.0,0.0,0.0,20.7,2.7,248.6,3.9,6.1,125.0,1001.5,1001.5,2.7,5.2
2024-07-03 09:45:00+02:00,15.7,15.7,14.8,10.2,70.0,20.2,84.0,268.5,2.0,0.0,0.0,0.0,0.0,20.7,2.7,248.6,4.7,11.5,133.0,1001.7,1001.7,2.7,5.2
2024-07-03 09:50:00+02:00,15.9,15.9,15.6,10.1,68.0,20.2,84.0,300.2,2.0,0.0,0.0,0.0,0.0,20.7,2.7,248.6,1.9,5.4,121.0,1001.6,1001.6,2.7,5.2
2024-07-03 09:55:00+02:00,16.3,16.3,15.6,10.0,66.0,20.4,84.0,369.4,3.0,0.0,0.0,0.0,0.0,20.7,2.7,248.6,4.0,6.1,92.0,1001.4,1001.4,2.7,5.2
2024-07-03 10:00:00+02:00,16.8,16.8,16.0,9.7,63.0,20.5,84.0,541.6,5.0,0.0,0.0,0.0,0.0,20.7,2.7,248.6,4.2,10.1,166.0,1001.4,1001.4,2.7,5.2
2024-07-03 10:05:00+02:00,16.7,16.7,15.9,9.6,63.0,20.7,84.0,507.7,4.0,0.0,0.0,0.0,0.0,20.7,2.7,248.6,3.9,9.7,151.0,1001.5,1001.5,2.7,5.2
2024-07-03 10:10:00+02:00,16.9,16.9,16.1,9.5,62.0,20.8,84.0,358.6,3.0,0.0,0.0,0.0,0.0,20.7,2.7,248.6,3.5,7.6,289.0,1001.3,1001.3,2.7,5.2
2024-07-03 10:15:00+02:00,16.9,16.9,16.2,10.1,64.0,20.9,84.0,429.4,3.0,0.0,0.0,0.0,0.0,20.7,2.7,248.6,4.2,8.3,149.0,1001.4,1001.4,2.7,5.2
2024-07-03 10:20:00+02:00,16.1,16.1,14.8,10.1,67.0,21.0,84.0,336.1,3.0,0.0,0.0,0.0,0.0,20.7,2.7,248.6,7.1,14.0,127.0,1001.5,1001.5,2.7,5.2
2024-07-03 10:25:00+02:00,16.3,16.3,15.7,9.4,64.0,21.1,84.0,204.2,1.0,0.0,0.0,0.0,0.0,20.7,2.7,248.6,2.5,10.1,196.0,1001.4,1001.4,2.7,5.2
2024-07-03 10:30:00+02:00,16.6,16.6,16.0,9.6,64.0,21.2,84.0,199.5,1.0,0.0,0.0,0.0,0.0,20.7,2.7,248.6,2.5,9.4,55.0,1001.4,1001.4,2.7,5.2
2024-07-03 10:35:00+02:00,16.4,16.4,15.1,9.7,65.0,21.2,84.0,206.3,1.0,0.0,0.0,0.0,0.0,20.7,2.7,248.6,6.4,15.8,115.0,1001.2,1001.2,2.7,5.2
2024-07-03 10:40:00+02:00,15.9,15.9,15.0,9.8,67.0,21.3,84.0,173.0,1.0,0.0,0.0,0.0,0.0,20.7,2.7,248.6,4.8,12.6,138.0,1001.2,1001.2,2.7,5.2
2024-07-03 10:45:00+02:00,15.6,15.6,13.6,9.5,67.0,21.3,84.0,205.1,1.0,0.0,0.0,0.0,0.0,20.7,2.7,248.6,10.3,19.1,117.0,1001.2,1001.2,2.7,5.2
2024-07-03 10:50:00+02:00,15.7,15.7,14.2,9.5,67.0,21.4,84.0,241.6,2.0,0.0,0.0,0.0,0.0,20.7,2.7,248.6,6.8,15.5,139.0,1001.2,1001.2,2.7,5.2
2024-07-03 10:55:00+02:00,15.6,15.6,13.4,9.1,65.0,21.5,84.0,296.6,2.0,0.0,0.0,0.0,0.0,20.7,2.7,248.6,10.1,18.7,119.0,1001.2,1001.2,2.7,5.2
2024-07-03 11:00:00+02:00,15.9,15.9,14.5,9.2,65.0,21.5,84.0,313.3,2.0,0.0,0.0,0.0,0.0,20.7,2.7,248.6,6.0,18.7,116.0,1001.1,1001.1,2.7,5.2
2024-07-03 11:05:00+02:00,16.5,16.5,15.8,9.0,61.0,21.6,83.0,251.8,2.0,0.0,0.0,0.0,0.0,20.7,2.7,248.6,2.6,7.6,211.0,1001.2,1001.2,2.7,5.2
2024-07-03 11:10:00+02:00,16.7,16.7,15.9,9.1,61.0,21.7,83.0,230.2,2.0,0.0,0.0,0.0,0.0,20.7,2.7,248.6,3.4,11.9,133.0,1001.1,1001.1,2.7,5.2
2024-07-03 11:15:00+02:00,16.0,16.0,14.3,9.3,64.0,21.7,83.0,182.7,1.0,0.0,0.0,0.0,0.0,20.7,2.7,248.6,8.1,24.5,158.0,1001.1,1001.1,2.7,5.2
2024-07-03 11:20:00+02:00,15.9,15.9,14.7,9.0,64.0,21.8,83.0,151.8,1.0,0.0,0.0,0.0,0.0,20.7,2.7,248.6,4.8,10.1,110.0,1001.1,1001.1,2.7,5.2
2024-07-03 11:25:00+02:00,15.7,15.7,14.3,9.2,65.0,21.8,83.0,160.3,1.0,0.0,0.0,0.0,0.0,20.7,2.7,248.6,6.4,10.1,144.0,1001.0,1001.0,2.7,5.2
2024-07-03 11:30:00+02:00,15.9,15.9,15.0,9.1,64.0,21.8,83.0,157.1,1.0,0.0,0.0,0.0,0.0,20.7,2.7,248.6,3.6,8.6,184.0,1001.1,1001.1,2.7,5.2
2024-07-03 11:35:00+02:00,15.9,15.9,15.2,9.4,65.0,21.9,83.0,169.2,1.0,0.0,0.0,0.0,0.0,20.7,2.7,248.6,2.9,10.4,84.0,1000.9,1000.9,2.7,5.2
2024-07-03 11:40:00+02:00,16.0,16.0,15.6,9.6,66.0,21.9,83.0,188.5,1.0,0.0,0.0,0.0,0.0,20.7,2.7,248.6,2.0,8.6,343.0,1001.0,1001.0,2.7,5.2
2024-07-03 11:45:00+02:00,16.3,16.3,15.4,9.8,66.0,21.9,83.0,208.9,1.0,0.0,0.0,0.0,0.0,20.7,2.7,248.6,4.2,9.4,112.0,1000.9,1000.9,2.7,5.2
2024-07-03 11:50:00+02:00,16.2,16.2,15.7,9.6,65.0,22.0,83.0,205.1,1.0,0.0,0.0,0.0,0.0,20.7,2.7,248.6,2.3,9.4,149.0,1000.9,1000.9,2.7,5.2
2024-07-03 11:55:00+02:00,16.0,16.0,14.8,9.7,66.0,22.0,83.0,182.6,1.0,0.0,0.0,0.0,0.0,20.7,2.7,248.6,6.1,12.2,86.0,1000.8,1000.8,2.7,5.2
2024-07-03 12:00:00+02:00,15.8,15.8,14.9,9.6,67.0,22.1,82.0,207.5,1.0,0.0,0.0,0.0,0.0,20.7,2.7,248.6,4.6,11.5,131.0,1000.9,1000.9,2.7,5.2
2024-07-03 12:05:00+02:00,16.2,16.2,15.5,9.8,66.0,22.1,82.0,224.4,2.0,0.0,0.0,0.0,0.0,20.7,2.7,248.6,3.3,8.6,284.0,1000.9,1000.9,2.7,5.2
2024-07-03 12:10:00+02:00,16.2,16.2,15.4,10.0,67.0,22.1,82.0,215.3,2.0,0.0,0.0,0.0,0.0,20.7,2.7,248.6,4.0,12.2,152.0,1000.8,1000.8,2.7,5.2
2024-07-03 12:15:00+02:00,16.3,16.3,15.3,10.4,68.0,22.1,82.0,215.7,2.0,0.0,0.0,0.0,0.0,20.7,2.7,248.6,5.9,10.8,129.0,1000.8,1000.8,2.7,5.2
2024-07-03 12:20:00+02:00,16.3,16.3,15.6,10.2,67.0,22.2,82.0,183.6,1.0,0.0,0.0,0.0,0.0,20.7,2.7,248.6,4.1,11.5,97.0,1000.9,1000.9,2.7,5.2
2024-07-03 12:25:00+02:00,15.9,15.9,14.2,10.2,69.0,22.2,82.0,145.1,1.0,0.0,0.0,0.0,0.0,20.7,2.7,248.6,9.1,11.5,135.0,1000.8,1000.8,2.7,5.2
2024-07-03 12:30:00+02:00,15.7,15.7,15.2,10.1,69.0,22.2,82.0,125.6,1.0,0.0,0.0,0.0,0.0,20.7,2.7,248.6,3.3,9.7,71.0,1000.9,1000.9,2.7,5.2
2024-07-03 12:35:00+02:00,16.0,16.0,15.5,10.1,68.0,22.2,82.0,138.0,1.0,0.0,0.0,0.0,0.0,20.7,2.7,248.6,3.0,9.4,145.0,1000.9,1000.9,2.7,5.2
2024-07-03 12:45:00+02:00,15.9,15.9,15.0,10.5,70.0,22.3,82.0,185.5,1.0,0.0,0.0,0.0,0.0,20.7,2.7,248.6,5.3,9.7,130.0,1000.7,1000.7,2.7,5.2
2024-07-03 12:50:00+02:00,16.1,16.1,15.3,10.3,69.0,22.3,82.0,138.5,1.0,0.0,0.0,0.0,0.0,20.7,2.7,248.6,4.9,7.6,70.0,1000.8,1000.8,2.7,5.2
2024-07-03 12:55:00+02:00,16.0,16.0,15.9,10.9,72.0,22.3,82.0,84.6,0.0,0.6,0.1,0.1,0.1,20.8,2.8,248.7,2.2,7.9,144.0,1000.7,1000.7,2.7,5.2
2024-07-03 13:00:00+02:00,15.6,15.6,15.5,11.5,77.0,22.3,82.0,94.8,0.0,2.4,0.4,0.4,0.4,21.1,3.1,249.0,2.9,9.7,253.0,1000.6,1000.6,2.7,5.2
2024-07-03 13:05:00+02:00,14.8,14.8,14.7,11.8,82.0,22.3,82.0,210.1,1.0,2.4,0.4,0.4,0.4,21.1,3.1,249.0,3.4,6.8,339.0,1000.6,1000.6,2.7,5.2
2024-07-03 13:10:00+02:00,14.7,14.7,14.9,11.9,83.0,22.3,82.0,185.6,1.0,1.2,0.5,0.5,0.5,21.2,3.2,249.1,2.0,6.1,271.0,1000.5,1000.5,2.7,5.2
2024-07-03 13:15:00+02:00,14.7,14.7,15.2,11.8,83.0,22.3,82.0,99.5,0.0,0.6,0.5,0.5,0.5,21.2,3.2,249.1,0.4,5.8,235.0,1000.6,1000.6,2.7,5.2
2024-07-03 13:20:00+02:00,14.7,14.7,14.1,11.7,82.0,22.3,82.0,100.5,0.0,0.6,0.6,0.6,0.6,21.3,3.3,249.2,5.5,14.8,110.0,1000.7,1000.7,2.7,5.2
2024-07-03 13:25:00+02:00,14.4,14.4,14.1,11.6,83.0,22.3,81.0,120.8,1.0,0.6,0.6,0.6,0.6,21.3,3.3,249.2,4.4,14.8,110.0,1000.6,1000.6,2.7,5.2
2024-07-03 13:30:00+02:00,14.3,14.3,14.1,11.6,84.0,22.3,82.0,121.5,1.0,0.6,0.7,0.7,0.7,21.4,3.4,249.3,3.7,6.8,135.0,1000.7,1000.7,2.7,5.2
2024-07-03 13:35:00+02:00,14.0,14.0,13.7,11.4,84.0,22.3,81.0,98.0,0.0,1.2,0.8,0.8,0.8,21.5,3.5,249.4,4.0,10.8,94.0,1000.7,1000.7,2.7,5.2
2024-07-03 13:40:00+02:00,13.9,13.9,14.0,11.6,86.0,22.2,81.0,86.4,0.0,1.2,0.9,0.9,0.9,21.6,3.6,249.5,1.9,5.8,277.0,1000.7,1000.7,2.7,5.2
2024-07-03 13:45:00+02:00,13.9,13.9,13.9,12.0,88.0,22.2,81.0,90.3,0.0,2.4,1.2,1.2,1.2,21.9,3.9,249.8,3.2,5.8,131.0,1000.7,1000.7,2.7,5.2
2024-07-03 13:50:00+02:00,13.7,13.7,13.2,12.0,89.0,22.2,81.0,93.7,0.0,3.0,1.4,1.4,1.4,22.1,4.1,250.0,5.7,10.1,129.0,1000.6,1000.6,2.7,5.2
2024-07-03 13:55:00+02:00,13.5,13.5,13.2,12.0,90.0,22.1,81.0,107.1,0.0,3.6,1.8,1.8,1.7,22.5,4.5,250.4,4.5,9.0,125.0,1000.8,1000.8,2.7,5.2
2024-07-03 14:00:00+02:00,13.2,13.2,13.2,11.8,91.0,22.1,81.0,153.3,1.0,4.2,2.0,2.0,1.6,22.7,4.7,250.6,3.3,10.1,107.0,1000.9,1000.9,2.7,5.2
2024-07-03 14:05:00+02:00,13.3,13.3,12.9,11.9,91.0,22.0,80.0,154.0,1.0,3.6,2.2,2.2,1.8,22.9,4.9,250.8,5.1,9.4,131.0,1000.8,1000.8,2.7,5.2
2024-07-03 14:10:00+02:00,13.3,13.3,13.6,12.0,92.0,22.0,80.0,145.7,1.0,1.8,2.3,2.3,1.8,23.0,5.0,250.9,2.1,7.2,165.0,1000.8,1000.8,2.7,5.2
2024-07-03 14:15:00+02:00,13.5,13.5,13.9,12.3,92.0,21.9,80.0,148.9,1.0,1.8,2.4,2.4,1.9,23.1,5.1,251.0,1.4,5.8,162.0,1000.7,1000.7,2.7,5.2
2024-07-03 14:20:00+02:00,13.4,13.4,13.2,12.1,92.0,21.9,80.0,70.5,0.0,2.4,2.7,2.7,2.1,23.4,5.4,251.3,4.5,9.0,133.0,1000.8,1000.8,2.7,5.2
2024-07-03 14:25:00+02:00,13.3,13.3,12.8,12.0,92.0,21.8,80.0,76.7,0.0,3.0,2.9,2.9,2.3,23.6,5.6,251.5,5.2,11.2,109.0,1000.6,1000.6,2.7,5.2
2024-07-03 14:30:00+02:00,13.0,13.0,13.0,11.8,93.0,21.7,80.0,145.7,1.0,3.6,3.2,3.2,2.5,23.9,5.9,251.8,2.7,11.2,126.0,1000.8,1000.8,2.7,5.2
2024-07-03 14:35:00+02:00,13.2,13.2,13.2,12.0,93.0,21.7,80.0,195.1,1.0,3.0,3.3,3.3,2.5,24.0,6.0,251.9,3.0,7.2,120.0,1000.6,1000.6,2.7,5.2
2024-07-03 14:40:00+02:00,13.3,13.3,13.4,12.2,93.0,21.6,80.0,206.0,1.0,1.8,3.3,3.3,2.4,24.0,6.0,251.9,3.0,7.6,102.0,1000.7,1000.7,2.7,5.2
2024-07-03 14:45:00+02:00,13.4,13.4,13.2,12.2,93.0,21.5,80.0,207.7,1.0,0.6,3.4,3.4,2.2,24.1,6.1,252.0,4.8,11.5,115.0,1000.6,1000.6,2.7,5.2
2024-07-03 14:50:00+02:00,13.4,13.4,12.9,12.3,93.0,21.5,80.0,217.8,2.0,0.6,3.5,3.5,2.1,24.2,6.2,252.1,6.3,10.8,100.0,1000.6,1000.6,2.7,5.2
2024-07-03 14:55:00+02:00,13.4,13.4,13.6,12.2,92.0,21.4,81.0,219.7,2.0,0.6,3.5,3.5,1.6,24.2,6.2,252.1,2.8,10.4,111.0,1000.4,1000.4,2.7,5.2
2024-07-03 15:00:00+02:00,13.7,13.7,13.9,12.4,92.0,21.4,81.0,209.9,1.0,1.2,3.6,3.6,1.6,24.3,6.3,252.2,2.8,7.6,94.0,1000.5,1000.5,2.7,5.2
2024-07-03 15:05:00+02:00,13.9,13.9,14.0,12.6,92.0,21.3,81.0,210.1,1.0,1.2,3.7,3.7,1.5,24.4,6.4,252.3,3.7,6.1,124.0,1000.5,1000.5,2.7,5.2
2024-07-03 15:10:00+02:00,13.8,13.8,14.2,12.4,91.0,21.3,81.0,151.2,1.0,1.2,3.7,3.7,1.4,24.4,6.4,252.3,1.9,6.8,103.0,1000.3,1000.3,2.7,5.2
2024-07-03 15:15:00+02:00,13.9,13.9,14.1,12.5,91.0,21.3,81.0,203.7,1.0,1.2,3.8,3.8,1.4,24.5,6.5,252.4,3.0,14.4,138.0,1000.3,1000.3,2.7,5.2
2024-07-03 15:20:00+02:00,13.7,13.7,13.5,11.8,89.0,21.3,81.0,229.9,2.0,0.6,3.8,3.8,1.1,24.5,6.5,252.4,3.7,14.4,141.0,1000.3,1000.3,2.7,5.2
2024-07-03 15:25:00+02:00,13.7,13.7,13.5,11.7,88.0,21.3,81.0,244.1,2.0,0.6,3.8,3.8,0.8,24.5,6.5,252.4,3.3,9.0,131.0,1000.2,1000.2,2.7,5.2
2024-07-03 15:30:00+02:00,13.9,13.9,14.1,12.1,89.0,21.3,81.0,233.6,2.0,0.0,3.8,3.8,0.6,24.5,6.5,252.4,2.4,9.0,220.0,1000.2,1000.2,2.7,5.2
2024-07-03 15:35:00+02:00,14.2,14.2,14.3,12.1,87.0,21.3,81.0,227.9,2.0,0.0,3.8,3.8,0.5,24.5,6.5,252.4,2.3,6.1,172.0,1000.0,1000.0,2.7,5.2
2024-07-03 15:40:00+02:00,14.4,14.4,14.6,12.4,88.0,21.3,82.0,224.8,2.0,0.0,3.8,3.8,0.4,24.5,6.5,252.4,2.4,7.2,37.0,1000.0,1000.0,2.7,5.2
2024-07-03 15:45:00+02:00,14.2,14.2,14.1,11.8,85.0,21.4,82.0,229.8,2.0,0.0,3.8,3.8,0.4,24.5,6.5,252.4,3.9,11.9,131.0,999.9,999.9,2.7,5.2
2024-07-03 15:50:00+02:00,14.3,14.3,14.5,12.1,87.0,21.4,82.0,214.8,1.0,0.0,3.8,3.8,0.3,24.5,6.5,252.4,2.6,7.6,131.0,999.9,999.9,2.7,5.2
2024-07-03 15:55:00+02:00,14.2,14.2,13.8,11.9,86.0,21.4,82.0,199.4,1.0,0.0,3.8,3.8,0.3,24.5,6.5,252.4,5.0,9.7,122.0,999.7,999.7,2.7,5.2
2024-07-03 16:00:00+02:00,14.1,14.1,14.1,11.6,85.0,21.5,82.0,191.9,1.0,0.0,3.8,3.8,0.2,24.5,6.5,252.4,2.5,9.4,76.0,999.8,999.8,2.7,5.2
2024-07-03 16:05:00+02:00,14.2,14.2,13.7,11.8,85.0,21.5,82.0,182.3,1.0,0.0,3.8,3.8,0.1,24.5,6.5,252.4,5.5,18.7,117.0,999.8,999.8,2.7,5.2
2024-07-03 16:10:00+02:00,13.7,13.7,12.6,11.4,86.0,21.5,82.0,171.7,1.0,0.0,3.8,3.8,0.1,24.5,6.5,252.4,7.9,18.7,124.0,999.8,999.8,2.7,5.2
2024-07-03 16:15:00+02:00,13.6,13.6,12.8,11.5,87.0,21.5,82.0,180.3,1.0,0.0,3.8,3.8,0.0,24.5,6.5,252.4,6.3,19.1,110.0,999.8,999.8,2.7,5.2
2024-07-03 16:20:00+02:00,13.6,13.6,13.1,11.1,85.0,21.5,82.0,178.8,1.0,0.0,3.8,3.8,0.0,24.5,6.5,252.4,4.2,15.1,106.0,999.8,999.8,2.7,5.2
2024-07-03 16:25:00+02:00,13.8,13.8,13.5,11.5,86.0,21.5,82.0,166.1,1.0,0.0,3.8,3.8,0.0,24.5,6.5,252.4,3.7,7.9,145.0,999.7,999.7,2.7,5.2
2024-07-03 16:30:00+02:00,13.8,13.8,13.4,11.4,86.0,21.5,82.0,155.2,1.0,0.0,3.8,3.8,0.0,24.5,6.5,252.4,4.1,9.7,124.0,999.7,999.7,2.7,5.2
2024-07-03 16:35:00+02:00,13.7,13.7,13.5,11.3,85.0,21.5,82.0,137.2,1.0,0.0,3.8,3.8,0.0,24.5,6.5,252.4,3.5,7.2,127.0,999.7,999.7,2.7,5.2
2024-07-03 16:40:00+02:00,13.8,13.8,13.3,11.4,85.0,21.5,82.0,108.2,1.0,0.0,3.8,3.8,0.0,24.5,6.5,252.4,4.7,9.4,143.0,999.8,999.8,2.7,5.2
2024-07-03 16:45:00+02:00,13.7,13.7,13.2,11.4,86.0,21.5,82.0,78.9,0.0,0.0,3.8,3.8,0.0,24.5,6.5,252.4,4.5,10.1,132.0,999.7,999.7,2.7,5.2
2024-07-03 16:50:00+02:00,13.6,13.6,13.3,11.7,89.0,21.5,82.0,82.1,0.0,0.6,3.9,3.9,0.1,24.6,6.6,252.5,4.2,9.4,114.0,999.7,999.7,2.7,5.2
2024-07-03 16:55:00+02:00,13.5,13.5,13.4,11.6,88.0,21.5,82.0,77.0,0.0,0.6,3.9,3.9,0.1,24.6,6.6,252.5,3.2,7.9,126.0,999.7,999.7,2.7,5.2
2024-07-03 17:00:00+02:00,13.5,13.5,13.6,11.8,89.0,21.5,82.0,101.7,0.0,0.6,3.9,3.9,0.1,24.6,6.6,252.5,2.6,6.8,125.0,999.7,999.7,2.7,5.2
2024-07-03 17:05:00+02:00,13.7,13.7,13.7,11.9,89.0,21.5,82.0,159.9,1.0,0.6,4.0,4.0,0.2,24.7,6.7,252.6,2.7,5.8,138.0,999.6,999.6,2.7,5.2
2024-07-03 17:10:00+02:00,13.8,13.8,13.2,11.6,87.0,21.5,82.0,325.8,3.0,0.6,4.0,4.0,0.2,24.7,6.7,252.6,5.3,11.2,104.0,999.6,999.6,2.7,5.2
2024-07-03 17:15:00+02:00,14.3,14.3,14.2,12.0,86.0,21.5,82.0,283.3,2.0,0.6,4.0,4.0,0.2,24.7,6.7,252.6,3.7,8.3,152.0,999.5,999.5,2.7,5.2
2024-07-03 17:20:00+02:00,14.8,14.8,14.6,12.3,85.0,21.5,82.0,364.6,3.0,0.0,4.0,4.0,0.2,24.7,6.7,252.6,4.8,10.1,136.0,999.4,999.4,2.7,5.2
2024-07-03 17:25:00+02:00,14.9,14.9,15.0,12.0,83.0,21.5,82.0,110.5,1.0,0.0,4.0,4.0,0.2,24.7,6.7,252.6,2.7,10.1,187.0,999.3,999.3,2.7,5.2
2024-07-03 17:30:00+02:00,14.7,14.7,14.3,11.8,83.0,21.5,82.0,56.0,0.0,0.0,4.0,4.0,0.2,24.7,6.7,252.6,5.0,11.9,111.0,999.5,999.5,2.7,5.2
2024-07-03 17:35:00+02:00,14.1,14.1,13.4,11.9,86.0,21.5,82.0,72.8,0.0,0.0,4.0,4.0,0.2,24.7,6.7,252.6,6.4,11.9,119.0,999.3,999.3,2.7,5.2
2024-07-03 17:40:00+02:00,13.6,13.6,12.5,11.8,89.0,21.5,82.0,104.3,0.0,0.0,4.0,4.0,0.2,24.7,6.7,252.6,8.7,15.1,124.0,999.4,999.4,2.7,5.2
2024-07-03 17:45:00+02:00,13.5,13.5,12.5,11.9,90.0,21.5,82.0,210.0,1.0,0.0,4.0,4.0,0.2,24.7,6.7,252.6,8.1,14.8,118.0,999.3,999.3,2.7,5.2
2024-07-03 17:50:00+02:00,13.4,13.4,12.8,11.8,90.0,21.5,82.0,128.3,1.0,0.0,4.0,4.0,0.1,24.7,6.7,252.6,6.1,10.8,117.0,999.3,999.3,2.7,5.2
2024-07-03 17:55:00+02:00,13.4,13.4,12.8,11.9,90.0,21.4,81.0,94.4,0.0,0.0,4.0,4.0,0.1,24.7,6.7,252.6,6.0,13.7,112.0,999.3,999.3,2.7,5.2
2024-07-03 18:00:00+02:00,13.5,13.5,13.5,12.1,91.0,21.4,81.0,263.5,2.0,0.0,4.0,4.0,0.1,24.7,6.7,252.6,3.6,8.3,117.0,999.4,999.4,2.7,5.2
2024-07-03 18:05:00+02:00,14.1,14.1,13.7,12.3,89.0,21.4,81.0,424.1,3.0,0.0,4.0,4.0,0.0,24.7,6.7,252.6,5.8,12.2,121.0,999.4,999.4,2.7,5.2
2024-07-03 18:10:00+02:00,14.3,14.3,13.7,12.4,88.0,21.4,81.0,314.2,2.0,0.0,4.0,4.0,0.0,24.7,6.7,252.6,7.1,12.6,113.0,999.3,999.3,2.7,5.2
2024-07-03 18:15:00+02:00,14.3,14.3,14.0,12.5,89.0,21.3,81.0,100.5,0.0,0.0,4.0,4.0,0.0,24.7,6.7,252.6,5.5,12.6,111.0,999.3,999.3,2.7,5.2
2024-07-03 18:20:00+02:00,14.3,14.3,13.9,12.5,89.0,21.3,81.0,109.2,1.0,0.0,4.0,4.0,0.0,24.7,6.7,252.6,6.0,10.1,121.0,999.2,999.2,2.7,5.2
2024-07-03 18:25:00+02:00,14.2,14.2,13.8,12.4,89.0,21.3,81.0,122.1,1.0,0.0,4.0,4.0,0.0,24.7,6.7,252.6,6.3,10.8,118.0,999.2,999.2,2.7,5.2
2024-07-03 18:30:00+02:00,14.2,14.2,13.8,12.4,89.0,21.3,81.0,121.6,1.0,0.0,4.0,4.0,0.0,24.7,6.7,252.6,5.8,10.8,105.0,999.3,999.3,2.7,5.2
2024-07-03 18:35:00+02:00,14.2,14.2,13.9,12.2,88.0,21.3,81.0,61.7,0.0,0.0,4.0,4.0,0.0,24.7,6.7,252.6,4.6,9.7,119.0,999.2,999.2,2.7,5.2
2024-07-03 18:40:00+02:00,14.1,14.1,13.9,12.3,89.0,21.3,81.0,60.8,0.0,0.0,4.0,4.0,0.0,24.7,6.7,252.6,4.5,9.7,121.0,999.3,999.3,2.7,5.2
2024-07-03 18:45:00+02:00,14.1,14.1,13.9,12.2,88.0,21.2,81.0,34.6,0.0,0.0,4.0,4.0,0.0,24.7,6.7,252.6,4.5,7.6,118.0,999.3,999.3,2.7,5.2
2024-07-03 18:50:00+02:00,14.0,14.0,14.1,12.3,89.0,21.2,81.0,31.6,0.0,1.2,4.2,4.2,0.2,24.9,6.9,252.8,3.5,7.6,113.0,999.2,999.2,2.7,5.2
2024-07-03 18:55:00+02:00,13.9,13.9,13.6,12.3,90.0,21.2,81.0,33.1,0.0,1.2,4.2,4.2,0.2,24.9,6.9,252.8,5.1,9.4,118.0,999.1,999.1,2.7,5.2
2024-07-03 19:00:00+02:00,13.6,13.6,13.8,12.0,90.0,21.2,81.0,25.3,0.0,0.6,4.2,4.2,0.2,24.9,6.9,252.8,2.2,9.4,129.0,999.1,999.1,2.7,5.2
2024-07-03 19:05:00+02:00,13.5,13.5,13.3,12.1,91.0,21.1,81.0,15.0,0.0,0.0,4.2,4.2,0.2,24.9,6.9,252.8,4.3,6.8,126.0,999.1,999.1,2.7,5.2
2024-07-03 19:10:00+02:00,13.4,13.4,13.0,12.1,92.0,21.1,81.0,17.2,0.0,0.6,4.3,4.3,0.3,25.0,7.0,252.9,5.4,11.5,133.0,999.1,999.1,2.7,5.2
2024-07-03 19:15:00+02:00,13.3,13.3,12.9,12.0,92.0,21.0,81.0,31.6,0.0,0.6,4.3,4.3,0.3,25.0,7.0,252.9,5.6,13.7,111.0,999.1,999.1,2.7,5.2
2024-07-03 19:20:00+02:00,13.5,13.5,13.1,12.2,92.0,21.0,81.0,59.1,0.0,0.6,4.3,4.3,0.3,25.0,7.0,252.9,5.7,9.0,294.0,999.1,999.1,2.7,5.2
2024-07-03 19:25:00+02:00,13.6,13.6,13.4,12.3,91.0,20.9,81.0,116.8,1.0,0.0,4.3,4.3,0.3,25.0,7.0,252.9,4.6,9.4,308.0,999.1,999.1,2.7,5.2
2024-07-03 19:30:00+02:00,13.8,13.8,13.8,12.1,89.0,20.9,81.0,60.3,0.0,0.0,4.3,4.3,0.3,25.0,7.0,252.9,3.4,8.3,285.0,999.0,999.0,2.7,5.2
2024-07-03 19:35:00+02:00,13.9,13.9,14.2,12.1,89.0,20.8,81.0,43.5,0.0,0.0,4.3,4.3,0.3,25.0,7.0,252.9,1.9,6.8,287.0,999.1,999.1,2.7,5.2
2024-07-03 19:40:00+02:00,14.0,14.0,13.8,12.3,90.0,20.8,81.0,48.6,0.0,0.0,4.3,4.3,0.3,25.0,7.0,252.9,4.7,9.4,110.0,999.1,999.1,2.7,5.2
2024-07-03 19:45:00+02:00,13.9,13.9,14.3,12.0,89.0,20.8,81.0,43.7,0.0,0.0,4.3,4.3,0.3,25.0,7.0,252.9,1.3,5.4,119.0,999.3,999.3,2.7,5.2
2024-07-03 19:50:00+02:00,13.8,13.8,14.0,11.9,88.0,20.8,81.0,38.8,0.0,0.0,4.3,4.3,0.1,25.0,7.0,252.9,2.4,5.4,102.0,999.4,999.4,2.7,5.2
2024-07-03 19:55:00+02:00,13.7,13.7,13.9,11.8,88.0,20.8,81.0,28.8,0.0,0.0,4.3,4.3,0.1,25.0,7.0,252.9,2.0,3.6,126.0,999.3,999.3,2.7,5.2
2024-07-03 20:00:00+02:00,13.7,13.7,13.9,12.0,90.0,20.7,81.0,38.0,0.0,0.0,4.3,4.3,0.1,25.0,7.0,252.9,2.1,3.6,125.0,999.2,999.2,2.7,5.2
2024-07-03 20:05:00+02:00,13.6,13.6,13.8,12.2,91.0,20.7,81.0,41.3,0.0,0.0,4.3,4.3,0.1,25.0,7.0,252.9,2.5,4.0,110.0,999.2,999.2,2.7,5.2
2024-07-03 20:10:00+02:00,13.7,13.7,13.9,12.3,92.0,20.7,81.0,39.1,0.0,0.0,4.3,4.3,0.0,25.0,7.0,252.9,2.4,4.0,102.0,999.2,999.2,2.7,5.2
2024-07-03 20:15:00+02:00,13.7,13.7,13.9,12.4,92.0,20.6,81.0,38.2,0.0,0.0,4.3,4.3,0.0,25.0,7.0,252.9,2.7,4.0,113.0,999.2,999.2,2.7,5.2
2024-07-03 20:20:00+02:00,13.8,13.8,13.9,12.3,91.0,20.6,81.0,35.3,0.0,0.0,4.3,4.3,0.0,25.0,7.0,252.9,3.0,6.5,109.0,999.2,999.2,2.7,5.2
2024-07-03 20:25:00+02:00,13.8,13.8,13.7,12.3,91.0,20.6,81.0,34.0,0.0,0.0,4.3,4.3,0.0,25.0,7.0,252.9,4.1,8.6,121.0,999.2,999.2,2.7,5.2
2024-07-03 20:30:00+02:00,13.8,13.8,13.8,12.2,90.0,20.5,81.0,28.6,0.0,0.0,4.3,4.3,0.0,25.0,7.0,252.9,3.5,6.8,128.0,999.1,999.1,2.7,5.2
2024-07-03 20:35:00+02:00,13.8,13.8,13.5,12.3,91.0,20.5,81.0,22.3,0.0,0.0,4.3,4.3,0.0,25.0,7.0,252.9,5.1,7.9,122.0,999.3,999.3,2.7,5.2
2024-07-03 20:40:00+02:00,13.7,13.7,13.5,12.1,90.0,20.5,81.0,18.1,0.0,0.0,4.3,4.3,0.0,25.0,7.0,252.9,4.2,7.6,126.0,999.1,999.1,2.7,5.2
2024-07-03 20:45:00+02:00,13.7,13.7,13.3,12.1,90.0,20.4,81.0,12.9,0.0,0.0,4.3,4.3,0.0,25.0,7.0,252.9,5.3,10.4,125.0,999.0,999.0,2.7,5.2
2024-07-03 20:50:00+02:00,13.7,13.7,13.0,12.0,89.0,20.4,81.0,11.4,0.0,0.0,4.3,4.3,0.0,25.0,7.0,252.9,6.6,11.5,136.0,999.1,999.1,2.7,5.2
2024-07-03 20:55:00+02:00,13.7,13.7,13.6,12.1,90.0,20.3,81.0,16.6,0.0,0.0,4.3,4.3,0.0,25.0,7.0,252.9,3.8,7.6,121.0,999.0,999.0,2.7,5.2
2024-07-03 21:00:00+02:00,13.7,13.7,13.0,12.0,89.0,20.3,81.0,16.3,0.0,0.0,4.3,4.3,0.0,25.0,7.0,252.9,6.8,9.4,124.0,999.0,999.0,2.7,5.2
2024-07-03 21:05:00+02:00,13.8,13.8,13.2,12.0,89.0,20.3,81.0,14.6,0.0,0.0,4.3,4.3,0.0,25.0,7.0,252.9,6.1,11.5,130.0,999.1,999.1,2.7,5.2
2024-07-03 21:10:00+02:00,13.7,13.7,13.5,12.0,89.0,20.2,81.0,15.2,0.0,0.0,4.3,4.3,0.0,25.0,7.0,252.9,4.2,8.3,122.0,999.2,999.2,2.7,5.2
2024-07-03 21:15:00+02:00,13.7,13.7,13.4,12.0,89.0,20.2,81.0,14.3,0.0,0.0,4.3,4.3,0.0,25.0,7.0,252.9,5.2,11.2,116.0,999.2,999.2,2.7,5.2
2024-07-03 21:20:00+02:00,13.7,13.7,13.2,11.9,89.0,20.2,81.0,9.8,0.0,0.0,4.3,4.3,0.0,25.0,7.0,252.9,5.2,11.9,131.0,999.0,999.0,2.7,5.2
2024-07-03 21:25:00+02:00,13.5,13.5,12.8,11.8,89.0,20.2,81.0,7.5,0.0,0.0,4.3,4.3,0.0,25.0,7.0,252.9,6.3,14.4,125.0,999.2,999.2,2.7,5.2
2024-07-03 21:30:00+02:00,13.4,13.4,13.0,11.8,90.0,20.1,81.0,6.1,0.0,0.0,4.3,4.3,0.0,25.0,7.0,252.9,4.8,8.6,140.0,999.2,999.2,2.7,5.2
2024-07-03 21:35:00+02:00,13.3,13.3,12.9,11.6,90.0,20.1,81.0,5.0,0.0,0.0,4.3,4.3,0.0,25.0,7.0,252.9,4.6,8.6,113.0,999.1,999.1,2.7,5.2
2024-07-03 21:40:00+02:00,13.2,13.2,12.9,11.5,90.0,20.0,81.0,4.2,0.0,0.0,4.3,4.3,0.0,25.0,7.0,252.9,4.0,6.1,132.0,999.2,999.2,2.7,5.2
2024-07-03 21:45:00+02:00,13.1,13.1,12.8,11.5,90.0,20.0,81.0,2.8,0.0,0.0,4.3,4.3,0.0,25.0,7.0,252.9,4.0,6.5,121.0,999.3,999.3,2.7,5.2
2024-07-03 21:50:00+02:00,13.1,13.1,12.7,11.4,89.0,19.9,81.0,1.7,0.0,0.0,4.3,4.3,0.0,25.0,7.0,252.9,4.2,6.1,124.0,999.2,999.2,2.7,5.2
2024-07-03 21:55:00+02:00,13.2,13.2,13.0,11.4,89.0,19.9,81.0,1.1,0.0,0.0,4.3,4.3,0.0,25.0,7.0,252.9,3.6,5.4,130.0,999.3,999.3,2.7,5.1
2024-07-03 22:00:00+02:00,13.2,13.2,13.1,11.5,90.0,19.8,81.0,0.6,0.0,0.0,4.3,4.3,0.0,25.0,7.0,252.9,2.8,5.4,115.0,999.2,999.2,2.7,5.1
2024-07-03 22:05:00+02:00,13.1,13.1,12.8,11.5,90.0,19.8,81.0,0.2,0.0,0.0,4.3,4.3,0.0,25.0,7.0,252.9,3.7,5.0,127.0,999.3,999.3,2.7,5.1
2024-07-03 22:10:00+02:00,13.1,13.1,12.7,11.3,89.0,19.7,81.0,0.0,0.0,0.0,4.3,4.3,0.0,25.0,7.0,252.9,4.1,7.9,131.0,999.4,999.4,2.7,5.1
2024-07-03 22:15:00+02:00,13.2,13.2,12.2,11.2,88.0,19.7,81.0,0.0,0.0,0.0,4.3,4.3,0.0,25.0,7.0,252.9,7.3,10.4,126.0,999.3,999.3,2.7,5.1
2024-07-03 22:20:00+02:00,13.3,13.3,12.7,11.3,88.0,19.7,81.0,0.0,0.0,0.0,4.3,4.3,0.0,25.0,7.0,252.9,5.0,9.4,130.0,999.2,999.2,2.7,5.1
2024-07-03 22:25:00+02:00,13.2,13.2,12.8,11.4,89.0,19.6,81.0,0.0,0.0,0.0,4.3,4.3,0.0,25.0,7.0,252.9,3.9,7.2,132.0,999.2,999.2,2.7,5.1
2024-07-03 22:30:00+02:00,13.2,13.2,12.4,11.3,88.0,19.6,81.0,0.0,0.0,0.0,4.3,4.3,0.0,25.0,7.0,252.9,6.7,11.9,126.0,999.1,999.1,2.7,5.1
2024-07-03 22:35:00+02:00,13.3,13.3,13.0,11.4,88.0,19.6,81.0,0.0,0.0,0.0,4.3,4.3,0.0,25.0,7.0,252.9,3.9,9.0,139.0,999.1,999.1,2.7,5.1
2024-07-03 22:40:00+02:00,13.3,13.3,12.7,11.4,88.0,19.5,81.0,0.0,0.0,0.0,4.3,4.3,0.0,25.0,7.0,252.9,5.2,9.7,133.0,999.1,999.1,2.7,5.1
2024-07-03 22:45:00+02:00,13.3,13.3,12.6,11.5,89.0,19.5,81.0,0.0,0.0,0.0,4.3,4.3,0.0,25.0,7.0,252.9,5.9,7.6,130.0,999.0,999.0,2.7,5.1
2024-07-03 22:50:00+02:00,13.3,13.3,12.8,11.5,89.0,19.5,81.0,0.0,0.0,0.0,4.3,4.3,0.0,25.0,7.0,252.9,5.3,8.3,125.0,999.0,999.0,2.7,5.1
2024-07-03 22:55:00+02:00,13.4,13.4,12.8,11.6,89.0,19.5,81.0,0.0,0.0,0.0,4.3,4.3,0.0,25.0,7.0,252.9,5.5,8.6,133.0,999.0,999.0,2.7,5.1
2024-07-03 23:00:00+02:00,13.4,13.4,13.0,11.5,88.0,19.4,81.0,0.0,0.0,0.0,4.3,4.3,0.0,25.0,7.0,252.9,4.7,9.4,125.0,999.1,999.1,2.7,5.1
2024-07-03 23:05:00+02:00,13.5,13.5,12.6,11.6,88.0,19.4,81.0,0.0,0.0,0.0,4.3,4.3,0.0,25.0,7.0,252.9,6.8,10.8,122.0,999.0,999.0,2.7,5.1
2024-07-03 23:10:00+02:00,13.5,13.5,12.8,11.6,88.0,19.4,81.0,0.0,0.0,0.0,4.3,4.3,0.0,25.0,7.0,252.9,6.0,11.9,127.0,998.9,998.9,2.7,5.1
2024-07-03 23:15:00+02:00,13.6,13.6,12.6,11.6,88.0,19.3,81.0,0.0,0.0,0.0,4.3,4.3,0.0,25.0,7.0,252.9,7.9,11.9,127.0,999.0,999.0,2.7,5.1
2024-07-03 23:20:00+02:00,13.7,13.7,12.6,11.6,87.0,19.3,81.0,0.0,0.0,0.0,4.3,4.3,0.0,25.0,7.0,252.9,8.1,13.3,126.0,998.9,998.9,2.7,5.1
2024-07-03 23:25:00+02:00,13.7,13.7,12.9,11.6,87.0,19.3,81.0,0.0,0.0,0.0,4.3,4.3,0.0,25.0,7.0,252.9,6.8,9.7,129.0,998.9,998.9,2.7,5.1
2024-07-03 23:30:00+02:00,13.7,13.7,12.6,11.6,87.0,19.2,81.0,0.0,0.0,0.0,4.3,4.3,0.0,25.0,7.0,252.9,8.4,12.6,129.0,998.8,998.8,2.7,5.1
2024-07-03 23:35:00+02:00,13.8,13.8,12.4,11.4,86.0,19.2,81.0,0.0,0.0,0.0,4.3,4.3,0.0,25.0,7.0,252.9,9.5,15.8,127.0,998.8,998.8,2.7,5.1
2024-07-03 23:40:00+02:00,13.8,13.8,12.8,11.5,86.0,19.2,81.0,0.0,0.0,0.0,4.3,4.3,0.0,25.0,7.0,252.9,7.3,13.0,135.0,998.8,998.8,2.7,5.1
2024-07-03 23:45:00+02:00,13.8,13.8,12.6,11.4,86.0,19.2,81.0,0.0,0.0,0.0,4.3,4.3,0.0,25.0,7.0,252.9,8.5,12.6,132.0,998.8,998.8,2.7,5.0
2024-07-03 23:50:00+02:00,13.9,13.9,12.6,11.4,85.0,19.1,81.0,0.0,0.0,0.0,4.3,4.3,0.0,25.0,7.0,252.9,9.2,14.0,121.0,998.7,998.7,2.7,5.0
2024-07-03 23:55:00+02:00,13.9,13.9,12.8,11.4,85.0,19.1,81.0,0.0,0.0,0.0,4.3,4.3,0.0,25.0,7.0,252.9,8.0,15.5,128.0,998.8,998.8,2.7,5.0
2024-07-04 00:00:00+02:00,13.9,13.9,12.9,11.5,85.0,19.1,81.0,0.0,0.0,0.0,0.0,4.3,0.0,25.0,7.0,252.9,7.8,15.8,127.0,998.7,998.7,2.7,5.0
2024-07-04 00:05:00+02:00,13.8,13.8,12.3,11.6,86.0,19.1,81.0,0.0,0.0,0.0,0.0,4.3,0.0,25.0,7.0,252.9,10.7,14.8,122.0,998.5,998.5,2.7,5.0
2024-07-04 00:10:00+02:00,13.8,13.8,12.5,11.6,86.0,19.0,81.0,0.0,0.0,0.0,0.0,4.3,0.0,25.0,7.0,252.9,9.7,16.2,130.0,998.6,998.6,2.7,5.0
2024-07-04 00:15:00+02:00,13.9,13.9,12.7,11.4,85.0,19.0,81.0,0.0,0.0,0.0,0.0,4.3,0.0,25.0,7.0,252.9,8.6,16.2,120.0,998.5,998.5,2.7,5.0
2024-07-04 00:20:00+02:00,13.8,13.8,12.8,11.5,86.0,19.0,81.0,0.0,0.0,0.0,0.0,4.3,0.0,25.0,7.0,252.9,7.9,19.4,125.0,998.4,998.4,2.7,5.0
2024-07-04 00:25:00+02:00,13.9,13.9,11.8,11.4,85.0,18.9,81.0,0.0,0.0,0.0,0.0,4.3,0.0,25.0,7.0,252.9,13.2,19.8,120.0,998.2,998.2,2.7,5.0
2024-07-04 00:30:00+02:00,13.9,13.9,12.5,11.4,85.0,18.9,81.0,0.0,0.0,0.0,0.0,4.3,0.0,25.0,7.0,252.9,9.5,16.2,124.0,998.0,998.0,2.7,5.0
2024-07-04 00:35:00+02:00,13.9,13.9,12.2,11.4,85.0,18.9,81.0,0.0,0.0,0.0,0.0,4.3,0.0,25.0,7.0,252.9,10.8,18.0,125.0,998.2,998.2,2.7,5.0
2024-07-04 00:40:00+02:00,14.0,14.0,12.7,11.3,84.0,18.9,81.0,0.0,0.0,0.0,0.0,4.3,0.0,25.0,7.0,252.9,9.0,19.4,127.0,998.2,998.2,2.7,5.0
2024-07-04 00:45:00+02:00,13.9,13.9,12.4,11.3,85.0,18.8,82.0,0.0,0.0,0.0,0.0,4.3,0.0,25.0,7.0,252.9,10.0,16.6,130.0,998.1,998.1,2.7,5.0
2024-07-04 00:50:00+02:00,13.9,13.9,12.1,11.3,84.0,18.8,82.0,0.0,0.0,0.0,0.0,4.3,0.0,25.0,7.0,252.9,11.3,20.5,130.0,998.0,998.0,2.7,5.0
2024-07-04 00:55:00+02:00,13.9,13.9,12.3,11.2,84.0,18.8,82.0,0.0,0.0,0.0,0.0,4.3,0.0,25.0,7.0,252.9,10.0,16.6,130.0,998.0,998.0,2.7,5.0
2024-07-04 01:00:00+02:00,13.8,13.8,12.5,11.3,85.0,18.8,82.0,0.0,0.0,0.0,0.0,4.3,0.0,25.0,7.0,252.9,8.9,14.8,126.0,997.9,997.9,2.7,5.0
2024-07-04 01:05:00+02:00,13.9,13.9,12.5,11.2,84.0,18.7,82.0,0.0,0.0,0.0,0.0,4.3,0.0,25.0,7.0,252.9,9.3,15.5,131.0,997.9,997.9,2.7,5.0
2024-07-04 01:10:00+02:00,13.9,13.9,13.0,11.2,84.0,18.7,82.0,0.0,0.0,0.0,0.0,4.3,0.0,25.0,7.0,252.9,6.8,12.6,131.0,997.9,997.9,2.7,5.0
2024-07-04 01:15:00+02:00,13.9,13.9,12.9,11.3,85.0,18.7,82.0,0.0,0.0,0.0,0.0,4.3,0.0,25.0,7.0,252.9,7.2,12.6,123.0,997.9,997.9,2.7,5.0
2024-07-04 01:20:00+02:00,14.0,14.0,12.7,11.3,84.0,18.7,82.0,0.0,0.0,0.0,0.0,4.3,0.0,25.0,7.0,252.9,8.8,15.8,130.0,997.9,997.9,2.7,5.0
2024-07-04 01:25:00+02:00,14.0,14.0,12.7,11.3,84.0,18.7,82.0,0.0,0.0,0.0,0.0,4.3,0.0,25.0,7.0,252.9,9.0,15.8,133.0,997.8,997.8,2.7,4.9
2024-07-04 01:30:00+02:00,14.0,14.0,12.0,11.3,84.0,18.7,82.0,0.0,0.0,0.0,0.0,4.3,0.0,25.0,7.0,252.9,12.2,22.0,128.0,997.7,997.7,2.7,4.9
2024-07-04 01:35:00+02:00,14.0,14.0,12.2,11.3,84.0,18.6,82.0,0.0,0.0,0.0,0.0,4.3,0.0,25.0,7.0,252.9,11.7,22.0,125.0,997.6,997.6,2.7,4.9
2024-07-04 01:40:00+02:00,14.1,14.1,12.2,11.3,83.0,18.6,82.0,0.0,0.0,0.0,0.0,4.3,0.0,25.0,7.0,252.9,11.7,22.0,123.0,997.4,997.4,2.7,4.9
2024-07-04 01:45:00+02:00,14.1,14.1,12.5,11.4,84.0,18.6,82.0,0.0,0.0,0.0,0.0,4.3,0.0,25.0,7.0,252.9,10.4,21.2,133.0,997.4,997.4,2.7,4.9
2024-07-04 01:50:00+02:00,14.0,14.0,12.6,11.5,85.0,18.6,82.0,0.0,0.0,0.0,0.0,4.3,0.0,25.0,7.0,252.9,9.3,19.8,131.0,997.4,997.4,2.7,4.9
2024-07-04 01:55:00+02:00,13.8,13.8,12.2,11.3,85.0,18.6,82.0,0.0,0.0,0.0,0.0,4.3,0.0,25.0,7.0,252.9,10.7,19.8,129.0,997.4,997.4,2.7,4.9
2024-07-04 02:00:00+02:00,13.8,13.8,12.2,11.5,86.0,18.5,82.0,0.0,0.0,0.0,0.0,4.3,0.0,25.0,7.0,252.9,10.3,15.8,116.0,997.4,997.4,2.7,4.9
2024-07-04 02:05:00+02:00,13.8,13.8,12.1,11.5,86.0,18.5,82.0,0.0,0.0,0.0,0.0,4.3,0.0,25.0,7.0,252.9,11.4,18.0,116.0,997.5,997.5,2.7,4.9
2024-07-04 02:10:00+02:00,13.8,13.8,12.7,11.6,86.0,18.5,82.0,0.0,0.0,0.0,0.0,4.3,0.0,25.0,7.0,252.9,8.1,18.4,127.0,997.3,997.3,2.7,4.9
2024-07-04 02:15:00+02:00,13.8,13.8,12.6,11.5,86.0,18.5,82.0,0.0,0.0,0.0,0.0,4.3,0.0,25.0,7.0,252.9,8.6,18.4,130.0,997.4,997.4,2.7,4.9
2024-07-04 02:20:00+02:00,13.8,13.8,12.2,11.5,86.0,18.5,82.0,0.0,0.0,0.0,0.0,4.3,0.0,25.0,7.0,252.9,10.7,19.4,126.0,997.4,997.4,2.7,4.9
2024-07-04 02:25:00+02:00,13.8,13.8,12.5,11.5,86.0,18.5,82.0,0.0,0.0,0.0,0.0,4.3,0.0,25.0,7.0,252.9,9.5,16.9,126.0,997.4,997.4,2.7,4.9
2024-07-04 02:30:00+02:00,13.8,13.8,12.8,11.5,86.0,18.5,82.0,0.0,0.0,0.0,0.0,4.3,0.0,25.0,7.0,252.9,7.7,15.1,134.0,997.1,997.1,2.7,4.9
2024-07-04 02:35:00+02:00,13.8,13.8,12.2,11.4,85.0,18.4,82.0,0.0,0.0,0.0,0.0,4.3,0.0,25.0,7.0,252.9,10.7,18.0,125.0,997.1,997.1,2.7,4.9
2024-07-04 02:40:00+02:00,13.9,13.9,12.3,11.4,85.0,18.4,82.0,0.0,0.0,0.0,0.0,4.3,0.0,25.0,7.0,252.9,10.5,19.4,118.0,997.0,997.0,2.7,4.9
2024-07-04 02:45:00+02:00,13.9,13.9,12.3,11.5,86.0,18.4,82.0,0.0,0.0,0.0,0.0,4.3,0.0,25.0,7.0,252.9,10.5,19.8,133.0,997.0,997.0,2.7,4.9
2024-07-04 02:50:00+02:00,13.9,13.9,12.5,11.5,85.0,18.4,82.0,0.0,0.0,0.0,0.0,4.3,0.0,25.0,7.0,252.9,10.0,19.8,124.0,996.9,996.9,2.7,4.9
2024-07-04 02:55:00+02:00,13.9,13.9,12.6,11.6,86.0,18.4,82.0,0.0,0.0,0.0,0.0,4.3,0.0,25.0,7.0,252.9,9.0,16.9,124.0,996.8,996.8,2.7,4.9
2024-07-04 03:00:00+02:00,13.9,13.9,12.8,11.6,86.0,18.4,82.0,0.0,0.0,0.0,0.0,4.3,0.0,25.0,7.0,252.9,8.4,16.9,130.0,996.8,996.8,2.7,4.9
2024-07-04 03:05:00+02:00,13.9,13.9,12.6,11.6,86.0,18.3,82.0,0.0,0.0,0.0,0.0,4.3,0.0,25.0,7.0,252.9,9.4,15.5,128.0,996.7,996.7,2.7,4.9
2024-07-04 03:10:00+02:00,13.9,13.9,12.6,11.6,86.0,18.3,82.0,0.0,0.0,0.0,0.0,4.3,0.0,25.0,7.0,252.9,8.9,14.4,133.0,996.5,996.5,2.7,4.9
2024-07-04 03:15:00+02:00,13.9,13.9,12.6,11.6,86.0,18.3,82.0,0.0,0.0,0.0,0.0,4.3,0.0,25.0,7.0,252.9,9.0,16.9,129.0,996.4,996.4,2.7,4.8
2024-07-04 03:20:00+02:00,13.9,13.9,12.6,11.6,86.0,18.3,82.0,0.0,0.0,0.0,0.0,4.3,0.0,25.0,7.0,252.9,9.1,18.4,126.0,996.3,996.3,2.7,4.8
2024-07-04 03:25:00+02:00,13.9,13.9,12.5,11.5,86.0,18.3,82.0,0.0,0.0,0.0,0.0,4.3,0.0,25.0,7.0,252.9,9.7,18.4,127.0,996.3,996.3,2.7,4.8
2024-07-04 03:30:00+02:00,13.9,13.9,12.1,11.5,86.0,18.3,82.0,0.0,0.0,0.0,0.0,4.3,0.0,25.0,7.0,252.9,11.6,17.3,127.0,996.2,996.2,2.7,4.8
2024-07-04 03:35:00+02:00,14.0,14.0,12.8,11.5,85.0,18.3,82.0,0.0,0.0,0.0,0.0,4.3,0.0,25.0,7.0,252.9,9.1,22.0,137.0,996.0,996.0,2.7,4.8
2024-07-04 03:40:00+02:00,14.1,14.1,12.1,11.6,85.0,18.3,82.0,0.0,0.0,0.0,0.0,4.3,0.0,25.0,7.0,252.9,12.3,17.3,117.0,996.1,996.1,2.7,4.8
2024-07-04 03:45:00+02:00,14.1,14.1,12.7,11.6,85.0,18.2,82.0,0.0,0.0,0.0,0.0,4.3,0.0,25.0,7.0,252.9,9.9,15.5,125.0,996.1,996.1,2.7,4.8
2024-07-04 03:50:00+02:00,14.1,14.1,13.0,11.5,85.0,18.3,82.0,0.0,0.0,0.0,0.0,4.3,0.0,25.0,7.0,252.9,7.7,17.6,124.0,995.9,995.9,2.7,4.8
2024-07-04 03:55:00+02:00,14.1,14.1,11.8,11.5,84.0,18.2,82.0,0.0,0.0,0.0,0.0,4.3,0.0,25.0,7.0,252.9,14.2,24.8,125.0,995.9,995.9,2.7,4.8
2024-07-04 04:00:00+02:00,14.2,14.2,12.8,11.5,84.0,18.2,82.0,0.0,0.0,0.0,0.0,4.3,0.0,25.0,7.0,252.9,9.6,16.6,128.0,995.8,995.8,2.7,4.8
2024-07-04 04:05:00+02:00,14.2,14.2,13.0,11.5,84.0,18.2,82.0,0.0,0.0,0.0,0.0,4.3,0.0,25.0,7.0,252.9,8.4,18.4,133.0,995.8,995.8,2.7,4.8
2024-07-04 04:10:00+02:00,14.2,14.2,12.1,11.5,83.0,18.2,82.0,0.0,0.0,0.0,0.0,4.3,0.0,25.0,7.0,252.9,13.2,19.1,120.0,995.7,995.7,2.7,4.8
2024-07-04 04:15:00+02:00,14.2,14.2,12.8,11.5,83.0,18.2,82.0,0.0,0.0,0.0,0.0,4.3,0.0,25.0,7.0,252.9,9.9,19.1,125.0,995.6,995.6,2.7,4.8
2024-07-04 04:20:00+02:00,14.2,14.2,12.5,11.6,84.0,18.2,82.0,0.0,0.0,0.0,0.0,4.3,0.0,25.0,7.0,252.9,11.4,19.8,126.0,995.6,995.6,2.7,4.8
2024-07-04 04:25:00+02:00,14.3,14.3,12.5,11.4,83.0,18.2,82.0,0.0,0.0,0.0,0.0,4.3,0.0,25.0,7.0,252.9,11.5,25.6,131.0,995.7,995.7,2.7,4.8
2024-07-04 04:30:00+02:00,14.2,14.2,12.6,11.6,84.0,18.2,82.0,0.0,0.0,0.0,0.0,4.3,0.0,25.0,7.0,252.9,10.6,20.9,126.0,995.4,995.4,2.7,4.8
2024-07-04 04:35:00+02:00,14.2,14.2,12.8,11.6,84.0,18.2,82.0,0.0,0.0,0.0,0.0,4.3,0.0,25.0,7.0,252.9,9.8,18.4,134.0,995.5,995.5,2.7,4.8
2024-07-04 04:40:00+02:00,14.3,14.3,12.7,11.6,84.0,18.2,82.0,0.0,0.0,0.0,0.0,4.3,0.0,25.0,7.0,252.9,10.7,19.1,120.0,995.4,995.4,2.7,4.8
2024-07-04 04:45:00+02:00,14.2,14.2,12.8,11.6,84.0,18.2,83.0,0.0,0.0,0.0,0.0,4.3,0.0,25.0,7.0,252.9,9.9,20.5,123.0,995.5,995.5,2.7,4.7
2024-07-04 04:50:00+02:00,14.2,14.2,12.2,11.7,85.0,18.2,82.0,0.1,0.0,0.0,0.0,4.3,0.0,25.0,7.0,252.9,12.9,23.4,123.0,995.5,995.5,2.7,4.7
2024-07-04 04:55:00+02:00,14.0,14.0,12.9,11.9,87.0,18.2,83.0,0.1,0.0,0.0,0.0,4.3,0.0,25.0,7.0,252.9,8.9,16.2,124.0,995.4,995.4,2.7,4.7
2024-07-04 05:00:00+02:00,13.8,13.8,12.3,12.0,89.0,18.2,83.0,0.2,0.0,0.0,0.0,4.3,0.0,25.0,7.0,252.9,11.2,16.2,125.0,995.4,995.4,2.7,4.7
2024-07-04 05:05:00+02:00,13.6,13.6,12.2,12.1,91.0,18.2,83.0,0.3,0.0,0.0,0.0,4.3,0.0,25.0,7.0,252.9,10.3,16.6,118.0,995.5,995.5,2.7,4.7
2024-07-04 05:10:00+02:00,13.4,13.4,12.1,12.1,92.0,18.1,82.0,0.6,0.0,0.0,0.0,4.3,0.0,25.0,7.0,252.9,9.8,18.7,127.0,995.5,995.5,2.7,4.7
2024-07-04 05:15:00+02:00,13.3,13.3,12.8,12.1,93.0,18.1,82.0,0.8,0.0,0.0,0.0,4.3,0.0,25.0,7.0,252.9,5.8,14.8,128.0,995.4,995.4,2.7,4.7
2024-07-04 05:20:00+02:00,13.2,13.2,12.0,12.1,93.0,18.1,82.0,1.0,0.0,0.0,0.0,4.3,0.0,25.0,7.0,252.9,9.3,16.9,134.0,995.4,995.4,2.7,4.7
2024-07-04 05:25:00+02:00,13.2,13.2,11.4,12.2,94.0,18.1,82.0,1.0,0.0,0.0,0.0,4.3,0.0,25.0,7.0,252.9,13.0,21.6,124.0,995.5,995.5,2.7,4.7
2024-07-04 05:30:00+02:00,13.2,13.2,11.7,12.2,94.0,18.1,82.0,1.3,0.0,0.0,0.0,4.3,0.0,25.0,7.0,252.9,11.0,17.6,127.0,995.4,995.4,2.7,4.7
2024-07-04 05:35:00+02:00,13.2,13.2,11.8,12.2,93.0,18.1,82.0,1.4,0.0,0.0,0.0,4.3,0.0,25.0,7.0,252.9,10.4,15.5,127.0,995.5,995.5,2.7,4.7
2024-07-04 05:40:00+02:00,13.3,13.3,12.2,12.2,93.0,18.1,82.0,1.8,0.0,0.0,0.0,4.3,0.0,25.0,7.0,252.9,9.0,15.5,132.0,995.4,995.4,2.7,4.7
2024-07-04 05:45:00+02:00,13.3,13.3,12.3,12.2,93.0,18.0,82.0,2.4,0.0,0.0,0.0,4.3,0.0,25.0,7.0,252.9,8.6,14.8,119.0,995.4,995.4,2.7,4.7
2024-07-04 05:50:00+02:00,13.4,13.4,12.6,12.3,93.0,18.0,82.0,3.6,0.0,0.0,0.0,4.3,0.0,25.0,7.0,252.9,7.4,20.9,132.0,995.5,995.5,2.7,4.7
2024-07-04 05:55:00+02:00,13.4,13.4,12.1,12.3,93.0,18.0,82.0,4.5,0.0,0.0,0.0,4.3,0.0,25.0,7.0,252.9,10.3,21.2,126.0,995.5,995.5,2.7,4.7
2024-07-04 06:00:00+02:00,13.5,13.5,12.5,12.4,93.0,18.0,82.0,5.3,0.0,0.0,0.0,4.3,0.0,25.0,7.0,252.9,8.9,14.4,123.0,995.4,995.4,2.7,4.7
2024-07-04 06:05:00+02:00,13.5,13.5,13.4,12.5,94.0,18.0,82.0,5.0,0.0,0.0,0.0,4.3,0.0,25.0,7.0,252.9,4.5,16.9,120.0,995.3,995.3,2.7,4.6
2024-07-04 06:10:00+02:00,13.5,13.5,12.2,12.6,94.0,18.0,82.0,4.6,0.0,0.0,0.0,4.3,0.0,25.0,7.0,252.9,10.7,18.0,118.0,995.3,995.3,2.7,4.6
2024-07-04 06:15:00+02:00,13.5,13.5,12.9,12.6,94.0,18.0,82.0,6.5,0.0,0.0,0.0,4.3,0.0,25.0,7.0,252.9,7.1,16.6,120.0,995.4,995.4,2.7,4.6
2024-07-04 06:20:00+02:00,13.6,13.6,12.8,12.6,94.0,18.0,82.0,7.2,0.0,0.0,0.0,4.3,0.0,25.0,7.0,252.9,7.9,14.8,123.0,995.3,995.3,2.7,4.6
2024-07-04 06:25:00+02:00,13.7,13.7,12.8,12.8,94.0,18.0,82.0,8.1,0.0,0.0,0.0,4.3,0.0,25.0,7.0,252.9,8.9,19.8,119.0,995.4,995.4,2.7,4.6
2024-07-04 06:30:00+02:00,13.7,13.7,13.0,12.8,94.0,18.0,82.0,10.7,0.0,0.0,0.0,4.3,0.0,25.0,7.0,252.9,8.3,16.9,131.0,995.3,995.3,2.7,4.6
2024-07-04 06:35:00+02:00,13.8,13.8,13.3,12.8,94.0,18.0,82.0,13.8,0.0,0.0,0.0,4.3,0.0,25.0,7.0,252.9,7.1,16.2,112.0,995.4,995.4,2.7,4.6
2024-07-04 06:40:00+02:00,13.9,13.9,13.0,12.9,94.0,18.0,82.0,10.0,0.0,0.0,0.0,4.3,0.0,25.0,7.0,252.9,9.1,16.2,132.0,995.4,995.4,2.7,4.6
2024-07-04 06:45:00+02:00,13.9,13.9,13.1,12.9,94.0,18.0,82.0,13.4,0.0,0.0,0.0,4.3,0.0,25.0,7.0,252.9,8.8,15.8,129.0,995.4,995.4,2.7,4.6
2024-07-04 06:50:00+02:00,13.9,13.9,13.0,12.9,93.0,18.0,82.0,16.6,0.0,0.0,0.0,4.3,0.0,25.0,7.0,252.9,9.3,16.9,119.0,995.4,995.4,2.7,4.6
2024-07-04 06:55:00+02:00,14.0,14.0,13.3,12.9,93.0,18.0,82.0,17.1,0.0,0.0,0.0,4.3,0.0,25.0,7.0,252.9,8.4,15.1,119.0,995.3,995.3,2.7,4.6
2024-07-04 07:00:00+02:00,14.1,14.1,13.1,13.0,93.0,18.0,82.0,42.9,0.0,0.0,0.0,4.3,0.0,25.0,7.0,252.9,9.9,20.9,107.0,995.3,995.3,2.7,4.6
2024-07-04 07:05:00+02:00,14.2,14.2,13.2,13.1,93.0,18.0,82.0,36.1,0.0,0.0,0.0,4.3,0.0,25.0,7.0,252.9,10.3,20.2,126.0,995.4,995.4,2.7,4.6
2024-07-04 07:10:00+02:00,14.2,14.2,13.7,13.1,93.0,18.0,82.0,21.0,0.0,0.0,0.0,4.3,0.0,25.0,7.0,252.9,7.2,15.5,128.0,995.5,995.5,2.7,4.6
2024-07-04 07:15:00+02:00,14.2,14.2,13.8,13.2,94.0,18.0,83.0,17.4,0.0,0.0,0.0,4.3,0.0,25.0,7.0,252.9,6.9,15.8,121.0,995.4,995.4,2.7,4.6
2024-07-04 07:20:00+02:00,14.2,14.2,12.8,13.1,93.0,18.0,83.0,36.0,0.0,0.0,0.0,4.3,0.0,25.0,7.0,252.9,11.9,20.2,126.0,995.4,995.4,2.7,4.6
2024-07-04 07:25:00+02:00,14.2,14.2,13.6,13.1,93.0,18.0,83.0,47.0,0.0,0.0,0.0,4.3,0.0,25.0,7.0,252.9,8.1,20.2,113.0,995.4,995.4,2.7,4.6
2024-07-04 07:30:00+02:00,14.3,14.3,13.8,13.2,93.0,18.1,83.0,52.0,0.0,0.0,0.0,4.3,0.0,25.0,7.0,252.9,7.6,19.8,140.0,995.4,995.4,2.7,4.6
2024-07-04 07:35:00+02:00,14.3,14.3,13.6,13.2,93.0,18.1,83.0,68.9,0.0,0.0,0.0,4.3,0.0,25.0,7.0,252.9,8.6,16.2,123.0,995.3,995.3,2.7,4.6
2024-07-04 07:40:00+02:00,14.4,14.4,14.1,13.3,93.0,18.1,83.0,83.1,0.0,0.0,0.0,4.3,0.0,25.0,7.0,252.9,7.1,16.9,123.0,995.3,995.3,2.7,4.6
2024-07-04 07:45:00+02:00,14.6,14.6,14.3,13.4,93.0,18.1,83.0,70.3,0.0,0.0,0.0,4.3,0.0,25.0,7.0,252.9,6.8,16.9,127.0,995.3,995.3,2.7,4.6
2024-07-04 07:50:00+02:00,14.7,14.7,13.6,13.4,92.0,18.1,83.0,109.3,1.0,0.0,0.0,4.3,0.0,25.0,7.0,252.9,10.8,19.1,134.0,995.3,995.3,2.7,4.6
2024-07-04 07:55:00+02:00,14.8,14.8,14.7,13.5,92.0,18.2,83.0,116.4,1.0,0.0,0.0,4.3,0.0,25.0,7.0,252.9,6.3,19.1,138.0,995.3,995.3,2.7,4.7
2024-07-04 08:00:00+02:00,14.9,14.9,14.6,13.6,92.0,18.2,83.0,95.0,0.0,0.0,0.0,4.3,0.0,25.0,7.0,252.9,7.3,13.7,146.0,995.2,995.2,2.7,4.7
2024-07-04 08:05:00+02:00,15.0,15.0,15.2,13.7,92.0,18.2,83.0,81.8,0.0,0.0,0.0,4.3,0.0,25.0,7.0,252.9,4.8,16.6,123.0,995.3,995.3,2.7,4.7
2024-07-04 08:10:00+02:00,15.2,15.2,15.3,13.9,92.0,18.3,83.0,111.4,1.0,0.0,0.0,4.3,0.0,25.0,7.0,252.9,5.5,14.8,141.0,995.4,995.4,2.7,4.7
2024-07-04 08:15:00+02:00,15.2,15.2,15.4,13.8,91.0,18.3,83.0,113.6,1.0,0.0,0.0,4.3,0.0,25.0,7.0,252.9,5.5,11.2,125.0,995.3,995.3,2.7,4.7
2024-07-04 08:20:00+02:00,15.3,15.3,15.1,13.8,91.0,18.4,84.0,144.3,1.0,0.0,0.0,4.3,0.0,25.0,7.0,252.9,6.9,18.4,105.0,995.3,995.3,2.7,4.7
2024-07-04 08:25:00+02:00,15.4,15.4,15.6,13.9,90.0,18.4,84.0,163.1,1.0,0.0,0.0,4.3,0.0,25.0,7.0,252.9,5.3,15.5,119.0,995.3,995.3,2.7,4.8
2024-07-04 08:30:00+02:00,15.6,15.6,15.6,14.0,90.0,18.5,84.0,154.7,1.0,0.0,0.0,4.3,0.0,25.0,7.0,252.9,6.6,13.3,134.0,995.3,995.3,2.7,4.8
2024-07-04 08:35:00+02:00,15.7,15.7,16.3,14.1,90.0,18.5,84.0,102.3,0.0,0.0,0.0,4.3,0.0,25.0,7.0,252.9,3.5,9.7,116.0,995.5,995.5,2.7,4.8
2024-07-04 08:40:00+02:00,15.7,15.7,16.0,14.1,90.0,18.6,84.0,129.5,1.0,0.0,0.0,4.3,0.0,25.0,7.0,252.9,5.1,12.2,130.0,995.4,995.4,2.7,4.8
2024-07-04 08:45:00+02:00,15.8,15.8,15.6,14.0,89.0,18.7,84.0,143.2,1.0,0.0,0.0,4.3,0.0,25.0,7.0,252.9,7.2,14.0,120.0,995.4,995.4,2.7,4.8
2024-07-04 08:50:00+02:00,15.9,15.9,16.5,14.1,89.0,18.7,84.0,112.2,1.0,0.0,0.0,4.3,0.0,25.0,7.0,252.9,4.1,13.7,182.0,995.5,995.5,2.7,4.8
2024-07-04 08:55:00+02:00,16.1,16.1,16.9,14.2,89.0,18.8,84.0,89.9,0.0,0.0,0.0,4.3,0.0,25.0,7.0,252.9,2.4,9.7,133.0,995.5,995.5,2.7,4.9
2024-07-04 09:00:00+02:00,16.1,16.1,17.1,14.2,89.0,18.8,84.0,147.2,1.0,0.0,0.0,4.3,0.0,25.0,7.0,252.9,1.9,9.7,162.0,995.7,995.7,2.7,4.9
2024-07-04 09:05:00+02:00,16.2,16.2,16.6,14.2,88.0,18.9,84.0,138.8,1.0,0.0,0.0,4.3,0.0,25.0,7.0,252.9,5.0,12.6,100.0,995.7,995.7,2.7,4.9
2024-07-04 09:10:00+02:00,16.3,16.3,17.1,14.3,88.0,18.9,84.0,125.7,1.0,0.0,0.0,4.3,0.0,25.0,7.0,252.9,2.5,7.2,97.0,995.7,995.7,2.7,4.9
2024-07-04 09:15:00+02:00,16.3,16.3,16.5,14.3,88.0,19.0,84.0,145.3,1.0,0.0,0.0,4.3,0.0,25.0,7.0,252.9,6.4,10.4,120.0,995.6,995.6,2.7,5.0
2024-07-04 09:20:00+02:00,16.2,16.2,15.7,14.0,87.0,19.1,85.0,85.8,0.0,0.0,0.0,4.3,0.0,25.0,7.0,252.9,8.8,18.4,218.0,995.8,995.8,2.7,5.0
2024-07-04 09:25:00+02:00,15.1,15.1,14.0,12.5,84.0,19.1,85.0,16.9,0.0,1.8,0.3,4.6,0.3,25.3,7.3,253.2,9.6,27.4,279.0,996.1,996.1,2.7,5.0
2024-07-04 09:30:00+02:00,13.9,13.9,13.0,12.1,89.0,19.2,84.0,35.4,0.0,7.2,1.2,5.5,1.2,26.2,8.2,254.1,7.9,29.9,288.0,996.3,996.3,2.7,5.0
2024-07-04 09:35:00+02:00,13.2,13.2,13.4,11.9,91.0,19.2,84.0,46.1,0.0,6.6,1.2,5.5,1.2,26.2,8.2,254.1,1.9,9.7,243.0,996.2,996.2,2.7,4.9
2024-07-04 09:40:00+02:00,13.1,13.1,13.3,11.8,92.0,19.2,84.0,51.2,0.0,4.2,1.3,5.6,1.3,26.3,8.3,254.2,2.1,7.6,239.0,996.5,996.5,2.7,4.9
2024-07-04 09:45:00+02:00,13.0,13.0,13.4,11.8,92.0,19.2,84.0,59.1,0.0,0.6,1.3,5.6,1.3,26.3,8.3,254.2,1.1,6.5,270.0,996.6,996.6,2.7,4.9
2024-07-04 09:50:00+02:00,12.9,12.9,13.0,11.6,92.0,19.2,84.0,146.5,1.0,0.6,1.3,5.6,1.3,26.3,8.3,254.2,2.2,7.6,286.0,996.5,996.5,2.7,4.9
2024-07-04 09:55:00+02:00,13.0,13.0,13.2,11.8,93.0,19.2,83.0,133.5,1.0,0.0,1.3,5.6,1.3,26.3,8.3,254.2,1.8,5.4,281.0,996.5,996.5,2.7,4.9
2024-07-04 10:00:00+02:00,13.1,13.1,13.2,12.0,93.0,19.1,83.0,62.3,0.0,0.0,1.3,5.6,1.3,26.3,8.3,254.2,2.2,4.3,169.0,996.6,996.6,2.7,4.9
2024-07-04 10:05:00+02:00,12.9,12.9,13.1,11.7,92.0,19.1,83.0,55.6,0.0,1.2,1.5,5.8,1.5,26.5,8.5,254.4,1.9,6.8,217.0,996.7,996.7,2.7,5.0
2024-07-04 10:10:00+02:00,12.9,12.9,13.2,11.8,93.0,19.1,83.0,62.4,0.0,1.8,1.6,5.9,1.6,26.6,8.6,254.5,1.4,5.8,269.0,996.8,996.8,2.7,5.0
2024-07-04 10:15:00+02:00,12.7,12.7,13.0,11.6,93.0,19.1,83.0,76.9,0.0,2.4,1.9,6.2,1.9,26.9,8.9,254.8,1.4,5.4,134.0,996.9,996.9,2.7,4.9
2024-07-04 10:20:00+02:00,12.8,12.8,12.7,11.8,93.0,19.1,83.0,91.4,0.0,3.0,2.1,6.4,2.1,27.1,9.1,255.0,3.8,9.0,110.0,996.9,996.9,2.7,4.9
2024-07-04 10:25:00+02:00,12.7,12.7,12.4,11.7,94.0,19.0,83.0,141.3,1.0,3.0,2.4,6.7,2.0,27.4,9.4,255.3,4.2,8.3,97.0,996.9,996.9,2.7,4.9
2024-07-04 10:30:00+02:00,12.8,12.8,12.6,12.0,95.0,19.0,83.0,131.0,1.0,3.0,2.5,6.8,1.3,27.5,9.5,255.4,4.2,6.8,112.0,996.9,996.9,2.7,4.9
2024-07-04 10:35:00+02:00,12.8,12.8,12.3,11.9,95.0,19.0,83.0,150.3,1.0,1.8,2.7,7.0,1.5,27.7,9.7,255.6,5.4,7.9,122.0,996.9,996.9,2.7,5.0
2024-07-04 10:40:00+02:00,12.8,12.8,12.1,11.9,94.0,19.0,83.0,164.3,1.0,2.4,2.9,7.2,1.6,27.9,9.9,255.8,7.1,10.1,125.0,997.0,997.0,2.7,5.0
2024-07-04 10:45:00+02:00,12.8,12.8,11.8,11.8,94.0,19.0,83.0,177.4,1.0,3.0,3.0,7.3,1.7,28.0,10.0,255.9,7.7,12.6,119.0,997.0,997.0,2.7,5.0
2024-07-04 10:50:00+02:00,12.8,12.8,12.0,11.8,94.0,19.0,83.0,162.3,1.0,1.2,3.1,7.4,1.8,28.1,10.1,256.0,7.1,10.4,119.0,997.0,997.0,2.7,5.0
2024-07-04 10:55:00+02:00,12.8,12.8,11.7,11.9,94.0,18.9,83.0,224.4,2.0,0.6,3.1,7.4,1.8,28.1,10.1,256.0,8.9,12.2,115.0,997.0,997.0,2.7,5.0
2024-07-04 11:00:00+02:00,13.1,13.1,12.8,12.1,94.0,18.9,83.0,205.4,1.0,0.6,3.2,7.5,1.9,28.2,10.2,256.1,4.8,13.3,123.0,997.0,997.0,2.7,5.0
2024-07-04 11:05:00+02:00,13.5,13.5,13.5,12.6,94.0,18.9,83.0,200.0,1.0,1.2,3.3,7.6,1.8,28.3,10.3,256.2,4.2,6.5,117.0,997.0,997.0,2.7,5.1
2024-07-04 11:10:00+02:00,13.6,13.6,13.6,12.7,94.0,18.9,83.0,198.3,1.0,1.2,3.3,7.6,1.6,28.3,10.3,256.2,4.4,8.3,121.0,997.1,997.1,2.7,5.1
2024-07-04 11:15:00+02:00,13.6,13.6,13.7,12.7,94.0,19.0,83.0,175.7,1.0,0.6,3.4,7.7,1.5,28.4,10.4,256.3,3.8,8.6,112.0,997.3,997.3,2.7,5.1
2024-07-04 11:20:00+02:00,13.7,13.7,13.9,12.8,94.0,19.0,83.0,243.4,2.0,0.6,3.4,7.7,1.2,28.4,10.4,256.3,3.7,7.9,106.0,997.2,997.2,2.7,5.1
2024-07-04 11:25:00+02:00,14.1,14.1,14.5,13.0,93.0,19.1,83.0,253.0,2.0,0.6,3.4,7.7,1.0,28.4,10.4,256.3,2.7,6.5,142.0,997.3,997.3,2.7,5.2
2024-07-04 11:30:00+02:00,14.2,14.2,14.5,13.1,93.0,19.1,83.0,430.9,4.0,0.0,3.4,7.7,0.9,28.4,10.4,256.3,3.8,8.6,132.0,997.3,997.3,2.7,5.2
2024-07-04 11:35:00+02:00,14.7,14.7,15.0,13.6,93.0,19.2,84.0,464.1,4.0,0.0,3.4,7.7,0.7,28.4,10.4,256.3,4.2,9.4,135.0,997.4,997.4,2.7,5.2
2024-07-04 11:40:00+02:00,14.9,14.9,15.2,13.5,91.0,19.2,84.0,150.3,1.0,0.0,3.4,7.7,0.5,28.4,10.4,256.3,4.0,7.9,118.0,997.4,997.4,2.7,5.2
2024-07-04 11:45:00+02:00,14.9,14.9,15.4,13.5,91.0,19.3,84.0,162.0,1.0,0.0,3.4,7.7,0.4,28.4,10.4,256.3,2.8,6.8,138.0,997.4,997.4,2.7,5.2
2024-07-04 11:50:00+02:00,15.1,15.1,16.0,13.4,90.0,19.3,84.0,208.3,1.0,0.0,3.4,7.7,0.3,28.4,10.4,256.3,0.6,4.3,122.0,997.5,997.5,2.7,5.2
2024-07-04 11:55:00+02:00,15.4,15.4,16.0,13.6,89.0,19.4,84.0,394.6,3.0,0.0,3.4,7.7,0.3,28.4,10.4,256.3,2.9,6.1,133.0,997.5,997.5,2.7,5.2
2024-07-04 12:00:00+02:00,15.8,15.8,16.8,13.9,88.0,19.5,84.0,211.8,1.0,0.0,3.4,7.7,0.2,28.4,10.4,256.3,1.2,4.7,306.0,997.5,997.5,2.7,5.2
2024-07-04 12:05:00+02:00,16.1,16.1,16.7,14.1,88.0,19.5,84.0,1013.7,9.0,0.0,3.4,7.7,0.1,28.4,10.4,256.3,3.3,6.1,294.0,997.6,997.6,2.7,5.2
2024-07-04 12:10:00+02:00,16.6,16.6,17.0,14.0,85.0,19.7,84.0,360.2,3.0,0.0,3.4,7.7,0.1,28.4,10.4,256.3,4.5,9.4,284.0,997.6,997.6,2.7,5.2
2024-07-04 12:15:00+02:00,16.8,16.8,17.6,14.1,84.0,19.8,84.0,439.2,4.0,0.0,3.4,7.7,0.0,28.4,10.4,256.3,2.7,7.2,233.0,997.6,997.6,2.7,5.2
2024-07-04 12:20:00+02:00,17.2,17.2,18.1,14.3,83.0,19.9,85.0,689.8,6.0,0.0,3.4,7.7,0.0,28.4,10.4,256.3,2.0,12.6,137.0,997.7,997.7,2.7,5.2
2024-07-04 12:25:00+02:00,17.4,17.4,18.2,14.3,82.0,20.0,85.0,607.4,5.0,0.0,3.4,7.7,0.0,28.4,10.4,256.3,2.9,8.6,145.0,997.7,997.7,2.7,5.2
2024-07-04 12:30:00+02:00,18.1,18.1,19.2,14.5,80.0,20.2,85.0,711.5,6.0,0.0,3.4,7.7,0.0,28.4,10.4,256.3,1.7,7.6,136.0,997.6,997.6,2.7,5.2
2024-07-04 12:35:00+02:00,17.6,17.6,18.0,13.7,78.0,20.3,85.0,919.6,8.0,0.0,3.4,7.7,0.0,28.4,10.4,256.3,3.9,9.7,187.0,997.7,997.7,2.7,5.2
2024-07-04 12:40:00+02:00,18.3,18.3,19.0,14.1,76.0,20.5,85.0,953.4,8.0,0.0,3.4,7.7,0.0,28.4,10.4,256.3,3.1,9.7,242.0,997.8,997.8,2.7,5.2
2024-07-04 12:45:00+02:00,18.6,18.6,19.3,14.1,75.0,20.6,85.0,230.4,2.0,0.0,3.4,7.7,0.0,28.4,10.4,256.3,3.4,7.9,146.0,997.9,997.9,2.7,5.2
2024-07-04 12:50:00+02:00,17.8,17.8,18.5,14.1,79.0,20.7,85.0,151.4,1.0,0.0,3.4,7.7,0.0,28.4,10.4,256.3,3.2,10.8,174.0,998.0,998.0,2.7,5.2
2024-07-04 12:55:00+02:00,17.4,17.4,17.8,13.6,79.0,20.8,85.0,318.9,2.0,0.0,3.4,7.7,0.0,28.4,10.4,256.3,3.5,9.0,187.0,998.0,998.0,2.7,5.2
2024-07-04 13:00:00+02:00,17.5,17.5,18.1,13.8,79.0,20.9,85.0,960.6,8.0,0.0,3.4,7.7,0.0,28.4,10.4,256.3,3.2,11.2,233.0,998.0,998.0,2.7,5.2
2024-07-04 13:05:00+02:00,17.9,17.9,18.4,13.5,76.0,21.0,85.0,292.9,2.0,0.0,3.4,7.7,0.0,28.4,10.4,256.3,3.0,5.4,257.0,998.0,998.0,2.7,5.2
2024-07-04 13:10:00+02:00,18.1,18.1,18.4,13.4,74.0,21.2,85.0,422.9,3.0,0.0,3.4,7.7,0.0,28.4,10.4,256.3,3.8,9.7,244.0,998.2,998.2,2.7,5.2
2024-07-04 13:15:00+02:00,18.5,18.5,18.9,13.7,74.0,21.3,85.0,245.9,2.0,0.0,3.4,7.7,0.0,28.4,10.4,256.3,3.5,8.6,220.0,998.1,998.1,2.7,5.2
2024-07-04 13:20:00+02:00,18.4,18.4,18.7,13.5,73.0,21.3,85.0,321.1,2.0,0.0,3.4,7.7,0.0,28.4,10.4,256.3,4.3,11.9,265.0,998.2,998.2,2.7,5.2
2024-07-04 13:25:00+02:00,18.4,18.4,18.0,13.0,70.0,21.4,85.0,712.2,6.0,0.0,3.4,7.7,0.0,28.4,10.4,256.3,6.7,17.6,268.0,998.0,998.0,2.7,5.2
2024-07-04 13:30:00+02:00,18.9,18.9,19.6,13.6,71.0,21.6,85.0,929.1,8.0,0.0,3.4,7.7,0.0,28.4,10.4,256.3,2.4,10.8,312.0,998.1,998.1,2.7,5.2
2024-07-04 13:35:00+02:00,19.8,19.8,19.7,13.0,65.0,21.7,85.0,860.4,7.0,0.0,3.4,7.7,0.0,28.4,10.4,256.3,5.5,17.3,284.0,998.2,998.2,2.7,5.3
2024-07-04 13:40:00+02:00,19.5,19.5,19.5,12.6,65.0,21.8,85.0,793.0,7.0,0.0,3.4,7.7,0.0,28.4,10.4,256.3,4.2,11.5,212.0,998.1,998.1,2.7,5.3
2024-07-04 13:45:00+02:00,20.1,20.1,19.9,12.3,61.0,22.0,85.0,814.0,7.0,0.0,3.4,7.7,0.0,28.4,10.4,256.3,4.8,19.4,246.0,998.1,998.1,2.7,5.3
2024-07-04 13:50:00+02:00,20.2,20.2,18.5,11.9,59.0,22.1,85.0,762.4,7.0,0.0,3.4,7.7,0.0,28.4,10.4,256.3,11.6,22.0,274.0,998.1,998.1,2.7,5.3
2024-07-04 13:55:00+02:00,19.8,19.8,18.4,11.6,59.0,22.3,85.0,777.2,7.0,0.0,3.4,7.7,0.0,28.4,10.4,256.3,9.6,20.5,280.0,998.0,998.0,2.7,5.3
2024-07-04 14:00:00+02:00,20.8,20.8,20.3,11.7,56.0,22.4,85.0,773.6,7.0,0.0,3.4,7.7,0.0,28.4,10.4,256.3,4.8,8.6,244.0,998.1,998.1,2.7,5.3
2024-07-04 14:05:00+02:00,21.2,21.2,20.6,11.1,52.0,22.6,86.0,764.1,7.0,0.0,3.4,7.7,0.0,28.4,10.4,256.3,5.0,13.3,202.0,998.2,998.2,2.7,5.3
2024-07-04 14:10:00+02:00,21.5,21.5,20.7,11.7,54.0,22.7,86.0,778.5,7.0,0.0,3.4,7.7,0.0,28.4,10.4,256.3,7.3,17.6,291.0,998.2,998.2,2.7,5.3
2024-07-04 14:15:00+02:00,20.9,20.9,20.0,11.3,54.0,22.9,86.0,272.3,2.0,0.0,3.4,7.7,0.0,28.4,10.4,256.3,6.6,23.4,260.0,998.4,998.4,2.7,5.3
2024-07-04 14:20:00+02:00,20.5,20.5,19.8,11.3,55.0,23.1,86.0,727.3,6.0,0.0,3.4,7.7,0.0,28.4,10.4,256.3,5.8,15.8,205.0,998.3,998.3,2.7,5.3
2024-07-04 14:25:00+02:00,20.6,20.6,18.8,11.4,55.0,23.2,85.0,704.2,6.0,0.0,3.4,7.7,0.0,28.4,10.4,256.3,11.7,23.4,272.0,998.2,998.2,2.7,5.3
2024-07-04 14:30:00+02:00,20.5,20.5,20.4,11.2,55.0,23.4,85.0,694.4,6.0,0.0,3.4,7.7,0.0,28.4,10.4,256.3,2.7,19.1,211.0,998.4,998.4,2.7,5.3
2024-07-04 14:35:00+02:00,20.1,20.1,19.0,10.6,54.0,23.5,85.0,381.9,3.0,0.0,3.4,7.7,0.0,28.4,10.4,256.3,6.7,13.7,255.0,998.6,998.6,2.7,5.3
2024-07-04 14:40:00+02:00,19.3,19.3,18.3,10.1,55.0,23.6,85.0,717.6,6.0,0.0,3.4,7.7,0.0,28.4,10.4,256.3,5.3,21.2,234.0,998.6,998.6,2.7,5.3
2024-07-04 14:45:00+02:00,19.7,19.7,18.8,10.0,54.0,23.7,85.0,670.6,6.0,0.0,3.4,7.7,0.0,28.4,10.4,256.3,5.0,23.8,274.0,998.5,998.5,2.7,5.3
2024-07-04 14:50:00+02:00,20.0,20.0,17.6,9.1,49.0,23.7,85.0,670.1,6.0,0.0,3.4,7.7,0.0,28.4,10.4,256.3,11.2,25.9,258.0,998.7,998.7,2.7,5.3
2024-07-04 14:55:00+02:00,20.3,20.3,18.8,8.5,46.0,23.8,85.0,651.9,6.0,0.0,3.4,7.7,0.0,28.4,10.4,256.3,5.8,25.9,188.0,998.8,998.8,2.7,5.3
2024-07-04 15:00:00+02:00,21.1,21.1,19.2,8.4,44.0,23.9,85.0,666.9,6.0,0.0,3.4,7.7,0.0,28.4,10.4,256.3,7.6,17.6,268.0,998.7,998.7,2.7,5.3
2024-07-04 15:05:00+02:00,21.4,21.4,19.5,8.3,43.0,24.0,85.0,657.3,6.0,0.0,3.4,7.7,0.0,28.4,10.4,256.3,7.9,24.5,274.0,998.8,998.8,2.7,5.3
2024-07-04 15:10:00+02:00,21.2,21.2,19.6,8.5,44.0,24.1,85.0,692.1,6.0,0.0,3.4,7.7,0.0,28.4,10.4,256.3,6.1,20.5,218.0,998.8,998.8,2.7,5.3
2024-07-04 15:15:00+02:00,21.8,21.8,20.5,8.6,43.0,24.3,85.0,666.4,6.0,0.0,3.4,7.7,0.0,28.4,10.4,256.3,4.8,14.0,201.0,998.7,998.7,2.7,5.3
2024-07-04 15:20:00+02:00,20.9,20.9,18.8,8.7,46.0,24.3,85.0,675.3,6.0,0.0,3.4,7.7,0.0,28.4,10.4,256.3,9.2,20.5,265.0,998.9,998.9,2.7,5.3
2024-07-04 15:25:00+02:00,20.9,20.9,18.2,7.9,43.0,24.4,84.0,629.4,5.0,0.0,3.4,7.7,0.0,28.4,10.4,256.3,11.4,29.2,281.0,998.9,998.9,2.7,5.3
2024-07-04 15:30:00+02:00,20.9,20.9,18.9,7.7,43.0,24.5,84.0,654.9,6.0,0.0,3.4,7.7,0.0,28.4,10.4,256.3,7.5,29.2,265.0,998.9,998.9,2.7,5.3
2024-07-04 15:35:00+02:00,21.5,21.5,19.5,8.4,43.0,24.5,84.0,629.8,5.0,0.0,3.4,7.7,0.0,28.4,10.4,256.3,8.4,16.6,260.0,998.9,998.9,2.7,5.3
2024-07-04 15:40:00+02:00,21.8,21.8,20.6,8.1,41.0,24.7,84.0,625.3,5.0,0.0,3.4,7.7,0.0,28.4,10.4,256.3,3.7,23.0,156.0,998.9,998.9,2.7,5.3
2024-07-04 15:45:00+02:00,21.8,21.8,20.0,8.9,44.0,24.8,84.0,652.1,6.0,0.0,3.4,7.7,0.0,28.4,10.4,256.3,7.7,19.8,280.0,998.9,998.9,2.7,5.3
2024-07-04 15:50:00+02:00,21.1,21.1,19.4,8.3,44.0,24.8,84.0,168.8,1.0,0.0,3.4,7.7,0.0,28.4,10.4,256.3,6.8,22.7,270.0,999.0,999.0,2.7,5.3
2024-07-04 15:55:00+02:00,20.3,20.3,18.7,8.0,45.0,24.8,84.0,660.9,6.0,0.0,3.4,7.7,0.0,28.4,10.4,256.3,5.3,22.0,244.0,999.0,999.0,2.7,5.3
2024-07-04 16:00:00+02:00,20.7,20.7,18.4,7.8,43.0,24.9,84.0,638.2,5.0,0.0,3.4,7.7,0.0,28.4,10.4,256.3,9.3,23.0,269.0,999.0,999.0,2.7,5.3
2024-07-04 16:05:00+02:00,21.3,21.3,20.2,8.4,44.0,25.0,84.0,629.2,5.0,0.0,3.4,7.7,0.0,28.4,10.4,256.3,3.9,13.7,201.0,999.0,999.0,2.7,5.3
2024-07-04 16:10:00+02:00,21.0,21.0,19.6,7.8,43.0,25.0,84.0,616.6,5.0,0.0,3.4,7.7,0.0,28.4,10.4,256.3,4.8,11.2,194.0,999.0,999.0,2.7,5.3
2024-07-04 16:15:00+02:00,21.8,21.8,20.6,7.8,41.0,25.0,84.0,585.7,5.0,0.0,3.4,7.7,0.0,28.4,10.4,256.3,4.0,10.1,235.0,999.0,999.0,2.7,5.3
2024-07-04 16:20:00+02:00,21.9,21.9,20.0,7.9,41.0,25.1,84.0,597.3,5.0,0.0,3.4,7.7,0.0,28.4,10.4,256.3,6.8,20.9,253.0,999.1,999.1,2.7,5.3
2024-07-04 16:25:00+02:00,21.4,21.4,19.5,7.9,42.0,25.2,84.0,304.3,2.0,0.0,3.4,7.7,0.0,28.4,10.4,256.3,7.4,18.4,278.0,999.2,999.2,2.7,5.3
2024-07-04 16:30:00+02:00,20.8,20.8,19.2,8.4,45.0,25.2,84.0,614.8,5.0,0.0,3.4,7.7,0.0,28.4,10.4,256.3,6.2,20.5,204.0,999.1,999.1,2.7,5.3
2024-07-04 16:35:00+02:00,21.1,21.1,20.1,8.1,43.0,25.2,84.0,292.5,2.0,0.0,3.4,7.7,0.0,28.4,10.4,256.3,3.0,9.0,203.0,999.1,999.1,2.7,5.3
2024-07-04 16:40:00+02:00,21.1,21.1,19.8,8.0,43.0,25.2,84.0,570.0,5.0,0.0,3.4,7.7,0.0,28.4,10.4,256.3,4.1,9.7,216.0,999.1,999.1,2.7,5.3
2024-07-04 16:45:00+02:00,21.6,21.6,20.6,8.6,43.0,25.3,84.0,532.6,4.0,0.0,3.4,7.7,0.0,28.4,10.4,256.3,3.8,9.0,199.0,999.2,999.2,2.7,5.3
2024-07-04 16:50:00+02:00,21.4,21.4,20.1,7.8,42.0,25.3,84.0,541.0,5.0,0.0,3.4,7.7,0.0,28.4,10.4,256.3,4.2,14.0,197.0,999.2,999.2,2.7,5.3
2024-07-04 16:55:00+02:00,21.0,21.0,19.5,8.0,43.0,25.3,84.0,538.9,5.0,0.0,3.4,7.7,0.0,28.4,10.4,256.3,5.1,13.3,278.0,999.0,999.0,2.7,5.3
2024-07-04 17:00:00+02:00,21.4,21.4,19.6,8.2,43.0,25.3,84.0,514.2,4.0,0.0,3.4,7.7,0.0,28.4,10.4,256.3,7.1,16.6,264.0,999.2,999.2,2.7,5.3
2024-07-04 17:05:00+02:00,21.0,21.0,18.7,7.8,43.0,25.3,84.0,490.1,4.0,0.0,3.4,7.7,0.0,28.4,10.4,256.3,9.1,18.7,268.0,999.2,999.2,2.7,5.3
2024-07-04 17:10:00+02:00,20.7,20.7,18.4,7.4,42.0,25.3,84.0,457.6,4.0,0.0,3.4,7.7,0.0,28.4,10.4,256.3,8.3,18.7,262.0,999.2,999.2,2.7,5.3
2024-07-04 17:15:00+02:00,20.6,20.6,18.2,6.9,41.0,25.3,84.0,429.7,3.0,0.0,3.4,7.7,0.0,28.4,10.4,256.3,8.7,19.8,258.0,999.2,999.2,2.7,5.3
2024-07-04 17:20:00+02:00,20.8,20.8,18.9,7.3,42.0,25.3,84.0,454.9,4.0,0.0,3.4,7.7,0.0,28.4,10.4,256.3,6.1,15.1,263.0,999.2,999.2,2.7,5.3
2024-07-04 17:25:00+02:00,21.1,21.1,19.7,7.7,42.0,25.3,84.0,434.6,4.0,0.0,3.4,7.7,0.0,28.4,10.4,256.3,4.7,14.8,186.0,999.3,999.3,2.7,5.3
2024-07-04 17:30:00+02:00,21.0,21.0,18.5,7.7,42.0,25.4,84.0,416.0,3.0,0.0,3.4,7.7,0.0,28.4,10.4,256.3,9.7,26.3,263.0,999.2,999.2,2.7,5.3
2024-07-04 17:35:00+02:00,20.4,20.4,18.0,7.4,43.0,25.4,84.0,419.2,3.0,0.0,3.4,7.7,0.0,28.4,10.4,256.3,9.2,21.2,262.0,999.3,999.3,2.7,5.3
2024-07-04 17:40:00+02:00,20.6,20.6,18.8,7.6,43.0,25.3,84.0,399.9,3.0,0.0,3.4,7.7,0.0,28.4,10.4,256.3,6.8,19.8,286.0,999.2,999.2,2.7,5.3
2024-07-04 17:45:00+02:00,21.0,21.0,19.7,7.9,43.0,25.3,84.0,373.3,3.0,0.0,3.4,7.7,0.0,28.4,10.4,256.3,4.3,15.1,222.0,999.2,999.2,2.7,5.3
2024-07-04 17:50:00+02:00,20.4,20.4,18.9,7.6,43.0,25.3,84.0,76.6,0.0,0.0,3.4,7.7,0.0,28.4,10.4,256.3,5.0,14.8,189.0,999.2,999.2,2.7,5.3
2024-07-04 17:55:00+02:00,19.6,19.6,17.8,7.3,45.0,25.3,84.0,314.1,2.0,0.0,3.4,7.7,0.0,28.4,10.4,256.3,6.0,17.6,303.0,999.4,999.4,2.7,5.3
2024-07-04 18:00:00+02:00,19.7,19.7,18.2,7.6,45.0,25.2,84.0,365.1,3.0,0.0,3.4,7.7,0.0,28.4,10.4,256.3,4.7,17.6,309.0,999.4,999.4,2.7,5.3
2024-07-04 18:05:00+02:00,20.4,20.4,18.7,7.5,43.0,25.2,84.0,351.1,3.0,0.0,3.4,7.7,0.0,28.4,10.4,256.3,5.3,18.4,224.0,999.4,999.4,2.7,5.3
2024-07-04 18:10:00+02:00,20.4,20.4,18.9,7.0,42.0,25.2,84.0,312.7,2.0,0.0,3.4,7.7,0.0,28.4,10.4,256.3,4.1,18.4,200.0,999.6,999.6,2.7,5.3
2024-07-04 18:15:00+02:00,20.3,20.3,18.7,7.5,44.0,25.1,84.0,297.7,2.0,0.0,3.4,7.7,0.0,28.4,10.4,256.3,4.7,14.8,241.0,999.5,999.5,2.7,5.3
2024-07-04 18:20:00+02:00,19.8,19.8,17.9,6.9,43.0,25.1,84.0,131.6,1.0,0.0,3.4,7.7,0.0,28.4,10.4,256.3,5.9,21.2,162.0,999.5,999.5,2.7,5.3
2024-07-04 18:25:00+02:00,19.7,19.7,18.1,7.2,44.0,25.0,84.0,68.2,0.0,0.0,3.4,7.7,0.0,28.4,10.4,256.3,4.6,19.4,212.0,999.5,999.5,2.7,5.3
2024-07-04 18:30:00+02:00,19.7,19.7,18.5,7.5,45.0,24.9,84.0,66.2,0.0,0.0,3.4,7.7,0.0,28.4,10.4,256.3,3.2,7.6,130.0,999.7,999.7,2.7,5.3
2024-07-04 18:35:00+02:00,19.5,19.5,17.8,7.1,44.0,24.9,84.0,63.1,0.0,0.0,3.4,7.7,0.0,28.4,10.4,256.3,5.1,13.3,195.0,999.6,999.6,2.7,5.3
2024-07-04 18:40:00+02:00,19.2,19.2,18.2,7.0,45.0,24.8,84.0,86.5,0.0,0.0,3.4,7.7,0.0,28.4,10.4,256.3,1.4,9.4,270.0,999.6,999.6,2.7,5.3
2024-07-04 18:45:00+02:00,19.2,19.2,18.0,6.8,44.0,24.8,84.0,79.8,0.0,0.0,3.4,7.7,0.0,28.4,10.4,256.3,2.5,18.0,252.0,999.6,999.6,2.7,5.3
2024-07-04 18:50:00+02:00,19.4,19.4,17.0,6.9,44.0,24.7,84.0,125.7,1.0,0.0,3.4,7.7,0.0,28.4,10.4,256.3,8.7,20.2,260.0,999.6,999.6,2.7,5.3
2024-07-04 18:55:00+02:00,19.5,19.5,17.8,7.0,44.0,24.7,84.0,160.7,1.0,0.0,3.4,7.7,0.0,28.4,10.4,256.3,5.1,21.6,264.0,999.6,999.6,2.7,5.2
2024-07-04 19:00:00+02:00,19.4,19.4,17.8,6.9,44.0,24.7,84.0,163.1,1.0,0.0,3.4,7.7,0.0,28.4,10.4,256.3,4.7,16.2,359.0,999.8,999.8,2.7,5.2
2024-07-04 19:05:00+02:00,19.1,19.1,17.3,7.4,46.0,24.6,84.0,84.5,0.0,0.0,3.4,7.7,0.0,28.4,10.4,256.3,5.9,29.5,3.0,999.7,999.7,2.7,5.2
2024-07-04 19:10:00+02:00,19.1,19.1,18.0,7.3,46.0,24.5,84.0,58.2,0.0,0.0,3.4,7.7,0.0,28.4,10.4,256.3,2.4,15.5,183.0,999.8,999.8,2.7,5.2
2024-07-04 19:15:00+02:00,19.0,19.0,17.7,7.5,47.0,24.5,84.0,57.5,0.0,0.0,3.4,7.7,0.0,28.4,10.4,256.3,4.1,15.5,266.0,999.7,999.7,2.7,5.2
2024-07-04 19:20:00+02:00,18.9,18.9,17.9,7.8,48.0,24.4,84.0,52.7,0.0,0.0,3.4,7.7,0.0,28.4,10.4,256.3,2.4,12.2,241.0,999.8,999.8,2.7,5.2
2024-07-04 19:25:00+02:00,18.9,18.9,17.2,7.7,48.0,24.4,84.0,54.4,0.0,0.0,3.4,7.7,0.0,28.4,10.4,256.3,6.1,22.0,301.0,999.8,999.8,2.7,5.2
2024-07-04 19:30:00+02:00,18.7,18.7,16.8,7.6,48.0,24.4,84.0,52.1,0.0,0.0,3.4,7.7,0.0,28.4,10.4,256.3,7.0,22.0,241.0,999.8,999.8,2.7,5.2
2024-07-04 19:35:00+02:00,18.4,18.4,16.3,7.3,48.0,24.3,84.0,40.9,0.0,0.0,3.4,7.7,0.0,28.4,10.4,256.3,7.8,20.2,263.0,999.7,999.7,2.7,5.2
2024-07-04 19:40:00+02:00,18.4,18.4,17.3,7.7,50.0,24.3,84.0,39.9,0.0,0.0,3.4,7.7,0.0,28.4,10.4,256.3,3.1,9.4,271.0,999.8,999.8,2.7,5.2
2024-07-04 19:45:00+02:00,18.4,18.4,16.9,7.6,49.0,24.2,84.0,42.5,0.0,0.0,3.4,7.7,0.0,28.4,10.4,256.3,5.0,12.2,276.0,999.7,999.7,2.7,5.2
2024-07-04 19:50:00+02:00,18.3,18.3,16.3,7.6,49.0,24.2,84.0,43.5,0.0,0.0,3.4,7.7,0.0,28.4,10.4,256.3,7.7,17.3,276.0,999.8,999.8,2.7,5.2
2024-07-04 19:55:00+02:00,18.3,18.3,16.0,7.4,49.0,24.1,84.0,40.0,0.0,0.0,3.4,7.7,0.0,28.4,10.4,256.3,8.4,19.8,275.0,999.9,999.9,2.7,5.2
2024-07-04 20:00:00+02:00,18.2,18.2,16.1,7.5,50.0,24.1,84.0,35.6,0.0,0.0,3.4,7.7,0.0,28.4,10.4,256.3,7.5,14.0,267.0,1000.0,1000.0,2.7,5.2
2024-07-04 20:05:00+02:00,18.1,18.1,16.6,7.6,50.0,24.0,84.0,36.9,0.0,0.0,3.4,7.7,0.0,28.4,10.4,256.3,4.5,14.4,271.0,999.9,999.9,2.7,5.2
2024-07-04 20:10:00+02:00,18.0,18.0,16.9,7.9,52.0,24.0,84.0,36.9,0.0,0.0,3.4,7.7,0.0,28.4,10.4,256.3,3.0,8.6,337.0,1000.1,1000.1,2.7,5.2
2024-07-04 20:15:00+02:00,18.0,18.0,16.2,7.4,50.0,23.9,84.0,44.6,0.0,0.0,3.4,7.7,0.0,28.4,10.4,256.3,6.1,14.4,281.0,1000.2,1000.2,2.7,5.2
2024-07-04 20:20:00+02:00,18.0,18.0,15.7,7.3,49.0,23.8,84.0,48.1,0.0,0.0,3.4,7.7,0.0,28.4,10.4,256.3,8.9,21.2,281.0,1000.2,1000.2,2.7,5.2
2024-07-04 20:25:00+02:00,18.0,18.0,16.8,7.2,49.0,23.8,84.0,48.1,0.0,0.0,3.4,7.7,0.0,28.4,10.4,256.3,3.1,10.4,229.0,1000.3,1000.3,2.7,5.2
2024-07-04 20:30:00+02:00,18.0,18.0,16.7,7.1,49.0,23.7,84.0,50.8,0.0,0.0,3.4,7.7,0.0,28.4,10.4,256.3,3.2,10.1,216.0,1000.3,1000.3,2.7,5.2
2024-07-04 20:35:00+02:00,18.0,18.0,16.8,7.0,49.0,23.7,84.0,46.3,0.0,0.0,3.4,7.7,0.0,28.4,10.4,256.3,2.7,8.3,223.0,1000.3,1000.3,2.7,5.2
2024-07-04 20:40:00+02:00,18.0,18.0,16.4,6.9,48.0,23.6,84.0,40.0,0.0,0.0,3.4,7.7,0.0,28.4,10.4,256.3,4.2,7.9,279.0,1000.4,1000.4,2.7,5.2
2024-07-04 20:45:00+02:00,17.8,17.8,16.5,7.0,49.0,23.6,84.0,33.5,0.0,0.0,3.4,7.7,0.0,28.4,10.4,256.3,3.5,9.0,251.0,1000.5,1000.5,2.7,5.2
2024-07-04 20:50:00+02:00,17.7,17.7,15.6,7.0,49.0,23.6,84.0,26.3,0.0,0.0,3.4,7.7,0.0,28.4,10.4,256.3,7.2,15.5,277.0,1000.5,1000.5,2.7,5.2
2024-07-04 20:55:00+02:00,17.6,17.6,16.2,7.1,50.0,23.5,84.0,21.9,0.0,0.0,3.4,7.7,0.0,28.4,10.4,256.3,3.9,10.4,310.0,1000.6,1000.6,2.7,5.2
2024-07-04 21:00:00+02:00,17.5,17.5,16.6,7.3,51.0,23.5,84.0,20.6,0.0,0.0,3.4,7.7,0.0,28.4,10.4,256.3,1.5,7.2,269.0,1000.5,1000.5,2.7,5.2
2024-07-04 21:05:00+02:00,17.3,17.3,15.6,7.4,52.0,23.4,83.0,15.8,0.0,0.0,3.4,7.7,0.0,28.4,10.4,256.3,6.0,10.4,265.0,1000.6,1000.6,2.7,5.2
2024-07-04 21:10:00+02:00,17.2,17.2,15.1,7.7,54.0,23.3,83.0,15.3,0.0,0.0,3.4,7.7,0.0,28.4,10.4,256.3,7.8,14.8,279.0,1000.7,1000.7,2.7,5.2
2024-07-04 21:15:00+02:00,17.0,17.0,15.0,7.6,54.0,23.3,83.0,13.5,0.0,0.0,3.4,7.7,0.0,28.4,10.4,256.3,7.3,15.8,279.0,1000.8,1000.8,2.7,5.2
2024-07-04 21:20:00+02:00,16.8,16.8,15.1,7.3,53.0,23.3,83.0,11.8,0.0,0.0,3.4,7.7,0.0,28.4,10.4,256.3,6.0,17.3,263.0,1000.8,1000.8,2.7,5.2
2024-07-04 21:25:00+02:00,16.7,16.7,14.1,7.2,53.0,23.2,83.0,10.3,0.0,0.0,3.4,7.7,0.0,28.4,10.4,256.3,10.3,18.4,280.0,1000.9,1000.9,2.7,5.2
2024-07-04 21:30:00+02:00,16.6,16.6,14.9,7.3,54.0,23.1,83.0,7.7,0.0,0.0,3.4,7.7,0.0,28.4,10.4,256.3,5.0,10.8,274.0,1001.1,1001.1,2.7,5.2
2024-07-04 21:35:00+02:00,16.4,16.4,14.4,7.1,54.0,23.0,83.0,5.0,0.0,0.0,3.4,7.7,0.0,28.4,10.4,256.3,6.8,10.8,279.0,1001.1,1001.1,2.7,5.2
2024-07-04 21:40:00+02:00,16.2,16.2,14.5,7.2,55.0,23.0,83.0,3.9,0.0,0.0,3.4,7.7,0.0,28.4,10.4,256.3,5.4,10.1,278.0,1001.1,1001.1,2.7,5.2
2024-07-04 21:45:00+02:00,16.1,16.1,14.6,7.2,55.0,22.9,83.0,2.8,0.0,0.0,3.4,7.7,0.0,28.4,10.4,256.3,4.3,9.0,271.0,1001.3,1001.3,2.7,5.2
2024-07-04 21:50:00+02:00,16.0,16.0,14.7,7.0,55.0,22.8,83.0,1.9,0.0,0.0,3.4,7.7,0.0,28.4,10.4,256.3,3.3,9.4,264.0,1001.4,1001.4,2.7,5.2
2024-07-04 21:55:00+02:00,16.0,16.0,15.0,7.3,57.0,22.7,83.0,1.3,0.0,0.0,3.4,7.7,0.0,28.4,10.4,256.3,1.6,7.9,278.0,1001.4,1001.4,2.7,5.2
2024-07-04 22:00:00+02:00,15.8,15.8,15.2,7.5,58.0,22.7,83.0,0.8,0.0,0.0,3.4,7.7,0.0,28.4,10.4,256.3,0.0,2.5,98.0,1001.3,1001.3,2.7,5.2
2024-07-04 22:05:00+02:00,15.7,15.7,15.0,7.7,59.0,22.7,83.0,0.6,0.0,0.0,3.4,7.7,0.0,28.4,10.4,256.3,0.4,2.2,66.0,1001.3,1001.3,2.7,5.2
2024-07-04 22:10:00+02:00,15.4,15.4,14.7,7.7,60.0,22.5,83.0,0.2,0.0,0.0,3.4,7.7,0.0,28.4,10.4,256.3,0.9,2.9,146.0,1001.4,1001.4,2.7,5.2
2024-07-04 22:15:00+02:00,15.2,15.2,14.5,7.6,60.0,22.5,83.0,0.2,0.0,0.0,3.4,7.7,0.0,28.4,10.4,256.3,0.5,2.9,108.0,1001.6,1001.6,2.7,5.2
2024-07-04 22:20:00+02:00,15.1,15.1,14.5,7.8,61.0,22.4,83.0,0.1,0.0,0.0,3.4,7.7,0.0,28.4,10.4,256.3,0.4,2.9,125.0,1001.7,1001.7,2.7,5.2
2024-07-04 22:25:00+02:00,14.9,14.9,14.4,7.7,62.0,22.3,83.0,0.0,0.0,0.0,3.4,7.7,0.0,28.4,10.4,256.3,0.0,2.5,101.0,1001.7,1001.7,2.7,5.2
2024-07-04 22:30:00+02:00,14.8,14.8,14.3,8.0,64.0,22.3,83.0,0.0,0.0,0.0,3.4,7.7,0.0,28.4,10.4,256.3,0.4,2.2,117.0,1001.6,1001.6,2.7,5.2
2024-07-04 22:35:00+02:00,14.8,14.8,13.8,8.0,64.0,22.2,83.0,0.0,0.0,0.0,3.4,7.7,0.0,28.4,10.4,256.3,2.4,3.6,137.0,1001.7,1001.7,2.7,5.1
2024-07-04 22:40:00+02:00,14.8,14.8,14.2,7.8,63.0,22.2,83.0,0.0,0.0,0.0,3.4,7.7,0.0,28.4,10.4,256.3,0.4,2.9,146.0,1001.8,1001.8,2.7,5.1
2024-07-04 22:45:00+02:00,14.9,14.9,13.9,7.6,62.0,22.1,83.0,0.0,0.0,0.0,3.4,7.7,0.0,28.4,10.4,256.3,1.9,4.7,124.0,1001.7,1001.7,2.7,5.1
2024-07-04 22:50:00+02:00,14.8,14.8,14.2,7.8,63.0,22.0,83.0,0.0,0.0,0.0,3.4,7.7,0.0,28.4,10.4,256.3,0.4,2.9,125.0,1001.6,1001.6,2.7,5.1
2024-07-04 22:55:00+02:00,14.7,14.7,14.1,8.0,64.0,22.0,83.0,0.0,0.0,0.0,3.4,7.7,0.0,28.4,10.4,256.3,0.5,3.2,88.0,1001.6,1001.6,2.7,5.1
2024-07-04 23:00:00+02:00,14.4,14.4,13.6,8.1,66.0,21.9,83.0,0.0,0.0,0.0,3.4,7.7,0.0,28.4,10.4,256.3,2.2,3.6,115.0,1001.7,1001.7,2.7,5.1
2024-07-04 23:05:00+02:00,14.3,14.3,13.5,8.2,67.0,21.8,83.0,0.0,0.0,0.0,3.4,7.7,0.0,28.4,10.4,256.3,1.9,3.2,101.0,1001.7,1001.7,2.7,5.1
2024-07-04 23:10:00+02:00,14.2,14.2,13.3,8.3,68.0,21.8,82.0,0.0,0.0,0.0,3.4,7.7,0.0,28.4,10.4,256.3,2.3,3.2,113.0,1001.5,1001.5,2.7,5.1
2024-07-04 23:20:00+02:00,13.9,13.9,13.0,8.6,70.0,21.6,82.0,0.0,0.0,0.0,3.4,7.7,0.0,28.4,10.4,256.3,2.9,4.3,117.0,1001.6,1001.6,2.7,5.1
2024-07-04 23:25:00+02:00,13.9,13.9,12.9,8.4,70.0,21.5,82.0,0.0,0.0,0.0,3.4,7.7,0.0,28.4,10.4,256.3,3.2,4.3,109.0,1001.7,1001.7,2.7,5.1
2024-07-04 23:30:00+02:00,13.9,13.9,13.0,8.5,70.0,21.4,82.0,0.0,0.0,0.0,3.4,7.7,0.0,28.4,10.4,256.3,2.9,4.3,114.0,1001.8,1001.8,2.7,5.1
2024-07-04 23:35:00+02:00,14.0,14.0,13.1,8.7,71.0,21.3,82.0,0.0,0.0,0.0,3.4,7.7,0.0,28.4,10.4,256.3,3.1,4.7,106.0,1001.7,1001.7,2.7,5.1
2024-07-04 23:40:00+02:00,13.7,13.7,13.2,8.8,72.0,21.3,82.0,0.0,0.0,0.0,3.4,7.7,0.0,28.4,10.4,256.3,1.2,3.6,121.0,1001.7,1001.7,2.7,5.1
2024-07-04 23:45:00+02:00,13.5,13.5,12.7,8.7,73.0,21.2,82.0,0.0,0.0,0.0,3.4,7.7,0.0,28.4,10.4,256.3,2.4,3.2,129.0,1001.7,1001.7,2.7,5.1
2024-07-04 23:50:00+02:00,13.4,13.4,12.6,8.7,73.0,21.1,82.0,0.0,0.0,0.0,3.4,7.7,0.0,28.4,10.4,256.3,2.7,4.3,115.0,1001.8,1001.8,2.7,5.1
2024-07-04 23:55:00+02:00,13.3,13.3,12.4,8.7,73.0,21.0,82.0,0.0,0.0,0.0,3.4,7.7,0.0,28.4,10.4,256.3,3.4,4.7,112.0,1001.7,1001.7,2.7,5.1
2024-07-05 00:00:00+02:00,13.3,13.3,12.4,8.8,74.0,21.0,82.0,0.0,0.0,0.0,0.0,7.7,0.0,28.4,10.4,256.3,2.9,4.0,116.0,1001.7,1001.7,2.7,5.1
2024-07-05 00:05:00+02:00,13.2,13.2,12.4,8.8,75.0,20.9,82.0,0.0,0.0,0.0,0.0,7.7,0.0,28.4,10.4,256.3,2.7,4.0,119.0,1001.6,1001.6,2.7,5.1
2024-07-05 00:10:00+02:00,13.1,13.1,12.4,8.6,74.0,20.8,82.0,0.0,0.0,0.0,0.0,7.7,0.0,28.4,10.4,256.3,1.9,3.2,118.0,1001.8,1001.8,2.7,5.1
2024-07-05 00:15:00+02:00,13.1,13.1,12.1,8.7,74.0,20.8,82.0,0.0,0.0,0.0,0.0,7.7,0.0,28.4,10.4,256.3,3.3,4.7,112.0,1001.8,1001.8,2.7,5.0
2024-07-05 00:20:00+02:00,13.0,13.0,12.2,8.8,76.0,20.7,82.0,0.0,0.0,0.0,0.0,7.7,0.0,28.4,10.4,256.3,2.7,3.6,111.0,1001.7,1001.7,2.7,5.0
2024-07-05 00:25:00+02:00,12.9,12.9,12.1,8.8,76.0,20.7,82.0,0.0,0.0,0.0,0.0,7.7,0.0,28.4,10.4,256.3,2.9,3.6,113.0,1001.8,1001.8,2.7,5.0
2024-07-05 00:30:00+02:00,12.8,12.8,12.0,8.8,76.0,20.6,82.0,0.0,0.0,0.0,0.0,7.7,0.0,28.4,10.4,256.3,2.9,3.6,106.0,1001.6,1001.6,2.7,5.0
2024-07-05 00:35:00+02:00,12.8,12.8,11.8,8.3,74.0,20.5,82.0,0.0,0.0,0.0,0.0,7.7,0.0,28.4,10.4,256.3,3.1,4.3,122.0,1001.7,1001.7,2.7,5.0
2024-07-05 00:40:00+02:00,13.2,13.2,12.2,8.2,72.0,20.4,82.0,0.0,0.0,0.0,0.0,7.7,0.0,28.4,10.4,256.3,3.3,4.7,125.0,1001.8,1001.8,2.7,5.0
2024-07-05 00:45:00+02:00,13.4,13.4,12.4,8.3,71.0,20.4,82.0,0.0,0.0,0.0,0.0,7.7,0.0,28.4,10.4,256.3,3.2,5.0,123.0,1001.7,1001.7,2.7,5.0
2024-07-05 00:50:00+02:00,13.4,13.4,12.5,8.3,71.0,20.3,82.0,0.0,0.0,0.0,0.0,7.7,0.0,28.4,10.4,256.3,2.8,5.0,125.0,1001.6,1001.6,2.7,5.0
2024-07-05 00:55:00+02:00,13.4,13.4,12.5,8.4,72.0,20.2,82.0,0.0,0.0,0.0,0.0,7.7,0.0,28.4,10.4,256.3,2.8,4.7,125.0,1001.6,1001.6,2.7,5.0
2024-07-05 01:00:00+02:00,13.3,13.3,12.3,8.3,72.0,20.2,82.0,0.0,0.0,0.0,0.0,7.7,0.0,28.4,10.4,256.3,3.2,4.3,127.0,1001.6,1001.6,2.7,5.0
2024-07-05 01:05:00+02:00,13.1,13.1,12.1,8.5,73.0,20.1,82.0,0.0,0.0,0.0,0.0,7.7,0.0,28.4,10.4,256.3,3.5,4.3,125.0,1001.4,1001.4,2.7,5.0
2024-07-05 01:10:00+02:00,13.2,13.2,12.0,8.2,72.0,20.0,82.0,0.0,0.0,0.0,0.0,7.7,0.0,28.4,10.4,256.3,4.1,5.8,129.0,1001.4,1001.4,2.7,5.0
2024-07-05 01:15:00+02:00,13.3,13.3,12.8,8.4,73.0,20.0,82.0,0.0,0.0,0.0,0.0,7.7,0.0,28.4,10.4,256.3,0.8,3.6,124.0,1001.4,1001.4,2.7,5.0
2024-07-05 01:20:00+02:00,12.9,12.9,12.7,8.9,77.0,19.9,82.0,0.0,0.0,0.0,0.0,7.7,0.0,28.4,10.4,256.3,0.0,0.0,141.0,1001.7,1001.7,2.7,5.0
2024-07-05 01:25:00+02:00,12.7,12.7,12.3,8.7,77.0,19.8,82.0,0.0,0.0,0.0,0.0,7.7,0.0,28.4,10.4,256.3,0.9,2.5,97.0,1001.7,1001.7,2.7,5.0
2024-07-05 01:30:00+02:00,12.8,12.8,12.1,8.8,77.0,19.8,82.0,0.0,0.0,0.0,0.0,7.7,0.0,28.4,10.4,256.3,2.1,4.0,111.0,1001.5,1001.5,2.7,5.0
2024-07-05 01:35:00+02:00,13.0,13.0,12.3,9.0,76.0,19.8,82.0,0.0,0.0,0.0,0.0,7.7,0.0,28.4,10.4,256.3,2.5,4.3,127.0,1001.3,1001.3,2.7,5.0
2024-07-05 01:40:00+02:00,13.2,13.2,12.1,8.5,73.0,19.7,82.0,0.0,0.0,0.0,0.0,7.7,0.0,28.4,10.4,256.3,3.7,5.0,130.0,1001.6,1001.6,2.7,5.0
2024-07-05 01:45:00+02:00,13.5,13.5,12.3,8.5,72.0,19.7,82.0,0.0,0.0,0.0,0.0,7.7,0.0,28.4,10.4,256.3,4.3,5.4,126.0,1001.6,1001.6,2.7,5.0
2024-07-05 01:50:00+02:00,13.5,13.5,12.5,8.6,72.0,19.6,82.0,0.0,0.0,0.0,0.0,7.7,0.0,28.4,10.4,256.3,4.0,8.3,128.0,1001.4,1001.4,2.7,5.0
2024-07-05 01:55:00+02:00,13.6,13.6,12.1,8.7,72.0,19.5,82.0,0.0,0.0,0.0,0.0,7.7,0.0,28.4,10.4,256.3,6.0,10.1,134.0,1001.3,1001.3,2.7,5.0
2024-07-05 02:00:00+02:00,13.7,13.7,12.2,8.7,72.0,19.5,82.0,0.0,0.0,0.0,0.0,7.7,0.0,28.4,10.4,256.3,6.5,13.0,127.0,1001.3,1001.3,2.7,5.0
2024-07-05 02:05:00+02:00,13.8,13.8,12.1,8.8,72.0,19.5,82.0,0.0,0.0,0.0,0.0,7.7,0.0,28.4,10.4,256.3,7.6,11.2,126.0,1001.2,1001.2,2.7,4.9
2024-07-05 02:10:00+02:00,13.7,13.7,12.3,8.9,73.0,19.4,82.0,0.0,0.0,0.0,0.0,7.7,0.0,28.4,10.4,256.3,5.8,11.2,127.0,1001.3,1001.3,2.7,4.9
2024-07-05 02:15:00+02:00,13.5,13.5,12.0,8.9,74.0,19.4,82.0,0.0,0.0,0.0,0.0,7.7,0.0,28.4,10.4,256.3,6.5,9.7,124.0,1001.3,1001.3,2.7,4.9
2024-07-05 02:20:00+02:00,13.5,13.5,12.0,8.9,74.0,19.3,82.0,0.0,0.0,0.0,0.0,7.7,0.0,28.4,10.4,256.3,6.4,11.2,122.0,1001.3,1001.3,2.7,4.9
2024-07-05 02:25:00+02:00,13.4,13.4,12.1,9.0,75.0,19.3,82.0,0.0,0.0,0.0,0.0,7.7,0.0,28.4,10.4,256.3,5.7,11.9,124.0,1001.3,1001.3,2.7,4.9
2024-07-05 02:30:00+02:00,13.4,13.4,11.8,8.8,74.0,19.2,82.0,0.0,0.0,0.0,0.0,7.7,0.0,28.4,10.4,256.3,7.1,10.8,127.0,1001.2,1001.2,2.7,4.9
2024-07-05 02:35:00+02:00,13.5,13.5,12.1,8.9,74.0,19.2,82.0,0.0,0.0,0.0,0.0,7.7,0.0,28.4,10.4,256.3,5.8,9.7,120.0,1001.2,1001.2,2.7,4.9
2024-07-05 02:40:00+02:00,13.3,13.3,12.5,9.1,75.0,19.1,82.0,0.0,0.0,0.0,0.0,7.7,0.0,28.4,10.4,256.3,3.4,7.9,132.0,1001.3,1001.3,2.7,4.9
2024-07-05 02:45:00+02:00,13.3,13.3,12.5,9.1,76.0,19.1,82.0,0.0,0.0,0.0,0.0,7.7,0.0,28.4,10.4,256.3,3.1,6.1,121.0,1001.4,1001.4,2.7,4.9
2024-07-05 02:50:00+02:00,13.4,13.4,12.1,8.9,74.0,19.0,82.0,0.0,0.0,0.0,0.0,7.7,0.0,28.4,10.4,256.3,5.3,9.0,130.0,1001.3,1001.3,2.7,4.9
2024-07-05 02:55:00+02:00,13.5,13.5,12.5,9.0,74.0,19.0,82.0,0.0,0.0,0.0,0.0,7.7,0.0,28.4,10.4,256.3,4.1,8.3,115.0,1001.3,1001.3,2.7,4.9
2024-07-05 03:00:00+02:00,13.5,13.5,12.2,9.0,74.0,19.0,82.0,0.0,0.0,0.0,0.0,7.7,0.0,28.4,10.4,256.3,5.6,8.3,119.0,1001.3,1001.3,2.7,4.9
2024-07-05 03:05:00+02:00,13.4,13.4,12.3,8.9,74.0,18.9,82.0,0.0,0.0,0.0,0.0,7.7,0.0,28.4,10.4,256.3,4.9,9.4,119.0,1001.4,1001.4,2.7,4.9
2024-07-05 03:10:00+02:00,13.5,13.5,12.2,8.9,74.0,18.9,82.0,0.0,0.0,0.0,0.0,7.7,0.0,28.4,10.4,256.3,5.3,9.0,118.0,1001.4,1001.4,2.7,4.9
2024-07-05 03:15:00+02:00,13.4,13.4,12.0,8.8,74.0,18.8,82.0,0.0,0.0,0.0,0.0,7.7,0.0,28.4,10.4,256.3,6.1,12.2,123.0,1001.3,1001.3,2.7,4.9
2024-07-05 03:20:00+02:00,13.5,13.5,11.8,8.8,73.0,18.8,82.0,0.0,0.0,0.0,0.0,7.7,0.0,28.4,10.4,256.3,7.1,12.2,121.0,1001.3,1001.3,2.7,4.9
2024-07-05 03:25:00+02:00,13.4,13.4,11.8,8.8,74.0,18.8,82.0,0.0,0.0,0.0,0.0,7.7,0.0,28.4,10.4,256.3,6.8,10.1,128.0,1001.2,1001.2,2.7,4.9
2024-07-05 03:30:00+02:00,13.4,13.4,11.9,8.8,74.0,18.7,82.0,0.0,0.0,0.0,0.0,7.7,0.0,28.4,10.4,256.3,6.1,13.7,131.0,1001.1,1001.1,2.7,4.9
2024-07-05 03:35:00+02:00,13.4,13.4,12.1,8.8,74.0,18.7,82.0,0.0,0.0,0.0,0.0,7.7,0.0,28.4,10.4,256.3,5.3,9.4,123.0,1001.2,1001.2,2.7,4.9
2024-07-05 03:40:00+02:00,13.3,13.3,11.7,8.7,74.0,18.7,82.0,0.0,0.0,0.0,0.0,7.7,0.0,28.4,10.4,256.3,6.8,10.4,124.0,1001.2,1001.2,2.7,4.9
2024-07-05 03:45:00+02:00,13.3,13.3,12.0,8.7,74.0,18.6,82.0,0.0,0.0,0.0,0.0,7.7,0.0,28.4,10.4,256.3,5.3,10.4,119.0,1001.2,1001.2,2.7,4.9
2024-07-05 03:50:00+02:00,13.3,13.3,12.0,8.7,74.0,18.6,82.0,0.0,0.0,0.0,0.0,7.7,0.0,28.4,10.4,256.3,5.4,8.3,125.0,1001.1,1001.1,2.7,4.9
2024-07-05 03:55:00+02:00,13.3,13.3,11.9,8.7,74.0,18.6,82.0,0.0,0.0,0.0,0.0,7.7,0.0,28.4,10.4,256.3,5.8,13.7,124.0,1001.1,1001.1,2.7,4.8
2024-07-05 04:00:00+02:00,13.3,13.3,11.8,8.7,74.0,18.5,82.0,0.0,0.0,0.0,0.0,7.7,0.0,28.4,10.4,256.3,6.4,13.7,132.0,1001.2,1001.2,2.7,4.8
2024-07-05 04:05:00+02:00,13.3,13.3,11.9,8.8,74.0,18.5,82.0,0.0,0.0,0.0,0.0,7.7,0.0,28.4,10.4,256.3,5.5,9.4,120.0,1001.1,1001.1,2.7,4.8
2024-07-05 04:10:00+02:00,13.3,13.3,11.5,8.7,74.0,18.5,82.0,0.0,0.0,0.0,0.0,7.7,0.0,28.4,10.4,256.3,7.7,14.0,123.0,1001.1,1001.1,2.7,4.8
2024-07-05 04:15:00+02:00,13.3,13.3,11.8,8.6,73.0,18.4,82.0,0.0,0.0,0.0,0.0,7.7,0.0,28.4,10.4,256.3,6.3,12.2,119.0,1001.1,1001.1,2.7,4.8
2024-07-05 04:20:00+02:00,13.3,13.3,11.9,8.7,74.0,18.4,82.0,0.0,0.0,0.0,0.0,7.7,0.0,28.4,10.4,256.3,5.9,14.4,121.0,1001.2,1001.2,2.7,4.8
2024-07-05 04:25:00+02:00,13.3,13.3,11.7,8.7,74.0,18.4,82.0,0.0,0.0,0.0,0.0,7.7,0.0,28.4,10.4,256.3,6.6,10.1,119.0,1001.1,1001.1,2.7,4.8
2024-07-05 04:30:00+02:00,13.3,13.3,11.4,8.7,74.0,18.4,82.0,0.0,0.0,0.0,0.0,7.7,0.0,28.4,10.4,256.3,8.3,12.6,111.0,1001.1,1001.1,2.7,4.8
2024-07-05 04:35:00+02:00,13.3,13.3,11.4,8.8,74.0,18.3,82.0,0.0,0.0,0.0,0.0,7.7,0.0,28.4,10.4,256.3,8.5,14.0,120.0,1001.1,1001.1,2.7,4.8
2024-07-05 04:40:00+02:00,13.2,13.2,11.6,8.7,74.0,18.3,82.0,0.0,0.0,0.0,0.0,7.7,0.0,28.4,10.4,256.3,6.8,16.6,117.0,1001.0,1001.0,2.7,4.8
2024-07-05 04:45:00+02:00,13.2,13.2,11.6,8.8,75.0,18.3,82.0,0.0,0.0,0.0,0.0,7.7,0.0,28.4,10.4,256.3,6.6,11.9,123.0,1001.2,1001.2,2.7,4.8
2024-07-05 04:50:00+02:00,13.2,13.2,11.5,8.8,75.0,18.2,82.0,0.0,0.0,0.0,0.0,7.7,0.0,28.4,10.4,256.3,7.6,11.9,118.0,1001.2,1001.2,2.7,4.8
2024-07-05 04:55:00+02:00,13.1,13.1,11.5,8.9,76.0,18.2,82.0,0.1,0.0,0.0,0.0,7.7,0.0,28.4,10.4,256.3,7.2,9.7,119.0,1001.1,1001.1,2.7,4.8
2024-07-05 05:00:00+02:00,13.1,13.1,11.5,8.8,75.0,18.2,82.0,0.2,0.0,0.0,0.0,7.7,0.0,28.4,10.4,256.3,6.9,13.0,125.0,1001.2,1001.2,2.7,4.8
2024-07-05 05:05:00+02:00,13.2,13.2,11.7,8.9,75.0,18.2,82.0,0.3,0.0,0.0,0.0,7.7,0.0,28.4,10.4,256.3,6.3,12.6,127.0,1001.1,1001.1,2.7,4.8
2024-07-05 05:10:00+02:00,13.1,13.1,11.6,8.9,76.0,18.2,82.0,0.7,0.0,0.0,0.0,7.7,0.0,28.4,10.4,256.3,6.5,10.8,112.0,1001.2,1001.2,2.7,4.8
2024-07-05 05:15:00+02:00,13.1,13.1,11.5,9.0,76.0,18.1,82.0,1.2,0.0,0.0,0.0,7.7,0.0,28.4,10.4,256.3,6.8,9.4,122.0,1001.2,1001.2,2.7,4.8
2024-07-05 05:20:00+02:00,13.1,13.1,11.3,8.9,76.0,18.1,82.0,1.7,0.0,0.0,0.0,7.7,0.0,28.4,10.4,256.3,8.1,13.3,124.0,1001.3,1001.3,2.7,4.8
2024-07-05 05:25:00+02:00,13.1,13.1,11.2,9.0,76.0,18.1,82.0,2.8,0.0,0.0,0.0,7.7,0.0,28.4,10.4,256.3,8.4,14.0,128.0,1001.2,1001.2,2.7,4.8
2024-07-05 05:30:00+02:00,13.1,13.1,11.5,9.0,76.0,18.1,82.0,4.1,0.0,0.0,0.0,7.7,0.0,28.4,10.4,256.3,6.9,14.0,126.0,1001.2,1001.2,2.7,4.8
2024-07-05 05:35:00+02:00,13.1,13.1,11.7,9.0,76.0,18.0,82.0,5.0,0.0,0.0,0.0,7.7,0.0,28.4,10.4,256.3,6.3,12.2,109.0,1001.2,1001.2,2.7,4.8
2024-07-05 05:40:00+02:00,13.1,13.1,11.7,9.0,76.0,18.0,82.0,5.6,0.0,0.0,0.0,7.7,0.0,28.4,10.4,256.3,6.0,14.4,129.0,1001.1,1001.1,2.7,4.8
2024-07-05 05:45:00+02:00,13.1,13.1,12.0,9.1,77.0,18.0,82.0,5.7,0.0,0.0,0.0,7.7,0.0,28.4,10.4,256.3,4.8,13.3,110.0,1001.1,1001.1,2.7,4.7
2024-07-05 05:50:00+02:00,13.1,13.1,11.6,9.0,76.0,18.0,82.0,7.1,0.0,0.0,0.0,7.7,0.0,28.4,10.4,256.3,6.5,10.4,119.0,1001.1,1001.1,2.7,4.7
2024-07-05 05:55:00+02:00,13.2,13.2,11.9,9.1,76.0,18.0,82.0,6.1,0.0,0.0,0.0,7.7,0.0,28.4,10.4,256.3,5.5,12.2,118.0,1001.2,1001.2,2.7,4.7
2024-07-05 06:00:00+02:00,13.2,13.2,11.3,9.0,75.0,17.9,83.0,8.1,0.0,0.0,0.0,7.7,0.0,28.4,10.4,256.3,8.8,12.6,116.0,1001.2,1001.2,2.7,4.7
2024-07-05 06:05:00+02:00,13.2,13.2,11.8,9.1,76.0,17.9,83.0,14.6,0.0,0.0,0.0,7.7,0.0,28.4,10.4,256.3,6.2,13.3,120.0,1001.2,1001.2,2.7,4.7
2024-07-05 06:10:00+02:00,13.2,13.2,11.8,9.0,76.0,17.9,83.0,19.7,0.0,0.0,0.0,7.7,0.0,28.4,10.4,256.3,6.3,11.9,117.0,1001.3,1001.3,2.7,4.7
2024-07-05 06:15:00+02:00,13.2,13.2,12.0,9.2,77.0,17.9,83.0,27.0,0.0,0.0,0.0,7.7,0.0,28.4,10.4,256.3,5.3,11.2,121.0,1001.3,1001.3,2.7,4.7
2024-07-05 06:20:00+02:00,13.2,13.2,11.2,9.1,76.0,17.9,83.0,30.5,0.0,0.0,0.0,7.7,0.0,28.4,10.4,256.3,9.6,16.2,120.0,1001.2,1001.2,2.7,4.7
2024-07-05 06:25:00+02:00,13.3,13.3,11.3,9.1,76.0,17.9,83.0,32.1,0.0,0.0,0.0,7.7,0.0,28.4,10.4,256.3,9.4,16.2,128.0,1001.2,1001.2,2.7,4.7
2024-07-05 06:30:00+02:00,13.3,13.3,11.8,9.2,76.0,17.9,83.0,32.1,0.0,0.0,0.0,7.7,0.0,28.4,10.4,256.3,7.1,14.0,132.0,1001.1,1001.1,2.7,4.7
2024-07-05 06:35:00+02:00,13.3,13.3,12.3,9.2,76.0,17.9,83.0,33.5,0.0,0.0,0.0,7.7,0.0,28.4,10.4,256.3,4.9,11.5,141.0,1001.3,1001.3,2.7,4.7
2024-07-05 06:40:00+02:00,13.4,13.4,12.3,9.4,77.0,17.9,83.0,35.7,0.0,0.0,0.0,7.7,0.0,28.4,10.4,256.3,5.3,10.4,131.0,1001.2,1001.2,2.7,4.7
2024-07-05 06:45:00+02:00,13.4,13.4,11.8,9.3,76.0,17.9,83.0,44.6,0.0,0.0,0.0,7.7,0.0,28.4,10.4,256.3,7.5,14.4,127.0,1001.3,1001.3,2.7,4.7
2024-07-05 06:50:00+02:00,13.4,13.4,11.9,9.5,77.0,17.9,83.0,45.1,0.0,0.0,0.0,7.7,0.0,28.4,10.4,256.3,7.4,14.8,128.0,1001.2,1001.2,2.7,4.7
2024-07-05 06:55:00+02:00,13.3,13.3,11.5,9.4,77.0,17.9,83.0,38.4,0.0,0.0,0.0,7.7,0.0,28.4,10.4,256.3,9.2,16.6,117.0,1001.0,1001.0,2.7,4.8
2024-07-05 07:00:00+02:00,13.3,13.3,12.2,9.5,78.0,17.9,83.0,56.3,0.0,0.0,0.0,7.7,0.0,28.4,10.4,256.3,5.3,15.5,119.0,1001.2,1001.2,2.7,4.8
2024-07-05 07:05:00+02:00,13.4,13.4,11.9,9.6,77.0,17.9,83.0,88.6,0.0,0.0,0.0,7.7,0.0,28.4,10.4,256.3,7.4,15.5,122.0,1001.1,1001.1,2.7,4.8
2024-07-05 07:10:00+02:00,13.7,13.7,12.1,9.7,77.0,17.9,83.0,100.2,0.0,0.0,0.0,7.7,0.0,28.4,10.4,256.3,7.7,13.7,126.0,1001.1,1001.1,2.7,4.8
2024-07-05 07:15:00+02:00,13.8,13.8,12.2,9.9,77.0,17.9,83.0,83.0,0.0,0.0,0.0,7.7,0.0,28.4,10.4,256.3,8.3,14.4,127.0,1001.1,1001.1,2.7,4.8
2024-07-05 07:20:00+02:00,13.8,13.8,11.9,9.8,77.0,17.9,84.0,66.5,0.0,0.0,0.0,7.7,0.0,28.4,10.4,256.3,9.7,19.1,117.0,1001.1,1001.1,2.7,4.8
2024-07-05 07:25:00+02:00,13.8,13.8,12.0,9.9,78.0,18.0,84.0,61.2,0.0,0.0,0.0,7.7,0.0,28.4,10.4,256.3,9.4,16.9,128.0,1001.2,1001.2,2.7,4.8
2024-07-05 07:30:00+02:00,13.8,13.8,12.2,9.9,78.0,18.0,84.0,68.1,0.0,0.0,0.0,7.7,0.0,28.4,10.4,256.3,8.5,16.6,128.0,1001.3,1001.3,2.7,4.8
2024-07-05 07:35:00+02:00,13.8,13.8,12.6,10.0,78.0,18.1,84.0,83.4,0.0,0.0,0.0,7.7,0.0,28.4,10.4,256.3,6.3,16.2,120.0,1001.3,1001.3,2.7,4.8
2024-07-05 07:40:00+02:00,14.0,14.0,12.8,10.1,78.0,18.1,84.0,81.7,0.0,0.0,0.0,7.7,0.0,28.4,10.4,256.3,6.6,14.0,114.0,1001.3,1001.3,2.7,4.8
2024-07-05 07:45:00+02:00,14.0,14.0,12.7,10.2,78.0,18.1,84.0,85.3,0.0,0.0,0.0,7.7,0.0,28.4,10.4,256.3,6.9,14.0,123.0,1001.3,1001.3,2.7,4.9
2024-07-05 07:50:00+02:00,14.0,14.0,12.9,10.2,78.0,18.2,84.0,62.8,0.0,0.0,0.0,7.7,0.0,28.4,10.4,256.3,6.0,15.5,134.0,1001.3,1001.3,2.7,4.9
2024-07-05 07:55:00+02:00,14.0,14.0,13.3,10.2,78.0,18.2,84.0,57.3,0.0,0.0,0.0,7.7,0.0,28.4,10.4,256.3,4.2,8.6,88.0,1001.4,1001.4,2.7,4.9
2024-07-05 08:00:00+02:00,14.0,14.0,13.3,10.4,79.0,18.2,84.0,63.5,0.0,0.0,0.0,7.7,0.0,28.4,10.4,256.3,4.3,11.9,134.0,1001.4,1001.4,2.7,4.9
2024-07-05 08:05:00+02:00,14.0,14.0,13.2,10.3,78.0,18.2,84.0,81.9,0.0,0.0,0.0,7.7,0.0,28.4,10.4,256.3,5.0,12.2,124.0,1001.2,1001.2,2.7,4.9
2024-07-05 08:10:00+02:00,14.2,14.2,13.5,10.4,78.0,18.3,84.0,87.6,0.0,0.0,0.0,7.7,0.0,28.4,10.4,256.3,4.2,13.0,118.0,1001.3,1001.3,2.7,4.9
2024-07-05 08:15:00+02:00,14.2,14.2,13.6,10.5,78.0,18.3,84.0,92.7,0.0,0.0,0.0,7.7,0.0,28.4,10.4,256.3,4.2,15.1,122.0,1001.3,1001.3,2.7,4.9
2024-07-05 08:20:00+02:00,14.3,14.3,13.6,10.6,78.0,18.3,84.0,91.6,0.0,0.0,0.0,7.7,0.0,28.4,10.4,256.3,4.9,15.1,129.0,1001.3,1001.3,2.7,4.9
2024-07-05 08:25:00+02:00,14.4,14.4,13.8,10.6,78.0,18.4,84.0,90.3,0.0,0.0,0.0,7.7,0.0,28.4,10.4,256.3,4.0,10.1,114.0,1001.3,1001.3,2.7,5.0
2024-07-05 08:30:00+02:00,14.4,14.4,13.4,10.6,78.0,18.4,84.0,96.6,0.0,0.0,0.0,7.7,0.0,28.4,10.4,256.3,6.3,17.6,109.0,1001.5,1001.5,2.7,5.0
2024-07-05 08:35:00+02:00,14.3,14.3,13.4,10.7,79.0,18.4,84.0,128.0,1.0,0.0,0.0,7.7,0.0,28.4,10.4,256.3,6.0,16.2,129.0,1001.2,1001.2,2.7,5.0
2024-07-05 08:40:00+02:00,14.6,14.6,13.3,10.8,78.0,18.5,84.0,159.0,1.0,0.0,0.0,7.7,0.0,28.4,10.4,256.3,8.3,19.8,137.0,1001.1,1001.1,2.7,5.0
2024-07-05 08:45:00+02:00,14.6,14.6,13.3,10.8,78.0,18.5,84.0,136.4,1.0,0.0,0.0,7.7,0.0,28.4,10.4,256.3,8.0,20.2,107.0,1001.2,1001.2,2.7,5.0
2024-07-05 08:50:00+02:00,14.7,14.7,13.7,10.9,78.0,18.6,85.0,134.3,1.0,0.0,0.0,7.7,0.0,28.4,10.4,256.3,6.6,18.7,109.0,1001.2,1001.2,2.7,5.0
2024-07-05 08:55:00+02:00,14.8,14.8,14.0,11.0,78.0,18.6,85.0,132.3,1.0,0.0,0.0,7.7,0.0,28.4,10.4,256.3,5.8,13.0,138.0,1001.2,1001.2,2.7,5.1
2024-07-05 09:00:00+02:00,14.7,14.7,13.4,10.8,77.0,18.7,85.0,142.8,1.0,0.0,0.0,7.7,0.0,28.4,10.4,256.3,8.3,23.0,109.0,1001.1,1001.1,2.7,5.1
2024-07-05 09:05:00+02:00,14.8,14.8,13.9,11.0,78.0,18.7,85.0,176.4,1.0,0.0,0.0,7.7,0.0,28.4,10.4,256.3,6.0,14.4,129.0,1001.1,1001.1,2.7,5.1
2024-07-05 09:10:00+02:00,15.0,15.0,13.7,11.0,77.0,18.8,85.0,289.3,2.0,0.0,0.0,7.7,0.0,28.4,10.4,256.3,8.5,16.2,122.0,1001.2,1001.2,2.7,5.1
2024-07-05 09:15:00+02:00,15.2,15.2,13.6,10.9,76.0,18.8,85.0,240.1,2.0,0.0,0.0,7.7,0.0,28.4,10.4,256.3,10.0,20.5,116.0,1001.0,1001.0,2.7,5.2
2024-07-05 09:20:00+02:00,15.4,15.4,14.8,11.1,75.0,18.9,85.0,281.4,2.0,0.0,0.0,7.7,0.0,28.4,10.4,256.3,5.3,19.1,122.0,1001.1,1001.1,2.7,5.2
2024-07-05 09:25:00+02:00,16.0,16.0,15.0,11.4,74.0,19.0,85.0,299.4,2.0,0.0,0.0,7.7,0.0,28.4,10.4,256.3,7.6,18.7,139.0,1001.0,1001.0,2.7,5.2
2024-07-05 09:30:00+02:00,16.0,16.0,15.1,11.3,74.0,19.2,86.0,323.8,3.0,0.0,0.0,7.7,0.0,28.4,10.4,256.3,6.4,17.3,135.0,1001.0,1001.0,2.7,5.2
2024-07-05 09:35:00+02:00,16.2,16.2,15.0,11.4,73.0,19.3,86.0,410.1,3.0,0.0,0.0,7.7,0.0,28.4,10.4,256.3,8.5,17.3,126.0,1001.0,1001.0,2.7,5.2
2024-07-05 09:40:00+02:00,16.1,16.1,14.1,11.2,73.0,19.5,86.0,314.8,2.0,0.0,0.0,7.7,0.0,28.4,10.4,256.3,12.3,23.0,122.0,1001.0,1001.0,2.7,5.2
2024-07-05 09:45:00+02:00,16.2,16.2,14.0,11.3,72.0,19.6,86.0,369.1,3.0,0.0,0.0,7.7,0.0,28.4,10.4,256.3,13.2,19.4,128.0,1000.9,1000.9,2.7,5.2
2024-07-05 09:50:00+02:00,16.4,16.4,14.6,11.3,72.0,19.8,86.0,398.3,3.0,0.0,0.0,7.7,0.0,28.4,10.4,256.3,11.2,23.8,130.0,1000.9,1000.9,2.7,5.2
2024-07-05 09:55:00+02:00,16.6,16.6,15.5,11.3,71.0,20.0,86.0,287.6,2.0,0.0,0.0,7.7,0.0,28.4,10.4,256.3,8.2,17.6,152.0,1001.0,1001.0,2.7,5.2
2024-07-05 10:00:00+02:00,16.5,16.5,14.2,11.0,70.0,20.1,86.0,325.7,3.0,0.0,0.0,0.0,0.0,28.4,10.4,256.3,13.2,22.3,124.0,1001.0,1001.0,2.7,5.2
2024-07-05 10:05:00+02:00,16.5,16.5,15.0,11.1,70.0,20.3,86.0,433.0,4.0,0.0,0.0,0.0,0.0,28.4,10.4,256.3,9.7,23.0,131.0,1001.1,1001.1,2.7,5.2
2024-07-05 10:10:00+02:00,17.1,17.1,15.5,11.3,69.0,20.4,86.0,577.4,5.0,0.0,0.0,0.0,0.0,28.4,10.4,256.3,10.4,18.0,123.0,1001.1,1001.1,2.7,5.2
2024-07-05 10:15:00+02:00,17.2,17.2,16.3,11.4,69.0,20.5,86.0,259.0,2.0,0.0,0.0,0.0,0.0,28.4,10.4,256.3,7.1,21.2,144.0,1001.1,1001.1,2.7,5.2
2024-07-05 10:20:00+02:00,17.2,17.2,16.8,11.4,69.0,20.7,86.0,187.3,1.0,0.0,0.0,0.0,0.0,28.4,10.4,256.3,4.2,16.9,129.0,1001.1,1001.1,2.7,5.2
2024-07-05 10:25:00+02:00,17.3,17.3,16.7,11.3,68.0,20.8,86.0,178.6,1.0,0.0,0.0,0.0,0.0,28.4,10.4,256.3,5.0,16.6,132.0,1001.2,1001.2,2.7,5.2
2024-07-05 10:30:00+02:00,16.8,16.8,16.1,11.2,70.0,20.8,86.0,124.4,1.0,0.0,0.0,0.0,0.0,28.4,10.4,256.3,5.8,19.8,129.0,1001.1,1001.1,2.7,5.2
2024-07-05 10:35:00+02:00,16.4,16.4,14.5,11.0,70.0,20.9,86.0,178.4,1.0,0.0,0.0,0.0,0.0,28.4,10.4,256.3,11.4,22.7,120.0,1001.2,1001.2,2.7,5.2
2024-07-05 10:40:00+02:00,16.6,16.6,15.3,11.2,70.0,21.0,86.0,548.6,5.0,0.0,0.0,0.0,0.0,28.4,10.4,256.3,8.4,22.7,127.0,1001.1,1001.1,2.7,5.2
2024-07-05 10:45:00+02:00,17.6,17.6,17.3,11.5,67.0,21.1,86.0,314.4,2.0,0.0,0.0,0.0,0.0,28.4,10.4,256.3,3.9,10.8,101.0,1001.2,1001.2,2.7,5.2
2024-07-05 10:50:00+02:00,17.5,17.5,16.0,11.6,68.0,21.2,86.0,216.0,2.0,0.0,0.0,0.0,0.0,28.4,10.4,256.3,10.4,18.0,122.0,1001.2,1001.2,2.7,5.2
2024-07-05 10:55:00+02:00,17.0,17.0,16.0,11.2,69.0,21.3,86.0,275.9,2.0,0.0,0.0,0.0,0.0,28.4,10.4,256.3,6.8,15.8,133.0,1001.1,1001.1,2.7,5.2
2024-07-05 11:00:00+02:00,17.2,17.2,16.2,11.1,68.0,21.3,86.0,493.9,4.0,0.0,0.0,0.0,0.0,28.4,10.4,256.3,6.8,10.8,122.0,1001.0,1001.0,2.7,5.2
2024-07-05 11:15:00+02:00,17.5,17.5,16.7,11.3,67.0,21.6,86.0,347.2,3.0,0.0,0.0,0.0,0.0,28.4,10.4,256.3,6.1,19.4,107.0,1001.3,1001.3,2.7,5.3
2024-07-05 11:20:00+02:00,17.7,17.7,17.3,11.3,66.0,21.8,85.0,342.9,3.0,0.0,0.0,0.0,0.0,28.4,10.4,256.3,4.0,11.5,130.0,1001.1,1001.1,2.7,5.3
2024-07-05 11:25:00+02:00,17.8,17.8,17.3,11.6,67.0,21.9,85.0,346.6,3.0,0.0,0.0,0.0,0.0,28.4,10.4,256.3,5.4,16.2,153.0,1001.0,1001.0,2.7,5.3
2024-07-05 11:30:00+02:00,18.0,18.0,17.5,11.7,67.0,21.9,85.0,340.1,3.0,0.0,0.0,0.0,0.0,28.4,10.4,256.3,5.4,16.2,132.0,1001.0,1001.0,2.7,5.3
2024-07-05 11:35:00+02:00,18.2,18.2,17.3,11.1,63.0,22.0,85.0,337.5,3.0,0.0,0.0,0.0,0.0,28.4,10.4,256.3,6.6,15.8,148.0,1001.1,1001.1,2.7,5.3
2024-07-05 11:40:00+02:00,18.1,18.1,16.8,11.4,65.0,22.1,85.0,387.1,3.0,0.0,0.0,0.0,0.0,28.4,10.4,256.3,8.8,22.3,92.0,1001.1,1001.1,2.7,5.3
2024-07-05 11:45:00+02:00,18.1,18.1,17.6,11.1,64.0,22.2,85.0,488.9,4.0,0.0,0.0,0.0,0.0,28.4,10.4,256.3,4.2,18.0,144.0,1001.1,1001.1,2.7,5.3
2024-07-05 11:50:00+02:00,18.3,18.3,17.7,10.9,62.0,22.3,84.0,294.0,2.0,0.0,0.0,0.0,0.0,28.4,10.4,256.3,4.6,12.6,161.0,1001.1,1001.1,2.7,5.3
2024-07-05 11:55:00+02:00,18.4,18.4,17.5,11.0,62.0,22.4,85.0,263.8,2.0,0.0,0.0,0.0,0.0,28.4,10.4,256.3,6.3,11.9,137.0,1001.1,1001.1,2.7,5.3
2024-07-05 12:10:00+02:00,17.8,17.8,16.1,10.9,64.0,22.6,84.0,247.6,2.0,0.0,0.0,0.0,0.0,28.4,10.4,256.3,10.3,19.1,123.0,1001.1,1001.1,2.7,5.3
2024-07-05 12:15:00+02:00,17.6,17.6,17.1,10.6,64.0,22.7,84.0,177.1,1.0,0.0,0.0,0.0,0.0,28.4,10.4,256.3,3.7,19.1,129.0,1001.2,1001.2,2.7,5.3
2024-07-05 12:20:00+02:00,17.6,17.6,16.2,10.7,64.0,22.7,84.0,239.5,2.0,0.0,0.0,0.0,0.0,28.4,10.4,256.3,8.3,19.8,119.0,1001.3,1001.3,2.7,5.3
2024-07-05 12:25:00+02:00,17.7,17.7,17.2,10.6,63.0,22.8,84.0,260.1,2.0,0.0,0.0,0.0,0.0,28.4,10.4,256.3,3.9,18.0,124.0,1001.4,1001.4,2.7,5.3
2024-07-05 12:30:00+02:00,18.1,18.1,17.5,10.7,62.0,22.8,84.0,198.8,1.0,0.0,0.0,0.0,0.0,28.4,10.4,256.3,4.0,10.8,149.0,1001.2,1001.2,2.7,5.3
2024-07-05 12:35:00+02:00,18.0,18.0,16.9,10.8,63.0,22.8,84.0,272.9,2.0,0.0,0.0,0.0,0.0,28.4,10.4,256.3,7.4,17.6,129.0,1001.3,1001.3,2.7,5.3
2024-07-05 12:40:00+02:00,17.9,17.9,15.8,10.4,62.0,22.9,84.0,274.0,2.0,0.0,0.0,0.0,0.0,28.4,10.4,256.3,11.5,20.9,123.0,1001.4,1001.4,2.7,5.3
2024-07-05 12:45:00+02:00,18.0,18.0,17.3,10.8,63.0,22.9,84.0,275.8,2.0,0.0,0.0,0.0,0.0,28.4,10.4,256.3,4.6,23.8,144.0,1001.4,1001.4,2.7,5.3
2024-07-05 12:50:00+02:00,18.1,18.1,17.2,10.9,63.0,22.9,83.0,225.9,2.0,0.0,0.0,0.0,0.0,28.4,10.4,256.3,6.3,13.7,128.0,1001.3,1001.3,2.7,5.3
2024-07-05 12:55:00+02:00,18.2,18.2,17.5,10.8,62.0,23.0,83.0,275.1,2.0,0.0,0.0,0.0,0.0,28.4,10.4,256.3,5.2,15.5,192.0,1001.3,1001.3,2.7,5.3
2024-07-05 13:00:00+02:00,18.3,18.3,17.2,10.5,60.0,23.0,84.0,269.9,2.0,0.0,0.0,0.0,0.0,28.4,10.4,256.3,6.7,17.3,142.0,1001.4,1001.4,2.7,5.3
2024-07-05 13:05:00+02:00,18.5,18.5,18.0,10.5,60.0,23.1,84.0,301.0,2.0,0.0,0.0,0.0,0.0,28.4,10.4,256.3,3.6,16.2,173.0,1001.3,1001.3,2.7,5.3
2024-07-05 13:10:00+02:00,18.6,18.6,17.4,11.2,62.0,23.1,84.0,303.6,2.0,0.0,0.0,0.0,0.0,28.4,10.4,256.3,8.4,20.2,140.0,1001.4,1001.4,2.7,5.3
2024-07-05 13:15:00+02:00,18.3,18.3,17.6,10.8,62.0,23.1,83.0,210.3,1.0,0.0,0.0,0.0,0.0,28.4,10.4,256.3,5.4,19.1,117.0,1001.4,1001.4,2.7,5.3
2024-07-05 13:20:00+02:00,18.2,18.2,17.1,11.3,64.0,23.2,83.0,186.3,1.0,0.0,0.0,0.0,0.0,28.4,10.4,256.3,7.9,18.0,131.0,1001.4,1001.4,2.7,5.3
2024-07-05 13:25:00+02:00,17.8,17.8,15.5,10.9,64.0,23.2,83.0,200.5,1.0,0.0,0.0,0.0,0.0,28.4,10.4,256.3,13.7,20.2,127.0,1001.4,1001.4,2.7,5.3
2024-07-05 13:30:00+02:00,17.7,17.7,15.8,11.1,65.0,23.3,83.0,217.1,2.0,0.0,0.0,0.0,0.0,28.4,10.4,256.3,11.7,19.4,128.0,1001.4,1001.4,2.7,5.3
2024-07-05 13:35:00+02:00,17.7,17.7,15.8,10.8,64.0,23.3,83.0,269.6,2.0,0.0,0.0,0.0,0.0,28.4,10.4,256.3,11.0,19.4,116.0,1001.3,1001.3,2.7,5.3
2024-07-05 13:40:00+02:00,17.7,17.7,16.3,11.2,65.0,23.3,83.0,278.4,2.0,0.0,0.0,0.0,0.0,28.4,10.4,256.3,9.3,21.2,122.0,1001.3,1001.3,2.7,5.3
2024-07-05 13:45:00+02:00,17.6,17.6,15.3,11.0,65.0,23.3,83.0,405.8,3.0,0.0,0.0,0.0,0.0,28.4,10.4,256.3,13.6,22.7,124.0,1001.2,1001.2,2.7,5.2
2024-07-05 13:50:00+02:00,17.7,17.7,16.2,11.5,67.0,23.3,83.0,356.1,3.0,0.0,0.0,0.0,0.0,28.4,10.4,256.3,9.9,21.2,111.0,1001.4,1001.4,2.7,5.2
2024-07-05 13:55:00+02:00,17.7,17.7,16.7,11.5,67.0,23.3,82.0,301.7,2.0,0.0,0.0,0.0,0.0,28.4,10.4,256.3,7.6,22.0,132.0,1001.3,1001.3,2.7,5.2
2024-07-05 14:00:00+02:00,18.0,18.0,17.7,11.7,67.0,23.4,82.0,343.2,3.0,0.0,0.0,0.0,0.0,28.4,10.4,256.3,4.4,15.8,140.0,1001.2,1001.2,2.7,5.2
2024-07-05 14:05:00+02:00,18.3,18.3,18.2,11.4,64.0,23.4,82.0,284.1,2.0,0.0,0.0,0.0,0.0,28.4,10.4,256.3,3.1,15.1,111.0,1001.3,1001.3,2.7,5.2
2024-07-05 14:10:00+02:00,18.2,18.2,16.5,11.3,64.0,23.4,82.0,309.2,2.0,0.0,0.0,0.0,0.0,28.4,10.4,256.3,10.7,24.5,132.0,1001.3,1001.3,2.7,5.2
2024-07-05 14:15:00+02:00,18.0,18.0,16.8,10.9,63.0,23.5,82.0,340.2,3.0,0.0,0.0,0.0,0.0,28.4,10.4,256.3,7.8,23.4,131.0,1001.3,1001.3,2.7,5.3
2024-07-05 14:20:00+02:00,18.1,18.1,15.4,11.2,64.0,23.5,82.0,216.4,2.0,0.0,0.0,0.0,0.0,28.4,10.4,256.3,16.1,24.8,128.0,1001.3,1001.3,2.7,5.3
2024-07-05 14:25:00+02:00,17.6,17.6,15.1,10.9,65.0,23.5,82.0,196.5,1.0,0.0,0.0,0.0,0.0,28.4,10.4,256.3,14.8,26.3,121.0,1001.2,1001.2,2.7,5.3
2024-07-05 14:30:00+02:00,17.6,17.6,17.1,11.3,66.0,23.6,82.0,249.0,2.0,0.0,0.0,0.0,0.0,28.4,10.4,256.3,4.7,25.6,133.0,1001.3,1001.3,2.7,5.3
2024-07-05 14:35:00+02:00,17.7,17.7,16.0,11.6,67.0,23.6,82.0,347.2,3.0,0.0,0.0,0.0,0.0,28.4,10.4,256.3,11.7,21.6,116.0,1001.4,1001.4,2.7,5.3
2024-07-05 14:40:00+02:00,18.1,18.1,17.5,11.9,67.0,23.6,82.0,358.7,3.0,0.0,0.0,0.0,0.0,28.4,10.4,256.3,6.0,15.8,139.0,1001.2,1001.2,2.7,5.3
2024-07-05 14:45:00+02:00,17.6,17.6,15.3,11.9,69.0,23.6,81.0,241.4,2.0,0.0,0.0,0.0,0.0,28.4,10.4,256.3,14.5,23.4,126.0,1001.2,1001.2,2.7,5.3
2024-07-05 14:50:00+02:00,17.3,17.3,16.4,12.5,73.0,23.7,81.0,202.7,1.0,0.0,0.0,0.0,0.0,28.4,10.4,256.3,8.4,19.4,137.0,1001.4,1001.4,2.7,5.3
2024-07-05 14:55:00+02:00,17.2,17.2,16.5,12.3,73.0,23.6,81.0,209.8,1.0,0.0,0.0,0.0,0.0,28.4,10.4,256.3,7.0,19.8,104.0,1001.5,1001.5,2.7,5.2
2024-07-05 15:00:00+02:00,17.1,17.1,16.8,12.4,74.0,23.7,81.0,158.2,1.0,0.0,0.0,0.0,0.0,28.4,10.4,256.3,5.1,18.7,114.0,1001.5,1001.5,2.7,5.2
2024-07-05 15:05:00+02:00,17.1,17.1,16.9,12.7,75.0,23.7,81.0,262.4,2.0,0.0,0.0,0.0,0.0,28.4,10.4,256.3,4.8,14.8,148.0,1001.5,1001.5,2.7,5.2
2024-07-05 15:10:00+02:00,17.2,17.2,17.6,13.3,78.0,23.7,81.0,262.2,2.0,0.0,0.0,0.0,0.0,28.4,10.4,256.3,3.1,11.2,128.0,1001.5,1001.5,2.7,5.2
2024-07-05 15:15:00+02:00,16.8,16.8,16.0,12.9,78.0,23.6,81.0,186.0,1.0,0.0,0.0,0.0,0.0,28.4,10.4,256.3,9.1,20.9,119.0,1001.5,1001.5,2.7,5.2
2024-07-05 15:20:00+02:00,16.5,16.5,15.9,12.7,78.0,23.6,81.0,135.0,1.0,0.0,0.0,0.0,0.0,28.4,10.4,256.3,7.3,18.0,124.0,1001.4,1001.4,2.7,5.2
2024-07-05 15:25:00+02:00,16.3,16.3,14.9,12.4,78.0,23.6,81.0,105.5,0.0,0.0,0.0,0.0,0.0,28.4,10.4,256.3,10.7,19.4,114.0,1001.5,1001.5,2.7,5.2
2024-07-05 15:30:00+02:00,16.2,16.2,16.3,12.6,79.0,23.6,81.0,165.9,1.0,0.0,0.0,0.0,0.0,28.4,10.4,256.3,3.6,15.1,137.0,1001.6,1001.6,2.7,5.2
2024-07-05 15:35:00+02:00,16.3,16.3,15.2,12.6,79.0,23.6,81.0,168.1,1.0,0.0,0.0,0.0,0.0,28.4,10.4,256.3,9.9,18.4,125.0,1001.5,1001.5,2.7,5.2
2024-07-05 15:40:00+02:00,16.2,16.2,15.1,12.6,79.0,23.5,81.0,163.3,1.0,0.0,0.0,0.0,0.0,28.4,10.4,256.3,10.2,16.9,130.0,1001.5,1001.5,2.7,5.2
2024-07-05 15:45:00+02:00,16.4,16.4,16.1,12.6,79.0,23.5,81.0,169.0,1.0,0.0,0.0,0.0,0.0,28.4,10.4,256.3,5.9,19.4,110.0,1001.2,1001.2,2.7,5.2
2024-07-05 15:50:00+02:00,16.5,16.5,16.1,12.8,79.0,23.5,81.0,163.2,1.0,0.0,0.0,0.0,0.0,28.4,10.4,256.3,6.6,16.2,130.0,1001.1,1001.1,2.7,5.2
2024-07-05 15:55:00+02:00,16.2,16.2,15.1,13.1,82.0,23.4,81.0,202.3,1.0,0.6,0.1,0.1,0.1,28.5,10.5,256.4,11.1,20.2,129.0,1001.1,1001.1,2.7,5.2
2024-07-05 16:00:00+02:00,15.9,15.9,15.1,13.0,83.0,23.4,81.0,288.1,2.0,0.6,0.1,0.1,0.1,28.5,10.5,256.4,9.1,20.5,129.0,1001.1,1001.1,2.7,5.2
2024-07-05 16:05:00+02:00,16.1,16.1,15.1,13.4,84.0,23.3,81.0,314.9,2.0,0.0,0.1,0.1,0.1,28.5,10.5,256.4,10.3,16.9,124.0,1001.0,1001.0,2.7,5.2
2024-07-05 16:10:00+02:00,16.3,16.3,15.1,13.5,84.0,23.3,81.0,269.4,2.0,0.6,0.2,0.2,0.2,28.6,10.6,256.5,11.8,20.9,127.0,1001.0,1001.0,2.7,5.2
2024-07-05 16:15:00+02:00,16.2,16.2,14.9,13.2,83.0,23.3,81.0,236.1,2.0,0.6,0.2,0.2,0.2,28.6,10.6,256.5,11.8,20.9,122.0,1000.9,1000.9,2.7,5.2
2024-07-05 16:20:00+02:00,16.2,16.2,15.2,13.1,82.0,23.3,81.0,228.7,2.0,0.6,0.2,0.2,0.2,28.6,10.6,256.5,10.2,22.3,113.0,1000.9,1000.9,2.7,5.2
2024-07-05 16:25:00+02:00,16.4,16.4,15.5,13.2,81.0,23.3,81.0,235.0,2.0,0.0,0.2,0.2,0.2,28.6,10.6,256.5,9.7,18.4,123.0,1001.0,1001.0,2.7,5.2
2024-07-05 16:30:00+02:00,16.5,16.5,16.5,13.3,82.0,23.2,81.0,236.1,2.0,0.0,0.2,0.2,0.2,28.6,10.6,256.5,5.4,18.7,123.0,1001.0,1001.0,2.7,5.2
2024-07-05 16:35:00+02:00,16.7,16.7,16.5,13.5,81.0,23.2,81.0,199.5,1.0,0.0,0.2,0.2,0.2,28.6,10.6,256.5,6.7,12.6,116.0,1001.0,1001.0,2.7,5.2
2024-07-05 16:40:00+02:00,16.6,16.6,15.4,13.6,82.0,23.2,81.0,210.8,1.0,0.0,0.2,0.2,0.2,28.6,10.6,256.5,12.0,20.9,124.0,1001.0,1001.0,2.7,5.2
2024-07-05 16:45:00+02:00,16.4,16.4,15.4,13.2,82.0,23.2,81.0,211.7,1.0,0.0,0.2,0.2,0.2,28.6,10.6,256.5,10.4,19.8,120.0,1001.0,1001.0,2.7,5.2
2024-07-05 16:50:00+02:00,16.5,16.5,16.3,13.3,81.0,23.2,81.0,223.7,2.0,0.0,0.2,0.2,0.2,28.6,10.6,256.5,6.5,16.2,124.0,1000.9,1000.9,2.7,5.2
2024-07-05 16:55:00+02:00,16.5,16.5,16.1,13.5,82.0,23.2,81.0,194.4,1.0,0.0,0.2,0.2,0.1,28.6,10.6,256.5,7.9,14.4,119.0,1000.9,1000.9,2.7,5.2
2024-07-05 17:00:00+02:00,16.6,16.6,16.8,13.5,82.0,23.2,81.0,186.7,1.0,0.0,0.2,0.2,0.1,28.6,10.6,256.5,4.5,11.9,125.0,1000.9,1000.9,2.7,5.2
2024-07-05 17:05:00+02:00,17.0,17.0,17.4,13.6,80.0,23.2,81.0,185.2,1.0,0.0,0.2,0.2,0.1,28.6,10.6,256.5,3.7,10.4,154.0,1000.9,1000.9,2.7,5.2
2024-07-05 17:10:00+02:00,16.8,16.8,17.3,13.8,82.0,23.2,81.0,172.8,1.0,0.0,0.2,0.2,0.0,28.6,10.6,256.5,3.7,13.3,136.0,1000.7,1000.7,2.7,5.2
2024-07-05 17:15:00+02:00,16.8,16.8,17.3,14.4,86.0,23.2,81.0,170.3,1.0,0.6,0.3,0.3,0.1,28.7,10.7,256.6,4.6,9.7,133.0,1000.8,1000.8,2.7,5.2
2024-07-05 17:20:00+02:00,16.3,16.3,16.1,14.1,87.0,23.2,81.0,101.7,0.0,0.6,0.3,0.3,0.1,28.7,10.7,256.6,7.6,14.0,124.0,1000.7,1000.7,2.7,5.2
2024-07-05 17:25:00+02:00,16.0,16.0,15.2,13.8,87.0,23.2,81.0,143.2,1.0,0.6,0.4,0.4,0.2,28.8,10.8,256.7,10.2,16.9,118.0,1000.8,1000.8,2.7,5.2
2024-07-05 17:30:00+02:00,15.8,15.8,14.6,13.6,87.0,23.2,81.0,80.9,0.0,0.6,0.4,0.4,0.2,28.8,10.8,256.7,12.2,20.2,121.0,1000.7,1000.7,2.7,5.2
2024-07-05 17:35:00+02:00,15.7,15.7,15.2,13.5,87.0,23.2,81.0,94.4,0.0,0.0,0.4,0.4,0.2,28.8,10.8,256.7,8.5,19.4,107.0,1000.7,1000.7,2.7,5.2
2024-07-05 17:40:00+02:00,15.8,15.8,15.3,13.5,86.0,23.1,81.0,102.0,0.0,0.0,0.4,0.4,0.2,28.8,10.8,256.7,8.4,19.1,124.0,1000.5,1000.5,2.7,5.2
2024-07-05 17:45:00+02:00,15.7,15.7,14.7,13.5,87.0,23.1,81.0,63.1,0.0,0.0,0.4,0.4,0.2,28.8,10.8,256.7,10.7,16.6,130.0,1000.5,1000.5,2.7,5.2
2024-07-05 17:50:00+02:00,15.7,15.7,15.3,13.6,87.0,23.0,81.0,55.7,0.0,0.0,0.4,0.4,0.2,28.8,10.8,256.7,7.6,15.5,117.0,1000.4,1000.4,2.7,5.2
2024-07-05 17:55:00+02:00,15.7,15.7,15.3,13.5,87.0,23.0,81.0,48.9,0.0,0.0,0.4,0.4,0.2,28.8,10.8,256.7,8.1,14.0,120.0,1000.4,1000.4,2.7,5.2
2024-07-05 18:00:00+02:00,15.7,15.7,15.2,13.5,87.0,22.9,81.0,54.4,0.0,0.0,0.4,0.4,0.2,28.8,10.8,256.7,8.1,15.5,118.0,1000.5,1000.5,2.7,5.2
2024-07-05 18:05:00+02:00,15.7,15.7,15.6,13.6,87.0,22.9,81.0,63.1,0.0,0.0,0.4,0.4,0.2,28.8,10.8,256.7,6.4,12.6,126.0,1000.3,1000.3,2.7,5.2
2024-07-05 18:10:00+02:00,15.7,15.7,15.2,13.5,87.0,22.8,81.0,58.7,0.0,0.0,0.4,0.4,0.2,28.8,10.8,256.7,8.4,13.0,124.0,1000.3,1000.3,2.7,5.2
2024-07-05 18:15:00+02:00,15.7,15.7,15.0,13.6,87.0,22.8,81.0,51.4,0.0,0.0,0.4,0.4,0.1,28.8,10.8,256.7,9.5,18.7,132.0,1000.3,1000.3,2.7,5.2
2024-07-05 18:20:00+02:00,15.7,15.7,14.2,13.4,87.0,22.7,81.0,66.6,0.0,0.0,0.4,0.4,0.1,28.8,10.8,256.7,13.1,21.6,119.0,1000.4,1000.4,2.7,5.2
2024-07-05 18:25:00+02:00,15.6,15.6,14.4,13.5,87.0,22.7,81.0,65.0,0.0,0.0,0.4,0.4,0.0,28.8,10.8,256.7,11.4,16.9,125.0,1000.2,1000.2,2.7,5.2
2024-07-05 18:30:00+02:00,15.5,15.5,14.9,13.4,88.0,22.6,81.0,51.8,0.0,0.0,0.4,0.4,0.0,28.8,10.8,256.7,8.3,16.2,124.0,1000.3,1000.3,2.7,5.2
2024-07-05 18:35:00+02:00,15.3,15.3,15.1,13.4,88.0,22.6,81.0,72.8,0.0,0.0,0.4,0.4,0.0,28.8,10.8,256.7,7.0,13.0,120.0,1000.2,1000.2,2.7,5.2
2024-07-05 18:40:00+02:00,15.3,15.3,15.3,13.6,89.0,22.5,81.0,78.6,0.0,0.0,0.4,0.4,0.0,28.8,10.8,256.7,6.0,14.4,128.0,1000.1,1000.1,2.7,5.2
2024-07-05 18:45:00+02:00,15.3,15.3,15.3,13.6,90.0,22.4,81.0,70.0,0.0,0.0,0.4,0.4,0.0,28.8,10.8,256.7,5.8,10.1,131.0,1000.0,1000.0,2.7,5.2
2024-07-05 18:50:00+02:00,15.3,15.3,14.6,13.5,89.0,22.4,81.0,72.6,0.0,0.0,0.4,0.4,0.0,28.8,10.8,256.7,9.0,15.8,127.0,1000.1,1000.1,2.7,5.2
2024-07-05 18:55:00+02:00,15.4,15.4,14.8,13.4,88.0,22.3,81.0,67.2,0.0,0.0,0.4,0.4,0.0,28.8,10.8,256.7,8.5,14.0,121.0,1000.0,1000.0,2.7,5.2
2024-07-05 19:00:00+02:00,15.5,15.5,15.4,13.6,89.0,22.3,81.0,102.3,0.0,0.0,0.4,0.0,0.0,28.8,10.8,256.7,6.2,9.7,127.0,1000.1,1000.1,2.7,5.2
2024-07-05 19:05:00+02:00,15.6,15.6,15.0,13.6,88.0,22.2,81.0,96.6,0.0,0.0,0.4,0.0,0.0,28.8,10.8,256.7,9.0,13.0,127.0,1000.1,1000.1,2.7,5.2
2024-07-05 19:10:00+02:00,15.6,15.6,15.3,13.6,88.0,22.2,81.0,71.7,0.0,0.0,0.4,0.0,0.0,28.8,10.8,256.7,7.3,13.0,120.0,1000.0,1000.0,2.7,5.2
2024-07-05 19:15:00+02:00,15.6,15.6,15.2,13.6,88.0,22.2,81.0,77.0,0.0,0.0,0.4,0.0,0.0,28.8,10.8,256.7,8.1,12.2,125.0,999.9,999.9,2.7,5.2
2024-07-05 19:20:00+02:00,15.7,15.7,15.6,13.7,88.0,22.1,81.0,71.3,0.0,0.0,0.4,0.0,0.0,28.8,10.8,256.7,6.2,11.2,120.0,1000.0,1000.0,2.7,5.2
2024-07-05 19:25:00+02:00,15.7,15.7,15.7,13.8,89.0,22.1,81.0,77.6,0.0,0.0,0.4,0.0,0.0,28.8,10.8,256.7,6.0,10.1,117.0,1000.0,1000.0,2.7,5.2
2024-07-05 19:30:00+02:00,15.7,15.7,15.8,13.9,89.0,22.0,81.0,83.3,0.0,0.0,0.4,0.0,0.0,28.8,10.8,256.7,6.0,9.4,123.0,999.8,999.8,2.7,5.2
2024-07-05 19:35:00+02:00,15.8,15.8,15.9,13.9,88.0,22.0,81.0,104.7,0.0,0.0,0.4,0.0,0.0,28.8,10.8,256.7,6.1,10.1,123.0,999.7,999.7,2.7,5.2
2024-07-05 19:40:00+02:00,16.0,16.0,16.2,14.0,88.0,22.0,81.0,107.1,0.0,0.0,0.4,0.0,0.0,28.8,10.8,256.7,5.6,11.2,121.0,999.7,999.7,2.7,5.2
2024-07-05 19:45:00+02:00,16.2,16.2,16.6,14.0,87.0,21.9,81.0,93.1,0.0,0.0,0.4,0.0,0.0,28.8,10.8,256.7,4.2,7.9,131.0,999.6,999.6,2.7,5.2
2024-07-05 19:50:00+02:00,16.2,16.2,16.2,14.0,86.0,21.9,81.0,67.5,0.0,0.0,0.4,0.0,0.0,28.8,10.8,256.7,6.2,9.0,125.0,999.5,999.5,2.7,5.2
2024-07-05 19:55:00+02:00,16.3,16.3,16.1,13.9,86.0,21.9,81.0,71.7,0.0,0.0,0.4,0.0,0.0,28.8,10.8,256.7,7.7,9.7,120.0,999.5,999.5,2.7,5.2
2024-07-05 20:00:00+02:00,16.3,16.3,16.3,13.9,86.0,21.9,81.0,72.6,0.0,0.0,0.4,0.0,0.0,28.8,10.8,256.7,6.5,10.8,123.0,999.4,999.4,2.7,5.2
2024-07-05 20:05:00+02:00,16.5,16.5,17.0,14.0,85.0,21.9,81.0,54.9,0.0,0.0,0.4,0.0,0.0,28.8,10.8,256.7,3.7,9.4,131.0,999.5,999.5,2.7,5.2
2024-07-05 20:10:00+02:00,16.6,16.6,17.1,14.1,85.0,21.9,81.0,30.6,0.0,0.0,0.4,0.0,0.0,28.8,10.8,256.7,4.0,6.5,117.0,999.4,999.4,2.7,5.2
2024-07-05 20:15:00+02:00,16.6,16.6,17.3,14.2,85.0,21.8,82.0,38.4,0.0,0.0,0.4,0.0,0.0,28.8,10.8,256.7,3.5,7.9,133.0,999.3,999.3,2.7,5.2
2024-07-05 20:20:00+02:00,16.7,16.7,17.2,14.1,85.0,21.8,82.0,37.0,0.0,0.0,0.4,0.0,0.0,28.8,10.8,256.7,4.0,6.1,129.0,999.2,999.2,2.7,5.2
2024-07-05 20:25:00+02:00,16.7,16.7,17.5,14.2,85.0,21.8,82.0,37.5,0.0,0.0,0.4,0.0,0.0,28.8,10.8,256.7,3.0,5.8,130.0,999.2,999.2,2.7,5.2
2024-07-05 20:30:00+02:00,16.8,16.8,17.6,14.2,85.0,21.8,82.0,46.7,0.0,0.0,0.4,0.0,0.0,28.8,10.8,256.7,2.6,6.1,128.0,999.2,999.2,2.7,5.2
2024-07-05 20:35:00+02:00,17.0,17.0,17.5,14.2,84.0,21.8,82.0,45.8,0.0,0.0,0.4,0.0,0.0,28.8,10.8,256.7,4.2,6.5,118.0,999.1,999.1,2.7,5.2
2024-07-05 20:40:00+02:00,17.1,17.1,17.6,14.4,84.0,21.8,82.0,45.9,0.0,0.0,0.4,0.0,0.0,28.8,10.8,256.7,4.6,7.2,123.0,999.2,999.2,2.7,5.2
2024-07-05 20:45:00+02:00,17.2,17.2,17.3,14.3,83.0,21.8,82.0,44.4,0.0,0.0,0.4,0.0,0.0,28.8,10.8,256.7,6.2,9.7,123.0,999.2,999.2,2.7,5.2
2024-07-05 20:50:00+02:00,17.2,17.2,17.7,14.3,83.0,21.8,82.0,30.9,0.0,0.0,0.4,0.0,0.0,28.8,10.8,256.7,4.5,9.4,123.0,999.1,999.1,2.7,5.2
2024-07-05 20:55:00+02:00,17.2,17.2,17.8,14.3,83.0,21.8,82.0,25.7,0.0,0.0,0.4,0.0,0.0,28.8,10.8,256.7,3.9,9.4,125.0,999.0,999.0,2.7,5.2
2024-07-05 21:00:00+02:00,17.2,17.2,17.8,14.3,83.0,21.7,82.0,18.6,0.0,0.0,0.4,0.0,0.0,28.8,10.8,256.7,3.8,7.2,116.0,999.0,999.0,2.7,5.2
2024-07-05 21:05:00+02:00,17.2,17.2,18.1,14.3,83.0,21.7,82.0,14.2,0.0,0.0,0.4,0.0,0.0,28.8,10.8,256.7,2.1,5.0,123.0,998.9,998.9,2.7,5.2
2024-07-05 21:20:00+02:00,17.0,17.0,18.3,14.4,85.0,21.7,82.0,4.9,0.0,0.0,0.4,0.0,0.0,28.8,10.8,256.7,0.4,2.2,122.0,998.8,998.8,2.7,5.2
2024-07-05 21:25:00+02:00,16.9,16.9,18.2,14.4,86.0,21.7,82.0,4.3,0.0,0.0,0.4,0.0,0.0,28.8,10.8,256.7,0.5,2.9,26.0,998.6,998.6,2.7,5.2
2024-07-05 21:30:00+02:00,16.8,16.8,18.2,14.5,86.0,21.7,82.0,3.3,0.0,0.0,0.4,0.0,0.0,28.8,10.8,256.7,0.0,3.6,61.0,998.7,998.7,2.7,5.2
2024-07-05 21:35:00+02:00,16.7,16.7,18.1,14.4,86.0,21.7,82.0,2.3,0.0,0.0,0.4,0.0,0.0,28.8,10.8,256.7,0.0,2.2,41.0,998.7,998.7,2.7,5.2
2024-07-05 21:40:00+02:00,16.7,16.7,18.1,14.5,87.0,21.7,82.0,1.7,0.0,0.0,0.4,0.0,0.0,28.8,10.8,256.7,0.0,1.8,71.0,998.6,998.6,2.7,5.2
2024-07-05 21:45:00+02:00,16.6,16.6,18.0,14.5,87.0,21.7,82.0,1.3,0.0,0.0,0.4,0.0,0.0,28.8,10.8,256.7,0.0,1.8,98.0,998.6,998.6,2.7,5.2
2024-07-05 21:50:00+02:00,16.5,16.5,18.0,14.6,88.0,21.6,82.0,0.9,0.0,0.0,0.4,0.0,0.0,28.8,10.8,256.7,0.0,1.8,73.0,998.5,998.5,2.7,5.2
2024-07-05 21:55:00+02:00,16.5,16.5,18.0,14.6,89.0,21.6,82.0,0.5,0.0,0.0,0.4,0.0,0.0,28.8,10.8,256.7,0.0,2.2,97.0,998.4,998.4,2.7,5.2
2024-07-05 22:00:00+02:00,16.4,16.4,17.8,14.5,88.0,21.6,82.0,0.3,0.0,0.0,0.4,0.0,0.0,28.8,10.8,256.7,0.4,2.2,87.0,998.4,998.4,2.7,5.2
2024-07-05 22:05:00+02:00,16.5,16.5,17.6,14.3,87.0,21.6,82.0,0.2,0.0,0.0,0.4,0.0,0.0,28.8,10.8,256.7,1.4,5.0,53.0,998.4,998.4,2.7,5.2
2024-07-05 22:10:00+02:00,16.6,16.6,17.4,14.4,87.0,21.6,82.0,0.1,0.0,0.0,0.4,0.0,0.0,28.8,10.8,256.7,2.7,5.8,106.0,998.5,998.5,2.7,5.2
2024-07-05 22:15:00+02:00,16.6,16.6,17.7,14.4,87.0,21.5,82.0,0.1,0.0,0.0,0.4,0.0,0.0,28.8,10.8,256.7,1.5,5.0,113.0,998.4,998.4,2.7,5.2
2024-07-05 22:20:00+02:00,16.6,16.6,17.8,14.4,87.0,21.5,82.0,0.0,0.0,0.0,0.4,0.0,0.0,28.8,10.8,256.7,1.2,5.0,122.0,998.3,998.3,2.7,5.2
2024-07-05 22:25:00+02:00,16.6,16.6,17.6,14.3,86.0,21.5,82.0,0.0,0.0,0.0,0.4,0.0,0.0,28.8,10.8,256.7,1.7,4.3,102.0,998.3,998.3,2.7,5.1
2024-07-05 22:30:00+02:00,16.6,16.6,17.6,14.4,87.0,21.5,82.0,0.0,0.0,0.0,0.4,0.0,0.0,28.8,10.8,256.7,1.9,7.2,110.0,998.2,998.2,2.7,5.1
2024-07-05 22:35:00+02:00,16.6,16.6,17.6,14.4,87.0,21.5,82.0,0.0,0.0,0.0,0.4,0.0,0.0,28.8,10.8,256.7,1.9,7.2,125.0,998.4,998.4,2.7,5.1
2024-07-05 22:40:00+02:00,16.5,16.5,17.9,14.3,87.0,21.4,82.0,0.0,0.0,0.0,0.4,0.0,0.0,28.8,10.8,256.7,0.0,3.6,74.0,998.3,998.3,2.7,5.1
2024-07-05 22:45:00+02:00,16.5,16.5,17.8,14.3,87.0,21.4,82.0,0.0,0.0,0.0,0.4,0.0,0.0,28.8,10.8,256.7,0.4,3.2,110.0,998.2,998.2,2.7,5.1
2024-07-05 22:50:00+02:00,16.5,16.5,17.7,14.4,87.0,21.4,82.0,0.0,0.0,0.0,0.4,0.0,0.0,28.8,10.8,256.7,1.1,3.6,72.0,998.1,998.1,2.7,5.1
2024-07-05 22:55:00+02:00,16.6,16.6,17.7,14.4,87.0,21.4,82.0,0.0,0.0,0.0,0.4,0.0,0.0,28.8,10.8,256.7,1.4,4.3,68.0,998.0,998.0,2.7,5.1
2024-07-05 23:00:00+02:00,16.6,16.6,17.7,14.4,87.0,21.4,82.0,0.0,0.0,0.0,0.4,0.0,0.0,28.8,10.8,256.7,1.9,3.6,112.0,998.0,998.0,2.7,5.1
2024-07-05 23:05:00+02:00,16.6,16.6,17.6,14.4,87.0,21.4,82.0,0.0,0.0,0.0,0.4,0.0,0.0,28.8,10.8,256.7,2.0,4.3,114.0,998.0,998.0,2.7,5.1
2024-07-05 23:10:00+02:00,16.6,16.6,17.9,14.3,86.0,21.4,82.0,0.0,0.0,0.0,0.4,0.0,0.0,28.8,10.8,256.7,0.4,3.2,92.0,997.8,997.8,2.7,5.1
2024-07-05 23:15:00+02:00,16.5,16.5,17.8,14.2,86.0,21.3,82.0,0.0,0.0,0.0,0.4,0.0,0.0,28.8,10.8,256.7,0.4,3.2,53.0,997.9,997.9,2.7,5.1
2024-07-05 23:20:00+02:00,16.4,16.4,17.6,14.2,87.0,21.3,82.0,0.0,0.0,0.0,0.4,0.0,0.0,28.8,10.8,256.7,0.7,2.9,67.0,997.8,997.8,2.7,5.1
2024-07-05 23:25:00+02:00,16.3,16.3,17.3,14.2,87.0,21.3,82.0,0.0,0.0,0.0,0.4,0.0,0.0,28.8,10.8,256.7,1.9,3.6,63.0,997.8,997.8,2.7,5.1
2024-07-05 23:30:00+02:00,16.2,16.2,17.3,14.1,87.0,21.3,82.0,0.0,0.0,0.0,0.4,0.0,0.0,28.8,10.8,256.7,1.2,2.9,95.0,997.6,997.6,2.7,5.1
2024-07-05 23:35:00+02:00,16.0,16.0,17.3,14.0,88.0,21.3,82.0,0.0,0.0,0.0,0.4,0.0,0.0,28.8,10.8,256.7,0.0,2.5,90.0,997.5,997.5,2.7,5.1
2024-07-05 23:40:00+02:00,15.9,15.9,17.2,14.0,89.0,21.2,82.0,0.0,0.0,0.0,0.4,0.0,0.0,28.8,10.8,256.7,0.4,3.2,58.0,997.6,997.6,2.7,5.1
2024-07-05 23:45:00+02:00,15.9,15.9,16.9,14.0,89.0,21.2,82.0,0.0,0.0,0.0,0.4,0.0,0.0,28.8,10.8,256.7,1.2,3.2,72.0,997.4,997.4,2.7,5.1
2024-07-05 23:50:00+02:00,16.0,16.0,16.9,14.1,89.0,21.2,82.0,0.0,0.0,0.0,0.4,0.0,0.0,28.8,10.8,256.7,1.9,6.8,108.0,997.4,997.4,2.7,5.1
2024-07-05 23:55:00+02:00,16.3,16.3,17.0,14.2,87.0,21.2,82.0,0.0,0.0,0.0,0.4,0.0,0.0,28.8,10.8,256.7,3.2,6.8,94.0,997.3,997.3,2.7,5.1
2024-07-06 00:00:00+02:00,16.5,16.5,17.1,14.3,87.0,21.1,82.0,0.0,0.0,0.0,0.0,0.0,0.0,28.8,10.8,256.7,3.7,5.4,101.0,997.3,997.3,2.7,5.1
2024-07-06 00:05:00+02:00,16.5,16.5,17.4,14.2,86.0,21.1,82.0,0.0,0.0,0.0,0.0,0.0,0.0,28.8,10.8,256.7,2.4,6.1,108.0,997.2,997.2,2.7,5.0
2024-07-06 00:10:00+02:00,16.6,16.6,17.4,14.3,86.0,21.1,82.0,0.0,0.0,0.0,0.0,0.0,0.0,28.8,10.8,256.7,3.0,6.5,85.0,997.0,997.0,2.7,5.0
2024-07-06 00:15:00+02:00,16.8,16.8,17.1,14.2,85.0,21.0,82.0,0.0,0.0,0.0,0.0,0.0,0.0,28.8,10.8,256.7,5.5,9.0,109.0,996.9,996.9,2.7,5.0
2024-07-06 00:20:00+02:00,16.9,16.9,17.6,14.3,85.0,21.0,82.0,0.0,0.0,0.0,0.0,0.0,0.0,28.8,10.8,256.7,3.7,6.8,102.0,996.9,996.9,2.7,5.0
2024-07-06 00:25:00+02:00,17.1,17.1,17.6,14.3,84.0,21.0,82.0,0.0,0.0,0.0,0.0,0.0,0.0,28.8,10.8,256.7,4.3,9.0,104.0,996.8,996.8,2.7,5.0
2024-07-06 00:30:00+02:00,17.1,17.1,17.8,14.4,85.0,21.0,82.0,0.0,0.0,0.0,0.0,0.0,0.0,28.8,10.8,256.7,3.8,5.8,106.0,996.9,996.9,2.7,5.0
2024-07-06 00:35:00+02:00,17.0,17.0,17.7,14.3,84.0,21.0,82.0,0.0,0.0,0.0,0.0,0.0,0.0,28.8,10.8,256.7,3.8,7.2,119.0,996.8,996.8,2.7,5.0
2024-07-06 00:40:00+02:00,17.4,17.4,17.8,14.4,82.0,21.0,82.0,0.0,0.0,0.0,0.0,0.0,0.0,28.8,10.8,256.7,5.2,12.6,109.0,996.8,996.8,2.7,5.0
2024-07-06 00:45:00+02:00,17.5,17.5,18.0,14.4,82.0,20.9,82.0,0.0,0.0,0.0,0.0,0.0,0.0,28.8,10.8,256.7,4.9,9.7,116.0,996.7,996.7,2.7,5.0
2024-07-06 00:50:00+02:00,17.8,17.8,18.3,14.5,81.0,20.9,82.0,0.0,0.0,0.0,0.0,0.0,0.0,28.8,10.8,256.7,4.3,9.4,122.0,996.7,996.7,2.7,5.0
2024-07-06 00:55:00+02:00,17.8,17.8,18.0,14.5,81.0,20.8,82.0,0.0,0.0,0.0,0.0,0.0,0.0,28.8,10.8,256.7,6.2,8.3,123.0,996.7,996.7,2.7,5.0
2024-07-06 01:00:00+02:00,18.0,18.0,17.9,14.5,80.0,20.8,82.0,0.0,0.0,0.0,0.0,0.0,0.0,28.8,10.8,256.7,7.8,13.7,126.0,996.5,996.5,2.7,5.0
2024-07-06 01:05:00+02:00,18.1,18.1,18.5,14.6,80.0,20.8,82.0,0.0,0.0,0.0,0.0,0.0,0.0,28.8,10.8,256.7,5.5,16.9,120.0,996.5,996.5,2.7,5.0
2024-07-06 01:10:00+02:00,18.0,18.0,18.5,14.5,80.0,20.8,83.0,0.0,0.0,0.0,0.0,0.0,0.0,28.8,10.8,256.7,4.5,10.8,126.0,996.5,996.5,2.7,5.0
2024-07-06 01:15:00+02:00,18.1,18.1,18.2,14.5,80.0,20.8,83.0,0.0,0.0,0.0,0.0,0.0,0.0,28.8,10.8,256.7,6.9,12.6,120.0,996.4,996.4,2.7,5.0
2024-07-06 01:20:00+02:00,18.1,18.1,18.2,14.6,80.0,20.8,83.0,0.0,0.0,0.0,0.0,0.0,0.0,28.8,10.8,256.7,7.1,14.4,121.0,996.4,996.4,2.7,5.0
2024-07-06 01:25:00+02:00,18.0,18.0,18.2,14.5,80.0,20.8,83.0,0.0,0.0,0.0,0.0,0.0,0.0,28.8,10.8,256.7,6.0,9.7,118.0,996.3,996.3,2.7,5.0
2024-07-06 01:30:00+02:00,17.9,17.9,18.4,14.6,81.0,20.7,83.0,0.0,0.0,0.0,0.0,0.0,0.0,28.8,10.8,256.7,4.9,10.1,111.0,996.3,996.3,2.7,5.0
2024-07-06 01:35:00+02:00,18.0,18.0,18.0,14.5,80.0,20.7,83.0,0.0,0.0,0.0,0.0,0.0,0.0,28.8,10.8,256.7,7.2,14.8,116.0,996.1,996.1,2.7,5.0
2024-07-06 01:40:00+02:00,18.3,18.3,18.3,14.6,79.0,20.7,83.0,0.0,0.0,0.0,0.0,0.0,0.0,28.8,10.8,256.7,7.4,14.8,122.0,996.1,996.1,2.7,5.0
2024-07-06 01:45:00+02:00,18.0,18.0,18.5,14.5,80.0,20.7,83.0,0.0,0.0,0.0,0.0,0.0,0.0,28.8,10.8,256.7,5.0,9.4,125.0,996.1,996.1,2.7,5.0
2024-07-06 01:50:00+02:00,18.1,18.1,18.3,14.6,80.0,20.7,83.0,0.0,0.0,0.0,0.0,0.0,0.0,28.8,10.8,256.7,6.8,11.5,123.0,996.0,996.0,2.7,5.0
2024-07-06 01:55:00+02:00,18.2,18.2,18.3,14.6,80.0,20.7,83.0,0.0,0.0,0.0,0.0,0.0,0.0,28.8,10.8,256.7,6.6,14.8,131.0,995.8,995.8,2.7,4.9
2024-07-06 02:00:00+02:00,18.3,18.3,18.3,14.5,79.0,20.7,83.0,0.0,0.0,0.0,0.0,0.0,0.0,28.8,10.8,256.7,7.3,11.9,128.0,995.8,995.8,2.7,4.9
2024-07-06 02:05:00+02:00,18.3,18.3,18.4,14.5,78.0,20.7,83.0,0.0,0.0,0.0,0.0,0.0,0.0,28.8,10.8,256.7,7.2,14.0,131.0,995.8,995.8,2.7,4.9
2024-07-06 02:10:00+02:00,18.2,18.2,18.2,14.5,79.0,20.7,83.0,0.0,0.0,0.0,0.0,0.0,0.0,28.8,10.8,256.7,7.6,14.0,134.0,995.7,995.7,2.7,4.9
2024-07-06 02:15:00+02:00,18.4,18.4,18.2,14.5,78.0,20.7,83.0,0.0,0.0,0.0,0.0,0.0,0.0,28.8,10.8,256.7,8.5,14.8,128.0,995.7,995.7,2.7,4.9
2024-07-06 02:20:00+02:00,18.3,18.3,18.4,14.5,78.0,20.6,83.0,0.0,0.0,0.0,0.0,0.0,0.0,28.8,10.8,256.7,7.4,14.8,120.0,995.6,995.6,2.7,4.9
2024-07-06 02:25:00+02:00,18.3,18.3,18.3,14.4,78.0,20.6,83.0,0.0,0.0,0.0,0.0,0.0,0.0,28.8,10.8,256.7,7.3,14.8,128.0,995.5,995.5,2.7,4.9
2024-07-06 02:30:00+02:00,18.4,18.4,18.2,14.4,78.0,20.6,83.0,0.0,0.0,0.0,0.0,0.0,0.0,28.8,10.8,256.7,8.2,17.6,132.0,995.4,995.4,2.7,4.9
2024-07-06 02:35:00+02:00,18.3,18.3,18.9,14.5,78.0,20.6,83.0,0.0,0.0,0.0,0.0,0.0,0.0,28.8,10.8,256.7,4.5,17.6,135.0,995.5,995.5,2.7,4.9
2024-07-06 02:40:00+02:00,18.3,18.3,18.1,14.4,78.0,20.6,83.0,0.0,0.0,0.0,0.0,0.0,0.0,28.8,10.8,256.7,8.6,16.9,132.0,995.5,995.5,2.7,4.9
2024-07-06 02:45:00+02:00,18.6,18.6,18.3,14.5,77.0,20.6,83.0,0.0,0.0,0.0,0.0,0.0,0.0,28.8,10.8,256.7,8.6,17.6,125.0,995.4,995.4,2.7,4.9
2024-07-06 02:50:00+02:00,18.3,18.3,18.4,14.5,78.0,20.6,83.0,0.0,0.0,0.0,0.0,0.0,0.0,28.8,10.8,256.7,7.1,13.7,129.0,995.3,995.3,2.7,4.9
2024-07-06 02:55:00+02:00,18.3,18.3,18.3,14.4,78.0,20.6,83.0,0.0,0.0,0.0,0.0,0.0,0.0,28.8,10.8,256.7,7.5,13.7,125.0,995.3,995.3,2.7,4.9
2024-07-06 03:00:00+02:00,18.5,18.5,18.6,14.5,78.0,20.6,83.0,0.0,0.0,0.0,0.0,0.0,0.0,28.8,10.8,256.7,6.9,14.0,135.0,995.2,995.2,2.7,4.9
2024-07-06 03:05:00+02:00,18.6,18.6,18.4,14.5,77.0,20.6,83.0,0.0,0.0,0.0,0.0,0.0,0.0,28.8,10.8,256.7,8.2,14.4,127.0,995.1,995.1,2.7,4.9
2024-07-06 03:10:00+02:00,18.7,18.7,18.3,14.5,77.0,20.6,83.0,0.0,0.0,0.0,0.0,0.0,0.0,28.8,10.8,256.7,9.0,15.1,130.0,994.9,994.9,2.7,4.9
2024-07-06 03:15:00+02:00,18.7,18.7,17.9,14.4,76.0,20.6,83.0,0.0,0.0,0.0,0.0,0.0,0.0,28.8,10.8,256.7,10.9,19.8,129.0,994.9,994.9,2.7,4.9
2024-07-06 03:20:00+02:00,18.8,18.8,18.3,14.4,76.0,20.6,84.0,0.0,0.0,0.0,0.0,0.0,0.0,28.8,10.8,256.7,9.8,19.8,131.0,994.8,994.8,2.7,4.9
2024-07-06 03:25:00+02:00,18.8,18.8,18.3,14.4,75.0,20.6,84.0,0.0,0.0,0.0,0.0,0.0,0.0,28.8,10.8,256.7,9.9,18.7,129.0,994.7,994.7,2.7,4.9
2024-07-06 03:30:00+02:00,18.9,18.9,18.1,14.4,75.0,20.6,84.0,0.0,0.0,0.0,0.0,0.0,0.0,28.8,10.8,256.7,11.5,18.4,132.0,994.6,994.6,2.7,4.9
2024-07-06 03:35:00+02:00,19.0,19.0,18.1,14.5,75.0,20.7,84.0,0.0,0.0,0.0,0.0,0.0,0.0,28.8,10.8,256.7,12.1,21.2,122.0,994.6,994.6,2.7,4.9
2024-07-06 03:40:00+02:00,18.9,18.9,18.5,14.4,75.0,20.7,84.0,0.0,0.0,0.0,0.0,0.0,0.0,28.8,10.8,256.7,9.2,16.2,123.0,994.5,994.5,2.7,4.9
2024-07-06 03:45:00+02:00,18.7,18.7,18.6,14.4,76.0,20.6,84.0,0.0,0.0,0.0,0.0,0.0,0.0,28.8,10.8,256.7,7.9,15.5,123.0,994.4,994.4,2.7,4.8
2024-07-06 03:50:00+02:00,18.8,18.8,18.4,14.3,75.0,20.7,84.0,0.0,0.0,0.0,0.0,0.0,0.0,28.8,10.8,256.7,8.9,16.6,130.0,994.4,994.4,2.7,4.8
2024-07-06 03:55:00+02:00,18.9,18.9,17.8,14.4,75.0,20.7,84.0,0.0,0.0,0.0,0.0,0.0,0.0,28.8,10.8,256.7,13.0,21.2,129.0,994.2,994.2,2.7,4.8
2024-07-06 04:00:00+02:00,18.8,18.8,18.6,14.4,76.0,20.7,84.0,0.0,0.0,0.0,0.0,0.0,0.0,28.8,10.8,256.7,8.1,19.1,128.0,994.2,994.2,2.7,4.8
2024-07-06 04:05:00+02:00,18.6,18.6,18.7,14.3,76.0,20.7,84.0,0.0,0.0,0.0,0.0,0.0,0.0,28.8,10.8,256.7,6.6,14.4,124.0,994.0,994.0,2.7,4.8
2024-07-06 04:10:00+02:00,18.7,18.7,18.2,14.2,75.0,20.7,84.0,0.0,0.0,0.0,0.0,0.0,0.0,28.8,10.8,256.7,9.5,19.8,132.0,994.1,994.1,2.7,4.8
2024-07-06 04:15:00+02:00,18.7,18.7,18.0,14.2,75.0,20.7,84.0,0.0,0.0,0.0,0.0,0.0,0.0,28.8,10.8,256.7,10.4,19.1,140.0,993.9,993.9,2.7,4.8
2024-07-06 04:20:00+02:00,18.7,18.7,18.2,14.2,75.0,20.7,84.0,0.0,0.0,0.0,0.0,0.0,0.0,28.8,10.8,256.7,9.3,16.2,129.0,993.9,993.9,2.7,4.8
2024-07-06 04:25:00+02:00,18.7,18.7,18.2,14.2,75.0,20.7,84.0,0.0,0.0,0.0,0.0,0.0,0.0,28.8,10.8,256.7,9.2,17.6,132.0,993.8,993.8,2.7,4.8
2024-07-06 04:30:00+02:00,18.7,18.7,17.9,14.3,75.0,20.7,84.0,0.0,0.0,0.0,0.0,0.0,0.0,28.8,10.8,256.7,11.2,19.8,139.0,993.8,993.8,2.7,4.8
2024-07-06 04:35:00+02:00,18.6,18.6,18.5,14.2,76.0,20.7,84.0,0.0,0.0,0.0,0.0,0.0,0.0,28.8,10.8,256.7,7.7,23.0,125.0,993.8,993.8,2.7,4.8
2024-07-06 04:40:00+02:00,18.6,18.6,17.8,14.1,75.0,20.7,84.0,0.0,0.0,0.0,0.0,0.0,0.0,28.8,10.8,256.7,10.5,17.6,129.0,993.7,993.7,2.7,4.8
2024-07-06 04:45:00+02:00,18.7,18.7,18.1,14.2,75.0,20.7,84.0,0.0,0.0,0.0,0.0,0.0,0.0,28.8,10.8,256.7,9.4,19.8,127.0,993.7,993.7,2.7,4.8
2024-07-06 04:50:00+02:00,18.7,18.7,17.9,14.2,75.0,20.7,84.0,0.1,0.0,0.0,0.0,0.0,0.0,28.8,10.8,256.7,10.6,18.7,131.0,993.7,993.7,2.7,4.8
2024-07-06 04:55:00+02:00,18.6,18.6,17.7,14.2,75.0,20.7,84.0,0.2,0.0,0.0,0.0,0.0,0.0,28.8,10.8,256.7,11.3,21.6,124.0,993.6,993.6,2.7,4.8
2024-07-06 05:00:00+02:00,18.7,18.7,18.4,14.2,75.0,20.7,84.0,0.4,0.0,0.0,0.0,0.0,0.0,28.8,10.8,256.7,8.0,22.7,127.0,993.5,993.5,2.7,4.8
2024-07-06 05:05:00+02:00,18.5,18.5,17.6,14.1,76.0,20.7,84.0,0.7,0.0,0.0,0.0,0.0,0.0,28.8,10.8,256.7,11.5,22.3,122.0,993.5,993.5,2.7,4.8
2024-07-06 05:10:00+02:00,18.6,18.6,18.2,14.2,76.0,20.7,84.0,1.2,0.0,0.0,0.0,0.0,0.0,28.8,10.8,256.7,8.7,22.3,135.0,993.6,993.6,2.7,4.8
2024-07-06 05:15:00+02:00,18.6,18.6,18.0,14.2,76.0,20.7,84.0,1.8,0.0,0.0,0.0,0.0,0.0,28.8,10.8,256.7,9.6,17.6,132.0,993.5,993.5,2.7,4.8
2024-07-06 05:20:00+02:00,18.5,18.5,18.0,14.2,76.0,20.7,84.0,2.7,0.0,0.0,0.0,0.0,0.0,28.8,10.8,256.7,9.4,18.0,122.0,993.5,993.5,2.7,4.8
2024-07-06 05:25:00+02:00,18.5,18.5,18.2,14.2,76.0,20.7,84.0,3.6,0.0,0.0,0.0,0.0,0.0,28.8,10.8,256.7,8.4,18.0,126.0,993.3,993.3,2.7,4.7
2024-07-06 05:30:00+02:00,18.5,18.5,17.8,14.2,76.0,20.7,84.0,4.5,0.0,0.0,0.0,0.0,0.0,28.8,10.8,256.7,10.3,18.0,120.0,993.1,993.1,2.7,4.7
2024-07-06 05:35:00+02:00,18.6,18.6,18.0,14.2,76.0,20.7,84.0,5.5,0.0,0.0,0.0,0.0,0.0,28.8,10.8,256.7,9.6,16.6,136.0,993.2,993.2,2.7,4.7
2024-07-06 05:40:00+02:00,18.5,18.5,18.3,14.2,76.0,20.7,84.0,6.9,0.0,0.0,0.0,0.0,0.0,28.8,10.8,256.7,7.7,16.6,111.0,993.2,993.2,2.7,4.7
2024-07-06 05:45:00+02:00,18.4,18.4,18.2,14.1,76.0,20.7,84.0,8.7,0.0,0.0,0.0,0.0,0.0,28.8,10.8,256.7,7.8,14.4,124.0,993.2,993.2,2.7,4.7
2024-07-06 05:50:00+02:00,18.3,18.3,18.2,14.1,76.0,20.7,84.0,11.0,0.0,0.0,0.0,0.0,0.0,28.8,10.8,256.7,7.6,16.6,133.0,993.1,993.1,2.7,4.7
2024-07-06 05:55:00+02:00,18.3,18.3,18.1,14.1,76.0,20.7,84.0,13.0,0.0,0.0,0.0,0.0,0.0,28.8,10.8,256.7,8.2,14.0,129.0,993.2,993.2,2.7,4.7
2024-07-06 06:00:00+02:00,18.4,18.4,18.2,14.1,76.0,20.7,84.0,14.9,0.0,0.0,0.0,0.0,0.0,28.8,10.8,256.7,7.6,15.1,135.0,993.0,993.0,2.7,4.7
2024-07-06 06:05:00+02:00,18.5,18.5,18.0,14.2,76.0,20.7,84.0,16.7,0.0,0.0,0.0,0.0,0.0,28.8,10.8,256.7,9.2,17.6,129.0,993.0,993.0,2.7,4.7
2024-07-06 06:10:00+02:00,18.7,18.7,18.0,14.2,75.0,20.7,84.0,19.0,0.0,0.0,0.0,0.0,0.0,28.8,10.8,256.7,10.0,18.4,133.0,992.9,992.9,2.7,4.7
2024-07-06 06:15:00+02:00,18.6,18.6,18.5,14.1,75.0,20.7,84.0,21.7,0.0,0.0,0.0,0.0,0.0,28.8,10.8,256.7,6.9,15.5,134.0,993.0,993.0,2.7,4.7
2024-07-06 06:20:00+02:00,18.7,18.7,18.1,14.2,75.0,20.7,84.0,29.9,0.0,0.0,0.0,0.0,0.0,28.8,10.8,256.7,10.2,18.4,126.0,992.9,992.9,2.7,4.7
2024-07-06 06:25:00+02:00,18.9,18.9,17.8,14.2,74.0,20.7,84.0,30.5,0.0,0.0,0.0,0.0,0.0,28.8,10.8,256.7,12.5,19.1,124.0,992.9,992.9,2.7,4.7
2024-07-06 06:30:00+02:00,18.9,18.9,17.6,14.2,74.0,20.8,84.0,29.2,0.0,0.0,0.0,0.0,0.0,28.8,10.8,256.7,13.6,20.2,134.0,992.8,992.8,2.7,4.7
2024-07-06 06:35:00+02:00,18.9,18.9,18.6,14.3,75.0,20.8,84.0,49.0,0.0,0.0,0.0,0.0,0.0,28.8,10.8,256.7,8.9,19.1,133.0,992.7,992.7,2.7,4.7
2024-07-06 06:40:00+02:00,19.1,19.1,18.4,14.3,74.0,20.8,84.0,52.7,0.0,0.0,0.0,0.0,0.0,28.8,10.8,256.7,10.4,23.0,130.0,992.9,992.9,2.7,4.7
2024-07-06 06:45:00+02:00,19.1,19.1,18.5,14.4,74.0,20.8,84.0,62.9,0.0,0.0,0.0,0.0,0.0,28.8,10.8,256.7,10.3,18.7,124.0,992.7,992.7,2.7,4.7
2024-07-06 06:50:00+02:00,19.2,19.2,18.6,14.4,74.0,20.8,84.0,66.9,0.0,0.0,0.0,0.0,0.0,28.8,10.8,256.7,10.1,17.3,129.0,992.7,992.7,2.7,4.7
2024-07-06 06:55:00+02:00,19.3,19.3,18.5,14.3,73.0,20.9,85.0,70.6,0.0,0.0,0.0,0.0,0.0,28.8,10.8,256.7,11.2,18.7,131.0,992.6,992.6,2.7,4.8
2024-07-06 07:00:00+02:00,19.5,19.5,18.6,14.4,72.0,21.1,85.0,77.9,0.0,0.0,0.0,0.0,0.0,28.8,10.8,256.7,11.8,25.9,128.0,992.5,992.5,2.7,4.8
2024-07-06 07:05:00+02:00,19.4,19.4,19.0,14.3,72.0,21.2,85.0,52.1,0.0,0.0,0.0,0.0,0.0,28.8,10.8,256.7,9.1,20.5,131.0,992.4,992.4,2.7,4.8
2024-07-06 07:10:00+02:00,19.5,19.5,18.3,14.3,72.0,21.3,85.0,44.5,0.0,0.0,0.0,0.0,0.0,28.8,10.8,256.7,12.7,25.6,127.0,992.3,992.3,2.7,4.8
2024-07-06 07:15:00+02:00,19.6,19.6,18.9,14.5,72.0,21.4,85.0,48.6,0.0,0.0,0.0,0.0,0.0,28.8,10.8,256.7,10.7,24.1,135.0,992.2,992.2,2.7,4.8
2024-07-06 07:20:00+02:00,19.7,19.7,18.6,14.5,72.0,21.5,85.0,58.9,0.0,0.0,0.0,0.0,0.0,28.8,10.8,256.7,12.6,20.9,131.0,992.2,992.2,2.7,4.8
2024-07-06 07:25:00+02:00,19.7,19.7,19.5,14.6,72.0,21.5,85.0,82.6,0.0,0.0,0.0,0.0,0.0,28.8,10.8,256.7,8.4,18.0,129.0,992.1,992.1,2.7,4.8
2024-07-06 07:30:00+02:00,19.9,19.9,19.1,14.6,71.0,21.6,85.0,95.9,0.0,0.0,0.0,0.0,0.0,28.8,10.8,256.7,12.0,19.4,132.0,992.1,992.1,2.7,4.8
2024-07-06 07:35:00+02:00,20.1,20.1,19.1,14.7,71.0,21.6,85.0,96.8,0.0,0.0,0.0,0.0,0.0,28.8,10.8,256.7,12.5,20.9,136.0,992.0,992.0,2.7,4.8
2024-07-06 07:40:00+02:00,20.2,20.2,19.9,14.8,71.0,21.7,85.0,97.3,0.0,0.0,0.0,0.0,0.0,28.8,10.8,256.7,9.5,21.6,123.0,991.9,991.9,2.7,4.8
2024-07-06 07:45:00+02:00,20.2,20.2,20.0,14.8,71.0,21.7,85.0,89.3,0.0,0.0,0.0,0.0,0.0,28.8,10.8,256.7,9.4,22.7,140.0,991.9,991.9,2.7,4.9
2024-07-06 07:50:00+02:00,20.2,20.2,19.8,14.8,71.0,21.8,85.0,89.1,0.0,0.0,0.0,0.0,0.0,28.8,10.8,256.7,10.0,18.7,135.0,991.9,991.9,2.7,4.9
2024-07-06 07:55:00+02:00,20.4,20.4,20.5,15.0,71.0,21.8,85.0,89.9,0.0,0.0,0.0,0.0,0.0,28.8,10.8,256.7,7.6,17.6,143.0,991.7,991.7,2.7,4.9
2024-07-06 08:00:00+02:00,20.5,20.5,19.5,14.9,70.0,21.9,85.0,85.8,0.0,0.0,0.0,0.0,0.0,28.8,10.8,256.7,13.4,20.5,125.0,991.8,991.8,2.7,4.9
2024-07-06 08:05:00+02:00,20.5,20.5,19.9,14.9,70.0,22.0,85.0,80.8,0.0,0.0,0.0,0.0,0.0,28.8,10.8,256.7,11.3,20.5,126.0,991.7,991.7,2.7,4.9
2024-07-06 08:10:00+02:00,20.5,20.5,20.0,14.9,71.0,22.0,85.0,65.8,0.0,0.0,0.0,0.0,0.0,28.8,10.8,256.7,10.7,18.0,131.0,991.6,991.6,2.7,4.9
2024-07-06 08:15:00+02:00,20.5,20.5,20.4,14.9,70.0,22.1,85.0,71.7,0.0,0.0,0.0,0.0,0.0,28.8,10.8,256.7,8.9,18.7,136.0,991.6,991.6,2.7,5.0
2024-07-06 08:20:00+02:00,20.7,20.7,20.7,15.1,70.0,22.1,85.0,86.7,0.0,0.0,0.0,0.0,0.0,28.8,10.8,256.7,8.7,18.7,141.0,991.6,991.6,2.7,5.0
2024-07-06 08:25:00+02:00,20.9,20.9,20.3,15.0,69.0,22.2,85.0,110.9,1.0,0.0,0.0,0.0,0.0,28.8,10.8,256.7,11.4,17.6,127.0,991.6,991.6,2.7,5.0
2024-07-06 08:30:00+02:00,21.2,21.2,21.3,15.2,68.0,22.2,85.0,281.3,2.0,0.0,0.0,0.0,0.0,28.8,10.8,256.7,8.1,16.9,144.0,991.6,991.6,2.7,5.0
2024-07-06 08:35:00+02:00,21.5,21.5,20.9,15.2,68.0,22.3,85.0,289.1,2.0,0.0,0.0,0.0,0.0,28.8,10.8,256.7,11.7,21.6,123.0,991.5,991.5,2.7,5.1
2024-07-06 08:40:00+02:00,21.6,21.6,21.7,15.5,68.0,22.3,85.0,344.7,3.0,0.0,0.0,0.0,0.0,28.8,10.8,256.7,8.9,14.4,132.0,991.6,991.6,2.7,5.1
2024-07-06 08:45:00+02:00,21.9,21.9,21.9,15.6,67.0,22.4,85.0,365.8,3.0,0.0,0.0,0.0,0.0,28.8,10.8,256.7,9.4,16.2,144.0,991.6,991.6,2.7,5.2
2024-07-06 08:50:00+02:00,22.1,22.1,22.1,15.3,65.0,22.5,85.0,263.8,2.0,0.0,0.0,0.0,0.0,28.8,10.8,256.7,8.9,19.8,132.0,991.5,991.5,2.7,5.2
2024-07-06 08:55:00+02:00,22.1,22.1,21.9,15.4,66.0,22.6,85.0,250.8,2.0,0.0,0.0,0.0,0.0,28.8,10.8,256.7,9.7,18.4,124.0,991.6,991.6,2.7,5.2
2024-07-06 09:00:00+02:00,21.8,21.8,21.3,15.3,67.0,22.8,85.0,173.4,1.0,0.0,0.0,0.0,0.0,28.8,10.8,256.7,11.4,23.0,131.0,991.6,991.6,2.7,5.2
2024-07-06 09:05:00+02:00,21.7,21.7,21.4,15.4,67.0,22.9,85.0,175.3,1.0,0.0,0.0,0.0,0.0,28.8,10.8,256.7,10.5,18.4,130.0,991.5,991.5,2.7,5.2
2024-07-06 09:10:00+02:00,21.6,21.6,20.1,15.2,67.0,23.0,85.0,192.3,1.0,0.0,0.0,0.0,0.0,28.8,10.8,256.7,16.3,25.9,127.0,991.5,991.5,2.7,5.2
2024-07-06 09:15:00+02:00,21.6,21.6,21.5,15.3,67.0,23.1,86.0,237.9,2.0,0.0,0.0,0.0,0.0,28.8,10.8,256.7,8.9,24.1,123.0,991.3,991.3,2.7,5.2
2024-07-06 09:20:00+02:00,21.7,21.7,22.0,15.5,68.0,23.2,85.0,190.8,1.0,0.0,0.0,0.0,0.0,28.8,10.8,256.7,7.8,16.2,137.0,991.3,991.3,2.7,5.2
2024-07-06 09:25:00+02:00,21.7,21.7,21.4,15.3,67.0,23.3,85.0,181.1,1.0,0.0,0.0,0.0,0.0,28.8,10.8,256.7,10.8,24.5,118.0,991.3,991.3,2.7,5.2
2024-07-06 09:30:00+02:00,21.8,21.8,22.7,15.6,68.0,23.4,85.0,365.5,3.0,0.0,0.0,0.0,0.0,28.8,10.8,256.7,4.8,18.4,133.0,991.4,991.4,2.7,5.2
2024-07-06 09:35:00+02:00,21.9,21.9,21.9,15.4,66.0,23.5,85.0,254.5,2.0,0.0,0.0,0.0,0.0,28.8,10.8,256.7,9.4,18.0,119.0,991.3,991.3,2.7,5.3
2024-07-06 09:40:00+02:00,22.1,22.1,21.8,15.6,67.0,23.6,85.0,420.9,3.0,0.0,0.0,0.0,0.0,28.8,10.8,256.7,11.2,19.1,133.0,991.3,991.3,2.7,5.3
2024-07-06 09:45:00+02:00,22.3,22.3,22.3,15.7,66.0,23.7,85.0,378.4,3.0,0.0,0.0,0.0,0.0,28.8,10.8,256.7,9.6,19.8,121.0,991.2,991.2,2.7,5.3
2024-07-06 09:50:00+02:00,22.3,22.3,22.6,15.5,66.0,23.8,85.0,233.4,2.0,0.0,0.0,0.0,0.0,28.8,10.8,256.7,7.7,19.4,128.0,991.2,991.2,2.7,5.3
2024-07-06 09:55:00+02:00,22.3,22.3,23.5,15.7,66.0,23.9,85.0,212.2,1.0,0.0,0.0,0.0,0.0,28.8,10.8,256.7,3.0,19.4,132.0,991.2,991.2,2.7,5.3
2024-07-06 10:00:00+02:00,22.6,22.6,23.2,15.9,66.0,24.0,85.0,439.2,4.0,0.0,0.0,0.0,0.0,28.8,10.8,256.7,6.8,15.8,134.0,991.2,991.2,2.7,5.3
2024-07-06 10:05:00+02:00,22.5,22.5,22.3,15.7,66.0,24.2,85.0,524.2,4.0,0.0,0.0,0.0,0.0,28.8,10.8,256.7,10.9,18.7,137.0,991.1,991.1,2.7,5.3
2024-07-06 10:10:00+02:00,22.8,22.8,22.2,15.9,65.0,24.3,84.0,538.1,5.0,0.0,0.0,0.0,0.0,28.8,10.8,256.7,13.0,21.6,134.0,991.1,991.1,2.7,5.3
2024-07-06 10:15:00+02:00,23.1,23.1,23.2,16.0,64.0,24.5,85.0,447.7,4.0,0.0,0.0,0.0,0.0,28.8,10.8,256.7,9.7,16.6,134.0,991.1,991.1,2.7,5.3
2024-07-06 10:20:00+02:00,22.8,22.8,22.6,15.8,64.0,24.7,84.0,341.8,3.0,0.0,0.0,0.0,0.0,28.8,10.8,256.7,10.9,18.0,128.0,990.9,990.9,2.7,5.3
2024-07-06 10:25:00+02:00,22.7,22.7,22.9,15.7,65.0,24.8,84.0,458.6,4.0,0.0,0.0,0.0,0.0,28.8,10.8,256.7,8.4,23.4,131.0,991.0,991.0,2.7,5.3
2024-07-06 10:30:00+02:00,23.3,23.3,24.1,16.2,64.0,25.0,84.0,551.5,5.0,0.0,0.0,0.0,0.0,28.8,10.8,256.7,6.2,15.8,133.0,990.9,990.9,2.7,5.3
2024-07-06 10:35:00+02:00,23.8,23.8,24.0,16.2,63.0,25.2,84.0,558.8,5.0,0.0,0.0,0.0,0.0,28.8,10.8,256.7,9.6,22.7,139.0,990.8,990.8,2.7,5.3
2024-07-06 10:40:00+02:00,23.8,23.8,24.8,16.0,62.0,25.3,84.0,577.7,5.0,0.0,0.0,0.0,0.0,28.8,10.8,256.7,5.1,14.8,93.0,990.7,990.7,2.7,5.3
2024-07-06 10:45:00+02:00,23.8,23.8,24.4,15.9,61.0,25.5,83.0,280.9,2.0,0.0,0.0,0.0,0.0,28.8,10.8,256.7,7.1,23.8,126.0,990.7,990.7,2.7,5.3
2024-07-06 10:50:00+02:00,23.7,23.7,23.9,15.8,61.0,25.7,83.0,537.5,4.0,0.0,0.0,0.0,0.0,28.8,10.8,256.7,8.6,21.2,114.0,990.7,990.7,2.7,5.3
2024-07-06 10:55:00+02:00,24.4,24.4,24.4,15.4,57.0,25.9,83.0,641.4,5.0,0.0,0.0,0.0,0.0,28.8,10.8,256.7,8.8,18.7,147.0,990.8,990.8,2.7,5.3
2024-07-06 11:00:00+02:00,24.3,24.3,24.5,15.3,57.0,26.1,82.0,502.4,4.0,0.0,0.0,0.0,0.0,28.8,10.8,256.7,8.0,22.7,127.0,990.7,990.7,2.7,5.3
2024-07-06 11:05:00+02:00,24.3,24.3,24.3,15.9,59.0,26.3,82.0,517.1,4.0,0.0,0.0,0.0,0.0,28.8,10.8,256.7,10.2,20.2,127.0,990.7,990.7,2.7,5.3
2024-07-06 11:10:00+02:00,24.3,24.3,24.2,15.5,58.0,26.5,82.0,530.8,4.0,0.0,0.0,0.0,0.0,28.8,10.8,256.7,9.5,22.7,127.0,990.8,990.8,2.7,5.3
2024-07-06 11:15:00+02:00,24.3,24.3,23.7,14.7,55.0,26.6,81.0,611.4,5.0,0.0,0.0,0.0,0.0,28.8,10.8,256.7,11.1,24.1,115.0,990.8,990.8,2.7,5.3
2024-07-06 11:20:00+02:00,24.6,24.6,24.9,14.8,54.0,26.8,81.0,651.4,6.0,0.0,0.0,0.0,0.0,28.8,10.8,256.7,6.4,20.9,159.0,990.6,990.6,2.7,5.3
2024-07-06 11:25:00+02:00,25.3,25.3,25.5,15.0,53.0,27.0,81.0,604.6,5.0,0.0,0.0,0.0,0.0,28.8,10.8,256.7,7.6,22.3,148.0,990.7,990.7,2.7,5.3
2024-07-06 11:30:00+02:00,24.6,24.6,24.0,15.0,55.0,27.2,81.0,503.1,4.0,0.0,0.0,0.0,0.0,28.8,10.8,256.7,11.6,28.4,129.0,990.8,990.8,2.7,5.3
2024-07-06 11:35:00+02:00,24.3,24.3,24.6,14.7,55.0,27.3,81.0,272.3,2.0,0.0,0.0,0.0,0.0,28.8,10.8,256.7,6.0,15.8,133.0,990.7,990.7,2.7,5.3
2024-07-06 11:40:00+02:00,24.2,24.2,25.0,14.5,55.0,27.5,81.0,224.8,2.0,0.0,0.0,0.0,0.0,28.8,10.8,256.7,3.5,14.4,182.0,990.7,990.7,2.7,5.3
2024-07-06 11:45:00+02:00,24.0,24.0,23.8,14.6,56.0,27.6,80.0,254.3,2.0,0.0,0.0,0.0,0.0,28.8,10.8,256.7,8.7,18.7,140.0,990.8,990.8,2.7,5.3
2024-07-06 11:50:00+02:00,23.4,23.4,21.3,13.8,55.0,27.7,80.0,235.8,2.0,0.0,0.0,0.0,0.0,28.8,10.8,256.7,16.8,27.7,130.0,990.8,990.8,2.7,5.3
2024-07-06 11:55:00+02:00,23.3,23.3,23.2,14.2,57.0,27.7,79.0,227.1,2.0,0.0,0.0,0.0,0.0,28.8,10.8,256.7,7.7,19.1,128.0,990.8,990.8,2.7,5.3
2024-07-06 12:00:00+02:00,23.2,23.2,22.3,14.1,56.0,27.8,79.0,224.4,2.0,0.0,0.0,0.0,0.0,28.8,10.8,256.7,11.2,25.2,131.0,990.9,990.9,2.7,5.3
2024-07-06 12:05:00+02:00,23.2,23.2,22.9,14.1,57.0,27.8,79.0,214.2,1.0,0.0,0.0,0.0,0.0,28.8,10.8,256.7,8.4,19.4,128.0,990.8,990.8,2.7,5.3
2024-07-06 12:10:00+02:00,23.3,23.3,23.4,14.3,57.0,27.8,79.0,218.6,2.0,0.0,0.0,0.0,0.0,28.8,10.8,256.7,6.4,15.5,119.0,990.8,990.8,2.7,5.3
2024-07-06 12:15:00+02:00,23.2,23.2,22.9,14.4,58.0,27.9,79.0,274.7,2.0,0.0,0.0,0.0,0.0,28.8,10.8,256.7,9.1,23.8,128.0,991.0,991.0,2.7,5.3
2024-07-06 12:20:00+02:00,23.3,23.3,22.2,14.3,57.0,27.9,78.0,284.4,2.0,0.0,0.0,0.0,0.0,28.8,10.8,256.7,12.7,23.8,139.0,990.9,990.9,2.7,5.3
2024-07-06 12:25:00+02:00,23.4,23.4,23.0,14.3,57.0,27.9,78.0,317.2,2.0,0.0,0.0,0.0,0.0,28.8,10.8,256.7,9.6,25.2,137.0,991.0,991.0,2.7,5.3
2024-07-06 12:30:00+02:00,23.6,23.6,23.1,14.1,55.0,27.9,78.0,370.9,3.0,0.0,0.0,0.0,0.0,28.8,10.8,256.7,9.0,23.8,113.0,991.0,991.0,2.7,5.3
2024-07-06 12:35:00+02:00,23.5,23.5,23.3,14.4,57.0,27.9,78.0,269.5,2.0,0.0,0.0,0.0,0.0,28.8,10.8,256.7,8.1,23.8,135.0,991.0,991.0,2.7,5.3
2024-07-06 12:40:00+02:00,23.4,23.4,23.4,14.1,56.0,27.9,78.0,216.9,2.0,0.0,0.0,0.0,0.0,28.8,10.8,256.7,7.0,18.4,143.0,991.2,991.2,2.7,5.3
2024-07-06 12:45:00+02:00,23.5,23.5,23.0,14.0,55.0,28.0,78.0,242.9,2.0,0.0,0.0,0.0,0.0,28.8,10.8,256.7,8.9,19.4,126.0,991.1,991.1,2.7,5.3
2024-07-06 12:50:00+02:00,23.3,23.3,23.2,13.7,55.0,28.0,78.0,296.6,2.0,0.0,0.0,0.0,0.0,28.8,10.8,256.7,6.6,25.2,138.0,991.2,991.2,2.7,5.3
2024-07-06 12:55:00+02:00,23.8,23.8,24.2,13.7,53.0,28.0,78.0,368.3,3.0,0.0,0.0,0.0,0.0,28.8,10.8,256.7,3.5,10.8,143.0,991.3,991.3,2.7,5.3
2024-07-06 13:00:00+02:00,23.8,23.8,23.6,13.9,54.0,28.0,78.0,456.8,4.0,0.0,0.0,0.0,0.0,28.8,10.8,256.7,6.8,16.9,135.0,991.3,991.3,2.7,5.3
2024-07-06 13:05:00+02:00,23.6,23.6,22.9,13.9,54.0,28.0,78.0,358.7,3.0,0.0,0.0,0.0,0.0,28.8,10.8,256.7,9.8,23.4,125.0,991.3,991.3,2.7,5.3
2024-07-06 13:10:00+02:00,23.7,23.7,23.0,13.5,53.0,28.1,78.0,290.1,2.0,0.0,0.0,0.0,0.0,28.8,10.8,256.7,9.4,26.3,142.0,991.3,991.3,2.7,5.3
2024-07-06 13:15:00+02:00,23.5,23.5,23.1,13.7,54.0,28.1,78.0,314.7,2.0,0.0,0.0,0.0,0.0,28.8,10.8,256.7,8.0,26.3,151.0,991.3,991.3,2.7,5.3
2024-07-06 13:20:00+02:00,23.6,23.6,22.9,13.6,54.0,28.1,78.0,288.2,2.0,0.0,0.0,0.0,0.0,28.8,10.8,256.7,9.2,26.3,155.0,991.2,991.2,2.7,5.3
2024-07-06 13:25:00+02:00,23.3,23.3,22.3,13.4,54.0,28.1,78.0,341.9,3.0,0.0,0.0,0.0,0.0,28.8,10.8,256.7,10.7,28.1,129.0,991.4,991.4,2.7,5.3
2024-07-06 13:30:00+02:00,23.4,23.4,21.6,13.5,54.0,28.1,78.0,563.7,5.0,0.0,0.0,0.0,0.0,28.8,10.8,256.7,15.1,32.0,134.0,991.3,991.3,2.7,5.3
2024-07-06 13:35:00+02:00,23.4,23.4,22.9,13.7,55.0,28.2,78.0,233.5,2.0,0.0,0.0,0.0,0.0,28.8,10.8,256.7,8.6,19.4,131.0,991.3,991.3,2.7,5.3
2024-07-06 13:40:00+02:00,23.2,23.2,21.1,13.4,54.0,28.2,78.0,191.6,1.0,0.0,0.0,0.0,0.0,28.8,10.8,256.7,16.0,27.0,139.0,991.4,991.4,2.7,5.3
2024-07-06 13:45:00+02:00,22.9,22.9,20.6,13.3,55.0,28.2,79.0,155.6,1.0,0.0,0.0,0.0,0.0,28.8,10.8,256.7,16.8,24.8,132.0,991.4,991.4,2.7,5.3
2024-07-06 13:50:00+02:00,22.8,22.8,21.7,13.4,55.0,28.1,78.0,129.4,1.0,0.0,0.0,0.0,0.0,28.8,10.8,256.7,10.9,22.3,135.0,991.5,991.5,2.7,5.3
2024-07-06 13:55:00+02:00,22.6,22.6,21.9,13.8,57.0,28.1,78.0,198.4,1.0,0.0,0.0,0.0,0.0,28.8,10.8,256.7,9.9,25.2,148.0,991.6,991.6,2.7,5.3
2024-07-06 14:00:00+02:00,22.7,22.7,21.7,13.7,57.0,28.1,78.0,216.4,2.0,0.0,0.0,0.0,0.0,28.8,10.8,256.7,10.6,24.5,136.0,991.6,991.6,2.7,5.3
2024-07-06 14:05:00+02:00,23.1,23.1,23.7,13.9,56.0,28.1,78.0,485.8,4.0,0.0,0.0,0.0,0.0,28.8,10.8,256.7,2.9,16.2,16.0,991.6,991.6,2.7,5.3
2024-07-06 14:10:00+02:00,23.9,23.9,24.2,14.2,55.0,28.1,78.0,397.2,3.0,0.0,0.0,0.0,0.0,28.8,10.8,256.7,5.0,17.6,291.0,991.7,991.7,2.7,5.3
2024-07-06 14:15:00+02:00,23.7,23.7,24.5,14.4,56.0,28.1,78.0,189.0,1.0,0.0,0.0,0.0,0.0,28.8,10.8,256.7,2.7,16.6,130.0,991.8,991.8,2.7,5.3
2024-07-06 14:20:00+02:00,22.8,22.8,23.5,15.0,61.0,28.1,78.0,109.2,1.0,0.0,0.0,0.0,0.0,28.8,10.8,256.7,5.3,15.8,170.0,991.9,991.9,2.7,5.3
2024-07-06 14:25:00+02:00,22.1,22.1,23.1,15.4,66.0,28.1,78.0,101.2,0.0,0.0,0.0,0.0,0.0,28.8,10.8,256.7,4.2,14.4,180.0,992.1,992.1,2.7,5.3
2024-07-06 14:30:00+02:00,21.4,21.4,22.5,15.6,69.0,28.1,79.0,99.0,0.0,0.0,0.0,0.0,0.0,28.8,10.8,256.7,3.8,11.5,240.0,992.2,992.2,2.7,5.3
2024-07-06 14:35:00+02:00,20.9,20.9,21.8,15.9,73.0,28.1,79.0,130.7,1.0,0.0,0.0,0.0,0.0,28.8,10.8,256.7,5.3,13.7,109.0,992.2,992.2,2.7,5.3
2024-07-06 14:40:00+02:00,20.4,20.4,21.5,15.9,75.0,28.0,78.0,139.2,1.0,0.0,0.0,0.0,0.0,28.8,10.8,256.7,4.4,14.4,170.0,992.2,992.2,2.7,5.3
2024-07-06 14:45:00+02:00,20.4,20.4,21.2,15.5,74.0,28.0,78.0,276.6,2.0,0.0,0.0,0.0,0.0,28.8,10.8,256.7,5.0,12.6,131.0,992.2,992.2,2.7,5.3
2024-07-06 14:50:00+02:00,20.6,20.6,21.0,15.6,73.0,28.0,78.0,265.3,2.0,0.0,0.0,0.0,0.0,28.8,10.8,256.7,7.3,15.5,119.0,992.4,992.4,2.7,5.3
2024-07-06 14:55:00+02:00,20.7,20.7,21.4,15.6,73.0,27.9,78.0,318.2,2.0,0.0,0.0,0.0,0.0,28.8,10.8,256.7,5.7,15.5,149.0,992.3,992.3,2.7,5.3
2024-07-06 15:00:00+02:00,20.8,20.8,20.8,15.4,71.0,27.9,79.0,233.5,2.0,0.0,0.0,0.0,0.0,28.8,10.8,256.7,9.1,22.0,130.0,992.3,992.3,2.7,5.3
2024-07-06 15:05:00+02:00,20.5,20.5,21.2,15.5,73.0,27.8,79.0,123.6,1.0,0.0,0.0,0.0,0.0,28.8,10.8,256.7,5.5,16.2,154.0,992.4,992.4,2.7,5.3
2024-07-06 15:10:00+02:00,20.4,20.4,21.1,15.4,73.0,27.8,79.0,85.3,0.0,0.0,0.0,0.0,0.0,28.8,10.8,256.7,5.8,11.5,177.0,992.4,992.4,2.7,5.3
2024-07-06 15:15:00+02:00,20.5,20.5,21.3,15.1,72.0,27.8,79.0,151.1,1.0,0.0,0.0,0.0,0.0,28.8,10.8,256.7,4.5,17.6,203.0,992.6,992.6,2.7,5.3
2024-07-06 15:20:00+02:00,20.3,20.3,19.9,14.5,69.0,27.7,79.0,163.0,1.0,0.0,0.0,0.0,0.0,28.8,10.8,256.7,9.3,28.8,175.0,992.6,992.6,2.7,5.3
2024-07-06 15:25:00+02:00,20.1,20.1,20.5,14.5,70.0,27.7,79.0,107.1,0.0,0.0,0.0,0.0,0.0,28.8,10.8,256.7,5.0,19.4,162.0,992.8,992.8,2.7,5.3
2024-07-06 15:30:00+02:00,19.7,19.7,19.2,14.6,72.0,27.6,79.0,35.0,0.0,0.0,0.0,0.0,0.0,28.8,10.8,256.7,10.0,20.2,138.0,993.0,993.0,2.7,5.3
2024-07-06 15:35:00+02:00,18.5,18.5,18.7,14.5,78.0,27.5,79.0,77.0,0.0,1.8,0.3,0.3,0.3,29.1,11.1,257.0,6.1,26.3,169.0,993.5,993.5,2.7,5.2
2024-07-06 15:40:00+02:00,17.0,17.0,16.5,14.3,84.0,27.5,79.0,154.6,1.0,4.8,0.8,0.8,0.8,29.6,11.6,257.5,9.3,23.8,107.0,993.8,993.8,2.7,5.2
2024-07-06 15:45:00+02:00,16.0,16.0,16.1,13.8,87.0,27.3,79.0,195.6,1.0,4.2,0.9,0.9,0.9,29.7,11.7,257.6,5.8,19.8,121.0,993.7,993.7,2.7,5.2
2024-07-06 15:50:00+02:00,15.7,15.7,15.4,13.7,88.0,27.2,78.0,269.0,2.0,3.6,1.0,1.0,1.0,29.8,11.8,257.7,7.7,15.1,118.0,993.5,993.5,2.7,5.2
2024-07-06 15:55:00+02:00,15.9,15.9,15.8,14.0,89.0,27.0,78.0,296.0,2.0,1.2,1.0,1.0,1.0,29.8,11.8,257.7,7.1,13.7,120.0,993.4,993.4,2.7,5.2
2024-07-06 16:00:00+02:00,16.0,16.0,16.3,14.2,89.0,26.8,78.0,289.3,2.0,0.6,1.0,1.0,1.0,29.8,11.8,257.7,5.5,13.7,138.0,993.5,993.5,2.7,5.2
2024-07-06 16:05:00+02:00,16.2,16.2,16.5,14.1,88.0,26.7,78.0,519.0,4.0,0.0,1.0,1.0,1.0,29.8,11.8,257.7,5.1,11.9,131.0,993.4,993.4,2.7,5.2
2024-07-06 16:10:00+02:00,16.7,16.7,17.0,14.3,86.0,26.6,78.0,913.3,8.0,0.6,1.1,1.1,1.1,29.9,11.9,257.8,5.3,20.2,127.0,993.4,993.4,2.7,5.2
2024-07-06 16:15:00+02:00,17.4,17.4,17.4,14.4,82.0,26.5,78.0,746.1,6.0,0.6,1.1,1.1,1.1,29.9,11.9,257.8,7.5,14.4,131.0,993.3,993.3,2.7,5.2
2024-07-06 16:20:00+02:00,17.9,17.9,18.4,14.6,81.0,26.4,78.0,575.0,5.0,0.6,1.1,1.1,1.1,29.9,11.9,257.8,5.3,11.2,124.0,993.4,993.4,2.7,5.2
2024-07-06 16:25:00+02:00,18.4,18.4,18.7,14.7,79.0,26.4,78.0,643.6,5.0,0.6,1.2,1.2,1.2,30.0,12.0,257.9,6.2,15.8,139.0,993.5,993.5,2.7,5.2
2024-07-06 16:30:00+02:00,18.4,18.4,18.2,14.0,75.0,26.3,79.0,446.9,4.0,0.6,1.2,1.2,1.2,30.0,12.0,257.9,7.5,17.6,107.0,993.5,993.5,2.7,5.2
2024-07-06 16:35:00+02:00,18.7,18.7,19.1,14.0,74.0,26.3,79.0,446.2,4.0,0.6,1.2,1.2,0.9,30.0,12.0,257.9,4.5,16.2,130.0,993.5,993.5,2.7,5.2
2024-07-06 16:40:00+02:00,18.8,18.8,18.7,13.9,73.0,26.2,79.0,375.9,3.0,0.0,1.2,1.2,0.4,30.0,12.0,257.9,7.1,18.4,132.0,993.7,993.7,2.7,5.2
2024-07-06 16:45:00+02:00,19.1,19.1,19.4,14.1,73.0,26.2,79.0,291.4,2.0,0.0,1.2,1.2,0.3,30.0,12.0,257.9,5.4,10.1,143.0,993.7,993.7,2.7,5.2
2024-07-06 16:50:00+02:00,19.4,19.4,19.5,13.8,70.0,26.2,79.0,358.2,3.0,0.0,1.2,1.2,0.2,30.0,12.0,257.9,5.5,14.0,125.0,993.7,993.7,2.7,5.2
2024-07-06 16:55:00+02:00,19.3,19.3,19.0,13.6,70.0,26.2,79.0,288.2,2.0,0.0,1.2,1.2,0.2,30.0,12.0,257.9,7.3,17.3,130.0,993.7,993.7,2.7,5.2
2024-07-06 17:00:00+02:00,19.8,19.8,19.9,13.0,65.0,26.2,80.0,272.7,2.0,0.0,1.2,1.2,0.2,30.0,12.0,257.9,4.2,16.2,145.0,993.8,993.8,2.7,5.2
2024-07-06 17:05:00+02:00,19.9,19.9,20.2,12.9,64.0,26.2,80.0,232.4,2.0,0.0,1.2,1.2,0.2,30.0,12.0,257.9,3.2,11.9,97.0,993.9,993.9,2.7,5.2
2024-07-06 17:10:00+02:00,19.9,19.9,19.8,11.9,60.0,26.1,80.0,209.3,1.0,0.0,1.2,1.2,0.1,30.0,12.0,257.9,3.5,8.6,203.0,994.0,994.0,2.7,5.2
2024-07-06 17:15:00+02:00,20.0,20.0,19.5,11.4,58.0,26.1,80.0,234.2,2.0,0.0,1.2,1.2,0.1,30.0,12.0,257.9,4.7,14.0,146.0,994.0,994.0,2.7,5.2
2024-07-06 17:20:00+02:00,20.3,20.3,19.6,10.9,55.0,26.1,80.0,234.4,2.0,0.0,1.2,1.2,0.1,30.0,12.0,257.9,5.0,9.4,238.0,994.0,994.0,2.7,5.2
2024-07-06 17:25:00+02:00,20.5,20.5,19.4,9.8,50.0,26.1,80.0,263.9,2.0,0.0,1.2,1.2,0.0,30.0,12.0,257.9,5.6,26.3,167.0,994.1,994.1,2.7,5.2
2024-07-06 17:40:00+02:00,20.4,20.4,18.5,7.8,44.0,26.2,80.0,224.7,2.0,0.0,1.2,1.2,0.0,30.0,12.0,257.9,7.3,17.6,157.0,994.2,994.2,2.7,5.3
2024-07-06 17:45:00+02:00,20.5,20.5,19.0,7.9,44.0,26.2,80.0,220.4,2.0,0.0,1.2,1.2,0.0,30.0,12.0,257.9,5.1,12.6,189.0,994.3,994.3,2.7,5.3
2024-07-06 17:50:00+02:00,20.6,20.6,18.8,7.7,43.0,26.2,81.0,207.3,1.0,0.0,1.2,1.2,0.0,30.0,12.0,257.9,6.5,18.4,132.0,994.2,994.2,2.7,5.3
2024-07-06 17:55:00+02:00,20.4,20.4,19.0,8.0,45.0,26.2,81.0,193.7,1.0,0.0,1.2,1.2,0.0,30.0,12.0,257.9,4.8,20.9,152.0,994.3,994.3,2.7,5.3
2024-07-06 18:00:00+02:00,20.6,20.6,19.2,7.9,44.0,26.1,81.0,204.4,1.0,0.0,1.2,1.2,0.0,30.0,12.0,257.9,4.5,20.9,191.0,994.3,994.3,2.7,5.3
2024-07-06 18:05:00+02:00,20.5,20.5,19.0,7.9,44.0,26.1,81.0,176.1,1.0,0.0,1.2,1.2,0.0,30.0,12.0,257.9,5.4,15.5,146.0,994.5,994.5,2.7,5.3
2024-07-06 18:10:00+02:00,20.6,20.6,19.1,7.5,43.0,26.1,81.0,238.4,2.0,0.0,1.2,1.2,0.0,30.0,12.0,257.9,4.5,19.4,87.0,994.4,994.4,2.7,5.3
2024-07-06 18:15:00+02:00,20.8,20.8,19.4,7.7,43.0,26.0,81.0,314.9,2.0,0.0,1.2,1.2,0.0,30.0,12.0,257.9,4.3,11.2,246.0,994.4,994.4,2.7,5.3
2024-07-06 18:20:00+02:00,20.8,20.8,19.2,7.4,42.0,26.1,81.0,172.6,1.0,0.0,1.2,1.2,0.0,30.0,12.0,257.9,5.2,14.8,170.0,994.5,994.5,2.7,5.3
2024-07-06 18:25:00+02:00,20.8,20.8,19.1,7.3,42.0,26.0,81.0,155.2,1.0,0.0,1.2,1.2,0.0,30.0,12.0,257.9,5.4,19.8,251.0,994.6,994.6,2.7,5.3
2024-07-06 18:30:00+02:00,20.9,20.9,19.7,6.7,40.0,26.0,81.0,145.2,1.0,0.0,1.2,1.2,0.0,30.0,12.0,257.9,2.3,9.0,153.0,994.7,994.7,2.7,5.3
2024-07-06 18:35:00+02:00,20.9,20.9,19.3,6.9,40.0,26.0,81.0,171.5,1.0,0.0,1.2,1.2,0.0,30.0,12.0,257.9,4.5,18.7,174.0,994.8,994.8,2.7,5.3
2024-07-06 18:40:00+02:00,20.7,20.7,18.7,6.3,39.0,26.0,81.0,136.3,1.0,0.0,1.2,1.2,0.0,30.0,12.0,257.9,5.9,18.7,155.0,994.7,994.7,2.7,5.3
2024-07-06 18:45:00+02:00,20.4,20.4,18.3,6.7,41.0,25.9,81.0,115.1,1.0,0.0,1.2,1.2,0.0,30.0,12.0,257.9,6.6,15.1,131.0,995.0,995.0,2.7,5.3
2024-07-06 18:50:00+02:00,20.3,20.3,17.9,6.8,42.0,25.9,81.0,98.8,0.0,0.0,1.2,1.2,0.0,30.0,12.0,257.9,8.8,21.2,97.0,995.0,995.0,2.7,5.3
2024-07-06 18:55:00+02:00,20.5,20.5,18.7,6.5,40.0,25.9,81.0,220.1,2.0,0.0,1.2,1.2,0.0,30.0,12.0,257.9,5.5,21.2,180.0,995.1,995.1,2.7,5.3
2024-07-06 19:00:00+02:00,20.9,20.9,19.1,6.7,40.0,25.9,81.0,210.0,1.0,0.0,1.2,1.2,0.0,30.0,12.0,257.9,5.0,21.2,228.0,995.1,995.1,2.7,5.3
2024-07-06 19:05:00+02:00,20.4,20.4,18.9,7.0,42.0,25.9,81.0,94.0,0.0,0.0,1.2,1.2,0.0,30.0,12.0,257.9,4.0,17.3,340.0,995.2,995.2,2.7,5.3
2024-07-06 19:10:00+02:00,20.1,20.1,18.4,6.3,40.0,25.8,81.0,65.6,0.0,0.0,1.2,1.2,0.0,30.0,12.0,257.9,4.2,16.2,225.0,995.2,995.2,2.7,5.3
2024-07-06 19:15:00+02:00,19.8,19.8,18.0,6.6,42.0,25.8,81.0,58.6,0.0,0.0,1.2,1.2,0.0,30.0,12.0,257.9,5.1,15.5,135.0,995.4,995.4,2.7,5.2
2024-07-06 19:20:00+02:00,19.4,19.4,17.2,6.5,43.0,25.8,81.0,63.6,0.0,0.0,1.2,1.2,0.0,30.0,12.0,257.9,7.5,15.5,129.0,995.6,995.6,2.7,5.2
2024-07-06 19:25:00+02:00,19.3,19.3,17.2,6.1,42.0,25.7,81.0,50.6,0.0,0.0,1.2,1.2,0.0,30.0,12.0,257.9,6.6,22.7,139.0,995.6,995.6,2.7,5.2
2024-07-06 19:30:00+02:00,19.4,19.4,17.6,6.0,42.0,25.7,81.0,42.9,0.0,0.0,1.2,1.2,0.0,30.0,12.0,257.9,4.7,14.8,211.0,995.6,995.6,2.7,5.2
2024-07-06 19:35:00+02:00,19.3,19.3,16.4,5.4,40.0,25.6,81.0,41.4,0.0,0.0,1.2,1.2,0.0,30.0,12.0,257.9,9.4,18.7,240.0,995.9,995.9,2.7,5.2
2024-07-06 19:40:00+02:00,19.2,19.2,17.3,5.5,41.0,25.6,81.0,40.4,0.0,0.0,1.2,1.2,0.0,30.0,12.0,257.9,4.3,10.4,191.0,995.8,995.8,2.7,5.2
2024-07-06 19:45:00+02:00,19.1,19.1,17.0,5.1,40.0,25.6,81.0,54.7,0.0,0.0,1.2,1.2,0.0,30.0,12.0,257.9,5.1,9.4,182.0,996.0,996.0,2.7,5.2
2024-07-06 19:50:00+02:00,19.2,19.2,16.9,5.3,40.0,25.5,81.0,52.9,0.0,0.0,1.2,1.2,0.0,30.0,12.0,257.9,5.9,16.2,337.0,996.0,996.0,2.7,5.2
2024-07-06 19:55:00+02:00,19.0,19.0,16.2,5.0,40.0,25.5,80.0,46.2,0.0,0.0,1.2,1.2,0.0,30.0,12.0,257.9,8.6,22.3,171.0,996.1,996.1,2.7,5.2
2024-07-06 20:00:00+02:00,18.8,18.8,16.6,5.2,41.0,25.4,81.0,46.5,0.0,0.0,1.2,1.2,0.0,30.0,12.0,257.9,5.8,21.2,194.0,996.2,996.2,2.7,5.2
2024-07-06 20:05:00+02:00,18.7,18.7,16.8,5.1,41.0,25.3,81.0,46.6,0.0,0.0,1.2,1.2,0.0,30.0,12.0,257.9,4.4,15.8,67.0,996.3,996.3,2.7,5.2
2024-07-06 20:10:00+02:00,18.6,18.6,16.3,5.2,41.0,25.2,81.0,37.3,0.0,0.0,1.2,1.2,0.0,30.0,12.0,257.9,6.2,23.8,143.0,996.3,996.3,2.7,5.2
2024-07-06 20:15:00+02:00,18.4,18.4,16.4,5.2,42.0,25.2,81.0,29.0,0.0,0.0,1.2,1.2,0.0,30.0,12.0,257.9,4.9,15.8,259.0,996.4,996.4,2.7,5.2
2024-07-06 20:20:00+02:00,18.3,18.3,15.8,5.1,42.0,25.1,80.0,27.8,0.0,0.0,1.2,1.2,0.0,30.0,12.0,257.9,6.9,13.0,88.0,996.5,996.5,2.7,5.2
2024-07-06 20:25:00+02:00,18.2,18.2,16.3,4.8,41.0,25.0,80.0,23.4,0.0,0.0,1.2,1.2,0.0,30.0,12.0,257.9,3.7,10.4,229.0,996.6,996.6,2.7,5.2
2024-07-06 20:30:00+02:00,18.2,18.2,16.0,5.0,42.0,25.0,80.0,22.5,0.0,0.0,1.2,1.2,0.0,30.0,12.0,257.9,5.2,12.6,284.0,996.7,996.7,2.7,5.2
2024-07-06 20:35:00+02:00,18.0,18.0,15.5,5.1,43.0,24.9,80.0,20.0,0.0,0.0,1.2,1.2,0.0,30.0,12.0,257.9,7.0,21.2,137.0,996.9,996.9,2.7,5.2
2024-07-06 20:40:00+02:00,17.8,17.8,15.9,5.3,44.0,24.8,80.0,19.0,0.0,0.0,1.2,1.2,0.0,30.0,12.0,257.9,4.3,18.0,180.0,996.8,996.8,2.7,5.2
2024-07-06 20:45:00+02:00,17.7,17.7,15.2,5.3,44.0,24.7,80.0,17.1,0.0,0.0,1.2,1.2,0.0,30.0,12.0,257.9,7.6,13.7,201.0,996.9,996.9,2.7,5.2
2024-07-06 20:50:00+02:00,17.7,17.7,16.0,5.2,44.0,24.7,80.0,14.8,0.0,0.0,1.2,1.2,0.0,30.0,12.0,257.9,3.0,8.6,205.0,997.0,997.0,2.7,5.2
2024-07-06 20:55:00+02:00,17.5,17.5,15.7,5.2,44.0,24.6,80.0,15.9,0.0,0.0,1.2,1.2,0.0,30.0,12.0,257.9,3.7,16.2,205.0,997.0,997.0,2.7,5.2
2024-07-06 21:00:00+02:00,17.5,17.5,15.6,5.2,44.0,24.5,80.0,14.3,0.0,0.0,1.2,1.2,0.0,30.0,12.0,257.9,4.0,16.2,139.0,997.1,997.1,2.7,5.2
2024-07-06 21:05:00+02:00,17.5,17.5,15.9,5.4,45.0,24.5,80.0,14.6,0.0,0.0,1.2,1.2,0.0,30.0,12.0,257.9,3.1,12.6,187.0,997.1,997.1,2.7,5.2
2024-07-06 21:10:00+02:00,17.5,17.5,15.8,5.4,45.0,24.3,80.0,13.7,0.0,0.0,1.2,1.2,0.0,30.0,12.0,257.9,3.2,9.4,91.0,997.1,997.1,2.7,5.2
2024-07-06 21:15:00+02:00,17.5,17.5,16.1,5.2,44.0,24.3,80.0,12.6,0.0,0.0,1.2,1.2,0.0,30.0,12.0,257.9,1.7,7.6,182.0,997.1,997.1,2.7,5.2
2024-07-06 21:20:00+02:00,17.5,17.5,15.6,5.4,45.0,24.2,80.0,10.8,0.0,0.0,1.2,1.2,0.0,30.0,12.0,257.9,4.2,7.2,232.0,997.2,997.2,2.7,5.2
2024-07-06 21:25:00+02:00,17.3,17.3,15.5,5.2,45.0,24.2,80.0,8.0,0.0,0.0,1.2,1.2,0.0,30.0,12.0,257.9,3.9,10.8,185.0,997.3,997.3,2.7,5.2
2024-07-06 21:30:00+02:00,17.2,17.2,15.3,5.1,45.0,24.0,80.0,6.3,0.0,0.0,1.2,1.2,0.0,30.0,12.0,257.9,4.5,14.8,181.0,997.5,997.5,2.7,5.2
2024-07-06 21:35:00+02:00,17.1,17.1,15.2,5.2,45.0,24.0,80.0,4.9,0.0,0.0,1.2,1.2,0.0,30.0,12.0,257.9,4.0,14.8,119.0,997.6,997.6,2.7,5.2
2024-07-06 21:40:00+02:00,17.0,17.0,15.2,5.4,46.0,23.8,80.0,3.7,0.0,0.0,1.2,1.2,0.0,30.0,12.0,257.9,3.5,9.4,124.0,997.6,997.6,2.7,5.2
2024-07-06 21:45:00+02:00,16.8,16.8,15.1,5.3,46.0,23.8,80.0,2.7,0.0,0.0,1.2,1.2,0.0,30.0,12.0,257.9,3.3,7.9,124.0,997.6,997.6,2.7,5.2
2024-07-06 21:50:00+02:00,16.8,16.8,15.0,5.3,47.0,23.7,80.0,1.8,0.0,0.0,1.2,1.2,0.0,30.0,12.0,257.9,3.4,10.4,114.0,997.8,997.8,2.7,5.2
2024-07-06 21:55:00+02:00,16.7,16.7,15.3,5.8,49.0,23.6,80.0,1.2,0.0,0.0,1.2,1.2,0.0,30.0,12.0,257.9,2.2,6.5,289.0,998.0,998.0,2.7,5.2
2024-07-06 22:00:00+02:00,16.4,16.4,15.4,6.9,54.0,23.5,80.0,0.8,0.0,0.0,1.2,1.2,0.0,30.0,12.0,257.9,1.5,5.4,265.0,998.1,998.1,2.7,5.2
2024-07-06 22:05:00+02:00,16.1,16.1,15.2,7.6,57.0,23.4,80.0,0.5,0.0,0.0,1.2,1.2,0.0,30.0,12.0,257.9,1.9,9.7,40.0,998.1,998.1,2.7,5.2
2024-07-06 22:10:00+02:00,15.9,15.9,15.1,7.8,59.0,23.3,80.0,0.2,0.0,0.0,1.2,1.2,0.0,30.0,12.0,257.9,1.4,5.4,242.0,998.1,998.1,2.7,5.2
2024-07-06 22:15:00+02:00,15.6,15.6,15.2,8.0,61.0,23.2,80.0,0.1,0.0,0.0,1.2,1.2,0.0,30.0,12.0,257.9,0.0,5.4,213.0,998.3,998.3,2.7,5.1
2024-07-06 22:20:00+02:00,15.4,15.4,14.8,8.1,62.0,23.1,80.0,0.0,0.0,0.0,1.2,1.2,0.0,30.0,12.0,257.9,0.8,6.5,140.0,998.3,998.3,2.7,5.1
2024-07-06 22:25:00+02:00,15.2,15.2,14.6,8.1,63.0,23.1,80.0,0.0,0.0,0.0,1.2,1.2,0.0,30.0,12.0,257.9,0.7,3.6,145.0,998.5,998.5,2.7,5.1
2024-07-06 22:30:00+02:00,15.1,15.1,14.4,8.2,63.0,23.0,80.0,0.0,0.0,0.0,1.2,1.2,0.0,30.0,12.0,257.9,1.5,4.3,62.0,998.5,998.5,2.7,5.1
2024-07-06 22:35:00+02:00,15.0,15.0,14.3,8.2,64.0,22.9,80.0,0.0,0.0,0.0,1.2,1.2,0.0,30.0,12.0,257.9,1.0,4.0,105.0,998.6,998.6,2.7,5.1
2024-07-06 22:40:00+02:00,14.8,14.8,14.2,8.2,65.0,22.8,80.0,0.0,0.0,0.0,1.2,1.2,0.0,30.0,12.0,257.9,0.7,4.0,129.0,998.7,998.7,2.7,5.1
2024-07-06 22:45:00+02:00,14.7,14.7,13.9,8.2,65.0,22.7,80.0,0.0,0.0,0.0,1.2,1.2,0.0,30.0,12.0,257.9,1.9,4.3,262.0,998.9,998.9,2.7,5.1
2024-07-06 22:50:00+02:00,14.7,14.7,13.7,8.2,65.0,22.7,80.0,0.0,0.0,0.0,1.2,1.2,0.0,30.0,12.0,257.9,3.0,5.0,95.0,999.0,999.0,2.7,5.1
2024-07-06 22:55:00+02:00,14.6,14.6,13.8,8.3,66.0,22.6,80.0,0.0,0.0,0.0,1.2,1.2,0.0,30.0,12.0,257.9,2.1,5.4,76.0,999.1,999.1,2.7,5.1
2024-07-06 23:00:00+02:00,14.7,14.7,13.7,8.3,66.0,22.5,80.0,0.0,0.0,0.0,1.2,1.2,0.0,30.0,12.0,257.9,3.0,9.0,181.0,999.1,999.1,2.7,5.1
2024-07-06 23:05:00+02:00,14.8,14.8,13.8,8.5,66.0,22.4,80.0,0.0,0.0,0.0,1.2,1.2,0.0,30.0,12.0,257.9,3.3,9.0,268.0,999.2,999.2,2.7,5.1
2024-07-06 23:10:00+02:00,14.8,14.8,13.9,8.7,67.0,22.4,80.0,0.0,0.0,0.0,1.2,1.2,0.0,30.0,12.0,257.9,2.9,8.6,308.0,999.3,999.3,2.7,5.1
2024-07-06 23:20:00+02:00,14.7,14.7,13.8,8.7,67.0,22.2,80.0,0.0,0.0,0.0,1.2,1.2,0.0,30.0,12.0,257.9,3.2,7.9,135.0,999.5,999.5,2.7,5.1
2024-07-06 23:25:00+02:00,14.8,14.8,13.9,8.7,67.0,22.1,80.0,0.0,0.0,0.0,1.2,1.2,0.0,30.0,12.0,257.9,3.4,7.9,74.0,999.6,999.6,2.7,5.1
2024-07-06 23:30:00+02:00,14.8,14.8,14.1,8.7,67.0,22.0,80.0,0.0,0.0,0.0,1.2,1.2,0.0,30.0,12.0,257.9,2.4,6.5,173.0,999.7,999.7,2.7,5.1
2024-07-06 23:35:00+02:00,14.9,14.9,13.8,8.8,67.0,21.9,80.0,0.0,0.0,0.0,1.2,1.2,0.0,30.0,12.0,257.9,4.3,8.6,136.0,999.7,999.7,2.7,5.1
2024-07-06 23:40:00+02:00,14.9,14.9,14.2,8.6,66.0,21.9,80.0,0.0,0.0,0.0,1.2,1.2,0.0,30.0,12.0,257.9,1.7,6.8,149.0,999.9,999.9,2.7,5.1
2024-07-06 23:45:00+02:00,14.9,14.9,14.1,8.5,65.0,21.8,80.0,0.0,0.0,0.0,1.2,1.2,0.0,30.0,12.0,257.9,2.2,6.1,71.0,1000.0,1000.0,2.7,5.1
2024-07-06 23:50:00+02:00,14.9,14.9,14.1,8.5,66.0,21.7,80.0,0.0,0.0,0.0,1.2,1.2,0.0,30.0,12.0,257.9,2.3,7.9,130.0,999.9,999.9,2.7,5.1
2024-07-06 23:55:00+02:00,14.9,14.9,14.1,8.3,65.0,21.7,80.0,0.0,0.0,0.0,1.2,1.2,0.0,30.0,12.0,257.9,2.2,7.9,149.0,1000.1,1000.1,2.7,5.0
2024-07-07 00:00:00+02:00,14.9,14.9,13.7,8.2,64.0,21.6,80.0,0.0,0.0,0.0,0.0,1.2,0.0,0.0,12.0,257.9,4.2,12.6,128.0,1000.2,1000.2,2.7,5.0
2024-07-07 00:05:00+02:00,15.0,15.0,14.0,8.1,63.0,21.5,80.0,0.0,0.0,0.0,0.0,1.2,0.0,0.0,12.0,257.9,2.7,8.3,140.0,1000.3,1000.3,2.7,5.0
2024-07-07 00:10:00+02:00,15.0,15.0,13.7,7.9,62.0,21.5,80.0,0.0,0.0,0.0,0.0,1.2,0.0,0.0,12.0,257.9,4.2,11.5,131.0,1000.4,1000.4,2.7,5.0
2024-07-07 00:15:00+02:00,15.0,15.0,14.1,7.8,62.0,21.4,80.0,0.0,0.0,0.0,0.0,1.2,0.0,0.0,12.0,257.9,2.2,10.4,149.0,1000.5,1000.5,2.7,5.0
2024-07-07 00:20:00+02:00,15.0,15.0,14.0,8.0,63.0,21.3,80.0,0.0,0.0,0.0,0.0,1.2,0.0,0.0,12.0,257.9,2.5,9.7,141.0,1000.6,1000.6,2.7,5.0
2024-07-07 00:25:00+02:00,14.9,14.9,13.9,7.9,63.0,21.3,80.0,0.0,0.0,0.0,0.0,1.2,0.0,0.0,12.0,257.9,3.0,11.2,89.0,1000.7,1000.7,2.7,5.0
2024-07-07 00:30:00+02:00,14.7,14.7,13.9,8.1,64.0,21.2,80.0,0.0,0.0,0.0,0.0,1.2,0.0,0.0,12.0,257.9,1.9,7.2,88.0,1000.6,1000.6,2.7,5.0
2024-07-07 00:35:00+02:00,14.6,14.6,13.5,8.0,65.0,21.2,80.0,0.0,0.0,0.0,0.0,1.2,0.0,0.0,12.0,257.9,3.4,7.9,109.0,1000.7,1000.7,2.7,5.0
2024-07-07 00:40:00+02:00,14.7,14.7,13.7,8.1,65.0,21.1,80.0,0.0,0.0,0.0,0.0,1.2,0.0,0.0,12.0,257.9,2.7,7.6,145.0,1000.7,1000.7,2.7,5.0
2024-07-07 00:45:00+02:00,14.8,14.8,13.6,8.3,65.0,21.0,80.0,0.0,0.0,0.0,0.0,1.2,0.0,0.0,12.0,257.9,3.7,9.0,142.0,1000.8,1000.8,2.7,5.0
2024-07-07 00:50:00+02:00,14.8,14.8,12.9,8.4,66.0,21.0,80.0,0.0,0.0,0.0,0.0,1.2,0.0,0.0,12.0,257.9,7.5,10.8,127.0,1000.8,1000.8,2.7,5.0
2024-07-07 00:55:00+02:00,14.8,14.8,13.3,8.4,65.0,21.0,80.0,0.0,0.0,0.0,0.0,1.2,0.0,0.0,12.0,257.9,5.6,12.6,121.0,1000.9,1000.9,2.7,5.0
2024-07-07 01:00:00+02:00,14.8,14.8,13.1,8.4,66.0,20.9,80.0,0.0,0.0,0.0,0.0,1.2,0.0,0.0,12.0,257.9,6.7,11.2,120.0,1000.8,1000.8,2.7,5.0
2024-07-07 01:05:00+02:00,14.8,14.8,13.3,8.5,66.0,20.8,80.0,0.0,0.0,0.0,0.0,1.2,0.0,0.0,12.0,257.9,5.7,11.2,130.0,1000.8,1000.8,2.7,5.0
2024-07-07 01:10:00+02:00,14.7,14.7,13.4,8.6,67.0,20.8,80.0,0.0,0.0,0.0,0.0,1.2,0.0,0.0,12.0,257.9,4.6,10.8,132.0,1000.8,1000.8,2.7,5.0
2024-07-07 01:15:00+02:00,14.5,14.5,12.9,8.4,67.0,20.7,80.0,0.0,0.0,0.0,0.0,1.2,0.0,0.0,12.0,257.9,5.9,10.4,123.0,1000.9,1000.9,2.7,5.0
2024-07-07 01:20:00+02:00,14.3,14.3,13.0,8.3,67.0,20.7,80.0,0.0,0.0,0.0,0.0,1.2,0.0,0.0,12.0,257.9,4.8,9.0,114.0,1000.9,1000.9,2.7,5.0
2024-07-07 01:25:00+02:00,14.2,14.2,12.9,8.4,68.0,20.6,80.0,0.0,0.0,0.0,0.0,1.2,0.0,0.0,12.0,257.9,5.2,8.3,102.0,1000.8,1000.8,2.7,5.0
2024-07-07 01:30:00+02:00,14.1,14.1,12.4,8.4,69.0,20.6,80.0,0.0,0.0,0.0,0.0,1.2,0.0,0.0,12.0,257.9,6.4,8.6,127.0,1000.9,1000.9,2.7,5.0
2024-07-07 01:35:00+02:00,14.0,14.0,12.5,8.4,69.0,20.5,80.0,0.0,0.0,0.0,0.0,1.2,0.0,0.0,12.0,257.9,5.9,9.7,125.0,1000.9,1000.9,2.7,5.0
2024-07-07 01:40:00+02:00,13.9,13.9,12.6,8.3,69.0,20.5,80.0,0.0,0.0,0.0,0.0,1.2,0.0,0.0,12.0,257.9,4.5,8.6,108.0,1000.9,1000.9,2.7,5.0
2024-07-07 01:45:00+02:00,13.7,13.7,12.4,8.4,70.0,20.4,80.0,0.0,0.0,0.0,0.0,1.2,0.0,0.0,12.0,257.9,5.0,14.0,126.0,1001.0,1001.0,2.7,4.9
2024-07-07 01:50:00+02:00,13.7,13.7,12.0,8.4,71.0,20.3,80.0,0.0,0.0,0.0,0.0,1.2,0.0,0.0,12.0,257.9,6.6,14.0,119.0,1000.9,1000.9,2.7,4.9
2024-07-07 01:55:00+02:00,13.6,13.6,12.1,8.4,71.0,20.3,80.0,0.0,0.0,0.0,0.0,1.2,0.0,0.0,12.0,257.9,5.8,9.7,128.0,1000.9,1000.9,2.7,4.9
2024-07-07 02:00:00+02:00,13.6,13.6,12.1,8.4,71.0,20.2,80.0,0.0,0.0,0.0,0.0,1.2,0.0,0.0,12.0,257.9,5.6,9.7,106.0,1001.0,1001.0,2.7,4.9
2024-07-07 02:05:00+02:00,13.5,13.5,12.1,8.4,71.0,20.1,80.0,0.0,0.0,0.0,0.0,1.2,0.0,0.0,12.0,257.9,5.1,12.6,110.0,1001.0,1001.0,2.7,4.9
2024-07-07 02:10:00+02:00,13.3,13.3,12.0,8.2,71.0,20.0,80.0,0.0,0.0,0.0,0.0,1.2,0.0,0.0,12.0,257.9,4.8,9.4,117.0,1001.1,1001.1,2.7,4.9
2024-07-07 02:15:00+02:00,13.3,13.3,11.7,8.1,71.0,20.0,80.0,0.0,0.0,0.0,0.0,1.2,0.0,0.0,12.0,257.9,5.8,10.1,123.0,1001.0,1001.0,2.7,4.9
2024-07-07 02:20:00+02:00,13.3,13.3,11.8,7.9,70.0,19.9,80.0,0.0,0.0,0.0,0.0,1.2,0.0,0.0,12.0,257.9,5.2,11.2,92.0,1001.1,1001.1,2.7,4.9
2024-07-07 02:25:00+02:00,13.3,13.3,11.8,8.0,70.0,19.8,80.0,0.0,0.0,0.0,0.0,1.2,0.0,0.0,12.0,257.9,5.3,7.9,126.0,1001.2,1001.2,2.7,4.9
2024-07-07 02:30:00+02:00,13.3,13.3,11.7,7.8,70.0,19.8,80.0,0.0,0.0,0.0,0.0,1.2,0.0,0.0,12.0,257.9,5.6,8.6,120.0,1001.2,1001.2,2.7,4.9
2024-07-07 02:35:00+02:00,13.2,13.2,11.8,7.9,70.0,19.7,80.0,0.0,0.0,0.0,0.0,1.2,0.0,0.0,12.0,257.9,4.6,7.2,110.0,1001.2,1001.2,2.7,4.9
2024-07-07 02:40:00+02:00,13.1,13.1,11.6,7.8,70.0,19.7,80.0,0.0,0.0,0.0,0.0,1.2,0.0,0.0,12.0,257.9,5.0,7.2,122.0,1001.2,1001.2,2.7,4.9
2024-07-07 02:50:00+02:00,12.9,12.9,11.9,7.8,71.0,19.5,80.0,0.0,0.0,0.0,0.0,1.2,0.0,0.0,12.0,257.9,2.7,10.8,153.0,1001.3,1001.3,2.7,4.9
2024-07-07 02:55:00+02:00,13.0,13.0,11.6,7.9,71.0,19.5,80.0,0.0,0.0,0.0,0.0,1.2,0.0,0.0,12.0,257.9,4.7,7.9,117.0,1001.3,1001.3,2.7,4.9
2024-07-07 03:00:00+02:00,12.9,12.9,11.9,7.8,71.0,19.4,80.0,0.0,0.0,0.0,0.0,1.2,0.0,0.0,12.0,257.9,2.2,7.6,130.0,1001.2,1001.2,2.7,4.9
2024-07-07 03:10:00+02:00,12.8,12.8,11.0,7.7,71.0,19.3,80.0,0.0,0.0,0.0,0.0,1.2,0.0,0.0,12.0,257.9,6.1,9.4,114.0,1001.4,1001.4,2.7,4.9
2024-07-07 03:15:00+02:00,12.8,12.8,11.2,7.8,71.0,19.2,80.0,0.0,0.0,0.0,0.0,1.2,0.0,0.0,12.0,257.9,5.3,8.6,113.0,1001.4,1001.4,2.7,4.9
2024-07-07 03:20:00+02:00,12.7,12.7,11.2,7.7,71.0,19.2,80.0,0.0,0.0,0.0,0.0,1.2,0.0,0.0,12.0,257.9,5.1,12.2,102.0,1001.4,1001.4,2.7,4.9
2024-07-07 03:25:00+02:00,12.8,12.8,11.0,7.7,71.0,19.1,80.0,0.0,0.0,0.0,0.0,1.2,0.0,0.0,12.0,257.9,6.3,12.2,126.0,1001.4,1001.4,2.7,4.9
2024-07-07 03:30:00+02:00,12.7,12.7,11.0,7.8,72.0,19.0,80.0,0.0,0.0,0.0,0.0,1.2,0.0,0.0,12.0,257.9,5.9,10.4,121.0,1001.3,1001.3,2.7,4.9
2024-07-07 03:35:00+02:00,12.7,12.7,11.4,7.8,72.0,18.9,80.0,0.0,0.0,0.0,0.0,1.2,0.0,0.0,12.0,257.9,4.0,10.4,114.0,1001.4,1001.4,2.7,4.8
2024-07-07 03:40:00+02:00,12.6,12.6,11.6,7.8,73.0,18.9,80.0,0.0,0.0,0.0,0.0,1.2,0.0,0.0,12.0,257.9,2.3,6.5,125.0,1001.4,1001.4,2.7,4.8
2024-07-07 03:45:00+02:00,12.5,12.5,10.8,7.8,73.0,18.8,80.0,0.0,0.0,0.0,0.0,1.2,0.0,0.0,12.0,257.9,6.1,11.9,125.0,1001.5,1001.5,2.7,4.8
2024-07-07 03:50:00+02:00,12.5,12.5,10.9,7.8,73.0,18.8,80.0,0.0,0.0,0.0,0.0,1.2,0.0,0.0,12.0,257.9,5.8,10.1,122.0,1001.5,1001.5,2.7,4.8
2024-07-07 03:55:00+02:00,12.4,12.4,10.8,7.9,74.0,18.7,80.0,0.0,0.0,0.0,0.0,1.2,0.0,0.0,12.0,257.9,5.9,10.1,123.0,1001.6,1001.6,2.7,4.8
2024-07-07 04:00:00+02:00,12.5,12.5,10.7,7.8,73.0,18.6,80.0,0.0,0.0,0.0,0.0,1.2,0.0,0.0,12.0,257.9,6.7,10.4,129.0,1001.6,1001.6,2.7,4.8
2024-07-07 04:05:00+02:00,12.4,12.4,10.9,7.8,74.0,18.6,80.0,0.0,0.0,0.0,0.0,1.2,0.0,0.0,12.0,257.9,5.0,9.7,112.0,1001.6,1001.6,2.7,4.8
2024-07-07 04:10:00+02:00,12.4,12.4,10.4,7.8,74.0,18.5,80.0,0.0,0.0,0.0,0.0,1.2,0.0,0.0,12.0,257.9,7.5,12.6,121.0,1001.6,1001.6,2.7,4.8
2024-07-07 04:15:00+02:00,12.3,12.3,10.6,7.8,74.0,18.5,80.0,0.0,0.0,0.0,0.0,1.2,0.0,0.0,12.0,257.9,6.1,10.1,121.0,1001.7,1001.7,2.7,4.8
2024-07-07 04:20:00+02:00,12.2,12.2,10.3,7.8,74.0,18.4,80.0,0.0,0.0,0.0,0.0,1.2,0.0,0.0,12.0,257.9,7.1,9.7,128.0,1001.6,1001.6,2.7,4.8
2024-07-07 04:25:00+02:00,12.2,12.2,10.4,7.8,74.0,18.3,80.0,0.0,0.0,0.0,0.0,1.2,0.0,0.0,12.0,257.9,6.8,14.8,118.0,1001.8,1001.8,2.7,4.8
2024-07-07 04:30:00+02:00,12.2,12.2,10.5,7.9,75.0,18.3,80.0,0.0,0.0,0.0,0.0,1.2,0.0,0.0,12.0,257.9,6.0,10.1,121.0,1001.9,1001.9,2.7,4.8
2024-07-07 04:35:00+02:00,12.0,12.0,10.5,7.9,76.0,18.3,80.0,0.0,0.0,0.0,0.0,1.2,0.0,0.0,12.0,257.9,5.6,7.6,115.0,1001.8,1001.8,2.7,4.8
2024-07-07 04:40:00+02:00,11.9,11.9,10.4,7.9,76.0,18.2,80.0,0.0,0.0,0.0,0.0,1.2,0.0,0.0,12.0,257.9,5.4,7.6,109.0,1001.9,1001.9,2.7,4.8
2024-07-07 04:45:00+02:00,11.9,11.9,10.3,7.8,76.0,18.2,80.0,0.0,0.0,0.0,0.0,1.2,0.0,0.0,12.0,257.9,5.5,7.9,113.0,1001.8,1001.8,2.7,4.8
2024-07-07 04:50:00+02:00,11.9,11.9,10.2,7.8,76.0,18.1,80.0,0.1,0.0,0.0,0.0,1.2,0.0,0.0,12.0,257.9,6.4,10.8,109.0,1001.8,1001.8,2.7,4.8
2024-07-07 04:55:00+02:00,11.8,11.8,10.2,7.9,77.0,18.1,80.0,0.2,0.0,0.0,0.0,1.2,0.0,0.0,12.0,257.9,5.6,9.7,115.0,1001.8,1001.8,2.7,4.8
2024-07-07 05:00:00+02:00,11.8,11.8,9.9,7.9,77.0,18.0,80.0,0.4,0.0,0.0,0.0,1.2,0.0,0.0,12.0,257.9,7.4,9.7,119.0,1002.0,1002.0,2.7,4.8
2024-07-07 05:05:00+02:00,11.6,11.6,9.8,7.9,78.0,17.9,80.0,0.6,0.0,0.0,0.0,1.2,0.0,0.0,12.0,257.9,6.7,8.6,117.0,1001.9,1001.9,2.7,4.8
2024-07-07 05:10:00+02:00,11.6,11.6,9.8,7.9,78.0,17.9,80.0,1.1,0.0,0.0,0.0,1.2,0.0,0.0,12.0,257.9,6.8,9.4,118.0,1001.9,1001.9,2.7,4.8
2024-07-07 05:15:00+02:00,11.6,11.6,9.8,7.9,78.0,17.8,80.0,1.7,0.0,0.0,0.0,1.2,0.0,0.0,12.0,257.9,6.6,9.4,125.0,1002.1,1002.1,2.7,4.8
2024-07-07 05:20:00+02:00,11.5,11.5,9.8,8.0,79.0,17.8,80.0,2.5,0.0,0.0,0.0,1.2,0.0,0.0,12.0,257.9,6.4,9.7,115.0,1002.1,1002.1,2.7,4.8
2024-07-07 05:25:00+02:00,11.5,11.5,9.8,8.0,79.0,17.7,80.0,3.6,0.0,0.0,0.0,1.2,0.0,0.0,12.0,257.9,6.3,9.7,114.0,1002.3,1002.3,2.7,4.7
2024-07-07 05:30:00+02:00,11.4,11.4,9.9,8.1,80.0,17.7,80.0,5.0,0.0,0.0,0.0,1.2,0.0,0.0,12.0,257.9,5.6,9.4,119.0,1002.3,1002.3,2.7,4.7
2024-07-07 05:35:00+02:00,11.3,11.3,9.7,8.0,80.0,17.6,80.0,6.5,0.0,0.0,0.0,1.2,0.0,0.0,12.0,257.9,6.1,8.3,123.0,1002.3,1002.3,2.7,4.7
2024-07-07 05:40:00+02:00,11.4,11.4,10.2,8.1,80.0,17.5,80.0,8.1,0.0,0.0,0.0,1.2,0.0,0.0,12.0,257.9,4.1,9.0,118.0,1002.4,1002.4,2.7,4.7
2024-07-07 05:45:00+02:00,11.4,11.4,9.9,8.1,80.0,17.5,80.0,9.7,0.0,0.0,0.0,1.2,0.0,0.0,12.0,257.9,5.7,9.7,121.0,1002.4,1002.4,2.7,4.7
2024-07-07 05:50:00+02:00,11.4,11.4,9.2,8.1,80.0,17.4,80.0,11.4,0.0,0.0,0.0,1.2,0.0,0.0,12.0,257.9,9.1,12.2,124.0,1002.4,1002.4,2.7,4.7
2024-07-07 05:55:00+02:00,11.4,11.4,9.1,8.1,80.0,17.4,80.0,13.1,0.0,0.0,0.0,1.2,0.0,0.0,12.0,257.9,9.3,13.7,122.0,1002.4,1002.4,2.7,4.7
2024-07-07 06:00:00+02:00,11.4,11.4,9.6,8.1,80.0,17.3,80.0,14.7,0.0,0.0,0.0,1.2,0.0,0.0,12.0,257.9,6.8,13.7,125.0,1002.5,1002.5,2.7,4.7
2024-07-07 06:05:00+02:00,11.4,11.4,9.5,8.1,80.0,17.3,80.0,16.4,0.0,0.0,0.0,1.2,0.0,0.0,12.0,257.9,7.5,9.7,119.0,1002.6,1002.6,2.7,4.7
2024-07-07 06:10:00+02:00,11.4,11.4,9.5,8.1,80.0,17.2,80.0,17.8,0.0,0.0,0.0,1.2,0.0,0.0,12.0,257.9,7.3,11.9,128.0,1002.5,1002.5,2.7,4.7
2024-07-07 06:15:00+02:00,11.4,11.4,9.9,8.1,80.0,17.2,80.0,19.4,0.0,0.0,0.0,1.2,0.0,0.0,12.0,257.9,5.8,13.3,125.0,1002.6,1002.6,2.7,4.7
2024-07-07 06:20:00+02:00,11.4,11.4,9.7,8.1,80.0,17.2,80.0,21.3,0.0,0.0,0.0,1.2,0.0,0.0,12.0,257.9,6.7,10.4,124.0,1002.7,1002.7,2.7,4.7
2024-07-07 06:25:00+02:00,11.5,11.5,9.9,8.1,80.0,17.2,80.0,22.6,0.0,0.0,0.0,1.2,0.0,0.0,12.0,257.9,6.0,15.8,118.0,1002.6,1002.6,2.7,4.7
2024-07-07 06:30:00+02:00,11.6,11.6,9.8,8.1,79.0,17.1,80.0,23.7,0.0,0.0,0.0,1.2,0.0,0.0,12.0,257.9,6.8,13.0,111.0,1002.7,1002.7,2.7,4.7
2024-07-07 06:35:00+02:00,11.7,11.7,9.4,8.2,79.0,17.1,80.0,46.6,0.0,0.0,0.0,1.2,0.0,0.0,12.0,257.9,9.4,15.8,117.0,1002.7,1002.7,2.7,4.7
2024-07-07 06:40:00+02:00,11.8,11.8,9.7,8.3,79.0,17.1,80.0,51.5,0.0,0.0,0.0,1.2,0.0,0.0,12.0,257.9,8.9,18.4,132.0,1002.9,1002.9,2.7,4.7
2024-07-07 06:45:00+02:00,12.0,12.0,9.9,8.3,78.0,17.1,81.0,56.4,0.0,0.0,0.0,1.2,0.0,0.0,12.0,257.9,8.6,18.4,120.0,1002.9,1002.9,2.7,4.7
2024-07-07 06:50:00+02:00,12.1,12.1,10.3,8.4,78.0,17.1,81.0,59.8,0.0,0.0,0.0,1.2,0.0,0.0,12.0,257.9,7.3,12.6,120.0,1002.8,1002.8,2.7,4.7
2024-07-07 06:55:00+02:00,12.2,12.2,10.2,8.5,78.0,17.2,81.0,66.0,0.0,0.0,0.0,1.2,0.0,0.0,12.0,257.9,8.6,15.5,126.0,1002.7,1002.7,2.7,4.7
2024-07-07 07:00:00+02:00,12.4,12.4,10.3,8.5,77.0,17.4,82.0,69.1,0.0,0.0,0.0,1.2,0.0,0.0,12.0,257.9,8.8,17.6,115.0,1002.8,1002.8,2.7,4.7
2024-07-07 07:05:00+02:00,12.3,12.3,10.5,8.5,77.0,17.5,82.0,34.9,0.0,0.0,0.0,1.2,0.0,0.0,12.0,257.9,7.6,15.5,126.0,1002.9,1002.9,2.7,4.8
2024-07-07 07:10:00+02:00,12.3,12.3,11.2,8.5,78.0,17.6,82.0,32.4,0.0,0.0,0.0,1.2,0.0,0.0,12.0,257.9,4.0,10.1,116.0,1002.9,1002.9,2.7,4.8
2024-07-07 07:15:00+02:00,12.4,12.4,11.0,8.6,78.0,17.7,82.0,33.0,0.0,0.0,0.0,1.2,0.0,0.0,12.0,257.9,5.6,12.6,135.0,1002.9,1002.9,2.7,4.8
2024-07-07 07:20:00+02:00,12.5,12.5,10.8,8.6,77.0,17.7,81.0,34.2,0.0,0.0,0.0,1.2,0.0,0.0,12.0,257.9,6.8,13.0,129.0,1002.9,1002.9,2.7,4.8
2024-07-07 07:25:00+02:00,12.6,12.6,11.1,8.6,77.0,17.8,81.0,35.4,0.0,0.0,0.0,1.2,0.0,0.0,12.0,257.9,6.1,12.2,110.0,1002.9,1002.9,2.7,4.8
2024-07-07 07:30:00+02:00,12.7,12.7,11.4,8.8,77.0,17.8,81.0,35.9,0.0,0.0,0.0,1.2,0.0,0.0,12.0,257.9,5.3,12.2,129.0,1002.9,1002.9,2.7,4.8
2024-07-07 07:35:00+02:00,12.8,12.8,11.4,8.9,77.0,17.8,81.0,36.5,0.0,0.0,0.0,1.2,0.0,0.0,12.0,257.9,5.9,10.1,119.0,1003.0,1003.0,2.7,4.8
2024-07-07 07:40:00+02:00,12.8,12.8,11.4,9.0,78.0,17.9,81.0,37.5,0.0,0.0,0.0,1.2,0.0,0.0,12.0,257.9,6.3,11.5,128.0,1003.0,1003.0,2.7,4.8
2024-07-07 07:45:00+02:00,12.9,12.9,11.1,9.0,77.0,17.9,81.0,38.0,0.0,0.0,0.0,1.2,0.0,0.0,12.0,257.9,8.2,13.3,120.0,1003.1,1003.1,2.7,4.8
2024-07-07 07:50:00+02:00,13.0,13.0,11.1,9.0,77.0,17.9,81.0,38.6,0.0,0.0,0.0,1.2,0.0,0.0,12.0,257.9,8.6,17.3,123.0,1003.2,1003.2,2.7,4.8
2024-07-07 07:55:00+02:00,13.2,13.2,11.8,9.1,76.0,17.9,81.0,39.3,0.0,0.0,0.0,1.2,0.0,0.0,12.0,257.9,6.0,14.8,134.0,1003.2,1003.2,2.7,4.8
2024-07-07 08:00:00+02:00,13.2,13.2,11.8,9.2,76.0,17.9,81.0,40.9,0.0,0.0,0.0,1.2,0.0,0.0,12.0,257.9,6.5,13.3,141.0,1003.3,1003.3,2.7,4.8
2024-07-07 08:05:00+02:00,13.4,13.4,12.1,9.1,75.0,17.9,81.0,41.8,0.0,0.0,0.0,1.2,0.0,0.0,12.0,257.9,5.7,16.6,133.0,1003.3,1003.3,2.7,4.8
2024-07-07 08:10:00+02:00,13.4,13.4,11.8,9.2,76.0,17.9,81.0,42.1,0.0,0.0,0.0,1.2,0.0,0.0,12.0,257.9,7.8,20.2,119.0,1003.3,1003.3,2.7,4.8
2024-07-07 08:15:00+02:00,13.5,13.5,11.4,9.4,76.0,17.9,81.0,42.2,0.0,0.0,0.0,1.2,0.0,0.0,12.0,257.9,10.3,18.0,118.0,1003.3,1003.3,2.7,4.8
2024-07-07 08:20:00+02:00,13.6,13.6,12.5,9.5,76.0,17.9,81.0,44.0,0.0,0.0,0.0,1.2,0.0,0.0,12.0,257.9,5.3,13.3,125.0,1003.3,1003.3,2.7,4.8
2024-07-07 08:25:00+02:00,13.8,13.8,12.2,9.5,75.0,17.9,81.0,44.5,0.0,0.0,0.0,1.2,0.0,0.0,12.0,257.9,7.2,17.3,117.0,1003.4,1003.4,2.7,4.8
2024-07-07 08:30:00+02:00,13.9,13.9,12.1,9.5,74.0,17.9,81.0,223.4,2.0,0.0,0.0,1.2,0.0,0.0,12.0,257.9,9.2,17.6,125.0,1003.3,1003.3,2.7,4.8
2024-07-07 08:35:00+02:00,14.2,14.2,11.9,9.6,74.0,17.9,81.0,234.8,2.0,0.0,0.0,1.2,0.0,0.0,12.0,257.9,11.7,19.1,125.0,1003.3,1003.3,2.7,4.9
2024-07-07 08:40:00+02:00,14.3,14.3,12.0,9.5,73.0,18.0,81.0,245.8,2.0,0.0,0.0,1.2,0.0,0.0,12.0,257.9,11.4,21.2,117.0,1003.2,1003.2,2.7,4.9
2024-07-07 08:45:00+02:00,14.5,14.5,12.5,9.6,73.0,18.0,82.0,256.8,2.0,0.0,0.0,1.2,0.0,0.0,12.0,257.9,9.7,19.8,125.0,1003.5,1003.5,2.7,5.0
2024-07-07 08:50:00+02:00,14.8,14.8,13.0,9.8,72.0,18.0,82.0,268.8,2.0,0.0,0.0,1.2,0.0,0.0,12.0,257.9,9.3,15.8,122.0,1003.3,1003.3,2.7,5.0
2024-07-07 08:55:00+02:00,15.1,15.1,13.6,9.9,71.0,18.1,82.0,280.1,2.0,0.0,0.0,1.2,0.0,0.0,12.0,257.9,7.6,13.0,122.0,1003.4,1003.4,2.7,5.1
2024-07-07 09:00:00+02:00,15.3,15.3,14.4,10.0,71.0,18.3,83.0,293.4,2.0,0.0,0.0,1.2,0.0,0.0,12.0,257.9,5.1,13.3,114.0,1003.4,1003.4,2.7,5.1
2024-07-07 09:05:00+02:00,16.1,16.1,15.4,10.1,68.0,18.5,83.0,314.0,2.0,0.0,0.0,1.2,0.0,0.0,12.0,257.9,3.9,10.4,164.0,1003.5,1003.5,2.7,5.2
2024-07-07 09:10:00+02:00,16.3,16.3,15.4,9.9,66.0,18.8,83.0,332.3,3.0,0.0,0.0,1.2,0.0,0.0,12.0,257.9,4.7,10.4,241.0,1003.5,1003.5,2.7,5.2
2024-07-07 09:15:00+02:00,16.5,16.5,15.1,10.1,66.0,19.0,83.0,343.1,3.0,0.0,0.0,1.2,0.0,0.0,12.0,257.9,7.3,15.5,133.0,1003.6,1003.6,2.7,5.2
2024-07-07 09:20:00+02:00,15.8,15.8,14.2,10.0,68.0,19.2,82.0,369.8,3.0,0.0,0.0,1.2,0.0,0.0,12.0,257.9,8.6,16.6,118.0,1003.5,1003.5,2.7,5.2
2024-07-07 09:25:00+02:00,16.1,16.1,14.7,10.1,68.0,19.5,82.0,380.9,3.0,0.0,0.0,1.2,0.0,0.0,12.0,257.9,7.6,24.1,130.0,1003.6,1003.6,2.7,5.2
2024-07-07 09:30:00+02:00,16.2,16.2,15.1,10.1,67.0,19.8,82.0,415.4,3.0,0.0,0.0,1.2,0.0,0.0,12.0,257.9,5.8,16.9,118.0,1003.7,1003.7,2.7,5.2
2024-07-07 09:35:00+02:00,16.8,16.8,16.3,10.3,65.0,20.0,82.0,442.1,4.0,0.0,0.0,1.2,0.0,0.0,12.0,257.9,3.4,10.4,125.0,1003.8,1003.8,2.7,5.2
2024-07-07 09:40:00+02:00,16.7,16.7,15.8,10.2,65.0,20.2,82.0,468.0,4.0,0.0,0.0,1.2,0.0,0.0,12.0,257.9,5.5,11.2,131.0,1003.6,1003.6,2.7,5.2
2024-07-07 09:45:00+02:00,16.3,16.3,14.2,10.2,67.0,20.5,82.0,464.5,4.0,0.0,0.0,1.2,0.0,0.0,12.0,257.9,11.3,22.7,119.0,1003.7,1003.7,2.7,5.2
2024-07-07 09:50:00+02:00,16.5,16.5,14.9,9.8,65.0,20.7,81.0,471.1,4.0,0.0,0.0,1.2,0.0,0.0,12.0,257.9,8.1,17.3,139.0,1003.7,1003.7,2.7,5.2
2024-07-07 09:55:00+02:00,16.7,16.7,14.6,9.9,64.0,20.9,81.0,497.6,4.0,0.0,0.0,1.2,0.0,0.0,12.0,257.9,10.6,22.0,126.0,1003.8,1003.8,2.7,5.2
2024-07-07 10:00:00+02:00,16.5,16.5,14.4,9.7,64.0,21.2,81.0,415.5,3.0,0.0,0.0,1.2,0.0,0.0,12.0,257.9,10.7,21.6,129.0,1003.7,1003.7,2.7,5.2
2024-07-07 10:05:00+02:00,16.2,16.2,13.5,9.3,64.0,21.4,80.0,446.2,4.0,0.0,0.0,1.2,0.0,0.0,12.0,257.9,13.0,20.9,135.0,1003.8,1003.8,2.7,5.3
2024-07-07 10:10:00+02:00,16.3,16.3,13.3,9.6,64.0,21.6,80.0,488.4,4.0,0.0,0.0,1.2,0.0,0.0,12.0,257.9,14.9,24.1,127.0,1003.8,1003.8,2.7,5.3
2024-07-07 10:15:00+02:00,16.5,16.5,14.2,9.5,63.0,21.7,80.0,478.5,4.0,0.0,0.0,1.2,0.0,0.0,12.0,257.9,11.5,24.5,131.0,1003.9,1003.9,2.7,5.3
2024-07-07 10:20:00+02:00,16.2,16.2,13.5,9.3,64.0,21.9,80.0,483.3,4.0,0.0,0.0,1.2,0.0,0.0,12.0,257.9,12.8,22.3,118.0,1003.9,1003.9,2.7,5.3
2024-07-07 10:25:00+02:00,16.8,16.8,14.9,9.5,62.0,22.1,79.0,523.7,4.0,0.0,0.0,1.2,0.0,0.0,12.0,257.9,9.4,18.4,124.0,1003.9,1003.9,2.7,5.3
2024-07-07 10:30:00+02:00,17.1,17.1,15.3,9.4,61.0,22.3,79.0,546.8,5.0,0.0,0.0,1.2,0.0,0.0,12.0,257.9,8.9,21.2,105.0,1003.9,1003.9,2.7,5.3
2024-07-07 10:35:00+02:00,17.3,17.3,15.6,9.5,60.0,22.5,79.0,412.6,3.0,0.0,0.0,1.2,0.0,0.0,12.0,257.9,8.3,20.5,140.0,1003.9,1003.9,2.7,5.3
2024-07-07 10:40:00+02:00,17.0,17.0,16.0,9.1,60.0,22.7,79.0,510.6,4.0,0.0,0.0,1.2,0.0,0.0,12.0,257.9,4.0,13.3,152.0,1004.0,1004.0,2.7,5.3
2024-07-07 10:45:00+02:00,17.7,17.7,16.7,9.0,57.0,22.8,79.0,551.7,5.0,0.0,0.0,1.2,0.0,0.0,12.0,257.9,4.1,13.3,125.0,1004.0,1004.0,2.7,5.3
2024-07-07 10:50:00+02:00,17.7,17.7,15.9,9.5,59.0,23.0,78.0,563.3,5.0,0.0,0.0,1.2,0.0,0.0,12.0,257.9,8.6,23.4,148.0,1004.1,1004.1,2.7,5.3
2024-07-07 10:55:00+02:00,17.7,17.7,16.6,9.5,58.0,23.2,78.0,494.9,4.0,0.0,0.0,1.2,0.0,0.0,12.0,257.9,5.5,15.5,138.0,1004.1,1004.1,2.7,5.3
2024-07-07 11:00:00+02:00,16.9,16.9,14.4,8.7,58.0,23.3,78.0,635.8,5.0,0.0,0.0,1.2,0.0,0.0,12.0,257.9,11.4,21.6,129.0,1004.1,1004.1,2.7,5.3
2024-07-07 11:05:00+02:00,17.6,17.6,16.8,9.2,58.0,23.4,78.0,655.9,6.0,0.0,0.0,1.2,0.0,0.0,12.0,257.9,3.2,15.8,156.0,1004.2,1004.2,2.7,5.3
2024-07-07 11:10:00+02:00,18.0,18.0,16.4,9.0,56.0,23.5,78.0,203.9,1.0,0.0,0.0,1.2,0.0,0.0,12.0,257.9,7.1,14.4,103.0,1004.1,1004.1,2.7,5.3
2024-07-07 11:15:00+02:00,17.1,17.1,15.7,9.0,59.0,23.6,78.0,155.3,1.0,0.0,0.0,1.2,0.0,0.0,12.0,257.9,6.2,19.8,122.0,1004.2,1004.2,2.7,5.3
2024-07-07 11:20:00+02:00,17.1,17.1,14.9,9.3,60.0,23.7,78.0,627.5,5.0,0.0,0.0,1.2,0.0,0.0,12.0,257.9,10.9,21.2,119.0,1004.0,1004.0,2.7,5.3
2024-07-07 11:25:00+02:00,17.8,17.8,16.2,9.9,60.0,23.8,78.0,649.0,6.0,0.0,0.0,1.2,0.0,0.0,12.0,257.9,8.5,17.3,132.0,1004.1,1004.1,2.7,5.3
2024-07-07 11:30:00+02:00,17.7,17.7,15.9,9.0,57.0,23.9,77.0,617.0,5.0,0.0,0.0,1.2,0.0,0.0,12.0,257.9,8.2,20.5,106.0,1004.3,1004.3,2.7,5.3
2024-07-07 11:35:00+02:00,18.4,18.4,17.6,9.4,56.0,24.0,77.0,642.2,5.0,0.0,0.0,1.2,0.0,0.0,12.0,257.9,3.5,15.8,142.0,1004.2,1004.2,2.7,5.3
2024-07-07 11:40:00+02:00,17.9,17.9,16.0,9.3,57.0,24.2,78.0,733.5,6.0,0.0,0.0,1.2,0.0,0.0,12.0,257.9,9.4,22.0,134.0,1004.1,1004.1,2.7,5.3
2024-07-07 11:45:00+02:00,17.5,17.5,15.0,9.1,58.0,24.3,77.0,252.6,2.0,0.0,0.0,1.2,0.0,0.0,12.0,257.9,12.0,27.7,117.0,1004.1,1004.1,2.7,5.3
2024-07-07 11:50:00+02:00,17.3,17.3,15.9,9.2,59.0,24.3,78.0,269.6,2.0,0.0,0.0,1.2,0.0,0.0,12.0,257.9,6.4,15.8,113.0,1004.1,1004.1,2.7,5.3
2024-07-07 11:55:00+02:00,17.3,17.3,14.8,9.0,58.0,24.4,77.0,127.2,1.0,0.0,0.0,1.2,0.0,0.0,12.0,257.9,11.5,21.6,126.0,1004.3,1004.3,2.7,5.3
2024-07-07 12:00:00+02:00,17.0,17.0,15.4,8.5,57.0,24.5,78.0,139.3,1.0,0.0,0.0,1.2,0.0,0.0,12.0,257.9,6.6,16.6,122.0,1004.4,1004.4,2.7,5.3
2024-07-07 12:05:00+02:00,17.0,17.0,15.3,8.8,59.0,24.4,78.0,474.1,4.0,0.0,0.0,1.2,0.0,0.0,12.0,257.9,7.1,13.0,114.0,1004.2,1004.2,2.7,5.3
2024-07-07 12:10:00+02:00,17.5,17.5,15.4,9.2,58.0,24.4,78.0,318.2,2.0,0.0,0.0,1.2,0.0,0.0,12.0,257.9,10.0,18.7,132.0,1004.3,1004.3,2.7,5.3
2024-07-07 12:15:00+02:00,17.6,17.6,15.2,9.0,57.0,24.4,78.0,741.4,6.0,0.0,0.0,1.2,0.0,0.0,12.0,257.9,11.3,18.7,129.0,1004.2,1004.2,2.7,5.3
2024-07-07 12:20:00+02:00,17.7,17.7,15.6,9.1,57.0,24.5,78.0,552.8,5.0,0.0,0.0,1.2,0.0,0.0,12.0,257.9,10.1,20.9,134.0,1004.3,1004.3,2.7,5.3
2024-07-07 12:25:00+02:00,17.8,17.8,15.6,9.2,57.0,24.5,78.0,694.2,6.0,0.0,0.0,1.2,0.0,0.0,12.0,257.9,10.2,17.3,123.0,1004.4,1004.4,2.7,5.3
2024-07-07 12:30:00+02:00,18.1,18.1,16.5,9.2,56.0,24.6,78.0,438.6,4.0,0.0,0.0,1.2,0.0,0.0,12.0,257.9,7.6,19.4,128.0,1004.5,1004.5,2.7,5.3
2024-07-07 12:35:00+02:00,18.0,18.0,16.0,9.0,56.0,24.6,78.0,363.5,3.0,0.0,0.0,1.2,0.0,0.0,12.0,257.9,8.8,19.4,124.0,1004.5,1004.5,2.7,5.3
2024-07-07 12:40:00+02:00,18.5,18.5,16.7,9.0,54.0,24.7,78.0,756.5,7.0,0.0,0.0,1.2,0.0,0.0,12.0,257.9,8.4,24.5,124.0,1004.3,1004.3,2.7,5.3
2024-07-07 12:45:00+02:00,18.9,18.9,16.4,9.4,54.0,24.7,78.0,745.9,6.0,0.0,0.0,1.2,0.0,0.0,12.0,257.9,12.4,23.4,125.0,1004.5,1004.5,2.7,5.3
2024-07-07 12:50:00+02:00,18.4,18.4,16.5,9.1,55.0,24.8,78.0,286.4,2.0,0.0,0.0,1.2,0.0,0.0,12.0,257.9,9.1,26.6,123.0,1004.4,1004.4,2.7,5.3
2024-07-07 12:55:00+02:00,17.7,17.7,14.5,8.6,55.0,24.8,78.0,205.7,1.0,0.0,0.0,1.2,0.0,0.0,12.0,257.9,14.5,27.7,118.0,1004.4,1004.4,2.7,5.3
2024-07-07 13:00:00+02:00,17.5,17.5,15.2,8.5,56.0,24.9,79.0,368.7,3.0,0.0,0.0,1.2,0.0,0.0,12.0,257.9,10.3,26.3,129.0,1004.3,1004.3,2.7,5.3
2024-07-07 13:05:00+02:00,18.2,18.2,16.2,8.5,53.0,25.0,78.0,385.1,3.0,0.0,0.0,1.2,0.0,0.0,12.0,257.9,8.8,21.6,136.0,1004.4,1004.4,2.7,5.3
2024-07-07 13:10:00+02:00,18.2,18.2,15.3,8.5,53.0,25.0,78.0,383.9,3.0,0.0,0.0,1.2,0.0,0.0,12.0,257.9,13.5,25.2,129.0,1004.5,1004.5,2.7,5.3
2024-07-07 13:15:00+02:00,18.2,18.2,15.9,8.7,54.0,25.0,78.0,420.2,3.0,0.0,0.0,1.2,0.0,0.0,12.0,257.9,9.9,23.4,124.0,1004.4,1004.4,2.7,5.3
2024-07-07 13:20:00+02:00,18.5,18.5,16.3,8.6,52.0,25.1,78.0,387.2,3.0,0.0,0.0,1.2,0.0,0.0,12.0,257.9,9.5,22.3,138.0,1004.5,1004.5,2.7,5.3
2024-07-07 13:25:00+02:00,18.3,18.3,15.0,8.2,52.0,25.1,78.0,407.3,3.0,0.0,0.0,1.2,0.0,0.0,12.0,257.9,14.8,23.8,123.0,1004.5,1004.5,2.7,5.3
2024-07-07 13:30:00+02:00,18.3,18.3,16.5,8.6,53.0,25.1,78.0,295.9,2.0,0.0,0.0,1.2,0.0,0.0,12.0,257.9,7.6,23.8,134.0,1004.4,1004.4,2.7,5.3
2024-07-07 13:35:00+02:00,18.6,18.6,17.0,8.6,52.0,25.1,78.0,586.0,5.0,0.0,0.0,1.2,0.0,0.0,12.0,257.9,6.6,18.4,137.0,1004.4,1004.4,2.7,5.3
2024-07-07 13:40:00+02:00,19.5,19.5,18.4,8.8,50.0,25.1,78.0,850.0,7.0,0.0,0.0,1.2,0.0,0.0,12.0,257.9,4.2,15.1,158.0,1004.5,1004.5,2.7,5.3
2024-07-07 13:45:00+02:00,20.0,20.0,18.2,8.9,49.0,25.1,78.0,706.3,6.0,0.0,0.0,1.2,0.0,0.0,12.0,257.9,8.2,20.5,126.0,1004.3,1004.3,2.7,5.3
2024-07-07 13:50:00+02:00,20.3,20.3,18.7,8.9,48.0,25.2,78.0,789.1,7.0,0.0,0.0,1.2,0.0,0.0,12.0,257.9,6.8,20.2,131.0,1004.3,1004.3,2.7,5.3
2024-07-07 13:55:00+02:00,19.3,19.3,17.3,8.1,48.0,25.3,78.0,607.0,5.0,0.0,0.0,1.2,0.0,0.0,12.0,257.9,7.7,24.1,118.0,1004.3,1004.3,2.7,5.3
2024-07-07 14:00:00+02:00,20.0,20.0,18.3,8.4,47.0,25.4,77.0,682.7,6.0,0.0,0.0,0.0,0.0,0.0,12.0,257.9,6.7,17.3,135.0,1004.4,1004.4,2.7,5.3
2024-07-07 14:05:00+02:00,20.5,20.5,19.0,9.1,48.0,25.5,77.0,708.5,6.0,0.0,0.0,0.0,0.0,0.0,12.0,257.9,7.1,14.8,131.0,1004.3,1004.3,2.7,5.3
2024-07-07 14:10:00+02:00,20.5,20.5,17.7,8.0,45.0,25.6,78.0,629.8,5.0,0.0,0.0,0.0,0.0,0.0,12.0,257.9,12.2,24.5,125.0,1004.3,1004.3,2.7,5.3
2024-07-07 14:15:00+02:00,19.9,19.9,15.8,7.3,44.0,25.7,78.0,651.6,6.0,0.0,0.0,0.0,0.0,0.0,12.0,257.9,17.4,25.6,133.0,1004.3,1004.3,2.7,5.3
2024-07-07 14:20:00+02:00,20.3,20.3,18.3,7.2,43.0,25.8,79.0,695.4,6.0,0.0,0.0,0.0,0.0,0.0,12.0,257.9,7.0,25.6,127.0,1004.4,1004.4,2.7,5.3
2024-07-07 14:25:00+02:00,21.1,21.1,17.8,7.0,40.0,25.8,79.0,674.0,6.0,0.0,0.0,0.0,0.0,0.0,12.0,257.9,12.9,29.2,127.0,1004.3,1004.3,2.7,5.3
2024-07-07 14:30:00+02:00,19.9,19.9,17.3,6.8,43.0,25.9,79.0,651.5,6.0,0.0,0.0,0.0,0.0,0.0,12.0,257.9,9.3,23.4,147.0,1004.3,1004.3,2.7,5.3
2024-07-07 14:35:00+02:00,21.0,21.0,18.3,8.0,43.0,26.0,80.0,690.1,6.0,0.0,0.0,0.0,0.0,0.0,12.0,257.9,11.4,26.3,118.0,1004.2,1004.2,2.7,5.3
2024-07-07 14:40:00+02:00,20.5,20.5,18.7,7.7,44.0,26.0,80.0,656.8,6.0,0.0,0.0,0.0,0.0,0.0,12.0,257.9,6.6,25.9,142.0,1004.1,1004.1,2.7,5.3
2024-07-07 14:45:00+02:00,21.5,21.5,19.5,7.3,40.0,26.1,80.0,701.9,6.0,0.0,0.0,0.0,0.0,0.0,12.0,257.9,7.1,19.4,130.0,1004.2,1004.2,2.7,5.3
2024-07-07 14:50:00+02:00,20.9,20.9,18.6,7.0,41.0,26.2,80.0,515.6,4.0,0.0,0.0,0.0,0.0,0.0,12.0,257.9,8.4,16.9,114.0,1004.1,1004.1,2.7,5.3
2024-07-07 14:55:00+02:00,20.9,20.9,18.9,6.9,40.0,26.2,80.0,437.8,4.0,0.0,0.0,0.0,0.0,0.0,12.0,257.9,6.8,18.4,143.0,1004.1,1004.1,2.7,5.3
2024-07-07 15:00:00+02:00,20.8,20.8,19.0,6.8,40.0,26.3,80.0,543.2,5.0,0.0,0.0,0.0,0.0,0.0,12.0,257.9,5.5,22.7,123.0,1004.2,1004.2,2.7,5.3
2024-07-07 15:05:00+02:00,21.0,21.0,18.3,7.4,41.0,26.3,80.0,494.8,4.0,0.0,0.0,0.0,0.0,0.0,12.0,257.9,10.4,19.1,137.0,1004.1,1004.1,2.7,5.3
2024-07-07 15:10:00+02:00,20.5,20.5,17.8,6.7,41.0,26.3,80.0,593.2,5.0,0.0,0.0,0.0,0.0,0.0,12.0,257.9,9.7,23.4,108.0,1004.0,1004.0,2.7,5.3
2024-07-07 15:15:00+02:00,20.9,20.9,19.2,7.4,42.0,26.4,80.0,642.7,5.0,0.0,0.0,0.0,0.0,0.0,12.0,257.9,5.8,19.1,140.0,1004.1,1004.1,2.7,5.3
2024-07-07 15:20:00+02:00,21.7,21.7,19.7,6.9,38.0,26.5,80.0,629.7,5.0,0.0,0.0,0.0,0.0,0.0,12.0,257.9,6.6,20.9,146.0,1004.0,1004.0,2.7,5.3
2024-07-07 15:25:00+02:00,21.9,21.9,19.5,7.3,39.0,26.5,80.0,649.4,6.0,0.0,0.0,0.0,0.0,0.0,12.0,257.9,8.9,22.0,140.0,1003.8,1003.8,2.7,5.3
2024-07-07 15:30:00+02:00,21.1,21.1,18.4,7.2,41.0,26.6,80.0,636.9,5.0,0.0,0.0,0.0,0.0,0.0,12.0,257.9,10.7,29.2,124.0,1003.8,1003.8,2.7,5.3
2024-07-07 15:35:00+02:00,22.2,22.2,20.7,6.9,37.0,26.7,80.0,645.0,5.0,0.0,0.0,0.0,0.0,0.0,12.0,257.9,4.0,14.8,142.0,1004.0,1004.0,2.7,5.3
2024-07-07 15:40:00+02:00,22.1,22.1,19.6,7.1,38.0,26.7,81.0,630.1,5.0,0.0,0.0,0.0,0.0,0.0,12.0,257.9,9.4,22.7,113.0,1003.9,1003.9,2.7,5.3
2024-07-07 15:45:00+02:00,22.7,22.7,21.3,7.1,37.0,26.8,81.0,574.3,5.0,0.0,0.0,0.0,0.0,0.0,12.0,257.9,3.7,9.4,182.0,1003.8,1003.8,2.7,5.3
2024-07-07 15:50:00+02:00,22.2,22.2,19.3,7.5,39.0,26.8,81.0,591.6,5.0,0.0,0.0,0.0,0.0,0.0,12.0,257.9,12.2,22.7,139.0,1003.9,1003.9,2.7,5.3
2024-07-07 15:55:00+02:00,21.4,21.4,18.4,7.2,40.0,26.9,81.0,612.2,5.0,0.0,0.0,0.0,0.0,0.0,12.0,257.9,11.7,20.9,124.0,1003.8,1003.8,2.7,5.3
2024-07-07 16:00:00+02:00,21.7,21.7,19.4,7.0,39.0,26.9,81.0,603.4,5.0,0.0,0.0,0.0,0.0,0.0,12.0,257.9,8.3,20.9,172.0,1003.9,1003.9,2.7,5.3
2024-07-07 16:05:00+02:00,21.6,21.6,19.2,7.3,40.0,27.0,81.0,556.0,5.0,0.0,0.0,0.0,0.0,0.0,12.0,257.9,9.4,23.8,130.0,1003.8,1003.8,2.7,5.3
2024-07-07 16:10:00+02:00,21.2,21.2,19.0,6.9,40.0,27.0,81.0,534.5,4.0,0.0,0.0,0.0,0.0,0.0,12.0,257.9,7.6,23.8,134.0,1003.8,1003.8,2.7,5.3
2024-07-07 16:15:00+02:00,21.8,21.8,19.8,7.5,40.0,27.0,81.0,605.4,5.0,0.0,0.0,0.0,0.0,0.0,12.0,257.9,7.4,12.2,123.0,1003.8,1003.8,2.7,5.3
2024-07-07 16:20:00+02:00,21.8,21.8,20.1,6.8,38.0,27.0,81.0,434.0,4.0,0.0,0.0,0.0,0.0,0.0,12.0,257.9,4.5,16.2,155.0,1003.9,1003.9,2.7,5.3
2024-07-07 16:25:00+02:00,22.0,22.0,20.1,7.2,38.0,27.0,81.0,584.2,5.0,0.0,0.0,0.0,0.0,0.0,12.0,257.9,6.8,15.1,123.0,1003.8,1003.8,2.7,5.3
2024-07-07 16:30:00+02:00,22.9,22.9,21.6,7.4,37.0,27.1,81.0,607.8,5.0,0.0,0.0,0.0,0.0,0.0,12.0,257.9,3.8,11.2,154.0,1003.8,1003.8,2.7,5.3
2024-07-07 16:35:00+02:00,22.4,22.4,20.6,7.0,37.0,27.2,81.0,571.7,5.0,0.0,0.0,0.0,0.0,0.0,12.0,257.9,5.8,13.7,128.0,1003.7,1003.7,2.7,5.3
2024-07-07 16:40:00+02:00,22.4,22.4,21.2,7.9,39.0,27.2,81.0,568.5,5.0,0.0,0.0,0.0,0.0,0.0,12.0,257.9,3.9,13.0,158.0,1003.8,1003.8,2.7,5.3
2024-07-07 16:45:00+02:00,22.2,22.2,20.7,7.5,39.0,27.2,81.0,341.2,3.0,0.0,0.0,0.0,0.0,0.0,12.0,257.9,4.6,20.2,113.0,1003.8,1003.8,2.7,5.3
2024-07-07 16:50:00+02:00,21.7,21.7,20.0,7.6,40.0,27.2,81.0,294.0,2.0,0.0,0.0,0.0,0.0,0.0,12.0,257.9,5.3,16.9,138.0,1003.9,1003.9,2.7,5.3
2024-07-07 16:55:00+02:00,21.4,21.4,19.8,7.1,40.0,27.2,82.0,313.7,2.0,0.0,0.0,0.0,0.0,0.0,12.0,257.9,4.5,11.2,135.0,1003.9,1003.9,2.7,5.3
2024-07-07 17:00:00+02:00,21.5,21.5,20.2,7.3,40.0,27.2,82.0,169.1,1.0,0.0,0.0,0.0,0.0,0.0,12.0,257.9,3.4,11.2,254.0,1003.8,1003.8,2.7,5.3
2024-07-07 17:05:00+02:00,21.6,21.6,20.0,6.9,39.0,27.2,82.0,259.8,2.0,0.0,0.0,0.0,0.0,0.0,12.0,257.9,4.5,8.6,187.0,1003.7,1003.7,2.7,5.3
2024-07-07 17:10:00+02:00,21.4,21.4,19.4,7.2,40.0,27.2,82.0,392.3,3.0,0.0,0.0,0.0,0.0,0.0,12.0,257.9,7.3,14.0,133.0,1003.8,1003.8,2.7,5.3
2024-07-07 17:15:00+02:00,21.3,21.3,18.9,7.5,41.0,27.1,82.0,434.2,4.0,0.0,0.0,0.0,0.0,0.0,12.0,257.9,9.2,20.5,133.0,1003.8,1003.8,2.7,5.3
2024-07-07 17:20:00+02:00,21.0,21.0,19.6,7.5,42.0,27.1,82.0,359.4,3.0,0.0,0.0,0.0,0.0,0.0,12.0,257.9,4.5,20.5,139.0,1003.8,1003.8,2.7,5.3
2024-07-07 17:25:00+02:00,21.5,21.5,20.1,7.3,40.0,27.1,82.0,410.1,3.0,0.0,0.0,0.0,0.0,0.0,12.0,257.9,3.7,12.2,161.0,1003.9,1003.9,2.7,5.3
2024-07-07 17:30:00+02:00,21.5,21.5,19.6,7.6,41.0,27.2,82.0,408.0,3.0,0.0,0.0,0.0,0.0,0.0,12.0,257.9,6.8,17.6,132.0,1003.8,1003.8,2.7,5.3
2024-07-07 17:35:00+02:00,21.4,21.4,19.9,6.9,39.0,27.1,82.0,197.2,1.0,0.0,0.0,0.0,0.0,0.0,12.0,257.9,3.7,12.2,158.0,1004.0,1004.0,2.7,5.3
2024-07-07 17:40:00+02:00,21.3,21.3,19.2,6.7,39.0,27.1,82.0,420.9,3.0,0.0,0.0,0.0,0.0,0.0,12.0,257.9,6.8,20.2,136.0,1003.9,1003.9,2.7,5.3
2024-07-07 17:45:00+02:00,21.1,21.1,19.0,7.4,41.0,27.1,82.0,417.3,3.0,0.0,0.0,0.0,0.0,0.0,12.0,257.9,7.6,11.9,161.0,1003.9,1003.9,2.7,5.3
2024-07-07 17:50:00+02:00,21.8,21.8,20.2,7.3,39.0,27.1,82.0,336.9,3.0,0.0,0.0,0.0,0.0,0.0,12.0,257.9,5.1,16.2,138.0,1003.9,1003.9,2.7,5.3
2024-07-07 17:55:00+02:00,21.1,21.1,19.1,7.2,41.0,27.1,82.0,275.8,2.0,0.0,0.0,0.0,0.0,0.0,12.0,257.9,7.3,17.6,121.0,1003.9,1003.9,2.7,5.3
2024-07-07 18:00:00+02:00,21.2,21.2,19.6,7.4,41.0,27.0,82.0,278.8,2.0,0.0,0.0,0.0,0.0,0.0,12.0,257.9,5.3,16.9,172.0,1003.8,1003.8,2.7,5.3
2024-07-07 18:05:00+02:00,20.8,20.8,18.4,7.4,42.0,26.9,82.0,295.7,2.0,0.0,0.0,0.0,0.0,0.0,12.0,257.9,9.2,19.1,128.0,1003.9,1003.9,2.7,5.3
2024-07-07 18:10:00+02:00,20.7,20.7,19.4,7.5,42.0,26.9,82.0,172.0,1.0,0.0,0.0,0.0,0.0,0.0,12.0,257.9,3.8,13.7,157.0,1003.9,1003.9,2.7,5.3
2024-07-07 18:15:00+02:00,21.1,21.1,19.3,7.2,41.0,26.8,82.0,270.4,2.0,0.0,0.0,0.0,0.0,0.0,12.0,257.9,5.5,14.8,229.0,1003.9,1003.9,2.7,5.3
2024-07-07 18:20:00+02:00,20.9,20.9,19.9,7.3,41.0,26.8,82.0,97.2,0.0,0.0,0.0,0.0,0.0,0.0,12.0,257.9,2.2,7.6,306.0,1003.9,1003.9,2.7,5.3
2024-07-07 18:25:00+02:00,21.0,21.0,19.8,7.9,43.0,26.8,82.0,100.8,0.0,0.0,0.0,0.0,0.0,0.0,12.0,257.9,3.6,8.6,123.0,1003.8,1003.8,2.7,5.3
2024-07-07 18:30:00+02:00,20.7,20.7,19.2,7.6,43.0,26.8,82.0,94.7,0.0,0.0,0.0,0.0,0.0,0.0,12.0,257.9,4.8,12.2,122.0,1004.0,1004.0,2.7,5.3
2024-07-07 18:35:00+02:00,20.2,20.2,18.6,7.5,44.0,26.7,82.0,101.5,0.0,0.0,0.0,0.0,0.0,0.0,12.0,257.9,5.7,16.9,128.0,1004.0,1004.0,2.7,5.3
2024-07-07 18:40:00+02:00,20.2,20.2,18.7,7.7,44.0,26.7,82.0,109.9,1.0,0.0,0.0,0.0,0.0,0.0,12.0,257.9,4.7,15.5,129.0,1003.9,1003.9,2.7,5.3
2024-07-07 18:45:00+02:00,20.1,20.1,18.7,7.5,44.0,26.6,82.0,115.5,1.0,0.0,0.0,0.0,0.0,0.0,12.0,257.9,4.3,15.5,161.0,1004.0,1004.0,2.7,5.3
2024-07-07 18:50:00+02:00,20.2,20.2,18.6,7.7,44.0,26.5,82.0,114.0,1.0,0.0,0.0,0.0,0.0,0.0,12.0,257.9,5.5,12.6,126.0,1004.0,1004.0,2.7,5.3
2024-07-07 18:55:00+02:00,20.1,20.1,18.8,7.6,44.0,26.5,82.0,99.4,0.0,0.0,0.0,0.0,0.0,0.0,12.0,257.9,3.6,14.4,122.0,1004.0,1004.0,2.7,5.3
2024-07-07 19:00:00+02:00,20.0,20.0,19.1,7.9,46.0,26.4,82.0,96.0,0.0,0.0,0.0,0.0,0.0,0.0,12.0,257.9,1.9,7.9,146.0,1004.0,1004.0,2.7,5.3
2024-07-07 19:05:00+02:00,20.1,20.1,18.5,8.0,45.0,26.4,82.0,98.3,0.0,0.0,0.0,0.0,0.0,0.0,12.0,257.9,5.8,12.6,128.0,1004.1,1004.1,2.7,5.3
2024-07-07 19:10:00+02:00,20.1,20.1,19.3,7.9,45.0,26.3,82.0,96.6,0.0,0.0,0.0,0.0,0.0,0.0,12.0,257.9,1.8,12.6,138.0,1004.0,1004.0,2.7,5.3
2024-07-07 19:15:00+02:00,20.1,20.1,19.1,8.3,47.0,26.3,82.0,88.3,0.0,0.0,0.0,0.0,0.0,0.0,12.0,257.9,3.3,10.1,142.0,1004.0,1004.0,2.7,5.2
2024-07-07 19:20:00+02:00,20.1,20.1,18.7,8.0,46.0,26.2,82.0,81.3,0.0,0.0,0.0,0.0,0.0,0.0,12.0,257.9,4.8,9.7,119.0,1004.0,1004.0,2.7,5.2
2024-07-07 19:25:00+02:00,19.9,19.9,18.3,8.0,46.0,26.2,82.0,75.9,0.0,0.0,0.0,0.0,0.0,0.0,12.0,257.9,5.8,9.7,126.0,1004.1,1004.1,2.7,5.2
2024-07-07 19:30:00+02:00,19.8,19.8,18.3,8.1,47.0,26.2,82.0,68.3,0.0,0.0,0.0,0.0,0.0,0.0,12.0,257.9,5.4,10.8,128.0,1004.0,1004.0,2.7,5.2
2024-07-07 19:35:00+02:00,19.7,19.7,17.7,7.7,46.0,26.1,82.0,63.4,0.0,0.0,0.0,0.0,0.0,0.0,12.0,257.9,7.3,17.6,128.0,1004.1,1004.1,2.7,5.2
2024-07-07 19:40:00+02:00,19.6,19.6,17.9,7.7,46.0,26.0,82.0,63.1,0.0,0.0,0.0,0.0,0.0,0.0,12.0,257.9,5.9,9.7,125.0,1004.0,1004.0,2.7,5.2
2024-07-07 19:45:00+02:00,19.6,19.6,17.4,7.4,45.0,25.9,82.0,60.4,0.0,0.0,0.0,0.0,0.0,0.0,12.0,257.9,7.9,14.4,115.0,1004.1,1004.1,2.7,5.2
2024-07-07 19:50:00+02:00,19.6,19.6,17.3,7.1,44.0,25.9,82.0,54.9,0.0,0.0,0.0,0.0,0.0,0.0,12.0,257.9,8.1,13.7,125.0,1004.1,1004.1,2.7,5.2
2024-07-07 19:55:00+02:00,19.6,19.6,18.5,7.3,45.0,25.8,81.0,52.2,0.0,0.0,0.0,0.0,0.0,0.0,12.0,257.9,2.4,7.9,124.0,1004.1,1004.1,2.7,5.2
2024-07-07 20:00:00+02:00,19.5,19.5,18.0,7.9,47.0,25.8,81.0,47.2,0.0,0.0,0.0,0.0,0.0,0.0,12.0,257.9,5.0,13.3,136.0,1004.2,1004.2,2.7,5.2
2024-07-07 20:05:00+02:00,19.4,19.4,18.5,7.9,47.0,25.7,81.0,43.7,0.0,0.0,0.0,0.0,0.0,0.0,12.0,257.9,2.0,6.5,126.0,1004.2,1004.2,2.7,5.2
2024-07-07 20:10:00+02:00,19.3,19.3,17.9,7.8,47.0,25.7,81.0,40.2,0.0,0.0,0.0,0.0,0.0,0.0,12.0,257.9,4.2,7.6,141.0,1004.2,1004.2,2.7,5.2
2024-07-07 20:15:00+02:00,19.2,19.2,18.1,8.1,48.0,25.6,81.0,36.9,0.0,0.0,0.0,0.0,0.0,0.0,12.0,257.9,3.2,7.6,126.0,1004.3,1004.3,2.7,5.2
2024-07-07 20:20:00+02:00,19.1,19.1,18.0,8.1,49.0,25.6,81.0,32.8,0.0,0.0,0.0,0.0,0.0,0.0,12.0,257.9,3.3,6.1,131.0,1004.3,1004.3,2.7,5.2
2024-07-07 20:25:00+02:00,19.1,19.1,18.1,8.3,50.0,25.5,81.0,31.2,0.0,0.0,0.0,0.0,0.0,0.0,12.0,257.9,2.7,6.1,119.0,1004.3,1004.3,2.7,5.2
2024-07-07 20:30:00+02:00,19.1,19.1,17.8,7.8,48.0,25.5,81.0,27.2,0.0,0.0,0.0,0.0,0.0,0.0,12.0,257.9,4.1,6.5,121.0,1004.4,1004.4,2.7,5.2
2024-07-07 20:35:00+02:00,19.1,19.1,17.7,7.8,48.0,25.4,81.0,24.5,0.0,0.0,0.0,0.0,0.0,0.0,12.0,257.9,4.2,6.5,132.0,1004.4,1004.4,2.7,5.2
2024-07-07 20:40:00+02:00,19.0,19.0,17.4,7.9,48.0,25.4,81.0,22.6,0.0,0.0,0.0,0.0,0.0,0.0,12.0,257.9,5.6,9.7,128.0,1004.4,1004.4,2.7,5.2
2024-07-07 20:45:00+02:00,18.9,18.9,17.9,8.0,49.0,25.3,81.0,19.8,0.0,0.0,0.0,0.0,0.0,0.0,12.0,257.9,2.8,6.5,126.0,1004.4,1004.4,2.7,5.2
2024-07-07 20:50:00+02:00,18.8,18.8,17.5,7.9,49.0,25.3,81.0,18.1,0.0,0.0,0.0,0.0,0.0,0.0,12.0,257.9,4.2,6.5,126.0,1004.5,1004.5,2.7,5.2
2024-07-07 20:55:00+02:00,18.8,18.8,17.9,8.2,50.0,25.2,81.0,16.1,0.0,0.0,0.0,0.0,0.0,0.0,12.0,257.9,2.5,5.0,125.0,1004.5,1004.5,2.7,5.2
2024-07-07 21:00:00+02:00,18.7,18.7,17.8,7.8,49.0,25.1,81.0,13.4,0.0,0.0,0.0,0.0,0.0,0.0,12.0,257.9,2.0,5.4,115.0,1004.4,1004.4,2.7,5.2
2024-07-07 21:05:00+02:00,18.6,18.6,17.7,8.0,50.0,25.1,81.0,11.3,0.0,0.0,0.0,0.0,0.0,0.0,12.0,257.9,2.2,4.7,128.0,1004.5,1004.5,2.7,5.2
2024-07-07 21:10:00+02:00,18.5,18.5,17.7,7.9,50.0,25.0,81.0,9.5,0.0,0.0,0.0,0.0,0.0,0.0,12.0,257.9,1.8,4.0,119.0,1004.4,1004.4,2.7,5.2
2024-07-07 21:15:00+02:00,18.3,18.3,17.6,8.0,51.0,24.9,81.0,7.8,0.0,0.0,0.0,0.0,0.0,0.0,12.0,257.9,1.8,4.0,105.0,1004.5,1004.5,2.7,5.2
2024-07-07 21:20:00+02:00,18.3,18.3,17.7,8.0,51.0,24.9,81.0,6.3,0.0,0.0,0.0,0.0,0.0,0.0,12.0,257.9,0.7,3.6,130.0,1004.6,1004.6,2.7,5.2
2024-07-07 21:25:00+02:00,18.1,18.1,17.8,8.7,54.0,24.8,81.0,4.5,0.0,0.0,0.0,0.0,0.0,0.0,12.0,257.9,0.0,2.9,106.0,1004.6,1004.6,2.7,5.2
2024-07-07 21:30:00+02:00,17.9,17.9,17.2,8.4,54.0,24.8,81.0,3.2,0.0,0.0,0.0,0.0,0.0,0.0,12.0,257.9,1.9,3.6,119.0,1004.6,1004.6,2.7,5.2
2024-07-07 21:35:00+02:00,17.8,17.8,17.2,8.7,55.0,24.7,81.0,2.1,0.0,0.0,0.0,0.0,0.0,0.0,12.0,257.9,1.2,3.6,115.0,1004.7,1004.7,2.7,5.2
2024-07-07 21:40:00+02:00,17.7,17.7,17.0,8.8,56.0,24.6,81.0,2.0,0.0,0.0,0.0,0.0,0.0,0.0,12.0,257.9,2.0,3.6,135.0,1004.8,1004.8,2.7,5.2
2024-07-07 21:45:00+02:00,17.7,17.7,17.1,8.2,54.0,24.5,81.0,1.6,0.0,0.0,0.0,0.0,0.0,0.0,12.0,257.9,0.7,4.3,108.0,1004.8,1004.8,2.7,5.2
2024-07-07 21:50:00+02:00,17.5,17.5,17.1,8.4,55.0,24.5,81.0,1.2,0.0,0.0,0.0,0.0,0.0,0.0,12.0,257.9,0.4,2.5,95.0,1004.7,1004.7,2.7,5.2
2024-07-07 21:55:00+02:00,17.4,17.4,16.8,8.6,56.0,24.4,81.0,0.7,0.0,0.0,0.0,0.0,0.0,0.0,12.0,257.9,1.3,2.5,130.0,1004.8,1004.8,2.7,5.2
2024-07-07 22:00:00+02:00,17.2,17.2,16.6,8.4,56.0,24.4,81.0,0.4,0.0,0.0,0.0,0.0,0.0,0.0,12.0,257.9,1.5,2.9,125.0,1004.9,1004.9,2.7,5.2
2024-07-07 22:05:00+02:00,17.1,17.1,16.3,9.0,59.0,24.3,81.0,0.2,0.0,0.0,0.0,0.0,0.0,0.0,12.0,257.9,2.6,3.6,128.0,1005.0,1005.0,2.7,5.2
2024-07-07 22:10:00+02:00,16.8,16.8,16.2,9.1,60.0,24.2,81.0,0.1,0.0,0.0,0.0,0.0,0.0,0.0,12.0,257.9,2.2,3.2,119.0,1005.0,1005.0,2.7,5.2
2024-07-07 22:15:00+02:00,16.7,16.7,16.3,9.0,60.0,24.2,81.0,0.1,0.0,0.0,0.0,0.0,0.0,0.0,12.0,257.9,0.8,3.2,114.0,1005.0,1005.0,2.7,5.2
2024-07-07 22:20:00+02:00,16.7,16.7,16.1,9.3,62.0,24.1,81.0,0.0,0.0,0.0,0.0,0.0,0.0,0.0,12.0,257.9,2.3,2.9,132.0,1005.0,1005.0,2.7,5.2
2024-07-07 22:25:00+02:00,16.6,16.6,16.1,9.2,62.0,24.0,81.0,0.0,0.0,0.0,0.0,0.0,0.0,0.0,12.0,257.9,2.0,3.2,119.0,1005.1,1005.1,2.7,5.1
2024-07-07 22:30:00+02:00,16.6,16.6,16.3,9.2,62.0,23.9,81.0,0.0,0.0,0.0,0.0,0.0,0.0,0.0,12.0,257.9,0.7,2.5,127.0,1005.0,1005.0,2.7,5.1
2024-07-07 22:35:00+02:00,16.4,16.4,16.4,9.9,66.0,23.9,81.0,0.0,0.0,0.0,0.0,0.0,0.0,0.0,12.0,257.9,0.0,1.8,123.0,1005.0,1005.0,2.7,5.1
2024-07-07 22:40:00+02:00,16.2,16.2,15.9,9.8,66.0,23.8,81.0,0.0,0.0,0.0,0.0,0.0,0.0,0.0,12.0,257.9,1.5,3.2,110.0,1005.0,1005.0,2.7,5.1
2024-07-07 22:45:00+02:00,16.0,16.0,15.5,9.7,66.0,23.8,81.0,0.0,0.0,0.0,0.0,0.0,0.0,0.0,12.0,257.9,2.5,3.6,113.0,1005.0,1005.0,2.7,5.1
2024-07-07 22:50:00+02:00,15.8,15.8,15.5,9.7,67.0,23.7,81.0,0.0,0.0,0.0,0.0,0.0,0.0,0.0,12.0,257.9,1.5,3.6,116.0,1005.1,1005.1,2.7,5.1
2024-07-07 22:55:00+02:00,15.7,15.7,15.2,9.7,67.0,23.6,81.0,0.0,0.0,0.0,0.0,0.0,0.0,0.0,12.0,257.9,2.2,3.2,107.0,1005.0,1005.0,2.7,5.1
2024-07-07 23:00:00+02:00,15.6,15.6,15.0,9.4,67.0,23.6,81.0,0.0,0.0,0.0,0.0,0.0,0.0,0.0,12.0,257.9,2.4,3.6,117.0,1005.2,1005.2,2.7,5.1
2024-07-07 23:05:00+02:00,15.6,15.6,15.1,9.8,68.0,23.5,81.0,0.0,0.0,0.0,0.0,0.0,0.0,0.0,12.0,257.9,2.2,2.9,123.0,1005.2,1005.2,2.7,5.1
2024-07-07 23:10:00+02:00,15.6,15.6,15.3,9.9,69.0,23.4,81.0,0.0,0.0,0.0,0.0,0.0,0.0,0.0,12.0,257.9,1.7,3.6,112.0,1005.2,1005.2,2.7,5.1
2024-07-07 23:15:00+02:00,15.5,15.5,15.0,9.9,69.0,23.3,81.0,0.0,0.0,0.0,0.0,0.0,0.0,0.0,12.0,257.9,2.5,3.6,126.0,1005.1,1005.1,2.7,5.1
2024-07-07 23:20:00+02:00,15.3,15.3,15.2,9.7,70.0,23.3,81.0,0.0,0.0,0.0,0.0,0.0,0.0,0.0,12.0,257.9,0.4,3.2,128.0,1005.1,1005.1,2.7,5.1
2024-07-07 23:25:00+02:00,15.2,15.2,15.0,9.9,71.0,23.2,81.0,0.0,0.0,0.0,0.0,0.0,0.0,0.0,12.0,257.9,1.2,2.9,128.0,1005.0,1005.0,2.7,5.1
2024-07-07 23:30:00+02:00,15.2,15.2,14.6,9.9,71.0,23.1,81.0,0.0,0.0,0.0,0.0,0.0,0.0,0.0,12.0,257.9,2.7,3.6,115.0,1005.0,1005.0,2.7,5.1
2024-07-07 23:35:00+02:00,15.2,15.2,14.8,10.2,72.0,23.1,81.0,0.0,0.0,0.0,0.0,0.0,0.0,0.0,12.0,257.9,2.2,4.0,127.0,1005.1,1005.1,2.7,5.1
2024-07-07 23:40:00+02:00,15.1,15.1,14.8,10.2,72.0,23.0,81.0,0.0,0.0,0.0,0.0,0.0,0.0,0.0,12.0,257.9,1.9,3.2,130.0,1005.0,1005.0,2.7,5.1
2024-07-07 23:45:00+02:00,15.1,15.1,14.9,9.9,71.0,22.9,81.0,0.0,0.0,0.0,0.0,0.0,0.0,0.0,12.0,257.9,1.3,3.6,124.0,1005.1,1005.1,2.7,5.1
2024-07-07 23:50:00+02:00,15.2,15.2,15.0,10.0,71.0,22.9,81.0,0.0,0.0,0.0,0.0,0.0,0.0,0.0,12.0,257.9,1.3,2.9,123.0,1005.0,1005.0,2.7,5.1
2024-07-07 23:55:00+02:00,15.2,15.2,14.8,10.0,71.0,22.8,81.0,0.0,0.0,0.0,0.0,0.0,0.0,0.0,12.0,257.9,2.4,3.6,122.0,1005.0,1005.0,2.7,5.1
2024-07-08 00:00:00+02:00,15.2,15.2,14.9,10.4,73.0,22.8,81.0,0.0,0.0,0.0,0.0,0.0,0.0,0.0,12.0,257.9,2.3,4.0,133.0,1005.1,1005.1,2.7,5.1
2024-07-08 00:05:00+02:00,15.1,15.1,14.8,10.3,73.0,22.7,81.0,0.0,0.0,0.0,0.0,0.0,0.0,0.0,12.0,257.9,2.4,4.0,121.0,1005.1,1005.1,2.7,5.1
2024-07-08 00:10:00+02:00,15.1,15.1,14.9,10.5,74.0,22.7,81.0,0.0,0.0,0.0,0.0,0.0,0.0,0.0,12.0,257.9,1.8,3.2,127.0,1005.1,1005.1,2.7,5.1
2024-07-08 00:15:00+02:00,15.2,15.2,14.9,10.2,72.0,22.6,81.0,0.0,0.0,0.0,0.0,0.0,0.0,0.0,12.0,257.9,1.7,2.9,120.0,1005.2,1005.2,2.7,5.0
2024-07-08 00:20:00+02:00,15.3,15.3,15.2,10.3,72.0,22.5,81.0,0.0,0.0,0.0,0.0,0.0,0.0,0.0,12.0,257.9,1.2,2.5,113.0,1005.1,1005.1,2.7,5.0
2024-07-08 00:25:00+02:00,15.3,15.3,15.4,10.2,72.0,22.5,81.0,0.0,0.0,0.0,0.0,0.0,0.0,0.0,12.0,257.9,0.4,2.9,100.0,1005.0,1005.0,2.7,5.0
2024-07-08 00:30:00+02:00,15.3,15.3,15.3,10.1,71.0,22.4,81.0,0.0,0.0,0.0,0.0,0.0,0.0,0.0,12.0,257.9,0.5,2.5,106.0,1005.1,1005.1,2.7,5.0
2024-07-08 00:35:00+02:00,15.3,15.3,15.4,10.0,71.0,22.4,81.0,0.0,0.0,0.0,0.0,0.0,0.0,0.0,12.0,257.9,0.0,2.2,118.0,1005.2,1005.2,2.7,5.0
2024-07-08 00:40:00+02:00,15.2,15.2,15.2,10.0,71.0,22.3,81.0,0.0,0.0,0.0,0.0,0.0,0.0,0.0,12.0,257.9,0.0,1.8,118.0,1005.1,1005.1,2.7,5.0
2024-07-08 00:45:00+02:00,15.2,15.2,15.0,9.9,71.0,22.3,81.0,0.0,0.0,0.0,0.0,0.0,0.0,0.0,12.0,257.9,0.7,2.5,117.0,1005.1,1005.1,2.7,5.0
2024-07-08 00:50:00+02:00,15.2,15.2,15.1,10.3,72.0,22.2,81.0,0.0,0.0,0.0,0.0,0.0,0.0,0.0,12.0,257.9,1.2,2.9,123.0,1005.1,1005.1,2.7,5.0
2024-07-08 00:55:00+02:00,15.2,15.2,14.9,9.6,69.0,22.2,81.0,0.0,0.0,0.0,0.0,0.0,0.0,0.0,12.0,257.9,1.2,2.9,120.0,1005.2,1005.2,2.7,5.0
2024-07-08 01:00:00+02:00,15.3,15.3,15.1,9.4,68.0,22.2,81.0,0.0,0.0,0.0,0.0,0.0,0.0,0.0,12.0,257.9,0.4,2.2,132.0,1005.2,1005.2,2.7,5.0
2024-07-08 01:05:00+02:00,15.2,15.2,15.2,9.9,71.0,22.1,81.0,0.0,0.0,0.0,0.0,0.0,0.0,0.0,12.0,257.9,0.0,0.0,89.0,1005.2,1005.2,2.7,5.0
2024-07-08 01:10:00+02:00,15.3,15.3,15.4,10.2,72.0,22.1,81.0,0.0,0.0,0.0,0.0,0.0,0.0,0.0,12.0,257.9,0.0,1.8,61.0,1005.3,1005.3,2.7,5.0
2024-07-08 01:15:00+02:00,15.4,15.4,15.2,10.1,71.0,22.0,81.0,0.0,0.0,0.0,0.0,0.0,0.0,0.0,12.0,257.9,1.3,3.2,275.0,1005.5,1005.5,2.7,5.0
2024-07-08 01:20:00+02:00,15.3,15.3,15.4,10.2,72.0,22.0,81.0,0.0,0.0,0.0,0.0,0.0,0.0,0.0,12.0,257.9,0.4,2.5,243.0,1005.6,1005.6,2.7,5.0
2024-07-08 01:25:00+02:00,15.5,15.5,15.6,10.4,71.0,22.0,81.0,0.0,0.0,0.0,0.0,0.0,0.0,0.0,12.0,257.9,0.4,3.2,338.0,1005.7,1005.7,2.7,5.0
2024-07-08 01:30:00+02:00,15.7,15.7,15.7,10.4,71.0,21.9,81.0,0.0,0.0,0.0,0.0,0.0,0.0,0.0,12.0,257.9,0.5,3.2,72.0,1005.6,1005.6,2.7,5.0
2024-07-08 01:35:00+02:00,15.6,15.6,15.7,10.5,71.0,21.9,81.0,0.0,0.0,0.0,0.0,0.0,0.0,0.0,12.0,257.9,0.0,2.9,3.0,1005.7,1005.7,2.7,5.0
2024-07-08 01:40:00+02:00,15.7,15.7,15.7,10.6,72.0,21.9,81.0,0.0,0.0,0.0,0.0,0.0,0.0,0.0,12.0,257.9,0.6,4.7,28.0,1005.8,1005.8,2.7,5.0
2024-07-08 01:45:00+02:00,15.6,15.6,15.8,10.7,73.0,21.8,81.0,0.0,0.0,0.0,0.0,0.0,0.0,0.0,12.0,257.9,0.0,3.6,98.0,1005.8,1005.8,2.7,5.0
2024-07-08 01:50:00+02:00,15.5,15.5,15.4,10.7,73.0,21.8,81.0,0.0,0.0,0.0,0.0,0.0,0.0,0.0,12.0,257.9,1.8,3.6,80.0,1005.7,1005.7,2.7,5.0
2024-07-08 01:55:00+02:00,15.3,15.3,15.4,10.7,74.0,21.7,81.0,0.0,0.0,0.0,0.0,0.0,0.0,0.0,12.0,257.9,0.7,2.9,107.0,1005.8,1005.8,2.7,5.0
2024-07-08 02:00:00+02:00,15.3,15.3,15.3,10.6,74.0,21.7,81.0,0.0,0.0,0.0,0.0,0.0,0.0,0.0,12.0,257.9,0.7,2.9,105.0,1005.8,1005.8,2.7,5.0
2024-07-08 02:05:00+02:00,15.2,15.2,15.3,10.9,75.0,21.7,81.0,0.0,0.0,0.0,0.0,0.0,0.0,0.0,12.0,257.9,1.2,2.9,118.0,1005.7,1005.7,2.7,4.9
2024-07-08 02:10:00+02:00,15.0,15.0,15.1,10.9,76.0,21.7,81.0,0.0,0.0,0.0,0.0,0.0,0.0,0.0,12.0,257.9,1.1,2.9,258.0,1005.8,1005.8,2.7,4.9
2024-07-08 02:15:00+02:00,14.9,14.9,15.2,11.2,79.0,21.6,81.0,0.0,0.0,0.0,0.0,0.0,0.0,0.0,12.0,257.9,0.4,2.5,129.0,1005.8,1005.8,2.7,4.9
2024-07-08 02:20:00+02:00,14.9,14.9,14.8,11.0,78.0,21.6,81.0,0.0,0.0,0.0,0.0,0.0,0.0,0.0,12.0,257.9,2.1,3.2,134.0,1005.8,1005.8,2.7,4.9
2024-07-08 02:25:00+02:00,14.9,14.9,14.8,11.3,79.0,21.5,81.0,0.0,0.0,0.0,0.0,0.0,0.0,0.0,12.0,257.9,2.3,3.6,133.0,1005.8,1005.8,2.7,4.9
2024-07-08 02:30:00+02:00,14.8,14.8,14.7,11.0,78.0,21.5,82.0,0.0,0.0,0.0,0.0,0.0,0.0,0.0,12.0,257.9,2.0,3.6,132.0,1005.9,1005.9,2.7,4.9
2024-07-08 02:35:00+02:00,14.8,14.8,15.1,11.0,78.0,21.5,82.0,0.0,0.0,0.0,0.0,0.0,0.0,0.0,12.0,257.9,0.0,2.5,117.0,1006.0,1006.0,2.7,4.9
2024-07-08 02:40:00+02:00,14.8,14.8,15.2,11.1,78.0,21.4,82.0,0.0,0.0,0.0,0.0,0.0,0.0,0.0,12.0,257.9,0.0,1.8,212.0,1006.0,1006.0,2.7,4.9
2024-07-08 02:45:00+02:00,14.8,14.8,15.0,11.2,79.0,21.4,81.0,0.0,0.0,0.0,0.0,0.0,0.0,0.0,12.0,257.9,1.0,4.3,308.0,1006.1,1006.1,2.7,4.9
2024-07-08 02:50:00+02:00,14.8,14.8,15.2,11.3,79.0,21.3,82.0,0.0,0.0,0.0,0.0,0.0,0.0,0.0,12.0,257.9,0.4,4.0,258.0,1006.0,1006.0,2.7,4.9
2024-07-08 02:55:00+02:00,14.9,14.9,15.2,11.4,80.0,21.3,82.0,0.0,0.0,0.0,0.0,0.0,0.0,0.0,12.0,257.9,0.9,4.0,100.0,1006.0,1006.0,2.7,4.9
2024-07-08 03:00:00+02:00,14.8,14.8,15.0,11.5,80.0,21.3,82.0,0.0,0.0,0.0,0.0,0.0,0.0,0.0,12.0,257.9,1.2,2.9,128.0,1005.8,1005.8,2.7,4.9
2024-07-08 03:05:00+02:00,14.8,14.8,14.9,11.6,81.0,21.3,82.0,0.0,0.0,0.0,0.0,0.0,0.0,0.0,12.0,257.9,1.9,3.6,128.0,1005.9,1005.9,2.7,4.9
2024-07-08 03:10:00+02:00,14.7,14.7,14.9,11.7,82.0,21.2,82.0,0.0,0.0,0.0,0.0,0.0,0.0,0.0,12.0,257.9,1.7,3.2,117.0,1005.8,1005.8,2.7,4.9
2024-07-08 03:15:00+02:00,14.6,14.6,14.8,11.6,82.0,21.2,82.0,0.0,0.0,0.0,0.0,0.0,0.0,0.0,12.0,257.9,1.8,3.6,128.0,1005.9,1005.9,2.7,4.9
2024-07-08 03:20:00+02:00,14.6,14.6,14.7,11.6,82.0,21.2,82.0,0.0,0.0,0.0,0.0,0.0,0.0,0.0,12.0,257.9,2.2,3.2,119.0,1005.8,1005.8,2.7,4.9
2024-07-08 03:25:00+02:00,14.5,14.5,14.5,11.8,84.0,21.2,82.0,0.0,0.0,0.0,0.0,0.0,0.0,0.0,12.0,257.9,3.0,4.7,122.0,1005.8,1005.8,2.7,4.8
2024-07-08 03:30:00+02:00,14.4,14.4,14.5,11.7,84.0,21.1,82.0,0.0,0.0,0.0,0.0,0.0,0.0,0.0,12.0,257.9,2.0,4.3,123.0,1005.7,1005.7,2.7,4.8
2024-07-08 03:35:00+02:00,14.4,14.4,14.6,11.6,83.0,21.1,82.0,0.0,0.0,0.0,0.0,0.0,0.0,0.0,12.0,257.9,1.6,2.9,114.0,1005.7,1005.7,2.7,4.8
2024-07-08 03:40:00+02:00,14.3,14.3,14.5,11.7,84.0,21.0,82.0,0.0,0.0,0.0,0.0,0.0,0.0,0.0,12.0,257.9,1.7,4.3,121.0,1005.6,1005.6,2.7,4.8
2024-07-08 03:45:00+02:00,14.2,14.2,14.6,11.8,85.0,21.0,82.0,0.0,0.0,0.0,0.0,0.0,0.0,0.0,12.0,257.9,0.9,2.9,126.0,1005.7,1005.7,2.7,4.8
2024-07-08 03:50:00+02:00,14.2,14.2,14.3,11.6,84.0,20.9,82.0,0.0,0.0,0.0,0.0,0.0,0.0,0.0,12.0,257.9,2.2,4.3,108.0,1005.7,1005.7,2.7,4.8
2024-07-08 03:55:00+02:00,14.5,14.5,14.2,11.1,80.0,20.9,82.0,0.0,0.0,0.0,0.0,0.0,0.0,0.0,12.0,257.9,3.4,7.9,118.0,1005.6,1005.6,2.7,4.8
2024-07-08 04:00:00+02:00,14.8,14.8,15.2,11.3,79.0,20.9,82.0,0.0,0.0,0.0,0.0,0.0,0.0,0.0,12.0,257.9,0.4,4.3,114.0,1005.8,1005.8,2.7,4.8
2024-07-08 04:05:00+02:00,14.7,14.7,14.7,11.1,79.0,20.8,82.0,0.0,0.0,0.0,0.0,0.0,0.0,0.0,12.0,257.9,2.0,3.2,133.0,1005.7,1005.7,2.7,4.8
2024-07-08 04:10:00+02:00,14.6,14.6,14.6,11.0,79.0,20.8,82.0,0.0,0.0,0.0,0.0,0.0,0.0,0.0,12.0,257.9,1.8,2.9,106.0,1005.8,1005.8,2.7,4.8
2024-07-08 04:15:00+02:00,14.4,14.4,14.3,11.3,81.0,20.8,82.0,0.0,0.0,0.0,0.0,0.0,0.0,0.0,12.0,257.9,2.7,5.0,120.0,1005.8,1005.8,2.7,4.8
2024-07-08 04:20:00+02:00,14.2,14.2,14.3,11.2,82.0,20.7,81.0,0.0,0.0,0.0,0.0,0.0,0.0,0.0,12.0,257.9,1.2,4.7,112.0,1005.9,1005.9,2.7,4.8
2024-07-08 04:25:00+02:00,14.0,14.0,14.1,11.1,83.0,20.7,81.0,0.0,0.0,0.0,0.0,0.0,0.0,0.0,12.0,257.9,1.4,2.9,114.0,1006.0,1006.0,2.7,4.8
2024-07-08 04:30:00+02:00,13.7,13.7,13.7,11.1,84.0,20.7,81.0,0.0,0.0,0.0,0.0,0.0,0.0,0.0,12.0,257.9,1.9,3.6,119.0,1006.1,1006.1,2.7,4.8
2024-07-08 04:35:00+02:00,13.7,13.7,13.6,11.0,84.0,20.6,81.0,0.0,0.0,0.0,0.0,0.0,0.0,0.0,12.0,257.9,2.3,3.6,110.0,1006.1,1006.1,2.7,4.8
2024-07-08 04:40:00+02:00,13.6,13.6,13.4,10.9,84.0,20.6,81.0,0.0,0.0,0.0,0.0,0.0,0.0,0.0,12.0,257.9,2.7,4.3,122.0,1006.0,1006.0,2.7,4.8
2024-07-08 04:45:00+02:00,13.5,13.5,13.3,10.7,83.0,20.5,81.0,0.0,0.0,0.0,0.0,0.0,0.0,0.0,12.0,257.9,1.9,3.6,121.0,1006.1,1006.1,2.7,4.8
2024-07-08 04:50:00+02:00,13.3,13.3,13.4,10.6,84.0,20.5,81.0,0.1,0.0,0.0,0.0,0.0,0.0,0.0,12.0,257.9,0.8,2.9,131.0,1006.2,1006.2,2.7,4.8
2024-07-08 04:55:00+02:00,13.3,13.3,13.1,10.6,84.0,20.4,81.0,0.2,0.0,0.0,0.0,0.0,0.0,0.0,12.0,257.9,2.0,3.2,110.0,1006.2,1006.2,2.7,4.8
2024-07-08 05:00:00+02:00,13.3,13.3,12.9,10.6,84.0,20.3,81.0,0.3,0.0,0.0,0.0,0.0,0.0,0.0,12.0,257.9,3.0,4.0,121.0,1006.3,1006.3,2.7,4.8
2024-07-08 05:05:00+02:00,13.3,13.3,12.9,10.5,83.0,20.3,81.0,0.5,0.0,0.0,0.0,0.0,0.0,0.0,12.0,257.9,3.0,4.0,120.0,1006.4,1006.4,2.7,4.8
2024-07-08 05:10:00+02:00,13.4,13.4,13.1,10.5,83.0,20.3,81.0,0.7,0.0,0.0,0.0,0.0,0.0,0.0,12.0,257.9,2.7,4.0,115.0,1006.4,1006.4,2.7,4.8
2024-07-08 05:15:00+02:00,13.6,13.6,13.3,10.6,82.0,20.2,81.0,1.2,0.0,0.0,0.0,0.0,0.0,0.0,12.0,257.9,2.4,4.7,118.0,1006.5,1006.5,2.7,4.7
2024-07-08 05:20:00+02:00,13.8,13.8,13.4,10.5,81.0,20.1,81.0,2.0,0.0,0.0,0.0,0.0,0.0,0.0,12.0,257.9,2.9,4.7,115.0,1006.4,1006.4,2.7,4.7
2024-07-08 05:25:00+02:00,14.0,14.0,13.5,10.6,80.0,20.1,81.0,2.9,0.0,0.0,0.0,0.0,0.0,0.0,12.0,257.9,3.7,5.4,122.0,1006.5,1006.5,2.7,4.7
2024-07-08 05:30:00+02:00,14.1,14.1,13.7,10.6,79.0,20.0,81.0,3.8,0.0,0.0,0.0,0.0,0.0,0.0,12.0,257.9,3.0,5.0,117.0,1006.6,1006.6,2.7,4.7
2024-07-08 05:35:00+02:00,14.1,14.1,14.0,10.6,79.0,20.0,81.0,4.3,0.0,0.0,0.0,0.0,0.0,0.0,12.0,257.9,1.6,3.6,124.0,1006.5,1006.5,2.7,4.7
2024-07-08 05:40:00+02:00,14.0,14.0,13.9,10.8,81.0,20.0,81.0,5.0,0.0,0.0,0.0,0.0,0.0,0.0,12.0,257.9,2.0,4.0,111.0,1006.6,1006.6,2.7,4.7
2024-07-08 05:45:00+02:00,13.9,13.9,13.7,10.7,81.0,19.9,81.0,5.4,0.0,0.0,0.0,0.0,0.0,0.0,12.0,257.9,2.4,4.0,100.0,1006.6,1006.6,2.7,4.7
2024-07-08 05:50:00+02:00,13.9,13.9,13.7,10.8,81.0,19.9,81.0,6.2,0.0,0.0,0.0,0.0,0.0,0.0,12.0,257.9,2.4,4.0,110.0,1006.6,1006.6,2.7,4.7
2024-07-08 05:55:00+02:00,13.9,13.9,13.9,10.8,81.0,19.8,81.0,7.6,0.0,0.0,0.0,0.0,0.0,0.0,12.0,257.9,1.3,4.0,113.0,1006.6,1006.6,2.7,4.7
2024-07-08 06:00:00+02:00,13.9,13.9,13.8,10.8,81.0,19.8,81.0,7.7,0.0,0.0,0.0,0.0,0.0,0.0,12.0,257.9,1.6,2.5,108.0,1006.7,1006.7,2.7,4.7
2024-07-08 06:05:00+02:00,13.9,13.9,13.9,11.0,83.0,19.8,81.0,9.0,0.0,0.0,0.0,0.0,0.0,0.0,12.0,257.9,1.7,3.6,101.0,1006.7,1006.7,2.7,4.7
2024-07-08 06:10:00+02:00,13.9,13.9,13.7,11.2,84.0,19.8,81.0,9.8,0.0,0.0,0.0,0.0,0.0,0.0,12.0,257.9,2.8,4.0,104.0,1006.6,1006.6,2.7,4.7
2024-07-08 06:15:00+02:00,13.9,13.9,13.9,11.1,83.0,19.8,81.0,11.9,0.0,0.0,0.0,0.0,0.0,0.0,12.0,257.9,1.6,3.6,103.0,1006.7,1006.7,2.7,4.7
2024-07-08 06:20:00+02:00,14.0,14.0,13.9,11.1,83.0,19.7,81.0,17.8,0.0,0.0,0.0,0.0,0.0,0.0,12.0,257.9,2.6,4.0,109.0,1006.8,1006.8,2.7,4.7
2024-07-08 06:25:00+02:00,14.1,14.1,13.9,11.1,82.0,19.7,81.0,19.6,0.0,0.0,0.0,0.0,0.0,0.0,12.0,257.9,2.6,4.0,100.0,1006.9,1006.9,2.7,4.7
2024-07-08 06:30:00+02:00,14.1,14.1,13.9,11.2,83.0,19.7,82.0,23.8,0.0,0.0,0.0,0.0,0.0,0.0,12.0,257.9,3.0,4.0,106.0,1007.0,1007.0,2.7,4.7
2024-07-08 06:35:00+02:00,14.2,14.2,13.8,11.1,81.0,19.7,82.0,28.2,0.0,0.0,0.0,0.0,0.0,0.0,12.0,257.9,3.7,5.0,112.0,1006.9,1006.9,2.7,4.7
2024-07-08 06:40:00+02:00,14.4,14.4,14.1,11.1,81.0,19.6,82.0,28.6,0.0,0.0,0.0,0.0,0.0,0.0,12.0,257.9,3.5,5.0,110.0,1007.0,1007.0,2.7,4.7
2024-07-08 06:45:00+02:00,14.4,14.4,14.3,11.1,81.0,19.6,82.0,30.5,0.0,0.0,0.0,0.0,0.0,0.0,12.0,257.9,2.2,4.3,113.0,1007.0,1007.0,2.7,4.7
2024-07-08 06:50:00+02:00,14.5,14.5,14.3,11.1,80.0,19.6,82.0,44.2,0.0,0.0,0.0,0.0,0.0,0.0,12.0,257.9,2.8,4.0,127.0,1007.0,1007.0,2.7,4.7
2024-07-08 06:55:00+02:00,14.6,14.6,14.3,11.0,79.0,19.6,82.0,44.4,0.0,0.0,0.0,0.0,0.0,0.0,12.0,257.9,3.5,5.4,114.0,1007.1,1007.1,2.7,4.7
2024-07-08 07:00:00+02:00,14.8,14.8,14.6,11.2,79.0,19.6,82.0,42.7,0.0,0.0,0.0,0.0,0.0,0.0,12.0,257.9,3.0,5.4,133.0,1007.2,1007.2,2.7,4.7
2024-07-08 07:05:00+02:00,14.8,14.8,14.8,11.4,80.0,19.6,82.0,46.3,0.0,0.0,0.0,0.0,0.0,0.0,12.0,257.9,2.3,4.0,134.0,1007.2,1007.2,2.7,4.7
2024-07-08 07:10:00+02:00,15.0,15.0,14.7,11.1,78.0,19.6,82.0,50.3,0.0,0.0,0.0,0.0,0.0,0.0,12.0,257.9,3.1,4.7,123.0,1007.3,1007.3,2.7,4.7
2024-07-08 07:15:00+02:00,15.2,15.2,14.9,11.2,77.0,19.6,82.0,59.3,0.0,0.0,0.0,0.0,0.0,0.0,12.0,257.9,3.2,5.0,124.0,1007.4,1007.4,2.7,4.7
2024-07-08 07:20:00+02:00,15.3,15.3,15.1,11.1,76.0,19.6,82.0,68.4,0.0,0.0,0.0,0.0,0.0,0.0,12.0,257.9,2.7,6.1,114.0,1007.4,1007.4,2.7,4.7
2024-07-08 07:25:00+02:00,15.4,15.4,15.5,11.3,76.0,19.6,82.0,75.0,0.0,0.0,0.0,0.0,0.0,0.0,12.0,257.9,1.6,4.3,123.0,1007.3,1007.3,2.7,4.8
2024-07-08 07:30:00+02:00,15.5,15.5,15.6,11.5,77.0,19.6,82.0,75.2,0.0,0.0,0.0,0.0,0.0,0.0,12.0,257.9,1.9,3.2,117.0,1007.5,1007.5,2.7,4.8
2024-07-08 07:35:00+02:00,15.6,15.6,15.6,11.2,75.0,19.7,82.0,74.7,0.0,0.0,0.0,0.0,0.0,0.0,12.0,257.9,2.2,4.0,115.0,1007.5,1007.5,2.7,4.8
2024-07-08 07:40:00+02:00,15.8,15.8,15.8,11.3,75.0,19.7,83.0,66.7,0.0,0.0,0.0,0.0,0.0,0.0,12.0,257.9,2.0,3.6,125.0,1007.4,1007.4,2.7,4.8
2024-07-08 07:45:00+02:00,15.8,15.8,15.7,11.4,75.0,19.7,83.0,85.1,0.0,0.0,0.0,0.0,0.0,0.0,12.0,257.9,2.7,4.3,121.0,1007.5,1007.5,2.7,4.8
2024-07-08 07:50:00+02:00,15.8,15.8,15.5,11.5,75.0,19.7,83.0,92.4,0.0,0.0,0.0,0.0,0.0,0.0,12.0,257.9,4.0,7.2,118.0,1007.5,1007.5,2.7,4.8
2024-07-08 07:55:00+02:00,15.8,15.8,15.9,11.4,75.0,19.8,83.0,90.3,0.0,0.0,0.0,0.0,0.0,0.0,12.0,257.9,2.1,7.2,125.0,1007.5,1007.5,2.7,4.8
2024-07-08 08:00:00+02:00,16.0,16.0,16.2,11.5,74.0,19.8,83.0,113.1,1.0,0.0,0.0,0.0,0.0,0.0,12.0,257.9,1.2,4.7,120.0,1007.6,1007.6,2.7,4.8
2024-07-08 08:05:00+02:00,16.2,16.2,15.9,11.3,73.0,19.9,83.0,112.2,1.0,0.0,0.0,0.0,0.0,0.0,12.0,257.9,3.2,6.1,103.0,1007.6,1007.6,2.7,4.9
2024-07-08 08:10:00+02:00,16.2,16.2,15.7,11.2,72.0,19.9,83.0,103.8,0.0,0.0,0.0,0.0,0.0,0.0,12.0,257.9,4.6,6.8,113.0,1007.6,1007.6,2.7,4.9
2024-07-08 08:15:00+02:00,16.3,16.3,15.9,11.6,74.0,20.0,83.0,104.0,0.0,0.0,0.0,0.0,0.0,0.0,12.0,257.9,4.5,8.6,128.0,1007.6,1007.6,2.7,4.9
2024-07-08 08:20:00+02:00,16.2,16.2,15.5,11.2,72.0,20.1,83.0,84.4,0.0,0.0,0.0,0.0,0.0,0.0,12.0,257.9,5.5,9.4,123.0,1007.7,1007.7,2.7,4.9
2024-07-08 08:25:00+02:00,16.3,16.3,16.3,11.5,73.0,20.2,84.0,95.4,0.0,0.0,0.0,0.0,0.0,0.0,12.0,257.9,2.4,6.8,134.0,1007.7,1007.7,2.7,4.9
2024-07-08 08:30:00+02:00,16.6,16.6,16.4,11.5,72.0,20.2,84.0,282.8,2.0,0.0,0.0,0.0,0.0,0.0,12.0,257.9,3.5,6.8,114.0,1007.8,1007.8,2.7,4.9
2024-07-08 08:35:00+02:00,17.0,17.0,16.8,11.6,70.0,20.3,84.0,213.3,1.0,0.0,0.0,0.0,0.0,0.0,12.0,257.9,3.6,7.2,121.0,1007.9,1007.9,2.7,5.0
2024-07-08 08:40:00+02:00,16.9,16.9,16.8,11.6,71.0,20.4,84.0,269.4,2.0,0.0,0.0,0.0,0.0,0.0,12.0,257.9,3.0,6.5,142.0,1007.9,1007.9,2.7,5.0
2024-07-08 08:45:00+02:00,17.2,17.2,17.0,11.4,69.0,20.5,84.0,269.9,2.0,0.0,0.0,0.0,0.0,0.0,12.0,257.9,3.4,6.8,112.0,1007.8,1007.8,2.7,5.1
2024-07-08 08:50:00+02:00,17.8,17.8,17.7,11.5,67.0,20.6,84.0,289.6,2.0,0.0,0.0,0.0,0.0,0.0,12.0,257.9,3.0,9.4,93.0,1007.9,1007.9,2.7,5.1
2024-07-08 08:55:00+02:00,18.5,18.5,18.9,11.9,65.0,20.7,84.0,290.0,2.0,0.0,0.0,0.0,0.0,0.0,12.0,257.9,1.1,4.7,142.0,1007.9,1007.9,2.7,5.2
2024-07-08 09:00:00+02:00,19.1,19.1,19.2,11.7,62.0,20.8,84.0,302.1,2.0,0.0,0.0,0.0,0.0,0.0,12.0,257.9,2.5,5.4,118.0,1008.0,1008.0,2.7,5.2
2024-07-08 09:05:00+02:00,19.2,19.2,19.1,11.1,60.0,21.1,84.0,338.0,3.0,0.0,0.0,0.0,0.0,0.0,12.0,257.9,2.4,7.9,263.0,1007.9,1007.9,2.7,5.2
2024-07-08 09:10:00+02:00,19.5,19.5,19.1,10.7,57.0,21.3,84.0,348.9,3.0,0.0,0.0,0.0,0.0,0.0,12.0,257.9,3.2,8.6,92.0,1008.1,1008.1,2.7,5.2
2024-07-08 09:15:00+02:00,19.4,19.4,19.0,10.8,57.0,21.6,83.0,248.2,2.0,0.0,0.0,0.0,0.0,0.0,12.0,257.9,3.4,7.2,120.0,1008.0,1008.0,2.7,5.2
2024-07-08 09:20:00+02:00,19.1,19.1,18.8,10.8,59.0,21.7,84.0,294.9,2.0,0.0,0.0,0.0,0.0,0.0,12.0,257.9,2.7,5.8,127.0,1008.0,1008.0,2.7,5.2
2024-07-08 09:25:00+02:00,19.0,19.0,18.7,10.8,59.0,21.9,84.0,399.8,3.0,0.0,0.0,0.0,0.0,0.0,12.0,257.9,2.6,8.3,133.0,1008.0,1008.0,2.7,5.2
2024-07-08 09:30:00+02:00,19.3,19.3,19.0,10.6,57.0,22.1,84.0,427.6,3.0,0.0,0.0,0.0,0.0,0.0,12.0,257.9,2.5,4.7,142.0,1008.0,1008.0,2.7,5.2
2024-07-08 09:35:00+02:00,19.9,19.9,19.8,11.0,56.0,22.4,83.0,418.1,3.0,0.0,0.0,0.0,0.0,0.0,12.0,257.9,2.5,5.8,133.0,1008.0,1008.0,2.7,5.3
2024-07-08 09:40:00+02:00,19.9,19.9,19.7,10.6,55.0,22.6,83.0,405.4,3.0,0.0,0.0,0.0,0.0,0.0,12.0,257.9,2.1,5.8,73.0,1008.1,1008.1,2.7,5.3
2024-07-08 09:45:00+02:00,19.3,19.3,18.7,10.8,58.0,22.8,83.0,397.7,3.0,0.0,0.0,0.0,0.0,0.0,12.0,257.9,4.3,10.4,118.0,1008.1,1008.1,2.7,5.3
2024-07-08 09:50:00+02:00,20.2,20.2,20.1,10.3,53.0,23.1,83.0,409.6,3.0,0.0,0.0,0.0,0.0,0.0,12.0,257.9,1.4,5.0,241.0,1008.2,1008.2,2.7,5.3
2024-07-08 09:55:00+02:00,21.0,21.0,20.7,10.7,52.0,23.4,82.0,458.2,4.0,0.0,0.0,0.0,0.0,0.0,12.0,257.9,3.0,7.6,288.0,1008.2,1008.2,2.7,5.3
2024-07-08 10:00:00+02:00,21.6,21.6,21.3,10.6,50.0,23.7,82.0,474.4,4.0,0.0,0.0,0.0,0.0,0.0,12.0,257.9,2.7,9.7,150.0,1008.1,1008.1,2.7,5.3
2024-07-08 10:05:00+02:00,20.0,20.0,18.9,10.7,55.0,23.9,81.0,435.3,4.0,0.0,0.0,0.0,0.0,0.0,12.0,257.9,7.1,10.4,128.0,1008.1,1008.1,2.7,5.3
2024-07-08 10:10:00+02:00,19.3,19.3,18.7,10.2,56.0,24.2,81.0,487.7,4.0,0.0,0.0,0.0,0.0,0.0,12.0,257.9,3.3,8.3,103.0,1008.1,1008.1,2.7,5.3
2024-07-08 10:15:00+02:00,19.8,19.8,19.1,10.5,55.0,24.4,80.0,496.1,4.0,0.0,0.0,0.0,0.0,0.0,12.0,257.9,5.0,10.1,121.0,1008.1,1008.1,2.7,5.3
2024-07-08 10:20:00+02:00,20.5,20.5,20.5,11.0,54.0,24.6,80.0,503.9,4.0,0.0,0.0,0.0,0.0,0.0,12.0,257.9,1.8,10.8,131.0,1008.2,1008.2,2.7,5.3
2024-07-08 10:25:00+02:00,22.4,22.4,22.1,10.8,48.0,24.8,80.0,504.6,4.0,0.0,0.0,0.0,0.0,0.0,12.0,257.9,2.5,5.0,165.0,1008.1,1008.1,2.7,5.3
2024-07-08 10:30:00+02:00,22.1,22.1,21.7,11.0,49.0,25.1,79.0,405.0,3.0,0.0,0.0,0.0,0.0,0.0,12.0,257.9,3.6,11.5,159.0,1008.1,1008.1,2.7,5.3
2024-07-08 10:35:00+02:00,20.9,20.9,20.1,10.6,52.0,25.3,79.0,553.6,5.0,0.0,0.0,0.0,0.0,0.0,12.0,257.9,5.3,14.8,139.0,1008.1,1008.1,2.7,5.3
2024-07-08 10:40:00+02:00,20.1,20.1,18.4,10.1,53.0,25.6,78.0,538.4,5.0,0.0,0.0,0.0,0.0,0.0,12.0,257.9,8.8,14.8,126.0,1008.1,1008.1,2.7,5.3
2024-07-08 10:45:00+02:00,19.7,19.7,18.2,10.5,55.0,25.8,78.0,590.8,5.0,0.0,0.0,0.0,0.0,0.0,12.0,257.9,8.4,14.4,128.0,1008.2,1008.2,2.7,5.3
2024-07-08 10:50:00+02:00,20.2,20.2,19.2,10.2,53.0,26.0,78.0,560.0,5.0,0.0,0.0,0.0,0.0,0.0,12.0,257.9,5.8,16.6,122.0,1008.3,1008.3,2.7,5.3
2024-07-08 10:55:00+02:00,19.8,19.8,18.2,9.8,53.0,26.2,78.0,556.6,5.0,0.0,0.0,0.0,0.0,0.0,12.0,257.9,8.0,16.6,124.0,1008.4,1008.4,2.7,5.3
2024-07-08 11:00:00+02:00,20.4,20.4,19.4,10.3,52.0,26.4,78.0,514.5,4.0,0.0,0.0,0.0,0.0,0.0,12.0,257.9,6.1,14.4,122.0,1008.4,1008.4,2.7,5.3
2024-07-08 11:05:00+02:00,21.0,21.0,19.9,9.8,49.0,26.6,78.0,535.0,4.0,0.0,0.0,0.0,0.0,0.0,12.0,257.9,5.5,11.9,138.0,1008.2,1008.2,2.7,5.3
2024-07-08 11:10:00+02:00,21.2,21.2,19.9,10.3,50.0,26.8,78.0,554.2,5.0,0.0,0.0,0.0,0.0,0.0,12.0,257.9,7.8,19.8,106.0,1008.2,1008.2,2.7,5.3
2024-07-08 11:15:00+02:00,20.7,20.7,19.9,10.1,51.0,27.0,77.0,486.5,4.0,0.0,0.0,0.0,0.0,0.0,12.0,257.9,4.3,12.2,181.0,1008.2,1008.2,2.7,5.3
2024-07-08 11:20:00+02:00,21.6,21.6,21.1,10.0,48.0,27.2,77.0,612.7,5.0,0.0,0.0,0.0,0.0,0.0,12.0,257.9,3.1,7.9,201.0,1008.2,1008.2,2.7,5.3
2024-07-08 11:25:00+02:00,22.7,22.7,22.3,10.4,46.0,27.4,77.0,596.5,5.0,0.0,0.0,0.0,0.0,0.0,12.0,257.9,2.4,9.4,189.0,1008.2,1008.2,2.7,5.3
2024-07-08 11:30:00+02:00,22.5,22.5,22.3,10.7,47.0,27.7,77.0,580.6,5.0,0.0,0.0,0.0,0.0,0.0,12.0,257.9,2.2,10.1,194.0,1008.1,1008.1,2.7,5.3
2024-07-08 11:35:00+02:00,21.9,21.9,20.6,10.5,48.0,27.9,77.0,570.0,5.0,0.0,0.0,0.0,0.0,0.0,12.0,257.9,7.6,15.5,108.0,1008.2,1008.2,2.7,5.3
2024-07-08 11:40:00+02:00,21.1,21.1,20.3,10.9,52.0,28.1,77.0,569.5,5.0,0.0,0.0,0.0,0.0,0.0,12.0,257.9,5.5,13.7,147.0,1008.1,1008.1,2.7,5.3
2024-07-08 11:45:00+02:00,21.6,21.6,20.7,10.3,49.0,28.2,77.0,584.7,5.0,0.0,0.0,0.0,0.0,0.0,12.0,257.9,5.3,15.1,138.0,1008.2,1008.2,2.7,5.3
2024-07-08 11:50:00+02:00,21.9,21.9,21.1,10.6,48.0,28.4,76.0,613.4,5.0,0.0,0.0,0.0,0.0,0.0,12.0,257.9,5.2,18.0,129.0,1008.2,1008.2,2.7,5.3
2024-07-08 11:55:00+02:00,21.0,21.0,19.4,10.4,50.0,28.6,76.0,619.2,5.0,0.0,0.0,0.0,0.0,0.0,12.0,257.9,9.4,15.1,135.0,1008.3,1008.3,2.7,5.3
2024-07-08 12:00:00+02:00,21.5,21.5,21.3,10.7,50.0,28.7,76.0,620.1,5.0,0.0,0.0,0.0,0.0,0.0,12.0,257.9,2.6,11.9,109.0,1008.2,1008.2,2.7,5.3
2024-07-08 12:05:00+02:00,23.2,23.2,22.2,10.6,45.0,29.0,76.0,603.7,5.0,0.0,0.0,0.0,0.0,0.0,12.0,257.9,6.2,11.2,188.0,1008.3,1008.3,2.7,5.3
2024-07-08 12:10:00+02:00,22.2,22.2,20.7,10.5,47.0,29.2,75.0,601.5,5.0,0.0,0.0,0.0,0.0,0.0,12.0,257.9,8.6,16.2,135.0,1008.2,1008.2,2.7,5.3
2024-07-08 12:15:00+02:00,21.6,21.6,20.2,10.5,49.0,29.3,75.0,625.6,5.0,0.0,0.0,0.0,0.0,0.0,12.0,257.9,7.9,18.4,128.0,1008.1,1008.1,2.7,5.3
2024-07-08 12:20:00+02:00,21.8,21.8,21.3,10.5,49.0,29.4,75.0,640.4,5.0,0.0,0.0,0.0,0.0,0.0,12.0,257.9,3.5,12.2,129.0,1008.1,1008.1,2.7,5.3
2024-07-08 12:25:00+02:00,22.3,22.3,21.2,10.6,48.0,29.6,75.0,625.1,5.0,0.0,0.0,0.0,0.0,0.0,12.0,257.9,7.1,13.3,132.0,1008.1,1008.1,2.7,5.3
2024-07-08 12:30:00+02:00,21.9,21.9,21.3,10.4,48.0,29.7,75.0,629.8,5.0,0.0,0.0,0.0,0.0,0.0,12.0,257.9,3.9,13.3,113.0,1008.1,1008.1,2.7,5.3
2024-07-08 12:35:00+02:00,22.6,22.6,21.9,10.5,46.0,29.8,75.0,641.8,5.0,0.0,0.0,0.0,0.0,0.0,12.0,257.9,4.5,9.7,140.0,1008.1,1008.1,2.7,5.3
2024-07-08 12:40:00+02:00,24.0,24.0,23.8,11.5,45.0,30.0,75.0,657.1,6.0,0.0,0.0,0.0,0.0,0.0,12.0,257.9,3.6,12.6,96.0,1008.2,1008.2,2.7,5.3
2024-07-08 12:45:00+02:00,23.7,23.7,22.9,9.9,42.0,30.1,75.0,686.3,6.0,0.0,0.0,0.0,0.0,0.0,12.0,257.9,4.2,7.9,271.0,1008.1,1008.1,2.7,5.3
2024-07-08 12:50:00+02:00,24.3,24.3,23.9,10.7,42.0,30.2,75.0,449.8,4.0,0.0,0.0,0.0,0.0,0.0,12.0,257.9,3.0,9.7,253.0,1008.2,1008.2,2.7,5.3
2024-07-08 12:55:00+02:00,23.9,23.9,23.7,10.7,43.0,30.4,74.0,448.8,4.0,0.0,0.0,0.0,0.0,0.0,12.0,257.9,2.3,8.3,299.0,1008.1,1008.1,2.7,5.3
2024-07-08 13:00:00+02:00,23.9,23.9,23.7,10.6,43.0,30.5,74.0,651.2,6.0,0.0,0.0,0.0,0.0,0.0,12.0,257.9,1.8,5.8,70.0,1008.1,1008.1,2.7,5.3
2024-07-08 13:05:00+02:00,22.7,22.7,21.8,10.6,46.0,30.6,74.0,530.5,4.0,0.0,0.0,0.0,0.0,0.0,12.0,257.9,6.0,11.2,130.0,1008.1,1008.1,2.7,5.3
2024-07-08 13:10:00+02:00,22.7,22.7,22.2,10.8,47.0,30.6,74.0,557.5,5.0,0.0,0.0,0.0,0.0,0.0,12.0,257.9,3.9,10.8,36.0,1008.0,1008.0,2.7,5.3
2024-07-08 13:15:00+02:00,22.1,22.1,21.6,10.2,47.0,30.7,74.0,192.3,1.0,0.0,0.0,0.0,0.0,0.0,12.0,257.9,3.2,10.8,281.0,1008.1,1008.1,2.7,5.3
2024-07-08 13:20:00+02:00,22.7,22.7,22.3,10.1,45.0,30.7,74.0,692.4,6.0,0.0,0.0,0.0,0.0,0.0,12.0,257.9,2.4,7.6,339.0,1008.0,1008.0,2.7,5.3
2024-07-08 13:25:00+02:00,23.5,23.5,23.1,10.4,44.0,30.7,74.0,658.2,6.0,0.0,0.0,0.0,0.0,0.0,12.0,257.9,2.7,8.6,309.0,1007.9,1007.9,2.7,5.3
2024-07-08 13:30:00+02:00,23.6,23.6,23.0,11.3,46.0,30.8,74.0,732.0,6.0,0.0,0.0,0.0,0.0,0.0,12.0,257.9,5.4,9.7,142.0,1008.0,1008.0,2.7,5.3
2024-07-08 13:35:00+02:00,24.0,24.0,23.3,10.7,43.0,30.8,74.0,730.2,6.0,0.0,0.0,0.0,0.0,0.0,12.0,257.9,4.3,14.8,164.0,1007.9,1007.9,2.7,5.3
2024-07-08 13:40:00+02:00,23.9,23.9,23.0,10.7,44.0,30.9,74.0,693.0,6.0,0.0,0.0,0.0,0.0,0.0,12.0,257.9,5.8,14.0,129.0,1008.0,1008.0,2.7,5.3
2024-07-08 13:45:00+02:00,25.0,25.0,24.6,10.2,39.0,31.0,73.0,786.2,7.0,0.0,0.0,0.0,0.0,0.0,12.0,257.9,2.7,7.9,243.0,1008.0,1008.0,2.7,5.3
2024-07-08 13:50:00+02:00,26.1,26.1,25.7,10.6,38.0,31.2,73.0,743.6,6.0,0.0,0.0,0.0,0.0,0.0,12.0,257.9,3.4,14.0,233.0,1007.8,1007.8,2.7,5.3
2024-07-08 13:55:00+02:00,26.4,26.3,25.8,10.7,38.0,31.3,73.0,781.5,7.0,0.0,0.0,0.0,0.0,0.0,12.0,257.9,4.4,15.1,264.0,1007.8,1007.8,2.7,5.3
2024-07-08 14:00:00+02:00,26.2,26.2,26.0,10.9,38.0,31.5,73.0,396.0,3.0,0.0,0.0,0.0,0.0,0.0,12.0,257.9,2.8,5.8,122.0,1007.9,1007.9,2.7,5.3
2024-07-08 14:05:00+02:00,25.1,25.1,25.2,10.7,40.0,31.5,74.0,292.7,2.0,0.0,0.0,0.0,0.0,0.0,12.0,257.9,0.9,4.3,232.0,1008.0,1008.0,2.7,5.3
2024-07-08 14:10:00+02:00,24.4,24.4,23.6,11.3,44.0,31.4,75.0,628.9,5.0,0.0,0.0,0.0,0.0,0.0,12.0,257.9,6.3,10.8,136.0,1007.9,1007.9,2.7,5.3
2024-07-08 14:15:00+02:00,23.0,23.0,22.3,10.4,45.0,31.5,75.0,350.5,3.0,0.0,0.0,0.0,0.0,0.0,12.0,257.9,4.3,11.5,149.0,1008.0,1008.0,2.7,5.3
2024-07-08 14:20:00+02:00,23.0,23.0,22.2,10.8,46.0,31.5,75.0,566.9,5.0,0.0,0.0,0.0,0.0,0.0,12.0,257.9,5.3,11.5,109.0,1007.9,1007.9,2.7,5.3
2024-07-08 14:25:00+02:00,24.0,24.0,23.8,11.2,45.0,31.5,75.0,653.0,6.0,0.0,0.0,0.0,0.0,0.0,12.0,257.9,3.2,7.9,122.0,1007.9,1007.9,2.7,5.3
2024-07-08 14:30:00+02:00,23.8,23.8,23.3,10.8,44.0,31.6,76.0,645.2,5.0,0.0,0.0,0.0,0.0,0.0,12.0,257.9,4.2,10.8,115.0,1007.8,1007.8,2.7,5.3
2024-07-08 14:35:00+02:00,23.5,23.5,23.0,10.0,43.0,31.6,76.0,666.9,6.0,0.0,0.0,0.0,0.0,0.0,12.0,257.9,2.8,6.1,150.0,1007.8,1007.8,2.7,5.3
2024-07-08 14:40:00+02:00,24.9,24.9,24.3,10.7,41.0,31.7,76.0,657.1,6.0,0.0,0.0,0.0,0.0,0.0,12.0,257.9,4.5,19.8,255.0,1007.8,1007.8,2.7,5.3
2024-07-08 14:45:00+02:00,24.9,24.9,24.3,10.6,41.0,31.6,76.0,630.1,5.0,0.0,0.0,0.0,0.0,0.0,12.0,257.9,4.5,20.2,265.0,1007.8,1007.8,2.7,5.3
2024-07-08 14:50:00+02:00,26.1,26.1,26.1,11.2,39.0,31.7,76.0,712.1,6.0,0.0,0.0,0.0,0.0,0.0,12.0,257.9,2.0,7.6,190.0,1007.8,1007.8,2.7,5.3
2024-07-08 14:55:00+02:00,26.1,26.0,25.8,11.3,40.0,31.7,76.0,669.8,6.0,0.0,0.0,0.0,0.0,0.0,12.0,257.9,3.2,7.9,183.0,1007.9,1007.9,2.7,5.3
2024-07-08 15:00:00+02:00,26.8,26.7,26.3,10.9,37.0,31.7,77.0,721.2,6.0,0.0,0.0,0.0,0.0,0.0,12.0,257.9,4.2,14.4,243.0,1007.8,1007.8,2.7,5.3
2024-07-08 15:05:00+02:00,25.9,25.9,24.7,10.8,39.0,31.8,77.0,655.2,6.0,0.0,0.0,0.0,0.0,0.0,12.0,257.9,7.4,17.3,259.0,1007.8,1007.8,2.7,5.3
2024-07-08 15:10:00+02:00,25.1,25.1,24.9,11.8,43.0,31.8,77.0,692.9,6.0,0.0,0.0,0.0,0.0,0.0,12.0,257.9,4.4,15.8,130.0,1007.8,1007.8,2.7,5.3
2024-07-08 15:15:00+02:00,24.2,24.2,23.4,10.4,42.0,31.9,77.0,518.6,4.0,0.0,0.0,0.0,0.0,0.0,12.0,257.9,5.2,13.3,167.0,1007.9,1007.9,2.7,5.3
2024-07-08 15:20:00+02:00,24.5,24.5,23.7,10.3,41.0,31.9,77.0,357.8,3.0,0.0,0.0,0.0,0.0,0.0,12.0,257.9,4.5,10.8,283.0,1007.7,1007.7,2.7,5.3
2024-07-08 15:25:00+02:00,24.2,24.2,23.4,10.4,42.0,31.9,77.0,277.9,2.0,0.0,0.0,0.0,0.0,0.0,12.0,257.9,4.9,11.5,236.0,1007.6,1007.6,2.7,5.3
2024-07-08 15:30:00+02:00,24.7,24.7,23.9,11.0,42.0,31.9,77.0,556.3,5.0,0.0,0.0,0.0,0.0,0.0,12.0,257.9,5.4,11.2,271.0,1007.7,1007.7,2.7,5.3
2024-07-08 15:35:00+02:00,24.7,24.7,24.7,11.2,43.0,31.9,77.0,604.3,5.0,0.0,0.0,0.0,0.0,0.0,12.0,257.9,1.8,10.8,114.0,1007.7,1007.7,2.7,5.3
2024-07-08 15:40:00+02:00,25.3,25.3,25.2,11.1,41.0,31.9,78.0,400.9,3.0,0.0,0.0,0.0,0.0,0.0,12.0,257.9,2.1,6.5,131.0,1007.7,1007.7,2.7,5.3
2024-07-08 15:45:00+02:00,25.5,25.5,25.2,11.1,41.0,31.9,78.0,290.8,2.0,0.0,0.0,0.0,0.0,0.0,12.0,257.9,3.3,8.6,158.0,1007.7,1007.7,2.7,5.3
2024-07-08 15:50:00+02:00,23.9,23.9,23.5,10.6,43.0,31.9,78.0,330.1,3.0,0.0,0.0,0.0,0.0,0.0,12.0,257.9,2.9,9.0,148.0,1007.7,1007.7,2.7,5.3
2024-07-08 15:55:00+02:00,23.2,23.2,21.8,10.9,46.0,31.8,78.0,583.7,5.0,0.0,0.0,0.0,0.0,0.0,12.0,257.9,8.7,16.9,131.0,1007.6,1007.6,2.7,5.3
2024-07-08 16:00:00+02:00,23.2,23.2,22.8,10.5,45.0,31.8,78.0,505.0,4.0,0.0,0.0,0.0,0.0,0.0,12.0,257.9,3.2,10.1,138.0,1007.7,1007.7,2.7,5.3
2024-07-08 16:05:00+02:00,23.7,23.7,23.8,10.6,44.0,31.8,78.0,399.1,3.0,0.0,0.0,0.0,0.0,0.0,12.0,257.9,0.8,6.8,187.0,1007.7,1007.7,2.7,5.3
2024-07-08 16:10:00+02:00,24.5,24.5,24.2,10.6,42.0,31.8,78.0,233.4,2.0,0.0,0.0,0.0,0.0,0.0,12.0,257.9,2.2,6.1,113.0,1007.7,1007.7,2.7,5.3
2024-07-08 16:15:00+02:00,24.5,24.5,24.4,10.4,41.0,31.7,78.0,263.3,2.0,0.0,0.0,0.0,0.0,0.0,12.0,257.9,1.5,5.0,170.0,1007.6,1007.6,2.7,5.3
2024-07-08 16:20:00+02:00,24.5,24.5,24.2,10.8,42.0,31.7,78.0,327.2,3.0,0.0,0.0,0.0,0.0,0.0,12.0,257.9,2.9,9.7,214.0,1007.6,1007.6,2.7,5.3
2024-07-08 16:25:00+02:00,23.9,23.9,22.7,10.7,43.0,31.7,79.0,328.0,3.0,0.0,0.0,0.0,0.0,0.0,12.0,257.9,7.3,14.4,282.0,1007.6,1007.6,2.7,5.3
2024-07-08 16:30:00+02:00,23.3,23.3,22.3,10.7,45.0,31.7,79.0,227.4,2.0,0.0,0.0,0.0,0.0,0.0,12.0,257.9,6.7,14.0,290.0,1007.5,1007.5,2.7,5.3
2024-07-08 16:35:00+02:00,22.9,22.9,22.7,10.9,47.0,31.6,79.0,209.6,1.0,0.0,0.0,0.0,0.0,0.0,12.0,257.9,2.7,13.0,309.0,1007.6,1007.6,2.7,5.3
2024-07-08 16:40:00+02:00,23.4,23.4,23.2,10.6,44.0,31.6,79.0,209.6,1.0,0.0,0.0,0.0,0.0,0.0,12.0,257.9,1.7,5.0,252.0,1007.5,1007.5,2.7,5.3
2024-07-08 16:45:00+02:00,23.7,23.7,24.0,11.0,45.0,31.6,79.0,188.7,1.0,0.0,0.0,0.0,0.0,0.0,12.0,257.9,0.4,3.6,167.0,1007.6,1007.6,2.7,5.3
2024-07-08 16:50:00+02:00,23.7,23.7,23.2,9.6,41.0,31.6,79.0,162.9,1.0,0.0,0.0,0.0,0.0,0.0,12.0,257.9,2.1,5.0,317.0,1007.5,1007.5,2.7,5.3
2024-07-08 16:55:00+02:00,23.3,23.3,22.8,10.6,45.0,31.5,79.0,199.6,1.0,0.0,0.0,0.0,0.0,0.0,12.0,257.9,3.5,10.1,204.0,1007.5,1007.5,2.7,5.3
2024-07-08 17:00:00+02:00,23.0,23.0,22.5,10.4,45.0,31.5,79.0,235.1,2.0,0.0,0.0,0.0,0.0,0.0,12.0,257.9,3.3,9.7,304.0,1007.5,1007.5,2.7,5.3
2024-07-08 17:05:00+02:00,23.3,23.3,23.2,10.7,45.0,31.4,79.0,195.3,1.0,0.0,0.0,0.0,0.0,0.0,12.0,257.9,1.6,6.5,340.0,1007.5,1007.5,2.7,5.3
2024-07-08 17:10:00+02:00,23.7,23.7,23.9,10.6,44.0,31.4,79.0,157.3,1.0,0.0,0.0,0.0,0.0,0.0,12.0,257.9,0.0,3.6,163.0,1007.6,1007.6,2.7,5.3
2024-07-08 17:15:00+02:00,23.7,23.7,23.7,11.2,45.0,31.3,79.0,160.0,1.0,0.0,0.0,0.0,0.0,0.0,12.0,257.9,1.9,3.6,294.0,1007.5,1007.5,2.7,5.3
2024-07-08 17:20:00+02:00,23.2,23.2,23.0,10.7,45.0,31.3,79.0,166.9,1.0,0.0,0.0,0.0,0.0,0.0,12.0,257.9,2.7,6.8,280.0,1007.5,1007.5,2.7,5.3
2024-07-08 17:25:00+02:00,22.9,22.9,22.3,10.4,45.0,31.3,79.0,154.7,1.0,0.0,0.0,0.0,0.0,0.0,12.0,257.9,3.7,6.8,297.0,1007.5,1007.5,2.7,5.3
2024-07-08 17:30:00+02:00,22.9,22.9,22.9,11.2,48.0,31.2,79.0,148.8,1.0,0.0,0.0,0.0,0.0,0.0,12.0,257.9,2.0,6.8,250.0,1007.4,1007.4,2.7,5.3
2024-07-08 17:35:00+02:00,23.5,23.5,23.6,11.2,46.0,31.2,79.0,143.8,1.0,0.0,0.0,0.0,0.0,0.0,12.0,257.9,1.0,4.7,284.0,1007.4,1007.4,2.7,5.3
2024-07-08 17:40:00+02:00,23.0,23.0,22.1,10.9,46.0,31.1,80.0,112.9,1.0,0.0,0.0,0.0,0.0,0.0,12.0,257.9,6.0,9.0,294.0,1007.4,1007.4,2.7,5.3
2024-07-08 17:45:00+02:00,22.5,22.5,21.7,10.3,46.0,31.1,80.0,111.5,1.0,0.0,0.0,0.0,0.0,0.0,12.0,257.9,4.7,7.2,300.0,1007.4,1007.4,2.7,5.3
2024-07-08 17:50:00+02:00,22.5,22.5,22.3,10.6,47.0,31.0,80.0,115.1,1.0,0.0,0.0,0.0,0.0,0.0,12.0,257.9,2.3,5.8,316.0,1007.4,1007.4,2.7,5.3
2024-07-08 17:55:00+02:00,22.8,22.8,22.8,11.3,48.0,31.0,80.0,114.7,1.0,0.0,0.0,0.0,0.0,0.0,12.0,257.9,2.2,5.4,267.0,1007.5,1007.5,2.7,5.3
2024-07-08 18:00:00+02:00,23.0,23.0,23.1,11.0,47.0,30.9,80.0,110.2,1.0,0.0,0.0,0.0,0.0,0.0,12.0,257.9,1.5,3.2,332.0,1007.4,1007.4,2.7,5.3
2024-07-08 18:05:00+02:00,22.8,22.8,22.5,11.1,48.0,30.8,80.0,101.7,0.0,0.0,0.0,0.0,0.0,0.0,12.0,257.9,3.2,5.8,282.0,1007.4,1007.4,2.7,5.3
2024-07-08 18:10:00+02:00,22.6,22.6,22.4,11.0,48.0,30.8,80.0,87.2,0.0,0.0,0.0,0.0,0.0,0.0,12.0,257.9,2.4,5.0,278.0,1007.4,1007.4,2.7,5.3
2024-07-08 18:15:00+02:00,22.5,22.5,22.3,11.0,48.0,30.7,80.0,92.6,0.0,0.0,0.0,0.0,0.0,0.0,12.0,257.9,2.7,7.2,280.0,1007.4,1007.4,2.7,5.3
2024-07-08 18:20:00+02:00,22.4,22.4,22.0,11.1,49.0,30.7,80.0,105.5,0.0,0.0,0.0,0.0,0.0,0.0,12.0,257.9,4.1,9.4,292.0,1007.5,1007.5,2.7,5.3
2024-07-08 18:25:00+02:00,22.3,22.3,21.8,10.9,48.0,30.6,79.0,106.8,0.0,0.0,0.0,0.0,0.0,0.0,12.0,257.9,4.1,8.3,339.0,1007.6,1007.6,2.7,5.3
2024-07-08 18:30:00+02:00,22.3,22.3,21.8,11.1,49.0,30.6,79.0,104.6,0.0,0.0,0.0,0.0,0.0,0.0,12.0,257.9,4.7,8.3,290.0,1007.5,1007.5,2.7,5.3
2024-07-08 18:35:00+02:00,22.3,22.3,21.7,11.0,49.0,30.5,79.0,103.0,0.0,0.0,0.0,0.0,0.0,0.0,12.0,257.9,5.0,11.2,349.0,1007.5,1007.5,2.7,5.3
2024-07-08 18:40:00+02:00,22.3,22.3,22.0,11.4,50.0,30.5,79.0,98.1,0.0,0.0,0.0,0.0,0.0,0.0,12.0,257.9,3.5,7.2,299.0,1007.6,1007.6,2.7,5.3
2024-07-08 18:45:00+02:00,22.2,22.2,21.5,11.1,50.0,30.4,79.0,95.8,0.0,0.0,0.0,0.0,0.0,0.0,12.0,257.9,5.1,8.6,291.0,1007.5,1007.5,2.7,5.3
2024-07-08 18:50:00+02:00,22.1,22.1,21.3,11.2,50.0,30.3,79.0,79.5,0.0,0.0,0.0,0.0,0.0,0.0,12.0,257.9,6.0,8.6,331.0,1007.5,1007.5,2.7,5.3
2024-07-08 18:55:00+02:00,21.9,21.9,21.4,11.4,51.0,30.3,79.0,74.3,0.0,0.0,0.0,0.0,0.0,0.0,12.0,257.9,5.1,10.4,339.0,1007.6,1007.6,2.7,5.3
2024-07-08 19:00:00+02:00,21.9,21.9,21.5,11.6,52.0,30.2,79.0,74.6,0.0,0.0,0.0,0.0,0.0,0.0,12.0,257.9,4.3,10.4,330.0,1007.6,1007.6,2.7,5.3
2024-07-08 19:05:00+02:00,21.8,21.8,21.8,11.7,52.0,30.1,79.0,64.2,0.0,0.0,0.0,0.0,0.0,0.0,12.0,257.9,3.0,8.3,318.0,1007.5,1007.5,2.7,5.3
2024-07-08 19:10:00+02:00,21.8,21.8,21.5,11.7,53.0,30.0,79.0,67.2,0.0,0.0,0.0,0.0,0.0,0.0,12.0,257.9,4.0,8.3,347.0,1007.6,1007.6,2.7,5.3
2024-07-08 19:15:00+02:00,21.7,21.7,21.1,11.9,54.0,30.0,79.0,66.5,0.0,0.0,0.0,0.0,0.0,0.0,12.0,257.9,6.0,10.4,347.0,1007.6,1007.6,2.7,5.2
2024-07-08 19:20:00+02:00,21.6,21.6,21.7,11.7,53.0,29.9,79.0,56.1,0.0,0.0,0.0,0.0,0.0,0.0,12.0,257.9,2.2,8.6,336.0,1007.6,1007.6,2.7,5.2
2024-07-08 19:25:00+02:00,21.6,21.6,21.4,12.0,55.0,29.8,79.0,58.2,0.0,0.0,0.0,0.0,0.0,0.0,12.0,257.9,4.2,11.9,322.0,1007.6,1007.6,2.7,5.2
2024-07-08 19:30:00+02:00,21.5,21.5,21.3,11.9,54.0,29.8,79.0,57.5,0.0,0.0,0.0,0.0,0.0,0.0,12.0,257.9,4.0,11.9,325.0,1007.7,1007.7,2.7,5.2
2024-07-08 19:35:00+02:00,21.5,21.5,21.1,11.6,53.0,29.7,79.0,49.6,0.0,0.0,0.0,0.0,0.0,0.0,12.0,257.9,4.8,8.6,346.0,1007.7,1007.7,2.7,5.2
2024-07-08 19:40:00+02:00,21.4,21.4,21.5,11.9,54.0,29.6,79.0,44.3,0.0,0.0,0.0,0.0,0.0,0.0,12.0,257.9,2.8,9.4,267.0,1007.7,1007.7,2.7,5.2
2024-07-08 19:45:00+02:00,21.3,21.3,21.1,11.7,54.0,29.5,79.0,39.1,0.0,0.0,0.0,0.0,0.0,0.0,12.0,257.9,4.1,7.2,297.0,1007.8,1007.8,2.7,5.2
2024-07-08 19:50:00+02:00,21.3,21.3,21.1,11.6,54.0,29.4,79.0,38.6,0.0,0.0,0.0,0.0,0.0,0.0,12.0,257.9,3.7,6.8,288.0,1007.8,1007.8,2.7,5.2
2024-07-08 19:55:00+02:00,21.2,21.2,21.1,11.8,55.0,29.4,79.0,38.7,0.0,0.0,0.0,0.0,0.0,0.0,12.0,257.9,3.1,5.8,281.0,1007.7,1007.7,2.7,5.2
2024-07-08 20:00:00+02:00,21.2,21.2,21.1,11.7,55.0,29.3,79.0,30.7,0.0,0.0,0.0,0.0,0.0,0.0,12.0,257.9,3.2,5.8,311.0,1008.0,1008.0,2.7,5.2
2024-07-08 20:05:00+02:00,21.2,21.2,21.3,11.7,55.0,29.2,79.0,31.8,0.0,0.0,0.0,0.0,0.0,0.0,12.0,257.9,2.3,5.0,291.0,1008.0,1008.0,2.7,5.2
2024-07-08 20:10:00+02:00,21.1,21.1,20.9,11.7,55.0,29.1,79.0,35.5,0.0,0.0,0.0,0.0,0.0,0.0,12.0,257.9,3.7,7.9,321.0,1008.0,1008.0,2.7,5.2
2024-07-08 20:15:00+02:00,21.1,21.1,20.9,11.9,56.0,29.0,79.0,34.0,0.0,0.0,0.0,0.0,0.0,0.0,12.0,257.9,3.8,7.6,296.0,1007.9,1007.9,2.7,5.2
2024-07-08 20:20:00+02:00,20.9,20.9,21.0,12.1,57.0,29.0,79.0,30.5,0.0,0.0,0.0,0.0,0.0,0.0,12.0,257.9,2.9,6.8,307.0,1007.9,1007.9,2.7,5.2
2024-07-08 20:25:00+02:00,20.8,20.8,20.8,12.0,57.0,28.9,79.0,26.9,0.0,0.0,0.0,0.0,0.0,0.0,12.0,257.9,3.4,4.7,292.0,1008.1,1008.1,2.7,5.2
2024-07-08 20:30:00+02:00,20.8,20.8,20.9,12.2,58.0,28.8,79.0,23.5,0.0,0.0,0.0,0.0,0.0,0.0,12.0,257.9,2.8,8.3,280.0,1008.1,1008.1,2.7,5.2
2024-07-08 20:35:00+02:00,20.7,20.7,20.7,12.1,58.0,28.8,79.0,20.8,0.0,0.0,0.0,0.0,0.0,0.0,12.0,257.9,3.3,9.4,330.0,1007.9,1007.9,2.7,5.2
2024-07-08 20:40:00+02:00,20.6,20.6,20.9,12.1,58.0,28.7,79.0,18.8,0.0,0.0,0.0,0.0,0.0,0.0,12.0,257.9,2.0,7.9,292.0,1007.9,1007.9,2.7,5.2
2024-07-08 20:45:00+02:00,20.6,20.6,20.8,12.3,59.0,28.6,79.0,16.7,0.0,0.0,0.0,0.0,0.0,0.0,12.0,257.9,2.6,7.6,323.0,1007.9,1007.9,2.7,5.2
2024-07-08 20:50:00+02:00,20.6,20.6,20.9,12.3,59.0,28.5,79.0,14.6,0.0,0.0,0.0,0.0,0.0,0.0,12.0,257.9,1.8,5.4,295.0,1007.9,1007.9,2.7,5.2
2024-07-08 20:55:00+02:00,20.5,20.5,20.7,12.4,60.0,28.4,79.0,12.9,0.0,0.0,0.0,0.0,0.0,0.0,12.0,257.9,2.7,9.0,348.0,1007.9,1007.9,2.7,5.2
2024-07-08 21:00:00+02:00,20.4,20.4,20.6,12.4,60.0,28.3,79.0,11.2,0.0,0.0,0.0,0.0,0.0,0.0,12.0,257.9,2.7,5.4,271.0,1007.9,1007.9,2.7,5.2
2024-07-08 21:05:00+02:00,20.3,20.3,20.6,12.3,60.0,28.3,79.0,10.9,0.0,0.0,0.0,0.0,0.0,0.0,12.0,257.9,2.2,4.3,314.0,1008.0,1008.0,2.7,5.2
2024-07-08 21:10:00+02:00,20.3,20.3,20.5,12.3,60.0,28.2,79.0,7.9,0.0,0.0,0.0,0.0,0.0,0.0,12.0,257.9,2.6,4.3,297.0,1008.0,1008.0,2.7,5.2
2024-07-08 21:20:00+02:00,20.0,20.0,20.4,12.4,61.0,28.0,79.0,4.6,0.0,0.0,0.0,0.0,0.0,0.0,12.0,257.9,1.9,4.0,270.0,1008.0,1008.0,2.7,5.2
2024-07-08 21:25:00+02:00,20.0,20.0,20.6,12.3,61.0,28.0,79.0,4.3,0.0,0.0,0.0,0.0,0.0,0.0,12.0,257.9,0.9,3.6,282.0,1008.0,1008.0,2.7,5.2
2024-07-08 21:30:00+02:00,19.9,19.9,20.4,12.5,63.0,27.9,79.0,3.7,0.0,0.0,0.0,0.0,0.0,0.0,12.0,257.9,1.3,4.0,272.0,1007.9,1007.9,2.7,5.2
2024-07-08 21:35:00+02:00,19.8,19.8,20.2,12.4,62.0,27.8,79.0,2.6,0.0,0.0,0.0,0.0,0.0,0.0,12.0,257.9,1.7,4.3,277.0,1008.1,1008.1,2.7,5.2
2024-07-08 21:40:00+02:00,19.8,19.8,20.3,12.6,63.0,27.7,79.0,2.3,0.0,0.0,0.0,0.0,0.0,0.0,12.0,257.9,1.2,5.4,286.0,1008.1,1008.1,2.7,5.2
2024-07-08 21:45:00+02:00,19.7,19.7,20.0,12.5,63.0,27.7,79.0,1.6,0.0,0.0,0.0,0.0,0.0,0.0,12.0,257.9,2.4,4.7,272.0,1008.2,1008.2,2.7,5.2
2024-07-08 21:50:00+02:00,19.7,19.7,20.2,12.5,63.0,27.6,79.0,1.0,0.0,0.0,0.0,0.0,0.0,0.0,12.0,257.9,1.4,5.8,291.0,1008.3,1008.3,2.7,5.2
2024-07-08 21:55:00+02:00,19.6,19.6,19.9,12.4,63.0,27.5,79.0,0.7,0.0,0.0,0.0,0.0,0.0,0.0,12.0,257.9,2.3,4.0,274.0,1008.2,1008.2,2.7,5.2
2024-07-08 22:00:00+02:00,19.6,19.6,19.9,12.4,63.0,27.4,79.0,0.5,0.0,0.0,0.0,0.0,0.0,0.0,12.0,257.9,2.4,5.4,325.0,1008.3,1008.3,2.7,5.2
2024-07-08 22:05:00+02:00,19.7,19.7,20.1,12.6,64.0,27.3,79.0,0.2,0.0,0.0,0.0,0.0,0.0,0.0,12.0,257.9,1.9,5.4,283.0,1008.3,1008.3,2.7,5.2
2024-07-08 22:10:00+02:00,19.4,19.4,20.0,12.5,64.0,27.3,79.0,0.2,0.0,0.0,0.0,0.0,0.0,0.0,12.0,257.9,0.9,3.6,268.0,1008.3,1008.3,2.7,5.2
2024-07-08 22:15:00+02:00,19.4,19.4,20.1,12.7,65.0,27.2,79.0,0.1,0.0,0.0,0.0,0.0,0.0,0.0,12.0,257.9,0.4,2.5,333.0,1008.3,1008.3,2.7,5.1
2024-07-08 22:20:00+02:00,19.2,19.2,19.8,12.7,66.0,27.1,79.0,0.0,0.0,0.0,0.0,0.0,0.0,0.0,12.0,257.9,1.2,3.2,259.0,1008.3,1008.3,2.7,5.1
2024-07-08 22:25:00+02:00,19.1,19.1,19.8,12.6,66.0,27.1,79.0,0.0,0.0,0.0,0.0,0.0,0.0,0.0,12.0,257.9,0.4,2.9,276.0,1008.3,1008.3,2.7,5.1
2024-07-08 22:30:00+02:00,19.1,19.1,19.9,12.5,66.0,27.0,79.0,0.0,0.0,0.0,0.0,0.0,0.0,0.0,12.0,257.9,0.0,3.2,275.0,1008.3,1008.3,2.7,5.1
2024-07-08 22:35:00+02:00,18.9,18.9,19.7,12.8,68.0,26.9,79.0,0.0,0.0,0.0,0.0,0.0,0.0,0.0,12.0,257.9,0.7,1.8,243.0,1008.4,1008.4,2.7,5.1
2024-07-08 22:40:00+02:00,18.8,18.8,19.7,12.7,68.0,26.8,79.0,0.0,0.0,0.0,0.0,0.0,0.0,0.0,12.0,257.9,0.0,1.8,183.0,1008.4,1008.4,2.7,5.1
2024-07-08 22:45:00+02:00,18.7,18.7,19.6,13.0,70.0,26.8,80.0,0.0,0.0,0.0,0.0,0.0,0.0,0.0,12.0,257.9,0.0,1.8,209.0,1008.3,1008.3,2.7,5.1
2024-07-08 22:50:00+02:00,18.5,18.5,19.4,12.7,69.0,26.7,80.0,0.0,0.0,0.0,0.0,0.0,0.0,0.0,12.0,257.9,0.0,1.8,240.0,1008.3,1008.3,2.7,5.1
2024-07-08 22:55:00+02:00,18.6,18.6,19.3,12.6,68.0,26.7,80.0,0.0,0.0,0.0,0.0,0.0,0.0,0.0,12.0,257.9,0.0,1.8,265.0,1008.3,1008.3,2.7,5.1
2024-07-08 23:00:00+02:00,18.5,18.5,19.4,12.8,69.0,26.6,80.0,0.0,0.0,0.0,0.0,0.0,0.0,0.0,12.0,257.9,0.0,1.8,159.0,1008.3,1008.3,2.7,5.1
2024-07-08 23:05:00+02:00,18.3,18.3,19.3,13.2,72.0,26.5,80.0,0.0,0.0,0.0,0.0,0.0,0.0,0.0,12.0,257.9,0.0,1.8,134.0,1008.4,1008.4,2.7,5.1
2024-07-08 23:10:00+02:00,18.2,18.2,19.1,13.1,72.0,26.4,80.0,0.0,0.0,0.0,0.0,0.0,0.0,0.0,12.0,257.9,0.0,1.8,100.0,1008.4,1008.4,2.7,5.1
2024-07-08 23:15:00+02:00,18.1,18.1,19.0,13.0,72.0,26.4,80.0,0.0,0.0,0.0,0.0,0.0,0.0,0.0,12.0,257.9,0.0,2.2,105.0,1008.4,1008.4,2.7,5.1
2024-07-08 23:20:00+02:00,18.2,18.2,19.0,12.8,71.0,26.3,80.0,0.0,0.0,0.0,0.0,0.0,0.0,0.0,12.0,257.9,0.0,2.2,173.0,1008.5,1008.5,2.7,5.1
2024-07-08 23:25:00+02:00,18.0,18.0,19.0,13.2,73.0,26.2,80.0,0.0,0.0,0.0,0.0,0.0,0.0,0.0,12.0,257.9,0.0,1.8,110.0,1008.3,1008.3,2.7,5.1
2024-07-08 23:30:00+02:00,18.0,18.0,18.9,12.9,72.0,26.2,80.0,0.0,0.0,0.0,0.0,0.0,0.0,0.0,12.0,257.9,0.0,1.8,140.0,1008.4,1008.4,2.7,5.1
2024-07-08 23:35:00+02:00,18.0,18.0,18.8,12.8,72.0,26.1,80.0,0.0,0.0,0.0,0.0,0.0,0.0,0.0,12.0,257.9,0.0,2.9,112.0,1008.3,1008.3,2.7,5.1
2024-07-08 23:40:00+02:00,18.0,18.0,18.8,12.9,72.0,26.1,80.0,0.0,0.0,0.0,0.0,0.0,0.0,0.0,12.0,257.9,0.4,2.5,153.0,1008.2,1008.2,2.7,5.1
2024-07-08 23:45:00+02:00,17.9,17.9,18.8,12.8,72.0,26.0,80.0,0.0,0.0,0.0,0.0,0.0,0.0,0.0,12.0,257.9,0.0,2.2,161.0,1008.3,1008.3,2.7,5.1
2024-07-08 23:50:00+02:00,18.0,18.0,18.9,12.8,72.0,25.9,80.0,0.0,0.0,0.0,0.0,0.0,0.0,0.0,12.0,257.9,0.0,2.2,147.0,1008.3,1008.3,2.7,5.1
2024-07-08 23:55:00+02:00,18.0,18.0,18.8,12.9,72.0,25.8,80.0,0.0,0.0,0.0,0.0,0.0,0.0,0.0,12.0,257.9,0.5,2.5,67.0,1008.2,1008.2,2.7,5.1
2024-07-09 00:00:00+02:00,18.2,18.2,18.8,12.7,70.0,25.8,80.0,0.0,0.0,0.0,0.0,0.0,0.0,0.0,12.0,257.9,1.1,4.3,337.0,1008.2,1008.2,2.7,5.1
2024-07-09 00:05:00+02:00,18.3,18.3,19.0,12.7,70.0,25.7,80.0,0.0,0.0,0.0,0.0,0.0,0.0,0.0,12.0,257.9,0.4,2.5,183.0,1008.3,1008.3,2.7,5.0
2024-07-09 00:10:00+02:00,18.3,18.3,18.8,12.7,70.0,25.6,80.0,0.0,0.0,0.0,0.0,0.0,0.0,0.0,12.0,257.9,1.8,4.3,337.0,1008.3,1008.3,2.7,5.0
2024-07-09 00:15:00+02:00,18.3,18.3,18.9,12.7,69.0,25.6,80.0,0.0,0.0,0.0,0.0,0.0,0.0,0.0,12.0,257.9,1.4,3.6,128.0,1008.2,1008.2,2.7,5.0
2024-07-09 00:20:00+02:00,18.4,18.4,19.1,12.8,70.0,25.5,80.0,0.0,0.0,0.0,0.0,0.0,0.0,0.0,12.0,257.9,1.2,5.4,33.0,1008.3,1008.3,2.7,5.0
2024-07-09 00:25:00+02:00,18.2,18.2,19.0,12.8,71.0,25.5,80.0,0.0,0.0,0.0,0.0,0.0,0.0,0.0,12.0,257.9,0.7,4.7,17.0,1008.2,1008.2,2.7,5.0
2024-07-09 00:30:00+02:00,18.1,18.1,19.0,12.8,71.0,25.4,80.0,0.0,0.0,0.0,0.0,0.0,0.0,0.0,12.0,257.9,0.0,4.7,165.0,1008.2,1008.2,2.7,5.0
2024-07-09 00:35:00+02:00,17.9,17.9,18.7,12.7,72.0,25.3,80.0,0.0,0.0,0.0,0.0,0.0,0.0,0.0,12.0,257.9,0.0,1.8,156.0,1008.2,1008.2,2.7,5.0
2024-07-09 00:40:00+02:00,17.7,17.7,18.5,12.7,73.0,25.3,80.0,0.0,0.0,0.0,0.0,0.0,0.0,0.0,12.0,257.9,0.0,2.2,328.0,1008.1,1008.1,2.7,5.0
2024-07-09 00:45:00+02:00,17.4,17.4,18.3,12.8,74.0,25.2,80.0,0.0,0.0,0.0,0.0,0.0,0.0,0.0,12.0,257.9,0.0,2.2,306.0,1008.2,1008.2,2.7,5.0
2024-07-09 00:50:00+02:00,17.3,17.3,18.1,12.5,74.0,25.1,80.0,0.0,0.0,0.0,0.0,0.0,0.0,0.0,12.0,257.9,0.0,1.8,271.0,1008.1,1008.1,2.7,5.0
2024-07-09 00:55:00+02:00,17.3,17.3,18.1,12.8,75.0,25.1,80.0,0.0,0.0,0.0,0.0,0.0,0.0,0.0,12.0,257.9,0.0,0.0,202.0,1008.1,1008.1,2.7,5.0
2024-07-09 01:00:00+02:00,17.2,17.2,17.9,12.7,75.0,25.0,80.0,0.0,0.0,0.0,0.0,0.0,0.0,0.0,12.0,257.9,0.7,3.2,321.0,1008.1,1008.1,2.7,5.0
2024-07-09 01:05:00+02:00,17.2,17.2,18.1,12.8,75.0,24.9,80.0,0.0,0.0,0.0,0.0,0.0,0.0,0.0,12.0,257.9,0.0,0.0,290.0,1008.0,1008.0,2.7,5.0
2024-07-09 01:10:00+02:00,17.0,17.0,17.9,12.9,77.0,24.9,80.0,0.0,0.0,0.0,0.0,0.0,0.0,0.0,12.0,257.9,0.0,0.0,290.0,1007.9,1007.9,2.7,5.0
2024-07-09 01:15:00+02:00,17.1,17.1,17.7,12.6,75.0,24.8,80.0,0.0,0.0,0.0,0.0,0.0,0.0,0.0,12.0,257.9,0.5,4.7,0.0,1008.0,1008.0,2.7,5.0
2024-07-09 01:20:00+02:00,17.0,17.0,17.8,12.8,77.0,24.7,80.0,0.0,0.0,0.0,0.0,0.0,0.0,0.0,12.0,257.9,0.0,2.2,132.0,1007.9,1007.9,2.7,5.0
2024-07-09 01:25:00+02:00,16.7,16.7,17.5,12.8,78.0,24.7,80.0,0.0,0.0,0.0,0.0,0.0,0.0,0.0,12.0,257.9,0.0,1.8,151.0,1007.9,1007.9,2.7,5.0
2024-07-09 01:30:00+02:00,16.4,16.4,17.3,12.7,79.0,24.6,80.0,0.0,0.0,0.0,0.0,0.0,0.0,0.0,12.0,257.9,0.0,1.8,126.0,1007.9,1007.9,2.7,5.0
2024-07-09 01:35:00+02:00,16.2,16.2,17.0,12.7,80.0,24.5,80.0,0.0,0.0,0.0,0.0,0.0,0.0,0.0,12.0,257.9,0.0,1.8,142.0,1007.8,1007.8,2.7,5.0
2024-07-09 01:40:00+02:00,16.0,16.0,16.9,12.7,80.0,24.5,80.0,0.0,0.0,0.0,0.0,0.0,0.0,0.0,12.0,257.9,0.0,2.2,138.0,1007.8,1007.8,2.7,5.0
2024-07-09 01:45:00+02:00,15.9,15.9,16.7,12.6,81.0,24.4,80.0,0.0,0.0,0.0,0.0,0.0,0.0,0.0,12.0,257.9,0.0,2.5,136.0,1007.8,1007.8,2.7,5.0
2024-07-09 01:50:00+02:00,15.8,15.8,16.6,12.6,81.0,24.3,80.0,0.0,0.0,0.0,0.0,0.0,0.0,0.0,12.0,257.9,0.0,2.2,123.0,1007.7,1007.7,2.7,5.0
2024-07-09 01:55:00+02:00,15.7,15.7,16.5,12.6,82.0,24.3,80.0,0.0,0.0,0.0,0.0,0.0,0.0,0.0,12.0,257.9,0.0,1.8,236.0,1007.6,1007.6,2.7,4.9
2024-07-09 02:00:00+02:00,15.6,15.6,16.4,12.6,82.0,24.2,80.0,0.0,0.0,0.0,0.0,0.0,0.0,0.0,12.0,257.9,0.0,1.8,276.0,1007.7,1007.7,2.7,4.9
2024-07-09 02:05:00+02:00,15.6,15.6,16.3,12.5,82.0,24.1,80.0,0.0,0.0,0.0,0.0,0.0,0.0,0.0,12.0,257.9,0.4,2.2,242.0,1007.6,1007.6,2.7,4.9
2024-07-09 02:10:00+02:00,15.7,15.7,16.4,12.5,81.0,24.1,80.0,0.0,0.0,0.0,0.0,0.0,0.0,0.0,12.0,257.9,0.4,1.8,324.0,1007.6,1007.6,2.7,4.9
2024-07-09 02:15:00+02:00,15.7,15.7,16.4,12.5,81.0,24.0,80.0,0.0,0.0,0.0,0.0,0.0,0.0,0.0,12.0,257.9,0.0,2.2,303.0,1007.5,1007.5,2.7,4.9
2024-07-09 02:20:00+02:00,15.7,15.7,16.4,12.5,81.0,23.9,80.0,0.0,0.0,0.0,0.0,0.0,0.0,0.0,12.0,257.9,0.4,3.2,301.0,1007.5,1007.5,2.7,4.9
2024-07-09 02:25:00+02:00,15.6,15.6,16.4,12.5,82.0,23.8,80.0,0.0,0.0,0.0,0.0,0.0,0.0,0.0,12.0,257.9,0.0,1.8,41.0,1007.4,1007.4,2.7,4.9
2024-07-09 02:30:00+02:00,15.6,15.6,16.1,12.4,82.0,23.8,80.0,0.0,0.0,0.0,0.0,0.0,0.0,0.0,12.0,257.9,1.3,5.0,65.0,1007.4,1007.4,2.7,4.9
2024-07-09 02:35:00+02:00,15.8,15.8,16.3,12.6,81.0,23.7,80.0,0.0,0.0,0.0,0.0,0.0,0.0,0.0,12.0,257.9,1.4,4.0,51.0,1007.2,1007.2,2.7,4.9
2024-07-09 02:40:00+02:00,16.2,16.2,16.6,12.5,79.0,23.6,80.0,0.0,0.0,0.0,0.0,0.0,0.0,0.0,12.0,257.9,1.9,4.7,88.0,1007.2,1007.2,2.7,4.9
2024-07-09 02:45:00+02:00,16.7,16.7,17.1,12.5,77.0,23.6,80.0,0.0,0.0,0.0,0.0,0.0,0.0,0.0,12.0,257.9,1.7,6.1,92.0,1007.3,1007.3,2.7,4.9
2024-07-09 02:50:00+02:00,16.9,16.9,17.5,12.6,76.0,23.5,80.0,0.0,0.0,0.0,0.0,0.0,0.0,0.0,12.0,257.9,0.9,6.1,78.0,1007.2,1007.2,2.7,4.9
2024-07-09 02:55:00+02:00,17.0,17.0,17.5,12.7,76.0,23.4,80.0,0.0,0.0,0.0,0.0,0.0,0.0,0.0,12.0,257.9,1.9,3.6,68.0,1007.2,1007.2,2.7,4.9
2024-07-09 03:00:00+02:00,17.0,17.0,17.4,12.6,75.0,23.4,80.0,0.0,0.0,0.0,0.0,0.0,0.0,0.0,12.0,257.9,1.9,5.0,80.0,1007.2,1007.2,2.7,4.9
2024-07-09 03:05:00+02:00,17.1,17.1,17.4,12.7,75.0,23.3,80.0,0.0,0.0,0.0,0.0,0.0,0.0,0.0,12.0,257.9,2.7,5.8,77.0,1006.9,1006.9,2.7,4.9
2024-07-09 03:10:00+02:00,17.1,17.1,17.6,12.7,75.0,23.3,80.0,0.0,0.0,0.0,0.0,0.0,0.0,0.0,12.0,257.9,1.5,4.7,54.0,1006.9,1006.9,2.7,4.9
2024-07-09 03:15:00+02:00,17.2,17.2,17.9,12.8,75.0,23.3,80.0,0.0,0.0,0.0,0.0,0.0,0.0,0.0,12.0,257.9,0.9,5.8,46.0,1007.1,1007.1,2.7,4.9
2024-07-09 03:20:00+02:00,17.2,17.2,18.0,12.9,75.0,23.2,80.0,0.0,0.0,0.0,0.0,0.0,0.0,0.0,12.0,257.9,0.7,4.7,19.0,1006.9,1006.9,2.7,4.9
2024-07-09 03:25:00+02:00,17.2,17.2,17.9,12.9,76.0,23.2,80.0,0.0,0.0,0.0,0.0,0.0,0.0,0.0,12.0,257.9,1.2,5.4,308.0,1007.1,1007.1,2.7,4.9
2024-07-09 03:30:00+02:00,17.0,17.0,17.9,13.0,77.0,23.1,80.0,0.0,0.0,0.0,0.0,0.0,0.0,0.0,12.0,257.9,0.4,2.2,252.0,1007.1,1007.1,2.7,4.9
2024-07-09 03:35:00+02:00,16.9,16.9,17.5,12.9,77.0,23.1,80.0,0.0,0.0,0.0,0.0,0.0,0.0,0.0,12.0,257.9,1.3,4.7,35.0,1006.9,1006.9,2.7,4.9
2024-07-09 03:40:00+02:00,16.9,16.9,17.7,13.0,77.0,23.0,80.0,0.0,0.0,0.0,0.0,0.0,0.0,0.0,12.0,257.9,0.8,4.3,308.0,1006.7,1006.7,2.7,4.9
2024-07-09 03:45:00+02:00,16.9,16.9,17.7,12.9,77.0,23.0,80.0,0.0,0.0,0.0,0.0,0.0,0.0,0.0,12.0,257.9,0.4,4.3,227.0,1006.5,1006.5,2.7,4.8
2024-07-09 03:50:00+02:00,16.8,16.8,17.7,12.9,78.0,22.9,80.0,0.0,0.0,0.0,0.0,0.0,0.0,0.0,12.0,257.9,0.4,2.5,160.0,1006.6,1006.6,2.7,4.8
2024-07-09 03:55:00+02:00,16.7,16.7,17.5,12.8,78.0,22.9,80.0,0.0,0.0,0.0,0.0,0.0,0.0,0.0,12.0,257.9,0.0,2.5,202.0,1006.6,1006.6,2.7,4.8
2024-07-09 04:00:00+02:00,16.6,16.6,17.4,12.9,79.0,22.9,80.0,0.0,0.0,0.0,0.0,0.0,0.0,0.0,12.0,257.9,0.5,2.2,304.0,1006.7,1006.7,2.7,4.8
2024-07-09 04:05:00+02:00,16.6,16.6,17.4,12.8,79.0,22.8,80.0,0.0,0.0,0.0,0.0,0.0,0.0,0.0,12.0,257.9,0.4,2.5,284.0,1006.6,1006.6,2.7,4.8
2024-07-09 04:10:00+02:00,16.4,16.4,17.3,12.7,79.0,22.8,80.0,0.0,0.0,0.0,0.0,0.0,0.0,0.0,12.0,257.9,0.0,2.5,275.0,1006.7,1006.7,2.7,4.8
2024-07-09 04:15:00+02:00,16.4,16.4,17.1,12.8,79.0,22.8,80.0,0.0,0.0,0.0,0.0,0.0,0.0,0.0,12.0,257.9,1.1,2.9,271.0,1006.7,1006.7,2.7,4.8
2024-07-09 04:20:00+02:00,16.2,16.2,16.9,12.8,80.0,22.7,80.0,0.0,0.0,0.0,0.0,0.0,0.0,0.0,12.0,257.9,0.8,2.2,270.0,1006.6,1006.6,2.7,4.8
2024-07-09 04:25:00+02:00,16.0,16.0,16.8,12.7,81.0,22.7,80.0,0.0,0.0,0.0,0.0,0.0,0.0,0.0,12.0,257.9,0.0,2.2,218.0,1006.6,1006.6,2.7,4.8
2024-07-09 04:30:00+02:00,15.8,15.8,16.6,12.7,82.0,22.6,80.0,0.0,0.0,0.0,0.0,0.0,0.0,0.0,12.0,257.9,0.0,0.0,212.0,1006.7,1006.7,2.7,4.8
2024-07-09 04:35:00+02:00,15.6,15.6,16.4,12.6,82.0,22.6,80.0,0.0,0.0,0.0,0.0,0.0,0.0,0.0,12.0,257.9,0.0,0.0,290.0,1006.7,1006.7,2.7,4.8
2024-07-09 04:40:00+02:00,15.5,15.5,16.3,12.7,84.0,22.5,80.0,0.0,0.0,0.0,0.0,0.0,0.0,0.0,12.0,257.9,0.0,0.0,311.0,1006.6,1006.6,2.7,4.8
2024-07-09 04:45:00+02:00,15.4,15.4,16.2,12.8,84.0,22.5,80.0,0.0,0.0,0.0,0.0,0.0,0.0,0.0,12.0,257.9,0.0,2.2,299.0,1006.8,1006.8,2.7,4.8
2024-07-09 04:50:00+02:00,15.4,15.4,16.2,12.8,84.0,22.4,80.0,0.1,0.0,0.0,0.0,0.0,0.0,0.0,12.0,257.9,0.0,2.2,306.0,1006.7,1006.7,2.7,4.8
2024-07-09 04:55:00+02:00,15.4,15.4,16.2,12.7,84.0,22.4,80.0,0.2,0.0,0.0,0.0,0.0,0.0,0.0,12.0,257.9,0.0,2.2,305.0,1006.7,1006.7,2.7,4.8
2024-07-09 05:00:00+02:00,15.2,15.2,15.9,12.7,85.0,22.3,80.0,0.2,0.0,0.0,0.0,0.0,0.0,0.0,12.0,257.9,0.5,1.8,135.0,1006.6,1006.6,2.7,4.8
2024-07-09 05:05:00+02:00,15.0,15.0,15.8,12.6,86.0,22.3,80.0,0.4,0.0,0.0,0.0,0.0,0.0,0.0,12.0,257.9,0.4,2.2,132.0,1006.6,1006.6,2.7,4.8
2024-07-09 05:10:00+02:00,14.8,14.8,15.3,12.7,87.0,22.3,81.0,0.7,0.0,0.0,0.0,0.0,0.0,0.0,12.0,257.9,1.7,2.9,129.0,1006.5,1006.5,2.7,4.8
2024-07-09 05:15:00+02:00,14.7,14.7,15.4,12.6,87.0,22.2,80.0,1.2,0.0,0.0,0.0,0.0,0.0,0.0,12.0,257.9,0.4,2.5,142.0,1006.6,1006.6,2.7,4.8
2024-07-09 05:20:00+02:00,14.6,14.6,15.1,12.7,88.0,22.2,81.0,1.7,0.0,0.0,0.0,0.0,0.0,0.0,12.0,257.9,1.4,2.9,131.0,1006.5,1006.5,2.7,4.8
2024-07-09 05:25:00+02:00,14.6,14.6,14.8,12.6,88.0,22.1,80.0,2.3,0.0,0.0,0.0,0.0,0.0,0.0,12.0,257.9,2.8,3.6,122.0,1006.4,1006.4,2.7,4.7
2024-07-09 05:30:00+02:00,14.4,14.4,15.0,12.5,88.0,22.1,80.0,3.3,0.0,0.0,0.0,0.0,0.0,0.0,12.0,257.9,1.1,3.6,117.0,1006.5,1006.5,2.7,4.7
2024-07-09 05:35:00+02:00,14.3,14.3,15.1,12.5,89.0,22.0,80.0,4.6,0.0,0.0,0.0,0.0,0.0,0.0,12.0,257.9,0.0,2.5,124.0,1006.4,1006.4,2.7,4.7
2024-07-09 05:40:00+02:00,14.2,14.2,14.9,12.4,89.0,22.0,80.0,5.5,0.0,0.0,0.0,0.0,0.0,0.0,12.0,257.9,0.0,2.2,126.0,1006.4,1006.4,2.7,4.7
2024-07-09 05:45:00+02:00,14.1,14.1,14.9,12.5,90.0,21.9,80.0,6.7,0.0,0.0,0.0,0.0,0.0,0.0,12.0,257.9,0.0,1.8,124.0,1006.5,1006.5,2.7,4.7
2024-07-09 05:50:00+02:00,14.1,14.1,14.9,12.5,90.0,21.9,80.0,8.8,0.0,0.0,0.0,0.0,0.0,0.0,12.0,257.9,0.0,0.0,50.0,1006.4,1006.4,2.7,4.7
2024-07-09 05:55:00+02:00,14.0,14.0,14.8,12.6,91.0,21.8,80.0,14.2,0.0,0.0,0.0,0.0,0.0,0.0,12.0,257.9,0.4,2.2,121.0,1006.5,1006.5,2.7,4.7
2024-07-09 06:00:00+02:00,14.0,14.0,14.6,12.5,91.0,21.8,80.0,17.9,0.0,0.0,0.0,0.0,0.0,0.0,12.0,257.9,0.8,2.2,118.0,1006.6,1006.6,2.7,4.7
2024-07-09 06:05:00+02:00,14.1,14.1,14.5,12.7,91.0,21.8,80.0,22.0,0.0,0.0,0.0,0.0,0.0,0.0,12.0,257.9,2.3,2.9,117.0,1006.3,1006.3,2.7,4.7
2024-07-09 06:10:00+02:00,14.1,14.1,14.9,12.7,91.0,21.7,80.0,26.6,0.0,0.0,0.0,0.0,0.0,0.0,12.0,257.9,0.4,2.9,115.0,1006.4,1006.4,2.7,4.7
2024-07-09 06:15:00+02:00,14.3,14.3,15.2,12.9,91.0,21.7,80.0,27.5,0.0,0.0,0.0,0.0,0.0,0.0,12.0,257.9,0.0,1.8,164.0,1006.4,1006.4,2.7,4.7
2024-07-09 06:20:00+02:00,14.5,14.5,15.4,13.0,90.0,21.7,81.0,27.5,0.0,0.0,0.0,0.0,0.0,0.0,12.0,257.9,0.0,0.0,153.0,1006.4,1006.4,2.7,4.7
2024-07-09 06:25:00+02:00,14.6,14.6,15.5,13.1,91.0,21.6,81.0,29.8,0.0,0.0,0.0,0.0,0.0,0.0,12.0,257.9,0.0,1.8,131.0,1006.3,1006.3,2.7,4.7
2024-07-09 06:30:00+02:00,14.7,14.7,15.7,13.2,90.0,21.6,81.0,30.5,0.0,0.0,0.0,0.0,0.0,0.0,12.0,257.9,0.0,0.0,133.0,1006.3,1006.3,2.7,4.7
2024-07-09 06:35:00+02:00,15.1,15.1,16.0,13.2,89.0,21.6,81.0,40.0,0.0,0.0,0.0,0.0,0.0,0.0,12.0,257.9,0.4,1.8,118.0,1006.2,1006.2,2.7,4.7
2024-07-09 06:40:00+02:00,15.4,15.4,16.5,13.4,88.0,21.6,81.0,44.8,0.0,0.0,0.0,0.0,0.0,0.0,12.0,257.9,0.0,1.8,21.0,1006.2,1006.2,2.7,4.7
2024-07-09 06:45:00+02:00,15.5,15.5,16.4,13.5,88.0,21.6,81.0,45.5,0.0,0.0,0.0,0.0,0.0,0.0,12.0,257.9,0.9,2.5,103.0,1006.3,1006.3,2.7,4.7
2024-07-09 06:50:00+02:00,15.6,15.6,16.5,13.5,88.0,21.6,81.0,48.1,0.0,0.0,0.0,0.0,0.0,0.0,12.0,257.9,1.2,2.5,111.0,1006.3,1006.3,2.7,4.7
2024-07-09 06:55:00+02:00,16.0,16.0,17.2,13.8,87.0,21.7,81.0,47.9,0.0,0.0,0.0,0.0,0.0,0.0,12.0,257.9,0.0,2.2,122.0,1006.3,1006.3,2.7,4.7
2024-07-09 07:00:00+02:00,16.3,16.3,17.6,14.0,86.0,21.8,82.0,59.6,0.0,0.0,0.0,0.0,0.0,0.0,12.0,257.9,0.0,0.0,134.0,1006.2,1006.2,2.7,4.7
2024-07-09 07:05:00+02:00,16.6,16.6,17.8,13.8,84.0,21.9,82.0,32.0,0.0,0.0,0.0,0.0,0.0,0.0,12.0,257.9,0.0,1.8,2.0,1006.2,1006.2,2.7,4.8
2024-07-09 07:10:00+02:00,16.4,16.4,17.7,14.0,85.0,21.9,82.0,32.9,0.0,0.0,0.0,0.0,0.0,0.0,12.0,257.9,0.0,2.2,129.0,1006.1,1006.1,2.7,4.8
2024-07-09 07:15:00+02:00,16.4,16.4,17.6,13.8,84.0,22.0,82.0,34.2,0.0,0.0,0.0,0.0,0.0,0.0,12.0,257.9,0.0,2.2,121.0,1006.1,1006.1,2.7,4.8
2024-07-09 07:20:00+02:00,16.6,16.6,17.8,13.9,84.0,22.0,82.0,35.8,0.0,0.0,0.0,0.0,0.0,0.0,12.0,257.9,0.0,0.0,23.0,1006.0,1006.0,2.7,4.8
2024-07-09 07:25:00+02:00,16.9,16.9,18.1,13.9,82.0,22.1,81.0,37.5,0.0,0.0,0.0,0.0,0.0,0.0,12.0,257.9,0.4,2.5,273.0,1006.0,1006.0,2.7,4.8
2024-07-09 07:30:00+02:00,17.2,17.2,18.4,13.9,81.0,22.1,81.0,39.7,0.0,0.0,0.0,0.0,0.0,0.0,12.0,257.9,0.0,2.5,31.0,1006.1,1006.1,2.7,4.8
2024-07-09 07:35:00+02:00,17.2,17.2,18.4,14.0,81.0,22.1,81.0,41.8,0.0,0.0,0.0,0.0,0.0,0.0,12.0,257.9,0.0,1.8,114.0,1006.0,1006.0,2.7,4.8
2024-07-09 07:40:00+02:00,17.5,17.5,18.3,13.6,78.0,22.1,81.0,43.6,0.0,0.0,0.0,0.0,0.0,0.0,12.0,257.9,1.7,2.9,129.0,1006.0,1006.0,2.7,4.8
2024-07-09 07:45:00+02:00,17.8,17.8,18.8,13.8,77.0,22.2,81.0,44.8,0.0,0.0,0.0,0.0,0.0,0.0,12.0,257.9,1.2,3.2,140.0,1005.9,1005.9,2.7,4.8
2024-07-09 07:50:00+02:00,18.1,18.1,19.0,13.6,75.0,22.2,81.0,45.3,0.0,0.0,0.0,0.0,0.0,0.0,12.0,257.9,1.6,3.2,137.0,1006.0,1006.0,2.7,4.8
2024-07-09 07:55:00+02:00,18.5,18.5,19.3,13.5,73.0,22.2,81.0,47.4,0.0,0.0,0.0,0.0,0.0,0.0,12.0,257.9,1.5,3.2,140.0,1006.0,1006.0,2.7,4.8
2024-07-09 08:00:00+02:00,18.8,18.8,19.7,13.5,72.0,22.2,81.0,53.1,0.0,0.0,0.0,0.0,0.0,0.0,12.0,257.9,0.8,3.2,109.0,1005.9,1005.9,2.7,4.8
2024-07-09 08:05:00+02:00,19.0,19.0,20.1,13.9,72.0,22.2,81.0,57.6,0.0,0.0,0.0,0.0,0.0,0.0,12.0,257.9,0.6,3.2,129.0,1005.8,1005.8,2.7,4.8
2024-07-09 08:10:00+02:00,19.3,19.3,20.3,13.8,71.0,22.2,81.0,58.7,0.0,0.0,0.0,0.0,0.0,0.0,12.0,257.9,0.8,2.5,110.0,1005.9,1005.9,2.7,4.8
2024-07-09 08:15:00+02:00,19.5,19.5,20.6,13.9,70.0,22.2,81.0,57.1,0.0,0.0,0.0,0.0,0.0,0.0,12.0,257.9,0.4,1.8,154.0,1005.9,1005.9,2.7,4.8
2024-07-09 08:20:00+02:00,19.7,19.7,20.8,14.0,70.0,22.3,82.0,49.2,0.0,0.0,0.0,0.0,0.0,0.0,12.0,257.9,0.7,3.2,130.0,1005.7,1005.7,2.7,4.8
2024-07-09 08:25:00+02:00,19.9,19.9,20.8,13.9,68.0,22.3,82.0,49.3,0.0,0.0,0.0,0.0,0.0,0.0,12.0,257.9,1.9,5.4,129.0,1005.9,1005.9,2.7,4.8
2024-07-09 08:30:00+02:00,20.2,20.2,21.2,14.1,68.0,22.3,82.0,220.9,2.0,0.0,0.0,0.0,0.0,0.0,12.0,257.9,1.9,4.3,130.0,1005.9,1005.9,2.7,4.8
2024-07-09 08:35:00+02:00,20.8,20.8,21.6,14.1,65.0,22.3,82.0,229.3,2.0,0.0,0.0,0.0,0.0,0.0,12.0,257.9,2.4,6.5,130.0,1005.7,1005.7,2.7,4.9
2024-07-09 08:40:00+02:00,21.4,21.4,22.2,14.3,64.0,22.4,82.0,245.5,2.0,0.0,0.0,0.0,0.0,0.0,12.0,257.9,2.7,6.1,141.0,1005.8,1005.8,2.7,4.9
2024-07-09 08:45:00+02:00,21.8,21.8,22.4,14.1,62.0,22.4,82.0,252.7,2.0,0.0,0.0,0.0,0.0,0.0,12.0,257.9,3.6,5.4,150.0,1005.8,1005.8,2.7,5.0
2024-07-09 08:50:00+02:00,22.3,22.3,23.4,14.5,62.0,22.5,82.0,259.7,2.0,0.0,0.0,0.0,0.0,0.0,12.0,257.9,1.6,5.4,143.0,1005.8,1005.8,2.7,5.0
2024-07-09 08:55:00+02:00,22.8,22.8,23.7,14.7,60.0,22.6,83.0,276.9,2.0,0.0,0.0,0.0,0.0,0.0,12.0,257.9,3.0,5.8,109.0,1005.6,1005.6,2.7,5.1
2024-07-09 09:00:00+02:00,22.8,22.8,24.1,14.8,61.0,22.8,83.0,302.5,2.0,0.0,0.0,0.0,0.0,0.0,12.0,257.9,1.2,5.8,112.0,1005.6,1005.6,2.7,5.1
2024-07-09 09:05:00+02:00,23.4,23.4,24.6,14.9,59.0,23.0,84.0,312.7,2.0,0.0,0.0,0.0,0.0,0.0,12.0,257.9,1.9,4.3,113.0,1005.6,1005.6,2.7,5.2
2024-07-09 09:10:00+02:00,23.5,23.5,24.6,15.2,59.0,23.2,84.0,308.8,2.0,0.0,0.0,0.0,0.0,0.0,12.0,257.9,2.8,5.0,118.0,1005.6,1005.6,2.7,5.2
2024-07-09 09:15:00+02:00,23.7,23.7,25.0,15.0,58.0,23.5,83.0,335.3,3.0,0.0,0.0,0.0,0.0,0.0,12.0,257.9,2.0,9.7,144.0,1005.6,1005.6,2.7,5.2
2024-07-09 09:20:00+02:00,24.3,24.3,25.9,15.5,58.0,23.8,83.0,351.4,3.0,0.0,0.0,0.0,0.0,0.0,12.0,257.9,1.4,3.6,120.0,1005.6,1005.6,2.7,5.2
2024-07-09 09:25:00+02:00,24.9,24.9,26.6,15.4,55.0,24.0,83.0,353.0,3.0,0.0,0.0,0.0,0.0,0.0,12.0,257.9,0.4,2.9,150.0,1005.5,1005.5,2.7,5.3
2024-07-09 09:30:00+02:00,25.2,25.2,26.5,15.2,54.0,24.3,83.0,384.2,3.0,0.0,0.0,0.0,0.0,0.0,12.0,257.9,2.0,5.0,146.0,1005.6,1005.6,2.7,5.3
2024-07-09 09:35:00+02:00,25.1,25.1,26.0,15.2,54.0,24.5,83.0,382.7,3.0,0.0,0.0,0.0,0.0,0.0,12.0,257.9,4.0,8.3,132.0,1005.7,1005.7,2.7,5.3
2024-07-09 09:40:00+02:00,25.5,25.5,26.9,15.0,52.0,24.8,83.0,383.4,3.0,0.0,0.0,0.0,0.0,0.0,12.0,257.9,1.1,6.1,106.0,1005.6,1005.6,2.7,5.3
2024-07-09 09:45:00+02:00,26.2,26.2,27.4,15.0,50.0,25.1,83.0,392.0,3.0,0.0,0.0,0.0,0.0,0.0,12.0,257.9,1.7,4.3,90.0,1005.6,1005.6,2.7,5.3
2024-07-09 09:50:00+02:00,26.3,26.3,27.5,14.9,49.0,25.4,82.0,397.6,3.0,0.0,0.0,0.0,0.0,0.0,12.0,257.9,1.9,7.2,136.0,1005.5,1005.5,2.7,5.3
2024-07-09 09:55:00+02:00,26.6,26.6,27.9,15.2,50.0,25.7,82.0,398.8,3.0,0.0,0.0,0.0,0.0,0.0,12.0,257.9,1.7,4.0,103.0,1005.5,1005.5,2.7,5.3
2024-07-09 10:00:00+02:00,27.1,27.4,28.4,15.2,48.0,26.0,81.0,462.4,4.0,0.0,0.0,0.0,0.0,0.0,12.0,257.9,2.2,6.5,21.0,1005.5,1005.5,2.7,5.3
2024-07-09 10:05:00+02:00,26.6,26.8,26.4,14.6,48.0,26.2,81.0,547.4,5.0,0.0,0.0,0.0,0.0,0.0,12.0,257.9,8.6,15.8,131.0,1005.6,1005.6,2.7,5.3
2024-07-09 10:10:00+02:00,26.1,26.1,26.7,14.7,49.0,26.5,80.0,414.7,3.0,0.0,0.0,0.0,0.0,0.0,12.0,257.9,4.8,11.9,123.0,1005.4,1005.4,2.7,5.3
2024-07-09 10:15:00+02:00,26.3,26.3,26.8,14.2,47.0,26.9,79.0,456.5,4.0,0.0,0.0,0.0,0.0,0.0,12.0,257.9,4.7,12.2,135.0,1005.3,1005.3,2.7,5.3
2024-07-09 10:20:00+02:00,26.2,26.2,26.7,14.3,48.0,27.2,79.0,457.6,4.0,0.0,0.0,0.0,0.0,0.0,12.0,257.9,4.3,12.2,136.0,1005.3,1005.3,2.7,5.3
2024-07-09 10:25:00+02:00,26.6,26.6,27.5,14.7,48.0,27.4,78.0,348.6,3.0,0.0,0.0,0.0,0.0,0.0,12.0,257.9,3.1,7.9,144.0,1005.3,1005.3,2.7,5.3
2024-07-09 10:30:00+02:00,26.5,26.5,26.7,14.2,47.0,27.6,78.0,312.9,2.0,0.0,0.0,0.0,0.0,0.0,12.0,257.9,5.7,15.8,146.0,1005.3,1005.3,2.7,5.3
2024-07-09 10:35:00+02:00,26.1,26.1,26.2,14.3,48.0,27.8,78.0,245.3,2.0,0.0,0.0,0.0,0.0,0.0,12.0,257.9,6.8,11.9,139.0,1005.2,1005.2,2.7,5.3
2024-07-09 10:40:00+02:00,26.1,26.1,27.4,14.8,50.0,28.0,78.0,256.0,2.0,0.0,0.0,0.0,0.0,0.0,12.0,257.9,1.3,9.0,215.0,1005.2,1005.2,2.7,5.3
2024-07-09 10:45:00+02:00,26.4,26.4,27.7,14.7,48.0,28.1,78.0,513.3,4.0,0.0,0.0,0.0,0.0,0.0,12.0,257.9,1.2,9.4,143.0,1005.1,1005.1,2.7,5.3
2024-07-09 10:50:00+02:00,27.1,27.2,27.7,14.3,45.0,28.3,77.0,508.9,4.0,0.0,0.0,0.0,0.0,0.0,12.0,257.9,3.6,10.1,150.0,1005.2,1005.2,2.7,5.3
2024-07-09 10:55:00+02:00,27.2,27.3,27.5,14.4,46.0,28.5,77.0,443.2,4.0,0.0,0.0,0.0,0.0,0.0,12.0,257.9,5.5,13.7,138.0,1005.1,1005.1,2.7,5.3
2024-07-09 11:00:00+02:00,26.9,27.0,26.4,13.7,44.0,28.7,77.0,480.8,4.0,0.0,0.0,0.0,0.0,0.0,12.0,257.9,8.6,15.8,148.0,1005.1,1005.1,2.7,5.3
2024-07-09 11:05:00+02:00,27.1,27.2,27.1,14.1,45.0,28.9,77.0,408.8,3.0,0.0,0.0,0.0,0.0,0.0,12.0,257.9,6.3,11.9,141.0,1005.2,1005.2,2.7,5.3
2024-07-09 11:10:00+02:00,26.9,27.0,26.4,13.5,44.0,29.1,76.0,363.7,3.0,0.0,0.0,0.0,0.0,0.0,12.0,257.9,8.1,15.8,125.0,1005.3,1005.3,2.7,5.3
2024-07-09 11:15:00+02:00,26.8,26.9,26.5,13.8,45.0,29.3,77.0,366.9,3.0,0.0,0.0,0.0,0.0,0.0,12.0,257.9,7.4,16.2,127.0,1005.3,1005.3,2.7,5.3
2024-07-09 11:20:00+02:00,26.6,26.7,26.4,13.7,45.0,29.4,76.0,361.6,3.0,0.0,0.0,0.0,0.0,0.0,12.0,257.9,7.1,19.1,139.0,1005.2,1005.2,2.7,5.3
2024-07-09 11:25:00+02:00,26.8,27.0,27.4,14.0,45.0,29.5,76.0,459.0,4.0,0.0,0.0,0.0,0.0,0.0,12.0,257.9,3.3,10.1,135.0,1005.1,1005.1,2.7,5.3
2024-07-09 11:30:00+02:00,27.3,27.3,27.7,14.0,44.0,29.7,76.0,400.2,3.0,0.0,0.0,0.0,0.0,0.0,12.0,257.9,4.1,9.0,146.0,1005.2,1005.2,2.7,5.3
2024-07-09 11:35:00+02:00,27.2,27.2,27.3,13.7,44.0,29.8,76.0,382.9,3.0,0.0,0.0,0.0,0.0,0.0,12.0,257.9,5.7,10.1,136.0,1005.2,1005.2,2.7,5.3
2024-07-09 11:40:00+02:00,27.2,27.2,26.7,13.6,43.0,30.0,75.0,442.4,4.0,0.0,0.0,0.0,0.0,0.0,12.0,257.9,8.1,18.4,135.0,1005.1,1005.1,2.7,5.3
2024-07-09 11:45:00+02:00,27.2,27.2,27.5,13.5,43.0,30.1,75.0,405.3,3.0,0.0,0.0,0.0,0.0,0.0,12.0,257.9,3.7,13.0,133.0,1005.1,1005.1,2.7,5.3
2024-07-09 11:50:00+02:00,27.2,27.2,27.3,13.9,44.0,30.2,75.0,422.2,3.0,0.0,0.0,0.0,0.0,0.0,12.0,257.9,5.3,13.0,110.0,1005.0,1005.0,2.7,5.3
2024-07-09 11:55:00+02:00,27.8,27.7,28.6,14.5,44.0,30.3,75.0,382.9,3.0,0.0,0.0,0.0,0.0,0.0,12.0,257.9,3.2,10.8,116.0,1005.0,1005.0,2.7,5.3
2024-07-09 12:00:00+02:00,27.5,27.5,28.5,14.4,45.0,30.5,75.0,296.0,2.0,0.0,0.0,0.0,0.0,0.0,12.0,257.9,2.0,10.8,121.0,1004.9,1004.9,2.7,5.3
2024-07-09 12:05:00+02:00,27.4,27.4,28.2,14.2,44.0,30.6,75.0,321.6,2.0,0.0,0.0,0.0,0.0,0.0,12.0,257.9,2.8,7.9,137.0,1004.9,1004.9,2.7,5.3
2024-07-09 12:10:00+02:00,27.4,27.5,28.1,14.4,45.0,30.7,75.0,344.6,3.0,0.0,0.0,0.0,0.0,0.0,12.0,257.9,3.4,10.8,141.0,1004.8,1004.8,2.7,5.3
2024-07-09 12:15:00+02:00,27.6,27.6,28.5,14.6,45.0,30.8,75.0,444.0,4.0,0.0,0.0,0.0,0.0,0.0,12.0,257.9,3.0,5.4,135.0,1004.9,1004.9,2.7,5.3
2024-07-09 12:20:00+02:00,28.0,28.0,28.8,14.7,44.0,30.8,75.0,462.8,4.0,0.0,0.0,0.0,0.0,0.0,12.0,257.9,3.4,9.7,146.0,1004.8,1004.8,2.7,5.3
2024-07-09 12:25:00+02:00,28.3,28.1,29.5,14.1,42.0,30.9,75.0,544.4,5.0,0.0,0.0,0.0,0.0,0.0,12.0,257.9,0.4,7.6,191.0,1004.8,1004.8,2.7,5.3
2024-07-09 12:30:00+02:00,28.6,28.5,29.2,14.8,43.0,31.0,75.0,567.6,5.0,0.0,0.0,0.0,0.0,0.0,12.0,257.9,5.1,13.7,147.0,1004.8,1004.8,2.7,5.3
2024-07-09 12:35:00+02:00,28.0,27.9,28.9,14.5,44.0,31.2,75.0,547.8,5.0,0.0,0.0,0.0,0.0,0.0,12.0,257.9,2.8,14.0,83.0,1004.8,1004.8,2.7,5.3
2024-07-09 12:40:00+02:00,28.1,27.9,28.2,14.0,42.0,31.3,74.0,655.3,6.0,0.0,0.0,0.0,0.0,0.0,12.0,257.9,5.9,14.8,126.0,1004.8,1004.8,2.7,5.3
2024-07-09 12:50:00+02:00,28.3,28.2,28.5,14.7,44.0,31.7,74.0,567.3,5.0,0.0,0.0,0.0,0.0,0.0,12.0,257.9,6.5,18.0,148.0,1004.5,1004.5,2.7,5.3
2024-07-09 12:55:00+02:00,28.3,28.1,28.4,14.3,42.0,31.8,74.0,604.4,5.0,0.0,0.0,0.0,0.0,0.0,12.0,257.9,6.6,16.2,151.0,1004.7,1004.7,2.7,5.3
2024-07-09 13:00:00+02:00,28.2,28.0,27.7,13.9,42.0,31.9,74.0,629.0,5.0,0.0,0.0,0.0,0.0,0.0,12.0,257.9,8.9,14.8,134.0,1004.5,1004.5,2.7,5.3
2024-07-09 13:05:00+02:00,28.5,28.3,29.3,14.7,43.0,32.1,74.0,628.1,5.0,0.0,0.0,0.0,0.0,0.0,12.0,257.9,3.2,15.5,149.0,1004.5,1004.5,2.7,5.3
2024-07-09 13:10:00+02:00,29.3,29.1,29.9,15.2,43.0,32.2,74.0,614.1,5.0,0.0,0.0,0.0,0.0,0.0,12.0,257.9,5.5,11.5,126.0,1004.5,1004.5,2.7,5.3
2024-07-09 13:15:00+02:00,29.2,29.0,30.0,14.8,41.0,32.4,74.0,623.0,5.0,0.0,0.0,0.0,0.0,0.0,12.0,257.9,3.8,8.6,135.0,1004.5,1004.5,2.7,5.3
2024-07-09 13:20:00+02:00,29.8,29.5,30.8,14.9,41.0,32.6,74.0,638.4,5.0,0.0,0.0,0.0,0.0,0.0,12.0,257.9,2.7,8.6,188.0,1004.4,1004.4,2.7,5.3
2024-07-09 13:25:00+02:00,30.2,30.1,31.3,15.7,42.0,32.7,74.0,641.1,5.0,0.0,0.0,0.0,0.0,0.0,12.0,257.9,4.2,14.0,144.0,1004.4,1004.4,2.7,5.3
2024-07-09 13:30:00+02:00,29.1,28.9,28.9,15.0,42.0,32.8,74.0,645.5,6.0,0.0,0.0,0.0,0.0,0.0,12.0,257.9,8.9,14.8,133.0,1004.3,1004.3,2.7,5.3
2024-07-09 13:35:00+02:00,29.1,28.8,29.8,14.3,40.0,33.0,74.0,643.6,5.0,0.0,0.0,0.0,0.0,0.0,12.0,257.9,3.8,16.6,189.0,1004.3,1004.3,2.7,5.3
2024-07-09 13:40:00+02:00,29.9,29.7,30.3,15.0,40.0,33.1,74.0,663.5,6.0,0.0,0.0,0.0,0.0,0.0,12.0,257.9,6.5,12.6,154.0,1004.0,1004.0,2.7,5.3
2024-07-09 13:45:00+02:00,29.8,29.5,29.7,14.7,40.0,33.2,74.0,674.4,6.0,0.0,0.0,0.0,0.0,0.0,12.0,257.9,8.6,16.9,139.0,1004.1,1004.1,2.7,5.3
2024-07-09 13:50:00+02:00,29.3,28.9,29.5,14.1,39.0,33.3,75.0,678.6,6.0,0.0,0.0,0.0,0.0,0.0,12.0,257.9,5.6,18.0,118.0,1004.1,1004.1,2.7,5.3
2024-07-09 13:55:00+02:00,29.7,29.2,30.4,14.4,39.0,33.5,76.0,687.9,6.0,0.0,0.0,0.0,0.0,0.0,12.0,257.9,3.7,11.2,104.0,1004.1,1004.1,2.7,5.3
2024-07-09 14:00:00+02:00,29.6,29.2,30.1,14.4,40.0,33.6,76.0,676.7,6.0,0.0,0.0,0.0,0.0,0.0,12.0,257.9,4.5,15.8,146.0,1003.9,1003.9,2.7,5.3
2024-07-09 14:05:00+02:00,30.2,30.1,30.5,15.6,41.0,33.7,76.0,671.7,6.0,0.0,0.0,0.0,0.0,0.0,12.0,257.9,7.7,18.7,126.0,1003.9,1003.9,2.7,5.3
2024-07-09 14:10:00+02:00,29.6,29.4,29.7,15.0,41.0,33.8,77.0,651.4,6.0,0.0,0.0,0.0,0.0,0.0,12.0,257.9,7.9,18.7,131.0,1003.8,1003.8,2.7,5.3
2024-07-09 14:15:00+02:00,29.9,29.7,30.8,15.3,42.0,33.9,77.0,656.7,6.0,0.0,0.0,0.0,0.0,0.0,12.0,257.9,4.5,11.5,156.0,1003.6,1003.6,2.7,5.3
2024-07-09 14:20:00+02:00,30.5,30.2,31.5,15.2,40.0,34.0,77.0,645.6,6.0,0.0,0.0,0.0,0.0,0.0,12.0,257.9,3.5,14.0,161.0,1003.7,1003.7,2.7,5.3
2024-07-09 14:25:00+02:00,31.2,30.9,32.1,15.2,38.0,34.1,77.0,652.3,6.0,0.0,0.0,0.0,0.0,0.0,12.0,257.9,3.7,9.0,177.0,1003.6,1003.6,2.68,5.3
2024-07-09 14:30:00+02:00,30.8,30.6,30.8,15.6,40.0,34.2,77.0,647.3,6.0,0.0,0.0,0.0,0.0,0.0,12.0,257.9,9.0,18.4,129.0,1003.5,1003.5,2.68,5.3
2024-07-09 14:35:00+02:00,30.4,29.9,30.7,14.5,38.0,34.2,77.0,666.9,6.0,0.0,0.0,0.0,0.0,0.0,12.0,257.9,5.8,14.4,136.0,1003.5,1003.5,2.68,5.3
2024-07-09 14:40:00+02:00,30.9,30.5,31.5,15.1,38.0,34.3,77.0,651.7,6.0,0.0,0.0,0.0,0.0,0.0,12.0,257.9,5.0,14.4,144.0,1003.5,1003.5,2.68,5.3
2024-07-09 14:45:00+02:00,31.0,30.8,31.8,15.4,39.0,34.4,77.0,644.1,5.0,0.0,0.0,0.0,0.0,0.0,12.0,257.9,5.1,13.3,147.0,1003.4,1003.4,2.68,5.3
2024-07-09 14:50:00+02:00,31.1,30.9,31.8,15.5,39.0,34.5,77.0,650.4,6.0,0.0,0.0,0.0,0.0,0.0,12.0,257.9,5.7,19.4,141.0,1003.3,1003.3,2.68,5.3
2024-07-09 14:55:00+02:00,30.7,30.5,30.6,15.5,40.0,34.6,77.0,639.3,5.0,0.0,0.0,0.0,0.0,0.0,12.0,257.9,9.6,20.2,150.0,1003.4,1003.4,2.68,5.3
2024-07-09 15:00:00+02:00,30.6,30.5,31.0,15.7,41.0,34.7,77.0,634.6,5.0,0.0,0.0,0.0,0.0,0.0,12.0,257.9,7.9,16.9,127.0,1003.3,1003.3,2.68,5.3
2024-07-09 15:05:00+02:00,30.3,30.0,29.8,15.2,40.0,34.7,77.0,618.1,5.0,0.0,0.0,0.0,0.0,0.0,12.0,257.9,11.0,21.2,136.0,1003.3,1003.3,2.68,5.3
2024-07-09 15:10:00+02:00,30.2,30.1,29.6,15.6,41.0,34.8,77.0,617.8,5.0,0.0,0.0,0.0,0.0,0.0,12.0,257.9,12.3,21.6,128.0,1003.4,1003.4,2.68,5.3
2024-07-09 15:15:00+02:00,30.2,30.1,30.5,15.6,42.0,34.8,77.0,568.8,5.0,0.0,0.0,0.0,0.0,0.0,12.0,257.9,7.5,20.5,133.0,1003.3,1003.3,2.68,5.3
2024-07-09 15:20:00+02:00,30.2,30.2,30.3,15.9,42.0,34.8,77.0,553.6,5.0,0.0,0.0,0.0,0.0,0.0,12.0,257.9,9.2,17.6,131.0,1003.3,1003.3,2.68,5.3
2024-07-09 15:25:00+02:00,30.2,30.0,31.1,15.4,41.0,34.8,77.0,614.4,5.0,0.0,0.0,0.0,0.0,0.0,12.0,257.9,3.8,14.0,141.0,1003.2,1003.2,2.7,5.3
2024-07-09 15:30:00+02:00,31.0,30.8,32.0,15.6,40.0,34.8,78.0,621.7,5.0,0.0,0.0,0.0,0.0,0.0,12.0,257.9,4.2,13.0,150.0,1003.0,1003.0,2.7,5.3
2024-07-09 15:35:00+02:00,31.0,31.0,32.2,15.9,40.0,34.9,78.0,614.4,5.0,0.0,0.0,0.0,0.0,0.0,12.0,257.9,4.0,12.6,136.0,1003.0,1003.0,2.68,5.3
2024-07-09 15:40:00+02:00,31.4,31.2,31.8,15.4,38.0,34.9,78.0,585.2,5.0,0.0,0.0,0.0,0.0,0.0,12.0,257.9,6.8,16.9,127.0,1003.0,1003.0,2.68,5.3
2024-07-09 15:45:00+02:00,31.4,31.1,32.4,15.3,38.0,34.9,78.0,571.0,5.0,0.0,0.0,0.0,0.0,0.0,12.0,257.9,3.6,16.9,157.0,1003.0,1003.0,2.68,5.3
2024-07-09 15:50:00+02:00,31.5,31.4,32.6,15.7,39.0,35.0,78.0,570.0,5.0,0.0,0.0,0.0,0.0,0.0,12.0,257.9,3.7,14.8,140.0,1002.8,1002.8,2.68,5.3
2024-07-09 15:55:00+02:00,31.1,30.8,31.4,15.2,38.0,35.0,78.0,554.0,5.0,0.0,0.0,0.0,0.0,0.0,12.0,257.9,7.1,21.6,155.0,1002.8,1002.8,2.68,5.3
2024-07-09 16:00:00+02:00,31.0,30.6,31.4,15.1,38.0,35.0,79.0,551.1,5.0,0.0,0.0,0.0,0.0,0.0,12.0,257.9,6.4,14.0,141.0,1002.7,1002.7,2.68,5.3
2024-07-09 16:05:00+02:00,30.9,30.5,30.8,14.9,38.0,35.0,79.0,557.1,5.0,0.0,0.0,0.0,0.0,0.0,12.0,257.9,8.4,17.3,123.0,1002.7,1002.7,2.68,5.3
2024-07-09 16:10:00+02:00,30.9,30.7,31.2,15.3,39.0,35.0,79.0,517.0,4.0,0.0,0.0,0.0,0.0,0.0,12.0,257.9,7.6,15.8,139.0,1002.6,1002.6,2.68,5.3
2024-07-09 16:15:00+02:00,30.9,30.6,30.9,15.2,39.0,35.0,79.0,507.7,4.0,0.0,0.0,0.0,0.0,0.0,12.0,257.9,8.5,17.3,131.0,1002.6,1002.6,2.68,5.3
2024-07-09 16:20:00+02:00,30.7,30.3,30.9,14.9,38.0,35.0,79.0,493.8,4.0,0.0,0.0,0.0,0.0,0.0,12.0,257.9,7.3,19.1,143.0,1002.6,1002.6,2.68,5.3
2024-07-09 16:25:00+02:00,30.6,30.4,30.5,15.4,40.0,35.0,79.0,496.6,4.0,0.0,0.0,0.0,0.0,0.0,12.0,257.9,9.6,20.9,131.0,1002.5,1002.5,2.68,5.3
2024-07-09 16:30:00+02:00,30.8,30.5,31.8,15.2,39.0,35.0,79.0,477.5,4.0,0.0,0.0,0.0,0.0,0.0,12.0,257.9,3.1,20.9,145.0,1002.4,1002.4,2.68,5.3
2024-07-09 16:35:00+02:00,31.8,31.8,33.1,16.3,39.0,35.0,80.0,483.0,4.0,0.0,0.0,0.0,0.0,0.0,12.0,257.9,4.0,13.3,129.0,1002.3,1002.3,2.7,5.3
2024-07-09 16:40:00+02:00,31.5,31.3,31.8,15.7,39.0,35.0,80.0,480.0,4.0,0.0,0.0,0.0,0.0,0.0,12.0,257.9,8.0,19.1,122.0,1002.2,1002.2,2.7,5.3
2024-07-09 16:45:00+02:00,30.8,30.7,31.4,15.9,41.0,35.0,80.0,477.4,4.0,0.0,0.0,0.0,0.0,0.0,12.0,257.9,6.8,20.2,139.0,1002.1,1002.1,2.68,5.3
2024-07-09 16:50:00+02:00,31.2,31.2,32.3,16.0,40.0,35.0,80.0,466.1,4.0,0.0,0.0,0.0,0.0,0.0,12.0,257.9,4.8,11.2,119.0,1002.1,1002.1,2.68,5.3
2024-07-09 16:55:00+02:00,31.6,31.4,32.7,15.8,39.0,35.1,80.0,460.7,4.0,0.0,0.0,0.0,0.0,0.0,12.0,257.9,3.7,10.8,123.0,1002.0,1002.0,2.68,5.3
2024-07-09 17:00:00+02:00,31.2,31.4,32.2,16.5,41.0,35.1,80.0,420.4,3.0,0.0,0.0,0.0,0.0,0.0,12.0,257.9,5.8,13.7,136.0,1001.9,1001.9,2.68,5.3
2024-07-09 17:05:00+02:00,31.4,31.5,32.8,16.3,40.0,35.1,80.0,443.2,4.0,0.0,0.0,0.0,0.0,0.0,12.0,257.9,3.5,10.1,99.0,1001.8,1001.8,2.68,5.3
2024-07-09 17:10:00+02:00,31.6,31.7,32.7,16.3,40.0,35.1,80.0,439.1,4.0,0.0,0.0,0.0,0.0,0.0,12.0,257.9,5.3,21.6,146.0,1001.7,1001.7,2.68,5.3
2024-07-09 17:15:00+02:00,31.8,31.9,33.5,16.5,40.0,35.1,81.0,420.4,3.0,0.0,0.0,0.0,0.0,0.0,12.0,257.9,2.3,5.0,112.0,1001.7,1001.7,2.68,5.3
2024-07-09 17:20:00+02:00,32.0,32.1,33.2,16.2,39.0,35.1,81.0,384.0,3.0,0.0,0.0,0.0,0.0,0.0,12.0,257.9,4.3,9.4,122.0,1001.6,1001.6,2.68,5.3
2024-07-09 17:25:00+02:00,31.7,31.9,33.2,16.5,40.0,35.1,81.0,374.4,3.0,0.0,0.0,0.0,0.0,0.0,12.0,257.9,3.5,16.9,128.0,1001.4,1001.4,2.68,5.3
2024-07-09 17:30:00+02:00,31.4,31.5,32.7,16.4,41.0,35.1,81.0,374.7,3.0,0.0,0.0,0.0,0.0,0.0,12.0,257.9,4.1,11.9,129.0,1001.4,1001.4,2.68,5.3
2024-07-09 17:35:00+02:00,31.5,31.6,32.7,16.5,41.0,35.1,81.0,378.2,3.0,0.0,0.0,0.0,0.0,0.0,12.0,257.9,4.8,16.6,122.0,1001.4,1001.4,2.68,5.3
2024-07-09 17:40:00+02:00,31.4,31.4,32.1,16.1,40.0,35.1,81.0,369.7,3.0,0.0,0.0,0.0,0.0,0.0,12.0,257.9,6.4,12.2,128.0,1001.4,1001.4,2.68,5.3
2024-07-09 17:45:00+02:00,31.5,31.6,32.5,16.2,40.0,35.1,81.0,349.8,3.0,0.0,0.0,0.0,0.0,0.0,12.0,257.9,5.8,10.4,132.0,1001.3,1001.3,2.68,5.3
2024-07-09 17:50:00+02:00,31.7,31.7,32.9,16.2,39.0,35.0,81.0,336.2,3.0,0.0,0.0,0.0,0.0,0.0,12.0,257.9,4.4,14.4,168.0,1001.1,1001.1,2.68,5.3
2024-07-09 17:55:00+02:00,31.4,31.4,32.5,16.1,40.0,35.0,81.0,330.4,3.0,0.0,0.0,0.0,0.0,0.0,12.0,257.9,4.8,15.8,126.0,1001.2,1001.2,2.68,5.3
2024-07-09 18:00:00+02:00,31.4,31.2,31.4,15.5,38.0,35.0,81.0,315.1,2.0,0.0,0.0,0.0,0.0,0.0,12.0,257.9,9.3,21.6,143.0,1001.2,1001.2,2.68,5.3
2024-07-09 18:05:00+02:00,31.3,31.3,32.6,16.3,41.0,34.9,81.0,300.0,2.0,0.0,0.0,0.0,0.0,0.0,12.0,257.9,3.9,15.5,139.0,1001.2,1001.2,2.68,5.3
2024-07-09 18:10:00+02:00,31.3,31.1,31.8,15.7,39.0,34.9,81.0,278.8,2.0,0.0,0.0,0.0,0.0,0.0,12.0,257.9,7.0,15.1,144.0,1001.2,1001.2,2.68,5.3
2024-07-09 18:15:00+02:00,31.1,31.2,32.3,16.3,41.0,34.8,81.0,113.3,1.0,0.0,0.0,0.0,0.0,0.0,12.0,257.9,4.7,10.1,145.0,1001.0,1001.0,2.7,5.3
2024-07-09 18:20:00+02:00,30.9,31.0,31.8,16.4,42.0,34.8,81.0,60.1,0.0,0.0,0.0,0.0,0.0,0.0,12.0,257.9,6.1,13.7,124.0,1001.0,1001.0,2.7,5.3
2024-07-09 18:25:00+02:00,30.9,31.0,31.9,16.5,42.0,34.7,81.0,54.3,0.0,0.0,0.0,0.0,0.0,0.0,12.0,257.9,6.0,13.3,122.0,1000.8,1000.8,2.7,5.3
2024-07-09 18:30:00+02:00,30.8,30.9,32.1,16.5,42.0,34.7,81.0,53.3,0.0,0.0,0.0,0.0,0.0,0.0,12.0,257.9,4.6,16.2,149.0,1000.8,1000.8,2.7,5.3
2024-07-09 18:35:00+02:00,30.7,30.9,32.0,16.6,43.0,34.6,81.0,53.6,0.0,0.0,0.0,0.0,0.0,0.0,12.0,257.9,4.5,16.6,129.0,1000.8,1000.8,2.7,5.3
2024-07-09 18:40:00+02:00,30.7,30.8,31.8,16.3,42.0,34.5,81.0,54.5,0.0,0.0,0.0,0.0,0.0,0.0,12.0,257.9,5.2,20.5,97.0,1000.7,1000.7,2.7,5.3
2024-07-09 18:45:00+02:00,30.7,30.7,31.3,15.8,41.0,34.5,81.0,53.5,0.0,0.0,0.0,0.0,0.0,0.0,12.0,257.9,6.7,18.0,130.0,1000.6,1000.6,2.7,5.3
2024-07-09 18:50:00+02:00,30.7,30.6,31.6,15.8,41.0,34.4,81.0,49.7,0.0,0.0,0.0,0.0,0.0,0.0,12.0,257.9,4.8,13.7,145.0,1000.4,1000.4,2.7,5.3
2024-07-09 18:55:00+02:00,30.8,30.7,31.1,15.6,40.0,34.3,81.0,171.3,1.0,0.0,0.0,0.0,0.0,0.0,12.0,257.9,8.3,19.8,124.0,1000.3,1000.3,2.7,5.3
2024-07-09 19:00:00+02:00,30.8,30.6,31.5,15.5,40.0,34.3,81.0,169.3,1.0,0.0,0.0,0.0,0.0,0.0,12.0,257.9,5.8,14.4,140.0,1000.3,1000.3,2.7,5.3
2024-07-09 19:05:00+02:00,30.8,30.7,31.9,15.8,41.0,34.2,81.0,134.5,1.0,0.0,0.0,0.0,0.0,0.0,12.0,257.9,4.2,12.6,126.0,1000.3,1000.3,2.7,5.3
2024-07-09 19:10:00+02:00,30.8,30.6,31.3,15.7,40.0,34.2,81.0,45.6,0.0,0.0,0.0,0.0,0.0,0.0,12.0,257.9,6.7,13.3,123.0,1000.2,1000.2,2.7,5.3
2024-07-09 19:15:00+02:00,30.5,30.5,31.6,15.8,41.0,34.2,81.0,42.2,0.0,0.0,0.0,0.0,0.0,0.0,12.0,257.9,4.5,13.3,108.0,1000.1,1000.1,2.7,5.3
2024-07-09 19:20:00+02:00,30.5,30.5,31.3,16.0,42.0,34.1,81.0,42.1,0.0,0.0,0.0,0.0,0.0,0.0,12.0,257.9,6.0,14.0,142.0,999.9,999.9,2.7,5.3
2024-07-09 19:25:00+02:00,30.5,30.4,31.4,15.7,41.0,34.0,81.0,41.4,0.0,0.0,0.0,0.0,0.0,0.0,12.0,257.9,5.0,10.4,131.0,999.8,999.8,2.7,5.3
2024-07-09 19:30:00+02:00,30.3,30.3,31.0,15.9,42.0,34.0,81.0,38.9,0.0,0.0,0.0,0.0,0.0,0.0,12.0,257.9,6.6,13.3,119.0,999.7,999.7,2.7,5.3
2024-07-09 19:35:00+02:00,30.2,30.1,31.1,15.8,42.0,33.9,81.0,36.4,0.0,0.0,0.0,0.0,0.0,0.0,12.0,257.9,5.2,16.2,118.0,999.7,999.7,2.7,5.3
2024-07-09 19:40:00+02:00,30.2,30.3,31.7,16.0,42.0,33.9,81.0,37.1,0.0,0.0,0.0,0.0,0.0,0.0,12.0,257.9,2.4,9.4,139.0,999.6,999.6,2.7,5.3
2024-07-09 19:45:00+02:00,30.0,30.2,31.8,16.3,43.0,33.8,82.0,35.4,0.0,0.0,0.0,0.0,0.0,0.0,12.0,257.9,1.4,7.2,105.0,999.7,999.7,2.7,5.3
2024-07-09 19:50:00+02:00,30.0,30.1,30.6,16.1,43.0,33.8,82.0,31.2,0.0,0.0,0.0,0.0,0.0,0.0,12.0,257.9,7.1,19.8,119.0,999.9,999.9,2.7,5.3
2024-07-09 19:55:00+02:00,29.9,30.0,31.5,16.2,44.0,33.7,81.0,28.9,0.0,0.0,0.0,0.0,0.0,0.0,12.0,257.9,2.2,10.1,135.0,999.9,999.9,2.7,5.3
2024-07-09 20:00:00+02:00,29.7,29.8,31.0,16.3,44.0,33.7,82.0,26.4,0.0,0.0,0.0,0.0,0.0,0.0,12.0,257.9,3.7,6.5,139.0,1000.0,1000.0,2.7,5.3
2024-07-09 20:05:00+02:00,29.5,29.6,30.8,16.1,45.0,33.6,82.0,28.0,0.0,0.0,0.0,0.0,0.0,0.0,12.0,257.9,3.7,10.4,146.0,1000.1,1000.1,2.7,5.2
2024-07-09 20:10:00+02:00,29.4,29.5,30.8,16.1,45.0,33.5,82.0,28.6,0.0,0.0,0.0,0.0,0.0,0.0,12.0,257.9,3.1,10.1,142.0,1000.2,1000.2,2.7,5.2
2024-07-09 20:15:00+02:00,29.3,29.5,31.0,16.3,45.0,33.5,81.0,27.6,0.0,0.0,0.0,0.0,0.0,0.0,12.0,257.9,2.2,7.2,161.0,1000.4,1000.4,2.7,5.2
2024-07-09 20:20:00+02:00,29.1,29.3,31.2,16.4,46.0,33.4,82.0,28.5,0.0,0.0,0.0,0.0,0.0,0.0,12.0,257.9,0.0,5.0,137.0,1000.5,1000.5,2.7,5.2
2024-07-09 20:25:00+02:00,29.1,29.3,30.4,16.3,46.0,33.3,81.0,29.1,0.0,0.0,0.0,0.0,0.0,0.0,12.0,257.9,4.2,13.7,104.0,1000.5,1000.5,2.7,5.2
2024-07-09 20:30:00+02:00,29.1,29.3,30.6,16.1,45.0,33.3,81.0,29.0,0.0,0.0,0.0,0.0,0.0,0.0,12.0,257.9,2.7,14.4,142.0,1000.5,1000.5,2.7,5.2
2024-07-09 20:35:00+02:00,28.8,29.2,30.6,16.6,48.0,33.2,81.0,27.2,0.0,0.0,0.0,0.0,0.0,0.0,12.0,257.9,2.1,5.8,143.0,1000.5,1000.5,2.7,5.2
2024-07-09 20:40:00+02:00,28.6,28.9,30.2,16.5,48.0,33.2,81.0,26.1,0.0,0.0,0.0,0.0,0.0,0.0,12.0,257.9,2.7,5.0,119.0,1000.3,1000.3,2.7,5.2
2024-07-09 20:45:00+02:00,28.5,28.8,30.3,16.3,47.0,33.1,81.0,22.9,0.0,0.0,0.0,0.0,0.0,0.0,12.0,257.9,1.9,7.9,108.0,1000.4,1000.4,2.7,5.2
2024-07-09 20:50:00+02:00,28.7,28.9,30.5,16.2,47.0,33.0,81.0,19.8,0.0,0.0,0.0,0.0,0.0,0.0,12.0,257.9,0.9,8.3,122.0,1000.4,1000.4,2.7,5.2
2024-07-09 20:55:00+02:00,28.5,28.8,30.1,16.2,47.0,32.9,82.0,17.4,0.0,0.0,0.0,0.0,0.0,0.0,12.0,257.9,2.3,6.5,110.0,1000.6,1000.6,2.7,5.2
2024-07-09 21:00:00+02:00,28.5,28.8,30.1,16.4,48.0,32.9,82.0,15.3,0.0,0.0,0.0,0.0,0.0,0.0,12.0,257.9,3.1,7.9,119.0,1000.5,1000.5,2.7,5.2
2024-07-09 21:05:00+02:00,28.2,28.5,30.1,16.2,48.0,32.8,82.0,13.5,0.0,0.0,0.0,0.0,0.0,0.0,12.0,257.9,0.8,3.6,139.0,1000.5,1000.5,2.7,5.2
2024-07-09 21:10:00+02:00,28.1,28.4,29.7,16.1,48.0,32.7,82.0,11.5,0.0,0.0,0.0,0.0,0.0,0.0,12.0,257.9,2.3,7.2,154.0,1000.5,1000.5,2.7,5.2
2024-07-09 21:15:00+02:00,28.1,28.3,29.7,16.0,48.0,32.7,81.0,9.4,0.0,0.0,0.0,0.0,0.0,0.0,12.0,257.9,1.7,3.6,96.0,1000.4,1000.4,2.7,5.2
2024-07-09 21:20:00+02:00,27.9,28.3,29.7,16.1,49.0,32.6,81.0,7.5,0.0,0.0,0.0,0.0,0.0,0.0,12.0,257.9,1.2,3.2,133.0,1000.5,1000.5,2.7,5.2
2024-07-09 21:25:00+02:00,27.7,28.0,29.5,15.9,48.0,32.5,81.0,6.2,0.0,0.0,0.0,0.0,0.0,0.0,12.0,257.9,1.1,3.6,141.0,1000.5,1000.5,2.7,5.2
2024-07-09 21:30:00+02:00,27.8,28.0,29.2,15.7,48.0,32.4,81.0,4.7,0.0,0.0,0.0,0.0,0.0,0.0,12.0,257.9,2.4,6.1,121.0,1000.5,1000.5,2.7,5.2
2024-07-09 21:35:00+02:00,27.6,27.9,29.3,15.8,49.0,32.4,81.0,3.5,0.0,0.0,0.0,0.0,0.0,0.0,12.0,257.9,1.0,5.0,138.0,1000.5,1000.5,2.7,5.2
2024-07-09 21:40:00+02:00,27.5,27.9,29.4,15.8,49.0,32.3,81.0,2.4,0.0,0.0,0.0,0.0,0.0,0.0,12.0,257.9,0.4,4.0,125.0,1000.5,1000.5,2.7,5.2
2024-07-09 21:45:00+02:00,27.5,27.8,29.0,15.7,49.0,32.2,81.0,1.5,0.0,0.0,0.0,0.0,0.0,0.0,12.0,257.9,1.8,6.8,148.0,1000.5,1000.5,2.7,5.2
2024-07-09 21:50:00+02:00,27.6,27.9,28.0,15.9,49.0,32.2,81.0,0.6,0.0,0.0,0.0,0.0,0.0,0.0,12.0,257.9,8.2,23.0,239.0,1001.9,1001.9,2.7,5.2
2024-07-09 21:55:00+02:00,25.7,25.8,26.2,17.4,60.0,32.1,81.0,0.0,0.0,0.0,0.0,0.0,0.0,0.0,12.0,257.9,10.4,25.9,261.0,1002.8,1002.8,2.7,5.2
2024-07-09 22:00:00+02:00,24.1,24.1,24.6,17.1,65.0,32.0,81.0,0.0,0.0,0.0,0.0,0.0,0.0,0.0,12.0,257.9,9.6,47.9,289.0,1003.2,1003.2,2.7,5.2
2024-07-09 22:05:00+02:00,23.6,23.6,24.9,17.0,67.0,31.9,81.0,0.0,0.0,0.0,0.0,0.0,0.0,0.0,12.0,257.9,5.4,23.4,235.0,1003.8,1003.8,2.7,5.2
2024-07-09 22:10:00+02:00,23.1,23.1,23.8,16.9,68.0,31.8,81.0,0.0,0.0,0.0,0.0,0.0,0.0,0.0,12.0,257.9,8.9,20.5,245.0,1003.5,1003.5,2.7,5.2
2024-07-09 22:15:00+02:00,22.8,22.8,24.1,16.9,69.0,31.7,80.0,0.0,0.0,0.6,0.1,0.1,0.1,0.1,12.1,258.0,5.2,13.7,230.0,1003.7,1003.7,2.7,5.2
2024-07-09 22:20:00+02:00,22.1,22.1,22.9,17.8,77.0,31.6,80.0,0.0,0.0,2.4,0.4,0.4,0.4,0.4,12.4,258.3,9.7,22.0,252.0,1004.0,1004.0,2.7,5.2
2024-07-09 22:25:00+02:00,20.5,20.5,22.4,18.1,86.0,31.5,80.0,0.0,0.0,9.6,1.6,1.6,1.6,1.6,13.6,259.5,4.6,22.0,296.0,1003.7,1003.7,2.7,5.1
2024-07-09 22:30:00+02:00,19.7,19.7,21.3,17.9,90.0,31.3,79.0,0.0,0.0,10.2,1.8,1.8,1.8,1.8,13.8,259.7,5.8,13.7,249.0,1003.7,1003.7,2.7,5.1
2024-07-09 22:35:00+02:00,19.5,19.5,21.5,18.0,91.0,31.1,78.0,0.0,0.0,3.0,1.8,1.8,1.8,1.8,13.8,259.7,3.9,13.7,356.0,1003.4,1003.4,2.7,5.1
2024-07-09 22:40:00+02:00,19.4,19.4,21.9,18.0,92.0,30.9,78.0,0.0,0.0,0.6,1.9,1.9,1.9,1.9,13.9,259.8,1.5,5.8,274.0,1003.3,1003.3,2.7,5.1
2024-07-09 22:45:00+02:00,19.3,19.3,21.2,18.0,92.0,30.7,78.0,0.0,0.0,0.6,1.9,1.9,1.9,1.9,13.9,259.8,4.5,6.8,315.0,1003.2,1003.2,2.7,5.1
2024-07-09 22:50:00+02:00,19.2,19.2,21.4,17.9,92.0,30.6,78.0,0.0,0.0,0.0,1.9,1.9,1.9,1.9,13.9,259.8,3.0,9.4,306.0,1003.3,1003.3,2.7,5.1
2024-07-09 22:55:00+02:00,19.2,19.2,21.8,18.1,93.0,30.4,78.0,0.0,0.0,0.0,1.9,1.9,1.9,1.9,13.9,259.8,1.0,5.8,48.0,1003.7,1003.7,2.7,5.1
2024-07-09 23:00:00+02:00,19.2,19.2,21.8,18.1,93.0,30.2,78.0,0.0,0.0,1.8,2.2,2.2,2.2,2.2,14.2,260.1,0.8,4.3,126.0,1004.3,1004.3,2.7,5.1
2024-07-09 23:05:00+02:00,19.2,19.2,21.7,18.2,94.0,30.1,78.0,0.0,0.0,4.2,2.6,2.6,2.6,2.6,14.6,260.5,1.9,8.3,247.0,1004.3,1004.3,2.7,5.0
2024-07-09 23:10:00+02:00,19.1,19.1,21.2,18.1,94.0,29.9,78.0,0.0,0.0,6.6,3.3,3.3,3.3,3.3,15.3,261.2,3.4,5.4,109.0,1004.5,1004.5,2.7,5.0
2024-07-09 23:15:00+02:00,18.9,18.9,21.3,18.0,95.0,29.8,78.0,0.0,0.0,7.2,3.7,3.7,3.6,3.7,15.7,261.6,2.2,6.1,120.0,1004.5,1004.5,2.7,5.0
2024-07-09 23:20:00+02:00,18.8,18.8,21.5,18.0,95.0,29.6,78.0,0.0,0.0,6.0,4.1,4.1,3.3,4.1,16.1,262.0,1.1,6.1,59.0,1004.3,1004.3,2.7,5.0
2024-07-09 23:25:00+02:00,18.8,18.8,21.2,18.0,95.0,29.4,78.0,0.0,0.0,4.8,4.4,4.4,2.7,4.4,16.4,262.3,2.4,5.4,41.0,1003.8,1003.8,2.7,5.0
2024-07-09 23:30:00+02:00,18.9,18.9,21.3,18.1,95.0,29.2,78.0,0.0,0.0,4.8,4.8,4.8,3.0,4.8,16.8,262.7,2.4,7.6,22.0,1002.8,1002.8,2.7,5.0
2024-07-09 23:35:00+02:00,18.7,18.7,21.2,17.9,95.0,29.0,78.0,0.0,0.0,3.6,4.9,4.9,3.0,4.9,16.9,262.8,1.6,4.7,122.0,1002.8,1002.8,2.7,4.9
2024-07-09 23:40:00+02:00,18.8,18.8,21.1,17.9,95.0,28.8,78.0,0.0,0.0,2.4,5.1,5.1,3.2,5.1,17.1,263.0,2.2,5.0,94.0,1002.5,1002.5,2.7,4.9
2024-07-09 23:45:00+02:00,18.8,18.8,21.3,18.0,95.0,28.7,78.0,0.0,0.0,1.8,5.1,5.1,3.2,5.1,17.1,263.0,1.6,4.0,38.0,1002.2,1002.2,2.7,4.9
2024-07-09 23:50:00+02:00,18.8,18.8,21.4,18.1,96.0,28.5,78.0,0.0,0.0,0.6,5.1,5.1,3.2,5.1,17.1,263.0,1.1,5.0,121.0,1002.0,1002.0,2.7,4.9
2024-07-09 23:55:00+02:00,18.7,18.7,21.1,18.1,96.0,28.3,78.0,0.0,0.0,0.0,5.1,5.1,3.2,5.1,17.1,263.0,2.0,6.5,129.0,1002.1,1002.1,2.7,4.9
2024-07-10 00:00:00+02:00,18.7,18.7,20.8,18.0,96.0,28.2,78.0,0.0,0.0,0.0,0.0,5.1,2.9,5.1,17.1,263.0,3.6,7.6,134.0,1002.1,1002.1,2.7,4.9
2024-07-10 00:05:00+02:00,18.6,18.6,21.0,18.0,96.0,28.0,78.0,0.0,0.0,0.0,0.0,5.1,2.5,5.1,17.1,263.0,2.2,8.3,156.0,1002.1,1002.1,2.7,4.9
2024-07-10 00:10:00+02:00,18.6,18.6,20.9,17.8,95.0,27.9,78.0,0.0,0.0,0.0,0.0,5.1,1.8,5.1,17.1,263.0,1.9,7.9,172.0,1002.1,1002.1,2.7,4.9
2024-07-10 00:15:00+02:00,18.6,18.6,20.7,17.8,95.0,27.8,78.0,0.0,0.0,0.0,0.0,5.1,1.4,5.1,17.1,263.0,2.9,8.3,128.0,1002.1,1002.1,2.7,4.8
2024-07-10 00:20:00+02:00,18.6,18.6,21.1,17.8,95.0,27.7,78.0,0.0,0.0,0.0,0.0,5.1,0.9,5.1,17.1,263.0,0.9,6.8,130.0,1002.3,1002.3,2.7,4.8
2024-07-10 00:25:00+02:00,18.6,18.6,21.2,17.9,96.0,27.6,78.0,0.0,0.0,0.0,0.0,5.1,0.5,5.1,17.1,263.0,0.8,4.3,167.0,1002.6,1002.6,2.7,4.8
2024-07-10 00:30:00+02:00,18.6,18.6,21.2,18.0,96.0,27.5,79.0,0.0,0.0,0.0,0.0,5.1,0.3,5.1,17.1,263.0,1.0,3.2,176.0,1002.9,1002.9,2.7,4.8
2024-07-10 00:35:00+02:00,18.7,18.7,21.3,18.1,96.0,27.4,79.0,0.0,0.0,0.0,0.0,5.1,0.2,5.1,17.1,263.0,1.2,4.3,86.0,1002.9,1002.9,2.7,4.8
2024-07-10 00:40:00+02:00,18.7,18.7,20.9,18.0,96.0,27.3,79.0,0.0,0.0,0.0,0.0,5.1,0.0,5.1,17.1,263.0,2.7,5.4,234.0,1003.1,1003.1,2.7,4.8
2024-07-10 00:45:00+02:00,18.7,18.7,21.0,18.0,96.0,27.2,79.0,0.0,0.0,0.0,0.0,5.1,0.0,5.1,17.1,263.0,2.2,4.7,123.0,1003.0,1003.0,2.7,4.8
2024-07-10 00:50:00+02:00,18.5,18.5,20.9,17.9,96.0,27.1,79.0,0.0,0.0,0.0,0.0,5.1,0.0,5.1,17.1,263.0,1.9,4.7,152.0,1003.0,1003.0,2.7,4.8
2024-07-10 00:55:00+02:00,18.5,18.5,21.1,17.9,97.0,27.0,79.0,0.0,0.0,0.0,0.0,5.1,0.0,5.1,17.1,263.0,0.9,2.9,149.0,1003.1,1003.1,2.7,4.8
2024-07-10 01:00:00+02:00,18.4,18.4,21.0,17.9,97.0,26.9,79.0,0.0,0.0,0.0,0.0,5.1,0.0,5.1,17.1,263.0,0.8,3.2,134.0,1003.0,1003.0,2.7,4.8
2024-07-10 01:05:00+02:00,18.3,18.3,20.9,17.8,97.0,26.8,79.0,0.0,0.0,0.0,0.0,5.1,0.0,5.1,17.1,263.0,0.7,2.5,119.0,1002.8,1002.8,2.7,4.8
2024-07-10 01:10:00+02:00,18.2,18.2,20.5,17.7,97.0,26.8,79.0,0.0,0.0,0.0,0.0,5.1,0.0,5.1,17.1,263.0,2.1,4.7,125.0,1002.8,1002.8,2.7,4.8
2024-07-10 01:15:00+02:00,18.2,18.2,20.5,17.7,97.0,26.7,79.0,0.0,0.0,0.0,0.0,5.1,0.0,5.1,17.1,263.0,1.5,4.7,111.0,1002.9,1002.9,2.7,4.8
2024-07-10 01:20:00+02:00,18.1,18.1,20.5,17.6,97.0,26.6,79.0,0.0,0.0,0.0,0.0,5.1,0.0,5.1,17.1,263.0,1.1,2.9,118.0,1003.0,1003.0,2.7,4.8
2024-07-10 01:25:00+02:00,17.9,17.9,20.4,17.4,97.0,26.6,79.0,0.0,0.0,0.0,0.0,5.1,0.0,5.1,17.1,263.0,0.7,2.9,145.0,1003.0,1003.0,2.7,4.8
2024-07-10 01:30:00+02:00,18.0,18.0,20.5,17.5,97.0,26.4,79.0,0.0,0.0,0.0,0.0,5.1,0.0,5.1,17.1,263.0,0.0,2.2,254.0,1003.2,1003.2,2.7,4.8
2024-07-10 01:35:00+02:00,18.0,18.0,20.5,17.5,97.0,26.4,79.0,0.0,0.0,0.0,0.0,5.1,0.0,5.1,17.1,263.0,0.4,2.2,300.0,1003.3,1003.3,2.7,4.8
2024-07-10 01:40:00+02:00,18.0,18.0,20.5,17.5,97.0,26.3,79.0,0.0,0.0,0.0,0.0,5.1,0.0,5.1,17.1,263.0,0.7,2.5,124.0,1003.4,1003.4,2.7,4.8
2024-07-10 01:45:00+02:00,18.0,18.0,20.1,17.6,98.0,26.2,79.0,0.0,0.0,0.0,0.0,5.1,0.0,5.1,17.1,263.0,2.6,4.0,115.0,1003.6,1003.6,2.7,4.8
2024-07-10 01:50:00+02:00,17.8,17.8,20.2,17.4,98.0,26.2,79.0,0.0,0.0,0.0,0.0,5.1,0.0,5.1,17.1,263.0,0.8,3.2,100.0,1003.9,1003.9,2.7,4.8
2024-07-10 01:55:00+02:00,17.8,17.8,20.3,17.4,98.0,26.1,79.0,0.0,0.0,0.0,0.0,5.1,0.0,5.1,17.1,263.0,0.4,2.2,137.0,1003.7,1003.7,2.7,4.8
2024-07-10 02:00:00+02:00,17.8,17.8,20.3,17.5,98.0,26.0,79.0,0.0,0.0,0.0,0.0,5.1,0.0,5.1,17.1,263.0,0.8,2.9,108.0,1003.8,1003.8,2.7,4.8
2024-07-10 02:05:00+02:00,17.8,17.8,20.4,17.4,98.0,25.9,79.0,0.0,0.0,0.0,0.0,5.1,0.0,5.1,17.1,263.0,0.0,1.8,101.0,1003.8,1003.8,2.7,4.7
2024-07-10 02:10:00+02:00,17.7,17.7,20.1,17.4,98.0,25.9,79.0,0.0,0.0,0.0,0.0,5.1,0.0,5.1,17.1,263.0,0.4,2.2,106.0,1004.0,1004.0,2.7,4.7
2024-07-10 02:15:00+02:00,17.7,17.7,20.2,17.4,98.0,25.8,79.0,0.0,0.0,0.0,0.0,5.1,0.0,5.1,17.1,263.0,0.0,2.5,115.0,1004.0,1004.0,2.7,4.7
2024-07-10 02:20:00+02:00,17.8,17.8,20.2,17.4,98.0,25.7,80.0,0.0,0.0,0.0,0.0,5.1,0.0,5.1,17.1,263.0,0.7,2.5,139.0,1004.0,1004.0,2.7,4.7
2024-07-10 02:25:00+02:00,17.8,17.8,20.1,17.4,98.0,25.6,80.0,0.0,0.0,0.0,0.0,5.1,0.0,5.1,17.1,263.0,0.9,2.9,96.0,1003.8,1003.8,2.7,4.7
2024-07-10 02:30:00+02:00,17.9,17.9,20.1,17.5,98.0,25.6,80.0,0.0,0.0,0.0,0.0,5.1,0.0,5.1,17.1,263.0,1.9,3.6,107.0,1003.8,1003.8,2.7,4.7
2024-07-10 02:35:00+02:00,17.8,17.8,20.1,17.5,98.0,25.5,80.0,0.0,0.0,0.0,0.0,5.1,0.0,5.1,17.1,263.0,1.6,3.6,106.0,1003.9,1003.9,2.7,4.7
2024-07-10 02:40:00+02:00,17.7,17.7,19.9,17.4,98.0,25.5,80.0,0.0,0.0,0.0,0.0,5.1,0.0,5.1,17.1,263.0,2.2,3.2,114.0,1004.1,1004.1,2.7,4.7
2024-07-10 02:45:00+02:00,17.7,17.7,20.1,17.4,98.0,25.3,79.0,0.0,0.0,0.0,0.0,5.1,0.0,5.1,17.1,263.0,0.8,2.9,113.0,1004.2,1004.2,2.7,4.7
2024-07-10 02:50:00+02:00,17.8,17.8,19.9,17.4,98.0,25.3,80.0,0.0,0.0,0.0,0.0,5.1,0.0,5.1,17.1,263.0,2.1,3.2,117.0,1004.4,1004.4,2.7,4.7
2024-07-10 02:55:00+02:00,17.8,17.8,20.1,17.4,98.0,25.2,80.0,0.0,0.0,0.0,0.0,5.1,0.0,5.1,17.1,263.0,1.2,2.9,115.0,1004.3,1004.3,2.7,4.7
2024-07-10 03:00:00+02:00,17.8,17.8,20.2,17.5,98.0,25.2,80.0,0.0,0.0,0.0,0.0,5.1,0.0,5.1,17.1,263.0,1.4,3.2,117.0,1004.2,1004.2,2.7,4.7
2024-07-10 03:05:00+02:00,17.9,17.9,20.0,17.6,98.0,25.1,80.0,0.0,0.0,0.0,0.0,5.1,0.0,5.1,17.1,263.0,2.5,3.6,141.0,1004.2,1004.2,2.7,4.7
2024-07-10 03:10:00+02:00,18.0,18.0,20.0,17.6,98.0,25.1,80.0,0.0,0.0,0.0,0.0,5.1,0.0,5.1,17.1,263.0,2.9,5.4,122.0,1004.0,1004.0,2.7,4.7
2024-07-10 03:15:00+02:00,18.0,18.0,20.2,17.7,98.0,25.0,80.0,0.0,0.0,0.0,0.0,5.1,0.0,5.1,17.1,263.0,2.4,5.4,137.0,1004.2,1004.2,2.7,4.7
2024-07-10 03:20:00+02:00,17.9,17.9,20.2,17.6,98.0,25.0,80.0,0.0,0.0,0.0,0.0,5.1,0.0,5.1,17.1,263.0,1.7,4.7,131.0,1004.2,1004.2,2.7,4.7
2024-07-10 03:25:00+02:00,17.9,17.9,20.1,17.6,98.0,24.9,80.0,0.0,0.0,0.0,0.0,5.1,0.0,5.1,17.1,263.0,2.1,4.0,116.0,1004.1,1004.1,2.7,4.7
2024-07-10 03:30:00+02:00,17.9,17.9,19.9,17.6,98.0,24.9,80.0,0.0,0.0,0.0,0.0,5.1,0.0,5.1,17.1,263.0,3.2,6.8,133.0,1004.2,1004.2,2.7,4.7
2024-07-10 03:35:00+02:00,17.9,17.9,19.8,17.6,98.0,24.8,80.0,0.0,0.0,0.0,0.0,5.1,0.0,5.1,17.1,263.0,3.6,5.4,131.0,1004.1,1004.1,2.7,4.7
2024-07-10 03:40:00+02:00,17.9,17.9,19.6,17.6,98.0,24.8,80.0,0.0,0.0,0.0,0.0,5.1,0.0,5.1,17.1,263.0,4.5,7.9,134.0,1004.1,1004.1,2.7,4.7
2024-07-10 03:45:00+02:00,17.9,17.9,20.0,17.4,97.0,24.7,80.0,0.0,0.0,0.0,0.0,5.1,0.0,5.1,17.1,263.0,2.6,5.8,125.0,1004.2,1004.2,2.7,4.7
2024-07-10 03:50:00+02:00,18.0,18.0,20.2,17.6,98.0,24.7,80.0,0.0,0.0,0.0,0.0,5.1,0.0,5.1,17.1,263.0,2.1,4.0,136.0,1004.2,1004.2,2.7,4.7
2024-07-10 03:55:00+02:00,17.9,17.9,20.1,17.6,98.0,24.6,80.0,0.0,0.0,0.0,0.0,5.1,0.0,5.1,17.1,263.0,2.1,4.0,124.0,1004.0,1004.0,2.7,4.6
2024-07-10 04:00:00+02:00,17.9,17.9,20.3,17.6,98.0,24.6,80.0,0.0,0.0,0.0,0.0,5.1,0.0,5.1,17.1,263.0,1.2,4.0,126.0,1004.1,1004.1,2.7,4.6
2024-07-10 04:05:00+02:00,17.9,17.9,20.2,17.6,98.0,24.5,80.0,0.0,0.0,0.0,0.0,5.1,0.0,5.1,17.1,263.0,1.6,4.0,135.0,1003.9,1003.9,2.7,4.6
2024-07-10 04:10:00+02:00,17.9,17.9,20.4,17.6,98.0,24.5,80.0,0.0,0.0,0.0,0.0,5.1,0.0,5.1,17.1,263.0,0.8,3.6,81.0,1003.9,1003.9,2.7,4.6
2024-07-10 04:15:00+02:00,18.0,18.0,20.2,17.6,98.0,24.5,80.0,0.0,0.0,0.0,0.0,5.1,0.0,5.1,17.1,263.0,2.1,4.7,123.0,1003.9,1003.9,2.7,4.6
2024-07-10 04:20:00+02:00,18.0,18.0,19.8,17.6,97.0,24.4,80.0,0.0,0.0,0.0,0.0,5.1,0.0,5.1,17.1,263.0,4.0,7.2,130.0,1004.1,1004.1,2.7,4.6
2024-07-10 04:25:00+02:00,18.1,18.1,20.0,17.6,97.0,24.4,80.0,0.0,0.0,0.0,0.0,5.1,0.0,5.1,17.1,263.0,3.4,5.8,131.0,1004.0,1004.0,2.7,4.6
2024-07-10 04:30:00+02:00,18.1,18.1,20.5,17.6,97.0,24.3,80.0,0.0,0.0,0.0,0.0,5.1,0.0,5.1,17.1,263.0,1.3,4.7,140.0,1003.8,1003.8,2.7,4.6
2024-07-10 04:35:00+02:00,18.0,18.0,20.3,17.5,97.0,24.3,80.0,0.0,0.0,0.0,0.0,5.1,0.0,5.1,17.1,263.0,1.9,4.0,143.0,1003.8,1003.8,2.7,4.6
2024-07-10 04:40:00+02:00,18.1,18.1,20.0,17.6,97.0,24.3,80.0,0.0,0.0,0.0,0.0,5.1,0.0,5.1,17.1,263.0,3.7,7.2,130.0,1003.9,1003.9,2.7,4.6
2024-07-10 04:45:00+02:00,18.1,18.1,20.1,17.6,97.0,24.2,80.0,0.0,0.0,0.0,0.0,5.1,0.0,5.1,17.1,263.0,3.3,7.2,129.0,1004.1,1004.1,2.7,4.6
2024-07-10 04:50:00+02:00,18.1,18.1,19.8,17.6,97.0,24.2,80.0,0.0,0.0,0.0,0.0,5.1,0.0,5.1,17.1,263.0,4.9,10.4,125.0,1004.1,1004.1,2.7,4.6
2024-07-10 04:55:00+02:00,18.1,18.1,20.0,17.6,97.0,24.2,80.0,0.0,0.0,0.0,0.0,5.1,0.0,5.1,17.1,263.0,4.0,10.4,131.0,1004.1,1004.1,2.7,4.6
2024-07-10 05:00:00+02:00,18.1,18.1,19.9,17.6,97.0,24.2,80.0,0.0,0.0,0.0,0.0,5.1,0.0,5.1,17.1,263.0,4.5,6.1,138.0,1004.1,1004.1,2.7,4.6
2024-07-10 05:05:00+02:00,18.1,18.1,19.8,17.6,97.0,24.1,81.0,0.1,0.0,0.0,0.0,5.1,0.0,5.1,17.1,263.0,4.7,14.8,125.0,1004.0,1004.0,2.7,4.6
2024-07-10 05:10:00+02:00,18.1,18.1,19.9,17.6,97.0,24.1,80.0,0.2,0.0,0.0,0.0,5.1,0.0,5.1,17.1,263.0,4.1,14.8,124.0,1004.2,1004.2,2.7,4.6
2024-07-10 05:15:00+02:00,18.1,18.1,19.9,17.6,97.0,24.0,81.0,0.2,0.0,0.0,0.0,5.1,0.0,5.1,17.1,263.0,3.9,6.5,132.0,1004.2,1004.2,2.7,4.6
2024-07-10 05:20:00+02:00,18.0,18.0,19.6,17.5,97.0,24.0,81.0,0.4,0.0,0.0,0.0,5.1,0.0,5.1,17.1,263.0,5.0,7.6,120.0,1004.2,1004.2,2.7,4.6
2024-07-10 05:25:00+02:00,18.0,18.0,19.4,17.4,96.0,24.0,81.0,0.6,0.0,0.0,0.0,5.1,0.0,5.1,17.1,263.0,5.8,10.1,130.0,1004.4,1004.4,2.7,4.6
2024-07-10 05:30:00+02:00,18.0,18.0,19.9,17.4,96.0,23.9,81.0,0.9,0.0,0.0,0.0,5.1,0.0,5.1,17.1,263.0,3.5,6.1,129.0,1004.4,1004.4,2.7,4.6
2024-07-10 05:35:00+02:00,18.0,18.0,19.8,17.3,96.0,23.9,81.0,1.5,0.0,0.6,0.1,5.2,0.1,5.2,17.2,263.1,3.5,6.5,135.0,1004.4,1004.4,2.7,4.5
2024-07-10 05:40:00+02:00,18.0,18.0,20.1,17.5,97.0,23.9,81.0,2.3,0.0,0.6,0.1,5.2,0.1,5.2,17.2,263.1,2.4,6.5,67.0,1004.4,1004.4,2.7,4.5
2024-07-10 05:45:00+02:00,17.9,17.9,20.2,17.4,97.0,23.9,81.0,3.1,0.0,0.6,0.1,5.2,0.1,5.2,17.2,263.1,1.5,4.7,154.0,1004.4,1004.4,2.7,4.5
2024-07-10 05:50:00+02:00,17.9,17.9,20.1,17.4,97.0,23.8,81.0,3.5,0.0,0.0,0.1,5.2,0.1,5.2,17.2,263.1,1.8,5.4,123.0,1004.6,1004.6,2.7,4.5
2024-07-10 05:55:00+02:00,17.9,17.9,19.6,17.4,97.0,23.8,81.0,4.0,0.0,0.0,0.1,5.2,0.1,5.2,17.2,263.1,4.5,9.0,148.0,1004.6,1004.6,2.7,4.5
2024-07-10 06:00:00+02:00,17.9,17.9,19.9,17.4,97.0,23.8,81.0,5.3,0.0,0.0,0.1,5.2,0.1,5.2,17.2,263.1,2.8,7.9,154.0,1004.6,1004.6,2.7,4.5
2024-07-10 06:05:00+02:00,17.8,17.8,19.2,17.3,97.0,23.8,81.0,7.5,0.0,0.0,0.1,5.2,0.1,5.2,17.2,263.1,5.6,8.6,116.0,1004.8,1004.8,2.7,4.5
2024-07-10 06:10:00+02:00,17.8,17.8,19.6,17.3,97.0,23.8,81.0,10.6,0.0,0.0,0.1,5.2,0.1,5.2,17.2,263.1,3.9,7.6,121.0,1004.7,1004.7,2.7,4.5
2024-07-10 06:15:00+02:00,17.9,17.9,19.7,17.4,97.0,23.7,81.0,12.4,0.0,0.0,0.1,5.2,0.1,5.2,17.2,263.1,4.1,7.6,126.0,1004.8,1004.8,2.68,4.5
2024-07-10 06:20:00+02:00,17.9,17.9,19.5,17.4,97.0,23.7,81.0,12.8,0.0,0.0,0.1,5.2,0.1,5.2,17.2,263.1,5.0,10.4,137.0,1004.8,1004.8,2.68,4.5
2024-07-10 06:25:00+02:00,17.9,17.9,19.5,17.4,97.0,23.7,81.0,11.4,0.0,0.0,0.1,5.2,0.1,5.2,17.2,263.1,5.0,8.3,358.0,1005.0,1005.0,2.7,4.5
2024-07-10 06:30:00+02:00,17.9,17.9,19.6,17.4,97.0,23.7,81.0,11.1,0.0,0.0,0.1,5.2,0.1,5.2,17.2,263.1,4.3,7.2,58.0,1005.0,1005.0,2.7,4.5
2024-07-10 06:35:00+02:00,17.9,17.9,19.6,17.4,97.0,23.7,81.0,10.8,0.0,0.0,0.1,5.2,0.0,5.2,17.2,263.1,4.1,8.3,74.0,1005.1,1005.1,2.7,4.4
2024-07-10 06:40:00+02:00,17.9,17.9,19.6,17.3,96.0,23.6,81.0,9.2,0.0,0.0,0.1,5.2,0.0,5.2,17.2,263.1,4.2,7.6,95.0,1005.2,1005.2,2.7,4.4
2024-07-10 06:45:00+02:00,18.0,18.0,19.4,17.3,96.0,23.6,81.0,8.0,0.0,0.0,0.1,5.2,0.0,5.2,17.2,263.1,5.8,12.6,127.0,1005.2,1005.2,2.7,4.4
2024-07-10 06:50:00+02:00,18.0,18.0,19.4,17.3,96.0,23.6,81.0,8.8,0.0,0.6,0.2,5.3,0.1,5.3,17.3,263.2,6.1,10.8,103.0,1005.2,1005.2,2.7,4.4
2024-07-10 06:55:00+02:00,18.0,18.0,19.9,17.3,96.0,23.6,81.0,11.6,0.0,1.2,0.3,5.4,0.2,5.4,17.4,263.3,3.2,9.4,124.0,1005.3,1005.3,2.7,4.4
2024-07-10 07:00:00+02:00,18.0,18.0,19.5,17.3,96.0,23.6,81.0,13.1,0.0,1.2,0.4,5.5,0.3,5.5,17.5,263.4,5.5,14.8,133.0,1005.4,1005.4,2.7,4.4
2024-07-10 07:05:00+02:00,18.0,18.0,19.2,17.3,96.0,23.5,81.0,13.9,0.0,1.2,0.5,5.6,0.4,5.6,17.6,263.5,6.7,12.6,137.0,1005.5,1005.5,2.7,4.4
2024-07-10 07:10:00+02:00,18.0,18.0,19.2,17.3,96.0,23.5,81.0,15.2,0.0,2.4,0.8,5.9,0.7,5.9,17.9,263.8,6.6,15.1,107.0,1005.4,1005.4,2.7,4.4
2024-07-10 07:15:00+02:00,18.0,18.0,19.7,17.4,96.0,23.5,81.0,14.8,0.0,3.0,1.0,6.1,0.9,6.1,18.1,264.0,4.5,8.6,119.0,1005.4,1005.4,2.7,4.3
2024-07-10 07:20:00+02:00,18.0,18.0,19.8,17.5,97.0,23.4,81.0,21.6,0.0,3.6,1.4,6.5,1.3,6.5,18.5,264.4,4.2,7.6,147.0,1005.3,1005.3,2.7,4.3
2024-07-10 07:25:00+02:00,18.0,18.0,19.9,17.5,97.0,23.4,81.0,24.6,0.0,4.2,1.7,6.8,1.6,6.8,18.8,264.7,3.3,7.9,135.0,1005.1,1005.1,2.7,4.3
2024-07-10 07:30:00+02:00,17.9,17.9,19.9,17.4,97.0,23.4,81.0,30.6,0.0,3.6,1.8,6.9,1.7,6.9,18.9,264.8,2.8,7.2,11.0,1004.9,1004.9,2.7,4.3
2024-07-10 07:35:00+02:00,17.9,17.9,19.6,17.4,97.0,23.4,81.0,53.4,0.0,1.8,1.9,7.0,1.8,7.0,19.0,264.9,4.2,10.4,142.0,1004.8,1004.8,2.7,4.3
2024-07-10 07:40:00+02:00,17.9,17.9,20.1,17.4,97.0,23.3,81.0,69.8,0.0,1.2,2.0,7.1,1.9,7.1,19.1,265.0,2.0,8.3,95.0,1004.8,1004.8,2.7,4.3
2024-07-10 07:45:00+02:00,17.9,17.9,19.4,17.4,97.0,23.3,81.0,63.1,0.0,1.8,2.1,7.2,2.0,7.2,19.2,265.1,5.5,8.3,124.0,1004.9,1004.9,2.7,4.3
2024-07-10 07:50:00+02:00,18.0,18.0,19.8,17.5,97.0,23.3,81.0,57.1,0.0,1.2,2.1,7.2,1.9,7.2,19.2,265.1,4.1,7.6,111.0,1004.9,1004.9,2.7,4.3
2024-07-10 07:55:00+02:00,18.0,18.0,19.3,17.5,97.0,23.3,81.0,46.3,0.0,0.6,2.1,7.2,1.8,7.2,19.2,265.1,6.6,13.7,138.0,1005.1,1005.1,2.7,4.3
2024-07-10 08:00:00+02:00,17.9,17.9,19.1,17.4,97.0,23.3,81.0,57.5,0.0,0.0,2.1,7.2,1.7,7.2,19.2,265.1,7.3,13.7,144.0,1005.2,1005.2,2.7,4.3
2024-07-10 08:05:00+02:00,18.0,18.0,19.6,17.5,97.0,23.2,81.0,58.1,0.0,0.0,2.1,7.2,1.5,7.2,19.2,265.1,5.6,10.4,128.0,1005.3,1005.3,2.7,4.3
2024-07-10 08:10:00+02:00,18.1,18.1,19.6,17.5,97.0,23.2,81.0,49.9,0.0,0.6,2.2,7.3,1.4,7.3,19.3,265.2,5.6,10.8,125.0,1005.1,1005.1,2.7,4.3
2024-07-10 08:15:00+02:00,18.2,18.2,19.8,17.5,96.0,23.2,81.0,85.2,0.0,0.6,2.2,7.3,1.2,7.3,19.3,265.2,5.0,12.6,127.0,1005.1,1005.1,2.7,4.3
2024-07-10 08:20:00+02:00,18.2,18.2,19.6,17.6,96.0,23.2,81.0,88.6,0.0,0.6,2.2,7.3,0.8,7.3,19.3,265.2,6.6,10.1,143.0,1005.3,1005.3,2.7,4.3
2024-07-10 08:25:00+02:00,18.3,18.3,19.8,17.6,96.0,23.2,81.0,108.8,1.0,0.0,2.2,7.3,0.5,7.3,19.3,265.2,5.8,13.0,136.0,1005.4,1005.4,2.7,4.3
2024-07-10 08:30:00+02:00,18.4,18.4,20.0,17.7,96.0,23.2,81.0,120.7,1.0,0.0,2.2,7.3,0.4,7.3,19.3,265.2,5.7,12.6,140.0,1005.4,1005.4,2.7,4.3
2024-07-10 08:35:00+02:00,18.5,18.5,20.3,17.7,95.0,23.2,82.0,135.5,1.0,0.0,2.2,7.3,0.3,7.3,19.3,265.2,4.5,13.3,117.0,1005.4,1005.4,2.7,4.3
2024-07-10 08:40:00+02:00,18.7,18.7,20.8,17.8,95.0,23.2,82.0,170.6,1.0,0.0,2.2,7.3,0.2,7.3,19.3,265.2,3.1,9.0,120.0,1005.6,1005.6,2.7,4.3
2024-07-10 08:45:00+02:00,18.8,18.8,20.7,17.9,95.0,23.2,82.0,174.6,1.0,0.0,2.2,7.3,0.1,7.3,19.3,265.2,4.2,8.3,139.0,1005.5,1005.5,2.7,4.4
2024-07-10 08:50:00+02:00,18.8,18.8,20.8,17.8,94.0,23.3,82.0,167.5,1.0,0.0,2.2,7.3,0.1,7.3,19.3,265.2,3.8,7.2,109.0,1005.5,1005.5,2.7,4.4
2024-07-10 08:55:00+02:00,18.8,18.8,20.7,17.6,93.0,23.3,82.0,252.6,2.0,0.0,2.2,7.3,0.1,7.3,19.3,265.2,3.7,9.0,49.0,1005.8,1005.8,2.7,4.4
2024-07-10 09:00:00+02:00,19.1,19.1,21.2,17.9,93.0,23.4,83.0,292.3,2.0,0.0,2.2,7.3,0.1,7.3,19.3,265.2,3.2,7.6,151.0,1005.7,1005.7,2.7,4.4
2024-07-10 09:05:00+02:00,19.6,19.6,21.7,18.2,92.0,23.5,83.0,445.5,4.0,0.0,2.2,7.3,0.1,7.3,19.3,265.2,4.0,8.3,110.0,1005.7,1005.7,2.7,4.5
2024-07-10 09:10:00+02:00,20.2,20.2,22.9,18.5,90.0,23.7,83.0,339.7,3.0,0.0,2.2,7.3,0.0,7.3,19.3,265.2,1.6,7.2,145.0,1005.7,1005.7,2.7,4.5
2024-07-10 09:15:00+02:00,20.4,20.4,22.5,18.4,89.0,23.8,84.0,254.0,2.0,0.0,2.2,7.3,0.0,7.3,19.3,265.2,4.2,10.1,149.0,1005.8,1005.8,2.7,4.6
2024-07-10 09:20:00+02:00,20.1,20.1,22.3,18.1,88.0,24.0,84.0,209.6,1.0,0.0,2.2,7.3,0.0,7.3,19.3,265.2,3.0,12.2,88.0,1005.9,1005.9,2.7,4.6
2024-07-10 09:25:00+02:00,19.8,19.8,21.9,18.0,89.0,24.2,84.0,261.5,2.0,0.0,2.2,7.3,0.0,7.3,19.3,265.2,4.1,12.2,126.0,1005.9,1005.9,2.7,4.7
2024-07-10 09:30:00+02:00,19.9,19.9,21.7,17.8,88.0,24.3,84.0,304.1,2.0,0.0,2.2,7.3,0.0,7.3,19.3,265.2,5.1,9.0,123.0,1006.0,1006.0,2.7,4.7
2024-07-10 09:35:00+02:00,20.1,20.1,22.4,17.8,86.0,24.4,84.0,311.1,2.0,0.0,2.2,7.3,0.0,7.3,19.3,265.2,1.9,7.2,126.0,1005.9,1005.9,2.7,4.8
2024-07-10 09:40:00+02:00,20.2,20.2,22.0,17.6,85.0,24.5,84.0,209.0,1.0,0.0,2.2,7.3,0.0,7.3,19.3,265.2,4.2,9.7,111.0,1006.0,1006.0,2.7,4.8
2024-07-10 09:45:00+02:00,20.0,20.0,22.0,17.4,85.0,24.6,84.0,248.4,2.0,0.0,2.2,7.3,0.0,7.3,19.3,265.2,2.7,8.6,128.0,1005.9,1005.9,2.7,4.8
2024-07-10 09:50:00+02:00,20.2,20.2,22.0,17.5,84.0,24.7,84.0,290.3,2.0,0.0,2.2,7.3,0.0,7.3,19.3,265.2,3.7,7.6,121.0,1005.9,1005.9,2.7,4.8
2024-07-10 09:55:00+02:00,20.3,20.3,22.7,17.8,85.0,24.8,84.0,277.3,2.0,0.0,2.2,7.3,0.0,7.3,19.3,265.2,1.5,4.3,149.0,1006.0,1006.0,2.7,4.9
2024-07-10 10:00:00+02:00,20.8,20.8,23.4,18.0,84.0,24.9,84.0,526.2,4.0,0.0,2.2,7.3,0.0,7.3,19.3,265.2,0.7,6.1,121.0,1005.9,1005.9,2.7,4.9
2024-07-10 10:05:00+02:00,21.2,21.2,23.9,18.1,82.0,25.0,84.0,285.4,2.0,0.0,2.2,7.3,0.0,7.3,19.3,265.2,0.4,4.7,133.0,1005.9,1005.9,2.7,5.0
2024-07-10 10:10:00+02:00,21.5,21.5,24.2,18.2,81.0,25.1,84.0,632.0,5.0,0.0,2.2,7.3,0.0,7.3,19.3,265.2,0.9,3.6,155.0,1005.9,1005.9,2.7,5.0
2024-07-10 10:15:00+02:00,21.7,21.7,24.3,18.4,82.0,25.2,84.0,482.6,4.0,0.0,2.2,7.3,0.0,7.3,19.3,265.2,1.8,6.8,162.0,1005.9,1005.9,2.7,5.1
2024-07-10 10:20:00+02:00,21.1,21.1,23.0,18.0,82.0,25.3,84.0,350.7,3.0,0.0,2.2,7.3,0.0,7.3,19.3,265.2,5.0,9.7,129.0,1006.0,1006.0,2.7,5.1
2024-07-10 10:25:00+02:00,21.0,21.0,22.6,17.9,83.0,25.4,84.0,324.1,3.0,0.0,2.2,7.3,0.0,7.3,19.3,265.2,5.7,13.0,128.0,1006.0,1006.0,2.7,5.2
2024-07-10 10:30:00+02:00,21.1,21.1,23.5,18.3,84.0,25.4,84.0,247.0,2.0,0.0,2.2,7.3,0.0,7.3,19.3,265.2,2.8,9.4,147.0,1006.0,1006.0,2.7,5.2
2024-07-10 10:35:00+02:00,21.2,21.2,22.8,18.3,83.0,25.5,84.0,380.1,3.0,0.0,2.2,7.3,0.0,7.3,19.3,265.2,6.9,12.6,125.0,1006.1,1006.1,2.7,5.2
2024-07-10 10:40:00+02:00,21.5,21.5,23.9,18.4,82.0,25.6,84.0,369.9,3.0,0.0,2.2,7.3,0.0,7.3,19.3,265.2,2.7,8.3,166.0,1006.1,1006.1,2.7,5.2
2024-07-10 10:45:00+02:00,22.2,22.2,24.8,18.7,81.0,25.7,84.0,727.2,6.0,0.0,2.2,7.3,0.0,7.3,19.3,265.2,2.4,7.9,140.0,1006.0,1006.0,2.7,5.2
2024-07-10 10:50:00+02:00,22.1,22.1,23.9,18.7,81.0,25.8,83.0,568.5,5.0,0.0,2.2,7.3,0.0,7.3,19.3,265.2,7.1,13.7,127.0,1006.0,1006.0,2.7,5.2
2024-07-10 10:55:00+02:00,21.6,21.6,23.6,18.4,82.0,26.0,83.0,648.8,6.0,0.0,2.2,7.3,0.0,7.3,19.3,265.2,5.1,13.0,156.0,1005.9,1005.9,2.7,5.2
2024-07-10 11:00:00+02:00,22.3,22.3,24.7,18.6,79.0,26.1,83.0,469.3,4.0,0.0,2.2,7.3,0.0,7.3,19.3,265.2,3.0,7.6,176.0,1005.9,1005.9,2.7,5.2
2024-07-10 11:05:00+02:00,22.5,22.5,24.8,18.8,80.0,26.2,83.0,707.6,6.0,0.0,2.2,7.3,0.0,7.3,19.3,265.2,4.1,8.6,178.0,1005.9,1005.9,2.7,5.3
2024-07-10 11:10:00+02:00,23.3,23.3,25.4,18.6,75.0,26.4,83.0,727.6,6.0,0.0,2.2,7.3,0.0,7.3,19.3,265.2,4.6,13.7,194.0,1005.8,1005.8,2.7,5.3
2024-07-10 11:15:00+02:00,22.7,22.7,24.2,18.5,77.0,26.6,83.0,745.9,6.0,0.0,2.2,7.3,0.0,7.3,19.3,265.2,7.4,13.7,136.0,1005.8,1005.8,2.7,5.3
2024-07-10 11:20:00+02:00,22.9,22.9,24.8,18.5,76.0,26.8,84.0,750.2,6.0,0.0,2.2,7.3,0.0,7.3,19.3,265.2,5.7,15.1,130.0,1005.9,1005.9,2.7,5.3
2024-07-10 11:25:00+02:00,22.7,22.7,23.1,18.0,75.0,27.0,83.0,743.7,6.0,0.0,2.2,7.3,0.0,7.3,19.3,265.2,12.3,21.6,132.0,1005.9,1005.9,2.7,5.3
2024-07-10 11:30:00+02:00,22.2,22.2,22.9,17.9,77.0,27.2,83.0,688.8,6.0,0.0,2.2,7.3,0.0,7.3,19.3,265.2,10.5,16.2,124.0,1006.1,1006.1,2.7,5.3
2024-07-10 11:35:00+02:00,22.5,22.5,23.8,18.1,77.0,27.3,83.0,782.2,7.0,0.0,2.2,7.3,0.0,7.3,19.3,265.2,7.7,16.2,137.0,1006.0,1006.0,2.7,5.3
2024-07-10 11:40:00+02:00,23.0,23.0,24.4,18.1,74.0,27.5,83.0,776.9,7.0,0.0,2.2,7.3,0.0,7.3,19.3,265.2,7.3,20.2,133.0,1006.0,1006.0,2.7,5.3
2024-07-10 11:45:00+02:00,22.7,22.7,24.2,18.3,76.0,27.7,83.0,547.8,5.0,0.0,2.2,7.3,0.0,7.3,19.3,265.2,7.3,20.2,148.0,1006.1,1006.1,2.7,5.3
2024-07-10 11:50:00+02:00,23.3,23.3,25.5,18.4,74.0,27.8,82.0,639.9,5.0,0.0,2.2,7.3,0.0,7.3,19.3,265.2,4.3,12.2,141.0,1006.0,1006.0,2.7,5.3
2024-07-10 11:55:00+02:00,23.3,23.3,23.9,18.0,72.0,28.0,82.0,450.3,4.0,0.0,2.2,7.3,0.0,7.3,19.3,265.2,11.4,20.9,134.0,1006.0,1006.0,2.7,5.3
2024-07-10 12:00:00+02:00,22.6,22.6,23.3,17.8,74.0,28.2,82.0,323.8,3.0,0.0,2.2,7.3,0.0,7.3,19.3,265.2,10.7,20.9,123.0,1006.1,1006.1,2.7,5.3
2024-07-10 12:05:00+02:00,22.3,22.3,23.2,17.7,75.0,28.3,82.0,222.5,2.0,0.0,2.2,7.3,0.0,7.3,19.3,265.2,9.2,17.3,130.0,1006.0,1006.0,2.7,5.3
2024-07-10 12:10:00+02:00,22.6,22.6,24.1,17.8,74.0,28.3,81.0,793.4,7.0,0.0,2.2,7.3,0.0,7.3,19.3,265.2,5.9,15.1,119.0,1005.9,1005.9,2.7,5.3
2024-07-10 12:15:00+02:00,23.8,23.8,25.7,18.2,71.0,28.5,81.0,772.8,7.0,0.0,2.2,7.3,0.0,7.3,19.3,265.2,5.2,10.4,104.0,1005.8,1005.8,2.7,5.3
2024-07-10 12:20:00+02:00,24.3,24.3,26.1,18.2,69.0,28.6,81.0,730.5,6.0,0.0,2.2,7.3,0.0,7.3,19.3,265.2,5.2,15.5,130.0,1005.8,1005.8,2.7,5.3
2024-07-10 12:25:00+02:00,24.0,24.0,25.7,18.1,69.0,28.7,81.0,221.7,2.0,0.0,2.2,7.3,0.0,7.3,19.3,265.2,5.8,13.0,136.0,1005.8,1005.8,2.7,5.3
2024-07-10 12:30:00+02:00,24.1,24.1,26.3,18.2,70.0,28.8,81.0,709.9,6.0,0.0,2.2,7.3,0.0,7.3,19.3,265.2,3.4,8.3,231.0,1005.9,1005.9,2.7,5.3
2024-07-10 12:35:00+02:00,24.5,24.5,26.3,18.2,68.0,29.0,81.0,414.8,3.0,0.0,2.2,7.3,0.0,7.3,19.3,265.2,5.7,9.0,111.0,1005.7,1005.7,2.7,5.3
2024-07-10 12:40:00+02:00,23.5,23.5,24.7,17.9,71.0,29.1,80.0,197.3,1.0,0.0,2.2,7.3,0.0,7.3,19.3,265.2,8.1,13.7,121.0,1005.8,1005.8,2.7,5.3
2024-07-10 12:50:00+02:00,24.4,24.4,26.9,18.3,69.0,29.3,80.0,611.9,5.0,0.0,2.2,7.3,0.0,7.3,19.3,265.2,2.2,7.6,107.0,1005.7,1005.7,2.7,5.3
2024-07-10 12:55:00+02:00,25.1,25.1,27.1,18.2,66.0,29.3,80.0,695.4,6.0,0.0,2.2,7.3,0.0,7.3,19.3,265.2,4.2,8.6,127.0,1005.5,1005.5,2.7,5.3
2024-07-10 13:00:00+02:00,25.3,25.3,27.2,18.8,67.0,29.4,80.0,702.7,6.0,0.0,2.2,7.3,0.0,7.3,19.3,265.2,6.4,9.7,127.0,1005.5,1005.5,2.7,5.3
2024-07-10 13:05:00+02:00,25.3,25.3,26.6,18.6,67.0,29.5,80.0,708.0,6.0,0.0,2.2,7.3,0.0,7.3,19.3,265.2,9.4,16.9,104.0,1005.5,1005.5,2.7,5.3
2024-07-10 13:10:00+02:00,24.3,24.3,26.1,18.0,68.0,29.7,80.0,482.1,4.0,0.0,2.2,7.3,0.0,7.3,19.3,265.2,4.9,15.8,129.0,1005.5,1005.5,2.7,5.3
2024-07-10 13:15:00+02:00,24.9,24.9,27.5,18.3,67.0,29.8,80.0,734.0,6.0,0.0,2.2,7.3,0.0,7.3,19.3,265.2,2.1,10.1,184.0,1005.5,1005.5,2.7,5.3
2024-07-10 13:20:00+02:00,26.1,26.1,27.9,18.5,63.0,30.0,81.0,705.8,6.0,0.0,2.2,7.3,0.0,7.3,19.3,265.2,6.3,10.4,167.0,1005.4,1005.4,2.7,5.3
2024-07-10 13:25:00+02:00,26.0,26.0,28.4,18.5,63.0,30.1,81.0,234.0,2.0,0.0,2.2,7.3,0.0,7.3,19.3,265.2,3.1,12.6,178.0,1005.3,1005.3,2.7,5.3
2024-07-10 13:30:00+02:00,25.9,25.9,28.6,18.6,64.0,30.2,81.0,395.7,3.0,0.0,2.2,7.3,0.0,7.3,19.3,265.2,1.4,4.7,144.0,1005.3,1005.3,2.7,5.3
2024-07-10 13:35:00+02:00,25.4,25.4,27.9,18.6,66.0,30.3,81.0,684.9,6.0,0.0,2.2,7.3,0.0,7.3,19.3,265.2,2.7,7.6,113.0,1005.3,1005.3,2.7,5.3
2024-07-10 13:40:00+02:00,25.2,25.2,26.9,18.6,67.0,30.4,81.0,630.6,5.0,0.0,2.2,7.3,0.0,7.3,19.3,265.2,7.0,12.2,131.0,1005.2,1005.2,2.7,5.3
2024-07-10 13:45:00+02:00,25.5,25.5,28.0,18.4,65.0,30.4,82.0,704.7,6.0,0.0,2.2,7.3,0.0,7.3,19.3,265.2,2.4,12.2,155.0,1005.3,1005.3,2.7,5.3
2024-07-10 13:50:00+02:00,26.2,26.2,28.2,18.5,62.0,30.5,82.0,677.3,6.0,0.0,2.2,7.3,0.0,7.3,19.3,265.2,5.4,11.2,137.0,1005.3,1005.3,2.7,5.3
2024-07-10 13:55:00+02:00,25.5,25.5,26.2,18.3,64.0,30.6,82.0,668.6,6.0,0.0,2.2,7.3,0.0,7.3,19.3,265.2,10.9,20.9,139.0,1005.2,1005.2,2.7,5.3
2024-07-10 14:00:00+02:00,25.3,25.3,27.0,17.9,63.0,30.7,82.0,666.9,6.0,0.0,2.2,7.3,0.0,7.3,19.3,265.2,5.5,13.0,131.0,1005.2,1005.2,2.7,5.3
2024-07-10 14:05:00+02:00,25.7,25.7,26.6,18.2,63.0,30.8,82.0,703.4,6.0,0.0,2.2,7.3,0.0,7.3,19.3,265.2,10.2,20.9,141.0,1005.1,1005.1,2.7,5.3
2024-07-10 14:10:00+02:00,25.5,25.5,27.6,18.2,64.0,30.9,82.0,711.9,6.0,0.0,2.2,7.3,0.0,7.3,19.3,265.2,3.7,20.9,136.0,1005.1,1005.1,2.7,5.3
2024-07-10 14:15:00+02:00,26.0,26.0,27.9,18.4,63.0,31.0,82.0,800.0,7.0,0.0,2.2,7.3,0.0,7.3,19.3,265.2,5.5,10.4,133.0,1005.1,1005.1,2.7,5.3
2024-07-10 14:20:00+02:00,25.7,25.7,27.7,18.5,65.0,31.1,82.0,644.5,5.0,0.0,2.2,7.3,0.0,7.3,19.3,265.2,5.3,8.6,134.0,1005.1,1005.1,2.7,5.3
2024-07-10 14:25:00+02:00,25.9,25.9,26.9,18.0,62.0,31.1,82.0,774.9,7.0,0.0,2.2,7.3,0.0,7.3,19.3,265.2,9.2,15.5,131.0,1005.1,1005.1,2.7,5.3
2024-07-10 14:30:00+02:00,26.3,26.5,27.8,17.7,59.0,31.2,82.0,720.8,6.0,0.0,2.2,7.3,0.0,7.3,19.3,265.2,6.3,15.5,169.0,1005.0,1005.0,2.7,5.3
2024-07-10 14:35:00+02:00,25.9,25.9,27.5,17.9,61.0,31.2,82.0,754.1,7.0,0.0,2.2,7.3,0.0,7.3,19.3,265.2,6.0,16.2,139.0,1005.0,1005.0,2.7,5.3
2024-07-10 14:40:00+02:00,26.7,27.5,28.5,18.4,61.0,31.3,82.0,690.8,6.0,0.0,2.2,7.3,0.0,7.3,19.3,265.2,6.0,15.1,123.0,1005.0,1005.0,2.7,5.3
2024-07-10 14:45:00+02:00,25.8,25.8,27.6,18.0,62.0,31.4,82.0,718.1,6.0,0.0,2.2,7.3,0.0,7.3,19.3,265.2,4.8,11.9,142.0,1004.8,1004.8,2.7,5.3
2024-07-10 14:50:00+02:00,25.4,25.4,27.5,18.0,63.0,31.4,82.0,739.8,6.0,0.0,2.2,7.3,0.0,7.3,19.3,265.2,3.9,10.1,148.0,1004.7,1004.7,2.7,5.3
2024-07-10 14:55:00+02:00,26.2,26.2,28.4,18.4,62.0,31.5,82.0,696.1,6.0,0.0,2.2,7.3,0.0,7.3,19.3,265.2,4.2,10.1,130.0,1004.7,1004.7,2.7,5.3
2024-07-10 15:00:00+02:00,25.9,25.9,27.6,18.2,63.0,31.5,82.0,744.5,6.0,0.0,2.2,7.3,0.0,7.3,19.3,265.2,6.2,11.9,146.0,1004.6,1004.6,2.7,5.3
2024-07-10 15:05:00+02:00,26.0,26.0,28.0,18.2,62.0,31.6,82.0,580.3,5.0,0.0,2.2,7.3,0.0,7.3,19.3,265.2,4.3,11.5,138.0,1004.4,1004.4,2.7,5.3
2024-07-10 15:10:00+02:00,25.5,25.5,27.4,18.1,63.0,31.6,82.0,186.0,1.0,0.0,2.2,7.3,0.0,7.3,19.3,265.2,5.0,13.0,147.0,1004.6,1004.6,2.7,5.3
2024-07-10 15:15:00+02:00,25.5,25.5,27.2,17.7,62.0,31.6,82.0,160.5,1.0,0.0,2.2,7.3,0.0,7.3,19.3,265.2,4.8,13.0,151.0,1004.6,1004.6,2.7,5.3
2024-07-10 15:20:00+02:00,25.9,25.9,28.2,18.1,62.0,31.6,82.0,146.8,1.0,0.0,2.2,7.3,0.0,7.3,19.3,265.2,2.9,8.6,239.0,1004.7,1004.7,2.7,5.3
2024-07-10 15:25:00+02:00,25.8,25.8,28.1,18.1,63.0,31.6,82.0,135.0,1.0,0.0,2.2,7.3,0.0,7.3,19.3,265.2,2.4,6.5,154.0,1004.8,1004.8,2.7,5.3
2024-07-10 15:30:00+02:00,25.2,25.2,27.1,17.8,63.0,31.6,82.0,176.6,1.0,0.0,2.2,7.3,0.0,7.3,19.3,265.2,4.2,14.0,122.0,1004.7,1004.7,2.7,5.3
2024-07-10 15:35:00+02:00,25.2,25.2,26.9,17.7,63.0,31.6,82.0,214.1,1.0,0.0,2.2,7.3,0.0,7.3,19.3,265.2,4.8,11.2,118.0,1004.5,1004.5,2.7,5.3
2024-07-10 15:40:00+02:00,25.1,25.1,27.3,18.2,66.0,31.5,82.0,609.0,5.0,0.0,2.2,7.3,0.0,7.3,19.3,265.2,3.5,8.6,121.0,1004.6,1004.6,2.7,5.3
2024-07-10 15:45:00+02:00,25.8,25.8,27.9,18.6,64.0,31.5,82.0,787.0,7.0,0.0,2.2,7.3,0.0,7.3,19.3,265.2,4.7,14.0,148.0,1004.6,1004.6,2.7,5.3
2024-07-10 15:50:00+02:00,25.7,25.7,26.8,18.1,63.0,31.5,82.0,746.1,6.0,0.0,2.2,7.3,0.0,7.3,19.3,265.2,9.1,15.5,124.0,1004.6,1004.6,2.7,5.3
2024-07-10 15:55:00+02:00,25.9,25.9,27.6,18.5,64.0,31.5,82.0,636.1,5.0,0.0,2.2,7.3,0.0,7.3,19.3,265.2,6.2,17.6,129.0,1004.6,1004.6,2.7,5.3
2024-07-10 16:00:00+02:00,25.5,25.5,26.8,18.5,65.0,31.6,82.0,235.8,2.0,0.0,2.2,7.3,0.0,7.3,19.3,265.2,8.4,17.3,134.0,1004.6,1004.6,2.7,5.3
2024-07-10 16:05:00+02:00,24.9,24.9,26.2,18.1,66.0,31.6,82.0,648.6,6.0,0.0,2.2,7.3,0.0,7.3,19.3,265.2,8.3,14.4,132.0,1004.6,1004.6,2.7,5.3
2024-07-10 16:10:00+02:00,25.9,25.9,27.4,18.3,63.0,31.6,82.0,594.6,5.0,0.0,2.2,7.3,0.0,7.3,19.3,265.2,7.1,14.8,126.0,1004.7,1004.7,2.7,5.3
2024-07-10 16:15:00+02:00,24.9,24.9,26.4,18.2,66.0,31.5,82.0,150.2,1.0,0.0,2.2,7.3,0.0,7.3,19.3,265.2,7.6,11.9,137.0,1004.6,1004.6,2.7,5.3
2024-07-10 16:20:00+02:00,24.6,24.6,26.0,18.0,67.0,31.6,82.0,128.3,1.0,0.0,2.2,7.3,0.0,7.3,19.3,265.2,7.2,14.0,130.0,1004.5,1004.5,2.7,5.3
2024-07-10 16:25:00+02:00,24.6,24.6,26.5,18.0,67.0,31.5,82.0,620.8,5.0,0.0,2.2,7.3,0.0,7.3,19.3,265.2,4.8,10.1,142.0,1004.5,1004.5,2.7,5.3
2024-07-10 16:30:00+02:00,25.3,25.3,26.7,18.3,65.0,31.5,82.0,625.3,5.0,0.0,2.2,7.3,0.0,7.3,19.3,265.2,7.8,16.2,122.0,1004.4,1004.4,2.7,5.3
2024-07-10 16:35:00+02:00,26.1,26.1,28.2,18.3,62.0,31.5,82.0,556.2,5.0,0.0,2.2,7.3,0.0,7.3,19.3,265.2,4.2,14.0,144.0,1004.4,1004.4,2.7,5.3
2024-07-10 16:40:00+02:00,26.3,26.3,28.3,18.2,61.0,31.5,82.0,583.1,5.0,0.0,2.2,7.3,0.0,7.3,19.3,265.2,4.3,9.4,127.0,1004.3,1004.3,2.7,5.3
2024-07-10 16:45:00+02:00,26.2,26.2,27.4,18.3,62.0,31.5,82.0,564.4,5.0,0.0,2.2,7.3,0.0,7.3,19.3,265.2,9.0,17.3,134.0,1004.5,1004.5,2.7,5.3
2024-07-10 16:50:00+02:00,26.6,27.1,29.0,18.5,61.0,31.5,82.0,541.6,5.0,0.0,2.2,7.3,0.0,7.3,19.3,265.2,3.4,11.2,186.0,1004.4,1004.4,2.7,5.3
2024-07-10 16:55:00+02:00,27.7,28.8,30.3,18.7,58.0,31.6,82.0,535.6,4.0,0.0,2.2,7.3,0.0,7.3,19.3,265.2,2.4,11.9,133.0,1004.4,1004.4,2.7,5.3
2024-07-10 17:00:00+02:00,27.1,28.3,29.1,18.8,60.0,31.6,82.0,556.0,5.0,0.0,2.2,7.3,0.0,7.3,19.3,265.2,6.0,18.0,139.0,1004.4,1004.4,2.7,5.3
2024-07-10 17:05:00+02:00,27.5,28.4,29.7,18.2,57.0,31.7,82.0,566.1,5.0,0.0,2.2,7.3,0.0,7.3,19.3,265.2,3.4,8.6,245.0,1004.3,1004.3,2.7,5.3
2024-07-10 17:10:00+02:00,28.2,29.3,30.2,18.6,56.0,31.7,82.0,546.7,5.0,0.0,2.2,7.3,0.0,7.3,19.3,265.2,5.0,10.8,243.0,1004.2,1004.2,2.7,5.3
2024-07-10 17:15:00+02:00,27.9,28.8,29.9,18.1,55.0,31.8,83.0,563.4,5.0,0.0,2.2,7.3,0.0,7.3,19.3,265.2,3.7,7.9,50.0,1004.3,1004.3,2.7,5.3
2024-07-10 17:20:00+02:00,28.2,28.9,29.8,17.5,52.0,31.8,83.0,341.0,3.0,0.0,2.2,7.3,0.0,7.3,19.3,265.2,5.0,10.4,238.0,1004.4,1004.4,2.7,5.3
2024-07-10 17:25:00+02:00,27.1,28.0,28.9,17.8,57.0,31.9,83.0,357.9,3.0,0.0,2.2,7.3,0.0,7.3,19.3,265.2,4.8,14.4,203.0,1004.3,1004.3,2.7,5.3
2024-07-10 17:30:00+02:00,27.2,28.2,29.3,18.1,58.0,31.9,83.0,342.9,3.0,0.0,2.2,7.3,0.0,7.3,19.3,265.2,3.5,9.4,182.0,1004.3,1004.3,2.7,5.3
2024-07-10 17:35:00+02:00,26.5,26.9,28.7,18.2,60.0,32.0,83.0,86.7,0.0,0.0,2.2,7.3,0.0,7.3,19.3,265.2,3.3,7.9,133.0,1004.3,1004.3,2.7,5.3
2024-07-10 17:40:00+02:00,25.7,25.7,25.8,18.4,64.0,32.0,83.0,42.4,0.0,0.0,2.2,7.3,0.0,7.3,19.3,265.2,14.7,35.6,128.0,1004.8,1004.8,2.7,5.3
2024-07-10 17:45:00+02:00,22.5,22.5,23.1,18.8,80.0,31.9,83.0,152.8,1.0,2.4,2.6,7.7,0.4,7.7,19.7,265.6,13.0,38.2,99.0,1004.9,1004.9,2.7,5.3
2024-07-10 17:50:00+02:00,20.8,20.8,22.7,18.8,88.0,31.8,82.0,199.4,1.0,3.0,2.7,7.8,0.5,7.8,19.8,265.7,6.6,16.9,132.0,1004.7,1004.7,2.7,5.3
2024-07-10 17:55:00+02:00,20.6,20.6,23.3,19.0,90.0,31.8,82.0,177.4,1.0,3.0,2.7,7.8,0.5,7.8,19.8,265.7,3.0,8.6,124.0,1004.7,1004.7,2.7,5.3
2024-07-10 18:00:00+02:00,20.8,20.8,23.4,19.1,90.0,31.6,81.0,93.9,0.0,0.6,2.7,7.8,0.5,7.8,19.8,265.7,3.2,11.2,84.0,1004.7,1004.7,2.7,5.3
2024-07-10 18:05:00+02:00,21.0,21.0,24.3,19.3,90.0,31.5,81.0,91.0,0.0,0.0,2.7,7.8,0.5,7.8,19.8,265.7,0.0,4.0,103.0,1004.7,1004.7,2.7,5.3
2024-07-10 18:10:00+02:00,21.2,21.2,24.5,19.4,90.0,31.4,81.0,127.5,1.0,0.0,2.7,7.8,0.5,7.8,19.8,265.7,0.4,2.9,78.0,1004.8,1004.8,2.7,5.3
2024-07-10 18:15:00+02:00,21.2,21.2,24.5,19.3,89.0,31.3,81.0,126.6,1.0,0.0,2.7,7.8,0.5,7.8,19.8,265.7,0.4,4.0,141.0,1004.8,1004.8,2.7,5.3
2024-07-10 18:20:00+02:00,21.5,21.5,24.7,19.3,87.0,31.2,81.0,126.0,1.0,0.0,2.7,7.8,0.5,7.8,19.8,265.7,0.7,2.9,95.0,1004.9,1004.9,2.7,5.3
2024-07-10 18:25:00+02:00,21.9,21.9,24.7,19.2,85.0,31.2,81.0,139.8,1.0,0.0,2.7,7.8,0.5,7.8,19.8,265.7,2.5,5.0,91.0,1004.8,1004.8,2.7,5.2
2024-07-10 18:30:00+02:00,22.0,22.0,25.0,19.5,86.0,31.1,81.0,142.3,1.0,0.0,2.7,7.8,0.5,7.8,19.8,265.7,2.3,5.0,114.0,1004.9,1004.9,2.7,5.2
2024-07-10 18:35:00+02:00,21.9,21.9,24.9,19.5,86.0,31.0,81.0,96.2,0.0,0.0,2.7,7.8,0.5,7.8,19.8,265.7,2.8,4.3,111.0,1004.9,1004.9,2.7,5.2
2024-07-10 18:40:00+02:00,21.7,21.7,25.0,19.3,86.0,31.0,81.0,46.6,0.0,0.0,2.7,7.8,0.5,7.8,19.8,265.7,0.7,5.0,121.0,1004.9,1004.9,2.7,5.2
2024-07-10 18:45:00+02:00,21.6,21.6,24.6,19.3,87.0,30.9,81.0,34.0,0.0,0.0,2.7,7.8,0.1,7.8,19.8,265.7,2.0,6.5,110.0,1005.0,1005.0,2.7,5.2
2024-07-10 18:50:00+02:00,21.5,21.5,24.7,19.4,88.0,30.8,81.0,54.8,0.0,0.0,2.7,7.8,0.0,7.8,19.8,265.7,1.1,3.2,134.0,1004.8,1004.8,2.7,5.2
2024-07-10 19:00:00+02:00,21.7,21.7,24.8,19.4,87.0,30.7,81.0,33.5,0.0,0.0,2.7,7.8,0.0,7.8,19.8,265.7,1.8,2.2,132.0,1004.7,1004.7,2.7,5.2
2024-07-10 19:05:00+02:00,21.6,21.6,24.6,19.4,87.0,30.7,81.0,33.5,0.0,0.0,2.7,7.8,0.0,7.8,19.8,265.7,1.9,3.6,126.0,1004.8,1004.8,2.7,5.2
2024-07-10 19:10:00+02:00,21.5,21.5,24.7,19.6,89.0,30.6,81.0,16.1,0.0,0.0,2.7,7.8,0.0,7.8,19.8,265.7,1.3,3.6,124.0,1004.7,1004.7,2.7,5.2
2024-07-10 19:15:00+02:00,21.4,21.4,24.6,19.6,90.0,30.5,81.0,24.6,0.0,3.0,3.2,8.3,0.5,8.3,20.3,266.2,1.7,4.7,208.0,1005.0,1005.0,2.7,5.2
2024-07-10 19:20:00+02:00,21.2,21.2,23.7,19.9,92.0,30.4,81.0,96.1,0.0,50.4,11.1,16.2,8.4,16.2,28.2,274.1,5.8,16.6,251.0,1005.5,1005.5,2.7,5.2
2024-07-10 19:25:00+02:00,20.1,20.1,22.3,18.9,93.0,30.4,81.0,144.6,1.0,54.6,11.9,17.0,9.2,17.0,29.0,274.9,5.1,16.6,329.0,1005.0,1005.0,2.7,5.2
2024-07-10 19:30:00+02:00,20.2,20.2,23.2,19.2,94.0,30.2,80.0,165.5,1.0,45.6,11.9,17.0,9.2,17.0,29.0,274.9,1.6,7.2,52.0,1004.8,1004.8,2.7,5.2
2024-07-10 19:35:00+02:00,20.1,20.1,23.4,19.3,95.0,30.0,80.0,129.7,1.0,0.6,11.9,17.0,9.2,17.0,29.0,274.9,0.5,3.6,88.0,1004.8,1004.8,2.7,5.2
2024-07-10 19:40:00+02:00,20.1,20.1,23.1,19.3,95.0,29.8,79.0,68.7,0.0,0.0,11.9,17.0,9.2,17.0,29.0,274.9,1.5,2.9,147.0,1004.8,1004.8,2.7,5.2
2024-07-10 19:45:00+02:00,20.1,20.1,23.1,19.4,96.0,29.7,79.0,38.6,0.0,0.0,11.9,17.0,9.2,17.0,29.0,274.9,2.2,3.6,168.0,1005.0,1005.0,2.7,5.2
2024-07-10 19:50:00+02:00,19.9,19.9,22.9,19.3,96.0,29.6,79.0,75.7,0.0,0.0,11.9,17.0,9.2,17.0,29.0,274.9,2.0,4.0,173.0,1005.1,1005.1,2.7,5.2
2024-07-10 19:55:00+02:00,19.9,19.9,23.0,19.2,96.0,29.5,79.0,69.3,0.0,0.0,11.9,17.0,9.2,17.0,29.0,274.9,0.9,4.3,170.0,1005.0,1005.0,2.7,5.2
2024-07-10 20:00:00+02:00,19.8,19.8,22.8,19.1,96.0,29.3,79.0,51.1,0.0,0.0,11.9,17.0,9.2,17.0,29.0,274.9,1.3,4.3,174.0,1005.0,1005.0,2.7,5.2
2024-07-10 20:05:00+02:00,19.8,19.8,22.9,19.1,96.0,29.2,79.0,36.5,0.0,0.0,11.9,17.0,9.2,17.0,29.0,274.9,0.9,3.2,163.0,1005.2,1005.2,2.7,5.2
2024-07-10 20:10:00+02:00,19.7,19.7,22.5,19.0,96.0,29.1,79.0,19.9,0.0,0.0,11.9,17.0,9.2,17.0,29.0,274.9,2.1,5.0,171.0,1005.4,1005.4,2.7,5.2
2024-07-10 20:15:00+02:00,19.7,19.7,22.9,19.0,96.0,29.0,79.0,45.5,0.0,0.0,11.9,17.0,8.5,17.0,29.0,274.9,0.0,0.0,158.0,1005.3,1005.3,2.7,5.2
2024-07-10 20:20:00+02:00,19.8,19.8,23.1,19.1,96.0,28.9,79.0,43.9,0.0,0.0,11.9,17.0,0.4,17.0,29.0,274.9,0.0,0.0,189.0,1005.4,1005.4,2.7,5.2
2024-07-10 20:25:00+02:00,19.9,19.9,23.3,19.4,97.0,28.8,80.0,45.9,0.0,0.0,11.9,17.0,0.0,17.0,29.0,274.9,0.0,2.5,247.0,1005.4,1005.4,2.7,5.2
2024-07-10 20:30:00+02:00,20.1,20.1,23.5,19.6,97.0,28.7,80.0,29.0,0.0,0.0,11.9,17.0,0.0,17.0,29.0,274.9,0.0,2.5,221.0,1005.4,1005.4,2.7,5.2
2024-07-10 20:35:00+02:00,20.0,20.0,23.5,19.5,97.0,28.7,80.0,19.6,0.0,0.0,11.9,17.0,0.0,17.0,29.0,274.9,0.0,2.2,216.0,1005.5,1005.5,2.7,5.2
2024-07-10 20:40:00+02:00,20.0,20.0,23.3,19.5,97.0,28.6,80.0,26.1,0.0,0.0,11.9,17.0,0.0,17.0,29.0,274.9,0.9,3.6,135.0,1005.5,1005.5,2.7,5.2
2024-07-10 20:45:00+02:00,20.1,20.1,23.2,19.6,97.0,28.5,80.0,28.9,0.0,0.0,11.9,17.0,0.0,17.0,29.0,274.9,1.9,5.0,275.0,1005.4,1005.4,2.7,5.2
2024-07-10 20:50:00+02:00,20.1,20.1,23.3,19.6,97.0,28.4,80.0,26.7,0.0,0.0,11.9,17.0,0.0,17.0,29.0,274.9,1.9,5.4,291.0,1005.4,1005.4,2.7,5.2
2024-07-10 20:55:00+02:00,20.1,20.1,23.5,19.6,97.0,28.4,80.0,23.8,0.0,0.0,11.9,17.0,0.0,17.0,29.0,274.9,0.4,3.2,219.0,1005.6,1005.6,2.7,5.2
2024-07-10 21:00:00+02:00,20.1,20.1,23.5,19.6,97.0,28.3,80.0,22.3,0.0,0.0,11.9,17.0,0.0,17.0,29.0,274.9,0.8,2.5,156.0,1005.5,1005.5,2.7,5.2
2024-07-10 21:05:00+02:00,20.1,20.1,23.5,19.6,97.0,28.2,80.0,20.1,0.0,0.0,11.9,17.0,0.0,17.0,29.0,274.9,0.7,2.5,177.0,1005.6,1005.6,2.7,5.2
2024-07-10 21:10:00+02:00,20.1,20.1,23.5,19.6,97.0,28.2,80.0,18.5,0.0,0.0,11.9,17.0,0.0,17.0,29.0,274.9,0.5,2.9,128.0,1005.8,1005.8,2.7,5.2
2024-07-10 21:15:00+02:00,19.9,19.9,23.3,19.5,98.0,28.1,80.0,15.4,0.0,0.0,11.9,17.0,0.0,17.0,29.0,274.9,0.4,2.5,177.0,1005.8,1005.8,2.7,5.2
2024-07-10 21:20:00+02:00,19.8,19.8,23.2,19.3,97.0,28.0,80.0,13.2,0.0,0.0,11.9,17.0,0.0,17.0,29.0,274.9,0.0,1.8,177.0,1005.9,1005.9,2.7,5.2
2024-07-10 21:25:00+02:00,19.5,19.5,22.7,19.0,97.0,27.9,80.0,9.6,0.0,0.0,11.9,17.0,0.0,17.0,29.0,274.9,0.0,1.8,166.0,1006.0,1006.0,2.7,5.2
2024-07-10 21:30:00+02:00,19.4,19.4,22.6,18.9,97.0,27.8,80.0,5.9,0.0,0.0,11.9,17.0,0.0,17.0,29.0,274.9,0.0,1.8,158.0,1006.1,1006.1,2.7,5.2
2024-07-10 21:35:00+02:00,19.3,19.3,22.4,18.8,97.0,27.8,80.0,3.8,0.0,0.0,11.9,17.0,0.0,17.0,29.0,274.9,0.0,0.0,227.0,1005.9,1005.9,2.7,5.2
2024-07-10 21:40:00+02:00,19.2,19.2,22.2,18.7,97.0,27.7,80.0,2.8,0.0,0.0,11.9,17.0,0.0,17.0,29.0,274.9,0.8,2.5,178.0,1006.1,1006.1,2.7,5.2
2024-07-10 21:45:00+02:00,19.1,19.1,21.9,18.6,97.0,27.6,80.0,2.0,0.0,0.0,11.9,17.0,0.0,17.0,29.0,274.9,1.0,2.5,166.0,1005.9,1005.9,2.7,5.2
2024-07-10 21:50:00+02:00,19.0,19.0,21.8,18.6,98.0,27.5,80.0,1.6,0.0,0.0,11.9,17.0,0.0,17.0,29.0,274.9,1.5,2.2,156.0,1006.1,1006.1,2.7,5.2
2024-07-10 21:55:00+02:00,18.8,18.8,21.4,18.4,98.0,27.5,80.0,1.0,0.0,0.0,11.9,17.0,0.0,17.0,29.0,274.9,2.0,2.9,157.0,1006.2,1006.2,2.7,5.2
2024-07-10 22:00:00+02:00,18.7,18.7,21.3,18.4,98.0,27.4,80.0,0.6,0.0,0.0,11.9,17.0,0.0,17.0,29.0,274.9,2.0,3.6,142.0,1006.2,1006.2,2.7,5.2
2024-07-10 22:05:00+02:00,18.7,18.7,21.4,18.3,98.0,27.3,80.0,0.3,0.0,0.0,11.9,17.0,0.0,17.0,29.0,274.9,0.7,2.9,153.0,1006.4,1006.4,2.7,5.2
2024-07-10 22:10:00+02:00,18.6,18.6,21.5,18.3,98.0,27.2,80.0,0.2,0.0,0.0,11.9,17.0,0.0,17.0,29.0,274.9,0.0,1.8,161.0,1006.4,1006.4,2.7,5.2
2024-07-10 22:15:00+02:00,18.5,18.5,21.4,18.2,98.0,27.2,80.0,0.1,0.0,0.0,11.9,17.0,0.0,17.0,29.0,274.9,0.0,2.2,148.0,1006.5,1006.5,2.7,5.2
2024-07-10 22:20:00+02:00,18.5,18.5,21.2,18.2,98.0,27.1,80.0,0.0,0.0,0.0,11.9,17.0,0.0,17.0,29.0,274.9,1.1,2.5,158.0,1006.6,1006.6,2.7,5.2
2024-07-10 22:25:00+02:00,18.6,18.6,21.5,18.3,98.0,27.0,80.0,0.0,0.0,0.0,11.9,17.0,0.0,17.0,29.0,274.9,0.0,2.9,152.0,1006.6,1006.6,2.7,5.2
2024-07-10 22:30:00+02:00,18.6,18.6,21.4,18.3,98.0,27.0,80.0,0.0,0.0,0.0,11.9,17.0,0.0,17.0,29.0,274.9,0.7,2.2,165.0,1006.6,1006.6,2.7,5.2
2024-07-10 22:35:00+02:00,18.6,18.6,21.4,18.3,98.0,26.9,80.0,0.0,0.0,0.0,11.9,17.0,0.0,17.0,29.0,274.9,0.4,1.8,139.0,1006.7,1006.7,2.7,5.1
2024-07-10 22:40:00+02:00,18.6,18.6,21.4,18.2,98.0,26.8,80.0,0.0,0.0,0.0,11.9,17.0,0.0,17.0,29.0,274.9,0.4,2.2,143.0,1006.7,1006.7,2.7,5.1
2024-07-10 22:45:00+02:00,18.5,18.5,21.4,18.2,98.0,26.8,80.0,0.0,0.0,0.0,11.9,17.0,0.0,17.0,29.0,274.9,0.0,0.0,135.0,1006.7,1006.7,2.7,5.1
2024-07-10 22:50:00+02:00,18.5,18.5,21.3,18.1,98.0,26.7,80.0,0.0,0.0,0.0,11.9,17.0,0.0,17.0,29.0,274.9,0.0,0.0,135.0,1006.7,1006.7,2.7,5.1
2024-07-10 22:55:00+02:00,18.4,18.4,21.3,18.1,98.0,26.7,80.0,0.0,0.0,0.0,11.9,17.0,0.0,17.0,29.0,274.9,0.0,2.2,201.0,1006.8,1006.8,2.7,5.1
2024-07-10 23:00:00+02:00,18.5,18.5,21.1,18.2,98.0,26.6,80.0,0.0,0.0,0.0,11.9,17.0,0.0,17.0,29.0,274.9,1.6,2.9,140.0,1006.7,1006.7,2.7,5.1
2024-07-10 23:05:00+02:00,18.4,18.4,21.1,18.1,98.0,26.5,80.0,0.0,0.0,0.0,11.9,17.0,0.0,17.0,29.0,274.9,0.6,2.9,126.0,1006.7,1006.7,2.7,5.1
2024-07-10 23:10:00+02:00,18.3,18.3,21.1,17.9,98.0,26.5,80.0,0.0,0.0,0.0,11.9,17.0,0.0,17.0,29.0,274.9,0.0,0.0,134.0,1006.7,1006.7,2.7,5.1
2024-07-10 23:15:00+02:00,18.2,18.2,21.0,17.9,98.0,26.4,80.0,0.0,0.0,0.0,11.9,17.0,0.0,17.0,29.0,274.9,0.0,0.0,142.0,1006.7,1006.7,2.7,5.1
2024-07-10 23:20:00+02:00,18.1,18.1,20.9,18.0,99.0,26.3,80.0,0.0,0.0,0.0,11.9,17.0,0.0,17.0,29.0,274.9,0.0,1.8,157.0,1006.7,1006.7,2.7,5.1
2024-07-10 23:25:00+02:00,18.0,18.0,20.7,17.9,99.0,26.2,80.0,0.0,0.0,0.0,11.9,17.0,0.0,17.0,29.0,274.9,0.7,2.2,153.0,1006.9,1006.9,2.7,5.1
2024-07-10 23:30:00+02:00,17.9,17.9,20.7,17.8,99.0,26.2,80.0,0.0,0.0,0.0,11.9,17.0,0.0,17.0,29.0,274.9,0.0,2.2,167.0,1006.7,1006.7,2.7,5.1
2024-07-10 23:35:00+02:00,17.9,17.9,20.6,17.7,99.0,26.1,80.0,0.0,0.0,0.0,11.9,17.0,0.0,17.0,29.0,274.9,0.0,0.0,142.0,1006.8,1006.8,2.7,5.1
2024-07-10 23:40:00+02:00,17.8,17.8,20.4,17.6,99.0,26.0,80.0,0.0,0.0,0.0,11.9,17.0,0.0,17.0,29.0,274.9,0.0,1.8,153.0,1006.9,1006.9,2.7,5.1
2024-07-10 23:45:00+02:00,17.7,17.7,20.3,17.6,99.0,26.0,80.0,0.0,0.0,0.0,11.9,17.0,0.0,17.0,29.0,274.9,0.0,1.8,157.0,1006.9,1006.9,2.7,5.1
2024-07-10 23:50:00+02:00,17.7,17.7,20.2,17.5,99.0,25.8,80.0,0.0,0.0,0.0,11.9,17.0,0.0,17.0,29.0,274.9,0.0,1.8,174.0,1007.1,1007.1,2.7,5.1
2024-07-10 23:55:00+02:00,17.7,17.7,20.1,17.5,99.0,25.8,80.0,0.0,0.0,0.0,11.9,17.0,0.0,17.0,29.0,274.9,0.4,2.2,134.0,1007.0,1007.0,2.7,5.1
2024-07-11 00:00:00+02:00,17.5,17.5,19.9,17.4,99.0,25.7,80.0,0.0,0.0,0.0,0.0,17.0,0.0,17.0,29.0,274.9,0.7,2.5,158.0,1007.0,1007.0,2.7,5.1
2024-07-11 00:05:00+02:00,17.4,17.4,19.7,17.2,99.0,25.7,80.0,0.0,0.0,0.0,0.0,17.0,0.0,17.0,29.0,274.9,0.8,2.5,154.0,1006.9,1006.9,2.7,5.1
2024-07-11 00:10:00+02:00,17.3,17.3,19.7,17.2,99.0,25.6,80.0,0.0,0.0,0.0,0.0,17.0,0.0,17.0,29.0,274.9,0.4,2.2,137.0,1007.0,1007.0,2.7,5.1
2024-07-11 00:15:00+02:00,17.3,17.3,19.6,17.1,99.0,25.5,80.0,0.0,0.0,0.0,0.0,17.0,0.0,17.0,29.0,274.9,0.7,2.2,166.0,1007.0,1007.0,2.7,5.0
2024-07-11 00:20:00+02:00,17.2,17.2,19.5,17.1,99.0,25.4,80.0,0.0,0.0,0.0,0.0,17.0,0.0,17.0,29.0,274.9,0.8,2.2,147.0,1007.0,1007.0,2.7,5.0
2024-07-11 00:25:00+02:00,17.1,17.1,19.3,16.9,99.0,25.3,80.0,0.0,0.0,0.0,0.0,17.0,0.0,17.0,29.0,274.9,0.9,2.2,139.0,1007.0,1007.0,2.7,5.0
2024-07-11 00:30:00+02:00,17.0,17.0,19.4,16.9,99.0,25.2,80.0,0.0,0.0,0.0,0.0,17.0,0.0,17.0,29.0,274.9,0.0,1.8,183.0,1007.1,1007.1,2.7,5.0
2024-07-11 00:35:00+02:00,17.1,17.1,19.4,16.9,99.0,25.2,80.0,0.0,0.0,0.0,0.0,17.0,0.0,17.0,29.0,274.9,0.0,1.8,138.0,1007.1,1007.1,2.7,5.0
2024-07-11 00:40:00+02:00,17.0,17.0,19.4,16.9,99.0,25.1,80.0,0.0,0.0,0.0,0.0,17.0,0.0,17.0,29.0,274.9,0.0,0.0,166.0,1007.1,1007.1,2.7,5.0
2024-07-11 00:45:00+02:00,17.0,17.0,19.2,16.8,99.0,25.0,80.0,0.0,0.0,0.0,0.0,17.0,0.0,17.0,29.0,274.9,0.4,1.8,167.0,1007.1,1007.1,2.7,5.0
2024-07-11 00:50:00+02:00,17.0,17.0,19.3,16.8,99.0,24.9,80.0,0.0,0.0,0.0,0.0,17.0,0.0,17.0,29.0,274.9,0.0,2.2,139.0,1007.1,1007.1,2.7,5.0
2024-07-11 00:55:00+02:00,17.0,17.0,19.3,16.8,99.0,24.9,80.0,0.0,0.0,0.0,0.0,17.0,0.0,17.0,29.0,274.9,0.0,0.0,146.0,1007.2,1007.2,2.7,5.0
2024-07-11 01:00:00+02:00,16.8,16.8,19.0,16.6,99.0,24.8,80.0,0.0,0.0,0.0,0.0,17.0,0.0,17.0,29.0,274.9,0.0,1.8,234.0,1007.3,1007.3,2.7,5.0
2024-07-11 01:05:00+02:00,16.9,16.9,19.1,16.7,99.0,24.7,80.0,0.0,0.0,0.0,0.0,17.0,0.0,17.0,29.0,274.9,0.0,0.0,158.0,1007.1,1007.1,2.7,5.0
2024-07-11 01:10:00+02:00,16.8,16.8,19.0,16.6,99.0,24.6,80.0,0.0,0.0,0.0,0.0,17.0,0.0,17.0,29.0,274.9,0.4,1.8,132.0,1007.2,1007.2,2.7,5.0
2024-07-11 01:15:00+02:00,16.8,16.8,19.1,16.7,99.0,24.6,80.0,0.0,0.0,0.0,0.0,17.0,0.0,17.0,29.0,274.9,0.0,2.2,122.0,1007.1,1007.1,2.7,5.0
2024-07-11 01:20:00+02:00,16.8,16.8,19.0,16.6,99.0,24.5,80.0,0.0,0.0,0.0,0.0,17.0,0.0,17.0,29.0,274.9,0.4,2.2,141.0,1007.2,1007.2,2.7,5.0
2024-07-11 01:25:00+02:00,16.8,16.8,19.0,16.6,99.0,24.5,80.0,0.0,0.0,0.0,0.0,17.0,0.0,17.0,29.0,274.9,0.4,2.2,124.0,1007.2,1007.2,2.7,5.0
2024-07-11 01:30:00+02:00,16.8,16.8,19.0,16.6,99.0,24.4,80.0,0.0,0.0,0.0,0.0,17.0,0.0,17.0,29.0,274.9,0.4,2.2,135.0,1007.2,1007.2,2.7,5.0
2024-07-11 01:35:00+02:00,16.8,16.8,19.1,16.7,99.0,24.3,80.0,0.0,0.0,0.0,0.0,17.0,0.0,17.0,29.0,274.9,0.0,0.0,98.0,1007.1,1007.1,2.7,5.0
2024-07-11 01:40:00+02:00,16.9,16.9,19.1,16.7,99.0,24.3,80.0,0.0,0.0,0.0,0.0,17.0,0.0,17.0,29.0,274.9,0.0,1.8,183.0,1007.0,1007.0,2.7,5.0
2024-07-11 01:45:00+02:00,16.8,16.8,19.1,16.7,99.0,24.2,80.0,0.0,0.0,0.0,0.0,17.0,0.0,17.0,29.0,274.9,0.0,0.0,158.0,1007.1,1007.1,2.7,5.0
2024-07-11 01:50:00+02:00,17.1,17.1,19.4,16.9,99.0,24.2,80.0,0.0,0.0,0.0,0.0,17.0,0.0,17.0,29.0,274.9,0.0,0.0,108.0,1007.1,1007.1,2.7,5.0
2024-07-11 01:55:00+02:00,16.9,16.9,19.2,16.7,99.0,24.1,80.0,0.0,0.0,0.0,0.0,17.0,0.0,17.0,29.0,274.9,0.0,0.0,186.0,1007.2,1007.2,2.7,5.0
2024-07-11 02:00:00+02:00,16.9,16.9,19.2,16.7,99.0,24.1,80.0,0.0,0.0,0.0,0.0,17.0,0.0,17.0,29.0,274.9,0.0,0.0,220.0,1007.0,1007.0,2.7,5.0
2024-07-11 02:05:00+02:00,17.0,17.0,19.2,16.9,99.0,24.1,80.0,0.0,0.0,0.0,0.0,17.0,0.0,17.0,29.0,274.9,0.9,3.2,266.0,1007.0,1007.0,2.7,4.9
2024-07-11 02:10:00+02:00,17.1,17.1,19.2,16.9,99.0,24.0,80.0,0.0,0.0,0.0,0.0,17.0,0.0,17.0,29.0,274.9,1.2,2.9,279.0,1007.0,1007.0,2.7,4.9
2024-07-11 02:15:00+02:00,17.0,17.0,19.2,16.9,99.0,24.0,80.0,0.0,0.0,0.0,0.0,17.0,0.0,17.0,29.0,274.9,1.0,2.9,279.0,1006.9,1006.9,2.7,4.9
2024-07-11 02:20:00+02:00,16.9,16.9,19.2,16.8,99.0,23.9,80.0,0.0,0.0,0.0,0.0,17.0,0.0,17.0,29.0,274.9,0.0,1.8,210.0,1006.9,1006.9,2.7,4.9
2024-07-11 02:25:00+02:00,16.8,16.8,19.1,16.7,99.0,23.9,80.0,0.0,0.0,0.0,0.0,17.0,0.0,17.0,29.0,274.9,0.0,1.8,129.0,1007.0,1007.0,2.7,4.9
2024-07-11 02:30:00+02:00,16.8,16.8,19.1,16.6,99.0,23.8,80.0,0.0,0.0,0.0,0.0,17.0,0.0,17.0,29.0,274.9,0.0,1.8,145.0,1006.9,1006.9,2.7,4.9
2024-07-11 02:35:00+02:00,16.8,16.8,19.0,16.6,99.0,23.8,80.0,0.0,0.0,0.0,0.0,17.0,0.0,17.0,29.0,274.9,0.0,0.0,165.0,1006.9,1006.9,2.7,4.9
2024-07-11 02:40:00+02:00,16.7,16.7,18.9,16.6,99.0,23.7,80.0,0.0,0.0,0.0,0.0,17.0,0.0,17.0,29.0,274.9,0.0,0.0,64.0,1007.0,1007.0,2.7,4.9
2024-07-11 02:45:00+02:00,16.7,16.7,18.9,16.6,99.0,23.7,80.0,0.0,0.0,0.0,0.0,17.0,0.0,17.0,29.0,274.9,0.0,0.0,234.0,1007.0,1007.0,2.7,4.9
2024-07-11 02:50:00+02:00,16.6,16.6,18.8,16.4,99.0,23.7,80.0,0.0,0.0,0.0,0.0,17.0,0.0,17.0,29.0,274.9,0.0,1.8,210.0,1007.1,1007.1,2.7,4.9
2024-07-11 02:55:00+02:00,16.5,16.5,18.7,16.4,99.0,23.6,80.0,0.0,0.0,0.0,0.0,17.0,0.0,17.0,29.0,274.9,0.0,0.0,242.0,1006.9,1006.9,2.7,4.9
2024-07-11 03:00:00+02:00,16.6,16.6,18.7,16.4,99.0,23.6,80.0,0.0,0.0,0.0,0.0,17.0,0.0,17.0,29.0,274.9,0.0,0.0,228.0,1007.0,1007.0,2.7,4.9
2024-07-11 03:05:00+02:00,16.6,16.6,18.8,16.4,99.0,23.5,80.0,0.0,0.0,0.0,0.0,17.0,0.0,17.0,29.0,274.9,0.0,1.8,151.0,1007.0,1007.0,2.7,4.9
2024-07-11 03:10:00+02:00,16.6,16.6,18.8,16.4,99.0,23.5,80.0,0.0,0.0,0.0,0.0,17.0,0.0,17.0,29.0,274.9,0.0,1.8,215.0,1006.8,1006.8,2.7,4.9
2024-07-11 03:15:00+02:00,16.6,16.6,18.7,16.4,99.0,23.5,80.0,0.0,0.0,0.0,0.0,17.0,0.0,17.0,29.0,274.9,0.0,1.8,211.0,1006.9,1006.9,2.7,4.9
2024-07-11 03:20:00+02:00,16.6,16.6,18.8,16.4,99.0,23.5,80.0,0.0,0.0,0.0,0.0,17.0,0.0,17.0,29.0,274.9,0.0,1.8,187.0,1006.9,1006.9,2.7,4.9
2024-07-11 03:25:00+02:00,16.6,16.6,18.8,16.4,99.0,23.4,80.0,0.0,0.0,0.0,0.0,17.0,0.0,17.0,29.0,274.9,0.0,1.8,196.0,1006.9,1006.9,2.7,4.9
2024-07-11 03:30:00+02:00,16.7,16.7,18.8,16.5,99.0,23.4,80.0,0.0,0.0,0.0,0.0,17.0,0.0,17.0,29.0,274.9,0.0,1.8,135.0,1006.8,1006.8,2.7,4.9
2024-07-11 03:35:00+02:00,16.6,16.6,18.7,16.4,99.0,23.3,80.0,0.0,0.0,0.0,0.0,17.0,0.0,17.0,29.0,274.9,0.4,2.2,193.0,1006.9,1006.9,2.7,4.9
2024-07-11 03:40:00+02:00,16.7,16.7,18.9,16.5,99.0,23.3,81.0,0.0,0.0,0.0,0.0,17.0,0.0,17.0,29.0,274.9,0.0,2.2,64.0,1006.9,1006.9,2.7,4.9
2024-07-11 03:45:00+02:00,16.8,16.8,19.0,16.6,99.0,23.3,80.0,0.0,0.0,0.0,0.0,17.0,0.0,17.0,29.0,274.9,0.0,0.0,74.0,1006.9,1006.9,2.7,4.9
2024-07-11 03:50:00+02:00,16.7,16.7,18.9,16.6,99.0,23.3,81.0,0.0,0.0,0.0,0.0,17.0,0.0,17.0,29.0,274.9,0.0,2.2,284.0,1006.9,1006.9,2.7,4.9
2024-07-11 03:55:00+02:00,16.6,16.6,18.7,16.4,99.0,23.2,81.0,0.0,0.0,0.0,0.0,17.0,0.0,17.0,29.0,274.9,0.0,2.2,239.0,1006.8,1006.8,2.7,4.8
2024-07-11 04:00:00+02:00,16.6,16.6,18.5,16.4,99.0,23.2,81.0,0.0,0.0,0.0,0.0,17.0,0.0,17.0,29.0,274.9,1.4,2.9,274.0,1006.8,1006.8,2.7,4.8
2024-07-11 04:05:00+02:00,16.5,16.5,18.6,16.3,99.0,23.2,81.0,0.0,0.0,0.0,0.0,17.0,0.0,17.0,29.0,274.9,0.0,2.2,253.0,1006.8,1006.8,2.7,4.8
2024-07-11 04:10:00+02:00,16.4,16.4,18.4,16.2,99.0,23.2,81.0,0.0,0.0,0.0,0.0,17.0,0.0,17.0,29.0,274.9,0.4,1.8,197.0,1006.8,1006.8,2.7,4.8
2024-07-11 04:15:00+02:00,16.3,16.3,18.1,16.1,99.0,23.1,81.0,0.0,0.0,0.0,0.0,17.0,0.0,17.0,29.0,274.9,1.2,2.9,239.0,1006.9,1006.9,2.7,4.8
2024-07-11 04:20:00+02:00,16.3,16.3,18.3,16.1,99.0,23.1,81.0,0.0,0.0,0.0,0.0,17.0,0.0,17.0,29.0,274.9,0.4,2.2,258.0,1006.9,1006.9,2.7,4.8
2024-07-11 04:25:00+02:00,16.3,16.3,17.8,16.1,99.0,23.1,81.0,0.0,0.0,0.0,0.0,17.0,0.0,17.0,29.0,274.9,2.3,3.2,262.0,1006.8,1006.8,2.7,4.8
2024-07-11 04:30:00+02:00,16.2,16.2,17.9,16.0,99.0,23.0,81.0,0.0,0.0,0.0,0.0,17.0,0.0,17.0,29.0,274.9,1.2,3.2,254.0,1006.9,1006.9,2.7,4.8
2024-07-11 04:35:00+02:00,16.1,16.1,18.0,15.9,99.0,23.0,81.0,0.0,0.0,0.0,0.0,17.0,0.0,17.0,29.0,274.9,0.4,2.2,262.0,1006.8,1006.8,2.7,4.8
2024-07-11 04:40:00+02:00,16.0,16.0,17.9,15.8,99.0,23.0,81.0,0.0,0.0,0.0,0.0,17.0,0.0,17.0,29.0,274.9,0.0,2.2,194.0,1007.0,1007.0,2.7,4.8
2024-07-11 04:45:00+02:00,16.0,16.0,17.4,15.8,99.0,22.9,81.0,0.0,0.0,0.0,0.0,17.0,0.0,17.0,29.0,274.9,2.6,3.6,145.0,1007.0,1007.0,2.7,4.8
2024-07-11 04:50:00+02:00,16.0,16.0,17.7,15.8,99.0,22.9,81.0,0.0,0.0,0.0,0.0,17.0,0.0,17.0,29.0,274.9,1.0,3.6,146.0,1007.1,1007.1,2.7,4.8
2024-07-11 04:55:00+02:00,16.0,16.0,17.9,15.9,99.0,22.8,81.0,0.0,0.0,0.0,0.0,17.0,0.0,17.0,29.0,274.9,0.5,2.2,181.0,1007.0,1007.0,2.7,4.8
2024-07-11 05:00:00+02:00,16.1,16.1,18.0,15.9,99.0,22.8,81.0,0.1,0.0,0.0,0.0,17.0,0.0,17.0,29.0,274.9,0.4,2.5,146.0,1007.0,1007.0,2.7,4.8
2024-07-11 05:05:00+02:00,16.2,16.2,17.9,16.0,99.0,22.8,81.0,0.1,0.0,0.0,0.0,17.0,0.0,17.0,29.0,274.9,0.9,2.5,151.0,1007.0,1007.0,2.7,4.8
2024-07-11 05:10:00+02:00,16.2,16.2,18.2,16.1,99.0,22.7,81.0,0.1,0.0,0.0,0.0,17.0,0.0,17.0,29.0,274.9,0.0,2.2,174.0,1007.0,1007.0,2.7,4.8
2024-07-11 05:15:00+02:00,16.3,16.3,18.2,16.1,99.0,22.7,81.0,0.1,0.0,0.0,0.0,17.0,0.0,17.0,29.0,274.9,0.8,2.9,140.0,1007.1,1007.1,2.7,4.8
2024-07-11 05:20:00+02:00,16.4,16.4,18.4,16.2,99.0,22.7,81.0,0.1,0.0,0.0,0.0,17.0,0.0,17.0,29.0,274.9,0.4,2.5,127.0,1007.2,1007.2,2.7,4.8
2024-07-11 05:25:00+02:00,16.5,16.5,18.6,16.4,99.0,22.7,81.0,0.1,0.0,0.0,0.0,17.0,0.0,17.0,29.0,274.9,0.4,2.5,265.0,1007.1,1007.1,2.7,4.8
2024-07-11 05:30:00+02:00,16.6,16.6,18.8,16.5,99.0,22.6,81.0,0.2,0.0,0.6,0.1,17.1,0.1,17.1,29.1,275.0,0.0,1.8,197.0,1007.1,1007.1,2.7,4.8
2024-07-11 05:35:00+02:00,16.6,16.6,18.8,16.4,99.0,22.6,81.0,0.5,0.0,1.2,0.2,17.2,0.2,17.2,29.2,275.1,0.0,2.2,151.0,1007.2,1007.2,2.7,4.7
2024-07-11 05:40:00+02:00,16.7,16.7,18.8,16.6,99.0,22.6,81.0,0.9,0.0,1.2,0.3,17.3,0.3,17.3,29.3,275.2,0.7,2.9,138.0,1007.1,1007.1,2.7,4.7
2024-07-11 05:45:00+02:00,16.7,16.7,18.8,16.6,99.0,22.6,81.0,1.0,0.0,0.6,0.3,17.3,0.3,17.3,29.3,275.2,0.7,2.5,139.0,1007.0,1007.0,2.7,4.7
2024-07-11 05:50:00+02:00,16.8,16.8,19.0,16.6,99.0,22.6,81.0,1.1,0.0,0.6,0.3,17.3,0.3,17.3,29.3,275.2,0.4,2.5,201.0,1006.9,1006.9,2.7,4.7
2024-07-11 05:55:00+02:00,16.8,16.8,19.1,16.6,99.0,22.6,81.0,1.8,0.0,0.0,0.3,17.3,0.3,17.3,29.3,275.2,0.0,2.5,167.0,1007.0,1007.0,2.7,4.7
2024-07-11 06:00:00+02:00,16.8,16.8,19.1,16.6,99.0,22.5,81.0,2.2,0.0,0.0,0.3,17.3,0.3,17.3,29.3,275.2,0.0,1.8,137.0,1007.0,1007.0,2.7,4.7
2024-07-11 06:05:00+02:00,16.8,16.8,19.0,16.7,99.0,22.5,81.0,2.7,0.0,0.0,0.3,17.3,0.3,17.3,29.3,275.2,0.4,3.2,155.0,1007.2,1007.2,2.7,4.7
2024-07-11 06:10:00+02:00,16.9,16.9,18.6,16.7,99.0,22.5,81.0,3.1,0.0,0.0,0.3,17.3,0.3,17.3,29.3,275.2,3.0,5.4,145.0,1007.2,1007.2,2.7,4.7
2024-07-11 06:15:00+02:00,16.8,16.8,19.1,16.6,99.0,22.5,81.0,3.5,0.0,0.0,0.3,17.3,0.3,17.3,29.3,275.2,0.0,4.3,152.0,1007.2,1007.2,2.7,4.7
2024-07-11 06:20:00+02:00,16.8,16.8,19.1,16.6,99.0,22.5,81.0,3.5,0.0,0.0,0.3,17.3,0.3,17.3,29.3,275.2,0.0,1.8,223.0,1007.2,1007.2,2.7,4.7
2024-07-11 06:25:00+02:00,16.8,16.8,19.1,16.6,99.0,22.5,81.0,2.4,0.0,0.0,0.3,17.3,0.3,17.3,29.3,275.2,0.0,1.8,149.0,1007.2,1007.2,2.7,4.7
2024-07-11 06:30:00+02:00,16.7,16.7,19.0,16.6,99.0,22.5,81.0,3.9,0.0,0.0,0.3,17.3,0.2,17.3,29.3,275.2,0.0,1.8,180.0,1007.3,1007.3,2.7,4.7
2024-07-11 06:35:00+02:00,16.6,16.6,18.7,16.4,99.0,22.4,81.0,4.7,0.0,0.0,0.3,17.3,0.1,17.3,29.3,275.2,0.0,1.8,227.0,1007.3,1007.3,2.7,4.6
2024-07-11 06:40:00+02:00,16.5,16.5,18.6,16.3,99.0,22.4,81.0,9.9,0.0,0.0,0.3,17.3,0.0,17.3,29.3,275.2,0.0,2.2,145.0,1007.1,1007.1,2.7,4.6
2024-07-11 06:45:00+02:00,16.5,16.5,18.5,16.3,99.0,22.4,81.0,13.0,0.0,0.0,0.3,17.3,0.0,17.3,29.3,275.2,0.4,2.5,127.0,1007.3,1007.3,2.7,4.6
2024-07-11 06:50:00+02:00,16.3,16.3,18.1,16.2,99.0,22.4,82.0,9.6,0.0,0.0,0.3,17.3,0.0,17.3,29.3,275.2,1.7,2.9,134.0,1007.3,1007.3,2.7,4.6
2024-07-11 06:55:00+02:00,16.4,16.4,18.4,16.2,99.0,22.4,81.0,12.2,0.0,0.0,0.3,17.3,0.0,17.3,29.3,275.2,0.5,2.9,133.0,1007.2,1007.2,2.7,4.6
2024-07-11 07:00:00+02:00,16.4,16.4,18.5,16.2,99.0,22.4,82.0,33.6,0.0,0.0,0.3,17.3,0.0,17.3,29.3,275.2,0.0,0.0,156.0,1007.3,1007.3,2.7,4.6
2024-07-11 07:05:00+02:00,16.4,16.4,18.5,16.2,99.0,22.4,82.0,34.6,0.0,0.0,0.3,17.3,0.0,17.3,29.3,275.2,0.0,0.0,130.0,1007.4,1007.4,2.7,4.6
2024-07-11 07:10:00+02:00,16.5,16.5,18.6,16.3,99.0,22.4,82.0,47.3,0.0,0.0,0.3,17.3,0.0,17.3,29.3,275.2,0.0,1.8,139.0,1007.3,1007.3,2.7,4.6
2024-07-11 07:15:00+02:00,16.6,16.6,18.7,16.4,99.0,22.4,82.0,44.3,0.0,0.0,0.3,17.3,0.0,17.3,29.3,275.2,0.0,1.8,164.0,1007.5,1007.5,2.7,4.6
2024-07-11 07:20:00+02:00,16.6,16.6,18.7,16.4,99.0,22.4,82.0,63.6,0.0,0.0,0.3,17.3,0.0,17.3,29.3,275.2,0.4,2.2,139.0,1007.3,1007.3,2.7,4.6
2024-07-11 07:25:00+02:00,16.6,16.6,18.6,16.5,99.0,22.4,82.0,85.3,0.0,0.0,0.3,17.3,0.0,17.3,29.3,275.2,0.8,2.5,146.0,1007.4,1007.4,2.7,4.6
2024-07-11 07:30:00+02:00,16.6,16.6,18.3,16.4,99.0,22.4,82.0,84.3,0.0,0.0,0.3,17.3,0.0,17.3,29.3,275.2,2.2,4.3,153.0,1007.3,1007.3,2.7,4.6
2024-07-11 07:35:00+02:00,16.8,16.8,18.7,16.6,99.0,22.4,82.0,86.3,0.0,0.0,0.3,17.3,0.0,17.3,29.3,275.2,1.8,3.2,153.0,1007.4,1007.4,2.7,4.7
2024-07-11 07:40:00+02:00,16.8,16.8,19.0,16.6,99.0,22.4,82.0,77.7,0.0,0.0,0.3,17.3,0.0,17.3,29.3,275.2,0.4,2.9,175.0,1007.4,1007.4,2.7,4.7
2024-07-11 07:45:00+02:00,16.7,16.7,18.7,16.5,99.0,22.4,82.0,85.7,0.0,0.0,0.3,17.3,0.0,17.3,29.3,275.2,1.0,4.7,147.0,1007.5,1007.5,2.7,4.7
2024-07-11 07:50:00+02:00,16.7,16.7,18.8,16.6,99.0,22.5,82.0,94.4,0.0,0.0,0.3,17.3,0.0,17.3,29.3,275.2,0.4,2.5,187.0,1007.4,1007.4,2.7,4.7
2024-07-11 07:55:00+02:00,16.8,16.8,18.8,16.6,99.0,22.5,82.0,88.6,0.0,0.0,0.3,17.3,0.0,17.3,29.3,275.2,1.4,3.2,153.0,1007.5,1007.5,2.7,4.7
2024-07-11 08:00:00+02:00,16.8,16.8,18.9,16.6,99.0,22.5,82.0,70.9,0.0,0.0,0.3,17.3,0.0,17.3,29.3,275.2,0.7,4.0,139.0,1007.6,1007.6,2.7,4.7
2024-07-11 08:05:00+02:00,16.8,16.8,18.8,16.6,99.0,22.6,83.0,62.7,0.0,0.0,0.3,17.3,0.0,17.3,29.3,275.2,1.0,4.0,155.0,1007.7,1007.7,2.7,4.7
2024-07-11 08:10:00+02:00,16.8,16.8,18.9,16.5,98.0,22.6,83.0,72.3,0.0,0.0,0.3,17.3,0.0,17.3,29.3,275.2,0.9,2.9,156.0,1007.6,1007.6,2.7,4.7
2024-07-11 08:15:00+02:00,16.7,16.7,18.3,16.3,98.0,22.6,83.0,85.4,0.0,0.0,0.3,17.3,0.0,17.3,29.3,275.2,2.4,5.0,143.0,1007.6,1007.6,2.7,4.8
2024-07-11 08:20:00+02:00,16.7,16.7,18.6,16.2,97.0,22.7,83.0,82.7,0.0,0.0,0.3,17.3,0.0,17.3,29.3,275.2,0.9,5.0,173.0,1007.5,1007.5,2.7,4.8
2024-07-11 08:25:00+02:00,16.9,16.9,18.6,16.2,96.0,22.7,83.0,81.1,0.0,0.0,0.3,17.3,0.0,17.3,29.3,275.2,2.3,4.7,121.0,1007.7,1007.7,2.7,4.8
2024-07-11 08:30:00+02:00,17.4,17.4,18.9,16.3,93.0,22.7,83.0,143.2,1.0,0.0,0.3,17.3,0.0,17.3,29.3,275.2,3.1,6.5,126.0,1007.6,1007.6,2.7,4.8
2024-07-11 08:35:00+02:00,17.9,17.9,19.8,16.5,91.0,22.8,83.0,158.3,1.0,0.0,0.3,17.3,0.0,17.3,29.3,275.2,1.4,5.0,178.0,1007.7,1007.7,2.7,4.8
2024-07-11 08:40:00+02:00,18.4,18.4,20.3,16.4,88.0,22.8,83.0,167.2,1.0,0.0,0.3,17.3,0.0,17.3,29.3,275.2,1.2,5.8,161.0,1007.7,1007.7,2.7,4.8
2024-07-11 08:45:00+02:00,18.9,18.9,20.7,16.4,85.0,22.8,83.0,171.3,1.0,0.0,0.3,17.3,0.0,17.3,29.3,275.2,1.7,5.4,212.0,1007.6,1007.6,2.7,4.9
2024-07-11 08:50:00+02:00,19.4,19.4,20.7,16.1,81.0,22.9,83.0,184.4,1.0,0.0,0.3,17.3,0.0,17.3,29.3,275.2,3.5,15.5,99.0,1007.8,1007.8,2.7,4.9
2024-07-11 08:55:00+02:00,19.3,19.3,20.4,15.7,80.0,23.0,83.0,201.1,1.0,0.0,0.3,17.3,0.0,17.3,29.3,275.2,3.9,10.1,145.0,1007.8,1007.8,2.7,5.0
2024-07-11 09:00:00+02:00,19.9,19.9,21.3,15.6,77.0,23.2,84.0,227.8,2.0,0.0,0.3,17.3,0.0,17.3,29.3,275.2,2.3,5.8,332.0,1007.8,1007.8,2.7,5.0
2024-07-11 09:05:00+02:00,20.4,20.4,22.0,15.7,74.0,23.3,84.0,247.0,2.0,0.0,0.3,17.3,0.0,17.3,29.3,275.2,1.7,7.2,280.0,1007.8,1007.8,2.7,5.1
2024-07-11 09:10:00+02:00,20.5,20.5,22.0,15.9,75.0,23.6,84.0,226.8,2.0,0.0,0.3,17.3,0.0,17.3,29.3,275.2,2.3,7.2,96.0,1007.8,1007.8,2.7,5.1
2024-07-11 09:15:00+02:00,21.1,21.1,22.8,16.3,74.0,23.9,83.0,252.0,2.0,0.0,0.3,17.3,0.0,17.3,29.3,275.2,1.6,5.0,204.0,1007.8,1007.8,2.7,5.2
2024-07-11 09:20:00+02:00,21.0,21.0,22.2,16.0,73.0,24.1,83.0,271.7,2.0,0.0,0.3,17.3,0.0,17.3,29.3,275.2,3.7,7.2,144.0,1007.7,1007.7,2.7,5.2
2024-07-11 09:25:00+02:00,21.0,21.0,22.2,15.9,73.0,24.3,83.0,295.7,2.0,0.0,0.3,17.3,0.0,17.3,29.3,275.2,3.8,8.6,146.0,1007.7,1007.7,2.7,5.2
2024-07-11 09:30:00+02:00,20.5,20.5,21.4,15.5,73.0,24.5,82.0,343.9,3.0,0.0,0.3,17.3,0.0,17.3,29.3,275.2,4.6,10.1,134.0,1007.7,1007.7,2.7,5.2
2024-07-11 09:35:00+02:00,20.5,20.5,21.7,15.4,73.0,24.7,82.0,426.9,3.0,0.0,0.3,17.3,0.0,17.3,29.3,275.2,2.8,15.8,111.0,1007.7,1007.7,2.7,5.2
2024-07-11 09:40:00+02:00,21.0,21.0,22.0,15.3,70.0,25.0,82.0,587.9,5.0,0.0,0.3,17.3,0.0,17.3,29.3,275.2,3.8,10.4,144.0,1007.6,1007.6,2.7,5.2
2024-07-11 09:45:00+02:00,20.8,20.8,21.6,15.1,70.0,25.2,81.0,634.1,5.0,0.0,0.3,17.3,0.0,17.3,29.3,275.2,4.4,10.1,145.0,1007.7,1007.7,2.7,5.2
2024-07-11 09:50:00+02:00,21.7,21.7,23.0,15.5,68.0,25.5,81.0,670.9,6.0,0.0,0.3,17.3,0.0,17.3,29.3,275.2,2.7,10.4,223.0,1007.8,1007.8,2.7,5.2
2024-07-11 09:55:00+02:00,21.7,21.7,22.4,14.7,64.0,25.7,81.0,659.8,6.0,0.0,0.3,17.3,0.0,17.3,29.3,275.2,4.0,10.1,144.0,1007.9,1007.9,2.7,5.2
2024-07-11 10:00:00+02:00,22.0,22.0,23.0,14.8,64.0,26.0,80.0,620.3,5.0,0.0,0.3,17.3,0.0,17.3,29.3,275.2,2.4,7.6,67.0,1007.9,1007.9,2.7,5.2
2024-07-11 10:05:00+02:00,21.9,21.9,22.6,14.6,63.0,26.2,80.0,619.6,5.0,0.0,0.3,17.3,0.0,17.3,29.3,275.2,3.7,9.0,155.0,1007.8,1007.8,2.7,5.3
2024-07-11 10:10:00+02:00,22.0,22.0,22.7,14.6,63.0,26.5,79.0,626.7,5.0,0.0,0.3,17.3,0.0,17.3,29.3,275.2,4.1,11.5,114.0,1007.8,1007.8,2.7,5.3
2024-07-11 10:15:00+02:00,21.7,21.7,22.4,14.9,65.0,26.7,79.0,539.7,5.0,0.0,0.3,17.3,0.0,17.3,29.3,275.2,4.8,11.5,176.0,1007.9,1007.9,2.7,5.3
2024-07-11 10:20:00+02:00,22.4,22.4,23.4,14.6,61.0,26.9,78.0,481.3,4.0,0.0,0.3,17.3,0.0,17.3,29.3,275.2,2.3,7.2,334.0,1007.8,1007.8,2.7,5.3
2024-07-11 10:25:00+02:00,22.7,22.7,23.4,14.5,60.0,27.2,78.0,435.1,4.0,0.0,0.3,17.3,0.0,17.3,29.3,275.2,4.0,11.9,140.0,1007.8,1007.8,2.7,5.3
2024-07-11 10:30:00+02:00,23.3,23.3,24.2,14.7,58.0,27.4,78.0,446.9,4.0,0.0,0.3,17.3,0.0,17.3,29.3,275.2,3.2,10.4,179.0,1007.8,1007.8,2.7,5.3
2024-07-11 10:35:00+02:00,22.9,22.9,23.6,14.8,60.0,27.7,77.0,465.8,4.0,0.0,0.3,17.3,0.0,17.3,29.3,275.2,4.4,10.4,176.0,1007.9,1007.9,2.7,5.3
2024-07-11 10:40:00+02:00,22.9,22.9,23.5,14.3,58.0,27.9,77.0,502.3,4.0,0.0,0.3,17.3,0.0,17.3,29.3,275.2,4.1,13.3,288.0,1007.9,1007.9,2.7,5.3
2024-07-11 10:45:00+02:00,22.9,22.9,23.8,14.5,59.0,28.2,77.0,523.5,4.0,0.0,0.3,17.3,0.0,17.3,29.3,275.2,2.8,10.4,284.0,1007.9,1007.9,2.7,5.3
2024-07-11 10:50:00+02:00,22.9,22.9,23.7,14.9,60.0,28.4,77.0,519.8,4.0,0.0,0.3,17.3,0.0,17.3,29.3,275.2,4.4,7.9,126.0,1007.9,1007.9,2.7,5.3
2024-07-11 10:55:00+02:00,22.6,22.6,23.1,15.2,63.0,28.6,76.0,514.3,4.0,0.0,0.3,17.3,0.0,17.3,29.3,275.2,5.9,11.5,133.0,1007.8,1007.8,2.7,5.3
2024-07-11 11:00:00+02:00,22.6,22.6,23.3,15.2,63.0,28.8,76.0,553.8,5.0,0.0,0.3,17.3,0.0,17.3,29.3,275.2,5.1,16.9,142.0,1007.7,1007.7,2.7,5.3
2024-07-11 11:05:00+02:00,22.9,22.9,24.1,15.1,61.0,29.0,76.0,562.1,5.0,0.0,0.3,17.3,0.0,17.3,29.3,275.2,2.2,7.2,114.0,1007.9,1007.9,2.7,5.3
2024-07-11 11:10:00+02:00,23.3,23.3,24.3,15.0,60.0,29.2,76.0,571.2,5.0,0.0,0.3,17.3,0.0,17.3,29.3,275.2,3.2,8.6,147.0,1007.8,1007.8,2.7,5.3
2024-07-11 11:15:00+02:00,23.2,23.2,24.0,15.2,61.0,29.3,75.0,589.7,5.0,0.0,0.3,17.3,0.0,17.3,29.3,275.2,4.5,9.0,159.0,1007.7,1007.7,2.7,5.3
2024-07-11 11:20:00+02:00,22.9,22.9,23.3,15.0,61.0,29.6,75.0,591.2,5.0,0.0,0.3,17.3,0.0,17.3,29.3,275.2,6.3,15.5,119.0,1007.7,1007.7,2.7,5.3
2024-07-11 11:25:00+02:00,23.1,23.1,23.8,15.2,61.0,29.7,75.0,582.6,5.0,0.0,0.3,17.3,0.0,17.3,29.3,275.2,4.8,9.0,219.0,1007.7,1007.7,2.7,5.3
2024-07-11 11:30:00+02:00,24.0,24.0,24.7,14.5,55.0,29.8,75.0,607.8,5.0,0.0,0.3,17.3,0.0,17.3,29.3,275.2,3.6,7.6,209.0,1007.6,1007.6,2.7,5.3
2024-07-11 11:35:00+02:00,24.6,24.6,25.5,14.7,54.0,30.0,75.0,622.2,5.0,0.0,0.3,17.3,0.0,17.3,29.3,275.2,3.1,9.0,205.0,1007.7,1007.7,2.7,5.3
2024-07-11 11:40:00+02:00,24.5,24.5,24.8,14.5,54.0,30.2,75.0,645.5,6.0,0.0,0.3,17.3,0.0,17.3,29.3,275.2,5.7,10.1,243.0,1007.8,1007.8,2.7,5.3
2024-07-11 11:45:00+02:00,24.9,24.9,25.2,14.0,51.0,30.3,75.0,628.9,5.0,0.0,0.3,17.3,0.0,17.3,29.3,275.2,4.7,9.4,206.0,1007.7,1007.7,2.7,5.3
2024-07-11 11:50:00+02:00,24.9,24.9,25.7,14.8,54.0,30.5,74.0,620.5,5.0,0.0,0.3,17.3,0.0,17.3,29.3,275.2,3.3,8.6,189.0,1007.7,1007.7,2.7,5.3
2024-07-11 11:55:00+02:00,25.0,25.0,24.9,13.7,50.0,30.7,75.0,629.0,5.0,0.0,0.3,17.3,0.0,17.3,29.3,275.2,6.2,16.2,214.0,1007.6,1007.6,2.7,5.3
2024-07-11 12:00:00+02:00,24.9,24.9,25.5,13.5,49.0,30.8,74.0,638.7,5.0,0.0,0.3,17.3,0.0,17.3,29.3,275.2,2.7,8.6,204.0,1007.6,1007.6,2.7,5.3
2024-07-11 12:05:00+02:00,24.8,24.8,25.1,13.8,50.0,31.0,74.0,217.1,2.0,0.0,0.3,17.3,0.0,17.3,29.3,275.2,4.6,10.1,290.0,1007.8,1007.8,2.7,5.3
2024-07-11 12:10:00+02:00,23.9,23.9,24.4,13.5,52.0,31.1,74.0,157.0,1.0,0.0,0.3,17.3,0.0,17.3,29.3,275.2,3.0,9.7,204.0,1007.7,1007.7,2.7,5.3
2024-07-11 12:15:00+02:00,23.3,23.3,23.7,13.5,54.0,31.2,74.0,493.2,4.0,0.0,0.3,17.3,0.0,17.3,29.3,275.2,3.6,10.8,217.0,1007.7,1007.7,2.7,5.3
2024-07-11 12:20:00+02:00,23.2,23.2,23.6,13.1,53.0,31.2,74.0,149.9,1.0,0.0,0.3,17.3,0.0,17.3,29.3,275.2,3.0,8.6,189.0,1007.7,1007.7,2.7,5.3
2024-07-11 12:25:00+02:00,23.1,23.1,23.4,13.1,53.0,31.3,74.0,433.5,4.0,0.0,0.3,17.3,0.0,17.3,29.3,275.2,3.1,10.8,224.0,1007.6,1007.6,2.7,5.3
2024-07-11 12:30:00+02:00,23.3,23.3,23.5,13.2,53.0,31.2,73.0,650.1,6.0,0.0,0.3,17.3,0.0,17.3,29.3,275.2,4.2,11.9,352.0,1007.7,1007.7,2.7,5.3
2024-07-11 12:35:00+02:00,23.4,23.4,23.9,13.2,53.0,31.3,74.0,658.2,6.0,0.0,0.3,17.3,0.0,17.3,29.3,275.2,2.7,8.6,80.0,1007.7,1007.7,2.7,5.3
2024-07-11 12:40:00+02:00,24.0,24.0,24.3,13.7,53.0,31.3,74.0,680.0,6.0,0.0,0.3,17.3,0.0,17.3,29.3,275.2,4.4,14.0,198.0,1007.6,1007.6,2.7,5.3
2024-07-11 12:45:00+02:00,24.7,24.7,25.0,13.8,51.0,31.4,74.0,723.7,6.0,0.0,0.3,17.3,0.0,17.3,29.3,275.2,4.8,13.3,181.0,1007.7,1007.7,2.7,5.3
2024-07-11 12:50:00+02:00,24.8,24.8,24.8,13.5,49.0,31.5,74.0,699.6,6.0,0.0,0.3,17.3,0.0,17.3,29.3,275.2,5.7,16.2,144.0,1007.6,1007.6,2.7,5.3
2024-07-11 12:55:00+02:00,24.4,24.4,24.1,13.7,51.0,31.5,74.0,758.8,7.0,0.0,0.3,17.3,0.0,17.3,29.3,275.2,7.7,20.9,139.0,1007.6,1007.6,2.7,5.3
2024-07-11 13:00:00+02:00,24.2,24.2,24.0,13.4,51.0,31.6,74.0,712.6,6.0,0.0,0.3,17.3,0.0,17.3,29.3,275.2,6.0,13.7,172.0,1007.8,1007.8,2.7,5.3
2024-07-11 13:05:00+02:00,24.6,24.6,24.2,13.3,49.0,31.7,74.0,712.6,6.0,0.0,0.3,17.3,0.0,17.3,29.3,275.2,7.7,17.6,169.0,1007.7,1007.7,2.7,5.3
2024-07-11 13:10:00+02:00,24.3,24.3,23.9,14.2,53.0,31.8,74.0,702.1,6.0,0.0,0.3,17.3,0.0,17.3,29.3,275.2,8.6,22.0,121.0,1007.7,1007.7,2.7,5.3
2024-07-11 13:15:00+02:00,25.0,25.0,24.7,13.7,50.0,31.8,73.0,707.7,6.0,0.0,0.3,17.3,0.0,17.3,29.3,275.2,7.6,20.2,151.0,1007.6,1007.6,2.7,5.3
2024-07-11 13:20:00+02:00,24.6,24.6,24.6,13.3,49.0,31.9,73.0,708.8,6.0,0.0,0.3,17.3,0.0,17.3,29.3,275.2,5.3,20.2,124.0,1007.6,1007.6,2.7,5.3
2024-07-11 13:25:00+02:00,26.2,26.2,26.6,14.2,48.0,32.0,73.0,735.2,6.0,0.0,0.3,17.3,0.0,17.3,29.3,275.2,4.5,10.8,159.0,1007.6,1007.6,2.7,5.3
2024-07-11 13:30:00+02:00,25.7,25.7,25.7,13.4,47.0,32.2,73.0,770.3,7.0,0.0,0.3,17.3,0.0,17.3,29.3,275.2,5.8,18.0,235.0,1007.6,1007.6,2.7,5.3
2024-07-11 13:35:00+02:00,26.4,26.5,26.8,13.9,46.0,32.3,72.0,730.5,6.0,0.0,0.3,17.3,0.0,17.3,29.3,275.2,4.8,8.6,234.0,1007.5,1007.5,2.7,5.3
2024-07-11 13:40:00+02:00,26.4,26.5,27.3,14.4,48.0,32.4,72.0,363.4,3.0,0.0,0.3,17.3,0.0,17.3,29.3,275.2,2.6,13.0,281.0,1007.5,1007.5,2.7,5.3
2024-07-11 13:45:00+02:00,24.6,24.6,24.8,13.5,50.0,32.4,73.0,753.6,7.0,0.0,0.3,17.3,0.0,17.3,29.3,275.2,4.8,19.8,115.0,1007.5,1007.5,2.7,5.3
2024-07-11 13:50:00+02:00,24.7,24.7,24.8,13.8,51.0,32.4,73.0,772.1,7.0,0.0,0.3,17.3,0.0,17.3,29.3,275.2,5.3,14.4,121.0,1007.6,1007.6,2.7,5.3
2024-07-11 13:55:00+02:00,25.1,25.1,25.4,13.5,49.0,32.6,73.0,772.6,7.0,0.0,0.3,17.3,0.0,17.3,29.3,275.2,4.0,14.4,119.0,1007.5,1007.5,2.7,5.3
2024-07-11 14:00:00+02:00,25.0,25.0,24.7,13.7,50.0,32.7,73.0,698.5,6.0,0.0,0.3,17.3,0.0,17.3,29.3,275.2,7.5,17.6,150.0,1007.5,1007.5,2.7,5.3
2024-07-11 14:05:00+02:00,24.9,24.9,24.9,13.9,51.0,32.7,74.0,747.1,6.0,0.0,0.3,17.3,0.0,17.3,29.3,275.2,6.7,14.0,157.0,1007.5,1007.5,2.7,5.3
2024-07-11 14:10:00+02:00,25.3,25.3,25.4,13.5,48.0,32.8,74.0,765.6,7.0,0.0,0.3,17.3,0.0,17.3,29.3,275.2,5.4,11.5,163.0,1007.5,1007.5,2.7,5.3
2024-07-11 14:15:00+02:00,25.8,25.8,26.5,14.4,49.0,32.8,75.0,704.0,6.0,0.0,0.3,17.3,0.0,17.3,29.3,275.2,3.6,11.2,166.0,1007.4,1007.4,2.7,5.3
2024-07-11 14:20:00+02:00,25.5,25.5,25.7,14.0,49.0,32.8,75.0,680.6,6.0,0.0,0.3,17.3,0.0,17.3,29.3,275.2,5.5,10.1,170.0,1007.3,1007.3,2.7,5.3
2024-07-11 14:25:00+02:00,26.0,26.0,25.9,13.1,45.0,32.7,75.0,659.8,6.0,0.0,0.3,17.3,0.0,17.3,29.3,275.2,5.3,13.7,133.0,1007.3,1007.3,2.7,5.3
2024-07-11 14:30:00+02:00,26.3,26.3,26.8,13.5,45.0,32.7,76.0,663.8,6.0,0.0,0.3,17.3,0.0,17.3,29.3,275.2,3.1,10.1,101.0,1007.3,1007.3,2.7,5.3
2024-07-11 14:35:00+02:00,25.6,25.6,25.1,13.8,48.0,32.8,76.0,691.0,6.0,0.0,0.3,17.3,0.0,17.3,29.3,275.2,8.9,15.5,116.0,1007.3,1007.3,2.7,5.3
2024-07-11 14:40:00+02:00,25.6,25.6,25.9,13.2,46.0,32.8,76.0,701.5,6.0,0.0,0.3,17.3,0.0,17.3,29.3,275.2,4.0,14.4,144.0,1007.3,1007.3,2.7,5.3
2024-07-11 14:45:00+02:00,25.8,25.8,25.3,13.2,45.0,32.8,76.0,717.7,6.0,0.0,0.3,17.3,0.0,17.3,29.3,275.2,7.8,17.6,276.0,1007.2,1007.2,2.7,5.3
2024-07-11 14:50:00+02:00,25.2,25.2,25.0,13.7,49.0,32.8,76.0,608.8,5.0,0.0,0.3,17.3,0.0,17.3,29.3,275.2,7.0,22.7,275.0,1007.3,1007.3,2.7,5.3
2024-07-11 14:55:00+02:00,24.9,24.9,25.4,13.5,49.0,32.8,76.0,599.8,5.0,0.0,0.3,17.3,0.0,17.3,29.3,275.2,3.2,10.4,257.0,1007.3,1007.3,2.7,5.3
2024-07-11 15:00:00+02:00,24.9,24.9,25.4,13.1,48.0,32.7,76.0,702.3,6.0,0.0,0.3,17.3,0.0,17.3,29.3,275.2,2.5,7.2,260.0,1007.3,1007.3,2.7,5.3
2024-07-11 15:05:00+02:00,25.5,25.5,25.3,13.4,47.0,32.7,77.0,689.2,6.0,0.0,0.3,17.3,0.0,17.3,29.3,275.2,6.4,10.8,234.0,1007.4,1007.4,2.7,5.3
2024-07-11 15:10:00+02:00,26.3,26.3,26.5,13.2,44.0,32.7,77.0,678.1,6.0,0.0,0.3,17.3,0.0,17.3,29.3,275.2,4.0,8.3,230.0,1007.3,1007.3,2.7,5.3
2024-07-11 15:15:00+02:00,25.6,25.6,26.0,13.2,46.0,32.7,77.0,703.2,6.0,0.0,0.3,17.3,0.0,17.3,29.3,275.2,3.2,6.8,236.0,1007.2,1007.2,2.7,5.3
2024-07-11 15:20:00+02:00,26.0,26.0,26.5,13.6,46.0,32.7,77.0,706.0,6.0,0.0,0.3,17.3,0.0,17.3,29.3,275.2,3.4,15.5,244.0,1007.2,1007.2,2.7,5.3
2024-07-11 15:25:00+02:00,25.5,25.5,26.1,13.3,47.0,32.7,77.0,708.9,6.0,0.0,0.3,17.3,0.0,17.3,29.3,275.2,2.4,7.9,105.0,1007.3,1007.3,2.7,5.3
2024-07-11 15:30:00+02:00,25.5,25.5,25.5,13.1,46.0,32.7,77.0,689.4,6.0,0.0,0.3,17.3,0.0,17.3,29.3,275.2,5.0,11.2,266.0,1007.2,1007.2,2.7,5.3
2024-07-11 15:35:00+02:00,25.4,25.4,25.7,13.3,47.0,32.6,77.0,697.2,6.0,0.0,0.3,17.3,0.0,17.3,29.3,275.2,4.0,9.0,228.0,1007.2,1007.2,2.7,5.3
2024-07-11 15:40:00+02:00,25.9,25.9,26.4,13.7,47.0,32.6,77.0,686.6,6.0,0.0,0.3,17.3,0.0,17.3,29.3,275.2,3.8,8.3,222.0,1007.4,1007.4,2.7,5.3
2024-07-11 15:45:00+02:00,25.4,25.4,25.3,13.4,48.0,32.6,78.0,254.5,2.0,0.0,0.3,17.3,0.0,17.3,29.3,275.2,6.1,14.8,161.0,1007.4,1007.4,2.7,5.3
2024-07-11 15:50:00+02:00,24.8,24.8,25.5,13.5,49.0,32.5,78.0,602.3,5.0,0.0,0.3,17.3,0.0,17.3,29.3,275.2,1.8,6.1,267.0,1007.2,1007.2,2.7,5.3
2024-07-11 15:55:00+02:00,24.9,24.9,25.2,13.1,48.0,32.5,78.0,560.4,5.0,0.0,0.3,17.3,0.0,17.3,29.3,275.2,3.5,11.2,265.0,1007.3,1007.3,2.7,5.3
2024-07-11 16:00:00+02:00,25.1,25.1,25.5,13.2,48.0,32.4,78.0,676.2,6.0,0.0,0.3,17.3,0.0,17.3,29.3,275.2,3.3,11.2,291.0,1007.2,1007.2,2.7,5.3
2024-07-11 16:05:00+02:00,26.1,26.1,26.6,13.0,45.0,32.4,78.0,575.6,5.0,0.0,0.3,17.3,0.0,17.3,29.3,275.2,2.3,6.1,169.0,1007.2,1007.2,2.7,5.3
2024-07-11 16:10:00+02:00,25.8,25.8,25.8,12.6,44.0,32.4,78.0,539.9,5.0,0.0,0.3,17.3,0.0,17.3,29.3,275.2,4.0,11.5,259.0,1007.2,1007.2,2.7,5.3
2024-07-11 16:15:00+02:00,25.6,25.6,26.0,13.1,46.0,32.4,78.0,569.7,5.0,0.0,0.3,17.3,0.0,17.3,29.3,275.2,3.1,10.8,97.0,1007.3,1007.3,2.7,5.3
2024-07-11 16:20:00+02:00,25.9,25.9,25.6,12.3,43.0,32.3,78.0,539.9,5.0,0.0,0.3,17.3,0.0,17.3,29.3,275.2,5.3,9.7,253.0,1007.3,1007.3,2.7,5.3
2024-07-11 16:25:00+02:00,25.6,25.6,25.5,13.0,46.0,32.3,78.0,394.5,3.0,0.0,0.3,17.3,0.0,17.3,29.3,275.2,5.0,13.7,148.0,1007.2,1007.2,2.7,5.3
2024-07-11 16:30:00+02:00,25.0,25.0,24.8,12.5,46.0,32.3,78.0,572.0,5.0,0.0,0.3,17.3,0.0,17.3,29.3,275.2,5.0,8.6,269.0,1007.2,1007.2,2.7,5.3
2024-07-11 16:35:00+02:00,25.9,25.9,26.4,12.7,44.0,32.3,79.0,526.4,4.0,0.0,0.3,17.3,0.0,17.3,29.3,275.2,1.8,8.6,190.0,1007.2,1007.2,2.7,5.3
2024-07-11 16:40:00+02:00,26.0,26.0,25.8,12.9,44.0,32.2,79.0,518.4,4.0,0.0,0.3,17.3,0.0,17.3,29.3,275.2,5.7,17.6,251.0,1007.0,1007.0,2.7,5.3
2024-07-11 16:45:00+02:00,26.4,26.4,26.0,12.3,42.0,32.2,79.0,465.8,4.0,0.0,0.3,17.3,0.0,17.3,29.3,275.2,5.9,11.9,299.0,1007.1,1007.1,2.7,5.3
2024-07-11 16:50:00+02:00,25.9,25.9,26.0,12.6,44.0,32.2,79.0,453.3,4.0,0.0,0.3,17.3,0.0,17.3,29.3,275.2,3.8,11.9,110.0,1007.0,1007.0,2.7,5.3
2024-07-11 16:55:00+02:00,26.1,26.1,25.8,12.3,42.0,32.2,79.0,461.6,4.0,0.0,0.3,17.3,0.0,17.3,29.3,275.2,5.2,10.1,261.0,1007.0,1007.0,2.7,5.3
2024-07-11 17:00:00+02:00,25.2,25.2,24.6,12.0,44.0,32.2,79.0,212.1,1.0,0.0,0.3,17.3,0.0,17.3,29.3,275.2,5.9,15.8,260.0,1006.9,1006.9,2.7,5.3
2024-07-11 17:05:00+02:00,24.8,24.8,24.2,11.5,44.0,32.2,79.0,134.5,1.0,0.0,0.3,17.3,0.0,17.3,29.3,275.2,5.3,9.4,219.0,1006.9,1006.9,2.7,5.3
2024-07-11 17:10:00+02:00,24.4,24.4,24.5,11.8,45.0,32.1,79.0,145.3,1.0,0.0,0.3,17.3,0.0,17.3,29.3,275.2,2.4,9.0,37.0,1006.8,1006.8,2.7,5.3
2024-07-11 17:15:00+02:00,24.2,24.2,24.1,11.9,46.0,32.0,79.0,161.9,1.0,0.0,0.3,17.3,0.0,17.3,29.3,275.2,3.2,5.8,298.0,1006.8,1006.8,2.7,5.3
2024-07-11 17:20:00+02:00,24.2,24.2,23.9,12.1,47.0,32.0,79.0,282.7,2.0,0.0,0.3,17.3,0.0,17.3,29.3,275.2,4.8,9.4,259.0,1007.1,1007.1,2.7,5.3
2024-07-11 17:25:00+02:00,24.2,24.2,23.5,11.9,46.0,31.9,79.0,438.4,4.0,0.0,0.3,17.3,0.0,17.3,29.3,275.2,6.7,17.3,287.0,1006.8,1006.8,2.7,5.3
2024-07-11 17:30:00+02:00,24.6,24.6,24.0,12.2,46.0,31.8,79.0,417.4,3.0,0.0,0.3,17.3,0.0,17.3,29.3,275.2,6.2,14.8,290.0,1007.0,1007.0,2.7,5.3
2024-07-11 17:35:00+02:00,25.1,25.1,25.0,12.2,45.0,31.8,79.0,393.2,3.0,0.0,0.3,17.3,0.0,17.3,29.3,275.2,4.3,9.7,269.0,1006.9,1006.9,2.7,5.3
2024-07-11 17:40:00+02:00,25.2,25.2,24.8,12.6,46.0,31.8,79.0,377.6,3.0,0.0,0.3,17.3,0.0,17.3,29.3,275.2,5.9,18.7,278.0,1007.0,1007.0,2.7,5.3
2024-07-11 17:45:00+02:00,24.4,24.4,23.9,12.5,47.0,31.7,80.0,284.4,2.0,0.0,0.3,17.3,0.0,17.3,29.3,275.2,6.3,12.2,278.0,1007.0,1007.0,2.7,5.3
2024-07-11 17:50:00+02:00,24.2,24.2,23.7,12.6,48.0,31.7,80.0,322.2,2.0,0.0,0.3,17.3,0.0,17.3,29.3,275.2,6.7,15.5,288.0,1007.0,1007.0,2.7,5.3
2024-07-11 17:55:00+02:00,24.4,24.4,23.8,12.4,47.0,31.6,80.0,354.5,3.0,0.0,0.3,17.3,0.0,17.3,29.3,275.2,7.0,13.0,274.0,1007.0,1007.0,2.7,5.3
2024-07-11 18:00:00+02:00,24.5,24.5,24.4,12.4,47.0,31.5,80.0,347.0,3.0,0.0,0.3,17.3,0.0,17.3,29.3,275.2,4.8,14.4,274.0,1006.9,1006.9,2.7,5.3
2024-07-11 18:05:00+02:00,24.9,24.9,25.1,12.7,47.0,31.5,80.0,308.0,2.0,0.0,0.3,17.3,0.0,17.3,29.3,275.2,3.2,7.6,159.0,1007.1,1007.1,2.7,5.3
2024-07-11 18:10:00+02:00,24.8,24.8,24.9,12.4,46.0,31.4,80.0,247.8,2.0,0.0,0.3,17.3,0.0,17.3,29.3,275.2,3.5,11.2,265.0,1007.1,1007.1,2.7,5.3
2024-07-11 18:15:00+02:00,24.0,24.0,23.4,12.4,48.0,31.3,80.0,171.7,1.0,0.0,0.3,17.3,0.0,17.3,29.3,275.2,6.8,15.1,283.0,1007.0,1007.0,2.7,5.3
2024-07-11 18:20:00+02:00,23.5,23.5,22.9,12.2,49.0,31.2,80.0,80.1,0.0,0.0,0.3,17.3,0.0,17.3,29.3,275.2,6.5,16.2,283.0,1007.0,1007.0,2.7,5.3
2024-07-11 18:25:00+02:00,23.3,23.3,22.8,12.1,49.0,31.2,80.0,80.3,0.0,0.0,0.3,17.3,0.0,17.3,29.3,275.2,5.7,11.9,261.0,1007.1,1007.1,2.7,5.3
2024-07-11 18:30:00+02:00,23.1,23.1,22.0,11.9,49.0,31.1,80.0,79.1,0.0,0.0,0.3,17.3,0.0,17.3,29.3,275.2,8.7,15.5,290.0,1007.0,1007.0,2.7,5.3
2024-07-11 18:35:00+02:00,23.0,23.0,22.9,11.9,49.0,31.0,80.0,91.4,0.0,0.0,0.3,17.3,0.0,17.3,29.3,275.2,3.8,14.0,266.0,1007.1,1007.1,2.7,5.3
2024-07-11 18:40:00+02:00,23.0,23.0,22.1,11.6,49.0,30.9,80.0,69.8,0.0,0.0,0.3,17.3,0.0,17.3,29.3,275.2,6.8,12.2,274.0,1006.9,1006.9,2.7,5.3
2024-07-11 18:45:00+02:00,22.8,22.8,22.2,11.7,50.0,30.9,80.0,71.4,0.0,0.0,0.3,17.3,0.0,17.3,29.3,275.2,6.2,11.9,264.0,1006.9,1006.9,2.7,5.3
2024-07-11 18:50:00+02:00,22.8,22.8,22.8,11.7,50.0,30.8,80.0,77.2,0.0,0.0,0.3,17.3,0.0,17.3,29.3,275.2,2.4,11.2,275.0,1007.1,1007.1,2.7,5.3
2024-07-11 18:55:00+02:00,22.9,22.9,22.2,11.6,49.0,30.7,80.0,136.9,1.0,0.0,0.3,17.3,0.0,17.3,29.3,275.2,6.4,19.1,275.0,1007.0,1007.0,2.7,5.3
2024-07-11 19:00:00+02:00,23.0,23.0,23.2,11.9,49.0,30.6,80.0,142.9,1.0,0.0,0.3,0.0,0.0,17.3,29.3,275.2,2.0,6.8,280.0,1007.1,1007.1,2.7,5.3
2024-07-11 19:05:00+02:00,22.9,22.9,22.6,11.7,49.0,30.6,80.0,99.2,0.0,0.0,0.3,0.0,0.0,17.3,29.3,275.2,4.2,14.0,263.0,1007.1,1007.1,2.7,5.3
2024-07-11 19:10:00+02:00,22.7,22.7,21.9,11.5,49.0,30.5,80.0,67.0,0.0,0.0,0.3,0.0,0.0,17.3,29.3,275.2,6.3,14.0,265.0,1007.0,1007.0,2.7,5.3
2024-07-11 19:15:00+02:00,22.5,22.5,21.7,11.5,50.0,30.4,80.0,58.3,0.0,0.0,0.3,0.0,0.0,17.3,29.3,275.2,6.8,10.8,274.0,1007.0,1007.0,2.7,5.3
2024-07-11 19:20:00+02:00,22.5,22.5,22.5,11.6,50.0,30.3,80.0,64.1,0.0,0.0,0.3,0.0,0.0,17.3,29.3,275.2,2.6,8.6,269.0,1007.1,1007.1,2.7,5.3
2024-07-11 19:25:00+02:00,22.7,22.7,22.0,11.6,50.0,30.3,80.0,64.1,0.0,0.0,0.3,0.0,0.0,17.3,29.3,275.2,6.0,12.6,268.0,1007.1,1007.1,2.7,5.3
2024-07-11 19:30:00+02:00,22.6,22.6,22.8,11.8,50.0,30.2,80.0,75.3,0.0,0.0,0.3,0.0,0.0,17.3,29.3,275.2,1.8,10.4,273.0,1007.1,1007.1,2.7,5.3
2024-07-11 19:35:00+02:00,22.7,22.7,21.9,11.6,50.0,30.2,80.0,71.3,0.0,0.0,0.3,0.0,0.0,17.3,29.3,275.2,6.3,12.2,269.0,1007.1,1007.1,2.7,5.2
2024-07-11 19:40:00+02:00,22.5,22.5,21.9,11.4,49.0,30.1,80.0,72.7,0.0,0.0,0.3,0.0,0.0,17.3,29.3,275.2,5.2,14.8,278.0,1007.1,1007.1,2.7,5.2
2024-07-11 19:45:00+02:00,22.6,22.6,22.7,11.7,50.0,30.0,80.0,74.8,0.0,0.0,0.3,0.0,0.0,17.3,29.3,275.2,1.9,6.5,277.0,1007.1,1007.1,2.7,5.2
2024-07-11 19:50:00+02:00,22.5,22.5,22.2,12.0,51.0,30.0,80.0,71.3,0.0,0.0,0.3,0.0,0.0,17.3,29.3,275.2,4.8,11.5,276.0,1007.0,1007.0,2.7,5.2
2024-07-11 19:55:00+02:00,22.5,22.5,21.8,12.0,52.0,29.9,80.0,39.4,0.0,0.0,0.3,0.0,0.0,17.3,29.3,275.2,6.3,14.4,288.0,1006.9,1006.9,2.7,5.2
2024-07-11 20:00:00+02:00,22.3,22.3,21.2,11.8,51.0,29.8,80.0,36.7,0.0,0.0,0.3,0.0,0.0,17.3,29.3,275.2,8.4,17.3,284.0,1006.9,1006.9,2.7,5.2
2024-07-11 20:05:00+02:00,22.1,22.1,21.1,11.7,52.0,29.8,80.0,35.5,0.0,0.0,0.3,0.0,0.0,17.3,29.3,275.2,7.7,14.4,286.0,1006.8,1006.8,2.7,5.2
2024-07-11 20:10:00+02:00,21.8,21.8,20.9,11.5,52.0,29.7,80.0,35.0,0.0,0.0,0.3,0.0,0.0,17.3,29.3,275.2,6.7,13.0,289.0,1006.8,1006.8,2.7,5.2
2024-07-11 20:15:00+02:00,21.6,21.6,21.0,11.7,53.0,29.6,80.0,34.9,0.0,0.0,0.3,0.0,0.0,17.3,29.3,275.2,5.6,10.8,289.0,1006.8,1006.8,2.7,5.2
2024-07-11 20:20:00+02:00,21.5,21.5,21.0,11.8,54.0,29.6,80.0,38.8,0.0,0.0,0.3,0.0,0.0,17.3,29.3,275.2,5.5,9.7,284.0,1006.8,1006.8,2.7,5.2
2024-07-11 20:25:00+02:00,21.6,21.6,21.6,11.9,54.0,29.5,80.0,40.1,0.0,0.0,0.3,0.0,0.0,17.3,29.3,275.2,3.0,6.5,272.0,1006.9,1006.9,2.7,5.2
2024-07-11 20:30:00+02:00,21.6,21.6,21.2,11.8,54.0,29.4,80.0,37.2,0.0,0.0,0.3,0.0,0.0,17.3,29.3,275.2,4.5,9.4,285.0,1006.9,1006.9,2.7,5.2
2024-07-11 20:35:00+02:00,21.4,21.4,21.5,11.9,54.0,29.3,80.0,29.0,0.0,0.0,0.3,0.0,0.0,17.3,29.3,275.2,2.4,7.2,276.0,1006.9,1006.9,2.7,5.2
2024-07-11 20:40:00+02:00,21.3,21.3,21.0,11.7,54.0,29.3,80.0,24.2,0.0,0.0,0.3,0.0,0.0,17.3,29.3,275.2,4.2,9.4,285.0,1006.9,1006.9,2.7,5.2
2024-07-11 20:45:00+02:00,21.3,21.3,21.2,11.6,54.0,29.2,80.0,21.9,0.0,0.0,0.3,0.0,0.0,17.3,29.3,275.2,3.0,7.9,292.0,1007.0,1007.0,2.7,5.2
2024-07-11 20:50:00+02:00,21.2,21.2,20.8,11.4,54.0,29.2,80.0,21.9,0.0,0.0,0.3,0.0,0.0,17.3,29.3,275.2,4.1,7.9,274.0,1007.0,1007.0,2.7,5.2
2024-07-11 20:55:00+02:00,21.1,21.1,20.8,11.5,54.0,29.0,80.0,17.7,0.0,0.0,0.3,0.0,0.0,17.3,29.3,275.2,3.7,8.3,275.0,1007.0,1007.0,2.7,5.2
2024-07-11 21:00:00+02:00,20.9,20.9,20.8,11.4,55.0,29.0,80.0,14.1,0.0,0.0,0.3,0.0,0.0,17.3,29.3,275.2,2.9,6.5,298.0,1007.1,1007.1,2.7,5.2
2024-07-11 21:05:00+02:00,20.8,20.8,20.7,11.8,56.0,28.9,80.0,13.0,0.0,0.0,0.3,0.0,0.0,17.3,29.3,275.2,3.2,6.5,281.0,1007.1,1007.1,2.7,5.2
2024-07-11 21:10:00+02:00,20.6,20.6,20.6,11.7,57.0,28.8,80.0,10.5,0.0,0.0,0.3,0.0,0.0,17.3,29.3,275.2,2.8,6.1,303.0,1007.2,1007.2,2.7,5.2
2024-07-11 21:15:00+02:00,20.6,20.6,20.7,11.8,57.0,28.7,80.0,8.7,0.0,0.0,0.3,0.0,0.0,17.3,29.3,275.2,2.4,5.8,290.0,1007.2,1007.2,2.7,5.2
2024-07-11 21:20:00+02:00,20.4,20.4,20.5,11.9,58.0,28.6,80.0,6.5,0.0,0.0,0.3,0.0,0.0,17.3,29.3,275.2,2.5,4.7,319.0,1007.2,1007.2,2.7,5.2
2024-07-11 21:25:00+02:00,20.2,20.2,20.5,12.2,60.0,28.5,80.0,5.5,0.0,0.0,0.3,0.0,0.0,17.3,29.3,275.2,1.8,4.3,300.0,1007.2,1007.2,2.7,5.2
2024-07-11 21:30:00+02:00,19.9,19.9,20.5,12.0,60.0,28.5,80.0,4.6,0.0,0.0,0.3,0.0,0.0,17.3,29.3,275.2,0.5,2.5,156.0,1007.2,1007.2,2.7,5.2
2024-07-11 21:35:00+02:00,19.6,19.6,20.4,12.6,64.0,28.3,80.0,3.4,0.0,0.0,0.3,0.0,0.0,17.3,29.3,275.2,0.0,1.8,194.0,1007.0,1007.0,2.7,5.2
2024-07-11 21:40:00+02:00,19.4,19.4,19.9,12.1,63.0,28.3,80.0,2.8,0.0,0.0,0.3,0.0,0.0,17.3,29.3,275.2,0.7,2.5,317.0,1007.2,1007.2,2.7,5.2
2024-07-11 21:45:00+02:00,19.1,19.1,19.8,12.4,65.0,28.2,80.0,1.8,0.0,0.0,0.3,0.0,0.0,17.3,29.3,275.2,0.0,2.5,132.0,1007.2,1007.2,2.7,5.2
2024-07-11 21:50:00+02:00,18.8,18.8,19.4,12.4,67.0,28.1,80.0,1.2,0.0,0.0,0.3,0.0,0.0,17.3,29.3,275.2,0.4,2.5,138.0,1007.3,1007.3,2.7,5.2
2024-07-11 21:55:00+02:00,18.6,18.6,19.3,12.5,68.0,28.0,80.0,0.8,0.0,0.0,0.3,0.0,0.0,17.3,29.3,275.2,0.4,2.9,325.0,1007.1,1007.1,2.7,5.2
2024-07-11 22:00:00+02:00,18.5,18.5,19.1,12.6,68.0,27.9,80.0,0.4,0.0,0.0,0.3,0.0,0.0,17.3,29.3,275.2,1.1,3.6,299.0,1007.2,1007.2,2.7,5.2
2024-07-11 22:05:00+02:00,18.4,18.4,19.0,12.1,67.0,27.8,80.0,0.2,0.0,0.0,0.3,0.0,0.0,17.3,29.3,275.2,0.4,2.5,120.0,1007.1,1007.1,2.7,5.2
2024-07-11 22:10:00+02:00,18.3,18.3,19.0,12.7,70.0,27.8,80.0,0.1,0.0,0.0,0.3,0.0,0.0,17.3,29.3,275.2,0.5,2.5,100.0,1007.1,1007.1,2.7,5.2
2024-07-11 22:15:00+02:00,18.0,18.0,18.8,12.6,70.0,27.7,79.0,0.0,0.0,0.0,0.3,0.0,0.0,17.3,29.3,275.2,0.0,4.0,121.0,1007.1,1007.1,2.7,5.2
2024-07-11 22:20:00+02:00,18.1,18.1,18.6,12.3,69.0,27.6,80.0,0.0,0.0,0.0,0.3,0.0,0.0,17.3,29.3,275.2,1.1,4.0,126.0,1007.3,1007.3,2.7,5.2
2024-07-11 22:25:00+02:00,18.1,18.1,18.7,12.6,70.0,27.5,79.0,0.0,0.0,0.0,0.3,0.0,0.0,17.3,29.3,275.2,0.7,2.9,119.0,1007.0,1007.0,2.7,5.1
2024-07-11 22:30:00+02:00,18.0,18.0,18.5,12.3,69.0,27.3,79.0,0.0,0.0,0.0,0.3,0.0,0.0,17.3,29.3,275.2,1.1,2.9,114.0,1007.2,1007.2,2.7,5.1
2024-07-11 22:35:00+02:00,18.0,18.0,18.4,12.3,69.0,27.2,79.0,0.0,0.0,0.0,0.3,0.0,0.0,17.3,29.3,275.2,1.8,5.4,3.0,1007.1,1007.1,2.7,5.1
2024-07-11 22:40:00+02:00,18.3,18.3,19.0,12.9,71.0,27.2,79.0,0.0,0.0,0.0,0.3,0.0,0.0,17.3,29.3,275.2,1.1,5.4,108.0,1007.2,1007.2,2.7,5.1
2024-07-11 22:45:00+02:00,18.1,18.1,19.0,13.0,72.0,27.1,80.0,0.0,0.0,0.0,0.3,0.0,0.0,17.3,29.3,275.2,0.0,2.5,120.0,1007.1,1007.1,2.7,5.1
2024-07-11 22:50:00+02:00,18.0,18.0,18.9,12.8,71.0,27.0,80.0,0.0,0.0,0.0,0.3,0.0,0.0,17.3,29.3,275.2,0.0,1.8,119.0,1007.2,1007.2,2.7,5.1
2024-07-11 22:55:00+02:00,18.1,18.1,18.7,12.6,70.0,26.9,80.0,0.0,0.0,0.0,0.3,0.0,0.0,17.3,29.3,275.2,1.1,3.6,339.0,1007.2,1007.2,2.7,5.1
2024-07-11 23:00:00+02:00,18.6,18.6,19.3,12.6,68.0,26.8,80.0,0.0,0.0,0.0,0.3,0.0,0.0,17.3,29.3,275.2,0.4,2.2,103.0,1007.1,1007.1,2.7,5.1
2024-07-11 23:05:00+02:00,18.4,18.4,19.4,13.3,72.0,26.7,80.0,0.0,0.0,0.0,0.3,0.0,0.0,17.3,29.3,275.2,0.4,2.2,132.0,1007.1,1007.1,2.7,5.1
2024-07-11 23:10:00+02:00,18.4,18.4,19.3,12.7,69.0,26.7,80.0,0.0,0.0,0.0,0.3,0.0,0.0,17.3,29.3,275.2,0.0,2.5,269.0,1007.1,1007.1,2.7,5.1
2024-07-11 23:15:00+02:00,18.7,18.7,19.2,12.4,67.0,26.6,80.0,0.0,0.0,0.0,0.3,0.0,0.0,17.3,29.3,275.2,0.7,3.6,329.0,1007.1,1007.1,2.7,5.1
2024-07-11 23:20:00+02:00,18.8,18.8,19.6,12.7,68.0,26.5,80.0,0.0,0.0,0.0,0.3,0.0,0.0,17.3,29.3,275.2,0.0,3.6,263.0,1007.1,1007.1,2.7,5.1
2024-07-11 23:25:00+02:00,18.7,18.7,19.3,12.5,67.0,26.4,80.0,0.0,0.0,0.0,0.3,0.0,0.0,17.3,29.3,275.2,0.7,3.2,281.0,1006.9,1006.9,2.7,5.1
2024-07-11 23:30:00+02:00,18.8,18.8,19.4,12.6,67.0,26.4,80.0,0.0,0.0,0.0,0.3,0.0,0.0,17.3,29.3,275.2,1.1,2.2,289.0,1007.0,1007.0,2.7,5.1
2024-07-11 23:35:00+02:00,18.7,18.7,19.0,12.7,68.0,26.3,80.0,0.0,0.0,0.0,0.3,0.0,0.0,17.3,29.3,275.2,2.3,5.4,275.0,1006.9,1006.9,2.7,5.1
2024-07-11 23:40:00+02:00,18.7,18.7,19.4,12.8,68.0,26.2,80.0,0.0,0.0,0.0,0.3,0.0,0.0,17.3,29.3,275.2,0.7,3.2,246.0,1006.9,1006.9,2.7,5.1
2024-07-11 23:45:00+02:00,18.5,18.5,19.0,12.9,70.0,26.2,80.0,0.0,0.0,0.0,0.3,0.0,0.0,17.3,29.3,275.2,1.9,4.0,270.0,1006.8,1006.8,2.7,5.1
2024-07-11 23:50:00+02:00,18.4,18.4,18.9,12.8,70.0,26.1,80.0,0.0,0.0,0.0,0.3,0.0,0.0,17.3,29.3,275.2,2.0,5.8,334.0,1006.8,1006.8,2.7,5.1
2024-07-11 23:55:00+02:00,18.5,18.5,19.0,12.6,69.0,26.1,80.0,0.0,0.0,0.0,0.3,0.0,0.0,17.3,29.3,275.2,1.8,4.0,268.0,1006.8,1006.8,2.7,5.1
2024-07-12 00:00:00+02:00,18.4,18.4,19.0,12.7,69.0,26.0,80.0,0.0,0.0,0.0,0.0,0.0,0.0,17.3,29.3,275.2,1.4,4.3,304.0,1006.8,1006.8,2.7,5.1
2024-07-12 00:05:00+02:00,18.5,18.5,18.8,12.8,69.0,25.9,80.0,0.0,0.0,0.0,0.0,0.0,0.0,17.3,29.3,275.2,2.9,5.4,276.0,1006.9,1006.9,2.7,5.1
2024-07-12 00:10:00+02:00,18.5,18.5,19.0,12.8,69.0,25.9,80.0,0.0,0.0,0.0,0.0,0.0,0.0,17.3,29.3,275.2,1.8,4.3,281.0,1006.8,1006.8,2.7,5.1
2024-07-12 00:15:00+02:00,18.4,18.4,19.3,13.0,71.0,25.8,80.0,0.0,0.0,0.0,0.0,0.0,0.0,17.3,29.3,275.2,0.5,3.2,246.0,1006.9,1006.9,2.7,5.0
2024-07-12 00:20:00+02:00,18.4,18.4,19.0,12.8,70.0,25.8,80.0,0.0,0.0,0.0,0.0,0.0,0.0,17.3,29.3,275.2,1.3,5.0,353.0,1006.9,1006.9,2.7,5.0
2024-07-12 00:25:00+02:00,18.3,18.3,18.9,13.0,71.0,25.7,80.0,0.0,0.0,0.0,0.0,0.0,0.0,17.3,29.3,275.2,1.9,4.0,276.0,1006.8,1006.8,2.7,5.0
2024-07-12 00:30:00+02:00,18.3,18.3,19.0,12.9,71.0,25.7,80.0,0.0,0.0,0.0,0.0,0.0,0.0,17.3,29.3,275.2,1.4,3.2,220.0,1006.8,1006.8,2.7,5.0
2024-07-12 00:35:00+02:00,18.3,18.3,18.8,12.9,71.0,25.6,80.0,0.0,0.0,0.0,0.0,0.0,0.0,17.3,29.3,275.2,1.9,5.0,40.0,1006.9,1006.9,2.7,5.0
2024-07-12 00:40:00+02:00,18.3,18.3,18.9,13.0,71.0,25.5,80.0,0.0,0.0,0.0,0.0,0.0,0.0,17.3,29.3,275.2,1.8,4.3,267.0,1006.8,1006.8,2.7,5.0
2024-07-12 00:45:00+02:00,18.3,18.3,18.5,13.1,72.0,25.5,80.0,0.0,0.0,0.0,0.0,0.0,0.0,17.3,29.3,275.2,4.0,9.7,325.0,1006.8,1006.8,2.7,5.0
2024-07-12 00:50:00+02:00,18.3,18.3,18.8,13.1,72.0,25.4,80.0,0.0,0.0,0.0,0.0,0.0,0.0,17.3,29.3,275.2,2.1,9.0,6.0,1006.8,1006.8,2.7,5.0
2024-07-12 00:55:00+02:00,18.3,18.3,18.9,13.2,72.0,25.4,80.0,0.0,0.0,0.0,0.0,0.0,0.0,17.3,29.3,275.2,1.8,8.6,326.0,1006.8,1006.8,2.7,5.0
2024-07-12 01:00:00+02:00,18.2,18.2,18.8,13.2,73.0,25.3,80.0,0.0,0.0,0.0,0.0,0.0,0.0,17.3,29.3,275.2,1.9,5.8,305.0,1006.7,1006.7,2.7,5.0
2024-07-12 01:05:00+02:00,18.2,18.2,18.8,13.3,73.0,25.3,80.0,0.0,0.0,0.0,0.0,0.0,0.0,17.3,29.3,275.2,1.9,5.4,309.0,1006.7,1006.7,2.7,5.0
2024-07-12 01:10:00+02:00,18.0,18.0,18.3,13.2,74.0,25.2,80.0,0.0,0.0,0.0,0.0,0.0,0.0,17.3,29.3,275.2,3.5,5.0,296.0,1006.8,1006.8,2.7,5.0
2024-07-12 01:15:00+02:00,18.0,18.0,18.5,13.2,74.0,25.1,80.0,0.0,0.0,0.0,0.0,0.0,0.0,17.3,29.3,275.2,2.9,6.1,316.0,1006.8,1006.8,2.7,5.0
2024-07-12 01:20:00+02:00,18.0,18.0,18.9,13.2,74.0,25.1,80.0,0.0,0.0,0.0,0.0,0.0,0.0,17.3,29.3,275.2,0.8,4.7,3.0,1006.5,1006.5,2.7,5.0
2024-07-12 01:25:00+02:00,17.9,17.9,18.5,13.2,74.0,25.0,80.0,0.0,0.0,0.0,0.0,0.0,0.0,17.3,29.3,275.2,2.1,4.3,319.0,1006.6,1006.6,2.7,5.0
2024-07-12 01:30:00+02:00,17.9,17.9,18.7,13.3,74.0,25.0,80.0,0.0,0.0,0.0,0.0,0.0,0.0,17.3,29.3,275.2,1.0,4.0,333.0,1006.4,1006.4,2.7,5.0
2024-07-12 01:35:00+02:00,17.9,17.9,18.6,13.3,74.0,24.9,80.0,0.0,0.0,0.0,0.0,0.0,0.0,17.3,29.3,275.2,1.8,7.6,21.0,1006.5,1006.5,2.7,5.0
2024-07-12 01:40:00+02:00,17.8,17.8,18.6,13.4,76.0,24.9,80.0,0.0,0.0,0.0,0.0,0.0,0.0,17.3,29.3,275.2,1.4,3.6,287.0,1006.4,1006.4,2.7,5.0
2024-07-12 01:45:00+02:00,17.6,17.6,18.3,13.4,76.0,24.8,80.0,0.0,0.0,0.0,0.0,0.0,0.0,17.3,29.3,275.2,1.9,3.6,280.0,1006.3,1006.3,2.7,5.0
2024-07-12 01:50:00+02:00,17.5,17.5,18.1,13.3,76.0,24.8,80.0,0.0,0.0,0.0,0.0,0.0,0.0,17.3,29.3,275.2,1.9,6.5,305.0,1006.1,1006.1,2.7,5.0
2024-07-12 01:55:00+02:00,17.4,17.4,18.2,13.3,77.0,24.7,80.0,0.0,0.0,0.0,0.0,0.0,0.0,17.3,29.3,275.2,1.1,6.5,283.0,1006.2,1006.2,2.7,5.0
2024-07-12 02:00:00+02:00,17.3,17.3,18.1,13.2,77.0,24.7,80.0,0.0,0.0,0.0,0.0,0.0,0.0,17.3,29.3,275.2,1.2,5.8,266.0,1006.1,1006.1,2.7,5.0
2024-07-12 02:05:00+02:00,17.2,17.2,18.1,13.3,78.0,24.6,80.0,0.0,0.0,0.0,0.0,0.0,0.0,17.3,29.3,275.2,0.4,3.6,278.0,1006.2,1006.2,2.7,4.9
2024-07-12 02:10:00+02:00,17.1,17.1,17.9,13.4,79.0,24.5,80.0,0.0,0.0,0.0,0.0,0.0,0.0,17.3,29.3,275.2,1.1,3.6,142.0,1006.2,1006.2,2.7,4.9
2024-07-12 02:15:00+02:00,16.8,16.8,17.8,13.5,81.0,24.5,80.0,0.0,0.0,0.0,0.0,0.0,0.0,17.3,29.3,275.2,0.5,3.6,135.0,1006.2,1006.2,2.7,4.9
2024-07-12 02:20:00+02:00,16.7,16.7,17.7,13.4,81.0,24.4,80.0,0.0,0.0,0.0,0.0,0.0,0.0,17.3,29.3,275.2,0.0,2.2,125.0,1006.1,1006.1,2.7,4.9
2024-07-12 02:25:00+02:00,16.6,16.6,17.6,13.3,81.0,24.4,80.0,0.0,0.0,0.0,0.0,0.0,0.0,17.3,29.3,275.2,0.0,2.9,141.0,1006.1,1006.1,2.7,4.9
2024-07-12 02:30:00+02:00,16.7,16.7,17.5,13.3,80.0,24.3,80.0,0.0,0.0,0.0,0.0,0.0,0.0,17.3,29.3,275.2,1.1,5.0,283.0,1006.0,1006.0,2.7,4.9
2024-07-12 02:35:00+02:00,16.8,16.8,17.7,13.3,79.0,24.3,80.0,0.0,0.0,0.0,0.0,0.0,0.0,17.3,29.3,275.2,0.8,2.5,269.0,1005.9,1005.9,2.7,4.9
2024-07-12 02:40:00+02:00,17.0,17.0,18.1,13.3,79.0,24.2,80.0,0.0,0.0,0.0,0.0,0.0,0.0,17.3,29.3,275.2,0.0,4.7,336.0,1005.8,1005.8,2.7,4.9
2024-07-12 02:45:00+02:00,17.2,17.2,18.0,13.3,78.0,24.2,80.0,0.0,0.0,0.0,0.0,0.0,0.0,17.3,29.3,275.2,0.8,7.9,50.0,1005.9,1005.9,2.7,4.9
2024-07-12 02:50:00+02:00,17.2,17.2,17.8,13.3,78.0,24.2,80.0,0.0,0.0,0.0,0.0,0.0,0.0,17.3,29.3,275.2,2.6,4.7,320.0,1005.9,1005.9,2.7,4.9
2024-07-12 02:55:00+02:00,17.2,17.2,17.9,13.3,78.0,24.1,80.0,0.0,0.0,0.0,0.0,0.0,0.0,17.3,29.3,275.2,1.7,5.8,322.0,1005.8,1005.8,2.7,4.9
2024-07-12 03:00:00+02:00,17.2,17.2,17.7,13.3,78.0,24.1,80.0,0.0,0.0,0.0,0.0,0.0,0.0,17.3,29.3,275.2,2.7,5.4,285.0,1005.7,1005.7,2.7,4.9
2024-07-12 03:05:00+02:00,17.1,17.1,17.9,13.4,79.0,24.0,80.0,0.0,0.0,0.0,0.0,0.0,0.0,17.3,29.3,275.2,1.6,5.0,280.0,1005.5,1005.5,2.7,4.9
2024-07-12 03:10:00+02:00,17.1,17.1,17.6,13.4,79.0,24.0,80.0,0.0,0.0,0.0,0.0,0.0,0.0,17.3,29.3,275.2,2.8,6.5,315.0,1005.5,1005.5,2.7,4.9
2024-07-12 03:15:00+02:00,17.1,17.1,17.8,13.4,79.0,23.9,80.0,0.0,0.0,0.0,0.0,0.0,0.0,17.3,29.3,275.2,2.2,6.5,299.0,1005.3,1005.3,2.7,4.9
2024-07-12 03:20:00+02:00,17.1,17.1,17.4,13.4,79.0,23.9,80.0,0.0,0.0,0.0,0.0,0.0,0.0,17.3,29.3,275.2,4.1,8.3,329.0,1005.2,1005.2,2.7,4.9
2024-07-12 03:25:00+02:00,17.1,17.1,17.6,13.4,79.0,23.9,80.0,0.0,0.0,0.0,0.0,0.0,0.0,17.3,29.3,275.2,2.8,7.2,353.0,1005.2,1005.2,2.7,4.9
2024-07-12 03:30:00+02:00,17.0,17.0,17.6,13.4,79.0,23.8,80.0,0.0,0.0,0.0,0.0,0.0,0.0,17.3,29.3,275.2,2.6,9.4,348.0,1005.1,1005.1,2.7,4.9
2024-07-12 03:35:00+02:00,17.1,17.1,17.5,13.4,79.0,23.8,80.0,0.0,0.0,0.0,0.0,0.0,0.0,17.3,29.3,275.2,3.2,7.6,351.0,1005.0,1005.0,2.7,4.9
2024-07-12 03:40:00+02:00,17.0,17.0,17.7,13.3,79.0,23.7,80.0,0.0,0.0,0.0,0.0,0.0,0.0,17.3,29.3,275.2,1.6,6.5,347.0,1005.0,1005.0,2.7,4.9
2024-07-12 03:45:00+02:00,16.9,16.9,17.2,13.5,80.0,23.7,80.0,0.0,0.0,0.0,0.0,0.0,0.0,17.3,29.3,275.2,3.9,7.2,295.0,1004.8,1004.8,2.7,4.8
2024-07-12 03:50:00+02:00,16.9,16.9,17.7,13.4,80.0,23.7,80.0,0.0,0.0,0.0,0.0,0.0,0.0,17.3,29.3,275.2,1.3,5.8,331.0,1004.8,1004.8,2.7,4.8
2024-07-12 03:55:00+02:00,16.8,16.8,17.2,13.3,80.0,23.6,80.0,0.0,0.0,0.0,0.0,0.0,0.0,17.3,29.3,275.2,3.1,5.4,284.0,1004.7,1004.7,2.7,4.8
2024-07-12 04:00:00+02:00,16.8,16.8,17.4,13.3,80.0,23.6,80.0,0.0,0.0,0.0,0.0,0.0,0.0,17.3,29.3,275.2,2.2,5.4,270.0,1004.7,1004.7,2.7,4.8
2024-07-12 04:05:00+02:00,16.7,16.7,17.4,13.3,80.0,23.5,80.0,0.0,0.0,0.0,0.0,0.0,0.0,17.3,29.3,275.2,2.1,5.0,274.0,1004.7,1004.7,2.7,4.8
2024-07-12 04:10:00+02:00,16.8,16.8,17.2,13.3,80.0,23.5,80.0,0.0,0.0,0.0,0.0,0.0,0.0,17.3,29.3,275.2,3.5,7.9,271.0,1004.5,1004.5,2.7,4.8
2024-07-12 04:15:00+02:00,16.8,16.8,17.0,13.3,80.0,23.5,81.0,0.0,0.0,0.0,0.0,0.0,0.0,17.3,29.3,275.2,4.4,9.0,277.0,1004.6,1004.6,2.7,4.8
2024-07-12 04:20:00+02:00,16.7,16.7,17.2,13.3,80.0,23.4,81.0,0.0,0.0,0.0,0.0,0.0,0.0,17.3,29.3,275.2,2.9,9.4,7.0,1004.4,1004.4,2.7,4.8
2024-07-12 04:25:00+02:00,16.7,16.7,17.3,13.3,80.0,23.4,81.0,0.0,0.0,0.0,0.0,0.0,0.0,17.3,29.3,275.2,1.9,8.6,312.0,1004.3,1004.3,2.7,4.8
2024-07-12 04:30:00+02:00,16.7,16.7,17.2,13.4,81.0,23.3,81.0,0.0,0.0,0.0,0.0,0.0,0.0,17.3,29.3,275.2,2.7,9.7,304.0,1004.4,1004.4,2.7,4.8
2024-07-12 04:35:00+02:00,16.6,16.6,17.2,13.3,81.0,23.3,81.0,0.0,0.0,0.0,0.0,0.0,0.0,17.3,29.3,275.2,2.2,5.0,328.0,1004.3,1004.3,2.7,4.8
2024-07-12 04:40:00+02:00,16.6,16.6,17.4,13.3,81.0,23.2,81.0,0.0,0.0,0.0,0.0,0.0,0.0,17.3,29.3,275.2,1.0,4.7,29.0,1004.2,1004.2,2.7,4.8
2024-07-12 04:45:00+02:00,16.7,16.7,17.3,13.4,81.0,23.2,81.0,0.0,0.0,0.0,0.0,0.0,0.0,17.3,29.3,275.2,2.2,6.1,354.0,1004.1,1004.1,2.7,4.8
2024-07-12 04:50:00+02:00,16.7,16.7,17.6,13.4,81.0,23.2,81.0,0.0,0.0,0.0,0.0,0.0,0.0,17.3,29.3,275.2,0.4,4.0,153.0,1004.1,1004.1,2.7,4.8
2024-07-12 04:55:00+02:00,16.6,16.6,17.6,13.3,81.0,23.2,81.0,0.0,0.0,0.0,0.0,0.0,0.0,17.3,29.3,275.2,0.0,3.6,187.0,1004.2,1004.2,2.7,4.8
2024-07-12 05:00:00+02:00,16.7,16.7,17.3,13.4,81.0,23.1,81.0,0.0,0.0,0.0,0.0,0.0,0.0,17.3,29.3,275.2,1.9,3.6,261.0,1004.2,1004.2,2.7,4.8
2024-07-12 05:05:00+02:00,16.7,16.7,17.7,13.4,81.0,23.1,81.0,0.1,0.0,0.0,0.0,0.0,0.0,17.3,29.3,275.2,0.4,4.3,355.0,1004.1,1004.1,2.7,4.8
2024-07-12 05:10:00+02:00,16.7,16.7,17.7,13.4,81.0,23.1,81.0,0.2,0.0,0.0,0.0,0.0,0.0,17.3,29.3,275.2,0.4,3.2,77.0,1004.1,1004.1,2.7,4.8
2024-07-12 05:15:00+02:00,16.7,16.7,17.7,13.4,81.0,23.0,81.0,0.4,0.0,0.0,0.0,0.0,0.0,17.3,29.3,275.2,0.4,3.2,2.0,1004.1,1004.1,2.7,4.8
2024-07-12 05:20:00+02:00,16.8,16.8,17.7,13.4,80.0,23.0,81.0,0.7,0.0,0.0,0.0,0.0,0.0,17.3,29.3,275.2,0.9,4.0,277.0,1004.0,1004.0,2.7,4.8
2024-07-12 05:25:00+02:00,16.8,16.8,17.2,13.4,81.0,23.0,81.0,1.3,0.0,0.0,0.0,0.0,0.0,17.3,29.3,275.2,3.2,5.8,334.0,1003.8,1003.8,2.7,4.8
2024-07-12 05:30:00+02:00,16.8,16.8,17.1,13.5,81.0,22.9,81.0,1.8,0.0,0.0,0.0,0.0,0.0,17.3,29.3,275.2,3.9,7.6,319.0,1003.6,1003.6,2.7,4.8
2024-07-12 05:35:00+02:00,16.8,16.8,17.0,13.4,81.0,22.9,81.0,2.7,0.0,0.0,0.0,0.0,0.0,17.3,29.3,275.2,4.3,8.3,338.0,1003.5,1003.5,2.7,4.7
2024-07-12 05:40:00+02:00,16.8,16.8,17.2,13.3,80.0,22.8,81.0,3.8,0.0,0.0,0.0,0.0,0.0,17.3,29.3,275.2,3.1,8.6,337.0,1003.6,1003.6,2.7,4.7
2024-07-12 05:45:00+02:00,16.8,16.8,17.4,13.4,81.0,22.8,81.0,6.6,0.0,0.0,0.0,0.0,0.0,17.3,29.3,275.2,2.2,7.6,266.0,1003.5,1003.5,2.7,4.7
2024-07-12 05:50:00+02:00,16.7,16.7,17.0,13.4,81.0,22.8,81.0,13.0,0.0,0.0,0.0,0.0,0.0,17.3,29.3,275.2,3.8,9.4,276.0,1003.3,1003.3,2.7,4.7
2024-07-12 05:55:00+02:00,16.7,16.7,16.9,13.4,81.0,22.8,81.0,16.6,0.0,0.0,0.0,0.0,0.0,17.3,29.3,275.2,4.3,7.9,298.0,1003.2,1003.2,2.7,4.7
2024-07-12 06:00:00+02:00,16.7,16.7,17.1,13.4,81.0,22.8,81.0,16.1,0.0,0.0,0.0,0.0,0.0,17.3,29.3,275.2,3.7,7.6,277.0,1003.3,1003.3,2.7,4.7
2024-07-12 06:05:00+02:00,16.7,16.7,17.2,13.6,82.0,22.7,81.0,10.7,0.0,0.0,0.0,0.0,0.0,17.3,29.3,275.2,3.1,6.5,299.0,1003.2,1003.2,2.7,4.7
2024-07-12 06:10:00+02:00,16.6,16.6,17.4,13.6,82.0,22.7,81.0,12.0,0.0,0.0,0.0,0.0,0.0,17.3,29.3,275.2,1.8,4.3,264.0,1003.2,1003.2,2.7,4.7
2024-07-12 06:15:00+02:00,16.6,16.6,16.9,13.6,82.0,22.7,81.0,15.4,0.0,0.0,0.0,0.0,0.0,17.3,29.3,275.2,4.0,6.1,290.0,1003.2,1003.2,2.7,4.7
2024-07-12 06:20:00+02:00,16.6,16.6,17.0,13.6,82.0,22.7,81.0,19.5,0.0,0.0,0.0,0.0,0.0,17.3,29.3,275.2,3.6,6.5,295.0,1003.2,1003.2,2.7,4.7
2024-07-12 06:25:00+02:00,16.6,16.6,17.1,13.6,82.0,22.7,81.0,19.9,0.0,0.0,0.0,0.0,0.0,17.3,29.3,275.2,2.9,6.1,268.0,1003.1,1003.1,2.7,4.7
2024-07-12 06:30:00+02:00,16.6,16.6,17.0,13.7,83.0,22.6,81.0,17.3,0.0,0.0,0.0,0.0,0.0,17.3,29.3,275.2,3.5,6.1,281.0,1003.1,1003.1,2.7,4.7
2024-07-12 06:35:00+02:00,16.6,16.6,16.9,13.7,83.0,22.6,81.0,18.6,0.0,0.0,0.0,0.0,0.0,17.3,29.3,275.2,4.3,7.2,317.0,1003.0,1003.0,2.7,4.7
2024-07-12 06:40:00+02:00,16.6,16.6,16.8,13.7,83.0,22.6,81.0,23.3,0.0,0.0,0.0,0.0,0.0,17.3,29.3,275.2,5.0,8.6,349.0,1002.9,1002.9,2.7,4.7
2024-07-12 06:45:00+02:00,16.6,16.6,16.9,13.7,83.0,22.6,81.0,23.0,0.0,0.0,0.0,0.0,0.0,17.3,29.3,275.2,4.1,6.8,317.0,1002.8,1002.8,2.7,4.7
2024-07-12 06:50:00+02:00,16.5,16.5,17.2,13.6,83.0,22.6,81.0,19.5,0.0,0.0,0.0,0.0,0.0,17.3,29.3,275.2,2.1,5.4,324.0,1002.6,1002.6,2.7,4.7
2024-07-12 06:55:00+02:00,16.5,16.5,17.0,13.6,83.0,22.5,81.0,19.6,0.0,0.0,0.0,0.0,0.0,17.3,29.3,275.2,3.1,7.9,312.0,1002.5,1002.5,2.7,4.7
2024-07-12 07:00:00+02:00,16.5,16.5,16.9,13.6,83.0,22.5,81.0,32.7,0.0,0.0,0.0,0.0,0.0,17.3,29.3,275.2,4.1,7.9,334.0,1002.4,1002.4,2.7,4.7
2024-07-12 07:05:00+02:00,16.5,16.5,17.1,13.7,84.0,22.5,81.0,54.9,0.0,0.0,0.0,0.0,0.0,17.3,29.3,275.2,3.2,6.8,264.0,1002.3,1002.3,2.7,4.7
2024-07-12 07:10:00+02:00,16.6,16.6,17.3,13.9,84.0,22.5,81.0,59.0,0.0,0.0,0.0,0.0,0.0,17.3,29.3,275.2,2.7,7.6,323.0,1002.2,1002.2,2.7,4.7
2024-07-12 07:15:00+02:00,16.7,16.7,17.4,13.9,84.0,22.5,81.0,42.9,0.0,0.0,0.0,0.0,0.0,17.3,29.3,275.2,2.5,5.0,287.0,1002.2,1002.2,2.7,4.7
2024-07-12 07:20:00+02:00,16.8,16.8,17.4,13.9,84.0,22.4,81.0,42.8,0.0,0.0,0.0,0.0,0.0,17.3,29.3,275.2,3.2,5.8,293.0,1002.3,1002.3,2.7,4.7
2024-07-12 07:25:00+02:00,16.8,16.8,17.5,13.9,83.0,22.5,81.0,50.0,0.0,0.0,0.0,0.0,0.0,17.3,29.3,275.2,3.0,8.6,356.0,1002.3,1002.3,2.7,4.8
2024-07-12 07:30:00+02:00,16.9,16.9,17.6,14.0,83.0,22.4,82.0,73.5,0.0,0.0,0.0,0.0,0.0,17.3,29.3,275.2,3.0,10.8,332.0,1002.2,1002.2,2.7,4.8
2024-07-12 07:35:00+02:00,16.9,16.9,17.5,14.0,83.0,22.5,82.0,82.2,0.0,0.0,0.0,0.0,0.0,17.3,29.3,275.2,3.5,10.8,297.0,1002.1,1002.1,2.7,4.8
2024-07-12 07:40:00+02:00,17.1,17.1,17.7,14.2,83.0,22.5,82.0,78.4,0.0,0.0,0.0,0.0,0.0,17.3,29.3,275.2,3.8,8.6,276.0,1001.9,1001.9,2.7,4.8
2024-07-12 07:45:00+02:00,17.1,17.1,17.8,14.1,83.0,22.5,82.0,67.9,0.0,0.0,0.0,0.0,0.0,17.3,29.3,275.2,3.4,11.2,327.0,1002.0,1002.0,2.7,4.8
2024-07-12 07:50:00+02:00,17.1,17.1,17.7,14.1,82.0,22.5,82.0,50.2,0.0,0.0,0.0,0.0,0.0,17.3,29.3,275.2,3.8,11.2,283.0,1002.0,1002.0,2.7,4.8
2024-07-12 07:55:00+02:00,17.2,17.2,18.0,14.2,82.0,22.5,82.0,41.3,0.0,0.0,0.0,0.0,0.0,17.3,29.3,275.2,2.6,9.0,317.0,1002.1,1002.1,2.7,4.8
2024-07-12 08:00:00+02:00,17.2,17.2,18.2,14.3,83.0,22.5,82.0,24.2,0.0,0.0,0.0,0.0,0.0,17.3,29.3,275.2,1.6,9.0,12.0,1002.2,1002.2,2.7,4.8
2024-07-12 08:05:00+02:00,17.1,17.1,17.5,14.4,84.0,22.5,82.0,19.3,0.0,1.8,0.3,0.3,0.3,17.6,29.6,275.5,5.0,8.3,338.0,1002.2,1002.2,2.7,4.8
2024-07-12 08:10:00+02:00,16.8,16.8,17.5,14.5,86.0,22.5,82.0,22.8,0.0,5.4,0.9,0.9,0.9,18.2,30.2,276.1,3.6,7.6,290.0,1001.9,1001.9,2.7,4.8
2024-07-12 08:15:00+02:00,16.5,16.5,17.4,14.5,88.0,22.5,82.0,35.0,0.0,5.4,1.1,1.1,1.1,18.4,30.4,276.3,3.0,4.7,269.0,1001.8,1001.8,2.7,4.8
2024-07-12 08:20:00+02:00,16.3,16.3,17.3,14.6,90.0,22.5,82.0,42.6,0.0,4.2,1.5,1.5,1.5,18.8,30.8,276.7,2.9,8.3,271.0,1001.7,1001.7,2.7,4.8
2024-07-12 08:25:00+02:00,16.2,16.2,17.1,14.8,91.0,22.4,82.0,47.6,0.0,3.6,1.7,1.7,1.7,19.0,31.0,276.9,3.5,6.5,274.0,1001.5,1001.5,2.7,4.8
2024-07-12 08:30:00+02:00,16.2,16.2,17.1,14.9,92.0,22.4,82.0,55.4,0.0,2.4,1.7,1.7,1.7,19.0,31.0,276.9,3.5,7.2,301.0,1001.4,1001.4,2.7,4.8
2024-07-12 08:35:00+02:00,16.2,16.2,17.2,14.9,92.0,22.4,82.0,56.2,0.0,1.2,1.9,1.9,1.9,19.2,31.2,277.1,2.7,7.6,306.0,1001.3,1001.3,2.7,4.7
2024-07-12 08:40:00+02:00,16.2,16.2,17.3,15.0,92.0,22.4,82.0,74.3,0.0,1.8,2.0,2.0,2.0,19.3,31.3,277.2,3.0,7.2,333.0,1001.4,1001.4,2.7,4.7
2024-07-12 08:45:00+02:00,16.3,16.3,17.6,15.1,92.0,22.3,82.0,78.5,0.0,1.2,2.0,2.0,2.0,19.3,31.3,277.2,1.7,4.0,113.0,1001.3,1001.3,2.7,4.7
2024-07-12 08:50:00+02:00,16.4,16.4,17.7,15.1,92.0,22.3,82.0,58.9,0.0,0.6,2.0,2.0,2.0,19.3,31.3,277.2,1.8,6.5,46.0,1001.4,1001.4,2.7,4.7
2024-07-12 08:55:00+02:00,16.4,16.4,17.8,15.1,92.0,22.3,82.0,51.3,0.0,0.0,2.0,2.0,2.0,19.3,31.3,277.2,1.6,6.1,355.0,1001.3,1001.3,2.7,4.8
2024-07-12 09:00:00+02:00,16.5,16.5,17.5,15.2,92.0,22.3,82.0,50.2,0.0,0.0,2.0,2.0,2.0,19.3,31.3,277.2,3.4,8.6,30.0,1001.2,1001.2,2.7,4.8
2024-07-12 09:05:00+02:00,16.5,16.5,16.9,15.2,92.0,22.3,82.0,47.7,0.0,0.6,2.1,2.1,1.8,19.4,31.4,277.3,6.3,14.4,323.0,1001.0,1001.0,2.7,4.8
2024-07-12 09:10:00+02:00,16.3,16.3,16.9,15.2,93.0,22.3,82.0,55.8,0.0,1.2,2.2,2.2,1.3,19.5,31.5,277.4,6.2,18.0,351.0,1000.9,1000.9,2.7,4.8
2024-07-12 09:15:00+02:00,16.3,16.3,17.2,15.2,93.0,22.2,82.0,57.7,0.0,1.2,2.3,2.3,1.1,19.6,31.6,277.5,4.1,14.8,316.0,1000.7,1000.7,2.7,4.7
2024-07-12 09:20:00+02:00,16.3,16.3,17.3,15.2,93.0,22.2,82.0,50.8,0.0,1.2,2.3,2.3,0.8,19.6,31.6,277.5,3.5,14.8,354.0,1000.6,1000.6,2.7,4.7
2024-07-12 09:25:00+02:00,16.3,16.3,17.3,15.2,93.0,22.2,82.0,57.2,0.0,0.6,2.3,2.3,0.6,19.6,31.6,277.5,3.7,9.4,348.0,1000.8,1000.8,2.7,4.7
2024-07-12 09:30:00+02:00,16.3,16.3,17.1,15.2,93.0,22.2,82.0,86.5,0.0,0.0,2.3,2.3,0.6,19.6,31.6,277.5,4.8,8.3,294.0,1000.4,1000.4,2.7,4.7
2024-07-12 09:35:00+02:00,16.4,16.4,17.0,15.3,93.0,22.1,82.0,104.0,0.0,0.0,2.3,2.3,0.4,19.6,31.6,277.5,5.4,13.7,334.0,1000.3,1000.3,2.7,4.8
2024-07-12 09:40:00+02:00,16.4,16.4,16.9,15.3,93.0,22.1,82.0,126.2,1.0,0.0,2.3,2.3,0.3,19.6,31.6,277.5,6.6,10.1,329.0,1000.0,1000.0,2.7,4.8
2024-07-12 09:45:00+02:00,16.5,16.5,18.0,15.4,93.0,22.1,82.0,147.8,1.0,0.0,2.3,2.3,0.3,19.6,31.6,277.5,1.8,9.7,298.0,1000.0,1000.0,2.7,4.8
2024-07-12 09:50:00+02:00,16.8,16.8,18.1,15.6,93.0,22.1,82.0,113.8,1.0,0.0,2.3,2.3,0.3,19.6,31.6,277.5,2.8,12.2,350.0,999.9,999.9,2.7,4.8
2024-07-12 09:55:00+02:00,16.7,16.7,17.4,15.5,92.0,22.1,82.0,135.1,1.0,0.0,2.3,2.3,0.3,19.6,31.6,277.5,5.0,15.8,20.0,999.9,999.9,2.7,4.9
2024-07-12 10:00:00+02:00,16.7,16.7,17.1,15.4,92.0,22.2,82.0,141.5,1.0,0.0,2.3,2.3,0.3,19.6,31.6,277.5,6.9,11.5,29.0,999.7,999.7,2.7,4.9
2024-07-12 10:05:00+02:00,16.7,16.7,18.1,15.5,92.0,22.1,82.0,109.1,1.0,0.0,2.3,2.3,0.2,19.6,31.6,277.5,2.4,10.4,58.0,999.6,999.6,2.7,4.9
2024-07-12 10:10:00+02:00,16.7,16.7,17.3,15.5,92.0,22.2,82.0,82.6,0.0,0.0,2.3,2.3,0.1,19.6,31.6,277.5,6.0,11.9,15.0,999.3,999.3,2.7,4.9
2024-07-12 10:15:00+02:00,16.7,16.7,17.9,15.6,93.0,22.2,82.0,90.2,0.0,0.0,2.3,2.3,0.0,19.6,31.6,277.5,3.0,10.8,46.0,999.1,999.1,2.7,5.0
2024-07-12 10:20:00+02:00,16.7,16.7,17.7,15.5,93.0,22.2,82.0,176.0,1.0,0.0,2.3,2.3,0.0,19.6,31.6,277.5,4.0,14.4,344.0,999.1,999.1,2.7,5.0
2024-07-12 10:25:00+02:00,16.8,16.8,17.1,15.6,92.0,22.2,83.0,173.6,1.0,0.0,2.3,2.3,0.0,19.6,31.6,277.5,8.1,16.9,354.0,999.0,999.0,2.7,5.0
2024-07-12 10:30:00+02:00,16.8,16.8,16.9,15.5,92.0,22.2,83.0,171.2,1.0,0.0,2.3,2.3,0.0,19.6,31.6,277.5,8.7,20.2,355.0,998.9,998.9,2.7,5.0
2024-07-12 10:35:00+02:00,16.9,16.9,17.5,15.5,92.0,22.2,83.0,202.4,1.0,0.0,2.3,2.3,0.0,19.6,31.6,277.5,6.4,14.4,352.0,998.7,998.7,2.7,5.1
2024-07-12 10:40:00+02:00,17.0,17.0,18.0,15.5,91.0,22.3,83.0,148.2,1.0,0.0,2.3,2.3,0.0,19.6,31.6,277.5,4.3,18.7,352.0,998.8,998.8,2.7,5.1
2024-07-12 10:45:00+02:00,17.0,17.0,17.7,15.5,91.0,22.3,83.0,71.3,0.0,0.0,2.3,2.3,0.0,19.6,31.6,277.5,5.8,25.2,21.0,998.9,998.9,2.7,5.1
2024-07-12 10:50:00+02:00,17.0,17.0,17.6,15.5,91.0,22.3,83.0,34.3,0.0,0.0,2.3,2.3,0.0,19.6,31.6,277.5,6.0,15.1,64.0,999.1,999.1,2.7,5.1
2024-07-12 10:55:00+02:00,16.9,16.9,18.5,15.6,92.0,22.4,83.0,48.5,0.0,4.2,3.0,3.0,0.7,20.3,32.3,278.2,1.2,9.7,175.0,999.4,999.4,2.7,5.1
2024-07-12 11:00:00+02:00,16.8,16.8,18.1,15.6,93.0,22.4,83.0,44.6,0.0,10.2,4.0,4.0,1.7,21.3,33.3,279.2,2.6,7.9,310.0,999.3,999.3,2.7,5.1
2024-07-12 11:05:00+02:00,16.6,16.6,17.8,15.7,94.0,22.5,83.0,35.4,0.0,12.0,4.5,4.5,2.2,21.8,33.8,279.7,3.2,8.3,344.0,999.1,999.1,2.7,5.1
2024-07-12 11:10:00+02:00,16.6,16.6,17.9,15.7,94.0,22.5,83.0,60.6,0.0,7.8,4.5,4.5,2.2,21.8,33.8,279.7,2.6,4.0,338.0,999.0,999.0,2.7,5.1
2024-07-12 11:15:00+02:00,16.6,16.6,17.7,15.8,95.0,22.5,83.0,94.5,0.0,1.2,4.5,4.5,2.2,21.8,33.8,279.7,4.5,9.4,352.0,998.8,998.8,2.7,5.1
2024-07-12 11:20:00+02:00,16.8,16.8,17.9,16.0,95.0,22.5,83.0,303.9,2.0,0.6,4.6,4.6,2.3,21.9,33.9,279.8,4.9,10.1,320.0,998.7,998.7,2.7,5.1
2024-07-12 11:25:00+02:00,17.3,17.3,18.7,16.4,95.0,22.5,82.0,536.1,4.0,0.6,4.6,4.6,2.3,21.9,33.9,279.8,3.9,9.4,319.0,998.5,998.5,2.7,5.1
2024-07-12 11:30:00+02:00,17.3,17.3,18.2,16.4,95.0,22.4,83.0,200.0,1.0,0.6,4.6,4.6,2.3,21.9,33.9,279.8,6.6,9.7,334.0,998.4,998.4,2.7,5.1
2024-07-12 11:35:00+02:00,17.5,17.5,18.9,16.5,94.0,22.5,83.0,143.6,1.0,0.0,4.6,4.6,2.3,21.9,33.9,279.8,3.7,11.2,330.0,998.4,998.4,2.7,5.2
2024-07-12 11:40:00+02:00,17.4,17.4,18.7,16.4,94.0,22.5,83.0,129.2,1.0,0.0,4.6,4.6,2.3,21.9,33.9,279.8,4.2,11.2,7.0,998.3,998.3,2.7,5.2
2024-07-12 11:45:00+02:00,17.5,17.5,19.0,16.5,94.0,22.5,83.0,169.0,1.0,0.0,4.6,4.6,2.3,21.9,33.9,279.8,3.5,8.6,357.0,998.3,998.3,2.7,5.2
2024-07-12 11:50:00+02:00,17.5,17.5,18.7,16.4,93.0,22.6,83.0,140.6,1.0,0.0,4.6,4.6,2.3,21.9,33.9,279.8,5.1,13.0,313.0,998.4,998.4,2.7,5.2
2024-07-12 11:55:00+02:00,17.7,17.7,18.9,16.5,93.0,22.6,83.0,171.3,1.0,0.0,4.6,4.6,1.6,21.9,33.9,279.8,4.8,13.0,321.0,998.3,998.3,2.7,5.2
2024-07-12 12:00:00+02:00,17.9,17.9,19.7,16.6,93.0,22.7,83.0,196.4,1.0,0.0,4.6,4.6,0.6,21.9,33.9,279.8,2.0,9.0,59.0,998.4,998.4,2.7,5.2
2024-07-12 12:05:00+02:00,17.9,17.9,19.4,16.5,91.0,22.7,83.0,184.7,1.0,0.0,4.6,4.6,0.1,21.9,33.9,279.8,3.5,8.3,55.0,998.0,998.0,2.7,5.2
2024-07-12 12:10:00+02:00,18.0,18.0,18.9,16.5,91.0,22.7,83.0,210.0,1.0,0.0,4.6,4.6,0.1,21.9,33.9,279.8,7.0,17.6,24.0,998.1,998.1,2.7,5.2
2024-07-12 12:15:00+02:00,18.2,18.2,19.7,16.6,91.0,22.8,83.0,157.8,1.0,0.0,4.6,4.6,0.1,21.9,33.9,279.8,3.2,9.4,19.0,998.0,998.0,2.7,5.2
2024-07-12 12:20:00+02:00,18.2,18.2,19.4,16.7,91.0,22.9,84.0,202.6,1.0,0.0,4.6,4.6,0.0,21.9,33.9,279.8,5.1,12.2,336.0,997.9,997.9,2.7,5.2
2024-07-12 12:25:00+02:00,18.3,18.3,19.9,16.8,91.0,22.9,84.0,242.7,2.0,0.0,4.6,4.6,0.0,21.9,33.9,279.8,4.0,13.3,323.0,997.8,997.8,2.7,5.2
2024-07-12 12:30:00+02:00,18.4,18.4,19.5,16.7,90.0,23.0,84.0,221.9,2.0,0.0,4.6,4.6,0.0,21.9,33.9,279.8,6.0,10.4,346.0,997.7,997.7,2.7,5.2
2024-07-12 12:35:00+02:00,18.5,18.5,19.6,16.9,90.0,23.1,84.0,203.5,1.0,0.0,4.6,4.6,0.0,21.9,33.9,279.8,6.3,14.8,350.0,997.6,997.6,2.7,5.2
2024-07-12 12:40:00+02:00,18.5,18.5,19.9,16.9,90.0,23.1,84.0,104.4,0.0,0.0,4.6,4.6,0.0,21.9,33.9,279.8,5.0,13.7,2.0,997.7,997.7,2.7,5.2
2024-07-12 12:45:00+02:00,18.6,18.6,19.8,16.9,90.0,23.2,84.0,103.0,0.0,0.0,4.6,4.6,0.0,21.9,33.9,279.8,5.5,15.8,7.0,997.5,997.5,2.7,5.2
2024-07-12 12:50:00+02:00,18.5,18.5,19.7,16.9,90.0,23.2,84.0,153.4,1.0,0.0,4.6,4.6,0.0,21.9,33.9,279.8,5.9,12.2,19.0,997.3,997.3,2.7,5.2
2024-07-12 12:55:00+02:00,18.6,18.6,19.8,17.1,91.0,23.2,84.0,175.7,1.0,0.0,4.6,4.6,0.0,21.9,33.9,279.8,5.8,12.2,344.0,997.2,997.2,2.7,5.2
2024-07-12 13:00:00+02:00,18.6,18.6,19.7,17.1,91.0,23.3,84.0,223.9,2.0,0.0,4.6,4.6,0.0,21.9,33.9,279.8,6.7,14.0,335.0,997.1,997.1,2.7,5.2
2024-07-12 13:05:00+02:00,18.7,18.7,19.8,17.3,91.0,23.3,84.0,471.8,4.0,0.0,4.6,4.6,0.0,21.9,33.9,279.8,7.1,12.6,7.0,997.1,997.1,2.7,5.2
2024-07-12 13:10:00+02:00,19.2,19.2,20.6,17.6,91.0,23.4,84.0,666.5,6.0,0.0,4.6,4.6,0.0,21.9,33.9,279.8,6.1,17.6,325.0,996.9,996.9,2.7,5.2
2024-07-12 13:15:00+02:00,19.6,19.6,21.4,17.9,90.0,23.5,84.0,338.6,3.0,0.0,4.6,4.6,0.0,21.9,33.9,279.8,5.0,16.6,326.0,996.7,996.7,2.7,5.2
2024-07-12 13:20:00+02:00,19.8,19.8,21.6,17.8,88.0,23.6,84.0,270.3,2.0,0.0,4.6,4.6,0.0,21.9,33.9,279.8,4.5,13.3,35.0,996.6,996.6,2.7,5.2
2024-07-12 13:25:00+02:00,19.6,19.6,21.3,17.8,89.0,23.6,84.0,133.9,1.0,0.0,4.6,4.6,0.0,21.9,33.9,279.8,4.9,13.3,336.0,996.5,996.5,2.7,5.2
2024-07-12 13:30:00+02:00,19.3,19.3,20.9,17.6,90.0,23.7,84.0,72.2,0.0,0.0,4.6,4.6,0.0,21.9,33.9,279.8,5.6,15.1,331.0,996.4,996.4,2.7,5.2
2024-07-12 13:35:00+02:00,19.2,19.2,20.8,17.6,90.0,23.8,84.0,88.6,0.0,0.0,4.6,4.6,0.0,21.9,33.9,279.8,5.0,14.0,2.0,996.3,996.3,2.7,5.2
2024-07-12 13:40:00+02:00,19.0,19.0,21.0,17.7,92.0,23.8,84.0,124.4,1.0,2.4,5.0,5.0,0.4,22.3,34.3,280.2,3.7,14.0,8.0,996.1,996.1,2.7,5.2
2024-07-12 13:45:00+02:00,19.0,19.0,21.2,17.8,93.0,23.9,84.0,115.0,1.0,3.6,5.2,5.2,0.6,22.5,34.5,280.4,2.7,7.2,338.0,996.0,996.0,2.7,5.2
2024-07-12 13:50:00+02:00,18.8,18.8,20.0,17.7,93.0,23.9,84.0,126.7,1.0,2.4,5.2,5.2,0.6,22.5,34.5,280.4,8.0,14.8,310.0,995.7,995.7,2.7,5.2
2024-07-12 13:55:00+02:00,18.8,18.8,21.0,17.8,94.0,23.9,84.0,116.1,1.0,1.2,5.2,5.2,0.6,22.5,34.5,280.4,3.2,11.9,350.0,995.5,995.5,2.7,5.2
2024-07-12 14:00:00+02:00,18.8,18.8,21.0,17.8,94.0,23.9,84.0,89.4,0.0,0.6,5.3,5.3,0.7,22.6,34.6,280.5,3.2,7.2,7.0,995.5,995.5,2.7,5.2
2024-07-12 14:05:00+02:00,18.9,18.9,20.9,17.9,94.0,23.9,84.0,222.9,2.0,0.6,5.3,5.3,0.7,22.6,34.6,280.5,4.1,13.3,19.0,995.3,995.3,2.7,5.2
2024-07-12 14:10:00+02:00,19.1,19.1,21.3,18.1,94.0,23.9,84.0,153.9,1.0,0.6,5.3,5.3,0.7,22.6,34.6,280.5,3.3,13.3,261.0,995.1,995.1,2.7,5.2
2024-07-12 14:15:00+02:00,19.2,19.2,21.9,18.2,94.0,23.9,84.0,62.4,0.0,0.0,5.3,5.3,0.7,22.6,34.6,280.5,1.1,4.0,22.0,995.4,995.4,2.7,5.2
2024-07-12 14:20:00+02:00,19.2,19.2,21.6,18.2,94.0,23.9,84.0,178.7,1.0,0.0,5.3,5.3,0.7,22.6,34.6,280.5,2.5,7.2,42.0,995.4,995.4,2.7,5.2
2024-07-12 14:25:00+02:00,19.4,19.4,22.0,18.4,94.0,23.9,84.0,253.0,2.0,0.0,5.3,5.3,0.7,22.6,34.6,280.5,1.9,5.8,93.0,995.2,995.2,2.7,5.2
2024-07-12 14:30:00+02:00,19.7,19.7,22.0,18.6,93.0,23.9,84.0,473.5,4.0,0.0,5.3,5.3,0.7,22.6,34.6,280.5,4.0,11.5,82.0,995.0,995.0,2.7,5.2
2024-07-12 14:35:00+02:00,20.4,20.4,21.7,18.6,89.0,23.9,84.0,285.1,2.0,0.0,5.3,5.3,0.6,22.6,34.6,280.5,9.4,22.7,158.0,995.4,995.4,2.7,5.2
2024-07-12 14:40:00+02:00,19.5,19.5,21.4,17.5,88.0,24.0,84.0,153.3,1.0,0.0,5.3,5.3,0.3,22.6,34.6,280.5,3.8,19.1,202.0,995.9,995.9,2.7,5.2
2024-07-12 14:45:00+02:00,18.5,18.5,19.7,16.7,90.0,24.0,84.0,111.6,1.0,0.0,5.3,5.3,0.1,22.6,34.6,280.5,5.2,16.9,354.0,996.5,996.5,2.7,5.2
2024-07-12 14:50:00+02:00,17.8,17.8,19.1,16.2,91.0,24.0,84.0,96.0,0.0,0.0,5.3,5.3,0.1,22.6,34.6,280.5,4.0,13.3,149.0,996.4,996.4,2.7,5.2
2024-07-12 14:55:00+02:00,17.4,17.4,18.5,15.9,91.0,24.1,84.0,173.2,1.0,0.0,5.3,5.3,0.1,22.6,34.6,280.5,4.3,17.3,191.0,996.7,996.7,2.7,5.2
2024-07-12 15:00:00+02:00,17.3,17.3,18.2,15.8,91.0,24.1,84.0,236.8,2.0,0.0,5.3,5.3,0.0,22.6,34.6,280.5,5.3,13.3,106.0,996.8,996.8,2.7,5.2
2024-07-12 15:05:00+02:00,17.1,17.1,18.1,15.6,91.0,24.1,84.0,222.8,2.0,0.0,5.3,5.3,0.0,22.6,34.6,280.5,4.6,16.6,240.0,997.0,997.0,2.7,5.2
2024-07-12 15:10:00+02:00,16.9,16.9,17.9,15.4,91.0,24.1,83.0,130.5,1.0,0.0,5.3,5.3,0.0,22.6,34.6,280.5,4.3,16.6,214.0,997.2,997.2,2.7,5.2
2024-07-12 15:15:00+02:00,16.8,16.8,17.6,15.2,90.0,24.1,83.0,100.2,0.0,0.0,5.3,5.3,0.0,22.6,34.6,280.5,4.6,10.1,248.0,997.3,997.3,2.7,5.2
2024-07-12 15:20:00+02:00,16.7,16.7,17.5,15.0,90.0,24.1,83.0,73.0,0.0,0.0,5.3,5.3,0.0,22.6,34.6,280.5,4.4,8.3,208.0,997.7,997.7,2.7,5.2
2024-07-12 15:25:00+02:00,16.4,16.4,17.2,14.7,90.0,24.1,83.0,111.6,1.0,0.0,5.3,5.3,0.0,22.6,34.6,280.5,4.1,12.6,94.0,997.8,997.8,2.7,5.2
2024-07-12 15:30:00+02:00,16.3,16.3,17.2,14.7,90.0,24.1,83.0,96.0,0.0,0.0,5.3,5.3,0.0,22.6,34.6,280.5,3.5,9.0,156.0,998.0,998.0,2.7,5.2
2024-07-12 15:35:00+02:00,16.2,16.2,16.8,14.6,90.0,24.1,83.0,65.0,0.0,0.0,5.3,5.3,0.0,22.6,34.6,280.5,4.5,11.5,147.0,998.2,998.2,2.7,5.2
2024-07-12 15:40:00+02:00,16.1,16.1,16.5,14.4,90.0,24.1,83.0,76.2,0.0,0.0,5.3,5.3,0.0,22.6,34.6,280.5,4.8,15.5,55.0,998.3,998.3,2.7,5.2
2024-07-12 15:45:00+02:00,16.0,16.0,16.8,14.4,90.0,24.1,83.0,80.3,0.0,0.0,5.3,5.3,0.0,22.6,34.6,280.5,3.1,11.5,148.0,998.5,998.5,2.7,5.2
2024-07-12 15:50:00+02:00,15.9,15.9,16.2,14.2,89.0,24.0,83.0,67.4,0.0,0.0,5.3,5.3,0.0,22.6,34.6,280.5,5.3,13.0,179.0,998.7,998.7,2.7,5.2
2024-07-12 15:55:00+02:00,15.9,15.9,16.3,14.3,90.0,24.0,83.0,54.1,0.0,0.0,5.3,5.3,0.0,22.6,34.6,280.5,5.3,17.6,176.0,998.7,998.7,2.7,5.2
2024-07-12 16:00:00+02:00,15.8,15.8,16.5,14.2,90.0,24.0,82.0,41.9,0.0,0.0,5.3,5.3,0.0,22.6,34.6,280.5,3.3,17.6,154.0,998.9,998.9,2.7,5.2
2024-07-12 16:05:00+02:00,15.7,15.7,16.5,14.1,90.0,23.9,82.0,35.8,0.0,0.0,5.3,5.3,0.0,22.6,34.6,280.5,2.7,8.3,232.0,999.1,999.1,2.7,5.2
2024-07-12 16:10:00+02:00,15.7,15.7,16.3,14.1,91.0,23.9,82.0,39.5,0.0,0.0,5.3,5.3,0.0,22.6,34.6,280.5,3.5,8.6,168.0,999.3,999.3,2.7,5.2
2024-07-12 16:15:00+02:00,15.6,15.6,16.2,14.1,91.0,23.8,82.0,41.9,0.0,0.0,5.3,5.3,0.0,22.6,34.6,280.5,3.7,10.1,107.0,999.3,999.3,2.7,5.2
2024-07-12 16:20:00+02:00,15.5,15.5,15.4,13.9,90.0,23.8,82.0,50.1,0.0,0.0,5.3,5.3,0.0,22.6,34.6,280.5,6.8,17.6,357.0,999.5,999.5,2.7,5.2
2024-07-12 16:25:00+02:00,15.4,15.4,15.3,13.8,90.0,23.8,82.0,44.5,0.0,0.0,5.3,5.3,0.0,22.6,34.6,280.5,6.6,22.3,278.0,999.6,999.6,2.7,5.2
2024-07-12 16:30:00+02:00,15.4,15.4,15.9,13.8,90.0,23.7,82.0,39.3,0.0,0.0,5.3,5.3,0.0,22.6,34.6,280.5,3.7,15.1,271.0,999.7,999.7,2.7,5.2
2024-07-12 16:35:00+02:00,15.4,15.4,16.0,13.8,90.0,23.6,82.0,32.0,0.0,0.0,5.3,5.3,0.0,22.6,34.6,280.5,2.9,7.9,157.0,999.9,999.9,2.7,5.2
2024-07-12 16:40:00+02:00,15.3,15.3,15.4,13.7,90.0,23.6,82.0,33.0,0.0,0.0,5.3,5.3,0.0,22.6,34.6,280.5,5.5,14.0,274.0,1000.0,1000.0,2.7,5.2
2024-07-12 16:45:00+02:00,15.3,15.3,15.5,13.7,90.0,23.5,82.0,41.0,0.0,0.0,5.3,5.3,0.0,22.6,34.6,280.5,4.7,18.7,276.0,1000.0,1000.0,2.7,5.2
2024-07-12 16:50:00+02:00,15.2,15.2,15.4,13.5,89.0,23.5,82.0,40.1,0.0,0.0,5.3,5.3,0.0,22.6,34.6,280.5,4.4,14.8,252.0,1000.1,1000.1,2.7,5.2
2024-07-12 16:55:00+02:00,15.2,15.2,15.4,13.4,89.0,23.4,82.0,35.8,0.0,0.0,5.3,5.3,0.0,22.6,34.6,280.5,4.4,26.3,220.0,1000.3,1000.3,2.7,5.2
2024-07-12 17:00:00+02:00,15.1,15.1,15.3,13.3,89.0,23.3,82.0,30.0,0.0,0.0,5.3,5.3,0.0,22.6,34.6,280.5,4.1,26.3,242.0,1000.4,1000.4,2.7,5.2
2024-07-12 17:05:00+02:00,15.0,15.0,15.4,13.3,90.0,23.3,82.0,27.1,0.0,0.0,5.3,5.3,0.0,22.6,34.6,280.5,3.2,14.0,191.0,1000.5,1000.5,2.7,5.2
2024-07-12 17:10:00+02:00,14.8,14.8,14.7,13.0,89.0,23.2,81.0,34.6,0.0,0.0,5.3,5.3,0.0,22.6,34.6,280.5,5.7,17.6,231.0,1000.8,1000.8,2.7,5.2
2024-07-12 17:15:00+02:00,14.8,14.8,14.9,12.8,88.0,23.2,81.0,38.8,0.0,0.0,5.3,5.3,0.0,22.6,34.6,280.5,3.9,10.8,282.0,1000.8,1000.8,2.7,5.2
2024-07-12 17:20:00+02:00,14.8,14.8,14.3,12.7,87.0,23.1,81.0,35.1,0.0,0.0,5.3,5.3,0.0,22.6,34.6,280.5,6.8,19.1,282.0,1001.0,1001.0,2.7,5.2
2024-07-12 17:25:00+02:00,14.8,14.8,15.0,12.7,87.0,23.0,81.0,37.4,0.0,0.0,5.3,5.3,0.0,22.6,34.6,280.5,3.2,7.2,274.0,1001.1,1001.1,2.7,5.2
2024-07-12 17:30:00+02:00,14.8,14.8,15.0,12.6,87.0,23.0,81.0,44.2,0.0,0.0,5.3,5.3,0.0,22.6,34.6,280.5,3.2,7.2,123.0,1001.1,1001.1,2.7,5.2
2024-07-12 17:35:00+02:00,14.8,14.8,14.9,12.5,86.0,22.9,81.0,46.9,0.0,0.0,5.3,5.3,0.0,22.6,34.6,280.5,3.7,13.0,278.0,1001.1,1001.1,2.7,5.2
2024-07-12 17:40:00+02:00,14.9,14.9,15.2,12.6,86.0,22.9,81.0,46.6,0.0,0.0,5.3,5.3,0.0,22.6,34.6,280.5,2.4,9.0,152.0,1001.2,1001.2,2.7,5.2
2024-07-12 17:45:00+02:00,14.8,14.8,14.6,12.4,85.0,22.9,81.0,42.9,0.0,0.0,5.3,5.3,0.0,22.6,34.6,280.5,5.0,14.8,226.0,1001.2,1001.2,2.7,5.2
2024-07-12 17:50:00+02:00,14.8,14.8,14.5,12.2,85.0,22.8,81.0,46.3,0.0,0.0,5.3,5.3,0.0,22.6,34.6,280.5,5.2,20.5,254.0,1001.4,1001.4,2.7,5.2
2024-07-12 17:55:00+02:00,14.8,14.8,14.5,12.3,85.0,22.8,81.0,55.0,0.0,0.0,5.3,5.3,0.0,22.6,34.6,280.5,5.0,12.6,194.0,1001.4,1001.4,2.7,5.2
2024-07-12 18:00:00+02:00,14.9,14.9,15.1,12.4,85.0,22.7,81.0,56.0,0.0,0.0,5.3,5.3,0.0,22.6,34.6,280.5,2.7,6.1,163.0,1001.5,1001.5,2.7,5.2
2024-07-12 18:05:00+02:00,14.9,14.9,15.1,12.4,85.0,22.7,81.0,42.3,0.0,0.0,5.3,5.3,0.0,22.6,34.6,280.5,2.8,5.0,169.0,1001.3,1001.3,2.7,5.2
2024-07-12 18:10:00+02:00,15.0,15.0,15.5,12.6,86.0,22.6,81.0,60.5,0.0,0.0,5.3,5.3,0.0,22.6,34.6,280.5,1.5,6.5,188.0,1001.3,1001.3,2.7,5.2
2024-07-12 18:15:00+02:00,15.0,15.0,14.9,12.6,86.0,22.6,81.0,52.6,0.0,0.0,5.3,5.3,0.0,22.6,34.6,280.5,4.6,11.2,256.0,1001.3,1001.3,2.7,5.2
2024-07-12 18:20:00+02:00,14.9,14.9,15.0,12.5,86.0,22.5,81.0,44.4,0.0,0.0,5.3,5.3,0.0,22.6,34.6,280.5,3.7,10.8,146.0,1001.3,1001.3,2.7,5.2
2024-07-12 18:25:00+02:00,14.9,14.9,15.3,12.4,85.0,22.5,81.0,56.4,0.0,0.0,5.3,5.3,0.0,22.6,34.6,280.5,2.1,10.8,289.0,1001.3,1001.3,2.7,5.2
2024-07-12 18:30:00+02:00,14.9,14.9,14.8,12.4,85.0,22.4,81.0,50.3,0.0,0.0,5.3,5.3,0.0,22.6,34.6,280.5,4.1,16.2,259.0,1001.4,1001.4,2.7,5.2
2024-07-12 18:35:00+02:00,14.9,14.9,14.6,12.4,85.0,22.4,81.0,53.8,0.0,0.0,5.3,5.3,0.0,22.6,34.6,280.5,5.4,11.9,284.0,1001.4,1001.4,2.7,5.2
2024-07-12 18:40:00+02:00,14.9,14.9,14.7,12.4,85.0,22.4,81.0,43.2,0.0,0.0,5.3,5.3,0.0,22.6,34.6,280.5,5.2,11.9,144.0,1001.5,1001.5,2.7,5.2
2024-07-12 18:45:00+02:00,14.8,14.8,14.8,12.1,84.0,22.3,81.0,39.4,0.0,0.0,5.3,5.3,0.0,22.6,34.6,280.5,3.3,9.4,197.0,1001.6,1001.6,2.7,5.2
2024-07-12 18:50:00+02:00,14.7,14.7,13.9,12.0,84.0,22.3,81.0,49.4,0.0,0.0,5.3,5.3,0.0,22.6,34.6,280.5,7.0,14.4,259.0,1001.6,1001.6,2.7,5.2
2024-07-12 18:55:00+02:00,14.6,14.6,14.1,11.6,82.0,22.3,81.0,52.6,0.0,0.0,5.3,5.3,0.0,22.6,34.6,280.5,5.0,13.7,265.0,1001.6,1001.6,2.7,5.2
2024-07-12 19:00:00+02:00,14.5,14.5,14.2,11.5,82.0,22.2,81.0,49.4,0.0,0.0,5.3,5.3,0.0,22.6,34.6,280.5,4.3,13.3,264.0,1001.7,1001.7,2.7,5.2
2024-07-12 19:05:00+02:00,14.6,14.6,14.6,11.6,82.0,22.2,81.0,44.5,0.0,0.0,5.3,5.3,0.0,22.6,34.6,280.5,2.5,8.3,267.0,1001.8,1001.8,2.7,5.2
2024-07-12 19:10:00+02:00,14.6,14.6,14.4,11.7,83.0,22.1,81.0,24.1,0.0,0.0,5.3,5.3,0.0,22.6,34.6,280.5,3.5,11.9,246.0,1001.8,1001.8,2.7,5.2
2024-07-12 19:15:00+02:00,14.5,14.5,13.9,11.7,83.0,22.1,81.0,27.5,0.0,0.0,5.3,5.3,0.0,22.6,34.6,280.5,5.8,13.3,143.0,1001.9,1001.9,2.7,5.2
2024-07-12 19:20:00+02:00,14.5,14.5,14.3,11.6,83.0,22.0,81.0,27.6,0.0,0.0,5.3,5.3,0.0,22.6,34.6,280.5,3.7,13.3,250.0,1002.0,1002.0,2.7,5.2
2024-07-12 19:25:00+02:00,14.4,14.4,14.0,11.5,83.0,22.0,81.0,17.8,0.0,0.0,5.3,5.3,0.0,22.6,34.6,280.5,4.4,10.1,270.0,1002.0,1002.0,2.7,5.2
2024-07-12 19:30:00+02:00,14.4,14.4,13.6,11.5,83.0,22.0,81.0,22.5,0.0,0.0,5.3,5.3,0.0,22.6,34.6,280.5,6.6,20.2,285.0,1002.0,1002.0,2.7,5.2
2024-07-12 19:35:00+02:00,14.3,14.3,14.3,11.5,83.0,21.9,81.0,41.8,0.0,0.0,5.3,5.3,0.0,22.6,34.6,280.5,2.6,20.2,306.0,1002.0,1002.0,2.7,5.2
2024-07-12 19:40:00+02:00,14.3,14.3,14.1,11.4,82.0,21.9,81.0,42.3,0.0,0.0,5.3,5.3,0.0,22.6,34.6,280.5,3.6,13.3,262.0,1002.0,1002.0,2.7,5.2
2024-07-12 19:45:00+02:00,14.4,14.4,14.4,11.3,82.0,21.8,81.0,31.2,0.0,0.0,5.3,5.3,0.0,22.6,34.6,280.5,2.0,10.8,291.0,1001.8,1001.8,2.7,5.2
2024-07-12 19:50:00+02:00,14.4,14.4,14.6,11.4,82.0,21.8,81.0,15.1,0.0,0.0,5.3,5.3,0.0,22.6,34.6,280.5,1.2,4.7,12.0,1001.8,1001.8,2.7,5.2
2024-07-12 19:55:00+02:00,14.5,14.5,14.5,11.6,83.0,21.8,81.0,20.3,0.0,0.0,5.3,5.3,0.0,22.6,34.6,280.5,2.4,5.8,258.0,1001.8,1001.8,2.7,5.2
2024-07-12 20:00:00+02:00,14.4,14.4,14.4,11.6,83.0,21.8,81.0,19.8,0.0,0.0,5.3,5.3,0.0,22.6,34.6,280.5,2.4,7.2,151.0,1001.9,1001.9,2.7,5.2
2024-07-12 20:05:00+02:00,14.4,14.4,14.4,11.6,83.0,21.7,81.0,20.7,0.0,0.0,5.3,5.3,0.0,22.6,34.6,280.5,2.4,7.6,73.0,1001.9,1001.9,2.7,5.2
2024-07-12 20:10:00+02:00,14.5,14.5,14.6,11.6,83.0,21.7,81.0,20.4,0.0,0.0,5.3,5.3,0.0,22.6,34.6,280.5,1.9,5.0,100.0,1001.7,1001.7,2.7,5.2
2024-07-12 20:15:00+02:00,14.4,14.4,14.5,11.7,84.0,21.7,81.0,17.0,0.0,0.0,5.3,5.3,0.0,22.6,34.6,280.5,2.6,6.5,132.0,1001.9,1001.9,2.7,5.2
2024-07-12 20:20:00+02:00,14.4,14.4,14.7,11.7,84.0,21.6,81.0,21.0,0.0,0.0,5.3,5.3,0.0,22.6,34.6,280.5,1.2,5.4,142.0,1001.8,1001.8,2.7,5.2
2024-07-12 20:25:00+02:00,14.4,14.4,14.4,11.6,83.0,21.6,81.0,20.1,0.0,0.0,5.3,5.3,0.0,22.6,34.6,280.5,2.4,6.1,128.0,1001.8,1001.8,2.7,5.2
2024-07-12 20:30:00+02:00,14.5,14.5,14.7,11.7,83.0,21.6,81.0,13.7,0.0,0.0,5.3,5.3,0.0,22.6,34.6,280.5,1.7,6.5,289.0,1001.6,1001.6,2.7,5.2
2024-07-12 20:35:00+02:00,14.5,14.5,14.8,11.8,84.0,21.5,81.0,15.3,0.0,0.0,5.3,5.3,0.0,22.6,34.6,280.5,1.4,4.7,76.0,1001.6,1001.6,2.7,5.2
2024-07-12 20:40:00+02:00,14.4,14.4,14.7,11.6,83.0,21.5,81.0,15.1,0.0,0.0,5.3,5.3,0.0,22.6,34.6,280.5,1.2,4.7,236.0,1001.7,1001.7,2.7,5.2
2024-07-12 20:45:00+02:00,14.4,14.4,14.6,11.6,83.0,21.5,81.0,19.3,0.0,0.0,5.3,5.3,0.0,22.6,34.6,280.5,1.5,4.3,206.0,1001.5,1001.5,2.7,5.2
2024-07-12 20:50:00+02:00,14.4,14.4,14.6,11.6,83.0,21.5,81.0,13.0,0.0,0.0,5.3,5.3,0.0,22.6,34.6,280.5,1.3,3.6,312.0,1001.5,1001.5,2.7,5.2
2024-07-12 20:55:00+02:00,14.4,14.4,14.4,11.6,83.0,21.4,81.0,5.5,0.0,0.0,5.3,5.3,0.0,22.6,34.6,280.5,2.3,8.3,117.0,1001.5,1001.5,2.7,5.2
2024-07-12 21:00:00+02:00,14.4,14.4,14.4,11.7,84.0,21.4,81.0,3.6,0.0,0.0,5.3,5.3,0.0,22.6,34.6,280.5,2.7,7.2,113.0,1001.6,1001.6,2.7,5.2
2024-07-12 21:05:00+02:00,14.4,14.4,14.5,11.8,84.0,21.4,81.0,2.9,0.0,0.0,5.3,5.3,0.0,22.6,34.6,280.5,2.2,7.6,145.0,1001.8,1001.8,2.7,5.2
2024-07-12 21:10:00+02:00,14.4,14.4,14.5,11.9,85.0,21.3,81.0,5.8,0.0,0.0,5.3,5.3,0.0,22.6,34.6,280.5,2.3,7.6,142.0,1001.9,1001.9,2.7,5.2
2024-07-12 21:15:00+02:00,14.4,14.4,14.2,11.9,85.0,21.3,81.0,3.8,0.0,0.0,5.3,5.3,0.0,22.6,34.6,280.5,4.2,9.0,126.0,1002.1,1002.1,2.7,5.2
2024-07-12 21:20:00+02:00,14.4,14.4,14.3,11.9,85.0,21.3,81.0,3.0,0.0,0.0,5.3,5.3,0.0,22.6,34.6,280.5,3.7,7.2,276.0,1002.1,1002.1,2.7,5.2
2024-07-12 21:25:00+02:00,14.3,14.3,14.9,12.2,87.0,21.2,81.0,3.5,0.0,0.0,5.3,5.3,0.0,22.6,34.6,280.5,0.4,7.2,9.0,1002.1,1002.1,2.7,5.1
2024-07-12 21:30:00+02:00,14.3,14.3,14.3,12.2,87.0,21.2,81.0,3.1,0.0,0.0,5.3,5.3,0.0,22.6,34.6,280.5,3.5,6.8,119.0,1001.9,1001.9,2.7,5.1
2024-07-12 21:35:00+02:00,14.3,14.3,14.7,12.3,88.0,21.2,81.0,1.5,0.0,0.0,5.3,5.3,0.0,22.6,34.6,280.5,1.3,6.8,177.0,1002.1,1002.1,2.7,5.1
2024-07-12 21:40:00+02:00,14.3,14.3,14.3,12.4,88.0,21.1,81.0,0.6,0.0,0.0,5.3,5.3,0.0,22.6,34.6,280.5,3.5,8.3,275.0,1002.1,1002.1,2.7,5.1
2024-07-12 21:45:00+02:00,14.0,14.0,14.5,12.6,91.0,21.1,81.0,0.9,0.0,0.6,5.4,5.4,0.1,22.7,34.7,280.6,1.8,13.0,194.0,1002.3,1002.3,2.7,5.1
2024-07-12 21:50:00+02:00,13.8,13.8,14.3,12.5,92.0,21.0,81.0,0.9,0.0,0.6,5.4,5.4,0.1,22.7,34.7,280.6,1.7,5.4,152.0,1002.3,1002.3,2.7,5.1
2024-07-12 21:55:00+02:00,13.7,13.7,14.2,12.5,93.0,21.0,81.0,0.5,0.0,0.0,5.4,5.4,0.1,22.7,34.7,280.6,1.3,6.1,220.0,1002.4,1002.4,2.7,5.1
2024-07-12 22:00:00+02:00,13.7,13.7,14.1,12.6,93.0,20.9,81.0,0.3,0.0,0.0,5.4,5.4,0.1,22.7,34.7,280.6,1.7,5.8,119.0,1002.3,1002.3,2.7,5.1
2024-07-12 22:05:00+02:00,13.6,13.6,14.1,12.6,93.0,20.9,81.0,0.2,0.0,0.0,5.4,5.4,0.1,22.7,34.7,280.6,1.4,4.7,131.0,1002.6,1002.6,2.7,5.1
2024-07-12 22:10:00+02:00,13.6,13.6,13.5,12.6,94.0,20.8,81.0,0.1,0.0,0.0,5.4,5.4,0.1,22.7,34.7,280.6,4.5,8.6,106.0,1002.5,1002.5,2.7,5.1
2024-07-12 22:15:00+02:00,13.5,13.5,13.9,12.6,94.0,20.8,81.0,0.0,0.0,0.0,5.4,5.4,0.1,22.7,34.7,280.6,2.2,8.6,209.0,1002.5,1002.5,2.7,5.1
2024-07-12 22:20:00+02:00,13.5,13.5,13.7,12.5,94.0,20.8,81.0,0.0,0.0,0.0,5.4,5.4,0.1,22.7,34.7,280.6,3.0,7.6,286.0,1002.4,1002.4,2.7,5.1
2024-07-12 22:25:00+02:00,13.4,13.4,13.7,12.4,94.0,20.7,81.0,0.0,0.0,0.0,5.4,5.4,0.1,22.7,34.7,280.6,2.6,5.0,129.0,1002.6,1002.6,2.7,5.1
2024-07-12 22:30:00+02:00,13.5,13.5,13.8,12.5,94.0,20.7,81.0,0.0,0.0,0.0,5.4,5.4,0.1,22.7,34.7,280.6,2.2,5.4,105.0,1002.7,1002.7,2.7,5.1
2024-07-12 22:35:00+02:00,13.5,13.5,14.2,12.5,94.0,20.7,81.0,0.0,0.0,0.0,5.4,5.4,0.1,22.7,34.7,280.6,0.5,5.4,130.0,1002.5,1002.5,2.7,5.1
2024-07-12 22:40:00+02:00,13.4,13.4,13.8,12.5,94.0,20.6,81.0,0.0,0.0,0.0,5.4,5.4,0.1,22.7,34.7,280.6,2.2,5.4,104.0,1002.6,1002.6,2.7,5.1
2024-07-12 22:45:00+02:00,13.4,13.4,14.1,12.5,94.0,20.6,81.0,0.0,0.0,0.0,5.4,5.4,0.0,22.7,34.7,280.6,0.7,2.9,84.0,1002.6,1002.6,2.7,5.0
2024-07-12 22:50:00+02:00,13.5,13.5,14.1,12.6,94.0,20.6,81.0,0.0,0.0,0.0,5.4,5.4,0.0,22.7,34.7,280.6,0.8,3.2,28.0,1002.4,1002.4,2.7,5.0
2024-07-12 22:55:00+02:00,13.5,13.5,14.1,12.5,94.0,20.5,81.0,0.0,0.0,0.0,5.4,5.4,0.0,22.7,34.7,280.6,0.9,2.9,108.0,1002.4,1002.4,2.7,5.0
2024-07-12 23:00:00+02:00,13.5,13.5,13.9,12.6,94.0,20.5,81.0,0.0,0.0,0.0,5.4,5.4,0.0,22.7,34.7,280.6,2.1,3.6,114.0,1002.4,1002.4,2.7,5.0
2024-07-12 23:05:00+02:00,13.5,13.5,13.9,12.7,94.0,20.5,81.0,0.0,0.0,0.0,5.4,5.4,0.0,22.7,34.7,280.6,2.4,4.7,117.0,1002.4,1002.4,2.7,5.0
2024-07-12 23:10:00+02:00,13.5,13.5,14.4,12.8,95.0,20.5,81.0,0.0,0.0,0.0,5.4,5.4,0.0,22.7,34.7,280.6,0.0,3.2,125.0,1002.3,1002.3,2.7,5.0
2024-07-12 23:15:00+02:00,13.5,13.5,13.7,12.7,95.0,20.5,82.0,0.0,0.0,0.0,5.4,5.4,0.0,22.7,34.7,280.6,3.5,6.5,114.0,1002.4,1002.4,2.7,5.0
2024-07-12 23:20:00+02:00,13.6,13.6,14.0,12.8,95.0,20.4,82.0,0.0,0.0,0.0,5.4,5.4,0.0,22.7,34.7,280.6,2.5,5.8,103.0,1002.4,1002.4,2.7,5.0
2024-07-12 23:25:00+02:00,13.6,13.6,14.0,12.8,95.0,20.4,81.0,0.0,0.0,0.0,5.4,5.4,0.0,22.7,34.7,280.6,2.7,5.8,119.0,1002.3,1002.3,2.7,5.0
2024-07-12 23:30:00+02:00,13.6,13.6,13.8,12.7,94.0,20.4,82.0,0.0,0.0,0.0,5.4,5.4,0.0,22.7,34.7,280.6,3.2,6.8,107.0,1002.5,1002.5,2.7,5.0
2024-07-12 23:35:00+02:00,13.7,13.7,13.9,12.8,94.0,20.3,81.0,0.0,0.0,0.0,5.4,5.4,0.0,22.7,34.7,280.6,3.6,7.9,113.0,1002.5,1002.5,2.7,5.0
2024-07-12 23:40:00+02:00,13.7,13.7,14.1,12.8,94.0,20.3,82.0,0.0,0.0,0.0,5.4,5.4,0.0,22.7,34.7,280.6,2.3,7.9,132.0,1002.6,1002.6,2.7,5.0
2024-07-12 23:45:00+02:00,13.7,13.7,13.8,12.8,94.0,20.3,82.0,0.0,0.0,0.0,5.4,5.4,0.0,22.7,34.7,280.6,3.7,5.4,119.0,1002.7,1002.7,2.7,5.0
2024-07-12 23:50:00+02:00,13.7,13.7,13.8,12.8,94.0,20.3,82.0,0.0,0.0,0.0,5.4,5.4,0.0,22.7,34.7,280.6,3.7,6.8,120.0,1002.8,1002.8,2.7,5.0
2024-07-12 23:55:00+02:00,13.7,13.7,13.9,12.7,94.0,20.3,82.0,0.0,0.0,0.0,5.4,5.4,0.0,22.7,34.7,280.6,3.0,6.1,107.0,1002.8,1002.8,2.7,5.0
2024-07-13 00:00:00+02:00,13.8,13.8,13.9,12.6,93.0,20.2,81.0,0.0,0.0,0.0,0.0,5.4,0.0,22.7,34.7,280.6,3.5,9.0,125.0,1002.9,1002.9,2.7,5.0
2024-07-13 00:05:00+02:00,13.8,13.8,14.0,12.7,93.0,20.2,82.0,0.0,0.0,0.0,0.0,5.4,0.0,22.7,34.7,280.6,3.1,6.8,99.0,1002.9,1002.9,2.7,5.0
2024-07-13 00:10:00+02:00,13.8,13.8,14.2,12.7,93.0,20.2,81.0,0.0,0.0,0.0,0.0,5.4,0.0,22.7,34.7,280.6,2.5,6.5,121.0,1002.8,1002.8,2.7,5.0
2024-07-13 00:15:00+02:00,13.9,13.9,14.0,12.8,93.0,20.2,82.0,0.0,0.0,0.0,0.0,5.4,0.0,22.7,34.7,280.6,4.0,6.1,128.0,1002.7,1002.7,2.7,5.0
2024-07-13 00:20:00+02:00,13.9,13.9,14.6,12.8,93.0,20.1,82.0,0.0,0.0,0.0,0.0,5.4,0.0,22.7,34.7,280.6,1.0,4.3,100.0,1002.6,1002.6,2.7,5.0
2024-07-13 00:25:00+02:00,13.9,13.9,14.2,12.8,93.0,20.1,82.0,0.0,0.0,0.0,0.0,5.4,0.0,22.7,34.7,280.6,2.9,6.1,118.0,1002.7,1002.7,2.7,5.0
2024-07-13 00:30:00+02:00,13.8,13.8,14.3,12.7,93.0,20.1,82.0,0.0,0.0,0.0,0.0,5.4,0.0,22.7,34.7,280.6,1.9,6.1,162.0,1002.6,1002.6,2.7,5.0
2024-07-13 00:35:00+02:00,13.8,13.8,14.1,12.6,93.0,20.1,82.0,0.0,0.0,0.0,0.0,5.4,0.0,22.7,34.7,280.6,2.2,6.8,97.0,1002.6,1002.6,2.7,4.9
2024-07-13 00:40:00+02:00,13.7,13.7,13.7,12.6,93.0,20.1,82.0,0.0,0.0,0.0,0.0,5.4,0.0,22.7,34.7,280.6,4.0,9.4,120.0,1002.4,1002.4,2.7,4.9
2024-07-13 00:45:00+02:00,13.7,13.7,14.0,12.6,93.0,20.0,82.0,0.0,0.0,0.0,0.0,5.4,0.0,22.7,34.7,280.6,2.8,8.3,90.0,1002.3,1002.3,2.7,4.9
2024-07-13 00:50:00+02:00,13.7,13.7,14.0,12.5,93.0,20.0,82.0,0.0,0.0,0.0,0.0,5.4,0.0,22.7,34.7,280.6,2.1,6.5,94.0,1002.2,1002.2,2.7,4.9
2024-07-13 00:55:00+02:00,13.6,13.6,14.0,12.5,93.0,20.0,82.0,0.0,0.0,0.0,0.0,5.4,0.0,22.7,34.7,280.6,1.9,6.5,101.0,1002.2,1002.2,2.7,4.9
2024-07-13 01:00:00+02:00,13.6,13.6,14.0,12.5,93.0,20.0,82.0,0.0,0.0,0.0,0.0,5.4,0.0,22.7,34.7,280.6,1.7,8.3,84.0,1002.2,1002.2,2.7,4.9
2024-07-13 01:05:00+02:00,13.5,13.5,13.7,12.4,93.0,19.9,82.0,0.0,0.0,0.0,0.0,5.4,0.0,22.7,34.7,280.6,2.5,11.9,120.0,1002.2,1002.2,2.7,4.9
2024-07-13 01:10:00+02:00,13.5,13.5,13.7,12.4,93.0,19.9,82.0,0.0,0.0,0.0,0.0,5.4,0.0,22.7,34.7,280.6,2.7,11.9,119.0,1002.3,1002.3,2.7,4.9
2024-07-13 01:15:00+02:00,13.4,13.4,13.6,12.3,93.0,19.9,82.0,0.0,0.0,0.0,0.0,5.4,0.0,22.7,34.7,280.6,2.5,5.4,132.0,1002.1,1002.1,2.7,4.9
2024-07-13 01:20:00+02:00,13.4,13.4,13.5,12.3,93.0,19.9,82.0,0.0,0.0,0.0,0.0,5.4,0.0,22.7,34.7,280.6,3.4,6.8,143.0,1002.3,1002.3,2.7,4.9
2024-07-13 01:25:00+02:00,13.5,13.5,13.4,12.2,92.0,19.8,82.0,0.0,0.0,0.0,0.0,5.4,0.0,22.7,34.7,280.6,4.2,9.7,116.0,1002.2,1002.2,2.7,4.9
2024-07-13 01:30:00+02:00,13.5,13.5,14.0,12.2,92.0,19.8,82.0,0.0,0.0,0.0,0.0,5.4,0.0,22.7,34.7,280.6,0.7,9.0,126.0,1002.4,1002.4,2.7,4.9
2024-07-13 01:35:00+02:00,13.5,13.5,13.7,12.2,92.0,19.8,82.0,0.0,0.0,0.0,0.0,5.4,0.0,22.7,34.7,280.6,2.4,5.8,94.0,1002.3,1002.3,2.7,4.9
2024-07-13 01:40:00+02:00,13.5,13.5,13.8,12.2,92.0,19.7,82.0,0.0,0.0,0.0,0.0,5.4,0.0,22.7,34.7,280.6,1.8,3.6,102.0,1002.2,1002.2,2.7,4.9
2024-07-13 01:45:00+02:00,13.5,13.5,13.5,12.2,92.0,19.7,82.0,0.0,0.0,0.0,0.0,5.4,0.0,22.7,34.7,280.6,3.5,6.8,105.0,1002.2,1002.2,2.7,4.9
2024-07-13 01:50:00+02:00,13.5,13.5,14.0,12.2,92.0,19.7,82.0,0.0,0.0,0.0,0.0,5.4,0.0,22.7,34.7,280.6,1.1,5.4,60.0,1002.2,1002.2,2.7,4.9
2024-07-13 01:55:00+02:00,13.5,13.5,13.7,12.2,92.0,19.7,82.0,0.0,0.0,0.0,0.0,5.4,0.0,22.7,34.7,280.6,2.7,7.9,93.0,1002.4,1002.4,2.7,4.9
2024-07-13 02:00:00+02:00,13.5,13.5,13.2,12.2,92.0,19.7,82.0,0.0,0.0,0.0,0.0,5.4,0.0,22.7,34.7,280.6,5.0,9.4,109.0,1002.2,1002.2,2.7,4.9
2024-07-13 02:05:00+02:00,13.6,13.6,14.1,12.3,92.0,19.6,82.0,0.0,0.0,0.0,0.0,5.4,0.0,22.7,34.7,280.6,1.3,6.5,131.0,1002.3,1002.3,2.7,4.9
2024-07-13 02:10:00+02:00,13.6,13.6,14.0,12.3,92.0,19.6,82.0,0.0,0.0,0.0,0.0,5.4,0.0,22.7,34.7,280.6,1.5,5.8,117.0,1002.3,1002.3,2.7,4.9
2024-07-13 02:15:00+02:00,13.6,13.6,13.6,12.3,92.0,19.6,82.0,0.0,0.0,0.0,0.0,5.4,0.0,22.7,34.7,280.6,3.5,9.4,111.0,1002.4,1002.4,2.7,4.9
2024-07-13 02:20:00+02:00,13.6,13.6,13.6,12.3,92.0,19.6,82.0,0.0,0.0,0.0,0.0,5.4,0.0,22.7,34.7,280.6,3.6,8.6,113.0,1002.3,1002.3,2.7,4.9
2024-07-13 02:25:00+02:00,13.6,13.6,13.3,12.3,92.0,19.6,82.0,0.0,0.0,0.0,0.0,5.4,0.0,22.7,34.7,280.6,5.0,11.5,127.0,1002.3,1002.3,2.7,4.8
2024-07-13 02:30:00+02:00,13.5,13.5,13.0,12.3,92.0,19.6,82.0,0.0,0.0,0.0,0.0,5.4,0.0,22.7,34.7,280.6,6.3,15.8,139.0,1002.4,1002.4,2.7,4.8
2024-07-13 02:35:00+02:00,13.5,13.5,12.9,12.2,92.0,19.5,82.0,0.0,0.0,0.0,0.0,5.4,0.0,22.7,34.7,280.6,6.7,10.1,108.0,1002.3,1002.3,2.7,4.8
2024-07-13 02:40:00+02:00,13.4,13.4,12.8,12.2,92.0,19.5,82.0,0.0,0.0,0.0,0.0,5.4,0.0,22.7,34.7,280.6,6.8,10.1,124.0,1002.3,1002.3,2.7,4.8
2024-07-13 02:45:00+02:00,13.4,13.4,12.5,12.1,92.0,19.5,82.0,0.0,0.0,0.0,0.0,5.4,0.0,22.7,34.7,280.6,8.0,13.3,120.0,1002.3,1002.3,2.7,4.8
2024-07-13 02:50:00+02:00,13.4,13.4,13.4,12.2,92.0,19.5,82.0,0.0,0.0,0.0,0.0,5.4,0.0,22.7,34.7,280.6,3.7,10.8,111.0,1002.3,1002.3,2.7,4.8
2024-07-13 02:55:00+02:00,13.4,13.4,12.7,12.1,92.0,19.4,82.0,0.0,0.0,0.0,0.0,5.4,0.0,22.7,34.7,280.6,7.1,11.2,123.0,1002.3,1002.3,2.7,4.8
2024-07-13 03:00:00+02:00,13.4,13.4,13.0,12.1,92.0,19.4,82.0,0.0,0.0,0.0,0.0,5.4,0.0,22.7,34.7,280.6,5.5,10.8,116.0,1002.3,1002.3,2.7,4.8
2024-07-13 03:05:00+02:00,13.5,13.5,13.2,12.2,92.0,19.4,82.0,0.0,0.0,0.0,0.0,5.4,0.0,22.7,34.7,280.6,5.0,9.4,116.0,1002.3,1002.3,2.7,4.8
2024-07-13 03:10:00+02:00,13.5,13.5,13.0,12.2,92.0,19.4,82.0,0.0,0.0,0.0,0.0,5.4,0.0,22.7,34.7,280.6,5.8,9.7,122.0,1002.3,1002.3,2.7,4.8
2024-07-13 03:15:00+02:00,13.5,13.5,13.5,12.2,92.0,19.4,82.0,0.0,0.0,0.0,0.0,5.4,0.0,22.7,34.7,280.6,3.8,9.7,127.0,1002.2,1002.2,2.7,4.8
2024-07-13 03:20:00+02:00,13.5,13.5,13.2,12.2,92.0,19.3,82.0,0.0,0.0,0.0,0.0,5.4,0.0,22.7,34.7,280.6,5.0,14.0,109.0,1002.2,1002.2,2.7,4.8
2024-07-13 03:25:00+02:00,13.5,13.5,13.8,12.2,92.0,19.3,82.0,0.0,0.0,0.0,0.0,5.4,0.0,22.7,34.7,280.6,2.0,5.4,133.0,1002.2,1002.2,2.7,4.8
2024-07-13 03:30:00+02:00,13.5,13.5,12.7,12.2,92.0,19.3,82.0,0.0,0.0,0.0,0.0,5.4,0.0,22.7,34.7,280.6,7.8,10.4,125.0,1002.2,1002.2,2.7,4.8
2024-07-13 03:35:00+02:00,13.5,13.5,13.3,12.1,91.0,19.3,82.0,0.0,0.0,0.0,0.0,5.4,0.0,22.7,34.7,280.6,4.4,13.7,123.0,1002.1,1002.1,2.7,4.8
2024-07-13 03:40:00+02:00,13.5,13.5,13.8,12.2,92.0,19.3,82.0,0.0,0.0,0.0,0.0,5.4,0.0,22.7,34.7,280.6,1.9,13.7,117.0,1002.0,1002.0,2.7,4.8
2024-07-13 03:45:00+02:00,13.5,13.5,13.3,12.2,92.0,19.2,82.0,0.0,0.0,0.0,0.0,5.4,0.0,22.7,34.7,280.6,4.6,9.0,125.0,1002.0,1002.0,2.7,4.8
2024-07-13 03:50:00+02:00,13.5,13.5,13.4,12.2,92.0,19.2,82.0,0.0,0.0,0.0,0.0,5.4,0.0,22.7,34.7,280.6,4.2,9.0,127.0,1002.0,1002.0,2.7,4.8
2024-07-13 03:55:00+02:00,13.5,13.5,13.2,12.0,91.0,19.2,82.0,0.0,0.0,0.0,0.0,5.4,0.0,22.7,34.7,280.6,4.8,12.6,109.0,1001.9,1001.9,2.7,4.8
2024-07-13 04:00:00+02:00,13.5,13.5,13.1,12.1,91.0,19.2,82.0,0.0,0.0,0.0,0.0,5.4,0.0,22.7,34.7,280.6,5.6,12.2,116.0,1002.0,1002.0,2.7,4.8
2024-07-13 04:05:00+02:00,13.5,13.5,13.1,12.1,91.0,19.2,82.0,0.0,0.0,0.0,0.0,5.4,0.0,22.7,34.7,280.6,5.2,10.4,128.0,1001.9,1001.9,2.7,4.8
2024-07-13 04:10:00+02:00,13.5,13.5,13.1,12.1,91.0,19.2,82.0,0.0,0.0,0.0,0.0,5.4,0.0,22.7,34.7,280.6,5.5,9.7,120.0,1001.9,1001.9,2.7,4.8
2024-07-13 04:15:00+02:00,13.5,13.5,13.1,12.0,91.0,19.2,82.0,0.0,0.0,0.0,0.0,5.4,0.0,22.7,34.7,280.6,5.0,10.4,112.0,1002.0,1002.0,2.7,4.7
2024-07-13 04:20:00+02:00,13.4,13.4,13.0,12.0,91.0,19.1,82.0,0.0,0.0,0.0,0.0,5.4,0.0,22.7,34.7,280.6,5.3,10.4,121.0,1002.0,1002.0,2.7,4.7
2024-07-13 04:25:00+02:00,13.4,13.4,12.9,12.0,91.0,19.1,82.0,0.0,0.0,0.0,0.0,5.4,0.0,22.7,34.7,280.6,5.9,15.5,122.0,1002.1,1002.1,2.7,4.7
2024-07-13 04:30:00+02:00,13.4,13.4,13.1,11.8,90.0,19.1,82.0,0.0,0.0,0.0,0.0,5.4,0.0,22.7,34.7,280.6,4.6,10.8,105.0,1002.0,1002.0,2.7,4.7
2024-07-13 04:35:00+02:00,13.4,13.4,13.0,11.8,90.0,19.1,82.0,0.0,0.0,0.0,0.0,5.4,0.0,22.7,34.7,280.6,4.8,9.0,111.0,1002.1,1002.1,2.7,4.7
2024-07-13 04:40:00+02:00,13.4,13.4,13.4,11.8,90.0,19.1,82.0,0.0,0.0,0.0,0.0,5.4,0.0,22.7,34.7,280.6,3.0,8.3,163.0,1002.0,1002.0,2.7,4.7
2024-07-13 04:45:00+02:00,13.4,13.4,13.6,11.8,90.0,19.1,82.0,0.0,0.0,0.0,0.0,5.4,0.0,22.7,34.7,280.6,1.7,6.5,89.0,1002.0,1002.0,2.7,4.7
2024-07-13 04:50:00+02:00,13.4,13.4,13.5,11.8,90.0,19.0,82.0,0.0,0.0,0.0,0.0,5.4,0.0,22.7,34.7,280.6,2.5,12.2,88.0,1002.0,1002.0,2.7,4.7
2024-07-13 04:55:00+02:00,13.4,13.4,13.4,11.8,90.0,19.0,82.0,0.0,0.0,0.0,0.0,5.4,0.0,22.7,34.7,280.6,3.2,9.4,119.0,1002.1,1002.1,2.7,4.7
2024-07-13 05:00:00+02:00,13.4,13.4,13.6,11.8,90.0,19.0,82.0,0.0,0.0,0.0,0.0,5.4,0.0,22.7,34.7,280.6,1.8,7.2,126.0,1002.0,1002.0,2.7,4.7
2024-07-13 05:05:00+02:00,13.4,13.4,13.2,12.0,91.0,19.0,82.0,0.0,0.0,0.0,0.0,5.4,0.0,22.7,34.7,280.6,4.3,6.1,117.0,1002.0,1002.0,2.7,4.7
2024-07-13 05:10:00+02:00,13.4,13.4,12.8,11.8,90.0,19.0,82.0,0.1,0.0,0.0,0.0,5.4,0.0,22.7,34.7,280.6,6.2,11.9,126.0,1002.1,1002.1,2.7,4.7
2024-07-13 05:15:00+02:00,13.3,13.3,12.8,11.7,90.0,19.0,82.0,0.2,0.0,0.0,0.0,5.4,0.0,22.7,34.7,280.6,5.0,11.9,128.0,1002.0,1002.0,2.7,4.7
2024-07-13 05:20:00+02:00,13.3,13.3,12.7,11.7,90.0,19.0,82.0,0.6,0.0,0.0,0.0,5.4,0.0,22.7,34.7,280.6,5.7,10.8,114.0,1001.9,1001.9,2.7,4.7
2024-07-13 05:25:00+02:00,13.3,13.3,12.8,11.7,90.0,18.9,82.0,0.9,0.0,0.0,0.0,5.4,0.0,22.7,34.7,280.6,5.4,10.1,132.0,1002.0,1002.0,2.7,4.7
2024-07-13 05:30:00+02:00,13.3,13.3,12.6,11.7,90.0,18.9,82.0,1.4,0.0,0.0,0.0,5.4,0.0,22.7,34.7,280.6,6.1,15.8,126.0,1002.0,1002.0,2.7,4.7
2024-07-13 05:35:00+02:00,13.2,13.2,12.8,11.6,90.0,18.9,82.0,1.7,0.0,0.0,0.0,5.4,0.0,22.7,34.7,280.6,4.6,14.8,115.0,1002.0,1002.0,2.7,4.7
2024-07-13 05:40:00+02:00,13.2,13.2,12.5,11.6,90.0,18.9,82.0,2.4,0.0,0.0,0.0,5.4,0.0,22.7,34.7,280.6,6.0,13.3,119.0,1001.8,1001.8,2.7,4.7
2024-07-13 05:45:00+02:00,13.2,13.2,11.7,11.5,90.0,18.9,82.0,4.7,0.0,0.0,0.0,5.4,0.0,22.7,34.7,280.6,10.3,20.2,129.0,1002.0,1002.0,2.7,4.7
2024-07-13 05:50:00+02:00,13.2,13.2,12.7,11.5,89.0,18.9,82.0,6.0,0.0,0.0,0.0,5.4,0.0,22.7,34.7,280.6,4.8,20.2,127.0,1001.9,1001.9,2.7,4.7
2024-07-13 05:55:00+02:00,13.2,13.2,12.6,11.4,89.0,18.8,82.0,5.5,0.0,0.0,0.0,5.4,0.0,22.7,34.7,280.6,5.5,15.1,116.0,1002.0,1002.0,2.7,4.6
2024-07-13 06:00:00+02:00,13.2,13.2,12.3,11.4,89.0,18.8,82.0,6.5,0.0,0.0,0.0,5.4,0.0,22.7,34.7,280.6,7.0,13.3,134.0,1001.9,1001.9,2.7,4.6
2024-07-13 06:05:00+02:00,13.2,13.2,12.0,11.4,89.0,18.8,82.0,11.8,0.0,0.0,0.0,5.4,0.0,22.7,34.7,280.6,8.6,15.8,126.0,1002.0,1002.0,2.7,4.6
2024-07-13 06:10:00+02:00,13.2,13.2,11.9,11.4,89.0,18.8,82.0,9.7,0.0,0.0,0.0,5.4,0.0,22.7,34.7,280.6,9.1,17.6,110.0,1002.0,1002.0,2.7,4.6
2024-07-13 06:15:00+02:00,13.2,13.2,12.4,11.4,89.0,18.8,82.0,12.8,0.0,0.0,0.0,5.4,0.0,22.7,34.7,280.6,6.4,20.5,125.0,1002.0,1002.0,2.7,4.6
2024-07-13 06:20:00+02:00,13.2,13.2,12.4,11.5,89.0,18.8,82.0,19.1,0.0,0.0,0.0,5.4,0.0,22.7,34.7,280.6,6.3,11.2,117.0,1002.1,1002.1,2.7,4.6
2024-07-13 06:25:00+02:00,13.2,13.2,12.6,11.4,89.0,18.7,82.0,20.4,0.0,0.0,0.0,5.4,0.0,22.7,34.7,280.6,5.1,12.2,117.0,1002.1,1002.1,2.7,4.6
2024-07-13 06:30:00+02:00,13.3,13.3,12.5,11.5,89.0,18.7,82.0,20.4,0.0,0.0,0.0,5.4,0.0,22.7,34.7,280.6,6.3,13.3,122.0,1002.2,1002.2,2.7,4.6
2024-07-13 06:35:00+02:00,13.3,13.3,12.1,11.4,89.0,18.7,82.0,23.8,0.0,0.0,0.0,5.4,0.0,22.7,34.7,280.6,8.1,15.8,125.0,1002.2,1002.2,2.7,4.6
2024-07-13 06:40:00+02:00,13.3,13.3,12.2,11.5,89.0,18.7,82.0,19.5,0.0,0.0,0.0,5.4,0.0,22.7,34.7,280.6,8.1,11.5,119.0,1002.1,1002.1,2.7,4.6
2024-07-13 06:45:00+02:00,13.3,13.3,12.6,11.5,89.0,18.7,82.0,45.5,0.0,0.0,0.0,5.4,0.0,22.7,34.7,280.6,5.8,13.3,114.0,1002.2,1002.2,2.7,4.6
2024-07-13 06:50:00+02:00,13.3,13.3,12.2,11.3,88.0,18.7,82.0,48.3,0.0,0.0,0.0,5.4,0.0,22.7,34.7,280.6,7.8,20.2,112.0,1002.2,1002.2,2.7,4.6
2024-07-13 06:55:00+02:00,13.3,13.3,12.4,11.2,87.0,18.7,82.0,35.2,0.0,0.0,0.0,5.4,0.0,22.7,34.7,280.6,6.8,12.6,129.0,1002.2,1002.2,2.7,4.6
2024-07-13 07:00:00+02:00,13.3,13.3,12.1,11.2,87.0,18.7,82.0,56.9,0.0,0.0,0.0,5.4,0.0,22.7,34.7,280.6,8.1,19.4,106.0,1002.2,1002.2,2.7,4.6
2024-07-13 07:05:00+02:00,13.4,13.4,13.1,11.3,87.0,18.7,82.0,52.2,0.0,0.0,0.0,5.4,0.0,22.7,34.7,280.6,3.9,16.6,141.0,1002.3,1002.3,2.7,4.6
2024-07-13 07:10:00+02:00,13.4,13.4,12.7,11.4,88.0,18.7,82.0,43.1,0.0,0.0,0.0,5.4,0.0,22.7,34.7,280.6,5.8,16.6,124.0,1002.3,1002.3,2.7,4.6
2024-07-13 07:15:00+02:00,13.4,13.4,12.8,11.3,87.0,18.7,82.0,28.5,0.0,0.0,0.0,5.4,0.0,22.7,34.7,280.6,5.1,11.5,118.0,1002.4,1002.4,2.7,4.6
2024-07-13 07:20:00+02:00,13.4,13.4,13.0,11.3,87.0,18.7,82.0,42.7,0.0,0.0,0.0,5.4,0.0,22.7,34.7,280.6,3.8,10.8,127.0,1002.4,1002.4,2.7,4.6
2024-07-13 07:25:00+02:00,13.4,13.4,12.3,11.3,87.0,18.7,82.0,32.8,0.0,0.0,0.0,5.4,0.0,22.7,34.7,280.6,7.5,15.8,138.0,1002.4,1002.4,2.7,4.6
2024-07-13 07:30:00+02:00,13.3,13.3,11.7,11.1,87.0,18.7,82.0,41.2,0.0,0.0,0.0,5.4,0.0,22.7,34.7,280.6,9.9,22.7,122.0,1002.4,1002.4,2.7,4.6
2024-07-13 07:35:00+02:00,13.3,13.3,11.7,11.1,87.0,18.7,82.0,45.9,0.0,0.0,0.0,5.4,0.0,22.7,34.7,280.6,10.2,16.6,124.0,1002.5,1002.5,2.7,4.7
2024-07-13 07:40:00+02:00,13.3,13.3,11.9,11.2,87.0,18.7,82.0,53.7,0.0,0.0,0.0,5.4,0.0,22.7,34.7,280.6,9.0,18.7,116.0,1002.5,1002.5,2.7,4.7
2024-07-13 07:45:00+02:00,13.3,13.3,12.5,11.2,87.0,18.7,82.0,84.8,0.0,0.0,0.0,5.4,0.0,22.7,34.7,280.6,6.2,14.4,120.0,1002.5,1002.5,2.7,4.7
2024-07-13 07:50:00+02:00,13.5,13.5,12.1,11.1,86.0,18.7,82.0,99.4,0.0,0.0,0.0,5.4,0.0,22.7,34.7,280.6,8.6,17.6,119.0,1002.5,1002.5,2.7,4.7
2024-07-13 07:55:00+02:00,13.6,13.6,12.6,11.2,85.0,18.7,82.0,102.7,0.0,0.0,0.0,5.4,0.0,22.7,34.7,280.6,6.8,17.6,134.0,1002.5,1002.5,2.7,4.7
2024-07-13 08:00:00+02:00,13.6,13.6,12.4,11.2,85.0,18.7,82.0,109.2,1.0,0.0,0.0,5.4,0.0,22.7,34.7,280.6,8.1,16.9,120.0,1002.5,1002.5,2.7,4.7
2024-07-13 08:05:00+02:00,13.6,13.6,12.2,11.3,86.0,18.7,82.0,109.1,1.0,0.0,0.0,5.4,0.0,22.7,34.7,280.6,9.4,16.9,125.0,1002.6,1002.6,2.7,4.7
2024-07-13 08:10:00+02:00,13.7,13.7,13.4,11.3,85.0,18.7,82.0,105.1,0.0,0.0,0.0,5.4,0.0,22.7,34.7,280.6,3.8,16.9,106.0,1002.6,1002.6,2.7,4.7
2024-07-13 08:15:00+02:00,13.8,13.8,12.8,11.2,84.0,18.8,82.0,116.7,1.0,0.0,0.0,5.4,0.0,22.7,34.7,280.6,7.3,15.1,106.0,1002.6,1002.6,2.7,4.7
2024-07-13 08:20:00+02:00,14.0,14.0,13.4,11.3,84.0,18.8,82.0,121.8,1.0,0.0,0.0,5.4,0.0,22.7,34.7,280.6,5.0,9.4,133.0,1002.6,1002.6,2.7,4.7
2024-07-13 08:25:00+02:00,14.1,14.1,13.2,11.3,84.0,18.8,83.0,132.1,1.0,0.0,0.0,5.4,0.0,22.7,34.7,280.6,6.5,16.2,125.0,1002.6,1002.6,2.7,4.8
2024-07-13 08:30:00+02:00,13.9,13.9,12.6,11.3,84.0,18.9,83.0,140.7,1.0,0.0,0.0,5.4,0.0,22.7,34.7,280.6,9.2,18.7,113.0,1002.5,1002.5,2.7,4.8
2024-07-13 08:35:00+02:00,13.9,13.9,12.7,11.3,84.0,18.9,83.0,116.8,1.0,0.0,0.0,5.4,0.0,22.7,34.7,280.6,8.4,15.8,116.0,1002.8,1002.8,2.7,4.8
2024-07-13 08:40:00+02:00,14.1,14.1,13.6,11.4,84.0,19.0,83.0,142.0,1.0,0.0,0.0,5.4,0.0,22.7,34.7,280.6,4.8,11.9,131.0,1002.7,1002.7,2.7,4.8
2024-07-13 08:45:00+02:00,14.2,14.2,13.1,11.5,84.0,19.0,83.0,172.7,1.0,0.0,0.0,5.4,0.0,22.7,34.7,280.6,7.8,17.6,121.0,1002.8,1002.8,2.7,4.9
2024-07-13 08:50:00+02:00,14.2,14.2,13.3,11.5,84.0,19.1,83.0,194.6,1.0,0.0,0.0,5.4,0.0,22.7,34.7,280.6,7.0,14.4,138.0,1002.6,1002.6,2.7,4.9
2024-07-13 08:55:00+02:00,14.3,14.3,12.9,11.4,83.0,19.1,83.0,208.5,1.0,0.0,0.0,5.4,0.0,22.7,34.7,280.6,9.7,21.2,122.0,1002.7,1002.7,2.7,4.9
2024-07-13 09:00:00+02:00,14.3,14.3,12.6,11.4,82.0,19.2,83.0,200.7,1.0,0.0,0.0,5.4,0.0,22.7,34.7,280.6,11.4,21.6,129.0,1002.7,1002.7,2.7,4.9
2024-07-13 09:05:00+02:00,14.5,14.5,13.2,11.4,82.0,19.2,83.0,209.9,1.0,0.0,0.0,5.4,0.0,22.7,34.7,280.6,8.9,25.6,113.0,1002.8,1002.8,2.7,5.0
2024-07-13 09:10:00+02:00,14.6,14.6,13.6,11.5,82.0,19.3,83.0,223.5,2.0,0.0,0.0,5.4,0.0,22.7,34.7,280.6,7.1,25.6,106.0,1002.7,1002.7,2.7,5.0
2024-07-13 09:15:00+02:00,14.7,14.7,13.5,11.6,82.0,19.4,83.0,145.3,1.0,0.0,0.0,5.4,0.0,22.7,34.7,280.6,8.2,15.1,122.0,1002.9,1002.9,2.7,5.1
2024-07-13 09:20:00+02:00,14.5,14.5,12.8,11.4,82.0,19.5,84.0,157.2,1.0,0.0,0.0,5.4,0.0,22.7,34.7,280.6,11.0,26.3,122.0,1002.8,1002.8,2.7,5.1
2024-07-13 09:25:00+02:00,14.5,14.5,13.8,11.4,82.0,19.5,84.0,165.5,1.0,0.0,0.0,5.4,0.0,22.7,34.7,280.6,5.8,20.9,119.0,1002.8,1002.8,2.7,5.1
2024-07-13 09:30:00+02:00,14.7,14.7,13.9,11.6,81.0,19.6,84.0,216.0,2.0,0.0,0.0,5.4,0.0,22.7,34.7,280.6,6.7,19.1,135.0,1002.8,1002.8,2.7,5.1
2024-07-13 09:35:00+02:00,15.0,15.0,15.0,11.8,81.0,19.6,84.0,168.2,1.0,0.0,0.0,5.4,0.0,22.7,34.7,280.6,2.4,9.4,139.0,1002.8,1002.8,2.7,5.2
2024-07-13 09:40:00+02:00,15.2,15.2,15.2,11.9,81.0,19.7,84.0,129.7,1.0,0.0,0.0,5.4,0.0,22.7,34.7,280.6,3.2,10.1,138.0,1002.9,1002.9,2.7,5.2
2024-07-13 09:45:00+02:00,14.9,14.9,14.4,11.8,82.0,19.7,84.0,143.7,1.0,0.0,0.0,5.4,0.0,22.7,34.7,280.6,5.5,23.4,136.0,1002.8,1002.8,2.7,5.2
2024-07-13 09:50:00+02:00,14.9,14.9,14.8,11.6,81.0,19.8,84.0,138.8,1.0,0.0,0.0,5.4,0.0,22.7,34.7,280.6,3.4,9.7,190.0,1002.7,1002.7,2.7,5.2
2024-07-13 09:55:00+02:00,15.0,15.0,14.3,11.7,81.0,19.8,84.0,123.0,1.0,0.0,0.0,5.4,0.0,22.7,34.7,280.6,6.5,16.2,124.0,1002.8,1002.8,2.7,5.2
2024-07-13 10:00:00+02:00,14.9,14.9,14.3,11.6,81.0,19.9,84.0,142.5,1.0,0.0,0.0,5.4,0.0,22.7,34.7,280.6,5.5,14.0,145.0,1002.7,1002.7,2.7,5.2
2024-07-13 10:05:00+02:00,15.0,15.0,14.7,11.6,80.0,19.9,84.0,184.9,1.0,0.0,0.0,5.4,0.0,22.7,34.7,280.6,4.2,12.2,133.0,1002.7,1002.7,2.7,5.2
2024-07-13 10:10:00+02:00,15.1,15.1,14.0,11.7,80.0,20.0,84.0,233.2,2.0,0.0,0.0,5.4,0.0,22.7,34.7,280.6,8.2,16.6,130.0,1002.7,1002.7,2.7,5.2
2024-07-13 10:15:00+02:00,15.3,15.3,14.6,11.6,79.0,20.0,84.0,220.5,2.0,0.0,0.0,5.4,0.0,22.7,34.7,280.6,6.3,15.5,140.0,1002.7,1002.7,2.7,5.2
2024-07-13 10:20:00+02:00,15.6,15.6,14.5,11.8,78.0,20.0,84.0,250.4,2.0,0.0,0.0,5.4,0.0,22.7,34.7,280.6,8.3,20.2,152.0,1002.8,1002.8,2.7,5.2
2024-07-13 10:25:00+02:00,15.7,15.7,14.7,11.9,78.0,20.1,84.0,270.5,2.0,0.0,0.0,5.4,0.0,22.7,34.7,280.6,8.1,20.2,146.0,1002.6,1002.6,2.7,5.2
2024-07-13 10:30:00+02:00,15.5,15.5,13.9,11.7,78.0,20.2,84.0,340.6,3.0,0.0,0.0,5.4,0.0,22.7,34.7,280.6,11.3,26.3,140.0,1002.7,1002.7,2.7,5.2
2024-07-13 10:35:00+02:00,15.7,15.7,14.2,11.8,77.0,20.2,84.0,282.8,2.0,0.0,0.0,5.4,0.0,22.7,34.7,280.6,10.5,23.4,130.0,1002.7,1002.7,2.7,5.2
2024-07-13 10:40:00+02:00,15.7,15.7,14.6,11.7,77.0,20.3,84.0,156.3,1.0,0.0,0.0,5.4,0.0,22.7,34.7,280.6,8.4,18.0,120.0,1002.8,1002.8,2.7,5.2
2024-07-13 10:45:00+02:00,15.3,15.3,13.9,11.6,79.0,20.4,84.0,113.8,1.0,0.0,0.0,5.4,0.0,22.7,34.7,280.6,9.8,16.9,152.0,1002.8,1002.8,2.7,5.2
2024-07-13 10:50:00+02:00,15.3,15.3,14.6,11.6,79.0,20.5,84.0,109.9,1.0,0.0,0.0,5.4,0.0,22.7,34.7,280.6,6.4,12.2,164.0,1002.7,1002.7,2.7,5.2
2024-07-13 10:55:00+02:00,15.3,15.3,14.6,11.8,79.0,20.5,84.0,180.5,1.0,0.0,0.0,5.4,0.0,22.7,34.7,280.6,6.5,18.0,118.0,1002.8,1002.8,2.7,5.2
2024-07-13 11:00:00+02:00,15.4,15.4,13.8,11.7,78.0,20.5,84.0,254.3,2.0,0.0,0.0,0.0,0.0,22.7,34.7,280.6,10.9,20.5,128.0,1002.8,1002.8,2.7,5.2
2024-07-13 11:05:00+02:00,15.5,15.5,13.3,11.7,78.0,20.6,84.0,298.1,2.0,0.0,0.0,0.0,0.0,22.7,34.7,280.6,14.0,23.8,142.0,1002.7,1002.7,2.7,5.2
2024-07-13 11:10:00+02:00,15.8,15.8,15.0,11.8,77.0,20.7,84.0,185.5,1.0,0.0,0.0,0.0,0.0,22.7,34.7,280.6,7.1,16.9,197.0,1002.7,1002.7,2.7,5.2
2024-07-13 11:15:00+02:00,15.7,15.7,15.3,11.9,78.0,20.7,84.0,243.7,2.0,0.0,0.0,0.0,0.0,22.7,34.7,280.6,4.9,16.6,143.0,1002.7,1002.7,2.7,5.2
2024-07-13 11:20:00+02:00,16.0,16.0,14.9,12.2,78.0,20.7,84.0,241.5,2.0,0.0,0.0,0.0,0.0,22.7,34.7,280.6,8.9,18.7,120.0,1002.8,1002.8,2.7,5.2
2024-07-13 11:25:00+02:00,15.8,15.8,14.0,11.9,78.0,20.8,84.0,243.1,2.0,0.0,0.0,0.0,0.0,22.7,34.7,280.6,12.0,20.2,128.0,1002.8,1002.8,2.7,5.2
2024-07-13 11:30:00+02:00,15.9,15.9,14.8,11.8,77.0,20.9,84.0,336.9,3.0,0.0,0.0,0.0,0.0,22.7,34.7,280.6,8.1,19.1,119.0,1002.7,1002.7,2.7,5.2
2024-07-13 11:35:00+02:00,16.1,16.1,14.9,12.0,76.0,20.9,84.0,404.2,3.0,0.0,0.0,0.0,0.0,22.7,34.7,280.6,9.6,31.3,127.0,1002.8,1002.8,2.7,5.2
2024-07-13 11:40:00+02:00,16.5,16.5,15.9,12.1,75.0,21.0,84.0,449.6,4.0,0.0,0.0,0.0,0.0,22.7,34.7,280.6,6.6,15.8,166.0,1002.8,1002.8,2.7,5.2
2024-07-13 11:45:00+02:00,16.5,16.5,15.3,12.3,76.0,21.1,84.0,377.6,3.0,0.0,0.0,0.0,0.0,22.7,34.7,280.6,10.0,17.3,122.0,1002.8,1002.8,2.7,5.2
2024-07-13 11:50:00+02:00,16.4,16.4,14.4,12.1,76.0,21.2,84.0,812.9,7.0,0.0,0.0,0.0,0.0,22.7,34.7,280.6,13.7,29.2,112.0,1002.7,1002.7,2.7,5.2
2024-07-13 11:55:00+02:00,16.7,16.7,15.7,12.1,74.0,21.3,84.0,458.6,4.0,0.0,0.0,0.0,0.0,22.7,34.7,280.6,8.3,29.2,141.0,1002.8,1002.8,2.7,5.2
2024-07-13 12:00:00+02:00,16.8,16.8,15.9,12.2,74.0,21.4,84.0,424.4,3.0,0.0,0.0,0.0,0.0,22.7,34.7,280.6,7.8,19.8,128.0,1002.9,1002.9,2.7,5.2
2024-07-13 12:05:00+02:00,17.0,17.0,16.2,12.5,75.0,21.5,84.0,759.8,7.0,0.0,0.0,0.0,0.0,22.7,34.7,280.6,8.1,16.2,127.0,1002.9,1002.9,2.7,5.3
2024-07-13 12:10:00+02:00,17.0,17.0,15.3,12.4,74.0,21.7,84.0,379.1,3.0,0.0,0.0,0.0,0.0,22.7,34.7,280.6,12.4,24.5,124.0,1002.9,1002.9,2.7,5.3
2024-07-13 12:15:00+02:00,16.5,16.5,15.1,12.0,75.0,21.7,84.0,441.2,4.0,0.0,0.0,0.0,0.0,22.7,34.7,280.6,10.1,23.0,136.0,1002.9,1002.9,2.7,5.3
2024-07-13 12:20:00+02:00,17.0,17.0,16.2,12.2,73.0,21.8,84.0,376.0,3.0,0.0,0.0,0.0,0.0,22.7,34.7,280.6,7.4,23.0,119.0,1002.9,1002.9,2.7,5.3
2024-07-13 12:25:00+02:00,16.6,16.6,15.2,12.0,75.0,21.9,84.0,287.1,2.0,0.0,0.0,0.0,0.0,22.7,34.7,280.6,10.2,21.6,133.0,1002.9,1002.9,2.7,5.3
2024-07-13 12:30:00+02:00,16.6,16.6,15.1,11.9,74.0,22.0,84.0,281.9,2.0,0.0,0.0,0.0,0.0,22.7,34.7,280.6,10.6,21.2,130.0,1002.9,1002.9,2.7,5.3
2024-07-13 12:35:00+02:00,16.2,16.2,14.0,11.6,74.0,22.1,84.0,209.7,1.0,0.0,0.0,0.0,0.0,22.7,34.7,280.6,13.5,24.8,114.0,1003.0,1003.0,2.7,5.3
2024-07-13 12:40:00+02:00,16.1,16.1,14.6,11.7,75.0,22.2,84.0,282.1,2.0,0.0,0.0,0.0,0.0,22.7,34.7,280.6,10.7,20.5,125.0,1002.9,1002.9,2.7,5.3
2024-07-13 12:45:00+02:00,16.2,16.2,14.7,11.6,74.0,22.2,83.0,214.0,1.0,0.0,0.0,0.0,0.0,22.7,34.7,280.6,10.1,21.6,118.0,1003.0,1003.0,2.7,5.3
2024-07-13 12:50:00+02:00,16.2,16.2,14.5,11.7,75.0,22.3,83.0,182.6,1.0,0.0,0.0,0.0,0.0,22.7,34.7,280.6,11.1,21.6,131.0,1003.2,1003.2,2.7,5.3
2024-07-13 12:55:00+02:00,16.1,16.1,14.6,11.6,75.0,22.3,83.0,450.1,4.0,0.0,0.0,0.0,0.0,22.7,34.7,280.6,10.0,19.1,141.0,1003.3,1003.3,2.7,5.3
2024-07-13 13:00:00+02:00,16.6,16.6,15.5,12.0,74.0,22.3,83.0,737.1,6.0,0.0,0.0,0.0,0.0,22.7,34.7,280.6,9.0,31.3,130.0,1003.1,1003.1,2.7,5.3
2024-07-13 13:05:00+02:00,17.2,17.2,15.9,12.1,72.0,22.4,83.0,469.9,4.0,0.0,0.0,0.0,0.0,22.7,34.7,280.6,10.3,22.0,124.0,1003.1,1003.1,2.7,5.2
2024-07-13 13:10:00+02:00,17.4,17.4,16.0,12.1,71.0,22.5,83.0,371.7,3.0,0.0,0.0,0.0,0.0,22.7,34.7,280.6,10.6,26.3,112.0,1003.2,1003.2,2.7,5.2
2024-07-13 13:15:00+02:00,17.0,17.0,16.2,11.9,72.0,22.6,83.0,351.3,3.0,0.0,0.0,0.0,0.0,22.7,34.7,280.6,7.3,26.3,138.0,1003.3,1003.3,2.7,5.3
2024-07-13 13:20:00+02:00,17.3,17.3,17.1,12.3,72.0,22.6,83.0,311.5,2.0,0.0,0.0,0.0,0.0,22.7,34.7,280.6,4.7,17.3,143.0,1003.2,1003.2,2.7,5.3
2024-07-13 13:25:00+02:00,17.2,17.2,16.1,12.1,72.0,22.7,83.0,365.2,3.0,0.0,0.0,0.0,0.0,22.7,34.7,280.6,8.9,19.1,111.0,1003.2,1003.2,2.7,5.3
2024-07-13 13:30:00+02:00,17.6,17.6,17.3,12.1,70.0,22.8,83.0,346.8,3.0,0.0,0.0,0.0,0.0,22.7,34.7,280.6,4.6,17.6,132.0,1003.2,1003.2,2.7,5.3
2024-07-13 13:35:00+02:00,17.7,17.7,17.2,12.2,70.0,22.8,83.0,613.3,5.0,0.0,0.0,0.0,0.0,22.7,34.7,280.6,5.9,16.2,125.0,1003.2,1003.2,2.7,5.3
2024-07-13 13:40:00+02:00,18.5,18.5,18.7,12.5,68.0,22.9,83.0,684.0,6.0,0.0,0.0,0.0,0.0,22.7,34.7,280.6,2.4,7.9,306.0,1003.3,1003.3,2.7,5.3
2024-07-13 13:45:00+02:00,18.6,18.6,17.6,12.5,68.0,23.0,83.0,306.9,2.0,0.0,0.0,0.0,0.0,22.7,34.7,280.6,9.2,23.0,130.0,1003.3,1003.3,2.7,5.3
2024-07-13 13:50:00+02:00,17.4,17.4,16.2,12.2,72.0,23.1,83.0,265.4,2.0,0.0,0.0,0.0,0.0,22.7,34.7,280.6,9.4,23.0,128.0,1003.2,1003.2,2.7,5.3
2024-07-13 13:55:00+02:00,17.4,17.4,16.2,12.0,71.0,23.2,83.0,222.7,2.0,0.0,0.0,0.0,0.0,22.7,34.7,280.6,9.3,18.7,127.0,1003.3,1003.3,2.7,5.3
2024-07-13 14:00:00+02:00,16.9,16.9,15.5,11.8,72.0,23.2,83.0,211.2,1.0,0.0,0.0,0.0,0.0,22.7,34.7,280.6,10.2,23.0,131.0,1003.3,1003.3,2.7,5.3
2024-07-13 14:05:00+02:00,16.8,16.8,14.6,11.7,72.0,23.2,83.0,236.5,2.0,0.0,0.0,0.0,0.0,22.7,34.7,280.6,14.0,29.2,121.0,1003.2,1003.2,2.7,5.3
2024-07-13 14:10:00+02:00,16.9,16.9,15.5,12.0,73.0,23.3,83.0,310.0,2.0,0.0,0.0,0.0,0.0,22.7,34.7,280.6,10.5,24.1,127.0,1003.2,1003.2,2.7,5.3
2024-07-13 14:15:00+02:00,17.4,17.4,15.8,12.1,71.0,23.3,83.0,482.8,4.0,0.0,0.0,0.0,0.0,22.7,34.7,280.6,11.4,19.4,106.0,1003.3,1003.3,2.7,5.3
2024-07-13 14:20:00+02:00,17.8,17.8,16.1,12.2,70.0,23.4,83.0,754.5,7.0,0.0,0.0,0.0,0.0,22.7,34.7,280.6,12.7,23.4,126.0,1003.1,1003.1,2.7,5.3
2024-07-13 14:25:00+02:00,18.1,18.1,16.2,12.1,68.0,23.5,83.0,705.3,6.0,0.0,0.0,0.0,0.0,22.7,34.7,280.6,13.5,25.9,122.0,1003.2,1003.2,2.7,5.3
2024-07-13 14:30:00+02:00,18.7,18.7,18.3,12.2,66.0,23.6,84.0,649.2,6.0,0.0,0.0,0.0,0.0,22.7,34.7,280.6,5.3,17.3,127.0,1003.2,1003.2,2.7,5.3
2024-07-13 14:35:00+02:00,19.6,19.6,19.3,12.6,64.0,23.7,84.0,691.6,6.0,0.0,0.0,0.0,0.0,22.7,34.7,280.6,5.5,15.8,169.0,1003.2,1003.2,2.7,5.3
2024-07-13 14:40:00+02:00,18.7,18.7,17.2,12.0,65.0,23.8,84.0,302.7,2.0,0.0,0.0,0.0,0.0,22.7,34.7,280.6,11.4,21.6,122.0,1003.1,1003.1,2.7,5.3
2024-07-13 14:45:00+02:00,18.4,18.4,17.1,12.1,67.0,23.8,84.0,435.5,4.0,0.0,0.0,0.0,0.0,22.7,34.7,280.6,10.2,23.8,133.0,1003.3,1003.3,2.7,5.3
2024-07-13 14:50:00+02:00,18.9,18.9,18.1,12.2,65.0,24.0,84.0,729.1,6.0,0.0,0.0,0.0,0.0,22.7,34.7,280.6,7.3,23.8,127.0,1003.2,1003.2,2.7,5.3
2024-07-13 14:55:00+02:00,18.5,18.5,16.1,12.1,66.0,24.1,84.0,851.8,7.0,0.0,0.0,0.0,0.0,22.7,34.7,280.6,15.7,24.1,129.0,1003.1,1003.1,2.7,5.3
2024-07-13 15:00:00+02:00,18.8,18.8,17.0,12.1,65.0,24.2,84.0,781.1,7.0,0.0,0.0,0.0,0.0,22.7,34.7,280.6,12.2,23.8,134.0,1003.2,1003.2,2.7,5.3
2024-07-13 15:05:00+02:00,18.7,18.7,17.4,12.1,65.0,24.2,84.0,237.7,2.0,0.0,0.0,0.0,0.0,22.7,34.7,280.6,9.9,18.7,125.0,1003.1,1003.1,2.7,5.3
2024-07-13 15:10:00+02:00,18.7,18.7,17.0,12.0,65.0,24.3,84.0,752.4,6.0,0.0,0.0,0.0,0.0,22.7,34.7,280.6,12.0,19.8,121.0,1003.1,1003.1,2.7,5.3
2024-07-13 15:15:00+02:00,19.2,19.2,19.1,11.8,62.0,24.4,84.0,752.7,6.0,0.0,0.0,0.0,0.0,22.7,34.7,280.6,3.2,17.3,166.0,1003.1,1003.1,2.7,5.3
2024-07-13 15:20:00+02:00,20.3,20.3,19.7,11.6,58.0,24.4,84.0,762.4,7.0,0.0,0.0,0.0,0.0,22.7,34.7,280.6,5.3,14.4,167.0,1003.1,1003.1,2.7,5.3
2024-07-13 15:25:00+02:00,19.7,19.7,18.4,11.7,60.0,24.5,84.0,239.9,2.0,0.0,0.0,0.0,0.0,22.7,34.7,280.6,9.4,18.4,122.0,1003.1,1003.1,2.7,5.3
2024-07-13 15:30:00+02:00,19.0,19.0,18.4,11.6,62.0,24.6,84.0,164.7,1.0,0.0,0.0,0.0,0.0,22.7,34.7,280.6,5.8,18.4,147.0,1003.0,1003.0,2.7,5.3
2024-07-13 15:35:00+02:00,19.0,19.0,18.2,11.7,63.0,24.6,84.0,179.6,1.0,0.0,0.0,0.0,0.0,22.7,34.7,280.6,6.7,13.7,128.0,1003.1,1003.1,2.7,5.3
2024-07-13 15:40:00+02:00,18.6,18.6,17.3,11.7,64.0,24.7,84.0,635.7,5.0,0.0,0.0,0.0,0.0,22.7,34.7,280.6,9.6,20.5,122.0,1003.1,1003.1,2.7,5.3
2024-07-13 15:45:00+02:00,18.8,18.8,16.3,11.5,63.0,24.7,84.0,377.5,3.0,0.0,0.0,0.0,0.0,22.7,34.7,280.6,15.2,24.1,125.0,1003.0,1003.0,2.7,5.3
2024-07-13 15:50:00+02:00,18.8,18.8,17.6,11.4,62.0,24.7,84.0,356.0,3.0,0.0,0.0,0.0,0.0,22.7,34.7,280.6,8.4,24.1,143.0,1003.0,1003.0,2.7,5.3
2024-07-13 15:55:00+02:00,19.0,19.0,17.7,11.3,61.0,24.7,84.0,260.2,2.0,0.0,0.0,0.0,0.0,22.7,34.7,280.6,9.0,18.4,140.0,1003.1,1003.1,2.7,5.3
2024-07-13 16:00:00+02:00,19.0,19.0,18.1,11.2,61.0,24.7,84.0,189.4,1.0,0.0,0.0,0.0,0.0,22.7,34.7,280.6,6.6,18.4,135.0,1003.0,1003.0,2.7,5.3
2024-07-13 16:05:00+02:00,19.2,19.2,18.9,11.3,60.0,24.7,84.0,246.8,2.0,0.0,0.0,0.0,0.0,22.7,34.7,280.6,4.0,18.4,160.0,1003.1,1003.1,2.7,5.3
2024-07-13 16:10:00+02:00,19.1,19.1,18.3,11.4,61.0,24.7,84.0,467.6,4.0,0.0,0.0,0.0,0.0,22.7,34.7,280.6,6.7,15.8,131.0,1002.9,1002.9,2.7,5.3
2024-07-13 16:15:00+02:00,19.7,19.7,18.9,11.5,59.0,24.8,84.0,759.5,7.0,0.0,0.0,0.0,0.0,22.7,34.7,280.6,6.6,16.9,125.0,1002.9,1002.9,2.7,5.3
2024-07-13 16:20:00+02:00,19.3,19.3,18.2,11.0,59.0,24.8,84.0,188.8,1.0,0.0,0.0,0.0,0.0,22.7,34.7,280.6,7.5,23.4,126.0,1002.9,1002.9,2.7,5.3
2024-07-13 16:25:00+02:00,19.0,19.0,17.9,11.1,60.0,24.8,84.0,665.1,6.0,0.0,0.0,0.0,0.0,22.7,34.7,280.6,7.1,23.4,111.0,1003.1,1003.1,2.7,5.3
2024-07-13 16:30:00+02:00,19.4,19.4,18.3,11.2,59.0,24.8,84.0,448.5,4.0,0.0,0.0,0.0,0.0,22.7,34.7,280.6,7.6,19.4,97.0,1002.9,1002.9,2.7,5.3
2024-07-13 16:35:00+02:00,19.7,19.7,18.9,11.2,58.0,24.8,84.0,597.0,5.0,0.0,0.0,0.0,0.0,22.7,34.7,280.6,6.4,16.6,154.0,1002.9,1002.9,2.7,5.3
2024-07-13 16:40:00+02:00,19.8,19.8,19.2,11.4,58.0,24.9,84.0,156.1,1.0,0.0,0.0,0.0,0.0,22.7,34.7,280.6,5.3,20.9,112.0,1002.8,1002.8,2.7,5.3
2024-07-13 16:45:00+02:00,19.2,19.2,18.4,11.2,60.0,24.9,84.0,171.3,1.0,0.0,0.0,0.0,0.0,22.7,34.7,280.6,6.2,20.9,107.0,1002.9,1002.9,2.7,5.3
2024-07-13 16:50:00+02:00,19.5,19.5,19.8,11.5,60.0,24.9,84.0,199.8,1.0,0.0,0.0,0.0,0.0,22.7,34.7,280.6,1.1,7.2,270.0,1002.8,1002.8,2.7,5.3
2024-07-13 16:55:00+02:00,19.8,19.8,19.5,11.5,59.0,24.9,84.0,209.8,1.0,0.0,0.0,0.0,0.0,22.7,34.7,280.6,4.1,6.5,212.0,1003.0,1003.0,2.7,5.3
2024-07-13 17:00:00+02:00,20.0,20.0,20.2,11.5,58.0,24.9,84.0,186.3,1.0,0.0,0.0,0.0,0.0,22.7,34.7,280.6,1.9,8.3,185.0,1003.0,1003.0,2.7,5.3
2024-07-13 17:05:00+02:00,19.8,19.8,19.6,11.4,59.0,24.9,84.0,214.2,1.0,0.0,0.0,0.0,0.0,22.7,34.7,280.6,3.3,11.2,131.0,1002.9,1002.9,2.7,5.3
2024-07-13 17:10:00+02:00,19.7,19.7,19.3,11.2,58.0,24.9,84.0,175.8,1.0,0.0,0.0,0.0,0.0,22.7,34.7,280.6,4.1,9.7,172.0,1002.9,1002.9,2.7,5.3
2024-07-13 17:15:00+02:00,19.3,19.3,18.6,11.7,61.0,24.9,84.0,138.8,1.0,0.0,0.0,0.0,0.0,22.7,34.7,280.6,6.4,18.0,127.0,1003.0,1003.0,2.7,5.3
2024-07-13 17:20:00+02:00,18.9,18.9,18.1,11.5,62.0,24.9,84.0,100.2,0.0,0.0,0.0,0.0,0.0,22.7,34.7,280.6,6.2,15.5,126.0,1003.1,1003.1,2.7,5.3
2024-07-13 17:25:00+02:00,18.7,18.7,17.1,11.2,62.0,24.9,84.0,117.4,1.0,0.0,0.0,0.0,0.0,22.7,34.7,280.6,9.9,19.8,125.0,1003.0,1003.0,2.7,5.3
2024-07-13 17:30:00+02:00,18.5,18.5,17.6,11.4,63.0,24.9,84.0,244.2,2.0,0.0,0.0,0.0,0.0,22.7,34.7,280.6,7.1,13.7,122.0,1003.0,1003.0,2.7,5.3
2024-07-13 17:35:00+02:00,18.7,18.7,18.5,11.4,63.0,24.9,84.0,139.9,1.0,0.0,0.0,0.0,0.0,22.7,34.7,280.6,3.1,9.4,127.0,1003.0,1003.0,2.7,5.3
2024-07-13 17:40:00+02:00,18.7,18.7,17.9,11.2,62.0,24.9,84.0,112.9,1.0,0.0,0.0,0.0,0.0,22.7,34.7,280.6,5.5,15.5,125.0,1003.1,1003.1,2.7,5.3
2024-07-13 17:45:00+02:00,18.4,18.4,17.8,11.1,62.0,24.8,84.0,75.5,0.0,0.0,0.0,0.0,0.0,22.7,34.7,280.6,5.0,13.0,124.0,1002.9,1002.9,2.7,5.2
2024-07-13 17:50:00+02:00,18.4,18.4,18.2,11.4,63.0,24.8,84.0,65.3,0.0,0.0,0.0,0.0,0.0,22.7,34.7,280.6,3.5,9.4,112.0,1003.1,1003.1,2.7,5.2
2024-07-13 17:55:00+02:00,18.6,18.6,18.3,11.2,62.0,24.8,84.0,63.8,0.0,0.0,0.0,0.0,0.0,22.7,34.7,280.6,3.2,10.1,188.0,1003.1,1003.1,2.7,5.2
2024-07-13 18:00:00+02:00,18.6,18.6,18.5,11.4,63.0,24.8,84.0,68.0,0.0,0.0,0.0,0.0,0.0,22.7,34.7,280.6,2.9,13.7,178.0,1003.2,1003.2,2.7,5.2
2024-07-13 18:05:00+02:00,18.6,18.6,18.6,11.1,62.0,24.8,84.0,104.8,0.0,0.0,0.0,0.0,0.0,22.7,34.7,280.6,2.0,9.4,97.0,1003.1,1003.1,2.7,5.2
2024-07-13 18:10:00+02:00,18.8,18.8,18.8,11.3,62.0,24.7,84.0,132.5,1.0,0.0,0.0,0.0,0.0,22.7,34.7,280.6,2.2,9.4,151.0,1003.2,1003.2,2.7,5.2
2024-07-13 18:15:00+02:00,18.8,18.8,18.1,11.6,63.0,24.8,84.0,130.5,1.0,0.0,0.0,0.0,0.0,22.7,34.7,280.6,5.8,10.1,116.0,1003.2,1003.2,2.7,5.2
2024-07-13 18:20:00+02:00,18.7,18.7,18.3,11.6,63.0,24.7,84.0,110.9,1.0,0.0,0.0,0.0,0.0,22.7,34.7,280.6,4.8,13.7,131.0,1003.2,1003.2,2.7,5.2
2024-07-13 18:25:00+02:00,18.7,18.7,18.6,11.6,63.0,24.7,84.0,86.7,0.0,0.0,0.0,0.0,0.0,22.7,34.7,280.6,3.3,13.3,137.0,1003.2,1003.2,2.7,5.2
2024-07-13 18:30:00+02:00,18.8,18.8,18.4,11.5,63.0,24.7,84.0,72.3,0.0,0.0,0.0,0.0,0.0,22.7,34.7,280.6,4.2,7.9,164.0,1003.1,1003.1,2.7,5.2
2024-07-13 18:35:00+02:00,18.7,18.7,18.7,11.7,64.0,24.7,84.0,108.6,1.0,0.0,0.0,0.0,0.0,22.7,34.7,280.6,2.3,7.9,146.0,1003.1,1003.1,2.7,5.2
2024-07-13 18:40:00+02:00,18.8,18.8,18.9,11.6,63.0,24.6,84.0,136.2,1.0,0.0,0.0,0.0,0.0,22.7,34.7,280.6,2.5,7.6,141.0,1003.3,1003.3,2.7,5.2
2024-07-13 18:45:00+02:00,18.9,18.9,18.8,11.7,63.0,24.6,84.0,134.7,1.0,0.0,0.0,0.0,0.0,22.7,34.7,280.6,3.3,7.2,170.0,1003.3,1003.3,2.7,5.2
2024-07-13 18:50:00+02:00,19.2,19.2,19.2,11.4,61.0,24.6,84.0,123.7,1.0,0.0,0.0,0.0,0.0,22.7,34.7,280.6,1.7,7.9,125.0,1003.2,1003.2,2.7,5.2
2024-07-13 18:55:00+02:00,19.2,19.2,19.1,11.2,60.0,24.6,84.0,107.8,1.0,0.0,0.0,0.0,0.0,22.7,34.7,280.6,2.5,6.8,149.0,1003.2,1003.2,2.7,5.2
2024-07-13 19:00:00+02:00,19.1,19.1,18.9,11.1,60.0,24.6,84.0,89.3,0.0,0.0,0.0,0.0,0.0,22.7,34.7,280.6,2.8,6.1,240.0,1003.2,1003.2,2.7,5.2
2024-07-13 19:05:00+02:00,18.9,18.9,18.5,11.2,61.0,24.5,84.0,74.8,0.0,0.0,0.0,0.0,0.0,22.7,34.7,280.6,3.6,14.4,128.0,1003.2,1003.2,2.7,5.2
2024-07-13 19:10:00+02:00,18.4,18.4,17.7,11.1,62.0,24.5,84.0,67.8,0.0,0.0,0.0,0.0,0.0,22.7,34.7,280.6,5.5,15.8,127.0,1003.2,1003.2,2.7,5.2
2024-07-13 19:15:00+02:00,18.3,18.3,18.0,11.2,63.0,24.5,84.0,62.0,0.0,0.0,0.0,0.0,0.0,22.7,34.7,280.6,3.2,10.1,112.0,1003.2,1003.2,2.7,5.2
2024-07-13 19:20:00+02:00,18.3,18.3,18.3,11.3,63.0,24.5,84.0,59.7,0.0,0.0,0.0,0.0,0.0,22.7,34.7,280.6,2.4,7.9,134.0,1003.2,1003.2,2.7,5.2
2024-07-13 19:25:00+02:00,18.3,18.3,18.3,11.4,64.0,24.4,84.0,62.8,0.0,0.0,0.0,0.0,0.0,22.7,34.7,280.6,2.6,8.6,104.0,1003.2,1003.2,2.7,5.2
2024-07-13 19:30:00+02:00,18.4,18.4,18.3,11.2,63.0,24.4,84.0,71.3,0.0,0.0,0.0,0.0,0.0,22.7,34.7,280.6,2.3,6.8,130.0,1003.3,1003.3,2.7,5.2
2024-07-13 19:35:00+02:00,18.5,18.5,18.4,11.1,62.0,24.4,84.0,79.1,0.0,0.0,0.0,0.0,0.0,22.7,34.7,280.6,1.9,6.5,117.0,1003.2,1003.2,2.7,5.2
2024-07-13 19:40:00+02:00,18.5,18.5,18.7,11.2,62.0,24.4,84.0,70.2,0.0,0.0,0.0,0.0,0.0,22.7,34.7,280.6,1.2,7.2,163.0,1003.1,1003.1,2.7,5.2
2024-07-13 19:45:00+02:00,18.5,18.5,18.5,11.6,64.0,24.3,84.0,63.9,0.0,0.0,0.0,0.0,0.0,22.7,34.7,280.6,2.1,6.1,133.0,1003.2,1003.2,2.7,5.2
2024-07-13 19:50:00+02:00,18.3,18.3,18.4,11.4,64.0,24.3,84.0,57.2,0.0,0.0,0.0,0.0,0.0,22.7,34.7,280.6,1.7,6.1,102.0,1003.3,1003.3,2.7,5.2
2024-07-13 19:55:00+02:00,18.3,18.3,18.3,11.5,65.0,24.3,83.0,45.5,0.0,0.0,0.0,0.0,0.0,22.7,34.7,280.6,2.4,6.5,119.0,1003.3,1003.3,2.7,5.2
2024-07-13 20:00:00+02:00,17.9,17.9,17.7,11.3,65.0,24.3,83.0,31.3,0.0,0.0,0.0,0.0,0.0,22.7,34.7,280.6,3.6,8.6,110.0,1003.2,1003.2,2.7,5.2
2024-07-13 20:05:00+02:00,17.8,17.8,17.5,11.3,66.0,24.2,83.0,28.3,0.0,0.0,0.0,0.0,0.0,22.7,34.7,280.6,3.7,7.2,113.0,1003.3,1003.3,2.7,5.2
2024-07-13 20:10:00+02:00,17.6,17.6,17.5,11.4,67.0,24.2,83.0,30.2,0.0,0.0,0.0,0.0,0.0,22.7,34.7,280.6,3.0,7.2,127.0,1003.3,1003.3,2.7,5.2
2024-07-13 20:15:00+02:00,17.5,17.5,17.2,11.2,67.0,24.2,83.0,28.9,0.0,0.0,0.0,0.0,0.0,22.7,34.7,280.6,3.1,7.2,111.0,1003.3,1003.3,2.7,5.2
2024-07-13 20:20:00+02:00,17.4,17.4,17.1,11.3,67.0,24.1,83.0,23.7,0.0,0.0,0.0,0.0,0.0,22.7,34.7,280.6,3.6,7.6,122.0,1003.3,1003.3,2.7,5.2
2024-07-13 20:25:00+02:00,17.3,17.3,16.8,11.0,67.0,24.1,83.0,23.1,0.0,0.0,0.0,0.0,0.0,22.7,34.7,280.6,4.2,10.1,121.0,1003.3,1003.3,2.7,5.2
2024-07-13 20:30:00+02:00,17.2,17.2,16.8,11.1,67.0,24.0,83.0,21.1,0.0,0.0,0.0,0.0,0.0,22.7,34.7,280.6,4.2,8.6,127.0,1003.3,1003.3,2.7,5.2
2024-07-13 20:35:00+02:00,17.2,17.2,17.1,10.8,66.0,24.0,83.0,18.5,0.0,0.0,0.0,0.0,0.0,22.7,34.7,280.6,1.4,5.0,119.0,1003.3,1003.3,2.7,5.2
2024-07-13 20:40:00+02:00,17.1,17.1,16.9,11.0,67.0,23.9,82.0,18.9,0.0,0.0,0.0,0.0,0.0,22.7,34.7,280.6,2.4,4.0,136.0,1003.2,1003.2,2.7,5.2
2024-07-13 20:45:00+02:00,16.9,16.9,16.7,10.9,68.0,23.8,82.0,16.2,0.0,0.0,0.0,0.0,0.0,22.7,34.7,280.6,2.6,6.1,136.0,1003.3,1003.3,2.7,5.2
2024-07-13 20:50:00+02:00,16.8,16.8,16.4,10.7,68.0,23.8,82.0,15.3,0.0,0.0,0.0,0.0,0.0,22.7,34.7,280.6,3.5,4.7,117.0,1003.3,1003.3,2.7,5.2
2024-07-13 20:55:00+02:00,16.7,16.7,16.7,10.7,68.0,23.7,82.0,14.0,0.0,0.0,0.0,0.0,0.0,22.7,34.7,280.6,1.2,6.5,132.0,1003.2,1003.2,2.7,5.2
2024-07-13 21:00:00+02:00,16.6,16.6,16.7,10.7,68.0,23.7,82.0,12.7,0.0,0.0,0.0,0.0,0.0,22.7,34.7,280.6,0.5,6.5,129.0,1003.2,1003.2,2.7,5.2
2024-07-13 21:05:00+02:00,16.5,16.5,16.4,10.7,69.0,23.6,82.0,11.7,0.0,0.0,0.0,0.0,0.0,22.7,34.7,280.6,1.7,5.8,160.0,1003.3,1003.3,2.7,5.2
2024-07-13 21:10:00+02:00,16.4,16.4,16.3,10.8,69.0,23.6,82.0,10.3,0.0,0.0,0.0,0.0,0.0,22.7,34.7,280.6,1.9,5.0,121.0,1003.3,1003.3,2.7,5.2
2024-07-13 21:15:00+02:00,16.4,16.4,16.3,10.7,69.0,23.5,82.0,8.9,0.0,0.0,0.0,0.0,0.0,22.7,34.7,280.6,1.9,4.7,113.0,1003.4,1003.4,2.7,5.2
2024-07-13 21:20:00+02:00,16.3,16.3,16.1,10.8,70.0,23.5,82.0,7.7,0.0,0.0,0.0,0.0,0.0,22.7,34.7,280.6,2.2,3.6,121.0,1003.4,1003.4,2.7,5.2
2024-07-13 21:25:00+02:00,16.1,16.1,16.0,10.9,71.0,23.4,82.0,6.3,0.0,0.0,0.0,0.0,0.0,22.7,34.7,280.6,1.9,4.7,108.0,1003.4,1003.4,2.7,5.2
2024-07-13 21:30:00+02:00,16.0,16.0,15.8,10.9,72.0,23.3,82.0,5.0,0.0,0.0,0.0,0.0,0.0,22.7,34.7,280.6,2.2,3.6,121.0,1003.2,1003.2,2.7,5.2
2024-07-13 21:35:00+02:00,15.8,15.8,15.9,10.9,73.0,23.3,82.0,3.8,0.0,0.0,0.0,0.0,0.0,22.7,34.7,280.6,1.2,3.2,118.0,1003.3,1003.3,2.7,5.2
2024-07-13 21:40:00+02:00,15.6,15.6,15.7,11.1,74.0,23.2,82.0,2.8,0.0,0.0,0.0,0.0,0.0,22.7,34.7,280.6,1.4,3.6,131.0,1003.3,1003.3,2.7,5.2
2024-07-13 21:45:00+02:00,15.6,15.6,15.4,11.1,74.0,23.2,82.0,2.0,0.0,0.0,0.0,0.0,0.0,22.7,34.7,280.6,2.9,4.7,116.0,1003.4,1003.4,2.7,5.2
2024-07-13 21:50:00+02:00,15.7,15.7,15.7,11.1,74.0,23.1,82.0,1.2,0.0,0.0,0.0,0.0,0.0,22.7,34.7,280.6,1.6,4.0,118.0,1003.5,1003.5,2.7,5.2
2024-07-13 21:55:00+02:00,15.5,15.5,15.3,11.2,75.0,23.0,82.0,0.7,0.0,0.0,0.0,0.0,0.0,22.7,34.7,280.6,3.0,5.4,111.0,1003.4,1003.4,2.7,5.1
2024-07-13 22:00:00+02:00,15.5,15.5,15.1,11.3,76.0,23.0,82.0,0.4,0.0,0.0,0.0,0.0,0.0,22.7,34.7,280.6,4.0,5.4,123.0,1003.5,1003.5,2.7,5.1
2024-07-13 22:05:00+02:00,15.3,15.3,15.1,11.1,76.0,22.9,82.0,0.2,0.0,0.0,0.0,0.0,0.0,22.7,34.7,280.6,3.0,5.0,128.0,1003.6,1003.6,2.7,5.1
2024-07-13 22:10:00+02:00,15.3,15.3,15.3,11.1,76.0,22.8,82.0,0.1,0.0,0.0,0.0,0.0,0.0,22.7,34.7,280.6,1.9,3.6,127.0,1003.5,1003.5,2.7,5.1
2024-07-13 22:15:00+02:00,15.4,15.4,15.3,11.2,76.0,22.7,82.0,0.0,0.0,0.0,0.0,0.0,0.0,22.7,34.7,280.6,2.4,4.3,118.0,1003.6,1003.6,2.7,5.1
2024-07-13 22:20:00+02:00,15.4,15.4,15.5,11.2,76.0,22.7,82.0,0.0,0.0,0.0,0.0,0.0,0.0,22.7,34.7,280.6,1.3,3.2,111.0,1003.7,1003.7,2.7,5.1
2024-07-13 22:25:00+02:00,15.2,15.2,15.6,11.3,77.0,22.6,82.0,0.0,0.0,0.0,0.0,0.0,0.0,22.7,34.7,280.6,0.0,2.5,122.0,1003.7,1003.7,2.7,5.1
2024-07-13 22:30:00+02:00,15.0,15.0,15.0,11.3,78.0,22.6,82.0,0.0,0.0,0.0,0.0,0.0,0.0,22.7,34.7,280.6,2.2,3.2,128.0,1003.7,1003.7,2.7,5.1
2024-07-13 22:35:00+02:00,14.9,14.9,14.9,11.4,79.0,22.5,82.0,0.0,0.0,0.0,0.0,0.0,0.0,22.7,34.7,280.6,2.7,4.3,122.0,1003.9,1003.9,2.7,5.1
2024-07-13 22:40:00+02:00,14.9,14.9,14.7,11.4,80.0,22.5,82.0,0.0,0.0,0.0,0.0,0.0,0.0,22.7,34.7,280.6,3.1,5.0,111.0,1003.8,1003.8,2.7,5.1
2024-07-13 22:45:00+02:00,14.7,14.7,14.6,11.4,80.0,22.4,81.0,0.0,0.0,0.0,0.0,0.0,0.0,22.7,34.7,280.6,2.7,4.3,118.0,1003.9,1003.9,2.7,5.1
2024-07-13 22:50:00+02:00,14.6,14.6,14.5,11.4,81.0,22.3,81.0,0.0,0.0,0.0,0.0,0.0,0.0,22.7,34.7,280.6,2.8,4.3,120.0,1003.7,1003.7,2.7,5.1
2024-07-13 22:55:00+02:00,14.4,14.4,14.4,11.4,82.0,22.2,81.0,0.0,0.0,0.0,0.0,0.0,0.0,22.7,34.7,280.6,2.2,4.0,118.0,1003.9,1003.9,2.7,5.1
2024-07-13 23:00:00+02:00,14.4,14.4,14.3,11.4,82.0,22.2,81.0,0.0,0.0,0.0,0.0,0.0,0.0,22.7,34.7,280.6,2.7,4.3,117.0,1003.9,1003.9,2.7,5.1
2024-07-13 23:05:00+02:00,14.4,14.4,14.2,11.3,82.0,22.1,81.0,0.0,0.0,0.0,0.0,0.0,0.0,22.7,34.7,280.6,3.2,4.3,101.0,1003.9,1003.9,2.7,5.1
2024-07-13 23:10:00+02:00,14.4,14.4,14.2,11.4,82.0,22.0,81.0,0.0,0.0,0.0,0.0,0.0,0.0,22.7,34.7,280.6,3.2,5.0,112.0,1003.9,1003.9,2.7,5.1
2024-07-13 23:15:00+02:00,14.4,14.4,14.3,11.3,82.0,21.9,81.0,0.0,0.0,0.0,0.0,0.0,0.0,22.7,34.7,280.6,2.6,4.3,119.0,1003.9,1003.9,2.7,5.1
2024-07-13 23:20:00+02:00,14.3,14.3,14.4,11.4,83.0,21.9,81.0,0.0,0.0,0.0,0.0,0.0,0.0,22.7,34.7,280.6,2.2,4.0,109.0,1004.0,1004.0,2.7,5.1
2024-07-13 23:25:00+02:00,14.1,14.1,14.4,11.5,84.0,21.8,81.0,0.0,0.0,0.0,0.0,0.0,0.0,22.7,34.7,280.6,0.7,2.5,111.0,1003.9,1003.9,2.7,5.1
2024-07-13 23:30:00+02:00,14.0,14.0,14.0,11.4,85.0,21.7,81.0,0.0,0.0,0.0,0.0,0.0,0.0,22.7,34.7,280.6,2.2,3.6,111.0,1003.9,1003.9,2.7,5.1
2024-07-13 23:35:00+02:00,13.8,13.8,13.9,11.3,85.0,21.7,81.0,0.0,0.0,0.0,0.0,0.0,0.0,22.7,34.7,280.6,1.9,2.9,118.0,1003.9,1003.9,2.7,5.1
2024-07-13 23:40:00+02:00,13.8,13.8,13.7,11.3,85.0,21.6,81.0,0.0,0.0,0.0,0.0,0.0,0.0,22.7,34.7,280.6,2.7,4.3,108.0,1004.0,1004.0,2.7,5.1
2024-07-13 23:45:00+02:00,13.9,13.9,13.7,11.3,85.0,21.5,81.0,0.0,0.0,0.0,0.0,0.0,0.0,22.7,34.7,280.6,3.6,5.4,123.0,1004.0,1004.0,2.7,5.0
2024-07-13 23:50:00+02:00,14.1,14.1,13.7,11.5,84.0,21.5,81.0,0.0,0.0,0.0,0.0,0.0,0.0,22.7,34.7,280.6,4.7,6.5,124.0,1004.0,1004.0,2.7,5.0
2024-07-13 23:55:00+02:00,14.1,14.1,13.9,11.5,84.0,21.4,81.0,0.0,0.0,0.0,0.0,0.0,0.0,22.7,34.7,280.6,3.5,6.5,122.0,1004.1,1004.1,2.7,5.0
2024-07-14 00:00:00+02:00,14.1,14.1,14.0,11.4,84.0,21.3,81.0,0.0,0.0,0.0,0.0,0.0,0.0,0.0,34.7,280.6,3.0,5.4,127.0,1004.1,1004.1,2.7,5.0
2024-07-14 00:05:00+02:00,14.2,14.2,14.0,11.6,84.0,21.3,81.0,0.0,0.0,0.0,0.0,0.0,0.0,0.0,34.7,280.6,3.4,5.8,120.0,1004.1,1004.1,2.7,5.0
2024-07-14 00:10:00+02:00,14.3,14.3,14.1,11.5,83.0,21.2,81.0,0.0,0.0,0.0,0.0,0.0,0.0,0.0,34.7,280.6,3.7,5.8,129.0,1004.1,1004.1,2.7,5.0
2024-07-14 00:15:00+02:00,14.5,14.5,14.1,11.6,83.0,21.2,81.0,0.0,0.0,0.0,0.0,0.0,0.0,0.0,34.7,280.6,4.3,6.8,127.0,1004.0,1004.0,2.7,5.0
2024-07-14 00:20:00+02:00,14.5,14.5,14.1,11.6,83.0,21.1,81.0,0.0,0.0,0.0,0.0,0.0,0.0,0.0,34.7,280.6,4.5,7.6,124.0,1004.1,1004.1,2.7,5.0
2024-07-14 00:25:00+02:00,14.4,14.4,14.3,11.6,83.0,21.1,81.0,0.0,0.0,0.0,0.0,0.0,0.0,0.0,34.7,280.6,3.4,6.5,128.0,1004.1,1004.1,2.7,5.0
2024-07-14 00:30:00+02:00,14.3,14.3,14.1,11.5,83.0,21.0,81.0,0.0,0.0,0.0,0.0,0.0,0.0,0.0,34.7,280.6,3.6,6.1,117.0,1004.1,1004.1,2.7,5.0
2024-07-14 00:35:00+02:00,14.3,14.3,13.8,11.4,83.0,20.9,81.0,0.0,0.0,0.0,0.0,0.0,0.0,0.0,34.7,280.6,4.8,6.5,116.0,1004.0,1004.0,2.7,5.0
2024-07-14 00:40:00+02:00,14.3,14.3,14.0,11.5,83.0,20.9,81.0,0.0,0.0,0.0,0.0,0.0,0.0,0.0,34.7,280.6,4.0,6.5,115.0,1004.0,1004.0,2.7,5.0
2024-07-14 00:45:00+02:00,14.2,14.2,13.9,11.5,83.0,20.8,81.0,0.0,0.0,0.0,0.0,0.0,0.0,0.0,34.7,280.6,4.0,5.4,121.0,1004.0,1004.0,2.7,5.0
2024-07-14 00:50:00+02:00,14.2,14.2,13.9,11.5,84.0,20.8,81.0,0.0,0.0,0.0,0.0,0.0,0.0,0.0,34.7,280.6,3.9,6.5,117.0,1004.0,1004.0,2.7,5.0
2024-07-14 00:55:00+02:00,14.1,14.1,13.9,11.4,84.0,20.7,81.0,0.0,0.0,0.0,0.0,0.0,0.0,0.0,34.7,280.6,3.5,4.7,112.0,1004.0,1004.0,2.7,5.0
2024-07-14 01:00:00+02:00,14.1,14.1,13.8,11.4,84.0,20.7,81.0,0.0,0.0,0.0,0.0,0.0,0.0,0.0,34.7,280.6,3.4,5.0,121.0,1004.0,1004.0,2.7,5.0
2024-07-14 01:05:00+02:00,13.8,13.8,13.7,11.3,85.0,20.6,81.0,0.0,0.0,0.0,0.0,0.0,0.0,0.0,34.7,280.6,3.1,4.7,111.0,1003.9,1003.9,2.7,5.0
2024-07-14 01:10:00+02:00,13.8,13.8,13.6,11.3,85.0,20.6,81.0,0.0,0.0,0.0,0.0,0.0,0.0,0.0,34.7,280.6,3.0,6.1,125.0,1004.0,1004.0,2.7,5.0
2024-07-14 01:15:00+02:00,13.7,13.7,13.6,11.4,86.0,20.5,81.0,0.0,0.0,0.0,0.0,0.0,0.0,0.0,34.7,280.6,2.6,5.8,110.0,1004.0,1004.0,2.7,5.0
2024-07-14 01:20:00+02:00,13.5,13.5,13.5,11.3,87.0,20.4,81.0,0.0,0.0,0.0,0.0,0.0,0.0,0.0,34.7,280.6,2.1,3.6,117.0,1004.0,1004.0,2.7,5.0
2024-07-14 01:25:00+02:00,13.2,13.2,13.3,11.2,88.0,20.4,81.0,0.0,0.0,0.0,0.0,0.0,0.0,0.0,34.7,280.6,1.6,2.9,129.0,1004.0,1004.0,2.7,4.9
2024-07-14 01:30:00+02:00,13.0,13.0,12.9,11.2,89.0,20.4,81.0,0.0,0.0,0.0,0.0,0.0,0.0,0.0,34.7,280.6,2.2,3.2,131.0,1003.8,1003.8,2.7,4.9
2024-07-14 01:35:00+02:00,12.8,12.8,12.7,11.1,90.0,20.3,81.0,0.0,0.0,0.0,0.0,0.0,0.0,0.0,34.7,280.6,2.2,3.6,117.0,1004.0,1004.0,2.7,4.9
2024-07-14 01:40:00+02:00,12.7,12.7,12.3,11.1,90.0,20.2,81.0,0.0,0.0,0.0,0.0,0.0,0.0,0.0,34.7,280.6,3.7,4.7,115.0,1004.0,1004.0,2.7,4.9
2024-07-14 01:45:00+02:00,12.5,12.5,12.5,11.1,91.0,20.2,81.0,0.0,0.0,0.0,0.0,0.0,0.0,0.0,34.7,280.6,2.0,4.7,114.0,1003.9,1003.9,2.7,4.9
2024-07-14 01:50:00+02:00,12.5,12.5,12.4,11.1,91.0,20.1,81.0,0.0,0.0,0.0,0.0,0.0,0.0,0.0,34.7,280.6,2.4,3.6,113.0,1004.0,1004.0,2.7,4.9
2024-07-14 01:55:00+02:00,12.3,12.3,12.4,11.0,92.0,20.1,81.0,0.0,0.0,0.0,0.0,0.0,0.0,0.0,34.7,280.6,1.6,4.0,106.0,1003.9,1003.9,2.7,4.9
2024-07-14 02:00:00+02:00,12.3,12.3,12.0,11.0,92.0,20.0,81.0,0.0,0.0,0.0,0.0,0.0,0.0,0.0,34.7,280.6,2.8,4.0,110.0,1004.0,1004.0,2.7,4.9
2024-07-14 02:05:00+02:00,12.2,12.2,12.2,11.0,92.0,19.9,81.0,0.0,0.0,0.0,0.0,0.0,0.0,0.0,34.7,280.6,1.5,2.9,109.0,1004.0,1004.0,2.7,4.9
2024-07-14 02:10:00+02:00,12.1,12.1,12.0,11.0,93.0,19.9,81.0,0.0,0.0,0.0,0.0,0.0,0.0,0.0,34.7,280.6,2.3,2.9,105.0,1004.0,1004.0,2.7,4.9
2024-07-14 02:15:00+02:00,12.0,12.0,12.1,10.9,93.0,19.8,81.0,0.0,0.0,0.0,0.0,0.0,0.0,0.0,34.7,280.6,1.2,2.5,105.0,1004.0,1004.0,2.7,4.9
2024-07-14 02:20:00+02:00,11.9,11.9,11.8,10.9,93.0,19.8,81.0,0.0,0.0,0.0,0.0,0.0,0.0,0.0,34.7,280.6,2.2,3.2,112.0,1003.9,1003.9,2.7,4.9
2024-07-14 02:25:00+02:00,11.9,11.9,11.8,10.9,94.0,19.7,81.0,0.0,0.0,0.0,0.0,0.0,0.0,0.0,34.7,280.6,2.1,2.9,111.0,1003.8,1003.8,2.7,4.9
2024-07-14 02:30:00+02:00,11.8,11.8,12.0,10.8,94.0,19.6,81.0,0.0,0.0,0.0,0.0,0.0,0.0,0.0,34.7,280.6,0.4,2.9,125.0,1003.8,1003.8,2.7,4.9
2024-07-14 02:35:00+02:00,11.6,11.6,11.6,10.6,94.0,19.6,81.0,0.0,0.0,0.0,0.0,0.0,0.0,0.0,34.7,280.6,0.9,2.5,110.0,1003.8,1003.8,2.7,4.9
2024-07-14 02:40:00+02:00,11.6,11.6,11.3,10.7,94.0,19.5,81.0,0.0,0.0,0.0,0.0,0.0,0.0,0.0,34.7,280.6,2.7,3.6,112.0,1003.8,1003.8,2.7,4.9
2024-07-14 02:45:00+02:00,11.6,11.6,11.5,10.8,95.0,19.5,81.0,0.0,0.0,0.0,0.0,0.0,0.0,0.0,34.7,280.6,1.8,3.6,117.0,1003.7,1003.7,2.7,4.9
2024-07-14 02:50:00+02:00,11.4,11.4,11.3,10.7,95.0,19.4,81.0,0.0,0.0,0.0,0.0,0.0,0.0,0.0,34.7,280.6,2.2,3.2,123.0,1003.7,1003.7,2.7,4.9
2024-07-14 02:55:00+02:00,11.4,11.4,11.1,10.6,95.0,19.3,81.0,0.0,0.0,0.0,0.0,0.0,0.0,0.0,34.7,280.6,2.6,4.0,110.0,1003.7,1003.7,2.7,4.9
2024-07-14 03:00:00+02:00,11.3,11.3,11.1,10.5,95.0,19.3,81.0,0.0,0.0,0.0,0.0,0.0,0.0,0.0,34.7,280.6,2.2,4.0,115.0,1003.7,1003.7,2.7,4.9
2024-07-14 03:05:00+02:00,11.3,11.3,11.1,10.6,96.0,19.3,81.0,0.0,0.0,0.0,0.0,0.0,0.0,0.0,34.7,280.6,2.3,2.9,115.0,1003.8,1003.8,2.7,4.9
2024-07-14 03:10:00+02:00,11.3,11.3,11.0,10.7,96.0,19.2,81.0,0.0,0.0,0.0,0.0,0.0,0.0,0.0,34.7,280.6,2.6,3.2,112.0,1003.6,1003.6,2.7,4.9
2024-07-14 03:15:00+02:00,11.3,11.3,11.0,10.7,96.0,19.2,81.0,0.0,0.0,0.0,0.0,0.0,0.0,0.0,34.7,280.6,2.9,4.3,107.0,1003.7,1003.7,2.7,4.8
2024-07-14 03:20:00+02:00,11.2,11.2,10.8,10.5,96.0,19.1,81.0,0.0,0.0,0.0,0.0,0.0,0.0,0.0,34.7,280.6,2.6,3.2,116.0,1003.7,1003.7,2.7,4.8
2024-07-14 03:25:00+02:00,11.1,11.1,10.8,10.5,96.0,19.1,81.0,0.0,0.0,0.0,0.0,0.0,0.0,0.0,34.7,280.6,2.7,3.6,110.0,1003.7,1003.7,2.7,4.8
2024-07-14 03:30:00+02:00,11.1,11.1,10.8,10.5,96.0,19.0,81.0,0.0,0.0,0.0,0.0,0.0,0.0,0.0,34.7,280.6,2.4,3.6,109.0,1003.6,1003.6,2.7,4.8
2024-07-14 03:35:00+02:00,11.1,11.1,10.8,10.5,96.0,18.9,81.0,0.0,0.0,0.0,0.0,0.0,0.0,0.0,34.7,280.6,2.7,3.6,108.0,1003.5,1003.5,2.7,4.8
2024-07-14 03:40:00+02:00,11.0,11.0,10.8,10.4,96.0,18.9,81.0,0.0,0.0,0.0,0.0,0.0,0.0,0.0,34.7,280.6,1.7,3.2,113.0,1003.6,1003.6,2.7,4.8
2024-07-14 03:45:00+02:00,11.1,11.1,10.8,10.6,97.0,18.8,81.0,0.0,0.0,0.0,0.0,0.0,0.0,0.0,34.7,280.6,2.4,3.6,105.0,1003.6,1003.6,2.7,4.8
2024-07-14 03:50:00+02:00,11.1,11.1,10.8,10.7,97.0,18.8,81.0,0.0,0.0,0.0,0.0,0.0,0.0,0.0,34.7,280.6,2.6,3.6,114.0,1003.7,1003.7,2.7,4.8
2024-07-14 03:55:00+02:00,11.1,11.1,10.8,10.7,97.0,18.7,81.0,0.0,0.0,0.0,0.0,0.0,0.0,0.0,34.7,280.6,2.4,3.6,108.0,1003.6,1003.6,2.7,4.8
2024-07-14 04:00:00+02:00,11.2,11.2,11.0,10.7,97.0,18.7,81.0,0.0,0.0,0.0,0.0,0.0,0.0,0.0,34.7,280.6,1.8,3.2,105.0,1003.7,1003.7,2.7,4.8
2024-07-14 04:05:00+02:00,11.2,11.2,11.3,10.8,97.0,18.6,81.0,0.0,0.0,0.0,0.0,0.0,0.0,0.0,34.7,280.6,0.7,2.9,117.0,1003.5,1003.5,2.7,4.8
2024-07-14 04:10:00+02:00,11.3,11.3,11.2,10.8,97.0,18.6,81.0,0.0,0.0,0.0,0.0,0.0,0.0,0.0,34.7,280.6,1.6,2.5,108.0,1003.6,1003.6,2.7,4.8
2024-07-14 04:15:00+02:00,11.3,11.3,11.1,10.8,97.0,18.5,81.0,0.0,0.0,0.0,0.0,0.0,0.0,0.0,34.7,280.6,2.4,3.6,114.0,1003.6,1003.6,2.7,4.8
2024-07-14 04:20:00+02:00,11.3,11.3,11.3,10.8,97.0,18.5,81.0,0.0,0.0,0.0,0.0,0.0,0.0,0.0,34.7,280.6,1.7,3.6,118.0,1003.7,1003.7,2.7,4.8
2024-07-14 04:25:00+02:00,11.3,11.3,11.4,10.8,97.0,18.4,81.0,0.0,0.0,0.0,0.0,0.0,0.0,0.0,34.7,280.6,0.7,2.5,118.0,1003.6,1003.6,2.7,4.8
2024-07-14 04:30:00+02:00,11.3,11.3,11.4,10.8,97.0,18.4,81.0,0.0,0.0,0.0,0.0,0.0,0.0,0.0,34.7,280.6,0.9,2.9,125.0,1003.6,1003.6,2.7,4.8
2024-07-14 04:35:00+02:00,11.3,11.3,11.3,10.8,97.0,18.4,81.0,0.0,0.0,0.0,0.0,0.0,0.0,0.0,34.7,280.6,1.6,2.9,116.0,1003.5,1003.5,2.7,4.8
2024-07-14 04:40:00+02:00,11.3,11.3,11.2,10.8,97.0,18.3,81.0,0.0,0.0,0.0,0.0,0.0,0.0,0.0,34.7,280.6,2.0,2.9,120.0,1003.6,1003.6,2.7,4.8
2024-07-14 04:45:00+02:00,11.2,11.2,11.3,10.8,97.0,18.3,81.0,0.0,0.0,0.0,0.0,0.0,0.0,0.0,34.7,280.6,0.7,3.2,119.0,1003.6,1003.6,2.7,4.8
2024-07-14 04:50:00+02:00,11.1,11.1,11.1,10.7,97.0,18.3,81.0,0.0,0.0,0.0,0.0,0.0,0.0,0.0,34.7,280.6,1.4,2.9,122.0,1003.6,1003.6,2.7,4.8
2024-07-14 04:55:00+02:00,11.1,11.1,10.9,10.7,97.0,18.2,81.0,0.0,0.0,0.0,0.0,0.0,0.0,0.0,34.7,280.6,1.9,3.6,103.0,1003.7,1003.7,2.7,4.8
2024-07-14 05:00:00+02:00,11.1,11.1,10.9,10.7,97.0,18.2,81.0,0.1,0.0,0.0,0.0,0.0,0.0,0.0,34.7,280.6,2.3,3.6,121.0,1003.5,1003.5,2.7,4.8
2024-07-14 05:05:00+02:00,11.1,11.1,11.0,10.7,97.0,18.2,81.0,0.2,0.0,0.0,0.0,0.0,0.0,0.0,34.7,280.6,1.9,3.2,124.0,1003.6,1003.6,2.7,4.7
2024-07-14 05:10:00+02:00,11.1,11.1,10.9,10.6,97.0,18.1,81.0,0.4,0.0,0.0,0.0,0.0,0.0,0.0,34.7,280.6,2.0,3.6,116.0,1003.5,1003.5,2.7,4.7
2024-07-14 05:15:00+02:00,11.0,11.0,10.9,10.6,97.0,18.1,81.0,0.8,0.0,0.0,0.0,0.0,0.0,0.0,34.7,280.6,1.6,3.6,123.0,1003.4,1003.4,2.72,4.7
2024-07-14 05:20:00+02:00,10.9,10.9,11.0,10.5,97.0,18.1,81.0,1.3,0.0,0.0,0.0,0.0,0.0,0.0,34.7,280.6,0.8,3.6,128.0,1003.4,1003.4,2.72,4.7
2024-07-14 05:25:00+02:00,10.9,10.9,11.0,10.4,97.0,18.0,81.0,1.9,0.0,0.0,0.0,0.0,0.0,0.0,34.7,280.6,0.0,2.5,117.0,1003.6,1003.6,2.7,4.7
2024-07-14 05:30:00+02:00,10.9,10.9,10.9,10.4,97.0,18.0,81.0,2.8,0.0,0.0,0.0,0.0,0.0,0.0,34.7,280.6,0.7,2.9,117.0,1003.7,1003.7,2.7,4.7
2024-07-14 05:35:00+02:00,11.0,11.0,11.0,10.5,97.0,18.0,81.0,3.8,0.0,0.0,0.0,0.0,0.0,0.0,34.7,280.6,0.9,2.9,113.0,1003.6,1003.6,2.7,4.7
2024-07-14 05:40:00+02:00,10.9,10.9,11.1,10.4,97.0,17.9,81.0,5.0,0.0,0.0,0.0,0.0,0.0,0.0,34.7,280.6,0.0,2.9,137.0,1003.7,1003.7,2.7,4.7
2024-07-14 05:45:00+02:00,10.9,10.9,11.0,10.4,97.0,17.9,81.0,6.2,0.0,0.0,0.0,0.0,0.0,0.0,34.7,280.6,0.0,0.0,116.0,1003.7,1003.7,2.7,4.7
2024-07-14 05:50:00+02:00,10.8,10.8,11.0,10.4,97.0,17.9,81.0,7.5,0.0,0.0,0.0,0.0,0.0,0.0,34.7,280.6,0.0,1.8,139.0,1003.7,1003.7,2.7,4.7
2024-07-14 05:55:00+02:00,10.7,10.7,10.9,10.3,97.0,17.8,81.0,9.0,0.0,0.0,0.0,0.0,0.0,0.0,34.7,280.6,0.0,1.8,116.0,1003.7,1003.7,2.72,4.7
2024-07-14 06:00:00+02:00,10.7,10.7,10.6,10.2,97.0,17.8,81.0,11.3,0.0,0.0,0.0,0.0,0.0,0.0,34.7,280.6,0.7,2.2,118.0,1003.8,1003.8,2.72,4.7
2024-07-14 06:05:00+02:00,10.5,10.5,10.6,10.1,97.0,17.8,81.0,13.4,0.0,0.0,0.0,0.0,0.0,0.0,34.7,280.6,0.0,2.5,121.0,1003.8,1003.8,2.7,4.7
2024-07-14 06:10:00+02:00,10.7,10.7,10.7,10.3,97.0,17.8,82.0,14.9,0.0,0.0,0.0,0.0,0.0,0.0,34.7,280.6,0.5,2.5,109.0,1003.9,1003.9,2.7,4.7
2024-07-14 06:15:00+02:00,10.8,10.8,10.8,10.4,97.0,17.7,81.0,16.6,0.0,0.0,0.0,0.0,0.0,0.0,34.7,280.6,0.9,2.5,116.0,1003.8,1003.8,2.7,4.7
2024-07-14 06:20:00+02:00,10.9,10.9,11.1,10.4,97.0,17.7,81.0,18.5,0.0,0.0,0.0,0.0,0.0,0.0,34.7,280.6,0.0,2.5,108.0,1003.8,1003.8,2.7,4.7
2024-07-14 06:25:00+02:00,11.0,11.0,11.1,10.7,98.0,17.7,82.0,20.0,0.0,0.0,0.0,0.0,0.0,0.0,34.7,280.6,1.1,4.0,90.0,1003.7,1003.7,2.7,4.7
2024-07-14 06:30:00+02:00,11.2,11.2,11.3,10.7,97.0,17.7,82.0,21.8,0.0,0.0,0.0,0.0,0.0,0.0,34.7,280.6,0.7,3.2,87.0,1003.8,1003.8,2.7,4.7
2024-07-14 06:35:00+02:00,11.2,11.2,11.4,10.8,97.0,17.7,82.0,23.5,0.0,0.0,0.0,0.0,0.0,0.0,34.7,280.6,0.4,3.2,107.0,1003.9,1003.9,2.7,4.7
2024-07-14 06:40:00+02:00,11.5,11.5,11.2,11.1,97.0,17.6,82.0,41.2,0.0,0.0,0.0,0.0,0.0,0.0,34.7,280.6,3.2,4.3,109.0,1003.9,1003.9,2.7,4.7
2024-07-14 06:45:00+02:00,11.8,11.8,11.7,11.4,97.0,17.6,82.0,45.0,0.0,0.0,0.0,0.0,0.0,0.0,34.7,280.6,2.7,4.7,106.0,1003.9,1003.9,2.7,4.7
2024-07-14 06:50:00+02:00,12.1,12.1,11.9,11.4,95.0,17.7,82.0,50.0,0.0,0.0,0.0,0.0,0.0,0.0,34.7,280.6,3.5,5.4,108.0,1003.8,1003.8,2.7,4.7
2024-07-14 06:55:00+02:00,12.6,12.6,12.3,11.5,93.0,17.7,82.0,53.8,0.0,0.0,0.0,0.0,0.0,0.0,34.7,280.6,4.0,6.8,115.0,1003.9,1003.9,2.7,4.7
2024-07-14 07:00:00+02:00,13.0,13.0,12.6,11.5,91.0,17.8,82.0,54.5,0.0,0.0,0.0,0.0,0.0,0.0,34.7,280.6,4.3,6.8,118.0,1003.9,1003.9,2.7,4.7
2024-07-14 07:05:00+02:00,13.2,13.2,12.9,11.6,90.0,18.0,82.0,33.1,0.0,0.0,0.0,0.0,0.0,0.0,34.7,280.6,4.0,7.2,122.0,1004.0,1004.0,2.7,4.7
2024-07-14 07:10:00+02:00,13.4,13.4,13.0,11.7,90.0,18.0,82.0,35.4,0.0,0.0,0.0,0.0,0.0,0.0,34.7,280.6,4.6,7.2,118.0,1004.0,1004.0,2.7,4.7
2024-07-14 07:15:00+02:00,13.6,13.6,13.3,11.9,89.0,18.1,82.0,38.2,0.0,0.0,0.0,0.0,0.0,0.0,34.7,280.6,4.7,7.9,123.0,1004.1,1004.1,2.7,4.7
2024-07-14 07:20:00+02:00,13.8,13.8,13.4,11.9,88.0,18.1,82.0,41.9,0.0,0.0,0.0,0.0,0.0,0.0,34.7,280.6,5.2,8.3,118.0,1004.0,1004.0,2.7,4.7
2024-07-14 07:25:00+02:00,14.1,14.1,13.8,12.0,87.0,18.2,82.0,42.9,0.0,0.0,0.0,0.0,0.0,0.0,34.7,280.6,4.6,8.3,113.0,1004.0,1004.0,2.7,4.7
2024-07-14 07:30:00+02:00,14.5,14.5,14.1,12.1,86.0,18.2,82.0,43.0,0.0,0.0,0.0,0.0,0.0,0.0,34.7,280.6,5.5,8.6,117.0,1004.0,1004.0,2.7,4.7
2024-07-14 07:35:00+02:00,14.7,14.7,14.5,12.2,85.0,18.2,82.0,45.4,0.0,0.0,0.0,0.0,0.0,0.0,34.7,280.6,4.6,8.6,120.0,1004.1,1004.1,2.7,4.7
2024-07-14 07:40:00+02:00,14.9,14.9,14.4,12.1,83.0,18.3,82.0,51.1,0.0,0.0,0.0,0.0,0.0,0.0,34.7,280.6,6.0,8.3,112.0,1004.0,1004.0,2.7,4.7
2024-07-14 07:45:00+02:00,15.2,15.2,14.6,12.2,82.0,18.3,82.0,66.5,0.0,0.0,0.0,0.0,0.0,0.0,34.7,280.6,6.5,10.4,122.0,1004.0,1004.0,2.7,4.8
2024-07-14 07:50:00+02:00,15.4,15.4,14.4,12.1,81.0,18.3,82.0,80.1,0.0,0.0,0.0,0.0,0.0,0.0,34.7,280.6,8.6,14.4,125.0,1003.9,1003.9,2.7,4.8
2024-07-14 07:55:00+02:00,15.7,15.7,15.0,12.3,80.0,18.4,83.0,119.8,1.0,0.0,0.0,0.0,0.0,0.0,34.7,280.6,7.1,14.0,125.0,1003.9,1003.9,2.7,4.8
2024-07-14 08:00:00+02:00,15.9,15.9,14.9,12.3,79.0,18.4,83.0,143.1,1.0,0.0,0.0,0.0,0.0,0.0,34.7,280.6,9.0,15.5,121.0,1004.0,1004.0,2.7,4.8
2024-07-14 08:05:00+02:00,16.1,16.1,15.2,12.3,79.0,18.5,83.0,139.8,1.0,0.0,0.0,0.0,0.0,0.0,34.7,280.6,8.1,13.3,133.0,1003.8,1003.8,2.7,4.8
2024-07-14 08:10:00+02:00,16.2,16.2,15.7,12.5,79.0,18.6,83.0,115.1,1.0,0.0,0.0,0.0,0.0,0.0,34.7,280.6,6.5,11.9,127.0,1003.9,1003.9,2.7,4.8
2024-07-14 08:15:00+02:00,16.2,16.2,15.8,12.5,79.0,18.6,83.0,99.0,0.0,0.0,0.0,0.0,0.0,0.0,34.7,280.6,6.1,11.2,128.0,1003.8,1003.8,2.7,4.9
2024-07-14 08:20:00+02:00,16.3,16.3,15.3,12.2,77.0,18.7,83.0,94.6,0.0,0.0,0.0,0.0,0.0,0.0,34.7,280.6,8.4,16.2,128.0,1003.8,1003.8,2.7,4.9
2024-07-14 08:25:00+02:00,16.4,16.4,15.9,12.3,77.0,18.8,83.0,94.2,0.0,0.0,0.0,0.0,0.0,0.0,34.7,280.6,6.4,11.2,123.0,1003.8,1003.8,2.7,4.9
2024-07-14 08:30:00+02:00,16.4,16.4,15.9,12.4,77.0,18.8,84.0,210.7,1.0,0.0,0.0,0.0,0.0,0.0,34.7,280.6,6.7,10.1,124.0,1003.9,1003.9,2.7,4.9
2024-07-14 08:35:00+02:00,16.7,16.7,16.0,12.4,76.0,19.0,84.0,216.6,2.0,0.0,0.0,0.0,0.0,0.0,34.7,280.6,7.2,13.3,124.0,1003.8,1003.8,2.7,5.0
2024-07-14 08:40:00+02:00,16.7,16.7,16.2,12.6,76.0,19.1,84.0,243.1,2.0,0.0,0.0,0.0,0.0,0.0,34.7,280.6,6.8,10.4,134.0,1003.6,1003.6,2.7,5.0
2024-07-14 08:45:00+02:00,16.8,16.8,15.8,12.4,75.0,19.2,84.0,249.8,2.0,0.0,0.0,0.0,0.0,0.0,34.7,280.6,9.3,17.3,123.0,1003.6,1003.6,2.7,5.0
2024-07-14 08:50:00+02:00,17.0,17.0,16.2,12.6,75.0,19.3,84.0,257.6,2.0,0.0,0.0,0.0,0.0,0.0,34.7,280.6,8.6,13.3,127.0,1003.5,1003.5,2.7,5.0
2024-07-14 08:55:00+02:00,17.1,17.1,16.6,12.6,75.0,19.3,84.0,228.1,2.0,0.0,0.0,0.0,0.0,0.0,34.7,280.6,6.8,14.0,122.0,1003.5,1003.5,2.7,5.1
2024-07-14 09:00:00+02:00,17.4,17.4,16.2,12.5,73.0,19.5,84.0,276.1,2.0,0.0,0.0,0.0,0.0,0.0,34.7,280.6,10.1,15.5,137.0,1003.4,1003.4,2.7,5.1
2024-07-14 09:05:00+02:00,17.9,17.9,17.4,12.6,71.0,19.7,84.0,284.9,2.0,0.0,0.0,0.0,0.0,0.0,34.7,280.6,6.3,10.4,136.0,1003.5,1003.5,2.7,5.2
2024-07-14 09:10:00+02:00,18.0,18.0,17.3,12.8,71.0,20.0,84.0,302.9,2.0,0.0,0.0,0.0,0.0,0.0,34.7,280.6,8.4,18.0,133.0,1003.5,1003.5,2.7,5.2
2024-07-14 09:15:00+02:00,18.1,18.1,17.4,12.6,71.0,20.2,84.0,314.2,2.0,0.0,0.0,0.0,0.0,0.0,34.7,280.6,7.5,18.0,136.0,1003.5,1003.5,2.7,5.2
2024-07-14 09:20:00+02:00,18.7,18.7,18.5,12.9,69.0,20.4,83.0,336.3,3.0,0.0,0.0,0.0,0.0,0.0,34.7,280.6,5.9,16.9,108.0,1003.6,1003.6,2.7,5.2
2024-07-14 09:25:00+02:00,18.6,18.6,18.2,12.9,69.0,20.7,83.0,353.8,3.0,0.0,0.0,0.0,0.0,0.0,34.7,280.6,7.0,18.4,122.0,1003.5,1003.5,2.7,5.2
2024-07-14 09:30:00+02:00,19.1,19.1,19.3,13.1,68.0,20.9,83.0,367.9,3.0,0.0,0.0,0.0,0.0,0.0,34.7,280.6,3.9,14.0,138.0,1003.6,1003.6,2.7,5.2
2024-07-14 09:35:00+02:00,18.8,18.8,18.1,12.9,69.0,21.2,83.0,377.9,3.0,0.0,0.0,0.0,0.0,0.0,34.7,280.6,8.3,15.5,122.0,1003.5,1003.5,2.7,5.2
2024-07-14 09:40:00+02:00,19.3,19.3,19.6,13.0,67.0,21.4,83.0,378.0,3.0,0.0,0.0,0.0,0.0,0.0,34.7,280.6,3.5,10.1,130.0,1003.5,1003.5,2.7,5.2
2024-07-14 09:45:00+02:00,19.9,19.9,20.0,13.2,66.0,21.7,83.0,383.7,3.0,0.0,0.0,0.0,0.0,0.0,34.7,280.6,4.2,10.1,139.0,1003.5,1003.5,2.7,5.3
2024-07-14 09:50:00+02:00,20.0,20.0,20.4,13.1,64.0,21.9,83.0,392.3,3.0,0.0,0.0,0.0,0.0,0.0,34.7,280.6,3.0,7.2,170.0,1003.5,1003.5,2.7,5.3
2024-07-14 09:55:00+02:00,20.2,20.2,19.5,12.8,63.0,22.2,82.0,443.2,4.0,0.0,0.0,0.0,0.0,0.0,34.7,280.6,7.9,11.2,135.0,1003.7,1003.7,2.7,5.3
2024-07-14 10:00:00+02:00,19.4,19.4,19.1,12.6,65.0,22.4,82.0,463.9,4.0,0.0,0.0,0.0,0.0,0.0,34.7,280.6,6.0,13.0,126.0,1003.5,1003.5,2.7,5.3
2024-07-14 10:05:00+02:00,19.7,19.7,19.4,12.5,63.0,22.7,82.0,421.8,3.0,0.0,0.0,0.0,0.0,0.0,34.7,280.6,5.5,14.8,124.0,1003.5,1003.5,2.7,5.3
2024-07-14 10:10:00+02:00,20.0,20.0,19.8,12.7,63.0,22.9,81.0,237.9,2.0,0.0,0.0,0.0,0.0,0.0,34.7,280.6,5.0,12.2,133.0,1003.5,1003.5,2.7,5.3
2024-07-14 10:15:00+02:00,19.4,19.4,18.3,12.5,64.0,23.2,81.0,314.4,2.0,0.0,0.0,0.0,0.0,0.0,34.7,280.6,9.4,14.8,130.0,1003.6,1003.6,2.7,5.3
2024-07-14 10:20:00+02:00,19.2,19.2,18.6,12.2,64.0,23.3,80.0,376.7,3.0,0.0,0.0,0.0,0.0,0.0,34.7,280.6,6.4,15.8,125.0,1003.7,1003.7,2.7,5.3
2024-07-14 10:25:00+02:00,19.5,19.5,18.9,12.1,62.0,23.4,80.0,286.7,2.0,0.0,0.0,0.0,0.0,0.0,34.7,280.6,6.6,19.4,130.0,1003.6,1003.6,2.7,5.3
2024-07-14 10:30:00+02:00,19.3,19.3,19.1,12.3,64.0,23.6,80.0,257.2,2.0,0.0,0.0,0.0,0.0,0.0,34.7,280.6,5.0,16.2,132.0,1003.6,1003.6,2.7,5.3
2024-07-14 10:35:00+02:00,19.9,19.9,20.2,12.2,61.0,23.7,80.0,228.9,2.0,0.0,0.0,0.0,0.0,0.0,34.7,280.6,1.6,13.3,105.0,1003.7,1003.7,2.7,5.3
2024-07-14 10:40:00+02:00,20.1,20.1,20.2,12.4,61.0,23.8,80.0,233.3,2.0,0.0,0.0,0.0,0.0,0.0,34.7,280.6,2.8,9.0,114.0,1003.5,1003.5,2.7,5.3
2024-07-14 10:45:00+02:00,20.2,20.2,19.8,12.4,61.0,23.9,80.0,245.3,2.0,0.0,0.0,0.0,0.0,0.0,34.7,280.6,5.5,13.7,131.0,1003.7,1003.7,2.7,5.3
2024-07-14 10:50:00+02:00,19.9,19.9,20.0,12.4,62.0,24.0,79.0,515.7,4.0,0.0,0.0,0.0,0.0,0.0,34.7,280.6,2.9,13.7,109.0,1003.5,1003.5,2.7,5.3
2024-07-14 10:55:00+02:00,20.7,20.7,20.6,12.6,60.0,24.2,79.0,592.7,5.0,0.0,0.0,0.0,0.0,0.0,34.7,280.6,4.7,9.0,166.0,1003.5,1003.5,2.7,5.3
2024-07-14 11:00:00+02:00,21.0,21.0,21.1,12.1,57.0,24.3,79.0,393.1,3.0,0.0,0.0,0.0,0.0,0.0,34.7,280.6,3.1,9.4,121.0,1003.4,1003.4,2.7,5.3
2024-07-14 11:05:00+02:00,20.4,20.4,19.5,12.3,60.0,24.4,79.0,638.4,5.0,0.0,0.0,0.0,0.0,0.0,34.7,280.6,8.4,20.5,130.0,1003.5,1003.5,2.7,5.3
2024-07-14 11:10:00+02:00,19.9,19.9,19.3,12.1,61.0,24.6,79.0,358.5,3.0,0.0,0.0,0.0,0.0,0.0,34.7,280.6,6.5,18.4,128.0,1003.4,1003.4,2.7,5.3
2024-07-14 11:15:00+02:00,20.1,20.1,19.7,12.1,60.0,24.7,79.0,450.2,4.0,0.0,0.0,0.0,0.0,0.0,34.7,280.6,5.4,12.2,107.0,1003.5,1003.5,2.7,5.3
2024-07-14 11:20:00+02:00,20.4,20.4,20.2,12.4,60.0,24.8,78.0,361.2,3.0,0.0,0.0,0.0,0.0,0.0,34.7,280.6,5.3,13.0,136.0,1003.5,1003.5,2.7,5.3
2024-07-14 11:25:00+02:00,20.2,20.2,19.0,12.0,59.0,24.8,78.0,367.5,3.0,0.0,0.0,0.0,0.0,0.0,34.7,280.6,9.4,13.7,131.0,1003.4,1003.4,2.7,5.3
2024-07-14 11:30:00+02:00,20.2,20.2,20.2,12.2,60.0,25.0,78.0,608.9,5.0,0.0,0.0,0.0,0.0,0.0,34.7,280.6,3.6,14.0,126.0,1003.3,1003.3,2.7,5.3
2024-07-14 11:35:00+02:00,21.2,21.2,21.2,11.9,55.0,25.1,78.0,584.9,5.0,0.0,0.0,0.0,0.0,0.0,34.7,280.6,2.9,8.6,198.0,1003.3,1003.3,2.7,5.3
2024-07-14 11:40:00+02:00,21.7,21.7,22.1,12.2,55.0,25.2,78.0,636.4,5.0,0.0,0.0,0.0,0.0,0.0,34.7,280.6,1.4,7.6,199.0,1003.2,1003.2,2.7,5.3
2024-07-14 11:45:00+02:00,22.1,22.1,21.8,12.0,53.0,25.3,78.0,605.3,5.0,0.0,0.0,0.0,0.0,0.0,34.7,280.6,4.8,15.1,231.0,1003.3,1003.3,2.7,5.3
2024-07-14 11:50:00+02:00,21.3,21.3,20.9,11.8,55.0,25.5,78.0,665.8,6.0,0.0,0.0,0.0,0.0,0.0,34.7,280.6,5.1,17.6,125.0,1003.3,1003.3,2.7,5.3
2024-07-14 11:55:00+02:00,22.1,22.1,21.8,12.1,53.0,25.7,78.0,661.6,6.0,0.0,0.0,0.0,0.0,0.0,34.7,280.6,4.7,13.0,120.0,1003.3,1003.3,2.7,5.3
2024-07-14 12:00:00+02:00,21.6,21.6,20.5,12.3,55.0,25.8,78.0,500.2,4.0,0.0,0.0,0.0,0.0,0.0,34.7,280.6,9.2,14.4,135.0,1003.3,1003.3,2.7,5.3
2024-07-14 12:05:00+02:00,20.6,20.6,20.2,11.7,57.0,26.0,77.0,649.0,6.0,0.0,0.0,0.0,0.0,0.0,34.7,280.6,5.0,14.8,145.0,1003.2,1003.2,2.7,5.3
2024-07-14 12:10:00+02:00,21.5,21.5,21.1,12.0,54.0,26.1,77.0,669.1,6.0,0.0,0.0,0.0,0.0,0.0,34.7,280.6,5.4,9.7,83.0,1003.2,1003.2,2.7,5.3
2024-07-14 12:15:00+02:00,22.6,22.6,22.5,11.7,50.0,26.3,77.0,670.1,6.0,0.0,0.0,0.0,0.0,0.0,34.7,280.6,3.5,11.9,197.0,1003.2,1003.2,2.7,5.3
2024-07-14 12:20:00+02:00,22.6,22.6,22.7,12.1,52.0,26.4,77.0,649.1,6.0,0.0,0.0,0.0,0.0,0.0,34.7,280.6,2.8,10.4,157.0,1003.2,1003.2,2.7,5.3
2024-07-14 12:25:00+02:00,22.9,22.9,22.6,11.6,49.0,26.5,77.0,303.9,2.0,0.0,0.0,0.0,0.0,0.0,34.7,280.6,3.7,6.5,258.0,1003.2,1003.2,2.7,5.3
2024-07-14 12:30:00+02:00,22.7,22.7,22.5,11.3,49.0,26.7,77.0,656.1,6.0,0.0,0.0,0.0,0.0,0.0,34.7,280.6,3.5,11.9,191.0,1003.2,1003.2,2.7,5.3
2024-07-14 12:35:00+02:00,22.7,22.7,22.3,11.8,50.0,26.8,77.0,673.6,6.0,0.0,0.0,0.0,0.0,0.0,34.7,280.6,5.0,13.0,168.0,1003.1,1003.1,2.7,5.3
2024-07-14 12:40:00+02:00,23.1,23.1,22.2,11.9,49.0,27.0,76.0,658.0,6.0,0.0,0.0,0.0,0.0,0.0,34.7,280.6,7.8,17.6,154.0,1003.1,1003.1,2.7,5.3
2024-07-14 12:45:00+02:00,22.9,22.9,22.3,11.2,48.0,27.2,76.0,661.9,6.0,0.0,0.0,0.0,0.0,0.0,34.7,280.6,5.0,17.6,228.0,1003.1,1003.1,2.7,5.3
2024-07-14 12:50:00+02:00,23.2,23.2,21.7,11.8,49.0,27.3,76.0,646.4,6.0,0.0,0.0,0.0,0.0,0.0,34.7,280.6,10.8,19.8,116.0,1003.1,1003.1,2.7,5.3
2024-07-14 12:55:00+02:00,22.1,22.1,20.4,11.4,51.0,27.5,76.0,680.8,6.0,0.0,0.0,0.0,0.0,0.0,34.7,280.6,11.1,22.0,129.0,1003.1,1003.1,2.7,5.3
2024-07-14 13:00:00+02:00,22.9,22.9,22.3,11.4,48.0,27.7,76.0,715.5,6.0,0.0,0.0,0.0,0.0,0.0,34.7,280.6,5.6,13.3,115.0,1003.1,1003.1,2.7,5.3
2024-07-14 13:05:00+02:00,22.6,22.6,21.0,11.7,50.0,27.8,76.0,706.7,6.0,0.0,0.0,0.0,0.0,0.0,34.7,280.6,11.3,20.5,114.0,1003.1,1003.1,2.7,5.3
2024-07-14 13:10:00+02:00,22.4,22.4,21.0,11.0,49.0,28.0,75.0,716.1,6.0,0.0,0.0,0.0,0.0,0.0,34.7,280.6,8.7,21.2,143.0,1003.0,1003.0,2.7,5.3
2024-07-14 13:15:00+02:00,21.7,21.7,20.1,11.2,51.0,28.1,76.0,670.9,6.0,0.0,0.0,0.0,0.0,0.0,34.7,280.6,9.9,26.6,127.0,1003.0,1003.0,2.7,5.3
2024-07-14 13:20:00+02:00,22.1,22.1,21.4,11.4,51.0,28.2,75.0,725.7,6.0,0.0,0.0,0.0,0.0,0.0,34.7,280.6,5.9,18.7,124.0,1003.0,1003.0,2.7,5.3
2024-07-14 13:25:00+02:00,22.5,22.5,20.5,11.0,48.0,28.3,75.0,724.9,6.0,0.0,0.0,0.0,0.0,0.0,34.7,280.6,11.7,23.4,109.0,1002.9,1002.9,2.7,5.3
2024-07-14 13:30:00+02:00,23.0,23.0,22.8,10.8,46.0,28.5,75.0,728.2,6.0,0.0,0.0,0.0,0.0,0.0,34.7,280.6,2.8,18.7,204.0,1003.0,1003.0,2.7,5.3
2024-07-14 13:35:00+02:00,23.5,23.5,23.0,10.7,45.0,28.6,75.0,689.3,6.0,0.0,0.0,0.0,0.0,0.0,34.7,280.6,3.8,10.1,210.0,1002.9,1002.9,2.7,5.3
2024-07-14 13:40:00+02:00,23.9,23.9,22.8,10.9,44.0,28.8,76.0,710.8,6.0,0.0,0.0,0.0,0.0,0.0,34.7,280.6,7.1,13.3,142.0,1003.0,1003.0,2.7,5.3
2024-07-14 13:45:00+02:00,23.4,23.4,21.8,10.9,45.0,28.9,77.0,722.6,6.0,0.0,0.0,0.0,0.0,0.0,34.7,280.6,9.6,17.3,135.0,1003.0,1003.0,2.7,5.3
2024-07-14 13:50:00+02:00,23.2,23.2,21.5,10.9,46.0,29.0,78.0,764.7,7.0,0.0,0.0,0.0,0.0,0.0,34.7,280.6,10.1,20.2,122.0,1002.9,1002.9,2.7,5.3
2024-07-14 13:55:00+02:00,22.8,22.8,20.0,11.0,47.0,29.1,78.0,751.3,6.0,0.0,0.0,0.0,0.0,0.0,34.7,280.6,15.9,27.4,128.0,1003.0,1003.0,2.7,5.3
2024-07-14 14:00:00+02:00,23.0,23.0,21.8,11.1,47.0,29.2,78.0,722.8,6.0,0.0,0.0,0.0,0.0,0.0,34.7,280.6,7.8,19.1,134.0,1002.9,1002.9,2.7,5.3
2024-07-14 14:05:00+02:00,23.2,23.2,21.4,11.0,46.0,29.2,79.0,737.1,6.0,0.0,0.0,0.0,0.0,0.0,34.7,280.6,11.4,25.2,138.0,1003.0,1003.0,2.7,5.3
2024-07-14 14:10:00+02:00,22.4,22.4,22.0,10.7,47.0,29.3,78.0,185.7,1.0,0.0,0.0,0.0,0.0,0.0,34.7,280.6,3.5,20.9,141.0,1003.0,1003.0,2.7,5.3
2024-07-14 14:15:00+02:00,23.1,23.1,23.2,10.9,46.0,29.3,78.0,750.6,6.0,0.0,0.0,0.0,0.0,0.0,34.7,280.6,1.2,7.2,198.0,1003.0,1003.0,2.7,5.3
2024-07-14 14:20:00+02:00,23.2,23.2,22.9,11.2,47.0,29.3,79.0,741.4,6.0,0.0,0.0,0.0,0.0,0.0,34.7,280.6,3.8,8.3,159.0,1003.1,1003.1,2.7,5.3
2024-07-14 14:25:00+02:00,23.4,23.4,22.6,10.7,45.0,29.3,79.0,689.5,6.0,0.0,0.0,0.0,0.0,0.0,34.7,280.6,5.4,18.4,226.0,1002.9,1002.9,2.7,5.3
2024-07-14 14:30:00+02:00,23.5,23.5,23.2,11.1,45.0,29.3,79.0,665.1,6.0,0.0,0.0,0.0,0.0,0.0,34.7,280.6,3.5,18.4,157.0,1002.9,1002.9,2.7,5.3
2024-07-14 14:35:00+02:00,24.6,24.6,24.2,11.0,43.0,29.3,79.0,635.6,5.0,0.0,0.0,0.0,0.0,0.0,34.7,280.6,3.5,11.2,225.0,1003.1,1003.1,2.7,5.3
2024-07-14 14:40:00+02:00,25.1,25.1,24.6,10.8,41.0,29.4,79.0,647.9,6.0,0.0,0.0,0.0,0.0,0.0,34.7,280.6,4.1,15.1,131.0,1003.0,1003.0,2.7,5.3
2024-07-14 14:45:00+02:00,23.8,23.8,22.5,11.1,45.0,29.4,79.0,682.5,6.0,0.0,0.0,0.0,0.0,0.0,34.7,280.6,8.9,16.6,142.0,1002.9,1002.9,2.7,5.3
2024-07-14 14:50:00+02:00,24.1,24.1,22.8,11.0,44.0,29.5,79.0,689.4,6.0,0.0,0.0,0.0,0.0,0.0,34.7,280.6,8.2,20.9,125.0,1003.0,1003.0,2.7,5.3
2024-07-14 14:55:00+02:00,24.0,24.0,23.7,11.7,46.0,29.6,79.0,670.5,6.0,0.0,0.0,0.0,0.0,0.0,34.7,280.6,4.4,15.8,152.0,1003.0,1003.0,2.7,5.3
2024-07-14 15:00:00+02:00,25.3,25.3,24.9,11.8,43.0,29.7,79.0,739.0,6.0,0.0,0.0,0.0,0.0,0.0,34.7,280.6,5.0,14.8,176.0,1003.1,1003.1,2.7,5.3
2024-07-14 15:05:00+02:00,24.4,24.4,23.9,11.0,43.0,29.8,79.0,702.4,6.0,0.0,0.0,0.0,0.0,0.0,34.7,280.6,4.5,16.6,155.0,1003.1,1003.1,2.7,5.3
2024-07-14 15:10:00+02:00,25.8,25.8,25.3,11.2,40.0,29.8,79.0,684.4,6.0,0.0,0.0,0.0,0.0,0.0,34.7,280.6,4.3,15.8,218.0,1002.9,1002.9,2.7,5.3
2024-07-14 15:15:00+02:00,25.9,25.9,25.1,11.0,39.0,30.0,79.0,669.5,6.0,0.0,0.0,0.0,0.0,0.0,34.7,280.6,5.6,10.8,303.0,1003.0,1003.0,2.7,5.3
2024-07-14 15:20:00+02:00,24.7,24.7,23.4,11.3,43.0,30.0,79.0,662.4,6.0,0.0,0.0,0.0,0.0,0.0,34.7,280.6,8.6,25.6,123.0,1002.9,1002.9,2.7,5.3
2024-07-14 15:25:00+02:00,24.2,24.2,23.1,10.7,43.0,30.0,79.0,651.4,6.0,0.0,0.0,0.0,0.0,0.0,34.7,280.6,6.9,15.5,213.0,1003.0,1003.0,2.7,5.3
2024-07-14 15:30:00+02:00,24.2,24.2,23.7,10.6,42.0,29.9,80.0,168.2,1.0,0.0,0.0,0.0,0.0,0.0,34.7,280.6,3.6,11.2,227.0,1003.0,1003.0,2.7,5.3
2024-07-14 15:35:00+02:00,23.5,23.5,21.9,10.8,45.0,29.9,79.0,713.0,6.0,0.0,0.0,0.0,0.0,0.0,34.7,280.6,9.6,20.9,120.0,1003.0,1003.0,2.7,5.3
2024-07-14 15:40:00+02:00,23.5,23.5,22.8,10.9,45.0,29.9,80.0,674.8,6.0,0.0,0.0,0.0,0.0,0.0,34.7,280.6,5.1,15.1,112.0,1002.9,1002.9,2.7,5.3
2024-07-14 15:45:00+02:00,24.0,24.0,23.8,11.3,45.0,29.9,80.0,641.7,5.0,0.0,0.0,0.0,0.0,0.0,34.7,280.6,3.1,10.4,88.0,1002.8,1002.8,2.7,5.3
2024-07-14 15:50:00+02:00,23.4,23.4,23.2,10.9,45.0,29.9,80.0,230.0,2.0,0.0,0.0,0.0,0.0,0.0,34.7,280.6,2.6,10.4,89.0,1002.9,1002.9,2.7,5.3
2024-07-14 15:55:00+02:00,23.6,23.6,23.2,10.9,45.0,29.8,80.0,380.1,3.0,0.0,0.0,0.0,0.0,0.0,34.7,280.6,3.4,9.0,151.0,1002.8,1002.8,2.7,5.3
2024-07-14 16:00:00+02:00,23.5,23.5,23.1,11.0,45.0,29.8,80.0,336.7,3.0,0.0,0.0,0.0,0.0,0.0,34.7,280.6,3.8,8.6,137.0,1002.8,1002.8,2.7,5.3
2024-07-14 16:05:00+02:00,24.0,24.0,23.7,11.3,45.0,29.8,80.0,683.5,6.0,0.0,0.0,0.0,0.0,0.0,34.7,280.6,3.7,6.5,144.0,1002.9,1002.9,2.7,5.3
2024-07-14 16:10:00+02:00,24.9,24.9,24.9,12.0,44.0,29.8,80.0,629.7,5.0,0.0,0.0,0.0,0.0,0.0,34.7,280.6,3.2,15.5,254.0,1002.7,1002.7,2.7,5.3
2024-07-14 16:15:00+02:00,24.6,24.6,24.5,11.2,43.0,29.8,81.0,597.3,5.0,0.0,0.0,0.0,0.0,0.0,34.7,280.6,2.2,18.0,154.0,1002.6,1002.6,2.7,5.3
2024-07-14 16:20:00+02:00,24.8,24.8,24.2,11.4,43.0,29.8,81.0,543.4,5.0,0.0,0.0,0.0,0.0,0.0,34.7,280.6,5.7,8.6,113.0,1002.8,1002.8,2.7,5.3
2024-07-14 16:25:00+02:00,25.2,25.2,24.8,11.1,41.0,29.8,81.0,528.6,4.0,0.0,0.0,0.0,0.0,0.0,34.7,280.6,4.0,9.7,250.0,1002.7,1002.7,2.7,5.3
2024-07-14 16:30:00+02:00,25.3,25.3,24.7,11.1,41.0,29.9,81.0,525.1,4.0,0.0,0.0,0.0,0.0,0.0,34.7,280.6,5.0,10.1,210.0,1002.7,1002.7,2.7,5.3
2024-07-14 16:35:00+02:00,25.4,25.4,24.8,10.9,40.0,29.9,81.0,535.7,4.0,0.0,0.0,0.0,0.0,0.0,34.7,280.6,4.3,10.1,214.0,1002.8,1002.8,2.7,5.3
2024-07-14 16:40:00+02:00,26.0,26.0,25.5,11.4,40.0,29.9,81.0,513.7,4.0,0.0,0.0,0.0,0.0,0.0,34.7,280.6,4.4,7.9,223.0,1002.8,1002.8,2.7,5.3
2024-07-14 16:45:00+02:00,25.1,25.1,24.5,11.0,41.0,30.0,81.0,576.3,5.0,0.0,0.0,0.0,0.0,0.0,34.7,280.6,5.1,13.3,136.0,1002.9,1002.9,2.7,5.3
2024-07-14 16:50:00+02:00,24.8,24.8,24.3,10.9,42.0,30.0,81.0,474.4,4.0,0.0,0.0,0.0,0.0,0.0,34.7,280.6,4.2,9.0,122.0,1002.9,1002.9,2.7,5.3
2024-07-14 16:55:00+02:00,24.7,24.7,24.1,11.2,43.0,30.0,81.0,248.7,2.0,0.0,0.0,0.0,0.0,0.0,34.7,280.6,4.7,9.4,166.0,1002.8,1002.8,2.7,5.3
2024-07-14 17:00:00+02:00,24.4,24.4,24.0,10.9,43.0,30.0,81.0,196.6,1.0,0.0,0.0,0.0,0.0,0.0,34.7,280.6,3.5,8.6,215.0,1002.7,1002.7,2.7,5.3
2024-07-14 17:05:00+02:00,24.0,24.0,23.5,11.2,45.0,29.9,81.0,176.7,1.0,0.0,0.0,0.0,0.0,0.0,34.7,280.6,4.5,14.8,286.0,1002.8,1002.8,2.7,5.3
2024-07-14 17:10:00+02:00,23.7,23.7,23.3,11.3,46.0,29.9,81.0,231.7,2.0,0.0,0.0,0.0,0.0,0.0,34.7,280.6,4.0,9.7,257.0,1002.8,1002.8,2.7,5.3
2024-07-14 17:15:00+02:00,23.4,23.4,22.8,11.4,47.0,29.9,81.0,242.2,2.0,0.0,0.0,0.0,0.0,0.0,34.7,280.6,5.5,16.6,254.0,1002.6,1002.6,2.7,5.3
2024-07-14 17:20:00+02:00,23.6,23.6,23.4,11.5,47.0,29.8,82.0,290.8,2.0,0.0,0.0,0.0,0.0,0.0,34.7,280.6,3.7,7.6,242.0,1002.8,1002.8,2.7,5.3
2024-07-14 17:25:00+02:00,24.1,24.1,24.0,11.4,45.0,29.8,82.0,261.4,2.0,0.0,0.0,0.0,0.0,0.0,34.7,280.6,2.6,6.5,232.0,1002.7,1002.7,2.7,5.3
2024-07-14 17:30:00+02:00,24.3,24.3,24.1,11.4,44.0,29.8,82.0,287.8,2.0,0.0,0.0,0.0,0.0,0.0,34.7,280.6,2.7,9.4,192.0,1002.6,1002.6,2.7,5.3
2024-07-14 17:35:00+02:00,24.3,24.3,24.2,11.2,44.0,29.8,82.0,369.9,3.0,0.0,0.0,0.0,0.0,0.0,34.7,280.6,2.4,7.6,250.0,1002.6,1002.6,2.7,5.3
2024-07-14 17:40:00+02:00,24.8,24.8,25.0,11.7,44.0,29.8,82.0,305.5,2.0,0.0,0.0,0.0,0.0,0.0,34.7,280.6,1.5,6.5,173.0,1002.6,1002.6,2.7,5.3
2024-07-14 17:45:00+02:00,24.6,24.6,24.3,11.0,42.0,29.8,82.0,396.9,3.0,0.0,0.0,0.0,0.0,0.0,34.7,280.6,3.3,6.1,275.0,1002.5,1002.5,2.7,5.3
2024-07-14 17:50:00+02:00,24.7,24.7,23.7,11.5,44.0,29.8,82.0,324.5,3.0,0.0,0.0,0.0,0.0,0.0,34.7,280.6,7.8,15.1,269.0,1002.7,1002.7,2.7,5.3
2024-07-14 17:55:00+02:00,24.2,24.2,23.5,11.3,44.0,29.8,82.0,323.3,3.0,0.0,0.0,0.0,0.0,0.0,34.7,280.6,5.6,15.1,242.0,1002.6,1002.6,2.7,5.3
2024-07-14 18:00:00+02:00,23.7,23.7,22.9,11.5,46.0,29.8,82.0,161.7,1.0,0.0,0.0,0.0,0.0,0.0,34.7,280.6,6.4,12.6,272.0,1002.6,1002.6,2.7,5.3
2024-07-14 18:05:00+02:00,23.3,23.3,22.7,11.2,46.0,29.7,82.0,132.8,1.0,0.0,0.0,0.0,0.0,0.0,34.7,280.6,5.0,9.7,196.0,1002.5,1002.5,2.7,5.3
2024-07-14 18:10:00+02:00,23.1,23.1,23.0,11.2,47.0,29.7,82.0,134.7,1.0,0.0,0.0,0.0,0.0,0.0,34.7,280.6,2.4,8.6,239.0,1002.6,1002.6,2.7,5.3
2024-07-14 18:15:00+02:00,23.3,23.3,23.1,11.3,47.0,29.7,82.0,144.9,1.0,0.0,0.0,0.0,0.0,0.0,34.7,280.6,3.1,9.4,182.0,1002.6,1002.6,2.7,5.3
2024-07-14 18:20:00+02:00,23.2,23.2,23.0,11.2,47.0,29.6,82.0,146.0,1.0,0.0,0.0,0.0,0.0,0.0,34.7,280.6,2.7,9.4,203.0,1002.6,1002.6,2.7,5.3
2024-07-14 18:25:00+02:00,23.3,23.3,23.3,11.5,48.0,29.6,82.0,131.4,1.0,0.0,0.0,0.0,0.0,0.0,34.7,280.6,2.1,5.4,349.0,1002.6,1002.6,2.7,5.3
2024-07-14 18:30:00+02:00,22.9,22.9,22.7,11.5,49.0,29.5,82.0,127.0,1.0,0.0,0.0,0.0,0.0,0.0,34.7,280.6,3.5,11.5,285.0,1002.6,1002.6,2.7,5.3
2024-07-14 18:35:00+02:00,22.8,22.8,22.6,11.3,48.0,29.5,82.0,118.0,1.0,0.0,0.0,0.0,0.0,0.0,34.7,280.6,3.3,6.8,284.0,1002.7,1002.7,2.7,5.3
2024-07-14 18:40:00+02:00,22.8,22.8,22.5,11.2,48.0,29.5,82.0,108.0,1.0,0.0,0.0,0.0,0.0,0.0,34.7,280.6,3.7,10.1,239.0,1002.8,1002.8,2.7,5.3
2024-07-14 18:45:00+02:00,22.5,22.5,21.9,11.4,49.0,29.4,82.0,103.7,0.0,0.0,0.0,0.0,0.0,0.0,34.7,280.6,5.3,13.3,263.0,1002.9,1002.9,2.7,5.3
2024-07-14 18:50:00+02:00,22.5,22.5,22.5,11.4,49.0,29.4,82.0,104.2,0.0,0.0,0.0,0.0,0.0,0.0,34.7,280.6,2.1,8.6,283.0,1003.0,1003.0,2.7,5.3
2024-07-14 18:55:00+02:00,22.4,22.4,21.9,11.5,50.0,29.3,82.0,96.5,0.0,0.0,0.0,0.0,0.0,0.0,34.7,280.6,5.1,7.6,286.0,1002.8,1002.8,2.7,5.3
2024-07-14 19:00:00+02:00,22.3,22.3,22.2,11.4,50.0,29.3,82.0,100.6,0.0,0.0,0.0,0.0,0.0,0.0,34.7,280.6,2.5,7.6,214.0,1002.8,1002.8,2.7,5.3
2024-07-14 19:05:00+02:00,22.3,22.3,22.4,11.3,50.0,29.3,82.0,98.1,0.0,0.0,0.0,0.0,0.0,0.0,34.7,280.6,1.8,7.9,181.0,1002.8,1002.8,2.7,5.3
2024-07-14 19:10:00+02:00,22.3,22.3,22.3,11.4,50.0,29.2,82.0,101.9,0.0,0.0,0.0,0.0,0.0,0.0,34.7,280.6,2.2,9.0,6.0,1002.7,1002.7,2.7,5.3
2024-07-14 19:15:00+02:00,22.3,22.3,21.9,11.4,50.0,29.1,82.0,100.9,0.0,0.0,0.0,0.0,0.0,0.0,34.7,280.6,4.1,10.1,234.0,1002.7,1002.7,2.7,5.3
2024-07-14 19:20:00+02:00,22.2,22.2,22.4,11.4,50.0,29.1,82.0,90.1,0.0,0.0,0.0,0.0,0.0,0.0,34.7,280.6,1.7,6.8,256.0,1002.8,1002.8,2.7,5.3
2024-07-14 19:25:00+02:00,22.2,22.2,22.1,11.4,50.0,29.0,82.0,83.1,0.0,0.0,0.0,0.0,0.0,0.0,34.7,280.6,3.0,8.6,360.0,1002.7,1002.7,2.7,5.3
2024-07-14 19:30:00+02:00,22.0,22.0,21.9,11.3,51.0,29.0,82.0,73.3,0.0,0.0,0.0,0.0,0.0,0.0,34.7,280.6,2.9,7.9,282.0,1002.7,1002.7,2.7,5.3
2024-07-14 19:35:00+02:00,22.0,22.0,21.9,11.2,50.0,28.9,82.0,71.7,0.0,0.0,0.0,0.0,0.0,0.0,34.7,280.6,2.6,6.5,152.0,1002.7,1002.7,2.7,5.3
2024-07-14 19:40:00+02:00,22.1,22.1,22.4,11.5,51.0,28.9,82.0,73.1,0.0,0.0,0.0,0.0,0.0,0.0,34.7,280.6,0.8,4.3,257.0,1002.8,1002.8,2.7,5.3
2024-07-14 19:45:00+02:00,22.0,22.0,21.8,11.3,51.0,28.8,82.0,70.8,0.0,0.0,0.0,0.0,0.0,0.0,34.7,280.6,2.8,7.9,260.0,1002.7,1002.7,2.7,5.2
2024-07-14 19:50:00+02:00,21.7,21.7,21.8,11.4,52.0,28.8,82.0,57.7,0.0,0.0,0.0,0.0,0.0,0.0,34.7,280.6,1.6,6.5,230.0,1002.8,1002.8,2.7,5.2
2024-07-14 19:55:00+02:00,21.5,21.5,21.5,11.1,52.0,28.7,82.0,49.6,0.0,0.0,0.0,0.0,0.0,0.0,34.7,280.6,1.8,8.3,280.0,1002.8,1002.8,2.7,5.2
2024-07-14 20:00:00+02:00,21.5,21.5,21.2,10.9,51.0,28.7,82.0,50.3,0.0,0.0,0.0,0.0,0.0,0.0,34.7,280.6,3.2,5.8,220.0,1002.9,1002.9,2.7,5.2
2024-07-14 20:05:00+02:00,21.5,21.5,21.3,10.8,51.0,28.6,82.0,50.8,0.0,0.0,0.0,0.0,0.0,0.0,34.7,280.6,2.0,6.8,187.0,1002.9,1002.9,2.7,5.2
2024-07-14 20:10:00+02:00,21.4,21.4,21.5,10.9,51.0,28.5,82.0,48.2,0.0,0.0,0.0,0.0,0.0,0.0,34.7,280.6,1.3,6.8,229.0,1002.9,1002.9,2.7,5.2
2024-07-14 20:15:00+02:00,21.3,21.3,21.4,11.1,52.0,28.5,82.0,46.1,0.0,0.0,0.0,0.0,0.0,0.0,34.7,280.6,1.5,6.1,269.0,1002.8,1002.8,2.7,5.2
2024-07-14 20:20:00+02:00,21.3,21.3,21.0,11.0,52.0,28.4,82.0,39.9,0.0,0.0,0.0,0.0,0.0,0.0,34.7,280.6,3.1,9.0,245.0,1002.9,1002.9,2.7,5.2
2024-07-14 20:25:00+02:00,21.2,21.2,21.4,11.0,52.0,28.4,82.0,34.5,0.0,0.0,0.0,0.0,0.0,0.0,34.7,280.6,0.5,4.0,188.0,1002.9,1002.9,2.7,5.2
2024-07-14 20:30:00+02:00,21.2,21.2,21.1,10.9,52.0,28.3,82.0,32.2,0.0,0.0,0.0,0.0,0.0,0.0,34.7,280.6,2.0,5.4,337.0,1003.0,1003.0,2.7,5.2
2024-07-14 20:35:00+02:00,21.1,21.1,21.1,10.8,52.0,28.2,82.0,28.8,0.0,0.0,0.0,0.0,0.0,0.0,34.7,280.6,1.5,4.7,190.0,1003.0,1003.0,2.7,5.2
2024-07-14 20:40:00+02:00,21.1,21.1,21.1,10.8,52.0,28.2,82.0,25.8,0.0,0.0,0.0,0.0,0.0,0.0,34.7,280.6,1.4,7.2,181.0,1003.0,1003.0,2.7,5.2
2024-07-14 20:45:00+02:00,21.0,21.0,21.0,10.7,52.0,28.1,81.0,23.8,0.0,0.0,0.0,0.0,0.0,0.0,34.7,280.6,1.1,7.2,216.0,1003.0,1003.0,2.7,5.2
2024-07-14 20:50:00+02:00,20.8,20.8,21.0,10.9,53.0,28.1,81.0,20.8,0.0,0.0,0.0,0.0,0.0,0.0,34.7,280.6,0.7,4.3,230.0,1003.1,1003.1,2.7,5.2
2024-07-14 20:55:00+02:00,20.8,20.8,20.7,10.6,52.0,28.0,81.0,18.9,0.0,0.0,0.0,0.0,0.0,0.0,34.7,280.6,1.8,6.1,210.0,1003.0,1003.0,2.7,5.2
2024-07-14 21:00:00+02:00,20.7,20.7,20.6,10.6,52.0,27.9,81.0,16.3,0.0,0.0,0.0,0.0,0.0,0.0,34.7,280.6,1.5,4.7,55.0,1003.1,1003.1,2.7,5.2
2024-07-14 21:05:00+02:00,20.6,20.6,20.7,10.7,53.0,27.8,81.0,13.7,0.0,0.0,0.0,0.0,0.0,0.0,34.7,280.6,0.4,4.0,236.0,1003.0,1003.0,2.7,5.2
2024-07-14 21:10:00+02:00,20.4,20.4,20.4,10.7,54.0,27.8,81.0,11.1,0.0,0.0,0.0,0.0,0.0,0.0,34.7,280.6,1.4,4.0,283.0,1003.0,1003.0,2.7,5.2
2024-07-14 21:15:00+02:00,20.2,20.2,20.2,10.8,55.0,27.7,81.0,8.7,0.0,0.0,0.0,0.0,0.0,0.0,34.7,280.6,1.4,3.2,142.0,1003.2,1003.2,2.7,5.2
2024-07-14 21:20:00+02:00,19.8,19.8,19.8,11.0,57.0,27.6,81.0,6.9,0.0,0.0,0.0,0.0,0.0,0.0,34.7,280.6,1.6,2.9,125.0,1003.3,1003.3,2.7,5.2
2024-07-14 21:25:00+02:00,19.6,19.6,19.4,11.0,58.0,27.5,81.0,5.5,0.0,0.0,0.0,0.0,0.0,0.0,34.7,280.6,2.2,3.6,119.0,1003.3,1003.3,2.7,5.2
2024-07-14 21:30:00+02:00,19.6,19.6,19.5,10.6,56.0,27.4,81.0,4.2,0.0,0.0,0.0,0.0,0.0,0.0,34.7,280.6,1.4,4.3,151.0,1003.3,1003.3,2.7,5.2
2024-07-14 21:35:00+02:00,19.5,19.5,19.6,10.9,57.0,27.3,81.0,3.3,0.0,0.0,0.0,0.0,0.0,0.0,34.7,280.6,1.1,3.2,137.0,1003.4,1003.4,2.7,5.2
2024-07-14 21:40:00+02:00,19.2,19.2,19.3,11.1,59.0,27.3,81.0,2.5,0.0,0.0,0.0,0.0,0.0,0.0,34.7,280.6,1.7,4.3,150.0,1003.3,1003.3,2.7,5.2
2024-07-14 21:45:00+02:00,18.9,18.9,19.0,11.0,60.0,27.2,81.0,1.7,0.0,0.0,0.0,0.0,0.0,0.0,34.7,280.6,1.4,3.6,120.0,1003.3,1003.3,2.7,5.2
2024-07-14 21:50:00+02:00,18.6,18.6,19.0,11.3,62.0,27.1,81.0,1.0,0.0,0.0,0.0,0.0,0.0,0.0,34.7,280.6,0.4,2.9,138.0,1003.4,1003.4,2.7,5.2
2024-07-14 21:55:00+02:00,18.4,18.4,18.7,11.1,62.0,27.0,81.0,0.6,0.0,0.0,0.0,0.0,0.0,0.0,34.7,280.6,0.4,3.6,136.0,1003.4,1003.4,2.7,5.2
2024-07-14 22:00:00+02:00,18.2,18.2,18.3,11.5,65.0,26.9,80.0,0.3,0.0,0.0,0.0,0.0,0.0,0.0,34.7,280.6,1.7,3.6,107.0,1003.4,1003.4,2.7,5.2
2024-07-14 22:05:00+02:00,18.0,18.0,18.1,11.4,65.0,26.8,80.0,0.2,0.0,0.0,0.0,0.0,0.0,0.0,34.7,280.6,1.7,2.9,98.0,1003.4,1003.4,2.7,5.2
2024-07-14 22:10:00+02:00,17.8,17.8,18.1,11.6,67.0,26.7,80.0,0.1,0.0,0.0,0.0,0.0,0.0,0.0,34.7,280.6,0.9,3.2,123.0,1003.4,1003.4,2.7,5.2
2024-07-14 22:15:00+02:00,17.5,17.5,18.0,11.4,67.0,26.7,80.0,0.0,0.0,0.0,0.0,0.0,0.0,0.0,34.7,280.6,0.0,1.8,122.0,1003.4,1003.4,2.7,5.2
2024-07-14 22:20:00+02:00,17.3,17.3,17.6,11.6,69.0,26.6,80.0,0.0,0.0,0.0,0.0,0.0,0.0,0.0,34.7,280.6,1.4,3.6,105.0,1003.4,1003.4,2.7,5.2
2024-07-14 22:25:00+02:00,17.1,17.1,17.1,11.8,71.0,26.4,80.0,0.0,0.0,0.0,0.0,0.0,0.0,0.0,34.7,280.6,2.8,4.0,124.0,1003.5,1003.5,2.7,5.2
2024-07-14 22:30:00+02:00,17.0,17.0,17.4,11.8,72.0,26.3,80.0,0.0,0.0,0.0,0.0,0.0,0.0,0.0,34.7,280.6,1.0,2.9,126.0,1003.4,1003.4,2.7,5.2
2024-07-14 22:35:00+02:00,16.8,16.8,16.8,11.8,72.0,26.2,80.0,0.0,0.0,0.0,0.0,0.0,0.0,0.0,34.7,280.6,2.6,3.6,121.0,1003.6,1003.6,2.7,5.1
2024-07-14 22:40:00+02:00,16.7,16.7,16.8,11.9,74.0,26.1,80.0,0.0,0.0,0.0,0.0,0.0,0.0,0.0,34.7,280.6,2.6,3.2,129.0,1003.5,1003.5,2.7,5.1
2024-07-14 22:45:00+02:00,16.5,16.5,16.7,11.9,74.0,26.0,80.0,0.0,0.0,0.0,0.0,0.0,0.0,0.0,34.7,280.6,2.2,3.2,123.0,1003.6,1003.6,2.7,5.1
2024-07-14 22:50:00+02:00,16.3,16.3,16.7,11.9,75.0,25.9,80.0,0.0,0.0,0.0,0.0,0.0,0.0,0.0,34.7,280.6,1.2,2.9,123.0,1003.7,1003.7,2.7,5.1
2024-07-14 22:55:00+02:00,16.2,16.2,16.6,12.0,76.0,25.8,80.0,0.0,0.0,0.0,0.0,0.0,0.0,0.0,34.7,280.6,0.8,2.5,111.0,1003.7,1003.7,2.7,5.1
2024-07-14 23:00:00+02:00,16.0,16.0,16.5,12.0,77.0,25.7,80.0,0.0,0.0,0.0,0.0,0.0,0.0,0.0,34.7,280.6,0.8,2.9,116.0,1003.8,1003.8,2.7,5.1
2024-07-14 23:05:00+02:00,15.9,15.9,16.5,12.2,79.0,25.6,80.0,0.0,0.0,0.0,0.0,0.0,0.0,0.0,34.7,280.6,0.0,1.8,92.0,1003.7,1003.7,2.7,5.1
2024-07-14 23:10:00+02:00,15.7,15.7,16.3,12.1,80.0,25.4,80.0,0.0,0.0,0.0,0.0,0.0,0.0,0.0,34.7,280.6,0.0,1.8,111.0,1003.7,1003.7,2.7,5.1
2024-07-14 23:15:00+02:00,15.6,15.6,15.8,12.3,81.0,25.3,80.0,0.0,0.0,0.0,0.0,0.0,0.0,0.0,34.7,280.6,2.3,3.6,112.0,1003.7,1003.7,2.7,5.1
2024-07-14 23:20:00+02:00,15.5,15.5,15.7,12.3,81.0,25.2,80.0,0.0,0.0,0.0,0.0,0.0,0.0,0.0,34.7,280.6,2.5,3.6,116.0,1003.7,1003.7,2.7,5.1
2024-07-14 23:25:00+02:00,15.3,15.3,15.5,12.3,82.0,25.1,80.0,0.0,0.0,0.0,0.0,0.0,0.0,0.0,34.7,280.6,2.3,3.6,113.0,1003.9,1003.9,2.7,5.1
2024-07-14 23:30:00+02:00,15.2,15.2,15.6,12.3,83.0,25.0,80.0,0.0,0.0,0.0,0.0,0.0,0.0,0.0,34.7,280.6,1.5,3.2,113.0,1003.8,1003.8,2.7,5.1
2024-07-14 23:35:00+02:00,15.2,15.2,15.8,12.3,83.0,24.9,80.0,0.0,0.0,0.0,0.0,0.0,0.0,0.0,34.7,280.6,0.7,2.5,125.0,1003.8,1003.8,2.7,5.1
2024-07-14 23:40:00+02:00,15.0,15.0,15.7,12.2,83.0,24.8,80.0,0.0,0.0,0.0,0.0,0.0,0.0,0.0,34.7,280.6,0.0,1.8,145.0,1004.0,1004.0,2.7,5.1
2024-07-14 23:45:00+02:00,15.0,15.0,15.5,12.5,85.0,24.7,80.0,0.0,0.0,0.0,0.0,0.0,0.0,0.0,34.7,280.6,1.7,3.6,294.0,1003.9,1003.9,2.7,5.1
2024-07-14 23:50:00+02:00,15.0,15.0,15.7,12.4,84.0,24.6,80.0,0.0,0.0,0.0,0.0,0.0,0.0,0.0,34.7,280.6,0.0,2.5,290.0,1003.9,1003.9,2.7,5.1
2024-07-14 23:55:00+02:00,14.8,14.8,15.2,12.4,85.0,24.5,80.0,0.0,0.0,0.0,0.0,0.0,0.0,0.0,34.7,280.6,1.9,3.2,130.0,1003.9,1003.9,2.7,5.1
2024-07-15 00:00:00+02:00,14.7,14.7,15.0,12.4,86.0,24.4,80.0,0.0,0.0,0.0,0.0,0.0,0.0,0.0,34.7,280.6,2.6,4.0,125.0,1003.8,1003.8,2.7,5.1
2024-07-15 00:05:00+02:00,14.6,14.6,14.8,12.3,86.0,24.3,80.0,0.0,0.0,0.0,0.0,0.0,0.0,0.0,34.7,280.6,2.7,3.6,126.0,1003.9,1003.9,2.7,5.1
2024-07-15 00:10:00+02:00,14.5,14.5,14.7,12.3,87.0,24.2,80.0,0.0,0.0,0.0,0.0,0.0,0.0,0.0,34.7,280.6,2.6,3.6,123.0,1004.0,1004.0,2.7,5.1
2024-07-15 00:15:00+02:00,14.3,14.3,14.5,12.2,87.0,24.1,80.0,0.0,0.0,0.0,0.0,0.0,0.0,0.0,34.7,280.6,2.6,3.6,116.0,1004.0,1004.0,2.7,5.0
2024-07-15 00:20:00+02:00,14.2,14.2,14.7,12.2,88.0,24.0,80.0,0.0,0.0,0.0,0.0,0.0,0.0,0.0,34.7,280.6,0.8,2.9,110.0,1004.0,1004.0,2.7,5.0
2024-07-15 00:25:00+02:00,14.1,14.1,14.5,12.2,88.0,23.9,80.0,0.0,0.0,0.0,0.0,0.0,0.0,0.0,34.7,280.6,1.4,2.9,107.0,1004.0,1004.0,2.7,5.0
2024-07-15 00:30:00+02:00,14.0,14.0,14.4,12.1,88.0,23.8,80.0,0.0,0.0,0.0,0.0,0.0,0.0,0.0,34.7,280.6,1.4,2.5,105.0,1004.1,1004.1,2.7,5.0
2024-07-15 00:35:00+02:00,14.0,14.0,14.4,12.2,89.0,23.7,80.0,0.0,0.0,0.0,0.0,0.0,0.0,0.0,34.7,280.6,1.4,3.2,105.0,1004.1,1004.1,2.7,5.0
2024-07-15 00:40:00+02:00,13.9,13.9,14.2,12.2,89.0,23.7,80.0,0.0,0.0,0.0,0.0,0.0,0.0,0.0,34.7,280.6,2.2,2.9,114.0,1004.0,1004.0,2.7,5.0
2024-07-15 00:45:00+02:00,13.9,13.9,14.1,12.2,90.0,23.5,80.0,0.0,0.0,0.0,0.0,0.0,0.0,0.0,34.7,280.6,2.6,3.6,107.0,1004.1,1004.1,2.7,5.0
2024-07-15 00:50:00+02:00,13.8,13.8,14.3,12.2,90.0,23.5,80.0,0.0,0.0,0.0,0.0,0.0,0.0,0.0,34.7,280.6,0.9,3.2,107.0,1004.2,1004.2,2.7,5.0
2024-07-15 00:55:00+02:00,13.8,13.8,14.2,12.2,90.0,23.3,80.0,0.0,0.0,0.0,0.0,0.0,0.0,0.0,34.7,280.6,1.8,3.2,107.0,1004.1,1004.1,2.7,5.0
2024-07-15 01:00:00+02:00,13.9,13.9,14.1,12.3,90.0,23.3,80.0,0.0,0.0,0.0,0.0,0.0,0.0,0.0,34.7,280.6,2.8,3.6,107.0,1004.1,1004.1,2.7,5.0
2024-07-15 01:05:00+02:00,14.0,14.0,14.4,12.4,90.0,23.2,80.0,0.0,0.0,0.0,0.0,0.0,0.0,0.0,34.7,280.6,1.7,3.2,117.0,1004.1,1004.1,2.7,5.0
2024-07-15 01:10:00+02:00,13.9,13.9,14.6,12.3,90.0,23.1,80.0,0.0,0.0,0.0,0.0,0.0,0.0,0.0,34.7,280.6,0.0,2.2,115.0,1004.1,1004.1,2.7,5.0
2024-07-15 01:15:00+02:00,13.8,13.8,14.5,12.2,90.0,23.0,80.0,0.0,0.0,0.0,0.0,0.0,0.0,0.0,34.7,280.6,0.4,2.2,119.0,1004.0,1004.0,2.7,5.0
2024-07-15 01:20:00+02:00,13.7,13.7,14.3,12.2,91.0,22.9,80.0,0.0,0.0,0.0,0.0,0.0,0.0,0.0,34.7,280.6,0.4,2.2,115.0,1004.1,1004.1,2.7,5.0
2024-07-15 01:25:00+02:00,13.7,13.7,14.0,12.3,91.0,22.8,80.0,0.0,0.0,0.0,0.0,0.0,0.0,0.0,34.7,280.6,2.3,2.9,102.0,1004.0,1004.0,2.7,5.0
2024-07-15 01:30:00+02:00,13.7,13.7,14.0,12.2,91.0,22.8,80.0,0.0,0.0,0.0,0.0,0.0,0.0,0.0,34.7,280.6,1.6,2.9,103.0,1004.1,1004.1,2.7,5.0
2024-07-15 01:35:00+02:00,13.6,13.6,14.0,12.3,92.0,22.7,80.0,0.0,0.0,0.0,0.0,0.0,0.0,0.0,34.7,280.6,1.4,2.5,111.0,1004.0,1004.0,2.7,5.0
2024-07-15 01:40:00+02:00,13.5,13.5,14.0,12.3,92.0,22.7,80.0,0.0,0.0,0.0,0.0,0.0,0.0,0.0,34.7,280.6,1.4,2.9,114.0,1003.9,1003.9,2.7,5.0
2024-07-15 01:45:00+02:00,13.4,13.4,13.7,12.2,92.0,22.6,80.0,0.0,0.0,0.0,0.0,0.0,0.0,0.0,34.7,280.6,2.2,2.9,109.0,1004.0,1004.0,2.7,5.0
2024-07-15 01:50:00+02:00,13.4,13.4,13.6,12.1,92.0,22.5,80.0,0.0,0.0,0.0,0.0,0.0,0.0,0.0,34.7,280.6,2.2,2.9,116.0,1003.9,1003.9,2.7,5.0
2024-07-15 01:55:00+02:00,13.3,13.3,13.6,12.1,92.0,22.4,80.0,0.0,0.0,0.0,0.0,0.0,0.0,0.0,34.7,280.6,2.1,3.2,115.0,1003.9,1003.9,2.7,5.0
2024-07-15 02:00:00+02:00,13.2,13.2,13.3,12.1,93.0,22.3,80.0,0.0,0.0,0.0,0.0,0.0,0.0,0.0,34.7,280.6,2.8,3.6,125.0,1004.0,1004.0,2.7,5.0
2024-07-15 02:05:00+02:00,13.2,13.2,13.4,12.1,93.0,22.3,80.0,0.0,0.0,0.0,0.0,0.0,0.0,0.0,34.7,280.6,2.1,3.2,118.0,1003.9,1003.9,2.7,4.9
2024-07-15 02:10:00+02:00,13.0,13.0,13.3,11.9,93.0,22.2,80.0,0.0,0.0,0.0,0.0,0.0,0.0,0.0,34.7,280.6,1.6,2.9,128.0,1004.0,1004.0,2.7,4.9
2024-07-15 02:15:00+02:00,12.9,12.9,13.2,11.9,94.0,22.1,80.0,0.0,0.0,0.0,0.0,0.0,0.0,0.0,34.7,280.6,1.4,2.5,117.0,1003.9,1003.9,2.7,4.9
2024-07-15 02:20:00+02:00,12.8,12.8,13.3,11.8,94.0,22.1,80.0,0.0,0.0,0.0,0.0,0.0,0.0,0.0,34.7,280.6,0.4,2.2,127.0,1003.9,1003.9,2.7,4.9
2024-07-15 02:25:00+02:00,12.8,12.8,12.9,11.8,94.0,22.0,80.0,0.0,0.0,0.0,0.0,0.0,0.0,0.0,34.7,280.6,2.1,3.2,124.0,1004.0,1004.0,2.7,4.9
2024-07-15 02:30:00+02:00,12.9,12.9,13.0,11.9,94.0,21.9,80.0,0.0,0.0,0.0,0.0,0.0,0.0,0.0,34.7,280.6,2.5,3.2,121.0,1004.0,1004.0,2.7,4.9
2024-07-15 02:35:00+02:00,12.9,12.9,13.2,11.9,94.0,21.9,80.0,0.0,0.0,0.0,0.0,0.0,0.0,0.0,34.7,280.6,1.3,3.6,128.0,1003.8,1003.8,2.7,4.9
2024-07-15 02:40:00+02:00,12.7,12.7,13.1,11.8,94.0,21.8,80.0,0.0,0.0,0.0,0.0,0.0,0.0,0.0,34.7,280.6,0.8,2.9,192.0,1003.8,1003.8,2.7,4.9
2024-07-15 02:45:00+02:00,12.8,12.8,13.3,11.8,94.0,21.7,80.0,0.0,0.0,0.0,0.0,0.0,0.0,0.0,34.7,280.6,0.4,2.9,40.0,1004.0,1004.0,2.7,4.9
2024-07-15 02:50:00+02:00,12.8,12.8,13.4,11.9,94.0,21.7,80.0,0.0,0.0,0.0,0.0,0.0,0.0,0.0,34.7,280.6,0.0,2.5,298.0,1003.9,1003.9,2.7,4.9
2024-07-15 02:55:00+02:00,12.7,12.7,13.1,11.7,94.0,21.6,80.0,0.0,0.0,0.0,0.0,0.0,0.0,0.0,34.7,280.6,0.4,2.2,95.0,1003.7,1003.7,2.7,4.9
2024-07-15 03:00:00+02:00,12.6,12.6,13.0,11.7,94.0,21.5,80.0,0.0,0.0,0.0,0.0,0.0,0.0,0.0,34.7,280.6,0.5,2.9,146.0,1003.8,1003.8,2.7,4.9
2024-07-15 03:05:00+02:00,12.7,12.7,13.0,11.7,94.0,21.5,80.0,0.0,0.0,0.0,0.0,0.0,0.0,0.0,34.7,280.6,0.7,2.5,195.0,1004.0,1004.0,2.7,4.9
2024-07-15 03:10:00+02:00,12.7,12.7,13.0,11.9,95.0,21.4,80.0,0.0,0.0,0.0,0.0,0.0,0.0,0.0,34.7,280.6,1.4,4.0,90.0,1004.0,1004.0,2.7,4.9
2024-07-15 03:15:00+02:00,12.6,12.6,12.8,11.9,95.0,21.3,80.0,0.0,0.0,0.0,0.0,0.0,0.0,0.0,34.7,280.6,2.1,4.3,121.0,1004.0,1004.0,2.7,4.9
2024-07-15 03:20:00+02:00,12.5,12.5,12.5,11.7,95.0,21.3,80.0,0.0,0.0,0.0,0.0,0.0,0.0,0.0,34.7,280.6,2.6,4.0,107.0,1003.9,1003.9,2.7,4.9
2024-07-15 03:25:00+02:00,12.4,12.4,12.5,11.6,95.0,21.2,80.0,0.0,0.0,0.0,0.0,0.0,0.0,0.0,34.7,280.6,1.9,4.0,118.0,1004.1,1004.1,2.7,4.9
2024-07-15 03:30:00+02:00,12.4,12.4,12.6,11.6,95.0,21.1,80.0,0.0,0.0,0.0,0.0,0.0,0.0,0.0,34.7,280.6,1.4,2.9,95.0,1004.0,1004.0,2.7,4.9
2024-07-15 03:35:00+02:00,12.3,12.3,12.4,11.5,95.0,21.1,80.0,0.0,0.0,0.0,0.0,0.0,0.0,0.0,34.7,280.6,2.0,3.2,122.0,1004.0,1004.0,2.7,4.9
2024-07-15 03:40:00+02:00,12.3,12.3,12.3,11.6,96.0,21.0,80.0,0.0,0.0,0.0,0.0,0.0,0.0,0.0,34.7,280.6,2.5,3.6,102.0,1004.0,1004.0,2.7,4.9
2024-07-15 03:45:00+02:00,12.3,12.3,12.4,11.7,96.0,21.0,80.0,0.0,0.0,0.0,0.0,0.0,0.0,0.0,34.7,280.6,2.3,3.2,112.0,1004.0,1004.0,2.7,4.9
2024-07-15 03:50:00+02:00,12.2,12.2,12.3,11.6,96.0,20.9,80.0,0.0,0.0,0.0,0.0,0.0,0.0,0.0,34.7,280.6,2.3,3.2,109.0,1004.0,1004.0,2.7,4.9
2024-07-15 03:55:00+02:00,12.2,12.2,12.3,11.6,96.0,20.8,80.0,0.0,0.0,0.0,0.0,0.0,0.0,0.0,34.7,280.6,2.3,3.6,111.0,1004.0,1004.0,2.7,4.8
2024-07-15 04:00:00+02:00,12.2,12.2,12.4,11.6,96.0,20.8,80.0,0.0,0.0,0.0,0.0,0.0,0.0,0.0,34.7,280.6,1.7,3.6,117.0,1003.9,1003.9,2.7,4.8
2024-07-15 04:05:00+02:00,12.2,12.2,12.3,11.5,96.0,20.7,80.0,0.0,0.0,0.0,0.0,0.0,0.0,0.0,34.7,280.6,1.4,2.5,105.0,1003.7,1003.7,2.7,4.8
2024-07-15 04:10:00+02:00,12.1,12.1,12.4,11.5,96.0,20.7,80.0,0.0,0.0,0.0,0.0,0.0,0.0,0.0,34.7,280.6,0.8,2.5,97.0,1003.8,1003.8,2.7,4.8
2024-07-15 04:15:00+02:00,12.0,12.0,12.4,11.3,96.0,20.6,80.0,0.0,0.0,0.0,0.0,0.0,0.0,0.0,34.7,280.6,0.0,1.8,119.0,1003.8,1003.8,2.7,4.8
2024-07-15 04:20:00+02:00,11.8,11.8,12.1,11.3,96.0,20.5,80.0,0.0,0.0,0.0,0.0,0.0,0.0,0.0,34.7,280.6,0.7,2.2,103.0,1003.9,1003.9,2.7,4.8
2024-07-15 04:25:00+02:00,12.0,12.0,12.3,11.5,97.0,20.5,80.0,0.0,0.0,0.0,0.0,0.0,0.0,0.0,34.7,280.6,0.8,2.5,106.0,1003.8,1003.8,2.7,4.8
2024-07-15 04:30:00+02:00,11.8,11.8,12.3,11.3,97.0,20.3,80.0,0.0,0.0,0.0,0.0,0.0,0.0,0.0,34.7,280.6,0.0,2.2,108.0,1003.7,1003.7,2.7,4.8
2024-07-15 04:35:00+02:00,11.7,11.7,12.0,11.2,96.0,20.3,80.0,0.0,0.0,0.0,0.0,0.0,0.0,0.0,34.7,280.6,0.4,2.2,131.0,1003.7,1003.7,2.7,4.8
2024-07-15 04:40:00+02:00,11.6,11.6,11.9,11.1,97.0,20.3,80.0,0.0,0.0,0.0,0.0,0.0,0.0,0.0,34.7,280.6,0.0,2.2,112.0,1003.8,1003.8,2.7,4.8
2024-07-15 04:45:00+02:00,11.8,11.8,12.1,11.4,97.0,20.3,80.0,0.0,0.0,0.0,0.0,0.0,0.0,0.0,34.7,280.6,0.7,2.5,104.0,1003.8,1003.8,2.7,4.8
2024-07-15 04:50:00+02:00,11.7,11.7,12.0,11.3,97.0,20.2,80.0,0.0,0.0,0.0,0.0,0.0,0.0,0.0,34.7,280.6,0.9,2.5,115.0,1003.8,1003.8,2.7,4.8
2024-07-15 04:55:00+02:00,11.8,11.8,11.9,11.4,97.0,20.2,80.0,0.0,0.0,0.0,0.0,0.0,0.0,0.0,34.7,280.6,2.3,3.2,111.0,1003.8,1003.8,2.7,4.8
2024-07-15 05:00:00+02:00,11.9,11.9,11.8,11.4,97.0,20.1,80.0,0.1,0.0,0.0,0.0,0.0,0.0,0.0,34.7,280.6,2.7,3.6,122.0,1003.9,1003.9,2.7,4.8
2024-07-15 05:05:00+02:00,11.8,11.8,12.0,11.4,97.0,20.0,80.0,0.2,0.0,0.0,0.0,0.0,0.0,0.0,34.7,280.6,1.7,3.6,114.0,1003.8,1003.8,2.7,4.8
2024-07-15 05:10:00+02:00,11.8,11.8,12.0,11.3,97.0,20.0,80.0,0.3,0.0,0.0,0.0,0.0,0.0,0.0,34.7,280.6,1.4,2.5,112.0,1003.9,1003.9,2.7,4.8
2024-07-15 05:15:00+02:00,11.7,11.7,12.0,11.3,97.0,19.9,80.0,0.6,0.0,0.0,0.0,0.0,0.0,0.0,34.7,280.6,0.7,2.5,122.0,1003.9,1003.9,2.7,4.8
2024-07-15 05:20:00+02:00,11.7,11.7,12.0,11.3,97.0,19.8,80.0,1.0,0.0,0.0,0.0,0.0,0.0,0.0,34.7,280.6,0.4,1.8,129.0,1003.9,1003.9,2.7,4.8
2024-07-15 05:25:00+02:00,11.6,11.6,11.9,11.2,97.0,19.8,80.0,1.6,0.0,0.0,0.0,0.0,0.0,0.0,34.7,280.6,0.4,2.2,119.0,1003.9,1003.9,2.7,4.8
2024-07-15 05:30:00+02:00,11.6,11.6,11.9,11.1,97.0,19.8,80.0,2.4,0.0,0.0,0.0,0.0,0.0,0.0,34.7,280.6,0.4,2.2,112.0,1003.9,1003.9,2.7,4.8
2024-07-15 05:35:00+02:00,11.5,11.5,11.8,11.1,97.0,19.7,80.0,3.2,0.0,0.0,0.0,0.0,0.0,0.0,34.7,280.6,0.0,1.8,96.0,1003.9,1003.9,2.7,4.8
2024-07-15 05:40:00+02:00,11.4,11.4,11.7,11.0,97.0,19.7,80.0,4.3,0.0,0.0,0.0,0.0,0.0,0.0,34.7,280.6,0.5,2.5,101.0,1004.0,1004.0,2.7,4.8
2024-07-15 05:45:00+02:00,11.7,11.7,11.6,11.3,97.0,19.6,80.0,5.7,0.0,0.0,0.0,0.0,0.0,0.0,34.7,280.6,2.7,3.2,119.0,1004.0,1004.0,2.7,4.7
2024-07-15 05:50:00+02:00,11.8,11.8,11.9,11.3,97.0,19.6,80.0,7.3,0.0,0.0,0.0,0.0,0.0,0.0,34.7,280.6,1.5,3.2,112.0,1003.9,1003.9,2.7,4.7
2024-07-15 05:55:00+02:00,11.7,11.7,11.8,11.3,97.0,19.6,80.0,9.1,0.0,0.0,0.0,0.0,0.0,0.0,34.7,280.6,1.3,2.5,117.0,1004.0,1004.0,2.7,4.7
2024-07-15 06:00:00+02:00,11.6,11.6,11.9,11.2,97.0,19.5,80.0,10.8,0.0,0.0,0.0,0.0,0.0,0.0,34.7,280.6,0.4,2.2,113.0,1003.9,1003.9,2.7,4.7
2024-07-15 06:05:00+02:00,11.6,11.6,11.8,11.1,97.0,19.5,80.0,12.7,0.0,0.0,0.0,0.0,0.0,0.0,34.7,280.6,0.7,2.2,111.0,1004.0,1004.0,2.7,4.7
2024-07-15 06:10:00+02:00,11.5,11.5,11.8,11.1,97.0,19.4,80.0,15.0,0.0,0.0,0.0,0.0,0.0,0.0,34.7,280.6,0.4,2.5,105.0,1003.9,1003.9,2.7,4.7
2024-07-15 06:15:00+02:00,11.7,11.7,11.9,11.4,98.0,19.4,80.0,17.1,0.0,0.0,0.0,0.0,0.0,0.0,34.7,280.6,0.9,2.5,121.0,1004.0,1004.0,2.7,4.7
2024-07-15 06:20:00+02:00,11.6,11.6,12.0,11.2,97.0,19.4,80.0,18.9,0.0,0.0,0.0,0.0,0.0,0.0,34.7,280.6,0.0,0.0,126.0,1003.9,1003.9,2.7,4.7
2024-07-15 06:25:00+02:00,11.8,11.8,12.2,11.3,97.0,19.3,80.0,20.9,0.0,0.0,0.0,0.0,0.0,0.0,34.7,280.6,0.0,2.2,111.0,1003.9,1003.9,2.7,4.7
2024-07-15 06:30:00+02:00,11.9,11.9,12.2,11.5,98.0,19.3,81.0,22.7,0.0,0.0,0.0,0.0,0.0,0.0,34.7,280.6,0.9,2.5,116.0,1004.0,1004.0,2.7,4.7
2024-07-15 06:35:00+02:00,12.1,12.1,12.4,11.8,98.0,19.3,81.0,24.3,0.0,0.0,0.0,0.0,0.0,0.0,34.7,280.6,1.2,2.5,103.0,1004.0,1004.0,2.7,4.7
2024-07-15 06:40:00+02:00,12.3,12.3,12.9,12.0,98.0,19.3,81.0,37.8,0.0,0.0,0.0,0.0,0.0,0.0,34.7,280.6,0.0,2.5,104.0,1003.9,1003.9,2.7,4.7
2024-07-15 06:45:00+02:00,12.6,12.6,13.0,12.1,97.0,19.3,81.0,42.1,0.0,0.0,0.0,0.0,0.0,0.0,34.7,280.6,1.2,2.5,116.0,1003.9,1003.9,2.7,4.7
2024-07-15 06:50:00+02:00,12.9,12.9,13.6,12.5,97.0,19.3,81.0,46.2,0.0,0.0,0.0,0.0,0.0,0.0,34.7,280.6,0.4,2.5,120.0,1003.9,1003.9,2.7,4.7
2024-07-15 06:55:00+02:00,13.3,13.3,14.1,12.8,97.0,19.3,81.0,51.1,0.0,0.0,0.0,0.0,0.0,0.0,34.7,280.6,0.4,2.2,119.0,1003.9,1003.9,2.7,4.7
2024-07-15 07:00:00+02:00,13.5,13.5,14.4,12.9,96.0,19.4,81.0,51.9,0.0,0.0,0.0,0.0,0.0,0.0,34.7,280.6,0.0,2.5,112.0,1003.8,1003.8,2.7,4.7
2024-07-15 07:05:00+02:00,13.6,13.6,14.3,12.9,96.0,19.4,81.0,32.7,0.0,0.0,0.0,0.0,0.0,0.0,34.7,280.6,0.7,2.2,131.0,1003.8,1003.8,2.7,4.8
2024-07-15 07:10:00+02:00,13.5,13.5,13.9,12.4,94.0,19.5,81.0,34.0,0.0,0.0,0.0,0.0,0.0,0.0,34.7,280.6,1.5,4.0,118.0,1003.8,1003.8,2.7,4.8
2024-07-15 07:15:00+02:00,13.8,13.8,14.2,12.4,91.0,19.5,81.0,35.4,0.0,0.0,0.0,0.0,0.0,0.0,34.7,280.6,1.7,3.2,143.0,1003.8,1003.8,2.7,4.8
2024-07-15 07:20:00+02:00,14.2,14.2,14.6,12.4,89.0,19.6,81.0,37.1,0.0,0.0,0.0,0.0,0.0,0.0,34.7,280.6,2.0,4.7,127.0,1003.8,1003.8,2.7,4.8
2024-07-15 07:25:00+02:00,14.7,14.7,15.0,12.4,86.0,19.6,81.0,38.8,0.0,0.0,0.0,0.0,0.0,0.0,34.7,280.6,2.2,4.7,119.0,1003.7,1003.7,2.7,4.8
2024-07-15 07:30:00+02:00,15.1,15.1,15.4,12.6,85.0,19.6,81.0,40.7,0.0,0.0,0.0,0.0,0.0,0.0,34.7,280.6,2.6,4.7,118.0,1003.8,1003.8,2.7,4.8
2024-07-15 07:35:00+02:00,15.4,15.4,15.7,12.7,84.0,19.7,81.0,42.2,0.0,0.0,0.0,0.0,0.0,0.0,34.7,280.6,2.5,4.0,111.0,1003.8,1003.8,2.7,4.8
2024-07-15 07:40:00+02:00,15.7,15.7,16.1,12.7,82.0,19.7,81.0,42.9,0.0,0.0,0.0,0.0,0.0,0.0,34.7,280.6,2.2,4.7,124.0,1003.8,1003.8,2.7,4.8
2024-07-15 07:45:00+02:00,16.1,16.1,16.4,12.8,81.0,19.7,81.0,43.9,0.0,0.0,0.0,0.0,0.0,0.0,34.7,280.6,3.0,5.0,120.0,1003.7,1003.7,2.7,4.8
2024-07-15 07:50:00+02:00,16.3,16.3,16.8,12.9,80.0,19.7,81.0,45.3,0.0,0.0,0.0,0.0,0.0,0.0,34.7,280.6,2.3,5.4,111.0,1003.8,1003.8,2.7,4.8
2024-07-15 07:55:00+02:00,16.5,16.5,17.0,13.1,80.0,19.8,81.0,46.4,0.0,0.0,0.0,0.0,0.0,0.0,34.7,280.6,2.2,3.2,113.0,1003.9,1003.9,2.7,4.8
2024-07-15 08:00:00+02:00,16.8,16.8,17.3,13.1,79.0,19.8,81.0,47.9,0.0,0.0,0.0,0.0,0.0,0.0,34.7,280.6,2.2,6.1,116.0,1003.9,1003.9,2.7,4.8
2024-07-15 08:05:00+02:00,17.2,17.2,17.6,13.2,77.0,19.8,81.0,49.5,0.0,0.0,0.0,0.0,0.0,0.0,34.7,280.6,3.2,5.4,116.0,1003.7,1003.7,2.7,4.8
2024-07-15 08:10:00+02:00,17.5,17.5,17.9,13.2,76.0,19.8,82.0,51.0,0.0,0.0,0.0,0.0,0.0,0.0,34.7,280.6,3.0,4.7,108.0,1003.8,1003.8,2.7,4.8
2024-07-15 08:15:00+02:00,17.8,17.8,18.3,13.0,74.0,19.9,82.0,52.7,0.0,0.0,0.0,0.0,0.0,0.0,34.7,280.6,2.3,5.8,115.0,1003.8,1003.8,2.7,4.8
2024-07-15 08:20:00+02:00,18.1,18.1,18.6,13.1,72.0,19.9,82.0,54.4,0.0,0.0,0.0,0.0,0.0,0.0,34.7,280.6,2.4,4.0,124.0,1003.8,1003.8,2.7,4.8
2024-07-15 08:25:00+02:00,18.2,18.2,18.7,13.2,73.0,20.0,82.0,56.4,0.0,0.0,0.0,0.0,0.0,0.0,34.7,280.6,2.9,5.8,137.0,1003.6,1003.6,2.7,4.8
2024-07-15 08:30:00+02:00,18.5,18.5,18.8,13.1,71.0,20.0,82.0,167.2,1.0,0.0,0.0,0.0,0.0,0.0,34.7,280.6,3.1,6.1,127.0,1003.6,1003.6,2.7,4.8
2024-07-15 08:35:00+02:00,19.0,19.0,19.4,13.3,70.0,20.0,82.0,180.6,1.0,0.0,0.0,0.0,0.0,0.0,34.7,280.6,3.0,6.1,144.0,1003.7,1003.7,2.7,4.9
2024-07-15 08:40:00+02:00,19.3,19.3,19.7,13.3,68.0,20.1,83.0,192.1,1.0,0.0,0.0,0.0,0.0,0.0,34.7,280.6,3.1,4.7,141.0,1003.7,1003.7,2.7,4.9
2024-07-15 08:45:00+02:00,19.6,19.6,20.0,13.3,67.0,20.1,83.0,211.6,1.0,0.0,0.0,0.0,0.0,0.0,34.7,280.6,2.9,7.2,133.0,1003.8,1003.8,2.7,5.0
2024-07-15 08:50:00+02:00,19.8,19.8,19.9,13.1,65.0,20.2,83.0,234.8,2.0,0.0,0.0,0.0,0.0,0.0,34.7,280.6,5.0,7.6,136.0,1003.7,1003.7,2.7,5.0
2024-07-15 08:55:00+02:00,20.0,20.0,19.5,12.9,64.0,20.3,83.0,252.7,2.0,0.0,0.0,0.0,0.0,0.0,34.7,280.6,7.1,9.4,132.0,1003.9,1003.9,2.7,5.0
2024-07-15 09:00:00+02:00,20.3,20.3,20.6,13.0,63.0,20.5,84.0,263.3,2.0,0.0,0.0,0.0,0.0,0.0,34.7,280.6,3.1,9.7,128.0,1003.7,1003.7,2.7,5.0
2024-07-15 09:05:00+02:00,20.6,20.6,20.7,13.2,63.0,20.8,84.0,277.9,2.0,0.0,0.0,0.0,0.0,0.0,34.7,280.6,4.6,7.6,137.0,1003.7,1003.7,2.7,5.2
2024-07-15 09:10:00+02:00,20.8,20.8,20.9,13.3,62.0,21.0,84.0,293.3,2.0,0.0,0.0,0.0,0.0,0.0,34.7,280.6,4.5,8.6,121.0,1003.7,1003.7,2.7,5.2
2024-07-15 09:15:00+02:00,21.0,21.0,21.2,13.2,61.0,21.3,84.0,309.5,2.0,0.0,0.0,0.0,0.0,0.0,34.7,280.6,3.8,7.2,136.0,1003.6,1003.6,2.7,5.2
2024-07-15 09:20:00+02:00,21.3,21.3,21.5,13.4,61.0,21.6,84.0,325.9,3.0,0.0,0.0,0.0,0.0,0.0,34.7,280.6,4.4,8.6,137.0,1003.5,1003.5,2.7,5.2
2024-07-15 09:25:00+02:00,21.4,21.4,21.6,13.7,61.0,21.9,84.0,341.4,3.0,0.0,0.0,0.0,0.0,0.0,34.7,280.6,4.8,9.4,135.0,1003.5,1003.5,2.7,5.2
2024-07-15 09:30:00+02:00,21.7,21.7,21.7,13.4,59.0,22.2,83.0,351.9,3.0,0.0,0.0,0.0,0.0,0.0,34.7,280.6,5.6,9.0,146.0,1003.5,1003.5,2.7,5.2
2024-07-15 09:35:00+02:00,21.7,21.7,21.5,13.2,58.0,22.5,83.0,361.3,3.0,0.0,0.0,0.0,0.0,0.0,34.7,280.6,6.4,14.4,123.0,1003.5,1003.5,2.7,5.3
2024-07-15 09:40:00+02:00,21.5,21.5,21.0,12.7,57.0,22.7,83.0,369.0,3.0,0.0,0.0,0.0,0.0,0.0,34.7,280.6,6.9,16.6,141.0,1003.5,1003.5,2.7,5.3
2024-07-15 09:45:00+02:00,21.5,21.5,21.2,12.7,58.0,23.0,83.0,369.8,3.0,0.0,0.0,0.0,0.0,0.0,34.7,280.6,5.7,12.6,134.0,1003.5,1003.5,2.7,5.3
2024-07-15 09:50:00+02:00,21.8,21.8,21.5,12.7,56.0,23.2,83.0,375.7,3.0,0.0,0.0,0.0,0.0,0.0,34.7,280.6,5.9,11.2,141.0,1003.5,1003.5,2.7,5.3
2024-07-15 09:55:00+02:00,21.7,21.7,21.6,12.5,56.0,23.5,83.0,377.1,3.0,0.0,0.0,0.0,0.0,0.0,34.7,280.6,4.5,12.6,127.0,1003.5,1003.5,2.7,5.3
2024-07-15 10:00:00+02:00,22.1,22.1,21.8,12.5,55.0,23.8,82.0,385.2,3.0,0.0,0.0,0.0,0.0,0.0,34.7,280.6,5.6,11.9,141.0,1003.5,1003.5,2.7,5.3
2024-07-15 10:05:00+02:00,22.2,22.2,21.8,12.6,55.0,24.0,82.0,398.7,3.0,0.0,0.0,0.0,0.0,0.0,34.7,280.6,6.3,11.5,131.0,1003.4,1003.4,2.7,5.3
2024-07-15 10:10:00+02:00,22.4,22.4,22.1,13.0,55.0,24.3,81.0,403.8,3.0,0.0,0.0,0.0,0.0,0.0,34.7,280.6,6.3,14.0,148.0,1003.3,1003.3,2.7,5.3
2024-07-15 10:15:00+02:00,22.6,22.6,22.6,13.2,56.0,24.6,81.0,421.2,3.0,0.0,0.0,0.0,0.0,0.0,34.7,280.6,4.8,12.2,166.0,1003.3,1003.3,2.7,5.3
2024-07-15 10:20:00+02:00,23.2,23.2,23.0,13.4,54.0,24.9,81.0,433.7,4.0,0.0,0.0,0.0,0.0,0.0,34.7,280.6,6.3,11.2,144.0,1003.4,1003.4,2.7,5.3
2024-07-15 10:25:00+02:00,22.2,22.2,21.5,12.8,55.0,25.1,80.0,431.7,4.0,0.0,0.0,0.0,0.0,0.0,34.7,280.6,7.8,13.7,128.0,1003.2,1003.2,2.7,5.3
2024-07-15 10:30:00+02:00,22.5,22.5,22.5,13.0,55.0,25.3,80.0,449.4,4.0,0.0,0.0,0.0,0.0,0.0,34.7,280.6,4.7,13.0,131.0,1003.2,1003.2,2.7,5.3
2024-07-15 10:35:00+02:00,22.7,22.7,22.9,13.1,54.0,25.7,79.0,450.1,4.0,0.0,0.0,0.0,0.0,0.0,34.7,280.6,3.8,13.0,137.0,1003.0,1003.0,2.7,5.3
2024-07-15 10:40:00+02:00,22.7,22.7,22.9,12.6,53.0,26.0,79.0,453.4,4.0,0.0,0.0,0.0,0.0,0.0,34.7,280.6,3.5,10.4,113.0,1003.0,1003.0,2.7,5.3
2024-07-15 10:45:00+02:00,23.3,23.3,23.2,12.9,52.0,26.2,79.0,467.1,4.0,0.0,0.0,0.0,0.0,0.0,34.7,280.6,5.2,14.4,158.0,1002.9,1002.9,2.7,5.3
2024-07-15 10:50:00+02:00,22.7,22.7,22.2,12.9,54.0,26.4,78.0,495.1,4.0,0.0,0.0,0.0,0.0,0.0,34.7,280.6,6.8,17.3,133.0,1003.0,1003.0,2.7,5.3
2024-07-15 10:55:00+02:00,23.3,23.3,23.6,12.8,52.0,26.6,78.0,501.5,4.0,0.0,0.0,0.0,0.0,0.0,34.7,280.6,2.6,11.5,142.0,1003.0,1003.0,2.7,5.3
2024-07-15 11:00:00+02:00,24.0,24.0,24.1,12.8,50.0,26.9,77.0,504.7,4.0,0.0,0.0,0.0,0.0,0.0,34.7,280.6,3.5,7.9,131.0,1003.0,1003.0,2.7,5.3
2024-07-15 11:05:00+02:00,24.0,24.0,24.2,12.7,49.0,27.1,77.0,521.2,4.0,0.0,0.0,0.0,0.0,0.0,34.7,280.6,3.6,7.9,167.0,1002.9,1002.9,2.7,5.3
2024-07-15 11:10:00+02:00,24.1,24.1,23.4,13.3,51.0,27.4,77.0,518.1,4.0,0.0,0.0,0.0,0.0,0.0,34.7,280.6,8.6,12.6,136.0,1002.9,1002.9,2.7,5.3
2024-07-15 11:15:00+02:00,23.3,23.3,22.9,12.8,52.0,27.7,76.0,515.1,4.0,0.0,0.0,0.0,0.0,0.0,34.7,280.6,6.8,15.1,147.0,1003.0,1003.0,2.7,5.3
2024-07-15 11:20:00+02:00,23.7,23.7,24.0,13.5,53.0,27.9,76.0,516.3,4.0,0.0,0.0,0.0,0.0,0.0,34.7,280.6,4.3,15.1,142.0,1002.9,1002.9,2.7,5.3
2024-07-15 11:25:00+02:00,23.8,23.8,23.9,13.0,51.0,28.2,75.0,515.5,4.0,0.0,0.0,0.0,0.0,0.0,34.7,280.6,4.5,10.4,119.0,1002.9,1002.9,2.7,5.3
2024-07-15 11:30:00+02:00,24.0,24.0,24.4,12.4,48.0,28.4,75.0,532.2,4.0,0.0,0.0,0.0,0.0,0.0,34.7,280.6,1.6,10.8,187.0,1002.9,1002.9,2.7,5.3
2024-07-15 11:35:00+02:00,24.4,24.4,24.3,13.3,50.0,28.7,75.0,538.3,5.0,0.0,0.0,0.0,0.0,0.0,34.7,280.6,5.8,10.1,134.0,1002.8,1002.8,2.7,5.3
2024-07-15 11:40:00+02:00,24.5,24.5,24.2,12.9,48.0,29.0,74.0,562.2,5.0,0.0,0.0,0.0,0.0,0.0,34.7,280.6,6.6,15.8,130.0,1002.8,1002.8,2.7,5.3
2024-07-15 11:45:00+02:00,23.8,23.8,23.7,13.1,51.0,29.2,74.0,555.2,5.0,0.0,0.0,0.0,0.0,0.0,34.7,280.6,5.8,15.8,131.0,1002.7,1002.7,2.7,5.3
2024-07-15 11:50:00+02:00,24.0,24.0,24.0,12.8,50.0,29.4,74.0,544.1,5.0,0.0,0.0,0.0,0.0,0.0,34.7,280.6,4.4,15.5,102.0,1002.8,1002.8,2.7,5.3
2024-07-15 11:55:00+02:00,24.1,24.1,24.0,12.6,49.0,29.6,74.0,560.1,5.0,0.0,0.0,0.0,0.0,0.0,34.7,280.6,4.1,11.5,147.0,1002.8,1002.8,2.7,5.3
2024-07-15 12:00:00+02:00,24.9,24.9,25.1,12.3,45.0,29.8,74.0,578.8,5.0,0.0,0.0,0.0,0.0,0.0,34.7,280.6,2.7,7.6,263.0,1002.8,1002.8,2.7,5.3
2024-07-15 12:05:00+02:00,25.4,25.4,25.1,12.9,46.0,30.0,73.0,547.8,5.0,0.0,0.0,0.0,0.0,0.0,34.7,280.6,5.8,9.4,164.0,1002.7,1002.7,2.7,5.3
2024-07-15 12:10:00+02:00,24.5,24.5,24.0,13.1,49.0,30.2,73.0,559.1,5.0,0.0,0.0,0.0,0.0,0.0,34.7,280.6,7.5,15.8,140.0,1002.7,1002.7,2.7,5.3
2024-07-15 12:15:00+02:00,23.9,23.9,22.8,12.6,49.0,30.3,73.0,573.6,5.0,0.0,0.0,0.0,0.0,0.0,34.7,280.6,10.2,16.2,132.0,1002.6,1002.6,2.7,5.3
2024-07-15 12:20:00+02:00,23.8,23.8,23.3,12.3,49.0,30.5,73.0,575.3,5.0,0.0,0.0,0.0,0.0,0.0,34.7,280.6,5.8,14.4,153.0,1002.6,1002.6,2.7,5.3
2024-07-15 12:25:00+02:00,24.7,24.7,24.6,12.5,47.0,30.7,72.0,589.9,5.0,0.0,0.0,0.0,0.0,0.0,34.7,280.6,4.3,13.0,120.0,1002.6,1002.6,2.7,5.3
2024-07-15 12:30:00+02:00,24.6,24.6,24.3,12.4,47.0,30.8,72.0,624.5,5.0,0.0,0.0,0.0,0.0,0.0,34.7,280.6,5.5,11.5,148.0,1002.5,1002.5,2.7,5.3
2024-07-15 12:35:00+02:00,24.4,24.4,23.5,11.8,45.0,31.0,72.0,637.0,5.0,0.0,0.0,0.0,0.0,0.0,34.7,280.6,7.9,12.2,129.0,1002.5,1002.5,2.7,5.3
2024-07-15 12:40:00+02:00,25.2,25.2,25.2,11.8,43.0,31.2,72.0,652.4,6.0,0.0,0.0,0.0,0.0,0.0,34.7,280.6,2.7,12.2,129.0,1002.4,1002.4,2.7,5.3
2024-07-15 12:45:00+02:00,26.2,26.2,26.5,12.0,41.0,31.3,72.0,591.2,5.0,0.0,0.0,0.0,0.0,0.0,34.7,280.6,1.6,5.4,148.0,1002.4,1002.4,2.7,5.3
2024-07-15 12:50:00+02:00,25.5,25.5,24.9,11.5,42.0,31.4,72.0,642.5,5.0,0.0,0.0,0.0,0.0,0.0,34.7,280.6,5.5,12.6,145.0,1002.3,1002.3,2.7,5.3
2024-07-15 12:55:00+02:00,25.8,25.8,26.0,11.5,41.0,31.5,72.0,606.9,5.0,0.0,0.0,0.0,0.0,0.0,34.7,280.6,1.7,7.9,149.0,1002.3,1002.3,2.7,5.3
2024-07-15 13:00:00+02:00,25.2,25.2,24.4,12.4,45.0,31.7,72.0,595.3,5.0,0.0,0.0,0.0,0.0,0.0,34.7,280.6,7.9,17.6,127.0,1002.3,1002.3,2.7,5.3
2024-07-15 13:05:00+02:00,24.9,24.9,24.5,11.5,43.0,31.8,72.0,604.0,5.0,0.0,0.0,0.0,0.0,0.0,34.7,280.6,4.6,10.8,121.0,1002.3,1002.3,2.7,5.3
2024-07-15 13:10:00+02:00,26.0,26.0,25.5,11.7,41.0,31.9,72.0,610.3,5.0,0.0,0.0,0.0,0.0,0.0,34.7,280.6,5.4,10.8,138.0,1002.1,1002.1,2.7,5.3
2024-07-15 13:15:00+02:00,25.4,25.4,25.0,12.1,44.0,32.0,72.0,629.8,5.0,0.0,0.0,0.0,0.0,0.0,34.7,280.6,5.5,12.2,154.0,1002.1,1002.1,2.7,5.3
2024-07-15 13:20:00+02:00,26.2,26.2,26.1,10.9,38.0,32.1,71.0,583.9,5.0,0.0,0.0,0.0,0.0,0.0,34.7,280.6,2.3,5.8,290.0,1002.0,1002.0,2.7,5.3
2024-07-15 13:25:00+02:00,26.2,26.2,26.0,11.3,39.0,32.2,71.0,629.9,5.0,0.0,0.0,0.0,0.0,0.0,34.7,280.6,2.7,7.6,358.0,1002.0,1002.0,2.7,5.3
2024-07-15 13:30:00+02:00,25.9,25.9,25.4,11.1,39.0,32.3,71.0,630.2,5.0,0.0,0.0,0.0,0.0,0.0,34.7,280.6,4.9,11.9,262.0,1001.9,1001.9,2.7,5.3
2024-07-15 13:35:00+02:00,26.3,26.3,25.8,10.9,38.0,32.4,71.0,636.1,5.0,0.0,0.0,0.0,0.0,0.0,34.7,280.6,4.3,13.3,115.0,1001.8,1001.8,2.7,5.3
2024-07-15 13:40:00+02:00,26.4,26.3,26.4,11.5,40.0,32.6,71.0,627.7,5.0,0.0,0.0,0.0,0.0,0.0,34.7,280.6,2.3,11.2,155.0,1001.7,1001.7,2.7,5.3
2024-07-15 13:45:00+02:00,26.3,26.3,25.2,11.3,39.0,32.7,72.0,638.3,5.0,0.0,0.0,0.0,0.0,0.0,34.7,280.6,7.9,14.0,136.0,1001.7,1001.7,2.7,5.3
2024-07-15 13:50:00+02:00,25.9,25.9,25.3,11.4,40.0,32.8,72.0,636.6,5.0,0.0,0.0,0.0,0.0,0.0,34.7,280.6,5.0,12.6,138.0,1001.5,1001.5,2.7,5.3
2024-07-15 13:55:00+02:00,26.0,26.0,25.2,11.5,40.0,32.9,73.0,636.8,5.0,0.0,0.0,0.0,0.0,0.0,34.7,280.6,6.2,15.1,139.0,1001.6,1001.6,2.7,5.3
2024-07-15 14:00:00+02:00,26.5,26.4,26.4,11.4,39.0,33.0,73.0,637.5,5.0,0.0,0.0,0.0,0.0,0.0,34.7,280.6,2.4,7.2,79.0,1001.6,1001.6,2.7,5.3
2024-07-15 14:05:00+02:00,26.8,26.7,26.3,10.7,37.0,33.0,74.0,630.6,5.0,0.0,0.0,0.0,0.0,0.0,34.7,280.6,4.2,9.0,307.0,1001.4,1001.4,2.7,5.3
2024-07-15 14:10:00+02:00,27.3,26.9,26.7,11.2,37.0,33.1,74.0,624.4,5.0,0.0,0.0,0.0,0.0,0.0,34.7,280.6,4.9,9.7,147.0,1001.4,1001.4,2.7,5.3
2024-07-15 14:15:00+02:00,27.0,26.7,26.7,10.9,37.0,33.1,74.0,615.7,5.0,0.0,0.0,0.0,0.0,0.0,34.7,280.6,3.5,10.4,28.0,1001.3,1001.3,2.7,5.3
2024-07-15 14:20:00+02:00,27.1,26.9,26.6,10.4,35.0,33.1,74.0,608.5,5.0,0.0,0.0,0.0,0.0,0.0,34.7,280.6,3.5,10.1,117.0,1001.2,1001.2,2.7,5.3
2024-07-15 14:25:00+02:00,27.5,27.1,27.2,11.5,37.0,33.1,75.0,606.3,5.0,0.0,0.0,0.0,0.0,0.0,34.7,280.6,3.6,16.2,141.0,1001.4,1001.4,2.7,5.3
2024-07-15 14:30:00+02:00,26.5,26.5,25.8,11.1,38.0,33.2,75.0,601.8,5.0,0.0,0.0,0.0,0.0,0.0,34.7,280.6,5.0,16.2,122.0,1001.2,1001.2,2.7,5.3
2024-07-15 14:35:00+02:00,26.8,26.7,26.5,11.1,37.0,33.2,75.0,602.3,5.0,0.0,0.0,0.0,0.0,0.0,34.7,280.6,3.5,12.6,151.0,1001.1,1001.1,2.7,5.3
2024-07-15 14:40:00+02:00,28.1,27.8,27.9,11.4,35.0,33.3,75.0,605.4,5.0,0.0,0.0,0.0,0.0,0.0,34.7,280.6,3.1,5.8,149.0,1001.1,1001.1,2.7,5.3
2024-07-15 14:45:00+02:00,28.0,27.6,27.6,11.5,36.0,33.3,75.0,611.8,5.0,0.0,0.0,0.0,0.0,0.0,34.7,280.6,4.4,13.0,90.0,1001.2,1001.2,2.7,5.3
2024-07-15 14:50:00+02:00,28.3,28.0,27.9,11.3,35.0,33.3,75.0,618.5,5.0,0.0,0.0,0.0,0.0,0.0,34.7,280.6,4.1,13.0,141.0,1001.0,1001.0,2.7,5.3
2024-07-15 14:55:00+02:00,27.8,27.5,27.5,10.6,34.0,33.4,75.0,613.5,5.0,0.0,0.0,0.0,0.0,0.0,34.7,280.6,2.3,10.8,137.0,1001.0,1001.0,2.7,5.3
2024-07-15 15:00:00+02:00,27.6,27.3,28.0,11.7,37.0,33.4,75.0,615.6,5.0,0.0,0.0,0.0,0.0,0.0,34.7,280.6,1.0,4.7,124.0,1000.9,1000.9,2.7,5.3
2024-07-15 15:05:00+02:00,27.6,27.1,26.9,11.0,36.0,33.4,75.0,613.6,5.0,0.0,0.0,0.0,0.0,0.0,34.7,280.6,5.1,12.2,138.0,1000.9,1000.9,2.7,5.3
2024-07-15 15:10:00+02:00,28.0,27.9,27.2,10.5,34.0,33.4,75.0,612.5,5.0,0.0,0.0,0.0,0.0,0.0,34.7,280.6,4.7,10.1,24.0,1000.9,1000.9,2.7,5.3
2024-07-15 15:15:00+02:00,27.9,27.6,27.0,10.7,34.0,33.4,76.0,587.9,5.0,0.0,0.0,0.0,0.0,0.0,34.7,280.6,6.0,10.1,135.0,1000.8,1000.8,2.7,5.3
2024-07-15 15:20:00+02:00,27.5,27.2,26.5,10.6,35.0,33.5,76.0,592.3,5.0,0.0,0.0,0.0,0.0,0.0,34.7,280.6,6.6,11.9,125.0,1000.9,1000.9,2.7,5.3
2024-07-15 15:25:00+02:00,27.5,27.5,27.5,9.8,33.0,33.5,76.0,588.6,5.0,0.0,0.0,0.0,0.0,0.0,34.7,280.6,0.0,6.1,304.0,1000.7,1000.7,2.7,5.3
2024-07-15 15:35:00+02:00,27.8,27.5,27.3,10.5,34.0,33.5,76.0,602.0,5.0,0.0,0.0,0.0,0.0,0.0,34.7,280.6,3.7,6.5,180.0,1000.6,1000.6,2.7,5.3
2024-07-15 15:40:00+02:00,27.7,27.4,27.0,10.9,35.0,33.5,76.0,591.5,5.0,0.0,0.0,0.0,0.0,0.0,34.7,280.6,5.4,15.5,146.0,1000.7,1000.7,2.7,5.3
2024-07-15 15:45:00+02:00,27.5,27.3,27.1,10.0,33.0,33.5,77.0,583.8,5.0,0.0,0.0,0.0,0.0,0.0,34.7,280.6,2.5,7.2,118.0,1000.5,1000.5,2.7,5.3
2024-07-15 15:50:00+02:00,28.1,28.1,27.4,10.5,34.0,33.6,77.0,574.0,5.0,0.0,0.0,0.0,0.0,0.0,34.7,280.6,4.0,12.2,126.0,1000.5,1000.5,2.7,5.3
2024-07-15 15:55:00+02:00,28.4,28.3,27.8,10.5,33.0,33.6,77.0,531.6,4.0,0.0,0.0,0.0,0.0,0.0,34.7,280.6,4.2,11.5,122.0,1000.6,1000.6,2.7,5.3
2024-07-15 16:00:00+02:00,27.5,27.3,25.8,10.0,34.0,33.6,77.0,500.2,4.0,0.0,0.0,0.0,0.0,0.0,34.7,280.6,9.2,18.7,127.0,1000.5,1000.5,2.7,5.3
2024-07-15 16:05:00+02:00,27.0,27.0,24.7,8.9,32.0,33.5,77.0,448.7,4.0,0.0,0.0,0.0,0.0,0.0,34.7,280.6,10.8,15.1,117.0,1000.5,1000.5,2.7,5.3
2024-07-15 16:15:00+02:00,27.5,27.5,26.7,9.9,33.0,33.5,78.0,458.3,4.0,0.0,0.0,0.0,0.0,0.0,34.7,280.6,4.6,12.2,131.0,1000.4,1000.4,2.7,5.3
2024-07-15 16:20:00+02:00,27.1,27.0,26.3,9.6,33.0,33.5,78.0,315.1,2.0,0.0,0.0,0.0,0.0,0.0,34.7,280.6,4.0,12.6,140.0,1000.4,1000.4,2.7,5.3
2024-07-15 16:25:00+02:00,27.2,27.2,26.2,8.6,31.0,33.4,78.0,363.3,3.0,0.0,0.0,0.0,0.0,0.0,34.7,280.6,3.2,7.6,120.0,1000.3,1000.3,2.7,5.3
2024-07-15 16:30:00+02:00,27.5,27.3,26.6,10.2,34.0,33.4,78.0,405.8,3.0,0.0,0.0,0.0,0.0,0.0,34.7,280.6,5.0,9.0,98.0,1000.3,1000.3,2.7,5.3
2024-07-15 16:35:00+02:00,27.2,27.1,27.1,10.0,34.0,33.4,78.0,349.6,3.0,0.0,0.0,0.0,0.0,0.0,34.7,280.6,0.8,9.0,127.0,1000.2,1000.2,2.7,5.3
2024-07-15 16:40:00+02:00,27.7,27.7,27.1,9.5,32.0,33.3,79.0,327.3,3.0,0.0,0.0,0.0,0.0,0.0,34.7,280.6,2.7,6.8,160.0,1000.2,1000.2,2.7,5.3
2024-07-15 16:45:00+02:00,27.2,27.0,26.8,9.8,34.0,33.3,79.0,202.0,1.0,0.0,0.0,0.0,0.0,0.0,34.7,280.6,1.8,6.8,160.0,1000.0,1000.0,2.7,5.3
2024-07-15 16:50:00+02:00,27.3,27.2,26.9,9.9,34.0,33.3,79.0,257.5,2.0,0.0,0.0,0.0,0.0,0.0,34.7,280.6,1.8,5.4,151.0,1000.0,1000.0,2.7,5.3
2024-07-15 16:55:00+02:00,27.4,27.4,26.8,9.7,33.0,33.3,79.0,233.2,2.0,0.0,0.0,0.0,0.0,0.0,34.7,280.6,2.8,10.4,262.0,999.9,999.9,2.7,5.3
2024-07-15 17:00:00+02:00,27.6,27.4,27.4,10.4,34.0,33.3,79.0,219.2,2.0,0.0,0.0,0.0,0.0,0.0,34.7,280.6,1.9,4.7,118.0,999.9,999.9,2.7,5.3
2024-07-15 17:05:00+02:00,27.1,27.0,27.2,11.0,37.0,33.3,79.0,182.1,1.0,0.0,0.0,0.0,0.0,0.0,34.7,280.6,1.3,7.2,160.0,999.8,999.8,2.7,5.3
2024-07-15 17:10:00+02:00,27.1,26.9,26.8,10.4,35.0,33.3,79.0,198.5,1.0,0.0,0.0,0.0,0.0,0.0,34.7,280.6,2.2,9.0,125.0,999.8,999.8,2.7,5.3
2024-07-15 17:15:00+02:00,27.0,26.8,27.0,10.9,36.0,33.2,79.0,456.6,4.0,0.0,0.0,0.0,0.0,0.0,34.7,280.6,1.4,4.7,56.0,999.7,999.7,2.7,5.3
2024-07-15 17:20:00+02:00,27.6,27.2,27.1,11.1,36.0,33.2,79.0,457.9,4.0,0.0,0.0,0.0,0.0,0.0,34.7,280.6,4.5,12.2,138.0,999.8,999.8,2.7,5.3
2024-07-15 17:25:00+02:00,27.5,27.2,26.4,10.4,34.0,33.2,80.0,415.0,3.0,0.0,0.0,0.0,0.0,0.0,34.7,280.6,6.4,11.9,144.0,999.8,999.8,2.7,5.3
2024-07-15 17:30:00+02:00,27.2,26.9,26.3,10.9,36.0,33.2,80.0,384.3,3.0,0.0,0.0,0.0,0.0,0.0,34.7,280.6,6.0,15.5,154.0,999.6,999.6,2.7,5.3
2024-07-15 17:35:00+02:00,27.0,26.6,26.1,10.4,36.0,33.2,80.0,414.0,3.0,0.0,0.0,0.0,0.0,0.0,34.7,280.6,5.5,12.6,158.0,999.4,999.4,2.7,5.3
2024-07-15 17:40:00+02:00,27.3,27.1,26.8,10.4,35.0,33.1,80.0,427.6,3.0,0.0,0.0,0.0,0.0,0.0,34.7,280.6,3.4,8.3,130.0,999.5,999.5,2.7,5.3
2024-07-15 17:45:00+02:00,28.3,27.6,28.3,11.5,35.0,33.1,80.0,405.7,3.0,0.0,0.0,0.0,0.0,0.0,34.7,280.6,2.2,14.4,149.0,999.5,999.5,2.7,5.3
2024-07-15 17:50:00+02:00,27.7,27.5,26.6,10.9,35.0,33.1,80.0,350.4,3.0,0.0,0.0,0.0,0.0,0.0,34.7,280.6,6.9,14.4,159.0,999.5,999.5,2.7,5.3
2024-07-15 17:55:00+02:00,27.5,27.0,26.9,11.3,37.0,33.1,80.0,316.3,2.0,0.0,0.0,0.0,0.0,0.0,34.7,280.6,5.3,10.1,120.0,999.2,999.2,2.7,5.3
2024-07-15 18:00:00+02:00,27.9,27.6,27.9,11.2,35.0,33.0,80.0,300.9,2.0,0.0,0.0,0.0,0.0,0.0,34.7,280.6,1.8,8.3,196.0,999.1,999.1,2.7,5.3
2024-07-15 18:05:00+02:00,27.8,27.5,26.9,11.5,36.0,33.0,80.0,291.4,2.0,0.0,0.0,0.0,0.0,0.0,34.7,280.6,7.3,15.8,157.0,999.1,999.1,2.7,5.3
2024-07-15 18:10:00+02:00,27.4,27.0,26.7,11.2,37.0,32.9,80.0,279.8,2.0,0.0,0.0,0.0,0.0,0.0,34.7,280.6,5.5,12.2,149.0,999.0,999.0,2.7,5.3
2024-07-15 18:15:00+02:00,27.1,26.9,26.9,12.0,39.0,32.9,80.0,85.0,0.0,0.0,0.0,0.0,0.0,0.0,34.7,280.6,3.8,10.8,138.0,999.0,999.0,2.7,5.3
2024-07-15 18:20:00+02:00,26.9,26.7,26.6,11.4,38.0,32.8,80.0,99.9,0.0,0.0,0.0,0.0,0.0,0.0,34.7,280.6,4.1,7.6,146.0,998.8,998.8,2.7,5.3
2024-07-15 18:25:00+02:00,26.8,26.7,26.5,11.5,39.0,32.7,80.0,108.9,1.0,0.0,0.0,0.0,0.0,0.0,34.7,280.6,4.0,11.9,140.0,998.9,998.9,2.7,5.3
2024-07-15 18:30:00+02:00,26.8,26.7,26.5,11.8,39.0,32.7,80.0,107.2,0.0,0.0,0.0,0.0,0.0,0.0,34.7,280.6,4.2,8.6,131.0,998.8,998.8,2.7,5.3
2024-07-15 18:35:00+02:00,26.7,26.6,26.3,11.6,39.0,32.6,80.0,124.4,1.0,0.0,0.0,0.0,0.0,0.0,34.7,280.6,5.0,10.8,149.0,998.9,998.9,2.7,5.3
2024-07-15 18:40:00+02:00,26.6,26.6,25.9,11.5,39.0,32.5,80.0,89.6,0.0,0.0,0.0,0.0,0.0,0.0,34.7,280.6,6.0,15.5,146.0,998.9,998.9,2.7,5.3
2024-07-15 18:45:00+02:00,26.5,26.5,26.8,11.9,40.0,32.4,80.0,83.3,0.0,0.0,0.0,0.0,0.0,0.0,34.7,280.6,1.7,8.3,126.0,998.9,998.9,2.7,5.3
2024-07-15 18:50:00+02:00,26.6,26.6,26.6,12.1,41.0,32.4,80.0,96.3,0.0,0.0,0.0,0.0,0.0,0.0,34.7,280.6,3.1,6.5,126.0,998.8,998.8,2.7,5.3
2024-07-15 18:55:00+02:00,26.6,26.7,26.8,12.3,41.0,32.3,80.0,130.4,1.0,0.0,0.0,0.0,0.0,0.0,34.7,280.6,2.9,5.8,129.0,998.8,998.8,2.7,5.3
2024-07-15 19:00:00+02:00,26.7,26.7,26.9,12.4,41.0,32.2,80.0,107.7,1.0,0.0,0.0,0.0,0.0,0.0,34.7,280.6,2.5,5.8,132.0,998.8,998.8,2.7,5.3
2024-07-15 19:05:00+02:00,26.5,26.5,27.0,12.4,42.0,32.2,80.0,81.9,0.0,0.0,0.0,0.0,0.0,0.0,34.7,280.6,1.1,6.5,115.0,998.9,998.9,2.7,5.3
2024-07-15 19:10:00+02:00,26.3,26.3,26.9,12.5,42.0,32.1,80.0,78.8,0.0,0.0,0.0,0.0,0.0,0.0,34.7,280.6,1.3,4.0,165.0,998.8,998.8,2.7,5.3
2024-07-15 19:15:00+02:00,26.5,26.5,27.0,12.5,42.0,32.1,80.0,76.4,0.0,0.0,0.0,0.0,0.0,0.0,34.7,280.6,1.2,2.9,44.0,998.8,998.8,2.7,5.3
2024-07-15 19:20:00+02:00,26.4,26.4,27.2,13.2,44.0,32.0,80.0,77.0,0.0,0.0,0.0,0.0,0.0,0.0,34.7,280.6,0.9,2.9,144.0,998.9,998.9,2.7,5.3
2024-07-15 19:25:00+02:00,26.3,26.3,27.0,12.3,42.0,32.0,80.0,76.9,0.0,0.0,0.0,0.0,0.0,0.0,34.7,280.6,0.0,3.2,122.0,999.0,999.0,2.7,5.3
2024-07-15 19:35:00+02:00,26.0,26.0,26.5,13.1,45.0,31.8,80.0,63.1,0.0,0.0,0.0,0.0,0.0,0.0,34.7,280.6,2.5,4.7,132.0,999.1,999.1,2.7,5.3
2024-07-15 19:40:00+02:00,26.2,26.2,26.7,12.6,43.0,31.8,80.0,54.5,0.0,0.0,0.0,0.0,0.0,0.0,34.7,280.6,1.0,4.3,49.0,998.9,998.9,2.7,5.3
2024-07-15 19:45:00+02:00,26.1,26.1,27.0,12.9,44.0,31.7,80.0,40.7,0.0,0.0,0.0,0.0,0.0,0.0,34.7,280.6,0.0,2.5,96.0,999.0,999.0,2.7,5.3
2024-07-15 19:50:00+02:00,26.0,26.0,26.9,13.4,46.0,31.7,80.0,34.2,0.0,0.0,0.0,0.0,0.0,0.0,34.7,280.6,0.5,3.2,171.0,999.0,999.0,2.7,5.3
2024-07-15 19:55:00+02:00,25.8,25.8,26.7,12.9,45.0,31.6,80.0,31.2,0.0,0.0,0.0,0.0,0.0,0.0,34.7,280.6,0.0,2.5,217.0,999.0,999.0,2.7,5.3
2024-07-15 20:00:00+02:00,25.7,25.7,26.6,12.7,45.0,31.5,80.0,29.2,0.0,0.0,0.0,0.0,0.0,0.0,34.7,280.6,0.0,2.2,168.0,998.9,998.9,2.7,5.3
2024-07-15 20:05:00+02:00,25.7,25.7,26.5,12.9,45.0,31.5,80.0,28.7,0.0,0.0,0.0,0.0,0.0,0.0,34.7,280.6,0.4,2.2,146.0,998.9,998.9,2.7,5.3
2024-07-15 20:10:00+02:00,25.7,25.7,26.2,12.6,44.0,31.4,80.0,26.5,0.0,0.0,0.0,0.0,0.0,0.0,34.7,280.6,1.4,4.3,280.0,998.9,998.9,2.7,5.3
2024-07-15 20:15:00+02:00,25.7,25.7,26.8,13.5,47.0,31.4,80.0,24.3,0.0,0.0,0.0,0.0,0.0,0.0,34.7,280.6,0.0,2.2,229.0,998.8,998.8,2.7,5.2
2024-07-15 20:20:00+02:00,25.5,25.5,26.7,13.8,48.0,31.3,81.0,17.5,0.0,0.0,0.0,0.0,0.0,0.0,34.7,280.6,0.0,2.2,249.0,998.8,998.8,2.7,5.2
2024-07-15 20:25:00+02:00,25.3,25.3,26.5,13.9,49.0,31.2,81.0,11.4,0.0,0.0,0.0,0.0,0.0,0.0,34.7,280.6,0.0,1.8,254.0,998.7,998.7,2.7,5.2
2024-07-15 20:30:00+02:00,25.0,25.0,26.4,14.3,51.0,31.2,81.0,8.4,0.0,0.0,0.0,0.0,0.0,0.0,34.7,280.6,0.0,1.8,243.0,998.8,998.8,2.7,5.2
2024-07-15 20:35:00+02:00,24.5,24.5,26.0,14.9,55.0,31.1,81.0,6.4,0.0,0.0,0.0,0.0,0.0,0.0,34.7,280.6,0.4,2.5,138.0,999.0,999.0,2.7,5.2
2024-07-15 20:40:00+02:00,23.8,23.8,25.4,15.4,59.0,31.0,80.0,5.4,0.0,0.6,0.1,0.1,0.1,0.1,34.8,280.7,1.2,2.9,122.0,998.9,998.9,2.7,5.2
2024-07-15 20:45:00+02:00,23.3,23.3,25.1,16.1,64.0,31.0,80.0,5.1,0.0,1.2,0.2,0.2,0.2,0.2,34.9,280.8,0.8,2.5,148.0,998.9,998.9,2.7,5.2
2024-07-15 20:50:00+02:00,22.6,22.6,24.5,16.4,68.0,30.8,80.0,4.8,0.0,1.8,0.3,0.3,0.3,0.3,35.0,280.9,1.2,2.9,136.0,998.9,998.9,2.7,5.2
2024-07-15 20:55:00+02:00,22.0,22.0,24.0,16.6,72.0,30.8,80.0,4.5,0.0,1.2,0.4,0.4,0.4,0.4,35.1,281.0,0.7,2.9,140.0,998.9,998.9,2.7,5.2
2024-07-15 21:00:00+02:00,22.0,22.0,24.7,17.8,77.0,30.8,80.0,4.3,0.0,1.2,0.4,0.4,0.4,0.4,35.1,281.0,0.0,2.2,237.0,998.9,998.9,2.7,5.2
2024-07-15 21:05:00+02:00,21.4,21.4,23.6,17.5,78.0,30.7,80.0,4.0,0.0,1.2,0.5,0.5,0.5,0.5,35.2,281.1,2.3,3.6,143.0,998.8,998.8,2.7,5.1
2024-07-15 21:10:00+02:00,20.9,20.9,23.4,17.4,80.0,30.5,79.0,3.4,0.0,0.6,0.5,0.5,0.5,0.5,35.2,281.1,0.4,3.2,144.0,998.7,998.7,2.7,5.1
2024-07-15 21:15:00+02:00,20.8,20.8,23.3,17.3,81.0,30.4,79.0,2.3,0.0,0.6,0.5,0.5,0.5,0.5,35.2,281.1,0.0,2.2,147.0,998.6,998.6,2.7,5.1
2024-07-15 21:20:00+02:00,20.9,20.9,23.4,18.1,84.0,30.3,79.0,1.8,0.0,0.6,0.6,0.6,0.6,0.6,35.3,281.2,1.4,2.9,238.0,998.5,998.5,2.7,5.1
2024-07-15 21:25:00+02:00,20.6,20.6,23.4,17.9,84.0,30.2,79.0,1.6,0.0,0.6,0.6,0.6,0.6,0.6,35.3,281.2,0.0,2.9,153.0,998.4,998.4,2.7,5.1
2024-07-15 21:30:00+02:00,20.6,20.6,23.3,18.1,85.0,30.1,79.0,1.3,0.0,0.6,0.7,0.7,0.7,0.7,35.4,281.3,0.9,2.9,151.0,998.3,998.3,2.7,5.1
2024-07-15 21:35:00+02:00,20.4,20.4,22.8,17.7,85.0,30.0,79.0,0.9,0.0,0.6,0.7,0.7,0.7,0.7,35.4,281.3,1.5,4.3,117.0,998.3,998.3,2.7,5.0
2024-07-15 21:40:00+02:00,20.4,20.4,23.1,18.0,86.0,29.8,79.0,0.5,0.0,0.0,0.7,0.7,0.6,0.7,35.4,281.3,0.8,2.9,147.0,998.2,998.2,2.7,5.0
2024-07-15 21:45:00+02:00,20.3,20.3,22.8,18.0,87.0,29.7,79.0,0.3,0.0,0.0,0.7,0.7,0.5,0.7,35.4,281.3,1.5,3.2,142.0,998.2,998.2,2.7,5.0
2024-07-15 21:50:00+02:00,20.1,20.1,22.6,18.1,88.0,29.6,79.0,0.2,0.0,0.0,0.7,0.7,0.4,0.7,35.4,281.3,1.8,3.2,137.0,998.1,998.1,2.7,5.0
2024-07-15 21:55:00+02:00,20.1,20.1,22.2,18.0,88.0,29.5,79.0,0.2,0.0,0.0,0.7,0.7,0.3,0.7,35.4,281.3,3.3,5.0,133.0,998.1,998.1,2.7,5.0
2024-07-15 22:00:00+02:00,20.2,20.2,22.6,17.9,87.0,29.4,78.0,0.1,0.0,0.0,0.7,0.7,0.3,0.7,35.4,281.3,1.5,5.0,141.0,998.2,998.2,2.7,5.0
2024-07-15 22:05:00+02:00,20.5,20.5,22.6,16.4,78.0,29.3,78.0,0.0,0.0,0.0,0.7,0.7,0.2,0.7,35.4,281.3,0.4,3.2,128.0,998.1,998.1,2.7,5.0
2024-07-15 22:10:00+02:00,21.2,21.2,23.0,16.4,74.0,29.2,78.0,0.0,0.0,0.0,0.7,0.7,0.2,0.7,35.4,281.3,1.4,2.9,141.0,998.0,998.0,2.7,5.0
2024-07-15 22:15:00+02:00,21.2,21.2,23.4,16.6,75.0,29.2,79.0,0.0,0.0,0.0,0.7,0.7,0.1,0.7,35.4,281.3,0.4,2.5,129.0,998.0,998.0,2.7,5.0
2024-07-15 22:20:00+02:00,21.2,21.2,23.1,16.7,76.0,29.1,79.0,0.0,0.0,0.0,0.7,0.7,0.1,0.7,35.4,281.3,1.7,5.4,127.0,998.0,998.0,2.7,5.0
2024-07-15 22:25:00+02:00,21.5,21.5,23.5,16.7,74.0,29.0,79.0,0.0,0.0,0.6,0.8,0.8,0.1,0.8,35.5,281.4,1.4,5.4,115.0,997.9,997.9,2.7,5.0
2024-07-15 22:30:00+02:00,21.3,21.3,23.3,16.8,76.0,28.9,79.0,0.0,0.0,0.6,0.8,0.8,0.1,0.8,35.5,281.4,1.4,4.0,119.0,997.9,997.9,2.7,5.0
2024-07-15 22:35:00+02:00,21.5,21.5,23.3,16.8,75.0,28.8,79.0,0.0,0.0,0.6,0.8,0.8,0.1,0.8,35.5,281.4,2.2,4.7,66.0,997.7,997.7,2.7,4.9
2024-07-15 22:40:00+02:00,21.4,21.4,23.5,16.8,75.0,28.8,79.0,0.0,0.0,0.0,0.8,0.8,0.1,0.8,35.5,281.4,1.0,4.3,54.0,997.7,997.7,2.7,4.9
2024-07-15 22:45:00+02:00,21.4,21.4,23.0,16.6,74.0,28.7,79.0,0.0,0.0,0.0,0.8,0.8,0.1,0.8,35.5,281.4,3.4,4.7,51.0,997.6,997.6,2.7,4.9
2024-07-15 22:50:00+02:00,21.5,21.5,23.4,16.7,74.0,28.6,79.0,0.0,0.0,0.0,0.8,0.8,0.1,0.8,35.5,281.4,1.9,4.3,90.0,997.6,997.6,2.7,4.9
2024-07-15 22:55:00+02:00,21.3,21.3,23.4,16.8,76.0,28.5,79.0,0.0,0.0,0.0,0.8,0.8,0.1,0.8,35.5,281.4,1.1,4.7,115.0,997.4,997.4,2.7,4.9
2024-07-15 23:00:00+02:00,20.8,20.8,23.1,17.3,80.0,28.5,79.0,0.0,0.0,0.0,0.8,0.8,0.1,0.8,35.5,281.4,1.1,3.6,143.0,997.5,997.5,2.7,4.9
2024-07-15 23:05:00+02:00,20.6,20.6,23.0,17.2,81.0,28.4,79.0,0.0,0.0,0.0,0.8,0.8,0.1,0.8,35.5,281.4,0.4,2.9,174.0,997.6,997.6,2.7,4.9
2024-07-15 23:10:00+02:00,20.6,20.6,22.8,16.7,79.0,28.3,79.0,0.0,0.0,0.0,0.8,0.8,0.1,0.8,35.5,281.4,0.0,2.5,99.0,997.7,997.7,2.7,4.9
2024-07-15 23:15:00+02:00,20.7,20.7,22.9,16.8,78.0,28.3,79.0,0.0,0.0,0.0,0.8,0.8,0.1,0.8,35.5,281.4,0.4,2.5,139.0,997.7,997.7,2.7,4.9
2024-07-15 23:20:00+02:00,20.8,20.8,22.9,16.6,77.0,28.2,79.0,0.0,0.0,0.0,0.8,0.8,0.1,0.8,35.5,281.4,0.5,2.9,153.0,997.6,997.6,2.7,4.9
2024-07-15 23:25:00+02:00,20.8,20.8,22.9,17.0,79.0,28.1,79.0,0.0,0.0,0.0,0.8,0.8,0.0,0.8,35.5,281.4,1.7,4.0,130.0,997.7,997.7,2.7,4.9
2024-07-15 23:30:00+02:00,20.8,20.8,22.6,16.9,78.0,28.0,79.0,0.0,0.0,0.0,0.8,0.8,0.0,0.8,35.5,281.4,2.8,6.5,116.0,997.6,997.6,2.7,4.9
2024-07-15 23:35:00+02:00,20.9,20.9,22.8,16.8,77.0,28.0,79.0,0.0,0.0,0.0,0.8,0.8,0.0,0.8,35.5,281.4,2.4,7.2,124.0,997.6,997.6,2.7,4.9
2024-07-15 23:40:00+02:00,21.0,21.0,23.0,16.8,77.0,27.9,79.0,0.0,0.0,0.0,0.8,0.8,0.0,0.8,35.5,281.4,1.4,4.7,126.0,997.7,997.7,2.7,4.9
2024-07-15 23:45:00+02:00,21.0,21.0,23.0,17.0,78.0,27.8,79.0,0.0,0.0,0.0,0.8,0.8,0.0,0.8,35.5,281.4,1.9,4.0,122.0,997.6,997.6,2.7,4.9
2024-07-15 23:50:00+02:00,20.9,20.9,22.8,17.0,78.0,27.7,79.0,0.0,0.0,0.0,0.8,0.8,0.0,0.8,35.5,281.4,2.8,7.2,127.0,997.7,997.7,2.7,4.9
2024-07-15 23:55:00+02:00,21.0,21.0,22.6,16.9,77.0,27.7,79.0,0.0,0.0,0.0,0.8,0.8,0.0,0.8,35.5,281.4,3.9,6.5,114.0,997.7,997.7,2.7,4.9
2024-07-16 00:00:00+02:00,21.2,21.2,22.5,17.0,77.0,27.6,79.0,0.0,0.0,0.0,0.0,0.0,0.0,0.8,35.5,281.4,5.0,8.3,131.0,997.8,997.8,2.7,4.9
2024-07-16 00:05:00+02:00,21.2,21.2,23.1,17.1,77.0,27.5,79.0,0.0,0.0,0.0,0.0,0.0,0.0,0.8,35.5,281.4,2.5,7.6,140.0,998.0,998.0,2.7,4.9
2024-07-16 00:15:00+02:00,21.2,21.2,23.1,17.0,77.0,27.4,79.0,0.0,0.0,0.0,0.0,0.0,0.0,0.8,35.5,281.4,2.4,5.8,150.0,998.4,998.4,2.7,4.8
2024-07-16 00:20:00+02:00,21.2,21.2,23.1,17.2,78.0,27.3,79.0,0.0,0.0,0.0,0.0,0.0,0.0,0.8,35.5,281.4,2.7,5.0,134.0,998.8,998.8,2.7,4.8
2024-07-16 00:25:00+02:00,21.3,21.3,22.9,17.3,78.0,27.3,79.0,0.0,0.0,1.2,0.2,0.2,0.2,1.0,35.7,281.6,4.5,9.0,141.0,999.3,999.3,2.7,4.8
2024-07-16 00:30:00+02:00,21.2,21.2,23.2,17.8,81.0,27.2,80.0,0.0,0.0,2.4,0.4,0.4,0.4,1.2,35.9,281.8,3.7,18.0,106.0,999.7,999.7,2.7,4.8
2024-07-16 00:35:00+02:00,20.6,20.6,22.6,17.9,84.0,27.1,79.0,0.0,0.0,2.4,0.5,0.5,0.5,1.3,36.0,281.9,3.7,5.8,203.0,999.7,999.7,2.7,4.8
2024-07-16 00:40:00+02:00,20.4,20.4,22.7,17.9,86.0,27.1,80.0,0.0,0.0,2.4,0.8,0.8,0.8,1.6,36.3,282.2,2.3,5.4,45.0,999.4,999.4,2.7,4.8
2024-07-16 00:45:00+02:00,20.2,20.2,22.9,18.1,88.0,27.0,80.0,0.0,0.0,2.4,0.9,0.9,0.9,1.7,36.4,282.3,0.6,3.2,272.0,999.3,999.3,2.7,4.8
2024-07-16 00:50:00+02:00,19.9,19.9,22.6,18.0,89.0,26.9,80.0,0.0,0.0,2.4,0.9,0.9,0.9,1.7,36.4,282.3,1.0,3.2,13.0,999.1,999.1,2.7,4.8
2024-07-16 00:55:00+02:00,19.8,19.8,22.4,18.0,90.0,26.8,80.0,0.0,0.0,0.6,0.9,0.9,0.9,1.7,36.4,282.3,0.9,2.9,93.0,998.9,998.9,2.7,4.7
2024-07-16 01:00:00+02:00,19.7,19.7,22.5,18.1,91.0,26.8,80.0,0.0,0.0,0.0,0.9,0.9,0.9,1.7,36.4,282.3,0.4,2.5,103.0,998.9,998.9,2.7,4.7
2024-07-16 01:05:00+02:00,19.6,19.6,22.2,18.2,92.0,26.7,80.0,0.0,0.0,0.0,0.9,0.9,0.9,1.7,36.4,282.3,1.4,2.9,150.0,998.8,998.8,2.7,4.7
2024-07-16 01:10:00+02:00,19.4,19.4,22.3,18.2,93.0,26.7,80.0,0.0,0.0,0.0,0.9,0.9,0.9,1.7,36.4,282.3,0.0,2.5,149.0,998.7,998.7,2.7,4.7
2024-07-16 01:15:00+02:00,19.3,19.3,22.2,18.1,93.0,26.6,80.0,0.0,0.0,3.6,1.5,1.5,1.5,2.3,37.0,282.9,0.0,1.8,111.0,998.9,998.9,2.7,4.7
2024-07-16 01:20:00+02:00,19.4,19.4,22.2,18.3,94.0,26.6,80.0,0.0,0.0,5.4,1.8,1.8,1.8,2.6,37.3,283.2,0.4,2.9,315.0,998.5,998.5,2.7,4.7
2024-07-16 01:25:00+02:00,19.3,19.3,21.9,18.4,94.0,26.5,80.0,0.0,0.0,6.0,1.9,1.9,1.7,2.7,37.4,283.3,1.9,3.6,307.0,998.4,998.4,2.7,4.7
2024-07-16 01:30:00+02:00,19.3,19.3,22.1,18.4,95.0,26.5,80.0,0.0,0.0,1.8,2.0,2.0,1.6,2.8,37.5,283.4,0.8,3.2,357.0,998.2,998.2,2.7,4.7
2024-07-16 01:35:00+02:00,19.2,19.2,21.9,18.4,95.0,26.4,80.0,0.0,0.0,1.2,2.1,2.1,1.6,2.9,37.6,283.5,1.4,3.2,45.0,998.0,998.0,2.7,4.7
2024-07-16 01:40:00+02:00,19.2,19.2,22.0,18.4,95.0,26.3,80.0,0.0,0.0,1.2,2.2,2.2,1.4,3.0,37.7,283.6,1.3,3.6,143.0,998.0,998.0,2.7,4.7
2024-07-16 01:45:00+02:00,19.1,19.1,21.0,18.4,96.0,26.2,80.0,0.0,0.0,0.6,2.2,2.2,1.3,3.0,37.7,283.6,5.3,8.3,124.0,998.3,998.3,2.7,4.6
2024-07-16 01:50:00+02:00,19.1,19.1,21.9,18.4,96.0,26.2,80.0,0.0,0.0,0.0,2.2,2.2,1.3,3.0,37.7,283.6,0.8,8.3,96.0,998.2,998.2,2.7,4.6
2024-07-16 01:55:00+02:00,19.1,19.1,22.1,18.4,96.0,26.1,80.0,0.0,0.0,0.6,2.3,2.3,1.4,3.1,37.8,283.7,0.0,2.2,60.0,998.3,998.3,2.7,4.6
2024-07-16 02:00:00+02:00,19.0,19.0,21.7,18.3,96.0,26.0,80.0,0.0,0.0,0.6,2.3,2.3,1.4,3.1,37.8,283.7,1.2,3.2,272.0,998.5,998.5,2.7,4.6
2024-07-16 02:05:00+02:00,18.9,18.9,21.8,18.3,96.0,26.0,80.0,0.0,0.0,0.0,2.3,2.3,1.4,3.1,37.8,283.7,0.0,2.2,167.0,998.6,998.6,2.7,4.6
2024-07-16 02:10:00+02:00,18.9,18.9,21.8,18.2,96.0,25.9,80.0,0.0,0.0,0.0,2.3,2.3,1.4,3.1,37.8,283.7,0.0,2.2,110.0,998.5,998.5,2.7,4.6
2024-07-16 02:15:00+02:00,18.8,18.8,21.6,18.2,96.0,25.9,80.0,0.0,0.0,0.0,2.3,2.3,0.6,3.1,37.8,283.7,0.9,2.9,152.0,998.3,998.3,2.7,4.6
2024-07-16 02:20:00+02:00,18.7,18.7,21.3,18.2,97.0,25.8,80.0,0.0,0.0,0.0,2.3,2.3,0.4,3.1,37.8,283.7,1.2,3.2,124.0,998.5,998.5,2.7,4.6
2024-07-16 02:25:00+02:00,18.6,18.6,21.1,18.1,97.0,25.8,80.0,0.0,0.0,0.0,2.3,2.3,0.3,3.1,37.8,283.7,1.6,4.0,122.0,998.5,998.5,2.7,4.6
2024-07-16 02:30:00+02:00,18.5,18.5,21.0,18.0,97.0,25.7,80.0,0.0,0.0,0.0,2.3,2.3,0.2,3.1,37.8,283.7,1.7,3.2,139.0,998.4,998.4,2.7,4.6
2024-07-16 02:35:00+02:00,18.5,18.5,21.1,18.0,97.0,25.7,80.0,0.0,0.0,0.0,2.3,2.3,0.1,3.1,37.8,283.7,1.2,3.2,134.0,998.4,998.4,2.7,4.6
2024-07-16 02:40:00+02:00,18.4,18.4,20.9,17.9,97.0,25.6,80.0,0.0,0.0,0.0,2.3,2.3,0.1,3.1,37.8,283.7,1.8,2.9,141.0,998.3,998.3,2.7,4.6
2024-07-16 02:45:00+02:00,18.4,18.4,20.9,17.9,97.0,25.5,80.0,0.0,0.0,0.0,2.3,2.3,0.1,3.1,37.8,283.7,1.2,3.2,140.0,998.4,998.4,2.7,4.5
2024-07-16 02:50:00+02:00,18.4,18.4,20.8,17.9,97.0,25.5,80.0,0.0,0.0,0.0,2.3,2.3,0.1,3.1,37.8,283.7,2.1,3.2,102.0,998.3,998.3,2.7,4.5
2024-07-16 02:55:00+02:00,18.5,18.5,20.7,18.0,97.0,25.4,80.0,0.0,0.0,0.0,2.3,2.3,0.0,3.1,37.8,283.7,2.6,4.3,115.0,998.0,998.0,2.7,4.5
2024-07-16 03:00:00+02:00,18.3,18.3,20.7,17.8,97.0,25.3,80.0,0.0,0.0,0.0,2.3,2.3,0.0,3.1,37.8,283.7,2.2,6.1,133.0,998.1,998.1,2.7,4.5
2024-07-16 03:05:00+02:00,18.4,18.4,20.9,17.9,97.0,25.3,80.0,0.0,0.0,0.0,2.3,2.3,0.0,3.1,37.8,283.7,1.5,6.1,104.0,997.9,997.9,2.7,4.5
2024-07-16 03:10:00+02:00,18.3,18.3,20.9,17.8,97.0,25.2,80.0,0.0,0.0,0.0,2.3,2.3,0.0,3.1,37.8,283.7,1.0,3.6,162.0,997.9,997.9,2.7,4.5
2024-07-16 03:15:00+02:00,18.4,18.4,20.4,17.9,97.0,25.2,80.0,0.0,0.0,0.0,2.3,2.3,0.0,3.1,37.8,283.7,4.0,7.9,96.0,998.0,998.0,2.7,4.5
2024-07-16 03:20:00+02:00,18.4,18.4,20.5,17.9,97.0,25.2,80.0,0.0,0.0,0.0,2.3,2.3,0.0,3.1,37.8,283.7,3.7,6.1,140.0,998.0,998.0,2.7,4.5
2024-07-16 03:25:00+02:00,18.5,18.5,20.7,18.0,97.0,25.1,80.0,0.0,0.0,0.0,2.3,2.3,0.0,3.1,37.8,283.7,2.7,5.4,161.0,998.1,998.1,2.7,4.5
2024-07-16 03:30:00+02:00,18.5,18.5,20.2,18.0,97.0,25.0,80.0,0.0,0.0,0.0,2.3,2.3,0.0,3.1,37.8,283.7,5.5,9.7,158.0,998.1,998.1,2.7,4.5
2024-07-16 03:35:00+02:00,18.5,18.5,20.6,18.0,97.0,25.0,80.0,0.0,0.0,0.0,2.3,2.3,0.0,3.1,37.8,283.7,3.9,8.6,120.0,998.2,998.2,2.7,4.5
2024-07-16 03:40:00+02:00,18.5,18.5,20.3,18.0,97.0,24.9,80.0,0.0,0.0,0.0,2.3,2.3,0.0,3.1,37.8,283.7,5.6,9.7,137.0,998.0,998.0,2.7,4.5
2024-07-16 03:45:00+02:00,18.5,18.5,20.2,17.9,96.0,24.9,80.0,0.0,0.0,0.0,2.3,2.3,0.0,3.1,37.8,283.7,5.8,13.3,132.0,998.0,998.0,2.7,4.5
2024-07-16 03:50:00+02:00,18.7,18.7,20.2,17.8,95.0,24.8,80.0,0.0,0.0,0.0,2.3,2.3,0.0,3.1,37.8,283.7,6.1,9.7,147.0,998.0,998.0,2.7,4.5
2024-07-16 03:55:00+02:00,18.7,18.7,20.3,17.7,94.0,24.8,80.0,0.0,0.0,0.0,2.3,2.3,0.0,3.1,37.8,283.7,5.3,14.4,140.0,998.0,998.0,2.7,4.5
2024-07-16 04:00:00+02:00,18.6,18.6,20.4,17.6,94.0,24.7,80.0,0.0,0.0,0.0,2.3,2.3,0.0,3.1,37.8,283.7,4.3,9.7,135.0,998.1,998.1,2.7,4.5
2024-07-16 04:05:00+02:00,18.5,18.5,20.2,17.5,94.0,24.7,80.0,0.0,0.0,0.0,2.3,2.3,0.0,3.1,37.8,283.7,5.0,7.6,144.0,998.1,998.1,2.7,4.4
2024-07-16 04:10:00+02:00,18.5,18.5,20.0,17.5,94.0,24.6,80.0,0.0,0.0,0.0,2.3,2.3,0.0,3.1,37.8,283.7,5.7,10.1,126.0,998.3,998.3,2.7,4.4
2024-07-16 04:15:00+02:00,18.6,18.6,19.7,17.6,94.0,24.6,80.0,0.0,0.0,0.0,2.3,2.3,0.0,3.1,37.8,283.7,7.7,14.8,151.0,998.3,998.3,2.68,4.5
2024-07-16 04:20:00+02:00,18.5,18.5,20.1,17.5,94.0,24.5,80.0,0.0,0.0,0.0,2.3,2.3,0.0,3.1,37.8,283.7,5.2,9.4,127.0,998.3,998.3,2.68,4.5
2024-07-16 04:25:00+02:00,18.5,18.5,20.1,17.5,94.0,24.5,80.0,0.0,0.0,0.0,2.3,2.3,0.0,3.1,37.8,283.7,5.0,7.9,113.0,998.3,998.3,2.7,4.4
2024-07-16 04:30:00+02:00,18.5,18.5,20.4,17.4,94.0,24.4,80.0,0.0,0.0,0.0,2.3,2.3,0.0,3.1,37.8,283.7,3.2,9.0,84.0,998.3,998.3,2.7,4.4
2024-07-16 04:35:00+02:00,18.5,18.5,20.5,17.4,93.0,24.3,80.0,0.0,0.0,0.0,2.3,2.3,0.0,3.1,37.8,283.7,2.5,7.2,53.0,998.4,998.4,2.72,4.4
2024-07-16 04:40:00+02:00,18.5,18.5,20.0,17.3,93.0,24.3,80.0,0.0,0.0,0.0,2.3,2.3,0.0,3.1,37.8,283.7,5.0,8.6,125.0,998.4,998.4,2.72,4.4
2024-07-16 04:45:00+02:00,18.4,18.4,20.6,17.3,93.0,24.3,80.0,0.0,0.0,0.0,2.3,2.3,0.0,3.1,37.8,283.7,1.9,7.9,85.0,998.4,998.4,2.68,4.5
2024-07-16 04:50:00+02:00,18.4,18.4,20.2,17.3,94.0,24.2,80.0,0.0,0.0,0.0,2.3,2.3,0.0,3.1,37.8,283.7,3.4,6.8,132.0,998.4,998.4,2.69,4.5
2024-07-16 04:55:00+02:00,18.3,18.3,19.7,17.1,93.0,24.2,80.0,0.0,0.0,0.0,2.3,2.3,0.0,3.1,37.8,283.7,5.7,8.6,133.0,998.5,998.5,2.72,4.4
2024-07-16 05:00:00+02:00,18.3,18.3,19.8,17.1,93.0,24.1,80.0,0.1,0.0,0.0,2.3,2.3,0.0,3.1,37.8,283.7,5.0,8.6,151.0,998.5,998.5,2.72,4.4
2024-07-16 05:05:00+02:00,18.3,18.3,19.6,17.1,93.0,24.1,80.0,0.2,0.0,0.0,2.3,2.3,0.0,3.1,37.8,283.7,5.5,7.9,150.0,998.8,998.8,2.7,4.4
2024-07-16 05:10:00+02:00,18.3,18.3,20.0,17.1,93.0,24.0,80.0,0.2,0.0,0.0,2.3,2.3,0.0,3.1,37.8,283.7,3.4,9.0,137.0,998.8,998.8,2.7,4.4
2024-07-16 05:15:00+02:00,18.3,18.3,19.8,17.1,93.0,24.0,80.0,0.5,0.0,0.0,2.3,2.3,0.0,3.1,37.8,283.7,4.8,9.0,139.0,998.7,998.7,2.7,4.4
2024-07-16 05:20:00+02:00,18.3,18.3,19.7,17.2,93.0,23.9,80.0,0.8,0.0,0.0,2.3,2.3,0.0,3.1,37.8,283.7,6.0,8.6,142.0,998.8,998.8,2.7,4.4
2024-07-16 05:25:00+02:00,18.3,18.3,19.6,17.1,93.0,23.9,80.0,1.3,0.0,0.0,2.3,2.3,0.0,3.1,37.8,283.7,5.9,12.2,145.0,998.8,998.8,2.72,4.4
2024-07-16 05:30:00+02:00,18.3,18.3,20.1,17.2,94.0,23.8,80.0,1.9,0.0,0.0,2.3,2.3,0.0,3.1,37.8,283.7,3.3,11.5,152.0,998.9,998.9,2.72,4.4
2024-07-16 05:35:00+02:00,18.2,18.2,19.9,17.2,94.0,23.8,80.0,2.8,0.0,0.0,2.3,2.3,0.0,3.1,37.8,283.7,4.5,9.7,150.0,999.0,999.0,2.7,4.4
2024-07-16 05:40:00+02:00,18.2,18.2,19.7,17.2,94.0,23.7,80.0,4.0,0.0,0.0,2.3,2.3,0.0,3.1,37.8,283.7,5.0,8.3,154.0,999.0,999.0,2.7,4.4
2024-07-16 05:45:00+02:00,18.2,18.2,19.6,17.2,94.0,23.7,80.0,5.3,0.0,0.0,2.3,2.3,0.0,3.1,37.8,283.7,5.3,11.9,125.0,999.1,999.1,2.72,4.4
2024-07-16 05:50:00+02:00,18.2,18.2,20.1,17.2,94.0,23.7,80.0,5.6,0.0,0.0,2.3,2.3,0.0,3.1,37.8,283.7,2.7,6.8,113.0,999.2,999.2,2.72,4.4
2024-07-16 05:55:00+02:00,18.3,18.3,20.1,17.3,94.0,23.6,80.0,6.9,0.0,0.0,2.3,2.3,0.0,3.1,37.8,283.7,3.3,8.3,86.0,999.2,999.2,2.7,4.4
2024-07-16 06:00:00+02:00,18.4,18.4,20.0,17.3,94.0,23.6,80.0,9.8,0.0,0.0,2.3,2.3,0.0,3.1,37.8,283.7,5.0,10.4,98.0,999.4,999.4,2.7,4.4
2024-07-16 06:05:00+02:00,18.6,18.6,20.8,17.5,93.0,23.6,80.0,13.4,0.0,0.0,2.3,2.3,0.0,3.1,37.8,283.7,2.1,7.6,96.0,999.2,999.2,2.7,4.4
2024-07-16 06:10:00+02:00,18.6,18.6,20.5,17.5,93.0,23.5,80.0,14.3,0.0,0.0,2.3,2.3,0.0,3.1,37.8,283.7,3.5,8.3,128.0,999.4,999.4,2.7,4.4
2024-07-16 06:15:00+02:00,18.7,18.7,20.4,17.5,93.0,23.5,81.0,18.3,0.0,0.0,2.3,2.3,0.0,3.1,37.8,283.7,4.7,12.2,93.0,999.5,999.5,2.7,4.4
2024-07-16 06:20:00+02:00,18.7,18.7,20.1,17.5,93.0,23.5,81.0,24.1,0.0,0.0,2.3,2.3,0.0,3.1,37.8,283.7,6.1,13.0,112.0,999.6,999.6,2.7,4.4
2024-07-16 06:25:00+02:00,18.7,18.7,20.4,17.5,93.0,23.5,81.0,26.8,0.0,0.0,2.3,2.3,0.0,3.1,37.8,283.7,4.4,9.0,102.0,999.6,999.6,2.7,4.4
2024-07-16 06:30:00+02:00,18.7,18.7,20.6,17.4,93.0,23.5,81.0,26.1,0.0,0.0,2.3,2.3,0.0,3.1,37.8,283.7,3.5,7.9,21.0,999.6,999.6,2.7,4.4
2024-07-16 06:35:00+02:00,18.7,18.7,20.4,17.3,92.0,23.4,81.0,23.6,0.0,0.0,2.3,2.3,0.0,3.1,37.8,283.7,4.2,11.2,42.0,999.7,999.7,2.72,4.4
2024-07-16 06:40:00+02:00,18.6,18.6,20.4,17.3,92.0,23.4,81.0,37.4,0.0,0.0,2.3,2.3,0.0,3.1,37.8,283.7,3.5,7.2,115.0,999.7,999.7,2.72,4.4
2024-07-16 06:45:00+02:00,18.6,18.6,20.3,17.3,92.0,23.4,81.0,35.0,0.0,0.0,2.3,2.3,0.0,3.1,37.8,283.7,3.8,9.0,144.0,999.9,999.9,2.7,4.4
2024-07-16 06:50:00+02:00,18.6,18.6,20.2,17.2,92.0,23.4,81.0,45.9,0.0,0.0,2.3,2.3,0.0,3.1,37.8,283.7,4.2,9.4,94.0,1000.0,1000.0,2.7,4.4
2024-07-16 06:55:00+02:00,18.7,18.7,19.9,17.1,91.0,23.4,81.0,39.3,0.0,0.0,2.3,2.3,0.0,3.1,37.8,283.7,6.0,14.8,131.0,1000.1,1000.1,2.72,4.4
2024-07-16 07:00:00+02:00,18.6,18.6,20.3,17.1,91.0,23.5,81.0,26.2,0.0,0.0,2.3,2.3,0.0,3.1,37.8,283.7,3.4,14.4,138.0,1000.1,1000.1,2.72,4.4
2024-07-16 07:05:00+02:00,18.5,18.5,19.8,17.0,91.0,23.5,81.0,35.0,0.0,0.0,2.3,2.3,0.0,3.1,37.8,283.7,5.5,22.0,176.0,1000.3,1000.3,2.7,4.4
2024-07-16 07:10:00+02:00,18.5,18.5,19.8,16.7,89.0,23.5,81.0,46.3,0.0,0.0,2.3,2.3,0.0,3.1,37.8,283.7,5.1,11.2,119.0,1000.3,1000.3,2.7,4.4
2024-07-16 07:15:00+02:00,18.5,18.5,19.1,16.4,87.0,23.5,81.0,39.4,0.0,0.0,2.3,2.3,0.0,3.1,37.8,283.7,7.7,22.7,100.0,1000.4,1000.4,2.7,4.4
2024-07-16 07:20:00+02:00,18.5,18.5,19.5,16.1,86.0,23.5,81.0,44.1,0.0,0.0,2.3,2.3,0.0,3.1,37.8,283.7,5.3,17.3,220.0,1000.5,1000.5,2.7,4.4
2024-07-16 07:25:00+02:00,18.4,18.4,19.1,16.1,87.0,23.5,81.0,36.6,0.0,0.0,2.3,2.3,0.0,3.1,37.8,283.7,7.1,14.0,158.0,1000.7,1000.7,2.7,4.4
2024-07-16 07:30:00+02:00,18.3,18.3,19.2,16.0,87.0,23.5,81.0,42.0,0.0,0.0,2.3,2.3,0.0,3.1,37.8,283.7,5.5,14.0,151.0,1000.8,1000.8,2.7,4.4
2024-07-16 07:35:00+02:00,18.2,18.2,19.3,15.9,86.0,23.5,81.0,34.5,0.0,0.0,2.3,2.3,0.0,3.1,37.8,283.7,4.4,11.9,130.0,1000.8,1000.8,2.72,4.4
2024-07-16 07:40:00+02:00,18.3,18.3,19.2,15.9,86.0,23.5,81.0,34.6,0.0,0.0,2.3,2.3,0.0,3.1,37.8,283.7,5.3,10.8,116.0,1000.8,1000.8,2.72,4.4
2024-07-16 07:45:00+02:00,18.4,18.4,19.3,15.8,85.0,23.5,81.0,35.8,0.0,0.0,2.3,2.3,0.0,3.1,37.8,283.7,5.2,13.0,134.0,1000.9,1000.9,2.72,4.4
2024-07-16 07:50:00+02:00,18.5,18.5,18.7,15.9,85.0,23.5,81.0,43.0,0.0,0.0,2.3,2.3,0.0,3.1,37.8,283.7,8.9,20.2,145.0,1000.8,1000.8,2.72,4.4
2024-07-16 07:55:00+02:00,18.5,18.5,18.6,15.8,84.0,23.5,81.0,45.0,0.0,0.0,2.3,2.3,0.0,3.1,37.8,283.7,9.6,24.8,128.0,1001.0,1001.0,2.7,4.4
2024-07-16 08:00:00+02:00,18.4,18.4,18.9,15.8,85.0,23.5,81.0,42.2,0.0,0.0,2.3,2.3,0.0,3.1,37.8,283.7,7.7,22.3,161.0,1000.9,1000.9,2.7,4.4
2024-07-16 08:05:00+02:00,18.5,18.5,18.8,15.8,85.0,23.5,81.0,41.4,0.0,0.0,2.3,2.3,0.0,3.1,37.8,283.7,8.3,18.4,134.0,1000.9,1000.9,2.7,4.4
2024-07-16 08:10:00+02:00,18.5,18.5,19.1,15.7,84.0,23.5,81.0,39.5,0.0,0.0,2.3,2.3,0.0,3.1,37.8,283.7,6.2,19.8,143.0,1001.1,1001.1,2.7,4.4
2024-07-16 08:15:00+02:00,18.5,18.5,19.1,15.6,83.0,23.5,81.0,39.1,0.0,0.0,2.3,2.3,0.0,3.1,37.8,283.7,6.6,10.4,140.0,1001.1,1001.1,2.7,4.4
2024-07-16 08:20:00+02:00,18.6,18.6,19.3,15.7,83.0,23.5,81.0,46.8,0.0,0.0,2.3,2.3,0.0,3.1,37.8,283.7,6.0,11.9,136.0,1001.2,1001.2,2.7,4.4
2024-07-16 08:25:00+02:00,18.7,18.7,19.3,15.6,82.0,23.4,82.0,61.3,0.0,0.0,2.3,2.3,0.0,3.1,37.8,283.7,6.4,16.9,111.0,1001.2,1001.2,2.68,4.5
2024-07-16 08:30:00+02:00,18.9,18.9,19.7,15.6,81.0,23.4,82.0,171.3,1.0,0.0,2.3,2.3,0.0,3.1,37.8,283.7,5.4,12.2,130.0,1001.3,1001.3,2.68,4.5
2024-07-16 08:35:00+02:00,19.4,19.4,19.9,15.6,79.0,23.5,82.0,192.3,1.0,0.0,2.3,2.3,0.0,3.1,37.8,283.7,6.6,19.8,139.0,1001.4,1001.4,2.7,4.5
2024-07-16 08:40:00+02:00,19.4,19.4,19.2,15.2,77.0,23.4,82.0,172.0,1.0,0.0,2.3,2.3,0.0,3.1,37.8,283.7,9.7,18.0,129.0,1001.3,1001.3,2.7,4.5
2024-07-16 08:45:00+02:00,19.5,19.5,20.4,15.2,76.0,23.5,82.0,174.7,1.0,0.0,2.3,2.3,0.0,3.1,37.8,283.7,4.0,15.8,154.0,1001.4,1001.4,2.7,4.6
2024-07-16 08:50:00+02:00,19.8,19.8,20.4,15.0,74.0,23.5,82.0,183.3,1.0,0.0,2.3,2.3,0.0,3.1,37.8,283.7,4.8,13.7,112.0,1001.4,1001.4,2.7,4.6
2024-07-16 08:55:00+02:00,19.6,19.6,20.1,14.8,74.0,23.6,83.0,184.7,1.0,0.0,2.3,2.3,0.0,3.1,37.8,283.7,5.0,14.4,131.0,1001.5,1001.5,2.7,4.7
2024-07-16 09:00:00+02:00,20.1,20.1,21.0,15.0,72.0,23.7,83.0,194.8,1.0,0.0,2.3,2.3,0.0,3.1,37.8,283.7,3.8,15.5,208.0,1001.4,1001.4,2.7,4.7
2024-07-16 09:05:00+02:00,20.5,20.5,21.0,14.9,71.0,23.9,83.0,207.6,1.0,0.0,2.3,2.3,0.0,3.1,37.8,283.7,5.1,13.0,213.0,1001.5,1001.5,2.7,4.8
2024-07-16 09:10:00+02:00,20.7,20.7,21.4,14.9,69.0,24.1,83.0,223.1,2.0,0.0,2.3,2.3,0.0,3.1,37.8,283.7,4.2,14.4,93.0,1001.6,1001.6,2.7,4.8
2024-07-16 09:15:00+02:00,20.4,20.4,20.9,14.7,70.0,24.3,83.0,233.3,2.0,0.0,2.3,2.3,0.0,3.1,37.8,283.7,4.9,26.6,198.0,1001.4,1001.4,2.7,4.9
2024-07-16 09:20:00+02:00,20.6,20.6,21.3,14.9,70.0,24.6,83.0,255.2,2.0,0.0,2.3,2.3,0.0,3.1,37.8,283.7,4.5,11.2,113.0,1001.4,1001.4,2.7,4.9
2024-07-16 09:25:00+02:00,20.7,20.7,20.7,14.7,69.0,24.8,83.0,287.0,2.0,0.0,2.3,2.3,0.0,3.1,37.8,283.7,7.7,17.6,122.0,1001.5,1001.5,2.7,5.0
2024-07-16 09:30:00+02:00,20.6,20.6,21.3,14.8,70.0,25.0,83.0,333.1,3.0,0.0,2.3,2.3,0.0,3.1,37.8,283.7,4.4,10.4,166.0,1001.4,1001.4,2.7,5.0
2024-07-16 09:35:00+02:00,21.1,21.1,22.2,15.2,69.0,25.3,82.0,386.5,3.0,0.0,2.3,2.3,0.0,3.1,37.8,283.7,3.0,7.9,83.0,1001.4,1001.4,2.7,5.1
2024-07-16 09:40:00+02:00,21.5,21.5,22.2,14.7,65.0,25.5,82.0,462.1,4.0,0.0,2.3,2.3,0.0,3.1,37.8,283.7,3.9,14.0,241.0,1001.4,1001.4,2.7,5.1
2024-07-16 09:45:00+02:00,21.8,21.8,22.4,14.6,64.0,25.7,82.0,554.0,5.0,0.0,2.3,2.3,0.0,3.1,37.8,283.7,4.5,9.0,60.0,1001.5,1001.5,2.7,5.2
2024-07-16 09:50:00+02:00,21.7,21.7,22.3,14.5,63.0,26.0,81.0,629.7,5.0,0.0,2.3,2.3,0.0,3.1,37.8,283.7,4.8,13.3,147.0,1001.5,1001.5,2.7,5.2
2024-07-16 09:55:00+02:00,22.1,22.1,22.8,14.4,62.0,26.2,81.0,604.7,5.0,0.0,2.3,2.3,0.0,3.1,37.8,283.7,3.2,9.7,254.0,1001.5,1001.5,2.7,5.2
2024-07-16 10:00:00+02:00,22.4,22.4,23.2,14.7,61.0,26.5,80.0,585.9,5.0,0.0,2.3,2.3,0.0,3.1,37.8,283.7,3.6,9.4,236.0,1001.7,1001.7,2.7,5.2
2024-07-16 10:05:00+02:00,22.0,22.0,22.4,14.4,62.0,26.8,80.0,575.7,5.0,0.0,2.3,2.3,0.0,3.1,37.8,283.7,5.1,9.7,119.0,1001.6,1001.6,2.7,5.3
2024-07-16 10:10:00+02:00,21.9,21.9,22.3,14.1,61.0,27.0,80.0,464.0,4.0,0.0,2.3,2.3,0.0,3.1,37.8,283.7,4.6,10.8,145.0,1001.6,1001.6,2.7,5.3
2024-07-16 10:15:00+02:00,22.2,22.2,22.6,14.1,60.0,27.2,79.0,490.6,4.0,0.0,2.3,2.3,0.0,3.1,37.8,283.7,4.7,10.4,176.0,1001.5,1001.5,2.7,5.3
2024-07-16 10:20:00+02:00,22.6,22.6,22.9,14.7,61.0,27.4,79.0,437.8,4.0,0.0,2.3,2.3,0.0,3.1,37.8,283.7,5.6,15.5,141.0,1001.5,1001.5,2.7,5.3
2024-07-16 10:25:00+02:00,22.2,22.2,22.9,14.1,60.0,27.7,78.0,441.8,4.0,0.0,2.3,2.3,0.0,3.1,37.8,283.7,2.7,14.4,211.0,1001.7,1001.7,2.7,5.3
2024-07-16 10:30:00+02:00,22.2,22.2,22.4,14.2,60.0,27.9,78.0,452.9,4.0,0.0,2.3,2.3,0.0,3.1,37.8,283.7,6.1,17.6,139.0,1001.6,1001.6,2.7,5.3
2024-07-16 10:35:00+02:00,22.5,22.5,23.0,14.0,59.0,28.1,78.0,463.5,4.0,0.0,2.3,2.3,0.0,3.1,37.8,283.7,4.0,10.1,357.0,1001.6,1001.6,2.7,5.3
2024-07-16 10:40:00+02:00,22.9,22.9,23.4,14.3,58.0,28.3,78.0,492.2,4.0,0.0,2.3,2.3,0.0,3.1,37.8,283.7,4.8,10.4,204.0,1001.6,1001.6,2.7,5.3
2024-07-16 10:45:00+02:00,23.2,23.2,23.7,14.0,56.0,28.6,77.0,609.0,5.0,0.0,2.3,2.3,0.0,3.1,37.8,283.7,4.1,15.1,190.0,1001.6,1001.6,2.7,5.3
2024-07-16 10:50:00+02:00,22.2,22.2,21.4,14.2,60.0,28.8,77.0,585.9,5.0,0.0,2.3,2.3,0.0,3.1,37.8,283.7,10.8,21.2,126.0,1001.6,1001.6,2.7,5.3
2024-07-16 10:55:00+02:00,21.1,21.1,20.7,13.8,63.0,29.0,76.0,393.3,3.0,0.0,2.3,2.3,0.0,3.1,37.8,283.7,8.4,24.1,133.0,1001.7,1001.7,2.7,5.3
2024-07-16 11:00:00+02:00,21.3,21.3,21.3,13.9,63.0,29.2,77.0,203.0,1.0,0.0,2.3,2.3,0.0,3.1,37.8,283.7,6.1,19.1,154.0,1001.6,1001.6,2.7,5.3
2024-07-16 11:05:00+02:00,20.6,20.6,19.8,13.6,64.0,29.3,76.0,257.5,2.0,0.0,2.3,2.3,0.0,3.1,37.8,283.7,9.8,19.8,118.0,1001.7,1001.7,2.7,5.3
2024-07-16 11:10:00+02:00,20.9,20.9,21.2,13.9,64.0,29.3,76.0,279.9,2.0,0.0,2.3,2.3,0.0,3.1,37.8,283.7,5.0,12.2,131.0,1001.5,1001.5,2.7,5.3
2024-07-16 11:15:00+02:00,20.9,20.9,20.8,13.9,64.0,29.4,76.0,341.1,3.0,0.0,2.3,2.3,0.0,3.1,37.8,283.7,6.7,11.5,122.0,1001.7,1001.7,2.7,5.3
2024-07-16 11:20:00+02:00,21.3,21.3,22.0,13.9,63.0,29.4,76.0,228.2,2.0,0.0,2.3,2.3,0.0,3.1,37.8,283.7,2.4,10.8,176.0,1001.8,1001.8,2.7,5.3
2024-07-16 11:25:00+02:00,21.4,21.4,21.7,14.2,64.0,29.4,76.0,178.4,1.0,0.0,2.3,2.3,0.0,3.1,37.8,283.7,5.3,9.7,107.0,1001.7,1001.7,2.7,5.3
2024-07-16 11:30:00+02:00,20.9,20.9,20.7,14.2,66.0,29.4,76.0,204.3,1.0,0.0,2.3,2.3,0.0,3.1,37.8,283.7,7.5,17.6,143.0,1001.5,1001.5,2.7,5.3
2024-07-16 11:35:00+02:00,20.7,20.7,19.6,14.1,66.0,29.4,76.0,258.8,2.0,0.0,2.3,2.3,0.0,3.1,37.8,283.7,11.7,20.2,129.0,1001.6,1001.6,2.7,5.3
2024-07-16 11:40:00+02:00,20.9,20.9,20.5,14.2,66.0,29.4,76.0,666.6,6.0,0.0,2.3,2.3,0.0,3.1,37.8,283.7,8.6,17.6,138.0,1001.5,1001.5,2.7,5.3
2024-07-16 11:45:00+02:00,21.4,21.4,21.3,14.1,63.0,29.4,75.0,583.3,5.0,0.0,2.3,2.3,0.0,3.1,37.8,283.7,7.2,14.4,123.0,1001.4,1001.4,2.7,5.3
2024-07-16 11:50:00+02:00,21.7,21.7,21.7,14.1,62.0,29.5,75.0,665.1,6.0,0.0,2.3,2.3,0.0,3.1,37.8,283.7,6.3,13.3,126.0,1001.5,1001.5,2.7,5.3
2024-07-16 11:55:00+02:00,22.3,22.3,22.5,14.1,60.0,29.5,75.0,669.2,6.0,0.0,2.3,2.3,0.0,3.1,37.8,283.7,5.7,15.1,150.0,1001.3,1001.3,2.7,5.3
2024-07-16 12:00:00+02:00,22.3,22.3,22.8,14.6,62.0,29.6,75.0,668.4,6.0,0.0,2.3,2.3,0.0,3.1,37.8,283.7,4.5,15.8,132.0,1001.4,1001.4,2.7,5.3
2024-07-16 12:05:00+02:00,22.1,22.1,20.7,13.7,59.0,29.7,75.0,792.5,7.0,0.0,2.3,2.3,0.0,3.1,37.8,283.7,13.5,22.7,134.0,1001.4,1001.4,2.7,5.3
2024-07-16 12:10:00+02:00,21.8,21.8,20.5,13.7,60.0,29.7,75.0,227.8,2.0,0.0,2.3,2.3,0.0,3.1,37.8,283.7,12.3,28.8,125.0,1001.3,1001.3,2.7,5.3
2024-07-16 12:15:00+02:00,21.7,21.7,21.5,13.6,60.0,29.8,75.0,217.5,2.0,0.0,2.3,2.3,0.0,3.1,37.8,283.7,6.3,9.7,154.0,1001.4,1001.4,2.7,5.3
2024-07-16 12:20:00+02:00,21.9,21.9,22.2,13.6,59.0,29.8,75.0,174.0,1.0,0.0,2.3,2.3,0.0,3.1,37.8,283.7,4.4,13.3,181.0,1001.4,1001.4,2.7,5.3
2024-07-16 12:25:00+02:00,21.7,21.7,21.2,13.6,60.0,29.8,75.0,170.1,1.0,0.0,2.3,2.3,0.0,3.1,37.8,283.7,8.4,17.3,150.0,1001.6,1001.6,2.7,5.3
2024-07-16 12:30:00+02:00,21.4,21.4,21.8,13.7,61.0,29.7,76.0,151.3,1.0,0.0,2.3,2.3,0.0,3.1,37.8,283.7,4.2,15.1,145.0,1001.6,1001.6,2.7,5.3
2024-07-16 12:35:00+02:00,21.0,21.0,20.6,13.7,63.0,29.7,75.0,189.7,1.0,0.0,2.3,2.3,0.0,3.1,37.8,283.7,7.9,18.0,142.0,1001.6,1001.6,2.7,5.3
2024-07-16 12:40:00+02:00,21.1,21.1,20.5,13.8,63.0,29.7,76.0,737.5,6.0,0.0,2.3,2.3,0.0,3.1,37.8,283.7,8.9,20.5,120.0,1001.5,1001.5,2.7,5.3
2024-07-16 12:45:00+02:00,21.8,21.8,20.6,13.9,61.0,29.7,75.0,628.8,5.0,0.0,2.3,2.3,0.0,3.1,37.8,283.7,12.5,19.1,142.0,1001.6,1001.6,2.7,5.3
2024-07-16 12:50:00+02:00,22.2,22.2,21.6,13.9,59.0,29.7,75.0,617.8,5.0,0.0,2.3,2.3,0.0,3.1,37.8,283.7,9.3,16.6,124.0,1001.4,1001.4,2.7,5.3
2024-07-16 12:55:00+02:00,22.8,22.8,22.6,14.3,59.0,29.7,75.0,629.5,5.0,0.0,2.3,2.3,0.0,3.1,37.8,283.7,7.9,23.0,161.0,1001.4,1001.4,2.7,5.3
2024-07-16 13:00:00+02:00,22.7,22.7,22.3,14.1,58.0,29.8,75.0,692.4,6.0,0.0,2.3,2.3,0.0,3.1,37.8,283.7,8.5,20.2,148.0,1001.5,1001.5,2.7,5.3
2024-07-16 13:05:00+02:00,22.9,22.9,22.9,13.8,57.0,29.9,75.0,664.2,6.0,0.0,2.3,2.3,0.0,3.1,37.8,283.7,6.0,28.4,152.0,1001.4,1001.4,2.7,5.3
2024-07-16 13:10:00+02:00,23.3,23.3,22.8,13.7,55.0,30.0,75.0,683.7,6.0,0.0,2.3,2.3,0.0,3.1,37.8,283.7,8.6,19.8,174.0,1001.4,1001.4,2.7,5.3
2024-07-16 13:15:00+02:00,23.0,23.0,22.2,13.4,55.0,30.1,75.0,750.0,6.0,0.0,2.3,2.3,0.0,3.1,37.8,283.7,9.9,16.2,125.0,1001.2,1001.2,2.7,5.3
2024-07-16 13:20:00+02:00,22.9,22.9,22.9,13.5,55.0,30.1,75.0,734.1,6.0,0.0,2.3,2.3,0.0,3.1,37.8,283.7,5.6,15.1,150.0,1001.1,1001.1,2.7,5.3
2024-07-16 13:25:00+02:00,23.4,23.4,23.1,13.5,54.0,30.2,75.0,754.3,7.0,0.0,2.3,2.3,0.0,3.1,37.8,283.7,7.1,18.4,148.0,1001.2,1001.2,2.7,5.3
2024-07-16 13:30:00+02:00,23.9,23.9,23.0,13.2,51.0,30.3,75.0,833.1,7.0,0.0,2.3,2.3,0.0,3.1,37.8,283.7,9.9,34.9,148.0,1001.2,1001.2,2.7,5.3
2024-07-16 13:35:00+02:00,24.2,24.2,23.6,13.3,50.0,30.4,76.0,462.5,4.0,0.0,2.3,2.3,0.0,3.1,37.8,283.7,8.7,15.8,133.0,1001.3,1001.3,2.7,5.3
2024-07-16 13:40:00+02:00,23.3,23.3,22.9,13.0,52.0,30.4,76.0,193.5,1.0,0.0,2.3,2.3,0.0,3.1,37.8,283.7,6.8,18.4,154.0,1001.4,1001.4,2.7,5.3
2024-07-16 13:45:00+02:00,23.3,23.3,23.6,13.4,54.0,30.4,76.0,844.0,7.0,0.0,2.3,2.3,0.0,3.1,37.8,283.7,4.1,14.0,242.0,1001.7,1001.7,2.7,5.3
2024-07-16 13:50:00+02:00,23.0,23.0,23.0,14.0,57.0,30.4,76.0,771.7,7.0,0.0,2.3,2.3,0.0,3.1,37.8,283.7,6.1,11.2,198.0,1001.8,1001.8,2.7,5.3
2024-07-16 13:55:00+02:00,23.6,23.6,24.0,14.3,56.0,30.4,77.0,680.6,6.0,0.0,2.3,2.3,0.0,3.1,37.8,283.7,5.0,13.3,205.0,1001.6,1001.6,2.7,5.3
2024-07-16 14:00:00+02:00,24.1,24.1,24.6,14.2,54.0,30.4,78.0,676.6,6.0,0.0,2.3,2.3,0.0,3.1,37.8,283.7,4.2,13.3,251.0,1001.6,1001.6,2.7,5.3
2024-07-16 14:05:00+02:00,24.2,24.2,24.0,13.9,53.0,30.5,78.0,699.4,6.0,0.0,2.3,2.3,0.0,3.1,37.8,283.7,7.3,14.8,136.0,1001.5,1001.5,2.7,5.3
2024-07-16 14:10:00+02:00,23.3,23.3,23.4,13.6,54.0,30.5,78.0,771.9,7.0,0.0,2.3,2.3,0.0,3.1,37.8,283.7,5.3,14.8,151.0,1001.6,1001.6,2.7,5.3
2024-07-16 14:15:00+02:00,23.2,23.2,23.0,13.6,55.0,30.5,78.0,217.4,2.0,0.0,2.3,2.3,0.0,3.1,37.8,283.7,7.1,11.2,188.0,1001.6,1001.6,2.7,5.3
2024-07-16 14:20:00+02:00,22.6,22.6,23.0,13.4,56.0,30.5,78.0,333.6,3.0,0.0,2.3,2.3,0.0,3.1,37.8,283.7,3.8,16.6,159.0,1001.5,1001.5,2.7,5.3
2024-07-16 14:25:00+02:00,22.7,22.7,21.5,13.2,55.0,30.5,78.0,821.0,7.0,0.0,2.3,2.3,0.0,3.1,37.8,283.7,11.3,18.7,120.0,1001.4,1001.4,2.7,5.3
2024-07-16 14:30:00+02:00,22.7,22.7,21.3,13.0,54.0,30.5,78.0,708.0,6.0,0.0,2.3,2.3,0.0,3.1,37.8,283.7,11.6,22.3,119.0,1001.4,1001.4,2.7,5.3
2024-07-16 14:35:00+02:00,23.7,23.7,24.1,13.8,54.0,30.5,78.0,629.8,5.0,0.0,2.3,2.3,0.0,3.1,37.8,283.7,4.3,15.1,120.0,1001.4,1001.4,2.7,5.3
2024-07-16 14:40:00+02:00,24.0,24.0,23.4,13.5,52.0,30.5,78.0,657.1,6.0,0.0,2.3,2.3,0.0,3.1,37.8,283.7,8.5,18.7,132.0,1001.5,1001.5,2.7,5.3
2024-07-16 14:45:00+02:00,24.5,24.5,24.5,13.2,49.0,30.6,78.0,686.3,6.0,0.0,2.3,2.3,0.0,3.1,37.8,283.7,5.0,15.8,192.0,1001.4,1001.4,2.7,5.3
2024-07-16 14:50:00+02:00,25.3,25.3,25.7,13.9,49.0,30.6,78.0,673.2,6.0,0.0,2.3,2.3,0.0,3.1,37.8,283.7,4.0,17.3,122.0,1001.3,1001.3,2.7,5.3
2024-07-16 14:55:00+02:00,24.4,24.4,23.2,13.5,51.0,30.7,78.0,511.6,4.0,0.0,2.3,2.3,0.0,3.1,37.8,283.7,11.9,21.6,125.0,1001.3,1001.3,2.7,5.3
2024-07-16 15:00:00+02:00,23.6,23.6,23.1,13.0,51.0,30.7,79.0,675.3,6.0,0.0,2.3,2.3,0.0,3.1,37.8,283.7,7.6,20.2,122.0,1001.4,1001.4,2.7,5.3
2024-07-16 15:05:00+02:00,24.3,24.3,23.6,12.9,49.0,30.7,79.0,602.0,5.0,0.0,2.3,2.3,0.0,3.1,37.8,283.7,8.3,23.0,179.0,1001.4,1001.4,2.7,5.3
2024-07-16 15:10:00+02:00,24.7,24.7,24.8,13.0,48.0,30.8,79.0,539.5,5.0,0.0,2.3,2.3,0.0,3.1,37.8,283.7,4.2,11.9,114.0,1001.5,1001.5,2.7,5.3
2024-07-16 15:15:00+02:00,24.4,24.4,24.6,12.9,49.0,30.8,79.0,452.6,4.0,0.0,2.3,2.3,0.0,3.1,37.8,283.7,3.5,11.5,135.0,1001.5,1001.5,2.7,5.3
2024-07-16 15:20:00+02:00,23.9,23.9,23.7,12.5,49.0,30.8,79.0,188.9,1.0,0.0,2.3,2.3,0.0,3.1,37.8,283.7,5.0,15.5,204.0,1001.6,1001.6,2.7,5.3
2024-07-16 15:25:00+02:00,23.4,23.4,22.3,12.6,51.0,30.7,79.0,267.4,2.0,0.0,2.3,2.3,0.0,3.1,37.8,283.7,9.4,15.5,141.0,1001.7,1001.7,2.7,5.3
2024-07-16 15:30:00+02:00,22.7,22.7,22.3,12.7,53.0,30.7,79.0,226.3,2.0,0.0,2.3,2.3,0.0,3.1,37.8,283.7,6.1,23.4,122.0,1001.8,1001.8,2.7,5.3
2024-07-16 15:35:00+02:00,22.6,22.6,22.6,13.0,54.0,30.7,79.0,283.4,2.0,0.0,2.3,2.3,0.0,3.1,37.8,283.7,5.0,14.4,149.0,1001.9,1001.9,2.7,5.3
2024-07-16 15:40:00+02:00,23.2,23.2,23.3,13.1,53.0,30.6,79.0,269.8,2.0,0.0,2.3,2.3,0.0,3.1,37.8,283.7,4.5,12.6,124.0,1002.0,1002.0,2.7,5.3
2024-07-16 15:45:00+02:00,22.8,22.8,22.0,12.8,53.0,30.6,79.0,210.6,1.0,0.0,2.3,2.3,0.0,3.1,37.8,283.7,8.4,14.8,148.0,1002.0,1002.0,2.7,5.3
2024-07-16 15:50:00+02:00,22.2,22.2,21.4,12.5,54.0,30.5,79.0,121.5,1.0,0.0,2.3,2.3,0.0,3.1,37.8,283.7,8.1,14.8,130.0,1002.0,1002.0,2.7,5.3
2024-07-16 15:55:00+02:00,21.9,21.9,22.0,12.6,55.0,30.5,79.0,54.0,0.0,0.0,2.3,2.3,0.0,3.1,37.8,283.7,3.6,10.4,181.0,1002.1,1002.1,2.7,5.3
2024-07-16 16:00:00+02:00,21.7,21.7,21.8,13.9,61.0,30.4,79.0,50.4,0.0,1.2,2.5,2.5,0.2,3.3,38.0,283.9,5.7,10.4,234.0,1002.2,1002.2,2.7,5.3
2024-07-16 16:05:00+02:00,20.2,20.2,20.9,14.9,72.0,30.3,79.0,64.6,0.0,2.4,2.7,2.7,0.4,3.5,38.2,284.1,4.3,9.7,158.0,1002.2,1002.2,2.7,5.3
2024-07-16 16:10:00+02:00,19.7,19.7,19.9,14.3,71.0,30.3,79.0,72.5,0.0,2.4,2.7,2.7,0.4,3.5,38.2,284.1,5.8,26.3,204.0,1002.4,1002.4,2.7,5.3
2024-07-16 16:15:00+02:00,19.4,19.4,19.3,13.0,66.0,30.2,79.0,29.0,0.0,0.0,2.7,2.7,0.4,3.5,38.2,284.1,5.3,26.3,206.0,1002.6,1002.6,2.7,5.2
2024-07-16 16:20:00+02:00,18.8,18.8,19.1,13.1,69.0,30.1,78.0,32.0,0.0,0.0,2.7,2.7,0.4,3.5,38.2,284.1,3.7,13.7,124.0,1002.8,1002.8,2.7,5.2
2024-07-16 16:25:00+02:00,18.1,18.1,18.1,13.1,73.0,29.9,78.0,32.4,0.0,1.2,2.9,2.9,0.6,3.7,38.4,284.3,5.0,13.7,123.0,1003.2,1003.2,2.7,5.2
2024-07-16 16:30:00+02:00,17.5,17.5,17.4,13.2,76.0,29.8,78.0,29.2,0.0,1.8,3.0,3.0,0.7,3.8,38.5,284.4,6.0,10.4,114.0,1003.3,1003.3,2.7,5.2
2024-07-16 16:35:00+02:00,17.0,17.0,16.8,13.7,81.0,29.7,78.0,38.8,0.0,3.0,3.4,3.4,1.1,4.2,38.9,284.8,7.0,13.3,125.0,1003.4,1003.4,2.7,5.2
2024-07-16 16:40:00+02:00,16.3,16.3,15.6,13.8,85.0,29.5,77.0,38.7,0.0,3.6,3.7,3.7,1.4,4.5,39.2,285.1,9.6,15.1,124.0,1003.3,1003.3,2.7,5.2
2024-07-16 16:45:00+02:00,15.9,15.9,15.8,13.8,87.0,29.3,77.0,36.8,0.0,4.8,4.2,4.2,1.9,5.0,39.7,285.6,6.7,15.1,130.0,1003.5,1003.5,2.7,5.2
2024-07-16 16:50:00+02:00,15.6,15.6,15.6,13.9,90.0,29.2,76.0,37.5,0.0,5.4,4.5,4.5,2.2,5.3,40.0,285.9,6.4,15.1,119.0,1003.6,1003.6,2.7,5.2
2024-07-16 16:55:00+02:00,15.4,15.4,15.2,13.8,90.0,29.0,76.0,33.4,0.0,3.6,4.6,4.6,2.3,5.4,40.1,286.0,7.6,13.7,112.0,1003.4,1003.4,2.7,5.2
2024-07-16 17:00:00+02:00,15.3,15.3,15.1,13.7,90.0,28.8,76.0,26.7,0.0,1.2,4.7,4.7,2.1,5.5,40.2,286.1,7.0,13.3,120.0,1003.2,1003.2,2.7,5.2
2024-07-16 17:05:00+02:00,15.3,15.3,15.7,13.9,91.0,28.6,76.0,33.3,0.0,1.2,4.7,4.7,2.0,5.5,40.2,286.1,4.2,9.0,115.0,1003.2,1003.2,2.7,5.1
2024-07-16 17:10:00+02:00,15.4,15.4,15.5,14.0,92.0,28.3,76.0,54.1,0.0,0.6,4.8,4.8,2.1,5.6,40.3,286.2,6.2,11.5,114.0,1003.1,1003.1,2.7,5.1
2024-07-16 17:15:00+02:00,15.5,15.5,15.6,14.1,91.0,28.2,76.0,88.8,0.0,0.6,4.8,4.8,2.1,5.6,40.3,286.2,6.0,10.1,133.0,1003.1,1003.1,2.7,5.1
2024-07-16 17:20:00+02:00,15.7,15.7,15.5,14.2,91.0,28.0,75.0,139.0,1.0,0.6,4.8,4.8,2.1,5.6,40.3,286.2,7.4,11.2,125.0,1003.3,1003.3,2.7,5.1
2024-07-16 17:25:00+02:00,15.9,15.9,16.3,14.4,90.0,27.8,75.0,231.1,2.0,0.0,4.8,4.8,1.9,5.6,40.3,286.2,5.5,11.2,135.0,1003.3,1003.3,2.7,5.1
2024-07-16 17:30:00+02:00,16.2,16.2,16.1,14.4,89.0,27.7,75.0,339.6,3.0,0.0,4.8,4.8,1.7,5.6,40.3,286.2,7.9,17.3,122.0,1003.1,1003.1,2.7,5.1
2024-07-16 17:35:00+02:00,16.6,16.6,16.5,14.6,88.0,27.6,75.0,357.9,3.0,0.0,4.8,4.8,1.4,5.6,40.3,286.2,8.1,17.3,123.0,1003.1,1003.1,2.7,5.2
2024-07-16 17:40:00+02:00,17.2,17.2,17.9,15.1,87.0,27.5,75.0,354.1,3.0,0.0,4.8,4.8,1.0,5.6,40.3,286.2,5.4,13.3,136.0,1003.0,1003.0,2.7,5.2
2024-07-16 17:45:00+02:00,17.3,17.3,17.2,14.9,86.0,27.4,76.0,258.1,2.0,0.0,4.8,4.8,0.5,5.6,40.3,286.2,9.1,16.2,125.0,1003.0,1003.0,2.7,5.2
2024-07-16 17:50:00+02:00,17.6,17.6,18.1,15.1,85.0,27.3,76.0,311.8,2.0,0.0,4.8,4.8,0.3,5.6,40.3,286.2,6.1,12.2,113.0,1003.2,1003.2,2.7,5.2
2024-07-16 17:55:00+02:00,18.4,18.4,19.0,15.7,85.0,27.2,76.0,293.3,2.0,0.0,4.8,4.8,0.2,5.6,40.3,286.2,6.4,11.2,130.0,1003.2,1003.2,2.7,5.2
2024-07-16 18:00:00+02:00,18.5,18.5,19.4,15.5,83.0,27.1,76.0,248.6,2.0,0.0,4.8,4.8,0.1,5.6,40.3,286.2,4.7,10.8,162.0,1003.0,1003.0,2.7,5.2
2024-07-16 18:05:00+02:00,18.6,18.6,19.5,15.4,81.0,27.0,76.0,261.5,2.0,0.0,4.8,4.8,0.1,5.6,40.3,286.2,4.7,14.8,106.0,1003.1,1003.1,2.7,5.2
2024-07-16 18:10:00+02:00,18.5,18.5,18.1,15.3,81.0,26.9,77.0,236.4,2.0,0.0,4.8,4.8,0.0,5.6,40.3,286.2,11.2,20.9,125.0,1003.2,1003.2,2.7,5.2
2024-07-16 18:15:00+02:00,18.4,18.4,18.2,15.1,81.0,26.8,77.0,54.5,0.0,0.0,4.8,4.8,0.0,5.6,40.3,286.2,9.5,16.9,116.0,1003.2,1003.2,2.7,5.2
2024-07-16 18:20:00+02:00,18.5,18.5,19.5,15.2,81.0,26.8,77.0,60.2,0.0,0.0,4.8,4.8,0.0,5.6,40.3,286.2,3.6,14.0,143.0,1003.2,1003.2,2.7,5.2
2024-07-16 18:25:00+02:00,18.7,18.7,19.7,15.1,80.0,26.7,77.0,80.8,0.0,0.0,4.8,4.8,0.0,5.6,40.3,286.2,3.4,8.6,149.0,1003.1,1003.1,2.7,5.2
2024-07-16 18:30:00+02:00,18.7,18.7,19.4,15.1,79.0,26.7,77.0,74.6,0.0,0.0,4.8,4.8,0.0,5.6,40.3,286.2,5.0,16.9,134.0,1003.1,1003.1,2.7,5.2
2024-07-16 18:35:00+02:00,18.5,18.5,19.5,15.0,80.0,26.6,77.0,101.6,0.0,0.0,4.8,4.8,0.0,5.6,40.3,286.2,3.2,14.4,123.0,1003.2,1003.2,2.7,5.2
2024-07-16 18:40:00+02:00,18.7,18.7,19.2,15.2,80.0,26.5,77.0,99.1,0.0,0.0,4.8,4.8,0.0,5.6,40.3,286.2,5.7,14.4,140.0,1003.3,1003.3,2.7,5.2
2024-07-16 18:45:00+02:00,18.5,18.5,18.8,15.1,80.0,26.4,77.0,77.2,0.0,0.0,4.8,4.8,0.0,5.6,40.3,286.2,6.7,15.5,126.0,1003.3,1003.3,2.7,5.2
2024-07-16 18:50:00+02:00,18.5,18.5,18.7,15.3,82.0,26.4,77.0,117.8,1.0,0.0,4.8,4.8,0.0,5.6,40.3,286.2,7.7,13.3,130.0,1003.2,1003.2,2.7,5.2
2024-07-16 18:55:00+02:00,18.6,18.6,18.3,15.0,80.0,26.3,78.0,163.1,1.0,0.0,4.8,4.8,0.0,5.6,40.3,286.2,10.2,20.5,141.0,1003.2,1003.2,2.7,5.2
2024-07-16 19:00:00+02:00,18.7,18.7,18.8,15.1,79.0,26.2,78.0,114.0,1.0,0.0,4.8,4.8,0.0,5.6,40.3,286.2,8.1,16.2,118.0,1003.2,1003.2,2.7,5.2
2024-07-16 19:05:00+02:00,18.7,18.7,18.0,15.0,79.0,26.2,78.0,88.2,0.0,0.0,4.8,4.8,0.0,5.6,40.3,286.2,11.9,19.8,121.0,1003.4,1003.4,2.7,5.2
2024-07-16 19:10:00+02:00,18.7,18.7,18.7,15.1,80.0,26.1,78.0,115.4,1.0,0.0,4.8,4.8,0.0,5.6,40.3,286.2,8.6,16.9,133.0,1003.4,1003.4,2.7,5.2
2024-07-16 19:15:00+02:00,18.9,18.9,18.8,15.1,78.0,26.0,78.0,103.9,0.0,0.0,4.8,4.8,0.0,5.6,40.3,286.2,9.2,20.5,124.0,1003.4,1003.4,2.7,5.2
2024-07-16 19:20:00+02:00,18.9,18.9,19.2,15.1,79.0,25.9,78.0,72.1,0.0,0.0,4.8,4.8,0.0,5.6,40.3,286.2,6.9,11.9,138.0,1003.4,1003.4,2.7,5.2
2024-07-16 19:25:00+02:00,18.9,18.9,19.7,14.8,77.0,25.9,78.0,75.3,0.0,0.0,4.8,4.8,0.0,5.6,40.3,286.2,3.8,11.5,124.0,1003.4,1003.4,2.7,5.2
2024-07-16 19:30:00+02:00,19.0,19.0,19.4,14.9,77.0,25.8,78.0,95.6,0.0,0.0,4.8,4.8,0.0,5.6,40.3,286.2,6.0,15.1,124.0,1003.3,1003.3,2.7,5.2
2024-07-16 19:35:00+02:00,19.0,19.0,19.0,14.9,77.0,25.7,78.0,60.4,0.0,0.0,4.8,4.8,0.0,5.6,40.3,286.2,8.0,14.0,120.0,1003.4,1003.4,2.7,5.2
2024-07-16 19:40:00+02:00,18.9,18.9,18.3,14.8,77.0,25.7,78.0,68.0,0.0,0.0,4.8,4.8,0.0,5.6,40.3,286.2,11.0,21.6,129.0,1003.3,1003.3,2.7,5.2
2024-07-16 19:45:00+02:00,19.0,19.0,19.2,15.0,78.0,25.7,78.0,85.4,0.0,0.0,4.8,4.8,0.0,5.6,40.3,286.2,7.2,17.6,123.0,1003.3,1003.3,2.7,5.2
2024-07-16 19:50:00+02:00,19.1,19.1,18.3,15.0,77.0,25.6,78.0,81.6,0.0,0.0,4.8,4.8,0.0,5.6,40.3,286.2,12.4,20.9,124.0,1003.4,1003.4,2.7,5.2
2024-07-16 19:55:00+02:00,19.0,19.0,18.7,15.1,78.0,25.6,78.0,53.4,0.0,0.0,4.8,4.8,0.0,5.6,40.3,286.2,9.9,19.4,131.0,1003.5,1003.5,2.7,5.2
2024-07-16 20:00:00+02:00,18.8,18.8,18.4,15.1,79.0,25.5,79.0,32.8,0.0,0.0,4.8,4.8,0.0,5.6,40.3,286.2,10.3,18.4,136.0,1003.4,1003.4,2.7,5.2
2024-07-16 20:05:00+02:00,18.7,18.7,18.2,15.0,79.0,25.5,78.0,33.5,0.0,0.0,4.8,4.8,0.0,5.6,40.3,286.2,10.6,20.5,125.0,1003.5,1003.5,2.7,5.2
2024-07-16 20:10:00+02:00,18.7,18.7,18.5,15.0,79.0,25.4,78.0,35.2,0.0,0.0,4.8,4.8,0.0,5.6,40.3,286.2,9.0,20.9,130.0,1003.5,1003.5,2.7,5.2
2024-07-16 20:15:00+02:00,18.7,18.7,18.7,14.9,79.0,25.3,79.0,26.9,0.0,0.0,4.8,4.8,0.0,5.6,40.3,286.2,8.0,18.4,126.0,1003.6,1003.6,2.7,5.2
2024-07-16 20:20:00+02:00,18.7,18.7,19.2,14.9,78.0,25.3,79.0,23.5,0.0,0.0,4.8,4.8,0.0,5.6,40.3,286.2,5.3,17.6,141.0,1003.7,1003.7,2.7,5.2
2024-07-16 20:25:00+02:00,18.8,18.8,18.7,14.7,77.0,25.2,79.0,21.6,0.0,0.0,4.8,4.8,0.0,5.6,40.3,286.2,8.4,19.8,130.0,1003.5,1003.5,2.7,5.2
2024-07-16 20:30:00+02:00,18.7,18.7,18.5,14.5,76.0,25.2,79.0,20.5,0.0,0.0,4.8,4.8,0.0,5.6,40.3,286.2,8.8,19.1,132.0,1003.6,1003.6,2.7,5.2
2024-07-16 20:35:00+02:00,18.7,18.7,18.7,14.6,77.0,25.1,79.0,19.6,0.0,0.0,4.8,4.8,0.0,5.6,40.3,286.2,7.6,17.6,137.0,1003.6,1003.6,2.7,5.2
2024-07-16 20:40:00+02:00,18.7,18.7,18.8,14.5,76.0,25.0,79.0,18.7,0.0,0.0,4.8,4.8,0.0,5.6,40.3,286.2,7.0,19.4,136.0,1003.6,1003.6,2.7,5.2
2024-07-16 20:45:00+02:00,18.7,18.7,18.5,14.4,76.0,25.0,79.0,17.4,0.0,0.0,4.8,4.8,0.0,5.6,40.3,286.2,8.3,19.4,127.0,1003.8,1003.8,2.7,5.2
2024-07-16 20:50:00+02:00,18.7,18.7,18.7,14.6,77.0,24.9,78.0,16.1,0.0,0.0,4.8,4.8,0.0,5.6,40.3,286.2,7.3,16.6,126.0,1003.8,1003.8,2.7,5.2
2024-07-16 20:55:00+02:00,18.7,18.7,19.2,14.6,77.0,24.8,79.0,14.4,0.0,0.0,4.8,4.8,0.0,5.6,40.3,286.2,4.8,16.6,146.0,1003.7,1003.7,2.7,5.2
2024-07-16 21:00:00+02:00,18.5,18.5,18.9,14.5,77.0,24.8,79.0,12.8,0.0,0.0,4.8,4.8,0.0,5.6,40.3,286.2,5.8,14.4,136.0,1003.8,1003.8,2.7,5.2
2024-07-16 21:05:00+02:00,18.5,18.5,18.8,14.5,78.0,24.7,79.0,11.3,0.0,0.0,4.8,4.8,0.0,5.6,40.3,286.2,5.8,10.4,137.0,1004.0,1004.0,2.7,5.2
2024-07-16 21:10:00+02:00,18.5,18.5,18.5,14.6,78.0,24.7,79.0,10.1,0.0,0.0,4.8,4.8,0.0,5.6,40.3,286.2,7.2,14.0,123.0,1003.9,1003.9,2.7,5.2
2024-07-16 21:15:00+02:00,18.5,18.5,18.3,14.5,77.0,24.6,79.0,9.3,0.0,0.0,4.8,4.8,0.0,5.6,40.3,286.2,8.4,20.2,130.0,1004.0,1004.0,2.7,5.2
2024-07-16 21:20:00+02:00,18.5,18.5,18.5,14.6,78.0,24.5,79.0,7.4,0.0,0.0,4.8,4.8,0.0,5.6,40.3,286.2,7.4,18.4,128.0,1004.1,1004.1,2.7,5.2
2024-07-16 21:25:00+02:00,18.5,18.5,18.3,14.5,77.0,24.5,79.0,5.8,0.0,0.0,4.8,4.8,0.0,5.6,40.3,286.2,8.4,16.9,119.0,1004.2,1004.2,2.7,5.2
2024-07-16 21:30:00+02:00,18.5,18.5,18.3,14.4,77.0,24.4,79.0,4.0,0.0,0.0,4.8,4.8,0.0,5.6,40.3,286.2,8.5,13.0,125.0,1004.1,1004.1,2.7,5.2
2024-07-16 21:35:00+02:00,18.4,18.4,18.5,14.5,78.0,24.4,79.0,3.1,0.0,0.0,4.8,4.8,0.0,5.6,40.3,286.2,7.0,10.8,129.0,1004.3,1004.3,2.7,5.2
2024-07-16 21:40:00+02:00,18.4,18.4,17.9,14.3,77.0,24.3,79.0,2.0,0.0,0.0,4.8,4.8,0.0,5.6,40.3,286.2,9.4,16.9,133.0,1004.4,1004.4,2.7,5.2
2024-07-16 21:45:00+02:00,18.4,18.4,18.5,14.4,78.0,24.3,79.0,1.1,0.0,0.0,4.8,4.8,0.0,5.6,40.3,286.2,7.1,14.0,131.0,1004.5,1004.5,2.7,5.2
2024-07-16 21:50:00+02:00,18.5,18.5,18.0,14.4,77.0,24.2,79.0,0.7,0.0,0.0,4.8,4.8,0.0,5.6,40.3,286.2,9.8,15.8,128.0,1004.5,1004.5,2.7,5.2
2024-07-16 21:55:00+02:00,18.5,18.5,18.5,14.4,77.0,24.2,79.0,0.5,0.0,0.0,4.8,4.8,0.0,5.6,40.3,286.2,7.2,16.9,126.0,1004.6,1004.6,2.7,5.1
2024-07-16 22:00:00+02:00,18.4,18.4,18.2,14.3,77.0,24.2,79.0,0.2,0.0,0.0,4.8,4.8,0.0,5.6,40.3,286.2,8.2,16.2,137.0,1004.5,1004.5,2.7,5.1
2024-07-16 22:05:00+02:00,18.3,18.3,17.7,14.2,77.0,24.1,79.0,0.1,0.0,0.0,4.8,4.8,0.0,5.6,40.3,286.2,10.0,19.8,123.0,1004.5,1004.5,2.7,5.1
2024-07-16 22:10:00+02:00,18.3,18.3,17.9,14.1,77.0,24.1,79.0,0.0,0.0,0.0,4.8,4.8,0.0,5.6,40.3,286.2,8.9,15.5,116.0,1004.5,1004.5,2.7,5.1
2024-07-16 22:15:00+02:00,18.2,18.2,18.0,14.1,77.0,24.0,79.0,0.0,0.0,0.0,4.8,4.8,0.0,5.6,40.3,286.2,7.8,16.9,126.0,1004.6,1004.6,2.7,5.1
2024-07-16 22:20:00+02:00,18.1,18.1,18.5,14.1,77.0,23.9,79.0,0.0,0.0,0.0,4.8,4.8,0.0,5.6,40.3,286.2,5.0,15.5,113.0,1004.6,1004.6,2.7,5.1
2024-07-16 22:25:00+02:00,17.9,17.9,17.9,13.9,78.0,23.9,79.0,0.0,0.0,0.0,4.8,4.8,0.0,5.6,40.3,286.2,6.6,14.8,134.0,1004.7,1004.7,2.7,5.1
2024-07-16 22:30:00+02:00,17.8,17.8,17.7,13.9,78.0,23.8,79.0,0.0,0.0,0.0,4.8,4.8,0.0,5.6,40.3,286.2,6.9,12.6,127.0,1004.7,1004.7,2.7,5.1
2024-07-16 22:35:00+02:00,17.8,17.8,17.4,13.9,78.0,23.8,79.0,0.0,0.0,0.0,4.8,4.8,0.0,5.6,40.3,286.2,8.8,18.0,124.0,1004.7,1004.7,2.7,5.1
2024-07-16 22:40:00+02:00,17.7,17.7,17.4,14.1,79.0,23.7,79.0,0.0,0.0,0.0,4.8,4.8,0.0,5.6,40.3,286.2,8.0,18.0,121.0,1004.7,1004.7,2.7,5.1
2024-07-16 22:45:00+02:00,17.7,17.7,17.4,14.1,79.0,23.7,79.0,0.0,0.0,0.0,4.8,4.8,0.0,5.6,40.3,286.2,8.1,17.3,107.0,1004.7,1004.7,2.7,5.1
2024-07-16 22:50:00+02:00,17.5,17.5,17.7,14.0,80.0,23.6,79.0,0.0,0.0,0.0,4.8,4.8,0.0,5.6,40.3,286.2,5.7,10.1,123.0,1004.7,1004.7,2.7,5.1
2024-07-16 22:55:00+02:00,17.5,17.5,18.1,14.1,81.0,23.5,79.0,0.0,0.0,0.0,4.8,4.8,0.0,5.6,40.3,286.2,3.6,7.9,122.0,1004.8,1004.8,2.7,5.1
2024-07-16 23:00:00+02:00,17.3,17.3,17.7,14.1,81.0,23.5,79.0,0.0,0.0,0.0,4.8,4.8,0.0,5.6,40.3,286.2,5.0,7.9,138.0,1004.7,1004.7,2.7,5.1
2024-07-16 23:05:00+02:00,17.3,17.3,17.6,14.1,82.0,23.4,79.0,0.0,0.0,0.0,4.8,4.8,0.0,5.6,40.3,286.2,5.5,10.4,130.0,1004.9,1004.9,2.7,5.1
2024-07-16 23:10:00+02:00,17.3,17.3,17.6,14.2,82.0,23.4,79.0,0.0,0.0,0.0,4.8,4.8,0.0,5.6,40.3,286.2,5.1,11.5,126.0,1004.9,1004.9,2.7,5.1
2024-07-16 23:15:00+02:00,17.3,17.3,17.3,14.2,82.0,23.3,79.0,0.0,0.0,0.0,4.8,4.8,0.0,5.6,40.3,286.2,7.3,11.5,134.0,1004.9,1004.9,2.7,5.1
2024-07-16 23:20:00+02:00,17.4,17.4,17.8,14.3,82.0,23.2,79.0,0.0,0.0,0.0,4.8,4.8,0.0,5.6,40.3,286.2,4.8,9.4,111.0,1005.0,1005.0,2.7,5.1
2024-07-16 23:25:00+02:00,17.3,17.3,17.6,14.2,82.0,23.2,79.0,0.0,0.0,0.0,4.8,4.8,0.0,5.6,40.3,286.2,5.1,9.7,132.0,1005.1,1005.1,2.7,5.1
2024-07-16 23:30:00+02:00,17.4,17.4,17.6,14.5,83.0,23.2,79.0,0.0,0.0,0.0,4.8,4.8,0.0,5.6,40.3,286.2,6.2,11.9,127.0,1005.0,1005.0,2.7,5.1
2024-07-16 23:35:00+02:00,17.3,17.3,17.3,14.3,82.0,23.1,79.0,0.0,0.0,0.0,4.8,4.8,0.0,5.6,40.3,286.2,7.5,15.5,114.0,1005.1,1005.1,2.7,5.1
2024-07-16 23:40:00+02:00,17.5,17.5,17.5,14.3,82.0,23.1,79.0,0.0,0.0,0.0,4.8,4.8,0.0,5.6,40.3,286.2,6.6,12.6,133.0,1005.1,1005.1,2.7,5.1
2024-07-16 23:45:00+02:00,17.5,17.5,17.1,14.3,82.0,23.0,79.0,0.0,0.0,0.0,4.8,4.8,0.0,5.6,40.3,286.2,8.8,16.2,120.0,1005.2,1005.2,2.7,5.0
2024-07-16 23:50:00+02:00,17.5,17.5,17.4,14.3,82.0,23.0,79.0,0.0,0.0,0.0,4.8,4.8,0.0,5.6,40.3,286.2,7.8,16.2,127.0,1005.2,1005.2,2.7,5.0
2024-07-16 23:55:00+02:00,17.4,17.4,17.8,14.2,82.0,23.0,79.0,0.0,0.0,0.0,4.8,4.8,0.0,5.6,40.3,286.2,5.0,12.6,127.0,1005.1,1005.1,2.7,5.0
2024-07-17 00:00:00+02:00,17.4,17.4,17.6,14.2,82.0,22.9,79.0,0.0,0.0,0.0,0.0,4.8,0.0,5.6,40.3,286.2,5.9,10.8,126.0,1005.2,1005.2,2.7,5.0
2024-07-17 00:05:00+02:00,17.3,17.3,17.1,14.1,81.0,22.9,79.0,0.0,0.0,0.0,0.0,4.8,0.0,5.6,40.3,286.2,8.0,18.0,113.0,1005.2,1005.2,2.7,5.0
2024-07-17 00:10:00+02:00,17.3,17.3,17.9,14.1,82.0,22.8,79.0,0.0,0.0,0.0,0.0,4.8,0.0,5.6,40.3,286.2,3.6,11.9,114.0,1005.3,1005.3,2.7,5.0
2024-07-17 00:15:00+02:00,17.1,17.1,17.3,14.0,82.0,22.8,79.0,0.0,0.0,0.0,0.0,4.8,0.0,5.6,40.3,286.2,5.5,12.2,115.0,1005.2,1005.2,2.7,5.0
2024-07-17 00:20:00+02:00,17.0,17.0,17.2,14.1,83.0,22.8,79.0,0.0,0.0,0.0,0.0,4.8,0.0,5.6,40.3,286.2,5.6,12.2,112.0,1005.2,1005.2,2.7,5.0
2024-07-17 00:25:00+02:00,16.9,16.9,17.2,14.0,83.0,22.7,79.0,0.0,0.0,0.0,0.0,4.8,0.0,5.6,40.3,286.2,4.9,7.6,123.0,1005.4,1005.4,2.7,5.0
2024-07-17 00:30:00+02:00,16.8,16.8,16.8,13.9,83.0,22.7,79.0,0.0,0.0,0.0,0.0,4.8,0.0,5.6,40.3,286.2,6.4,12.2,123.0,1005.3,1005.3,2.7,5.0
2024-07-17 00:35:00+02:00,16.8,16.8,16.7,13.9,83.0,22.6,79.0,0.0,0.0,0.0,0.0,4.8,0.0,5.6,40.3,286.2,6.8,11.5,130.0,1005.3,1005.3,2.7,5.0
2024-07-17 00:40:00+02:00,16.9,16.9,17.0,14.0,83.0,22.6,79.0,0.0,0.0,0.0,0.0,4.8,0.0,5.6,40.3,286.2,6.2,11.2,125.0,1005.4,1005.4,2.7,5.0
2024-07-17 00:45:00+02:00,16.9,16.9,17.1,14.0,83.0,22.5,79.0,0.0,0.0,0.0,0.0,4.8,0.0,5.6,40.3,286.2,5.5,14.0,130.0,1005.4,1005.4,2.7,5.0
2024-07-17 00:50:00+02:00,17.0,17.0,17.1,14.1,83.0,22.5,79.0,0.0,0.0,0.0,0.0,4.8,0.0,5.6,40.3,286.2,6.0,9.0,116.0,1005.2,1005.2,2.7,5.0
2024-07-17 00:55:00+02:00,17.0,17.0,17.0,14.1,83.0,22.4,79.0,0.0,0.0,0.0,0.0,4.8,0.0,5.6,40.3,286.2,6.8,14.4,128.0,1005.3,1005.3,2.7,5.0
2024-07-17 01:00:00+02:00,17.0,17.0,17.1,14.1,83.0,22.4,80.0,0.0,0.0,0.0,0.0,4.8,0.0,5.6,40.3,286.2,6.0,10.8,112.0,1005.4,1005.4,2.7,5.0
2024-07-17 01:05:00+02:00,16.8,16.8,17.0,13.9,83.0,22.4,80.0,0.0,0.0,0.0,0.0,4.8,0.0,5.6,40.3,286.2,5.3,14.4,128.0,1005.4,1005.4,2.7,5.0
2024-07-17 01:10:00+02:00,16.8,16.8,16.6,13.9,83.0,22.3,80.0,0.0,0.0,0.0,0.0,4.8,0.0,5.6,40.3,286.2,7.3,10.4,127.0,1005.5,1005.5,2.7,5.0
2024-07-17 01:15:00+02:00,16.8,16.8,16.9,13.9,83.0,22.3,79.0,0.0,0.0,0.0,0.0,4.8,0.0,5.6,40.3,286.2,6.3,13.0,127.0,1005.6,1005.6,2.7,5.0
2024-07-17 01:20:00+02:00,16.9,16.9,16.9,14.0,83.0,22.3,80.0,0.0,0.0,0.0,0.0,4.8,0.0,5.6,40.3,286.2,6.2,13.0,119.0,1005.6,1005.6,2.7,5.0
2024-07-17 01:25:00+02:00,16.9,16.9,16.7,14.0,83.0,22.2,80.0,0.0,0.0,0.0,0.0,4.8,0.0,5.6,40.3,286.2,7.7,13.0,125.0,1005.6,1005.6,2.7,5.0
2024-07-17 01:30:00+02:00,16.9,16.9,17.0,14.0,83.0,22.2,80.0,0.0,0.0,0.0,0.0,4.8,0.0,5.6,40.3,286.2,6.0,11.5,112.0,1005.8,1005.8,2.7,5.0
2024-07-17 01:35:00+02:00,16.8,16.8,16.7,14.0,83.0,22.2,80.0,0.0,0.0,0.0,0.0,4.8,0.0,5.6,40.3,286.2,7.1,14.8,126.0,1005.8,1005.8,2.7,4.9
2024-07-17 01:40:00+02:00,16.8,16.8,16.8,14.1,84.0,22.1,80.0,0.0,0.0,0.0,0.0,4.8,0.0,5.6,40.3,286.2,6.8,10.1,133.0,1005.8,1005.8,2.7,4.9
2024-07-17 01:45:00+02:00,16.8,16.8,17.0,14.0,83.0,22.1,80.0,0.0,0.0,0.0,0.0,4.8,0.0,5.6,40.3,286.2,5.3,14.4,122.0,1005.9,1005.9,2.7,4.9
2024-07-17 01:50:00+02:00,16.8,16.8,16.8,14.0,83.0,22.1,80.0,0.0,0.0,0.0,0.0,4.8,0.0,5.6,40.3,286.2,6.6,10.4,124.0,1006.0,1006.0,2.7,4.9
2024-07-17 01:55:00+02:00,16.7,16.7,16.9,14.0,84.0,22.1,80.0,0.0,0.0,0.0,0.0,4.8,0.0,5.6,40.3,286.2,5.3,10.8,117.0,1006.0,1006.0,2.7,4.9
2024-07-17 02:00:00+02:00,16.7,16.7,16.8,14.0,84.0,22.0,80.0,0.0,0.0,0.0,0.0,4.8,0.0,5.6,40.3,286.2,5.9,9.4,124.0,1006.0,1006.0,2.7,4.9
2024-07-17 02:05:00+02:00,16.7,16.7,17.0,14.0,84.0,22.0,80.0,0.0,0.0,0.0,0.0,4.8,0.0,5.6,40.3,286.2,4.8,12.6,109.0,1006.0,1006.0,2.7,4.9
2024-07-17 02:10:00+02:00,16.8,16.8,16.8,14.0,84.0,22.0,80.0,0.0,0.0,0.0,0.0,4.8,0.0,5.6,40.3,286.2,6.5,10.8,122.0,1006.1,1006.1,2.7,4.9
2024-07-17 02:15:00+02:00,16.8,16.8,16.6,14.1,84.0,22.0,80.0,0.0,0.0,0.0,0.0,4.8,0.0,5.6,40.3,286.2,7.8,10.4,127.0,1006.1,1006.1,2.7,4.9
2024-07-17 02:20:00+02:00,16.8,16.8,17.3,14.1,84.0,21.9,80.0,0.0,0.0,0.0,0.0,4.8,0.0,5.6,40.3,286.2,4.2,9.7,129.0,1006.1,1006.1,2.7,4.9
2024-07-17 02:25:00+02:00,16.9,16.9,16.7,14.1,84.0,21.9,80.0,0.0,0.0,0.0,0.0,4.8,0.0,5.6,40.3,286.2,7.6,16.6,120.0,1006.0,1006.0,2.7,4.9
2024-07-17 02:30:00+02:00,16.9,16.9,17.2,14.2,84.0,21.9,80.0,0.0,0.0,0.0,0.0,4.8,0.0,5.6,40.3,286.2,5.0,18.4,116.0,1005.9,1005.9,2.7,4.9
2024-07-17 02:35:00+02:00,16.9,16.9,17.3,14.2,84.0,21.9,80.0,0.0,0.0,0.0,0.0,4.8,0.0,5.6,40.3,286.2,4.8,13.7,113.0,1006.1,1006.1,2.7,4.9
2024-07-17 02:40:00+02:00,16.9,16.9,16.8,14.2,84.0,21.9,80.0,0.0,0.0,0.0,0.0,4.8,0.0,5.6,40.3,286.2,7.6,10.4,122.0,1006.1,1006.1,2.7,4.9
2024-07-17 02:45:00+02:00,16.9,16.9,17.1,14.2,84.0,21.8,80.0,0.0,0.0,0.0,0.0,4.8,0.0,5.6,40.3,286.2,5.9,13.3,123.0,1006.0,1006.0,2.7,4.9
2024-07-17 02:50:00+02:00,16.8,16.8,16.6,14.1,84.0,21.8,80.0,0.0,0.0,0.0,0.0,4.8,0.0,5.6,40.3,286.2,7.9,14.8,121.0,1006.1,1006.1,2.7,4.9
2024-07-17 02:55:00+02:00,16.8,16.8,16.9,14.1,84.0,21.8,80.0,0.0,0.0,0.0,0.0,4.8,0.0,5.6,40.3,286.2,6.3,17.6,119.0,1006.1,1006.1,2.7,4.9
2024-07-17 03:00:00+02:00,16.8,16.8,17.5,14.1,84.0,21.8,80.0,0.0,0.0,0.0,0.0,4.8,0.0,5.6,40.3,286.2,3.1,10.4,137.0,1006.0,1006.0,2.7,4.9
2024-07-17 03:05:00+02:00,16.8,16.8,17.4,14.1,84.0,21.8,80.0,0.0,0.0,0.0,0.0,4.8,0.0,5.6,40.3,286.2,3.6,8.6,93.0,1006.1,1006.1,2.7,4.9
2024-07-17 03:10:00+02:00,16.8,16.8,16.9,14.1,84.0,21.8,80.0,0.0,0.0,0.0,0.0,4.8,0.0,5.6,40.3,286.2,5.9,12.2,119.0,1006.1,1006.1,2.7,4.9
2024-07-17 03:15:00+02:00,16.8,16.8,17.3,14.1,84.0,21.7,80.0,0.0,0.0,0.0,0.0,4.8,0.0,5.6,40.3,286.2,4.2,9.7,110.0,1006.1,1006.1,2.7,4.8
2024-07-17 03:20:00+02:00,16.8,16.8,17.0,14.2,85.0,21.7,80.0,0.0,0.0,0.0,0.0,4.8,0.0,5.6,40.3,286.2,5.6,11.2,124.0,1006.2,1006.2,2.7,4.8
2024-07-17 03:25:00+02:00,16.8,16.8,17.1,14.1,84.0,21.7,80.0,0.0,0.0,0.0,0.0,4.8,0.0,5.6,40.3,286.2,5.0,11.2,136.0,1006.2,1006.2,2.7,4.8
2024-07-17 03:30:00+02:00,16.8,16.8,17.3,14.2,85.0,21.7,80.0,0.0,0.0,0.0,0.0,4.8,0.0,5.6,40.3,286.2,4.4,7.9,115.0,1006.3,1006.3,2.7,4.8
2024-07-17 03:35:00+02:00,16.8,16.8,17.5,14.2,85.0,21.7,80.0,0.0,0.0,0.0,0.0,4.8,0.0,5.6,40.3,286.2,3.3,9.4,125.0,1006.3,1006.3,2.7,4.8
2024-07-17 03:40:00+02:00,16.8,16.8,16.9,14.1,84.0,21.7,81.0,0.0,0.0,0.0,0.0,4.8,0.0,5.6,40.3,286.2,6.1,11.9,120.0,1006.2,1006.2,2.7,4.8
2024-07-17 03:45:00+02:00,16.8,16.8,17.2,14.2,85.0,21.7,81.0,0.0,0.0,0.0,0.0,4.8,0.0,5.6,40.3,286.2,5.0,9.7,130.0,1006.4,1006.4,2.7,4.8
2024-07-17 03:50:00+02:00,16.8,16.8,17.3,14.2,85.0,21.7,81.0,0.0,0.0,0.0,0.0,4.8,0.0,5.6,40.3,286.2,4.3,10.1,130.0,1006.4,1006.4,2.7,4.8
2024-07-17 03:55:00+02:00,16.8,16.8,17.7,14.2,85.0,21.7,81.0,0.0,0.0,0.0,0.0,4.8,0.0,5.6,40.3,286.2,2.4,8.3,161.0,1006.4,1006.4,2.7,4.8
2024-07-17 04:00:00+02:00,16.8,16.8,17.6,14.1,84.0,21.7,81.0,0.0,0.0,0.0,0.0,4.8,0.0,5.6,40.3,286.2,2.3,5.0,228.0,1006.5,1006.5,2.7,4.8
2024-07-17 04:05:00+02:00,16.9,16.9,17.8,14.2,84.0,21.6,81.0,0.0,0.0,0.0,0.0,4.8,0.0,5.6,40.3,286.2,2.0,6.8,144.0,1006.7,1006.7,2.7,4.8
2024-07-17 04:10:00+02:00,16.8,16.8,17.8,14.1,84.0,21.6,81.0,0.0,0.0,0.0,0.0,4.8,0.0,5.6,40.3,286.2,1.7,7.2,109.0,1006.6,1006.6,2.7,4.8
2024-07-17 04:15:00+02:00,16.8,16.8,18.0,14.2,85.0,21.6,81.0,0.0,0.0,0.0,0.0,4.8,0.0,5.6,40.3,286.2,0.8,7.2,114.0,1006.7,1006.7,2.7,4.8
2024-07-17 04:20:00+02:00,16.8,16.8,18.0,14.2,85.0,21.6,81.0,0.0,0.0,0.0,0.0,4.8,0.0,5.6,40.3,286.2,0.8,5.4,106.0,1006.8,1006.8,2.7,4.8
2024-07-17 04:25:00+02:00,16.8,16.8,17.7,14.2,85.0,21.6,81.0,0.0,0.0,0.0,0.0,4.8,0.0,5.6,40.3,286.2,2.2,5.4,108.0,1006.8,1006.8,2.7,4.8
2024-07-17 04:30:00+02:00,16.8,16.8,18.0,14.1,84.0,21.6,81.0,0.0,0.0,0.0,0.0,4.8,0.0,5.6,40.3,286.2,0.9,6.8,178.0,1006.9,1006.9,2.7,4.8
2024-07-17 04:35:00+02:00,16.9,16.9,18.0,14.3,85.0,21.6,81.0,0.0,0.0,0.0,0.0,4.8,0.0,5.6,40.3,286.2,1.4,5.0,126.0,1007.1,1007.1,2.7,4.8
2024-07-17 04:40:00+02:00,16.9,16.9,17.9,14.3,85.0,21.6,81.0,0.0,0.0,0.0,0.0,4.8,0.0,5.6,40.3,286.2,1.9,6.8,47.0,1007.1,1007.1,2.7,4.8
2024-07-17 04:45:00+02:00,16.9,16.9,17.9,14.3,85.0,21.6,81.0,0.0,0.0,0.0,0.0,4.8,0.0,5.6,40.3,286.2,1.9,4.7,97.0,1007.2,1007.2,2.7,4.8
2024-07-17 04:50:00+02:00,16.8,16.8,17.8,14.2,85.0,21.6,81.0,0.0,0.0,0.0,0.0,4.8,0.0,5.6,40.3,286.2,2.1,5.4,118.0,1007.3,1007.3,2.7,4.8
2024-07-17 04:55:00+02:00,16.8,16.8,17.9,14.2,84.0,21.6,81.0,0.0,0.0,0.0,0.0,4.8,0.0,5.6,40.3,286.2,1.6,14.8,239.0,1007.4,1007.4,2.7,4.8
2024-07-17 05:00:00+02:00,16.8,16.8,17.7,14.2,85.0,21.6,81.0,0.0,0.0,0.0,0.0,4.8,0.0,5.6,40.3,286.2,2.2,5.4,116.0,1007.2,1007.2,2.7,4.8
2024-07-17 05:05:00+02:00,16.7,16.7,17.6,14.1,85.0,21.6,81.0,0.2,0.0,0.0,0.0,4.8,0.0,5.6,40.3,286.2,2.2,5.8,117.0,1007.3,1007.3,2.7,4.7
2024-07-17 05:10:00+02:00,16.6,16.6,17.6,14.1,85.0,21.5,81.0,0.3,0.0,0.0,0.0,4.8,0.0,5.6,40.3,286.2,1.6,6.1,133.0,1007.4,1007.4,2.7,4.7
2024-07-17 05:15:00+02:00,16.5,16.5,17.6,14.1,86.0,21.5,81.0,0.6,0.0,0.0,0.0,4.8,0.0,5.6,40.3,286.2,1.4,6.5,157.0,1007.4,1007.4,2.7,4.7
2024-07-17 05:20:00+02:00,16.3,16.3,17.4,14.0,86.0,21.5,81.0,0.9,0.0,0.0,0.0,4.8,0.0,5.6,40.3,286.2,1.2,4.3,138.0,1007.5,1007.5,2.7,4.7
2024-07-17 05:25:00+02:00,16.3,16.3,17.1,14.1,87.0,21.5,81.0,1.6,0.0,0.0,0.0,4.8,0.0,5.6,40.3,286.2,2.2,4.7,84.0,1007.5,1007.5,2.7,4.7
2024-07-17 05:30:00+02:00,16.2,16.2,17.1,14.1,87.0,21.5,81.0,2.2,0.0,0.0,0.0,4.8,0.0,5.6,40.3,286.2,1.8,5.0,119.0,1007.7,1007.7,2.7,4.7
2024-07-17 05:35:00+02:00,16.1,16.1,16.9,14.1,88.0,21.5,81.0,2.7,0.0,0.0,0.0,4.8,0.0,5.6,40.3,286.2,2.7,4.0,115.0,1007.7,1007.7,2.7,4.7
2024-07-17 05:40:00+02:00,16.2,16.2,16.9,14.2,88.0,21.5,81.0,3.0,0.0,0.0,0.0,4.8,0.0,5.6,40.3,286.2,2.7,6.1,114.0,1007.8,1007.8,2.7,4.7
2024-07-17 05:45:00+02:00,16.3,16.3,16.7,14.1,87.0,21.5,81.0,3.4,0.0,0.0,0.0,4.8,0.0,5.6,40.3,286.2,4.3,7.2,119.0,1007.9,1007.9,2.7,4.7
2024-07-17 05:50:00+02:00,16.4,16.4,16.9,14.2,87.0,21.4,81.0,3.9,0.0,0.0,0.0,4.8,0.0,5.6,40.3,286.2,4.0,6.1,121.0,1008.0,1008.0,2.7,4.7
2024-07-17 05:55:00+02:00,16.4,16.4,17.1,14.2,87.0,21.4,81.0,3.3,0.0,0.0,0.0,4.8,0.0,5.6,40.3,286.2,3.5,7.2,103.0,1008.0,1008.0,2.7,4.7
2024-07-17 06:00:00+02:00,16.5,16.5,17.3,14.3,87.0,21.4,81.0,4.7,0.0,0.0,0.0,4.8,0.0,5.6,40.3,286.2,2.5,6.5,112.0,1008.1,1008.1,2.7,4.7
2024-07-17 06:05:00+02:00,16.5,16.5,16.8,14.3,87.0,21.4,81.0,4.8,0.0,0.0,0.0,4.8,0.0,5.6,40.3,286.2,5.3,8.3,129.0,1008.2,1008.2,2.7,4.7
2024-07-17 06:10:00+02:00,16.5,16.5,17.3,14.3,87.0,21.4,81.0,4.0,0.0,0.0,0.0,4.8,0.0,5.6,40.3,286.2,3.0,9.0,126.0,1008.1,1008.1,2.7,4.7
2024-07-17 06:15:00+02:00,16.6,16.6,17.3,14.4,87.0,21.3,81.0,7.7,0.0,0.0,0.0,4.8,0.0,5.6,40.3,286.2,3.5,7.9,128.0,1008.2,1008.2,2.7,4.7
2024-07-17 06:20:00+02:00,16.6,16.6,17.1,14.3,86.0,21.3,81.0,11.4,0.0,0.0,0.0,4.8,0.0,5.6,40.3,286.2,4.5,8.3,111.0,1008.3,1008.3,2.7,4.7
2024-07-17 06:25:00+02:00,16.6,16.6,16.9,14.3,86.0,21.3,81.0,13.3,0.0,0.0,0.0,4.8,0.0,5.6,40.3,286.2,5.3,8.3,111.0,1008.1,1008.1,2.7,4.7
2024-07-17 06:30:00+02:00,16.7,16.7,17.1,14.3,86.0,21.3,81.0,13.8,0.0,0.0,0.0,4.8,0.0,5.6,40.3,286.2,4.9,9.0,119.0,1008.3,1008.3,2.7,4.7
2024-07-17 06:35:00+02:00,16.7,16.7,17.1,14.4,86.0,21.3,81.0,12.2,0.0,0.0,0.0,4.8,0.0,5.6,40.3,286.2,5.3,12.2,122.0,1008.2,1008.2,2.7,4.7
2024-07-17 06:40:00+02:00,16.7,16.7,17.2,14.4,86.0,21.3,81.0,13.3,0.0,0.0,0.0,4.8,0.0,5.6,40.3,286.2,4.8,7.9,116.0,1008.3,1008.3,2.7,4.7
2024-07-17 06:45:00+02:00,16.7,16.7,17.1,14.4,86.0,21.3,81.0,22.6,0.0,0.0,0.0,4.8,0.0,5.6,40.3,286.2,5.3,8.6,129.0,1008.3,1008.3,2.7,4.7
2024-07-17 06:50:00+02:00,16.7,16.7,17.2,14.4,86.0,21.3,81.0,30.6,0.0,0.0,0.0,4.8,0.0,5.6,40.3,286.2,4.9,8.3,121.0,1008.3,1008.3,2.7,4.7
2024-07-17 06:55:00+02:00,16.8,16.8,17.3,14.4,86.0,21.3,81.0,32.4,0.0,0.0,0.0,4.8,0.0,5.6,40.3,286.2,4.6,11.5,135.0,1008.4,1008.4,2.7,4.7
2024-07-17 07:00:00+02:00,16.8,16.8,17.0,14.3,85.0,21.3,82.0,35.6,0.0,0.0,0.0,4.8,0.0,5.6,40.3,286.2,6.3,10.1,118.0,1008.4,1008.4,2.7,4.7
2024-07-17 07:05:00+02:00,16.8,16.8,17.2,14.4,86.0,21.3,82.0,39.5,0.0,0.0,0.0,4.8,0.0,5.6,40.3,286.2,5.0,9.4,113.0,1008.6,1008.6,2.7,4.7
2024-07-17 07:10:00+02:00,16.8,16.8,17.5,14.3,85.0,21.3,82.0,49.4,0.0,0.0,0.0,4.8,0.0,5.6,40.3,286.2,3.5,11.2,115.0,1008.6,1008.6,2.7,4.7
2024-07-17 07:15:00+02:00,16.9,16.9,17.2,14.5,86.0,21.3,82.0,54.7,0.0,0.0,0.0,4.8,0.0,5.6,40.3,286.2,5.8,9.4,130.0,1008.6,1008.6,2.7,4.7
2024-07-17 07:20:00+02:00,16.9,16.9,17.4,14.4,85.0,21.3,82.0,45.9,0.0,0.0,0.0,4.8,0.0,5.6,40.3,286.2,4.6,13.3,114.0,1008.6,1008.6,2.7,4.7
2024-07-17 07:25:00+02:00,16.9,16.9,16.9,14.4,85.0,21.3,82.0,59.8,0.0,0.0,0.0,4.8,0.0,5.6,40.3,286.2,7.0,13.3,124.0,1008.7,1008.7,2.7,4.7
2024-07-17 07:30:00+02:00,17.0,17.0,17.5,14.5,85.0,21.3,82.0,61.9,0.0,0.0,0.0,4.8,0.0,5.6,40.3,286.2,4.5,9.0,138.0,1008.8,1008.8,2.7,4.7
2024-07-17 07:35:00+02:00,17.0,17.0,17.3,14.5,85.0,21.4,82.0,55.4,0.0,0.0,0.0,4.8,0.0,5.6,40.3,286.2,5.8,10.1,130.0,1008.8,1008.8,2.7,4.7
2024-07-17 07:40:00+02:00,17.1,17.1,17.8,14.6,85.0,21.4,82.0,62.8,0.0,0.0,0.0,4.8,0.0,5.6,40.3,286.2,4.1,9.0,110.0,1009.0,1009.0,2.7,4.7
2024-07-17 07:45:00+02:00,17.2,17.2,17.8,14.6,85.0,21.4,82.0,70.9,0.0,0.0,0.0,4.8,0.0,5.6,40.3,286.2,4.0,11.9,151.0,1009.1,1009.1,2.7,4.7
2024-07-17 07:50:00+02:00,17.2,17.2,17.9,14.6,84.0,21.4,82.0,63.9,0.0,0.0,0.0,4.8,0.0,5.6,40.3,286.2,3.7,9.7,135.0,1009.1,1009.1,2.7,4.7
2024-07-17 07:55:00+02:00,17.3,17.3,17.7,14.7,85.0,21.4,82.0,72.0,0.0,0.0,0.0,4.8,0.0,5.6,40.3,286.2,5.6,14.8,122.0,1009.1,1009.1,2.7,4.8
2024-07-17 08:00:00+02:00,17.2,17.2,17.9,14.6,84.0,21.5,82.0,86.3,0.0,0.0,0.0,4.8,0.0,5.6,40.3,286.2,4.0,10.8,116.0,1009.2,1009.2,2.7,4.8
2024-07-17 08:05:00+02:00,17.3,17.3,17.9,14.6,84.0,21.5,82.0,87.0,0.0,0.0,0.0,4.8,0.0,5.6,40.3,286.2,4.3,11.5,100.0,1009.2,1009.2,2.7,4.8
2024-07-17 08:10:00+02:00,17.3,17.3,17.2,14.6,84.0,21.5,82.0,85.6,0.0,0.0,0.0,4.8,0.0,5.6,40.3,286.2,8.4,14.4,124.0,1009.2,1009.2,2.7,4.8
2024-07-17 08:15:00+02:00,17.3,17.3,17.7,14.5,84.0,21.5,82.0,75.9,0.0,0.0,0.0,4.8,0.0,5.6,40.3,286.2,5.4,11.2,115.0,1009.3,1009.3,2.7,4.8
2024-07-17 08:20:00+02:00,17.3,17.3,18.0,14.5,83.0,21.6,82.0,84.5,0.0,0.0,0.0,4.8,0.0,5.6,40.3,286.2,4.3,11.2,110.0,1009.2,1009.2,2.7,4.8
2024-07-17 08:25:00+02:00,17.4,17.4,18.0,14.6,83.0,21.6,82.0,83.0,0.0,0.0,0.0,4.8,0.0,5.6,40.3,286.2,4.9,12.2,120.0,1009.4,1009.4,2.7,4.8
2024-07-17 08:30:00+02:00,17.4,17.4,17.6,14.6,83.0,21.6,82.0,83.5,0.0,0.0,0.0,4.8,0.0,5.6,40.3,286.2,6.3,14.8,126.0,1009.3,1009.3,2.7,4.8
2024-07-17 08:35:00+02:00,17.5,17.5,18.2,14.7,84.0,21.7,83.0,68.4,0.0,0.0,0.0,4.8,0.0,5.6,40.3,286.2,4.2,9.0,121.0,1009.4,1009.4,2.7,4.9
2024-07-17 08:40:00+02:00,17.5,17.5,18.2,14.7,83.0,21.7,83.0,70.7,0.0,0.0,0.0,4.8,0.0,5.6,40.3,286.2,3.9,9.7,131.0,1009.5,1009.5,2.7,4.9
2024-07-17 08:45:00+02:00,17.7,17.7,18.9,14.8,83.0,21.7,83.0,70.2,0.0,0.0,0.0,4.8,0.0,5.6,40.3,286.2,1.4,5.0,133.0,1009.5,1009.5,2.7,4.9
2024-07-17 08:50:00+02:00,17.6,17.6,18.4,14.7,83.0,21.7,83.0,65.1,0.0,0.0,0.0,4.8,0.0,5.6,40.3,286.2,3.7,9.0,131.0,1009.5,1009.5,2.7,4.9
2024-07-17 08:55:00+02:00,17.6,17.6,18.4,14.6,83.0,21.7,83.0,66.0,0.0,0.0,0.0,4.8,0.0,5.6,40.3,286.2,3.7,11.9,97.0,1009.5,1009.5,2.7,4.9
2024-07-17 09:00:00+02:00,17.6,17.6,17.9,14.7,83.0,21.8,83.0,74.9,0.0,0.0,0.0,4.8,0.0,5.6,40.3,286.2,5.8,14.4,133.0,1009.6,1009.6,2.7,4.9
2024-07-17 09:05:00+02:00,17.6,17.6,18.4,14.6,83.0,21.8,83.0,121.5,1.0,0.0,0.0,4.8,0.0,5.6,40.3,286.2,3.3,13.3,86.0,1009.7,1009.7,2.7,4.9
2024-07-17 09:10:00+02:00,18.0,18.0,19.0,14.7,81.0,21.8,83.0,112.3,1.0,0.0,0.0,4.8,0.0,5.6,40.3,286.2,2.5,10.1,106.0,1009.6,1009.6,2.7,4.9
2024-07-17 09:15:00+02:00,17.9,17.9,18.4,14.7,81.0,21.8,83.0,159.7,1.0,0.0,0.0,4.8,0.0,5.6,40.3,286.2,5.1,14.0,119.0,1009.7,1009.7,2.7,5.0
2024-07-17 09:20:00+02:00,18.1,18.1,18.7,14.8,81.0,21.9,83.0,137.7,1.0,0.0,0.0,4.8,0.0,5.6,40.3,286.2,4.8,9.4,134.0,1009.7,1009.7,2.7,5.0
2024-07-17 09:25:00+02:00,17.8,17.8,18.0,14.7,82.0,21.9,83.0,53.8,0.0,0.0,0.0,4.8,0.0,5.6,40.3,286.2,7.1,13.3,117.0,1009.8,1009.8,2.7,5.0
2024-07-17 09:30:00+02:00,17.6,17.6,17.7,14.6,83.0,22.0,83.0,75.2,0.0,0.0,0.0,4.8,0.0,5.6,40.3,286.2,7.1,14.8,131.0,1009.8,1009.8,2.7,5.0
2024-07-17 09:35:00+02:00,17.7,17.7,18.5,14.7,83.0,22.0,83.0,156.6,1.0,0.0,0.0,4.8,0.0,5.6,40.3,286.2,3.8,14.0,132.0,1009.9,1009.9,2.7,5.0
2024-07-17 09:40:00+02:00,17.9,17.9,18.1,14.8,82.0,22.0,83.0,252.2,2.0,0.0,0.0,4.8,0.0,5.6,40.3,286.2,7.0,12.6,130.0,1009.8,1009.8,2.7,5.0
2024-07-17 09:45:00+02:00,18.3,18.3,19.0,15.1,82.0,22.1,83.0,145.0,1.0,0.0,0.0,4.8,0.0,5.6,40.3,286.2,4.6,13.0,159.0,1009.8,1009.8,2.7,5.1
2024-07-17 09:50:00+02:00,18.5,18.5,19.7,15.1,80.0,22.1,83.0,102.2,0.0,0.0,0.0,4.8,0.0,5.6,40.3,286.2,2.6,9.4,111.0,1009.8,1009.8,2.7,5.1
2024-07-17 09:55:00+02:00,18.3,18.3,19.1,14.9,81.0,22.2,83.0,154.1,1.0,0.0,0.0,4.8,0.0,5.6,40.3,286.2,4.2,12.6,118.0,1009.9,1009.9,2.7,5.1
2024-07-17 10:00:00+02:00,18.6,18.6,19.2,15.1,80.0,22.2,83.0,136.6,1.0,0.0,0.0,4.8,0.0,5.6,40.3,286.2,5.2,14.4,138.0,1009.8,1009.8,2.7,5.1
2024-07-17 10:05:00+02:00,18.3,18.3,18.9,14.9,81.0,22.2,84.0,91.1,0.0,0.0,0.0,4.8,0.0,5.6,40.3,286.2,4.8,14.8,135.0,1010.0,1010.0,2.7,5.2
2024-07-17 10:10:00+02:00,18.3,18.3,19.0,14.9,81.0,22.3,84.0,117.9,1.0,0.0,0.0,4.8,0.0,5.6,40.3,286.2,4.5,10.8,126.0,1010.0,1010.0,2.7,5.2
2024-07-17 10:15:00+02:00,18.4,18.4,19.1,14.8,80.0,22.3,84.0,102.5,0.0,0.0,0.0,4.8,0.0,5.6,40.3,286.2,4.7,13.3,128.0,1009.9,1009.9,2.7,5.2
2024-07-17 10:20:00+02:00,18.5,18.5,19.0,14.9,79.0,22.3,84.0,127.2,1.0,0.0,0.0,4.8,0.0,5.6,40.3,286.2,5.8,10.1,94.0,1010.1,1010.1,2.7,5.2
2024-07-17 10:25:00+02:00,18.7,18.7,19.7,15.0,79.0,22.4,84.0,155.2,1.0,0.0,0.0,4.8,0.0,5.6,40.3,286.2,3.2,9.7,123.0,1010.1,1010.1,2.7,5.2
2024-07-17 10:30:00+02:00,19.1,19.1,20.1,15.1,78.0,22.5,84.0,139.5,1.0,0.0,0.0,4.8,0.0,5.6,40.3,286.2,3.0,4.7,197.0,1010.2,1010.2,2.7,5.2
2024-07-17 10:35:00+02:00,19.1,19.1,20.1,15.2,78.0,22.5,84.0,192.9,1.0,0.0,0.0,4.8,0.0,5.6,40.3,286.2,3.2,10.1,123.0,1010.2,1010.2,2.7,5.2
2024-07-17 10:40:00+02:00,19.3,19.3,20.9,15.3,78.0,22.6,84.0,230.3,2.0,0.0,0.0,4.8,0.0,5.6,40.3,286.2,0.7,6.8,281.0,1010.1,1010.1,2.7,5.2
2024-07-17 10:45:00+02:00,19.9,19.9,21.3,15.4,75.0,22.6,84.0,196.4,1.0,0.0,0.0,4.8,0.0,5.6,40.3,286.2,1.7,5.0,242.0,1010.3,1010.3,2.7,5.2
2024-07-17 10:50:00+02:00,19.9,19.9,21.0,15.1,74.0,22.7,84.0,116.6,1.0,0.0,0.0,4.8,0.0,5.6,40.3,286.2,2.5,7.6,211.0,1010.2,1010.2,2.7,5.2
2024-07-17 10:55:00+02:00,19.7,19.7,20.8,15.1,75.0,22.7,84.0,182.0,1.0,0.0,0.0,4.8,0.0,5.6,40.3,286.2,2.3,5.8,222.0,1010.3,1010.3,2.7,5.2
2024-07-17 11:00:00+02:00,19.8,19.8,20.9,15.2,75.0,22.8,84.0,217.8,2.0,0.0,0.0,4.8,0.0,5.6,40.3,286.2,3.2,7.2,201.0,1010.3,1010.3,2.7,5.2
2024-07-17 11:05:00+02:00,20.0,20.0,21.4,15.3,74.0,22.8,84.0,401.4,3.0,0.0,0.0,4.8,0.0,5.6,40.3,286.2,1.9,7.2,107.0,1010.3,1010.3,2.7,5.2
2024-07-17 11:10:00+02:00,20.2,20.2,20.9,15.4,74.0,23.0,84.0,375.6,3.0,0.0,0.0,4.8,0.0,5.6,40.3,286.2,5.8,15.1,145.0,1010.2,1010.2,2.7,5.2
2024-07-17 11:15:00+02:00,19.9,19.9,20.4,15.2,74.0,23.0,84.0,407.5,3.0,0.0,0.0,4.8,0.0,5.6,40.3,286.2,6.4,15.1,145.0,1010.5,1010.5,2.7,5.2
2024-07-17 11:20:00+02:00,20.3,20.3,21.3,15.2,73.0,23.2,84.0,230.5,2.0,0.0,0.0,4.8,0.0,5.6,40.3,286.2,3.5,7.2,105.0,1010.5,1010.5,2.7,5.2
2024-07-17 11:25:00+02:00,20.7,20.7,21.5,15.5,72.0,23.3,84.0,524.0,4.0,0.0,0.0,4.8,0.0,5.6,40.3,286.2,4.9,14.0,130.0,1010.5,1010.5,2.7,5.3
2024-07-17 11:30:00+02:00,20.9,20.9,21.7,15.6,72.0,23.5,84.0,523.8,4.0,0.0,0.0,4.8,0.0,5.6,40.3,286.2,5.8,13.7,148.0,1010.5,1010.5,2.7,5.3
2024-07-17 11:35:00+02:00,20.7,20.7,21.2,15.3,71.0,23.6,84.0,387.8,3.0,0.0,0.0,4.8,0.0,5.6,40.3,286.2,6.3,15.1,132.0,1010.5,1010.5,2.7,5.3
2024-07-17 11:40:00+02:00,20.5,20.5,21.0,15.4,73.0,23.8,84.0,608.8,5.0,0.0,0.0,4.8,0.0,5.6,40.3,286.2,6.7,18.4,114.0,1010.7,1010.7,2.7,5.3
2024-07-17 11:45:00+02:00,21.4,21.4,22.3,15.5,69.0,23.8,85.0,642.2,5.0,0.0,0.0,4.8,0.0,5.6,40.3,286.2,4.7,8.6,130.0,1010.6,1010.6,2.7,5.3
2024-07-17 11:50:00+02:00,21.2,21.2,22.1,15.2,69.0,24.0,85.0,125.5,1.0,0.0,0.0,4.8,0.0,5.6,40.3,286.2,4.2,9.0,211.0,1010.6,1010.6,2.7,5.3
2024-07-17 11:55:00+02:00,20.9,20.9,22.1,15.3,70.0,24.2,85.0,604.0,5.0,0.0,0.0,4.8,0.0,5.6,40.3,286.2,2.4,9.7,102.0,1010.6,1010.6,2.7,5.3
2024-07-17 12:00:00+02:00,21.2,21.2,21.8,15.3,69.0,24.3,84.0,655.7,6.0,0.0,0.0,4.8,0.0,5.6,40.3,286.2,5.6,11.9,160.0,1010.7,1010.7,2.7,5.3
2024-07-17 12:05:00+02:00,21.8,21.8,22.8,15.6,68.0,24.5,85.0,706.2,6.0,0.0,0.0,4.8,0.0,5.6,40.3,286.2,4.8,12.2,126.0,1010.6,1010.6,2.7,5.3
2024-07-17 12:10:00+02:00,22.4,22.4,23.3,15.0,63.0,24.7,85.0,413.1,3.0,0.0,0.0,4.8,0.0,5.6,40.3,286.2,3.9,10.4,242.0,1010.6,1010.6,2.7,5.3
2024-07-17 12:15:00+02:00,21.9,21.9,22.7,15.4,67.0,24.8,84.0,219.0,2.0,0.0,0.0,4.8,0.0,5.6,40.3,286.2,5.0,10.8,145.0,1010.8,1010.8,2.7,5.3
2024-07-17 12:20:00+02:00,21.2,21.2,22.0,15.0,67.0,25.0,84.0,293.2,2.0,0.0,0.0,4.8,0.0,5.6,40.3,286.2,4.2,15.1,147.0,1010.7,1010.7,2.7,5.3
2024-07-17 12:25:00+02:00,21.4,21.4,22.3,14.7,66.0,25.2,84.0,147.4,1.0,0.0,0.0,4.8,0.0,5.6,40.3,286.2,3.2,8.3,214.0,1010.7,1010.7,2.7,5.3
2024-07-17 12:30:00+02:00,21.2,21.2,22.1,14.8,67.0,25.3,84.0,80.0,0.0,0.0,0.0,4.8,0.0,5.6,40.3,286.2,3.1,12.6,153.0,1010.7,1010.7,2.7,5.3
2024-07-17 12:35:00+02:00,20.8,20.8,21.5,14.3,66.0,25.4,83.0,74.6,0.0,0.0,0.0,4.8,0.0,5.6,40.3,286.2,3.5,7.9,213.0,1010.8,1010.8,2.7,5.3
2024-07-17 12:40:00+02:00,20.8,20.8,21.0,14.3,66.0,25.5,83.0,103.0,0.0,0.0,0.0,4.8,0.0,5.6,40.3,286.2,5.9,15.1,270.0,1010.8,1010.8,2.7,5.3
2024-07-17 12:45:00+02:00,20.6,20.6,21.5,14.3,67.0,25.6,83.0,93.2,0.0,0.0,0.0,4.8,0.0,5.6,40.3,286.2,2.4,9.7,236.0,1010.9,1010.9,2.7,5.3
2024-07-17 12:50:00+02:00,20.7,20.7,20.9,14.3,67.0,25.6,83.0,125.0,1.0,0.0,0.0,4.8,0.0,5.6,40.3,286.2,5.7,11.5,213.0,1010.9,1010.9,2.7,5.3
2024-07-17 12:55:00+02:00,20.7,20.7,21.8,14.4,67.0,25.6,83.0,113.3,1.0,0.0,0.0,4.8,0.0,5.6,40.3,286.2,1.5,7.9,50.0,1011.0,1011.0,2.7,5.3
2024-07-17 13:00:00+02:00,20.8,20.8,21.6,14.4,67.0,25.7,83.0,108.5,1.0,0.0,0.0,4.8,0.0,5.6,40.3,286.2,2.8,6.5,272.0,1011.1,1011.1,2.7,5.3
2024-07-17 13:05:00+02:00,20.6,20.6,21.5,14.6,68.0,25.7,83.0,81.1,0.0,0.0,0.0,4.8,0.0,5.6,40.3,286.2,2.8,10.1,261.0,1011.1,1011.1,2.7,5.3
2024-07-17 13:10:00+02:00,20.4,20.4,21.5,14.6,69.0,25.7,82.0,98.9,0.0,0.0,0.0,4.8,0.0,5.6,40.3,286.2,2.1,10.1,206.0,1011.1,1011.1,2.7,5.3
2024-07-17 13:15:00+02:00,20.6,20.6,21.5,14.8,69.0,25.7,82.0,125.9,1.0,0.0,0.0,4.8,0.0,5.6,40.3,286.2,3.4,15.5,273.0,1011.2,1011.2,2.7,5.3
2024-07-17 13:20:00+02:00,20.5,20.5,21.4,14.8,70.0,25.7,82.0,172.8,1.0,0.0,0.0,4.8,0.0,5.6,40.3,286.2,3.0,15.5,291.0,1011.2,1011.2,2.7,5.3
2024-07-17 13:25:00+02:00,20.8,20.8,21.9,15.0,70.0,25.8,82.0,230.0,2.0,0.0,0.0,4.8,0.0,5.6,40.3,286.2,2.6,5.0,241.0,1011.2,1011.2,2.7,5.3
2024-07-17 13:30:00+02:00,21.3,21.3,22.5,15.3,69.0,25.8,82.0,273.8,2.0,0.0,0.0,4.8,0.0,5.6,40.3,286.2,2.7,6.8,275.0,1011.1,1011.1,2.7,5.3
2024-07-17 13:35:00+02:00,21.2,21.2,22.1,15.3,69.0,25.8,83.0,201.2,1.0,0.0,0.0,4.8,0.0,5.6,40.3,286.2,4.3,9.4,256.0,1011.3,1011.3,2.7,5.3
2024-07-17 13:40:00+02:00,21.3,21.3,22.3,15.0,67.0,25.8,83.0,285.1,2.0,0.0,0.0,4.8,0.0,5.6,40.3,286.2,3.4,8.3,176.0,1011.3,1011.3,2.7,5.3
2024-07-17 13:45:00+02:00,21.7,21.7,22.8,15.0,66.0,25.9,83.0,231.7,2.0,0.0,0.0,4.8,0.0,5.6,40.3,286.2,2.7,6.8,217.0,1011.2,1011.2,2.7,5.3
2024-07-17 13:50:00+02:00,21.7,21.7,22.8,15.2,67.0,25.9,83.0,166.3,1.0,0.0,0.0,4.8,0.0,5.6,40.3,286.2,3.1,9.0,269.0,1011.3,1011.3,2.7,5.3
2024-07-17 13:55:00+02:00,21.2,21.2,21.5,15.1,68.0,25.9,83.0,163.8,1.0,0.0,0.0,4.8,0.0,5.6,40.3,286.2,6.7,16.2,272.0,1011.3,1011.3,2.7,5.3
2024-07-17 14:00:00+02:00,20.5,20.5,20.7,15.3,72.0,26.0,83.0,150.7,1.0,0.0,0.0,4.8,0.0,5.6,40.3,286.2,7.5,16.2,280.0,1011.3,1011.3,2.7,5.3
2024-07-17 14:05:00+02:00,20.3,20.3,20.5,15.1,72.0,26.0,83.0,205.9,1.0,0.0,0.0,4.8,0.0,5.6,40.3,286.2,8.0,18.7,278.0,1011.2,1011.2,2.7,5.3
2024-07-17 14:10:00+02:00,20.4,20.4,20.8,15.4,73.0,26.0,83.0,265.8,2.0,0.0,0.0,4.8,0.0,5.6,40.3,286.2,7.1,12.6,276.0,1011.2,1011.2,2.7,5.3
2024-07-17 14:15:00+02:00,20.6,20.6,21.0,15.7,74.0,26.0,83.0,317.5,2.0,0.0,0.0,4.8,0.0,5.6,40.3,286.2,7.2,13.7,265.0,1011.2,1011.2,2.7,5.3
2024-07-17 14:20:00+02:00,20.5,20.5,20.6,15.8,74.0,26.1,83.0,469.6,4.0,0.0,0.0,4.8,0.0,5.6,40.3,286.2,9.4,15.1,293.0,1011.3,1011.3,2.7,5.3
2024-07-17 14:25:00+02:00,21.1,21.1,22.0,15.7,71.0,26.2,83.0,726.0,6.0,0.0,0.0,4.8,0.0,5.6,40.3,286.2,5.0,11.2,281.0,1011.3,1011.3,2.7,5.3
2024-07-17 14:30:00+02:00,22.0,22.0,22.5,15.9,68.0,26.3,83.0,695.6,6.0,0.0,0.0,4.8,0.0,5.6,40.3,286.2,7.6,14.8,287.0,1011.1,1011.1,2.7,5.3
2024-07-17 14:35:00+02:00,22.6,22.6,24.1,15.7,65.0,26.3,83.0,688.6,6.0,0.0,0.0,4.8,0.0,5.6,40.3,286.2,1.9,11.5,245.0,1011.2,1011.2,2.7,5.3
2024-07-17 14:40:00+02:00,23.3,23.3,24.1,16.3,65.0,26.5,83.0,629.0,5.0,0.0,0.0,4.8,0.0,5.6,40.3,286.2,6.6,14.8,283.0,1011.2,1011.2,2.7,5.3
2024-07-17 14:45:00+02:00,22.9,22.9,24.1,15.7,64.0,26.6,84.0,590.5,5.0,0.0,0.0,4.8,0.0,5.6,40.3,286.2,3.5,11.9,298.0,1011.2,1011.2,2.7,5.3
2024-07-17 14:50:00+02:00,24.0,24.0,25.2,15.7,60.0,26.8,84.0,579.6,5.0,0.0,0.0,4.8,0.0,5.6,40.3,286.2,3.5,7.6,274.0,1011.3,1011.3,2.7,5.3
2024-07-17 14:55:00+02:00,24.9,24.9,26.3,16.0,58.0,26.8,84.0,599.9,5.0,0.0,0.0,4.8,0.0,5.6,40.3,286.2,2.8,7.2,286.0,1011.3,1011.3,2.7,5.3
2024-07-17 15:00:00+02:00,24.9,24.9,26.2,16.0,58.0,27.0,84.0,629.9,5.0,0.0,0.0,4.8,0.0,5.6,40.3,286.2,3.7,13.3,266.0,1011.3,1011.3,2.7,5.3
2024-07-17 15:05:00+02:00,24.5,24.5,25.5,15.8,58.0,27.2,84.0,689.9,6.0,0.0,0.0,4.8,0.0,5.6,40.3,286.2,4.9,14.0,293.0,1011.2,1011.2,2.7,5.3
2024-07-17 15:10:00+02:00,24.5,24.5,24.9,15.8,58.0,27.3,84.0,662.6,6.0,0.0,0.0,4.8,0.0,5.6,40.3,286.2,7.6,15.5,266.0,1011.2,1011.2,2.7,5.3
2024-07-17 15:15:00+02:00,24.4,24.4,25.5,15.6,58.0,27.4,84.0,524.5,4.0,0.0,0.0,4.8,0.0,5.6,40.3,286.2,4.0,13.0,269.0,1011.3,1011.3,2.7,5.3
2024-07-17 15:20:00+02:00,23.6,23.6,23.9,15.8,62.0,27.6,84.0,361.6,3.0,0.0,0.0,4.8,0.0,5.6,40.3,286.2,8.1,16.6,287.0,1011.4,1011.4,2.7,5.3
2024-07-17 15:25:00+02:00,22.9,22.9,23.7,15.3,62.0,27.7,84.0,586.7,5.0,0.0,0.0,4.8,0.0,5.6,40.3,286.2,4.8,13.7,288.0,1011.3,1011.3,2.7,5.3
2024-07-17 15:30:00+02:00,24.0,24.0,25.0,15.7,60.0,27.8,84.0,546.1,5.0,0.0,0.0,4.8,0.0,5.6,40.3,286.2,4.5,9.0,252.0,1011.3,1011.3,2.7,5.3
2024-07-17 15:35:00+02:00,25.0,25.0,26.4,15.7,56.0,27.8,84.0,514.0,4.0,0.0,0.0,4.8,0.0,5.6,40.3,286.2,2.4,6.8,225.0,1011.1,1011.1,2.7,5.3
2024-07-17 15:40:00+02:00,23.9,23.9,24.8,15.3,58.0,28.0,84.0,479.7,4.0,0.0,0.0,4.8,0.0,5.6,40.3,286.2,4.5,12.6,264.0,1011.2,1011.2,2.7,5.3
2024-07-17 15:45:00+02:00,24.7,24.7,25.8,15.6,57.0,28.1,84.0,589.8,5.0,0.0,0.0,4.8,0.0,5.6,40.3,286.2,4.1,11.2,266.0,1011.1,1011.1,2.7,5.3
2024-07-17 15:50:00+02:00,25.2,25.2,26.5,15.7,56.0,28.1,84.0,595.0,5.0,0.0,0.0,4.8,0.0,5.6,40.3,286.2,2.4,10.4,221.0,1011.1,1011.1,2.7,5.3
2024-07-17 15:55:00+02:00,25.1,25.1,26.2,15.7,56.0,28.2,84.0,577.8,5.0,0.0,0.0,4.8,0.0,5.6,40.3,286.2,4.2,14.0,241.0,1011.2,1011.2,2.7,5.3
2024-07-17 16:00:00+02:00,25.0,25.0,25.6,15.5,56.0,28.3,84.0,592.0,5.0,0.0,0.0,0.0,0.0,5.6,40.3,286.2,5.8,12.2,268.0,1011.2,1011.2,2.7,5.3
2024-07-17 16:05:00+02:00,23.7,23.7,23.7,14.6,57.0,28.4,84.0,263.2,2.0,0.0,0.0,0.0,0.0,5.6,40.3,286.2,7.5,16.6,273.0,1011.3,1011.3,2.7,5.3
2024-07-17 16:10:00+02:00,23.6,23.6,23.8,14.7,57.0,28.5,84.0,151.0,1.0,0.0,0.0,0.0,0.0,5.6,40.3,286.2,6.6,13.7,283.0,1011.3,1011.3,2.7,5.3
2024-07-17 16:15:00+02:00,23.0,23.0,23.5,14.6,59.0,28.6,84.0,154.8,1.0,0.0,0.0,0.0,0.0,5.6,40.3,286.2,5.0,13.0,290.0,1011.3,1011.3,2.7,5.3
2024-07-17 16:20:00+02:00,22.9,22.9,23.7,14.8,60.0,28.6,84.0,141.3,1.0,0.0,0.0,0.0,0.0,5.6,40.3,286.2,3.7,9.0,276.0,1011.3,1011.3,2.7,5.3
2024-07-17 16:25:00+02:00,23.0,23.0,23.8,14.9,60.0,28.6,84.0,318.8,2.0,0.0,0.0,0.0,0.0,5.6,40.3,286.2,4.2,7.9,264.0,1011.3,1011.3,2.7,5.3
2024-07-17 16:30:00+02:00,22.7,22.7,22.7,14.7,61.0,28.6,84.0,230.4,2.0,0.0,0.0,0.0,0.0,5.6,40.3,286.2,7.8,11.2,286.0,1011.3,1011.3,2.7,5.3
2024-07-17 16:35:00+02:00,23.1,23.1,24.2,14.9,60.0,28.7,84.0,271.2,2.0,0.0,0.0,0.0,0.0,5.6,40.3,286.2,2.2,12.2,292.0,1011.4,1011.4,2.7,5.3
2024-07-17 16:40:00+02:00,23.7,23.7,24.9,14.9,58.0,28.7,84.0,510.0,4.0,0.0,0.0,0.0,0.0,5.6,40.3,286.2,2.2,7.9,197.0,1011.5,1011.5,2.7,5.3
2024-07-17 16:45:00+02:00,24.7,24.7,25.6,14.7,54.0,28.7,84.0,478.9,4.0,0.0,0.0,0.0,0.0,5.6,40.3,286.2,2.8,7.6,151.0,1011.4,1011.4,2.7,5.3
2024-07-17 16:50:00+02:00,24.9,24.9,26.1,14.9,54.0,28.8,84.0,454.3,4.0,0.0,0.0,0.0,0.0,5.6,40.3,286.2,1.7,7.6,179.0,1011.6,1011.6,2.7,5.3
2024-07-17 16:55:00+02:00,24.8,24.8,25.5,14.9,54.0,28.8,84.0,448.8,4.0,0.0,0.0,0.0,0.0,5.6,40.3,286.2,4.2,7.6,272.0,1011.3,1011.3,2.7,5.3
2024-07-17 17:00:00+02:00,24.6,24.6,25.4,14.5,53.0,28.9,84.0,405.3,3.0,0.0,0.0,0.0,0.0,5.6,40.3,286.2,3.5,8.6,285.0,1011.5,1011.5,2.7,5.3
2024-07-17 17:05:00+02:00,25.3,25.3,26.2,14.7,52.0,28.9,84.0,408.4,3.0,0.0,0.0,0.0,0.0,5.6,40.3,286.2,2.8,6.1,276.0,1011.5,1011.5,2.7,5.3
2024-07-17 17:10:00+02:00,24.8,24.8,25.6,14.9,54.0,29.0,84.0,109.9,1.0,0.0,0.0,0.0,0.0,5.6,40.3,286.2,4.1,13.3,256.0,1011.6,1011.6,2.7,5.3
2024-07-17 17:15:00+02:00,23.6,23.6,24.0,14.3,56.0,29.0,84.0,99.5,0.0,0.0,0.0,0.0,0.0,5.6,40.3,286.2,5.1,16.2,277.0,1011.4,1011.4,2.7,5.3
2024-07-17 17:20:00+02:00,23.3,23.3,24.4,14.5,58.0,29.1,84.0,145.6,1.0,0.0,0.0,0.0,0.0,5.6,40.3,286.2,1.7,8.3,246.0,1011.5,1011.5,2.7,5.3
2024-07-17 17:25:00+02:00,23.6,23.6,24.4,14.7,57.0,29.1,84.0,236.3,2.0,0.0,0.0,0.0,0.0,5.6,40.3,286.2,3.6,12.2,274.0,1011.5,1011.5,2.7,5.3
2024-07-17 17:30:00+02:00,23.7,23.7,24.6,14.5,56.0,29.1,84.0,349.3,3.0,0.0,0.0,0.0,0.0,5.6,40.3,286.2,2.6,12.2,283.0,1011.5,1011.5,2.7,5.3
2024-07-17 17:35:00+02:00,24.0,24.0,25.2,15.0,57.0,29.1,84.0,244.8,2.0,0.0,0.0,0.0,0.0,5.6,40.3,286.2,2.2,6.5,234.0,1011.5,1011.5,2.7,5.3
2024-07-17 17:40:00+02:00,24.2,24.2,24.5,14.9,56.0,29.1,84.0,257.5,2.0,0.0,0.0,0.0,0.0,5.6,40.3,286.2,6.3,18.0,256.0,1011.5,1011.5,2.7,5.3
2024-07-17 17:45:00+02:00,23.1,23.1,23.0,14.4,58.0,29.1,84.0,136.4,1.0,0.0,0.0,0.0,0.0,5.6,40.3,286.2,7.5,18.0,282.0,1011.5,1011.5,2.7,5.3
2024-07-17 17:50:00+02:00,23.0,23.0,23.5,14.4,59.0,29.2,84.0,133.6,1.0,0.0,0.0,0.0,0.0,5.6,40.3,286.2,4.3,9.7,279.0,1011.5,1011.5,2.7,5.3
2024-07-17 17:55:00+02:00,22.8,22.8,23.3,14.7,60.0,29.2,83.0,114.7,1.0,0.0,0.0,0.0,0.0,5.6,40.3,286.2,5.2,11.5,281.0,1011.6,1011.6,2.7,5.3
2024-07-17 18:00:00+02:00,22.7,22.7,23.2,14.8,61.0,29.2,83.0,278.1,2.0,0.0,0.0,0.0,0.0,5.6,40.3,286.2,5.0,10.1,305.0,1011.5,1011.5,2.7,5.3
2024-07-17 18:05:00+02:00,23.0,23.0,23.3,15.0,61.0,29.2,84.0,315.8,2.0,0.0,0.0,0.0,0.0,5.6,40.3,286.2,6.6,15.8,298.0,1011.6,1011.6,2.7,5.3
2024-07-17 18:10:00+02:00,23.6,23.6,24.3,14.9,58.0,29.1,83.0,272.1,2.0,0.0,0.0,0.0,0.0,5.6,40.3,286.2,4.5,9.7,259.0,1011.5,1011.5,2.7,5.3
2024-07-17 18:15:00+02:00,23.5,23.5,24.3,14.8,58.0,29.0,84.0,140.7,1.0,0.0,0.0,0.0,0.0,5.6,40.3,286.2,3.7,10.1,271.0,1011.5,1011.5,2.7,5.3
2024-07-17 18:20:00+02:00,23.3,23.3,23.9,14.4,58.0,28.9,84.0,124.5,1.0,0.0,0.0,0.0,0.0,5.6,40.3,286.2,3.7,13.3,270.0,1011.4,1011.4,2.7,5.3
2024-07-17 18:25:00+02:00,23.2,23.2,24.0,14.5,58.0,29.0,84.0,108.3,1.0,0.0,0.0,0.0,0.0,5.6,40.3,286.2,3.0,8.6,271.0,1011.4,1011.4,2.7,5.3
2024-07-17 18:30:00+02:00,23.0,23.0,23.6,14.3,58.0,28.9,84.0,106.2,0.0,0.0,0.0,0.0,0.0,5.6,40.3,286.2,3.7,9.7,293.0,1011.5,1011.5,2.7,5.3
2024-07-17 18:35:00+02:00,23.0,23.0,23.3,14.4,59.0,28.9,84.0,111.8,1.0,0.0,0.0,0.0,0.0,5.6,40.3,286.2,5.8,11.2,282.0,1011.5,1011.5,2.7,5.3
2024-07-17 18:40:00+02:00,22.8,22.8,23.8,14.5,60.0,28.8,84.0,98.4,0.0,0.0,0.0,0.0,0.0,5.6,40.3,286.2,2.7,7.9,304.0,1011.6,1011.6,2.7,5.3
2024-07-17 18:45:00+02:00,23.0,23.0,24.7,15.1,61.0,28.8,84.0,124.1,1.0,0.0,0.0,0.0,0.0,5.6,40.3,286.2,0.0,4.0,189.0,1011.5,1011.5,2.7,5.3
2024-07-17 18:50:00+02:00,23.1,23.1,23.6,14.6,59.0,28.8,84.0,113.8,1.0,0.0,0.0,0.0,0.0,5.6,40.3,286.2,5.0,7.9,276.0,1011.6,1011.6,2.7,5.3
2024-07-17 18:55:00+02:00,23.1,23.1,24.1,14.5,59.0,28.8,84.0,117.0,1.0,0.0,0.0,0.0,0.0,5.6,40.3,286.2,2.0,8.3,289.0,1011.6,1011.6,2.7,5.3
2024-07-17 19:00:00+02:00,23.2,23.2,23.7,14.8,59.0,28.7,84.0,126.0,1.0,0.0,0.0,0.0,0.0,5.6,40.3,286.2,5.0,11.5,275.0,1011.6,1011.6,2.7,5.3
2024-07-17 19:05:00+02:00,22.9,22.9,23.4,14.7,60.0,28.7,84.0,99.3,0.0,0.0,0.0,0.0,0.0,5.6,40.3,286.2,5.3,16.6,275.0,1011.6,1011.6,2.7,5.3
2024-07-17 19:10:00+02:00,22.7,22.7,23.5,14.5,60.0,28.7,84.0,85.0,0.0,0.0,0.0,0.0,0.0,5.6,40.3,286.2,3.2,16.6,281.0,1011.7,1011.7,2.7,5.3
2024-07-17 19:15:00+02:00,22.5,22.5,23.0,14.4,60.0,28.7,84.0,69.5,0.0,0.0,0.0,0.0,0.0,5.6,40.3,286.2,4.3,10.4,273.0,1011.7,1011.7,2.7,5.3
2024-07-17 19:20:00+02:00,22.3,22.3,23.0,14.6,62.0,28.6,84.0,70.7,0.0,0.0,0.0,0.0,0.0,5.6,40.3,286.2,3.7,6.8,293.0,1011.7,1011.7,2.7,5.3
2024-07-17 19:25:00+02:00,22.3,22.3,22.9,14.5,61.0,28.6,84.0,57.2,0.0,0.0,0.0,0.0,0.0,5.6,40.3,286.2,4.5,10.1,291.0,1011.8,1011.8,2.7,5.3
2024-07-17 19:30:00+02:00,22.3,22.3,23.0,14.5,62.0,28.5,84.0,80.0,0.0,0.0,0.0,0.0,0.0,5.6,40.3,286.2,3.6,10.1,277.0,1011.9,1011.9,2.7,5.3
2024-07-17 19:35:00+02:00,22.4,22.4,23.1,14.4,60.0,28.5,84.0,80.5,0.0,0.0,0.0,0.0,0.0,5.6,40.3,286.2,3.9,8.6,271.0,1011.7,1011.7,2.7,5.2
2024-07-17 19:40:00+02:00,22.5,22.5,23.0,14.2,59.0,28.5,83.0,66.2,0.0,0.0,0.0,0.0,0.0,5.6,40.3,286.2,4.4,7.6,302.0,1011.7,1011.7,2.7,5.2
2024-07-17 19:45:00+02:00,22.5,22.5,23.3,14.4,60.0,28.4,83.0,74.0,0.0,0.0,0.0,0.0,0.0,5.6,40.3,286.2,3.0,6.1,272.0,1011.9,1011.9,2.7,5.2
2024-07-17 19:50:00+02:00,22.5,22.5,22.7,14.4,60.0,28.4,83.0,74.2,0.0,0.0,0.0,0.0,0.0,5.6,40.3,286.2,6.1,9.0,274.0,1011.8,1011.8,2.7,5.2
2024-07-17 19:55:00+02:00,22.5,22.5,23.0,14.5,61.0,28.4,83.0,71.7,0.0,0.0,0.0,0.0,0.0,5.6,40.3,286.2,5.0,8.3,283.0,1011.9,1011.9,2.7,5.2
2024-07-17 20:00:00+02:00,22.5,22.5,23.2,14.5,61.0,28.3,83.0,67.1,0.0,0.0,0.0,0.0,0.0,5.6,40.3,286.2,3.6,6.8,272.0,1012.0,1012.0,2.7,5.2
2024-07-17 20:05:00+02:00,22.4,22.4,23.1,14.9,63.0,28.3,83.0,58.6,0.0,0.0,0.0,0.0,0.0,5.6,40.3,286.2,4.4,7.9,280.0,1012.0,1012.0,2.7,5.2
2024-07-17 20:10:00+02:00,22.2,22.2,22.6,14.7,63.0,28.3,83.0,52.6,0.0,0.0,0.0,0.0,0.0,5.6,40.3,286.2,5.2,9.4,282.0,1011.9,1011.9,2.7,5.2
2024-07-17 20:15:00+02:00,22.1,22.1,23.2,15.0,64.0,28.2,83.0,47.4,0.0,0.0,0.0,0.0,0.0,5.6,40.3,286.2,2.7,5.4,285.0,1012.1,1012.1,2.7,5.2
2024-07-17 20:20:00+02:00,22.0,22.0,22.6,14.8,64.0,28.2,83.0,40.9,0.0,0.0,0.0,0.0,0.0,5.6,40.3,286.2,4.6,7.9,291.0,1012.0,1012.0,2.7,5.2
2024-07-17 20:25:00+02:00,21.9,21.9,22.9,14.9,64.0,28.2,83.0,36.5,0.0,0.0,0.0,0.0,0.0,5.6,40.3,286.2,2.9,5.8,305.0,1012.1,1012.1,2.7,5.2
2024-07-17 20:30:00+02:00,21.8,21.8,22.5,14.6,64.0,28.2,83.0,34.7,0.0,0.0,0.0,0.0,0.0,5.6,40.3,286.2,4.3,6.8,299.0,1012.2,1012.2,2.7,5.2
2024-07-17 20:35:00+02:00,21.7,21.7,22.7,14.5,64.0,28.1,83.0,30.5,0.0,0.0,0.0,0.0,0.0,5.6,40.3,286.2,2.3,4.3,284.0,1012.2,1012.2,2.7,5.2
2024-07-17 20:40:00+02:00,21.6,21.6,22.4,14.5,64.0,28.0,83.0,25.6,0.0,0.0,0.0,0.0,0.0,5.6,40.3,286.2,3.2,6.5,307.0,1012.3,1012.3,2.7,5.2
2024-07-17 20:45:00+02:00,21.6,21.6,22.6,14.6,65.0,28.0,83.0,24.0,0.0,0.0,0.0,0.0,0.0,5.6,40.3,286.2,2.4,5.4,293.0,1012.2,1012.2,2.7,5.2
2024-07-17 20:50:00+02:00,21.5,21.5,22.8,14.8,66.0,27.9,83.0,20.9,0.0,0.0,0.0,0.0,0.0,5.6,40.3,286.2,1.1,3.2,284.0,1012.3,1012.3,2.7,5.2
2024-07-17 20:55:00+02:00,21.3,21.3,22.7,14.9,67.0,27.9,83.0,18.1,0.0,0.0,0.0,0.0,0.0,5.6,40.3,286.2,0.8,3.2,305.0,1012.3,1012.3,2.7,5.2
2024-07-17 21:00:00+02:00,21.2,21.2,22.7,14.9,67.0,27.8,83.0,16.3,0.0,0.0,0.0,0.0,0.0,5.6,40.3,286.2,0.4,4.7,340.0,1012.4,1012.4,2.7,5.2
2024-07-17 21:05:00+02:00,20.9,20.9,22.6,15.1,69.0,27.8,83.0,13.9,0.0,0.0,0.0,0.0,0.0,5.6,40.3,286.2,0.0,0.0,171.0,1012.4,1012.4,2.7,5.2
2024-07-17 21:10:00+02:00,20.4,20.4,22.0,15.2,72.0,27.7,83.0,11.3,0.0,0.0,0.0,0.0,0.0,5.6,40.3,286.2,0.4,2.2,123.0,1012.4,1012.4,2.7,5.2
2024-07-17 21:15:00+02:00,20.0,20.0,21.5,15.0,73.0,27.7,82.0,8.9,0.0,0.0,0.0,0.0,0.0,5.6,40.3,286.2,0.4,1.8,131.0,1012.6,1012.6,2.7,5.2
2024-07-17 21:20:00+02:00,19.7,19.7,21.2,15.0,75.0,27.6,82.0,6.8,0.0,0.0,0.0,0.0,0.0,5.6,40.3,286.2,0.4,2.2,132.0,1012.6,1012.6,2.7,5.2
2024-07-17 21:25:00+02:00,19.3,19.3,20.5,15.0,76.0,27.5,82.0,5.0,0.0,0.0,0.0,0.0,0.0,5.6,40.3,286.2,2.1,2.9,131.0,1012.6,1012.6,2.7,5.2
2024-07-17 21:30:00+02:00,19.1,19.1,20.4,15.0,77.0,27.5,82.0,3.6,0.0,0.0,0.0,0.0,0.0,5.6,40.3,286.2,1.7,2.9,128.0,1012.7,1012.7,2.7,5.2
2024-07-17 21:35:00+02:00,18.8,18.8,20.3,15.0,79.0,27.4,82.0,2.5,0.0,0.0,0.0,0.0,0.0,5.6,40.3,286.2,0.7,2.5,129.0,1012.6,1012.6,2.7,5.2
2024-07-17 21:40:00+02:00,18.6,18.6,20.1,15.1,80.0,27.3,82.0,1.7,0.0,0.0,0.0,0.0,0.0,5.6,40.3,286.2,0.4,2.5,136.0,1012.6,1012.6,2.7,5.2
2024-07-17 21:45:00+02:00,18.4,18.4,19.9,15.0,81.0,27.2,82.0,1.2,0.0,0.0,0.0,0.0,0.0,5.6,40.3,286.2,0.4,2.2,110.0,1012.7,1012.7,2.7,5.2
2024-07-17 21:50:00+02:00,18.2,18.2,19.7,15.1,82.0,27.2,82.0,0.7,0.0,0.0,0.0,0.0,0.0,5.6,40.3,286.2,0.7,2.2,125.0,1012.7,1012.7,2.7,5.2
2024-07-17 21:55:00+02:00,18.1,18.1,19.6,15.0,83.0,27.1,82.0,0.4,0.0,0.0,0.0,0.0,0.0,5.6,40.3,286.2,0.5,2.2,131.0,1012.7,1012.7,2.7,5.2
2024-07-17 22:00:00+02:00,17.9,17.9,19.5,15.0,83.0,27.0,82.0,0.2,0.0,0.0,0.0,0.0,0.0,5.6,40.3,286.2,0.0,1.8,118.0,1012.7,1012.7,2.7,5.2
2024-07-17 22:05:00+02:00,17.8,17.8,19.4,15.0,84.0,26.8,82.0,0.1,0.0,0.0,0.0,0.0,0.0,5.6,40.3,286.2,0.0,0.0,126.0,1012.7,1012.7,2.7,5.2
2024-07-17 22:10:00+02:00,17.5,17.5,19.1,15.0,85.0,26.8,82.0,0.0,0.0,0.0,0.0,0.0,0.0,5.6,40.3,286.2,0.4,1.8,89.0,1012.7,1012.7,2.7,5.2
2024-07-17 22:15:00+02:00,17.3,17.3,18.9,15.0,86.0,26.7,82.0,0.0,0.0,0.0,0.0,0.0,0.0,5.6,40.3,286.2,0.4,2.5,105.0,1012.8,1012.8,2.7,5.2
2024-07-17 22:20:00+02:00,17.2,17.2,18.7,14.9,86.0,26.6,82.0,0.0,0.0,0.0,0.0,0.0,0.0,5.6,40.3,286.2,0.4,2.5,95.0,1012.8,1012.8,2.7,5.2
2024-07-17 22:25:00+02:00,17.2,17.2,18.5,15.0,87.0,26.5,82.0,0.0,0.0,0.0,0.0,0.0,0.0,5.6,40.3,286.2,1.2,2.5,113.0,1013.0,1013.0,2.7,5.1
2024-07-17 22:30:00+02:00,17.0,17.0,18.2,15.0,88.0,26.4,82.0,0.0,0.0,0.0,0.0,0.0,0.0,5.6,40.3,286.2,2.0,2.9,117.0,1012.8,1012.8,2.7,5.1
2024-07-17 22:35:00+02:00,16.9,16.9,18.3,14.9,88.0,26.3,82.0,0.0,0.0,0.0,0.0,0.0,0.0,5.6,40.3,286.2,1.2,2.9,120.0,1012.8,1012.8,2.7,5.1
2024-07-17 22:40:00+02:00,16.8,16.8,18.4,14.8,88.0,26.2,81.0,0.0,0.0,0.0,0.0,0.0,0.0,5.6,40.3,286.2,0.0,2.5,121.0,1012.9,1012.9,2.7,5.1
2024-07-17 22:45:00+02:00,16.7,16.7,17.9,14.9,89.0,26.2,81.0,0.0,0.0,0.0,0.0,0.0,0.0,5.6,40.3,286.2,2.1,2.5,133.0,1012.9,1012.9,2.7,5.1
2024-07-17 22:50:00+02:00,16.6,16.6,17.7,14.8,89.0,26.1,81.0,0.0,0.0,0.0,0.0,0.0,0.0,5.6,40.3,286.2,2.1,2.9,129.0,1012.9,1012.9,2.7,5.1
2024-07-17 22:55:00+02:00,16.5,16.5,17.5,14.8,90.0,26.0,81.0,0.0,0.0,0.0,0.0,0.0,0.0,5.6,40.3,286.2,2.5,3.2,128.0,1013.0,1013.0,2.7,5.1
2024-07-17 23:00:00+02:00,16.4,16.4,17.5,14.8,90.0,25.9,81.0,0.0,0.0,0.0,0.0,0.0,0.0,5.6,40.3,286.2,2.2,3.2,130.0,1012.9,1012.9,2.7,5.1
2024-07-17 23:05:00+02:00,16.3,16.3,17.8,14.7,90.0,25.8,81.0,0.0,0.0,0.0,0.0,0.0,0.0,5.6,40.3,286.2,0.0,2.9,122.0,1012.9,1012.9,2.7,5.1
2024-07-17 23:10:00+02:00,16.3,16.3,17.9,14.9,91.0,25.7,81.0,0.0,0.0,0.0,0.0,0.0,0.0,5.6,40.3,286.2,0.0,1.8,329.0,1013.0,1013.0,2.7,5.1
2024-07-17 23:15:00+02:00,16.1,16.1,17.5,14.7,91.0,25.7,81.0,0.0,0.0,0.0,0.0,0.0,0.0,5.6,40.3,286.2,0.4,1.8,137.0,1013.1,1013.1,2.7,5.1
2024-07-17 23:20:00+02:00,16.0,16.0,17.1,14.7,92.0,25.6,81.0,0.0,0.0,0.0,0.0,0.0,0.0,5.6,40.3,286.2,2.2,2.9,118.0,1013.0,1013.0,2.7,5.1
2024-07-17 23:25:00+02:00,16.0,16.0,17.1,14.7,92.0,25.5,81.0,0.0,0.0,0.0,0.0,0.0,0.0,5.6,40.3,286.2,2.2,3.2,119.0,1013.1,1013.1,2.7,5.1
2024-07-17 23:30:00+02:00,15.9,15.9,17.4,14.6,92.0,25.4,81.0,0.0,0.0,0.0,0.0,0.0,0.0,5.6,40.3,286.2,0.0,2.2,108.0,1013.1,1013.1,2.7,5.1
2024-07-17 23:35:00+02:00,15.8,15.8,17.1,14.6,92.0,25.3,81.0,0.0,0.0,0.0,0.0,0.0,0.0,5.6,40.3,286.2,0.8,2.5,107.0,1013.1,1013.1,2.7,5.1
2024-07-17 23:40:00+02:00,15.8,15.8,17.2,14.6,93.0,25.2,81.0,0.0,0.0,0.0,0.0,0.0,0.0,5.6,40.3,286.2,0.4,2.5,113.0,1013.2,1013.2,2.7,5.1
2024-07-17 23:45:00+02:00,15.7,15.7,17.0,14.6,93.0,25.1,81.0,0.0,0.0,0.0,0.0,0.0,0.0,5.6,40.3,286.2,0.7,2.2,107.0,1013.0,1013.0,2.7,5.1
2024-07-17 23:50:00+02:00,15.7,15.7,17.1,14.6,93.0,25.0,81.0,0.0,0.0,0.0,0.0,0.0,0.0,5.6,40.3,286.2,0.0,1.8,124.0,1013.1,1013.1,2.7,5.1
2024-07-17 23:55:00+02:00,15.6,15.6,16.9,14.7,94.0,24.9,81.0,0.0,0.0,0.0,0.0,0.0,0.0,5.6,40.3,286.2,1.0,2.5,113.0,1013.2,1013.2,2.7,5.1
2024-07-18 00:00:00+02:00,15.6,15.6,16.8,14.7,94.0,24.8,81.0,0.0,0.0,0.0,0.0,0.0,0.0,5.6,40.3,286.2,1.6,2.9,104.0,1013.1,1013.1,2.7,5.1
2024-07-18 00:05:00+02:00,15.5,15.5,17.0,14.6,94.0,24.7,81.0,0.0,0.0,0.0,0.0,0.0,0.0,5.6,40.3,286.2,0.0,2.2,114.0,1013.1,1013.1,2.7,5.1
2024-07-18 00:10:00+02:00,15.5,15.5,16.7,14.6,94.0,24.7,81.0,0.0,0.0,0.0,0.0,0.0,0.0,5.6,40.3,286.2,1.4,2.5,108.0,1013.2,1013.2,2.7,5.1
2024-07-18 00:15:00+02:00,15.5,15.5,16.8,14.5,94.0,24.6,81.0,0.0,0.0,0.0,0.0,0.0,0.0,5.6,40.3,286.2,0.8,2.5,114.0,1013.2,1013.2,2.7,5.0
2024-07-18 00:20:00+02:00,15.4,15.4,16.8,14.6,95.0,24.5,81.0,0.0,0.0,0.0,0.0,0.0,0.0,5.6,40.3,286.2,0.4,2.5,102.0,1013.1,1013.1,2.7,5.0
2024-07-18 00:25:00+02:00,15.4,15.4,16.5,14.6,95.0,24.4,81.0,0.0,0.0,0.0,0.0,0.0,0.0,5.6,40.3,286.2,1.9,4.3,117.0,1013.1,1013.1,2.7,5.0
2024-07-18 00:30:00+02:00,15.3,15.3,16.7,14.5,95.0,24.3,81.0,0.0,0.0,0.0,0.0,0.0,0.0,5.6,40.3,286.2,0.4,1.8,110.0,1013.1,1013.1,2.7,5.0
2024-07-18 00:35:00+02:00,15.3,15.3,16.5,14.5,95.0,24.2,81.0,0.0,0.0,0.0,0.0,0.0,0.0,5.6,40.3,286.2,1.2,2.9,111.0,1013.1,1013.1,2.7,5.0
2024-07-18 00:40:00+02:00,15.3,15.3,16.5,14.5,95.0,24.2,81.0,0.0,0.0,0.0,0.0,0.0,0.0,5.6,40.3,286.2,0.9,2.9,112.0,1013.0,1013.0,2.7,5.0
2024-07-18 00:45:00+02:00,15.2,15.2,16.5,14.5,95.0,24.1,81.0,0.0,0.0,0.0,0.0,0.0,0.0,5.6,40.3,286.2,0.5,2.5,120.0,1013.0,1013.0,2.7,5.0
2024-07-18 00:50:00+02:00,15.2,15.2,16.3,14.4,95.0,24.0,81.0,0.0,0.0,0.0,0.0,0.0,0.0,5.6,40.3,286.2,1.8,3.2,114.0,1013.1,1013.1,2.7,5.0
2024-07-18 00:55:00+02:00,15.2,15.2,16.4,14.6,96.0,23.9,81.0,0.0,0.0,0.0,0.0,0.0,0.0,5.6,40.3,286.2,1.4,2.5,118.0,1013.1,1013.1,2.7,5.0
2024-07-18 01:00:00+02:00,15.2,15.2,16.5,14.6,96.0,23.8,81.0,0.0,0.0,0.0,0.0,0.0,0.0,5.6,40.3,286.2,0.7,2.5,109.0,1013.0,1013.0,2.7,5.0
2024-07-18 01:05:00+02:00,15.2,15.2,16.1,14.5,96.0,23.8,81.0,0.0,0.0,0.0,0.0,0.0,0.0,5.6,40.3,286.2,2.3,3.2,120.0,1013.1,1013.1,2.7,5.0
2024-07-18 01:10:00+02:00,15.1,15.1,16.0,14.5,96.0,23.7,81.0,0.0,0.0,0.0,0.0,0.0,0.0,5.6,40.3,286.2,3.0,3.6,122.0,1013.1,1013.1,2.7,5.0
2024-07-18 01:15:00+02:00,15.1,15.1,16.3,14.5,96.0,23.6,81.0,0.0,0.0,0.0,0.0,0.0,0.0,5.6,40.3,286.2,0.7,3.6,137.0,1013.1,1013.1,2.7,5.0
2024-07-18 01:20:00+02:00,14.9,14.9,16.2,14.3,96.0,23.6,81.0,0.0,0.0,0.0,0.0,0.0,0.0,5.6,40.3,286.2,0.4,2.2,134.0,1013.1,1013.1,2.7,5.0
2024-07-18 01:25:00+02:00,14.9,14.9,16.0,14.3,96.0,23.5,81.0,0.0,0.0,0.0,0.0,0.0,0.0,5.6,40.3,286.2,1.2,2.9,126.0,1013.0,1013.0,2.7,5.0
2024-07-18 01:30:00+02:00,14.9,14.9,15.9,14.3,96.0,23.4,81.0,0.0,0.0,0.0,0.0,0.0,0.0,5.6,40.3,286.2,1.9,2.5,128.0,1013.0,1013.0,2.7,5.0
2024-07-18 01:35:00+02:00,14.9,14.9,15.8,14.3,96.0,23.3,81.0,0.0,0.0,0.0,0.0,0.0,0.0,5.6,40.3,286.2,2.1,3.6,125.0,1013.1,1013.1,2.7,5.0
2024-07-18 01:40:00+02:00,14.9,14.9,15.9,14.4,97.0,23.3,81.0,0.0,0.0,0.0,0.0,0.0,0.0,5.6,40.3,286.2,2.2,3.6,130.0,1013.1,1013.1,2.7,5.0
2024-07-18 01:45:00+02:00,14.9,14.9,16.3,14.4,97.0,23.2,81.0,0.0,0.0,0.0,0.0,0.0,0.0,5.6,40.3,286.2,0.4,2.9,128.0,1013.1,1013.1,2.7,5.0
2024-07-18 01:50:00+02:00,14.9,14.9,16.3,14.4,97.0,23.1,81.0,0.0,0.0,0.0,0.0,0.0,0.0,5.6,40.3,286.2,0.0,0.0,346.0,1013.2,1013.2,2.7,5.0
2024-07-18 01:55:00+02:00,14.7,14.7,15.9,14.2,96.0,23.1,81.0,0.0,0.0,0.0,0.0,0.0,0.0,5.6,40.3,286.2,0.5,2.9,121.0,1013.1,1013.1,2.7,5.0
2024-07-18 02:00:00+02:00,14.8,14.8,15.9,14.4,97.0,23.0,81.0,0.0,0.0,0.0,0.0,0.0,0.0,5.6,40.3,286.2,1.5,2.9,125.0,1013.1,1013.1,2.7,5.0
2024-07-18 02:05:00+02:00,14.8,14.8,16.1,14.4,97.0,22.9,81.0,0.0,0.0,0.0,0.0,0.0,0.0,5.6,40.3,286.2,0.4,2.9,124.0,1013.0,1013.0,2.7,4.9
2024-07-18 02:10:00+02:00,14.7,14.7,15.9,14.2,97.0,22.9,81.0,0.0,0.0,0.0,0.0,0.0,0.0,5.6,40.3,286.2,0.4,2.2,139.0,1013.1,1013.1,2.7,4.9
2024-07-18 02:15:00+02:00,14.5,14.5,15.8,14.1,97.0,22.8,81.0,0.0,0.0,0.0,0.0,0.0,0.0,5.6,40.3,286.2,0.0,2.2,127.0,1013.0,1013.0,2.7,4.9
2024-07-18 02:20:00+02:00,14.6,14.6,15.9,14.2,97.0,22.8,81.0,0.0,0.0,0.0,0.0,0.0,0.0,5.6,40.3,286.2,0.0,0.0,129.0,1013.0,1013.0,2.7,4.9
2024-07-18 02:25:00+02:00,14.7,14.7,16.0,14.2,97.0,22.7,81.0,0.0,0.0,0.0,0.0,0.0,0.0,5.6,40.3,286.2,0.0,0.0,130.0,1013.0,1013.0,2.7,4.9
2024-07-18 02:30:00+02:00,14.5,14.5,15.8,14.1,97.0,22.7,81.0,0.0,0.0,0.0,0.0,0.0,0.0,5.6,40.3,286.2,0.0,0.0,116.0,1013.0,1013.0,2.7,4.9
2024-07-18 02:35:00+02:00,14.5,14.5,15.8,14.0,97.0,22.6,81.0,0.0,0.0,0.0,0.0,0.0,0.0,5.6,40.3,286.2,0.0,1.8,116.0,1013.1,1013.1,2.7,4.9
2024-07-18 02:40:00+02:00,14.6,14.6,15.9,14.1,97.0,22.6,81.0,0.0,0.0,0.0,0.0,0.0,0.0,5.6,40.3,286.2,0.0,0.0,264.0,1013.0,1013.0,2.7,4.9
2024-07-18 02:45:00+02:00,14.6,14.6,15.9,14.1,97.0,22.5,81.0,0.0,0.0,0.0,0.0,0.0,0.0,5.6,40.3,286.2,0.0,1.8,293.0,1013.1,1013.1,2.7,4.9
2024-07-18 02:50:00+02:00,14.7,14.7,16.1,14.3,97.0,22.5,81.0,0.0,0.0,0.0,0.0,0.0,0.0,5.6,40.3,286.2,0.0,1.8,321.0,1013.1,1013.1,2.7,4.9
2024-07-18 02:55:00+02:00,14.7,14.7,16.1,14.3,97.0,22.4,81.0,0.0,0.0,0.0,0.0,0.0,0.0,5.6,40.3,286.2,0.0,0.0,242.0,1012.9,1012.9,2.7,4.9
2024-07-18 03:00:00+02:00,14.7,14.7,16.0,14.3,97.0,22.4,81.0,0.0,0.0,0.0,0.0,0.0,0.0,5.6,40.3,286.2,0.5,1.8,302.0,1013.1,1013.1,2.7,4.9
2024-07-18 03:05:00+02:00,14.7,14.7,16.1,14.3,97.0,22.3,81.0,0.0,0.0,0.0,0.0,0.0,0.0,5.6,40.3,286.2,0.0,2.2,277.0,1013.0,1013.0,2.7,4.9
2024-07-18 03:10:00+02:00,14.7,14.7,16.1,14.3,97.0,22.3,81.0,0.0,0.0,0.0,0.0,0.0,0.0,5.6,40.3,286.2,0.0,0.0,308.0,1012.9,1012.9,2.7,4.9
2024-07-18 03:15:00+02:00,14.7,14.7,16.1,14.3,97.0,22.2,81.0,0.0,0.0,0.0,0.0,0.0,0.0,5.6,40.3,286.2,0.0,1.8,287.0,1013.0,1013.0,2.7,4.9
2024-07-18 03:20:00+02:00,14.7,14.7,16.0,14.3,97.0,22.2,81.0,0.0,0.0,0.0,0.0,0.0,0.0,5.6,40.3,286.2,0.0,1.8,186.0,1012.9,1012.9,2.7,4.9
2024-07-18 03:25:00+02:00,14.4,14.4,15.7,14.0,97.0,22.2,81.0,0.0,0.0,0.0,0.0,0.0,0.0,5.6,40.3,286.2,0.0,2.2,126.0,1012.8,1012.8,2.7,4.9
2024-07-18 03:30:00+02:00,14.4,14.4,15.5,13.9,97.0,22.1,81.0,0.0,0.0,0.0,0.0,0.0,0.0,5.6,40.3,286.2,0.8,2.2,115.0,1012.7,1012.7,2.7,4.9
2024-07-18 03:35:00+02:00,14.5,14.5,15.5,14.0,97.0,22.0,81.0,0.0,0.0,0.0,0.0,0.0,0.0,5.6,40.3,286.2,1.2,2.5,121.0,1012.8,1012.8,2.7,4.9
2024-07-18 03:40:00+02:00,14.4,14.4,15.6,14.0,97.0,22.0,81.0,0.0,0.0,0.0,0.0,0.0,0.0,5.6,40.3,286.2,0.4,2.5,147.0,1012.7,1012.7,2.7,4.9
2024-07-18 03:45:00+02:00,14.4,14.4,15.4,14.1,98.0,21.9,81.0,0.0,0.0,0.0,0.0,0.0,0.0,5.6,40.3,286.2,1.5,2.5,124.0,1012.6,1012.6,2.7,4.8
2024-07-18 03:50:00+02:00,14.4,14.4,15.6,14.1,98.0,21.9,81.0,0.0,0.0,0.0,0.0,0.0,0.0,5.6,40.3,286.2,0.7,2.5,124.0,1012.7,1012.7,2.7,4.8
2024-07-18 03:55:00+02:00,14.4,14.4,15.8,14.1,98.0,21.9,81.0,0.0,0.0,0.0,0.0,0.0,0.0,5.6,40.3,286.2,0.0,0.0,238.0,1012.6,1012.6,2.7,4.8
2024-07-18 04:00:00+02:00,14.4,14.4,15.8,14.1,98.0,21.8,81.0,0.0,0.0,0.0,0.0,0.0,0.0,5.6,40.3,286.2,0.0,1.8,241.0,1012.6,1012.6,2.7,4.8
2024-07-18 04:05:00+02:00,14.5,14.5,15.9,14.2,98.0,21.8,81.0,0.0,0.0,0.0,0.0,0.0,0.0,5.6,40.3,286.2,0.0,0.0,240.0,1012.6,1012.6,2.7,4.8
2024-07-18 04:10:00+02:00,14.5,14.5,15.8,14.2,98.0,21.7,81.0,0.0,0.0,0.0,0.0,0.0,0.0,5.6,40.3,286.2,0.0,0.0,255.0,1012.6,1012.6,2.7,4.8
2024-07-18 04:15:00+02:00,14.3,14.3,15.6,14.0,98.0,21.7,81.0,0.0,0.0,0.0,0.0,0.0,0.0,5.6,40.3,286.2,0.0,0.0,162.0,1012.6,1012.6,2.7,4.8
2024-07-18 04:20:00+02:00,14.3,14.3,15.5,13.9,98.0,21.7,81.0,0.0,0.0,0.0,0.0,0.0,0.0,5.6,40.3,286.2,0.0,2.2,133.0,1012.6,1012.6,2.7,4.8
2024-07-18 04:25:00+02:00,14.1,14.1,15.3,13.8,98.0,21.6,81.0,0.0,0.0,0.0,0.0,0.0,0.0,5.6,40.3,286.2,0.0,2.2,123.0,1012.6,1012.6,2.7,4.8
2024-07-18 04:30:00+02:00,14.1,14.1,15.3,13.8,98.0,21.6,81.0,0.0,0.0,0.0,0.0,0.0,0.0,5.6,40.3,286.2,0.0,2.2,115.0,1012.6,1012.6,2.7,4.8
2024-07-18 04:35:00+02:00,14.0,14.0,15.1,13.7,98.0,21.6,81.0,0.0,0.0,0.0,0.0,0.0,0.0,5.6,40.3,286.2,0.4,1.8,132.0,1012.5,1012.5,2.7,4.8
2024-07-18 04:40:00+02:00,14.1,14.1,15.2,13.7,98.0,21.5,81.0,0.0,0.0,0.0,0.0,0.0,0.0,5.6,40.3,286.2,0.4,2.2,118.0,1012.6,1012.6,2.7,4.8
2024-07-18 04:45:00+02:00,14.0,14.0,15.1,13.7,98.0,21.5,81.0,0.0,0.0,0.0,0.0,0.0,0.0,5.6,40.3,286.2,0.6,1.8,120.0,1012.5,1012.5,2.7,4.8
2024-07-18 04:55:00+02:00,13.8,13.8,14.9,13.4,98.0,21.4,81.0,0.0,0.0,0.0,0.0,0.0,0.0,5.6,40.3,286.2,0.0,2.2,130.0,1012.5,1012.5,2.7,4.8
2024-07-18 05:00:00+02:00,13.8,13.8,14.8,13.5,98.0,21.4,81.0,0.0,0.0,0.0,0.0,0.0,0.0,5.6,40.3,286.2,0.5,2.2,133.0,1012.6,1012.6,2.7,4.8
2024-07-18 05:05:00+02:00,13.8,13.8,14.9,13.5,98.0,21.3,81.0,0.1,0.0,0.0,0.0,0.0,0.0,5.6,40.3,286.2,0.0,1.8,167.0,1012.5,1012.5,2.7,4.8
2024-07-18 05:10:00+02:00,13.9,13.9,15.0,13.6,98.0,21.3,81.0,0.2,0.0,0.0,0.0,0.0,0.0,5.6,40.3,286.2,0.0,0.0,123.0,1012.5,1012.5,2.7,4.8
2024-07-18 05:15:00+02:00,14.2,14.2,15.4,13.8,98.0,21.2,81.0,0.4,0.0,0.0,0.0,0.0,0.0,5.6,40.3,286.2,0.0,0.0,315.0,1012.5,1012.5,2.7,4.8
2024-07-18 05:20:00+02:00,14.1,14.1,15.3,13.8,98.0,21.2,81.0,0.7,0.0,0.0,0.0,0.0,0.0,5.6,40.3,286.2,0.0,0.0,11.0,1012.6,1012.6,2.7,4.8
2024-07-18 05:25:00+02:00,14.0,14.0,15.1,13.7,98.0,21.1,81.0,1.2,0.0,0.0,0.0,0.0,0.0,5.6,40.3,286.2,0.0,1.8,119.0,1012.7,1012.7,2.7,4.8
2024-07-18 05:30:00+02:00,13.8,13.8,15.0,13.5,98.0,21.1,81.0,1.9,0.0,0.0,0.0,0.0,0.0,5.6,40.3,286.2,0.0,2.5,113.0,1012.7,1012.7,2.7,4.8
2024-07-18 05:35:00+02:00,13.8,13.8,14.9,13.5,98.0,21.1,81.0,2.8,0.0,0.0,0.0,0.0,0.0,5.6,40.3,286.2,0.0,2.2,119.0,1012.8,1012.8,2.7,4.7
2024-07-18 05:40:00+02:00,13.9,13.9,15.0,13.6,98.0,21.0,81.0,3.9,0.0,0.0,0.0,0.0,0.0,5.6,40.3,286.2,0.0,0.0,124.0,1012.9,1012.9,2.7,4.7
2024-07-18 05:45:00+02:00,14.0,14.0,15.2,13.7,98.0,21.0,81.0,5.2,0.0,0.0,0.0,0.0,0.0,5.6,40.3,286.2,0.0,0.0,118.0,1012.9,1012.9,2.7,4.7
2024-07-18 05:50:00+02:00,14.1,14.1,15.3,13.8,98.0,21.0,81.0,6.6,0.0,0.0,0.0,0.0,0.0,5.6,40.3,286.2,0.0,1.8,350.0,1012.9,1012.9,2.7,4.7
2024-07-18 05:55:00+02:00,14.2,14.2,15.4,13.8,98.0,21.0,81.0,8.1,0.0,0.0,0.0,0.0,0.0,5.6,40.3,286.2,0.0,0.0,322.0,1012.9,1012.9,2.7,4.7
2024-07-18 06:00:00+02:00,14.2,14.2,15.3,13.8,98.0,20.9,81.0,9.6,0.0,0.0,0.0,0.0,0.0,5.6,40.3,286.2,0.0,0.0,6.0,1013.0,1013.0,2.7,4.7
2024-07-18 06:05:00+02:00,14.2,14.2,15.4,13.9,98.0,20.9,81.0,10.7,0.0,0.0,0.0,0.0,0.0,5.6,40.3,286.2,0.0,0.0,34.0,1013.0,1013.0,2.7,4.7
2024-07-18 06:10:00+02:00,14.2,14.2,15.4,13.9,98.0,20.9,81.0,12.1,0.0,0.0,0.0,0.0,0.0,5.6,40.3,286.2,0.4,1.8,308.0,1012.9,1012.9,2.7,4.7
2024-07-18 06:15:00+02:00,14.2,14.2,15.4,13.9,98.0,20.9,81.0,13.7,0.0,0.0,0.0,0.0,0.0,5.6,40.3,286.2,0.0,1.8,293.0,1013.0,1013.0,2.7,4.7
2024-07-18 06:20:00+02:00,14.0,14.0,15.2,13.7,98.0,20.8,82.0,16.1,0.0,0.0,0.0,0.0,0.0,5.6,40.3,286.2,0.0,1.8,126.0,1013.1,1013.1,2.7,4.7
2024-07-18 06:25:00+02:00,14.0,14.0,15.1,13.6,98.0,20.8,82.0,19.6,0.0,0.0,0.0,0.0,0.0,5.6,40.3,286.2,0.0,2.2,120.0,1013.0,1013.0,2.7,4.7
2024-07-18 06:30:00+02:00,14.2,14.2,15.4,13.8,98.0,20.8,82.0,22.6,0.0,0.0,0.0,0.0,0.0,5.6,40.3,286.2,0.0,0.0,285.0,1013.1,1013.1,2.7,4.7
2024-07-18 06:35:00+02:00,14.3,14.3,15.6,14.0,98.0,20.8,82.0,26.3,0.0,0.0,0.0,0.0,0.0,5.6,40.3,286.2,0.0,0.0,272.0,1013.1,1013.1,2.7,4.7
2024-07-18 06:40:00+02:00,14.5,14.5,15.8,14.1,98.0,20.8,82.0,37.6,0.0,0.0,0.0,0.0,0.0,5.6,40.3,286.2,0.0,1.8,341.0,1013.1,1013.1,2.7,4.7
2024-07-18 06:45:00+02:00,14.7,14.7,15.9,14.4,98.0,20.8,82.0,41.2,0.0,0.0,0.0,0.0,0.0,5.6,40.3,286.2,1.3,3.2,117.0,1013.0,1013.0,2.7,4.7
2024-07-18 06:50:00+02:00,14.6,14.6,15.6,14.3,98.0,20.8,82.0,44.5,0.0,0.0,0.0,0.0,0.0,5.6,40.3,286.2,1.9,3.2,114.0,1013.1,1013.1,2.7,4.7
2024-07-18 06:55:00+02:00,14.7,14.7,15.7,14.4,98.0,20.8,82.0,51.4,0.0,0.0,0.0,0.0,0.0,5.6,40.3,286.2,2.1,2.9,121.0,1013.1,1013.1,2.7,4.7
2024-07-18 07:00:00+02:00,14.8,14.8,16.2,14.5,98.0,20.8,82.0,45.0,0.0,0.0,0.0,0.0,0.0,5.6,40.3,286.2,0.4,2.2,116.0,1013.1,1013.1,2.7,4.7
2024-07-18 07:05:00+02:00,14.9,14.9,16.3,14.6,98.0,20.8,82.0,44.1,0.0,0.0,0.0,0.0,0.0,5.6,40.3,286.2,0.5,2.5,118.0,1013.1,1013.1,2.7,4.7
2024-07-18 07:10:00+02:00,15.0,15.0,16.1,14.6,98.0,20.8,82.0,46.6,0.0,0.0,0.0,0.0,0.0,5.6,40.3,286.2,1.7,2.9,114.0,1013.1,1013.1,2.7,4.7
2024-07-18 07:15:00+02:00,15.0,15.0,16.4,14.7,98.0,20.8,82.0,51.4,0.0,0.0,0.0,0.0,0.0,5.6,40.3,286.2,0.8,2.9,114.0,1013.2,1013.2,2.7,4.8
2024-07-18 07:20:00+02:00,15.3,15.3,16.7,15.0,98.0,20.8,82.0,56.8,0.0,0.0,0.0,0.0,0.0,5.6,40.3,286.2,1.4,2.9,109.0,1013.1,1013.1,2.7,4.8
2024-07-18 07:25:00+02:00,15.4,15.4,16.9,15.0,97.0,20.8,82.0,62.6,0.0,0.0,0.0,0.0,0.0,5.6,40.3,286.2,0.7,2.9,133.0,1013.2,1013.2,2.7,4.8
2024-07-18 07:30:00+02:00,15.6,15.6,17.0,15.1,97.0,20.8,82.0,68.1,0.0,0.0,0.0,0.0,0.0,5.6,40.3,286.2,1.6,3.2,122.0,1013.2,1013.2,2.7,4.8
2024-07-18 07:35:00+02:00,15.9,15.9,17.1,15.1,95.0,20.8,83.0,70.7,0.0,0.0,0.0,0.0,0.0,5.6,40.3,286.2,2.2,3.6,122.0,1013.4,1013.4,2.7,4.8
2024-07-18 07:40:00+02:00,16.5,16.5,17.7,15.0,91.0,20.9,83.0,76.4,0.0,0.0,0.0,0.0,0.0,5.6,40.3,286.2,2.0,5.8,116.0,1013.3,1013.3,2.7,4.8
2024-07-18 07:45:00+02:00,17.0,17.0,18.3,15.1,89.0,20.9,83.0,82.1,0.0,0.0,0.0,0.0,0.0,5.6,40.3,286.2,1.7,3.6,124.0,1013.4,1013.4,2.7,4.8
2024-07-18 07:50:00+02:00,17.3,17.3,18.7,15.2,87.0,21.0,83.0,84.6,0.0,0.0,0.0,0.0,0.0,5.6,40.3,286.2,1.3,3.2,117.0,1013.5,1013.5,2.7,4.8
2024-07-18 07:55:00+02:00,17.7,17.7,19.3,15.3,86.0,21.0,83.0,88.1,0.0,0.0,0.0,0.0,0.0,5.6,40.3,286.2,0.4,3.2,110.0,1013.6,1013.6,2.7,4.8
2024-07-18 08:00:00+02:00,18.0,18.0,19.5,15.5,85.0,21.1,83.0,89.2,0.0,0.0,0.0,0.0,0.0,5.6,40.3,286.2,1.4,3.6,108.0,1013.6,1013.6,2.7,4.8
2024-07-18 08:05:00+02:00,18.2,18.2,19.7,15.6,85.0,21.1,83.0,90.4,0.0,0.0,0.0,0.0,0.0,5.6,40.3,286.2,1.5,2.9,115.0,1013.7,1013.7,2.7,4.9
2024-07-18 08:10:00+02:00,18.5,18.5,20.1,15.6,83.0,21.2,83.0,101.5,0.0,0.0,0.0,0.0,0.0,5.6,40.3,286.2,0.8,3.6,75.0,1013.6,1013.6,2.7,4.9
2024-07-18 08:15:00+02:00,18.8,18.8,20.6,15.8,83.0,21.3,84.0,106.3,0.0,0.0,0.0,0.0,0.0,5.6,40.3,286.2,0.4,2.9,354.0,1013.6,1013.6,2.7,4.9
2024-07-18 08:20:00+02:00,19.1,19.1,20.8,15.8,81.0,21.3,84.0,118.7,1.0,0.0,0.0,0.0,0.0,5.6,40.3,286.2,0.7,2.5,131.0,1013.5,1013.5,2.7,4.9
2024-07-18 08:25:00+02:00,19.3,19.3,21.1,15.8,80.0,21.4,84.0,122.5,1.0,0.0,0.0,0.0,0.0,5.6,40.3,286.2,0.7,3.6,141.0,1013.6,1013.6,2.7,5.0
2024-07-18 08:30:00+02:00,19.5,19.5,21.3,15.9,79.0,21.5,84.0,121.2,1.0,0.0,0.0,0.0,0.0,5.6,40.3,286.2,0.5,3.2,177.0,1013.6,1013.6,2.7,5.0
2024-07-18 08:35:00+02:00,19.7,19.7,21.4,15.9,79.0,21.6,84.0,121.3,1.0,0.0,0.0,0.0,0.0,5.6,40.3,286.2,1.4,5.0,127.0,1013.6,1013.6,2.7,5.0
2024-07-18 08:40:00+02:00,19.8,19.8,21.7,16.1,79.0,21.7,84.0,148.9,1.0,0.0,0.0,0.0,0.0,5.6,40.3,286.2,0.9,3.2,109.0,1013.5,1013.5,2.7,5.0
2024-07-18 08:45:00+02:00,20.0,20.0,21.8,16.1,78.0,21.8,84.0,193.1,1.0,0.0,0.0,0.0,0.0,5.6,40.3,286.2,1.1,4.7,116.0,1013.7,1013.7,2.7,5.1
2024-07-18 08:50:00+02:00,20.3,20.3,21.7,16.1,77.0,21.9,85.0,179.2,1.0,0.0,0.0,0.0,0.0,5.6,40.3,286.2,3.2,6.5,135.0,1013.6,1013.6,2.7,5.1
2024-07-18 08:55:00+02:00,20.3,20.3,22.1,16.0,76.0,22.0,85.0,152.6,1.0,0.0,0.0,0.0,0.0,5.6,40.3,286.2,1.0,7.2,136.0,1013.6,1013.6,2.7,5.2
2024-07-18 09:00:00+02:00,20.5,20.5,22.3,16.2,77.0,22.1,85.0,151.8,1.0,0.0,0.0,0.0,0.0,5.6,40.3,286.2,1.2,3.2,137.0,1013.5,1013.5,2.7,5.2
2024-07-18 09:05:00+02:00,20.5,20.5,22.4,16.3,77.0,22.2,85.0,154.1,1.0,0.0,0.0,0.0,0.0,5.6,40.3,286.2,1.2,6.5,157.0,1013.5,1013.5,2.7,5.2
2024-07-18 09:10:00+02:00,20.7,20.7,22.9,16.4,76.0,22.3,85.0,213.5,1.0,0.0,0.0,0.0,0.0,5.6,40.3,286.2,0.0,2.9,74.0,1013.6,1013.6,2.7,5.2
2024-07-18 09:15:00+02:00,21.2,21.2,22.9,16.4,74.0,22.4,85.0,219.7,2.0,0.0,0.0,0.0,0.0,5.6,40.3,286.2,1.9,3.2,152.0,1013.6,1013.6,2.7,5.2
2024-07-18 09:20:00+02:00,21.3,21.3,23.1,16.3,73.0,22.6,85.0,193.7,1.0,0.0,0.0,0.0,0.0,5.6,40.3,286.2,1.7,4.3,148.0,1013.6,1013.6,2.7,5.2
2024-07-18 09:25:00+02:00,21.5,21.5,23.5,16.4,73.0,22.7,85.0,230.2,2.0,0.0,0.0,0.0,0.0,5.6,40.3,286.2,0.6,3.6,1.0,1013.6,1013.6,2.7,5.2
2024-07-18 09:30:00+02:00,21.9,21.9,23.8,16.4,71.0,22.8,85.0,271.7,2.0,0.0,0.0,0.0,0.0,5.6,40.3,286.2,1.3,3.6,21.0,1013.7,1013.7,2.7,5.2
2024-07-18 09:35:00+02:00,22.2,22.2,24.3,16.6,70.0,22.9,85.0,272.4,2.0,0.0,0.0,0.0,0.0,5.6,40.3,286.2,0.5,4.7,96.0,1013.6,1013.6,2.7,5.2
2024-07-18 09:40:00+02:00,22.4,22.4,24.1,16.5,69.0,23.0,85.0,278.2,2.0,0.0,0.0,0.0,0.0,5.6,40.3,286.2,2.9,6.8,97.0,1013.6,1013.6,2.7,5.2
2024-07-18 09:45:00+02:00,22.0,22.0,23.8,16.2,70.0,23.2,85.0,252.5,2.0,0.0,0.0,0.0,0.0,5.6,40.3,286.2,1.4,6.1,118.0,1013.6,1013.6,2.7,5.3
2024-07-18 09:50:00+02:00,21.9,21.9,23.7,16.3,71.0,23.3,86.0,193.7,1.0,0.0,0.0,0.0,0.0,5.6,40.3,286.2,2.1,4.7,115.0,1013.5,1013.5,2.7,5.3
2024-07-18 09:55:00+02:00,22.1,22.1,23.9,16.3,70.0,23.4,86.0,216.0,2.0,0.0,0.0,0.0,0.0,5.6,40.3,286.2,1.4,4.7,122.0,1013.6,1013.6,2.7,5.3
2024-07-18 10:00:00+02:00,22.4,22.4,24.5,16.5,69.0,23.5,86.0,242.8,2.0,0.0,0.0,0.0,0.0,5.6,40.3,286.2,0.4,2.9,1.0,1013.6,1013.6,2.7,5.3
2024-07-18 10:05:00+02:00,22.8,22.8,24.9,16.6,68.0,23.7,86.0,304.9,2.0,0.0,0.0,0.0,0.0,5.6,40.3,286.2,0.9,3.2,136.0,1013.6,1013.6,2.7,5.3
2024-07-18 10:10:00+02:00,23.5,23.5,25.5,16.6,65.0,23.9,85.0,353.7,3.0,0.0,0.0,0.0,0.0,5.6,40.3,286.2,1.0,3.2,121.0,1013.7,1013.7,2.7,5.3
2024-07-18 10:15:00+02:00,23.7,23.7,25.6,16.5,64.0,24.1,85.0,360.1,3.0,0.0,0.0,0.0,0.0,5.6,40.3,286.2,1.6,4.0,147.0,1013.5,1013.5,2.7,5.3
2024-07-18 10:20:00+02:00,23.3,23.3,24.6,15.8,63.0,24.3,85.0,345.2,3.0,0.0,0.0,0.0,0.0,5.6,40.3,286.2,2.9,6.1,127.0,1013.7,1013.7,2.7,5.3
2024-07-18 10:25:00+02:00,23.3,23.3,24.9,15.6,62.0,24.5,85.0,355.6,3.0,0.0,0.0,0.0,0.0,5.6,40.3,286.2,1.3,5.8,151.0,1013.5,1013.5,2.7,5.3
2024-07-18 10:30:00+02:00,23.8,23.8,25.1,15.5,60.0,24.7,85.0,290.1,2.0,0.0,0.0,0.0,0.0,5.6,40.3,286.2,2.7,5.8,144.0,1013.5,1013.5,2.7,5.3
2024-07-18 10:35:00+02:00,24.1,24.1,25.6,15.8,60.0,24.9,85.0,310.8,2.0,0.0,0.0,0.0,0.0,5.6,40.3,286.2,2.0,3.6,239.0,1013.6,1013.6,2.7,5.3
2024-07-18 10:40:00+02:00,25.3,25.3,27.0,15.7,55.0,25.1,85.0,339.4,3.0,0.0,0.0,0.0,0.0,5.6,40.3,286.2,0.7,2.2,231.0,1013.6,1013.6,2.7,5.3
2024-07-18 10:45:00+02:00,25.4,25.4,26.8,14.9,52.0,25.3,84.0,349.8,3.0,0.0,0.0,0.0,0.0,5.6,40.3,286.2,1.1,4.7,116.0,1013.6,1013.6,2.7,5.3
2024-07-18 10:50:00+02:00,25.8,25.8,27.2,15.0,51.0,25.5,84.0,345.8,3.0,0.0,0.0,0.0,0.0,5.6,40.3,286.2,1.2,4.7,157.0,1013.4,1013.4,2.7,5.3
2024-07-18 10:55:00+02:00,25.3,25.3,26.9,14.9,53.0,25.7,84.0,444.8,4.0,0.0,0.0,0.0,0.0,5.6,40.3,286.2,0.4,4.7,336.0,1013.6,1013.6,2.7,5.3
2024-07-18 11:00:00+02:00,25.7,25.7,26.7,14.6,50.0,25.9,84.0,468.1,4.0,0.0,0.0,0.0,0.0,5.6,40.3,286.2,2.7,5.4,278.0,1013.4,1013.4,2.7,5.3
2024-07-18 11:05:00+02:00,25.3,25.3,26.6,14.8,52.0,26.1,83.0,457.5,4.0,0.0,0.0,0.0,0.0,5.6,40.3,286.2,1.5,7.6,123.0,1013.4,1013.4,2.7,5.3
2024-07-18 11:10:00+02:00,25.1,25.1,25.4,14.3,51.0,26.3,83.0,602.1,5.0,0.0,0.0,0.0,0.0,5.6,40.3,286.2,5.7,13.0,136.0,1013.4,1013.4,2.7,5.3
2024-07-18 11:15:00+02:00,24.1,24.1,24.4,14.3,54.0,26.5,83.0,418.0,3.0,0.0,0.0,0.0,0.0,5.6,40.3,286.2,5.3,13.0,141.0,1013.3,1013.3,2.7,5.3
2024-07-18 11:20:00+02:00,24.8,24.8,25.9,14.5,53.0,26.7,83.0,537.4,4.0,0.0,0.0,0.0,0.0,5.6,40.3,286.2,1.7,5.0,98.0,1013.2,1013.2,2.7,5.3
2024-07-18 11:25:00+02:00,24.8,24.8,25.4,14.0,51.0,26.9,83.0,357.7,3.0,0.0,0.0,0.0,0.0,5.6,40.3,286.2,3.6,5.8,129.0,1013.3,1013.3,2.7,5.3
2024-07-18 11:30:00+02:00,24.4,24.4,25.2,14.1,53.0,27.1,82.0,417.7,3.0,0.0,0.0,0.0,0.0,5.6,40.3,286.2,2.3,5.4,127.0,1013.2,1013.2,2.7,5.3
2024-07-18 11:35:00+02:00,25.0,25.0,25.9,13.6,49.0,27.3,82.0,591.0,5.0,0.0,0.0,0.0,0.0,5.6,40.3,286.2,0.9,4.3,113.0,1013.2,1013.2,2.7,5.3
2024-07-18 11:40:00+02:00,25.9,25.9,27.1,14.6,50.0,27.5,81.0,533.8,4.0,0.0,0.0,0.0,0.0,5.6,40.3,286.2,1.2,4.7,131.0,1013.2,1013.2,2.7,5.3
2024-07-18 11:45:00+02:00,26.6,26.8,27.8,14.6,47.0,27.7,81.0,609.8,5.0,0.0,0.0,0.0,0.0,5.6,40.3,286.2,1.7,4.3,204.0,1013.1,1013.1,2.7,5.3
2024-07-18 11:50:00+02:00,26.5,26.5,27.4,14.4,47.0,27.9,81.0,513.4,4.0,0.0,0.0,0.0,0.0,5.6,40.3,286.2,2.6,4.3,182.0,1013.0,1013.0,2.7,5.3
2024-07-18 11:55:00+02:00,26.7,27.1,28.4,15.5,50.0,28.1,81.0,449.5,4.0,0.0,0.0,0.0,0.0,5.6,40.3,286.2,0.9,4.7,181.0,1013.1,1013.1,2.7,5.3
2024-07-18 12:00:00+02:00,26.3,26.4,27.8,15.2,50.0,28.3,80.0,453.0,4.0,0.0,0.0,0.0,0.0,5.6,40.3,286.2,1.0,5.4,119.0,1013.1,1013.1,2.7,5.3
2024-07-18 12:05:00+02:00,25.6,25.6,26.9,14.9,52.0,28.5,80.0,465.2,4.0,0.0,0.0,0.0,0.0,5.6,40.3,286.2,1.0,6.5,74.0,1013.1,1013.1,2.7,5.3
2024-07-18 12:10:00+02:00,25.8,25.8,27.1,14.9,51.0,28.7,80.0,534.7,4.0,0.0,0.0,0.0,0.0,5.6,40.3,286.2,1.2,7.2,288.0,1013.0,1013.0,2.7,5.3
2024-07-18 12:15:00+02:00,25.9,25.9,27.1,15.0,51.0,28.8,80.0,449.0,4.0,0.0,0.0,0.0,0.0,5.6,40.3,286.2,2.2,5.0,301.0,1013.1,1013.1,2.7,5.3
2024-07-18 12:20:00+02:00,26.0,26.0,27.3,14.6,49.0,29.0,79.0,370.1,3.0,0.0,0.0,0.0,0.0,5.6,40.3,286.2,0.9,4.0,187.0,1013.1,1013.1,2.7,5.3
2024-07-18 12:25:00+02:00,25.8,25.8,26.9,14.5,50.0,29.1,79.0,433.1,4.0,0.0,0.0,0.0,0.0,5.6,40.3,286.2,1.9,6.1,355.0,1013.0,1013.0,2.7,5.3
2024-07-18 12:30:00+02:00,25.8,25.8,27.1,14.7,50.0,29.2,79.0,316.1,2.0,0.0,0.0,0.0,0.0,5.6,40.3,286.2,0.9,2.5,172.0,1012.8,1012.8,2.7,5.3
2024-07-18 12:35:00+02:00,25.7,25.7,27.2,15.3,53.0,29.3,79.0,638.8,5.0,0.0,0.0,0.0,0.0,5.6,40.3,286.2,0.9,4.3,141.0,1012.9,1012.9,2.7,5.3
2024-07-18 12:40:00+02:00,26.1,26.1,27.6,15.6,52.0,29.4,79.0,427.1,3.0,0.0,0.0,0.0,0.0,5.6,40.3,286.2,1.8,7.9,11.0,1012.9,1012.9,2.7,5.3
2024-07-18 12:45:00+02:00,26.3,26.3,27.5,14.9,50.0,29.5,79.0,472.4,4.0,0.0,0.0,0.0,0.0,5.6,40.3,286.2,1.7,5.0,233.0,1012.8,1012.8,2.7,5.3
2024-07-18 12:50:00+02:00,26.8,27.0,28.0,15.0,48.0,29.7,79.0,644.0,5.0,0.0,0.0,0.0,0.0,5.6,40.3,286.2,2.5,4.7,237.0,1012.8,1012.8,2.7,5.3
2024-07-18 12:55:00+02:00,26.9,27.1,28.3,16.0,51.0,29.8,79.0,184.1,1.0,0.0,0.0,0.0,0.0,5.6,40.3,286.2,3.3,6.1,295.0,1012.9,1012.9,2.7,5.3
2024-07-18 13:00:00+02:00,25.4,25.4,26.5,14.9,52.0,29.8,79.0,696.8,6.0,0.0,0.0,0.0,0.0,5.6,40.3,286.2,2.8,6.1,279.0,1012.8,1012.8,2.7,5.3
2024-07-18 13:05:00+02:00,26.5,26.6,27.7,14.8,49.0,29.9,79.0,539.5,5.0,0.0,0.0,0.0,0.0,5.6,40.3,286.2,1.5,5.0,295.0,1012.8,1012.8,2.7,5.3
2024-07-18 13:10:00+02:00,26.7,27.0,27.9,15.0,49.0,30.0,79.0,206.9,1.0,0.0,0.0,0.0,0.0,5.6,40.3,286.2,2.2,6.5,266.0,1012.7,1012.7,2.7,5.3
2024-07-18 13:15:00+02:00,26.7,27.0,28.1,15.1,49.0,30.1,78.0,664.3,6.0,0.0,0.0,0.0,0.0,5.6,40.3,286.2,1.5,5.4,159.0,1012.6,1012.6,2.7,5.3
2024-07-18 13:20:00+02:00,26.7,26.9,28.0,15.2,49.0,30.2,79.0,679.6,6.0,0.0,0.0,0.0,0.0,5.6,40.3,286.2,1.9,6.1,151.0,1012.6,1012.6,2.7,5.3
2024-07-18 13:25:00+02:00,27.7,27.8,29.2,14.7,45.0,30.2,79.0,629.4,5.0,0.0,0.0,0.0,0.0,5.6,40.3,286.2,0.4,4.3,333.0,1012.6,1012.6,2.7,5.3
2024-07-18 13:30:00+02:00,28.0,28.2,29.6,15.3,46.0,30.3,79.0,141.0,1.0,0.0,0.0,0.0,0.0,5.6,40.3,286.2,0.7,2.2,139.0,1012.6,1012.6,2.7,5.3
2024-07-18 13:35:00+02:00,26.5,26.6,27.8,14.8,48.0,30.4,79.0,225.0,2.0,0.0,0.0,0.0,0.0,5.6,40.3,286.2,1.5,6.1,165.0,1012.5,1012.5,2.7,5.3
2024-07-18 13:40:00+02:00,26.2,26.2,27.4,14.5,49.0,30.5,79.0,417.8,3.0,0.0,0.0,0.0,0.0,5.6,40.3,286.2,1.5,5.0,292.0,1012.5,1012.5,2.7,5.3
2024-07-18 13:45:00+02:00,25.8,25.8,26.5,14.7,50.0,30.5,80.0,185.3,1.0,0.0,0.0,0.0,0.0,5.6,40.3,286.2,4.4,6.5,290.0,1012.4,1012.4,2.7,5.3
2024-07-18 13:50:00+02:00,25.7,25.7,27.2,14.9,51.0,30.6,80.0,702.6,6.0,0.0,0.0,0.0,0.0,5.6,40.3,286.2,0.8,4.7,273.0,1012.4,1012.4,2.7,5.3
2024-07-18 13:55:00+02:00,27.1,27.2,27.8,14.4,46.0,30.6,80.0,705.2,6.0,0.0,0.0,0.0,0.0,5.6,40.3,286.2,3.3,10.1,342.0,1012.5,1012.5,2.7,5.3
2024-07-18 14:00:00+02:00,26.5,26.6,26.8,14.6,48.0,30.7,80.0,207.3,1.0,0.0,0.0,0.0,0.0,5.6,40.3,286.2,5.8,10.1,288.0,1012.5,1012.5,2.7,5.3
2024-07-18 14:05:00+02:00,25.3,25.3,25.6,14.1,50.0,30.7,80.0,472.1,4.0,0.0,0.0,0.0,0.0,5.6,40.3,286.2,5.0,9.4,260.0,1012.4,1012.4,2.7,5.3
2024-07-18 14:10:00+02:00,25.8,25.8,26.6,14.6,50.0,30.8,80.0,649.8,6.0,0.0,0.0,0.0,0.0,5.6,40.3,286.2,3.4,5.0,278.0,1012.5,1012.5,2.7,5.3
2024-07-18 14:15:00+02:00,26.3,26.3,26.9,14.3,48.0,30.8,80.0,661.2,6.0,0.0,0.0,0.0,0.0,5.6,40.3,286.2,4.0,6.5,285.0,1012.4,1012.4,2.7,5.3
2024-07-18 14:20:00+02:00,27.5,27.5,28.0,14.1,44.0,30.9,80.0,650.4,6.0,0.0,0.0,0.0,0.0,5.6,40.3,286.2,4.2,7.6,301.0,1012.4,1012.4,2.7,5.3
2024-07-18 14:25:00+02:00,28.2,28.1,29.2,14.5,43.0,31.0,80.0,659.0,6.0,0.0,0.0,0.0,0.0,5.6,40.3,286.2,2.0,5.4,257.0,1012.4,1012.4,2.7,5.3
2024-07-18 14:30:00+02:00,29.4,29.0,30.3,14.4,40.0,31.1,81.0,645.8,6.0,0.0,0.0,0.0,0.0,5.6,40.3,286.2,2.5,5.0,240.0,1012.2,1012.2,2.7,5.3
2024-07-18 14:35:00+02:00,29.8,29.5,30.7,14.7,40.0,31.2,81.0,471.1,4.0,0.0,0.0,0.0,0.0,5.6,40.3,286.2,3.1,6.1,258.0,1012.1,1012.1,2.7,5.3
2024-07-18 14:40:00+02:00,28.3,28.1,28.9,14.3,42.0,31.3,80.0,601.1,5.0,0.0,0.0,0.0,0.0,5.6,40.3,286.2,3.7,6.8,322.0,1012.1,1012.1,2.7,5.3
2024-07-18 14:45:00+02:00,28.2,28.1,28.8,14.4,43.0,31.4,80.0,561.4,5.0,0.0,0.0,0.0,0.0,5.6,40.3,286.2,4.1,6.8,260.0,1012.1,1012.1,2.7,5.3
2024-07-18 14:50:00+02:00,27.3,27.3,27.7,13.9,44.0,31.5,80.0,492.2,4.0,0.0,0.0,0.0,0.0,5.6,40.3,286.2,4.1,6.8,252.0,1012.1,1012.1,2.7,5.3
2024-07-18 14:55:00+02:00,28.6,28.4,29.8,14.7,43.0,31.6,80.0,650.1,6.0,0.0,0.0,0.0,0.0,5.6,40.3,286.2,1.7,6.1,157.0,1012.1,1012.1,2.7,5.3
2024-07-18 15:00:00+02:00,29.4,29.2,30.4,14.9,41.0,31.7,80.0,645.3,5.0,0.0,0.0,0.0,0.0,5.6,40.3,286.2,3.0,7.2,238.0,1012.1,1012.1,2.7,5.3
2024-07-18 15:05:00+02:00,30.7,30.2,31.8,14.4,37.0,31.8,80.0,668.2,6.0,0.0,0.0,0.0,0.0,5.6,40.3,286.2,1.6,6.5,299.0,1012.1,1012.1,2.7,5.3
2024-07-18 15:10:00+02:00,31.1,30.6,31.8,14.6,37.0,31.9,80.0,674.0,6.0,0.0,0.0,0.0,0.0,5.6,40.3,286.2,3.9,7.6,275.0,1012.2,1012.2,2.7,5.3
2024-07-18 15:15:00+02:00,29.6,29.1,30.0,13.9,38.0,32.0,80.0,624.6,5.0,0.0,0.0,0.0,0.0,5.6,40.3,286.2,4.3,9.0,342.0,1012.0,1012.0,2.7,5.3
2024-07-18 15:20:00+02:00,29.9,29.5,30.6,14.4,39.0,32.1,80.0,624.5,5.0,0.0,0.0,0.0,0.0,5.6,40.3,286.2,3.5,9.0,231.0,1011.9,1011.9,2.7,5.3
2024-07-18 15:25:00+02:00,29.9,29.4,30.7,14.1,38.0,32.2,80.0,630.3,5.0,0.0,0.0,0.0,0.0,5.6,40.3,286.2,2.4,5.4,109.0,1011.9,1011.9,2.68,5.3
2024-07-18 15:30:00+02:00,29.8,29.4,30.3,14.4,39.0,32.3,80.0,632.1,5.0,0.0,0.0,0.0,0.0,5.6,40.3,286.2,4.4,8.6,182.0,1011.9,1011.9,2.68,5.3
2024-07-18 15:35:00+02:00,29.1,28.8,29.9,14.5,41.0,32.4,80.0,646.7,6.0,0.0,0.0,0.0,0.0,5.6,40.3,286.2,3.4,8.6,10.0,1011.8,1011.8,2.68,5.3
2024-07-18 15:40:00+02:00,28.8,28.4,29.5,14.1,41.0,32.5,80.0,182.1,1.0,0.0,0.0,0.0,0.0,5.6,40.3,286.2,2.9,6.8,74.0,1011.9,1011.9,2.68,5.3
2024-07-18 15:45:00+02:00,28.0,27.8,28.8,13.8,42.0,32.6,80.0,558.3,5.0,0.0,0.0,0.0,0.0,5.6,40.3,286.2,1.8,4.3,135.0,1011.9,1011.9,2.7,5.3
2024-07-18 15:50:00+02:00,28.2,28.0,28.7,13.9,41.0,32.6,80.0,572.6,5.0,0.0,0.0,0.0,0.0,5.6,40.3,286.2,3.7,8.6,353.0,1012.0,1012.0,2.7,5.3
2024-07-18 15:55:00+02:00,28.3,28.2,29.2,14.5,43.0,32.6,80.0,608.3,5.0,0.0,0.0,0.0,0.0,5.6,40.3,286.2,3.1,8.6,298.0,1011.9,1011.9,2.7,5.3
2024-07-18 16:00:00+02:00,29.4,29.1,30.1,14.5,40.0,32.7,80.0,598.7,5.0,0.0,0.0,0.0,0.0,5.6,40.3,286.2,3.7,7.9,295.0,1011.8,1011.8,2.7,5.3
2024-07-18 16:05:00+02:00,30.4,30.1,31.7,15.0,39.0,32.7,80.0,577.4,5.0,0.0,0.0,0.0,0.0,5.6,40.3,286.2,1.5,7.9,246.0,1011.9,1011.9,2.7,5.3
2024-07-18 16:10:00+02:00,30.6,30.2,31.8,15.0,39.0,32.8,80.0,600.5,5.0,0.0,0.0,0.0,0.0,5.6,40.3,286.2,2.0,7.9,179.0,1011.9,1011.9,2.7,5.3
2024-07-18 16:15:00+02:00,29.4,29.0,30.0,14.3,40.0,32.8,80.0,605.0,5.0,0.0,0.0,0.0,0.0,5.6,40.3,286.2,4.0,6.8,158.0,1011.8,1011.8,2.7,5.3
2024-07-18 16:20:00+02:00,29.3,28.8,30.2,13.9,39.0,32.9,80.0,572.9,5.0,0.0,0.0,0.0,0.0,5.6,40.3,286.2,1.9,6.5,57.0,1011.8,1011.8,2.7,5.3
2024-07-18 16:25:00+02:00,29.2,28.8,29.7,14.2,40.0,33.0,80.0,543.9,5.0,0.0,0.0,0.0,0.0,5.6,40.3,286.2,4.7,10.1,301.0,1011.8,1011.8,2.7,5.3
2024-07-18 16:30:00+02:00,29.7,29.2,30.3,14.1,39.0,33.1,81.0,534.0,4.0,0.0,0.0,0.0,0.0,5.6,40.3,286.2,3.8,10.4,357.0,1011.7,1011.7,2.7,5.3
2024-07-18 16:35:00+02:00,28.8,28.5,29.7,14.6,42.0,33.1,81.0,523.4,4.0,0.0,0.0,0.0,0.0,5.6,40.3,286.2,2.8,10.8,25.0,1011.8,1011.8,2.7,5.3
2024-07-18 16:40:00+02:00,29.0,28.7,29.6,14.6,41.0,33.2,81.0,522.8,4.0,0.0,0.0,0.0,0.0,5.6,40.3,286.2,4.1,11.9,3.0,1011.7,1011.7,2.7,5.3
2024-07-18 16:45:00+02:00,28.5,28.2,29.0,14.1,41.0,33.3,81.0,506.1,4.0,0.0,0.0,0.0,0.0,5.6,40.3,286.2,4.1,10.8,349.0,1011.7,1011.7,2.7,5.3
2024-07-18 16:50:00+02:00,27.8,27.7,28.1,13.9,42.0,33.3,81.0,146.7,1.0,0.0,0.0,0.0,0.0,5.6,40.3,286.2,4.7,10.8,347.0,1011.6,1011.6,2.7,5.3
2024-07-18 16:55:00+02:00,27.2,27.3,27.2,14.3,45.0,33.3,81.0,231.7,2.0,0.0,0.0,0.0,0.0,5.6,40.3,286.2,6.8,10.1,306.0,1011.6,1011.6,2.7,5.3
2024-07-18 17:00:00+02:00,27.3,27.4,27.5,14.3,45.0,33.3,81.0,453.9,4.0,0.0,0.0,0.0,0.0,5.6,40.3,286.2,5.8,10.1,294.0,1011.6,1011.6,2.7,5.3
2024-07-18 17:05:00+02:00,27.9,27.8,28.3,14.2,43.0,33.3,81.0,443.0,4.0,0.0,0.0,0.0,0.0,5.6,40.3,286.2,4.6,9.4,320.0,1011.6,1011.6,2.7,5.3
2024-07-18 17:10:00+02:00,27.8,27.6,28.0,13.8,42.0,33.3,81.0,319.4,2.0,0.0,0.0,0.0,0.0,5.6,40.3,286.2,4.8,7.9,280.0,1011.6,1011.6,2.7,5.3
2024-07-18 17:15:00+02:00,27.1,27.2,27.3,13.6,43.0,33.3,81.0,134.1,1.0,0.0,0.0,0.0,0.0,5.6,40.3,286.2,4.5,6.1,287.0,1011.7,1011.7,2.7,5.3
2024-07-18 17:20:00+02:00,26.9,27.0,27.2,14.1,46.0,33.3,81.0,425.8,3.0,0.0,0.0,0.0,0.0,5.6,40.3,286.2,5.3,9.4,322.0,1011.5,1011.5,2.7,5.3
2024-07-18 17:25:00+02:00,26.9,27.0,26.8,13.6,44.0,33.3,81.0,427.9,3.0,0.0,0.0,0.0,0.0,5.6,40.3,286.2,6.4,9.7,274.0,1011.5,1011.5,2.7,5.3
2024-07-18 17:30:00+02:00,27.2,27.2,27.3,13.9,44.0,33.2,81.0,380.8,3.0,0.0,0.0,0.0,0.0,5.6,40.3,286.2,5.7,9.4,287.0,1011.4,1011.4,2.7,5.3
2024-07-18 17:35:00+02:00,27.8,27.6,27.8,13.7,42.0,33.2,81.0,389.3,3.0,0.0,0.0,0.0,0.0,5.6,40.3,286.2,6.1,10.4,280.0,1011.5,1011.5,2.7,5.3
2024-07-18 17:40:00+02:00,28.0,27.8,28.7,13.8,42.0,33.2,81.0,373.8,3.0,0.0,0.0,0.0,0.0,5.6,40.3,286.2,2.6,10.4,256.0,1011.5,1011.5,2.7,5.3
2024-07-18 17:45:00+02:00,29.2,28.8,30.4,14.1,40.0,33.2,81.0,389.1,3.0,0.0,0.0,0.0,0.0,5.6,40.3,286.2,0.8,5.8,186.0,1011.4,1011.4,2.7,5.3
2024-07-18 17:50:00+02:00,29.0,28.6,29.7,14.1,40.0,33.2,82.0,388.0,3.0,0.0,0.0,0.0,0.0,5.6,40.3,286.2,3.0,5.8,107.0,1011.4,1011.4,2.7,5.3
2024-07-18 17:55:00+02:00,29.0,28.7,30.0,14.4,41.0,33.2,82.0,365.9,3.0,0.0,0.0,0.0,0.0,5.6,40.3,286.2,2.1,6.5,70.0,1011.4,1011.4,2.7,5.3
2024-07-18 18:00:00+02:00,28.9,28.5,29.6,13.9,40.0,33.2,82.0,338.4,3.0,0.0,0.0,0.0,0.0,5.6,40.3,286.2,2.6,9.0,331.0,1011.4,1011.4,2.7,5.3
2024-07-18 18:05:00+02:00,28.3,27.9,28.4,13.6,41.0,33.2,82.0,279.0,2.0,0.0,0.0,0.0,0.0,5.6,40.3,286.2,5.2,10.8,348.0,1011.3,1011.3,2.7,5.3
2024-07-18 18:10:00+02:00,27.6,27.5,27.9,13.8,43.0,33.2,82.0,111.1,1.0,0.0,0.0,0.0,0.0,5.6,40.3,286.2,4.8,9.0,315.0,1011.2,1011.2,2.7,5.3
2024-07-18 18:15:00+02:00,27.3,27.2,28.1,13.5,43.0,33.2,82.0,73.9,0.0,0.0,0.0,0.0,0.0,5.6,40.3,286.2,1.3,6.5,335.0,1011.3,1011.3,2.7,5.3
2024-07-18 18:20:00+02:00,27.2,27.3,28.0,14.1,44.0,33.2,82.0,74.4,0.0,0.0,0.0,0.0,0.0,5.6,40.3,286.2,2.5,5.8,303.0,1011.3,1011.3,2.7,5.3
2024-07-18 18:25:00+02:00,27.2,27.4,28.7,14.6,46.0,33.1,82.0,77.0,0.0,0.0,0.0,0.0,0.0,5.6,40.3,286.2,0.4,5.8,266.0,1011.2,1011.2,2.7,5.3
2024-07-18 18:30:00+02:00,27.1,27.2,27.5,14.0,44.0,33.1,82.0,79.1,0.0,0.0,0.0,0.0,0.0,5.6,40.3,286.2,4.5,9.0,292.0,1011.3,1011.3,2.7,5.3
2024-07-18 18:35:00+02:00,26.8,26.9,27.4,14.0,45.0,33.0,82.0,79.5,0.0,0.0,0.0,0.0,0.0,5.6,40.3,286.2,3.4,6.5,272.0,1011.2,1011.2,2.7,5.3
2024-07-18 18:40:00+02:00,26.2,26.2,26.9,14.6,49.0,32.9,81.0,83.0,0.0,0.0,0.0,0.0,0.0,5.6,40.3,286.2,4.0,6.5,282.0,1011.1,1011.1,2.7,5.3
2024-07-18 18:45:00+02:00,26.3,26.3,26.9,14.3,48.0,32.9,82.0,89.4,0.0,0.0,0.0,0.0,0.0,5.6,40.3,286.2,3.7,6.8,282.0,1011.1,1011.1,2.7,5.3
2024-07-18 18:50:00+02:00,26.3,26.3,26.9,14.1,47.0,32.8,82.0,90.3,0.0,0.0,0.0,0.0,0.0,5.6,40.3,286.2,3.6,5.8,274.0,1011.1,1011.1,2.7,5.3
2024-07-18 18:55:00+02:00,26.4,26.4,27.1,14.5,48.0,32.8,82.0,79.8,0.0,0.0,0.0,0.0,0.0,5.6,40.3,286.2,3.7,6.1,282.0,1011.1,1011.1,2.7,5.3
2024-07-18 19:00:00+02:00,26.4,26.4,26.9,14.2,47.0,32.7,81.0,77.6,0.0,0.0,0.0,0.0,0.0,5.6,40.3,286.2,4.2,5.8,271.0,1011.1,1011.1,2.7,5.3
2024-07-18 19:05:00+02:00,26.5,26.5,27.2,14.1,46.0,32.7,81.0,61.6,0.0,0.0,0.0,0.0,0.0,5.6,40.3,286.2,3.0,5.8,260.0,1011.0,1011.0,2.7,5.3
2024-07-18 19:10:00+02:00,26.5,26.6,27.4,14.1,46.0,32.6,81.0,80.4,0.0,0.0,0.0,0.0,0.0,5.6,40.3,286.2,2.3,5.4,280.0,1011.1,1011.1,2.7,5.3
2024-07-18 19:15:00+02:00,26.7,27.0,27.7,14.6,47.0,32.5,81.0,81.0,0.0,0.0,0.0,0.0,0.0,5.6,40.3,286.2,3.0,4.7,289.0,1011.1,1011.1,2.7,5.3
2024-07-18 19:20:00+02:00,26.4,26.4,27.2,14.6,48.0,32.5,82.0,50.0,0.0,0.0,0.0,0.0,0.0,5.6,40.3,286.2,3.3,7.6,288.0,1011.0,1011.0,2.7,5.3
2024-07-18 19:25:00+02:00,26.2,26.2,26.9,14.4,48.0,32.4,82.0,48.4,0.0,0.0,0.0,0.0,0.0,5.6,40.3,286.2,3.5,6.8,274.0,1010.9,1010.9,2.7,5.3
2024-07-18 19:30:00+02:00,26.2,26.2,27.0,14.5,48.0,32.3,82.0,49.1,0.0,0.0,0.0,0.0,0.0,5.6,40.3,286.2,2.7,6.8,279.0,1011.0,1011.0,2.7,5.3
2024-07-18 19:35:00+02:00,26.0,26.0,26.8,14.9,50.0,32.3,82.0,47.6,0.0,0.0,0.0,0.0,0.0,5.6,40.3,286.2,4.0,7.6,293.0,1011.0,1011.0,2.7,5.3
2024-07-18 19:40:00+02:00,26.0,26.0,26.6,14.5,49.0,32.2,82.0,49.5,0.0,0.0,0.0,0.0,0.0,5.6,40.3,286.2,4.7,7.6,317.0,1011.0,1011.0,2.7,5.3
2024-07-18 19:45:00+02:00,26.2,26.2,26.8,14.5,48.0,32.2,82.0,49.4,0.0,0.0,0.0,0.0,0.0,5.6,40.3,286.2,4.5,7.2,345.0,1011.0,1011.0,2.7,5.3
2024-07-18 19:50:00+02:00,26.2,26.2,27.1,14.6,49.0,32.1,82.0,51.8,0.0,0.0,0.0,0.0,0.0,5.6,40.3,286.2,2.8,6.8,332.0,1011.0,1011.0,2.7,5.3
2024-07-18 19:55:00+02:00,26.1,26.1,26.7,14.4,49.0,32.0,82.0,51.4,0.0,0.0,0.0,0.0,0.0,5.6,40.3,286.2,3.8,6.1,282.0,1011.1,1011.1,2.7,5.3
2024-07-18 20:00:00+02:00,25.9,25.9,26.9,14.4,49.0,31.9,82.0,45.1,0.0,0.0,0.0,0.0,0.0,5.6,40.3,286.2,2.2,6.5,289.0,1011.0,1011.0,2.7,5.3
2024-07-18 20:05:00+02:00,25.8,25.8,26.5,14.4,49.0,31.9,82.0,42.5,0.0,0.0,0.0,0.0,0.0,5.6,40.3,286.2,3.6,5.4,265.0,1011.0,1011.0,2.7,5.2
2024-07-18 20:10:00+02:00,25.6,25.6,26.5,14.5,50.0,31.8,82.0,39.5,0.0,0.0,0.0,0.0,0.0,5.6,40.3,286.2,3.0,4.7,276.0,1011.1,1011.1,2.7,5.2
2024-07-18 20:15:00+02:00,25.6,25.6,26.6,14.4,50.0,31.8,82.0,36.1,0.0,0.0,0.0,0.0,0.0,5.6,40.3,286.2,2.3,5.8,278.0,1011.1,1011.1,2.7,5.2
2024-07-18 20:20:00+02:00,25.6,25.6,26.6,14.5,50.0,31.7,82.0,33.5,0.0,0.0,0.0,0.0,0.0,5.6,40.3,286.2,2.1,4.0,258.0,1011.1,1011.1,2.7,5.2
2024-07-18 20:25:00+02:00,25.4,25.4,26.2,14.4,51.0,31.7,82.0,31.1,0.0,0.0,0.0,0.0,0.0,5.6,40.3,286.2,3.1,4.7,258.0,1011.1,1011.1,2.7,5.2
2024-07-18 20:30:00+02:00,25.2,25.2,26.1,14.5,51.0,31.6,82.0,26.8,0.0,0.0,0.0,0.0,0.0,5.6,40.3,286.2,2.7,4.7,274.0,1011.2,1011.2,2.7,5.2
2024-07-18 20:35:00+02:00,25.0,25.0,26.0,14.6,52.0,31.5,82.0,23.8,0.0,0.0,0.0,0.0,0.0,5.6,40.3,286.2,2.6,3.6,265.0,1011.0,1011.0,2.7,5.2
2024-07-18 20:40:00+02:00,24.8,24.8,25.9,14.7,53.0,31.5,81.0,21.4,0.0,0.0,0.0,0.0,0.0,5.6,40.3,286.2,2.2,3.6,268.0,1011.2,1011.2,2.7,5.2
2024-07-18 20:45:00+02:00,24.6,24.6,25.9,15.0,55.0,31.4,81.0,19.1,0.0,0.0,0.0,0.0,0.0,5.6,40.3,286.2,1.6,3.2,270.0,1011.1,1011.1,2.7,5.2
2024-07-18 20:50:00+02:00,24.1,24.1,26.1,16.4,62.0,31.3,81.0,16.6,0.0,0.0,0.0,0.0,0.0,5.6,40.3,286.2,0.9,3.2,274.0,1011.1,1011.1,2.7,5.2
2024-07-18 20:55:00+02:00,23.8,23.8,25.7,16.0,62.0,31.2,81.0,14.6,0.0,0.0,0.0,0.0,0.0,5.6,40.3,286.2,0.4,2.5,258.0,1011.1,1011.1,2.7,5.2
2024-07-18 21:00:00+02:00,23.5,23.5,25.6,16.3,64.0,31.2,81.0,13.3,0.0,0.0,0.0,0.0,0.0,5.6,40.3,286.2,0.0,1.8,252.0,1011.2,1011.2,2.7,5.2
2024-07-18 21:05:00+02:00,23.1,23.1,25.1,16.0,64.0,31.1,81.0,11.5,0.0,0.0,0.0,0.0,0.0,5.6,40.3,286.2,0.0,0.0,171.0,1011.3,1011.3,2.7,5.2
2024-07-18 21:10:00+02:00,22.8,22.8,24.5,15.4,63.0,31.0,81.0,9.6,0.0,0.0,0.0,0.0,0.0,5.6,40.3,286.2,0.0,0.0,224.0,1011.3,1011.3,2.7,5.2
2024-07-18 21:15:00+02:00,22.5,22.5,24.3,15.5,65.0,30.9,81.0,7.8,0.0,0.0,0.0,0.0,0.0,5.6,40.3,286.2,0.0,0.0,216.0,1011.4,1011.4,2.7,5.2
2024-07-18 21:20:00+02:00,22.3,22.3,24.1,15.7,66.0,30.8,81.0,6.2,0.0,0.0,0.0,0.0,0.0,5.6,40.3,286.2,0.0,1.8,262.0,1011.3,1011.3,2.7,5.2
2024-07-18 21:25:00+02:00,22.0,22.0,23.8,15.5,67.0,30.7,81.0,5.0,0.0,0.0,0.0,0.0,0.0,5.6,40.3,286.2,0.0,0.0,176.0,1011.4,1011.4,2.7,5.2
2024-07-18 21:30:00+02:00,21.7,21.7,23.6,15.7,69.0,30.7,81.0,3.8,0.0,0.0,0.0,0.0,0.0,5.6,40.3,286.2,0.0,1.8,136.0,1011.4,1011.4,2.7,5.2
2024-07-18 21:35:00+02:00,21.4,21.4,23.2,15.4,69.0,30.6,81.0,2.7,0.0,0.0,0.0,0.0,0.0,5.6,40.3,286.2,0.0,1.8,149.0,1011.5,1011.5,2.7,5.2
2024-07-18 21:40:00+02:00,21.3,21.3,23.1,15.5,70.0,30.5,81.0,1.9,0.0,0.0,0.0,0.0,0.0,5.6,40.3,286.2,0.0,1.8,143.0,1011.5,1011.5,2.7,5.2
2024-07-18 21:45:00+02:00,21.0,21.0,22.7,15.4,70.0,30.4,81.0,1.2,0.0,0.0,0.0,0.0,0.0,5.6,40.3,286.2,0.4,2.2,140.0,1011.5,1011.5,2.7,5.2
2024-07-18 21:50:00+02:00,20.8,20.8,22.4,15.4,71.0,30.3,81.0,0.7,0.0,0.0,0.0,0.0,0.0,5.6,40.3,286.2,1.3,2.9,130.0,1011.5,1011.5,2.7,5.2
2024-07-18 21:55:00+02:00,20.7,20.7,22.0,15.3,72.0,30.2,80.0,0.4,0.0,0.0,0.0,0.0,0.0,5.6,40.3,286.2,1.9,2.9,140.0,1011.6,1011.6,2.7,5.2
2024-07-18 22:00:00+02:00,20.4,20.4,22.2,15.3,72.0,30.0,80.0,0.2,0.0,0.0,0.0,0.0,0.0,5.6,40.3,286.2,0.0,2.2,139.0,1011.6,1011.6,2.7,5.2
2024-07-18 22:05:00+02:00,20.2,20.2,22.0,15.3,73.0,29.9,80.0,0.1,0.0,0.0,0.0,0.0,0.0,5.6,40.3,286.2,0.0,0.0,139.0,1011.7,1011.7,2.7,5.2
2024-07-18 22:10:00+02:00,20.0,20.0,21.8,15.5,75.0,29.8,80.0,0.0,0.0,0.0,0.0,0.0,0.0,5.6,40.3,286.2,0.0,1.8,132.0,1011.7,1011.7,2.7,5.2
2024-07-18 22:15:00+02:00,19.9,19.9,21.5,15.1,74.0,29.7,80.0,0.0,0.0,0.0,0.0,0.0,0.0,5.6,40.3,286.2,0.0,2.2,139.0,1011.7,1011.7,2.7,5.1
2024-07-18 22:20:00+02:00,19.8,19.8,21.5,15.3,75.0,29.6,80.0,0.0,0.0,0.0,0.0,0.0,0.0,5.6,40.3,286.2,0.0,1.8,127.0,1011.8,1011.8,2.7,5.1
2024-07-18 22:25:00+02:00,19.7,19.7,21.2,15.3,76.0,29.5,80.0,0.0,0.0,0.0,0.0,0.0,0.0,5.6,40.3,286.2,0.7,2.2,124.0,1011.8,1011.8,2.7,5.1
2024-07-18 22:30:00+02:00,19.6,19.6,21.3,15.1,75.0,29.4,80.0,0.0,0.0,0.0,0.0,0.0,0.0,5.6,40.3,286.2,0.0,2.2,129.0,1011.8,1011.8,2.7,5.1
2024-07-18 22:35:00+02:00,19.6,19.6,21.1,15.1,75.0,29.3,80.0,0.0,0.0,0.0,0.0,0.0,0.0,5.6,40.3,286.2,0.7,2.5,125.0,1011.7,1011.7,2.7,5.1
2024-07-18 22:40:00+02:00,19.6,19.6,20.9,15.0,75.0,29.2,80.0,0.0,0.0,0.0,0.0,0.0,0.0,5.6,40.3,286.2,1.5,2.5,131.0,1011.7,1011.7,2.7,5.1
2024-07-18 22:45:00+02:00,19.5,19.5,21.1,15.0,75.0,29.1,80.0,0.0,0.0,0.0,0.0,0.0,0.0,5.6,40.3,286.2,0.4,2.5,109.0,1011.8,1011.8,2.7,5.1
2024-07-18 22:50:00+02:00,19.5,19.5,21.0,14.9,75.0,29.0,80.0,0.0,0.0,0.0,0.0,0.0,0.0,5.6,40.3,286.2,0.4,2.2,121.0,1011.7,1011.7,2.7,5.1
2024-07-18 22:55:00+02:00,19.3,19.3,20.9,14.8,75.0,28.9,80.0,0.0,0.0,0.0,0.0,0.0,0.0,5.6,40.3,286.2,0.0,2.2,136.0,1011.7,1011.7,2.7,5.1
2024-07-18 23:00:00+02:00,19.2,19.2,20.7,14.8,76.0,28.8,80.0,0.0,0.0,0.0,0.0,0.0,0.0,5.6,40.3,286.2,0.4,2.2,167.0,1011.8,1011.8,2.7,5.1
2024-07-18 23:05:00+02:00,19.2,19.2,20.7,14.7,75.0,28.7,80.0,0.0,0.0,0.0,0.0,0.0,0.0,5.6,40.3,286.2,0.4,2.2,110.0,1011.7,1011.7,2.7,5.1
2024-07-18 23:10:00+02:00,19.3,19.3,20.8,14.5,74.0,28.5,80.0,0.0,0.0,0.0,0.0,0.0,0.0,5.6,40.3,286.2,0.0,2.2,127.0,1011.7,1011.7,2.7,5.1
2024-07-18 23:15:00+02:00,19.3,19.3,20.7,14.9,76.0,28.4,80.0,0.0,0.0,0.0,0.0,0.0,0.0,5.6,40.3,286.2,1.1,2.9,119.0,1011.7,1011.7,2.7,5.1
2024-07-18 23:20:00+02:00,19.2,19.2,20.6,15.0,77.0,28.3,80.0,0.0,0.0,0.0,0.0,0.0,0.0,5.6,40.3,286.2,1.0,2.9,129.0,1011.8,1011.8,2.7,5.1
2024-07-18 23:25:00+02:00,19.2,19.2,20.4,14.8,76.0,28.2,80.0,0.0,0.0,0.0,0.0,0.0,0.0,5.6,40.3,286.2,1.9,3.6,127.0,1011.7,1011.7,2.7,5.1
2024-07-18 23:30:00+02:00,19.3,19.3,20.6,14.6,74.0,28.1,80.0,0.0,0.0,0.0,0.0,0.0,0.0,5.6,40.3,286.2,0.9,2.9,117.0,1011.7,1011.7,2.7,5.1
2024-07-18 23:35:00+02:00,19.3,19.3,20.7,15.2,77.0,28.0,80.0,0.0,0.0,0.0,0.0,0.0,0.0,5.6,40.3,286.2,1.1,2.2,124.0,1011.8,1011.8,2.7,5.1
2024-07-18 23:40:00+02:00,19.0,19.0,20.5,14.8,77.0,27.9,80.0,0.0,0.0,0.0,0.0,0.0,0.0,5.6,40.3,286.2,0.0,2.5,127.0,1011.7,1011.7,2.7,5.1
2024-07-18 23:45:00+02:00,18.8,18.8,20.3,14.9,78.0,27.8,80.0,0.0,0.0,0.0,0.0,0.0,0.0,5.6,40.3,286.2,0.7,2.5,139.0,1011.7,1011.7,2.7,5.1
2024-07-18 23:50:00+02:00,18.7,18.7,20.2,14.8,78.0,27.7,80.0,0.0,0.0,0.0,0.0,0.0,0.0,5.6,40.3,286.2,0.0,2.2,141.0,1011.7,1011.7,2.7,5.1
2024-07-18 23:55:00+02:00,18.5,18.5,20.0,14.9,80.0,27.6,80.0,0.0,0.0,0.0,0.0,0.0,0.0,5.6,40.3,286.2,0.0,2.2,132.0,1011.7,1011.7,2.7,5.1
2024-07-19 00:00:00+02:00,18.3,18.3,19.8,14.8,80.0,27.5,80.0,0.0,0.0,0.0,0.0,0.0,0.0,5.6,40.3,286.2,0.0,2.2,139.0,1011.8,1011.8,2.7,5.1
2024-07-19 00:05:00+02:00,18.2,18.2,19.8,14.8,80.0,27.4,80.0,0.0,0.0,0.0,0.0,0.0,0.0,5.6,40.3,286.2,0.0,1.8,150.0,1011.7,1011.7,2.7,5.0
2024-07-19 00:10:00+02:00,18.2,18.2,19.8,15.0,82.0,27.3,80.0,0.0,0.0,0.0,0.0,0.0,0.0,5.6,40.3,286.2,0.0,1.8,155.0,1011.6,1011.6,2.7,5.0
2024-07-19 00:15:00+02:00,18.0,18.0,19.5,14.9,82.0,27.2,80.0,0.0,0.0,0.0,0.0,0.0,0.0,5.6,40.3,286.2,0.0,2.2,129.0,1011.5,1011.5,2.7,5.0
2024-07-19 00:20:00+02:00,17.9,17.9,19.5,14.9,83.0,27.2,80.0,0.0,0.0,0.0,0.0,0.0,0.0,5.6,40.3,286.2,0.0,2.2,119.0,1011.6,1011.6,2.7,5.0
2024-07-19 00:25:00+02:00,17.8,17.8,19.5,15.0,84.0,27.1,80.0,0.0,0.0,0.0,0.0,0.0,0.0,5.6,40.3,286.2,0.0,2.2,159.0,1011.6,1011.6,2.7,5.0
2024-07-19 00:30:00+02:00,17.7,17.7,19.3,15.0,84.0,27.0,80.0,0.0,0.0,0.0,0.0,0.0,0.0,5.6,40.3,286.2,0.0,2.2,142.0,1011.7,1011.7,2.7,5.0
2024-07-19 00:35:00+02:00,17.7,17.7,19.3,15.0,84.0,26.9,80.0,0.0,0.0,0.0,0.0,0.0,0.0,5.6,40.3,286.2,0.0,2.2,193.0,1011.7,1011.7,2.7,5.0
2024-07-19 00:40:00+02:00,17.8,17.8,19.4,15.0,84.0,26.8,80.0,0.0,0.0,0.0,0.0,0.0,0.0,5.6,40.3,286.2,0.0,2.2,143.0,1011.6,1011.6,2.7,5.0
2024-07-19 00:45:00+02:00,17.6,17.6,19.2,14.9,84.0,26.7,80.0,0.0,0.0,0.0,0.0,0.0,0.0,5.6,40.3,286.2,0.0,2.5,115.0,1011.6,1011.6,2.7,5.0
2024-07-19 00:50:00+02:00,17.6,17.6,19.1,15.0,84.0,26.6,80.0,0.0,0.0,0.0,0.0,0.0,0.0,5.6,40.3,286.2,0.4,2.5,123.0,1011.6,1011.6,2.7,5.0
2024-07-19 00:55:00+02:00,17.5,17.5,19.0,14.9,85.0,26.6,80.0,0.0,0.0,0.0,0.0,0.0,0.0,5.6,40.3,286.2,0.4,1.8,135.0,1011.6,1011.6,2.7,5.0
2024-07-19 01:00:00+02:00,17.6,17.6,19.2,14.9,84.0,26.5,80.0,0.0,0.0,0.0,0.0,0.0,0.0,5.6,40.3,286.2,0.0,0.0,336.0,1011.6,1011.6,2.7,5.0
2024-07-19 01:05:00+02:00,17.5,17.5,19.0,14.9,84.0,26.4,80.0,0.0,0.0,0.0,0.0,0.0,0.0,5.6,40.3,286.2,0.4,2.5,134.0,1011.6,1011.6,2.7,5.0
2024-07-19 01:10:00+02:00,17.7,17.7,18.9,14.9,83.0,26.3,80.0,0.0,0.0,0.0,0.0,0.0,0.0,5.6,40.3,286.2,1.9,3.2,123.0,1011.5,1011.5,2.7,5.0
2024-07-19 01:15:00+02:00,17.9,17.9,19.4,14.7,82.0,26.2,80.0,0.0,0.0,0.0,0.0,0.0,0.0,5.6,40.3,286.2,0.4,2.9,140.0,1011.5,1011.5,2.7,5.0
2024-07-19 01:20:00+02:00,17.8,17.8,19.2,14.6,81.0,26.2,80.0,0.0,0.0,0.0,0.0,0.0,0.0,5.6,40.3,286.2,0.0,2.5,138.0,1011.6,1011.6,2.7,5.0
2024-07-19 01:25:00+02:00,17.8,17.8,19.3,14.8,83.0,26.1,80.0,0.0,0.0,0.0,0.0,0.0,0.0,5.6,40.3,286.2,0.5,2.5,298.0,1011.6,1011.6,2.7,5.0
2024-07-19 01:30:00+02:00,18.0,18.0,19.3,14.6,81.0,26.0,80.0,0.0,0.0,0.0,0.0,0.0,0.0,5.6,40.3,286.2,0.9,2.2,277.0,1011.5,1011.5,2.7,5.0
2024-07-19 01:35:00+02:00,18.1,18.1,19.3,14.5,80.0,25.9,80.0,0.0,0.0,0.0,0.0,0.0,0.0,5.6,40.3,286.2,1.4,3.2,301.0,1011.5,1011.5,2.7,5.0
2024-07-19 01:40:00+02:00,18.4,18.4,19.5,14.5,78.0,25.9,80.0,0.0,0.0,0.0,0.0,0.0,0.0,5.6,40.3,286.2,1.9,3.2,294.0,1011.4,1011.4,2.7,5.0
2024-07-19 01:45:00+02:00,18.5,18.5,19.5,14.5,77.0,25.8,80.0,0.0,0.0,0.0,0.0,0.0,0.0,5.6,40.3,286.2,2.3,3.6,291.0,1011.5,1011.5,2.7,5.0
2024-07-19 01:50:00+02:00,18.7,18.7,19.9,14.6,77.0,25.8,80.0,0.0,0.0,0.0,0.0,0.0,0.0,5.6,40.3,286.2,1.3,3.6,276.0,1011.5,1011.5,2.7,5.0
2024-07-19 01:55:00+02:00,18.5,18.5,19.8,14.6,78.0,25.7,80.0,0.0,0.0,0.0,0.0,0.0,0.0,5.6,40.3,286.2,0.8,3.2,278.0,1011.5,1011.5,2.7,4.9
2024-07-19 02:00:00+02:00,18.4,18.4,19.5,14.5,78.0,25.6,80.0,0.0,0.0,0.0,0.0,0.0,0.0,5.6,40.3,286.2,1.7,3.2,278.0,1011.4,1011.4,2.7,4.9
2024-07-19 02:05:00+02:00,18.3,18.3,19.6,14.6,79.0,25.6,80.0,0.0,0.0,0.0,0.0,0.0,0.0,5.6,40.3,286.2,1.1,3.2,272.0,1011.5,1011.5,2.7,4.9
2024-07-19 02:10:00+02:00,18.2,18.2,19.3,14.6,80.0,25.5,80.0,0.0,0.0,0.0,0.0,0.0,0.0,5.6,40.3,286.2,1.7,3.6,282.0,1011.4,1011.4,2.7,4.9
2024-07-19 02:15:00+02:00,18.0,18.0,19.1,14.6,80.0,25.4,80.0,0.0,0.0,0.0,0.0,0.0,0.0,5.6,40.3,286.2,2.3,3.6,290.0,1011.4,1011.4,2.7,4.9
2024-07-19 02:20:00+02:00,17.9,17.9,18.8,14.3,80.0,25.4,80.0,0.0,0.0,0.0,0.0,0.0,0.0,5.6,40.3,286.2,2.6,4.0,280.0,1011.3,1011.3,2.7,4.9
2024-07-19 02:25:00+02:00,18.0,18.0,19.1,14.4,80.0,25.3,80.0,0.0,0.0,0.0,0.0,0.0,0.0,5.6,40.3,286.2,1.5,2.9,284.0,1011.4,1011.4,2.7,4.9
2024-07-19 02:30:00+02:00,17.9,17.9,19.1,14.3,80.0,25.3,80.0,0.0,0.0,0.0,0.0,0.0,0.0,5.6,40.3,286.2,0.7,3.2,267.0,1011.3,1011.3,2.7,4.9
2024-07-19 02:35:00+02:00,17.8,17.8,19.2,14.3,80.0,25.2,80.0,0.0,0.0,0.0,0.0,0.0,0.0,5.6,40.3,286.2,0.0,2.2,288.0,1011.3,1011.3,2.7,4.9
2024-07-19 02:40:00+02:00,17.8,17.8,19.2,14.3,80.0,25.1,81.0,0.0,0.0,0.0,0.0,0.0,0.0,5.6,40.3,286.2,0.0,0.0,224.0,1011.2,1011.2,2.7,4.9
2024-07-19 02:45:00+02:00,17.6,17.6,19.0,14.5,82.0,25.1,81.0,0.0,0.0,0.0,0.0,0.0,0.0,5.6,40.3,286.2,0.0,0.0,131.0,1011.2,1011.2,2.7,4.9
2024-07-19 02:50:00+02:00,17.3,17.3,18.8,14.6,84.0,25.0,81.0,0.0,0.0,0.0,0.0,0.0,0.0,5.6,40.3,286.2,0.0,1.8,293.0,1011.1,1011.1,2.7,4.9
2024-07-19 02:55:00+02:00,17.3,17.3,18.7,14.4,83.0,25.0,81.0,0.0,0.0,0.0,0.0,0.0,0.0,5.6,40.3,286.2,0.0,1.8,279.0,1011.0,1011.0,2.7,4.9
2024-07-19 03:00:00+02:00,17.2,17.2,18.6,14.4,83.0,24.9,81.0,0.0,0.0,0.0,0.0,0.0,0.0,5.6,40.3,286.2,0.4,2.2,295.0,1010.9,1010.9,2.7,4.9
2024-07-19 03:05:00+02:00,17.1,17.1,18.5,14.5,85.0,24.8,81.0,0.0,0.0,0.0,0.0,0.0,0.0,5.6,40.3,286.2,0.0,1.8,125.0,1011.0,1011.0,2.7,4.9
2024-07-19 03:10:00+02:00,16.9,16.9,18.2,14.4,85.0,24.8,81.0,0.0,0.0,0.0,0.0,0.0,0.0,5.6,40.3,286.2,0.7,2.2,117.0,1010.9,1010.9,2.7,4.9
2024-07-19 03:15:00+02:00,16.7,16.7,17.8,14.4,86.0,24.7,81.0,0.0,0.0,0.0,0.0,0.0,0.0,5.6,40.3,286.2,1.9,3.2,125.0,1010.9,1010.9,2.7,4.9
2024-07-19 03:20:00+02:00,16.7,16.7,17.6,14.3,86.0,24.7,81.0,0.0,0.0,0.0,0.0,0.0,0.0,5.6,40.3,286.2,2.3,3.2,133.0,1010.8,1010.8,2.7,4.9
2024-07-19 03:25:00+02:00,16.7,16.7,17.6,14.4,86.0,24.6,81.0,0.0,0.0,0.0,0.0,0.0,0.0,5.6,40.3,286.2,2.3,3.6,131.0,1010.9,1010.9,2.7,4.9
2024-07-19 03:30:00+02:00,16.6,16.6,17.7,14.3,86.0,24.5,81.0,0.0,0.0,0.0,0.0,0.0,0.0,5.6,40.3,286.2,1.6,3.6,130.0,1010.9,1010.9,2.7,4.9
2024-07-19 03:35:00+02:00,16.5,16.5,17.7,14.3,87.0,24.5,81.0,0.0,0.0,0.0,0.0,0.0,0.0,5.6,40.3,286.2,0.4,2.5,132.0,1010.8,1010.8,2.7,4.9
2024-07-19 03:40:00+02:00,16.3,16.3,17.7,14.2,87.0,24.4,81.0,0.0,0.0,0.0,0.0,0.0,0.0,5.6,40.3,286.2,0.0,0.0,145.0,1010.8,1010.8,2.7,4.9
2024-07-19 03:45:00+02:00,16.4,16.4,17.8,14.4,88.0,24.4,81.0,0.0,0.0,0.0,0.0,0.0,0.0,5.6,40.3,286.2,0.0,0.0,320.0,1010.7,1010.7,2.7,4.8
2024-07-19 03:50:00+02:00,16.5,16.5,17.9,14.4,87.0,24.3,81.0,0.0,0.0,0.0,0.0,0.0,0.0,5.6,40.3,286.2,0.0,1.8,301.0,1010.7,1010.7,2.7,4.8
2024-07-19 03:55:00+02:00,16.4,16.4,17.7,14.3,88.0,24.3,81.0,0.0,0.0,0.0,0.0,0.0,0.0,5.6,40.3,286.2,0.4,1.8,140.0,1010.8,1010.8,2.7,4.8
2024-07-19 04:00:00+02:00,16.3,16.3,17.6,14.3,88.0,24.2,81.0,0.0,0.0,0.0,0.0,0.0,0.0,5.6,40.3,286.2,0.0,2.5,169.0,1010.8,1010.8,2.7,4.8
2024-07-19 04:05:00+02:00,16.3,16.3,17.7,14.4,89.0,24.1,81.0,0.0,0.0,0.0,0.0,0.0,0.0,5.6,40.3,286.2,0.0,2.2,321.0,1010.7,1010.7,2.7,4.8
2024-07-19 04:10:00+02:00,16.3,16.3,17.7,14.3,88.0,24.1,81.0,0.0,0.0,0.0,0.0,0.0,0.0,5.6,40.3,286.2,0.0,1.8,298.0,1010.7,1010.7,2.7,4.8
2024-07-19 04:15:00+02:00,16.2,16.2,17.5,14.3,88.0,24.0,81.0,0.0,0.0,0.0,0.0,0.0,0.0,5.6,40.3,286.2,0.4,1.8,114.0,1010.7,1010.7,2.7,4.8
2024-07-19 04:20:00+02:00,16.0,16.0,17.3,14.4,90.0,24.0,81.0,0.0,0.0,0.0,0.0,0.0,0.0,5.6,40.3,286.2,0.4,2.5,100.0,1010.8,1010.8,2.7,4.8
2024-07-19 04:25:00+02:00,15.8,15.8,17.2,14.2,90.0,23.9,81.0,0.0,0.0,0.0,0.0,0.0,0.0,5.6,40.3,286.2,0.0,1.8,92.0,1010.8,1010.8,2.7,4.8
2024-07-19 04:30:00+02:00,15.9,15.9,17.2,14.4,91.0,23.9,81.0,0.0,0.0,0.0,0.0,0.0,0.0,5.6,40.3,286.2,0.4,2.2,299.0,1010.8,1010.8,2.7,4.8
2024-07-19 04:35:00+02:00,15.9,15.9,17.3,14.3,90.0,23.8,81.0,0.0,0.0,0.0,0.0,0.0,0.0,5.6,40.3,286.2,0.0,1.8,245.0,1010.8,1010.8,2.7,4.8
2024-07-19 04:40:00+02:00,16.0,16.0,17.4,14.4,90.0,23.8,81.0,0.0,0.0,0.0,0.0,0.0,0.0,5.6,40.3,286.2,0.0,1.8,224.0,1010.8,1010.8,2.7,4.8
2024-07-19 04:45:00+02:00,15.7,15.7,17.1,14.2,91.0,23.7,81.0,0.0,0.0,0.0,0.0,0.0,0.0,5.6,40.3,286.2,0.0,1.8,126.0,1010.9,1010.9,2.7,4.8
2024-07-19 04:50:00+02:00,15.7,15.7,17.0,14.4,92.0,23.7,81.0,0.0,0.0,0.0,0.0,0.0,0.0,5.6,40.3,286.2,0.4,1.8,126.0,1010.7,1010.7,2.7,4.8
2024-07-19 04:55:00+02:00,15.6,15.6,16.9,14.3,92.0,23.6,81.0,0.0,0.0,0.0,0.0,0.0,0.0,5.6,40.3,286.2,0.0,0.0,135.0,1010.8,1010.8,2.7,4.8
2024-07-19 05:00:00+02:00,15.7,15.7,17.1,14.4,92.0,23.6,81.0,0.0,0.0,0.0,0.0,0.0,0.0,5.6,40.3,286.2,0.0,0.0,53.0,1010.8,1010.8,2.7,4.8
2024-07-19 05:05:00+02:00,16.0,16.0,17.3,14.6,91.0,23.5,81.0,0.1,0.0,0.0,0.0,0.0,0.0,5.6,40.3,286.2,0.7,2.2,291.0,1010.7,1010.7,2.7,4.8
2024-07-19 05:10:00+02:00,16.1,16.1,17.4,14.6,91.0,23.5,81.0,0.2,0.0,0.0,0.0,0.0,0.0,5.6,40.3,286.2,0.4,2.2,309.0,1010.8,1010.8,2.7,4.8
2024-07-19 05:15:00+02:00,16.1,16.1,17.5,14.7,91.0,23.4,81.0,0.4,0.0,0.0,0.0,0.0,0.0,5.6,40.3,286.2,0.4,2.2,314.0,1010.9,1010.9,2.7,4.8
2024-07-19 05:20:00+02:00,16.1,16.1,17.5,14.6,91.0,23.4,81.0,0.7,0.0,0.0,0.0,0.0,0.0,5.6,40.3,286.2,0.0,0.0,97.0,1011.0,1011.0,2.7,4.8
2024-07-19 05:25:00+02:00,15.9,15.9,17.1,14.6,92.0,23.3,81.0,1.2,0.0,0.0,0.0,0.0,0.0,5.6,40.3,286.2,1.2,2.9,123.0,1011.0,1011.0,2.7,4.7
2024-07-19 05:30:00+02:00,15.8,15.8,16.9,14.5,92.0,23.3,81.0,1.7,0.0,0.0,0.0,0.0,0.0,5.6,40.3,286.2,2.0,2.9,119.0,1011.0,1011.0,2.7,4.7
2024-07-19 05:35:00+02:00,15.8,15.8,17.1,14.5,92.0,23.3,81.0,2.4,0.0,0.0,0.0,0.0,0.0,5.6,40.3,286.2,0.5,2.5,115.0,1011.0,1011.0,2.7,4.7
2024-07-19 05:40:00+02:00,15.7,15.7,17.1,14.4,92.0,23.2,81.0,3.4,0.0,0.0,0.0,0.0,0.0,5.6,40.3,286.2,0.0,2.2,131.0,1011.0,1011.0,2.7,4.7
2024-07-19 05:45:00+02:00,15.7,15.7,16.9,14.5,93.0,23.2,81.0,4.7,0.0,0.0,0.0,0.0,0.0,5.6,40.3,286.2,0.7,2.2,122.0,1010.9,1010.9,2.7,4.7
2024-07-19 05:50:00+02:00,15.7,15.7,17.0,14.6,93.0,23.1,81.0,6.1,0.0,0.0,0.0,0.0,0.0,5.6,40.3,286.2,1.1,2.2,122.0,1011.0,1011.0,2.7,4.7
2024-07-19 05:55:00+02:00,15.7,15.7,17.2,14.6,93.0,23.1,81.0,7.2,0.0,0.0,0.0,0.0,0.0,5.6,40.3,286.2,0.0,1.8,65.0,1010.9,1010.9,2.7,4.7
2024-07-19 06:00:00+02:00,15.9,15.9,17.5,14.8,93.0,23.1,81.0,8.3,0.0,0.0,0.0,0.0,0.0,5.6,40.3,286.2,0.0,0.0,317.0,1010.9,1010.9,2.7,4.7
2024-07-19 06:05:00+02:00,16.2,16.2,17.6,14.8,91.0,23.0,81.0,9.9,0.0,0.0,0.0,0.0,0.0,5.6,40.3,286.2,0.4,2.2,325.0,1010.8,1010.8,2.7,4.7
2024-07-19 06:10:00+02:00,16.3,16.3,17.8,14.8,91.0,23.0,81.0,11.4,0.0,0.0,0.0,0.0,0.0,5.6,40.3,286.2,0.0,1.8,289.0,1011.0,1011.0,2.7,4.7
2024-07-19 06:15:00+02:00,16.4,16.4,17.9,14.7,90.0,22.9,81.0,14.6,0.0,0.0,0.0,0.0,0.0,5.6,40.3,286.2,0.0,1.8,301.0,1010.8,1010.8,2.7,4.7
2024-07-19 06:20:00+02:00,16.5,16.5,18.1,14.8,90.0,22.9,81.0,18.9,0.0,0.0,0.0,0.0,0.0,5.6,40.3,286.2,0.0,0.0,297.0,1010.7,1010.7,2.7,4.7
2024-07-19 06:25:00+02:00,16.5,16.5,18.1,14.8,90.0,22.9,81.0,23.1,0.0,0.0,0.0,0.0,0.0,5.6,40.3,286.2,0.0,0.0,297.0,1010.7,1010.7,2.7,4.7
2024-07-19 06:30:00+02:00,16.5,16.5,18.1,15.0,91.0,22.9,81.0,26.1,0.0,0.0,0.0,0.0,0.0,5.6,40.3,286.2,0.0,0.0,126.0,1010.9,1010.9,2.7,4.7
2024-07-19 06:35:00+02:00,16.6,16.6,18.2,15.1,91.0,22.9,81.0,30.1,0.0,0.0,0.0,0.0,0.0,5.6,40.3,286.2,0.0,1.8,146.0,1010.8,1010.8,2.7,4.7
2024-07-19 06:40:00+02:00,16.8,16.8,18.5,15.2,90.0,22.9,81.0,34.6,0.0,0.0,0.0,0.0,0.0,5.6,40.3,286.2,0.0,1.8,305.0,1010.8,1010.8,2.7,4.7
2024-07-19 06:45:00+02:00,17.1,17.1,18.7,15.1,88.0,22.8,81.0,39.6,0.0,0.0,0.0,0.0,0.0,5.6,40.3,286.2,0.0,1.8,322.0,1010.9,1010.9,2.7,4.7
2024-07-19 06:50:00+02:00,17.3,17.3,19.1,15.3,88.0,22.8,81.0,42.7,0.0,0.0,0.0,0.0,0.0,5.6,40.3,286.2,0.0,0.0,219.0,1010.8,1010.8,2.7,4.7
2024-07-19 06:55:00+02:00,17.6,17.6,19.3,15.4,87.0,22.8,82.0,46.0,0.0,0.0,0.0,0.0,0.0,5.6,40.3,286.2,0.0,0.0,217.0,1010.8,1010.8,2.7,4.7
2024-07-19 07:00:00+02:00,17.8,17.8,19.6,15.5,86.0,22.9,82.0,40.6,0.0,0.0,0.0,0.0,0.0,5.6,40.3,286.2,0.0,1.8,322.0,1010.8,1010.8,2.7,4.7
2024-07-19 07:05:00+02:00,18.0,18.0,19.8,15.6,86.0,22.9,82.0,42.9,0.0,0.0,0.0,0.0,0.0,5.6,40.3,286.2,0.0,1.8,44.0,1010.7,1010.7,2.7,4.7
2024-07-19 07:10:00+02:00,18.1,18.1,20.0,15.7,86.0,22.9,82.0,47.5,0.0,0.0,0.0,0.0,0.0,5.6,40.3,286.2,0.0,2.2,333.0,1010.6,1010.6,2.7,4.7
2024-07-19 07:15:00+02:00,18.2,18.2,20.0,15.7,85.0,22.9,82.0,56.1,0.0,0.0,0.0,0.0,0.0,5.6,40.3,286.2,0.0,1.8,233.0,1010.7,1010.7,2.7,4.8
2024-07-19 07:20:00+02:00,18.4,18.4,20.3,15.6,83.0,23.0,82.0,65.9,0.0,0.0,0.0,0.0,0.0,5.6,40.3,286.2,0.0,2.2,303.0,1010.6,1010.6,2.7,4.8
2024-07-19 07:25:00+02:00,18.7,18.7,20.5,15.7,83.0,23.0,82.0,77.6,0.0,0.0,0.0,0.0,0.0,5.6,40.3,286.2,0.0,1.8,260.0,1010.8,1010.8,2.7,4.8
2024-07-19 07:30:00+02:00,18.8,18.8,20.7,15.7,82.0,23.0,82.0,83.9,0.0,0.0,0.0,0.0,0.0,5.6,40.3,286.2,0.0,0.0,251.0,1010.8,1010.8,2.7,4.8
2024-07-19 07:35:00+02:00,19.0,19.0,20.9,15.8,82.0,23.0,82.0,84.5,0.0,0.0,0.0,0.0,0.0,5.6,40.3,286.2,0.0,0.0,240.0,1010.8,1010.8,2.7,4.8
2024-07-19 07:40:00+02:00,19.2,19.2,21.1,15.8,81.0,23.1,82.0,83.0,0.0,0.0,0.0,0.0,0.0,5.6,40.3,286.2,0.0,1.8,264.0,1010.7,1010.7,2.7,4.8
2024-07-19 07:45:00+02:00,19.5,19.5,21.5,16.0,80.0,23.1,83.0,76.3,0.0,0.0,0.0,0.0,0.0,5.6,40.3,286.2,0.0,1.8,280.0,1010.7,1010.7,2.7,4.8
2024-07-19 07:50:00+02:00,19.7,19.7,21.6,16.1,80.0,23.2,83.0,69.3,0.0,0.0,0.0,0.0,0.0,5.6,40.3,286.2,0.4,1.8,252.0,1010.7,1010.7,2.7,4.8
2024-07-19 07:55:00+02:00,19.9,19.9,22.0,16.2,79.0,23.2,83.0,68.8,0.0,0.0,0.0,0.0,0.0,5.6,40.3,286.2,0.0,1.8,309.0,1010.8,1010.8,2.7,4.9
2024-07-19 08:00:00+02:00,20.0,20.0,22.1,16.2,79.0,23.3,83.0,71.6,0.0,0.0,0.0,0.0,0.0,5.6,40.3,286.2,0.0,1.8,286.0,1010.8,1010.8,2.7,4.9
2024-07-19 08:05:00+02:00,20.1,20.1,22.1,16.2,78.0,23.3,83.0,78.1,0.0,0.0,0.0,0.0,0.0,5.6,40.3,286.2,0.4,2.2,267.0,1010.8,1010.8,2.7,4.9
2024-07-19 08:10:00+02:00,20.3,20.3,22.6,16.7,80.0,23.4,83.0,82.2,0.0,0.0,0.0,0.0,0.0,5.6,40.3,286.2,0.0,2.2,151.0,1010.8,1010.8,2.7,4.9
2024-07-19 08:15:00+02:00,20.3,20.3,22.5,16.6,79.0,23.4,83.0,86.0,0.0,0.0,0.0,0.0,0.0,5.6,40.3,286.2,0.0,0.0,138.0,1010.8,1010.8,2.7,4.9
2024-07-19 08:20:00+02:00,20.3,20.3,22.4,16.5,79.0,23.4,83.0,88.6,0.0,0.0,0.0,0.0,0.0,5.6,40.3,286.2,0.0,1.8,167.0,1010.7,1010.7,2.7,4.9
2024-07-19 08:25:00+02:00,20.2,20.2,22.3,16.3,78.0,23.5,83.0,90.1,0.0,0.0,0.0,0.0,0.0,5.6,40.3,286.2,0.0,1.8,133.0,1010.8,1010.8,2.7,4.9
2024-07-19 08:30:00+02:00,20.3,20.3,22.1,15.7,75.0,23.5,83.0,116.3,1.0,0.0,0.0,0.0,0.0,5.6,40.3,286.2,0.4,2.2,135.0,1010.8,1010.8,2.7,4.9
2024-07-19 08:35:00+02:00,20.4,20.4,22.3,15.7,74.0,23.6,84.0,134.2,1.0,0.0,0.0,0.0,0.0,5.6,40.3,286.2,0.0,2.2,141.0,1010.7,1010.7,2.7,5.0
2024-07-19 08:40:00+02:00,20.6,20.6,22.5,15.8,74.0,23.7,84.0,129.6,1.0,0.0,0.0,0.0,0.0,5.6,40.3,286.2,0.4,2.5,131.0,1010.7,1010.7,2.7,5.0
2024-07-19 08:45:00+02:00,20.8,20.8,22.9,16.2,75.0,23.7,84.0,95.5,0.0,0.0,0.0,0.0,0.0,5.6,40.3,286.2,0.0,1.8,140.0,1010.7,1010.7,2.7,5.0
2024-07-19 08:50:00+02:00,21.0,21.0,23.0,16.1,74.0,23.8,84.0,110.7,1.0,0.0,0.0,0.0,0.0,5.6,40.3,286.2,0.0,1.8,138.0,1010.6,1010.6,2.7,5.0
2024-07-19 08:55:00+02:00,21.3,21.3,23.4,16.3,73.0,23.9,84.0,206.0,1.0,0.0,0.0,0.0,0.0,5.6,40.3,286.2,0.0,1.8,190.0,1010.6,1010.6,2.7,5.1
2024-07-19 09:00:00+02:00,21.9,21.9,24.1,16.4,71.0,24.0,84.0,290.3,2.0,0.0,0.0,0.0,0.0,5.6,40.3,286.2,0.0,1.8,193.0,1010.6,1010.6,2.7,5.1
2024-07-19 09:05:00+02:00,22.9,22.9,25.0,16.5,67.0,24.0,84.0,331.6,3.0,0.0,0.0,0.0,0.0,5.6,40.3,286.2,0.0,1.8,211.0,1010.6,1010.6,2.7,5.1
2024-07-19 09:10:00+02:00,24.1,24.1,26.3,16.6,63.0,24.2,84.0,351.5,3.0,0.0,0.0,0.0,0.0,5.6,40.3,286.2,0.0,1.8,180.0,1010.5,1010.5,2.7,5.1
2024-07-19 09:15:00+02:00,24.4,24.4,26.4,16.7,62.0,24.4,85.0,352.9,3.0,0.0,0.0,0.0,0.0,5.6,40.3,286.2,1.4,4.7,274.0,1010.5,1010.5,2.7,5.2
2024-07-19 09:20:00+02:00,24.2,24.2,26.1,16.7,63.0,24.7,85.0,329.4,3.0,0.0,0.0,0.0,0.0,5.6,40.3,286.2,1.5,3.6,272.0,1010.4,1010.4,2.7,5.2
2024-07-19 09:25:00+02:00,25.4,25.4,27.4,16.9,59.0,24.9,84.0,314.4,2.0,0.0,0.0,0.0,0.0,5.6,40.3,286.2,1.6,4.3,169.0,1010.4,1010.4,2.7,5.2
2024-07-19 09:30:00+02:00,25.2,25.2,27.0,16.1,57.0,25.2,84.0,368.9,3.0,0.0,0.0,0.0,0.0,5.6,40.3,286.2,1.3,4.7,118.0,1010.4,1010.4,2.7,5.2
2024-07-19 09:35:00+02:00,25.0,25.0,26.3,15.9,57.0,25.4,84.0,288.9,2.0,0.0,0.0,0.0,0.0,5.6,40.3,286.2,3.2,4.7,161.0,1010.3,1010.3,2.7,5.3
2024-07-19 09:40:00+02:00,25.0,25.0,26.8,16.0,57.0,25.5,84.0,359.0,3.0,0.0,0.0,0.0,0.0,5.6,40.3,286.2,0.9,4.3,117.0,1010.3,1010.3,2.7,5.3
2024-07-19 09:45:00+02:00,25.6,25.6,27.4,16.1,56.0,25.8,84.0,304.8,2.0,0.0,0.0,0.0,0.0,5.6,40.3,286.2,0.8,3.2,179.0,1010.3,1010.3,2.7,5.3
2024-07-19 09:50:00+02:00,25.6,25.6,27.3,16.1,56.0,25.9,84.0,342.9,3.0,0.0,0.0,0.0,0.0,5.6,40.3,286.2,1.5,3.6,173.0,1010.3,1010.3,2.7,5.3
2024-07-19 09:55:00+02:00,25.3,25.3,27.0,15.9,56.0,26.1,84.0,338.8,3.0,0.0,0.0,0.0,0.0,5.6,40.3,286.2,1.5,3.6,164.0,1010.2,1010.2,2.7,5.3
2024-07-19 10:00:00+02:00,25.8,25.8,27.7,16.0,55.0,26.3,84.0,376.7,3.0,0.0,0.0,0.0,0.0,5.6,40.3,286.2,0.4,3.6,210.0,1010.1,1010.1,2.7,5.3
2024-07-19 10:05:00+02:00,26.8,26.9,28.9,16.6,54.0,26.6,84.0,387.3,3.0,0.0,0.0,0.0,0.0,5.6,40.3,286.2,0.5,3.6,308.0,1010.2,1010.2,2.7,5.3
2024-07-19 10:10:00+02:00,26.9,27.3,28.5,16.2,52.0,26.9,83.0,389.7,3.0,0.0,0.0,0.0,0.0,5.6,40.3,286.2,2.1,5.4,247.0,1010.2,1010.2,2.7,5.3
2024-07-19 10:15:00+02:00,26.5,26.5,28.5,16.4,54.0,27.2,83.0,376.9,3.0,0.0,0.0,0.0,0.0,5.6,40.3,286.2,0.9,5.4,141.0,1010.2,1010.2,2.7,5.3
2024-07-19 10:20:00+02:00,27.1,27.7,29.0,16.5,52.0,27.4,83.0,326.8,3.0,0.0,0.0,0.0,0.0,5.6,40.3,286.2,1.7,5.8,334.0,1010.1,1010.1,2.7,5.3
2024-07-19 10:25:00+02:00,27.2,27.8,29.1,16.6,52.0,27.7,83.0,364.8,3.0,0.0,0.0,0.0,0.0,5.6,40.3,286.2,1.9,4.3,160.0,1010.1,1010.1,2.7,5.3
2024-07-19 10:30:00+02:00,27.5,27.9,29.5,16.3,51.0,27.9,82.0,371.0,3.0,0.0,0.0,0.0,0.0,5.6,40.3,286.2,0.4,4.3,290.0,1010.2,1010.2,2.7,5.3
2024-07-19 10:35:00+02:00,27.4,27.8,29.2,16.3,51.0,28.2,82.0,359.5,3.0,0.0,0.0,0.0,0.0,5.6,40.3,286.2,1.6,7.9,174.0,1010.0,1010.0,2.7,5.3
2024-07-19 10:40:00+02:00,26.9,27.3,27.9,15.7,50.0,28.3,81.0,372.5,3.0,0.0,0.0,0.0,0.0,5.6,40.3,286.2,4.5,9.0,142.0,1010.1,1010.1,2.7,5.3
2024-07-19 10:45:00+02:00,27.1,27.5,28.6,15.8,50.0,28.6,81.0,363.4,3.0,0.0,0.0,0.0,0.0,5.6,40.3,286.2,2.1,6.1,57.0,1010.0,1010.0,2.7,5.3
2024-07-19 10:50:00+02:00,26.9,27.2,27.7,15.1,48.0,28.8,80.0,391.5,3.0,0.0,0.0,0.0,0.0,5.6,40.3,286.2,4.0,10.1,141.0,1009.9,1009.9,2.7,5.3
2024-07-19 10:55:00+02:00,27.2,27.4,28.2,15.0,47.0,29.0,80.0,389.8,3.0,0.0,0.0,0.0,0.0,5.6,40.3,286.2,3.1,9.0,179.0,1009.9,1009.9,2.7,5.3
2024-07-19 11:00:00+02:00,27.2,27.4,27.9,14.7,46.0,29.3,80.0,408.9,3.0,0.0,0.0,0.0,0.0,5.6,40.3,286.2,3.7,7.6,132.0,1009.8,1009.8,2.7,5.3
2024-07-19 11:05:00+02:00,26.9,27.3,27.5,15.0,48.0,29.5,79.0,377.6,3.0,0.0,0.0,0.0,0.0,5.6,40.3,286.2,5.5,9.0,146.0,1009.9,1009.9,2.7,5.3
2024-07-19 11:10:00+02:00,26.9,27.3,27.8,15.5,50.0,29.7,79.0,383.7,3.0,0.0,0.0,0.0,0.0,5.6,40.3,286.2,4.6,10.8,140.0,1009.9,1009.9,2.7,5.3
2024-07-19 11:15:00+02:00,27.1,27.5,28.5,15.7,50.0,29.9,79.0,448.1,4.0,0.0,0.0,0.0,0.0,5.6,40.3,286.2,2.8,9.7,172.0,1009.9,1009.9,2.7,5.3
2024-07-19 11:20:00+02:00,27.3,27.7,28.4,15.7,49.0,30.2,78.0,485.6,4.0,0.0,0.0,0.0,0.0,5.6,40.3,286.2,4.0,7.6,155.0,1009.7,1009.7,2.7,5.3
2024-07-19 11:25:00+02:00,27.4,27.6,28.0,14.8,46.0,30.3,78.0,536.4,4.0,0.0,0.0,0.0,0.0,5.6,40.3,286.2,4.8,9.0,138.0,1009.8,1009.8,2.7,5.3
2024-07-19 11:30:00+02:00,28.0,28.1,29.2,15.1,46.0,30.5,78.0,536.5,4.0,0.0,0.0,0.0,0.0,5.6,40.3,286.2,2.4,8.6,142.0,1009.8,1009.8,2.7,5.3
2024-07-19 11:35:00+02:00,28.4,28.3,29.3,14.8,44.0,30.7,78.0,475.8,4.0,0.0,0.0,0.0,0.0,5.6,40.3,286.2,3.7,9.0,143.0,1009.7,1009.7,2.7,5.3
2024-07-19 11:40:00+02:00,27.9,27.9,28.6,14.9,45.0,30.9,77.0,385.6,3.0,0.0,0.0,0.0,0.0,5.6,40.3,286.2,4.3,9.0,162.0,1009.7,1009.7,2.7,5.3
2024-07-19 11:45:00+02:00,28.1,28.0,28.9,14.7,44.0,31.1,77.0,453.0,4.0,0.0,0.0,0.0,0.0,5.6,40.3,286.2,3.6,8.3,29.0,1009.6,1009.6,2.7,5.3
2024-07-19 11:50:00+02:00,28.0,27.7,28.0,13.7,42.0,31.3,77.0,466.9,4.0,0.0,0.0,0.0,0.0,5.6,40.3,286.2,5.6,15.5,345.0,1009.6,1009.6,2.7,5.3
2024-07-19 11:55:00+02:00,28.0,27.8,28.2,13.8,42.0,31.5,76.0,481.1,4.0,0.0,0.0,0.0,0.0,5.6,40.3,286.2,5.0,15.1,321.0,1009.6,1009.6,2.7,5.3
2024-07-19 12:00:00+02:00,28.0,27.9,28.4,14.2,43.0,31.7,76.0,466.0,4.0,0.0,0.0,0.0,0.0,5.6,40.3,286.2,4.7,13.3,3.0,1009.5,1009.5,2.7,5.3
2024-07-19 12:05:00+02:00,28.5,28.3,29.1,14.2,42.0,31.9,76.0,515.1,4.0,0.0,0.0,0.0,0.0,5.6,40.3,286.2,3.9,10.8,36.0,1009.5,1009.5,2.7,5.3
2024-07-19 12:10:00+02:00,28.5,28.2,29.0,14.0,41.0,32.1,76.0,521.3,4.0,0.0,0.0,0.0,0.0,5.6,40.3,286.2,4.0,10.4,227.0,1009.6,1009.6,2.7,5.3
2024-07-19 12:15:00+02:00,28.4,28.1,29.1,14.1,42.0,32.3,75.0,517.2,4.0,0.0,0.0,0.0,0.0,5.6,40.3,286.2,3.0,7.6,173.0,1009.5,1009.5,2.7,5.3
2024-07-19 12:20:00+02:00,29.2,28.8,30.2,14.4,40.0,32.4,75.0,519.3,4.0,0.0,0.0,0.0,0.0,5.6,40.3,286.2,1.8,10.4,302.0,1009.5,1009.5,2.7,5.3
2024-07-19 12:25:00+02:00,29.2,28.7,29.3,13.8,39.0,32.6,75.0,524.0,4.0,0.0,0.0,0.0,0.0,5.6,40.3,286.2,5.3,10.4,156.0,1009.5,1009.5,2.7,5.3
2024-07-19 12:30:00+02:00,28.3,27.9,28.7,13.3,40.0,32.8,75.0,541.0,5.0,0.0,0.0,0.0,0.0,5.6,40.3,286.2,3.2,10.8,161.0,1009.5,1009.5,2.7,5.3
2024-07-19 12:35:00+02:00,28.7,28.3,29.6,13.6,40.0,32.9,75.0,511.1,4.0,0.0,0.0,0.0,0.0,5.6,40.3,286.2,1.1,6.5,150.0,1009.4,1009.4,2.7,5.3
2024-07-19 12:40:00+02:00,29.0,28.7,29.7,14.4,41.0,33.1,74.0,489.3,4.0,0.0,0.0,0.0,0.0,5.6,40.3,286.2,3.5,11.5,166.0,1009.3,1009.3,2.7,5.3
2024-07-19 12:45:00+02:00,28.7,28.3,28.9,13.8,40.0,33.2,74.0,496.7,4.0,0.0,0.0,0.0,0.0,5.6,40.3,286.2,5.0,10.1,125.0,1009.4,1009.4,2.7,5.3
2024-07-19 12:50:00+02:00,28.4,28.1,28.8,13.8,41.0,33.3,74.0,508.1,4.0,0.0,0.0,0.0,0.0,5.6,40.3,286.2,4.0,8.6,151.0,1009.5,1009.5,2.7,5.3
2024-07-19 12:55:00+02:00,29.2,29.0,30.5,14.8,41.0,33.5,74.0,482.2,4.0,0.0,0.0,0.0,0.0,5.6,40.3,286.2,1.2,5.4,190.0,1009.2,1009.2,2.7,5.3
2024-07-19 13:00:00+02:00,29.8,29.2,30.4,13.9,38.0,33.6,74.0,456.1,4.0,0.0,0.0,0.0,0.0,5.6,40.3,286.2,2.9,6.5,149.0,1009.2,1009.2,2.7,5.3
2024-07-19 13:05:00+02:00,29.9,29.4,30.6,14.4,39.0,33.8,73.0,419.6,3.0,0.0,0.0,0.0,0.0,5.6,40.3,286.2,3.5,7.6,134.0,1009.2,1009.2,2.7,5.3
2024-07-19 13:10:00+02:00,29.3,28.8,30.3,13.9,39.0,33.8,73.0,351.7,3.0,0.0,0.0,0.0,0.0,5.6,40.3,286.2,1.3,7.6,159.0,1009.2,1009.2,2.7,5.3
2024-07-19 13:15:00+02:00,28.9,28.7,30.1,14.8,42.0,34.0,73.0,339.8,3.0,0.0,0.0,0.0,0.0,5.6,40.3,286.2,1.7,6.8,162.0,1009.2,1009.2,2.7,5.3
2024-07-19 13:20:00+02:00,29.1,28.6,30.2,13.6,39.0,34.1,73.0,364.0,3.0,0.0,0.0,0.0,0.0,5.6,40.3,286.2,0.4,3.6,205.0,1009.2,1009.2,2.7,5.3
2024-07-19 13:25:00+02:00,29.9,29.4,31.0,14.2,38.0,34.2,73.0,371.3,3.0,0.0,0.0,0.0,0.0,5.6,40.3,286.2,1.2,4.7,174.0,1009.1,1009.1,2.7,5.3
2024-07-19 13:30:00+02:00,29.7,29.2,30.7,14.2,39.0,34.2,74.0,472.1,4.0,0.0,0.0,0.0,0.0,5.6,40.3,286.2,1.7,4.7,149.0,1009.0,1009.0,2.7,5.3
2024-07-19 13:35:00+02:00,29.6,29.0,30.1,13.6,37.0,34.3,74.0,604.9,5.0,0.0,0.0,0.0,0.0,5.6,40.3,286.2,3.2,6.8,272.0,1009.0,1009.0,2.7,5.3
2024-07-19 13:40:00+02:00,29.8,29.2,30.2,13.9,38.0,34.3,74.0,606.7,5.0,0.0,0.0,0.0,0.0,5.6,40.3,286.2,4.3,10.8,318.0,1008.9,1008.9,2.7,5.3
2024-07-19 13:45:00+02:00,29.6,28.9,29.4,13.4,37.0,34.4,74.0,534.7,4.0,0.0,0.0,0.0,0.0,5.6,40.3,286.2,6.3,12.2,321.0,1008.9,1008.9,2.7,5.3
2024-07-19 13:50:00+02:00,29.4,28.9,29.0,13.6,38.0,34.5,74.0,574.0,5.0,0.0,0.0,0.0,0.0,5.6,40.3,286.2,7.8,15.1,317.0,1008.9,1008.9,2.7,5.3
2024-07-19 13:55:00+02:00,29.2,28.6,29.2,13.4,38.0,34.6,74.0,559.4,5.0,0.0,0.0,0.0,0.0,5.6,40.3,286.2,5.1,14.0,264.0,1008.8,1008.8,2.7,5.3
2024-07-19 14:00:00+02:00,29.6,29.0,30.1,13.4,37.0,34.7,75.0,555.1,5.0,0.0,0.0,0.0,0.0,5.6,40.3,286.2,3.4,10.8,271.0,1008.9,1008.9,2.7,5.3
2024-07-19 14:05:00+02:00,29.7,29.2,29.9,14.0,38.0,34.8,75.0,549.0,5.0,0.0,0.0,0.0,0.0,5.6,40.3,286.2,5.4,12.6,327.0,1008.8,1008.8,2.7,5.3
2024-07-19 14:10:00+02:00,29.1,28.7,29.2,14.1,40.0,34.9,75.0,539.5,5.0,0.0,0.0,0.0,0.0,5.6,40.3,286.2,6.2,15.5,297.0,1008.8,1008.8,2.7,5.3
2024-07-19 14:15:00+02:00,29.2,28.7,29.6,13.7,39.0,35.0,75.0,529.0,4.0,0.0,0.0,0.0,0.0,5.6,40.3,286.2,4.0,12.2,318.0,1008.7,1008.7,2.7,5.3
2024-07-19 14:20:00+02:00,29.4,29.0,30.0,14.1,39.0,35.1,75.0,507.3,4.0,0.0,0.0,0.0,0.0,5.6,40.3,286.2,3.8,10.4,252.0,1008.7,1008.7,2.7,5.3
2024-07-19 14:25:00+02:00,29.6,29.2,30.1,14.5,40.0,35.2,76.0,414.8,3.0,0.0,0.0,0.0,0.0,5.6,40.3,286.2,5.0,11.5,264.0,1008.5,1008.5,2.7,5.3
2024-07-19 14:30:00+02:00,29.3,28.9,29.2,14.1,39.0,35.3,76.0,448.7,4.0,0.0,0.0,0.0,0.0,5.6,40.3,286.2,7.1,11.9,259.0,1008.5,1008.5,2.7,5.3
2024-07-19 14:35:00+02:00,29.1,28.6,29.2,13.8,39.0,35.3,76.0,471.7,4.0,0.0,0.0,0.0,0.0,5.6,40.3,286.2,5.4,10.4,314.0,1008.5,1008.5,2.7,5.3
2024-07-19 14:40:00+02:00,29.1,28.6,28.8,14.0,40.0,35.4,76.0,431.9,4.0,0.0,0.0,0.0,0.0,5.6,40.3,286.2,7.6,15.1,275.0,1008.6,1008.6,2.7,5.3
2024-07-19 14:45:00+02:00,29.1,28.6,28.5,13.9,39.0,35.4,77.0,411.1,3.0,0.0,0.0,0.0,0.0,5.6,40.3,286.2,9.1,17.6,298.0,1008.3,1008.3,2.7,5.3
2024-07-19 14:50:00+02:00,29.0,28.5,29.3,13.9,40.0,35.4,76.0,381.6,3.0,0.0,0.0,0.0,0.0,5.6,40.3,286.2,4.5,11.5,303.0,1008.5,1008.5,2.7,5.3
2024-07-19 14:55:00+02:00,29.3,28.9,29.3,14.3,40.0,35.5,77.0,377.7,3.0,0.0,0.0,0.0,0.0,5.6,40.3,286.2,6.8,10.8,335.0,1008.4,1008.4,2.7,5.3
2024-07-19 15:00:00+02:00,29.0,28.5,29.1,13.7,39.0,35.5,77.0,369.1,3.0,0.0,0.0,0.0,0.0,5.6,40.3,286.2,5.4,12.6,303.0,1008.4,1008.4,2.7,5.3
2024-07-19 15:05:00+02:00,28.8,28.5,29.0,14.1,41.0,35.5,77.0,397.6,3.0,0.0,0.0,0.0,0.0,5.6,40.3,286.2,5.9,9.0,300.0,1008.5,1008.5,2.7,5.3
2024-07-19 15:10:00+02:00,28.8,28.3,28.5,13.7,40.0,35.5,77.0,366.3,3.0,0.0,0.0,0.0,0.0,5.6,40.3,286.2,7.1,10.8,343.0,1008.5,1008.5,2.7,5.3
2024-07-19 15:15:00+02:00,28.8,28.4,29.4,13.8,40.0,35.5,77.0,387.4,3.0,0.0,0.0,0.0,0.0,5.6,40.3,286.2,3.1,8.6,314.0,1008.5,1008.5,2.7,5.3
2024-07-19 15:20:00+02:00,28.9,28.5,29.0,14.0,40.0,35.6,77.0,448.9,4.0,0.0,0.0,0.0,0.0,5.6,40.3,286.2,5.7,11.5,346.0,1008.4,1008.4,2.7,5.3
2024-07-19 15:25:00+02:00,29.3,28.8,29.8,13.8,39.0,35.6,77.0,492.0,4.0,0.0,0.0,0.0,0.0,5.6,40.3,286.2,3.5,9.7,348.0,1008.3,1008.3,2.7,5.3
2024-07-19 15:30:00+02:00,29.7,29.3,30.3,14.4,39.0,35.6,77.0,490.4,4.0,0.0,0.0,0.0,0.0,5.6,40.3,286.2,4.0,9.4,262.0,1008.2,1008.2,2.7,5.3
2024-07-19 15:35:00+02:00,29.4,28.9,29.8,14.1,39.0,35.6,77.0,472.2,4.0,0.0,0.0,0.0,0.0,5.6,40.3,286.2,4.7,12.2,294.0,1008.3,1008.3,2.7,5.3
2024-07-19 15:40:00+02:00,29.6,29.1,30.3,14.3,39.0,35.7,77.0,427.7,3.0,0.0,0.0,0.0,0.0,5.6,40.3,286.2,2.7,10.1,324.0,1008.4,1008.4,2.7,5.3
2024-07-19 15:45:00+02:00,29.6,29.2,30.1,14.2,39.0,35.7,77.0,419.4,3.0,0.0,0.0,0.0,0.0,5.6,40.3,286.2,4.7,11.5,32.0,1008.3,1008.3,2.7,5.3
2024-07-19 15:50:00+02:00,29.3,28.7,29.4,13.7,38.0,35.7,77.0,374.8,3.0,0.0,0.0,0.0,0.0,5.6,40.3,286.2,5.2,10.8,355.0,1008.2,1008.2,2.7,5.3
2024-07-19 15:55:00+02:00,29.6,29.2,30.5,14.2,39.0,35.7,78.0,358.4,3.0,0.0,0.0,0.0,0.0,5.6,40.3,286.2,2.5,9.0,168.0,1008.1,1008.1,2.7,5.3
2024-07-19 16:00:00+02:00,29.0,28.6,29.2,14.0,40.0,35.7,78.0,345.2,3.0,0.0,0.0,0.0,0.0,5.6,40.3,286.2,5.9,10.4,344.0,1008.2,1008.2,2.7,5.3
2024-07-19 16:05:00+02:00,28.9,28.5,29.4,14.2,41.0,35.8,78.0,345.3,3.0,0.0,0.0,0.0,0.0,5.6,40.3,286.2,4.4,12.2,313.0,1008.1,1008.1,2.7,5.3
2024-07-19 16:10:00+02:00,28.9,28.6,28.9,14.5,41.0,35.8,78.0,344.3,3.0,0.0,0.0,0.0,0.0,5.6,40.3,286.2,7.5,14.8,292.0,1008.0,1008.0,2.7,5.3
2024-07-19 16:15:00+02:00,29.1,28.8,29.5,14.4,41.0,35.8,78.0,324.9,3.0,0.0,0.0,0.0,0.0,5.6,40.3,286.2,4.8,9.7,272.0,1008.0,1008.0,2.7,5.3
2024-07-19 16:20:00+02:00,29.1,28.8,29.7,14.7,41.0,35.8,78.0,309.9,2.0,0.0,0.0,0.0,0.0,5.6,40.3,286.2,4.2,10.4,320.0,1008.0,1008.0,2.7,5.3
2024-07-19 16:25:00+02:00,29.0,28.7,29.1,14.5,41.0,35.8,78.0,292.9,2.0,0.0,0.0,0.0,0.0,5.6,40.3,286.2,6.6,10.4,286.0,1007.9,1007.9,2.7,5.3
2024-07-19 16:30:00+02:00,28.7,28.5,29.7,14.5,42.0,35.8,78.0,264.4,2.0,0.0,0.0,0.0,0.0,5.6,40.3,286.2,1.7,9.0,319.0,1007.9,1007.9,2.7,5.3
2024-07-19 16:35:00+02:00,29.0,28.7,29.6,14.6,42.0,35.7,78.0,243.5,2.0,0.0,0.0,0.0,0.0,5.6,40.3,286.2,4.2,6.8,354.0,1007.7,1007.7,2.7,5.3
2024-07-19 16:40:00+02:00,28.8,28.6,29.6,14.6,42.0,35.7,78.0,247.1,2.0,0.0,0.0,0.0,0.0,5.6,40.3,286.2,3.5,9.7,285.0,1007.8,1007.8,2.7,5.3
2024-07-19 16:45:00+02:00,28.7,28.5,29.2,14.7,42.0,35.7,78.0,239.1,2.0,0.0,0.0,0.0,0.0,5.6,40.3,286.2,5.1,10.1,301.0,1007.7,1007.7,2.7,5.3
2024-07-19 16:50:00+02:00,28.7,28.6,30.0,14.8,43.0,35.7,78.0,226.0,2.0,0.0,0.0,0.0,0.0,5.6,40.3,286.2,1.4,6.8,353.0,1007.8,1007.8,2.7,5.3
2024-07-19 16:55:00+02:00,28.4,28.3,28.9,14.5,43.0,35.7,78.0,209.6,1.0,0.0,0.0,0.0,0.0,5.6,40.3,286.2,5.3,13.3,325.0,1007.7,1007.7,2.7,5.3
2024-07-19 17:00:00+02:00,28.4,28.3,29.5,14.8,43.0,35.7,78.0,208.6,1.0,0.0,0.0,0.0,0.0,5.6,40.3,286.2,2.3,13.3,346.0,1007.8,1007.8,2.7,5.3
2024-07-19 17:05:00+02:00,28.7,28.7,30.0,15.2,44.0,35.6,78.0,203.1,1.0,0.0,0.0,0.0,0.0,5.6,40.3,286.2,1.9,6.5,287.0,1007.6,1007.6,2.7,5.3
2024-07-19 17:10:00+02:00,28.5,28.4,28.9,15.1,44.0,35.6,78.0,200.9,1.0,0.0,0.0,0.0,0.0,5.6,40.3,286.2,6.2,11.5,295.0,1007.7,1007.7,2.7,5.3
2024-07-19 17:15:00+02:00,28.1,28.1,28.6,15.0,45.0,35.6,78.0,192.0,1.0,0.0,0.0,0.0,0.0,5.6,40.3,286.2,5.5,8.6,271.0,1007.6,1007.6,2.7,5.3
2024-07-19 17:20:00+02:00,28.2,28.3,29.3,15.3,46.0,35.5,78.0,186.3,1.0,0.0,0.0,0.0,0.0,5.6,40.3,286.2,2.7,8.3,298.0,1007.5,1007.5,2.7,5.3
2024-07-19 17:25:00+02:00,28.5,28.5,29.5,15.4,45.0,35.5,79.0,184.6,1.0,0.0,0.0,0.0,0.0,5.6,40.3,286.2,3.9,8.3,329.0,1007.5,1007.5,2.7,5.3
2024-07-19 17:30:00+02:00,28.2,28.3,28.9,15.3,45.0,35.5,79.0,182.0,1.0,0.0,0.0,0.0,0.0,5.6,40.3,286.2,4.8,9.4,308.0,1007.4,1007.4,2.7,5.3
2024-07-19 17:35:00+02:00,28.1,28.2,29.0,15.3,46.0,35.4,79.0,180.1,1.0,0.0,0.0,0.0,0.0,5.6,40.3,286.2,3.9,9.4,295.0,1007.4,1007.4,2.7,5.3
2024-07-19 17:40:00+02:00,27.9,28.2,28.9,15.9,48.0,35.4,79.0,188.6,1.0,0.0,0.0,0.0,0.0,5.6,40.3,286.2,4.8,7.2,273.0,1007.4,1007.4,2.7,5.3
2024-07-19 17:45:00+02:00,27.8,28.1,28.9,15.9,48.0,35.3,79.0,194.9,1.0,0.0,0.0,0.0,0.0,5.6,40.3,286.2,4.3,7.9,279.0,1007.4,1007.4,2.7,5.3
2024-07-19 17:50:00+02:00,27.8,28.0,28.7,15.5,47.0,35.3,79.0,191.8,1.0,0.0,0.0,0.0,0.0,5.6,40.3,286.2,4.8,9.7,318.0,1007.4,1007.4,2.7,5.3
2024-07-19 17:55:00+02:00,28.0,28.1,28.9,15.3,46.0,35.2,79.0,174.7,1.0,0.0,0.0,0.0,0.0,5.6,40.3,286.2,4.1,9.7,305.0,1007.3,1007.3,2.7,5.3
2024-07-19 18:00:00+02:00,27.8,28.0,28.9,15.6,48.0,35.2,79.0,167.3,1.0,0.0,0.0,0.0,0.0,5.6,40.3,286.2,3.7,9.7,264.0,1007.2,1007.2,2.7,5.3
2024-07-19 18:05:00+02:00,27.7,27.9,28.6,15.4,47.0,35.2,79.0,157.2,1.0,0.0,0.0,0.0,0.0,5.6,40.3,286.2,4.3,9.7,311.0,1007.2,1007.2,2.7,5.3
2024-07-19 18:10:00+02:00,27.5,27.8,28.5,15.7,49.0,35.1,79.0,146.7,1.0,0.0,0.0,0.0,0.0,5.6,40.3,286.2,4.4,9.0,273.0,1007.1,1007.1,2.7,5.3
2024-07-19 18:15:00+02:00,27.3,27.7,28.3,15.7,49.0,35.1,79.0,138.5,1.0,0.0,0.0,0.0,0.0,5.6,40.3,286.2,4.5,9.0,284.0,1007.2,1007.2,2.7,5.3
2024-07-19 18:20:00+02:00,27.4,27.8,28.4,15.9,50.0,35.0,79.0,132.4,1.0,0.0,0.0,0.0,0.0,5.6,40.3,286.2,4.8,8.3,308.0,1007.1,1007.1,2.7,5.3
2024-07-19 18:25:00+02:00,27.5,27.8,28.9,15.5,48.0,35.0,79.0,126.9,1.0,0.0,0.0,0.0,0.0,5.6,40.3,286.2,1.8,9.0,335.0,1007.0,1007.0,2.7,5.3
2024-07-19 18:30:00+02:00,27.5,27.8,28.6,15.6,48.0,34.9,79.0,121.9,1.0,0.0,0.0,0.0,0.0,5.6,40.3,286.2,3.7,9.4,3.0,1007.1,1007.1,2.7,5.3
2024-07-19 18:35:00+02:00,27.3,27.7,29.0,15.8,50.0,34.9,79.0,117.5,1.0,0.0,0.0,0.0,0.0,5.6,40.3,286.2,1.3,7.9,292.0,1007.1,1007.1,2.7,5.3
2024-07-19 18:40:00+02:00,27.3,27.7,28.8,16.1,50.0,34.8,79.0,113.3,1.0,0.0,0.0,0.0,0.0,5.6,40.3,286.2,2.7,5.0,288.0,1007.2,1007.2,2.7,5.3
2024-07-19 18:45:00+02:00,27.3,27.8,28.8,16.3,51.0,34.8,79.0,109.6,1.0,0.0,0.0,0.0,0.0,5.6,40.3,286.2,3.1,7.2,284.0,1007.1,1007.1,2.7,5.3
2024-07-19 18:50:00+02:00,27.2,27.6,28.2,15.7,49.0,34.7,79.0,106.9,0.0,0.0,0.0,0.0,0.0,5.6,40.3,286.2,4.3,7.2,290.0,1007.0,1007.0,2.7,5.3
2024-07-19 18:55:00+02:00,27.2,27.6,28.3,15.7,50.0,34.7,79.0,103.0,0.0,0.0,0.0,0.0,0.0,5.6,40.3,286.2,3.7,6.8,300.0,1007.0,1007.0,2.7,5.3
2024-07-19 19:00:00+02:00,27.1,27.5,28.5,15.8,50.0,34.6,79.0,100.5,0.0,0.0,0.0,0.0,0.0,5.6,40.3,286.2,2.6,6.1,278.0,1007.0,1007.0,2.7,5.3
2024-07-19 19:05:00+02:00,27.0,27.4,28.2,15.9,50.0,34.5,79.0,98.4,0.0,0.0,0.0,0.0,0.0,5.6,40.3,286.2,3.9,5.8,267.0,1006.8,1006.8,2.7,5.3
2024-07-19 19:10:00+02:00,27.0,27.5,28.3,15.8,50.0,34.5,79.0,95.6,0.0,0.0,0.0,0.0,0.0,5.6,40.3,286.2,3.3,6.8,275.0,1006.8,1006.8,2.7,5.3
2024-07-19 19:15:00+02:00,26.9,27.3,28.1,15.4,49.0,34.4,79.0,92.6,0.0,0.0,0.0,0.0,0.0,5.6,40.3,286.2,2.7,7.6,302.0,1006.8,1006.8,2.7,5.3
2024-07-19 19:20:00+02:00,26.9,27.3,28.0,15.8,51.0,34.3,79.0,88.3,0.0,0.0,0.0,0.0,0.0,5.6,40.3,286.2,3.7,7.6,277.0,1006.7,1006.7,2.7,5.3
2024-07-19 19:25:00+02:00,26.8,27.2,27.5,15.5,50.0,34.3,79.0,83.9,0.0,0.0,0.0,0.0,0.0,5.6,40.3,286.2,5.4,8.6,305.0,1006.8,1006.8,2.7,5.3
2024-07-19 19:30:00+02:00,26.7,27.2,28.0,15.6,50.0,34.2,79.0,78.7,0.0,0.0,0.0,0.0,0.0,5.6,40.3,286.2,2.8,7.9,290.0,1006.7,1006.7,2.7,5.3
2024-07-19 19:35:00+02:00,26.7,27.1,28.0,15.6,51.0,34.2,79.0,72.8,0.0,0.0,0.0,0.0,0.0,5.6,40.3,286.2,2.6,5.4,343.0,1006.6,1006.6,2.7,5.3
2024-07-19 19:40:00+02:00,26.6,26.7,27.6,15.5,51.0,34.1,79.0,66.3,0.0,0.0,0.0,0.0,0.0,5.6,40.3,286.2,3.9,11.2,281.0,1006.5,1006.5,2.7,5.3
2024-07-19 19:45:00+02:00,26.4,26.4,27.7,15.8,52.0,34.1,79.0,60.3,0.0,0.0,0.0,0.0,0.0,5.6,40.3,286.2,3.3,5.0,285.0,1006.6,1006.6,2.7,5.3
2024-07-19 19:50:00+02:00,26.3,26.3,27.5,15.6,52.0,34.0,79.0,55.9,0.0,0.0,0.0,0.0,0.0,5.6,40.3,286.2,3.4,6.1,264.0,1006.5,1006.5,2.7,5.3
2024-07-19 19:55:00+02:00,26.3,26.3,27.6,15.8,53.0,33.9,79.0,51.9,0.0,0.0,0.0,0.0,0.0,5.6,40.3,286.2,2.7,7.2,312.0,1006.5,1006.5,2.7,5.3
2024-07-19 20:00:00+02:00,26.2,26.2,27.6,15.7,52.0,33.8,79.0,48.5,0.0,0.0,0.0,0.0,0.0,5.6,40.3,286.2,2.2,5.8,301.0,1006.5,1006.5,2.7,5.3
2024-07-19 20:05:00+02:00,26.1,26.1,27.1,15.7,53.0,33.8,79.0,44.9,0.0,0.0,0.0,0.0,0.0,5.6,40.3,286.2,4.3,7.2,274.0,1006.5,1006.5,2.7,5.3
2024-07-19 20:10:00+02:00,26.0,26.0,27.1,15.6,53.0,33.7,79.0,41.3,0.0,0.0,0.0,0.0,0.0,5.6,40.3,286.2,3.5,6.1,276.0,1006.3,1006.3,2.7,5.3
2024-07-19 20:15:00+02:00,25.9,25.9,27.0,15.7,53.0,33.6,79.0,38.1,0.0,0.0,0.0,0.0,0.0,5.6,40.3,286.2,3.5,6.1,262.0,1006.4,1006.4,2.7,5.3
2024-07-19 20:20:00+02:00,25.7,25.7,27.4,16.2,56.0,33.6,79.0,35.1,0.0,0.0,0.0,0.0,0.0,5.6,40.3,286.2,1.8,4.3,272.0,1006.4,1006.4,2.7,5.3
2024-07-19 20:25:00+02:00,25.6,25.6,27.0,15.9,55.0,33.5,79.0,32.3,0.0,0.0,0.0,0.0,0.0,5.6,40.3,286.2,2.5,4.3,250.0,1006.4,1006.4,2.7,5.3
2024-07-19 20:30:00+02:00,25.5,25.5,27.0,16.0,56.0,33.4,79.0,29.0,0.0,0.0,0.0,0.0,0.0,5.6,40.3,286.2,2.6,4.3,266.0,1006.3,1006.3,2.7,5.3
2024-07-19 20:35:00+02:00,25.5,25.5,27.0,15.7,55.0,33.3,79.0,25.4,0.0,0.0,0.0,0.0,0.0,5.6,40.3,286.2,2.1,5.0,317.0,1006.2,1006.2,2.7,5.2
2024-07-19 20:40:00+02:00,25.3,25.3,27.1,16.5,58.0,33.3,78.0,22.0,0.0,0.0,0.0,0.0,0.0,5.6,40.3,286.2,2.3,3.6,271.0,1006.4,1006.4,2.7,5.2
2024-07-19 20:45:00+02:00,25.1,25.1,27.2,16.8,60.0,33.2,78.0,18.7,0.0,0.0,0.0,0.0,0.0,5.6,40.3,286.2,0.9,3.2,262.0,1006.1,1006.1,2.7,5.2
2024-07-19 20:50:00+02:00,24.9,24.9,27.4,17.2,62.0,33.1,78.0,17.4,0.0,0.0,0.0,0.0,0.0,5.6,40.3,286.2,0.0,1.8,224.0,1006.3,1006.3,2.7,5.2
2024-07-19 20:55:00+02:00,24.6,24.6,27.0,16.9,62.0,33.0,78.0,15.6,0.0,0.0,0.0,0.0,0.0,5.6,40.3,286.2,0.0,1.8,231.0,1006.2,1006.2,2.7,5.2
2024-07-19 21:00:00+02:00,24.3,24.3,26.4,16.5,62.0,32.9,78.0,13.9,0.0,0.0,0.0,0.0,0.0,5.6,40.3,286.2,0.0,1.8,182.0,1006.1,1006.1,2.7,5.2
2024-07-19 21:05:00+02:00,24.0,24.0,26.2,16.6,63.0,32.8,78.0,12.0,0.0,0.0,0.0,0.0,0.0,5.6,40.3,286.2,0.0,0.0,180.0,1006.2,1006.2,2.7,5.2
2024-07-19 21:10:00+02:00,23.8,23.8,26.1,16.9,65.0,32.8,78.0,9.9,0.0,0.0,0.0,0.0,0.0,5.6,40.3,286.2,0.0,1.8,259.0,1006.1,1006.1,2.7,5.2
2024-07-19 21:15:00+02:00,23.4,23.4,25.7,16.8,67.0,32.7,78.0,8.2,0.0,0.0,0.0,0.0,0.0,5.6,40.3,286.2,0.0,1.8,269.0,1006.1,1006.1,2.7,5.2
2024-07-19 21:20:00+02:00,23.1,23.1,25.5,16.9,68.0,32.6,78.0,6.5,0.0,0.0,0.0,0.0,0.0,5.6,40.3,286.2,0.0,2.2,141.0,1006.2,1006.2,2.7,5.2
2024-07-19 21:25:00+02:00,22.8,22.8,25.1,16.7,69.0,32.5,78.0,4.8,0.0,0.0,0.0,0.0,0.0,5.6,40.3,286.2,0.0,2.2,143.0,1006.2,1006.2,2.7,5.2
2024-07-19 21:30:00+02:00,22.7,22.7,25.0,16.8,69.0,32.4,78.0,3.5,0.0,0.0,0.0,0.0,0.0,5.6,40.3,286.2,0.0,0.0,223.0,1006.2,1006.2,2.7,5.2
2024-07-19 21:35:00+02:00,22.4,22.4,24.7,16.9,71.0,32.3,78.0,2.4,0.0,0.0,0.0,0.0,0.0,5.6,40.3,286.2,0.0,0.0,189.0,1006.3,1006.3,2.7,5.2
2024-07-19 21:40:00+02:00,22.1,22.1,24.4,16.7,71.0,32.2,78.0,1.6,0.0,0.0,0.0,0.0,0.0,5.6,40.3,286.2,0.0,2.2,129.0,1006.3,1006.3,2.7,5.2
2024-07-19 21:45:00+02:00,21.9,21.9,24.2,16.7,72.0,32.0,78.0,0.9,0.0,0.0,0.0,0.0,0.0,5.6,40.3,286.2,0.0,0.0,138.0,1006.3,1006.3,2.7,5.2
2024-07-19 21:50:00+02:00,21.7,21.7,24.0,16.6,73.0,31.9,78.0,0.6,0.0,0.0,0.0,0.0,0.0,5.6,40.3,286.2,0.0,0.0,157.0,1006.3,1006.3,2.7,5.2
2024-07-19 21:55:00+02:00,21.5,21.5,23.7,16.6,73.0,31.8,78.0,0.3,0.0,0.0,0.0,0.0,0.0,5.6,40.3,286.2,0.0,0.0,145.0,1006.3,1006.3,2.7,5.2
2024-07-19 22:00:00+02:00,21.3,21.3,23.5,16.6,75.0,31.7,78.0,0.2,0.0,0.0,0.0,0.0,0.0,5.6,40.3,286.2,0.0,1.8,136.0,1006.3,1006.3,2.7,5.2
2024-07-19 22:05:00+02:00,21.2,21.2,23.4,16.6,75.0,31.6,78.0,0.1,0.0,0.0,0.0,0.0,0.0,5.6,40.3,286.2,0.0,1.8,139.0,1006.3,1006.3,2.7,5.2
2024-07-19 22:10:00+02:00,21.1,21.1,23.2,16.7,76.0,31.5,78.0,0.0,0.0,0.0,0.0,0.0,0.0,5.6,40.3,286.2,0.4,2.2,129.0,1006.4,1006.4,2.7,5.2
2024-07-19 22:15:00+02:00,20.9,20.9,23.0,16.5,76.0,31.4,78.0,0.0,0.0,0.0,0.0,0.0,0.0,5.6,40.3,286.2,0.0,1.8,133.0,1006.5,1006.5,2.7,5.2
2024-07-19 22:20:00+02:00,20.8,20.8,22.9,16.5,77.0,31.2,78.0,0.0,0.0,0.0,0.0,0.0,0.0,5.6,40.3,286.2,0.0,2.2,131.0,1006.4,1006.4,2.7,5.2
2024-07-19 22:25:00+02:00,20.7,20.7,22.8,16.5,77.0,31.1,78.0,0.0,0.0,0.0,0.0,0.0,0.0,5.6,40.3,286.2,0.0,1.8,137.0,1006.3,1006.3,2.7,5.2
2024-07-19 22:30:00+02:00,20.5,20.5,22.6,16.5,78.0,31.0,78.0,0.0,0.0,0.0,0.0,0.0,0.0,5.6,40.3,286.2,0.0,2.2,132.0,1006.3,1006.3,2.7,5.2
2024-07-19 22:35:00+02:00,20.3,20.3,22.5,16.4,78.0,30.9,78.0,0.0,0.0,0.0,0.0,0.0,0.0,5.6,40.3,286.2,0.0,1.8,138.0,1006.2,1006.2,2.7,5.1
2024-07-19 22:40:00+02:00,20.2,20.2,22.4,16.4,79.0,30.8,78.0,0.0,0.0,0.0,0.0,0.0,0.0,5.6,40.3,286.2,0.0,0.0,134.0,1006.2,1006.2,2.7,5.1
2024-07-19 22:45:00+02:00,20.1,20.1,22.1,16.3,79.0,30.7,78.0,0.0,0.0,0.0,0.0,0.0,0.0,5.6,40.3,286.2,0.0,1.8,128.0,1006.2,1006.2,2.7,5.1
2024-07-19 22:50:00+02:00,19.9,19.9,22.0,16.2,79.0,30.6,78.0,0.0,0.0,0.0,0.0,0.0,0.0,5.6,40.3,286.2,0.0,0.0,144.0,1006.3,1006.3,2.7,5.1
2024-07-19 22:55:00+02:00,19.9,19.9,21.8,16.3,80.0,30.5,78.0,0.0,0.0,0.0,0.0,0.0,0.0,5.6,40.3,286.2,0.7,2.5,130.0,1006.2,1006.2,2.7,5.1
2024-07-19 23:00:00+02:00,19.8,19.8,21.8,16.1,79.0,30.3,78.0,0.0,0.0,0.0,0.0,0.0,0.0,5.6,40.3,286.2,0.0,2.2,129.0,1006.3,1006.3,2.7,5.1
2024-07-19 23:05:00+02:00,19.7,19.7,21.7,16.1,80.0,30.2,78.0,0.0,0.0,0.0,0.0,0.0,0.0,5.6,40.3,286.2,0.0,1.8,138.0,1006.4,1006.4,2.7,5.1
2024-07-19 23:10:00+02:00,19.5,19.5,21.3,16.1,81.0,30.2,78.0,0.0,0.0,0.0,0.0,0.0,0.0,5.6,40.3,286.2,0.7,1.8,125.0,1006.3,1006.3,2.7,5.1
2024-07-19 23:15:00+02:00,19.4,19.4,21.3,15.9,80.0,30.0,78.0,0.0,0.0,0.0,0.0,0.0,0.0,5.6,40.3,286.2,0.4,2.2,123.0,1006.3,1006.3,2.7,5.1
2024-07-19 23:20:00+02:00,19.3,19.3,21.3,16.0,81.0,29.9,78.0,0.0,0.0,0.0,0.0,0.0,0.0,5.6,40.3,286.2,0.0,1.8,120.0,1006.4,1006.4,2.7,5.1
2024-07-19 23:25:00+02:00,19.3,19.3,21.3,16.0,81.0,29.8,78.0,0.0,0.0,0.0,0.0,0.0,0.0,5.6,40.3,286.2,0.0,1.8,133.0,1006.3,1006.3,2.7,5.1
2024-07-19 23:30:00+02:00,19.2,19.2,21.1,16.0,82.0,29.7,78.0,0.0,0.0,0.0,0.0,0.0,0.0,5.6,40.3,286.2,0.4,2.2,116.0,1006.2,1006.2,2.7,5.1
2024-07-19 23:35:00+02:00,19.0,19.0,20.6,15.9,82.0,29.5,78.0,0.0,0.0,0.0,0.0,0.0,0.0,5.6,40.3,286.2,2.1,2.9,126.0,1006.2,1006.2,2.7,5.1
2024-07-19 23:40:00+02:00,19.0,19.0,20.9,16.1,83.0,29.4,78.0,0.0,0.0,0.0,0.0,0.0,0.0,5.6,40.3,286.2,0.8,3.2,110.0,1006.2,1006.2,2.7,5.1
2024-07-19 23:45:00+02:00,18.8,18.8,20.8,15.9,83.0,29.3,78.0,0.0,0.0,0.0,0.0,0.0,0.0,5.6,40.3,286.2,0.0,1.8,168.0,1006.2,1006.2,2.7,5.1
2024-07-19 23:50:00+02:00,18.7,18.7,20.7,15.9,84.0,29.2,78.0,0.0,0.0,0.0,0.0,0.0,0.0,5.6,40.3,286.2,0.0,0.0,240.0,1006.2,1006.2,2.7,5.1
2024-07-19 23:55:00+02:00,18.8,18.8,20.7,16.0,84.0,29.1,78.0,0.0,0.0,0.0,0.0,0.0,0.0,5.6,40.3,286.2,0.0,0.0,291.0,1006.2,1006.2,2.7,5.1
2024-07-20 00:00:00+02:00,18.6,18.6,20.6,15.9,84.0,29.0,78.0,0.0,0.0,0.0,0.0,0.0,0.0,5.6,40.3,286.2,0.0,0.0,302.0,1006.0,1006.0,2.7,5.1
2024-07-20 00:05:00+02:00,18.4,18.4,20.1,16.0,86.0,28.9,78.0,0.0,0.0,0.0,0.0,0.0,0.0,5.6,40.3,286.2,1.3,2.9,126.0,1006.1,1006.1,2.7,5.1
2024-07-20 00:10:00+02:00,18.3,18.3,20.2,16.1,87.0,28.8,78.0,0.0,0.0,0.0,0.0,0.0,0.0,5.6,40.3,286.2,0.8,2.9,128.0,1006.0,1006.0,2.7,5.1
2024-07-20 00:15:00+02:00,18.2,18.2,20.1,16.0,87.0,28.7,78.0,0.0,0.0,0.0,0.0,0.0,0.0,5.6,40.3,286.2,0.4,1.8,144.0,1006.0,1006.0,2.7,5.1
2024-07-20 00:20:00+02:00,18.1,18.1,19.7,15.9,87.0,28.6,78.0,0.0,0.0,0.0,0.0,0.0,0.0,5.6,40.3,286.2,1.9,2.9,133.0,1005.8,1005.8,2.7,5.1
2024-07-20 00:25:00+02:00,18.1,18.1,19.8,15.9,87.0,28.5,78.0,0.0,0.0,0.0,0.0,0.0,0.0,5.6,40.3,286.2,1.1,2.5,123.0,1005.8,1005.8,2.7,5.0
2024-07-20 00:30:00+02:00,18.0,18.0,19.6,16.0,88.0,28.3,78.0,0.0,0.0,0.0,0.0,0.0,0.0,5.6,40.3,286.2,1.9,2.9,125.0,1005.7,1005.7,2.7,5.0
2024-07-20 00:35:00+02:00,17.9,17.9,19.8,15.9,88.0,28.3,78.0,0.0,0.0,0.0,0.0,0.0,0.0,5.6,40.3,286.2,0.4,2.9,127.0,1005.8,1005.8,2.7,5.0
2024-07-20 00:40:00+02:00,17.8,17.8,19.7,15.8,88.0,28.2,78.0,0.0,0.0,0.0,0.0,0.0,0.0,5.6,40.3,286.2,0.4,2.2,129.0,1005.6,1005.6,2.7,5.0
2024-07-20 00:45:00+02:00,17.7,17.7,19.4,15.9,89.0,28.0,78.0,0.0,0.0,0.0,0.0,0.0,0.0,5.6,40.3,286.2,1.2,2.9,129.0,1005.5,1005.5,2.7,5.0
2024-07-20 00:50:00+02:00,17.7,17.7,19.6,15.9,89.0,28.0,78.0,0.0,0.0,0.0,0.0,0.0,0.0,5.6,40.3,286.2,0.0,2.2,92.0,1005.5,1005.5,2.7,5.0
2024-07-20 00:55:00+02:00,17.5,17.5,19.4,15.8,90.0,27.9,78.0,0.0,0.0,0.0,0.0,0.0,0.0,5.6,40.3,286.2,0.0,1.8,129.0,1005.5,1005.5,2.7,5.0
2024-07-20 01:00:00+02:00,17.5,17.5,19.5,15.9,90.0,27.8,78.0,0.0,0.0,0.0,0.0,0.0,0.0,5.6,40.3,286.2,0.0,1.8,312.0,1005.4,1005.4,2.7,5.0
2024-07-20 01:05:00+02:00,17.7,17.7,19.7,15.9,89.0,27.7,78.0,0.0,0.0,0.0,0.0,0.0,0.0,5.6,40.3,286.2,0.0,2.2,313.0,1005.4,1005.4,2.7,5.0
2024-07-20 01:10:00+02:00,17.8,17.8,19.6,15.9,89.0,27.6,78.0,0.0,0.0,0.0,0.0,0.0,0.0,5.6,40.3,286.2,0.4,2.2,125.0,1005.4,1005.4,2.7,5.0
2024-07-20 01:15:00+02:00,17.6,17.6,19.4,15.9,90.0,27.5,78.0,0.0,0.0,0.0,0.0,0.0,0.0,5.6,40.3,286.2,0.8,2.9,121.0,1005.3,1005.3,2.7,5.0
2024-07-20 01:20:00+02:00,17.4,17.4,19.3,15.8,91.0,27.4,78.0,0.0,0.0,0.0,0.0,0.0,0.0,5.6,40.3,286.2,0.4,1.8,109.0,1005.3,1005.3,2.7,5.0
2024-07-20 01:25:00+02:00,17.3,17.3,18.8,15.8,91.0,27.3,78.0,0.0,0.0,0.0,0.0,0.0,0.0,5.6,40.3,286.2,2.2,2.9,104.0,1005.2,1005.2,2.7,5.0
2024-07-20 01:30:00+02:00,17.3,17.3,19.0,15.8,91.0,27.2,78.0,0.0,0.0,0.0,0.0,0.0,0.0,5.6,40.3,286.2,0.7,2.9,98.0,1005.3,1005.3,2.7,5.0
2024-07-20 01:35:00+02:00,17.2,17.2,18.9,15.7,91.0,27.1,78.0,0.0,0.0,0.0,0.0,0.0,0.0,5.6,40.3,286.2,0.9,2.5,115.0,1005.2,1005.2,2.7,5.0
2024-07-20 01:40:00+02:00,17.2,17.2,18.7,15.8,91.0,27.0,78.0,0.0,0.0,0.0,0.0,0.0,0.0,5.6,40.3,286.2,2.1,2.9,111.0,1005.1,1005.1,2.7,5.0
2024-07-20 01:45:00+02:00,17.2,17.2,19.0,15.9,92.0,26.9,78.0,0.0,0.0,0.0,0.0,0.0,0.0,5.6,40.3,286.2,0.8,2.5,107.0,1005.1,1005.1,2.7,5.0
2024-07-20 01:50:00+02:00,17.2,17.2,19.1,15.8,92.0,26.8,78.0,0.0,0.0,0.0,0.0,0.0,0.0,5.6,40.3,286.2,0.0,2.2,107.0,1005.1,1005.1,2.7,5.0
2024-07-20 01:55:00+02:00,17.0,17.0,18.9,15.7,92.0,26.7,78.0,0.0,0.0,0.0,0.0,0.0,0.0,5.6,40.3,286.2,0.0,0.0,135.0,1005.1,1005.1,2.7,5.0
2024-07-20 02:00:00+02:00,17.0,17.0,18.9,15.7,92.0,26.7,78.0,0.0,0.0,0.0,0.0,0.0,0.0,5.6,40.3,286.2,0.0,0.0,7.0,1004.9,1004.9,2.7,5.0
2024-07-20 02:05:00+02:00,16.8,16.8,18.7,15.6,92.0,26.6,78.0,0.0,0.0,0.0,0.0,0.0,0.0,5.6,40.3,286.2,0.0,1.8,356.0,1004.9,1004.9,2.7,4.9
2024-07-20 02:10:00+02:00,16.8,16.8,18.7,15.7,93.0,26.5,78.0,0.0,0.0,0.0,0.0,0.0,0.0,5.6,40.3,286.2,0.0,1.8,107.0,1005.0,1005.0,2.7,4.9
2024-07-20 02:15:00+02:00,16.7,16.7,18.5,15.6,93.0,26.4,78.0,0.0,0.0,0.0,0.0,0.0,0.0,5.6,40.3,286.2,0.0,1.8,100.0,1004.8,1004.8,2.7,4.9
2024-07-20 02:20:00+02:00,16.8,16.8,18.4,15.8,94.0,26.3,78.0,0.0,0.0,0.0,0.0,0.0,0.0,5.6,40.3,286.2,1.6,3.2,106.0,1004.8,1004.8,2.7,4.9
2024-07-20 02:25:00+02:00,16.7,16.7,18.5,15.8,94.0,26.3,78.0,0.0,0.0,0.0,0.0,0.0,0.0,5.6,40.3,286.2,0.6,2.9,122.0,1004.8,1004.8,2.7,4.9
2024-07-20 02:30:00+02:00,16.6,16.6,18.4,15.7,94.0,26.2,79.0,0.0,0.0,0.0,0.0,0.0,0.0,5.6,40.3,286.2,0.4,2.2,95.0,1004.8,1004.8,2.7,4.9
2024-07-20 02:35:00+02:00,16.6,16.6,18.3,15.7,94.0,26.1,79.0,0.0,0.0,0.0,0.0,0.0,0.0,5.6,40.3,286.2,0.8,2.2,116.0,1004.6,1004.6,2.7,4.9
2024-07-20 02:40:00+02:00,16.5,16.5,18.4,15.6,94.0,26.0,79.0,0.0,0.0,0.0,0.0,0.0,0.0,5.6,40.3,286.2,0.0,2.2,118.0,1004.6,1004.6,2.7,4.9
2024-07-20 02:45:00+02:00,16.4,16.4,18.2,15.5,94.0,25.9,79.0,0.0,0.0,0.0,0.0,0.0,0.0,5.6,40.3,286.2,0.0,0.0,128.0,1004.4,1004.4,2.7,4.9
2024-07-20 02:50:00+02:00,16.3,16.3,18.2,15.6,95.0,25.8,79.0,0.0,0.0,0.0,0.0,0.0,0.0,5.6,40.3,286.2,0.0,1.8,124.0,1004.4,1004.4,2.7,4.9
2024-07-20 02:55:00+02:00,16.3,16.3,18.2,15.5,95.0,25.8,79.0,0.0,0.0,0.0,0.0,0.0,0.0,5.6,40.3,286.2,0.0,1.8,66.0,1004.4,1004.4,2.7,4.9
2024-07-20 03:00:00+02:00,16.4,16.4,18.2,15.6,95.0,25.7,79.0,0.0,0.0,0.0,0.0,0.0,0.0,5.6,40.3,286.2,0.0,0.0,50.0,1004.4,1004.4,2.7,4.9
2024-07-20 03:05:00+02:00,16.2,16.2,18.0,15.4,95.0,25.7,79.0,0.0,0.0,0.0,0.0,0.0,0.0,5.6,40.3,286.2,0.0,0.0,82.0,1004.3,1004.3,2.7,4.9
2024-07-20 03:10:00+02:00,16.4,16.4,18.2,15.6,95.0,25.6,79.0,0.0,0.0,0.0,0.0,0.0,0.0,5.6,40.3,286.2,0.0,1.8,257.0,1004.1,1004.1,2.7,4.9
2024-07-20 03:15:00+02:00,16.5,16.5,18.4,15.7,95.0,25.5,79.0,0.0,0.0,0.0,0.0,0.0,0.0,5.6,40.3,286.2,0.0,1.8,269.0,1004.0,1004.0,2.7,4.9
2024-07-20 03:20:00+02:00,16.5,16.5,18.3,15.7,95.0,25.4,79.0,0.0,0.0,0.0,0.0,0.0,0.0,5.6,40.3,286.2,0.0,1.8,283.0,1004.0,1004.0,2.7,4.9
2024-07-20 03:25:00+02:00,16.4,16.4,18.3,15.6,95.0,25.3,79.0,0.0,0.0,0.0,0.0,0.0,0.0,5.6,40.3,286.2,0.0,0.0,294.0,1003.9,1003.9,2.7,4.9
2024-07-20 03:30:00+02:00,16.5,16.5,18.1,15.7,95.0,25.3,79.0,0.0,0.0,0.0,0.0,0.0,0.0,5.6,40.3,286.2,1.0,3.2,121.0,1003.9,1003.9,2.7,4.9
2024-07-20 03:35:00+02:00,16.3,16.3,18.0,15.6,95.0,25.2,79.0,0.0,0.0,0.0,0.0,0.0,0.0,5.6,40.3,286.2,0.9,3.6,127.0,1003.8,1003.8,2.7,4.9
2024-07-20 03:40:00+02:00,16.2,16.2,17.9,15.6,96.0,25.2,79.0,0.0,0.0,0.0,0.0,0.0,0.0,5.6,40.3,286.2,0.5,2.5,127.0,1003.9,1003.9,2.7,4.9
2024-07-20 03:45:00+02:00,16.1,16.1,17.8,15.5,96.0,25.1,79.0,0.0,0.0,0.0,0.0,0.0,0.0,5.6,40.3,286.2,0.5,2.9,129.0,1003.8,1003.8,2.7,4.9
2024-07-20 03:50:00+02:00,16.1,16.1,17.8,15.5,96.0,25.0,79.0,0.0,0.0,0.0,0.0,0.0,0.0,5.6,40.3,286.2,0.5,2.9,123.0,1003.8,1003.8,2.7,4.9
2024-07-20 03:55:00+02:00,16.0,16.0,17.8,15.4,96.0,24.9,79.0,0.0,0.0,0.0,0.0,0.0,0.0,5.6,40.3,286.2,0.0,2.2,103.0,1003.8,1003.8,2.7,4.8
2024-07-20 04:00:00+02:00,16.0,16.0,17.7,15.4,96.0,24.9,79.0,0.0,0.0,0.0,0.0,0.0,0.0,5.6,40.3,286.2,0.0,1.8,248.0,1003.6,1003.6,2.7,4.8
2024-07-20 04:05:00+02:00,16.2,16.2,18.0,15.6,96.0,24.8,79.0,0.0,0.0,0.0,0.0,0.0,0.0,5.6,40.3,286.2,0.0,1.8,302.0,1003.6,1003.6,2.7,4.8
2024-07-20 04:10:00+02:00,16.1,16.1,17.9,15.5,96.0,24.7,79.0,0.0,0.0,0.0,0.0,0.0,0.0,5.6,40.3,286.2,0.0,0.0,290.0,1003.6,1003.6,2.7,4.8
2024-07-20 04:15:00+02:00,15.9,15.9,17.6,15.3,96.0,24.7,79.0,0.0,0.0,0.0,0.0,0.0,0.0,5.6,40.3,286.2,0.0,1.8,97.0,1003.6,1003.6,2.7,4.8
2024-07-20 04:20:00+02:00,15.9,15.9,17.6,15.3,96.0,24.7,79.0,0.0,0.0,0.0,0.0,0.0,0.0,5.6,40.3,286.2,0.0,1.8,116.0,1003.4,1003.4,2.7,4.8
2024-07-20 04:25:00+02:00,15.8,15.8,17.5,15.3,97.0,24.5,79.0,0.0,0.0,0.0,0.0,0.0,0.0,5.6,40.3,286.2,0.4,2.5,111.0,1003.3,1003.3,2.7,4.8
2024-07-20 04:30:00+02:00,15.8,15.8,17.6,15.3,97.0,24.5,79.0,0.0,0.0,0.0,0.0,0.0,0.0,5.6,40.3,286.2,0.0,2.2,107.0,1003.3,1003.3,2.7,4.8
2024-07-20 04:35:00+02:00,15.8,15.8,17.4,15.3,97.0,24.5,79.0,0.0,0.0,0.0,0.0,0.0,0.0,5.6,40.3,286.2,0.9,2.5,103.0,1003.4,1003.4,2.7,4.8
2024-07-20 04:40:00+02:00,15.8,15.8,17.2,15.3,97.0,24.4,79.0,0.0,0.0,0.0,0.0,0.0,0.0,5.6,40.3,286.2,1.7,2.9,115.0,1003.3,1003.3,2.7,4.8
2024-07-20 04:45:00+02:00,15.8,15.8,17.4,15.3,97.0,24.3,79.0,0.0,0.0,0.0,0.0,0.0,0.0,5.6,40.3,286.2,0.7,2.5,106.0,1003.2,1003.2,2.7,4.8
2024-07-20 04:50:00+02:00,15.7,15.7,17.4,15.2,97.0,24.3,79.0,0.0,0.0,0.0,0.0,0.0,0.0,5.6,40.3,286.2,0.4,1.8,115.0,1003.2,1003.2,2.7,4.8
2024-07-20 04:55:00+02:00,15.7,15.7,17.2,15.2,97.0,24.2,79.0,0.0,0.0,0.0,0.0,0.0,0.0,5.6,40.3,286.2,1.0,2.5,112.0,1003.1,1003.1,2.7,4.8
2024-07-20 05:00:00+02:00,15.8,15.8,17.2,15.3,97.0,24.2,79.0,0.0,0.0,0.0,0.0,0.0,0.0,5.6,40.3,286.2,1.5,2.5,112.0,1003.1,1003.1,2.7,4.8
2024-07-20 05:05:00+02:00,15.7,15.7,17.4,15.2,97.0,24.1,79.0,0.1,0.0,0.0,0.0,0.0,0.0,5.6,40.3,286.2,0.0,2.2,104.0,1003.2,1003.2,2.7,4.8
2024-07-20 05:10:00+02:00,15.6,15.6,17.2,15.1,97.0,24.0,79.0,0.1,0.0,0.0,0.0,0.0,0.0,5.6,40.3,286.2,0.0,0.0,111.0,1003.2,1003.2,2.7,4.8
2024-07-20 05:15:00+02:00,15.5,15.5,17.1,15.1,98.0,24.0,79.0,0.2,0.0,0.0,0.0,0.0,0.0,5.6,40.3,286.2,0.0,1.8,126.0,1003.0,1003.0,2.7,4.8
2024-07-20 05:20:00+02:00,15.4,15.4,17.0,15.0,97.0,23.9,79.0,0.5,0.0,0.0,0.0,0.0,0.0,5.6,40.3,286.2,0.0,1.8,129.0,1002.9,1002.9,2.7,4.8
2024-07-20 05:25:00+02:00,15.3,15.3,16.9,14.9,98.0,23.8,79.0,0.9,0.0,0.0,0.0,0.0,0.0,5.6,40.3,286.2,0.0,0.0,105.0,1003.1,1003.1,2.7,4.8
2024-07-20 05:30:00+02:00,15.4,15.4,17.0,15.0,98.0,23.8,79.0,1.3,0.0,0.0,0.0,0.0,0.0,5.6,40.3,286.2,0.0,0.0,125.0,1003.0,1003.0,2.7,4.8
2024-07-20 05:35:00+02:00,15.4,15.4,17.1,15.1,98.0,23.7,79.0,2.0,0.0,0.0,0.0,0.0,0.0,5.6,40.3,286.2,0.0,0.0,117.0,1003.0,1003.0,2.7,4.8
2024-07-20 05:40:00+02:00,15.4,15.4,17.0,15.1,98.0,23.7,79.0,2.8,0.0,0.0,0.0,0.0,0.0,5.6,40.3,286.2,0.0,0.0,117.0,1003.0,1003.0,2.7,4.8
2024-07-20 05:45:00+02:00,15.6,15.6,17.3,15.3,98.0,23.7,79.0,3.8,0.0,0.0,0.0,0.0,0.0,5.6,40.3,286.2,0.0,0.0,117.0,1003.0,1003.0,2.7,4.7
2024-07-20 05:50:00+02:00,15.4,15.4,17.0,15.1,98.0,23.6,79.0,4.9,0.0,0.0,0.0,0.0,0.0,5.6,40.3,286.2,0.0,0.0,117.0,1002.9,1002.9,2.7,4.7
2024-07-20 05:55:00+02:00,15.3,15.3,16.9,14.9,98.0,23.6,79.0,5.9,0.0,0.0,0.0,0.0,0.0,5.6,40.3,286.2,0.0,0.0,123.0,1002.9,1002.9,2.7,4.7
2024-07-20 06:00:00+02:00,15.4,15.4,17.0,15.0,98.0,23.5,79.0,7.5,0.0,0.0,0.0,0.0,0.0,5.6,40.3,286.2,0.0,1.8,129.0,1002.8,1002.8,2.7,4.7
2024-07-20 06:05:00+02:00,15.7,15.7,17.4,15.3,98.0,23.5,79.0,9.3,0.0,0.0,0.0,0.0,0.0,5.6,40.3,286.2,0.0,1.8,249.0,1003.0,1003.0,2.7,4.7
2024-07-20 06:10:00+02:00,15.6,15.6,17.3,15.3,98.0,23.4,80.0,11.4,0.0,0.0,0.0,0.0,0.0,5.6,40.3,286.2,0.0,0.0,235.0,1002.8,1002.8,2.7,4.7
2024-07-20 06:15:00+02:00,15.5,15.5,17.1,15.1,98.0,23.4,80.0,14.1,0.0,0.0,0.0,0.0,0.0,5.6,40.3,286.2,0.0,0.0,150.0,1002.8,1002.8,2.7,4.7
2024-07-20 06:20:00+02:00,15.5,15.5,17.1,15.1,98.0,23.3,80.0,16.7,0.0,0.0,0.0,0.0,0.0,5.6,40.3,286.2,0.4,2.2,120.0,1002.8,1002.8,2.7,4.7
2024-07-20 06:25:00+02:00,15.7,15.7,17.2,15.4,98.0,23.3,80.0,19.3,0.0,0.0,0.0,0.0,0.0,5.6,40.3,286.2,1.1,2.2,118.0,1002.8,1002.8,2.7,4.7
2024-07-20 06:30:00+02:00,15.7,15.7,17.3,15.4,98.0,23.3,80.0,21.6,0.0,0.0,0.0,0.0,0.0,5.6,40.3,286.2,1.2,2.9,114.0,1002.8,1002.8,2.7,4.7
2024-07-20 06:35:00+02:00,15.8,15.8,17.3,15.4,98.0,23.3,80.0,23.8,0.0,0.0,0.0,0.0,0.0,5.6,40.3,286.2,1.5,2.9,112.0,1002.7,1002.7,2.7,4.7
2024-07-20 06:40:00+02:00,15.9,15.9,17.5,15.6,98.0,23.2,80.0,36.4,0.0,0.0,0.0,0.0,0.0,5.6,40.3,286.2,1.4,2.9,117.0,1002.6,1002.6,2.7,4.7
2024-07-20 06:45:00+02:00,16.1,16.1,17.5,15.8,98.0,23.2,80.0,36.5,0.0,0.0,0.0,0.0,0.0,5.6,40.3,286.2,2.5,3.6,121.0,1002.6,1002.6,2.7,4.7
2024-07-20 06:50:00+02:00,16.2,16.2,17.6,15.8,98.0,23.2,80.0,44.8,0.0,0.0,0.0,0.0,0.0,5.6,40.3,286.2,2.1,2.9,121.0,1002.4,1002.4,2.7,4.7
2024-07-20 06:55:00+02:00,16.4,16.4,18.5,16.1,98.0,23.2,80.0,47.4,0.0,0.0,0.0,0.0,0.0,5.6,40.3,286.2,0.0,2.5,126.0,1002.4,1002.4,2.7,4.7
2024-07-20 07:00:00+02:00,16.7,16.7,18.9,16.4,98.0,23.1,80.0,37.6,0.0,0.0,0.0,0.0,0.0,5.6,40.3,286.2,0.0,0.0,130.0,1002.3,1002.3,2.7,4.7
2024-07-20 07:05:00+02:00,16.8,16.8,18.9,16.4,98.0,23.1,80.0,35.6,0.0,0.0,0.0,0.0,0.0,5.6,40.3,286.2,0.0,1.8,131.0,1002.4,1002.4,2.7,4.7
2024-07-20 07:10:00+02:00,16.6,16.6,18.7,16.3,98.0,23.1,80.0,37.4,0.0,0.0,0.0,0.0,0.0,5.6,40.3,286.2,0.0,2.2,102.0,1002.3,1002.3,2.7,4.7
2024-07-20 07:15:00+02:00,16.8,16.8,19.0,16.4,98.0,23.1,80.0,39.1,0.0,0.0,0.0,0.0,0.0,5.6,40.3,286.2,0.0,2.2,118.0,1002.2,1002.2,2.7,4.7
2024-07-20 07:20:00+02:00,17.0,17.0,19.2,16.6,98.0,23.1,80.0,41.0,0.0,0.0,0.0,0.0,0.0,5.6,40.3,286.2,0.0,1.8,106.0,1002.2,1002.2,2.7,4.7
2024-07-20 07:25:00+02:00,17.1,17.1,19.3,16.7,98.0,23.1,80.0,42.7,0.0,0.0,0.0,0.0,0.0,5.6,40.3,286.2,0.0,0.0,122.0,1002.1,1002.1,2.7,4.7
2024-07-20 07:30:00+02:00,17.3,17.3,19.7,16.9,98.0,23.1,80.0,44.3,0.0,0.0,0.0,0.0,0.0,5.6,40.3,286.2,0.0,1.8,140.0,1002.1,1002.1,2.7,4.7
2024-07-20 07:35:00+02:00,17.5,17.5,20.0,17.2,98.0,23.1,80.0,45.9,0.0,0.0,0.0,0.0,0.0,5.6,40.3,286.2,0.0,0.0,150.0,1002.2,1002.2,2.7,4.8
2024-07-20 07:40:00+02:00,17.7,17.7,20.1,17.2,97.0,23.1,80.0,47.5,0.0,0.0,0.0,0.0,0.0,5.6,40.3,286.2,0.4,1.8,115.0,1002.2,1002.2,2.7,4.8
2024-07-20 07:45:00+02:00,17.8,17.8,20.4,17.3,97.0,23.2,80.0,49.0,0.0,0.0,0.0,0.0,0.0,5.6,40.3,286.2,0.0,1.8,106.0,1002.1,1002.1,2.7,4.8
2024-07-20 07:50:00+02:00,18.0,18.0,20.6,17.5,97.0,23.2,81.0,50.6,0.0,0.0,0.0,0.0,0.0,5.6,40.3,286.2,0.0,0.0,315.0,1002.2,1002.2,2.7,4.8
2024-07-20 07:55:00+02:00,18.2,18.2,20.7,17.6,97.0,23.2,81.0,51.8,0.0,0.0,0.0,0.0,0.0,5.6,40.3,286.2,0.5,1.8,314.0,1002.1,1002.1,2.7,4.8
2024-07-20 08:00:00+02:00,18.5,18.5,21.2,17.8,95.0,23.2,81.0,53.2,0.0,0.0,0.0,0.0,0.0,5.6,40.3,286.2,0.4,1.8,135.0,1002.1,1002.1,2.7,4.8
2024-07-20 08:05:00+02:00,18.7,18.7,21.0,17.3,92.0,23.2,81.0,54.5,0.0,0.0,0.0,0.0,0.0,5.6,40.3,286.2,0.8,2.5,138.0,1002.1,1002.1,2.7,4.8
2024-07-20 08:10:00+02:00,19.6,19.6,21.6,17.0,85.0,23.3,81.0,55.8,0.0,0.0,0.0,0.0,0.0,5.6,40.3,286.2,1.9,4.0,141.0,1002.1,1002.1,2.7,4.8
2024-07-20 08:15:00+02:00,20.3,20.3,22.3,17.2,82.0,23.3,81.0,57.1,0.0,0.0,0.0,0.0,0.0,5.6,40.3,286.2,2.1,3.2,137.0,1002.1,1002.1,2.7,4.8
2024-07-20 08:20:00+02:00,20.9,20.9,23.0,17.1,79.0,23.3,81.0,58.5,0.0,0.0,0.0,0.0,0.0,5.6,40.3,286.2,1.5,5.0,150.0,1001.9,1001.9,2.7,4.8
2024-07-20 08:25:00+02:00,21.2,21.2,23.2,17.2,78.0,23.4,81.0,60.0,0.0,0.0,0.0,0.0,0.0,5.6,40.3,286.2,2.2,4.3,136.0,1002.1,1002.1,2.7,4.8
2024-07-20 08:30:00+02:00,21.3,21.3,23.9,17.5,79.0,23.4,81.0,150.0,1.0,0.0,0.0,0.0,0.0,5.6,40.3,286.2,0.0,4.3,135.0,1002.0,1002.0,2.7,4.8
2024-07-20 08:35:00+02:00,21.8,21.8,24.4,17.7,77.0,23.5,82.0,157.0,1.0,0.0,0.0,0.0,0.0,5.6,40.3,286.2,0.6,3.2,153.0,1002.0,1002.0,2.7,4.8
2024-07-20 08:40:00+02:00,22.4,22.4,24.7,17.6,74.0,23.5,82.0,167.1,1.0,0.0,0.0,0.0,0.0,5.6,40.3,286.2,1.9,3.2,60.0,1002.0,1002.0,2.7,4.8
2024-07-20 08:45:00+02:00,23.2,23.2,25.9,18.2,74.0,23.6,82.0,179.4,1.0,0.0,0.0,0.0,0.0,5.6,40.3,286.2,0.9,4.0,119.0,1001.9,1001.9,2.7,4.9
2024-07-20 08:50:00+02:00,23.3,23.3,26.0,17.9,72.0,23.7,82.0,193.5,1.0,0.0,0.0,0.0,0.0,5.6,40.3,286.2,0.7,3.2,122.0,1001.9,1001.9,2.7,4.9
2024-07-20 08:55:00+02:00,23.9,23.9,26.6,18.0,70.0,23.8,83.0,207.1,1.0,0.0,0.0,0.0,0.0,5.6,40.3,286.2,0.0,3.2,102.0,1001.9,1001.9,2.7,5.0
2024-07-20 09:00:00+02:00,24.4,24.4,27.0,18.0,67.0,24.0,83.0,228.5,2.0,0.0,0.0,0.0,0.0,5.6,40.3,286.2,0.9,3.2,148.0,1002.0,1002.0,2.7,5.0
2024-07-20 09:05:00+02:00,24.5,24.5,27.1,17.7,66.0,24.2,83.0,260.6,2.0,0.0,0.0,0.0,0.0,5.6,40.3,286.2,0.4,2.9,143.0,1001.8,1001.8,2.7,5.1
2024-07-20 09:10:00+02:00,25.1,25.1,27.7,17.9,64.0,24.4,84.0,276.5,2.0,0.0,0.0,0.0,0.0,5.6,40.3,286.2,1.2,5.0,101.0,1001.9,1001.9,2.7,5.1
2024-07-20 09:15:00+02:00,25.6,25.6,28.2,17.8,62.0,24.7,84.0,292.7,2.0,0.0,0.0,0.0,0.0,5.6,40.3,286.2,0.9,4.3,33.0,1001.8,1001.8,2.7,5.2
2024-07-20 09:20:00+02:00,26.4,26.6,29.3,18.2,60.0,25.0,84.0,307.7,2.0,0.0,0.0,0.0,0.0,5.6,40.3,286.2,0.0,4.3,359.0,1001.7,1001.7,2.7,5.2
2024-07-20 09:25:00+02:00,26.8,27.7,29.4,18.2,59.0,25.2,83.0,320.2,2.0,0.0,0.0,0.0,0.0,5.6,40.3,286.2,1.2,4.7,347.0,1001.8,1001.8,2.7,5.2
2024-07-20 09:30:00+02:00,27.0,28.0,29.5,18.3,59.0,25.5,83.0,331.2,3.0,0.0,0.0,0.0,0.0,5.6,40.3,286.2,2.3,4.7,346.0,1001.7,1001.7,2.7,5.2
2024-07-20 09:35:00+02:00,26.8,27.5,29.2,17.8,58.0,25.8,83.0,339.4,3.0,0.0,0.0,0.0,0.0,5.6,40.3,286.2,1.4,4.7,168.0,1001.7,1001.7,2.7,5.3
2024-07-20 09:40:00+02:00,26.7,27.3,28.6,17.2,56.0,26.2,82.0,346.6,3.0,0.0,0.0,0.0,0.0,5.6,40.3,286.2,2.9,6.1,164.0,1001.7,1001.7,2.7,5.3
2024-07-20 09:45:00+02:00,26.5,26.5,28.7,17.0,56.0,26.4,82.0,350.6,3.0,0.0,0.0,0.0,0.0,5.6,40.3,286.2,0.7,5.4,162.0,1001.7,1001.7,2.7,5.3
2024-07-20 09:50:00+02:00,27.4,28.1,29.5,17.4,55.0,26.7,82.0,354.5,3.0,0.0,0.0,0.0,0.0,5.6,40.3,286.2,2.4,6.5,341.0,1001.6,1001.6,2.7,5.3
2024-07-20 09:55:00+02:00,27.3,28.0,29.0,17.3,54.0,27.0,81.0,359.8,3.0,0.0,0.0,0.0,0.0,5.6,40.3,286.2,4.1,5.8,156.0,1001.6,1001.6,2.7,5.3
2024-07-20 10:00:00+02:00,26.9,27.6,28.9,16.9,54.0,27.3,81.0,363.2,3.0,0.0,0.0,0.0,0.0,5.6,40.3,286.2,1.9,5.8,178.0,1001.5,1001.5,2.7,5.3
2024-07-20 10:05:00+02:00,27.9,28.7,30.3,17.6,53.0,27.5,80.0,368.9,3.0,0.0,0.0,0.0,0.0,5.6,40.3,286.2,1.1,5.0,326.0,1001.5,1001.5,2.7,5.3
2024-07-20 10:10:00+02:00,27.9,28.4,29.8,16.9,51.0,27.8,80.0,377.6,3.0,0.0,0.0,0.0,0.0,5.6,40.3,286.2,1.9,7.2,162.0,1001.4,1001.4,2.7,5.3
2024-07-20 10:15:00+02:00,28.3,28.8,30.3,16.7,49.0,28.1,79.0,382.8,3.0,0.0,0.0,0.0,0.0,5.6,40.3,286.2,1.2,5.4,356.0,1001.3,1001.3,2.7,5.3
2024-07-20 10:20:00+02:00,28.3,28.8,30.2,17.0,50.0,28.4,79.0,389.7,3.0,0.0,0.0,0.0,0.0,5.6,40.3,286.2,2.7,7.2,180.0,1001.4,1001.4,2.7,5.3
2024-07-20 10:25:00+02:00,28.1,28.6,29.9,16.7,50.0,28.6,78.0,398.5,3.0,0.0,0.0,0.0,0.0,5.6,40.3,286.2,2.7,7.6,173.0,1001.4,1001.4,2.7,5.3
2024-07-20 10:30:00+02:00,28.6,29.0,30.3,16.5,48.0,28.9,78.0,406.5,3.0,0.0,0.0,0.0,0.0,5.6,40.3,286.2,2.6,6.1,344.0,1001.2,1001.2,2.7,5.3
2024-07-20 10:35:00+02:00,28.6,29.0,30.4,16.6,48.0,29.1,77.0,414.4,3.0,0.0,0.0,0.0,0.0,5.6,40.3,286.2,2.6,7.9,139.0,1001.3,1001.3,2.7,5.3
2024-07-20 10:40:00+02:00,29.2,29.5,30.8,16.6,47.0,29.4,77.0,422.2,3.0,0.0,0.0,0.0,0.0,5.6,40.3,286.2,2.9,6.1,215.0,1001.2,1001.2,2.7,5.3
2024-07-20 10:45:00+02:00,28.5,29.0,30.4,16.8,49.0,29.6,76.0,430.9,4.0,0.0,0.0,0.0,0.0,5.6,40.3,286.2,1.9,6.8,68.0,1001.2,1001.2,2.7,5.3
2024-07-20 10:50:00+02:00,28.9,29.5,31.0,17.1,49.0,29.8,76.0,439.4,4.0,0.0,0.0,0.0,0.0,5.6,40.3,286.2,1.9,7.2,194.0,1001.1,1001.1,2.7,5.3
2024-07-20 10:55:00+02:00,29.1,30.0,31.5,18.1,52.0,30.1,76.0,447.3,4.0,0.0,0.0,0.0,0.0,5.6,40.3,286.2,1.7,5.8,150.0,1001.1,1001.1,2.7,5.3
2024-07-20 11:00:00+02:00,29.5,30.1,31.6,17.6,49.0,30.3,76.0,453.4,4.0,0.0,0.0,0.0,0.0,5.6,40.3,286.2,2.7,5.0,324.0,1001.1,1001.1,2.7,5.3
2024-07-20 11:05:00+02:00,29.7,30.4,31.9,17.6,48.0,30.5,76.0,460.5,4.0,0.0,0.0,0.0,0.0,5.6,40.3,286.2,2.2,4.7,167.0,1001.1,1001.1,2.7,5.3
2024-07-20 11:10:00+02:00,29.7,30.4,31.6,17.7,48.0,30.8,76.0,467.6,4.0,0.0,0.0,0.0,0.0,5.6,40.3,286.2,4.2,11.5,163.0,1001.1,1001.1,2.7,5.3
2024-07-20 11:15:00+02:00,28.7,29.5,30.8,17.9,52.0,31.1,75.0,472.3,4.0,0.0,0.0,0.0,0.0,5.6,40.3,286.2,3.4,13.0,158.0,1001.0,1001.0,2.7,5.3
2024-07-20 11:20:00+02:00,29.6,30.3,31.9,17.7,49.0,31.3,75.0,482.2,4.0,0.0,0.0,0.0,0.0,5.6,40.3,286.2,1.7,8.3,160.0,1001.0,1001.0,2.7,5.3
2024-07-20 11:25:00+02:00,28.8,29.7,30.8,18.1,52.0,31.6,75.0,487.9,4.0,0.0,0.0,0.0,0.0,5.6,40.3,286.2,4.2,13.3,110.0,1000.8,1000.8,2.7,5.3
2024-07-20 11:30:00+02:00,28.8,29.6,31.3,17.8,51.0,31.8,74.0,496.5,4.0,0.0,0.0,0.0,0.0,5.6,40.3,286.2,1.1,7.2,53.0,1000.9,1000.9,2.7,5.3
2024-07-20 11:35:00+02:00,29.2,29.8,31.3,17.4,49.0,32.1,74.0,498.1,4.0,0.0,0.0,0.0,0.0,5.6,40.3,286.2,2.2,10.4,130.0,1000.8,1000.8,2.7,5.3
2024-07-20 11:40:00+02:00,30.0,30.9,32.5,18.0,48.0,32.3,74.0,511.5,4.0,0.0,0.0,0.0,0.0,5.6,40.3,286.2,1.8,6.5,172.0,1000.7,1000.7,2.7,5.3
2024-07-20 11:45:00+02:00,29.7,30.4,31.3,17.7,48.0,32.6,74.0,517.6,4.0,0.0,0.0,0.0,0.0,5.6,40.3,286.2,5.5,13.0,120.0,1000.6,1000.6,2.7,5.3
2024-07-20 11:50:00+02:00,29.6,30.2,31.4,17.3,48.0,32.8,73.0,519.8,4.0,0.0,0.0,0.0,0.0,5.6,40.3,286.2,3.5,7.2,288.0,1000.6,1000.6,2.7,5.3
2024-07-20 11:55:00+02:00,29.8,30.3,31.2,17.3,47.0,33.1,73.0,525.9,4.0,0.0,0.0,0.0,0.0,5.6,40.3,286.2,5.5,13.3,159.0,1000.5,1000.5,2.7,5.3
2024-07-20 12:00:00+02:00,29.2,29.8,30.2,17.6,50.0,33.3,73.0,531.1,4.0,0.0,0.0,0.0,0.0,5.6,40.3,286.2,8.0,13.7,128.0,1000.4,1000.4,2.7,5.3
2024-07-20 12:05:00+02:00,29.1,29.7,31.0,17.4,49.0,33.5,73.0,539.9,5.0,0.0,0.0,0.0,0.0,5.6,40.3,286.2,3.3,11.2,168.0,1000.4,1000.4,2.7,5.3
2024-07-20 12:10:00+02:00,30.0,30.8,31.8,17.9,48.0,33.7,73.0,539.9,5.0,0.0,0.0,0.0,0.0,5.6,40.3,286.2,4.6,14.0,192.0,1000.3,1000.3,2.7,5.3
2024-07-20 12:15:00+02:00,30.2,30.9,32.2,17.7,47.0,33.8,72.0,544.1,5.0,0.0,0.0,0.0,0.0,5.6,40.3,286.2,3.7,14.0,132.0,1000.2,1000.2,2.7,5.3
2024-07-20 12:20:00+02:00,30.2,31.0,32.2,17.8,48.0,34.0,72.0,547.0,5.0,0.0,0.0,0.0,0.0,5.6,40.3,286.2,3.9,9.0,127.0,1000.2,1000.2,2.7,5.3
2024-07-20 12:25:00+02:00,30.8,31.4,32.1,17.6,45.0,34.2,72.0,559.1,5.0,0.0,0.0,0.0,0.0,5.6,40.3,286.2,6.5,15.1,113.0,1000.1,1000.1,2.7,5.3
2024-07-20 12:30:00+02:00,30.0,30.7,31.4,17.7,48.0,34.4,72.0,559.4,5.0,0.0,0.0,0.0,0.0,5.6,40.3,286.2,6.3,11.9,143.0,1000.0,1000.0,2.7,5.3
2024-07-20 12:35:00+02:00,30.3,31.0,31.7,17.7,47.0,34.7,72.0,562.8,5.0,0.0,0.0,0.0,0.0,5.6,40.3,286.2,6.1,10.4,111.0,1000.0,1000.0,2.7,5.3
2024-07-20 12:40:00+02:00,30.5,31.0,31.6,17.2,45.0,34.8,71.0,575.6,5.0,0.0,0.0,0.0,0.0,5.6,40.3,286.2,7.1,18.7,115.0,999.9,999.9,2.7,5.3
2024-07-20 12:45:00+02:00,30.0,30.5,31.2,17.2,46.0,34.9,71.0,584.2,5.0,0.0,0.0,0.0,0.0,5.6,40.3,286.2,6.2,13.3,147.0,999.9,999.9,2.7,5.3
2024-07-20 12:50:00+02:00,30.1,30.6,30.8,17.2,46.0,35.1,71.0,589.0,5.0,0.0,0.0,0.0,0.0,5.6,40.3,286.2,8.8,14.4,134.0,999.8,999.8,2.7,5.3
2024-07-20 12:55:00+02:00,30.3,30.9,32.1,17.5,46.0,35.3,71.0,603.4,5.0,0.0,0.0,0.0,0.0,5.6,40.3,286.2,3.8,12.6,154.0,999.8,999.8,2.7,5.3
2024-07-20 13:00:00+02:00,30.7,31.1,31.9,17.1,44.0,35.4,71.0,613.2,5.0,0.0,0.0,0.0,0.0,5.6,40.3,286.2,6.1,10.4,120.0,999.8,999.8,2.7,5.3
2024-07-20 13:05:00+02:00,30.7,31.2,32.1,17.3,45.0,35.5,71.0,614.7,5.0,0.0,0.0,0.0,0.0,5.6,40.3,286.2,5.2,10.8,142.0,999.6,999.6,2.7,5.3
2024-07-20 13:10:00+02:00,31.0,31.7,32.5,17.5,44.0,35.7,70.0,620.0,5.0,0.0,0.0,0.0,0.0,5.6,40.3,286.2,5.8,11.9,168.0,999.6,999.6,2.7,5.3
2024-07-20 13:15:00+02:00,30.6,31.1,32.3,17.3,45.0,35.8,70.0,630.5,5.0,0.0,0.0,0.0,0.0,5.6,40.3,286.2,4.0,18.4,138.0,999.7,999.7,2.68,5.3
2024-07-20 13:20:00+02:00,31.2,32.1,33.2,18.0,45.0,36.0,70.0,642.8,5.0,0.0,0.0,0.0,0.0,5.6,40.3,286.2,4.1,9.4,147.0,999.6,999.6,2.68,5.3
2024-07-20 13:25:00+02:00,30.6,30.9,31.9,16.9,44.0,36.1,70.0,171.0,1.0,0.0,0.0,0.0,0.0,5.6,40.3,286.2,5.0,13.3,149.0,999.5,999.5,2.68,5.3
2024-07-20 13:30:00+02:00,30.1,30.5,31.8,17.0,45.0,36.2,70.0,641.5,5.0,0.0,0.0,0.0,0.0,5.6,40.3,286.2,3.5,14.8,153.0,999.5,999.5,2.68,5.3
2024-07-20 13:35:00+02:00,31.3,31.7,32.9,17.1,43.0,36.3,70.0,632.2,5.0,0.0,0.0,0.0,0.0,5.6,40.3,286.2,4.2,9.0,241.0,999.4,999.4,2.7,5.3
2024-07-20 13:40:00+02:00,31.3,31.9,33.0,17.4,44.0,36.4,71.0,676.6,6.0,0.0,0.0,0.0,0.0,5.6,40.3,286.2,4.2,13.7,140.0,999.4,999.4,2.7,5.3
2024-07-20 13:45:00+02:00,31.1,31.7,33.2,17.5,44.0,36.5,70.0,708.9,6.0,0.0,0.0,0.0,0.0,5.6,40.3,286.2,2.3,13.7,132.0,999.4,999.4,2.68,5.3
2024-07-20 13:50:00+02:00,31.0,31.5,32.0,17.3,44.0,36.6,71.0,677.0,6.0,0.0,0.0,0.0,0.0,5.6,40.3,286.2,7.7,16.9,141.0,999.3,999.3,2.68,5.3
2024-07-20 13:55:00+02:00,31.5,31.9,33.5,17.1,42.0,36.7,71.0,678.0,6.0,0.0,0.0,0.0,0.0,5.6,40.3,286.2,1.8,14.4,170.0,999.3,999.3,2.68,5.3
2024-07-20 14:00:00+02:00,30.8,31.1,32.4,16.9,43.0,36.8,72.0,580.0,5.0,0.0,0.0,0.0,0.0,5.6,40.3,286.2,3.7,14.4,152.0,999.3,999.3,2.68,5.3
2024-07-20 14:05:00+02:00,31.7,32.1,33.7,17.0,41.0,36.8,73.0,708.4,6.0,0.0,0.0,0.0,0.0,5.6,40.3,286.2,2.0,6.5,337.0,999.1,999.1,2.68,5.3
2024-07-20 14:10:00+02:00,32.2,32.7,33.6,17.0,40.0,36.9,73.0,665.3,6.0,0.0,0.0,0.0,0.0,5.6,40.3,286.2,5.5,15.1,155.0,999.2,999.2,2.68,5.3
2024-07-20 14:15:00+02:00,31.4,31.7,32.9,16.8,42.0,37.0,73.0,647.4,6.0,0.0,0.0,0.0,0.0,5.6,40.3,286.2,3.8,13.0,114.0,999.2,999.2,2.68,5.3
2024-07-20 14:20:00+02:00,31.0,31.2,31.2,16.4,41.0,37.0,73.0,620.9,5.0,0.0,0.0,0.0,0.0,5.6,40.3,286.2,9.7,19.4,142.0,999.1,999.1,2.68,5.3
2024-07-20 14:25:00+02:00,30.9,31.0,31.4,16.3,41.0,37.1,73.0,614.3,5.0,0.0,0.0,0.0,0.0,5.6,40.3,286.2,8.3,15.8,133.0,999.1,999.1,2.68,5.3
2024-07-20 14:30:00+02:00,31.2,31.3,32.0,16.4,41.0,37.1,73.0,605.0,5.0,0.0,0.0,0.0,0.0,5.6,40.3,286.2,6.6,13.0,129.0,999.1,999.1,2.68,5.3
2024-07-20 14:35:00+02:00,31.8,32.3,33.7,17.0,41.0,37.2,73.0,596.0,5.0,0.0,0.0,0.0,0.0,5.6,40.3,286.2,2.5,9.4,150.0,999.0,999.0,2.68,5.3
2024-07-20 14:40:00+02:00,32.2,32.3,33.6,16.5,39.0,37.2,74.0,593.7,5.0,0.0,0.0,0.0,0.0,5.6,40.3,286.2,3.2,11.2,119.0,998.9,998.9,2.68,5.3
2024-07-20 14:45:00+02:00,32.0,32.2,33.2,16.6,40.0,37.3,74.0,590.5,5.0,0.0,0.0,0.0,0.0,5.6,40.3,286.2,5.0,16.2,131.0,998.9,998.9,2.68,5.3
2024-07-20 14:50:00+02:00,32.4,32.7,33.8,16.5,39.0,37.3,74.0,589.2,5.0,0.0,0.0,0.0,0.0,5.6,40.3,286.2,4.5,10.1,200.0,998.8,998.8,2.68,5.3
2024-07-20 14:55:00+02:00,33.5,33.9,35.0,16.8,37.0,37.4,74.0,587.0,5.0,0.0,0.0,0.0,0.0,5.6,40.3,286.2,4.0,9.0,255.0,998.7,998.7,2.68,5.3
2024-07-20 15:00:00+02:00,34.2,34.6,35.8,16.7,35.0,37.4,74.0,569.6,5.0,0.0,0.0,0.0,0.0,5.6,40.3,286.2,3.5,7.2,236.0,998.7,998.7,2.68,5.3
2024-07-20 15:05:00+02:00,34.5,34.7,35.9,16.6,35.0,37.5,74.0,579.3,5.0,0.0,0.0,0.0,0.0,5.6,40.3,286.2,4.0,7.2,252.0,998.6,998.6,2.68,5.3
2024-07-20 15:10:00+02:00,34.0,34.3,35.6,16.5,35.0,37.5,74.0,575.9,5.0,0.0,0.0,0.0,0.0,5.6,40.3,286.2,2.9,9.4,170.0,998.5,998.5,2.68,5.3
2024-07-20 15:15:00+02:00,33.3,33.8,34.5,16.8,37.0,37.6,74.0,578.6,5.0,0.0,0.0,0.0,0.0,5.6,40.3,286.2,5.6,11.5,139.0,998.5,998.5,2.68,5.3
2024-07-20 15:20:00+02:00,32.4,32.6,33.8,16.5,39.0,37.6,74.0,576.8,5.0,0.0,0.0,0.0,0.0,5.6,40.3,286.2,3.7,9.7,147.0,998.5,998.5,2.68,5.3
2024-07-20 15:25:00+02:00,32.1,32.1,33.1,16.1,38.0,37.6,74.0,570.5,5.0,0.0,0.0,0.0,0.0,5.6,40.3,286.2,5.0,13.3,122.0,998.4,998.4,2.68,5.3
2024-07-20 15:30:00+02:00,31.8,31.9,33.4,16.2,39.0,37.6,75.0,569.6,5.0,0.0,0.0,0.0,0.0,5.6,40.3,286.2,2.5,13.3,115.0,998.3,998.3,2.68,5.3
2024-07-20 15:35:00+02:00,32.2,32.6,33.3,16.9,40.0,37.6,75.0,566.8,5.0,0.0,0.0,0.0,0.0,5.6,40.3,286.2,6.2,13.7,139.0,998.3,998.3,2.68,5.3
2024-07-20 15:40:00+02:00,31.9,32.0,33.4,16.3,39.0,37.6,75.0,561.2,5.0,0.0,0.0,0.0,0.0,5.6,40.3,286.2,3.2,11.9,145.0,998.2,998.2,2.68,5.3
2024-07-20 15:45:00+02:00,32.5,32.8,33.9,16.4,38.0,37.6,75.0,562.4,5.0,0.0,0.0,0.0,0.0,5.6,40.3,286.2,4.0,12.6,207.0,998.2,998.2,2.68,5.3
2024-07-20 15:50:00+02:00,32.8,33.1,34.0,16.7,38.0,37.7,75.0,531.8,4.0,0.0,0.0,0.0,0.0,5.6,40.3,286.2,5.1,10.1,132.0,998.2,998.2,2.68,5.3
2024-07-20 15:55:00+02:00,31.8,31.6,32.8,15.6,38.0,37.7,75.0,531.6,4.0,0.0,0.0,0.0,0.0,5.6,40.3,286.2,4.2,13.0,137.0,998.1,998.1,2.68,5.3
2024-07-20 16:00:00+02:00,32.4,32.3,33.6,15.7,37.0,37.7,76.0,531.6,4.0,0.0,0.0,0.0,0.0,5.6,40.3,286.2,3.4,9.4,119.0,998.2,998.2,2.68,5.3
2024-07-20 16:05:00+02:00,32.9,32.9,34.0,15.4,35.0,37.7,76.0,520.4,4.0,0.0,0.0,0.0,0.0,5.6,40.3,286.2,3.4,14.0,186.0,998.1,998.1,2.68,5.3
2024-07-20 16:10:00+02:00,33.4,33.4,34.5,15.5,34.0,37.7,76.0,513.2,4.0,0.0,0.0,0.0,0.0,5.6,40.3,286.2,3.9,9.0,195.0,998.0,998.0,2.68,5.3
2024-07-20 16:15:00+02:00,33.6,33.7,35.4,15.8,34.0,37.7,76.0,507.9,4.0,0.0,0.0,0.0,0.0,5.6,40.3,286.2,0.6,5.4,305.0,997.9,997.9,2.68,5.3
2024-07-20 16:20:00+02:00,34.1,34.4,35.5,16.4,35.0,37.7,76.0,497.6,4.0,0.0,0.0,0.0,0.0,5.6,40.3,286.2,4.0,7.9,179.0,997.9,997.9,2.68,5.3
2024-07-20 16:25:00+02:00,34.1,34.3,36.2,16.2,34.0,37.7,76.0,486.4,4.0,0.0,0.0,0.0,0.0,5.6,40.3,286.2,0.0,5.0,207.0,997.8,997.8,2.68,5.3
2024-07-20 16:30:00+02:00,34.3,34.3,35.7,16.0,34.0,37.7,76.0,488.1,4.0,0.0,0.0,0.0,0.0,5.6,40.3,286.2,2.7,8.6,204.0,997.8,997.8,2.68,5.3
2024-07-20 16:35:00+02:00,33.7,34.0,34.9,16.5,36.0,37.7,77.0,473.8,4.0,0.0,0.0,0.0,0.0,5.6,40.3,286.2,4.5,13.0,136.0,997.7,997.7,2.68,5.3
2024-07-20 16:40:00+02:00,32.3,32.1,32.8,15.5,36.0,37.8,77.0,473.7,4.0,0.0,0.0,0.0,0.0,5.6,40.3,286.2,6.8,13.3,127.0,997.7,997.7,2.68,5.3
2024-07-20 16:45:00+02:00,32.2,32.1,33.5,15.6,37.0,37.8,77.0,468.4,4.0,0.0,0.0,0.0,0.0,5.6,40.3,286.2,2.5,13.3,152.0,997.7,997.7,2.68,5.3
2024-07-20 16:50:00+02:00,33.6,33.7,34.8,16.0,35.0,37.7,77.0,454.9,4.0,0.0,0.0,0.0,0.0,5.6,40.3,286.2,3.5,7.2,190.0,997.6,997.6,2.68,5.3
2024-07-20 16:55:00+02:00,33.9,33.9,35.2,15.4,33.0,37.8,77.0,447.0,4.0,0.0,0.0,0.0,0.0,5.6,40.3,286.2,2.6,8.3,222.0,997.6,997.6,2.68,5.3
2024-07-20 17:00:00+02:00,33.5,33.4,34.2,15.1,33.0,37.8,77.0,429.0,3.0,0.0,0.0,0.0,0.0,5.6,40.3,286.2,4.5,10.1,116.0,997.6,997.6,2.68,5.3
2024-07-20 17:05:00+02:00,33.8,33.8,35.1,15.0,33.0,37.8,77.0,414.1,3.0,0.0,0.0,0.0,0.0,5.6,40.3,286.2,1.4,5.0,274.0,997.6,997.6,2.68,5.3
2024-07-20 17:10:00+02:00,34.5,34.5,35.8,14.9,31.0,37.8,78.0,399.1,3.0,0.0,0.0,0.0,0.0,5.6,40.3,286.2,1.2,5.8,246.0,997.6,997.6,2.68,5.3
2024-07-20 17:15:00+02:00,33.8,33.8,34.8,14.7,32.0,37.8,78.0,378.0,3.0,0.0,0.0,0.0,0.0,5.6,40.3,286.2,2.7,8.3,155.0,997.5,997.5,2.68,5.3
2024-07-20 17:20:00+02:00,32.7,32.7,33.6,14.9,34.0,37.8,78.0,375.9,3.0,0.0,0.0,0.0,0.0,5.6,40.3,286.2,3.6,9.4,150.0,997.4,997.4,2.68,5.3
2024-07-20 17:25:00+02:00,32.7,32.6,33.9,15.1,35.0,37.8,78.0,361.8,3.0,0.0,0.0,0.0,0.0,5.6,40.3,286.2,2.3,4.3,163.0,997.2,997.2,2.68,5.3
2024-07-20 17:30:00+02:00,33.1,33.1,34.3,14.6,33.0,37.7,78.0,343.8,3.0,0.0,0.0,0.0,0.0,5.6,40.3,286.2,1.4,7.6,289.0,997.2,997.2,2.68,5.3
2024-07-20 17:35:00+02:00,33.4,33.6,35.4,16.2,36.0,37.7,78.0,343.6,3.0,0.0,0.0,0.0,0.0,5.6,40.3,286.2,0.4,5.0,179.0,997.2,997.2,2.68,5.3
2024-07-20 17:40:00+02:00,33.7,33.7,34.9,15.4,33.0,37.7,78.0,329.4,3.0,0.0,0.0,0.0,0.0,5.6,40.3,286.2,3.2,7.2,267.0,997.1,997.1,2.68,5.3
2024-07-20 17:45:00+02:00,34.1,34.1,35.3,15.2,32.0,37.7,78.0,316.6,2.0,0.0,0.0,0.0,0.0,5.6,40.3,286.2,2.3,6.1,140.0,997.0,997.0,2.68,5.3
2024-07-20 17:50:00+02:00,33.2,33.2,34.6,14.9,33.0,37.6,78.0,300.0,2.0,0.0,0.0,0.0,0.0,5.6,40.3,286.2,0.9,6.8,148.0,996.9,996.9,2.68,5.3
2024-07-20 17:55:00+02:00,32.4,32.3,32.8,14.6,34.0,37.6,78.0,290.9,2.0,0.0,0.0,0.0,0.0,5.6,40.3,286.2,5.0,10.1,139.0,997.0,997.0,2.68,5.3
2024-07-20 18:00:00+02:00,31.6,31.3,31.7,14.2,35.0,37.5,78.0,271.6,2.0,0.0,0.0,0.0,0.0,5.6,40.3,286.2,6.4,14.8,141.0,996.9,996.9,2.68,5.3
2024-07-20 18:05:00+02:00,31.4,31.0,31.9,13.9,35.0,37.4,78.0,246.2,2.0,0.0,0.0,0.0,0.0,5.6,40.3,286.2,3.5,9.4,135.0,996.9,996.9,2.68,5.3
2024-07-20 18:10:00+02:00,31.7,31.6,32.9,14.4,35.0,37.4,78.0,200.6,1.0,0.0,0.0,0.0,0.0,5.6,40.3,286.2,1.2,3.6,137.0,996.8,996.8,2.68,5.3
2024-07-20 18:15:00+02:00,31.5,31.0,32.6,14.2,35.0,37.3,78.0,78.8,0.0,0.0,0.0,0.0,0.0,5.6,40.3,286.2,1.2,3.6,204.0,996.8,996.8,2.7,5.3
2024-07-20 18:20:00+02:00,31.3,30.9,32.7,15.0,37.0,37.2,78.0,75.3,0.0,0.0,0.0,0.0,0.0,5.6,40.3,286.2,0.6,3.6,133.0,996.8,996.8,2.7,5.3
2024-07-20 18:25:00+02:00,31.0,31.0,32.9,16.2,41.0,37.2,78.0,72.4,0.0,0.0,0.0,0.0,0.0,5.6,40.3,286.2,0.7,2.9,163.0,996.8,996.8,2.7,5.3
2024-07-20 18:30:00+02:00,30.7,30.7,32.6,15.9,41.0,37.1,78.0,81.9,0.0,0.0,0.0,0.0,0.0,5.6,40.3,286.2,0.4,2.5,186.0,996.7,996.7,2.7,5.3
2024-07-20 18:35:00+02:00,30.8,30.4,32.3,15.0,38.0,37.0,78.0,83.7,0.0,0.0,0.0,0.0,0.0,5.6,40.3,286.2,0.4,2.5,185.0,996.8,996.8,2.7,5.3
2024-07-20 18:40:00+02:00,30.7,31.0,32.9,16.8,43.0,36.9,78.0,89.0,0.0,0.0,0.0,0.0,0.0,5.6,40.3,286.2,0.4,2.5,183.0,996.7,996.7,2.7,5.3
2024-07-20 18:45:00+02:00,30.1,30.7,32.5,17.3,46.0,36.8,79.0,94.3,0.0,0.0,0.0,0.0,0.0,5.6,40.3,286.2,0.7,2.5,177.0,996.6,996.6,2.7,5.3
2024-07-20 18:50:00+02:00,30.1,30.0,31.9,15.4,41.0,36.7,79.0,99.7,0.0,0.0,0.0,0.0,0.0,5.6,40.3,286.2,0.0,2.2,212.0,996.6,996.6,2.7,5.3
2024-07-20 18:55:00+02:00,30.4,30.9,32.9,17.2,45.0,36.7,79.0,96.0,0.0,0.0,0.0,0.0,0.0,5.6,40.3,286.2,0.0,2.2,218.0,996.6,996.6,2.7,5.3
2024-07-20 19:00:00+02:00,30.2,30.4,32.4,16.6,44.0,36.6,79.0,95.7,0.0,0.0,0.0,0.0,0.0,5.6,40.3,286.2,0.0,2.5,190.0,996.6,996.6,2.7,5.3
2024-07-20 19:05:00+02:00,30.1,30.3,32.2,16.3,43.0,36.6,79.0,92.8,0.0,0.0,0.0,0.0,0.0,5.6,40.3,286.2,0.0,2.2,196.0,996.6,996.6,2.7,5.3
2024-07-20 19:10:00+02:00,30.2,30.5,32.4,17.0,45.0,36.5,79.0,94.2,0.0,0.0,0.0,0.0,0.0,5.6,40.3,286.2,0.7,2.5,212.0,996.7,996.7,2.7,5.3
2024-07-20 19:15:00+02:00,30.0,30.6,32.5,17.3,46.0,36.4,79.0,93.8,0.0,0.0,0.0,0.0,0.0,5.6,40.3,286.2,0.4,2.5,191.0,996.7,996.7,2.7,5.3
2024-07-20 19:20:00+02:00,29.9,30.5,32.5,17.5,47.0,36.3,79.0,76.6,0.0,0.0,0.0,0.0,0.0,5.6,40.3,286.2,0.0,1.8,186.0,996.7,996.7,2.7,5.3
2024-07-20 19:25:00+02:00,29.8,30.1,32.0,16.8,46.0,36.3,79.0,71.7,0.0,0.0,0.0,0.0,0.0,5.6,40.3,286.2,0.4,2.2,196.0,996.6,996.6,2.7,5.3
2024-07-20 19:30:00+02:00,29.7,30.1,32.0,17.1,47.0,36.2,79.0,68.1,0.0,0.0,0.0,0.0,0.0,5.6,40.3,286.2,0.4,2.5,254.0,996.6,996.6,2.7,5.3
2024-07-20 19:35:00+02:00,29.6,30.0,32.0,17.0,47.0,36.2,79.0,64.4,0.0,0.0,0.0,0.0,0.0,5.6,40.3,286.2,0.0,2.2,192.0,996.7,996.7,2.7,5.3
2024-07-20 19:40:00+02:00,29.2,29.9,31.8,17.7,50.0,36.1,79.0,60.4,0.0,0.0,0.0,0.0,0.0,5.6,40.3,286.2,0.0,1.8,182.0,996.6,996.6,2.7,5.3
2024-07-20 19:45:00+02:00,28.8,29.5,31.4,17.5,50.0,36.0,79.0,57.5,0.0,0.0,0.0,0.0,0.0,5.6,40.3,286.2,0.0,2.5,186.0,996.7,996.7,2.7,5.3
2024-07-20 19:50:00+02:00,28.8,29.4,31.4,17.6,51.0,35.9,79.0,55.5,0.0,0.0,0.0,0.0,0.0,5.6,40.3,286.2,0.0,1.8,221.0,996.5,996.5,2.7,5.3
2024-07-20 19:55:00+02:00,28.6,29.4,31.3,17.8,52.0,35.8,79.0,51.5,0.0,0.0,0.0,0.0,0.0,5.6,40.3,286.2,0.0,1.8,176.0,996.6,996.6,2.7,5.3
2024-07-20 20:00:00+02:00,28.1,29.1,31.0,18.4,55.0,35.7,79.0,47.6,0.0,0.0,0.0,0.0,0.0,5.6,40.3,286.2,0.4,1.8,136.0,996.6,996.6,2.7,5.3
2024-07-20 20:05:00+02:00,27.8,28.8,30.7,18.4,56.0,35.7,79.0,43.8,0.0,0.0,0.0,0.0,0.0,5.6,40.3,286.2,0.4,2.5,134.0,996.6,996.6,2.7,5.3
2024-07-20 20:10:00+02:00,27.6,28.7,30.3,18.5,58.0,35.6,79.0,40.0,0.0,0.0,0.0,0.0,0.0,5.6,40.3,286.2,1.4,2.5,135.0,996.6,996.6,2.7,5.3
2024-07-20 20:15:00+02:00,27.4,28.4,30.2,18.5,58.0,35.5,79.0,36.8,0.0,0.0,0.0,0.0,0.0,5.6,40.3,286.2,1.2,2.5,147.0,996.7,996.7,2.7,5.3
2024-07-20 20:20:00+02:00,27.2,28.4,30.3,18.7,60.0,35.4,79.0,33.2,0.0,0.0,0.0,0.0,0.0,5.6,40.3,286.2,0.4,2.5,146.0,996.6,996.6,2.7,5.3
2024-07-20 20:25:00+02:00,27.1,28.2,30.1,18.6,60.0,35.3,79.0,30.4,0.0,0.0,0.0,0.0,0.0,5.6,40.3,286.2,0.4,2.5,150.0,996.6,996.6,2.7,5.3
2024-07-20 20:30:00+02:00,26.9,28.1,30.1,18.9,62.0,35.2,79.0,27.8,0.0,0.0,0.0,0.0,0.0,5.6,40.3,286.2,0.0,2.2,156.0,996.7,996.7,2.7,5.3
2024-07-20 20:35:00+02:00,26.8,27.9,30.0,18.9,62.0,35.1,79.0,24.9,0.0,0.0,0.0,0.0,0.0,5.6,40.3,286.2,0.0,0.0,225.0,996.6,996.6,2.7,5.3
2024-07-20 20:40:00+02:00,26.7,27.1,29.9,19.0,63.0,35.0,79.0,21.2,0.0,0.0,0.0,0.0,0.0,5.6,40.3,286.2,0.0,0.0,224.0,996.5,996.5,2.7,5.3
2024-07-20 20:45:00+02:00,26.4,26.4,29.6,18.9,64.0,34.9,79.0,16.6,0.0,0.0,0.0,0.0,0.0,5.6,40.3,286.2,0.0,0.0,224.0,996.4,996.4,2.7,5.2
2024-07-20 20:50:00+02:00,26.2,26.2,29.5,19.1,65.0,34.8,79.0,12.8,0.0,0.0,0.0,0.0,0.0,5.6,40.3,286.2,0.0,0.0,220.0,996.5,996.5,2.7,5.2
2024-07-20 20:55:00+02:00,25.9,25.9,29.1,18.9,65.0,34.7,79.0,10.2,0.0,0.0,0.0,0.0,0.0,5.6,40.3,286.2,0.0,0.0,141.0,996.6,996.6,2.7,5.2
2024-07-20 21:00:00+02:00,25.7,25.7,28.9,19.1,67.0,34.7,79.0,8.6,0.0,0.0,0.0,0.0,0.0,5.6,40.3,286.2,0.0,1.8,149.0,996.5,996.5,2.7,5.2
2024-07-20 21:05:00+02:00,25.5,25.5,28.5,18.9,67.0,34.6,79.0,7.1,0.0,0.0,0.0,0.0,0.0,5.6,40.3,286.2,0.7,2.2,155.0,996.7,996.7,2.7,5.2
2024-07-20 21:10:00+02:00,25.4,25.4,28.5,18.9,68.0,34.5,79.0,5.0,0.0,0.0,0.0,0.0,0.0,5.6,40.3,286.2,0.5,2.2,150.0,996.7,996.7,2.7,5.2
2024-07-20 21:15:00+02:00,25.4,25.4,28.7,19.3,69.0,34.4,79.0,3.5,0.0,0.0,0.0,0.0,0.0,5.6,40.3,286.2,0.0,0.0,141.0,996.6,996.6,2.7,5.2
2024-07-20 21:20:00+02:00,25.3,25.3,28.5,18.9,68.0,34.3,79.0,2.1,0.0,0.0,0.0,0.0,0.0,5.6,40.3,286.2,0.0,1.8,148.0,996.5,996.5,2.7,5.2
2024-07-20 21:25:00+02:00,25.2,25.2,28.4,19.1,69.0,34.2,79.0,1.5,0.0,0.0,0.0,0.0,0.0,5.6,40.3,286.2,0.4,2.2,152.0,996.6,996.6,2.7,5.2
2024-07-20 21:30:00+02:00,25.1,25.1,27.3,18.5,67.0,34.1,79.0,0.9,0.0,0.0,0.0,0.0,0.0,5.6,40.3,286.2,4.3,15.8,150.0,996.9,996.9,2.7,5.2
2024-07-20 21:35:00+02:00,26.3,26.3,27.9,17.9,60.0,34.0,79.0,0.4,0.0,0.0,0.0,0.0,0.0,5.6,40.3,286.2,6.0,16.9,136.0,997.3,997.3,2.7,5.2
2024-07-20 21:40:00+02:00,26.2,26.2,28.4,18.1,61.0,33.9,79.0,0.4,0.0,0.0,0.0,0.0,0.0,5.6,40.3,286.2,3.3,13.0,152.0,997.6,997.6,2.7,5.2
2024-07-20 21:45:00+02:00,26.0,26.0,28.0,17.8,61.0,33.8,79.0,0.4,0.0,0.0,0.0,0.0,0.0,5.6,40.3,286.2,3.2,13.3,115.0,997.6,997.6,2.7,5.2
2024-07-20 21:50:00+02:00,25.7,25.7,27.5,17.8,62.0,33.6,79.0,0.2,0.0,0.0,0.0,0.0,0.0,5.6,40.3,286.2,4.8,11.2,261.0,997.8,997.8,2.7,5.2
2024-07-20 21:55:00+02:00,25.4,25.4,27.5,18.0,64.0,33.5,79.0,0.1,0.0,0.0,0.0,0.0,0.0,5.6,40.3,286.2,3.6,8.3,136.0,997.7,997.7,2.7,5.2
2024-07-20 22:00:00+02:00,25.1,25.1,27.4,18.1,65.0,33.4,79.0,0.0,0.0,0.0,0.0,0.0,0.0,5.6,40.3,286.2,3.0,9.0,116.0,997.8,997.8,2.7,5.2
2024-07-20 22:05:00+02:00,24.8,24.8,27.1,18.1,66.0,33.3,79.0,0.0,0.0,0.0,0.0,0.0,0.0,5.6,40.3,286.2,2.8,9.0,151.0,998.0,998.0,2.7,5.2
2024-07-20 22:10:00+02:00,24.7,24.7,26.8,18.2,67.0,33.2,79.0,0.0,0.0,0.0,0.0,0.0,0.0,5.6,40.3,286.2,3.4,8.6,107.0,998.0,998.0,2.7,5.2
2024-07-20 22:15:00+02:00,24.5,24.5,26.7,18.0,67.0,33.1,79.0,0.0,0.0,0.0,0.0,0.0,0.0,5.6,40.3,286.2,3.2,8.6,108.0,998.1,998.1,2.7,5.2
2024-07-20 22:20:00+02:00,24.4,24.4,26.7,18.0,67.0,33.0,79.0,0.0,0.0,0.0,0.0,0.0,0.0,5.6,40.3,286.2,2.5,9.0,146.0,998.3,998.3,2.7,5.2
2024-07-20 22:25:00+02:00,24.4,24.4,25.7,18.2,68.0,33.0,79.0,0.0,0.0,0.0,0.0,0.0,0.0,5.6,40.3,286.2,7.8,19.1,142.0,998.8,998.8,2.7,5.2
2024-07-20 22:30:00+02:00,24.0,24.0,24.9,18.7,72.0,32.8,78.0,0.0,0.0,0.0,0.0,0.0,0.0,5.6,40.3,286.2,11.1,18.7,126.0,998.9,998.9,2.7,5.2
2024-07-20 22:35:00+02:00,23.7,23.7,24.7,18.9,75.0,32.7,78.0,0.0,0.0,0.0,0.0,0.0,0.0,5.6,40.3,286.2,10.9,18.4,141.0,999.0,999.0,2.7,5.1
2024-07-20 22:40:00+02:00,23.2,23.2,24.8,19.1,78.0,32.5,78.0,0.0,0.0,0.6,0.1,0.1,0.1,5.7,40.4,286.3,8.8,19.8,135.0,999.0,999.0,2.7,5.1
2024-07-20 22:45:00+02:00,22.7,22.7,24.3,19.2,80.0,32.3,78.0,0.0,0.0,2.4,0.4,0.4,0.4,6.0,40.7,286.6,9.1,17.3,143.0,999.0,999.0,2.7,5.1
2024-07-20 22:50:00+02:00,22.1,22.1,23.3,18.6,81.0,32.1,78.0,0.0,0.0,3.0,0.5,0.5,0.5,6.1,40.8,286.7,9.6,17.6,127.0,998.9,998.9,2.7,5.1
2024-07-20 22:55:00+02:00,21.6,21.6,23.3,18.2,81.0,31.9,78.0,0.0,0.0,1.8,0.7,0.7,0.7,6.3,41.0,286.9,6.2,13.3,105.0,998.6,998.6,2.7,5.1
2024-07-20 23:00:00+02:00,21.1,21.1,23.7,18.5,85.0,31.8,78.0,0.0,0.0,7.8,1.8,1.8,1.8,7.4,42.1,288.0,2.2,6.5,95.0,998.3,998.3,2.7,5.1
2024-07-20 23:05:00+02:00,20.7,20.7,23.2,18.6,87.0,31.7,77.0,0.0,0.0,10.2,2.4,2.4,2.4,8.0,42.7,288.6,3.0,6.5,359.0,998.0,998.0,2.7,5.0
2024-07-20 23:10:00+02:00,20.5,20.5,23.0,18.4,88.0,31.5,77.0,0.0,0.0,9.0,2.4,2.4,2.4,8.0,42.7,288.6,2.3,6.5,11.0,997.8,997.8,2.7,5.0
2024-07-20 23:15:00+02:00,20.4,20.4,23.3,18.5,89.0,31.3,77.0,0.0,0.0,1.8,2.4,2.4,2.4,8.0,42.7,288.6,1.0,4.3,162.0,997.7,997.7,2.7,5.0
2024-07-20 23:20:00+02:00,20.2,20.2,22.9,18.3,89.0,31.2,77.0,0.0,0.0,2.4,2.8,2.8,2.8,8.4,43.1,289.0,0.7,4.0,122.0,997.8,997.8,2.7,5.0
2024-07-20 23:25:00+02:00,20.1,20.1,22.7,18.7,91.0,31.0,77.0,0.0,0.0,6.0,3.4,3.4,3.4,9.0,43.7,289.6,2.2,4.7,98.0,997.7,997.7,2.7,5.0
2024-07-20 23:30:00+02:00,19.9,19.9,22.4,18.3,91.0,30.8,77.0,0.0,0.0,6.6,3.8,3.8,3.8,9.4,44.1,290.0,2.3,8.6,39.0,997.6,997.6,2.7,5.0
2024-07-20 23:35:00+02:00,20.0,20.0,22.4,18.3,90.0,30.7,77.0,0.0,0.0,5.4,3.8,3.8,3.8,9.4,44.1,290.0,2.7,6.1,16.0,997.5,997.5,2.7,4.9
2024-07-20 23:40:00+02:00,19.9,19.9,22.1,18.3,90.0,30.5,77.0,0.0,0.0,0.6,3.8,3.8,3.7,9.4,44.1,290.0,3.9,7.6,58.0,997.6,997.6,2.7,4.9
2024-07-20 23:45:00+02:00,19.9,19.9,22.1,18.4,91.0,30.2,77.0,0.0,0.0,0.0,3.8,3.8,3.4,9.4,44.1,290.0,4.0,7.6,355.0,997.5,997.5,2.7,4.9
2024-07-20 23:50:00+02:00,19.8,19.8,21.9,18.5,92.0,30.1,77.0,0.0,0.0,0.0,3.8,3.8,3.3,9.4,44.1,290.0,4.6,7.6,299.0,997.6,997.6,2.7,4.9
2024-07-20 23:55:00+02:00,19.6,19.6,22.2,18.5,93.0,29.9,77.0,0.0,0.0,0.0,3.8,3.8,3.1,9.4,44.1,290.0,2.1,6.1,348.0,997.5,997.5,2.7,4.9
2024-07-21 00:00:00+02:00,19.6,19.6,21.9,18.5,93.0,29.8,78.0,0.0,0.0,0.0,0.0,3.8,1.9,0.0,44.1,290.0,3.4,5.0,276.0,997.4,997.4,2.7,4.9
2024-07-21 00:05:00+02:00,19.5,19.5,22.1,18.5,94.0,29.7,78.0,0.0,0.0,0.0,0.0,3.8,1.4,0.0,44.1,290.0,2.2,4.0,335.0,997.5,997.5,2.7,4.9
2024-07-21 00:10:00+02:00,19.5,19.5,22.3,18.5,94.0,29.5,78.0,0.0,0.0,0.0,0.0,3.8,1.4,0.0,44.1,290.0,0.9,3.2,197.0,997.4,997.4,2.7,4.9
2024-07-21 00:15:00+02:00,19.4,19.4,22.1,18.4,94.0,29.4,78.0,0.0,0.0,0.0,0.0,3.8,1.4,0.0,44.1,290.0,1.6,3.2,280.0,997.4,997.4,2.7,4.9
2024-07-21 00:20:00+02:00,19.4,19.4,22.0,18.5,95.0,29.3,78.0,0.0,0.0,0.0,0.0,3.8,0.9,0.0,44.1,290.0,2.1,6.1,117.0,997.5,997.5,2.7,4.9
2024-07-21 00:25:00+02:00,19.3,19.3,21.9,18.4,95.0,29.2,78.0,0.0,0.0,0.0,0.0,3.8,0.2,0.0,44.1,290.0,1.9,5.8,89.0,997.4,997.4,2.7,4.9
2024-07-21 00:30:00+02:00,19.3,19.3,21.8,18.3,94.0,29.2,78.0,0.0,0.0,0.0,0.0,3.8,0.0,0.0,44.1,290.0,1.9,6.5,86.0,997.4,997.4,2.7,4.9
2024-07-21 00:35:00+02:00,19.5,19.5,21.9,18.3,93.0,29.1,78.0,0.0,0.0,0.0,0.0,3.8,0.0,0.0,44.1,290.0,2.3,6.5,55.0,997.4,997.4,2.7,4.9
2024-07-21 00:40:00+02:00,19.7,19.7,22.2,18.4,92.0,29.0,79.0,0.0,0.0,0.0,0.0,3.8,0.0,0.0,44.1,290.0,2.4,6.1,74.0,997.1,997.1,2.7,4.9
2024-07-21 00:45:00+02:00,19.7,19.7,21.8,18.2,91.0,28.9,79.0,0.0,0.0,0.0,0.0,3.8,0.0,0.0,44.1,290.0,4.0,8.3,80.0,997.1,997.1,2.7,4.9
2024-07-21 00:50:00+02:00,19.7,19.7,22.4,18.2,91.0,28.7,79.0,0.0,0.0,0.0,0.0,3.8,0.0,0.0,44.1,290.0,1.4,8.3,135.0,997.1,997.1,2.7,4.9
2024-07-21 00:55:00+02:00,19.6,19.6,22.3,18.3,92.0,28.7,79.0,0.0,0.0,0.0,0.0,3.8,0.0,0.0,44.1,290.0,1.1,4.3,127.0,997.1,997.1,2.7,4.8
2024-07-21 01:00:00+02:00,19.6,19.6,22.2,18.3,92.0,28.6,79.0,0.0,0.0,0.0,0.0,3.8,0.0,0.0,44.1,290.0,1.7,4.3,128.0,997.0,997.0,2.7,4.8
2024-07-21 01:05:00+02:00,19.6,19.6,22.5,18.3,92.0,28.5,79.0,0.0,0.0,0.0,0.0,3.8,0.0,0.0,44.1,290.0,0.0,4.0,135.0,997.0,997.0,2.7,4.8
2024-07-21 01:10:00+02:00,19.6,19.6,22.4,18.3,92.0,28.4,79.0,0.0,0.0,0.0,0.0,3.8,0.0,0.0,44.1,290.0,0.4,3.6,103.0,996.9,996.9,2.7,4.8
2024-07-21 01:15:00+02:00,19.5,19.5,22.4,18.3,93.0,28.3,79.0,0.0,0.0,0.0,0.0,3.8,0.0,0.0,44.1,290.0,0.0,2.5,152.0,997.0,997.0,2.7,4.8
2024-07-21 01:20:00+02:00,19.3,19.3,22.2,18.1,93.0,28.3,79.0,0.0,0.0,0.0,0.0,3.8,0.0,0.0,44.1,290.0,0.0,2.2,149.0,997.0,997.0,2.7,4.8
2024-07-21 01:25:00+02:00,19.2,19.2,22.1,18.2,94.0,28.2,79.0,0.0,0.0,0.0,0.0,3.8,0.0,0.0,44.1,290.0,0.4,2.9,290.0,996.9,996.9,2.7,4.8
2024-07-21 01:30:00+02:00,19.2,19.2,21.8,18.2,94.0,28.1,79.0,0.0,0.0,0.0,0.0,3.8,0.0,0.0,44.1,290.0,0.9,3.6,281.0,996.7,996.7,2.7,4.8
2024-07-21 01:35:00+02:00,18.9,18.9,21.7,18.1,95.0,28.0,79.0,0.0,0.0,0.0,0.0,3.8,0.0,0.0,44.1,290.0,0.4,2.9,145.0,996.5,996.5,2.7,4.8
2024-07-21 01:40:00+02:00,18.9,18.9,21.6,18.1,95.0,27.9,79.0,0.0,0.0,0.0,0.0,3.8,0.0,0.0,44.1,290.0,0.9,2.9,137.0,996.4,996.4,2.7,4.8
2024-07-21 01:45:00+02:00,18.9,18.9,21.5,18.2,96.0,27.9,79.0,0.0,0.0,0.0,0.0,3.8,0.0,0.0,44.1,290.0,1.4,3.2,152.0,996.2,996.2,2.7,4.8
2024-07-21 01:50:00+02:00,18.9,18.9,21.7,18.1,95.0,27.8,79.0,0.0,0.0,0.0,0.0,3.8,0.0,0.0,44.1,290.0,0.0,5.0,125.0,996.2,996.2,2.7,4.8
2024-07-21 01:55:00+02:00,18.9,18.9,21.7,18.1,95.0,27.7,79.0,0.0,0.0,0.0,0.0,3.8,0.0,0.0,44.1,290.0,0.0,3.6,144.0,996.2,996.2,2.7,4.8
2024-07-21 02:00:00+02:00,18.9,18.9,21.7,18.0,94.0,27.7,79.0,0.0,0.0,0.0,0.0,3.8,0.0,0.0,44.1,290.0,0.0,2.9,123.0,996.3,996.3,2.7,4.8
2024-07-21 02:05:00+02:00,19.0,19.0,21.5,18.0,94.0,27.6,79.0,0.0,0.0,0.0,0.0,3.8,0.0,0.0,44.1,290.0,1.2,2.9,122.0,996.3,996.3,2.7,4.8
2024-07-21 02:10:00+02:00,19.0,19.0,21.8,18.0,94.0,27.5,79.0,0.0,0.0,0.0,0.0,3.8,0.0,0.0,44.1,290.0,0.0,2.2,126.0,996.2,996.2,2.7,4.8
2024-07-21 02:15:00+02:00,19.0,19.0,21.5,18.0,94.0,27.5,79.0,0.0,0.0,0.0,0.0,3.8,0.0,0.0,44.1,290.0,1.7,3.6,113.0,996.3,996.3,2.7,4.8
2024-07-21 02:20:00+02:00,19.1,19.1,21.7,18.1,94.0,27.4,79.0,0.0,0.0,0.0,0.0,3.8,0.0,0.0,44.1,290.0,0.6,3.2,92.0,996.2,996.2,2.7,4.8
2024-07-21 02:25:00+02:00,19.1,19.1,21.7,18.0,93.0,27.3,79.0,0.0,0.0,0.0,0.0,3.8,0.0,0.0,44.1,290.0,0.9,3.6,125.0,996.3,996.3,2.7,4.8
2024-07-21 02:30:00+02:00,19.1,19.1,21.8,17.9,93.0,27.3,79.0,0.0,0.0,0.0,0.0,3.8,0.0,0.0,44.1,290.0,0.4,3.6,134.0,996.1,996.1,2.7,4.8
2024-07-21 02:35:00+02:00,19.0,19.0,21.6,17.8,93.0,27.2,79.0,0.0,0.0,0.0,0.0,3.8,0.0,0.0,44.1,290.0,0.4,2.5,146.0,996.2,996.2,2.7,4.8
2024-07-21 02:40:00+02:00,18.9,18.9,21.6,17.8,93.0,27.1,80.0,0.0,0.0,0.0,0.0,3.8,0.0,0.0,44.1,290.0,0.0,1.8,187.0,996.2,996.2,2.7,4.8
2024-07-21 02:45:00+02:00,18.8,18.8,21.6,17.8,94.0,27.1,80.0,0.0,0.0,0.0,0.0,3.8,0.0,0.0,44.1,290.0,0.0,1.8,148.0,996.2,996.2,2.7,4.7
2024-07-21 02:50:00+02:00,18.8,18.8,21.3,17.8,94.0,27.0,80.0,0.0,0.0,0.0,0.0,3.8,0.0,0.0,44.1,290.0,1.3,5.4,139.0,996.2,996.2,2.7,4.7
2024-07-21 02:55:00+02:00,18.9,18.9,21.6,17.9,94.0,26.9,80.0,0.0,0.0,0.0,0.0,3.8,0.0,0.0,44.1,290.0,0.0,2.9,98.0,996.2,996.2,2.7,4.7
2024-07-21 03:00:00+02:00,18.8,18.8,21.6,17.8,94.0,26.9,80.0,0.0,0.0,0.0,0.0,3.8,0.0,0.0,44.1,290.0,0.0,2.2,141.0,996.3,996.3,2.7,4.7
2024-07-21 03:05:00+02:00,18.8,18.8,21.5,17.8,94.0,26.8,80.0,0.0,0.0,0.0,0.0,3.8,0.0,0.0,44.1,290.0,0.0,2.5,118.0,996.1,996.1,2.7,4.7
2024-07-21 03:10:00+02:00,18.8,18.8,21.4,17.8,94.0,26.8,80.0,0.0,0.0,0.0,0.0,3.8,0.0,0.0,44.1,290.0,0.4,2.9,148.0,996.1,996.1,2.7,4.7
2024-07-21 03:15:00+02:00,18.7,18.7,21.4,17.7,94.0,26.7,80.0,0.0,0.0,0.0,0.0,3.8,0.0,0.0,44.1,290.0,0.0,2.2,151.0,996.2,996.2,2.7,4.7
2024-07-21 03:20:00+02:00,18.7,18.7,21.3,17.7,94.0,26.7,80.0,0.0,0.0,0.0,0.0,3.8,0.0,0.0,44.1,290.0,0.5,2.5,269.0,996.1,996.1,2.7,4.7
2024-07-21 03:25:00+02:00,18.7,18.7,21.2,17.8,94.0,26.6,80.0,0.0,0.0,0.0,0.0,3.8,0.0,0.0,44.1,290.0,0.8,2.9,281.0,996.1,996.1,2.7,4.7
2024-07-21 03:30:00+02:00,18.6,18.6,21.3,17.8,95.0,26.6,80.0,0.0,0.0,0.0,0.0,3.8,0.0,0.0,44.1,290.0,0.0,0.0,135.0,996.1,996.1,2.7,4.7
2024-07-21 03:35:00+02:00,18.6,18.6,21.3,17.8,95.0,26.5,80.0,0.0,0.0,0.0,0.0,3.8,0.0,0.0,44.1,290.0,0.0,2.2,147.0,996.0,996.0,2.7,4.7
2024-07-21 03:40:00+02:00,18.6,18.6,21.3,17.8,95.0,26.5,80.0,0.0,0.0,0.0,0.0,3.8,0.0,0.0,44.1,290.0,0.0,2.2,155.0,996.1,996.1,2.7,4.7
2024-07-21 03:45:00+02:00,18.5,18.5,21.1,17.7,95.0,26.4,80.0,0.0,0.0,0.0,0.0,3.8,0.0,0.0,44.1,290.0,0.8,2.2,270.0,996.1,996.1,2.7,4.7
2024-07-21 03:50:00+02:00,18.6,18.6,20.8,17.8,95.0,26.3,80.0,0.0,0.0,0.0,0.0,3.8,0.0,0.0,44.1,290.0,2.5,4.0,277.0,996.1,996.1,2.7,4.7
2024-07-21 03:55:00+02:00,18.6,18.6,21.4,17.9,96.0,26.3,80.0,0.0,0.0,0.0,0.0,3.8,0.0,0.0,44.1,290.0,0.0,3.2,305.0,996.2,996.2,2.7,4.7
2024-07-21 04:00:00+02:00,18.6,18.6,21.3,17.9,96.0,26.3,80.0,0.0,0.0,0.0,0.0,3.8,0.0,0.0,44.1,290.0,0.4,2.2,280.0,996.2,996.2,2.7,4.7
2024-07-21 04:05:00+02:00,18.6,18.6,21.1,17.9,96.0,26.2,80.0,0.0,0.0,0.0,0.0,3.8,0.0,0.0,44.1,290.0,1.2,2.5,133.0,996.1,996.1,2.7,4.7
2024-07-21 04:10:00+02:00,18.5,18.5,21.2,17.9,96.0,26.2,80.0,0.0,0.0,0.0,0.0,3.8,0.0,0.0,44.1,290.0,0.4,2.2,120.0,996.1,996.1,2.7,4.7
2024-07-21 04:15:00+02:00,18.5,18.5,21.1,17.8,96.0,26.1,80.0,0.0,0.0,0.0,0.0,3.8,0.0,0.0,44.1,290.0,0.7,2.5,136.0,996.2,996.2,2.7,4.7
2024-07-21 04:20:00+02:00,18.4,18.4,21.0,17.8,96.0,26.1,80.0,0.0,0.0,0.0,0.0,3.8,0.0,0.0,44.1,290.0,0.9,2.2,276.0,996.2,996.2,2.7,4.7
2024-07-21 04:25:00+02:00,18.5,18.5,21.1,17.9,96.0,26.1,80.0,0.0,0.0,0.0,0.0,3.8,0.0,0.0,44.1,290.0,0.7,2.2,283.0,996.2,996.2,2.7,4.7
2024-07-21 04:30:00+02:00,18.5,18.5,21.2,18.0,97.0,26.0,80.0,0.0,0.0,0.0,0.0,3.8,0.0,0.0,44.1,290.0,0.0,1.8,287.0,996.2,996.2,2.7,4.7
2024-07-21 04:35:00+02:00,18.5,18.5,21.3,18.0,97.0,26.0,80.0,0.0,0.0,0.0,0.0,3.8,0.0,0.0,44.1,290.0,0.0,0.0,306.0,996.2,996.2,2.7,4.6
2024-07-21 04:40:00+02:00,18.4,18.4,21.2,17.9,97.0,25.9,80.0,0.0,0.0,0.0,0.0,3.8,0.0,0.0,44.1,290.0,0.0,2.2,139.0,996.3,996.3,2.7,4.6
2024-07-21 04:45:00+02:00,18.4,18.4,21.2,17.9,97.0,25.9,80.0,0.0,0.0,0.0,0.0,3.8,0.0,0.0,44.1,290.0,0.0,1.8,148.0,996.4,996.4,2.7,4.6
2024-07-21 04:50:00+02:00,18.3,18.3,21.0,17.8,97.0,25.9,80.0,0.0,0.0,0.0,0.0,3.8,0.0,0.0,44.1,290.0,0.4,2.2,134.0,996.2,996.2,2.7,4.6
2024-07-21 04:55:00+02:00,18.4,18.4,20.7,17.9,97.0,25.8,80.0,0.0,0.0,0.0,0.0,3.8,0.0,0.0,44.1,290.0,2.3,3.2,134.0,996.3,996.3,2.7,4.6
2024-07-21 05:00:00+02:00,18.4,18.4,20.9,17.9,97.0,25.8,80.0,0.0,0.0,0.0,0.0,3.8,0.0,0.0,44.1,290.0,1.1,2.9,137.0,996.2,996.2,2.7,4.6
2024-07-21 05:05:00+02:00,18.3,18.3,20.9,17.8,97.0,25.7,80.0,0.1,0.0,0.0,0.0,3.8,0.0,0.0,44.1,290.0,0.7,2.2,137.0,996.1,996.1,2.7,4.6
2024-07-21 05:10:00+02:00,18.3,18.3,20.9,17.8,97.0,25.7,80.0,0.1,0.0,0.0,0.0,3.8,0.0,0.0,44.1,290.0,0.8,2.5,130.0,996.0,996.0,2.7,4.6
2024-07-21 05:15:00+02:00,18.3,18.3,21.0,17.8,97.0,25.6,80.0,0.2,0.0,0.0,0.0,3.8,0.0,0.0,44.1,290.0,0.0,1.8,137.0,996.1,996.1,2.7,4.6
2024-07-21 05:20:00+02:00,18.2,18.2,20.9,17.8,98.0,25.6,80.0,0.5,0.0,0.0,0.0,3.8,0.0,0.0,44.1,290.0,0.0,1.8,154.0,996.0,996.0,2.7,4.6
2024-07-21 05:25:00+02:00,18.3,18.3,20.6,17.9,98.0,25.6,80.0,0.9,0.0,0.0,0.0,3.8,0.0,0.0,44.1,290.0,2.2,3.6,280.0,996.2,996.2,2.7,4.6
2024-07-21 05:30:00+02:00,18.3,18.3,20.9,18.0,98.0,25.5,80.0,1.6,0.0,0.0,0.0,3.8,0.0,0.0,44.1,290.0,1.4,4.3,287.0,996.2,996.2,2.7,4.6
2024-07-21 05:35:00+02:00,18.5,18.5,21.4,18.1,98.0,25.5,80.0,2.5,0.0,0.0,0.0,3.8,0.0,0.0,44.1,290.0,0.0,2.2,318.0,996.4,996.4,2.7,4.6
2024-07-21 05:40:00+02:00,18.5,18.5,21.2,18.2,98.0,25.5,80.0,3.0,0.0,0.0,0.0,3.8,0.0,0.0,44.1,290.0,0.8,2.5,159.0,996.4,996.4,2.7,4.6
2024-07-21 05:45:00+02:00,18.6,18.6,21.2,18.2,98.0,25.4,80.0,4.0,0.0,0.0,0.0,3.8,0.0,0.0,44.1,290.0,1.2,4.0,264.0,996.8,996.8,2.7,4.6
2024-07-21 05:50:00+02:00,18.7,18.7,21.7,18.4,98.0,25.4,80.0,6.9,0.0,0.0,0.0,3.8,0.0,0.0,44.1,290.0,0.0,4.0,63.0,996.9,996.9,2.7,4.6
2024-07-21 05:55:00+02:00,18.8,18.8,21.6,18.5,98.0,25.4,80.0,12.1,0.0,0.0,0.0,3.8,0.0,0.0,44.1,290.0,1.3,3.6,304.0,996.9,996.9,2.7,4.6
2024-07-21 06:00:00+02:00,18.9,18.9,21.4,18.5,97.0,25.3,80.0,18.8,0.0,0.0,0.0,3.8,0.0,0.0,44.1,290.0,2.5,4.0,303.0,996.9,996.9,2.7,4.6
2024-07-21 06:05:00+02:00,19.1,19.1,21.3,18.5,97.0,25.3,81.0,25.3,0.0,0.0,0.0,3.8,0.0,0.0,44.1,290.0,4.2,7.6,314.0,996.9,996.9,2.7,4.6
2024-07-21 06:10:00+02:00,19.3,19.3,22.1,18.6,96.0,25.3,81.0,28.6,0.0,0.0,0.0,3.8,0.0,0.0,44.1,290.0,1.0,4.3,325.0,996.9,996.9,2.7,4.6
2024-07-21 06:15:00+02:00,19.3,19.3,22.3,18.7,96.0,25.3,81.0,31.0,0.0,0.0,0.0,3.8,0.0,0.0,44.1,290.0,0.6,3.6,116.0,996.9,996.9,2.7,4.6
2024-07-21 06:20:00+02:00,19.5,19.5,22.2,18.8,96.0,25.3,81.0,33.9,0.0,0.0,0.0,3.8,0.0,0.0,44.1,290.0,2.3,4.3,303.0,996.7,996.7,2.7,4.6
2024-07-21 06:25:00+02:00,19.5,19.5,22.1,18.7,95.0,25.3,81.0,38.0,0.0,0.0,0.0,3.8,0.0,0.0,44.1,290.0,2.3,4.3,268.0,996.7,996.7,2.7,4.6
2024-07-21 06:30:00+02:00,19.7,19.7,22.7,18.7,94.0,25.3,81.0,40.0,0.0,0.0,0.0,3.8,0.0,0.0,44.1,290.0,0.4,3.2,309.0,996.7,996.7,2.7,4.6
2024-07-21 06:35:00+02:00,19.8,19.8,22.9,18.9,94.0,25.3,81.0,44.0,0.0,0.0,0.0,3.8,0.0,0.0,44.1,290.0,0.4,2.2,140.0,996.6,996.6,2.7,4.6
2024-07-21 06:40:00+02:00,19.9,19.9,23.1,19.1,95.0,25.3,81.0,52.7,0.0,0.0,0.0,3.8,0.0,0.0,44.1,290.0,0.4,2.5,287.0,996.6,996.6,2.7,4.6
2024-07-21 06:45:00+02:00,20.0,20.0,23.1,19.0,94.0,25.3,81.0,52.6,0.0,0.0,0.0,3.8,0.0,0.0,44.1,290.0,0.7,2.5,275.0,996.6,996.6,2.7,4.6
2024-07-21 06:50:00+02:00,20.3,20.3,23.5,19.1,93.0,25.3,81.0,63.7,0.0,0.0,0.0,3.8,0.0,0.0,44.1,290.0,0.4,2.9,130.0,996.8,996.8,2.7,4.6
2024-07-21 06:55:00+02:00,20.5,20.5,23.6,19.3,93.0,25.3,81.0,68.1,0.0,0.0,0.0,3.8,0.0,0.0,44.1,290.0,0.9,3.2,127.0,996.8,996.8,2.7,4.6
2024-07-21 07:00:00+02:00,20.5,20.5,23.8,19.3,93.0,25.4,81.0,67.6,0.0,0.0,0.0,3.8,0.0,0.0,44.1,290.0,0.0,1.8,134.0,996.7,996.7,2.7,4.6
2024-07-21 07:05:00+02:00,20.6,20.6,23.6,19.4,93.0,25.4,81.0,69.9,0.0,0.0,0.0,3.8,0.0,0.0,44.1,290.0,2.2,3.2,294.0,996.6,996.6,2.7,4.7
2024-07-21 07:10:00+02:00,20.7,20.7,23.9,19.3,91.0,25.4,81.0,68.1,0.0,0.0,0.0,3.8,0.0,0.0,44.1,290.0,0.8,3.2,278.0,996.5,996.5,2.7,4.7
2024-07-21 07:15:00+02:00,21.0,21.0,24.3,19.2,90.0,25.5,81.0,62.2,0.0,0.0,0.0,3.8,0.0,0.0,44.1,290.0,0.0,2.5,310.0,996.6,996.6,2.7,4.7
2024-07-21 07:20:00+02:00,21.3,21.3,24.8,19.6,90.0,25.5,82.0,65.5,0.0,0.0,0.0,3.8,0.0,0.0,44.1,290.0,0.4,2.5,316.0,996.6,996.6,2.7,4.7
2024-07-21 07:25:00+02:00,21.5,21.5,24.8,19.8,90.0,25.6,82.0,68.8,0.0,0.0,0.0,3.8,0.0,0.0,44.1,290.0,1.4,2.5,336.0,996.5,996.5,2.7,4.7
2024-07-21 07:30:00+02:00,21.6,21.6,25.2,19.7,89.0,25.6,82.0,68.1,0.0,0.0,0.0,3.8,0.0,0.0,44.1,290.0,0.0,2.5,65.0,996.6,996.6,2.7,4.7
2024-07-21 07:35:00+02:00,21.7,21.7,25.0,19.8,89.0,25.6,82.0,65.2,0.0,0.0,0.0,3.8,0.0,0.0,44.1,290.0,1.4,3.6,123.0,996.7,996.7,2.7,4.7
2024-07-21 07:40:00+02:00,21.7,21.7,24.8,19.2,85.0,25.7,82.0,61.9,0.0,0.0,0.0,3.8,0.0,0.0,44.1,290.0,1.1,4.3,129.0,996.7,996.7,2.7,4.7
2024-07-21 07:45:00+02:00,22.0,22.0,25.1,19.5,85.0,25.7,82.0,66.4,0.0,0.0,0.0,3.8,0.0,0.0,44.1,290.0,2.1,4.3,118.0,996.8,996.8,2.7,4.8
2024-07-21 07:50:00+02:00,22.2,22.2,25.2,19.6,85.0,25.7,82.0,67.0,0.0,0.0,0.0,3.8,0.0,0.0,44.1,290.0,2.2,3.2,134.0,996.9,996.9,2.7,4.8
2024-07-21 07:55:00+02:00,22.3,22.3,25.3,19.4,83.0,25.8,82.0,71.7,0.0,0.0,0.0,3.8,0.0,0.0,44.1,290.0,2.2,4.3,119.0,996.8,996.8,2.7,4.8
2024-07-21 08:00:00+02:00,22.6,22.6,25.8,19.4,82.0,25.8,82.0,73.6,0.0,0.0,0.0,3.8,0.0,0.0,44.1,290.0,0.8,4.0,117.0,996.9,996.9,2.7,4.8
2024-07-21 08:05:00+02:00,22.7,22.7,25.6,19.6,83.0,25.9,82.0,79.2,0.0,0.0,0.0,3.8,0.0,0.0,44.1,290.0,3.1,6.8,137.0,996.9,996.9,2.7,4.8
2024-07-21 08:10:00+02:00,23.0,23.0,25.5,19.6,81.0,25.9,82.0,94.3,0.0,0.0,0.0,3.8,0.0,0.0,44.1,290.0,4.8,7.6,143.0,996.9,996.9,2.7,4.8
2024-07-21 08:15:00+02:00,23.1,23.1,26.1,19.8,82.0,26.0,82.0,116.3,1.0,0.0,0.0,3.8,0.0,0.0,44.1,290.0,3.2,10.8,135.0,997.0,997.0,2.7,4.8
2024-07-21 08:20:00+02:00,23.3,23.3,26.4,19.8,81.0,26.0,82.0,135.0,1.0,0.0,0.0,3.8,0.0,0.0,44.1,290.0,2.4,8.6,189.0,997.1,997.1,2.7,4.8
2024-07-21 08:25:00+02:00,23.3,23.3,26.5,19.8,81.0,26.1,83.0,140.7,1.0,0.0,0.0,3.8,0.0,0.0,44.1,290.0,2.4,6.5,140.0,997.1,997.1,2.7,4.9
2024-07-21 08:30:00+02:00,23.4,23.4,27.0,19.7,80.0,26.1,83.0,147.1,1.0,0.0,0.0,3.8,0.0,0.0,44.1,290.0,0.0,5.4,208.0,997.2,997.2,2.7,4.9
2024-07-21 08:40:00+02:00,24.2,24.2,26.6,19.9,77.0,26.3,83.0,232.7,2.0,0.0,0.0,3.8,0.0,0.0,44.1,290.0,6.5,11.5,118.0,997.1,997.1,2.7,4.9
2024-07-21 08:45:00+02:00,24.2,24.2,27.1,19.8,76.0,26.3,83.0,232.9,2.0,0.0,0.0,3.8,0.0,0.0,44.1,290.0,3.3,13.3,145.0,997.1,997.1,2.7,5.0
2024-07-21 08:50:00+02:00,24.4,24.4,27.4,19.8,76.0,26.4,83.0,230.7,2.0,0.0,0.0,3.8,0.0,0.0,44.1,290.0,3.2,13.3,163.0,997.3,997.3,2.7,5.0
2024-07-21 08:55:00+02:00,24.9,24.9,27.8,19.8,73.0,26.6,83.0,240.3,2.0,0.0,0.0,3.8,0.0,0.0,44.1,290.0,3.5,8.3,254.0,997.2,997.2,2.7,5.1
2024-07-21 09:00:00+02:00,25.2,25.2,28.1,19.8,72.0,26.7,84.0,284.3,2.0,0.0,0.0,3.8,0.0,0.0,44.1,290.0,3.7,12.2,144.0,997.2,997.2,2.7,5.1
2024-07-21 09:05:00+02:00,25.4,25.4,28.4,19.9,71.0,26.9,84.0,291.7,2.0,0.0,0.0,3.8,0.0,0.0,44.1,290.0,3.1,8.6,38.0,997.2,997.2,2.7,5.2
2024-07-21 09:10:00+02:00,25.3,25.3,28.3,20.1,73.0,27.1,84.0,290.0,2.0,0.0,0.0,3.8,0.0,0.0,44.1,290.0,3.6,13.3,158.0,997.1,997.1,2.7,5.2
2024-07-21 09:15:00+02:00,24.9,24.9,27.2,19.8,73.0,27.3,84.0,289.2,2.0,0.0,0.0,3.8,0.0,0.0,44.1,290.0,6.2,13.0,124.0,997.1,997.1,2.7,5.2
2024-07-21 09:20:00+02:00,24.5,24.5,26.8,19.6,74.0,27.6,84.0,307.8,2.0,0.0,0.0,3.8,0.0,0.0,44.1,290.0,6.0,12.2,113.0,997.1,997.1,2.7,5.2
2024-07-21 09:25:00+02:00,24.9,24.9,27.8,19.7,73.0,27.8,84.0,310.2,2.0,0.0,0.0,3.8,0.0,0.0,44.1,290.0,3.3,8.3,101.0,997.2,997.2,2.7,5.3
2024-07-21 09:30:00+02:00,25.1,25.1,28.1,19.8,72.0,28.0,83.0,312.8,2.0,0.0,0.0,3.8,0.0,0.0,44.1,290.0,3.0,9.0,117.0,997.1,997.1,2.7,5.3
2024-07-21 09:35:00+02:00,25.3,25.3,28.2,20.0,73.0,28.2,83.0,332.6,3.0,0.0,0.0,3.8,0.0,0.0,44.1,290.0,4.0,10.8,130.0,997.1,997.1,2.7,5.3
2024-07-21 09:40:00+02:00,25.2,25.2,28.0,19.9,73.0,28.4,83.0,337.8,3.0,0.0,0.0,3.8,0.0,0.0,44.1,290.0,4.4,9.7,153.0,997.2,997.2,2.7,5.3
2024-07-21 09:45:00+02:00,25.5,25.5,28.7,19.8,71.0,28.6,83.0,327.9,3.0,0.0,0.0,3.8,0.0,0.0,44.1,290.0,1.9,7.9,145.0,997.2,997.2,2.7,5.3
2024-07-21 09:50:00+02:00,26.3,26.3,29.3,20.2,69.0,28.8,82.0,327.6,3.0,0.0,0.0,3.8,0.0,0.0,44.1,290.0,4.0,8.6,262.0,997.2,997.2,2.7,5.3
2024-07-21 09:55:00+02:00,26.3,26.3,29.4,20.0,68.0,29.1,82.0,279.5,2.0,0.0,0.0,3.8,0.0,0.0,44.1,290.0,3.1,7.2,96.0,997.1,997.1,2.7,5.3
2024-07-21 10:00:00+02:00,25.9,25.9,29.0,19.8,69.0,29.3,81.0,358.3,3.0,0.0,0.0,3.8,0.0,0.0,44.1,290.0,2.6,5.8,126.0,997.0,997.0,2.7,5.3
2024-07-21 10:05:00+02:00,26.0,26.0,29.0,20.2,70.0,29.5,81.0,357.2,3.0,0.0,0.0,3.8,0.0,0.0,44.1,290.0,4.5,9.4,132.0,997.1,997.1,2.7,5.3
2024-07-21 10:10:00+02:00,26.3,26.3,29.4,19.9,68.0,29.7,80.0,385.0,3.0,0.0,0.0,3.8,0.0,0.0,44.1,290.0,3.2,6.5,321.0,997.3,997.3,2.7,5.3
2024-07-21 10:15:00+02:00,26.0,26.3,28.6,20.1,70.0,29.9,80.0,192.7,1.0,0.0,0.0,3.8,0.0,0.0,44.1,290.0,5.9,10.8,129.0,997.3,997.3,2.7,5.3
2024-07-21 10:20:00+02:00,25.7,25.7,28.7,19.9,71.0,30.1,80.0,150.4,1.0,0.0,0.0,3.8,0.0,0.0,44.1,290.0,3.1,10.1,148.0,997.5,997.5,2.7,5.3
2024-07-21 10:25:00+02:00,25.1,25.1,28.1,20.1,74.0,30.3,80.0,133.9,1.0,0.0,0.0,3.8,0.0,0.0,44.1,290.0,4.1,10.1,128.0,997.4,997.4,2.7,5.3
2024-07-21 10:30:00+02:00,24.9,24.9,27.4,20.1,75.0,30.3,79.0,96.5,0.0,0.0,0.0,3.8,0.0,0.0,44.1,290.0,6.2,13.7,127.0,997.6,997.6,2.7,5.3
2024-07-21 10:35:00+02:00,24.6,24.6,27.2,19.8,75.0,30.4,79.0,55.7,0.0,0.0,0.0,3.8,0.0,0.0,44.1,290.0,4.5,13.3,126.0,997.8,997.8,2.7,5.3
2024-07-21 10:40:00+02:00,24.3,24.3,27.0,19.5,75.0,30.5,78.0,66.4,0.0,0.0,0.0,3.8,0.0,0.0,44.1,290.0,4.1,7.9,126.0,997.8,997.8,2.7,5.3
2024-07-21 10:45:00+02:00,24.3,24.3,27.4,19.4,75.0,30.6,78.0,49.7,0.0,0.0,0.0,3.8,0.0,0.0,44.1,290.0,1.6,8.3,130.0,997.9,997.9,2.7,5.3
2024-07-21 10:50:00+02:00,24.2,24.2,27.1,19.6,76.0,30.6,78.0,37.8,0.0,0.0,0.0,3.8,0.0,0.0,44.1,290.0,2.5,5.8,87.0,997.9,997.9,2.7,5.3
2024-07-21 10:55:00+02:00,23.9,23.9,26.7,20.1,80.0,30.6,78.0,50.9,0.0,4.8,0.8,4.6,0.8,0.8,44.9,290.8,4.8,11.9,133.0,997.9,997.9,2.7,5.3
2024-07-21 11:00:00+02:00,22.6,22.6,26.2,20.4,88.0,30.6,78.0,70.9,0.0,6.6,1.1,4.9,1.1,1.1,45.2,291.1,1.5,10.8,171.0,997.9,997.9,2.7,5.3
2024-07-21 11:05:00+02:00,22.4,22.4,26.4,20.7,90.0,30.5,78.0,117.4,1.0,6.6,1.1,4.9,1.1,1.1,45.2,291.1,0.4,4.3,126.0,997.8,997.8,2.7,5.2
2024-07-21 11:10:00+02:00,22.4,22.4,26.3,20.9,92.0,30.5,77.0,212.7,1.0,1.2,1.2,5.0,1.2,1.2,45.3,291.2,1.2,4.3,125.0,997.8,997.8,2.7,5.2
2024-07-21 11:15:00+02:00,22.6,22.6,26.6,21.1,91.0,30.5,77.0,314.8,2.0,0.6,1.2,5.0,1.2,1.2,45.3,291.2,1.0,4.3,76.0,997.9,997.9,2.7,5.2
2024-07-21 11:20:00+02:00,23.1,23.1,27.2,21.3,90.0,30.5,77.0,415.1,3.0,0.6,1.2,5.0,1.2,1.2,45.3,291.2,1.3,4.7,276.0,997.8,997.8,2.7,5.2
2024-07-21 11:25:00+02:00,23.4,23.4,26.9,20.6,84.0,30.5,77.0,315.9,2.0,0.0,1.2,5.0,1.2,1.2,45.3,291.2,2.2,6.1,172.0,997.8,997.8,2.7,5.2
2024-07-21 11:30:00+02:00,23.8,23.8,27.4,20.6,83.0,30.5,77.0,410.6,3.0,0.0,1.2,5.0,1.2,1.2,45.3,291.2,1.6,6.1,204.0,997.9,997.9,2.7,5.2
2024-07-21 11:35:00+02:00,24.4,24.4,27.8,20.5,79.0,30.5,77.0,266.0,2.0,0.0,1.2,5.0,1.2,1.2,45.3,291.2,2.4,6.5,248.0,998.0,998.0,2.7,5.2
2024-07-21 11:40:00+02:00,24.8,24.8,28.1,20.3,76.0,30.5,77.0,304.3,2.0,0.0,1.2,5.0,1.2,1.2,45.3,291.2,2.3,6.5,236.0,998.1,998.1,2.7,5.2
2024-07-21 11:45:00+02:00,25.1,25.1,29.1,20.7,77.0,30.5,77.0,361.4,3.0,0.0,1.2,5.0,1.2,1.2,45.3,291.2,0.4,5.0,272.0,998.0,998.0,2.7,5.3
2024-07-21 11:50:00+02:00,25.2,25.2,28.5,20.5,75.0,30.5,77.0,227.3,2.0,0.0,1.2,5.0,1.2,1.2,45.3,291.2,3.3,8.6,279.0,998.1,998.1,2.7,5.3
2024-07-21 11:55:00+02:00,24.7,24.7,27.5,20.1,76.0,30.6,77.0,520.5,4.0,0.0,1.2,5.0,0.3,1.2,45.3,291.2,5.1,9.7,280.0,998.1,998.1,2.7,5.3
2024-07-21 12:00:00+02:00,24.8,24.8,27.3,19.9,74.0,30.6,77.0,380.4,3.0,0.0,1.2,5.0,0.1,1.2,45.3,291.2,5.8,15.1,287.0,998.1,998.1,2.7,5.3
2024-07-21 12:05:00+02:00,24.9,24.9,27.6,20.1,75.0,30.7,77.0,311.5,2.0,0.0,1.2,5.0,0.1,1.2,45.3,291.2,5.6,13.7,274.0,998.1,998.1,2.7,5.3
2024-07-21 12:10:00+02:00,25.1,25.1,28.5,20.5,75.0,30.7,77.0,239.4,2.0,0.0,1.2,5.0,0.0,1.2,45.3,291.2,2.4,9.4,268.0,998.1,998.1,2.7,5.3
2024-07-21 12:15:00+02:00,25.2,25.2,28.2,20.4,74.0,30.8,78.0,168.2,1.0,0.0,1.2,5.0,0.0,1.2,45.3,291.2,4.3,9.7,296.0,998.0,998.0,2.7,5.3
2024-07-21 12:20:00+02:00,25.2,25.2,28.7,20.5,75.0,30.8,78.0,139.9,1.0,0.0,1.2,5.0,0.0,1.2,45.3,291.2,1.7,7.2,265.0,998.2,998.2,2.7,5.3
2024-07-21 12:25:00+02:00,25.3,25.3,28.5,20.2,73.0,30.8,78.0,116.3,1.0,0.0,1.2,5.0,0.0,1.2,45.3,291.2,3.0,7.6,238.0,998.2,998.2,2.7,5.3
2024-07-21 12:30:00+02:00,25.1,25.1,28.5,20.3,75.0,30.8,78.0,113.2,1.0,0.0,1.2,5.0,0.0,1.2,45.3,291.2,2.2,7.9,199.0,998.3,998.3,2.7,5.3
2024-07-21 12:35:00+02:00,24.9,24.9,27.7,20.2,75.0,30.8,77.0,139.5,1.0,0.0,1.2,5.0,0.0,1.2,45.3,291.2,5.1,13.3,141.0,998.2,998.2,2.7,5.3
2024-07-21 12:40:00+02:00,24.5,24.5,27.9,20.2,77.0,30.8,77.0,154.8,1.0,0.0,1.2,5.0,0.0,1.2,45.3,291.2,1.9,12.2,148.0,998.4,998.4,2.7,5.3
2024-07-21 12:45:00+02:00,24.5,24.5,27.8,20.0,76.0,30.9,77.0,193.3,1.0,0.0,1.2,5.0,0.0,1.2,45.3,291.2,2.1,10.1,109.0,998.2,998.2,2.7,5.3
2024-07-21 12:50:00+02:00,24.7,24.7,27.6,20.1,75.0,30.9,77.0,253.1,2.0,0.0,1.2,5.0,0.0,1.2,45.3,291.2,4.5,10.8,147.0,998.1,998.1,2.7,5.3
2024-07-21 12:55:00+02:00,24.6,24.6,27.2,19.8,74.0,30.9,78.0,313.6,2.0,0.0,1.2,5.0,0.0,1.2,45.3,291.2,5.1,10.8,131.0,998.1,998.1,2.7,5.3
2024-07-21 13:00:00+02:00,25.0,25.0,28.7,20.3,75.0,30.9,77.0,428.3,3.0,0.0,1.2,5.0,0.0,1.2,45.3,291.2,0.8,6.8,142.0,998.0,998.0,2.7,5.3
2024-07-21 13:05:00+02:00,26.1,26.1,29.3,20.4,71.0,30.9,77.0,541.9,5.0,0.0,1.2,5.0,0.0,1.2,45.3,291.2,3.4,8.6,172.0,997.9,997.9,2.7,5.3
2024-07-21 13:10:00+02:00,26.5,27.2,29.9,20.6,70.0,30.9,77.0,349.2,3.0,0.0,1.2,5.0,0.0,1.2,45.3,291.2,2.8,6.8,195.0,997.8,997.8,2.7,5.3
2024-07-21 13:15:00+02:00,26.3,26.3,29.6,20.3,70.0,31.0,77.0,336.7,3.0,0.0,1.2,5.0,0.0,1.2,45.3,291.2,3.1,7.9,195.0,997.9,997.9,2.7,5.3
2024-07-21 13:20:00+02:00,25.6,25.6,28.6,20.2,72.0,31.0,77.0,325.9,3.0,0.0,1.2,5.0,0.0,1.2,45.3,291.2,4.1,11.2,142.0,997.8,997.8,2.7,5.3
2024-07-21 13:25:00+02:00,25.8,25.8,29.1,20.2,71.0,31.1,77.0,421.4,3.0,0.0,1.2,5.0,0.0,1.2,45.3,291.2,2.2,7.9,134.0,997.9,997.9,2.7,5.3
2024-07-21 13:30:00+02:00,26.3,26.3,29.8,20.5,71.0,31.1,77.0,341.6,3.0,0.0,1.2,5.0,0.0,1.2,45.3,291.2,1.8,8.3,212.0,998.0,998.0,2.7,5.3
2024-07-21 13:35:00+02:00,26.6,27.2,30.0,20.5,69.0,31.1,77.0,362.2,3.0,0.0,1.2,5.0,0.0,1.2,45.3,291.2,2.9,6.5,276.0,998.0,998.0,2.7,5.3
2024-07-21 13:40:00+02:00,26.6,27.2,29.7,20.3,68.0,31.2,77.0,180.5,1.0,0.0,1.2,5.0,0.0,1.2,45.3,291.2,4.0,8.6,214.0,998.1,998.1,2.7,5.3
2024-07-21 13:45:00+02:00,26.3,26.3,29.5,20.3,70.0,31.2,77.0,274.3,2.0,0.0,1.2,5.0,0.0,1.2,45.3,291.2,3.1,6.5,278.0,998.1,998.1,2.7,5.3
2024-07-21 13:50:00+02:00,26.6,27.3,29.9,20.5,69.0,31.3,77.0,301.8,2.0,0.0,1.2,5.0,0.0,1.2,45.3,291.2,3.5,9.0,290.0,998.2,998.2,2.7,5.3
2024-07-21 13:55:00+02:00,26.7,27.7,30.0,20.5,69.0,31.3,77.0,515.5,4.0,0.0,1.2,5.0,0.0,1.2,45.3,291.2,3.3,9.0,330.0,998.2,998.2,2.7,5.3
2024-07-21 14:00:00+02:00,26.8,28.4,30.1,20.6,69.0,31.4,77.0,380.4,3.0,0.0,1.2,5.0,0.0,1.2,45.3,291.2,3.2,9.7,272.0,998.3,998.3,2.7,5.3
2024-07-21 14:05:00+02:00,26.6,27.6,30.1,20.6,69.0,31.4,77.0,308.1,2.0,0.0,1.2,5.0,0.0,1.2,45.3,291.2,2.4,8.3,103.0,998.3,998.3,2.7,5.3
2024-07-21 14:10:00+02:00,26.9,28.6,30.4,20.6,68.0,31.5,78.0,352.8,3.0,0.0,1.2,5.0,0.0,1.2,45.3,291.2,2.6,6.1,231.0,998.1,998.1,2.7,5.3
2024-07-21 14:15:00+02:00,27.3,29.1,30.6,20.6,67.0,31.6,78.0,470.3,4.0,0.0,1.2,5.0,0.0,1.2,45.3,291.2,3.4,7.2,242.0,998.2,998.2,2.7,5.3
2024-07-21 14:20:00+02:00,27.5,29.2,30.8,20.5,66.0,31.7,78.0,717.6,6.0,0.0,1.2,5.0,0.0,1.2,45.3,291.2,3.0,7.6,228.0,998.3,998.3,2.7,5.3
2024-07-21 14:25:00+02:00,27.6,29.4,31.0,20.4,65.0,31.7,78.0,672.5,6.0,0.0,1.2,5.0,0.0,1.2,45.3,291.2,2.6,7.6,230.0,998.2,998.2,2.7,5.3
2024-07-21 14:30:00+02:00,27.4,29.0,31.1,20.2,65.0,31.8,78.0,225.4,2.0,0.0,1.2,5.0,0.0,1.2,45.3,291.2,0.5,6.8,193.0,998.3,998.3,2.7,5.3
2024-07-21 14:35:00+02:00,26.8,28.1,30.3,20.5,68.0,31.8,78.0,204.7,1.0,0.0,1.2,5.0,0.0,1.2,45.3,291.2,2.4,5.4,130.0,998.4,998.4,2.7,5.3
2024-07-21 14:40:00+02:00,26.3,26.3,29.6,20.1,69.0,31.9,78.0,202.1,1.0,0.0,1.2,5.0,0.0,1.2,45.3,291.2,2.2,7.2,203.0,998.6,998.6,2.7,5.3
2024-07-21 14:45:00+02:00,26.7,27.6,29.8,20.4,68.0,32.0,78.0,172.0,1.0,0.0,1.2,5.0,0.0,1.2,45.3,291.2,3.5,7.6,201.0,998.5,998.5,2.7,5.3
2024-07-21 14:50:00+02:00,26.3,26.3,29.8,20.6,71.0,32.0,78.0,298.7,2.0,0.0,1.2,5.0,0.0,1.2,45.3,291.2,2.4,5.8,123.0,998.6,998.6,2.7,5.3
2024-07-21 14:55:00+02:00,26.7,27.7,29.8,20.3,68.0,32.0,78.0,738.4,6.0,0.0,1.2,5.0,0.0,1.2,45.3,291.2,3.7,9.7,266.0,998.4,998.4,2.7,5.3
2024-07-21 15:00:00+02:00,27.6,29.6,31.2,20.9,67.0,32.1,79.0,704.7,6.0,0.0,1.2,5.0,0.0,1.2,45.3,291.2,3.0,10.8,248.0,998.5,998.5,2.7,5.3
2024-07-21 15:05:00+02:00,27.7,29.5,30.7,20.4,65.0,32.2,79.0,683.4,6.0,0.0,1.2,5.0,0.0,1.2,45.3,291.2,4.8,9.4,249.0,998.4,998.4,2.7,5.3
2024-07-21 15:10:00+02:00,27.7,29.5,30.7,20.6,65.0,32.3,79.0,631.6,5.0,0.0,1.2,5.0,0.0,1.2,45.3,291.2,4.8,11.2,248.0,998.4,998.4,2.7,5.3
2024-07-21 15:15:00+02:00,27.4,29.2,30.4,20.5,66.0,32.3,79.0,626.8,5.0,0.0,1.2,5.0,0.0,1.2,45.3,291.2,5.2,9.7,278.0,998.4,998.4,2.7,5.3
2024-07-21 15:20:00+02:00,27.2,28.9,30.3,20.3,66.0,32.4,79.0,541.8,5.0,0.0,1.2,5.0,0.0,1.2,45.3,291.2,4.1,14.4,246.0,998.4,998.4,2.7,5.3
2024-07-21 15:25:00+02:00,27.7,29.5,31.1,20.5,65.0,32.5,79.0,577.7,5.0,0.0,1.2,5.0,0.0,1.2,45.3,291.2,2.4,9.4,216.0,998.4,998.4,2.7,5.3
2024-07-21 15:30:00+02:00,28.0,29.9,31.3,20.7,65.0,32.6,79.0,344.4,3.0,0.0,1.2,5.0,0.0,1.2,45.3,291.2,3.5,9.4,239.0,998.5,998.5,2.7,5.3
2024-07-21 15:35:00+02:00,27.8,29.6,31.2,20.4,64.0,32.6,80.0,576.8,5.0,0.0,1.2,5.0,0.0,1.2,45.3,291.2,2.6,8.6,277.0,998.5,998.5,2.7,5.3
2024-07-21 15:40:00+02:00,28.1,30.0,31.3,20.5,64.0,32.7,80.0,532.1,4.0,0.0,1.2,5.0,0.0,1.2,45.3,291.2,3.6,6.5,266.0,998.5,998.5,2.7,5.3
2024-07-21 15:45:00+02:00,28.1,29.9,31.0,20.1,62.0,32.7,80.0,599.9,5.0,0.0,1.2,5.0,0.0,1.2,45.3,291.2,4.6,15.1,235.0,998.4,998.4,2.7,5.3
2024-07-21 15:50:00+02:00,28.2,29.9,31.2,20.1,62.0,32.8,80.0,528.7,4.0,0.0,1.2,5.0,0.0,1.2,45.3,291.2,3.9,8.6,262.0,998.4,998.4,2.7,5.3
2024-07-21 15:55:00+02:00,27.3,28.9,30.4,20.0,64.0,32.8,80.0,489.5,4.0,0.0,1.2,5.0,0.0,1.2,45.3,291.2,3.2,8.6,247.0,998.3,998.3,2.7,5.3
2024-07-21 16:00:00+02:00,28.1,29.9,31.3,20.4,63.0,32.9,80.0,428.0,3.0,0.0,1.2,5.0,0.0,1.2,45.3,291.2,3.2,8.3,245.0,998.3,998.3,2.7,5.3
2024-07-21 16:05:00+02:00,27.8,29.5,30.8,20.2,63.0,33.0,80.0,586.8,5.0,0.0,1.2,5.0,0.0,1.2,45.3,291.2,4.0,13.3,226.0,998.3,998.3,2.7,5.3
2024-07-21 16:10:00+02:00,27.3,28.9,30.6,20.2,65.0,33.0,80.0,240.7,2.0,0.0,1.2,5.0,0.0,1.2,45.3,291.2,2.6,13.3,150.0,998.4,998.4,2.7,5.3
2024-07-21 16:15:00+02:00,27.2,28.9,30.3,20.4,66.0,33.0,80.0,585.4,5.0,0.0,1.2,5.0,0.0,1.2,45.3,291.2,4.2,10.4,242.0,998.4,998.4,2.7,5.3
2024-07-21 16:20:00+02:00,27.3,29.0,30.1,20.5,66.0,33.0,81.0,281.7,2.0,0.0,1.2,5.0,0.0,1.2,45.3,291.2,5.3,10.1,246.0,998.5,998.5,2.7,5.3
2024-07-21 16:25:00+02:00,26.9,28.5,30.0,20.4,68.0,33.1,81.0,401.1,3.0,0.0,1.2,5.0,0.0,1.2,45.3,291.2,3.8,8.3,245.0,998.6,998.6,2.7,5.3
2024-07-21 16:30:00+02:00,26.6,27.3,29.8,20.4,69.0,33.1,81.0,553.8,5.0,0.0,1.2,5.0,0.0,1.2,45.3,291.2,3.7,12.6,209.0,998.6,998.6,2.7,5.3
2024-07-21 16:35:00+02:00,27.2,28.9,29.9,20.5,67.0,33.1,81.0,502.8,4.0,0.0,1.2,5.0,0.0,1.2,45.3,291.2,6.3,11.2,232.0,998.7,998.7,2.7,5.3
2024-07-21 16:40:00+02:00,27.4,29.2,30.3,20.5,66.0,33.1,81.0,399.2,3.0,0.0,1.2,5.0,0.0,1.2,45.3,291.2,5.6,16.9,265.0,998.6,998.6,2.7,5.3
2024-07-21 16:45:00+02:00,26.5,27.1,28.8,20.2,68.0,33.2,81.0,221.5,2.0,0.0,1.2,5.0,0.0,1.2,45.3,291.2,7.7,16.9,275.0,998.7,998.7,2.7,5.3
2024-07-21 16:50:00+02:00,26.2,26.2,29.1,20.1,69.0,33.2,81.0,262.1,2.0,0.0,1.2,5.0,0.0,1.2,45.3,291.2,4.4,15.1,230.0,998.8,998.8,2.7,5.3
2024-07-21 16:55:00+02:00,25.9,25.9,28.2,20.0,70.0,33.2,81.0,169.4,1.0,0.0,1.2,5.0,0.0,1.2,45.3,291.2,7.0,16.2,295.0,998.9,998.9,2.7,5.3
2024-07-21 17:00:00+02:00,25.7,25.7,28.6,19.9,70.0,33.2,81.0,237.3,2.0,0.0,1.2,5.0,0.0,1.2,45.3,291.2,4.2,16.2,280.0,998.9,998.9,2.7,5.3
2024-07-21 17:05:00+02:00,25.8,25.8,28.6,20.2,71.0,33.2,81.0,243.5,2.0,0.0,1.2,5.0,0.0,1.2,45.3,291.2,5.0,12.6,273.0,999.0,999.0,2.7,5.3
2024-07-21 17:10:00+02:00,25.7,25.7,28.7,20.0,71.0,33.2,81.0,281.9,2.0,0.0,1.2,5.0,0.0,1.2,45.3,291.2,3.5,12.6,189.0,999.0,999.0,2.7,5.3
2024-07-21 17:15:00+02:00,25.9,25.9,29.3,20.2,71.0,33.2,81.0,160.5,1.0,0.0,1.2,5.0,0.0,1.2,45.3,291.2,2.0,7.2,272.0,999.1,999.1,2.7,5.3
2024-07-21 17:20:00+02:00,25.7,25.7,28.6,19.8,70.0,33.2,81.0,254.7,2.0,0.0,1.2,5.0,0.0,1.2,45.3,291.2,3.7,9.7,237.0,999.0,999.0,2.7,5.3
2024-07-21 17:25:00+02:00,25.5,25.5,27.8,19.9,71.0,33.1,81.0,336.5,3.0,0.0,1.2,5.0,0.0,1.2,45.3,291.2,6.9,17.3,276.0,999.0,999.0,2.7,5.3
2024-07-21 17:30:00+02:00,25.3,25.3,28.4,19.9,72.0,33.1,81.0,159.7,1.0,0.0,1.2,5.0,0.0,1.2,45.3,291.2,2.7,13.7,266.0,999.0,999.0,2.7,5.3
2024-07-21 17:35:00+02:00,25.5,25.5,28.4,19.7,71.0,33.1,81.0,154.9,1.0,0.0,1.2,5.0,0.0,1.2,45.3,291.2,3.5,7.2,236.0,999.1,999.1,2.7,5.3
2024-07-21 17:40:00+02:00,25.2,25.2,26.8,19.6,71.0,33.1,81.0,264.0,2.0,0.0,1.2,5.0,0.0,1.2,45.3,291.2,9.8,17.6,282.0,999.1,999.1,2.7,5.3
2024-07-21 17:45:00+02:00,24.9,24.9,27.0,19.4,71.0,33.1,81.0,206.5,1.0,0.0,1.2,5.0,0.0,1.2,45.3,291.2,7.1,20.9,264.0,999.2,999.2,2.7,5.3
2024-07-21 17:50:00+02:00,24.7,24.7,26.6,19.2,72.0,33.0,80.0,168.9,1.0,0.0,1.2,5.0,0.0,1.2,45.3,291.2,7.3,16.2,313.0,999.3,999.3,2.7,5.3
2024-07-21 17:55:00+02:00,24.7,24.7,27.6,19.3,72.0,33.0,80.0,196.8,1.0,0.0,1.2,5.0,0.0,1.2,45.3,291.2,2.7,10.4,257.0,999.2,999.2,2.7,5.3
2024-07-21 18:00:00+02:00,25.0,25.0,27.3,19.3,71.0,32.9,80.0,274.4,2.0,0.0,1.2,5.0,0.0,1.2,45.3,291.2,5.5,9.0,348.0,999.4,999.4,2.7,5.3
2024-07-21 18:05:00+02:00,24.9,24.9,27.3,19.2,71.0,32.9,80.0,170.6,1.0,0.0,1.2,5.0,0.0,1.2,45.3,291.2,4.5,15.5,205.0,999.4,999.4,2.7,5.3
2024-07-21 18:10:00+02:00,24.8,24.8,27.4,19.2,71.0,32.8,80.0,201.9,1.0,0.0,1.2,5.0,0.0,1.2,45.3,291.2,3.2,9.7,234.0,999.4,999.4,2.7,5.3
2024-07-21 18:15:00+02:00,25.0,25.0,27.5,19.2,70.0,32.8,80.0,191.9,1.0,0.0,1.2,5.0,0.0,1.2,45.3,291.2,4.0,8.6,154.0,999.4,999.4,2.7,5.3
2024-07-21 18:20:00+02:00,24.7,24.7,27.1,18.9,70.0,32.8,80.0,113.6,1.0,0.0,1.2,5.0,0.0,1.2,45.3,291.2,4.1,9.7,208.0,999.5,999.5,2.7,5.3
2024-07-21 18:25:00+02:00,24.5,24.5,26.8,18.5,69.0,32.7,80.0,86.3,0.0,0.0,1.2,5.0,0.0,1.2,45.3,291.2,3.7,11.5,259.0,999.4,999.4,2.7,5.3
2024-07-21 18:30:00+02:00,24.5,24.5,26.7,18.5,69.0,32.7,80.0,71.3,0.0,0.0,1.2,5.0,0.0,1.2,45.3,291.2,4.1,7.9,286.0,999.5,999.5,2.7,5.3
2024-07-21 18:35:00+02:00,24.3,24.3,26.7,18.4,70.0,32.6,80.0,65.7,0.0,0.0,1.2,5.0,0.0,1.2,45.3,291.2,3.5,7.9,249.0,999.6,999.6,2.7,5.3
2024-07-21 18:40:00+02:00,24.0,24.0,26.3,18.6,72.0,32.6,80.0,86.3,0.0,0.0,1.2,5.0,0.0,1.2,45.3,291.2,3.9,8.6,233.0,999.6,999.6,2.7,5.3
2024-07-21 18:45:00+02:00,23.9,23.9,26.4,18.7,73.0,32.5,80.0,87.0,0.0,0.0,1.2,5.0,0.0,1.2,45.3,291.2,3.1,8.3,162.0,999.8,999.8,2.7,5.3
2024-07-21 18:50:00+02:00,23.6,23.6,26.5,18.9,75.0,32.5,79.0,72.0,0.0,0.0,1.2,5.0,0.0,1.2,45.3,291.2,1.2,8.3,205.0,999.8,999.8,2.7,5.3
2024-07-21 18:55:00+02:00,23.6,23.6,26.1,18.9,75.0,32.4,79.0,72.1,0.0,0.0,1.2,5.0,0.0,1.2,45.3,291.2,3.5,9.4,155.0,999.9,999.9,2.7,5.3
2024-07-21 19:00:00+02:00,23.4,23.4,26.2,19.0,76.0,32.3,79.0,43.1,0.0,0.0,1.2,5.0,0.0,1.2,45.3,291.2,2.6,9.4,223.0,999.9,999.9,2.7,5.3
2024-07-21 19:05:00+02:00,23.4,23.4,25.8,19.0,76.0,32.2,79.0,29.4,0.0,0.0,1.2,5.0,0.0,1.2,45.3,291.2,4.0,6.8,221.0,1000.0,1000.0,2.7,5.3
2024-07-21 19:10:00+02:00,23.2,23.2,25.8,18.9,77.0,32.2,79.0,26.8,0.0,0.0,1.2,5.0,0.0,1.2,45.3,291.2,3.2,10.8,249.0,999.9,999.9,2.7,5.3
2024-07-21 19:15:00+02:00,23.1,23.1,25.0,18.9,77.0,32.1,79.0,75.6,0.0,0.0,1.2,5.0,0.0,1.2,45.3,291.2,6.1,11.2,271.0,1000.0,1000.0,2.7,5.2
2024-07-21 19:20:00+02:00,23.0,23.0,24.8,18.8,77.0,32.0,79.0,78.5,0.0,0.0,1.2,5.0,0.0,1.2,45.3,291.2,6.6,20.2,259.0,1000.0,1000.0,2.7,5.2
2024-07-21 19:25:00+02:00,23.1,23.1,25.7,18.8,77.0,32.0,79.0,54.5,0.0,0.0,1.2,5.0,0.0,1.2,45.3,291.2,2.8,7.9,220.0,1000.0,1000.0,2.7,5.2
2024-07-21 19:30:00+02:00,23.0,23.0,25.0,18.8,77.0,31.9,79.0,32.7,0.0,0.0,1.2,5.0,0.0,1.2,45.3,291.2,5.6,13.7,273.0,999.9,999.9,2.7,5.2
2024-07-21 19:35:00+02:00,22.8,22.8,25.7,18.7,78.0,31.8,79.0,31.6,0.0,0.0,1.2,5.0,0.0,1.2,45.3,291.2,1.6,13.0,261.0,1000.0,1000.0,2.7,5.2
2024-07-21 19:40:00+02:00,22.9,22.9,25.7,18.7,77.0,31.8,79.0,32.8,0.0,0.0,1.2,5.0,0.0,1.2,45.3,291.2,1.4,7.6,254.0,999.9,999.9,2.7,5.2
2024-07-21 19:45:00+02:00,22.9,22.9,25.5,18.7,78.0,31.7,79.0,31.2,0.0,0.0,1.2,5.0,0.0,1.2,45.3,291.2,2.4,7.6,275.0,1000.0,1000.0,2.7,5.2
2024-07-21 19:50:00+02:00,22.8,22.8,25.5,18.7,78.0,31.6,79.0,23.8,0.0,0.0,1.2,5.0,0.0,1.2,45.3,291.2,1.9,10.1,173.0,1000.1,1000.1,2.7,5.2
2024-07-21 19:55:00+02:00,22.7,22.7,25.3,18.6,78.0,31.6,79.0,19.4,0.0,0.0,1.2,5.0,0.0,1.2,45.3,291.2,2.5,9.4,172.0,1000.1,1000.1,2.7,5.2
2024-07-21 20:00:00+02:00,22.6,22.6,24.6,18.6,78.0,31.5,79.0,15.3,0.0,0.0,1.2,5.0,0.0,1.2,45.3,291.2,5.5,14.0,242.0,1000.2,1000.2,2.7,5.2
2024-07-21 20:05:00+02:00,22.4,22.4,24.5,18.4,78.0,31.4,79.0,13.4,0.0,0.0,1.2,5.0,0.0,1.2,45.3,291.2,4.2,14.0,258.0,1000.2,1000.2,2.7,5.2
2024-07-21 20:10:00+02:00,22.3,22.3,24.3,18.3,78.0,31.3,79.0,13.4,0.0,0.0,1.2,5.0,0.0,1.2,45.3,291.2,4.4,23.0,299.0,1000.4,1000.4,2.7,5.2
2024-07-21 20:15:00+02:00,22.2,22.2,24.5,18.1,78.0,31.2,79.0,13.1,0.0,0.0,1.2,5.0,0.0,1.2,45.3,291.2,2.7,10.1,242.0,1000.5,1000.5,2.7,5.2
2024-07-21 20:20:00+02:00,22.2,22.2,24.0,18.2,78.0,31.2,79.0,12.8,0.0,0.0,1.2,5.0,0.0,1.2,45.3,291.2,5.3,15.5,263.0,1000.7,1000.7,2.7,5.2
2024-07-21 20:25:00+02:00,22.0,22.0,24.0,18.0,78.0,31.1,79.0,11.3,0.0,0.0,1.2,5.0,0.0,1.2,45.3,291.2,4.2,10.1,253.0,1000.7,1000.7,2.7,5.2
2024-07-21 20:30:00+02:00,22.0,22.0,24.1,18.1,79.0,31.0,79.0,12.0,0.0,0.0,1.2,5.0,0.0,1.2,45.3,291.2,3.5,12.2,261.0,1000.8,1000.8,2.7,5.2
2024-07-21 20:35:00+02:00,21.9,21.9,24.1,18.1,79.0,30.9,79.0,11.8,0.0,0.0,1.2,5.0,0.0,1.2,45.3,291.2,3.4,8.3,269.0,1000.7,1000.7,2.7,5.2
2024-07-21 20:40:00+02:00,21.9,21.9,23.6,18.1,79.0,30.8,79.0,9.6,0.0,0.0,1.2,5.0,0.0,1.2,45.3,291.2,5.8,16.9,277.0,1000.9,1000.9,2.7,5.2
2024-07-21 20:45:00+02:00,21.8,21.8,23.8,18.0,79.0,30.8,79.0,7.7,0.0,0.0,1.2,5.0,0.0,1.2,45.3,291.2,4.0,8.3,288.0,1001.0,1001.0,2.7,5.2
2024-07-21 20:50:00+02:00,21.8,21.8,24.1,18.0,79.0,30.7,79.0,7.0,0.0,0.0,1.2,5.0,0.0,1.2,45.3,291.2,2.6,16.6,217.0,1001.0,1001.0,2.7,5.2
2024-07-21 20:55:00+02:00,21.8,21.8,24.3,18.1,80.0,30.6,79.0,5.1,0.0,0.0,1.2,5.0,0.0,1.2,45.3,291.2,1.7,5.4,264.0,1001.1,1001.1,2.7,5.2
2024-07-21 21:00:00+02:00,21.8,21.8,23.6,18.3,81.0,30.5,79.0,4.7,0.0,0.0,1.2,5.0,0.0,1.2,45.3,291.2,5.6,14.4,275.0,1001.2,1001.2,2.7,5.2
2024-07-21 21:05:00+02:00,21.5,21.5,23.6,18.6,84.0,30.4,79.0,5.1,0.0,0.0,1.2,5.0,0.0,1.2,45.3,291.2,4.8,11.9,272.0,1001.2,1001.2,2.7,5.2
2024-07-21 21:10:00+02:00,21.2,21.2,22.9,18.6,85.0,30.3,79.0,4.7,0.0,0.0,1.2,5.0,0.0,1.2,45.3,291.2,7.1,12.6,293.0,1001.3,1001.3,2.7,5.2
2024-07-21 21:15:00+02:00,21.1,21.1,23.1,18.7,86.0,30.2,79.0,4.2,0.0,0.0,1.2,5.0,0.0,1.2,45.3,291.2,5.7,15.8,272.0,1001.3,1001.3,2.7,5.2
2024-07-21 21:20:00+02:00,21.0,21.0,23.3,18.6,86.0,30.1,79.0,2.5,0.0,0.0,1.2,5.0,0.0,1.2,45.3,291.2,4.0,11.2,278.0,1001.4,1001.4,2.7,5.2
2024-07-21 21:25:00+02:00,21.0,21.0,23.2,18.6,86.0,30.0,79.0,2.4,0.0,0.0,1.2,5.0,0.0,1.2,45.3,291.2,4.2,7.2,254.0,1001.5,1001.5,2.7,5.2
2024-07-21 21:30:00+02:00,21.0,21.0,23.6,18.6,86.0,30.0,79.0,1.6,0.0,0.0,1.2,5.0,0.0,1.2,45.3,291.2,2.2,5.8,243.0,1001.6,1001.6,2.7,5.2
2024-07-21 21:35:00+02:00,20.8,20.8,22.5,18.4,86.0,29.9,79.0,0.9,0.0,0.0,1.2,5.0,0.0,1.2,45.3,291.2,7.0,17.3,262.0,1001.5,1001.5,2.7,5.1
2024-07-21 21:40:00+02:00,20.7,20.7,22.1,18.3,86.0,29.8,79.0,0.6,0.0,0.0,1.2,5.0,0.0,1.2,45.3,291.2,7.9,16.2,276.0,1001.7,1001.7,2.7,5.1
2024-07-21 21:45:00+02:00,20.6,20.6,22.3,18.4,87.0,29.7,79.0,0.4,0.0,0.0,1.2,5.0,0.0,1.2,45.3,291.2,6.4,14.4,273.0,1001.7,1001.7,2.7,5.1
2024-07-21 21:50:00+02:00,20.5,20.5,22.1,18.4,88.0,29.6,79.0,0.2,0.0,0.0,1.2,5.0,0.0,1.2,45.3,291.2,7.2,14.0,282.0,1001.7,1001.7,2.7,5.1
2024-07-21 21:55:00+02:00,20.4,20.4,22.0,18.3,88.0,29.5,79.0,0.2,0.0,0.0,1.2,5.0,0.0,1.2,45.3,291.2,6.8,13.0,279.0,1001.7,1001.7,2.7,5.1
2024-07-21 22:00:00+02:00,20.3,20.3,22.0,18.4,89.0,29.4,79.0,0.1,0.0,0.0,1.2,5.0,0.0,1.2,45.3,291.2,6.5,13.0,281.0,1001.7,1001.7,2.7,5.1
2024-07-21 22:05:00+02:00,20.2,20.2,22.3,18.4,89.0,29.3,79.0,0.0,0.0,0.0,1.2,5.0,0.0,1.2,45.3,291.2,4.2,13.0,269.0,1001.7,1001.7,2.7,5.1
2024-07-21 22:10:00+02:00,20.1,20.1,22.2,18.4,90.0,29.2,79.0,0.0,0.0,0.0,1.2,5.0,0.0,1.2,45.3,291.2,4.4,7.2,281.0,1001.7,1001.7,2.7,5.1
2024-07-21 22:15:00+02:00,20.1,20.1,21.9,18.4,90.0,29.1,79.0,0.0,0.0,0.0,1.2,5.0,0.0,1.2,45.3,291.2,5.6,13.3,280.0,1001.8,1001.8,2.7,5.1
2024-07-21 22:20:00+02:00,20.0,20.0,22.4,18.2,90.0,29.0,79.0,0.0,0.0,0.0,1.2,5.0,0.0,1.2,45.3,291.2,2.4,13.3,278.0,1001.8,1001.8,2.7,5.1
2024-07-21 22:25:00+02:00,20.0,20.0,22.2,18.3,90.0,28.9,79.0,0.0,0.0,0.0,1.2,5.0,0.0,1.2,45.3,291.2,3.7,6.1,300.0,1001.8,1001.8,2.7,5.1
2024-07-21 22:30:00+02:00,20.0,20.0,22.4,18.2,89.0,28.8,79.0,0.0,0.0,0.0,1.2,5.0,0.0,1.2,45.3,291.2,2.3,6.1,263.0,1001.9,1001.9,2.7,5.1
2024-07-21 22:35:00+02:00,20.0,20.0,22.7,18.1,89.0,28.8,79.0,0.0,0.0,0.0,1.2,5.0,0.0,1.2,45.3,291.2,0.4,2.9,247.0,1001.8,1001.8,2.7,5.1
2024-07-21 22:40:00+02:00,19.9,19.9,22.6,18.2,90.0,28.7,79.0,0.0,0.0,0.0,1.2,5.0,0.0,1.2,45.3,291.2,0.9,3.2,144.0,1001.9,1001.9,2.7,5.1
2024-07-21 22:45:00+02:00,19.8,19.8,22.5,18.0,89.0,28.6,79.0,0.0,0.0,0.0,1.2,5.0,0.0,1.2,45.3,291.2,0.9,5.4,265.0,1002.0,1002.0,2.7,5.1
2024-07-21 22:50:00+02:00,19.9,19.9,22.5,18.2,90.0,28.5,79.0,0.0,0.0,0.0,1.2,5.0,0.0,1.2,45.3,291.2,1.3,4.3,253.0,1002.2,1002.2,2.7,5.1
2024-07-21 22:55:00+02:00,19.9,19.9,22.4,18.2,90.0,28.5,79.0,0.0,0.0,0.0,1.2,5.0,0.0,1.2,45.3,291.2,1.9,7.9,285.0,1002.1,1002.1,2.7,5.1
2024-07-21 23:00:00+02:00,19.9,19.9,22.5,18.2,90.0,28.4,79.0,0.0,0.0,0.0,1.2,5.0,0.0,1.2,45.3,291.2,1.6,4.3,292.0,1002.3,1002.3,2.7,5.1
2024-07-21 23:05:00+02:00,19.8,19.8,22.4,18.2,90.0,28.3,79.0,0.0,0.0,0.0,1.2,5.0,0.0,1.2,45.3,291.2,1.8,5.4,269.0,1002.3,1002.3,2.7,5.1
2024-07-21 23:10:00+02:00,19.8,19.8,22.3,18.0,90.0,28.3,79.0,0.0,0.0,0.0,1.2,5.0,0.0,1.2,45.3,291.2,1.4,4.0,278.0,1002.5,1002.5,2.7,5.1
2024-07-21 23:15:00+02:00,19.8,19.8,22.2,17.9,89.0,28.2,79.0,0.0,0.0,0.0,1.2,5.0,0.0,1.2,45.3,291.2,1.7,6.5,263.0,1002.3,1002.3,2.7,5.1
2024-07-21 23:20:00+02:00,19.8,19.8,22.4,17.9,89.0,28.1,79.0,0.0,0.0,0.0,1.2,5.0,0.0,1.2,45.3,291.2,0.5,4.0,311.0,1002.4,1002.4,2.7,5.1
2024-07-21 23:25:00+02:00,19.7,19.7,22.2,18.1,90.0,28.1,79.0,0.0,0.0,0.0,1.2,5.0,0.0,1.2,45.3,291.2,1.4,3.2,288.0,1002.5,1002.5,2.7,5.0
2024-07-21 23:30:00+02:00,19.7,19.7,22.3,18.0,90.0,28.0,79.0,0.0,0.0,0.0,1.2,5.0,0.0,1.2,45.3,291.2,0.4,3.2,260.0,1002.5,1002.5,2.7,5.0
2024-07-21 23:35:00+02:00,19.6,19.6,22.2,17.9,90.0,27.9,79.0,0.0,0.0,0.0,1.2,5.0,0.0,1.2,45.3,291.2,0.4,2.5,278.0,1002.6,1002.6,2.7,5.0
2024-07-21 23:40:00+02:00,19.5,19.5,21.9,17.8,90.0,27.9,79.0,0.0,0.0,0.0,1.2,5.0,0.0,1.2,45.3,291.2,1.5,5.8,263.0,1002.6,1002.6,2.7,5.0
2024-07-21 23:45:00+02:00,19.5,19.5,21.5,17.9,90.0,27.8,79.0,0.0,0.0,0.0,1.2,5.0,0.0,1.2,45.3,291.2,3.7,9.7,261.0,1002.6,1002.6,2.7,5.0
2024-07-21 23:50:00+02:00,19.6,19.6,21.9,17.8,89.0,27.7,79.0,0.0,0.0,0.0,1.2,5.0,0.0,1.2,45.3,291.2,1.9,7.6,330.0,1002.6,1002.6,2.7,5.0
2024-07-21 23:55:00+02:00,19.5,19.5,22.0,17.8,89.0,27.7,79.0,0.0,0.0,0.0,1.2,5.0,0.0,1.2,45.3,291.2,0.9,5.4,279.0,1002.7,1002.7,2.7,5.0
2024-07-22 00:00:00+02:00,19.4,19.4,21.6,17.7,90.0,27.6,79.0,0.0,0.0,0.0,0.0,5.0,0.0,1.2,45.3,291.2,2.4,6.5,278.0,1002.7,1002.7,2.7,5.0
2024-07-22 00:05:00+02:00,19.4,19.4,21.9,17.7,90.0,27.6,79.0,0.0,0.0,0.0,0.0,5.0,0.0,1.2,45.3,291.2,0.9,6.5,241.0,1002.8,1002.8,2.7,5.0
2024-07-22 00:10:00+02:00,19.3,19.3,21.8,17.6,90.0,27.5,79.0,0.0,0.0,0.0,0.0,5.0,0.0,1.2,45.3,291.2,0.8,2.9,213.0,1002.8,1002.8,2.7,5.0
2024-07-22 00:15:00+02:00,19.2,19.2,21.7,17.6,90.0,27.4,79.0,0.0,0.0,0.0,0.0,5.0,0.0,1.2,45.3,291.2,0.7,2.9,29.0,1002.9,1002.9,2.7,5.0
2024-07-22 00:20:00+02:00,19.2,19.2,21.7,17.7,91.0,27.4,79.0,0.0,0.0,0.0,0.0,5.0,0.0,1.2,45.3,291.2,0.7,3.2,267.0,1003.0,1003.0,2.7,5.0
2024-07-22 00:25:00+02:00,19.2,19.2,21.8,17.7,91.0,27.3,79.0,0.0,0.0,0.0,0.0,5.0,0.0,1.2,45.3,291.2,0.0,1.8,164.0,1003.0,1003.0,2.7,5.0
2024-07-22 00:30:00+02:00,19.1,19.1,21.3,17.8,92.0,27.3,79.0,0.0,0.0,0.0,0.0,5.0,0.0,1.2,45.3,291.2,2.5,5.0,184.0,1003.3,1003.3,2.7,5.0
2024-07-22 00:40:00+02:00,19.0,19.0,21.5,17.7,92.0,27.1,79.0,0.0,0.0,0.0,0.0,5.0,0.0,1.2,45.3,291.2,0.7,2.2,281.0,1003.0,1003.0,2.7,5.0
2024-07-22 00:45:00+02:00,19.0,19.0,21.5,17.7,92.0,27.1,79.0,0.0,0.0,0.0,0.0,5.0,0.0,1.2,45.3,291.2,0.9,2.2,355.0,1003.1,1003.1,2.7,5.0
2024-07-22 00:50:00+02:00,19.0,19.0,21.7,17.8,93.0,27.0,79.0,0.0,0.0,0.0,0.0,5.0,0.0,1.2,45.3,291.2,0.0,2.9,269.0,1003.2,1003.2,2.7,5.0
2024-07-22 00:55:00+02:00,18.9,18.9,21.6,17.7,93.0,27.0,79.0,0.0,0.0,0.0,0.0,5.0,0.0,1.2,45.3,291.2,0.0,1.8,270.0,1003.4,1003.4,2.7,5.0
2024-07-22 01:00:00+02:00,18.9,18.9,21.5,17.7,93.0,26.9,79.0,0.0,0.0,0.0,0.0,5.0,0.0,1.2,45.3,291.2,0.4,4.0,180.0,1003.3,1003.3,2.7,5.0
2024-07-22 01:05:00+02:00,18.9,18.9,21.4,17.7,93.0,26.8,79.0,0.0,0.0,0.0,0.0,5.0,0.0,1.2,45.3,291.2,1.2,3.6,276.0,1003.4,1003.4,2.7,4.9
2024-07-22 01:10:00+02:00,18.9,18.9,21.5,17.7,93.0,26.8,79.0,0.0,0.0,0.0,0.0,5.0,0.0,1.2,45.3,291.2,0.7,5.4,273.0,1003.3,1003.3,2.7,4.9
2024-07-22 01:15:00+02:00,18.9,18.9,21.0,17.7,93.0,26.7,79.0,0.0,0.0,0.0,0.0,5.0,0.0,1.2,45.3,291.2,2.9,7.6,279.0,1003.4,1003.4,2.7,4.9
2024-07-22 01:20:00+02:00,18.9,18.9,20.8,17.5,92.0,26.7,79.0,0.0,0.0,0.0,0.0,5.0,0.0,1.2,45.3,291.2,3.6,9.7,274.0,1003.3,1003.3,2.7,4.9
2024-07-22 01:25:00+02:00,18.8,18.8,21.0,17.3,91.0,26.6,80.0,0.0,0.0,0.0,0.0,5.0,0.0,1.2,45.3,291.2,2.0,5.8,77.0,1003.4,1003.4,2.7,4.9
2024-07-22 01:30:00+02:00,18.8,18.8,20.5,17.3,91.0,26.5,80.0,0.0,0.0,0.0,0.0,5.0,0.0,1.2,45.3,291.2,4.0,8.6,224.0,1003.5,1003.5,2.7,4.9
2024-07-22 01:35:00+02:00,18.8,18.8,21.1,17.3,91.0,26.5,79.0,0.0,0.0,0.0,0.0,5.0,0.0,1.2,45.3,291.2,0.8,6.5,307.0,1003.5,1003.5,2.7,4.9
2024-07-22 01:40:00+02:00,18.7,18.7,20.5,17.2,91.0,26.4,80.0,0.0,0.0,0.0,0.0,5.0,0.0,1.2,45.3,291.2,3.3,8.3,260.0,1003.5,1003.5,2.7,4.9
2024-07-22 01:45:00+02:00,18.6,18.6,20.6,17.1,91.0,26.3,80.0,0.0,0.0,0.0,0.0,5.0,0.0,1.2,45.3,291.2,2.3,6.1,287.0,1003.5,1003.5,2.7,4.9
2024-07-22 01:50:00+02:00,18.6,18.6,20.3,17.1,91.0,26.3,80.0,0.0,0.0,0.0,0.0,5.0,0.0,1.2,45.3,291.2,3.9,6.1,276.0,1003.5,1003.5,2.7,4.9
2024-07-22 01:55:00+02:00,18.5,18.5,20.6,17.0,91.0,26.2,79.0,0.0,0.0,0.0,0.0,5.0,0.0,1.2,45.3,291.2,1.4,5.8,45.0,1003.6,1003.6,2.7,4.9
2024-07-22 02:00:00+02:00,18.4,18.4,20.7,16.9,91.0,26.2,79.0,0.0,0.0,0.0,0.0,5.0,0.0,1.2,45.3,291.2,0.4,3.2,182.0,1003.6,1003.6,2.7,4.9
2024-07-22 02:05:00+02:00,18.4,18.4,20.5,16.9,91.0,26.2,79.0,0.0,0.0,0.0,0.0,5.0,0.0,1.2,45.3,291.2,1.2,4.0,273.0,1003.6,1003.6,2.7,4.9
2024-07-22 02:10:00+02:00,18.4,18.4,20.3,16.9,91.0,26.1,79.0,0.0,0.0,0.0,0.0,5.0,0.0,1.2,45.3,291.2,2.0,6.1,135.0,1003.6,1003.6,2.7,4.9
2024-07-22 02:15:00+02:00,18.4,18.4,20.5,16.9,91.0,26.1,79.0,0.0,0.0,0.0,0.0,5.0,0.0,1.2,45.3,291.2,0.9,6.1,65.0,1003.7,1003.7,2.7,4.9
2024-07-22 02:20:00+02:00,18.3,18.3,20.2,16.8,91.0,26.0,80.0,0.0,0.0,0.0,0.0,5.0,0.0,1.2,45.3,291.2,2.0,4.7,181.0,1003.7,1003.7,2.7,4.9
2024-07-22 02:25:00+02:00,18.2,18.2,20.3,16.7,91.0,25.9,80.0,0.0,0.0,0.0,0.0,5.0,0.0,1.2,45.3,291.2,0.6,3.2,157.0,1003.8,1003.8,2.7,4.9
2024-07-22 02:30:00+02:00,18.2,18.2,20.2,16.7,91.0,25.9,80.0,0.0,0.0,0.0,0.0,5.0,0.0,1.2,45.3,291.2,1.2,4.7,152.0,1003.8,1003.8,2.7,4.9
2024-07-22 02:35:00+02:00,18.2,18.2,20.4,16.7,91.0,25.8,80.0,0.0,0.0,0.0,0.0,5.0,0.0,1.2,45.3,291.2,0.7,2.9,171.0,1003.9,1003.9,2.7,4.9
2024-07-22 02:40:00+02:00,18.3,18.3,19.8,16.8,91.0,25.8,80.0,0.0,0.0,0.0,0.0,5.0,0.0,1.2,45.3,291.2,3.7,7.2,274.0,1004.0,1004.0,2.7,4.9
2024-07-22 02:45:00+02:00,18.3,18.3,19.8,16.8,91.0,25.8,80.0,0.0,0.0,0.0,0.0,5.0,0.0,1.2,45.3,291.2,3.6,5.8,293.0,1003.8,1003.8,2.7,4.9
2024-07-22 02:50:00+02:00,18.2,18.2,19.9,16.7,91.0,25.7,80.0,0.0,0.0,0.0,0.0,5.0,0.0,1.2,45.3,291.2,2.9,6.1,299.0,1003.9,1003.9,2.7,4.9
2024-07-22 02:55:00+02:00,18.2,18.2,19.8,16.7,91.0,25.7,80.0,0.0,0.0,0.0,0.0,5.0,0.0,1.2,45.3,291.2,3.0,8.3,272.0,1004.0,1004.0,2.7,4.8
2024-07-22 03:00:00+02:00,18.1,18.1,19.4,16.5,90.0,25.6,80.0,0.0,0.0,0.0,0.0,5.0,0.0,1.2,45.3,291.2,4.3,9.0,284.0,1004.2,1004.2,2.7,4.8
2024-07-22 03:05:00+02:00,18.1,18.1,19.8,16.3,89.0,25.6,80.0,0.0,0.0,0.0,0.0,5.0,0.0,1.2,45.3,291.2,2.2,8.6,240.0,1004.2,1004.2,2.7,4.8
2024-07-22 03:10:00+02:00,18.0,18.0,19.3,16.2,89.0,25.6,80.0,0.0,0.0,0.0,0.0,5.0,0.0,1.2,45.3,291.2,3.8,11.2,270.0,1004.2,1004.2,2.7,4.8
2024-07-22 03:15:00+02:00,17.9,17.9,19.2,16.1,89.0,25.5,80.0,0.0,0.0,0.0,0.0,5.0,0.0,1.2,45.3,291.2,3.6,7.6,313.0,1004.2,1004.2,2.7,4.8
2024-07-22 03:20:00+02:00,17.8,17.8,18.9,15.8,88.0,25.5,80.0,0.0,0.0,0.0,0.0,5.0,0.0,1.2,45.3,291.2,4.4,12.6,293.0,1004.2,1004.2,2.7,4.8
2024-07-22 03:25:00+02:00,17.8,17.8,19.2,15.8,88.0,25.4,80.0,0.0,0.0,0.0,0.0,5.0,0.0,1.2,45.3,291.2,2.9,13.7,278.0,1004.3,1004.3,2.7,4.8
2024-07-22 03:30:00+02:00,17.8,17.8,19.4,15.8,88.0,25.4,80.0,0.0,0.0,0.0,0.0,5.0,0.0,1.2,45.3,291.2,1.7,5.4,223.0,1004.3,1004.3,2.7,4.8
2024-07-22 03:35:00+02:00,17.8,17.8,18.9,15.7,87.0,25.3,80.0,0.0,0.0,0.0,0.0,5.0,0.0,1.2,45.3,291.2,3.7,11.2,266.0,1004.2,1004.2,2.7,4.8
2024-07-22 03:40:00+02:00,17.7,17.7,19.0,15.7,88.0,25.2,80.0,0.0,0.0,0.0,0.0,5.0,0.0,1.2,45.3,291.2,2.9,9.0,270.0,1004.3,1004.3,2.7,4.8
2024-07-22 03:45:00+02:00,17.7,17.7,19.3,15.7,88.0,25.2,80.0,0.0,0.0,0.0,0.0,5.0,0.0,1.2,45.3,291.2,1.1,5.0,240.0,1004.4,1004.4,2.7,4.8
2024-07-22 03:50:00+02:00,17.7,17.7,19.3,15.7,88.0,25.2,80.0,0.0,0.0,0.0,0.0,5.0,0.0,1.2,45.3,291.2,1.6,4.7,277.0,1004.3,1004.3,2.7,4.8
2024-07-22 03:55:00+02:00,17.6,17.6,18.6,15.6,88.0,25.2,80.0,0.0,0.0,0.0,0.0,5.0,0.0,1.2,45.3,291.2,4.0,6.8,264.0,1004.3,1004.3,2.7,4.8
2024-07-22 04:00:00+02:00,17.6,17.6,19.0,15.6,88.0,25.1,80.0,0.0,0.0,0.0,0.0,5.0,0.0,1.2,45.3,291.2,2.5,4.7,261.0,1004.5,1004.5,2.7,4.8
2024-07-22 04:05:00+02:00,17.6,17.6,19.3,15.6,88.0,25.1,80.0,0.0,0.0,0.0,0.0,5.0,0.0,1.2,45.3,291.2,0.7,4.7,262.0,1004.5,1004.5,2.7,4.8
2024-07-22 04:10:00+02:00,17.6,17.6,18.8,15.3,86.0,25.1,80.0,0.0,0.0,0.0,0.0,5.0,0.0,1.2,45.3,291.2,2.5,8.3,293.0,1004.5,1004.5,2.7,4.8
2024-07-22 04:15:00+02:00,17.6,17.6,18.8,15.2,86.0,25.0,80.0,0.0,0.0,0.0,0.0,5.0,0.0,1.2,45.3,291.2,2.6,4.7,288.0,1004.4,1004.4,2.7,4.8
2024-07-22 04:20:00+02:00,17.7,17.7,19.1,15.2,86.0,25.0,80.0,0.0,0.0,0.0,0.0,5.0,0.0,1.2,45.3,291.2,1.0,4.7,287.0,1004.6,1004.6,2.7,4.8
2024-07-22 04:25:00+02:00,17.5,17.5,19.0,15.2,86.0,24.9,80.0,0.0,0.0,0.0,0.0,5.0,0.0,1.2,45.3,291.2,1.1,3.6,270.0,1004.5,1004.5,2.7,4.8
2024-07-22 04:30:00+02:00,17.5,17.5,19.1,15.4,88.0,24.9,80.0,0.0,0.0,0.0,0.0,5.0,0.0,1.2,45.3,291.2,0.4,3.2,148.0,1004.5,1004.5,2.7,4.8
2024-07-22 04:35:00+02:00,17.3,17.3,18.9,15.5,89.0,24.8,80.0,0.0,0.0,0.0,0.0,5.0,0.0,1.2,45.3,291.2,0.9,3.6,358.0,1004.6,1004.6,2.7,4.8
2024-07-22 04:40:00+02:00,17.2,17.2,18.7,15.4,89.0,24.8,80.0,0.0,0.0,0.0,0.0,5.0,0.0,1.2,45.3,291.2,1.2,3.6,150.0,1004.7,1004.7,2.7,4.8
2024-07-22 04:45:00+02:00,17.2,17.2,18.7,15.4,89.0,24.8,80.0,0.0,0.0,0.0,0.0,5.0,0.0,1.2,45.3,291.2,1.1,3.6,95.0,1004.6,1004.6,2.7,4.7
2024-07-22 04:50:00+02:00,17.1,17.1,18.8,15.4,90.0,24.8,80.0,0.0,0.0,0.0,0.0,5.0,0.0,1.2,45.3,291.2,0.0,2.9,222.0,1004.7,1004.7,2.7,4.7
2024-07-22 04:55:00+02:00,17.0,17.0,18.5,15.3,90.0,24.7,80.0,0.0,0.0,0.0,0.0,5.0,0.0,1.2,45.3,291.2,1.1,3.6,104.0,1004.8,1004.8,2.7,4.7
2024-07-22 05:00:00+02:00,17.0,17.0,18.5,15.3,90.0,24.7,80.0,0.0,0.0,0.0,0.0,5.0,0.0,1.2,45.3,291.2,1.2,4.7,112.0,1004.7,1004.7,2.7,4.7
2024-07-22 05:05:00+02:00,17.0,17.0,18.4,15.3,90.0,24.6,80.0,0.0,0.0,0.0,0.0,5.0,0.0,1.2,45.3,291.2,1.7,3.2,112.0,1004.8,1004.8,2.7,4.7
2024-07-22 05:10:00+02:00,16.9,16.9,18.4,15.2,90.0,24.6,80.0,0.1,0.0,0.0,0.0,5.0,0.0,1.2,45.3,291.2,1.2,3.6,115.0,1004.7,1004.7,2.7,4.7
2024-07-22 05:15:00+02:00,16.9,16.9,18.4,15.3,90.0,24.5,80.0,0.2,0.0,0.0,0.0,5.0,0.0,1.2,45.3,291.2,1.4,4.3,95.0,1004.9,1004.9,2.7,4.7
2024-07-22 05:20:00+02:00,16.9,16.9,18.5,15.3,90.0,24.5,80.0,0.4,0.0,0.0,0.0,5.0,0.0,1.2,45.3,291.2,0.8,4.3,119.0,1004.7,1004.7,2.7,4.7
2024-07-22 05:25:00+02:00,16.9,16.9,18.5,15.2,90.0,24.4,80.0,0.6,0.0,0.0,0.0,5.0,0.0,1.2,45.3,291.2,0.7,4.3,100.0,1004.9,1004.9,2.7,4.7
2024-07-22 05:30:00+02:00,16.9,16.9,18.3,15.2,90.0,24.4,80.0,1.2,0.0,0.0,0.0,5.0,0.0,1.2,45.3,291.2,1.5,3.6,66.0,1004.7,1004.7,2.7,4.7
2024-07-22 05:35:00+02:00,17.0,17.0,18.5,15.3,90.0,24.3,80.0,1.9,0.0,0.0,0.0,5.0,0.0,1.2,45.3,291.2,1.2,3.6,282.0,1004.9,1004.9,2.7,4.7
2024-07-22 05:40:00+02:00,17.0,17.0,18.5,15.2,89.0,24.3,80.0,2.8,0.0,0.0,0.0,5.0,0.0,1.2,45.3,291.2,0.8,4.0,36.0,1005.0,1005.0,2.7,4.7
2024-07-22 05:45:00+02:00,17.0,17.0,18.6,15.2,89.0,24.3,80.0,3.7,0.0,0.0,0.0,5.0,0.0,1.2,45.3,291.2,0.5,4.0,168.0,1005.0,1005.0,2.7,4.7
2024-07-22 05:50:00+02:00,17.0,17.0,18.4,15.1,88.0,24.2,80.0,5.2,0.0,0.0,0.0,5.0,0.0,1.2,45.3,291.2,0.9,4.0,28.0,1005.0,1005.0,2.7,4.7
2024-07-22 05:55:00+02:00,17.0,17.0,18.6,15.0,88.0,24.2,80.0,7.1,0.0,0.0,0.0,5.0,0.0,1.2,45.3,291.2,0.0,3.6,251.0,1005.1,1005.1,2.7,4.7
2024-07-22 06:00:00+02:00,17.0,17.0,18.6,15.0,88.0,24.2,80.0,9.4,0.0,0.0,0.0,5.0,0.0,1.2,45.3,291.2,0.4,4.7,179.0,1005.1,1005.1,2.7,4.7
2024-07-22 06:05:00+02:00,17.0,17.0,18.6,15.0,88.0,24.1,80.0,11.8,0.0,0.0,0.0,5.0,0.0,1.2,45.3,291.2,0.4,4.0,257.0,1005.1,1005.1,2.7,4.7
2024-07-22 06:10:00+02:00,17.0,17.0,18.4,15.1,89.0,24.1,80.0,14.4,0.0,0.0,0.0,5.0,0.0,1.2,45.3,291.2,1.3,5.8,125.0,1005.2,1005.2,2.7,4.7
2024-07-22 06:15:00+02:00,17.0,17.0,18.3,15.0,88.0,24.0,80.0,18.1,0.0,0.0,0.0,5.0,0.0,1.2,45.3,291.2,1.7,3.6,143.0,1005.3,1005.3,2.7,4.7
2024-07-22 06:20:00+02:00,17.0,17.0,18.5,15.0,88.0,24.0,80.0,23.9,0.0,0.0,0.0,5.0,0.0,1.2,45.3,291.2,0.7,4.7,80.0,1005.3,1005.3,2.7,4.7
2024-07-22 06:25:00+02:00,16.9,16.9,18.0,14.8,87.0,24.0,80.0,27.9,0.0,0.0,0.0,5.0,0.0,1.2,45.3,291.2,2.3,5.8,248.0,1005.3,1005.3,2.7,4.7
2024-07-22 06:30:00+02:00,17.0,17.0,18.1,14.5,86.0,23.9,80.0,32.4,0.0,0.0,0.0,5.0,0.0,1.2,45.3,291.2,1.7,7.2,296.0,1005.4,1005.4,2.7,4.7
2024-07-22 06:35:00+02:00,17.0,17.0,18.1,14.4,85.0,23.9,80.0,34.6,0.0,0.0,0.0,5.0,0.0,1.2,45.3,291.2,1.8,6.8,272.0,1005.4,1005.4,2.7,4.7
2024-07-22 06:40:00+02:00,17.0,17.0,18.1,14.5,85.0,23.9,80.0,40.7,0.0,0.0,0.0,5.0,0.0,1.2,45.3,291.2,2.2,5.4,277.0,1005.5,1005.5,2.7,4.7
2024-07-22 06:45:00+02:00,17.1,17.1,18.1,14.7,86.0,23.8,80.0,37.0,0.0,0.0,0.0,5.0,0.0,1.2,45.3,291.2,2.8,5.8,276.0,1005.6,1005.6,2.7,4.7
2024-07-22 06:50:00+02:00,17.1,17.1,17.6,14.3,84.0,23.8,80.0,52.1,0.0,0.0,0.0,5.0,0.0,1.2,45.3,291.2,4.5,8.3,291.0,1005.6,1005.6,2.7,4.7
2024-07-22 06:55:00+02:00,17.3,17.3,18.1,14.1,82.0,23.8,80.0,64.0,0.0,0.0,0.0,5.0,0.0,1.2,45.3,291.2,2.9,9.7,259.0,1005.6,1005.6,2.7,4.7
2024-07-22 07:00:00+02:00,17.4,17.4,18.3,14.1,81.0,23.8,80.0,47.7,0.0,0.0,0.0,5.0,0.0,1.2,45.3,291.2,2.1,13.3,270.0,1005.7,1005.7,2.7,4.7
2024-07-22 07:05:00+02:00,17.2,17.2,17.3,13.7,80.0,23.8,80.0,40.5,0.0,0.0,0.0,5.0,0.0,1.2,45.3,291.2,5.6,11.5,278.0,1005.7,1005.7,2.7,4.7
2024-07-22 07:10:00+02:00,17.2,17.2,17.7,13.7,80.0,23.8,80.0,41.8,0.0,0.0,0.0,5.0,0.0,1.2,45.3,291.2,3.4,7.6,271.0,1005.7,1005.7,2.7,4.7
2024-07-22 07:15:00+02:00,17.2,17.2,17.6,13.8,81.0,23.8,81.0,38.6,0.0,0.0,0.0,5.0,0.0,1.2,45.3,291.2,3.8,10.1,256.0,1005.8,1005.8,2.7,4.7
2024-07-22 07:20:00+02:00,17.1,17.1,17.6,13.8,81.0,23.7,81.0,37.3,0.0,0.0,0.0,5.0,0.0,1.2,45.3,291.2,3.5,7.6,278.0,1005.8,1005.8,2.7,4.7
2024-07-22 07:25:00+02:00,17.1,17.1,17.9,13.9,81.0,23.7,81.0,38.2,0.0,0.0,0.0,5.0,0.0,1.2,45.3,291.2,1.9,7.6,292.0,1005.9,1005.9,2.7,4.7
2024-07-22 07:30:00+02:00,17.2,17.2,17.9,13.9,81.0,23.7,81.0,39.9,0.0,0.0,0.0,5.0,0.0,1.2,45.3,291.2,2.3,7.9,152.0,1005.9,1005.9,2.7,4.7
2024-07-22 07:35:00+02:00,17.2,17.2,17.7,14.0,81.0,23.7,81.0,41.0,0.0,0.0,0.0,5.0,0.0,1.2,45.3,291.2,4.1,7.9,209.0,1005.9,1005.9,2.7,4.7
2024-07-22 07:40:00+02:00,17.3,17.3,17.8,13.7,79.0,23.7,81.0,42.9,0.0,0.0,0.0,5.0,0.0,1.2,45.3,291.2,3.8,8.3,274.0,1005.9,1005.9,2.7,4.7
2024-07-22 07:45:00+02:00,17.5,17.5,18.1,13.8,79.0,23.7,81.0,45.7,0.0,0.0,0.0,5.0,0.0,1.2,45.3,291.2,3.0,7.9,267.0,1005.9,1005.9,2.7,4.7
2024-07-22 07:50:00+02:00,17.6,17.6,18.1,13.9,79.0,23.7,81.0,47.2,0.0,0.0,0.0,5.0,0.0,1.2,45.3,291.2,3.6,7.2,257.0,1005.9,1005.9,2.7,4.7
2024-07-22 07:55:00+02:00,17.6,17.6,18.1,13.9,79.0,23.7,81.0,49.2,0.0,0.0,0.0,5.0,0.0,1.2,45.3,291.2,3.8,9.4,283.0,1006.1,1006.1,2.7,4.7
2024-07-22 08:00:00+02:00,17.7,17.7,18.4,14.0,79.0,23.7,81.0,50.0,0.0,0.0,0.0,5.0,0.0,1.2,45.3,291.2,2.7,5.0,129.0,1006.1,1006.1,2.7,4.7
2024-07-22 08:05:00+02:00,17.8,17.8,19.0,13.9,78.0,23.7,81.0,50.0,0.0,0.0,0.0,5.0,0.0,1.2,45.3,291.2,0.7,5.4,275.0,1006.2,1006.2,2.7,4.8
2024-07-22 08:10:00+02:00,18.0,18.0,18.9,14.0,77.0,23.7,81.0,48.8,0.0,0.0,0.0,5.0,0.0,1.2,45.3,291.2,1.9,6.5,275.0,1006.2,1006.2,2.7,4.8
2024-07-22 08:15:00+02:00,18.1,18.1,19.1,13.8,76.0,23.7,81.0,49.1,0.0,0.0,0.0,5.0,0.0,1.2,45.3,291.2,1.2,6.1,263.0,1006.2,1006.2,2.7,4.8
2024-07-22 08:20:00+02:00,18.1,18.1,18.3,13.2,73.0,23.7,81.0,49.2,0.0,0.0,0.0,5.0,0.0,1.2,45.3,291.2,4.0,6.8,143.0,1006.3,1006.3,2.7,4.8
2024-07-22 08:25:00+02:00,18.2,18.2,18.5,13.3,73.0,23.7,81.0,51.7,0.0,0.0,0.0,5.0,0.0,1.2,45.3,291.2,3.6,7.2,151.0,1006.4,1006.4,2.7,4.8
2024-07-22 08:30:00+02:00,18.3,18.3,18.2,13.2,72.0,23.7,81.0,197.8,1.0,0.0,0.0,5.0,0.0,1.2,45.3,291.2,5.6,11.2,287.0,1006.5,1006.5,2.7,4.8
2024-07-22 08:35:00+02:00,18.7,18.7,19.0,13.4,72.0,23.7,81.0,208.9,1.0,0.0,0.0,5.0,0.0,1.2,45.3,291.2,3.5,6.1,267.0,1006.6,1006.6,2.7,4.8
2024-07-22 08:40:00+02:00,19.0,19.0,19.1,13.3,70.0,23.7,81.0,217.7,2.0,0.0,0.0,5.0,0.0,1.2,45.3,291.2,4.3,12.6,271.0,1006.6,1006.6,2.7,4.8
2024-07-22 08:45:00+02:00,19.2,19.2,19.6,13.4,69.0,23.7,81.0,228.4,2.0,0.0,0.0,5.0,0.0,1.2,45.3,291.2,3.7,12.6,264.0,1006.7,1006.7,2.7,4.9
2024-07-22 08:50:00+02:00,19.9,19.9,20.6,13.9,68.0,23.7,81.0,241.8,2.0,0.0,0.0,5.0,0.0,1.2,45.3,291.2,2.4,5.4,243.0,1006.7,1006.7,2.7,4.9
2024-07-22 08:55:00+02:00,20.4,20.4,21.2,14.1,67.0,23.7,82.0,247.3,2.0,0.0,0.0,5.0,0.0,1.2,45.3,291.2,2.4,6.5,279.0,1006.6,1006.6,2.7,5.0
2024-07-22 09:00:00+02:00,20.4,20.4,21.4,14.1,67.0,23.9,82.0,260.4,2.0,0.0,0.0,5.0,0.0,1.2,45.3,291.2,1.9,6.1,241.0,1006.7,1006.7,2.7,5.0
2024-07-22 09:05:00+02:00,20.7,20.7,22.0,14.3,67.0,24.1,82.0,269.1,2.0,0.0,0.0,5.0,0.0,1.2,45.3,291.2,0.4,6.5,139.0,1006.8,1006.8,2.7,5.1
2024-07-22 09:10:00+02:00,21.2,21.2,22.0,14.3,65.0,24.3,82.0,286.3,2.0,0.0,0.0,5.0,0.0,1.2,45.3,291.2,2.8,8.3,13.0,1006.7,1006.7,2.7,5.1
2024-07-22 09:15:00+02:00,21.6,21.6,22.5,14.6,64.0,24.6,82.0,297.8,2.0,0.0,0.0,5.0,0.0,1.2,45.3,291.2,2.7,5.4,246.0,1006.8,1006.8,2.7,5.2
2024-07-22 09:20:00+02:00,21.8,21.8,22.6,14.4,63.0,24.8,82.0,328.3,3.0,0.0,0.0,5.0,0.0,1.2,45.3,291.2,3.4,6.8,313.0,1006.9,1006.9,2.7,5.2
2024-07-22 09:25:00+02:00,21.9,21.9,22.6,14.5,63.0,25.1,82.0,339.9,3.0,0.0,0.0,5.0,0.0,1.2,45.3,291.2,3.7,6.8,275.0,1006.9,1006.9,2.7,5.2
2024-07-22 09:30:00+02:00,22.1,22.1,22.8,14.1,61.0,25.3,82.0,351.9,3.0,0.0,0.0,5.0,0.0,1.2,45.3,291.2,3.2,7.9,299.0,1006.8,1006.8,2.7,5.2
2024-07-22 09:35:00+02:00,21.2,21.2,20.9,14.1,64.0,25.5,81.0,353.5,3.0,0.0,0.0,5.0,0.0,1.2,45.3,291.2,8.1,14.8,278.0,1006.9,1006.9,2.7,5.2
2024-07-22 09:40:00+02:00,21.3,21.3,21.2,13.5,61.0,25.8,81.0,357.2,3.0,0.0,0.0,5.0,0.0,1.2,45.3,291.2,6.1,14.8,290.0,1006.8,1006.8,2.7,5.2
2024-07-22 09:45:00+02:00,21.9,21.9,22.6,13.6,59.0,26.0,80.0,357.5,3.0,0.0,0.0,5.0,0.0,1.2,45.3,291.2,2.2,12.2,184.0,1006.9,1006.9,2.7,5.3
2024-07-22 09:50:00+02:00,22.1,22.1,22.7,13.7,59.0,26.3,80.0,360.9,3.0,0.0,0.0,5.0,0.0,1.2,45.3,291.2,3.1,8.6,250.0,1006.8,1006.8,2.7,5.3
2024-07-22 09:55:00+02:00,22.1,22.1,22.1,13.8,59.0,26.5,80.0,364.6,3.0,0.0,0.0,5.0,0.0,1.2,45.3,291.2,5.7,16.6,277.0,1006.9,1006.9,2.7,5.3
2024-07-22 10:00:00+02:00,21.9,21.9,22.0,13.5,59.0,26.7,79.0,369.5,3.0,0.0,0.0,0.0,0.0,1.2,45.3,291.2,5.0,16.6,282.0,1007.0,1007.0,2.7,5.3
2024-07-22 10:05:00+02:00,22.4,22.4,22.5,13.6,58.0,27.0,79.0,375.1,3.0,0.0,0.0,0.0,0.0,1.2,45.3,291.2,4.9,10.4,239.0,1006.9,1006.9,2.7,5.3
2024-07-22 10:10:00+02:00,21.8,21.8,21.3,13.6,60.0,27.3,79.0,381.2,3.0,0.0,0.0,0.0,0.0,1.2,45.3,291.2,8.4,19.1,279.0,1006.9,1006.9,2.7,5.3
2024-07-22 10:15:00+02:00,21.4,21.4,21.1,13.5,61.0,27.5,78.0,397.9,3.0,0.0,0.0,0.0,0.0,1.2,45.3,291.2,6.8,16.9,278.0,1006.9,1006.9,2.7,5.3
2024-07-22 10:20:00+02:00,21.7,21.7,21.4,13.7,60.0,27.8,78.0,398.9,3.0,0.0,0.0,0.0,0.0,1.2,45.3,291.2,7.3,17.3,276.0,1006.9,1006.9,2.7,5.3
2024-07-22 10:25:00+02:00,21.9,21.9,22.3,13.7,60.0,28.1,78.0,415.5,3.0,0.0,0.0,0.0,0.0,1.2,45.3,291.2,3.9,17.3,184.0,1006.8,1006.8,2.7,5.3
2024-07-22 10:30:00+02:00,22.0,22.0,22.0,13.9,60.0,28.3,77.0,422.5,3.0,0.0,0.0,0.0,0.0,1.2,45.3,291.2,5.8,12.2,264.0,1006.8,1006.8,2.7,5.3
2024-07-22 10:35:00+02:00,22.6,22.6,23.1,14.0,58.0,28.6,77.0,436.4,4.0,0.0,0.0,0.0,0.0,1.2,45.3,291.2,3.9,7.6,310.0,1006.8,1006.8,2.7,5.3
2024-07-22 10:40:00+02:00,23.0,23.0,23.7,14.0,57.0,28.8,77.0,437.3,4.0,0.0,0.0,0.0,0.0,1.2,45.3,291.2,2.9,7.6,227.0,1006.8,1006.8,2.7,5.3
2024-07-22 10:45:00+02:00,23.5,23.5,24.3,14.0,55.0,29.0,76.0,456.2,4.0,0.0,0.0,0.0,0.0,1.2,45.3,291.2,2.2,8.6,93.0,1006.9,1006.9,2.7,5.3
2024-07-22 10:50:00+02:00,23.3,23.3,24.2,14.2,57.0,29.3,76.0,471.3,4.0,0.0,0.0,0.0,0.0,1.2,45.3,291.2,2.2,9.4,237.0,1007.0,1007.0,2.7,5.3
2024-07-22 10:55:00+02:00,24.2,24.2,24.9,14.2,54.0,29.4,76.0,478.5,4.0,0.0,0.0,0.0,0.0,1.2,45.3,291.2,3.3,6.5,239.0,1006.9,1006.9,2.7,5.3
2024-07-22 11:00:00+02:00,24.4,24.4,25.1,14.3,53.0,29.7,76.0,490.3,4.0,0.0,0.0,0.0,0.0,1.2,45.3,291.2,3.2,9.4,328.0,1007.0,1007.0,2.7,5.3
2024-07-22 11:05:00+02:00,24.4,24.4,25.4,14.6,54.0,29.9,75.0,547.0,5.0,0.0,0.0,0.0,0.0,1.2,45.3,291.2,2.3,6.5,190.0,1007.1,1007.1,2.7,5.3
2024-07-22 11:10:00+02:00,24.6,24.6,25.7,14.9,55.0,30.2,75.0,540.9,5.0,0.0,0.0,0.0,0.0,1.2,45.3,291.2,2.4,14.4,246.0,1007.0,1007.0,2.7,5.3
2024-07-22 11:15:00+02:00,24.2,24.2,24.7,14.2,53.0,30.3,75.0,568.8,5.0,0.0,0.0,0.0,0.0,1.2,45.3,291.2,4.4,9.7,208.0,1007.2,1007.2,2.7,5.3
2024-07-22 11:20:00+02:00,23.9,23.9,24.6,13.9,54.0,30.6,74.0,219.3,2.0,0.0,0.0,0.0,0.0,1.2,45.3,291.2,2.8,7.9,241.0,1007.2,1007.2,2.7,5.3
2024-07-22 11:25:00+02:00,23.3,23.3,23.9,14.1,56.0,30.8,74.0,589.1,5.0,0.0,0.0,0.0,0.0,1.2,45.3,291.2,3.5,13.3,255.0,1007.2,1007.2,2.7,5.3
2024-07-22 11:30:00+02:00,23.5,23.5,24.2,14.2,56.0,30.9,74.0,593.5,5.0,0.0,0.0,0.0,0.0,1.2,45.3,291.2,3.1,8.3,264.0,1007.2,1007.2,2.7,5.3
2024-07-22 11:35:00+02:00,24.7,24.7,25.3,14.4,53.0,31.1,74.0,643.8,5.0,0.0,0.0,0.0,0.0,1.2,45.3,291.2,4.0,8.3,221.0,1007.2,1007.2,2.7,5.3
2024-07-22 11:40:00+02:00,23.9,23.9,24.3,14.5,56.0,31.2,73.0,457.3,4.0,0.0,0.0,0.0,0.0,1.2,45.3,291.2,5.1,10.1,113.0,1007.2,1007.2,2.7,5.3
2024-07-22 11:45:00+02:00,22.8,22.8,23.5,13.8,57.0,31.4,73.0,397.7,3.0,0.0,0.0,0.0,0.0,1.2,45.3,291.2,2.7,9.0,175.0,1007.2,1007.2,2.7,5.3
2024-07-22 11:50:00+02:00,23.1,23.1,23.7,14.0,57.0,31.5,73.0,567.2,5.0,0.0,0.0,0.0,0.0,1.2,45.3,291.2,3.7,7.9,132.0,1007.1,1007.1,2.7,5.3
2024-07-22 11:55:00+02:00,23.5,23.5,23.9,13.9,55.0,31.6,73.0,286.8,2.0,0.0,0.0,0.0,0.0,1.2,45.3,291.2,4.0,7.6,272.0,1007.2,1007.2,2.7,5.3
2024-07-22 12:00:00+02:00,23.8,23.8,24.4,14.0,54.0,31.7,73.0,148.9,1.0,0.0,0.0,0.0,0.0,1.2,45.3,291.2,3.5,7.6,244.0,1007.1,1007.1,2.7,5.3
2024-07-22 12:05:00+02:00,23.4,23.4,24.4,14.1,56.0,31.7,73.0,160.7,1.0,0.0,0.0,0.0,0.0,1.2,45.3,291.2,1.4,5.4,28.0,1007.2,1007.2,2.7,5.3
2024-07-22 12:10:00+02:00,23.5,23.5,24.4,14.2,56.0,31.7,73.0,661.0,6.0,0.0,0.0,0.0,0.0,1.2,45.3,291.2,2.5,7.9,249.0,1007.2,1007.2,2.7,5.3
2024-07-22 12:15:00+02:00,23.3,23.3,23.9,13.9,56.0,31.8,73.0,190.0,1.0,0.0,0.0,0.0,0.0,1.2,45.3,291.2,3.7,9.4,248.0,1007.3,1007.3,2.7,5.3
2024-07-22 12:20:00+02:00,22.9,22.9,23.3,14.1,57.0,31.8,74.0,117.1,1.0,0.0,0.0,0.0,0.0,1.2,45.3,291.2,4.4,10.8,302.0,1007.2,1007.2,2.7,5.3
2024-07-22 12:25:00+02:00,22.5,22.5,22.7,14.1,59.0,31.7,74.0,160.7,1.0,0.0,0.0,0.0,0.0,1.2,45.3,291.2,6.0,14.4,296.0,1007.2,1007.2,2.7,5.3
2024-07-22 12:30:00+02:00,22.1,22.1,22.3,14.1,60.0,31.7,74.0,356.6,3.0,0.0,0.0,0.0,0.0,1.2,45.3,291.2,5.4,16.6,281.0,1007.3,1007.3,2.7,5.3
2024-07-22 12:35:00+02:00,22.7,22.7,23.1,14.6,60.0,31.7,73.0,650.1,6.0,0.0,0.0,0.0,0.0,1.2,45.3,291.2,5.5,10.8,278.0,1007.2,1007.2,2.7,5.3
2024-07-22 12:40:00+02:00,23.1,23.1,23.9,14.4,58.0,31.8,73.0,145.2,1.0,0.0,0.0,0.0,0.0,1.2,45.3,291.2,3.0,10.4,301.0,1007.2,1007.2,2.7,5.3
2024-07-22 12:45:00+02:00,22.6,22.6,23.3,14.4,60.0,31.8,73.0,641.0,5.0,0.0,0.0,0.0,0.0,1.2,45.3,291.2,3.5,8.6,106.0,1007.3,1007.3,2.7,5.3
2024-07-22 12:50:00+02:00,23.2,23.2,24.1,14.5,58.0,31.8,73.0,646.1,6.0,0.0,0.0,0.0,0.0,1.2,45.3,291.2,2.7,7.6,162.0,1007.3,1007.3,2.7,5.3
2024-07-22 12:55:00+02:00,23.5,23.5,24.0,14.3,56.0,31.8,73.0,352.6,3.0,0.0,0.0,0.0,0.0,1.2,45.3,291.2,4.5,7.6,247.0,1007.2,1007.2,2.7,5.3
2024-07-22 13:00:00+02:00,23.4,23.4,24.2,14.5,57.0,31.8,73.0,149.6,1.0,0.0,0.0,0.0,0.0,1.2,45.3,291.2,3.2,7.2,188.0,1007.3,1007.3,2.7,5.3
2024-07-22 13:05:00+02:00,22.9,22.9,23.5,14.5,59.0,31.8,73.0,646.2,6.0,0.0,0.0,0.0,0.0,1.2,45.3,291.2,4.3,9.4,251.0,1007.3,1007.3,2.7,5.3
2024-07-22 13:10:00+02:00,24.1,24.1,25.4,15.2,57.0,31.8,73.0,644.7,5.0,0.0,0.0,0.0,0.0,1.2,45.3,291.2,1.9,6.8,292.0,1007.1,1007.1,2.7,5.3
2024-07-22 13:15:00+02:00,24.3,24.3,25.1,15.0,56.0,31.9,73.0,308.4,2.0,0.0,0.0,0.0,0.0,1.2,45.3,291.2,4.2,8.6,262.0,1007.2,1007.2,2.7,5.3
2024-07-22 13:20:00+02:00,24.0,24.0,25.2,14.7,56.0,31.9,73.0,95.3,0.0,0.0,0.0,0.0,0.0,1.2,45.3,291.2,1.5,7.2,162.0,1007.2,1007.2,2.7,5.3
2024-07-22 13:25:00+02:00,23.2,23.2,24.2,15.1,60.0,31.9,73.0,152.2,1.0,0.0,0.0,0.0,0.0,1.2,45.3,291.2,3.4,7.6,174.0,1007.3,1007.3,2.7,5.3
2024-07-22 13:30:00+02:00,23.4,23.4,24.1,14.5,57.0,31.9,73.0,203.2,1.0,0.0,0.0,0.0,0.0,1.2,45.3,291.2,3.9,9.0,210.0,1007.3,1007.3,2.7,5.3
2024-07-22 13:35:00+02:00,23.2,23.2,23.6,14.6,58.0,31.9,73.0,184.4,1.0,0.0,0.0,0.0,0.0,1.2,45.3,291.2,5.3,10.8,214.0,1007.2,1007.2,2.7,5.3
2024-07-22 13:40:00+02:00,23.1,23.1,24.2,14.6,59.0,31.8,73.0,179.5,1.0,0.0,0.0,0.0,0.0,1.2,45.3,291.2,2.1,8.3,222.0,1007.2,1007.2,2.7,5.3
2024-07-22 13:45:00+02:00,23.3,23.3,24.4,14.7,58.0,31.8,73.0,720.8,6.0,0.0,0.0,0.0,0.0,1.2,45.3,291.2,2.3,6.5,226.0,1007.3,1007.3,2.7,5.3
2024-07-22 13:50:00+02:00,23.8,23.8,24.6,14.8,57.0,31.8,73.0,561.6,5.0,0.0,0.0,0.0,0.0,1.2,45.3,291.2,3.8,8.6,279.0,1007.2,1007.2,2.7,5.3
2024-07-22 13:55:00+02:00,24.1,24.1,25.1,14.9,57.0,31.8,73.0,116.9,1.0,0.0,0.0,0.0,0.0,1.2,45.3,291.2,2.4,5.0,253.0,1007.2,1007.2,2.7,5.3
2024-07-22 14:00:00+02:00,24.0,24.0,25.2,14.6,56.0,31.8,73.0,59.8,0.0,0.0,0.0,0.0,0.0,1.2,45.3,291.2,1.7,6.1,279.0,1007.3,1007.3,2.7,5.3
2024-07-22 14:05:00+02:00,23.5,23.5,24.7,14.9,59.0,31.7,73.0,56.0,0.0,0.0,0.0,0.0,0.0,1.2,45.3,291.2,1.8,5.4,113.0,1007.3,1007.3,2.7,5.3
2024-07-22 14:10:00+02:00,23.0,23.0,24.1,14.8,60.0,31.7,73.0,66.0,0.0,0.0,0.0,0.0,0.0,1.2,45.3,291.2,2.2,6.5,250.0,1007.4,1007.4,2.7,5.3
2024-07-22 14:15:00+02:00,23.0,23.0,24.4,15.1,61.0,31.7,74.0,77.5,0.0,0.0,0.0,0.0,0.0,1.2,45.3,291.2,0.9,6.5,229.0,1007.4,1007.4,2.7,5.3
2024-07-22 14:20:00+02:00,22.5,22.5,23.4,15.5,65.0,31.6,74.0,51.9,0.0,0.0,0.0,0.0,0.0,1.2,45.3,291.2,4.5,10.8,146.0,1007.6,1007.6,2.7,5.3
2024-07-22 14:25:00+02:00,21.9,21.9,23.2,15.5,67.0,31.5,74.0,71.3,0.0,0.0,0.0,0.0,0.0,1.2,45.3,291.2,2.8,10.1,123.0,1007.6,1007.6,2.7,5.3
2024-07-22 14:30:00+02:00,21.8,21.8,22.8,15.3,66.0,31.4,74.0,87.4,0.0,0.0,0.0,0.0,0.0,1.2,45.3,291.2,3.6,7.6,231.0,1007.7,1007.7,2.7,5.3
2024-07-22 14:35:00+02:00,22.1,22.1,23.2,14.9,64.0,31.4,74.0,133.7,1.0,0.0,0.0,0.0,0.0,1.2,45.3,291.2,2.4,8.3,244.0,1007.8,1007.8,2.7,5.3
2024-07-22 14:40:00+02:00,22.3,22.3,23.3,15.1,64.0,31.3,74.0,171.0,1.0,0.0,0.0,0.0,0.0,1.2,45.3,291.2,3.2,6.8,274.0,1007.8,1007.8,2.7,5.3
2024-07-22 14:45:00+02:00,22.5,22.5,23.7,15.1,63.0,31.2,74.0,196.2,1.0,0.0,0.0,0.0,0.0,1.2,45.3,291.2,2.3,7.9,264.0,1007.7,1007.7,2.7,5.3
2024-07-22 14:50:00+02:00,22.7,22.7,23.9,15.4,63.0,31.1,75.0,212.9,1.0,0.0,0.0,0.0,0.0,1.2,45.3,291.2,3.0,7.6,256.0,1007.8,1007.8,2.7,5.3
2024-07-22 14:55:00+02:00,23.0,23.0,24.4,15.8,64.0,31.1,75.0,240.7,2.0,0.0,0.0,0.0,0.0,1.2,45.3,291.2,3.0,9.7,279.0,1007.7,1007.7,2.7,5.3
2024-07-22 15:00:00+02:00,23.0,23.0,24.1,15.4,62.0,31.0,75.0,241.7,2.0,0.0,0.0,0.0,0.0,1.2,45.3,291.2,3.6,11.9,222.0,1007.8,1007.8,2.7,5.3
2024-07-22 15:05:00+02:00,23.3,23.3,24.4,15.0,60.0,30.9,75.0,250.0,2.0,0.0,0.0,0.0,0.0,1.2,45.3,291.2,2.5,7.2,114.0,1007.9,1007.9,2.7,5.3
2024-07-22 15:10:00+02:00,23.3,23.3,24.3,15.2,60.0,30.9,75.0,252.5,2.0,0.0,0.0,0.0,0.0,1.2,45.3,291.2,3.4,7.6,208.0,1007.8,1007.8,2.7,5.3
2024-07-22 15:15:00+02:00,23.3,23.3,24.1,15.0,60.0,30.9,75.0,274.6,2.0,0.0,0.0,0.0,0.0,1.2,45.3,291.2,3.7,9.0,217.0,1007.9,1007.9,2.7,5.3
2024-07-22 15:20:00+02:00,23.7,23.7,24.7,14.9,58.0,30.9,76.0,279.4,2.0,0.0,0.0,0.0,0.0,1.2,45.3,291.2,2.6,8.3,246.0,1007.7,1007.7,2.7,5.3
2024-07-22 15:25:00+02:00,23.8,23.8,24.6,15.1,58.0,30.8,76.0,280.1,2.0,0.0,0.0,0.0,0.0,1.2,45.3,291.2,4.5,8.3,259.0,1007.8,1007.8,2.7,5.3
2024-07-22 15:30:00+02:00,23.8,23.8,25.0,15.0,58.0,30.8,76.0,236.2,2.0,0.0,0.0,0.0,0.0,1.2,45.3,291.2,2.7,9.4,285.0,1007.8,1007.8,2.7,5.3
2024-07-22 15:35:00+02:00,23.9,23.9,25.1,14.9,57.0,30.8,76.0,225.2,2.0,0.0,0.0,0.0,0.0,1.2,45.3,291.2,1.7,6.5,96.0,1007.8,1007.8,2.7,5.3
2024-07-22 15:40:00+02:00,23.7,23.7,24.4,14.7,57.0,30.9,76.0,215.6,2.0,0.0,0.0,0.0,0.0,1.2,45.3,291.2,4.0,12.2,240.0,1007.8,1007.8,2.7,5.3
2024-07-22 15:45:00+02:00,23.7,23.7,24.7,15.2,59.0,30.8,76.0,378.9,3.0,0.0,0.0,0.0,0.0,1.2,45.3,291.2,3.8,6.8,77.0,1007.7,1007.7,2.7,5.3
2024-07-22 15:50:00+02:00,24.6,24.6,25.8,15.1,55.0,30.9,76.0,770.2,7.0,0.0,0.0,0.0,0.0,1.2,45.3,291.2,2.4,6.5,240.0,1007.8,1007.8,2.7,5.3
2024-07-22 15:55:00+02:00,25.3,25.3,26.6,15.3,54.0,30.9,76.0,404.6,3.0,0.0,0.0,0.0,0.0,1.2,45.3,291.2,2.2,6.5,333.0,1007.7,1007.7,2.7,5.3
2024-07-22 16:00:00+02:00,25.0,25.0,26.2,15.0,54.0,31.0,76.0,390.8,3.0,0.0,0.0,0.0,0.0,1.2,45.3,291.2,2.3,6.1,267.0,1007.6,1007.6,2.7,5.3
2024-07-22 16:05:00+02:00,25.3,25.3,26.1,15.4,54.0,31.0,76.0,348.6,3.0,0.0,0.0,0.0,0.0,1.2,45.3,291.2,4.6,8.6,295.0,1007.6,1007.6,2.7,5.3
2024-07-22 16:10:00+02:00,24.5,24.5,25.9,15.4,57.0,31.0,76.0,435.8,4.0,0.0,0.0,0.0,0.0,1.2,45.3,291.2,2.0,7.6,175.0,1007.6,1007.6,2.7,5.3
2024-07-22 16:15:00+02:00,24.8,24.8,26.2,16.1,59.0,31.1,76.0,485.7,4.0,0.0,0.0,0.0,0.0,1.2,45.3,291.2,3.1,9.7,98.0,1007.6,1007.6,2.7,5.3
2024-07-22 16:20:00+02:00,23.6,23.6,24.5,15.7,61.0,31.1,76.0,157.8,1.0,0.0,0.0,0.0,0.0,1.2,45.3,291.2,5.0,9.7,125.0,1007.6,1007.6,2.7,5.3
2024-07-22 16:25:00+02:00,23.5,23.5,24.5,15.8,62.0,31.1,76.0,314.9,2.0,0.0,0.0,0.0,0.0,1.2,45.3,291.2,4.2,9.0,155.0,1007.5,1007.5,2.7,5.3
2024-07-22 16:30:00+02:00,24.2,24.2,25.3,15.6,59.0,31.1,77.0,668.9,6.0,0.0,0.0,0.0,0.0,1.2,45.3,291.2,3.7,12.2,272.0,1007.5,1007.5,2.7,5.3
2024-07-22 16:35:00+02:00,24.6,24.6,25.4,15.7,58.0,31.1,77.0,608.5,5.0,0.0,0.0,0.0,0.0,1.2,45.3,291.2,5.5,16.6,288.0,1007.5,1007.5,2.7,5.3
2024-07-22 16:40:00+02:00,25.3,25.3,26.6,15.6,55.0,31.2,77.0,571.9,5.0,0.0,0.0,0.0,0.0,1.2,45.3,291.2,2.9,7.6,258.0,1007.4,1007.4,2.7,5.3
2024-07-22 16:45:00+02:00,24.6,24.6,25.4,16.1,59.0,31.2,77.0,550.9,5.0,0.0,0.0,0.0,0.0,1.2,45.3,291.2,6.4,14.8,290.0,1007.3,1007.3,2.7,5.3
2024-07-22 16:50:00+02:00,25.4,25.4,26.6,15.9,56.0,31.2,77.0,553.5,5.0,0.0,0.0,0.0,0.0,1.2,45.3,291.2,3.8,9.0,289.0,1007.3,1007.3,2.7,5.3
2024-07-22 16:55:00+02:00,25.6,25.6,26.8,15.9,55.0,31.3,78.0,500.0,4.0,0.0,0.0,0.0,0.0,1.2,45.3,291.2,4.3,13.0,257.0,1007.3,1007.3,2.7,5.3
2024-07-22 17:00:00+02:00,25.2,25.2,26.0,16.0,57.0,31.3,78.0,472.3,4.0,0.0,0.0,0.0,0.0,1.2,45.3,291.2,5.7,15.8,264.0,1007.4,1007.4,2.7,5.3
2024-07-22 17:05:00+02:00,25.0,25.0,25.4,16.1,58.0,31.4,78.0,444.4,4.0,0.0,0.0,0.0,0.0,1.2,45.3,291.2,8.2,13.7,277.0,1007.4,1007.4,2.7,5.3
2024-07-22 17:10:00+02:00,24.1,24.1,25.1,15.9,60.0,31.4,78.0,425.3,3.0,0.0,0.0,0.0,0.0,1.2,45.3,291.2,4.8,6.8,299.0,1007.3,1007.3,2.7,5.3
2024-07-22 17:15:00+02:00,24.2,24.2,25.5,15.7,59.0,31.5,78.0,196.2,1.0,0.0,0.0,0.0,0.0,1.2,45.3,291.2,3.2,8.3,211.0,1007.4,1007.4,2.7,5.3
2024-07-22 17:20:00+02:00,24.0,24.0,24.2,15.9,61.0,31.5,78.0,131.1,1.0,0.0,0.0,0.0,0.0,1.2,45.3,291.2,8.9,14.0,273.0,1007.4,1007.4,2.7,5.3
2024-07-22 17:25:00+02:00,23.5,23.5,25.0,15.7,62.0,31.5,78.0,284.3,2.0,0.0,0.0,0.0,0.0,1.2,45.3,291.2,2.1,11.5,284.0,1007.5,1007.5,2.7,5.3
2024-07-22 17:30:00+02:00,24.3,24.3,25.8,16.0,60.0,31.5,78.0,445.5,4.0,0.0,0.0,0.0,0.0,1.2,45.3,291.2,2.4,6.8,206.0,1007.3,1007.3,2.7,5.3
2024-07-22 17:35:00+02:00,25.2,25.2,26.5,16.0,57.0,31.5,78.0,395.0,3.0,0.0,0.0,0.0,0.0,1.2,45.3,291.2,3.0,6.1,264.0,1007.3,1007.3,2.7,5.3
2024-07-22 17:40:00+02:00,25.5,25.5,26.4,16.0,56.0,31.4,78.0,365.9,3.0,0.0,0.0,0.0,0.0,1.2,45.3,291.2,5.8,13.7,255.0,1007.3,1007.3,2.7,5.3
2024-07-22 17:45:00+02:00,24.7,24.7,25.8,15.4,56.0,31.4,78.0,207.8,1.0,0.0,0.0,0.0,0.0,1.2,45.3,291.2,3.5,10.8,273.0,1007.4,1007.4,2.7,5.3
2024-07-22 17:50:00+02:00,24.7,24.7,26.1,15.6,57.0,31.4,78.0,117.0,1.0,0.0,0.0,0.0,0.0,1.2,45.3,291.2,2.0,6.8,257.0,1007.3,1007.3,2.7,5.3
2024-07-22 17:55:00+02:00,24.6,24.6,26.1,15.6,57.0,31.4,78.0,266.6,2.0,0.0,0.0,0.0,0.0,1.2,45.3,291.2,1.5,4.0,296.0,1007.3,1007.3,2.7,5.3
2024-07-22 18:00:00+02:00,25.1,25.1,26.9,15.7,56.0,31.3,78.0,342.1,3.0,0.0,0.0,0.0,0.0,1.2,45.3,291.2,0.5,3.6,204.0,1007.2,1007.2,2.7,5.3
2024-07-22 18:05:00+02:00,25.6,25.6,26.9,15.6,54.0,31.3,78.0,130.1,1.0,0.0,0.0,0.0,0.0,1.2,45.3,291.2,2.7,6.1,259.0,1007.3,1007.3,2.7,5.3
2024-07-22 18:10:00+02:00,25.1,25.1,26.5,15.4,55.0,31.3,78.0,136.6,1.0,0.0,0.0,0.0,0.0,1.2,45.3,291.2,1.7,4.7,195.0,1007.2,1007.2,2.7,5.3
2024-07-22 18:15:00+02:00,24.4,24.4,24.9,15.2,56.0,31.2,78.0,88.2,0.0,0.0,0.0,0.0,0.0,1.2,45.3,291.2,5.7,12.6,291.0,1007.2,1007.2,2.7,5.3
2024-07-22 18:20:00+02:00,23.9,23.9,24.9,15.1,58.0,31.2,78.0,90.1,0.0,0.0,0.0,0.0,0.0,1.2,45.3,291.2,3.3,10.1,255.0,1007.2,1007.2,2.7,5.3
2024-07-22 18:25:00+02:00,24.0,24.0,25.0,15.1,57.0,31.2,78.0,85.1,0.0,0.0,0.0,0.0,0.0,1.2,45.3,291.2,3.2,6.5,148.0,1007.1,1007.1,2.7,5.3
2024-07-22 18:30:00+02:00,23.8,23.8,25.1,14.8,57.0,31.1,78.0,142.8,1.0,0.0,0.0,0.0,0.0,1.2,45.3,291.2,1.6,6.5,42.0,1007.2,1007.2,2.7,5.3
2024-07-22 18:35:00+02:00,24.0,24.0,25.2,15.1,57.0,31.1,78.0,147.7,1.0,0.0,0.0,0.0,0.0,1.2,45.3,291.2,2.2,5.8,187.0,1007.2,1007.2,2.7,5.3
2024-07-22 18:40:00+02:00,23.9,23.9,25.1,15.0,57.0,31.0,78.0,109.2,1.0,0.0,0.0,0.0,0.0,1.2,45.3,291.2,1.9,5.8,149.0,1007.2,1007.2,2.7,5.3
2024-07-22 18:45:00+02:00,23.5,23.5,24.9,15.2,59.0,31.0,78.0,84.1,0.0,0.0,0.0,0.0,0.0,1.2,45.3,291.2,1.6,4.7,133.0,1007.2,1007.2,2.7,5.3
2024-07-22 18:50:00+02:00,23.5,23.5,25.0,15.3,60.0,30.9,78.0,84.8,0.0,0.0,0.0,0.0,0.0,1.2,45.3,291.2,0.7,4.0,120.0,1007.2,1007.2,2.7,5.3
2024-07-22 18:55:00+02:00,23.6,23.6,24.9,15.0,59.0,30.9,78.0,82.4,0.0,0.0,0.0,0.0,0.0,1.2,45.3,291.2,1.7,5.0,277.0,1007.1,1007.1,2.7,5.3
2024-07-22 19:00:00+02:00,23.6,23.6,24.7,14.7,58.0,30.8,78.0,93.5,0.0,0.0,0.0,0.0,0.0,1.2,45.3,291.2,2.2,5.0,101.0,1007.1,1007.1,2.7,5.3
2024-07-22 19:05:00+02:00,23.7,23.7,25.1,15.0,58.0,30.8,78.0,103.8,0.0,0.0,0.0,0.0,0.0,1.2,45.3,291.2,0.9,4.7,147.0,1007.0,1007.0,2.7,5.3
2024-07-22 19:10:00+02:00,23.8,23.8,24.6,14.2,55.0,30.8,78.0,88.3,0.0,0.0,0.0,0.0,0.0,1.2,45.3,291.2,2.7,9.4,245.0,1007.1,1007.1,2.7,5.3
2024-07-22 19:15:00+02:00,23.8,23.8,25.0,14.2,55.0,30.7,78.0,78.1,0.0,0.0,0.0,0.0,0.0,1.2,45.3,291.2,1.1,6.8,122.0,1007.2,1007.2,2.7,5.3
2024-07-22 19:20:00+02:00,23.8,23.8,24.6,14.3,55.0,30.7,78.0,76.4,0.0,0.0,0.0,0.0,0.0,1.2,45.3,291.2,2.7,7.2,172.0,1007.1,1007.1,2.7,5.3
2024-07-22 19:25:00+02:00,24.0,24.0,25.4,14.4,55.0,30.6,79.0,81.8,0.0,0.0,0.0,0.0,0.0,1.2,45.3,291.2,0.0,7.2,147.0,1007.2,1007.2,2.7,5.3
2024-07-22 19:30:00+02:00,24.1,24.1,24.8,13.6,52.0,30.6,79.0,82.2,0.0,0.0,0.0,0.0,0.0,1.2,45.3,291.2,1.9,5.8,60.0,1007.2,1007.2,2.7,5.3
2024-07-22 19:35:00+02:00,24.1,24.1,24.5,13.6,52.0,30.6,79.0,66.8,0.0,0.0,0.0,0.0,0.0,1.2,45.3,291.2,3.3,7.2,250.0,1007.3,1007.3,2.7,5.3
2024-07-22 19:40:00+02:00,23.8,23.8,24.5,13.6,53.0,30.6,79.0,47.0,0.0,0.0,0.0,0.0,0.0,1.2,45.3,291.2,2.2,8.3,210.0,1007.3,1007.3,2.7,5.3
2024-07-22 19:45:00+02:00,23.6,23.6,24.4,13.7,54.0,30.5,79.0,41.7,0.0,0.0,0.0,0.0,0.0,1.2,45.3,291.2,1.7,6.1,202.0,1007.3,1007.3,2.7,5.3
2024-07-22 19:50:00+02:00,23.4,23.4,23.6,13.8,55.0,30.5,79.0,35.7,0.0,0.0,0.0,0.0,0.0,1.2,45.3,291.2,5.4,6.1,241.0,1007.4,1007.4,2.7,5.3
2024-07-22 19:55:00+02:00,23.3,23.3,24.0,14.0,56.0,30.5,79.0,35.7,0.0,0.0,0.0,0.0,0.0,1.2,45.3,291.2,2.9,2.9,286.0,1007.2,1007.2,2.7,5.2
2024-07-22 20:00:00+02:00,23.2,23.2,24.0,13.7,55.0,30.4,78.0,35.6,0.0,0.0,0.0,0.0,0.0,1.2,45.3,291.2,1.6,6.1,291.0,1007.5,1007.5,2.7,5.2
2024-07-22 20:05:00+02:00,23.0,23.0,23.6,13.9,56.0,30.3,78.0,33.1,0.0,0.0,0.0,0.0,0.0,1.2,45.3,291.2,3.1,7.2,274.0,1007.6,1007.6,2.7,5.2
2024-07-22 20:10:00+02:00,22.9,22.9,23.8,13.9,57.0,30.3,78.0,31.6,0.0,0.0,0.0,0.0,0.0,1.2,45.3,291.2,1.7,5.0,271.0,1007.5,1007.5,2.7,5.2
2024-07-22 20:15:00+02:00,22.7,22.7,23.6,13.8,57.0,30.3,78.0,29.2,0.0,0.0,0.0,0.0,0.0,1.2,45.3,291.2,1.5,4.3,287.0,1007.6,1007.6,2.7,5.2
2024-07-22 20:20:00+02:00,22.6,22.6,23.6,13.8,58.0,30.2,78.0,27.4,0.0,0.0,0.0,0.0,0.0,1.2,45.3,291.2,1.2,5.4,348.0,1007.5,1007.5,2.7,5.2
2024-07-22 20:25:00+02:00,22.5,22.5,23.1,13.8,58.0,30.2,78.0,25.6,0.0,0.0,0.0,0.0,0.0,1.2,45.3,291.2,3.1,7.2,263.0,1007.6,1007.6,2.7,5.2
2024-07-22 20:30:00+02:00,22.3,22.3,23.5,13.7,59.0,30.1,78.0,25.4,0.0,0.0,0.0,0.0,0.0,1.2,45.3,291.2,0.0,5.0,237.0,1007.8,1007.8,2.7,5.2
2024-07-22 20:35:00+02:00,22.2,22.2,23.2,13.8,59.0,30.0,78.0,24.0,0.0,0.0,0.0,0.0,0.0,1.2,45.3,291.2,0.5,3.6,289.0,1007.7,1007.7,2.7,5.2
2024-07-22 20:40:00+02:00,22.0,22.0,22.7,13.8,60.0,30.0,78.0,21.7,0.0,0.0,0.0,0.0,0.0,1.2,45.3,291.2,2.2,3.2,125.0,1007.7,1007.7,2.7,5.2
2024-07-22 20:45:00+02:00,21.8,21.8,22.7,13.8,60.0,29.9,78.0,19.0,0.0,0.0,0.0,0.0,0.0,1.2,45.3,291.2,1.2,4.0,110.0,1007.9,1007.9,2.7,5.2
2024-07-22 20:50:00+02:00,21.7,21.7,22.3,13.6,60.0,29.8,78.0,17.0,0.0,0.0,0.0,0.0,0.0,1.2,45.3,291.2,2.7,4.3,124.0,1007.9,1007.9,2.7,5.2
2024-07-22 20:55:00+02:00,21.7,21.7,22.5,13.7,61.0,29.7,78.0,15.2,0.0,0.0,0.0,0.0,0.0,1.2,45.3,291.2,1.9,5.0,147.0,1007.9,1007.9,2.7,5.2
2024-07-22 21:00:00+02:00,21.7,21.7,22.2,13.7,61.0,29.7,78.0,13.3,0.0,0.0,0.0,0.0,0.0,1.2,45.3,291.2,3.0,6.5,125.0,1007.8,1007.8,2.7,5.2
2024-07-22 21:05:00+02:00,21.7,21.7,22.3,14.0,62.0,29.6,78.0,11.3,0.0,0.0,0.0,0.0,0.0,1.2,45.3,291.2,3.0,7.6,136.0,1007.9,1007.9,2.7,5.2
2024-07-22 21:10:00+02:00,21.5,21.5,22.3,14.0,62.0,29.5,78.0,9.6,0.0,0.0,0.0,0.0,0.0,1.2,45.3,291.2,2.6,7.9,142.0,1007.9,1007.9,2.7,5.2
2024-07-22 21:15:00+02:00,21.3,21.3,22.2,13.9,63.0,29.4,78.0,8.0,0.0,0.0,0.0,0.0,0.0,1.2,45.3,291.2,1.9,4.3,145.0,1008.0,1008.0,2.7,5.2
2024-07-22 21:20:00+02:00,21.3,21.3,21.8,13.8,62.0,29.3,78.0,6.4,0.0,0.0,0.0,0.0,0.0,1.2,45.3,291.2,3.5,6.8,139.0,1007.8,1007.8,2.7,5.2
2024-07-22 21:25:00+02:00,21.2,21.2,22.0,13.9,63.0,29.2,78.0,4.4,0.0,0.0,0.0,0.0,0.0,1.2,45.3,291.2,2.4,5.8,137.0,1008.0,1008.0,2.7,5.2
2024-07-22 21:30:00+02:00,21.0,21.0,21.8,13.9,64.0,29.1,78.0,3.0,0.0,0.0,0.0,0.0,0.0,1.2,45.3,291.2,2.0,4.0,138.0,1008.0,1008.0,2.7,5.2
2024-07-22 21:35:00+02:00,20.9,20.9,22.0,13.8,64.0,29.1,78.0,2.0,0.0,0.0,0.0,0.0,0.0,1.2,45.3,291.2,0.5,3.2,150.0,1008.1,1008.1,2.7,5.2
2024-07-22 21:40:00+02:00,20.8,20.8,21.8,13.7,64.0,29.0,78.0,1.4,0.0,0.0,0.0,0.0,0.0,1.2,45.3,291.2,0.8,3.2,162.0,1008.2,1008.2,2.7,5.2
2024-07-22 21:45:00+02:00,20.6,20.6,21.6,13.9,65.0,28.9,78.0,0.8,0.0,0.0,0.0,0.0,0.0,1.2,45.3,291.2,0.7,2.2,151.0,1008.1,1008.1,2.7,5.2
2024-07-22 21:50:00+02:00,20.3,20.3,21.4,13.8,66.0,28.8,78.0,0.4,0.0,0.0,0.0,0.0,0.0,1.2,45.3,291.2,0.8,4.0,131.0,1008.2,1008.2,2.7,5.2
2024-07-22 21:55:00+02:00,20.3,20.3,21.4,13.8,66.0,28.7,78.0,0.2,0.0,0.0,0.0,0.0,0.0,1.2,45.3,291.2,0.8,4.0,141.0,1008.3,1008.3,2.7,5.2
2024-07-22 22:00:00+02:00,20.3,20.3,21.1,13.7,66.0,28.6,78.0,0.1,0.0,0.0,0.0,0.0,0.0,1.2,45.3,291.2,1.9,3.2,139.0,1008.3,1008.3,2.7,5.2
2024-07-22 22:05:00+02:00,20.3,20.3,21.1,13.8,66.0,28.5,78.0,0.0,0.0,0.0,0.0,0.0,0.0,1.2,45.3,291.2,2.4,4.0,146.0,1008.4,1008.4,2.7,5.2
2024-07-22 22:10:00+02:00,20.3,20.3,21.0,13.7,66.0,28.4,78.0,0.0,0.0,0.0,0.0,0.0,0.0,1.2,45.3,291.2,2.5,4.7,139.0,1008.4,1008.4,2.7,5.2
2024-07-22 22:15:00+02:00,20.2,20.2,20.9,13.9,67.0,28.3,78.0,0.0,0.0,0.0,0.0,0.0,0.0,1.2,45.3,291.2,2.4,4.0,124.0,1008.2,1008.2,2.7,5.1
2024-07-22 22:20:00+02:00,19.9,19.9,20.6,13.8,68.0,28.2,78.0,0.0,0.0,0.0,0.0,0.0,0.0,1.2,45.3,291.2,2.7,5.8,120.0,1008.3,1008.3,2.7,5.1
2024-07-22 22:25:00+02:00,20.1,20.1,20.8,13.9,68.0,28.1,78.0,0.0,0.0,0.0,0.0,0.0,0.0,1.2,45.3,291.2,2.4,4.3,127.0,1008.4,1008.4,2.7,5.1
2024-07-22 22:30:00+02:00,20.2,20.2,20.7,13.9,67.0,28.0,78.0,0.0,0.0,0.0,0.0,0.0,0.0,1.2,45.3,291.2,3.2,5.0,136.0,1008.3,1008.3,2.7,5.1
2024-07-22 22:35:00+02:00,20.2,20.2,20.9,13.9,67.0,27.9,78.0,0.0,0.0,0.0,0.0,0.0,0.0,1.2,45.3,291.2,2.4,6.5,139.0,1008.3,1008.3,2.7,5.1
2024-07-22 22:40:00+02:00,20.2,20.2,21.0,14.0,67.0,27.9,78.0,0.0,0.0,0.0,0.0,0.0,0.0,1.2,45.3,291.2,2.2,4.0,129.0,1008.3,1008.3,2.7,5.1
2024-07-22 22:45:00+02:00,20.2,20.2,20.8,13.9,67.0,27.8,78.0,0.0,0.0,0.0,0.0,0.0,0.0,1.2,45.3,291.2,3.4,6.5,137.0,1008.4,1008.4,2.7,5.1
2024-07-22 22:50:00+02:00,20.3,20.3,21.0,13.8,66.0,27.7,78.0,0.0,0.0,0.0,0.0,0.0,0.0,1.2,45.3,291.2,2.5,5.4,114.0,1008.3,1008.3,2.7,5.1
2024-07-22 22:55:00+02:00,20.3,20.3,21.3,14.0,67.0,27.7,78.0,0.0,0.0,0.0,0.0,0.0,0.0,1.2,45.3,291.2,1.4,4.7,127.0,1008.4,1008.4,2.7,5.1
2024-07-22 23:00:00+02:00,20.1,20.1,20.9,14.2,69.0,27.6,78.0,0.0,0.0,0.0,0.0,0.0,0.0,1.2,45.3,291.2,2.9,4.3,131.0,1008.4,1008.4,2.7,5.1
2024-07-22 23:05:00+02:00,20.0,20.0,21.0,14.2,69.0,27.5,78.0,0.0,0.0,0.0,0.0,0.0,0.0,1.2,45.3,291.2,1.7,5.0,133.0,1008.3,1008.3,2.7,5.1
2024-07-22 23:10:00+02:00,19.9,19.9,20.8,14.2,70.0,27.4,78.0,0.0,0.0,0.0,0.0,0.0,0.0,1.2,45.3,291.2,2.3,3.6,124.0,1008.3,1008.3,2.7,5.1
2024-07-22 23:15:00+02:00,19.9,19.9,20.8,14.1,69.0,27.3,78.0,0.0,0.0,0.0,0.0,0.0,0.0,1.2,45.3,291.2,2.3,4.0,130.0,1008.4,1008.4,2.7,5.1
2024-07-22 23:20:00+02:00,19.9,19.9,20.8,14.3,70.0,27.3,78.0,0.0,0.0,0.0,0.0,0.0,0.0,1.2,45.3,291.2,2.3,4.3,124.0,1008.3,1008.3,2.7,5.1
2024-07-22 23:25:00+02:00,20.0,20.0,20.6,14.1,69.0,27.2,78.0,0.0,0.0,0.0,0.0,0.0,0.0,1.2,45.3,291.2,3.6,4.3,127.0,1008.3,1008.3,2.7,5.1
2024-07-22 23:30:00+02:00,19.9,19.9,20.8,14.1,69.0,27.1,78.0,0.0,0.0,0.0,0.0,0.0,0.0,1.2,45.3,291.2,2.2,4.3,141.0,1008.3,1008.3,2.7,5.1
2024-07-22 23:35:00+02:00,19.9,19.9,21.0,14.4,70.0,27.1,78.0,0.0,0.0,0.0,0.0,0.0,0.0,1.2,45.3,291.2,1.4,3.6,137.0,1008.3,1008.3,2.7,5.1
2024-07-22 23:40:00+02:00,19.8,19.8,20.6,14.1,70.0,27.0,78.0,0.0,0.0,0.0,0.0,0.0,0.0,1.2,45.3,291.2,2.8,4.7,128.0,1008.2,1008.2,2.7,5.1
2024-07-22 23:45:00+02:00,20.0,20.0,20.6,14.1,69.0,27.0,78.0,0.0,0.0,0.0,0.0,0.0,0.0,1.2,45.3,291.2,3.6,5.4,128.0,1008.2,1008.2,2.7,5.1
2024-07-22 23:50:00+02:00,19.9,19.9,20.8,14.3,70.0,26.9,79.0,0.0,0.0,0.0,0.0,0.0,0.0,1.2,45.3,291.2,2.4,4.0,131.0,1008.4,1008.4,2.7,5.1
2024-07-22 23:55:00+02:00,19.6,19.6,20.5,14.3,71.0,26.8,78.0,0.0,0.0,0.0,0.0,0.0,0.0,1.2,45.3,291.2,2.4,3.6,136.0,1008.4,1008.4,2.7,5.0
2024-07-23 00:00:00+02:00,19.4,19.4,20.3,14.1,72.0,26.7,79.0,0.0,0.0,0.0,0.0,0.0,0.0,1.2,45.3,291.2,2.0,3.6,119.0,1008.3,1008.3,2.7,5.0
2024-07-23 00:05:00+02:00,19.2,19.2,20.2,14.1,72.0,26.7,79.0,0.0,0.0,0.0,0.0,0.0,0.0,1.2,45.3,291.2,1.4,2.5,131.0,1008.2,1008.2,2.7,5.0
2024-07-23 00:10:00+02:00,19.0,19.0,20.3,14.1,73.0,26.6,78.0,0.0,0.0,0.0,0.0,0.0,0.0,1.2,45.3,291.2,0.0,2.9,129.0,1008.2,1008.2,2.7,5.0
2024-07-23 00:15:00+02:00,18.8,18.8,19.6,14.1,74.0,26.5,79.0,0.0,0.0,0.0,0.0,0.0,0.0,1.2,45.3,291.2,2.1,2.9,133.0,1008.3,1008.3,2.7,5.0
2024-07-23 00:20:00+02:00,18.5,18.5,19.6,14.0,75.0,26.4,79.0,0.0,0.0,0.0,0.0,0.0,0.0,1.2,45.3,291.2,0.8,2.9,130.0,1008.3,1008.3,2.7,5.0
2024-07-23 00:25:00+02:00,18.4,18.4,19.2,13.8,75.0,26.3,79.0,0.0,0.0,0.0,0.0,0.0,0.0,1.2,45.3,291.2,2.2,4.3,132.0,1008.2,1008.2,2.7,5.0
2024-07-23 00:30:00+02:00,18.6,18.6,19.3,13.8,74.0,26.3,79.0,0.0,0.0,0.0,0.0,0.0,0.0,1.2,45.3,291.2,2.6,4.7,128.0,1008.3,1008.3,2.7,5.0
2024-07-23 00:35:00+02:00,18.6,18.6,19.3,13.8,74.0,26.2,79.0,0.0,0.0,0.0,0.0,0.0,0.0,1.2,45.3,291.2,2.5,3.6,130.0,1008.4,1008.4,2.7,5.0
2024-07-23 00:40:00+02:00,18.6,18.6,19.3,13.8,74.0,26.2,79.0,0.0,0.0,0.0,0.0,0.0,0.0,1.2,45.3,291.2,2.5,4.0,131.0,1008.2,1008.2,2.7,5.0
2024-07-23 00:45:00+02:00,18.5,18.5,19.0,13.7,74.0,26.1,79.0,0.0,0.0,0.0,0.0,0.0,0.0,1.2,45.3,291.2,3.2,5.0,137.0,1008.2,1008.2,2.7,5.0
2024-07-23 00:50:00+02:00,18.5,18.5,18.9,13.7,74.0,26.0,79.0,0.0,0.0,0.0,0.0,0.0,0.0,1.2,45.3,291.2,4.0,5.0,136.0,1008.3,1008.3,2.7,5.0
2024-07-23 00:55:00+02:00,18.7,18.7,19.3,13.7,73.0,25.9,79.0,0.0,0.0,0.0,0.0,0.0,0.0,1.2,45.3,291.2,3.1,5.0,140.0,1008.2,1008.2,2.7,5.0
2024-07-23 01:00:00+02:00,18.8,18.8,19.2,13.7,73.0,25.9,78.0,0.0,0.0,0.0,0.0,0.0,0.0,1.2,45.3,291.2,3.8,6.1,134.0,1008.2,1008.2,2.7,5.0
2024-07-23 01:05:00+02:00,18.8,18.8,19.2,13.7,72.0,25.8,78.0,0.0,0.0,0.0,0.0,0.0,0.0,1.2,45.3,291.2,4.0,5.8,142.0,1008.2,1008.2,2.7,5.0
2024-07-23 01:10:00+02:00,18.9,18.9,19.2,13.7,72.0,25.7,79.0,0.0,0.0,0.0,0.0,0.0,0.0,1.2,45.3,291.2,4.8,8.3,135.0,1008.3,1008.3,2.7,5.0
2024-07-23 01:15:00+02:00,18.9,18.9,19.2,13.7,72.0,25.7,79.0,0.0,0.0,0.0,0.0,0.0,0.0,1.2,45.3,291.2,4.3,9.4,134.0,1008.3,1008.3,2.7,5.0
2024-07-23 01:20:00+02:00,19.0,19.0,19.3,13.8,72.0,25.6,79.0,0.0,0.0,0.0,0.0,0.0,0.0,1.2,45.3,291.2,4.7,12.6,130.0,1008.2,1008.2,2.7,5.0
2024-07-23 01:25:00+02:00,18.8,18.8,19.3,13.8,73.0,25.5,78.0,0.0,0.0,0.0,0.0,0.0,0.0,1.2,45.3,291.2,3.7,6.5,140.0,1008.3,1008.3,2.7,5.0
2024-07-23 01:30:00+02:00,18.6,18.6,19.0,13.8,74.0,25.4,79.0,0.0,0.0,0.0,0.0,0.0,0.0,1.2,45.3,291.2,4.0,8.6,126.0,1008.2,1008.2,2.7,5.0
2024-07-23 01:35:00+02:00,18.6,18.6,18.6,13.8,74.0,25.4,79.0,0.0,0.0,0.0,0.0,0.0,0.0,1.2,45.3,291.2,6.3,9.4,135.0,1008.1,1008.1,2.7,5.0
2024-07-23 01:40:00+02:00,18.7,18.7,18.9,13.8,73.0,25.3,79.0,0.0,0.0,0.0,0.0,0.0,0.0,1.2,45.3,291.2,5.4,10.4,137.0,1008.1,1008.1,2.7,5.0
2024-07-23 01:45:00+02:00,18.6,18.6,19.1,13.9,74.0,25.3,78.0,0.0,0.0,0.0,0.0,0.0,0.0,1.2,45.3,291.2,3.6,7.6,137.0,1008.1,1008.1,2.7,4.9
2024-07-23 01:50:00+02:00,18.5,18.5,19.1,13.8,74.0,25.2,78.0,0.0,0.0,0.0,0.0,0.0,0.0,1.2,45.3,291.2,3.4,7.6,140.0,1008.1,1008.1,2.7,4.9
2024-07-23 01:55:00+02:00,18.5,18.5,19.0,13.8,74.0,25.1,79.0,0.0,0.0,0.0,0.0,0.0,0.0,1.2,45.3,291.2,3.3,7.2,126.0,1008.1,1008.1,2.7,4.9
2024-07-23 02:00:00+02:00,18.3,18.3,19.0,13.8,75.0,25.1,79.0,0.0,0.0,0.0,0.0,0.0,0.0,1.2,45.3,291.2,2.6,4.0,129.0,1008.1,1008.1,2.7,4.9
2024-07-23 02:05:00+02:00,18.3,18.3,19.1,13.8,75.0,25.0,79.0,0.0,0.0,0.0,0.0,0.0,0.0,1.2,45.3,291.2,1.8,3.6,137.0,1008.1,1008.1,2.7,4.9
2024-07-23 02:10:00+02:00,18.4,18.4,19.1,13.9,75.0,24.9,79.0,0.0,0.0,0.0,0.0,0.0,0.0,1.2,45.3,291.2,3.0,6.5,122.0,1008.1,1008.1,2.7,4.9
2024-07-23 02:15:00+02:00,18.5,18.5,19.6,14.2,76.0,24.9,79.0,0.0,0.0,0.0,0.0,0.0,0.0,1.2,45.3,291.2,0.9,4.7,111.0,1007.9,1007.9,2.7,4.9
2024-07-23 02:20:00+02:00,18.4,18.4,19.4,14.2,76.0,24.8,79.0,0.0,0.0,0.0,0.0,0.0,0.0,1.2,45.3,291.2,2.0,5.8,126.0,1007.8,1007.8,2.7,4.9
2024-07-23 02:25:00+02:00,18.6,18.6,19.4,14.1,75.0,24.8,79.0,0.0,0.0,0.0,0.0,0.0,0.0,1.2,45.3,291.2,2.4,6.1,132.0,1007.9,1007.9,2.7,4.9
2024-07-23 02:30:00+02:00,18.7,18.7,19.6,14.2,75.0,24.8,79.0,0.0,0.0,0.0,0.0,0.0,0.0,1.2,45.3,291.2,2.3,5.0,137.0,1007.9,1007.9,2.7,4.9
2024-07-23 02:35:00+02:00,18.7,18.7,19.6,14.3,76.0,24.7,79.0,0.0,0.0,0.0,0.0,0.0,0.0,1.2,45.3,291.2,2.2,4.0,134.0,1007.8,1007.8,2.7,4.9
2024-07-23 02:40:00+02:00,18.8,18.8,19.5,14.3,75.0,24.7,79.0,0.0,0.0,0.0,0.0,0.0,0.0,1.2,45.3,291.2,3.3,6.5,112.0,1007.7,1007.7,2.7,4.9
2024-07-23 02:45:00+02:00,19.1,19.1,19.7,14.3,74.0,24.6,79.0,0.0,0.0,0.0,0.0,0.0,0.0,1.2,45.3,291.2,3.7,7.6,120.0,1007.8,1007.8,2.7,4.9
2024-07-23 02:50:00+02:00,19.3,19.3,19.8,14.4,73.0,24.6,79.0,0.0,0.0,0.0,0.0,0.0,0.0,1.2,45.3,291.2,4.9,7.9,125.0,1007.8,1007.8,2.7,4.9
2024-07-23 02:55:00+02:00,19.4,19.4,19.9,14.4,73.0,24.6,79.0,0.0,0.0,0.0,0.0,0.0,0.0,1.2,45.3,291.2,4.4,8.6,125.0,1007.8,1007.8,2.7,4.9
2024-07-23 03:00:00+02:00,19.5,19.5,20.0,14.4,72.0,24.6,79.0,0.0,0.0,0.0,0.0,0.0,0.0,1.2,45.3,291.2,4.7,9.4,149.0,1007.7,1007.7,2.7,4.9
2024-07-23 03:05:00+02:00,19.6,19.6,19.9,14.4,72.0,24.5,79.0,0.0,0.0,0.0,0.0,0.0,0.0,1.2,45.3,291.2,5.4,9.0,143.0,1007.7,1007.7,2.7,4.9
2024-07-23 03:10:00+02:00,19.6,19.6,20.0,14.5,72.0,24.5,79.0,0.0,0.0,0.0,0.0,0.0,0.0,1.2,45.3,291.2,5.3,10.1,126.0,1007.7,1007.7,2.7,4.9
2024-07-23 03:15:00+02:00,19.5,19.5,19.7,14.4,72.0,24.5,79.0,0.0,0.0,0.0,0.0,0.0,0.0,1.2,45.3,291.2,6.5,9.4,126.0,1007.7,1007.7,2.7,4.9
2024-07-23 03:20:00+02:00,19.6,19.6,19.6,14.5,72.0,24.5,79.0,0.0,0.0,0.0,0.0,0.0,0.0,1.2,45.3,291.2,7.1,12.2,132.0,1007.6,1007.6,2.7,4.9
2024-07-23 03:25:00+02:00,19.5,19.5,19.8,14.6,73.0,24.4,79.0,0.0,0.0,0.0,0.0,0.0,0.0,1.2,45.3,291.2,6.1,9.4,137.0,1007.6,1007.6,2.7,4.9
2024-07-23 03:30:00+02:00,19.6,19.6,19.7,14.6,73.0,24.4,79.0,0.0,0.0,0.0,0.0,0.0,0.0,1.2,45.3,291.2,6.6,14.0,134.0,1007.5,1007.5,2.7,4.9
2024-07-23 03:35:00+02:00,19.6,19.6,19.8,14.5,72.0,24.4,80.0,0.0,0.0,0.0,0.0,0.0,0.0,1.2,45.3,291.2,6.1,13.3,142.0,1007.6,1007.6,2.7,4.8
2024-07-23 03:40:00+02:00,19.6,19.6,19.5,14.5,72.0,24.4,80.0,0.0,0.0,0.0,0.0,0.0,0.0,1.2,45.3,291.2,7.6,11.5,129.0,1007.5,1007.5,2.7,4.8
2024-07-23 03:45:00+02:00,19.6,19.6,19.7,14.6,73.0,24.3,80.0,0.0,0.0,0.0,0.0,0.0,0.0,1.2,45.3,291.2,7.0,10.4,129.0,1007.5,1007.5,2.7,4.8
2024-07-23 03:50:00+02:00,19.7,19.7,19.8,14.6,72.0,24.3,80.0,0.0,0.0,0.0,0.0,0.0,0.0,1.2,45.3,291.2,6.8,11.2,135.0,1007.4,1007.4,2.7,4.8
2024-07-23 03:55:00+02:00,19.7,19.7,19.6,14.5,72.0,24.3,80.0,0.0,0.0,0.0,0.0,0.0,0.0,1.2,45.3,291.2,7.6,14.8,128.0,1007.4,1007.4,2.7,4.8
2024-07-23 04:00:00+02:00,19.7,19.7,19.6,14.6,72.0,24.3,80.0,0.0,0.0,0.0,0.0,0.0,0.0,1.2,45.3,291.2,8.3,13.0,125.0,1007.3,1007.3,2.7,4.8
2024-07-23 04:05:00+02:00,19.7,19.7,19.7,14.6,72.0,24.3,80.0,0.0,0.0,0.0,0.0,0.0,0.0,1.2,45.3,291.2,7.3,10.8,129.0,1007.3,1007.3,2.7,4.8
2024-07-23 04:10:00+02:00,19.6,19.6,19.7,14.6,73.0,24.3,80.0,0.0,0.0,0.0,0.0,0.0,0.0,1.2,45.3,291.2,6.6,9.7,131.0,1007.3,1007.3,2.7,4.8
2024-07-23 04:15:00+02:00,19.5,19.5,19.5,14.6,73.0,24.2,80.0,0.0,0.0,0.0,0.0,0.0,0.0,1.2,45.3,291.2,7.3,12.2,138.0,1007.2,1007.2,2.7,4.8
2024-07-23 04:20:00+02:00,19.5,19.5,19.7,14.5,73.0,24.2,80.0,0.0,0.0,0.0,0.0,0.0,0.0,1.2,45.3,291.2,6.7,14.4,133.0,1007.1,1007.1,2.7,4.8
2024-07-23 04:25:00+02:00,19.5,19.5,19.9,14.5,72.0,24.2,80.0,0.0,0.0,0.0,0.0,0.0,0.0,1.2,45.3,291.2,5.6,9.4,131.0,1007.2,1007.2,2.7,4.8
2024-07-23 04:30:00+02:00,19.6,19.6,19.6,14.5,72.0,24.2,80.0,0.0,0.0,0.0,0.0,0.0,0.0,1.2,45.3,291.2,7.3,12.2,128.0,1007.0,1007.0,2.7,4.8
2024-07-23 04:35:00+02:00,19.5,19.5,19.9,14.6,73.0,24.2,80.0,0.0,0.0,0.0,0.0,0.0,0.0,1.2,45.3,291.2,5.8,10.1,129.0,1007.1,1007.1,2.7,4.8
2024-07-23 04:40:00+02:00,19.4,19.4,19.9,14.6,73.0,24.2,80.0,0.0,0.0,0.0,0.0,0.0,0.0,1.2,45.3,291.2,4.9,10.1,135.0,1007.1,1007.1,2.7,4.8
2024-07-23 04:45:00+02:00,19.4,19.4,20.2,14.5,73.0,24.1,80.0,0.0,0.0,0.0,0.0,0.0,0.0,1.2,45.3,291.2,3.4,8.3,138.0,1007.2,1007.2,2.7,4.8
2024-07-23 04:50:00+02:00,19.4,19.4,19.9,14.5,73.0,24.1,80.0,0.0,0.0,0.0,0.0,0.0,0.0,1.2,45.3,291.2,5.0,9.4,125.0,1007.2,1007.2,2.7,4.8
2024-07-23 04:55:00+02:00,19.4,19.4,19.9,14.5,73.0,24.1,80.0,0.0,0.0,0.0,0.0,0.0,0.0,1.2,45.3,291.2,5.0,7.9,135.0,1007.2,1007.2,2.7,4.8
2024-07-23 05:00:00+02:00,19.4,19.4,20.2,14.6,74.0,24.1,80.0,0.0,0.0,0.0,0.0,0.0,0.0,1.2,45.3,291.2,3.6,6.5,132.0,1007.1,1007.1,2.7,4.8
2024-07-23 05:05:00+02:00,19.3,19.3,19.6,14.5,74.0,24.0,80.0,0.0,0.0,0.0,0.0,0.0,0.0,1.2,45.3,291.2,5.8,11.2,123.0,1007.0,1007.0,2.7,4.8
2024-07-23 05:10:00+02:00,19.4,19.4,19.8,14.6,74.0,24.0,80.0,0.1,0.0,0.0,0.0,0.0,0.0,1.2,45.3,291.2,5.5,8.6,136.0,1007.0,1007.0,2.7,4.8
2024-07-23 05:15:00+02:00,19.3,19.3,19.8,14.6,74.0,24.0,80.0,0.2,0.0,0.0,0.0,0.0,0.0,1.2,45.3,291.2,4.9,8.6,135.0,1007.1,1007.1,2.7,4.7
2024-07-23 05:20:00+02:00,19.3,19.3,19.6,14.5,74.0,24.0,80.0,0.3,0.0,0.0,0.0,0.0,0.0,1.2,45.3,291.2,5.5,7.2,130.0,1007.2,1007.2,2.7,4.7
2024-07-23 05:25:00+02:00,19.2,19.2,19.6,14.6,74.0,24.0,80.0,0.6,0.0,0.0,0.0,0.0,0.0,1.2,45.3,291.2,5.3,8.3,137.0,1007.0,1007.0,2.7,4.7
2024-07-23 05:30:00+02:00,19.2,19.2,19.7,14.6,75.0,23.9,80.0,0.9,0.0,0.0,0.0,0.0,0.0,1.2,45.3,291.2,4.7,9.4,129.0,1007.1,1007.1,2.7,4.7
2024-07-23 05:35:00+02:00,19.0,19.0,19.7,14.6,75.0,23.9,80.0,1.0,0.0,0.0,0.0,0.0,0.0,1.2,45.3,291.2,4.2,7.9,126.0,1007.1,1007.1,2.7,4.7
2024-07-23 05:40:00+02:00,19.0,19.0,19.5,14.6,75.0,23.9,80.0,1.7,0.0,0.0,0.0,0.0,0.0,1.2,45.3,291.2,5.0,7.9,131.0,1007.1,1007.1,2.7,4.7
2024-07-23 05:45:00+02:00,19.1,19.1,19.7,14.5,75.0,23.9,80.0,2.7,0.0,0.0,0.0,0.0,0.0,1.2,45.3,291.2,4.5,7.9,120.0,1007.0,1007.0,2.7,4.7
2024-07-23 05:50:00+02:00,19.1,19.1,19.5,14.7,76.0,23.8,80.0,4.3,0.0,0.0,0.0,0.0,0.0,1.2,45.3,291.2,5.7,7.9,129.0,1007.0,1007.0,2.7,4.7
2024-07-23 05:55:00+02:00,19.0,19.0,19.7,14.7,76.0,23.8,80.0,6.2,0.0,0.0,0.0,0.0,0.0,1.2,45.3,291.2,4.0,7.2,127.0,1007.0,1007.0,2.7,4.7
2024-07-23 06:00:00+02:00,18.8,18.8,19.4,14.7,77.0,23.8,80.0,8.2,0.0,0.0,0.0,0.0,0.0,1.2,45.3,291.2,4.8,7.9,127.0,1007.0,1007.0,2.7,4.7
2024-07-23 06:05:00+02:00,18.7,18.7,19.3,14.5,77.0,23.8,80.0,10.3,0.0,0.0,0.0,0.0,0.0,1.2,45.3,291.2,4.3,7.9,132.0,1006.9,1006.9,2.7,4.7
2024-07-23 06:10:00+02:00,18.6,18.6,18.9,14.5,77.0,23.8,80.0,12.6,0.0,0.0,0.0,0.0,0.0,1.2,45.3,291.2,5.8,11.9,134.0,1006.8,1006.8,2.7,4.7
2024-07-23 06:15:00+02:00,18.7,18.7,19.3,14.6,77.0,23.7,80.0,15.5,0.0,0.0,0.0,0.0,0.0,1.2,45.3,291.2,4.8,11.2,132.0,1006.9,1006.9,2.7,4.7
2024-07-23 06:20:00+02:00,18.7,18.7,19.1,14.5,77.0,23.7,80.0,19.6,0.0,0.0,0.0,0.0,0.0,1.2,45.3,291.2,5.2,11.2,137.0,1006.8,1006.8,2.7,4.7
2024-07-23 06:25:00+02:00,18.7,18.7,19.2,14.6,77.0,23.7,80.0,25.3,0.0,0.0,0.0,0.0,0.0,1.2,45.3,291.2,5.0,10.4,131.0,1006.8,1006.8,2.7,4.7
2024-07-23 06:30:00+02:00,18.8,18.8,19.1,14.6,77.0,23.7,80.0,29.4,0.0,0.0,0.0,0.0,0.0,1.2,45.3,291.2,5.9,10.4,131.0,1006.8,1006.8,2.7,4.7
2024-07-23 06:35:00+02:00,18.8,18.8,19.0,14.6,76.0,23.7,80.0,28.9,0.0,0.0,0.0,0.0,0.0,1.2,45.3,291.2,6.5,11.9,133.0,1006.8,1006.8,2.7,4.7
2024-07-23 06:40:00+02:00,18.9,18.9,19.0,14.6,76.0,23.6,80.0,26.5,0.0,0.0,0.0,0.0,0.0,1.2,45.3,291.2,7.1,10.8,126.0,1006.9,1006.9,2.7,4.7
2024-07-23 06:45:00+02:00,18.9,18.9,19.3,14.6,76.0,23.6,81.0,26.7,0.0,0.0,0.0,0.0,0.0,1.2,45.3,291.2,5.5,9.7,132.0,1006.8,1006.8,2.7,4.7
2024-07-23 06:50:00+02:00,18.9,18.9,19.4,14.7,77.0,23.6,81.0,32.7,0.0,0.0,0.0,0.0,0.0,1.2,45.3,291.2,5.1,7.6,131.0,1006.7,1006.7,2.7,4.7
2024-07-23 06:55:00+02:00,18.9,18.9,18.8,14.6,76.0,23.6,81.0,31.2,0.0,0.0,0.0,0.0,0.0,1.2,45.3,291.2,7.8,14.0,128.0,1006.8,1006.8,2.7,4.7
2024-07-23 07:00:00+02:00,18.9,18.9,19.0,14.6,76.0,23.6,81.0,35.3,0.0,0.0,0.0,0.0,0.0,1.2,45.3,291.2,7.1,14.0,135.0,1006.7,1006.7,2.7,4.7
2024-07-23 07:05:00+02:00,19.0,19.0,19.0,14.7,76.0,23.6,81.0,35.9,0.0,0.0,0.0,0.0,0.0,1.2,45.3,291.2,7.5,15.1,130.0,1006.7,1006.7,2.7,4.7
2024-07-23 07:10:00+02:00,19.0,19.0,19.3,14.8,77.0,23.6,81.0,40.7,0.0,0.0,0.0,0.0,0.0,1.2,45.3,291.2,6.4,11.9,131.0,1006.7,1006.7,2.7,4.7
2024-07-23 07:15:00+02:00,19.2,19.2,19.3,14.8,76.0,23.6,81.0,69.2,0.0,0.0,0.0,0.0,0.0,1.2,45.3,291.2,7.5,11.9,124.0,1006.8,1006.8,2.7,4.7
2024-07-23 07:20:00+02:00,19.4,19.4,19.6,14.9,75.0,23.6,81.0,75.5,0.0,0.0,0.0,0.0,0.0,1.2,45.3,291.2,7.4,13.0,127.0,1006.8,1006.8,2.7,4.7
2024-07-23 07:25:00+02:00,19.6,19.6,19.7,15.1,75.0,23.6,81.0,81.8,0.0,0.0,0.0,0.0,0.0,1.2,45.3,291.2,8.0,16.2,119.0,1006.7,1006.7,2.7,4.7
2024-07-23 07:30:00+02:00,19.7,19.7,20.3,15.2,75.0,23.6,81.0,78.8,0.0,0.0,0.0,0.0,0.0,1.2,45.3,291.2,5.5,16.2,136.0,1006.7,1006.7,2.7,4.7
2024-07-23 07:35:00+02:00,19.7,19.7,20.5,15.2,75.0,23.7,81.0,71.3,0.0,0.0,0.0,0.0,0.0,1.2,45.3,291.2,4.6,9.7,142.0,1006.8,1006.8,2.7,4.8
2024-07-23 07:40:00+02:00,19.7,19.7,20.0,15.1,75.0,23.7,81.0,58.7,0.0,0.0,0.0,0.0,0.0,1.2,45.3,291.2,6.5,11.9,131.0,1006.7,1006.7,2.7,4.8
2024-07-23 07:45:00+02:00,19.5,19.5,19.9,15.0,75.0,23.8,81.0,45.3,0.0,0.0,0.0,0.0,0.0,1.2,45.3,291.2,6.0,9.4,142.0,1006.7,1006.7,2.7,4.8
2024-07-23 07:50:00+02:00,19.5,19.5,19.9,15.1,76.0,23.8,81.0,64.9,0.0,0.0,0.0,0.0,0.0,1.2,45.3,291.2,6.1,12.2,141.0,1006.7,1006.7,2.7,4.8
2024-07-23 07:55:00+02:00,19.6,19.6,19.5,15.1,75.0,23.8,81.0,85.2,0.0,0.0,0.0,0.0,0.0,1.2,45.3,291.2,9.0,13.3,127.0,1006.7,1006.7,2.7,4.8
2024-07-23 08:00:00+02:00,19.8,19.8,20.1,15.2,75.0,23.9,81.0,94.5,0.0,0.0,0.0,0.0,0.0,1.2,45.3,291.2,7.0,12.2,138.0,1006.6,1006.6,2.7,4.8
2024-07-23 08:05:00+02:00,20.0,20.0,20.0,15.4,75.0,23.9,81.0,96.8,0.0,0.0,0.0,0.0,0.0,1.2,45.3,291.2,8.9,13.0,129.0,1006.6,1006.6,2.7,4.8
2024-07-23 08:10:00+02:00,20.1,20.1,20.1,15.3,74.0,24.0,81.0,138.1,1.0,0.0,0.0,0.0,0.0,1.2,45.3,291.2,8.8,17.6,137.0,1006.6,1006.6,2.7,4.8
2024-07-23 08:15:00+02:00,20.3,20.3,20.5,15.4,73.0,24.0,81.0,144.2,1.0,0.0,0.0,0.0,0.0,1.2,45.3,291.2,8.2,14.4,115.0,1006.6,1006.6,2.7,4.8
2024-07-23 08:20:00+02:00,20.7,20.7,21.4,15.6,73.0,24.0,81.0,133.2,1.0,0.0,0.0,0.0,0.0,1.2,45.3,291.2,5.5,13.3,118.0,1006.6,1006.6,2.7,4.8
2024-07-23 08:25:00+02:00,20.5,20.5,20.7,15.5,73.0,24.1,81.0,117.8,1.0,0.0,0.0,0.0,0.0,1.2,45.3,291.2,8.4,18.4,122.0,1006.6,1006.6,2.7,4.9
2024-07-23 08:30:00+02:00,20.4,20.4,21.0,15.6,74.0,24.2,81.0,121.3,1.0,0.0,0.0,0.0,0.0,1.2,45.3,291.2,6.3,16.6,119.0,1006.5,1006.5,2.7,4.9
2024-07-23 08:35:00+02:00,20.5,20.5,21.5,15.8,74.0,24.3,81.0,90.0,0.0,0.0,0.0,0.0,0.0,1.2,45.3,291.2,4.5,11.9,120.0,1006.6,1006.6,2.7,4.9
2024-07-23 08:40:00+02:00,20.4,20.4,20.2,15.6,74.0,24.3,81.0,148.4,1.0,0.0,0.0,0.0,0.0,1.2,45.3,291.2,10.7,15.5,130.0,1006.5,1006.5,2.7,4.9
2024-07-23 08:45:00+02:00,20.5,20.5,20.8,15.5,73.0,24.3,81.0,157.3,1.0,0.0,0.0,0.0,0.0,1.2,45.3,291.2,7.5,13.3,130.0,1006.7,1006.7,2.7,5.0
2024-07-23 08:50:00+02:00,20.7,20.7,21.8,15.8,74.0,24.4,81.0,121.8,1.0,0.0,0.0,0.0,0.0,1.2,45.3,291.2,3.8,11.5,123.0,1006.6,1006.6,2.7,5.0
2024-07-23 08:55:00+02:00,20.7,20.7,21.4,15.8,74.0,24.5,82.0,71.7,0.0,0.0,0.0,0.0,0.0,1.2,45.3,291.2,5.9,8.6,127.0,1006.5,1006.5,2.7,5.0
2024-07-23 09:00:00+02:00,20.7,20.7,21.5,15.9,74.0,24.5,82.0,79.2,0.0,0.0,0.0,0.0,0.0,1.2,45.3,291.2,5.7,15.1,136.0,1006.5,1006.5,2.7,5.0
2024-07-23 09:05:00+02:00,20.6,20.6,21.8,16.0,75.0,24.6,82.0,98.6,0.0,0.0,0.0,0.0,0.0,1.2,45.3,291.2,4.3,15.1,120.0,1006.5,1006.5,2.7,5.1
2024-07-23 09:10:00+02:00,20.7,20.7,21.3,16.0,74.0,24.6,82.0,109.3,1.0,0.0,0.0,0.0,0.0,1.2,45.3,291.2,6.8,13.7,137.0,1006.5,1006.5,2.7,5.1
2024-07-23 09:15:00+02:00,20.6,20.6,20.6,15.9,74.0,24.7,82.0,147.2,1.0,0.0,0.0,0.0,0.0,1.2,45.3,291.2,9.8,17.6,132.0,1006.4,1006.4,2.7,5.1
2024-07-23 09:20:00+02:00,20.8,20.8,21.7,16.1,75.0,24.7,82.0,130.2,1.0,0.0,0.0,0.0,0.0,1.2,45.3,291.2,5.7,9.7,145.0,1006.4,1006.4,2.7,5.1
2024-07-23 09:25:00+02:00,20.7,20.7,20.9,16.1,75.0,24.7,82.0,86.7,0.0,0.0,0.0,0.0,0.0,1.2,45.3,291.2,9.5,16.9,131.0,1006.3,1006.3,2.7,5.1
2024-07-23 09:30:00+02:00,20.6,20.6,21.3,16.0,75.0,24.8,82.0,86.6,0.0,0.0,0.0,0.0,0.0,1.2,45.3,291.2,6.6,16.9,128.0,1006.2,1006.2,2.7,5.1
2024-07-23 09:35:00+02:00,20.7,20.7,21.5,16.1,75.0,24.8,82.0,100.2,0.0,0.0,0.0,0.0,0.0,1.2,45.3,291.2,6.0,16.9,126.0,1006.3,1006.3,2.7,5.2
2024-07-23 09:40:00+02:00,20.7,20.7,21.6,16.2,75.0,24.8,82.0,72.1,0.0,0.0,0.0,0.0,0.0,1.2,45.3,291.2,5.6,12.6,152.0,1006.3,1006.3,2.7,5.2
2024-07-23 09:45:00+02:00,20.7,20.7,21.8,16.2,76.0,24.8,82.0,48.2,0.0,0.0,0.0,0.0,0.0,1.2,45.3,291.2,4.8,17.3,130.0,1006.2,1006.2,2.7,5.2
2024-07-23 09:50:00+02:00,20.7,20.7,22.0,16.4,77.0,24.8,82.0,54.9,0.0,0.0,0.0,0.0,0.0,1.2,45.3,291.2,4.3,16.2,170.0,1006.4,1006.4,2.7,5.2
2024-07-23 09:55:00+02:00,20.2,20.2,20.7,16.6,80.0,24.9,82.0,98.3,0.0,0.0,0.0,0.0,0.0,1.2,45.3,291.2,8.9,18.7,130.0,1006.3,1006.3,2.7,5.2
2024-07-23 10:00:00+02:00,19.6,19.6,20.4,16.9,84.0,24.9,82.0,101.8,0.0,1.2,0.2,0.2,0.2,1.4,45.5,291.4,7.8,17.3,127.0,1006.4,1006.4,2.7,5.2
2024-07-23 10:05:00+02:00,19.1,19.1,19.7,17.0,88.0,24.9,81.0,77.0,0.0,1.2,0.2,0.2,0.2,1.4,45.5,291.4,8.9,22.3,129.0,1006.5,1006.5,2.7,5.2
2024-07-23 10:10:00+02:00,18.8,18.8,20.7,17.2,90.0,24.9,81.0,59.1,0.0,1.2,0.3,0.3,0.3,1.5,45.6,291.5,3.0,11.9,166.0,1006.5,1006.5,2.7,5.2
2024-07-23 10:15:00+02:00,18.7,18.7,20.4,17.2,91.0,24.8,81.0,96.8,0.0,0.6,0.3,0.3,0.3,1.5,45.6,291.5,3.5,7.6,128.0,1006.5,1006.5,2.7,5.2
2024-07-23 10:20:00+02:00,18.5,18.5,19.7,17.2,92.0,24.8,81.0,141.1,1.0,0.6,0.4,0.4,0.4,1.6,45.7,291.6,6.2,12.2,125.0,1006.4,1006.4,2.7,5.2
2024-07-23 10:25:00+02:00,18.6,18.6,19.9,17.4,93.0,24.8,80.0,191.2,1.0,0.6,0.4,0.4,0.4,1.6,45.7,291.6,6.4,12.2,132.0,1006.2,1006.2,2.7,5.2
2024-07-23 10:30:00+02:00,18.7,18.7,19.6,17.4,93.0,24.7,80.0,189.4,1.0,0.6,0.5,0.5,0.5,1.7,45.8,291.7,8.2,14.0,141.0,1006.2,1006.2,2.7,5.2
2024-07-23 10:35:00+02:00,18.5,18.5,19.9,17.3,93.0,24.7,80.0,106.3,0.0,1.8,0.7,0.7,0.7,1.9,46.0,291.9,5.8,11.5,111.0,1006.3,1006.3,2.7,5.2
2024-07-23 10:40:00+02:00,18.4,18.4,19.9,17.3,93.0,24.7,80.0,134.7,1.0,2.4,0.8,0.8,0.8,2.0,46.1,292.0,5.2,14.8,127.0,1006.2,1006.2,2.7,5.2
2024-07-23 10:45:00+02:00,18.3,18.3,19.5,17.2,94.0,24.7,80.0,74.6,0.0,0.6,0.8,0.8,0.8,2.0,46.1,292.0,6.6,12.6,135.0,1006.2,1006.2,2.7,5.2
2024-07-23 10:50:00+02:00,18.3,18.3,19.9,17.3,94.0,24.6,80.0,69.0,0.0,0.6,0.9,0.9,0.9,2.1,46.2,292.1,4.9,11.2,134.0,1006.2,1006.2,2.7,5.2
2024-07-23 10:55:00+02:00,18.3,18.3,19.8,17.3,94.0,24.6,80.0,119.8,1.0,0.6,0.9,0.9,0.8,2.1,46.2,292.1,5.3,7.6,132.0,1006.2,1006.2,2.7,5.2
2024-07-23 11:00:00+02:00,18.5,18.5,20.6,17.6,95.0,24.5,80.0,117.1,1.0,0.6,1.0,1.0,0.8,2.2,46.3,292.2,2.4,5.8,159.0,1006.2,1006.2,2.7,5.2
2024-07-23 11:05:00+02:00,18.5,18.5,21.1,17.7,95.0,24.5,80.0,27.6,0.0,1.8,1.2,1.2,0.9,2.4,46.5,292.4,0.4,4.7,191.0,1006.2,1006.2,2.7,5.2
2024-07-23 11:10:00+02:00,18.4,18.4,20.7,17.6,95.0,24.5,80.0,66.5,0.0,1.8,1.2,1.2,0.9,2.4,46.5,292.4,1.9,6.1,125.0,1006.3,1006.3,2.7,5.2
2024-07-23 11:15:00+02:00,18.2,18.2,19.3,17.4,95.0,24.5,80.0,79.3,0.0,0.6,1.3,1.3,1.0,2.5,46.6,292.5,7.6,12.6,121.0,1006.2,1006.2,2.7,5.2
2024-07-23 11:20:00+02:00,18.2,18.2,19.6,17.4,95.0,24.4,80.0,206.6,1.0,1.2,1.4,1.4,1.0,2.6,46.7,292.6,5.8,10.8,117.0,1006.3,1006.3,2.7,5.2
2024-07-23 11:25:00+02:00,18.4,18.4,19.8,17.6,95.0,24.4,80.0,291.6,2.0,0.6,1.4,1.4,1.0,2.6,46.7,292.6,6.6,11.5,136.0,1006.2,1006.2,2.7,5.2
2024-07-23 11:30:00+02:00,18.7,18.7,19.7,17.7,94.0,24.3,80.0,329.1,3.0,0.0,1.4,1.4,0.9,2.6,46.7,292.6,8.3,15.1,140.0,1006.1,1006.1,2.7,5.2
2024-07-23 11:35:00+02:00,18.9,18.9,20.7,17.9,94.0,24.3,80.0,391.0,3.0,0.0,1.4,1.4,0.7,2.6,46.7,292.6,5.2,14.8,125.0,1006.2,1006.2,2.7,5.2
2024-07-23 11:40:00+02:00,19.2,19.2,20.9,18.0,93.0,24.3,81.0,245.7,2.0,0.0,1.4,1.4,0.6,2.6,46.7,292.6,5.6,14.4,132.0,1006.1,1006.1,2.7,5.2
2024-07-23 11:45:00+02:00,19.1,19.1,20.4,17.8,92.0,24.3,81.0,227.9,2.0,0.0,1.4,1.4,0.6,2.6,46.7,292.6,7.4,14.4,138.0,1006.0,1006.0,2.7,5.2
2024-07-23 11:50:00+02:00,19.0,19.0,20.1,17.7,92.0,24.3,81.0,125.3,1.0,0.0,1.4,1.4,0.5,2.6,46.7,292.6,7.8,14.4,127.0,1006.0,1006.0,2.7,5.2
2024-07-23 11:55:00+02:00,19.0,19.0,20.7,17.8,93.0,24.3,81.0,163.0,1.0,0.0,1.4,1.4,0.5,2.6,46.7,292.6,5.7,9.7,132.0,1006.0,1006.0,2.7,5.2
2024-07-23 12:00:00+02:00,19.1,19.1,21.1,17.9,93.0,24.3,81.0,205.8,1.0,0.0,1.4,1.4,0.3,2.6,46.7,292.6,3.7,7.6,123.0,1006.0,1006.0,2.7,5.2
2024-07-23 12:05:00+02:00,19.2,19.2,21.1,18.1,93.0,24.3,81.0,155.6,1.0,0.0,1.4,1.4,0.2,2.6,46.7,292.6,4.8,9.7,137.0,1006.0,1006.0,2.7,5.2
2024-07-23 12:10:00+02:00,19.0,19.0,20.3,17.8,93.0,24.3,81.0,215.9,2.0,0.0,1.4,1.4,0.1,2.6,46.7,292.6,7.3,15.1,133.0,1006.1,1006.1,2.7,5.2
2024-07-23 12:15:00+02:00,19.2,19.2,20.5,18.0,93.0,24.4,81.0,244.4,2.0,0.0,1.4,1.4,0.0,2.6,46.7,292.6,7.2,12.6,119.0,1006.0,1006.0,2.7,5.2
2024-07-23 12:20:00+02:00,19.3,19.3,21.4,18.2,93.0,24.3,81.0,218.6,2.0,0.0,1.4,1.4,0.0,2.6,46.7,292.6,4.5,9.7,106.0,1006.0,1006.0,2.7,5.2
2024-07-23 12:25:00+02:00,19.3,19.3,20.5,18.2,93.0,24.4,82.0,224.6,2.0,0.0,1.4,1.4,0.0,2.6,46.7,292.6,8.7,15.5,130.0,1006.0,1006.0,2.7,5.2
2024-07-23 12:30:00+02:00,19.3,19.3,21.0,18.1,93.0,24.4,81.0,199.5,1.0,0.0,1.4,1.4,0.0,2.6,46.7,292.6,6.3,15.1,132.0,1005.9,1005.9,2.7,5.2
2024-07-23 12:35:00+02:00,19.2,19.2,20.4,17.9,92.0,24.5,82.0,111.0,1.0,0.0,1.4,1.4,0.0,2.6,46.7,292.6,8.1,16.2,131.0,1005.9,1005.9,2.7,5.2
2024-07-23 12:40:00+02:00,19.2,19.2,20.6,17.9,92.0,24.5,81.0,80.7,0.0,0.0,1.4,1.4,0.0,2.6,46.7,292.6,7.3,16.9,133.0,1006.0,1006.0,2.7,5.2
2024-07-23 12:45:00+02:00,19.2,19.2,20.5,17.9,92.0,24.5,81.0,108.3,1.0,0.0,1.4,1.4,0.0,2.6,46.7,292.6,7.8,14.8,131.0,1005.9,1005.9,2.7,5.2
2024-07-23 12:50:00+02:00,19.3,19.3,20.1,17.9,92.0,24.5,81.0,140.9,1.0,0.0,1.4,1.4,0.0,2.6,46.7,292.6,9.8,14.8,136.0,1006.0,1006.0,2.7,5.2
2024-07-23 12:55:00+02:00,19.3,19.3,20.8,17.9,92.0,24.5,81.0,211.7,1.0,0.0,1.4,1.4,0.0,2.6,46.7,292.6,6.5,15.5,120.0,1006.0,1006.0,2.7,5.2
2024-07-23 13:00:00+02:00,19.5,19.5,21.2,18.3,93.0,24.5,81.0,227.5,2.0,0.0,1.4,1.4,0.0,2.6,46.7,292.6,6.3,12.6,135.0,1006.0,1006.0,2.7,5.2
2024-07-23 13:05:00+02:00,19.5,19.5,21.9,18.3,93.0,24.5,81.0,106.0,0.0,0.0,1.4,1.4,0.0,2.6,46.7,292.6,2.7,8.6,118.0,1005.9,1005.9,2.7,5.2
2024-07-23 13:10:00+02:00,19.5,19.5,22.0,18.4,93.0,24.6,81.0,223.4,2.0,0.6,1.5,1.5,0.1,2.7,46.8,292.7,2.6,7.6,157.0,1006.0,1006.0,2.7,5.2
2024-07-23 13:15:00+02:00,19.5,19.5,21.3,18.4,93.0,24.6,81.0,185.5,1.0,0.6,1.5,1.5,0.1,2.7,46.8,292.7,6.3,10.1,115.0,1006.1,1006.1,2.7,5.2
2024-07-23 13:20:00+02:00,19.5,19.5,21.5,18.3,93.0,24.6,81.0,185.6,1.0,0.6,1.5,1.5,0.1,2.7,46.8,292.7,4.8,12.6,115.0,1006.1,1006.1,2.7,5.2
2024-07-23 13:25:00+02:00,19.8,19.8,22.6,18.6,93.0,24.6,81.0,257.2,2.0,0.0,1.5,1.5,0.1,2.7,46.8,292.7,1.2,4.3,202.0,1006.1,1006.1,2.7,5.2
2024-07-23 13:30:00+02:00,19.7,19.7,21.6,18.4,93.0,24.6,81.0,150.8,1.0,0.6,1.6,1.6,0.2,2.8,46.9,292.8,5.1,10.8,275.0,1006.0,1006.0,2.7,5.2
2024-07-23 13:35:00+02:00,19.5,19.5,21.5,18.3,93.0,24.7,82.0,184.4,1.0,0.6,1.6,1.6,0.2,2.8,46.9,292.8,5.2,10.4,273.0,1006.1,1006.1,2.7,5.2
2024-07-23 13:40:00+02:00,19.8,19.8,22.0,18.6,93.0,24.7,82.0,353.4,3.0,0.6,1.6,1.6,0.2,2.8,46.9,292.8,4.2,10.8,279.0,1006.2,1006.2,2.7,5.2
2024-07-23 13:45:00+02:00,20.4,20.4,23.1,19.2,93.0,24.7,82.0,567.1,5.0,0.6,1.7,1.7,0.3,2.9,47.0,292.9,3.0,7.6,213.0,1006.2,1006.2,2.7,5.2
2024-07-23 13:50:00+02:00,20.4,20.4,23.3,19.3,93.0,24.8,82.0,233.8,2.0,6.6,2.7,2.7,1.3,3.9,48.0,293.9,2.5,7.6,199.0,1006.2,1006.2,2.7,5.2
2024-07-23 13:55:00+02:00,20.3,20.3,22.8,19.1,93.0,24.8,82.0,704.8,6.0,6.6,2.7,2.7,1.3,3.9,48.0,293.9,3.7,11.2,240.0,1006.1,1006.1,2.7,5.2
2024-07-23 14:00:00+02:00,20.7,20.7,23.5,19.3,92.0,24.9,82.0,617.2,5.0,3.0,2.7,2.7,1.3,3.9,48.0,293.9,2.4,9.4,319.0,1006.1,1006.1,2.7,5.2
2024-07-23 14:05:00+02:00,21.4,21.4,24.5,19.5,89.0,25.0,83.0,614.6,5.0,0.0,2.7,2.7,1.3,3.9,48.0,293.9,2.0,8.6,71.0,1005.9,1005.9,2.7,5.2
2024-07-23 14:10:00+02:00,22.5,22.5,25.3,19.8,85.0,25.2,83.0,635.5,5.0,0.0,2.7,2.7,1.2,3.9,48.0,293.9,4.3,8.6,100.0,1005.8,1005.8,2.7,5.2
2024-07-23 14:15:00+02:00,22.8,22.8,26.0,19.6,82.0,25.3,83.0,627.9,5.0,0.0,2.7,2.7,1.2,3.9,48.0,293.9,1.4,8.6,49.0,1005.7,1005.7,2.7,5.2
2024-07-23 14:20:00+02:00,23.5,23.5,26.2,19.5,78.0,25.5,83.0,583.4,5.0,0.0,2.7,2.7,1.2,3.9,48.0,293.9,3.6,14.0,182.0,1005.7,1005.7,2.7,5.2
2024-07-23 14:25:00+02:00,23.8,23.8,26.8,19.7,78.0,25.6,83.0,595.7,5.0,0.0,2.7,2.7,1.2,3.9,48.0,293.9,2.9,8.6,149.0,1005.7,1005.7,2.7,5.3
2024-07-23 14:30:00+02:00,24.0,24.0,26.7,19.1,74.0,25.7,83.0,599.6,5.0,0.0,2.7,2.7,1.1,3.9,48.0,293.9,3.1,8.6,169.0,1005.7,1005.7,2.7,5.3
2024-07-23 14:35:00+02:00,24.2,24.2,26.5,18.6,71.0,25.9,83.0,599.2,5.0,0.0,2.7,2.7,1.1,3.9,48.0,293.9,3.6,10.8,161.0,1005.8,1005.8,2.7,5.3
2024-07-23 14:40:00+02:00,24.2,24.2,25.9,18.8,72.0,26.1,83.0,628.8,5.0,0.0,2.7,2.7,1.1,3.9,48.0,293.9,7.3,15.5,231.0,1005.8,1005.8,2.7,5.3
2024-07-23 14:45:00+02:00,24.5,24.5,27.3,19.3,73.0,26.2,83.0,606.4,5.0,0.0,2.7,2.7,1.0,3.9,48.0,293.9,3.0,9.7,163.0,1005.7,1005.7,2.7,5.3
2024-07-23 14:50:00+02:00,24.7,24.7,26.9,18.7,69.0,26.3,83.0,621.9,5.0,0.0,2.7,2.7,0.0,3.9,48.0,293.9,4.5,10.1,190.0,1005.7,1005.7,2.7,5.3
2024-07-23 14:55:00+02:00,24.8,24.8,26.7,18.8,69.0,26.5,83.0,606.9,5.0,0.0,2.7,2.7,0.0,3.9,48.0,293.9,6.3,12.6,136.0,1005.6,1005.6,2.7,5.3
2024-07-23 15:00:00+02:00,24.7,24.7,26.5,17.8,65.0,26.6,83.0,679.6,6.0,0.0,2.7,2.7,0.0,3.9,48.0,293.9,4.5,15.5,226.0,1005.5,1005.5,2.7,5.3
2024-07-23 15:05:00+02:00,25.6,25.6,27.6,17.8,62.0,26.8,83.0,710.8,6.0,0.0,2.7,2.7,0.0,3.9,48.0,293.9,4.0,15.5,242.0,1005.4,1005.4,2.7,5.3
2024-07-23 15:10:00+02:00,25.5,25.5,27.6,18.0,63.0,26.9,83.0,649.1,6.0,0.0,2.7,2.7,0.0,3.9,48.0,293.9,3.7,10.4,265.0,1005.3,1005.3,2.7,5.3
2024-07-23 15:15:00+02:00,26.0,26.0,28.3,18.1,62.0,27.1,84.0,629.8,5.0,0.0,2.7,2.7,0.0,3.9,48.0,293.9,2.6,9.0,270.0,1005.4,1005.4,2.7,5.3
2024-07-23 15:20:00+02:00,26.1,26.1,27.9,17.4,59.0,27.2,84.0,672.1,6.0,0.0,2.7,2.7,0.0,3.9,48.0,293.9,3.7,11.5,187.0,1005.4,1005.4,2.7,5.3
2024-07-23 15:25:00+02:00,25.2,25.2,26.2,16.4,58.0,27.2,84.0,649.6,6.0,0.0,2.7,2.7,0.0,3.9,48.0,293.9,5.5,13.7,286.0,1005.4,1005.4,2.7,5.3
2024-07-23 15:30:00+02:00,24.5,24.5,25.9,16.3,60.0,27.3,84.0,590.8,5.0,0.0,2.7,2.7,0.0,3.9,48.0,293.9,3.9,11.5,213.0,1005.3,1005.3,2.7,5.3
2024-07-23 15:35:00+02:00,24.1,24.1,25.3,16.0,61.0,27.3,84.0,248.4,2.0,0.0,2.7,2.7,0.0,3.9,48.0,293.9,4.2,14.4,151.0,1005.5,1005.5,2.7,5.3
2024-07-23 15:40:00+02:00,24.5,24.5,25.1,16.3,60.0,27.4,84.0,257.7,2.0,0.0,2.7,2.7,0.0,3.9,48.0,293.9,7.7,17.6,275.0,1005.4,1005.4,2.7,5.3
2024-07-23 15:45:00+02:00,24.5,24.5,25.9,16.2,60.0,27.4,84.0,635.5,5.0,0.0,2.7,2.7,0.0,3.9,48.0,293.9,3.2,13.7,266.0,1005.4,1005.4,2.7,5.3
2024-07-23 15:50:00+02:00,25.8,25.8,27.7,17.2,59.0,27.5,84.0,616.6,5.0,0.0,2.7,2.7,0.0,3.9,48.0,293.9,2.7,7.2,152.0,1005.5,1005.5,2.7,5.3
2024-07-23 15:55:00+02:00,25.6,25.6,27.3,17.0,59.0,27.6,84.0,608.5,5.0,0.0,2.7,2.7,0.0,3.9,48.0,293.9,3.5,7.2,114.0,1005.5,1005.5,2.7,5.3
2024-07-23 16:00:00+02:00,25.9,25.9,27.2,16.2,55.0,27.7,84.0,629.5,5.0,0.0,2.7,2.7,0.0,3.9,48.0,293.9,3.8,9.0,117.0,1005.6,1005.6,2.7,5.3
2024-07-23 16:05:00+02:00,26.0,26.0,27.4,15.8,53.0,27.8,84.0,473.3,4.0,0.0,2.7,2.7,0.0,3.9,48.0,293.9,2.4,9.0,178.0,1005.5,1005.5,2.7,5.3
2024-07-23 16:10:00+02:00,26.2,26.3,27.5,15.8,53.0,27.9,84.0,596.5,5.0,0.0,2.7,2.7,0.0,3.9,48.0,293.9,3.1,11.2,233.0,1005.4,1005.4,2.7,5.3
2024-07-23 16:15:00+02:00,27.1,27.6,28.7,16.4,52.0,28.0,84.0,563.5,5.0,0.0,2.7,2.7,0.0,3.9,48.0,293.9,2.2,9.0,102.0,1005.3,1005.3,2.7,5.3
2024-07-23 16:20:00+02:00,26.8,27.2,28.1,15.6,50.0,28.2,84.0,553.1,5.0,0.0,2.7,2.7,0.0,3.9,48.0,293.9,2.7,10.4,193.0,1005.3,1005.3,2.7,5.3
2024-07-23 16:25:00+02:00,26.9,27.4,28.2,16.4,52.0,28.3,84.0,530.5,4.0,0.0,2.7,2.7,0.0,3.9,48.0,293.9,4.5,11.9,149.0,1005.3,1005.3,2.7,5.3
2024-07-23 16:30:00+02:00,26.2,26.2,27.5,16.2,54.0,28.4,84.0,537.6,4.0,0.0,2.7,2.7,0.0,3.9,48.0,293.9,3.7,14.4,143.0,1005.3,1005.3,2.7,5.3
2024-07-23 16:35:00+02:00,26.4,26.4,27.8,16.0,53.0,28.5,84.0,377.5,3.0,0.0,2.7,2.7,0.0,3.9,48.0,293.9,2.6,9.0,237.0,1005.3,1005.3,2.7,5.3
2024-07-23 16:40:00+02:00,26.7,27.0,28.0,15.7,51.0,28.6,84.0,419.5,3.0,0.0,2.7,2.7,0.0,3.9,48.0,293.9,2.4,9.0,266.0,1005.3,1005.3,2.7,5.3
2024-07-23 16:45:00+02:00,26.5,26.7,27.5,15.5,51.0,28.7,84.0,139.9,1.0,0.0,2.7,2.7,0.0,3.9,48.0,293.9,4.1,8.3,224.0,1005.3,1005.3,2.7,5.3
2024-07-23 16:50:00+02:00,25.8,25.8,27.0,15.5,53.0,28.7,84.0,336.1,3.0,0.0,2.7,2.7,0.0,3.9,48.0,293.9,3.1,9.0,279.0,1005.4,1005.4,2.7,5.3
2024-07-23 16:55:00+02:00,26.0,26.0,26.9,15.4,52.0,28.8,84.0,270.0,2.0,0.0,2.7,2.7,0.0,3.9,48.0,293.9,4.2,7.9,233.0,1005.5,1005.5,2.7,5.3
2024-07-23 17:00:00+02:00,25.6,25.6,26.7,15.2,53.0,28.9,84.0,335.0,3.0,0.0,2.7,2.7,0.0,3.9,48.0,293.9,3.2,8.3,246.0,1005.4,1005.4,2.7,5.3
2024-07-23 17:05:00+02:00,25.7,25.7,26.4,15.4,53.0,28.9,84.0,445.9,4.0,0.0,2.7,2.7,0.0,3.9,48.0,293.9,5.5,9.7,272.0,1005.3,1005.3,2.7,5.3
2024-07-23 17:10:00+02:00,25.8,25.8,26.9,15.7,54.0,29.0,84.0,400.8,3.0,0.0,2.7,2.7,0.0,3.9,48.0,293.9,3.7,11.5,231.0,1005.4,1005.4,2.7,5.3
2024-07-23 17:15:00+02:00,25.1,25.1,26.0,15.4,55.0,29.0,84.0,130.9,1.0,0.0,2.7,2.7,0.0,3.9,48.0,293.9,4.4,17.3,236.0,1005.4,1005.4,2.7,5.3
2024-07-23 17:20:00+02:00,24.8,24.8,26.0,15.5,56.0,29.0,84.0,86.7,0.0,0.0,2.7,2.7,0.0,3.9,48.0,293.9,3.2,10.1,229.0,1005.5,1005.5,2.7,5.3
2024-07-23 17:25:00+02:00,24.4,24.4,25.5,15.5,57.0,29.1,84.0,223.8,2.0,0.0,2.7,2.7,0.0,3.9,48.0,293.9,3.8,15.1,241.0,1005.5,1005.5,2.7,5.3
2024-07-23 17:30:00+02:00,24.5,24.5,25.7,15.5,57.0,29.1,84.0,228.9,2.0,0.0,2.7,2.7,0.0,3.9,48.0,293.9,3.0,9.0,224.0,1005.4,1005.4,2.7,5.3
2024-07-23 17:35:00+02:00,24.5,24.5,25.8,15.5,57.0,29.1,84.0,175.1,1.0,0.0,2.7,2.7,0.0,3.9,48.0,293.9,2.7,6.8,98.0,1005.5,1005.5,2.7,5.3
2024-07-23 17:40:00+02:00,24.2,24.2,25.1,15.4,58.0,29.1,84.0,135.8,1.0,0.0,2.7,2.7,0.0,3.9,48.0,293.9,4.0,7.9,163.0,1005.5,1005.5,2.7,5.3
2024-07-23 17:45:00+02:00,24.0,24.0,25.0,15.2,58.0,29.1,84.0,129.2,1.0,0.0,2.7,2.7,0.0,3.9,48.0,293.9,3.4,10.8,169.0,1005.8,1005.8,2.7,5.3
2024-07-23 17:50:00+02:00,23.8,23.8,24.7,14.9,58.0,29.1,84.0,125.0,1.0,0.0,2.7,2.7,0.0,3.9,48.0,293.9,3.0,10.1,239.0,1005.6,1005.6,2.7,5.3
2024-07-23 17:55:00+02:00,23.7,23.7,24.4,15.7,61.0,29.1,84.0,127.9,1.0,0.0,2.7,2.7,0.0,3.9,48.0,293.9,5.8,15.8,234.0,1005.8,1005.8,2.7,5.3
2024-07-23 18:00:00+02:00,23.3,23.3,24.3,17.1,68.0,29.1,84.0,235.4,2.0,0.0,2.7,2.7,0.0,3.9,48.0,293.9,7.3,16.9,250.0,1005.9,1005.9,2.7,5.3
2024-07-23 18:05:00+02:00,23.0,23.0,23.6,17.2,70.0,29.1,84.0,177.3,1.0,0.0,2.7,2.7,0.0,3.9,48.0,293.9,9.6,24.5,290.0,1005.8,1005.8,2.7,5.3
2024-07-23 18:10:00+02:00,22.8,22.8,24.2,17.1,70.0,29.1,84.0,165.6,1.0,0.0,2.7,2.7,0.0,3.9,48.0,293.9,5.7,14.4,249.0,1005.9,1005.9,2.7,5.3
2024-07-23 18:15:00+02:00,22.7,22.7,24.4,17.3,71.0,29.1,84.0,123.2,1.0,0.0,2.7,2.7,0.0,3.9,48.0,293.9,4.1,15.8,304.0,1006.0,1006.0,2.7,5.3
2024-07-23 18:20:00+02:00,22.5,22.5,24.2,16.8,70.0,29.1,84.0,125.7,1.0,0.0,2.7,2.7,0.0,3.9,48.0,293.9,3.2,15.8,244.0,1006.0,1006.0,2.7,5.3
2024-07-23 18:25:00+02:00,22.4,22.4,23.1,16.8,71.0,29.0,84.0,132.4,1.0,0.0,2.7,2.7,0.0,3.9,48.0,293.9,8.4,23.4,291.0,1006.2,1006.2,2.7,5.3
2024-07-23 18:30:00+02:00,22.3,22.3,22.8,16.8,71.0,29.0,84.0,124.5,1.0,0.0,2.7,2.7,0.0,3.9,48.0,293.9,9.6,21.2,283.0,1006.2,1006.2,2.7,5.3
2024-07-23 18:35:00+02:00,22.3,22.3,23.5,16.7,70.0,29.0,84.0,120.7,1.0,0.0,2.7,2.7,0.0,3.9,48.0,293.9,5.8,18.0,238.0,1006.2,1006.2,2.7,5.3
2024-07-23 18:40:00+02:00,22.4,22.4,23.7,16.6,70.0,29.0,84.0,109.9,1.0,0.0,2.7,2.7,0.0,3.9,48.0,293.9,4.8,18.0,289.0,1006.3,1006.3,2.7,5.3
2024-07-23 18:45:00+02:00,22.3,22.3,23.7,16.5,70.0,28.9,84.0,113.3,1.0,0.0,2.7,2.7,0.0,3.9,48.0,293.9,3.9,15.8,272.0,1006.3,1006.3,2.7,5.3
2024-07-23 18:50:00+02:00,22.3,22.3,23.7,16.7,70.0,28.9,83.0,141.1,1.0,0.0,2.7,2.7,0.0,3.9,48.0,293.9,4.2,15.8,274.0,1006.3,1006.3,2.7,5.3
2024-07-23 18:55:00+02:00,22.4,22.4,22.9,16.6,70.0,28.9,83.0,124.1,1.0,0.0,2.7,2.7,0.0,3.9,48.0,293.9,8.9,17.6,272.0,1006.3,1006.3,2.7,5.3
2024-07-23 19:00:00+02:00,22.4,22.4,23.6,16.4,69.0,28.8,83.0,84.2,0.0,0.0,2.7,2.7,0.0,3.9,48.0,293.9,4.7,14.0,311.0,1006.2,1006.2,2.7,5.3
2024-07-23 19:05:00+02:00,22.1,22.1,23.0,16.5,70.0,28.8,83.0,97.8,0.0,0.0,2.7,2.7,0.0,3.9,48.0,293.9,6.6,24.1,279.0,1006.3,1006.3,2.7,5.3
2024-07-23 19:10:00+02:00,21.9,21.9,23.3,16.5,71.0,28.8,83.0,73.4,0.0,0.0,2.7,2.7,0.0,3.9,48.0,293.9,3.6,11.2,263.0,1006.3,1006.3,2.7,5.3
2024-07-23 19:15:00+02:00,21.7,21.7,22.8,16.5,73.0,28.8,83.0,68.6,0.0,0.0,2.7,2.7,0.0,3.9,48.0,293.9,5.4,10.8,258.0,1006.2,1006.2,2.7,5.3
2024-07-23 19:20:00+02:00,21.6,21.6,22.9,16.4,72.0,28.7,83.0,83.0,0.0,0.0,2.7,2.7,0.0,3.9,48.0,293.9,4.5,21.6,251.0,1006.3,1006.3,2.7,5.3
2024-07-23 19:25:00+02:00,21.7,21.7,22.9,16.2,71.0,28.7,83.0,90.8,0.0,0.0,2.7,2.7,0.0,3.9,48.0,293.9,4.5,11.5,224.0,1006.3,1006.3,2.7,5.2
2024-07-23 19:30:00+02:00,21.8,21.8,22.3,16.3,71.0,28.6,83.0,92.0,0.0,0.0,2.7,2.7,0.0,3.9,48.0,293.9,7.8,23.0,277.0,1006.5,1006.5,2.7,5.2
2024-07-23 19:35:00+02:00,21.5,21.5,21.7,16.1,71.0,28.6,83.0,80.8,0.0,0.0,2.7,2.7,0.0,3.9,48.0,293.9,9.9,18.4,282.0,1006.5,1006.5,2.7,5.2
2024-07-23 19:40:00+02:00,21.4,21.4,22.6,16.1,72.0,28.5,83.0,68.5,0.0,0.0,2.7,2.7,0.0,3.9,48.0,293.9,4.2,18.4,255.0,1006.6,1006.6,2.7,5.2
2024-07-23 19:45:00+02:00,21.4,21.4,22.6,16.1,72.0,28.5,83.0,73.3,0.0,0.0,2.7,2.7,0.0,3.9,48.0,293.9,4.5,12.2,248.0,1006.5,1006.5,2.7,5.2
2024-07-23 19:50:00+02:00,21.4,21.4,22.2,15.9,71.0,28.4,83.0,57.1,0.0,0.0,2.7,2.7,0.0,3.9,48.0,293.9,6.0,18.4,285.0,1006.7,1006.7,2.7,5.2
2024-07-23 19:55:00+02:00,21.1,21.1,22.2,15.7,71.0,28.4,83.0,45.3,0.0,0.0,2.7,2.7,0.0,3.9,48.0,293.9,3.7,18.4,244.0,1006.9,1006.9,2.7,5.2
2024-07-23 20:00:00+02:00,20.8,20.8,21.1,15.6,72.0,28.3,83.0,36.9,0.0,0.0,2.7,2.7,0.0,3.9,48.0,293.9,8.4,17.6,260.0,1006.9,1006.9,2.7,5.2
2024-07-23 20:05:00+02:00,20.6,20.6,21.2,15.7,73.0,28.3,83.0,29.8,0.0,0.0,2.7,2.7,0.0,3.9,48.0,293.9,6.3,11.5,262.0,1007.0,1007.0,2.7,5.2
2024-07-23 20:10:00+02:00,20.5,20.5,21.6,15.7,74.0,28.2,82.0,16.6,0.0,0.0,2.7,2.7,0.0,3.9,48.0,293.9,3.8,15.8,268.0,1007.2,1007.2,2.7,5.2
2024-07-23 20:15:00+02:00,20.5,20.5,21.7,15.9,75.0,28.2,82.0,9.9,0.0,0.0,2.7,2.7,0.0,3.9,48.0,293.9,3.6,15.8,269.0,1007.2,1007.2,2.7,5.2
2024-07-23 20:20:00+02:00,20.4,20.4,21.3,15.9,75.0,28.1,82.0,17.2,0.0,0.0,2.7,2.7,0.0,3.9,48.0,293.9,5.4,9.4,305.0,1007.3,1007.3,2.7,5.2
2024-07-23 20:25:00+02:00,20.4,20.4,21.7,16.0,76.0,28.0,82.0,35.7,0.0,0.0,2.7,2.7,0.0,3.9,48.0,293.9,3.7,9.0,265.0,1007.4,1007.4,2.7,5.2
2024-07-23 20:30:00+02:00,20.4,20.4,21.6,16.0,76.0,28.0,82.0,34.2,0.0,0.0,2.7,2.7,0.0,3.9,48.0,293.9,4.1,10.4,275.0,1007.5,1007.5,2.7,5.2
2024-07-23 20:35:00+02:00,20.5,20.5,22.4,16.2,76.0,27.9,82.0,26.5,0.0,0.0,2.7,2.7,0.0,3.9,48.0,293.9,0.6,4.7,206.0,1007.5,1007.5,2.7,5.2
2024-07-23 20:40:00+02:00,20.4,20.4,21.9,16.2,77.0,27.8,82.0,10.3,0.0,0.0,2.7,2.7,0.0,3.9,48.0,293.9,3.1,7.2,187.0,1007.5,1007.5,2.7,5.2
2024-07-23 20:45:00+02:00,20.4,20.4,22.3,16.3,77.0,27.8,82.0,6.9,0.0,0.0,2.7,2.7,0.0,3.9,48.0,293.9,1.2,6.8,170.0,1007.5,1007.5,2.7,5.2
2024-07-23 20:50:00+02:00,20.3,20.3,22.0,16.3,78.0,27.7,82.0,7.4,0.0,0.0,2.7,2.7,0.0,3.9,48.0,293.9,2.2,6.1,276.0,1007.5,1007.5,2.7,5.2
2024-07-23 20:55:00+02:00,20.3,20.3,22.0,16.5,79.0,27.7,82.0,6.5,0.0,0.0,2.7,2.7,0.0,3.9,48.0,293.9,2.4,7.9,134.0,1007.6,1007.6,2.7,5.2
2024-07-23 21:00:00+02:00,20.2,20.2,21.5,16.5,79.0,27.6,82.0,6.7,0.0,0.0,2.7,2.7,0.0,3.9,48.0,293.9,4.3,7.6,230.0,1007.6,1007.6,2.7,5.2
2024-07-23 21:05:00+02:00,20.1,20.1,21.9,16.5,80.0,27.6,82.0,7.6,0.0,0.0,2.7,2.7,0.0,3.9,48.0,293.9,2.0,7.6,192.0,1007.6,1007.6,2.7,5.2
2024-07-23 21:10:00+02:00,20.0,20.0,21.6,16.6,81.0,27.5,82.0,8.0,0.0,0.0,2.7,2.7,0.0,3.9,48.0,293.9,2.9,10.4,171.0,1007.6,1007.6,2.7,5.2
2024-07-23 21:15:00+02:00,19.8,19.8,21.5,16.5,81.0,27.5,82.0,6.6,0.0,0.0,2.7,2.7,0.0,3.9,48.0,293.9,2.9,6.5,156.0,1007.7,1007.7,2.7,5.2
2024-07-23 21:20:00+02:00,19.7,19.7,21.6,16.6,82.0,27.4,82.0,5.3,0.0,0.0,2.7,2.7,0.0,3.9,48.0,293.9,1.4,5.8,228.0,1007.6,1007.6,2.7,5.2
2024-07-23 21:25:00+02:00,19.5,19.5,21.1,16.6,84.0,27.3,82.0,3.2,0.0,0.0,2.7,2.7,0.0,3.9,48.0,293.9,3.0,5.8,227.0,1007.7,1007.7,2.7,5.2
2024-07-23 21:30:00+02:00,19.2,19.2,20.9,16.4,84.0,27.3,82.0,1.9,0.0,0.0,2.7,2.7,0.0,3.9,48.0,293.9,2.4,6.1,195.0,1007.8,1007.8,2.7,5.2
2024-07-23 21:35:00+02:00,19.0,19.0,20.8,16.4,85.0,27.2,82.0,1.3,0.0,0.0,2.7,2.7,0.0,3.9,48.0,293.9,1.9,5.8,155.0,1007.8,1007.8,2.7,5.2
2024-07-23 21:40:00+02:00,18.8,18.8,20.3,16.2,85.0,27.2,82.0,0.8,0.0,0.0,2.7,2.7,0.0,3.9,48.0,293.9,2.6,5.8,206.0,1007.9,1007.9,2.7,5.2
2024-07-23 21:45:00+02:00,18.7,18.7,20.2,16.3,86.0,27.1,82.0,0.4,0.0,0.0,2.7,2.7,0.0,3.9,48.0,293.9,3.0,5.4,331.0,1008.1,1008.1,2.7,5.2
2024-07-23 21:50:00+02:00,18.6,18.6,20.2,16.4,87.0,27.0,82.0,0.2,0.0,0.0,2.7,2.7,0.0,3.9,48.0,293.9,2.8,5.0,251.0,1008.1,1008.1,2.7,5.2
2024-07-23 21:55:00+02:00,18.5,18.5,20.4,16.3,87.0,26.9,81.0,0.1,0.0,0.0,2.7,2.7,0.0,3.9,48.0,293.9,1.2,5.0,156.0,1008.0,1008.0,2.7,5.2
2024-07-23 22:00:00+02:00,18.5,18.5,20.5,16.3,87.0,26.9,81.0,0.0,0.0,0.0,2.7,2.7,0.0,3.9,48.0,293.9,0.4,3.6,109.0,1008.0,1008.0,2.7,5.2
2024-07-23 22:05:00+02:00,18.3,18.3,20.3,16.3,88.0,26.8,81.0,0.0,0.0,0.0,2.7,2.7,0.0,3.9,48.0,293.9,0.5,2.9,349.0,1008.1,1008.1,2.7,5.1
2024-07-23 22:10:00+02:00,18.3,18.3,20.1,16.3,88.0,26.8,81.0,0.0,0.0,0.0,2.7,2.7,0.0,3.9,48.0,293.9,1.5,4.7,156.0,1008.2,1008.2,2.7,5.1
2024-07-23 22:15:00+02:00,18.2,18.2,20.1,16.2,88.0,26.7,81.0,0.0,0.0,0.0,2.7,2.7,0.0,3.9,48.0,293.9,0.8,4.3,155.0,1008.2,1008.2,2.7,5.1
2024-07-23 22:20:00+02:00,18.2,18.2,19.8,16.2,88.0,26.6,81.0,0.0,0.0,0.0,2.7,2.7,0.0,3.9,48.0,293.9,2.4,6.5,134.0,1008.3,1008.3,2.7,5.1
2024-07-23 22:25:00+02:00,18.2,18.2,20.1,16.3,89.0,26.5,81.0,0.0,0.0,0.0,2.7,2.7,0.0,3.9,48.0,293.9,0.8,5.4,134.0,1008.3,1008.3,2.7,5.1
2024-07-23 22:30:00+02:00,18.2,18.2,20.2,16.4,89.0,26.5,81.0,0.0,0.0,0.0,2.7,2.7,0.0,3.9,48.0,293.9,0.4,5.0,59.0,1008.3,1008.3,2.7,5.1
2024-07-23 22:35:00+02:00,18.2,18.2,20.0,16.4,89.0,26.4,81.0,0.0,0.0,0.0,2.7,2.7,0.0,3.9,48.0,293.9,1.6,5.0,170.0,1008.4,1008.4,2.7,5.1
2024-07-23 22:40:00+02:00,18.2,18.2,20.1,16.4,89.0,26.4,81.0,0.0,0.0,0.0,2.7,2.7,0.0,3.9,48.0,293.9,1.2,4.3,210.0,1008.4,1008.4,2.7,5.1
2024-07-23 22:45:00+02:00,18.2,18.2,20.1,16.4,89.0,26.3,81.0,0.0,0.0,0.0,2.7,2.7,0.0,3.9,48.0,293.9,1.0,3.6,193.0,1008.5,1008.5,2.7,5.1
2024-07-23 22:50:00+02:00,18.2,18.2,20.2,16.4,89.0,26.3,81.0,0.0,0.0,0.0,2.7,2.7,0.0,3.9,48.0,293.9,0.9,5.8,165.0,1008.4,1008.4,2.7,5.1
2024-07-23 22:55:00+02:00,18.2,18.2,20.2,16.4,89.0,26.2,81.0,0.0,0.0,0.0,2.7,2.7,0.0,3.9,48.0,293.9,0.7,3.6,5.0,1008.4,1008.4,2.7,5.1
2024-07-23 23:00:00+02:00,18.2,18.2,19.9,16.4,89.0,26.2,81.0,0.0,0.0,0.0,2.7,2.7,0.0,3.9,48.0,293.9,2.0,3.6,347.0,1008.7,1008.7,2.7,5.1
2024-07-23 23:05:00+02:00,18.2,18.2,20.0,16.4,89.0,26.1,81.0,0.0,0.0,0.0,2.7,2.7,0.0,3.9,48.0,293.9,1.7,5.4,289.0,1008.6,1008.6,2.7,5.1
2024-07-23 23:10:00+02:00,18.2,18.2,20.0,16.4,89.0,26.0,81.0,0.0,0.0,0.0,2.7,2.7,0.0,3.9,48.0,293.9,1.7,5.4,282.0,1008.7,1008.7,2.7,5.1
2024-07-23 23:15:00+02:00,18.3,18.3,19.8,16.3,88.0,26.0,81.0,0.0,0.0,0.0,2.7,2.7,0.0,3.9,48.0,293.9,2.9,7.2,250.0,1008.8,1008.8,2.7,5.1
2024-07-23 23:25:00+02:00,18.4,18.4,18.7,15.6,84.0,25.8,81.0,0.0,0.0,0.0,2.7,2.7,0.0,3.9,48.0,293.9,8.0,14.8,268.0,1008.7,1008.7,2.7,5.1
2024-07-23 23:30:00+02:00,18.4,18.4,19.0,15.4,83.0,25.8,81.0,0.0,0.0,0.0,2.7,2.7,0.0,3.9,48.0,293.9,5.9,16.9,267.0,1009.0,1009.0,2.7,5.1
2024-07-23 23:35:00+02:00,18.4,18.4,19.6,15.4,83.0,25.7,81.0,0.0,0.0,0.0,2.7,2.7,0.0,3.9,48.0,293.9,2.7,10.8,336.0,1009.0,1009.0,2.7,5.1
2024-07-23 23:40:00+02:00,18.3,18.3,18.9,15.3,83.0,25.7,81.0,0.0,0.0,0.0,2.7,2.7,0.0,3.9,48.0,293.9,5.6,12.2,268.0,1009.2,1009.2,2.7,5.1
2024-07-23 23:45:00+02:00,18.2,18.2,17.6,15.0,82.0,25.6,81.0,0.0,0.0,0.0,2.7,2.7,0.0,3.9,48.0,293.9,10.9,21.6,280.0,1009.0,1009.0,2.7,5.1
2024-07-23 23:50:00+02:00,18.1,18.1,18.9,15.0,82.0,25.5,81.0,0.0,0.0,0.0,2.7,2.7,0.0,3.9,48.0,293.9,4.3,10.8,261.0,1009.1,1009.1,2.7,5.1
2024-07-23 23:55:00+02:00,18.0,18.0,18.5,14.9,82.0,25.5,81.0,0.0,0.0,0.0,2.7,2.7,0.0,3.9,48.0,293.9,5.6,15.8,287.0,1009.2,1009.2,2.7,5.0
2024-07-24 00:00:00+02:00,17.9,17.9,18.1,14.8,82.0,25.4,81.0,0.0,0.0,0.0,0.0,2.7,0.0,3.9,48.0,293.9,6.7,16.2,270.0,1009.2,1009.2,2.7,5.0
2024-07-24 00:05:00+02:00,17.7,17.7,18.8,14.6,82.0,25.3,81.0,0.0,0.0,0.0,0.0,2.7,0.0,3.9,48.0,293.9,2.2,12.2,186.0,1009.3,1009.3,2.7,5.0
2024-07-24 00:10:00+02:00,17.6,17.6,17.5,14.5,82.0,25.3,81.0,0.0,0.0,0.0,0.0,2.7,0.0,3.9,48.0,293.9,7.7,16.6,280.0,1009.2,1009.2,2.7,5.0
2024-07-24 00:15:00+02:00,17.5,17.5,18.5,14.6,83.0,25.2,81.0,0.0,0.0,0.0,0.0,2.7,0.0,3.9,48.0,293.9,2.1,11.2,261.0,1009.4,1009.4,2.7,5.0
2024-07-24 00:20:00+02:00,17.3,17.3,18.7,14.6,84.0,25.2,81.0,0.0,0.0,0.0,0.0,2.7,0.0,3.9,48.0,293.9,0.5,3.6,215.0,1009.5,1009.5,2.7,5.0
2024-07-24 00:25:00+02:00,17.2,17.2,18.1,14.6,85.0,25.1,81.0,0.0,0.0,0.0,0.0,2.7,0.0,3.9,48.0,293.9,2.9,10.1,254.0,1009.5,1009.5,2.7,5.0
2024-07-24 00:30:00+02:00,17.0,17.0,17.8,14.4,85.0,25.0,81.0,0.0,0.0,0.0,0.0,2.7,0.0,3.9,48.0,293.9,3.0,10.8,265.0,1009.5,1009.5,2.7,5.0
2024-07-24 00:35:00+02:00,16.9,16.9,17.8,14.6,86.0,24.9,81.0,0.0,0.0,0.0,0.0,2.7,0.0,3.9,48.0,293.9,3.0,6.5,253.0,1009.7,1009.7,2.7,5.0
2024-07-24 00:40:00+02:00,16.9,16.9,17.7,14.3,85.0,24.8,81.0,0.0,0.0,0.0,0.0,2.7,0.0,3.9,48.0,293.9,3.0,9.7,71.0,1009.7,1009.7,2.7,5.0
2024-07-24 00:45:00+02:00,16.9,16.9,17.4,14.2,84.0,24.8,81.0,0.0,0.0,0.0,0.0,2.7,0.0,3.9,48.0,293.9,4.2,16.9,251.0,1009.7,1009.7,2.7,5.0
2024-07-24 00:50:00+02:00,16.9,16.9,17.3,14.2,84.0,24.7,81.0,0.0,0.0,0.0,0.0,2.7,0.0,3.9,48.0,293.9,4.8,7.9,283.0,1009.8,1009.8,2.7,5.0
2024-07-24 00:55:00+02:00,16.9,16.9,17.7,14.2,84.0,24.7,81.0,0.0,0.0,0.0,0.0,2.7,0.0,3.9,48.0,293.9,2.8,5.4,301.0,1009.8,1009.8,2.7,5.0
2024-07-24 01:00:00+02:00,16.9,16.9,17.9,14.3,85.0,24.6,81.0,0.0,0.0,0.0,0.0,2.7,0.0,3.9,48.0,293.9,1.8,4.7,271.0,1009.7,1009.7,2.7,5.0
2024-07-24 01:05:00+02:00,16.8,16.8,17.9,14.2,85.0,24.5,81.0,0.0,0.0,0.0,0.0,2.7,0.0,3.9,48.0,293.9,1.6,6.5,276.0,1009.9,1009.9,2.7,5.0
2024-07-24 01:10:00+02:00,16.8,16.8,17.8,14.2,85.0,24.5,81.0,0.0,0.0,0.0,0.0,2.7,0.0,3.9,48.0,293.9,1.9,6.1,199.0,1009.9,1009.9,2.7,5.0
2024-07-24 01:15:00+02:00,16.7,16.7,17.4,14.2,85.0,24.5,81.0,0.0,0.0,0.0,0.0,2.7,0.0,3.9,48.0,293.9,3.2,7.9,288.0,1009.7,1009.7,2.7,5.0
2024-07-24 01:20:00+02:00,16.7,16.7,17.4,14.3,86.0,24.4,81.0,0.0,0.0,0.0,0.0,2.7,0.0,3.9,48.0,293.9,3.2,6.8,298.0,1009.9,1009.9,2.7,5.0
2024-07-24 01:25:00+02:00,16.6,16.6,17.6,14.3,86.0,24.3,81.0,0.0,0.0,0.0,0.0,2.7,0.0,3.9,48.0,293.9,2.0,7.2,292.0,1009.9,1009.9,2.7,5.0
2024-07-24 01:30:00+02:00,16.6,16.6,17.5,14.3,86.0,24.3,81.0,0.0,0.0,0.0,0.0,2.7,0.0,3.9,48.0,293.9,2.7,6.5,284.0,1009.9,1009.9,2.7,5.0
2024-07-24 01:35:00+02:00,16.5,16.5,17.3,14.3,87.0,24.2,81.0,0.0,0.0,0.0,0.0,2.7,0.0,3.9,48.0,293.9,2.8,6.1,243.0,1009.9,1009.9,2.7,5.0
2024-07-24 01:40:00+02:00,16.5,16.5,17.5,14.3,87.0,24.2,81.0,0.0,0.0,0.0,0.0,2.7,0.0,3.9,48.0,293.9,1.9,4.3,286.0,1009.8,1009.8,2.7,5.0
2024-07-24 01:45:00+02:00,16.3,16.3,17.6,14.3,88.0,24.1,81.0,0.0,0.0,0.0,0.0,2.7,0.0,3.9,48.0,293.9,0.8,4.3,140.0,1009.8,1009.8,2.7,4.9
2024-07-24 01:50:00+02:00,16.2,16.2,17.5,14.2,88.0,24.1,81.0,0.0,0.0,0.0,0.0,2.7,0.0,3.9,48.0,293.9,0.6,4.7,173.0,1009.9,1009.9,2.7,4.9
2024-07-24 01:55:00+02:00,16.1,16.1,17.2,14.3,89.0,24.1,81.0,0.0,0.0,0.0,0.0,2.7,0.0,3.9,48.0,293.9,1.3,4.0,179.0,1009.8,1009.8,2.7,4.9
2024-07-24 02:00:00+02:00,16.0,16.0,17.1,14.2,89.0,24.0,81.0,0.0,0.0,0.0,0.0,2.7,0.0,3.9,48.0,293.9,1.1,4.3,150.0,1009.7,1009.7,2.7,4.9
2024-07-24 02:05:00+02:00,16.0,16.0,17.2,14.4,90.0,24.0,81.0,0.0,0.0,0.0,0.0,2.7,0.0,3.9,48.0,293.9,0.9,3.6,188.0,1009.8,1009.8,2.7,4.9
2024-07-24 02:10:00+02:00,16.0,16.0,16.9,14.4,90.0,23.9,81.0,0.0,0.0,0.0,0.0,2.7,0.0,3.9,48.0,293.9,2.5,7.6,273.0,1010.0,1010.0,2.7,4.9
2024-07-24 02:15:00+02:00,15.9,15.9,16.7,14.3,90.0,23.8,81.0,0.0,0.0,0.0,0.0,2.7,0.0,3.9,48.0,293.9,2.7,5.0,117.0,1010.1,1010.1,2.7,4.9
2024-07-24 02:20:00+02:00,15.8,15.8,17.0,14.2,90.0,23.8,81.0,0.0,0.0,0.0,0.0,2.7,0.0,3.9,48.0,293.9,0.7,3.6,257.0,1010.1,1010.1,2.7,4.9
2024-07-24 02:25:00+02:00,15.9,15.9,17.2,14.4,91.0,23.8,81.0,0.0,0.0,0.0,0.0,2.7,0.0,3.9,48.0,293.9,0.6,4.0,161.0,1010.1,1010.1,2.7,4.9
2024-07-24 02:30:00+02:00,15.8,15.8,17.2,14.4,91.0,23.7,81.0,0.0,0.0,0.0,0.0,2.7,0.0,3.9,48.0,293.9,0.0,4.0,304.0,1010.1,1010.1,2.7,4.9
2024-07-24 02:35:00+02:00,15.8,15.8,16.9,14.2,90.0,23.7,81.0,0.0,0.0,0.0,0.0,2.7,0.0,3.9,48.0,293.9,0.9,4.3,187.0,1010.1,1010.1,2.7,4.9
2024-07-24 02:40:00+02:00,15.8,15.8,16.9,14.3,91.0,23.6,81.0,0.0,0.0,0.0,0.0,2.7,0.0,3.9,48.0,293.9,1.4,5.4,261.0,1010.1,1010.1,2.7,4.9
2024-07-24 02:45:00+02:00,15.8,15.8,16.9,14.3,91.0,23.6,81.0,0.0,0.0,0.0,0.0,2.7,0.0,3.9,48.0,293.9,1.1,5.4,114.0,1010.1,1010.1,2.7,4.9
2024-07-24 02:50:00+02:00,15.7,15.7,17.1,14.3,91.0,23.5,81.0,0.0,0.0,0.0,0.0,2.7,0.0,3.9,48.0,293.9,0.0,4.7,90.0,1010.0,1010.0,2.7,4.9
2024-07-24 02:55:00+02:00,15.6,15.6,16.8,14.2,91.0,23.5,81.0,0.0,0.0,0.0,0.0,2.7,0.0,3.9,48.0,293.9,0.7,4.7,143.0,1010.0,1010.0,2.7,4.9
2024-07-24 03:00:00+02:00,15.6,15.6,16.7,14.2,91.0,23.4,81.0,0.0,0.0,0.0,0.0,2.7,0.0,3.9,48.0,293.9,0.8,3.2,50.0,1010.0,1010.0,2.7,4.9
2024-07-24 03:05:00+02:00,15.6,15.6,16.9,14.2,91.0,23.4,81.0,0.0,0.0,0.0,0.0,2.7,0.0,3.9,48.0,293.9,0.0,2.9,108.0,1010.0,1010.0,2.7,4.9
2024-07-24 03:10:00+02:00,15.6,15.6,16.7,14.2,91.0,23.3,81.0,0.0,0.0,0.0,0.0,2.7,0.0,3.9,48.0,293.9,1.3,4.0,97.0,1010.0,1010.0,2.7,4.9
2024-07-24 03:15:00+02:00,15.7,15.7,16.7,14.2,91.0,23.3,81.0,0.0,0.0,0.0,0.0,2.7,0.0,3.9,48.0,293.9,1.4,6.5,290.0,1010.0,1010.0,2.7,4.9
2024-07-24 03:20:00+02:00,15.7,15.7,17.0,14.3,91.0,23.3,81.0,0.0,0.0,0.0,0.0,2.7,0.0,3.9,48.0,293.9,0.4,2.5,68.0,1010.0,1010.0,2.7,4.9
2024-07-24 03:25:00+02:00,15.7,15.7,16.7,14.3,91.0,23.2,81.0,0.0,0.0,0.0,0.0,2.7,0.0,3.9,48.0,293.9,1.7,3.6,93.0,1010.1,1010.1,2.7,4.8
2024-07-24 03:30:00+02:00,15.7,15.7,16.8,14.2,91.0,23.2,81.0,0.0,0.0,0.0,0.0,2.7,0.0,3.9,48.0,293.9,0.7,4.3,203.0,1010.2,1010.2,2.7,4.8
2024-07-24 03:35:00+02:00,15.6,15.6,16.7,14.2,91.0,23.1,81.0,0.0,0.0,0.0,0.0,2.7,0.0,3.9,48.0,293.9,0.9,4.3,41.0,1010.2,1010.2,2.7,4.8
2024-07-24 03:40:00+02:00,15.5,15.5,16.8,14.1,91.0,23.1,81.0,0.0,0.0,0.0,0.0,2.7,0.0,3.9,48.0,293.9,0.4,4.0,114.0,1010.2,1010.2,2.7,4.8
2024-07-24 03:45:00+02:00,15.4,15.4,16.6,14.1,92.0,23.1,81.0,0.0,0.0,0.0,0.0,2.7,0.0,3.9,48.0,293.9,0.4,4.0,126.0,1010.1,1010.1,2.7,4.8
2024-07-24 03:50:00+02:00,15.3,15.3,16.5,14.0,92.0,23.0,81.0,0.0,0.0,0.0,0.0,2.7,0.0,3.9,48.0,293.9,0.4,3.6,282.0,1010.2,1010.2,2.7,4.8
2024-07-24 03:55:00+02:00,15.2,15.2,16.1,14.0,92.0,23.0,81.0,0.0,0.0,0.0,0.0,2.7,0.0,3.9,48.0,293.9,1.7,3.6,122.0,1010.1,1010.1,2.7,4.8
2024-07-24 04:00:00+02:00,15.1,15.1,16.0,14.0,93.0,22.9,81.0,0.0,0.0,0.0,0.0,2.7,0.0,3.9,48.0,293.9,1.6,5.0,233.0,1010.2,1010.2,2.7,4.8
2024-07-24 04:05:00+02:00,15.1,15.1,16.0,14.0,93.0,22.9,81.0,0.0,0.0,0.0,0.0,2.7,0.0,3.9,48.0,293.9,1.7,4.3,136.0,1010.1,1010.1,2.7,4.8
2024-07-24 04:10:00+02:00,15.0,15.0,15.9,13.8,93.0,22.8,81.0,0.0,0.0,0.0,0.0,2.7,0.0,3.9,48.0,293.9,1.2,4.0,193.0,1010.1,1010.1,2.7,4.8
2024-07-24 04:15:00+02:00,14.9,14.9,16.0,13.8,93.0,22.8,81.0,0.0,0.0,0.0,0.0,2.7,0.0,3.9,48.0,293.9,0.5,4.7,162.0,1010.1,1010.1,2.7,4.8
2024-07-24 04:20:00+02:00,14.8,14.8,15.8,13.7,93.0,22.8,81.0,0.0,0.0,0.0,0.0,2.7,0.0,3.9,48.0,293.9,0.9,2.9,34.0,1010.2,1010.2,2.7,4.8
2024-07-24 04:25:00+02:00,14.8,14.8,15.8,13.8,94.0,22.7,81.0,0.0,0.0,0.0,0.0,2.7,0.0,3.9,48.0,293.9,1.0,5.0,271.0,1010.2,1010.2,2.7,4.8
2024-07-24 04:30:00+02:00,15.0,15.0,15.9,14.0,94.0,22.6,81.0,0.0,0.0,0.0,0.0,2.7,0.0,3.9,48.0,293.9,1.5,5.0,148.0,1010.2,1010.2,2.7,4.8
2024-07-24 04:35:00+02:00,15.1,15.1,16.2,14.1,94.0,22.6,81.0,0.0,0.0,0.0,0.0,2.7,0.0,3.9,48.0,293.9,0.7,5.0,166.0,1010.2,1010.2,2.7,4.8
2024-07-24 04:40:00+02:00,15.1,15.1,16.1,14.0,93.0,22.5,81.0,0.0,0.0,0.0,0.0,2.7,0.0,3.9,48.0,293.9,1.2,3.2,108.0,1010.2,1010.2,2.7,4.8
2024-07-24 04:45:00+02:00,15.1,15.1,16.1,14.0,93.0,22.5,81.0,0.0,0.0,0.0,0.0,2.7,0.0,3.9,48.0,293.9,1.1,3.2,107.0,1010.1,1010.1,2.7,4.8
2024-07-24 04:50:00+02:00,15.1,15.1,16.0,14.0,93.0,22.5,81.0,0.0,0.0,0.0,0.0,2.7,0.0,3.9,48.0,293.9,1.7,3.6,317.0,1010.2,1010.2,2.7,4.8
2024-07-24 04:55:00+02:00,15.2,15.2,16.4,14.1,93.0,22.4,81.0,0.0,0.0,0.0,0.0,2.7,0.0,3.9,48.0,293.9,0.5,4.7,275.0,1010.1,1010.1,2.7,4.8
2024-07-24 05:00:00+02:00,15.2,15.2,16.1,14.1,93.0,22.4,81.0,0.0,0.0,0.0,0.0,2.7,0.0,3.9,48.0,293.9,2.1,7.9,147.0,1010.2,1010.2,2.7,4.8
2024-07-24 05:05:00+02:00,15.2,15.2,16.3,14.1,93.0,22.4,81.0,0.0,0.0,0.0,0.0,2.7,0.0,3.9,48.0,293.9,0.8,4.3,167.0,1010.2,1010.2,2.7,4.8
2024-07-24 05:10:00+02:00,15.3,15.3,16.3,14.2,93.0,22.3,81.0,0.0,0.0,0.0,0.0,2.7,0.0,3.9,48.0,293.9,1.3,5.4,47.0,1010.2,1010.2,2.7,4.8
2024-07-24 05:15:00+02:00,15.3,15.3,16.3,14.2,93.0,22.3,81.0,0.0,0.0,0.0,0.0,2.7,0.0,3.9,48.0,293.9,1.5,6.1,186.0,1010.1,1010.1,2.7,4.7
2024-07-24 05:20:00+02:00,15.4,15.4,16.7,14.3,93.0,22.3,81.0,0.1,0.0,0.0,0.0,2.7,0.0,3.9,48.0,293.9,0.0,5.4,292.0,1010.2,1010.2,2.7,4.7
2024-07-24 05:25:00+02:00,15.4,15.4,16.5,14.3,93.0,22.3,81.0,0.3,0.0,0.0,0.0,2.7,0.0,3.9,48.0,293.9,1.5,5.0,281.0,1010.2,1010.2,2.7,4.7
2024-07-24 05:30:00+02:00,15.4,15.4,16.2,14.3,93.0,22.2,81.0,0.2,0.0,0.0,0.0,2.7,0.0,3.9,48.0,293.9,2.7,10.4,90.0,1010.2,1010.2,2.7,4.7
2024-07-24 05:35:00+02:00,15.5,15.5,16.5,14.4,93.0,22.2,81.0,0.5,0.0,0.0,0.0,2.7,0.0,3.9,48.0,293.9,1.9,5.0,123.0,1010.2,1010.2,2.7,4.7
2024-07-24 05:40:00+02:00,15.5,15.5,16.7,14.4,93.0,22.2,81.0,0.9,0.0,0.0,0.0,2.7,0.0,3.9,48.0,293.9,0.9,5.4,120.0,1010.2,1010.2,2.7,4.7
2024-07-24 05:45:00+02:00,15.5,15.5,16.7,14.4,93.0,22.1,81.0,1.1,0.0,0.0,0.0,2.7,0.0,3.9,48.0,293.9,0.9,4.7,245.0,1010.2,1010.2,2.7,4.7
2024-07-24 05:50:00+02:00,15.6,15.6,16.6,14.5,93.0,22.1,81.0,0.9,0.0,0.0,0.0,2.7,0.0,3.9,48.0,293.9,2.1,4.0,77.0,1010.1,1010.1,2.7,4.7
2024-07-24 05:55:00+02:00,15.6,15.6,16.8,14.4,92.0,22.1,81.0,1.3,0.0,0.0,0.0,2.7,0.0,3.9,48.0,293.9,1.1,4.3,149.0,1010.1,1010.1,2.7,4.7
2024-07-24 06:00:00+02:00,15.6,15.6,16.7,14.4,92.0,22.1,81.0,1.1,0.0,0.0,0.0,2.7,0.0,3.9,48.0,293.9,1.6,10.4,139.0,1010.2,1010.2,2.7,4.7
2024-07-24 06:05:00+02:00,15.7,15.7,16.7,14.4,92.0,22.1,81.0,0.9,0.0,0.0,0.0,2.7,0.0,3.9,48.0,293.9,2.4,4.3,288.0,1010.3,1010.3,2.7,4.7
2024-07-24 06:10:00+02:00,15.7,15.7,16.7,14.4,92.0,22.1,82.0,1.8,0.0,0.0,0.0,2.7,0.0,3.9,48.0,293.9,1.9,4.3,254.0,1010.3,1010.3,2.7,4.7
2024-07-24 06:15:00+02:00,15.7,15.7,16.5,14.4,92.0,22.0,81.0,4.6,0.0,0.0,0.0,2.7,0.0,3.9,48.0,293.9,3.3,6.5,293.0,1010.4,1010.4,2.7,4.7
2024-07-24 06:20:00+02:00,15.7,15.7,16.9,14.5,92.0,22.0,82.0,5.4,0.0,0.0,0.0,2.7,0.0,3.9,48.0,293.9,1.4,4.3,333.0,1010.4,1010.4,2.7,4.7
2024-07-24 06:25:00+02:00,15.8,15.8,16.5,14.5,92.0,22.0,82.0,6.8,0.0,0.0,0.0,2.7,0.0,3.9,48.0,293.9,3.8,7.2,275.0,1010.4,1010.4,2.7,4.7
2024-07-24 06:30:00+02:00,15.8,15.8,16.4,14.5,92.0,22.0,82.0,10.2,0.0,0.0,0.0,2.7,0.0,3.9,48.0,293.9,3.8,7.6,254.0,1010.5,1010.5,2.7,4.7
2024-07-24 06:35:00+02:00,15.8,15.8,16.9,14.5,92.0,22.0,82.0,9.5,0.0,0.0,0.0,2.7,0.0,3.9,48.0,293.9,1.6,7.2,271.0,1010.4,1010.4,2.7,4.7
2024-07-24 06:40:00+02:00,15.8,15.8,16.7,14.5,92.0,21.9,81.0,6.5,0.0,0.0,0.0,2.7,0.0,3.9,48.0,293.9,2.6,5.8,295.0,1010.6,1010.6,2.7,4.7
2024-07-24 06:45:00+02:00,15.8,15.8,16.6,14.5,92.0,21.9,82.0,8.5,0.0,0.0,0.0,2.7,0.0,3.9,48.0,293.9,3.5,7.6,273.0,1010.5,1010.5,2.7,4.7
2024-07-24 06:50:00+02:00,15.8,15.8,17.1,14.5,92.0,21.9,82.0,13.3,0.0,0.0,0.0,2.7,0.0,3.9,48.0,293.9,0.9,5.4,264.0,1010.6,1010.6,2.7,4.7
2024-07-24 06:55:00+02:00,15.8,15.8,17.1,14.5,92.0,21.9,82.0,26.3,0.0,0.0,0.0,2.7,0.0,3.9,48.0,293.9,0.8,5.0,99.0,1010.4,1010.4,2.7,4.7
2024-07-24 07:00:00+02:00,15.9,15.9,16.9,14.6,92.0,21.9,82.0,33.1,0.0,0.0,0.0,2.7,0.0,3.9,48.0,293.9,2.1,4.7,83.0,1010.6,1010.6,2.7,4.7
2024-07-24 07:05:00+02:00,16.0,16.0,17.4,14.5,91.0,21.9,82.0,32.8,0.0,0.0,0.0,2.7,0.0,3.9,48.0,293.9,0.0,4.7,126.0,1010.5,1010.5,2.7,4.7
2024-07-24 07:10:00+02:00,16.0,16.0,17.2,14.6,91.0,21.9,82.0,27.1,0.0,0.0,0.0,2.7,0.0,3.9,48.0,293.9,1.2,5.4,180.0,1010.6,1010.6,2.7,4.7
2024-07-24 07:15:00+02:00,16.1,16.1,17.4,14.7,91.0,21.9,82.0,42.8,0.0,0.0,0.0,2.7,0.0,3.9,48.0,293.9,0.7,3.2,157.0,1010.5,1010.5,2.7,4.7
2024-07-24 07:20:00+02:00,16.2,16.2,17.4,14.8,91.0,21.9,82.0,68.8,0.0,0.0,0.0,2.7,0.0,3.9,48.0,293.9,1.6,5.0,166.0,1010.6,1010.6,2.7,4.7
2024-07-24 07:25:00+02:00,16.3,16.3,17.8,14.7,90.0,21.9,82.0,51.2,0.0,0.0,0.0,2.7,0.0,3.9,48.0,293.9,0.4,5.0,179.0,1010.7,1010.7,2.7,4.7
2024-07-24 07:30:00+02:00,16.4,16.4,17.2,14.7,90.0,21.9,82.0,55.0,0.0,0.0,0.0,2.7,0.0,3.9,48.0,293.9,3.8,6.5,131.0,1010.6,1010.6,2.7,4.7
2024-07-24 07:35:00+02:00,16.4,16.4,17.8,14.7,90.0,21.9,82.0,39.4,0.0,0.0,0.0,2.7,0.0,3.9,48.0,293.9,0.8,6.1,241.0,1010.6,1010.6,2.7,4.7
2024-07-24 07:40:00+02:00,16.5,16.5,17.8,14.8,90.0,21.9,82.0,36.7,0.0,0.0,0.0,2.7,0.0,3.9,48.0,293.9,1.2,4.7,204.0,1010.6,1010.6,2.7,4.7
2024-07-24 07:45:00+02:00,16.5,16.5,17.9,14.8,90.0,21.9,82.0,26.8,0.0,0.0,0.0,2.7,0.0,3.9,48.0,293.9,0.9,4.7,137.0,1010.7,1010.7,2.7,4.7
2024-07-24 07:50:00+02:00,16.3,16.3,17.4,14.9,91.0,21.9,82.0,24.1,0.0,0.0,0.0,2.7,0.0,3.9,48.0,293.9,2.3,7.2,110.0,1010.6,1010.6,2.7,4.7
2024-07-24 07:55:00+02:00,16.3,16.3,17.8,14.8,91.0,22.0,82.0,24.1,0.0,0.0,0.0,2.7,0.0,3.9,48.0,293.9,0.4,4.7,124.0,1010.7,1010.7,2.7,4.7
2024-07-24 08:00:00+02:00,16.3,16.3,17.6,14.8,91.0,22.0,82.0,26.1,0.0,0.0,0.0,2.7,0.0,3.9,48.0,293.9,1.2,3.6,137.0,1010.7,1010.7,2.7,4.7
2024-07-24 08:05:00+02:00,16.3,16.3,17.8,14.9,91.0,22.0,82.0,27.9,0.0,0.0,0.0,2.7,0.0,3.9,48.0,293.9,0.4,3.2,143.0,1010.7,1010.7,2.7,4.7
2024-07-24 08:10:00+02:00,16.2,16.2,17.7,15.0,92.0,22.0,82.0,39.3,0.0,0.0,0.0,2.7,0.0,3.9,48.0,293.9,0.8,4.7,315.0,1010.6,1010.6,2.7,4.7
2024-07-24 08:15:00+02:00,16.2,16.2,17.1,14.9,92.0,22.0,82.0,38.2,0.0,0.0,0.0,2.7,0.0,3.9,48.0,293.9,3.2,5.8,281.0,1010.6,1010.6,2.7,4.7
2024-07-24 08:20:00+02:00,16.1,16.1,17.1,14.9,93.0,22.0,82.0,27.8,0.0,0.6,0.1,2.8,0.1,4.0,48.1,294.0,2.6,6.1,276.0,1010.8,1010.8,2.7,4.7
2024-07-24 08:25:00+02:00,16.0,16.0,17.3,15.0,94.0,22.0,82.0,27.9,0.0,0.6,0.1,2.8,0.1,4.0,48.1,294.0,1.4,6.1,247.0,1010.7,1010.7,2.7,4.7
2024-07-24 08:30:00+02:00,16.0,16.0,17.5,15.1,94.0,22.0,82.0,45.8,0.0,0.6,0.2,2.9,0.2,4.1,48.2,294.1,0.6,3.6,56.0,1010.8,1010.8,2.7,4.7
2024-07-24 08:35:00+02:00,16.0,16.0,17.6,15.1,94.0,22.0,82.0,48.7,0.0,0.6,0.2,2.9,0.2,4.1,48.2,294.1,0.0,2.5,198.0,1010.8,1010.8,2.7,4.7
2024-07-24 08:40:00+02:00,16.1,16.1,17.7,15.3,95.0,22.0,82.0,53.3,0.0,0.6,0.2,2.9,0.2,4.1,48.2,294.1,0.4,2.5,229.0,1010.8,1010.8,2.7,4.7
2024-07-24 08:45:00+02:00,16.1,16.1,17.4,15.3,95.0,21.9,82.0,90.2,0.0,0.0,0.2,2.9,0.2,4.1,48.2,294.1,2.3,5.0,290.0,1010.8,1010.8,2.7,4.7
2024-07-24 08:50:00+02:00,16.1,16.1,17.6,15.3,95.0,22.0,82.0,89.0,0.0,0.0,0.2,2.9,0.2,4.1,48.2,294.1,1.0,4.3,284.0,1010.9,1010.9,2.7,4.7
2024-07-24 08:55:00+02:00,16.2,16.2,17.9,15.4,95.0,22.0,82.0,64.8,0.0,0.0,0.2,2.9,0.2,4.1,48.2,294.1,0.0,3.2,195.0,1010.9,1010.9,2.7,4.7
2024-07-24 09:00:00+02:00,16.2,16.2,17.4,15.4,95.0,22.0,82.0,44.0,0.0,0.0,0.2,2.9,0.2,4.1,48.2,294.1,2.5,7.2,285.0,1010.9,1010.9,2.7,4.7
2024-07-24 09:05:00+02:00,16.1,16.1,17.5,15.3,95.0,22.0,82.0,74.4,0.0,0.0,0.2,2.9,0.2,4.1,48.2,294.1,1.8,4.7,276.0,1010.9,1010.9,2.7,4.7
2024-07-24 09:10:00+02:00,16.2,16.2,17.5,15.5,95.0,22.0,82.0,93.9,0.0,0.0,0.2,2.9,0.2,4.1,48.2,294.1,2.4,7.6,258.0,1011.0,1011.0,2.7,4.7
2024-07-24 09:15:00+02:00,16.3,16.3,17.6,15.5,95.0,22.0,82.0,115.2,1.0,0.0,0.2,2.9,0.2,4.1,48.2,294.1,2.8,6.5,234.0,1010.9,1010.9,2.7,4.8
2024-07-24 09:20:00+02:00,16.4,16.4,17.5,15.5,94.0,22.0,82.0,117.7,1.0,0.0,0.2,2.9,0.1,4.1,48.2,294.1,3.6,7.9,298.0,1011.1,1011.1,2.7,4.8
2024-07-24 09:25:00+02:00,16.4,16.4,16.8,15.3,93.0,22.0,82.0,121.5,1.0,0.0,0.2,2.9,0.1,4.1,48.2,294.1,6.5,13.3,290.0,1011.1,1011.1,2.7,4.8
2024-07-24 09:30:00+02:00,16.6,16.6,17.4,15.3,92.0,22.0,82.0,165.3,1.0,0.0,0.2,2.9,0.0,4.1,48.2,294.1,4.8,8.3,273.0,1011.0,1011.0,2.7,4.8
2024-07-24 09:35:00+02:00,16.8,16.8,18.0,15.5,92.0,22.1,83.0,238.8,2.0,0.0,0.2,2.9,0.0,4.1,48.2,294.1,3.4,8.3,270.0,1011.1,1011.1,2.7,4.9
2024-07-24 09:40:00+02:00,17.3,17.3,18.5,15.8,91.0,22.1,83.0,492.1,4.0,0.0,0.2,2.9,0.0,4.1,48.2,294.1,3.7,8.3,267.0,1011.1,1011.1,2.7,4.9
2024-07-24 09:45:00+02:00,18.1,18.1,19.0,15.8,87.0,22.2,83.0,491.2,4.0,0.0,0.2,2.9,0.0,4.1,48.2,294.1,4.9,7.9,265.0,1011.1,1011.1,2.7,5.0
2024-07-24 09:50:00+02:00,18.1,18.1,18.5,15.5,85.0,22.3,83.0,502.6,4.0,0.0,0.2,2.9,0.0,4.1,48.2,294.1,7.1,13.7,297.0,1011.2,1011.2,2.7,5.0
2024-07-24 09:55:00+02:00,18.0,18.0,19.3,15.5,86.0,22.5,83.0,338.8,3.0,0.0,0.2,2.9,0.0,4.1,48.2,294.1,2.5,9.0,315.0,1011.2,1011.2,2.7,5.1
2024-07-24 10:00:00+02:00,18.3,18.3,19.4,15.6,84.0,22.7,83.0,631.6,5.0,0.0,0.2,2.9,0.0,4.1,48.2,294.1,3.8,9.7,287.0,1011.2,1011.2,2.7,5.1
2024-07-24 10:05:00+02:00,18.2,18.2,18.6,15.5,84.0,22.8,84.0,165.6,1.0,0.0,0.2,2.9,0.0,4.1,48.2,294.1,7.2,8.6,345.0,1011.2,1011.2,2.7,5.2
2024-07-24 10:15:00+02:00,18.2,18.2,19.3,15.3,83.0,23.1,84.0,504.9,4.0,0.0,0.2,2.9,0.0,4.1,48.2,294.1,3.5,7.2,278.0,1011.1,1011.1,2.7,5.2
2024-07-24 10:20:00+02:00,18.2,18.2,18.7,15.1,82.0,23.1,84.0,93.8,0.0,0.0,0.2,2.9,0.0,4.1,48.2,294.1,5.7,9.7,286.0,1011.1,1011.1,2.7,5.2
2024-07-24 10:25:00+02:00,18.2,18.2,18.8,15.3,83.0,23.2,84.0,138.8,1.0,0.0,0.2,2.9,0.0,4.1,48.2,294.1,5.7,10.4,289.0,1011.2,1011.2,2.7,5.2
2024-07-24 10:30:00+02:00,17.8,17.8,18.3,15.1,84.0,23.2,84.0,271.8,2.0,0.0,0.2,2.9,0.0,4.1,48.2,294.1,5.4,13.0,302.0,1011.2,1011.2,2.7,5.2
2024-07-24 10:35:00+02:00,18.2,18.2,19.4,15.1,82.0,23.3,84.0,633.4,5.0,0.0,0.2,2.9,0.0,4.1,48.2,294.1,2.8,8.3,262.0,1011.2,1011.2,2.7,5.2
2024-07-24 10:40:00+02:00,18.7,18.7,18.7,15.0,79.0,23.5,84.0,310.7,2.0,0.0,0.2,2.9,0.0,4.1,48.2,294.1,8.0,11.9,299.0,1011.3,1011.3,2.7,5.2
2024-07-24 10:45:00+02:00,18.7,18.7,18.9,14.9,79.0,23.7,84.0,305.4,2.0,0.0,0.2,2.9,0.0,4.1,48.2,294.1,6.8,13.7,287.0,1011.4,1011.4,2.7,5.2
2024-07-24 10:50:00+02:00,18.8,18.8,19.6,14.6,76.0,23.7,84.0,218.0,2.0,0.0,0.2,2.9,0.0,4.1,48.2,294.1,3.8,12.2,271.0,1011.3,1011.3,2.7,5.2
2024-07-24 10:55:00+02:00,19.0,19.0,19.5,14.7,76.0,23.8,84.0,274.3,2.0,0.0,0.2,2.9,0.0,4.1,48.2,294.1,5.5,9.7,276.0,1011.3,1011.3,2.7,5.2
2024-07-24 11:00:00+02:00,19.0,19.0,19.6,14.8,77.0,23.8,84.0,305.7,2.0,0.0,0.2,2.9,0.0,4.1,48.2,294.1,5.3,9.7,263.0,1011.4,1011.4,2.7,5.2
2024-07-24 11:05:00+02:00,19.1,19.1,19.4,14.8,76.0,23.9,84.0,316.0,2.0,0.0,0.2,2.9,0.0,4.1,48.2,294.1,6.3,9.7,285.0,1011.3,1011.3,2.7,5.2
2024-07-24 11:10:00+02:00,19.2,19.2,19.6,14.6,75.0,24.0,84.0,157.9,1.0,0.0,0.2,2.9,0.0,4.1,48.2,294.1,5.1,13.3,285.0,1011.3,1011.3,2.7,5.2
2024-07-24 11:15:00+02:00,18.7,18.7,18.8,14.3,76.0,24.1,84.0,518.3,4.0,0.0,0.2,2.9,0.0,4.1,48.2,294.1,6.1,14.4,289.0,1011.3,1011.3,2.7,5.2
2024-07-24 11:20:00+02:00,18.7,18.7,19.0,14.2,75.0,24.2,84.0,628.9,5.0,0.0,0.2,2.9,0.0,4.1,48.2,294.1,5.5,14.4,294.0,1011.3,1011.3,2.7,5.2
2024-07-24 11:25:00+02:00,19.7,19.7,20.3,14.3,71.0,24.3,84.0,642.6,5.0,0.0,0.2,2.9,0.0,4.1,48.2,294.1,3.7,9.7,281.0,1011.3,1011.3,2.7,5.2
2024-07-24 11:30:00+02:00,19.9,19.9,19.9,14.2,70.0,24.5,84.0,659.4,6.0,0.0,0.2,2.9,0.0,4.1,48.2,294.1,6.7,13.0,313.0,1011.3,1011.3,2.7,5.2
2024-07-24 11:35:00+02:00,20.0,20.0,19.7,14.2,69.0,24.7,84.0,676.6,6.0,0.0,0.2,2.9,0.0,4.1,48.2,294.1,8.1,13.7,306.0,1011.2,1011.2,2.7,5.3
2024-07-24 11:40:00+02:00,20.5,20.5,21.0,14.4,68.0,24.8,84.0,701.2,6.0,0.0,0.2,2.9,0.0,4.1,48.2,294.1,4.4,13.7,247.0,1011.2,1011.2,2.7,5.3
2024-07-24 11:45:00+02:00,20.9,20.9,21.3,14.7,68.0,25.1,84.0,700.0,6.0,0.0,0.2,2.9,0.0,4.1,48.2,294.1,5.3,14.8,277.0,1011.2,1011.2,2.7,5.3
2024-07-24 11:50:00+02:00,20.8,20.8,20.7,14.6,68.0,25.3,84.0,205.0,1.0,0.0,0.2,2.9,0.0,4.1,48.2,294.1,8.3,15.5,264.0,1011.1,1011.1,2.7,5.3
2024-07-24 11:55:00+02:00,19.7,19.7,20.0,14.3,71.0,25.5,84.0,625.3,5.0,0.0,0.2,2.9,0.0,4.1,48.2,294.1,5.8,15.5,282.0,1011.1,1011.1,2.7,5.3
2024-07-24 12:00:00+02:00,19.9,19.9,19.9,14.1,69.0,25.6,84.0,213.7,1.0,0.0,0.2,2.9,0.0,4.1,48.2,294.1,6.7,15.5,266.0,1011.2,1011.2,2.7,5.3
2024-07-24 12:05:00+02:00,19.3,19.3,19.4,13.9,71.0,25.7,83.0,631.4,5.0,0.0,0.2,2.9,0.0,4.1,48.2,294.1,5.7,21.2,299.0,1011.3,1011.3,2.7,5.3
2024-07-24 12:10:00+02:00,20.1,20.1,20.3,14.2,69.0,25.9,83.0,667.3,6.0,0.0,0.2,2.9,0.0,4.1,48.2,294.1,5.6,14.4,300.0,1011.1,1011.1,2.7,5.3
2024-07-24 12:15:00+02:00,20.7,20.7,21.0,14.2,66.0,26.0,83.0,655.2,6.0,0.0,0.2,2.9,0.0,4.1,48.2,294.1,5.1,11.5,284.0,1011.1,1011.1,2.7,5.3
2024-07-24 12:20:00+02:00,20.3,20.3,19.8,14.0,67.0,26.2,83.0,178.4,1.0,0.0,0.2,2.9,0.0,4.1,48.2,294.1,9.1,15.5,286.0,1011.2,1011.2,2.7,5.3
2024-07-24 12:25:00+02:00,20.0,20.0,20.2,13.9,68.0,26.3,83.0,154.4,1.0,0.0,0.2,2.9,0.0,4.1,48.2,294.1,5.2,13.0,270.0,1011.2,1011.2,2.7,5.3
2024-07-24 12:30:00+02:00,20.0,20.0,20.4,13.9,68.0,26.3,83.0,177.5,1.0,0.0,0.2,2.9,0.0,4.1,48.2,294.1,4.5,10.1,265.0,1011.2,1011.2,2.7,5.3
2024-07-24 12:35:00+02:00,19.7,19.7,19.6,13.7,68.0,26.4,83.0,510.0,4.0,0.0,0.2,2.9,0.0,4.1,48.2,294.1,6.6,19.1,276.0,1011.2,1011.2,2.7,5.3
2024-07-24 12:40:00+02:00,20.1,20.1,20.1,13.6,66.0,26.5,83.0,562.0,5.0,0.0,0.2,2.9,0.0,4.1,48.2,294.1,5.8,19.1,297.0,1011.1,1011.1,2.7,5.3
2024-07-24 12:45:00+02:00,21.0,21.0,21.7,14.1,64.0,26.7,83.0,655.1,6.0,0.0,0.2,2.9,0.0,4.1,48.2,294.1,3.2,11.5,282.0,1011.1,1011.1,2.7,5.3
2024-07-24 12:50:00+02:00,22.1,22.1,22.3,14.3,61.0,26.8,82.0,685.2,6.0,0.0,0.2,2.9,0.0,4.1,48.2,294.1,6.3,16.9,289.0,1011.0,1011.0,2.7,5.3
2024-07-24 12:55:00+02:00,22.3,22.3,22.3,13.9,59.0,26.9,82.0,653.2,6.0,0.0,0.2,2.9,0.0,4.1,48.2,294.1,6.7,14.0,268.0,1011.0,1011.0,2.7,5.3
2024-07-24 13:00:00+02:00,21.4,21.4,21.3,14.0,62.0,27.1,82.0,172.9,1.0,0.0,0.2,0.0,0.0,4.1,48.2,294.1,7.3,18.7,268.0,1011.0,1011.0,2.7,5.3
2024-07-24 13:05:00+02:00,21.1,21.1,21.0,13.6,62.0,27.2,82.0,374.9,3.0,0.0,0.2,0.0,0.0,4.1,48.2,294.1,6.3,18.0,267.0,1011.0,1011.0,2.7,5.3
2024-07-24 13:10:00+02:00,20.8,20.8,20.9,13.2,62.0,27.3,82.0,434.9,4.0,0.0,0.2,0.0,0.0,4.1,48.2,294.1,4.7,18.0,213.0,1011.0,1011.0,2.7,5.3
2024-07-24 13:15:00+02:00,21.9,21.9,22.5,14.0,61.0,27.4,82.0,663.9,6.0,0.0,0.2,0.0,0.0,4.1,48.2,294.1,3.2,7.9,268.0,1010.9,1010.9,2.7,5.3
2024-07-24 13:20:00+02:00,22.5,22.5,22.0,13.9,58.0,27.5,82.0,619.6,5.0,0.0,0.2,0.0,0.0,4.1,48.2,294.1,8.6,20.9,285.0,1010.9,1010.9,2.7,5.3
2024-07-24 13:25:00+02:00,22.7,22.7,22.9,13.4,56.0,27.7,82.0,570.8,5.0,0.0,0.2,0.0,0.0,4.1,48.2,294.1,4.6,14.8,279.0,1010.9,1010.9,2.7,5.3
2024-07-24 13:30:00+02:00,22.1,22.1,21.6,13.9,60.0,27.8,82.0,560.7,5.0,0.0,0.2,0.0,0.0,4.1,48.2,294.1,8.9,20.2,283.0,1010.8,1010.8,2.7,5.3
2024-07-24 13:35:00+02:00,22.3,22.3,21.8,13.6,58.0,27.9,82.0,559.0,5.0,0.0,0.2,0.0,0.0,4.1,48.2,294.1,8.2,19.8,266.0,1010.8,1010.8,2.7,5.3
2024-07-24 13:40:00+02:00,22.3,22.3,22.4,13.6,58.0,28.1,82.0,595.3,5.0,0.0,0.2,0.0,0.0,4.1,48.2,294.1,5.5,14.0,262.0,1010.8,1010.8,2.7,5.3
2024-07-24 13:45:00+02:00,22.5,22.5,21.8,13.5,57.0,28.2,82.0,565.5,5.0,0.0,0.2,0.0,0.0,4.1,48.2,294.1,9.0,18.7,279.0,1010.8,1010.8,2.7,5.3
2024-07-24 13:50:00+02:00,21.6,21.6,20.6,13.1,59.0,28.3,82.0,283.9,2.0,0.0,0.2,0.0,0.0,4.1,48.2,294.1,10.0,24.8,273.0,1010.8,1010.8,2.7,5.3
2024-07-24 13:55:00+02:00,21.2,21.2,21.0,12.8,59.0,28.4,82.0,597.1,5.0,0.0,0.2,0.0,0.0,4.1,48.2,294.1,5.5,15.8,264.0,1010.8,1010.8,2.7,5.3
2024-07-24 14:00:00+02:00,22.1,22.1,21.6,13.0,56.0,28.5,82.0,593.8,5.0,0.0,0.2,0.0,0.0,4.1,48.2,294.1,7.1,12.2,271.0,1010.8,1010.8,2.7,5.3
2024-07-24 14:05:00+02:00,22.2,22.2,21.9,13.3,57.0,28.5,82.0,572.1,5.0,0.0,0.2,0.0,0.0,4.1,48.2,294.1,6.8,17.3,254.0,1010.7,1010.7,2.7,5.3
2024-07-24 14:10:00+02:00,22.7,22.7,22.1,13.2,55.0,28.6,82.0,574.2,5.0,0.0,0.2,0.0,0.0,4.1,48.2,294.1,8.1,13.0,273.0,1010.6,1010.6,2.7,5.3
2024-07-24 14:15:00+02:00,22.8,22.8,22.7,13.0,54.0,28.7,82.0,559.6,5.0,0.0,0.2,0.0,0.0,4.1,48.2,294.1,5.5,16.2,232.0,1010.6,1010.6,2.7,5.3
2024-07-24 14:20:00+02:00,22.7,22.7,21.9,12.7,53.0,28.8,82.0,559.0,5.0,0.0,0.2,0.0,0.0,4.1,48.2,294.1,7.9,14.4,271.0,1010.6,1010.6,2.7,5.3
2024-07-24 14:25:00+02:00,22.6,22.6,22.3,12.7,54.0,28.8,82.0,559.3,5.0,0.0,0.2,0.0,0.0,4.1,48.2,294.1,6.1,13.7,242.0,1010.6,1010.6,2.7,5.3
2024-07-24 14:30:00+02:00,23.2,23.2,22.4,12.7,52.0,28.9,81.0,588.8,5.0,0.0,0.2,0.0,0.0,4.1,48.2,294.1,8.2,18.7,276.0,1010.6,1010.6,2.7,5.3
2024-07-24 14:35:00+02:00,22.7,22.7,22.1,12.6,53.0,29.0,81.0,583.9,5.0,0.0,0.2,0.0,0.0,4.1,48.2,294.1,7.0,22.0,305.0,1010.5,1010.5,2.7,5.3
2024-07-24 14:40:00+02:00,22.2,22.2,20.5,12.1,53.0,29.1,81.0,580.0,5.0,0.0,0.2,0.0,0.0,4.1,48.2,294.1,11.6,19.8,281.0,1010.7,1010.7,2.7,5.3
2024-07-24 14:45:00+02:00,23.1,23.1,22.5,12.1,50.0,29.2,81.0,597.6,5.0,0.0,0.2,0.0,0.0,4.1,48.2,294.1,6.5,18.4,269.0,1010.6,1010.6,2.7,5.3
2024-07-24 14:50:00+02:00,23.1,23.1,21.9,12.1,50.0,29.2,81.0,620.6,5.0,0.0,0.2,0.0,0.0,4.1,48.2,294.1,9.6,20.9,284.0,1010.5,1010.5,2.7,5.3
2024-07-24 14:55:00+02:00,23.2,23.2,22.0,12.2,50.0,29.3,81.0,618.8,5.0,0.0,0.2,0.0,0.0,4.1,48.2,294.1,9.3,20.9,294.0,1010.4,1010.4,2.7,5.3
2024-07-24 15:00:00+02:00,23.3,23.3,22.5,12.1,49.0,29.4,81.0,457.1,4.0,0.0,0.2,0.0,0.0,4.1,48.2,294.1,7.7,18.0,280.0,1010.5,1010.5,2.7,5.3
2024-07-24 15:05:00+02:00,22.1,22.1,21.0,11.5,51.0,29.5,81.0,625.8,5.0,0.0,0.2,0.0,0.0,4.1,48.2,294.1,7.8,18.4,277.0,1010.4,1010.4,2.7,5.3
2024-07-24 15:10:00+02:00,22.7,22.7,21.4,10.8,47.0,29.5,81.0,578.2,5.0,0.0,0.2,0.0,0.0,4.1,48.2,294.1,8.3,20.2,279.0,1010.5,1010.5,2.7,5.3
2024-07-24 15:15:00+02:00,22.5,22.5,21.5,10.4,46.0,29.6,81.0,659.3,6.0,0.0,0.2,0.0,0.0,4.1,48.2,294.1,5.5,20.2,280.0,1010.4,1010.4,2.7,5.3
2024-07-24 15:20:00+02:00,22.7,22.7,21.6,10.0,45.0,29.7,81.0,583.6,5.0,0.0,0.2,0.0,0.0,4.1,48.2,294.1,5.8,15.5,267.0,1010.4,1010.4,2.7,5.3
2024-07-24 15:25:00+02:00,22.5,22.5,21.4,10.1,45.0,29.7,81.0,626.4,5.0,0.0,0.2,0.0,0.0,4.1,48.2,294.1,6.0,16.2,275.0,1010.4,1010.4,2.7,5.3
2024-07-24 15:30:00+02:00,23.3,23.3,22.4,10.4,44.0,29.7,81.0,631.8,5.0,0.0,0.2,0.0,0.0,4.1,48.2,294.1,5.3,14.4,258.0,1010.4,1010.4,2.7,5.3
2024-07-24 15:35:00+02:00,23.3,23.3,22.4,10.8,45.0,29.8,81.0,626.5,5.0,0.0,0.2,0.0,0.0,4.1,48.2,294.1,5.5,11.9,247.0,1010.5,1010.5,2.7,5.3
2024-07-24 15:40:00+02:00,23.9,23.9,23.4,11.2,45.0,29.8,81.0,402.1,3.0,0.0,0.2,0.0,0.0,4.1,48.2,294.1,4.6,10.8,269.0,1010.4,1010.4,2.7,5.3
2024-07-24 15:45:00+02:00,23.7,23.7,22.5,10.3,43.0,29.9,81.0,603.4,5.0,0.0,0.2,0.0,0.0,4.1,48.2,294.1,6.8,15.5,264.0,1010.5,1010.5,2.7,5.3
2024-07-24 15:50:00+02:00,23.5,23.5,22.8,10.8,45.0,29.9,81.0,572.9,5.0,0.0,0.2,0.0,0.0,4.1,48.2,294.1,4.9,15.5,224.0,1010.4,1010.4,2.7,5.3
2024-07-24 15:55:00+02:00,24.0,24.0,23.3,11.5,46.0,30.0,81.0,545.1,5.0,0.0,0.2,0.0,0.0,4.1,48.2,294.1,5.9,16.2,308.0,1010.3,1010.3,2.7,5.3
2024-07-24 16:00:00+02:00,24.0,24.0,23.9,11.4,45.0,30.0,81.0,511.2,4.0,0.0,0.2,0.0,0.0,4.1,48.2,294.1,2.8,16.2,257.0,1010.4,1010.4,2.7,5.3
2024-07-24 16:05:00+02:00,24.9,24.9,24.2,11.2,42.0,30.1,81.0,521.9,4.0,0.0,0.2,0.0,0.0,4.1,48.2,294.1,5.8,14.0,269.0,1010.3,1010.3,2.7,5.3
2024-07-24 16:10:00+02:00,23.5,23.5,22.2,11.3,46.0,30.1,81.0,451.8,4.0,0.0,0.2,0.0,0.0,4.1,48.2,294.1,8.6,19.1,300.0,1010.2,1010.2,2.7,5.3
2024-07-24 16:15:00+02:00,23.2,23.2,22.4,11.3,47.0,30.2,81.0,423.7,3.0,0.0,0.2,0.0,0.0,4.1,48.2,294.1,6.3,18.4,280.0,1010.2,1010.2,2.7,5.3
2024-07-24 16:20:00+02:00,23.7,23.7,22.8,11.0,45.0,30.2,81.0,509.7,4.0,0.0,0.2,0.0,0.0,4.1,48.2,294.1,6.0,10.1,311.0,1010.2,1010.2,2.7,5.3
2024-07-24 16:25:00+02:00,23.1,23.1,21.8,10.5,45.0,30.2,81.0,411.8,3.0,0.0,0.2,0.0,0.0,4.1,48.2,294.1,8.1,14.0,279.0,1010.2,1010.2,2.7,5.3
2024-07-24 16:30:00+02:00,23.7,23.7,23.3,11.0,45.0,30.3,81.0,470.9,4.0,0.0,0.2,0.0,0.0,4.1,48.2,294.1,3.3,7.6,297.0,1010.2,1010.2,2.7,5.3
2024-07-24 16:35:00+02:00,24.0,24.0,23.4,11.3,45.0,30.3,81.0,451.1,4.0,0.0,0.2,0.0,0.0,4.1,48.2,294.1,5.3,10.4,259.0,1010.2,1010.2,2.7,5.3
2024-07-24 16:40:00+02:00,24.0,24.0,24.0,11.5,45.0,30.3,81.0,435.4,4.0,0.0,0.2,0.0,0.0,4.1,48.2,294.1,2.4,10.4,241.0,1010.0,1010.0,2.7,5.3
2024-07-24 16:45:00+02:00,23.8,23.8,23.3,11.4,46.0,30.3,81.0,408.4,3.0,0.0,0.2,0.0,0.0,4.1,48.2,294.1,5.0,10.8,279.0,1010.0,1010.0,2.7,5.3
2024-07-24 16:50:00+02:00,23.6,23.6,23.2,11.5,47.0,30.4,81.0,413.6,3.0,0.0,0.2,0.0,0.0,4.1,48.2,294.1,4.5,13.7,289.0,1009.9,1009.9,2.7,5.3
2024-07-24 16:55:00+02:00,24.0,24.0,23.5,11.6,46.0,30.4,81.0,398.0,3.0,0.0,0.2,0.0,0.0,4.1,48.2,294.1,5.3,13.3,260.0,1009.9,1009.9,2.7,5.3
2024-07-24 17:00:00+02:00,24.0,24.0,23.7,11.5,46.0,30.4,81.0,384.6,3.0,0.0,0.2,0.0,0.0,4.1,48.2,294.1,4.2,15.5,249.0,1009.8,1009.8,2.7,5.3
2024-07-24 17:05:00+02:00,23.8,23.8,23.1,11.9,47.0,30.4,81.0,377.5,3.0,0.0,0.2,0.0,0.0,4.1,48.2,294.1,7.0,13.3,296.0,1009.8,1009.8,2.7,5.3
2024-07-24 17:10:00+02:00,23.1,23.1,22.5,12.2,50.0,30.5,81.0,366.7,3.0,0.0,0.2,0.0,0.0,4.1,48.2,294.1,6.5,15.5,300.0,1009.8,1009.8,2.7,5.3
2024-07-24 17:15:00+02:00,22.5,22.5,22.3,11.9,51.0,30.5,81.0,305.8,2.0,0.0,0.2,0.0,0.0,4.1,48.2,294.1,4.5,9.7,289.0,1009.7,1009.7,2.7,5.3
2024-07-24 17:20:00+02:00,21.8,21.8,21.5,12.0,54.0,30.4,81.0,270.0,2.0,0.0,0.2,0.0,0.0,4.1,48.2,294.1,5.0,9.7,300.0,1009.6,1009.6,2.7,5.3
2024-07-24 17:25:00+02:00,21.9,21.9,22.0,12.3,54.0,30.4,81.0,101.7,0.0,0.0,0.2,0.0,0.0,4.1,48.2,294.1,2.8,7.9,273.0,1009.6,1009.6,2.7,5.3
2024-07-24 17:30:00+02:00,22.0,22.0,21.8,12.2,54.0,30.4,81.0,117.8,1.0,0.0,0.2,0.0,0.0,4.1,48.2,294.1,4.7,10.4,270.0,1009.6,1009.6,2.7,5.3
2024-07-24 17:35:00+02:00,21.9,21.9,22.2,12.0,53.0,30.3,81.0,124.5,1.0,0.0,0.2,0.0,0.0,4.1,48.2,294.1,1.4,11.9,311.0,1009.7,1009.7,2.7,5.3
2024-07-24 17:40:00+02:00,22.0,22.0,22.0,12.4,54.0,30.3,81.0,112.0,1.0,0.0,0.2,0.0,0.0,4.1,48.2,294.1,3.7,7.9,292.0,1009.6,1009.6,2.7,5.3
2024-07-24 17:45:00+02:00,21.7,21.7,22.0,12.7,56.0,30.2,81.0,108.4,1.0,0.0,0.2,0.0,0.0,4.1,48.2,294.1,2.9,9.4,294.0,1009.5,1009.5,2.7,5.3
2024-07-24 17:50:00+02:00,21.8,21.8,21.8,12.4,55.0,30.2,81.0,295.7,2.0,0.0,0.2,0.0,0.0,4.1,48.2,294.1,4.2,9.7,286.0,1009.6,1009.6,2.7,5.3
2024-07-24 17:55:00+02:00,22.1,22.1,21.9,12.3,54.0,30.2,81.0,288.6,2.0,0.0,0.2,0.0,0.0,4.1,48.2,294.1,4.9,10.1,277.0,1009.5,1009.5,2.7,5.3
2024-07-24 18:05:00+02:00,22.1,22.1,21.3,12.4,54.0,30.0,81.0,267.2,2.0,0.0,0.2,0.0,0.0,4.1,48.2,294.1,8.0,16.6,291.0,1009.4,1009.4,2.7,5.3
2024-07-24 18:10:00+02:00,22.1,22.1,21.3,12.4,54.0,30.0,81.0,147.2,1.0,0.0,0.2,0.0,0.0,4.1,48.2,294.1,7.8,18.4,278.0,1009.4,1009.4,2.7,5.3
2024-07-24 18:15:00+02:00,21.6,21.6,20.9,12.1,55.0,30.0,81.0,108.2,1.0,0.0,0.2,0.0,0.0,4.1,48.2,294.1,6.8,16.2,282.0,1009.4,1009.4,2.7,5.3
2024-07-24 18:20:00+02:00,21.8,21.8,22.0,12.3,55.0,29.9,81.0,109.0,1.0,0.0,0.2,0.0,0.0,4.1,48.2,294.1,3.1,11.5,278.0,1009.4,1009.4,2.7,5.3
2024-07-24 18:25:00+02:00,21.8,21.8,21.2,11.9,53.0,29.8,81.0,109.6,1.0,0.0,0.2,0.0,0.0,4.1,48.2,294.1,6.2,11.9,263.0,1009.4,1009.4,2.7,5.3
2024-07-24 18:30:00+02:00,21.7,21.7,20.4,12.0,54.0,29.8,81.0,107.3,0.0,0.0,0.2,0.0,0.0,4.1,48.2,294.1,10.0,19.1,286.0,1009.3,1009.3,2.7,5.3
2024-07-24 18:35:00+02:00,21.6,21.6,21.7,12.1,55.0,29.8,81.0,107.5,0.0,0.0,0.2,0.0,0.0,4.1,48.2,294.1,3.2,12.2,268.0,1009.2,1009.2,2.7,5.3
2024-07-24 18:40:00+02:00,21.7,21.7,21.0,12.1,54.0,29.7,81.0,96.0,0.0,0.0,0.2,0.0,0.0,4.1,48.2,294.1,6.6,12.6,279.0,1009.4,1009.4,2.7,5.3
2024-07-24 18:45:00+02:00,21.4,21.4,20.6,11.8,54.0,29.7,81.0,100.9,0.0,0.0,0.2,0.0,0.0,4.1,48.2,294.1,6.9,18.7,275.0,1009.3,1009.3,2.7,5.3
2024-07-24 18:50:00+02:00,21.4,21.4,20.9,11.8,54.0,29.6,81.0,94.3,0.0,0.0,0.2,0.0,0.0,4.1,48.2,294.1,5.7,13.7,275.0,1009.2,1009.2,2.7,5.3
2024-07-24 18:55:00+02:00,21.5,21.5,20.7,11.7,54.0,29.5,81.0,81.3,0.0,0.0,0.2,0.0,0.0,4.1,48.2,294.1,6.7,11.5,299.0,1009.3,1009.3,2.7,5.3
2024-07-24 19:00:00+02:00,21.4,21.4,20.9,11.5,53.0,29.5,81.0,78.1,0.0,0.0,0.2,0.0,0.0,4.1,48.2,294.1,5.2,11.5,277.0,1009.4,1009.4,2.7,5.3
2024-07-24 19:05:00+02:00,21.4,21.4,20.6,11.4,53.0,29.4,81.0,75.5,0.0,0.0,0.2,0.0,0.0,4.1,48.2,294.1,6.1,11.5,266.0,1009.2,1009.2,2.7,5.2
2024-07-24 19:10:00+02:00,21.3,21.3,20.6,11.5,54.0,29.3,81.0,80.5,0.0,0.0,0.2,0.0,0.0,4.1,48.2,294.1,6.3,11.5,275.0,1009.3,1009.3,2.7,5.2
2024-07-24 19:15:00+02:00,21.4,21.4,21.2,11.0,52.0,29.3,81.0,74.0,0.0,0.0,0.2,0.0,0.0,4.1,48.2,294.1,2.4,7.9,264.0,1009.3,1009.3,2.7,5.2
2024-07-24 19:20:00+02:00,21.3,21.3,20.4,10.7,51.0,29.2,81.0,67.7,0.0,0.0,0.2,0.0,0.0,4.1,48.2,294.1,5.9,9.4,275.0,1009.3,1009.3,2.7,5.2
2024-07-24 19:25:00+02:00,21.2,21.2,20.6,10.5,50.0,29.2,81.0,60.1,0.0,0.0,0.2,0.0,0.0,4.1,48.2,294.1,4.0,9.7,295.0,1009.3,1009.3,2.7,5.2
2024-07-24 19:30:00+02:00,21.2,21.2,19.7,10.6,51.0,29.1,81.0,56.0,0.0,0.0,0.2,0.0,0.0,4.1,48.2,294.1,8.6,16.2,315.0,1009.2,1009.2,2.7,5.2
2024-07-24 19:35:00+02:00,21.1,21.1,20.0,10.5,51.0,29.0,81.0,52.6,0.0,0.0,0.2,0.0,0.0,4.1,48.2,294.1,6.6,13.7,268.0,1009.3,1009.3,2.7,5.2
2024-07-24 19:40:00+02:00,21.0,21.0,20.0,10.4,51.0,29.0,81.0,50.8,0.0,0.0,0.2,0.0,0.0,4.1,48.2,294.1,5.8,9.4,278.0,1009.3,1009.3,2.7,5.2
2024-07-24 19:45:00+02:00,21.0,21.0,20.4,10.7,52.0,28.9,81.0,49.0,0.0,0.0,0.2,0.0,0.0,4.1,48.2,294.1,4.1,9.4,286.0,1009.3,1009.3,2.7,5.2
2024-07-24 19:50:00+02:00,20.9,20.9,20.2,10.4,51.0,28.8,81.0,47.4,0.0,0.0,0.2,0.0,0.0,4.1,48.2,294.1,4.2,9.4,287.0,1009.3,1009.3,2.7,5.2
2024-07-24 19:55:00+02:00,20.8,20.8,19.8,10.5,52.0,28.7,81.0,45.5,0.0,0.0,0.2,0.0,0.0,4.1,48.2,294.1,6.4,13.0,286.0,1009.2,1009.2,2.7,5.2
2024-07-24 20:00:00+02:00,20.8,20.8,19.5,10.2,51.0,28.7,81.0,42.8,0.0,0.0,0.2,0.0,0.0,4.1,48.2,294.1,6.8,15.5,280.0,1009.3,1009.3,2.7,5.2
2024-07-24 20:05:00+02:00,20.7,20.7,20.0,10.3,51.0,28.6,81.0,39.3,0.0,0.0,0.2,0.0,0.0,4.1,48.2,294.1,4.4,10.1,256.0,1009.3,1009.3,2.7,5.2
2024-07-24 20:10:00+02:00,20.7,20.7,19.7,10.3,52.0,28.5,80.0,36.1,0.0,0.0,0.2,0.0,0.0,4.1,48.2,294.1,5.6,13.0,302.0,1009.3,1009.3,2.7,5.2
2024-07-24 20:15:00+02:00,20.5,20.5,19.8,10.3,52.0,28.5,80.0,33.1,0.0,0.0,0.2,0.0,0.0,4.1,48.2,294.1,4.4,12.2,285.0,1009.4,1009.4,2.7,5.2
2024-07-24 20:20:00+02:00,20.4,20.4,19.9,10.6,53.0,28.4,80.0,30.7,0.0,0.0,0.2,0.0,0.0,4.1,48.2,294.1,4.0,7.9,277.0,1009.3,1009.3,2.7,5.2
2024-07-24 20:25:00+02:00,20.3,20.3,19.8,10.7,54.0,28.3,80.0,28.3,0.0,0.0,0.2,0.0,0.0,4.1,48.2,294.1,4.0,7.6,294.0,1009.3,1009.3,2.7,5.2
2024-07-24 20:30:00+02:00,20.2,20.2,19.6,10.6,54.0,28.2,80.0,25.6,0.0,0.0,0.2,0.0,0.0,4.1,48.2,294.1,4.2,9.7,278.0,1009.2,1009.2,2.7,5.2
2024-07-24 20:35:00+02:00,20.2,20.2,19.7,10.9,55.0,28.2,80.0,23.2,0.0,0.0,0.2,0.0,0.0,4.1,48.2,294.1,4.0,7.9,302.0,1009.2,1009.2,2.7,5.2
2024-07-24 20:40:00+02:00,20.0,20.0,19.9,11.0,56.0,28.1,80.0,21.4,0.0,0.0,0.2,0.0,0.0,4.1,48.2,294.1,2.7,6.1,272.0,1009.2,1009.2,2.7,5.2
2024-07-24 20:45:00+02:00,19.9,19.9,19.9,11.2,57.0,28.0,80.0,18.9,0.0,0.0,0.2,0.0,0.0,4.1,48.2,294.1,1.9,4.0,261.0,1009.1,1009.1,2.7,5.2
2024-07-24 20:50:00+02:00,19.7,19.7,19.8,11.6,60.0,27.9,80.0,16.1,0.0,0.0,0.2,0.0,0.0,4.1,48.2,294.1,1.5,4.0,295.0,1009.2,1009.2,2.7,5.2
2024-07-24 20:55:00+02:00,19.4,19.4,19.7,11.7,61.0,27.8,80.0,13.6,0.0,0.0,0.2,0.0,0.0,4.1,48.2,294.1,1.3,4.3,272.0,1009.2,1009.2,2.7,5.2
2024-07-24 21:00:00+02:00,19.3,19.3,19.5,11.7,61.0,27.8,80.0,11.3,0.0,0.0,0.2,0.0,0.0,4.1,48.2,294.1,1.8,4.7,290.0,1009.3,1009.3,2.7,5.2
2024-07-24 21:05:00+02:00,19.2,19.2,19.5,12.0,63.0,27.7,80.0,9.3,0.0,0.0,0.2,0.0,0.0,4.1,48.2,294.1,1.6,4.0,324.0,1009.3,1009.3,2.7,5.2
2024-07-24 21:10:00+02:00,19.1,19.1,19.0,11.8,63.0,27.6,80.0,7.6,0.0,0.0,0.2,0.0,0.0,4.1,48.2,294.1,3.0,6.5,304.0,1009.3,1009.3,2.7,5.2
2024-07-24 21:15:00+02:00,19.0,19.0,19.0,11.7,62.0,27.5,80.0,5.8,0.0,0.0,0.2,0.0,0.0,4.1,48.2,294.1,2.7,5.4,298.0,1009.2,1009.2,2.7,5.2
2024-07-24 21:20:00+02:00,18.9,18.9,19.4,11.7,63.0,27.4,80.0,4.3,0.0,0.0,0.2,0.0,0.0,4.1,48.2,294.1,0.5,3.6,290.0,1009.3,1009.3,2.7,5.2
2024-07-24 21:25:00+02:00,18.6,18.6,19.3,12.1,66.0,27.3,80.0,2.9,0.0,0.0,0.2,0.0,0.0,4.1,48.2,294.1,0.0,1.8,123.0,1009.4,1009.4,2.7,5.2
2024-07-24 21:30:00+02:00,18.1,18.1,18.7,12.1,68.0,27.3,80.0,2.0,0.0,0.0,0.2,0.0,0.0,4.1,48.2,294.1,0.4,2.2,104.0,1009.4,1009.4,2.7,5.2
2024-07-24 21:35:00+02:00,17.7,17.7,18.2,12.1,70.0,27.2,80.0,1.3,0.0,0.0,0.2,0.0,0.0,4.1,48.2,294.1,0.5,2.9,111.0,1009.5,1009.5,2.7,5.2
2024-07-24 21:40:00+02:00,17.4,17.4,18.0,12.1,71.0,27.1,80.0,0.8,0.0,0.0,0.2,0.0,0.0,4.1,48.2,294.1,0.4,2.5,124.0,1009.5,1009.5,2.7,5.2
2024-07-24 21:45:00+02:00,17.1,17.1,17.7,12.2,73.0,27.0,80.0,0.5,0.0,0.0,0.2,0.0,0.0,4.1,48.2,294.1,0.4,2.5,123.0,1009.5,1009.5,2.7,5.2
2024-07-24 21:50:00+02:00,16.9,16.9,17.4,12.1,73.0,26.8,80.0,0.2,0.0,0.0,0.2,0.0,0.0,4.1,48.2,294.1,0.8,2.5,115.0,1009.5,1009.5,2.7,5.2
2024-07-24 21:55:00+02:00,16.6,16.6,16.9,12.1,75.0,26.8,80.0,0.1,0.0,0.0,0.2,0.0,0.0,4.1,48.2,294.1,1.6,2.5,120.0,1009.6,1009.6,2.7,5.2
2024-07-24 22:00:00+02:00,16.4,16.4,16.7,12.4,77.0,26.7,80.0,0.0,0.0,0.0,0.2,0.0,0.0,4.1,48.2,294.1,2.3,3.2,112.0,1009.6,1009.6,2.7,5.2
2024-07-24 22:05:00+02:00,16.2,16.2,16.5,12.2,77.0,26.5,80.0,0.0,0.0,0.0,0.2,0.0,0.0,4.1,48.2,294.1,2.0,2.9,118.0,1009.7,1009.7,2.7,5.1
2024-07-24 22:10:00+02:00,16.0,16.0,16.5,12.1,78.0,26.4,80.0,0.0,0.0,0.0,0.2,0.0,0.0,4.1,48.2,294.1,0.9,3.2,108.0,1009.5,1009.5,2.7,5.1
2024-07-24 22:15:00+02:00,15.8,15.8,16.3,12.2,79.0,26.3,80.0,0.0,0.0,0.0,0.2,0.0,0.0,4.1,48.2,294.1,1.2,2.9,117.0,1009.7,1009.7,2.7,5.1
2024-07-24 22:20:00+02:00,15.7,15.7,15.9,12.2,80.0,26.2,80.0,0.0,0.0,0.0,0.2,0.0,0.0,4.1,48.2,294.1,2.4,3.2,110.0,1009.7,1009.7,2.7,5.1
2024-07-24 22:25:00+02:00,15.5,15.5,15.7,12.3,81.0,26.1,80.0,0.0,0.0,0.0,0.2,0.0,0.0,4.1,48.2,294.1,2.2,3.2,130.0,1009.7,1009.7,2.7,5.1
2024-07-24 22:30:00+02:00,15.3,15.3,15.8,12.3,82.0,26.0,79.0,0.0,0.0,0.0,0.2,0.0,0.0,4.1,48.2,294.1,1.0,2.9,124.0,1009.6,1009.6,2.7,5.1
2024-07-24 22:35:00+02:00,15.2,15.2,15.5,12.3,83.0,25.9,79.0,0.0,0.0,0.0,0.2,0.0,0.0,4.1,48.2,294.1,2.0,2.9,123.0,1009.7,1009.7,2.7,5.1
2024-07-24 22:40:00+02:00,15.0,15.0,15.3,12.3,84.0,25.8,79.0,0.0,0.0,0.0,0.2,0.0,0.0,4.1,48.2,294.1,2.2,3.2,126.0,1009.6,1009.6,2.7,5.1
2024-07-24 22:45:00+02:00,14.9,14.9,15.2,12.2,84.0,25.7,79.0,0.0,0.0,0.0,0.2,0.0,0.0,4.1,48.2,294.1,1.8,3.6,117.0,1009.7,1009.7,2.7,5.1
2024-07-24 22:50:00+02:00,14.8,14.8,15.5,12.3,85.0,25.5,79.0,0.0,0.0,0.0,0.2,0.0,0.0,4.1,48.2,294.1,0.0,3.6,116.0,1009.5,1009.5,2.7,5.1
2024-07-24 22:55:00+02:00,14.5,14.5,15.0,12.1,85.0,25.4,79.0,0.0,0.0,0.0,0.2,0.0,0.0,4.1,48.2,294.1,1.1,2.5,117.0,1009.5,1009.5,2.7,5.1
2024-07-24 23:00:00+02:00,14.4,14.4,14.7,12.1,86.0,25.3,79.0,0.0,0.0,0.0,0.2,0.0,0.0,4.1,48.2,294.1,1.7,2.9,109.0,1009.6,1009.6,2.7,5.1
2024-07-24 23:05:00+02:00,14.3,14.3,14.8,12.2,87.0,25.2,79.0,0.0,0.0,0.0,0.2,0.0,0.0,4.1,48.2,294.1,1.1,2.9,119.0,1009.5,1009.5,2.7,5.1
2024-07-24 23:10:00+02:00,14.2,14.2,14.5,12.3,88.0,25.1,79.0,0.0,0.0,0.0,0.2,0.0,0.0,4.1,48.2,294.1,2.0,3.6,109.0,1009.6,1009.6,2.7,5.1
2024-07-24 23:15:00+02:00,14.2,14.2,14.4,12.3,88.0,25.0,79.0,0.0,0.0,0.0,0.2,0.0,0.0,4.1,48.2,294.1,2.5,3.2,106.0,1009.6,1009.6,2.7,5.1
2024-07-24 23:20:00+02:00,14.1,14.1,14.6,12.3,89.0,24.9,79.0,0.0,0.0,0.0,0.2,0.0,0.0,4.1,48.2,294.1,1.2,2.9,108.0,1009.5,1009.5,2.7,5.1
2024-07-24 23:25:00+02:00,14.0,14.0,14.4,12.2,89.0,24.8,79.0,0.0,0.0,0.0,0.2,0.0,0.0,4.1,48.2,294.1,1.7,2.9,114.0,1009.5,1009.5,2.7,5.1
2024-07-24 23:30:00+02:00,13.9,13.9,14.1,12.1,89.0,24.7,79.0,0.0,0.0,0.0,0.2,0.0,0.0,4.1,48.2,294.1,2.4,3.6,111.0,1009.6,1009.6,2.7,5.1
2024-07-24 23:35:00+02:00,13.9,13.9,14.2,12.2,89.0,24.6,79.0,0.0,0.0,0.0,0.2,0.0,0.0,4.1,48.2,294.1,2.1,2.9,114.0,1009.4,1009.4,2.7,5.1
2024-07-24 23:40:00+02:00,13.9,13.9,14.1,12.3,90.0,24.5,79.0,0.0,0.0,0.0,0.2,0.0,0.0,4.1,48.2,294.1,2.6,2.9,118.0,1009.4,1009.4,2.7,5.1
2024-07-24 23:45:00+02:00,13.7,13.7,13.9,12.1,90.0,24.4,79.0,0.0,0.0,0.0,0.2,0.0,0.0,4.1,48.2,294.1,2.4,3.6,125.0,1009.4,1009.4,2.7,5.1
2024-07-24 23:50:00+02:00,13.7,13.7,13.9,12.0,90.0,24.3,79.0,0.0,0.0,0.0,0.2,0.0,0.0,4.1,48.2,294.1,1.9,2.5,111.0,1009.4,1009.4,2.7,5.1
2024-07-24 23:55:00+02:00,13.6,13.6,13.8,12.1,91.0,24.2,79.0,0.0,0.0,0.0,0.2,0.0,0.0,4.1,48.2,294.1,2.0,3.2,121.0,1009.4,1009.4,2.7,5.0
2024-07-25 00:00:00+02:00,13.4,13.4,13.8,12.0,91.0,24.1,79.0,0.0,0.0,0.0,0.0,0.0,0.0,4.1,48.2,294.1,1.4,3.2,118.0,1009.3,1009.3,2.7,5.0
2024-07-25 00:05:00+02:00,13.4,13.4,13.7,12.1,92.0,24.0,79.0,0.0,0.0,0.0,0.0,0.0,0.0,4.1,48.2,294.1,1.8,2.9,123.0,1009.3,1009.3,2.7,5.0
2024-07-25 00:10:00+02:00,13.3,13.3,13.5,12.0,92.0,23.9,79.0,0.0,0.0,0.0,0.0,0.0,0.0,4.1,48.2,294.1,2.3,2.9,121.0,1009.3,1009.3,2.7,5.0
2024-07-25 00:15:00+02:00,13.3,13.3,13.4,12.1,92.0,23.8,79.0,0.0,0.0,0.0,0.0,0.0,0.0,4.1,48.2,294.1,2.8,4.0,115.0,1009.3,1009.3,2.7,5.0
2024-07-25 00:20:00+02:00,13.3,13.3,13.5,12.2,93.0,23.7,79.0,0.0,0.0,0.0,0.0,0.0,0.0,4.1,48.2,294.1,2.7,4.0,123.0,1009.2,1009.2,2.7,5.0
2024-07-25 00:25:00+02:00,13.2,13.2,13.5,12.1,93.0,23.6,79.0,0.0,0.0,0.0,0.0,0.0,0.0,4.1,48.2,294.1,1.8,3.2,121.0,1009.2,1009.2,2.7,5.0
2024-07-25 00:30:00+02:00,13.0,13.0,13.3,11.9,93.0,23.5,79.0,0.0,0.0,0.0,0.0,0.0,0.0,4.1,48.2,294.1,1.7,2.5,123.0,1009.2,1009.2,2.7,5.0
2024-07-25 00:35:00+02:00,12.9,12.9,13.4,11.8,93.0,23.4,79.0,0.0,0.0,0.0,0.0,0.0,0.0,4.1,48.2,294.1,0.4,2.2,127.0,1009.2,1009.2,2.7,5.0
2024-07-25 00:40:00+02:00,12.8,12.8,13.2,11.7,93.0,23.4,79.0,0.0,0.0,0.0,0.0,0.0,0.0,4.1,48.2,294.1,1.2,2.5,126.0,1009.1,1009.1,2.7,5.0
2024-07-25 00:45:00+02:00,12.8,12.8,13.0,11.9,94.0,23.3,79.0,0.0,0.0,0.0,0.0,0.0,0.0,4.1,48.2,294.1,1.9,2.9,122.0,1009.0,1009.0,2.7,5.0
2024-07-25 00:50:00+02:00,12.9,12.9,13.1,11.9,94.0,23.2,79.0,0.0,0.0,0.0,0.0,0.0,0.0,4.1,48.2,294.1,2.4,3.2,121.0,1009.1,1009.1,2.7,5.0
2024-07-25 00:55:00+02:00,12.8,12.8,13.1,11.9,94.0,23.2,79.0,0.0,0.0,0.0,0.0,0.0,0.0,4.1,48.2,294.1,1.7,2.9,122.0,1009.2,1009.2,2.7,5.0
2024-07-25 01:00:00+02:00,12.7,12.7,13.1,11.8,94.0,23.0,79.0,0.0,0.0,0.0,0.0,0.0,0.0,4.1,48.2,294.1,0.7,2.5,126.0,1009.1,1009.1,2.7,5.0
2024-07-25 01:05:00+02:00,12.7,12.7,13.2,11.8,95.0,22.9,79.0,0.0,0.0,0.0,0.0,0.0,0.0,4.1,48.2,294.1,0.0,1.8,89.0,1009.1,1009.1,2.7,5.0
2024-07-25 01:10:00+02:00,12.6,12.6,13.1,11.8,95.0,22.8,79.0,0.0,0.0,0.0,0.0,0.0,0.0,4.1,48.2,294.1,0.4,2.2,130.0,1009.1,1009.1,2.7,5.0
2024-07-25 01:15:00+02:00,12.4,12.4,12.8,11.6,95.0,22.8,79.0,0.0,0.0,0.0,0.0,0.0,0.0,4.1,48.2,294.1,0.7,2.2,121.0,1008.9,1008.9,2.7,5.0
2024-07-25 01:20:00+02:00,12.4,12.4,12.6,11.6,95.0,22.7,79.0,0.0,0.0,0.0,0.0,0.0,0.0,4.1,48.2,294.1,1.7,3.2,108.0,1008.9,1008.9,2.7,5.0
2024-07-25 01:25:00+02:00,12.5,12.5,12.8,11.7,95.0,22.7,79.0,0.0,0.0,0.0,0.0,0.0,0.0,4.1,48.2,294.1,1.3,3.2,103.0,1008.9,1008.9,2.7,5.0
2024-07-25 01:30:00+02:00,12.3,12.3,12.9,11.6,95.0,22.6,79.0,0.0,0.0,0.0,0.0,0.0,0.0,4.1,48.2,294.1,0.0,2.2,103.0,1008.9,1008.9,2.7,5.0
2024-07-25 01:35:00+02:00,12.2,12.2,12.7,11.6,96.0,22.5,79.0,0.0,0.0,0.0,0.0,0.0,0.0,4.1,48.2,294.1,0.0,2.2,110.0,1008.9,1008.9,2.7,4.9
2024-07-25 01:40:00+02:00,12.4,12.4,12.4,11.8,96.0,22.4,79.0,0.0,0.0,0.0,0.0,0.0,0.0,4.1,48.2,294.1,2.9,4.0,105.0,1009.0,1009.0,2.7,4.9
2024-07-25 01:45:00+02:00,12.4,12.4,12.6,11.8,96.0,22.4,79.0,0.0,0.0,0.0,0.0,0.0,0.0,4.1,48.2,294.1,1.9,4.0,111.0,1008.9,1008.9,2.7,4.9
2024-07-25 01:50:00+02:00,12.3,12.3,12.9,11.7,96.0,22.3,79.0,0.0,0.0,0.0,0.0,0.0,0.0,4.1,48.2,294.1,0.0,2.2,105.0,1008.9,1008.9,2.7,4.9
2024-07-25 01:55:00+02:00,12.2,12.2,12.7,11.6,96.0,22.2,79.0,0.0,0.0,0.0,0.0,0.0,0.0,4.1,48.2,294.1,0.4,2.2,98.0,1009.0,1009.0,2.7,4.9
2024-07-25 02:00:00+02:00,12.2,12.2,12.7,11.6,96.0,22.1,79.0,0.0,0.0,0.0,0.0,0.0,0.0,4.1,48.2,294.1,0.4,2.2,120.0,1009.0,1009.0,2.7,4.9
2024-07-25 02:05:00+02:00,12.3,12.3,12.5,11.7,96.0,22.0,79.0,0.0,0.0,0.0,0.0,0.0,0.0,4.1,48.2,294.1,1.2,2.5,98.0,1008.9,1008.9,2.7,4.9
2024-07-25 02:10:00+02:00,12.4,12.4,12.8,11.8,96.0,22.0,79.0,0.0,0.0,0.0,0.0,0.0,0.0,4.1,48.2,294.1,0.7,2.5,117.0,1008.8,1008.8,2.7,4.9
2024-07-25 02:15:00+02:00,12.3,12.3,12.7,11.7,96.0,21.9,79.0,0.0,0.0,0.0,0.0,0.0,0.0,4.1,48.2,294.1,0.8,2.5,105.0,1008.8,1008.8,2.7,4.9
2024-07-25 02:20:00+02:00,12.3,12.3,12.5,11.7,96.0,21.9,79.0,0.0,0.0,0.0,0.0,0.0,0.0,4.1,48.2,294.1,1.9,3.2,101.0,1008.8,1008.8,2.7,4.9
2024-07-25 02:25:00+02:00,12.2,12.2,12.3,11.6,96.0,21.8,79.0,0.0,0.0,0.0,0.0,0.0,0.0,4.1,48.2,294.1,2.4,3.6,106.0,1008.7,1008.7,2.7,4.9
2024-07-25 02:30:00+02:00,12.2,12.2,12.4,11.6,96.0,21.7,79.0,0.0,0.0,0.0,0.0,0.0,0.0,4.1,48.2,294.1,1.6,2.9,104.0,1008.7,1008.7,2.7,4.9
2024-07-25 02:35:00+02:00,12.2,12.2,12.6,11.6,96.0,21.7,79.0,0.0,0.0,0.0,0.0,0.0,0.0,4.1,48.2,294.1,0.0,2.5,122.0,1008.7,1008.7,2.7,4.9
2024-07-25 02:40:00+02:00,12.0,12.0,12.4,11.4,96.0,21.6,79.0,0.0,0.0,0.0,0.0,0.0,0.0,4.1,48.2,294.1,0.0,2.2,82.0,1008.7,1008.7,2.7,4.9
2024-07-25 02:45:00+02:00,12.0,12.0,12.4,11.4,96.0,21.5,79.0,0.0,0.0,0.0,0.0,0.0,0.0,4.1,48.2,294.1,0.0,0.0,129.0,1008.7,1008.7,2.7,4.9
2024-07-25 02:50:00+02:00,12.2,12.2,12.7,11.7,96.0,21.4,79.0,0.0,0.0,0.0,0.0,0.0,0.0,4.1,48.2,294.1,0.0,0.0,129.0,1008.6,1008.6,2.7,4.9
2024-07-25 02:55:00+02:00,12.0,12.0,12.5,11.5,96.0,21.4,79.0,0.0,0.0,0.0,0.0,0.0,0.0,4.1,48.2,294.1,0.0,1.8,114.0,1008.6,1008.6,2.7,4.9
2024-07-25 03:00:00+02:00,12.0,12.0,12.4,11.6,97.0,21.3,79.0,0.0,0.0,0.0,0.0,0.0,0.0,4.1,48.2,294.1,0.9,2.5,117.0,1008.6,1008.6,2.7,4.9
2024-07-25 03:05:00+02:00,12.1,12.1,12.4,11.7,97.0,21.2,79.0,0.0,0.0,0.0,0.0,0.0,0.0,4.1,48.2,294.1,1.2,2.5,112.0,1008.4,1008.4,2.7,4.9
2024-07-25 03:10:00+02:00,12.0,12.0,12.3,11.5,97.0,21.2,79.0,0.0,0.0,0.0,0.0,0.0,0.0,4.1,48.2,294.1,0.8,2.2,120.0,1008.2,1008.2,2.7,4.9
2024-07-25 03:15:00+02:00,11.9,11.9,12.1,11.4,97.0,21.2,79.0,0.0,0.0,0.0,0.0,0.0,0.0,4.1,48.2,294.1,1.5,2.5,124.0,1008.2,1008.2,2.7,4.9
2024-07-25 03:20:00+02:00,12.0,12.0,12.1,11.5,97.0,21.1,79.0,0.0,0.0,0.0,0.0,0.0,0.0,4.1,48.2,294.1,1.9,2.9,120.0,1008.3,1008.3,2.7,4.9
2024-07-25 03:25:00+02:00,11.8,11.8,12.1,11.3,97.0,21.0,79.0,0.0,0.0,0.0,0.0,0.0,0.0,4.1,48.2,294.1,0.4,2.5,122.0,1008.4,1008.4,2.7,4.8
2024-07-25 03:30:00+02:00,11.7,11.7,12.0,11.3,97.0,21.0,79.0,0.0,0.0,0.0,0.0,0.0,0.0,4.1,48.2,294.1,0.4,2.5,123.0,1008.4,1008.4,2.7,4.8
2024-07-25 03:35:00+02:00,11.7,11.7,11.9,11.3,97.0,20.9,79.0,0.0,0.0,0.0,0.0,0.0,0.0,4.1,48.2,294.1,1.5,2.5,115.0,1008.5,1008.5,2.7,4.8
2024-07-25 03:40:00+02:00,11.8,11.8,11.8,11.4,97.0,20.8,80.0,0.0,0.0,0.0,0.0,0.0,0.0,4.1,48.2,294.1,2.4,2.9,120.0,1008.3,1008.3,2.7,4.8
2024-07-25 03:45:00+02:00,11.8,11.8,11.9,11.3,97.0,20.8,79.0,0.0,0.0,0.0,0.0,0.0,0.0,4.1,48.2,294.1,1.6,2.9,115.0,1008.1,1008.1,2.7,4.8
2024-07-25 03:50:00+02:00,11.8,11.8,11.7,11.3,97.0,20.8,79.0,0.0,0.0,0.0,0.0,0.0,0.0,4.1,48.2,294.1,2.4,3.6,115.0,1008.1,1008.1,2.7,4.8
2024-07-25 03:55:00+02:00,11.8,11.8,11.8,11.3,97.0,20.7,79.0,0.0,0.0,0.0,0.0,0.0,0.0,4.1,48.2,294.1,2.2,3.6,119.0,1008.2,1008.2,2.7,4.8
2024-07-25 04:00:00+02:00,11.8,11.8,11.8,11.3,97.0,20.6,79.0,0.0,0.0,0.0,0.0,0.0,0.0,4.1,48.2,294.1,2.2,3.2,113.0,1008.2,1008.2,2.7,4.8
2024-07-25 04:05:00+02:00,11.7,11.7,11.9,11.2,97.0,20.6,79.0,0.0,0.0,0.0,0.0,0.0,0.0,4.1,48.2,294.1,0.7,2.5,126.0,1008.0,1008.0,2.7,4.8
2024-07-25 04:10:00+02:00,11.5,11.5,11.8,11.1,97.0,20.5,79.0,0.0,0.0,0.0,0.0,0.0,0.0,4.1,48.2,294.1,0.7,2.5,119.0,1008.1,1008.1,2.7,4.8
2024-07-25 04:15:00+02:00,11.5,11.5,11.8,11.2,97.0,20.4,79.0,0.0,0.0,0.0,0.0,0.0,0.0,4.1,48.2,294.1,0.4,2.5,129.0,1008.1,1008.1,2.7,4.8
2024-07-25 04:20:00+02:00,11.5,11.5,11.7,11.2,98.0,20.4,79.0,0.0,0.0,0.0,0.0,0.0,0.0,4.1,48.2,294.1,1.2,2.9,115.0,1008.1,1008.1,2.7,4.8
2024-07-25 04:25:00+02:00,11.7,11.7,11.7,11.4,98.0,20.3,80.0,0.0,0.0,0.0,0.0,0.0,0.0,4.1,48.2,294.1,2.2,2.9,124.0,1008.0,1008.0,2.7,4.8
2024-07-25 04:30:00+02:00,11.7,11.7,11.8,11.4,98.0,20.3,80.0,0.0,0.0,0.0,0.0,0.0,0.0,4.1,48.2,294.1,1.7,2.9,116.0,1008.0,1008.0,2.7,4.8
2024-07-25 04:35:00+02:00,11.7,11.7,11.9,11.4,98.0,20.3,79.0,0.0,0.0,0.0,0.0,0.0,0.0,4.1,48.2,294.1,1.2,2.5,120.0,1007.9,1007.9,2.7,4.8
2024-07-25 04:40:00+02:00,11.5,11.5,11.8,11.2,98.0,20.2,79.0,0.0,0.0,0.0,0.0,0.0,0.0,4.1,48.2,294.1,0.4,2.2,108.0,1008.0,1008.0,2.7,4.8
2024-07-25 04:45:00+02:00,11.5,11.5,11.5,11.3,98.0,20.2,80.0,0.0,0.0,0.0,0.0,0.0,0.0,4.1,48.2,294.1,2.0,3.6,115.0,1008.0,1008.0,2.7,4.8
2024-07-25 04:50:00+02:00,11.6,11.6,11.5,11.3,98.0,20.1,79.0,0.0,0.0,0.0,0.0,0.0,0.0,4.1,48.2,294.1,2.4,3.2,116.0,1007.9,1007.9,2.7,4.8
2024-07-25 04:55:00+02:00,11.6,11.6,11.8,11.3,98.0,20.1,80.0,0.0,0.0,0.0,0.0,0.0,0.0,4.1,48.2,294.1,1.2,2.5,109.0,1008.0,1008.0,2.72,4.8
2024-07-25 05:00:00+02:00,11.6,11.6,11.6,11.3,98.0,20.0,79.0,0.0,0.0,0.0,0.0,0.0,0.0,4.1,48.2,294.1,1.9,2.9,121.0,1007.9,1007.9,2.72,4.8
2024-07-25 05:05:00+02:00,11.5,11.5,11.8,11.2,98.0,20.0,79.0,0.0,0.0,0.0,0.0,0.0,0.0,4.1,48.2,294.1,0.4,2.2,122.0,1007.9,1007.9,2.7,4.8
2024-07-25 05:10:00+02:00,11.6,11.6,11.8,11.3,98.0,19.9,80.0,0.0,0.0,0.0,0.0,0.0,0.0,4.1,48.2,294.1,0.7,2.5,125.0,1007.9,1007.9,2.7,4.8
2024-07-25 05:15:00+02:00,11.4,11.4,11.7,11.1,98.0,19.9,80.0,0.1,0.0,0.0,0.0,0.0,0.0,4.1,48.2,294.1,0.4,1.8,125.0,1007.9,1007.9,2.7,4.7
2024-07-25 05:20:00+02:00,11.3,11.3,11.5,11.0,98.0,19.8,80.0,0.2,0.0,0.0,0.0,0.0,0.0,4.1,48.2,294.1,0.8,2.5,126.0,1007.9,1007.9,2.7,4.7
2024-07-25 05:25:00+02:00,11.5,11.5,11.5,11.3,98.0,19.8,80.0,0.4,0.0,0.0,0.0,0.0,0.0,4.1,48.2,294.1,2.1,3.6,123.0,1007.7,1007.7,2.7,4.7
2024-07-25 05:30:00+02:00,11.5,11.5,11.5,11.2,98.0,19.7,80.0,0.7,0.0,0.0,0.0,0.0,0.0,4.1,48.2,294.1,1.9,2.9,118.0,1007.6,1007.6,2.7,4.7
2024-07-25 05:35:00+02:00,11.5,11.5,11.5,11.2,98.0,19.7,80.0,1.2,0.0,0.0,0.0,0.0,0.0,4.1,48.2,294.1,1.7,2.9,114.0,1007.6,1007.6,2.7,4.7
2024-07-25 05:40:00+02:00,11.5,11.5,11.5,11.2,98.0,19.7,79.0,1.8,0.0,0.0,0.0,0.0,0.0,4.1,48.2,294.1,2.0,2.9,118.0,1007.7,1007.7,2.7,4.7
2024-07-25 05:45:00+02:00,11.5,11.5,11.5,11.2,98.0,19.6,80.0,2.5,0.0,0.0,0.0,0.0,0.0,4.1,48.2,294.1,2.2,2.9,115.0,1007.6,1007.6,2.7,4.7
2024-07-25 05:50:00+02:00,11.5,11.5,11.5,11.3,98.0,19.6,80.0,3.5,0.0,0.0,0.0,0.0,0.0,4.1,48.2,294.1,2.2,3.6,120.0,1007.7,1007.7,2.7,4.7
2024-07-25 05:55:00+02:00,11.6,11.6,11.5,11.3,98.0,19.5,80.0,4.7,0.0,0.0,0.0,0.0,0.0,4.1,48.2,294.1,2.5,4.0,120.0,1007.6,1007.6,2.7,4.7
2024-07-25 06:00:00+02:00,11.6,11.6,11.8,11.3,98.0,19.5,80.0,6.3,0.0,0.0,0.0,0.0,0.0,4.1,48.2,294.1,1.2,2.9,119.0,1007.5,1007.5,2.7,4.7
2024-07-25 06:05:00+02:00,11.5,11.5,11.8,11.2,98.0,19.5,80.0,8.1,0.0,0.0,0.0,0.0,0.0,4.1,48.2,294.1,0.4,2.2,117.0,1007.5,1007.5,2.7,4.7
2024-07-25 06:10:00+02:00,11.5,11.5,11.7,11.2,98.0,19.4,80.0,9.9,0.0,0.0,0.0,0.0,0.0,4.1,48.2,294.1,0.7,2.5,128.0,1007.4,1007.4,2.7,4.7
2024-07-25 06:15:00+02:00,11.5,11.5,11.9,11.2,98.0,19.4,80.0,12.0,0.0,0.0,0.0,0.0,0.0,4.1,48.2,294.1,0.0,2.5,120.0,1007.4,1007.4,2.7,4.7
2024-07-25 06:20:00+02:00,11.5,11.5,11.9,11.2,98.0,19.4,80.0,14.8,0.0,0.0,0.0,0.0,0.0,4.1,48.2,294.1,0.0,1.8,133.0,1007.4,1007.4,2.7,4.7
2024-07-25 06:25:00+02:00,11.8,11.8,12.3,11.5,98.0,19.3,80.0,18.3,0.0,0.0,0.0,0.0,0.0,4.1,48.2,294.1,0.0,0.0,63.0,1007.4,1007.4,2.7,4.7
2024-07-25 06:30:00+02:00,11.9,11.9,12.4,11.7,98.0,19.3,80.0,23.8,0.0,0.0,0.0,0.0,0.0,4.1,48.2,294.1,0.4,2.5,129.0,1007.3,1007.3,2.7,4.7
2024-07-25 06:35:00+02:00,12.0,12.0,12.5,11.7,98.0,19.3,80.0,25.3,0.0,0.0,0.0,0.0,0.0,4.1,48.2,294.1,0.0,1.8,126.0,1007.5,1007.5,2.7,4.7
2024-07-25 06:40:00+02:00,12.1,12.1,12.6,11.9,98.0,19.3,80.0,25.4,0.0,0.0,0.0,0.0,0.0,4.1,48.2,294.1,0.4,2.2,124.0,1007.5,1007.5,2.7,4.7
2024-07-25 06:45:00+02:00,12.3,12.3,12.9,12.0,98.0,19.3,80.0,26.6,0.0,0.0,0.0,0.0,0.0,4.1,48.2,294.1,0.0,2.2,125.0,1007.5,1007.5,2.7,4.7
2024-07-25 06:50:00+02:00,12.7,12.7,13.4,12.3,98.0,19.3,80.0,30.2,0.0,0.0,0.0,0.0,0.0,4.1,48.2,294.1,0.0,2.2,90.0,1007.5,1007.5,2.7,4.7
2024-07-25 06:55:00+02:00,12.8,12.8,13.3,12.5,98.0,19.3,80.0,36.1,0.0,0.0,0.0,0.0,0.0,4.1,48.2,294.1,1.2,2.9,119.0,1007.6,1007.6,2.7,4.7
2024-07-25 07:00:00+02:00,13.1,13.1,13.8,12.7,98.0,19.3,80.0,39.1,0.0,0.0,0.0,0.0,0.0,4.1,48.2,294.1,0.4,2.9,117.0,1007.5,1007.5,2.7,4.7
2024-07-25 07:05:00+02:00,13.2,13.2,14.1,12.9,98.0,19.3,81.0,46.2,0.0,0.0,0.0,0.0,0.0,4.1,48.2,294.1,0.0,2.2,108.0,1007.4,1007.4,2.7,4.7
2024-07-25 07:10:00+02:00,13.4,13.4,14.3,13.0,98.0,19.3,81.0,52.1,0.0,0.0,0.0,0.0,0.0,4.1,48.2,294.1,0.4,2.2,112.0,1007.3,1007.3,2.7,4.7
2024-07-25 07:15:00+02:00,13.6,13.6,14.5,13.2,98.0,19.4,81.0,53.5,0.0,0.0,0.0,0.0,0.0,4.1,48.2,294.1,0.4,2.5,115.0,1007.3,1007.3,2.7,4.7
2024-07-25 07:20:00+02:00,13.7,13.7,14.5,13.3,98.0,19.4,81.0,50.8,0.0,0.0,0.0,0.0,0.0,4.1,48.2,294.1,0.8,2.5,135.0,1007.2,1007.2,2.7,4.7
2024-07-25 07:25:00+02:00,13.7,13.7,14.4,13.3,98.0,19.4,81.0,52.4,0.0,0.0,0.0,0.0,0.0,4.1,48.2,294.1,1.7,3.6,124.0,1007.3,1007.3,2.7,4.7
2024-07-25 07:30:00+02:00,13.7,13.7,14.2,13.0,95.0,19.5,81.0,53.8,0.0,0.0,0.0,0.0,0.0,4.1,48.2,294.1,2.5,3.6,115.0,1007.2,1007.2,2.7,4.7
2024-07-25 07:35:00+02:00,14.1,14.1,14.6,13.0,93.0,19.5,81.0,51.1,0.0,0.0,0.0,0.0,0.0,4.1,48.2,294.1,2.1,2.9,116.0,1007.1,1007.1,2.7,4.7
2024-07-25 07:40:00+02:00,14.5,14.5,15.1,13.1,91.0,19.6,81.0,54.8,0.0,0.0,0.0,0.0,0.0,4.1,48.2,294.1,1.8,4.0,127.0,1007.1,1007.1,2.7,4.7
2024-07-25 07:45:00+02:00,14.8,14.8,15.7,13.1,89.0,19.7,81.0,62.8,0.0,0.0,0.0,0.0,0.0,4.1,48.2,294.1,0.7,4.0,120.0,1007.1,1007.1,2.7,4.8
2024-07-25 07:50:00+02:00,15.0,15.0,15.9,13.2,89.0,19.8,81.0,67.2,0.0,0.0,0.0,0.0,0.0,4.1,48.2,294.1,0.5,2.5,86.0,1007.1,1007.1,2.7,4.8
2024-07-25 07:55:00+02:00,15.3,15.3,15.9,13.2,87.0,19.8,81.0,96.5,0.0,0.0,0.0,0.0,0.0,4.1,48.2,294.1,2.2,5.0,117.0,1007.1,1007.1,2.7,4.8
2024-07-25 08:00:00+02:00,15.8,15.8,16.2,13.3,85.0,19.9,81.0,119.1,1.0,0.0,0.0,0.0,0.0,4.1,48.2,294.1,3.2,5.8,126.0,1007.2,1007.2,2.7,4.8
2024-07-25 08:05:00+02:00,16.2,16.2,16.6,13.2,82.0,19.9,82.0,120.8,1.0,0.0,0.0,0.0,0.0,4.1,48.2,294.1,3.1,5.4,130.0,1007.1,1007.1,2.7,4.8
2024-07-25 08:10:00+02:00,16.6,16.6,16.7,13.3,81.0,20.0,82.0,112.0,1.0,0.0,0.0,0.0,0.0,4.1,48.2,294.1,4.6,7.2,125.0,1007.2,1007.2,2.7,4.8
2024-07-25 08:15:00+02:00,16.8,16.8,17.0,13.3,80.0,20.1,82.0,107.5,0.0,0.0,0.0,0.0,0.0,4.1,48.2,294.1,4.4,9.0,127.0,1007.1,1007.1,2.7,4.9
2024-07-25 08:20:00+02:00,17.0,17.0,17.4,13.3,79.0,20.2,82.0,123.9,1.0,0.0,0.0,0.0,0.0,4.1,48.2,294.1,3.5,6.1,124.0,1007.1,1007.1,2.7,4.9
2024-07-25 08:25:00+02:00,17.3,17.3,18.1,13.6,79.0,20.3,82.0,134.7,1.0,0.0,0.0,0.0,0.0,4.1,48.2,294.1,1.9,4.3,110.0,1007.0,1007.0,2.7,4.9
2024-07-25 08:30:00+02:00,17.6,17.6,18.4,13.7,78.0,20.4,82.0,128.8,1.0,0.0,0.0,0.0,0.0,4.1,48.2,294.1,1.8,4.0,111.0,1007.1,1007.1,2.7,4.9
2024-07-25 08:35:00+02:00,17.9,17.9,18.6,13.7,77.0,20.5,82.0,112.5,1.0,0.0,0.0,0.0,0.0,4.1,48.2,294.1,2.3,5.0,129.0,1007.0,1007.0,2.7,5.0
2024-07-25 08:40:00+02:00,18.2,18.2,18.6,13.7,75.0,20.6,82.0,89.3,0.0,0.0,0.0,0.0,0.0,4.1,48.2,294.1,3.7,5.8,118.0,1007.0,1007.0,2.7,5.0
2024-07-25 08:45:00+02:00,18.3,18.3,18.5,13.6,74.0,20.7,82.0,111.1,1.0,0.0,0.0,0.0,0.0,4.1,48.2,294.1,4.4,7.6,135.0,1007.1,1007.1,2.7,5.0
2024-07-25 08:50:00+02:00,18.3,18.3,18.8,13.9,76.0,20.8,82.0,140.5,1.0,0.0,0.0,0.0,0.0,4.1,48.2,294.1,4.0,7.2,115.0,1007.1,1007.1,2.7,5.0
2024-07-25 08:55:00+02:00,18.4,18.4,19.3,14.1,76.0,20.9,82.0,158.8,1.0,0.0,0.0,0.0,0.0,4.1,48.2,294.1,2.0,4.7,134.0,1007.1,1007.1,2.7,5.0
2024-07-25 09:00:00+02:00,18.6,18.6,19.6,14.2,75.0,20.9,83.0,162.3,1.0,0.0,0.0,0.0,0.0,4.1,48.2,294.1,1.5,3.6,124.0,1007.2,1007.2,2.7,5.0
2024-07-25 09:05:00+02:00,18.9,18.9,20.1,14.4,75.0,21.0,83.0,208.9,1.0,0.0,0.0,0.0,0.0,4.1,48.2,294.1,1.2,3.6,108.0,1007.1,1007.1,2.7,5.1
2024-07-25 09:10:00+02:00,19.2,19.2,19.6,13.8,71.0,21.1,83.0,229.0,2.0,0.0,0.0,0.0,0.0,4.1,48.2,294.1,3.7,6.5,134.0,1007.0,1007.0,2.7,5.1
2024-07-25 09:15:00+02:00,19.0,19.0,19.2,13.7,71.0,21.2,83.0,171.7,1.0,0.0,0.0,0.0,0.0,4.1,48.2,294.1,5.1,12.2,139.0,1006.9,1006.9,2.7,5.2
2024-07-25 09:20:00+02:00,19.2,19.2,19.6,14.0,72.0,21.3,83.0,160.2,1.0,0.0,0.0,0.0,0.0,4.1,48.2,294.1,4.5,6.8,135.0,1006.8,1006.8,2.7,5.2
2024-07-25 09:25:00+02:00,19.2,19.2,19.5,13.7,71.0,21.5,83.0,163.8,1.0,0.0,0.0,0.0,0.0,4.1,48.2,294.1,4.7,7.6,128.0,1006.7,1006.7,2.7,5.2
2024-07-25 09:30:00+02:00,19.3,19.3,19.3,13.7,70.0,21.6,83.0,210.5,1.0,0.0,0.0,0.0,0.0,4.1,48.2,294.1,5.7,9.4,132.0,1006.7,1006.7,2.7,5.2
2024-07-25 09:35:00+02:00,19.4,19.4,19.3,13.6,69.0,21.7,83.0,257.1,2.0,0.0,0.0,0.0,0.0,4.1,48.2,294.1,6.5,11.9,122.0,1006.6,1006.6,2.7,5.2
2024-07-25 09:40:00+02:00,19.7,19.7,20.0,13.8,69.0,21.8,83.0,222.3,2.0,0.0,0.0,0.0,0.0,4.1,48.2,294.1,4.8,8.3,133.0,1006.6,1006.6,2.7,5.2
2024-07-25 09:45:00+02:00,19.8,19.8,19.6,13.7,68.0,21.9,84.0,201.8,1.0,0.0,0.0,0.0,0.0,4.1,48.2,294.1,6.9,12.6,133.0,1006.6,1006.6,2.7,5.2
2024-07-25 09:50:00+02:00,19.9,19.9,20.0,13.7,68.0,22.0,84.0,196.8,1.0,0.0,0.0,0.0,0.0,4.1,48.2,294.1,5.6,11.5,139.0,1006.6,1006.6,2.7,5.2
2024-07-25 09:55:00+02:00,19.9,19.9,19.8,13.6,67.0,22.1,84.0,168.3,1.0,0.0,0.0,0.0,0.0,4.1,48.2,294.1,6.3,12.2,128.0,1006.6,1006.6,2.7,5.2
2024-07-25 10:00:00+02:00,19.8,19.8,19.3,13.5,67.0,22.2,84.0,177.2,1.0,0.0,0.0,0.0,0.0,4.1,48.2,294.1,8.4,15.1,128.0,1006.5,1006.5,2.7,5.2
2024-07-25 10:05:00+02:00,19.8,19.8,19.6,13.6,67.0,22.3,84.0,253.8,2.0,0.0,0.0,0.0,0.0,4.1,48.2,294.1,6.8,14.8,135.0,1006.6,1006.6,2.7,5.2
2024-07-25 10:10:00+02:00,20.0,20.0,20.0,13.9,68.0,22.3,84.0,303.6,2.0,0.0,0.0,0.0,0.0,4.1,48.2,294.1,6.2,13.3,125.0,1006.6,1006.6,2.7,5.2
2024-07-25 10:15:00+02:00,20.3,20.3,19.9,13.8,66.0,22.5,84.0,295.7,2.0,0.0,0.0,0.0,0.0,4.1,48.2,294.1,8.5,15.5,133.0,1006.6,1006.6,2.7,5.2
2024-07-25 10:20:00+02:00,20.3,20.3,20.3,13.5,65.0,22.7,84.0,383.7,3.0,0.0,0.0,0.0,0.0,4.1,48.2,294.1,5.9,15.5,134.0,1006.4,1006.4,2.7,5.2
2024-07-25 10:25:00+02:00,21.0,21.0,21.4,14.0,64.0,22.8,84.0,447.4,4.0,0.0,0.0,0.0,0.0,4.1,48.2,294.1,4.5,9.4,130.0,1006.3,1006.3,2.7,5.3
2024-07-25 10:30:00+02:00,21.2,21.2,21.2,13.8,63.0,23.0,83.0,401.1,3.0,0.0,0.0,0.0,0.0,4.1,48.2,294.1,5.9,10.8,147.0,1006.2,1006.2,2.7,5.3
2024-07-25 10:35:00+02:00,21.1,21.1,20.7,13.9,63.0,23.2,84.0,431.5,4.0,0.0,0.0,0.0,0.0,4.1,48.2,294.1,8.2,16.6,126.0,1006.2,1006.2,2.7,5.3
2024-07-25 10:40:00+02:00,21.1,21.1,20.7,13.6,62.0,23.4,83.0,434.7,4.0,0.0,0.0,0.0,0.0,4.1,48.2,294.1,7.4,15.5,127.0,1006.2,1006.2,2.7,5.3
2024-07-25 10:45:00+02:00,21.4,21.4,21.6,13.7,62.0,23.6,83.0,427.1,3.0,0.0,0.0,0.0,0.0,4.1,48.2,294.1,4.6,10.4,146.0,1006.1,1006.1,2.7,5.3
2024-07-25 10:50:00+02:00,22.3,22.3,22.7,13.9,59.0,23.8,83.0,350.4,3.0,0.0,0.0,0.0,0.0,4.1,48.2,294.1,4.6,10.4,143.0,1006.0,1006.0,2.7,5.3
2024-07-25 10:55:00+02:00,22.0,22.0,22.5,13.7,59.0,24.0,83.0,404.7,3.0,0.0,0.0,0.0,0.0,4.1,48.2,294.1,3.3,12.6,192.0,1006.0,1006.0,2.7,5.3
2024-07-25 11:00:00+02:00,23.2,23.2,24.1,13.7,55.0,24.3,83.0,389.2,3.0,0.0,0.0,0.0,0.0,4.1,48.2,294.1,1.5,5.8,243.0,1006.0,1006.0,2.7,5.3
2024-07-25 11:05:00+02:00,23.7,23.7,24.5,14.0,55.0,24.5,83.0,405.3,3.0,0.0,0.0,0.0,0.0,4.1,48.2,294.1,2.3,7.9,100.0,1006.0,1006.0,2.7,5.3
2024-07-25 11:10:00+02:00,23.7,23.7,24.4,13.8,54.0,24.7,82.0,415.7,3.0,0.0,0.0,0.0,0.0,4.1,48.2,294.1,2.5,6.1,82.0,1005.9,1005.9,2.7,5.3
2024-07-25 11:15:00+02:00,23.2,23.2,23.1,13.8,55.0,25.0,82.0,494.4,4.0,0.0,0.0,0.0,0.0,4.1,48.2,294.1,6.8,15.5,127.0,1005.8,1005.8,2.7,5.3
2024-07-25 11:20:00+02:00,22.1,22.1,22.0,13.2,57.0,25.2,82.0,454.3,4.0,0.0,0.0,0.0,0.0,4.1,48.2,294.1,5.3,14.8,136.0,1005.8,1005.8,2.7,5.3
2024-07-25 11:25:00+02:00,22.0,22.0,22.0,13.1,57.0,25.4,81.0,536.5,4.0,0.0,0.0,0.0,0.0,4.1,48.2,294.1,5.2,11.5,128.0,1005.7,1005.7,2.7,5.3
2024-07-25 11:30:00+02:00,22.7,22.7,22.4,13.4,56.0,25.7,81.0,532.0,4.0,0.0,0.0,0.0,0.0,4.1,48.2,294.1,6.9,16.6,129.0,1005.7,1005.7,2.7,5.3
2024-07-25 11:35:00+02:00,22.2,22.2,21.8,13.0,56.0,25.9,80.0,694.2,6.0,0.0,0.0,0.0,0.0,4.1,48.2,294.1,6.6,15.1,132.0,1005.6,1005.6,2.7,5.3
2024-07-25 11:40:00+02:00,22.7,22.7,22.7,13.2,55.0,26.1,79.0,610.7,5.0,0.0,0.0,0.0,0.0,4.1,48.2,294.1,5.4,14.8,139.0,1005.5,1005.5,2.7,5.3
2024-07-25 11:45:00+02:00,24.2,24.2,24.5,13.5,51.0,26.3,79.0,514.5,4.0,0.0,0.0,0.0,0.0,4.1,48.2,294.1,3.9,10.1,160.0,1005.4,1005.4,2.7,5.3
2024-07-25 11:50:00+02:00,23.6,23.6,23.4,12.8,51.0,26.6,79.0,415.6,3.0,0.0,0.0,0.0,0.0,4.1,48.2,294.1,5.5,13.7,109.0,1005.3,1005.3,2.7,5.3
2024-07-25 11:55:00+02:00,22.9,22.9,23.0,12.6,52.0,26.8,79.0,344.0,3.0,0.0,0.0,0.0,0.0,4.1,48.2,294.1,3.4,7.9,142.0,1005.4,1005.4,2.7,5.3
2024-07-25 12:00:00+02:00,22.7,22.7,22.8,12.7,53.0,27.0,78.0,273.2,2.0,0.0,0.0,0.0,0.0,4.1,48.2,294.1,4.0,14.4,132.0,1005.3,1005.3,2.7,5.3
2024-07-25 12:05:00+02:00,22.3,22.3,22.4,13.1,56.0,27.2,78.0,220.5,2.0,0.0,0.0,0.0,0.0,4.1,48.2,294.1,4.0,12.2,112.0,1005.2,1005.2,2.7,5.3
2024-07-25 12:10:00+02:00,22.9,22.9,23.7,13.5,55.0,27.3,78.0,233.4,2.0,0.0,0.0,0.0,0.0,4.1,48.2,294.1,1.6,5.4,124.0,1005.2,1005.2,2.7,5.3
2024-07-25 12:15:00+02:00,23.4,23.4,24.1,13.6,54.0,27.4,78.0,270.2,2.0,0.0,0.0,0.0,0.0,4.1,48.2,294.1,2.2,6.8,229.0,1005.0,1005.0,2.7,5.3
2024-07-25 12:20:00+02:00,23.6,23.6,24.2,13.5,53.0,27.6,78.0,359.5,3.0,0.0,0.0,0.0,0.0,4.1,48.2,294.1,2.2,5.0,237.0,1005.0,1005.0,2.7,5.3
2024-07-25 12:25:00+02:00,24.0,24.0,24.5,13.8,53.0,27.7,77.0,394.9,3.0,0.0,0.0,0.0,0.0,4.1,48.2,294.1,3.5,6.8,144.0,1005.0,1005.0,2.7,5.3
2024-07-25 12:30:00+02:00,23.8,23.8,24.4,13.7,53.0,27.8,77.0,425.7,3.0,0.0,0.0,0.0,0.0,4.1,48.2,294.1,3.0,9.7,157.0,1004.9,1004.9,2.7,5.3
2024-07-25 12:35:00+02:00,23.8,23.8,24.3,13.3,52.0,27.9,77.0,287.8,2.0,0.0,0.0,0.0,0.0,4.1,48.2,294.1,2.8,9.7,333.0,1005.0,1005.0,2.7,5.3
2024-07-25 12:40:00+02:00,23.7,23.7,24.2,13.1,51.0,28.0,77.0,472.1,4.0,0.0,0.0,0.0,0.0,4.1,48.2,294.1,2.2,5.4,171.0,1004.9,1004.9,2.7,5.3
2024-07-25 12:45:00+02:00,23.7,23.7,23.1,12.6,50.0,28.1,77.0,444.2,4.0,0.0,0.0,0.0,0.0,4.1,48.2,294.1,7.3,16.9,138.0,1004.9,1004.9,2.7,5.3
2024-07-25 12:50:00+02:00,23.1,23.1,23.1,12.5,51.0,28.2,76.0,461.2,4.0,0.0,0.0,0.0,0.0,4.1,48.2,294.1,4.2,14.4,150.0,1004.9,1004.9,2.7,5.3
2024-07-25 12:55:00+02:00,23.3,23.3,22.7,12.7,51.0,28.3,76.0,557.3,5.0,0.0,0.0,0.0,0.0,4.1,48.2,294.1,7.7,16.6,136.0,1004.8,1004.8,2.7,5.3
2024-07-25 13:00:00+02:00,23.2,23.2,22.9,13.4,54.0,28.3,76.0,587.1,5.0,0.0,0.0,0.0,0.0,4.1,48.2,294.1,6.9,17.3,134.0,1004.7,1004.7,2.7,5.3
2024-07-25 13:05:00+02:00,23.9,23.9,23.1,12.4,48.0,28.5,76.0,550.3,5.0,0.0,0.0,0.0,0.0,4.1,48.2,294.1,7.7,14.4,121.0,1004.7,1004.7,2.7,5.3
2024-07-25 13:10:00+02:00,23.5,23.5,23.2,11.9,48.0,28.7,76.0,569.1,5.0,0.0,0.0,0.0,0.0,4.1,48.2,294.1,4.2,14.4,125.0,1004.7,1004.7,2.7,5.3
2024-07-25 13:15:00+02:00,23.4,23.4,22.3,11.5,47.0,28.8,76.0,567.5,5.0,0.0,0.0,0.0,0.0,4.1,48.2,294.1,8.3,15.1,130.0,1004.6,1004.6,2.7,5.3
2024-07-25 13:20:00+02:00,23.2,23.2,22.1,12.0,49.0,28.8,76.0,577.9,5.0,0.0,0.0,0.0,0.0,4.1,48.2,294.1,8.6,17.6,132.0,1004.6,1004.6,2.7,5.3
2024-07-25 13:25:00+02:00,23.3,23.3,22.3,12.2,49.0,29.0,76.0,577.3,5.0,0.0,0.0,0.0,0.0,4.1,48.2,294.1,8.6,14.8,125.0,1004.5,1004.5,2.7,5.3
2024-07-25 13:30:00+02:00,23.3,23.3,22.1,11.8,48.0,29.2,76.0,577.1,5.0,0.0,0.0,0.0,0.0,4.1,48.2,294.1,9.2,18.0,123.0,1004.6,1004.6,2.7,5.3
2024-07-25 13:35:00+02:00,23.2,23.2,21.5,11.5,48.0,29.3,76.0,535.3,4.0,0.0,0.0,0.0,0.0,4.1,48.2,294.1,11.2,19.4,124.0,1004.5,1004.5,2.7,5.3
2024-07-25 13:40:00+02:00,22.9,22.9,22.4,11.6,49.0,29.5,76.0,454.7,4.0,0.0,0.0,0.0,0.0,4.1,48.2,294.1,5.3,19.4,116.0,1004.4,1004.4,2.7,5.3
2024-07-25 13:45:00+02:00,23.4,23.4,22.9,12.0,49.0,29.6,77.0,420.1,3.0,0.0,0.0,0.0,0.0,4.1,48.2,294.1,5.5,10.4,150.0,1004.3,1004.3,2.7,5.3
2024-07-25 13:50:00+02:00,23.5,23.5,23.7,12.7,51.0,29.6,78.0,370.2,3.0,0.0,0.0,0.0,0.0,4.1,48.2,294.1,3.2,10.4,136.0,1004.3,1004.3,2.7,5.3
2024-07-25 13:55:00+02:00,23.9,23.9,23.5,11.2,45.0,29.7,78.0,334.7,3.0,0.0,0.0,0.0,0.0,4.1,48.2,294.1,4.1,7.6,185.0,1004.3,1004.3,2.7,5.3
2024-07-25 14:00:00+02:00,23.6,23.6,22.7,11.6,47.0,29.7,79.0,372.4,3.0,0.0,0.0,0.0,0.0,4.1,48.2,294.1,7.1,14.0,133.0,1004.4,1004.4,2.7,5.3
2024-07-25 14:05:00+02:00,23.2,23.2,22.9,11.8,49.0,29.8,79.0,328.6,3.0,0.0,0.0,0.0,0.0,4.1,48.2,294.1,4.2,9.7,120.0,1004.3,1004.3,2.7,5.3
2024-07-25 14:10:00+02:00,24.3,24.3,24.5,12.3,47.0,29.8,79.0,312.7,2.0,0.0,0.0,0.0,0.0,4.1,48.2,294.1,2.2,5.8,273.0,1004.3,1004.3,2.7,5.3
2024-07-25 14:15:00+02:00,24.0,24.0,23.3,12.1,48.0,29.9,80.0,321.6,2.0,0.0,0.0,0.0,0.0,4.1,48.2,294.1,6.6,14.0,137.0,1004.2,1004.2,2.7,5.3
2024-07-25 14:20:00+02:00,23.0,23.0,22.5,12.1,50.0,29.9,80.0,326.8,3.0,0.0,0.0,0.0,0.0,4.1,48.2,294.1,6.1,14.0,131.0,1004.1,1004.1,2.7,5.3
2024-07-25 14:25:00+02:00,23.3,23.3,22.8,12.3,50.0,29.9,80.0,357.5,3.0,0.0,0.0,0.0,0.0,4.1,48.2,294.1,6.2,17.6,141.0,1004.1,1004.1,2.7,5.3
2024-07-25 14:30:00+02:00,23.9,23.9,24.4,12.7,49.0,29.9,80.0,326.4,3.0,0.0,0.0,0.0,0.0,4.1,48.2,294.1,1.5,6.8,160.0,1004.1,1004.1,2.7,5.3
2024-07-25 14:35:00+02:00,23.8,23.8,23.3,12.0,48.0,29.9,80.0,394.3,3.0,0.0,0.0,0.0,0.0,4.1,48.2,294.1,6.1,10.8,130.0,1004.2,1004.2,2.7,5.3
2024-07-25 14:40:00+02:00,23.6,23.6,23.2,11.6,47.0,30.0,80.0,432.0,4.0,0.0,0.0,0.0,0.0,4.1,48.2,294.1,4.5,10.8,132.0,1004.1,1004.1,2.7,5.3
2024-07-25 14:45:00+02:00,23.6,23.6,22.9,11.5,46.0,30.0,80.0,432.4,4.0,0.0,0.0,0.0,0.0,4.1,48.2,294.1,6.1,16.2,121.0,1004.3,1004.3,2.7,5.3
2024-07-25 14:50:00+02:00,24.4,24.4,24.5,11.3,44.0,30.0,80.0,357.6,3.0,0.0,0.0,0.0,0.0,4.1,48.2,294.1,1.6,5.4,186.0,1004.1,1004.1,2.7,5.3
2024-07-25 14:55:00+02:00,24.8,24.8,24.1,9.4,38.0,30.0,80.0,338.8,3.0,0.0,0.0,0.0,0.0,4.1,48.2,294.1,3.4,7.6,96.0,1004.1,1004.1,2.7,5.3
2024-07-25 15:00:00+02:00,24.1,24.1,23.0,8.9,38.0,30.0,80.0,349.2,3.0,0.0,0.0,0.0,0.0,4.1,48.2,294.1,4.0,11.5,123.0,1004.1,1004.1,2.7,5.3
2024-07-25 15:05:00+02:00,24.1,24.1,23.6,9.2,39.0,30.1,80.0,345.1,3.0,0.0,0.0,0.0,0.0,4.1,48.2,294.1,1.7,7.9,138.0,1004.1,1004.1,2.7,5.3
2024-07-25 15:10:00+02:00,23.9,23.9,23.0,10.7,43.0,30.1,80.0,317.9,2.0,0.0,0.0,0.0,0.0,4.1,48.2,294.1,5.6,8.3,127.0,1004.1,1004.1,2.7,5.3
2024-07-25 15:15:00+02:00,23.7,23.7,23.6,10.7,44.0,30.1,80.0,332.1,3.0,0.0,0.0,0.0,0.0,4.1,48.2,294.1,1.9,7.9,159.0,1004.0,1004.0,2.7,5.3
2024-07-25 15:20:00+02:00,24.3,24.3,23.5,9.8,40.0,30.1,81.0,375.4,3.0,0.0,0.0,0.0,0.0,4.1,48.2,294.1,4.0,6.1,166.0,1004.0,1004.0,2.7,5.3
2024-07-25 15:25:00+02:00,24.4,24.4,23.9,9.9,40.0,30.2,81.0,407.3,3.0,0.0,0.0,0.0,0.0,4.1,48.2,294.1,2.5,7.2,142.0,1003.9,1003.9,2.7,5.3
2024-07-25 15:30:00+02:00,25.1,25.1,24.4,10.2,39.0,30.2,81.0,499.5,4.0,0.0,0.0,0.0,0.0,4.1,48.2,294.1,3.9,10.1,146.0,1003.9,1003.9,2.7,5.3
2024-07-25 15:35:00+02:00,24.8,24.8,24.2,10.5,41.0,30.2,81.0,610.7,5.0,0.0,0.0,0.0,0.0,4.1,48.2,294.1,3.7,7.9,133.0,1003.8,1003.8,2.7,5.3
2024-07-25 15:40:00+02:00,25.6,25.6,25.4,10.5,39.0,30.3,81.0,460.9,4.0,0.0,0.0,0.0,0.0,4.1,48.2,294.1,1.8,6.5,175.0,1003.7,1003.7,2.7,5.3
2024-07-25 15:45:00+02:00,25.3,25.3,25.2,10.9,40.0,30.4,81.0,404.8,3.0,0.0,0.0,0.0,0.0,4.1,48.2,294.1,1.9,6.5,76.0,1003.7,1003.7,2.7,5.3
2024-07-25 15:50:00+02:00,25.6,25.6,25.7,11.9,42.0,30.4,81.0,377.8,3.0,0.0,0.0,0.0,0.0,4.1,48.2,294.1,2.6,4.3,209.0,1003.7,1003.7,2.7,5.3
2024-07-25 15:55:00+02:00,25.3,25.3,24.9,11.5,42.0,30.5,81.0,517.6,4.0,0.0,0.0,0.0,0.0,4.1,48.2,294.1,4.3,7.2,120.0,1003.6,1003.6,2.7,5.3
2024-07-25 16:00:00+02:00,25.8,25.8,25.8,12.3,43.0,30.5,81.0,441.4,4.0,0.0,0.0,0.0,0.0,4.1,48.2,294.1,3.7,9.4,264.0,1003.6,1003.6,2.7,5.3
2024-07-25 16:05:00+02:00,26.2,26.2,26.6,13.3,45.0,30.6,81.0,595.0,5.0,0.0,0.0,0.0,0.0,4.1,48.2,294.1,2.8,6.8,159.0,1003.4,1003.4,2.7,5.3
2024-07-25 16:10:00+02:00,25.8,25.8,25.9,11.9,42.0,30.7,81.0,491.1,4.0,0.0,0.0,0.0,0.0,4.1,48.2,294.1,2.4,7.9,163.0,1003.6,1003.6,2.7,5.3
2024-07-25 16:15:00+02:00,26.7,26.7,27.1,13.0,43.0,30.8,81.0,455.6,4.0,0.0,0.0,0.0,0.0,4.1,48.2,294.1,2.7,9.0,312.0,1003.5,1003.5,2.7,5.3
2024-07-25 16:20:00+02:00,26.9,26.8,27.5,13.2,43.0,30.8,81.0,547.8,5.0,0.0,0.0,0.0,0.0,4.1,48.2,294.1,2.0,7.9,150.0,1003.3,1003.3,2.7,5.3
2024-07-25 16:25:00+02:00,26.0,26.0,25.7,12.8,44.0,30.9,81.0,521.6,4.0,0.0,0.0,0.0,0.0,4.1,48.2,294.1,6.0,12.2,144.0,1003.4,1003.4,2.7,5.3
2024-07-25 16:30:00+02:00,25.1,25.1,25.2,12.7,46.0,31.0,81.0,315.2,2.0,0.0,0.0,0.0,0.0,4.1,48.2,294.1,3.7,14.4,120.0,1003.3,1003.3,2.7,5.3
2024-07-25 16:35:00+02:00,24.9,24.9,25.3,12.7,47.0,31.1,81.0,242.9,2.0,0.0,0.0,0.0,0.0,4.1,48.2,294.1,2.2,10.8,158.0,1003.3,1003.3,2.7,5.3
2024-07-25 16:40:00+02:00,24.5,24.5,24.6,12.7,48.0,31.1,81.0,244.9,2.0,0.0,0.0,0.0,0.0,4.1,48.2,294.1,3.8,9.4,147.0,1003.3,1003.3,2.7,5.3
2024-07-25 16:45:00+02:00,24.4,24.4,24.0,12.0,46.0,31.1,81.0,251.3,2.0,0.0,0.0,0.0,0.0,4.1,48.2,294.1,4.9,9.7,125.0,1003.4,1003.4,2.7,5.3
2024-07-25 16:50:00+02:00,24.6,24.6,24.7,12.8,48.0,31.1,81.0,392.1,3.0,0.0,0.0,0.0,0.0,4.1,48.2,294.1,4.0,8.3,119.0,1003.3,1003.3,2.7,5.3
2024-07-25 16:55:00+02:00,25.5,25.5,26.2,13.1,46.0,31.1,81.0,318.6,2.0,0.0,0.0,0.0,0.0,4.1,48.2,294.1,1.4,5.4,282.0,1003.4,1003.4,2.7,5.3
2024-07-25 17:00:00+02:00,26.4,26.4,27.1,13.5,45.0,31.2,81.0,266.3,2.0,0.0,0.0,0.0,0.0,4.1,48.2,294.1,1.9,3.6,215.0,1003.4,1003.4,2.7,5.3
2024-07-25 17:05:00+02:00,26.2,26.2,26.6,13.3,45.0,31.2,81.0,259.2,2.0,0.0,0.0,0.0,0.0,4.1,48.2,294.1,3.1,6.5,126.0,1003.2,1003.2,2.7,5.3
2024-07-25 17:10:00+02:00,25.2,25.2,25.6,12.5,45.0,31.2,81.0,224.0,2.0,0.0,0.0,0.0,0.0,4.1,48.2,294.1,1.7,6.1,97.0,1003.2,1003.2,2.7,5.3
2024-07-25 17:15:00+02:00,24.7,24.7,24.9,12.4,46.0,31.2,81.0,211.7,1.0,0.0,0.0,0.0,0.0,4.1,48.2,294.1,2.7,6.5,136.0,1003.2,1003.2,2.7,5.3
2024-07-25 17:20:00+02:00,24.7,24.7,24.6,12.6,47.0,31.2,81.0,259.4,2.0,0.0,0.0,0.0,0.0,4.1,48.2,294.1,4.7,7.9,135.0,1003.1,1003.1,2.7,5.3
2024-07-25 17:25:00+02:00,24.5,24.5,24.0,12.9,48.0,31.2,81.0,281.4,2.0,0.0,0.0,0.0,0.0,4.1,48.2,294.1,7.1,13.0,116.0,1003.0,1003.0,2.7,5.3
2024-07-25 17:30:00+02:00,24.8,24.8,24.7,12.4,46.0,31.2,81.0,234.4,2.0,0.0,0.0,0.0,0.0,4.1,48.2,294.1,4.4,9.4,141.0,1003.1,1003.1,2.7,5.3
2024-07-25 17:35:00+02:00,24.4,24.4,23.7,12.1,46.0,31.2,81.0,174.3,1.0,0.0,0.0,0.0,0.0,4.1,48.2,294.1,6.7,10.8,132.0,1003.0,1003.0,2.7,5.3
2024-07-25 17:40:00+02:00,24.0,24.0,23.6,12.2,48.0,31.1,81.0,117.4,1.0,0.0,0.0,0.0,0.0,4.1,48.2,294.1,5.5,12.2,144.0,1003.0,1003.0,2.7,5.3
2024-07-25 17:45:00+02:00,24.0,24.0,23.8,11.8,46.0,31.1,81.0,111.0,1.0,0.0,0.0,0.0,0.0,4.1,48.2,294.1,3.6,10.4,131.0,1002.8,1002.8,2.7,5.3
2024-07-25 17:50:00+02:00,24.1,24.1,24.0,11.9,46.0,31.0,81.0,113.7,1.0,0.0,0.0,0.0,0.0,4.1,48.2,294.1,3.4,9.4,130.0,1002.8,1002.8,2.7,5.3
2024-07-25 17:55:00+02:00,23.9,23.9,23.1,12.0,47.0,31.0,81.0,109.9,1.0,0.0,0.0,0.0,0.0,4.1,48.2,294.1,7.3,14.0,126.0,1002.8,1002.8,2.7,5.3
2024-07-25 18:00:00+02:00,23.9,23.9,23.7,11.6,46.0,31.0,81.0,91.2,0.0,0.0,0.0,0.0,0.0,4.1,48.2,294.1,3.5,9.0,140.0,1002.5,1002.5,2.7,5.3
2024-07-25 18:05:00+02:00,24.0,24.0,24.5,12.4,48.0,30.9,81.0,88.2,0.0,0.0,0.0,0.0,0.0,4.1,48.2,294.1,1.1,5.4,121.0,1002.4,1002.4,2.7,5.3
2024-07-25 18:10:00+02:00,24.0,24.0,24.6,12.4,48.0,30.9,81.0,91.5,0.0,0.0,0.0,0.0,0.0,4.1,48.2,294.1,1.1,6.5,108.0,1002.3,1002.3,2.7,5.3
2024-07-25 18:15:00+02:00,24.0,24.0,23.9,12.0,47.0,30.9,81.0,88.9,0.0,0.0,0.0,0.0,0.0,4.1,48.2,294.1,3.7,7.6,141.0,1002.4,1002.4,2.7,5.3
2024-07-25 18:20:00+02:00,24.0,24.0,23.9,12.1,47.0,30.8,81.0,82.4,0.0,0.0,0.0,0.0,0.0,4.1,48.2,294.1,3.5,7.2,113.0,1002.4,1002.4,2.7,5.3
2024-07-25 18:25:00+02:00,24.0,24.0,24.1,11.8,46.0,30.8,81.0,78.1,0.0,0.0,0.0,0.0,0.0,4.1,48.2,294.1,2.4,9.0,117.0,1002.4,1002.4,2.7,5.3
2024-07-25 18:30:00+02:00,24.0,24.0,23.7,11.7,46.0,30.8,81.0,79.5,0.0,0.0,0.0,0.0,0.0,4.1,48.2,294.1,4.2,9.4,141.0,1002.4,1002.4,2.7,5.3
2024-07-25 18:35:00+02:00,24.0,24.0,23.9,12.1,47.0,30.7,81.0,80.7,0.0,0.0,0.0,0.0,0.0,4.1,48.2,294.1,3.8,6.1,143.0,1002.3,1002.3,2.7,5.3
2024-07-25 18:40:00+02:00,23.9,23.9,24.0,12.2,48.0,30.7,81.0,85.6,0.0,0.0,0.0,0.0,0.0,4.1,48.2,294.1,3.5,8.6,130.0,1002.1,1002.1,2.7,5.3
2024-07-25 18:45:00+02:00,23.9,23.9,23.8,11.7,47.0,30.6,81.0,81.4,0.0,0.0,0.0,0.0,0.0,4.1,48.2,294.1,3.2,9.4,153.0,1002.1,1002.1,2.7,5.3
2024-07-25 18:50:00+02:00,23.9,23.9,23.5,11.4,46.0,30.6,80.0,74.6,0.0,0.0,0.0,0.0,0.0,4.1,48.2,294.1,4.2,7.9,132.0,1002.1,1002.1,2.7,5.3
2024-07-25 18:55:00+02:00,23.8,23.8,24.2,12.2,48.0,30.5,81.0,72.1,0.0,0.0,0.0,0.0,0.0,4.1,48.2,294.1,1.9,5.4,128.0,1002.2,1002.2,2.7,5.3
2024-07-25 19:00:00+02:00,23.8,23.8,24.4,12.6,50.0,30.5,81.0,72.0,0.0,0.0,0.0,0.0,0.0,4.1,48.2,294.1,0.9,5.0,103.0,1002.1,1002.1,2.7,5.3
2024-07-25 19:05:00+02:00,23.8,23.8,24.2,12.2,48.0,30.4,81.0,67.4,0.0,0.0,0.0,0.0,0.0,4.1,48.2,294.1,1.5,7.2,124.0,1002.1,1002.1,2.7,5.3
2024-07-25 19:10:00+02:00,23.8,23.8,24.0,12.5,49.0,30.4,81.0,70.2,0.0,0.0,0.0,0.0,0.0,4.1,48.2,294.1,2.8,4.7,137.0,1002.0,1002.0,2.7,5.3
2024-07-25 19:15:00+02:00,23.7,23.7,24.4,12.9,51.0,30.3,81.0,74.9,0.0,0.0,0.0,0.0,0.0,4.1,48.2,294.1,0.6,7.9,143.0,1002.0,1002.0,2.7,5.3
2024-07-25 19:20:00+02:00,23.7,23.7,24.2,12.8,50.0,30.3,81.0,90.7,0.0,0.0,0.0,0.0,0.0,4.1,48.2,294.1,1.8,5.0,121.0,1002.0,1002.0,2.7,5.3
2024-07-25 19:25:00+02:00,23.8,23.8,24.4,12.8,50.0,30.2,81.0,112.2,1.0,0.0,0.0,0.0,0.0,4.1,48.2,294.1,1.7,4.3,142.0,1002.0,1002.0,2.7,5.3
2024-07-25 19:30:00+02:00,24.0,24.0,23.8,12.4,48.0,30.2,81.0,111.8,1.0,0.0,0.0,0.0,0.0,4.1,48.2,294.1,4.5,8.6,142.0,1002.1,1002.1,2.7,5.3
2024-07-25 19:35:00+02:00,23.9,23.9,24.2,12.8,50.0,30.2,81.0,81.1,0.0,0.0,0.0,0.0,0.0,4.1,48.2,294.1,3.0,7.9,122.0,1001.9,1001.9,2.7,5.3
2024-07-25 19:40:00+02:00,23.7,23.7,24.3,13.2,52.0,30.1,81.0,50.1,0.0,0.0,0.0,0.0,0.0,4.1,48.2,294.1,2.2,6.8,65.0,1001.9,1001.9,2.7,5.3
2024-07-25 19:45:00+02:00,23.7,23.7,24.5,13.1,52.0,30.1,81.0,36.9,0.0,0.0,0.0,0.0,0.0,4.1,48.2,294.1,0.4,2.5,109.0,1001.8,1001.8,2.7,5.3
2024-07-25 19:50:00+02:00,23.5,23.5,24.4,13.1,52.0,30.1,81.0,28.9,0.0,0.0,0.0,0.0,0.0,4.1,48.2,294.1,0.0,2.2,149.0,1001.8,1001.8,2.7,5.3
2024-07-25 19:55:00+02:00,23.4,23.4,24.2,13.0,52.0,30.0,81.0,35.4,0.0,0.0,0.0,0.0,0.0,4.1,48.2,294.1,0.4,2.2,72.0,1001.7,1001.7,2.7,5.2
2024-07-25 20:00:00+02:00,23.3,23.3,24.1,13.3,53.0,30.0,81.0,36.2,0.0,0.0,0.0,0.0,0.0,4.1,48.2,294.1,1.3,5.0,21.0,1001.8,1001.8,2.7,5.2
2024-07-25 20:05:00+02:00,23.2,23.2,24.3,13.4,54.0,29.9,81.0,34.1,0.0,0.0,0.0,0.0,0.0,4.1,48.2,294.1,0.0,5.0,105.0,1001.9,1001.9,2.7,5.2
2024-07-25 20:10:00+02:00,23.2,23.2,24.3,13.5,55.0,29.8,80.0,26.7,0.0,0.0,0.0,0.0,0.0,4.1,48.2,294.1,0.0,0.0,318.0,1001.7,1001.7,2.7,5.2
2024-07-25 20:15:00+02:00,23.1,23.1,24.3,13.8,56.0,29.8,80.0,22.8,0.0,0.0,0.0,0.0,0.0,4.1,48.2,294.1,0.0,0.0,48.0,1001.7,1001.7,2.7,5.2
2024-07-25 20:20:00+02:00,23.0,23.0,24.3,14.1,57.0,29.8,80.0,22.3,0.0,0.0,0.0,0.0,0.0,4.1,48.2,294.1,0.0,1.8,133.0,1001.6,1001.6,2.7,5.2
2024-07-25 20:25:00+02:00,22.9,22.9,24.1,13.8,56.0,29.7,80.0,17.7,0.0,0.0,0.0,0.0,0.0,4.1,48.2,294.1,0.0,0.0,179.0,1001.8,1001.8,2.7,5.2
2024-07-25 20:30:00+02:00,22.8,22.8,24.1,13.9,57.0,29.7,80.0,15.7,0.0,0.0,0.0,0.0,0.0,4.1,48.2,294.1,0.0,0.0,162.0,1001.8,1001.8,2.7,5.2
2024-07-25 20:35:00+02:00,22.8,22.8,24.0,13.9,57.0,29.6,80.0,14.4,0.0,0.0,0.0,0.0,0.0,4.1,48.2,294.1,0.0,0.0,180.0,1001.7,1001.7,2.7,5.2
2024-07-25 20:40:00+02:00,22.8,22.8,24.0,14.0,58.0,29.6,80.0,10.0,0.0,0.0,0.0,0.0,0.0,4.1,48.2,294.1,0.0,1.8,64.0,1001.7,1001.7,2.7,5.2
2024-07-25 20:45:00+02:00,22.7,22.7,24.1,14.3,59.0,29.5,80.0,9.1,0.0,0.0,0.0,0.0,0.0,4.1,48.2,294.1,0.0,1.8,111.0,1001.7,1001.7,2.7,5.2
2024-07-25 20:50:00+02:00,22.4,22.4,23.9,14.8,62.0,29.4,80.0,8.9,0.0,0.0,0.0,0.0,0.0,4.1,48.2,294.1,0.4,2.2,151.0,1001.8,1001.8,2.7,5.2
2024-07-25 20:55:00+02:00,22.3,22.3,23.9,14.8,62.0,29.4,80.0,10.7,0.0,0.0,0.0,0.0,0.0,4.1,48.2,294.1,0.0,1.8,202.0,1001.7,1001.7,2.7,5.2
2024-07-25 21:00:00+02:00,22.3,22.3,23.9,14.8,63.0,29.3,80.0,11.1,0.0,0.0,0.0,0.0,0.0,4.1,48.2,294.1,0.0,0.0,230.0,1001.9,1001.9,2.7,5.2
2024-07-25 21:05:00+02:00,22.2,22.2,23.6,14.3,61.0,29.3,80.0,8.8,0.0,0.0,0.0,0.0,0.0,4.1,48.2,294.1,0.0,2.2,162.0,1001.8,1001.8,2.7,5.2
2024-07-25 21:10:00+02:00,22.3,22.3,23.7,14.7,62.0,29.2,80.0,6.2,0.0,0.0,0.0,0.0,0.0,4.1,48.2,294.1,0.9,2.9,150.0,1001.7,1001.7,2.7,5.2
2024-07-25 21:15:00+02:00,21.9,21.9,23.5,15.2,66.0,29.2,80.0,3.5,0.0,0.0,0.0,0.0,0.0,4.1,48.2,294.1,0.4,2.9,125.0,1001.7,1001.7,2.7,5.2
2024-07-25 21:20:00+02:00,21.7,21.7,23.1,15.1,66.0,29.1,80.0,2.1,0.0,0.0,0.0,0.0,0.0,4.1,48.2,294.1,1.3,3.2,144.0,1001.6,1001.6,2.7,5.2
2024-07-25 21:25:00+02:00,21.6,21.6,23.2,15.1,67.0,29.0,80.0,1.3,0.0,0.0,0.0,0.0,0.0,4.1,48.2,294.1,0.4,2.2,134.0,1001.8,1001.8,2.7,5.2
2024-07-25 21:30:00+02:00,21.5,21.5,23.1,15.1,67.0,29.0,80.0,0.6,0.0,0.0,0.0,0.0,0.0,4.1,48.2,294.1,0.4,2.2,149.0,1001.8,1001.8,2.7,5.2
2024-07-25 21:35:00+02:00,21.4,21.4,23.1,15.1,67.0,28.9,80.0,0.3,0.0,0.0,0.0,0.0,0.0,4.1,48.2,294.1,0.0,1.8,175.0,1001.8,1001.8,2.7,5.2
2024-07-25 21:40:00+02:00,21.4,21.4,23.2,15.4,69.0,28.8,80.0,0.2,0.0,0.0,0.0,0.0,0.0,4.1,48.2,294.1,0.0,0.0,271.0,1002.0,1002.0,2.7,5.2
2024-07-25 21:45:00+02:00,21.2,21.2,22.9,15.3,69.0,28.8,80.0,0.1,0.0,0.0,0.0,0.0,0.0,4.1,48.2,294.1,0.4,2.2,126.0,1001.8,1001.8,2.7,5.2
2024-07-25 21:50:00+02:00,21.1,21.1,22.6,15.3,69.0,28.7,80.0,0.0,0.0,0.0,0.0,0.0,0.0,4.1,48.2,294.1,1.2,2.9,123.0,1001.8,1001.8,2.7,5.2
2024-07-25 21:55:00+02:00,21.0,21.0,22.7,15.3,70.0,28.7,80.0,0.0,0.0,0.0,0.0,0.0,0.0,4.1,48.2,294.1,0.0,2.5,141.0,1001.8,1001.8,2.7,5.2
2024-07-25 22:00:00+02:00,21.0,21.0,23.0,16.1,74.0,28.6,80.0,0.0,0.0,0.0,0.0,0.0,0.0,4.1,48.2,294.1,0.0,2.5,269.0,1001.9,1001.9,2.7,5.2
2024-07-25 22:05:00+02:00,20.9,20.9,22.7,15.8,73.0,28.5,80.0,0.0,0.0,0.0,0.0,0.0,0.0,4.1,48.2,294.1,0.5,1.8,301.0,1001.7,1001.7,2.7,5.1
2024-07-25 22:10:00+02:00,20.7,20.7,22.5,15.8,73.0,28.5,80.0,0.0,0.0,0.0,0.0,0.0,0.0,4.1,48.2,294.1,0.4,1.8,310.0,1001.7,1001.7,2.7,5.1
2024-07-25 22:15:00+02:00,20.5,20.5,22.4,15.8,74.0,28.4,80.0,0.0,0.0,0.0,0.0,0.0,0.0,4.1,48.2,294.1,0.0,0.0,173.0,1001.7,1001.7,2.7,5.1
2024-07-25 22:20:00+02:00,20.3,20.3,22.4,16.1,76.0,28.3,80.0,0.0,0.0,0.0,0.0,0.0,0.0,4.1,48.2,294.1,0.0,2.2,147.0,1001.6,1001.6,2.7,5.1
2024-07-25 22:25:00+02:00,20.2,20.2,22.2,16.1,77.0,28.3,80.0,0.0,0.0,0.0,0.0,0.0,0.0,4.1,48.2,294.1,0.0,0.0,161.0,1001.5,1001.5,2.7,5.1
2024-07-25 22:30:00+02:00,20.0,20.0,21.9,15.8,77.0,28.2,80.0,0.0,0.0,0.0,0.0,0.0,0.0,4.1,48.2,294.1,0.0,0.0,156.0,1001.5,1001.5,2.7,5.1
2024-07-25 22:35:00+02:00,19.9,19.9,21.9,16.0,78.0,28.2,80.0,0.0,0.0,0.0,0.0,0.0,0.0,4.1,48.2,294.1,0.4,2.2,145.0,1001.4,1001.4,2.7,5.1
2024-07-25 22:40:00+02:00,19.8,19.8,21.7,15.9,78.0,28.1,80.0,0.0,0.0,0.0,0.0,0.0,0.0,4.1,48.2,294.1,0.0,2.2,132.0,1001.4,1001.4,2.7,5.1
2024-07-25 22:45:00+02:00,19.8,19.8,21.6,16.1,79.0,28.0,80.0,0.0,0.0,0.0,0.0,0.0,0.0,4.1,48.2,294.1,1.3,3.2,139.0,1001.3,1001.3,2.7,5.1
2024-07-25 22:50:00+02:00,19.7,19.7,21.5,16.1,80.0,28.0,80.0,0.0,0.0,0.0,0.0,0.0,0.0,4.1,48.2,294.1,1.1,2.5,130.0,1001.4,1001.4,2.7,5.1
2024-07-25 22:55:00+02:00,19.7,19.7,21.4,16.3,81.0,27.9,80.0,0.0,0.0,0.0,0.0,0.0,0.0,4.1,48.2,294.1,2.0,2.5,135.0,1001.4,1001.4,2.7,5.1
2024-07-25 23:00:00+02:00,19.6,19.6,21.4,16.4,82.0,27.8,80.0,0.0,0.0,0.0,0.0,0.0,0.0,4.1,48.2,294.1,1.7,2.5,131.0,1001.3,1001.3,2.7,5.1
2024-07-25 23:05:00+02:00,19.5,19.5,21.4,16.2,81.0,27.8,80.0,0.0,0.0,0.0,0.0,0.0,0.0,4.1,48.2,294.1,1.0,2.5,133.0,1001.4,1001.4,2.7,5.1
2024-07-25 23:10:00+02:00,19.6,19.6,21.6,16.2,81.0,27.7,80.0,0.0,0.0,0.0,0.0,0.0,0.0,4.1,48.2,294.1,0.4,2.5,159.0,1001.3,1001.3,2.7,5.1
2024-07-25 23:15:00+02:00,19.6,19.6,21.5,16.0,80.0,27.6,80.0,0.0,0.0,0.0,0.0,0.0,0.0,4.1,48.2,294.1,0.8,2.2,136.0,1001.3,1001.3,2.7,5.1
2024-07-25 23:20:00+02:00,19.6,19.6,21.2,16.4,82.0,27.5,80.0,0.0,0.0,0.0,0.0,0.0,0.0,4.1,48.2,294.1,2.7,3.6,128.0,1001.2,1001.2,2.7,5.1
2024-07-25 23:25:00+02:00,19.4,19.4,21.4,16.1,81.0,27.5,80.0,0.0,0.0,0.0,0.0,0.0,0.0,4.1,48.2,294.1,0.0,3.2,137.0,1001.2,1001.2,2.7,5.1
2024-07-25 23:30:00+02:00,19.6,19.6,21.5,15.7,78.0,27.4,80.0,0.0,0.0,0.0,0.0,0.0,0.0,4.1,48.2,294.1,0.0,2.2,177.0,1001.3,1001.3,2.7,5.1
2024-07-25 23:35:00+02:00,19.7,19.7,21.3,15.4,76.0,27.4,80.0,0.0,0.0,0.0,0.0,0.0,0.0,4.1,48.2,294.1,0.6,3.2,102.0,1001.2,1001.2,2.7,5.1
2024-07-25 23:40:00+02:00,20.0,20.0,21.7,15.5,75.0,27.3,80.0,0.0,0.0,0.0,0.0,0.0,0.0,4.1,48.2,294.1,0.4,3.6,137.0,1001.0,1001.0,2.7,5.1
2024-07-25 23:45:00+02:00,20.0,20.0,21.7,15.9,78.0,27.2,80.0,0.0,0.0,0.0,0.0,0.0,0.0,4.1,48.2,294.1,1.2,5.0,142.0,1001.1,1001.1,2.7,5.0
2024-07-25 23:50:00+02:00,20.1,20.1,22.0,15.8,77.0,27.2,80.0,0.0,0.0,0.0,0.0,0.0,0.0,4.1,48.2,294.1,0.0,2.9,115.0,1001.0,1001.0,2.7,5.0
2024-07-25 23:55:00+02:00,20.1,20.1,22.0,15.7,76.0,27.1,80.0,0.0,0.0,0.0,0.0,0.0,0.0,4.1,48.2,294.1,0.0,2.2,148.0,1001.1,1001.1,2.7,5.0
